channel_identifier,genre,subscriber_count,total_views,video_count,channel_age_days,collected_video_count,avg_upload_interval_days,std_upload_interval_days,max_gap_days,hiatus_count_30d,avg_view_count,std_view_count,avg_like_count,avg_comment_count,avg_normal_view,regularity_score,cv,outlier_ratio,gap_ratio,sensitive_score,n_sensitive_videos,sensitive_video_ratio,cat_politics,cat_hate,cat_aggro,cat_adult_illegal,is_churned
CH03270,가수+댄스+음악,100000,45370000,77,3849,50,60.9,203.5,1393.0,9,426053.8,567727.54,4315.1,236.82,426053.8,0.4029,3.342,0.0408,22.87,0.0,0,0.0,0,0,0,0,0
CH03271,라이프+취미,100000,8860000,448,4408,50,32.9,58.38,321.0,14,1035.42,1024.21,61.9,9.32,1035.42,0.4688,1.775,0.0612,9.76,0.0,0,0.0,0,0,0,0,0
CH03272,IT+기술+컴퓨터,100000,30210000,2040,3801,50,14.12,17.66,72.0,10,5020.4,4387.9,62.9,21.66,5593.14,0.6316,1.251,0.102,5.1,0.0133,1,0.02,0,0,1,0,0
CH03273,만화+애니+영화,100000,9650000,112,5128,50,22.61,71.67,360.0,5,55364.56,57049.86,483.32,176.76,58799.55,0.4077,3.17,0.0408,15.92,0.0733,5,0.1,0,0,5,0,1
CH03274,스포츠+운동,100000,195810000,252,5066,50,2.82,4.96,26.0,0,296493.48,332015.98,3449.08,120.26,83236.78,0.4785,1.761,0.0816,9.23,0.04,3,0.06,0,0,3,0,0
CH03275,게임,100000,117890000,1564,3367,50,11.24,14.27,73.0,3,37768.98,15072.74,365.39,97.06,37768.98,0.6022,1.269,0.0612,6.49,0.1467,11,0.22,0,0,11,0,0
CH03276,자동차,100000,88290000,767,5337,50,2.88,3.76,17.0,0,23371.06,35226.75,121.18,32.98,28180.55,0.6091,1.307,0.0816,5.91,0.0267,2,0.04,0,0,2,0,0
CH03277,스포츠+운동,100000,33840000,455,2648,50,6.18,11.75,70.0,2,44346.38,36912.38,520.04,77.22,54190.57,0.4602,1.9,0.0408,11.32,0.0,0,0.0,0,0,0,0,0
CH03278,강의+교육,100000,3710000,168,5245,50,36.69,125.03,797.0,7,1516.14,2263.11,34.86,2.16,1235.97,0.3951,3.407,0.0612,21.72,0.02,1,0.02,0,0,1,0,1
CH03279,가수+댄스+음악,100000,9730000,476,6271,50,0.96,1.28,5.0,0,3583.14,8651.12,84.52,2.96,1079.5,0.6257,1.277,0.1224,5.0,0.0,0,0.0,0,0,0,0,0
CH03280,(미분류),100000,15470000,313,2623,50,3.49,1.84,9.0,0,3406.22,4556.36,105.22,23.8,3406.22,0.8028,0.528,0.0816,2.58,0.14,9,0.18,1,0,8,0,1
CH03282,국내+여행+해외,100000,28010000,147,2308,50,15.86,32.41,176.0,4,113495.82,92205.96,3046.2,324.86,113495.82,0.452,2.044,0.0408,11.1,0.0267,2,0.04,0,0,2,0,1
CH03283,(미분류),100000,15380000,111,4326,50,24.1,37.28,174.0,9,39756.46,63111.12,662.12,94.94,37320.59,0.5452,1.547,0.102,7.22,0.0,0,0.0,0,0,0,0,0
CH03284,(미분류),100000,66570000,5937,4407,50,0.18,0.52,3.0,0,14890.7,36121.74,258.1,23.48,27652.33,0.7857,0.522,0.1429,3.0,0.04,2,0.04,1,1,0,0,0
CH03285,(미분류),100000,253550000,1036,4022,50,2.86,3.29,12.0,0,488397.72,563301.73,4775.14,149.2,121944.82,0.6553,1.151,0.1429,4.2,0.08,5,0.1,0,0,5,0,0
CH03286,(미분류),100000,101100000,1339,2622,50,0.0,0.0,0.0,0,20873.78,57756.46,88.86,6.8,8879.0,1.0,0.0,0.0,0.0,0.0,0,0.0,0,0,0,0,0
CH03287,TV+방송,100000,157880000,582,5218,50,0.31,0.71,3.0,0,101272.8,216194.58,1425.76,71.42,0.0,0.7748,0.706,0.0612,3.0,0.0,0,0.0,0,0,0,0,0
CH03288,국내+여행+해외,100000,14010000,240,4114,50,5.33,8.92,37.0,2,5495.48,4655.72,23.38,2.1,0.0,0.5436,1.675,0.102,6.95,0.0267,2,0.04,0,0,2,0,0
CH03289,가수+댄스+음악,100000,20640000,536,3664,50,1.55,3.2,19.0,0,1912.08,1262.28,21.14,3.34,920.86,0.4509,2.064,0.0408,12.25,0.0,0,0.0,0,0,0,0,0
CH03290,게임,100000,70380000,7743,3941,50,0.24,0.48,2.0,0,11372.54,8759.81,62.8,21.86,11372.54,0.7716,0.475,0.2245,2.0,0.0,0,0.0,0,0,0,0,0
CH03291,가수+댄스+음악,100000,22510000,1686,6192,50,20.04,67.14,412.0,6,12147.8,39089.4,696.6,29.66,13310.96,0.4027,3.35,0.0408,20.56,0.0,0,0.0,0,0,0,0,1
CH03295,(미분류),100000,16480000,111,2508,50,13.98,26.39,141.0,5,113079.38,185389.72,3528.63,263.06,124572.42,0.4609,1.888,0.0408,10.09,0.0,0,0.0,0,0,0,0,1
CH03296,(미분류),100000,22380000,108,3130,50,24.9,38.92,148.0,13,217808.96,562600.39,4976.2,117.92,550229.21,0.5803,1.563,0.102,5.94,0.0,0,0.0,0,0,0,0,0
CH03297,(미분류),100000,78390000,1336,2391,50,0.29,0.45,1.0,0,20365.14,6961.07,1642.1,61.78,20365.14,0.7587,0.452,0.2857,1.0,0.0,0,0.0,0,0,0,0,0
CH03298,(미분류),100000,49240000,421,2285,50,1.45,1.7,7.0,0,116242.72,105944.46,3088.08,141.18,94836.0,0.653,1.175,0.0816,4.83,0.0,0,0.0,0,0,0,0,0
CH03299,(미분류),100000,168420000,3102,4714,50,0.08,0.27,1.0,0,96179.62,101490.54,1044.28,127.66,65326.76,0.868,0.274,0.0816,1.0,0.0333,2,0.04,0,0,2,0,0
CH03300,레시피+요리+음식,100000,35310000,376,4027,50,23.8,47.48,167.0,8,6403.16,6102.17,86.8,38.42,6449.08,0.5093,1.995,0.1429,7.02,0.0,0,0.0,0,0,0,0,0
CH03301,IT+기술+컴퓨터,100000,50550000,1006,5901,50,5.88,11.28,76.0,1,140386.64,734211.57,341.72,15.34,7021.43,0.459,1.92,0.0408,12.93,0.0267,2,0.04,0,0,2,0,0
CH03302,게임,100000,135020000,1192,3735,50,13.78,70.52,487.0,2,120158.68,96078.21,234.0,82.62,120158.68,0.3695,5.119,0.0408,35.35,0.1933,11,0.22,0,0,11,0,1
CH03303,라이프+취미,100000,17220000,289,6061,50,29.69,48.18,228.0,11,22708.92,34154.49,530.02,65.34,22177.53,0.5325,1.623,0.0816,7.68,0.0,0,0.0,0,0,0,0,1
CH03304,가수+댄스+음악,100000,10450000,358,6222,50,6.2,2.13,14.0,0,12427.92,32927.17,354.58,12.06,14587.41,0.8356,0.343,0.1224,2.26,0.0,0,0.0,0,0,0,0,0
CH03305,(미분류),100000,278610000,13883,5282,50,0.45,0.5,1.0,0,4989.74,1488.74,0.0,0.0,4989.74,0.8339,0.497,0.0,1.0,0.0267,2,0.04,0,0,2,0,0
CH03306,레시피+요리+음식,100000,104690000,6224,4435,50,49.27,137.47,685.0,12,39828.4,29666.46,320.86,85.1,39828.4,0.4135,2.79,0.0612,13.9,0.0,0,0.0,0,0,0,0,1
CH03307,가수+댄스+음악,100000,40950000,929,5029,50,24.59,34.89,174.0,9,5698.82,4523.95,136.1,9.94,5698.82,0.5658,1.419,0.0816,7.08,0.0133,1,0.02,0,0,1,0,0
CH03308,BJ+연예인+인물,100000,38880000,430,4519,50,14.24,45.3,261.0,2,12122.32,12836.42,250.64,14.82,16833.91,0.4074,3.18,0.0408,18.32,0.0933,5,0.1,0,1,4,0,1
CH03309,게임,100000,95180000,2002,4152,50,0.9,0.95,5.0,0,54889.16,31632.24,323.18,204.02,53144.69,0.6805,0.953,0.0612,5.0,0.0267,2,0.04,0,0,2,0,0
CH03310,게임,100000,56410000,4735,4705,50,0.02,0.14,1.0,0,4965.12,2361.82,42.22,10.66,4917.98,0.9319,0.141,0.0204,1.0,0.0,0,0.0,0,0,0,0,0
CH03311,게임,100000,25780000,781,3015,50,1.61,1.94,7.0,0,21127.32,12617.84,206.92,20.42,21298.86,0.6521,1.201,0.1224,4.34,0.0267,2,0.04,0,0,2,0,0
CH03312,만화+애니+영화,100000,48510000,198,4350,50,41.31,83.97,507.0,12,60260.76,145211.2,1527.65,120.22,51524.62,0.4526,2.033,0.0408,12.27,0.0,0,0.0,0,0,0,0,1
CH03313,(미분류),100000,19550000,341,3639,50,9.57,4.48,25.0,0,28465.5,9693.85,6586.86,474.62,28465.5,0.8161,0.468,0.0816,2.61,0.0933,7,0.14,0,0,8,0,0
CH03314,(미분류),100000,62330000,1302,3207,50,8.06,15.12,96.0,3,24333.06,15915.43,222.92,33.68,23088.13,0.4555,1.875,0.0612,11.91,0.0333,2,0.04,0,0,2,0,1
CH03317,(미분류),100000,1765610000,99,2350,50,32.71,59.93,272.0,16,4736267.86,12663649.73,91681.02,3239.86,4925312.25,0.5002,1.832,0.0816,8.31,0.0,0,0.0,0,0,0,0,0
CH03318,(미분류),100000,16310000,146,5024,50,11.57,10.68,41.0,4,91572.16,126649.66,2256.86,127.44,119772.94,0.7078,0.923,0.1224,3.54,0.0,0,0.0,0,0,0,0,0
CH03319,미용+패션,100000,15980000,299,3663,50,30.39,52.81,268.0,12,13672.22,24286.94,130.52,11.26,14729.68,0.498,1.738,0.0612,8.82,0.0133,1,0.02,0,0,1,0,1
CH03320,미용+패션,100000,40420000,938,4975,50,1.18,1.06,4.0,0,9839.36,6798.87,170.14,14.0,13150.33,0.722,0.898,0.102,3.38,0.0,0,0.0,0,0,0,0,0
CH03323,레시피+요리+음식,100000,34330000,529,4394,50,42.43,114.36,549.0,9,25341.38,20995.37,245.17,51.94,25341.38,0.4169,2.695,0.0612,12.94,0.0,0,0.0,0,0,0,0,1
CH03327,반려동물+애완,100000,30750000,1605,4706,50,1.59,1.56,9.0,0,3502.26,3050.48,474.16,19.32,2668.9,0.6519,0.982,0.0816,5.65,0.0,0,0.0,0,0,0,0,0
CH03329,(미분류),100000,8250000,97,2769,50,3.1,5.27,22.0,0,21844.52,40589.57,569.94,42.82,36364.33,0.5377,1.699,0.102,7.09,0.0,0,0.0,0,0,0,0,1
CH03330,(미분류),100000,118230000,3026,4511,50,0.18,0.44,2.0,0,16821.56,13323.69,501.34,22.46,12762.63,0.799,0.437,0.1633,2.0,0.0,0,0.0,0,0,0,0,0
CH03331,(미분류),100000,18770000,227,3634,50,5.14,4.16,15.0,0,96967.78,414926.6,512.38,77.34,31628.24,0.7582,0.808,0.0612,2.92,0.0133,1,0.02,0,0,1,0,0
CH03332,(미분류),100000,18000000,2508,2041,50,0.47,0.81,3.0,0,3175.34,6394.57,81.52,1.86,0.0,0.7394,0.811,0.1224,3.0,0.0267,4,0.08,0,0,4,0,0
CH03333,(미분류),100000,125970000,609,2711,50,4.92,3.48,15.0,0,21396.12,26551.29,184.22,42.82,21396.12,0.7669,0.708,0.0816,3.05,0.0267,2,0.04,0,0,2,0,0
CH03334,(미분류),100000,94250000,582,1883,50,3.51,5.45,31.0,1,5298.22,5335.66,183.67,21.12,2956.58,0.4986,1.553,0.102,8.83,0.02,1,0.02,0,0,1,0,1
CH03335,어린이+키즈,100000,171560000,254,5372,50,1.73,2.62,7.0,0,20027.62,8080.34,60.1,0.04,0.0,0.6146,1.509,0.1837,4.04,0.0,0,0.0,0,0,0,0,0
CH03336,어린이+키즈,100000,47310000,192,2818,50,4.63,16.48,118.0,1,266139.56,623416.25,243.88,0.0,270101.49,0.4036,3.557,0.0204,25.47,0.0,0,0.0,0,0,0,0,1
CH03337,(미분류),100000,60560000,538,1489,50,11.16,14.33,93.0,3,55055.08,18982.97,5937.84,209.42,55055.08,0.5483,1.284,0.0612,8.33,0.0,0,0.0,0,0,0,0,0
CH03338,(미분류),100000,85530000,625,1934,50,1.47,1.2,4.0,0,107867.24,186638.62,1506.1,44.88,59242.36,0.7449,0.815,0.102,2.72,0.0267,2,0.04,0,0,2,0,0
CH03339,미용+패션,100000,81890000,798,5121,50,4.0,7.7,33.0,1,39905.94,69709.83,707.2,60.52,91870.95,0.4903,1.926,0.102,8.25,0.0133,1,0.02,0,0,1,0,0
CH03340,(미분류),100000,33870000,191,3125,50,12.94,16.22,62.0,7,147887.02,577120.83,4344.04,97.44,36765.72,0.6401,1.253,0.102,4.79,0.0,0,0.0,0,0,0,0,0
CH03341,게임,100000,28940000,437,4189,50,0.86,0.9,5.0,0,46445.0,109186.42,885.52,44.92,153890.25,0.6933,0.904,0.0408,5.0,0.08,6,0.12,0,0,6,0,0
CH03343,게임,100000,16710000,1626,4003,50,0.37,0.6,2.0,0,69901.4,101609.22,466.0,30.52,54474.46,0.795,0.596,0.0612,2.0,0.0,0,0.0,0,0,0,0,0
CH03345,경제+부동산+주식,100000,14470000,976,3163,50,2.22,1.79,7.0,0,4774.54,3029.0,118.38,11.2,4774.54,0.7424,0.803,0.102,3.15,0.0267,2,0.04,1,0,1,0,0
CH03346,(미분류),100000,11360000,69,1589,50,25.04,38.72,177.0,12,164320.08,403796.82,4710.62,53.2,48539.81,0.5495,1.546,0.102,7.07,0.0,0,0.0,0,0,0,0,0
CH03347,(미분류),100000,44240000,250,2084,50,3.78,3.56,20.0,0,241790.14,468614.1,5722.04,283.28,210971.88,0.6673,0.943,0.0816,5.3,0.0,0,0.0,0,0,0,0,0
CH03348,(미분류),100000,243000000,263,4493,50,3.86,9.37,57.0,2,168040.48,256489.79,6302.94,299.2,343255.09,0.4275,2.428,0.0612,14.78,0.0,0,0.0,0,0,0,0,0
CH03349,(미분류),100000,35310000,314,1514,50,1.1,1.62,8.0,0,103581.64,82919.22,2159.38,203.9,131097.84,0.5624,1.469,0.0612,7.26,0.0,0,0.0,0,0,0,0,0
CH03350,(미분류),100000,28960000,145,832,50,3.45,3.61,13.0,0,20449.16,47828.79,502.44,45.92,11151.97,0.6793,1.048,0.1429,3.77,0.0,0,0.0,0,0,0,0,0
CH03352,반려동물+애완,100000,114050000,994,3562,50,16.1,53.3,294.0,6,18677.1,31270.4,1050.26,88.84,21432.41,0.4038,3.31,0.0408,18.26,0.04,3,0.06,0,0,3,0,0
CH03354,IT+기술+컴퓨터,100000,46290000,3236,6408,50,1.69,2.37,11.0,0,21733.6,14177.91,19.12,3.18,25601.88,0.5843,1.397,0.0816,6.49,0.0133,1,0.02,0,0,1,0,0
CH03355,미용+패션,100000,470000,124,3227,50,4.06,6.48,33.0,1,2620.66,2949.55,15.02,0.8,0.0,0.5217,1.595,0.0816,8.13,0.0,0,0.0,0,0,0,0,0
CH03356,만화+애니+영화,100000,33810000,112,3341,50,47.29,121.38,572.0,11,102999.74,271154.02,1719.74,143.82,107597.51,0.4157,2.567,0.0816,12.1,0.0,0,0.0,0,0,0,0,1
CH03358,(미분류),100000,29160000,570,2415,50,2.0,4.08,29.0,0,26695.74,30687.15,5229.54,251.42,26695.74,0.4583,2.04,0.0204,14.5,0.0,0,0.0,0,0,0,0,1
CH03360,(미분류),100000,48150000,167,2127,50,9.0,25.09,178.0,1,130124.64,230742.57,1590.94,41.08,88598.1,0.4259,2.787,0.0204,19.78,0.02,2,0.04,0,0,2,0,0
CH03361,어린이+키즈,100000,55080000,51,4063,50,44.82,190.02,1124.0,4,935692.58,1657133.86,1570.28,8.0,948177.96,0.3832,4.24,0.0408,25.08,0.0,0,0.0,0,0,0,0,1
CH03362,어린이+키즈,100000,53640000,257,1572,50,6.16,1.39,9.0,0,25626.12,44501.39,30.18,0.0,25626.12,0.859,0.226,0.1633,1.46,0.0,0,0.0,0,0,0,0,1
CH03363,(미분류),100000,46840000,252,1377,50,0.82,0.92,3.0,0,11052.7,9658.71,209.76,12.34,10389.02,0.7422,0.919,0.0612,3.0,0.12,5,0.1,0,4,3,0,0
CH03364,(미분류),100000,21160000,3944,2421,50,0.14,0.53,3.0,0,4811.26,7581.71,78.56,39.66,4781.28,0.8013,0.535,0.0816,3.0,0.0,0,0.0,0,0,0,0,0
CH03365,(미분류),100000,93050000,928,2313,50,2.18,2.22,14.0,0,68531.88,251717.38,240.58,15.8,27447.65,0.6383,1.016,0.0408,6.41,0.0,0,0.0,0,0,0,0,0
CH03366,(미분류),100000,66210000,650,1729,50,2.71,2.63,10.0,0,58834.58,30438.98,518.32,56.48,55522.15,0.7036,0.97,0.102,3.68,0.0,0,0.0,0,0,0,0,0
CH03367,(미분류),100000,6090000,99,882,50,12.57,22.33,117.0,5,51377.02,89181.45,1806.78,156.88,67878.79,0.4876,1.776,0.0408,9.31,0.0,0,0.0,0,0,0,0,0
CH03369,(미분류),100000,92010000,840,2664,50,3.16,2.75,13.0,0,61528.18,52109.47,814.6,359.24,61528.18,0.7113,0.87,0.0816,4.11,0.0333,2,0.04,0,0,2,0,0
CH03370,(미분류),100000,54680000,2179,2900,50,0.22,0.46,2.0,0,16628.34,12548.15,272.76,44.08,16628.34,0.7804,0.464,0.2041,2.0,0.0,0,0.0,0,0,0,0,0
CH03372,가수+댄스+음악,100000,30770000,177,4386,50,20.24,21.03,88.0,13,62060.08,69256.42,1381.88,152.94,83915.73,0.6762,1.039,0.102,4.35,0.0,0,0.0,0,0,0,0,1
CH03373,미용+패션,100000,9470000,169,4285,50,16.45,31.96,153.0,6,5752.32,8999.75,98.5,8.18,16164.0,0.4592,1.943,0.102,9.3,0.0,0,0.0,0,0,0,0,1
CH03375,BJ+연예인+인물,100000,10970000,448,5679,50,4.02,3.24,16.0,0,18306.16,18226.63,230.74,11.02,20466.17,0.7246,0.805,0.0816,3.98,0.0,0,0.0,0,0,0,0,0
CH03376,강의+교육,100000,52740000,1949,6234,50,17.16,44.66,262.0,8,1392.62,909.23,19.58,2.52,1465.65,0.4205,2.602,0.0612,15.27,0.0,0,0.0,0,0,0,0,1
CH03377,게임,100000,22560000,583,2607,50,1.24,2.25,10.0,0,34588.6,68495.37,90.52,19.56,14677.13,0.5157,1.811,0.0612,8.03,0.0,0,0.0,0,0,0,0,0
CH03378,자동차,100000,50410000,1334,2956,50,2.49,1.42,8.0,0,12912.66,7959.17,251.02,23.58,12912.66,0.7637,0.569,0.1633,3.21,0.0,0,0.0,0,0,0,0,0
CH03379,TV+방송,100000,210000,123,3603,50,4.53,6.52,28.0,0,279.08,160.93,0.0,2.72,220.34,0.5897,1.439,0.0816,6.18,0.16,9,0.18,0,0,7,2,0
CH03380,TV+방송,100000,87690000,168,3629,50,0.29,0.49,2.0,0,44653.66,46495.65,516.44,5.58,33628.5,0.8284,0.495,0.0204,2.0,0.0,0,0.0,0,0,0,0,0
CH03381,가수+댄스+음악,100000,82930000,222,3947,50,48.14,125.61,664.0,9,395974.82,2007570.29,2678.92,201.4,403993.84,0.4079,2.609,0.102,13.79,0.0,0,0.0,0,0,0,0,1
CH03382,IT+기술+컴퓨터,100000,11700000,175,4498,50,48.06,139.33,920.0,11,43032.6,145274.25,943.28,65.08,43032.6,0.416,2.899,0.0408,19.14,0.0333,2,0.04,0,0,1,1,1
CH03384,(미분류),100000,147860000,4358,4492,50,1.22,3.48,16.0,0,1173.1,2183.5,6.22,0.28,801.2,0.4056,2.845,0.0816,13.07,0.36,18,0.36,0,0,18,0,0
CH03385,(미분류),100000,56020000,167,2608,50,26.35,58.76,340.0,6,214476.8,393856.32,3782.62,97.52,140447.98,0.4364,2.23,0.0612,12.9,0.02,1,0.02,0,1,0,0,1
CH03386,(미분류),100000,303950000,4538,4204,50,0.04,0.28,2.0,0,2731.16,4338.63,36.56,7.53,2055.98,0.8837,0.283,0.0204,2.0,0.0,0,0.0,0,0,0,0,0
CH03387,(미분류),100000,69620000,1124,5056,50,1.69,1.47,6.0,0,16787.9,20837.95,498.42,52.04,25112.28,0.7152,0.87,0.1224,3.54,0.08,6,0.12,0,0,6,0,0
CH03388,(미분류),100000,31300000,377,5926,50,3.12,6.54,47.0,1,17173.08,36301.33,211.42,22.58,18302.3,0.4555,2.094,0.0204,15.05,0.0,0,0.0,0,0,0,0,0
CH03389,(미분류),100000,153990000,643,1872,50,4.18,5.75,24.0,0,27325.78,59530.34,275.48,4.88,43987.39,0.6017,1.375,0.102,5.74,0.0333,2,0.04,0,0,2,0,0
CH03390,(미분류),100000,143010000,294,3400,50,10.86,30.07,192.0,4,1209569.56,3005682.93,1602.5,178.56,1607460.88,0.4204,2.769,0.0408,17.68,0.0,0,0.0,0,0,0,0,0
CH03392,(미분류),100000,84880000,1323,767,50,0.0,0.0,0.0,0,104758.76,350417.41,439.84,68.78,1152754.75,1.0,0.0,0.0,0.0,0.0533,4,0.08,0,0,4,0,0
CH03393,게임,100000,104120000,2068,4322,50,1.94,2.03,7.0,0,55629.74,49468.55,484.34,61.58,52409.07,0.6837,1.049,0.1429,3.61,0.06,3,0.06,0,0,3,0,0
CH03394,게임,100000,68230000,3990,4980,50,0.88,1.21,4.0,0,36583.2,27604.58,390.82,155.66,36751.04,0.6552,1.206,0.1429,4.0,0.04,3,0.06,0,0,3,0,0
CH03396,IT+기술+컴퓨터,100000,12350000,103,3343,50,4.59,6.99,30.0,1,122298.28,168861.38,4891.07,0.0,122298.28,0.5667,1.522,0.102,6.53,0.1067,7,0.14,4,0,3,0,1
CH03397,(미분류),100000,50630000,57,1774,50,31.31,85.19,544.0,11,726610.12,2779115.51,18030.06,1542.04,1051954.72,0.4221,2.721,0.0408,17.38,0.0,0,0.0,0,0,0,0,0
CH03399,어린이+키즈,100000,72020000,456,1683,50,2.98,0.59,4.0,0,14568.78,12177.31,27.9,0.0,15381.7,0.8134,0.198,0.3469,1.34,0.0,0,0.0,0,0,0,0,0
CH03400,(미분류),100000,41150000,195,951,50,4.78,6.3,36.0,1,91838.52,103828.93,4530.2,155.48,73041.21,0.5798,1.319,0.0204,7.54,0.0,0,0.0,0,0,0,0,0
CH03401,(미분류),100000,119020000,1137,6702,50,2.22,3.75,18.0,0,253446.96,466076.58,813.1,194.94,167846.95,0.5224,1.685,0.0612,8.09,0.0,0,0.0,0,0,0,0,0
CH03402,(미분류),100000,40430000,421,2696,50,0.63,1.16,7.0,0,49038.64,103414.45,558.76,23.74,157862.17,0.6055,1.155,0.0408,7.0,0.0133,1,0.02,0,0,1,0,0
CH03403,(미분류),100000,47750000,322,3132,50,5.51,17.03,123.0,1,33755.18,103051.29,790.44,71.78,57069.2,0.4161,3.091,0.0204,22.32,0.04,2,0.04,0,2,0,0,0
CH03404,반려동물+애완,100000,35140000,117,3220,50,20.82,106.41,757.0,2,303447.34,406001.23,4665.98,312.68,303447.34,0.3757,5.112,0.0204,36.37,0.02,1,0.02,1,0,0,0,1
CH03405,(미분류),100000,49750000,635,4371,50,0.82,0.77,3.0,0,35282.74,73771.69,613.56,36.34,2909.0,0.739,0.774,0.1429,3.0,0.0067,1,0.02,0,0,1,0,1
CH03407,가수+댄스+음악,100000,40080000,12433,5889,50,0.12,0.52,3.0,0,446.16,516.97,5.1,0.0,134.87,0.8105,0.52,0.0612,3.0,0.0,0,0.0,0,0,0,0,0
CH03409,게임,100000,332060000,5549,4294,50,0.08,0.34,2.0,0,31825.04,34831.6,140.38,27.7,13172.38,0.8547,0.34,0.0612,2.0,0.0467,3,0.06,0,0,3,0,0
CH03410,TV+방송,100000,2400000,89,3349,50,6.84,16.36,82.0,3,5102.78,5500.16,31.4,2.32,8495.15,0.4351,2.393,0.0408,11.99,0.0,0,0.0,0,0,0,0,0
CH03411,게임,100000,73800000,2102,3977,50,3.12,9.76,69.0,1,2232.72,5271.25,5.82,2.82,813.5,0.4151,3.124,0.0204,22.1,0.0,0,0.0,0,0,0,0,0
CH03412,(미분류),100000,24420000,1729,2271,50,1.14,1.31,6.0,0,3405.88,414.49,394.0,24.42,3405.88,0.6504,1.146,0.0612,5.25,0.02,1,0.02,1,0,0,0,0
CH03413,(미분류),100000,22190000,500,2859,50,17.51,26.74,142.0,5,13644.28,39105.21,132.26,3.34,13644.28,0.5335,1.527,0.0612,8.11,0.0,0,0.0,0,0,0,0,0
CH03415,(미분류),100000,17410000,4033,2774,50,7.63,45.52,321.0,2,739.62,897.99,46.22,2.08,739.62,0.3657,5.964,0.0204,42.06,0.04,2,0.04,0,0,3,0,1
CH03416,(미분류),100000,61530000,2005,5586,50,0.53,1.39,6.0,0,16938.04,22867.67,636.54,33.32,24076.48,0.5993,1.387,0.0816,6.0,0.0,0,0.0,0,0,0,0,0
CH03417,(미분류),100000,27420000,265,4869,50,6.94,9.15,56.0,2,85030.1,79429.32,4496.08,317.0,86358.12,0.5586,1.318,0.0408,8.07,0.0933,7,0.14,0,0,7,0,0
CH03418,(미분류),100000,43360000,337,2883,50,10.57,8.94,48.0,3,153474.44,249100.72,5407.7,160.58,153474.44,0.7024,0.846,0.0816,4.54,0.02,1,0.02,0,0,1,0,0
CH03419,(미분류),100000,20540000,250,2856,50,6.61,5.76,29.0,0,70350.72,66054.68,1647.92,215.96,84851.11,0.7153,0.872,0.0408,4.39,0.02,1,0.02,1,0,0,0,0
CH03421,(미분류),100000,118730000,1836,4755,50,2.37,2.26,7.0,0,39167.36,70294.15,256.64,17.2,33114.1,0.6948,0.953,0.2041,2.96,0.02,1,0.02,0,0,1,0,0
CH03422,(미분류),100000,96420000,1667,1843,50,0.69,1.46,6.0,0,27571.56,20689.84,160.6,24.02,23445.23,0.5869,1.46,0.102,6.0,0.0133,1,0.02,0,0,1,0,0
CH03423,반려동물+애완,100000,69650000,1005,4832,50,6.04,10.27,56.0,3,8935.46,7184.67,130.76,47.08,10439.67,0.4877,1.7,0.0612,9.27,0.0333,2,0.04,1,0,1,0,1
CH03424,레시피+요리+음식,100000,21580000,917,3935,50,5.33,6.79,34.0,2,4657.66,11300.63,25.5,3.4,5463.35,0.6047,1.275,0.0612,6.38,0.0133,1,0.02,0,0,1,0,0
CH03426,라이프+취미,100000,65230000,1196,4723,50,3.04,2.94,15.0,0,24206.68,15847.39,335.66,46.52,24587.39,0.6744,0.967,0.0816,4.93,0.0133,1,0.02,0,0,1,0,0
CH03428,가수+댄스+음악,100000,36630000,113,5608,50,38.43,67.09,382.0,17,454300.74,769359.59,5041.72,390.5,536792.05,0.4654,1.746,0.0612,9.94,0.0,0,0.0,0,0,0,0,1
CH03429,IT+기술+컴퓨터,100000,7340000,82,3245,50,16.92,19.01,100.0,9,34325.14,72383.57,936.4,30.5,34325.14,0.64,1.124,0.0408,5.91,0.0,0,0.0,0,0,0,0,1
CH03431,TV+방송,100000,39620000,744,2112,50,3.0,11.88,80.0,1,101077.24,506251.89,569.66,22.94,0.0,0.3886,3.96,0.0408,26.67,0.0733,2,0.04,0,2,2,0,0
CH03432,(미분류),100000,62880000,268,4255,50,19.76,55.52,306.0,4,104596.04,85582.07,2050.86,170.68,108376.51,0.419,2.81,0.0408,15.49,0.0133,1,0.02,0,0,1,0,1
CH03433,(미분류),100000,176720000,465,1758,50,8.78,5.5,28.0,0,121096.82,74998.41,1765.54,135.58,121096.82,0.7714,0.626,0.102,3.19,0.0133,1,0.02,0,0,1,0,1
CH03434,(미분류),100000,12340000,1387,1895,50,6.49,42.24,299.0,1,1003.82,1091.25,43.18,4.0,990.33,0.3605,6.509,0.0204,46.07,0.0,0,0.0,0,0,0,0,0
CH03435,어린이+키즈,100000,158260000,757,3408,50,4.78,3.91,19.0,0,16648.94,12364.24,107.86,2.2,18163.78,0.7285,0.82,0.0612,3.98,0.0,0,0.0,0,0,0,0,0
CH03436,어린이+키즈,100000,78700000,464,5001,50,14.24,32.4,148.0,4,82430.56,268318.01,1044.62,11.84,70646.05,0.4343,2.275,0.0612,10.39,0.0,0,0.0,0,0,0,0,0
CH03437,(미분류),100000,44540000,518,1327,50,4.61,6.92,45.0,1,35345.18,41843.59,690.78,102.5,39464.59,0.4885,1.501,0.0612,9.76,0.0,0,0.0,0,0,0,0,0
CH03438,(미분류),100000,39090000,244,1035,50,9.73,56.38,400.0,1,89154.04,194581.52,3620.34,154.64,174495.17,0.3675,5.791,0.0204,41.09,0.0,0,0.0,0,0,0,0,1
CH03439,(미분류),100000,82760000,617,1976,50,7.31,26.95,177.0,3,11329.44,9295.66,70.32,4.42,21893.25,0.3944,3.689,0.0408,24.23,0.0,0,0.0,0,0,0,0,0
CH03441,(미분류),100000,99440000,929,2001,50,0.65,0.66,2.0,0,79184.3,36158.89,1680.48,146.9,79184.3,0.7713,0.656,0.102,2.0,0.1,7,0.14,0,1,6,0,0
CH03443,게임,110000,95640000,1045,3458,50,0.94,1.57,7.0,0,9407.7,13795.76,50.96,5.88,4340.0,0.5496,1.57,0.102,7.0,0.0133,1,0.02,0,0,1,0,1
CH03444,라이프+취미,110000,9250000,206,5072,50,32.04,39.79,172.0,14,39291.34,87437.08,980.08,32.42,42731.42,0.6247,1.242,0.102,5.37,0.02,1,0.02,0,0,1,0,0
CH03445,IT+기술+컴퓨터,110000,880000,136,3329,50,3.22,1.99,7.0,0,8314.34,19614.61,90.16,20.88,3861.9,0.7662,0.618,0.1429,2.17,0.0,0,0.0,0,0,0,0,1
CH03446,자동차,110000,88380000,1758,4924,50,6.86,22.99,123.0,3,49236.16,106463.1,264.1,45.32,21767.26,0.4026,3.353,0.0408,17.94,0.0333,2,0.04,0,0,1,1,0
CH03447,스포츠+운동,110000,105220000,222,3278,50,10.92,6.04,31.0,2,1243672.42,3130569.37,11060.33,78.84,214439.5,0.7852,0.553,0.1224,2.84,0.0133,1,0.02,0,0,1,0,0
CH03448,TV+방송,110000,145370000,928,3630,50,0.04,0.2,1.0,0,18845.12,39105.09,167.22,7.36,6320.0,0.9052,0.198,0.0408,1.0,0.0,0,0.0,0,0,0,0,0
CH03450,(미분류),110000,50310000,124,2863,50,22.63,67.5,422.0,7,58403.3,169906.68,1061.84,23.38,7428.7,0.4133,2.982,0.0408,18.65,0.0133,1,0.02,0,0,1,0,1
CH03451,국내+여행+해외,110000,26990000,188,2176,50,21.94,18.94,89.0,12,121270.32,79429.67,3970.34,224.52,121270.32,0.7198,0.863,0.0612,4.06,0.0267,2,0.04,0,0,2,0,0
CH03452,(미분류),110000,12380000,88,656,50,5.59,12.56,84.0,1,88964.84,136196.34,1436.62,61.14,125909.2,0.4479,2.246,0.0204,15.02,0.02,1,0.02,0,1,0,0,0
CH03453,(미분류),110000,32020000,165,2672,50,3.04,6.61,27.0,0,173350.58,319074.05,2882.1,121.74,234395.04,0.459,2.173,0.102,8.88,0.0133,1,0.02,0,0,1,0,0
CH03454,(미분류),110000,6410000,164,527,50,0.61,1.03,3.0,0,60404.48,80089.74,1497.7,91.8,118851.17,0.7222,1.027,0.0816,3.0,0.0333,1,0.02,0,0,2,0,1
CH03455,TV+방송,110000,144560000,164,7296,50,1.12,2.25,8.0,0,12649.0,17519.33,325.78,21.06,6472.42,0.5119,2.001,0.1224,7.13,0.0133,1,0.02,0,0,1,0,0
CH03456,국내+여행+해외,110000,76200000,253,5051,50,5.0,3.81,21.0,0,61472.18,56900.78,1673.58,294.64,76873.0,0.7311,0.762,0.0612,4.2,0.0,0,0.0,0,0,0,0,0
CH03457,TV+방송,110000,27960000,108,3159,50,3.65,2.08,8.0,0,342680.26,529225.43,3350.76,611.12,342680.26,0.7699,0.568,0.1633,2.19,0.0,0,0.0,0,0,0,0,1
CH03458,TV+방송,110000,52060000,127,4633,50,67.45,125.81,571.0,16,655533.66,3159542.92,6667.36,595.74,898951.33,0.4939,1.865,0.0816,8.47,0.0,0,0.0,0,0,0,0,0
CH03459,(미분류),110000,53620000,452,3248,50,11.33,27.64,194.0,4,64650.0,51585.05,504.42,39.14,64956.07,0.4392,2.44,0.0204,17.13,0.0333,2,0.04,0,0,2,0,1
CH03460,어린이+키즈,110000,48810000,447,3140,50,27.88,182.34,1291.0,1,38751.36,65577.23,662.04,20.82,19114.12,0.3602,6.541,0.0204,46.31,0.0,0,0.0,0,0,0,0,1
CH03461,(미분류),110000,127500000,90,2300,50,11.16,19.12,90.0,4,599151.78,1047911.8,8511.44,2849.32,736251.08,0.5152,1.713,0.0816,8.06,0.0,0,0.0,0,0,0,0,0
CH03462,자동차,110000,24150000,656,3628,50,0.53,0.54,2.0,0,5985.6,3159.5,57.24,14.32,6207.05,0.8189,0.538,0.0204,2.0,0.0,0,0.0,0,0,0,0,0
CH03464,(미분류),110000,93730000,750,839,50,0.55,1.05,6.0,0,61520.94,92263.94,373.42,20.94,74664.44,0.6458,1.051,0.0408,6.0,0.0133,1,0.02,0,0,1,0,0
CH03466,(미분류),110000,131630000,6874,2882,50,0.06,0.31,2.0,0,22767.78,20672.47,134.56,9.6,24936.59,0.8684,0.314,0.0408,2.0,0.0267,2,0.04,0,0,2,0,0
CH03467,(미분류),110000,108090000,378,676,50,1.06,0.87,3.0,0,323967.9,268441.74,7049.0,277.14,285603.19,0.763,0.817,0.0408,2.83,0.0267,2,0.04,0,0,2,0,0
CH03468,게임,110000,24130000,1318,4186,50,3.04,1.88,10.0,0,13643.56,12521.29,336.28,14.36,11947.38,0.7393,0.62,0.2041,3.29,0.0,0,0.0,0,0,0,0,1
CH03469,만화+애니+영화,110000,168890000,1591,4942,50,1.2,1.58,6.0,0,71631.78,69142.9,461.72,134.57,72842.12,0.6292,1.31,0.102,4.98,0.0,0,0.0,0,0,0,0,1
CH03470,라이프+취미,110000,50000,146,3305,50,18.12,52.54,261.0,4,237.72,253.67,2.6,0.0,378.46,0.4099,2.899,0.0612,14.4,0.0,0,0.0,0,0,0,0,1
CH03471,(미분류),110000,11270000,88,4466,50,20.16,48.83,252.0,7,36221.36,34105.94,677.42,160.7,35159.1,0.4216,2.422,0.0816,12.5,0.02,1,0.02,0,0,1,0,0
CH03472,TV+방송,110000,16010000,212,3050,50,11.45,39.02,276.0,2,12103.96,36180.08,191.1,24.68,12103.96,0.4073,3.408,0.0204,24.11,0.04,3,0.06,0,0,3,0,1
CH03474,가수+댄스+음악,110000,10430000,1297,4366,50,0.02,0.14,1.0,0,34644.96,46036.88,482.78,43.38,28846.65,0.9319,0.141,0.0204,1.0,0.0133,1,0.02,0,0,1,0,0
CH03475,게임,110000,31840000,449,4679,50,32.51,102.49,687.0,8,8396.38,18166.94,108.02,14.66,5563.17,0.4082,3.153,0.0408,21.13,0.0,0,0.0,0,0,0,0,0
CH03478,(미분류),110000,82650000,2598,5603,50,3.69,3.64,14.0,0,4503.58,11148.39,15.28,0.94,1570.12,0.7049,0.985,0.0816,3.79,0.06,9,0.18,0,0,9,0,0
CH03479,(미분류),110000,65390000,1279,2797,50,9.59,15.59,102.0,3,11251.64,15301.79,350.86,10.4,11251.64,0.4721,1.626,0.0612,10.63,0.0,0,0.0,0,0,0,0,0
CH03480,(미분류),110000,17720000,486,3670,50,5.59,2.64,13.0,0,18276.5,29305.21,259.76,86.92,19112.48,0.7967,0.472,0.1429,2.32,0.04,3,0.06,0,0,3,0,0
CH03481,(미분류),110000,44290000,113,1787,50,7.33,4.04,20.0,0,406693.26,592067.09,4342.04,276.7,325779.15,0.7794,0.552,0.1429,2.73,0.02,1,0.02,0,0,0,1,1
CH03482,(미분류),110000,30960000,92,2039,33,44.59,86.54,415.0,11,947381.21,1360878.53,9293.61,1036.03,969182.42,0.4711,1.941,0.0625,9.31,0.0202,1,0.0303,0,0,1,0,1
CH03483,(미분류),110000,55840000,399,5033,50,22.31,29.41,196.0,15,83074.5,53706.11,1435.16,215.92,83074.5,0.5442,1.319,0.0204,8.79,0.0,0,0.0,0,0,0,0,0
CH03484,(미분류),110000,23580000,554,2138,50,7.22,27.57,197.0,1,29442.92,87107.73,161.38,5.94,11980.84,0.3977,3.816,0.0204,27.27,0.0,0,0.0,0,0,0,0,0
CH03485,(미분류),110000,46200000,187,1298,50,2.41,2.07,7.0,0,132359.68,174446.1,1580.04,99.12,108410.49,0.7383,0.859,0.102,2.91,0.0,0,0.0,0,0,0,0,1
CH03486,BJ+연예인+인물,110000,97430000,701,1216,50,0.57,1.01,4.0,0,63652.26,136069.62,1174.42,49.12,80328.29,0.7018,1.01,0.0612,4.0,0.0133,1,0.02,0,0,1,0,0
CH03487,(미분류),110000,236090000,219,671,50,1.9,2.35,10.0,0,34142.38,37820.4,2108.5,91.92,21507.04,0.6341,1.238,0.0816,5.27,0.0,0,0.0,0,0,0,0,0
CH03488,(미분류),110000,33310000,218,509,50,1.29,2.55,7.0,0,154216.9,282274.34,2381.92,94.8,59353.5,0.5366,1.981,0.2041,5.44,0.0,0,0.0,0,0,0,0,0
CH03489,(미분류),110000,129460000,450,374,50,0.1,0.3,1.0,0,118483.18,108370.12,2048.3,192.86,21539.44,0.8532,0.303,0.102,1.0,0.02,1,0.02,0,0,1,0,0
CH03490,어린이+키즈,110000,137580000,912,3755,50,11.43,70.28,498.0,1,2532.34,5410.99,21.04,1.41,570.53,0.3638,6.15,0.0204,43.58,0.02,1,0.02,0,1,0,0,0
CH03491,TV+방송,110000,26190000,162,5090,50,22.33,30.46,159.0,13,128958.46,169310.19,6909.0,166.24,141091.76,0.5692,1.364,0.0816,7.12,0.0,0,0.0,0,0,0,0,1
CH03492,라이프+취미,110000,35810000,344,5315,50,28.37,45.17,228.0,17,6343.48,4962.49,189.02,68.4,6343.48,0.5367,1.592,0.0408,8.04,0.0,0,0.0,0,0,0,0,1
CH03493,게임,110000,52900000,515,4963,50,5.49,6.38,35.0,1,113877.64,162145.81,1763.02,326.34,89066.77,0.6103,1.162,0.0816,6.38,0.0,0,0.0,0,0,0,0,0
CH03494,TV+방송,110000,78190000,315,3824,50,30.86,99.38,552.0,5,38760.28,93305.54,175.42,36.96,39450.06,0.4062,3.221,0.0408,17.89,0.0,0,0.0,0,0,0,0,1
CH03496,스포츠+운동,110000,117970000,2845,3788,50,0.45,0.5,1.0,0,45092.24,23857.8,723.24,8.18,44089.04,0.8339,0.497,0.0,1.0,0.0,0,0.0,0,0,0,0,0
CH03497,스포츠+운동,110000,36570000,239,3520,50,4.67,3.69,21.0,0,51299.46,38752.46,459.9,75.56,51299.46,0.7182,0.791,0.0612,4.49,0.0,0,0.0,0,0,0,0,0
CH03498,가수+댄스+음악,110000,39320000,530,5070,50,14.78,27.89,125.0,7,41115.82,69603.49,472.62,21.84,53997.59,0.4926,1.888,0.0816,8.46,0.0,0,0.0,0,0,0,0,1
CH03499,게임,110000,34580000,381,3807,50,43.33,174.79,1201.0,6,77734.4,50454.02,417.56,81.02,79763.7,0.3932,4.034,0.0204,27.72,0.04,2,0.04,0,0,1,1,0
CH03501,(미분류),110000,13170000,564,5275,50,6.61,23.77,162.0,3,1515.96,849.76,25.76,1.22,1278.89,0.4027,3.595,0.0204,24.5,0.0,0,0.0,0,0,0,0,0
CH03502,(미분류),110000,102960000,574,4802,50,2.31,1.22,4.0,0,81305.26,33361.34,1536.8,83.56,80680.55,0.7907,0.527,0.1224,1.73,0.0,0,0.0,0,0,0,0,1
CH03503,어린이+키즈,110000,340000,90,3959,50,0.9,1.72,10.0,0,5455.58,6100.38,266.0,25.38,5455.58,0.4718,1.717,0.0408,10.0,0.0333,2,0.04,0,0,2,0,0
CH03505,(미분류),110000,36340000,155,490,50,2.69,2.82,14.0,0,108880.1,71120.34,1087.9,165.38,110602.35,0.663,1.048,0.0612,5.2,0.0133,1,0.02,0,0,1,0,0
CH03507,(미분류),110000,89660000,108,1832,50,25.06,75.81,524.0,6,91069.08,202794.79,1939.34,220.16,101420.24,0.4181,3.025,0.0204,20.91,0.0,0,0.0,0,0,0,0,0
CH03509,미용+패션,110000,20140000,463,4928,50,13.82,23.52,151.0,4,4939.74,9095.97,41.94,10.76,3906.79,0.4728,1.702,0.0408,10.93,0.0333,2,0.04,0,0,2,0,0
CH03510,(미분류),110000,59500000,1164,4436,50,11.0,16.6,104.0,4,58520.98,189201.4,846.9,73.38,33965.18,0.4904,1.509,0.0816,9.45,0.0067,1,0.02,0,0,1,0,1
CH03514,TV+방송,110000,15790000,171,3160,50,6.59,5.3,35.0,1,80578.36,50923.02,2304.86,192.14,80578.36,0.699,0.804,0.0408,5.31,0.0133,1,0.02,0,0,1,0,1
CH03516,가수+댄스+음악,110000,22210000,162,3359,50,35.84,67.81,341.0,12,13027.78,26397.58,279.0,32.42,15135.02,0.4622,1.892,0.0816,9.52,0.0,0,0.0,0,0,0,0,0
CH03517,(미분류),110000,278630000,503,2216,50,1.2,1.56,7.0,0,122582.26,584061.4,655.14,10.96,0.0,0.6064,1.299,0.102,5.81,0.0267,2,0.04,0,0,2,0,1
CH03518,(미분류),110000,67590000,479,4190,50,3.86,2.55,7.0,0,27384.38,57328.57,241.42,40.14,22125.76,0.7583,0.66,0.1429,1.81,0.0,0,0.0,0,0,0,0,0
CH03519,(미분류),110000,20070000,147,2755,50,13.73,21.7,136.0,7,72213.68,44090.25,0.0,85.42,81991.09,0.4844,1.58,0.0408,9.9,0.1067,8,0.16,0,0,8,0,0
CH03520,(미분류),110000,21420000,258,3353,50,12.76,31.85,218.0,5,12655.76,12308.79,150.65,28.58,19885.93,0.4368,2.497,0.0204,17.09,0.1,4,0.08,0,0,6,0,0
CH03522,게임,110000,124360000,835,4127,50,2.08,2.66,12.0,0,77943.92,78566.69,1909.34,56.48,42043.76,0.6097,1.28,0.102,5.76,0.0,0,0.0,0,0,0,0,0
CH03523,어린이+키즈,110000,13540000,468,4246,50,14.94,45.6,302.0,4,12853.78,31986.82,243.6,14.38,14641.12,0.4111,3.052,0.0408,20.22,0.0,0,0.0,0,0,0,0,1
CH03524,BJ+연예인+인물,110000,102860000,1656,5020,50,3.82,2.06,12.0,0,24990.06,14928.49,552.72,83.1,25243.61,0.784,0.539,0.1224,3.14,0.02,1,0.02,0,0,1,0,1
CH03526,TV+방송,110000,30010000,124,3674,50,9.2,20.25,119.0,3,89661.84,171992.32,1023.64,238.36,89661.84,0.444,2.2,0.0408,12.93,0.0133,1,0.02,0,0,1,0,1
CH03529,(미분류),110000,39040000,242,4564,50,7.06,6.89,36.0,1,66570.28,155893.16,865.1,69.3,75039.7,0.6747,0.976,0.0612,5.1,0.06,1,0.02,0,2,1,0,0
CH03530,(미분류),110000,58250000,245,4006,50,23.55,115.31,814.0,4,31055.66,63378.82,427.54,34.27,22610.97,0.3787,4.896,0.0204,34.56,0.0133,1,0.02,0,0,1,0,1
CH03531,어린이+키즈,110000,71110000,338,4736,50,11.96,21.35,97.0,7,16307.32,36070.48,162.86,4.98,8245.5,0.5151,1.785,0.0612,8.11,0.0,0,0.0,0,0,0,0,0
CH03532,(미분류),110000,30860000,230,373,50,0.88,0.75,3.0,0,104287.3,154180.91,1629.7,91.02,146795.92,0.7313,0.746,0.1837,3.0,0.0267,2,0.04,0,0,2,0,0
CH03533,(미분류),110000,64850000,479,1102,50,1.53,1.44,6.0,0,174488.8,114266.83,866.74,72.46,157937.47,0.7065,0.944,0.0816,3.92,0.0333,2,0.04,0,0,2,0,0
CH03536,게임,110000,119040000,1252,4479,50,28.12,92.66,522.0,4,47487.44,69204.91,482.68,59.54,50608.02,0.4042,3.295,0.0408,18.56,0.0,0,0.0,0,0,0,0,0
CH03538,미용+패션,110000,6610000,283,4220,50,12.43,20.91,86.0,7,1919.36,1422.16,33.44,0.9,1377.0,0.5438,1.682,0.102,6.92,0.0,0,0.0,0,0,0,0,0
CH03539,가수+댄스+음악,110000,42460000,715,4743,50,11.1,16.9,77.0,5,5367.06,8243.45,59.48,9.96,3799.81,0.5551,1.523,0.102,6.94,0.0,0,0.0,0,0,0,0,0
CH03541,만화+애니+영화,110000,22660000,143,3382,50,52.69,217.2,1352.0,4,36042.42,113945.03,277.32,28.81,36042.42,0.3854,4.122,0.0408,25.66,0.06,5,0.1,0,0,5,0,0
CH03542,BJ+연예인+인물,110000,32790000,454,3639,50,0.84,1.65,7.0,0,13639.44,10490.91,114.8,15.42,15754.15,0.5563,1.646,0.0612,7.0,0.0,0,0.0,0,0,0,0,0
CH03543,게임,110000,28800000,2001,3193,50,0.27,0.66,4.0,0,27217.3,55538.72,217.62,20.24,27744.43,0.7659,0.663,0.0204,4.0,0.0,0,0.0,0,0,0,0,0
CH03544,자동차,110000,40130000,372,5086,50,10.8,11.27,52.0,3,18687.0,14148.7,577.8,78.24,18687.0,0.6744,1.044,0.0612,4.82,0.0,0,0.0,0,0,0,0,0
CH03545,반려동물+애완,110000,34930000,425,3042,50,6.65,9.63,60.0,1,109620.46,403626.86,1576.68,49.16,37687.92,0.5201,1.447,0.0408,9.02,0.0533,4,0.08,0,0,4,0,0
CH03547,TV+방송,110000,1750000,347,4316,50,0.73,1.23,6.0,0,2916.66,2016.6,50.94,0.12,2916.66,0.6145,1.225,0.0816,6.0,0.0,0,0.0,0,0,0,0,0
CH03548,게임,110000,50880000,1518,5546,50,4.92,9.5,60.0,2,10442.8,15238.49,78.08,14.57,10442.8,0.4583,1.931,0.0408,12.2,0.0133,1,0.02,0,0,1,0,1
CH03551,(미분류),110000,16000000,118,1978,50,5.33,4.07,15.0,0,50520.06,79116.6,991.38,111.54,50520.06,0.759,0.764,0.0816,2.82,0.0733,5,0.1,3,0,1,1,1
CH03552,(미분류),110000,119540000,682,1924,50,5.29,4.98,20.0,0,6966.58,7556.33,124.68,42.5,6722.67,0.6983,0.942,0.1224,3.78,0.0133,1,0.02,0,0,1,0,0
CH03553,(미분류),110000,65470000,526,2445,50,3.63,4.56,27.0,0,40528.98,59212.28,1210.06,43.8,41715.65,0.5705,1.256,0.0816,7.43,0.0867,7,0.14,0,0,7,0,0
CH03554,(미분류),110000,220960000,1855,1175,50,0.0,0.0,0.0,0,45917.28,94974.04,493.92,26.7,47227.58,1.0,0.0,0.0,0.0,0.0267,2,0.04,0,0,2,0,0
CH03555,(미분류),110000,34320000,359,1416,50,0.06,0.42,3.0,0,18444.04,34388.61,316.34,8.22,7695.0,0.845,0.424,0.0204,3.0,0.0,0,0.0,0,0,0,0,0
CH03556,(미분류),110000,33500000,720,4984,50,2.0,2.72,7.0,0,15528.3,17138.97,207.8,31.26,15072.44,0.6609,1.359,0.1224,3.5,0.0,0,0.0,0,0,0,0,0
CH03558,(미분류),110000,12500000,61,1805,41,43.5,71.37,327.0,16,341157.05,344163.88,4452.44,290.34,346225.45,0.5378,1.641,0.075,7.52,0.0,0,0.0,0,0,0,0,0
CH03559,(미분류),110000,32950000,198,3069,50,4.65,14.3,98.0,1,129148.12,324975.57,481.7,20.54,82543.08,0.4105,3.073,0.0408,21.06,0.02,1,0.02,0,1,0,0,0
CH03560,(미분류),110000,22130000,87,3816,50,53.18,92.03,467.0,22,128393.62,181116.22,2613.46,315.56,128393.62,0.4996,1.73,0.0612,8.78,0.0,0,0.0,0,0,0,0,1
CH03561,어린이+키즈,110000,1870000,106,4801,50,42.98,259.53,1823.0,2,8015.98,7630.79,177.9,5.66,21631.75,0.3649,6.039,0.0204,42.42,0.0133,1,0.02,0,0,1,0,1
CH03563,라이프+취미,110000,20910000,519,4707,50,9.73,14.29,66.0,5,17797.88,59351.67,321.1,33.3,26225.93,0.5701,1.468,0.0816,6.78,0.0,0,0.0,0,0,0,0,0
CH03565,가수+댄스+음악,110000,19370000,330,4820,50,18.59,29.23,112.0,8,106277.74,571685.57,3634.88,232.54,163412.69,0.5713,1.572,0.1224,6.02,0.0,0,0.0,0,0,0,0,1
CH03566,게임,110000,80110000,4567,3299,50,0.57,1.87,11.0,0,8612.4,18803.42,58.1,10.84,3112.51,0.4618,1.874,0.0408,11.0,0.0133,1,0.02,0,0,1,0,0
CH03567,TV+방송,110000,22360000,1783,2274,50,0.92,1.29,5.0,0,3894.54,3790.54,78.78,4.96,3894.54,0.6182,1.291,0.1429,5.0,0.0,0,0.0,0,0,0,0,1
CH03568,어린이+키즈,110000,38300000,103,2683,50,3.1,1.66,7.0,0,477080.32,583267.42,4558.02,46.82,477080.32,0.8014,0.534,0.0816,2.26,0.0,0,0.0,0,0,0,0,1
CH03569,(미분류),110000,68570000,748,1284,50,7.16,44.04,312.0,1,79771.96,177798.61,1093.7,30.36,138374.4,0.3638,6.148,0.0204,43.56,0.0,0,0.0,0,0,0,0,1
CH03570,(미분류),110000,75490000,1071,1279,50,1.78,5.04,35.0,1,25091.6,16532.27,1398.76,87.9,25604.89,0.4242,2.836,0.0204,19.71,0.0133,1,0.02,0,0,1,0,0
CH03571,(미분류),110000,31380000,209,1083,50,6.49,5.42,28.0,0,198558.78,210299.59,2372.48,225.04,209353.09,0.7165,0.835,0.0612,4.31,0.02,1,0.02,0,1,0,0,0
CH03572,국내+여행+해외,110000,58290000,238,4915,50,19.61,28.57,155.0,8,55571.76,98902.49,2232.94,74.3,57330.06,0.5389,1.457,0.0816,7.9,0.0,0,0.0,0,0,0,0,0
CH03573,(미분류),110000,73750000,4128,4568,50,0.06,0.31,2.0,0,33703.56,43078.94,835.16,79.68,21954.12,0.8684,0.314,0.0408,2.0,0.0,0,0.0,0,0,0,0,0
CH03574,(미분류),110000,44860000,494,4279,50,0.55,0.67,3.0,0,45568.7,41534.43,856.06,75.7,33241.0,0.7807,0.672,0.0612,3.0,0.02,1,0.02,0,0,1,0,0
CH03575,(미분류),110000,77050000,917,1818,50,0.9,1.54,7.0,0,134361.5,40947.78,955.66,126.8,135263.17,0.5702,1.542,0.0408,7.0,0.0133,1,0.02,0,0,1,0,0
CH03576,가수+댄스+음악,110000,47310000,113,4384,50,54.53,90.07,476.0,19,397067.42,497355.26,4454.14,246.08,446916.02,0.5065,1.652,0.0612,8.73,0.0,0,0.0,0,0,0,0,1
CH03577,게임,110000,94700000,4148,4782,50,0.33,0.47,1.0,0,26453.7,31977.77,172.52,10.14,20317.78,0.8404,0.469,0.0,1.0,0.0067,1,0.02,0,0,1,0,0
CH03578,게임,110000,93930000,3964,4107,50,9.65,14.44,94.0,2,155771.32,141710.88,1686.52,383.68,168735.98,0.4956,1.495,0.0408,9.74,0.0,0,0.0,0,0,0,0,1
CH03580,게임,110000,9800000,122,4769,50,1.59,1.77,6.0,0,2169.6,1643.14,18.9,4.42,2169.6,0.684,1.113,0.102,3.77,0.0133,1,0.02,0,0,1,0,1
CH03581,IT+기술+컴퓨터,110000,87380000,4969,6657,50,1.37,1.49,6.0,0,2836.58,2138.43,18.76,2.9,2417.2,0.6625,1.093,0.1224,4.39,0.0,0,0.0,0,0,0,0,0
CH03582,라이프+취미,110000,9780000,849,4638,50,1.59,1.54,7.0,0,6653.92,6546.97,311.84,3.88,3458.08,0.696,0.966,0.0612,4.4,0.0,0,0.0,0,0,0,0,0
CH03584,(미분류),110000,11500000,153,843,50,4.53,6.87,27.0,0,74349.98,220933.07,1775.42,148.94,150029.83,0.5835,1.517,0.102,5.96,0.0,0,0.0,0,0,0,0,1
CH03585,(미분류),110000,173790000,1797,2186,50,0.69,0.68,3.0,0,55414.38,12579.71,4138.4,111.8,55414.38,0.7738,0.676,0.0816,3.0,0.0333,2,0.04,0,0,2,0,0
CH03586,(미분류),110000,28260000,136,1938,50,3.31,2.72,8.0,0,229466.12,340540.17,3101.1,306.36,174666.48,0.7682,0.823,0.0204,2.42,0.0467,3,0.06,0,0,3,0,0
CH03587,(미분류),110000,92960000,350,5405,50,0.92,2.16,11.0,0,90520.72,165330.67,2713.7,201.0,91248.06,0.434,2.156,0.0816,11.0,0.0,0,0.0,0,0,0,0,0
CH03588,(미분류),110000,64410000,1601,3060,50,1.43,0.49,2.0,0,66622.36,154047.79,160.78,2.38,66622.36,0.8714,0.346,0.0,1.4,0.0,0,0.0,0,0,0,0,0
CH03590,스포츠+운동,110000,44710000,754,3511,50,3.02,10.83,61.0,2,8264.0,12578.88,102.18,2.24,3279.0,0.3968,3.584,0.0408,20.2,0.0267,2,0.04,0,0,2,0,1
CH03591,가수+댄스+음악,110000,10240000,78,5372,50,23.1,47.26,274.0,6,110898.6,180454.84,4150.92,261.52,110898.6,0.4519,2.046,0.0408,11.86,0.0,0,0.0,0,0,0,0,1
CH03593,만화+애니+영화,110000,187670000,238,7497,50,32.67,221.75,1569.0,1,256754.7,200339.79,367.2,0.0,266881.33,0.3581,6.787,0.0204,48.02,0.0,0,0.0,0,0,0,0,1
CH03594,자동차,110000,58390000,2019,3651,50,1.45,1.69,9.0,0,9111.18,5763.92,115.82,38.38,8688.67,0.6145,1.167,0.0816,6.21,0.04,3,0.06,0,0,3,0,0
CH03596,TV+방송,110000,56290000,762,3630,50,15.12,33.54,158.0,6,11861.24,30145.28,517.94,33.78,14606.52,0.437,2.218,0.0612,10.45,0.0,0,0.0,0,0,0,0,1
CH03597,어린이+키즈,110000,45910000,177,3599,50,44.22,145.47,871.0,7,92560.72,76644.67,1745.34,454.67,97962.64,0.3982,3.289,0.0612,19.69,0.0,0,0.0,0,0,0,0,1
CH03598,미용+패션,110000,32430000,453,3043,50,6.24,13.63,69.0,3,16293.26,30017.08,161.14,8.08,32144.75,0.4326,2.182,0.0816,11.05,0.0133,1,0.02,0,0,1,0,0
CH03599,(미분류),110000,22760000,117,2576,50,16.69,38.55,179.0,6,69941.02,64764.74,1408.52,134.36,71197.1,0.4327,2.309,0.0612,10.72,0.02,1,0.02,0,0,0,1,1
CH03600,어린이+키즈,110000,53290000,404,2911,50,1.55,1.11,4.0,0,28264.96,97311.14,232.22,5.28,0.0,0.7733,0.714,0.0612,2.58,0.0867,6,0.12,0,0,6,0,0
CH03601,(미분류),110000,47660000,98,2293,50,6.71,4.11,20.0,0,96175.48,506523.5,2755.54,546.58,96175.48,0.7611,0.612,0.1633,2.98,0.0,0,0.0,0,0,0,0,0
CH03603,가수+댄스+음악,120000,40010000,285,3474,50,4.49,5.71,28.0,0,39615.96,109126.44,259.24,17.53,10181.9,0.6092,1.273,0.0612,6.24,0.0,0,0.0,0,0,0,0,0
CH03604,게임,120000,66900000,746,4913,50,6.33,3.63,17.0,0,42616.64,44113.41,555.46,213.6,43292.96,0.7872,0.573,0.102,2.69,0.0667,5,0.1,0,0,5,0,0
CH03605,게임,120000,145130000,6518,4979,50,7.04,15.7,108.0,1,2473.1,2225.49,37.38,8.26,2451.89,0.4487,2.23,0.0204,15.34,0.0,0,0.0,0,0,0,0,0
CH03606,게임,120000,125070000,4765,5312,50,1.18,1.29,5.0,0,56411.68,131577.11,475.58,69.04,32602.35,0.6799,1.089,0.0816,4.22,0.02,1,0.02,0,0,1,0,0
CH03607,게임,120000,3930000,414,4333,50,2.94,3.22,14.0,0,6477.3,7496.63,827.88,25.12,6271.17,0.6636,1.097,0.0816,4.76,0.3733,24,0.48,25,0,2,0,0
CH03608,(미분류),120000,60810000,166,2360,50,21.67,43.15,283.0,7,69990.68,95062.86,835.04,119.18,69990.68,0.4549,1.991,0.0408,13.06,0.0,0,0.0,0,0,0,0,0
CH03609,(미분류),120000,46050000,316,2609,50,32.14,199.77,1416.0,1,88446.0,102553.22,6348.1,161.16,95827.96,0.3632,6.215,0.0204,44.05,0.0133,1,0.02,0,0,1,0,0
CH03610,(미분류),120000,84890000,755,2095,50,2.43,4.4,24.0,0,3253.96,3257.16,43.5,3.82,2648.35,0.469,1.811,0.0408,9.88,0.0,0,0.0,0,0,0,0,1
CH03611,(미분류),120000,170490000,333,1164,50,0.27,0.6,2.0,0,10004.44,7407.38,173.94,4.66,4979.0,0.7883,0.598,0.0816,2.0,0.0133,1,0.02,0,0,1,0,1
CH03613,(미분류),120000,135930000,2627,4176,50,0.0,0.0,0.0,0,96239.86,140750.46,1161.0,7.4,131628.88,1.0,0.0,0.0,0.0,0.0133,1,0.02,0,0,1,0,0
CH03614,(미분류),120000,212430000,201,3699,50,6.22,9.5,49.0,2,133985.12,582900.15,574.8,11.9,189820.91,0.5282,1.526,0.102,7.87,0.0,0,0.0,0,0,0,0,0
CH03615,(미분류),120000,54660000,436,2487,50,6.18,5.8,33.0,1,345919.28,215910.43,3188.24,681.28,343593.83,0.6668,0.938,0.0816,5.34,0.06,4,0.08,0,0,4,0,0
CH03616,(미분류),120000,44180000,111,3946,50,1.2,3.03,17.0,0,148059.3,279290.39,746.32,37.84,481655.5,0.4299,2.517,0.0408,14.12,0.06,4,0.08,0,0,2,2,1
CH03617,만화+애니+영화,120000,51340000,709,4409,50,7.22,10.79,49.0,3,94737.78,340745.63,2443.08,496.16,140956.21,0.5679,1.494,0.0816,6.78,0.0333,2,0.04,0,0,2,0,0
CH03618,미용+패션,120000,16830000,532,4390,50,4.41,6.72,34.0,1,10067.92,8475.88,0.0,17.82,11918.18,0.5328,1.524,0.102,7.71,0.04,3,0.06,0,0,3,0,0
CH03619,레시피+요리+음식,120000,34230000,1910,5443,50,3.73,8.48,49.0,2,4401.7,4354.16,35.26,3.06,2004.0,0.4345,2.272,0.0612,13.12,0.0133,1,0.02,0,0,1,0,0
CH03620,게임,120000,72290000,132,3779,38,0.76,0.75,3.0,0,13412.08,10570.03,69.37,2.37,0.0,0.7614,0.75,0.0811,3.0,0.0,0,0.0,0,0,0,0,0
CH03622,TV+방송,120000,19970000,443,3460,50,11.57,18.18,132.0,1,17995.32,36305.4,373.62,85.1,17995.32,0.4884,1.571,0.0204,11.41,0.1,4,0.08,0,0,5,0,1
CH03623,(미분류),120000,123630000,4867,5212,50,0.02,0.14,1.0,0,11428.9,6640.52,321.34,40.28,10652.5,0.9319,0.141,0.0204,1.0,0.0,0,0.0,0,0,0,0,0
CH03624,(미분류),120000,234210000,806,4258,50,2.02,7.73,53.0,1,525236.48,1394086.23,136.1,9.54,1110.12,0.3975,3.824,0.0204,26.23,0.0,0,0.0,0,0,0,0,0
CH03625,(미분류),120000,39480000,197,2957,50,22.65,88.12,613.0,3,168966.86,149918.82,7954.06,432.29,168966.86,0.3961,3.89,0.0204,27.06,0.0133,1,0.02,0,0,1,0,1
CH03626,(미분류),120000,28380000,141,4033,50,17.71,20.05,108.0,6,30058.8,73502.68,569.18,79.82,37344.74,0.6277,1.132,0.0612,6.1,0.0133,1,0.02,0,0,1,0,0
CH03627,(미분류),120000,30840000,493,2068,50,0.69,1.73,8.0,0,7590.66,14364.74,155.46,12.3,9866.55,0.5159,1.729,0.0816,8.0,0.0,0,0.0,0,0,0,0,0
CH03628,(미분류),120000,226790000,1750,2321,50,0.2,0.49,2.0,0,43502.7,186276.35,725.68,16.54,1657.0,0.7857,0.494,0.1633,2.0,0.0,0,0.0,0,0,0,0,0
CH03629,어린이+키즈,120000,35360000,435,1533,50,3.78,2.41,18.0,0,2847.02,2136.57,75.3,0.96,2847.02,0.7486,0.638,0.0204,4.77,0.0,0,0.0,0,0,0,0,0
CH03630,(미분류),120000,25110000,239,2915,50,3.78,4.96,20.0,0,101328.62,145555.16,2066.76,160.88,123945.95,0.6198,1.314,0.102,5.3,0.0267,2,0.04,0,0,2,0,0
CH03632,(미분류),120000,10570000,64,5198,50,4.12,3.61,20.0,0,133453.98,315448.73,2263.94,93.84,99720.65,0.7077,0.875,0.0204,4.85,0.04,3,0.06,0,0,3,0,0
CH03634,레시피+요리+음식,120000,36580000,607,5270,50,36.04,54.44,269.0,15,179499.16,692218.76,1079.86,105.18,75263.35,0.5533,1.51,0.0612,7.46,0.0067,1,0.02,0,0,1,0,1
CH03635,라이프+취미,120000,23510000,654,5110,50,35.04,39.4,198.0,19,25905.48,100678.12,837.44,43.81,32736.71,0.629,1.124,0.102,5.65,0.0,0,0.0,0,0,0,0,1
CH03636,가수+댄스+음악,120000,59550000,438,5155,50,20.29,42.98,210.0,6,2214.94,8189.6,22.98,4.84,2571.93,0.4358,2.119,0.0816,10.35,0.0,0,0.0,0,0,0,0,0
CH03637,라이프+취미,120000,84510000,200,5511,50,13.47,57.09,403.0,2,349150.6,1130478.01,1085.64,52.02,356059.61,0.3893,4.238,0.0204,29.92,0.0,0,0.0,0,0,0,0,1
CH03639,강의+교육,120000,18710000,954,2821,50,7.0,7.81,40.0,1,2940.82,1976.69,88.14,4.18,2940.82,0.6282,1.115,0.102,5.71,0.0,0,0.0,0,0,0,0,0
CH03640,강의+교육,120000,5160000,144,5280,50,13.29,17.1,84.0,7,9464.18,16830.21,130.3,38.68,9932.41,0.5992,1.287,0.0816,6.32,0.0,0,0.0,0,0,0,0,0
CH03641,만화+애니+영화,120000,51890000,770,3143,50,19.71,31.96,137.0,11,5687.24,6799.94,72.5,15.54,8672.0,0.5473,1.621,0.102,6.95,0.0733,6,0.12,0,0,6,0,0
CH03642,레시피+요리+음식,120000,61040000,1265,2529,50,0.27,0.85,5.0,0,1292.46,2024.26,21.62,3.88,1249.04,0.6884,0.852,0.0816,5.0,0.0,0,0.0,0,0,0,0,0
CH03644,(미분류),120000,31070000,245,2544,50,32.08,112.33,763.0,7,157631.64,317297.86,2009.84,170.18,121733.05,0.405,3.501,0.0204,23.78,0.0,0,0.0,0,0,0,0,1
CH03646,어린이+키즈,120000,84470000,873,4666,50,3.8,6.24,30.0,1,53437.54,107241.1,493.28,13.88,38577.9,0.5184,1.645,0.102,7.9,0.0,0,0.0,0,0,0,0,0
CH03647,(미분류),120000,415740000,1790,1586,50,0.0,0.0,0.0,0,9148.28,27144.34,40.2,3.2,7033.86,1.0,0.0,0.0,0.0,0.04,3,0.06,0,0,3,0,0
CH03648,(미분류),120000,48400000,960,4504,50,0.88,1.3,6.0,0,95182.64,90335.07,523.62,94.76,87236.52,0.6069,1.304,0.0816,6.0,0.0,0,0.0,0,0,0,0,0
CH03649,(미분류),120000,61990000,977,2180,50,2.14,2.56,13.0,0,60725.92,28015.96,1072.82,343.3,67070.31,0.6159,1.193,0.0816,6.07,0.06,4,0.08,0,0,5,0,1
CH03650,IT+기술+컴퓨터,120000,49800000,910,2857,50,2.16,2.67,11.0,0,73349.66,375360.14,839.58,86.96,149804.9,0.6276,1.233,0.1224,5.08,0.0533,4,0.08,0,0,4,0,0
CH03651,게임,120000,15830000,465,4060,50,13.84,47.01,331.0,3,9583.48,3500.85,990.96,84.66,9302.4,0.4076,3.398,0.0204,23.92,0.0,0,0.0,0,0,0,0,1
CH03652,어린이+키즈,120000,109560000,1230,3813,50,9.65,12.19,64.0,2,14139.46,13357.91,140.84,21.16,11084.9,0.605,1.262,0.0408,6.63,0.0,0,0.0,0,0,0,0,0
CH03653,(미분류),120000,320000,156,4247,50,2.78,3.14,15.0,0,1077.52,432.58,44.5,23.72,922.43,0.6412,1.133,0.0816,5.4,0.0133,1,0.02,0,0,1,0,0
CH03654,BJ+연예인+인물,120000,45080000,2387,4122,50,16.24,50.85,351.0,4,12069.42,14604.91,0.0,11.0,16700.25,0.4149,3.13,0.0204,21.61,0.0067,1,0.02,0,0,1,0,1
CH03655,게임,120000,139830000,6711,4072,50,0.1,0.3,1.0,0,1057.74,646.58,4.6,0.02,1057.74,0.8532,0.303,0.102,1.0,0.0,0,0.0,0,0,0,0,0
CH03657,(미분류),120000,66200000,1201,2581,50,2.16,3.49,14.0,0,8637.88,8345.21,186.14,55.1,8756.61,0.5677,1.613,0.0816,6.47,0.6733,32,0.64,46,0,4,0,1
CH03659,(미분류),120000,87520000,232,1552,50,1.29,2.06,8.0,0,1324148.7,2069827.45,16631.42,218.34,217658.57,0.5572,1.602,0.1429,6.22,0.0,0,0.0,0,0,0,0,1
CH03660,어린이+키즈,120000,71750000,915,4088,50,5.63,8.29,46.0,1,63360.8,114643.76,747.16,34.92,39508.9,0.5362,1.473,0.0612,8.17,0.0,0,0.0,0,0,0,0,1
CH03661,어린이+키즈,120000,57280000,1774,3079,50,1.51,2.06,11.0,0,24366.42,50289.03,246.74,6.5,20182.04,0.5645,1.365,0.0816,7.28,0.0,0,0.0,0,0,0,0,0
CH03662,(미분류),120000,55490000,639,955,50,1.06,1.24,4.0,0,60894.98,72616.46,476.26,85.04,93438.41,0.6662,1.164,0.1429,3.77,0.0133,1,0.02,0,0,1,0,0
CH03663,(미분류),120000,47580000,775,4960,50,2.27,1.68,6.0,0,23643.84,20752.4,366.04,56.2,24325.57,0.7691,0.74,0.0612,2.65,0.0533,3,0.06,0,0,1,2,1
CH03664,(미분류),120000,35070000,359,390,50,0.39,1.01,4.0,0,130043.26,278113.8,1688.48,77.72,214052.3,0.69,1.006,0.102,4.0,0.04,3,0.06,0,0,3,0,0
CH03665,(미분류),120000,61710000,2145,2862,50,0.84,1.28,5.0,0,75614.6,144176.15,604.24,103.88,69457.53,0.6312,1.283,0.102,5.0,0.0467,4,0.08,0,0,4,0,0
CH03666,(미분류),120000,48040000,567,4779,50,1.71,2.64,16.0,0,43489.96,35847.62,312.24,48.86,41344.64,0.4974,1.541,0.0612,9.33,0.0,0,0.0,0,0,0,0,0
CH03667,(미분류),120000,63160000,2872,2780,50,0.22,0.51,2.0,0,13121.46,15943.02,77.76,29.82,13121.46,0.777,0.506,0.1837,2.0,0.0,0,0.0,0,0,0,0,0
CH03668,(미분류),120000,37880000,141,3630,50,12.53,26.38,151.0,4,228397.34,469750.71,2425.58,164.96,228397.34,0.4488,2.105,0.0408,12.05,0.1067,6,0.12,0,0,5,1,1
CH03669,BJ+연예인+인물,120000,21520000,72,2712,50,29.04,35.5,179.0,11,220830.6,171790.95,2269.86,657.68,218979.98,0.604,1.222,0.102,6.16,0.0,0,0.0,0,0,0,0,1
CH03671,가수+댄스+음악,120000,15200000,557,5076,50,13.63,32.69,182.0,5,3893.48,4753.93,89.46,4.46,4228.09,0.4349,2.398,0.0408,13.35,0.0,0,0.0,0,0,0,0,1
CH03673,만화+애니+영화,120000,83380000,152,3672,50,4.18,11.68,83.0,1,679783.1,866572.65,12959.02,239.4,261612.47,0.4257,2.792,0.0204,19.84,0.04,2,0.04,0,0,2,0,1
CH03675,(미분류),120000,26140000,430,3378,50,4.69,5.43,24.0,0,9147.06,7758.95,56.5,4.12,4681.47,0.6471,1.156,0.0816,5.11,0.0,0,0.0,0,0,0,0,0
CH03676,자동차,120000,49270000,694,3153,50,3.53,2.56,11.0,0,48975.64,34357.71,817.02,142.6,48301.43,0.7622,0.724,0.0816,3.12,0.0267,2,0.04,0,0,2,0,0
CH03677,어린이+키즈,120000,46840000,137,2741,50,24.78,80.15,567.0,5,16147.02,17934.7,65.16,0.02,15947.0,0.4119,3.235,0.0204,22.89,0.0,0,0.0,0,0,0,0,0
CH03678,어린이+키즈,120000,109270000,281,3191,50,31.96,79.53,335.0,6,118179.08,141525.4,186.62,0.0,140031.04,0.4188,2.488,0.0816,10.48,0.0,0,0.0,0,0,0,0,1
CH03679,(미분류),120000,90180000,423,3385,50,3.49,2.92,14.0,0,184841.36,636763.36,3338.6,82.9,52000.59,0.7126,0.837,0.102,4.01,0.0133,1,0.02,0,0,1,0,0
CH03680,(미분류),120000,11120000,103,4779,50,12.29,16.0,77.0,5,83534.6,58024.14,1501.66,205.24,86617.61,0.5932,1.302,0.102,6.27,0.02,1,0.02,0,0,1,0,0
CH03682,(미분류),120000,52400000,260,740,50,0.78,1.33,7.0,0,120781.84,308248.66,1170.7,56.66,138642.73,0.5759,1.329,0.0816,7.0,0.0267,2,0.04,0,0,2,0,1
CH03684,반려동물+애완,120000,59130000,896,3029,50,8.02,22.32,150.0,2,89507.34,224853.53,3868.56,174.28,112396.36,0.4199,2.782,0.0408,18.7,0.0467,3,0.06,1,0,2,0,0
CH03685,미용+패션,120000,13820000,228,3023,50,3.43,4.4,28.0,0,27798.14,86597.94,106.88,6.84,4938.86,0.5592,1.283,0.0408,8.17,0.0,0,0.0,0,0,0,0,0
CH03686,미용+패션,120000,23560000,465,3523,50,7.29,6.26,34.0,1,16558.48,24272.86,159.42,22.22,17088.31,0.6969,0.859,0.0816,4.67,0.0533,3,0.06,0,0,3,0,0
CH03687,게임,120000,128850000,2286,5052,50,8.16,29.03,191.0,3,25388.4,20556.03,176.6,39.06,29988.14,0.3975,3.557,0.0408,23.4,0.0133,1,0.02,0,0,1,0,1
CH03688,TV+방송,120000,71550000,160,3553,50,25.39,166.38,1178.0,1,43315.44,80539.86,1007.0,100.51,45827.89,0.3601,6.553,0.0204,46.4,0.0,0,0.0,0,0,0,0,1
CH03690,라이프+취미,120000,21480000,766,3206,50,3.65,6.25,35.0,1,3595.78,4185.3,71.24,4.96,4270.71,0.4781,1.71,0.0612,9.58,0.0,0,0.0,0,0,0,0,0
CH03691,TV+방송,120000,4090000,50,3638,50,3.8,5.36,24.0,0,82483.88,91671.49,878.32,0.0,82483.88,0.5817,1.412,0.102,6.32,0.0,0,0.0,0,0,0,0,1
CH03692,가수+댄스+음악,120000,21050000,423,5001,50,19.31,103.97,737.0,3,15194.38,43842.17,1141.86,96.4,18749.89,0.3722,5.385,0.0204,38.17,0.0,0,0.0,0,0,0,0,1
CH03693,게임,120000,64520000,556,2892,50,2.35,1.86,8.0,0,2962.08,1862.12,39.22,12.44,2886.11,0.7429,0.792,0.0816,3.41,0.02,1,0.02,1,0,0,0,1
CH03694,(미분류),120000,1248010000,875,6044,50,11.92,19.47,81.0,7,2303630.72,7454977.6,995.9,16.6,27128.0,0.5569,1.634,0.0816,6.8,0.0,0,0.0,0,0,0,0,0
CH03696,(미분류),120000,80510000,442,2274,50,13.33,67.82,481.0,2,13895.32,22347.56,370.02,8.76,8312.29,0.376,5.089,0.0204,36.09,0.0533,3,0.06,0,1,2,0,1
CH03699,스포츠+운동,120000,10700000,336,2880,50,8.31,3.02,15.0,0,1271.06,862.48,25.3,3.24,983.52,0.7933,0.363,0.2449,1.81,0.0,0,0.0,0,0,0,0,0
CH03700,(미분류),120000,41560000,225,2377,50,12.78,33.29,203.0,6,21419.84,76592.63,167.38,11.84,37527.71,0.4203,2.606,0.0612,15.89,0.0,0,0.0,0,0,0,0,1
CH03701,(미분류),120000,52620000,224,2300,50,27.18,57.82,326.0,11,103796.64,193692.2,1711.29,59.36,105668.83,0.4354,2.127,0.0816,11.99,0.0,0,0.0,0,0,0,0,0
CH03702,어린이+키즈,120000,84900000,958,4570,50,1.8,0.76,3.0,0,1750.96,2049.57,9.66,0.22,2965.76,0.7907,0.421,0.2041,1.67,0.0,0,0.0,0,0,0,0,0
CH03703,(미분류),120000,70660000,3989,7069,50,0.24,0.69,3.0,0,9812.32,6425.41,314.18,20.28,9196.08,0.7659,0.686,0.102,3.0,0.0,0,0.0,0,0,0,0,0
CH03704,라이프+취미,120000,64290000,666,2358,50,3.06,1.11,7.0,0,63316.4,14484.51,4153.04,194.8,63316.4,0.8421,0.364,0.0816,2.29,0.0,0,0.0,0,0,0,0,0
CH03706,(미분류),120000,119880000,278,678,50,2.71,7.62,53.0,1,41769.88,43019.39,553.54,36.32,58119.0,0.4252,2.808,0.0204,19.53,0.0,0,0.0,0,0,0,0,0
CH03707,(미분류),120000,17130000,165,2643,50,6.53,13.05,56.0,3,43849.4,124714.43,626.34,31.24,68844.04,0.4708,1.998,0.1224,8.57,0.0333,2,0.04,0,0,2,0,0
CH03708,(미분류),120000,33660000,344,1168,50,1.1,0.89,3.0,0,34440.7,26621.01,623.12,181.6,34440.7,0.7526,0.804,0.0816,2.72,0.0267,2,0.04,0,0,2,0,0
CH03709,(미분류),120000,32470000,505,3867,50,18.2,12.67,54.0,9,399314.84,205986.77,4116.38,214.88,399314.84,0.7764,0.696,0.0612,2.97,0.0,0,0.0,0,0,0,0,0
CH03710,(미분류),120000,23790000,98,4022,50,18.82,27.02,131.0,8,156589.24,290069.79,1440.7,631.52,157952.21,0.5615,1.436,0.102,6.96,0.0,0,0.0,0,0,0,0,1
CH03711,라이프+취미,120000,17140000,150,4200,50,70.78,212.57,1258.0,9,153155.32,657294.57,1857.92,91.84,206358.08,0.4065,3.003,0.0612,17.77,0.0,0,0.0,0,0,0,0,1
CH03712,게임,120000,290000,1156,2813,50,0.69,4.01,28.0,0,438.22,540.45,0.4,0.0,438.22,0.3938,4.006,0.0204,28.0,0.0667,4,0.08,0,0,4,0,0
CH03714,강의+교육,120000,6950000,492,3060,50,11.14,31.3,128.0,5,13385.64,20413.78,205.18,11.32,13385.64,0.4068,2.809,0.0816,11.49,0.0,0,0.0,0,0,0,0,0
CH03715,라이프+취미,120000,55040000,751,5059,50,4.08,3.21,13.0,0,29896.72,35733.45,581.24,101.78,28765.2,0.7378,0.787,0.1224,3.18,0.0,0,0.0,0,0,0,0,0
CH03717,TV+방송,120000,29100000,153,4919,50,36.63,89.15,549.0,12,109034.2,185892.03,2329.82,158.42,64339.14,0.4334,2.434,0.0408,14.99,0.0,0,0.0,0,0,0,0,1
CH03720,(미분류),120000,29420000,205,2819,50,9.8,13.36,86.0,1,72377.26,108539.17,761.32,24.06,52288.73,0.5403,1.364,0.0204,8.78,0.0,0,0.0,0,0,0,0,0
CH03721,가수+댄스+음악,120000,79870000,559,4725,50,9.49,15.52,77.0,4,37462.24,56403.85,609.78,79.34,45144.12,0.5191,1.636,0.0816,8.11,0.0,0,0.0,0,0,0,0,0
CH03722,(미분류),120000,122740000,381,1573,50,1.43,1.18,5.0,0,21224.26,11720.9,396.18,15.28,25471.45,0.7475,0.825,0.0408,3.5,0.02,1,0.02,0,0,1,0,0
CH03723,(미분류),120000,135870000,224,4864,50,21.08,58.74,328.0,4,27966.92,100152.98,894.16,78.9,38852.61,0.4076,2.787,0.0816,15.56,0.0,0,0.0,0,0,0,0,0
CH03724,(미분류),120000,18570000,577,2070,50,3.96,2.67,8.0,0,22611.9,67810.3,521.8,36.3,14869.08,0.7863,0.675,0.0408,2.02,0.0,0,0.0,0,0,0,0,0
CH03725,(미분류),120000,183130000,1246,3821,50,0.82,0.56,2.0,0,109573.14,79240.12,3177.26,135.58,97179.36,0.7961,0.56,0.0816,2.0,0.0133,1,0.02,0,0,1,0,0
CH03726,(미분류),120000,16370000,237,2126,50,21.16,17.0,68.0,13,258469.56,219075.57,4066.82,225.9,258469.56,0.7406,0.803,0.102,3.21,0.0,0,0.0,0,0,0,0,0
CH03727,게임,120000,91830000,2889,4800,50,10.71,55.5,395.0,1,4648.18,3248.61,34.44,11.0,4518.12,0.3748,5.18,0.0204,36.87,0.02,2,0.04,0,0,2,0,0
CH03729,게임,120000,262090000,5459,4906,50,0.12,0.33,1.0,0,47938.04,36402.81,718.5,38.56,47938.04,0.8398,0.328,0.1224,1.0,0.04,2,0.04,0,0,2,0,0
CH03730,스포츠+운동,120000,96880000,5012,5421,50,0.08,0.34,2.0,0,15525.02,7626.14,530.46,37.9,14145.21,0.8547,0.34,0.0612,2.0,0.0,0,0.0,0,0,0,0,0
CH03732,TV+방송,120000,20570000,96,4786,50,41.12,69.44,466.0,17,177807.06,183436.56,1966.96,241.06,181702.34,0.4737,1.689,0.0408,11.33,0.0,0,0.0,0,0,0,0,1
CH03734,(미분류),120000,23720000,452,2204,50,7.82,26.12,177.0,3,64732.26,149834.14,657.68,36.22,22546.63,0.4029,3.342,0.0408,22.64,0.0067,1,0.02,0,0,1,0,0
CH03735,(미분류),120000,273270000,947,2680,50,3.06,3.51,17.0,0,275948.42,275618.03,2505.64,30.2,0.0,0.6354,1.148,0.0816,5.55,0.0,0,0.0,0,0,0,0,0
CH03736,(미분류),120000,275230000,1960,4258,50,0.37,0.92,5.0,0,158122.06,438504.57,1196.72,58.9,423812.0,0.6789,0.919,0.0816,5.0,0.0,0,0.0,0,0,0,0,0
CH03737,(미분류),120000,83640000,51,4469,50,57.04,191.07,1329.0,14,793545.36,2078079.64,12755.76,380.02,1755027.11,0.4088,3.35,0.0204,23.3,0.0,0,0.0,0,0,0,0,0
CH03738,(미분류),120000,48270000,738,2120,50,2.47,2.05,7.0,0,34550.94,69321.79,1953.36,99.52,33174.49,0.7303,0.831,0.1429,2.83,0.0267,2,0.04,0,0,2,0,0
CH03739,(미분류),120000,28490000,613,2033,50,1.76,3.21,15.0,0,20728.9,36966.5,999.9,67.54,19271.0,0.4938,1.829,0.0816,8.55,0.0,0,0.0,0,0,0,0,0
CH03740,레시피+요리+음식,120000,11230000,124,3907,50,61.92,168.48,815.0,7,16018.28,23327.93,356.88,29.14,17276.83,0.4099,2.721,0.0816,13.16,0.02,1,0.02,0,0,1,0,1
CH03741,(미분류),120000,46230000,1347,3547,50,2.24,1.3,6.0,0,7022.42,3141.31,137.9,17.22,7022.42,0.792,0.58,0.0816,2.67,0.0133,1,0.02,0,0,1,0,0
CH03744,게임,120000,137000000,4561,4700,50,5.27,3.28,16.0,0,11988.28,22131.69,52.22,12.88,4503.38,0.7824,0.623,0.0816,3.04,0.0333,2,0.04,0,0,2,0,1
CH03747,TV+방송,120000,110590000,12666,2775,50,0.0,0.0,0.0,0,3340.52,2483.3,118.62,0.0,3353.37,1.0,0.0,0.0,0.0,0.0133,2,0.04,0,0,2,0,0
CH03748,(미분류),120000,69700000,219,2537,50,21.53,43.01,170.0,7,22540.06,67204.12,503.46,41.34,31705.12,0.4902,1.998,0.1224,7.9,0.0,0,0.0,0,0,0,0,0
CH03749,(미분류),120000,33780000,279,3374,50,12.55,16.68,92.0,5,21528.58,14634.76,450.84,59.14,22737.0,0.5726,1.329,0.0612,7.33,0.0133,1,0.02,0,0,1,0,0
CH03750,(미분류),120000,30740000,344,2516,50,4.88,2.39,14.0,0,54427.78,24683.01,2293.34,234.84,54427.78,0.799,0.489,0.1224,2.87,0.02,2,0.04,0,0,2,0,0
CH03751,(미분류),120000,37440000,271,1164,50,5.16,2.32,8.0,0,115683.18,145514.28,1318.2,378.8,101931.98,0.8019,0.45,0.1429,1.55,0.0,0,0.0,0,0,0,0,0
CH03752,(미분류),120000,26510000,257,643,50,2.33,2.96,14.0,0,98901.26,217581.56,648.64,51.84,79266.25,0.6033,1.271,0.102,6.02,0.02,1,0.02,0,1,0,0,0
CH03753,게임,120000,61910000,521,3522,50,11.2,27.11,145.0,5,30055.3,37006.16,435.34,138.38,30055.3,0.434,2.42,0.0408,12.94,0.0,0,0.0,0,0,0,0,1
CH03754,레시피+요리+음식,120000,81520000,606,3312,50,4.02,1.6,7.0,0,94728.42,23123.14,1855.4,186.86,94728.42,0.815,0.397,0.1429,1.74,0.0867,7,0.14,0,0,7,0,0
CH03755,어린이+키즈,120000,113910000,1560,4859,50,0.71,1.21,5.0,0,8914.4,19122.21,45.7,4.96,6381.85,0.6383,1.212,0.102,5.0,0.0867,5,0.1,0,0,5,0,0
CH03756,라이프+취미,120000,29400000,671,3049,50,3.41,3.39,18.0,0,36406.82,34208.39,1029.6,57.36,42839.09,0.6611,0.994,0.0816,5.28,0.1,7,0.14,0,0,7,0,0
CH03757,강의+교육,120000,26430000,1062,4337,50,19.57,28.08,107.0,11,3802.66,4117.32,76.96,11.74,4099.83,0.5981,1.435,0.1224,5.47,0.0133,1,0.02,1,0,0,0,1
CH03758,BJ+연예인+인물,120000,45990000,1716,2632,50,3.14,3.86,18.0,0,18835.96,10692.95,665.52,37.2,18991.88,0.6281,1.228,0.0612,5.73,0.0067,1,0.02,0,0,1,0,0
CH03759,미용+패션,120000,40650000,2022,4794,50,0.45,0.67,2.0,0,2039.92,2496.75,10.56,0.34,2716.89,0.7684,0.672,0.102,2.0,0.0,0,0.0,0,0,0,0,0
CH03760,TV+방송,120000,39470000,324,3051,50,15.73,34.31,170.0,4,51041.62,48726.11,346.54,53.14,54610.22,0.4388,2.18,0.0612,10.8,0.0,0,0.0,0,0,0,0,1
CH03762,(미분류),120000,63510000,731,4728,50,1.45,1.39,7.0,0,188516.68,383831.42,2053.88,69.36,17154.47,0.6849,0.957,0.0612,4.83,0.0133,1,0.02,0,0,1,0,0
CH03763,(미분류),120000,54770000,142,843,50,5.61,30.17,214.0,1,155193.92,375107.68,2489.26,77.04,556582.36,0.3723,5.376,0.0204,38.13,0.0267,2,0.04,0,0,2,0,1
CH03764,(미분류),120000,20560000,123,640,50,3.04,3.57,15.0,0,92895.9,100364.52,1258.02,112.66,89738.81,0.6503,1.173,0.0816,4.93,0.0467,2,0.04,0,0,3,0,0
CH03765,미용+패션,130000,9110000,347,4934,50,4.98,6.74,35.0,1,5295.0,10840.26,47.5,6.32,5000.55,0.5852,1.353,0.0408,7.03,0.0,0,0.0,0,0,0,0,0
CH03768,게임,130000,35240000,594,3462,50,24.84,35.49,175.0,13,97301.8,125348.85,1795.7,110.56,110226.0,0.5719,1.429,0.0612,7.05,0.0067,1,0.02,0,0,1,0,0
CH03769,(미분류),130000,121940000,3753,3577,50,3.67,1.53,8.0,0,63939.26,30202.12,490.48,45.06,65519.5,0.8101,0.417,0.1429,2.18,0.0667,4,0.08,0,0,3,1,1
CH03770,게임,130000,34470000,1129,5494,50,5.88,5.59,21.0,0,17282.34,34531.18,231.15,67.72,17282.34,0.7216,0.95,0.0612,3.57,0.0,0,0.0,0,0,0,0,0
CH03771,IT+기술+컴퓨터,130000,15840000,390,3280,50,33.04,57.98,288.0,13,19930.0,62876.07,252.12,22.4,14440.67,0.4876,1.755,0.102,8.72,0.0,0,0.0,0,0,0,0,0
CH03772,게임,130000,23290000,567,3688,50,30.35,163.92,1148.0,2,23791.92,51280.83,300.12,40.44,15309.68,0.372,5.402,0.0204,37.83,0.04,2,0.04,0,0,2,0,0
CH03773,스포츠+운동,130000,104100000,649,3140,50,2.24,2.41,8.0,0,48012.68,66368.93,304.24,24.56,21977.32,0.6759,1.074,0.1633,3.56,0.0067,1,0.02,0,0,1,0,0
CH03774,TV+방송,130000,95240000,457,4057,50,43.37,95.27,641.0,15,319827.76,517220.94,4292.42,728.38,282149.16,0.4503,2.197,0.0204,14.78,0.02,1,0.02,0,1,0,0,1
CH03775,게임,130000,17490000,414,3203,50,0.33,0.55,2.0,0,5110.62,12918.9,44.58,10.0,4752.5,0.8105,0.549,0.0408,2.0,0.0467,3,0.06,0,0,3,0,1
CH03776,어린이+키즈,130000,20390000,283,3552,50,24.84,26.75,108.0,15,4104.5,5588.58,0.0,0.88,7606.0,0.6655,1.077,0.1224,4.35,0.02,1,0.02,0,0,1,0,1
CH03778,(미분류),130000,25690000,822,2792,50,9.61,30.1,145.0,4,4877.42,12648.52,0.0,3.52,4877.42,0.3965,3.132,0.0816,15.08,0.0,0,0.0,0,0,0,0,1
CH03779,(미분류),130000,20730000,283,2303,50,1.16,1.46,7.0,0,18107.6,19209.5,201.66,10.9,13961.8,0.617,1.257,0.0612,6.02,0.0267,2,0.04,0,0,2,0,0
CH03781,(미분류),130000,17000000,195,2262,50,8.55,4.4,25.0,0,57500.1,32015.17,1061.16,112.56,55829.53,0.8117,0.515,0.0612,2.92,0.0133,1,0.02,0,0,1,0,0
CH03782,(미분류),130000,60680000,1157,2915,50,8.0,29.51,211.0,1,22093.82,34642.99,174.34,38.3,19356.37,0.4005,3.689,0.0204,26.38,0.0133,1,0.02,0,0,1,0,0
CH03783,(미분류),130000,174940000,1044,1711,50,0.84,1.92,6.0,0,68467.94,53367.79,433.44,129.87,74242.49,0.5488,1.92,0.1224,6.0,0.0467,3,0.06,0,0,3,0,1
CH03784,(미분류),130000,47760000,10150,2287,50,0.0,0.0,0.0,0,498.42,397.73,18.7,0.36,478.97,1.0,0.0,0.0,0.0,0.0,0,0.0,0,0,0,0,0
CH03786,(미분류),130000,71060000,527,1438,50,4.51,2.73,7.0,0,78235.92,41535.83,1598.46,104.62,73361.68,0.7501,0.606,0.2041,1.55,0.0,0,0.0,0,0,0,0,0
CH03787,(미분류),130000,116510000,921,5204,50,1.47,4.92,35.0,1,102552.3,180786.84,842.84,76.38,72255.76,0.4089,3.346,0.0204,23.82,0.0267,2,0.04,0,0,2,0,0
CH03789,게임,130000,42600000,344,4066,50,50.96,299.85,2125.0,4,67629.94,92548.31,683.02,133.54,67961.51,0.3665,5.884,0.0204,41.7,0.02,2,0.04,0,0,2,0,1
CH03791,게임,130000,171930000,3767,4951,50,0.33,0.96,5.0,0,70040.92,35191.31,491.64,102.22,70040.92,0.674,0.956,0.0816,5.0,0.0267,2,0.04,0,0,2,0,0
CH03792,자동차,130000,73180000,625,3672,50,5.27,3.68,16.0,0,28631.4,24385.35,307.02,48.88,30292.69,0.7626,0.699,0.102,3.04,0.0133,1,0.02,0,0,1,0,0
CH03793,자동차,130000,112180000,5167,3261,50,0.0,0.0,0.0,0,6206.0,5035.54,80.28,5.52,5250.5,1.0,0.0,0.0,0.0,0.06,4,0.08,0,0,4,0,0
CH03794,(미분류),130000,580000,101,6132,50,4.43,12.48,63.0,3,7924.48,10398.54,37.92,1.24,7924.48,0.4126,2.819,0.0612,14.23,0.0,0,0.0,0,0,0,0,1
CH03795,(미분류),130000,97810000,1299,3605,50,2.39,4.48,32.0,1,17835.96,25291.52,246.96,23.86,9272.81,0.4678,1.875,0.0204,13.4,0.0267,2,0.04,0,0,2,0,0
CH03798,어린이+키즈,130000,61720000,263,1621,50,16.08,50.74,334.0,4,463450.5,870630.57,681.68,0.0,463450.5,0.4081,3.155,0.0408,20.77,0.0,0,0.0,0,0,0,0,1
CH03799,(미분류),130000,55600000,780,5370,50,5.98,5.54,28.0,0,67030.7,60509.62,2251.94,143.36,68817.9,0.6931,0.926,0.0612,4.68,0.02,1,0.02,0,0,1,0,0
CH03800,(미분류),130000,72100000,458,2038,50,6.53,5.85,45.0,1,127046.14,28015.06,1620.04,175.96,127046.14,0.6466,0.895,0.0204,6.89,0.04,3,0.06,0,0,3,0,0
CH03801,(미분류),130000,80680000,238,861,50,1.63,1.93,12.0,0,61665.56,84494.05,486.12,50.18,97029.35,0.5801,1.185,0.0816,7.35,0.0,0,0.0,0,0,0,0,0
CH03802,(미분류),130000,61790000,302,760,50,1.71,3.51,19.0,0,121439.48,546484.72,2819.92,219.84,223187.58,0.4396,2.048,0.0816,11.08,0.0,0,0.0,0,0,0,0,0
CH03803,(미분류),130000,58650000,749,1300,50,0.82,0.9,3.0,0,84603.56,77115.68,2913.38,136.84,73766.42,0.7576,0.896,0.0204,3.0,0.0067,1,0.02,0,0,1,0,0
CH03804,(미분류),130000,95930000,816,4751,50,3.92,1.23,7.0,0,147091.68,32264.2,910.7,165.34,147091.68,0.8196,0.313,0.2041,1.79,0.2533,19,0.38,0,0,19,0,0
CH03805,(미분류),130000,122690000,2001,4727,50,2.33,2.49,12.0,0,49429.56,28708.85,556.8,223.56,49944.66,0.6552,1.072,0.0816,5.16,0.12,7,0.14,2,0,5,0,0
CH03808,게임,130000,3650000,103,4361,50,2.63,1.95,8.0,0,36940.94,47050.02,179.74,3.04,0.0,0.7558,0.739,0.102,3.04,0.7733,37,0.74,0,0,2,37,0
CH03811,(미분류),130000,42100000,82,2831,50,30.45,32.64,136.0,17,619130.52,684662.85,5056.0,879.34,619130.52,0.6688,1.072,0.102,4.47,0.0667,3,0.06,0,2,1,1,1
CH03812,(미분류),130000,86190000,1134,4654,50,9.94,13.7,57.0,6,3005.8,5359.06,21.72,0.66,1108.4,0.6015,1.378,0.102,5.74,0.0267,2,0.04,0,0,2,0,0
CH03813,(미분류),130000,86190000,942,3153,50,2.35,2.21,9.0,0,32699.84,74784.33,176.6,51.92,35619.68,0.7092,0.941,0.0816,3.83,0.06,4,0.08,0,0,4,0,0
CH03814,국내+여행+해외,130000,23030000,703,2610,50,15.14,38.44,259.0,8,6488.28,11220.74,24.4,1.22,3933.2,0.4352,2.538,0.0204,17.1,0.0133,1,0.02,0,0,1,0,0
CH03815,(미분류),130000,109770000,325,4715,50,4.49,6.21,31.0,1,55851.74,106560.86,2537.14,82.4,68366.84,0.5798,1.384,0.0612,6.9,0.0,0,0.0,0,0,0,0,0
CH03817,(미분류),130000,23270000,200,4500,50,3.43,5.19,30.0,1,64307.82,100698.01,2313.82,232.04,40865.33,0.5162,1.515,0.0612,8.75,0.0,0,0.0,0,0,0,0,0
CH03818,(미분류),130000,42070000,235,1041,50,5.53,21.89,124.0,2,68495.88,103269.15,1041.48,66.26,128038.48,0.3886,3.959,0.0408,22.42,0.0,0,0.0,0,0,0,0,1
CH03819,(미분류),130000,81330000,275,587,50,0.67,1.0,4.0,0,105548.34,293445.43,1078.98,42.1,79762.36,0.6972,0.998,0.0816,4.0,0.0133,1,0.02,0,0,1,0,0
CH03820,(미분류),130000,68750000,201,3618,50,1.33,2.14,13.0,0,301694.06,335081.0,3864.44,144.3,324019.7,0.4847,1.615,0.0408,9.8,0.0467,3,0.06,0,0,3,0,0
CH03821,(미분류),130000,405470000,519,1243,50,1.94,4.95,30.0,1,25255.94,52527.95,0.0,14.4,73937.77,0.4223,2.555,0.0612,15.47,0.04,1,0.02,0,2,0,0,0
CH03822,게임,130000,51080000,341,4905,50,18.39,43.69,196.0,6,132492.44,371224.92,4292.26,117.5,202504.38,0.4236,2.376,0.0816,10.66,0.0,0,0.0,0,0,0,0,0
CH03823,어린이+키즈,130000,157910000,545,4178,50,24.29,126.44,893.0,5,18101.76,43512.15,88.22,0.0,18101.76,0.3744,5.206,0.0204,36.77,0.0,0,0.0,0,0,0,0,1
CH03824,BJ+연예인+인물,130000,146170000,2391,3863,50,2.35,10.41,72.0,1,35205.16,20805.02,389.64,8.74,34026.78,0.3797,4.437,0.0408,30.68,0.0533,4,0.08,0,0,4,0,0
CH03825,라이프+취미,130000,35900000,191,6657,50,47.98,139.47,942.0,16,313657.06,704084.33,2770.36,456.98,313657.06,0.4157,2.907,0.0408,19.63,0.0,0,0.0,0,0,0,0,1
CH03826,TV+방송,130000,2390000,1027,3848,50,0.0,0.0,0.0,0,883.72,748.56,16.22,0.74,595.0,1.0,0.0,0.0,0.0,0.0,0,0.0,0,0,0,0,0
CH03827,BJ+연예인+인물,130000,820000,80,2559,50,1.49,5.3,36.0,1,2811.36,7004.38,91.56,10.86,2811.36,0.3974,3.56,0.0408,24.16,0.02,1,0.02,0,0,0,1,1
CH03828,게임,130000,62800000,538,4618,50,11.76,18.19,117.0,5,15016.04,9220.25,447.31,40.4,15016.04,0.4792,1.548,0.0612,9.95,0.0133,1,0.02,0,0,1,0,1
CH03829,(미분류),130000,376260000,1840,5181,50,0.78,1.34,6.0,0,678586.84,984875.78,306.7,38.62,1454140.89,0.5908,1.344,0.1224,6.0,0.0,0,0.0,0,0,0,0,0
CH03830,(미분류),130000,35750000,85,1182,50,15.88,10.41,59.0,5,278174.9,217214.74,2513.9,419.2,308910.79,0.7264,0.656,0.1837,3.72,0.0,0,0.0,0,0,0,0,0
CH03831,(미분류),130000,253900000,905,5165,50,3.02,6.07,30.0,1,262342.54,538832.54,295.36,53.35,236623.33,0.4436,2.009,0.0816,9.93,0.0467,3,0.06,0,0,3,0,0
CH03834,미용+패션,130000,9750000,193,5035,50,29.53,38.74,254.0,14,13657.32,17078.21,285.93,24.44,13981.81,0.544,1.312,0.0408,8.6,0.0,0,0.0,0,0,0,0,0
CH03835,(미분류),130000,4280000,58,4142,50,61.88,147.48,1044.0,22,78995.04,386957.05,3345.78,398.26,89404.89,0.4417,2.383,0.0204,16.87,0.0,0,0.0,0,0,0,0,0
CH03836,(미분류),130000,18390000,2456,4128,50,3.76,2.84,13.0,0,3325.08,5417.01,106.36,22.24,3336.71,0.7654,0.756,0.0204,3.46,0.0133,1,0.02,0,0,1,0,0
CH03837,BJ+연예인+인물,130000,8790000,118,2795,50,10.76,15.27,91.0,3,52022.78,91154.36,426.92,63.0,71907.5,0.5322,1.42,0.0612,8.46,0.08,5,0.1,0,1,4,0,0
CH03838,자동차,130000,71670000,629,5650,50,16.71,27.49,149.0,7,81586.9,145926.05,475.66,73.22,38695.05,0.4956,1.644,0.0816,8.91,0.0267,2,0.04,0,0,2,0,1
CH03840,TV+방송,130000,64120000,386,3321,50,9.24,35.23,200.0,3,64759.28,232367.48,1773.98,17.06,51364.33,0.3856,3.811,0.0612,21.63,0.0,0,0.0,0,0,0,0,1
CH03841,가수+댄스+음악,130000,12400000,480,3314,50,0.8,1.5,9.0,0,2283.24,5242.77,12.02,0.74,2283.24,0.5165,1.498,0.0408,9.0,0.0,0,0.0,0,0,0,0,1
CH03842,(미분류),130000,40150000,2228,2722,50,3.1,3.35,14.0,0,9978.82,22235.2,88.88,6.9,10418.83,0.6848,1.081,0.0408,4.51,0.02,1,0.02,0,0,1,0,0
CH03844,(미분류),130000,19360000,125,2365,50,23.35,23.72,116.0,9,58809.34,36588.66,1455.74,136.62,58809.34,0.6673,1.016,0.0816,4.97,0.0,0,0.0,0,0,0,0,0
CH03845,미용+패션,130000,16420000,376,2852,50,3.16,12.75,90.0,1,15797.98,26126.58,193.94,26.38,6198.46,0.3932,4.032,0.0204,28.45,0.0133,1,0.02,0,0,1,0,0
CH03847,(미분류),130000,19520000,104,1065,50,5.71,8.31,38.0,2,139239.64,149573.69,6077.4,608.04,136705.51,0.5689,1.453,0.102,6.65,0.0933,7,0.14,0,0,7,0,1
CH03848,(미분류),130000,33270000,601,2811,50,2.8,1.31,8.0,0,62428.1,121472.73,5742.5,265.76,64255.02,0.8222,0.468,0.0612,2.86,0.0333,2,0.04,0,0,2,0,0
CH03849,(미분류),130000,22620000,59,2426,50,9.71,18.67,100.0,5,266346.62,619373.84,4727.3,565.36,507485.41,0.4405,1.922,0.102,10.29,0.0,0,0.0,0,0,0,0,0
CH03850,(미분류),130000,5485400000,84,3392,50,30.29,86.49,474.0,11,30169503.76,104218873.2,214270.44,5730.46,30752025.9,0.4174,2.856,0.0408,15.65,0.0,0,0.0,0,0,0,0,0
CH03851,레시피+요리+음식,130000,90710000,242,3631,50,11.73,31.08,218.0,2,123017.26,152852.44,1253.98,231.56,123017.26,0.4248,2.648,0.0408,18.58,0.0,0,0.0,0,0,0,0,1
CH03852,미용+패션,130000,28360000,82,3727,50,5.82,7.59,50.0,1,363034.42,258728.65,2986.18,265.39,363034.42,0.5448,1.305,0.0408,8.6,0.0533,2,0.04,0,0,1,2,1
CH03853,TV+방송,130000,84870000,1866,4122,50,2.39,1.4,6.0,0,38138.54,48424.74,995.84,105.68,38138.54,0.7787,0.585,0.1224,2.51,0.08,5,0.1,0,0,6,0,0
CH03855,BJ+연예인+인물,130000,54190000,1056,4154,50,5.8,9.23,45.0,2,163142.82,1000046.37,724.5,38.02,11292.19,0.5445,1.593,0.0408,7.76,0.04,3,0.06,0,0,3,0,0
CH03856,게임,130000,540000,573,4313,50,0.43,1.03,5.0,0,838.34,1192.55,5.74,1.8,362.39,0.6524,1.03,0.1224,5.0,0.0067,1,0.02,0,0,1,0,1
CH03857,TV+방송,130000,175840000,458,3346,50,18.59,113.37,804.0,1,408103.64,613481.25,2217.92,281.84,408103.64,0.3643,6.098,0.0204,43.24,0.06,5,0.1,0,0,5,0,1
CH03858,(미분류),130000,84230000,693,3403,50,6.51,25.44,142.0,2,218254.82,208148.79,8952.46,1259.22,259517.35,0.3896,3.908,0.0408,21.81,0.12,7,0.14,0,0,7,0,1
CH03859,(미분류),130000,44560000,498,2200,50,0.69,0.76,3.0,0,40037.86,45735.62,269.26,22.54,59529.37,0.7532,0.761,0.102,3.0,0.0133,1,0.02,0,0,1,0,0
CH03860,(미분류),130000,46890000,608,2879,50,4.27,14.38,103.0,1,884.84,1371.65,0.0,1.18,1114.25,0.4083,3.372,0.0204,24.15,0.0,0,0.0,0,0,0,0,1
CH03861,(미분류),130000,113160000,1786,2277,50,0.84,1.15,4.0,0,13372.6,11093.11,407.44,53.28,13372.6,0.6612,1.149,0.1429,4.0,0.16,11,0.22,0,0,11,1,0
CH03862,(미분류),130000,145800000,1079,5948,50,6.47,10.51,46.0,3,79907.26,123788.23,1148.48,98.82,122232.45,0.5486,1.624,0.0816,7.11,0.08,6,0.12,0,0,6,0,0
CH03863,(미분류),130000,39750000,137,1977,50,18.69,24.87,141.0,7,11769.1,10968.82,578.1,33.48,12633.32,0.5603,1.331,0.0816,7.54,0.0,0,0.0,0,0,0,0,0
CH03864,(미분류),130000,287160000,2527,5234,50,0.57,0.9,4.0,0,136558.56,339041.41,811.56,30.68,170539.17,0.7035,0.904,0.102,4.0,0.0133,1,0.02,0,0,1,0,0
CH03865,(미분류),130000,42450000,495,4765,50,3.88,5.57,27.0,0,11430.74,18107.27,265.82,12.72,5796.73,0.5614,1.436,0.102,6.96,0.0,0,0.0,0,0,0,0,0
CH03866,(미분류),130000,465870000,3912,1772,50,0.06,0.31,2.0,0,15021.3,18614.25,111.5,8.76,15317.57,0.8684,0.314,0.0408,2.0,0.1,5,0.1,1,0,6,0,0
CH03867,(미분류),130000,156110000,901,3724,50,1.78,4.87,33.0,1,123756.86,70208.24,607.86,501.54,123756.86,0.4213,2.743,0.0408,18.59,0.28,19,0.38,0,0,21,0,0
CH03868,게임,130000,66620000,1093,3309,50,1.04,1.11,5.0,0,30483.98,20425.86,350.9,90.66,38979.42,0.6725,1.062,0.0612,4.8,0.0,0,0.0,0,0,0,0,0
CH03869,BJ+연예인+인물,130000,26270000,181,5896,50,39.78,82.68,450.0,12,201733.02,565985.45,4089.64,456.02,201733.02,0.4318,2.079,0.102,11.31,0.0267,2,0.04,0,0,2,0,1
CH03871,게임,130000,146430000,6533,4798,50,0.78,1.28,5.0,0,22233.98,16051.03,112.0,68.2,22233.98,0.6314,1.282,0.102,5.0,0.0333,2,0.04,0,0,1,1,0
CH03872,가수+댄스+음악,130000,105460000,116,3534,50,28.94,41.65,214.0,14,110240.38,259989.04,1232.68,97.74,110240.38,0.5672,1.439,0.0408,7.39,0.0,0,0.0,0,0,0,0,1
CH03873,어린이+키즈,130000,69030000,505,3193,50,6.9,2.98,14.0,0,36863.62,139331.28,658.28,18.48,3950.0,0.8,0.433,0.1633,2.03,0.0,0,0.0,0,0,0,0,0
CH03874,만화+애니+영화,130000,154950000,354,3315,50,45.0,204.54,1089.0,2,379135.92,368681.93,2012.44,0.0,481995.42,0.3779,4.545,0.0408,24.2,0.0,0,0.0,0,0,0,0,0
CH03876,(미분류),130000,38950000,621,2927,50,5.51,13.49,92.0,1,21405.7,29780.12,219.76,57.04,26505.38,0.4389,2.448,0.0204,16.7,0.0133,1,0.02,0,0,1,0,0
CH03877,(미분류),130000,51940000,226,4707,50,16.47,22.28,145.0,8,78107.66,128705.53,889.46,82.5,93201.08,0.5283,1.353,0.0612,8.8,0.0333,2,0.04,0,0,2,0,1
CH03878,(미분류),130000,69180000,2687,2769,50,1.39,2.88,18.0,0,17692.4,30863.04,385.88,26.66,13299.7,0.4502,2.078,0.0408,12.97,0.0,0,0.0,0,0,0,0,0
CH03879,어린이+키즈,130000,47200000,764,3550,50,4.92,4.96,22.0,0,3943.84,2847.7,10.38,0.0,3430.09,0.6823,1.009,0.0816,4.47,0.0,0,0.0,0,0,0,0,0
CH03880,(미분류),130000,61720000,1591,3723,50,1.1,1.63,6.0,0,70741.02,248767.14,6330.04,189.78,68553.23,0.595,1.481,0.1224,5.44,0.0,0,0.0,0,0,0,0,0
CH03881,(미분류),130000,135640000,1340,2037,50,1.16,3.67,24.0,0,40513.92,33803.72,151.34,24.86,61835.57,0.408,3.157,0.0408,20.63,0.0,0,0.0,0,0,0,0,0
CH03883,어린이+키즈,130000,100690000,440,3391,50,38.84,144.77,1005.0,7,60047.64,80745.62,463.94,35.28,61251.33,0.3996,3.728,0.0204,25.88,0.0,0,0.0,0,0,0,0,0
CH03884,게임,130000,81590000,1923,4326,50,1.1,3.8,22.0,0,841.28,1429.8,14.32,1.14,0.0,0.3879,3.45,0.0816,19.96,0.0133,1,0.02,0,0,1,0,1
CH03885,게임,130000,108100000,2737,5062,50,2.33,2.44,12.0,0,5823.1,14145.64,72.98,25.14,5948.13,0.6642,1.047,0.0612,5.16,0.06,3,0.06,0,0,3,0,1
CH03887,반려동물+애완,130000,94040000,861,4795,50,2.43,1.21,5.0,0,31452.26,27500.02,1538.04,67.94,29758.15,0.8029,0.499,0.102,2.06,0.0067,1,0.02,0,0,1,0,0
CH03888,TV+방송,130000,1720000,89,3402,50,11.96,44.53,267.0,2,12747.32,36641.37,156.1,35.78,13236.0,0.3936,3.723,0.0408,22.33,0.0,0,0.0,0,0,0,0,1
CH03889,가수+댄스+음악,130000,45930000,228,4302,50,3.53,7.35,50.0,1,24361.32,43869.09,1258.7,86.64,27811.83,0.45,2.082,0.0408,14.16,0.0,0,0.0,0,0,0,0,1
CH03890,만화+애니+영화,130000,22060000,2480,4633,50,8.61,20.25,122.0,3,384.76,216.65,12.18,3.0,385.18,0.4309,2.351,0.0612,14.17,0.0,0,0.0,0,0,0,0,0
CH03891,스포츠+운동,130000,22970000,538,3583,50,8.2,10.74,43.0,4,3277.74,10863.84,24.48,5.94,1281.26,0.6219,1.309,0.102,5.24,0.0,0,0.0,0,0,0,0,0
CH03892,(미분류),130000,9880000,752,2068,50,3.82,2.53,10.0,0,18243.3,59655.44,1247.08,49.98,19575.19,0.7395,0.663,0.2041,2.62,0.0,0,0.0,0,0,0,0,0
CH03893,(미분류),130000,38760000,286,5318,50,2.98,3.33,12.0,0,30465.98,45899.21,458.94,22.04,26520.35,0.7007,1.117,0.0204,4.03,0.0,0,0.0,0,0,0,0,0
CH03894,레시피+요리+음식,130000,26390000,555,3574,50,7.22,6.81,36.0,1,37809.48,72789.19,1122.7,83.92,37809.48,0.6824,0.943,0.0612,4.98,0.06,4,0.08,0,0,4,0,0
CH03895,(미분류),130000,45040000,787,1313,50,1.18,1.04,4.0,0,73191.56,145721.23,940.74,104.58,73841.36,0.7182,0.882,0.1224,3.38,0.0333,2,0.04,0,1,1,0,0
CH03897,강의+교육,130000,8990000,77,2568,50,40.31,61.93,301.0,16,92471.64,319075.7,1468.72,127.36,120636.54,0.5327,1.536,0.1224,7.47,0.0,0,0.0,0,0,0,0,1
CH03898,국내+여행+해외,130000,25490000,301,3415,50,4.39,5.77,30.0,1,78858.62,173323.17,965.02,112.0,45268.88,0.5941,1.315,0.0408,6.84,0.1933,12,0.24,0,2,11,0,0
CH03899,TV+방송,130000,3850000,99,3606,50,21.73,34.18,139.0,11,4253.78,4642.72,0.0,10.18,4253.78,0.5667,1.573,0.102,6.4,0.0,0,0.0,0,0,0,0,0
CH03900,TV+방송,130000,44380000,339,5002,50,8.53,15.46,103.0,2,32459.26,31869.48,419.88,169.02,32459.26,0.4655,1.812,0.0408,12.07,0.0067,1,0.02,0,0,1,0,1
CH03901,(미분류),130000,18130000,100,2588,50,13.9,13.04,81.0,4,249973.76,661898.29,2541.02,184.8,249973.76,0.6588,0.938,0.0612,5.83,0.28,14,0.28,0,0,14,0,1
CH03902,(미분류),130000,33240000,230,1882,50,5.96,3.32,14.0,0,15276.7,16859.08,268.98,39.54,17390.11,0.7599,0.557,0.2041,2.35,0.0,0,0.0,0,0,0,0,0
CH03903,(미분류),130000,124760000,2720,5405,50,0.43,0.57,2.0,0,50178.14,61880.58,342.26,62.96,42343.3,0.8059,0.571,0.0408,2.0,0.18,11,0.22,0,0,10,1,0
CH03904,게임,130000,277840000,606,4627,50,0.49,0.54,2.0,0,237288.98,183010.14,2497.44,56.1,0.0,0.8187,0.539,0.0204,2.0,0.0,0,0.0,0,0,0,0,0
CH03907,강의+교육,130000,20120000,562,2982,50,2.78,4.26,19.0,0,29978.64,89188.45,385.44,14.18,69533.71,0.5506,1.536,0.1224,6.85,0.04,3,0.06,0,0,3,0,0
CH03908,라이프+취미,130000,86970000,923,2775,50,7.65,10.26,77.0,1,54978.7,30449.01,2797.94,87.35,55852.92,0.5075,1.341,0.0204,10.06,0.0333,2,0.04,0,0,2,0,0
CH03910,(미분류),130000,35830000,659,1973,50,3.76,3.01,14.0,0,8567.26,12194.04,472.4,27.7,8567.26,0.7446,0.801,0.0408,3.73,0.0,0,0.0,0,0,0,0,0
CH03911,(미분류),130000,21910000,276,3016,50,9.65,12.02,51.0,4,99429.98,255593.69,2128.26,150.0,58486.46,0.633,1.245,0.0816,5.28,0.0867,5,0.1,2,0,3,1,0
CH03912,(미분류),130000,108230000,186,1640,50,0.45,1.03,5.0,0,262332.9,325905.81,3263.26,327.26,266534.4,0.6645,1.031,0.0816,5.0,0.0133,1,0.02,0,0,1,0,1
CH03915,(미분류),130000,21130000,92,3929,50,33.76,62.63,309.0,14,402327.64,350685.48,5023.94,394.0,408599.51,0.4748,1.855,0.0816,9.15,0.0067,1,0.02,0,0,1,0,0
CH03916,(미분류),130000,78940000,616,1475,50,1.06,1.08,5.0,0,151280.44,334618.18,925.32,88.32,33759.84,0.6687,1.015,0.102,4.71,0.0,0,0.0,0,0,0,0,0
CH03917,(미분류),130000,143640000,64,1333,50,4.14,8.99,56.0,1,3207053.22,10822149.13,64850.66,533.3,602314.5,0.4455,2.169,0.0408,13.52,0.0,0,0.0,0,0,0,0,0
CH03918,IT+기술+컴퓨터,140000,57030000,176,3493,50,31.14,81.26,503.0,8,111430.82,113191.84,1306.56,214.5,125330.41,0.414,2.609,0.0816,16.15,0.0,0,0.0,0,0,0,0,1
CH03919,게임,140000,50610000,3289,2749,50,0.08,0.34,2.0,0,7170.36,9776.94,80.82,2.76,6900.45,0.8547,0.34,0.0612,2.0,0.0,0,0.0,0,0,0,0,0
CH03920,강의+교육,140000,26340000,788,3424,50,1.84,1.94,9.0,0,32521.7,41708.03,293.1,14.34,14405.7,0.6521,1.057,0.1224,4.9,0.0,0,0.0,0,0,0,0,0
CH03922,국내+여행+해외,140000,70880000,581,2960,50,22.84,105.08,739.0,4,6190.32,4758.57,93.0,2.38,9382.36,0.3831,4.601,0.0204,32.36,0.0133,1,0.02,1,0,0,0,0
CH03923,가수+댄스+음악,140000,43950000,230,5305,50,6.78,23.38,160.0,2,1754.62,1364.72,15.24,1.94,1090.0,0.4001,3.45,0.0408,23.61,0.0,0,0.0,0,0,0,0,0
CH03926,(미분류),140000,58880000,738,2868,50,4.71,1.07,7.0,0,34039.12,29987.0,252.76,17.82,34039.12,0.8708,0.227,0.1224,1.48,0.0333,2,0.04,0,0,2,0,0
CH03927,스포츠+운동,140000,20480000,76,2176,50,31.12,74.35,450.0,10,219958.46,291294.39,5615.1,465.22,196834.69,0.423,2.389,0.0816,14.46,0.0133,1,0.02,0,0,1,0,1
CH03930,(미분류),140000,89200000,293,2730,50,1.71,1.88,9.0,0,112126.44,225085.28,927.98,51.12,71111.0,0.6433,1.099,0.102,5.25,0.0933,7,0.14,0,0,7,0,0
CH03931,(미분류),140000,56420000,294,3803,50,13.02,16.85,99.0,3,119328.82,97112.06,2370.1,288.63,120895.45,0.5742,1.294,0.0408,7.6,0.0,0,0.0,0,0,0,0,1
CH03932,라이프+취미,140000,106820000,1824,5058,50,17.41,25.24,103.0,10,24771.22,15422.49,235.9,15.58,17600.38,0.584,1.45,0.1224,5.92,0.0,0,0.0,0,0,0,0,0
CH03935,레시피+요리+음식,140000,25540000,589,5053,50,12.47,11.47,51.0,4,110451.3,448613.4,1189.6,30.92,110451.3,0.7048,0.92,0.0816,4.09,0.0,0,0.0,0,0,0,0,1
CH03936,BJ+연예인+인물,140000,66590000,1792,5053,50,0.53,2.15,13.0,0,12751.42,11232.86,99.82,7.44,12810.62,0.4466,2.149,0.0408,13.0,0.0133,1,0.02,0,0,1,0,0
CH03937,게임,140000,224080000,4985,4194,50,1.82,1.39,5.0,0,18286.12,19124.71,37.64,31.09,18286.12,0.7399,0.768,0.1429,2.75,0.12,6,0.12,0,0,6,0,1
CH03938,게임,140000,118760000,759,4042,50,0.69,1.3,6.0,0,201124.98,215796.79,836.54,186.65,187101.12,0.6075,1.297,0.0816,6.0,0.0267,2,0.04,0,0,2,0,1
CH03940,어린이+키즈,140000,70040000,910,3882,50,8.55,11.39,42.0,4,5058.96,9051.77,27.16,0.68,0.0,0.6292,1.332,0.102,4.91,0.0,0,0.0,0,0,0,0,0
CH03941,IT+기술+컴퓨터,140000,101950000,225,3070,50,9.08,15.99,111.0,2,6209.28,11906.16,85.56,2.88,5328.6,0.475,1.761,0.0204,12.22,0.0,0,0.0,0,0,0,0,1
CH03943,(미분류),140000,139270000,6051,1544,50,0.18,0.9,6.0,0,6414.54,10702.06,64.5,6.94,7156.55,0.6657,0.896,0.0408,6.0,0.04,4,0.08,0,0,4,0,0
CH03944,(미분류),140000,20380000,455,2310,50,3.29,3.65,14.0,0,3194.66,3749.75,88.56,5.8,3243.05,0.6885,1.112,0.0408,4.26,0.0133,1,0.02,0,0,1,0,0
CH03946,(미분류),140000,92260000,1768,4070,50,5.98,8.82,52.0,1,117459.36,147001.33,668.62,53.14,137419.62,0.527,1.476,0.0408,8.7,0.0333,3,0.06,0,1,2,0,0
CH03948,게임,140000,80720000,228,3875,50,7.78,4.64,35.0,1,159037.76,112199.24,1643.7,196.6,159037.76,0.7641,0.597,0.0204,4.5,0.06,4,0.08,0,0,4,0,1
CH03949,미용+패션,140000,33860000,575,3931,50,6.29,5.55,20.0,0,15925.1,25339.8,280.38,43.86,19160.03,0.7236,0.883,0.1224,3.18,0.0,0,0.0,0,0,0,0,0
CH03950,게임,140000,87310000,1527,3847,50,1.65,1.2,4.0,0,112957.34,112437.71,1454.72,311.14,20606.8,0.7709,0.729,0.0612,2.42,0.0267,2,0.04,0,0,2,0,0
CH03951,레시피+요리+음식,140000,12980000,452,4334,50,14.59,29.36,153.0,3,10256.66,12136.65,353.74,12.12,14363.56,0.4538,2.012,0.0408,10.49,0.0,0,0.0,0,0,0,0,1
CH03952,TV+방송,140000,13790000,224,3133,50,2.37,3.61,20.0,0,35892.08,159013.16,400.46,12.56,117900.55,0.5239,1.526,0.0612,8.45,0.0067,1,0.02,0,0,1,0,0
CH03953,(미분류),140000,101200000,3344,2453,50,8.98,18.22,89.0,5,39451.62,55511.37,3123.04,44.72,14834.38,0.4492,2.029,0.0612,9.91,0.2733,17,0.34,0,0,20,0,0
CH03954,(미분류),140000,48820000,246,2561,50,31.31,70.4,434.0,9,388858.74,433361.48,8204.48,770.5,388858.74,0.4294,2.249,0.0816,13.86,0.06,4,0.08,0,0,4,0,1
CH03955,(미분류),140000,98220000,637,1839,50,3.57,0.53,4.0,0,13231.5,24728.48,90.6,8.42,13231.5,0.9288,0.15,0.0204,1.12,0.02,1,0.02,0,0,1,0,0
CH03957,어린이+키즈,140000,18980000,509,3380,50,12.45,12.81,63.0,5,22763.48,40445.06,422.38,46.26,27906.61,0.657,1.029,0.102,5.06,0.0,0,0.0,0,0,0,0,0
CH03958,(미분류),140000,30660000,181,1304,50,3.61,0.0,158.0,2,13998.09,19942.57,1409.61,36.23,24217.12,0.3951,3.912,0.0222,25.95,0.0,0,0.0,0,0,0,0,0
CH03960,(미분류),140000,45470000,272,4727,50,13.35,15.74,104.0,4,123828.14,63668.64,3512.88,388.58,123828.14,0.5741,1.179,0.0612,7.79,0.0733,4,0.08,0,2,2,0,0
CH03961,(미분류),140000,450310000,499,991,50,1.02,1.85,7.0,0,34353.3,78068.61,299.64,38.9,80847.4,0.5187,1.809,0.1633,6.86,0.0133,1,0.02,0,0,1,0,0
CH03962,강의+교육,140000,31590000,409,4050,50,48.18,140.42,810.0,6,87752.7,329042.13,662.76,50.92,105586.74,0.4094,2.914,0.0612,16.81,0.0133,1,0.02,0,0,1,0,0
CH03963,스포츠+운동,140000,27570000,348,3090,50,8.63,7.75,30.0,1,8331.26,8627.61,116.66,6.06,7487.2,0.7254,0.898,0.0816,3.48,0.0,0,0.0,0,0,0,0,0
CH03964,TV+방송,140000,59960000,194,3086,50,9.63,15.53,90.0,5,396951.98,561914.83,11387.56,513.72,476652.42,0.4796,1.612,0.102,9.34,0.0,0,0.0,0,0,0,0,1
CH03965,어린이+키즈,140000,34760000,4583,4902,50,2.53,9.12,46.0,2,1657.54,1534.84,21.12,2.27,1346.18,0.3964,3.604,0.0408,18.18,0.0,0,0.0,0,0,0,0,0
CH03966,BJ+연예인+인물,140000,23670000,215,3235,50,31.9,71.89,357.0,14,56001.1,93989.63,561.65,50.32,72187.69,0.4292,2.254,0.0816,11.19,0.0333,1,0.02,0,1,1,0,1
CH03967,가수+댄스+음악,140000,88880000,963,3310,50,8.67,12.91,67.0,2,45643.04,67554.91,1617.45,176.36,37910.19,0.5537,1.488,0.0408,7.72,0.7,47,0.94,1,0,52,0,0
CH03968,(미분류),140000,43960000,402,2307,50,8.94,13.91,66.0,4,84998.26,87971.53,1307.64,268.3,54366.54,0.5459,1.556,0.0816,7.38,0.0,0,0.0,0,0,0,0,0
CH03969,(미분류),140000,78750000,520,2726,50,14.82,22.01,102.0,5,135005.1,200127.4,5557.84,257.6,158734.05,0.5718,1.486,0.0612,6.88,0.0,0,0.0,0,0,0,0,1
CH03970,어린이+키즈,140000,105220000,392,2441,50,1.71,3.53,20.0,0,359925.0,563502.2,2397.52,4.96,461782.37,0.4513,2.058,0.0408,11.67,0.0067,1,0.02,0,0,1,0,1
CH03971,(미분류),140000,75000000,452,1625,50,3.47,3.73,18.0,0,137084.5,139037.17,6572.52,147.54,152729.36,0.6602,1.074,0.0612,5.19,0.0533,4,0.08,0,0,4,0,0
CH03972,(미분류),140000,38950000,155,3722,50,4.78,3.57,13.0,0,149737.5,170216.11,4222.64,174.52,160048.13,0.7616,0.748,0.0816,2.72,0.0533,4,0.08,0,0,4,0,0
CH03973,(미분류),140000,25090000,585,2460,50,4.37,9.64,67.0,1,32996.48,129357.16,268.06,7.9,15931.13,0.4498,2.206,0.0204,15.34,0.0133,1,0.02,0,0,1,0,0
CH03974,(미분류),140000,111310000,943,3746,50,1.49,1.09,5.0,0,69529.04,34779.84,484.76,80.16,70436.63,0.7663,0.732,0.0408,3.36,0.0,0,0.0,0,0,0,0,0
CH03975,(미분류),140000,27360000,50,796,50,3.39,3.81,16.0,0,257574.54,522753.37,1042.82,36.94,257574.54,0.6556,1.123,0.102,4.72,0.0,0,0.0,0,0,0,0,0
CH03977,라이프+취미,140000,40150000,706,3452,50,12.53,63.35,449.0,2,47176.62,233195.58,531.94,22.68,9734.35,0.3764,5.056,0.0204,35.83,0.0,0,0.0,0,0,0,0,0
CH03978,스포츠+운동,140000,54890000,1259,3742,50,1.06,4.95,25.0,0,2838.6,2205.27,13.16,0.22,1948.83,0.3761,4.661,0.0408,23.56,0.0,0,0.0,0,0,0,0,0
CH03979,스포츠+운동,140000,132400000,2896,4732,50,13.43,56.9,300.0,3,66055.4,118900.71,172.21,3.53,1493.29,0.3832,4.237,0.0408,22.34,0.0,0,0.0,0,0,0,0,1
CH03980,레시피+요리+음식,140000,41670000,1186,4437,50,11.06,42.04,300.0,1,12762.68,72033.31,119.56,24.7,12975.67,0.398,3.801,0.0204,27.12,0.06,3,0.06,0,0,3,0,1
CH03981,국내+여행+해외,140000,42260000,856,4714,50,9.29,14.9,94.0,3,2710.58,3153.4,78.26,19.74,2710.58,0.4797,1.605,0.0408,10.12,0.1267,6,0.12,1,2,5,0,0
CH03982,TV+방송,140000,19380000,79,3009,50,19.67,21.7,130.0,9,151191.04,138809.89,1840.7,186.98,151191.04,0.6102,1.103,0.0816,6.61,0.0,0,0.0,0,0,0,0,1
CH03983,가수+댄스+음악,140000,100040000,846,2812,50,1.35,1.85,7.0,0,9679.4,23855.18,118.94,15.46,10610.22,0.6175,1.371,0.102,5.2,0.0,0,0.0,0,0,0,0,0
CH03984,만화+애니+영화,140000,22220000,56,4973,50,83.59,163.27,745.0,18,431212.9,1390309.78,17047.07,1312.09,439585.84,0.4759,1.953,0.0816,8.91,0.0,0,0.0,0,0,0,0,1
CH03985,(미분류),140000,68920000,82,2288,50,35.88,53.03,330.0,17,484464.38,599820.4,5389.7,266.2,486498.98,0.5063,1.478,0.0612,9.2,0.0533,3,0.06,0,0,2,1,0
CH03986,(미분류),140000,39780000,396,2092,50,1.0,1.44,6.0,0,104183.5,276343.33,1916.92,130.48,130807.03,0.6006,1.443,0.0612,6.0,0.0,0,0.0,0,0,0,0,0
CH03987,어린이+키즈,140000,131110000,1807,2925,50,1.53,5.82,29.0,0,40388.98,40008.6,371.68,9.14,65361.8,0.3857,3.803,0.0612,18.95,0.0,0,0.0,0,0,0,0,0
CH03988,(미분류),140000,44370000,220,2090,50,6.41,4.13,19.0,0,148951.34,160076.88,3335.6,143.98,165311.68,0.7551,0.645,0.1633,2.96,0.0533,4,0.08,0,0,4,0,0
CH03989,(미분류),140000,29650000,146,2947,50,6.02,6.38,27.0,0,30013.52,22128.64,380.32,11.8,37120.79,0.6698,1.059,0.102,4.48,0.02,1,0.02,0,0,1,0,0
CH03990,(미분류),140000,35460000,98,840,50,3.57,3.89,15.0,0,302697.24,234379.58,6151.62,609.96,171304.29,0.6683,1.09,0.1224,4.2,0.0133,1,0.02,0,0,1,0,0
CH03993,게임,140000,74880000,676,4300,50,12.92,32.67,173.0,4,34751.4,44171.15,410.84,96.52,34751.4,0.4233,2.529,0.0612,13.39,0.04,2,0.04,0,0,2,0,1
CH03997,가수+댄스+음악,140000,50690000,1104,4614,50,14.06,53.49,378.0,2,10608.98,34058.94,86.6,6.9,10608.98,0.398,3.804,0.0204,26.88,0.0133,1,0.02,0,0,1,0,1
CH03998,BJ+연예인+인물,140000,520000,69,3727,50,30.61,131.81,909.0,6,5245.0,7093.31,63.84,9.8,5550.24,0.3881,4.306,0.0204,29.69,0.0267,2,0.04,0,0,2,0,1
CH03999,어린이+키즈,140000,82180000,73,3484,50,8.45,14.46,82.0,3,730432.6,1725975.68,2970.06,0.0,730432.6,0.4744,1.712,0.0612,9.71,0.0,0,0.0,0,0,0,0,1
CH04000,스포츠+운동,140000,89300000,847,2857,50,3.88,4.1,18.0,0,22545.32,59518.43,125.14,9.64,24151.03,0.6717,1.057,0.0816,4.64,0.0,0,0.0,0,0,0,0,0
CH04002,(미분류),140000,23500000,700,3204,50,27.92,154.0,1082.0,2,1645.38,1274.49,162.16,14.32,1645.38,0.3706,5.516,0.0204,38.76,0.1267,9,0.18,3,0,6,0,1
CH04003,(미분류),140000,35180000,178,2383,50,22.61,97.85,684.0,4,62330.5,226246.95,1463.35,20.84,39450.77,0.3877,4.327,0.0204,30.25,0.0,0,0.0,0,0,0,0,1
CH04004,(미분류),140000,137530000,1132,4087,50,0.82,0.9,3.0,0,37625.12,32880.55,358.76,37.26,37625.12,0.7392,0.896,0.0816,3.0,0.1333,8,0.16,0,0,9,0,0
CH04005,(미분류),140000,199780000,677,2773,50,2.12,2.63,11.0,0,22098.92,84881.72,134.76,13.08,7813.74,0.6364,1.24,0.0816,5.18,0.0133,2,0.04,0,0,2,0,0
CH04006,(미분류),140000,350070000,2334,4420,50,0.33,0.87,5.0,0,2098518.54,2510549.91,1137.7,48.14,2969536.89,0.6863,0.866,0.0816,5.0,0.0133,1,0.02,0,0,1,0,0
CH04007,(미분류),140000,31990000,216,2678,50,10.49,4.53,25.0,0,244554.98,141248.88,4459.86,497.2,244554.98,0.8185,0.432,0.102,2.38,0.0133,1,0.02,1,0,0,0,0
CH04008,(미분류),140000,24100000,231,1845,50,6.82,4.17,21.0,0,165181.24,194828.44,4290.84,325.14,165181.24,0.7711,0.612,0.1224,3.08,0.0133,1,0.02,0,0,1,0,0
CH04009,어린이+키즈,140000,93360000,655,3656,50,43.29,191.28,1335.0,6,18086.88,24171.72,122.37,28.12,26215.85,0.3861,4.419,0.0204,30.84,0.0,0,0.0,0,0,0,0,0
CH04010,게임,140000,96830000,1601,3691,50,12.27,51.15,338.0,2,4514.7,3039.61,58.54,25.94,4649.67,0.3845,4.17,0.0408,27.56,0.0,0,0.0,0,0,0,0,1
CH04011,라이프+취미,140000,27790000,596,5288,50,9.43,11.84,61.0,3,32872.72,19105.31,984.52,151.84,31292.61,0.6042,1.255,0.0612,6.47,0.0,0,0.0,0,0,0,0,0
CH04012,만화+애니+영화,140000,15980000,57,3666,50,21.51,61.69,312.0,5,246482.7,797994.28,3918.78,107.02,51511.0,0.3987,2.868,0.102,14.5,0.0333,2,0.04,0,0,2,0,0
CH04013,(미분류),140000,46350000,240,3893,50,3.16,5.01,27.0,0,8671.24,8676.02,103.1,18.32,9935.0,0.5048,1.583,0.102,8.54,0.0667,5,0.1,0,1,4,0,0
CH04014,(미분류),140000,113610000,277,2586,50,6.29,25.25,181.0,1,194380.0,102787.59,2627.2,174.94,194380.0,0.3935,4.017,0.0204,28.8,0.0533,3,0.06,0,2,1,0,1
CH04015,(미분류),140000,194970000,649,5492,50,4.1,5.91,22.0,0,627233.78,1136622.45,627.28,55.08,725362.8,0.5945,1.44,0.1429,5.36,0.0,0,0.0,0,0,0,0,0
CH04016,어린이+키즈,140000,87100000,159,2609,50,17.88,49.05,321.0,6,1204463.12,2569071.31,1448.94,1.64,1512168.74,0.4213,2.744,0.0408,17.96,0.0,0,0.0,0,0,0,0,0
CH04017,어린이+키즈,140000,132340000,340,3356,50,5.8,4.61,20.0,0,97629.76,103970.65,100.0,0.0,97629.76,0.7288,0.796,0.1224,3.45,0.0,0,0.0,0,0,0,0,0
CH04018,(미분류),140000,114350000,1059,4005,50,0.98,1.48,9.0,0,32767.98,29858.91,1066.26,115.18,32767.98,0.5243,1.478,0.0204,9.0,0.0,0,0.0,0,0,0,0,0
CH04019,(미분류),140000,27850000,231,4882,50,8.82,4.45,22.0,0,147284.66,50483.94,6776.86,319.4,147284.66,0.8016,0.505,0.102,2.5,0.08,5,0.1,0,2,4,0,0
CH04022,게임,140000,50250000,4445,4976,50,0.86,0.76,3.0,0,2127.24,2192.51,0.0,3.94,1909.44,0.7419,0.756,0.1429,3.0,0.0467,3,0.06,0,0,3,0,0
CH04023,게임,140000,341570000,2610,3556,50,0.0,0.0,0.0,0,131491.72,118660.83,0.0,81.04,27968.89,1.0,0.0,0.0,0.0,0.02,1,0.02,0,0,1,0,0
CH04024,반려동물+애완,140000,48350000,504,2665,50,5.16,12.87,78.0,2,6801.58,4946.7,382.86,11.4,6017.0,0.4248,2.492,0.0612,15.11,0.0067,1,0.02,0,0,1,0,0
CH04026,(미분류),140000,257150000,357,5125,50,23.98,72.74,352.0,7,462035.3,954712.78,9755.47,98.67,2134292.0,0.4056,3.034,0.0612,14.68,0.0,0,0.0,0,0,0,0,0
CH04027,(미분류),140000,145450000,297,3218,50,4.43,7.14,26.0,0,37186.04,99797.51,377.84,34.16,54949.04,0.5726,1.612,0.1224,5.87,0.0,0,0.0,0,0,0,0,0
CH04028,(미분류),140000,228850000,5180,3546,50,0.04,0.2,1.0,0,86932.08,81303.61,601.68,21.22,87111.86,0.9052,0.198,0.0408,1.0,0.04,3,0.06,0,0,3,0,0
CH04029,TV+방송,140000,90160000,416,3330,50,21.31,49.05,269.0,6,59214.44,132061.94,360.8,34.37,78124.59,0.433,2.302,0.0612,12.63,0.0,0,0.0,0,0,0,0,1
CH04030,라이프+취미,140000,45150000,583,4610,50,2.69,3.44,20.0,0,5094.48,5738.43,43.58,2.36,5094.48,0.5688,1.275,0.0816,7.42,0.0,0,0.0,0,0,0,0,0
CH04031,게임,140000,58320000,1296,4792,50,10.96,37.01,185.0,3,22003.28,47844.64,372.72,170.98,22672.09,0.3959,3.377,0.0612,16.88,0.14,7,0.14,0,0,7,0,0
CH04032,미용+패션,140000,18030000,160,3177,50,26.24,104.59,745.0,4,198307.4,804581.34,5904.18,62.1,4504.71,0.3942,3.985,0.0204,28.39,0.0,0,0.0,0,0,0,0,0
CH04033,레시피+요리+음식,140000,64620000,1065,2287,50,1.57,0.81,4.0,0,38477.14,58152.23,491.42,83.28,41469.65,0.7812,0.514,0.1633,2.55,0.1,7,0.14,0,0,7,0,0
CH04034,(미분류),140000,56100000,469,2033,50,2.61,4.13,16.0,0,310653.86,1131435.22,2238.8,82.38,56281.28,0.58,1.581,0.0816,6.13,0.0133,1,0.02,0,0,1,0,0
CH04035,(미분류),140000,155490000,1296,6704,50,4.43,3.11,14.0,0,36934.84,49140.79,448.18,133.76,33715.89,0.7646,0.702,0.0816,3.16,0.0133,1,0.02,0,0,1,0,0
CH04036,자동차,140000,51830000,651,4052,50,1.69,1.57,7.0,0,44862.0,43804.36,507.54,91.08,47118.97,0.7151,0.925,0.0408,4.13,0.0067,1,0.02,0,0,1,0,0
CH04037,(미분류),140000,106180000,239,3494,50,6.08,17.59,100.0,2,25783.92,46834.18,606.9,46.34,34542.15,0.4162,2.892,0.0408,16.44,0.0,0,0.0,0,0,0,0,0
CH04039,어린이+키즈,140000,19470000,388,1940,50,7.29,12.01,54.0,5,1782.16,2491.87,15.69,3.0,3442.67,0.5321,1.649,0.102,7.41,0.0,0,0.0,0,0,0,0,0
CH04040,어린이+키즈,140000,109500000,1081,3748,50,2.63,3.41,14.0,0,82523.82,91301.61,975.74,375.7,82523.82,0.627,1.297,0.0816,5.32,0.0667,5,0.1,0,0,5,0,0
CH04044,(미분류),140000,86970000,419,2584,50,22.61,60.73,378.0,6,195499.48,344996.28,4868.67,103.82,85137.1,0.4173,2.686,0.0612,16.72,0.0,0,0.0,0,0,0,0,0
CH04045,(미분류),140000,39370000,128,2769,50,6.37,8.77,52.0,2,181721.1,146578.4,3392.32,216.66,153121.26,0.5505,1.377,0.0408,8.17,0.0333,2,0.04,0,0,1,1,0
CH04046,(미분류),140000,266160000,582,3861,50,2.24,4.38,22.0,0,259857.5,705368.33,3288.54,43.18,4463.56,0.4507,1.95,0.0816,9.8,0.0,0,0.0,0,0,0,0,0
CH04047,(미분류),140000,117170000,1085,1914,50,10.9,74.5,527.0,1,80568.76,141848.98,1100.12,117.02,98422.49,0.3577,6.836,0.0204,48.36,0.0,0,0.0,0,0,0,0,1
CH04048,(미분류),140000,97140000,288,7468,50,6.57,1.2,8.0,0,23322.16,21440.28,701.34,116.46,23322.16,0.9047,0.182,0.0612,1.22,0.0,0,0.0,0,0,0,0,0
CH04049,(미분류),140000,33030000,205,707,50,2.41,3.42,18.0,0,73331.3,87776.48,0.0,34.44,108990.81,0.5544,1.419,0.0816,7.47,0.0,0,0.0,0,0,0,0,0
CH04050,(미분류),140000,113500000,576,527,50,0.18,0.52,3.0,0,115612.88,176865.43,1054.9,96.84,133080.2,0.7857,0.522,0.1429,3.0,0.0267,2,0.04,0,0,2,0,0
CH04051,라이프+취미,150000,63630000,462,3646,50,5.49,7.63,30.0,1,41429.74,20429.26,631.28,51.8,41783.36,0.6082,1.39,0.102,5.46,0.0,0,0.0,0,0,0,0,0
CH04052,라이프+취미,150000,41270000,507,3927,50,20.96,30.54,166.0,12,5014.16,8087.57,90.14,16.0,5083.72,0.5384,1.457,0.0816,7.92,0.0,0,0.0,0,0,0,0,1
CH04053,경제+부동산+주식,150000,33390000,946,4309,50,24.53,141.14,993.0,2,4523.62,6071.73,0.0,0.0,4523.62,0.3679,5.754,0.0204,40.48,0.1467,9,0.18,0,0,10,0,0
CH04055,TV+방송,150000,58040000,304,3488,50,3.63,1.66,9.0,0,224756.7,152491.6,1982.96,172.93,224756.7,0.8124,0.458,0.102,2.48,0.0267,2,0.04,0,0,2,0,1
CH04057,어린이+키즈,150000,122330000,1151,3804,50,28.63,71.43,408.0,9,44540.38,53963.85,134.15,8.35,43933.89,0.4125,2.495,0.102,14.25,0.04,3,0.06,0,0,3,0,0
CH04060,(미분류),150000,2040000,121,2782,50,3.24,5.93,37.0,1,26484.42,35175.25,445.56,13.88,28961.43,0.4585,1.826,0.0612,11.4,0.0133,1,0.02,0,0,1,0,0
CH04061,(미분류),150000,6890000,141,4258,50,10.49,16.5,83.0,4,26533.12,17084.05,167.8,16.88,29508.66,0.5356,1.573,0.0612,7.91,0.0,0,0.0,0,0,0,0,0
CH04063,(미분류),150000,66960000,358,1653,50,6.53,7.36,37.0,2,316108.52,431096.64,2518.2,213.42,271878.66,0.6405,1.127,0.0612,5.67,0.1,7,0.14,0,0,7,0,0
CH04065,TV+방송,150000,93650000,897,3815,50,2.35,2.25,12.0,0,113635.72,142379.47,1174.7,114.22,92475.29,0.6768,0.957,0.0612,5.11,0.0333,2,0.04,0,0,2,0,0
CH04067,BJ+연예인+인물,150000,65410000,787,2996,50,7.04,26.28,157.0,2,45978.66,65651.49,201.76,0.0,44516.44,0.3934,3.732,0.0408,22.3,0.0,0,0.0,0,0,0,0,1
CH04068,(미분류),150000,103760000,857,1727,50,1.92,1.54,7.0,0,39511.36,69252.23,1213.64,63.53,0.0,0.7407,0.801,0.0612,3.65,0.0,0,0.0,0,0,0,0,1
CH04069,(미분류),150000,49790000,226,4978,50,27.86,42.12,179.0,12,347860.46,926843.38,3989.49,114.1,125946.82,0.5706,1.512,0.102,6.43,0.0133,2,0.04,0,0,2,0,0
CH04070,(미분류),150000,51630000,2718,2727,50,0.18,0.39,1.0,0,10235.22,8339.21,120.76,26.28,11259.26,0.8053,0.387,0.1837,1.0,0.0,0,0.0,0,0,0,0,0
CH04071,(미분류),150000,63830000,436,4100,50,3.35,1.32,8.0,0,72735.16,22141.69,2039.08,347.28,72735.16,0.8159,0.394,0.1429,2.39,0.0,0,0.0,0,0,0,0,0
CH04072,(미분류),150000,26720000,172,2358,50,3.78,12.01,84.0,1,254349.78,611173.54,1679.32,56.76,126596.55,0.4135,3.181,0.0204,22.25,0.0467,3,0.06,0,1,2,0,0
CH04073,(미분류),150000,77950000,1191,4363,50,2.06,2.02,8.0,0,58009.84,44135.04,808.64,94.9,53900.05,0.7087,0.982,0.0612,3.88,0.0133,1,0.02,0,0,1,0,0
CH04074,(미분류),150000,138720000,3697,4241,50,0.06,0.24,1.0,0,92851.94,115243.99,755.96,80.22,78564.69,0.8849,0.24,0.0612,1.0,0.04,3,0.06,0,0,3,0,0
CH04076,강의+교육,150000,40640000,886,6920,50,4.9,4.92,16.0,0,76735.96,276363.92,407.02,18.16,8191.82,0.7113,1.004,0.102,3.27,0.0,0,0.0,0,0,0,0,0
CH04077,가수+댄스+음악,150000,10050000,169,3215,50,33.67,103.45,705.0,9,38249.02,178262.78,4316.12,278.48,42627.25,0.4105,3.072,0.0408,20.94,0.0,0,0.0,0,0,0,0,1
CH04078,게임,150000,67410000,276,5304,50,6.04,11.44,55.0,4,1207386.54,8029219.5,1137.98,128.98,1980161.59,0.4678,1.894,0.102,9.1,0.02,1,0.02,0,0,1,0,0
CH04079,만화+애니+영화,150000,73180000,134,3135,50,38.92,83.55,445.0,10,270635.5,584060.96,2153.38,405.0,270635.5,0.4344,2.147,0.0816,11.43,0.02,2,0.04,0,0,2,0,1
CH04080,가수+댄스+음악,150000,46750000,50,2876,50,13.8,30.11,167.0,5,942549.62,522293.11,39349.54,1214.2,942549.62,0.4387,2.183,0.0612,12.11,0.0067,1,0.02,0,0,1,0,1
CH04081,(미분류),150000,17190000,206,2518,50,5.0,3.95,24.0,0,11583.54,17759.16,558.16,18.56,13267.44,0.7157,0.79,0.0408,4.8,0.0,0,0.0,0,0,0,0,1
CH04082,(미분류),150000,63570000,691,1882,50,2.78,4.81,24.0,0,199870.86,353974.64,2614.4,169.52,275162.87,0.5033,1.732,0.0612,8.65,0.04,3,0.06,0,0,3,0,1
CH04084,(미분류),150000,73880000,585,4133,50,4.84,2.47,10.0,0,107617.56,105046.64,4015.0,343.32,107617.56,0.7943,0.51,0.1224,2.07,0.04,2,0.04,0,0,3,0,0
CH04085,(미분류),150000,77610000,363,4828,50,2.04,6.71,44.0,1,111766.26,167100.62,1169.58,111.0,211345.59,0.4044,3.286,0.0408,21.56,0.0,0,0.0,0,0,0,0,1
CH04086,(미분류),150000,40360000,256,2010,50,9.63,8.07,35.0,2,147187.4,215673.66,4140.86,321.92,181218.69,0.7296,0.837,0.0816,3.63,0.02,1,0.02,0,0,1,0,0
CH04087,(미분류),150000,27580000,238,1747,50,5.53,1.73,7.0,0,86743.44,41465.46,3582.9,397.14,86743.44,0.8443,0.312,0.1224,1.27,0.0067,1,0.02,0,0,1,0,0
CH04088,(미분류),150000,33610000,283,2241,50,6.71,1.43,14.0,0,382521.78,251167.09,14171.42,2020.26,386886.43,0.9,0.213,0.0408,2.09,0.0,0,0.0,0,0,0,0,0
CH04089,경제+부동산+주식,150000,24060000,1096,4177,50,0.0,0.0,0.0,0,9912.0,7112.01,618.46,20.16,14135.32,1.0,0.0,0.0,0.0,0.0533,4,0.08,0,0,4,0,0
CH04092,게임,150000,61090000,1485,3839,50,1.51,0.67,3.0,0,43677.04,19392.72,406.06,110.2,43677.04,0.8151,0.446,0.102,1.99,0.0,0,0.0,0,0,0,0,1
CH04093,자동차,150000,97880000,2675,2612,50,0.02,0.14,1.0,0,16920.34,18688.86,220.14,34.78,23281.1,0.9319,0.141,0.0204,1.0,0.0,0,0.0,0,0,0,0,0
CH04094,가수+댄스+음악,150000,45930000,2325,4671,50,0.35,1.0,6.0,0,2124.02,4815.41,33.98,0.41,496.6,0.6458,1.001,0.0612,6.0,0.0,0,0.0,0,0,0,0,0
CH04096,(미분류),150000,189040000,684,3204,50,1.88,4.13,22.0,0,18916.76,21934.1,155.46,7.92,6894.36,0.4441,2.199,0.0408,11.72,0.02,2,0.04,0,0,2,0,0
CH04097,(미분류),150000,155010000,1521,2974,50,5.67,9.67,50.0,2,11821.82,12404.36,458.84,19.8,9755.91,0.5004,1.705,0.0612,8.81,0.02,3,0.06,0,0,3,0,0
CH04098,(미분류),150000,34280000,436,2261,50,5.94,14.86,100.0,2,17634.9,46288.23,104.94,8.06,3984.62,0.4305,2.503,0.0408,16.84,0.0333,3,0.06,0,0,3,0,1
CH04099,(미분류),150000,56000000,204,1046,50,3.76,2.85,13.0,0,186107.92,75663.83,2333.7,124.5,188313.13,0.7651,0.758,0.0204,3.46,0.0,0,0.0,0,0,0,0,0
CH04100,(미분류),150000,40020000,53,1560,50,25.55,70.39,448.0,8,1844002.98,6694824.26,49162.32,2009.49,4461478.9,0.4209,2.755,0.0408,17.53,0.0,0,0.0,0,0,0,0,0
CH04101,(미분류),150000,33030000,143,2769,50,18.47,29.23,129.0,10,160997.52,458236.37,1304.72,82.44,160997.52,0.5492,1.583,0.102,6.98,0.0,0,0.0,0,0,0,0,1
CH04102,게임,150000,125090000,1945,4183,50,18.47,49.24,301.0,6,22790.24,72003.44,370.28,50.76,9431.44,0.418,2.666,0.0612,16.3,0.0267,2,0.04,0,0,2,0,0
CH04103,가수+댄스+음악,150000,41530000,743,4406,50,18.22,51.1,354.0,5,5264.32,7502.8,60.54,2.46,4643.44,0.4253,2.804,0.0204,19.42,0.0133,1,0.02,0,0,1,0,0
CH04106,TV+방송,150000,47990000,151,3973,50,3.1,1.27,7.0,0,83632.74,62019.31,817.14,176.74,83632.74,0.8245,0.408,0.102,2.26,0.06,4,0.08,0,0,4,0,1
CH04109,(미분류),150000,219430000,604,1892,50,1.57,1.16,5.0,0,84863.24,120720.53,669.26,28.06,87530.48,0.7579,0.739,0.0816,3.18,0.0,0,0.0,0,0,0,0,0
CH04110,(미분류),150000,61130000,3150,2789,50,1.63,4.01,20.0,0,16085.64,90632.84,32.52,2.0,3669.38,0.4263,2.455,0.0612,12.25,0.0133,1,0.02,0,0,1,0,0
CH04111,(미분류),150000,25240000,295,5628,50,24.47,36.17,221.0,13,19227.72,46222.05,306.3,13.56,19916.17,0.5049,1.478,0.0816,9.03,0.0,0,0.0,0,0,0,0,0
CH04113,(미분류),150000,41930000,280,1859,50,1.9,1.13,5.0,0,110783.32,41837.55,1581.98,98.92,110783.32,0.7584,0.595,0.1837,2.63,0.0,0,0.0,0,0,0,0,0
CH04114,(미분류),150000,78130000,128,746,50,0.82,1.47,5.0,0,801604.02,1803946.01,6923.58,130.8,917849.05,0.6089,1.466,0.1224,5.0,0.0,0,0.0,0,0,0,0,0
CH04115,(미분류),150000,51990000,418,538,50,0.29,0.78,3.0,0,378564.54,753848.87,2777.24,234.6,543801.22,0.756,0.782,0.0816,3.0,0.0067,1,0.02,0,0,1,0,0
CH04116,게임,150000,141950000,2791,4557,50,3.78,16.65,119.0,1,4382.46,7387.91,72.98,11.12,4447.41,0.3863,4.411,0.0204,31.52,0.0,0,0.0,0,0,0,0,1
CH04117,레시피+요리+음식,150000,210000,76,4020,50,22.96,63.48,293.0,6,1778.64,1438.76,10.98,0.4,1330.5,0.4022,2.765,0.102,12.76,0.0,0,0.0,0,0,0,0,0
CH04119,가수+댄스+음악,150000,115720000,214,5639,50,14.37,25.13,109.0,8,115034.8,337882.87,3501.72,225.8,134441.27,0.5202,1.749,0.102,7.59,0.0,0,0.0,0,0,0,0,1
CH04120,국내+여행+해외,150000,89630000,495,2872,50,22.41,48.1,213.0,7,19410.46,20078.05,493.36,55.5,19784.08,0.4424,2.146,0.102,9.51,0.02,1,0.02,0,0,0,1,1
CH04121,(미분류),150000,35510000,1024,4294,50,0.18,0.59,3.0,0,3245.18,2369.39,41.52,3.5,5852.33,0.7951,0.595,0.0612,3.0,0.0,0,0.0,0,0,0,0,0
CH04122,어린이+키즈,150000,56190000,158,1629,50,20.92,99.8,712.0,1,511379.94,1750995.66,414.74,0.0,511379.94,0.3805,4.771,0.0204,34.04,0.0,0,0.0,0,0,0,0,1
CH04123,(미분류),150000,106470000,414,4150,50,1.29,2.37,10.0,0,1292837.36,2823970.64,534.02,18.82,31540.4,0.4963,1.846,0.1429,7.78,0.0,0,0.0,0,0,0,0,0
CH04124,(미분류),150000,279140000,1914,5287,50,1.71,3.43,19.0,0,91780.44,185583.73,617.52,22.5,42379.95,0.4422,2.0,0.0816,11.08,0.0,0,0.0,0,0,0,0,0
CH04125,가수+댄스+음악,150000,65780000,169,5154,50,9.43,50.1,356.0,1,180539.02,827880.79,1327.42,57.02,41748.11,0.3731,5.314,0.0204,37.76,0.0133,1,0.02,0,0,1,0,1
CH04126,미용+패션,150000,23710000,354,3363,50,6.73,9.38,43.0,2,16703.18,13844.99,251.56,14.86,13854.4,0.5816,1.393,0.102,6.38,0.02,1,0.02,0,0,1,0,0
CH04127,게임,150000,78170000,1037,3404,50,34.06,56.2,269.0,16,91505.28,422285.92,693.52,102.8,120832.45,0.5243,1.65,0.0816,7.9,0.0,0,0.0,0,0,0,0,1
CH04128,미용+패션,150000,9780000,119,4187,50,31.29,44.58,271.0,17,14607.22,55944.36,0.0,5.92,8669.57,0.5261,1.425,0.0612,8.66,0.0,0,0.0,0,0,0,0,0
CH04129,만화+애니+영화,150000,23820000,80,4019,50,45.29,137.54,926.0,13,168690.38,281231.5,937.16,112.08,168690.38,0.4116,3.037,0.0408,20.45,0.14,10,0.2,0,1,9,0,1
CH04130,미용+패션,150000,22050000,422,4960,50,2.33,2.9,17.0,0,20918.88,67013.91,180.11,9.8,5160.56,0.5872,1.248,0.0408,7.31,0.04,1,0.02,0,2,0,0,0
CH04131,(미분류),150000,148850000,1408,2034,50,2.06,6.39,35.0,1,48430.2,137506.16,557.52,12.52,32416.7,0.4035,3.102,0.0612,16.98,0.1267,8,0.16,0,0,8,0,0
CH04132,(미분류),150000,136260000,826,2525,50,1.71,5.78,39.0,1,51787.88,120901.62,337.6,22.36,79541.48,0.4022,3.371,0.0408,22.75,0.0,0,0.0,0,0,0,0,0
CH04133,(미분류),150000,72890000,360,1976,50,2.86,2.56,9.0,0,874876.42,1267978.32,9123.98,522.12,601332.43,0.7103,0.897,0.1633,3.15,0.0,0,0.0,0,0,0,0,0
CH04134,(미분류),150000,265020000,1788,1710,50,0.0,0.0,0.0,0,19961.44,30514.25,92.8,8.46,29570.42,1.0,0.0,0.0,0.0,0.0133,1,0.02,0,0,1,0,0
CH04135,(미분류),150000,279090000,1808,1876,50,0.02,0.14,1.0,0,45233.4,33599.61,2058.2,75.22,20245.81,0.9319,0.141,0.0204,1.0,0.0067,1,0.02,0,0,1,0,0
CH04136,가수+댄스+음악,150000,1390000,345,4939,50,1.63,4.28,27.0,0,1373.3,561.94,11.46,0.18,244.75,0.4196,2.624,0.0612,16.54,0.0,0,0.0,0,0,0,0,0
CH04138,미용+패션,150000,188020000,1062,3293,50,15.82,35.96,192.0,7,89924.14,150921.81,187.84,16.6,157301.89,0.4282,2.274,0.0816,12.14,0.04,3,0.06,0,1,2,0,1
CH04139,가수+댄스+음악,150000,19630000,115,5031,50,28.45,63.48,310.0,8,235319.12,325743.76,6981.72,574.54,288841.3,0.4364,2.231,0.0612,10.9,0.02,1,0.02,0,1,0,0,1
CH04140,게임,150000,208160000,5219,5068,50,1.59,1.03,4.0,0,47349.86,33133.73,0.0,115.42,40319.95,0.7425,0.646,0.2041,2.51,0.0133,1,0.02,0,0,1,0,0
CH04141,(미분류),150000,108200000,324,2088,50,11.84,19.3,128.0,2,167501.52,138944.06,1425.9,154.66,167501.52,0.4778,1.63,0.0408,10.81,0.0467,5,0.1,0,0,5,0,0
CH04142,(미분류),150000,44040000,645,2683,50,5.9,17.97,129.0,1,60353.12,142957.1,3817.98,184.7,66665.98,0.4174,3.047,0.0204,21.87,0.0133,1,0.02,0,0,1,0,1
CH04143,(미분류),150000,28750000,147,2668,50,1.69,3.4,13.0,0,13401.62,17807.07,398.34,33.58,8704.25,0.5082,2.007,0.0816,7.67,0.0,0,0.0,0,0,0,0,0
CH04144,(미분류),150000,136210000,1351,5427,50,3.24,4.68,23.0,0,68962.86,148133.74,3555.7,131.56,27226.86,0.5757,1.442,0.0408,7.09,0.0,0,0.0,0,0,0,0,0
CH04146,(미분류),150000,199230000,692,2165,50,1.9,2.11,9.0,0,506899.46,1198065.88,7162.9,221.16,245553.83,0.6624,1.113,0.0816,4.74,0.0,0,0.0,0,0,0,0,0
CH04147,(미분류),150000,184530000,193,1718,50,2.8,8.36,43.0,2,232811.94,764648.54,2765.04,167.94,437276.23,0.4131,2.989,0.0408,15.38,0.0,0,0.0,0,0,0,0,0
CH04148,(미분류),150000,53990000,182,3570,50,11.61,16.2,72.0,6,555553.92,817704.85,7927.1,193.9,288222.0,0.5867,1.395,0.102,6.2,0.02,1,0.02,0,0,1,0,0
CH04149,(미분류),150000,21960000,563,3505,50,2.67,3.66,19.0,0,12373.5,25635.4,643.12,52.68,13776.21,0.5633,1.367,0.102,7.11,0.0,0,0.0,0,0,0,0,0
CH04150,라이프+취미,150000,96710000,326,4050,50,26.84,64.0,312.0,7,975939.74,4498356.95,342.56,11.24,1199560.03,0.4171,2.385,0.102,11.63,0.0,0,0.0,0,0,0,0,0
CH04151,경제+부동산+주식,150000,24760000,2853,3974,50,0.0,0.0,0.0,0,2059.0,4218.02,215.96,4.18,1747.82,1.0,0.0,0.0,0.0,0.24,14,0.28,11,0,4,1,0
CH04152,미용+패션,150000,11040000,411,4047,50,5.16,5.22,28.0,0,14223.56,28337.41,99.26,15.22,19357.23,0.6671,1.012,0.0408,5.42,0.0,0,0.0,0,0,0,0,0
CH04153,반려동물+애완,150000,61220000,266,3409,50,41.14,155.83,1068.0,8,241849.2,639129.18,2426.66,304.78,279896.79,0.3922,3.788,0.0408,25.96,0.02,1,0.02,0,1,0,0,0
CH04154,가수+댄스+음악,150000,28600000,155,4828,50,32.24,89.59,592.0,6,79605.26,70915.66,1474.58,94.4,79605.26,0.414,2.778,0.0612,18.36,0.0,0,0.0,0,0,0,0,1
CH04155,어린이+키즈,150000,169290000,1689,4348,50,3.94,8.18,37.0,2,1071.2,905.46,6.68,0.24,320.62,0.4553,2.077,0.0816,9.39,0.0,0,0.0,0,0,0,0,0
CH04156,(미분류),150000,4300000,58,5277,50,17.53,45.81,309.0,6,76159.74,190258.17,421.72,40.34,80369.68,0.4261,2.613,0.0408,17.63,0.0,0,0.0,0,0,0,0,1
CH04157,(미분류),150000,128350000,3093,4068,50,0.33,0.47,1.0,0,18252.72,16723.64,128.64,33.34,14344.94,0.8404,0.469,0.0,1.0,0.02,1,0.02,0,0,1,0,0
CH04159,(미분류),150000,66810000,624,2148,50,2.86,4.9,21.0,0,78218.4,185852.61,802.72,53.88,142941.8,0.5353,1.716,0.0816,7.35,0.0667,4,0.08,1,0,2,1,0
CH04160,어린이+키즈,150000,94310000,414,2796,50,9.43,5.62,29.0,0,68033.96,61836.29,328.72,13.2,68033.96,0.7866,0.596,0.0816,3.08,0.0,0,0.0,0,0,0,0,0
CH04161,국내+여행+해외,150000,42660000,303,4728,50,2.96,4.07,20.0,0,156482.12,376045.44,3304.82,117.34,164479.11,0.5849,1.374,0.0612,6.76,0.0133,1,0.02,0,0,1,0,0
CH04162,(미분류),150000,59370000,771,5235,50,5.92,6.99,30.0,1,394737.36,592268.1,1784.12,108.46,575402.79,0.6518,1.18,0.0612,5.07,0.0,0,0.0,0,0,0,0,0
CH04163,(미분류),150000,100770000,484,389,50,0.33,0.65,2.0,0,38147.62,51548.66,2817.72,55.86,8148.2,0.7722,0.651,0.102,2.0,0.0,0,0.0,0,0,0,0,0
CH04164,(미분류),150000,57260000,230,2714,50,4.84,4.02,17.0,0,9618.68,14473.43,570.88,49.0,8614.1,0.7215,0.832,0.1224,3.51,0.0,0,0.0,0,0,0,0,0
CH04165,레시피+요리+음식,150000,61640000,302,3575,50,4.33,2.68,13.0,0,60991.68,137541.71,591.86,61.18,60991.68,0.7782,0.618,0.102,3.0,0.0,0,0.0,0,0,0,0,1
CH04166,IT+기술+컴퓨터,150000,24720000,312,3281,50,5.59,12.6,86.0,1,67832.38,175146.38,1000.28,69.12,6790.44,0.4476,2.253,0.0204,15.38,0.0867,5,0.1,0,0,6,0,1
CH04167,BJ+연예인+인물,150000,25730000,250,3986,50,20.45,11.16,35.0,15,67441.14,30516.49,1288.2,125.76,66183.94,0.7868,0.546,0.1224,1.71,0.0133,1,0.02,0,0,1,0,0
CH04168,자동차,150000,175810000,852,3526,50,0.86,1.18,5.0,0,82217.72,228542.29,327.54,65.86,44080.05,0.6418,1.178,0.102,5.0,0.0,0,0.0,0,0,0,0,0
CH04169,(미분류),150000,173980000,1824,5114,50,1.31,2.64,12.0,0,35880.48,122006.2,562.92,43.08,88578.76,0.4705,2.018,0.0612,9.19,0.0333,2,0.04,0,0,2,0,0
CH04170,(미분류),150000,36370000,819,2847,50,1.47,8.9,63.0,1,15474.22,10930.45,2005.36,172.7,22895.72,0.3647,6.056,0.0204,42.88,0.0,0,0.0,0,0,0,0,0
CH04171,어린이+키즈,150000,53660000,671,2042,50,1.27,0.92,3.0,0,206.72,206.85,2.96,0.02,206.72,0.7649,0.728,0.0816,2.37,0.08,6,0.12,0,0,6,0,1
CH04172,(미분류),150000,46590000,365,1081,50,2.96,1.52,7.0,0,69038.72,61652.99,2966.34,192.19,58710.7,0.7932,0.515,0.1224,2.37,0.0267,2,0.04,0,0,2,0,0
CH04173,(미분류),150000,41170000,645,1273,50,1.65,1.55,7.0,0,180046.32,243834.86,5694.58,226.04,183601.08,0.6925,0.935,0.102,4.23,0.0133,1,0.02,0,0,1,0,0
CH04174,(미분류),150000,15240000,89,545,50,1.76,4.14,27.0,0,76927.54,82086.19,2451.06,127.86,90809.52,0.4365,2.361,0.0408,15.38,0.12,6,0.12,0,0,1,5,0
CH04175,(미분류),150000,216250000,1525,2167,50,0.55,0.67,3.0,0,68015.46,199436.15,205.54,4.14,68015.46,0.7807,0.672,0.0612,3.0,0.0,0,0.0,0,0,0,0,0
CH04176,IT+기술+컴퓨터,160000,46920000,897,4062,50,4.53,5.05,20.0,0,23724.92,31578.95,211.72,35.3,23737.71,0.6655,1.114,0.102,4.41,0.0,0,0.0,0,0,0,0,0
CH04177,(미분류),160000,95240000,191,5815,50,30.8,173.62,1233.0,2,328267.06,971575.35,1180.6,102.94,340718.31,0.3692,5.638,0.0204,40.04,0.04,3,0.06,0,0,3,0,1
CH04180,가수+댄스+음악,160000,37080000,253,4520,50,33.27,72.67,360.0,11,90846.22,180936.32,5007.02,113.02,110070.29,0.4325,2.185,0.0816,10.82,0.0,0,0.0,0,0,0,0,1
CH04181,게임,160000,117670000,1900,3063,50,3.1,3.22,13.0,0,211517.98,233790.86,1975.96,79.48,78674.0,0.6745,1.038,0.1224,4.19,0.08,4,0.08,0,0,5,0,0
CH04182,게임,160000,163770000,4180,3623,50,0.0,0.0,0.0,0,11089.84,11780.84,77.36,9.2,3454.88,1.0,0.0,0.0,0.0,0.0067,1,0.02,0,0,1,0,0
CH04183,어린이+키즈,160000,1910000,251,4666,50,0.35,0.56,2.0,0,13221.04,40349.01,126.64,3.48,33726.0,0.8093,0.555,0.0408,2.0,0.04,2,0.04,0,0,2,0,1
CH04184,(미분류),160000,115060000,318,5200,50,14.65,75.28,534.0,3,161914.26,577229.33,809.76,85.54,181318.93,0.3753,5.138,0.0204,36.44,0.0,0,0.0,0,0,0,0,1
CH04186,(미분류),160000,113590000,486,1817,50,0.27,0.92,5.0,0,96616.56,221095.43,301.54,14.44,218926.17,0.6848,0.921,0.0612,5.0,0.0,0,0.0,0,0,0,0,1
CH04187,(미분류),160000,187660000,2076,3267,50,0.22,0.74,4.0,0,89440.26,68357.15,966.62,65.56,76639.12,0.7472,0.736,0.0408,4.0,0.0267,2,0.04,0,0,2,0,0
CH04188,(미분류),160000,51050000,383,1479,50,3.02,2.86,9.0,0,267968.4,1528079.91,784.22,90.22,278913.71,0.7323,0.947,0.0816,2.98,0.0067,1,0.02,0,0,1,0,0
CH04189,(미분류),160000,28980000,219,1330,50,5.92,1.41,7.0,0,214612.6,339133.35,9043.86,457.72,218119.67,0.8731,0.239,0.102,1.18,0.0333,3,0.06,0,0,3,0,0
CH04190,(미분류),160000,100570000,909,2187,50,3.71,4.16,17.0,0,104757.46,107545.56,1725.56,406.54,90958.47,0.6542,1.119,0.1224,4.58,0.0133,1,0.02,0,0,1,0,0
CH04191,(미분류),160000,79440000,5578,4156,50,0.98,1.97,7.0,0,594.96,689.59,7.64,0.4,327.32,0.5232,1.974,0.102,7.0,0.04,3,0.06,2,0,2,0,0
CH04192,국내+여행+해외,160000,8170000,1307,4836,50,1.73,0.94,5.0,0,2360.74,2008.27,58.58,7.3,2351.61,0.7872,0.543,0.1224,2.88,0.0067,1,0.02,0,0,1,0,0
CH04193,TV+방송,160000,35490000,548,3680,50,3.69,9.8,60.0,1,9751.84,25265.93,34.92,3.78,29188.73,0.4124,2.652,0.0816,16.24,0.0,0,0.0,0,0,0,0,1
CH04194,TV+방송,160000,75080000,3107,4781,50,2.69,2.82,16.0,0,2201.7,799.62,14.62,1.72,2103.2,0.636,1.045,0.0816,5.94,0.0,0,0.0,0,0,0,0,0
CH04195,(미분류),160000,46720000,2010,3372,50,2.47,3.74,18.0,0,6121.94,8934.06,514.9,50.14,6072.46,0.564,1.515,0.0408,7.29,0.1067,7,0.14,2,0,5,0,0
CH04197,(미분류),160000,87540000,537,2533,50,3.53,2.36,14.0,0,116789.46,128699.09,6076.86,202.94,116447.27,0.76,0.668,0.0408,3.97,0.0133,1,0.02,0,0,1,0,0
CH04198,(미분류),160000,59470000,426,2266,50,7.31,14.59,63.0,4,18426.96,39138.87,335.88,25.04,20774.83,0.4817,1.997,0.0816,8.62,0.0133,1,0.02,0,0,1,0,0
CH04200,(미분류),160000,333030000,1084,5055,50,0.71,0.76,3.0,0,43728.58,133229.69,524.48,10.36,10023.5,0.7419,0.756,0.1429,3.0,0.0133,1,0.02,0,0,1,0,0
CH04201,(미분류),160000,164250000,1276,2314,50,0.49,0.64,2.0,0,31620.36,38876.31,333.78,56.52,49906.73,0.7799,0.643,0.0816,2.0,0.1,6,0.12,1,0,5,0,0
CH04202,어린이+키즈,160000,127980000,393,3544,50,3.2,5.66,25.0,0,3696.76,5237.94,29.55,1.04,3518.95,0.5252,1.765,0.0612,7.8,0.0,0,0.0,0,0,0,0,0
CH04203,(미분류),160000,134980000,1219,2584,50,0.69,1.4,9.0,0,73255.82,164427.56,570.58,141.0,50886.78,0.5305,1.403,0.0204,9.0,0.06,4,0.08,0,0,4,0,1
CH04204,(미분류),160000,91170000,704,1909,50,1.73,1.34,5.0,0,65685.14,33917.56,3780.04,317.98,64546.78,0.7457,0.771,0.1224,2.88,0.0,0,0.0,0,0,0,0,0
CH04206,(미분류),160000,301490000,5680,2485,20,108.0,438.24,1967.0,2,35710.7,24318.36,385.7,268.7,41757.67,0.3831,4.058,0.0526,18.21,0.05,1,0.05,0,0,1,0,0
CH04207,TV+방송,160000,66800000,336,4176,50,3.96,16.86,120.0,1,316979.38,614410.72,2832.28,362.72,328290.66,0.389,4.258,0.0204,30.31,0.0333,2,0.04,0,0,1,1,1
CH04208,(미분류),160000,29920000,1028,4472,50,2.29,2.18,10.0,0,1115.76,579.97,80.4,12.28,1004.59,0.6924,0.952,0.0816,4.38,0.0,0,0.0,0,0,0,0,0
CH04209,게임,160000,115320000,3204,5245,50,5.88,7.49,25.0,0,13140.6,8271.27,122.44,38.4,12653.23,0.6534,1.275,0.102,4.25,0.0267,2,0.04,0,0,2,0,0
CH04211,자동차,160000,99640000,853,4706,50,4.27,3.94,15.0,0,32782.92,48878.29,136.22,16.06,22146.19,0.7206,0.924,0.0816,3.52,0.0,0,0.0,0,0,0,0,0
CH04212,라이프+취미,160000,16800000,317,2712,50,21.65,31.27,160.0,10,35210.3,32985.09,968.86,73.12,8671.0,0.5547,1.444,0.0816,7.39,0.0,0,0.0,0,0,0,0,0
CH04213,(미분류),160000,65340000,566,2632,50,3.04,2.4,7.0,0,43400.86,17172.28,528.34,55.32,45257.86,0.7305,0.789,0.1633,2.3,0.0133,1,0.02,0,0,1,0,0
CH04214,(미분류),160000,60130000,1448,4140,50,1.37,0.92,4.0,0,12379.02,8816.37,242.32,19.18,11710.57,0.7684,0.672,0.102,2.93,0.0067,1,0.02,0,0,1,0,0
CH04215,(미분류),160000,83730000,598,2635,50,3.73,4.17,19.0,0,61449.8,76896.99,619.38,142.96,66521.54,0.6459,1.118,0.102,5.09,0.0,0,0.0,0,0,0,0,0
CH04216,(미분류),160000,350590000,1159,2433,50,0.73,1.03,4.0,0,18812.64,29269.13,262.48,43.68,11593.16,0.6938,1.026,0.0816,4.0,0.0,0,0.0,0,0,0,0,0
CH04217,어린이+키즈,160000,61740000,272,3083,50,49.92,146.16,933.0,7,77643.86,200374.85,284.42,0.0,78367.81,0.4089,2.928,0.0612,18.69,0.0,0,0.0,0,0,0,0,0
CH04218,(미분류),160000,135490000,85,2095,50,20.82,45.87,308.0,10,426117.64,1298331.12,11009.29,264.94,867072.48,0.45,2.204,0.0204,14.8,0.0,0,0.0,0,0,0,0,0
CH04219,가수+댄스+음악,160000,23900000,236,4885,50,9.69,15.16,74.0,5,33016.26,69480.41,1003.74,97.16,75143.91,0.532,1.564,0.102,7.63,0.0,0,0.0,0,0,0,0,1
CH04220,게임,160000,245940000,4728,4679,50,0.29,0.49,2.0,0,143067.3,209588.34,1091.26,69.8,50580.5,0.8284,0.495,0.0204,2.0,0.0133,1,0.02,0,0,1,0,0
CH04222,BJ+연예인+인물,160000,8250000,128,3319,50,28.33,56.64,292.0,8,50594.82,91962.3,585.16,57.36,50594.82,0.4483,2.0,0.0612,10.31,0.0,0,0.0,0,0,0,0,1
CH04223,게임,160000,104490000,2724,3209,50,1.16,1.69,7.0,0,15980.08,21924.09,249.16,14.48,14712.22,0.5806,1.457,0.1224,6.02,0.0333,2,0.04,0,0,2,0,0
CH04227,어린이+키즈,160000,71520000,221,3701,50,16.49,22.01,126.0,4,159287.84,139493.52,2685.98,456.32,159287.84,0.5693,1.335,0.0408,7.64,0.0,0,0.0,0,0,0,0,1
CH04228,(미분류),160000,42600000,101,2204,50,29.96,77.64,458.0,8,290212.38,510200.86,5981.46,798.88,382642.94,0.427,2.592,0.0408,15.29,0.0,0,0.0,0,0,0,0,0
CH04230,(미분류),160000,287630000,611,1703,50,14.98,39.49,202.0,3,188076.22,354720.84,3786.86,82.02,0.0,0.4191,2.636,0.0612,13.49,0.02,1,0.02,0,0,1,0,0
CH04231,(미분류),160000,54140000,246,1285,50,12.82,30.6,217.0,2,86587.76,207928.8,1539.38,107.98,98556.8,0.4415,2.387,0.0204,16.93,0.02,2,0.04,0,0,2,0,0
CH04232,레시피+요리+음식,160000,610000,68,3524,1,3.61,0.0,0.0,0,0.0,0.0,0.0,0.0,0.0,0.63855,0.0,0.0,0.0,0.0,0,0.0,0,0,0,0,1
CH04233,미용+패션,160000,31790000,363,4191,50,5.69,7.4,48.0,1,142011.44,537714.56,594.12,39.1,73437.0,0.5501,1.299,0.0408,8.43,0.0467,3,0.06,0,0,3,0,0
CH04235,TV+방송,160000,70410000,398,4113,50,20.24,61.7,402.0,5,90620.96,194834.19,2485.44,164.18,97670.58,0.4113,3.048,0.0408,19.86,0.0267,2,0.04,0,0,2,0,1
CH04236,미용+패션,160000,73190000,468,3865,50,3.0,3.0,13.0,0,48254.48,107395.78,663.14,9.02,17758.67,0.6876,0.999,0.0816,4.33,0.1133,9,0.18,0,0,9,0,0
CH04237,TV+방송,160000,52850000,304,3496,50,10.33,4.61,16.0,0,43198.04,26289.28,797.8,95.08,43818.27,0.8151,0.446,0.102,1.55,0.0,0,0.0,0,0,0,0,0
CH04238,게임,160000,301500000,4136,5550,50,3.47,4.12,15.0,0,2206184.62,9968739.3,106.28,28.84,7532.41,0.6662,1.188,0.0816,4.32,0.0,0,0.0,0,0,0,0,0
CH04239,(미분류),160000,80910000,1280,4472,50,3.49,3.62,24.0,0,51587.02,78126.87,991.16,66.78,31424.02,0.6163,1.037,0.0612,6.88,0.04,3,0.06,0,0,3,0,0
CH04240,(미분류),160000,80490000,1336,3456,50,0.69,0.81,3.0,0,11634.26,8405.33,716.44,66.2,13494.71,0.7329,0.813,0.1429,3.0,0.0133,1,0.02,0,0,1,0,0
CH04241,(미분류),160000,69060000,209,976,50,0.69,1.34,5.0,0,148828.84,154658.09,3518.84,96.64,102196.44,0.6256,1.343,0.102,5.0,0.0,0,0.0,0,0,0,0,0
CH04242,(미분류),160000,64810000,740,764,50,0.14,0.49,2.0,0,65927.34,121072.76,433.78,46.9,56033.0,0.81,0.495,0.0816,2.0,0.02,1,0.02,0,1,0,0,0
CH04243,만화+애니+영화,160000,26060000,66,3646,50,28.18,60.79,426.0,12,283573.6,278289.51,0.0,0.0,294775.68,0.4523,2.157,0.0204,15.12,0.0467,3,0.06,0,0,3,0,1
CH04244,게임,160000,10450000,118,3589,50,7.8,8.89,40.0,2,43919.3,37669.93,383.36,0.0,43949.59,0.6421,1.141,0.102,5.13,0.0667,4,0.08,1,0,3,0,1
CH04245,IT+기술+컴퓨터,160000,14020000,307,4989,50,31.14,43.65,221.0,16,42057.88,29329.65,1626.9,159.8,42057.88,0.5789,1.402,0.0408,7.1,0.0,0,0.0,0,0,0,0,0
CH04246,만화+애니+영화,160000,156440000,159,3989,50,57.29,303.18,2102.0,3,410966.72,426394.31,3562.64,590.88,801903.7,0.3733,5.292,0.0204,36.69,0.0133,2,0.04,0,0,2,0,1
CH04247,게임,160000,170010000,4709,4613,50,3.53,3.31,11.0,0,27477.82,39755.27,668.48,44.44,16345.0,0.712,0.937,0.1429,3.12,0.0133,1,0.02,0,0,1,0,0
CH04248,어린이+키즈,160000,161350000,1184,4370,50,1.76,1.6,7.0,0,123398.78,181360.2,397.12,1.66,5830.0,0.709,0.91,0.0816,3.99,0.0,0,0.0,0,0,0,0,0
CH04249,스포츠+운동,160000,88160000,3290,4800,50,0.0,0.0,0.0,0,23619.84,17932.25,364.12,57.04,25980.32,1.0,0.0,0.0,0.0,0.0333,2,0.04,1,0,1,0,0
CH04251,(미분류),160000,72980000,228,3357,50,10.57,30.04,216.0,1,407178.58,1296411.48,5375.12,316.1,434008.75,0.424,2.842,0.0204,20.43,0.0,0,0.0,0,0,0,0,1
CH04252,국내+여행+해외,160000,101260000,1088,4612,50,4.27,5.54,41.0,1,53546.72,26890.96,4804.52,100.92,53546.72,0.5224,1.3,0.0204,9.61,0.02,1,0.02,0,0,1,0,0
CH04253,(미분류),160000,98370000,634,2379,50,3.29,1.63,8.0,0,114633.52,34065.28,8260.36,205.4,116976.96,0.7976,0.496,0.1224,2.43,0.0,0,0.0,0,0,0,0,0
CH04254,(미분류),160000,305980000,1547,1539,50,0.43,0.81,4.0,0,64963.48,50844.93,704.18,218.54,62870.27,0.7173,0.808,0.102,4.0,0.02,2,0.04,0,0,2,0,0
CH04255,어린이+키즈,160000,70250000,54,2766,50,36.14,67.12,358.0,10,1426988.12,8535293.68,3704.22,0.0,1426988.12,0.4532,1.857,0.0816,9.91,0.02,1,0.02,0,0,1,0,1
CH04256,어린이+키즈,160000,139880000,247,3464,50,5.86,20.77,118.0,2,450147.08,713385.06,1445.84,0.0,482419.47,0.3977,3.547,0.0408,20.15,0.0,0,0.0,0,0,0,0,1
CH04257,(미분류),160000,45240000,299,3225,50,2.29,3.62,16.0,0,123856.22,175188.2,1131.78,54.3,98352.9,0.5548,1.584,0.0816,7.0,0.0,0,0.0,0,0,0,0,0
CH04258,(미분류),160000,125620000,258,1374,50,2.49,1.95,7.0,0,512311.16,609707.24,3784.7,398.16,499652.16,0.7498,0.783,0.102,2.81,0.2,12,0.24,1,0,11,2,0
CH04260,(미분류),160000,663050000,173,2594,50,22.69,41.93,169.0,10,184197.6,332487.16,1708.54,128.16,252168.52,0.524,1.847,0.0816,7.45,0.0,0,0.0,0,0,0,0,0
CH04261,IT+기술+컴퓨터,160000,24730000,161,3104,50,21.24,43.35,227.0,5,46792.8,60999.65,675.12,30.08,47572.37,0.4522,2.041,0.0408,10.68,0.0,0,0.0,0,0,0,0,1
CH04262,라이프+취미,160000,7610000,593,4349,50,2.18,2.76,15.0,0,7752.84,15301.6,61.88,5.22,10478.89,0.5919,1.264,0.0612,6.87,0.0,0,0.0,0,0,0,0,0
CH04263,(미분류),160000,12110000,279,3718,50,23.18,52.65,344.0,9,8016.64,9503.3,221.78,19.28,9026.4,0.4406,2.271,0.0408,14.84,0.0067,1,0.02,0,0,1,0,1
CH04264,가수+댄스+음악,160000,32160000,211,6340,50,4.04,5.1,22.0,0,13235.72,19051.39,269.24,7.86,7292.0,0.6145,1.262,0.1224,5.44,0.0133,1,0.02,0,0,1,0,0
CH04265,TV+방송,160000,288890000,861,3293,50,20.88,70.41,494.0,7,127579.28,118097.38,214.2,20.82,169362.14,0.4082,3.373,0.0204,23.66,0.04,2,0.04,0,0,2,0,1
CH04266,(미분류),160000,1920000,496,3600,50,0.86,1.77,11.0,0,887.62,550.6,60.86,4.3,887.62,0.4681,1.773,0.0408,11.0,0.6933,29,0.58,43,0,5,0,1
CH04268,(미분류),160000,660860000,1733,2139,50,0.9,1.74,11.0,0,219399.74,306549.52,2663.52,168.24,0.0,0.4702,1.741,0.0408,11.0,0.0467,3,0.06,0,0,2,1,1
CH04269,(미분류),160000,31440000,176,822,50,3.27,2.08,8.0,0,291889.5,145605.29,3090.22,409.46,299915.52,0.7688,0.636,0.1224,2.45,0.04,3,0.06,0,0,3,0,0
CH04270,(미분류),160000,65990000,1277,3713,50,0.39,1.1,4.0,0,272064.76,205214.73,3353.92,164.2,273084.8,0.6847,1.103,0.0816,4.0,0.0733,7,0.14,0,0,7,0,0
CH04271,(미분류),160000,89190000,966,1979,50,2.92,7.07,43.0,1,92321.92,24799.02,1811.14,146.2,92321.92,0.4338,2.424,0.0408,14.73,0.0133,1,0.02,0,0,1,0,0
CH04272,(미분류),160000,64540000,798,1920,50,0.69,0.89,4.0,0,24981.82,16395.11,513.48,44.02,35188.22,0.7244,0.885,0.0408,4.0,0.0733,4,0.08,0,0,4,0,0
CH04273,반려동물+애완,160000,74760000,784,3916,50,36.39,141.48,964.0,8,83423.14,93677.03,3623.62,384.72,91458.58,0.39,3.888,0.0408,26.49,0.0333,2,0.04,0,0,2,0,1
CH04274,레시피+요리+음식,160000,59980000,212,5068,50,11.1,31.35,226.0,1,119872.4,87616.85,1702.72,142.22,121796.39,0.4246,2.824,0.0204,20.36,0.0,0,0.0,0,0,0,0,1
CH04275,강의+교육,160000,20240000,711,3962,50,36.16,125.88,730.0,6,51344.66,82969.82,639.28,33.48,51344.66,0.3993,3.481,0.0408,20.19,0.0,0,0.0,0,0,0,0,1
CH04279,가수+댄스+음악,160000,69780000,1037,3661,50,2.49,1.07,3.0,0,9645.1,8489.78,116.3,9.94,9763.27,0.8067,0.43,0.1429,1.2,0.0,0,0.0,0,0,0,0,0
CH04280,(미분류),160000,31740000,1440,2558,50,4.04,16.32,105.0,2,22388.18,87470.89,612.54,9.1,1784.25,0.387,4.04,0.0408,25.98,0.0,0,0.0,0,0,0,0,1
CH04281,(미분류),160000,77910000,775,3092,50,2.86,4.01,20.0,0,282263.08,403281.16,2427.84,76.74,231861.1,0.5633,1.402,0.102,7.0,0.0267,2,0.04,0,0,2,0,0
CH04282,(미분류),160000,80110000,390,2776,50,21.14,85.96,604.0,3,147446.32,289503.57,3858.58,327.22,113814.22,0.3926,4.065,0.0204,28.57,0.0267,2,0.04,0,0,2,0,1
CH04283,(미분류),160000,28490000,466,1042,50,0.71,2.48,11.0,0,110071.66,318203.87,2362.62,77.46,412865.56,0.4252,2.483,0.0612,11.0,0.0,0,0.0,0,0,0,0,1
CH04284,게임,160000,15160000,101,4127,50,31.41,44.41,198.0,17,47944.1,55880.31,665.92,78.0,56986.12,0.5882,1.414,0.0816,6.3,0.0,0,0.0,0,0,0,0,0
CH04285,라이프+취미,160000,50580000,1757,4530,50,1.18,1.27,5.0,0,62063.62,345784.57,450.04,6.34,8871.75,0.6815,1.075,0.0816,4.22,0.04,4,0.08,0,0,4,0,0
CH04286,스포츠+운동,160000,73410000,851,2710,50,7.49,25.99,180.0,3,23825.08,30973.97,75.9,19.88,19693.22,0.4057,3.47,0.0204,24.03,0.0,0,0.0,0,0,0,0,0
CH04287,TV+방송,160000,51350000,234,3600,50,27.78,87.93,586.0,8,131139.44,228205.35,1463.62,68.0,172320.46,0.4078,3.166,0.0408,21.1,0.0067,1,0.02,0,0,1,0,1
CH04288,가수+댄스+음악,160000,16350000,70,2960,50,3.82,8.46,49.0,1,78931.76,191884.41,0.0,342.07,136810.93,0.437,2.218,0.0612,12.84,0.0,0,0.0,0,0,0,0,1
CH04289,만화+애니+영화,160000,259680000,1752,3041,50,0.63,0.6,2.0,0,89674.92,102682.62,962.84,114.14,89674.92,0.795,0.596,0.0612,2.0,0.0,0,0.0,0,0,0,0,1
CH04290,(미분류),160000,85320000,1358,4636,50,1.82,2.25,10.0,0,23817.1,78064.08,124.78,10.26,10625.0,0.6336,1.237,0.0612,5.51,0.0,0,0.0,0,0,0,0,0
CH04291,(미분류),160000,6910000,94,2631,50,0.43,0.76,3.0,0,142805.12,505575.51,1571.34,50.42,23139.67,0.748,0.756,0.1224,3.0,0.0,0,0.0,0,0,0,0,0
CH04294,가수+댄스+음악,160000,90300000,146,660,50,3.29,3.84,16.0,0,228989.44,1283673.03,0.0,274.94,472589.04,0.6588,1.168,0.0612,4.87,0.0,0,0.0,0,0,0,0,0
CH04295,TV+방송,160000,15230000,126,2648,50,1.86,5.5,38.0,1,191048.02,1013707.93,2561.54,90.5,357808.75,0.4201,2.961,0.0204,20.46,0.0333,2,0.04,0,0,2,0,1
CH04296,(미분류),160000,20800000,106,389,50,1.69,1.05,5.0,0,240686.74,217906.17,3478.8,237.92,246722.79,0.7715,0.622,0.1224,2.95,0.06,3,0.06,0,0,3,0,0
CH04297,(미분류),160000,69200000,469,1697,50,1.22,0.74,3.0,0,186731.68,37267.44,1356.08,217.0,186731.68,0.7572,0.601,0.1837,2.45,0.0933,7,0.14,0,0,7,0,0
CH04298,(미분류),160000,137840000,941,4439,50,0.18,0.39,1.0,0,249941.98,194474.89,3285.3,226.06,127310.15,0.8053,0.387,0.1837,1.0,0.0267,2,0.04,0,0,2,0,0
CH04299,(미분류),160000,135640000,597,3485,50,2.73,3.19,15.0,0,9998.12,13621.97,145.66,9.48,13771.39,0.6293,1.165,0.102,5.49,0.0,0,0.0,0,0,0,0,0
CH04300,게임,160000,353640000,5019,4283,50,0.08,0.27,1.0,0,71618.64,101744.32,735.76,62.56,51034.44,0.868,0.274,0.0816,1.0,0.0,0,0.0,0,0,0,0,0
CH04301,스포츠+운동,160000,104110000,1025,3375,50,1.08,0.7,2.0,0,196379.44,187996.23,896.9,14.7,45208.27,0.7432,0.643,0.2041,1.85,0.0,0,0.0,0,0,0,0,0
CH04302,라이프+취미,160000,67410000,365,4852,50,7.29,3.19,17.0,0,192647.86,96308.42,3818.02,420.6,192647.86,0.8109,0.438,0.1224,2.33,0.04,3,0.06,0,0,3,0,0
CH04303,반려동물+애완,160000,760000,203,3384,50,29.86,97.41,623.0,6,2508.26,3936.6,14.0,1.5,2638.38,0.4051,3.262,0.0408,20.87,0.0,0,0.0,0,0,0,0,1
CH04304,(미분류),160000,55030000,428,2878,50,11.88,25.67,173.0,4,60079.4,69272.55,584.4,46.66,66089.79,0.4459,2.161,0.0408,14.57,0.0,0,0.0,0,0,0,0,1
CH04305,라이프+취미,170000,24360000,60,3846,50,22.14,90.69,631.0,4,480715.28,911437.33,6804.96,534.06,480715.28,0.392,4.096,0.0204,28.5,0.1,11,0.22,0,0,10,1,1
CH04306,스포츠+운동,170000,120920000,1559,3843,50,15.71,42.41,239.0,4,18641.12,15179.64,126.85,10.74,13362.0,0.4168,2.699,0.0612,15.21,0.0,0,0.0,0,0,0,0,0
CH04307,강의+교육,170000,30220000,247,3672,50,17.29,32.41,176.0,7,64718.6,73088.36,827.08,140.06,94993.3,0.4494,1.875,0.0816,10.18,0.02,1,0.02,0,0,1,0,1
CH04308,스포츠+운동,170000,30720000,604,4893,50,8.63,15.67,94.0,5,9681.16,7873.41,67.02,1.18,7137.59,0.4592,1.816,0.0612,10.89,0.0,0,0.0,0,0,0,0,0
CH04310,TV+방송,170000,48990000,1710,4828,50,0.59,0.57,2.0,0,12854.38,12645.36,170.56,17.6,13647.6,0.8065,0.569,0.0408,2.0,0.0,0,0.0,0,0,0,0,0
CH04311,(미분류),170000,11000000,388,2672,50,1.43,2.05,10.0,0,3095.68,2378.43,32.78,2.72,1439.22,0.5727,1.435,0.0612,7.0,0.0,0,0.0,0,0,0,0,0
CH04312,(미분류),170000,48170000,234,3291,50,27.47,43.62,282.0,14,218602.86,542887.0,3584.26,429.24,220978.8,0.4748,1.588,0.0612,10.27,0.0,0,0.0,0,0,0,0,1
CH04313,(미분류),170000,53980000,919,3924,50,0.43,0.81,3.0,0,39477.4,26825.99,1046.76,41.76,49571.18,0.7398,0.808,0.1224,3.0,0.0,0,0.0,0,0,0,0,0
CH04314,어린이+키즈,170000,75500000,619,2377,50,15.27,22.92,142.0,6,15160.24,54252.07,206.52,4.76,21649.88,0.5076,1.502,0.0408,9.3,0.0,0,0.0,0,0,0,0,0
CH04315,(미분류),170000,76430000,414,2043,50,6.1,2.08,10.0,0,192808.04,123777.29,10293.52,286.18,196233.84,0.836,0.341,0.1224,1.64,0.0,0,0.0,0,0,0,0,0
CH04316,미용+패션,170000,86660000,1028,4328,50,20.94,63.42,445.0,5,17354.64,44689.59,237.28,6.08,8417.33,0.418,3.029,0.0204,21.25,0.0,0,0.0,0,0,0,0,0
CH04317,게임,170000,225290000,9646,6009,50,0.08,0.27,1.0,0,2430.28,1937.31,25.62,7.44,2036.11,0.868,0.274,0.0816,1.0,0.06,3,0.06,0,0,3,0,0
CH04318,라이프+취미,170000,92620000,659,6828,50,32.43,46.32,242.0,16,18251.48,45069.43,641.92,33.3,10058.25,0.5478,1.428,0.102,7.46,0.0,0,0.0,0,0,0,0,1
CH04319,만화+애니+영화,170000,134630000,519,3297,50,45.73,296.89,2102.0,3,19597.34,25218.2,422.92,63.5,39331.29,0.3606,6.492,0.0204,45.96,0.04,3,0.06,0,0,3,0,1
CH04320,(미분류),170000,17310000,307,2871,50,2.12,1.77,10.0,0,30176.56,13972.72,342.62,102.5,30176.56,0.6993,0.833,0.0816,4.71,0.0133,1,0.02,0,0,1,0,0
CH04321,(미분류),170000,32780000,262,2679,50,4.78,2.38,7.0,0,39812.6,27887.25,681.24,98.78,41623.57,0.7788,0.497,0.1837,1.47,0.0133,1,0.02,0,0,1,0,0
CH04322,(미분류),170000,103080000,463,2250,50,4.04,17.6,124.0,1,467343.28,1060168.35,6270.64,273.76,163719.44,0.3872,4.356,0.0204,30.69,0.02,2,0.04,0,0,2,0,1
CH04325,BJ+연예인+인물,170000,30030000,202,2952,50,16.12,41.23,233.0,6,315583.84,402067.54,2016.36,292.41,320877.47,0.4222,2.557,0.0612,14.45,0.0,0,0.0,0,0,0,0,1
CH04326,게임,170000,117730000,688,4704,50,13.96,74.47,529.0,1,130061.28,292840.32,1270.38,65.9,30182.73,0.3728,5.335,0.0204,37.9,0.0533,3,0.06,0,0,3,0,0
CH04327,가수+댄스+음악,170000,60920000,2231,2812,50,2.59,3.85,24.0,0,368.52,224.18,13.8,0.28,368.52,0.5099,1.487,0.0408,9.26,0.0,0,0.0,0,0,0,0,0
CH04328,(미분류),170000,29610000,343,2307,50,12.8,24.12,109.0,6,3552.14,2812.2,91.86,6.41,4024.79,0.485,1.885,0.102,8.52,0.0467,3,0.06,0,0,2,1,1
CH04329,(미분류),170000,17380000,102,2697,50,38.22,59.08,279.0,16,129163.7,202015.21,2523.5,104.22,136788.23,0.5491,1.546,0.0816,7.3,0.0133,1,0.02,0,0,1,0,0
CH04330,(미분류),170000,200040000,398,1804,50,4.55,8.07,57.0,1,292373.78,366839.45,6539.54,339.12,492031.24,0.4741,1.774,0.0204,12.52,0.0,0,0.0,0,0,0,0,1
CH04331,자동차,170000,47430000,681,2081,50,1.82,0.87,3.0,0,27792.08,11263.79,679.5,71.52,27792.08,0.8377,0.481,0.0,1.65,0.0267,2,0.04,0,0,2,0,0
CH04332,어린이+키즈,170000,62980000,804,1628,50,1.41,1.44,5.0,0,3664.82,3996.86,40.0,0.0,1239.15,0.6885,1.024,0.1429,3.55,0.0,0,0.0,0,0,0,0,0
CH04333,(미분류),170000,35270000,198,1742,50,7.51,4.12,16.0,0,112774.16,78635.56,2004.16,168.0,115300.25,0.7616,0.549,0.2041,2.13,0.0133,1,0.02,0,0,1,0,0
CH04335,TV+방송,170000,36020000,181,3568,50,55.18,162.84,926.0,8,123132.12,346306.88,1032.7,65.34,130332.7,0.4021,2.951,0.0816,16.78,0.0133,1,0.02,0,0,1,0,1
CH04337,레시피+요리+음식,170000,24110000,279,4717,50,56.08,157.83,1012.0,12,30904.22,64331.81,439.21,20.54,30904.22,0.4127,2.814,0.0612,18.05,0.0533,3,0.06,0,0,2,1,1
CH04338,미용+패션,170000,44330000,563,4172,50,5.24,3.85,25.0,0,62729.4,77698.8,846.8,66.28,62115.08,0.7317,0.734,0.0204,4.77,0.0,0,0.0,0,0,0,0,0
CH04340,만화+애니+영화,170000,114400000,288,4775,50,20.71,25.13,166.0,12,265876.56,409810.51,1574.38,58.1,265876.56,0.5765,1.213,0.0204,8.01,0.0533,4,0.08,1,0,3,0,0
CH04342,(미분류),170000,148450000,503,4067,50,10.69,22.63,129.0,3,159827.66,364485.96,1827.62,57.84,35106.7,0.4421,2.116,0.0612,12.06,0.0467,3,0.06,0,0,3,0,0
CH04343,(미분류),170000,41370000,259,1721,50,0.14,0.35,1.0,0,72540.6,132600.7,1008.3,44.88,110226.44,0.8275,0.35,0.1429,1.0,0.0,0,0.0,0,0,0,0,1
CH04344,(미분류),170000,73150000,1092,2482,50,1.61,0.75,3.0,0,27790.44,27424.67,2890.94,194.24,23641.64,0.7921,0.466,0.1633,1.86,0.0,0,0.0,0,0,0,0,0
CH04345,(미분류),170000,61010000,132,1987,50,13.8,26.43,110.0,5,272067.14,706774.54,6118.39,123.68,171381.64,0.4988,1.915,0.102,7.97,0.0,0,0.0,0,0,0,0,0
CH04346,(미분류),170000,53110000,2155,2194,50,0.18,0.52,3.0,0,3893.2,2897.81,165.22,26.38,3893.2,0.7857,0.522,0.1429,3.0,0.0067,1,0.02,0,0,1,0,0
CH04348,(미분류),170000,66310000,424,3965,50,8.86,9.29,49.0,3,27281.12,53708.81,226.92,5.92,31766.57,0.6533,1.049,0.0612,5.53,0.0133,1,0.02,0,0,1,0,0
CH04351,TV+방송,170000,3970000,538,4646,50,15.88,27.92,165.0,6,4177.16,4028.69,100.33,10.42,3102.77,0.4629,1.759,0.0612,10.39,0.0,0,0.0,0,0,0,0,1
CH04352,가수+댄스+음악,170000,248880000,137,3579,50,47.14,86.08,442.0,18,161626.72,606990.99,3206.24,103.88,281814.7,0.4703,1.826,0.0816,9.38,0.0,0,0.0,0,0,0,0,0
CH04353,(미분류),170000,78230000,458,3650,50,22.86,58.82,406.0,7,97048.8,108357.46,1162.21,82.66,118029.15,0.4338,2.573,0.0204,17.76,0.04,4,0.08,0,0,4,0,1
CH04354,(미분류),170000,50800000,107,1145,50,14.76,30.5,210.0,6,75482.8,239557.29,3646.42,190.38,99427.72,0.4569,2.067,0.0204,14.23,0.0,0,0.0,0,0,0,0,0
CH04355,게임,170000,47550000,249,3402,50,2.04,2.04,10.0,0,97366.84,133125.63,1650.88,129.42,83419.09,0.6774,1.0,0.0612,4.9,0.0067,1,0.02,0,0,1,0,0
CH04356,게임,170000,26670000,1219,4662,50,0.9,1.78,8.0,0,5311.66,8226.65,63.76,11.84,3377.96,0.5128,1.776,0.0816,8.0,0.0,0,0.0,0,0,0,0,0
CH04357,게임,170000,212210000,19308,7251,50,9.9,51.51,360.0,3,4012.52,15369.54,31.6,0.4,4601.29,0.3745,5.204,0.0204,36.37,0.0,0,0.0,0,0,0,0,1
CH04358,TV+방송,170000,18090000,66,4306,50,0.16,0.37,1.0,0,902160.74,1473286.72,8272.38,144.86,0.0,0.8161,0.37,0.1633,1.0,0.0133,1,0.02,0,0,1,0,0
CH04359,반려동물+애완,170000,74790000,387,3669,1,3.61,0.0,0.0,0,0.0,0.0,0.0,0.0,0.0,0.63855,0.0,0.0,0.0,0.0,0,0.0,0,0,0,0,1
CH04360,(미분류),170000,196370000,619,1958,50,2.12,2.35,10.0,0,79368.3,175712.23,470.92,60.6,42246.33,0.6576,1.109,0.102,4.71,0.0533,4,0.08,0,0,4,0,0
CH04361,(미분류),170000,92960000,377,2074,50,28.84,65.89,382.0,14,292909.74,1316720.6,10303.54,283.96,72098.67,0.4338,2.285,0.0612,13.25,0.0,0,0.0,0,0,0,0,0
CH04364,(미분류),170000,30910000,221,2507,50,26.0,35.93,187.0,11,575133.56,750063.49,7189.42,516.38,575133.56,0.5656,1.382,0.0816,7.19,0.0,0,0.0,0,0,0,0,0
CH04365,(미분류),170000,68730000,100,391,50,3.24,3.58,14.0,0,664423.06,2808996.39,1320.28,491.81,204819.39,0.6878,1.104,0.0408,4.31,0.0,0,0.0,0,0,0,0,0
CH04366,(미분류),170000,98390000,215,5563,50,1.61,8.51,59.0,1,32506.5,71852.55,1538.62,44.22,47498.22,0.3735,5.278,0.0204,36.59,0.0,0,0.0,0,0,0,0,0
CH04367,TV+방송,170000,87740000,406,3770,50,0.43,0.88,4.0,0,86770.02,217646.07,667.18,39.36,92141.89,0.7128,0.881,0.0816,4.0,0.0667,5,0.1,0,0,5,0,0
CH04368,게임,170000,191480000,11701,4562,50,0.73,1.43,5.0,0,13073.76,10608.66,155.24,20.98,13073.76,0.6245,1.425,0.0816,5.0,0.0,0,0.0,0,0,0,0,0
CH04369,어린이+키즈,170000,19740000,824,3595,50,2.8,2.25,9.0,0,735.8,324.93,11.98,0.0,708.86,0.7402,0.805,0.102,3.22,0.0,0,0.0,0,0,0,0,0
CH04370,미용+패션,170000,78150000,2646,2913,50,0.73,0.69,3.0,0,8688.02,6108.69,106.62,3.9,8205.98,0.7647,0.693,0.102,3.0,0.0,0,0.0,0,0,0,0,0
CH04371,강의+교육,170000,7820000,314,3464,50,3.31,10.25,72.0,1,8938.02,14480.51,157.16,24.0,10308.08,0.4158,3.1,0.0204,21.78,0.1133,7,0.14,0,0,7,0,0
CH04372,가수+댄스+음악,170000,58710000,455,5170,50,52.53,188.79,1010.0,6,19693.74,100033.7,365.22,9.58,8417.04,0.3905,3.594,0.0612,19.23,0.0,0,0.0,0,0,0,0,0
CH04373,(미분류),170000,141320000,1368,4650,50,5.22,7.9,50.0,1,20266.24,26612.05,310.38,33.42,17054.07,0.499,1.513,0.0408,9.57,0.0267,2,0.04,0,0,2,0,0
CH04374,(미분류),170000,57300000,1039,6810,50,8.37,34.68,246.0,1,117587.22,268485.24,2609.06,40.92,142652.09,0.3911,4.145,0.0204,29.4,0.0,0,0.0,0,0,0,0,0
CH04375,(미분류),170000,87950000,1398,3044,50,0.67,1.42,8.0,0,25860.62,20380.54,341.44,87.32,34047.67,0.5393,1.42,0.0816,8.0,0.0,0,0.0,0,0,0,0,0
CH04377,(미분류),170000,47590000,479,2497,50,8.76,20.18,139.0,3,24715.26,40091.28,599.92,41.38,32826.33,0.4451,2.305,0.0204,15.88,0.0,0,0.0,0,0,0,0,0
CH04378,(미분류),170000,57440000,829,2589,50,0.84,0.84,3.0,0,37012.94,35432.78,660.48,19.0,37304.19,0.7532,0.841,0.0612,3.0,0.04,3,0.06,1,0,2,0,0
CH04379,(미분류),170000,12810000,92,853,50,7.51,8.34,39.0,1,74310.4,115309.1,1145.16,76.86,90560.22,0.6498,1.11,0.0816,5.19,0.0,0,0.0,0,0,0,0,0
CH04380,반려동물+애완,170000,43470000,106,2950,50,30.45,85.88,502.0,7,272427.02,522598.89,3843.86,437.86,285428.53,0.4186,2.821,0.0408,16.49,0.0067,1,0.02,0,0,1,0,1
CH04381,(미분류),170000,63480000,509,4909,50,3.86,2.76,14.0,0,55931.78,26943.35,1012.1,120.56,59938.03,0.7672,0.716,0.0204,3.63,0.0,0,0.0,0,0,0,0,0
CH04382,스포츠+운동,170000,55500000,3189,5316,50,0.31,0.5,2.0,0,6530.84,3468.39,68.38,2.42,6530.84,0.8265,0.503,0.0204,2.0,0.0,0,0.0,0,0,0,0,0
CH04384,가수+댄스+음악,170000,65900000,419,3491,50,7.51,17.36,112.0,2,76244.54,100781.74,1285.02,236.32,67331.42,0.4387,2.312,0.0408,14.91,0.0,0,0.0,0,0,0,0,1
CH04385,(미분류),170000,50730000,879,5045,50,5.59,10.14,47.0,3,26592.44,60076.22,1370.06,33.1,51986.25,0.505,1.813,0.0612,8.41,0.0267,2,0.04,0,0,2,0,0
CH04386,(미분류),170000,28340000,279,2432,50,7.98,8.21,47.0,2,67847.56,44988.81,1289.86,263.78,70768.53,0.6516,1.029,0.0408,5.89,0.0133,1,0.02,0,0,1,0,0
CH04387,(미분류),170000,127750000,103,1872,50,6.78,9.97,48.0,2,35688.76,90336.82,5198.29,204.64,38379.59,0.5611,1.472,0.0816,7.08,0.0,0,0.0,0,0,0,0,1
CH04388,(미분류),170000,261450000,4274,5946,50,0.0,0.0,0.0,0,18961.82,43576.05,445.82,12.68,11069.19,1.0,0.0,0.0,0.0,0.0,0,0.0,0,0,0,0,0
CH04389,(미분류),170000,73060000,157,1633,50,6.96,14.87,93.0,3,263367.58,553640.17,3261.94,246.48,687711.5,0.4411,2.136,0.0612,13.36,0.0,0,0.0,0,0,0,0,1
CH04390,(미분류),170000,45550000,235,4517,50,2.39,3.27,12.0,0,64278.9,44549.58,1237.62,79.64,73448.56,0.6103,1.369,0.1429,5.03,0.0,0,0.0,0,0,0,0,0
CH04391,(미분류),170000,18640000,114,4080,50,26.0,36.2,188.0,15,106632.62,150220.53,1148.4,85.98,106632.62,0.5636,1.392,0.0816,7.23,0.0,0,0.0,0,0,0,0,1
CH04392,(미분류),170000,18810000,84,5356,50,62.16,99.51,510.0,21,146812.8,335305.24,3520.08,121.74,192841.92,0.5129,1.601,0.102,8.2,0.0,0,0.0,0,0,0,0,0
CH04393,게임,170000,223990000,1523,4899,50,1.27,1.24,4.0,0,135812.04,162908.87,1975.74,189.56,94623.48,0.7233,0.981,0.0816,3.16,0.0,0,0.0,0,0,0,0,0
CH04395,가수+댄스+음악,170000,45350000,497,5288,50,18.14,22.83,85.0,10,3145.32,2088.88,88.04,5.36,3277.61,0.6365,1.258,0.1224,4.69,0.0,0,0.0,0,0,0,0,0
CH04396,(미분류),170000,75530000,1677,7128,50,4.43,17.03,89.0,3,15435.16,27789.38,310.98,32.28,17268.93,0.3848,3.845,0.0612,20.1,0.0,0,0.0,0,0,0,0,0
CH04399,미용+패션,170000,48340000,247,3898,50,14.96,21.69,95.0,7,123567.14,296736.11,1615.68,120.62,77813.32,0.5778,1.45,0.102,6.35,0.0267,2,0.04,0,0,2,0,1
CH04400,강의+교육,170000,56590000,2107,4149,50,2.53,1.86,8.0,0,38169.5,165170.76,0.0,25.12,34305.0,0.7711,0.736,0.0408,3.16,0.0,0,0.0,0,0,0,0,0
CH04401,미용+패션,170000,38740000,466,4521,50,9.12,6.28,29.0,0,31974.56,43370.5,317.46,37.5,33627.52,0.7603,0.689,0.102,3.18,0.0,0,0.0,0,0,0,0,0
CH04402,(미분류),170000,5980000,278,4449,50,2.2,4.27,25.0,0,32260.46,175679.92,561.76,13.86,1187.75,0.4519,1.936,0.0612,11.34,0.1,7,0.14,4,0,4,0,0
CH04403,TV+방송,170000,34190000,524,4685,50,5.73,5.15,30.0,1,65540.24,31273.56,2862.92,242.32,65540.24,0.6812,0.899,0.0612,5.23,0.0333,3,0.06,0,0,3,0,1
CH04404,가수+댄스+음악,170000,80830000,1229,3707,50,15.71,37.74,248.0,4,57111.7,153026.74,1472.78,66.02,57111.7,0.4347,2.402,0.0408,15.78,0.0,0,0.0,0,0,0,0,1
CH04405,미용+패션,170000,14760000,315,4301,50,17.35,16.69,76.0,8,11877.2,16730.68,180.94,20.96,9936.08,0.6786,0.962,0.1224,4.38,0.0,0,0.0,0,0,0,0,0
CH04406,(미분류),170000,44010000,587,2278,50,3.29,2.71,14.0,0,3164.7,4274.21,32.68,6.34,2605.4,0.7318,0.825,0.0204,4.26,0.0,0,0.0,0,0,0,0,0
CH04407,(미분류),170000,94260000,1726,3104,50,1.61,3.39,19.0,0,111007.62,238207.76,1310.18,92.2,82052.47,0.4491,2.1,0.0408,11.78,0.0,0,0.0,0,0,0,0,0
CH04408,국내+여행+해외,170000,35660000,218,2224,50,7.96,9.1,35.0,1,27856.14,38595.71,448.62,51.98,34620.62,0.6566,1.144,0.1224,4.4,0.0133,1,0.02,0,0,1,0,0
CH04409,(미분류),170000,97350000,1471,3924,50,0.04,0.2,1.0,0,75737.74,205771.99,1053.3,44.1,42384.33,0.9052,0.198,0.0408,1.0,0.0,0,0.0,0,0,0,0,0
CH04410,(미분류),170000,73890000,451,2022,50,0.96,1.52,6.0,0,48450.36,30546.24,457.32,86.86,77277.8,0.5878,1.525,0.0816,6.0,0.02,1,0.02,0,0,1,0,0
CH04411,어린이+키즈,180000,152600000,472,3656,50,10.45,29.58,197.0,3,68699.32,87924.2,834.52,173.3,68699.32,0.4183,2.831,0.0408,18.85,0.0667,4,0.08,0,0,3,1,1
CH04412,TV+방송,180000,12570000,779,4931,50,0.0,0.0,0.0,0,4122.62,10764.82,38.06,3.68,0.0,1.0,0.0,0.0,0.0,0.0,0,0.0,0,0,0,0,0
CH04414,BJ+연예인+인물,180000,57390000,437,2523,50,2.96,2.29,11.0,0,34461.02,34375.94,267.1,26.64,36921.04,0.7428,0.775,0.0612,3.72,0.0267,2,0.04,0,0,2,0,0
CH04416,게임,180000,248930000,5138,3050,50,0.16,0.55,3.0,0,48812.7,29268.26,311.22,59.62,48812.7,0.7925,0.548,0.102,3.0,0.0,0,0.0,0,0,0,0,0
CH04417,(미분류),180000,84440000,1794,5147,50,0.22,0.58,3.0,0,3682.42,5428.82,115.08,6.98,7066.44,0.804,0.581,0.0408,3.0,0.0133,1,0.02,0,0,1,0,0
CH04418,국내+여행+해외,180000,13300000,583,2361,50,3.06,4.73,22.0,0,2333.04,4211.04,24.08,6.7,2258.94,0.5524,1.544,0.0816,7.19,0.0467,3,0.06,0,0,2,1,0
CH04419,어린이+키즈,180000,134500000,1213,4811,50,2.96,4.6,23.0,0,32283.18,83942.57,176.66,20.02,7328.67,0.5348,1.555,0.0816,7.77,0.0267,2,0.04,0,0,2,0,0
CH04420,(미분류),180000,173560000,992,2813,50,8.0,16.59,76.0,4,111502.42,231460.95,543.92,89.24,371726.62,0.4586,2.074,0.0612,9.5,0.02,1,0.02,0,0,1,0,0
CH04422,(미분류),180000,53760000,760,1413,50,0.49,1.37,8.0,0,43000.02,39566.64,1043.1,103.14,38725.29,0.5496,1.372,0.0612,8.0,0.0,0,0.0,0,0,0,0,0
CH04424,(미분류),180000,79110000,540,3714,50,1.49,1.83,7.0,0,68204.14,53038.52,787.86,55.52,63857.15,0.6391,1.229,0.1224,4.7,0.0733,5,0.1,0,2,3,0,0
CH04426,(미분류),180000,186360000,2114,2008,50,0.98,1.42,9.0,0,44910.56,26168.48,190.38,86.98,44910.56,0.5228,1.421,0.0408,9.0,0.06,3,0.06,0,0,1,2,0
CH04427,만화+애니+영화,180000,135810000,345,7112,50,7.37,4.31,18.0,0,84353.44,76874.19,907.04,167.64,85741.02,0.7788,0.585,0.1224,2.44,0.0067,1,0.02,0,0,1,0,0
CH04428,미용+패션,180000,23750000,496,4891,50,7.39,4.84,18.0,0,18697.38,4279.59,0.0,53.78,19333.16,0.7714,0.656,0.102,2.44,0.0667,5,0.1,0,0,5,0,0
CH04431,스포츠+운동,180000,37540000,1250,2896,50,1.41,3.53,24.0,0,6625.18,8459.32,20.5,2.08,4297.74,0.4365,2.505,0.0204,17.04,0.0133,1,0.02,0,0,1,0,0
CH04433,TV+방송,180000,6930000,82,3832,50,48.57,84.23,497.0,18,79078.58,102728.62,2780.0,214.88,81148.15,0.4706,1.734,0.0408,10.23,0.0,0,0.0,0,0,0,0,1
CH04434,게임,180000,179250000,4238,3995,50,2.12,2.7,12.0,0,21543.6,22395.11,375.85,26.7,11477.41,0.6197,1.272,0.0816,5.65,0.04,2,0.04,0,0,2,0,0
CH04435,게임,180000,93670000,364,2287,50,29.24,106.69,730.0,7,15480.98,13734.85,158.42,32.84,25380.87,0.3953,3.648,0.0408,24.96,0.0,0,0.0,0,0,0,0,0
CH04436,BJ+연예인+인물,180000,231810000,3969,2184,50,0.43,0.78,3.0,0,27185.04,50157.5,148.26,9.39,14519.37,0.7377,0.782,0.1429,3.0,0.02,1,0.02,0,0,1,0,0
CH04438,(미분류),180000,108450000,491,3370,50,0.82,1.76,6.0,0,23601.0,26404.19,135.96,28.66,61373.67,0.5589,1.757,0.1224,6.0,0.02,1,0.02,0,1,0,0,0
CH04439,(미분류),180000,96000000,997,2475,50,0.71,0.86,2.0,0,84057.96,77450.33,751.08,54.68,63123.2,0.7692,0.857,0.0,2.0,0.0,0,0.0,0,0,0,0,0
CH04440,(미분류),180000,68990000,1714,1035,50,0.65,1.52,6.0,0,4594.48,8874.69,234.48,11.4,3290.38,0.5821,1.519,0.102,6.0,0.0,0,0.0,0,0,0,0,0
CH04441,(미분류),180000,31290000,278,4922,50,10.2,3.42,14.0,0,161428.12,104242.96,4164.46,377.38,161428.12,0.8746,0.335,0.0,1.37,0.0,0,0.0,0,0,0,0,0
CH04442,(미분류),180000,49270000,131,751,50,2.65,2.1,10.0,0,222463.7,231189.26,4834.12,174.46,123414.71,0.7262,0.793,0.102,3.77,0.02,1,0.02,0,0,1,0,0
CH04443,(미분류),180000,205690000,2147,4518,50,0.35,0.52,2.0,0,31824.52,24164.84,110.64,19.78,31824.52,0.8235,0.517,0.0204,2.0,0.04,3,0.06,0,0,3,0,0
CH04444,IT+기술+컴퓨터,180000,79960000,2851,6857,50,1.04,0.95,4.0,0,37537.46,26245.92,325.74,87.37,26845.26,0.7133,0.91,0.0816,3.84,0.0533,3,0.06,0,0,3,0,0
CH04445,라이프+취미,180000,105310000,1519,4316,50,25.92,158.62,1124.0,2,13469.8,9360.11,116.83,17.42,13177.37,0.3641,6.12,0.0204,43.37,0.0,0,0.0,0,0,0,0,1
CH04446,강의+교육,180000,14510000,70,3635,50,29.55,48.24,252.0,14,266911.54,372694.28,5802.78,962.96,266911.54,0.5198,1.632,0.0408,8.53,0.0,0,0.0,0,0,0,0,1
CH04447,TV+방송,180000,71310000,924,3722,50,0.9,1.07,5.0,0,4275.38,4105.35,34.28,0.86,2947.52,0.6595,1.074,0.0816,5.0,0.0,0,0.0,0,0,0,0,1
CH04448,(미분류),180000,99370000,209,4596,50,0.16,0.68,4.0,0,349650.56,766259.42,7435.24,379.8,356494.98,0.7506,0.681,0.0612,4.0,0.0,0,0.0,0,0,0,0,1
CH04449,(미분류),180000,25730000,120,2368,49,9.58,12.41,77.0,2,112799.98,312541.01,2837.78,154.53,112799.98,0.5615,1.295,0.0417,8.03,0.0,0,0.0,0,0,0,0,1
CH04450,(미분류),180000,105250000,2283,7055,50,1.57,2.08,8.0,0,19790.98,65536.68,1033.38,70.52,18539.88,0.6248,1.324,0.102,5.09,0.0,0,0.0,0,0,0,0,0
CH04452,(미분류),180000,30780000,202,1050,50,3.92,2.15,8.0,0,141387.1,216990.43,1958.44,115.62,146595.21,0.8108,0.548,0.0408,2.04,0.0,0,0.0,0,0,0,0,0
CH04453,반려동물+애완,180000,81690000,552,3874,50,31.2,27.89,94.0,21,13686.26,8286.8,345.16,40.5,14723.32,0.7269,0.894,0.1224,3.01,0.0,0,0.0,0,0,0,0,0
CH04454,가수+댄스+음악,180000,28600000,398,7227,50,1.31,2.76,17.0,0,5052.42,7495.38,169.04,6.62,4957.47,0.4485,2.111,0.0408,13.02,0.0,0,0.0,0,0,0,0,1
CH04455,게임,180000,88180000,357,4739,50,16.35,22.48,128.0,7,435627.74,478335.84,6512.74,343.38,430381.51,0.548,1.375,0.0816,7.83,0.1067,8,0.16,0,0,8,0,0
CH04456,어린이+키즈,180000,95630000,540,4513,50,17.39,38.47,216.0,7,16940.54,18038.41,142.52,1.08,18184.93,0.4373,2.212,0.0612,12.42,0.0,0,0.0,0,0,0,0,1
CH04458,가수+댄스+음악,180000,117770000,552,4611,50,13.16,8.65,49.0,2,71812.3,58508.78,1385.1,105.34,76511.43,0.7628,0.657,0.0612,3.72,0.0,0,0.0,0,0,0,0,0
CH04459,게임,180000,107960000,1553,4808,50,1.67,1.65,7.0,0,13032.16,6696.94,92.3,20.62,12235.87,0.6938,0.984,0.0816,4.18,0.04,2,0.04,0,0,2,0,0
CH04460,만화+애니+영화,180000,37150000,324,4713,50,8.59,35.56,242.0,3,495.02,449.05,29.66,2.12,300.3,0.3851,4.139,0.0408,28.17,0.0,0,0.0,0,0,0,0,0
CH04462,(미분류),180000,59030000,634,3483,50,17.51,23.34,113.0,7,60325.38,49967.33,1057.28,118.8,60325.38,0.585,1.333,0.102,6.45,0.0133,1,0.02,0,0,1,0,0
CH04463,(미분류),180000,33750000,186,4572,50,8.37,4.89,19.0,0,125587.3,40885.48,1784.08,203.46,129161.32,0.791,0.585,0.0816,2.27,0.0267,2,0.04,0,0,2,0,0
CH04464,(미분류),180000,121620000,1652,3538,50,0.14,0.35,1.0,0,62709.9,43018.42,1205.98,75.78,60081.77,0.8275,0.35,0.1429,1.0,0.06,3,0.06,0,0,3,0,0
CH04465,가수+댄스+음악,180000,38790000,471,3672,50,0.12,0.33,1.0,0,145314.54,395207.96,396.66,22.44,14976.88,0.8398,0.328,0.1224,1.0,0.0,0,0.0,0,0,0,0,0
CH04466,자동차,180000,166790000,952,5685,50,5.24,5.51,28.0,0,119979.56,437810.99,1471.34,139.39,27750.02,0.6588,1.05,0.0612,5.34,0.0133,1,0.02,0,0,1,0,0
CH04467,레시피+요리+음식,180000,17110000,421,3593,50,21.59,31.59,165.0,7,6177.32,6969.02,152.66,12.32,6177.32,0.5398,1.463,0.102,7.64,0.06,3,0.06,0,0,3,0,1
CH04468,어린이+키즈,180000,184300000,2398,4601,50,0.35,0.48,1.0,0,1081.92,866.36,8.08,0.98,467.72,0.8388,0.476,0.0,1.0,0.0,0,0.0,0,0,0,0,0
CH04469,게임,180000,79600000,548,5079,50,26.96,89.15,546.0,4,16136.16,17171.28,274.44,105.4,17884.67,0.4039,3.307,0.0408,20.25,0.1133,8,0.16,1,0,7,1,1
CH04470,IT+기술+컴퓨터,180000,1950000,2207,3582,50,0.0,0.0,0.0,0,1465.94,1080.67,37.42,0.0,1465.94,1.0,0.0,0.0,0.0,0.08,6,0.12,0,0,6,0,0
CH04471,어린이+키즈,180000,25550000,539,3642,50,2.71,3.89,28.0,0,16819.2,12605.27,189.46,0.74,20159.92,0.4993,1.434,0.0204,10.32,0.0,0,0.0,0,0,0,0,0
CH04472,레시피+요리+음식,180000,64900000,245,4827,50,12.27,15.6,79.0,5,81972.26,35386.92,927.05,111.98,83271.26,0.6096,1.272,0.0408,6.44,0.0,0,0.0,0,0,0,0,1
CH04473,강의+교육,180000,12240000,229,6236,50,24.47,39.09,174.0,11,15009.26,55072.4,580.6,16.82,17990.14,0.5444,1.598,0.102,7.11,0.0,0,0.0,0,0,0,0,0
CH04474,TV+방송,180000,262650000,1956,3651,50,3.37,6.5,30.0,1,56876.84,189759.16,332.28,139.51,56876.84,0.4712,1.931,0.102,8.91,0.04,3,0.06,0,0,3,0,1
CH04475,만화+애니+영화,180000,81030000,3699,4749,50,2.14,1.8,5.0,0,1440.34,3967.03,32.04,4.54,617.79,0.7231,0.838,0.1633,2.33,0.0,0,0.0,0,0,0,0,0
CH04476,(미분류),180000,524170000,2051,2249,50,0.02,0.14,1.0,0,46576.06,38362.06,358.58,45.8,55938.11,0.9319,0.141,0.0204,1.0,0.0,0,0.0,0,0,0,0,0
CH04477,(미분류),180000,31410000,447,3383,50,3.47,4.22,25.0,0,54768.62,107867.01,791.48,10.76,54768.62,0.581,1.216,0.0816,7.21,0.0,0,0.0,0,0,0,0,1
CH04478,어린이+키즈,180000,66450000,166,2609,50,28.0,173.82,1229.0,2,4793.26,2047.97,18.0,0.0,4793.26,0.3632,6.208,0.0204,43.89,0.0,0,0.0,0,0,0,0,1
CH04479,어린이+키즈,180000,220030000,2091,5462,50,4.18,15.86,92.0,2,7193.82,4988.26,39.64,0.0,7193.82,0.3921,3.791,0.0408,21.99,0.0,0,0.0,0,0,0,0,0
CH04480,(미분류),180000,4560000,112,905,50,2.59,7.44,48.0,1,59220.34,120949.02,0.0,50.96,229143.75,0.4169,2.872,0.0408,18.52,0.04,3,0.06,0,0,3,0,0
CH04481,만화+애니+영화,180000,29080000,115,6129,50,41.08,45.28,198.0,20,108580.54,189478.16,1222.98,123.04,111342.77,0.6552,1.102,0.102,4.82,0.0133,1,0.02,0,0,1,0,0
CH04482,미용+패션,180000,30100000,405,4445,50,20.84,26.27,106.0,9,27299.56,37801.27,277.52,14.96,21433.07,0.6187,1.261,0.1429,5.09,0.0267,2,0.04,0,0,2,0,0
CH04483,가수+댄스+음악,180000,21460000,738,4437,50,7.06,15.41,90.0,3,21097.64,31034.38,890.46,87.76,23740.74,0.4387,2.183,0.0612,12.75,0.0133,1,0.02,0,0,1,0,1
CH04484,라이프+취미,180000,51610000,59,3767,50,13.2,17.22,93.0,6,997947.34,2099183.46,8466.76,63532.5,1023368.43,0.5831,1.304,0.0612,7.04,0.0,0,0.0,0,0,0,0,1
CH04485,스포츠+운동,180000,120830000,275,2698,50,3.63,1.0,6.0,0,290055.14,245111.43,2051.58,303.28,290055.14,0.8611,0.276,0.102,1.65,0.02,2,0.04,0,0,2,0,1
CH04486,미용+패션,180000,86330000,477,3042,50,6.73,12.42,65.0,4,51654.9,130129.49,228.96,28.08,59579.15,0.4613,1.844,0.0816,9.65,0.0067,1,0.02,0,0,1,0,0
CH04487,레시피+요리+음식,180000,257910000,801,3293,26,1.84,2.36,6.0,0,1230.23,675.78,5.46,0.38,1183.33,0.6755,1.283,0.12,3.26,0.0,0,0.0,0,0,0,0,0
CH04488,국내+여행+해외,180000,44680000,233,4216,50,18.06,24.92,168.0,6,148513.44,50988.5,4294.9,367.82,148513.44,0.5117,1.38,0.0612,9.3,0.0067,1,0.02,0,0,1,0,1
CH04489,(미분류),180000,49150000,500,2615,50,4.86,4.04,21.0,0,8090.78,12731.89,395.55,13.8,5899.12,0.7168,0.832,0.0612,4.32,0.0,0,0.0,0,0,0,0,0
CH04490,어린이+키즈,180000,5420000,638,2400,50,4.31,10.48,76.0,1,1844.28,4526.86,54.24,0.0,2221.62,0.4395,2.434,0.0204,17.65,0.0,0,0.0,0,0,0,0,1
CH04491,(미분류),180000,24550000,58,1178,50,15.45,11.18,56.0,4,381579.18,243218.26,5447.58,237.12,381579.18,0.7477,0.724,0.0816,3.62,0.0,0,0.0,0,0,0,0,0
CH04492,(미분류),180000,95740000,282,781,50,2.33,1.35,6.0,0,352751.7,121339.0,3371.4,430.62,341899.31,0.7678,0.579,0.1633,2.58,0.06,3,0.06,0,0,3,0,0
CH04493,(미분류),180000,82510000,1381,4020,50,1.12,0.72,2.0,0,156228.82,161844.93,1689.88,198.4,103388.64,0.7437,0.64,0.2041,1.78,0.04,2,0.04,0,0,2,0,0
CH04494,가수+댄스+음악,180000,122920000,776,6203,50,2.37,11.1,79.0,1,16408.18,54373.01,312.78,10.82,17784.0,0.3818,4.689,0.0204,33.37,0.0,0,0.0,0,0,0,0,1
CH04496,레시피+요리+음식,180000,15660000,130,3811,50,38.39,69.48,371.0,13,55372.46,120174.63,1339.08,131.44,59905.25,0.463,1.81,0.0816,9.66,0.0,0,0.0,0,0,0,0,0
CH04497,미용+패션,180000,36740000,126,3766,50,27.73,52.14,336.0,6,488185.24,707363.21,7508.04,258.04,488185.24,0.4553,1.88,0.0612,12.11,0.02,1,0.02,0,0,1,0,1
CH04499,(미분류),180000,330070000,2583,2134,50,0.16,0.47,2.0,0,42345.8,240032.84,545.18,30.7,10535.5,0.8041,0.467,0.1224,2.0,0.0,0,0.0,0,0,0,0,0
CH04501,(미분류),180000,34160000,195,4526,50,3.37,3.01,14.0,0,68320.74,69840.46,2331.32,80.66,79240.98,0.7065,0.893,0.0816,4.16,0.0,0,0.0,0,0,0,0,0
CH04502,(미분류),180000,38310000,127,689,50,1.9,2.16,7.0,0,357086.88,280449.33,3720.34,162.7,432390.33,0.6897,1.138,0.0816,3.69,0.0133,1,0.02,0,0,1,0,0
CH04503,(미분류),180000,120950000,433,733,50,0.92,2.26,16.0,0,224178.46,195260.06,6644.56,327.22,162939.9,0.4474,2.257,0.0204,16.0,0.0333,2,0.04,0,0,2,0,0
CH04504,라이프+취미,180000,51670000,407,3938,50,22.78,72.07,366.0,6,10021.82,10474.69,332.76,15.32,15188.2,0.4078,3.164,0.0408,16.07,0.0,0,0.0,0,0,0,0,1
CH04505,미용+패션,180000,18760000,185,3456,50,11.69,11.76,47.0,4,27732.26,29976.45,409.9,26.78,32028.91,0.6957,1.006,0.0816,4.02,0.0333,3,0.06,0,0,3,0,0
CH04507,(미분류),180000,98890000,861,3048,50,10.57,26.1,166.0,4,25305.62,28915.36,196.68,24.68,14133.2,0.4258,2.469,0.0612,15.7,0.0,0,0.0,0,0,0,0,0
CH04508,(미분류),180000,91940000,583,2670,50,0.71,0.67,3.0,0,121312.0,24009.15,8586.4,183.02,121335.8,0.7749,0.67,0.0816,3.0,0.0133,1,0.02,0,0,1,0,0
CH04509,(미분류),180000,124280000,2214,998,50,0.18,0.75,4.0,0,98857.98,221540.97,845.66,79.9,100583.9,0.7393,0.747,0.0612,4.0,0.0,0,0.0,0,0,0,0,1
CH04510,(미분류),180000,245200000,265,1583,50,0.0,0.0,0.0,0,4240.7,5535.09,78.9,8.76,3788.25,1.0,0.0,0.0,0.0,0.0,0,0.0,0,0,0,0,0
CH04511,(미분류),180000,173380000,303,4924,50,6.73,0.8,10.0,0,153792.02,217096.03,1181.72,25.72,70083.62,0.9223,0.119,0.0816,1.48,0.0,0,0.0,0,0,0,0,0
CH04515,(미분류),180000,71020000,3726,4948,50,0.16,0.47,2.0,0,2460.5,3360.39,113.96,7.3,4215.33,0.8041,0.467,0.1224,2.0,0.0,0,0.0,0,0,0,0,0
CH04516,(미분류),180000,46250000,290,2393,50,3.71,3.68,15.0,0,63569.18,133658.16,602.74,36.32,19327.0,0.6971,0.99,0.0816,4.04,0.02,2,0.04,0,0,2,0,0
CH04517,(미분류),180000,180930000,77,2265,50,18.22,31.63,144.0,10,104785.4,269391.76,1964.46,34.82,11266.7,0.5121,1.736,0.102,7.9,0.0,0,0.0,0,0,0,0,1
CH04519,(미분류),180000,24710000,158,2645,50,7.67,12.73,61.0,4,31802.14,48332.47,879.48,41.68,41568.86,0.5222,1.659,0.0816,7.95,0.0133,1,0.02,0,0,1,0,0
CH04520,(미분류),180000,202320000,3380,2719,50,0.35,0.48,1.0,0,67185.84,24826.05,1219.28,296.22,67185.84,0.8388,0.476,0.0,1.0,0.04,3,0.06,0,0,3,0,0
CH04521,스포츠+운동,180000,138430000,781,4875,50,2.1,1.57,8.0,0,89617.86,165654.68,523.58,43.84,45213.58,0.7572,0.746,0.0204,3.81,0.0133,1,0.02,0,0,1,0,0
CH04523,(미분류),180000,64110000,4003,5556,50,0.22,0.54,3.0,0,50544.9,168293.75,495.66,18.92,111195.8,0.8176,0.545,0.0204,3.0,0.0,0,0.0,0,0,0,0,0
CH04524,(미분류),180000,65580000,462,1090,50,2.12,5.4,35.0,1,96270.16,258840.77,918.66,57.42,176771.13,0.4226,2.546,0.0612,16.49,0.02,2,0.04,0,0,2,0,0
CH04525,(미분류),180000,116890000,1099,3476,50,6.0,1.83,10.0,0,46265.56,36980.78,1203.22,52.2,46265.56,0.8219,0.305,0.2041,1.67,0.0,0,0.0,0,0,0,0,0
CH04526,(미분류),180000,98450000,593,2445,50,2.78,5.53,37.0,1,113978.78,137406.91,2770.4,104.08,101933.98,0.4548,1.992,0.0408,13.33,0.0,0,0.0,0,0,0,0,0
CH04527,(미분류),180000,16640000,301,924,50,1.61,2.9,18.0,0,77721.4,147013.59,2088.2,74.5,86565.19,0.4665,1.798,0.0408,11.16,0.0133,1,0.02,0,0,1,0,0
CH04528,(미분류),180000,272410000,583,584,50,0.18,0.48,2.0,0,1027533.08,1772551.63,12491.82,96.94,249158.0,0.7947,0.481,0.1429,2.0,0.0,0,0.0,0,0,0,0,0
CH04529,(미분류),180000,68710000,1050,1562,50,8.14,9.72,48.0,3,144724.3,170331.3,1925.14,287.62,141514.38,0.6268,1.194,0.0612,5.89,0.0,0,0.0,0,0,0,0,0
CH04530,(미분류),180000,132990000,2068,3474,50,0.96,0.99,4.0,0,77390.1,73671.38,730.55,125.34,78576.84,0.7045,0.989,0.0612,4.0,0.1333,8,0.16,0,0,8,0,0
CH04531,(미분류),180000,149130000,2278,4509,50,1.24,1.58,6.0,0,69255.22,76995.76,728.36,135.56,59598.67,0.6374,1.273,0.102,4.82,0.0,0,0.0,0,0,0,0,0
CH04532,(미분류),180000,168050000,3949,2368,50,0.0,0.0,0.0,0,28117.78,23581.52,263.24,55.54,29166.48,1.0,0.0,0.0,0.0,0.0733,5,0.1,0,0,4,1,0
CH04533,게임,190000,144760000,931,4898,50,21.59,82.91,592.0,4,26994.92,32401.04,508.46,44.4,25165.26,0.3972,3.84,0.0204,27.42,0.02,1,0.02,0,0,1,0,1
CH04534,미용+패션,190000,81620000,988,4148,50,2.88,2.39,9.0,0,15439.44,27820.56,239.34,13.74,8624.5,0.739,0.83,0.102,3.13,0.0,0,0.0,0,0,0,0,0
CH04535,미용+패션,190000,26940000,161,4267,50,9.51,8.67,35.0,1,137193.1,357078.5,3850.24,72.9,141659.0,0.7237,0.912,0.0612,3.68,0.0,0,0.0,0,0,0,0,0
CH04536,BJ+연예인+인물,190000,34330000,861,4277,50,38.35,61.19,246.0,17,145243.14,311502.03,3633.58,174.1,176610.59,0.5644,1.596,0.102,6.42,0.0,0,0.0,0,0,0,0,1
CH04537,가수+댄스+음악,190000,47520000,246,3604,50,24.22,46.15,223.0,13,99491.3,105774.36,0.0,248.98,108833.62,0.4764,1.905,0.0612,9.21,0.0067,1,0.02,0,0,1,0,1
CH04538,가수+댄스+음악,190000,4550000,210,4940,50,3.65,5.83,38.0,1,3217.46,6535.76,29.48,5.06,3217.46,0.4864,1.597,0.0204,10.4,0.04,2,0.04,0,0,2,0,1
CH04539,가수+댄스+음악,190000,175970000,899,5143,50,4.22,7.94,49.0,1,77544.86,274816.34,400.92,25.28,441418.62,0.4491,1.88,0.0816,11.6,0.0,0,0.0,0,0,0,0,0
CH04540,TV+방송,190000,37330000,2846,4048,50,0.06,0.24,1.0,0,30104.68,39442.36,1256.24,68.58,6280.73,0.8849,0.24,0.0612,1.0,0.0,0,0.0,0,0,0,0,0
CH04541,(미분류),190000,51580000,523,2591,50,8.65,5.62,28.0,0,28108.28,21041.85,402.52,109.08,28575.16,0.7719,0.649,0.0816,3.24,0.0067,1,0.02,0,0,1,0,0
CH04542,(미분류),190000,56760000,291,2560,50,10.16,18.84,130.0,2,138940.24,165686.67,4232.16,189.84,149711.67,0.463,1.854,0.0408,12.79,0.1067,7,0.14,0,0,8,0,0
CH04543,(미분류),190000,26810000,127,2675,50,20.08,28.36,150.0,5,147896.48,191837.21,5708.14,532.3,150412.39,0.5612,1.412,0.0612,7.47,0.0,0,0.0,0,0,0,0,0
CH04544,(미분류),190000,71920000,425,2140,50,6.51,0.73,8.0,0,79968.4,78692.07,2535.22,141.98,79968.4,0.9066,0.112,0.1429,1.23,0.0333,2,0.04,0,0,2,0,0
CH04545,(미분류),190000,110530000,505,1515,50,5.49,12.84,93.0,1,134202.36,138638.78,3941.22,148.52,136107.05,0.4436,2.339,0.0204,16.94,0.0,0,0.0,0,0,0,0,1
CH04546,가수+댄스+음악,190000,114850000,564,4914,50,2.53,3.23,18.0,0,17755.62,7938.21,1213.18,19.68,13220.25,0.5839,1.275,0.0612,7.11,0.0,0,0.0,0,0,0,0,0
CH04548,TV+방송,190000,27890000,95,3205,50,12.82,15.28,89.0,4,169875.96,320878.57,2806.42,346.96,169875.96,0.597,1.192,0.0612,6.94,0.0,0,0.0,0,0,0,0,1
CH04550,어린이+키즈,190000,149440000,1078,7495,50,0.65,0.77,3.0,0,5054.46,3235.42,12.0,0.0,4197.4,0.7518,0.771,0.102,3.0,0.0,0,0.0,0,0,0,0,0
CH04551,(미분류),190000,48360000,145,1452,50,1.73,2.27,11.0,0,259195.76,411844.62,2532.54,54.04,197165.06,0.5969,1.306,0.0816,6.34,0.0267,2,0.04,0,0,2,0,0
CH04552,(미분류),190000,143670000,1602,4917,50,0.61,1.87,12.0,0,21185.0,47760.65,316.76,31.26,16162.92,0.4619,1.872,0.0408,12.0,0.0133,1,0.02,0,0,1,0,0
CH04553,(미분류),190000,388670000,651,465,50,0.2,0.53,3.0,0,360670.28,144202.1,7409.78,168.16,326264.87,0.8199,0.534,0.0204,3.0,0.06,3,0.06,0,0,2,1,0
CH04554,게임,190000,74080000,1102,6070,50,3.51,5.02,22.0,0,23359.54,75099.06,192.82,7.54,23842.0,0.594,1.431,0.0612,6.27,0.0733,4,0.08,0,0,4,0,0
CH04555,게임,190000,57610000,566,4136,50,4.76,12.97,93.0,1,16930.7,35916.19,244.28,39.68,16930.7,0.428,2.728,0.0204,19.56,0.0333,2,0.04,0,0,2,0,1
CH04556,미용+패션,190000,34840000,432,3980,50,3.43,4.3,20.0,0,23740.76,22645.95,190.3,22.42,12120.95,0.6101,1.256,0.102,5.83,0.0,0,0.0,0,0,0,0,0
CH04557,게임,190000,113260000,2476,3252,50,0.29,0.57,2.0,0,87837.46,60916.11,814.6,213.93,87837.46,0.7998,0.571,0.0612,2.0,0.0,0,0.0,0,0,0,0,0
CH04558,가수+댄스+음악,190000,23500000,350,3877,50,6.45,9.19,41.0,3,12396.28,11971.97,237.52,23.96,12698.1,0.5796,1.425,0.102,6.36,0.0,0,0.0,0,0,0,0,0
CH04560,어린이+키즈,190000,237790000,933,3496,50,1.12,1.06,6.0,0,78828.08,35281.12,2405.16,103.44,60526.17,0.6838,0.946,0.0204,5.35,0.0,0,0.0,0,0,0,0,0
CH04561,(미분류),190000,32170000,516,2272,50,5.67,5.13,31.0,1,28139.8,93280.3,390.76,59.62,30098.52,0.6737,0.905,0.0612,5.46,0.0,0,0.0,0,0,0,0,0
CH04562,(미분류),190000,22290000,213,1104,50,8.71,20.47,146.0,1,147085.04,412178.96,2738.8,68.92,149490.47,0.4432,2.349,0.0204,16.75,0.02,1,0.02,0,0,1,0,0
CH04563,(미분류),190000,110900000,342,1139,50,2.86,0.67,4.0,0,139839.44,121031.33,1108.0,106.52,144712.12,0.8805,0.235,0.0816,1.4,0.0267,2,0.04,0,0,2,0,0
CH04564,(미분류),190000,95870000,398,1481,50,0.24,0.43,1.0,0,235649.32,285678.93,3539.92,274.6,108022.27,0.7762,0.43,0.2449,1.0,0.0533,3,0.06,0,0,3,0,0
CH04565,가수+댄스+음악,190000,131940000,131,4645,50,32.92,107.08,707.0,4,572342.84,750542.92,6147.52,183.66,572342.84,0.4053,3.253,0.0408,21.48,0.0,0,0.0,0,0,0,0,1
CH04566,BJ+연예인+인물,190000,139010000,1027,4373,50,36.57,140.98,928.0,7,5497.02,15623.58,39.74,15.06,6139.43,0.3907,3.855,0.0408,25.38,0.0267,2,0.04,2,0,0,0,0
CH04567,게임,190000,105590000,1522,4656,50,2.65,1.55,6.0,0,32264.18,14471.92,512.32,27.06,32264.18,0.7547,0.583,0.2041,2.26,0.0333,3,0.06,0,0,3,0,0
CH04568,(미분류),190000,123800000,654,4819,50,2.92,2.63,10.0,0,127899.08,150092.77,983.14,135.6,77681.72,0.7201,0.902,0.102,3.43,0.1933,12,0.24,0,0,12,0,0
CH04569,(미분류),190000,100250000,530,2140,50,3.12,6.59,46.0,1,47683.14,86419.38,304.68,14.2,28493.73,0.4546,2.11,0.0204,14.73,0.0,0,0.0,0,0,0,0,0
CH04570,(미분류),190000,102290000,1048,2820,50,0.94,0.84,3.0,0,39324.08,35070.73,363.14,73.58,44086.77,0.7529,0.843,0.0612,3.0,0.0333,4,0.08,0,0,4,0,0
CH04571,(미분류),190000,128280000,579,5293,50,6.27,6.08,25.0,0,439217.62,753587.57,4729.64,563.08,358599.18,0.6949,0.97,0.102,3.99,0.02,1,0.02,0,0,1,0,0
CH04572,(미분류),190000,105890000,442,1552,50,4.71,15.56,112.0,1,168679.4,322477.28,2021.3,89.02,181340.22,0.4101,3.3,0.0204,23.76,0.06,5,0.1,0,0,5,0,0
CH04574,미용+패션,190000,18640000,605,3911,50,1.71,5.04,31.0,1,3433.28,1515.81,25.26,2.36,4325.67,0.4147,2.939,0.0408,18.08,0.0,0,0.0,0,0,0,0,0
CH04576,게임,190000,172990000,4542,4543,50,4.51,9.15,47.0,2,19461.0,32390.71,292.08,22.1,14403.67,0.4406,2.029,0.0816,10.42,0.0,0,0.0,0,0,0,0,0
CH04578,(미분류),190000,71740000,763,3890,50,3.57,2.04,8.0,0,11659.6,12717.82,66.8,12.36,11659.6,0.7815,0.571,0.1224,2.24,0.0267,2,0.04,0,0,2,0,0
CH04580,(미분류),190000,36820000,204,1068,50,1.51,2.6,10.0,0,106141.92,179056.99,1834.2,106.12,254442.05,0.5437,1.719,0.1224,6.62,0.0,0,0.0,0,0,0,0,1
CH04581,(미분류),190000,70480000,178,1199,50,5.9,3.22,14.0,0,227697.12,124643.98,3156.64,293.66,227697.12,0.7866,0.546,0.1224,2.37,0.0133,1,0.02,0,0,1,0,0
CH04582,게임,190000,108450000,2397,4331,50,2.02,8.71,62.0,1,260.98,273.06,2.92,0.44,260.98,0.388,4.313,0.0204,30.69,0.0,0,0.0,0,0,0,0,0
CH04583,(미분류),190000,105450000,1900,4112,50,1.02,1.5,6.0,0,26621.54,11583.14,1119.64,15.08,26621.54,0.5953,1.475,0.0816,5.88,0.18,11,0.22,0,0,14,0,0
CH04584,게임,190000,114870000,6196,4963,50,7.02,17.77,109.0,2,1555.5,1048.23,43.58,12.88,1555.5,0.4293,2.532,0.0408,15.53,0.0,0,0.0,0,0,0,0,0
CH04585,TV+방송,190000,33290000,272,3174,50,6.59,3.9,14.0,0,115781.3,577301.03,459.1,40.26,119195.43,0.7529,0.592,0.2041,2.12,0.0,0,0.0,0,0,0,0,0
CH04587,(미분류),190000,11740000,2816,4591,50,0.04,0.2,1.0,0,3296.48,2969.12,160.14,7.1,3101.71,0.9052,0.198,0.0408,1.0,0.0533,4,0.08,4,0,0,0,0
CH04588,가수+댄스+음악,190000,90570000,217,2634,50,10.76,25.43,139.0,7,73386.0,332426.99,1234.58,138.42,188849.41,0.4302,2.365,0.0612,12.92,0.0,0,0.0,0,0,0,0,0
CH04589,(미분류),190000,3820000,323,2728,50,0.65,1.35,7.0,0,5311.18,5653.94,210.5,21.96,5324.52,0.5741,1.348,0.0816,7.0,0.02,1,0.02,0,0,0,1,0
CH04590,(미분류),190000,134070000,371,2403,50,4.08,3.53,13.0,0,16545.62,31495.85,94.34,1.4,4974.62,0.7323,0.864,0.102,3.18,0.0133,1,0.02,0,0,1,0,1
CH04591,(미분류),190000,11560000,94,2141,50,10.88,25.48,116.0,3,15353.62,26002.04,398.2,23.72,18817.18,0.4312,2.342,0.0612,10.66,0.0467,3,0.06,0,0,3,0,0
CH04592,(미분류),190000,219960000,594,1641,50,1.27,1.45,6.0,0,324256.14,1044513.45,5463.36,39.44,0.0,0.6462,1.149,0.1224,4.74,0.0333,3,0.06,0,0,3,0,1
CH04593,어린이+키즈,190000,149680000,884,2061,50,0.43,0.49,1.0,0,9803.6,6336.11,32.5,0.0,9431.21,0.8345,0.495,0.0,1.0,0.0,0,0.0,0,0,0,0,0
CH04595,(미분류),190000,111120000,406,2388,50,1.06,3.58,24.0,0,109249.14,140615.34,783.28,82.86,101262.61,0.4022,3.37,0.0408,22.62,0.0,0,0.0,0,0,0,0,0
CH04596,게임,190000,186290000,2405,4926,50,0.76,1.04,4.0,0,31216.5,25971.31,135.94,72.72,24405.81,0.692,1.041,0.0816,4.0,0.0533,3,0.06,0,1,2,0,0
CH04597,(미분류),190000,121690000,275,2645,50,7.2,13.12,64.0,3,84122.58,173220.73,462.66,76.74,25608.21,0.4846,1.822,0.0816,8.88,0.04,3,0.06,0,0,3,0,1
CH04599,(미분류),190000,75700000,487,2054,50,7.47,10.76,58.0,2,13828.74,19021.97,146.36,4.92,6012.12,0.5565,1.44,0.0408,7.77,0.0067,1,0.02,0,0,1,0,1
CH04602,(미분류),190000,41200000,253,2210,50,5.14,3.25,14.0,0,154528.76,204861.7,8149.46,320.28,160242.96,0.7757,0.632,0.102,2.72,0.0667,5,0.1,0,0,5,0,0
CH04604,(미분류),190000,251470000,503,527,50,1.9,2.08,9.0,0,25008.48,37552.41,2065.66,131.54,20788.3,0.6764,1.097,0.0408,4.74,0.0,0,0.0,0,0,0,0,0
CH04605,반려동물+애완,190000,124730000,738,3103,50,7.16,11.4,69.0,2,184136.12,345135.91,4960.4,83.32,129932.73,0.4912,1.591,0.0408,9.63,0.0133,1,0.02,0,0,1,0,1
CH04606,(미분류),190000,94230000,5270,4198,50,0.04,0.28,2.0,0,8373.04,17168.63,106.5,2.44,0.0,0.8837,0.283,0.0204,2.0,0.0133,1,0.02,0,0,1,0,0
CH04607,게임,190000,263460000,1623,2765,50,2.0,1.14,5.0,0,52537.8,30225.03,1278.64,102.82,52537.8,0.7692,0.571,0.1633,2.5,0.08,5,0.1,0,0,5,0,0
CH04608,가수+댄스+음악,190000,46880000,110,4511,50,33.37,56.83,243.0,15,379083.08,548086.06,13642.2,351.18,408609.93,0.532,1.703,0.102,7.28,0.0,0,0.0,0,0,0,0,1
CH04609,게임,190000,48980000,1490,3131,50,16.92,100.53,713.0,1,12034.2,8520.86,218.74,21.86,12034.2,0.3659,5.942,0.0204,42.14,0.08,4,0.08,0,0,4,0,1
CH04610,강의+교육,190000,28290000,462,3554,50,8.24,11.58,48.0,4,23040.44,24101.98,664.58,28.94,23040.44,0.5968,1.404,0.102,5.82,0.0,0,0.0,0,0,0,0,1
CH04612,(미분류),190000,56370000,195,2260,50,8.22,10.37,56.0,2,73219.88,130532.97,671.4,72.24,128701.64,0.5878,1.261,0.0816,6.81,0.0267,2,0.04,0,0,2,0,0
CH04613,(미분류),190000,41210000,356,2202,50,4.37,6.99,49.0,1,90635.76,212757.08,1244.78,88.7,47739.59,0.4861,1.602,0.0204,11.22,0.0133,1,0.02,0,0,1,0,0
CH04614,국내+여행+해외,190000,54110000,206,1108,50,3.8,3.09,17.0,0,115185.8,85362.05,3085.3,123.18,123839.09,0.7211,0.814,0.0408,4.48,0.0,0,0.0,0,0,0,0,0
CH04615,(미분류),190000,59810000,306,1326,50,2.96,1.28,7.0,0,145299.26,141306.31,3305.9,266.28,108012.18,0.8064,0.432,0.1429,2.37,0.0333,2,0.04,0,0,2,0,0
CH04616,(미분류),190000,51990000,205,790,50,0.51,0.64,2.0,0,176880.96,209512.84,3027.5,103.64,264509.0,0.7799,0.643,0.0816,2.0,0.0267,2,0.04,0,0,2,0,0
CH04617,(미분류),190000,189510000,641,5168,50,2.06,3.21,15.0,0,61934.96,138655.07,640.82,17.08,120011.57,0.5366,1.557,0.1224,7.28,0.0,0,0.0,0,0,0,0,0
CH04618,강의+교육,190000,20300000,821,5296,50,2.76,2.8,14.0,0,17167.34,51588.44,159.84,3.52,5609.53,0.67,1.017,0.0612,5.08,0.0333,2,0.04,0,0,2,0,0
CH04619,게임,190000,131450000,1608,3092,50,3.33,2.61,13.0,0,89687.76,39231.64,573.68,79.5,90369.47,0.7296,0.786,0.0816,3.91,0.0,0,0.0,0,0,0,0,0
CH04621,(미분류),190000,46360000,1808,4617,50,2.27,3.0,13.0,0,46303.52,212109.71,68.96,24.28,54353.43,0.6123,1.325,0.0816,5.74,0.0067,1,0.02,0,0,1,0,0
CH04622,(미분류),190000,42630000,899,2696,50,1.24,1.19,4.0,0,21524.08,22265.13,377.56,17.5,23351.95,0.7376,0.954,0.0408,3.21,0.0,0,0.0,0,0,0,0,0
CH04623,(미분류),190000,91850000,270,2069,50,1.33,0.59,3.0,0,167098.3,312395.26,1774.42,43.34,38699.29,0.8286,0.441,0.0612,2.26,0.0267,2,0.04,0,0,2,0,0
CH04624,어린이+키즈,190000,154500000,395,3903,50,3.86,2.29,7.0,0,18939.44,53844.51,6.94,0.0,18939.44,0.7772,0.593,0.1224,1.81,0.0,0,0.0,0,0,0,0,0
CH04625,(미분류),190000,49490000,294,2235,50,1.8,2.36,7.0,0,259706.46,642906.95,2578.62,100.32,289150.0,0.6417,1.312,0.1633,3.9,0.0933,3,0.06,0,4,1,0,0
CH04626,(미분류),190000,50470000,114,804,50,5.18,5.42,18.0,0,34362.96,85483.35,1753.06,80.96,22524.05,0.7004,1.045,0.102,3.47,0.0,0,0.0,0,0,0,0,0
CH04627,(미분류),190000,554700000,2382,5442,50,0.0,0.0,0.0,0,207534.96,261555.0,1041.6,61.24,117615.4,1.0,0.0,0.0,0.0,0.0667,4,0.08,0,1,3,0,0
CH04628,(미분류),190000,23360000,198,3942,50,67.04,353.55,2511.0,7,265810.68,382612.19,1267.23,351.41,271050.24,0.3736,5.274,0.0204,37.45,0.0,0,0.0,0,0,0,0,0
CH04630,라이프+취미,190000,81420000,409,4380,50,28.45,39.54,182.0,15,14339.86,13777.5,109.54,27.02,16493.97,0.5877,1.39,0.0816,6.4,0.0,0,0.0,0,0,0,0,0
CH04631,TV+방송,190000,106910000,214,5704,50,40.16,67.63,401.0,16,241827.06,530938.69,10732.06,150.1,384056.0,0.4623,1.684,0.0816,9.98,0.0,0,0.0,0,0,0,0,1
CH04632,TV+방송,190000,118500000,743,5113,50,10.22,21.4,122.0,7,48126.92,138181.51,1509.68,32.48,53895.98,0.4433,2.093,0.0612,11.93,0.0,0,0.0,0,0,0,0,0
CH04633,(미분류),190000,103600000,1805,2363,50,0.49,0.7,2.0,0,2073.54,2895.13,14.48,0.16,2073.54,0.7568,0.703,0.1224,2.0,0.0133,1,0.02,0,0,1,0,0
CH04634,(미분류),190000,48690000,262,1923,50,2.33,2.26,13.0,0,67602.98,95170.46,738.74,58.36,79339.23,0.6612,0.972,0.0612,5.59,0.0,0,0.0,0,0,0,0,0
CH04635,(미분류),190000,29850000,165,1808,50,10.39,9.42,33.0,3,114963.86,61198.28,2076.36,143.72,108466.82,0.7265,0.907,0.102,3.18,0.0,0,0.0,0,0,0,0,0
CH04636,반려동물+애완,200000,73540000,279,2862,50,34.06,93.16,551.0,6,329233.7,716013.45,6318.86,476.92,422124.91,0.4094,2.735,0.0816,16.18,0.0,0,0.0,0,0,0,0,0
CH04637,TV+방송,200000,104610000,309,3924,50,7.57,11.33,65.0,2,37690.38,31977.54,740.9,29.4,35394.68,0.5162,1.496,0.0816,8.58,0.02,2,0.04,0,0,2,0,0
CH04638,게임,200000,178910000,2629,4721,50,1.37,2.97,16.0,0,34110.54,83609.43,85.36,17.08,46240.96,0.4391,2.175,0.0612,11.7,0.0,0,0.0,0,0,0,0,0
CH04639,어린이+키즈,200000,159890000,1651,3950,50,2.29,2.26,10.0,0,16699.56,14869.1,139.14,17.34,14182.02,0.6816,0.988,0.102,4.38,0.0,0,0.0,0,0,0,0,0
CH04640,게임,200000,120930000,1754,4098,50,5.67,13.56,96.0,1,30525.78,19036.41,331.06,35.08,30525.78,0.4414,2.39,0.0204,16.92,0.0467,3,0.06,0,0,3,0,0
CH04641,게임,200000,153830000,2821,3485,50,3.61,4.64,20.0,0,240333.6,438605.04,2789.98,253.92,109019.9,0.6157,1.285,0.102,5.54,0.2533,16,0.32,0,0,17,0,0
CH04642,(미분류),200000,97690000,366,2742,50,6.94,2.13,14.0,0,113950.26,87847.04,1492.64,119.38,113950.26,0.8457,0.307,0.1224,2.02,0.0667,5,0.1,0,0,5,0,0
CH04643,TV+방송,200000,146090000,2535,3459,50,0.12,0.39,2.0,0,12843.3,3972.77,1555.74,61.0,12843.3,0.8304,0.385,0.102,2.0,0.06,4,0.08,2,0,2,0,1
CH04644,(미분류),200000,139290000,217,2988,50,14.47,4.84,24.0,0,216350.16,125257.16,2093.42,144.14,216350.16,0.8378,0.335,0.1224,1.66,0.0467,3,0.06,0,1,2,0,0
CH04645,(미분류),200000,238450000,259,2978,50,8.33,18.19,118.0,2,528881.7,538296.9,6474.62,413.44,279895.4,0.4448,2.185,0.0408,14.17,0.0133,1,0.02,0,0,1,0,0
CH04646,(미분류),200000,43670000,342,1449,50,3.47,21.73,154.0,1,81789.96,191819.32,5097.84,140.58,219436.78,0.3627,6.264,0.0204,44.39,0.0,0,0.0,0,0,0,0,1
CH04647,(미분류),200000,99580000,588,796,50,1.29,1.91,9.0,0,71384.16,114498.43,1001.22,48.0,87821.92,0.5565,1.482,0.102,7.0,0.0,0,0.0,0,0,0,0,0
CH04649,게임,200000,153370000,4560,3477,50,5.12,8.91,52.0,1,81035.28,63918.43,524.74,122.36,79627.06,0.4641,1.74,0.0612,10.15,0.04,3,0.06,0,0,2,1,0
CH04650,레시피+요리+음식,200000,61650000,694,4062,50,14.14,22.72,125.0,5,4583.12,19870.43,78.18,5.28,4443.0,0.5128,1.606,0.0408,8.84,0.0,0,0.0,0,0,0,0,0
CH04652,스포츠+운동,200000,85560000,737,4274,50,28.16,145.76,1035.0,3,134339.4,494395.17,655.81,55.69,16217.04,0.3748,5.176,0.0204,36.75,0.0933,9,0.18,0,0,9,0,1
CH04653,(미분류),200000,11970000,872,3040,50,0.73,0.53,2.0,0,2606.1,767.37,55.36,4.58,2606.1,0.8154,0.526,0.0408,2.0,0.0067,1,0.02,0,0,1,0,0
CH04654,(미분류),200000,65670000,384,4855,50,15.57,60.85,362.0,3,18562.68,31355.58,1117.24,53.28,40323.57,0.3896,3.907,0.0408,23.25,0.0,0,0.0,0,0,0,0,0
CH04655,(미분류),200000,183330000,930,3322,50,1.53,0.97,3.0,0,109804.68,197272.45,1846.38,60.28,52375.42,0.7018,0.634,0.3469,1.96,0.0133,1,0.02,0,0,1,0,0
CH04656,(미분류),200000,45980000,115,932,50,9.12,6.52,43.0,2,398024.2,420259.76,11203.62,1313.58,398024.2,0.7303,0.715,0.0408,4.71,0.0133,1,0.02,0,0,1,0,0
CH04657,(미분류),200000,486140000,158,4900,50,2.9,5.37,26.0,0,77760.26,87301.47,1464.12,97.92,142019.59,0.4741,1.851,0.102,8.97,0.0,0,0.0,0,0,0,0,0
CH04658,(미분류),200000,175670000,733,4255,50,4.37,4.19,18.0,0,8596.02,20696.14,90.32,44.92,15136.57,0.6926,0.959,0.102,4.12,0.02,1,0.02,0,0,1,0,0
CH04659,게임,200000,53770000,962,4200,50,3.49,1.9,11.0,0,74633.58,114012.54,1628.56,79.16,50669.57,0.7951,0.543,0.0816,3.15,0.0,0,0.0,0,0,0,0,0
CH04660,게임,200000,38580000,2747,5485,50,0.57,0.57,2.0,0,2275.76,327.28,40.6,8.74,2275.76,0.8059,0.571,0.0408,2.0,0.0,0,0.0,0,0,0,0,0
CH04661,TV+방송,200000,125010000,438,3042,50,2.78,5.38,22.0,0,36012.84,117445.78,179.66,14.34,5542.82,0.4927,1.937,0.1224,7.93,0.04,3,0.06,0,0,3,0,0
CH04662,(미분류),200000,106810000,194,2274,50,14.71,12.79,44.0,10,402037.66,2482128.46,6083.96,294.1,85965.74,0.7368,0.869,0.102,2.99,0.0333,3,0.06,0,0,3,0,0
CH04663,(미분류),200000,56530000,711,3800,50,2.14,1.6,7.0,0,22271.52,24436.46,320.48,9.76,22271.52,0.7539,0.748,0.0816,3.27,0.0,0,0.0,0,0,0,0,0
CH04665,(미분류),200000,25030000,140,891,50,0.69,1.23,5.0,0,60210.52,54474.18,479.42,29.9,63065.93,0.6362,1.232,0.102,5.0,0.0,0,0.0,0,0,0,0,0
CH04666,(미분류),200000,44880000,174,2002,50,5.14,6.12,35.0,1,199936.88,190670.54,2678.82,267.58,193564.57,0.6011,1.191,0.0612,6.81,0.0267,2,0.04,0,0,2,0,0
CH04667,(미분류),200000,73280000,1545,2544,50,0.59,0.92,6.0,0,10615.52,10540.23,0.0,9.34,10839.87,0.668,0.924,0.0204,6.0,0.0,0,0.0,0,0,0,0,0
CH04668,반려동물+애완,200000,81460000,819,3093,50,14.55,32.14,184.0,5,9442.08,7318.23,344.92,38.62,7730.41,0.4375,2.209,0.0612,12.65,0.0,0,0.0,0,0,0,0,0
CH04669,IT+기술+컴퓨터,200000,57340000,833,3473,50,3.1,1.67,9.0,0,31952.08,20456.4,515.32,171.41,31952.08,0.7822,0.538,0.1429,2.9,0.06,3,0.06,0,0,3,0,0
CH04670,BJ+연예인+인물,200000,25660000,287,3045,50,6.16,36.04,255.0,1,60779.92,210867.38,693.16,38.5,55507.0,0.3669,5.848,0.0204,41.37,0.0133,1,0.02,0,0,1,0,0
CH04671,게임,200000,154220000,935,3328,50,2.35,0.96,4.0,0,60169.58,23748.02,1302.56,98.64,60169.58,0.8243,0.409,0.102,1.7,0.0133,1,0.02,0,0,1,0,0
CH04672,게임,200000,24870000,160,3469,50,22.59,56.91,235.0,6,128461.16,142799.71,2838.54,582.08,128461.16,0.4176,2.519,0.0816,10.4,0.08,4,0.08,0,0,4,0,1
CH04674,(미분류),200000,49900000,173,4073,50,5.98,9.0,55.0,2,253270.66,667581.78,5353.0,372.36,252920.94,0.5103,1.505,0.0408,9.2,0.0133,1,0.02,0,0,1,0,1
CH04675,(미분류),200000,45390000,92,2474,50,7.98,8.24,31.0,1,691754.96,1055199.13,0.0,316.24,867478.0,0.684,1.033,0.1224,3.88,0.0267,2,0.04,0,0,2,0,0
CH04676,(미분류),200000,46720000,2216,4979,50,6.82,41.93,297.0,1,128782.56,331963.12,1866.08,186.22,529955.0,0.3638,6.152,0.0204,43.57,0.0,0,0.0,0,0,0,0,0
CH04677,BJ+연예인+인물,200000,108490000,1419,4295,50,1.45,1.55,6.0,0,56447.88,270453.18,837.02,128.28,7929.29,0.6659,1.072,0.1429,4.14,0.02,1,0.02,0,0,1,0,0
CH04678,(미분류),200000,171690000,5822,3479,50,0.02,0.14,1.0,0,8587.76,1648.34,705.6,63.68,8587.76,0.9319,0.141,0.0204,1.0,0.2,13,0.26,0,0,14,0,0
CH04679,TV+방송,200000,152010000,454,3175,50,38.35,105.78,513.0,8,15377.52,18380.75,198.06,26.02,17887.43,0.4147,2.759,0.0612,13.38,0.0,0,0.0,0,0,0,0,0
CH04680,게임,200000,53140000,674,3384,50,4.24,6.16,38.0,1,247396.62,752192.05,1913.44,109.24,153036.25,0.5216,1.452,0.0408,8.95,0.0,0,0.0,0,0,0,0,0
CH04681,국내+여행+해외,200000,2990000,87,2075,33,0.5,1.0,5.0,0,3938.09,3579.17,30.73,2.52,0.0,0.6835,1.0,0.0312,5.0,0.3636,18,0.5455,0,0,18,0,0
CH04682,(미분류),200000,14360000,191,5573,50,22.67,35.13,172.0,8,78899.4,210410.83,2214.78,252.3,83917.86,0.5467,1.549,0.0612,7.59,0.0,0,0.0,0,0,0,0,0
CH04686,(미분류),200000,56070000,283,1659,50,8.31,7.42,46.0,1,268127.58,448796.18,4784.8,856.02,278626.46,0.6733,0.893,0.0612,5.54,0.2,9,0.18,0,2,10,0,0
CH04688,(미분류),200000,30010000,111,2322,50,11.51,11.06,43.0,4,444490.1,698790.31,6950.1,954.32,354061.19,0.7095,0.961,0.0816,3.74,0.0,0,0.0,0,0,0,0,0
CH04689,(미분류),200000,224290000,786,996,50,0.71,0.67,2.0,0,10985.36,15881.74,75.88,4.4,10985.36,0.7627,0.67,0.1224,2.0,0.0,0,0.0,0,0,0,0,0
CH04690,게임,200000,187270000,1204,3667,50,11.22,31.94,182.0,2,50836.08,50170.19,666.46,188.2,50836.08,0.4178,2.845,0.0408,16.21,0.12,7,0.14,0,0,7,0,1
CH04691,미용+패션,200000,46720000,638,4151,50,2.86,4.3,25.0,0,23701.36,23360.01,434.16,35.34,25501.34,0.5232,1.503,0.0408,8.75,0.04,3,0.06,0,0,3,0,0
CH04692,TV+방송,200000,197680000,481,2778,50,6.08,6.25,37.0,1,33791.92,57562.24,189.38,13.32,38105.62,0.6462,1.028,0.0408,6.08,0.0,0,0.0,0,0,0,0,1
CH04693,(미분류),200000,37320000,1770,4975,50,4.39,7.92,43.0,1,6940.64,4807.49,0.0,69.2,4039.57,0.4656,1.804,0.0612,9.8,0.1333,9,0.18,9,0,1,0,0
CH04694,(미분류),200000,110510000,428,5093,50,3.47,2.77,9.0,0,136498.72,84035.58,5302.42,178.24,133969.31,0.7596,0.799,0.0612,2.59,0.0133,1,0.02,0,0,1,0,0
CH04695,(미분류),200000,130720000,176,3412,50,24.94,28.61,148.0,14,328053.64,279265.38,4205.96,218.32,337080.1,0.6306,1.147,0.0612,5.93,0.02,1,0.02,0,1,0,0,0
CH04696,게임,200000,123040000,701,3386,50,6.29,11.24,60.0,2,34524.92,32176.08,575.14,76.54,35145.92,0.4617,1.789,0.102,9.55,0.0933,6,0.12,0,0,5,1,0
CH04697,국내+여행+해외,200000,24000000,529,3760,50,9.96,5.69,27.0,0,19705.82,16338.47,848.74,34.72,19705.82,0.7753,0.572,0.1429,2.71,0.0267,3,0.06,0,0,3,0,0
CH04698,TV+방송,200000,44300000,132,4864,50,26.02,46.97,162.0,10,161504.52,577025.89,8995.82,591.66,206683.33,0.5432,1.805,0.1429,6.23,0.0,0,0.0,0,0,0,0,1
CH04699,(미분류),200000,23530000,807,2839,50,1.29,1.56,5.0,0,6561.76,16221.27,82.42,25.52,6551.0,0.6511,1.217,0.1633,3.89,0.3,13,0.26,0,1,15,0,0
CH04701,(미분류),200000,31580000,147,2683,50,7.12,8.22,41.0,2,151603.82,707559.34,5382.74,390.52,170839.91,0.6288,1.155,0.0816,5.76,0.0,0,0.0,0,0,0,0,1
CH04703,(미분류),200000,27970000,160,2478,50,6.63,8.73,56.0,1,35552.4,18744.37,129.76,12.06,0.0,0.542,1.316,0.0612,8.44,0.0,0,0.0,0,0,0,0,0
CH04704,(미분류),200000,35470000,176,2660,50,9.53,7.8,37.0,1,83163.44,106361.57,1869.08,49.22,102437.11,0.7191,0.819,0.102,3.88,0.0133,1,0.02,0,0,1,0,0
CH04705,(미분류),200000,111840000,1146,2380,50,0.33,0.87,4.0,0,20121.42,12374.46,111.12,7.24,34798.71,0.7148,0.866,0.0816,4.0,0.0,0,0.0,0,0,0,0,0
CH04707,(미분류),200000,73980000,966,4069,50,0.63,0.77,4.0,0,18416.98,14121.58,459.88,15.04,18416.98,0.7287,0.774,0.0816,4.0,0.0,0,0.0,0,0,0,0,0
CH04708,TV+방송,200000,12530000,468,2980,50,8.2,11.75,53.0,4,5556.96,7956.41,137.82,10.08,6331.93,0.5761,1.432,0.102,6.46,0.0,0,0.0,0,0,0,0,0
CH04709,(미분류),200000,18220000,220,4201,50,16.78,48.32,314.0,4,65635.48,87465.95,1605.04,82.5,66945.45,0.4166,2.88,0.0408,18.72,0.0,0,0.0,0,0,0,0,1
CH04712,레시피+요리+음식,200000,28730000,486,2292,50,5.1,4.46,21.0,0,6234.34,7940.77,253.48,19.96,6234.34,0.7104,0.874,0.0816,4.12,0.0,0,0.0,0,0,0,0,1
CH04713,스포츠+운동,200000,43770000,317,2094,50,5.14,3.25,14.0,0,19771.84,22766.15,232.8,14.58,22779.46,0.7698,0.631,0.1224,2.72,0.0,0,0.0,0,0,0,0,0
CH04714,게임,200000,224950000,1770,4458,50,0.67,0.98,4.0,0,290868.76,583033.16,3136.88,64.12,35032.77,0.6998,0.977,0.0816,4.0,0.02,1,0.02,0,0,1,0,0
CH04715,자동차,200000,197450000,2986,5415,50,0.35,0.48,1.0,0,25060.98,15720.63,264.1,59.44,24643.88,0.8388,0.476,0.0,1.0,0.0,0,0.0,0,0,0,0,0
CH04716,국내+여행+해외,200000,39690000,653,2699,50,9.06,15.18,78.0,3,36537.06,51160.06,576.92,92.54,37585.62,0.5083,1.675,0.0612,8.61,0.0,0,0.0,0,0,0,0,0
CH04717,반려동물+애완,200000,78400000,309,2573,50,22.45,42.86,187.0,7,40936.44,172179.45,1777.46,104.24,42484.53,0.4951,1.909,0.0816,8.33,0.0,0,0.0,0,0,0,0,0
CH04718,라이프+취미,200000,25630000,400,2736,50,4.2,2.34,11.0,0,34625.26,48751.88,1150.4,62.72,34734.57,0.7907,0.556,0.102,2.62,0.02,1,0.02,0,1,0,0,0
CH04719,BJ+연예인+인물,200000,548450000,2876,4740,50,1.61,2.25,11.0,0,180493.4,260889.6,1625.58,30.26,78860.2,0.569,1.394,0.102,6.82,0.0133,1,0.02,0,0,1,0,0
CH04720,BJ+연예인+인물,200000,106720000,3243,2110,50,0.2,0.45,2.0,0,71967.74,139240.99,498.24,67.06,50333.94,0.7895,0.451,0.1837,2.0,0.0,0,0.0,0,0,0,0,0
CH04721,미용+패션,200000,14520000,155,4218,50,29.12,52.9,309.0,13,60522.56,37474.34,1038.24,109.38,60338.69,0.4653,1.816,0.0408,10.61,0.0,0,0.0,0,0,0,0,0
CH04722,TV+방송,200000,15680000,219,3566,50,41.9,100.87,669.0,13,70300.68,416592.02,4024.64,337.94,79067.89,0.4345,2.408,0.0408,15.97,0.0,0,0.0,0,0,0,0,1
CH04723,TV+방송,200000,78840000,906,3119,50,2.37,2.9,20.0,0,17158.82,12481.48,277.62,12.44,17527.4,0.5569,1.224,0.0408,8.45,0.0,0,0.0,0,0,0,0,0
CH04726,국내+여행+해외,200000,31120000,248,2460,50,8.53,4.91,19.0,0,139338.52,140058.78,3756.14,232.62,139338.52,0.7683,0.576,0.1633,2.23,0.12,7,0.14,0,2,6,0,0
CH04727,라이프+취미,200000,46350000,654,2577,50,0.14,0.35,1.0,0,134918.04,142868.92,3667.32,6.5,129132.54,0.8275,0.35,0.1429,1.0,0.0,0,0.0,0,0,0,0,0
CH04729,게임,200000,43320000,240,4806,50,5.06,3.61,15.0,0,320771.12,290345.28,5165.16,543.74,302403.0,0.7551,0.713,0.1224,2.96,0.0267,2,0.04,0,0,2,0,0
CH04730,게임,200000,41610000,664,1488,50,1.29,1.18,6.0,0,81056.96,57498.84,1113.92,130.88,80767.51,0.7011,0.916,0.0408,4.67,0.0,0,0.0,0,0,0,0,0
CH04732,미용+패션,210000,24290000,242,3541,50,16.96,30.52,205.0,7,12318.64,20696.59,287.92,8.78,11936.0,0.4725,1.8,0.0204,12.09,0.0,0,0.0,0,0,0,0,1
CH04733,라이프+취미,210000,80000000,1424,3352,50,2.1,0.79,5.0,0,19834.36,12269.8,396.3,59.98,19834.36,0.8513,0.375,0.0408,2.38,0.0133,1,0.02,0,0,1,0,0
CH04735,게임,210000,21910000,182,4533,50,2.86,10.3,65.0,2,25913.62,26368.17,608.64,25.36,15710.5,0.3964,3.603,0.0408,22.75,0.0,0,0.0,0,0,0,0,0
CH04736,미용+패션,210000,35560000,1827,5312,50,3.8,2.61,8.0,0,896.44,1137.2,4.88,1.9,201.06,0.7901,0.688,0.0204,2.11,0.0,0,0.0,0,0,0,0,0
CH04739,가수+댄스+음악,210000,123680000,558,6660,50,7.45,17.51,84.0,3,6407.44,16637.95,91.16,7.3,7735.22,0.4308,2.351,0.0612,11.28,0.0,0,0.0,0,0,0,0,1
CH04741,국내+여행+해외,210000,121820000,807,4957,50,3.65,1.96,7.0,0,92345.78,49619.45,6161.76,156.16,97964.54,0.7945,0.538,0.102,1.92,0.02,2,0.04,0,0,2,0,0
CH04743,만화+애니+영화,210000,294410000,1121,1966,50,1.61,1.07,4.0,0,358404.54,319048.95,7994.54,203.98,264994.61,0.7337,0.661,0.2245,2.48,0.0,0,0.0,0,0,0,0,0
CH04744,스포츠+운동,210000,71340000,444,1446,50,1.06,1.11,4.0,0,21063.88,29950.08,277.74,40.04,21381.6,0.6668,1.05,0.1837,3.77,0.04,3,0.06,0,0,3,0,0
CH04745,BJ+연예인+인물,210000,41720000,85,4982,50,20.96,29.75,171.0,7,570357.32,703648.91,9120.08,1413.7,570357.32,0.5348,1.42,0.0816,8.16,0.0,0,0.0,0,0,0,0,0
CH04746,라이프+취미,210000,52810000,233,5335,50,5.55,6.45,42.0,1,536498.32,1542065.07,8771.8,263.68,280343.94,0.5885,1.162,0.0408,7.57,0.04,2,0.04,0,0,3,0,1
CH04747,가수+댄스+음악,210000,119170000,140,4857,50,3.37,8.28,43.0,2,165238.32,417256.44,1817.16,108.58,33783.0,0.4262,2.458,0.0612,12.77,0.0,0,0.0,0,0,0,0,0
CH04748,게임,210000,153110000,662,3831,50,1.0,6.37,45.0,1,134129.56,826026.77,426.3,15.88,9943.0,0.3618,6.366,0.0204,45.0,0.0467,4,0.08,1,0,3,0,0
CH04749,만화+애니+영화,210000,63760000,215,5119,50,20.31,13.42,57.0,8,189724.98,166407.92,2777.1,614.32,189724.98,0.7643,0.661,0.1224,2.81,0.08,4,0.08,0,1,3,0,0
CH04750,자동차,210000,151240000,1728,4022,50,1.55,1.72,8.0,0,22069.98,20024.49,278.06,56.86,22507.71,0.6635,1.106,0.0408,5.16,0.0133,1,0.02,0,0,1,0,0
CH04751,게임,210000,26580000,435,4258,50,1.24,4.9,35.0,1,14123.66,21142.61,673.7,43.06,16422.2,0.3952,3.934,0.0204,28.11,0.0,0,0.0,0,0,0,0,0
CH04752,레시피+요리+음식,210000,56280000,332,4517,50,27.24,93.68,648.0,9,117728.62,288887.31,801.08,476.82,117728.62,0.4065,3.438,0.0204,23.78,0.0,0,0.0,0,0,0,0,1
CH04753,TV+방송,210000,45910000,312,3105,50,25.22,30.93,130.0,14,29263.24,49892.76,1058.56,146.64,36770.59,0.6324,1.226,0.102,5.15,0.6267,32,0.64,45,0,1,1,0
CH04754,가수+댄스+음악,210000,9010000,138,4011,50,1.9,0.84,3.0,0,6546.88,3330.32,470.9,36.98,7470.6,0.8345,0.442,0.0408,1.58,0.0133,2,0.04,0,0,2,0,0
CH04756,강의+교육,210000,40120000,783,5290,50,10.9,39.82,286.0,1,49248.68,58765.96,786.26,7.5,71546.83,0.4013,3.654,0.0204,26.24,0.0,0,0.0,0,0,0,0,0
CH04758,게임,210000,105900000,661,1774,50,0.88,1.29,6.0,0,113914.1,117018.6,2287.52,293.92,154406.33,0.5961,1.288,0.1224,6.0,0.0,0,0.0,0,0,0,0,0
CH04759,자동차,210000,123720000,480,2342,50,3.27,1.65,8.0,0,115716.86,71558.19,1398.74,150.8,110503.65,0.7892,0.506,0.1429,2.45,0.04,3,0.06,0,0,3,0,0
CH04760,반려동물+애완,210000,42970000,900,2882,50,2.37,1.04,5.0,0,27941.3,33689.86,789.48,56.8,26211.88,0.8041,0.441,0.1429,2.11,0.06,6,0.12,0,0,6,0,0
CH04761,레시피+요리+음식,210000,124820000,1183,3010,50,1.24,1.81,9.0,0,22230.94,16493.35,318.9,36.2,30407.95,0.5521,1.456,0.102,7.23,0.0,0,0.0,0,0,0,0,0
CH04762,레시피+요리+음식,210000,36860000,505,4475,50,0.06,0.24,1.0,0,11304.56,11038.65,97.02,0.84,11269.35,0.8849,0.24,0.0612,1.0,0.0,0,0.0,0,0,0,0,0
CH04763,미용+패션,210000,25290000,372,2896,50,7.18,6.43,24.0,0,30615.56,17758.39,469.7,58.04,33142.98,0.7296,0.895,0.0816,3.34,0.0133,1,0.02,0,0,1,0,0
CH04765,가수+댄스+음악,210000,22370000,141,3330,50,3.67,4.37,18.0,0,74929.16,305206.66,3505.66,154.06,81636.93,0.6496,1.189,0.0816,4.9,0.0,0,0.0,0,0,0,0,1
CH04766,어린이+키즈,210000,57950000,984,3488,50,1.88,2.99,22.0,0,3223.74,2649.66,5.66,0.0,3223.74,0.4868,1.591,0.0204,11.72,0.0133,1,0.02,0,0,1,0,1
CH04767,라이프+취미,210000,49830000,269,4291,50,6.67,4.97,22.0,0,267814.78,199273.38,8019.82,470.14,272363.08,0.7536,0.745,0.0816,3.3,0.08,5,0.1,0,0,4,1,0
CH04768,BJ+연예인+인물,210000,82210000,188,721,50,1.9,1.89,8.0,0,523362.3,1145221.33,5422.84,333.76,292853.04,0.6793,0.994,0.1224,4.22,0.0533,3,0.06,0,0,3,0,0
CH04769,게임,210000,182250000,672,3698,50,2.86,3.83,25.0,0,32375.82,58637.87,443.16,130.76,32375.82,0.531,1.34,0.0612,8.75,0.0867,5,0.1,0,1,4,0,1
CH04771,미용+패션,210000,24780000,471,4075,50,25.88,52.18,342.0,10,18728.08,12130.97,276.28,18.94,18728.08,0.4535,2.016,0.0408,13.22,0.0,0,0.0,0,0,0,0,0
CH04773,강의+교육,210000,39980000,303,1921,50,2.31,1.45,6.0,0,140475.54,221713.46,3999.24,172.7,160932.7,0.74,0.627,0.2245,2.6,0.0467,3,0.06,0,0,3,0,1
CH04774,스포츠+운동,210000,127330000,646,2244,50,1.2,1.01,4.0,0,360855.18,422739.55,3098.6,229.18,61584.4,0.726,0.839,0.1224,3.32,0.0,0,0.0,0,0,0,0,0
CH04775,만화+애니+영화,210000,51010000,119,3895,50,19.55,46.35,228.0,8,81880.58,120440.91,881.84,66.3,116570.29,0.43,2.371,0.0612,11.66,0.0467,3,0.06,0,0,4,0,0
CH04776,가수+댄스+음악,210000,80280000,99,4005,50,39.98,76.57,484.0,16,479668.5,901339.64,7294.24,345.18,496969.56,0.4593,1.915,0.0408,12.11,0.04,2,0.04,0,0,0,2,1
CH04777,BJ+연예인+인물,210000,61320000,110,3043,50,12.2,13.15,61.0,5,283054.28,232355.98,4937.36,163.32,275527.39,0.6591,1.078,0.0816,5.0,0.0,0,0.0,0,0,0,0,1
CH04778,자동차,210000,67700000,549,4541,50,8.27,9.58,53.0,3,53843.56,43372.14,1109.64,96.18,52550.58,0.6096,1.159,0.0816,6.41,0.0,0,0.0,0,0,0,0,1
CH04779,가수+댄스+음악,210000,22120000,254,3897,50,44.04,73.61,276.0,15,58115.12,255797.05,3587.28,406.0,77901.94,0.5632,1.671,0.102,6.27,0.0,0,0.0,0,0,0,0,0
CH04780,미용+패션,210000,48310000,783,2838,50,1.88,2.13,7.0,0,4932.84,4689.23,71.22,19.98,3742.12,0.6887,1.137,0.0816,3.73,0.04,2,0.04,0,0,2,1,0
CH04781,스포츠+운동,210000,53710000,1105,6528,50,0.92,1.41,8.0,0,1487.5,723.49,7.44,0.64,324.9,0.5522,1.412,0.0408,8.0,0.0,0,0.0,0,0,0,0,0
CH04782,스포츠+운동,210000,328950000,1801,4255,50,0.71,0.57,2.0,0,186483.74,207640.59,1264.8,61.16,186483.74,0.7998,0.571,0.0612,2.0,0.0133,1,0.02,0,0,1,0,0
CH04783,스포츠+운동,210000,194050000,4320,5519,50,0.27,0.56,2.0,0,70521.62,69682.37,2297.44,230.04,56678.28,0.8015,0.563,0.0612,2.0,0.0,0,0.0,0,0,0,0,0
CH04784,스포츠+운동,210000,149520000,4827,4957,50,0.57,1.87,11.0,0,10356.4,8412.24,220.58,15.28,7243.97,0.4618,1.874,0.0408,11.0,0.0133,1,0.02,0,0,1,0,0
CH04785,BJ+연예인+인물,210000,178210000,439,1737,50,2.45,2.19,9.0,0,475624.9,558937.13,4592.78,93.82,55300.56,0.7143,0.893,0.102,3.68,0.04,2,0.04,0,0,2,0,0
CH04786,BJ+연예인+인물,210000,67850000,727,2147,50,1.39,2.03,7.0,0,32907.86,43917.15,265.14,53.92,35138.93,0.608,1.462,0.1224,5.04,0.0,0,0.0,0,0,0,0,0
CH04787,가수+댄스+음악,210000,119770000,2533,1038,50,2.9,16.62,117.0,1,84204.02,359806.94,670.04,14.04,224491.47,0.3681,5.735,0.0204,40.37,0.0067,1,0.02,0,0,1,0,0
CH04788,게임,210000,94610000,1766,2425,50,0.45,0.5,1.0,0,55968.7,61393.42,1177.64,56.14,49077.23,0.8339,0.497,0.0,1.0,0.02,1,0.02,0,0,1,0,0
CH04789,게임,210000,185410000,519,5686,50,11.69,4.32,31.0,1,67035.2,94661.31,567.76,52.84,67035.2,0.8406,0.369,0.0816,2.65,0.0133,1,0.02,0,0,1,0,0
CH04791,BJ+연예인+인물,210000,192340000,196,2942,50,10.37,16.16,88.0,3,127396.9,390185.5,2091.1,31.96,120639.62,0.5202,1.559,0.0612,8.49,0.0,0,0.0,0,0,0,0,0
CH04792,라이프+취미,210000,46610000,570,2964,50,6.12,5.46,39.0,1,6156.68,5597.84,306.46,18.3,6270.88,0.662,0.891,0.0204,6.37,0.0,0,0.0,0,0,0,0,1
CH04793,BJ+연예인+인물,210000,7590000,51,1718,50,28.69,57.09,385.0,13,149073.96,644750.87,12125.46,157.12,226520.37,0.4611,1.99,0.0204,13.42,0.0,0,0.0,0,0,0,0,0
CH04794,어린이+키즈,210000,94490000,1285,3935,50,1.02,1.67,10.0,0,21370.96,13308.92,998.38,80.06,21370.96,0.483,1.639,0.0408,9.8,0.0,0,0.0,0,0,0,0,0
CH04795,게임,210000,259730000,2397,3651,50,0.24,0.48,2.0,0,118923.38,161016.23,580.48,45.6,88005.86,0.7716,0.475,0.2245,2.0,0.08,7,0.14,0,0,7,0,0
CH04797,게임,210000,176460000,3946,4365,50,2.65,3.48,21.0,0,50940.24,162541.17,392.32,27.94,22658.56,0.5636,1.311,0.0408,7.92,0.06,4,0.08,0,0,4,0,0
CH04799,강의+교육,210000,9990000,1021,2551,50,0.53,0.5,1.0,0,597.18,506.61,9.16,0.34,597.18,0.8335,0.499,0.0,1.0,0.0,0,0.0,0,0,0,0,1
CH04800,TV+방송,210000,33530000,2477,4363,50,1.0,1.58,7.0,0,3143.18,4133.17,115.16,1.74,707.4,0.5552,1.578,0.0816,7.0,0.0,0,0.0,0,0,0,0,0
CH04801,가수+댄스+음악,210000,288800000,794,5876,50,2.51,2.34,11.0,0,39212.86,158862.89,64.22,9.26,79884.83,0.7009,0.932,0.0612,4.38,0.0,0,0.0,0,0,0,0,0
CH04802,국내+여행+해외,210000,62020000,614,2779,50,2.31,2.15,8.0,0,57951.4,68182.01,1503.34,125.86,64378.43,0.7086,0.932,0.1224,3.47,0.0267,2,0.04,0,0,2,0,0
CH04803,강의+교육,210000,75240000,216,4335,50,21.43,27.43,130.0,7,205656.66,331761.06,4414.06,138.38,203547.71,0.601,1.28,0.102,6.07,0.0133,1,0.02,0,0,1,0,0
CH04804,강의+교육,210000,43640000,153,1469,50,5.39,4.84,21.0,0,319910.68,575504.98,5185.2,227.42,663882.07,0.701,0.898,0.1224,3.9,0.0,0,0.0,0,0,0,0,0
CH04805,반려동물+애완,210000,48350000,263,2769,50,16.78,28.36,178.0,7,152523.56,126539.08,3948.14,205.98,150252.82,0.4736,1.691,0.0408,10.61,0.0,0,0.0,0,0,0,0,1
CH04807,레시피+요리+음식,210000,142710000,1052,2057,50,1.37,1.26,4.0,0,96117.7,75810.42,2053.12,90.26,96117.7,0.7299,0.919,0.102,2.93,0.0267,2,0.04,0,0,2,0,0
CH04809,TV+방송,210000,137650000,66,2677,50,42.08,178.85,1255.0,6,206920.78,276205.43,2889.04,579.5,210508.86,0.3891,4.25,0.0204,29.82,0.0133,1,0.02,1,0,0,0,1
CH04811,TV+방송,210000,55340000,480,6880,50,6.53,18.47,132.0,1,15459.66,24629.5,223.44,46.42,15459.66,0.4245,2.828,0.0204,20.21,0.0,0,0.0,0,0,0,0,1
CH04812,스포츠+운동,210000,40100000,462,4198,50,1.67,2.01,9.0,0,48797.02,75558.61,44.16,3.62,131312.0,0.6283,1.204,0.102,5.38,0.0,0,0.0,0,0,0,0,1
CH04813,경제+부동산+주식,210000,17920000,1363,2599,50,12.43,42.42,264.0,3,740.98,421.25,32.08,2.06,746.71,0.4011,3.413,0.0408,21.24,0.0,0,0.0,0,0,0,0,0
CH04814,국내+여행+해외,210000,37380000,177,3500,50,7.61,11.0,63.0,2,105375.18,107963.34,3615.04,134.98,106296.65,0.5354,1.445,0.0612,8.28,0.02,1,0.02,0,0,1,0,0
CH04815,BJ+연예인+인물,210000,58220000,307,1243,50,2.35,1.42,5.0,0,203589.0,217980.59,6997.64,551.94,229055.41,0.7501,0.606,0.2041,2.13,0.02,1,0.02,0,0,1,0,0
CH04816,라이프+취미,210000,66560000,661,1040,50,1.1,1.4,4.0,0,54150.14,88831.8,852.18,41.7,69236.21,0.6652,1.273,0.1224,3.63,0.28,14,0.28,0,0,14,0,0
CH04817,스포츠+운동,210000,75300000,219,2938,50,15.55,12.83,62.0,6,378848.52,1612468.02,3143.82,328.32,379158.48,0.7151,0.825,0.102,3.99,0.0333,2,0.04,0,0,2,0,0
CH04818,게임,210000,89530000,908,4071,50,24.53,39.11,204.0,9,16966.6,17353.64,344.7,29.98,12987.36,0.5225,1.594,0.0612,8.32,0.02,1,0.02,0,0,1,0,0
CH04819,게임,210000,169820000,1355,4716,50,6.08,4.1,16.0,0,79911.3,52003.7,1237.3,298.78,79885.19,0.7742,0.674,0.0816,2.63,0.0133,1,0.02,0,0,1,0,0
CH04820,게임,210000,285580000,9012,4281,50,0.92,1.56,6.0,0,7189.22,6665.94,71.16,8.82,7189.22,0.5788,1.563,0.102,6.0,0.0133,1,0.02,0,0,1,0,0
CH04821,게임,210000,54340000,1423,5183,50,0.76,0.87,3.0,0,2631.12,3066.67,47.74,4.56,594.89,0.7491,0.87,0.0612,3.0,0.0133,1,0.02,0,0,1,0,0
CH04822,강의+교육,210000,151530000,3313,5897,50,0.67,3.85,27.0,0,1592.66,1568.97,0.0,0.22,1818.83,0.3971,3.846,0.0204,27.0,0.02,1,0.02,0,1,0,0,0
CH04823,가수+댄스+음악,210000,38160000,145,5604,50,57.86,264.25,1878.0,12,109120.6,389072.82,6180.32,456.1,127915.43,0.3837,4.567,0.0204,32.46,0.0,0,0.0,0,0,0,0,0
CH04824,어린이+키즈,210000,88750000,980,3305,50,1.86,1.63,6.0,0,118770.5,104964.91,249.36,25.64,123440.1,0.723,0.877,0.1224,3.23,0.0,0,0.0,0,0,0,0,0
CH04825,국내+여행+해외,210000,32160000,232,3638,50,7.2,2.71,18.0,0,251672.96,259806.48,6379.42,383.02,251672.96,0.8266,0.376,0.1224,2.5,0.0267,2,0.04,0,0,2,0,0
CH04826,BJ+연예인+인물,210000,24570000,61,3384,50,0.2,1.01,7.0,0,322469.52,365341.39,3135.38,160.08,215778.09,0.6284,1.01,0.0204,7.0,0.06,5,0.1,0,0,5,0,0
CH04827,게임,210000,260510000,5454,3720,50,0.84,2.64,13.0,0,34833.62,44002.22,249.66,78.02,34833.62,0.4188,2.645,0.0612,13.0,0.0133,1,0.02,0,0,1,0,0
CH04828,라이프+취미,210000,18190000,123,4492,50,35.45,40.39,194.0,19,36741.32,44394.89,586.26,73.13,36741.32,0.6386,1.139,0.0816,5.47,0.0,0,0.0,0,0,0,0,1
CH04829,TV+방송,210000,143240000,635,2949,50,3.41,1.5,8.0,0,35558.68,20856.41,826.44,108.76,35558.68,0.7984,0.439,0.1633,2.35,0.0,0,0.0,0,0,0,0,0
CH04830,TV+방송,210000,157850000,534,3602,50,3.76,10.87,74.0,1,2987.76,1966.65,17.24,0.1,3134.91,0.4162,2.894,0.0408,19.71,0.0133,2,0.04,0,0,2,0,0
CH04831,BJ+연예인+인물,210000,420790000,417,1872,50,9.41,20.3,96.0,4,77959.3,154700.67,891.84,36.88,68569.5,0.44,2.158,0.0612,10.2,0.0,0,0.0,0,0,0,0,0
CH04832,자동차,220000,196200000,2698,4539,50,1.57,1.4,6.0,0,20668.86,20274.51,268.5,114.52,26387.18,0.7105,0.891,0.102,3.82,0.0,0,0.0,0,0,0,0,0
CH04833,TV+방송,220000,86880000,554,3710,50,6.22,7.82,39.0,2,64745.76,107322.86,2134.29,414.28,68118.65,0.6038,1.256,0.0816,6.27,0.1467,10,0.2,8,2,0,0,1
CH04834,가수+댄스+음악,220000,48790000,166,4040,50,54.84,313.74,2215.0,3,356769.32,1156518.24,13103.98,704.44,461785.94,0.3683,5.721,0.0204,40.39,0.0,0,0.0,0,0,0,0,0
CH04835,미용+패션,220000,30240000,254,4679,50,22.14,21.98,117.0,16,52378.26,24468.76,884.26,98.76,52378.26,0.6734,0.993,0.0408,5.28,0.02,1,0.02,0,0,1,0,1
CH04836,강의+교육,220000,23100000,71,4435,50,21.12,61.68,442.0,5,354784.56,280960.93,5854.75,1073.9,354784.56,0.4214,2.92,0.0204,20.93,0.0,0,0.0,0,0,0,0,1
CH04837,만화+애니+영화,220000,144700000,107,1771,50,11.59,8.75,51.0,2,1108061.46,701901.73,33528.76,253.56,84997.0,0.7204,0.755,0.0816,4.4,0.0,0,0.0,0,0,0,0,1
CH04838,라이프+취미,220000,185120000,308,1710,50,1.73,5.94,33.0,1,67241.36,317596.35,278.27,17.54,23323.88,0.4008,3.423,0.0408,19.02,0.0,0,0.0,0,0,0,0,1
CH04839,라이프+취미,220000,99140000,455,3185,50,11.53,10.46,45.0,5,408387.2,741442.45,9483.66,489.18,188228.95,0.7057,0.907,0.102,3.9,0.0,0,0.0,0,0,0,0,1
CH04840,TV+방송,220000,530830000,1746,898,50,0.31,0.99,4.0,0,265834.48,502242.82,1911.58,104.28,142855.96,0.6977,0.994,0.0816,4.0,0.0133,1,0.02,0,0,1,0,0
CH04841,라이프+취미,220000,8960000,381,4191,50,3.61,5.85,33.0,1,4241.1,4534.2,167.92,10.68,3344.18,0.5034,1.619,0.0408,9.14,0.0,0,0.0,0,0,0,0,0
CH04842,게임,220000,86620000,322,3911,50,8.86,11.16,39.0,4,75441.44,59877.41,2920.06,228.78,47384.5,0.6506,1.26,0.102,4.4,0.0,0,0.0,0,0,0,0,0
CH04843,어린이+키즈,220000,47770000,238,4345,50,55.86,57.62,178.0,25,53121.72,59121.85,713.86,0.0,56238.87,0.6918,1.031,0.1633,3.19,0.0,0,0.0,0,0,0,0,0
CH04844,반려동물+애완,220000,223910000,790,2902,50,5.22,6.46,34.0,1,56535.48,38249.82,1844.48,85.0,36481.44,0.5989,1.236,0.0816,6.51,0.0,0,0.0,0,0,0,0,0
CH04845,가수+댄스+음악,220000,41880000,195,4235,50,14.49,28.42,184.0,8,122967.26,141795.67,2861.94,204.43,78093.56,0.4627,1.962,0.0204,12.7,0.0067,1,0.02,0,0,1,0,0
CH04846,어린이+키즈,220000,30490000,3780,5206,50,26.94,80.38,411.0,8,3333.16,3483.02,47.1,0.0,3357.59,0.4071,2.984,0.0612,15.26,0.0,0,0.0,0,0,0,0,0
CH04848,라이프+취미,220000,65880000,327,1652,50,2.71,2.37,10.0,0,237768.1,516173.33,5917.02,2457.44,243837.89,0.7166,0.874,0.102,3.68,0.02,1,0.02,0,0,1,0,0
CH04849,BJ+연예인+인물,220000,71110000,253,4862,50,4.88,7.25,39.0,1,147608.68,507767.89,1545.58,54.2,146356.05,0.54,1.486,0.0612,8.0,0.0,0,0.0,0,0,0,0,0
CH04850,라이프+취미,220000,172480000,349,1512,50,4.98,5.27,23.0,0,270381.22,370402.36,4114.94,86.62,175008.96,0.6722,1.058,0.0816,4.62,0.0133,1,0.02,0,0,1,0,0
CH04851,가수+댄스+음악,220000,166790000,924,5593,50,0.47,0.76,3.0,0,6232.94,26474.78,99.06,7.36,7673.37,0.7476,0.759,0.1224,3.0,0.0,0,0.0,0,0,0,0,0
CH04852,게임,220000,211750000,1403,4719,50,1.45,0.64,3.0,0,67363.32,61030.58,1314.18,219.2,73483.23,0.8222,0.442,0.0816,2.07,0.24,11,0.22,2,0,11,0,0
CH04853,경제+부동산+주식,220000,50530000,2170,3469,50,0.57,0.61,3.0,0,24964.56,9520.98,936.3,73.38,25109.45,0.8052,0.606,0.0204,3.0,0.02,2,0.04,0,0,2,0,0
CH04854,레시피+요리+음식,220000,36680000,587,2883,50,10.82,21.19,148.0,3,16834.28,53500.78,229.24,13.48,15510.37,0.4629,1.959,0.0204,13.68,0.02,1,0.02,0,0,1,0,1
CH04855,TV+방송,220000,52990000,92,2757,50,37.29,133.06,724.0,5,401437.4,337100.29,2828.34,251.5,488718.39,0.3972,3.569,0.0408,19.42,0.0267,2,0.04,0,0,2,0,1
CH04856,레시피+요리+음식,220000,310200000,770,3981,50,1.27,0.8,4.0,0,225199.28,367007.19,2327.16,41.46,0.0,0.7463,0.634,0.1837,3.16,0.0,0,0.0,0,0,0,0,0
CH04857,국내+여행+해외,220000,101830000,389,1119,50,0.35,1.2,8.0,0,144260.62,206416.75,2085.72,130.94,308328.44,0.5778,1.205,0.0204,8.0,0.0133,1,0.02,0,0,1,0,1
CH04858,레시피+요리+음식,220000,93400000,246,1951,50,4.33,1.96,14.0,0,334632.9,337753.65,14278.48,739.44,334632.9,0.8189,0.454,0.0612,3.24,0.1067,7,0.14,0,0,8,0,0
CH04859,국내+여행+해외,220000,43170000,480,1647,50,4.67,2.49,9.0,0,183046.22,153932.71,5054.78,568.8,205991.64,0.7958,0.532,0.102,1.93,0.0133,1,0.02,0,0,1,0,0
CH04860,미용+패션,220000,25300000,219,4476,50,21.76,22.65,86.0,12,17722.52,9314.54,213.54,59.04,16538.28,0.6871,1.041,0.102,3.95,0.0267,2,0.04,0,0,2,0,0
CH04862,미용+패션,220000,54410000,304,2980,50,15.67,25.87,124.0,6,20110.98,23141.92,220.66,22.0,21962.62,0.5238,1.651,0.0816,7.91,0.0,0,0.0,0,0,0,0,0
CH04863,라이프+취미,220000,142900000,998,5170,50,1.59,0.73,3.0,0,61204.18,26783.68,3043.52,216.46,61204.18,0.8005,0.456,0.1429,1.88,0.08,5,0.1,1,0,4,0,0
CH04864,라이프+취미,220000,46560000,80,2470,50,43.35,123.8,592.0,6,429624.5,799188.24,4595.12,631.52,441479.34,0.4113,2.856,0.0612,13.66,0.0133,1,0.02,0,0,1,0,0
CH04865,BJ+연예인+인물,220000,32310000,66,1970,50,9.12,17.85,130.0,1,371100.48,301076.7,4084.44,362.5,403882.49,0.463,1.957,0.0204,14.25,0.02,2,0.04,0,0,2,0,1
CH04866,국내+여행+해외,220000,72670000,437,3311,50,3.51,5.48,37.0,1,100195.32,58439.99,5073.52,275.56,100195.32,0.4829,1.562,0.0408,10.54,0.0,0,0.0,0,0,0,0,0
CH04868,미용+패션,220000,56000000,289,3465,50,2.18,1.6,6.0,0,43620.86,85623.64,769.82,11.78,53621.08,0.7702,0.732,0.0612,2.75,0.04,1,0.02,0,2,0,0,0
CH04869,라이프+취미,220000,98420000,933,2434,50,0.65,0.87,4.0,0,50.42,48.51,1.0,0.0,50.42,0.7021,0.87,0.1224,4.0,0.0,0,0.0,0,0,0,0,0
CH04870,반려동물+애완,220000,76560000,222,2323,50,23.41,53.73,293.0,7,281670.34,262200.56,9704.98,507.6,286256.8,0.4272,2.295,0.0816,12.52,0.0,0,0.0,0,0,0,0,0
CH04872,라이프+취미,220000,198990000,511,3264,50,36.65,53.75,198.0,14,128587.8,153742.67,1596.3,178.57,145100.4,0.5974,1.466,0.1224,5.4,0.04,2,0.04,0,0,2,0,0
CH04873,미용+패션,220000,59730000,950,3874,50,1.88,1.93,8.0,0,35754.78,54778.39,726.22,63.46,37217.41,0.6797,1.03,0.102,4.26,0.0267,2,0.04,0,0,2,0,0
CH04874,가수+댄스+음악,220000,118040000,508,2891,50,11.16,33.92,243.0,1,121695.44,676573.11,5068.58,425.46,131547.44,0.4177,3.039,0.0204,21.77,0.0,0,0.0,0,0,0,0,1
CH04875,게임,220000,155960000,1139,2298,50,0.86,1.68,8.0,0,65265.88,81139.74,1340.44,76.64,42252.64,0.5193,1.678,0.0816,8.0,0.0133,1,0.02,0,0,1,0,0
CH04876,BJ+연예인+인물,220000,92570000,484,3098,50,5.37,3.76,18.0,0,64755.32,69152.68,503.88,51.96,64755.32,0.7657,0.7,0.0612,3.35,0.02,1,0.02,0,0,1,0,0
CH04877,BJ+연예인+인물,220000,32520000,233,1336,50,4.1,3.15,7.0,0,59581.12,47983.11,3077.42,224.63,71135.83,0.7828,0.768,0.0,1.71,0.0133,1,0.02,0,0,1,0,0
CH04878,BJ+연예인+인물,220000,60640000,397,587,50,1.31,4.53,31.0,1,188232.54,232979.13,2137.7,104.42,497467.33,0.4057,3.47,0.0204,23.73,0.0267,2,0.04,0,0,2,0,0
CH04879,BJ+연예인+인물,220000,138040000,272,367,50,0.41,0.88,4.0,0,600283.9,679410.26,6762.52,228.06,358056.2,0.7192,0.879,0.0612,4.0,0.0267,2,0.04,0,0,2,0,0
CH04880,가수+댄스+음악,220000,321900000,120,1250,50,7.69,12.22,71.0,3,217160.04,569419.83,4519.9,196.74,275421.84,0.4847,1.588,0.102,9.23,0.0,0,0.0,0,0,0,0,0
CH04882,게임,220000,201810000,748,2688,50,16.47,53.87,357.0,4,128790.7,213663.94,1651.86,108.66,121360.79,0.3987,3.271,0.0612,21.68,0.0733,4,0.08,0,1,3,0,0
CH04883,BJ+연예인+인물,220000,88890000,415,723,50,0.82,1.69,9.0,0,408743.24,570331.02,6765.86,371.42,414680.5,0.5025,1.686,0.0408,9.0,0.04,2,0.04,0,0,2,0,0
CH04884,게임,220000,355530000,2884,5563,50,0.12,0.33,1.0,0,69547.92,58822.28,386.3,67.76,64038.29,0.8398,0.328,0.1224,1.0,0.0667,4,0.08,0,0,4,0,0
CH04885,만화+애니+영화,220000,60490000,126,3088,50,22.18,37.61,181.0,7,371677.18,473052.58,5228.26,157.28,371677.18,0.5197,1.695,0.0612,8.16,0.0133,1,0.02,1,0,0,0,1
CH04886,TV+방송,220000,4060000,4446,3644,16,2.8,8.12,33.0,1,1208.44,715.5,265.25,0.0,1208.44,0.4082,2.899,0.0667,11.79,0.0833,2,0.125,0,0,2,0,0
CH04887,TV+방송,220000,59000000,128,3701,50,22.84,75.96,542.0,6,347030.76,403548.77,3278.24,794.76,347030.76,0.4094,3.326,0.0204,23.73,0.0333,2,0.04,0,0,2,0,1
CH04888,만화+애니+영화,220000,241430000,545,3995,50,30.45,88.12,417.0,4,32369.86,98832.58,96.32,1.42,14155.35,0.4039,2.894,0.0816,13.7,0.0,0,0.0,0,0,0,0,1
CH04889,게임,220000,389970000,2007,3938,50,1.04,0.75,3.0,0,40922.56,60089.79,1344.2,58.0,41471.12,0.7776,0.725,0.0408,2.88,0.02,1,0.02,0,0,1,0,0
CH04890,라이프+취미,220000,35970000,105,2685,50,17.49,9.73,62.0,3,433948.9,288368.94,15868.78,1900.62,433948.9,0.7873,0.556,0.0612,3.54,0.0133,1,0.02,0,0,1,0,1
CH04891,어린이+키즈,220000,78410000,267,1782,50,10.47,21.7,130.0,5,12986.4,20904.09,0.0,0.0,12986.4,0.4382,2.073,0.0816,12.42,0.0,0,0.0,0,0,0,0,0
CH04892,어린이+키즈,220000,231740000,776,4080,50,4.47,11.58,68.0,2,4829.68,4250.93,8.24,0.0,5793.36,0.4208,2.592,0.0612,15.21,0.0,0,0.0,0,0,0,0,0
CH04893,스포츠+운동,220000,5060000,163,4548,50,6.02,23.87,164.0,3,30358.76,173483.49,435.86,12.34,4558.82,0.3946,3.965,0.0204,27.24,0.0067,1,0.02,0,0,1,0,1
CH04894,TV+방송,220000,114270000,279,2692,50,18.0,89.88,629.0,2,117638.6,153846.83,1529.08,303.6,117638.6,0.3773,4.994,0.0204,34.94,0.0267,2,0.04,1,0,1,0,1
CH04895,스포츠+운동,220000,37570000,218,3043,50,6.71,6.83,24.0,0,74420.12,139002.83,739.06,60.62,41238.46,0.6947,1.017,0.1224,3.57,0.0467,7,0.14,0,0,7,0,0
CH04896,강의+교육,220000,130160000,177,4439,50,19.86,61.75,360.0,4,1442622.36,2701330.04,26045.43,349.9,370711.97,0.4094,3.11,0.0408,18.13,0.3867,24,0.48,1,0,25,2,1
CH04898,어린이+키즈,220000,100580000,1661,5142,50,0.33,0.62,2.0,0,1004.48,1066.31,2.54,0.0,958.67,0.7843,0.619,0.0816,2.0,0.0,0,0.0,0,0,0,0,0
CH04899,게임,220000,436540000,13538,5004,50,0.12,0.33,1.0,0,12507.4,5376.64,328.46,3.84,11947.17,0.8398,0.328,0.1224,1.0,0.0267,2,0.04,0,0,2,0,0
CH04900,게임,220000,134390000,1703,3825,50,0.65,1.04,6.0,0,95225.44,91382.51,780.36,143.84,93192.58,0.6531,1.041,0.0204,6.0,0.0,0,0.0,0,0,0,0,0
CH04901,자동차,220000,117670000,729,2882,50,4.16,1.78,10.0,0,44103.62,40671.9,736.38,90.08,44103.62,0.8137,0.427,0.1224,2.4,0.1,6,0.12,0,0,7,0,0
CH04902,게임,220000,296160000,3850,3090,50,1.31,0.86,3.0,0,72405.1,26972.68,0.0,90.04,69881.88,0.7216,0.66,0.2653,2.3,0.0267,2,0.04,0,0,2,0,0
CH04904,BJ+연예인+인물,220000,74520000,161,1895,50,20.39,34.15,209.0,10,484217.32,707817.25,10769.54,301.94,523113.98,0.4686,1.675,0.0612,10.25,0.0333,2,0.04,1,0,1,0,0
CH04906,게임,230000,198890000,2661,3763,50,2.1,2.35,8.0,0,12966.12,11497.47,184.84,28.66,11067.83,0.6825,1.118,0.102,3.81,0.0467,2,0.04,0,1,2,0,0
CH04908,IT+기술+컴퓨터,230000,10840000,437,4936,50,23.53,36.18,194.0,11,16647.58,53420.07,825.48,14.76,41608.0,0.5288,1.537,0.0612,8.24,0.0,0,0.0,0,0,0,0,0
CH04909,TV+방송,230000,40470000,813,2823,50,13.69,72.8,517.0,1,24147.4,33218.51,1781.86,206.52,24147.4,0.373,5.316,0.0204,37.75,0.4,22,0.44,20,0,6,2,1
CH04910,가수+댄스+음악,230000,65000000,2829,2447,50,0.06,0.24,1.0,0,16869.16,29257.12,1208.82,33.52,19545.53,0.8849,0.24,0.0612,1.0,0.0133,1,0.02,0,0,1,0,0
CH04911,미용+패션,230000,82800000,301,5738,50,19.59,42.01,204.0,4,165237.56,130765.09,2077.54,112.6,159725.27,0.4406,2.144,0.0612,10.41,0.02,1,0.02,0,0,0,1,1
CH04912,라이프+취미,230000,52280000,69,3085,50,40.18,57.63,330.0,17,801718.62,1072614.18,10821.54,631.96,806344.63,0.5381,1.434,0.0612,8.21,0.04,2,0.04,0,0,2,0,0
CH04913,스포츠+운동,230000,159190000,1560,2501,50,0.82,1.57,5.0,0,68638.68,75161.99,939.6,161.5,57901.0,0.6004,1.574,0.1224,5.0,0.1067,7,0.14,1,0,6,0,0
CH04914,BJ+연예인+인물,230000,198320000,1209,2339,50,0.47,0.67,3.0,0,45378.76,41183.4,901.2,76.84,69044.15,0.7805,0.673,0.0612,3.0,0.0,0,0.0,0,0,0,0,0
CH04915,어린이+키즈,230000,93940000,85,2638,50,31.37,126.36,867.0,3,9702.92,26292.47,38.46,2.04,9702.92,0.3933,4.028,0.0204,27.64,0.0,0,0.0,0,0,0,0,1
CH04916,가수+댄스+음악,230000,137950000,68,2973,50,21.16,57.57,328.0,9,239003.46,1325616.96,15517.86,1358.02,1180128.7,0.4222,2.72,0.0408,15.5,0.0,0,0.0,0,0,0,0,0
CH04918,만화+애니+영화,230000,29740000,134,1104,50,11.61,6.2,28.0,0,490525.52,350998.45,5586.44,601.18,500028.06,0.777,0.534,0.1633,2.41,0.0,0,0.0,0,0,0,0,0
CH04919,만화+애니+영화,230000,265700000,426,5322,50,1.69,1.07,4.0,0,429076.8,439274.9,3009.18,235.1,429076.8,0.751,0.633,0.1837,2.36,0.0133,1,0.02,1,0,0,0,1
CH04920,가수+댄스+음악,230000,21500000,213,5549,50,27.73,28.86,129.0,18,12437.54,46060.59,864.67,21.5,15944.11,0.6733,1.041,0.0816,4.65,0.0,0,0.0,0,0,0,0,0
CH04922,게임,230000,128730000,2248,4134,50,1.04,1.05,5.0,0,11713.1,3239.31,91.58,4.38,11924.98,0.6669,1.008,0.102,4.8,0.02,1,0.02,0,0,0,1,0
CH04923,가수+댄스+음악,230000,123980000,2004,5225,50,32.9,147.16,967.0,6,943.36,1286.93,10.1,1.4,943.36,0.3791,4.473,0.0408,29.39,0.0,0,0.0,0,0,0,0,0
CH04924,게임,230000,123030000,826,4599,50,11.12,18.02,111.0,4,134097.92,146167.25,4419.02,122.1,76894.35,0.473,1.62,0.0612,9.98,0.0,0,0.0,0,0,0,0,0
CH04925,만화+애니+영화,230000,188400000,204,3400,50,0.57,0.97,5.0,0,486004.72,561864.79,3747.88,209.3,380134.06,0.6846,0.969,0.0408,5.0,0.0533,4,0.08,0,0,4,0,0
CH04926,만화+애니+영화,230000,82170000,237,3385,50,16.76,19.03,94.0,8,134892.24,106348.79,1697.3,249.14,134892.24,0.6412,1.136,0.0612,5.61,0.04,3,0.06,1,0,2,0,0
CH04927,레시피+요리+음식,230000,38630000,655,3562,50,5.49,4.38,29.0,0,18961.16,29413.89,288.78,19.08,22970.17,0.7006,0.798,0.0408,5.28,0.0133,1,0.02,0,0,1,0,0
CH04928,BJ+연예인+인물,230000,140250000,1729,3999,50,15.45,37.49,251.0,6,44224.68,33946.97,172.02,32.0,44224.68,0.4398,2.426,0.0204,16.25,0.0533,2,0.04,0,0,3,0,1
CH04929,가수+댄스+음악,230000,68180000,99,5203,50,31.49,54.93,245.0,13,753143.38,3579546.64,8586.32,245.02,953662.47,0.5211,1.744,0.0816,7.78,0.02,1,0.02,0,0,0,1,1
CH04930,가수+댄스+음악,230000,116290000,325,3961,50,4.53,4.24,26.0,0,203969.62,807443.79,5135.72,790.26,234758.16,0.6677,0.937,0.0408,5.74,0.0,0,0.0,0,0,0,0,1
CH04931,BJ+연예인+인물,230000,32870000,194,2072,50,4.78,6.81,36.0,1,79369.48,88692.34,1450.2,112.68,130650.0,0.558,1.427,0.0612,7.54,0.02,1,0.02,0,0,0,1,0
CH04933,라이프+취미,230000,84510000,3264,2855,50,0.08,0.27,1.0,0,37609.14,73925.63,175.16,26.16,36014.48,0.868,0.274,0.0816,1.0,0.0,0,0.0,0,0,0,0,0
CH04934,TV+방송,230000,116720000,772,4668,50,6.35,10.37,43.0,4,111553.96,130735.78,257.7,23.35,121602.56,0.5575,1.634,0.0816,6.77,0.0267,2,0.04,0,0,2,0,1
CH04935,TV+방송,230000,19860000,2064,2545,50,0.0,0.0,0.0,0,939.92,1060.94,79.4,3.02,940.45,1.0,0.0,0.0,0.0,0.3333,20,0.4,6,0,18,0,0
CH04937,BJ+연예인+인물,230000,77170000,449,4729,50,11.65,30.74,209.0,4,43043.24,40998.88,657.12,34.7,77202.86,0.4313,2.638,0.0204,17.94,0.0,0,0.0,0,0,0,0,0
CH04938,게임,230000,160270000,709,4211,50,4.43,7.71,37.0,2,139720.02,409627.37,1020.18,228.4,160143.62,0.4988,1.741,0.102,8.35,0.0,0,0.0,0,0,0,0,0
CH04939,가수+댄스+음악,230000,105310000,3486,5063,50,0.06,0.24,1.0,0,8748.46,10384.12,416.4,96.22,9213.72,0.8849,0.24,0.0612,1.0,0.0,0,0.0,0,0,0,0,0
CH04940,BJ+연예인+인물,230000,16850000,59,2579,50,46.06,100.36,559.0,9,241965.02,416901.99,3520.37,223.66,245286.45,0.4267,2.179,0.102,12.14,0.0,0,0.0,0,0,0,0,0
CH04941,라이프+취미,230000,82830000,536,4144,50,9.94,22.6,133.0,5,14322.6,13199.16,302.33,45.44,15497.7,0.4344,2.274,0.0612,13.38,0.0,0,0.0,0,0,0,0,0
CH04942,경제+부동산+주식,230000,38030000,675,2952,50,2.78,2.33,10.0,0,10610.92,5014.26,192.16,0.0,10610.92,0.73,0.84,0.0816,3.6,0.0067,1,0.02,0,0,1,0,0
CH04943,게임,230000,43880000,396,4325,50,0.88,1.21,6.0,0,7591.22,11472.27,174.88,38.42,4194.41,0.6165,1.206,0.0816,6.0,0.0133,1,0.02,0,0,1,0,0
CH04944,가수+댄스+음악,230000,7780000,82,5657,50,11.14,40.28,287.0,2,50341.2,52956.89,1087.66,129.4,50341.2,0.4022,3.615,0.0204,25.76,0.0,0,0.0,0,0,0,0,1
CH04945,TV+방송,230000,202720000,7851,4950,50,2.84,5.21,21.0,0,2477.0,3368.16,93.78,2.02,2304.02,0.5198,1.837,0.102,7.4,0.0,0,0.0,0,0,0,0,0
CH04946,스포츠+운동,230000,138560000,840,2804,50,5.27,3.48,18.0,0,135614.52,127367.34,2458.98,171.04,115961.4,0.7646,0.661,0.0816,3.42,0.0,0,0.0,0,0,0,0,0
CH04947,BJ+연예인+인물,230000,73270000,262,5166,50,20.37,22.61,92.0,14,19282.58,19208.31,347.22,18.1,17166.88,0.6753,1.11,0.0612,4.52,0.0733,4,0.08,0,0,3,1,0
CH04948,자동차,230000,83380000,292,2139,50,6.59,13.31,90.0,2,143211.58,235635.08,1796.86,123.08,88097.74,0.4473,2.019,0.0612,13.65,0.0133,1,0.02,0,0,1,0,1
CH04950,국내+여행+해외,230000,69930000,219,1369,50,9.14,4.67,28.0,0,331086.2,337476.75,5301.88,333.6,331086.2,0.7985,0.511,0.102,3.06,0.0867,6,0.12,0,0,5,1,0
CH04951,가수+댄스+음악,230000,41060000,134,2428,50,10.73,27.06,172.0,2,56592.48,252688.35,1420.32,110.06,96842.37,0.4298,2.521,0.0408,16.02,0.0133,1,0.02,0,0,1,0,0
CH04952,어린이+키즈,230000,92000000,218,3049,50,16.67,21.72,96.0,8,66338.46,100939.16,757.12,68.7,66338.46,0.6077,1.303,0.102,5.76,0.0,0,0.0,0,0,0,0,1
CH04953,라이프+취미,230000,104860000,697,4778,50,3.2,3.16,16.0,0,41318.6,41071.13,675.16,103.74,42672.53,0.6702,0.987,0.0816,4.99,0.0333,2,0.04,0,0,2,0,0
CH04955,강의+교육,230000,680300000,13195,5112,50,0.02,0.14,1.0,0,2618.88,6553.63,60.62,5.78,1440.67,0.9319,0.141,0.0204,1.0,0.0,0,0.0,0,0,0,0,0
CH04956,만화+애니+영화,230000,159330000,633,4539,50,6.65,5.35,19.0,0,59818.9,213352.5,3917.1,90.2,466684.25,0.7404,0.804,0.1224,2.86,0.0067,1,0.02,0,0,1,0,0
CH04957,BJ+연예인+인물,230000,234640000,1653,3963,50,1.31,0.76,4.0,0,62756.68,44655.73,1367.12,167.76,62756.68,0.7712,0.583,0.1429,3.06,0.0,0,0.0,0,0,0,0,0
CH04958,라이프+취미,230000,78840000,1128,2646,50,2.73,1.89,8.0,0,9352.16,14095.37,173.24,33.06,7238.89,0.771,0.692,0.0816,2.93,0.0067,1,0.02,0,0,1,0,0
CH04959,TV+방송,230000,107100000,1591,2494,50,0.04,0.2,1.0,0,49396.16,191320.86,183.64,14.0,8281.49,0.9052,0.198,0.0408,1.0,0.08,5,0.1,0,0,5,1,0
CH04960,라이프+취미,230000,62530000,1642,2389,50,0.57,0.81,3.0,0,18716.08,36155.34,332.78,19.34,18357.93,0.7398,0.808,0.1224,3.0,0.0133,1,0.02,0,0,1,0,0
CH04961,TV+방송,230000,165260000,196,3742,50,65.82,217.84,1125.0,4,1579654.58,2501077.07,5123.18,407.22,1642076.17,0.3976,3.31,0.0612,17.09,0.0,0,0.0,0,0,0,0,0
CH04962,라이프+취미,230000,75250000,408,5363,50,4.65,3.3,11.0,0,44512.52,32189.71,1269.6,68.84,44512.52,0.762,0.709,0.102,2.36,0.0,0,0.0,0,0,0,0,0
CH04963,게임,230000,86030000,1358,4338,50,12.47,22.43,100.0,5,74102.66,164251.25,702.04,35.58,50418.41,0.5108,1.799,0.0816,8.02,0.0533,3,0.06,0,0,3,0,1
CH04964,TV+방송,230000,19320000,192,7099,50,26.57,39.79,149.0,11,22667.18,27801.02,1244.18,76.32,41712.86,0.5829,1.497,0.1429,5.61,0.0,0,0.0,0,0,0,0,1
CH04967,레시피+요리+음식,230000,49960000,455,2193,50,13.16,10.71,46.0,4,20117.82,41278.84,279.04,16.34,21805.81,0.737,0.814,0.0816,3.49,0.02,1,0.02,0,0,1,0,0
CH04968,게임,230000,91840000,849,1754,50,0.76,1.17,5.0,0,23747.5,27321.39,1216.44,120.9,43085.47,0.6549,1.17,0.0612,5.0,0.0,0,0.0,0,0,0,0,0
CH04969,미용+패션,230000,79100000,465,4848,50,10.59,16.91,82.0,6,41329.18,107624.76,346.7,21.82,39639.82,0.5326,1.596,0.0816,7.74,0.0,0,0.0,0,0,0,0,0
CH04970,게임,230000,226280000,4198,3483,50,0.14,0.35,1.0,0,252299.32,240041.63,2023.1,222.1,242629.96,0.8275,0.35,0.1429,1.0,0.0333,2,0.04,0,0,2,0,0
CH04971,라이프+취미,230000,232470000,1337,5575,50,53.31,252.88,1785.0,8,66198.82,195370.75,374.98,125.04,72390.98,0.3809,4.744,0.0204,33.49,0.0533,4,0.08,0,0,4,0,0
CH04973,어린이+키즈,230000,166920000,587,3304,50,3.88,3.59,20.0,0,80535.62,60147.35,229.12,42.0,83037.88,0.6796,0.926,0.0612,5.16,0.0267,2,0.04,0,0,2,0,1
CH04975,BJ+연예인+인물,230000,451530000,4631,3308,50,0.43,0.67,2.0,0,57350.7,44238.4,828.46,158.34,49111.51,0.7688,0.67,0.102,2.0,0.1067,5,0.1,0,0,6,0,0
CH04976,어린이+키즈,230000,432890000,178,1768,50,12.45,15.29,73.0,4,721193.96,1166092.77,13678.62,143.92,228491.0,0.6181,1.228,0.0816,5.86,0.0133,1,0.02,0,0,1,0,1
CH04977,국내+여행+해외,230000,50930000,219,4713,50,13.69,44.42,320.0,1,201702.42,111763.78,4137.44,712.76,201702.42,0.4117,3.244,0.0204,23.37,0.0,0,0.0,0,0,0,0,0
CH04978,BJ+연예인+인물,230000,79240000,259,3791,50,60.67,98.04,503.0,22,53173.8,91750.12,628.62,84.58,57134.4,0.5155,1.616,0.0816,8.29,0.02,1,0.02,0,0,1,0,0
CH04979,게임,230000,4500000,4287,5924,50,0.0,0.0,0.0,0,186.88,93.31,29.56,6.4,180.8,1.0,0.0,0.0,0.0,0.04,3,0.06,0,0,3,0,0
CH04980,게임,230000,197640000,1073,3440,50,1.84,0.98,5.0,0,28823.92,17613.13,139.52,31.8,28823.92,0.7897,0.531,0.1224,2.72,0.04,3,0.06,0,0,3,0,0
CH04981,라이프+취미,230000,54630000,504,2122,50,0.61,0.66,3.0,0,54989.94,319346.36,0.0,67.34,3257.77,0.782,0.664,0.0612,3.0,0.0133,1,0.02,0,0,1,0,0
CH04982,BJ+연예인+인물,230000,33960000,176,2759,50,8.04,22.46,154.0,3,22337.1,21262.98,292.23,70.64,23226.42,0.4257,2.793,0.0204,19.15,0.0,0,0.0,0,0,0,0,0
CH04983,스포츠+운동,230000,204180000,1432,4673,50,1.18,1.52,7.0,0,75313.44,98367.82,1254.76,243.62,75620.48,0.6111,1.285,0.0816,5.91,0.0,0,0.0,0,0,0,0,0
CH04984,라이프+취미,230000,106410000,214,1814,50,12.1,26.91,178.0,4,279213.24,165700.8,3894.22,137.98,331005.44,0.4429,2.224,0.0408,14.71,0.0333,3,0.06,0,0,3,0,1
CH04985,반려동물+애완,230000,235110000,659,3506,50,2.18,1.8,7.0,0,184678.86,1100000.39,1314.04,99.46,37507.18,0.7312,0.826,0.1224,3.21,0.0133,1,0.02,0,0,1,0,0
CH04986,가수+댄스+음악,230000,69220000,169,1272,50,7.0,16.65,103.0,4,186016.96,356296.87,3339.28,134.6,255329.35,0.4235,2.378,0.0816,14.71,0.0,0,0.0,0,0,0,0,0
CH04987,만화+애니+영화,230000,172120000,379,1926,50,2.06,1.61,6.0,0,369475.46,308020.61,2362.26,376.56,391765.89,0.7502,0.78,0.102,2.91,0.0333,2,0.04,1,0,1,0,0
CH04988,만화+애니+영화,230000,97620000,740,5935,50,3.35,1.61,9.0,0,21466.28,15833.03,412.26,182.3,21466.28,0.8008,0.481,0.1224,2.69,0.0333,2,0.04,0,0,2,0,0
CH04989,게임,230000,1930000,106,4301,50,9.14,29.04,161.0,3,8679.46,9359.51,194.68,25.12,12839.48,0.4075,3.177,0.0408,17.61,0.0,0,0.0,0,0,0,0,1
CH04990,자동차,230000,56730000,720,4406,50,4.98,7.39,52.0,1,19132.26,25925.58,388.7,178.86,20702.02,0.4951,1.485,0.0204,10.44,0.0,0,0.0,0,0,0,0,0
CH04991,반려동물+애완,230000,59950000,382,5360,50,36.78,53.02,226.0,15,2741.84,3782.0,100.02,10.94,2650.19,0.5904,1.442,0.0816,6.15,0.0,0,0.0,0,0,0,0,0
CH04992,IT+기술+컴퓨터,230000,69560000,935,2547,50,1.67,1.69,7.0,0,28761.6,30082.03,317.86,80.12,34875.39,0.6901,1.013,0.0816,4.18,0.06,5,0.1,0,0,5,0,0
CH04993,라이프+취미,230000,116600000,501,5287,50,3.16,2.12,7.0,0,10344.28,5503.94,153.36,13.74,9804.79,0.7686,0.671,0.102,2.21,0.08,6,0.12,0,0,6,0,0
CH04994,(미분류),240000,10360000,151,4384,50,19.73,43.05,219.0,7,4542.3,3861.21,230.8,10.74,4022.67,0.4265,2.181,0.102,11.1,0.0,0,0.0,0,0,0,0,1
CH04995,가수+댄스+음악,240000,109650000,124,5679,50,86.51,157.18,778.0,21,352887.52,530271.78,5695.32,266.88,352887.52,0.4757,1.817,0.102,8.99,0.0,0,0.0,0,0,0,0,1
CH04996,게임,240000,139160000,660,2834,50,2.51,0.54,4.0,0,54525.46,12604.68,1140.24,110.48,54525.46,0.9055,0.215,0.0204,1.59,0.0533,4,0.08,0,0,4,0,1
CH04998,레시피+요리+음식,240000,199250000,612,1822,50,2.86,0.35,3.0,0,102261.12,30550.26,3544.98,262.88,102261.12,0.9026,0.122,0.1429,1.05,0.04,2,0.04,0,0,2,0,0
CH04999,BJ+연예인+인물,240000,40490000,361,2263,50,13.98,66.26,467.0,2,58875.7,100326.05,1420.0,160.66,64494.41,0.381,4.74,0.0204,33.41,0.0,0,0.0,0,0,0,0,0
CH05000,TV+방송,240000,127260000,462,2162,50,3.16,3.46,21.0,0,36670.44,67999.42,570.36,25.68,27212.55,0.6226,1.094,0.0408,6.64,0.0,0,0.0,0,0,0,0,0
CH05001,가수+댄스+음악,240000,76870000,321,4660,50,11.9,18.23,110.0,5,193606.88,276124.4,7022.04,1068.74,202513.83,0.5068,1.532,0.0408,9.25,0.0133,1,0.02,0,0,1,0,0
CH05002,IT+기술+컴퓨터,240000,103800000,1599,4595,50,1.41,1.48,7.0,0,44535.88,62345.04,388.18,64.56,57126.31,0.6627,1.053,0.0816,4.97,0.04,3,0.06,0,0,3,0,0
CH05003,미용+패션,240000,32490000,249,3422,50,6.04,10.66,51.0,3,10369.98,6466.24,146.46,10.4,8971.89,0.507,1.765,0.0612,8.44,0.0,0,0.0,0,0,0,0,0
CH05004,만화+애니+영화,240000,465010000,8222,4594,50,0.06,0.24,1.0,0,3518.14,3775.03,62.48,1.4,3132.75,0.8849,0.24,0.0612,1.0,0.0,0,0.0,0,0,0,0,0
CH05005,BJ+연예인+인물,240000,116980000,779,3090,50,2.96,3.26,13.0,0,215791.62,97734.75,4715.2,243.74,217898.73,0.6737,1.101,0.0816,4.39,0.02,1,0.02,0,0,1,0,0
CH05006,BJ+연예인+인물,240000,48340000,284,2147,50,3.8,2.89,11.0,0,114436.56,40617.39,1258.66,154.5,117050.0,0.7535,0.76,0.102,2.9,0.02,1,0.02,0,1,0,0,0
CH05008,IT+기술+컴퓨터,240000,329830000,1560,5007,50,0.67,0.87,4.0,0,77086.34,104795.97,763.98,146.86,47102.8,0.7026,0.866,0.1224,4.0,0.0267,2,0.04,0,0,2,0,0
CH05009,국내+여행+해외,240000,334680000,810,4646,50,0.8,0.9,4.0,0,355706.44,554479.8,3270.26,130.02,62723.3,0.7158,0.903,0.0612,4.0,0.0,0,0.0,0,0,0,0,0
CH05010,BJ+연예인+인물,240000,7660000,58,4664,50,22.9,33.13,129.0,11,121322.08,130619.86,3813.98,220.76,124364.06,0.5985,1.447,0.102,5.63,0.0133,1,0.02,0,0,1,0,0
CH05011,어린이+키즈,240000,39940000,256,4788,50,3.82,2.29,12.0,0,117345.76,67651.36,2282.24,188.78,117345.76,0.7838,0.601,0.0816,3.14,0.0,0,0.0,0,0,0,0,1
CH05012,강의+교육,240000,93710000,650,4635,50,0.53,0.5,1.0,0,74395.82,186840.42,335.44,16.78,25409.33,0.8335,0.499,0.0,1.0,0.0,0,0.0,0,0,0,0,0
CH05014,반려동물+애완,240000,161440000,130,2657,50,2.86,3.65,21.0,0,1802477.86,1341153.23,42675.18,1081.68,0.0,0.5892,1.277,0.0204,7.35,0.0,0,0.0,0,0,0,0,1
CH05015,라이프+취미,240000,196260000,550,3072,50,3.1,6.99,43.0,1,38698.18,90327.08,441.06,16.1,21494.47,0.4415,2.253,0.0408,13.86,0.0,0,0.0,0,0,0,0,1
CH05016,BJ+연예인+인물,240000,76540000,392,5552,50,0.94,1.36,4.0,0,117014.24,205804.04,1205.02,42.28,154647.0,0.6281,1.361,0.1837,4.0,0.02,1,0.02,0,0,0,1,0
CH05017,레시피+요리+음식,240000,46060000,292,1929,50,3.96,2.23,10.0,0,35415.64,33179.56,875.92,30.2,35415.64,0.7953,0.564,0.0816,2.53,0.1,5,0.1,0,0,5,0,0
CH05018,라이프+취미,240000,95320000,156,1580,50,9.61,9.73,40.0,2,519085.68,939185.15,4821.12,378.74,602652.75,0.6786,1.012,0.1224,4.16,0.0,0,0.0,0,0,0,0,0
CH05019,게임,240000,105210000,634,1805,50,2.88,2.87,12.0,0,186885.26,215258.59,1998.22,453.46,186934.84,0.6986,0.997,0.0612,4.17,0.04,2,0.04,0,0,2,0,0
CH05020,게임,240000,180460000,519,3548,50,28.55,89.52,629.0,8,86002.74,97648.53,768.58,173.36,86002.74,0.4148,3.135,0.0204,22.03,0.0733,4,0.08,0,0,4,0,1
CH05021,게임,240000,209010000,3401,4595,50,19.98,45.67,205.0,6,29193.4,75548.21,230.22,30.82,19723.56,0.4338,2.286,0.0612,10.26,0.0467,3,0.06,0,0,3,0,0
CH05022,어린이+키즈,240000,96740000,266,3451,50,34.88,178.44,1211.0,2,373646.26,576947.54,2651.6,30.67,381070.65,0.3695,5.116,0.0408,34.72,0.0,0,0.0,0,0,0,0,1
CH05023,만화+애니+영화,240000,251800000,3508,4497,50,0.29,0.61,3.0,0,2985.88,2810.34,50.74,4.04,2868.1,0.7991,0.606,0.0408,3.0,0.0467,3,0.06,0,0,3,0,0
CH05025,반려동물+애완,240000,101550000,416,2504,50,6.1,0.95,7.0,0,147515.52,123632.07,4613.26,316.84,148155.06,0.9141,0.156,0.0612,1.15,0.0267,2,0.04,0,0,2,0,0
CH05026,만화+애니+영화,240000,71300000,62,2868,50,8.35,6.28,46.0,1,1315647.72,1184902.52,6660.18,826.71,1315647.72,0.7075,0.752,0.0204,5.51,0.04,3,0.06,0,0,3,0,1
CH05027,BJ+연예인+인물,240000,48270000,229,3432,50,6.24,5.13,23.0,0,81601.28,99265.84,696.4,121.96,65196.81,0.7243,0.822,0.102,3.68,0.02,1,0.02,0,0,1,0,0
CH05029,레시피+요리+음식,240000,1680000,207,3778,50,3.61,12.85,78.0,3,3722.74,2107.01,0.0,6.06,3528.27,0.3913,3.558,0.0612,21.59,0.0,0,0.0,0,0,0,0,0
CH05031,레시피+요리+음식,240000,79120000,757,1598,50,1.59,2.36,11.0,0,37308.8,56884.66,549.4,16.64,49989.04,0.5716,1.48,0.0612,6.91,0.0267,2,0.04,0,0,2,0,0
CH05032,국내+여행+해외,240000,42570000,245,1397,50,9.18,8.04,48.0,1,223997.06,132235.23,5733.92,885.18,230910.58,0.6845,0.876,0.0612,5.23,0.0,0,0.0,0,0,0,0,0
CH05033,레시피+요리+음식,240000,116260000,500,3634,50,5.96,1.59,7.0,0,125636.66,27157.91,1516.7,240.12,125636.66,0.8641,0.267,0.102,1.17,0.0,0,0.0,0,0,0,0,0
CH05034,게임,240000,213970000,7234,4615,50,7.94,12.05,72.0,1,17333.78,13445.4,212.5,42.66,17333.78,0.5129,1.518,0.0408,9.07,0.12,9,0.18,0,0,9,0,1
CH05035,BJ+연예인+인물,240000,30720000,155,1873,50,14.86,48.06,339.0,4,107538.54,165067.35,1416.44,159.58,139518.57,0.4119,3.235,0.0204,22.82,0.0467,3,0.06,0,0,2,1,0
CH05036,스포츠+운동,240000,156310000,1690,4759,50,0.67,0.93,4.0,0,71224.8,41693.08,867.28,67.34,63111.45,0.7115,0.934,0.0612,4.0,0.0,0,0.0,0,0,0,0,0
CH05037,BJ+연예인+인물,240000,216760000,595,4347,50,7.65,8.06,45.0,2,339629.4,254234.3,4125.52,955.2,339629.4,0.6368,1.053,0.0816,5.88,0.0133,1,0.02,0,0,1,0,1
CH05038,국내+여행+해외,240000,38030000,2504,4328,50,0.0,0.0,0.0,0,1873.24,1696.99,15.64,0.42,0.0,1.0,0.0,0.0,0.0,0.0067,1,0.02,0,0,1,0,0
CH05039,라이프+취미,240000,19420000,371,2656,50,7.98,10.37,73.0,1,28497.4,23007.13,189.71,51.12,43144.48,0.5356,1.3,0.0204,9.15,0.0133,1,0.02,0,0,1,0,1
CH05040,TV+방송,240000,66320000,100,2477,50,5.51,10.7,73.0,1,445893.6,647148.9,7052.28,872.24,449174.12,0.4577,1.942,0.0408,13.25,0.02,1,0.02,0,0,1,0,1
CH05042,가수+댄스+음악,240000,55170000,1210,4171,50,0.59,1.54,8.0,0,4999.7,4089.66,495.94,25.8,2932.75,0.5419,1.538,0.0408,8.0,0.0,0,0.0,0,0,0,0,0
CH05043,스포츠+운동,240000,210130000,5180,1940,50,0.08,0.34,2.0,0,61156.46,77812.66,673.5,31.66,51196.06,0.8547,0.34,0.0612,2.0,0.0133,1,0.02,0,0,1,0,0
CH05044,강의+교육,240000,24050000,446,4429,50,20.24,51.75,256.0,3,133286.84,667996.81,190.1,10.52,207274.62,0.4222,2.556,0.0612,12.65,0.0,0,0.0,0,0,0,0,0
CH05045,가수+댄스+음악,240000,94370000,66,7453,50,53.45,164.52,945.0,11,775424.86,2904060.8,6073.38,509.76,1070842.94,0.4104,3.078,0.0408,17.68,0.0,0,0.0,0,0,0,0,1
CH05046,어린이+키즈,240000,176580000,265,3350,50,27.94,159.96,1136.0,1,15856.12,10604.55,35.58,0.0,15856.12,0.3682,5.725,0.0204,40.66,0.0,0,0.0,0,0,0,0,1
CH05047,자동차,240000,91630000,636,2053,50,3.71,4.05,16.0,0,95381.3,114670.71,1055.02,85.0,81333.67,0.6712,1.091,0.102,4.31,0.0,0,0.0,0,0,0,0,0
CH05048,IT+기술+컴퓨터,240000,57020000,318,2874,50,5.9,3.64,17.0,0,215576.06,407967.48,2180.12,495.3,164409.83,0.7786,0.617,0.102,2.88,0.0267,2,0.04,0,0,2,0,0
CH05051,반려동물+애완,240000,97100000,808,4157,50,23.65,43.29,164.0,9,7789.6,9884.75,74.75,8.57,18853.78,0.5337,1.83,0.102,6.93,0.0,0,0.0,0,0,0,0,0
CH05052,TV+방송,240000,87050000,572,4992,50,6.33,14.91,93.0,3,27715.08,21861.7,513.96,120.9,39826.68,0.4306,2.356,0.0612,14.7,0.0267,1,0.02,1,0,1,0,0
CH05053,TV+방송,240000,82700000,1157,5070,50,17.59,30.62,201.0,8,102259.12,221541.55,2220.02,256.5,123110.09,0.4763,1.741,0.0204,11.43,0.0867,6,0.12,0,1,4,1,0
CH05054,BJ+연예인+인물,240000,86090000,234,5476,50,2.08,2.05,6.0,0,84432.76,230989.96,1505.32,9.24,88065.32,0.7275,0.984,0.0816,2.88,0.0133,1,0.02,0,0,1,0,1
CH05055,라이프+취미,240000,156340000,614,1996,50,7.67,6.64,36.0,1,187037.36,96827.59,8154.4,323.18,195128.09,0.7013,0.865,0.0612,4.69,0.08,5,0.1,0,0,5,0,0
CH05056,게임,240000,436760000,1683,2030,50,0.08,0.27,1.0,0,105413.74,86834.61,897.22,344.44,88898.14,0.868,0.274,0.0816,1.0,0.0733,4,0.08,0,0,5,0,0
CH05057,레시피+요리+음식,250000,70070000,471,3924,50,34.37,85.89,556.0,11,15200.08,25841.7,224.38,16.9,15200.08,0.4307,2.499,0.0408,16.18,0.02,1,0.02,0,0,1,0,1
CH05058,스포츠+운동,250000,551010000,10845,2750,50,0.0,0.0,0.0,0,40815.58,15792.39,1103.9,11.68,40815.58,1.0,0.0,0.0,0.0,0.0133,1,0.02,0,0,1,0,0
CH05061,레시피+요리+음식,250000,374340000,603,2505,50,2.86,2.42,8.0,0,679611.04,3594513.45,3695.54,128.84,68692.64,0.7403,0.846,0.102,2.8,0.1733,10,0.2,0,0,10,0,0
CH05063,가수+댄스+음악,250000,101410000,115,2200,50,21.8,97.82,690.0,3,441689.16,525125.48,7022.76,575.64,578231.83,0.385,4.488,0.0204,31.66,0.0,0,0.0,0,0,0,0,0
CH05064,레시피+요리+음식,250000,58620000,172,3774,50,43.35,233.58,1656.0,5,87716.82,130230.8,102.8,164.42,123715.0,0.3721,5.389,0.0204,38.2,0.0,0,0.0,0,0,0,0,1
CH05065,BJ+연예인+인물,250000,65450000,264,2830,50,6.08,2.81,14.0,0,150751.92,34114.5,1907.84,320.88,150751.92,0.8177,0.461,0.0816,2.3,0.0,0,0.0,0,0,0,0,0
CH05066,레시피+요리+음식,250000,159620000,704,2620,50,3.39,1.01,7.0,0,77154.28,33982.61,3630.44,130.48,77154.28,0.861,0.297,0.0816,2.07,0.06,3,0.06,0,0,3,0,0
CH05067,TV+방송,250000,183170000,1283,2543,50,1.84,4.02,21.0,0,193848.14,268987.64,472.06,4.04,167190.67,0.4384,2.19,0.0612,11.43,0.02,1,0.02,0,0,0,1,0
CH05068,만화+애니+영화,250000,7910000,107,3024,50,0.55,0.64,3.0,0,12136.74,13289.13,188.28,11.1,3308.0,0.7925,0.641,0.0408,3.0,0.0,0,0.0,0,0,0,0,0
CH05069,라이프+취미,250000,107890000,663,2358,50,3.2,1.92,9.0,0,142032.46,130427.94,1320.7,58.9,126464.69,0.7945,0.598,0.0612,2.81,0.08,5,0.1,0,0,5,0,0
CH05070,가수+댄스+음악,250000,206150000,1476,5206,50,0.82,1.61,9.0,0,190633.12,298227.99,3228.86,168.98,203142.24,0.5016,1.612,0.0612,9.0,0.0,0,0.0,0,0,0,0,1
CH05071,가수+댄스+음악,250000,36550000,300,765,50,2.39,4.59,13.0,0,110793.74,248101.9,3378.92,83.76,97742.77,0.5522,1.924,0.1633,5.44,0.0,0,0.0,0,0,0,0,0
CH05072,레시피+요리+음식,250000,124930000,451,3504,50,29.53,175.43,1244.0,2,183320.54,286025.78,1427.1,190.5,183320.54,0.3659,5.941,0.0204,42.13,0.0,0,0.0,0,0,0,0,1
CH05073,TV+방송,250000,44850000,50,4766,50,37.08,110.39,762.0,7,896404.42,955287.15,10645.84,1435.7,896404.42,0.4196,2.977,0.0204,20.55,0.02,2,0.04,0,0,2,0,1
CH05074,미용+패션,250000,104690000,2606,3970,50,2.67,4.77,27.0,0,17112.86,14251.53,150.74,32.54,13748.5,0.4674,1.783,0.0408,10.1,0.04,3,0.06,0,0,3,0,0
CH05075,레시피+요리+음식,250000,43270000,180,4628,50,0.67,0.79,4.0,0,81641.0,74457.58,789.14,157.48,80789.04,0.7198,0.793,0.102,4.0,0.04,3,0.06,0,0,3,0,0
CH05076,미용+패션,250000,50650000,560,5308,50,3.61,2.47,11.0,0,13096.58,45552.56,121.8,13.42,6113.19,0.7649,0.685,0.102,3.05,0.04,2,0.04,0,1,1,0,0
CH05077,라이프+취미,250000,117560000,530,2881,50,3.1,2.02,9.0,0,59948.26,53171.51,4252.3,114.24,69089.28,0.7659,0.652,0.1224,2.9,0.0,0,0.0,0,0,0,0,0
CH05079,BJ+연예인+인물,250000,91550000,284,4442,50,40.86,114.84,785.0,10,744099.5,917355.54,13308.68,1145.14,560711.47,0.4251,2.811,0.0204,19.21,0.02,1,0.02,0,0,1,0,1
CH05080,레시피+요리+음식,250000,30630000,51,5312,50,90.57,461.2,3231.0,6,613565.96,665317.44,3083.98,490.0,702466.63,0.376,5.092,0.0204,35.67,0.0,0,0.0,0,0,0,0,0
CH05082,만화+애니+영화,250000,74460000,196,3217,50,4.04,3.71,20.0,0,711303.9,1591571.09,3318.54,0.0,711303.9,0.6926,0.919,0.0408,4.95,0.0,0,0.0,0,0,0,0,1
CH05083,라이프+취미,250000,27780000,843,3153,50,5.0,22.1,158.0,1,4566.88,4150.88,34.78,3.42,6596.67,0.3861,4.419,0.0204,31.6,0.0333,2,0.04,2,0,0,0,0
CH05084,경제+부동산+주식,250000,55700000,2235,2349,50,0.51,0.81,4.0,0,8095.54,6180.02,113.46,28.22,9436.1,0.7291,0.811,0.0612,4.0,0.0,0,0.0,0,0,0,0,0
CH05085,라이프+취미,250000,90290000,274,3035,50,25.1,64.98,388.0,6,165256.46,115463.48,3219.0,311.06,165256.46,0.421,2.589,0.0612,15.46,0.02,1,0.02,0,0,1,0,1
CH05086,BJ+연예인+인물,250000,21570000,97,3732,50,37.41,85.08,590.0,14,80822.36,118476.86,1932.46,148.96,82427.51,0.4466,2.274,0.0204,15.77,0.0,0,0.0,0,0,0,0,1
CH05087,라이프+취미,250000,143400000,637,2775,50,5.33,2.64,14.0,0,103909.74,70249.16,2883.68,61.88,74429.6,0.8096,0.497,0.0816,2.63,0.0,0,0.0,0,0,0,0,0
CH05088,가수+댄스+음악,250000,14210000,345,3525,50,1.9,1.72,7.0,0,3936.68,15292.19,21.1,1.5,0.0,0.7183,0.905,0.0816,3.69,0.0,0,0.0,0,0,0,0,0
CH05089,게임,250000,129160000,1259,3097,50,1.33,1.42,6.0,0,12633.24,17386.54,157.72,14.9,12633.24,0.6735,1.07,0.0816,4.52,0.0,0,0.0,0,0,0,0,1
CH05090,TV+방송,250000,57440000,3550,2812,50,2.84,2.59,14.0,0,1878.66,3071.28,42.54,5.9,1873.96,0.6755,0.913,0.102,4.94,0.0,0,0.0,0,0,0,0,0
CH05091,만화+애니+영화,250000,255800000,1589,4002,50,1.51,2.48,11.0,0,13092.14,37458.37,327.62,13.42,8143.18,0.5365,1.639,0.102,7.28,0.0,0,0.0,0,0,0,0,0
CH05092,라이프+취미,250000,87130000,332,2379,50,6.24,3.44,22.0,0,90389.66,121252.25,919.52,454.2,81000.58,0.7706,0.551,0.1224,3.52,0.0,0,0.0,0,0,0,0,0
CH05093,라이프+취미,250000,436520000,1371,2000,50,8.47,33.92,240.0,2,71821.08,155716.47,920.42,17.18,313755.57,0.3938,4.005,0.0204,28.34,0.0133,1,0.02,0,0,1,0,0
CH05094,어린이+키즈,250000,84610000,369,3085,50,24.69,127.32,867.0,2,6723.06,4416.42,21.12,0.0,6774.37,0.369,5.156,0.0408,35.11,0.0,0,0.0,0,0,0,0,1
CH05095,BJ+연예인+인물,250000,37690000,211,2503,50,4.84,5.68,30.0,1,44700.8,68721.67,707.1,28.14,38577.7,0.6202,1.174,0.0612,6.2,0.0,0,0.0,0,0,0,0,0
CH05096,경제+부동산+주식,250000,121900000,441,4423,50,4.84,9.45,56.0,1,79053.42,76308.53,711.52,85.12,73487.45,0.4509,1.953,0.0612,11.58,0.0,0,0.0,0,0,0,0,0
CH05098,가수+댄스+음악,250000,54150000,834,3648,50,7.55,9.57,34.0,2,12093.32,10562.77,183.2,9.32,12231.41,0.653,1.268,0.0816,4.5,0.0,0,0.0,0,0,0,0,0
CH05099,게임,250000,436480000,12950,3927,50,0.29,0.61,2.0,0,18154.08,16713.47,220.2,33.64,18154.08,0.7868,0.606,0.0816,2.0,0.02,1,0.02,0,0,1,0,0
CH05100,게임,250000,244360000,4419,4644,50,0.98,0.94,3.0,0,28026.78,8004.95,295.88,42.88,28026.78,0.7215,0.937,0.1224,3.0,0.08,6,0.12,0,0,6,0,0
CH05101,TV+방송,250000,75150000,111,2616,50,1.1,1.75,7.0,0,303792.86,608599.28,3144.58,262.3,481302.42,0.5667,1.59,0.102,6.35,0.0133,1,0.02,0,0,1,0,1
CH05102,만화+애니+영화,250000,53250000,67,3243,50,18.63,25.19,164.0,5,878072.18,966005.49,17915.56,1019.4,884669.57,0.5346,1.352,0.0408,8.8,0.0,0,0.0,0,0,0,0,1
CH05103,라이프+취미,250000,186280000,1160,2732,50,1.31,1.26,4.0,0,30660.46,77901.96,296.68,22.14,2576.55,0.7277,0.968,0.0816,3.06,0.0,0,0.0,0,0,0,0,0
CH05104,TV+방송,250000,1138580000,7315,1818,50,0.08,0.34,2.0,0,36278.26,46305.39,98.5,2.23,0.0,0.8547,0.34,0.0612,2.0,0.0267,2,0.04,0,0,2,0,0
CH05105,라이프+취미,250000,151590000,818,1490,50,0.31,0.93,4.0,0,39598.3,41576.72,331.04,24.62,76645.92,0.6998,0.93,0.102,4.0,0.0,0,0.0,0,0,0,0,0
CH05106,게임,250000,228980000,2773,3661,50,1.02,0.77,3.0,0,50907.68,49411.62,754.08,111.16,29899.36,0.7729,0.754,0.0408,2.94,0.0133,1,0.02,0,0,1,0,0
CH05107,IT+기술+컴퓨터,250000,49450000,704,4024,50,2.92,1.45,7.0,0,39863.6,28832.21,795.62,109.78,39863.6,0.8092,0.498,0.0816,2.4,0.0,0,0.0,0,0,0,0,0
CH05108,BJ+연예인+인물,250000,421700000,4365,4420,50,0.29,0.49,2.0,0,32131.42,42101.48,179.56,25.02,29658.29,0.8284,0.495,0.0204,2.0,0.0133,1,0.02,0,0,1,0,0
CH05109,경제+부동산+주식,250000,31860000,2452,2712,50,0.14,0.45,2.0,0,5825.94,9574.51,47.46,5.78,8586.45,0.8138,0.452,0.102,2.0,0.0933,6,0.12,1,0,4,1,0
CH05110,BJ+연예인+인물,250000,37740000,206,5238,50,2.04,2.42,9.0,0,415235.6,2112982.0,3197.5,51.26,46794.37,0.6458,1.184,0.1429,4.41,0.04,2,0.04,0,2,0,0,0
CH05111,어린이+키즈,250000,173740000,259,3193,50,7.04,12.04,65.0,3,40337.52,55462.06,124.38,1.52,17140.65,0.4881,1.71,0.0612,9.23,0.0,0,0.0,0,0,0,0,0
CH05112,라이프+취미,250000,68510000,1239,2316,50,2.33,2.9,14.0,0,52465.54,87195.59,679.02,75.0,63140.46,0.6059,1.245,0.102,6.02,0.1,6,0.12,0,2,4,0,0
CH05113,게임,250000,97950000,760,1972,50,1.02,1.92,12.0,0,94187.62,38622.2,587.1,69.4,94187.62,0.4612,1.883,0.0408,11.76,0.0733,4,0.08,0,0,4,0,0
CH05114,게임,250000,151050000,1069,2636,50,3.2,4.84,31.0,1,144580.42,45329.27,601.76,109.76,145661.51,0.4839,1.511,0.0816,9.68,0.0267,2,0.04,0,0,2,0,0
CH05115,만화+애니+영화,250000,24930000,89,5308,50,15.92,19.69,122.0,5,246711.44,328857.97,2775.1,246.36,246711.44,0.5719,1.237,0.0612,7.66,0.02,1,0.02,0,1,0,0,1
CH05116,TV+방송,250000,212210000,780,3824,50,5.39,7.09,48.0,1,57512.82,228448.61,869.58,17.54,16218.4,0.541,1.316,0.0204,8.91,0.0,0,0.0,0,0,0,0,1
CH05117,게임,250000,157460000,1767,5070,50,1.65,1.67,7.0,0,10185.94,30121.41,0.0,36.02,10185.94,0.6888,1.012,0.0816,4.23,0.0133,1,0.02,0,0,1,0,1
CH05118,가수+댄스+음악,250000,236460000,666,5443,50,9.67,11.38,32.0,4,44732.98,100025.96,733.04,67.8,100402.72,0.6842,1.176,0.1224,3.31,0.0,0,0.0,0,0,0,0,0
CH05119,만화+애니+영화,250000,134250000,233,2413,50,18.94,14.5,63.0,8,333637.18,161525.59,3335.94,216.08,333637.18,0.7493,0.766,0.0816,3.33,0.0,0,0.0,0,0,0,0,0
CH05120,국내+여행+해외,250000,201520000,734,2948,50,2.63,1.16,7.0,0,200985.32,58326.22,10701.72,309.64,200985.32,0.8353,0.439,0.0408,2.66,0.02,1,0.02,0,0,1,0,0
CH05121,어린이+키즈,250000,236750000,1798,2505,50,3.27,11.24,75.0,1,16502.46,10143.75,39.94,0.0,12570.69,0.4003,3.443,0.0408,22.97,0.0133,1,0.02,0,0,1,0,0
CH05122,반려동물+애완,250000,146830000,520,3585,50,15.9,21.51,118.0,6,515887.32,1312131.99,12445.54,406.36,114923.59,0.5678,1.353,0.0612,7.42,0.0,0,0.0,0,0,0,0,0
CH05123,경제+부동산+주식,250000,35260000,1093,2938,50,2.57,4.73,27.0,0,39831.34,58357.43,448.72,49.38,48378.84,0.4576,1.841,0.0612,10.5,0.0,0,0.0,0,0,0,0,0
CH05124,IT+기술+컴퓨터,250000,36770000,1111,3442,50,0.78,0.68,2.0,0,15664.7,8831.85,857.96,13.54,15664.7,0.7551,0.678,0.1429,2.0,0.04,2,0.04,0,0,1,1,0
CH05125,TV+방송,250000,96730000,568,4185,50,28.29,49.58,197.0,13,75580.0,154284.05,526.3,28.5,33125.07,0.5377,1.753,0.102,6.96,0.0133,1,0.02,0,0,1,0,0
CH05126,가수+댄스+음악,250000,125730000,136,5221,50,37.0,80.35,363.0,11,352888.26,1178629.46,6723.59,441.36,427685.85,0.4324,2.171,0.102,9.81,0.0,0,0.0,0,0,0,0,1
CH05127,게임,250000,95760000,956,3419,50,2.47,2.25,9.0,0,60563.68,72636.74,534.16,162.48,47580.16,0.7126,0.911,0.102,3.64,0.0,0,0.0,0,0,0,0,0
CH05128,게임,250000,203860000,1760,4382,50,1.73,1.12,5.0,0,77010.86,35513.12,444.24,133.36,77010.86,0.7486,0.646,0.1837,2.88,0.0,0,0.0,0,0,0,0,0
CH05129,어린이+키즈,250000,152370000,845,3144,50,21.29,88.31,575.0,3,38761.96,32369.95,382.56,34.24,38681.36,0.3787,4.149,0.0612,27.01,0.02,1,0.02,0,1,0,0,1
CH05130,BJ+연예인+인물,250000,88470000,425,3063,50,23.22,55.15,343.0,9,55638.6,42337.56,768.3,70.38,61055.58,0.4298,2.375,0.0612,14.77,0.0933,6,0.12,0,1,5,0,1
CH05131,BJ+연예인+인물,250000,90280000,249,1597,50,6.37,6.8,50.0,1,160446.7,130131.99,6935.36,298.74,160446.7,0.597,1.068,0.0204,7.85,0.0133,1,0.02,0,0,1,0,0
CH05132,어린이+키즈,250000,117830000,6518,2841,50,0.0,0.0,0.0,0,663.92,1122.11,5.4,0.12,663.92,1.0,0.0,0.0,0.0,0.0,0,0.0,0,0,0,0,0
CH05133,미용+패션,260000,28720000,376,3695,50,7.35,10.67,59.0,3,16637.14,43475.92,0.0,21.08,23641.23,0.5357,1.452,0.0816,8.03,0.0133,1,0.02,0,0,1,0,0
CH05134,TV+방송,260000,30680000,399,3098,50,3.33,3.05,13.0,0,101866.54,240410.04,10058.68,259.54,128917.75,0.7044,0.916,0.102,3.91,0.0,0,0.0,0,0,0,0,1
CH05135,게임,260000,148530000,567,3469,50,6.29,3.26,18.0,0,120222.62,64559.83,2081.28,319.42,123084.54,0.7863,0.519,0.1429,2.86,0.16,10,0.2,0,0,10,0,0
CH05136,어린이+키즈,260000,93560000,339,3676,50,3.59,6.1,32.0,1,24230.2,48529.81,279.36,9.36,45191.17,0.498,1.699,0.0612,8.91,0.0,0,0.0,0,0,0,0,0
CH05137,미용+패션,260000,43640000,781,4138,50,3.06,3.16,14.0,0,6170.96,4645.17,99.46,10.42,6090.03,0.6764,1.034,0.0816,4.57,0.0,0,0.0,0,0,0,0,0
CH05138,게임,260000,13920000,119,3782,50,27.57,65.72,447.0,11,112943.9,148736.32,4896.82,377.32,112017.74,0.4355,2.384,0.0408,16.21,0.0,0,0.0,0,0,0,0,1
CH05139,자동차,260000,76190000,251,3303,50,5.53,3.42,18.0,0,40469.02,66616.64,725.5,45.06,39888.32,0.771,0.619,0.102,3.25,0.1733,10,0.2,0,0,12,0,0
CH05140,TV+방송,260000,67110000,124,2616,50,37.41,208.9,1474.0,3,297080.1,455813.53,2869.94,240.24,396145.65,0.3698,5.584,0.0204,39.4,0.0133,1,0.02,0,0,1,0,1
CH05141,TV+방송,260000,133490000,4455,5714,50,0.63,0.72,3.0,0,12420.14,9899.33,392.76,35.8,17491.55,0.7601,0.72,0.102,3.0,0.0467,3,0.06,0,0,3,0,0
CH05142,강의+교육,260000,52270000,353,3497,50,32.94,42.1,229.0,16,108641.12,304644.93,1974.66,48.44,10062.09,0.5882,1.278,0.0612,6.95,0.0,0,0.0,0,0,0,0,0
CH05144,레시피+요리+음식,260000,173780000,530,4926,50,4.22,2.39,8.0,0,153036.32,52566.46,1597.76,144.96,145923.24,0.7825,0.566,0.1224,1.89,0.02,1,0.02,0,1,0,0,0
CH05145,라이프+취미,260000,79420000,145,4485,50,9.69,10.35,39.0,4,105034.1,306357.82,779.35,30.2,61448.79,0.6881,1.068,0.0816,4.02,0.0067,1,0.02,0,0,1,0,0
CH05146,라이프+취미,260000,174420000,807,3300,50,1.98,1.13,6.0,0,125431.34,95814.98,6196.24,267.32,133838.86,0.7803,0.573,0.1224,3.03,0.0,0,0.0,0,0,0,0,0
CH05147,IT+기술+컴퓨터,260000,86830000,695,1839,50,1.31,1.58,6.0,0,45756.68,96041.3,336.8,71.72,106852.26,0.6562,1.21,0.0816,4.59,0.0667,4,0.08,0,0,4,0,0
CH05148,어린이+키즈,260000,30000,56,4223,50,0.0,0.0,0.0,0,491.56,685.68,6.54,0.08,1032.67,1.0,0.0,0.0,0.0,0.0,0,0.0,0,0,0,0,0
CH05149,어린이+키즈,260000,97140000,524,1547,50,7.59,2.07,14.0,0,25665.32,19698.85,18.04,0.0,25545.75,0.8684,0.273,0.0816,1.84,0.0,0,0.0,0,0,0,0,0
CH05150,BJ+연예인+인물,260000,109000000,584,4042,50,9.33,4.6,26.0,0,259780.94,110942.21,2538.38,169.1,259780.94,0.8041,0.494,0.102,2.79,0.0133,1,0.02,0,0,1,0,1
CH05151,게임,260000,176020000,2143,4276,50,2.47,1.53,7.0,0,41796.42,53055.7,649.34,45.2,36018.34,0.76,0.618,0.1633,2.83,0.0,0,0.0,0,0,0,0,0
CH05152,TV+방송,260000,227400000,3402,5989,50,2.73,8.02,46.0,1,5089.34,6495.09,217.54,4.54,4193.38,0.4088,2.933,0.0612,16.82,0.0,0,0.0,0,0,0,0,0
CH05153,가수+댄스+음악,260000,554730000,6784,3773,50,42.94,276.44,1958.0,1,119744.92,243318.94,630.46,45.6,119744.92,0.3611,6.438,0.0204,45.6,0.02,1,0.02,0,0,1,0,1
CH05154,게임,260000,73920000,110,3741,50,22.1,73.88,492.0,5,1045166.44,920942.71,6221.54,1812.1,1077451.75,0.4029,3.343,0.0408,22.26,0.0933,4,0.08,1,0,5,0,1
CH05155,TV+방송,260000,263620000,3551,4491,50,1.08,1.97,10.0,0,7116.62,8765.08,121.48,12.28,7444.17,0.4806,1.819,0.0612,9.25,0.0533,3,0.06,4,0,0,0,0
CH05156,BJ+연예인+인물,260000,183750000,392,4027,50,1.31,1.93,7.0,0,27746.76,24738.06,323.3,46.66,49782.27,0.6161,1.477,0.0612,5.36,0.0,0,0.0,0,0,0,0,0
CH05157,경제+부동산+주식,260000,23760000,920,2413,50,1.84,1.17,5.0,0,9311.52,3348.17,514.36,28.62,9520.6,0.7507,0.635,0.1837,2.72,0.1,7,0.14,0,0,4,3,0
CH05158,BJ+연예인+인물,260000,66100000,607,2395,50,0.98,2.5,13.0,0,110472.44,144635.93,759.04,74.42,268061.6,0.4182,2.503,0.0816,13.0,0.0,0,0.0,0,0,0,0,0
CH05159,스포츠+운동,260000,91540000,303,1716,50,5.2,4.15,21.0,0,145945.36,96599.73,1556.2,268.42,130343.33,0.7304,0.797,0.0612,4.04,0.0267,2,0.04,0,0,2,0,0
CH05161,게임,260000,20200000,92,4001,50,1.41,1.07,5.0,0,253935.4,230951.21,758.12,225.28,134449.94,0.7503,0.758,0.0612,3.55,0.0133,1,0.02,0,0,1,0,0
CH05162,TV+방송,260000,65440000,496,4524,50,13.33,43.19,262.0,2,106403.16,156857.21,1118.12,30.98,79449.94,0.4057,3.241,0.0408,19.66,0.0,0,0.0,0,0,0,0,1
CH05164,만화+애니+영화,260000,121870000,377,2670,50,4.02,3.46,17.0,0,195914.18,137001.86,2954.7,676.46,196172.19,0.7216,0.859,0.0408,4.23,0.0867,5,0.1,0,0,5,0,0
CH05165,라이프+취미,260000,132040000,281,3184,50,9.41,7.76,32.0,2,158950.3,300209.17,3678.38,172.36,84626.76,0.7442,0.825,0.0612,3.4,0.0133,1,0.02,0,0,1,0,0
CH05166,게임,260000,294160000,5693,4518,50,0.04,0.2,1.0,0,39996.84,35739.25,440.6,46.08,27435.68,0.9052,0.198,0.0408,1.0,0.0467,3,0.06,0,0,3,0,0
CH05167,레시피+요리+음식,260000,52240000,138,1946,50,5.86,14.84,91.0,2,153955.38,328049.33,986.96,60.56,0.0,0.4293,2.534,0.0408,15.54,0.0133,1,0.02,0,0,1,0,0
CH05169,어린이+키즈,260000,113270000,114,1523,50,9.76,47.86,340.0,2,1259661.36,3494090.62,1543.4,0.0,1259661.36,0.3785,4.906,0.0204,34.85,0.0,0,0.0,0,0,0,0,1
CH05170,게임,260000,165930000,775,1284,50,0.49,0.64,2.0,0,107203.94,60796.34,2895.42,131.84,85102.17,0.7799,0.643,0.0816,2.0,0.0,0,0.0,0,0,0,0,0
CH05171,라이프+취미,260000,211450000,326,1180,50,2.29,1.46,6.0,0,486801.4,430645.6,5422.9,117.0,369596.82,0.7625,0.637,0.1429,2.62,0.0,0,0.0,0,0,0,0,0
CH05172,가수+댄스+음악,260000,40060000,183,390,50,1.82,2.85,7.0,0,283118.28,345439.07,6468.7,479.46,446825.06,0.6213,1.568,0.1633,3.85,0.0,0,0.0,0,0,0,0,0
CH05173,라이프+취미,260000,104510000,656,4349,50,19.96,63.43,357.0,5,56014.96,252619.92,418.68,53.22,9170.0,0.4074,3.178,0.0408,17.89,0.0333,2,0.04,0,0,2,0,1
CH05174,TV+방송,260000,73210000,1067,4127,50,6.06,3.39,24.0,0,18205.74,13330.96,203.3,48.64,18205.74,0.781,0.559,0.0408,3.96,0.0333,2,0.04,0,1,1,0,0
CH05175,BJ+연예인+인물,260000,195030000,1097,4583,50,0.71,2.84,20.0,0,5535.7,9670.49,41.84,3.84,6114.67,0.424,2.843,0.0204,20.0,0.06,3,0.06,3,0,0,0,0
CH05177,가수+댄스+음악,260000,124990000,278,2728,50,12.18,14.44,65.0,5,82087.42,210326.4,0.0,373.96,79115.79,0.6315,1.185,0.102,5.34,0.0,0,0.0,0,0,0,0,0
CH05178,게임,260000,125700000,664,4444,50,23.76,52.79,341.0,8,581607.18,402690.29,5429.76,585.68,581607.18,0.4429,2.222,0.0408,14.35,0.0,0,0.0,0,0,0,0,0
CH05179,가수+댄스+음악,260000,299250000,158,1937,50,14.88,39.61,213.0,6,385657.02,975347.88,8792.7,0.0,400963.58,0.412,2.662,0.0816,14.32,0.0,0,0.0,0,0,0,0,1
CH05180,BJ+연예인+인물,260000,33410000,268,685,50,1.67,9.19,65.0,1,74625.7,148279.16,3166.24,108.54,219389.0,0.3709,5.489,0.0204,38.84,0.0133,1,0.02,0,0,1,0,1
CH05181,게임,260000,237870000,7946,4104,50,0.69,1.05,4.0,0,69636.6,33717.68,323.5,127.2,69636.6,0.6904,1.054,0.0816,4.0,0.0,0,0.0,0,0,0,0,0
CH05182,만화+애니+영화,260000,74700000,248,3553,50,15.45,17.51,65.0,9,79062.34,95910.94,935.22,195.86,85429.95,0.657,1.134,0.1429,4.21,0.0,0,0.0,0,0,0,0,0
CH05183,가수+댄스+음악,260000,213030000,324,3129,50,16.06,29.86,140.0,8,135995.84,230950.86,1955.27,73.22,184758.17,0.487,1.859,0.0816,8.72,0.02,2,0.04,0,0,2,0,0
CH05184,가수+댄스+음악,260000,206390000,181,4616,50,10.59,19.21,96.0,4,43871.02,60913.28,598.52,77.38,38293.46,0.48,1.813,0.0816,9.06,0.0,0,0.0,0,0,0,0,0
CH05185,BJ+연예인+인물,260000,93340000,267,2116,50,2.71,3.38,15.0,0,235631.82,183425.15,3155.08,268.02,198180.43,0.6199,1.245,0.102,5.53,0.0267,2,0.04,0,0,2,0,0
CH05186,레시피+요리+음식,260000,349970000,315,1735,50,8.16,6.54,39.0,1,139847.76,135935.03,1932.96,49.48,488248.0,0.7084,0.801,0.0612,4.78,0.0,0,0.0,0,0,0,0,0
CH05187,라이프+취미,260000,111930000,400,4067,50,4.1,7.77,55.0,1,32866.48,50745.52,623.26,10.88,18965.95,0.4666,1.895,0.0204,13.41,0.0667,5,0.1,0,0,5,0,0
CH05188,BJ+연예인+인물,260000,114130000,1115,5385,50,2.71,3.4,15.0,0,17332.76,16882.33,321.54,15.32,17551.5,0.6312,1.254,0.0612,5.53,0.02,1,0.02,0,0,1,0,0
CH05189,어린이+키즈,260000,107110000,825,4614,50,38.2,111.62,583.0,9,274932.58,1676544.3,677.3,0.06,526842.27,0.4153,2.922,0.0408,15.26,0.02,1,0.02,0,0,1,0,1
CH05190,스포츠+운동,260000,215440000,1546,3298,50,0.1,0.3,1.0,0,54511.82,63422.87,465.02,64.66,18914.35,0.8532,0.303,0.102,1.0,0.0267,2,0.04,0,0,2,0,0
CH05192,BJ+연예인+인물,260000,76420000,419,1864,50,0.59,0.67,3.0,0,182995.24,508984.34,830.28,26.68,139388.86,0.7815,0.668,0.0612,3.0,0.0,0,0.0,0,0,0,0,0
CH05194,게임,260000,135630000,1016,3365,50,1.12,1.04,4.0,0,210770.72,351141.23,2176.24,128.16,195149.3,0.7186,0.929,0.0816,3.56,0.02,1,0.02,0,0,1,0,0
CH05195,가수+댄스+음악,260000,603490000,168,443,50,2.59,3.23,14.0,0,426215.44,628991.98,12412.94,415.38,77252.2,0.6294,1.247,0.0816,5.4,0.0067,1,0.02,0,0,1,0,0
CH05196,자동차,260000,73020000,898,4853,50,1.55,1.63,5.0,0,15942.32,18426.04,241.46,21.74,18164.53,0.6701,1.051,0.2245,3.22,0.02,1,0.02,0,0,1,0,0
CH05197,TV+방송,260000,37570000,214,5359,50,85.45,130.93,659.0,23,184936.02,376392.29,5743.06,551.56,256489.45,0.5445,1.532,0.0612,7.71,0.0,0,0.0,0,0,0,0,0
CH05198,가수+댄스+음악,260000,94830000,377,5328,50,1.9,5.34,36.0,1,15244.66,73120.4,274.54,5.84,64580.67,0.4188,2.815,0.0408,18.97,0.0,0,0.0,0,0,0,0,0
CH05199,게임,260000,101080000,484,4284,50,1.2,2.44,16.0,0,74556.56,121397.75,144.98,23.94,54809.5,0.459,2.027,0.0204,13.29,0.0733,6,0.12,0,0,6,0,0
CH05200,BJ+연예인+인물,260000,87790000,391,698,50,3.37,2.56,8.0,0,524055.52,1525784.17,4662.0,193.96,439155.14,0.7779,0.761,0.0204,2.38,0.02,1,0.02,0,0,1,0,0
CH05201,가수+댄스+음악,260000,411810000,2351,5586,50,1.0,1.25,5.0,0,3767.26,5093.52,58.67,2.08,3120.08,0.6227,1.245,0.1429,5.0,0.0,0,0.0,0,0,0,0,0
CH05203,게임,270000,285310000,5940,4280,50,0.98,1.15,5.0,0,32969.04,31675.45,368.62,121.86,32969.04,0.6446,1.152,0.102,5.0,0.0,0,0.0,0,0,0,0,0
CH05205,BJ+연예인+인물,270000,57630000,66,2849,50,7.27,6.47,27.0,0,928557.8,1258449.23,20328.18,510.45,945542.88,0.7133,0.891,0.102,3.72,0.0,0,0.0,0,0,0,0,1
CH05207,TV+방송,270000,168040000,127,3522,50,16.31,84.58,601.0,2,1124797.92,494595.65,6796.28,1496.82,1124797.92,0.3747,5.187,0.0204,36.86,0.0867,6,0.12,0,0,6,0,1
CH05209,만화+애니+영화,270000,59050000,116,3399,50,13.84,36.6,249.0,6,210869.52,308865.82,4760.04,140.88,132584.0,0.431,2.645,0.0204,18.0,0.0133,2,0.04,0,0,2,0,1
CH05210,BJ+연예인+인물,270000,76890000,466,4800,50,21.04,44.93,287.0,8,219598.92,534215.56,1620.3,82.26,66085.74,0.4472,2.136,0.0408,13.64,0.0133,1,0.02,0,0,1,0,1
CH05211,가수+댄스+음악,270000,220650000,312,1560,50,13.86,40.31,244.0,5,554096.0,871250.44,14917.92,406.28,520185.22,0.4157,2.909,0.0408,17.61,0.0,0,0.0,0,0,0,0,0
CH05212,라이프+취미,270000,27970000,196,3003,50,12.04,21.56,155.0,2,30852.52,51240.43,1689.48,102.0,30852.52,0.473,1.791,0.0204,12.87,0.0,0,0.0,0,0,0,0,1
CH05213,강의+교육,270000,17040000,615,3122,50,0.29,0.57,3.0,0,13944.5,9200.28,1477.78,169.56,14122.43,0.8121,0.571,0.0204,3.0,0.34,19,0.38,18,0,4,0,0
CH05214,가수+댄스+음악,270000,51780000,163,4310,50,31.22,111.79,673.0,6,181809.8,457517.56,4269.18,369.5,181809.8,0.3969,3.58,0.0408,21.55,0.0,0,0.0,0,0,0,0,1
CH05215,TV+방송,270000,177930000,24911,4188,50,0.0,0.0,0.0,0,1937.72,3258.77,0.0,2.26,311.88,1.0,0.0,0.0,0.0,0.02,1,0.02,0,0,1,0,0
CH05216,레시피+요리+음식,270000,106200000,700,5630,50,3.45,1.77,8.0,0,88309.62,61784.9,1011.6,146.04,92375.93,0.7996,0.514,0.102,2.32,0.0267,2,0.04,0,0,2,0,0
CH05217,가수+댄스+음악,270000,31190000,810,872,50,0.04,0.2,1.0,0,24922.64,81512.64,1898.58,36.6,107236.7,0.9052,0.198,0.0408,1.0,0.0,0,0.0,0,0,0,0,1
CH05218,라이프+취미,270000,322020000,301,5089,50,6.29,15.26,83.0,2,925179.48,882424.67,10585.34,209.36,191841.71,0.4336,2.428,0.0408,13.2,0.0533,4,0.08,0,0,4,0,0
CH05219,게임,270000,306520000,1967,4308,50,2.43,1.26,7.0,0,116649.86,61388.31,1441.5,50.92,116649.86,0.8046,0.52,0.0816,2.88,0.0,0,0.0,0,0,0,0,0
CH05220,강의+교육,270000,65420000,141,4387,50,48.88,144.04,976.0,14,123177.74,268289.31,1754.78,196.8,125068.63,0.4144,2.947,0.0408,19.97,0.0,0,0.0,0,0,0,0,1
CH05221,가수+댄스+음악,270000,26350000,486,3987,50,0.88,1.04,4.0,0,11105.1,22420.01,416.76,2.38,0.0,0.6856,1.043,0.102,4.0,0.0,0,0.0,0,0,0,0,0
CH05222,가수+댄스+음악,270000,277730000,143,5750,50,38.37,80.45,446.0,13,165069.44,643042.51,5467.96,311.14,203012.23,0.437,2.097,0.0816,11.62,0.0,0,0.0,0,0,0,0,1
CH05223,자동차,270000,289180000,1285,3965,50,1.27,2.78,10.0,0,32462.86,18561.02,434.8,19.96,36182.18,0.4858,2.194,0.102,7.9,0.0133,1,0.02,0,0,1,0,0
CH05224,미용+패션,270000,16730000,234,5353,50,19.49,46.71,313.0,9,10639.3,9146.57,246.06,30.5,10868.6,0.4411,2.397,0.0204,16.06,0.0,0,0.0,0,0,0,0,0
CH05226,라이프+취미,270000,67870000,457,2894,50,6.69,12.8,62.0,4,58238.46,90901.75,902.96,68.94,24279.55,0.4683,1.912,0.0816,9.26,0.04,3,0.06,0,0,3,0,0
CH05227,라이프+취미,270000,102810000,252,1666,50,11.39,8.32,46.0,3,208603.7,156090.46,6509.32,288.08,208603.7,0.7347,0.731,0.0816,4.04,0.0267,2,0.04,0,0,2,0,0
CH05228,레시피+요리+음식,270000,61130000,355,2328,50,5.92,2.51,14.0,0,307477.18,348282.64,6562.74,410.8,318194.94,0.802,0.425,0.1633,2.37,0.0133,1,0.02,0,0,1,0,0
CH05229,게임,270000,200730000,1475,3196,50,0.51,0.61,3.0,0,208397.42,53879.31,674.96,179.9,208397.42,0.8044,0.61,0.0204,3.0,0.12,9,0.18,0,0,9,0,0
CH05230,가수+댄스+음악,270000,133550000,485,2732,50,6.14,5.91,34.0,1,42258.48,78085.49,497.1,53.22,42258.48,0.6701,0.962,0.0408,5.53,0.0,0,0.0,0,0,0,0,0
CH05231,BJ+연예인+인물,270000,2630000,150,4148,50,1.9,2.53,16.0,0,14196.02,11586.76,517.6,41.14,15469.24,0.5406,1.335,0.0612,8.43,0.02,1,0.02,0,0,1,0,0
CH05232,경제+부동산+주식,270000,73030000,3731,4941,50,0.1,0.3,1.0,0,11953.0,6392.65,428.2,12.78,10014.62,0.8532,0.303,0.102,1.0,0.04,2,0.04,0,0,0,2,0
CH05233,스포츠+운동,270000,469790000,5346,2715,50,0.35,0.72,3.0,0,16797.58,15061.02,289.04,62.64,13326.5,0.7608,0.716,0.102,3.0,0.04,3,0.06,0,0,3,0,0
CH05234,미용+패션,270000,39910000,323,5045,50,9.04,4.65,22.0,0,90496.22,74816.31,1103.64,184.7,92722.27,0.7935,0.514,0.1224,2.43,0.04,3,0.06,0,0,3,0,0
CH05235,라이프+취미,270000,154580000,329,4062,50,10.73,12.99,74.0,3,352546.12,629211.17,5644.6,137.94,153026.75,0.5966,1.21,0.0612,6.89,0.02,1,0.02,0,0,1,0,0
CH05236,만화+애니+영화,270000,80260000,141,2898,50,20.08,56.86,391.0,4,780481.88,1552794.55,19903.5,581.46,235422.57,0.4183,2.831,0.0408,19.47,0.0,0,0.0,0,0,0,0,1
CH05237,가수+댄스+음악,270000,91980000,211,2222,50,15.82,71.49,509.0,1,704386.8,1620680.07,8835.62,541.7,364673.84,0.3845,4.52,0.0204,32.18,0.0733,4,0.08,0,2,3,0,0
CH05239,어린이+키즈,270000,201900000,239,4685,50,22.8,66.78,377.0,4,21922.74,32810.53,51.52,0.0,34852.29,0.4028,2.929,0.0816,16.54,0.0,0,0.0,0,0,0,0,1
CH05240,라이프+취미,270000,47490000,441,2887,50,3.14,2.85,13.0,0,37343.0,52982.31,984.02,76.5,24692.5,0.7114,0.907,0.0612,4.14,0.0067,1,0.02,0,0,1,0,0
CH05242,자동차,270000,251770000,1155,4742,50,0.69,0.71,2.0,0,140531.04,228903.2,692.8,188.16,97996.72,0.7503,0.706,0.1429,2.0,0.12,9,0.18,0,0,9,0,0
CH05243,레시피+요리+음식,270000,46960000,1026,4189,50,2.18,1.78,10.0,0,76430.2,38194.69,1474.38,69.54,76430.2,0.6997,0.815,0.102,4.58,0.0,0,0.0,0,0,0,0,0
CH05244,BJ+연예인+인물,270000,55610000,366,4094,50,3.29,4.23,24.0,0,13981.64,10761.37,0.0,6.7,13806.0,0.5773,1.287,0.0612,7.3,0.0067,1,0.02,0,0,1,0,0
CH05245,스포츠+운동,270000,304290000,3146,5021,50,0.14,0.4,2.0,0,32738.84,24100.96,891.22,49.24,32738.84,0.8194,0.404,0.1224,2.0,0.1533,10,0.2,0,0,12,0,0
CH05246,라이프+취미,270000,73490000,245,1889,50,4.82,3.18,11.0,0,207204.74,225171.92,4197.14,325.5,211972.67,0.7644,0.66,0.1224,2.28,0.0667,5,0.1,0,0,5,0,0
CH05247,반려동물+애완,270000,134490000,616,3626,50,2.88,2.66,14.0,0,103049.9,123538.98,2461.86,238.08,85154.38,0.6758,0.925,0.102,4.87,0.02,1,0.02,0,0,1,0,1
CH05248,미용+패션,270000,46670000,460,4024,50,3.0,1.97,7.0,0,65003.1,75904.66,1193.36,49.56,70806.88,0.7406,0.656,0.2041,2.33,0.0133,1,0.02,0,0,1,0,0
CH05249,TV+방송,270000,171690000,866,6369,50,3.49,13.42,86.0,2,43769.3,50137.37,230.42,30.14,0.0,0.391,3.845,0.0408,24.64,0.04,2,0.04,0,0,2,0,0
CH05250,게임,270000,497820000,10424,6286,50,0.14,0.35,1.0,0,11946.4,5447.14,54.92,23.1,11946.4,0.8275,0.35,0.1429,1.0,0.1867,12,0.24,0,0,11,1,0
CH05251,게임,270000,276390000,13297,5035,50,1.67,1.43,5.0,0,24386.9,52632.57,148.5,11.84,37710.23,0.7203,0.857,0.1633,2.99,0.04,3,0.06,1,0,1,1,0
CH05252,BJ+연예인+인물,270000,48540000,587,4124,50,13.31,13.68,87.0,4,187927.44,499728.07,3985.76,426.5,205458.5,0.6271,1.028,0.0612,6.54,0.0,0,0.0,0,0,0,0,0
CH05253,만화+애니+영화,270000,168780000,627,3580,50,0.59,0.49,1.0,0,115908.92,209665.13,1730.72,115.84,202336.11,0.8352,0.491,0.0,1.0,0.0533,3,0.06,0,1,1,1,0
CH05254,가수+댄스+음악,270000,195140000,1167,3230,50,0.39,0.56,2.0,0,13541.22,8672.26,0.0,66.2,8189.67,0.8073,0.565,0.0408,2.0,0.0,0,0.0,0,0,0,0,0
CH05255,스포츠+운동,270000,122130000,484,2382,50,0.41,0.49,1.0,0,237839.92,253560.12,2213.5,207.3,58270.88,0.8352,0.491,0.0,1.0,0.0467,4,0.08,0,0,4,0,0
CH05256,만화+애니+영화,270000,179510000,419,2272,50,6.27,8.4,48.0,1,95028.16,83208.06,2861.62,122.8,55029.93,0.5559,1.341,0.0816,7.66,0.0,0,0.0,0,0,0,0,1
CH05257,스포츠+운동,270000,257190000,4007,2696,50,0.35,0.56,2.0,0,21895.8,42398.84,967.46,59.68,23236.89,0.8093,0.555,0.0408,2.0,0.1467,7,0.14,0,0,10,0,0
CH05258,반려동물+애완,270000,184470000,2514,4905,50,1.29,1.09,5.0,0,18558.64,22881.87,1603.96,94.2,9612.89,0.7148,0.846,0.102,3.89,0.02,1,0.02,0,0,1,0,0
CH05259,라이프+취미,270000,40570000,885,3794,50,7.84,7.86,42.0,2,54834.64,68644.42,669.48,66.16,67171.63,0.6639,1.003,0.0612,5.36,0.0,0,0.0,0,0,0,0,1
CH05260,BJ+연예인+인물,270000,44270000,355,2676,50,8.02,4.96,18.0,0,77870.48,81437.42,1038.39,141.86,51355.92,0.7783,0.619,0.102,2.24,0.0,0,0.0,0,0,0,0,0
CH05261,어린이+키즈,270000,195100000,228,3474,50,7.78,21.19,154.0,1,959679.58,2592668.3,2265.46,0.0,991955.85,0.4281,2.726,0.0204,19.81,0.0,0,0.0,0,0,0,0,1
CH05262,TV+방송,270000,116480000,293,4762,50,11.02,11.18,44.0,5,112717.76,91007.72,1841.56,87.72,143383.87,0.6709,1.015,0.1633,3.99,0.0,0,0.0,0,0,0,0,0
CH05263,만화+애니+영화,270000,288400000,6215,4534,50,0.12,0.39,2.0,0,18688.58,31017.04,363.96,28.16,11520.77,0.8304,0.385,0.102,2.0,0.0267,2,0.04,0,0,2,0,0
CH05265,강의+교육,270000,73930000,2163,4296,50,0.2,0.4,1.0,0,86535.02,57818.24,3517.34,31.24,86535.02,0.7951,0.403,0.2041,1.0,0.02,1,0.02,0,0,0,1,0
CH05266,자동차,270000,112550000,845,2641,50,2.71,1.64,6.0,0,58104.9,66142.23,555.62,150.0,57427.95,0.7687,0.605,0.1429,2.21,0.04,3,0.06,0,0,3,0,0
CH05267,레시피+요리+음식,270000,279930000,218,1893,50,22.92,73.97,432.0,5,151828.78,430536.08,2311.1,46.7,34849.0,0.3999,3.228,0.0612,18.85,0.0533,4,0.08,0,0,4,0,0
CH05268,라이프+취미,270000,91890000,754,2802,50,1.57,1.05,6.0,0,182728.84,173416.61,6900.34,598.96,195617.62,0.7703,0.668,0.0204,3.82,0.08,6,0.12,0,1,5,0,0
CH05269,라이프+취미,270000,140270000,673,1704,50,0.65,0.92,4.0,0,86103.8,175487.73,634.7,52.1,118138.56,0.7263,0.916,0.0204,4.0,0.0,0,0.0,0,0,0,0,0
CH05270,게임,270000,201770000,2430,4367,50,16.37,41.71,236.0,6,4895.1,8305.76,113.46,12.76,3221.97,0.4287,2.548,0.0408,14.42,0.0133,1,0.02,0,0,1,0,0
CH05271,라이프+취미,270000,535470000,1293,2647,50,1.37,0.83,3.0,0,210864.64,197551.52,3627.14,64.26,285948.67,0.7444,0.604,0.2245,2.19,0.0267,2,0.04,0,0,2,0,0
CH05272,TV+방송,270000,409080000,2877,788,50,0.0,0.0,0.0,0,45147.44,94282.13,405.02,43.46,44728.9,1.0,0.0,0.0,0.0,0.0,0,0.0,0,0,0,0,0
CH05273,게임,280000,243540000,1641,4459,50,2.82,7.0,50.0,1,50209.16,35733.15,582.88,104.04,51655.54,0.4374,2.485,0.0204,17.75,0.0,0,0.0,0,0,0,0,1
CH05274,미용+패션,280000,61420000,531,4154,50,9.94,17.08,90.0,2,17956.34,12364.93,338.2,26.78,21720.36,0.4986,1.719,0.0408,9.06,0.0,0,0.0,0,0,0,0,1
CH05275,라이프+취미,280000,103900000,286,1853,50,2.69,6.46,46.0,1,156313.32,431858.92,2838.32,78.64,336106.05,0.441,2.398,0.0204,17.08,0.0133,1,0.02,0,0,1,0,1
CH05277,BJ+연예인+인물,280000,40760000,149,2554,50,16.57,45.34,276.0,5,116995.18,201823.11,2784.12,128.18,135780.14,0.4155,2.736,0.0612,16.66,0.0,0,0.0,0,0,0,0,1
CH05278,TV+방송,280000,123710000,1529,3787,50,1.57,2.04,9.0,0,29726.18,33573.43,363.72,26.9,24384.25,0.6151,1.298,0.0816,5.73,0.0133,1,0.02,0,0,1,0,0
CH05279,가수+댄스+음악,280000,184110000,71,4141,50,51.24,105.38,458.0,14,309406.68,460713.47,5642.12,306.3,401924.68,0.4695,2.056,0.0816,8.94,0.0,0,0.0,0,0,0,0,1
CH05280,스포츠+운동,280000,216980000,51,5820,50,98.67,137.84,629.0,27,4345090.68,30675094.58,15641.14,811.76,4826632.58,0.5755,1.397,0.1224,6.37,0.04,2,0.04,0,1,1,0,0
CH05282,레시피+요리+음식,280000,48620000,200,2173,50,5.96,8.49,61.0,1,141391.66,218765.47,1695.18,167.06,116904.46,0.5002,1.424,0.0204,10.24,0.06,3,0.06,0,1,2,0,0
CH05283,레시피+요리+음식,280000,98740000,534,2075,50,6.1,2.87,21.0,0,52644.52,69349.2,438.92,14.92,54310.11,0.8092,0.47,0.0612,3.44,0.0267,2,0.04,0,0,2,0,0
CH05285,TV+방송,280000,88290000,455,3506,50,1.88,1.99,7.0,0,239999.64,479341.82,2959.08,169.9,288831.46,0.6793,1.058,0.1429,3.73,0.0133,1,0.02,0,0,1,0,1
CH05287,레시피+요리+음식,280000,154610000,286,2083,50,1.12,1.35,4.0,0,307111.52,480437.04,3491.38,209.4,286085.24,0.6987,1.202,0.0408,3.56,0.0267,2,0.04,0,0,2,0,0
CH05288,BJ+연예인+인물,280000,168390000,598,1622,50,2.43,1.73,7.0,0,116997.68,158445.94,1030.24,145.26,92900.49,0.7678,0.711,0.0816,2.88,0.0,0,0.0,0,0,0,0,0
CH05290,자동차,280000,578220000,1128,4912,50,3.94,4.09,16.0,0,112407.46,149577.59,1544.32,111.28,117985.13,0.6844,1.038,0.102,4.06,0.0333,3,0.06,0,0,3,0,0
CH05291,라이프+취미,280000,177960000,369,1027,50,1.65,2.24,8.0,0,119339.42,160880.76,984.14,58.86,182715.93,0.6232,1.353,0.1224,4.84,0.04,2,0.04,0,0,2,0,0
CH05292,가수+댄스+음악,280000,300750000,236,2984,1,3.61,0.0,0.0,0,2783.0,0.0,95.0,9.0,2783.0,0.63855,0.0,0.0,0.0,0.0,0,0.0,0,0,0,0,0
CH05294,가수+댄스+음악,280000,179550000,353,2231,50,7.22,9.57,42.0,1,110286.66,131110.11,3485.48,427.9,120363.64,0.598,1.325,0.1224,5.81,0.0,0,0.0,0,0,0,0,0
CH05295,라이프+취미,280000,11920000,116,2698,50,23.78,22.56,92.0,15,67527.88,45749.8,985.6,65.2,77522.04,0.695,0.949,0.1224,3.87,0.0,0,0.0,0,0,0,0,0
CH05296,라이프+취미,280000,194000000,1534,2484,50,1.71,2.47,14.0,0,27962.74,28950.03,949.14,46.48,24118.02,0.5391,1.439,0.0612,8.17,0.0533,4,0.08,0,0,4,0,0
CH05297,미용+패션,280000,42310000,425,3478,50,5.63,7.12,41.0,1,17133.08,32801.08,143.88,14.04,33729.5,0.5864,1.264,0.0408,7.28,0.0333,2,0.04,0,0,1,1,0
CH05298,레시피+요리+음식,280000,50820000,541,3307,50,10.61,22.37,136.0,5,230333.02,1339750.11,1558.44,104.28,45004.37,0.4364,2.108,0.0816,12.82,0.0,0,0.0,0,0,0,0,0
CH05299,어린이+키즈,280000,91860000,213,5063,50,47.02,145.05,885.0,7,2417.86,3210.1,16.73,1.87,2590.03,0.3979,3.085,0.0816,18.82,0.0267,2,0.04,0,0,2,0,0
CH05300,가수+댄스+음악,280000,47630000,272,3926,50,20.71,40.31,180.0,9,57006.66,130731.85,684.72,61.94,33846.23,0.4827,1.946,0.0816,8.69,0.0,0,0.0,0,0,0,0,0
CH05301,IT+기술+컴퓨터,280000,30200000,339,7381,50,1.8,3.29,21.0,0,57190.7,166029.63,794.63,32.42,66849.64,0.4644,1.831,0.0408,11.69,0.1067,7,0.14,0,0,7,0,0
CH05302,라이프+취미,280000,144390000,378,4823,50,3.92,4.72,26.0,0,170737.86,216587.99,2342.72,68.3,131471.2,0.5923,1.205,0.102,6.64,0.06,2,0.04,0,2,1,0,0
CH05303,라이프+취미,280000,126190000,467,2281,50,8.16,47.59,337.0,1,88411.6,207902.04,1834.34,81.08,445499.43,0.3671,5.83,0.0204,41.28,0.0133,1,0.02,0,0,1,0,1
CH05304,국내+여행+해외,280000,163730000,288,1244,50,3.78,2.72,13.0,0,87242.48,111043.05,1241.74,109.04,88831.77,0.7657,0.72,0.0408,3.44,0.0133,1,0.02,0,0,1,0,0
CH05305,미용+패션,280000,33590000,188,1220,50,6.27,2.85,14.0,0,35898.34,28794.73,649.78,169.58,36448.55,0.7886,0.455,0.1837,2.23,0.0133,1,0.02,0,0,1,0,0
CH05306,TV+방송,280000,172150000,572,5000,50,10.94,6.28,32.0,2,114887.54,104407.4,1122.62,111.52,114887.54,0.7809,0.574,0.1224,2.93,0.06,5,0.1,0,0,5,0,1
CH05307,라이프+취미,280000,45670000,152,5140,50,10.88,21.97,103.0,4,98605.54,187077.39,2749.44,195.82,119232.44,0.4563,2.019,0.0816,9.47,0.0,0,0.0,0,0,0,0,0
CH05308,레시피+요리+음식,280000,44800000,178,2316,50,30.65,53.47,179.0,9,154581.96,335470.84,1812.36,89.72,149572.92,0.5705,1.744,0.102,5.84,0.0133,1,0.02,0,0,1,0,0
CH05309,스포츠+운동,280000,103490000,801,2029,50,2.71,2.39,7.0,0,57599.12,86887.78,537.6,57.34,58303.56,0.723,0.881,0.1429,2.58,0.0133,1,0.02,0,0,1,0,0
CH05311,강의+교육,280000,74800000,371,1778,50,7.65,11.42,71.0,2,86289.18,117079.86,784.6,156.52,86289.18,0.509,1.492,0.0408,9.28,0.0467,3,0.06,2,0,1,0,0
CH05312,가수+댄스+음악,280000,65070000,616,6048,50,2.92,7.8,43.0,2,4156.84,6128.74,60.68,7.56,4531.0,0.424,2.671,0.0408,14.73,0.0,0,0.0,0,0,0,0,0
CH05313,게임,280000,45620000,624,3563,50,7.39,9.69,67.0,1,134787.88,222930.66,3049.78,191.3,78545.02,0.5306,1.312,0.0408,9.07,0.02,1,0.02,0,1,0,0,0
CH05314,게임,280000,38440000,1551,4682,50,4.82,3.07,14.0,0,12007.96,15570.48,226.04,21.82,11235.33,0.7687,0.637,0.1224,2.91,0.0267,2,0.04,0,0,2,0,0
CH05316,어린이+키즈,280000,9560000,98,4142,50,5.73,4.53,20.0,0,126531.94,208577.64,1025.1,37.22,126531.94,0.7226,0.79,0.1429,3.49,0.0,0,0.0,0,0,0,0,0
CH05317,어린이+키즈,280000,190610000,492,3211,50,18.41,27.77,131.0,11,131793.04,115259.04,446.42,0.0,63418.71,0.5511,1.509,0.102,7.12,0.0,0,0.0,0,0,0,0,0
CH05318,TV+방송,280000,134960000,387,1355,50,0.45,1.14,5.0,0,516811.1,1002114.66,8343.0,379.58,1407932.0,0.6638,1.144,0.0408,5.0,0.1267,5,0.1,0,4,3,0,1
CH05319,게임,280000,223980000,378,4378,50,35.94,83.87,512.0,11,113812.2,111679.44,1771.56,190.86,116830.17,0.4316,2.334,0.0612,14.25,0.0,0,0.0,0,0,0,0,0
CH05320,게임,280000,245970000,1180,4538,50,12.06,12.62,55.0,6,66517.84,51785.6,337.82,108.08,70357.63,0.6691,1.046,0.102,4.56,0.0,0,0.0,0,0,0,0,0
CH05321,자동차,280000,227990000,970,2622,50,2.14,0.83,4.0,0,234625.48,123697.42,2211.08,162.76,234625.48,0.8478,0.389,0.0408,1.87,0.0067,1,0.02,0,0,1,0,0
CH05323,가수+댄스+음악,280000,986690000,322,3107,50,1.84,4.09,17.0,0,108988.88,219880.39,2555.56,185.08,190905.19,0.4518,2.225,0.0816,9.26,0.0,0,0.0,0,0,0,0,0
CH05324,TV+방송,280000,171120000,309,1132,50,0.51,1.51,5.0,0,3865.38,6530.4,36.48,1.06,3981.58,0.6112,1.514,0.102,5.0,0.04,3,0.06,0,0,3,0,0
CH05325,경제+부동산+주식,280000,58230000,1786,2932,50,2.18,2.32,14.0,0,17532.96,25730.95,327.34,66.18,17819.8,0.6206,1.062,0.0816,6.41,0.0867,6,0.12,1,0,5,0,0
CH05327,반려동물+애완,280000,237890000,831,2610,50,5.84,15.42,105.0,1,251033.4,251318.16,4219.4,75.04,154684.0,0.4312,2.642,0.0204,17.99,0.0533,3,0.06,0,0,3,0,0
CH05328,게임,280000,268590000,1138,3177,50,0.53,0.7,3.0,0,254736.44,291891.08,2057.96,113.2,233720.65,0.7691,0.703,0.0816,3.0,0.1333,7,0.14,0,0,7,0,0
CH05329,미용+패션,290000,68760000,745,4906,50,2.1,1.81,8.0,0,27716.22,60586.58,0.0,27.56,34165.27,0.7212,0.861,0.0816,3.81,0.0,0,0.0,0,0,0,0,0
CH05330,가수+댄스+음악,290000,86850000,1840,6168,50,4.12,2.81,12.0,0,1595.34,1840.61,31.22,7.92,1389.28,0.7728,0.682,0.0816,2.91,0.0,0,0.0,0,0,0,0,0
CH05331,국내+여행+해외,290000,31010000,218,5057,50,22.98,35.91,230.0,10,158233.58,304858.69,2798.76,86.72,218487.9,0.4829,1.563,0.0408,10.01,0.0,0,0.0,0,0,0,0,1
CH05332,게임,290000,166690000,1200,4257,50,1.41,1.19,5.0,0,71795.52,80359.73,1101.58,475.4,77379.64,0.7365,0.848,0.0612,3.55,0.1067,7,0.14,0,0,7,0,0
CH05333,TV+방송,290000,105970000,102,2376,50,9.29,11.91,62.0,3,1419392.84,3687668.85,13630.18,377.88,1562600.24,0.5956,1.283,0.0612,6.68,0.0,0,0.0,0,0,0,0,1
CH05334,자동차,290000,279860000,1313,1877,50,2.16,1.62,8.0,0,52493.84,47112.03,944.86,171.94,52493.84,0.7414,0.749,0.0816,3.7,0.08,6,0.12,1,0,5,0,0
CH05335,어린이+키즈,290000,97430000,239,2784,50,12.8,16.3,78.0,6,47886.66,62264.76,409.2,28.66,56348.43,0.607,1.274,0.0816,6.1,0.0,0,0.0,0,0,0,0,0
CH05336,반려동물+애완,290000,146210000,511,3497,50,17.12,33.02,136.0,5,62556.3,142261.95,2622.96,69.92,31017.35,0.505,1.929,0.0816,7.94,0.0,0,0.0,0,0,0,0,0
CH05337,가수+댄스+음악,290000,46470000,872,3956,50,2.86,9.23,48.0,2,9572.02,19247.02,792.44,40.42,14632.86,0.3998,3.231,0.0612,16.8,0.0267,2,0.04,0,0,2,0,1
CH05341,레시피+요리+음식,290000,190720000,769,1941,50,2.31,1.03,5.0,0,72577.88,138326.95,564.14,20.98,0.0,0.784,0.448,0.2041,2.17,0.2933,22,0.44,0,0,22,0,0
CH05342,가수+댄스+음악,290000,133610000,485,1081,50,0.8,0.86,3.0,0,181828.64,229019.56,5383.94,291.44,120044.44,0.7571,0.857,0.0408,3.0,0.0333,2,0.04,0,0,2,0,0
CH05343,게임,290000,360050000,3558,4595,50,0.33,0.47,1.0,0,35232.82,32335.88,350.3,64.7,35378.63,0.8404,0.469,0.0,1.0,0.08,5,0.1,1,0,3,1,0
CH05344,TV+방송,290000,286360000,480,2720,50,1.39,5.82,40.0,1,6344.82,24086.31,108.12,40.58,66311.25,0.3901,4.194,0.0204,28.82,0.0267,2,0.04,0,0,2,0,1
CH05345,TV+방송,290000,289600000,856,2891,50,1.61,1.34,4.0,0,31645.68,68962.78,287.12,34.54,32393.1,0.7243,0.829,0.1633,2.48,0.0133,1,0.02,0,0,1,0,0
CH05346,레시피+요리+음식,290000,96100000,1006,2447,50,1.37,1.35,6.0,0,85683.12,216028.05,742.28,4.36,75351.83,0.6874,0.988,0.0816,4.39,0.0733,4,0.08,0,0,4,0,0
CH05347,미용+패션,290000,168290000,482,2670,50,3.53,4.33,20.0,0,174432.92,189376.8,1686.54,84.26,150686.45,0.624,1.226,0.0816,5.66,0.0,0,0.0,0,0,0,0,0
CH05348,미용+패션,290000,43210000,133,4141,50,9.22,13.16,62.0,4,77644.38,147386.12,1720.35,89.41,87884.83,0.5752,1.427,0.0816,6.72,0.0133,1,0.02,1,0,0,0,0
CH05349,미용+패션,290000,61480000,487,3575,50,3.45,3.08,13.0,0,141502.4,488190.63,1982.94,79.7,65874.24,0.7239,0.892,0.0612,3.77,0.0,0,0.0,0,0,0,0,0
CH05350,게임,290000,488910000,4199,4110,50,13.67,34.06,154.0,6,37105.86,41496.89,370.14,83.14,37970.54,0.4187,2.491,0.0816,11.26,0.06,3,0.06,0,0,3,0,1
CH05351,강의+교육,290000,29840000,492,3421,50,13.47,16.7,98.0,4,61364.2,98753.37,1808.26,100.51,46157.88,0.5827,1.24,0.0612,7.28,0.0,0,0.0,0,0,0,0,0
CH05352,TV+방송,290000,86460000,457,5160,50,10.06,8.38,34.0,2,361614.9,744849.57,4256.3,783.54,272754.88,0.7313,0.833,0.102,3.38,0.02,1,0.02,0,0,0,1,0
CH05353,게임,290000,106440000,1351,2965,50,1.0,1.05,4.0,0,148232.54,116530.11,3484.76,334.22,133747.57,0.6909,1.05,0.0816,4.0,0.0,0,0.0,0,0,0,0,0
CH05354,라이프+취미,290000,182120000,375,1831,50,5.94,9.82,60.0,1,234047.86,312733.43,2666.18,254.8,433676.76,0.47,1.654,0.0612,10.1,0.0467,3,0.06,0,2,1,0,0
CH05355,미용+패션,290000,11700000,489,3164,50,1.2,1.46,6.0,0,1398.06,707.72,11.82,2.2,0.0,0.6451,1.21,0.0816,4.98,0.0,0,0.0,0,0,0,0,0
CH05356,미용+패션,290000,9790000,77,3939,50,20.33,22.9,133.0,11,103339.6,229897.32,3801.2,152.96,103339.6,0.6094,1.127,0.0816,6.54,0.0,0,0.0,0,0,0,0,1
CH05357,미용+패션,290000,40930000,323,3215,50,8.02,5.51,21.0,0,62136.78,35573.8,837.3,85.2,65432.62,0.7658,0.687,0.102,2.62,0.02,1,0.02,0,0,1,0,0
CH05358,만화+애니+영화,290000,369100000,1446,3574,50,6.14,9.1,50.0,2,51743.56,79068.3,0.0,14.56,276673.0,0.5301,1.482,0.0816,8.14,0.0467,3,0.06,0,0,2,1,0
CH05359,어린이+키즈,290000,390130000,424,5469,50,18.63,56.22,338.0,5,2620429.48,9982152.76,16833.72,4.78,165660.25,0.4061,3.017,0.0612,18.14,0.0,0,0.0,0,0,0,0,1
CH05360,강의+교육,290000,62600000,131,2853,50,17.1,41.37,227.0,8,9224.62,10763.48,168.48,13.0,14414.17,0.4217,2.419,0.0816,13.27,0.02,3,0.06,0,0,3,0,0
CH05362,게임,290000,37110000,335,4031,50,18.73,38.18,194.0,5,200194.18,170113.99,10158.56,144.16,151442.0,0.4462,2.038,0.0612,10.36,0.0133,1,0.02,0,0,1,0,0
CH05364,스포츠+운동,290000,130010000,1890,1858,50,1.51,2.43,7.0,0,28395.14,35943.59,135.34,6.46,25467.7,0.6145,1.606,0.102,4.64,0.0667,5,0.1,0,0,5,0,0
CH05366,TV+방송,290000,183830000,1249,4398,50,6.35,10.11,52.0,2,89798.06,139730.53,1186.16,92.06,99283.84,0.526,1.594,0.0612,8.19,0.1067,6,0.12,0,0,7,0,0
CH05367,TV+방송,290000,113230000,625,2421,50,0.06,0.42,3.0,0,10966.32,20534.91,107.18,5.86,12047.42,0.845,0.424,0.0204,3.0,0.0,0,0.0,0,0,0,0,0
CH05368,스포츠+운동,290000,39860000,2308,4732,50,5.31,36.19,256.0,1,12741.28,16149.7,157.62,23.76,13272.54,0.3578,6.82,0.0204,48.25,0.0,0,0.0,0,0,0,0,0
CH05369,라이프+취미,290000,364360000,936,2487,50,2.2,2.76,13.0,0,105782.06,430580.85,1418.66,74.98,63269.32,0.6207,1.253,0.0612,5.9,0.0333,3,0.06,0,0,3,0,0
CH05370,BJ+연예인+인물,290000,28200000,241,1614,50,0.78,1.82,7.0,0,70842.34,136805.25,961.88,38.7,182495.57,0.5323,1.821,0.102,7.0,0.0,0,0.0,0,0,0,0,0
CH05371,게임,290000,66430000,167,1531,50,8.45,5.74,24.0,0,186533.68,94103.88,2962.78,607.38,186533.68,0.7733,0.679,0.0816,2.84,0.0,0,0.0,0,0,0,0,0
CH05372,가수+댄스+음악,290000,117510000,362,3255,50,4.2,12.45,89.0,1,9510.12,25540.72,340.68,8.34,40148.17,0.4201,2.962,0.0204,21.17,0.0,0,0.0,0,0,0,0,0
CH05373,어린이+키즈,290000,262390000,1219,3553,50,2.1,1.75,6.0,0,3548.06,1909.67,44.1,0.0,2830.25,0.7421,0.834,0.102,2.85,0.02,2,0.04,0,0,2,0,0
CH05374,레시피+요리+음식,290000,116260000,318,3615,50,25.88,50.46,216.0,7,118790.68,233923.11,1132.36,125.46,143184.19,0.4922,1.95,0.0816,8.35,0.0,0,0.0,0,0,0,0,1
CH05375,라이프+취미,290000,109300000,745,2800,50,1.18,0.9,4.0,0,36030.98,27576.24,820.66,65.1,39346.63,0.7492,0.757,0.0816,3.38,0.02,1,0.02,0,0,1,0,0
CH05376,BJ+연예인+인물,290000,89200000,346,1206,50,1.98,3.71,14.0,0,290934.88,794871.11,2313.16,79.98,176391.92,0.5147,1.875,0.1429,7.07,0.0133,1,0.02,0,0,1,0,0
CH05378,라이프+취미,290000,158840000,397,3594,50,6.84,1.27,15.0,0,49587.82,74311.45,598.64,382.18,49587.82,0.9157,0.185,0.0204,2.19,0.02,1,0.02,0,0,1,0,1
CH05379,TV+방송,290000,12800000,1306,5324,50,0.47,1.86,13.0,0,1415.58,332.39,6.84,0.36,0.0,0.4685,1.864,0.0204,13.0,0.0267,2,0.04,0,0,2,0,0
CH05380,게임,290000,227430000,3270,4655,50,10.86,34.05,164.0,3,90657.06,185157.86,999.16,189.52,97079.61,0.4025,3.136,0.0612,15.11,0.08,5,0.1,0,0,5,0,0
CH05381,BJ+연예인+인물,290000,111460000,294,1690,50,2.57,3.88,14.0,0,339256.7,225996.77,3737.52,192.86,346514.03,0.5929,1.507,0.1224,5.44,0.0133,1,0.02,0,0,1,0,0
CH05382,반려동물+애완,290000,84140000,838,2670,50,1.59,2.03,9.0,0,21864.92,13243.82,816.42,36.98,17529.43,0.6195,1.275,0.0816,5.65,0.04,3,0.06,0,1,2,0,0
CH05383,어린이+키즈,290000,142870000,152,2514,50,11.65,9.78,48.0,4,1679810.92,3027210.34,26186.42,92.68,570139.2,0.7092,0.839,0.102,4.12,0.0,0,0.0,0,0,0,0,0
CH05384,만화+애니+영화,290000,37040000,687,2767,50,3.16,2.61,12.0,0,51326.92,74291.41,850.8,35.34,52221.35,0.7392,0.824,0.0408,3.79,0.0,0,0.0,0,0,0,0,0
CH05385,미용+패션,290000,27770000,116,3858,50,19.96,13.71,67.0,8,152467.92,307726.1,4947.16,117.09,152467.92,0.7556,0.687,0.102,3.36,0.0,0,0.0,0,0,0,0,1
CH05386,가수+댄스+음악,290000,307170000,1678,4420,50,0.45,1.2,6.0,0,583963.52,723887.39,6172.74,182.18,80121.73,0.6236,1.196,0.0612,6.0,0.0,0,0.0,0,0,0,0,0
CH05387,TV+방송,290000,182610000,963,4699,50,14.0,41.93,264.0,3,123035.6,392873.06,1566.0,210.86,137590.85,0.4068,2.995,0.0612,18.86,0.02,1,0.02,0,0,1,0,1
CH05389,TV+방송,290000,204680000,1493,2277,50,4.14,6.91,36.0,2,934.66,822.42,11.98,3.06,934.66,0.5125,1.669,0.0408,8.69,0.0,0,0.0,0,0,0,0,0
CH05390,가수+댄스+음악,290000,203610000,446,1081,50,1.02,0.89,3.0,0,199267.68,193728.07,6778.06,235.6,123341.85,0.7546,0.874,0.0408,2.94,0.0133,1,0.02,0,0,1,0,0
CH05391,게임,290000,59210000,230,3542,50,9.61,10.1,45.0,4,630234.06,676874.06,10163.72,2075.0,506105.86,0.6713,1.05,0.0816,4.68,0.0933,7,0.14,0,0,7,0,0
CH05392,게임,300000,266740000,2072,3761,50,5.78,7.07,41.0,1,15241.16,11401.96,118.94,18.16,15479.38,0.5892,1.225,0.0612,7.1,0.0333,2,0.04,0,0,2,0,0
CH05394,자동차,300000,71240000,560,5070,50,4.12,4.7,21.0,0,11023.28,20364.76,0.0,5.08,5122.88,0.6433,1.139,0.102,5.09,0.02,2,0.04,0,0,2,0,0
CH05395,라이프+취미,300000,72630000,956,4874,50,12.1,61.01,434.0,1,12509.86,9311.09,144.7,6.48,12630.6,0.3766,5.042,0.0204,35.86,0.0,0,0.0,0,0,0,0,0
CH05396,TV+방송,300000,131510000,4386,3451,50,9.06,23.04,123.0,3,640.76,1152.66,16.92,1.5,583.08,0.4228,2.543,0.0612,13.57,0.0,0,0.0,0,0,0,0,1
CH05397,라이프+취미,300000,94310000,748,3875,50,1.98,1.15,5.0,0,5343.76,3381.87,36.18,1.0,3106.67,0.7794,0.582,0.1224,2.53,0.0467,3,0.06,0,0,3,0,0
CH05398,BJ+연예인+인물,300000,15990000,163,2415,50,0.57,1.11,4.0,0,182220.88,503382.23,1456.6,32.46,102616.57,0.6782,1.107,0.102,4.0,0.0,0,0.0,0,0,0,0,0
CH05399,어린이+키즈,300000,69900000,523,1970,50,10.8,31.5,206.0,4,16403.44,13129.52,52.14,0.22,10980.13,0.4154,2.918,0.0408,19.08,0.0,0,0.0,0,0,0,0,0
CH05400,레시피+요리+음식,300000,56720000,619,2063,50,2.67,0.77,4.0,0,8284.04,16465.14,203.74,17.52,8136.84,0.8335,0.287,0.1837,1.5,0.0,0,0.0,0,0,0,0,0
CH05402,스포츠+운동,300000,575450000,1800,5119,50,12.65,21.62,102.0,6,312084.5,597522.0,3043.2,97.24,147036.56,0.5155,1.709,0.0816,8.06,0.0533,4,0.08,0,0,4,0,0
CH05403,스포츠+운동,300000,289530000,8723,4793,50,0.0,0.0,0.0,0,15525.24,17378.76,111.06,1.0,402.75,1.0,0.0,0.0,0.0,0.02,1,0.02,1,0,0,0,0
CH05406,가수+댄스+음악,300000,32050000,476,4509,50,0.88,1.65,7.0,0,190038.8,590807.93,3987.62,72.06,1219.0,0.5438,1.649,0.102,7.0,0.0,0,0.0,0,0,0,0,0
CH05407,IT+기술+컴퓨터,300000,6620000,146,2805,50,8.24,24.06,122.0,4,9626.6,21195.96,232.44,29.42,9553.0,0.4031,2.918,0.0816,14.8,0.02,1,0.02,1,0,0,0,1
CH05408,라이프+취미,300000,218150000,1165,3427,50,1.41,2.05,7.0,0,88491.98,113096.33,1752.16,162.08,112064.58,0.6045,1.455,0.1429,4.97,0.0667,3,0.06,0,2,2,0,0
CH05409,어린이+키즈,300000,162760000,395,3502,50,34.78,179.57,1265.0,2,1354362.98,2739781.9,3778.04,39.96,1354362.98,0.375,5.164,0.0204,36.38,0.0,0,0.0,0,0,0,0,1
CH05410,레시피+요리+음식,300000,65170000,546,3966,50,48.33,173.75,1235.0,13,48137.52,54837.05,1425.68,174.7,48137.52,0.4027,3.595,0.0204,25.56,0.02,1,0.02,0,0,1,0,0
CH05412,BJ+연예인+인물,300000,36020000,79,2718,50,35.61,74.45,346.0,10,784592.64,1085719.55,12047.58,581.84,769036.54,0.4454,2.09,0.0816,9.72,0.0133,1,0.02,0,0,1,0,0
CH05413,BJ+연예인+인물,300000,85850000,186,4294,50,9.45,28.38,204.0,1,186274.28,200784.72,4826.84,204.54,162881.43,0.4188,3.004,0.0204,21.59,0.0,0,0.0,0,0,0,0,1
CH05414,레시피+요리+음식,300000,141000000,1074,2232,50,3.02,0.68,4.0,0,83864.96,27934.22,4236.68,230.36,83864.96,0.9076,0.227,0.0,1.32,0.0,0,0.0,0,0,0,0,0
CH05415,BJ+연예인+인물,300000,60230000,87,634,50,3.86,2.39,9.0,0,605271.58,814612.85,9081.42,194.34,422094.44,0.7597,0.62,0.1633,2.33,0.0133,1,0.02,0,0,1,0,0
CH05416,게임,300000,265440000,3091,3691,50,0.45,0.64,3.0,0,23412.96,19246.77,297.64,54.18,22880.4,0.7925,0.641,0.0408,3.0,0.0333,2,0.04,1,0,0,1,0
CH05417,스포츠+운동,300000,32710000,171,4994,50,37.22,44.7,227.0,22,33363.88,35486.8,821.78,27.32,42019.54,0.6142,1.201,0.0816,6.1,0.0,0,0.0,0,0,0,0,0
CH05418,게임,300000,149600000,3876,4407,50,2.47,3.23,12.0,0,9439.48,11676.13,164.62,12.7,6120.19,0.6269,1.307,0.1224,4.86,0.02,1,0.02,0,0,1,0,0
CH05419,게임,300000,88310000,959,4861,50,2.82,3.11,13.0,0,28000.8,26425.27,823.3,14.7,30808.33,0.6851,1.106,0.0204,4.62,0.0067,1,0.02,0,0,1,0,0
CH05420,가수+댄스+음악,300000,19200000,132,2901,50,0.08,0.27,1.0,0,54115.58,120585.0,590.38,19.02,25699.0,0.868,0.274,0.0816,1.0,0.0267,2,0.04,0,0,2,0,0
CH05421,가수+댄스+음악,300000,121330000,449,2539,50,21.8,61.64,305.0,7,18485.66,52570.55,251.64,23.62,19612.98,0.4122,2.828,0.0612,13.99,0.0,0,0.0,0,0,0,0,1
CH05422,라이프+취미,300000,50410000,300,2182,50,3.24,6.39,40.0,1,33158.24,71036.39,875.38,51.5,52289.0,0.4561,1.969,0.0408,12.33,0.0,0,0.0,0,0,0,0,1
CH05423,가수+댄스+음악,300000,756760000,215,2795,50,3.65,5.61,31.0,1,465835.04,878241.82,6096.46,176.66,640156.5,0.516,1.535,0.0816,8.49,0.0,0,0.0,0,0,0,0,0
CH05424,BJ+연예인+인물,300000,158770000,905,2321,50,0.67,0.77,2.0,0,44941.74,34397.55,779.08,94.98,50520.03,0.728,0.766,0.1837,2.0,0.0133,1,0.02,0,0,1,0,0
CH05425,BJ+연예인+인물,300000,176270000,459,2658,50,0.9,0.89,3.0,0,251832.52,254650.52,3381.98,72.84,333431.56,0.7467,0.886,0.0612,3.0,0.02,1,0.02,0,1,0,0,0
CH05426,게임,300000,301480000,1025,1578,50,0.37,0.83,3.0,0,191335.86,151664.82,3907.08,280.28,53983.25,0.7433,0.825,0.102,3.0,0.0867,6,0.12,0,0,6,0,0
CH05427,가수+댄스+음악,300000,193060000,1252,859,50,0.14,0.4,2.0,0,101596.16,190766.41,2861.14,95.18,63697.56,0.8194,0.404,0.1224,2.0,0.0,0,0.0,0,0,0,0,0
CH05428,BJ+연예인+인물,300000,48020000,707,5544,50,5.2,3.93,15.0,0,47134.7,47798.52,794.34,92.04,50639.38,0.7603,0.756,0.0816,2.88,0.1133,7,0.14,0,0,7,1,0
CH05429,게임,300000,216120000,1295,3299,50,32.08,50.73,292.0,14,337213.04,420318.75,4670.82,299.1,239318.3,0.5071,1.581,0.0408,9.1,0.02,1,0.02,0,0,0,1,0
CH05430,BJ+연예인+인물,300000,383580000,160,2323,50,9.84,20.11,112.0,3,3088581.7,5758329.42,16762.24,0.0,5996953.92,0.4459,2.044,0.0612,11.39,0.0,0,0.0,0,0,0,0,1
CH05431,반려동물+애완,300000,123440000,1726,3295,50,0.94,0.65,2.0,0,33149.24,19603.07,3130.54,95.82,30638.02,0.7476,0.652,0.1837,2.0,0.0,0,0.0,0,0,0,0,0
CH05433,가수+댄스+음악,300000,19340000,284,5521,50,0.67,2.01,12.0,0,1109.96,1009.6,10.92,0.82,1113.96,0.4475,2.014,0.0612,12.0,0.02,1,0.02,0,0,0,1,0
CH05434,게임,300000,391280000,893,5378,50,3.49,8.42,51.0,1,7003.6,13074.35,17.54,3.18,4223.0,0.4281,2.414,0.0612,14.61,0.0,0,0.0,0,0,0,0,1
CH05436,국내+여행+해외,300000,93690000,377,2072,50,6.92,16.71,117.0,2,103498.64,72808.39,4830.82,254.28,107430.33,0.4341,2.415,0.0408,16.91,0.0,0,0.0,0,0,0,0,0
CH05437,게임,300000,271620000,1568,4979,50,0.57,0.53,2.0,0,116417.18,43845.01,2092.28,130.22,116728.63,0.8197,0.535,0.0204,2.0,0.0067,1,0.02,0,0,1,0,0
CH05439,미용+패션,300000,47160000,2535,5835,50,0.67,1.15,5.0,0,20704.32,35388.23,745.24,61.92,67780.9,0.6448,1.15,0.102,5.0,0.0067,1,0.02,0,0,1,0,0
CH05440,국내+여행+해외,300000,242290000,1215,3045,50,4.43,3.28,14.0,0,103336.6,62270.61,4855.84,154.08,107255.43,0.7583,0.74,0.0816,3.16,0.04,3,0.06,0,0,3,0,0
CH05441,BJ+연예인+인물,300000,57650000,229,2613,50,8.55,8.87,48.0,2,168611.9,104232.4,2201.26,376.06,168611.9,0.6586,1.037,0.0408,5.61,0.08,5,0.1,0,0,4,1,0
CH05442,게임,300000,161230000,4232,2368,50,0.1,0.3,1.0,0,36711.78,43595.05,371.9,31.06,32584.6,0.8532,0.303,0.102,1.0,0.0467,3,0.06,0,0,3,0,0
CH05443,게임,300000,288930000,580,4492,50,3.53,1.69,9.0,0,104992.68,138272.06,1698.8,22.98,112482.72,0.8136,0.479,0.0816,2.55,0.0133,1,0.02,0,0,1,0,1
CH05444,가수+댄스+음악,300000,11040000,135,4671,50,3.12,4.93,32.0,1,164771.34,213108.21,4416.04,192.52,164771.34,0.4816,1.579,0.0408,10.25,0.0,0,0.0,0,0,0,0,1
CH05445,강의+교육,300000,65460000,886,2669,50,0.96,0.73,3.0,0,76529.06,143624.41,1050.6,98.94,86675.5,0.7833,0.727,0.0204,3.0,0.0067,1,0.02,0,0,1,0,0
CH05446,BJ+연예인+인물,300000,105660000,211,2242,50,21.45,107.85,764.0,3,359840.28,559818.94,40274.94,928.2,0.0,0.3768,5.028,0.0204,35.62,0.0,0,0.0,0,0,0,0,0
CH05447,라이프+취미,300000,230060000,562,2058,50,2.08,3.16,18.0,0,165019.94,119540.65,3074.72,97.56,163545.26,0.5066,1.519,0.102,8.65,0.0133,1,0.02,0,0,1,0,0
CH05448,가수+댄스+음악,300000,276920000,231,1107,50,1.94,2.25,7.0,0,24436.38,18860.08,0.0,91.28,41645.7,0.6832,1.162,0.102,3.61,0.0267,2,0.04,0,0,2,0,0
CH05449,미용+패션,300000,26440000,272,4806,50,33.84,36.01,155.0,17,13916.98,8171.08,203.28,41.36,13916.98,0.6664,1.064,0.102,4.58,0.0,0,0.0,0,0,0,0,0
CH05450,TV+방송,300000,210320000,1864,4779,50,0.51,1.66,7.0,0,1762.54,818.31,14.3,0.0,1592.16,0.5495,1.655,0.0816,7.0,0.0133,1,0.02,0,0,1,0,0
CH05451,가수+댄스+음악,300000,112690000,386,2671,50,4.02,8.75,48.0,1,8050.74,9097.57,142.68,19.96,7952.03,0.4329,2.177,0.0816,11.94,0.0,0,0.0,0,0,0,0,0
CH05452,TV+방송,300000,358160000,798,5477,50,1.92,1.34,10.0,0,6774.72,12484.19,136.62,33.32,6774.72,0.7252,0.697,0.0204,5.21,0.0467,5,0.1,0,0,5,0,1
CH05453,게임,300000,50280000,224,4086,50,7.94,8.53,40.0,2,171919.5,209568.66,1515.16,115.44,171919.5,0.6583,1.074,0.0816,5.04,0.1867,14,0.28,0,0,13,1,0
CH05454,미용+패션,300000,49230000,598,4348,50,12.73,10.39,55.0,3,11814.58,3616.18,205.08,35.48,11814.58,0.7193,0.816,0.0612,4.32,0.0133,1,0.02,0,0,1,0,0
CH05455,가수+댄스+음악,300000,64000000,186,3623,50,17.63,46.16,324.0,9,238135.32,1023972.14,10734.1,695.14,245934.13,0.4321,2.618,0.0204,18.38,0.0,0,0.0,0,0,0,0,1
CH05456,자동차,300000,129020000,2264,2505,50,0.22,0.54,3.0,0,19488.86,24682.05,140.6,45.78,29172.5,0.8176,0.545,0.0204,3.0,0.0133,1,0.02,0,0,1,0,0
CH05457,가수+댄스+음악,300000,90520000,153,1869,50,15.04,16.52,98.0,7,64530.12,78367.77,1957.52,42.2,39414.86,0.6072,1.098,0.102,6.52,0.0,0,0.0,0,0,0,0,0
CH05458,게임,300000,275270000,2204,2800,50,1.45,0.7,3.0,0,144664.84,45529.6,432.94,142.66,146512.69,0.8001,0.484,0.1224,2.07,0.04,2,0.04,0,0,0,2,0
CH05459,BJ+연예인+인물,300000,45450000,235,931,50,9.94,22.86,145.0,6,41057.94,120834.46,2131.1,91.68,68897.52,0.4331,2.3,0.0612,14.59,0.0,0,0.0,0,0,0,0,0
CH05460,만화+애니+영화,310000,115630000,533,3754,50,3.06,3.11,13.0,0,38945.92,29446.09,536.22,92.52,44655.66,0.6878,1.017,0.0816,4.25,0.08,6,0.12,0,0,6,0,0
CH05462,BJ+연예인+인물,310000,287200000,4374,4648,50,1.12,1.0,4.0,0,54674.56,27591.38,2129.12,222.34,54674.56,0.7174,0.893,0.102,3.56,0.0,0,0.0,0,0,0,0,0
CH05463,어린이+키즈,310000,203550000,1149,2425,50,3.33,0.62,4.0,0,62296.24,194211.68,36.98,0.0,62296.24,0.8971,0.186,0.0816,1.2,0.0,0,0.0,0,0,0,0,0
CH05464,게임,310000,27090000,149,4077,50,4.92,6.87,41.0,1,142827.96,83610.13,2193.36,164.64,142827.96,0.5438,1.398,0.0408,8.34,0.04,3,0.06,0,0,3,0,1
CH05465,만화+애니+영화,310000,55490000,106,1217,50,6.33,10.92,47.0,3,250133.4,322918.44,5705.58,274.08,380465.53,0.5324,1.725,0.0816,7.43,0.0,0,0.0,0,0,0,0,0
CH05466,강의+교육,310000,22260000,596,5602,50,17.29,28.03,122.0,9,11257.56,14459.01,582.1,56.84,11306.55,0.5503,1.622,0.0816,7.06,0.02,1,0.02,1,0,0,0,1
CH05467,라이프+취미,310000,23290000,71,2419,50,40.96,49.22,200.0,22,233742.74,290945.96,3364.18,341.08,233742.74,0.6488,1.202,0.0816,4.88,0.0,0,0.0,0,0,0,0,0
CH05468,국내+여행+해외,310000,283320000,1158,2110,50,0.02,0.14,1.0,0,114511.82,154714.16,1769.84,48.46,160419.2,0.9319,0.141,0.0204,1.0,0.04,3,0.06,0,0,3,0,0
CH05470,가수+댄스+음악,310000,78410000,875,5796,50,22.86,70.88,502.0,6,12919.96,26268.41,199.0,9.98,10233.45,0.4158,3.101,0.0204,21.96,0.0,0,0.0,0,0,0,0,1
CH05471,레시피+요리+음식,310000,26050000,2252,4650,50,0.76,2.69,14.0,0,6484.44,4442.4,71.7,8.04,6484.44,0.4109,2.692,0.0816,14.0,0.0267,2,0.04,1,0,1,0,0
CH05472,가수+댄스+음악,310000,95260000,2012,4739,50,1.1,5.58,36.0,1,4598.94,10137.73,77.88,1.96,6722.48,0.3702,5.065,0.0408,32.67,0.0,0,0.0,0,0,0,0,0
CH05473,스포츠+운동,310000,103890000,342,4367,50,27.63,46.54,176.0,11,585565.56,1568452.66,3134.71,64.6,64255.18,0.5533,1.684,0.1224,6.37,0.0,0,0.0,0,0,0,0,0
CH05474,라이프+취미,310000,351740000,1287,4023,50,0.78,1.87,6.0,0,25084.0,37179.82,296.0,41.44,27404.64,0.552,1.866,0.1224,6.0,0.0,0,0.0,0,0,0,0,0
CH05475,라이프+취미,310000,34720000,1045,3925,50,1.1,0.84,3.0,0,9762.54,21811.37,33.14,2.26,5734.27,0.7716,0.761,0.0408,2.72,0.0067,1,0.02,0,0,1,0,0
CH05476,경제+부동산+주식,310000,44630000,919,3435,50,3.18,1.76,7.0,0,8327.74,13324.57,308.32,13.96,8327.74,0.8099,0.552,0.0408,2.2,0.0,0,0.0,0,0,0,0,0
CH05477,게임,310000,167590000,3413,5252,50,4.27,7.04,29.0,0,4689.14,5617.58,114.78,27.96,4277.18,0.5556,1.651,0.0816,6.8,0.0267,2,0.04,0,0,2,0,0
CH05478,게임,310000,427230000,3505,4771,50,1.57,3.56,24.0,0,191643.56,104445.09,3250.66,144.32,191643.56,0.4408,2.267,0.0408,15.27,0.02,1,0.02,0,0,1,0,0
CH05479,BJ+연예인+인물,310000,54410000,434,3421,50,1.22,2.03,6.0,0,17511.86,14547.8,0.0,17.36,39895.83,0.5847,1.66,0.1633,4.9,0.0133,1,0.02,0,0,1,0,0
CH05480,TV+방송,310000,37310000,88,3463,50,2.2,4.42,22.0,0,204973.84,317595.44,2147.26,79.74,164594.84,0.4486,2.004,0.0612,9.98,0.0,0,0.0,0,0,0,0,0
CH05481,게임,310000,236870000,1904,2550,50,0.55,1.16,6.0,0,49049.54,38392.19,1772.84,108.6,39946.25,0.6272,1.162,0.0612,6.0,0.0,0,0.0,0,0,0,0,0
CH05482,라이프+취미,310000,357410000,402,1641,50,5.29,7.96,55.0,1,136072.4,345248.5,1423.62,13.69,6962.0,0.4873,1.506,0.0408,10.41,0.04,3,0.06,0,0,3,0,0
CH05483,국내+여행+해외,310000,84840000,467,5715,50,8.04,8.01,34.0,1,219754.4,299768.16,4187.76,479.08,240286.67,0.6847,0.996,0.102,4.23,0.0133,1,0.02,0,0,1,0,0
CH05484,라이프+취미,310000,28130000,108,450,50,1.41,1.09,3.0,0,178744.28,306927.66,2270.66,70.64,171466.6,0.7822,0.772,0.0,2.13,0.0,0,0.0,0,0,0,0,0
CH05485,TV+방송,310000,181410000,321,3642,50,12.1,33.73,224.0,3,70195.28,387226.8,258.6,21.98,70195.28,0.4198,2.787,0.0408,18.51,0.0067,1,0.02,0,0,1,0,1
CH05486,미용+패션,310000,95560000,559,3749,50,20.45,17.82,82.0,12,10585.58,8212.94,105.74,18.2,12098.48,0.7199,0.872,0.0612,4.01,0.0133,1,0.02,0,0,1,0,0
CH05487,스포츠+운동,310000,60630000,537,2827,50,6.84,2.1,21.0,0,7927.56,13876.11,125.16,4.12,7927.56,0.8742,0.308,0.0204,3.07,0.0267,2,0.04,0,0,2,0,0
CH05489,라이프+취미,310000,114270000,269,2264,50,1.8,1.63,7.0,0,456070.6,468863.05,8719.16,657.22,494491.19,0.7121,0.907,0.0816,3.9,0.0267,2,0.04,0,0,2,0,1
CH05490,라이프+취미,310000,321480000,115,1705,50,3.1,2.2,13.0,0,3074648.8,2210857.06,67876.1,747.06,0.0,0.7464,0.708,0.0408,4.19,0.0,0,0.0,0,0,0,0,1
CH05491,게임,310000,1114060000,1484,1774,50,3.45,6.22,32.0,1,8977.22,7362.07,84.68,3.48,8564.7,0.4805,1.805,0.0612,9.28,0.0067,1,0.02,0,0,1,0,0
CH05492,라이프+취미,310000,171980000,2778,4870,50,0.04,0.2,1.0,0,31813.34,29002.04,238.48,5.8,31938.38,0.9052,0.198,0.0408,1.0,0.0,0,0.0,0,0,0,0,0
CH05493,라이프+취미,310000,229070000,854,4614,50,1.39,1.23,4.0,0,174368.16,112252.67,2082.24,561.92,183567.29,0.7471,0.883,0.0612,2.88,0.0667,4,0.08,0,0,4,0,0
CH05494,가수+댄스+음악,310000,79110000,376,2472,50,4.29,3.99,17.0,0,105423.6,86118.9,2810.83,109.04,145614.13,0.713,0.931,0.0612,3.97,0.0,0,0.0,0,0,0,0,0
CH05496,BJ+연예인+인물,310000,38200000,163,2236,50,15.18,67.11,477.0,2,38697.48,43660.73,693.82,45.96,38703.29,0.3861,4.42,0.0204,31.42,0.02,1,0.02,0,1,0,0,1
CH05497,어린이+키즈,310000,395090000,645,1745,50,0.18,0.39,1.0,0,573987.32,324710.98,14838.67,150.26,280532.71,0.8053,0.387,0.1837,1.0,0.0,0,0.0,0,0,0,0,0
CH05498,BJ+연예인+인물,310000,68810000,143,1515,50,11.06,9.39,53.0,3,262974.94,153128.58,4375.68,206.9,262974.94,0.6886,0.849,0.102,4.79,0.02,1,0.02,0,0,1,0,0
CH05500,미용+패션,310000,98540000,926,4442,50,5.78,3.55,16.0,0,32795.6,24518.15,515.9,146.32,33063.92,0.7791,0.614,0.102,2.77,0.04,3,0.06,0,0,3,0,0
CH05501,게임,310000,381650000,1317,3255,50,0.96,1.09,5.0,0,71653.36,113325.26,1245.28,71.66,101156.64,0.6518,1.087,0.102,5.0,0.0667,3,0.06,0,2,2,0,0
CH05502,BJ+연예인+인물,310000,153670000,279,5147,50,10.61,18.0,114.0,4,128152.62,376485.97,1489.36,53.11,79119.96,0.4671,1.697,0.0612,10.74,0.0267,2,0.04,0,0,2,0,0
CH05503,BJ+연예인+인물,310000,98720000,95,888,50,5.51,15.11,91.0,3,1133457.08,5355005.44,15727.02,1945.16,4612241.08,0.4153,2.742,0.0612,16.51,0.0,0,0.0,0,0,0,0,0
CH05506,BJ+연예인+인물,310000,44330000,359,2815,50,4.24,2.17,10.0,0,50223.6,36473.42,596.94,32.78,55938.71,0.8185,0.512,0.0408,2.36,0.0,0,0.0,0,0,0,0,0
CH05507,게임,310000,209760000,1755,4035,50,9.57,40.63,287.0,2,2837.92,3012.65,51.6,15.8,3086.49,0.3892,4.245,0.0204,29.99,0.0,0,0.0,0,0,0,0,0
CH05508,IT+기술+컴퓨터,310000,100050000,1116,3413,50,2.39,2.05,8.0,0,60307.84,46424.57,704.04,64.48,60273.04,0.7346,0.858,0.0816,3.35,0.0867,6,0.12,0,0,6,0,0
CH05509,미용+패션,310000,47010000,361,3841,50,20.92,23.31,114.0,11,56791.16,94139.82,284.44,60.16,56290.67,0.642,1.114,0.0816,5.45,0.0067,1,0.02,0,0,1,0,0
CH05510,레시피+요리+음식,310000,89900000,1357,4240,50,2.92,2.47,13.0,0,10982.58,10179.44,156.64,3.52,8186.46,0.7046,0.847,0.0816,4.45,0.0,0,0.0,0,0,0,0,0
CH05512,게임,310000,650000,1649,4464,50,0.0,0.0,0.0,0,42.86,28.6,0.62,0.06,42.86,1.0,0.0,0.0,0.0,0.04,3,0.06,0,0,3,0,0
CH05513,게임,310000,488610000,12119,4404,50,3.94,4.2,17.0,0,57121.54,134847.17,485.94,40.08,27615.47,0.6799,1.067,0.0816,4.32,0.08,4,0.08,0,0,4,0,0
CH05515,가수+댄스+음악,310000,96280000,166,1145,50,2.53,5.85,27.0,0,312434.3,358588.13,7360.58,206.06,290044.8,0.4327,2.31,0.0612,10.67,0.0,0,0.0,0,0,0,0,0
CH05516,BJ+연예인+인물,310000,74880000,265,587,50,1.35,2.01,5.0,0,211265.34,372621.42,1546.84,65.42,319033.23,0.6132,1.489,0.2245,3.71,0.04,2,0.04,0,0,2,0,0
CH05517,국내+여행+해외,310000,89200000,2194,3561,50,0.9,1.72,6.0,0,27098.98,18932.3,373.52,91.3,51386.64,0.5677,1.717,0.102,6.0,0.0,0,0.0,0,0,0,0,0
CH05518,레시피+요리+음식,310000,59850000,489,3765,50,10.63,13.41,86.0,2,33207.8,37632.26,909.38,28.22,33207.8,0.5635,1.261,0.0408,8.09,0.0,0,0.0,0,0,0,0,0
CH05519,BJ+연예인+인물,310000,211880000,252,1486,50,9.61,32.56,233.0,1,407157.26,795997.25,5344.38,397.58,685671.93,0.4078,3.388,0.0204,24.24,0.0,0,0.0,0,0,0,0,0
CH05520,레시피+요리+음식,310000,107520000,334,613,50,1.2,2.01,6.0,0,252163.54,399455.92,2742.92,0.0,318712.42,0.5694,1.669,0.2041,4.98,0.0467,3,0.06,0,0,3,0,0
CH05521,만화+애니+영화,310000,165020000,248,3907,50,3.61,3.85,18.0,0,134804.92,206419.73,827.18,44.02,144961.92,0.6671,1.065,0.0612,4.98,0.12,9,0.18,1,0,8,0,0
CH05522,레시피+요리+음식,310000,241080000,1852,4369,50,8.69,18.78,117.0,3,73281.18,103262.05,755.86,48.12,45644.9,0.4399,2.16,0.0612,13.46,0.0,0,0.0,0,0,0,0,0
CH05523,BJ+연예인+인물,310000,658700000,5961,3062,50,0.27,0.49,2.0,0,60170.22,25648.4,559.24,52.46,60170.22,0.7631,0.486,0.2449,2.0,0.0,0,0.0,0,0,0,0,0
CH05524,가수+댄스+음악,310000,818880000,609,4900,50,2.39,4.79,25.0,0,16559.14,9714.68,838.22,44.14,17060.09,0.4479,2.007,0.0612,10.47,0.0,0,0.0,0,0,0,0,0
CH05525,BJ+연예인+인물,320000,17170000,83,3538,50,43.86,91.19,615.0,19,95741.24,203393.2,1093.04,92.86,98591.15,0.4563,2.079,0.0204,14.02,0.0,0,0.0,0,0,0,0,1
CH05526,게임,320000,190500000,1415,3484,50,8.33,16.59,100.0,4,216302.56,219647.66,2759.56,235.74,193216.56,0.4487,1.993,0.0612,12.01,0.0467,3,0.06,0,0,3,0,0
CH05527,레시피+요리+음식,320000,49590000,1035,4471,50,12.53,27.94,153.0,2,3455.92,1942.81,47.44,12.38,2877.57,0.4426,2.23,0.0408,12.21,0.0133,1,0.02,0,0,1,0,0
CH05529,가수+댄스+음악,320000,65140000,510,3240,50,3.45,4.8,20.0,0,6568.58,10569.45,27.72,3.52,1204.2,0.5924,1.391,0.1224,5.8,0.02,1,0.02,0,0,1,0,0
CH05530,국내+여행+해외,320000,30550000,105,1888,50,24.47,21.67,80.0,18,302632.5,312236.67,4822.72,394.52,313274.68,0.7269,0.885,0.102,3.27,0.0267,2,0.04,0,0,2,0,0
CH05531,스포츠+운동,320000,361080000,6391,3498,50,0.31,0.73,3.0,0,43615.72,39128.62,688.48,144.96,43615.72,0.7638,0.734,0.0816,3.0,0.4733,27,0.54,0,0,33,0,0
CH05533,게임,320000,465950000,5062,5420,50,1.04,0.73,2.0,0,101200.86,92550.48,926.04,114.52,81729.9,0.7943,0.699,0.0,1.92,0.06,3,0.06,0,0,3,0,0
CH05534,IT+기술+컴퓨터,320000,197960000,1471,5861,50,1.18,1.59,6.0,0,110601.96,141648.49,1146.18,104.32,62000.56,0.6239,1.34,0.102,5.07,0.0667,4,0.08,0,0,5,0,0
CH05535,스포츠+운동,320000,74660000,761,4649,50,1.2,1.81,8.0,0,27452.8,18610.58,301.24,22.6,26791.36,0.5652,1.501,0.102,6.64,0.0133,1,0.02,0,0,1,0,0
CH05536,게임,320000,62170000,183,853,50,2.22,1.62,7.0,0,190756.64,138509.82,2267.4,220.12,228064.26,0.7668,0.728,0.0612,3.15,0.0,0,0.0,0,0,0,0,0
CH05537,가수+댄스+음악,320000,240010000,287,2845,50,7.43,15.18,67.0,4,200133.66,578932.95,2388.36,183.42,440913.84,0.4739,2.044,0.0612,9.02,0.0,0,0.0,0,0,0,0,0
CH05538,게임,320000,30000000,149,1571,50,6.43,2.89,15.0,0,253472.78,195543.93,3465.7,494.54,236397.72,0.8022,0.449,0.1429,2.33,0.04,2,0.04,0,0,2,0,0
CH05539,TV+방송,320000,400730000,3692,3559,50,0.84,0.37,1.0,0,21170.76,18951.56,226.9,20.9,16585.95,0.8161,0.37,0.1633,1.0,0.08,6,0.12,0,0,6,0,0
CH05540,어린이+키즈,320000,483390000,1436,4863,50,2.16,3.47,17.0,0,355923.54,867155.86,155.5,0.0,435947.12,0.5286,1.605,0.0816,7.86,0.0,0,0.0,0,0,0,0,0
CH05541,레시피+요리+음식,320000,81390000,741,2922,50,2.37,1.79,7.0,0,46386.02,57611.63,587.82,35.7,51794.5,0.7784,0.757,0.0204,2.96,0.0,0,0.0,0,0,0,0,0
CH05542,TV+방송,320000,245440000,1481,5136,50,1.45,2.09,7.0,0,90408.54,93882.57,937.78,127.94,114580.09,0.6156,1.443,0.1224,4.83,0.0,0,0.0,0,0,0,0,0
CH05543,가수+댄스+음악,320000,156620000,406,2604,50,1.43,1.58,6.0,0,19647.54,15159.26,185.44,18.82,20881.38,0.6727,1.105,0.102,4.2,0.0,0,0.0,0,0,0,0,0
CH05544,어린이+키즈,320000,341520000,199,1994,50,19.18,46.75,183.0,7,2294927.28,5398396.51,6664.0,1.6,964930.14,0.428,2.437,0.102,9.54,0.0,0,0.0,0,0,0,0,0
CH05545,BJ+연예인+인물,320000,460920000,611,1255,50,2.76,2.15,9.0,0,419034.42,1574668.36,2079.78,174.78,214287.87,0.7302,0.781,0.1429,3.27,0.02,1,0.02,0,0,1,0,0
CH05546,라이프+취미,320000,145450000,565,1193,50,4.1,4.28,22.0,0,147475.08,451809.02,1186.26,133.4,101802.4,0.6589,1.043,0.0612,5.36,0.0133,1,0.02,0,0,1,0,0
CH05547,만화+애니+영화,320000,124110000,1115,3865,50,7.02,9.77,46.0,2,74383.12,80137.59,1685.32,360.48,74383.12,0.5891,1.392,0.0612,6.55,0.08,6,0.12,1,0,5,0,0
CH05548,TV+방송,320000,194440000,782,3910,50,4.59,7.34,30.0,1,24407.46,41368.25,244.26,13.36,27399.51,0.5608,1.599,0.102,6.53,0.0067,1,0.02,0,0,1,0,0
CH05550,어린이+키즈,320000,461830000,7203,5703,50,28.9,105.48,691.0,7,13866.76,20522.43,208.84,44.26,14903.45,0.3892,3.65,0.0612,23.91,0.0,0,0.0,0,0,0,0,1
CH05551,게임,320000,366230000,3856,5147,50,0.69,0.79,2.0,0,58804.1,62876.79,804.12,80.78,53943.95,0.7185,0.788,0.2041,2.0,0.0533,3,0.06,0,0,3,0,0
CH05552,BJ+연예인+인물,320000,179330000,389,2455,50,3.73,2.59,7.0,0,196968.6,137022.0,2127.96,181.4,218590.85,0.7955,0.692,0.0,1.87,0.0,0,0.0,0,0,0,0,0
CH05554,라이프+취미,320000,130490000,56,2306,50,45.2,119.94,845.0,18,2409633.56,741765.42,21188.36,2302.76,2409633.56,0.4307,2.653,0.0204,18.69,0.0267,2,0.04,0,0,2,0,0
CH05555,라이프+취미,320000,25070000,67,854,50,11.53,11.34,73.0,2,366655.9,238550.99,6322.44,496.4,366655.9,0.6446,0.984,0.0408,6.33,0.0,0,0.0,0,0,0,0,0
CH05556,레시피+요리+음식,320000,57710000,235,1886,50,2.57,1.68,7.0,0,177552.22,416876.02,1944.8,64.12,72757.03,0.7658,0.653,0.1224,2.72,0.02,2,0.04,0,0,2,0,0
CH05557,라이프+취미,320000,34470000,194,6461,50,2.18,0.75,3.0,0,62175.82,161129.29,799.1,42.48,55502.1,0.8113,0.342,0.2041,1.37,0.0,0,0.0,0,0,0,0,0
CH05558,라이프+취미,320000,188260000,256,3749,50,11.73,8.67,43.0,3,159410.68,200031.5,961.26,13.8,159410.68,0.7502,0.739,0.0612,3.66,0.0,0,0.0,0,0,0,0,1
CH05559,가수+댄스+음악,320000,67950000,1354,4386,50,0.41,1.11,5.0,0,3686.9,6306.53,169.66,8.74,3163.92,0.6559,1.105,0.0816,5.0,0.0,0,0.0,0,0,0,0,0
CH05560,반려동물+애완,320000,174790000,535,2686,50,2.92,1.72,7.0,0,232035.1,627203.32,3606.22,114.9,38929.8,0.7776,0.591,0.1224,2.4,0.0,0,0.0,0,0,0,0,0
CH05561,BJ+연예인+인물,320000,535300000,1212,2698,50,0.51,0.7,2.0,0,764582.34,709733.45,10300.2,169.1,739505.41,0.7568,0.703,0.1224,2.0,0.08,6,0.12,2,0,4,0,0
CH05562,어린이+키즈,320000,167640000,2233,5088,50,1.45,0.64,2.0,0,54676.72,73701.55,734.54,43.04,42444.98,0.8222,0.442,0.0816,1.38,0.0,0,0.0,0,0,0,0,0
CH05563,라이프+취미,320000,59670000,212,1064,50,5.67,3.36,13.0,0,364570.92,162767.0,6830.1,790.76,364631.55,0.7832,0.593,0.102,2.29,0.02,1,0.02,0,0,1,0,0
CH05564,미용+패션,320000,326690000,2309,4197,50,0.63,1.24,5.0,0,9539.34,10099.61,127.66,2.28,2942.0,0.6354,1.24,0.102,5.0,0.0,0,0.0,0,0,0,0,0
CH05565,가수+댄스+음악,320000,216150000,8780,6380,50,0.02,0.14,1.0,0,1454.12,1236.8,9.82,0.12,1442.94,0.9319,0.141,0.0204,1.0,0.0,0,0.0,0,0,0,0,0
CH05566,TV+방송,320000,166100000,2909,4662,50,2.78,9.6,63.0,1,4424.44,8195.11,142.14,10.48,3658.81,0.3999,3.459,0.0408,22.7,0.0,0,0.0,0,0,0,0,0
CH05567,레시피+요리+음식,320000,139500000,853,5069,50,1.47,1.46,6.0,0,130115.46,347611.37,1557.6,78.62,145778.37,0.6833,0.992,0.1224,4.08,0.0133,1,0.02,0,0,1,0,0
CH05568,BJ+연예인+인물,320000,122930000,92,2379,50,0.9,2.57,17.0,0,417026.22,827289.48,3339.56,81.9,111555.29,0.428,2.565,0.0408,17.0,0.02,1,0.02,0,0,1,0,0
CH05569,게임,320000,45100000,133,1497,50,15.8,25.2,117.0,5,279389.86,162846.19,6539.06,440.08,300433.26,0.5484,1.595,0.0612,7.41,0.0133,1,0.02,0,0,1,0,0
CH05570,어린이+키즈,320000,287330000,2205,3950,50,0.47,0.5,1.0,0,11175.98,7297.22,161.48,2.94,0.0,0.8335,0.499,0.0,1.0,0.0,0,0.0,0,0,0,0,0
CH05572,어린이+키즈,320000,125270000,1096,4196,50,4.22,4.09,18.0,0,2063.36,1791.6,4.16,0.0,2188.16,0.6873,0.969,0.102,4.26,0.0,0,0.0,0,0,0,0,0
CH05573,레시피+요리+음식,320000,43630000,130,733,50,0.8,0.88,4.0,0,687834.98,1459601.24,10547.28,298.24,609213.06,0.7251,0.88,0.0408,4.0,0.0,0,0.0,0,0,0,0,0
CH05574,가수+댄스+음악,320000,139680000,100,4627,50,5.61,11.66,67.0,2,2075187.96,6785841.55,41463.88,872.2,9797842.4,0.4319,2.078,0.102,11.94,0.0,0,0.0,0,0,0,0,0
CH05575,미용+패션,320000,197880000,562,4335,50,0.94,0.91,4.0,0,147560.32,144622.59,1789.54,84.42,80541.6,0.7145,0.913,0.0612,4.0,0.0467,3,0.06,0,0,3,0,0
CH05577,BJ+연예인+인물,320000,472680000,951,2714,50,1.45,1.25,5.0,0,50287.4,210136.31,391.64,23.28,22173.91,0.7375,0.86,0.0612,3.45,0.0,0,0.0,0,0,0,0,0
CH05578,자동차,320000,65150000,91,1211,50,2.45,3.12,15.0,0,216548.14,484267.96,1785.68,78.02,278950.49,0.6121,1.276,0.0612,6.12,0.06,3,0.06,0,0,3,0,0
CH05579,라이프+취미,320000,171620000,572,4852,50,12.06,22.0,100.0,6,246667.36,377269.26,4891.22,311.2,215572.36,0.5075,1.824,0.0612,8.29,0.0,0,0.0,0,0,0,0,0
CH05580,게임,320000,121010000,459,408,50,1.16,2.02,14.0,0,266204.26,186958.07,6200.52,321.0,0.0,0.4764,1.74,0.0204,12.04,0.0,0,0.0,0,0,0,0,0
CH05583,가수+댄스+음악,320000,217460000,884,4528,50,2.96,1.86,7.0,0,2647.48,2466.32,36.48,2.24,2551.77,0.7395,0.629,0.2245,2.37,0.0067,1,0.02,0,0,1,0,0
CH05584,TV+방송,320000,185070000,196,3493,50,41.2,114.67,598.0,11,668268.96,2905857.73,6988.02,321.24,235533.07,0.4199,2.783,0.0408,14.51,0.1067,8,0.16,0,0,8,0,1
CH05585,TV+방송,320000,132550000,525,2854,50,15.0,18.35,93.0,5,65441.38,52774.64,474.24,42.58,68806.31,0.6212,1.223,0.0408,6.2,0.0133,1,0.02,0,0,1,0,0
CH05586,가수+댄스+음악,320000,85300000,2037,5389,50,1.45,8.65,61.0,1,32286.96,89098.76,894.94,38.28,143576.83,0.3656,5.968,0.0204,42.1,0.0,0,0.0,0,0,0,0,1
CH05587,만화+애니+영화,320000,184010000,380,3407,50,5.65,5.22,20.0,0,94669.28,278555.67,2246.98,42.24,24719.91,0.6956,0.923,0.1633,3.54,0.0267,1,0.02,0,0,2,0,1
CH05588,라이프+취미,320000,162870000,253,2370,50,11.78,8.64,35.0,2,266652.56,363635.06,2193.1,449.04,288664.41,0.7578,0.734,0.102,2.97,0.02,1,0.02,0,1,0,0,0
CH05589,TV+방송,320000,173420000,2233,1175,50,0.47,2.26,14.0,0,88115.68,97313.83,5654.7,348.42,127840.43,0.4411,2.26,0.0408,14.0,0.0,0,0.0,0,0,0,0,1
CH05590,가수+댄스+음악,320000,148460000,1347,573,50,7.35,48.31,342.0,1,23393.4,47690.17,620.84,16.76,24512.7,0.3599,6.576,0.0204,46.55,0.0,0,0.0,0,0,0,0,0
CH05591,게임,320000,325240000,1378,1994,50,1.55,2.71,19.0,0,214718.78,264500.02,6966.1,232.16,55039.32,0.4758,1.748,0.0204,12.25,0.1,6,0.12,0,0,6,0,0
CH05592,게임,330000,302280000,976,3765,50,1.45,2.56,16.0,0,8149.54,7211.45,131.96,15.58,4512.35,0.4683,1.769,0.0408,11.04,0.0,0,0.0,0,0,0,0,0
CH05593,만화+애니+영화,330000,109750000,147,3504,50,27.1,36.45,199.0,12,282175.58,959564.1,1245.88,85.59,282175.58,0.5708,1.345,0.0612,7.34,0.0733,6,0.12,2,0,4,0,1
CH05594,라이프+취미,330000,234190000,395,2193,50,8.55,22.71,149.0,4,6296.34,16565.17,31.22,11.16,10773.79,0.4245,2.656,0.0408,17.42,0.02,1,0.02,0,0,1,0,0
CH05595,BJ+연예인+인물,330000,131340000,8727,2309,50,0.0,0.0,0.0,0,2631.76,5574.97,139.94,7.16,3804.45,1.0,0.0,0.0,0.0,0.0,0,0.0,0,0,0,0,0
CH05596,BJ+연예인+인물,330000,136780000,133,1785,50,16.43,50.89,316.0,4,683392.52,1460999.08,15416.94,307.6,282866.0,0.4098,3.098,0.0408,19.23,0.1267,9,0.18,9,0,0,0,1
CH05597,가수+댄스+음악,330000,137710000,802,1539,50,1.16,2.78,19.0,0,27880.36,40767.67,0.0,36.16,53673.38,0.4414,2.39,0.0204,16.33,0.02,1,0.02,0,0,1,0,0
CH05598,국내+여행+해외,330000,302270000,775,4788,50,2.39,1.51,6.0,0,379332.28,1029193.3,4617.56,171.86,159911.1,0.7512,0.632,0.1837,2.51,0.0467,4,0.08,1,0,3,0,0
CH05599,라이프+취미,330000,55480000,522,1152,50,4.2,15.63,96.0,2,215878.8,719923.03,6473.2,146.78,346638.85,0.3938,3.717,0.0408,22.83,0.04,2,0.04,0,0,2,0,0
CH05600,BJ+연예인+인물,330000,69240000,121,4649,50,8.94,7.48,31.0,1,595563.08,551727.97,8488.0,680.04,610419.7,0.7282,0.837,0.102,3.47,0.0,0,0.0,0,0,0,0,0
CH05602,게임,330000,196470000,2528,4190,50,3.61,9.77,68.0,1,24284.56,17085.86,215.56,57.02,24523.73,0.4288,2.706,0.0204,18.82,0.12,7,0.14,0,0,7,0,1
CH05604,레시피+요리+음식,330000,61590000,60,2226,50,7.29,25.68,177.0,2,1051773.8,1757689.39,33187.36,1186.4,1051773.8,0.3983,3.524,0.0408,24.29,0.0133,1,0.02,0,0,1,0,1
CH05605,레시피+요리+음식,330000,186680000,1236,2909,50,3.78,2.93,17.0,0,25167.74,32515.04,383.48,12.54,25167.74,0.7325,0.776,0.0204,4.5,0.0,0,0.0,0,0,0,0,0
CH05606,반려동물+애완,330000,209400000,874,5032,50,1.92,1.65,6.0,0,99658.04,126825.73,2714.14,105.8,95128.68,0.7405,0.861,0.0816,3.13,0.0533,4,0.08,0,0,4,0,0
CH05607,게임,330000,175180000,380,794,50,0.35,1.76,11.0,0,189869.74,153020.93,3002.5,183.02,220580.2,0.4692,1.756,0.0408,11.0,0.02,1,0.02,0,0,1,0,0
CH05608,게임,330000,101890000,1270,4408,50,10.84,23.6,115.0,7,207735.86,316902.82,11268.68,160.24,64540.42,0.4267,2.178,0.102,10.61,0.02,1,0.02,0,0,1,0,0
CH05609,가수+댄스+음악,330000,164720000,505,5885,50,8.02,11.18,56.0,3,128686.08,374636.56,2737.56,166.04,211814.37,0.5706,1.394,0.0816,6.98,0.0,0,0.0,0,0,0,0,1
CH05610,게임,330000,157350000,730,1808,50,2.82,2.48,11.0,0,115481.12,56544.13,1151.66,128.06,115481.12,0.7094,0.881,0.102,3.91,0.0867,5,0.1,0,0,5,0,0
CH05611,가수+댄스+음악,330000,83970000,66,3399,50,8.43,15.31,94.0,3,1133743.36,4600308.18,25818.36,1135.38,1404362.28,0.4591,1.817,0.0612,11.15,0.0,0,0.0,0,0,0,0,1
CH05612,BJ+연예인+인물,330000,85180000,473,5054,50,4.92,3.01,10.0,0,106396.7,55013.04,1337.68,79.42,108073.0,0.7551,0.612,0.1837,2.03,0.06,2,0.04,0,2,1,0,0
CH05613,BJ+연예인+인물,330000,81160000,652,2237,50,1.18,1.45,6.0,0,51412.88,71372.47,498.02,73.12,72310.7,0.647,1.227,0.0612,5.07,0.04,2,0.04,0,1,1,0,0
CH05615,레시피+요리+음식,330000,116060000,602,4024,50,26.78,97.19,600.0,4,144241.7,312410.35,1241.2,233.19,144241.7,0.3957,3.63,0.0408,22.41,0.0333,2,0.04,0,0,2,0,1
CH05616,스포츠+운동,330000,1020900000,2263,2881,50,0.43,0.7,2.0,0,764490.36,1339525.14,5231.2,93.26,124785.0,0.7574,0.7,0.1224,2.0,0.04,3,0.06,0,0,3,0,0
CH05618,가수+댄스+음악,330000,286340000,789,2210,50,0.0,0.0,0.0,0,46048.98,37714.85,2696.36,104.22,25478.82,1.0,0.0,0.0,0.0,0.0,0,0.0,0,0,0,0,0
CH05619,강의+교육,330000,34950000,392,1307,50,2.47,2.76,11.0,0,23056.88,47256.58,469.3,14.06,29633.31,0.6638,1.119,0.102,4.45,0.0,0,0.0,0,0,0,0,0
CH05621,가수+댄스+음악,330000,56700000,641,3947,50,6.43,3.02,20.0,0,31058.24,22773.52,562.1,22.9,31631.52,0.794,0.47,0.1429,3.11,0.0133,1,0.02,1,0,0,0,1
CH05622,미용+패션,330000,63490000,342,3516,50,8.63,4.68,21.0,0,85373.7,21356.65,1959.7,187.08,85373.7,0.7997,0.542,0.0816,2.43,0.0,0,0.0,0,0,0,0,0
CH05623,BJ+연예인+인물,330000,158610000,501,2732,50,2.33,2.72,7.0,0,255579.28,372574.4,1981.02,79.46,171294.19,0.6935,1.17,0.1224,3.01,0.0133,1,0.02,0,0,1,0,0
CH05624,스포츠+운동,330000,608980000,8921,5645,50,0.1,0.36,2.0,0,42649.9,64574.34,320.14,30.18,5832.5,0.8421,0.364,0.0816,2.0,0.04,3,0.06,0,0,3,0,0
CH05625,BJ+연예인+인물,330000,189690000,615,2835,50,2.69,2.17,9.0,0,66851.3,50768.4,1804.36,199.64,59864.76,0.7489,0.805,0.0612,3.34,0.06,4,0.08,0,0,4,0,0
CH05626,국내+여행+해외,330000,49460000,194,1541,50,9.49,7.58,41.0,2,237143.9,124503.86,3806.64,423.68,237143.9,0.7158,0.799,0.0816,4.32,0.0,0,0.0,0,0,0,0,0
CH05627,BJ+연예인+인물,330000,168250000,646,1243,50,1.67,1.6,8.0,0,176460.46,158918.21,4955.08,268.0,138085.09,0.6928,0.954,0.0408,4.78,0.0,0,0.0,0,0,0,0,0
CH05629,TV+방송,330000,1830000,75,3637,50,2.12,2.54,14.0,0,1837.36,1740.87,24.5,1.62,1068.04,0.5883,1.195,0.1224,6.6,0.0933,5,0.1,0,0,5,0,1
CH05630,TV+방송,330000,134040000,803,3826,50,0.84,1.2,4.0,0,36346.9,31866.92,456.7,42.22,69053.73,0.6618,1.201,0.1224,4.0,0.1533,9,0.18,0,1,9,0,0
CH05631,만화+애니+영화,330000,299240000,2185,2790,50,2.22,3.52,18.0,0,3677.94,3182.79,65.0,2.2,0.0,0.5235,1.584,0.0816,8.09,0.02,1,0.02,0,0,1,0,1
CH05633,BJ+연예인+인물,330000,266970000,916,4551,50,1.47,1.07,5.0,0,87402.2,56217.85,4794.84,150.18,57639.94,0.7655,0.729,0.0408,3.4,0.0,0,0.0,0,0,0,0,0
CH05634,BJ+연예인+인물,330000,104220000,274,1217,50,4.57,2.29,8.0,0,139831.16,99655.15,2383.56,487.5,133264.42,0.7966,0.5,0.1224,1.75,0.06,4,0.08,0,0,3,1,0
CH05635,BJ+연예인+인물,330000,198340000,596,808,50,0.39,0.66,3.0,0,198802.92,107407.77,1342.58,222.46,198802.92,0.782,0.664,0.0612,3.0,0.1,7,0.14,0,0,7,0,0
CH05636,TV+방송,330000,403720000,443,3004,50,5.49,4.35,16.0,0,214641.26,283172.58,2144.1,34.9,38271.0,0.7362,0.792,0.1429,2.91,0.0,0,0.0,0,0,0,0,0
CH05637,게임,330000,305880000,6326,4943,50,0.33,0.55,2.0,0,133432.96,125642.31,849.64,45.8,94564.08,0.8105,0.549,0.0408,2.0,0.02,1,0.02,0,0,1,0,0
CH05639,IT+기술+컴퓨터,330000,169410000,1018,3687,50,0.96,1.01,4.0,0,106766.04,391243.75,1931.58,112.98,127430.06,0.6958,1.009,0.0816,4.0,0.0,0,0.0,0,0,0,0,0
CH05640,BJ+연예인+인물,330000,78780000,386,3946,50,6.35,1.77,14.0,0,105764.78,113658.57,1665.02,122.9,101921.88,0.8543,0.279,0.1224,2.21,0.0333,2,0.04,0,0,2,0,0
CH05641,레시피+요리+음식,330000,221340000,3211,1875,50,0.0,0.0,0.0,0,8239.36,6927.67,72.42,1.58,10813.5,1.0,0.0,0.0,0.0,0.0,0,0.0,0,0,0,0,0
CH05642,라이프+취미,330000,24240000,51,463,50,7.98,21.71,116.0,5,508487.14,447966.31,11807.55,333.8,541646.94,0.4221,2.721,0.0408,14.54,0.0133,1,0.02,0,0,1,0,0
CH05643,TV+방송,340000,131580000,342,3628,50,3.73,7.79,56.0,1,193549.82,207036.26,1839.8,249.84,183225.81,0.4559,2.085,0.0204,14.99,0.0267,2,0.04,0,0,2,0,1
CH05644,가수+댄스+음악,340000,130090000,11011,5409,50,0.04,0.2,1.0,0,501.04,720.83,23.42,2.12,408.25,0.9052,0.198,0.0408,1.0,0.0,0,0.0,0,0,0,0,0
CH05645,라이프+취미,340000,138450000,2528,4670,50,0.47,0.76,3.0,0,9765.9,6368.59,395.08,73.76,9765.9,0.7598,0.759,0.0816,3.0,0.0,0,0.0,0,0,0,0,0
CH05647,라이프+취미,340000,83660000,155,1473,50,3.76,2.86,10.0,0,633763.5,607586.78,10483.68,689.94,627034.97,0.7654,0.762,0.0612,2.66,0.02,1,0.02,0,0,1,0,0
CH05648,게임,340000,176110000,215,3493,47,0.8,1.88,11.0,0,5754.91,8548.54,22.0,2.77,6674.36,0.4538,1.884,0.0652,11.0,0.0355,2,0.0426,0,0,2,0,0
CH05649,레시피+요리+음식,340000,83220000,1064,3277,50,18.94,58.65,330.0,4,13484.62,15289.46,325.1,45.28,13612.41,0.3976,3.097,0.0816,17.42,0.0,0,0.0,0,0,0,0,1
CH05651,BJ+연예인+인물,340000,156810000,1423,2075,50,0.71,0.83,4.0,0,17884.96,13403.94,445.78,15.76,19129.14,0.7136,0.833,0.102,4.0,0.06,3,0.06,1,0,3,0,0
CH05652,가수+댄스+음악,340000,267810000,1780,2650,50,0.8,1.09,3.0,0,43314.44,43347.23,835.64,33.84,43314.44,0.6905,1.088,0.1633,3.0,0.02,1,0.02,1,0,0,0,0
CH05653,가수+댄스+음악,340000,650720000,443,5751,50,4.2,7.82,41.0,2,434289.68,843998.55,4060.7,318.94,123882.9,0.4635,1.86,0.0612,9.75,0.0,0,0.0,0,0,0,0,0
CH05655,가수+댄스+음악,340000,224190000,2032,3726,50,1.51,1.94,9.0,0,20929.5,44879.74,296.62,24.38,19677.93,0.5976,1.284,0.1224,5.96,0.0333,2,0.04,0,0,1,1,0
CH05656,TV+방송,340000,205780000,9268,4730,50,0.02,0.14,1.0,0,8020.52,15917.17,321.82,19.86,3469.76,0.9319,0.141,0.0204,1.0,0.0133,1,0.02,0,0,1,0,0
CH05657,TV+방송,340000,261050000,360,2981,50,3.76,6.32,46.0,1,341080.66,199299.81,5713.44,422.62,357111.53,0.4802,1.684,0.0204,12.25,0.0333,2,0.04,0,0,2,0,1
CH05658,가수+댄스+음악,340000,22550000,462,4608,50,41.1,134.02,741.0,5,13298.04,19748.18,468.06,6.86,13779.82,0.399,3.261,0.0612,18.03,0.0,0,0.0,0,0,0,0,0
CH05659,BJ+연예인+인물,340000,114690000,330,3432,50,20.78,38.6,229.0,9,327053.98,1461420.55,2845.46,103.46,56182.86,0.4504,1.858,0.0816,11.02,0.02,1,0.02,0,0,1,0,0
CH05660,게임,340000,149000000,638,2220,50,2.67,2.13,10.0,0,163585.2,154250.17,2623.2,301.58,161323.3,0.7386,0.798,0.0612,3.74,0.0,0,0.0,0,0,0,0,0
CH05661,가수+댄스+음악,340000,336290000,604,4015,50,3.04,4.83,32.0,1,24258.74,32775.17,280.74,23.8,64384.38,0.4809,1.589,0.0408,10.52,0.0,0,0.0,0,0,0,0,0
CH05662,TV+방송,340000,151850000,465,4799,50,17.57,57.81,300.0,3,253887.7,331430.25,8883.8,142.02,80739.33,0.3982,3.29,0.0612,17.07,0.04,2,0.04,0,0,0,2,1
CH05663,게임,340000,387850000,1549,5260,50,0.59,0.78,3.0,0,179857.18,141929.87,1936.16,73.74,140507.59,0.7502,0.78,0.102,3.0,0.0333,2,0.04,0,0,2,0,0
CH05664,만화+애니+영화,340000,174680000,884,3375,50,0.84,1.83,11.0,0,31210.08,116241.04,356.16,25.96,36965.56,0.4642,1.833,0.0408,11.0,0.1133,8,0.16,1,0,7,0,0
CH05665,가수+댄스+음악,340000,177000000,1638,5285,50,21.67,92.03,504.0,3,76576.28,444550.22,1013.68,35.76,78044.73,0.3831,4.246,0.0408,23.25,0.0,0,0.0,0,0,0,0,1
CH05666,게임,340000,98510000,616,3562,50,17.47,46.83,313.0,6,111137.22,241194.28,2136.9,61.14,41234.54,0.4236,2.68,0.0408,17.92,0.0,0,0.0,0,0,0,0,0
CH05667,스포츠+운동,340000,148750000,1039,3885,50,10.94,18.94,93.0,6,31906.12,61011.43,372.62,63.5,45545.04,0.5013,1.732,0.0816,8.5,0.0,0,0.0,0,0,0,0,0
CH05668,BJ+연예인+인물,340000,146760000,641,1823,50,0.1,0.3,1.0,0,43876.78,90020.5,1796.28,48.1,31966.59,0.8532,0.303,0.102,1.0,0.0,0,0.0,0,0,0,0,0
CH05669,강의+교육,340000,94270000,4341,6593,50,11.39,25.03,100.0,6,22256.06,23432.49,408.84,20.04,24330.62,0.4606,2.198,0.102,8.78,0.0,0,0.0,0,0,0,0,1
CH05670,게임,340000,540120000,2163,4411,50,1.04,0.67,2.0,0,72620.48,34163.82,1887.48,120.22,72620.48,0.7432,0.643,0.2041,1.92,0.0,0,0.0,0,0,0,0,0
CH05671,자동차,340000,199270000,746,3291,50,0.78,1.02,4.0,0,61852.3,54849.65,284.44,51.52,46302.74,0.6889,1.015,0.102,4.0,0.0333,3,0.06,0,0,3,0,0
CH05672,가수+댄스+음악,340000,452070000,436,4598,50,4.78,27.39,194.0,1,30633.2,22402.1,330.64,21.68,54772.83,0.3681,5.735,0.0204,40.62,0.0133,1,0.02,0,0,1,0,0
CH05673,BJ+연예인+인물,340000,151470000,357,2448,50,3.16,2.89,10.0,0,177177.54,131385.69,2259.2,165.66,193761.17,0.7384,0.913,0.0612,3.16,0.02,1,0.02,0,0,1,0,0
CH05674,레시피+요리+음식,340000,54670000,709,1441,50,0.69,1.51,6.0,0,17403.14,20428.29,187.54,12.34,17651.04,0.5764,1.515,0.1224,6.0,0.0,0,0.0,0,0,0,0,0
CH05675,게임,340000,143490000,376,4676,50,6.8,2.01,14.0,0,228254.42,106642.75,2739.58,1510.04,228254.42,0.843,0.296,0.1429,2.06,0.1,5,0.1,3,0,3,0,0
CH05676,미용+패션,340000,34330000,390,4232,50,4.84,2.57,13.0,0,37703.2,43421.97,531.88,42.02,37375.73,0.8083,0.531,0.0612,2.69,0.0333,2,0.04,0,0,2,0,0
CH05677,가수+댄스+음악,340000,202320000,1403,1004,50,0.39,0.8,4.0,0,11151.38,8291.72,1426.92,39.64,8831.0,0.7303,0.803,0.0612,4.0,0.0,0,0.0,0,0,0,0,0
CH05678,미용+패션,340000,187010000,487,4188,50,25.92,66.63,392.0,9,33520.46,57135.22,345.52,21.22,34420.23,0.4278,2.571,0.0408,15.12,0.0067,1,0.02,0,0,1,0,1
CH05679,게임,340000,305810000,2166,4884,50,0.18,0.48,2.0,0,159276.02,183381.2,1338.52,48.84,11598.33,0.7947,0.481,0.1429,2.0,0.02,1,0.02,0,0,1,0,0
CH05680,가수+댄스+음악,340000,69560000,2567,4413,50,1.73,3.31,16.0,0,1280.3,2528.74,117.0,4.68,1300.65,0.4757,1.909,0.0612,9.22,0.0,0,0.0,0,0,0,0,1
CH05682,라이프+취미,340000,114880000,465,2312,50,5.73,3.57,14.0,0,69912.14,28426.77,1080.12,85.16,79203.35,0.7531,0.622,0.1837,2.44,0.0533,3,0.06,0,0,3,0,0
CH05683,BJ+연예인+인물,340000,139870000,1075,922,50,0.86,1.18,5.0,0,11168.5,12346.05,147.12,13.56,13455.94,0.6357,1.178,0.1224,5.0,0.0667,4,0.08,0,0,4,0,0
CH05684,만화+애니+영화,340000,81370000,291,3415,50,13.71,21.6,146.0,4,115757.68,56734.01,3670.2,387.58,115757.68,0.4819,1.575,0.0408,10.65,0.02,2,0.04,0,0,2,0,0
CH05685,BJ+연예인+인물,340000,388990000,3679,4633,50,0.22,0.42,1.0,0,12701.94,10858.52,80.76,8.14,10867.02,0.7854,0.417,0.2245,1.0,0.0,0,0.0,0,0,0,0,0
CH05689,게임,350000,493040000,2760,3423,50,1.8,1.86,11.0,0,83077.8,86466.11,859.02,131.76,83077.8,0.6378,1.037,0.0612,6.12,0.0,0,0.0,0,0,0,0,1
CH05691,가수+댄스+음악,350000,163620000,1299,1860,50,1.39,2.31,14.0,0,300725.04,1787651.78,5973.8,110.1,48534.0,0.4754,1.665,0.0408,10.09,0.0,0,0.0,0,0,0,0,0
CH05692,라이프+취미,350000,144840000,647,2778,50,4.61,7.22,39.0,2,143429.24,78963.89,3137.06,322.86,172831.51,0.5268,1.565,0.0408,8.46,0.0533,3,0.06,0,0,3,0,1
CH05693,반려동물+애완,350000,68370000,275,2358,50,6.59,1.73,13.0,0,86757.58,41626.59,5996.02,320.16,86757.58,0.8596,0.262,0.1224,1.97,0.0133,1,0.02,0,0,1,0,0
CH05694,어린이+키즈,350000,130230000,80,1618,50,25.55,60.52,356.0,8,630556.02,1693270.82,6881.06,56.92,720654.68,0.4301,2.369,0.0612,13.93,0.0,0,0.0,0,0,0,0,0
CH05695,게임,350000,85310000,412,2634,50,2.35,1.96,8.0,0,142757.84,209016.34,2652.38,227.22,71495.81,0.7421,0.837,0.0612,3.41,0.02,1,0.02,0,0,1,0,0
CH05697,게임,350000,137050000,1802,4683,50,7.65,44.41,315.0,1,162703.24,730794.42,1345.3,24.36,40502.5,0.3674,5.803,0.0204,41.16,0.0133,1,0.02,0,0,1,0,0
CH05699,가수+댄스+음악,350000,53790000,318,3556,50,7.9,10.71,52.0,3,18024.48,57426.55,334.1,22.04,32985.1,0.5914,1.356,0.0612,6.58,0.0133,1,0.02,0,0,1,0,0
CH05700,레시피+요리+음식,350000,47680000,424,2413,50,1.8,1.47,6.0,0,31135.06,45634.03,505.44,44.86,31047.68,0.7529,0.819,0.0408,3.34,0.0333,2,0.04,0,0,2,0,0
CH05701,가수+댄스+음악,350000,516880000,220,955,50,4.49,8.72,42.0,2,49539.56,200604.98,2418.68,85.64,31672.71,0.4578,1.941,0.102,9.35,0.0,0,0.0,0,0,0,0,0
CH05702,미용+패션,350000,254750000,449,4356,50,1.41,1.64,6.0,0,226514.26,218398.15,6043.86,318.52,229059.33,0.6521,1.165,0.1429,4.26,0.0,0,0.0,0,0,0,0,0
CH05703,게임,350000,348530000,3416,3597,50,1.06,1.83,10.0,0,82054.6,101975.68,1119.16,60.06,36075.5,0.4814,1.728,0.0612,9.42,0.06,4,0.08,0,0,4,0,0
CH05704,레시피+요리+음식,350000,114330000,252,3903,50,4.73,11.42,72.0,2,16836.66,10911.02,244.46,14.92,7551.0,0.4343,2.411,0.0408,15.21,0.0,0,0.0,0,0,0,0,0
CH05705,게임,350000,543390000,5352,4110,50,0.29,0.86,5.0,0,193009.12,154832.51,833.04,120.68,145719.79,0.6998,0.857,0.0408,5.0,0.02,1,0.02,0,0,1,0,0
CH05706,강의+교육,350000,40070000,386,4280,50,15.73,55.6,361.0,5,11743.44,15177.23,187.72,16.94,10674.86,0.398,3.533,0.0408,22.94,0.0,0,0.0,0,0,0,0,0
CH05707,가수+댄스+음악,350000,66160000,422,2990,50,21.8,76.61,478.0,6,8591.74,23356.64,147.42,54.34,15236.81,0.3985,3.515,0.0408,21.93,0.0,0,0.0,0,0,0,0,0
CH05708,가수+댄스+음악,350000,271030000,490,7461,50,3.04,4.51,20.0,0,23574.82,54269.11,0.0,49.92,28599.93,0.5625,1.483,0.1224,6.58,0.0,0,0.0,0,0,0,0,0
CH05709,레시피+요리+음식,350000,45220000,100,919,50,6.0,1.96,14.0,0,383377.08,83577.46,2770.25,591.66,383377.08,0.8341,0.326,0.1429,2.33,0.0067,1,0.02,0,0,1,0,0
CH05710,게임,350000,303400000,970,4446,50,1.06,2.35,15.0,0,26938.32,171325.14,17.72,3.88,7119.11,0.4433,2.215,0.0408,14.13,0.0,0,0.0,0,0,0,0,0
CH05711,스포츠+운동,350000,1551360000,2273,2653,50,0.04,0.2,1.0,0,85988.94,131768.57,350.86,31.7,83787.0,0.9052,0.198,0.0408,1.0,0.0,0,0.0,0,0,0,0,0
CH05713,가수+댄스+음악,350000,36660000,136,1875,50,22.8,90.58,464.0,4,21336.6,57125.16,914.34,32.34,59486.25,0.3883,3.974,0.0408,20.35,0.0,0,0.0,0,0,0,0,1
CH05714,라이프+취미,350000,251260000,774,5842,50,1.22,0.91,3.0,0,247267.66,197019.49,4410.14,286.18,265278.69,0.7502,0.743,0.1224,2.45,0.0267,2,0.04,0,0,2,0,0
CH05715,미용+패션,350000,35840000,371,3261,50,3.22,2.51,9.0,0,80531.2,67837.67,1127.64,79.92,78645.31,0.7383,0.778,0.1429,2.79,0.02,1,0.02,0,1,0,0,0
CH05716,TV+방송,350000,149250000,395,4267,50,4.61,6.4,45.0,1,224020.66,100279.9,2761.32,173.12,237418.2,0.5103,1.387,0.0204,9.76,0.0,0,0.0,0,0,0,0,0
CH05718,국내+여행+해외,350000,22590000,191,3614,50,1.59,2.42,7.0,0,18407.02,24623.68,86.96,17.7,18869.17,0.6097,1.517,0.1633,4.4,0.0,0,0.0,0,0,0,0,0
CH05719,레시피+요리+음식,350000,121610000,582,872,50,5.39,18.59,119.0,3,157854.68,499520.44,5122.8,100.36,207889.94,0.394,3.45,0.0612,22.09,0.0,0,0.0,0,0,0,0,0
CH05720,게임,350000,422070000,957,5066,50,4.65,8.66,35.0,2,1550581.48,3606613.93,3533.22,360.78,353874.42,0.5149,1.861,0.102,7.52,0.0,0,0.0,0,0,0,0,0
CH05721,라이프+취미,350000,19590000,476,4861,50,4.57,5.25,26.0,0,5667.96,5261.61,160.56,9.68,3911.09,0.6316,1.147,0.0816,5.69,0.0,0,0.0,0,0,0,0,0
CH05722,BJ+연예인+인물,350000,96870000,640,4830,50,0.92,0.85,4.0,0,47663.6,166733.92,634.7,39.14,7009.0,0.729,0.853,0.0408,4.0,0.0133,1,0.02,0,0,1,0,0
CH05726,레시피+요리+음식,350000,125430000,2235,3054,50,0.08,0.27,1.0,0,14638.38,30442.08,320.58,4.2,15008.85,0.868,0.274,0.0816,1.0,0.0267,2,0.04,0,0,2,0,0
CH05727,게임,350000,274190000,601,4302,50,1.35,3.83,20.0,0,40252.94,51015.15,366.16,29.98,15372.5,0.4178,2.844,0.0408,14.85,0.0333,3,0.06,1,0,2,0,0
CH05728,가수+댄스+음악,350000,363600000,235,4038,50,5.61,17.9,96.0,3,26121.42,84212.8,698.16,29.06,29672.75,0.401,3.19,0.0612,17.11,0.0,0,0.0,0,0,0,0,0
CH05729,미용+패션,350000,138990000,1407,3523,50,0.59,1.07,4.0,0,31781.94,46105.95,573.26,31.56,65809.94,0.6888,1.067,0.0816,4.0,0.0,0,0.0,0,0,0,0,0
CH05731,레시피+요리+음식,350000,261690000,248,1759,50,5.06,16.26,113.0,2,217051.54,295773.58,1882.48,73.52,285480.05,0.4065,3.212,0.0408,22.33,0.0333,2,0.04,0,1,1,0,0
CH05732,스포츠+운동,350000,125840000,1101,2686,50,4.45,4.1,21.0,0,82062.32,90909.0,974.58,19.46,89306.52,0.6927,0.922,0.0612,4.72,0.0,0,0.0,0,0,0,0,0
CH05733,미용+패션,350000,101900000,928,4311,50,2.92,3.51,19.0,0,25289.08,33574.48,560.82,69.92,28546.53,0.6083,1.203,0.0612,6.51,0.0467,3,0.06,0,0,3,0,0
CH05734,가수+댄스+음악,350000,118530000,70,3986,50,43.16,79.57,452.0,17,1433391.16,3180682.7,27650.34,515.75,1571345.09,0.4575,1.843,0.0612,10.47,0.0,0,0.0,0,0,0,0,1
CH05735,라이프+취미,350000,182290000,291,1962,50,21.41,63.21,320.0,7,839207.12,1698846.23,15402.58,569.5,844596.46,0.4143,2.952,0.0408,14.95,0.0,0,0.0,0,0,0,0,0
CH05736,라이프+취미,350000,148500000,456,3394,50,6.92,2.16,20.0,0,274772.94,177895.41,2623.7,604.32,274772.94,0.869,0.312,0.0408,2.89,0.0,0,0.0,0,0,0,0,0
CH05737,게임,350000,420730000,2042,2741,50,0.2,0.45,2.0,0,115951.54,96724.13,1085.56,115.86,120280.67,0.7895,0.451,0.1837,2.0,0.0067,1,0.02,0,0,1,0,0
CH05738,라이프+취미,350000,117990000,195,4615,50,30.73,38.94,159.0,13,616940.32,587393.01,15945.76,349.6,333555.67,0.634,1.267,0.0816,5.17,0.0067,1,0.02,0,0,1,0,0
CH05739,레시피+요리+음식,350000,148640000,444,3514,50,15.29,25.93,144.0,7,221353.78,470609.54,3362.92,644.54,159876.34,0.4898,1.696,0.0408,9.42,0.0,0,0.0,0,0,0,0,1
CH05740,게임,350000,512180000,1488,4534,50,3.71,5.81,24.0,0,2104968.76,5370294.15,1478.5,100.58,1182290.6,0.5533,1.563,0.1429,6.46,0.0,0,0.0,0,0,0,0,0
CH05741,게임,360000,220010000,2127,4423,50,1.02,4.5,32.0,1,128011.0,471850.23,1667.28,321.92,128011.0,0.3863,4.407,0.0204,31.36,0.0,0,0.0,0,0,0,0,0
CH05742,라이프+취미,360000,158620000,1390,5251,50,3.1,3.08,18.0,0,44092.8,54157.4,588.56,52.82,44092.8,0.6464,0.993,0.0816,5.8,0.0067,1,0.02,0,0,1,0,1
CH05744,BJ+연예인+인물,360000,127170000,278,3019,50,4.92,4.84,21.0,0,148983.44,151207.86,2122.78,141.0,198835.15,0.6913,0.984,0.0816,4.27,0.08,2,0.04,0,4,0,0,0
CH05745,라이프+취미,360000,272330000,766,4366,50,0.18,0.44,2.0,0,23772.38,28858.2,339.04,21.34,45738.2,0.799,0.437,0.1633,2.0,0.0,0,0.0,0,0,0,0,0
CH05746,게임,360000,292980000,1916,3874,50,3.51,4.95,20.0,0,13692.7,10082.1,288.34,16.94,14158.26,0.5936,1.411,0.1224,5.7,0.0933,4,0.08,0,0,5,0,1
CH05747,게임,360000,366540000,3288,5213,50,1.1,1.07,4.0,0,151914.8,131989.79,0.0,158.64,96509.36,0.7047,0.974,0.102,3.63,0.0267,2,0.04,0,0,2,0,0
CH05748,라이프+취미,360000,139100000,571,4774,50,4.9,4.73,20.0,0,14540.68,19667.53,157.72,25.06,9998.37,0.6928,0.966,0.102,4.08,0.0,0,0.0,0,0,0,0,0
CH05749,라이프+취미,360000,98760000,3020,2224,50,0.14,0.45,2.0,0,78135.86,151866.72,1044.18,65.38,70138.1,0.8138,0.452,0.102,2.0,0.0333,2,0.04,2,0,0,0,0
CH05753,라이프+취미,360000,266870000,416,2295,50,4.92,4.19,14.0,0,147056.06,123878.22,1710.08,256.24,159514.84,0.7332,0.853,0.1224,2.85,0.0533,3,0.06,0,0,2,1,0
CH05754,라이프+취미,360000,415560000,1140,2638,50,4.51,6.65,28.0,0,141994.22,785962.93,2024.66,17.9,7092.5,0.5859,1.475,0.0816,6.21,0.0133,1,0.02,0,0,1,0,0
CH05755,레시피+요리+음식,360000,49080000,494,3804,50,15.69,19.02,90.0,7,79488.28,186140.05,2557.18,202.92,15878.33,0.6296,1.212,0.0612,5.73,0.0,0,0.0,0,0,0,0,0
CH05756,자동차,360000,306990000,1011,2962,50,1.37,0.63,4.0,0,198958.58,121355.52,2762.8,251.36,178201.78,0.8302,0.46,0.0408,2.93,0.0333,2,0.04,0,0,2,0,0
CH05757,IT+기술+컴퓨터,360000,106160000,632,2633,50,1.35,1.68,8.0,0,59498.58,110374.28,703.36,83.18,78171.97,0.6137,1.251,0.0816,5.94,0.08,6,0.12,0,0,6,0,0
CH05759,게임,360000,226790000,1317,4728,50,4.2,3.64,14.0,0,69820.76,68524.17,1930.4,107.94,65403.6,0.7279,0.866,0.102,3.33,0.0467,3,0.06,0,0,3,0,0
CH05760,미용+패션,360000,41980000,1488,4540,50,0.33,0.65,3.0,0,5054.02,11207.95,94.08,10.08,25760.0,0.7845,0.651,0.0612,3.0,0.0733,5,0.1,0,0,5,0,0
CH05761,만화+애니+영화,360000,185900000,1081,5038,50,0.57,0.88,4.0,0,42661.42,124612.59,273.42,33.76,58350.2,0.7006,0.881,0.1224,4.0,0.0133,1,0.02,0,0,1,0,0
CH05762,어린이+키즈,360000,372650000,10836,4827,50,0.06,0.31,2.0,0,19164.84,19447.37,408.12,30.08,18715.34,0.8684,0.314,0.0408,2.0,0.0,0,0.0,0,0,0,0,0
CH05763,BJ+연예인+인물,360000,110980000,240,2623,50,10.9,15.92,81.0,6,134323.58,252823.79,1215.2,140.16,200057.35,0.5521,1.461,0.0816,7.43,0.0,0,0.0,0,0,0,0,0
CH05764,라이프+취미,360000,152990000,438,3506,50,0.61,0.99,4.0,0,18187.78,15527.98,199.4,15.35,0.0,0.7048,0.986,0.0612,4.0,0.0133,1,0.02,0,0,1,0,1
CH05765,게임,360000,198770000,1549,4342,50,0.78,1.36,7.0,0,40276.4,54423.85,465.62,34.26,0.0,0.567,1.359,0.102,7.0,0.16,10,0.2,0,1,10,0,0
CH05767,만화+애니+영화,360000,198030000,874,3265,50,1.47,1.05,5.0,0,224660.7,307091.94,2573.72,122.64,29947.4,0.7738,0.716,0.0204,3.4,0.04,3,0.06,0,0,3,0,0
CH05768,가수+댄스+음악,360000,25460000,216,3564,50,7.73,12.16,63.0,4,98586.48,220179.37,1965.64,165.76,154849.36,0.5107,1.572,0.1224,8.15,0.0,0,0.0,0,0,0,0,0
CH05769,라이프+취미,360000,17600000,137,4853,50,6.24,3.99,20.0,0,121067.78,126804.25,4284.24,547.98,121067.78,0.7747,0.639,0.0816,3.2,0.04,3,0.06,0,0,3,0,0
CH05770,레시피+요리+음식,360000,378610000,1193,2328,50,1.14,1.29,5.0,0,45365.98,57078.16,478.48,24.74,21381.0,0.6769,1.132,0.0612,4.38,0.0267,2,0.04,0,0,2,0,0
CH05772,BJ+연예인+인물,360000,345000000,656,1892,50,6.94,6.11,27.0,0,248272.98,199427.33,3341.29,297.68,213851.82,0.7159,0.88,0.0816,3.89,0.0,0,0.0,0,0,0,0,0
CH05773,BJ+연예인+인물,360000,156110000,122,2185,50,2.39,2.71,10.0,0,100209.56,339547.51,1930.96,168.72,99423.14,0.6636,1.135,0.1224,4.19,0.0,0,0.0,0,0,0,0,0
CH05774,레시피+요리+음식,360000,35120000,109,3741,50,42.76,61.99,315.0,18,33849.06,48812.02,812.62,98.14,35143.17,0.5609,1.45,0.0612,7.37,0.0133,1,0.02,0,0,1,0,1
CH05775,어린이+키즈,360000,380160000,380,2948,50,19.08,85.38,606.0,2,75886.74,77485.09,113.16,0.02,75886.74,0.3852,4.474,0.0204,31.76,0.0,0,0.0,0,0,0,0,0
CH05776,게임,360000,274540000,1841,3004,50,1.27,0.94,4.0,0,115020.46,97360.52,2546.06,125.78,94180.22,0.7452,0.745,0.1224,3.16,0.0267,2,0.04,0,0,2,0,0
CH05777,가수+댄스+음악,360000,234900000,3211,5141,50,0.43,0.78,4.0,0,6141.56,5267.81,149.16,14.66,6482.75,0.7274,0.782,0.0816,4.0,0.0,0,0.0,0,0,0,0,0
CH05778,레시피+요리+음식,360000,43830000,469,4880,50,20.31,41.44,176.0,9,19799.86,49712.45,157.16,8.78,14129.07,0.478,2.041,0.0816,8.67,0.0133,1,0.02,0,0,1,0,0
CH05779,스포츠+운동,360000,208390000,832,3199,50,4.08,5.1,30.0,1,104382.32,196056.67,854.5,16.34,32128.42,0.5797,1.249,0.0612,7.35,0.0,0,0.0,0,0,0,0,1
CH05780,BJ+연예인+인물,360000,362210000,825,2709,50,1.73,1.23,4.0,0,217417.92,406980.61,2703.96,129.3,103258.03,0.7624,0.706,0.102,2.31,0.0133,1,0.02,0,0,1,0,0
CH05781,국내+여행+해외,360000,162640000,293,742,50,5.41,4.82,25.0,0,256542.84,169672.12,4461.12,344.48,250580.05,0.6936,0.891,0.0816,4.62,0.0,0,0.0,0,0,0,0,0
CH05783,TV+방송,360000,187100000,353,4428,50,2.55,5.61,35.0,1,17629.2,17967.32,329.78,27.2,55674.0,0.4379,2.201,0.0612,13.72,0.0,0,0.0,0,0,0,0,1
CH05784,BJ+연예인+인물,360000,541420000,1788,3098,50,1.27,1.34,5.0,0,27026.3,42855.53,190.74,9.16,25794.32,0.6976,1.056,0.0612,3.95,0.0067,1,0.02,0,0,1,0,0
CH05785,레시피+요리+음식,360000,136010000,556,1865,50,2.24,0.96,6.0,0,152305.08,48161.1,4400.8,176.36,152305.08,0.8197,0.427,0.102,2.67,0.0267,2,0.04,0,0,2,0,0
CH05786,경제+부동산+주식,370000,39800000,237,3737,50,17.0,52.18,360.0,3,132062.32,313007.56,2218.38,175.66,91506.79,0.4167,3.069,0.0204,21.18,0.0933,6,0.12,0,0,6,0,0
CH05787,라이프+취미,370000,185670000,939,7172,50,3.45,3.01,13.0,0,92700.92,120727.16,1369.76,142.6,86684.41,0.7144,0.873,0.102,3.77,0.0,0,0.0,0,0,0,0,0
CH05788,BJ+연예인+인물,370000,110100000,600,4174,50,15.18,42.37,287.0,3,36989.72,28834.25,394.28,49.08,38942.54,0.4197,2.791,0.0408,18.9,0.0133,1,0.02,0,0,1,0,1
CH05789,스포츠+운동,370000,229940000,2828,5199,50,0.33,0.79,4.0,0,148318.18,154884.98,2956.62,313.34,129935.25,0.7198,0.793,0.102,4.0,0.0,0,0.0,0,0,0,0,0
CH05791,자동차,370000,937720000,2392,5676,50,0.31,0.95,6.0,0,441121.94,924069.08,305.6,20.06,180543.27,0.6521,0.952,0.0612,6.0,0.0,0,0.0,0,0,0,0,0
CH05792,BJ+연예인+인물,370000,141960000,191,2154,50,30.22,108.51,764.0,5,624640.96,624439.96,6950.96,428.92,448499.51,0.4028,3.59,0.0204,25.28,0.0,0,0.0,0,0,0,0,0
CH05793,강의+교육,370000,358130000,2315,4097,50,0.37,0.85,5.0,0,69083.46,118044.4,330.5,79.26,62710.18,0.6948,0.85,0.0612,5.0,0.0533,3,0.06,1,2,0,0,0
CH05794,스포츠+운동,370000,267010000,1767,6173,50,0.67,0.89,4.0,0,65350.16,143442.81,313.24,29.86,49130.07,0.7177,0.89,0.0612,4.0,0.0133,1,0.02,0,0,1,0,0
CH05795,라이프+취미,370000,64440000,215,2121,50,4.14,4.12,28.0,0,62664.5,46996.61,2900.08,223.6,60588.9,0.6372,0.995,0.0204,6.76,0.0133,1,0.02,0,0,1,0,0
CH05796,가수+댄스+음악,370000,15150000,51,2474,50,37.53,153.81,1086.0,6,296299.4,600302.79,13506.04,1160.58,304269.69,0.3919,4.098,0.0204,28.94,0.0,0,0.0,0,0,0,0,1
CH05797,강의+교육,370000,32080000,283,3444,50,18.31,30.71,135.0,11,2607.42,1841.61,91.0,1.28,3693.61,0.525,1.677,0.1224,7.37,0.0133,1,0.02,0,0,1,0,0
CH05798,강의+교육,370000,33910000,1321,4287,50,1.43,1.39,5.0,0,11702.6,8745.08,197.38,7.24,11295.57,0.709,0.97,0.102,3.5,0.0,0,0.0,0,0,0,0,0
CH05799,가수+댄스+음악,370000,115400000,172,3633,50,6.65,21.38,110.0,4,115016.46,365312.36,5092.6,99.16,115016.46,0.3942,3.214,0.0816,16.53,0.0,0,0.0,0,0,0,0,1
CH05800,TV+방송,370000,201930000,950,2321,50,1.47,1.3,5.0,0,68172.46,74782.26,479.84,61.24,117509.52,0.7359,0.881,0.0612,3.4,0.0133,1,0.02,0,0,1,0,0
CH05802,게임,370000,82940000,320,2511,50,1.1,1.2,4.0,0,149358.28,436431.1,2138.66,79.9,270751.5,0.6786,1.088,0.1429,3.63,0.0333,2,0.04,1,0,1,0,0
CH05803,게임,370000,93020000,57,2089,47,42.0,51.24,270.0,23,2005939.51,1477990.7,19805.13,1760.21,2309377.48,0.6077,1.22,0.0652,6.43,0.0,0,0.0,0,0,0,0,0
CH05804,BJ+연예인+인물,370000,359780000,438,2410,50,2.41,2.33,8.0,0,157299.7,317333.71,1562.44,77.04,366557.0,0.7144,0.967,0.102,3.32,0.0,0,0.0,0,0,0,0,1
CH05805,레시피+요리+음식,370000,35360000,127,4561,18,58.71,79.43,279.0,7,1790442.78,2696657.84,25202.06,333.11,462870.29,0.6448,1.353,0.0588,4.75,0.0,0,0.0,0,0,0,0,1
CH05806,BJ+연예인+인물,370000,316270000,593,1724,50,4.2,4.84,29.0,0,142640.4,94115.85,5597.24,251.84,108002.95,0.6088,1.151,0.0408,6.9,0.0,0,0.0,0,0,0,0,0
CH05807,라이프+취미,370000,100140000,289,1272,50,8.39,11.34,84.0,1,332111.56,194149.28,9490.48,746.52,339654.0,0.5064,1.352,0.0204,10.01,0.04,3,0.06,1,0,2,0,0
CH05808,미용+패션,370000,141170000,1550,5060,50,1.08,0.78,3.0,0,11189.06,7571.66,120.84,6.48,11573.05,0.7724,0.719,0.0612,2.77,0.0,0,0.0,0,0,0,0,0
CH05809,스포츠+운동,370000,161820000,345,4926,50,2.8,2.15,10.0,0,116594.9,107378.58,926.12,197.04,116594.9,0.7418,0.768,0.0816,3.58,0.0933,6,0.12,0,0,7,0,0
CH05810,스포츠+운동,370000,62210000,484,2353,50,0.65,1.1,6.0,0,19041.38,21423.79,201.22,13.42,24302.88,0.6342,1.098,0.0612,6.0,0.0133,1,0.02,0,0,1,0,0
CH05811,BJ+연예인+인물,370000,98180000,308,4960,50,2.86,14.16,100.0,1,169808.22,760903.85,1547.3,47.22,83575.37,0.3778,4.955,0.0204,35.0,0.02,1,0.02,0,1,0,0,0
CH05812,가수+댄스+음악,370000,93750000,599,4659,50,27.22,87.78,615.0,9,14994.16,29761.79,0.0,35.1,15110.23,0.4122,3.224,0.0204,22.59,0.0,0,0.0,0,0,0,0,0
CH05813,가수+댄스+음악,370000,176750000,2353,4866,50,0.78,1.09,5.0,0,13935.88,28926.38,194.82,13.8,4401.75,0.6634,1.093,0.0612,5.0,0.0,0,0.0,0,0,0,0,0
CH05814,경제+부동산+주식,370000,13600000,194,3989,50,13.59,10.79,62.0,3,80284.02,104449.07,2177.78,116.74,82566.98,0.7157,0.794,0.0612,4.56,0.0,0,0.0,0,0,0,0,0
CH05815,레시피+요리+음식,370000,100820000,412,3605,50,5.51,15.96,105.0,2,48183.26,84876.02,230.12,11.5,33973.36,0.4161,2.897,0.0408,19.06,0.0133,1,0.02,0,0,1,0,0
CH05816,라이프+취미,370000,156180000,431,4844,50,2.65,3.19,14.0,0,253316.3,190782.95,3944.28,353.84,261895.48,0.6313,1.203,0.102,5.28,0.0733,5,0.1,0,0,5,0,0
CH05817,TV+방송,370000,44730000,1027,3247,50,1.47,1.77,7.0,0,10359.38,21945.68,52.14,2.18,11622.94,0.6516,1.207,0.0816,4.76,0.0,0,0.0,0,0,0,0,0
CH05818,레시피+요리+음식,370000,240000,166,3417,50,7.57,17.41,88.0,4,2115.94,6231.46,8.02,0.52,2193.54,0.427,2.3,0.0816,11.62,0.0,0,0.0,0,0,0,0,0
CH05819,BJ+연예인+인물,370000,387310000,1004,2732,50,3.67,5.7,34.0,1,116377.46,251482.63,988.24,97.32,79642.77,0.4989,1.551,0.0612,9.26,0.0133,1,0.02,0,0,1,0,0
CH05820,미용+패션,370000,331340000,617,1609,50,2.06,1.58,6.0,0,82147.12,209892.55,1191.64,34.1,67138.67,0.7644,0.768,0.0612,2.91,0.0133,1,0.02,0,0,1,0,0
CH05821,라이프+취미,370000,84720000,84,4972,50,18.27,58.25,369.0,3,1167536.04,1316036.88,12504.22,1230.43,1167536.04,0.4071,3.189,0.0408,20.2,0.02,1,0.02,0,0,1,0,1
CH05823,미용+패션,370000,24490000,282,4841,50,23.45,34.64,230.0,12,13152.14,7846.32,321.57,37.42,13546.21,0.5012,1.477,0.0204,9.81,0.0,0,0.0,0,0,0,0,0
CH05824,자동차,370000,313940000,3061,4580,50,2.31,2.46,10.0,0,14663.32,17493.57,14.0,29.08,17447.83,0.6548,1.067,0.1633,4.34,0.0267,2,0.04,0,0,2,0,1
CH05825,강의+교육,370000,69740000,1042,2767,50,5.39,4.87,20.0,0,1788.44,2935.83,42.5,1.38,1738.31,0.6993,0.904,0.1429,3.71,0.0,0,0.0,0,0,0,0,0
CH05826,어린이+키즈,370000,43810000,505,2222,50,6.69,3.86,22.0,0,11448.5,15879.39,258.08,7.06,3794.65,0.7846,0.576,0.0816,3.29,0.0,0,0.0,0,0,0,0,0
CH05827,국내+여행+해외,370000,155630000,446,4062,50,19.02,71.18,469.0,4,196026.76,225526.19,6350.94,343.62,242461.17,0.3871,3.742,0.0612,24.66,0.0,0,0.0,0,0,0,0,1
CH05829,라이프+취미,370000,55290000,328,4968,50,8.92,5.26,22.0,0,44023.54,52820.24,1100.32,115.1,44263.9,0.7655,0.59,0.1633,2.47,0.0133,1,0.02,0,0,1,0,0
CH05830,라이프+취미,370000,155550000,353,2829,50,17.88,23.3,146.0,3,136796.08,101814.62,2136.08,223.9,136796.08,0.5511,1.304,0.0612,8.17,0.0333,3,0.06,0,0,3,0,0
CH05831,라이프+취미,370000,187490000,478,3511,50,3.14,3.12,14.0,0,130335.14,105181.07,2843.92,108.92,186537.12,0.7031,0.994,0.0204,4.45,0.0267,2,0.04,0,0,2,0,0
CH05832,국내+여행+해외,370000,97140000,483,3778,50,5.94,20.14,98.0,3,10811.06,18026.82,113.08,8.94,13493.0,0.3955,3.392,0.0612,16.5,0.0067,1,0.02,0,0,1,0,0
CH05833,TV+방송,370000,109170000,465,3542,50,28.63,98.96,649.0,4,82170.96,157752.86,735.6,52.94,77142.7,0.4,3.456,0.0408,22.67,0.0333,2,0.04,0,0,2,0,0
CH05835,라이프+취미,370000,131010000,328,2878,50,5.18,6.87,24.0,0,383757.42,901286.39,6674.6,285.94,363516.49,0.6256,1.325,0.1429,4.63,0.0267,2,0.04,0,0,2,0,0
CH05836,BJ+연예인+인물,370000,29430000,81,4148,50,25.57,35.26,163.0,15,181825.6,139629.63,3795.22,365.3,168788.91,0.5954,1.379,0.0612,6.37,0.0133,1,0.02,0,0,1,0,1
CH05837,미용+패션,370000,40320000,215,3401,50,8.16,13.2,90.0,2,27760.1,45170.01,462.65,5.84,7321.0,0.4788,1.617,0.0408,11.02,0.02,1,0.02,0,0,1,0,0
CH05838,가수+댄스+음악,370000,77780000,883,4945,50,3.86,3.41,23.0,0,23411.58,73019.67,315.76,11.16,23550.84,0.6623,0.884,0.0612,5.96,0.0,0,0.0,0,0,0,0,0
CH05839,자동차,370000,511120000,2832,2629,50,8.16,55.69,394.0,1,8819.36,8404.99,37.6,9.92,481.67,0.3578,6.822,0.0204,48.26,0.1,6,0.12,0,0,6,0,0
CH05840,TV+방송,380000,226150000,452,3708,50,14.69,68.62,489.0,2,129441.0,95263.75,1183.52,165.59,129441.0,0.3821,4.67,0.0204,33.28,0.0133,1,0.02,0,0,1,0,1
CH05841,TV+방송,380000,344030000,1177,4224,50,1.59,1.05,4.0,0,152289.78,128086.01,3708.22,213.52,118547.33,0.7403,0.658,0.2041,2.51,0.0,0,0.0,0,0,0,0,0
CH05842,가수+댄스+음악,380000,62130000,937,3278,50,2.27,5.83,39.0,1,6514.74,6289.8,537.08,12.42,2238.0,0.4339,2.572,0.0204,17.22,0.0,0,0.0,0,0,0,0,0
CH05843,만화+애니+영화,380000,170860000,255,4974,50,12.55,28.43,133.0,6,351622.86,785882.66,2477.26,249.14,568272.46,0.4347,2.265,0.0612,10.6,0.0067,1,0.02,0,0,1,0,0
CH05844,레시피+요리+음식,380000,64160000,497,3324,50,4.92,2.17,8.0,0,19862.4,19061.36,568.6,158.66,20883.7,0.8161,0.442,0.102,1.63,0.0267,2,0.04,0,0,2,0,0
CH05845,레시피+요리+음식,380000,59650000,531,2545,50,4.45,5.51,35.0,1,18691.68,8954.16,456.52,14.94,14166.77,0.5782,1.239,0.0204,7.87,0.1,5,0.1,0,0,5,0,0
CH05846,미용+패션,380000,129640000,850,2753,50,1.57,0.83,4.0,0,101005.54,79658.86,1335.02,114.0,107734.35,0.7717,0.53,0.1837,2.55,0.0,0,0.0,0,0,0,0,0
CH05849,스포츠+운동,380000,185910000,582,3212,50,3.31,4.28,14.0,0,162897.32,483225.35,1269.86,201.5,48907.29,0.6336,1.295,0.1633,4.23,0.0533,4,0.08,0,0,4,0,0
CH05851,게임,380000,417140000,8523,4495,50,0.06,0.24,1.0,0,42613.9,23945.43,320.26,45.78,42413.73,0.8849,0.24,0.0612,1.0,0.0333,2,0.04,0,0,1,1,0
CH05852,어린이+키즈,380000,113390000,257,2567,50,16.45,20.9,121.0,5,203959.52,114902.7,2865.82,370.66,203959.52,0.5774,1.271,0.0612,7.36,0.04,2,0.04,0,2,0,0,0
CH05853,경제+부동산+주식,380000,203340000,1088,2995,50,5.43,7.68,36.0,1,121181.04,102018.5,771.0,107.78,126026.44,0.5789,1.414,0.0816,6.63,0.0267,2,0.04,0,0,1,1,0
CH05855,게임,380000,81240000,1136,3262,50,1.08,2.17,11.0,0,171422.2,168092.78,738.04,112.12,164437.22,0.4416,2.01,0.0816,10.17,0.0,0,0.0,0,0,0,0,0
CH05856,게임,380000,538330000,2835,4510,50,2.16,1.13,6.0,0,17744.68,13635.18,358.14,17.44,17744.68,0.7977,0.523,0.102,2.77,0.02,2,0.04,0,0,2,0,0
CH05858,자동차,380000,188550000,824,4862,50,2.29,1.75,7.0,0,120228.98,75593.85,1438.42,276.38,124308.13,0.7447,0.765,0.1224,3.06,0.02,1,0.02,0,0,1,0,0
CH05859,BJ+연예인+인물,380000,51370000,293,479,50,2.96,8.78,49.0,2,113422.58,166289.38,4654.04,155.52,232596.21,0.4077,2.966,0.0612,16.56,0.0,0,0.0,0,0,0,0,0
CH05860,가수+댄스+음악,380000,125620000,220,5255,50,10.67,31.46,194.0,4,32878.34,36129.25,1255.61,101.8,34151.86,0.4083,2.947,0.0612,18.18,0.0133,1,0.02,1,0,0,0,1
CH05861,게임,380000,146040000,421,2505,50,8.69,6.64,32.0,1,129954.42,103794.6,1987.92,133.88,129954.42,0.7395,0.764,0.0816,3.68,0.02,2,0.04,0,0,2,0,0
CH05862,가수+댄스+음악,380000,624430000,281,3022,50,8.67,32.38,204.0,3,262718.96,967179.47,2164.96,121.5,442290.18,0.3873,3.733,0.0612,23.52,0.0,0,0.0,0,0,0,0,0
CH05864,레시피+요리+음식,380000,172740000,1150,3723,50,7.0,11.54,36.0,5,4250.28,3830.3,58.8,14.48,5862.22,0.597,1.648,0.102,5.14,0.0,0,0.0,0,0,0,0,1
CH05865,TV+방송,380000,606380000,1423,5191,50,7.33,6.86,30.0,1,2604.34,2024.31,31.72,3.4,2199.25,0.6964,0.936,0.102,4.09,0.0,0,0.0,0,0,0,0,0
CH05866,레시피+요리+음식,380000,141640000,285,1647,50,5.96,3.04,14.0,0,232819.04,314482.46,3181.16,163.32,215758.5,0.7697,0.511,0.2041,2.35,0.0667,4,0.08,0,0,5,0,1
CH05867,BJ+연예인+인물,380000,396360000,725,2015,50,1.98,1.33,7.0,0,157161.08,220004.1,2304.02,107.66,110567.0,0.7591,0.673,0.0816,3.54,0.0133,1,0.02,0,0,1,0,0
CH05868,어린이+키즈,380000,54670000,1163,2669,50,1.55,4.89,34.0,1,5636.84,4332.01,18.94,0.0,11087.0,0.4143,3.151,0.0204,21.92,0.0,0,0.0,0,0,0,0,0
CH05869,가수+댄스+음악,380000,247570000,174,3738,50,47.84,249.65,1770.0,6,638702.94,630756.4,8572.53,1533.46,665945.96,0.3743,5.219,0.0204,37.0,0.0,0,0.0,0,0,0,0,1
CH05871,경제+부동산+주식,380000,72110000,5375,3141,50,0.0,0.0,0.0,0,6436.58,4967.25,193.04,16.78,6436.58,1.0,0.0,0.0,0.0,0.0667,5,0.1,5,0,0,0,0
CH05872,라이프+취미,380000,163520000,602,2702,50,5.2,2.19,7.0,0,217746.12,103892.94,3755.14,917.82,218140.72,0.8154,0.42,0.1224,1.35,0.0,0,0.0,0,0,0,0,0
CH05873,TV+방송,380000,236860000,1055,3763,50,0.24,0.62,3.0,0,11749.02,18712.01,85.44,4.22,2727.0,0.7896,0.624,0.0612,3.0,0.0133,1,0.02,0,0,1,0,0
CH05874,미용+패션,380000,31850000,345,3846,50,13.53,15.59,67.0,7,8924.16,19446.39,135.38,11.32,12935.13,0.6459,1.152,0.102,4.95,0.04,3,0.06,0,0,3,0,0
CH05875,게임,380000,139660000,2201,4334,50,21.71,42.86,207.0,10,30384.96,55112.7,591.08,68.76,30384.96,0.4631,1.974,0.0612,9.53,0.0533,2,0.04,0,0,2,1,1
CH05876,라이프+취미,380000,34090000,180,6565,50,19.31,20.39,86.0,12,75887.9,156258.45,1352.34,108.46,126142.42,0.671,1.056,0.102,4.45,0.0133,1,0.02,0,0,1,0,0
CH05879,BJ+연예인+인물,380000,187930000,550,2096,50,14.55,82.5,582.0,2,588657.16,2763995.45,9377.5,143.78,338457.12,0.3688,5.669,0.0204,40.0,0.0,0,0.0,0,0,0,0,1
CH05880,BJ+연예인+인물,380000,537550000,850,2748,50,0.59,0.7,2.0,0,324824.02,325162.48,3912.92,76.72,96516.64,0.7578,0.697,0.1224,2.0,0.0267,2,0.04,0,0,2,0,0
CH05881,게임,380000,84220000,472,4090,50,2.73,8.58,59.0,1,10222.8,44413.55,80.78,1.6,1405.5,0.4086,3.138,0.0408,21.57,0.0,0,0.0,0,0,0,0,0
CH05882,TV+방송,380000,74800000,507,3440,50,2.86,2.52,10.0,0,28338.1,26092.36,359.27,23.74,23995.95,0.7145,0.883,0.1224,3.5,0.0,0,0.0,0,0,0,0,0
CH05883,라이프+취미,380000,98330000,147,3756,50,29.88,81.34,580.0,10,391314.08,1145403.27,2642.3,52.46,255851.63,0.4282,2.723,0.0204,19.41,0.0133,2,0.04,0,0,2,0,0
CH05884,BJ+연예인+인물,380000,476240000,1019,2695,50,1.1,1.42,7.0,0,238378.02,499527.33,2801.14,56.6,176778.62,0.6045,1.286,0.0612,6.35,0.0133,1,0.02,0,0,1,0,0
CH05885,BJ+연예인+인물,380000,41070000,375,1000,50,2.06,2.32,10.0,0,41534.44,33373.93,2355.5,108.9,56264.76,0.6515,1.128,0.102,4.85,0.04,3,0.06,1,0,2,0,0
CH05886,TV+방송,380000,262550000,460,2711,50,20.61,108.41,771.0,1,206984.0,216555.09,1884.36,116.6,248498.95,0.3738,5.259,0.0204,37.4,0.0467,3,0.06,0,0,3,0,0
CH05888,자동차,380000,187540000,1677,5833,50,1.47,1.39,4.0,0,57797.9,56057.48,812.86,59.36,57797.9,0.7266,0.944,0.102,2.72,0.02,2,0.04,0,0,2,0,0
CH05889,강의+교육,380000,115010000,584,2908,50,6.33,2.85,12.0,0,84196.6,74940.08,1672.64,262.96,73420.83,0.7956,0.451,0.1633,1.9,0.0067,1,0.02,0,0,1,0,0
CH05891,레시피+요리+음식,380000,250300000,1806,2536,50,1.27,1.27,6.0,0,8707.42,9983.09,77.36,1.64,4507.22,0.6871,1.007,0.0408,4.74,0.0333,2,0.04,0,0,2,0,0
CH05892,라이프+취미,380000,1615340000,1079,1481,50,2.65,5.97,42.0,1,2995631.74,3931427.52,36153.62,931.48,37946.0,0.4478,2.249,0.0204,15.83,0.0133,1,0.02,0,0,1,0,1
CH05893,TV+방송,380000,198130000,1132,3723,50,1.1,2.32,6.0,0,14376.32,33382.15,105.76,12.9,15062.32,0.5359,2.108,0.1837,5.44,0.0667,5,0.1,0,0,5,0,0
CH05894,스포츠+운동,390000,208380000,1349,2676,50,0.94,0.79,4.0,0,98730.08,133679.17,799.34,87.88,82245.75,0.7442,0.793,0.0204,4.0,0.0267,2,0.04,0,0,2,0,0
CH05896,국내+여행+해외,390000,104960000,451,5092,50,4.65,2.67,13.0,0,185526.38,141430.57,5195.16,184.08,185526.38,0.7994,0.574,0.0612,2.79,0.0467,4,0.08,0,0,4,0,0
CH05899,라이프+취미,390000,185200000,899,2600,50,3.24,2.21,11.0,0,55273.58,71557.68,4973.26,467.68,55711.31,0.7741,0.681,0.0408,3.39,0.0333,2,0.04,0,1,1,0,0
CH05900,TV+방송,390000,556720000,2109,3321,50,8.27,44.2,307.0,2,39730.14,32393.17,487.12,60.12,39730.14,0.3727,5.347,0.0204,37.14,0.0733,5,0.1,0,1,4,0,1
CH05902,라이프+취미,390000,135250000,409,3490,50,4.69,4.05,18.0,0,96979.34,132759.53,906.58,136.06,101312.51,0.72,0.863,0.0816,3.83,0.0533,4,0.08,0,0,4,0,0
CH05904,TV+방송,390000,82730000,125,2619,50,36.29,37.7,194.0,18,501510.8,234712.12,12227.98,2617.52,501510.8,0.6476,1.039,0.102,5.35,0.0,0,0.0,0,0,0,0,1
CH05905,BJ+연예인+인물,390000,144700000,541,3105,50,2.69,3.29,14.0,0,59435.2,159079.72,669.64,10.92,15549.0,0.644,1.221,0.0612,5.2,0.0267,2,0.04,0,0,2,0,0
CH05906,라이프+취미,390000,403430000,2127,1497,50,0.2,0.4,1.0,0,254128.92,154628.54,2169.84,50.76,228341.51,0.7951,0.403,0.2041,1.0,0.0867,4,0.08,0,0,3,2,0
CH05907,레시피+요리+음식,390000,247850000,764,2202,50,5.73,3.88,17.0,0,116988.7,63461.08,2502.2,126.78,112010.57,0.7675,0.677,0.102,2.96,0.0267,2,0.04,0,0,2,0,0
CH05908,스포츠+운동,390000,349700000,856,3439,50,9.82,7.07,35.0,2,68214.68,65463.01,611.88,56.28,64383.41,0.7561,0.721,0.0612,3.57,0.0533,4,0.08,0,0,4,0,1
CH05909,강의+교육,390000,176690000,1206,2958,50,5.49,4.93,27.0,0,28568.5,56384.2,335.12,10.84,29272.36,0.6841,0.899,0.0816,4.92,0.0,0,0.0,0,0,0,0,0
CH05911,BJ+연예인+인물,390000,951000000,2541,2382,50,0.49,0.76,3.0,0,530544.14,568676.07,4328.58,307.86,35337.85,0.7597,0.759,0.0816,3.0,0.0133,1,0.02,0,0,1,0,0
CH05912,자동차,390000,472500000,1512,5042,50,0.39,0.53,2.0,0,171275.96,154780.04,1058.96,266.3,137157.65,0.8212,0.527,0.0204,2.0,0.0467,4,0.08,0,0,4,0,0
CH05913,라이프+취미,390000,277210000,1003,2834,50,2.06,1.04,4.0,0,376882.88,491318.45,8865.94,379.22,369414.33,0.7958,0.504,0.1224,1.94,0.0867,6,0.12,0,0,6,0,0
CH05914,레시피+요리+음식,390000,88980000,1132,2027,50,1.04,1.21,4.0,0,86176.32,218673.91,489.22,19.94,43099.92,0.6764,1.164,0.102,3.84,0.0133,1,0.02,0,0,1,0,0
CH05915,BJ+연예인+인물,390000,166110000,590,4276,50,2.67,2.05,9.0,0,343558.14,388248.25,5649.42,159.82,269284.32,0.7539,0.768,0.0612,3.37,0.0667,5,0.1,0,0,5,0,0
CH05916,어린이+키즈,390000,295850000,1710,3295,50,2.02,3.57,25.0,0,21367.76,16840.35,423.98,5.26,21005.82,0.4745,1.768,0.0204,12.37,0.0133,1,0.02,0,0,1,0,1
CH05917,미용+패션,390000,31680000,261,3696,50,9.08,5.96,23.0,0,80165.6,87445.41,1554.9,212.02,81726.42,0.7529,0.656,0.1633,2.53,0.0267,2,0.04,0,0,2,0,0
CH05918,레시피+요리+음식,390000,175290000,1335,4380,50,2.94,6.62,48.0,1,45719.58,123707.25,362.82,71.94,45719.58,0.4476,2.252,0.0204,16.33,0.0,0,0.0,0,0,0,0,1
CH05919,TV+방송,390000,612380000,888,4833,50,0.88,1.9,11.0,0,38608.34,126826.24,85.36,3.26,19337.22,0.4539,1.902,0.0612,11.0,0.02,1,0.02,0,1,0,0,0
CH05921,스포츠+운동,390000,85750000,565,2182,50,3.35,2.22,9.0,0,227357.6,343053.6,3934.2,285.78,235380.58,0.7272,0.663,0.2449,2.69,0.0333,3,0.06,0,0,3,0,0
CH05922,라이프+취미,390000,215860000,299,3129,50,3.8,2.48,7.0,0,389615.82,244711.27,17071.28,899.84,343816.9,0.7778,0.654,0.0816,1.84,0.02,2,0.04,0,0,2,0,0
CH05923,BJ+연예인+인물,390000,37540000,110,1563,50,21.02,31.72,129.0,9,428352.18,296017.45,8778.64,212.32,430603.76,0.5791,1.509,0.102,6.14,0.0,0,0.0,0,0,0,0,0
CH05924,라이프+취미,390000,104420000,335,5046,50,9.9,10.64,46.0,4,45477.26,155655.85,888.42,48.96,20448.39,0.6694,1.075,0.0816,4.65,0.0,0,0.0,0,0,0,0,1
CH05925,가수+댄스+음악,390000,656770000,497,4776,50,2.76,4.92,26.0,0,99488.28,106340.87,1325.1,81.64,153526.41,0.4773,1.785,0.0612,9.44,0.0,0,0.0,0,0,0,0,0
CH05926,BJ+연예인+인물,390000,124350000,336,2478,50,7.35,24.59,175.0,1,179757.94,304321.83,2597.44,362.38,195091.59,0.4089,3.347,0.0204,23.82,0.02,1,0.02,0,0,1,0,0
CH05927,게임,390000,151300000,360,2957,50,4.2,4.85,14.0,0,413406.52,255580.32,17533.8,1215.12,391701.34,0.6799,1.153,0.1429,3.33,0.0,0,0.0,0,0,0,0,0
CH05928,게임,390000,164220000,2241,5068,50,7.65,21.09,146.0,1,19156.74,15244.55,255.58,47.18,19017.52,0.427,2.756,0.0204,19.08,0.02,1,0.02,0,0,1,0,1
CH05929,라이프+취미,390000,263420000,535,2381,50,10.96,62.65,445.0,1,267468.58,173039.34,3464.6,247.7,267468.58,0.3683,5.717,0.0204,40.61,0.0133,1,0.02,0,0,1,0,1
CH05930,경제+부동산+주식,390000,70830000,6970,2876,50,0.08,0.34,2.0,0,6654.56,7774.59,230.24,4.07,6618.18,0.8547,0.34,0.0612,2.0,0.0,0,0.0,0,0,0,0,0
CH05931,가수+댄스+음악,390000,61670000,389,1749,50,0.06,0.31,2.0,0,70116.26,134513.4,2063.14,140.0,85838.73,0.8684,0.314,0.0408,2.0,0.0,0,0.0,0,0,0,0,0
CH05932,BJ+연예인+인물,390000,115140000,208,724,50,3.37,6.25,33.0,1,340428.2,433916.79,6791.64,301.7,375344.03,0.4624,1.856,0.0612,9.8,0.02,2,0.04,0,0,2,0,0
CH05933,BJ+연예인+인물,390000,128210000,516,4308,50,3.94,3.81,16.0,0,138688.34,120286.34,1641.24,70.1,141212.11,0.6992,0.968,0.0816,4.06,0.02,1,0.02,0,0,1,0,0
CH05934,TV+방송,400000,320600000,2350,4650,50,5.51,8.12,51.0,2,22569.08,20801.79,390.4,43.32,19112.5,0.505,1.474,0.0612,9.26,0.0,0,0.0,0,0,0,0,0
CH05935,게임,400000,243070000,1591,3957,50,0.65,1.17,5.0,0,50507.1,153336.87,456.14,15.74,2548.44,0.6426,1.17,0.102,5.0,0.0,0,0.0,0,0,0,0,0
CH05936,TV+방송,400000,291850000,3209,2452,50,6.96,36.78,258.0,2,8363.3,12356.12,477.14,21.2,9895.68,0.3734,5.286,0.0204,37.07,0.0333,2,0.04,0,0,2,0,1
CH05937,TV+방송,400000,414040000,3951,2104,50,0.2,0.53,2.0,0,289246.18,818783.36,1991.22,37.98,37592.21,0.8076,0.534,0.0612,2.0,0.06,5,0.1,0,0,5,0,1
CH05938,레시피+요리+음식,400000,246670000,587,1285,50,2.41,2.05,7.0,0,125770.62,129717.68,1625.42,97.76,171174.82,0.7456,0.851,0.0816,2.91,0.02,2,0.04,0,0,2,0,0
CH05939,게임,400000,603450000,5613,3937,50,0.27,0.56,2.0,0,134028.14,127889.29,2353.86,264.42,90657.68,0.8015,0.563,0.0612,2.0,0.0,0,0.0,0,0,0,0,0
CH05940,게임,400000,438220000,1864,2277,50,0.12,0.33,1.0,0,105668.52,198014.0,2708.34,122.06,52915.78,0.8398,0.328,0.1224,1.0,0.1267,9,0.18,0,0,9,0,0
CH05941,게임,400000,151290000,570,1995,50,1.65,2.71,11.0,0,221783.08,1139979.92,1951.62,218.8,76390.05,0.5603,1.642,0.0816,6.65,0.0,0,0.0,0,0,0,0,0
CH05942,레시피+요리+음식,400000,104490000,524,2031,50,6.18,5.19,24.0,0,55514.56,110308.95,781.78,15.06,58978.57,0.7221,0.84,0.0816,3.88,0.0133,1,0.02,0,0,1,0,0
CH05943,레시피+요리+음식,400000,248460000,1589,2546,50,0.0,0.0,0.0,0,142200.22,539296.11,493.52,28.74,36524.29,1.0,0.0,0.0,0.0,0.0,0,0.0,0,0,0,0,0
CH05945,게임,400000,342810000,1891,4642,50,5.1,8.72,55.0,1,45336.46,67470.9,1268.24,76.2,33357.89,0.4723,1.709,0.0408,10.78,0.02,1,0.02,0,0,1,0,0
CH05946,자동차,400000,187360000,982,3922,50,2.0,1.36,6.0,0,104170.54,72436.67,1464.66,430.38,102228.91,0.7797,0.678,0.0612,3.0,0.0,0,0.0,0,0,0,0,0
CH05947,레시피+요리+음식,400000,132900000,1789,2648,50,0.67,0.65,3.0,0,68029.56,240219.75,692.76,9.82,69926.0,0.7845,0.651,0.0612,3.0,0.0,0,0.0,0,0,0,0,0
CH05948,BJ+연예인+인물,400000,49690000,155,1322,50,11.63,27.37,130.0,5,143575.18,282590.0,1041.32,33.58,169230.76,0.4307,2.353,0.0612,11.18,0.0,0,0.0,0,0,0,0,0
CH05949,자동차,400000,200180000,1398,5016,50,0.69,0.99,4.0,0,50878.78,42334.93,541.66,307.76,74864.77,0.7038,0.994,0.0612,4.0,0.02,1,0.02,0,1,0,0,0
CH05950,게임,400000,191140000,386,4223,50,15.31,29.36,154.0,3,844683.2,1529886.96,14326.48,940.08,847596.37,0.4591,1.918,0.0408,10.06,0.02,1,0.02,0,0,0,1,1
CH05951,게임,400000,222230000,1044,2952,50,13.12,70.95,504.0,1,97192.5,124368.87,1338.3,124.12,57162.58,0.3719,5.407,0.0204,38.41,0.0133,1,0.02,0,0,1,0,0
CH05952,게임,400000,286180000,889,4239,50,5.51,10.36,49.0,2,143640.16,583372.71,901.18,282.84,174947.67,0.4808,1.88,0.0816,8.89,0.0133,1,0.02,0,0,1,0,0
CH05953,레시피+요리+음식,400000,200240000,967,4313,50,0.92,1.1,6.0,0,271835.46,270130.9,1782.02,161.12,61262.28,0.6336,1.104,0.0612,6.0,0.0,0,0.0,0,0,0,0,0
CH05954,라이프+취미,400000,67160000,285,4764,50,18.04,22.96,117.0,8,35828.92,38323.83,559.3,344.96,35971.98,0.6082,1.273,0.0408,6.49,0.0,0,0.0,0,0,0,0,0
CH05955,게임,400000,255630000,816,1881,50,1.69,1.86,7.0,0,397749.78,318060.01,1530.7,168.0,401333.14,0.6689,1.101,0.1224,4.13,0.0133,1,0.02,0,0,1,0,1
CH05956,BJ+연예인+인물,400000,183480000,238,612,50,1.27,2.88,14.0,0,404108.9,722616.27,4623.28,111.62,397017.64,0.4035,2.279,0.1633,11.06,0.0,0,0.0,0,0,0,0,0
CH05957,라이프+취미,400000,270820000,1522,4373,50,5.29,22.94,161.0,2,21710.66,39526.79,476.02,21.24,14712.63,0.3875,4.339,0.0204,30.46,0.0467,3,0.06,0,0,3,0,0
CH05958,어린이+키즈,400000,228740000,1755,5038,50,1.24,1.92,7.0,0,85075.14,207742.99,762.92,55.72,69810.29,0.591,1.544,0.102,5.62,0.0,0,0.0,0,0,0,0,0
CH05959,만화+애니+영화,400000,212280000,538,4988,50,16.73,23.39,104.0,11,74955.2,282187.89,997.88,52.52,42394.69,0.5861,1.397,0.102,6.21,0.0333,2,0.04,0,0,2,0,0
CH05961,가수+댄스+음악,400000,198280000,1726,2826,50,0.55,0.95,4.0,0,8192.3,8326.17,972.32,32.76,7608.88,0.6851,0.949,0.1429,4.0,0.0,0,0.0,0,0,0,0,0
CH05962,TV+방송,400000,410200000,8312,3924,50,4.63,6.67,30.0,1,24026.64,48750.79,459.92,53.14,27029.68,0.5812,1.44,0.0816,6.48,0.0133,1,0.02,0,0,1,0,1
CH05963,가수+댄스+음악,400000,178830000,520,3904,50,14.9,39.96,200.0,6,12313.3,55053.35,400.71,9.62,31639.95,0.4113,2.682,0.0816,13.42,0.02,1,0.02,0,0,1,0,0
CH05964,게임,400000,356580000,2780,3544,50,2.39,1.78,8.0,0,74718.28,40290.51,607.42,177.38,74718.28,0.764,0.746,0.0408,3.35,0.16,12,0.24,0,0,12,0,0
CH05965,어린이+키즈,400000,117360000,131,2512,50,14.92,25.28,119.0,6,9026.26,17507.47,172.11,0.47,8178.81,0.525,1.695,0.0612,7.98,0.0133,1,0.02,0,0,1,0,1
CH05966,TV+방송,400000,141090000,499,4810,50,6.76,30.43,205.0,2,252323.0,773671.65,5438.96,95.9,29550.0,0.3786,4.505,0.0408,30.35,0.0,0,0.0,0,0,0,0,1
CH05967,라이프+취미,400000,157150000,1141,4624,50,0.57,0.97,3.0,0,26772.58,18526.47,1022.82,68.92,26663.55,0.7295,0.969,0.0816,3.0,0.0067,1,0.02,0,0,1,0,0
CH05968,게임,400000,250250000,2583,5734,50,1.12,1.9,12.0,0,71653.22,63453.96,797.88,271.56,69419.7,0.4733,1.695,0.0408,10.69,0.0667,4,0.08,0,0,4,0,0
CH05969,스포츠+운동,400000,295010000,5376,3001,50,0.0,0.0,0.0,0,30863.04,18211.99,416.98,138.38,30863.04,1.0,0.0,0.0,0.0,0.16,12,0.24,0,0,12,0,0
CH05970,미용+패션,410000,32300000,318,3811,50,13.98,28.57,189.0,4,9683.36,9817.11,178.48,11.16,13091.38,0.452,2.044,0.0408,13.52,0.0,0,0.0,0,0,0,0,0
CH05971,BJ+연예인+인물,410000,115400000,888,4582,50,1.12,1.36,5.0,0,39981.26,32934.76,371.2,37.9,27426.26,0.6596,1.216,0.0816,4.45,0.0,0,0.0,0,0,0,0,0
CH05972,미용+패션,410000,208730000,1074,3767,50,3.29,4.76,19.0,0,56324.08,73084.45,877.48,224.46,58098.32,0.5879,1.45,0.1224,5.78,0.0867,6,0.12,0,0,6,0,0
CH05973,TV+방송,410000,293250000,5318,7475,50,0.39,1.16,5.0,0,10228.22,16873.51,341.5,29.7,10481.68,0.6563,1.157,0.0612,5.0,0.0,0,0.0,0,0,0,0,0
CH05974,미용+패션,410000,59520000,1188,4761,50,1.24,1.91,9.0,0,23428.94,56237.64,565.72,27.6,36753.04,0.5519,1.536,0.0816,7.23,0.0,0,0.0,0,0,0,0,0
CH05976,레시피+요리+음식,410000,281610000,861,2185,50,0.49,0.54,2.0,0,161266.22,135356.03,1976.44,152.7,273784.22,0.8187,0.539,0.0204,2.0,0.0,0,0.0,0,0,0,0,0
CH05977,게임,410000,472700000,2409,1863,50,0.14,0.35,1.0,0,171238.14,127652.6,1109.74,108.2,143560.43,0.8275,0.35,0.1429,1.0,0.0733,5,0.1,0,0,5,0,0
CH05978,가수+댄스+음악,410000,300690000,672,5912,50,4.63,9.95,63.0,1,61189.08,76110.01,1776.52,155.7,78829.08,0.4405,2.147,0.0612,13.6,0.0,0,0.0,0,0,0,0,1
CH05979,미용+패션,410000,110240000,563,3177,50,1.96,2.11,10.0,0,79560.32,147383.95,1108.96,63.44,46867.97,0.6623,1.076,0.0612,5.1,0.0467,3,0.06,0,0,3,0,0
CH05980,BJ+연예인+인물,410000,35350000,204,2066,50,17.12,24.92,145.0,5,56942.44,51004.93,2021.9,135.9,49833.64,0.5229,1.455,0.0816,8.47,0.0333,2,0.04,0,0,2,0,0
CH05981,TV+방송,410000,206170000,526,5022,50,22.49,45.93,239.0,9,182561.14,261230.87,2812.48,227.08,203941.21,0.4399,2.042,0.0816,10.63,0.0133,1,0.02,0,0,1,0,0
CH05982,BJ+연예인+인물,410000,575350000,1134,4223,50,1.94,1.71,8.0,0,283328.52,934671.83,3222.88,153.28,407813.62,0.7092,0.881,0.0816,4.13,0.1,5,0.1,0,0,5,0,0
CH05983,게임,410000,401240000,1829,3392,50,2.49,3.77,21.0,0,107234.7,90001.7,0.0,84.56,65970.0,0.5251,1.516,0.0612,8.43,0.0333,2,0.04,0,0,2,0,0
CH05984,라이프+취미,410000,202890000,1114,2384,50,0.47,0.54,2.0,0,63485.72,124216.98,778.08,36.02,52586.36,0.8189,0.538,0.0204,2.0,0.0133,1,0.02,0,0,1,0,0
CH05985,TV+방송,410000,213640000,727,3829,50,5.9,3.03,11.0,0,51981.98,36097.38,709.42,82.96,56453.47,0.7813,0.514,0.1633,1.87,0.04,3,0.06,0,0,3,0,0
CH05987,BJ+연예인+인물,410000,126930000,370,4667,50,25.53,26.47,125.0,13,88263.08,185846.63,1100.56,100.26,85309.17,0.6607,1.037,0.102,4.9,0.04,3,0.06,0,0,3,0,1
CH05988,국내+여행+해외,410000,323250000,2085,3449,50,0.73,1.05,4.0,0,55144.86,51292.32,498.12,49.5,143019.12,0.6914,1.045,0.0816,4.0,0.0,0,0.0,0,0,0,0,0
CH05989,만화+애니+영화,410000,644560000,1494,3397,50,1.94,1.08,5.0,0,17864.66,10860.62,52.42,0.0,17864.66,0.8092,0.555,0.0408,2.58,0.0,0,0.0,0,0,0,0,0
CH05990,BJ+연예인+인물,410000,329110000,908,4770,50,4.39,3.0,14.0,0,249146.36,194638.29,5542.76,1060.28,213543.79,0.7669,0.684,0.0816,3.19,0.1067,8,0.16,0,0,8,0,0
CH05991,강의+교육,410000,137140000,342,2727,50,7.78,4.18,20.0,0,176090.44,212464.64,2164.42,413.26,164847.98,0.7886,0.537,0.1224,2.57,0.0533,4,0.08,2,0,2,0,0
CH05992,스포츠+운동,410000,377540000,8806,4135,50,0.0,0.0,0.0,0,29294.58,26338.69,441.62,79.78,32011.28,1.0,0.0,0.0,0.0,0.0,0,0.0,0,0,0,0,0
CH05995,가수+댄스+음악,410000,570410000,267,5029,50,11.61,22.83,155.0,4,296733.0,575303.54,11276.18,825.86,408134.38,0.4624,1.966,0.0204,13.35,0.0,0,0.0,0,0,0,0,0
CH05996,TV+방송,410000,110230000,736,2188,50,0.51,1.15,5.0,0,37476.64,40386.85,793.52,26.12,79924.75,0.6515,1.145,0.0816,5.0,0.0,0,0.0,0,0,0,0,0
CH05997,BJ+연예인+인물,410000,230910000,668,1280,50,3.12,2.55,7.0,0,93198.1,113625.06,2205.86,142.48,47467.03,0.7445,0.817,0.102,2.24,0.0,0,0.0,0,0,0,0,0
CH05998,가수+댄스+음악,410000,47670000,395,4414,50,6.55,8.75,38.0,3,41930.68,63634.98,1019.45,20.48,101172.45,0.6156,1.336,0.0612,5.8,0.0,0,0.0,0,0,0,0,1
CH05999,가수+댄스+음악,410000,198920000,10341,5402,50,0.08,0.34,2.0,0,428.42,493.02,2.52,0.1,308.03,0.8547,0.34,0.0612,2.0,0.0,0,0.0,0,0,0,0,0
CH06000,BJ+연예인+인물,410000,301600000,353,3574,50,11.65,7.82,32.0,2,409137.34,274502.71,2436.29,197.66,403998.59,0.7747,0.671,0.0816,2.75,0.0,0,0.0,0,0,0,0,0
CH06001,레시피+요리+음식,410000,197290000,1874,3378,50,0.49,0.86,5.0,0,8297.5,6260.1,113.84,10.06,5953.33,0.6933,0.86,0.0612,5.0,0.0,0,0.0,0,0,0,0,1
CH06002,라이프+취미,410000,209440000,1478,5105,50,2.88,2.14,7.0,0,135991.08,174506.62,5099.94,64.94,39836.07,0.7681,0.745,0.0612,2.43,0.0,0,0.0,0,0,0,0,0
CH06003,라이프+취미,410000,204800000,368,1981,50,3.37,2.23,8.0,0,824022.66,3200972.36,16974.34,797.64,343707.46,0.7519,0.662,0.1633,2.38,0.0,0,0.0,0,0,0,0,0
CH06005,만화+애니+영화,410000,62180000,272,4355,50,10.04,7.27,43.0,2,73579.82,71372.91,1614.62,480.18,74745.8,0.735,0.724,0.0612,4.28,0.0933,6,0.12,2,0,4,0,0
CH06008,가수+댄스+음악,410000,122130000,73,3320,50,37.63,37.45,180.0,22,1206656.94,1740406.28,25199.62,1669.32,1492090.26,0.669,0.995,0.102,4.78,0.0,0,0.0,0,0,0,0,0
CH06009,게임,410000,572170000,4204,4504,50,1.16,0.71,2.0,0,89852.76,209704.21,250.4,45.18,51505.94,0.7554,0.61,0.1837,1.72,0.0,0,0.0,0,0,0,0,0
CH06010,TV+방송,410000,449400000,1588,4037,50,0.55,0.54,2.0,0,158434.06,168009.37,750.18,23.64,78535.36,0.8192,0.537,0.0204,2.0,0.02,3,0.06,0,0,3,0,0
CH06012,가수+댄스+음악,410000,377800000,374,2022,50,0.98,1.98,8.0,0,284033.28,608727.86,1719.12,103.08,137868.0,0.5002,1.985,0.0816,8.0,0.08,6,0.12,0,0,6,0,0
CH06013,라이프+취미,410000,202260000,844,3643,50,2.76,1.85,7.0,0,88575.52,217893.98,794.4,52.56,163867.71,0.7688,0.67,0.102,2.54,0.0267,2,0.04,0,0,2,0,0
CH06015,스포츠+운동,410000,112320000,272,1859,50,6.0,1.26,7.0,0,257429.94,263764.2,3147.62,332.32,257429.94,0.8764,0.21,0.1224,1.17,0.0,0,0.0,0,0,0,0,0
CH06016,미용+패션,420000,25070000,299,4720,50,3.33,5.7,27.0,0,7583.42,5690.43,149.02,15.06,8574.72,0.5197,1.714,0.0612,8.12,0.0,0,0.0,0,0,0,0,0
CH06017,레시피+요리+음식,420000,46390000,445,3429,50,25.08,53.12,288.0,8,69674.86,81615.6,2463.3,101.64,75914.69,0.442,2.118,0.0612,11.48,0.0,0,0.0,0,0,0,0,1
CH06018,BJ+연예인+인물,420000,278310000,1107,2987,50,1.47,1.79,8.0,0,215365.06,478703.54,1681.68,76.72,105883.95,0.6314,1.215,0.0816,5.44,0.0133,1,0.02,0,0,1,0,0
CH06019,만화+애니+영화,420000,135810000,493,1756,50,1.53,0.7,4.0,0,316260.8,489963.46,3976.0,86.28,294530.0,0.8182,0.459,0.0816,2.61,0.04,3,0.06,0,0,2,1,0
CH06021,가수+댄스+음악,420000,80940000,686,5382,50,3.29,4.38,16.0,0,225914.64,426466.05,5357.82,31.92,26673.13,0.624,1.334,0.1224,4.87,0.0133,1,0.02,0,0,1,0,0
CH06022,반려동물+애완,420000,163140000,564,4461,50,8.78,10.55,61.0,2,137737.96,219776.19,2556.56,86.1,167813.73,0.5957,1.203,0.0612,6.95,0.0,0,0.0,0,0,0,0,0
CH06023,라이프+취미,420000,95990000,864,2464,50,2.04,2.06,7.0,0,72491.78,275032.4,692.76,32.76,27156.77,0.7182,1.009,0.0612,3.43,0.0,0,0.0,0,0,0,0,0
CH06024,미용+패션,420000,61170000,485,3711,50,9.04,6.72,39.0,1,57603.72,163754.39,425.96,39.84,42046.48,0.7249,0.743,0.0816,4.31,0.0733,4,0.08,0,0,4,0,0
CH06025,미용+패션,420000,158280000,956,4460,50,2.76,6.75,37.0,1,49168.74,34056.45,283.44,37.88,63035.0,0.4266,2.449,0.0612,13.43,0.0067,1,0.02,0,0,1,0,0
CH06027,BJ+연예인+인물,420000,252250000,745,3976,50,2.1,2.85,9.0,0,117129.82,76385.53,5507.36,173.84,72943.79,0.6388,1.357,0.1224,4.28,0.0,0,0.0,0,0,0,0,0
CH06029,가수+댄스+음악,420000,363910000,383,1399,50,0.88,0.75,2.0,0,1946482.32,2832474.5,10218.62,288.8,29367.67,0.719,0.746,0.2245,2.0,0.08,6,0.12,0,0,6,0,0
CH06030,강의+교육,420000,68340000,1039,4633,50,0.76,3.3,23.0,0,1229.12,588.32,7.74,1.32,1346.0,0.41,3.304,0.0204,23.0,0.0133,1,0.02,1,0,0,0,0
CH06033,TV+방송,420000,11340000,56,3271,43,53.45,57.05,203.0,21,167663.26,428752.57,8566.21,672.44,167663.26,0.6834,1.067,0.119,3.8,0.0,0,0.0,0,0,0,0,1
CH06034,가수+댄스+음악,420000,324250000,1782,5806,50,0.9,1.47,7.0,0,23956.66,65424.66,308.74,24.3,33061.25,0.5756,1.474,0.0408,7.0,0.0,0,0.0,0,0,0,0,0
CH06035,라이프+취미,420000,402270000,427,3490,50,5.9,5.76,24.0,0,596234.74,645849.16,8157.74,396.48,630009.33,0.6857,0.976,0.1224,4.07,0.0133,1,0.02,0,0,1,0,0
CH06036,자동차,420000,259900000,1964,4187,50,0.53,0.67,2.0,0,81215.7,58160.35,1269.52,326.68,81241.31,0.7682,0.673,0.102,2.0,0.0,0,0.0,0,0,0,0,0
CH06037,라이프+취미,420000,26380000,66,2066,50,35.71,106.99,727.0,8,246881.76,250939.73,9893.96,399.9,246881.76,0.4129,2.996,0.0408,20.36,0.0,0,0.0,0,0,0,0,0
CH06038,BJ+연예인+인물,420000,280010000,971,4531,50,1.37,1.65,7.0,0,89398.76,50001.17,4276.9,138.64,60253.24,0.6293,1.207,0.1224,5.12,0.0067,1,0.02,0,0,1,0,0
CH06039,BJ+연예인+인물,420000,284430000,593,1643,50,1.67,1.81,6.0,0,97403.6,117462.48,1235.64,88.76,96326.18,0.6989,1.082,0.0816,3.59,0.0,0,0.0,0,0,0,0,0
CH06040,라이프+취미,420000,186130000,954,3988,50,3.02,3.15,13.0,0,52953.86,25684.29,800.52,50.78,54091.89,0.677,1.042,0.102,4.3,0.0,0,0.0,0,0,0,0,0
CH06041,강의+교육,420000,58760000,348,3281,50,11.31,9.33,34.0,4,67937.72,162722.27,1295.3,43.22,24219.34,0.7431,0.826,0.102,3.01,0.0,0,0.0,0,0,0,0,0
CH06042,라이프+취미,420000,1210000,425,2314,50,1.8,4.87,32.0,1,2714.16,3410.73,10.1,0.2,10597.0,0.4287,2.709,0.0204,17.82,0.0,0,0.0,0,0,0,0,1
CH06043,국내+여행+해외,420000,154560000,439,2104,50,4.84,6.65,33.0,2,46571.82,37592.81,1133.96,120.24,53419.45,0.583,1.374,0.0612,6.82,0.1333,9,0.18,0,0,7,2,0
CH06044,강의+교육,420000,85420000,1433,3384,50,2.14,2.21,12.0,0,38694.06,79252.03,419.04,37.62,41257.26,0.6594,1.033,0.0408,5.6,0.02,2,0.04,0,0,2,0,0
CH06045,TV+방송,420000,68650000,326,3941,50,8.73,10.0,39.0,3,62747.0,92094.86,692.96,46.04,91169.31,0.6606,1.145,0.102,4.46,0.0333,2,0.04,0,1,1,0,0
CH06047,게임,420000,543160000,3022,2701,50,1.41,1.01,4.0,0,74484.2,108175.48,755.78,75.52,40485.33,0.7424,0.716,0.1633,2.84,0.0467,3,0.06,1,0,2,0,0
CH06048,라이프+취미,430000,102590000,473,4644,50,7.65,20.35,145.0,1,40348.02,81452.64,650.3,17.5,45777.19,0.4305,2.659,0.0204,18.95,0.0,0,0.0,0,0,0,0,0
CH06049,강의+교육,430000,34370000,464,4981,50,0.57,0.88,4.0,0,16639.0,15098.37,178.44,7.34,14921.06,0.7189,0.881,0.0612,4.0,0.02,2,0.04,0,0,2,0,0
CH06050,국내+여행+해외,430000,98320000,507,2934,50,4.92,7.62,38.0,2,28078.5,34092.36,621.68,41.9,33876.0,0.5427,1.549,0.0612,7.73,0.06,3,0.06,0,0,3,0,0
CH06051,BJ+연예인+인물,430000,97330000,419,1055,50,1.33,1.94,5.0,0,94959.08,199005.35,3568.04,174.74,225551.62,0.6197,1.464,0.2041,3.77,0.02,1,0.02,0,0,1,0,0
CH06052,레시피+요리+음식,430000,90930000,389,2654,50,4.02,1.7,8.0,0,91359.64,46720.82,1200.4,187.98,91359.64,0.8149,0.422,0.1224,1.99,0.0,0,0.0,0,0,0,0,0
CH06053,게임,430000,368570000,1794,3385,50,0.22,0.46,2.0,0,114483.66,146177.81,1996.48,86.24,82284.62,0.7804,0.464,0.2041,2.0,0.04,2,0.04,0,1,1,0,0
CH06054,가수+댄스+음악,430000,14070000,67,4160,50,9.18,9.82,42.0,2,173553.14,312353.84,12194.68,571.94,175096.07,0.6661,1.069,0.102,4.57,0.0,0,0.0,0,0,0,0,1
CH06055,게임,430000,475300000,1682,4288,50,0.88,0.63,2.0,0,42522.72,75839.54,257.98,41.84,26282.3,0.7645,0.627,0.1429,2.0,0.02,1,0.02,0,0,1,0,0
CH06056,TV+방송,430000,287540000,2338,3747,50,2.96,3.37,20.0,0,53101.96,126228.7,404.22,16.6,57275.24,0.6203,1.138,0.0204,6.76,0.0733,5,0.1,0,0,5,0,0
CH06057,BJ+연예인+인물,430000,114660000,158,601,50,1.61,1.84,7.0,0,606824.94,930740.55,6305.44,403.72,499818.93,0.6585,1.14,0.1224,4.34,0.0867,6,0.12,0,0,6,0,0
CH06058,라이프+취미,430000,137320000,193,2854,50,14.2,91.93,651.0,1,1071461.24,3397725.5,21903.72,240.48,268.0,0.3608,6.472,0.0204,45.83,0.0,0,0.0,0,0,0,0,0
CH06059,게임,430000,600420000,2908,4139,50,0.43,0.49,1.0,0,179162.2,83166.38,4018.18,307.26,177665.23,0.8345,0.495,0.0,1.0,0.02,1,0.02,0,0,1,0,0
CH06060,라이프+취미,430000,120210000,512,3900,50,23.53,27.81,145.0,14,93172.8,112224.66,1230.18,90.3,93172.8,0.6082,1.182,0.102,6.16,0.02,1,0.02,0,0,1,0,0
CH06061,TV+방송,430000,273660000,1413,3033,50,1.43,1.46,8.0,0,12797.5,6728.79,376.82,5.12,12797.5,0.661,1.02,0.0408,5.6,0.0,0,0.0,0,0,0,0,1
CH06062,가수+댄스+음악,430000,87690000,70,2803,50,33.14,66.09,422.0,15,494560.7,1170821.4,10256.32,1090.37,572168.62,0.4486,1.994,0.0612,12.73,0.0133,1,0.02,0,0,1,0,1
CH06064,TV+방송,430000,140510000,1028,4020,50,1.73,2.05,9.0,0,20521.92,36238.59,700.84,87.8,22462.59,0.6423,1.181,0.0816,5.19,0.1667,7,0.14,10,0,2,0,0
CH06065,가수+댄스+음악,430000,206090000,4973,3805,50,6.53,20.03,96.0,4,5743.44,13490.7,222.18,6.52,5743.44,0.3985,3.067,0.0816,14.7,0.0,0,0.0,0,0,0,0,1
CH06068,레시피+요리+음식,430000,84180000,268,2325,50,7.59,3.14,20.0,0,111558.6,40967.81,2019.14,138.9,111558.6,0.8294,0.413,0.0816,2.63,0.2,15,0.3,0,0,15,0,0
CH06069,게임,430000,368600000,2330,4325,50,2.63,2.7,17.0,0,91770.02,43686.73,1149.52,159.78,93618.42,0.6297,1.026,0.0612,6.46,0.0,0,0.0,0,0,0,0,0
CH06070,어린이+키즈,430000,346540000,436,2566,50,8.27,10.2,56.0,2,96029.94,91273.52,126.62,2.06,147537.67,0.5854,1.234,0.102,6.78,0.0,0,0.0,0,0,0,0,0
CH06071,레시피+요리+음식,430000,308670000,3226,4574,50,5.84,5.32,24.0,0,19305.86,12102.25,228.12,28.18,18122.22,0.6991,0.912,0.102,4.11,0.0333,2,0.04,0,0,2,0,0
CH06072,가수+댄스+음악,430000,84150000,1521,6630,50,3.2,3.48,15.0,0,1458.6,1137.82,27.48,5.7,1595.04,0.6673,1.085,0.0816,4.68,0.0,0,0.0,0,0,0,0,0
CH06074,TV+방송,430000,181910000,678,3400,50,0.43,1.11,6.0,0,98080.54,185593.13,1692.72,118.08,347115.67,0.6271,1.107,0.0816,6.0,0.0,0,0.0,0,0,0,0,0
CH06075,가수+댄스+음악,430000,790000,141,5235,50,0.61,1.68,10.0,0,1399.14,2249.44,3.46,0.38,723.47,0.4685,1.676,0.0612,10.0,0.0267,2,0.04,0,0,2,0,0
CH06076,게임,430000,207450000,763,2189,50,2.98,2.77,11.0,0,228569.2,148095.92,2819.28,613.12,224096.05,0.7273,0.928,0.0408,3.69,0.02,1,0.02,0,1,0,0,0
CH06077,국내+여행+해외,430000,243740000,527,1990,50,2.88,2.17,7.0,0,492275.18,654108.89,9430.88,539.56,359278.79,0.7788,0.755,0.0204,2.43,0.02,2,0.04,0,0,2,0,0
CH06078,BJ+연예인+인물,430000,155620000,6411,2914,50,2.76,3.7,15.0,0,3019.08,2590.01,84.66,8.2,3093.94,0.6192,1.341,0.0816,5.44,0.0,0,0.0,0,0,0,0,0
CH06079,어린이+키즈,430000,126340000,337,3125,50,3.04,3.96,18.0,0,371366.52,477532.83,3321.16,59.12,12570.0,0.6093,1.302,0.0816,5.92,0.0,0,0.0,0,0,0,0,0
CH06080,자동차,430000,275220000,2328,2649,50,1.16,1.72,6.0,0,54782.3,48111.11,1015.14,167.34,54782.3,0.5973,1.477,0.1429,5.16,0.0667,4,0.08,0,0,4,0,0
CH06081,어린이+키즈,430000,263510000,330,3638,50,16.59,55.0,376.0,3,28050.0,29521.81,31.62,0.02,28050.0,0.4036,3.315,0.0408,22.66,0.02,1,0.02,0,0,1,0,0
CH06082,가수+댄스+음악,430000,250540000,1069,5904,50,7.76,6.12,24.0,0,61401.76,83458.55,970.3,31.32,70638.63,0.7523,0.789,0.0816,3.09,0.0,0,0.0,0,0,0,0,0
CH06083,강의+교육,430000,58620000,1131,2915,50,1.67,1.67,8.0,0,11245.96,44995.09,153.38,18.16,11043.73,0.6871,0.998,0.0408,4.78,0.0267,2,0.04,0,0,2,0,0
CH06084,라이프+취미,430000,358250000,413,2242,50,5.16,4.45,25.0,0,1598601.44,3589699.29,27037.6,563.26,301192.2,0.6915,0.861,0.0816,4.84,0.04,3,0.06,0,0,3,0,1
CH06085,경제+부동산+주식,430000,199720000,3051,2770,50,0.16,0.47,2.0,0,22226.46,34537.12,223.36,118.56,24228.84,0.8041,0.467,0.1224,2.0,0.0533,3,0.06,0,1,2,0,0
CH06088,게임,430000,487140000,3150,4514,50,1.18,1.19,4.0,0,80276.4,55036.95,438.54,54.14,82323.9,0.6834,1.005,0.1837,3.38,0.08,6,0.12,0,0,6,0,0
CH06089,게임,430000,343820000,3555,4475,50,1.1,1.07,5.0,0,78172.68,46835.85,862.14,78.5,79940.46,0.6787,0.974,0.102,4.54,0.0,0,0.0,0,0,0,0,0
CH06090,가수+댄스+음악,430000,53930000,810,3202,50,1.06,1.54,6.0,0,46546.26,69530.15,0.0,16.16,62381.94,0.6034,1.455,0.0816,5.65,0.16,11,0.22,0,0,12,0,0
CH06091,BJ+연예인+인물,430000,1472480000,842,1869,50,1.96,0.81,4.0,0,359722.98,455906.63,3717.62,21.5,0.0,0.8358,0.412,0.0612,2.04,0.0467,4,0.08,0,0,4,0,0
CH06092,라이프+취미,430000,258240000,648,3578,50,12.08,47.75,260.0,4,54120.02,89548.14,582.68,64.86,168031.0,0.3887,3.952,0.0408,21.52,0.0467,3,0.06,0,0,3,0,0
CH06093,라이프+취미,430000,350000,254,4096,50,0.51,0.97,4.0,0,1263.16,903.1,3.02,1.08,0.0,0.6944,0.971,0.102,4.0,0.0,0,0.0,0,0,0,0,0
CH06095,가수+댄스+음악,440000,28340000,101,4897,50,38.59,48.11,240.0,20,40089.02,74342.82,563.73,47.78,21798.55,0.6,1.247,0.102,6.22,0.0,0,0.0,0,0,0,0,0
CH06096,BJ+연예인+인물,440000,109760000,515,4728,50,30.82,56.74,257.0,12,39846.38,56721.66,646.6,70.82,35998.95,0.505,1.841,0.0612,8.34,0.0,0,0.0,0,0,0,0,0
CH06097,강의+교육,440000,54670000,266,4461,50,12.86,20.7,119.0,4,456846.8,836149.59,13839.44,71.4,85096.75,0.4945,1.61,0.0612,9.26,0.0,0,0.0,0,0,0,0,0
CH06098,BJ+연예인+인물,440000,140900000,120,5192,50,69.0,149.48,734.0,14,1231343.52,3757491.43,12463.5,2009.96,1750663.0,0.4334,2.166,0.0816,10.64,0.0,0,0.0,0,0,0,0,0
CH06099,BJ+연예인+인물,440000,157130000,150,410,50,1.12,1.41,5.0,0,558433.74,1081967.88,5233.5,192.12,1063246.24,0.6495,1.255,0.102,4.45,0.1333,9,0.18,0,0,9,0,0
CH06100,가수+댄스+음악,440000,147620000,1748,4876,50,0.59,0.7,3.0,0,23263.14,49198.3,230.26,8.14,15394.5,0.7701,0.697,0.0816,3.0,0.0,0,0.0,0,0,0,0,0
CH06101,BJ+연예인+인물,440000,325860000,991,1727,50,1.41,1.73,7.0,0,139597.0,94175.68,5423.66,187.68,83946.68,0.6317,1.225,0.1224,4.97,0.0,0,0.0,0,0,0,0,0
CH06102,BJ+연예인+인물,440000,276770000,393,1441,50,1.14,2.5,16.0,0,119485.76,111566.01,1401.64,54.36,54632.44,0.4385,2.187,0.0612,14.0,0.0,0,0.0,0,0,0,0,1
CH06103,가수+댄스+음악,440000,82430000,227,3063,50,9.88,6.58,35.0,1,20208.14,36982.65,1163.94,47.6,20208.14,0.7417,0.666,0.1429,3.54,0.0,0,0.0,0,0,0,0,0
CH06104,게임,440000,197830000,336,2978,50,2.82,2.65,13.0,0,290216.42,345528.8,1896.4,627.18,178676.13,0.6867,0.943,0.0816,4.62,0.0667,4,0.08,0,1,3,0,0
CH06105,만화+애니+영화,440000,172100000,673,3067,50,2.55,1.8,6.0,0,71915.32,65971.29,774.56,50.16,73196.06,0.7873,0.704,0.0204,2.35,0.0,0,0.0,0,0,0,0,0
CH06106,미용+패션,440000,292210000,461,1095,50,2.06,6.34,39.0,1,365249.76,619780.18,7746.86,186.44,158728.14,0.4104,3.075,0.0408,18.92,0.0,0,0.0,0,0,0,0,0
CH06107,게임,440000,337450000,4393,4570,50,0.29,0.45,1.0,0,78992.86,58769.66,903.42,28.32,34777.4,0.7587,0.452,0.2857,1.0,0.0,0,0.0,0,0,0,0,0
CH06109,미용+패션,440000,113320000,853,3212,50,1.06,1.17,4.0,0,57598.08,73142.42,910.68,80.16,52233.03,0.6671,1.1,0.1633,3.77,0.04,3,0.06,0,0,3,0,0
CH06110,라이프+취미,440000,63280000,177,4265,50,37.49,73.3,459.0,15,214505.16,318050.44,6454.68,298.3,210413.58,0.4569,1.955,0.0408,12.24,0.0,0,0.0,0,0,0,0,0
CH06111,게임,440000,505160000,2903,4474,50,1.14,1.01,4.0,0,82191.0,128874.79,732.56,13.34,0.0,0.7144,0.884,0.1224,3.5,0.0,0,0.0,0,0,0,0,0
CH06112,가수+댄스+음악,440000,260100000,6267,4488,50,0.1,0.42,2.0,0,35194.16,106447.24,0.0,9.54,883.56,0.8347,0.416,0.0612,2.0,0.0,0,0.0,0,0,0,0,0
CH06113,만화+애니+영화,440000,293300000,180,3576,50,8.33,10.74,56.0,3,855724.32,1328971.86,7127.32,193.9,164994.65,0.5874,1.29,0.0816,6.73,0.02,1,0.02,0,1,0,0,0
CH06115,미용+패션,440000,52750000,405,3649,50,18.82,15.23,75.0,8,32768.82,18699.22,620.46,65.1,33654.17,0.7237,0.81,0.0816,3.99,0.02,1,0.02,0,1,0,0,0
CH06116,자동차,440000,236100000,3538,4567,50,0.31,0.58,3.0,0,10421.42,10649.0,178.94,10.94,8148.98,0.8106,0.579,0.0204,3.0,0.0,0,0.0,0,0,0,0,0
CH06117,라이프+취미,440000,216750000,1735,2369,50,0.98,1.19,5.0,0,1693.42,2171.41,9.22,0.1,1693.42,0.647,1.186,0.0816,5.0,0.0467,3,0.06,0,0,3,0,0
CH06118,스포츠+운동,440000,892100000,3391,2092,50,0.1,0.46,3.0,0,36250.82,56079.96,356.76,75.64,47881.32,0.8235,0.463,0.0612,3.0,0.08,6,0.12,0,0,6,0,0
CH06119,BJ+연예인+인물,440000,306050000,684,3732,50,5.49,5.7,19.0,0,510669.76,1107966.73,13206.4,1356.76,646988.61,0.7076,1.039,0.0816,3.46,0.0,0,0.0,0,0,0,0,1
CH06120,가수+댄스+음악,440000,1373800000,2763,2726,50,0.73,1.24,6.0,0,87778.9,156429.15,871.36,142.4,87778.9,0.6128,1.242,0.0816,6.0,0.0,0,0.0,0,0,0,0,0
CH06121,미용+패션,440000,37460000,360,5576,50,47.69,107.08,665.0,16,63954.92,86183.7,1587.16,137.22,63954.92,0.4418,2.245,0.0408,13.94,0.0,0,0.0,0,0,0,0,1
CH06122,미용+패션,440000,113570000,2364,7188,50,2.98,3.13,12.0,0,6438.16,4038.63,82.82,7.57,6438.16,0.684,1.049,0.102,4.03,0.0,0,0.0,0,0,0,0,0
CH06123,BJ+연예인+인물,440000,240410000,809,2529,50,3.69,8.36,37.0,2,35589.82,65845.32,426.92,186.07,39227.41,0.4348,2.264,0.0612,10.02,0.0,0,0.0,0,0,0,0,0
CH06125,라이프+취미,440000,202680000,494,3999,50,16.02,10.81,45.0,6,452717.76,174605.38,5717.58,561.0,452717.76,0.774,0.675,0.0816,2.81,0.06,4,0.08,0,0,4,0,0
CH06126,어린이+키즈,440000,1150950000,699,1696,50,1.86,1.39,5.0,0,2253710.14,2161357.49,18678.42,486.66,421561.71,0.7435,0.746,0.1429,2.69,0.0733,5,0.1,0,0,5,0,0
CH06130,국내+여행+해외,440000,112840000,401,5385,50,7.18,2.78,21.0,0,243519.04,145774.47,4969.76,1000.48,243519.04,0.8239,0.386,0.1224,2.92,0.04,3,0.06,0,0,3,0,0
CH06131,가수+댄스+음악,440000,187800000,214,4795,50,6.8,4.14,14.0,0,292363.2,491948.81,8771.04,112.49,536281.31,0.7496,0.609,0.2041,2.06,0.0,0,0.0,0,0,0,0,0
CH06132,IT+기술+컴퓨터,440000,137660000,844,3325,50,2.61,3.61,21.0,0,141791.2,585253.4,709.28,58.88,172310.64,0.5413,1.383,0.0816,8.04,0.0333,2,0.04,0,0,2,0,0
CH06134,게임,440000,52730000,1784,3215,50,3.59,16.2,112.0,1,16709.98,32490.55,228.92,8.38,20760.47,0.3846,4.509,0.0204,31.18,0.0,0,0.0,0,0,0,0,0
CH06135,BJ+연예인+인물,440000,104180000,347,2253,50,7.08,5.05,25.0,0,79045.14,87934.73,816.56,94.9,99118.58,0.7707,0.713,0.0204,3.53,0.0533,4,0.08,0,0,4,0,0
CH06137,경제+부동산+주식,440000,81880000,571,3721,50,1.88,1.21,4.0,0,159568.16,246032.5,1325.54,115.3,120751.17,0.731,0.642,0.2449,2.13,0.0,0,0.0,0,0,0,0,0
CH06139,미용+패션,450000,106540000,838,3708,50,1.71,1.88,8.0,0,28895.28,68760.88,238.55,47.16,36566.4,0.6661,1.099,0.0816,4.67,0.04,3,0.06,0,0,3,0,0
CH06140,강의+교육,450000,43650000,435,3828,50,11.33,11.01,51.0,3,27694.24,28168.28,655.06,41.52,28179.86,0.6922,0.972,0.0612,4.5,0.0,0,0.0,0,0,0,0,0
CH06141,미용+패션,450000,158090000,735,4139,50,6.73,5.24,17.0,0,27635.48,46318.16,243.92,35.38,32149.24,0.7566,0.779,0.0816,2.52,0.0133,1,0.02,0,0,1,0,0
CH06142,IT+기술+컴퓨터,450000,80280000,414,3134,50,9.24,15.27,97.0,3,25348.64,34908.6,453.1,80.22,27345.1,0.4763,1.652,0.0408,10.49,0.0,0,0.0,0,0,0,0,0
CH06143,라이프+취미,450000,57580000,189,4136,50,12.76,8.26,34.0,1,102513.82,67357.68,3303.3,176.52,107393.89,0.7607,0.647,0.1429,2.67,0.02,1,0.02,0,0,1,0,0
CH06144,게임,450000,561800000,1703,2234,50,0.27,0.44,1.0,0,122256.84,93666.52,875.06,73.76,112060.4,0.7673,0.441,0.2653,1.0,0.1933,9,0.18,0,0,10,0,0
CH06145,게임,450000,418850000,2028,3811,50,0.37,0.56,2.0,0,126699.48,100839.28,1797.48,219.88,135470.71,0.8082,0.56,0.0408,2.0,0.18,12,0.24,4,0,9,0,0
CH06146,게임,450000,414740000,2806,4169,50,1.14,0.67,3.0,0,50511.64,56270.36,992.32,50.68,31227.05,0.7662,0.586,0.1633,2.62,0.0,0,0.0,0,0,0,0,0
CH06147,BJ+연예인+인물,450000,230520000,2100,4305,50,0.63,0.63,2.0,0,17908.26,9045.41,129.98,6.22,13028.09,0.7824,0.629,0.0816,2.0,0.0067,1,0.02,0,0,1,0,0
CH06148,레시피+요리+음식,450000,298630000,675,2104,50,2.98,0.65,4.0,0,214633.08,67858.34,2587.24,169.06,214633.08,0.861,0.22,0.1633,1.34,0.0333,2,0.04,1,0,1,0,0
CH06149,라이프+취미,450000,101750000,639,5254,50,6.18,13.17,78.0,4,45830.86,74697.15,620.16,46.12,39418.67,0.4353,2.129,0.0816,12.61,0.0,0,0.0,0,0,0,0,0
CH06150,BJ+연예인+인물,450000,211720000,2457,2672,50,0.43,0.7,3.0,0,26500.92,44386.55,412.9,49.48,22752.42,0.7819,0.7,0.0408,3.0,0.04,3,0.06,0,0,3,0,0
CH06151,어린이+키즈,450000,134730000,302,2528,50,12.73,28.8,179.0,5,45151.96,27000.12,1178.64,37.82,37157.65,0.4349,2.262,0.0612,14.06,0.0,0,0.0,0,0,0,0,1
CH06152,레시피+요리+음식,450000,66500000,108,1402,50,13.43,29.11,178.0,3,552992.68,975952.2,8213.1,221.02,623880.58,0.4456,2.167,0.0408,13.26,0.02,1,0.02,0,0,1,0,0
CH06153,BJ+연예인+인물,450000,652910000,7582,4475,50,0.55,0.86,5.0,0,52495.42,138488.1,370.68,16.38,10719.85,0.6935,0.859,0.0612,5.0,0.04,3,0.06,0,0,3,0,0
CH06154,TV+방송,450000,49830000,766,4684,50,2.1,2.23,12.0,0,22672.34,48318.85,339.78,25.28,5843.33,0.6528,1.063,0.0408,5.71,0.0,0,0.0,0,0,0,0,0
CH06155,미용+패션,450000,240580000,581,3202,50,4.53,5.06,35.0,1,190871.04,86613.93,2411.54,153.38,175406.26,0.595,1.118,0.0204,7.73,0.0,0,0.0,0,0,0,0,0
CH06156,스포츠+운동,450000,290830000,213,2138,50,10.35,5.96,20.0,0,415520.36,200956.02,3279.5,631.22,415520.36,0.7683,0.576,0.1633,1.93,0.0,0,0.0,0,0,0,0,0
CH06158,게임,450000,300860000,1430,3384,50,0.12,0.48,3.0,0,100208.86,60562.01,696.56,37.4,126828.83,0.8135,0.479,0.0816,3.0,0.0,0,0.0,0,0,0,0,0
CH06159,라이프+취미,450000,205990000,265,3219,50,5.94,4.23,15.0,0,837196.56,677450.89,14617.84,955.8,675045.18,0.7675,0.712,0.0816,2.53,0.02,1,0.02,0,0,1,0,0
CH06160,라이프+취미,450000,305360000,2106,5204,50,0.31,0.5,2.0,0,4609.52,6257.93,15.72,1.28,2256.6,0.8265,0.503,0.0204,2.0,0.0,0,0.0,0,0,0,0,0
CH06162,강의+교육,450000,209400000,1026,3160,50,1.0,1.92,6.0,0,50552.04,52875.81,428.14,63.24,41561.74,0.5367,1.917,0.1633,6.0,0.0,0,0.0,0,0,0,0,0
CH06163,가수+댄스+음악,450000,92430000,117,1287,50,1.9,4.02,27.0,0,977270.14,1267337.83,24968.14,680.16,1401524.69,0.4543,2.116,0.0204,14.23,0.0133,1,0.02,0,0,1,0,1
CH06164,IT+기술+컴퓨터,450000,14420000,98,3999,50,26.49,45.63,221.0,13,222133.4,1017123.29,1067.42,0.0,265542.26,0.5004,1.722,0.102,8.34,0.0,0,0.0,0,0,0,0,0
CH06165,게임,450000,396740000,2039,4075,50,4.02,2.81,17.0,0,66052.28,59177.94,1563.08,66.06,66820.9,0.7408,0.699,0.0612,4.23,0.0,0,0.0,0,0,0,0,0
CH06166,BJ+연예인+인물,450000,71000000,231,6941,50,12.61,42.74,303.0,2,163787.88,149718.06,8963.68,626.16,192122.45,0.4078,3.389,0.0204,24.02,0.0,0,0.0,0,0,0,0,0
CH06167,라이프+취미,450000,202160000,4676,1987,50,0.0,0.0,0.0,0,7261.06,19206.72,68.78,1.08,7286.39,1.0,0.0,0.0,0.0,0.02,2,0.04,0,0,2,0,0
CH06169,라이프+취미,460000,78730000,338,3026,50,20.24,12.68,58.0,10,136389.02,50713.35,1872.7,215.12,140015.92,0.7707,0.626,0.1224,2.86,0.02,1,0.02,0,1,0,0,0
CH06171,레시피+요리+음식,460000,197790000,1015,3037,50,5.98,22.33,151.0,2,85243.62,193567.61,1039.5,4.88,80523.22,0.3934,3.735,0.0408,25.25,0.0,0,0.0,0,0,0,0,0
CH06172,BJ+연예인+인물,460000,29720000,241,1418,50,4.49,6.04,23.0,0,48515.86,54005.59,3499.22,166.98,35971.38,0.6219,1.346,0.102,5.12,0.0,0,0.0,0,0,0,0,0
CH06173,레시피+요리+음식,460000,202970000,168,1889,50,19.51,49.45,271.0,4,1033063.52,967192.22,8244.56,573.98,1152875.29,0.4292,2.535,0.0408,13.89,0.0133,1,0.02,0,0,1,0,0
CH06174,라이프+취미,460000,592940000,718,1711,50,2.35,2.04,7.0,0,783314.12,1550281.48,5972.1,118.68,80562.67,0.7249,0.867,0.1429,2.98,0.0,0,0.0,0,0,0,0,0
CH06175,게임,460000,134870000,363,1885,50,0.98,1.02,5.0,0,75955.74,44526.35,964.38,179.18,74072.69,0.6659,1.02,0.0816,5.0,0.0867,5,0.1,0,0,6,0,0
CH06176,게임,460000,98250000,465,4829,50,2.96,2.96,9.0,0,35754.14,60645.27,511.74,24.94,61988.0,0.7242,1.001,0.0816,3.04,0.0,0,0.0,0,0,0,0,0
CH06177,BJ+연예인+인물,460000,2209820000,2498,2416,50,0.86,0.53,2.0,0,674165.42,832863.71,12342.1,218.88,0.0,0.734,0.535,0.3061,2.0,0.0267,2,0.04,0,0,2,0,0
CH06178,스포츠+운동,460000,479640000,845,2286,50,3.43,17.47,124.0,1,113746.08,264734.21,743.5,57.38,117947.04,0.3759,5.096,0.0204,36.17,0.0533,4,0.08,0,0,4,0,0
CH06179,라이프+취미,460000,161510000,425,1758,50,5.06,2.71,10.0,0,174681.72,175366.14,2637.54,246.66,177934.02,0.7707,0.535,0.1837,1.98,0.0,0,0.0,0,0,0,0,0
CH06180,가수+댄스+음악,460000,148600000,965,2893,50,1.8,3.06,14.0,0,52124.66,96592.44,562.62,28.74,41569.53,0.5235,1.702,0.0816,7.8,0.0,0,0.0,0,0,0,0,0
CH06181,국내+여행+해외,460000,797240000,909,4563,50,1.18,0.85,3.0,0,727998.74,723099.9,10628.62,421.92,583283.63,0.7727,0.718,0.0612,2.53,0.0,0,0.0,0,0,0,0,0
CH06182,어린이+키즈,460000,254560000,1210,2661,50,1.41,1.19,4.0,0,108077.32,106784.81,1672.16,74.34,70969.71,0.7645,0.848,0.0204,2.84,0.0533,4,0.08,0,0,4,0,0
CH06183,라이프+취미,460000,191080000,841,5168,50,3.27,4.43,21.0,0,99194.32,79493.87,1457.06,140.28,88700.24,0.5834,1.358,0.102,6.43,0.0,0,0.0,0,0,0,0,0
CH06184,TV+방송,460000,287720000,2236,2050,50,0.0,0.0,0.0,0,48307.74,109428.24,300.72,14.78,70880.07,1.0,0.0,0.0,0.0,0.0267,2,0.04,0,0,2,0,0
CH06185,만화+애니+영화,460000,216560000,540,3824,50,6.53,0.5,7.0,0,26308.14,35503.05,260.48,39.98,26308.14,0.9645,0.076,0.0,1.07,0.12,8,0.16,0,0,8,0,0
CH06186,경제+부동산+주식,460000,49500000,806,5209,50,1.02,1.8,9.0,0,88340.66,92938.49,1889.58,102.86,114211.0,0.4839,1.765,0.102,8.82,0.0,0,0.0,0,0,0,0,0
CH06188,자동차,460000,602900000,904,2285,50,3.27,0.96,6.0,0,900863.52,908947.02,6506.42,350.86,627160.0,0.8493,0.295,0.1224,1.84,0.02,1,0.02,0,0,1,0,0
CH06189,어린이+키즈,460000,516990000,606,2284,50,4.27,9.86,64.0,2,282516.12,391887.84,703.84,0.0,257324.58,0.4387,2.312,0.0408,15.0,0.0067,1,0.02,0,0,1,0,0
CH06190,라이프+취미,460000,230140000,1130,5271,50,16.14,51.36,366.0,2,81978.6,98929.61,1660.12,214.68,84929.94,0.4135,3.181,0.0204,22.67,0.1267,7,0.14,0,0,7,0,1
CH06192,경제+부동산+주식,460000,103080000,2792,3194,50,1.14,1.14,4.0,0,15228.68,8103.33,309.24,45.61,15228.68,0.6867,1.0,0.1633,3.5,0.14,7,0.14,10,0,1,0,0
CH06193,라이프+취미,460000,76190000,445,3991,50,14.35,9.26,35.0,2,16020.66,39664.37,283.3,17.16,19511.35,0.7917,0.645,0.0408,2.44,0.0,0,0.0,0,0,0,0,0
CH06194,BJ+연예인+인물,460000,154950000,307,2731,50,11.27,10.55,50.0,2,206976.04,304428.95,2312.0,206.32,206453.4,0.7049,0.936,0.0408,4.44,0.0267,2,0.04,0,0,2,0,0
CH06195,만화+애니+영화,460000,316480000,953,3041,50,1.45,1.75,9.0,0,305416.34,429568.15,10130.34,650.92,211002.0,0.6225,1.208,0.0408,6.21,0.0,0,0.0,0,0,0,0,1
CH06196,만화+애니+영화,460000,261890000,536,4769,50,6.86,1.46,14.0,0,381837.04,202960.33,5881.62,618.16,381837.04,0.9001,0.212,0.0408,2.04,0.0467,3,0.06,1,0,2,0,0
CH06197,강의+교육,460000,297870000,829,5267,50,7.65,19.29,92.0,3,9787.56,7558.64,248.8,21.94,11829.29,0.4236,2.521,0.0612,12.02,0.0467,3,0.06,0,0,2,1,0
CH06198,게임,460000,67410000,236,4084,50,4.39,2.96,12.0,0,22771.12,19791.53,847.92,28.8,24459.26,0.7679,0.675,0.102,2.73,0.0,0,0.0,0,0,0,0,0
CH06199,게임,460000,344970000,422,5936,50,15.86,17.21,76.0,7,517256.58,744640.87,6660.66,382.22,334484.33,0.6641,1.085,0.0816,4.79,0.0133,1,0.02,0,0,1,0,0
CH06203,레시피+요리+음식,460000,85770000,648,4733,50,1.53,2.5,16.0,0,50208.9,89916.19,660.06,29.1,42621.46,0.4776,1.633,0.0408,10.45,0.0,0,0.0,0,0,0,0,0
CH06204,게임,470000,134730000,1730,3912,50,0.43,0.57,2.0,0,84037.6,97371.65,1288.02,98.08,6702.83,0.8059,0.571,0.0408,2.0,0.0933,6,0.12,0,0,7,0,0
CH06205,TV+방송,470000,47930000,241,2998,50,36.49,84.67,506.0,13,80290.76,161974.49,1275.27,217.42,132151.24,0.4322,2.32,0.0612,13.87,0.0133,1,0.02,0,0,1,0,1
CH06206,가수+댄스+음악,470000,163460000,89,5730,50,47.82,70.79,298.0,20,136551.52,463970.83,4313.1,402.74,177247.86,0.5909,1.48,0.0612,6.23,0.0,0,0.0,0,0,0,0,1
CH06208,레시피+요리+음식,470000,63170000,338,4604,50,18.45,49.87,263.0,6,35051.94,56904.13,455.12,35.72,35394.2,0.4167,2.703,0.0612,14.26,0.0133,1,0.02,0,0,1,0,0
CH06209,라이프+취미,470000,235130000,373,2362,50,4.22,1.67,7.0,0,392650.66,139628.13,3711.16,346.26,393560.55,0.8155,0.395,0.1429,1.66,0.02,1,0.02,0,0,1,0,0
CH06210,가수+댄스+음악,470000,407190000,6438,1370,50,0.16,0.37,1.0,0,20558.5,17586.88,453.32,52.32,20799.4,0.8161,0.37,0.1633,1.0,0.0067,1,0.02,0,0,1,0,0
CH06211,라이프+취미,470000,529270000,634,2418,50,1.78,2.1,6.0,0,421259.56,317886.81,2331.08,155.9,254798.67,0.663,1.184,0.1837,3.38,0.1,5,0.1,0,0,5,0,0
CH06212,게임,470000,421140000,538,1048,50,3.94,4.62,25.0,0,473872.46,607960.85,7918.92,264.34,376233.79,0.61,1.172,0.0816,6.35,0.0333,2,0.04,0,0,1,1,0
CH06213,어린이+키즈,470000,470700000,1606,4422,50,0.78,0.79,3.0,0,410032.4,423973.44,3883.84,120.38,96279.0,0.7243,0.789,0.1837,3.0,0.0067,1,0.02,0,0,1,0,0
CH06215,게임,470000,245010000,1443,3212,50,3.02,3.13,17.0,0,129113.7,163882.72,1390.4,89.62,94503.19,0.6458,1.037,0.0816,5.63,0.02,1,0.02,0,0,1,0,0
CH06216,레시피+요리+음식,470000,228880000,2159,4890,50,0.27,0.53,2.0,0,44657.94,50487.65,285.96,2.92,46378.47,0.8154,0.526,0.0408,2.0,0.0267,2,0.04,0,0,2,0,0
CH06218,BJ+연예인+인물,470000,185870000,699,2621,50,2.43,10.9,74.0,1,46184.02,41657.79,451.48,27.68,47066.19,0.3789,4.487,0.0408,30.47,0.0133,1,0.02,0,0,1,0,1
CH06219,강의+교육,470000,137760000,943,3086,50,1.55,1.98,7.0,0,108298.08,86229.93,2302.16,756.08,108298.08,0.6519,1.277,0.0816,4.51,0.0133,1,0.02,0,0,1,0,0
CH06220,어린이+키즈,470000,273930000,241,4582,50,5.08,3.69,19.0,0,27568.82,43494.56,106.66,0.0,51748.92,0.7501,0.726,0.0612,3.74,0.0,0,0.0,0,0,0,0,0
CH06221,가수+댄스+음악,470000,100680000,861,647,50,0.76,0.87,3.0,0,31242.24,23626.53,0.0,68.34,21428.11,0.7491,0.87,0.0612,3.0,0.0,0,0.0,0,0,0,0,0
CH06222,어린이+키즈,470000,361060000,615,3041,50,10.27,15.2,86.0,4,108929.68,96664.96,765.54,106.12,100615.26,0.5235,1.48,0.0816,8.38,0.0,0,0.0,0,0,0,0,1
CH06223,국내+여행+해외,470000,240540000,313,4283,50,2.47,2.61,10.0,0,1132798.36,4483586.35,10078.46,262.28,531130.41,0.6946,1.058,0.0612,4.05,0.0267,2,0.04,0,0,2,0,0
CH06224,반려동물+애완,470000,445670000,1152,2534,50,2.63,2.98,11.0,0,33858.18,12096.81,486.14,28.36,37488.4,0.6947,1.132,0.0204,4.18,0.0,0,0.0,0,0,0,0,0
CH06225,BJ+연예인+인물,470000,160870000,470,2682,50,19.84,118.13,838.0,1,519559.76,2723509.99,6132.52,197.6,120763.77,0.3658,5.955,0.0204,42.24,0.0,0,0.0,0,0,0,0,1
CH06226,TV+방송,470000,171010000,1188,5047,50,0.73,1.6,11.0,0,34735.9,41953.11,381.9,33.04,11356.67,0.4861,1.601,0.0204,11.0,0.0267,2,0.04,0,0,2,0,0
CH06227,가수+댄스+음악,470000,924660000,118,2391,50,27.14,99.54,663.0,7,452105.28,825509.92,5827.28,188.92,571425.03,0.3949,3.667,0.0408,24.43,0.0,0,0.0,0,0,0,0,0
CH06228,어린이+키즈,470000,354680000,642,2091,50,3.37,4.42,29.0,0,219709.58,148112.19,6647.76,271.48,104023.06,0.5496,1.314,0.0204,8.61,0.0,0,0.0,0,0,0,0,0
CH06229,BJ+연예인+인물,470000,127790000,447,2296,50,3.06,2.69,9.0,0,214048.32,242476.26,3554.44,460.16,234064.2,0.7416,0.879,0.0816,2.94,0.02,2,0.04,0,0,2,0,0
CH06230,레시피+요리+음식,470000,186250000,695,2931,50,3.33,2.49,8.0,0,157218.26,459867.62,1849.14,66.9,97952.06,0.78,0.747,0.0204,2.4,0.0,0,0.0,0,0,0,0,0
CH06231,반려동물+애완,470000,830000,203,3822,50,0.31,0.68,3.0,0,8083.86,32808.24,29.38,2.62,3395.75,0.786,0.676,0.0408,3.0,0.04,2,0.04,0,0,2,0,0
CH06232,스포츠+운동,470000,328800000,886,2722,50,1.96,2.45,13.0,0,214684.64,479323.28,1465.24,161.08,120554.53,0.5877,1.25,0.102,6.64,0.04,3,0.06,0,0,3,0,0
CH06233,만화+애니+영화,470000,107330000,327,3807,50,11.69,12.68,53.0,5,27889.18,24409.74,560.44,93.28,35417.0,0.6655,1.084,0.102,4.53,0.02,1,0.02,1,0,0,0,0
CH06234,BJ+연예인+인물,480000,39680000,76,4290,50,24.24,87.35,627.0,3,268868.36,288621.67,7643.56,309.98,268868.36,0.4025,3.603,0.0204,25.86,0.0,0,0.0,0,0,0,0,1
CH06235,가수+댄스+음악,480000,101600000,79,3734,50,12.33,35.71,236.0,7,1241262.4,2188943.66,43455.16,886.28,1289322.71,0.416,2.897,0.0408,19.15,0.0,0,0.0,0,0,0,0,1
CH06236,BJ+연예인+인물,480000,373340000,1060,2168,50,0.73,1.74,7.0,0,65882.08,122397.22,703.02,89.92,70545.18,0.544,1.735,0.0816,7.0,0.0,0,0.0,0,0,0,0,0
CH06237,TV+방송,480000,565000000,4951,1427,50,0.0,0.0,0.0,0,16954.26,16234.03,116.3,4.4,15819.95,1.0,0.0,0.0,0.0,0.02,2,0.04,0,0,2,0,0
CH06238,만화+애니+영화,480000,195310000,211,6031,50,23.84,50.97,354.0,9,500644.5,2502922.62,4764.46,77.92,663887.38,0.4532,2.138,0.0204,14.85,0.0,0,0.0,0,0,0,0,1
CH06239,TV+방송,480000,647510000,1310,2891,50,1.43,2.49,18.0,0,87151.62,89251.85,1608.84,75.9,99378.04,0.4761,1.744,0.0204,12.6,0.0,0,0.0,0,0,0,0,0
CH06240,자동차,480000,140240000,717,2313,50,9.16,24.49,172.0,2,130415.26,263656.16,732.76,79.34,140354.8,0.43,2.672,0.0204,18.77,0.0067,1,0.02,0,0,1,0,0
CH06242,레시피+요리+음식,480000,72310000,103,2635,50,6.02,4.35,14.0,0,380056.0,282270.59,6767.04,251.26,434200.85,0.7413,0.722,0.1633,2.33,0.0,0,0.0,0,0,0,0,0
CH06243,게임,480000,483190000,2711,4620,50,1.41,1.46,6.0,0,21885.78,28839.35,255.3,15.08,14122.21,0.6792,1.034,0.102,4.26,0.0333,2,0.04,0,0,2,0,0
CH06245,TV+방송,480000,19120000,110,3954,50,12.59,19.94,124.0,4,135455.16,346054.6,7603.48,295.98,135455.16,0.4856,1.584,0.0408,9.85,0.0,0,0.0,0,0,0,0,1
CH06246,레시피+요리+음식,480000,187740000,845,3091,50,3.84,1.69,8.0,0,627797.02,684390.3,6587.56,56.52,620229.94,0.804,0.442,0.1429,2.09,0.0,0,0.0,0,0,0,0,0
CH06247,가수+댄스+음악,480000,29080000,107,4817,50,40.59,106.06,542.0,8,244549.02,553573.03,13504.54,693.34,254545.75,0.4261,2.613,0.0408,13.35,0.0,0,0.0,0,0,0,0,1
CH06248,게임,480000,419660000,1472,4562,50,0.55,0.73,3.0,0,136995.64,41402.99,2014.42,182.34,136995.64,0.7584,0.73,0.102,3.0,0.0867,5,0.1,0,0,6,0,0
CH06249,레시피+요리+음식,480000,289270000,3016,3617,50,3.69,13.47,92.0,1,15339.18,8304.9,91.1,2.46,0.0,0.3954,3.645,0.0408,24.91,0.02,1,0.02,0,0,1,0,0
CH06250,TV+방송,480000,117330000,455,3187,50,2.67,2.15,10.0,0,70837.74,76141.29,1354.44,160.0,162650.25,0.7253,0.805,0.102,3.74,0.0,0,0.0,0,0,0,0,0
CH06251,스포츠+운동,480000,801720000,5177,3567,50,0.06,0.24,1.0,0,34800.24,81881.19,270.2,56.62,50664.0,0.8849,0.24,0.0612,1.0,0.0,0,0.0,0,0,0,0,0
CH06253,반려동물+애완,480000,518150000,1535,2656,50,2.04,1.58,6.0,0,437998.78,721057.67,8362.64,226.84,181238.92,0.7453,0.773,0.1224,2.94,0.04,3,0.06,0,0,3,0,0
CH06254,반려동물+애완,480000,454190000,1170,2173,50,0.65,0.62,2.0,0,259363.8,379901.37,3524.02,92.34,65368.53,0.7833,0.624,0.0816,2.0,0.0133,1,0.02,0,0,1,0,0
CH06255,라이프+취미,480000,144780000,331,1360,50,5.9,4.15,15.0,0,147533.06,182586.61,2831.08,216.16,151757.16,0.763,0.703,0.102,2.54,0.0,0,0.0,0,0,0,0,0
CH06256,강의+교육,480000,82170000,2243,4805,50,5.9,6.35,35.0,1,397.46,640.25,5.86,0.36,394.73,0.6385,1.077,0.0612,5.93,0.0,0,0.0,0,0,0,0,0
CH06257,TV+방송,480000,135460000,1221,4831,50,0.69,1.11,5.0,0,24593.14,14059.27,912.14,37.48,24894.4,0.6553,1.11,0.0816,5.0,0.0,0,0.0,0,0,0,0,0
CH06258,TV+방송,480000,488830000,24063,4909,50,0.0,0.0,0.0,0,6529.62,9113.64,68.12,1.2,3255.26,1.0,0.0,0.0,0.0,0.4467,22,0.44,2,0,29,0,0
CH06259,IT+기술+컴퓨터,480000,128770000,419,3085,50,9.41,10.6,50.0,3,128264.36,402144.38,1102.7,151.2,50195.74,0.6445,1.127,0.0816,5.31,0.0,0,0.0,0,0,0,0,0
CH06260,레시피+요리+음식,480000,105730000,934,3281,50,6.69,8.67,52.0,1,28762.58,52825.17,707.52,42.44,21970.0,0.5572,1.295,0.0816,7.77,0.0,0,0.0,0,0,0,0,0
CH06261,라이프+취미,480000,185370000,78,4811,50,44.1,65.91,363.0,18,2715410.4,2399615.55,43057.3,2518.9,1808894.21,0.5387,1.494,0.0408,8.23,0.0,0,0.0,0,0,0,0,0
CH06262,TV+방송,480000,577400000,6173,1817,50,0.0,0.0,0.0,0,92105.26,125011.72,1460.32,35.68,86138.47,1.0,0.0,0.0,0.0,0.0133,1,0.02,0,0,1,0,0
CH06263,경제+부동산+주식,480000,104280000,3602,4608,50,0.14,0.35,1.0,0,43052.88,48334.95,1314.34,66.24,45836.48,0.8275,0.35,0.1429,1.0,0.04,3,0.06,0,0,3,0,0
CH06265,BJ+연예인+인물,480000,151040000,250,4498,50,44.18,114.05,774.0,12,369991.08,316146.49,7593.76,236.88,311929.42,0.4274,2.581,0.0408,17.52,0.04,3,0.06,0,0,3,0,0
CH06266,미용+패션,480000,163370000,2375,3652,50,0.49,0.61,2.0,0,5597.7,4555.03,0.0,0.64,2260.0,0.7922,0.61,0.0612,2.0,0.0,0,0.0,0,0,0,0,0
CH06267,미용+패션,480000,71490000,1086,4810,50,2.06,2.07,8.0,0,50416.14,195742.46,310.82,28.7,24619.84,0.6995,1.006,0.0816,3.88,0.02,1,0.02,0,0,1,0,0
CH06268,가수+댄스+음악,480000,8740000,158,3621,50,34.61,54.94,275.0,14,14962.08,12666.95,312.14,22.46,14962.08,0.5275,1.587,0.0816,7.95,0.0,0,0.0,0,0,0,0,1
CH06269,가수+댄스+음악,480000,341000000,133,5494,50,8.94,18.49,107.0,5,45235.48,54652.48,2307.78,265.6,57639.33,0.4446,2.068,0.0612,11.97,0.0,0,0.0,0,0,0,0,0
CH06270,게임,480000,107900000,1648,3748,50,0.37,0.52,2.0,0,18554.7,11737.41,205.08,11.2,18912.67,0.8222,0.523,0.0204,2.0,0.0,0,0.0,0,0,0,0,0
CH06272,BJ+연예인+인물,480000,239680000,312,1497,50,1.84,2.1,7.0,0,107677.24,126626.36,1053.18,127.32,168194.86,0.6793,1.145,0.102,3.81,0.0133,1,0.02,0,0,1,0,0
CH06273,만화+애니+영화,480000,40080000,193,1657,50,3.9,8.8,54.0,1,34697.28,57663.84,3195.16,61.18,170388.8,0.4412,2.259,0.0408,13.85,0.0,0,0.0,0,0,0,0,0
CH06274,가수+댄스+음악,480000,167250000,178,3268,50,29.0,30.79,133.0,18,215980.72,511307.32,1572.13,123.04,262421.88,0.6727,1.062,0.0816,4.59,0.0,0,0.0,0,0,0,0,0
CH06275,BJ+연예인+인물,480000,23080000,209,2152,50,18.31,24.99,133.0,4,73803.14,79625.65,5845.82,1188.54,73803.14,0.5712,1.365,0.0612,7.27,0.0,0,0.0,0,0,0,0,1
CH06277,TV+방송,480000,424050000,1580,1427,50,0.12,0.33,1.0,0,67332.16,63310.85,623.48,117.08,71431.02,0.8398,0.328,0.1224,1.0,0.0333,2,0.04,0,0,2,0,0
CH06278,IT+기술+컴퓨터,490000,312160000,2360,5283,50,0.08,0.27,1.0,0,67238.38,120453.27,626.52,99.7,58033.65,0.868,0.274,0.0816,1.0,0.02,1,0.02,0,0,1,0,0
CH06279,IT+기술+컴퓨터,490000,205650000,740,2812,50,3.35,4.11,24.0,0,263818.48,264447.65,2979.04,584.76,274522.33,0.5868,1.229,0.0612,7.17,0.0533,3,0.06,0,0,3,0,0
CH06280,라이프+취미,490000,104630000,1556,4213,50,1.24,1.24,4.0,0,7941.8,6620.05,138.74,5.46,7495.45,0.7385,0.994,0.0204,3.21,0.0133,1,0.02,0,0,1,0,0
CH06281,만화+애니+영화,490000,443410000,411,2717,50,7.57,6.12,27.0,0,1111131.4,1446987.63,16662.38,129.82,633153.18,0.7419,0.808,0.0612,3.57,0.0,0,0.0,0,0,0,0,0
CH06282,미용+패션,490000,34030000,316,4372,50,6.61,10.39,47.0,2,39527.18,82800.88,427.51,25.58,47136.15,0.5404,1.571,0.1224,7.11,0.02,1,0.02,0,0,0,1,0
CH06283,게임,490000,211990000,3072,4683,50,41.08,75.88,360.0,14,15053.92,16525.58,40.0,34.36,15694.93,0.4865,1.847,0.0816,8.76,0.0133,1,0.02,0,0,1,0,0
CH06285,반려동물+애완,490000,609540000,596,5105,50,6.39,7.66,37.0,2,769028.2,1318986.48,12193.52,257.48,392946.32,0.6293,1.198,0.0612,5.79,0.0,0,0.0,0,0,0,0,0
CH06286,라이프+취미,490000,761550000,426,1712,50,1.39,0.6,2.0,0,139468.76,137187.19,2685.74,41.42,0.0,0.8307,0.432,0.0612,1.44,0.0133,1,0.02,0,0,1,0,1
CH06288,가수+댄스+음악,490000,407090000,2807,4714,50,1.67,1.65,6.0,0,70901.24,65947.79,525.46,47.44,64226.63,0.7047,0.984,0.102,3.59,0.0,0,0.0,0,0,0,0,0
CH06289,가수+댄스+음악,490000,586920000,2274,3672,50,2.96,2.12,7.0,0,48613.94,33514.27,0.0,38.84,48613.94,0.7669,0.716,0.0816,2.37,0.0133,1,0.02,0,0,1,0,0
CH06290,BJ+연예인+인물,490000,54230000,87,2548,50,37.33,76.17,458.0,15,792821.14,2509354.2,13785.12,771.62,929234.63,0.4522,2.041,0.0408,12.27,0.0,0,0.0,0,0,0,0,1
CH06291,BJ+연예인+인물,490000,79870000,750,4037,50,3.88,3.13,13.0,0,41432.8,77522.16,933.0,88.62,51647.61,0.7483,0.807,0.0612,3.35,0.02,2,0.04,0,0,2,0,0
CH06292,레시피+요리+음식,490000,282240000,1203,3027,50,1.06,0.82,4.0,0,74503.32,42644.49,925.54,75.42,79466.92,0.7481,0.771,0.0408,3.77,0.0,0,0.0,0,0,0,0,0
CH06293,가수+댄스+음악,490000,157550000,12523,2524,50,0.0,0.0,0.0,0,976.94,1763.1,21.3,2.68,976.94,1.0,0.0,0.0,0.0,0.0,0,0.0,0,0,0,0,0
CH06294,국내+여행+해외,490000,207330000,2076,5793,50,3.59,3.96,26.0,0,59030.48,105519.08,628.26,24.34,30631.25,0.6045,1.102,0.0408,7.24,0.0,0,0.0,0,0,0,0,0
CH06295,게임,490000,399070000,686,2606,50,4.73,0.85,7.0,0,656063.98,311965.42,10219.14,468.68,656063.98,0.9054,0.18,0.0612,1.48,0.0,0,0.0,0,0,0,0,0
CH06296,BJ+연예인+인물,490000,31780000,95,4202,50,6.04,5.58,26.0,0,386513.62,406045.62,10888.54,1022.21,386513.62,0.692,0.924,0.102,4.3,0.0,0,0.0,0,0,0,0,1
CH06298,BJ+연예인+인물,490000,147420000,432,4992,50,20.27,45.3,264.0,7,67894.26,117240.15,1019.27,100.35,36245.31,0.4423,2.235,0.0408,13.03,0.0,0,0.0,0,0,0,0,0
CH06300,BJ+연예인+인물,490000,128060000,600,2782,50,0.57,0.9,4.0,0,125593.84,197966.25,4043.94,233.62,212696.29,0.679,0.904,0.1837,4.0,0.0267,2,0.04,0,0,2,0,0
CH06301,BJ+연예인+인물,490000,156350000,1261,2435,50,1.9,2.13,10.0,0,32490.54,60109.11,795.82,242.08,58321.07,0.6524,1.123,0.0612,5.27,0.0,0,0.0,0,0,0,0,0
CH06302,BJ+연예인+인물,490000,816180000,788,2051,50,1.73,1.1,4.0,0,350368.72,437597.48,4937.24,204.7,300382.23,0.7567,0.636,0.1633,2.31,0.08,5,0.1,0,0,5,0,0
CH06303,미용+패션,500000,95140000,935,3589,50,2.43,2.36,9.0,0,47237.54,38108.69,0.0,34.58,51250.47,0.6969,0.97,0.1224,3.71,0.0133,1,0.02,0,0,1,0,0
CH06304,레시피+요리+음식,500000,34640000,447,4274,50,9.0,14.97,68.0,4,13635.14,8746.93,241.96,17.44,14522.87,0.533,1.664,0.0816,7.56,0.0,0,0.0,0,0,0,0,0
CH06305,BJ+연예인+인물,500000,873480000,3191,4612,50,0.0,0.0,0.0,0,187731.08,204362.27,2352.66,113.88,138734.39,1.0,0.0,0.0,0.0,0.0,0,0.0,0,0,0,0,0
CH06306,가수+댄스+음악,500000,18540000,163,5260,50,15.29,34.92,191.0,6,52463.14,155350.58,913.86,63.82,64626.28,0.4339,2.284,0.0612,12.5,0.0667,3,0.06,0,2,2,0,1
CH06307,게임,500000,203870000,1160,5273,50,8.0,26.13,160.0,3,208109.88,511108.95,2385.72,116.37,47125.04,0.405,3.266,0.0408,20.0,0.0,0,0.0,0,0,0,0,1
CH06308,국내+여행+해외,500000,320730000,399,1642,50,8.8,5.23,21.0,0,265550.58,238231.17,2972.84,292.7,367974.19,0.8014,0.594,0.0408,2.39,0.0133,1,0.02,0,0,1,0,0
CH06309,가수+댄스+음악,500000,336390000,798,1081,50,1.41,2.76,13.0,0,159026.22,207098.07,1562.84,170.38,342604.82,0.4724,1.962,0.0612,9.23,0.0267,2,0.04,0,0,2,0,0
CH06310,미용+패션,500000,150890000,785,3688,50,8.76,10.48,43.0,4,63901.88,144798.44,1105.02,29.34,23655.0,0.6424,1.197,0.102,4.91,0.0,0,0.0,0,0,0,0,0
CH06312,강의+교육,500000,51180000,861,3258,50,7.69,3.83,21.0,0,125572.98,279919.15,1397.64,62.12,75155.53,0.8032,0.498,0.102,2.73,0.0533,4,0.08,0,0,4,0,0
CH06313,스포츠+운동,500000,177620000,687,4562,50,1.86,1.05,3.0,0,47354.28,30591.19,441.84,16.92,48291.63,0.7888,0.565,0.102,1.62,0.0,0,0.0,0,0,0,0,0
CH06314,미용+패션,500000,51130000,295,3527,50,8.71,12.47,60.0,2,123752.56,116417.15,2185.28,89.94,201573.48,0.5763,1.431,0.0612,6.89,0.0333,2,0.04,1,0,0,1,0
CH06315,BJ+연예인+인물,500000,679020000,726,1733,50,0.59,0.64,3.0,0,123374.6,113367.13,1674.16,252.52,123374.6,0.7933,0.636,0.0408,3.0,0.0,0,0.0,0,0,0,0,0
CH06316,게임,500000,554560000,3388,5201,50,1.71,1.39,6.0,0,101943.66,125290.72,2581.24,130.76,96434.26,0.7317,0.808,0.102,3.5,0.04,3,0.06,0,0,2,1,0
CH06317,레시피+요리+음식,500000,111350000,598,4725,50,12.04,13.68,91.0,1,63593.44,71192.66,1410.42,100.7,71272.65,0.5978,1.136,0.0204,7.56,0.0,0,0.0,0,0,0,0,0
CH06318,가수+댄스+음악,500000,73180000,1145,2648,50,0.76,1.46,7.0,0,8426.28,4338.87,1170.78,34.46,6836.7,0.558,1.464,0.102,7.0,0.0,0,0.0,0,0,0,0,0
CH06319,미용+패션,500000,176720000,1760,5116,50,0.53,1.55,10.0,0,59468.22,123862.0,5324.62,179.1,103087.0,0.4775,1.553,0.0612,10.0,0.0267,2,0.04,0,0,2,0,0
CH06320,미용+패션,500000,125160000,415,3434,50,4.82,6.5,35.0,1,330805.6,988119.93,5413.66,126.82,477649.29,0.5786,1.35,0.0408,7.27,0.0467,3,0.06,0,0,3,0,0
CH06322,국내+여행+해외,500000,126680000,449,2554,50,5.8,4.15,19.0,0,259182.3,188698.12,4044.56,416.5,263687.76,0.7591,0.715,0.0816,3.28,0.06,5,0.1,0,0,5,0,0
CH06323,게임,500000,1024300000,6668,5060,50,0.47,0.73,4.0,0,28029.58,7847.24,879.5,44.14,28029.58,0.748,0.731,0.0408,4.0,0.04,2,0.04,0,0,2,0,0
CH06324,어린이+키즈,500000,447400000,97,4315,50,15.33,13.79,62.0,6,4346948.1,7813062.04,6935.86,0.0,4346948.1,0.7089,0.899,0.0816,4.05,0.0,0,0.0,0,0,0,0,1
CH06325,스포츠+운동,500000,63710000,992,3134,50,9.0,8.23,35.0,3,26821.24,52389.76,1086.44,61.94,29116.31,0.7051,0.915,0.102,3.89,0.0,0,0.0,0,0,0,0,0
CH06326,레시피+요리+음식,500000,325900000,1969,3061,50,1.29,1.53,7.0,0,37976.46,30206.04,823.54,49.22,36856.67,0.6405,1.186,0.0612,5.44,0.02,2,0.04,0,0,2,0,0
CH06327,TV+방송,500000,128130000,344,5042,50,18.67,66.08,353.0,3,22214.1,30935.19,808.1,135.42,22087.21,0.3979,3.539,0.0408,18.9,0.04,2,0.04,0,0,2,0,0
CH06328,게임,500000,435960000,13262,5333,50,0.43,1.07,7.0,0,9099.38,14716.25,40.32,6.24,3560.55,0.6212,1.069,0.0204,7.0,0.04,3,0.06,1,0,2,0,0
CH06330,강의+교육,500000,68960000,118,2827,50,27.55,27.94,132.0,16,388512.8,1202088.89,7234.46,1323.66,395119.23,0.6787,1.014,0.0612,4.79,0.0,0,0.0,0,0,0,0,0
CH06331,BJ+연예인+인물,500000,198080000,826,1262,50,1.08,1.75,7.0,0,200028.38,282310.16,1929.76,104.52,203313.87,0.5613,1.616,0.102,6.47,0.0,0,0.0,0,0,0,0,0
CH06332,미용+패션,500000,252740000,1057,3803,50,4.39,4.33,17.0,0,276776.06,525294.64,3685.36,99.6,211160.6,0.696,0.987,0.102,3.87,0.0,0,0.0,0,0,0,0,0
CH06333,BJ+연예인+인물,500000,231770000,341,1822,50,3.37,2.42,8.0,0,300796.18,182576.58,3616.42,422.42,320183.95,0.7663,0.719,0.0816,2.38,0.04,3,0.06,0,0,3,0,0
CH06334,라이프+취미,500000,127110000,160,4478,50,15.76,22.46,143.0,5,702153.68,546299.11,26158.16,1114.24,728277.69,0.5203,1.425,0.0408,9.08,0.1067,8,0.16,0,0,8,0,0
CH06335,게임,500000,133480000,187,2402,50,2.45,2.71,13.0,0,728587.7,1109182.11,9902.86,403.24,495552.62,0.6469,1.107,0.0816,5.31,0.08,4,0.08,0,0,4,0,0
CH06336,레시피+요리+음식,500000,196120000,600,3074,50,2.67,2.27,10.0,0,104568.48,86047.38,1315.52,86.54,102367.89,0.7247,0.85,0.0816,3.74,0.04,3,0.06,0,0,3,0,0
CH06337,라이프+취미,500000,46730000,150,2267,50,10.59,39.29,281.0,1,90636.62,210373.82,1800.3,59.3,172260.23,0.4001,3.709,0.0204,26.53,0.02,1,0.02,0,0,1,0,1
CH06338,BJ+연예인+인물,500000,62360000,135,1966,50,2.27,2.5,7.0,0,157894.16,157475.08,2863.98,195.22,202801.21,0.723,1.102,0.0408,3.09,0.0333,3,0.06,0,0,3,0,0
CH06339,레시피+요리+음식,510000,578100000,956,4979,50,0.31,0.5,2.0,0,193632.16,285042.82,1380.9,95.22,194361.63,0.8265,0.503,0.0204,2.0,0.0267,2,0.04,0,0,2,0,0
CH06341,스포츠+운동,510000,250080000,1990,5112,50,0.06,0.24,1.0,0,32742.72,32781.25,371.78,40.48,25786.53,0.8849,0.24,0.0612,1.0,0.0,0,0.0,0,0,0,0,0
CH06342,국내+여행+해외,510000,89310000,277,2333,50,15.76,17.88,100.0,7,197317.52,139932.45,4169.12,443.8,197317.52,0.6263,1.135,0.0408,6.35,0.02,2,0.04,0,0,2,0,0
CH06343,경제+부동산+주식,510000,78500000,3298,4300,50,0.04,0.2,1.0,0,37600.4,31397.71,1294.58,74.08,37600.4,0.9052,0.198,0.0408,1.0,0.0333,2,0.04,0,0,1,1,0
CH06344,게임,510000,315230000,1735,2454,50,1.22,1.95,8.0,0,93111.26,102227.8,1089.8,115.26,95523.74,0.5674,1.593,0.0816,6.53,0.06,3,0.06,0,0,3,0,0
CH06345,레시피+요리+음식,510000,118240000,454,3886,50,20.12,60.95,338.0,4,134064.3,381848.39,2505.08,140.96,134064.3,0.4119,3.029,0.0408,16.8,0.0,0,0.0,0,0,0,0,1
CH06346,강의+교육,510000,117750000,728,4415,50,2.35,3.29,11.0,0,14663.8,23797.8,276.82,30.84,14094.16,0.6234,1.4,0.1224,4.69,0.04,3,0.06,0,0,3,0,0
CH06348,BJ+연예인+인물,510000,494290000,943,4366,50,1.37,0.87,4.0,0,138162.7,139276.98,1590.8,75.68,142517.52,0.7377,0.639,0.2245,2.93,0.0,0,0.0,0,0,0,0,0
CH06349,라이프+취미,510000,27070000,66,859,50,8.49,16.73,113.0,3,286856.16,473736.35,5235.3,255.74,291073.06,0.4622,1.971,0.0204,13.31,0.0,0,0.0,0,0,0,0,0
CH06350,라이프+취미,510000,182410000,621,2687,50,0.96,1.28,5.0,0,97438.08,135877.21,1281.82,95.24,110036.7,0.6196,1.277,0.1429,5.0,0.0667,5,0.1,0,0,5,0,0
CH06351,가수+댄스+음악,510000,189410000,718,2353,50,7.94,24.07,127.0,4,1080127.2,2350428.01,7942.32,68.96,2003301.67,0.4056,3.032,0.0612,16.0,0.0,0,0.0,0,0,0,0,0
CH06352,BJ+연예인+인물,510000,425450000,1361,4229,50,2.29,2.7,9.0,0,554777.74,560971.94,8092.96,251.9,524731.15,0.672,1.179,0.102,3.94,0.0,0,0.0,0,0,0,0,0
CH06353,가수+댄스+음악,510000,189900000,162,3077,50,12.0,11.96,79.0,2,692209.24,889871.62,9172.32,649.06,705091.43,0.6358,0.997,0.0408,6.58,0.0,0,0.0,0,0,0,0,1
CH06354,레시피+요리+음식,510000,110610000,655,4142,50,7.49,8.34,38.0,2,14413.6,21010.91,120.1,8.0,5388.5,0.6529,1.113,0.0816,5.07,0.02,1,0.02,0,0,1,0,0
CH06355,강의+교육,510000,84350000,852,2332,50,4.29,4.09,14.0,0,9775.4,22783.15,325.3,66.82,9775.4,0.7176,0.955,0.102,3.27,0.0133,1,0.02,0,0,1,0,1
CH06356,강의+교육,510000,63510000,450,3879,50,9.78,23.53,122.0,4,29748.62,144799.0,386.34,21.72,37507.47,0.4284,2.407,0.0612,12.48,0.0067,1,0.02,0,0,1,0,0
CH06357,라이프+취미,510000,1350460000,718,1570,50,3.14,2.34,8.0,0,200315.9,498475.4,2319.62,49.66,104324.22,0.7499,0.744,0.1224,2.55,0.1733,7,0.14,0,2,7,0,0
CH06358,TV+방송,510000,453490000,1870,3659,50,2.16,2.25,7.0,0,29391.5,21158.02,337.52,15.62,27512.44,0.6953,1.041,0.1429,3.24,0.0533,4,0.08,0,0,4,0,0
CH06359,국내+여행+해외,510000,68260000,208,2794,50,12.49,24.3,110.0,5,752926.9,1114773.98,9910.9,853.24,1022649.07,0.4793,1.946,0.0816,8.81,0.08,5,0.1,0,0,5,0,0
CH06360,TV+방송,510000,397660000,1231,3330,50,15.14,91.53,649.0,1,63819.0,139685.07,651.28,35.27,51653.89,0.3649,6.044,0.0204,42.86,0.0133,1,0.02,0,0,1,0,1
CH06361,만화+애니+영화,510000,349690000,687,3452,50,1.14,1.82,7.0,0,94409.88,131238.7,785.6,38.54,103192.36,0.567,1.591,0.1224,6.12,0.06,3,0.06,0,1,2,0,0
CH06362,게임,510000,433470000,2458,4549,50,8.9,5.53,26.0,0,171533.86,84258.56,2104.84,553.18,180848.37,0.7839,0.621,0.0816,2.92,0.06,4,0.08,0,0,4,0,0
CH06363,가수+댄스+음악,510000,179580000,248,5081,50,45.39,101.27,543.0,14,696036.48,861125.98,3346.25,485.5,696036.48,0.4425,2.231,0.0408,11.96,0.02,1,0.02,0,0,0,1,1
CH06364,TV+방송,510000,76050000,670,3549,50,12.2,10.09,35.0,4,119933.02,57637.98,4687.36,284.0,119933.02,0.7309,0.827,0.1429,2.87,0.0,0,0.0,0,0,0,0,1
CH06365,BJ+연예인+인물,510000,295310000,319,419,50,0.86,2.07,9.0,0,478656.16,792543.37,3698.78,138.46,400856.25,0.4547,2.07,0.1224,9.0,0.0,0,0.0,0,0,0,0,0
CH06366,반려동물+애완,510000,282210000,1204,2732,50,0.59,0.6,2.0,0,128826.76,165886.83,2659.16,104.94,110761.7,0.7935,0.603,0.0612,2.0,0.04,3,0.06,0,0,3,0,0
CH06367,TV+방송,510000,1341700000,1866,5101,50,0.57,0.53,2.0,0,250073.32,193594.91,4269.82,48.66,243296.27,0.8197,0.535,0.0204,2.0,0.0333,2,0.04,0,0,2,0,0
CH06368,BJ+연예인+인물,510000,462270000,952,2560,50,2.49,4.03,17.0,0,152977.34,228811.85,1780.3,44.26,172317.04,0.5633,1.617,0.0612,6.83,0.0133,1,0.02,0,0,1,0,0
CH06369,반려동물+애완,510000,223180000,406,2608,50,9.08,11.02,62.0,3,1184175.14,6065738.28,15154.46,235.04,3348975.27,0.5982,1.214,0.0612,6.83,0.0,0,0.0,0,0,0,0,0
CH06370,BJ+연예인+인물,510000,143000000,431,2649,50,3.16,1.71,11.0,0,416039.9,1154799.17,9460.52,346.61,218607.62,0.7805,0.539,0.102,3.48,0.0133,1,0.02,1,0,0,0,0
CH06372,TV+방송,520000,130590000,477,3328,50,1.47,2.17,7.0,0,14830.66,20085.95,154.38,42.52,22173.86,0.6026,1.475,0.1633,4.76,0.0133,1,0.02,0,0,1,0,0
CH06373,게임,520000,891050000,2617,4712,50,0.29,0.73,3.0,0,35480.34,55560.75,393.36,13.02,16308.27,0.7648,0.728,0.0816,3.0,0.0667,3,0.06,0,2,2,0,0
CH06374,TV+방송,520000,618420000,9434,5265,50,0.02,0.14,1.0,0,45065.92,62963.15,1086.46,10.34,618.44,0.9319,0.141,0.0204,1.0,0.02,1,0.02,0,0,0,1,0
CH06375,강의+교육,520000,51480000,216,2942,50,22.43,58.17,413.0,4,44088.42,21242.82,0.0,55.53,44861.06,0.433,2.594,0.0204,18.41,0.0133,1,0.02,0,0,1,0,0
CH06376,BJ+연예인+인물,520000,305450000,738,4988,50,3.59,2.47,14.0,0,87768.32,45017.94,2269.92,190.26,89368.73,0.7525,0.686,0.0612,3.9,0.0267,2,0.04,0,0,2,0,0
CH06377,라이프+취미,520000,58190000,558,3437,50,6.59,7.24,41.0,1,9073.86,3950.39,120.66,4.32,7394.4,0.6219,1.098,0.0816,6.22,0.0533,4,0.08,0,0,4,0,0
CH06378,레시피+요리+음식,520000,88110000,416,4288,50,42.92,185.54,1313.0,8,188658.36,248301.07,2630.98,476.9,212702.45,0.3878,4.323,0.0204,30.59,0.0,0,0.0,0,0,0,0,1
CH06379,게임,520000,502390000,3239,4651,50,0.53,0.67,2.0,0,47525.2,31454.31,225.7,24.6,60891.08,0.7682,0.673,0.102,2.0,0.02,1,0.02,0,0,1,0,0
CH06380,게임,520000,746400000,13858,5779,50,0.57,0.86,3.0,0,192850.54,256747.34,1914.76,163.96,93758.69,0.7203,0.857,0.1633,3.0,0.02,1,0.02,0,0,0,1,0
CH06381,TV+방송,520000,537000000,780,4510,50,1.63,2.0,9.0,0,29949.94,73430.64,1426.0,64.8,27447.96,0.6225,1.223,0.102,5.51,0.0,0,0.0,0,0,0,0,0
CH06383,라이프+취미,520000,931320000,649,1859,50,2.92,2.02,14.0,0,516108.04,530211.94,6043.08,70.82,0.0,0.732,0.692,0.0408,4.8,0.0,0,0.0,0,0,0,0,0
CH06384,가수+댄스+음악,520000,191950000,1146,1046,50,0.18,0.44,2.0,0,29571.62,59836.98,3012.94,68.0,44578.17,0.799,0.437,0.1633,2.0,0.0,0,0.0,0,0,0,0,0
CH06385,BJ+연예인+인물,520000,93090000,1098,1448,50,0.04,0.2,1.0,0,108482.92,386704.88,2253.58,52.9,35992.12,0.9052,0.198,0.0408,1.0,0.0,0,0.0,0,0,0,0,0
CH06386,라이프+취미,520000,391900000,1298,3622,50,2.02,0.94,5.0,0,37686.98,37074.11,577.78,106.18,38075.06,0.8233,0.464,0.0612,2.47,0.0533,3,0.06,0,0,2,1,0
CH06387,가수+댄스+음악,520000,18150000,205,5920,50,7.2,13.99,68.0,3,41293.2,50552.99,3632.5,351.06,42913.39,0.4676,1.942,0.0612,9.44,0.0,0,0.0,0,0,0,0,1
CH06388,스포츠+운동,520000,106550000,518,2147,50,4.71,2.28,7.0,0,24886.12,25052.3,308.2,35.96,26805.5,0.8066,0.483,0.102,1.48,0.0,0,0.0,0,0,0,0,0
CH06389,미용+패션,520000,71650000,553,2995,50,1.24,1.45,7.0,0,199416.16,597535.67,1163.48,40.36,61539.67,0.6254,1.165,0.102,5.62,0.0,0,0.0,0,0,0,0,0
CH06392,TV+방송,520000,52060000,617,5246,50,2.24,0.59,3.0,0,7799.92,10273.57,225.82,0.68,9747.18,0.8837,0.263,0.0408,1.34,0.0,0,0.0,0,0,0,0,0
CH06393,라이프+취미,520000,455060000,595,2449,50,3.08,2.32,7.0,0,303269.46,400724.72,4221.48,406.14,170898.48,0.7485,0.753,0.1224,2.27,0.0467,3,0.06,0,0,3,0,0
CH06394,라이프+취미,520000,189080000,92,939,50,5.1,8.09,40.0,2,1630632.8,1705729.47,25387.04,1319.24,1079248.91,0.5367,1.586,0.0612,7.84,0.02,2,0.04,0,0,2,0,1
CH06395,게임,520000,495690000,4916,4610,50,1.18,1.12,6.0,0,58725.48,13051.39,388.34,71.22,58725.48,0.6673,0.945,0.102,5.07,0.0667,4,0.08,0,1,3,0,0
CH06396,TV+방송,520000,112990000,74,3272,50,40.73,113.37,804.0,13,1572392.22,3522129.54,57796.26,1291.38,562834.63,0.426,2.783,0.0204,19.74,0.04,3,0.06,0,0,3,0,1
CH06397,BJ+연예인+인물,520000,74890000,315,2145,50,6.41,7.35,49.0,1,122536.88,119904.38,1432.72,131.6,155848.03,0.5878,1.148,0.0408,7.65,0.02,1,0.02,0,0,1,0,0
CH06398,라이프+취미,520000,208070000,3510,2569,50,0.1,0.36,2.0,0,2929.4,2823.39,6.98,0.56,3024.85,0.8421,0.364,0.0816,2.0,0.0533,4,0.08,0,0,4,0,0
CH06399,가수+댄스+음악,520000,62270000,380,7390,50,13.65,17.49,69.0,7,9069.28,16348.63,170.68,18.82,10772.38,0.6299,1.281,0.102,5.05,0.0,0,0.0,0,0,0,0,0
CH06401,BJ+연예인+인물,520000,156310000,568,3765,50,12.63,25.05,148.0,8,193782.62,259419.5,2967.94,210.94,159701.71,0.4431,1.983,0.0816,11.72,0.0,0,0.0,0,0,0,0,0
CH06402,가수+댄스+음악,520000,243690000,3595,4858,50,1.45,1.44,8.0,0,4281.04,7338.87,130.76,13.74,4281.04,0.6601,0.996,0.0612,5.52,0.0,0,0.0,0,0,0,0,0
CH06403,게임,520000,395530000,843,5333,50,2.24,1.25,5.0,0,173470.32,129879.34,2686.12,191.2,179895.15,0.7902,0.559,0.102,2.23,0.1067,6,0.12,0,0,6,0,0
CH06404,만화+애니+영화,520000,178590000,1340,4347,50,1.33,1.79,9.0,0,68107.28,180974.75,596.76,54.76,68107.28,0.5864,1.348,0.0612,6.78,0.1333,9,0.18,4,0,6,0,0
CH06405,라이프+취미,520000,745820000,722,2718,50,4.02,3.41,22.0,0,321015.8,407696.42,3027.66,184.26,285547.92,0.6877,0.848,0.0408,5.47,0.0067,1,0.02,0,0,1,0,0
CH06406,강의+교육,530000,150670000,576,5044,50,0.55,2.42,17.0,0,6914.36,4542.78,65.56,4.82,3401.27,0.4402,2.416,0.0204,17.0,0.0267,2,0.04,0,0,2,0,0
CH06407,IT+기술+컴퓨터,530000,48930000,956,3586,50,4.51,4.06,17.0,0,155478.34,250098.07,1469.12,129.06,131004.66,0.7168,0.899,0.0816,3.77,0.0933,6,0.12,0,1,5,0,0
CH06408,가수+댄스+음악,530000,87120000,370,4867,50,13.02,23.52,113.0,3,110379.72,107823.26,3034.3,125.04,114879.64,0.4975,1.807,0.0612,8.68,0.0,0,0.0,0,0,0,0,1
CH06409,게임,530000,444740000,3162,4429,50,6.41,1.84,14.0,0,14316.8,20213.84,0.0,23.96,14316.8,0.8456,0.287,0.1429,2.18,0.0333,2,0.04,0,0,2,0,1
CH06410,라이프+취미,530000,24530000,68,3851,50,61.37,103.19,573.0,25,307281.08,517561.45,13303.47,547.92,312358.43,0.487,1.682,0.0612,9.34,0.0,0,0.0,0,0,0,0,0
CH06411,BJ+연예인+인물,530000,819640000,1279,3417,50,2.43,0.99,5.0,0,195758.64,75457.64,1950.28,325.42,195758.64,0.8185,0.408,0.1224,2.06,0.0133,1,0.02,0,0,1,0,0
CH06415,TV+방송,530000,807800000,852,3613,50,2.08,5.49,37.0,1,77649.32,351413.43,573.38,8.66,0.0,0.4252,2.638,0.0408,17.77,0.0,0,0.0,0,0,0,0,0
CH06416,TV+방송,530000,217630000,623,4355,50,3.63,1.75,10.0,0,183791.48,136603.51,2058.54,195.16,183791.48,0.801,0.481,0.1224,2.75,0.02,1,0.02,0,0,0,1,1
CH06417,미용+패션,530000,123210000,979,3259,50,1.67,1.62,6.0,0,65159.68,68031.64,1246.44,56.6,68139.9,0.7128,0.969,0.0816,3.59,0.0,0,0.0,0,0,0,0,0
CH06418,TV+방송,530000,749580000,6915,2026,50,0.61,1.1,4.0,0,49102.88,61276.22,1197.14,136.66,54574.73,0.6724,1.103,0.1224,4.0,0.08,5,0.1,0,0,6,0,0
CH06420,BJ+연예인+인물,530000,113290000,308,4461,50,26.84,58.48,342.0,7,247942.0,218260.79,5758.26,632.94,195602.51,0.4267,2.179,0.102,12.74,0.0467,3,0.06,0,0,3,0,0
CH06421,라이프+취미,530000,150090000,254,2728,50,12.82,9.53,50.0,3,457244.66,688040.68,9426.86,1124.24,482767.27,0.7365,0.744,0.0816,3.9,0.0267,3,0.06,0,0,3,0,0
CH06422,라이프+취미,530000,180800000,737,5121,50,15.14,34.75,217.0,3,65568.58,89086.75,2691.66,39.26,53418.91,0.4395,2.295,0.0408,14.33,0.0,0,0.0,0,0,0,0,0
CH06423,가수+댄스+음악,530000,13150000,243,4071,50,13.12,27.12,163.0,6,25551.58,122362.54,678.13,12.38,70241.56,0.4447,2.067,0.0612,12.42,0.0,0,0.0,0,0,0,0,0
CH06424,TV+방송,530000,312160000,437,3303,50,4.24,1.89,8.0,0,1266013.18,1516916.95,11548.58,78.44,1869501.8,0.8031,0.445,0.1429,1.88,0.0,0,0.0,0,0,0,0,0
CH06428,미용+패션,530000,143440000,1210,3528,50,1.45,1.4,7.0,0,53472.9,42270.04,477.36,71.28,57490.03,0.6774,0.967,0.0816,4.83,0.0133,1,0.02,0,0,1,0,0
CH06430,TV+방송,530000,247900000,1329,2979,50,1.57,0.53,3.0,0,82485.06,184186.71,1220.66,65.32,82485.06,0.867,0.34,0.0204,1.91,0.08,7,0.14,0,0,7,0,0
CH06431,BJ+연예인+인물,530000,112400000,717,1139,50,1.27,2.69,13.0,0,100312.9,195546.35,0.0,156.74,118586.61,0.4234,2.123,0.1224,10.27,0.0667,5,0.1,1,0,4,0,0
CH06432,만화+애니+영화,530000,365810000,1115,2511,50,0.88,1.19,6.0,0,265262.24,327654.59,3064.64,398.6,255014.26,0.6182,1.189,0.0816,6.0,0.0533,4,0.08,0,0,4,0,0
CH06433,라이프+취미,530000,365140000,115,3726,50,54.08,147.89,898.0,13,2171686.14,5514197.05,10857.46,1032.74,2465340.36,0.4216,2.735,0.0408,16.6,0.0,0,0.0,0,0,0,0,1
CH06434,BJ+연예인+인물,530000,452670000,1953,4299,50,1.9,1.69,7.0,0,108695.6,190234.75,2433.68,141.78,72405.56,0.714,0.892,0.102,3.69,0.0,0,0.0,0,0,0,0,0
CH06435,게임,530000,802050000,3330,3953,50,1.67,1.45,6.0,0,188572.02,112711.38,2470.2,165.58,188572.02,0.7146,0.865,0.1224,3.59,0.0133,1,0.02,1,0,0,0,0
CH06436,게임,530000,397630000,2016,3289,50,10.92,26.25,117.0,4,30737.38,39191.13,342.06,61.64,26937.4,0.4224,2.404,0.0816,10.72,0.04,2,0.04,0,0,0,2,1
CH06437,만화+애니+영화,530000,106350000,358,4738,50,4.65,8.97,45.0,2,393956.96,630116.54,11617.66,756.22,435906.94,0.4557,1.928,0.0816,9.67,0.0,0,0.0,0,0,0,0,0
CH06442,가수+댄스+음악,540000,94790000,192,3411,50,30.33,105.83,694.0,7,143752.56,162942.71,8848.8,297.64,159704.98,0.3991,3.49,0.0408,22.88,0.0,0,0.0,0,0,0,0,0
CH06443,IT+기술+컴퓨터,540000,102630000,909,4716,50,13.24,13.1,55.0,6,7623.28,9989.37,280.1,20.5,7623.28,0.6817,0.989,0.1224,4.15,0.02,1,0.02,0,0,0,1,0
CH06444,TV+방송,540000,283500000,8862,3212,50,0.24,0.59,2.0,0,8640.4,13980.89,264.62,30.5,5120.81,0.79,0.59,0.0816,2.0,0.0,0,0.0,0,0,0,0,0
CH06445,BJ+연예인+인물,540000,394540000,567,3029,50,23.0,25.49,105.0,10,2232756.42,1570698.65,19148.24,1398.68,2232756.42,0.6557,1.108,0.1224,4.57,0.0,0,0.0,0,0,0,0,0
CH06446,강의+교육,540000,79210000,623,6200,50,4.51,5.31,22.0,0,54466.8,52034.4,689.4,54.52,47947.92,0.6515,1.178,0.0816,4.88,0.0,0,0.0,0,0,0,0,0
CH06447,가수+댄스+음악,540000,413990000,289,1334,50,0.04,0.28,2.0,0,117141.1,82368.07,4401.08,103.28,31473.1,0.8837,0.283,0.0204,2.0,0.0,0,0.0,0,0,0,0,0
CH06448,미용+패션,540000,35750000,252,3361,50,8.98,10.68,62.0,2,58001.42,238925.39,1425.82,92.08,15904.65,0.6046,1.189,0.0408,6.9,0.0,0,0.0,0,0,0,0,0
CH06449,라이프+취미,540000,779400000,3923,2625,50,0.0,0.0,0.0,0,44930.58,17786.06,1883.98,81.54,44930.58,1.0,0.0,0.0,0.0,0.06,4,0.08,1,0,3,0,0
CH06450,스포츠+운동,540000,231480000,550,2154,50,0.31,1.09,7.0,0,94026.28,177359.09,420.72,35.44,128447.09,0.6003,1.092,0.0816,7.0,0.0267,3,0.06,0,0,3,0,0
CH06451,레시피+요리+음식,540000,467850000,2916,4932,50,1.84,1.65,7.0,0,125964.7,77247.91,1906.98,75.62,109150.2,0.7038,0.896,0.1224,3.81,0.08,6,0.12,0,0,6,0,0
CH06452,라이프+취미,540000,142110000,1318,2747,50,0.86,0.67,2.0,0,11399.7,9406.21,323.78,24.62,11399.7,0.7504,0.67,0.1633,2.0,0.0267,2,0.04,0,0,2,0,0
CH06453,만화+애니+영화,540000,213140000,661,2336,50,7.63,21.77,143.0,2,204715.66,672145.39,8715.14,42.36,34831.67,0.4175,2.852,0.0408,18.74,0.0,0,0.0,0,0,0,0,1
CH06454,BJ+연예인+인물,540000,106940000,393,2611,50,2.94,5.39,26.0,0,106044.9,264474.01,0.0,65.66,159641.14,0.4971,1.834,0.0408,8.85,0.0,0,0.0,0,0,0,0,0
CH06455,TV+방송,540000,492710000,5965,1427,50,0.02,0.14,1.0,0,27103.54,41931.06,222.66,3.14,27800.21,0.9319,0.141,0.0204,1.0,0.0533,4,0.08,3,0,1,0,0
CH06456,BJ+연예인+인물,540000,207070000,214,3541,50,3.08,5.55,36.0,1,731923.52,867608.56,5800.5,330.65,707633.23,0.4662,1.802,0.0408,11.68,0.0733,4,0.08,0,0,4,0,0
CH06457,(미분류),540000,120000,206,5032,50,0.43,0.81,3.0,0,597.98,664.17,3.76,0.0,146.19,0.7398,0.808,0.1224,3.0,0.0,0,0.0,0,0,0,0,1
CH06458,레시피+요리+음식,540000,176130000,2194,2820,50,1.16,1.68,9.0,0,25993.1,17067.88,321.24,8.46,26130.29,0.5446,1.446,0.0816,7.74,0.0333,3,0.06,0,0,3,0,0
CH06459,강의+교육,540000,127830000,863,3686,50,8.86,7.35,28.0,0,30330.06,34871.6,724.0,71.94,34491.86,0.7441,0.83,0.0816,3.16,0.0133,1,0.02,0,0,1,0,0
CH06460,스포츠+운동,540000,185600000,509,3426,50,1.92,4.12,26.0,0,297400.54,459773.92,1829.86,128.2,255239.05,0.4465,2.15,0.0408,13.55,0.0,0,0.0,0,0,0,0,0
CH06461,레시피+요리+음식,540000,469460000,413,2032,50,0.2,0.57,3.0,0,1187.72,479.35,8.06,0.4,1447.85,0.8061,0.571,0.0408,3.0,0.0133,1,0.02,0,0,1,0,0
CH06462,(미분류),540000,178080000,397,3222,50,8.22,7.45,37.0,1,278830.04,218312.27,4968.52,244.62,278830.04,0.6951,0.905,0.0816,4.5,0.02,1,0.02,0,0,2,0,1
CH06463,게임,540000,693280000,2465,3912,50,2.37,2.32,11.0,0,219028.54,212239.61,1804.42,122.72,153247.49,0.675,0.979,0.102,4.65,0.0267,2,0.04,0,0,2,0,0
CH06464,BJ+연예인+인물,540000,818190000,1625,2478,50,0.0,0.0,0.0,0,138360.84,147355.65,2057.28,100.64,0.0,1.0,0.0,0.0,0.0,0.0,0,0.0,0,0,0,0,0
CH06466,BJ+연예인+인물,540000,409210000,495,2176,50,1.92,3.61,20.0,0,547297.64,1781205.23,4612.98,73.08,196576.0,0.4552,1.88,0.0612,10.43,0.0133,1,0.02,0,0,1,0,0
CH06467,라이프+취미,550000,287980000,1119,4645,50,3.88,2.83,10.0,0,66713.04,41524.62,1065.46,80.1,66713.04,0.7647,0.729,0.0816,2.58,0.0,0,0.0,0,0,0,0,0
CH06468,미용+패션,550000,269690000,2934,4677,50,2.27,1.38,6.0,0,24077.6,20650.57,195.68,21.76,26913.76,0.7861,0.61,0.0816,2.65,0.04,2,0.04,0,0,2,0,0
CH06469,TV+방송,550000,261830000,294,2811,50,24.51,52.42,286.0,9,716640.34,1546262.5,14888.08,365.06,177567.59,0.4471,2.139,0.0408,11.67,0.0133,2,0.04,0,0,2,0,1
CH06471,국내+여행+해외,550000,336460000,546,2646,50,10.98,13.97,83.0,3,177271.36,96165.57,1873.24,126.96,177271.36,0.5714,1.272,0.0612,7.56,0.0,0,0.0,0,0,0,0,0
CH06472,어린이+키즈,550000,358950000,2092,2566,50,0.73,0.88,2.0,0,1888.38,1399.98,7.26,0.0,2781.25,0.7666,0.875,0.0,2.0,0.0067,1,0.02,0,0,1,0,0
CH06474,라이프+취미,550000,31910000,111,3731,50,2.35,2.04,10.0,0,89940.84,169820.65,1016.6,6.52,142626.71,0.7072,0.867,0.0816,4.26,0.02,2,0.04,0,0,2,0,0
CH06475,게임,550000,431680000,2519,2920,50,0.63,0.66,2.0,0,104269.34,48400.6,886.68,215.3,101436.27,0.7705,0.661,0.102,2.0,0.02,1,0.02,0,0,1,0,0
CH06477,라이프+취미,550000,972100000,1005,3120,50,1.86,1.11,5.0,0,183120.16,609409.75,2818.64,30.66,78690.8,0.7705,0.596,0.1429,2.69,0.0,0,0.0,0,0,0,0,0
CH06478,BJ+연예인+인물,550000,430650000,1228,5557,50,0.41,0.49,1.0,0,187658.1,199134.4,2916.16,172.34,135386.4,0.8352,0.491,0.0,1.0,0.0067,1,0.02,0,0,1,0,0
CH06479,게임,550000,511980000,2660,5220,50,0.76,1.25,6.0,0,718668.58,929112.06,9437.6,490.06,412778.89,0.5994,1.254,0.1224,6.0,0.0,0,0.0,0,0,0,0,0
CH06480,게임,550000,644030000,1652,4720,50,1.65,4.32,29.0,0,351497.08,328149.78,6262.48,87.62,36245.2,0.4261,2.614,0.0408,17.54,0.0,0,0.0,0,0,0,0,0
CH06481,TV+방송,550000,198820000,592,3364,50,3.41,7.18,51.0,1,124122.7,358583.44,873.52,17.3,36427.6,0.4548,2.107,0.0204,14.96,0.02,1,0.02,0,0,1,0,0
CH06482,BJ+연예인+인물,550000,394300000,966,1723,50,0.82,1.61,7.0,0,158259.8,187223.64,3819.46,192.86,140186.93,0.5588,1.612,0.0612,7.0,0.06,4,0.08,0,0,4,0,0
CH06483,자동차,550000,187820000,2882,6142,50,1.39,0.97,5.0,0,97195.8,65720.28,2802.12,266.12,97195.8,0.7593,0.695,0.0612,3.6,0.04,3,0.06,0,0,3,0,0
CH06485,BJ+연예인+인물,550000,223860000,450,2289,50,0.59,0.78,4.0,0,56036.12,157347.82,262.04,28.88,63772.44,0.7278,0.78,0.0816,4.0,0.0,0,0.0,0,0,0,0,0
CH06486,레시피+요리+음식,550000,110520000,303,3334,50,17.55,41.05,222.0,7,268060.36,1563368.34,7511.5,31.22,32229.0,0.4314,2.339,0.0612,12.65,0.0133,1,0.02,0,0,1,0,0
CH06487,레시피+요리+음식,550000,116280000,370,3972,50,3.96,2.59,13.0,0,83160.76,140804.36,1748.6,103.04,86050.86,0.7576,0.653,0.1224,3.28,0.06,3,0.06,0,0,3,0,0
CH06488,TV+방송,550000,266330000,382,1229,50,11.24,54.28,381.0,2,97613.74,299000.27,592.8,16.3,144091.73,0.3797,4.827,0.0204,33.88,0.0133,1,0.02,0,0,1,0,0
CH06489,반려동물+애완,550000,330830000,1641,3133,50,0.96,0.9,4.0,0,124914.6,68806.33,4843.4,208.64,153336.78,0.7159,0.903,0.0612,4.0,0.02,1,0.02,0,0,1,0,0
CH06490,게임,550000,656530000,7962,4658,50,6.31,4.38,20.0,0,5320.82,3248.34,51.66,15.9,5320.82,0.7595,0.695,0.102,3.17,0.0,0,0.0,0,0,0,0,0
CH06491,게임,550000,526440000,1725,3979,50,4.16,3.72,17.0,0,68221.94,96884.5,478.36,58.28,54874.34,0.7087,0.893,0.0816,4.08,0.1,7,0.14,0,0,7,0,0
CH06493,강의+교육,550000,120930000,2000,3970,50,0.29,0.73,3.0,0,7259.18,7867.85,172.62,4.16,2148.27,0.7648,0.728,0.0816,3.0,0.0,0,0.0,0,0,0,0,0
CH06495,국내+여행+해외,550000,356290000,1143,3543,50,0.9,0.79,3.0,0,135791.36,90389.33,3492.92,167.44,186843.52,0.7734,0.789,0.0204,3.0,0.0533,4,0.08,0,0,4,0,0
CH06496,반려동물+애완,560000,227580000,322,2848,50,19.88,38.54,142.0,7,1079070.96,2457645.93,22384.8,423.72,362878.32,0.5211,1.939,0.102,7.14,0.02,1,0.02,1,0,0,0,1
CH06497,경제+부동산+주식,560000,232390000,4330,4114,50,0.04,0.28,2.0,0,25664.0,17557.8,412.68,14.86,18164.74,0.8837,0.283,0.0204,2.0,0.0267,2,0.04,0,0,2,0,0
CH06500,BJ+연예인+인물,560000,434580000,1689,3394,50,3.47,4.95,31.0,1,88902.24,33797.07,792.44,61.82,88902.24,0.5181,1.427,0.0612,8.94,0.0133,1,0.02,0,0,1,0,0
CH06501,게임,560000,784470000,6075,3635,50,0.41,0.53,2.0,0,226855.12,112777.48,1427.68,174.04,206201.1,0.8204,0.531,0.0204,2.0,0.0333,2,0.04,0,0,1,1,0
CH06502,가수+댄스+음악,560000,113920000,213,3893,50,15.1,25.95,101.0,10,263672.14,432583.83,8192.34,131.96,137468.86,0.5419,1.718,0.1224,6.69,0.0,0,0.0,0,0,0,0,1
CH06503,BJ+연예인+인물,560000,205320000,1066,2419,50,1.49,1.4,7.0,0,87880.66,81020.02,3670.1,541.5,87880.66,0.6907,0.941,0.0612,4.7,0.06,4,0.08,0,0,4,0,0
CH06504,BJ+연예인+인물,560000,215920000,1169,5859,50,2.08,2.14,8.0,0,105253.54,122907.92,1206.1,100.76,126534.66,0.7043,1.026,0.0612,3.84,0.0,0,0.0,0,0,0,0,0
CH06505,만화+애니+영화,560000,410060000,1049,2719,50,2.29,1.75,7.0,0,218343.38,183251.82,2906.02,294.52,222054.8,0.7508,0.765,0.102,3.06,0.4067,17,0.34,2,2,22,1,0
CH06507,반려동물+애완,560000,388500000,1667,3461,50,1.63,2.5,12.0,0,12111.72,15662.33,86.62,7.06,18207.87,0.5489,1.529,0.0816,7.35,0.0,0,0.0,0,0,0,0,0
CH06508,게임,560000,294270000,1812,4524,50,5.65,4.32,20.0,0,157785.2,61396.36,2834.52,130.06,157785.2,0.7435,0.764,0.0816,3.54,0.1,6,0.12,0,0,5,1,0
CH06513,라이프+취미,560000,63330000,313,4163,50,1.37,2.01,10.0,0,9036.5,27490.75,0.0,6.42,9764.85,0.561,1.468,0.0612,7.31,0.02,1,0.02,0,0,1,0,0
CH06515,TV+방송,560000,415540000,429,1165,50,1.8,0.64,3.0,0,496233.34,315165.58,6177.84,500.18,476395.1,0.8322,0.355,0.1224,1.67,0.0,0,0.0,0,0,0,0,0
CH06516,스포츠+운동,560000,278610000,1080,3163,50,19.02,74.28,512.0,3,133964.14,379929.73,1285.32,43.06,143169.67,0.3897,3.906,0.0408,26.92,0.0133,1,0.02,0,0,1,0,0
CH06517,가수+댄스+음악,560000,103560000,998,4087,50,3.45,4.76,20.0,0,29132.56,75002.49,1144.86,55.86,33130.74,0.5996,1.379,0.102,5.8,0.0,0,0.0,0,0,0,0,1
CH06519,BJ+연예인+인물,560000,112360000,263,1971,50,2.2,1.26,5.0,0,442272.7,303669.12,8874.96,262.92,302887.18,0.7874,0.572,0.102,2.27,0.0133,1,0.02,1,0,0,0,0
CH06520,BJ+연예인+인물,560000,46890000,157,1661,50,13.47,49.0,348.0,2,230284.24,470753.72,8393.66,195.13,212843.15,0.4017,3.638,0.0204,25.84,0.0,0,0.0,0,0,0,0,1
CH06521,TV+방송,570000,188930000,532,3485,50,8.12,19.82,124.0,3,29735.58,120497.42,82.69,10.48,32822.7,0.427,2.44,0.0612,15.27,0.0,0,0.0,0,0,0,0,0
CH06522,게임,570000,313840000,422,3780,50,14.63,22.52,133.0,5,543688.16,427321.41,8540.16,390.5,546743.06,0.5046,1.539,0.0612,9.09,0.0133,1,0.02,0,0,1,0,1
CH06523,미용+패션,570000,276280000,758,3568,50,19.37,32.37,190.0,6,56114.46,67035.96,339.14,37.35,54799.47,0.4742,1.671,0.0612,9.81,0.0133,1,0.02,0,0,1,0,0
CH06524,미용+패션,570000,239290000,322,2554,50,0.57,1.73,11.0,0,2572.36,9571.61,110.68,1.5,39115.33,0.4712,1.726,0.0408,11.0,0.0,0,0.0,0,0,0,0,1
CH06525,가수+댄스+음악,570000,1123790000,255,2617,50,10.24,34.32,228.0,3,56434.78,82966.6,964.06,38.58,65254.95,0.4027,3.35,0.0408,22.25,0.0,0,0.0,0,0,0,0,0
CH06526,경제+부동산+주식,570000,248740000,3540,3400,50,0.14,0.35,1.0,0,30267.3,17479.42,352.06,19.76,23568.04,0.8275,0.35,0.1429,1.0,0.0,0,0.0,0,0,0,0,0
CH06528,BJ+연예인+인물,570000,65600000,267,2116,50,5.57,14.94,90.0,2,120654.16,309385.97,1612.64,50.94,130793.57,0.4236,2.681,0.0408,16.15,0.0267,2,0.04,0,0,2,0,0
CH06529,TV+방송,570000,375180000,556,1195,50,1.27,0.75,3.0,0,356499.6,952433.89,3496.06,110.1,412858.9,0.7588,0.593,0.1837,2.37,0.06,3,0.06,0,0,3,0,0
CH06530,IT+기술+컴퓨터,570000,94620000,836,4442,50,4.33,5.54,24.0,0,59302.76,69753.31,1107.74,39.94,61342.51,0.6159,1.28,0.102,5.55,0.0267,2,0.04,0,0,2,0,0
CH06531,IT+기술+컴퓨터,570000,240320000,1339,3636,50,0.78,1.17,6.0,0,80317.88,72625.98,1139.34,263.16,123668.21,0.6207,1.165,0.0816,6.0,0.04,3,0.06,0,0,3,0,0
CH06532,게임,570000,707110000,5593,4477,50,0.63,0.83,3.0,0,191372.9,132354.9,688.42,154.78,196014.17,0.731,0.825,0.1429,3.0,0.0267,2,0.04,0,0,2,0,0
CH06533,가수+댄스+음악,570000,35600000,186,4733,50,16.98,35.04,236.0,8,6072.34,4546.32,227.66,10.2,4020.6,0.4571,2.064,0.0204,13.9,0.0,0,0.0,0,0,0,0,0
CH06534,만화+애니+영화,570000,506700000,1298,2804,50,1.43,2.35,9.0,0,66404.42,110639.81,2885.74,117.16,199529.14,0.5643,1.643,0.102,6.3,0.0,0,0.0,0,0,0,0,0
CH06535,자동차,570000,500100000,477,2547,50,4.14,5.6,23.0,0,382825.9,752794.38,421.7,32.34,637693.65,0.6214,1.351,0.0612,5.55,0.0,0,0.0,0,0,0,0,0
CH06536,가수+댄스+음악,570000,404950000,2852,405,50,4.31,18.65,126.0,2,108215.6,88154.19,5073.78,193.74,95231.39,0.3815,4.331,0.0408,29.26,0.0,0,0.0,0,0,0,0,0
CH06537,TV+방송,570000,532530000,1326,5741,50,8.57,34.47,247.0,1,183803.82,379268.08,5612.78,37.78,13744.0,0.3934,4.022,0.0204,28.82,0.0133,1,0.02,0,0,1,0,1
CH06539,IT+기술+컴퓨터,570000,274510000,12054,4926,50,0.02,0.14,1.0,0,2064.66,3318.33,97.92,2.42,2064.66,0.9319,0.141,0.0204,1.0,0.0133,2,0.04,0,0,2,0,0
CH06540,게임,570000,27010000,136,1501,50,9.73,19.27,96.0,7,6954.76,6473.57,1567.94,39.88,23891.33,0.4412,1.979,0.102,9.86,0.0,0,0.0,0,0,0,0,0
CH06541,BJ+연예인+인물,570000,172840000,310,1327,50,5.84,18.82,118.0,3,296902.72,591004.49,7726.06,337.08,438307.94,0.4061,3.224,0.0408,20.22,0.0,0,0.0,0,0,0,0,1
CH06542,게임,580000,656750000,3054,4262,50,0.41,0.57,2.0,0,120024.82,80323.16,496.12,63.6,140728.87,0.8065,0.569,0.0408,2.0,0.02,2,0.04,0,0,2,0,0
CH06544,TV+방송,580000,304060000,680,2189,50,4.9,9.98,62.0,1,86891.82,195885.77,1442.82,275.98,119527.62,0.4524,2.038,0.0408,12.66,0.02,1,0.02,0,0,1,0,1
CH06545,TV+방송,580000,212680000,734,3508,50,12.41,47.01,309.0,3,221325.74,486549.51,2125.74,162.3,240982.06,0.3922,3.788,0.0408,24.9,0.0,0,0.0,0,0,0,0,0
CH06546,게임,580000,574360000,2815,3169,50,0.78,1.09,5.0,0,146961.94,175096.4,3634.8,209.46,134444.36,0.6634,1.093,0.0612,5.0,0.0267,2,0.04,0,0,2,0,0
CH06547,스포츠+운동,580000,586500000,1385,2621,50,0.8,0.97,3.0,0,99362.64,116880.1,1578.3,196.5,123045.16,0.7173,0.968,0.1224,3.0,0.0267,2,0.04,0,0,2,0,0
CH06548,라이프+취미,580000,159660000,121,1825,50,25.22,69.31,411.0,5,720792.08,1604399.65,23985.9,521.76,1141909.0,0.4212,2.748,0.0408,16.29,0.0,0,0.0,0,0,0,0,0
CH06549,라이프+취미,580000,1103710000,570,1752,50,2.1,0.95,4.0,0,2210784.78,2918634.26,19882.6,2833.86,0.0,0.8196,0.453,0.0816,1.9,0.0533,4,0.08,0,0,4,0,0
CH06550,어린이+키즈,580000,1024280000,359,4757,50,17.65,14.38,62.0,12,217784.54,186299.61,84.94,4.34,217784.54,0.7303,0.815,0.102,3.51,0.0,0,0.0,0,0,0,0,0
CH06551,강의+교육,580000,1075480000,926,1490,50,3.71,23.59,167.0,1,158735.14,425632.44,2576.08,52.8,84116.0,0.3619,6.35,0.0204,44.96,0.0467,4,0.08,0,0,4,0,1
CH06552,미용+패션,580000,89600000,580,5525,50,4.47,5.68,36.0,1,29373.36,37863.74,432.3,31.62,48694.52,0.5697,1.271,0.0204,8.05,0.0,0,0.0,0,0,0,0,0
CH06553,TV+방송,580000,526490000,2685,4753,50,0.0,0.0,0.0,0,93794.76,48844.95,1960.4,528.87,94103.03,1.0,0.0,0.0,0.0,0.0133,1,0.02,0,0,1,0,0
CH06555,게임,580000,296240000,3680,5355,50,10.84,20.37,109.0,5,39679.62,21365.05,542.84,149.32,39492.54,0.4553,1.879,0.0612,10.06,0.0267,2,0.04,0,0,2,0,0
CH06557,라이프+취미,580000,538130000,2172,2241,50,1.45,1.82,8.0,0,88338.7,165352.47,1113.68,25.92,72261.54,0.6313,1.255,0.0612,5.52,0.0133,1,0.02,0,0,1,0,0
CH06559,TV+방송,580000,264820000,1083,3008,50,2.06,0.82,4.0,0,37677.26,40400.39,615.6,58.48,39579.81,0.8457,0.397,0.0408,1.94,0.0,0,0.0,0,0,0,0,0
CH06561,TV+방송,580000,30560000,750,4159,50,1.14,1.96,6.0,0,3847.86,1974.53,113.94,1.6,3847.86,0.5893,1.714,0.102,5.25,0.0,0,0.0,0,0,0,0,0
CH06563,가수+댄스+음악,580000,194290000,1311,4242,50,1.55,1.62,7.0,0,5552.26,7580.87,75.62,7.72,4261.84,0.6648,1.043,0.1224,4.51,0.0,0,0.0,0,0,0,0,0
CH06564,TV+방송,580000,141330000,773,3326,50,1.29,1.97,7.0,0,248502.02,400967.28,1144.72,112.72,310815.0,0.6032,1.532,0.0816,5.44,0.04,2,0.04,0,0,2,0,0
CH06565,TV+방송,580000,217340000,360,4129,50,32.24,121.93,805.0,5,636854.1,1334435.7,9747.06,298.19,806191.3,0.3923,3.781,0.0408,24.97,0.06,3,0.06,0,1,2,0,0
CH06566,라이프+취미,580000,210330000,449,2661,50,4.9,2.38,7.0,0,457567.0,294212.09,5695.52,997.28,510375.16,0.7938,0.485,0.1429,1.43,0.0133,1,0.02,0,0,1,0,0
CH06568,어린이+키즈,580000,241310000,230,2518,50,19.08,35.6,150.0,7,427413.12,767755.53,2653.52,26.04,427413.12,0.5111,1.866,0.0816,7.86,0.0,0,0.0,0,0,0,0,0
CH06569,레시피+요리+음식,590000,559810000,4506,5071,50,0.18,0.39,1.0,0,114472.2,241436.32,1462.74,62.34,64284.75,0.8053,0.387,0.1837,1.0,0.0133,1,0.02,0,0,1,0,0
CH06570,가수+댄스+음악,590000,129780000,699,3399,50,0.63,0.98,3.0,0,58624.3,115393.39,2992.1,137.54,14523.25,0.7215,0.983,0.102,3.0,0.0133,1,0.02,0,0,1,0,0
CH06571,어린이+키즈,590000,600080000,4047,3431,50,0.02,0.14,1.0,0,14297.52,11292.29,193.6,25.56,12792.14,0.9319,0.141,0.0204,1.0,0.2867,19,0.38,0,0,21,0,0
CH06573,라이프+취미,590000,168800000,386,2287,50,2.69,1.88,5.0,0,463442.38,693819.35,7695.8,319.34,409005.79,0.7948,0.696,0.0,1.86,0.02,2,0.04,0,0,2,0,1
CH06574,BJ+연예인+인물,590000,58390000,101,1229,50,16.78,29.93,145.0,7,635332.86,790519.87,27555.16,1098.38,794829.79,0.5,1.784,0.0612,8.64,0.0133,1,0.02,0,0,1,0,0
CH06575,레시피+요리+음식,590000,222590000,547,3277,50,17.2,17.22,70.0,9,284069.08,184828.48,3628.22,582.74,255302.11,0.6949,1.001,0.0816,4.07,0.0,0,0.0,0,0,0,0,0
CH06576,레시피+요리+음식,590000,232830000,1513,3339,50,8.98,33.23,200.0,3,65356.7,49190.1,791.76,71.2,65356.7,0.388,3.701,0.0612,22.27,0.0,0,0.0,0,0,0,0,1
CH06577,미용+패션,590000,230950000,1080,4476,50,4.06,4.98,19.0,0,399328.18,830851.57,4033.16,163.26,286582.37,0.6399,1.226,0.1224,4.68,0.0,0,0.0,0,0,0,0,0
CH06578,레시피+요리+음식,590000,1190160000,1684,1633,50,0.65,0.77,3.0,0,649771.9,462006.01,10451.4,207.66,649771.9,0.7395,0.771,0.1429,3.0,0.0333,2,0.04,0,0,2,0,0
CH06579,스포츠+운동,590000,606140000,2579,3828,50,1.1,1.82,9.0,0,28179.4,23408.36,197.94,11.64,44639.44,0.5103,1.652,0.102,8.17,0.0333,2,0.04,0,0,2,0,0
CH06580,스포츠+운동,590000,505700000,5715,5477,50,0.31,0.99,6.0,0,8786.08,14986.25,135.82,18.02,8479.51,0.6467,0.994,0.0612,6.0,0.0133,1,0.02,0,0,1,0,0
CH06581,미용+패션,590000,118780000,391,3343,50,22.98,33.13,161.0,10,125275.56,116553.56,0.0,58.58,137571.9,0.5658,1.442,0.0816,7.01,0.0133,1,0.02,0,0,1,0,0
CH06582,게임,590000,412310000,1046,3534,50,5.16,7.97,46.0,2,104742.58,53918.67,1297.38,242.88,102450.47,0.5156,1.543,0.0408,8.91,0.0467,2,0.04,0,0,3,0,0
CH06583,게임,590000,379230000,450,420,50,0.14,0.35,1.0,0,351521.62,303742.27,8280.84,208.86,76842.26,0.8275,0.35,0.1429,1.0,0.02,1,0.02,0,0,1,0,0
CH06584,게임,590000,329610000,618,729,50,0.35,0.48,1.0,0,298732.0,261541.09,4740.08,109.12,19573.71,0.8388,0.476,0.0,1.0,0.02,1,0.02,0,0,1,0,0
CH06586,라이프+취미,590000,256580000,477,4565,50,6.69,2.93,14.0,0,252649.34,302186.22,4036.34,651.96,234591.55,0.7866,0.438,0.2041,2.09,0.0867,7,0.14,0,0,7,0,0
CH06587,반려동물+애완,590000,335420000,741,5239,50,7.51,11.0,73.0,1,61116.22,190709.94,1279.54,77.3,27008.69,0.4925,1.465,0.0612,9.72,0.0333,2,0.04,1,0,1,0,0
CH06588,스포츠+운동,590000,416490000,4388,3813,50,0.43,0.78,3.0,0,74164.84,67114.04,623.25,149.14,77622.03,0.7377,0.782,0.1429,3.0,0.0,0,0.0,0,0,0,0,0
CH06590,라이프+취미,590000,198240000,433,2707,50,5.82,3.96,18.0,0,30325.9,26761.69,132.18,18.2,39276.31,0.7702,0.681,0.0816,3.09,0.0333,2,0.04,0,0,2,0,0
CH06591,라이프+취미,590000,321250000,227,1969,50,9.61,6.96,30.0,1,979314.86,464065.17,10143.84,680.08,1026311.24,0.7621,0.724,0.0816,3.12,0.06,3,0.06,0,0,0,3,0
CH06592,만화+애니+영화,600000,460000,212,3882,50,1.88,3.03,14.0,0,565.96,447.18,2.6,0.06,0.0,0.5396,1.613,0.0816,7.46,0.0,0,0.0,0,0,0,0,1
CH06594,레시피+요리+음식,600000,187640000,471,2965,50,8.04,17.59,119.0,2,175748.94,213760.35,1220.7,24.86,210111.78,0.4446,2.187,0.0408,14.8,0.04,2,0.04,0,0,2,0,0
CH06595,BJ+연예인+인물,600000,335720000,275,990,50,2.98,3.46,18.0,0,496943.76,617211.51,5992.56,836.38,434986.36,0.6199,1.162,0.0816,6.04,0.0,0,0.0,0,0,0,0,0
CH06597,미용+패션,600000,176860000,633,3383,50,2.8,2.23,7.0,0,122485.12,187802.65,1115.44,61.88,75929.25,0.7597,0.798,0.0612,2.5,0.0,0,0.0,0,0,0,0,0
CH06598,라이프+취미,600000,17010000,635,3426,50,22.33,38.98,179.0,9,16445.04,32023.9,1340.24,109.62,17606.35,0.5142,1.746,0.0816,8.02,0.0,0,0.0,0,0,0,0,1
CH06599,라이프+취미,600000,129420000,325,2449,50,7.0,12.74,77.0,2,87069.54,65923.42,1122.84,145.48,88341.98,0.4529,1.819,0.0816,11.0,0.0267,2,0.04,0,0,2,0,0
CH06600,TV+방송,600000,54400000,311,3936,50,42.69,132.11,799.0,6,70903.5,131646.54,4528.46,598.84,70903.5,0.4038,3.094,0.0612,18.71,0.0,0,0.0,0,0,0,0,1
CH06601,가수+댄스+음악,600000,209590000,224,3339,50,24.33,67.92,431.0,6,79223.86,75628.39,620.69,23.1,90491.68,0.4196,2.792,0.0408,17.72,0.0,0,0.0,0,0,0,0,1
CH06602,미용+패션,600000,211080000,370,2440,50,12.88,28.54,145.0,3,193967.34,185372.97,3035.3,529.98,196958.0,0.4371,2.216,0.0612,11.26,0.0133,1,0.02,0,0,1,0,0
CH06603,가수+댄스+음악,600000,129070000,184,3565,50,18.33,33.98,199.0,12,555580.38,2296756.91,11785.9,817.9,1035330.31,0.4568,1.854,0.0612,10.86,0.0,0,0.0,0,0,0,0,1
CH06604,TV+방송,600000,921720000,7133,4721,50,0.2,1.14,8.0,0,254922.64,625533.91,2609.42,31.12,47687.52,0.5844,1.142,0.0204,8.0,0.0067,1,0.02,0,0,1,0,1
CH06605,레시피+요리+음식,600000,175130000,588,2406,50,3.33,1.58,7.0,0,134841.02,298100.61,1742.7,73.38,141208.57,0.7898,0.476,0.1633,2.1,0.0133,1,0.02,0,0,1,0,0
CH06606,미용+패션,600000,103160000,504,4485,50,7.55,10.4,70.0,2,433375.36,1052669.04,4884.94,737.68,433375.36,0.5189,1.377,0.0408,9.27,0.0133,1,0.02,0,0,1,0,1
CH06607,게임,600000,316670000,4811,4682,50,2.1,3.04,17.0,0,426041.0,2429275.86,1566.24,40.52,45062.43,0.5407,1.446,0.0612,8.09,0.0533,3,0.06,0,0,3,0,0
CH06608,BJ+연예인+인물,600000,86210000,195,3938,50,12.1,23.78,114.0,6,27099.8,27490.97,0.0,34.4,33018.2,0.4607,1.965,0.0816,9.42,0.04,3,0.06,0,0,3,0,0
CH06609,미용+패션,600000,71910000,220,4965,50,9.16,9.98,45.0,4,68684.96,49488.93,1082.0,147.58,61999.0,0.6603,1.089,0.0816,4.91,0.0,0,0.0,0,0,0,0,0
CH06610,레시피+요리+음식,600000,348500000,2748,4296,50,13.55,42.16,262.0,4,22982.46,30294.9,200.4,19.84,14510.12,0.4094,3.111,0.0408,19.33,0.0133,1,0.02,0,0,1,0,1
CH06611,라이프+취미,600000,1216000000,793,4809,50,4.41,2.55,12.0,0,1254244.64,1646677.85,18404.2,149.44,0.0,0.7859,0.58,0.102,2.72,0.0133,1,0.02,0,0,1,0,0
CH06612,BJ+연예인+인물,600000,1485270000,641,1493,50,1.1,0.79,3.0,0,2357385.06,2080005.03,30812.16,225.06,2461672.93,0.7669,0.716,0.0816,2.72,0.0533,4,0.08,0,0,4,0,0
CH06614,어린이+키즈,600000,31500000,549,5662,50,8.06,17.74,108.0,3,1027.74,675.38,11.42,0.36,919.2,0.4378,2.201,0.0612,13.4,0.0133,1,0.02,0,0,1,0,0
CH06615,가수+댄스+음악,600000,1637410000,1640,1078,50,0.69,1.03,5.0,0,325502.34,457611.94,2128.38,75.32,130107.0,0.6703,1.034,0.0612,5.0,0.2667,18,0.36,0,0,20,0,0
CH06616,IT+기술+컴퓨터,600000,68790000,445,2651,50,5.08,3.39,15.0,0,92710.58,44845.33,0.0,220.7,100092.0,0.7754,0.667,0.0816,2.95,0.0133,1,0.02,0,0,1,0,0
CH06617,BJ+연예인+인물,600000,73910000,272,703,50,3.55,3.94,17.0,0,238903.78,401584.74,4218.22,127.08,121743.24,0.6675,1.111,0.0612,4.79,0.0733,5,0.1,0,1,4,0,0
CH06618,BJ+연예인+인물,600000,138750000,1216,643,50,0.08,0.27,1.0,0,32578.48,28205.92,4214.36,110.54,35036.91,0.868,0.274,0.0816,1.0,0.0133,1,0.02,0,0,1,0,0
CH06619,TV+방송,610000,442350000,308,404,50,0.61,2.06,12.0,0,299215.54,629526.76,6990.66,245.18,331079.83,0.4329,2.058,0.102,12.0,0.0,0,0.0,0,0,0,0,0
CH06620,어린이+키즈,610000,968330000,1847,2413,50,0.18,0.39,1.0,0,193924.22,262273.27,2298.52,40.86,22317.4,0.8053,0.387,0.1837,1.0,0.0133,1,0.02,0,0,1,0,0
CH06621,만화+애니+영화,610000,223860000,349,2783,50,3.76,3.38,13.0,0,86000.68,96801.43,939.08,86.2,148773.96,0.7192,0.901,0.102,3.46,0.0667,5,0.1,0,0,5,0,0
CH06622,라이프+취미,610000,261500000,1006,3536,50,6.67,6.41,42.0,1,36243.66,21135.07,221.3,57.56,36875.67,0.6487,0.96,0.0408,6.29,0.0,0,0.0,0,0,0,0,0
CH06623,만화+애니+영화,610000,276960000,1910,4128,50,1.57,1.83,5.0,0,18022.38,30822.24,253.0,13.16,18022.38,0.6707,1.164,0.1837,3.18,0.0667,5,0.1,1,0,4,0,0
CH06624,BJ+연예인+인물,610000,41480000,87,1995,50,16.82,9.14,49.0,3,496001.02,292380.71,15407.68,1176.96,495035.18,0.7933,0.544,0.102,2.91,0.0133,1,0.02,0,0,1,0,0
CH06625,레시피+요리+음식,610000,183500000,481,2345,50,3.92,2.4,9.0,0,193806.58,80284.73,2493.5,271.12,208721.64,0.7796,0.612,0.102,2.3,0.0,0,0.0,0,0,0,0,0
CH06626,게임,610000,432000000,1308,3958,50,4.78,12.98,87.0,2,229359.6,214066.22,6043.96,132.38,179516.33,0.4222,2.718,0.0408,18.22,0.0,0,0.0,0,0,0,0,0
CH06627,레시피+요리+음식,610000,264650000,8983,3937,50,0.27,0.49,2.0,0,9415.04,7524.43,0.0,2.54,6394.78,0.7631,0.486,0.2449,2.0,0.0267,2,0.04,0,0,2,0,0
CH06628,강의+교육,610000,146780000,918,2722,50,2.49,2.25,8.0,0,58705.42,62204.57,594.42,34.0,61075.77,0.7075,0.904,0.1633,3.21,0.0,0,0.0,0,0,0,0,0
CH06629,TV+방송,610000,550310000,885,3249,50,2.59,3.66,20.0,0,118572.12,222644.63,1313.36,41.28,96161.51,0.5603,1.412,0.0408,7.72,0.1,6,0.12,3,0,1,2,0
CH06630,라이프+취미,610000,214600000,831,4534,50,1.2,1.29,5.0,0,273149.42,445106.57,1910.16,90.1,34505.77,0.6775,1.074,0.102,4.15,0.0533,4,0.08,0,0,4,0,0
CH06631,강의+교육,610000,147140000,1271,4925,50,5.8,2.09,14.0,0,107287.68,289551.21,1317.54,57.28,107261.45,0.8308,0.361,0.1224,2.42,0.0133,1,0.02,0,0,1,0,0
CH06632,레시피+요리+음식,610000,350870000,1071,2212,50,1.45,0.81,4.0,0,52744.62,68655.4,1199.38,169.92,54021.73,0.7718,0.559,0.1633,2.76,0.0467,3,0.06,0,0,3,0,0
CH06633,BJ+연예인+인물,610000,419260000,575,1605,50,0.27,0.56,2.0,0,757729.78,959472.05,32440.34,374.36,52085.33,0.8015,0.563,0.0612,2.0,0.0,0,0.0,0,0,0,0,0
CH06634,IT+기술+컴퓨터,610000,289490000,1983,4154,50,1.45,2.01,9.0,0,13863.9,13664.7,202.24,41.56,13346.04,0.5809,1.388,0.1224,6.21,0.02,1,0.02,0,0,1,0,0
CH06635,게임,610000,251780000,748,3286,50,1.45,2.19,11.0,0,107638.42,166442.55,1347.68,189.78,82550.8,0.5498,1.509,0.0612,7.59,0.0,0,0.0,0,0,0,0,0
CH06636,레시피+요리+음식,610000,285970000,616,5923,50,1.45,2.65,12.0,0,64683.58,72371.32,579.4,27.0,67075.41,0.5014,1.829,0.0816,8.28,0.0,0,0.0,0,0,0,0,0
CH06637,가수+댄스+음악,610000,734280000,3568,3271,50,0.14,0.45,2.0,0,17211.34,33811.77,517.72,65.8,21667.64,0.8138,0.452,0.102,2.0,0.0133,1,0.02,0,0,1,0,0
CH06638,BJ+연예인+인물,620000,96290000,259,3737,50,1.53,4.08,19.0,0,122357.82,300269.18,651.02,58.26,37758.14,0.4058,2.666,0.102,12.41,0.0667,4,0.08,0,0,1,3,0
CH06639,TV+방송,620000,698090000,16628,7529,50,32.67,160.87,959.0,2,45793.06,270471.46,195.54,4.82,47647.81,0.3722,4.924,0.0408,29.35,0.0667,4,0.08,1,0,4,0,1
CH06640,미용+패션,620000,507210000,923,2653,50,0.76,0.74,3.0,0,767850.76,510367.42,12143.96,352.9,775440.58,0.7562,0.743,0.102,3.0,0.02,1,0.02,0,0,1,0,0
CH06641,게임,620000,72840000,133,4006,50,13.08,40.16,256.0,4,184371.14,562612.96,3259.54,134.2,99406.74,0.4106,3.07,0.0408,19.57,0.02,1,0.02,0,1,0,0,0
CH06642,라이프+취미,620000,352280000,574,2572,50,2.49,2.18,11.0,0,67894.92,53879.49,1080.6,137.76,81929.26,0.7079,0.874,0.0612,4.42,0.0133,1,0.02,0,0,1,0,0
CH06644,강의+교육,620000,253020000,4344,5397,50,0.06,0.24,1.0,0,9812.24,22460.95,324.74,31.86,5689.51,0.8849,0.24,0.0612,1.0,0.0,0,0.0,0,0,0,0,0
CH06645,만화+애니+영화,620000,32670000,151,3452,50,1.33,1.38,6.0,0,203386.7,213421.55,1318.14,73.92,222928.91,0.6835,1.037,0.0612,4.52,0.1467,8,0.16,0,0,10,0,0
CH06646,TV+방송,620000,315970000,2134,3578,50,0.16,0.37,1.0,0,95047.26,93710.24,1273.74,287.82,72120.67,0.8161,0.37,0.1633,1.0,0.02,1,0.02,0,1,0,0,0
CH06647,미용+패션,620000,465500000,683,4072,50,9.04,13.28,56.0,6,22105.62,117610.91,5.76,0.28,35093.89,0.5745,1.469,0.1224,6.19,0.0267,2,0.04,0,0,2,0,0
CH06649,게임,620000,934490000,6512,4971,50,0.02,0.14,1.0,0,84937.66,32007.66,1419.4,24.6,83296.04,0.9319,0.141,0.0204,1.0,0.1,7,0.14,0,0,8,0,0
CH06650,TV+방송,620000,989480000,8270,3614,50,0.0,0.0,0.0,0,29989.46,53389.79,907.04,56.32,26158.64,1.0,0.0,0.0,0.0,0.0733,4,0.08,0,0,1,3,0
CH06651,레시피+요리+음식,620000,100050000,403,3548,50,3.04,2.09,9.0,0,10192.94,17202.75,102.12,2.36,11209.83,0.778,0.687,0.0612,2.96,0.0933,6,0.12,0,0,6,0,0
CH06652,게임,620000,219980000,128,2489,50,19.43,28.82,126.0,10,797759.66,752015.69,11323.24,622.36,1296998.4,0.5712,1.483,0.102,6.49,0.1267,9,0.18,0,0,10,0,0
CH06653,가수+댄스+음악,620000,196040000,2023,4105,50,18.29,35.54,188.0,10,6156.88,5117.44,170.32,7.04,7326.81,0.4515,1.944,0.0612,10.28,0.0133,1,0.02,0,0,1,0,0
CH06654,스포츠+운동,620000,683610000,6457,5465,50,0.76,2.13,12.0,0,8026.24,8417.57,62.04,9.88,7867.23,0.4412,2.134,0.0612,12.0,0.0,0,0.0,0,0,0,0,0
CH06655,미용+패션,620000,52280000,285,3282,50,11.61,7.98,31.0,2,52344.94,50306.21,1039.8,71.34,63708.97,0.7657,0.688,0.102,2.67,0.0267,2,0.04,0,0,2,0,0
CH06657,BJ+연예인+인물,620000,312810000,619,864,50,0.39,0.53,2.0,0,344421.92,373624.08,8733.4,169.12,53959.68,0.8212,0.527,0.0204,2.0,0.04,2,0.04,0,0,2,0,0
CH06658,스포츠+운동,620000,525580000,517,1458,50,0.71,2.18,12.0,0,109094.76,242518.84,650.48,28.3,212875.62,0.4268,2.176,0.102,12.0,0.0,0,0.0,0,0,0,0,0
CH06659,라이프+취미,630000,300950000,1205,3834,50,6.14,7.22,30.0,1,312166.92,372901.73,5006.94,334.06,318393.31,0.6455,1.175,0.102,4.88,0.1133,8,0.16,0,1,7,0,0
CH06660,가수+댄스+음악,630000,228250000,850,3691,50,8.51,7.0,28.0,0,276502.96,753935.79,1271.2,82.22,291982.86,0.7416,0.822,0.0816,3.29,0.0,0,0.0,0,0,0,0,0
CH06662,BJ+연예인+인물,630000,167420000,332,2706,50,0.96,2.04,7.0,0,227926.16,412394.84,2480.66,75.04,186186.3,0.5196,2.04,0.102,7.0,0.0,0,0.0,0,0,0,0,0
CH06663,스포츠+운동,630000,461550000,904,1936,50,0.67,1.54,6.0,0,375671.6,963688.11,2362.52,155.84,143491.95,0.5741,1.544,0.1224,6.0,0.0,0,0.0,0,0,0,0,0
CH06664,가수+댄스+음악,630000,264160000,2466,6269,50,9.73,16.89,65.0,8,2533.24,1962.66,49.24,2.58,1885.42,0.541,1.735,0.1224,6.68,0.0067,1,0.02,0,0,1,0,0
CH06665,게임,630000,582260000,4124,4483,50,2.18,1.39,5.0,0,152644.54,61950.96,2283.32,181.18,155702.22,0.75,0.639,0.1837,2.29,0.04,3,0.06,0,0,3,0,0
CH06668,게임,630000,303850000,1192,2560,50,0.86,1.46,7.0,0,69072.62,196959.13,1041.26,69.46,58252.44,0.5709,1.457,0.0612,7.0,0.0333,2,0.04,1,0,1,0,0
CH06671,만화+애니+영화,630000,120570000,264,3689,50,11.84,6.0,29.0,0,218429.12,249095.1,3631.84,623.7,218429.12,0.7889,0.507,0.1429,2.45,0.1067,5,0.1,2,0,4,0,0
CH06672,BJ+연예인+인물,630000,143140000,380,4556,50,9.12,16.76,87.0,4,295390.52,680493.58,2312.98,43.68,81699.14,0.465,1.837,0.0816,9.54,0.0133,1,0.02,0,0,1,0,0
CH06673,TV+방송,630000,366650000,1746,4977,50,0.47,0.67,2.0,0,76830.18,47386.3,1792.4,457.94,76830.18,0.7682,0.673,0.102,2.0,0.3667,21,0.42,0,0,24,0,0
CH06674,TV+방송,630000,879770000,8362,2420,50,0.04,0.28,2.0,0,136067.26,254331.37,1410.4,47.66,45358.32,0.8837,0.283,0.0204,2.0,0.0867,7,0.14,0,0,7,0,0
CH06675,레시피+요리+음식,630000,142920000,204,1815,50,9.43,12.16,64.0,3,145773.28,284770.38,2409.16,91.08,166800.17,0.5918,1.289,0.0612,6.79,0.0067,1,0.02,0,0,1,0,0
CH06676,라이프+취미,630000,365620000,251,3992,50,41.33,74.83,341.0,16,591070.08,827270.15,6748.85,964.56,773418.29,0.5034,1.811,0.0816,8.25,0.0,0,0.0,0,0,0,0,0
CH06677,가수+댄스+음악,630000,170800000,387,3236,50,12.55,13.14,59.0,4,10096.34,6055.82,942.84,87.16,9951.83,0.6773,1.047,0.0612,4.7,0.0,0,0.0,0,0,0,0,1
CH06678,자동차,630000,498480000,572,2725,50,2.14,1.05,4.0,0,495355.24,508134.46,3148.64,321.84,430408.12,0.7866,0.49,0.1633,1.87,0.0,0,0.0,0,0,0,0,0
CH06679,BJ+연예인+인물,630000,291640000,276,3384,50,10.78,13.47,53.0,5,36391.14,53758.46,474.92,26.98,36427.75,0.6368,1.25,0.102,4.92,0.0,0,0.0,0,0,0,0,0
CH06681,레시피+요리+음식,630000,320030000,2032,3798,50,0.82,0.56,2.0,0,62265.16,38350.04,1243.54,188.6,62265.16,0.7961,0.56,0.0816,2.0,0.04,3,0.06,0,0,3,0,0
CH06682,TV+방송,630000,97690000,281,4682,50,9.35,10.47,49.0,3,18574.52,27585.93,527.46,30.1,16238.3,0.6473,1.12,0.0816,5.24,0.0,0,0.0,0,0,0,0,0
CH06683,TV+방송,630000,1144980000,1864,3307,50,0.69,0.65,2.0,0,332011.0,774036.91,2862.14,55.12,434899.73,0.7733,0.645,0.102,2.0,0.1133,8,0.16,1,0,7,0,0
CH06684,가수+댄스+음악,630000,101000000,655,5772,50,2.57,3.12,16.0,0,7186.12,28391.7,114.74,4.66,12244.83,0.6156,1.212,0.0612,6.22,0.0,0,0.0,0,0,0,0,0
CH06685,BJ+연예인+인물,630000,180940000,549,2347,50,11.82,68.17,483.0,2,79297.08,176000.02,996.2,51.08,204510.59,0.3677,5.769,0.0204,40.88,0.0067,1,0.02,0,0,1,0,0
CH06686,라이프+취미,640000,585720000,711,2200,50,2.94,0.68,4.0,0,357249.58,93515.35,4230.74,308.58,357249.58,0.8446,0.232,0.2041,1.36,0.02,2,0.04,0,0,2,0,0
CH06688,강의+교육,640000,356900000,445,1922,50,7.43,7.77,38.0,1,376701.1,683489.01,5491.84,290.4,317094.16,0.6595,1.046,0.0816,5.12,0.06,4,0.08,0,0,4,0,0
CH06689,BJ+연예인+인물,640000,659320000,1531,3494,50,3.98,5.96,37.0,1,154536.66,177117.82,2078.86,72.76,81665.29,0.5019,1.497,0.0612,9.3,0.0,0,0.0,0,0,0,0,0
CH06690,게임,640000,676790000,1846,3490,50,1.02,0.77,3.0,0,50418.3,37575.87,907.28,107.86,51063.94,0.779,0.754,0.0204,2.94,0.0333,2,0.04,0,0,2,0,0
CH06692,TV+방송,640000,228440000,2198,3450,50,2.53,1.65,7.0,0,28620.0,16983.5,363.96,208.4,30500.23,0.7533,0.654,0.1633,2.77,0.0133,1,0.02,0,0,1,0,0
CH06693,만화+애니+영화,640000,428670000,1353,4619,50,0.22,0.46,2.0,0,76400.0,86167.91,558.88,7.72,76400.0,0.7804,0.464,0.2041,2.0,0.04,3,0.06,0,0,3,0,0
CH06694,가수+댄스+음악,640000,76320000,149,3805,50,28.18,33.02,157.0,16,68343.52,269223.82,2029.76,37.12,74962.05,0.6323,1.172,0.0816,5.57,0.0,0,0.0,0,0,0,0,1
CH06695,가수+댄스+음악,640000,256100000,326,7522,50,2.69,5.58,24.0,0,97009.28,196496.59,3339.7,112.9,31378.18,0.4694,2.072,0.0816,8.91,0.0,0,0.0,0,0,0,0,0
CH06696,BJ+연예인+인물,640000,451800000,1170,2500,50,0.2,0.67,4.0,0,321499.48,317461.29,2895.3,151.84,287134.0,0.7587,0.669,0.0408,4.0,0.0,0,0.0,0,0,0,0,0
CH06697,게임,640000,988730000,4896,2590,50,0.0,0.0,0.0,0,92000.3,37357.59,506.0,50.2,94137.0,1.0,0.0,0.0,0.0,0.2733,16,0.32,0,0,18,0,0
CH06698,가수+댄스+음악,640000,462990000,392,4939,50,8.53,13.83,62.0,4,43088.54,38085.79,518.22,11.5,32954.17,0.5443,1.621,0.0816,7.27,0.0,0,0.0,0,0,0,0,0
CH06699,라이프+취미,640000,906970000,1447,2492,50,0.29,1.03,6.0,0,55278.28,78555.58,777.3,20.8,37642.21,0.6422,1.03,0.0612,6.0,0.0,0,0.0,0,0,0,0,0
CH06700,BJ+연예인+인물,640000,195950000,166,2672,50,21.92,74.58,528.0,5,679817.3,1208293.51,17617.1,811.02,575215.2,0.4074,3.403,0.0204,24.09,0.0,0,0.0,0,0,0,0,1
CH06701,스포츠+운동,640000,495160000,1317,5928,50,0.41,0.6,2.0,0,209172.84,135416.89,3168.98,1034.66,211879.78,0.7935,0.603,0.0612,2.0,0.1533,12,0.24,0,0,12,0,0
CH06702,레시피+요리+음식,640000,242800000,242,2276,50,12.14,5.17,28.0,0,854859.88,430559.44,20314.12,1058.6,854859.88,0.8077,0.426,0.1429,2.31,0.0333,4,0.08,0,0,4,0,0
CH06703,반려동물+애완,640000,335610000,1584,3450,50,2.43,1.4,6.0,0,251720.36,1370650.51,4757.16,138.54,60863.41,0.7682,0.576,0.1633,2.47,0.0133,1,0.02,0,0,1,0,0
CH06704,라이프+취미,640000,744360000,2005,5912,50,0.06,0.24,1.0,0,95235.14,153368.43,1390.06,86.84,118985.85,0.8849,0.24,0.0612,1.0,0.18,11,0.22,0,3,9,0,0
CH06705,레시피+요리+음식,640000,100860000,62,3101,50,48.49,76.72,414.0,14,854090.36,720537.53,24112.46,273.24,1022617.87,0.5109,1.582,0.0816,8.54,0.0,0,0.0,0,0,0,0,1
CH06706,어린이+키즈,640000,665650000,465,5221,50,28.35,130.8,904.0,3,38495.72,103994.29,76.24,0.0,43705.66,0.3768,4.614,0.0408,31.89,0.0267,3,0.06,0,0,3,0,1
CH06707,BJ+연예인+인물,640000,60960000,120,5031,50,7.04,3.15,16.0,0,266428.74,212749.89,2870.86,227.46,265342.51,0.7965,0.447,0.1633,2.27,0.1267,10,0.2,1,0,9,0,0
CH06708,레시피+요리+음식,650000,149590000,135,3899,50,39.9,75.69,404.0,14,1476186.9,6323436.05,18392.22,856.66,1715545.6,0.4481,1.897,0.0816,10.13,0.0,0,0.0,0,0,0,0,1
CH06709,미용+패션,650000,94380000,472,3602,50,4.59,4.79,22.0,0,77034.82,93933.85,55.56,46.78,91390.95,0.663,1.043,0.102,4.79,0.0,0,0.0,0,0,0,0,0
CH06710,BJ+연예인+인물,650000,92270000,168,4344,50,59.41,138.3,794.0,19,587412.3,1631582.92,14162.9,466.38,295630.11,0.438,2.328,0.0408,13.37,0.0,0,0.0,0,0,0,0,0
CH06711,경제+부동산+주식,650000,77240000,2321,2228,50,0.47,0.73,3.0,0,90302.98,56117.82,1110.3,40.36,108542.58,0.7582,0.731,0.102,3.0,0.0133,1,0.02,0,0,1,0,0
CH06712,레시피+요리+음식,650000,407250000,969,2733,50,1.39,1.27,4.0,0,159432.74,97443.55,1614.44,170.1,173439.74,0.7422,0.919,0.0612,2.88,0.1,7,0.14,0,0,7,0,0
CH06713,TV+방송,650000,68160000,1026,2676,50,0.39,0.88,5.0,0,20653.34,15280.97,2520.64,71.68,20885.1,0.6848,0.876,0.0816,5.0,0.2,13,0.26,14,0,1,0,0
CH06715,TV+방송,650000,423670000,986,2284,50,0.49,1.13,4.0,0,171446.54,336133.79,2246.52,106.42,192593.92,0.682,1.127,0.0816,4.0,0.0,0,0.0,0,0,0,0,0
CH06716,국내+여행+해외,650000,367120000,2094,2843,50,2.71,1.14,5.0,0,305103.64,111964.81,8326.74,922.8,305103.64,0.7906,0.421,0.2041,1.84,0.0933,7,0.14,1,0,6,0,0
CH06717,미용+패션,650000,227210000,1851,4868,50,8.41,19.74,132.0,2,43302.06,28467.37,427.8,78.48,43302.06,0.4371,2.348,0.0408,15.7,0.0133,1,0.02,0,0,1,0,0
CH06718,라이프+취미,650000,83350000,74,4435,50,38.06,44.11,215.0,20,678393.16,1693488.41,17310.74,948.1,1072153.83,0.6314,1.159,0.0816,5.65,0.0133,1,0.02,0,0,1,0,0
CH06719,TV+방송,650000,715380000,13567,7396,50,0.86,1.29,4.0,0,295.78,479.39,6.48,0.58,242.21,0.6343,1.294,0.1837,4.0,0.04,3,0.06,2,0,1,0,0
CH06720,어린이+키즈,650000,627650000,1000,2398,50,0.27,0.44,1.0,0,774082.34,2105822.01,4365.58,0.0,30657.94,0.7673,0.441,0.2653,1.0,0.0,0,0.0,0,0,0,0,0
CH06721,BJ+연예인+인물,650000,225460000,889,2734,50,2.04,2.31,11.0,0,173445.9,329655.73,2480.6,220.34,165375.33,0.6355,1.133,0.102,5.39,0.0,0,0.0,0,0,0,0,0
CH06723,가수+댄스+음악,660000,427570000,502,4909,50,7.47,15.7,76.0,4,265176.02,974080.57,1462.08,133.9,143293.58,0.4367,2.102,0.0816,10.17,0.04,3,0.06,0,0,3,0,0
CH06724,TV+방송,660000,627950000,6263,1937,50,0.08,0.34,2.0,0,20572.08,18806.46,185.06,3.42,23866.73,0.8547,0.34,0.0612,2.0,0.02,1,0.02,0,0,1,0,0
CH06725,라이프+취미,660000,318810000,1234,3537,50,33.96,158.7,1102.0,4,172863.94,374147.19,1983.36,150.6,195113.09,0.382,4.673,0.0204,32.45,0.0,0,0.0,0,0,0,0,1
CH06726,BJ+연예인+인물,660000,288200000,428,1809,50,2.51,2.6,13.0,0,347671.24,190756.41,5834.76,329.02,368879.31,0.6648,1.037,0.0612,5.18,0.04,3,0.06,0,0,3,0,0
CH06727,TV+방송,660000,1344730000,7804,831,50,0.0,0.0,0.0,0,36240.12,58041.23,217.92,4.57,15956.29,1.0,0.0,0.0,0.0,0.08,5,0.1,0,0,5,0,0
CH06728,라이프+취미,660000,94420000,241,3941,50,15.27,19.15,92.0,9,103915.46,295351.2,3825.98,50.88,87090.71,0.6108,1.255,0.0816,6.03,0.0,0,0.0,0,0,0,0,1
CH06730,BJ+연예인+인물,660000,303480000,155,4209,50,7.08,13.26,73.0,3,1116500.66,1017835.64,17457.0,1681.06,1451607.41,0.4496,1.873,0.0816,10.31,0.0,0,0.0,0,0,0,0,1
CH06731,레시피+요리+음식,660000,294580000,1346,4021,50,15.12,37.34,199.0,6,30497.52,17956.41,471.98,68.44,30675.33,0.4319,2.469,0.0408,13.16,0.0,0,0.0,0,0,0,0,0
CH06732,강의+교육,660000,196600000,903,3974,50,1.04,1.09,5.0,0,52404.5,78506.65,721.36,35.52,51341.39,0.6685,1.045,0.0816,4.8,0.06,3,0.06,0,1,3,0,0
CH06733,가수+댄스+음악,660000,448620000,530,6924,50,1.76,1.9,7.0,0,21654.2,22203.81,1074.68,40.74,11488.71,0.6812,1.083,0.102,3.99,0.0,0,0.0,0,0,0,0,0
CH06734,가수+댄스+음악,660000,178150000,273,4412,50,19.12,36.18,158.0,10,219647.18,287916.69,9002.74,251.38,223715.1,0.498,1.892,0.0816,8.26,0.0,0,0.0,0,0,0,0,0
CH06735,어린이+키즈,660000,740560000,966,1627,50,0.82,0.69,2.0,0,276519.34,719854.28,1190.98,0.0,131537.76,0.7468,0.69,0.1633,2.0,0.0067,1,0.02,0,0,1,0,0
CH06737,BJ+연예인+인물,660000,206750000,557,3682,50,8.71,8.24,32.0,2,378050.72,686783.89,12426.74,337.88,342114.94,0.7071,0.946,0.102,3.67,0.0,0,0.0,0,0,0,0,0
CH06738,게임,660000,685020000,3734,4001,50,1.57,2.0,10.0,0,87945.04,119653.29,925.86,60.1,76031.44,0.5994,1.273,0.0816,6.36,0.0267,2,0.04,0,0,2,0,0
CH06739,BJ+연예인+인물,660000,502500000,864,2323,50,1.59,2.02,11.0,0,226135.82,223823.96,1430.33,21.18,15891.4,0.5842,1.269,0.0816,6.91,0.0933,4,0.08,0,0,5,0,0
CH06740,레시피+요리+음식,660000,349660000,1234,4041,50,1.71,1.77,7.0,0,65154.16,73007.92,816.94,30.58,52558.27,0.6842,1.034,0.102,4.08,0.0,0,0.0,0,0,0,0,0
CH06741,경제+부동산+주식,660000,159460000,1559,2926,50,0.39,0.49,1.0,0,15779.94,13416.57,228.74,55.02,17256.24,0.8362,0.487,0.0,1.0,0.0333,3,0.06,0,0,3,0,0
CH06742,레시피+요리+음식,660000,413160000,1679,3952,50,0.94,1.02,3.0,0,101807.42,65062.48,1946.54,91.86,101807.42,0.711,1.018,0.1224,3.0,0.04,2,0.04,2,0,0,0,0
CH06743,레시피+요리+음식,660000,331230000,354,1936,50,1.98,2.04,7.0,0,168117.44,139596.07,2531.06,54.08,159262.6,0.7006,1.028,0.102,3.54,0.0267,2,0.04,0,0,2,0,0
CH06744,게임,670000,454330000,421,4667,50,8.12,8.68,42.0,2,856782.06,668567.2,13369.36,527.66,868765.33,0.6551,1.069,0.0816,5.17,0.0467,3,0.06,0,0,3,0,1
CH06745,강의+교육,670000,336470000,583,2649,50,1.53,1.49,9.0,0,75559.22,65749.08,809.8,73.06,101933.89,0.6469,0.971,0.0816,5.88,0.24,18,0.36,0,0,18,0,0
CH06746,BJ+연예인+인물,670000,204700000,584,2341,50,1.51,5.05,31.0,1,37979.76,60644.48,405.22,33.92,87887.25,0.4028,3.345,0.0408,20.53,0.0133,1,0.02,0,0,1,0,0
CH06747,BJ+연예인+인물,670000,851960000,1014,1765,50,0.35,0.48,1.0,0,596996.82,425904.38,10105.9,192.36,186194.69,0.8388,0.476,0.0,1.0,0.0,0,0.0,0,0,0,0,0
CH06748,게임,670000,451850000,3634,4648,50,4.63,8.34,40.0,2,45095.9,77964.01,536.6,71.38,37826.43,0.4931,1.8,0.0816,8.63,0.0333,2,0.04,0,1,1,0,0
CH06749,TV+방송,670000,533490000,1132,3163,50,1.45,1.29,5.0,0,103206.44,67386.55,2244.46,255.38,123408.34,0.7328,0.893,0.0612,3.45,0.0,0,0.0,0,0,0,0,0
CH06750,TV+방송,670000,364570000,365,5282,50,9.24,5.47,31.0,1,530132.64,373391.65,7793.29,834.54,550106.04,0.7734,0.592,0.102,3.35,0.0867,6,0.12,0,0,6,0,0
CH06751,TV+방송,670000,90220000,662,2838,50,3.84,8.37,49.0,1,34613.42,33231.53,184.02,22.0,51290.64,0.4326,2.183,0.0816,12.77,0.1333,10,0.2,7,0,3,0,0
CH06752,라이프+취미,670000,251850000,4466,6046,50,0.08,0.4,2.0,0,1394.42,2348.16,84.76,6.08,1474.22,0.846,0.396,0.0408,2.0,0.0,0,0.0,0,0,0,0,0
CH06753,TV+방송,670000,1126920000,3373,2270,50,3.18,3.82,22.0,0,11797.64,30196.23,94.2,7.1,11797.64,0.5973,1.198,0.0612,6.91,0.0667,4,0.08,0,0,4,0,0
CH06754,미용+패션,670000,75200000,459,5320,50,13.04,16.41,73.0,5,55136.38,65567.69,641.22,100.22,49664.19,0.6227,1.258,0.0816,5.6,0.0,0,0.0,0,0,0,0,0
CH06756,라이프+취미,670000,261840000,402,3485,50,2.8,3.01,16.0,0,288949.06,149483.49,6985.82,371.0,327753.47,0.6446,1.077,0.0612,5.72,0.0133,1,0.02,0,0,1,0,0
CH06757,국내+여행+해외,670000,323260000,1087,4631,50,3.71,3.33,16.0,0,167427.62,164628.69,1804.12,183.46,171339.79,0.7201,0.897,0.0204,4.31,0.1,7,0.14,0,0,7,0,0
CH06759,미용+패션,670000,127240000,1016,6260,50,3.76,6.04,34.0,1,130390.96,361975.95,1175.56,35.22,130373.69,0.5004,1.607,0.0612,9.05,0.0333,2,0.04,0,0,2,0,0
CH06760,강의+교육,670000,94840000,541,4176,50,0.73,1.19,6.0,0,132738.28,251769.46,1429.52,61.14,194630.4,0.6241,1.191,0.0612,6.0,0.0267,3,0.06,0,0,3,0,0
CH06761,BJ+연예인+인물,670000,141830000,131,2042,50,34.08,105.89,615.0,5,1351050.72,951218.74,18912.88,2474.68,1312732.23,0.4034,3.107,0.0612,18.04,0.0533,3,0.06,0,0,3,0,0
CH06762,BJ+연예인+인물,670000,230410000,338,5013,50,7.0,15.41,105.0,2,302975.48,1305040.95,939.16,20.7,473023.78,0.4439,2.202,0.0408,15.0,0.0133,1,0.02,0,0,1,0,0
CH06763,TV+방송,670000,275540000,222,4921,50,20.16,42.55,286.0,6,921983.72,1115240.11,14580.34,1773.44,984533.39,0.4485,2.11,0.0408,14.18,0.02,2,0.04,0,0,2,0,1
CH06765,강의+교육,670000,401140000,1663,3552,50,1.31,1.31,5.0,0,31183.64,38345.86,594.7,105.32,33392.71,0.7012,1.005,0.0816,3.83,0.0267,2,0.04,1,0,1,0,0
CH06766,레시피+요리+음식,670000,24840000,174,2588,50,15.24,46.97,332.0,3,73718.02,92833.08,10073.58,778.78,74285.49,0.4164,3.081,0.0204,21.78,0.0,0,0.0,0,0,0,0,1
CH06767,TV+방송,670000,236610000,334,5784,50,4.18,2.75,10.0,0,244042.18,299335.26,7274.34,119.9,420546.33,0.7345,0.656,0.2245,2.39,0.0,0,0.0,0,0,0,0,1
CH06768,강의+교육,670000,105840000,174,4233,50,10.41,5.9,30.0,1,270225.36,181899.29,3975.06,452.36,270225.36,0.7946,0.567,0.0816,2.88,0.0,0,0.0,0,0,0,0,0
CH06769,어린이+키즈,670000,328760000,456,2901,50,1.88,1.93,5.0,0,37901.66,73903.27,663.54,0.0,0.0,0.6912,1.03,0.1837,2.66,0.0,0,0.0,0,0,0,0,1
CH06770,강의+교육,670000,63490000,509,4308,50,0.41,0.86,4.0,0,63959.38,121320.08,1592.76,174.08,71002.05,0.7103,0.855,0.102,4.0,0.0133,1,0.02,0,0,1,0,0
CH06771,BJ+연예인+인물,670000,60760000,137,3829,50,14.94,15.88,64.0,7,114607.76,86686.02,8446.63,678.18,126070.44,0.6751,1.063,0.102,4.28,0.0,0,0.0,0,0,0,0,0
CH06772,게임,680000,824270000,4472,3628,50,3.14,1.8,9.0,0,198311.12,98961.21,885.94,137.76,201179.84,0.7815,0.571,0.1224,2.86,0.0467,3,0.06,0,0,3,0,0
CH06773,BJ+연예인+인물,680000,54450000,61,2320,50,6.86,1.41,14.0,0,769565.12,495663.41,16281.54,612.54,769565.12,0.9023,0.206,0.0408,2.04,0.02,1,0.02,0,0,1,0,0
CH06774,만화+애니+영화,680000,239760000,698,3811,50,16.16,100.02,709.0,1,2531894.98,10527727.05,17506.98,314.34,3160679.58,0.3634,6.188,0.0204,43.86,0.0,0,0.0,0,0,0,0,1
CH06775,가수+댄스+음악,680000,79850000,116,3391,50,26.0,36.67,142.0,14,1167549.88,3893989.05,63864.64,10264.76,1515833.08,0.6065,1.41,0.102,5.46,0.0,0,0.0,0,0,0,0,1
CH06776,국내+여행+해외,680000,76090000,411,3373,50,6.37,6.95,42.0,1,160030.82,356967.16,4688.84,616.46,176862.98,0.618,1.091,0.0612,6.6,0.0333,2,0.04,0,0,2,0,0
CH06777,가수+댄스+음악,680000,226870000,1459,3332,50,3.33,6.45,33.0,1,12110.94,34418.76,173.18,8.68,1554.31,0.4479,1.939,0.0816,9.92,0.04,3,0.06,0,0,3,0,0
CH06778,BJ+연예인+인물,680000,1570800000,4409,4511,50,0.04,0.2,1.0,0,33679.76,65943.05,430.34,28.76,50770.47,0.9052,0.198,0.0408,1.0,0.0,0,0.0,0,0,0,0,0
CH06779,반려동물+애완,680000,324460000,146,1947,50,1.88,2.17,7.0,0,924281.62,752648.41,22738.64,860.48,495170.25,0.6743,1.157,0.1224,3.73,0.02,2,0.04,0,0,2,0,0
CH06780,게임,680000,824750000,2940,3279,50,0.08,0.34,2.0,0,248422.22,415005.79,1946.62,88.62,217195.26,0.8547,0.34,0.0612,2.0,0.0,0,0.0,0,0,0,0,0
CH06782,어린이+키즈,680000,693800000,1709,2219,50,0.24,0.48,2.0,0,114225.44,110141.79,1995.1,244.68,124751.07,0.7716,0.475,0.2245,2.0,0.1067,8,0.16,0,0,8,0,0
CH06783,게임,680000,658240000,2619,4136,50,12.96,11.54,66.0,3,49215.14,64912.24,412.38,60.78,49215.14,0.6863,0.89,0.0612,5.09,0.0,0,0.0,0,0,0,0,0
CH06785,BJ+연예인+인물,680000,246190000,293,1846,50,4.61,3.52,14.0,0,249189.74,973498.29,3560.06,201.36,116886.73,0.7703,0.764,0.0408,3.04,0.0267,2,0.04,0,0,2,0,0
CH06786,라이프+취미,680000,697860000,984,2607,50,1.24,1.58,8.0,0,111764.56,254188.55,1051.54,60.68,44061.0,0.6037,1.273,0.0612,6.43,0.0267,2,0.04,0,0,2,0,0
CH06787,가수+댄스+음악,680000,300550000,150,5807,50,34.08,71.49,422.0,12,348673.04,883977.56,4636.24,310.0,360381.92,0.4369,2.098,0.0816,12.38,0.0267,2,0.04,2,0,0,0,1
CH06788,스포츠+운동,680000,254860000,577,5283,50,0.61,1.24,7.0,0,117235.3,146570.34,913.76,76.2,76310.95,0.5903,1.242,0.0612,7.0,0.0,0,0.0,0,0,0,0,0
CH06789,라이프+취미,680000,316050000,2140,2880,50,0.22,0.89,4.0,0,19722.72,49710.78,182.98,16.66,22247.59,0.7181,0.887,0.0612,4.0,0.0867,9,0.18,0,0,9,0,0
CH06790,만화+애니+영화,680000,301010000,663,4100,50,3.43,4.48,23.0,0,32608.52,51727.37,309.76,26.92,37691.21,0.5863,1.307,0.0816,6.71,0.08,6,0.12,0,0,6,0,0
CH06791,가수+댄스+음악,680000,391640000,2702,5613,50,2.24,3.07,8.0,0,61473.18,102950.66,1300.92,58.1,61473.18,0.6459,1.369,0.1633,3.56,0.0,0,0.0,0,0,0,0,1
CH06792,미용+패션,680000,49770000,328,5681,50,0.41,0.57,2.0,0,7639.7,6827.88,241.45,7.58,6607.37,0.8065,0.569,0.0408,2.0,0.0,0,0.0,0,0,0,0,0
CH06793,미용+패션,680000,204140000,837,3849,50,4.24,2.57,8.0,0,43204.72,65277.31,670.8,28.2,33479.59,0.7993,0.605,0.0408,1.88,0.0267,2,0.04,0,0,2,0,0
CH06794,어린이+키즈,680000,238320000,1149,3581,50,4.24,8.01,47.0,1,40973.72,24921.65,1073.08,43.02,39309.6,0.4609,1.888,0.0408,11.07,0.0,0,0.0,0,0,0,0,0
CH06795,미용+패션,690000,290330000,1091,3512,50,2.69,3.03,12.0,0,122230.88,104802.45,2249.68,109.98,84519.76,0.6634,1.123,0.102,4.45,0.02,1,0.02,0,0,1,0,0
CH06796,강의+교육,690000,239270000,887,2371,50,5.88,8.22,28.0,0,480365.24,826701.77,6585.56,317.28,354860.61,0.6213,1.399,0.1224,4.76,0.0,0,0.0,0,0,0,0,0
CH06800,라이프+취미,690000,80170000,397,2084,50,4.63,2.61,7.0,0,189652.2,223181.43,3462.36,245.52,221036.36,0.7893,0.563,0.102,1.51,0.0067,1,0.02,0,0,1,0,0
CH06802,BJ+연예인+인물,690000,1595100000,1074,2142,50,2.18,1.96,10.0,0,777190.18,1061866.26,8522.22,225.84,0.0,0.7003,0.895,0.0612,4.58,0.0133,1,0.02,0,0,1,0,0
CH06803,BJ+연예인+인물,690000,156480000,353,1264,50,4.06,3.63,14.0,0,473572.78,568387.07,9784.36,780.9,473572.78,0.7266,0.895,0.0816,3.45,0.0,0,0.0,0,0,0,0,0
CH06804,TV+방송,690000,161310000,687,4150,50,5.14,7.92,37.0,1,3764.44,4476.57,130.44,1.3,3591.38,0.5464,1.541,0.102,7.19,0.0,0,0.0,0,0,0,0,1
CH06805,어린이+키즈,690000,541420000,1751,4929,50,42.49,87.24,398.0,10,63712.76,319227.15,221.8,2.66,70182.38,0.4512,2.053,0.102,9.37,0.0,0,0.0,0,0,0,0,1
CH06806,BJ+연예인+인물,690000,353080000,421,5940,50,32.41,45.52,217.0,18,15078.62,9302.24,554.24,66.1,13898.94,0.5779,1.404,0.0816,6.7,0.0,0,0.0,0,0,0,0,0
CH06807,어린이+키즈,690000,279480000,251,3420,50,5.1,5.91,24.0,0,1286133.94,5487227.22,2627.88,0.0,1286133.94,0.6524,1.158,0.102,4.7,0.0,0,0.0,0,0,0,0,1
CH06808,게임,690000,1053800000,1934,2530,50,0.71,1.05,6.0,0,88907.22,41097.42,1302.38,98.92,88907.22,0.646,1.05,0.0408,6.0,0.0,0,0.0,0,0,0,0,0
CH06809,가수+댄스+음악,690000,301080000,1140,5843,50,0.14,0.35,1.0,0,128488.76,183347.79,743.72,61.22,37822.0,0.8275,0.35,0.1429,1.0,0.0533,4,0.08,0,0,4,0,0
CH06810,BJ+연예인+인물,690000,35980000,131,2004,50,14.16,15.47,78.0,7,133972.34,111746.23,6534.62,427.0,131290.72,0.649,1.092,0.0612,5.51,0.0,0,0.0,0,0,0,0,0
CH06811,가수+댄스+음악,690000,179090000,1553,2137,50,1.65,2.58,10.0,0,7495.58,4209.17,880.76,33.08,4952.4,0.5529,1.563,0.1837,6.05,0.0133,1,0.02,0,0,1,0,0
CH06812,TV+방송,690000,894010000,1050,3619,50,1.71,0.81,3.0,0,444280.46,177622.2,6106.24,1018.5,441373.0,0.7725,0.471,0.2245,1.75,0.0267,2,0.04,0,0,2,0,0
CH06813,BJ+연예인+인물,690000,768810000,3483,4195,50,9.63,20.41,105.0,3,1845777.06,2485230.86,12779.56,293.24,738983.67,0.442,2.119,0.0612,10.9,0.06,4,0.08,0,0,4,0,0
CH06814,BJ+연예인+인물,690000,80800000,109,2475,50,31.73,78.13,498.0,7,500308.04,809153.46,7984.53,986.3,471366.78,0.4261,2.462,0.0612,15.69,0.02,1,0.02,0,0,1,0,1
CH06815,스포츠+운동,700000,279460000,7924,4738,50,0.02,0.14,1.0,0,1981.68,2172.54,46.12,1.5,2951.18,0.9319,0.141,0.0204,1.0,0.0,0,0.0,0,0,0,0,0
CH06816,자동차,700000,264570000,656,2643,50,5.55,3.04,15.0,0,178817.38,177142.96,2195.96,423.7,169565.84,0.7925,0.547,0.102,2.7,0.0133,1,0.02,0,0,1,0,0
CH06817,BJ+연예인+인물,700000,836740000,1730,3688,50,0.53,0.76,3.0,0,269331.78,699673.96,5059.04,78.58,130843.17,0.7476,0.759,0.1224,3.0,0.0133,1,0.02,0,0,1,0,0
CH06818,가수+댄스+음악,700000,295970000,1248,5903,50,3.1,4.74,20.0,0,9960.38,7308.93,551.64,25.2,4429.38,0.5687,1.528,0.102,6.45,0.0,0,0.0,0,0,0,0,0
CH06820,TV+방송,700000,710910000,666,5342,50,3.0,0.0,3.0,0,303409.38,427001.02,3368.02,50.64,285785.76,1.0,0.0,0.0,1.0,0.0,0,0.0,0,0,0,0,0
CH06821,게임,700000,671630000,2913,4217,50,0.88,0.69,2.0,0,129031.96,85267.88,1836.58,115.88,120809.61,0.7409,0.689,0.1837,2.0,0.0533,4,0.08,0,0,4,0,0
CH06823,BJ+연예인+인물,700000,343570000,791,2828,50,1.51,1.76,6.0,0,200038.16,239396.98,1982.22,223.12,188461.07,0.6784,1.167,0.0816,3.97,0.04,2,0.04,0,0,3,0,0
CH06824,게임,700000,1092600000,2150,5259,50,0.73,1.05,4.0,0,92571.46,88979.07,1202.3,100.26,73088.86,0.6914,1.045,0.0816,4.0,0.0133,1,0.02,0,0,1,0,0
CH06825,강의+교육,700000,139150000,978,6665,50,0.82,0.92,4.0,0,42823.66,50526.71,845.46,26.02,10475.82,0.7137,0.919,0.0612,4.0,0.0267,4,0.08,0,0,4,0,0
CH06827,어린이+키즈,700000,657710000,631,3865,50,14.51,35.91,174.0,3,426544.42,454214.33,8481.91,191.56,198603.17,0.4255,2.475,0.0612,11.99,0.0,0,0.0,0,0,0,0,0
CH06828,게임,700000,615560000,5089,5975,50,1.35,1.46,6.0,0,22806.6,34100.31,314.42,101.74,23397.18,0.6674,1.087,0.102,4.45,0.0267,2,0.04,0,0,2,0,0
CH06829,TV+방송,700000,146890000,144,2660,50,20.92,26.27,115.0,9,716813.34,872095.84,6216.1,614.3,942364.15,0.6197,1.256,0.102,5.5,0.0133,1,0.02,0,0,1,0,1
CH06830,BJ+연예인+인물,700000,554160000,715,3181,50,1.94,1.1,4.0,0,459756.24,385884.4,4306.64,92.46,161599.0,0.7582,0.565,0.2041,2.06,0.1333,8,0.16,0,0,9,0,0
CH06831,게임,700000,310460000,2290,4683,50,1.86,1.44,6.0,0,84026.44,73346.0,652.88,54.78,75337.96,0.7503,0.777,0.0816,3.23,0.0,0,0.0,0,0,0,0,0
CH06832,가수+댄스+음악,700000,108930000,175,3231,50,24.16,38.99,197.0,16,25468.48,53481.09,980.26,48.84,20548.4,0.5257,1.614,0.0612,8.15,0.0,0,0.0,0,0,0,0,1
CH06834,TV+방송,710000,612010000,9239,4815,50,0.12,0.39,2.0,0,7054.78,15374.51,53.5,2.06,7054.78,0.8304,0.385,0.102,2.0,0.0133,1,0.02,0,0,1,0,1
CH06835,BJ+연예인+인물,710000,1532180000,4162,4602,50,0.49,0.5,1.0,0,74916.18,30459.03,1445.36,269.62,73997.52,0.8334,0.5,0.0,1.0,0.0533,3,0.06,0,0,2,1,0
CH06836,BJ+연예인+인물,710000,301390000,1331,4841,50,2.24,1.55,6.0,0,364689.46,508129.9,6101.04,202.74,189819.52,0.7716,0.689,0.0816,2.67,0.0,0,0.0,0,0,0,0,0
CH06838,BJ+연예인+인물,710000,888020000,929,4503,50,1.27,0.96,4.0,0,219385.94,278461.32,3223.64,80.64,150977.5,0.7424,0.762,0.1224,3.16,0.0,0,0.0,0,0,0,0,0
CH06839,BJ+연예인+인물,710000,95790000,220,2352,50,4.67,3.19,14.0,0,211823.8,126561.65,3612.42,105.24,194587.32,0.7788,0.683,0.0612,3.0,0.0133,1,0.02,0,0,1,0,0
CH06840,TV+방송,710000,330400000,1496,3464,50,3.84,2.85,17.0,0,163684.08,79650.76,3759.12,657.86,163684.08,0.7214,0.743,0.0816,4.43,0.1133,7,0.14,0,0,8,0,0
CH06841,게임,710000,740040000,709,2531,50,2.73,2.89,11.0,0,314044.0,306487.13,3518.14,456.8,370194.69,0.6832,1.057,0.102,4.02,0.0467,3,0.06,0,0,3,0,0
CH06842,미용+패션,710000,98080000,578,4373,50,1.92,1.37,5.0,0,44859.34,50512.66,690.16,23.02,41657.64,0.7429,0.713,0.1633,2.61,0.0,0,0.0,0,0,0,0,0
CH06843,강의+교육,710000,129670000,670,5427,50,7.43,22.51,154.0,2,29824.58,28107.03,1172.16,31.5,27820.9,0.4118,3.031,0.0408,20.73,0.0,0,0.0,0,0,0,0,1
CH06845,라이프+취미,710000,188790000,905,3765,50,1.39,1.51,6.0,0,26301.82,86083.78,262.06,41.44,18999.48,0.665,1.088,0.1224,4.32,0.0,0,0.0,0,0,0,0,0
CH06846,경제+부동산+주식,710000,193780000,5408,2694,50,0.08,0.4,2.0,0,11035.44,12001.92,429.14,8.88,11669.51,0.846,0.396,0.0408,2.0,0.02,2,0.04,0,0,2,0,0
CH06847,BJ+연예인+인물,710000,145300000,536,2527,50,9.47,8.28,41.0,2,503187.94,298766.5,11717.26,1053.56,503187.94,0.7042,0.875,0.0816,4.33,0.0133,1,0.02,1,0,0,0,0
CH06848,스포츠+운동,710000,345610000,59,2819,50,39.24,121.36,863.0,10,8087588.64,10078640.23,40640.06,1009.6,8087588.64,0.4161,3.092,0.0204,21.99,0.0,0,0.0,0,0,0,0,0
CH06849,가수+댄스+음악,710000,561870000,7176,4825,50,0.0,0.0,0.0,0,826.26,771.81,23.48,1.64,3016.75,1.0,0.0,0.0,0.0,0.0133,1,0.02,0,0,1,0,0
CH06850,라이프+취미,720000,146630000,414,4259,50,8.08,3.02,17.0,0,311734.8,413194.15,4928.04,182.38,311734.8,0.8333,0.374,0.102,2.1,0.0,0,0.0,0,0,0,0,0
CH06851,게임,720000,962150000,4062,4546,50,0.47,0.64,3.0,0,154383.72,54368.62,916.52,152.74,154383.72,0.7922,0.642,0.0408,3.0,0.0867,6,0.12,0,0,6,0,0
CH06852,만화+애니+영화,720000,608430000,3290,5092,50,0.1,0.3,1.0,0,17425.24,17806.42,193.34,86.0,13527.19,0.8532,0.303,0.102,1.0,0.0067,1,0.02,0,0,1,0,0
CH06855,스포츠+운동,720000,202790000,429,2229,50,0.55,0.5,1.0,0,3636.5,1633.38,43.78,9.8,0.0,0.8339,0.497,0.0,1.0,0.0,0,0.0,0,0,0,0,0
CH06857,가수+댄스+음악,720000,81990000,852,3023,50,2.98,5.29,22.0,0,127311.1,515820.76,1996.34,38.88,107365.16,0.5183,1.774,0.1224,7.38,0.0,0,0.0,0,0,0,0,0
CH06858,게임,720000,1332260000,2948,2667,50,0.2,0.4,1.0,0,163957.52,107173.19,3837.22,275.66,111035.24,0.7951,0.403,0.2041,1.0,0.02,1,0.02,0,0,1,0,0
CH06859,가수+댄스+음악,720000,297190000,103,2426,50,23.86,45.94,231.0,9,1433728.38,1333493.35,21532.96,423.88,1197576.04,0.4616,1.925,0.0612,9.68,0.0,0,0.0,0,0,0,0,0
CH06860,BJ+연예인+인물,720000,91840000,398,2289,50,1.45,2.01,9.0,0,25438.64,27319.58,410.92,29.92,36452.95,0.5993,1.388,0.0612,6.21,0.0267,2,0.04,0,0,2,0,0
CH06862,가수+댄스+음악,720000,421740000,479,2509,50,4.57,20.28,144.0,1,236394.26,376385.32,6902.5,632.06,359093.82,0.3858,4.437,0.0204,31.5,0.0,0,0.0,0,0,0,0,0
CH06863,라이프+취미,720000,269820000,479,2323,50,1.84,1.06,3.0,0,420734.06,1054280.89,3273.36,129.18,153274.24,0.7684,0.575,0.1633,1.63,0.0,0,0.0,0,0,0,0,0
CH06864,어린이+키즈,720000,437730000,541,3583,50,2.08,1.14,4.0,0,292711.22,202971.57,4302.82,130.4,207545.42,0.7557,0.548,0.2245,1.92,0.0133,1,0.02,0,0,1,0,0
CH06865,라이프+취미,720000,169010000,738,2440,50,1.55,1.77,6.0,0,56612.82,47690.23,954.92,40.86,70055.85,0.6778,1.143,0.102,3.87,0.0333,2,0.04,0,0,2,0,0
CH06866,레시피+요리+음식,720000,454230000,839,2715,50,2.94,6.05,44.0,1,69340.14,22027.16,2396.25,110.12,69340.14,0.4574,2.057,0.0204,14.97,0.0267,2,0.04,0,0,2,0,0
CH06867,BJ+연예인+인물,720000,70680000,1136,5844,50,2.71,2.52,10.0,0,62636.96,47024.96,359.48,70.72,69932.83,0.7094,0.927,0.102,3.68,0.0133,1,0.02,0,0,1,0,0
CH06868,가수+댄스+음악,720000,254150000,509,5514,50,2.43,5.09,35.0,1,15902.9,39470.87,1141.64,107.32,16150.54,0.4554,2.096,0.0204,14.41,0.0,0,0.0,0,0,0,0,0
CH06869,레시피+요리+음식,720000,280950000,495,2906,50,6.8,7.33,34.0,2,171504.2,93074.16,3259.64,162.14,173561.98,0.6649,1.079,0.0612,5.0,0.0133,1,0.02,0,0,1,0,0
CH06870,미용+패션,730000,181380000,800,3818,50,3.78,6.04,36.0,1,109330.0,81914.26,1610.04,191.16,106469.27,0.4812,1.599,0.0816,9.54,0.0,0,0.0,0,0,0,0,0
CH06871,미용+패션,730000,83370000,371,839,50,1.65,1.9,6.0,0,166484.44,126634.56,5039.46,178.06,180730.0,0.6778,1.15,0.1224,3.63,0.0467,3,0.06,0,1,2,0,0
CH06872,국내+여행+해외,730000,335660000,374,1223,50,2.04,0.83,5.0,0,289201.68,192467.76,9310.4,640.92,301427.0,0.8368,0.408,0.0612,2.45,0.0133,1,0.02,0,0,1,0,0
CH06873,IT+기술+컴퓨터,730000,159590000,695,4448,50,7.96,8.27,35.0,1,134948.62,402472.75,386.12,234.04,153345.44,0.6808,1.039,0.0816,4.4,0.14,10,0.2,0,0,10,0,0
CH06874,TV+방송,730000,294090000,365,4927,50,13.29,28.19,157.0,6,981695.94,704820.77,8945.67,414.66,1030271.07,0.4418,2.122,0.0612,11.82,0.0,0,0.0,0,0,0,0,0
CH06876,만화+애니+영화,730000,313890000,1767,4904,50,11.27,39.25,216.0,4,45903.1,92003.56,394.54,9.2,81516.64,0.387,3.484,0.0816,19.17,0.16,8,0.16,0,2,6,2,0
CH06877,강의+교육,730000,1157150000,1524,2671,50,0.96,0.97,4.0,0,180790.52,285832.33,1554.22,168.92,250124.29,0.701,0.968,0.0816,4.0,0.0667,4,0.08,0,0,4,0,0
CH06878,게임,730000,863060000,2132,4204,50,1.1,0.97,3.0,0,255949.36,183189.08,7191.44,405.46,247427.11,0.7409,0.884,0.0816,2.72,0.0,0,0.0,0,0,0,0,0
CH06879,BJ+연예인+인물,730000,130770000,177,5747,50,35.69,56.85,256.0,10,742066.02,755570.02,17036.54,918.1,652934.71,0.543,1.593,0.102,7.17,0.0,0,0.0,0,0,0,0,0
CH06880,어린이+키즈,730000,340000,117,3422,50,5.39,8.43,45.0,2,6734.26,12168.77,63.94,3.9,11430.54,0.5237,1.564,0.0612,8.35,0.0,0,0.0,0,0,0,0,0
CH06881,게임,730000,950900000,3402,3940,50,7.02,25.39,177.0,2,89994.3,46556.36,1124.08,151.62,89994.3,0.396,3.617,0.0408,25.21,0.0867,6,0.12,0,0,6,0,0
CH06882,미용+패션,730000,157120000,367,4156,50,17.22,23.03,117.0,7,90340.12,60832.4,2720.59,70.82,82501.39,0.5872,1.337,0.0612,6.79,0.0467,3,0.06,0,0,3,0,0
CH06883,레시피+요리+음식,730000,270500000,808,3881,50,1.73,1.16,4.0,0,292794.32,215815.18,4243.74,234.24,295498.83,0.7816,0.667,0.0612,2.31,0.0,0,0.0,0,0,0,0,0
CH06885,TV+방송,740000,726480000,1578,2139,50,1.29,3.11,19.0,0,116073.52,233063.16,1274.08,60.56,116073.52,0.4279,2.419,0.0612,14.78,0.0467,3,0.06,0,0,3,0,0
CH06887,가수+댄스+음악,740000,321150000,746,1682,50,1.45,2.7,11.0,0,76790.44,147412.31,3886.24,82.78,25334.06,0.513,1.861,0.102,7.59,0.0,0,0.0,0,0,0,0,0
CH06888,강의+교육,740000,116120000,1257,4375,50,1.2,1.31,6.0,0,52620.06,79598.59,1155.86,76.78,55982.49,0.6645,1.087,0.0612,4.98,0.0333,2,0.04,0,0,1,1,0
CH06889,레시피+요리+음식,740000,349670000,1973,5070,50,1.73,0.78,4.0,0,17622.82,7120.61,556.34,30.34,17622.82,0.7964,0.448,0.1633,2.31,0.0,0,0.0,0,0,0,0,0
CH06891,가수+댄스+음악,740000,215780000,789,3671,50,1.18,0.77,3.0,0,601676.84,2309213.37,4878.4,88.56,73634.0,0.735,0.654,0.2245,2.53,0.0,0,0.0,0,0,0,0,0
CH06893,레시피+요리+음식,740000,263790000,2730,3363,50,0.92,0.53,2.0,0,18175.88,25383.44,445.06,13.62,18175.88,0.7415,0.528,0.2857,2.0,0.0,0,0.0,0,0,0,0,0
CH06894,TV+방송,740000,671530000,1654,5042,50,0.71,1.18,4.0,0,826570.52,2851604.33,602.84,8.58,4858.0,0.6704,1.178,0.102,4.0,0.0,0,0.0,0,0,0,0,0
CH06895,반려동물+애완,740000,596960000,2408,5127,50,1.04,1.23,5.0,0,49883.02,60883.35,1295.22,70.16,19984.6,0.6533,1.18,0.0816,4.8,0.0133,1,0.02,0,0,1,0,0
CH06896,어린이+키즈,740000,1072110000,2239,3456,50,0.94,1.06,4.0,0,1106884.54,6869090.68,0.0,22.82,154472.85,0.6716,1.058,0.1429,4.0,0.0,0,0.0,0,0,0,0,0
CH06898,레시피+요리+음식,740000,256620000,773,2987,50,2.06,1.68,9.0,0,72699.44,60355.81,1404.18,146.44,72699.44,0.7056,0.817,0.102,4.37,0.0,0,0.0,0,0,0,0,0
CH06899,미용+패션,740000,197590000,682,4013,50,2.8,2.71,10.0,0,225045.78,262682.52,3258.56,160.92,158789.42,0.7007,0.969,0.1224,3.58,0.0133,1,0.02,0,0,1,0,0
CH06900,라이프+취미,740000,325850000,1043,2622,50,2.08,3.32,17.0,0,14786.94,71905.2,58.78,1.34,14786.94,0.5265,1.597,0.0612,8.17,0.0667,4,0.08,0,0,4,0,0
CH06901,BJ+연예인+인물,740000,693400000,1035,1657,50,0.9,1.49,6.0,0,230104.76,224899.15,8631.24,246.34,373914.13,0.5908,1.488,0.0816,6.0,0.0333,2,0.04,0,0,2,0,0
CH06902,국내+여행+해외,740000,321550000,415,1129,50,1.51,1.37,5.0,0,178423.04,268513.31,1795.44,259.84,232764.57,0.7225,0.909,0.102,3.31,0.12,8,0.16,0,0,8,0,0
CH06903,BJ+연예인+인물,740000,348200000,662,2323,50,1.59,1.7,7.0,0,152133.46,300920.69,1626.46,55.68,144131.0,0.6834,1.069,0.0612,4.4,0.0133,1,0.02,0,0,1,0,0
CH06904,국내+여행+해외,740000,218620000,439,2773,50,7.94,6.83,37.0,1,444118.68,839591.27,7781.78,589.62,329886.67,0.703,0.86,0.0612,4.66,0.0333,2,0.04,0,0,2,0,0
CH06905,가수+댄스+음악,740000,362120000,1318,1693,50,0.0,0.0,0.0,0,56752.94,67655.06,2433.64,73.02,139091.6,1.0,0.0,0.0,0.0,0.0,0,0.0,0,0,0,0,0
CH06906,레시피+요리+음식,750000,204180000,1369,3993,50,2.18,1.94,11.0,0,35100.32,13408.97,870.0,45.12,34838.14,0.694,0.891,0.0408,5.04,0.0,0,0.0,0,0,0,0,0
CH06907,TV+방송,750000,508830000,1620,4996,50,1.39,0.99,4.0,0,324186.48,161592.21,10075.02,1335.8,324186.48,0.7556,0.71,0.1224,2.88,0.0133,1,0.02,0,0,1,0,0
CH06908,어린이+키즈,750000,1123900000,6802,1776,50,0.04,0.2,1.0,0,70750.78,59377.06,1707.42,334.96,29813.0,0.9052,0.198,0.0408,1.0,0.0,0,0.0,0,0,0,0,0
CH06909,BJ+연예인+인물,750000,564870000,883,4682,50,11.04,36.8,241.0,3,108587.08,204081.75,1034.9,106.32,82549.12,0.4032,3.333,0.0408,21.83,0.0333,1,0.02,0,0,1,1,1
CH06910,경제+부동산+주식,750000,51380000,563,2586,50,3.0,0.78,6.0,0,158555.74,65986.44,4972.22,246.52,158555.74,0.8904,0.261,0.0204,2.0,0.0,0,0.0,0,0,0,0,0
CH06911,미용+패션,750000,289490000,423,3918,50,13.18,17.59,90.0,5,169696.12,314232.38,0.0,38.8,0.0,0.5865,1.335,0.0612,6.83,0.0,0,0.0,0,0,0,0,0
CH06912,스포츠+운동,750000,912090000,8191,2646,50,0.02,0.14,1.0,0,54665.32,31735.17,1022.76,141.54,54665.32,0.9319,0.141,0.0204,1.0,0.0667,5,0.1,0,0,5,0,0
CH06913,TV+방송,750000,235410000,477,3907,50,4.69,2.44,11.0,0,209089.74,187270.86,2769.98,260.82,186575.44,0.786,0.52,0.1429,2.34,0.02,1,0.02,0,1,0,0,0
CH06914,게임,750000,1057190000,3452,4138,50,0.84,0.77,2.0,0,83267.16,55146.19,864.06,106.62,83267.16,0.7159,0.765,0.2245,2.0,0.0333,2,0.04,0,0,2,0,0
CH06915,미용+패션,750000,115170000,506,3478,50,3.37,2.23,8.0,0,49325.56,47726.25,749.26,67.88,42316.14,0.7519,0.662,0.1633,2.38,0.04,2,0.04,0,0,3,0,0
CH06916,TV+방송,750000,761710000,815,3814,50,3.43,1.44,8.0,0,2536107.26,2433336.87,17222.32,738.18,0.0,0.8274,0.421,0.0816,2.33,0.02,1,0.02,0,0,0,1,0
CH06917,BJ+연예인+인물,750000,305410000,429,2755,50,6.31,3.73,17.0,0,1010139.52,1767632.69,14492.14,452.06,598631.3,0.7529,0.592,0.2041,2.7,0.0133,1,0.02,0,0,1,0,1
CH06919,자동차,750000,983080000,1224,3414,50,2.12,1.86,7.0,0,273154.96,211544.48,2871.68,587.3,250723.46,0.7213,0.876,0.1224,3.3,0.0267,4,0.08,0,0,4,0,0
CH06920,BJ+연예인+인물,750000,620450000,1713,3933,50,7.04,31.5,224.0,1,191651.64,228332.89,1476.34,358.63,191651.64,0.3852,4.474,0.0204,31.81,0.1067,7,0.14,0,0,6,1,0
CH06922,TV+방송,750000,80430000,147,3772,50,2.92,1.71,8.0,0,96260.56,125118.57,1210.94,78.84,236622.71,0.7906,0.587,0.0816,2.74,0.0133,1,0.02,0,0,1,0,1
CH06923,만화+애니+영화,750000,190330000,118,3230,50,15.35,13.07,71.0,7,355411.3,721928.08,5467.1,80.7,482413.57,0.7052,0.852,0.0612,4.63,0.0,0,0.0,0,0,0,0,0
CH06924,라이프+취미,760000,210010000,493,3696,50,1.98,1.76,9.0,0,51761.2,81242.52,435.0,21.26,36878.42,0.6902,0.887,0.102,4.55,0.0133,1,0.02,0,0,1,0,0
CH06925,자동차,760000,796060000,2534,4724,50,0.22,0.46,2.0,0,133797.54,116250.68,1282.06,429.28,139595.03,0.7804,0.464,0.2041,2.0,0.0467,3,0.06,0,0,3,0,0
CH06926,만화+애니+영화,760000,301510000,350,4733,50,7.27,12.71,92.0,1,148082.76,175909.96,1601.58,113.76,148082.76,0.4758,1.749,0.0204,12.66,0.2333,16,0.32,0,0,18,0,0
CH06927,BJ+연예인+인물,760000,403430000,1042,4276,50,1.55,2.45,11.0,0,66417.1,94204.82,913.96,130.68,55321.21,0.5647,1.58,0.0408,7.09,0.0667,5,0.1,0,0,5,0,0
CH06928,TV+방송,760000,33850000,196,2855,50,18.1,60.78,363.0,2,66262.22,38970.73,9663.6,771.08,72505.67,0.4025,3.358,0.0408,20.05,0.0133,1,0.02,0,0,1,0,1
CH06929,레시피+요리+음식,760000,220120000,1033,3511,50,3.82,2.54,10.0,0,139543.26,201510.42,2688.7,100.18,166251.63,0.7697,0.665,0.102,2.62,0.0533,3,0.06,0,0,3,0,0
CH06930,레시피+요리+음식,760000,364300000,2288,4474,50,1.86,1.39,7.0,0,116314.82,231817.13,2388.54,113.7,57483.36,0.7277,0.746,0.1224,3.77,0.0533,4,0.08,0,0,4,0,0
CH06931,가수+댄스+음악,760000,534250000,1764,5399,50,2.61,5.4,27.0,0,119165.78,586881.37,554.82,39.08,239317.36,0.4385,2.068,0.0816,10.34,0.0,0,0.0,0,0,0,0,0
CH06933,레시피+요리+음식,760000,317880000,1057,4932,50,0.94,1.0,6.0,0,838963.6,1017604.63,8816.76,296.56,888597.11,0.6523,0.998,0.0408,6.0,0.0,0,0.0,0,0,0,0,0
CH06937,미용+패션,760000,207550000,1009,2674,50,1.41,1.14,5.0,0,118509.02,95415.54,1241.4,155.78,114753.73,0.7421,0.811,0.0612,3.55,0.04,2,0.04,0,0,2,0,0
CH06938,BJ+연예인+인물,760000,451840000,1337,2923,50,2.16,1.8,7.0,0,399120.18,170685.77,8123.06,522.24,398194.09,0.7417,0.832,0.0816,3.24,0.0133,1,0.02,0,0,1,0,0
CH06939,강의+교육,760000,34770000,548,5580,50,5.35,3.56,21.0,0,721.28,506.44,31.88,2.0,573.52,0.7063,0.666,0.2245,3.93,0.0,0,0.0,0,0,0,0,0
CH06940,가수+댄스+음악,760000,640950000,377,2475,50,4.84,13.66,90.0,1,57579.56,197168.95,1364.98,128.7,99057.89,0.4185,2.824,0.0408,18.61,0.0,0,0.0,0,0,0,0,0
CH06941,BJ+연예인+인물,760000,566240000,287,2583,50,9.94,8.92,42.0,2,1915047.86,6129091.37,19681.34,544.92,365260.03,0.7101,0.898,0.0612,4.23,0.0467,3,0.06,0,0,2,1,0
CH06942,레시피+요리+음식,760000,174560000,1120,3522,50,8.08,15.57,104.0,3,78535.46,71087.12,1339.58,68.08,81328.79,0.4525,1.927,0.0612,12.87,0.0,0,0.0,0,0,0,0,0
CH06943,레시피+요리+음식,760000,189480000,1002,3456,50,2.14,2.06,10.0,0,21203.78,16142.41,459.96,20.26,21203.78,0.6828,0.961,0.0816,4.67,0.02,1,0.02,0,0,1,0,0
CH06944,만화+애니+영화,770000,303470000,437,3963,50,5.06,5.56,33.0,1,51773.32,36664.17,2153.8,48.12,24523.33,0.6132,1.099,0.0816,6.52,0.0,0,0.0,0,0,0,0,0
CH06945,스포츠+운동,770000,1404900000,10266,1180,50,0.0,0.0,0.0,0,45345.64,81772.03,432.56,106.6,53650.17,1.0,0.0,0.0,0.0,0.0133,1,0.02,0,0,1,0,0
CH06946,라이프+취미,770000,268450000,3389,3886,50,0.08,0.27,1.0,0,36166.12,39134.68,245.62,15.54,37538.74,0.868,0.274,0.0816,1.0,0.0,0,0.0,0,0,0,0,0
CH06947,어린이+키즈,770000,304410000,715,2707,50,12.02,45.79,321.0,2,18597.32,21399.91,148.4,4.88,49006.83,0.3978,3.809,0.0204,26.7,0.0,0,0.0,0,0,0,0,1
CH06948,미용+패션,770000,99480000,841,5446,50,12.37,3.23,16.0,0,107294.3,31273.54,4284.7,313.84,111696.65,0.8597,0.261,0.1224,1.29,0.0,0,0.0,0,0,0,0,0
CH06949,미용+패션,770000,26060000,181,3632,50,12.0,7.83,47.0,1,53031.76,46062.07,872.25,86.78,56831.53,0.7641,0.653,0.0408,3.92,0.0,0,0.0,0,0,0,0,0
CH06950,라이프+취미,770000,101590000,383,2070,50,4.12,2.69,7.0,0,83532.96,103887.2,2704.02,230.2,103799.32,0.7596,0.653,0.1429,1.7,0.0,0,0.0,0,0,0,0,0
CH06951,가수+댄스+음악,770000,264280000,584,5903,50,25.31,45.95,188.0,11,880520.52,1777088.88,9142.22,584.02,1170330.41,0.5204,1.816,0.102,7.43,0.0,0,0.0,0,0,0,0,0
CH06952,가수+댄스+음악,770000,219730000,1580,3534,50,2.9,3.31,10.0,0,15308.22,10284.65,690.76,100.76,15708.87,0.6838,1.142,0.1224,3.45,0.0,0,0.0,0,0,0,0,0
CH06953,가수+댄스+음악,770000,262400000,1013,3485,50,11.33,9.9,39.0,5,13641.42,13854.76,1410.8,94.76,13993.57,0.7174,0.874,0.1224,3.44,0.0,0,0.0,0,0,0,0,1
CH06957,BJ+연예인+인물,770000,643860000,957,1855,50,2.29,1.36,7.0,0,248405.94,254298.61,2295.34,382.66,216986.15,0.7754,0.593,0.1224,3.06,0.0333,2,0.04,0,0,2,0,0
CH06958,게임,770000,480370000,1594,3656,50,2.14,2.6,14.0,0,264805.98,189301.6,1662.76,223.16,260256.28,0.6064,1.215,0.0612,6.53,0.0,0,0.0,0,0,0,0,0
CH06959,게임,770000,750110000,1977,2943,50,0.47,0.61,2.0,0,274998.08,113998.18,1626.4,210.04,275039.27,0.7923,0.61,0.0612,2.0,0.0467,3,0.06,0,0,3,0,0
CH06960,BJ+연예인+인물,770000,558220000,524,2077,50,0.33,0.79,3.0,0,111205.68,175355.36,1487.72,85.98,272155.6,0.7544,0.793,0.0816,3.0,0.0,0,0.0,0,0,0,0,0
CH06961,BJ+연예인+인물,770000,506810000,709,1541,50,0.94,0.84,3.0,0,684855.24,1389369.44,6081.58,428.12,684855.24,0.7529,0.843,0.0612,3.0,0.0,0,0.0,0,0,0,0,0
CH06962,BJ+연예인+인물,770000,217120000,347,3448,50,6.1,5.57,36.0,1,699061.44,1400848.15,5493.4,100.42,54512.27,0.6724,0.913,0.0204,5.9,0.0,0,0.0,0,0,0,0,0
CH06965,가수+댄스+음악,780000,74350000,221,4325,50,12.98,33.03,199.0,5,146683.18,402208.68,5791.22,171.0,347761.33,0.4227,2.545,0.0612,15.33,0.0,0,0.0,0,0,0,0,1
CH06966,레시피+요리+음식,780000,286970000,1463,2699,50,0.8,0.73,2.0,0,29441.46,26137.56,521.3,16.48,29441.46,0.7343,0.728,0.1837,2.0,0.0533,3,0.06,0,0,3,0,0
CH06967,만화+애니+영화,780000,290660000,423,3578,50,9.37,7.01,32.0,1,538531.84,826827.72,2219.02,105.54,538531.84,0.7496,0.748,0.0816,3.42,0.0267,2,0.04,0,0,2,0,0
CH06969,강의+교육,780000,771740000,1128,3084,50,2.45,1.36,4.0,0,250988.5,274860.09,4483.58,196.48,208220.09,0.7851,0.554,0.1224,1.63,0.0133,1,0.02,1,0,0,0,0
CH06970,가수+댄스+음악,780000,457850000,954,4373,50,9.2,15.57,65.0,5,11438.94,12287.89,165.08,17.38,13850.38,0.5391,1.692,0.102,7.06,0.0,0,0.0,0,0,0,0,0
CH06971,미용+패션,780000,138450000,261,3673,50,7.41,5.56,27.0,0,206533.62,170092.96,3115.94,1248.8,220109.73,0.7427,0.751,0.0816,3.64,0.0,0,0.0,0,0,0,0,0
CH06972,BJ+연예인+인물,780000,507000000,554,2609,50,7.57,10.61,54.0,4,258508.04,294082.99,2999.18,541.4,258508.04,0.5656,1.402,0.0816,7.13,0.14,8,0.16,1,0,8,0,1
CH06973,강의+교육,780000,41940000,1493,4926,50,1.82,1.22,4.0,0,5870.4,10390.69,528.86,44.42,5870.4,0.7926,0.674,0.0204,2.2,0.0,0,0.0,0,0,0,0,0
CH06974,BJ+연예인+인물,780000,181330000,250,742,50,1.16,1.22,5.0,0,238005.26,232589.31,2233.44,191.48,521093.5,0.6643,1.047,0.1429,4.3,0.04,3,0.06,0,0,3,0,0
CH06975,게임,780000,355440000,7184,2680,50,0.02,0.14,1.0,0,100258.82,256394.99,874.14,12.66,100262.53,0.9319,0.141,0.0204,1.0,0.0,0,0.0,0,0,0,0,0
CH06976,스포츠+운동,780000,107090000,1501,5014,50,0.1,0.36,2.0,0,1602.14,784.47,31.26,0.94,1240.27,0.8421,0.364,0.0816,2.0,0.0,0,0.0,0,0,0,0,0
CH06977,가수+댄스+음악,780000,98050000,603,3090,50,0.18,0.56,3.0,0,17855.2,32915.02,0.0,15.76,21135.74,0.8083,0.56,0.0408,3.0,0.0267,2,0.04,0,0,2,0,0
CH06978,라이프+취미,780000,359860000,1004,3209,50,0.78,1.72,11.0,0,106113.98,380804.74,586.16,26.86,70304.89,0.4718,1.717,0.0408,11.0,0.02,1,0.02,0,0,1,0,0
CH06979,가수+댄스+음악,780000,85540000,221,940,50,4.78,4.99,22.0,0,102944.04,134130.21,6607.98,174.78,26684.15,0.6741,1.045,0.0816,4.61,0.0,0,0.0,0,0,0,0,0
CH06980,어린이+키즈,780000,925610000,3363,3831,50,0.65,0.66,2.0,0,16953.74,13142.09,257.84,33.92,20183.22,0.7713,0.656,0.102,2.0,0.06,4,0.08,0,0,4,0,0
CH06981,게임,780000,843070000,1092,2468,50,2.29,0.9,4.0,0,484273.36,70743.62,2701.62,345.38,484273.36,0.8277,0.395,0.102,1.75,0.0,0,0.0,0,0,0,0,0
CH06982,BJ+연예인+인물,780000,245680000,376,5342,50,2.67,3.19,12.0,0,570911.52,669499.0,10796.56,725.78,375707.88,0.6548,1.193,0.102,4.49,0.0133,1,0.02,0,0,1,0,0
CH06983,게임,780000,747270000,2053,3493,50,0.22,0.42,1.0,0,31885.18,16623.42,324.44,28.48,32482.4,0.7854,0.417,0.2245,1.0,0.0267,3,0.06,0,0,3,0,0
CH06984,스포츠+운동,790000,694620000,1786,3646,50,0.9,0.68,3.0,0,71090.54,33221.57,695.9,172.22,68162.13,0.7552,0.677,0.1429,3.0,0.0667,4,0.08,0,0,3,1,0
CH06985,라이프+취미,790000,136170000,297,2120,50,8.73,8.62,29.0,0,78886.2,60281.11,1399.64,208.14,71531.78,0.6875,0.986,0.1837,3.32,0.0133,1,0.02,0,0,1,0,0
CH06986,국내+여행+해외,790000,169370000,228,4851,50,8.82,6.11,25.0,0,755407.94,332591.16,15229.92,1801.8,794904.32,0.7708,0.693,0.0816,2.84,0.0467,5,0.1,1,0,4,0,0
CH06987,국내+여행+해외,790000,158780000,200,1225,50,6.57,2.9,14.0,0,1246691.76,687944.34,17391.34,1629.22,1246691.76,0.7857,0.441,0.2041,2.13,0.0267,3,0.06,0,0,3,0,0
CH06988,IT+기술+컴퓨터,790000,228710000,652,2827,50,0.98,1.36,6.0,0,142089.54,93930.14,1698.0,275.74,148776.74,0.6014,1.363,0.0816,6.0,0.04,3,0.06,0,0,3,0,0
CH06989,강의+교육,790000,165230000,181,2619,50,17.8,9.49,48.0,6,955105.06,969655.07,9438.9,1608.44,955105.06,0.8077,0.533,0.0612,2.7,0.0267,2,0.04,0,0,2,0,0
CH06991,국내+여행+해외,790000,227360000,494,4327,50,7.78,4.16,23.0,0,367505.8,161382.89,7365.22,563.3,372156.94,0.8075,0.535,0.0612,2.96,0.0,0,0.0,0,0,0,0,0
CH06992,미용+패션,790000,98820000,442,3401,50,3.88,3.58,15.0,0,57378.72,88621.35,520.2,62.34,100438.0,0.7046,0.923,0.102,3.87,0.0133,1,0.02,0,0,1,0,0
CH06993,가수+댄스+음악,790000,482860000,428,2774,50,0.96,1.97,8.0,0,308403.62,810738.79,5765.68,238.5,909656.4,0.495,1.969,0.102,8.0,0.0,0,0.0,0,0,0,0,0
CH06996,국내+여행+해외,790000,205260000,237,3017,50,14.47,13.39,56.0,7,155387.82,304058.01,1245.18,66.52,200303.24,0.6981,0.926,0.1224,3.87,0.0067,1,0.02,0,0,1,0,0
CH06997,TV+방송,790000,410000,66,4344,35,58.15,327.76,1941.0,1,21366.46,61125.64,338.66,11.8,3117.67,0.3665,5.637,0.0294,33.38,0.0762,4,0.1143,0,0,4,0,0
CH06998,레시피+요리+음식,790000,65160000,83,4092,50,33.24,42.17,264.0,15,828791.96,718606.8,13704.54,392.32,998190.2,0.5609,1.268,0.0612,7.94,0.0,0,0.0,0,0,0,0,1
CH06999,BJ+연예인+인물,800000,314600000,283,4208,50,4.16,2.82,7.0,0,116486.98,145926.0,4821.2,302.24,135117.7,0.7982,0.677,0.0,1.68,0.04,3,0.06,0,0,3,0,0
CH07000,레시피+요리+음식,800000,363090000,596,2680,50,6.18,1.83,11.0,0,353811.14,211214.36,10433.36,602.98,353811.14,0.8432,0.295,0.1429,1.78,0.0267,2,0.04,0,0,2,0,0
CH07001,가수+댄스+음악,800000,205180000,3237,2337,50,0.33,0.74,4.0,0,44176.6,107549.14,571.72,31.22,103704.53,0.7405,0.739,0.0612,4.0,0.0067,1,0.02,0,0,1,0,0
CH07002,미용+패션,800000,288370000,1334,2893,50,0.59,0.57,2.0,0,118063.32,141486.43,1017.5,82.5,88325.69,0.8065,0.569,0.0408,2.0,0.1133,8,0.16,0,0,8,0,0
CH07003,가수+댄스+음악,800000,140630000,604,4998,50,20.76,36.22,162.0,9,11687.56,15747.56,241.6,24.1,12572.88,0.5204,1.745,0.0816,7.81,0.0,0,0.0,0,0,0,0,1
CH07004,어린이+키즈,800000,431930000,467,3896,50,11.9,34.05,193.0,2,40587.34,39258.06,156.2,10.8,40587.34,0.4172,2.862,0.0408,16.22,0.0,0,0.0,0,0,0,0,1
CH07005,BJ+연예인+인물,800000,1029410000,3888,3897,50,2.61,2.47,13.0,0,911128.36,1591840.62,6000.4,180.02,76815.9,0.682,0.947,0.0612,4.98,0.0,0,0.0,0,0,0,0,0
CH07006,TV+방송,800000,568380000,996,4012,50,2.29,2.41,10.0,0,890814.52,1880754.9,7980.38,117.78,36018.67,0.6675,1.053,0.1224,4.38,0.12,8,0.16,0,0,8,1,0
CH07007,TV+방송,800000,211610000,1075,3061,50,0.65,0.96,5.0,0,59839.12,93017.14,1401.52,11.34,6485.29,0.6858,0.959,0.0408,5.0,0.0,0,0.0,0,0,0,0,1
CH07008,TV+방송,800000,1262910000,15332,5535,50,2.0,2.02,6.0,0,144196.44,336541.05,922.16,91.06,116859.09,0.7242,1.01,0.0816,3.0,0.0667,4,0.08,0,0,4,0,0
CH07009,가수+댄스+음악,800000,411490000,791,5040,50,0.69,2.38,15.0,0,364418.14,1583778.5,2842.54,115.38,2286252.25,0.4294,2.384,0.0612,15.0,0.0533,4,0.08,0,0,4,0,0
CH07010,가수+댄스+음악,800000,145510000,1286,1737,50,1.02,1.48,6.0,0,13164.64,15263.2,1431.48,31.52,4789.17,0.5975,1.448,0.0816,5.88,0.0,0,0.0,0,0,0,0,0
CH07011,레시피+요리+음식,800000,204710000,1633,4052,50,0.27,0.44,1.0,0,25500.76,20466.78,394.74,11.9,18773.58,0.7673,0.441,0.2653,1.0,0.04,3,0.06,0,0,3,0,0
CH07012,라이프+취미,800000,225690000,727,4314,50,12.55,27.14,171.0,4,17885.16,50953.75,391.4,19.68,23642.96,0.4397,2.163,0.0612,13.62,0.0,0,0.0,0,0,0,0,1
CH07013,BJ+연예인+인물,800000,1835080000,1966,1593,50,0.22,0.42,1.0,0,675184.42,587570.21,9825.7,292.36,473838.27,0.7854,0.417,0.2245,1.0,0.0,0,0.0,0,0,0,0,0
CH07014,반려동물+애완,800000,446990000,1108,2323,50,1.57,1.73,6.0,0,165870.84,154554.55,7347.56,229.76,232780.9,0.6843,1.098,0.102,3.82,0.02,1,0.02,1,0,0,0,0
CH07015,미용+패션,810000,75590000,174,3850,50,28.63,55.49,388.0,11,155599.4,570917.45,5714.31,155.94,164462.96,0.4641,1.938,0.0204,13.55,0.02,2,0.04,0,0,2,0,0
CH07016,스포츠+운동,810000,2061970000,14078,3683,50,0.0,0.0,0.0,0,95004.1,51675.42,1000.92,204.94,95004.1,1.0,0.0,0.0,0.0,0.0,0,0.0,0,0,0,0,0
CH07017,라이프+취미,810000,152420000,275,2204,50,7.59,5.6,42.0,1,153824.68,59018.59,3754.86,254.5,153824.68,0.7092,0.738,0.0204,5.53,0.0,0,0.0,0,0,0,0,0
CH07018,어린이+키즈,810000,605560000,951,5513,50,20.67,119.03,831.0,2,80413.68,95694.11,102.06,0.0,70247.59,0.3679,5.758,0.0204,40.2,0.0267,2,0.04,0,0,2,0,1
CH07020,IT+기술+컴퓨터,810000,571280000,2891,4752,50,1.9,1.61,7.0,0,182124.08,91399.36,2130.1,494.94,184298.82,0.7266,0.847,0.0816,3.69,0.0267,2,0.04,0,0,2,0,0
CH07022,미용+패션,810000,74870000,355,3549,50,9.16,8.76,44.0,3,39932.7,91285.91,373.5,23.55,20310.75,0.6858,0.956,0.0612,4.8,0.0133,2,0.04,0,0,2,0,0
CH07023,어린이+키즈,810000,1091390000,1720,5127,50,7.12,29.4,210.0,1,567440.54,2583575.87,2021.92,0.0,31627.89,0.3914,4.128,0.0204,29.48,0.0,0,0.0,0,0,0,0,0
CH07025,반려동물+애완,810000,299990000,726,5250,50,7.27,4.92,19.0,0,190083.96,144274.64,4854.32,202.34,130094.59,0.7613,0.678,0.1224,2.62,0.0333,2,0.04,0,1,1,0,0
CH07026,라이프+취미,810000,182780000,338,3342,50,11.94,9.32,32.0,3,122685.12,152671.32,2207.12,101.72,138266.67,0.7563,0.781,0.0816,2.68,0.0,0,0.0,0,0,0,0,0
CH07027,가수+댄스+음악,810000,33730000,50,3057,50,55.2,91.43,368.0,14,646632.44,2330355.52,58954.94,4640.3,1020137.69,0.5468,1.656,0.1224,6.67,0.0,0,0.0,0,0,0,0,1
CH07029,가수+댄스+음악,820000,408680000,445,5540,50,2.33,2.92,16.0,0,145770.34,515476.04,6399.56,475.88,143577.94,0.5863,1.257,0.0816,6.88,0.0,0,0.0,0,0,0,0,1
CH07030,게임,820000,846890000,1837,3218,50,0.31,0.65,2.0,0,282985.98,319160.66,3350.36,107.26,238751.11,0.7733,0.645,0.102,2.0,0.06,3,0.06,0,0,4,0,0
CH07031,BJ+연예인+인물,820000,973490000,766,2339,50,4.73,3.34,13.0,0,803817.7,1027763.4,8457.64,264.34,0.0,0.7627,0.705,0.102,2.75,0.0267,2,0.04,0,0,2,0,0
CH07032,라이프+취미,820000,80030000,710,390,50,0.14,0.4,2.0,0,21884.4,30602.8,1823.0,41.92,14949.44,0.8194,0.404,0.1224,2.0,0.0,0,0.0,0,0,0,0,0
CH07033,어린이+키즈,820000,1157580000,3184,3761,50,0.53,0.5,1.0,0,235283.84,277123.39,2961.76,71.9,37975.75,0.8335,0.499,0.0,1.0,0.0333,2,0.04,0,0,2,0,0
CH07034,레시피+요리+음식,820000,135580000,319,2513,50,5.06,4.17,20.0,0,317554.9,254043.24,4387.42,494.64,311150.83,0.7224,0.824,0.0816,3.95,0.04,2,0.04,0,0,2,0,0
CH07035,가수+댄스+음악,820000,255150000,890,849,50,0.39,0.78,4.0,0,53449.74,54443.08,4294.94,118.38,52004.33,0.7282,0.778,0.0816,4.0,0.0,0,0.0,0,0,0,0,0
CH07036,라이프+취미,820000,191140000,188,4055,50,49.98,195.05,1317.0,6,1512914.42,3070194.49,12272.02,874.1,1806849.67,0.3897,3.902,0.0408,26.35,0.0,0,0.0,0,0,0,0,1
CH07037,게임,820000,1928190000,3500,5303,50,1.71,0.83,4.0,0,278894.92,101886.38,4813.72,354.6,278894.92,0.7753,0.486,0.2041,2.33,0.0133,1,0.02,0,0,1,0,0
CH07038,레시피+요리+음식,820000,1044320000,2503,5192,50,0.0,0.0,0.0,0,170102.96,86062.81,2118.08,102.22,148222.52,1.0,0.0,0.0,0.0,0.0667,4,0.08,0,0,5,0,0
CH07039,게임,820000,436190000,2755,6063,50,3.24,2.08,9.0,0,93040.08,60473.02,1348.46,1234.56,93040.08,0.7499,0.64,0.1837,2.77,0.0533,3,0.06,0,0,3,0,0
CH07040,TV+방송,820000,1208100000,3167,3316,50,0.67,0.68,3.0,0,126247.02,69790.35,4546.44,451.38,126247.02,0.7728,0.682,0.0816,3.0,0.4467,32,0.64,0,0,34,0,0
CH07041,TV+방송,820000,485040000,681,4768,50,2.98,3.25,11.0,0,108952.12,125016.82,2265.0,87.96,129601.35,0.6827,1.09,0.1224,3.69,0.0733,4,0.08,0,0,5,0,0
CH07042,TV+방송,820000,731000000,3204,2331,50,0.04,0.2,1.0,0,28564.26,33165.33,404.96,36.62,34994.03,0.9052,0.198,0.0408,1.0,0.02,2,0.04,0,0,2,0,0
CH07043,TV+방송,820000,548010000,519,2047,50,2.24,2.65,15.0,0,105343.22,141009.59,2845.52,118.42,115324.04,0.5995,1.182,0.0816,6.68,0.0,0,0.0,0,0,0,0,1
CH07044,IT+기술+컴퓨터,820000,154990000,3563,5142,50,0.86,0.35,1.0,0,2189.76,1434.1,84.4,3.74,2189.76,0.8275,0.35,0.1429,1.0,0.0,0,0.0,0,0,0,0,0
CH07045,가수+댄스+음악,820000,447940000,290,6744,50,0.24,0.77,4.0,0,34652.32,80891.14,252.14,22.48,61304.94,0.7355,0.77,0.0612,4.0,0.0267,2,0.04,0,0,2,0,0
CH07046,TV+방송,820000,430840000,1570,3645,50,14.12,65.18,334.0,2,58594.62,135679.98,613.16,35.3,310725.88,0.3768,4.615,0.0408,23.65,0.0,0,0.0,0,0,0,0,0
CH07047,TV+방송,820000,362260000,571,1586,50,4.31,15.27,100.0,2,71601.8,204406.79,3491.6,172.06,118834.11,0.3978,3.545,0.0408,23.22,0.0067,1,0.02,0,0,1,0,0
CH07048,TV+방송,830000,300050000,221,7265,50,16.78,33.43,122.0,8,540182.52,1435479.9,8736.36,467.7,212459.05,0.5083,1.993,0.1224,7.27,0.0,0,0.0,0,0,0,0,0
CH07049,어린이+키즈,830000,770090000,594,2307,50,5.0,9.93,42.0,3,18313.78,10295.04,0.0,0.74,18071.81,0.4886,1.987,0.0816,8.4,0.0,0,0.0,0,0,0,0,0
CH07051,라이프+취미,830000,180430000,661,2800,50,0.9,0.97,3.0,0,67027.06,159454.19,559.1,41.5,60314.0,0.7288,0.974,0.0816,3.0,0.0867,5,0.1,0,0,6,0,0
CH07052,가수+댄스+음악,830000,423250000,384,4875,50,2.94,13.96,99.0,1,340428.8,868507.22,2883.88,54.24,46349.2,0.3808,4.752,0.0204,33.69,0.02,1,0.02,0,0,1,0,0
CH07054,BJ+연예인+인물,830000,162940000,402,1712,50,4.53,2.23,7.0,0,384193.22,232811.53,5148.12,634.82,384193.22,0.786,0.493,0.1633,1.55,0.1533,9,0.18,1,0,8,1,0
CH07057,라이프+취미,840000,735340000,714,2131,50,2.65,3.79,25.0,0,588588.48,248015.38,5790.6,1179.98,588588.48,0.5102,1.428,0.0408,9.42,0.0533,3,0.06,0,1,2,0,0
CH07058,게임,840000,811870000,4087,5295,50,3.57,4.42,25.0,0,42965.48,27224.44,938.52,95.4,48364.58,0.5846,1.238,0.0816,7.0,0.0,0,0.0,0,0,0,0,0
CH07060,TV+방송,840000,400690000,2981,3155,50,0.08,0.27,1.0,0,4407.5,6872.01,53.08,7.64,4938.09,0.868,0.274,0.0816,1.0,0.0133,1,0.02,0,0,1,0,0
CH07061,레시피+요리+음식,840000,140670000,543,2952,50,4.78,11.97,76.0,1,121107.36,284641.83,1137.7,45.76,37129.0,0.4242,2.506,0.0612,15.91,0.0,0,0.0,0,0,0,0,0
CH07062,반려동물+애완,840000,248490000,228,2474,50,26.39,52.17,329.0,9,1183701.04,3068150.18,16564.68,495.44,1695686.26,0.4496,1.977,0.0612,12.47,0.0,0,0.0,0,0,0,0,0
CH07063,BJ+연예인+인물,840000,515120000,774,3182,50,7.06,3.29,15.0,0,515694.5,221452.3,7409.74,463.38,523966.02,0.7676,0.466,0.2449,2.12,0.04,3,0.06,0,0,3,0,0
CH07064,어린이+키즈,840000,7370000,73,3442,50,2.04,1.78,6.0,0,130745.96,242756.62,465.3,0.0,130745.96,0.7301,0.874,0.1224,2.94,0.0,0,0.0,0,0,0,0,1
CH07065,BJ+연예인+인물,840000,137490000,650,2706,50,1.59,4.01,22.0,0,176142.78,365882.86,8819.62,329.54,358833.08,0.4236,2.522,0.0612,13.82,0.0,0,0.0,0,0,0,0,0
CH07066,레시피+요리+음식,840000,357080000,1609,5048,50,7.84,9.37,44.0,3,29488.3,32239.18,305.14,33.72,22435.94,0.6347,1.195,0.0612,5.61,0.0,0,0.0,0,0,0,0,0
CH07068,어린이+키즈,840000,412910000,237,4844,50,34.94,47.85,182.0,14,164951.56,210888.43,285.24,0.0,178611.22,0.6112,1.37,0.1224,5.21,0.0,0,0.0,0,0,0,0,0
CH07069,TV+방송,850000,334730000,953,3334,50,3.88,3.65,17.0,0,120110.8,134610.97,1315.88,285.22,120110.8,0.6996,0.942,0.0612,4.38,0.0,0,0.0,0,0,0,0,0
CH07072,라이프+취미,850000,193470000,146,2959,50,17.18,15.23,92.0,6,712486.84,1411835.74,16887.12,330.8,390929.28,0.6917,0.886,0.0204,5.35,0.0333,2,0.04,0,0,1,1,0
CH07073,라이프+취미,850000,299540000,858,3085,50,2.76,2.14,10.0,0,243481.28,228756.17,4423.18,235.46,277621.74,0.7265,0.778,0.1224,3.63,0.0,0,0.0,0,0,0,0,0
CH07074,게임,850000,925840000,2602,3086,50,0.55,0.5,1.0,0,375651.2,384724.81,3993.46,342.5,227147.31,0.8339,0.497,0.0,1.0,0.0267,2,0.04,0,0,2,0,0
CH07075,BJ+연예인+인물,850000,467110000,837,3527,50,1.43,2.14,14.0,0,82490.12,109291.63,532.2,55.04,80488.29,0.4999,1.497,0.0204,9.8,0.02,1,0.02,0,0,1,0,0
CH07076,라이프+취미,850000,188290000,876,2516,50,0.76,1.06,4.0,0,16107.58,40387.9,283.7,17.82,16107.58,0.6774,1.06,0.1224,4.0,0.04,2,0.04,0,0,2,0,0
CH07077,BJ+연예인+인물,850000,110570000,77,2441,50,37.33,114.34,654.0,5,331253.38,792439.97,21507.1,621.44,453510.64,0.3986,3.063,0.0816,17.52,0.0,0,0.0,0,0,0,0,1
CH07078,BJ+연예인+인물,850000,1727110000,2185,2172,50,0.59,0.81,4.0,0,360558.38,777376.53,3189.36,209.8,127450.52,0.7177,0.806,0.102,4.0,0.02,1,0.02,0,1,0,0,0
CH07080,레시피+요리+음식,860000,204780000,384,3984,50,23.88,40.56,275.0,13,145686.1,301774.09,2259.0,52.82,171177.23,0.4791,1.699,0.0204,11.52,0.0,0,0.0,0,0,0,0,0
CH07081,레시피+요리+음식,860000,259890000,197,2571,50,11.69,13.29,49.0,7,521799.88,473025.04,7225.56,1015.44,681229.45,0.6633,1.137,0.1224,4.19,0.0267,2,0.04,1,0,1,0,0
CH07082,게임,860000,1153300000,12604,4651,50,0.69,0.71,3.0,0,99335.7,92505.51,1253.46,98.66,79892.0,0.7625,0.706,0.102,3.0,0.1133,6,0.12,0,0,6,0,0
CH07085,TV+방송,860000,778440000,7437,4561,50,0.02,0.14,1.0,0,16005.68,23784.0,362.46,14.38,5870.95,0.9319,0.141,0.0204,1.0,0.0,0,0.0,0,0,0,0,0
CH07086,가수+댄스+음악,860000,346510000,1097,3167,50,0.67,0.93,3.0,0,108421.36,299743.11,1219.54,92.26,18405.47,0.7462,0.934,0.0408,3.0,0.0,0,0.0,0,0,0,0,0
CH07087,강의+교육,870000,208950000,949,2917,50,1.96,2.18,11.0,0,28013.58,37761.45,615.2,40.6,28013.58,0.6372,1.115,0.0816,5.61,0.0067,1,0.02,0,0,1,0,0
CH07088,가수+댄스+음악,870000,798920000,651,4205,50,4.02,3.31,13.0,0,36175.58,100230.82,369.06,37.46,14920.33,0.7492,0.823,0.0612,3.23,0.0,0,0.0,0,0,0,0,0
CH07089,IT+기술+컴퓨터,870000,99570000,1023,5054,50,2.47,2.64,10.0,0,152822.14,225410.45,234.62,56.44,188365.69,0.6932,1.07,0.0612,4.05,0.0267,2,0.04,0,0,2,0,0
CH07090,강의+교육,870000,313410000,505,2417,50,5.96,2.3,14.0,0,368496.28,490864.7,4851.28,462.32,368496.28,0.8116,0.386,0.1633,2.35,0.0733,5,0.1,0,0,5,0,0
CH07091,라이프+취미,870000,49430000,361,4206,50,7.76,2.77,14.0,0,73516.72,25726.23,3888.4,215.74,73516.72,0.8193,0.358,0.1633,1.81,0.0,0,0.0,0,0,0,0,0
CH07092,TV+방송,870000,666670000,6172,4596,50,0.49,1.3,7.0,0,87196.96,290921.03,1247.98,29.88,3858.75,0.5913,1.296,0.0408,7.0,0.0,0,0.0,0,0,0,0,0
CH07094,TV+방송,870000,1123210000,2780,2014,50,0.0,0.0,0.0,0,151789.28,413931.78,1083.18,83.4,223107.39,1.0,0.0,0.0,0.0,0.0267,2,0.04,0,0,2,0,0
CH07095,BJ+연예인+인물,870000,913100000,486,1569,50,2.78,1.71,8.0,0,301623.06,475599.11,3791.72,169.42,325573.75,0.7791,0.614,0.102,2.88,0.0267,2,0.04,0,0,2,0,0
CH07096,IT+기술+컴퓨터,880000,97610000,103,3710,50,37.98,70.73,450.0,16,406949.26,666055.83,11110.46,1501.44,453595.98,0.4624,1.862,0.0408,11.85,0.0267,2,0.04,0,0,2,0,1
CH07097,게임,880000,773170000,3854,4395,50,7.51,8.93,58.0,2,82210.58,57923.29,898.84,144.86,82863.9,0.5813,1.189,0.0408,7.72,0.0133,1,0.02,0,0,1,0,0
CH07098,게임,880000,527250000,638,1670,50,1.76,2.09,6.0,0,482825.32,677540.4,6308.94,707.48,468340.67,0.667,1.194,0.1633,3.42,0.0133,1,0.02,0,0,1,0,0
CH07100,라이프+취미,880000,338790000,255,6510,50,10.35,9.27,42.0,3,2235413.02,2265231.85,23465.74,2279.89,2235413.02,0.715,0.896,0.0612,4.06,0.0,0,0.0,0,0,0,0,1
CH07101,가수+댄스+음악,880000,256560000,220,3613,50,30.1,75.01,429.0,9,955105.98,2770868.56,24844.48,613.78,1364841.16,0.4248,2.492,0.0612,14.25,0.0,0,0.0,0,0,0,0,0
CH07102,BJ+연예인+인물,880000,402520000,1004,1986,50,0.57,1.44,5.0,0,113107.28,329852.28,1128.6,85.58,246560.94,0.6108,1.443,0.1224,5.0,0.02,1,0.02,0,0,1,0,1
CH07104,BJ+연예인+인물,880000,393800000,1438,2863,50,4.04,2.39,8.0,0,198920.06,117621.46,2904.58,256.36,213732.36,0.7652,0.591,0.1633,1.98,0.0133,1,0.02,0,0,1,0,0
CH07105,스포츠+운동,880000,412010000,1350,4701,50,2.71,3.31,13.0,0,90587.2,132892.59,921.8,93.1,107973.89,0.6557,1.221,0.0612,4.79,0.0133,1,0.02,0,0,1,0,0
CH07106,게임,880000,1001030000,3937,3999,50,0.41,0.6,3.0,0,94222.86,159931.74,943.3,120.22,58236.7,0.8057,0.603,0.0204,3.0,0.02,1,0.02,0,0,1,0,0
CH07107,게임,880000,2355710000,19516,4256,50,0.0,0.0,0.0,0,72289.02,49027.82,485.7,111.48,67795.02,1.0,0.0,0.0,0.0,0.0,0,0.0,0,0,0,0,0
CH07108,레시피+요리+음식,880000,206180000,565,3764,50,8.71,4.07,23.0,0,1728034.8,1781396.76,24858.34,2682.68,1728034.8,0.8103,0.467,0.102,2.64,0.0133,1,0.02,0,0,1,0,1
CH07109,TV+방송,880000,170660000,697,5636,50,5.59,3.99,19.0,0,46429.06,68772.4,2665.14,219.38,48134.89,0.756,0.713,0.0816,3.4,0.0,0,0.0,0,0,0,0,0
CH07111,BJ+연예인+인물,880000,1084390000,2325,2161,50,0.27,0.44,1.0,0,341858.54,301084.86,6080.64,382.14,321928.74,0.7673,0.441,0.2653,1.0,0.0867,5,0.1,0,0,5,0,0
CH07112,국내+여행+해외,890000,30930000,166,4627,50,19.14,34.28,171.0,10,24589.8,36248.84,1199.04,169.84,37046.23,0.4852,1.791,0.0816,8.93,0.0,0,0.0,0,0,0,0,1
CH07113,TV+방송,890000,588620000,1896,3756,50,0.22,0.42,1.0,0,105880.46,118053.87,1109.64,80.76,162907.2,0.7854,0.417,0.2245,1.0,0.0267,2,0.04,0,0,2,0,0
CH07114,어린이+키즈,890000,347630000,775,2479,50,6.37,26.23,188.0,1,18636.32,39039.82,38.38,0.0,18636.32,0.3915,4.12,0.0204,29.53,0.0067,1,0.02,0,0,1,0,1
CH07116,TV+방송,890000,1409600000,22390,4386,50,0.0,0.0,0.0,0,86311.14,188187.94,636.5,291.8,48092.94,1.0,0.0,0.0,0.0,0.02,1,0.02,0,0,1,0,0
CH07119,미용+패션,890000,255570000,404,4415,50,19.76,63.17,446.0,6,155419.66,501347.28,2653.7,121.8,214803.1,0.413,3.198,0.0204,22.58,0.14,8,0.16,0,0,8,0,0
CH07120,자동차,890000,285590000,1679,2725,50,0.31,0.58,2.0,0,80395.72,100489.59,1369.28,182.68,177828.6,0.7984,0.579,0.0612,2.0,0.06,4,0.08,0,0,3,1,0
CH07124,가수+댄스+음악,900000,282710000,283,1733,50,9.8,17.72,83.0,8,570335.32,2141229.0,10540.5,762.14,956106.5,0.4972,1.809,0.0816,8.47,0.0,0,0.0,0,0,0,0,0
CH07125,어린이+키즈,900000,1357660000,2823,3605,50,3.14,6.77,35.0,2,250321.66,522256.89,801.94,2.7,2908.5,0.4463,2.154,0.0408,11.14,0.0,0,0.0,0,0,0,0,0
CH07126,TV+방송,900000,745920000,2992,4079,50,0.22,0.71,3.0,0,130036.2,358909.62,846.76,436.42,141016.74,0.7683,0.708,0.0816,3.0,0.2133,10,0.2,1,3,9,1,0
CH07127,라이프+취미,900000,470920000,478,3764,50,22.63,35.61,183.0,10,229273.0,346425.06,3208.98,289.2,232582.55,0.5306,1.573,0.0612,8.09,0.0,0,0.0,0,0,0,0,1
CH07128,BJ+연예인+인물,900000,502520000,1228,2882,50,3.43,2.18,9.0,0,287482.28,676063.02,4217.1,337.16,190864.4,0.763,0.635,0.1429,2.62,0.02,1,0.02,1,0,0,0,0
CH07131,BJ+연예인+인물,900000,440100000,661,1369,50,2.1,2.82,12.0,0,222609.9,267825.52,3272.68,139.32,305288.33,0.6176,1.343,0.0612,5.71,0.0,0,0.0,0,0,0,0,0
CH07133,TV+방송,900000,475580000,744,2833,50,9.33,43.44,310.0,1,314263.94,221652.48,3625.46,217.84,314263.94,0.3823,4.657,0.0204,33.24,0.0733,4,0.08,0,0,4,0,1
CH07134,TV+방송,910000,330000,175,3494,50,8.78,43.58,305.0,2,4479.98,14110.2,85.56,2.0,6632.14,0.3777,4.966,0.0204,34.76,0.02,1,0.02,0,0,1,0,0
CH07135,미용+패션,910000,178440000,368,3638,50,4.41,9.16,47.0,2,43556.62,56020.07,519.66,131.28,68734.82,0.438,2.078,0.0816,10.66,0.0267,2,0.04,0,0,2,0,0
CH07136,레시피+요리+음식,910000,1487450000,6566,4098,50,0.02,0.14,1.0,0,46976.88,58832.84,158.96,6.28,16548.2,0.9319,0.141,0.0204,1.0,0.0,0,0.0,0,0,0,0,0
CH07138,가수+댄스+음악,910000,356740000,365,3753,50,2.0,1.11,6.0,0,4291466.22,15596840.62,24699.32,152.08,1938.0,0.7913,0.553,0.102,3.0,0.0,0,0.0,0,0,0,0,0
CH07139,가수+댄스+음악,910000,1536810000,256,1549,50,7.71,12.83,71.0,3,183053.18,286198.93,7489.82,388.14,239070.69,0.4922,1.663,0.0612,9.2,0.0,0,0.0,0,0,0,0,0
CH07141,반려동물+애완,920000,583030000,951,4509,50,0.61,0.63,2.0,0,575449.34,959348.57,2479.98,170.48,343964.45,0.7817,0.633,0.0816,2.0,0.0467,4,0.08,0,0,4,0,0
CH07142,라이프+취미,920000,549560000,1040,3388,50,3.12,8.82,64.0,1,50924.96,90983.72,236.14,0.0,50924.96,0.4246,2.825,0.0204,20.5,0.0,0,0.0,0,0,0,0,1
CH07145,BJ+연예인+인물,920000,475150000,573,2640,50,2.16,1.74,6.0,0,1083719.06,932689.02,12587.3,682.66,1092404.04,0.7402,0.805,0.1224,2.77,0.0333,2,0.04,0,0,2,0,0
CH07146,스포츠+운동,920000,979640000,2019,3287,50,0.73,0.8,3.0,0,307020.5,411865.52,2508.98,92.98,307020.5,0.7223,0.802,0.1837,3.0,0.24,17,0.34,0,0,18,0,0
CH07147,BJ+연예인+인물,920000,1052460000,760,1437,50,0.24,0.48,2.0,0,164888.24,234218.42,1957.74,91.96,163341.1,0.7716,0.475,0.2245,2.0,0.0267,2,0.04,0,0,2,0,0
CH07148,스포츠+운동,920000,368930000,1066,2594,50,1.08,4.26,30.0,1,197360.84,267295.4,2177.38,132.74,160964.96,0.3951,3.939,0.0204,27.74,0.0267,2,0.04,0,0,2,0,0
CH07149,만화+애니+영화,920000,835300000,1070,5835,50,0.0,0.0,0.0,0,544801.32,588086.64,6359.12,320.76,448534.0,1.0,0.0,0.0,0.0,0.0333,2,0.04,0,0,2,0,0
CH07150,레시피+요리+음식,920000,312650000,924,4931,50,2.47,3.6,16.0,0,88218.52,101852.64,2120.76,65.86,90248.76,0.5794,1.459,0.0816,6.48,0.0,0,0.0,0,0,0,0,0
CH07151,IT+기술+컴퓨터,920000,225070000,758,5142,50,2.14,1.93,7.0,0,171758.5,298946.87,2223.48,366.94,129093.76,0.7373,0.899,0.0612,3.27,0.12,7,0.14,0,0,8,0,0
CH07152,경제+부동산+주식,920000,257190000,690,1910,50,0.53,1.18,6.0,0,69888.74,170006.88,326.84,40.54,210719.08,0.6192,1.18,0.0816,6.0,0.0,0,0.0,0,0,0,0,0
CH07153,어린이+키즈,930000,1039910000,2112,3661,50,1.27,1.14,4.0,0,57032.84,63258.82,685.6,42.78,46503.0,0.6851,0.9,0.2449,3.16,0.0,0,0.0,0,0,0,0,0
CH07154,가수+댄스+음악,930000,140230000,656,5009,50,5.31,2.02,7.0,0,2488.84,853.36,116.08,7.92,2377.68,0.8375,0.381,0.0816,1.32,0.0,0,0.0,0,0,0,0,0
CH07155,BJ+연예인+인물,930000,507630000,876,4482,50,0.92,1.14,7.0,0,258015.5,242063.46,2800.02,37.48,134992.43,0.5949,1.14,0.0816,7.0,0.0,0,0.0,0,0,0,0,0
CH07156,스포츠+운동,930000,1423310000,1086,5280,50,3.18,2.26,7.0,0,2270422.6,2263825.3,15921.5,186.44,140203.75,0.7682,0.709,0.0816,2.2,0.02,1,0.02,0,1,0,0,0
CH07157,라이프+취미,930000,356120000,882,5923,50,1.86,1.28,5.0,0,138652.18,139375.84,1920.22,820.6,141459.43,0.7595,0.688,0.1224,2.69,0.0,0,0.0,0,0,0,0,0
CH07158,TV+방송,930000,872950000,4689,1588,50,0.02,0.14,1.0,0,67217.82,98200.32,589.04,62.92,73815.23,0.9319,0.141,0.0204,1.0,0.08,5,0.1,0,0,5,0,0
CH07159,게임,930000,2483290000,3132,4401,50,0.45,0.61,2.0,0,1301278.04,1188808.4,28033.4,1027.14,913736.37,0.7925,0.608,0.0612,2.0,0.0333,2,0.04,0,0,2,0,0
CH07161,TV+방송,930000,951820000,4210,3322,50,0.02,0.14,1.0,0,168845.84,315318.88,1705.06,510.14,238493.06,0.9319,0.141,0.0204,1.0,0.0267,2,0.04,1,0,1,0,0
CH07162,BJ+연예인+인물,930000,216230000,113,4147,50,17.55,26.72,177.0,5,1383751.32,1291725.87,29116.08,1803.9,1273601.0,0.486,1.522,0.0408,10.08,0.0133,1,0.02,0,0,1,0,0
CH07163,라이프+취미,930000,831380000,714,1958,50,1.27,1.78,6.0,0,857017.62,1158233.42,12099.5,273.92,470318.95,0.615,1.408,0.1429,4.74,0.0,0,0.0,0,0,0,0,0
CH07164,TV+방송,930000,453520000,627,3390,50,0.27,0.44,1.0,0,47491.74,59726.89,1046.88,60.82,43812.64,0.7673,0.441,0.2653,1.0,0.06,5,0.1,0,0,5,0,0
CH07165,가수+댄스+음악,930000,227870000,509,4381,50,4.78,20.12,140.0,1,7812.44,14207.38,219.06,3.56,31984.11,0.3898,4.214,0.0204,29.32,0.0,0,0.0,0,0,0,0,1
CH07166,어린이+키즈,930000,571340000,345,5169,50,16.67,25.97,118.0,9,1007.66,1190.25,7.82,0.0,1489.89,0.5606,1.558,0.0612,7.08,0.0,0,0.0,0,0,0,0,0
CH07168,게임,940000,359570000,697,4618,50,2.59,2.08,9.0,0,303388.94,190327.27,4050.68,1138.98,312238.04,0.7333,0.802,0.102,3.47,0.0667,5,0.1,1,0,3,1,0
CH07169,강의+교육,940000,130480000,423,3860,50,5.61,7.74,45.0,1,178043.88,139248.39,3297.02,148.8,178043.88,0.5484,1.379,0.0612,8.02,0.06,4,0.08,0,0,3,1,0
CH07170,라이프+취미,940000,524760000,774,1528,50,1.33,0.89,4.0,0,500658.82,509948.11,6886.24,301.84,509909.55,0.7805,0.671,0.0612,3.02,0.0133,1,0.02,0,0,1,0,0
CH07171,라이프+취미,940000,235850000,623,4504,50,8.96,10.44,69.0,1,248964.68,217261.66,5283.96,149.54,264441.95,0.5843,1.166,0.0408,7.7,0.0067,1,0.02,0,0,1,0,1
CH07172,BJ+연예인+인물,940000,1235610000,8159,4150,50,2.61,3.07,20.0,0,1050000.08,3239168.11,11181.06,579.88,629279.23,0.5907,1.175,0.0204,7.66,0.0933,7,0.14,0,0,7,0,0
CH07173,TV+방송,940000,549910000,1063,4185,50,0.98,1.56,10.0,0,1014393.06,3197824.54,4682.16,41.62,14001.25,0.4893,1.558,0.0204,10.0,0.0,0,0.0,0,0,0,0,0
CH07174,라이프+취미,940000,134990000,777,2744,50,3.43,3.05,12.0,0,80011.68,142067.19,1210.82,46.16,41829.06,0.7197,0.89,0.102,3.5,0.0,0,0.0,0,0,0,0,0
CH07175,레시피+요리+음식,940000,99910000,256,1973,50,4.37,2.16,7.0,0,72613.44,93805.91,1203.42,100.8,57038.29,0.8099,0.495,0.0816,1.6,0.02,1,0.02,0,0,1,0,0
CH07176,TV+방송,950000,543930000,1066,4088,50,4.57,1.99,10.0,0,257350.26,146781.22,2933.28,839.82,257350.26,0.8422,0.435,0.0204,2.19,0.0267,1,0.02,2,0,0,0,0
CH07178,BJ+연예인+인물,950000,64020000,409,4970,50,7.41,4.14,14.0,0,31250.5,19647.74,1111.52,61.68,32910.78,0.7594,0.56,0.2041,1.89,0.0,0,0.0,0,0,0,0,0
CH07179,어린이+키즈,950000,508260000,1146,3660,50,14.27,63.56,324.0,2,303480.78,880354.0,5255.56,13.82,79673.05,0.3794,4.455,0.0408,22.71,0.0,0,0.0,0,0,0,0,0
CH07180,경제+부동산+주식,950000,209220000,2331,4292,50,0.71,0.7,3.0,0,51969.56,44596.31,1193.98,108.64,64253.08,0.7758,0.7,0.0612,3.0,0.1333,7,0.14,0,0,8,0,0
CH07183,TV+방송,950000,432640000,808,3131,50,20.73,64.66,412.0,5,48033.18,142654.25,912.86,36.54,67216.87,0.403,3.119,0.0612,19.87,0.0333,2,0.04,0,0,2,0,0
CH07184,라이프+취미,950000,195250000,273,2062,50,5.65,3.07,20.0,0,325697.6,245403.14,6810.2,820.1,325697.6,0.7904,0.543,0.0612,3.54,0.0333,2,0.04,1,0,1,0,0
CH07185,반려동물+애완,950000,497060000,770,1085,50,1.35,1.88,7.0,0,416831.76,466341.13,10764.72,588.78,241324.39,0.6092,1.395,0.1224,5.2,0.0533,4,0.08,0,0,4,0,0
CH07186,BJ+연예인+인물,960000,453090000,1387,5052,50,2.29,5.99,36.0,1,12093.18,15526.51,131.28,7.7,8887.19,0.4137,2.619,0.0816,15.75,0.1133,7,0.14,0,0,7,0,1
CH07187,가수+댄스+음악,960000,202610000,4707,5655,50,0.33,0.82,5.0,0,1227.22,1595.31,27.84,0.52,605.75,0.7057,0.818,0.0408,5.0,0.0,0,0.0,0,0,0,0,0
CH07188,국내+여행+해외,960000,217480000,358,4905,50,5.47,11.92,83.0,1,317280.42,244029.85,5771.32,419.42,453289.87,0.4512,2.179,0.0204,15.18,0.0133,1,0.02,0,0,1,0,0
CH07189,레시피+요리+음식,960000,354030000,2714,3185,50,0.35,0.56,2.0,0,17322.44,15390.79,261.22,5.78,18211.53,0.8093,0.555,0.0408,2.0,0.04,2,0.04,0,0,2,0,0
CH07190,미용+패션,960000,116350000,352,3224,50,4.31,3.45,14.0,0,124219.56,96265.61,2257.66,108.02,119739.56,0.7336,0.802,0.1224,3.25,0.02,1,0.02,0,1,0,0,0
CH07191,만화+애니+영화,960000,164550000,217,3813,50,9.37,7.91,42.0,2,70545.28,98665.47,4018.94,73.0,86219.6,0.7103,0.845,0.0612,4.48,0.0,0,0.0,0,0,0,0,0
CH07192,경제+부동산+주식,960000,86820000,576,2427,50,4.71,3.1,15.0,0,411009.1,513962.95,8813.32,490.32,414542.28,0.7535,0.658,0.1429,3.18,0.0267,2,0.04,0,0,2,0,0
CH07193,게임,960000,731270000,2493,4001,50,1.02,1.15,4.0,0,252701.48,68501.01,1553.66,176.9,252701.48,0.6719,1.129,0.1224,3.92,0.0933,6,0.12,0,0,6,0,0
CH07194,TV+방송,960000,1330100000,3371,3426,50,0.94,2.45,14.0,0,59549.28,67390.83,1026.78,38.72,59549.28,0.4203,2.453,0.0816,14.0,0.0,0,0.0,0,0,0,0,1
CH07195,만화+애니+영화,960000,883550000,13551,5921,50,0.0,0.0,0.0,0,2528.9,2993.4,52.1,0.64,820.5,1.0,0.0,0.0,0.0,0.0933,2,0.04,5,0,0,0,0
CH07196,라이프+취미,960000,294850000,161,2494,50,14.59,9.74,37.0,4,2434005.66,3167761.91,53498.96,750.82,1240119.06,0.7753,0.668,0.0816,2.54,0.0,0,0.0,0,0,0,0,0
CH07198,어린이+키즈,970000,972300000,1606,2991,50,0.9,1.2,5.0,0,212246.12,487984.31,990.22,0.0,62637.5,0.6518,1.199,0.0612,5.0,0.0067,1,0.02,0,0,1,0,0
CH07199,라이프+취미,970000,159080000,287,3175,50,13.47,11.82,55.0,5,259635.5,53762.27,5189.84,659.64,259635.5,0.7108,0.878,0.0816,4.08,0.06,4,0.08,0,0,3,1,0
CH07200,TV+방송,970000,770610000,3422,3155,50,0.18,0.39,1.0,0,10167.92,23612.85,126.48,16.98,10360.16,0.8053,0.387,0.1837,1.0,0.1,5,0.1,1,0,5,0,0
CH07202,라이프+취미,970000,572010000,1598,5167,50,0.39,0.69,3.0,0,79325.9,86905.21,691.02,78.04,138849.28,0.7706,0.694,0.0816,3.0,0.0,0,0.0,0,0,0,0,0
CH07204,가수+댄스+음악,970000,626710000,602,5238,50,1.29,3.15,13.0,0,419711.72,685474.94,5729.28,172.56,453930.31,0.4266,2.449,0.0612,10.11,0.0,0,0.0,0,0,0,0,0
CH07205,TV+방송,970000,321660000,496,2834,50,0.14,0.76,5.0,0,1144833.72,4004426.95,32153.92,1508.38,2509934.18,0.7154,0.756,0.0408,5.0,0.0,0,0.0,0,0,0,0,1
CH07206,가수+댄스+음악,970000,380090000,114,2975,50,33.71,46.55,161.0,11,2691710.86,4459429.45,29637.82,1374.8,2691710.86,0.6226,1.381,0.1224,4.78,0.02,1,0.02,0,0,0,1,1
CH07207,TV+방송,970000,1573540000,852,2890,50,30.06,202.21,1431.0,1,1188665.84,846153.97,12885.2,3343.56,1124109.23,0.3586,6.727,0.0204,47.6,0.0,0,0.0,0,0,0,0,1
CH07210,레시피+요리+음식,980000,217200000,537,2243,50,2.92,1.66,6.0,0,40589.32,60400.71,511.36,21.02,40589.32,0.8123,0.57,0.0204,2.06,0.0133,1,0.02,0,0,1,0,0
CH07211,어린이+키즈,980000,426920000,749,2619,50,0.1,0.36,2.0,0,326508.76,169925.74,4197.86,113.54,27610.0,0.8421,0.364,0.0816,2.0,0.0,0,0.0,0,0,0,0,0
CH07212,BJ+연예인+인물,980000,296960000,156,3702,50,48.39,69.58,330.0,21,2257623.18,1423850.53,31418.86,6028.72,2144302.54,0.5715,1.438,0.0816,6.82,0.0333,2,0.04,0,0,2,0,0
CH07213,게임,980000,1957470000,6186,3490,50,0.0,0.0,0.0,0,223329.18,203816.8,1460.62,89.78,159507.08,1.0,0.0,0.0,0.0,0.0333,2,0.04,0,0,2,0,0
CH07214,어린이+키즈,980000,724380000,1854,4426,50,0.63,1.32,6.0,0,9791.3,10344.65,32.56,0.0,12216.19,0.5992,1.32,0.102,6.0,0.0,0,0.0,0,0,0,0,0
CH07216,가수+댄스+음악,980000,501220000,908,4461,50,0.8,0.7,2.0,0,607077.6,784010.27,4737.72,138.74,138739.0,0.7453,0.699,0.1633,2.0,0.0267,2,0.04,0,0,2,0,0
CH07217,어린이+키즈,980000,396690000,361,3155,50,32.45,144.33,1010.0,3,370722.54,2031607.19,1601.88,0.0,414221.49,0.3857,4.448,0.0204,31.13,0.0,0,0.0,0,0,0,0,1
CH07218,가수+댄스+음악,980000,180440000,171,2133,50,2.04,3.08,17.0,0,29680.9,25991.99,2526.3,207.2,19914.13,0.5226,1.508,0.0816,8.33,0.0,0,0.0,0,0,0,0,0
CH07219,강의+교육,980000,356300000,3071,7034,50,5.78,7.19,47.0,1,35425.6,34708.51,1234.86,262.16,36374.91,0.5575,1.246,0.0612,8.14,0.2667,13,0.26,1,1,15,0,0
CH07220,스포츠+운동,990000,1554080000,14236,3910,50,0.0,0.0,0.0,0,147909.7,168644.28,1086.66,155.56,203476.7,1.0,0.0,0.0,0.0,0.0,0,0.0,0,0,0,0,0
CH07221,TV+방송,990000,985100000,952,3225,50,3.0,2.32,8.0,0,1213697.14,1963411.23,12378.64,615.4,954592.86,0.7513,0.774,0.102,2.67,0.0,0,0.0,0,0,0,0,0
CH07223,BJ+연예인+인물,990000,203070000,161,2485,50,24.73,64.18,411.0,4,1249750.44,1449470.25,26071.36,3241.46,1091725.47,0.4268,2.595,0.0408,16.62,0.0133,1,0.02,0,0,1,0,1
CH07224,라이프+취미,990000,227640000,404,3233,50,13.0,14.16,73.0,4,140316.28,74573.91,10022.08,357.16,140316.28,0.6401,1.09,0.0816,5.62,0.0133,1,0.02,0,0,1,0,0
CH07225,게임,990000,1059640000,2585,4715,50,1.0,1.09,5.0,0,293514.5,199035.03,2399.82,129.92,194957.61,0.6517,1.088,0.102,5.0,0.0067,1,0.02,0,0,1,0,0
CH07226,만화+애니+영화,990000,577520000,560,3492,50,0.29,0.61,3.0,0,211307.0,658513.82,2041.18,46.08,186202.2,0.7991,0.606,0.0408,3.0,0.0933,7,0.14,0,0,7,0,0
CH07227,미용+패션,990000,254500000,1079,2880,50,2.06,1.27,5.0,0,172105.82,126654.39,2254.64,155.6,184783.4,0.7238,0.615,0.2857,2.43,0.0467,2,0.04,0,1,2,0,0
CH07228,어린이+키즈,990000,937420000,2206,3597,50,1.45,2.06,5.0,0,19225.86,49383.47,194.43,2.14,9519.76,0.6262,1.422,0.2245,3.45,0.0333,2,0.04,0,0,2,0,0
CH07229,TV+방송,990000,10250000,136,5525,50,48.61,81.48,337.0,15,5353.94,10118.75,3.74,0.0,5353.94,0.5378,1.676,0.1224,6.93,0.0,0,0.0,0,0,0,0,0
CH07230,가수+댄스+음악,990000,189060000,1392,3534,50,0.82,1.27,5.0,0,45605.22,110677.43,1541.66,170.98,60891.91,0.6261,1.273,0.1224,5.0,0.0,0,0.0,0,0,0,0,0
CH07231,가수+댄스+음악,990000,361810000,209,2416,50,8.2,20.99,126.0,5,109258.1,135323.14,2177.7,240.76,232320.62,0.416,2.558,0.0816,15.36,0.0,0,0.0,0,0,0,0,0
CH07232,어린이+키즈,990000,507280000,478,2945,50,19.67,48.28,313.0,6,9675.54,18212.3,77.88,0.0,7052.97,0.4264,2.454,0.0612,15.91,0.0,0,0.0,0,0,0,0,0
CH07234,만화+애니+영화,1000000,296610000,396,3423,50,6.39,6.27,26.0,0,339574.8,402254.01,2231.16,221.16,352111.25,0.6912,0.981,0.102,4.07,0.2,12,0.24,0,0,11,2,0
CH07235,게임,1000000,544240000,1315,3154,50,1.12,1.81,6.0,0,218536.3,161459.53,2208.46,161.24,120900.61,0.5751,1.616,0.1633,5.35,0.0,0,0.0,0,0,0,0,0
CH07236,라이프+취미,1000000,137370000,163,4968,50,34.27,157.71,1110.0,6,490414.24,865741.01,8027.56,1010.3,327869.4,0.3831,4.603,0.0204,32.39,0.0133,1,0.02,1,0,0,0,1
CH07237,어린이+키즈,1000000,681100000,3209,2882,50,2.0,2.78,17.0,0,9885.1,22613.27,61.96,2.28,9553.69,0.5396,1.392,0.0408,8.5,0.0,0,0.0,0,0,0,0,0
CH07239,TV+방송,1000000,639620000,2821,3953,50,0.39,0.53,2.0,0,4140.2,4241.06,306.4,22.52,4140.2,0.8212,0.527,0.0204,2.0,0.0,0,0.0,0,0,0,0,1
CH07241,미용+패션,1000000,107020000,188,2414,50,8.49,8.7,53.0,1,163120.3,144976.1,4492.22,175.22,166862.46,0.6359,1.025,0.0612,6.24,0.0133,1,0.02,0,0,1,0,0
CH07242,BJ+연예인+인물,1000000,983680000,2318,2873,50,0.82,1.39,5.0,0,85390.98,145143.51,726.32,25.86,85969.92,0.6271,1.395,0.0816,5.0,0.04,3,0.06,0,0,3,0,0
CH07243,경제+부동산+주식,1000000,183210000,2207,2866,50,1.57,0.88,4.0,0,44160.2,70588.47,843.52,87.16,47244.67,0.7531,0.56,0.2245,2.55,0.0133,1,0.02,0,0,1,0,0
