idx,channel_id,channel_title,video_id,video_title,published_at,duration_sec,is_shorts,view_count,like_count,comment_count
3550,UCzYCU_LVd2CCtxRusRwBh7A,很棒的生活,2dYyKekCZGk,신기한 영상 2020 다시 한번보기 힘든 놀라운 순간 ! 가장 흥미롭고 믿을 수없는 장면 모음! p44,2020-08-11T12:24:48Z,765.0,False,896447,3335.0,39.0
3550,UCzYCU_LVd2CCtxRusRwBh7A,很棒的生活,FAIw18EWyc4,신기한 영상 2020 다시 한번보기 힘든 놀라운 순간 ! 가장 흥미롭고 믿을 수없는 장면 모음! p73,2020-08-24T09:10:59Z,788.0,False,8692734,32518.0,252.0
3550,UCzYCU_LVd2CCtxRusRwBh7A,很棒的生活,mHxUIz9Cipw,신기한 영상 2020 다시 한번보기 힘든 놀라운 순간 ! 가장 흥미롭고 믿을 수없는 장면 모음! p93,2020-09-12T12:05:38Z,734.0,False,2324147,8468.0,265.0
3550,UCzYCU_LVd2CCtxRusRwBh7A,很棒的生活,kMYqg5r_gis,신기한 영상 2020 다시 한번보기 힘든 놀라운 순간 ! 가장 흥미롭고 믿을 수없는 장면 모음! p96,2020-09-14T09:15:15Z,746.0,False,1200697,4223.0,54.0
3550,UCzYCU_LVd2CCtxRusRwBh7A,很棒的生活,vRsTVhB_hPA,신기한 영상 2020 다시 한번보기 힘든 놀라운 순간 ! 가장 흥미롭고 믿을 수없는 장면 모음! p100,2020-09-16T10:29:04Z,763.0,False,533453,1867.0,22.0
3550,UCzYCU_LVd2CCtxRusRwBh7A,很棒的生活,Bd3xGhj-U8A,신기한 영상 2020 다시 한번보기 힘든 놀라운 순간 ! 가장 흥미롭고 믿을 수없는 장면 모음! p102,2020-09-17T08:58:34Z,755.0,False,2174111,7262.0,80.0
3550,UCzYCU_LVd2CCtxRusRwBh7A,很棒的生活,wUZ-3zXyWmA,신기한 영상 2020 다시 한번보기 힘든 놀라운 순간 ! 가장 흥미롭고 믿을 수없는 장면 모음! p107,2020-09-20T04:59:24Z,738.0,False,1367857,3712.0,62.0
3550,UCzYCU_LVd2CCtxRusRwBh7A,很棒的生活,g6xnmoYKbGM,신기한 영상 2020 다시 한번보기 힘든 놀라운 순간 ! 가장 흥미롭고 믿을 수없는 장면 모음! p111,2020-09-22T04:20:30Z,739.0,False,528594,2027.0,47.0
3550,UCzYCU_LVd2CCtxRusRwBh7A,很棒的生活,70dvY-CVZ7M,신기한 영상 2020 다시 한번보기 힘든 놀라운 순간 ! 가장 흥미롭고 믿을 수없는 장면 모음! p116,2020-09-24T05:12:50Z,745.0,False,904886,2627.0,24.0
3550,UCzYCU_LVd2CCtxRusRwBh7A,很棒的生活,sbtqalZGoL8,신기한 영상 2020 다시 한번보기 힘든 놀라운 순간 ! 가장 흥미롭고 믿을 수없는 장면 모음! p118,2020-09-25T10:11:50Z,750.0,False,2297523,5444.0,60.0
3550,UCzYCU_LVd2CCtxRusRwBh7A,很棒的生活,_vhgBSNyPHw,신기한 영상 2020 다시 한번보기 힘든 놀라운 순간 ! 가장 흥미롭고 믿을 수없는 장면 모음! p121,2020-09-26T13:06:22Z,729.0,False,644523,2050.0,39.0
3550,UCzYCU_LVd2CCtxRusRwBh7A,很棒的生活,i8UTQpjaO8Y,신기한 영상 2020 다시 한번보기 힘든 놀라운 순간 ! 가장 흥미롭고 믿을 수없는 장면 모음! p125,2020-09-28T11:57:58Z,740.0,False,7274847,21009.0,367.0
3550,UCzYCU_LVd2CCtxRusRwBh7A,很棒的生活,mkyffMpcmWQ,신기한 영상 2020 다시 한번보기 힘든 놀라운 순간 ! 가장 흥미롭고 믿을 수없는 장면 모음! p129,2020-09-30T12:10:49Z,753.0,False,1160702,2425.0,42.0
3550,UCzYCU_LVd2CCtxRusRwBh7A,很棒的生活,qjixG1BySxo,신기한 영상 2020 다시 한번보기 힘든 놀라운 순간 ! 가장 흥미롭고 믿을 수없는 장면 모음! p130,2020-10-01T08:40:53Z,736.0,False,591756,1298.0,27.0
3550,UCzYCU_LVd2CCtxRusRwBh7A,很棒的生活,BdPAjpN_3zI,신기한 영상 2020 다시 한번보기 힘든 놀라운 순간 ! 가장 흥미롭고 믿을 수없는 장면 모음! p131,2020-10-01T12:21:28Z,711.0,False,1213930,3009.0,59.0
3550,UCzYCU_LVd2CCtxRusRwBh7A,很棒的生活,v8AKVmCU5A4,신기한 영상 2020 다시 한번보기 힘든 놀라운 순간 ! 가장 흥미롭고 믿을 수없는 장면 모음! p133,2020-10-02T06:57:18Z,687.0,False,2611382,7537.0,191.0
3550,UCzYCU_LVd2CCtxRusRwBh7A,很棒的生活,YvLb2Fmw5KU,신기한 영상 2020 다시 한번보기 힘든 놀라운 순간 ! 가장 흥미롭고 믿을 수없는 장면 모음! p134,2020-10-02T10:45:25Z,756.0,False,580162,1377.0,22.0
3550,UCzYCU_LVd2CCtxRusRwBh7A,很棒的生活,nW50wIDTsZE,신기한 영상 2020 다시 한번보기 힘든 놀라운 순간 ! 가장 흥미롭고 믿을 수없는 장면 모음! p135,2020-10-03T05:32:05Z,735.0,False,1697687,4693.0,78.0
3550,UCzYCU_LVd2CCtxRusRwBh7A,很棒的生活,ALsZuoaoD3k,신기한 영상 2020 다시 한번보기 힘든 놀라운 순간 ! 가장 흥미롭고 믿을 수없는 장면 모음! p136,2020-10-03T10:07:18Z,770.0,False,744424,2138.0,28.0
3550,UCzYCU_LVd2CCtxRusRwBh7A,很棒的生活,ePp5MLdUj3I,신기한 영상 2020 다시 한번보기 힘든 놀라운 순간 ! 가장 흥미롭고 믿을 수없는 장면 모음! p138,2020-10-04T09:21:58Z,726.0,False,1662049,4577.0,128.0
3550,UCzYCU_LVd2CCtxRusRwBh7A,很棒的生活,LfoT6rodOpk,신기한 영상 2020 다시 한번보기 힘든 놀라운 순간 ! 가장 흥미롭고 믿을 수없는 장면 모음! p139,2020-10-05T04:39:02Z,720.0,False,613152,1345.0,19.0
3550,UCzYCU_LVd2CCtxRusRwBh7A,很棒的生活,i8Fx6jzxLog,신기한 영상 2020 다시 한번보기 힘든 놀라운 순간 ! 가장 흥미롭고 믿을 수없는 장면 모음! p141,2020-10-05T12:17:05Z,769.0,False,1767293,5046.0,117.0
3550,UCzYCU_LVd2CCtxRusRwBh7A,很棒的生活,bKbZc3dxacM,신기한 영상 2020 다시 한번보기 힘든 놀라운 순간 ! 가장 흥미롭고 믿을 수없는 장면 모음! p142,2020-10-06T05:01:27Z,700.0,False,179848,655.0,17.0
3550,UCzYCU_LVd2CCtxRusRwBh7A,很棒的生活,-et_fRwJo3w,신기한 영상 2020 다시 한번보기 힘든 놀라운 순간 ! 가장 흥미롭고 믿을 수없는 장면 모음! p143,2020-10-06T09:25:20Z,743.0,False,641570,1815.0,37.0
3550,UCzYCU_LVd2CCtxRusRwBh7A,很棒的生活,r8PJMK6MGAM,신기한 영상 2020 다시 한번보기 힘든 놀라운 순간 ! 가장 흥미롭고 믿을 수없는 장면 모음! p144,2020-10-06T13:02:40Z,759.0,False,316723,1289.0,29.0
3550,UCzYCU_LVd2CCtxRusRwBh7A,很棒的生活,wMRRaZ8JnrY,신기한 영상 2020 다시 한번보기 힘든 놀라운 순간 ! 가장 흥미롭고 믿을 수없는 장면 모음! p145,2020-10-07T04:44:02Z,777.0,False,798781,2432.0,58.0
3550,UCzYCU_LVd2CCtxRusRwBh7A,很棒的生活,1fbLaM9kMaI,신기한 영상 2020 다시 한번보기 힘든 놀라운 순간 ! 가장 흥미롭고 믿을 수없는 장면 모음! p144,2020-10-07T11:03:13Z,742.0,False,119748,480.0,14.0
3550,UCzYCU_LVd2CCtxRusRwBh7A,很棒的生活,9OP8VMBAYZA,신기한 영상 2020 다시 한번보기 힘든 놀라운 순간 ! 가장 흥미롭고 믿을 수없는 장면 모음! p145,2020-10-08T02:33:55Z,732.0,False,105847,521.0,16.0
3550,UCzYCU_LVd2CCtxRusRwBh7A,很棒的生活,jmFwMnL3fOU,신기한 영상 2020 다시 한번보기 힘든 놀라운 순간 ! 가장 흥미롭고 믿을 수없는 장면 모음! p148,2020-10-09T04:03:47Z,759.0,False,125518,661.0,11.0
3550,UCzYCU_LVd2CCtxRusRwBh7A,很棒的生活,zkTM5tbfnjo,신기한 영상 2020 다시 한번보기 힘든 놀라운 순간 ! 가장 흥미롭고 믿을 수없는 장면 모음! p149,2020-10-15T12:43:49Z,715.0,False,110640,696.0,22.0
3550,UCzYCU_LVd2CCtxRusRwBh7A,很棒的生活,YF0l_fnk9SI,신기한 영상 2020 다시 한번보기 힘든 놀라운 순간 ! 가장 흥미롭고 믿을 수없는 장면 모음! p150,2020-10-18T01:35:05Z,687.0,False,39998,466.0,15.0
3550,UCzYCU_LVd2CCtxRusRwBh7A,很棒的生活,EEUcrwqHqT8,신기한 영상 2020 다시 한번보기 힘든 놀라운 순간 ! 가장 흥미롭고 믿을 수없는 장면 모음! p152,2021-06-04T13:30:59Z,666.0,False,16345,136.0,2.0
3550,UCzYCU_LVd2CCtxRusRwBh7A,很棒的生活,CTaJ_B3fuws,신기한 영상 2020 다시 한번보기 힘든 놀라운 순간 ! 가장 흥미롭고 믿을 수없는 장면 모음! p153,2021-06-05T06:35:05Z,640.0,False,22158,174.0,4.0
3550,UCzYCU_LVd2CCtxRusRwBh7A,很棒的生活,7mhalcbhlWA,신기한 영상 2021 다시 한번보기 힘든 놀라운 순간 ! 가장 흥미롭고 믿을 수없는 장면 모음! p154,2021-06-06T07:46:46Z,608.0,False,8420,89.0,3.0
3550,UCzYCU_LVd2CCtxRusRwBh7A,很棒的生活,nl12KEu0xJw,신기한 영상 2021 다시 한번보기 힘든 놀라운 순간 ! 가장 흥미롭고 믿을 수없는 장면 모음! p155,2021-06-09T06:00:36Z,687.0,False,20157,176.0,4.0
3550,UCzYCU_LVd2CCtxRusRwBh7A,很棒的生活,twmcfdMnWOo,Fails Of The Week / Funny Moments / Like A Boss Compilation,2023-06-07T07:38:20Z,644.0,False,1274,742.0,1.0
3550,UCzYCU_LVd2CCtxRusRwBh7A,很棒的生活,H79ywWqdDM0,Fails Of The Week / Funny Moments / Like A Boss Compilation ep2,2023-06-08T14:33:58Z,609.0,False,2134,754.0,0.0
3550,UCzYCU_LVd2CCtxRusRwBh7A,很棒的生活,XT_HkLkOvA4,Fails Of The Week / Funny Moments / Like A Boss Compilation ep3,2023-06-12T16:25:34Z,723.0,False,3878,569.0,0.0
3551,UCjpCOkHkUwjCiX5DvA78Ltw,편의점 클라쓰e,7kDNe_8fIGI,"필로폰의 제조기지였던 한국, 한국은 과연 마약 청정국일까(오후)",2021-12-11T09:19:27Z,385.0,False,9153,174.0,10.0
3551,UCjpCOkHkUwjCiX5DvA78Ltw,편의점 클라쓰e,pSt0SvFqafg,게임이론이란 무엇인가(최정규),2021-12-12T01:00:10Z,416.0,False,40568,490.0,16.0
3551,UCjpCOkHkUwjCiX5DvA78Ltw,편의점 클라쓰e,MCUMK1aXfJA,"오늘날 부부갈등의 문제, 문제는 자신의 과거에 있다!(최광현)",2021-12-15T01:00:03Z,416.0,False,7008,137.0,2.0
3551,UCjpCOkHkUwjCiX5DvA78Ltw,편의점 클라쓰e,qhf6Hx0b3Vs,암을 정복하기 위한 인류의 노력(조광현),2021-12-16T00:30:09Z,1456.0,False,18262,435.0,14.0
3551,UCjpCOkHkUwjCiX5DvA78Ltw,편의점 클라쓰e,l8odLAJnk1U,아프가니스탄 전쟁과 정치 이슬람 운동(박현도),2021-12-18T01:00:10Z,424.0,False,7330,171.0,6.0
3551,UCjpCOkHkUwjCiX5DvA78Ltw,편의점 클라쓰e,5iTiBFUI-Og,"풀꽃 시인 나태주의 인생수업, 인생의 터닝포인트",2021-12-21T01:00:01Z,412.0,False,4475,163.0,8.0
3551,UCjpCOkHkUwjCiX5DvA78Ltw,편의점 클라쓰e,dHtJ7KOkqxk,채자영이 전하는 설득의 기술,2021-12-24T09:00:32Z,433.0,False,7542,167.0,6.0
3551,UCjpCOkHkUwjCiX5DvA78Ltw,편의점 클라쓰e,ajxmHWUTlxE,모차르트의 천재성과 미스터리한 죽음(송사비),2021-12-26T00:00:00Z,522.0,False,11720,234.0,6.0
3551,UCjpCOkHkUwjCiX5DvA78Ltw,편의점 클라쓰e,fHnFwv1z-rY,구글과 아마존은 왜 바이오산업에 올인하는가(조광현),2021-12-30T02:30:19Z,1477.0,False,32160,670.0,36.0
3551,UCjpCOkHkUwjCiX5DvA78Ltw,편의점 클라쓰e,VSMfhrJZClA,"사흘이 4일? 왜 요즘 아이들은 어휘력, 문해력이 떨어지는 것일까?(조병영)",2022-01-10T02:07:12Z,1087.0,False,69865,1215.0,331.0
3551,UCjpCOkHkUwjCiX5DvA78Ltw,편의점 클라쓰e,0A0LMAbWGkk,논점 흐린 비판을 하는 사람들의 특징(조병영),2022-01-18T10:30:00Z,870.0,False,28914,731.0,79.0
3551,UCjpCOkHkUwjCiX5DvA78Ltw,편의점 클라쓰e,35GN-j7Qp0k,역사상 최고의 천재문학가 '셰익스피어'(박용남),2022-01-27T02:30:02Z,877.0,False,25212,604.0,36.0
3551,UCjpCOkHkUwjCiX5DvA78Ltw,편의점 클라쓰e,238RbbZSlqI,회사다니기 싫다고 창업하면 안되는 이유(박정호),2022-02-06T12:00:01Z,869.0,False,28392,660.0,28.0
3551,UCjpCOkHkUwjCiX5DvA78Ltw,편의점 클라쓰e,EOwmnIEXgGU,"99%확률로 실패하는, 절대 하면 안되는 사업아이템 총망라(박정호)",2022-02-14T02:16:53Z,840.0,False,36807,726.0,25.0
3551,UCjpCOkHkUwjCiX5DvA78Ltw,편의점 클라쓰e,bBObEuVbjTo,"임진왜란, 조선이 일본을 이길 수 밖에 없었던 이유(임용한)",2022-02-25T05:00:21Z,914.0,False,391112,6295.0,497.0
3551,UCjpCOkHkUwjCiX5DvA78Ltw,편의점 클라쓰e,gkcXAj54dqo,"영원한 골프여제 '박세리', 그녀의 도전과 경험",2022-02-28T05:15:10Z,530.0,False,3986,94.0,2.0
3551,UCjpCOkHkUwjCiX5DvA78Ltw,편의점 클라쓰e,7yrXsiM6HUE,이순신장군은 어떻게 전쟁의 신으로 불리게 되었는가(임용한),2022-02-28T09:25:28Z,953.0,False,372362,5921.0,693.0
3551,UCjpCOkHkUwjCiX5DvA78Ltw,편의점 클라쓰e,2CWDGAYlphY,"올림픽의 역사와 정신 : 스포츠, 평화를 만들다(조현제)",2022-03-01T13:00:02Z,476.0,False,3101,43.0,6.0
3551,UCjpCOkHkUwjCiX5DvA78Ltw,편의점 클라쓰e,ardN5OlmkTs,운동이 뇌에 미치는 긍정적인 영향(유임주),2022-03-03T06:08:03Z,369.0,False,8771,227.0,34.0
3551,UCjpCOkHkUwjCiX5DvA78Ltw,편의점 클라쓰e,V1aVHDC8czc,스포츠를 통해 얻은 자신감으로 세상을 살아가다(한민수),2022-03-04T00:30:12Z,475.0,False,2330,55.0,1.0
3551,UCjpCOkHkUwjCiX5DvA78Ltw,편의점 클라쓰e,J-N2OgeJBW0,ESG와 스포츠는 어떻게 관련을 맺고 있을까(이종성),2022-03-05T01:00:08Z,406.0,False,5978,97.0,2.0
3551,UCjpCOkHkUwjCiX5DvA78Ltw,편의점 클라쓰e,jnyfrEE7mQQ,군자와 소인배의 결정적 차이(송혁기),2022-03-18T00:30:17Z,943.0,False,33870,772.0,42.0
3551,UCjpCOkHkUwjCiX5DvA78Ltw,편의점 클라쓰e,JAYKHW6hy8s,조선은 어떻게 전세계에서 가장 글을 잘쓰는 나라가 되었나(송혁기),2022-03-27T13:04:59Z,783.0,False,48042,1065.0,73.0
3551,UCjpCOkHkUwjCiX5DvA78Ltw,편의점 클라쓰e,LoHnEb7z-Pc,"블라인드 면접, 과연 공정한 제도일까(김세준)",2022-04-01T03:09:24Z,954.0,False,16147,333.0,44.0
3551,UCjpCOkHkUwjCiX5DvA78Ltw,편의점 클라쓰e,8SJ9sO3PYiE,사람의 판단은 믿을 수 없다. 이제 면접도 AI(김세준),2022-04-10T07:15:01Z,951.0,False,12888,291.0,24.0
3551,UCjpCOkHkUwjCiX5DvA78Ltw,편의점 클라쓰e,V8dkosLG38I,창작자는 어떻게 쉬어야 하는가(김풍),2022-04-17T14:26:45Z,1079.0,False,30645,883.0,51.0
3551,UCjpCOkHkUwjCiX5DvA78Ltw,편의점 클라쓰e,4mAtrbZCuOA,조조는 왜 유비나 손권보다 주목을 받게 되었을까(정원기),2022-04-28T03:35:07Z,1000.0,False,34953,655.0,70.0
3551,UCjpCOkHkUwjCiX5DvA78Ltw,편의점 클라쓰e,HlMMOlru_W8,"수학적 관점으로 바라본, 서양의 과학이 동양을 넘어선 이유(송용진)",2022-04-30T05:26:28Z,1046.0,False,88044,1593.0,112.0
3551,UCjpCOkHkUwjCiX5DvA78Ltw,편의점 클라쓰e,EtX6LR3YAvU,이슬람 문화는 왜 발전을 멈추었나(박현도),2022-05-16T00:45:00Z,1084.0,False,140766,2973.0,167.0
3551,UCjpCOkHkUwjCiX5DvA78Ltw,편의점 클라쓰e,ue0rqET-uQQ,왜 이슬람은 테러의 온상지로 지목받게 되었나(박현도),2022-05-22T11:30:09Z,1065.0,False,108241,2511.0,322.0
3551,UCjpCOkHkUwjCiX5DvA78Ltw,편의점 클라쓰e,EScpQKShscg,블랙홀 근처에서는 왜 시간이 느리게 흐를까?(이종필),2022-05-27T10:30:03Z,1009.0,False,59825,1100.0,79.0
3551,UCjpCOkHkUwjCiX5DvA78Ltw,편의점 클라쓰e,D3eKczhjYK0,판사의 판결은 정말 여론에 영향을 받을까?(도진기),2022-05-31T05:20:36Z,953.0,False,14987,401.0,59.0
3551,UCjpCOkHkUwjCiX5DvA78Ltw,편의점 클라쓰e,3qnqcNkbzBU,판사들의 심신미약 사용법(도진기),2022-06-09T04:00:02Z,1136.0,False,12463,363.0,103.0
3551,UCjpCOkHkUwjCiX5DvA78Ltw,편의점 클라쓰e,_Jat9TmVLLE,반드시 들어야할 성조숙증 자가진단(윤정선),2022-06-19T00:00:17Z,916.0,False,9448,224.0,14.0
3551,UCjpCOkHkUwjCiX5DvA78Ltw,편의점 클라쓰e,F6I4rFAthB4,"붕당 정치의 최대 희생양, '다산 정약용'이 꿈꾸던 조선(백민정)",2022-06-25T11:29:52Z,910.0,False,17047,460.0,47.0
3551,UCjpCOkHkUwjCiX5DvA78Ltw,편의점 클라쓰e,3idmboKIt-o,정치인에게 왜 높은 도덕성을 요구하는 것일까(백민정),2022-06-30T11:00:02Z,1110.0,False,9490,230.0,23.0
3551,UCjpCOkHkUwjCiX5DvA78Ltw,편의점 클라쓰e,Z0jvSFhm4dk,좀비들은 왜 갑자기 뛰기 시작했을까(정명섭),2022-07-11T02:30:13Z,1050.0,False,11577,291.0,15.0
3551,UCjpCOkHkUwjCiX5DvA78Ltw,편의점 클라쓰e,dtioKN9o6-E,가상화폐는 정말 화폐의 기능을 가지고 있을까(오태민),2022-07-18T06:54:04Z,1063.0,False,39654,1153.0,224.0
3551,UCjpCOkHkUwjCiX5DvA78Ltw,편의점 클라쓰e,B2bVj3CfOxY,"비트코인, 반드시 투자해야하나(오태민)",2022-07-25T07:00:05Z,1087.0,False,40616,1217.0,118.0
3551,UCjpCOkHkUwjCiX5DvA78Ltw,편의점 클라쓰e,fzGePlGLj3E,UFO는 과연 실재하는가(맹성렬),2022-07-31T11:30:09Z,917.0,False,18491,405.0,55.0
3551,UCjpCOkHkUwjCiX5DvA78Ltw,편의점 클라쓰e,bs3iUhSKfGQ,UFO는 왜 국가 안보에 위협이 되는걸까(맹성렬),2022-08-15T07:54:03Z,654.0,False,13474,286.0,46.0
3551,UCjpCOkHkUwjCiX5DvA78Ltw,편의점 클라쓰e,bbeId2wpcnM,친일파들은 어떻게 매국행위를 했는가(박시백),2022-08-15T08:00:27Z,1173.0,False,16997,499.0,76.0
3551,UCjpCOkHkUwjCiX5DvA78Ltw,편의점 클라쓰e,8Vl4lDFnSt0,일본의 침략 때문에 근대화가 되었나(박시백),2022-08-22T02:30:01Z,993.0,False,22273,613.0,409.0
3551,UCjpCOkHkUwjCiX5DvA78Ltw,편의점 클라쓰e,QREy-nnDJ-Q,러시아는 정말 핵전쟁을 일으킬까 : 지정학적 관점에서 본 러시아 대 우크라이나 전쟁(윤성학),2022-08-29T10:30:04Z,941.0,False,17731,443.0,90.0
3551,UCjpCOkHkUwjCiX5DvA78Ltw,편의점 클라쓰e,ThvAghLSun0,왜 러시아 사람들은 푸틴을 지지할까(일리야),2022-08-31T11:51:14Z,1123.0,False,173347,3062.0,328.0
3551,UCjpCOkHkUwjCiX5DvA78Ltw,편의점 클라쓰e,9fqlle2e3tQ,푸틴이 원하는 최종 목표는?(일리야),2022-09-05T11:30:03Z,896.0,False,85835,2359.0,275.0
3551,UCjpCOkHkUwjCiX5DvA78Ltw,편의점 클라쓰e,spcNuGWXbS8,"강대국이 되는 첫번째 조건, 지도력/地圖力(김이재)",2022-09-17T11:30:22Z,1007.0,False,12411,321.0,28.0
3551,UCjpCOkHkUwjCiX5DvA78Ltw,편의점 클라쓰e,NJJT4te8lIM,특전사는 전시에 어떤 임무를 하는가(전인범),2022-09-17T13:44:03Z,1155.0,False,155197,2259.0,231.0
3551,UCjpCOkHkUwjCiX5DvA78Ltw,편의점 클라쓰e,d8R0mErau98,점점 높아지는 핵전쟁 위기(전인범),2022-09-22T11:50:50Z,877.0,False,69438,1555.0,218.0
3551,UCjpCOkHkUwjCiX5DvA78Ltw,편의점 클라쓰e,V0_jkWAz6no,전 특전사령관에게 듣는 전작권 환수 문제(전인범),2022-09-23T09:25:35Z,920.0,False,97058,1943.0,396.0
3552,UCJfDSu2aV8gehh7f3ndclew,이게 최우선,kFB389IYZDk,오덕남의 패션 센스 #shorts,2025-07-29T08:00:49Z,54.0,True,8059,75.0,10.0
3552,UCJfDSu2aV8gehh7f3ndclew,이게 최우선,QgZ9qI3x_G0,악마 메이드카페 #shorts,2025-08-01T08:00:30Z,31.0,True,7050,34.0,2.0
3552,UCJfDSu2aV8gehh7f3ndclew,이게 최우선,VBaDaKsj6Sw,오랜만에 무대에 선 우선쿤 (만담 하이라이트 + 공연 비하인드),2025-08-04T08:00:35Z,811.0,False,5708,156.0,59.0
3552,UCJfDSu2aV8gehh7f3ndclew,이게 최우선,eTOQeLC33Wk,악마 카페에서 현타 작렬ㄷㄷㄷ #shorts,2025-08-05T08:25:35Z,60.0,True,5673,47.0,3.0
3552,UCJfDSu2aV8gehh7f3ndclew,이게 최우선,Xqvld5HdcA0,안만나줌 vs 알고리즘 #shorts,2025-08-07T08:00:43Z,7.0,True,37597,297.0,13.0
3552,UCJfDSu2aV8gehh7f3ndclew,이게 최우선,tK0wS197fcc,일본어 가능 오타쿠는 일본 미녀에게 통할까?! [아싸최우선],2025-08-10T08:01:04Z,885.0,False,10669,228.0,119.0
3552,UCJfDSu2aV8gehh7f3ndclew,이게 최우선,QRvdUQpG6VA,락댓바디 막차 #shorts,2025-08-12T08:00:27Z,10.0,True,7699,75.0,9.0
3552,UCJfDSu2aV8gehh7f3ndclew,이게 최우선,W7e9eTXeRK0,"엄마 코디 대신, 테무 옷 30만원어치 입어봤습니다",2025-08-17T05:00:25Z,481.0,False,3317,83.0,51.0
3552,UCJfDSu2aV8gehh7f3ndclew,이게 최우선,wUXE1cMbork,누가 더 설레나요? #shorts,2025-08-20T08:01:07Z,9.0,True,9377,68.0,17.0
3552,UCJfDSu2aV8gehh7f3ndclew,이게 최우선,OWSDubQIWjI,한일커플 꿈꾸는 한국 남자 #shorts,2025-08-21T08:00:35Z,49.0,True,7604,51.0,3.0
3552,UCJfDSu2aV8gehh7f3ndclew,이게 최우선,ctFHQRI3GLI,중국 유학생 여성팬과 데이트🥡feat.중식먹방 [아싸최우선],2025-08-24T05:00:45Z,888.0,False,6258,142.0,64.0
3552,UCJfDSu2aV8gehh7f3ndclew,이게 최우선,X3fFnMbjePw,나는 웹툰왕이 될거야! #shorts,2025-08-25T08:00:36Z,59.0,True,7502,80.0,8.0
3552,UCJfDSu2aV8gehh7f3ndclew,이게 최우선,hQduCscWnmM,부산에서 혼술로 맞는 생일🦀대게와 함께 독고다이,2025-09-01T08:00:47Z,515.0,False,4466,163.0,106.0
3552,UCJfDSu2aV8gehh7f3ndclew,이게 최우선,JL8LP11w_8Y,오타쿠 아닌 척 미술관 관람하듯 러브라이브! 전시회 가기,2025-09-21T05:00:31Z,511.0,False,2776,92.0,45.0
3552,UCJfDSu2aV8gehh7f3ndclew,이게 최우선,L2YuIBrVQA0,일본 가서도 결국 혼술... 외로운 아싸의 여행기,2025-10-12T05:00:30Z,546.0,False,4877,144.0,41.0
3552,UCJfDSu2aV8gehh7f3ndclew,이게 최우선,7H7obPtG-Zc,영포티 아싸와 20대 MZ녀의 리얼 연애 토크,2025-10-27T08:00:13Z,556.0,False,4555,95.0,45.0
3552,UCJfDSu2aV8gehh7f3ndclew,이게 최우선,Sf_WDyugBh8,"믿었던 매니저의 배신, 연락 두절 후 잠적하다...",2025-11-09T05:00:35Z,251.0,False,3746,112.0,37.0
3552,UCJfDSu2aV8gehh7f3ndclew,이게 최우선,ZgYMnrrKAUs,퇴사 통보 후... 복귀 조건까지 내민 만년 대리,2025-11-16T05:00:42Z,253.0,False,4138,109.0,38.0
3552,UCJfDSu2aV8gehh7f3ndclew,이게 최우선,Vte6SogVBFc,미용실 밖에선 절대 안 만나주는 미용사 썸녀,2025-11-23T05:00:42Z,895.0,False,22129,397.0,165.0
3552,UCJfDSu2aV8gehh7f3ndclew,이게 최우선,y48weRsfyM8,남초에 찌들어서 여자 공감대 제로인 나는SOLO 지원자,2025-11-30T05:01:26Z,399.0,False,6342,152.0,54.0
3552,UCJfDSu2aV8gehh7f3ndclew,이게 최우선,Q-Hs_qO4aZQ,도믿남인 줄 알았는데 알고 보니 길거리 헌팅이었다,2025-12-07T05:00:28Z,115.0,False,2843,106.0,24.0
3552,UCJfDSu2aV8gehh7f3ndclew,이게 최우선,BVTHzEAw1wE,"크리스마스 이브, 1주일만에 외출",2025-12-24T08:00:14Z,101.0,False,2712,83.0,41.0
3552,UCJfDSu2aV8gehh7f3ndclew,이게 최우선,aTLNUZBj0ig,OTT만 7개 구독 중인 집돌이의 2025년 최우선 추천작 (애니/영화/드라마),2025-12-31T08:00:06Z,1036.0,False,2598,75.0,37.0
3552,UCJfDSu2aV8gehh7f3ndclew,이게 최우선,vbxZp5JW2pc,2026년 새해 아침부터 우유🥛에 꿀떡🍡을 말아먹는 이유,2026-01-04T06:46:50Z,407.0,False,2862,102.0,62.0
3552,UCJfDSu2aV8gehh7f3ndclew,이게 최우선,8d6JvRECSu4,우리 둘의 관계 이제는 말씀드려야 할 것 같습니다.,2026-01-11T06:41:25Z,358.0,False,12291,276.0,108.0
3552,UCJfDSu2aV8gehh7f3ndclew,이게 최우선,b6BjGgSxzNg,여자라고 깔봤다가 맥심 모델에게 처발림,2026-01-18T05:00:43Z,511.0,False,12161,332.0,115.0
3552,UCJfDSu2aV8gehh7f3ndclew,이게 최우선,QEst6rCDS58,맥심 모델이 말아주는 1:1 실전 레슬링 #shorts,2026-01-21T08:00:27Z,42.0,True,3901,45.0,9.0
3552,UCJfDSu2aV8gehh7f3ndclew,이게 최우선,DXUTEeds32A,"우현vs우선, 레슨이 갑자기 레슬링으로 #shorts",2026-01-23T08:00:13Z,53.0,True,3448,52.0,7.0
3552,UCJfDSu2aV8gehh7f3ndclew,이게 최우선,LDOdf7cZl1g,삼촌조카? 갑을관계로 00년생 MZ에게 팔려갔습니다...,2026-01-26T08:00:23Z,744.0,False,7298,211.0,94.0
3552,UCJfDSu2aV8gehh7f3ndclew,이게 최우선,A1JZuI5Ifig,남자들의 마지막 마지노선 #shorts,2026-01-28T08:00:22Z,24.0,True,4607,49.0,4.0
3552,UCJfDSu2aV8gehh7f3ndclew,이게 최우선,uEEAhCmCwy8,띠동갑끼리 야자타임 대참사 #shorts,2026-01-30T08:01:07Z,49.0,True,4974,62.0,9.0
3552,UCJfDSu2aV8gehh7f3ndclew,이게 최우선,JKW2oEZfiek,커플 베이킹 몰래 예약한 여사친... 양복 입고 나만 설렜다,2026-02-01T05:00:22Z,914.0,False,5082,155.0,78.0
3552,UCJfDSu2aV8gehh7f3ndclew,이게 최우선,wvOoDDoH_MU,에겐남ㄴㄴ 에궁남ㅇㅇ #shorts,2026-02-04T08:01:12Z,43.0,True,3253,26.0,3.0
3552,UCJfDSu2aV8gehh7f3ndclew,이게 최우선,UVnyRQF6sQ8,에겐남ㄴㄴ 에궁남ㅇㅇ #shorts,2026-02-06T08:00:41Z,34.0,True,2657,20.0,3.0
3552,UCJfDSu2aV8gehh7f3ndclew,이게 최우선,Z3WjDoJpn4g,홍대 씹덕 장사의 실체... '오타쿠 호소인' 사장님 참교육하고 왔습니다,2026-02-08T06:23:34Z,534.0,False,41397,698.0,244.0
3552,UCJfDSu2aV8gehh7f3ndclew,이게 최우선,824ZLBXKOss,오타쿠 호소인 논란? #shorts,2026-02-11T08:00:19Z,44.0,True,8844,85.0,8.0
3552,UCJfDSu2aV8gehh7f3ndclew,이게 최우선,eCBCoDW7GdU,홍대 고인물 진상 #shorts,2026-02-13T08:00:48Z,47.0,True,4986,55.0,3.0
3552,UCJfDSu2aV8gehh7f3ndclew,이게 최우선,pXJuHS8jeLM,홍대 미대생이 그림 그리다 갑자기 붓을 던진 이유,2026-02-15T05:01:02Z,536.0,False,2360,88.0,20.0
3552,UCJfDSu2aV8gehh7f3ndclew,이게 최우선,zbSIW0NqMbA,일코에서 덕후로 변하는 과정 #shorts,2026-02-18T08:01:14Z,49.0,True,5102,67.0,10.0
3552,UCJfDSu2aV8gehh7f3ndclew,이게 최우선,sCc4UvpEJbo,원본이 문제인 초상화 #shorts,2026-02-20T08:01:09Z,36.0,True,3457,32.0,3.0
3552,UCJfDSu2aV8gehh7f3ndclew,이게 최우선,W5duvXX0jhY,[홈프로텍터 vlog] 3년 넘게 집에만 있지만 백수는 아닙니다,2026-02-22T08:35:24Z,374.0,False,4348,139.0,69.0
3552,UCJfDSu2aV8gehh7f3ndclew,이게 최우선,xhJgvDR9DgY,[홈프로텍터 vlog] 부모님 몰래 마시는 심야 혼술 생존법,2026-03-02T05:01:06Z,452.0,False,3270,109.0,34.0
3552,UCJfDSu2aV8gehh7f3ndclew,이게 최우선,h1aMO3MCtqM,[홈프로텍터 vlog] 주말에 집에만 있으면 안 되는 이유,2026-03-08T05:00:47Z,269.0,False,3242,104.0,37.0
3552,UCJfDSu2aV8gehh7f3ndclew,이게 최우선,7HW5gu3xjzo,[홈프로텍터 vlog] WBC 응원 핑계로 아침부터 스팸김치볶음밥,2026-03-15T05:00:13Z,359.0,False,1993,71.0,33.0
3552,UCJfDSu2aV8gehh7f3ndclew,이게 최우선,n6XpDhzwl_4,[홈프로텍터 vlog] 유행이라길래 먹어보려고 대낮에 나왔습니다,2026-03-22T05:00:48Z,324.0,False,3354,107.0,62.0
3552,UCJfDSu2aV8gehh7f3ndclew,이게 최우선,-fLHW6GfvCA,에미넴은 Fake라던 전설의 일본 래퍼를 만나다! (MC노리아키 내한),2026-03-29T05:21:40Z,326.0,False,4617,149.0,25.0
3552,UCJfDSu2aV8gehh7f3ndclew,이게 최우선,rCxQYDNJxu4,MC노리아키와 리아루 댄스 #shorts,2026-04-02T09:09:58Z,7.0,True,8259,57.0,6.0
3552,UCJfDSu2aV8gehh7f3ndclew,이게 최우선,axjgvimgaXA,오랜만에 여사친에게 머리 자르며 여러가지 근황 토크,2026-04-19T05:00:05Z,816.0,False,7272,164.0,55.0
3552,UCJfDSu2aV8gehh7f3ndclew,이게 최우선,5-mtXg6HraY,노빠꾸 소믈리에 #협찬 #shorts,2026-05-02T10:19:31Z,47.0,True,2600,26.0,8.0
3552,UCJfDSu2aV8gehh7f3ndclew,이게 최우선,tA3MtmFrFd0,인플루언서 팝업스토어... 반짝 장사의 숨겨진 진실을 다 까발리겠습니다!,2026-05-10T06:29:42Z,499.0,False,2999,89.0,25.0
3553,UCLrjR9vlX2lOmFxjYQKEj7A,인도네시아를 그리다,iiNlc6hZ9UQ,생각해 봐도 너무 비싼 자카르타의 아파트 월세. 가격이 미쳤는데요? ㄷㄷ;;,2025-09-12T10:52:09Z,1317.0,False,26704,1271.0,79.0
3553,UCLrjR9vlX2lOmFxjYQKEj7A,인도네시아를 그리다,bSpaq-bbGIo,"인도네시아 미식의 도시 반둥, 여자친구와 마지막 휴가를 보냈습니다.",2025-09-16T10:53:27Z,1349.0,False,27007,1408.0,75.0
3553,UCLrjR9vlX2lOmFxjYQKEj7A,인도네시아를 그리다,Npd7mtBuT9g,인도네시아에서 숙박 앱을 함부로 사용했다가 황당한 일을 겪었습니다ㄷㄷ;;;,2025-09-29T10:52:48Z,1352.0,False,17852,955.0,41.0
3553,UCLrjR9vlX2lOmFxjYQKEj7A,인도네시아를 그리다,b3ZFiIOf3R4,[길리 1편] 죽다 살아났습니다... 눈만 뜨면 거북이를 볼 수 있는 섬!,2025-10-14T09:12:02Z,1825.0,False,19364,1124.0,35.0
3553,UCLrjR9vlX2lOmFxjYQKEj7A,인도네시아를 그리다,1_VX0CW6KCw,외국인 전용 야시장 가격표...,2025-10-15T01:56:35Z,48.0,True,5030,72.0,1.0
3553,UCLrjR9vlX2lOmFxjYQKEj7A,인도네시아를 그리다,_YaP-taPvw0,[길리 2편] 여자친구의 꿈이 드디어 이뤄졌습니다!! 역대급 인도네시아 관광지 인정!!,2025-10-17T11:11:40Z,1859.0,False,16080,1067.0,35.0
3553,UCLrjR9vlX2lOmFxjYQKEj7A,인도네시아를 그리다,A2mFImFMfew,여자친구에게 ‘나 처음 봤을 때 어땠어?’라고 질문을 했더니 충격적인 답변 ㄷㄷ;;;;,2025-10-20T11:01:22Z,1110.0,False,53461,1906.0,83.0
3553,UCLrjR9vlX2lOmFxjYQKEj7A,인도네시아를 그리다,AD6UZJ8aVQQ,"은퇴 후 노후생활을 위해 모이는 발리의 한 지역, 발리에서 요즘 뜨고 있는 지역에 가봤습니다",2025-10-23T12:34:02Z,1329.0,False,15422,970.0,25.0
3553,UCLrjR9vlX2lOmFxjYQKEj7A,인도네시아를 그리다,6BIPa8FI85I,"(길리 섬 몰아보기) 천국 같은 작은 섬 길리 3박 4일 여행, 인도네시아 여자친구와 다녀왔습니다!!",2025-10-25T08:11:54Z,3688.0,False,8858,500.0,8.0
3553,UCLrjR9vlX2lOmFxjYQKEj7A,인도네시아를 그리다,Me8-rf4mGXM,"띠동갑 여자친구의 대단한 첫 도전, 취미로 빠져버리면 어쩌죠?!!",2025-10-29T06:00:31Z,1112.0,False,32237,1178.0,21.0
3553,UCLrjR9vlX2lOmFxjYQKEj7A,인도네시아를 그리다,byPxWxPSSLE,진짜 큰일 났습니다. 띠동갑 여친이 취미로 빠져버렸습니다...,2025-10-31T05:00:45Z,1276.0,False,18326,1063.0,45.0
3553,UCLrjR9vlX2lOmFxjYQKEj7A,인도네시아를 그리다,9tQudK6_E5A,띠동갑 여친에게 교복입고 할로윈 파티에 가자고 했더니 변태취급 당했습니다 ㄷㄷ;;,2025-11-03T09:58:00Z,1548.0,False,18657,1021.0,36.0
3553,UCLrjR9vlX2lOmFxjYQKEj7A,인도네시아를 그리다,ZDkwmgWfe4I,대기업 다니고 있는 여동생에게 인도네시아 여성들은 언제쯤 결혼하냐고 물어봤습니다,2025-11-08T08:58:40Z,864.0,False,28502,1219.0,14.0
3553,UCLrjR9vlX2lOmFxjYQKEj7A,인도네시아를 그리다,yzpylxdbZ8o,한국에서 가족들이 방문했습니다,2025-11-15T09:10:34Z,1173.0,False,31981,1590.0,45.0
3553,UCLrjR9vlX2lOmFxjYQKEj7A,인도네시아를 그리다,fxMwnU89Rvs,띠동갑 여친에게 할로윈 파티에 교복 입고 가자고 했을 뿐인데....,2025-11-16T05:45:25Z,83.0,False,16215,344.0,15.0
3553,UCLrjR9vlX2lOmFxjYQKEj7A,인도네시아를 그리다,8sR3gN3aoPA,예고 없이 여자친구 어머님이 발리에 찾아오셨습니다.,2025-11-18T10:35:24Z,1334.0,False,45687,2001.0,55.0
3553,UCLrjR9vlX2lOmFxjYQKEj7A,인도네시아를 그리다,i4zXsjheoCE,띠동갑 여친과 단둘이 온천에 가면 생기는 일,2025-11-19T05:00:18Z,66.0,False,127200,578.0,7.0
3553,UCLrjR9vlX2lOmFxjYQKEj7A,인도네시아를 그리다,dc51BJBcyFA,대한민국 횡단보도를 처음 건너보는 외국인 ㅋㅋㅋ,2025-11-20T06:32:03Z,98.0,False,62422,823.0,8.0
3553,UCLrjR9vlX2lOmFxjYQKEj7A,인도네시아를 그리다,8pT5apU2BNM,띠동갑 여자친구의 미친 변화가 왔습니다 ㄷㄷ;;;,2025-11-21T09:52:36Z,1554.0,False,41778,1750.0,54.0
3553,UCLrjR9vlX2lOmFxjYQKEj7A,인도네시아를 그리다,sGzRjvsUfU4,한국에 도착해서 바로 먹은 한국 음식은???,2025-11-22T09:35:06Z,119.0,False,35131,806.0,21.0
3553,UCLrjR9vlX2lOmFxjYQKEj7A,인도네시아를 그리다,mDMJ3K2-2-g,외국인 여자친구가 3개의 증명서로 깜짝 서프라이즈를 해줬습니다.,2025-11-30T08:20:06Z,1204.0,False,45009,1780.0,41.0
3553,UCLrjR9vlX2lOmFxjYQKEj7A,인도네시아를 그리다,-6nu1p_zi6k,관광객이 많은 명동에서 오빠가 가장 잘생겼다는 외국인 여친,2025-12-01T09:04:04Z,115.0,False,10924,374.0,11.0
3553,UCLrjR9vlX2lOmFxjYQKEj7A,인도네시아를 그리다,qrxA08cYn74,외국인 여친과 김치전 만들다 생긴 일 ㅋㅋㅋ,2025-12-02T01:01:22Z,79.0,False,23233,571.0,18.0
3553,UCLrjR9vlX2lOmFxjYQKEj7A,인도네시아를 그리다,pY-m5HYMUCE,띠동갑 여친이 집에서 살 빼는 방법 ㅋㅋㅋ #집에서하는운동,2025-12-02T08:08:08Z,59.0,True,19068,426.0,14.0
3553,UCLrjR9vlX2lOmFxjYQKEj7A,인도네시아를 그리다,qzXo1TnJbSc,외국인 여자친구에게 한국 요리 시켰다가 생긴 일 ㄷㄷㄷ,2025-12-03T10:46:41Z,1153.0,False,13470,933.0,28.0
3553,UCLrjR9vlX2lOmFxjYQKEj7A,인도네시아를 그리다,-Q_107SnSTY,한국에서 첫 국밥에 한 그릇 뚝딱해버리는 외국인 여자친구 ㅋㅋㅋ,2025-12-05T10:28:38Z,78.0,False,25701,686.0,16.0
3553,UCLrjR9vlX2lOmFxjYQKEj7A,인도네시아를 그리다,mQHI0_dWuTw,여자친구가 한국에 가자고 계속 애교를 부리는데... 어쩌면 좋죠...???,2025-12-06T05:48:20Z,1302.0,False,19852,1209.0,38.0
3553,UCLrjR9vlX2lOmFxjYQKEj7A,인도네시아를 그리다,RgoELt2R01E,부산 사투리 듣고 깜짝 놀란 외국인 여자친구,2025-12-08T08:23:39Z,110.0,False,18817,412.0,26.0
3553,UCLrjR9vlX2lOmFxjYQKEj7A,인도네시아를 그리다,cbIllKvgzQI,1년 전 여자친구와 같이 시작했던 사업이 망한거 같습니다...,2025-12-10T09:48:45Z,1015.0,False,19322,1205.0,29.0
3553,UCLrjR9vlX2lOmFxjYQKEj7A,인도네시아를 그리다,O6OT4W1aHlQ,거절하기 힘든 여자친구의 미친 애교 ㄷㄷㄷ;;;,2025-12-13T07:57:56Z,84.0,False,24620,632.0,20.0
3553,UCLrjR9vlX2lOmFxjYQKEj7A,인도네시아를 그리다,okeUkSMq12U,"여자친구가 먹고 싶다던 한국음식 만들어주기, 고추 싫다고 징징대는 여자 ㅋㅋㅋ",2025-12-15T06:33:48Z,1061.0,False,11499,778.0,39.0
3553,UCLrjR9vlX2lOmFxjYQKEj7A,인도네시아를 그리다,hb07FxIKoIE,"엄청나게 오른 물가, 밖에서 밥 한끼 사먹기도 무섭습니다 ㄷㄷ",2025-12-19T11:17:28Z,1237.0,False,11465,725.0,32.0
3553,UCLrjR9vlX2lOmFxjYQKEj7A,인도네시아를 그리다,adWTqcE26sw,"한국인 남자친구를 감동시킨 인도네시아 여자친구, 여자친구가 깜짝 서프라이즈를 해줬습니다.",2025-12-22T09:21:32Z,1238.0,False,13457,878.0,26.0
3553,UCLrjR9vlX2lOmFxjYQKEj7A,인도네시아를 그리다,Gfvd9hItiXc,매년 책상 아래로 들어가는 문화? 책상 아래를 왜 내려가는 걸까요 ㅋㅋㅋ,2026-01-02T09:38:48Z,816.0,False,13436,891.0,39.0
3553,UCLrjR9vlX2lOmFxjYQKEj7A,인도네시아를 그리다,66hVfdqmb80,"5년 만난 여친에게 성인 용품을 선물했더니, 반응이 미쳤습니다 ㅋㅋㅋ",2026-01-06T09:03:08Z,1332.0,False,409114,5212.0,182.0
3553,UCLrjR9vlX2lOmFxjYQKEj7A,인도네시아를 그리다,1AKcsa67IKg,형사 처벌이 무서워 여자친구와 동거를 못하게 되었습니다? ㄷㄷ;;;,2026-01-09T08:30:01Z,1289.0,False,65752,2126.0,112.0
3553,UCLrjR9vlX2lOmFxjYQKEj7A,인도네시아를 그리다,wzRM-vKA89s,띠동갑 여친과 온천 데이트가 진짜 위험한 이유 ㄷㄷ;;; (수위 주의),2026-01-12T09:12:16Z,1686.0,False,69781,2119.0,66.0
3553,UCLrjR9vlX2lOmFxjYQKEj7A,인도네시아를 그리다,c3D2L0ekI0o,화끈한 장소에서 MAX로 유혹했더니 여자친구가 충격먹었습니다 ㅋㅋㅋ,2026-01-16T11:14:34Z,1390.0,False,121327,2261.0,66.0
3553,UCLrjR9vlX2lOmFxjYQKEj7A,인도네시아를 그리다,KoMzWClw_Gk,띠동갑 여친에게 역대급 첫 몰카에 도전했다가 헤어질뻔했습니다 ㄷㄷ;;;;,2026-01-20T11:27:02Z,1200.0,False,92217,2390.0,178.0
3553,UCLrjR9vlX2lOmFxjYQKEj7A,인도네시아를 그리다,8NAs0vZGeL8,한국인 남친의 취향? 여친이 메이드 복장을 입고 등장했습니다 ㄷㄷ;;;,2026-01-28T05:51:15Z,1507.0,False,50679,1387.0,61.0
3553,UCLrjR9vlX2lOmFxjYQKEj7A,인도네시아를 그리다,GUDdJ4Iqb-c,1500평 공장을 운영하는 진짜 상류층 친구가 방문했습니다 ㄷㄷ;;;,2026-02-24T06:41:31Z,1642.0,False,32062,1276.0,37.0
3553,UCLrjR9vlX2lOmFxjYQKEj7A,인도네시아를 그리다,fbSg2tOiK1E,"여자친구가 사준 물건을 몰래 팔면 생기는일, 이젠 쇼핑하는 것도 무섭네요 ㄷㄷ;;;",2026-03-03T08:21:03Z,1458.0,False,13528,932.0,25.0
3553,UCLrjR9vlX2lOmFxjYQKEj7A,인도네시아를 그리다,JJmhXr1lMQE,온천에 가면 급변하는 띠동갑 여친 ㄷㄷ;;;;,2026-03-04T05:31:06Z,64.0,False,17487,275.0,6.0
3553,UCLrjR9vlX2lOmFxjYQKEj7A,인도네시아를 그리다,evdVvLN1bGw,"5년 만난 띠동갑 여친의 진짜 속마음을 물었더니, 띠동갑 여친의 충격 발언 ㄷㄷ;;;",2026-03-06T09:23:32Z,910.0,False,37490,1604.0,92.0
3553,UCLrjR9vlX2lOmFxjYQKEj7A,인도네시아를 그리다,xy4dxo2_N58,과연 한국에 갈 수 있을까요?? 띠동갑 여친과 한국행 항공권을 걸고 내기를 했습니다 ㅋㅋ,2026-03-11T09:02:47Z,1165.0,False,21387,1136.0,38.0
3553,UCLrjR9vlX2lOmFxjYQKEj7A,인도네시아를 그리다,SkCO-kgN1rA,인도네시아 여친이 충격받았다는 한국 문화 6가지 ㄷㄷ;;; 솔직한 이야기.......,2026-03-14T11:14:41Z,1256.0,False,28636,1318.0,46.0
3553,UCLrjR9vlX2lOmFxjYQKEj7A,인도네시아를 그리다,Ey-0UpiRWXw,"한국과 인도네시아 커플이 쉽게 헤어지는 이유, 그리고 결혼이 쉽지 않은 이유..",2026-03-18T10:38:33Z,1268.0,False,62579,1823.0,82.0
3553,UCLrjR9vlX2lOmFxjYQKEj7A,인도네시아를 그리다,l6IJAf8E2Ro,공항 폐쇄에 집에서 나가면 경찰한테 잡힌다고?? 여자친구와 24시간 동안 집에만 갇혀있게 되었습니다...,2026-03-23T11:45:17Z,1305.0,False,38196,1383.0,41.0
3553,UCLrjR9vlX2lOmFxjYQKEj7A,인도네시아를 그리다,be-rDefVRZE,큰일 났습니다... 점점 심해지는 남친의 M자를 보고 놀려대는 띠동갑 여친을 어쩌할까요 ㅋㅋㅋ,2026-03-30T07:45:01Z,1677.0,False,21103,1074.0,50.0
3553,UCLrjR9vlX2lOmFxjYQKEj7A,인도네시아를 그리다,2MTPUmC26XM,"임신전 결혼을 못한다는 발리 소녀, 1년 만에 만난 발리 소녀의 근황!",2026-04-03T10:24:10Z,1252.0,False,27324,1041.0,28.0
3554,UC4i1qf8CUH93DLSbD9efqig,어서와 한국은 처음이지,rW01aCu70v0,비바람에도 BTS는 못 참지! #어서와한국은처음이지 #외국인,2026-05-11T03:10:00Z,180.0,False,7841,58.0,1.0
3554,UC4i1qf8CUH93DLSbD9efqig,어서와 한국은 처음이지,ZrsO_C9rmjg,[하이라이트] 왁자지껄 4남매 데리고 서울에서 강릉까지! 비가 와도 행복해😚 조회수 TOP3♥ | #어서와한국은처음이지 | EP.427,2026-05-11T08:00:37Z,1477.0,False,8351,128.0,5.0
3554,UC4i1qf8CUH93DLSbD9efqig,어서와 한국은 처음이지,WUeMTBG8e9A,브라질 친구들 한국에서의 첫 끼! 바삭꼬숩 녹두전+평양식 한상 차림 홀릭~! 😤 | #어서와한국은처음이지 | EP.318,2026-05-12T02:00:19Z,1133.0,False,8412,81.0,6.0
3554,UC4i1qf8CUH93DLSbD9efqig,어서와 한국은 처음이지,jgHr1XcvaSk,생소한 비주얼 녹두전 외국인들 반응은?! #어서와한국은처음이지 #먹방,2026-05-12T03:00:45Z,88.0,False,19149,80.0,3.0
3554,UC4i1qf8CUH93DLSbD9efqig,어서와 한국은 처음이지,UB8TAABGL7Y,아니 이 맛은...!!! 👀💥 야들야들 술술 넘어가는 석갈비 먹고 접신한 체코인!! | #어서와한국은처음이지 | EP.472,2026-05-12T08:00:24Z,733.0,False,16690,142.0,2.0
3554,UC4i1qf8CUH93DLSbD9efqig,어서와 한국은 처음이지,aNpOOe4wtTM,맥주 부심 가득 체코인의 K-맥주 평가?! #어서와한국은처음이지 #먹방,2026-05-12T09:00:04Z,79.0,False,22600,91.0,6.0
3554,UC4i1qf8CUH93DLSbD9efqig,어서와 한국은 처음이지,OXbZ7o42Ig0,김치 사랑하는 외국인의 김치전 만들기! 과연 그 결과는? | #어서와한국은처음이지 | EP.139,2026-05-13T02:00:18Z,588.0,False,2117,25.0,1.0
3554,UC4i1qf8CUH93DLSbD9efqig,어서와 한국은 처음이지,xeG-dekFQp8,김치전 뒤집고 말 많아진 외국인 #어서와한국은처음이지 #요리 #먹방,2026-05-13T03:00:53Z,100.0,False,14121,116.0,5.0
3554,UC4i1qf8CUH93DLSbD9efqig,어서와 한국은 처음이지,M0q21enYArU,(3시간) 그리운 팀 로우~~🥺 5월 가정의 달 특집 데이비드 가족 ♥ 팀 로우 모음집!♥ | #어서와한국은처음이지 | EP.145 외,2026-05-13T08:00:31Z,11685.0,False,5276,124.0,18.0
3554,UC4i1qf8CUH93DLSbD9efqig,어서와 한국은 처음이지,qkTo2ynX3Tc,원쌈 원바이트 오케이?#어서와한국은처음이지 #외국인,2026-05-13T09:01:08Z,167.0,False,16303,172.0,13.0
3554,UC4i1qf8CUH93DLSbD9efqig,어서와 한국은 처음이지,wwNjqrYokQE,미군 아빠의 침착한 훈육법 #어서와한국은처음이지 #외국인,2026-05-13T09:01:22Z,171.0,False,19406,528.0,8.0
3554,UC4i1qf8CUH93DLSbD9efqig,어서와 한국은 처음이지,D5FLcu7-xFE,역대급 안타까운 비빔밥 먹방 #어서와한국은처음이지 #외국인,2026-05-13T09:02:00Z,116.0,False,29463,197.0,9.0
3554,UC4i1qf8CUH93DLSbD9efqig,어서와 한국은 처음이지,xELBPzM_JqU,뱀 같은 비주얼의 밥도둑 반찬? #어서와한국은처음이지 #외국인,2026-05-13T09:03:00Z,154.0,False,78946,443.0,14.0
3554,UC4i1qf8CUH93DLSbD9efqig,어서와 한국은 처음이지,2efN3CWRTU0,혼자 등산 할래요 철푸덕 #어서와한국은처음이지 #외국인,2026-05-13T09:04:00Z,152.0,False,9416,38.0,2.0
3554,UC4i1qf8CUH93DLSbD9efqig,어서와 한국은 처음이지,lxymLXSMRQ4,첫 심부름 성공! 그리고 엄마의 눈물 #어서와한국은처음이지 #외국인,2026-05-13T09:05:00Z,165.0,False,12459,158.0,5.0
3554,UC4i1qf8CUH93DLSbD9efqig,어서와 한국은 처음이지,99Sb_1Hje0k,한국어로 첫 전화 주문 도전! #어서와한국은처음이지 #외국인,2026-05-13T09:06:00Z,178.0,False,22700,211.0,8.0
3554,UC4i1qf8CUH93DLSbD9efqig,어서와 한국은 처음이지,ft8GzocfwxQ,한강 위에서 먹는 치킨+치즈볼♥ #어서와한국은처음이지 #외국인,2026-05-13T09:07:00Z,134.0,False,104531,511.0,13.0
3554,UC4i1qf8CUH93DLSbD9efqig,어서와 한국은 처음이지,QkDA7vU8Otg,찐빵 수증기가 신기한 애기들ㅋㅋ #어서와한국은처음이지 #외국인,2026-05-13T09:08:00Z,137.0,False,25372,151.0,5.0
3554,UC4i1qf8CUH93DLSbD9efqig,어서와 한국은 처음이지,eb9epX9Rrg4,또박또박 한국어로 주문하는 외국인 애기♥ #어서와한국은처음이지 #외국인,2026-05-13T09:09:00Z,76.0,False,4264,39.0,2.0
3554,UC4i1qf8CUH93DLSbD9efqig,어서와 한국은 처음이지,9p49ChijBMo,다른 학부모들에게 고개 숙여 사과하는 외국인 #어서와한국은처음이지 #외국인,2026-05-13T09:10:00Z,145.0,False,49518,884.0,23.0
3554,UC4i1qf8CUH93DLSbD9efqig,어서와 한국은 처음이지,xaN9h2F75dw,K-놀이공원에서 놀란 가슴 주전부리로 달래기🤤 난 먹는 게 더 좋은 듯 냠냠👅| #어서와한국은처음이지 | EP.347,2026-05-14T02:00:47Z,1377.0,False,5500,56.0,1.0
3554,UC4i1qf8CUH93DLSbD9efqig,어서와 한국은 처음이지,FVV4KWooSyI,K-놀이기구 외국인 현실 반응 ㅋㅋ #어서와한국은처음이지 #외국인,2026-05-14T03:00:20Z,178.0,False,13637,159.0,1.0
3554,UC4i1qf8CUH93DLSbD9efqig,어서와 한국은 처음이지,McfgWfnyIME,타국 매점 직원이 업계 동료일 확률?#어서와한국은처음이지 #외국인,2026-05-14T03:05:00Z,144.0,False,6343,99.0,3.0
3554,UC4i1qf8CUH93DLSbD9efqig,어서와 한국은 처음이지,pnEPlozBhHI,카니 미친 흥으로 퍼레이드 장악 #어서와한국은처음이지 #외국인,2026-05-14T03:10:00Z,179.0,False,9049,245.0,2.0
3554,UC4i1qf8CUH93DLSbD9efqig,어서와 한국은 처음이지,U4hqNOcbZF8,'여기로 가도 돼?' 밤에도 안전한 한국 골목에 놀란 외국인들ㅋㅋ(feat. 닭갈비 먹방) | #어서와한국은처음이지 | EP.86회,2026-05-14T08:00:33Z,896.0,False,126380,566.0,81.0
3554,UC4i1qf8CUH93DLSbD9efqig,어서와 한국은 처음이지,ZyK5seExGbc,남아공이었으면 절대 안 가요 #어서와한국은처음이지,2026-05-14T09:00:41Z,173.0,False,66586,539.0,9.0
3554,UC4i1qf8CUH93DLSbD9efqig,어서와 한국은 처음이지,4R1RnKPMpV8,[미방분] '검은 면'이라구요?? 캐나다 다둥이 가족 K-중식 첫 도전하다!,2026-05-14T13:17:00Z,1521.0,False,618118,7117.0,602.0
3554,UC4i1qf8CUH93DLSbD9efqig,어서와 한국은 처음이지,3uYdzN8utgM,[미방분] 캐나다 테토녀와 에겐남의 극과극 버킷리스트 ＜like JENNIE＞ 댄스 커버 & 고양이 카페,2026-05-14T13:18:00Z,1699.0,False,134614,2286.0,76.0
3554,UC4i1qf8CUH93DLSbD9efqig,어서와 한국은 처음이지,hRbQuoLw5Es,[미방분] 캐나다 아기 로랑의 버킷리스트! 로♥봇♥치♥킨,2026-05-14T13:19:00Z,876.0,False,175161,2790.0,126.0
3554,UC4i1qf8CUH93DLSbD9efqig,어서와 한국은 처음이지,m6szuZY2oqQ,[요약] 캐나다 가족 굿바이💦 끝내 눈물을 보인 엄마😢 캐나다 다둥이 가족 마지막 편 요약 ♥ | #어서와한국은처음이지 | EP.428,2026-05-15T00:00:52Z,2941.0,False,143187,2243.0,125.0
3554,UC4i1qf8CUH93DLSbD9efqig,어서와 한국은 처음이지,Jl3foqtAjAw,아들 기죽이는 주부9단 아버님 #어서와한국은처음이지 #외국인,2026-05-15T01:11:37Z,82.0,False,3844,10.0,1.0
3554,UC4i1qf8CUH93DLSbD9efqig,어서와 한국은 처음이지,6V77aiGhcx8,직접 만든 꿀맛 만두 먹방 #어서와한국은처음이지 #먹방,2026-05-15T01:12:21Z,115.0,False,3317,31.0,2.0
3554,UC4i1qf8CUH93DLSbD9efqig,어서와 한국은 처음이지,dyCkjgoFEjU,3형제 잡도리하는 캐나다 장녀 #어서와한국은처음이지 #외국인,2026-05-15T01:13:03Z,100.0,False,8370,112.0,2.0
3554,UC4i1qf8CUH93DLSbD9efqig,어서와 한국은 처음이지,g6NxxFRJUrw,8살한테 명상은 가혹하다구요 #어서와한국은처음이지 #외국인,2026-05-15T01:13:44Z,178.0,False,11420,21.0,3.0
3554,UC4i1qf8CUH93DLSbD9efqig,어서와 한국은 처음이지,nP3syahcPwI,강인한 엄마의 눈물을 본 아이들 #어서와한국은처음이지 #외국인,2026-05-15T01:14:20Z,169.0,False,41976,434.0,6.0
3554,UC4i1qf8CUH93DLSbD9efqig,어서와 한국은 처음이지,0p3Git43zF4,한국 억양+반찬 완벽 습득 #어서와한국은처음이지 #외국인,2026-05-15T01:14:55Z,70.0,False,24051,169.0,2.0
3554,UC4i1qf8CUH93DLSbD9efqig,어서와 한국은 처음이지,LoLufKQK1HY,대패삼겹 베이컨처럼 먹는 캐나다인들 #어서와한국은처음이지 #먹방,2026-05-15T01:15:38Z,178.0,False,196800,1305.0,53.0
3554,UC4i1qf8CUH93DLSbD9efqig,어서와 한국은 처음이지,_NtV8zv2YtU,장족의 발전 쌈 한 입에 먹기 성공! #어서와한국은처음이지 #먹방,2026-05-15T01:16:07Z,176.0,False,60275,405.0,9.0
3554,UC4i1qf8CUH93DLSbD9efqig,어서와 한국은 처음이지,JAk3K5OY-pU,[하이라이트] 미래의 만두 가게🥟 '모모빌' 사장님 로랑을 위한 김치만두 직접 만들어 먹기 체험! | #어서와한국은처음이지 | EP.428,2026-05-15T11:00:34Z,1106.0,False,63896,805.0,43.0
3554,UC4i1qf8CUH93DLSbD9efqig,어서와 한국은 처음이지,fbpUOrr55P0,며느리에게도 안 알려주는 한국의 이것? #어서와한국은처음이지 #외국인,2026-05-15T12:01:13Z,49.0,True,27962,149.0,7.0
3554,UC4i1qf8CUH93DLSbD9efqig,어서와 한국은 처음이지,QQLKkMQF94s,[하이라이트] 즉석에서 갈아주는 감자전부터 가족들의 최애 호떡까지~! 🤤 속초 시장 먹방 | #어서와한국은처음이지 | EP.428,2026-05-16T08:00:24Z,605.0,False,21022,337.0,7.0
3554,UC4i1qf8CUH93DLSbD9efqig,어서와 한국은 처음이지,Tv6A9-RWfUU,즉석에서 갈아주는 쫄깃바삭 감자전! #어서와한국은처음이지 #먹방,2026-05-16T09:00:38Z,175.0,False,21816,264.0,9.0
3554,UC4i1qf8CUH93DLSbD9efqig,어서와 한국은 처음이지,sEZYmy47lQM,캐나다 사람들도 단짠의 민족? #어서와한국은처음이지 #먹방,2026-05-16T09:05:00Z,66.0,False,14590,134.0,3.0
3554,UC4i1qf8CUH93DLSbD9efqig,어서와 한국은 처음이지,5vkIdhS5RDU,최애 K-간식 호떡 재회해서 초흥분! #어서와한국은처음이지 #먹방,2026-05-16T09:10:00Z,95.0,False,14833,177.0,5.0
3554,UC4i1qf8CUH93DLSbD9efqig,어서와 한국은 처음이지,P1FCwnGtek8,(2시간) 축제 시즌만을 기다렸다!!😆 K-대학에만 있는 축제 응원전부터 엠티까지 따라가보자!🎆 | #어서와한국은처음이지 | EP.397,2026-05-16T12:00:38Z,6713.0,False,1147,28.0,3.0
3554,UC4i1qf8CUH93DLSbD9efqig,어서와 한국은 처음이지,KZQfUgpaLMc,K-대학 합동 응원전 참전한 외국인들  #어서와한국은처음이지 #외국인,2026-05-16T13:00:36Z,143.0,False,1224,12.0,1.0
3554,UC4i1qf8CUH93DLSbD9efqig,어서와 한국은 처음이지,yUTcoO20QGk,남자들은 남자 이름엔 관심 없음 #어서와한국은처음이지 #외국인,2026-05-16T13:05:04Z,128.0,False,662,3.0,1.0
3554,UC4i1qf8CUH93DLSbD9efqig,어서와 한국은 처음이지,O7-30sOaQnw,단체 여행에서 제일 재밌는 거=장 보기  #어서와한국은처음이지 #외국인,2026-05-16T13:10:00Z,134.0,False,776,3.0,1.0
3554,UC4i1qf8CUH93DLSbD9efqig,어서와 한국은 처음이지,LKkBtfcEfAk,한국 대학 FM에 충격 받은 외국인  #어서와한국은처음이지 #외국인,2026-05-16T13:15:03Z,59.0,True,978,10.0,1.0
3554,UC4i1qf8CUH93DLSbD9efqig,어서와 한국은 처음이지,DP4GOk70fjA,MT 국룰 다음 날 버스에서 전원 기절 #어서와한국은처음이지 #외국인,2026-05-16T13:20:01Z,153.0,False,1395,10.0,1.0
3555,UCBDRSxK6Xkn0A-8rIWoY2RA,농장알바생 지씨,1wGFkdB6-ZA,새 모자 장만한 시골 강아지,2026-04-26T23:00:04Z,10.0,True,10236,233.0,7.0
3555,UCBDRSxK6Xkn0A-8rIWoY2RA,농장알바생 지씨,WvQBVfO61N8,인간에게 낚인 시골 강아지 반응,2026-04-27T03:00:26Z,21.0,True,10671,264.0,6.0
3555,UCBDRSxK6Xkn0A-8rIWoY2RA,농장알바생 지씨,SEfXUfCXrcU,시골 강아지의 숨겨진 개인기 대공개,2026-04-27T11:00:51Z,15.0,True,23933,534.0,16.0
3555,UCBDRSxK6Xkn0A-8rIWoY2RA,농장알바생 지씨,BeI6mT0mL7Q,토마토 주스 소리가 왜 이렇게 좋아,2026-04-27T23:00:19Z,14.0,True,3790,78.0,4.0
3555,UCBDRSxK6Xkn0A-8rIWoY2RA,농장알바생 지씨,6-kT7CyG0n8,행운의 강아지와 눈이 마주쳤습니다,2026-04-28T03:00:07Z,4.0,True,10156,350.0,3.0
3555,UCBDRSxK6Xkn0A-8rIWoY2RA,농장알바생 지씨,snSYj4kmYFM,평화로운 시골 오후 산책,2026-04-28T11:01:27Z,13.0,True,5876,266.0,8.0
3555,UCBDRSxK6Xkn0A-8rIWoY2RA,농장알바생 지씨,IRgukjchxi4,"막연했던 시기, 나를 살려준 시 한 편",2026-04-28T23:00:18Z,42.0,True,3274,149.0,0.0
3555,UCBDRSxK6Xkn0A-8rIWoY2RA,농장알바생 지씨,lTgHtDZkroA,진짜 좋아하는 드라마 대사,2026-04-29T03:00:51Z,28.0,True,6257,176.0,2.0
3555,UCBDRSxK6Xkn0A-8rIWoY2RA,농장알바생 지씨,QOcABBpp36Y,여유없는 사람들에게 들려주고 싶은 시,2026-04-29T11:00:44Z,27.0,True,2658,75.0,2.0
3555,UCBDRSxK6Xkn0A-8rIWoY2RA,농장알바생 지씨,6KgnFKSXrKc,시를 읽으며 알게된 내가 계속 쓰러졌던 이유,2026-04-29T23:00:15Z,32.0,True,3277,72.0,3.0
3555,UCBDRSxK6Xkn0A-8rIWoY2RA,농장알바생 지씨,yjY2nJbLCcw,직접 키운 농작물로 밥 만들어 먹기,2026-05-03T11:01:26Z,11.0,True,10318,172.0,5.0
3555,UCBDRSxK6Xkn0A-8rIWoY2RA,농장알바생 지씨,HN1LsFW-Mes,요리하다 보면 꼭 한 번쯤 겪는 그 상황,2026-05-04T02:00:24Z,20.0,True,25848,354.0,19.0
3555,UCBDRSxK6Xkn0A-8rIWoY2RA,농장알바생 지씨,Rjf_feaosmc,첫사랑은 역시 추억으로 남겨야 할까요?,2026-05-04T05:00:25Z,31.0,True,6597,141.0,3.0
3555,UCBDRSxK6Xkn0A-8rIWoY2RA,농장알바생 지씨,XMtQk9Qvr1Y,디지몬 얘기 듣다가 눈물 터진 극F 동생,2026-05-04T11:01:00Z,61.0,False,9202,260.0,16.0
3555,UCBDRSxK6Xkn0A-8rIWoY2RA,농장알바생 지씨,GArQst9vsDo,요리하면서 사랑을 발견한 꼬마 최수종,2026-05-05T02:00:22Z,32.0,True,11813,261.0,7.0
3555,UCBDRSxK6Xkn0A-8rIWoY2RA,농장알바생 지씨,NoTRGdDZPNc,"강아지 엽사 대결, 누가 더 웃긴가요?",2026-05-05T07:00:30Z,53.0,True,6076,254.0,12.0
3555,UCBDRSxK6Xkn0A-8rIWoY2RA,농장알바생 지씨,nSG9_bDemkQ,"롯데 관계자님, 이 맛 왜 없애셨나요?",2026-05-05T11:01:20Z,41.0,True,4716,181.0,5.0
3555,UCBDRSxK6Xkn0A-8rIWoY2RA,농장알바생 지씨,OgjkiMWgmLQ,직접 키운 토마토로 쥬스 만드는 시골 일상,2026-05-06T02:00:32Z,12.0,True,4521,119.0,1.0
3555,UCBDRSxK6Xkn0A-8rIWoY2RA,농장알바생 지씨,v8BmHH7kJnQ,텃밭에서 고추따는 평화로운 시골 일상,2026-05-06T07:00:46Z,24.0,True,11376,341.0,11.0
3555,UCBDRSxK6Xkn0A-8rIWoY2RA,농장알바생 지씨,Rjkex-gF8s8,일 못하게 만드는 시골 강아지,2026-05-06T11:00:46Z,10.0,True,21118,355.0,8.0
3555,UCBDRSxK6Xkn0A-8rIWoY2RA,농장알바생 지씨,FPMa6eFhkNQ,일하는데 옆에서 꿀잠 자는 강아지,2026-05-07T02:00:13Z,11.0,True,22486,436.0,11.0
3555,UCBDRSxK6Xkn0A-8rIWoY2RA,농장알바생 지씨,NXsUnfhwFwg,텃밭에서 발견된 마법의 고추,2026-05-07T07:00:15Z,7.0,True,2994,61.0,0.0
3555,UCBDRSxK6Xkn0A-8rIWoY2RA,농장알바생 지씨,JMgVzFZSN0Q,수상할 정도로 분량 욕심내는 강아지,2026-05-07T11:00:27Z,13.0,True,18823,518.0,11.0
3555,UCBDRSxK6Xkn0A-8rIWoY2RA,농장알바생 지씨,gx80rGAJcVM,사랑에 빠진 여자의 눈빛,2026-05-08T02:00:40Z,9.0,True,17403,408.0,14.0
3555,UCBDRSxK6Xkn0A-8rIWoY2RA,농장알바생 지씨,OM74EGSOtkI,더할 나위 없는 행복한 순간,2026-05-08T07:00:32Z,13.0,True,7118,190.0,4.0
3555,UCBDRSxK6Xkn0A-8rIWoY2RA,농장알바생 지씨,SqjUKMJwxQY,참새 잡으러 출동한 시골 강아지,2026-05-08T11:00:57Z,12.0,True,24464,310.0,10.0
3555,UCBDRSxK6Xkn0A-8rIWoY2RA,농장알바생 지씨,7GXl0w1uo-I,누나가 둘이라서 바쁜 시골 강아지,2026-05-09T02:15:01Z,13.0,True,23221,368.0,5.0
3555,UCBDRSxK6Xkn0A-8rIWoY2RA,농장알바생 지씨,A3v2GQKVAZE,내가 널 얼마나 좋아하는지 넌 아니?,2026-05-09T07:00:09Z,46.0,True,3013,93.0,2.0
3555,UCBDRSxK6Xkn0A-8rIWoY2RA,농장알바생 지씨,AAACzrZL-YA,이렇게 사랑받는 삶이란 어떤 기분일까?,2026-05-09T11:00:25Z,30.0,True,2676,93.0,3.0
3555,UCBDRSxK6Xkn0A-8rIWoY2RA,농장알바생 지씨,Fen2Czb3BPs,고추밭에서 화보찍는 시골 강아지,2026-05-10T02:00:11Z,7.0,True,17415,518.0,8.0
3555,UCBDRSxK6Xkn0A-8rIWoY2RA,농장알바생 지씨,bvx8NbIE_l4,아무 걱정 없는 시골 강아지의 하루,2026-05-10T07:00:36Z,10.0,True,2623,127.0,5.0
3555,UCBDRSxK6Xkn0A-8rIWoY2RA,농장알바생 지씨,fjnbvUF2XvQ,너는 소중하고 사랑스러운 존재야,2026-05-10T11:01:06Z,8.0,True,23870,532.0,10.0
3555,UCBDRSxK6Xkn0A-8rIWoY2RA,농장알바생 지씨,-vuqYeGbqBI,자라고 했던 진짜 잠든 강아지,2026-05-11T02:00:01Z,15.0,True,37065,571.0,14.0
3555,UCBDRSxK6Xkn0A-8rIWoY2RA,농장알바생 지씨,OxjuTzxxbf4,어찌 이런 생명체를 만드신 것입니까,2026-05-11T07:00:15Z,17.0,True,9610,460.0,6.0
3555,UCBDRSxK6Xkn0A-8rIWoY2RA,농장알바생 지씨,ucHQjUjWhHc,세상 편하게 잠든 시골 강아지,2026-05-11T11:01:29Z,10.0,True,8357,307.0,9.0
3555,UCBDRSxK6Xkn0A-8rIWoY2RA,농장알바생 지씨,2DfUD8F58Gk,졸린 눈으로 인간 감시하는 강아지,2026-05-12T02:00:03Z,16.0,True,15821,705.0,18.0
3555,UCBDRSxK6Xkn0A-8rIWoY2RA,농장알바생 지씨,wBjebcVRyZw,혀 내밀고 잠든 시골 강아지,2026-05-12T07:00:44Z,6.0,True,13218,448.0,18.0
3555,UCBDRSxK6Xkn0A-8rIWoY2RA,농장알바생 지씨,Zev_FxtYhVk,애교만렙 시골 강아지,2026-05-12T11:01:01Z,5.0,True,11584,445.0,9.0
3555,UCBDRSxK6Xkn0A-8rIWoY2RA,농장알바생 지씨,XxN9jvfdIaI,고추밭에서 개구리 잡는 강아지,2026-05-13T02:00:21Z,8.0,True,4705,167.0,9.0
3555,UCBDRSxK6Xkn0A-8rIWoY2RA,농장알바생 지씨,8KVoQIQmomc,할머니 옆에서 철없이 노는 손녀딸,2026-05-13T07:00:09Z,14.0,True,21758,228.0,3.0
3555,UCBDRSxK6Xkn0A-8rIWoY2RA,농장알바생 지씨,7_odW7m-eA4,자동차만 보면 올라타는 시골 강아지,2026-05-13T11:00:11Z,8.0,True,25967,424.0,11.0
3555,UCBDRSxK6Xkn0A-8rIWoY2RA,농장알바생 지씨,gkiOlULLYAU,하차 거부하는 시골 강아지,2026-05-14T02:00:37Z,13.0,True,20850,377.0,7.0
3555,UCBDRSxK6Xkn0A-8rIWoY2RA,농장알바생 지씨,6R3oakRRhN8,강아지가 발견한 자동차 신기능…ㄷㄷ,2026-05-14T07:00:09Z,23.0,True,72212,569.0,13.0
3555,UCBDRSxK6Xkn0A-8rIWoY2RA,농장알바생 지씨,F8CU__bOPQE,시끄러운 사람 조용히 시키는 방법,2026-05-14T11:00:30Z,12.0,True,18286,396.0,4.0
3555,UCBDRSxK6Xkn0A-8rIWoY2RA,농장알바생 지씨,LFBXrObRzs4,유교걸이 감당하기 너무 버거운 강아지,2026-05-15T02:00:13Z,33.0,True,242083,1154.0,54.0
3555,UCBDRSxK6Xkn0A-8rIWoY2RA,농장알바생 지씨,2g_I3HCLle8,이 강아지 말 알아듣는 거 맞죠?,2026-05-15T07:00:02Z,15.0,True,28953,340.0,6.0
3555,UCBDRSxK6Xkn0A-8rIWoY2RA,농장알바생 지씨,dRr6j3Blacs,강아지들과 함께하는 평범한 시골 일상,2026-05-15T11:00:58Z,69.0,False,6188,307.0,4.0
3555,UCBDRSxK6Xkn0A-8rIWoY2RA,농장알바생 지씨,oNBOPCwGby8,산책 텐션 레전드 시골 강아지,2026-05-16T02:00:43Z,16.0,True,9099,189.0,2.0
3555,UCBDRSxK6Xkn0A-8rIWoY2RA,농장알바생 지씨,uAYvtgTGeMQ,산책 후 완전 방전된 시골 강아지 상태,2026-05-16T07:00:52Z,22.0,True,10879,254.0,1.0
3555,UCBDRSxK6Xkn0A-8rIWoY2RA,농장알바생 지씨,BxyY6NmuSs8,냄새 검사하다가 잡도리 하는 강아지,2026-05-16T11:00:16Z,27.0,True,7748,187.0,2.0
3556,UCAbdxp5TMR793IAK6BqS_6A,배기성(BAEGISEONG),atmsbtP5oxo,하얀 그리움 - 김민종 | Cover by 배기성┃BAE GI SEONG,2025-12-31T09:00:04Z,230.0,False,36135,632.0,145.0
3556,UCAbdxp5TMR793IAK6BqS_6A,배기성(BAEGISEONG),icO-3ddhYAo,하얀 그리움 - 김민종 | Cover by 배기성┃BAE GI SEONG,2025-12-31T09:01:18Z,60.0,True,12223,320.0,30.0
3556,UCAbdxp5TMR793IAK6BqS_6A,배기성(BAEGISEONG),_VjxZkRbptE,하얀 그리움 - 김민종 | Cover by 배기성┃BAE GI SEONG,2026-01-01T04:00:40Z,60.0,True,24513,415.0,38.0
3556,UCAbdxp5TMR793IAK6BqS_6A,배기성(BAEGISEONG),JyIrN96JO78,하얀 그리움 - 김민종 | Cover by 배기성┃BAE GI SEONG,2026-01-02T04:00:15Z,60.0,True,14207,250.0,19.0
3556,UCAbdxp5TMR793IAK6BqS_6A,배기성(BAEGISEONG),mUuuX76LFXc,바보에게 바보가 - 박명수 | Cover by 배기성┃BAE GI SEONG,2026-01-07T09:01:16Z,241.0,False,29770,428.0,54.0
3556,UCAbdxp5TMR793IAK6BqS_6A,배기성(BAEGISEONG),sdwyD2PiERw,바보에게 바보가 - 박명수 | Cover by 배기성┃BAE GI SEONG,2026-01-07T09:01:33Z,60.0,True,13922,183.0,10.0
3556,UCAbdxp5TMR793IAK6BqS_6A,배기성(BAEGISEONG),Cu9Mb8I4plE,바보에게 바보가 - 박명수 | Cover by 배기성┃BAE GI SEONG,2026-01-08T09:00:17Z,60.0,True,11111,116.0,9.0
3556,UCAbdxp5TMR793IAK6BqS_6A,배기성(BAEGISEONG),4S0NS95hnt4,심태윤-당신은 나는 바보입니다┃Special Video by 배기성 & 심태윤 (바보시리즈2탄),2026-01-14T09:00:07Z,60.0,True,9335,130.0,14.0
3556,UCAbdxp5TMR793IAK6BqS_6A,배기성(BAEGISEONG),DtrIxhwbsYI,심태윤-당신은 나는 바보입니다┃Special Video by 배기성 & 심태윤 (바보시리즈2탄),2026-01-14T09:00:17Z,257.0,False,11783,218.0,54.0
3556,UCAbdxp5TMR793IAK6BqS_6A,배기성(BAEGISEONG),j_Dl5tth4rM,심태윤-당신은 나는 바보입니다┃Special Video by 배기성 & 심태윤 (바보시리즈2탄),2026-01-15T09:01:08Z,60.0,True,27628,217.0,26.0
3556,UCAbdxp5TMR793IAK6BqS_6A,배기성(BAEGISEONG),AYQOrNsjpBE,심태윤-당신은 나는 바보입니다┃Special Video by 배기성 & 심태윤 (바보시리즈2탄),2026-01-16T09:00:27Z,60.0,True,5972,50.0,3.0
3556,UCAbdxp5TMR793IAK6BqS_6A,배기성(BAEGISEONG),Y6ohDqf9i4c,심태윤-당신은 나는 바보입니다┃Special Video by 배기성 & 심태윤 (바보시리즈2탄),2026-01-16T09:00:53Z,60.0,True,7477,80.0,10.0
3556,UCAbdxp5TMR793IAK6BqS_6A,배기성(BAEGISEONG),5UnHiaj6SBc,나를 살게하는 사랑 - 이혁 | Cover by 배기성┃BAE GI SEONG,2026-01-20T09:00:09Z,60.0,True,44002,564.0,29.0
3556,UCAbdxp5TMR793IAK6BqS_6A,배기성(BAEGISEONG),VVL6TDVbt_o,나를 살게하는 사랑 - 이혁 | Cover by 배기성┃BAE GI SEONG,2026-01-20T09:00:45Z,240.0,False,90738,603.0,100.0
3556,UCAbdxp5TMR793IAK6BqS_6A,배기성(BAEGISEONG),N0NYrzYrwxU,나를 살게하는 사랑 - 이혁 | Cover by 배기성┃BAE GI SEONG,2026-01-21T09:00:39Z,61.0,False,28582,404.0,23.0
3556,UCAbdxp5TMR793IAK6BqS_6A,배기성(BAEGISEONG),8-cRrU6roII,박효신-바보┃Cover by 배기성 | Bae Gi Seong (바보시리즈3탄),2026-01-22T09:00:11Z,60.0,True,37932,459.0,57.0
3556,UCAbdxp5TMR793IAK6BqS_6A,배기성(BAEGISEONG),AZ4BtR4I6BM,박효신-바보┃Cover by 배기성 | Bae Gi Seong (바보시리즈3탄),2026-01-22T09:00:12Z,281.0,False,63901,821.0,214.0
3556,UCAbdxp5TMR793IAK6BqS_6A,배기성(BAEGISEONG),3C4m_BO7T1E,박효신-바보┃Cover by 배기성 | Bae Gi Seong (바보시리즈3탄),2026-01-23T09:00:06Z,60.0,True,37169,414.0,49.0
3556,UCAbdxp5TMR793IAK6BqS_6A,배기성(BAEGISEONG),oRzdUfustxk,박효신-바보┃Cover by 배기성 | Bae Gi Seong (바보시리즈3탄),2026-01-24T04:00:42Z,60.0,True,15658,243.0,18.0
3556,UCAbdxp5TMR793IAK6BqS_6A,배기성(BAEGISEONG),qCRKlGpP7Gk,MV] 언더커버 미쓰홍 OST | 배기성 | 인생은 부메랑,2026-01-24T14:12:43Z,171.0,False,10380,152.0,15.0
3556,UCAbdxp5TMR793IAK6BqS_6A,배기성(BAEGISEONG),dEMs8ANOpuA,MV] 언더커버 미쓰홍 OST | 배기성 | 인생은 부메랑,2026-01-25T04:00:27Z,60.0,True,5888,47.0,5.0
3556,UCAbdxp5TMR793IAK6BqS_6A,배기성(BAEGISEONG),w9u_cLi6Tfw,MV] 언더커버 미쓰홍 OST | 배기성 | 인생은 부메랑,2026-01-26T09:01:30Z,59.0,True,4865,48.0,5.0
3556,UCAbdxp5TMR793IAK6BqS_6A,배기성(BAEGISEONG),1VTrziDD_sk,MV] 언더커버 미쓰홍 OST | 배기성 | 인생은 부메랑,2026-01-27T09:00:03Z,61.0,False,5493,67.0,8.0
3556,UCAbdxp5TMR793IAK6BqS_6A,배기성(BAEGISEONG),-Ktjw7BPWRg,신수현 - Gray.┃Special Video by 배기성 & 신수현,2026-01-28T09:00:01Z,60.0,True,6202,86.0,11.0
3556,UCAbdxp5TMR793IAK6BqS_6A,배기성(BAEGISEONG),NFd-YtAXSng,신수현 - Gray.┃Special Video by 배기성 & 신수현,2026-01-28T09:00:36Z,207.0,False,6477,109.0,49.0
3556,UCAbdxp5TMR793IAK6BqS_6A,배기성(BAEGISEONG),MwufMhWPOOs,신수현 - Gray.┃Special Video by 배기성 & 신수현,2026-01-29T09:00:28Z,60.0,True,5777,59.0,8.0
3556,UCAbdxp5TMR793IAK6BqS_6A,배기성(BAEGISEONG),Dk0gRGqKGzg,신수현 - Gray.┃Special Video by 배기성 & 신수현,2026-01-30T09:00:32Z,37.0,True,6336,76.0,9.0
3556,UCAbdxp5TMR793IAK6BqS_6A,배기성(BAEGISEONG),tkygcThAV9c,겨울 바다- 푸른하늘  | Cover by 배기성┃BAE GI SEONG,2026-02-05T09:01:19Z,267.0,False,20862,276.0,77.0
3556,UCAbdxp5TMR793IAK6BqS_6A,배기성(BAEGISEONG),zYLO5MicSdI,겨울 바다- 푸른하늘  | Cover by 배기성┃BAE GI SEONG,2026-02-05T09:01:31Z,60.0,True,33827,450.0,48.0
3556,UCAbdxp5TMR793IAK6BqS_6A,배기성(BAEGISEONG),AVMk6LhC1Oc,겨울 바다- 푸른하늘  | Cover by 배기성┃BAE GI SEONG,2026-02-06T09:00:13Z,35.0,True,23580,384.0,22.0
3556,UCAbdxp5TMR793IAK6BqS_6A,배기성(BAEGISEONG),1cn9HgQ6neg,겨울 바다- 푸른하늘  | Cover by 배기성┃BAE GI SEONG,2026-02-07T04:00:01Z,60.0,True,17354,153.0,21.0
3556,UCAbdxp5TMR793IAK6BqS_6A,배기성(BAEGISEONG),81sN_dQToNk,"겨울시리즈-겨울이야기,하얀그리움,ヒロイン(히로인)  | Cover by 배기성┃BAE GI SEONG",2026-02-12T09:00:10Z,774.0,False,3925,105.0,20.0
3556,UCAbdxp5TMR793IAK6BqS_6A,배기성(BAEGISEONG),AsMdInmdpnM,"일본발라드시리즈-용과같이,아나타니,굿바이데이 | Cover by 배기성┃BAE GI SEONG",2026-02-19T09:00:12Z,831.0,False,2462,67.0,17.0
3556,UCAbdxp5TMR793IAK6BqS_6A,배기성(BAEGISEONG),zG_zmaECRb0,배기성 - 산골 소년의 사랑이야기 |,2026-02-22T10:00:23Z,277.0,False,15717,327.0,71.0
3556,UCAbdxp5TMR793IAK6BqS_6A,배기성(BAEGISEONG),E1BrTnPlg0Y,배기성 - 산골 소년의 사랑이야기 | 리메이크,2026-02-26T09:00:16Z,59.0,True,12710,209.0,21.0
3556,UCAbdxp5TMR793IAK6BqS_6A,배기성(BAEGISEONG),MvynWfUb6lM,배기성 - 산골 소년의 사랑이야기 | 리메이크,2026-02-26T09:00:35Z,277.0,False,13353,183.0,53.0
3556,UCAbdxp5TMR793IAK6BqS_6A,배기성(BAEGISEONG),rIuWJmKOOiI,배기성 - 산골 소년의 사랑이야기 | 리메이크,2026-02-27T09:01:26Z,60.0,True,8578,122.0,6.0
3556,UCAbdxp5TMR793IAK6BqS_6A,배기성(BAEGISEONG),vQ7eNRLWid8,배기성 - 산골 소년의 사랑이야기 | 리메이크,2026-02-28T04:00:49Z,61.0,False,11548,176.0,17.0
3556,UCAbdxp5TMR793IAK6BqS_6A,배기성(BAEGISEONG),BugJUczbGSQ,"배기성 듀엣시리즈1-혼자가 아닌나, 사랑하니까, 같은 자리  | Cover by 배기성┃BAE GI SEONG",2026-03-05T09:00:13Z,666.0,False,3236,78.0,18.0
3556,UCAbdxp5TMR793IAK6BqS_6A,배기성(BAEGISEONG),DkolqIqSH7w,"바보시리즈-바보,바보에게 바보가,당신은 나는 바보입니다 | Cover by 배기성┃BAE GI SEONG",2026-03-12T09:00:30Z,792.0,False,3187,66.0,16.0
3556,UCAbdxp5TMR793IAK6BqS_6A,배기성(BAEGISEONG),jmeRVp3sNUw,いとしのエリー [이토시노 에리] / サザンオールスターズ [Southern All Stars],2026-03-19T09:01:10Z,254.0,False,3344,86.0,31.0
3556,UCAbdxp5TMR793IAK6BqS_6A,배기성(BAEGISEONG),vU4BgtIiwmE,いとしのエリー [이토시노 에리] / サザンオールスターズ [Southern All Stars],2026-03-19T09:01:30Z,61.0,False,4761,54.0,6.0
3556,UCAbdxp5TMR793IAK6BqS_6A,배기성(BAEGISEONG),NLQOLsv8r_s,いとしのエリー [이토시노 에리] / サザンオールスターズ [Southern All Stars],2026-03-20T09:00:39Z,60.0,True,6221,68.0,8.0
3556,UCAbdxp5TMR793IAK6BqS_6A,배기성(BAEGISEONG),ulw_byoDujc,いとしのエリー [이토시노 에리] / サザンオールスターズ [Southern All Stars],2026-03-21T04:01:01Z,60.0,True,7117,76.0,16.0
3556,UCAbdxp5TMR793IAK6BqS_6A,배기성(BAEGISEONG),HRbpdOKCJ2E,"200만 시리즈-무제,미치게 그리워서,어제보다 슬픈 오늘  | Cover by 배기성┃BAE GI SEONG",2026-03-26T09:00:19Z,691.0,False,3647,93.0,13.0
3556,UCAbdxp5TMR793IAK6BqS_6A,배기성(BAEGISEONG),udGS1quPKAY,"90년대 발라드-빗속에서,사랑한후에,숙녀에게,시를위한시 | Cover by 배기성┃BAE GI SEONG",2026-04-02T09:01:09Z,919.0,False,2610,71.0,19.0
3556,UCAbdxp5TMR793IAK6BqS_6A,배기성(BAEGISEONG),_HSYdNuEaR4,대만시리즈-상견니 | Cover by 배기성┃BAE GI SEONG,2026-04-09T09:00:52Z,518.0,False,1003,31.0,7.0
3556,UCAbdxp5TMR793IAK6BqS_6A,배기성(BAEGISEONG),-2o3gV7Ayi8,"댄스-유노윤호,베이비복스,NR |Cover by 배기성┃BAE GI SEONG",2026-04-16T09:00:01Z,617.0,False,1047,29.0,11.0
3556,UCAbdxp5TMR793IAK6BqS_6A,배기성(BAEGISEONG),3DB00Ovr7yA,일본노래모음 | Cover by 배기성┃BAE GI SEONG,2026-04-23T09:00:06Z,1037.0,False,1363,56.0,18.0
3556,UCAbdxp5TMR793IAK6BqS_6A,배기성(BAEGISEONG),f9MIJdkHAj0,"핫한노래-화사,로제,윈터 | Cover by 배기성┃BAE GI SEONG",2026-04-30T09:01:00Z,586.0,False,1487,39.0,15.0
3557,UCPmQpfv8zIcDYm8L0_w6pBg, 더블엑스엔터테인먼트 xxentertainment,i7QifAjaQe0,[Live Clip] 범진 - 나는 봄 너는 꽃 (청계천 버스킹 Ver.2),2026-04-11T03:00:47Z,26.0,True,1738,18.0,2.0
3557,UCPmQpfv8zIcDYm8L0_w6pBg, 더블엑스엔터테인먼트 xxentertainment,6AWU6lfVlIE,#가비엔제이 #GavyNJ 넌 내꺼 넌 내 남자 👈(⌒▽⌒)👉 #이지민 #LeeJiMin #Shorts,2026-04-11T09:00:06Z,22.0,True,1778,23.0,0.0
3557,UCPmQpfv8zIcDYm8L0_w6pBg, 더블엑스엔터테인먼트 xxentertainment,4TeIxcVEzvA,봄이구낭~ 예쁘구낭~ 나봄너꽃 17일 오후 6시 발매구낭~𐔌՞. .՞𐦯🌸,2026-04-12T03:00:06Z,6.0,True,2368,27.0,2.0
3557,UCPmQpfv8zIcDYm8L0_w6pBg, 더블엑스엔터테인먼트 xxentertainment,ju9QwPtIOU8,다섯 천사들 화음에 귀가 녹아버릴거같아..🫠 #가비엔제이 #GavyNJ #이지민 #LeeJiMin #넌내꺼넌내남자,2026-04-12T09:00:53Z,24.0,True,2274,43.0,1.0
3557,UCPmQpfv8zIcDYm8L0_w6pBg, 더블엑스엔터테인먼트 xxentertainment,TI-gEo1m5QU,어? 눈 마주쳤다 나봄 너꽃 듣는거다 ㅎ 😎,2026-04-14T05:00:33Z,14.0,True,894,17.0,2.0
3557,UCPmQpfv8zIcDYm8L0_w6pBg, 더블엑스엔터테인먼트 xxentertainment,K0B6SiOBAYc,넌 내꺼 넌 내 남자 Challenge With #ONEPACT #성민 #예담 선배님 💫,2026-04-14T09:00:27Z,16.0,True,2099,33.0,1.0
3557,UCPmQpfv8zIcDYm8L0_w6pBg, 더블엑스엔터테인먼트 xxentertainment,d-NydKOoZ1Y,[Live Clip] 범진 - 나는 봄 너는 꽃 (작업실 Ver.),2026-04-15T05:00:38Z,55.0,True,1655,28.0,2.0
3557,UCPmQpfv8zIcDYm8L0_w6pBg, 더블엑스엔터테인먼트 xxentertainment,m8uFIcrpmB0,우리 오래오래 평생가댜 알겠지? 약속 🤙,2026-04-15T09:01:10Z,24.0,True,2388,19.0,1.0
3557,UCPmQpfv8zIcDYm8L0_w6pBg, 더블엑스엔터테인먼트 xxentertainment,oo03NOfBLt4,[Live Clip] 범진 - 나는 봄 너는 꽃,2026-04-16T05:00:59Z,32.0,True,2681,29.0,2.0
3557,UCPmQpfv8zIcDYm8L0_w6pBg, 더블엑스엔터테인먼트 xxentertainment,lIjltaP6xc4,[Official Audio] 이병찬 - 우리 우주로,2026-04-16T09:00:59Z,261.0,False,1788,154.0,9.0
3557,UCPmQpfv8zIcDYm8L0_w6pBg, 더블엑스엔터테인먼트 xxentertainment,XW7nKCB9NqE,[Official Audio] 이병찬 - Valentine,2026-04-16T09:01:30Z,319.0,False,1720,148.0,8.0
3557,UCPmQpfv8zIcDYm8L0_w6pBg, 더블엑스엔터테인먼트 xxentertainment,NplWM3mWZ58,[Official Audio] 이병찬 - 서늘한 이 밤에 남아,2026-04-16T09:02:00Z,228.0,False,2694,187.0,14.0
3557,UCPmQpfv8zIcDYm8L0_w6pBg, 더블엑스엔터테인먼트 xxentertainment,HLIncMFHzL8,[Official Audio] 이병찬 - 멈춰있던 성운 아래,2026-04-16T09:03:00Z,218.0,False,2225,172.0,15.0
3557,UCPmQpfv8zIcDYm8L0_w6pBg, 더블엑스엔터테인먼트 xxentertainment,o_ZRSf2y9Qk,[Official Audio] 이병찬 - 지금 외쳐 !,2026-04-16T09:04:00Z,229.0,False,1686,144.0,10.0
3557,UCPmQpfv8zIcDYm8L0_w6pBg, 더블엑스엔터테인먼트 xxentertainment,InLwxF2jxL4,[Official Audio] 이병찬 - 빛의 문,2026-04-16T09:05:00Z,186.0,False,1749,139.0,9.0
3557,UCPmQpfv8zIcDYm8L0_w6pBg, 더블엑스엔터테인먼트 xxentertainment,gI3fHUkUzG0,[1시간 듣기] 이병찬 - 서늘한 이 밤에 남아,2026-04-16T09:30:19Z,3636.0,False,974,113.0,5.0
3557,UCPmQpfv8zIcDYm8L0_w6pBg, 더블엑스엔터테인먼트 xxentertainment,VV0KbGQoHxA,"XX Magazine 📖 [광활한 우주 안에서의 이병찬, EP ‘우리 우주로’]",2026-04-16T10:00:52Z,150.0,False,2752,273.0,38.0
3557,UCPmQpfv8zIcDYm8L0_w6pBg, 더블엑스엔터테인먼트 xxentertainment,E2XHxtIzLdY,⭐𝑷𝑳𝑨𝒀𝑳𝑰𝑺𝑻 | 이병찬 베스트 노래 모음 (LEE BYEONG CHAN Best Playlist)⭐,2026-04-16T11:00:32Z,2865.0,False,3846,274.0,35.0
3557,UCPmQpfv8zIcDYm8L0_w6pBg, 더블엑스엔터테인먼트 xxentertainment,X0k2zt9OOnc,나 너한테 하고싶은 말이 있는데..... 꼭 끝까지 봐줘!🤧,2026-04-17T05:00:29Z,23.0,True,1881,23.0,0.0
3557,UCPmQpfv8zIcDYm8L0_w6pBg, 더블엑스엔터테인먼트 xxentertainment,XKVtbzem4s8,[Official Live Clip] 범진 (BUMJIN) - 나는 봄 너는 꽃,2026-04-17T09:00:46Z,206.0,False,553,31.0,4.0
3557,UCPmQpfv8zIcDYm8L0_w6pBg, 더블엑스엔터테인먼트 xxentertainment,XfXDyl7J5dY,[Official Live Clip] 범진 (BUMJIN) - 나는 봄 너는 꽃 (Vertical ver.),2026-04-17T09:30:30Z,205.0,False,359,22.0,4.0
3557,UCPmQpfv8zIcDYm8L0_w6pBg, 더블엑스엔터테인먼트 xxentertainment,c4EcYTeFJA8,[Official Audio] 범진 (BUMJIN) - 나는 봄 너는 꽃,2026-04-17T10:01:00Z,202.0,False,635,18.0,3.0
3557,UCPmQpfv8zIcDYm8L0_w6pBg, 더블엑스엔터테인먼트 xxentertainment,XrvagwvkQrI,[1시간 듣기] 범진 (BUMJIN) - 나는 봄 너는 꽃,2026-04-17T10:30:21Z,3636.0,False,220,7.0,2.0
3557,UCPmQpfv8zIcDYm8L0_w6pBg, 더블엑스엔터테인먼트 xxentertainment,jWVL4plpSac,넌 내꺼 넌 내 남자 Challenge With #엔젤노이즈 #케피 #해나 선배님 💫#이지민 #넌내꺼넌내남자,2026-04-18T03:00:49Z,23.0,True,3134,46.0,1.0
3557,UCPmQpfv8zIcDYm8L0_w6pBg, 더블엑스엔터테인먼트 xxentertainment,FExXHXL8vsU,대한민국 탑 보컬 김기태랑 슈퍼 루키 이지민이 듀엣 챌린지를 하는데 안 본다고요? 삐빅- 👮‍♂️ 고막 유죄입니다. 🔥,2026-04-19T09:00:28Z,38.0,True,3364,99.0,6.0
3557,UCPmQpfv8zIcDYm8L0_w6pBg, 더블엑스엔터테인먼트 xxentertainment,JdE8-f1A5S4,넌 내꺼 넌 내 남자 Challenge With #리센느 #메이 #제나 선배님🩷 #이지민 #넌내꺼넌내남자,2026-04-21T09:00:26Z,23.0,True,9176,99.0,3.0
3557,UCPmQpfv8zIcDYm8L0_w6pBg, 더블엑스엔터테인먼트 xxentertainment,e377Iy3WKws,넌 내꺼 넌 내 남자 Challenge With #앰퍼샌드원 #카이렐 #김승모 선배님 💫 #이지민 #넌내꺼넌내남자,2026-04-22T09:01:03Z,22.0,True,8526,100.0,3.0
3557,UCPmQpfv8zIcDYm8L0_w6pBg, 더블엑스엔터테인먼트 xxentertainment,s6QYUL1rflY,[Live Clip] 이병찬 - 멈춰있던 성운 아래,2026-04-23T05:02:36Z,29.0,True,6263,282.0,29.0
3557,UCPmQpfv8zIcDYm8L0_w6pBg, 더블엑스엔터테인먼트 xxentertainment,Y6sHy7FAweo,넌 내꺼 넌 내 남자 Challenge With #이프아이 #ifeye 선배님🩷 #이지민 #넌내꺼넌내남자,2026-04-23T09:00:48Z,23.0,True,5136,72.0,2.0
3557,UCPmQpfv8zIcDYm8L0_w6pBg, 더블엑스엔터테인먼트 xxentertainment,Qgaz1gSnuXw,넌 내꺼 넌 내 남자 Challenge With #코스모시 #디하나 #카미온선배님🩷 #이지민 #넌내꺼넌내남자,2026-04-24T09:00:41Z,23.0,True,1306,30.0,1.0
3557,UCPmQpfv8zIcDYm8L0_w6pBg, 더블엑스엔터테인먼트 xxentertainment,ugTpaK45r_A,넌 내꺼 넌 내 남자 Challenge With #키빗업 #루키아 #세나 님💫  #이지민 #넌내꺼넌내남자,2026-04-25T09:01:19Z,23.0,True,2568,46.0,1.0
3557,UCPmQpfv8zIcDYm8L0_w6pBg, 더블엑스엔터테인먼트 xxentertainment,-rV6582QuaQ,넌 내꺼 넌 내 남자 Challenge With #하츠웨이브 #hrtzwav 님💫  #이지민 #넌내꺼넌내남자,2026-04-26T09:00:00Z,23.0,True,5888,210.0,8.0
3557,UCPmQpfv8zIcDYm8L0_w6pBg, 더블엑스엔터테인먼트 xxentertainment,qdts-Q6tU9o,[Live Clip] 김기태 - 서약 / (26.04.29. 12PM Release),2026-04-28T09:01:09Z,60.0,True,5693,244.0,23.0
3557,UCPmQpfv8zIcDYm8L0_w6pBg, 더블엑스엔터테인먼트 xxentertainment,vl5ZbmBzukw,[Official Audio] 김기태 (Kim Ki Tae)  - 서약,2026-04-29T03:01:03Z,247.0,False,14462,373.0,66.0
3557,UCPmQpfv8zIcDYm8L0_w6pBg, 더블엑스엔터테인먼트 xxentertainment,ALbVYlsHnu8,[1시간 듣기] 김기태 (Kim Ki Tae)  - 서약,2026-04-29T03:30:12Z,3705.0,False,3855,132.0,28.0
3557,UCPmQpfv8zIcDYm8L0_w6pBg, 더블엑스엔터테인먼트 xxentertainment,2QcxQ2QpmM4,[Mood Clip] 김기태 - 서약,2026-04-30T09:00:07Z,35.0,True,4420,218.0,13.0
3557,UCPmQpfv8zIcDYm8L0_w6pBg, 더블엑스엔터테인먼트 xxentertainment,eQwdj1K20GM,🌸𝑷𝑳𝑨𝒀𝑳𝑰𝑺𝑻 | 범진 베스트 노래 모음 (BUMJIN Best Playlist)🌸,2026-04-30T11:01:06Z,2253.0,False,380,23.0,4.0
3557,UCPmQpfv8zIcDYm8L0_w6pBg, 더블엑스엔터테인먼트 xxentertainment,IFtn6WxfgvQ,[Official Audio] 퍼핏보이 (puffitboi) - DIANA,2026-05-01T07:36:56Z,159.0,False,129,7.0,0.0
3557,UCPmQpfv8zIcDYm8L0_w6pBg, 더블엑스엔터테인먼트 xxentertainment,Avuy8w1mKWY,[1시간 듣기] 퍼핏보이 (puffitboi) - DIANA,2026-05-01T08:00:26Z,3647.0,False,50,2.0,0.0
3557,UCPmQpfv8zIcDYm8L0_w6pBg, 더블엑스엔터테인먼트 xxentertainment,Gj7cBjmRrUY,[LEEJIMIN]  종일봐도 생각나는 이지민의 '넌 내꺼 넌 내 남자' 음악방송 비하인드 🌸,2026-05-01T09:00:19Z,371.0,False,1225,58.0,6.0
3557,UCPmQpfv8zIcDYm8L0_w6pBg, 더블엑스엔터테인먼트 xxentertainment,3rw6i_ZoRAo,[LEEBYEONGCHAN] 노랑이들을 생각하며 만든💛 '우리 우주로' 디퓨저 조향 BEHIND,2026-05-04T09:00:06Z,76.0,False,1956,201.0,33.0
3557,UCPmQpfv8zIcDYm8L0_w6pBg, 더블엑스엔터테인먼트 xxentertainment,aJAaVtmimm8,[Official Audio] 범진 (BUMJIN) - 요즘 청춘,2026-05-06T03:00:02Z,214.0,False,398,15.0,5.0
3557,UCPmQpfv8zIcDYm8L0_w6pBg, 더블엑스엔터테인먼트 xxentertainment,s_xDgjTKmm8,[1시간 듣기] 범진 (BUMJIN) - 요즘 청춘,2026-05-06T03:30:41Z,3638.0,False,265,16.0,2.0
3557,UCPmQpfv8zIcDYm8L0_w6pBg, 더블엑스엔터테인먼트 xxentertainment,OEW8pjDxLnc,[Live Clip] 블루화 - Fly High,2026-05-06T09:00:36Z,38.0,True,679,2.0,0.0
3557,UCPmQpfv8zIcDYm8L0_w6pBg, 더블엑스엔터테인먼트 xxentertainment,_bxkvW9v9_s,[Live Clip] 블루화 - 조각행복,2026-05-08T09:01:00Z,37.0,True,1853,19.0,3.0
3557,UCPmQpfv8zIcDYm8L0_w6pBg, 더블엑스엔터테인먼트 xxentertainment,yKsoa9ynK4I,[Live Clip] 블루화 - 조각행복,2026-05-12T09:01:14Z,32.0,True,588,5.0,0.0
3557,UCPmQpfv8zIcDYm8L0_w6pBg, 더블엑스엔터테인먼트 xxentertainment,rnb_26jhI_E,[LIVE PERFORMANCE] 김기태 - 나는 나비 (원곡 : YB),2026-05-12T11:01:16Z,48.0,True,2113,97.0,10.0
3557,UCPmQpfv8zIcDYm8L0_w6pBg, 더블엑스엔터테인먼트 xxentertainment,nh2TtkGQX2M,[Audio Preview] 범진 - 나무가 되는 중,2026-05-13T09:31:12Z,34.0,True,986,21.0,4.0
3557,UCPmQpfv8zIcDYm8L0_w6pBg, 더블엑스엔터테인먼트 xxentertainment,bIf9s6dA3CQ,[Live Clip] 블루화 - Hey Girl,2026-05-14T09:00:53Z,30.0,True,432,6.0,0.0
3557,UCPmQpfv8zIcDYm8L0_w6pBg, 더블엑스엔터테인먼트 xxentertainment,9aGbvQCc_wQ,[Live Clip] 블루화 - Greenery,2026-05-16T09:00:12Z,33.0,True,432,3.0,0.0
3558,UC2eGI7us9gmMahbByyPnTwg,플래그,5fhaJEaSahA,1청크 야생 생존기,2021-06-19T10:33:54Z,483.0,False,885608,11770.0,616.0
3558,UC2eGI7us9gmMahbByyPnTwg,플래그,uqRtTb84fQw,1청크에서 낚시하기,2021-06-23T08:54:04Z,279.0,False,282539,3168.0,293.0
3558,UC2eGI7us9gmMahbByyPnTwg,플래그,3E9NXjKsRDM,"야생에서 양털 15,000개로 QR코드 만들기",2021-07-08T03:48:32Z,481.0,False,192212,2565.0,544.0
3558,UC2eGI7us9gmMahbByyPnTwg,플래그,Is3OJhPE-TY,1청크에서 주민 얻는법,2021-07-11T15:49:42Z,226.0,False,253308,2924.0,238.0
3558,UC2eGI7us9gmMahbByyPnTwg,플래그,evT2j9rixO0,플래그가 원래 힘의 1% 사용하면 생기는일,2021-08-27T14:06:49Z,18.0,True,138421,1711.0,191.0
3558,UC2eGI7us9gmMahbByyPnTwg,플래그,5kT-zl0RMh4,1청크 야생 생존기 만드는 방법,2021-10-13T10:59:37Z,136.0,False,58512,970.0,118.0
3558,UC2eGI7us9gmMahbByyPnTwg,플래그,58wOxEKHo_g,시청자들을 야생맵에 가두면 생기는일 ㄷㄷ,2021-11-28T08:17:36Z,169.0,False,430632,4953.0,203.0
3558,UC2eGI7us9gmMahbByyPnTwg,플래그,p23htNcmI2U,시참 서버를 방치하면 생기는 일...,2021-12-01T05:55:00Z,118.0,False,103530,1383.0,82.0
3558,UC2eGI7us9gmMahbByyPnTwg,플래그,1SuLnBBd47U,시청자 100명에게 크리에이티브 모드를 주면 생기는 일 ㅋㅋㅋㅋ,2021-12-02T07:00:14Z,248.0,False,109601,3534.0,197.0
3558,UC2eGI7us9gmMahbByyPnTwg,플래그,QgmV-edqPUM,시청자 100명이 동시에 그림을 그리면 생기는 일 ㄷㄷ,2021-12-06T05:55:16Z,150.0,False,34836,1286.0,82.0
3558,UC2eGI7us9gmMahbByyPnTwg,플래그,WWmCCvXlUBI,시청자들에게 공허 위를 건너라고 시켜보았다..,2021-12-17T12:25:43Z,198.0,False,43443,1029.0,76.0
3558,UC2eGI7us9gmMahbByyPnTwg,플래그,hPWDmKPUWxE,"""0.5초 동안 무조건 무적되는 방법""",2022-07-29T03:59:36Z,112.0,False,34202,570.0,114.0
3558,UC2eGI7us9gmMahbByyPnTwg,플래그,sLxXxGbq7Pc,엔더드래곤 오버월드로 데려오기,2022-11-07T11:05:22Z,494.0,False,60048,1068.0,85.0
3558,UC2eGI7us9gmMahbByyPnTwg,플래그,ka43XXtUNY4,한반도 국가 대전쟁 EP.1,2023-01-19T08:01:20Z,348.0,False,108456,1440.0,95.0
3558,UC2eGI7us9gmMahbByyPnTwg,플래그,7Twp0NFIoOY,첫 전쟁 | 한반도 국가전쟁 EP.2,2023-01-20T04:47:14Z,482.0,False,81610,988.0,100.0
3558,UC2eGI7us9gmMahbByyPnTwg,플래그,rv2ELayLa-4,패러다이스 기지가 털린 진짜 이유 EP.3,2023-03-12T14:48:24Z,530.0,False,176334,1673.0,62.0
3558,UC2eGI7us9gmMahbByyPnTwg,플래그,7MTTMTzKJK8,개 500 마리 데리고 전쟁 나가기 EP.4,2023-03-23T04:29:22Z,464.0,False,76427,922.0,42.0
3558,UC2eGI7us9gmMahbByyPnTwg,플래그,LcALDT5fyW8,공룡님 만나고 왔습니다,2023-05-09T08:19:15Z,550.0,False,299290,4312.0,77.0
3558,UC2eGI7us9gmMahbByyPnTwg,플래그,A2z-nvR2U1Y,1.20 스토킹 당하면서 스피드런 하기,2023-06-22T08:00:03Z,481.0,False,219608,2485.0,99.0
3558,UC2eGI7us9gmMahbByyPnTwg,플래그,afmqIR16C5g,1.20 파이트 클럽 우승자(였던것),2023-07-31T04:55:24Z,671.0,False,164175,2109.0,97.0
3558,UC2eGI7us9gmMahbByyPnTwg,플래그,I5D8fnZ_0dU,1.20 모든 디스크 얻어서 한번에 틀어보기,2023-09-15T10:14:26Z,500.0,False,183997,2420.0,98.0
3558,UC2eGI7us9gmMahbByyPnTwg,플래그,aPoXz-9TRR8,'ㅇ' 을 말하면 죽습니다!,2023-09-28T10:02:28Z,901.0,False,884921,9089.0,501.0
3558,UC2eGI7us9gmMahbByyPnTwg,플래그,xt5L-DfrMTQ,100마리 넘는 코마들과 숨막히는 추격전,2023-10-20T07:15:51Z,781.0,False,996016,8333.0,233.0
3558,UC2eGI7us9gmMahbByyPnTwg,플래그,vEKOx4s3uPc,모든 효과를 지닌 채로 마크깨기,2023-12-01T11:21:55Z,396.0,False,262524,3367.0,106.0
3558,UC2eGI7us9gmMahbByyPnTwg,플래그,vr0_mqtlxv8,스트리머 서버장을 죽이면 생기는 일,2023-12-08T09:12:11Z,531.0,False,601440,4860.0,114.0
3558,UC2eGI7us9gmMahbByyPnTwg,플래그,cUWRSHCvlk8,숨막히는 돈가방 추적 레이스,2023-12-17T03:29:05Z,1115.0,False,190532,3117.0,100.0
3558,UC2eGI7us9gmMahbByyPnTwg,플래그,PypBOT6N5Tg,마카오톡 최강자를 가리다,2023-12-24T08:38:43Z,624.0,False,642197,7309.0,270.0
3558,UC2eGI7us9gmMahbByyPnTwg,플래그,NWS4yWrD8Zg,1청크 안에서 극한으로 건축하기,2024-01-01T07:21:45Z,653.0,False,316732,4021.0,112.0
3558,UC2eGI7us9gmMahbByyPnTwg,플래그,H0fM4-cOWkc,발전과제 안깨고 마크 깨기,2024-01-16T06:38:02Z,516.0,False,432018,4772.0,177.0
3558,UC2eGI7us9gmMahbByyPnTwg,플래그,oZvjpuTw_F4,공룡님을 1주일 키워보았다,2024-01-21T08:59:44Z,1094.0,False,598906,10112.0,352.0
3558,UC2eGI7us9gmMahbByyPnTwg,플래그,gEdhijdGJ_w,후드에서 총으로 마크 깨기,2024-01-28T05:03:34Z,697.0,False,456407,6012.0,333.0
3558,UC2eGI7us9gmMahbByyPnTwg,플래그,QdSpCJ_YS5k,😱안무섭다안무섭다안무섭다무섭다😱,2024-02-09T06:08:14Z,828.0,False,151352,2848.0,229.0
3558,UC2eGI7us9gmMahbByyPnTwg,플래그,Ay0RS4zLJBo,아프리카 데뷔했습니다..?,2024-02-26T06:08:48Z,482.0,False,131625,2031.0,90.0
3558,UC2eGI7us9gmMahbByyPnTwg,플래그,5hHZP0-frvk,[티비플] 훈수와 욕망이 날뛰는 마인크래프트,2024-03-11T08:53:37Z,500.0,False,111912,2132.0,159.0
3558,UC2eGI7us9gmMahbByyPnTwg,플래그,tvW6uC6MNtQ,마인크래프트 모든 보스 '한방컷' 내기,2024-05-10T06:59:05Z,646.0,False,859046,7620.0,512.0
3558,UC2eGI7us9gmMahbByyPnTwg,플래그,pGRAQDmz8Rc,12년만에 출시한 '최강의 보스' 를 잡아보았다,2024-05-30T08:03:20Z,832.0,False,571220,5691.0,321.0
3558,UC2eGI7us9gmMahbByyPnTwg,플래그,odYFi9s3Neg,갔다오겠습니다,2024-06-23T06:10:29Z,680.0,False,370262,5784.0,846.0
3558,UC2eGI7us9gmMahbByyPnTwg,플래그,pvEiDJ58bSo,물 밖에 없는 마인크래프트 생존기,2025-04-05T04:18:24Z,1352.0,False,1759020,23684.0,1776.0
3558,UC2eGI7us9gmMahbByyPnTwg,플래그,u7_AN0j5UVQ,"빨간 배너 100,000개 모으기",2026-02-27T03:38:47Z,1010.0,False,367559,9421.0,1231.0
3558,UC2eGI7us9gmMahbByyPnTwg,플래그,j1l7G1DAjeA,“ㄱ”을 말하면 죽는 마인크래프트,2026-03-15T12:02:09Z,889.0,False,170329,3860.0,404.0
3558,UC2eGI7us9gmMahbByyPnTwg,플래그,YOMHKCxjknc,죽고 죽이는 마인크래프트 서버 생존기,2026-04-19T02:48:30Z,883.0,False,176632,5207.0,529.0
3559,UC-pgw70ktaYiAfCHejlFoIw,Sonnet l 손승연,__MBNzWZaOI,𝐖𝐢𝐬𝐡𝐢𝐧𝐠 𝐟𝐨𝐫 𝐑𝐚𝐢𝐧 𝟎𝟗.𝟏𝟓 𝐏𝐌𝟏𝟐 [𝐊𝐒𝐓] #☔️#손승연 #sonnet #new #newmusic #newsingle,2025-09-04T15:28:40Z,12.0,True,23988,252.0,5.0
3559,UC-pgw70ktaYiAfCHejlFoIw,Sonnet l 손승연,yHWMmzBA4wI,𝑾𝒊𝒔𝒉𝒊𝒏𝒈 𝒇𝒐𝒓 𝑹𝒂𝒊𝒏 [𝑻𝒆𝒂𝒔𝒆𝒓] #손승연 #sonnet #newmusic #newsingle,2025-09-05T13:11:29Z,24.0,True,1932,64.0,5.0
3559,UC-pgw70ktaYiAfCHejlFoIw,Sonnet l 손승연,aO8xaIn502I,Sonnet Son (손승연) - Wishing for Rain MV [Teaser],2025-09-08T13:00:02Z,23.0,True,933,90.0,3.0
3559,UC-pgw70ktaYiAfCHejlFoIw,Sonnet l 손승연,_oiA1o8Vre0,Sonnet Son (손승연) - Wishing for Rain MV [Teaser2],2025-09-13T11:01:03Z,30.0,True,798,69.0,6.0
3559,UC-pgw70ktaYiAfCHejlFoIw,Sonnet l 손승연,hY7hBag_3Og,𝑾𝒊𝒔𝒉𝒊𝒏𝒈 𝒇𝒐𝒓 𝑹𝒂𝒊𝒏 [𝑻𝒆𝒂𝒔𝒆𝒓𝟐] #손승연 #sonnet #newmusic #newsong #teaser,2025-09-13T12:31:27Z,28.0,True,11511,79.0,3.0
3559,UC-pgw70ktaYiAfCHejlFoIw,Sonnet l 손승연,Wiuf2inyffo,Sonnet Son (손승연) - Wishing for Rain (Official Music Video),2025-09-15T03:00:28Z,236.0,False,624857,2059.0,94.0
3559,UC-pgw70ktaYiAfCHejlFoIw,Sonnet l 손승연,m9-H0a7H8-s,Sonnet Son (손승연) - Wishing for Rain ☔️ #sonnet #손승연 #rain #newmusic,2025-09-17T05:03:59Z,51.0,True,1894443,449.0,21.0
3559,UC-pgw70ktaYiAfCHejlFoIw,Sonnet l 손승연,U-TAsmv2B_4,Sonnet Son(손승연) - Wishing for Rain #손승연 #sonnet #newmusic,2025-09-18T11:46:39Z,50.0,True,971018,356.0,12.0
3559,UC-pgw70ktaYiAfCHejlFoIw,Sonnet l 손승연,wOdzPmvBViU,"If it’s not the rain, but if it were you,Could I forget you? 비가 아닌 네가 내린다면널 잊을 수 있을까 #손승연 #sonnet",2025-09-19T17:10:37Z,41.0,True,709575,334.0,11.0
3559,UC-pgw70ktaYiAfCHejlFoIw,Sonnet l 손승연,YXF042GagHE,"Hope it will rain,And then I’ll let go of the season called you.비였으면 해 그래야 너라는 계절도 보내 줄 수 있을텐데",2025-09-20T13:22:30Z,50.0,True,7122,413.0,19.0
3559,UC-pgw70ktaYiAfCHejlFoIw,Sonnet l 손승연,ZqZaMnSwlcg,I just loved youCan I love again?사랑했을뿐이야다시 사랑할 수 있을까? #손승연 #sonnet #☔️ #newmusic #playlist,2025-09-22T15:16:02Z,34.0,True,8689,312.0,16.0
3559,UC-pgw70ktaYiAfCHejlFoIw,Sonnet l 손승연,JzUsiNW3Mq4,비가 계속 오네요☔️Rain keeps falling… #sonnet #손승연 #music #newmusic #rain #playlist,2025-09-24T13:42:20Z,50.0,True,7538,322.0,13.0
3559,UC-pgw70ktaYiAfCHejlFoIw,Sonnet l 손승연,4m4lA-GUl4k,Nobody knows me아무도 이런 날 모를테니..#손승연 #sonnet #wishingforrain #song #new #newmusic #playlist #spotify,2025-09-26T15:35:44Z,22.0,True,297014,2391.0,7.0
3559,UC-pgw70ktaYiAfCHejlFoIw,Sonnet l 손승연,c21swF2TCec,[LIVE] Sonnet Son - Wishing for Rain #new #newmusic #newmusicalert #newsong #playlist #sonnet #손승연,2025-09-28T02:30:55Z,63.0,False,313779,1012.0,8.0
3559,UC-pgw70ktaYiAfCHejlFoIw,Sonnet l 손승연,aHrOWjVgdKY,"I hope it will rain,And then it‘ll make my heart feel drenched.비였으면 해내 맘이 젖을 수 있게 #sonnet #손승연",2025-09-30T15:18:12Z,32.0,True,6575,237.0,8.0
3559,UC-pgw70ktaYiAfCHejlFoIw,Sonnet l 손승연,P5P1BCYMTB4,#손승연 #club #tour 오늘부터 시작합니다!☺️Sonnet Son (손승연) - Wishing for Rain☔️,2025-10-03T10:00:07Z,40.0,True,7307,310.0,12.0
3559,UC-pgw70ktaYiAfCHejlFoIw,Sonnet l 손승연,dqmlB4Dn7s4,#손승연 #클럽투어 🎙️New Single Release Live Club Tour10/5 재즈엑스오버 성수 Sonnet Son (손승연) - Wishing for Rain☔️,2025-10-07T05:04:43Z,56.0,True,6853,181.0,3.0
3559,UC-pgw70ktaYiAfCHejlFoIw,Sonnet l 손승연,AdJKJYcxn8s,#손승연 #클럽투어 🎙️New Single Release Live Club Tour10/5 재즈엑스오버 성수 Sonnet Son (손승연) - Wishing for Rain☔️,2025-10-08T02:38:47Z,45.0,True,268963,1611.0,6.0
3559,UC-pgw70ktaYiAfCHejlFoIw,Sonnet l 손승연,dMZ2SR7VhWQ,2025 JAZZ CLUB TOUR | 손승연 (Sonnet Son) - Wishing For Rain [LIVE],2025-10-08T16:24:15Z,240.0,False,2255,135.0,11.0
3559,UC-pgw70ktaYiAfCHejlFoIw,Sonnet l 손승연,yo9b4xiK97s,2025 JAZZ CLUB TOUR | 손승연 (Sonnet Son) - Wishing For Rain [LIVE],2025-10-10T14:01:41Z,248.0,False,1306,100.0,6.0
3559,UC-pgw70ktaYiAfCHejlFoIw,Sonnet l 손승연,de4NlUpagJo,#손승연 #클럽투어 🎙️New Single Release Live Club Tour 10/09 연남5701 Sonnet Son (손승연) - Wishing for Rain☔️,2025-10-11T12:59:00Z,56.0,True,10963,351.0,11.0
3559,UC-pgw70ktaYiAfCHejlFoIw,Sonnet l 손승연,wbb309LOwXo,#손승연 #클럽투어 🎙️New Single Release Live Club Tour10/09 연남5701 #sonnet Son (손승연) - Wishing for Rain☔️,2025-10-13T14:23:16Z,56.0,True,5299,108.0,0.0
3559,UC-pgw70ktaYiAfCHejlFoIw,Sonnet l 손승연,W9UDD5O9onU,2025 JAZZ CLUB TOUR | 손승연 (Sonnet Son) - Purple Rain by Prince [LIVE],2025-10-14T12:01:06Z,482.0,False,59570,274.0,22.0
3559,UC-pgw70ktaYiAfCHejlFoIw,Sonnet l 손승연,om6DoV6_qgk,#손승연 #클럽투어 🎙️New Single Release Live Club Tour10/5 재즈엑스오버 성수 #sonnet Son (손승연) - Purple Rain☔️,2025-10-14T14:14:26Z,24.0,True,7506,101.0,1.0
3559,UC-pgw70ktaYiAfCHejlFoIw,Sonnet l 손승연,KhTppvvDWvM,#손승연 #클럽투어 🎙️New Single Release Live Club Tour10/10 천년동안도 낙원 #sonnet Son (손승연) - Purple Rain☔️,2025-10-15T14:25:46Z,32.0,True,8616,126.0,4.0
3559,UC-pgw70ktaYiAfCHejlFoIw,Sonnet l 손승연,SyjR1FIoYpM,2025 JAZZ CLUB TOUR | 손승연 (Sonnet Son) - Always Remember Us This Way [LIVE],2025-10-16T12:30:46Z,222.0,False,2130,121.0,14.0
3559,UC-pgw70ktaYiAfCHejlFoIw,Sonnet l 손승연,3XWO3aXiRoc,#클럽투어 🎙️New Single Release Live Club Tour 10/4 코튼클럽사운즈한남 #sonnet #손승연 - Always Remember Us This Way,2025-10-16T15:24:46Z,31.0,True,8027,277.0,11.0
3559,UC-pgw70ktaYiAfCHejlFoIw,Sonnet l 손승연,L7I-h6nD7Mw,2025 JAZZ CLUB TOUR | 손승연 (Sonnet Son) - Die With A Smile [LIVE],2025-10-19T11:00:36Z,307.0,False,2199,114.0,6.0
3559,UC-pgw70ktaYiAfCHejlFoIw,Sonnet l 손승연,n3ZvppgVjjw,#손승연 #클럽투어 🎙️New Single Release Live Club Tour10/16 인스파이어컬쳐 동탄 #sonnet Son (손승연) - Die with a smile,2025-10-19T14:16:09Z,28.0,True,10848,348.0,4.0
3559,UC-pgw70ktaYiAfCHejlFoIw,Sonnet l 손승연,tH_MQlN1of4,#손승연 #클럽투어 🎙️New Single Release Live Club Tour10/10 천년동안도 낙원 #sonnet Son (손승연) - Purple Rain☔️,2025-10-22T05:26:55Z,18.0,True,10962,145.0,4.0
3559,UC-pgw70ktaYiAfCHejlFoIw,Sonnet l 손승연,xi_A7PV4gY0,2025 JAZZ CLUB TOUR | 손승연 (Sonnet Son) - Sweet Baby of Mine [LIVE],2025-10-26T14:59:33Z,274.0,False,1867,97.0,11.0
3559,UC-pgw70ktaYiAfCHejlFoIw,Sonnet l 손승연,s37TpwVWh9g,2025 JAZZ CLUB TOUR | 손승연 (Sonnet Son) - Rolling In The Deep [LIVE],2025-11-07T12:01:58Z,242.0,False,3041,192.0,16.0
3559,UC-pgw70ktaYiAfCHejlFoIw,Sonnet l 손승연,-Yf2q8K5w74,손승연 2025 데뷔13주년 팬미팅 in 고성 | 스케치 영상,2025-11-20T03:32:04Z,76.0,False,2564,135.0,23.0
3559,UC-pgw70ktaYiAfCHejlFoIw,Sonnet l 손승연,LxcecT9tE5E,#손승연 #한일톱텐쇼 #내하나의사람은가고 #임희숙 #sonnet,2025-11-26T05:22:51Z,55.0,True,107694,2278.0,82.0
3559,UC-pgw70ktaYiAfCHejlFoIw,Sonnet l 손승연,eXJkzPp7T0w,#한일톱텐쇼 #손승연 #에녹 #바람기억 #나얼 #듀엣 #sonnet,2025-11-26T08:03:36Z,57.0,True,37547,758.0,16.0
3559,UC-pgw70ktaYiAfCHejlFoIw,Sonnet l 손승연,aTCInlmqmxk,뉴욕에서 부르는🗽Empire State Of Mind #sonnet #손승연 #newyork #nyc #empirestateofmind,2025-12-24T08:12:53Z,40.0,True,11101,275.0,11.0
3559,UC-pgw70ktaYiAfCHejlFoIw,Sonnet l 손승연,xO0zrdCfd5o,Merry Christmas 🎁🎄#newyork #nyc #underneaththetree #kellyclarkson #손승연 #sonnet #timessquare,2025-12-25T19:57:01Z,35.0,True,18262,447.0,28.0
3559,UC-pgw70ktaYiAfCHejlFoIw,Sonnet l 손승연,Pk7hYQlUHWw,사랑을 믿을거야 in New York #newyork #nyc #ny #memphis #musical #손승연 #sonnet #lovewillstandwhenallelsefalls,2025-12-26T17:05:31Z,58.0,True,6668,190.0,8.0
3559,UC-pgw70ktaYiAfCHejlFoIw,Sonnet l 손승연,O6bpEWMx9Mc,아무렇지 않은척 했지만 사실은 떨려 죽을 뻔한 뉴욕에서의 첫 오픈마이크🎤 #birdland #newyork #nyc #ny #jazzclub #손승연 #sonnet,2025-12-30T15:17:49Z,60.0,True,31158,418.0,22.0
3559,UC-pgw70ktaYiAfCHejlFoIw,Sonnet l 손승연,EzGgK2_aDQo,뉴욕 노래방 RPM에서 #defyinggravity 부른 썰💚 #wicked #newyork #karaoke #sonnet #손승연 #뉴욕 #노래방,2026-01-11T04:33:43Z,34.0,True,12716,245.0,16.0
3559,UC-pgw70ktaYiAfCHejlFoIw,Sonnet l 손승연,jwqyhyMRgbY,Fly - @tonestith  #cover #손승연 #sonnet #fly #tonestith,2026-01-12T00:04:28Z,62.0,False,4540,159.0,11.0
3559,UC-pgw70ktaYiAfCHejlFoIw,Sonnet l 손승연,P3IbnTK01YE,손승연(Sonnet Son) - Only Tonight [LIVE Video],2026-04-20T08:53:54Z,260.0,False,35995,891.0,98.0
3559,UC-pgw70ktaYiAfCHejlFoIw,Sonnet l 손승연,LozqpmezsSY,손승연(Sonnet Son) - Only Tonight [LIVE video] #1등들 #손승연 #onlytonight #sonnet,2026-04-20T09:50:10Z,23.0,True,364907,1945.0,52.0
3559,UC-pgw70ktaYiAfCHejlFoIw,Sonnet l 손승연,UBm9x2Mz69o,1등 중에 1등 | 최종 우승 손승연 MBC 1등들 댓글읽기,2026-04-26T09:00:38Z,1115.0,False,18957,713.0,212.0
3559,UC-pgw70ktaYiAfCHejlFoIw,Sonnet l 손승연,mT1ICI2y0hQ,손승연 (Sonnet Son) - Only Tonight #손승연 #sonnet #onlytonight,2026-04-26T12:44:40Z,42.0,True,407304,1557.0,16.0
3559,UC-pgw70ktaYiAfCHejlFoIw,Sonnet l 손승연,vvzTQMFqaio,#손승연 #sonnet #onlytonight 손승연 (Sonnet Son) - Only Tonight LIVE Clip #1등들,2026-04-27T12:08:43Z,18.0,True,50686,467.0,8.0
3559,UC-pgw70ktaYiAfCHejlFoIw,Sonnet l 손승연,pJ6gzvnxbrg,예쁨과 못생김의 차이  #손승연 #1등들 #댓글읽기 #sonnet,2026-05-10T03:58:11Z,31.0,True,24296,286.0,22.0
3559,UC-pgw70ktaYiAfCHejlFoIw,Sonnet l 손승연,SR31k8-0kdg,잔소리는 다 빼 (잔소리 Stop It) #손승연 #1등들 #sonnet #twice #wannabe #mbc,2026-05-12T14:28:19Z,18.0,True,16580,108.0,5.0
3559,UC-pgw70ktaYiAfCHejlFoIw,Sonnet l 손승연,vIbmzOBo2uI,To. 신승태 선생님 #손승연 #1등들 #sonnet #mbc #신승태,2026-05-14T15:06:30Z,24.0,True,6712,138.0,12.0
3559,UC-pgw70ktaYiAfCHejlFoIw,Sonnet l 손승연,23UMiqrpUNo,그냥 손승연이 싫어요 #손승연 #sonnet #1등들 #mbc #댓글읽기 #싫어요,2026-05-16T11:36:39Z,18.0,True,2235,45.0,12.0
3560,UC_nWnMfuizqJz0-SvaqaqPg,로첼리,7U2VL8_uBUs,여자 목소리로 변태남을 꼬셔보았다 ㅋㅋ [로첼리/Rochelli],2018-06-03T09:49:51Z,217.0,False,550098,7657.0,2117.0
3560,UC_nWnMfuizqJz0-SvaqaqPg,로첼리,31o2HgS2AD0,리얼 그림 접을뻔한 썰 [With묘송이],2018-06-04T07:39:46Z,599.0,False,202818,4935.0,634.0
3560,UC_nWnMfuizqJz0-SvaqaqPg,로첼리,Krul8HaQnfo,여자 목소리로 불러본 연애 서큘레이션 【양성류 에디션】 両声類 edition (恋愛サーキュレーション),2018-06-07T07:00:01Z,101.0,False,205299,5499.0,1047.0
3560,UC_nWnMfuizqJz0-SvaqaqPg,로첼리,19UkufnpCZ0,Ed sheeran - Shape Of You💋 ( cover by Rochelli ),2018-06-28T07:30:00Z,182.0,False,346658,8637.0,1956.0
3560,UC_nWnMfuizqJz0-SvaqaqPg,로첼리,jNlzj3qm3lo,【로첼리】 자아분열 Choose Me / 양성류 에디션 (Korean Lyrics),2018-08-01T04:00:03Z,240.0,False,809195,14555.0,2061.0
3560,UC_nWnMfuizqJz0-SvaqaqPg,로첼리,tVcT1xoEOnI,☪Sailor star song☪ 【쁘띠허브*꽃핀*구리리*로첼리*야코코*야토링*구애*가화】,2018-08-03T08:00:03Z,233.0,False,663859,9825.0,1306.0
3560,UC_nWnMfuizqJz0-SvaqaqPg,로첼리,nWrxc7xZge4,끝가지 보면 후회없는 스피드페인팅 [Speed painting/Speed Draw],2018-08-15T04:52:08Z,597.0,False,31828,841.0,98.0
3560,UC_nWnMfuizqJz0-SvaqaqPg,로첼리,vYrKF6IZMlk,[리뷰] 8만9천원 타블렛! 과연 좋을까? [Xp - pen],2018-09-02T10:15:31Z,318.0,False,293969,5541.0,1144.0
3560,UC_nWnMfuizqJz0-SvaqaqPg,로첼리,7ZxcA9RtT9M,"폰그림,손그림러 주목! 타블렛을 사야하는 이유!",2018-10-18T10:50:47Z,279.0,False,172870,3860.0,1063.0
3560,UC_nWnMfuizqJz0-SvaqaqPg,로첼리,8lQrXL-0mrg,[그림Tip] 무.조.건!! 그림이 이뻐보이는 방법 [로첼리/Rochelli],2018-10-21T05:23:44Z,361.0,False,315342,11191.0,535.0
3560,UC_nWnMfuizqJz0-SvaqaqPg,로첼리,a9HCvXqTR60,[그림Tip] 채색법엔 어떠한 종류가 있을까?! #1 [로첼리/Rochelli],2018-10-25T08:00:45Z,538.0,False,432439,11044.0,240.0
3560,UC_nWnMfuizqJz0-SvaqaqPg,로첼리,7b5RpP57ps4,[그림Tip] 채색법엔 어떠한 종류가 있을까?! #2 [로첼리/Rochelli],2018-10-26T08:32:53Z,524.0,False,170822,4722.0,161.0
3560,UC_nWnMfuizqJz0-SvaqaqPg,로첼리,rMESeAKP64Y,"[18금 주의] 임개리..넌 내꺼야♥ [로첼리,개리,플레인,꼬별땅]",2018-10-29T05:57:49Z,326.0,False,107573,1806.0,248.0
3560,UC_nWnMfuizqJz0-SvaqaqPg,로첼리,xcnnW7WxsQI,【로첼리/Rochelli】 Glow (cover)   Piano&Strings Acoustic .Ver,2018-11-05T12:33:48Z,293.0,False,20161,599.0,79.0
3560,UC_nWnMfuizqJz0-SvaqaqPg,로첼리,7m7HTEzOaOM,커미션 신청자님..? [Speed painting/Rochelli/로첼리],2018-11-16T23:46:01Z,616.0,False,104078,1922.0,176.0
3560,UC_nWnMfuizqJz0-SvaqaqPg,로첼리,zbuNKKXGm94,【이어폰필수】랜덤매칭 중국인과 신음배틀 [미안해요 펑티모],2018-11-19T08:11:22Z,369.0,False,205364,1692.0,179.0
3560,UC_nWnMfuizqJz0-SvaqaqPg,로첼리,HOjABCc6mqI,첼선생과 묘송이 [제3장] 제자와 선생의 합작!,2018-11-29T11:13:32Z,766.0,False,319198,4450.0,458.0
3560,UC_nWnMfuizqJz0-SvaqaqPg,로첼리,WI6Q7ICnnvo,修羅ノ庭/수라의 정원 - Speedpainting,2018-12-29T09:31:49Z,1554.0,False,14305,471.0,51.0
3560,UC_nWnMfuizqJz0-SvaqaqPg,로첼리,pQTQ9i-rS8k,【로첼리】 레디레レディーレ/Redire 불러보았다,2019-04-19T11:15:24Z,235.0,False,11819,483.0,40.0
3560,UC_nWnMfuizqJz0-SvaqaqPg,로첼리,lrdUmHR9FSc,【로첼리】 악의하인 커버 (惡ノ召使 Cover),2019-04-28T11:33:33Z,362.0,False,221051,3850.0,340.0
3560,UC_nWnMfuizqJz0-SvaqaqPg,로첼리,NaSeFmMWyys,【로첼리】리그렛메세지 ( 악의하인 다음 이야기 )  Ballad version COVER,2019-04-29T12:07:07Z,367.0,False,79761,1910.0,142.0
3560,UC_nWnMfuizqJz0-SvaqaqPg,로첼리,RXnzuNh7uDg,액정타블렛! 과연 어떨까?,2019-06-23T08:28:39Z,591.0,False,110262,2328.0,272.0
3560,UC_nWnMfuizqJz0-SvaqaqPg,로첼리,W08Go7tIskw,神の名前に堕ちる者 신의 이름앞에 타락하는 자/ 로첼리  cover,2019-07-30T08:22:17Z,239.0,False,21313,546.0,55.0
3560,UC_nWnMfuizqJz0-SvaqaqPg,로첼리,vi2JoNwJNu8,로꼬(Loco) & 화사(Hwasa) - 주지 마(Don't give it to me)┃ 【로첼리&조섭】,2019-08-08T08:43:29Z,241.0,False,9293,285.0,38.0
3560,UC_nWnMfuizqJz0-SvaqaqPg,로첼리,a7PrjMDVnHg,화려한 그림구도 잡는 꿀팁! [로첼리/Rochelli],2019-09-06T08:51:38Z,370.0,False,330070,8780.0,167.0
3560,UC_nWnMfuizqJz0-SvaqaqPg,로첼리,8nErRs1YFuE,의뢰자 그림을 일러스트레이터가 그린다면?!,2019-10-18T09:19:31Z,615.0,False,188360,3445.0,188.0
3560,UC_nWnMfuizqJz0-SvaqaqPg,로첼리,GjMv0B143WM,[Vocal only/Acapella]  신의 이름앞에 타락하는 자  神の名前に堕ちる者,2019-11-15T08:02:18Z,239.0,False,9059,287.0,26.0
3560,UC_nWnMfuizqJz0-SvaqaqPg,로첼리,D78hq7bjuRA,사계절의 날개 四季折の羽 COVER,2019-12-09T12:46:35Z,287.0,False,83362,1846.0,135.0
3560,UC_nWnMfuizqJz0-SvaqaqPg,로첼리,6HqoK0-emQA,가호-시작 ┃ Cover by 로첼리 ＜이태원 클라쓰(Itaewon class)＞,2020-03-21T08:31:48Z,200.0,False,28618,845.0,115.0
3560,UC_nWnMfuizqJz0-SvaqaqPg,로첼리,CRUeZkXh8g4,(심규선)-화조도花鳥圖  Cover,2020-04-25T15:13:41Z,356.0,False,40505,770.0,74.0
3560,UC_nWnMfuizqJz0-SvaqaqPg,로첼리,LSlbHt3k_QI,【COVER】 심규선-아라리/Arari,2020-05-30T07:52:28Z,330.0,False,21271,550.0,62.0
3560,UC_nWnMfuizqJz0-SvaqaqPg,로첼리,c_K5rLPCQcg,[Cover]  Dreamless・Dreams / 【Rochelli】,2020-06-25T00:08:20Z,222.0,False,8446,323.0,25.0
3560,UC_nWnMfuizqJz0-SvaqaqPg,로첼리,6YTAqfkTUHs,Cover】  K/DA - POP STARS,2020-06-25T15:00:03Z,192.0,False,40976,835.0,63.0
3560,UC_nWnMfuizqJz0-SvaqaqPg,로첼리,jy4bj4ISCi0,【Cover】 마후마후(まふまふ) / 종점 (終点),2020-06-27T11:59:01Z,207.0,False,27711,656.0,65.0
3560,UC_nWnMfuizqJz0-SvaqaqPg,로첼리,kfklD3zdMFs,★커버곡★ 일러스트 그리는법!,2021-02-06T03:06:59Z,650.0,False,41252,1019.0,39.0
3560,UC_nWnMfuizqJz0-SvaqaqPg,로첼리,rEEawD8ooqQ,Gallant - Weight in Gold  / Cover♬,2021-02-08T00:55:02Z,203.0,False,11259,265.0,27.0
3560,UC_nWnMfuizqJz0-SvaqaqPg,로첼리,o9vvhFB-Ge4,Land of Lola💋  [#뮤지컬킹키부츠],2021-06-18T09:56:02Z,187.0,False,30715,536.0,41.0
3560,UC_nWnMfuizqJz0-SvaqaqPg,로첼리,HvM3yA82uds,[로첼리] Christopher-BAD (Live ver.) MTF Cover,2021-11-03T10:21:11Z,194.0,False,27552,395.0,30.0
3560,UC_nWnMfuizqJz0-SvaqaqPg,로첼리,vCrJqzuZNrY,"""네 허물도 사랑해"" Hold Me in Your Heart Cover",2021-12-07T04:32:13Z,187.0,False,15223,186.0,15.0
3560,UC_nWnMfuizqJz0-SvaqaqPg,로첼리,sc1SqJ-6AuM,마크툽 (MAKTUB) - 찰나가 영원이 될 때 (The Eternal Moment) [Cover by Rochelli],2023-01-28T12:27:56Z,244.0,False,14440,196.0,20.0
3560,UC_nWnMfuizqJz0-SvaqaqPg,로첼리,CUHMtMrV6YU,【리뷰】 가성비 갑 액정타블렛으로 그림을 그린다면?,2023-02-28T09:00:06Z,1139.0,False,8469,107.0,12.0
3560,UC_nWnMfuizqJz0-SvaqaqPg,로첼리,mTumVSdskYM,死ぬとき死ねばいい 죽을 때 죽으면 돼 /cover,2023-03-09T22:21:23Z,351.0,False,4282,98.0,13.0
3560,UC_nWnMfuizqJz0-SvaqaqPg,로첼리,b7GCyEUb0vE,Donny Hathaway - A song for you 노래 연습 😊,2023-05-14T10:25:54Z,124.0,False,1966,46.0,4.0
3560,UC_nWnMfuizqJz0-SvaqaqPg,로첼리,E85LW_12Gao,"Ado - 踊 (Odo,춤) / Cover by Rochelli",2023-05-15T10:37:08Z,209.0,False,9865,154.0,8.0
3560,UC_nWnMfuizqJz0-SvaqaqPg,로첼리,0Vkd1Hc3ITA,Bishop Briggs  - River 【COVER by Rochelli】,2023-08-06T13:11:20Z,216.0,False,2733,58.0,6.0
3560,UC_nWnMfuizqJz0-SvaqaqPg,로첼리,TD4OVnMZwiw,시작하자 싸대기의 폭풍을 「華の淑女」 Cover,2023-10-01T21:13:46Z,75.0,False,5033,72.0,9.0
3560,UC_nWnMfuizqJz0-SvaqaqPg,로첼리,lo7FzU8YrlE,📺🐹추억의 애니송메들리 17곡 불러봄🐹🎵🌷,2023-11-18T01:00:32Z,1636.0,False,11373,176.0,14.0
3560,UC_nWnMfuizqJz0-SvaqaqPg,로첼리,4PO4J4_pYN8,트랜스젠더 로제,2023-12-24T13:52:16Z,,False,0,0.0,0.0
3560,UC_nWnMfuizqJz0-SvaqaqPg,로첼리,O76KxjWH1k8,『心臓を捧げよ！』 심장을 바쳐라! COVER - 진격의 거인 Season2,2024-05-03T04:27:21Z,340.0,False,15352,162.0,47.0
3560,UC_nWnMfuizqJz0-SvaqaqPg,로첼리,Raggj7Gj5n4,『海の幽霊』바다의 유령  Kenshi Yonezu - Spirits of the Sea [Cover by Rochelli],2025-08-13T08:56:54Z,256.0,False,22414,217.0,133.0
3561,UCIJBt-DqtODaUKGKI5H01fg,Toon Tube,TNCkp7QnD_c,쥬라기월드 더 게임 버그 없이 상위 전설 공룡 포함 6마리 얻는 방법! [배틀토이],2018-09-25T23:00:01Z,649.0,False,48558,332.0,99.0
3561,UCIJBt-DqtODaUKGKI5H01fg,Toon Tube,eU9nAIIOAeQ,쥬라기월드 더 게임 골드 전설 단골 팩 포함 전설 공룡들 잔뜩 뽑는 영상 [배틀토이],2018-10-07T08:00:02Z,725.0,False,19002,207.0,40.0
3561,UCIJBt-DqtODaUKGKI5H01fg,Toon Tube,Rbw9VVx_mWU,쥬라기월드 에볼루션 한국어 패치 완료! 음성까지 한국어?! 기념으로 99마리 공룡 생존 게임 [배틀토이],2018-10-08T23:00:03Z,942.0,False,18967,179.0,26.0
3561,UCIJBt-DqtODaUKGKI5H01fg,Toon Tube,0QZcVTKQeos,study with me music LIVE 공부 할 때 듣는 음악,2023-10-06T03:16:24Z,,False,0,0.0,0.0
3561,UCIJBt-DqtODaUKGKI5H01fg,Toon Tube,5r3gIJXpsoY,웃으면 화가 나는 영상 로블록스,2024-06-22T05:45:00Z,54.0,True,11028,218.0,11.0
3561,UCIJBt-DqtODaUKGKI5H01fg,Toon Tube,ikPWUWt9ayE,웃으면 화가 나는 로블록스 영상,2024-06-22T23:00:18Z,59.0,True,9327,158.0,3.0
3561,UCIJBt-DqtODaUKGKI5H01fg,Toon Tube,cYhIwltQrbg,웃으면 화가 나는 로블록스 영상,2024-06-23T08:00:26Z,56.0,True,5919,74.0,7.0
3561,UCIJBt-DqtODaUKGKI5H01fg,Toon Tube,pBaogk87tew,웃으면 화가 나는 로블록스 영상 #로블록스 #roblox,2024-06-24T08:00:34Z,58.0,True,3363,53.0,5.0
3561,UCIJBt-DqtODaUKGKI5H01fg,Toon Tube,cHfN79dsaM8,웃으면 화가 나는 로블록스 영상 #로블록스 #roblox,2024-06-24T12:00:37Z,57.0,True,3022,46.0,5.0
3561,UCIJBt-DqtODaUKGKI5H01fg,Toon Tube,GAxiFFu32NM,웃으면 화가 나는 로블록스 영상 #로블록스 #roblox,2024-06-25T08:00:16Z,55.0,True,6156,99.0,0.0
3561,UCIJBt-DqtODaUKGKI5H01fg,Toon Tube,0Sa_P7s_yyE,긴머리 친구 #로블록스 #roblox,2024-06-25T12:00:01Z,59.0,True,2648,66.0,0.0
3561,UCIJBt-DqtODaUKGKI5H01fg,Toon Tube,AuTOrNgsz88,아무거나 #로블록스 #roblox,2024-06-26T08:00:11Z,57.0,True,10181,299.0,4.0
3561,UCIJBt-DqtODaUKGKI5H01fg,Toon Tube,djcmOKVeAmE,신인 아이돌그룹 #로블록스 #roblox,2024-06-26T11:00:41Z,60.0,True,8936,232.0,2.0
3561,UCIJBt-DqtODaUKGKI5H01fg,Toon Tube,koKpqx6eQ0o,PC방을 좋아하는 남친 #로블록스 #roblox,2024-06-27T08:00:32Z,58.0,True,535,13.0,0.0
3561,UCIJBt-DqtODaUKGKI5H01fg,Toon Tube,mx9IHmKSyI4,웃으면 화가 나는 로블록스 영상 #로블록스 #roblox,2024-06-28T08:00:27Z,59.0,True,1827,25.0,0.0
3561,UCIJBt-DqtODaUKGKI5H01fg,Toon Tube,rBZW5AujMCE,나 따라하지 마 #로블록스 #roblox,2024-06-28T23:00:33Z,57.0,True,13269,362.0,3.0
3561,UCIJBt-DqtODaUKGKI5H01fg,Toon Tube,sa2klIq5uRo,일진들이 화장을 하지 말라고 한다 #로블록스 #roblox,2024-06-29T08:00:29Z,58.0,True,11905,414.0,1.0
3561,UCIJBt-DqtODaUKGKI5H01fg,Toon Tube,4CXLG3C8y-Q,우린 왜 공부를 해야하는걸까? #로블록스 #상황극,2024-06-29T23:00:05Z,58.0,True,2044,39.0,0.0
3561,UCIJBt-DqtODaUKGKI5H01fg,Toon Tube,cn5c4BPBvmk,나 아니야 억울해 #로블록스 #상황극,2024-06-30T08:00:31Z,58.0,True,2948,98.0,2.0
3561,UCIJBt-DqtODaUKGKI5H01fg,Toon Tube,KN67SlM1hB8,거짓말 하면 못생겨진다 #로블록스 #상황극,2024-07-01T08:00:10Z,55.0,True,4541,122.0,2.0
3561,UCIJBt-DqtODaUKGKI5H01fg,Toon Tube,ulG_UC5Gvpc,이 놀이터에서 나가 #로블록스 #상황극,2024-07-02T08:00:35Z,56.0,True,11176,291.0,3.0
3561,UCIJBt-DqtODaUKGKI5H01fg,Toon Tube,_AKRW6Hf6no,미래에서 온 친구 #로블록스 #상황극,2024-07-03T08:00:20Z,60.0,True,10805,338.0,4.0
3561,UCIJBt-DqtODaUKGKI5H01fg,Toon Tube,pnhQDxQI4i8,우린 언제 놀 수 있나요? #로블록스 #상황극,2024-07-04T08:00:28Z,55.0,True,10987,385.0,2.0
3561,UCIJBt-DqtODaUKGKI5H01fg,Toon Tube,WQb5fr3TYwg,학교재판 #로블록스 #상황극,2024-07-05T08:00:15Z,57.0,True,240,5.0,0.0
3561,UCIJBt-DqtODaUKGKI5H01fg,Toon Tube,WlSKe0IrrSk,쫄?  #로블록스#상황극,2024-07-05T23:00:19Z,57.0,True,10962,451.0,3.0
3561,UCIJBt-DqtODaUKGKI5H01fg,Toon Tube,JRq5dG33CEI,찐따가 일진이 되려 할 때 #로블록스 #상황극 #로블계,2024-07-06T08:00:10Z,56.0,True,11564,343.0,2.0
3561,UCIJBt-DqtODaUKGKI5H01fg,Toon Tube,5Px1UYpgTb0,비교하지 마세요 #로블록스 #로블계 #상황극,2024-07-06T23:00:01Z,60.0,True,15360,375.0,5.0
3561,UCIJBt-DqtODaUKGKI5H01fg,Toon Tube,OEJ0e5Hgdzg,무조건 용서 해야 함 #로블록스 #로블계 #상황극,2024-07-07T08:00:19Z,58.0,True,11098,336.0,3.0
3561,UCIJBt-DqtODaUKGKI5H01fg,Toon Tube,uyIU6IAts64,너희들은 꿈이 뭐야? #로블록스 #로블계 #상황극,2024-07-08T08:00:36Z,58.0,True,221,8.0,1.0
3561,UCIJBt-DqtODaUKGKI5H01fg,Toon Tube,Dm5jJXqnE9E,성공한 힙합 선배 #로블록스 #로블계 #상황극,2024-07-09T08:00:11Z,55.0,True,1849,32.0,0.0
3561,UCIJBt-DqtODaUKGKI5H01fg,Toon Tube,en64PfzOBFg,분노조절잘해 #로블록스 #로블계 #상황극,2024-07-10T08:00:25Z,56.0,True,10376,284.0,1.0
3561,UCIJBt-DqtODaUKGKI5H01fg,Toon Tube,kx2QjjBR7vg,공감하기 힘들다 #로블록스 #로블계 #상황극,2024-07-11T08:00:27Z,55.0,True,1918,39.0,1.0
3561,UCIJBt-DqtODaUKGKI5H01fg,Toon Tube,l6UIhg5NOcw,친구 남자친구 욕하기 #로블록스 #로블계 #상황극,2024-07-12T08:00:24Z,57.0,True,6392,116.0,2.0
3561,UCIJBt-DqtODaUKGKI5H01fg,Toon Tube,lRRR-x3jHR8,난 물만 마셔도 살이 쪄 #로블록스 #로블계 #상황극,2024-07-12T23:00:21Z,57.0,True,8313,162.0,5.0
3561,UCIJBt-DqtODaUKGKI5H01fg,Toon Tube,PG8btXh_pVw,한입만 일진 #로블록스 #로블계 #상황극,2024-07-13T08:00:10Z,57.0,True,4922,64.0,1.0
3561,UCIJBt-DqtODaUKGKI5H01fg,Toon Tube,bxK0YaHsglc,우리 개는 안 물어  #로블록스 #로블계 #상황극,2024-07-13T23:00:31Z,57.0,True,10924,308.0,5.0
3561,UCIJBt-DqtODaUKGKI5H01fg,Toon Tube,7tJaZzqQtog,칭찬하면 돈이 생긴다 #로블록스 #로블계 #상황극,2024-07-14T08:00:04Z,60.0,True,3013,97.0,3.0
3561,UCIJBt-DqtODaUKGKI5H01fg,Toon Tube,DT8nRCVme6Y,고양이다냥 #로블록스 #로블계 #상황극,2024-07-15T08:00:07Z,59.0,True,11855,406.0,2.0
3561,UCIJBt-DqtODaUKGKI5H01fg,Toon Tube,13RKHYDN0MI,맵찔이 #로블록스 #로블계 #상황극,2024-07-16T08:00:00Z,59.0,True,535,8.0,0.0
3561,UCIJBt-DqtODaUKGKI5H01fg,Toon Tube,xGYDhdV2mfM,옆 반 일진이 자꾸 체육복을 빌려간다 #로블록스 #로블계 #상황극,2024-07-17T08:00:38Z,54.0,True,9485,201.0,1.0
3561,UCIJBt-DqtODaUKGKI5H01fg,Toon Tube,ZOflNGUT4FQ,집안이 망한 아이 #로블록스 #로블계 #상황극,2024-07-18T08:00:18Z,55.0,True,10326,242.0,7.0
3561,UCIJBt-DqtODaUKGKI5H01fg,Toon Tube,pyzsTtPHqlM,학교 화장실 #로블록스 #로블계 #상황극,2024-07-19T08:00:25Z,59.0,True,11187,300.0,1.0
3561,UCIJBt-DqtODaUKGKI5H01fg,Toon Tube,tPIcJC_i4cc,외계인은 있을까? #로블록스 #로블계 #상황극 #영상툰,2024-07-19T23:00:27Z,54.0,True,7328,135.0,3.0
3561,UCIJBt-DqtODaUKGKI5H01fg,Toon Tube,VF4jRkSV5bk,계속 웃을 수 밖에 없는 젤리를 먹었다 #로블록스 #로블계 #상황극,2024-07-20T08:00:24Z,56.0,True,1876,39.0,0.0
3561,UCIJBt-DqtODaUKGKI5H01fg,Toon Tube,S6wF6FkWgUk,나 오늘 뭐 달라진 거 없어? #로블록스 #로블계 #상황극,2024-07-20T23:00:23Z,55.0,True,7266,222.0,2.0
3561,UCIJBt-DqtODaUKGKI5H01fg,Toon Tube,dSxmpVkHp1c,춤을 멈출 수 없어 #로블록스 #로블계 #상황극,2024-07-21T08:00:22Z,58.0,True,6535,150.0,2.0
3561,UCIJBt-DqtODaUKGKI5H01fg,Toon Tube,VuQR9FLJdK8,나는 귀신이다 쿠왕 #로블록스 #로블계 #상황극,2024-07-22T08:00:24Z,55.0,True,3522,134.0,2.0
3561,UCIJBt-DqtODaUKGKI5H01fg,Toon Tube,G8s26iC5Sdc,왜 안 빠지는 거야? #로블록스 #로블계 #상황극,2024-07-23T08:00:08Z,56.0,True,661,6.0,0.0
3561,UCIJBt-DqtODaUKGKI5H01fg,Toon Tube,6YYpyGDwaMQ,이건 아주 큰 일이야 #로블록스 #로블계 #상황극,2024-07-24T08:00:04Z,56.0,True,11971,303.0,9.0
3561,UCIJBt-DqtODaUKGKI5H01fg,Toon Tube,mH8nSEAh2uA,먹다 남은 음식은 나중에 #로블록스 #로블계 #상황극,2024-07-25T08:00:23Z,56.0,True,3956,79.0,3.0
3562,UCwXo4SrEekae2qQA2XRBQzw,토이트론TV,bk8R0Eu6Df0,FAO슈와츠 봉제인형,2026-04-04T15:00:54Z,32.0,True,223,3.0,
3562,UCwXo4SrEekae2qQA2XRBQzw,토이트론TV,TARbig29Pk8,FAO슈와츠 잠자는 유니콘 프로젝터 핑크2 #토이트론,2026-04-05T15:00:43Z,59.0,True,110,3.0,
3562,UCwXo4SrEekae2qQA2XRBQzw,토이트론TV,BoId1PMl47M,FAO슈와츠 크리스마스 RC기차 풀세트,2026-04-06T15:00:18Z,48.0,True,213,4.0,
3562,UCwXo4SrEekae2qQA2XRBQzw,토이트론TV,Hv4hh0Z0eMM,FAO슈와츠 프리스쿨 DIY 중장비 자동차만들기 세트,2026-04-07T15:00:25Z,52.0,True,179,2.0,
3562,UCwXo4SrEekae2qQA2XRBQzw,토이트론TV,gNCNokiuVK4,디스커버리 미니 발굴 세트⛏,2026-04-08T06:54:51Z,13.0,True,544,2.0,
3562,UCwXo4SrEekae2qQA2XRBQzw,토이트론TV,Vn_voabAR34,반짝반짝✨ 소품을 더욱 빛나게 만들어줄 FAO 주얼리 참 장식,2026-04-08T07:15:01Z,8.0,True,345,3.0,0.0
3562,UCwXo4SrEekae2qQA2XRBQzw,토이트론TV,VlvWajPUkFU,FAO쥬얼리 디자이너세트,2026-04-08T15:00:56Z,29.0,True,98,1.0,
3562,UCwXo4SrEekae2qQA2XRBQzw,토이트론TV,tjXvKVxbaeE,토이트론 디스커버리 깨기 3종! 재미있는 과학완구,2026-04-09T02:55:04Z,18.0,True,178,1.0,
3562,UCwXo4SrEekae2qQA2XRBQzw,토이트론TV,6ZkVs1Y_dLY,토이트론 디스커버리 깨기 3종! 아이들의 즐거운 과학완구 추천!,2026-04-09T05:00:04Z,25.0,True,275,4.0,
3562,UCwXo4SrEekae2qQA2XRBQzw,토이트론TV,2mgefKgP0mc,토이트론 디스커버리 미니키트 캐기 3종! 즐거운 과학완구!,2026-04-09T07:00:03Z,50.0,True,321,5.0,
3562,UCwXo4SrEekae2qQA2XRBQzw,토이트론TV,goWsLMCj0P4,디스커버리 깨기 3종! 아이들과 함께 즐거운 시간,2026-04-09T09:01:00Z,20.0,True,377,3.0,
3562,UCwXo4SrEekae2qQA2XRBQzw,토이트론TV,aIGpi86Y0yE,샤퍼이미지-RC보트-하이드로 레이서 RC보트 레이싱 세트,2026-04-09T11:00:02Z,33.0,True,310,3.0,
3562,UCwXo4SrEekae2qQA2XRBQzw,토이트론TV,lloUsAQ4azM,너구리 컵라면 스토퍼2,2026-04-09T15:01:28Z,37.0,True,260,2.0,
3562,UCwXo4SrEekae2qQA2XRBQzw,토이트론TV,hBiHnjhR698,과학의날 토이트론의 다양한 제품과 함께 하세요!,2026-04-10T01:00:47Z,16.0,True,271,3.0,
3562,UCwXo4SrEekae2qQA2XRBQzw,토이트론TV,N9Km1S1Zhso,달님이 과일주스가게로 즐거운 시간을 가져보세요,2026-04-10T15:00:47Z,32.0,True,379,1.0,
3562,UCwXo4SrEekae2qQA2XRBQzw,토이트론TV,tlQ_qFrA7wg,달님이 유기농 포도 주스,2026-04-11T15:01:34Z,32.0,True,237,3.0,
3562,UCwXo4SrEekae2qQA2XRBQzw,토이트론TV,dffAq2U-vEA,달님이 젤리가게,2026-04-12T15:01:06Z,41.0,True,229,3.0,
3562,UCwXo4SrEekae2qQA2XRBQzw,토이트론TV,QhPMuQMe6_I,달님이 젤리가게2,2026-04-13T15:00:55Z,21.0,True,180,1.0,
3562,UCwXo4SrEekae2qQA2XRBQzw,토이트론TV,zZoW5pKaScg,달님이 회전초밥 가게,2026-04-14T15:01:50Z,57.0,True,197,2.0,
3562,UCwXo4SrEekae2qQA2XRBQzw,토이트론TV,gcDmpNty1Ps,달님이에어프라이어,2026-04-15T15:01:21Z,45.0,True,402,4.0,
3562,UCwXo4SrEekae2qQA2XRBQzw,토이트론TV,ljkAleM_79k,달님이랑 달콩이 감성동요,2026-04-16T15:01:18Z,54.0,True,578,4.0,
3562,UCwXo4SrEekae2qQA2XRBQzw,토이트론TV,Ena9p8l6YJk,"디스커버리 100배 망원경, 입문용 천체망원경으로 아름다운 별을 관측해봐요",2026-04-17T15:00:24Z,35.0,True,232,6.0,
3562,UCwXo4SrEekae2qQA2XRBQzw,토이트론TV,yDaIY4Jwwnk,달님이띵동푸드코트 002,2026-04-18T15:01:38Z,51.0,True,287,5.0,
3562,UCwXo4SrEekae2qQA2XRBQzw,토이트론TV,4KxYLmIkArM,디스커버리 STEM 과학완구 플라즈마 글로브,2026-04-19T15:00:06Z,36.0,True,111,3.0,
3562,UCwXo4SrEekae2qQA2XRBQzw,토이트론TV,g98KU4HdBiE,디스커버리 눈 만들기 사이언스 키트로 눈을 만들어봅시다 과학완구 실험실 #토이트론,2026-04-20T15:01:07Z,59.0,True,96,1.0,
3562,UCwXo4SrEekae2qQA2XRBQzw,토이트론TV,mM2S1KYL-Go,디스커버리 반짝반짝 스타라이트 랜턴,2026-04-21T15:01:21Z,45.0,True,142,2.0,
3562,UCwXo4SrEekae2qQA2XRBQzw,토이트론TV,sTAqPN8fzP4,디스커버리 스타라이트 랜턴,2026-04-22T15:01:29Z,52.0,True,133,3.0,
3562,UCwXo4SrEekae2qQA2XRBQzw,토이트론TV,T58AIQ75Ofs,디스커버리 자동차엔진 만들기,2026-04-23T15:00:49Z,57.0,True,168,2.0,
3562,UCwXo4SrEekae2qQA2XRBQzw,토이트론TV,-bbtGnHJf80,디스커버리 주니어 공룡조립세트,2026-04-24T15:00:00Z,30.0,True,244,1.0,
3562,UCwXo4SrEekae2qQA2XRBQzw,토이트론TV,3J_rXTUxXoE,디스커버리 주니어 스템 공룡조립 세트 90pcs,2026-04-25T15:00:05Z,42.0,True,162,3.0,
3562,UCwXo4SrEekae2qQA2XRBQzw,토이트론TV,MZV9jaSHkS0,디스커버리 천체 투영 프로젝터,2026-04-26T15:00:29Z,54.0,True,122,3.0,
3562,UCwXo4SrEekae2qQA2XRBQzw,토이트론TV,AClUuDiVdcc,디스커버리 100배 망원경과 삼각대,2026-04-27T15:00:28Z,24.0,True,185,3.0,
3562,UCwXo4SrEekae2qQA2XRBQzw,토이트론TV,yOweXB6BaeU,디스커버리마인드블로운,2026-04-28T15:01:46Z,48.0,True,111,2.0,
3562,UCwXo4SrEekae2qQA2XRBQzw,토이트론TV,4pssceENMpE,레전드오브 베이스볼 3D 요정님과 함께 즐거운 야구 게임을,2026-04-29T15:00:07Z,44.0,True,203,2.0,
3562,UCwXo4SrEekae2qQA2XRBQzw,토이트론TV,o-cUg29h9YU,리얼펫 노래하는 강아지 슈가와 함께 즐거운 시간을 보내요,2026-04-30T15:01:33Z,43.0,True,235,3.0,
3562,UCwXo4SrEekae2qQA2XRBQzw,토이트론TV,qqZ0QZLkUMY,리틀퓨처북 로보카폴리,2026-05-01T15:01:23Z,53.0,True,662,4.0,
3562,UCwXo4SrEekae2qQA2XRBQzw,토이트론TV,sZoogbd9prM,리틀퓨처북 뽀로로펜 코딩S,2026-05-02T15:01:20Z,53.0,True,593,8.0,
3562,UCwXo4SrEekae2qQA2XRBQzw,토이트론TV,-LY7BXhQ9_8,리틀퓨처북 뽀로로펜 코딩S 2,2026-05-03T15:00:00Z,37.0,True,483,7.0,
3562,UCwXo4SrEekae2qQA2XRBQzw,토이트론TV,7Otm9ujHYgA,리틀퓨처북 헬로키티 펜,2026-05-04T15:00:12Z,42.0,True,249,5.0,
3562,UCwXo4SrEekae2qQA2XRBQzw,토이트론TV,JLZEfwpC2rA,리틀퓨처북 헬로키티펜,2026-05-05T15:00:35Z,40.0,True,207,2.0,
3562,UCwXo4SrEekae2qQA2XRBQzw,토이트론TV,OuKHtsTTz8c,[샤퍼이미지] NEW 배틀 카트 세트,2026-05-06T02:45:37Z,22.0,True,199,2.0,0.0
3562,UCwXo4SrEekae2qQA2XRBQzw,토이트론TV,FQkL-JVzrjg,리틀퓨처북 헬로키티펜5,2026-05-06T15:00:22Z,54.0,True,209,2.0,
3562,UCwXo4SrEekae2qQA2XRBQzw,토이트론TV,io4Adyts_dg,말하고노래하는 웰컴투 브레드 이발소,2026-05-07T15:01:23Z,52.0,True,280,3.0,
3562,UCwXo4SrEekae2qQA2XRBQzw,토이트론TV,7o4y1MYPQRs,반짝반짝 달님이 가방하우스,2026-05-08T15:00:15Z,39.0,True,169,3.0,
3562,UCwXo4SrEekae2qQA2XRBQzw,토이트론TV,_iUVAkYb82o,머리색이 변하는 달님이 헤어체인지,2026-05-09T15:00:59Z,56.0,True,118,2.0,
3562,UCwXo4SrEekae2qQA2XRBQzw,토이트론TV,XtVrgn1ZHW8,반짝반짝 달님이 레스토랑 DIY 온 가족이 함께 만드는 즐거운 놀이,2026-05-10T15:01:00Z,38.0,True,78,2.0,
3562,UCwXo4SrEekae2qQA2XRBQzw,토이트론TV,zSWY8F-KAx4,반짝반짝 달님이 아이스크림 가게 맛있는 아이스크림을 만들어보세요,2026-05-11T15:01:56Z,42.0,True,176,3.0,
3562,UCwXo4SrEekae2qQA2XRBQzw,토이트론TV,7cHliMPVIaU,반짝반짝 달님이 젤리가게2,2026-05-12T15:00:12Z,44.0,True,123,1.0,
3562,UCwXo4SrEekae2qQA2XRBQzw,토이트론TV,Kh7I8QzWkMs,반짝반짝 달님이 주방놀이 역할놀이,2026-05-13T15:00:36Z,59.0,True,110,2.0,
3562,UCwXo4SrEekae2qQA2XRBQzw,토이트론TV,zDjZ5oiRF6w,반짝반짝 달님이 패션코디 자석놀이 토이트론,2026-05-14T15:01:36Z,75.0,False,68,3.0,
3563,UC4rq1U0Ful9TB6jujGDRIvA,엄지 Thumb K,29geqTgbZEQ,"한겨울...노동당사 공사 끝났습니다. 연천-철원 차탄천 자전거 길, DJI 오즈모 액션 5 프로",2024-12-15T10:51:10Z,871.0,False,8488,372.0,68.0
3563,UC4rq1U0Ful9TB6jujGDRIvA,엄지 Thumb K,loPFJy6JgNs,일몰과 일출을 볼 수 있는 최고의 백패킹 성지 무의도 세렝게티,2025-01-04T11:03:08Z,1471.0,False,20967,528.0,56.0
3563,UC4rq1U0Ful9TB6jujGDRIvA,엄지 Thumb K,Py8lggcjss4,무계획 10박 11일 노지 캠핑 전국일주 Ep.1 첫날부터 순탄치 않네..,2025-01-05T10:37:54Z,1735.0,False,35746,793.0,69.0
3563,UC4rq1U0Ful9TB6jujGDRIvA,엄지 Thumb K,bnprF9eoxRk,라이딩 액션캠 DJI 액션 프로5 실사용 Shorts,2025-01-17T09:00:45Z,58.0,True,2145,71.0,4.0
3563,UC4rq1U0Ful9TB6jujGDRIvA,엄지 Thumb K,fjGi3kz_d9g,백패킹의 꽃 은 동계 ! 인생 첫 빙박 캠핑.. 근데 이제 주왕산 등산을 곁들인..,2025-01-19T11:44:13Z,1809.0,False,15210,466.0,46.0
3563,UC4rq1U0Ful9TB6jujGDRIvA,엄지 Thumb K,3Ebt3SonbuY,무계획 10박 11일 노지 캠핑 전국일주 Ep.2 자본주의에 빠지다,2025-01-26T10:24:28Z,1927.0,False,16301,414.0,29.0
3563,UC4rq1U0Ful9TB6jujGDRIvA,엄지 Thumb K,t1hRuMnWBrU,영하의 추위 속에서.. 극동계 선자령 설산 백패킹,2025-02-05T10:30:04Z,1558.0,False,21658,681.0,71.0
3563,UC4rq1U0Ful9TB6jujGDRIvA,엄지 Thumb K,gHUraiRwBwI,"영하 18도, 얼음 위에서 빙어낚시 백패킹 도전기",2025-02-09T11:26:33Z,1710.0,False,423475,4598.0,230.0
3563,UC4rq1U0Ful9TB6jujGDRIvA,엄지 Thumb K,50AxSZpygyg,"이젠 끝이다… 녹아가는 얼음 위, 마지막 도전에서 초대박 빙어 낚시 & 캠핑!",2025-02-16T12:01:16Z,1577.0,False,19706,549.0,45.0
3563,UC4rq1U0Ful9TB6jujGDRIvA,엄지 Thumb K,bbYA4bDu9iI,무계획 10박 11일 노지 캠핑 전국일주 Ep.3 방황하는 게 아니라 여행하는 겁니다,2025-02-23T11:51:14Z,1467.0,False,9509,358.0,24.0
3563,UC4rq1U0Ful9TB6jujGDRIvA,엄지 Thumb K,BXdpyptBKrg,무계획 10박 11일 노지 캠핑 전국일주 Ep.4 이럴 줄 몰랐습니다..,2025-03-02T10:00:23Z,1830.0,False,5575,249.0,25.0
3563,UC4rq1U0Ful9TB6jujGDRIvA,엄지 Thumb K,KuB0FgtKX2I,[Full ver.] 무계획 10박 11일 노지 캠핑 전국일주,2025-03-03T09:03:38Z,6739.0,False,11128,305.0,33.0
3563,UC4rq1U0Ful9TB6jujGDRIvA,엄지 Thumb K,xAeG1-O9LJM,목포에서 우도 비양도까지! 전기자전거 캠핑 여행 in 제주 (1),2025-03-10T10:12:53Z,2504.0,False,34700,675.0,91.0
3563,UC4rq1U0Ful9TB6jujGDRIvA,엄지 Thumb K,cs_uswm9RcQ,폭우 속에서 자전거로 살아남기. 전기자전거 캠핑 여행 in 제주 (2),2025-03-16T11:00:07Z,1809.0,False,14031,459.0,43.0
3563,UC4rq1U0Ful9TB6jujGDRIvA,엄지 Thumb K,CcLgHWzDhJw,해발 774M 숲 속 라이딩. 전기자전거 캠핑 여행 in 제주 (3),2025-03-23T10:57:41Z,1853.0,False,9783,377.0,35.0
3563,UC4rq1U0Ful9TB6jujGDRIvA,엄지 Thumb K,ijIgF6EJURM,"얼음이 녹고 있다... 영상 7도에서의 빙박, 괜찮을까?",2025-03-30T11:00:19Z,1264.0,False,6369,295.0,24.0
3563,UC4rq1U0Ful9TB6jujGDRIvA,엄지 Thumb K,czFujYDD6-w,말로만 듣던 산악회 버스타고 등산가기. 칠갑산 시산제까지?,2025-04-20T11:00:07Z,1245.0,False,9306,316.0,28.0
3563,UC4rq1U0Ful9TB6jujGDRIvA,엄지 Thumb K,JHALASa3AeY,목포에서 제주까지! 전기자전거 캠핑 여행 in 제주 (Full ver.),2025-04-20T11:02:18Z,5939.0,False,51357,768.0,73.0
3563,UC4rq1U0Ful9TB6jujGDRIvA,엄지 Thumb K,Anwfk-dmt_o,"전라도는 처음입니다만.. 1박2일 18km 백패킹,, 전북 고창 고아웃 슈퍼하이킹",2025-06-26T10:09:12Z,1888.0,False,10892,411.0,50.0
3563,UC4rq1U0Ful9TB6jujGDRIvA,엄지 Thumb K,6_30qK86Sjs,드디어 가봤습니다. 2박3일 일본 후지산 낭만 캠핑 Ep.1,2025-07-13T11:00:12Z,1604.0,False,13016,428.0,77.0
3563,UC4rq1U0Ful9TB6jujGDRIvA,엄지 Thumb K,fvfktA2-hWU,일본 당일 캠핑 가능할까?,2025-07-13T11:01:07Z,48.0,True,3679,51.0,6.0
3563,UC4rq1U0Ful9TB6jujGDRIvA,엄지 Thumb K,fxUTKrunO3A,돌발 상황 연속! 과연 무사히 돌아갈 수 있을까? 2박3일 일본 후지산 낭만 캠핑 Ep.2,2025-07-20T11:00:07Z,2300.0,False,5996,240.0,32.0
3563,UC4rq1U0Ful9TB6jujGDRIvA,엄지 Thumb K,8nERxZh5kaE,난관 속에서 피어난 낭만⛺ 2박3일 일본 후지산 낭만 캠핑 Full ver.,2025-07-21T09:00:27Z,3838.0,False,3906,157.0,26.0
3563,UC4rq1U0Ful9TB6jujGDRIvA,엄지 Thumb K,A2svqm1cZXQ,비행기 게이트 통로에 갇혀 본 사람? #shorts,2025-08-03T04:06:02Z,28.0,True,21491,112.0,11.0
3563,UC4rq1U0Ful9TB6jujGDRIvA,엄지 Thumb K,1yT9WdszAJY,파워P의 Ai 여행 계획 짜기 #구글제미나이,2025-08-05T08:21:21Z,51.0,True,3307,67.0,12.0
3563,UC4rq1U0Ful9TB6jujGDRIvA,엄지 Thumb K,Efd3_4SdSMs,2박3일 대만 가오슝 필수코스 | 루이펑 야시장 & 소류구 거북이와 수영하기 🐢,2025-09-10T10:59:41Z,2398.0,False,5147,233.0,22.0
3563,UC4rq1U0Ful9TB6jujGDRIvA,엄지 Thumb K,6rGZ-WsLtIE,대만 가오슝에 가야하는 이유! #shorts,2025-09-10T10:59:43Z,63.0,False,4277,68.0,5.0
3563,UC4rq1U0Ful9TB6jujGDRIvA,엄지 Thumb K,0JP-X2rpmgY,여러분 저 고백할거 있어요... #shorts,2025-11-02T10:41:27Z,14.0,True,11339,305.0,110.0
3563,UC4rq1U0Ful9TB6jujGDRIvA,엄지 Thumb K,txWwpajzKqg,엄마랑 2박3일 가고시마/기리시마 태교여행 ✈️ #shorts,2025-11-09T11:01:46Z,45.0,True,3686,43.0,9.0
3563,UC4rq1U0Ful9TB6jujGDRIvA,엄지 Thumb K,gEw0BuZ_hKY,엄마랑 함께한 일본 태교여행 🇯🇵👶🏻 | 가고시마·기리시마 2박3일 힐링 브이로그,2025-11-11T11:00:07Z,2031.0,False,4262,182.0,39.0
3563,UC4rq1U0Ful9TB6jujGDRIvA,엄지 Thumb K,5zQOFEepwQE,임신하고 첫 겨울 노지캠핑! !❄️ + 테무깡,2025-12-10T10:00:07Z,1143.0,False,4954,263.0,42.0
3563,UC4rq1U0Ful9TB6jujGDRIvA,엄지 Thumb K,bJLiKgzLphk,"20주차 임산부,🇯🇵 폭설내린 3박 4일 삿포로 여행! 과연 괜찮을까..?",2025-12-31T08:59:57Z,2490.0,False,3018,156.0,22.0
3563,UC4rq1U0Ful9TB6jujGDRIvA,엄지 Thumb K,BipXqlLKIS8,"임신 20주차, 3박4일 삿포로 태교여행 #Shorts",2025-12-31T09:54:39Z,36.0,True,10014,107.0,17.0
3563,UC4rq1U0Ful9TB6jujGDRIvA,엄지 Thumb K,F8hhb0r99hM,오타루 여행 호텔 추천! OMO5 오타루 by 호시노 리조트,2026-01-01T01:29:11Z,56.0,True,2267,44.0,4.0
3563,UC4rq1U0Ful9TB6jujGDRIvA,엄지 Thumb K,54hH_uJ5Pjk,해외여행 하루 전 찾아온 아기 | 연하 남편의 노산 발언 & 부모님 임밍아웃 | 임신 4–9주,2026-02-01T11:45:42Z,928.0,False,4622,199.0,28.0
3563,UC4rq1U0Ful9TB6jujGDRIvA,엄지 Thumb K,kIZ6G4ObPOY,"임밍아웃 남편 반응, 이벤트 따윈 없다..   #shorts",2026-02-03T11:00:34Z,32.0,True,6736,41.0,7.0
3563,UC4rq1U0Ful9TB6jujGDRIvA,엄지 Thumb K,lM2t2sYqV4c,"임밍아웃, 연하남편 반응에 긁힘 #shtos",2026-02-03T11:44:00Z,40.0,True,6383,73.0,15.0
3563,UC4rq1U0Ful9TB6jujGDRIvA,엄지 Thumb K,2hxB7-7VRIQ,"다이소표 임밍아웃  부모님 반응, T아빠 vs F엄마",2026-02-03T12:25:44Z,60.0,True,3632,46.0,7.0
3563,UC4rq1U0Ful9TB6jujGDRIvA,엄지 Thumb K,zDIfYUWdsuo,임신 10~16주 브이로그 | 드디어 성별 공개… 아들이냐 딸이냐?,2026-02-27T10:59:51Z,778.0,False,2718,128.0,41.0
3563,UC4rq1U0Ful9TB6jujGDRIvA,엄지 Thumb K,UlYCdxSrvTI,임신 12주 입체초음파 절망편 #shorts,2026-02-28T12:30:56Z,31.0,True,3806,33.0,4.0
3563,UC4rq1U0Ful9TB6jujGDRIvA,엄지 Thumb K,Pe1aSo3UjIM,아들일까 딸일까? 심장소리로 성별 예측 해봤어요 👶,2026-03-01T12:13:00Z,22.0,True,2405,26.0,8.0
3563,UC4rq1U0Ful9TB6jujGDRIvA,엄지 Thumb K,aHMQoxDOXhA,16주에 드디어 공개… 우리 아기 성별은? # #shtos,2026-03-02T08:00:35Z,33.0,True,2183,22.0,1.0
3563,UC4rq1U0Ful9TB6jujGDRIvA,엄지 Thumb K,G4fqmndQHtQ,쿠팡 젠더리빌 준비 절망편 #shorts,2026-03-03T08:57:52Z,63.0,False,3993,33.0,7.0
3563,UC4rq1U0Ful9TB6jujGDRIvA,엄지 Thumb K,xHSgQqf_sVI,젠더리빌 남편 반응 👶🏻 아들이라 확신하던 남편… 결과는? 👶🏻 #shorts,2026-03-04T10:16:39Z,38.0,True,4152,55.0,16.0
3563,UC4rq1U0Ful9TB6jujGDRIvA,엄지 Thumb K,Ixl3j6E8Inw,초보엄마 필수🔥 젖병 열탕소독 이렇게 해요! 🍼🧴 #shorts,2026-04-14T10:16:39Z,44.0,True,2196,23.0,8.0
3563,UC4rq1U0Ful9TB6jujGDRIvA,엄지 Thumb K,4S092loUkkE,출산 전 필수🔥 신생아 비데존 만들기 #shorts,2026-04-16T11:48:56Z,38.0,True,5543,65.0,14.0
3563,UC4rq1U0Ful9TB6jujGDRIvA,엄지 Thumb K,qmyyeUfVbAA,신생아 목욕 준비🛁 (출산 전 필수) #shorts,2026-04-21T11:57:30Z,33.0,True,2864,43.0,9.0
3563,UC4rq1U0Ful9TB6jujGDRIvA,엄지 Thumb K,6LEIRZ9gHPk,신생아 오기 전 필수 세팅 (기저귀 갈이대) #shorts,2026-04-23T11:36:06Z,49.0,True,3671,41.0,3.0
3563,UC4rq1U0Ful9TB6jujGDRIvA,엄지 Thumb K,gTOVP2KXnDs,초산모 출산가방 리스트👜 병원+조리원 준비물 한 번에 정리! #shorts,2026-04-26T07:20:08Z,63.0,False,6668,58.0,15.0
3563,UC4rq1U0Ful9TB6jujGDRIvA,엄지 Thumb K,8pESLwMOEd8,출산 전 꼭 해야 할 신생아 침대 준비 👶🏻🛏️  초산모가 미리 세팅한 아기 침대 필수템 #shorts,2026-04-29T09:49:50Z,51.0,True,1617,28.0,4.0
3564,UCgaZEpKNUtLkpqEBw3KXa2w,Premium Project,m7enTEI69vI,프리미엄 프로젝트(Premium Project) - 너와 나(You & I) Music Video,2015-08-19T18:30:35Z,210.0,False,135204,1360.0,90.0
3564,UCgaZEpKNUtLkpqEBw3KXa2w,Premium Project,qEep0YyEX3Q,[Cover] Boys And Girls (ZICO) + LOSER (BIG BANG)  [Piano + iPad Ver.],2015-12-13T11:54:12Z,248.0,False,830310,7878.0,526.0
3564,UCgaZEpKNUtLkpqEBw3KXa2w,Premium Project,vW0CXYOVzsU,[Cover] EXO 불공평해(Unfair) + Sing For You + TTS Dear Santa,2015-12-24T04:14:30Z,230.0,False,336370,6007.0,441.0
3564,UCgaZEpKNUtLkpqEBw3KXa2w,Premium Project,c1aJKyg25bg,아는 만큼 들리는 노래 2015 (The Best 31 K-pop Songs of 2015 In 1 Song),2016-01-10T11:25:44Z,203.0,False,6242860,76015.0,7218.0
3564,UCgaZEpKNUtLkpqEBw3KXa2w,Premium Project,l0h5OhueRPA,[Cover] Reply 1988(소녀와 함께 걱정 말아요) 응팔 완결특집,2016-01-23T12:52:40Z,250.0,False,211752,3327.0,338.0
3564,UCgaZEpKNUtLkpqEBw3KXa2w,Premium Project,6pQpGi-E1WE,[Cover] 잊어버리지마(Crush) + Rain(태연),2016-02-13T17:45:55Z,188.0,False,249990,4287.0,264.0
3564,UCgaZEpKNUtLkpqEBw3KXa2w,Premium Project,BazChZHU2J0,연애계획표 (Love Plan) - 프리미엄 프로젝트(Premium Project),2016-02-21T17:17:24Z,200.0,False,336177,4022.0,459.0
3564,UCgaZEpKNUtLkpqEBw3KXa2w,Premium Project,2tUMKvWV3FY,[Cover] 프프 x 백명한(HIGH4)  '봄사벚+연애계획표',2016-03-19T05:49:03Z,196.0,False,180836,2823.0,305.0
3564,UCgaZEpKNUtLkpqEBw3KXa2w,Premium Project,ZptK_8NTkTU,수수께끼 (Lovely Mystery) - 프리미엄 프로젝트(Premium Project),2016-07-03T07:26:45Z,194.0,False,156554,1978.0,207.0
3564,UCgaZEpKNUtLkpqEBw3KXa2w,Premium Project,dL_QTt9SXMM,"아는 만큼 들리는 노래 2016 반쪽(The Best K-pop Songs In 1 Song : Jan-June, 2016) - 프리미엄 프로젝트(Premium Project)",2016-08-07T07:32:28Z,228.0,False,6252042,75917.0,8062.0
3564,UCgaZEpKNUtLkpqEBw3KXa2w,Premium Project,KxnT0Xkbhpc,혼술포차(Honsul Pocha) - 프리미엄 프로젝트(Premium Project),2016-10-17T03:15:43Z,250.0,False,140946,1882.0,208.0
3564,UCgaZEpKNUtLkpqEBw3KXa2w,Premium Project,Xt1kvdfvjho,[Cover] (걸그룹 특집) TT + 너무너무너무 + 우주를 줄게 + 어떻게 지내 - 프리미엄 프로젝트(Premium Project),2016-11-29T13:44:32Z,217.0,False,676470,10861.0,1095.0
3564,UCgaZEpKNUtLkpqEBw3KXa2w,Premium Project,TFz0ugFyLFA,[Cover] 'Youth+ Fools+ Don’t Wanna Know+ Closer +피땀눈물+ 에라 모르겠다' - 프리미엄 프로젝트(Premium Project),2016-12-22T08:28:30Z,178.0,False,237769,4305.0,663.0
3564,UCgaZEpKNUtLkpqEBw3KXa2w,Premium Project,be2fThIdc3E,Premium Project님의 실시간 스트리밍,2017-07-07T12:32:27Z,,False,0,0.0,0.0
3564,UCgaZEpKNUtLkpqEBw3KXa2w,Premium Project,Q-_dc2nFQmE,"멋진 날, 멋진 곳  - 희망 (hee mang)",2018-08-03T09:16:16Z,189.0,False,29579,578.0,170.0
3564,UCgaZEpKNUtLkpqEBw3KXa2w,Premium Project,6GlognhZeCE,아는 만큼 들리는 노래 왜 안나와요?,2018-12-23T06:28:51Z,69.0,False,47918,870.0,488.0
3564,UCgaZEpKNUtLkpqEBw3KXa2w,Premium Project,9FwRO6yoaQk,"아는 만큼 들리는 노래 [Sunflower - Post Malone, Swae Lee]X[어땠을까 - PSY] Wanna One, BTS, EXO, BTOB, iKON, Loco",2018-12-23T10:05:39Z,180.0,False,91174,1767.0,274.0
3564,UCgaZEpKNUtLkpqEBw3KXa2w,Premium Project,ay3-_lnaevE,[작업실 라이브] WINNER - MILLIONS (Acustic cover),2018-12-29T04:24:08Z,189.0,False,23149,777.0,122.0
3564,UCgaZEpKNUtLkpqEBw3KXa2w,Premium Project,HZ8DgtwU_YQ,[Cover] iKON - 사랑을 했다 (LOVE SCENARIO) [프프ver],2019-01-05T06:05:17Z,171.0,False,75312,1399.0,245.0
3564,UCgaZEpKNUtLkpqEBw3KXa2w,Premium Project,LI2QEEa7N-Y,[Cover] The Classic - 마법의 성,2019-01-12T04:05:49Z,203.0,False,32218,589.0,97.0
3564,UCgaZEpKNUtLkpqEBw3KXa2w,Premium Project,FpkhIiV1Js4,[cover] My Star + I'm Yours (mashup),2019-01-19T11:42:12Z,172.0,False,49498,1181.0,112.0
3564,UCgaZEpKNUtLkpqEBw3KXa2w,Premium Project,cbXK9H6ViFA,아는 만큼 들리는 노래 2018 (One Song 2018),2019-01-29T17:35:51Z,231.0,False,3922698,83828.0,7169.0
3564,UCgaZEpKNUtLkpqEBw3KXa2w,Premium Project,flQ-Y0Bf3pg,"The O 인사영상 "" 형 어디갔다 이제와요?? """,2019-01-31T16:57:53Z,88.0,False,104864,1550.0,123.0
3564,UCgaZEpKNUtLkpqEBw3KXa2w,Premium Project,JJ54n6v_pc8,INST) 아는 만큼 들리는 노래 2018 (One Song 2018 Inst),2019-02-09T14:00:15Z,231.0,False,153263,1852.0,235.0
3565,UCAi-amA4-tpCMlKi6PdmGEA,Boys Republic Official,2zcLewr1XQ0,Boys Republic소년공화국 3rd EP [BR:evolution] 음반 소개,2016-03-23T05:30:15Z,14.0,True,5506,600.0,30.0
3565,UCAi-amA4-tpCMlKi6PdmGEA,Boys Republic Official,_aEG87AewhY,Boys Republic(소년공화국) - Get Down (Min Su/민수) TEASER,2016-03-24T03:54:39Z,31.0,True,73142,2826.0,159.0
3565,UCAi-amA4-tpCMlKi6PdmGEA,Boys Republic Official,w8oWnNjV6O0,Boys Republic (소년공화국)- Get Down (SUNG JUN/성준) TEASER,2016-03-25T03:00:02Z,32.0,True,23906,1773.0,98.0
3565,UCAi-amA4-tpCMlKi6PdmGEA,Boys Republic Official,Qw1Dtm6B8ek,Boys Republic (소년공화국) - Get Down (One Junn/원준) TEASER,2016-03-26T03:00:00Z,32.0,True,56890,1558.0,86.0
3565,UCAi-amA4-tpCMlKi6PdmGEA,Boys Republic Official,YgJ2KK_cCys,Boys Republic (소년공화국) - Get Down (Su Woong / 수웅) TEASER,2016-03-27T03:00:00Z,32.0,True,76887,2071.0,125.0
3565,UCAi-amA4-tpCMlKi6PdmGEA,Boys Republic Official,G679z19lVTk,Boys Republic(소년공화국) 카카오톡 옐로아이디 오픈 기념 메세지,2016-03-27T10:05:56Z,23.0,True,4504,488.0,30.0
3565,UCAi-amA4-tpCMlKi6PdmGEA,Boys Republic Official,BXsojHGGwpc,Boys Republic (소년공화국) - Get Down (Sun Woo / 선우) TEASER,2016-03-28T03:00:03Z,32.0,True,90548,1601.0,87.0
3565,UCAi-amA4-tpCMlKi6PdmGEA,Boys Republic Official,K10qJs4gU9o,Boys Republic소년공화국 3rd EP [BR:evolution]  TEASER,2016-03-28T15:00:00Z,40.0,True,161941,2152.0,143.0
3565,UCAi-amA4-tpCMlKi6PdmGEA,Boys Republic Official,nIiZ_jHlzS8,Boys Republic (소년공화국) - Get Down MV,2016-03-30T03:00:01Z,199.0,False,4048642,116717.0,6254.0
3565,UCAi-amA4-tpCMlKi6PdmGEA,Boys Republic Official,eqq2YGjGbw8,Boys Republic(소년공화국) - Get Down (안무연습 ver.),2016-03-31T03:00:26Z,206.0,False,336933,12786.0,686.0
3565,UCAi-amA4-tpCMlKi6PdmGEA,Boys Republic Official,8ak8ewXQKlw,Boys Republic (소년공화국) - Get Down MV (Performance Ver.),2016-04-05T10:29:45Z,200.0,False,135763,6328.0,293.0
3565,UCAi-amA4-tpCMlKi6PdmGEA,Boys Republic Official,08zNUhDAYDg,[소년공화국] 소년TV뉴스 제 70화 Get Down 컴백 첫 주 비하인드,2016-04-12T13:00:39Z,566.0,False,9900,889.0,83.0
3565,UCAi-amA4-tpCMlKi6PdmGEA,Boys Republic Official,g2xNu2pLpyI,[소년공화국] 소년TV뉴스 제 71화 Get Down 컴백 비하인드 2,2016-04-19T13:01:28Z,539.0,False,7041,595.0,56.0
3565,UCAi-amA4-tpCMlKi6PdmGEA,Boys Republic Official,caX3mFLv__4,[OK컷같은B컷] 박성준에게 인생이란,2016-04-22T08:51:25Z,62.0,False,5039,539.0,29.0
3565,UCAi-amA4-tpCMlKi6PdmGEA,Boys Republic Official,Ooiju7PmLas,[OK컷같은B컷] 상처엔 마데카슝,2016-04-25T11:59:29Z,14.0,True,7440,799.0,56.0
3565,UCAi-amA4-tpCMlKi6PdmGEA,Boys Republic Official,mkguWOVoXWY,[OK컷같은B컷] 바나나송,2016-04-26T05:58:28Z,24.0,True,6165,837.0,54.0
3565,UCAi-amA4-tpCMlKi6PdmGEA,Boys Republic Official,OagpID_Z2Ec,[OK컷같은B컷] 수웅이의 무서운 이야기,2016-05-06T14:55:21Z,165.0,False,4594,449.0,30.0
3565,UCAi-amA4-tpCMlKi6PdmGEA,Boys Republic Official,drw7rVd7vRU,[OK컷같은B컷] 너 한입 나한입,2016-05-06T14:55:42Z,33.0,True,6646,730.0,73.0
3565,UCAi-amA4-tpCMlKi6PdmGEA,Boys Republic Official,JWhdBBwMz8Y,[OK컷같은B컷] 수웅이의 예능감,2016-05-11T01:42:40Z,44.0,True,6143,446.0,19.0
3565,UCAi-amA4-tpCMlKi6PdmGEA,Boys Republic Official,mUV1WPfPMtg,[OK컷같은B컷] 침샘주의,2016-05-11T01:42:52Z,344.0,False,9634,746.0,71.0
3565,UCAi-amA4-tpCMlKi6PdmGEA,Boys Republic Official,3YBT9wsKl3Y,[소년공화국] 소년TV뉴스 제 72화 Get Down 팬사인회 비하인드 1,2016-05-17T10:17:24Z,388.0,False,5455,616.0,47.0
3565,UCAi-amA4-tpCMlKi6PdmGEA,Boys Republic Official,eHSvO6FUXsc,[OK컷같은B컷] 샤샤샤,2016-05-23T08:24:04Z,22.0,True,9030,859.0,51.0
3565,UCAi-amA4-tpCMlKi6PdmGEA,Boys Republic Official,WpolquTz724,[OK컷같은B컷] 누가 내 초코칩을 옮겼을까,2016-05-24T07:24:20Z,14.0,True,5942,510.0,25.0
3565,UCAi-amA4-tpCMlKi6PdmGEA,Boys Republic Official,90AUkxaCblY,[OK컷같은 B컷] 소년공화국 민수&수웅 콜라보레이션,2016-05-31T09:43:42Z,92.0,False,7952,708.0,50.0
3565,UCAi-amA4-tpCMlKi6PdmGEA,Boys Republic Official,_LqDRX2w5sw,[소년공화국] 소년TV뉴스 제 73화 Get Down 팬사인회 비하인드 2,2016-06-02T09:03:39Z,356.0,False,6218,519.0,35.0
3565,UCAi-amA4-tpCMlKi6PdmGEA,Boys Republic Official,0EwIxA4OHiY,"Boys Republic(소년공화국) 일본 데뷔곡 "" Only Girl "" 응원법",2016-09-23T03:00:44Z,227.0,False,17763,1402.0,100.0
3565,UCAi-amA4-tpCMlKi6PdmGEA,Boys Republic Official,nijAbi8aO8g,수웅(Su Woong of BoysRepublic) - 이럴거면 헤어지지 말았어야지 (박원 `이럴거면 헤어지지 말았어야지` Cover.),2016-12-04T06:32:55Z,238.0,False,8573,666.0,60.0
3565,UCAi-amA4-tpCMlKi6PdmGEA,Boys Republic Official,yzyy8YLWDNE,Boys Republic(소년공화국)이 전하는 2016 크리스마스 메세지,2016-12-23T15:00:06Z,39.0,True,3199,613.0,50.0
3565,UCAi-amA4-tpCMlKi6PdmGEA,Boys Republic Official,w9np6oKo0yM,Boys Republic(소년공화국)이 전하는 2017 새해 메세지,2016-12-30T15:00:08Z,55.0,True,2502,375.0,43.0
3565,UCAi-amA4-tpCMlKi6PdmGEA,Boys Republic Official,NnKBCFt6ozk,Boys Republic(소년공화국)이 전하는 2017 설 인사 메세지,2017-01-26T15:00:58Z,56.0,True,4623,564.0,65.0
3565,UCAi-amA4-tpCMlKi6PdmGEA,Boys Republic Official,rHjiQJXCgwU,수웅(Su Woong of BoysRepublic) - 바램 (정준일 `바램` Cover.),2017-04-24T09:00:03Z,288.0,False,20392,1576.0,155.0
3565,UCAi-amA4-tpCMlKi6PdmGEA,Boys Republic Official,jZApwz6RJYI,"[소년공화국] 소년TV뉴스 제 74화 Japan Promotion ""RIVERIVER"" Interview 편",2017-07-30T10:00:04Z,148.0,False,3272,371.0,48.0
3565,UCAi-amA4-tpCMlKi6PdmGEA,Boys Republic Official,oJFwsj7OcIo,[소년공화국] 소년TV뉴스 제 75화 Tweetcaster 편,2017-08-19T09:00:02Z,971.0,False,2870,318.0,47.0
3565,UCAi-amA4-tpCMlKi6PdmGEA,Boys Republic Official,d_gAS14mrfs,Boys Republic JAPAN 1st Album「Beginning」Making Film,2017-09-01T12:27:47Z,166.0,False,3786,527.0,58.0
3565,UCAi-amA4-tpCMlKi6PdmGEA,Boys Republic Official,cIrDzX_6q-I,소년공화국 소년TV뉴스 제 76화 「Beginning」비하인드 편,2017-09-12T10:51:54Z,247.0,False,3242,324.0,34.0
3565,UCAi-amA4-tpCMlKi6PdmGEA,Boys Republic Official,CkXNmlhtxZc,소년공화국(BoysRepublic)-'중독(Overdose)+Dance Performance' Dance Practice Video,2017-11-04T13:44:21Z,229.0,False,11371,1304.0,163.0
3565,UCAi-amA4-tpCMlKi6PdmGEA,Boys Republic Official,linFwK8RMmo,소년공화국(Boys Republic)이 전하는 2018 수능 응원 메세지,2017-11-14T03:02:07Z,30.0,True,4153,513.0,76.0
3565,UCAi-amA4-tpCMlKi6PdmGEA,Boys Republic Official,8gJm8eCCav0,[소년공화국] 소년TV뉴스 제77화 Fan Tour in Okinawa 2017 편,2017-11-22T08:12:59Z,312.0,False,3672,297.0,37.0
3565,UCAi-amA4-tpCMlKi6PdmGEA,Boys Republic Official,9SDmSRpHQsA,소년공화국(BoysRepublic)이 전하는 2017 크리스마스 메시지,2017-12-24T08:39:33Z,88.0,False,3096,647.0,70.0
3565,UCAi-amA4-tpCMlKi6PdmGEA,Boys Republic Official,ZkREkD08650,[소년공화국] 성준·수웅 in 홍대 브이로그(Vlog),2017-12-26T09:56:14Z,104.0,False,2867,412.0,46.0
3565,UCAi-amA4-tpCMlKi6PdmGEA,Boys Republic Official,-aAivcAon8E,소년공화국(BoysRepublic)이 전하는 2018 새해 메시지,2017-12-31T15:17:15Z,90.0,False,2584,490.0,66.0
3565,UCAi-amA4-tpCMlKi6PdmGEA,Boys Republic Official,1jEQDcc6XWg,[소년공화국] 성준·수웅 in D MUSEUM VLOG (디뮤지엄 브이로그),2018-01-24T05:26:40Z,109.0,False,3297,531.0,39.0
3565,UCAi-amA4-tpCMlKi6PdmGEA,Boys Republic Official,pJJNKNmtjLs,소년공화국(BoysRepublic)이 전하는 2018 설 인사 메시지,2018-02-14T00:00:10Z,43.0,True,2938,595.0,86.0
3565,UCAi-amA4-tpCMlKi6PdmGEA,Boys Republic Official,6FTpMrpwmM4,[소년공화국] 소년TV뉴스 제78화 설맞이 쟁반노래방 편,2018-02-16T09:41:54Z,971.0,False,3530,394.0,60.0
3565,UCAi-amA4-tpCMlKi6PdmGEA,Boys Republic Official,Pls68EVhUq0,소년공화국 수웅이의 글씨연습06,2018-03-09T09:47:55Z,498.0,False,2430,308.0,36.0
3565,UCAi-amA4-tpCMlKi6PdmGEA,Boys Republic Official,P9KJQBPmz-0,[소년공화국] 수웅이의 글씨연습 마지막화,2018-03-29T12:39:40Z,508.0,False,2138,402.0,63.0
3565,UCAi-amA4-tpCMlKi6PdmGEA,Boys Republic Official,9sjUIHSUMEE,[소년공화국] 소년TV뉴스 제79화 5주년 마니또 편,2018-07-11T09:50:58Z,2010.0,False,3430,415.0,68.0
3565,UCAi-amA4-tpCMlKi6PdmGEA,Boys Republic Official,_aX_tHPfsHs,소년공화국(BoysRpeulbic)이 전하는 2018 한가위 메시지,2018-09-23T06:29:31Z,45.0,True,8622,1417.0,119.0
3565,UCAi-amA4-tpCMlKi6PdmGEA,Boys Republic Official,tSqeKsAFkXI,소년공화국(BoysRepublic) 별(You're my) MV TEASER,2018-09-25T09:00:01Z,32.0,True,14192,1934.0,272.0
3565,UCAi-amA4-tpCMlKi6PdmGEA,Boys Republic Official,2vIt0Tz3bm4,소년공화국(BoysRepublic) - 별(You're my) MV,2018-10-10T09:00:01Z,395.0,False,63484,7207.0,1096.0
3566,UCLGDwdJU3TQF34JgVAlvwBw,오버워치 이스포츠,lAYGwZnP4go,프로 맥끈러 ZEST I T1 ZEST,2025-11-28T08:11:21Z,35.0,True,7229,45.0,4.0
3566,UCLGDwdJU3TQF34JgVAlvwBw,오버워치 이스포츠,ILKprm9TMvU,시원하게 열어드려요 I TM Quartz,2025-11-28T08:11:25Z,30.0,True,10543,74.0,1.0
3566,UCLGDwdJU3TQF34JgVAlvwBw,오버워치 이스포츠,cclgVcFUeBQ,24시간 상시 대기 I FLC Proper,2025-11-28T08:11:29Z,34.0,True,128945,844.0,71.0
3566,UCLGDwdJU3TQF34JgVAlvwBw,오버워치 이스포츠,CEVqzZYmlkk,WBG vs TCC｜Day 3｜OWCS 월드 파이널 2025 드림핵 스톡홀름,2025-11-29T00:15:32Z,4242.0,False,971,2.0,4.0
3566,UCLGDwdJU3TQF34JgVAlvwBw,오버워치 이스포츠,tA8tVse0SvE,SSG vs VL｜Day 3｜OWCS 월드 파이널 2025 드림핵 스톡홀름,2025-11-29T00:15:35Z,2832.0,False,678,5.0,3.0
3566,UCLGDwdJU3TQF34JgVAlvwBw,오버워치 이스포츠,1qJAutUJmiU,T1 vs GK｜Day 3｜OWCS 월드 파이널 2025 드림핵 스톡홀름,2025-11-29T00:15:39Z,4380.0,False,3141,22.0,10.0
3566,UCLGDwdJU3TQF34JgVAlvwBw,오버워치 이스포츠,TAc4KVbPSQA,TL vs PEP｜Day 3｜OWCS 월드 파이널 2025 드림핵 스톡홀름,2025-11-29T00:15:41Z,2738.0,False,549,2.0,0.0
3566,UCLGDwdJU3TQF34JgVAlvwBw,오버워치 이스포츠,blJCnjNv3Tc,WBG vs SSG｜Day 3｜OWCS 월드 파이널 2025 드림핵 스톡홀름,2025-11-29T00:15:45Z,3765.0,False,1129,8.0,3.0
3566,UCLGDwdJU3TQF34JgVAlvwBw,오버워치 이스포츠,CuDeRotZK8Y,TL vs T1｜Day 3｜OWCS 월드 파이널 2025 드림핵 스톡홀름,2025-11-29T00:15:51Z,4452.0,False,7639,53.0,15.0
3566,UCLGDwdJU3TQF34JgVAlvwBw,오버워치 이스포츠,BxpyLy2qHCI,WBG vs TCC 하이라이트｜Day 3｜OWCS 월드 파이널 2025 드림핵 스톡홀름,2025-11-29T08:04:18Z,573.0,False,197,1.0,0.0
3566,UCLGDwdJU3TQF34JgVAlvwBw,오버워치 이스포츠,6Zo-FWXBZvY,SSG vs VL 하이라이트｜Day 3｜OWCS 월드 파이널 2025 드림핵 스톡홀름,2025-11-29T08:06:34Z,558.0,False,244,3.0,0.0
3566,UCLGDwdJU3TQF34JgVAlvwBw,오버워치 이스포츠,-DNi0B8238o,T1 vs GK 하이라이트｜Day 3｜OWCS 월드 파이널 2025 드림핵 스톡홀름,2025-11-29T08:06:37Z,1075.0,False,877,11.0,1.0
3566,UCLGDwdJU3TQF34JgVAlvwBw,오버워치 이스포츠,PhmI0dKUOZ0,TL vs PEP 하이라이트｜Day 3｜OWCS 월드 파이널 2025 드림핵 스톡홀름,2025-11-29T08:16:44Z,597.0,False,175,4.0,0.0
3566,UCLGDwdJU3TQF34JgVAlvwBw,오버워치 이스포츠,iox2b1VA3Hk,WBG vs SSG 하이라이트｜Day 3｜OWCS 월드 파이널 2025 드림핵 스톡홀름,2025-11-29T08:16:48Z,1079.0,False,399,2.0,0.0
3566,UCLGDwdJU3TQF34JgVAlvwBw,오버워치 이스포츠,MBp_7_-WJMI,T1 vs TL 하이라이트｜Day 3｜OWCS 월드 파이널 2025 드림핵 스톡홀름,2025-11-29T08:16:51Z,1316.0,False,1928,15.0,1.0
3566,UCLGDwdJU3TQF34JgVAlvwBw,오버워치 이스포츠,iuXClaS0NFU,가볍게 32킬 I T1 Proud,2025-11-29T09:49:18Z,34.0,True,9267,57.0,1.0
3566,UCLGDwdJU3TQF34JgVAlvwBw,오버워치 이스포츠,FnJlawHt7E4,도와주러 왔는데 혼자된 사연 I WBG Leave,2025-11-29T09:49:21Z,26.0,True,10799,32.0,3.0
3566,UCLGDwdJU3TQF34JgVAlvwBw,오버워치 이스포츠,aHihpz4LQdQ,실수 아니라니까 I VL TOPDRAGON,2025-11-29T09:49:24Z,36.0,True,12582,81.0,8.0
3566,UCLGDwdJU3TQF34JgVAlvwBw,오버워치 이스포츠,6xIRp3Hidto,CR vs QAD｜Day 4｜OWCS 월드 파이널 2025 드림핵 스톡홀름,2025-11-30T03:32:34Z,4632.0,False,4788,31.0,26.0
3566,UCLGDwdJU3TQF34JgVAlvwBw,오버워치 이스포츠,0IHWE7onAqM,TM vs FLC｜Day 4｜OWCS 월드 파이널 2025 드림핵 스톡홀름,2025-11-30T03:32:38Z,4130.0,False,3574,22.0,36.0
3566,UCLGDwdJU3TQF34JgVAlvwBw,오버워치 이스포츠,19TNJpMXjmk,CR vs T1｜Day 4｜OWCS 월드 파이널 2025 드림핵 스톡홀름,2025-11-30T03:32:41Z,4144.0,False,4631,21.0,16.0
3566,UCLGDwdJU3TQF34JgVAlvwBw,오버워치 이스포츠,AcODzSEMeCQ,FLC vs WBG｜Day 4｜OWCS 월드 파이널 2025 드림핵 스톡홀름,2025-11-30T03:32:45Z,4656.0,False,2556,16.0,4.0
3566,UCLGDwdJU3TQF34JgVAlvwBw,오버워치 이스포츠,WwtF0GVAIrQ,CR vs FLC｜Day 4｜OWCS 월드 파이널 2025 드림핵 스톡홀름,2025-11-30T03:32:49Z,6230.0,False,12204,82.0,57.0
3566,UCLGDwdJU3TQF34JgVAlvwBw,오버워치 이스포츠,M6OKoqR64QI,CR vs QAD 하이라이트｜Day 4｜OWCS 월드 파이널 2025 드림핵 스톡홀름,2025-11-30T10:49:55Z,1306.0,False,1338,5.0,15.0
3566,UCLGDwdJU3TQF34JgVAlvwBw,오버워치 이스포츠,mxS_A4lS4Bw,TM vs FLC 하이라이트｜Day 4｜OWCS 월드 파이널 2025 드림핵 스톡홀름,2025-11-30T10:49:58Z,1177.0,False,729,3.0,4.0
3566,UCLGDwdJU3TQF34JgVAlvwBw,오버워치 이스포츠,3ysMTK8HQIo,CR vs T1 하이라이트｜Day 4｜OWCS 월드 파이널 2025 드림핵 스톡홀름,2025-11-30T10:50:04Z,1067.0,False,1186,8.0,0.0
3566,UCLGDwdJU3TQF34JgVAlvwBw,오버워치 이스포츠,At6ajtYrwNk,FLC vs WBG 하이라이트 I 2025 OWCS WORlD FINAls I day4 HL 005,2025-11-30T10:50:08Z,1539.0,False,1129,9.0,1.0
3566,UCLGDwdJU3TQF34JgVAlvwBw,오버워치 이스포츠,wOAOL5Jyymw,CR vs FLC 하이라이트｜Day 4｜OWCS 월드 파이널 2025 드림핵 스톡홀름,2025-11-30T10:50:12Z,1459.0,False,2698,17.0,2.0
3566,UCLGDwdJU3TQF34JgVAlvwBw,오버워치 이스포츠,hwtOi8y-s7I,나 공격도 잘한다고 I QAD Landon,2025-11-30T12:10:56Z,23.0,True,12584,78.0,5.0
3566,UCLGDwdJU3TQF34JgVAlvwBw,오버워치 이스포츠,3PWgdD1V96s,완막은 완막으로,2025-11-30T12:11:00Z,54.0,True,3593,12.0,1.0
3566,UCLGDwdJU3TQF34JgVAlvwBw,오버워치 이스포츠,N-myhtvyEok,외쳐 쿼츠 I TM Quartz,2025-11-30T12:11:04Z,23.0,True,35838,260.0,30.0
3566,UCLGDwdJU3TQF34JgVAlvwBw,오버워치 이스포츠,woypM3bBaXY,치열한 수 싸움,2025-11-30T12:11:08Z,62.0,False,6264,39.0,2.0
3566,UCLGDwdJU3TQF34JgVAlvwBw,오버워치 이스포츠,hgJkOvRYVI4,TM vs QAD｜Day 5｜OWCS 월드 파이널 2025 드림핵 스톡홀름,2025-12-01T03:47:18Z,5500.0,False,2771,15.0,8.0
3566,UCLGDwdJU3TQF34JgVAlvwBw,오버워치 이스포츠,Ay1FHPG07VA,TM vs CR｜Day 5｜OWCS 월드 파이널 2025 드림핵 스톡홀름,2025-12-01T03:48:52Z,5567.0,False,8731,52.0,59.0
3566,UCLGDwdJU3TQF34JgVAlvwBw,오버워치 이스포츠,NCFrFUvYDXo,QAD vs TM｜GRAND FINALS｜OWCS 월드 파이널 2025 드림핵 스톡홀름,2025-12-01T03:58:02Z,6209.0,False,10255,61.0,28.0
3566,UCLGDwdJU3TQF34JgVAlvwBw,오버워치 이스포츠,TzAsvlajOqA,TM vs QAD 하이라이트｜Day 5｜OWCS 월드 파이널 2025 드림핵 스톡홀름,2025-12-01T21:52:17Z,1580.0,False,1291,10.0,2.0
3566,UCLGDwdJU3TQF34JgVAlvwBw,오버워치 이스포츠,9jWOxmacdvM,TM vs CR 하이라이트｜Day 5｜OWCS 월드 파이널 2025 드림핵 스톡홀름,2025-12-01T21:53:18Z,1183.0,False,2459,12.0,5.0
3566,UCLGDwdJU3TQF34JgVAlvwBw,오버워치 이스포츠,EumOWcYLpNY,QAD vs TM 하이라이트｜Day 5｜OWCS 월드 파이널 2025 드림핵 스톡홀름,2025-12-01T21:53:20Z,1349.0,False,4099,26.0,10.0
3566,UCLGDwdJU3TQF34JgVAlvwBw,오버워치 이스포츠,KeuHM2yqyOs,5궁을 막아라 I QAD Landon,2025-12-02T04:28:12Z,52.0,True,7494,37.0,1.0
3566,UCLGDwdJU3TQF34JgVAlvwBw,오버워치 이스포츠,boetbcSCC04,승리를 위한 시간끌기 I Twisted Minds,2025-12-02T04:28:18Z,31.0,True,9487,46.0,0.0
3566,UCLGDwdJU3TQF34JgVAlvwBw,오버워치 이스포츠,-6QQO4Dd1SQ,동에 번쩍 서에 번쩍  I TM Youbi,2025-12-02T04:28:26Z,24.0,True,8845,45.0,0.0
3566,UCLGDwdJU3TQF34JgVAlvwBw,오버워치 이스포츠,Jug2WVWFHgQ,그만의 타이밍 I CR HeeSang,2025-12-02T06:00:16Z,26.0,True,25150,165.0,27.0
3566,UCLGDwdJU3TQF34JgVAlvwBw,오버워치 이스포츠,ar9M5pW3ChM,예상하지 못한 전술 I TM Quartz,2025-12-02T07:00:05Z,34.0,True,28669,181.0,10.0
3566,UCLGDwdJU3TQF34JgVAlvwBw,오버워치 이스포츠,7i_UkvyC_e4,EMEA리그 최초 월드 챔피언 I Twisted Minds,2025-12-02T08:00:14Z,35.0,True,10657,95.0,4.0
3566,UCLGDwdJU3TQF34JgVAlvwBw,오버워치 이스포츠,TVJtEOnSnGc,쿼츠로 시작해서 쿼츠로 끝낸다 I Twisted Minds TOP 5 I 2025 OWCS WORLD FINALS,2025-12-08T14:38:50Z,153.0,False,5715,80.0,20.0
3566,UCLGDwdJU3TQF34JgVAlvwBw,오버워치 이스포츠,_SO4ZV4HXHk,라쿤 TIME I Crazy Raccoon TOP 5 I 2025 OWCS WORLD FINALS,2025-12-12T08:51:28Z,100.0,False,3056,75.0,12.0
3566,UCLGDwdJU3TQF34JgVAlvwBw,오버워치 이스포츠,n25kO6I5m_o,TP의 경이로움을 느껴보세요 I Al Qadsiah TOP 5 I 2025 OWCS WORLD FINALS,2025-12-15T09:35:23Z,160.0,False,1614,22.0,7.0
3566,UCLGDwdJU3TQF34JgVAlvwBw,오버워치 이스포츠,s2X8GQ9Ci_k,변수플레이의 정석 I Team Falcons TOP 5 I 2025 OWCS WORLD FINALS,2025-12-18T03:10:56Z,166.0,False,3112,53.0,12.0
3566,UCLGDwdJU3TQF34JgVAlvwBw,오버워치 이스포츠,7T5Bv8HsoMc,Team이 하나 되어 I T1 TOP 5 I 2025 OWCS WORLD FINALS,2025-12-21T10:26:24Z,146.0,False,2124,18.0,4.0
3566,UCLGDwdJU3TQF34JgVAlvwBw,오버워치 이스포츠,fGMOgZb_5DI,Hit`s the OVERTIME I OVERTIME TOP 5 I 2025 OWCS WORLD FINALS,2026-01-01T21:03:39Z,178.0,False,4687,48.0,9.0
3567,UCnWCV3SNQnrrOcABwLJd28A,[철파엠] 김영철의 파워FM 공식계정,MUr_lNRL0v0,[피터의 진짜 영국식 영어] '환장하겠네' 영국식 표현은?,2025-03-10T23:30:04Z,538.0,False,4605,105.0,4.0
3567,UCnWCV3SNQnrrOcABwLJd28A,[철파엠] 김영철의 파워FM 공식계정,aVreqxw6UeI,[피터의 진짜 영국식 영어] '이가 시려요' 영국식 표현은?,2025-03-11T23:30:27Z,456.0,False,4083,81.0,10.0
3567,UCnWCV3SNQnrrOcABwLJd28A,[철파엠] 김영철의 파워FM 공식계정,W7wDge_HHFc,김다영 아나운서 / '연봉협상!' 🤔 직장연애보고서 : 너 혹시 나 좋아해?💕,2025-03-13T00:00:24Z,1402.0,False,2350,45.0,3.0
3567,UCnWCV3SNQnrrOcABwLJd28A,[철파엠] 김영철의 파워FM 공식계정,uaJqJ2DZzRk,[피터의 진짜 영국식 영어] '다시 없을 기회' 영국식 표현은?,2025-03-14T12:20:14Z,491.0,False,1047,37.0,3.0
3567,UCnWCV3SNQnrrOcABwLJd28A,[철파엠] 김영철의 파워FM 공식계정,thrXQwYVPQU,[피터의 진짜 영국식 영어] '너무 질겨' 영국식 표현은?,2025-03-16T23:30:14Z,514.0,False,2013,52.0,4.0
3567,UCnWCV3SNQnrrOcABwLJd28A,[철파엠] 김영철의 파워FM 공식계정,BS-25wp2XSg,"[리얼드라마 노노랜드] 매일 찾아오던 그가  00 변호사? / 이재황, 김하영",2025-03-17T00:07:11Z,1207.0,False,8707,103.0,3.0
3567,UCnWCV3SNQnrrOcABwLJd28A,[철파엠] 김영철의 파워FM 공식계정,7mE4ESq2JHQ,[피터의 진짜 영국식 영어] '이웃사촌이 좋다' 영국식 표현은?,2025-03-19T05:36:54Z,490.0,False,1052,29.0,4.0
3567,UCnWCV3SNQnrrOcABwLJd28A,[철파엠] 김영철의 파워FM 공식계정,Urna3GJc7l0,[피터의 진짜 영국식 영어] '보통이 아니네' 영국식 표현은?,2025-03-19T23:30:15Z,469.0,False,1444,52.0,4.0
3567,UCnWCV3SNQnrrOcABwLJd28A,[철파엠] 김영철의 파워FM 공식계정,XfCr5UMGxkc,"김다영 아나운서 / '보어아웃!' 이란? 🤔 직장연애보고서 : 그냥 두세요, 제가 닦을게요💕",2025-03-20T07:08:32Z,1403.0,False,2087,48.0,1.0
3567,UCnWCV3SNQnrrOcABwLJd28A,[철파엠] 김영철의 파워FM 공식계정,FB0P4OMjaMc,[피터의 진짜 영국식 영어] '에너지가 넘친다' 영국식 표현은?,2025-03-20T23:30:03Z,422.0,False,833,28.0,2.0
3567,UCnWCV3SNQnrrOcABwLJd28A,[철파엠] 김영철의 파워FM 공식계정,9_D9aGxhmvo,[피터의 진짜 영국식 영어] '졌지만 잘 싸웠다' 영국식 표현은?,2025-03-23T23:30:03Z,497.0,False,1573,41.0,2.0
3567,UCnWCV3SNQnrrOcABwLJd28A,[철파엠] 김영철의 파워FM 공식계정,aj12Xp8PCfA,"[리얼드라마 노노랜드] 내 남편이 매년 보는 여자 / 이재황, 김하영",2025-03-24T00:13:47Z,1251.0,False,9184,104.0,1.0
3567,UCnWCV3SNQnrrOcABwLJd28A,[철파엠] 김영철의 파워FM 공식계정,w1htZJ9dZQY,[피터의 진짜 영국식 영어] '내 입만 아프다' 영국식 표현은?,2025-03-24T23:30:17Z,431.0,False,1641,39.0,4.0
3567,UCnWCV3SNQnrrOcABwLJd28A,[철파엠] 김영철의 파워FM 공식계정,YnxhrFS82FA,[피터의 진짜 영국식 영어] '어려운 부탁인줄 알지만' 영국식 표현은?,2025-03-25T23:30:13Z,438.0,False,1282,39.0,5.0
3567,UCnWCV3SNQnrrOcABwLJd28A,[철파엠] 김영철의 파워FM 공식계정,wKywhP87O54,김다영 아나운서 / '밥 잘 사주는 예쁜 회사!' 🤔 직장연애보고서 : 소원도 여덟 개 맞죠?💕,2025-03-27T00:00:52Z,1449.0,False,1886,30.0,1.0
3567,UCnWCV3SNQnrrOcABwLJd28A,[철파엠] 김영철의 파워FM 공식계정,pBG0mNavNz0,[피터의 진짜 영국식 영어] '격 떨어진다' 영국식 표현은?,2025-03-27T05:32:59Z,455.0,False,1481,47.0,2.0
3567,UCnWCV3SNQnrrOcABwLJd28A,[철파엠] 김영철의 파워FM 공식계정,Mk_hdH7QO7s,"[리얼드라마 노노랜드] 다이소 선물받고 좋다던 여친 / 이재황, 김하영",2025-03-31T00:06:47Z,1149.0,False,7508,79.0,2.0
3567,UCnWCV3SNQnrrOcABwLJd28A,[철파엠] 김영철의 파워FM 공식계정,-155E8KKjZU,[피터의 진짜 영국식 영어] '인생은 버티는거야' 영국식 표현은?,2025-03-31T23:35:09Z,582.0,False,1319,44.0,2.0
3567,UCnWCV3SNQnrrOcABwLJd28A,[철파엠] 김영철의 파워FM 공식계정,xb6Xc6s88Vc,[피터의 진짜 영국식 영어] '공중도덕을 잘 지킵시다' 영국식 표현은?,2025-04-01T23:15:55Z,563.0,False,2288,56.0,4.0
3567,UCnWCV3SNQnrrOcABwLJd28A,[철파엠] 김영철의 파워FM 공식계정,0yQbYH9nM5A,김다영 아나운서 / '불안한 내 직업!' 🤔 직장연애보고서 : 아~ 후련하다 후련해!💕,2025-04-03T09:01:12Z,1432.0,False,2157,38.0,3.0
3567,UCnWCV3SNQnrrOcABwLJd28A,[철파엠] 김영철의 파워FM 공식계정,h0jCVet2hys,[피터의 진짜 영국식 영어] '왜 나만 안 되지' 영국식 표현은?,2025-04-03T23:30:16Z,502.0,False,1078,37.0,4.0
3567,UCnWCV3SNQnrrOcABwLJd28A,[철파엠] 김영철의 파워FM 공식계정,aXhUW-6c_Yw,[피터의 진짜 영국식 영어] '우리 우정 변치 말자' 영국식 표현은?,2025-04-07T10:30:38Z,504.0,False,1025,33.0,3.0
3567,UCnWCV3SNQnrrOcABwLJd28A,[철파엠] 김영철의 파워FM 공식계정,_tLCYwKui-s,"[리얼드라마 노노랜드] 내 사주가 보인다던 점쟁이 남친  / 이재황, 김하영",2025-04-07T12:15:24Z,1239.0,False,8453,81.0,3.0
3567,UCnWCV3SNQnrrOcABwLJd28A,[철파엠] 김영철의 파워FM 공식계정,3asmmPvVKag,[피터의 진짜 영국식 영어] '별도 달도 따줄게' 영국식 표현은? (with. 김윤지),2025-04-09T23:39:29Z,689.0,False,1848,40.0,3.0
3567,UCnWCV3SNQnrrOcABwLJd28A,[철파엠] 김영철의 파워FM 공식계정,WIbzKPXYgAs,[피터의 진짜 영국식 영어] '쓸모없는 논쟁' 영국식 표현은? (with. 김윤지),2025-04-10T23:26:06Z,654.0,False,1840,36.0,2.0
3567,UCnWCV3SNQnrrOcABwLJd28A,[철파엠] 김영철의 파워FM 공식계정,v5aJs-vf85o,김다영 아나운서 / '감정코치 ChatGPT!' 🤔 직장연애보고서 : 선배 나도 좀 뽑아줘요!💕,2025-04-11T08:02:34Z,1430.0,False,1945,33.0,4.0
3567,UCnWCV3SNQnrrOcABwLJd28A,[철파엠] 김영철의 파워FM 공식계정,jxW1n205zlA,"[리얼드라마 노노랜드] 암 병수발 들던 여친의 비밀 / 이재황, 김하영",2025-04-14T00:05:02Z,1274.0,False,9076,97.0,4.0
3567,UCnWCV3SNQnrrOcABwLJd28A,[철파엠] 김영철의 파워FM 공식계정,N4rNE1-dwZ8,[피터의 진짜 영국식 영어] '옷이 날개네' 영국식 표현은? (with. 김윤지),2025-04-14T23:30:07Z,664.0,False,4398,57.0,6.0
3567,UCnWCV3SNQnrrOcABwLJd28A,[철파엠] 김영철의 파워FM 공식계정,D5NGqUKeyS0,[피터의 진짜 영국식 영어] '겉만 번지르르하네' 영국식 표현은? (with. 김윤지),2025-04-15T23:54:39Z,662.0,False,2027,44.0,5.0
3567,UCnWCV3SNQnrrOcABwLJd28A,[철파엠] 김영철의 파워FM 공식계정,QRmbS3tdqsA,김다영 아나운서 / '디지털 월세' 란? 🤔 직장연애보고서 : 처음엔 누구나 다 힘들어요!💕,2025-04-16T09:29:12Z,1431.0,False,2835,42.0,5.0
3567,UCnWCV3SNQnrrOcABwLJd28A,[철파엠] 김영철의 파워FM 공식계정,8D9CKnLeseY,[피터의 진짜 영국식 영어] '겉만 번지르르하네' 영국식 표현은? (with. 김윤지),2025-04-16T23:30:03Z,631.0,False,1932,35.0,1.0
3567,UCnWCV3SNQnrrOcABwLJd28A,[철파엠] 김영철의 파워FM 공식계정,O7tgM8gI0G8,[피터의 진짜 영국식 영어] '힘이 장사다' 영국식 표현은? (with. 김윤지),2025-04-20T23:33:24Z,701.0,False,3489,36.0,4.0
3567,UCnWCV3SNQnrrOcABwLJd28A,[철파엠] 김영철의 파워FM 공식계정,M6gkLth7rXc,"[리얼드라마 노노랜드] 못생긴 남자랑 만나면 생기는 일  / 이재황, 김하영",2025-04-21T00:03:02Z,1233.0,False,9710,99.0,5.0
3567,UCnWCV3SNQnrrOcABwLJd28A,[철파엠] 김영철의 파워FM 공식계정,suUYC0BHNiM,투어스 따라 뛰는 건 멋지지 않아? 💙,2025-04-22T07:26:18Z,2027.0,False,18522,1155.0,52.0
3567,UCnWCV3SNQnrrOcABwLJd28A,[철파엠] 김영철의 파워FM 공식계정,md0dYiJCluo,[피터의 진짜 영국식 영어] '듣던 중 반가운 소리' 영국식 표현은?,2025-04-22T23:30:16Z,553.0,False,1394,41.0,3.0
3567,UCnWCV3SNQnrrOcABwLJd28A,[철파엠] 김영철의 파워FM 공식계정,6SH-F3HYZbs,김다영 아나운서 / '귀여움이 직장인을 구한다'? 🤔 직장연애보고서 : 사랑 참 어렵다...!💕(마지막 방송),2025-04-23T07:25:17Z,1429.0,False,10117,179.0,16.0
3567,UCnWCV3SNQnrrOcABwLJd28A,[철파엠] 김영철의 파워FM 공식계정,dqC8RvJhJnw,[피터의 진짜 영국식 영어] '건성건성 대답하지마' 영국식 표현은?,2025-04-23T23:30:12Z,553.0,False,1864,45.0,6.0
3567,UCnWCV3SNQnrrOcABwLJd28A,[철파엠] 김영철의 파워FM 공식계정,f8ISg2LymNU,[피터의 진짜 영국식 영어] '집 나가면 고생이야' 영국식 표현은?,2025-04-27T23:36:47Z,482.0,False,1194,29.0,3.0
3567,UCnWCV3SNQnrrOcABwLJd28A,[철파엠] 김영철의 파워FM 공식계정,B3UhXmdWFMU,"[리얼드라마 노노랜드] 양심도 지능순? 역대급 멍청한 남친 / 이재황, 김하영",2025-04-28T00:05:08Z,1132.0,False,10036,106.0,2.0
3567,UCnWCV3SNQnrrOcABwLJd28A,[철파엠] 김영철의 파워FM 공식계정,eSLECXiZRLs,[피터의 진짜 영국식 영어] '오늘만 같아라' 영국식 표현은?,2025-04-29T23:45:26Z,448.0,False,2432,42.0,2.0
3567,UCnWCV3SNQnrrOcABwLJd28A,[철파엠] 김영철의 파워FM 공식계정,Bs9i5PMt0jU,[피터의 진짜 영국식 영어] '위가 줄었다' 영국식 표현은?,2025-05-05T02:00:09Z,515.0,False,1738,43.0,3.0
3567,UCnWCV3SNQnrrOcABwLJd28A,[철파엠] 김영철의 파워FM 공식계정,CXSVMJDVW-E,[피터의 진짜 영국식 영어] '너희 사귀지?' 영국식 표현은?,2025-05-06T04:49:03Z,536.0,False,1742,31.0,3.0
3567,UCnWCV3SNQnrrOcABwLJd28A,[철파엠] 김영철의 파워FM 공식계정,pC4qFnTX490,"[피터의 진짜 영국식 영어] '아, 깜빡했다' 영국식 표현은?",2025-05-06T09:24:56Z,528.0,False,2275,36.0,4.0
3567,UCnWCV3SNQnrrOcABwLJd28A,[철파엠] 김영철의 파워FM 공식계정,4acfdwXIJcc,[피터의 진짜 영국식 영어] '잔소리 좀 그만해' 영국식 표현은?,2025-05-07T13:00:14Z,456.0,False,2763,50.0,6.0
3567,UCnWCV3SNQnrrOcABwLJd28A,[철파엠] 김영철의 파워FM 공식계정,YpfpPJ5BwgY,[피터의 진짜 영국식 영어] '옷 접어놔' 영국식 표현은?,2025-05-11T10:01:00Z,464.0,False,3736,57.0,7.0
3567,UCnWCV3SNQnrrOcABwLJd28A,[철파엠] 김영철의 파워FM 공식계정,Q7JIfONuMPY,"[리얼드라마 노노랜드] 출산이 죄는 아니잖아! 역대급 빌런 남친  / 이재황, 김하영",2025-05-12T00:04:16Z,1166.0,False,13965,115.0,5.0
3567,UCnWCV3SNQnrrOcABwLJd28A,[철파엠] 김영철의 파워FM 공식계정,vTJtCzFuwFM,[피터의 진짜 영국식 영어] '빚지고는 못 살아' 영국식 표현은?,2025-05-12T11:04:45Z,610.0,False,2246,50.0,4.0
3567,UCnWCV3SNQnrrOcABwLJd28A,[철파엠] 김영철의 파워FM 공식계정,JD3c_QNQn6A,[피터의 진짜 영국식 영어] '뽀송뽀송' 영국식 표현은?,2025-05-14T23:30:07Z,522.0,False,2109,43.0,5.0
3567,UCnWCV3SNQnrrOcABwLJd28A,[철파엠] 김영철의 파워FM 공식계정,y6Uz0EwuS48,[피터의 진짜 영국식 영어] '화장이 잘 먹었다' 영국식 표현은?,2025-05-15T09:01:24Z,595.0,False,3422,49.0,5.0
3567,UCnWCV3SNQnrrOcABwLJd28A,[철파엠] 김영철의 파워FM 공식계정,VEXC2t5ioeg,[피터의 진짜 영국식 영어] '늦바람이 무섭다' 영국식 표현은?,2025-05-16T01:08:01Z,605.0,False,6976,101.0,9.0
3568,UC7d54f4u17nyrjMicqYKPxA,RunningMan Animation,iQwsyrFk-WU,[Animation Runningman] Ep.25 Highlight Clip,2019-09-19T08:00:05Z,66.0,False,35361,307.0,32.0
3568,UC7d54f4u17nyrjMicqYKPxA,RunningMan Animation,GIsap17vSuI,[Animation Runningman] Ep.25 Pyramid Race Pt.1,2019-09-20T08:00:01Z,822.0,False,322446,3251.0,157.0
3568,UC7d54f4u17nyrjMicqYKPxA,RunningMan Animation,_2QPCGNzyUM,[Animation Runningman] Ep.26 Highlight Clip,2019-09-25T08:00:02Z,91.0,False,46801,452.0,42.0
3568,UC7d54f4u17nyrjMicqYKPxA,RunningMan Animation,JzmK5FVfcY0,[Animation Runningman] Ep.26 Pyramid Race Pt.2,2019-09-27T08:00:03Z,822.0,False,303596,3351.0,149.0
3568,UC7d54f4u17nyrjMicqYKPxA,RunningMan Animation,F4wkET6R_oE,[Animation Runningman] Ep.27 Highlight Clip,2019-10-02T08:00:01Z,79.0,False,41862,504.0,43.0
3568,UC7d54f4u17nyrjMicqYKPxA,RunningMan Animation,Zoe1sdIv2UY,[Animation Runningman] Ep.27 A Risky Plan,2019-10-04T08:00:04Z,822.0,False,386395,4324.0,164.0
3568,UC7d54f4u17nyrjMicqYKPxA,RunningMan Animation,oT1c5Dhhe-8,[Animation Runningman] Ep.28 Highlight Clip,2019-10-09T08:00:04Z,98.0,False,58911,676.0,43.0
3568,UC7d54f4u17nyrjMicqYKPxA,RunningMan Animation,NC69HwentHo,[Animation Runningman] Ep.28 Battle of the Highlands Pt.1,2019-10-11T08:00:02Z,822.0,False,291974,3267.0,149.0
3568,UC7d54f4u17nyrjMicqYKPxA,RunningMan Animation,SlPgDKLgaOQ,[Animation Runningman] Ep.29 Highlight Clip,2019-10-16T08:00:02Z,83.0,False,23581,279.0,20.0
3568,UC7d54f4u17nyrjMicqYKPxA,RunningMan Animation,sBQ4HHg9uaE,[Animation Runningman] Ep.29 Battle of the Highlands Pt.2,2019-10-18T08:00:05Z,822.0,False,627034,5735.0,214.0
3568,UC7d54f4u17nyrjMicqYKPxA,RunningMan Animation,2Iaop1hQoRU,[Animation Runningman] Ep.30 Highlight Clip,2019-10-23T08:00:00Z,90.0,False,26225,306.0,20.0
3568,UC7d54f4u17nyrjMicqYKPxA,RunningMan Animation,wmiMFQuB6io,[Animation Runningman] Ep.30 Battle of the Highlands Pt.3,2019-10-25T08:00:08Z,822.0,False,617458,5585.0,358.0
3568,UC7d54f4u17nyrjMicqYKPxA,RunningMan Animation,LIWWYjOUIvQ,[Animation Runningman] Ep.31 Highlight Clip,2019-10-30T08:00:04Z,128.0,False,33664,367.0,45.0
3568,UC7d54f4u17nyrjMicqYKPxA,RunningMan Animation,SLltovrKyag,[Animation Runningman] Ep.31 Liu's Plan,2019-11-01T08:00:02Z,822.0,False,266928,3192.0,133.0
3568,UC7d54f4u17nyrjMicqYKPxA,RunningMan Animation,Y3yYjyOQu_E,[Animation Runningman] Ep.32 Highlight Clip,2019-11-06T08:00:06Z,97.0,False,64904,709.0,49.0
3568,UC7d54f4u17nyrjMicqYKPxA,RunningMan Animation,u5OvErnOYNM,[Animation Runningman] Ep.32 Gaining Ground Pt.1,2019-11-08T08:00:14Z,821.0,False,890844,8805.0,723.0
3568,UC7d54f4u17nyrjMicqYKPxA,RunningMan Animation,XwBIzRIOJPE,[Animation Runningman] Ep.33 Highlight Clip,2019-11-13T08:00:02Z,90.0,False,27279,259.0,0.0
3568,UC7d54f4u17nyrjMicqYKPxA,RunningMan Animation,AFmYUbvMSaQ,[Animation Runningman] Ep.33 Gaining Ground Pt.2,2019-11-15T08:00:02Z,821.0,False,611433,5380.0,0.0
3568,UC7d54f4u17nyrjMicqYKPxA,RunningMan Animation,D2eqbqnqRlM,[Animation Runningman] Ep.34 Highlight Clip,2019-11-20T08:00:13Z,85.0,False,62611,563.0,0.0
3568,UC7d54f4u17nyrjMicqYKPxA,RunningMan Animation,AuhtkGpg95A,[Animation Runningman] Ep.34 Gaining Ground Pt.3,2019-11-22T08:00:11Z,822.0,False,1026021,8765.0,0.0
3568,UC7d54f4u17nyrjMicqYKPxA,RunningMan Animation,zs-FmljxGEM,[Animation Runningman] Ep.35 Highlight Clip,2019-11-27T08:00:11Z,89.0,False,79506,783.0,0.0
3568,UC7d54f4u17nyrjMicqYKPxA,RunningMan Animation,CFi0_dk-6Qg,[Animation Runningman] Ep.35 Gaining Ground Pt.4,2019-11-29T08:00:14Z,822.0,False,2325435,21928.0,0.0
3568,UC7d54f4u17nyrjMicqYKPxA,RunningMan Animation,yTQ41L53lXE,[Animation Runningman] Ep.36 Highlight Clip,2019-12-04T08:00:16Z,77.0,False,200297,1996.0,0.0
3568,UC7d54f4u17nyrjMicqYKPxA,RunningMan Animation,8jii_TOrOSo,[Animation Runningman] Ep.36 The Red Explosion,2019-12-06T08:00:02Z,822.0,False,769177,7670.0,0.0
3568,UC7d54f4u17nyrjMicqYKPxA,RunningMan Animation,1uhsp3k_byM,[Animation Runningman] Ep.37 Highlight Clip,2019-12-11T08:00:12Z,94.0,False,93289,775.0,0.0
3568,UC7d54f4u17nyrjMicqYKPxA,RunningMan Animation,6cgTQkcC53Y,[Animation Runningman] Ep.37 Battle of the Thrones Pt.1,2019-12-13T08:00:14Z,822.0,False,797401,6999.0,0.0
3568,UC7d54f4u17nyrjMicqYKPxA,RunningMan Animation,LcdnkpT-7kI,[Animation Runningman] Ep.38 Highlight Clip,2019-12-18T08:00:10Z,98.0,False,36178,382.0,0.0
3568,UC7d54f4u17nyrjMicqYKPxA,RunningMan Animation,Kg8kiyIMcvQ,[Animation Runningman] Ep.38 Battle of the Thrones Pt.2,2019-12-20T08:00:11Z,822.0,False,672947,6456.0,0.0
3568,UC7d54f4u17nyrjMicqYKPxA,RunningMan Animation,z18vAn2CD_Q,[Animation Runningman] Ep.39 Highlight Clip,2019-12-25T08:00:14Z,123.0,False,36212,433.0,0.0
3568,UC7d54f4u17nyrjMicqYKPxA,RunningMan Animation,R66XeJXwzwc,[Animation Runningman] Ep.40 Highlight Clip,2020-01-01T08:00:04Z,125.0,False,29268,360.0,0.0
3568,UC7d54f4u17nyrjMicqYKPxA,RunningMan Animation,CCN6kzRzSMc,[Animation Runningman] Ep.40 Battle of the Thrones Pt.4,2020-01-03T08:00:15Z,822.0,False,1008599,8610.0,0.0
3568,UC7d54f4u17nyrjMicqYKPxA,RunningMan Animation,nr99WjoQVnY,[Animation Runningman] Ep.41 Highlight Clip,2020-01-08T08:00:06Z,96.0,False,61109,634.0,0.0
3568,UC7d54f4u17nyrjMicqYKPxA,RunningMan Animation,5Wkrsa9ev_Y,[Animation Runningman] Ep.41 The Revealing Truth,2020-01-10T08:00:12Z,822.0,False,690685,6764.0,0.0
3568,UC7d54f4u17nyrjMicqYKPxA,RunningMan Animation,EIhBn-kc3t0,[Animation Runningman] Ep.42 Highlight Clip,2020-01-15T08:00:05Z,117.0,False,93948,885.0,0.0
3568,UC7d54f4u17nyrjMicqYKPxA,RunningMan Animation,pbR6otxFipU,[Animation Runningman] Ep.39 Battle of the Thrones Pt.3,2020-01-17T02:28:18Z,822.0,False,473905,4374.0,0.0
3568,UC7d54f4u17nyrjMicqYKPxA,RunningMan Animation,tuOdJWCGJfw,[Animation Runningman] Ep.42 Finale,2020-01-17T08:00:14Z,821.0,False,693247,6261.0,0.0
3568,UC7d54f4u17nyrjMicqYKPxA,RunningMan Animation,QFT6mASKDbI,[Animation Runningman] Ep.43 Highlight Clip,2020-01-22T08:00:02Z,119.0,False,140458,1314.0,0.0
3568,UC7d54f4u17nyrjMicqYKPxA,RunningMan Animation,_jd1ssLUlOQ,[Animation Runningman] Ep.43 Charming Gold,2020-01-24T08:00:06Z,822.0,False,594117,5552.0,0.0
3568,UC7d54f4u17nyrjMicqYKPxA,RunningMan Animation,Q3llmKYxtxs,[Animation Runningman] Ep.44 Highlight Clip,2020-01-29T08:00:02Z,130.0,False,111970,872.0,0.0
3568,UC7d54f4u17nyrjMicqYKPxA,RunningMan Animation,ucrHdnsfCl4,[Animation Runningman] Ep.44 The Materion,2020-01-31T08:00:12Z,822.0,False,552161,5076.0,0.0
3568,UC7d54f4u17nyrjMicqYKPxA,RunningMan Animation,ylUas0cbTuw,[Animation Runningman] Ep.45 Highlight Clip,2020-02-05T08:00:19Z,115.0,False,83368,729.0,0.0
3568,UC7d54f4u17nyrjMicqYKPxA,RunningMan Animation,vtbVdNzHdfU,[Animation Runningman] Ep.45 The Seventh Slate,2020-02-07T08:00:10Z,822.0,False,1007121,9553.0,0.0
3568,UC7d54f4u17nyrjMicqYKPxA,RunningMan Animation,OT97OU4r4iA,[Animation Runningman] Ep.46 Highlight Clip,2020-02-12T08:00:03Z,99.0,False,65903,528.0,0.0
3568,UC7d54f4u17nyrjMicqYKPxA,RunningMan Animation,eOrXGpmXr_U,[Animation Runningman] Ep.46 What Makes a Hero,2020-02-14T08:00:08Z,822.0,False,657429,6197.0,0.0
3568,UC7d54f4u17nyrjMicqYKPxA,RunningMan Animation,FzEZQkc4xAU,[Animation Runningman] Ep.47 Highlight Clip,2020-02-19T08:00:02Z,113.0,False,125126,995.0,0.0
3568,UC7d54f4u17nyrjMicqYKPxA,RunningMan Animation,XsTjlj2DFBY,[Animation Runningman] Ep.47 Captured,2020-02-21T08:00:10Z,822.0,False,651918,6142.0,0.0
3568,UC7d54f4u17nyrjMicqYKPxA,RunningMan Animation,6sSXnWfMZq8,[Animation Runningman] Ep.48 Highlight Clip,2020-02-26T08:00:01Z,126.0,False,176080,1349.0,0.0
3568,UC7d54f4u17nyrjMicqYKPxA,RunningMan Animation,aLfA8FO5s-A,[Animation Runningman] Ep.48 The Last Card,2020-02-28T08:00:01Z,821.0,False,1146533,11572.0,0.0
3568,UC7d54f4u17nyrjMicqYKPxA,RunningMan Animation,uvIJOjUybnU,Season1｜Part.1 Ep.01-27｜Animation Runningman｜5hours,2020-03-07T01:00:09Z,17399.0,False,2108798,24208.0,0.0
3568,UC7d54f4u17nyrjMicqYKPxA,RunningMan Animation,t4hTsskd9l4,Season1｜Part.2 Ep.28-48｜Animation Runningman｜5hours,2020-03-10T08:00:07Z,13562.0,False,2606503,22427.0,0.0
3569,UC16Zo1k7CM_mfuc2yJATLmg,이응디귿디귿,Ab9QdCBTdIs,김민하가 연기 시작한 이유,2024-09-26T03:00:05Z,46.0,True,218911,2608.0,38.0
3569,UC16Zo1k7CM_mfuc2yJATLmg,이응디귿디귿,E6Om5pqk1a0,혐관 맛집(?) 장항준 & 설경구 ㅋㅋㅋ,2024-09-26T03:00:13Z,44.0,True,87222,708.0,12.0
3569,UC16Zo1k7CM_mfuc2yJATLmg,이응디귿디귿,dI2hwmqjLSU,설경구에게 상처받은 말티쥬,2024-09-26T03:00:32Z,60.0,True,15846,199.0,2.0
3569,UC16Zo1k7CM_mfuc2yJATLmg,이응디귿디귿,ofGC5Li-73g,10년동안 이웃사촌이었던 송윤아 & 김민하,2024-09-26T03:00:36Z,50.0,True,102192,883.0,5.0
3569,UC16Zo1k7CM_mfuc2yJATLmg,이응디귿디귿,INTRA3WpRC4,영화같은 송윤아 첫사랑 썰,2024-09-26T03:30:08Z,60.0,True,6849,40.0,0.0
3569,UC16Zo1k7CM_mfuc2yJATLmg,이응디귿디귿,KRSPYipNCgY,김민하 인생 영화,2024-09-26T03:30:09Z,34.0,True,10182,127.0,0.0
3569,UC16Zo1k7CM_mfuc2yJATLmg,이응디귿디귿,LUAdnrFV760,송윤아의 남다른 (?) 영화 취향,2024-09-26T03:30:15Z,59.0,True,10466,66.0,0.0
3569,UC16Zo1k7CM_mfuc2yJATLmg,이응디귿디귿,qa_Paekc56Y,4고백 4차임 당한 김민하 🫨,2024-09-26T03:30:25Z,58.0,True,1156507,18581.0,336.0
3569,UC16Zo1k7CM_mfuc2yJATLmg,이응디귿디귿,27wjLfLdZZs,[SUB] 어라라... 서로를 시기하고 질투하고 그러다 삼각구도 서사 맛집이 돼ㅣ🐶🎬넌 감독이었어 EP.28ㅣ#유지태 #허진호,2024-10-02T09:00:02Z,1847.0,False,199948,3355.0,136.0
3569,UC16Zo1k7CM_mfuc2yJATLmg,이응디귿디귿,08HSB22mrEU,국회 진출한 유지태 배우 근황,2024-10-03T03:00:00Z,44.0,True,7756,61.0,1.0
3569,UC16Zo1k7CM_mfuc2yJATLmg,이응디귿디귿,bmfkAyUZNdA,이게 맞나... 장항준 허진호 같은 상황 다른 기억ㅋㅋ,2024-10-03T03:00:32Z,59.0,True,3442,39.0,0.0
3569,UC16Zo1k7CM_mfuc2yJATLmg,이응디귿디귿,or_69RuosWU,오히려 말할 때 어색한 유지태 & 허진호 감독,2024-10-03T03:00:38Z,59.0,True,10213,92.0,0.0
3569,UC16Zo1k7CM_mfuc2yJATLmg,이응디귿디귿,x7kOvp6F5AE,"허진호 감독, 기적의 촬영 논리!",2024-10-03T03:00:45Z,43.0,True,9780,91.0,0.0
3569,UC16Zo1k7CM_mfuc2yJATLmg,이응디귿디귿,_fk8REdcPN0,촬영 중 졸아버린(?) 허진호 감독,2024-10-03T03:30:17Z,26.0,True,3906,42.0,0.0
3569,UC16Zo1k7CM_mfuc2yJATLmg,이응디귿디귿,f82R9pb8IQU,라면 먹을래요? 한 마디에 한 박스 흡입한 유지태,2024-10-03T03:30:22Z,59.0,True,21900,169.0,0.0
3569,UC16Zo1k7CM_mfuc2yJATLmg,이응디귿디귿,ZrUocOBLzO8,영화 촬영본 날렸을 때 대처법 ㅋㅋㅋ,2024-10-03T03:30:25Z,59.0,True,11255,167.0,1.0
3569,UC16Zo1k7CM_mfuc2yJATLmg,이응디귿디귿,cCwXfKC_bZ8,이건 꼭 봐야함 ㄷㄷ 해외 반응 좋은 허진호 감독 신작,2024-10-03T03:30:26Z,57.0,True,7639,82.0,2.0
3569,UC16Zo1k7CM_mfuc2yJATLmg,이응디귿디귿,lXrP_J01p8w,[SUB] 살려...주세요... 좋거나 나쁜 최강 빌런 등장에 수다쟁이 장항준도 쫄 😨ㅣ🐶🎬넌 감독이었어 EP.29ㅣ#박성웅 #이준혁,2024-10-09T09:00:51Z,1654.0,False,344518,6343.0,322.0
3569,UC16Zo1k7CM_mfuc2yJATLmg,이응디귿디귿,2myIXMMF06I,박성웅 앞에서 모두가 공손한 이유,2024-10-10T03:00:04Z,31.0,True,6152,59.0,2.0
3569,UC16Zo1k7CM_mfuc2yJATLmg,이응디귿디귿,PA8NA9uiB1M,굳동밷동 본체는 굳준혁 😭,2024-10-10T03:00:14Z,59.0,True,5633,73.0,2.0
3569,UC16Zo1k7CM_mfuc2yJATLmg,이응디귿디귿,bElQBUWJtBI,범죄도시 출연료 다 날린(?) 이준혁,2024-10-10T03:00:23Z,25.0,True,20394,267.0,2.0
3569,UC16Zo1k7CM_mfuc2yJATLmg,이응디귿디귿,nk0Nf726OMc,박성웅 고백 썰,2024-10-10T03:00:35Z,55.0,True,132386,2915.0,45.0
3569,UC16Zo1k7CM_mfuc2yJATLmg,이응디귿디귿,ojT2l3WL-O0,느그동재 우리동재 좋나동재 이준혁,2024-10-10T03:30:22Z,57.0,True,5369,104.0,3.0
3569,UC16Zo1k7CM_mfuc2yJATLmg,이응디귿디귿,oT5T699W3Sc,삼행시 장인 박성웅,2024-10-10T03:30:25Z,35.0,True,5184,32.0,1.0
3569,UC16Zo1k7CM_mfuc2yJATLmg,이응디귿디귿,eGzKmvGt834,될놈될 신세계 이중구,2024-10-10T03:30:26Z,39.0,True,15374,159.0,7.0
3569,UC16Zo1k7CM_mfuc2yJATLmg,이응디귿디귿,l3D4d0-1YQE,알고보니 법대생 박성웅,2024-10-10T03:30:30Z,51.0,True,6334,48.0,1.0
3569,UC16Zo1k7CM_mfuc2yJATLmg,이응디귿디귿,uwM_0-z7KCc,[SUB] 영화 자랑하러 부국제 왔다가 항주니랑 수다만(?) 떨고 간 데드라인 팀ㅣ🐶🎬넌 감독이었어 EP.30ㅣ#공승연 #박지일 #권봉근,2024-10-16T09:00:58Z,1719.0,False,101284,787.0,109.0
3569,UC16Zo1k7CM_mfuc2yJATLmg,이응디귿디귿,f__g6CX0r84,독기 레전드 공승연 🔥,2024-10-17T03:00:28Z,60.0,True,12913,98.0,0.0
3569,UC16Zo1k7CM_mfuc2yJATLmg,이응디귿디귿,dpY46z1ZXkk,데드라인 꼭 봐야 하는 이유 한 줄 요약,2024-10-17T03:00:33Z,49.0,True,10041,96.0,11.0
3569,UC16Zo1k7CM_mfuc2yJATLmg,이응디귿디귿,mG1XGNG9IIc,포항 제철소에서 촬영한 썰,2024-10-17T03:00:37Z,60.0,True,6363,53.0,3.0
3569,UC16Zo1k7CM_mfuc2yJATLmg,이응디귿디귿,qTarPOcBjoY,숨겨왔던 항주니의 실체 ㄷㄷ,2024-10-17T03:00:42Z,44.0,True,11817,80.0,0.0
3569,UC16Zo1k7CM_mfuc2yJATLmg,이응디귿디귿,6QN-brHqoyA,연기과 출신의 구수한 연기,2024-10-17T03:30:03Z,50.0,True,15960,211.0,1.0
3569,UC16Zo1k7CM_mfuc2yJATLmg,이응디귿디귿,Mm4dQ8TflpA,못하는 게 없는 공승연... 당신은 대체...,2024-10-17T03:30:10Z,50.0,True,9679,68.0,0.0
3569,UC16Zo1k7CM_mfuc2yJATLmg,이응디귿디귿,NalB30mNKLM,보법이 다른 회계학도 추리력,2024-10-17T03:30:19Z,48.0,True,18923,100.0,0.0
3569,UC16Zo1k7CM_mfuc2yJATLmg,이응디귿디귿,WdnTIgtA1Z8,권봉근 감독 : 공승연은 ○○하다!?,2024-10-17T03:30:27Z,59.0,True,6198,60.0,0.0
3569,UC16Zo1k7CM_mfuc2yJATLmg,이응디귿디귿,5CMU4uW-I34,"[SUB] 조용한 넌감독에 입담킬러스의 등장이라,,, 노벨수다상 항주니 말문도 막아버린 투머치 토커들ㅣ🐶🎬넌 감독이었어 EP.31ㅣ#김종관 #노덕 #이명세 #심은경",2024-10-23T09:00:06Z,1995.0,False,136442,2355.0,107.0
3569,UC16Zo1k7CM_mfuc2yJATLmg,이응디귿디귿,-Ot3iLboSSY,독보적인데 굉장히 까다로운 배우!?,2024-10-24T03:00:00Z,19.0,True,44140,354.0,5.0
3569,UC16Zo1k7CM_mfuc2yJATLmg,이응디귿디귿,3Mz4zel6yYY,세상에 억까 당한(?) 영화감독,2024-10-24T03:00:04Z,54.0,True,5078,44.0,0.0
3569,UC16Zo1k7CM_mfuc2yJATLmg,이응디귿디귿,B4wgfDTHJ3s,장항준도 기빨린 투머치 토커들,2024-10-24T03:00:06Z,49.0,True,97999,695.0,4.0
3569,UC16Zo1k7CM_mfuc2yJATLmg,이응디귿디귿,oRhqlzaoa0c,분위기 좋은 더 킬러스 팀ㅋㅋㅋ,2024-10-24T03:00:42Z,39.0,True,13362,102.0,0.0
3569,UC16Zo1k7CM_mfuc2yJATLmg,이응디귿디귿,SeSITDgKT9A,낯가려서 거울도 못 보는 대문자 I 심은경,2024-10-24T03:30:13Z,21.0,True,408140,2116.0,28.0
3569,UC16Zo1k7CM_mfuc2yJATLmg,이응디귿디귿,dh1V0bnZYDs,이게 영화가 아니면 뭐람? 특별한 관객과의 만남,2024-10-24T03:30:17Z,53.0,True,33290,288.0,5.0
3569,UC16Zo1k7CM_mfuc2yJATLmg,이응디귿디귿,M_LiEeSaYNY,투자자라는 환각을 본 이명세 감독 😨,2024-10-24T03:30:18Z,57.0,True,9696,141.0,0.0
3569,UC16Zo1k7CM_mfuc2yJATLmg,이응디귿디귿,xJHfU8u6Q4k,노덕 감독네 엉성한 강도썰 ㅋㅋㅋㅋ,2024-10-24T03:30:26Z,49.0,True,20363,212.0,0.0
3569,UC16Zo1k7CM_mfuc2yJATLmg,이응디귿디귿,Kv1wGU3SPhU,"[SUB] 항준, 영화제 위원장이 되어 돌아오다ㅣ🐶🎬넌 감독이었어 제천영화제 특집 미리보기",2025-09-01T09:00:24Z,419.0,False,26881,780.0,42.0
3569,UC16Zo1k7CM_mfuc2yJATLmg,이응디귿디귿,m_4HkdU7x74,"[SUB] 뮤지컬 남매가 말아주는 영화, 음악 그리고 모함 ㅣ🐶🎬넌 감독이었어 제천영화제 특집 1편",2025-09-04T09:00:33Z,1654.0,False,125028,2419.0,112.0
3569,UC16Zo1k7CM_mfuc2yJATLmg,이응디귿디귿,O6vq_8__B1Y,미도링 뮤지컬 인생 첫 실수?,2025-09-11T05:47:53Z,93.0,False,185098,2084.0,7.0
3569,UC16Zo1k7CM_mfuc2yJATLmg,이응디귿디귿,j3F78OWVJTI,살면서 조련당해 본 썰 풉니다...,2025-09-11T07:00:43Z,79.0,False,69918,583.0,1.0
3569,UC16Zo1k7CM_mfuc2yJATLmg,이응디귿디귿,tBMljJnwwUw,"제천의 황제, 영화제의 문을 열다ㅣ🐶🎬넌 감독이었어 제천영화제 개막식 V-log",2025-09-15T09:01:15Z,780.0,False,116805,2366.0,125.0
3569,UC16Zo1k7CM_mfuc2yJATLmg,이응디귿디귿,QGVPkR1LUBI,"넌 선생(상욱)이고, 우린 학생(항준,초희)이야!ㅣ🐶🎬넌 감독이었어 제천영화제 특집 2편",2025-09-18T09:00:41Z,1952.0,False,77822,1283.0,40.0
3570,UCmHltryGykfakS-JmaxrNBg,데친 숙주나물,dcWIQQE9vfQ,우왁굳의 롤 강점기 만화 (아이네 반응),2026-01-23T03:00:50Z,219.0,False,22867,1200.0,95.0
3570,UCmHltryGykfakS-JmaxrNBg,데친 숙주나물,fjpa-HEMIRw,막내 생일 축하 영상 비하인드,2026-01-24T01:00:54Z,113.0,False,46166,2164.0,80.0
3570,UCmHltryGykfakS-JmaxrNBg,데친 숙주나물,tkBwHI73YrA,아굳형 인소 명대사 배경 낉여왔어...-0-,2026-01-25T01:30:49Z,62.0,False,9089,694.0,35.0
3570,UCmHltryGykfakS-JmaxrNBg,데친 숙주나물,ZwOU3RDibVQ,이건 믿을 수 밖에 없겠는걸?,2026-01-26T03:00:42Z,228.0,False,15269,1120.0,55.0
3570,UCmHltryGykfakS-JmaxrNBg,데친 숙주나물,CW89oqJlewE,만렙 토끼 아이네 (아이네 반응),2026-01-27T03:00:22Z,113.0,False,40880,2170.0,74.0
3570,UCmHltryGykfakS-JmaxrNBg,데친 숙주나물,4qd_pidM8MM,릴파야 진짜 아픈거라니깐?,2026-01-28T03:00:05Z,158.0,False,20972,1219.0,44.0
3570,UCmHltryGykfakS-JmaxrNBg,데친 숙주나물,oFIhS0XQVeo,흑심을 가득 담은 선생님의 일본어 강의,2026-01-30T03:00:56Z,91.0,False,45674,2397.0,155.0
3570,UCmHltryGykfakS-JmaxrNBg,데친 숙주나물,lglbzZpQbro,마음의 소리가 나와버린 아이네,2026-01-31T01:30:59Z,79.0,False,21116,1406.0,73.0
3570,UCmHltryGykfakS-JmaxrNBg,데친 숙주나물,zE4nx1xlTRI,아가컵 레전드 순간들 (아이네 반응 모음집),2026-02-04T03:01:10Z,1004.0,False,20143,949.0,61.0
3570,UCmHltryGykfakS-JmaxrNBg,데친 숙주나물,HDsGrF8qYVo,AI비서에게 일침당하는 왁굳님ㅋㅋㅋ,2026-02-05T03:00:31Z,58.0,True,28423,1562.0,85.0
3570,UCmHltryGykfakS-JmaxrNBg,데친 숙주나물,os2nuC2sOdA,아이네는 이번엔 면허를 딸 수 있을까?,2026-02-06T03:01:02Z,228.0,False,10064,793.0,98.0
3570,UCmHltryGykfakS-JmaxrNBg,데친 숙주나물,erTi9mhRVyE,고통없이 한방에 보내드릴게!!,2026-02-09T03:00:43Z,138.0,False,11688,792.0,51.0
3570,UCmHltryGykfakS-JmaxrNBg,데친 숙주나물,c6P3n-OaG7E,뭐가 존똑이야..,2026-02-10T03:00:28Z,125.0,False,71693,3029.0,144.0
3570,UCmHltryGykfakS-JmaxrNBg,데친 숙주나물,pke_3bd4gks,X친 토끼살인마들 같아ㅋㅋ,2026-02-10T09:01:18Z,122.0,False,13080,835.0,49.0
3570,UCmHltryGykfakS-JmaxrNBg,데친 숙주나물,OCzghFa01ts,죽어! 죽어! 왜 안닿아 이거!,2026-02-11T03:30:12Z,179.0,False,12258,859.0,92.0
3570,UCmHltryGykfakS-JmaxrNBg,데친 숙주나물,yoDBROSC9R8,최면 걸리는 만화(아이네 반응),2026-02-12T03:01:07Z,58.0,True,26981,1641.0,61.0
3570,UCmHltryGykfakS-JmaxrNBg,데친 숙주나물,RjyMGmiA5fA,열심히 춤추는 동생들 보고 웃겨죽는 아이네,2026-02-14T01:29:01Z,197.0,False,54822,2236.0,88.0
3570,UCmHltryGykfakS-JmaxrNBg,데친 숙주나물,NNmwzGm3lpA,"아굳형 아프리카 후예 뉴걸 ""코세구"" 봤어?",2026-02-15T01:30:32Z,64.0,False,17366,955.0,91.0
3570,UCmHltryGykfakS-JmaxrNBg,데친 숙주나물,ExRca9L8xNM,저 뢴트님 보러 온거에요...! 믿어주세요...!,2026-02-15T08:00:18Z,146.0,False,71240,3110.0,156.0
3570,UCmHltryGykfakS-JmaxrNBg,데친 숙주나물,LD7HZVbxKZY,바탕화면아~ 깨끗해져라~ 얍~,2026-02-15T09:01:49Z,289.0,False,21076,1248.0,151.0
3570,UCmHltryGykfakS-JmaxrNBg,데친 숙주나물,pE5KPtV0NJE,이건 뭐 데이트를 하고 있는데 무슨 말을 해...,2026-02-16T03:15:04Z,106.0,False,50123,2148.0,164.0
3570,UCmHltryGykfakS-JmaxrNBg,데친 숙주나물,8r1L2gzYA_g,뢴트님.. 저희 6년 안됐어요..,2026-02-16T09:00:10Z,75.0,False,18390,1098.0,64.0
3570,UCmHltryGykfakS-JmaxrNBg,데친 숙주나물,9sAGndf4HzQ,도벽의 알테오.. 감옥으로 들어가라!,2026-02-17T01:00:20Z,211.0,False,6595,513.0,32.0
3570,UCmHltryGykfakS-JmaxrNBg,데친 숙주나물,JHtOKvSDqOI,두쫀쿠 덕분에 감정이 풍부해진 왁파고,2026-02-18T01:30:27Z,109.0,False,25552,1279.0,94.0
3570,UCmHltryGykfakS-JmaxrNBg,데친 숙주나물,__RUwuw3FIs,어디서 공짜로 뿌렸나 싶은 그시절 국민템,2026-02-19T03:00:29Z,260.0,False,17648,992.0,97.0
3570,UCmHltryGykfakS-JmaxrNBg,데친 숙주나물,e6cxC9oL_-4,이제 워그 똥을 처먹여주마!,2026-02-20T03:00:53Z,167.0,False,10178,685.0,69.0
3570,UCmHltryGykfakS-JmaxrNBg,데친 숙주나물,5gKfVvHSeS0,와...골반 너무 이뻐..,2026-02-21T01:30:24Z,47.0,True,12033,807.0,61.0
3570,UCmHltryGykfakS-JmaxrNBg,데친 숙주나물,WRBGwHNue7o,살아 생전 내가 이걸 보다니!!,2026-02-23T03:00:36Z,61.0,False,12672,836.0,59.0
3570,UCmHltryGykfakS-JmaxrNBg,데친 숙주나물,vLRHS2dNOu8,여우누이가 무서운 아이네 (아이네 반응),2026-02-24T03:01:02Z,945.0,False,17993,1197.0,108.0
3570,UCmHltryGykfakS-JmaxrNBg,데친 숙주나물,_JEDrbceVNM,스피드런을 못하는 사람들,2026-02-25T03:00:40Z,83.0,False,6386,539.0,30.0
3570,UCmHltryGykfakS-JmaxrNBg,데친 숙주나물,eZRl9S8mS6c,엄청난 스펙의 영국어 선생님,2026-02-26T10:01:02Z,197.0,False,28328,1283.0,85.0
3570,UCmHltryGykfakS-JmaxrNBg,데친 숙주나물,6Q97SFMiqlw,나 리본 박수를 보지못하면 잘 때 생각날거같아,2026-02-28T08:30:03Z,36.0,True,9318,1021.0,69.0
3570,UCmHltryGykfakS-JmaxrNBg,데친 숙주나물,BTo_u2kEDp0,돼..돼지야.. 일로 와주면 안될까..?,2026-03-02T01:00:11Z,187.0,False,15524,984.0,70.0
3570,UCmHltryGykfakS-JmaxrNBg,데친 숙주나물,zu7OoOAgc4c,아이네는 완전히 멘탈이 나가버렸습니다 크리퍼를 만났거든요,2026-03-05T03:00:58Z,118.0,False,14307,1039.0,78.0
3570,UCmHltryGykfakS-JmaxrNBg,데친 숙주나물,BpEpOn0Q910,아뇨. 안귀여운데요.,2026-03-08T01:30:08Z,156.0,False,50208,2315.0,97.0
3570,UCmHltryGykfakS-JmaxrNBg,데친 숙주나물,dCtc1YkBdsk,이거 왜 맥이는거같지...,2026-03-08T09:00:10Z,240.0,False,22534,1209.0,91.0
3570,UCmHltryGykfakS-JmaxrNBg,데친 숙주나물,RsY7R19PvPU,지금은 아이네를 웃기는 왁파고의 4년전 그 시절,2026-03-09T03:00:25Z,77.0,False,26269,1359.0,122.0
3570,UCmHltryGykfakS-JmaxrNBg,데친 숙주나물,_nd81RcF_ws,시참 보는 만화(아이네 반응),2026-03-15T01:30:37Z,194.0,False,54668,2573.0,112.0
3570,UCmHltryGykfakS-JmaxrNBg,데친 숙주나물,5mzpS0oyk_s,나.. 왁파고님한테 우려진 거 같아,2026-03-16T03:00:09Z,396.0,False,29815,1548.0,148.0
3570,UCmHltryGykfakS-JmaxrNBg,데친 숙주나물,mK8hMIW8pJg,우리 버거 착하지? 집에 가자~,2026-03-17T03:00:57Z,77.0,False,11237,752.0,38.0
3570,UCmHltryGykfakS-JmaxrNBg,데친 숙주나물,xxjTAV_Zzbc,제 기준의 파스타는 말이죠?,2026-03-18T03:01:07Z,131.0,False,15767,970.0,72.0
3570,UCmHltryGykfakS-JmaxrNBg,데친 숙주나물,lkJ0ALsOB5E,아이네와 함께 걸어서 세계속으로,2026-03-27T09:00:00Z,292.0,False,19830,1359.0,101.0
3570,UCmHltryGykfakS-JmaxrNBg,데친 숙주나물,O8fGcC1DXtU,아이네를 보고 만든 커스텀 칵테일 (아이네 반응),2026-03-29T01:30:00Z,87.0,False,22473,1491.0,79.0
3570,UCmHltryGykfakS-JmaxrNBg,데친 숙주나물,DEJQQff8osU,저메추 해드렸습니다,2026-03-30T03:00:00Z,92.0,False,13123,1070.0,95.0
3570,UCmHltryGykfakS-JmaxrNBg,데친 숙주나물,wllSLBG-KrU,벤치프레스 하면 저 죽어요,2026-03-31T03:00:00Z,70.0,False,14961,1184.0,85.0
3570,UCmHltryGykfakS-JmaxrNBg,데친 숙주나물,PHcf7pFr_og,챱 츄~  챱챱츄~ 챱챱~,2026-04-02T03:00:16Z,106.0,False,23172,1638.0,103.0
3570,UCmHltryGykfakS-JmaxrNBg,데친 숙주나물,mKFd-q7ANV4,158만원이지만 또 먹고싶은 읍네네 풀코스 정식,2026-04-03T03:00:46Z,76.0,False,30598,2042.0,98.0
3570,UCmHltryGykfakS-JmaxrNBg,데친 숙주나물,oltMPkBHnXg,아이!! 미친 X끼 아니야!! 그 수술 아니라고!,2026-05-09T01:00:59Z,201.0,False,58831,3197.0,200.0
3570,UCmHltryGykfakS-JmaxrNBg,데친 숙주나물,WpI-kBOQVzk,여러분 어쩌다 이렇게 된거에요ㅠㅠ,2026-05-10T01:30:23Z,162.0,False,15777,1187.0,85.0
3570,UCmHltryGykfakS-JmaxrNBg,데친 숙주나물,Z423ywU1ONU,어딘가 익숙한 아주머니의 기습 상컨,2026-05-11T03:00:30Z,242.0,False,19403,1244.0,51.0
3571,UCiYIHxTd8epNluLSvzl2mtg,규민 JAYQ,z5v7J6psxZw,[SUB] 이 4가지 하면서 인생이 바뀌었습니다ㅣ잘 생겨지는 법 (2025.ver),2025-05-21T10:01:43Z,722.0,False,112281,1660.0,47.0
3571,UCiYIHxTd8epNluLSvzl2mtg,규민 JAYQ,2WdYUfjVMQI,[SUB] 연인과의 이별을 올바르게 극복하는 방법,2025-05-29T10:00:05Z,404.0,False,765584,18393.0,663.0
3571,UCiYIHxTd8epNluLSvzl2mtg,규민 JAYQ,_tFuycW3_oQ,[SUB] 평생 기억에 남는 여행을 하는 방법ㅣ치앙마이 배낭 여행기 EP.1,2025-06-05T10:01:08Z,1328.0,False,106944,1342.0,14.0
3571,UCiYIHxTd8epNluLSvzl2mtg,규민 JAYQ,mfruVhLptjg,[SUB] 당신이 사랑받지 못하는 진짜 이유,2025-06-12T10:01:19Z,332.0,False,60142,2115.0,110.0
3571,UCiYIHxTd8epNluLSvzl2mtg,규민 JAYQ,fUrN-IK6YVU,"[SUB] 북촌 데이트 할 때 여기 빼면 후회할 걸? ㅣ북촌 카페, 맛집, 전시",2025-06-16T10:01:07Z,859.0,False,99391,963.0,82.0
3571,UCiYIHxTd8epNluLSvzl2mtg,규민 JAYQ,oXv41fu83pg,[SUB] 이게 있어야 절대 무너지지 않을 수 있다ㅣ나를 살게하는 이유 깨닫기ㅣ당신의 중력에 대하여 (feat. 이 별에 필요한),2025-06-23T10:04:37Z,387.0,False,105413,1263.0,33.0
3571,UCiYIHxTd8epNluLSvzl2mtg,규민 JAYQ,mZ7N8GZAWL8,"[SUB] 연상과 데이트 하면 좋은점(feat. 폭스클럽 김지유)ㅣ연희동 맛집, 카페 추천",2025-07-09T10:01:30Z,1328.0,False,244597,2611.0,104.0
3571,UCiYIHxTd8epNluLSvzl2mtg,규민 JAYQ,G3cyNTGXaEw,헌팅걸이 홍대를 찾는 이유는?#규민 #김지유 #폭스클럽,2025-07-10T10:30:11Z,26.0,True,24613,176.0,1.0
3571,UCiYIHxTd8epNluLSvzl2mtg,규민 JAYQ,WNiA6TfPaD0,술자리 필승 플러팅 방법#규민 #김지유 #폭스클럽,2025-07-10T10:30:31Z,19.0,True,41296,192.0,4.0
3571,UCiYIHxTd8epNluLSvzl2mtg,규민 JAYQ,cMhLdufifZg,남친들 여친이랑 셀카 찍을 때 주의하기#규민 #김지유 #폭스클럽,2025-07-10T10:45:04Z,21.0,True,83616,405.0,2.0
3571,UCiYIHxTd8epNluLSvzl2mtg,규민 JAYQ,_iRmEUxlIaM,[SUB] 초졸 후 의대 합격까지 딱 2년걸린 믿기 힘든 교육 방식ㅣ먼사이라디오 EP.3 하트페어링 이찬형,2025-07-23T10:01:05Z,2720.0,False,180458,2997.0,246.0
3571,UCiYIHxTd8epNluLSvzl2mtg,규민 JAYQ,sMQ7fUswUK4,[SUB] 아 연프 그렇게 하는 거 아닌데ㅣ모태솔로지만 연애는 하고 싶어 리뷰(1~3화),2025-07-24T10:01:26Z,1044.0,False,138359,1436.0,111.0
3571,UCiYIHxTd8epNluLSvzl2mtg,규민 JAYQ,ZIPgFx2j06A,"[SUB] 이래서 7,8화 보라고 했구나ㅣ모태솔로지만 연애는 하고 싶어 리뷰(7~8화)",2025-07-28T10:00:52Z,985.0,False,180643,2129.0,153.0
3571,UCiYIHxTd8epNluLSvzl2mtg,규민 JAYQ,mKQqM3oaol8,[SUB] 숨막히는 모솔 천국도ㅣ모태솔로지만 연애는 하고 싶어 리뷰(9~10화),2025-07-30T09:01:12Z,860.0,False,352242,4369.0,340.0
3571,UCiYIHxTd8epNluLSvzl2mtg,규민 JAYQ,mQa53mV-jFs,[SUB] 본인이 직접 밝히는 모솔연애 비하인드ㅣ모태솔로지만 연애는 하고 싶어 현규 정목 재윤,2025-08-13T10:01:14Z,1723.0,False,1134433,13542.0,1373.0
3571,UCiYIHxTd8epNluLSvzl2mtg,규민 JAYQ,pjJnUv3p46g,[SUB] 모솔연애 그녀들의 시점으로 타임슬립ㅣ모태솔로지만 연애는 하고 싶어 지수 여명 민홍,2025-08-20T10:01:31Z,1619.0,False,707179,7233.0,548.0
3571,UCiYIHxTd8epNluLSvzl2mtg,규민 JAYQ,YIsOdIkpLgA,[SUB] 어디서도 푼 적 없는 직진 썰 공개ㅣ하트 페어링 안지민,2025-08-26T10:01:00Z,1282.0,False,570980,9413.0,887.0
3571,UCiYIHxTd8epNluLSvzl2mtg,규민 JAYQ,njGgtUO60lg,[SUB] 올 가을 데이트 하기 딱 좋은 한남동 비밀 아지트 추천!(feat. 가을에 딱인 향수도 추천!),2025-09-01T10:01:33Z,1137.0,False,95171,1180.0,83.0
3571,UCiYIHxTd8epNluLSvzl2mtg,규민 JAYQ,Tp_1MDUw4u8,[SUB] 연프 섭외 다 거절하고 유일하게 하트 페어링에 출연한 이유ㅣ하트 페어링 주하늘,2025-09-03T10:00:49Z,911.0,False,160749,1432.0,204.0
3571,UCiYIHxTd8epNluLSvzl2mtg,규민 JAYQ,oC1sOd3kmDA,[SUB] 나연과 동반 MC를 보게 된 사연,2025-09-08T10:01:30Z,680.0,False,63144,496.0,43.0
3571,UCiYIHxTd8epNluLSvzl2mtg,규민 JAYQ,X1rhX45iC8g,[SUB] 간절기 짧은데 돈 많이 쓰지 마세요 (+규독자 총 50명 댓글 이벤트 !!),2025-09-17T10:01:02Z,760.0,False,14006,253.0,367.0
3571,UCiYIHxTd8epNluLSvzl2mtg,규민 JAYQ,HVSYb6d4Z8E,[SUB] 재형 세승 남매의 연프 그 이후(feat. 모두가 놀란 깜짝 게스트)ㅣ재형이 동생 세승이,2025-09-23T10:00:27Z,1583.0,False,255311,3175.0,171.0
3571,UCiYIHxTd8epNluLSvzl2mtg,규민 JAYQ,-85XTYjcSq8,[SUB] 모솔에서 환승하고 온 아저씨들ㅣ환승연애4 리뷰(1~2화),2025-10-03T11:00:01Z,1145.0,False,239945,2621.0,168.0
3571,UCiYIHxTd8epNluLSvzl2mtg,규민 JAYQ,9cEO4xRyvdo,락포트와 함께한 가을코디 !,2025-10-13T11:38:26Z,24.0,True,7302,65.0,3.0
3571,UCiYIHxTd8epNluLSvzl2mtg,규민 JAYQ,Gu6zYNRYabA,"[SUB] 소개팅, 이것만 알아도 절대 망하지 않는다.(feat. 소개팅 필승 꿀팁)",2025-10-15T10:00:35Z,992.0,False,89981,270.0,54.0
3571,UCiYIHxTd8epNluLSvzl2mtg,규민 JAYQ,2nDRqu0Gk8o,[SUB] 진짜 우네...ㅣ환승연애4 리뷰(5화),2025-10-16T10:00:03Z,981.0,False,198510,2523.0,312.0
3571,UCiYIHxTd8epNluLSvzl2mtg,규민 JAYQ,l9p3fb--3AE,[SUB] 안 본 눈 사서 다시 느끼고 싶은 도파민ㅣ 환승연애4 리뷰(6~7화),2025-10-28T08:35:58Z,1360.0,False,179942,2199.0,187.0
3571,UCiYIHxTd8epNluLSvzl2mtg,규민 JAYQ,BlPvBW-IhR4,"[SUB] 내 머리 속의 지우개(feat. 카레, 세 시)ㅣ환승연애4 리뷰(8화)",2025-10-30T09:10:08Z,1361.0,False,261438,3441.0,388.0
3571,UCiYIHxTd8epNluLSvzl2mtg,규민 JAYQ,XyIw5ia50WA,내가 커피 내려줄게,2025-10-30T11:01:08Z,34.0,True,350223,101.0,7.0
3571,UCiYIHxTd8epNluLSvzl2mtg,규민 JAYQ,JHz_x2jsrxI,[SUB] 3시간 동안 사과하는 남자 어떤데ㅣ환승연애4 리뷰(9화),2025-11-06T09:00:34Z,1220.0,False,269425,3517.0,308.0
3571,UCiYIHxTd8epNluLSvzl2mtg,규민 JAYQ,v7ueaxO_Gwc,날씨도 좋고 단풍도 예쁜 요즘 Uber 앱으로 택시 타고 나들이 가요!,2025-11-07T09:01:37Z,61.0,False,6604,80.0,1.0
3571,UCiYIHxTd8epNluLSvzl2mtg,규민 JAYQ,eJyYU9v8DmM,[SUB] X룸이라는 걸 처음 본 사람의 리액션ㅣ환승연애4 리뷰(10화),2025-11-13T10:04:14Z,1338.0,False,202834,2226.0,510.0
3571,UCiYIHxTd8epNluLSvzl2mtg,규민 JAYQ,OSmQDE4cYoM,[SUB] 오늘은 얼큰하게 리뷰합니다ㅣ환승연애4 리뷰(11화),2025-11-21T09:00:44Z,1267.0,False,142622,1473.0,255.0
3571,UCiYIHxTd8epNluLSvzl2mtg,규민 JAYQ,fUJN7N1sm74,[SUB] X가 있었는데요 또 있었어요ㅣ환승연애4 리뷰(12화),2025-11-27T09:01:09Z,1031.0,False,228116,2108.0,422.0
3571,UCiYIHxTd8epNluLSvzl2mtg,규민 JAYQ,9kQdWGqe1wk,"[SUB] 할리우드 삼자대면ㅣ환승연애4 리뷰(13, 14화)",2025-12-04T09:49:52Z,1112.0,False,240973,2452.0,273.0
3571,UCiYIHxTd8epNluLSvzl2mtg,규민 JAYQ,KRDSaiuENxw,[SUB] 해가 될까 해가 뜰까ㅣ환승연애4 리뷰(16화),2025-12-18T07:14:53Z,984.0,False,199994,2048.0,290.0
3571,UCiYIHxTd8epNluLSvzl2mtg,규민 JAYQ,tJ0a0xYterw,[SUB] 헤어진 X를 비행기에서 우연히 다시 만났다ㅣ영화 「만약에 우리」  프리뷰,2025-12-22T10:01:36Z,787.0,False,385705,658.0,46.0
3571,UCiYIHxTd8epNluLSvzl2mtg,규민 JAYQ,vMbawRy9KLc,[SUB] 속 터져…ㅣ환승연애4 리뷰(17화),2025-12-27T07:30:18Z,742.0,False,227946,1962.0,156.0
3571,UCiYIHxTd8epNluLSvzl2mtg,규민 JAYQ,X5zfuogsIwI,[SUB] 도망가는 남자와 잡으러 가는 여자ㅣ환승연애4 리뷰(18화),2026-01-03T07:10:09Z,856.0,False,155053,1629.0,227.0
3571,UCiYIHxTd8epNluLSvzl2mtg,규민 JAYQ,ZUepe-6VSec,[SUB] 혼란하다 혼란해ㅣ환승연애4 리뷰(19화),2026-01-08T09:01:01Z,990.0,False,179023,1900.0,732.0
3571,UCiYIHxTd8epNluLSvzl2mtg,규민 JAYQ,-fAsl5Fngv4,"[SUB] 뜨거웠던 여름..  (열농단 연습게임, 제작발표회, 웬디의 영스트리트, 손태진의 트로트라디오)",2026-01-09T10:00:01Z,600.0,False,16080,688.0,66.0
3571,UCiYIHxTd8epNluLSvzl2mtg,규민 JAYQ,q7cQeuP7dQc,[SUB] 백현트럭 | 환승연애4 리뷰 (20화),2026-01-15T09:15:06Z,909.0,False,182054,1820.0,159.0
3571,UCiYIHxTd8epNluLSvzl2mtg,규민 JAYQ,uiT38gdk8h4,[SUB] 다들 행복해라!!  | 환승연애4 리뷰 (21화),2026-01-23T09:01:30Z,967.0,False,107643,1320.0,96.0
3571,UCiYIHxTd8epNluLSvzl2mtg,규민 JAYQ,TXWPWviv9PI,지옥도에 96즈의 등장이라.. (w.민지)ㅣ솔로지옥 성민 예진,2026-02-20T10:00:48Z,1203.0,False,239076,2828.0,429.0
3571,UCiYIHxTd8epNluLSvzl2mtg,규민 JAYQ,KnBKrINvFm0,주토피아 경찰과 담당일진의 만남ㅣ환승연애 백현 (규독자 이벤트 100명!!!),2026-03-04T10:00:25Z,890.0,False,118422,1397.0,403.0
3571,UCiYIHxTd8epNluLSvzl2mtg,규민 JAYQ,h2x-e_uZKRw,"퀸승용과 재형의 환승연애 비하인드ㅣ환승연애 승용, 재형",2026-03-11T10:01:07Z,876.0,False,147872,1561.0,98.0
3571,UCiYIHxTd8epNluLSvzl2mtg,규민 JAYQ,1Q6-pgCmT-g,장기연애 짬바 보여줄게,2026-04-02T11:00:04Z,1098.0,False,29191,337.0,26.0
3571,UCiYIHxTd8epNluLSvzl2mtg,규민 JAYQ,DrSL6SQuLeg,(SUB) 짜파구리 먹던 후야가 알파남이 되어 돌아왔다 | 내 새끼의 연애2 리뷰,2026-04-08T09:00:17Z,1173.0,False,14463,212.0,17.0
3571,UCiYIHxTd8epNluLSvzl2mtg,규민 JAYQ,FsrkTQtoTeg,매순간 열심히 살아야 한다는 강박에 빠진 사람들에게,2026-04-16T10:30:08Z,432.0,False,6195,283.0,21.0
3571,UCiYIHxTd8epNluLSvzl2mtg,규민 JAYQ,zBRHzqAlmy4,"여사친, 남사친 문제. 딱 정리해드립니다.",2026-04-27T10:01:35Z,549.0,False,4755,130.0,12.0
3572,UCq0o3sbbptcXuybPCevhbvw,삼척킴패밀리 SamcheokKimFamily,5YAHZdjpxJc,한국식 바베큐 먹으며 꽃 피운 미국 집밥 썰,2023-09-01T12:51:00Z,790.0,False,44670,2105.0,48.0
3572,UCq0o3sbbptcXuybPCevhbvw,삼척킴패밀리 SamcheokKimFamily,WQXHdaJPxUY,직접 고른 한국 과자를 처음 먹어 본 미국 처제들 반응은?,2023-09-15T00:17:07Z,742.0,False,37212,1540.0,56.0
3572,UCq0o3sbbptcXuybPCevhbvw,삼척킴패밀리 SamcheokKimFamily,w0aMyoPcnZA,진태랑 왜 놀아요?,2023-09-15T12:57:49Z,43.0,True,16082,416.0,9.0
3572,UCq0o3sbbptcXuybPCevhbvw,삼척킴패밀리 SamcheokKimFamily,b6NDRqjbQmA,"김밥 처음 먹어 본 미국 처제들 반응은? (부제: 불고기, 제육, 유부 초밥)",2023-09-29T23:03:01Z,765.0,False,270947,5680.0,118.0
3572,UCq0o3sbbptcXuybPCevhbvw,삼척킴패밀리 SamcheokKimFamily,lEQGld8OO7M,한국 학교 급식은 어땠어요? (부제: 시카고 관광),2023-10-14T02:52:26Z,832.0,False,25141,1098.0,30.0
3572,UCq0o3sbbptcXuybPCevhbvw,삼척킴패밀리 SamcheokKimFamily,tdCBcwGeLuQ,10년만에 홀로 떠나는 한국 여행,2023-10-15T05:35:08Z,347.0,False,10063,645.0,48.0
3572,UCq0o3sbbptcXuybPCevhbvw,삼척킴패밀리 SamcheokKimFamily,g68Z90qXgvI,K-연주자의 삶을 보여줄게 (ft. 첼로누나),2023-10-16T03:15:27Z,786.0,False,9288,614.0,63.0
3572,UCq0o3sbbptcXuybPCevhbvw,삼척킴패밀리 SamcheokKimFamily,r-tnEpamu_8,K-어린이의 삶을 보여줄게 (ft. 롯데월드 w/ 조카),2023-10-21T07:18:19Z,839.0,False,9305,670.0,52.0
3572,UCq0o3sbbptcXuybPCevhbvw,삼척킴패밀리 SamcheokKimFamily,zDjjeXUN6C0,K-주차를 보여줄께 (ft. 작곡친구),2023-11-09T22:47:07Z,925.0,False,12722,660.0,30.0
3572,UCq0o3sbbptcXuybPCevhbvw,삼척킴패밀리 SamcheokKimFamily,rH3eqsqEIYk,한국 신혼부부의 삶은 어떨까? (ft. 민속촌 w/학교 후배),2023-11-12T06:19:01Z,778.0,False,10339,569.0,14.0
3572,UCq0o3sbbptcXuybPCevhbvw,삼척킴패밀리 SamcheokKimFamily,yqb2rqJMG0g,대전인의 삶은 어떨까?,2023-11-13T06:56:53Z,713.0,False,8507,428.0,20.0
3572,UCq0o3sbbptcXuybPCevhbvw,삼척킴패밀리 SamcheokKimFamily,ydKU3X0D6Cs,12시간 운전하고 떡국 먹은 미국 가족들 반응은?,2023-11-24T22:56:13Z,670.0,False,80461,3366.0,111.0
3572,UCq0o3sbbptcXuybPCevhbvw,삼척킴패밀리 SamcheokKimFamily,qcIvt_VScig,미국에서 제일 맛있다는 햄버거? 오슈발버거!,2023-12-01T06:18:26Z,678.0,False,30580,1556.0,62.0
3572,UCq0o3sbbptcXuybPCevhbvw,삼척킴패밀리 SamcheokKimFamily,kKXz_Lb35GA,삼계탕 처음 먹어 본 미국 가족들 반응은?,2023-12-08T07:17:01Z,755.0,False,122314,5130.0,129.0
3572,UCq0o3sbbptcXuybPCevhbvw,삼척킴패밀리 SamcheokKimFamily,LuPKyHO_BUs,미국 가족들의 명절 식사?,2023-12-15T09:03:20Z,719.0,False,41160,2213.0,66.0
3572,UCq0o3sbbptcXuybPCevhbvw,삼척킴패밀리 SamcheokKimFamily,-No3-7mJ1jI,역시 여행 마지막 식사는 갈비와 삼겹살이지!,2023-12-25T02:22:55Z,694.0,False,65841,3168.0,137.0
3572,UCq0o3sbbptcXuybPCevhbvw,삼척킴패밀리 SamcheokKimFamily,GqGkBeuZ4VY,"미국 안녕, 한국 안녕!",2024-01-06T12:33:19Z,718.0,False,55574,2831.0,176.0
3572,UCq0o3sbbptcXuybPCevhbvw,삼척킴패밀리 SamcheokKimFamily,owLgtZtGWJY,한국 대학 처음 방문해 본 미국 형님의 반응은? (포스텍),2024-01-12T09:59:50Z,887.0,False,46729,2452.0,102.0
3572,UCq0o3sbbptcXuybPCevhbvw,삼척킴패밀리 SamcheokKimFamily,e_3fCCrKIcM,한국 오자마자 물회 처음 먹은 미국 형님의 반응은?,2024-01-14T10:44:29Z,726.0,False,58680,3384.0,137.0
3572,UCq0o3sbbptcXuybPCevhbvw,삼척킴패밀리 SamcheokKimFamily,0me56rjcQqc,각종 해산물 처음 먹어 본 미국 형님의 반응은?,2024-01-20T09:37:48Z,880.0,False,53629,3063.0,102.0
3572,UCq0o3sbbptcXuybPCevhbvw,삼척킴패밀리 SamcheokKimFamily,8Mb1IrAt_qg,"경주 처음 가본 알렉시스, 제로미형님 반응은?",2024-02-05T02:50:00Z,821.0,False,56689,3015.0,86.0
3572,UCq0o3sbbptcXuybPCevhbvw,삼척킴패밀리 SamcheokKimFamily,xbUBkeSsDUQ,포항공대 항공우주 동아리 시작합니다!,2024-02-24T06:20:14Z,58.0,True,10663,349.0,15.0
3572,UCq0o3sbbptcXuybPCevhbvw,삼척킴패밀리 SamcheokKimFamily,oku6aHN929w,첫 KTX 타기 전 분식 먹는 제로미형님 반응은?,2024-02-24T07:42:44Z,726.0,False,47023,2644.0,94.0
3572,UCq0o3sbbptcXuybPCevhbvw,삼척킴패밀리 SamcheokKimFamily,L7RS5XFlDUI,부대찌개 노래를 부른 제로미 형님을 위한 식사 (ft. COEX),2024-03-10T06:58:28Z,808.0,False,61470,3083.0,86.0
3572,UCq0o3sbbptcXuybPCevhbvw,삼척킴패밀리 SamcheokKimFamily,ZnTSCFTVj9E,"한국 사람들은 음식에 진심이야 (ft. 시청, 남대문)",2024-03-24T04:56:50Z,797.0,False,52157,2456.0,58.0
3572,UCq0o3sbbptcXuybPCevhbvw,삼척킴패밀리 SamcheokKimFamily,Y_PxA5sjU4M,복어 처음 먹어 본 미국 형님 반응은?,2024-03-29T09:00:22Z,794.0,False,35500,2065.0,75.0
3572,UCq0o3sbbptcXuybPCevhbvw,삼척킴패밀리 SamcheokKimFamily,jc55Ykfp4k4,미술누나와 함께하는 성수동 나들이,2024-03-31T06:09:29Z,737.0,False,42186,1955.0,59.0
3572,UCq0o3sbbptcXuybPCevhbvw,삼척킴패밀리 SamcheokKimFamily,q84LPLRsFTM,장어 구이 처음 먹어 본 미국 가족 반응은?,2024-04-14T03:46:52Z,797.0,False,64576,3072.0,62.0
3572,UCq0o3sbbptcXuybPCevhbvw,삼척킴패밀리 SamcheokKimFamily,5aS55FcyHf0,한국여행 마지막 여행지는?,2024-04-27T15:53:21Z,698.0,False,16937,1179.0,36.0
3572,UCq0o3sbbptcXuybPCevhbvw,삼척킴패밀리 SamcheokKimFamily,h8A29ZhDiQk,한우 처음 먹은 본 미국 형님의 반응은? (ft. 한국 여행 마지막 이야기),2024-05-12T10:23:52Z,765.0,False,56209,2915.0,120.0
3572,UCq0o3sbbptcXuybPCevhbvw,삼척킴패밀리 SamcheokKimFamily,gzOr8qjtWWU,미국 형님 한국 (재)방문 하이라이트,2024-05-15T06:54:55Z,196.0,False,6852,492.0,25.0
3572,UCq0o3sbbptcXuybPCevhbvw,삼척킴패밀리 SamcheokKimFamily,VYRIAGSdfcg,진태가 대학생 세미나에 초청된 이유는? #포스텍 #포항공대,2024-05-17T09:00:34Z,838.0,False,16389,1056.0,45.0
3572,UCq0o3sbbptcXuybPCevhbvw,삼척킴패밀리 SamcheokKimFamily,1hBCdWLD9ek,포항에서 인생 카페 찾음 #포항,2024-06-14T09:00:04Z,418.0,False,31733,1823.0,84.0
3572,UCq0o3sbbptcXuybPCevhbvw,삼척킴패밀리 SamcheokKimFamily,5FH7Vo0lCwg,마! 한국 벚꽃은 처음이지! #포스텍,2024-08-25T01:00:02Z,643.0,False,22123,1479.0,57.0
3572,UCq0o3sbbptcXuybPCevhbvw,삼척킴패밀리 SamcheokKimFamily,VyJpwlvO7Mw,"한국 방문한 장모님, 가장 먼저 놀란 이유는?",2024-09-21T07:21:38Z,583.0,False,671398,13525.0,359.0
3572,UCq0o3sbbptcXuybPCevhbvw,삼척킴패밀리 SamcheokKimFamily,pF2ACPFCjBw,한국 카페 처음 방문한 장모님의 반응,2024-10-06T08:05:44Z,674.0,False,98979,4446.0,129.0
3572,UCq0o3sbbptcXuybPCevhbvw,삼척킴패밀리 SamcheokKimFamily,rvfbS-knJw4,장어구이 처음 먹어 본 장모님 반응,2024-11-16T09:26:18Z,629.0,False,126682,5373.0,165.0
3572,UCq0o3sbbptcXuybPCevhbvw,삼척킴패밀리 SamcheokKimFamily,n9_sAgtn8U0,미국 모녀가 인정한 경주 찐 맛집은?,2024-12-28T07:58:43Z,606.0,False,47777,2546.0,47.0
3572,UCq0o3sbbptcXuybPCevhbvw,삼척킴패밀리 SamcheokKimFamily,qpGGj0bcYig,대게 처음 먹어 본 알렉시스와 장모님 반응!?!,2025-01-17T10:10:45Z,693.0,False,75386,3889.0,101.0
3572,UCq0o3sbbptcXuybPCevhbvw,삼척킴패밀리 SamcheokKimFamily,iiTNztcvV4s,한우 처음 먹어 본 프랑스 대학생들의 반응!?!(이라 쓰고 수다 at 포항공대),2025-01-29T23:54:24Z,653.0,False,42073,2101.0,33.0
3572,UCq0o3sbbptcXuybPCevhbvw,삼척킴패밀리 SamcheokKimFamily,qdFYv97xvQ8,한국 살아보니까 어떰?,2025-02-15T11:20:32Z,562.0,False,18238,1164.0,20.0
3572,UCq0o3sbbptcXuybPCevhbvw,삼척킴패밀리 SamcheokKimFamily,Jph5WbVRAH8,포항공대 축제는 어떨까?,2025-02-17T02:02:20Z,690.0,False,10164,574.0,19.0
3572,UCq0o3sbbptcXuybPCevhbvw,삼척킴패밀리 SamcheokKimFamily,RtFqqhq8Nf0,이게 맞아?,2025-04-06T10:50:58Z,883.0,False,8910,585.0,32.0
3572,UCq0o3sbbptcXuybPCevhbvw,삼척킴패밀리 SamcheokKimFamily,J2YGV7mceEI,포스텍 항공우주동아리✨ 2024년 최고의 순간들!,2025-04-07T05:56:18Z,193.0,False,3846,237.0,6.0
3572,UCq0o3sbbptcXuybPCevhbvw,삼척킴패밀리 SamcheokKimFamily,rpENheL5mNk,이제는 도시녀?! 다니엘의 화려한 컴백!,2025-04-20T03:45:51Z,640.0,False,32765,1761.0,61.0
3572,UCq0o3sbbptcXuybPCevhbvw,삼척킴패밀리 SamcheokKimFamily,gu0g5JsLXVA,그래서 연애는 언제 한다고?|Tulsa tour by Danielle!,2025-07-26T08:52:46Z,730.0,False,24059,1203.0,48.0
3572,UCq0o3sbbptcXuybPCevhbvw,삼척킴패밀리 SamcheokKimFamily,ux1AyC0MBO0,아나운서 누나와 나들이,2025-12-29T04:11:33Z,903.0,False,11178,597.0,50.0
3572,UCq0o3sbbptcXuybPCevhbvw,삼척킴패밀리 SamcheokKimFamily,-zvPa6SoE64,여동생과 안싸우고 오클라호마 투어 가능?,2026-02-17T13:14:00Z,594.0,False,13673,766.0,48.0
3572,UCq0o3sbbptcXuybPCevhbvw,삼척킴패밀리 SamcheokKimFamily,q9HmKcfTppg,이 구도 뭔가 익숙한데?,2026-05-10T07:57:50Z,687.0,False,27391,1574.0,92.0
3572,UCq0o3sbbptcXuybPCevhbvw,삼척킴패밀리 SamcheokKimFamily,fM0kbqc9bpE,"형부, 유튜브 어떻게 하는거에요!?",2026-05-13T08:38:13Z,742.0,False,36318,2135.0,93.0
3573,UCvScyjGkBUx2CJDMNAi9Twg,kt wiz - 위즈TV,dBXXtrPYOVE,시즌 1호 홈런과 호수비까지 오늘의 공주 등장 #최원준 #호수비 #마수걸이포,2026-04-25T11:26:02Z,26.0,True,46994,775.0,64.0
3573,UCvScyjGkBUx2CJDMNAi9Twg,kt wiz - 위즈TV,-5Rb8oMIJ5Y,[LIVE] 롯데 vs KT | KBO퓨처스리그 @익산 (04.26),2026-04-26T06:53:27Z,10883.0,False,9289,90.0,1.0
3573,UCvScyjGkBUx2CJDMNAi9Twg,kt wiz - 위즈TV,yj-WMTvKrWE,든든 vs 릴라 03즈의 대결🔥벌칙 릴스는 누구에게로?!｜컴투스프로야구V26,2026-04-26T08:06:51Z,700.0,False,61216,1301.0,110.0
3573,UCvScyjGkBUx2CJDMNAi9Twg,kt wiz - 위즈TV,mSkBhUNWi6Y,이겼따- 따랏! 따따! (컴투스 게임은 짐),2026-04-26T08:07:59Z,16.0,True,243727,3409.0,155.0
3573,UCvScyjGkBUx2CJDMNAi9Twg,kt wiz - 위즈TV,Gpyp2WNaTeE,4월 26일 KT vs SSG [2026 정규시즌 H/L],2026-04-26T09:04:29Z,680.0,False,17709,553.0,90.0
3573,UCvScyjGkBUx2CJDMNAi9Twg,kt wiz - 위즈TV,seI_DlcYXRc,호잇 호잇 둘리는 상무 갈 준비 중🫡,2026-04-26T23:30:16Z,33.0,True,19017,537.0,37.0
3573,UCvScyjGkBUx2CJDMNAi9Twg,kt wiz - 위즈TV,6eU9JEP2r1k,1년 6개월동안 잊지 말아주세요! 김재원 상무 입대합니다! [위즈티비],2026-04-27T00:00:05Z,219.0,False,5794,386.0,55.0
3573,UCvScyjGkBUx2CJDMNAi9Twg,kt wiz - 위즈TV,6DtDw_ftlUY,야구 선수들이 알려주는 초초초간단 야구 규칙⚾ [호기심천당],2026-04-27T09:30:14Z,1635.0,False,94334,2283.0,224.0
3573,UCvScyjGkBUx2CJDMNAi9Twg,kt wiz - 위즈TV,PZa6W9h6hQg,국세청 브랜드데이! #국세청 #수원ktwizpark #세금포인트 #할인,2026-04-28T04:58:02Z,32.0,True,14787,238.0,1.0
3573,UCvScyjGkBUx2CJDMNAi9Twg,kt wiz - 위즈TV,PmeoyT0Mxrs,4월 28일  LG vs KT [2026 정규시즌 H/L],2026-04-28T14:10:37Z,1110.0,False,20597,957.0,190.0
3573,UCvScyjGkBUx2CJDMNAi9Twg,kt wiz - 위즈TV,1iHekWtXudo,😭😭😭10회말 강민성의 끝내기 안타 !!!!!! ጿ ኈ ቼ ዽ ጿ ኈ ቼ ዽ ጿ ኈ ቼ ዽ ጿ ኈ ቼ ዽ ጿ ኈ ቼ ዽ ጿ ኈ ቼ ዽ ጿ ኈ ቼ ዽ ጿ [위즈덕후],2026-04-28T14:40:38Z,108.0,False,25106,1443.0,253.0
3573,UCvScyjGkBUx2CJDMNAi9Twg,kt wiz - 위즈TV,oqo642Vc2Ro,[대학생 리포터] 무엇이든 알려드립니다: 응원단장님은 하루에 얼마나 움직이실까?편,2026-04-29T02:42:50Z,60.0,True,47043,884.0,23.0
3573,UCvScyjGkBUx2CJDMNAi9Twg,kt wiz - 위즈TV,H7BGcj5nfYQ,"대기만성? 아니 대기민성, 봄은 온다 (04.28) [위즈덕후]",2026-04-29T03:00:25Z,1572.0,False,23880,1234.0,243.0
3573,UCvScyjGkBUx2CJDMNAi9Twg,kt wiz - 위즈TV,kxWGgZSCrho,[LIVE] 울산 vs KT | KBO퓨처스리그 @익산 (04.29),2026-04-29T06:49:51Z,10802.0,False,12347,135.0,2.0
3573,UCvScyjGkBUx2CJDMNAi9Twg,kt wiz - 위즈TV,Vr19utSCMfo,4월 29일 LG vs KT [2026 정규시즌 H/L],2026-04-29T13:44:29Z,1066.0,False,15284,563.0,118.0
3573,UCvScyjGkBUx2CJDMNAi9Twg,kt wiz - 위즈TV,-XRqpqW-im8,이틀 연속 끝내기 안타!!! 캡틴 장성우의 마법같은 끝내기 ጿ ኈ ቼ ዽ ጿ ኈ ቼ ዽ ጿ ኈ ቼ ዽ ጿ ኈ ቼ ዽ ጿ ኈ ቼ ዽ ጿ ኈ ቼ ዽ ጿ ኈ ቼ ዽ ጿ [위즈덕후],2026-04-29T14:11:14Z,105.0,False,22907,1112.0,190.0
3573,UCvScyjGkBUx2CJDMNAi9Twg,kt wiz - 위즈TV,fJX_PKSKjL4,[대학생 리포터] 무엇이든 알려드립니다: 응원단장님은 하루에 얼마나 움직이실까?결과편,2026-04-29T23:30:14Z,41.0,True,20033,564.0,16.0
3573,UCvScyjGkBUx2CJDMNAi9Twg,kt wiz - 위즈TV,eOw7311nxPM,"""두"" 말할 거 없는 짱""두""의 끝내기!!! (04.29) [위즈덕후]",2026-04-30T03:00:51Z,1860.0,False,20979,924.0,160.0
3573,UCvScyjGkBUx2CJDMNAi9Twg,kt wiz - 위즈TV,5GkhF5lY4cc,[LIVE] 울산 vs KT | KBO퓨처스리그 @익산 (04.30),2026-04-30T07:18:17Z,12540.0,False,12219,121.0,1.0
3573,UCvScyjGkBUx2CJDMNAi9Twg,kt wiz - 위즈TV,8E1WWxoze1o,[대학생 리포터] 5월 홈경기 일정 브리핑,2026-04-30T23:30:05Z,44.0,True,21100,419.0,23.0
3573,UCvScyjGkBUx2CJDMNAi9Twg,kt wiz - 위즈TV,stXc5Wy8EO0,경기 종료 후 OPEN⭐🌙 WIZ NIGHT 현장 스케치 [WI벤트],2026-05-01T00:00:59Z,168.0,False,7663,235.0,17.0
3573,UCvScyjGkBUx2CJDMNAi9Twg,kt wiz - 위즈TV,Xb4GcKymUbk,[LIVE] 울산 vs KT | KBO퓨처스리그 @익산 (05.01),2026-05-01T04:44:44Z,10419.0,False,11595,114.0,0.0
3573,UCvScyjGkBUx2CJDMNAi9Twg,kt wiz - 위즈TV,OFhtLDYx3zI,해명은 상식 대결 2로 받겠습니다 [WIZIP],2026-05-01T11:22:28Z,503.0,False,27321,746.0,73.0
3573,UCvScyjGkBUx2CJDMNAi9Twg,kt wiz - 위즈TV,Uv54O9Sr7B8,5월 1일 KT vs KIA [2026 정규시즌 H/L],2026-05-01T12:37:11Z,1032.0,False,16493,530.0,93.0
3573,UCvScyjGkBUx2CJDMNAi9Twg,kt wiz - 위즈TV,P_UoLA4Xl54,KKKKKKKKKKKKO YOUNG PYO 모음집 #고영표 #12K #개인최다탈삼진 #위즈티비 #ktwiz,2026-05-01T23:30:15Z,47.0,True,36207,948.0,37.0
3573,UCvScyjGkBUx2CJDMNAi9Twg,kt wiz - 위즈TV,sQwoX6vDpsU,"한승택의 적재적소에 터진 1,480일 만의 홈런 #한승택 #알토란 #홈런 #ktwiz #위즈티비",2026-05-01T23:30:18Z,34.0,True,31541,717.0,32.0
3573,UCvScyjGkBUx2CJDMNAi9Twg,kt wiz - 위즈TV,fltRF8ls4pA,좌측 외야를 책임지는 준규의 점프 캐치💥,2026-05-02T23:30:13Z,24.0,True,48902,1037.0,34.0
3573,UCvScyjGkBUx2CJDMNAi9Twg,kt wiz - 위즈TV,8NVse1szN5M,???: 이렇게 명장면이 많으니까 kt wiz가 1위지 [M.M.M],2026-05-03T07:58:13Z,1277.0,False,23562,1021.0,151.0
3573,UCvScyjGkBUx2CJDMNAi9Twg,kt wiz - 위즈TV,RrQ8d_dhYW0,5월 3일 KT vs KIA [2026 정규시즌 H/L],2026-05-03T08:58:10Z,818.0,False,17647,612.0,78.0
3573,UCvScyjGkBUx2CJDMNAi9Twg,kt wiz - 위즈TV,aqSfyP71B98,[대학생 리포터] 어린이들의 kt wiz 최애 선수는?🧙,2026-05-03T23:00:05Z,46.0,True,62463,1141.0,87.0
3573,UCvScyjGkBUx2CJDMNAi9Twg,kt wiz - 위즈TV,dVD5ETfpCSc,IMMA 누고? 어린이 맞아요? 조롱만 남은 어린이날 특집 [킅리닝타임],2026-05-04T09:30:17Z,1160.0,False,54810,1412.0,157.0
3573,UCvScyjGkBUx2CJDMNAi9Twg,kt wiz - 위즈TV,3UMOuYF87U0,우리도 한때는 (귀여운) 어린이였다..★,2026-05-05T01:00:03Z,34.0,True,190287,2766.0,92.0
3573,UCvScyjGkBUx2CJDMNAi9Twg,kt wiz - 위즈TV,9iupcWTxPBA,5월 5일 롯데 vs KT [2026 정규시즌 H/L],2026-05-05T09:48:56Z,1022.0,False,14902,606.0,93.0
3573,UCvScyjGkBUx2CJDMNAi9Twg,kt wiz - 위즈TV,dbu3GS1tSWI,[대학생 리포터] 동심인터뷰 오원석 선수편,2026-05-05T23:30:14Z,52.0,True,26014,731.0,30.0
3573,UCvScyjGkBUx2CJDMNAi9Twg,kt wiz - 위즈TV,kBdx5mxTF6M,kt wiz는 선물입니다 케린이들에게 내려진🎁 (05.05) [위즈덕후],2026-05-06T03:00:47Z,1297.0,False,18539,831.0,111.0
3573,UCvScyjGkBUx2CJDMNAi9Twg,kt wiz - 위즈TV,u-oSy-IIv10,어린이날 선물로 뽀로로에 홈런에 승리? 이거 진짜예요?! [WI벤트],2026-05-06T08:30:34Z,375.0,False,7890,352.0,19.0
3573,UCvScyjGkBUx2CJDMNAi9Twg,kt wiz - 위즈TV,u9SrJWLIwYY,"짱두의 1,500경기 출장을 축하합니다🎉",2026-05-06T10:16:31Z,76.0,False,10645,419.0,21.0
3573,UCvScyjGkBUx2CJDMNAi9Twg,kt wiz - 위즈TV,eVovRGcgniU,"[대학생 리포터] 동심인터뷰 소형준, 한승택 선수편",2026-05-06T23:30:22Z,59.0,True,15431,504.0,18.0
3573,UCvScyjGkBUx2CJDMNAi9Twg,kt wiz - 위즈TV,smU5U-_kgm8,[대학생리포터] 아기마법사👶🪄들 너무 귀여운데? 귀엽다 진짜...,2026-05-07T03:00:55Z,40.0,True,20885,612.0,11.0
3573,UCvScyjGkBUx2CJDMNAi9Twg,kt wiz - 위즈TV,WI1svz20QfQ,우천취소를 알리는 꼬마선장 ⛵ #이강민 #김정운 #오서진,2026-05-07T09:41:20Z,21.0,True,101174,2354.0,117.0
3573,UCvScyjGkBUx2CJDMNAi9Twg,kt wiz - 위즈TV,Trmbhj0ZIzg,우천취소를 지휘하는 꼬마선장 비하인드 ⛵ [위즈티비],2026-05-07T14:07:59Z,256.0,False,18395,856.0,82.0
3573,UCvScyjGkBUx2CJDMNAi9Twg,kt wiz - 위즈TV,njKhXSI3wjQ,[대학생 리포터] [글로벌위즈] ep.01 스기모토 코우키 [위즈포터],2026-05-07T23:30:29Z,40.0,True,15087,629.0,41.0
3573,UCvScyjGkBUx2CJDMNAi9Twg,kt wiz - 위즈TV,406TyIRLfcI,5월 8일 KT vs 키움 [2026 정규시즌 H/L],2026-05-08T12:56:44Z,896.0,False,16019,652.0,102.0
3573,UCvScyjGkBUx2CJDMNAi9Twg,kt wiz - 위즈TV,msS4MJwccuw,카네이션과 함께 활짝 핀 오늘의 경기(05.08) [위즈덕후],2026-05-09T03:00:53Z,1227.0,False,16250,715.0,64.0
3573,UCvScyjGkBUx2CJDMNAi9Twg,kt wiz - 위즈TV,OJrdXQ0yQqI,Q. 팀에서 S급 수다쟁이를 고르시오! 공주들의 티어게임🎮 [위즈티비],2026-05-11T09:30:12Z,1885.0,False,40860,1253.0,227.0
3573,UCvScyjGkBUx2CJDMNAi9Twg,kt wiz - 위즈TV,0DCOwLxbGCw,[LIVE] LG vs KT | KBO퓨처스리그 @익산 (05.13),2026-05-13T06:38:18Z,10095.0,False,13895,130.0,2.0
3573,UCvScyjGkBUx2CJDMNAi9Twg,kt wiz - 위즈TV,pH6Rkmhzwpg,5월 13일 SSG vs KT [2026 정규시즌 H/L],2026-05-13T13:19:35Z,1005.0,False,17971,776.0,112.0
3573,UCvScyjGkBUx2CJDMNAi9Twg,kt wiz - 위즈TV,mRkrzMyCVKw,26시즌 최다 득점(18점)&최다 안타(20개)로 만든 빅빅빅이닝! (Not vic) (05.13) [위즈덕후],2026-05-14T04:43:00Z,1652.0,False,17059,832.0,110.0
3573,UCvScyjGkBUx2CJDMNAi9Twg,kt wiz - 위즈TV,3hUXzAiW5QA,[LIVE] LG vs KT | KBO퓨처스리그 @익산 (05.14),2026-05-14T07:16:26Z,12227.0,False,14574,155.0,4.0
3573,UCvScyjGkBUx2CJDMNAi9Twg,kt wiz - 위즈TV,3pxk2i2vSrU,[LIVE] LG vs KT | KBO퓨처스리그 @익산 (05.15),2026-05-15T05:57:08Z,14627.0,False,16735,144.0,13.0
3574,UCz4b1O9sT73P8DWwx6OvQwg,김규태,RuBw2jppwh4,한섭에서 만난 그녀와 로맨스 찍으려했는데 1페이지 음지 출신이라고?? 규형사모드 발동,2026-03-27T05:00:00Z,678.0,False,26829,595.0,200.0
3574,UCz4b1O9sT73P8DWwx6OvQwg,김규태,reDstbiKNpo,오랜만에 콕끼리와 듀오하다가 싸웠습니다 ㅋㅋㅋㅋㅋ 강등전이라고? 내가 이겨(?)줄게,2026-03-28T06:44:20Z,884.0,False,36214,646.0,52.0
3574,UCz4b1O9sT73P8DWwx6OvQwg,김규태,ztIuXIWIchs,보던 프로들도 감탄한 역대급 에임의 승률 85% 체임버,2026-03-30T04:00:44Z,709.0,False,30110,620.0,36.0
3574,UCz4b1O9sT73P8DWwx6OvQwg,김규태,0MW-bhaoCgE,전 랭킹 1등이 한국서버 기강 잡는법 #valorant #valorantclips #radiant #발로란트 #gaming,2026-03-31T06:37:52Z,27.0,True,47072,502.0,12.0
3574,UCz4b1O9sT73P8DWwx6OvQwg,김규태,WVQYJm5NZRg,폼 절정 김규태가 김된모를 볶아 먹는 법 ㅋㅋㅋㅋ,2026-04-01T04:00:00Z,1098.0,False,17273,348.0,21.0
3574,UCz4b1O9sT73P8DWwx6OvQwg,김규태,mVBJBUqD8v8,“살이나 빼요” #valorant #valorantclips #radiant #발로란트 #gaming,2026-04-01T13:00:00Z,39.0,True,32074,599.0,20.0
3574,UCz4b1O9sT73P8DWwx6OvQwg,김규태,RZZwPs0GAZk,??? : 클러치시 반포자이 안주면 유튜브계정 삭제 #valorant #valorantclips #radiant #발로란트 #gaming,2026-04-02T06:28:39Z,44.0,True,173472,2331.0,21.0
3574,UCz4b1O9sT73P8DWwx6OvQwg,김규태,08YI6Mnigpc,체임버의 정점에 도달한 사람의 1대5 클러치 #valorant #valorantclips #radiant #발로란트 #gaming,2026-04-02T11:00:01Z,34.0,True,187837,2323.0,48.0
3574,UCz4b1O9sT73P8DWwx6OvQwg,김규태,MmJpEgdVtNk,이딴게… 8만원…? 이스터에그있다해서 사봤는데… 은근 귀여운데?? [ 젤리빔 스킨 리뷰 ],2026-04-02T13:44:43Z,514.0,False,13531,323.0,35.0
3574,UCz4b1O9sT73P8DWwx6OvQwg,김규태,Tr3_2w9hEtQ,체임버할때 총을 잘 쏴야하는 이유  #valorant #valorantclips #radiant #발로란트 #gaming,2026-04-03T10:01:50Z,20.0,True,16500,205.0,4.0
3574,UCz4b1O9sT73P8DWwx6OvQwg,김규태,NQ2SxI-xkrM,왼손 무빙이 중요한 이유 #valorant #valorantclips #radiant #발로란트 #gaming,2026-04-05T13:06:43Z,28.0,True,30316,518.0,17.0
3574,UCz4b1O9sT73P8DWwx6OvQwg,김규태,wjllRpkkwkc,말도 안되는 에이스했더니 상대편이 핵인줄알고 패드립함 ㅋㅋㅋㅋ 참교육 들어갑니다.,2026-04-06T07:01:27Z,748.0,False,20837,312.0,43.0
3574,UCz4b1O9sT73P8DWwx6OvQwg,김규태,eEY9s8JvB6k,천상계 양학하고 다니는 규온과 된이즈 ㅋㅋㅋㅋ,2026-04-08T04:00:49Z,718.0,False,13971,267.0,15.0
3574,UCz4b1O9sT73P8DWwx6OvQwg,김규태,u5fu5b-LDik,상대편이 핵인줄알고 패드립한 에이스 ㄷㄷㄷ #valorant #valorantclips #radiant #발로란트 #gaming,2026-04-08T10:38:48Z,43.0,True,58212,1166.0,32.0
3574,UCz4b1O9sT73P8DWwx6OvQwg,김규태,Gii8Yq9s5CM,2026 밴달 스킨 티어표 만들었습니다. 현 시점 S급 밴달은 이거네요.,2026-04-09T04:00:16Z,945.0,False,68216,864.0,137.0
3574,UCz4b1O9sT73P8DWwx6OvQwg,김규태,0L2pbTQVj9c,"한국 3대 유망주 11년생 중학생 아시아 ""랭킹 1등"" 1124점 문우현 초대석",2026-04-11T03:00:01Z,1183.0,False,57900,1092.0,93.0
3574,UCz4b1O9sT73P8DWwx6OvQwg,김규태,QRmqZQsxwUc,2026 팬텀 스킨 티어표 만들었습니다. 현 시점 S급 팬텀은 이거네요. ( w. 우현 ),2026-04-12T06:02:25Z,1113.0,False,55747,580.0,102.0
3574,UCz4b1O9sT73P8DWwx6OvQwg,김규태,SE9lQX43ghI,1페이지 단 1판 남았는데 연패하고 멘탈 나간 동생 케어하는 못난 형들 ㅋㅋㅋㅋ [문우현 초대석 1일차],2026-04-13T04:00:27Z,959.0,False,53931,764.0,98.0
3574,UCz4b1O9sT73P8DWwx6OvQwg,김규태,uiCXeVgKlns,2026 칼 스킨 티어표 만들었습니다. 이 스킨이 1티어라고요 ?? 이건 진짜 아닌데….,2026-04-14T04:26:11Z,1786.0,False,57441,605.0,132.0
3574,UCz4b1O9sT73P8DWwx6OvQwg,김규태,B-skKK7_yx0,여태껏 없던 총 사운드 그리고 칼 모션이 2개라고?? 이 스킨 솔직히 제 생각은요 .... [ 신스킨 홀로 메리디안 풀 업그레이드 리뷰],2026-04-15T20:38:33Z,550.0,False,37637,525.0,67.0
3574,UCz4b1O9sT73P8DWwx6OvQwg,김규태,obnKbPvFq5M,1100점 랭킹 1등 중학생이 1부 프로게이머들과 매칭되면 생기는 일 [문우현 초대석 2일차],2026-04-17T04:00:55Z,858.0,False,50060,1162.0,33.0
3574,UCz4b1O9sT73P8DWwx6OvQwg,김규태,RmtAW--UWsk,이 무빙으로 1100점 찍었다는 문우현 전매특허 '앉기무빙' 배워봤습니다. [문우현 초대석 3일차],2026-04-18T04:00:34Z,1289.0,False,43235,870.0,48.0
3574,UCz4b1O9sT73P8DWwx6OvQwg,김규태,RDLN9FH-wHM,이거 방송에 나가도 되는거 맞아?? 카론과 피드백중 찾아온 의문의 남성 [문우현 초대석 마지막화],2026-04-19T04:01:30Z,987.0,False,41083,947.0,59.0
3574,UCz4b1O9sT73P8DWwx6OvQwg,김규태,8rcAWJk7VA8,C9 vs ENVY 챔스시절 Demon1 돌아왔습니다... 헤드샷률 59% 나오는 데몬원?!ㅣVCT 아메리카스 2026,2026-04-21T04:00:08Z,3026.0,False,59097,829.0,114.0
3574,UCz4b1O9sT73P8DWwx6OvQwg,김규태,6Zh8_oY2J0Q,요즘 발로란트가 재미없게 느껴지는 이유,2026-04-22T04:22:29Z,1001.0,False,45709,989.0,377.0
3574,UCz4b1O9sT73P8DWwx6OvQwg,김규태,m0OnL6in3ak,은퇴하고 잠적했던 플래시백과 듀오했는데 이녀석 미쳤습니다…,2026-04-25T05:00:42Z,1112.0,False,41217,996.0,88.0
3574,UCz4b1O9sT73P8DWwx6OvQwg,김규태,GTQk9xRjM8c,"데뷔하자마자 전승우승해버린  ""3대 유망주"" 아시아 랭킹 1등출신 [시에스타X울버린 초대석]",2026-04-28T04:00:14Z,1866.0,False,27482,494.0,54.0
3574,UCz4b1O9sT73P8DWwx6OvQwg,김규태,hi06viBSmMA,얘는 진짜 발로란트 천재인데요 ? 시에스타가 알려주는 랭크 무조건 이기는 방법 [시에스타 초대석 2편],2026-04-29T04:00:43Z,1064.0,False,36174,637.0,63.0
3574,UCz4b1O9sT73P8DWwx6OvQwg,김규태,iA7IUrl5WkM,초대석 나와서 아시아서버 6등 찍어버리는 10년생 3대 유망주 시에스타 ㄷㄷ [시에스타 초대석 3편],2026-04-30T05:00:43Z,654.0,False,24820,640.0,48.0
3574,UCz4b1O9sT73P8DWwx6OvQwg,김규태,dqfO0ZePvRg,"북미 네온 1위 ""Temet"" 현실 초대석 ㄷㄷ 현재 네온메타 어떻게 생각하는지 물어봤습니다 [테멧 초대석 1편]",2026-05-02T03:00:48Z,1034.0,False,34717,902.0,75.0
3574,UCz4b1O9sT73P8DWwx6OvQwg,김규태,_LoALnvHx6c,상대가 절대 못잡는다는 NEW 네온 “Temet” 시그니처 무빙 강의 이건 미쳤습니다 ㄷㄷ [테멧 초대석 2편],2026-05-03T04:00:29Z,1330.0,False,23945,502.0,63.0
3574,UCz4b1O9sT73P8DWwx6OvQwg,김규태,A9JS-GZhjWA,김규태 플래시백 문우현 셋이서 뭉쳤습니다. 팀원 모집합니다.,2026-05-05T04:00:17Z,1324.0,False,33936,699.0,43.0
3574,UCz4b1O9sT73P8DWwx6OvQwg,김규태,kZihYMARJUg,북미 네온 1위에게 물어본 “NS Dambi” 네온,2026-05-05T06:00:38Z,50.0,True,41228,1013.0,50.0
3574,UCz4b1O9sT73P8DWwx6OvQwg,김규태,EYJO12j9FtE,스틸시리즈와 재계약 했습니다. 여러분들을 위해 준비한 역대급 이벤트🎁,2026-05-06T04:34:21Z,306.0,False,11028,1077.0,857.0
3574,UCz4b1O9sT73P8DWwx6OvQwg,김규태,zcWK-8EjRq8,북미 네온1위 “Temet” 장비 최초 공개 ㄷㄷㄷ,2026-05-06T07:01:01Z,44.0,True,28810,292.0,4.0
3574,UCz4b1O9sT73P8DWwx6OvQwg,김규태,ScNTShs29cE,북미 네온 장인이 알려주는 슬라이드 샷 비밀 ㄷㄷㄷㄷ,2026-05-06T09:51:34Z,43.0,True,17195,207.0,7.0
3574,UCz4b1O9sT73P8DWwx6OvQwg,김규태,pF8QpHwEhPs,아시아 랭킹1등 유망주가 알려주는 무빙강의 ㄷㄷ,2026-05-07T07:00:45Z,56.0,True,62525,842.0,15.0
3574,UCz4b1O9sT73P8DWwx6OvQwg,김규태,pYLki2qDGxo,"11년생 아시아1등 잼민이가 ""NS DAMBI"" 에게 친추 받는방법 ㄷㄷㄷ",2026-05-07T14:01:45Z,53.0,True,152120,2583.0,37.0
3574,UCz4b1O9sT73P8DWwx6OvQwg,김규태,fLOHZmjpIpY,플레이오프때 갑자기 빠진 용 그리고 들어온 헤르메스 [KRX vs FS],2026-05-07T18:52:02Z,2031.0,False,12773,181.0,32.0
3574,UCz4b1O9sT73P8DWwx6OvQwg,김규태,KYOHJsGNzn4,""" 제발 퍼시픽으로 와줘""  중국리그 씹어먹고 다니는 중국 1위 한국선수 ㄷㄷ",2026-05-08T04:00:20Z,672.0,False,20062,352.0,51.0
3574,UCz4b1O9sT73P8DWwx6OvQwg,김규태,_8j1vo4uZQg,급하게 강남에 모인 세 남자들,2026-05-09T04:00:30Z,645.0,False,28803,793.0,39.0
3574,UCz4b1O9sT73P8DWwx6OvQwg,김규태,PXg9iWwFKts,최소 1000점이라는 3대 유망주들 실력 볼게요. 천상계 내전에서 어느정도 먹힐까???,2026-05-10T04:00:21Z,1270.0,False,43007,742.0,67.0
3574,UCz4b1O9sT73P8DWwx6OvQwg,김규태,ovrLiMRpveM,지면 탈락빵 매치에서 나온 대장군 현민의 칼폭쇼 플래시백과 함께보기 [KRX vs NS],2026-05-10T08:28:33Z,4787.0,False,17444,297.0,23.0
3574,UCz4b1O9sT73P8DWwx6OvQwg,김규태,14DonfunMlY,저희 이상한 사람 아닙니다…. 플래시백 여장 옷 사기 야외방송,2026-05-11T04:51:19Z,848.0,False,16402,505.0,44.0
3574,UCz4b1O9sT73P8DWwx6OvQwg,김규태,Xt-9KK-hWW4,"발로란트 아시아 랭킹1등 챔스 3등 킥오프 우승자 ""FlashBack"" 아닙니다..",2026-05-12T05:29:19Z,1350.0,False,25817,753.0,110.0
3574,UCz4b1O9sT73P8DWwx6OvQwg,김규태,u9xTyVV3zHA,광고에서 나온 그 게임 제가 해보겠습니다. [둠스데이 서바이벌],2026-05-13T05:51:56Z,698.0,False,1480,32.0,16.0
3574,UCz4b1O9sT73P8DWwx6OvQwg,김규태,kEe792TJ_4o,아시아 랭킹 1위 잼민이한테 NS DAMBI 가 화난이유 ㄷㄷ,2026-05-13T07:00:37Z,48.0,True,180929,4467.0,68.0
3574,UCz4b1O9sT73P8DWwx6OvQwg,김규태,NIyCCX8rnR8,데뷔하자마자 전승우승한 “Xiesta” 장비 최초공개 ㄷㄷ,2026-05-13T11:00:26Z,49.0,True,19105,206.0,4.0
3574,UCz4b1O9sT73P8DWwx6OvQwg,김규태,J1tQdsVxgLQ,은퇴한 선수가 사옥 지문찍으면 생기는 일 ㅋㅋㅋㅋ,2026-05-14T06:59:57Z,47.0,True,67605,2561.0,30.0
3574,UCz4b1O9sT73P8DWwx6OvQwg,김규태,WQcC8qNJBP4,"ASPAS , KAAJAK 이 인정한 “FlashBack”이 알려주는 무빙 , 랭크 강의 ㄷㄷㄷ [플래시백 초대석]",2026-05-15T02:56:07Z,1452.0,False,35507,1048.0,81.0
3575,UC6Bv3mjwNo71wxsk1Xaa14w,1vsAll,az5IE_bPUHs,비에고를 탑에서 쓰지 말란 법이 있을까?,2026-03-11T11:16:48Z,1488.0,False,125380,930.0,183.0
3575,UC6Bv3mjwNo71wxsk1Xaa14w,1vsAll,iCFhL_rbOdw,"그때 그 시절, 리메이크 전을 꿈꾸는 치속 몰락 마공학판 아트록스",2026-03-13T09:36:23Z,1726.0,False,178522,1355.0,313.0
3575,UC6Bv3mjwNo71wxsk1Xaa14w,1vsAll,9k0VvMHnzr8,"어이 거기, 치속 아트록스를 뭐라 생각하냐",2026-03-14T06:28:18Z,60.0,True,136693,947.0,58.0
3575,UC6Bv3mjwNo71wxsk1Xaa14w,1vsAll,gf8auCPmUDo,거드라 황새 나보리 쉔 준비했는데 분량 모자라서 너네가 좋아하는 걸 다 섞었어,2026-03-16T10:08:45Z,1516.0,False,115654,894.0,147.0
3575,UC6Bv3mjwNo71wxsk1Xaa14w,1vsAll,JiorUReW2cw,"""W평Q=2400데미지"" 1초 만에 원콤 내고 다니는 초극딜 판테온",2026-03-17T08:52:02Z,1583.0,False,172349,1156.0,147.0
3575,UC6Bv3mjwNo71wxsk1Xaa14w,1vsAll,K5dsBAeh7FI,상대방 스킬 유도하기,2026-03-17T09:47:26Z,53.0,True,160751,1028.0,71.0
3575,UC6Bv3mjwNo71wxsk1Xaa14w,1vsAll,YWeu12wo0pE,"""역대급 도파민"" 압도적인 공격력의 Q스킬을 치명타로 터트리는 극딜 자헨",2026-03-18T09:57:04Z,1487.0,False,137263,933.0,123.0
3575,UC6Bv3mjwNo71wxsk1Xaa14w,1vsAll,UBVrX-FOn6Q,"드디어 역대급 간지로 리메이크된 쉬바나, 빌드는 모르면 외우십시오 치속 마공학판 황새 쇼진",2026-03-19T09:21:14Z,1564.0,False,159176,1225.0,208.0
3575,UC6Bv3mjwNo71wxsk1Xaa14w,1vsAll,QGQnEBXdrcA,리메이크 쉬바나 하이라이트,2026-03-19T12:46:51Z,59.0,True,93717,489.0,33.0
3575,UC6Bv3mjwNo71wxsk1Xaa14w,1vsAll,mw1qdu93kU8,핫픽스 소용 없습니다. 여전히 OP 성능인 쉬바나 강의,2026-03-20T10:00:37Z,1921.0,False,162069,1257.0,238.0
3575,UC6Bv3mjwNo71wxsk1Xaa14w,1vsAll,Xn8zqUqvw0o,1레벨 패왕 쉬바나,2026-03-20T12:43:57Z,60.0,True,234225,1713.0,81.0
3575,UC6Bv3mjwNo71wxsk1Xaa14w,1vsAll,xLqXwT8X1mU,"""빌드 정립하고 11승2패"" 그냥 내 아내임",2026-03-21T09:20:58Z,1408.0,False,159105,1166.0,197.0
3575,UC6Bv3mjwNo71wxsk1Xaa14w,1vsAll,x1TG0wybF9U,핫픽스 너프 의미 없다,2026-03-22T09:08:14Z,60.0,True,97422,719.0,60.0
3575,UC6Bv3mjwNo71wxsk1Xaa14w,1vsAll,34VM3161HpY,"어이 거기, 극딜 판테온을 뭐라 생각하냐",2026-03-23T11:20:12Z,48.0,True,185326,1138.0,51.0
3575,UC6Bv3mjwNo71wxsk1Xaa14w,1vsAll,qegaBk8vObQ,"누적된 버프로 파괴전차가 되어버린 스카너, 전성기 체급에서 한 단계 아래 정도",2026-03-24T09:13:21Z,1574.0,False,170087,1185.0,214.0
3575,UC6Bv3mjwNo71wxsk1Xaa14w,1vsAll,eqczmlL0FZY,"어이 거기, 극딜 자헨을 뭐라 생각하냐",2026-03-24T11:34:54Z,57.0,True,129363,1043.0,41.0
3575,UC6Bv3mjwNo71wxsk1Xaa14w,1vsAll,JKUhZUJ6QoE,탑라이너가 주기적으로 해줘야하는 20레벨 풀템 세트,2026-03-25T10:20:29Z,1580.0,False,157186,1041.0,162.0
3575,UC6Bv3mjwNo71wxsk1Xaa14w,1vsAll,90xOrjBn5xQ,풀피 원콤은 기본이고 우물킬 내버리는 극딜 그라가스,2026-03-28T10:35:33Z,1513.0,False,122137,798.0,87.0
3575,UC6Bv3mjwNo71wxsk1Xaa14w,1vsAll,xiJaWwAY3-c,모니터에서 술냄새 나는 챔피언,2026-03-29T07:08:47Z,60.0,True,89590,707.0,42.0
3575,UC6Bv3mjwNo71wxsk1Xaa14w,1vsAll,SP5bnLA6Ro0,인기메뉴 오마카세,2026-03-29T09:00:24Z,1682.0,False,147873,1076.0,201.0
3575,UC6Bv3mjwNo71wxsk1Xaa14w,1vsAll,DLi9IM7jCII,치명타를 포기하고 방관으로 신이 되어버린 가렌,2026-04-05T10:47:56Z,1278.0,False,138015,1371.0,328.0
3575,UC6Bv3mjwNo71wxsk1Xaa14w,1vsAll,QKu2TExVxMo,"Q쿨 1.6초, 이속 450, 일방적으로 카이팅 하는 월식 쿨감 이속 스카너 이거 지금 못 막습니다",2026-04-06T11:36:47Z,1706.0,False,142169,1138.0,189.0
3575,UC6Bv3mjwNo71wxsk1Xaa14w,1vsAll,vfwv3ff-R3k,탑 다이애나는 최강이 되는 꿈을 꾼다,2026-04-10T09:37:24Z,1393.0,False,111885,731.0,91.0
3575,UC6Bv3mjwNo71wxsk1Xaa14w,1vsAll,cPAtOHoZ8nY,라이즈가 신이 됩니다. 딸깍으로 데미지 3000 넣는 초극딜 라이즈,2026-04-11T11:59:32Z,1931.0,False,118411,785.0,142.0
3575,UC6Bv3mjwNo71wxsk1Xaa14w,1vsAll,2HdW1OqjVJQ,1초안에 고정데미지 700 넣는 칼날비 물관 렉사이,2026-04-12T11:28:49Z,1747.0,False,116517,901.0,142.0
3575,UC6Bv3mjwNo71wxsk1Xaa14w,1vsAll,N1ZL9Nm56Zw,W선마 황새 몰락으로 돌아온 탑 엘리스,2026-04-15T13:28:00Z,1580.0,False,153047,1035.0,191.0
3575,UC6Bv3mjwNo71wxsk1Xaa14w,1vsAll,sKNdYC4IFNI,"처맞기만 하던 시절은 안녕, 육식으로 거듭난 치속 치명타 극딜 나서스",2026-04-17T12:44:22Z,1606.0,False,129363,1079.0,132.0
3575,UC6Bv3mjwNo71wxsk1Xaa14w,1vsAll,m4vC_5LOlBs,"""구황마존 볼리베어"" 적중시 효과 세 번씩 터트리고 사이드 강제로 뚫는 극딜 볼베의 새로운 패러다임",2026-04-18T12:09:26Z,1910.0,False,143146,1038.0,176.0
3575,UC6Bv3mjwNo71wxsk1Xaa14w,1vsAll,QpaCNQbgJlg,"""너 납치된 거야"" Q평R로 1초만에 상대 납치 후 원콤내는 강해상 탐켄치",2026-04-20T08:44:48Z,1610.0,False,120628,794.0,160.0
3575,UC6Bv3mjwNo71wxsk1Xaa14w,1vsAll,xsr0cD2N0TQ,W 3렙 + 쿨감 이속으로 일방적 카이팅 하는 메스가키 탑 아리,2026-04-27T10:16:13Z,1774.0,False,113147,871.0,107.0
3575,UC6Bv3mjwNo71wxsk1Xaa14w,1vsAll,ylCiPm10a48,"오른의 새로운 패러다임, 콩콩이 마관 점화로 라인전 박살 내고 다니는 육식 오른",2026-04-28T09:58:15Z,1539.0,False,117347,929.0,121.0
3575,UC6Bv3mjwNo71wxsk1Xaa14w,1vsAll,gBQYLOwRX5o,공속 3.0으로 미니언 없이 포탑미는 AP 신 짜오,2026-04-30T10:26:35Z,1507.0,False,189951,1664.0,229.0
3575,UC6Bv3mjwNo71wxsk1Xaa14w,1vsAll,qXX2m_ZNwtI,돌아온 마법 짜장,2026-04-30T10:32:17Z,84.0,False,93545,1016.0,55.0
3575,UC6Bv3mjwNo71wxsk1Xaa14w,1vsAll,mn-5HKkvqks,ER로 1500박고 공속으로 후드려패는 극 AP 신 짜오,2026-05-01T12:50:59Z,1424.0,False,128565,1025.0,188.0
3575,UC6Bv3mjwNo71wxsk1Xaa14w,1vsAll,YEloO8oFrlU,마법 짜장 2초식,2026-05-01T14:14:35Z,58.0,True,117716,664.0,69.0
3575,UC6Bv3mjwNo71wxsk1Xaa14w,1vsAll,DWQazFZP4Vw,스태틱+황새로 패시브 여러번 터트리는 진짜 천둥의 신 볼리베어,2026-05-02T07:09:44Z,1695.0,False,143120,1009.0,118.0
3575,UC6Bv3mjwNo71wxsk1Xaa14w,1vsAll,cOrviFPrlbA,신규 룬으로 스킬 하나 맞으면 5단 도트딜로 녹여버리는 탑 죽불 브랜드,2026-05-03T11:50:11Z,1512.0,False,178243,1208.0,148.0
3575,UC6Bv3mjwNo71wxsk1Xaa14w,1vsAll,NyI3O6N3bEQ,스태틱 황새로 진짜 천둥의 신이 되어버린 볼리베어,2026-05-04T10:06:19Z,42.0,True,84780,506.0,31.0
3575,UC6Bv3mjwNo71wxsk1Xaa14w,1vsAll,8v7VFNMBcXQ,새롭게 바뀐 벼폭검과 월식의 시너지로 협곡 다 박살내고 다니는 극딜 자르반,2026-05-04T10:36:30Z,1609.0,False,141062,960.0,124.0
3575,UC6Bv3mjwNo71wxsk1Xaa14w,1vsAll,eIYUfhrpbes,요즘 장신구 파란색이 더 좋은 이유,2026-05-05T13:18:15Z,20.0,True,283879,1446.0,61.0
3575,UC6Bv3mjwNo71wxsk1Xaa14w,1vsAll,X15mQs4BOnY,돌아온 죽불로 신이 되어버린 탑 브랜드,2026-05-07T11:51:17Z,71.0,False,109125,737.0,43.0
3575,UC6Bv3mjwNo71wxsk1Xaa14w,1vsAll,zRHM39Hf4Bs,"""적 원딜 두방 컷 내는 역대급 데미지"" 스태틱+벼폭검으로 천둥의 신이 되어버린 뉴 네오 극딜 짜오",2026-05-07T11:57:32Z,1667.0,False,123994,903.0,157.0
3575,UC6Bv3mjwNo71wxsk1Xaa14w,1vsAll,E23svuw7olg,"""상시 뎀감 30%"" W선마로 진정한 라인전 반반의 악마가 되어버린 극탱 그라가스",2026-05-08T12:47:10Z,1805.0,False,120206,971.0,122.0
3575,UC6Bv3mjwNo71wxsk1Xaa14w,1vsAll,knhIQLjIvoU,우물전송기,2026-05-09T12:34:15Z,31.0,True,102579,505.0,30.0
3575,UC6Bv3mjwNo71wxsk1Xaa14w,1vsAll,MLWIKxwgFJk,"""전성기 착취 갱플 이상"" 죽불로 견제의 신이 되어버린 테이저건 갱플랭크",2026-05-10T15:33:32Z,1405.0,False,109782,857.0,109.0
3575,UC6Bv3mjwNo71wxsk1Xaa14w,1vsAll,9NVkJ74qZpc,원딜 골통 분쇄기,2026-05-10T15:33:52Z,30.0,True,120611,432.0,24.0
3575,UC6Bv3mjwNo71wxsk1Xaa14w,1vsAll,WdsTxEoINso,"엘리스의 새로운 패러다임, W선마 스태틱 크라켄으로 미친듯한 아이템 효율을 보여주는 치속 흡혈 엘리스",2026-05-11T10:44:03Z,1793.0,False,135496,930.0,177.0
3575,UC6Bv3mjwNo71wxsk1Xaa14w,1vsAll,Bu7jTzusaIw,"버프 먹은 폭풍전사로 협곡 박살내고 다니는 미드 폭풍전사 불멸의 길 신 짜오, 이거 지금 못 막습니다.",2026-05-14T12:29:19Z,1836.0,False,104383,790.0,112.0
3575,UC6Bv3mjwNo71wxsk1Xaa14w,1vsAll,NkksUKzMbPo,회전 횟수 마구 늘려서 15바퀴 도는 도란의 활 가렌,2026-05-15T11:40:17Z,1329.0,False,81526,608.0,98.0
3575,UC6Bv3mjwNo71wxsk1Xaa14w,1vsAll,lglFUm-xHVg,거미 잘하잖아 거미 시켜,2026-05-16T12:27:16Z,44.0,True,11949,80.0,9.0
3576,UCEkKZ1nzQhIPGCT5Trz6fgQ,Neal K Sound,w3mQ62FpZs0,[미완성] 별을 따라서 (Neal K) - 그대가 갑자기 사라질지라도,2017-09-03T03:05:57Z,55.0,True,68984,1567.0,255.0
3576,UCEkKZ1nzQhIPGCT5Trz6fgQ,Neal K Sound,xjSp2sIQAWY,Again / 어게인 (Neal K) - 잔잔하며 몽환적이고 웅장한 피아노 곡..!,2017-10-21T23:38:52Z,276.0,False,2732035,23568.0,1103.0
3576,UCEkKZ1nzQhIPGCT5Trz6fgQ,Neal K Sound,KO9TLcQ2w5E,[8-Bit] El:Retro / 일레트로 (Neal K) - 8비트이지만 부드러운 음악/ soft Retro music!,2017-11-12T04:11:35Z,198.0,False,274960,4113.0,302.0
3576,UCEkKZ1nzQhIPGCT5Trz6fgQ,Neal K Sound,wIalLQbwDQQ,Midnight in Nocturne / 새벽하늘의 야상곡 (Neal K) - For Pianist Benny / 피아니스트 베니님을 위하여..!,2017-11-29T13:20:16Z,263.0,False,1045607,9964.0,388.0
3576,UCEkKZ1nzQhIPGCT5Trz6fgQ,Neal K Sound,sD1o2uyBUq0,お嬢様歩き (Neal K) - 韓国伝統的なリズムと感じ  春に聞きよい曲!,2018-01-09T03:44:09Z,253.0,False,1545372,19075.0,793.0
3576,UCEkKZ1nzQhIPGCT5Trz6fgQ,Neal K Sound,Ylk4SVv-7Yw,[공지] 닐케이의 1집 정규앨범『천공의 시간』 곡 소개 영상! (with.마음만은 피아니스트),2018-02-04T10:43:57Z,180.0,False,41552,1529.0,393.0
3576,UCEkKZ1nzQhIPGCT5Trz6fgQ,Neal K Sound,FJTdvayhefs,[연주] 클로에 / Chloe (Neal K) - 슈얀님의 편곡 연주,2018-02-17T01:40:44Z,238.0,False,102016,1446.0,105.0
3576,UCEkKZ1nzQhIPGCT5Trz6fgQ,Neal K Sound,htKb1gNGTwo,[보컬곡] If You Cry (Hemeets X Neal K) - 히미츠 X 닐케이 콜라보레이션!,2018-02-20T10:22:48Z,244.0,False,109275,2222.0,212.0
3576,UCEkKZ1nzQhIPGCT5Trz6fgQ,Neal K Sound,cDYQScG8dwk,[머독도네용] 머독로이드 (Neal K) - 머독 테미 리믹스,2018-03-13T12:54:10Z,60.0,True,41994,1136.0,190.0
3576,UCEkKZ1nzQhIPGCT5Trz6fgQ,Neal K Sound,5jiL8__eLXw,[재업] 幻想世界  / 환상 세계 (Neal K) - 너무 부드러워서 부서질거같은 / 순수한 환상 속으로,2018-03-22T22:16:23Z,208.0,False,285236,4259.0,248.0
3576,UCEkKZ1nzQhIPGCT5Trz6fgQ,Neal K Sound,0Gx8J6opIr0,[Speed Painting / 채색모작] 닐케이의 사과 스피드페인팅 - 작곡가이지만 그림도 그린다,2018-04-02T10:50:51Z,280.0,False,20198,540.0,147.0
3576,UCEkKZ1nzQhIPGCT5Trz6fgQ,Neal K Sound,1SZxND9MQ6o,천월교 / 天月橋 (Neal K) - 동양풍의 아름다움 / Dreamy Oriental Music,2018-04-11T16:26:39Z,166.0,False,772417,8641.0,378.0
3576,UCEkKZ1nzQhIPGCT5Trz6fgQ,Neal K Sound,EimfWGFEcS0,[재업] 정열을 다하여 (Neal K) - 잔잔하면서 정열적이고 고풍스럽고 서글픈 피아노곡 / 흑집사 팬 ost,2018-05-20T05:43:19Z,250.0,False,361839,4591.0,212.0
3576,UCEkKZ1nzQhIPGCT5Trz6fgQ,Neal K Sound,uPuNdGZxDBk,[팬 ost] Lost in love (zero no tsukaima / 제로의 사역마) - 닐케이 하프커버 / 조용하고 아름다운 곡,2018-05-20T08:19:44Z,136.0,False,113118,1681.0,158.0
3576,UCEkKZ1nzQhIPGCT5Trz6fgQ,Neal K Sound,SY-4pJDFpzc,[공지] 악보 판매를 시작했습니다! - 닐케이 공식 악보 발매 / With. 마음만은 피아니스트,2018-06-05T11:32:25Z,44.0,True,21482,618.0,188.0
3576,UCEkKZ1nzQhIPGCT5Trz6fgQ,Neal K Sound,xmYv9yNkINE,[재업][M/V] 천상의 멜로디 ~영혼의 노래~ / 天上のメロディー (Neal K) - 몽환적이고 환상적인 피아노 곡,2018-06-18T06:06:18Z,301.0,False,743623,5968.0,201.0
3576,UCEkKZ1nzQhIPGCT5Trz6fgQ,Neal K Sound,_5bbdZ1ighw,Last Halloween / 라스트 할로윈 (Neal K) - 오랜만에 돌아온 닐케이가 할로윈 때 만든 음악,2018-11-28T11:31:44Z,180.0,False,102184,1418.0,161.0
3576,UCEkKZ1nzQhIPGCT5Trz6fgQ,Neal K Sound,g1_AINOBk-U,[Cover] Way back home (Shaun / 숀) - Piano & Orchestra Cover / 닐케이의 피아노 커버,2018-12-03T16:46:47Z,243.0,False,929487,11763.0,262.0
3576,UCEkKZ1nzQhIPGCT5Trz6fgQ,Neal K Sound,QzCzmcK_Z2g,[Future Bass] Origin (Seo Spect x Neal K) - 동양적인 퓨쳐베이스 콜라보레이션!,2018-12-13T13:55:17Z,310.0,False,316678,4832.0,255.0
3576,UCEkKZ1nzQhIPGCT5Trz6fgQ,Neal K Sound,agzg-JnCl5o,[메리 크리스마스!] Dear. Santa / 산타에게 - 크리스마스 느낌나는 오케스트라 피아노곡!,2018-12-25T09:43:22Z,261.0,False,68736,1162.0,129.0
3576,UCEkKZ1nzQhIPGCT5Trz6fgQ,Neal K Sound,r8CQ4ThG_yQ,Save Us (Neal K) - 전쟁없는 평화를 그리며.. / 잔잔하면서 슬픈느낌의 피아노곡,2019-01-10T09:30:00Z,237.0,False,486428,3631.0,304.0
3576,UCEkKZ1nzQhIPGCT5Trz6fgQ,Neal K Sound,ArmMay-4Sos,Precious Memory / 소중한 기억 (Neal K) - 아름다운 기억을 추억하며 / 애틋하면서도 감동적인 피아노곡,2019-02-03T17:42:51Z,265.0,False,555929,4140.0,264.0
3576,UCEkKZ1nzQhIPGCT5Trz6fgQ,Neal K Sound,_-33RK-ozSo,지색가 / 之色歌 (Neal K) - 동양풍의 오케스트라 / 몽환적이고 화려하고 듣기좋은 피아노곡!,2019-02-23T09:58:17Z,335.0,False,657303,6857.0,401.0
3576,UCEkKZ1nzQhIPGCT5Trz6fgQ,Neal K Sound,kW23iJgtyfk,[ ASMR x Piano ] After rain / 비가 온 뒤에 (Neal K) - 비 오는날 듣기좋은 잔잔한 피아노곡 / ASMR x 피아노 프로젝트,2019-04-12T05:13:45Z,319.0,False,207323,2722.0,178.0
3576,UCEkKZ1nzQhIPGCT5Trz6fgQ,Neal K Sound,tAdUIvcsl6c,星のメロディー / 별의 노래 (Neal K) - 잔잔하고 아련한 멜로디 / 자기전에 듣기 좋은 피아노곡,2019-05-10T09:58:48Z,292.0,False,1152524,11871.0,472.0
3576,UCEkKZ1nzQhIPGCT5Trz6fgQ,Neal K Sound,pVLr-R_0oLw,[도네용] DP가 편곡한 노래,2019-06-04T18:57:45Z,61.0,False,17157,281.0,16.0
3576,UCEkKZ1nzQhIPGCT5Trz6fgQ,Neal K Sound,cGpKhzkdiZk,[예고편] 히라리 히라리 - 팀달캬 콜라보레이션!,2019-06-26T14:44:18Z,31.0,True,19596,367.0,53.0
3576,UCEkKZ1nzQhIPGCT5Trz6fgQ,Neal K Sound,IXHpgafum20,"[MR] ひらり、ひらり / 히라리, 히라리 (Neal K) - 히라리, 히라리 MR",2019-07-17T12:57:49Z,230.0,False,187280,2560.0,157.0
3576,UCEkKZ1nzQhIPGCT5Trz6fgQ,Neal K Sound,Pq_DK63srz0,[Inst] 취급설명서 편곡 inst (Neal K) - 니시노 카나 27번째 싱글 앨범 instrumental,2019-08-14T13:00:10Z,273.0,False,59971,1072.0,97.0
3576,UCEkKZ1nzQhIPGCT5Trz6fgQ,Neal K Sound,2TNQikv3vt8,[아리랑 편곡] 닐리랑! (Neal K) - 한국의 전통음악 아리랑 피아노 편곡 커버!,2019-08-17T00:00:00Z,229.0,False,87865,1335.0,116.0
3576,UCEkKZ1nzQhIPGCT5Trz6fgQ,Neal K Sound,T8vqGjVAVkM,[기타곡] 가제 : 축제에서 (Neal K) - 밤의 축제를 기억하며 / 그리우면서 포근한 편안하게 들을 수 있는 노래!,2019-09-30T13:01:46Z,218.0,False,133225,1867.0,153.0
3576,UCEkKZ1nzQhIPGCT5Trz6fgQ,Neal K Sound,mOD8vhhqUG8,[Teaser] 구름이 피워낸 꽃 팬 OST (Neal K) - 네이버 웹툰 팬 ost의 예고편,2019-09-30T14:29:53Z,78.0,False,91484,1842.0,158.0
3576,UCEkKZ1nzQhIPGCT5Trz6fgQ,Neal K Sound,yE-GXvYkC7o,구름이 피워낸 꽃 팬 ost 피아노버전 (Neal K) - 동양적이고 아련한 피아노곡,2019-12-31T12:37:49Z,336.0,False,1100798,12224.0,560.0
3576,UCEkKZ1nzQhIPGCT5Trz6fgQ,Neal K Sound,zrMgidMDntU,새로운 느낌 (Neal K) - 신기한 느낌이 나는 피아노곡! / 편안한 느낌을 주는 피아노곡!,2020-06-09T10:00:14Z,216.0,False,142843,2467.0,216.0
3576,UCEkKZ1nzQhIPGCT5Trz6fgQ,Neal K Sound,3V5IEJ_Qxh0,Diary / 다이어리 (Neal K) - 사랑이 솟아나는 오르골과 귀여운 리코더!,2020-06-16T10:00:14Z,169.0,False,89908,1961.0,161.0
3576,UCEkKZ1nzQhIPGCT5Trz6fgQ,Neal K Sound,zDLCbNIriz8,Here with you (Neal K) - 너와 함께 있어서 너무나 행복해! / 잔잔한 피아노곡,2020-06-30T11:00:14Z,269.0,False,556559,4992.0,235.0
3576,UCEkKZ1nzQhIPGCT5Trz6fgQ,Neal K Sound,CaIzng3w70M,[오르골] 잊혀지지 못할 언어 오르골 버전 (Neal K & Kana music box) - 오르골 & 하프 커버 / 오르골과 하프의 콜라보레이션!,2020-07-14T12:00:14Z,279.0,False,194569,4436.0,187.0
3576,UCEkKZ1nzQhIPGCT5Trz6fgQ,Neal K Sound,1jpVOsBxgzg,Missing / 행방 (Neal K) - 드럼이 들어간 잔잔한 피아노곡,2020-09-16T10:00:13Z,272.0,False,326843,4076.0,263.0
3576,UCEkKZ1nzQhIPGCT5Trz6fgQ,Neal K Sound,NTTx55J_PpU,[동양풍] 나의 님은 어디로 가셨을까 (Neal K) - 아련하고 애틋한 서정적인 피아노곡,2020-09-25T11:00:12Z,287.0,False,263380,3357.0,215.0
3576,UCEkKZ1nzQhIPGCT5Trz6fgQ,Neal K Sound,bxL3fgAa9gw,[Full.ver] 붉은 연꽃 - 홍련 (Neal K) - 웅장한 동양풍곡 / 구름이 피워낸 꽃 팬 OST,2020-11-16T11:00:14Z,332.0,False,376583,3416.0,148.0
3576,UCEkKZ1nzQhIPGCT5Trz6fgQ,Neal K Sound,XS-hdOnxeKQ,"[2Hour Piano] 듣기 좋은 피아노곡 모음, 아름다운 피아노곡 #2 - Neal K edition (2020년 곡 총결산)",2020-12-31T15:15:48Z,8051.0,False,1095810,13098.0,303.0
3576,UCEkKZ1nzQhIPGCT5Trz6fgQ,Neal K Sound,siYs-0igxK4,희비 『喜悲』 ~환멸 속의 나비~ (Neal K) - 우아하고 화려한 듣기좋은 피아노곡! / 닐케이 작곡,2021-02-02T12:30:12Z,326.0,False,495515,4145.0,241.0
3576,UCEkKZ1nzQhIPGCT5Trz6fgQ,Neal K Sound,W2tirmpvcG4,"[재업] 그리고, 나에게 찾아왔어 / そして、私に訪れた (Neal K) - 신비로운 아련한 피아노 곡",2021-04-02T13:45:18Z,246.0,False,642881,5985.0,274.0
3576,UCEkKZ1nzQhIPGCT5Trz6fgQ,Neal K Sound,IgslRMc3kzQ,[재업] 닐케이가 작곡하는 과정 짧게 엿보기 #Shorts,2021-05-14T15:07:26Z,53.0,True,34680,1162.0,80.0
3576,UCEkKZ1nzQhIPGCT5Trz6fgQ,Neal K Sound,_goiAmEmSW0,너를 기다리며 (Waiting for you) - 그리운듯한 마음을 담아서.. / 오랜만에 올리는 피아노곡!,2022-03-05T14:45:12Z,285.0,False,411685,2859.0,142.0
3576,UCEkKZ1nzQhIPGCT5Trz6fgQ,Neal K Sound,8_RYtq_uua4,마술을 파는 가게 (Neal K) - 리듬감 있는 중독성있는 피아노곡!,2022-06-04T13:30:14Z,204.0,False,379336,4252.0,202.0
3576,UCEkKZ1nzQhIPGCT5Trz6fgQ,Neal K Sound,Z7rY2GA9aRo,[ 작사 공모전 ] 태양의 주인 OSTㅣ#웹툰 #닐케이#사문영 #태양의주인_외전 #Elixir_of_the_Sun,2023-05-10T01:00:12Z,249.0,False,24246,451.0,97.0
3576,UCEkKZ1nzQhIPGCT5Trz6fgQ,Neal K Sound,FdRb8ueOQD4,초여름의 멜로디 (Neal K) - 초여름의 신나는 기타와 피아노곡,2024-08-28T11:08:41Z,300.0,False,61569,1280.0,197.0
3576,UCEkKZ1nzQhIPGCT5Trz6fgQ,Neal K Sound,hpI1VYahclc,[산나비 OST] The Ending (Neal K) - 산나비 회상씬 bgm / 닐케이가 작곡한 감동적인 게임ost,2024-09-20T12:00:07Z,486.0,False,300958,3796.0,321.0
3576,UCEkKZ1nzQhIPGCT5Trz6fgQ,Neal K Sound,weJUpVEe4q0,[자작곡] 기타와 피아노의 만남 #short #flstudio #guitar #piano,2025-01-18T10:34:14Z,33.0,True,2330,112.0,13.0
3577,UCP1rKrteinsrN5yxtF435EA,즐기는 남자들,6wb9mzq0cMo,[FC26] 벌써 리그 10-10 완료?? 20-20을 향해 갑니다 ㄷㄷㄷ | 오현규 키우기 리턴즈⚽ #3,2026-04-05T10:00:09Z,625.0,False,32198,199.0,13.0
3577,UCP1rKrteinsrN5yxtF435EA,즐기는 남자들,aIgp5JDe_8c,[더쇼26] 드디어 트리플A 콜업!! 100마일 달성과 함께 바로 메이저리그 콜업각이 보입니다!! | 파이어볼러 마무리 김직구🔥 #8,2026-04-06T10:00:01Z,852.0,False,34806,241.0,31.0
3577,UCP1rKrteinsrN5yxtF435EA,즐기는 남자들,3qNp30zmFu4,파격적인 주급 100배 인상?!!,2026-04-07T03:00:04Z,57.0,True,41332,272.0,8.0
3577,UCP1rKrteinsrN5yxtF435EA,즐기는 남자들,3ArpQZiURVg,[F1 25] 비가 엄청 오는데 소프트를 끼고 달리면 생기는 일? ㅋㅋㅋ | 즐남 레이싱 창단🏎️ #7,2026-04-07T10:00:05Z,793.0,False,12117,91.0,14.0
3577,UCP1rKrteinsrN5yxtF435EA,즐기는 남자들,3qcMT6Sbzgk,도대체 이게 무슨 축구야 ㄷㄷㄷ 레전드 아트사커 ㅋㅋㅋ,2026-04-08T03:00:05Z,84.0,False,10463,84.0,4.0
3577,UCP1rKrteinsrN5yxtF435EA,즐기는 남자들,Peulq1zSV04,그가 사이영상 후보인 이유 ㄷㄷㄷ,2026-04-08T09:00:39Z,57.0,True,13927,67.0,1.0
3577,UCP1rKrteinsrN5yxtF435EA,즐기는 남자들,9vVPL2dPh8U,"[더쇼26] ""이런 투수를 왜 트리플A에 계속 박아놓을까요...?"" 새로운 시즌 새로운 모습을 보여주는 김직구?! | 파이어볼러 마무리 김직구🔥 #9",2026-04-09T10:00:13Z,895.0,False,34477,236.0,19.0
3577,UCP1rKrteinsrN5yxtF435EA,즐기는 남자들,bv35AVZuOYM,[F1 25] 대망의 모나코 그랑프리입니다... 또 다시 역사를 쓰는 신생팀?! | 즐남 레이싱 창단🏎️ #8,2026-04-10T10:01:06Z,966.0,False,9508,101.0,7.0
3577,UCP1rKrteinsrN5yxtF435EA,즐기는 남자들,x80po7ByafI,[FC26] 토트넘 대신 뉴캐슬을 가기위한 오현규의 난사 행진? ㅋㅋㅋㅋ | 오현규 키우기 리턴즈⚽ #4,2026-04-11T10:01:32Z,682.0,False,22434,171.0,12.0
3577,UCP1rKrteinsrN5yxtF435EA,즐기는 남자들,tvkF2AE209w,[더쇼26] 드디어 메이저리그로 콜업됐습니다!! 팀이 너무 강한데요? 그리고 164km 직구를 보여주는 김직구...? | 파이어볼러 마무리 김직구🔥 #10,2026-04-12T10:01:28Z,1340.0,False,49923,322.0,27.0
3577,UCP1rKrteinsrN5yxtF435EA,즐기는 남자들,yZpoFSZx5lQ,그가 무사 만루를 내준 이유 ㄷㄷㄷ,2026-04-13T07:01:00Z,93.0,False,16488,104.0,1.0
3577,UCP1rKrteinsrN5yxtF435EA,즐기는 남자들,PM27MwOzHjQ,[F1 25] 난이도를 최상으로 올려봤습니다ㅋㅋㅋ | 즐남 레이싱 창단🏎️ #9,2026-04-13T10:00:44Z,565.0,False,8784,74.0,14.0
3577,UCP1rKrteinsrN5yxtF435EA,즐기는 남자들,NkCNiZuW4gY,야구에 만약은 없어...,2026-04-15T03:37:00Z,41.0,True,30914,173.0,5.0
3577,UCP1rKrteinsrN5yxtF435EA,즐기는 남자들,Syigcbve-2M,[FC26] 첫번째 시즌 종료!! 튀르키예 리그 폭격하고 떠납니다... 오현규 이적!! | 오현규 키우기 리턴즈⚽ #5,2026-04-15T10:00:46Z,622.0,False,34161,269.0,14.0
3577,UCP1rKrteinsrN5yxtF435EA,즐기는 남자들,2ROKY6gm_N0,[더쇼26] 직구 평균 구속이 102마일?! 타자 시점에서 보여드립니다 ㄷㄷㄷ | 파이어볼러 마무리 김직구🔥 #11,2026-04-16T10:00:03Z,976.0,False,43280,300.0,28.0
3577,UCP1rKrteinsrN5yxtF435EA,즐기는 남자들,3vZmXf8q2Xg,파울 라인 안쪽? 바깥쪽? 여러분의 생각은?,2026-04-17T07:00:03Z,40.0,True,23225,100.0,4.0
3577,UCP1rKrteinsrN5yxtF435EA,즐기는 남자들,0zwCsQYb7Iw,[F1 25] 갑자기 투명 마법을 사용하는 즐남 레이싱 ㅋㅋㅋㅋ | 즐남 레이싱 창단🏎️ #10,2026-04-18T10:00:07Z,894.0,False,6771,81.0,14.0
3577,UCP1rKrteinsrN5yxtF435EA,즐기는 남자들,QP_--ol6gn0,레전드 주루 판단 ㄷㄷㄷ,2026-04-18T23:00:23Z,35.0,True,116096,720.0,8.0
3577,UCP1rKrteinsrN5yxtF435EA,즐기는 남자들,n2T9kK-iJnw,"[FC26] 뉴캐슬, 그리고 프리미어리그 데뷔했습니다!! 교체 출전으로 엄청나게 좋은 모습을 보여주는 오현규?!! | 오현규 키우기 리턴즈⚽ #6",2026-04-19T10:01:12Z,602.0,False,32780,238.0,18.0
3577,UCP1rKrteinsrN5yxtF435EA,즐기는 남자들,4coKq7Cq71s,챔스 결승 전날 호텔 대소동?? 상대 팬들의 방해 ㄷㄷ,2026-04-20T03:00:07Z,90.0,False,19158,209.0,1.0
3577,UCP1rKrteinsrN5yxtF435EA,즐기는 남자들,M69ETpuZPS8,[더쇼26] 104마일 직구?! 그러나 계속된 블론으로 코치님께 불려갔습니다 ㅠㅠ | 파이어볼러 마무리 김직구🔥 #12,2026-04-21T10:00:30Z,901.0,False,31673,223.0,23.0
3577,UCP1rKrteinsrN5yxtF435EA,즐기는 남자들,RNwGAaL6Wpw,고등학생 파이어볼러 마무리 투수의 하이 커터 ㄷㄷ,2026-04-22T03:00:23Z,26.0,True,209067,706.0,5.0
3577,UCP1rKrteinsrN5yxtF435EA,즐기는 남자들,CuiHiCvAOg0,[F1 25] 첫번째 코너부터 레드 플래그가 떴습니다 ㅋㅋㅋㅋ 역대급 이변의 결과 ㄷㄷ | 즐남 레이싱 창단🏎️ #11,2026-04-22T10:00:20Z,699.0,False,8213,68.0,13.0
3577,UCP1rKrteinsrN5yxtF435EA,즐기는 남자들,pa3v8R0Z7rE,[FC26] 드디어 뉴캐슬의 선발 라인업에 들었습니다... 벌써 리그 우승각이 보이는 오현규의 뉴캐슬?!! | 오현규 키우기 리턴즈⚽ #7,2026-04-23T10:01:18Z,625.0,False,26493,205.0,6.0
3577,UCP1rKrteinsrN5yxtF435EA,즐기는 남자들,eMxJDerSr_E,주심의 억까를 이겨내는 방법 ㄷㄷㄷ,2026-04-24T03:00:40Z,51.0,True,37711,191.0,1.0
3577,UCP1rKrteinsrN5yxtF435EA,즐기는 남자들,oqeOuVNOZnE,"[더쇼26] ""절대 수비를 믿지 말 것"" 그리고 김직구의 신기록 도전 ㄷㄷㄷ | 파이어볼러 마무리 김직구🔥 #13",2026-04-25T10:01:17Z,1044.0,False,27705,179.0,24.0
3577,UCP1rKrteinsrN5yxtF435EA,즐기는 남자들,BF8aw_LbchQ,개꿀잼 ABS 챌린지 ㅋㅋㅋㅋㅋ,2026-04-26T08:00:09Z,70.0,False,43823,293.0,3.0
3577,UCP1rKrteinsrN5yxtF435EA,즐기는 남자들,m_X9if02Jn4,[F1 25] 실버스톤 서킷을 콕핏뷰로 달려보았습니다 ㄷㄷㄷ | 즐남 레이싱 창단🏎️ #12,2026-04-26T10:01:13Z,811.0,False,6255,62.0,16.0
3577,UCP1rKrteinsrN5yxtF435EA,즐기는 남자들,MxxtYXO1Hco,[FC26] 오현규의 유럽 대항전 첫 해트트릭?!! 프리미어리그 득점왕 노립니다 ㄷㄷ | 오현규 키우기 리턴즈⚽ #8,2026-04-27T10:00:28Z,578.0,False,18488,167.0,12.0
3577,UCP1rKrteinsrN5yxtF435EA,즐기는 남자들,vSDtsrnM3YY,ABS 챌린지 분석가의 등장? ㅋㅋㅋㅋ,2026-04-28T07:00:51Z,72.0,False,44716,262.0,2.0
3577,UCP1rKrteinsrN5yxtF435EA,즐기는 남자들,OYsqNwveH24,[더쇼26] 첫번째 정규시즌 종료!! 과연 김직구의 성적은? 그리고 가을야구 진출!! | 파이어볼러 마무리 김직구🔥 #14,2026-04-29T10:00:43Z,1120.0,False,24853,160.0,13.0
3577,UCP1rKrteinsrN5yxtF435EA,즐기는 남자들,NIv8hh1KWqc,[F1 25] 편법을 쓰면 안되는 이유 ㅋㅋㅋㅋㅋㅋㅋㅋ | 즐남 레이싱 창단🏎️ #13,2026-04-30T10:00:39Z,928.0,False,4776,61.0,9.0
3577,UCP1rKrteinsrN5yxtF435EA,즐기는 남자들,fqeOxcFEtOs,[FC26] 맨시티와의 역대급 꿀잼 1위 결정전 ㄷㄷ... 그리고 PL 득점왕 노립니다!! | 오현규 키우기 리턴즈⚽ #9,2026-05-01T10:01:12Z,689.0,False,19976,153.0,11.0
3577,UCP1rKrteinsrN5yxtF435EA,즐기는 남자들,p3hSKbrHjBI,[더쇼26] 드디어 가을야구입니다 ㄷㄷㄷ 가을에도 팀의 승리를 지키는 김직구?! | 파이어볼러 마무리 김직구🔥 #15,2026-05-02T10:01:20Z,602.0,False,20999,175.0,17.0
3577,UCP1rKrteinsrN5yxtF435EA,즐기는 남자들,prTn0ViRzVY,"파이어볼러의 ""하이 패스트볼"" 삼구 삼진?!",2026-05-03T03:00:59Z,39.0,True,9571,52.0,0.0
3577,UCP1rKrteinsrN5yxtF435EA,즐기는 남자들,lINfXiNkCdc,[F1 25] 즐남 F1 컨텐츠 역사상 처음 있는 일이 발생했습니다 ㅋㅋㅋㅋㅋ | 즐남 레이싱 창단🏎️ #14,2026-05-03T10:01:15Z,649.0,False,6398,63.0,9.0
3577,UCP1rKrteinsrN5yxtF435EA,즐기는 남자들,n_qclYzEeOE,짜릿한 BK식 몸쪽 헛스윙 삼진 ㄷㄷㄷ,2026-05-04T03:00:51Z,64.0,False,20255,176.0,2.0
3577,UCP1rKrteinsrN5yxtF435EA,즐기는 남자들,okgP3Uk0w4A,[FC26] 파멸적인 득점력을 보여주는 뉴캐슬의 오현규... 그리고 끝을 알 수 없는 역대급 순위 경쟁?! | 오현규 키우기 리턴즈⚽ #10,2026-05-05T10:01:30Z,782.0,False,17107,169.0,8.0
3577,UCP1rKrteinsrN5yxtF435EA,즐기는 남자들,270n-Qutcxg,[더쇼26] 새로운 시즌... 새로운 포수와 합을 맞춰봤습니다!! 팀이 더 강해졌네요 ㄷㄷㄷ | 파이어볼러 마무리 김직구🔥 #16,2026-05-06T10:00:04Z,502.0,False,20289,145.0,8.0
3577,UCP1rKrteinsrN5yxtF435EA,즐기는 남자들,HLImHvCFSnQ,ABS 챌린지가 바꾼 결과 ㄷㄷ,2026-05-07T07:00:28Z,41.0,True,14748,97.0,0.0
3577,UCP1rKrteinsrN5yxtF435EA,즐기는 남자들,urTdxmCacTo,[FC26] 이대로면 프리미어리그 신기록 세웁니다ㄷㄷ 뉴캐슬도 리그 1위?! | 오현규 키우기 리턴즈⚽ #11,2026-05-08T10:01:29Z,868.0,False,14060,111.0,7.0
3577,UCP1rKrteinsrN5yxtF435EA,즐기는 남자들,j2HFge9Jd6w,[더쇼26] 무실점 패전...? 그래도 새로운 시즌 느낌이 좋습니다. | 파이어볼러 마무리 김직구🔥 #17,2026-05-09T10:01:09Z,698.0,False,13856,122.0,8.0
3577,UCP1rKrteinsrN5yxtF435EA,즐기는 남자들,F9ZIT0fDvxY,그가 대수비로 나온 이유 ㄷㄷㄷ,2026-05-10T03:00:13Z,25.0,True,13383,87.0,0.0
3577,UCP1rKrteinsrN5yxtF435EA,즐기는 남자들,OrsHwAKrl9k,"[F1 25] 폭우 속 ""진짜"" 무사고 완주 보여드립니다... | 즐남 레이싱 창단🏎️ #15",2026-05-10T10:00:38Z,1075.0,False,5122,41.0,12.0
3577,UCP1rKrteinsrN5yxtF435EA,즐기는 남자들,3U4urRgC8jM,이게 메이저리그의 가을야구야? ㅋㅋㅋㅋ (레전드 수비),2026-05-11T07:00:02Z,64.0,False,14356,83.0,2.0
3577,UCP1rKrteinsrN5yxtF435EA,즐기는 남자들,5VbdBP3Pq7U,[FC26] 너무 싫은 영국 날씨? ㅋㅋㅋ 그리고 PL 신기록 달성했습니다 ㄷㄷㄷ | 오현규 키우기 리턴즈⚽ #12,2026-05-12T10:00:14Z,703.0,False,12374,131.0,6.0
3577,UCP1rKrteinsrN5yxtF435EA,즐기는 남자들,6MAqkRPS6hc,새로운 축구게임 찾았습니다 ㄷㄷㄷ | 프리스타일 풋볼2,2026-05-13T10:00:10Z,993.0,False,18864,169.0,26.0
3577,UCP1rKrteinsrN5yxtF435EA,즐기는 남자들,ESm7MelC4Vs,[더쇼26] 구속 혁명을 하는 이유? ㅋㅋㅋㅋ 폭풍 세이브 행진을 하는 김직구 ㄷㄷㄷ | 파이어볼러 마무리 김직구🔥 #18,2026-05-14T10:00:16Z,1312.0,False,17687,138.0,11.0
3577,UCP1rKrteinsrN5yxtF435EA,즐기는 남자들,6lNHxc6lIOE,[F1 25] 엄청난 속도를 보여주는 몬차 그랑프리... 무리하지 않겠습니다 ^^ | 즐남 레이싱 창단🏎️ #16,2026-05-15T10:00:09Z,771.0,False,3752,37.0,6.0
3577,UCP1rKrteinsrN5yxtF435EA,즐기는 남자들,b0SPLmYV44A,[FC26] 리그 우승은 이미 확정?! 유로파 리그는 최악의 결과...? | 오현규 키우기 리턴즈⚽ #13,2026-05-16T10:00:53Z,590.0,False,3273,48.0,4.0
3578,UC0hI0RUHrjCCskDMnMBnzFQ,뽀박사 뽀쪽 Dr Joon,kektLX5amyM,환상의 포켓몬 세레비를 이로치로 4마리나 잡은 방법,2020-12-21T02:17:42Z,796.0,False,134018,1544.0,507.0
3578,UC0hI0RUHrjCCskDMnMBnzFQ,뽀박사 뽀쪽 Dr Joon,Hw_eey6UKUc,이 놈 이로치 잡겠다고 레이드 592판을 해봤습니다...23시간 동안,2020-12-30T04:48:36Z,2377.0,False,243606,2495.0,623.0
3578,UC0hI0RUHrjCCskDMnMBnzFQ,뽀박사 뽀쪽 Dr Joon,sUDEBNioZ8M,"포켓몬고 고수 유튜버들의 장비를 공개합니다(feat.카맨, 쌈밥, 동자개, 두부는내동생)",2021-01-03T02:09:08Z,896.0,False,165213,1753.0,258.0
3578,UC0hI0RUHrjCCskDMnMBnzFQ,뽀박사 뽀쪽 Dr Joon,vhZ0rLkO158,서울을 가로지르며 포켓몬을 잡으면 뭐가 잡힐까?,2021-01-12T23:27:02Z,679.0,False,95487,1281.0,362.0
3578,UC0hI0RUHrjCCskDMnMBnzFQ,뽀박사 뽀쪽 Dr Joon,urXVc0rFdG4,가장 희귀한 이로치 포켓몬은 이제 제겁니다.,2021-01-19T11:35:47Z,918.0,False,576994,4023.0,604.0
3578,UC0hI0RUHrjCCskDMnMBnzFQ,뽀박사 뽀쪽 Dr Joon,uO0RqoXtJ10,이 전설의 포켓몬을 잡다가 카맨님과 09님에게 맞았습니다...하...,2021-01-30T13:32:00Z,563.0,False,201118,2077.0,393.0
3578,UC0hI0RUHrjCCskDMnMBnzFQ,뽀박사 뽀쪽 Dr Joon,lQazRdb4svw,레쿠쟈 이로치는 못참나싶었다...,2021-01-31T11:31:58Z,616.0,False,133453,1513.0,457.0
3578,UC0hI0RUHrjCCskDMnMBnzFQ,뽀박사 뽀쪽 Dr Joon,ogGO6dzgUys,포켓몬고 유튜브를 관두었던 이유,2021-02-19T13:33:48Z,1637.0,False,145110,2061.0,1163.0
3578,UC0hI0RUHrjCCskDMnMBnzFQ,뽀박사 뽀쪽 Dr Joon,4ohy90w4oP8,이제 가장 강력한 이로치 뮤츠 3마리는 제겁니다.,2021-02-25T13:17:37Z,1560.0,False,226814,1823.0,644.0
3578,UC0hI0RUHrjCCskDMnMBnzFQ,뽀박사 뽀쪽 Dr Joon,FlCVmU6dMJU,비행기 타고 초희귀 진화체 포켓몬 야생 이로치로 잡아왔습니다.,2021-03-04T04:53:27Z,913.0,False,121080,1165.0,334.0
3578,UC0hI0RUHrjCCskDMnMBnzFQ,뽀박사 뽀쪽 Dr Joon,zP8k-Ij2nvs,"이로치 포켓몬 뺏는 방법(with 카맨, 쌈밥,0909)[포켓몬고]",2021-03-16T21:53:07Z,217.0,False,42832,652.0,156.0
3578,UC0hI0RUHrjCCskDMnMBnzFQ,뽀박사 뽀쪽 Dr Joon,6axsiYT4MNE,이 포켓몬을 잡다보니 어느덧 결혼식이네요[포켓몬고],2021-03-20T23:07:23Z,939.0,False,103857,1239.0,361.0
3578,UC0hI0RUHrjCCskDMnMBnzFQ,뽀박사 뽀쪽 Dr Joon,64qqvg1urq4,레쿠쟈를 잡으면 이로치 뮤를 준다구요?[포켓몬고],2021-03-31T11:18:23Z,1162.0,False,243655,1959.0,450.0
3578,UC0hI0RUHrjCCskDMnMBnzFQ,뽀박사 뽀쪽 Dr Joon,AEiQGyHFoDc,파란색 뮤를 여기서 잡았습니다.[포켓몬고],2021-04-19T10:15:31Z,1137.0,False,491388,3771.0,486.0
3578,UC0hI0RUHrjCCskDMnMBnzFQ,뽀박사 뽀쪽 Dr Joon,Ziv5s9KVisM,처음 본 전설 포켓몬 100%를 잡았습니다. 버근가요?[포켓몬고],2021-05-11T11:34:29Z,1223.0,False,146216,1497.0,475.0
3578,UC0hI0RUHrjCCskDMnMBnzFQ,뽀박사 뽀쪽 Dr Joon,lbZQJOlmvsY,"전설 포켓몬 마다 100%로 잡히는 버그 확인차 서울, 익산, 평택, 군산 다녀왔습니다.[포켓몬고]",2021-05-25T11:12:04Z,894.0,False,109941,1250.0,371.0
3578,UC0hI0RUHrjCCskDMnMBnzFQ,뽀박사 뽀쪽 Dr Joon,NHZ-IF8W20w,님피아에 40만원을 태워?[포켓몬고],2021-06-13T09:06:41Z,751.0,False,86992,1162.0,308.0
3578,UC0hI0RUHrjCCskDMnMBnzFQ,뽀박사 뽀쪽 Dr Joon,Hudx1IQ32iE,4분만에 딥상어동 커뮤니티 데이를 끝낸 이유.[포켓몬고],2021-06-18T10:20:24Z,488.0,False,68716,903.0,198.0
3578,UC0hI0RUHrjCCskDMnMBnzFQ,뽀박사 뽀쪽 Dr Joon,aFozRHOinB4,2억 6천 짜리 집 버리고 백패킹하며 포켓몬고 하는 사람 with 오토캐치 Brook,2021-07-15T12:00:12Z,1636.0,False,79029,1180.0,298.0
3578,UC0hI0RUHrjCCskDMnMBnzFQ,뽀박사 뽀쪽 Dr Joon,6TmGbSonJdY,이걸 한번에 잡을 수 있는 포켓몬고 5년만에 딱 하루 있던 날,2021-07-21T12:10:55Z,1218.0,False,224081,2084.0,269.0
3578,UC0hI0RUHrjCCskDMnMBnzFQ,뽀박사 뽀쪽 Dr Joon,4DwlSRiKDDs,디아루가 이로치 백퍼센트를 잡고싶은 당신이 안보면 찝찝할 영상[포켓몬고],2021-07-22T14:28:47Z,606.0,False,65037,1083.0,289.0
3578,UC0hI0RUHrjCCskDMnMBnzFQ,뽀박사 뽀쪽 Dr Joon,UnZwE2JvGP8,그래도 백퍼센트 이로치 디아루가 사랑하시죠?[포켓몬고],2021-07-28T12:10:50Z,1587.0,False,245439,2294.0,557.0
3578,UC0hI0RUHrjCCskDMnMBnzFQ,뽀박사 뽀쪽 Dr Joon,QnwXYFDZqAs,황금 잉어킹 사냥에 70시간 투자한 남자 포켓몬고 #Shorts,2021-07-30T12:32:45Z,46.0,True,60550,1564.0,131.0
3578,UC0hI0RUHrjCCskDMnMBnzFQ,뽀박사 뽀쪽 Dr Joon,T1gz7q_xfM0,환상의 포켓몬 다크라이 잡으러 북한갈 뻔한 남자(feat.백령도),2021-08-02T02:21:22Z,60.0,True,65517,1418.0,89.0
3578,UC0hI0RUHrjCCskDMnMBnzFQ,뽀박사 뽀쪽 Dr Joon,kBQjTKDb5rI,완벽 이로치 디아루가 백 반짝반짝 떴는데 이거 확률 계산 해주실 분?[포켓몬고],2021-08-05T11:00:39Z,1103.0,False,201207,2073.0,495.0
3578,UC0hI0RUHrjCCskDMnMBnzFQ,뽀박사 뽀쪽 Dr Joon,Vw044kqZwHs,새벽 4시 밖에서 어둠대신 이로치 잡는 남자,2021-08-05T13:30:03Z,48.0,True,27551,613.0,60.0
3578,UC0hI0RUHrjCCskDMnMBnzFQ,뽀박사 뽀쪽 Dr Joon,8j--ot16_Ow,펄기아 이로치 백을 잡고픈 당신이 안보면 찝찝할 영상,2021-08-05T22:34:05Z,530.0,False,42087,760.0,213.0
3578,UC0hI0RUHrjCCskDMnMBnzFQ,뽀박사 뽀쪽 Dr Joon,-UaY-bhRvoc,알까기로 이로치 리오르 도감등록 하는 남자,2021-08-06T23:45:46Z,59.0,True,70155,1804.0,70.0
3578,UC0hI0RUHrjCCskDMnMBnzFQ,뽀박사 뽀쪽 Dr Joon,RBiqeC0ACWU,백 이로치 펄기아 나옴 근데 이제 헤라크로스 이로치를 곁들인..[포켓몬고],2021-08-10T14:12:31Z,958.0,False,145995,1610.0,360.0
3578,UC0hI0RUHrjCCskDMnMBnzFQ,뽀박사 뽀쪽 Dr Joon,s6AdyQjkwu4,야생 해피너스 잡으려고 물에 빠진 남자,2021-08-11T11:46:49Z,57.0,True,125899,2639.0,116.0
3578,UC0hI0RUHrjCCskDMnMBnzFQ,뽀박사 뽀쪽 Dr Joon,ORnH4ME_TNg,자~백퍼센트 이브이와 님피아 그리고 블래키 라는거야[포켓몬고],2021-08-18T15:00:28Z,1366.0,False,92592,1273.0,271.0
3578,UC0hI0RUHrjCCskDMnMBnzFQ,뽀박사 뽀쪽 Dr Joon,LApdNFqWyQk,파란색 안농 이로치 잡겠다고 검은색 소가 된 남자(10만원 씀),2021-08-21T07:10:41Z,56.0,True,50544,1236.0,63.0
3578,UC0hI0RUHrjCCskDMnMBnzFQ,뽀박사 뽀쪽 Dr Joon,ymAij7xrop0,포켓몬고 접었습니다.,2021-08-24T09:18:18Z,1038.0,False,125278,1429.0,338.0
3578,UC0hI0RUHrjCCskDMnMBnzFQ,뽀박사 뽀쪽 Dr Joon,e5sId0t4D04,월수익 500만원 라이브 방송을 포기한 이유(feat.자마젠타)[포켓몬고],2021-08-31T09:25:12Z,1058.0,False,74994,1026.0,189.0
3578,UC0hI0RUHrjCCskDMnMBnzFQ,뽀박사 뽀쪽 Dr Joon,nBzGAX89O74,가장 완벽한 뮤츠를 발견했다!,2021-09-03T12:58:32Z,55.0,True,132703,3290.0,77.0
3578,UC0hI0RUHrjCCskDMnMBnzFQ,뽀박사 뽀쪽 Dr Joon,_qANB86a3-k,포켓몬 잡으려고 로드 자전거 3대를 사버렸습니다..,2021-09-06T09:41:22Z,1210.0,False,99241,1153.0,579.0
3578,UC0hI0RUHrjCCskDMnMBnzFQ,뽀박사 뽀쪽 Dr Joon,zLqJZ6JwyRo,루기아 레이드를 왜하냐구요?[포켓몬고 만렙 찍기1],2021-09-12T05:15:26Z,1029.0,False,125593,1354.0,267.0
3578,UC0hI0RUHrjCCskDMnMBnzFQ,뽀박사 뽀쪽 Dr Joon,ONJF92x6wGk,이로치 뮤를 아무도 없는 섬에서 잡았습니다.[포켓몬고 만렙 찍기2],2021-09-29T13:32:20Z,817.0,False,139822,1204.0,216.0
3578,UC0hI0RUHrjCCskDMnMBnzFQ,뽀박사 뽀쪽 Dr Joon,PWCwKkYY6rk,한국에서 포켓몬고 즐기기 가장 좋은 곳,2021-10-13T11:26:23Z,1070.0,False,106210,1238.0,380.0
3578,UC0hI0RUHrjCCskDMnMBnzFQ,뽀박사 뽀쪽 Dr Joon,tcEL5REh_jA,1년만의 근황. 죄송합니다.,2022-01-15T15:32:42Z,438.0,False,50180,1245.0,462.0
3578,UC0hI0RUHrjCCskDMnMBnzFQ,뽀박사 뽀쪽 Dr Joon,BHWsbNVdKH8,포켓몬고 50 레벨 누구보다 느리게 찍어보기,2022-01-26T12:03:07Z,848.0,False,117404,1417.0,254.0
3578,UC0hI0RUHrjCCskDMnMBnzFQ,뽀박사 뽀쪽 Dr Joon,hnc_dxOKqjY,아무나 갈 수 없는 설악산 정상 대청봉에서 포켓몬을 잡아봤다.,2022-02-02T10:22:39Z,1087.0,False,54636,949.0,206.0
3578,UC0hI0RUHrjCCskDMnMBnzFQ,뽀박사 뽀쪽 Dr Joon,anpMDflsNFk,어느덧 30대 건물주의 삶을 살게 되었습니다.,2022-02-11T14:17:34Z,1117.0,False,44919,821.0,179.0
3578,UC0hI0RUHrjCCskDMnMBnzFQ,뽀박사 뽀쪽 Dr Joon,KHM6dVGywSA,로드 자전거에 800만원 썼습니다...포켓몬고 하려고 산건데...,2022-02-18T10:30:15Z,1696.0,False,360101,2297.0,517.0
3578,UC0hI0RUHrjCCskDMnMBnzFQ,뽀박사 뽀쪽 Dr Joon,wOqiagBeCOw,포켓몬빵 뮤츠랑 뮤 뽑으려고 편의점 30군데 털어왔습니다.,2022-02-25T13:35:01Z,738.0,False,271558,2275.0,465.0
3578,UC0hI0RUHrjCCskDMnMBnzFQ,뽀박사 뽀쪽 Dr Joon,UxK2bOpKl10,색이 다른 이로치 포켓몬은 도대체 무엇일까?,2022-03-02T11:45:18Z,1319.0,False,102540,1162.0,289.0
3578,UC0hI0RUHrjCCskDMnMBnzFQ,뽀박사 뽀쪽 Dr Joon,FEDsAhfc5JU,포켓몬빵 뮤 드디어 뽑았습니다! 하지만 큰 문제가 생겼는데...,2022-03-05T11:55:08Z,1296.0,False,800917,5109.0,667.0
3578,UC0hI0RUHrjCCskDMnMBnzFQ,뽀박사 뽀쪽 Dr Joon,5_q_HoB9jB4,전설 포켓몬 카푸꼬꼬꼭? 제일 쎈거 나왔는데 문제가 생겼습니다.,2022-03-11T09:30:15Z,483.0,False,75055,1055.0,229.0
3578,UC0hI0RUHrjCCskDMnMBnzFQ,뽀박사 뽀쪽 Dr Joon,5-ip21S7agk,회사에 취직을 하게 됐습니다.,2022-03-20T06:38:56Z,481.0,False,86281,1434.0,399.0
3578,UC0hI0RUHrjCCskDMnMBnzFQ,뽀박사 뽀쪽 Dr Joon,jNNCqngLxF4,회사에서 직장 동료 몰래 전설의 포켓몬 잡기,2022-05-01T10:56:03Z,809.0,False,188961,2069.0,2040.0
3579,UCA5fAFx2fQg60dxZtSSIe-g,주탁산 (JooTakSan),4vAjnhvnTCg,지친 마음 맨발 등산으로 풀었습니다,2025-07-03T07:04:24Z,1905.0,False,5812,,13.0
3579,UCA5fAFx2fQg60dxZtSSIe-g,주탁산 (JooTakSan),wZRbQWrQimY,경포대 일출,2025-07-06T13:33:47Z,11.0,True,4683,40.0,6.0
3579,UCA5fAFx2fQg60dxZtSSIe-g,주탁산 (JooTakSan),OQ15r6O-rks,가만히 있으면 무너질 것 같아서... 새벽 바다 여행,2025-07-15T02:15:25Z,2629.0,False,4123,,21.0
3579,UCA5fAFx2fQg60dxZtSSIe-g,주탁산 (JooTakSan),k85-PE5GmLE,우울증 약 버리고 맨발 등산을 선택한 이유,2025-08-01T05:53:47Z,2308.0,False,6020,97.0,55.0
3579,UCA5fAFx2fQg60dxZtSSIe-g,주탁산 (JooTakSan),cT7NkvGRgiU,"기운이 달라집니다, 사주팔자가 바뀝니다. 맨발 등산",2025-08-07T11:22:53Z,3124.0,False,3443,59.0,34.0
3579,UCA5fAFx2fQg60dxZtSSIe-g,주탁산 (JooTakSan),NCBI-YXmW0I,"사주팔자에 물이 없어서, 물 찾으러 동해바다로",2025-08-09T11:44:02Z,3682.0,False,7044,81.0,38.0
3580,UCnv6j0NZGfT6iv3t_-yRzAw,이모저모TV,qn5zN50csEM,[블랙박스 사고영상#4] 무리해서 좀 들어오지 말자... (사고유발자들) [이모저모TV],2020-06-05T01:25:20Z,288.0,False,1583,13.0,5.0
3580,UCnv6j0NZGfT6iv3t_-yRzAw,이모저모TV,yd50HgLfrqY,[블랙박스 사고영상#5] 이걸 들어온다고...? 피할수 없는 사고들 [이모저모TV],2020-06-09T08:30:09Z,389.0,False,1632,8.0,4.0
3580,UCnv6j0NZGfT6iv3t_-yRzAw,이모저모TV,B8NAiM2DjuQ,[블랙박스 사고용상] 고속도로에서 무슨생각으로 이렇게 운전할까?? [이모저모TV],2020-06-10T08:30:01Z,308.0,False,1590,18.0,1.0
3580,UCnv6j0NZGfT6iv3t_-yRzAw,이모저모TV,ZJkJTWiXTxg,[블랙박스 사고영상] 골목길 어린이보호구역 갑툭튀 아이들... 어떻게피하라고,2020-06-11T08:53:48Z,281.0,False,1147,7.0,3.0
3580,UCnv6j0NZGfT6iv3t_-yRzAw,이모저모TV,oeDr07ZTnNU,[블랙박스 사고영상] 비오는날의 어린이 보호구역.... [이모저모TV],2020-06-12T08:00:22Z,269.0,False,1096,5.0,5.0
3580,UCnv6j0NZGfT6iv3t_-yRzAw,이모저모TV,iMzW5pqXlik,[블랙박스 사고영상] 고속도로 낙하물... 보상은 어떻게? [이모저모TV],2020-06-13T05:00:06Z,286.0,False,1818,12.0,3.0
3580,UCnv6j0NZGfT6iv3t_-yRzAw,이모저모TV,cqnt_oGPBj4,[블랙박스 사고영상] 고속도로 어디선가 날아온 쇠 막대기... 그 정체는?,2020-06-16T08:30:06Z,265.0,False,585,11.0,1.0
3580,UCnv6j0NZGfT6iv3t_-yRzAw,이모저모TV,JG9hKxLW9I0,[블랙박스 사고영상]이런경우 조심하세요 / 트럭 과실인데 보상을 못받아?? [이모저모TV],2020-06-17T08:00:04Z,306.0,False,746,7.0,4.0
3580,UCnv6j0NZGfT6iv3t_-yRzAw,이모저모TV,LGFBCZSMgpg,[블랙박스 사고영상] 피해입으신 차주분 찾습니다  [이모저모TV],2020-06-18T10:00:19Z,241.0,False,652,8.0,2.0
3580,UCnv6j0NZGfT6iv3t_-yRzAw,이모저모TV,cPk8a8rwsqE,[블랙박스 사고영상] 마른하늘에 날벼락... 고속도로에서 날라온 물체...,2020-06-18T22:30:01Z,246.0,False,758,10.0,0.0
3580,UCnv6j0NZGfT6iv3t_-yRzAw,이모저모TV,xb6iPkp3p4c,[블랙박스 사고영상] 왜 안했다고 우기냐고! 인성교육 필요한 운전자...,2020-06-20T08:00:19Z,240.0,False,1124,14.0,3.0
3580,UCnv6j0NZGfT6iv3t_-yRzAw,이모저모TV,ved1oTtk6aQ,[블랙박스 사고영상] 가지각색의 차선변경 사고...,2020-06-23T08:30:04Z,226.0,False,6020,29.0,3.0
3580,UCnv6j0NZGfT6iv3t_-yRzAw,이모저모TV,ArwwSb--MRU,[블랙박스 사고영상] 주차뺑소니 법이 바뀐지가 언젠데 아직도! 근일날 X일세.. [이모저모TV],2020-06-30T02:00:01Z,284.0,False,4088,20.0,4.0
3580,UCnv6j0NZGfT6iv3t_-yRzAw,이모저모TV,DMKRcj8Bi1M,[블랙박스 사고영상] 버스도 뺑소니를 내는구나....충격.. [이모저모TV],2020-07-01T02:00:03Z,245.0,False,2658,22.0,4.0
3580,UCnv6j0NZGfT6iv3t_-yRzAw,이모저모TV,5gYII30pWvs,[블랙박스 사고영상] 전봇대에 차를 박아버린 이유가.... 하...,2020-07-04T05:00:01Z,252.0,False,2029,24.0,4.0
3580,UCnv6j0NZGfT6iv3t_-yRzAw,이모저모TV,zT_ow7t0UE8,[차알못주의] 더 뉴 싼타페 시승 리뷰! / 근데이거 왜이래? 불량임? [이모저모TV],2020-07-09T06:00:18Z,603.0,False,1221,17.0,8.0
3580,UCnv6j0NZGfT6iv3t_-yRzAw,이모저모TV,M2FPF_OIqhw,[블랙박스 사고영상]  세상무서운 도로의 무법자 [이모저모TV],2020-07-14T09:33:01Z,279.0,False,1450,16.0,8.0
3580,UCnv6j0NZGfT6iv3t_-yRzAw,이모저모TV,bOr2MC9OPlw,[블랙박스 사고영상] 도로위의 맹수 화물차들... [이모저모TV],2020-07-15T13:04:12Z,391.0,False,2136,25.0,7.0
3580,UCnv6j0NZGfT6iv3t_-yRzAw,이모저모TV,pDAPUS5N8uc,[블랙박스 사고영상] 왕복 10차선인데 1차선에서 우회전을? [이모저모TV],2020-07-16T09:12:54Z,285.0,False,1441,15.0,4.0
3580,UCnv6j0NZGfT6iv3t_-yRzAw,이모저모TV,RpVInBVOXfk,[블랙박스 사고영상] 무리한 차선변경으로 인한 대참사...(차선2개3개는 기본..),2020-07-17T12:25:11Z,378.0,False,4196,36.0,7.0
3580,UCnv6j0NZGfT6iv3t_-yRzAw,이모저모TV,J1q8yTdU1z8,[블랙박스 사고영상] 인생은 썅 마이웨이(무법지대 영상) [이모저모TV],2020-07-20T09:38:33Z,317.0,False,1404,14.0,1.0
3580,UCnv6j0NZGfT6iv3t_-yRzAw,이모저모TV,lMhIeG_5OoM,[블랙박스 사고영상] 음악에 몸을 맡긴 트러블메이커 [이모저모TV],2020-07-21T14:42:01Z,312.0,False,1129,21.0,1.0
3580,UCnv6j0NZGfT6iv3t_-yRzAw,이모저모TV,DMwWB9dXDng,[블랙박스 사고영상] 좌우확인을 안하는거야 못하는거야? [이모저모TV],2020-07-22T08:30:01Z,253.0,False,809,12.0,3.0
3580,UCnv6j0NZGfT6iv3t_-yRzAw,이모저모TV,UVTtLy0iK64,[블랙박스 사고영상] 죽음을 부르는 어둠속 그림자...목숨이 아깝지 않니? [이모저모TV],2020-07-23T10:30:03Z,281.0,False,1200,14.0,8.0
3580,UCnv6j0NZGfT6iv3t_-yRzAw,이모저모TV,8XgvX_dpbik,[블랙박스 사고영상] 이렇게 대놓고 박아버린다고? 막나가네 [이모저모TV],2020-07-24T10:48:56Z,321.0,False,2691,38.0,4.0
3580,UCnv6j0NZGfT6iv3t_-yRzAw,이모저모TV,Rb54YA7BOio,[블랙박스 사고영상] 역주행 자전거.. 이건 고조할아버지가 와도 못피하지 [이모저모TV],2020-07-28T09:30:05Z,343.0,False,1256,17.0,8.0
3580,UCnv6j0NZGfT6iv3t_-yRzAw,이모저모TV,XUzI4gQMGrA,[블랙박스 사고영상] 빨리빨리! 돈벌려다가 돈나가게 생겼네... [이모저모TV],2020-07-29T10:00:11Z,303.0,False,1286,10.0,5.0
3580,UCnv6j0NZGfT6iv3t_-yRzAw,이모저모TV,0tlJcdkmUTE,[블랙박스 사고영상] 박을땐 확실히 박는다? 어딜보고 운전하는거야?,2020-07-30T13:10:00Z,291.0,False,2483,24.0,3.0
3580,UCnv6j0NZGfT6iv3t_-yRzAw,이모저모TV,JvBUnlKjcNA,[블랙박스 사고영상] 이것이 찐 김여사다! 두번을 박아버리는 기적 레게노!,2020-07-31T09:00:05Z,293.0,False,5215,43.0,4.0
3580,UCnv6j0NZGfT6iv3t_-yRzAw,이모저모TV,VS54j2j_nqg,[블랙박스 사고영상],2020-08-01T11:00:08Z,292.0,False,7070,41.0,7.0
3580,UCnv6j0NZGfT6iv3t_-yRzAw,이모저모TV,oJmc4XOuC6g,[블랙박스 사고영상] 이거 솔직히 음주 아니면 졸음운전?,2020-08-03T10:16:25Z,308.0,False,1602,17.0,4.0
3580,UCnv6j0NZGfT6iv3t_-yRzAw,이모저모TV,0LPB0xHeqJU,[블랙박스 사고영상] 니가왜 거기서나와~ 이 사건의 전말은..?,2020-08-04T16:41:27Z,252.0,False,1249,17.0,2.0
3580,UCnv6j0NZGfT6iv3t_-yRzAw,이모저모TV,ZSxZwiheq7w,[블랙박스 사고영상],2020-08-05T08:30:02Z,307.0,False,2633,27.0,5.0
3580,UCnv6j0NZGfT6iv3t_-yRzAw,이모저모TV,8G1g7z-FU5k,차알못의 벨로스터N 8단 dct 전격 아몰랑 리뷰! (이모저모tv),2020-08-06T11:31:07Z,558.0,False,1843,15.0,3.0
3580,UCnv6j0NZGfT6iv3t_-yRzAw,이모저모TV,uRTSVnBLqqU,[블랙박스 사고영상] 나 좀 나갈게~ 잠실가야하거든~(노양심 차선변경러..) 암걸리겠다 정말,2020-08-07T09:30:06Z,322.0,False,2114,20.0,5.0
3580,UCnv6j0NZGfT6iv3t_-yRzAw,이모저모TV,6u278JQAsxo,[블랙박스 사고영상] 뭐? 1차선에서 주유소로 꼽아버린다고..? 이러니 사고가 나 안나?,2020-08-10T12:08:05Z,313.0,False,2268,22.0,5.0
3580,UCnv6j0NZGfT6iv3t_-yRzAw,이모저모TV,Z-FDbzxLJNc,[블랙박스 사고영상] 어두운 밤 고속도로 위의 추돌사고... 거 깜빡이라도 좀 키고 다닙시다,2020-08-11T14:00:10Z,320.0,False,849,18.0,2.0
3580,UCnv6j0NZGfT6iv3t_-yRzAw,이모저모TV,7Vtt78hIGs8,[블랙박스 사고영상] 합류접 갑자기 끼어들기... 왜들어온거냐?,2020-08-12T12:30:00Z,279.0,False,1983,21.0,5.0
3580,UCnv6j0NZGfT6iv3t_-yRzAw,이모저모TV,SYMgFeqZYLE,[블랙박스 사고영상] 고속도로 낙하물... 이건 범인을 어떻게잡아..?,2020-08-13T10:30:00Z,348.0,False,1339,15.0,4.0
3580,UCnv6j0NZGfT6iv3t_-yRzAw,이모저모TV,GaWYXz_FK7g,[블랙박스 사고영상] 한밤중의 정면출돌사고... 과연 누가 중앙선을 넘었는가..?,2020-08-14T08:30:01Z,281.0,False,1177,17.0,1.0
3580,UCnv6j0NZGfT6iv3t_-yRzAw,이모저모TV,JK7ljsBmFEQ,[블랙박스 사고영상] 너무 억울합니다.. 대형차량의 행패 코너에서 이러면 됩니까?,2020-08-17T11:00:04Z,290.0,False,2485,19.0,4.0
3580,UCnv6j0NZGfT6iv3t_-yRzAw,이모저모TV,qkCW1KBxKvY,"[블랙박스 사고영상] 야밤의 돌진, 세상 무서울것 없는 역주행 자전거.... 일방통행에서 왜그러냐...",2020-08-18T08:30:03Z,268.0,False,1599,12.0,4.0
3580,UCnv6j0NZGfT6iv3t_-yRzAw,이모저모TV,y9zaxR-KVc8,[블랙박스 사고영상] 빵 한번에 급정거를 해버린다고..?! 아찔한 보복운전?,2020-08-19T11:30:04Z,335.0,False,1682,12.0,6.0
3580,UCnv6j0NZGfT6iv3t_-yRzAw,이모저모TV,ievJUn7YS_8,[블랙박스 사고영상] 사고내고 모른척 도망가버리는 너는...,2020-08-20T11:00:21Z,314.0,False,1893,20.0,5.0
3580,UCnv6j0NZGfT6iv3t_-yRzAw,이모저모TV,EKPpDt0qL1I,[블랙박스 사고영상] 깜빡이? 그런거 몰롸요~ 무법택시,2020-08-21T09:00:08Z,292.0,False,2243,17.0,3.0
3580,UCnv6j0NZGfT6iv3t_-yRzAw,이모저모TV,8IFtdEzI7j4,차알못의 차량 비교! 쏘렌토 vs 싼타페,2020-08-26T08:30:00Z,403.0,False,2936,9.0,5.0
3580,UCnv6j0NZGfT6iv3t_-yRzAw,이모저모TV,edDuUsies38,[블랙박스 사고영상] 급작스런 차선변경?! 불법유턴 아니냐,2020-09-01T13:28:45Z,277.0,False,1752,20.0,3.0
3580,UCnv6j0NZGfT6iv3t_-yRzAw,이모저모TV,P2YB-F3xziY,[블랙박스 사고영상] 1차선에서 바로 삼겹살집으로 직행? 이건 너무했지...,2020-09-04T09:30:01Z,257.0,False,2505,27.0,3.0
3580,UCnv6j0NZGfT6iv3t_-yRzAw,이모저모TV,A9bNZcT4lj8,[블랙박스 사고영상] 비접촉 사고 이게 왜 8:2냐고..? 인성 문제있어?,2020-09-11T08:30:00Z,305.0,False,2745,22.0,7.0
3580,UCnv6j0NZGfT6iv3t_-yRzAw,이모저모TV,nxDj77ExWlA,[블랙박스 사고영상] 쌍라이트인가...? 쿵...,2020-09-15T07:00:13Z,279.0,False,9070,47.0,21.0
3581,UCsaH_yBrLlBhy0tirv6f59A,씨디맨,bD-y5SwCTXc,"캐논 MF667CX 리뷰 | 자동 양면 인쇄, 스캔, 팩스까지 다 되는 컬러 레이저 복합기 추천",2026-02-13T09:00:00Z,606.0,False,3539,41.0,18.0
3581,UCsaH_yBrLlBhy0tirv6f59A,씨디맨,d3NizkOD6rk,신상 블루 컬러 무전기 줬더니 (모토로라 T39D),2026-02-15T01:30:00Z,66.0,False,3655,33.0,3.0
3581,UCsaH_yBrLlBhy0tirv6f59A,씨디맨,xds-zpxdw7w,"눈에 안 보이는 세균, UV살균기 하나면 끝납니다",2026-02-18T01:30:00Z,64.0,False,2340,29.0,1.0
3581,UCsaH_yBrLlBhy0tirv6f59A,씨디맨,0DOgF0ErC7M,"""택배도둑""이 절대 못 훔쳐가는 현관CCTV ?",2026-02-18T05:00:00Z,70.0,False,4085,28.0,8.0
3581,UCsaH_yBrLlBhy0tirv6f59A,씨디맨,AZmyG9e_IkU,세차 에어건 캠핑용 이걸로 종결 합니다,2026-02-19T01:30:00Z,58.0,True,7758,25.0,2.0
3581,UCsaH_yBrLlBhy0tirv6f59A,씨디맨,iNaPTd0WVHI,똥손 탈출! 모니터 보고 따라하면 끝나는 100W 점프스타터,2026-02-20T08:30:00Z,89.0,False,2994,24.0,12.0
3581,UCsaH_yBrLlBhy0tirv6f59A,씨디맨,SCTyGJ_BP8A,노트북 같은 인기 많은 태블릿,2026-02-21T01:30:00Z,58.0,True,10034,29.0,4.0
3581,UCsaH_yBrLlBhy0tirv6f59A,씨디맨,PQ40heogfzQ,새학기 학생 사무용 올인원PC 저렴한데 무제한 방문 AS까지?,2026-02-23T09:00:00Z,295.0,False,668,16.0,7.0
3581,UCsaH_yBrLlBhy0tirv6f59A,씨디맨,H4WmNJHJCIs,램 값 폭등 32GB 탑재 갤럭시북5 프로 데스크탑 대신 쓸 수 있을까,2026-02-24T09:00:00Z,335.0,False,772,17.0,4.0
3581,UCsaH_yBrLlBhy0tirv6f59A,씨디맨,gATnMecwbMg,음악 반응 하는 무드등 초간간 설치,2026-02-24T13:56:56Z,46.0,True,506,3.0,0.0
3581,UCsaH_yBrLlBhy0tirv6f59A,씨디맨,ws-1OghhP44,초고음질 인체공학 오픈형 이어폰 써보니,2026-02-25T01:30:00Z,68.0,False,1544,12.0,2.0
3581,UCsaH_yBrLlBhy0tirv6f59A,씨디맨,LSOImjYmfIs,JBL이 작정하고 만든 역대급 블루투스 이어폰 등장,2026-03-01T15:00:00Z,91.0,False,1736,19.0,1.0
3581,UCsaH_yBrLlBhy0tirv6f59A,씨디맨,FmTF_HJmooc,빛 맞고 감성 터지는 JBL 무드등스피커,2026-03-03T01:30:00Z,82.0,False,1402,11.0,0.0
3581,UCsaH_yBrLlBhy0tirv6f59A,씨디맨,FH00d3UkxRY,흔한 방향제 썼다가 내장재 다 녹습니다. '이거' 쓰세요!,2026-03-07T01:30:00Z,58.0,True,1943,4.0,3.0
3581,UCsaH_yBrLlBhy0tirv6f59A,씨디맨,ofQAkV_6T6U,요즘 점프스타터는 이런것도 됩니다,2026-03-09T11:22:08Z,91.0,False,2108,18.0,3.0
3581,UCsaH_yBrLlBhy0tirv6f59A,씨디맨,Tp-aNqzpLfw,어디든 붙이는 차량용 맥세이프 거치대,2026-03-10T12:48:02Z,40.0,True,2008,15.0,2.0
3581,UCsaH_yBrLlBhy0tirv6f59A,씨디맨,G1bgfO7dXZA,생태계 파괴종? 마우스 끝판왕 로지텍 G PRO X2 SUPERSTRIKE 리뷰 및 팁!,2026-03-11T09:07:54Z,642.0,False,1182,18.0,1.0
3581,UCsaH_yBrLlBhy0tirv6f59A,씨디맨,tv_u2_YmD0E,게임용 포터블 모니터 써야하는 이유,2026-03-15T01:30:00Z,63.0,False,1815,9.0,1.0
3581,UCsaH_yBrLlBhy0tirv6f59A,씨디맨,ZJRe1BqYVp8,알리익스프레스 16주년 그랜드세일  라이젠 7800X3D DDR5 메모리 4TB SSD 마그네틱 스위치 키보드,2026-03-15T09:00:00Z,429.0,False,5561,46.0,8.0
3581,UCsaH_yBrLlBhy0tirv6f59A,씨디맨,ISxfx7Qtgyw,4만원대인데 실제로는 15만원데 음질? Baseus 블루투스 이어폰 헤드폰,2026-03-16T09:00:00Z,619.0,False,1349,20.0,2.0
3581,UCsaH_yBrLlBhy0tirv6f59A,씨디맨,DpkyynoVme8,현존 가성비 1위 태블릿 학생 직장인 태블릿 꼭 사세요,2026-03-21T01:30:00Z,59.0,True,10802,36.0,6.0
3581,UCsaH_yBrLlBhy0tirv6f59A,씨디맨,w6OxNcvBI-Y,선 하나에 다 연결되는 만능 노트북 거치대,2026-03-23T01:30:00Z,55.0,True,1793,7.0,0.0
3581,UCsaH_yBrLlBhy0tirv6f59A,씨디맨,Qr9WvvZ-v00,갤럭시 S26 울트라 수평고정 슈퍼드테디 프라이버시 디스플레이 S25와 비교기,2026-03-23T09:00:00Z,648.0,False,1094,18.0,3.0
3581,UCsaH_yBrLlBhy0tirv6f59A,씨디맨,364qd4bEuQ0,알리익스프레스 그랜드세일 PC부품 저렴하게 구매하기,2026-03-24T11:45:42Z,58.0,True,5126,29.0,2.0
3581,UCsaH_yBrLlBhy0tirv6f59A,씨디맨,7EOz2HKnU8w,노트북 듀얼 모니터암을 노트북 책상에 써야하는 이유,2026-03-27T07:17:13Z,66.0,False,4906,33.0,1.0
3581,UCsaH_yBrLlBhy0tirv6f59A,씨디맨,lN7oE3bHibw,아이닉 무선청소기 자동 먼지비움에 스팀 물걸레까지?,2026-03-27T14:04:17Z,84.0,False,1902,8.0,1.0
3581,UCsaH_yBrLlBhy0tirv6f59A,씨디맨,nTUniEP5Cgs,고수들이 쓴다는 마그네틱 키보드,2026-03-28T01:45:00Z,74.0,False,4232,25.0,6.0
3581,UCsaH_yBrLlBhy0tirv6f59A,씨디맨,v2hdyOcEmW4,이런 거치대 쓰지말고 이거 쓰세요,2026-03-29T08:27:00Z,26.0,True,3009,7.0,3.0
3581,UCsaH_yBrLlBhy0tirv6f59A,씨디맨,WnhaVpJEZMA,이쁜 강화유리 마우스 패드 (굿즈랩스튜디오 유리 마우스패드),2026-03-29T12:15:03Z,43.0,True,1697,11.0,0.0
3581,UCsaH_yBrLlBhy0tirv6f59A,씨디맨,gFbBiByeNmk,2년만에 새로운 기술 넣고 나온 QC 울트라 헤드폰 2세대 사용기,2026-03-31T09:00:00Z,371.0,False,1338,21.0,7.0
3581,UCsaH_yBrLlBhy0tirv6f59A,씨디맨,Bu8txl3yLqo,100W인데 가볍고 작은 보조배터리,2026-04-03T01:30:00Z,38.0,True,3367,15.0,2.0
3581,UCsaH_yBrLlBhy0tirv6f59A,씨디맨,HytIKIUkEfM,차량용 필수품 손전등 이거 꼭 사세요,2026-04-03T13:13:28Z,58.0,True,3958,20.0,2.0
3581,UCsaH_yBrLlBhy0tirv6f59A,씨디맨,0bHJZZozrIc,최신 스냅드래곤X 탑재 갤럭시북4 엣지 쓰는 이유,2026-04-08T00:12:57Z,94.0,False,2349,25.0,2.0
3581,UCsaH_yBrLlBhy0tirv6f59A,씨디맨,nwCRoVuc0jI,케이블로 세운다고? 스플리 게이밍 케이블,2026-04-09T01:45:00Z,48.0,True,1759,12.0,2.0
3581,UCsaH_yBrLlBhy0tirv6f59A,씨디맨,WnjYXyGF0YY,느린 인터넷 이거 확인 하세요 자유약정,2026-04-12T11:26:20Z,59.0,True,1979,9.0,2.0
3581,UCsaH_yBrLlBhy0tirv6f59A,씨디맨,KCd6YymI5-U,아도바로 해외 글로벌채널 크리에이터,2026-04-13T09:00:00Z,56.0,True,1785,10.0,0.0
3581,UCsaH_yBrLlBhy0tirv6f59A,씨디맨,E8rKW9McYmQ,삼성 오디세이 G7 G75F 40인치 LS40FG750 180Hz 게이밍 모니터 대화면 작업 및 게임까지,2026-04-15T09:00:00Z,375.0,False,1103,19.0,6.0
3581,UCsaH_yBrLlBhy0tirv6f59A,씨디맨,SMeiizRZaIo,40인치 울트라 와이드 모니터 쓰면 이런게 된다고?,2026-04-16T01:30:00Z,60.0,True,1938,10.0,0.0
3581,UCsaH_yBrLlBhy0tirv6f59A,씨디맨,VAXe4PAKdfg,있는듯 없는듯 초슬림 리얼 카본 폴드7 케이스,2026-04-17T01:30:00Z,35.0,True,3727,11.0,0.0
3581,UCsaH_yBrLlBhy0tirv6f59A,씨디맨,egv7_cjtBIQ,4K 모니터는 크기가 중요한 이유,2026-04-23T04:16:40Z,60.0,True,2068,14.0,2.0
3581,UCsaH_yBrLlBhy0tirv6f59A,씨디맨,ivz7SiKO1Bg,11번가 그랜드십일절 이 가격에 예약구매 된다고?,2026-04-27T01:00:00Z,46.0,True,1876,9.0,1.0
3581,UCsaH_yBrLlBhy0tirv6f59A,씨디맨,60JeB7TldxE,유튜브 검색 이렇게 하면 하수 입니다,2026-04-28T01:00:00Z,63.0,False,1527,11.0,2.0
3581,UCsaH_yBrLlBhy0tirv6f59A,씨디맨,aKlVQJRDuh0,2배로 성능 올린 Qi2.2 25W 맥세이프 무선충전기,2026-04-28T04:00:00Z,56.0,True,2041,10.0,1.0
3581,UCsaH_yBrLlBhy0tirv6f59A,씨디맨,XQz7dn9mEBo,제트엔진 넣은 맥세이프 무선 충전기,2026-04-28T13:11:29Z,53.0,True,3320,21.0,0.0
3581,UCsaH_yBrLlBhy0tirv6f59A,씨디맨,EgK6l-BuFOM,4K 모니터 고르는 방법,2026-04-29T12:18:05Z,40.0,True,2553,12.0,0.0
3581,UCsaH_yBrLlBhy0tirv6f59A,씨디맨,e2Kd36_V3QQ,급발진 막는 방법 이걸 달아야 합니다,2026-04-30T08:14:16Z,71.0,False,5679,64.0,10.0
3581,UCsaH_yBrLlBhy0tirv6f59A,씨디맨,dQ48EJU2K7o,스마트폰으로 열화상 찍는 방법 Raythink IX2 Air,2026-05-03T01:30:00Z,69.0,False,1550,12.0,1.0
3581,UCsaH_yBrLlBhy0tirv6f59A,씨디맨,UrhkRMxGTWk,1000만뷰 나온 5초 핸들커버 써봤습니다,2026-05-07T01:30:00Z,50.0,True,3163,16.0,0.0
3581,UCsaH_yBrLlBhy0tirv6f59A,씨디맨,BuILfgOa9HQ,세차 필수품 750W 괴물 에어건,2026-05-10T01:30:07Z,50.0,True,1986,19.0,1.0
3581,UCsaH_yBrLlBhy0tirv6f59A,씨디맨,c_CbYC0X8mM,3세대 최신 연료첨가제 연비 상승!!,2026-05-10T08:00:32Z,41.0,True,1203,7.0,0.0
3582,UCjnc0AA4TKE1NiR6oPVGYnw,김락희 Rockhe Kim,7dN-olX1dJg,편집자님이 왼손으로 그리래요...-58강-,2026-02-03T01:48:34Z,8915.0,False,1269,41.0,1.0
3582,UCjnc0AA4TKE1NiR6oPVGYnw,김락희 Rockhe Kim,g6S40niHkuw,펜 다 쓸 때까지 끝나지않아-59강-,2026-02-09T16:02:12Z,15826.0,False,1550,49.0,2.0
3582,UCjnc0AA4TKE1NiR6oPVGYnw,김락희 Rockhe Kim,g2uyd7ygs_0,3년 만의 컴백! 락희쌤이 사라졌던 이유와 시즌2 예고,2026-02-13T10:01:05Z,530.0,False,6618,288.0,31.0
3582,UCjnc0AA4TKE1NiR6oPVGYnw,김락희 Rockhe Kim,vwFupfdeko4,그림쟁이들을 위한 해부학 단어리듬게임 ㅣ 돌아온 라키라키,2026-02-13T15:03:43Z,31.0,True,12422,183.0,10.0
3582,UCjnc0AA4TKE1NiR6oPVGYnw,김락희 Rockhe Kim,QSbkWSOcmEY,붓펜으로 그리는 방송-60강-,2026-02-17T02:11:14Z,9397.0,False,1869,52.0,1.0
3582,UCjnc0AA4TKE1NiR6oPVGYnw,김락희 Rockhe Kim,WuT5WyaqUEc,나의 머리 속에는 무엇이.-61강-,2026-02-24T04:55:05Z,8074.0,False,999,21.0,0.0
3582,UCjnc0AA4TKE1NiR6oPVGYnw,김락희 Rockhe Kim,JtqCfCFjSY0,피드백 레이스 1기 -1강- (풀버전 무료 공개),2026-02-27T00:46:15Z,9504.0,False,1537,32.0,1.0
3582,UCjnc0AA4TKE1NiR6oPVGYnw,김락희 Rockhe Kim,YYNp1Euz0Gc,10만 명이 기다린 전설의 독학 가이드 📗 l 라키론,2026-02-27T10:00:53Z,1283.0,False,17417,1279.0,31.0
3582,UCjnc0AA4TKE1NiR6oPVGYnw,김락희 Rockhe Kim,rrxyAvvVS94,라키와 크로키 -62강-,2026-03-03T02:08:40Z,8542.0,False,1905,79.0,1.0
3582,UCjnc0AA4TKE1NiR6oPVGYnw,김락희 Rockhe Kim,7LT6H1l0Gb0,피드백 레이스 1기 -2강- (풀버전 무료 공개),2026-03-06T02:05:38Z,12002.0,False,1825,44.0,1.0
3582,UCjnc0AA4TKE1NiR6oPVGYnw,김락희 Rockhe Kim,dxggkeA63zk,옷주름 크로키하자!-63강-,2026-03-10T01:58:56Z,9156.0,False,1593,63.0,0.0
3582,UCjnc0AA4TKE1NiR6oPVGYnw,김락희 Rockhe Kim,k6stvPoaiRo,프로들의 프로! 락희쌤이 보여주는 피드백의 정석🔥 l 피드백 레이스,2026-03-13T10:01:25Z,867.0,False,9542,620.0,13.0
3582,UCjnc0AA4TKE1NiR6oPVGYnw,김락희 Rockhe Kim,EkWuulmHuzE,계획 긴급 수정! '노인을 위한 나라는 없다' 포스터 그려보기,2026-03-17T02:26:40Z,10438.0,False,1239,42.0,0.0
3582,UCjnc0AA4TKE1NiR6oPVGYnw,김락희 Rockhe Kim,1r_ghrtmZRg,락희쌤 채널 쇼츠 오픈🎬,2026-03-20T09:30:00Z,15.0,True,10051,221.0,5.0
3582,UCjnc0AA4TKE1NiR6oPVGYnw,김락희 Rockhe Kim,sA3mWa-HyK8,그림독학러 필수 시청! 팔뼈 기울기 CHECK,2026-03-20T09:45:06Z,59.0,True,28280,1809.0,8.0
3582,UCjnc0AA4TKE1NiR6oPVGYnw,김락희 Rockhe Kim,CE8cJHoxcUg,입체감 있는 다리 그리기 슈퍼 꿀팁🔥,2026-03-22T09:45:01Z,58.0,True,22443,923.0,10.0
3582,UCjnc0AA4TKE1NiR6oPVGYnw,김락희 Rockhe Kim,8cIIsF0RZGU,짱구를 락희 그림체로 그리기-,2026-03-24T02:34:17Z,10596.0,False,1752,37.0,1.0
3582,UCjnc0AA4TKE1NiR6oPVGYnw,김락희 Rockhe Kim,AJdEcU8_Cdk,재능 있는 사람들을 이길 수 있는 방법,2026-03-24T09:45:01Z,40.0,True,7994,201.0,4.0
3582,UCjnc0AA4TKE1NiR6oPVGYnw,김락희 Rockhe Kim,16uNDmUBnJo,그림 그릴 때 뼈대를 그려야 하는 이유,2026-03-26T09:00:01Z,56.0,True,8949,318.0,1.0
3582,UCjnc0AA4TKE1NiR6oPVGYnw,김락희 Rockhe Kim,R1pLLfzJFpo,삽질하는 독학은 이제 그만! 입체감을 더하는 완벽 공식 📘 l 라키론,2026-03-27T10:00:24Z,1025.0,False,7357,478.0,6.0
3582,UCjnc0AA4TKE1NiR6oPVGYnw,김락희 Rockhe Kim,UxbFK5Zkl-k,허벅지 근육 구조 속성 강의⭐,2026-03-28T06:00:00Z,59.0,True,7575,382.0,4.0
3582,UCjnc0AA4TKE1NiR6oPVGYnw,김락희 Rockhe Kim,cY5FgovxdBw,투시에 맞게 인체 비율을 잡는 방법🖊,2026-03-30T09:30:00Z,51.0,True,6710,284.0,3.0
3582,UCjnc0AA4TKE1NiR6oPVGYnw,김락희 Rockhe Kim,SKNdK-yNNgI,도라에몽 돌아이몽으로 그리기-,2026-03-31T03:20:12Z,8116.0,False,1249,40.0,1.0
3582,UCjnc0AA4TKE1NiR6oPVGYnw,김락희 Rockhe Kim,Uf_jzoV7cH0,인체를 그릴 때 박스📦를 그려야 하는 이유,2026-04-01T09:45:00Z,60.0,True,4111,132.0,0.0
3582,UCjnc0AA4TKE1NiR6oPVGYnw,김락희 Rockhe Kim,xiOA-_fDSZc,다리뼈 그릴 때 주의할 점❗,2026-04-04T06:00:42Z,57.0,True,7271,389.0,0.0
3582,UCjnc0AA4TKE1NiR6oPVGYnw,김락희 Rockhe Kim,0s67vfSxykM,뼈를 공부할 때 알아야 하는 우선순위✨,2026-04-06T09:30:00Z,58.0,True,7244,385.0,0.0
3582,UCjnc0AA4TKE1NiR6oPVGYnw,김락희 Rockhe Kim,ln6TGvlyRj0,도라에몽 돌아이몽으로 그리기2-,2026-04-07T02:08:38Z,9663.0,False,896,26.0,0.0
3582,UCjnc0AA4TKE1NiR6oPVGYnw,김락희 Rockhe Kim,ztDlR4AN-Qc,마블 출신 락희쌤의 영어 실력 최초 공개😲,2026-04-08T09:30:41Z,60.0,True,8735,233.0,2.0
3582,UCjnc0AA4TKE1NiR6oPVGYnw,김락희 Rockhe Kim,D_HqhPITCYU,90%가 여기서 틀립니다❗ 그림이 뻣뻣해지는 진짜 이유 l 피드백 레이스,2026-04-10T10:00:32Z,1249.0,False,6053,388.0,7.0
3582,UCjnc0AA4TKE1NiR6oPVGYnw,김락희 Rockhe Kim,EXF2DfSAvb0,뼈대를 그리는 목적🥇,2026-04-11T06:00:09Z,60.0,True,8546,359.0,0.0
3582,UCjnc0AA4TKE1NiR6oPVGYnw,김락희 Rockhe Kim,uOkl4G7EKOY,스스로에게 감탄해버린 락희쌤✨,2026-04-13T10:01:32Z,33.0,True,20045,678.0,4.0
3582,UCjnc0AA4TKE1NiR6oPVGYnw,김락희 Rockhe Kim,KN4AwADQO9U,크로키 같이 하실 분?,2026-04-14T01:30:17Z,7603.0,False,1190,42.0,2.0
3582,UCjnc0AA4TKE1NiR6oPVGYnw,김락희 Rockhe Kim,yc5AUkXM0Wg,락희쌤은 숙제 내주기를 좋아해📖,2026-04-15T09:30:37Z,57.0,True,2834,45.0,0.0
3582,UCjnc0AA4TKE1NiR6oPVGYnw,김락희 Rockhe Kim,F5Me-29N668,석작가님 신작 소개 방송-,2026-04-21T01:52:00Z,9197.0,False,1129,29.0,0.0
3582,UCjnc0AA4TKE1NiR6oPVGYnw,김락희 Rockhe Kim,5bfbeVZU3GQ,달리기 자세 그릴 때 꼭 알아야 하는 포인트,2026-04-23T09:30:03Z,59.0,True,7622,240.0,2.0
3582,UCjnc0AA4TKE1NiR6oPVGYnw,김락희 Rockhe Kim,Rn4QefTj4Vo,그림 그리는 오늘이 힘겹다면 꼭 봐야 할 이야기,2026-04-24T10:01:00Z,605.0,False,2323,136.0,7.0
3582,UCjnc0AA4TKE1NiR6oPVGYnw,김락희 Rockhe Kim,oLDDeq6SZtw,초보자들이 발 그릴 때 자주 하는 실수,2026-04-25T06:30:20Z,42.0,True,12131,446.0,0.0
3582,UCjnc0AA4TKE1NiR6oPVGYnw,김락희 Rockhe Kim,cEduBomyfX4,인물이 뚱뚱하게 그려지는 나쁜 습관,2026-04-27T09:30:18Z,57.0,True,25930,1048.0,7.0
3582,UCjnc0AA4TKE1NiR6oPVGYnw,김락희 Rockhe Kim,DLDbnUSPmzA,역동적인 인체 그리는 방법 찾아보자,2026-04-28T09:52:31Z,8893.0,False,1025,55.0,0.0
3582,UCjnc0AA4TKE1NiR6oPVGYnw,김락희 Rockhe Kim,hCBmgjCEQjc,학생들의 열정적인 PPL & 부끄러운 라키쌤,2026-04-29T09:30:22Z,58.0,True,3055,45.0,0.0
3582,UCjnc0AA4TKE1NiR6oPVGYnw,김락희 Rockhe Kim,yLPHNT4fGwY,대다수가 틀리는 광배근 & 전거근 그리기,2026-05-02T06:30:25Z,47.0,True,12118,612.0,2.0
3582,UCjnc0AA4TKE1NiR6oPVGYnw,김락희 Rockhe Kim,eAM6nhj9glo,"굽힌 팔 그릴 때, 완성도 높이는 디테일🏆",2026-05-04T09:30:20Z,51.0,True,5974,342.0,0.0
3582,UCjnc0AA4TKE1NiR6oPVGYnw,김락희 Rockhe Kim,lTtDrmrBauM,펜화를 그려보죠,2026-05-05T02:29:02Z,8988.0,False,1107,57.0,0.0
3582,UCjnc0AA4TKE1NiR6oPVGYnw,김락희 Rockhe Kim,pw9TathLQws,마블 출신 락희쌤의 영어 공부 2탄,2026-05-06T09:30:27Z,60.0,True,6191,281.0,3.0
3582,UCjnc0AA4TKE1NiR6oPVGYnw,김락희 Rockhe Kim,udjgkiZzMos,명암 멘붕 탈출! '감'으로만 그리는 명암은 이제 그만❌ l 라키론,2026-05-08T10:01:37Z,674.0,False,8228,1028.0,21.0
3582,UCjnc0AA4TKE1NiR6oPVGYnw,김락희 Rockhe Kim,Tg58Ffc-qLI,무조건 잘 그려야 하는 무릎 관절🦵,2026-05-09T06:30:14Z,61.0,False,7339,544.0,0.0
3582,UCjnc0AA4TKE1NiR6oPVGYnw,김락희 Rockhe Kim,EGnZNNgFSEY,팔을 들어 올린 자세 그리기 꿀팁🙋‍♂️,2026-05-11T09:30:12Z,38.0,True,1686,84.0,1.0
3582,UCjnc0AA4TKE1NiR6oPVGYnw,김락희 Rockhe Kim,8h33Y_AF9tw,김락희가 좋아하는 일본만화는?!,2026-05-12T00:35:10Z,5233.0,False,883,37.0,0.0
3582,UCjnc0AA4TKE1NiR6oPVGYnw,김락희 Rockhe Kim,QHTANVG4hRQ,큰가슴근(대흉근) 구조 핵심 정리!,2026-05-13T09:30:11Z,49.0,True,4869,357.0,0.0
3582,UCjnc0AA4TKE1NiR6oPVGYnw,김락희 Rockhe Kim,ml1f5hmVqbA,"우리가 모르고 있던, '이두'의 엄청난 사실💪",2026-05-16T06:30:19Z,61.0,False,2016,88.0,1.0
3583,UCz3GDOHVsndXIvDvVod3vGg,JellyPop - Colors,jziKC78r47g,JellyPop - Learn Colors Kids님의 실시간 스트리밍,2018-09-19T06:25:35Z,,False,0,0.0,0.0
3583,UCz3GDOHVsndXIvDvVod3vGg,JellyPop - Colors,nYQYVbzcBI8,Making Slime with Funny Balloons - Exciting Slime Video,2019-02-27T02:36:26Z,420.0,False,91817,329.0,0.0
3583,UCz3GDOHVsndXIvDvVod3vGg,JellyPop - Colors,2M4bXHTGTYg,Mountain Full of Toys Tobot Carbot Robots,2019-03-14T10:14:09Z,1052.0,False,148240,666.0,0.0
3583,UCz3GDOHVsndXIvDvVod3vGg,JellyPop - Colors,cvjedOBjMWk,New Tobot Master V Speed Monster Rocket 3 Combo Combine Robot Toys,2019-03-25T07:33:34Z,259.0,False,177137,657.0,0.0
3584,UCCn0jN1hH5m6hMOB51WyAKw,세호가중계,KhD7kNabnoU,조남지대 서브보컬 조세호의 노래실력,2025-01-20T05:15:02Z,49.0,True,1238,47.0,2.0
3584,UCCn0jN1hH5m6hMOB51WyAKw,세호가중계,OPg4TKZF578,조세호의 공기실력,2025-01-20T05:15:02Z,28.0,True,10369,334.0,9.0
3584,UCCn0jN1hH5m6hMOB51WyAKw,세호가중계,Q5LdeVwWFQ8,꿈에서 신곡 아이디어를 얻은 조세호,2025-01-20T05:15:02Z,59.0,True,2254,42.0,0.0
3584,UCCn0jN1hH5m6hMOB51WyAKw,세호가중계,oMJJky-rzlQ,조세호 향수 리스트 1분 요약,2025-01-27T11:14:57Z,60.0,True,4738,102.0,3.0
3584,UCCn0jN1hH5m6hMOB51WyAKw,세호가중계,OIKf_lWEvak,조세호 새 별명 chill10뿌,2025-01-27T11:15:02Z,47.0,True,4228,61.0,5.0
3584,UCCn0jN1hH5m6hMOB51WyAKw,세호가중계,opXjx8Sz9rI,뷰티템에 관심 갖게 된 sad story,2025-01-27T11:15:06Z,60.0,True,1504,68.0,4.0
3584,UCCn0jN1hH5m6hMOB51WyAKw,세호가중계,6xQC4iwgiw0,조남지대 신곡 커밍 순,2025-01-27T11:18:21Z,33.0,True,1813,87.0,5.0
3584,UCCn0jN1hH5m6hMOB51WyAKw,세호가중계,GBQWIYzJzl8,"갤럭시 S25, SKT 사전예약으로 가장 먼저 만나보세호😊",2025-01-31T11:45:04Z,90.0,False,5237,66.0,7.0
3584,UCCn0jN1hH5m6hMOB51WyAKw,세호가중계,dHpRg9OrshM,오늘은 내가 크림chill guy😂 까르보나라를 만들어 보았습니다... 초보 남편의 아내를 위한 요리 l 호감요리사 Ep.01,2025-02-03T11:00:47Z,1013.0,False,180177,2406.0,215.0
3584,UCCn0jN1hH5m6hMOB51WyAKw,세호가중계,87PKWY2kl_Q,크림chill guy 조세호의 까르보나라,2025-02-03T12:28:11Z,40.0,True,5455,127.0,4.0
3584,UCCn0jN1hH5m6hMOB51WyAKw,세호가중계,yW6Ecum6v-0,조세호 까르보나라 평점 8.5인 이유,2025-02-03T12:30:21Z,49.0,True,13102,191.0,10.0
3584,UCCn0jN1hH5m6hMOB51WyAKw,세호가중계,XtUfI7n-iXA,난 네가 기뻐하는 일이라면 뭐든지 할 수 있어,2025-02-03T12:33:10Z,35.0,True,10883,150.0,9.0
3584,UCCn0jN1hH5m6hMOB51WyAKw,세호가중계,-l90QFbu3vc,꼭두새벽부터 바쁜 세호의 하루😃 SKT 갤럭시 S25 시리즈 개통행사 더블업 파티부터 호감요리사 메뉴 선정까지... 바쁘다 바빠 홍대 한 바퀴,2025-02-09T05:00:00Z,738.0,False,71246,1177.0,18.0
3584,UCCn0jN1hH5m6hMOB51WyAKw,세호가중계,9HvDDGGa9Jg,홍김동전 멤버들과 도라이버로 돌아오기로 결정한 날! 보컬레슨부터 신곡 녹음까지 세호의 일상 브이로그✌️,2025-02-21T09:00:10Z,1313.0,False,172537,2575.0,167.0
3584,UCCn0jN1hH5m6hMOB51WyAKw,세호가중계,mD0Mq3LyYxI,조남지대 서브보컬 세호의 연습영상,2025-02-22T04:13:57Z,54.0,True,876,30.0,3.0
3584,UCCn0jN1hH5m6hMOB51WyAKw,세호가중계,FHiH24gnw78,피자집의 독특한 소환술,2025-02-22T04:15:01Z,32.0,True,4107,52.0,0.0
3584,UCCn0jN1hH5m6hMOB51WyAKw,세호가중계,TkJGOad7Gqk,23년차 방송인의 카메라 울렁증,2025-02-22T04:19:12Z,55.0,True,2895,63.0,2.0
3584,UCCn0jN1hH5m6hMOB51WyAKw,세호가중계,desccDJxWds,최초공개! 조세호의 소름돋는 보컬 비법,2025-02-22T04:23:34Z,51.0,True,1254,38.0,2.0
3584,UCCn0jN1hH5m6hMOB51WyAKw,세호가중계,-BeFYPVz2qY,구 홍김동전 현 도라이버 회식비 누가 낼거야?,2025-02-22T04:30:00Z,59.0,True,64642,1001.0,16.0
3584,UCCn0jN1hH5m6hMOB51WyAKw,세호가중계,20FJojcOYDI,역시 125만 유튜버 주우재는 달라,2025-02-22T04:30:01Z,60.0,True,4459,102.0,1.0
3584,UCCn0jN1hH5m6hMOB51WyAKw,세호가중계,8Ar3V0YyvaY,지드래곤 한 스푼 곁들인 세호가 차돌박이 숙주 볶음밥을 해보았습니다🥩 l 호감요리사 Ep.03,2025-02-28T09:00:15Z,942.0,False,107233,1462.0,137.0
3584,UCCn0jN1hH5m6hMOB51WyAKw,세호가중계,TIAiku5Lvfc,지드래곤 피해서 컴백하는 조남지대,2025-03-02T06:38:04Z,18.0,True,10319,181.0,6.0
3584,UCCn0jN1hH5m6hMOB51WyAKw,세호가중계,fetcQAxXbMg,지드래곤 리스닝 파티 착장 정하기 (1/3),2025-03-02T06:45:02Z,51.0,True,12170,228.0,16.0
3584,UCCn0jN1hH5m6hMOB51WyAKw,세호가중계,o2zslxX-2tI,지드래곤 리스닝 파티 착장 정하기 (3/3),2025-03-02T06:45:02Z,33.0,True,7124,132.0,2.0
3584,UCCn0jN1hH5m6hMOB51WyAKw,세호가중계,s52q_C2bzq0,지드래곤 리스닝 파티 착장 정하기 (2/3),2025-03-02T06:45:02Z,58.0,True,4868,130.0,4.0
3584,UCCn0jN1hH5m6hMOB51WyAKw,세호가중계,lne0SdOYhWM,한 사람을 위한 조남지대의 무한 신곡 지옥🎤 여기에 에스파 콘서트에서 위플래시 추다가 목에 담걸린 채로 찾아온 지드래곤까지 l 신곡 감상회 Ep.01,2025-03-21T09:01:03Z,1916.0,False,233836,5333.0,854.0
3584,UCCn0jN1hH5m6hMOB51WyAKw,세호가중계,hHw6S_kBcrI,홍진경의 조남지대 대표곡 메들리,2025-03-23T09:43:44Z,58.0,True,1573,45.0,1.0
3584,UCCn0jN1hH5m6hMOB51WyAKw,세호가중계,idFm9RJ_i5w,조남지대 토크는 전부 슈퍼패스 쓰겠습니다,2025-03-23T09:45:24Z,56.0,True,7730,140.0,2.0
3584,UCCn0jN1hH5m6hMOB51WyAKw,세호가중계,X4W2bthhHB8,창희야 너 그러면 안돼,2025-03-23T09:46:38Z,43.0,True,18305,154.0,7.0
3584,UCCn0jN1hH5m6hMOB51WyAKw,세호가중계,-gBquyY3sn4,지디가 진짜 온대,2025-03-23T09:48:09Z,64.0,False,18466,579.0,25.0
3584,UCCn0jN1hH5m6hMOB51WyAKw,세호가중계,Tnqhdo_KzMA,지디가 진짜 왔어,2025-03-23T09:49:53Z,62.0,False,5449,368.0,20.0
3584,UCCn0jN1hH5m6hMOB51WyAKw,세호가중계,WSfOmf2RrsQ,[ENG] 조남지대와 지드래곤이 만나 조남GD를 결성했습니다😁 l 신곡 감상회 Ep.02,2025-03-26T11:35:29Z,1258.0,False,1518714,27495.0,2812.0
3584,UCCn0jN1hH5m6hMOB51WyAKw,세호가중계,_X1oJYXXdRI,홍조남지디 패밀리 결성,2025-03-27T06:06:26Z,33.0,True,8319,279.0,8.0
3584,UCCn0jN1hH5m6hMOB51WyAKw,세호가중계,cGU4T7OTFEs,지드래곤 웃음 모음집,2025-03-27T07:12:30Z,68.0,False,4824,436.0,42.0
3584,UCCn0jN1hH5m6hMOB51WyAKw,세호가중계,xdRXdle1Xko,세호랑 지디랑 진짜 친해요,2025-03-27T07:48:35Z,48.0,True,36105,778.0,22.0
3584,UCCn0jN1hH5m6hMOB51WyAKw,세호가중계,2hbmC4mI0jA,누나 진짜 멋있는 거 같아요,2025-03-27T08:44:08Z,45.0,True,16433,479.0,12.0
3584,UCCn0jN1hH5m6hMOB51WyAKw,세호가중계,sSQ2q3b18As,[미공개] 지디 앞에서 부르는 무제,2025-03-28T03:56:08Z,113.0,False,11364,397.0,18.0
3584,UCCn0jN1hH5m6hMOB51WyAKw,세호가중계,vf-kXZL0gGY,지디의 위버맨쉬 콘서트를 신나게 즐기고 왔습니다 l 신곡 감상회 번외편,2025-04-04T09:01:15Z,637.0,False,397683,8413.0,595.0
3584,UCCn0jN1hH5m6hMOB51WyAKw,세호가중계,H3FY59i70yc,김 꼈다고 무시하면 안 되는 이유;;,2025-04-10T09:00:18Z,54.0,True,10050,144.0,21.0
3584,UCCn0jN1hH5m6hMOB51WyAKw,세호가중계,3IS0044xGls,Hello Stranger로 돌아왔지만 한번도 듣지 못하고 끝나버린 권은비의 리스닝 파티🎉 l 신곡 감상회 Ep.03,2025-04-18T09:04:51Z,1617.0,False,62956,1013.0,73.0
3584,UCCn0jN1hH5m6hMOB51WyAKw,세호가중계,QPLaVNhsFqU,핑계고로 뜬 사람들이 모여 🪽뜬다 뜬다🪽 뮤직비디오를 찍고 한바탕 게임을 해보았습니다,2025-04-25T09:00:39Z,1159.0,False,22149,570.0,39.0
3584,UCCn0jN1hH5m6hMOB51WyAKw,세호가중계,Q3T-N1L0UzI,상상력 풍부한 ENFP 두 명이 만나 토크의 길을 찾지 못하고 결국 노래만 듣고 끝나버린 비비의 신곡 감상회 l Ep.04,2025-05-16T09:05:33Z,1274.0,False,32330,756.0,66.0
3584,UCCn0jN1hH5m6hMOB51WyAKw,세호가중계,nCD9LKWY6dk,음식을 주문했더니 조세호가 배달 왔습니다 (ft. 트로트 가수 태경이),2025-06-13T09:01:14Z,1149.0,False,48916,963.0,22.0
3584,UCCn0jN1hH5m6hMOB51WyAKw,세호가중계,IJ0NNv5Kiro,"세호가중계ㅣEP1. 트와이스? 데이식스? 박진영의 원픽은 나야, 장우영",2025-06-20T09:41:14Z,1033.0,False,43629,1791.0,217.0
3584,UCCn0jN1hH5m6hMOB51WyAKw,세호가중계,Ga8Y1rqAxAk,"세호가중계ㅣEP2. 20년째 주니어라 쏘리 쏘리, 아이돌 시조새 SM의 슈퍼주니어!",2025-06-27T09:00:32Z,1018.0,False,67062,3195.0,385.0
3584,UCCn0jN1hH5m6hMOB51WyAKw,세호가중계,pIyJY4mfSuI,세호가중계ㅣEP3. 청양고추도 씹고 빌보드도 씹어먹은 에이티즈의 홍중과 우영을 세호가 중계 하였습니다.,2025-07-18T09:11:44Z,1341.0,False,96842,6989.0,373.0
3584,UCCn0jN1hH5m6hMOB51WyAKw,세호가중계,2Z4DYs6fL9g,세호가중계 l EP.4 마 니네 훠궈 중독이다.. 광야에서 온 WayV,2025-08-01T09:04:23Z,1332.0,False,95948,3144.0,203.0
3584,UCCn0jN1hH5m6hMOB51WyAKw,세호가중계,4YpuPrut150,"세호가중계 l EP.5 영케이 사랑해, 원필 사랑해, 조세호 건강해🦊🐰💕",2025-08-15T09:30:03Z,988.0,False,82876,5165.0,275.0
3584,UCCn0jN1hH5m6hMOB51WyAKw,세호가중계,SLYG7xWPlwo,"세호가중계 | EP.6 LA에서 온 조슈아랑 강남에서 평양냉면, 이것 뭐예요~?🤣",2025-08-22T09:08:10Z,760.0,False,148438,7776.0,409.0
3584,UCCn0jN1hH5m6hMOB51WyAKw,세호가중계,shE-IceHuTw,세호가중계 | EP.7 달콤 주허니🍯와 짭짤(?) 셔누🐻와 함께 단짠단짠 몬스타엑스 컴백 인터뷰🎵🎤,2025-09-12T09:01:34Z,600.0,False,22774,1517.0,299.0
3585,UC5QCza-qtDmujX_lzIs9SJw,세부부부,eQG6Y9nQriY,라면 끓이자마자 온 마을 사람들이 몰려왔습니다,2026-03-21T15:54:35Z,1463.0,False,77835,5277.0,159.0
3585,UC5QCza-qtDmujX_lzIs9SJw,세부부부,Zz0vKq7KQU0,"다른 현지인도 말리는 이 생선, 먹어도 괜찮을까? 전복회는 공짜?",2026-03-22T16:42:07Z,1631.0,False,62718,4558.0,161.0
3585,UC5QCza-qtDmujX_lzIs9SJw,세부부부,pXnYnsI4Lk0,"식초소스만 먹던 필리핀 섬마을 사람들, 한국 K소스 맛보더니 반응이…!!!!!!!?",2026-03-23T11:45:56Z,1062.0,False,62951,5005.0,130.0
3585,UC5QCza-qtDmujX_lzIs9SJw,세부부부,COMlKKdEXHY,라면을 다 끓이기도 전에 섬마을 사람들이 밖에서 20명이상 대기중이라고!?,2026-03-24T11:32:01Z,961.0,False,59707,5180.0,177.0
3585,UC5QCza-qtDmujX_lzIs9SJw,세부부부,NezB9RN9rBM,세부에서 4시간 떨어진 섬에선 과열 얼마에 팔까? 마을 분들이랑 바다로 나가보았습니다,2026-03-25T14:55:59Z,1497.0,False,61138,4563.0,157.0
3585,UC5QCza-qtDmujX_lzIs9SJw,세부부부,ibMmBGehFxQ,"처음 받아본 한국 먹거리, 필리핀 분들의 반응이 놀라웠습니다 ㅣ바다속에 수장된 신비의 물체..?",2026-03-26T11:04:53Z,1498.0,False,61542,5403.0,246.0
3585,UC5QCza-qtDmujX_lzIs9SJw,세부부부,eWlGs6KmsmA,아침부터 저를 기다리던 사람들… 자연산 전복 7kg을 싹 사버렸습니다,2026-03-27T13:17:25Z,1176.0,False,61695,4552.0,120.0
3585,UC5QCza-qtDmujX_lzIs9SJw,세부부부,KIh2MGHbZHE,"오지의 섬마을을 떠나는 날, 갑자기 이웃주민이 나에게 하는 말이...?",2026-03-28T11:33:30Z,1069.0,False,67700,5207.0,181.0
3585,UC5QCza-qtDmujX_lzIs9SJw,세부부부,UMku3RDhB8s,"그날 제게 딸을 부탁했던 아버지, 오늘 그 아이를 만났습니다",2026-03-29T11:47:01Z,1144.0,False,75100,5301.0,225.0
3585,UC5QCza-qtDmujX_lzIs9SJw,세부부부,idymxr-t7VA,오랜만에 만난 빈지아저씨가... 밭일을 시작했다고...?,2026-03-30T11:32:13Z,1085.0,False,61819,4809.0,155.0
3585,UC5QCza-qtDmujX_lzIs9SJw,세부부부,FklXn16T-C4,금방 만든 지붕이… 예상 못한 일이 생겼습니다,2026-03-31T12:38:28Z,1050.0,False,68330,5081.0,216.0
3585,UC5QCza-qtDmujX_lzIs9SJw,세부부부,6j3YSv9h8cw,"필리핀 대나무 쪼개 엮어서 만든 벽면, 드디어 고정 마무리!소각장에 사용할 할로블럭도 도착했습니다",2026-04-01T11:01:08Z,857.0,False,66494,4580.0,163.0
3585,UC5QCza-qtDmujX_lzIs9SJw,세부부부,P2H5zu70F1U,"쓰레기 쌓이던 필리핀 시골 마을, 하루만에 바꿨습니다",2026-04-03T13:19:43Z,902.0,False,66855,4774.0,160.0
3585,UC5QCza-qtDmujX_lzIs9SJw,세부부부,DO9IAyXcjRs,"소각장을 만들고 나서, 드디어 변화를 시작했습니다ㅣ집 벽면 클립완성, 마을축제",2026-04-04T16:30:01Z,897.0,False,66665,4695.0,117.0
3585,UC5QCza-qtDmujX_lzIs9SJw,세부부부,fwe74HfMjCs,초장에 이어.. 산골마을에 직접 만든 쌈장을 줬더니 또 일이 터졌습니다,2026-04-05T14:13:52Z,936.0,False,63280,4718.0,84.0
3585,UC5QCza-qtDmujX_lzIs9SJw,세부부부,Vr9CZDIh-Ds,"별거 하나 했을 뿐인데 집이 완전히 달라졌습니다ㅣ다음 일정은?, 전기선 작업시작",2026-04-06T14:55:31Z,1167.0,False,75558,4981.0,114.0
3585,UC5QCza-qtDmujX_lzIs9SJw,세부부부,oFXZyL9nZfo,더는 못 버티겠습니다… 결국 물탱크를 철거시작합니다 ㅣ 전기줄 작업,2026-04-07T13:55:40Z,944.0,False,61121,4314.0,92.0
3585,UC5QCza-qtDmujX_lzIs9SJw,세부부부,SuKcQt0Pf98,"다 같이 여행을 가려 했는데, 이유를 듣고 마음이 바뀌었습니다",2026-04-08T13:31:46Z,900.0,False,62549,4416.0,101.0
3585,UC5QCza-qtDmujX_lzIs9SJw,세부부부,2-RlF2cQgH4,물탱크만 철거하면 될 줄 알았는데.. 일이 끝없이 커지네요..,2026-04-09T13:45:01Z,1069.0,False,60928,4093.0,164.0
3585,UC5QCza-qtDmujX_lzIs9SJw,세부부부,EamsgvBoVW8,오랜 누수로 인해 절반을 다 들어냈는데... 프레임도 썩었다고..?,2026-04-11T14:15:07Z,868.0,False,55624,3892.0,121.0
3585,UC5QCza-qtDmujX_lzIs9SJw,세부부부,g1G5sr8DU1U,오랜만에 직원들과 회식… 하지만 공사는 잠시 멈추게 됐습니다,2026-04-12T11:47:14Z,1048.0,False,52466,3948.0,69.0
3585,UC5QCza-qtDmujX_lzIs9SJw,세부부부,0zGhroOj3YU,어느새 이렇게 커버린 딸들의 졸업식,2026-04-13T12:26:13Z,951.0,False,59899,5106.0,142.0
3585,UC5QCza-qtDmujX_lzIs9SJw,세부부부,yHLX8macj4U,이건 정말 말도 안되는 인연입니다... 빌랑빌랑안에 사는 다른 마을사람한테 초대받았습니다,2026-04-14T13:52:17Z,1047.0,False,55739,4175.0,78.0
3585,UC5QCza-qtDmujX_lzIs9SJw,세부부부,buJMtac2J64,"빈지 아저씨 집, 드디어 마지막 천장공사에 들어갑니다",2026-04-15T15:25:12Z,1080.0,False,60641,4476.0,67.0
3585,UC5QCza-qtDmujX_lzIs9SJw,세부부부,iYdSA_37_Mo,누군가는 헛수고라 말하지만..,2026-04-16T13:55:13Z,1113.0,False,59485,4609.0,120.0
3585,UC5QCza-qtDmujX_lzIs9SJw,세부부부,nBTCO8xiCgE,그동안 고생한 직원들과 워크샵을 떠나려는데... 전면 취소위기!?,2026-04-17T16:56:05Z,1310.0,False,54018,4065.0,80.0
3585,UC5QCza-qtDmujX_lzIs9SJw,세부부부,pJQoHhOQePw,천장 1차 마무리 완료!? 꿈에 그리던 카모테스 섬에 내일 드디어 출발!?,2026-04-18T15:14:26Z,911.0,False,50993,3936.0,95.0
3585,UC5QCza-qtDmujX_lzIs9SJw,세부부부,7Y8uwr4Uayc,지금은 아무도 찾지 않는 섬에 가보았습니다… 대반전이었습니다,2026-04-20T11:00:20Z,998.0,False,55117,4147.0,131.0
3585,UC5QCza-qtDmujX_lzIs9SJw,세부부부,2WSfzvhml6U,직원들과 함께 왔는데… 모두 순간 당황했습니다,2026-04-21T14:51:12Z,1402.0,False,59921,4114.0,85.0
3585,UC5QCza-qtDmujX_lzIs9SJw,세부부부,a54IIAqjicA,필리핀 직원들이 극찬한 맛(?)의 정체는!? 해가 지기 시작하자 우리는 다시 길을 나섰습니다,2026-04-22T14:23:58Z,950.0,False,53846,3918.0,53.0
3585,UC5QCza-qtDmujX_lzIs9SJw,세부부부,0eFXRuiIs50,필리핀 밤바다에서 직접 잡은 해산물로 짬뽕 끓여먹었더니... 미쳤습니다..,2026-04-23T15:28:19Z,1358.0,False,64447,4210.0,78.0
3585,UC5QCza-qtDmujX_lzIs9SJw,세부부부,pKQibnHFbiE,어쩌다가 또...,2026-04-25T01:03:07Z,2527.0,False,34445,2189.0,44.0
3585,UC5QCza-qtDmujX_lzIs9SJw,세부부부,j1MwjxgwnnI,그 단어만 나와도.. 반응이 이렇게 뜨겁다고!?,2026-04-28T12:30:33Z,1008.0,False,48398,3840.0,93.0
3585,UC5QCza-qtDmujX_lzIs9SJw,세부부부,kkfanYTkuEs,필리핀 직원에게 바다 앞 무인도 감성으로 살자 했더니…,2026-04-29T13:59:07Z,1670.0,False,46787,3504.0,92.0
3585,UC5QCza-qtDmujX_lzIs9SJw,세부부부,hzl_c6CpRhI,이대로 들이박았으면 끝이었다.. 대체 무슨 일이?,2026-04-30T16:06:32Z,1160.0,False,41570,3363.0,69.0
3585,UC5QCza-qtDmujX_lzIs9SJw,세부부부,Azh7mfQV8uA,고추장삼겹살 파티 이후 이어진 대화에서... 분위기 최고인 이유!?,2026-05-01T12:49:32Z,1088.0,False,39739,3417.0,75.0
3585,UC5QCza-qtDmujX_lzIs9SJw,세부부부,TikHXWkPaxg,"필리핀 사람들이 꼭 가는 그곳, 현지인들이 좋아하는 이유를 알았습니다..",2026-05-02T13:14:40Z,1109.0,False,44652,3419.0,75.0
3585,UC5QCza-qtDmujX_lzIs9SJw,세부부부,TRTpzv_m1A0,가장 쌓기 어려웠던 카페 운영 경험을... 제안을 받았다고!? 첫 시작의 발걸음,2026-05-03T13:07:34Z,918.0,False,47646,3212.0,57.0
3585,UC5QCza-qtDmujX_lzIs9SJw,세부부부,nAconqigbq8,이 결정을 할 수밖에 없었던 이유..,2026-05-05T14:57:07Z,1190.0,False,65742,4445.0,94.0
3585,UC5QCza-qtDmujX_lzIs9SJw,세부부부,qB81XuZSvn8,전복이 무제한 넘치는 필리핀에 작은 섬 들어가려던 밤… 예상 못한 일이 벌어졌습니다,2026-05-06T15:02:12Z,1192.0,False,41620,3215.0,63.0
3585,UC5QCza-qtDmujX_lzIs9SJw,세부부부,u7DNtyARr_U,필리핀 작은 섬에 들어가려는데… 배를 보고 말문이 막혔습니다,2026-05-07T14:03:00Z,1089.0,False,41725,3489.0,79.0
3585,UC5QCza-qtDmujX_lzIs9SJw,세부부부,CGDHTsHVCos,필리핀에 이런 섬이 진짜 있었습니다,2026-05-08T12:26:16Z,1071.0,False,44460,3705.0,79.0
3585,UC5QCza-qtDmujX_lzIs9SJw,세부부부,-EE_jxhGyUQ,약속한 딸을 데리고.. 그녀의 아버지를 만나러 외딴 섬에 갔는데…  (한국 해물탕 끓이기),2026-05-09T14:30:19Z,1623.0,False,59499,4122.0,97.0
3585,UC5QCza-qtDmujX_lzIs9SJw,세부부부,JlNpqPygetI,바베큐 가격을 물어봤을 뿐인데… 몰려든 사람들? 한달 월세 7만 5천원? 보홀 작은 섬에서 뜻밖의 숙소를 찾았습니다,2026-05-10T15:04:52Z,1674.0,False,53682,4063.0,78.0
3585,UC5QCza-qtDmujX_lzIs9SJw,세부부부,uUzK_98D1TA,아내가 샤워중인 늦은 밤에 창문넘어로 안을 쳐다본 사람의 정체는?,2026-05-11T14:30:55Z,1545.0,False,55501,3784.0,136.0
3585,UC5QCza-qtDmujX_lzIs9SJw,세부부부,xhmg-hVrDHg,외딴 섬에서 다시 만난 아저씨… 과연 건강은!?,2026-05-12T15:06:29Z,1265.0,False,43794,3690.0,102.0
3585,UC5QCza-qtDmujX_lzIs9SJw,세부부부,7yMq1YbM2ls,현지인마저 처음 와본 미친 바다에서 맛보는 꽃게라면… 진짜 미쳤습니다,2026-05-13T15:49:34Z,1135.0,False,49060,3947.0,114.0
3585,UC5QCza-qtDmujX_lzIs9SJw,세부부부,E7O746LANJo,이걸 우리 주려고 준비했다고요?’ 오지 섬마을에서 받은 선물…,2026-05-14T13:14:38Z,997.0,False,42146,3352.0,82.0
3585,UC5QCza-qtDmujX_lzIs9SJw,세부부부,ePt1nL1d8-o,섬마을 사람들이 기다리고 기다리던 불닭을 먹였더니… 반응이?,2026-05-15T11:31:32Z,996.0,False,41085,3540.0,93.0
3585,UC5QCza-qtDmujX_lzIs9SJw,세부부부,L-lTQr1EADM,손전등 하나 들고 밤바다로 들어갔더니… 필리핀 섬마을의 진짜 해루질,2026-05-16T14:10:32Z,949.0,False,2987,521.0,27.0
3586,UCyVPvWGcWgJd-np06ASBkLg,홍챠,Oz4tYaKmFHc,10만찍으면 우결 한다구? 얼마안남았다!!,2025-11-08T10:07:32Z,7451.0,False,39344,1673.0,227.0
3586,UCyVPvWGcWgJd-np06ASBkLg,홍챠,it6GiWl7dS4,💗실물 놀이공원 공개 데이트를 손잡고 하라고!? 태초 갈때마다 벌칙이 정해진다! 벌칙 룰렛 타워 2탄!  (with. 꽥)【로블록스 트롤버튼타워】,2025-11-14T07:00:40Z,1511.0,False,369465,8137.0,349.0
3586,UCyVPvWGcWgJd-np06ASBkLg,홍챠,LQdYIkVA4As,로블 유튜버가 다 모인 현실 파티에서 이 별명으로 불려야 한다고!?😂 이름표 붙이기 대결! 【로블록스 트롤버튼타워】,2025-11-22T01:00:28Z,1337.0,False,219164,2262.0,345.0
3586,UCyVPvWGcWgJd-np06ASBkLg,홍챠,tRjqT3ouk0k,우결 할래말래 들어 올래말래 22일주간라이브,2025-11-22T09:14:38Z,4661.0,False,18194,754.0,55.0
3586,UCyVPvWGcWgJd-np06ASBkLg,홍챠,v00A_saQ69c,🐼홍챠 10만 기념 커버곡⚓ Ahoy!! 우리는 팬더해군단☆ Korean cover🌊,2025-11-23T04:00:06Z,116.0,False,174597,3083.0,623.0
3586,UCyVPvWGcWgJd-np06ASBkLg,홍챠,I-zpAChkbuA,누..누..누나라고 불래줄래!?💗(with. 꽥)【로블록스】,2025-11-28T08:00:33Z,1030.0,False,222255,5404.0,433.0
3586,UCyVPvWGcWgJd-np06ASBkLg,홍챠,ilhzzR_-PVk,게임 점수가 몸무게가 되는 세상!? #블록블라스트 #블블딱챌린지,2025-11-28T09:01:20Z,55.0,True,2399238,2300.0,100.0
3586,UCyVPvWGcWgJd-np06ASBkLg,홍챠,O3Y5oI1uuuU,홍챠 꽥 현실에서 놀이공원 갔습니다! 벌칙이니까.. 손잡고..!💗(with. 꽥)【로블록스】,2025-11-29T04:00:28Z,537.0,False,327810,4255.0,716.0
3586,UCyVPvWGcWgJd-np06ASBkLg,홍챠,4nyY7I13t3s,10만 기념 Q&A에서 처음 밝히는 홍챠의 비밀 !? Q&A 1편! (with. 꽥)【로블록스】,2025-12-06T04:30:09Z,1296.0,False,175145,6741.0,555.0
3586,UCyVPvWGcWgJd-np06ASBkLg,홍챠,4IvVB9CGhF0,드디어 고백했습니다💕설렘폭발 10만 Q&A 2편! (with. 꽥)【로블록스】,2025-12-07T07:00:06Z,962.0,False,261045,7497.0,685.0
3586,UCyVPvWGcWgJd-np06ASBkLg,홍챠,hHb6TJmZVQs,공주님이 죽으면 죽는 99밤에서 스피드런 대결! (with. 꽥꽥탐험대) 공주 99밤 살아남기 【로블록스 99나이트인더포레스트】,2025-12-14T06:00:06Z,1933.0,False,672174,4254.0,470.0
3586,UCyVPvWGcWgJd-np06ASBkLg,홍챠,FWQSO6lJqvM,뉴비인 새 멤버를 데리고 99일 동안 고수로 만들어 주기 실패하면 멤버 탈락?! 【로블록스 99나이트인더포레스트】,2025-12-20T03:00:06Z,1335.0,False,357945,2273.0,469.0
3586,UCyVPvWGcWgJd-np06ASBkLg,홍챠,xWDPxGAnIGk,최악의 울보 5명이 99밤 역대급 예쁜 겨울 마을 건축해서 크리스마스 살아남기!【로블록스 99나이트인더포레스트】,2025-12-23T07:30:06Z,1539.0,False,174525,1725.0,351.0
3586,UCyVPvWGcWgJd-np06ASBkLg,홍챠,bQTAt7xD5zY,결국 99밤 사슴이 여기까지 복수하러 오다니.. 사슴이 쫒아오는 무시무시한 타워ㅋㅋㅋ【로블록스 99나이트인더포레스트 타워】,2026-01-01T01:00:51Z,981.0,False,136825,1219.0,143.0
3586,UCyVPvWGcWgJd-np06ASBkLg,홍챠,vRl_h7iMc38,모든 결혼식장이 불타서 99밤에서 200일 동안 직접 지어서 결혼했습니다! (with. 꽥)【로블록스 99나이트인더포레스트】,2026-01-03T01:01:22Z,1277.0,False,380502,3668.0,530.0
3586,UCyVPvWGcWgJd-np06ASBkLg,홍챠,1__yOY_mQbk,신혼여행 갔다가 뗏목에서 99일 갇히면 생기는 일💗 (with. 꽥)【로블록스】,2026-01-09T07:00:02Z,1146.0,False,323726,2257.0,316.0
3586,UCyVPvWGcWgJd-np06ASBkLg,홍챠,c-7vCprULtA,99일 동안 무적기지에서 생존대결하면 생기는 일💥 모닥불 밖에서 제일 먼저 죽는 멤버는?💥【로블록스 99나이트 인더 포레스트】,2026-01-12T06:00:30Z,1298.0,False,212155,1793.0,257.0
3586,UCyVPvWGcWgJd-np06ASBkLg,홍챠,61EBPdrZJNc,99밤에서 간을 아이로 둔갑시켜 숨겨야하는 토끼와 거북이 숨바꼭질!💥【로블록스 99나이트 인더 포레스트】,2026-01-17T06:30:06Z,1590.0,False,235788,2829.0,240.0
3586,UCyVPvWGcWgJd-np06ASBkLg,홍챠,K5m3KJciIEE,"99일동안 비밀친구💗에게 몰래 잘해줘야하는 마니또 게임인데, 두근두근.. 내 마니또는?!💌【로블록스 99나이트 인더 포레스트】",2026-01-24T02:00:10Z,1529.0,False,365135,3743.0,353.0
3586,UCyVPvWGcWgJd-np06ASBkLg,홍챠,z92tjC6rME8,99일동안 닿으면 감염되는 좀비들을 피해 살아남아라!🧟 속고 속이는 대 추격전!💥【로블록스 99나이트 인더 포레스트】,2026-01-31T06:02:41Z,1705.0,False,217367,2690.0,342.0
3586,UCyVPvWGcWgJd-np06ASBkLg,홍챠,oHRgYjxfarI,비정상인 손님들한테 음식주면 안되는 공포의 샌드위치가게 알바.. 근데.. 하나도 안무서워ㅋㅋ💥【로블록스 공포의 샤와르마 키오스크】,2026-02-07T02:00:51Z,1013.0,False,169749,2040.0,279.0
3586,UCyVPvWGcWgJd-np06ASBkLg,홍챠,8fgN4zdKwMo,99일동안 뉴비VS프로VS해커 하드모드 무적기지 건축대결!💥【로블록스 99나이트 인더 포레스트】,2026-02-12T18:30:11Z,1133.0,False,266916,9395.0,524.0
3586,UCyVPvWGcWgJd-np06ASBkLg,홍챠,W7RkQWRYBBU,"공주님이 죽으면 죽는 라이벌에서  이기면 진짜 초콜릿 전달💗..  공주 라이벌 5탄! (with. 꽥, 커플브레이커)【로블록스 라이벌】",2026-02-15T04:30:33Z,1937.0,False,199889,3355.0,386.0
3586,UCyVPvWGcWgJd-np06ASBkLg,홍챠,C4w6fwx4LEU,💝설날특집 홍챠X꽥의 우결 처음부터 몰아보기!!🥰【로블록스】,2026-02-17T03:39:55Z,9166.0,False,110972,1853.0,177.0
3586,UCyVPvWGcWgJd-np06ASBkLg,홍챠,RuUvXSjPm-o,설날마지막날 오랜만에 라이브!,2026-02-18T10:04:52Z,5731.0,False,21402,736.0,106.0
3586,UCyVPvWGcWgJd-np06ASBkLg,홍챠,a2-Z4oJ5Weg,결국 이렇게 된다고?!💔 멤버들의 숨겨진 모습들.. 공개합니다😮【로블록스】,2026-02-20T07:00:01Z,704.0,False,137255,1651.0,261.0
3586,UCyVPvWGcWgJd-np06ASBkLg,홍챠,9wbZ7Mg0bKk,99일동안 랜덤 꽃밭 만들기!💐근데 이 중에 독이 들어있는 꽃이 있다고..?🌹【로블록스 99나이트 인더 포레스트】,2026-02-27T07:23:57Z,1196.0,False,118978,1463.0,237.0
3586,UCyVPvWGcWgJd-np06ASBkLg,홍챠,QRQKS0jsQ9M,꽥꽥탐험대 현실 만남 따라가서 꽥과 실버버튼 개봉했습니다💕【브이로그】,2026-03-06T07:01:00Z,481.0,False,166923,2515.0,315.0
3586,UCyVPvWGcWgJd-np06ASBkLg,홍챠,qBa9Z19UCVQ,99일 새로운 실종자는 유치원을 탈출한 아기들!?🍼 99일안에 찾아야 해!!【로블록스 99나이트 인더 포레스트】,2026-03-07T02:01:08Z,1487.0,False,191933,2015.0,298.0
3586,UCyVPvWGcWgJd-np06ASBkLg,홍챠,Bcb5RJxlOpM,🌴(핵꿀잼보장ㅋㅋ)99일안에 정글 속 보물을 갖기위해 비밀의 보물을 맞춰라!【로블록스 99나이트 인더 포레스트】,2026-03-14T02:00:20Z,1434.0,False,146038,3662.0,233.0
3586,UCyVPvWGcWgJd-np06ASBkLg,홍챠,6sLmymy8xcc,녹아웃 천재적인 플레이  #로블록스 #게임 #roblox,2026-03-15T01:00:06Z,41.0,True,228540,3752.0,83.0
3586,UCyVPvWGcWgJd-np06ASBkLg,홍챠,tJCCmpyGG-c,⚠️제발 보지마⚠️! 애교💕 영상 흑역사를 공개당하는 녹아웃대결 1탄ㅋㅋ【로블록스 녹 아웃!】,2026-03-20T08:01:03Z,990.0,False,141136,3130.0,320.0
3586,UCyVPvWGcWgJd-np06ASBkLg,홍챠,J8DP8Juzg-Y,⚠️시청 금지⚠️애교 흑역사를 새로 쓴 레전드 녹아웃 대결 2탄ㅋㅋ【로블록스 녹 아웃!】,2026-03-22T02:00:20Z,765.0,False,108012,2154.0,305.0
3586,UCyVPvWGcWgJd-np06ASBkLg,홍챠,wzGV-SGQ63g,이제 드리미를 탈퇴한 슈아!?💔 안돼 가지마!!😭【로블록스 99나이트 인더 포레스트】,2026-03-27T07:30:00Z,1368.0,False,126009,2246.0,333.0
3586,UCyVPvWGcWgJd-np06ASBkLg,홍챠,phJQ62Lr8RM,드디어 생긴 홍챠 꽥의 신혼집..💗 소개합니다! [두근두근 타운],2026-03-28T02:00:00Z,919.0,False,82843,2446.0,229.0
3586,UCyVPvWGcWgJd-np06ASBkLg,홍챠,N_ID_y2lwGE,데이트룩을 골라줘!!  #두근두근타운  #홍챠,2026-03-30T07:00:00Z,34.0,True,485017,5778.0,169.0
3586,UCyVPvWGcWgJd-np06ASBkLg,홍챠,2kkHyJY3XTU,🍀운으로 실력을 이길 수 있을까? 밟으면 부셔지는 발판에서 끝까지 살아남을 운빨(?) 최강멤버는!?【로블록스 라이벌】,2026-04-04T02:00:02Z,1091.0,False,38538,781.0,111.0
3586,UCyVPvWGcWgJd-np06ASBkLg,홍챠,YjvKh-7PQ5E,밤의 물결이라는 게임 처음 해보기..(혼자하기 무서워서 킴),2026-04-04T10:11:28Z,,False,0,2.0,0.0
3586,UCyVPvWGcWgJd-np06ASBkLg,홍챠,HkkP-hUNLkk,밤의 물결이라는 게임 처음 해보기..(혼자하기 무서워서 킴),2026-04-04T22:29:32Z,5499.0,False,7554,268.0,47.0
3586,UCyVPvWGcWgJd-np06ASBkLg,홍챠,WR3sW4Q3Wvg,99밤에서 아무도 모르는 비밀 공간 발견!? 달걀찾기 스피드런 중 이게 뭔일이야!?【로블록스 99나이트 인더 포레스트】,2026-04-10T08:00:30Z,1185.0,False,90048,1336.0,164.0
3586,UCyVPvWGcWgJd-np06ASBkLg,홍챠,c2Rg2ySQr6s,⚠️소름 끼치는 싸이코패스 테스트⚠️충격적인 테스트 결과가? 드리미는 싸이코 일까?【로블록스】,2026-04-17T08:00:42Z,1050.0,False,148432,1842.0,619.0
3586,UCyVPvWGcWgJd-np06ASBkLg,홍챠,Ts-bktvBzv0,스피드런 세계1등 달성!?💥 하루마다 사람이 바뀌는 이어달리기 스피드런!!🕒 【로블록스 99나이트 인더 포레스트】,2026-04-18T02:00:21Z,996.0,False,43701,627.0,109.0
3586,UCyVPvWGcWgJd-np06ASBkLg,홍챠,GU5Knf-BQT8,홍챠랑 꽥이랑 알콩달콩 일요일 라이브!,2026-04-19T09:11:31Z,4617.0,False,11971,557.0,77.0
3586,UCyVPvWGcWgJd-np06ASBkLg,홍챠,ThLzZWMA56w,천재가 데이트를 한다면?  #로블록스 #게임 #roblox,2026-04-20T08:00:24Z,34.0,True,314911,8206.0,76.0
3586,UCyVPvWGcWgJd-np06ASBkLg,홍챠,_ui_V245GPQ,천재가 데이트를 한다면?2  #로블록스 #게임 #roblox,2026-04-23T06:29:55Z,43.0,True,335760,10007.0,106.0
3586,UCyVPvWGcWgJd-np06ASBkLg,홍챠,PaqdX_ObiTs,셋중에 누구를 데려가고싶나요!?  #루미마스터,2026-04-24T07:53:04Z,42.0,True,24515,543.0,45.0
3586,UCyVPvWGcWgJd-np06ASBkLg,홍챠,cmdX380Jz40,(💕설렘주의) 리더 홍챠가 99일동안 막내로 살기? ㅋㅋㅋ【로블록스 99나이트 인더 포레스트】,2026-04-25T03:00:40Z,1370.0,False,137209,4319.0,268.0
3586,UCyVPvWGcWgJd-np06ASBkLg,홍챠,4F6LJYhNcOA,"안녕, 드림히어로즈의 열정 히어로 용과맨!【로블록스】",2026-05-02T02:00:04Z,1668.0,False,190354,5334.0,1213.0
3586,UCyVPvWGcWgJd-np06ASBkLg,홍챠,ZOr9YtYe_aw,💘여심저격 새멤버 햇살 남캐 니우 등장! 🦢 너무 밝아서 눈부셔!!【로블록스】,2026-05-09T02:00:35Z,1093.0,False,92298,1855.0,451.0
3586,UCyVPvWGcWgJd-np06ASBkLg,홍챠,I9TzQT61EfU,할머니 집에  💗남친 꽥을 소개시켜주러 갔는데 악마에 홀려서 미친 할머니!?👵【로블록스 】,2026-05-15T07:00:29Z,1109.0,False,54004,2630.0,218.0
3587,UCtup7usUjs_RshOX5LniH-g,Cosmograph,F7F1r86-sn4,We're Never Giving Up [A.N.M.I.]  [GODDESS OF VICTORY: NIKKE OST],2026-03-20T03:00:06Z,207.0,False,96186,3255.0,209.0
3587,UCtup7usUjs_RshOX5LniH-g,Cosmograph,ewDUIoR1EvE,2X2 LOVE : And Slowly Become | GODDESS OF VICTORY: NIKKE OST,2026-03-26T15:02:59Z,151.0,False,29514,951.0,26.0
3587,UCtup7usUjs_RshOX5LniH-g,Cosmograph,CtqayVx3yTI,2X2 LOVE : Between the lines of us | GODDESS OF VICTORY: NIKKE OST,2026-03-26T15:14:14Z,127.0,False,33497,1160.0,50.0
3587,UCtup7usUjs_RshOX5LniH-g,Cosmograph,rZ3j3nm3Gos,APRIL FOOLS 2026 : MEKAMI SHIFTY | GODDESS OF VICTORY: NIKKE OST,2026-04-01T02:00:45Z,117.0,False,45851,2284.0,159.0
3587,UCtup7usUjs_RshOX5LniH-g,Cosmograph,BuTj52NNFEg,2X2 LOVE : Arcane Bloom | GODDESS OF VICTORY: NIKKE OST,2026-04-02T03:06:06Z,186.0,False,58105,2356.0,158.0
3587,UCtup7usUjs_RshOX5LniH-g,Cosmograph,8mdI-4cdWus,2X2 LOVE : Floral Firework | GODDESS OF VICTORY: NIKKE OST,2026-04-04T12:27:59Z,156.0,False,37145,1490.0,109.0
3587,UCtup7usUjs_RshOX5LniH-g,Cosmograph,W97QXkf6zeI,2X2 LOVE : After all the waiting | GODDESS OF VICTORY: NIKKE OST,2026-04-05T15:00:48Z,151.0,False,50632,2186.0,296.0
3587,UCtup7usUjs_RshOX5LniH-g,Cosmograph,JeJa-YwzelE,GOOD WORLD | GODDESS OF VICTORY: NIKKE OST,2026-04-09T06:13:23Z,212.0,False,94372,3371.0,174.0
3587,UCtup7usUjs_RshOX5LniH-g,Cosmograph,8Rjtcc9tphs,[true]entertainment | GODDESS OF VICTORY: NIKKE OST,2026-04-09T14:31:02Z,172.0,False,913902,16485.0,2263.0
3587,UCtup7usUjs_RshOX5LniH-g,Cosmograph,Gzoftos25Uo,Pretty STAR (Pretty for you) | GODDESS OF VICTORY: NIKKE OST,2026-04-11T03:00:21Z,192.0,False,280188,9252.0,734.0
3587,UCtup7usUjs_RshOX5LniH-g,Cosmograph,JAZxyk2AEpc,T.T. STAR Teaser : Luminous | GODDESS OF VICTORY: NIKKE OST,2026-04-18T07:01:35Z,26.0,True,37585,1751.0,80.0
3587,UCtup7usUjs_RshOX5LniH-g,Cosmograph,mo6Hnw5pt7Q,T.T. STAR - Accelerate | GODDESS OF VICTORY: NIKKE OST,2026-04-22T12:58:06Z,178.0,False,182293,4760.0,162.0
3587,UCtup7usUjs_RshOX5LniH-g,Cosmograph,zzFeiE5rtq0,T.T. STAR - Clickbait | GODDESS OF VICTORY: NIKKE OST,2026-04-22T13:58:06Z,157.0,False,170015,4780.0,189.0
3587,UCtup7usUjs_RshOX5LniH-g,Cosmograph,AGk9jq8x2FE,T.T. STAR - All Eyes On Me | GODDESS OF VICTORY: NIKKE OST,2026-04-22T14:44:11Z,173.0,False,128560,4280.0,174.0
3587,UCtup7usUjs_RshOX5LniH-g,Cosmograph,v0PDL2RKaYE,[MV] T.T. STAR - Be My Star | GODDESS OF VICTORY: NIKKE OST,2026-04-22T16:26:01Z,175.0,False,563263,14042.0,510.0
3587,UCtup7usUjs_RshOX5LniH-g,Cosmograph,YVJT71NXzC0,[STAGE] T.T. STAR - All Eyes On Me | GODDESS OF VICTORY: NIKKE OST,2026-04-22T23:00:38Z,185.0,False,518039,14835.0,616.0
3587,UCtup7usUjs_RshOX5LniH-g,Cosmograph,sp7_tcOeJdU,Chapter 45 : Retribution | GODDESS OF VICTORY: NIKKE OST,2026-04-25T01:52:38Z,485.0,False,43163,1711.0,95.0
3587,UCtup7usUjs_RshOX5LniH-g,Cosmograph,x1ML3QoDv_g,Chapter 46 : NEO GENESIS | GODDESS OF VICTORY: NIKKE OST,2026-04-25T04:11:17Z,485.0,False,46955,1810.0,138.0
3587,UCtup7usUjs_RshOX5LniH-g,Cosmograph,eK08cygnwkA,At Last : Asymmetry | GODDESS OF VICTORY: NIKKE OST,2026-04-26T04:02:10Z,126.0,False,25998,837.0,75.0
3587,UCtup7usUjs_RshOX5LniH-g,Cosmograph,a7rZHA3sK4g,At Last : Salvation | GODDESS OF VICTORY: NIKKE OST,2026-04-26T05:00:01Z,146.0,False,21572,626.0,34.0
3587,UCtup7usUjs_RshOX5LniH-g,Cosmograph,5K7Fh-7zVvM,At Last : Four Beasts | GODDESS OF VICTORY: NIKKE OST,2026-04-26T06:00:04Z,240.0,False,22499,790.0,62.0
3587,UCtup7usUjs_RshOX5LniH-g,Cosmograph,1oj_HKT1PqI,At Last : Red Eyes | GODDESS OF VICTORY: NIKKE OST,2026-04-26T09:00:04Z,255.0,False,27250,854.0,154.0
3587,UCtup7usUjs_RshOX5LniH-g,Cosmograph,poFLlBK9f8Q,At Last : For Ark | GODDESS OF VICTORY: NIKKE OST,2026-04-26T10:01:11Z,260.0,False,42506,1370.0,287.0
3587,UCtup7usUjs_RshOX5LniH-g,Cosmograph,bHffnVzKnyU,At Last : Faith | GODDESS OF VICTORY: NIKKE OST,2026-04-27T14:00:56Z,126.0,False,50030,2077.0,204.0
3587,UCtup7usUjs_RshOX5LniH-g,Cosmograph,BiIC-PIUMn4,At Last : Time-stained Pages | GODDESS OF VICTORY: NIKKE OST,2026-04-27T15:00:18Z,101.0,False,25023,1446.0,197.0
3587,UCtup7usUjs_RshOX5LniH-g,Cosmograph,AjpKWAZxCVs,At Last : Marigold | GODDESS OF VICTORY: NIKKE OST,2026-04-28T14:09:10Z,137.0,False,49738,1739.0,164.0
3587,UCtup7usUjs_RshOX5LniH-g,Cosmograph,gEoSdjm7e9E,At last : EGOVISTA | GODDESS OF VICTORY: NIKKE OST,2026-04-28T15:59:32Z,189.0,False,125453,3630.0,266.0
3587,UCtup7usUjs_RshOX5LniH-g,Cosmograph,khEz-rS5qf8,NIKKE Rhythm Game : Tracing The Stars Game PLAY,2026-04-29T14:35:55Z,33.0,True,108544,3189.0,171.0
3587,UCtup7usUjs_RshOX5LniH-g,Cosmograph,vBlPdGjA6eA,TRUE FIREPOWER | GODDESS OF VICTORY: NIKKE OST,2026-04-30T13:54:42Z,232.0,False,287746,11944.0,940.0
3587,UCtup7usUjs_RshOX5LniH-g,Cosmograph,ZbEkj5fPnyM,STAR ANIS : Twinkle Tri Star | GODDESS OF VICTORY: NIKKE OST,2026-04-30T15:01:08Z,232.0,False,21109,806.0,26.0
3587,UCtup7usUjs_RshOX5LniH-g,Cosmograph,Bc70LDJ2hRg,"STAR ANIS : Dreams, and The Stage | GODDESS OF VICTORY: NIKKE OST",2026-04-30T15:30:12Z,253.0,False,12459,472.0,18.0
3587,UCtup7usUjs_RshOX5LniH-g,Cosmograph,ZjYB5ub2uTs,STAR ANIS : Slow Drive | GODDESS OF VICTORY: NIKKE OST,2026-04-30T16:01:03Z,258.0,False,12736,468.0,12.0
3587,UCtup7usUjs_RshOX5LniH-g,Cosmograph,SyHzQcxHouw,STAR ANIS : A Moment | GODDESS OF VICTORY: NIKKE OST,2026-04-30T16:30:13Z,227.0,False,9829,346.0,6.0
3587,UCtup7usUjs_RshOX5LniH-g,Cosmograph,VX1wgXpj_6k,STAR ANIS : The TEAM | GODDESS OF VICTORY: NIKKE OST,2026-04-30T17:00:48Z,132.0,False,13553,500.0,21.0
3587,UCtup7usUjs_RshOX5LniH-g,Cosmograph,XDR4ptF2n0g,STAR ANIS : Shoot for the stars | GODDESS OF VICTORY: NIKKE OST,2026-04-30T17:30:08Z,245.0,False,14612,433.0,20.0
3587,UCtup7usUjs_RshOX5LniH-g,Cosmograph,-fDxkf8oetI,STAR ANIS : SmileBOX | GODDESS OF VICTORY: NIKKE OST,2026-05-01T13:12:51Z,149.0,False,37396,1210.0,269.0
3587,UCtup7usUjs_RshOX5LniH-g,Cosmograph,FtNwK1Tjd_w,STAR ANIS : YOYO | GODDESS OF VICTORY: NIKKE OST,2026-05-01T13:30:16Z,271.0,False,18308,655.0,195.0
3587,UCtup7usUjs_RshOX5LniH-g,Cosmograph,EARDJbteGrI,STAR ANIS : We could be | GODDESS OF VICTORY: NIKKE OST,2026-05-01T14:00:32Z,212.0,False,52442,2017.0,134.0
3587,UCtup7usUjs_RshOX5LniH-g,Cosmograph,2vB9Kvq7L8s,STAR ANIS : BIGBANG Sparkling Water | GODDESS OF VICTORY: NIKKE OST,2026-05-01T15:00:07Z,191.0,False,10784,417.0,18.0
3587,UCtup7usUjs_RshOX5LniH-g,Cosmograph,Av0a-i-zOMw,STAR ANIS : Plastic Star | GODDESS OF VICTORY: NIKKE OST,2026-05-01T23:00:10Z,114.0,False,8120,385.0,28.0
3587,UCtup7usUjs_RshOX5LniH-g,Cosmograph,i2T6gcUEs7s,STAR ANIS : Breath | GODDESS OF VICTORY: NIKKE OST,2026-05-02T01:00:46Z,191.0,False,8717,252.0,4.0
3587,UCtup7usUjs_RshOX5LniH-g,Cosmograph,6yHTOh5SIrQ,STAR ANIS : Ark News | GODDESS OF VICTORY: NIKKE OST,2026-05-02T03:00:10Z,97.0,False,9104,316.0,42.0
3587,UCtup7usUjs_RshOX5LniH-g,Cosmograph,HfvLyT4mmhQ,STAR ANIS : discolored dream | GODDESS OF VICTORY: NIKKE OST,2026-05-02T03:00:16Z,128.0,False,16653,329.0,12.0
3587,UCtup7usUjs_RshOX5LniH-g,Cosmograph,c3jsfxUfuI4,STAR ANIS : Undercurrent | GODDESS OF VICTORY: NIKKE OST,2026-05-02T05:00:37Z,190.0,False,20732,601.0,52.0
3587,UCtup7usUjs_RshOX5LniH-g,Cosmograph,NcNL3y_ogxw,STAR ANIS : Hanson | GODDESS OF VICTORY: NIKKE OST,2026-05-02T07:00:32Z,62.0,False,11615,495.0,58.0
3587,UCtup7usUjs_RshOX5LniH-g,Cosmograph,NlLHYL4UsPg,STAR ANIS : The Star of the Ark | GODDESS OF VICTORY: NIKKE OST,2026-05-02T11:00:39Z,148.0,False,25521,690.0,79.0
3587,UCtup7usUjs_RshOX5LniH-g,Cosmograph,DYE66Iw5x18,[STAGE] T.T. STAR - Be My Star | GODDESS OF VICTORY: NIKKE OST,2026-05-04T03:28:21Z,186.0,False,90630,4590.0,263.0
3587,UCtup7usUjs_RshOX5LniH-g,Cosmograph,scqGvBOVT00,Tracing The Stars : Title | GODDESS OF VICTORY: NIKKE OST,2026-05-15T14:58:50Z,245.0,False,8251,756.0,51.0
3587,UCtup7usUjs_RshOX5LniH-g,Cosmograph,0A6emDJ6pSA,Tracing The Stars : Result - Polishing the Act | GODDESS OF VICTORY: NIKKE OST,2026-05-15T15:00:01Z,119.0,False,2641,291.0,10.0
3587,UCtup7usUjs_RshOX5LniH-g,Cosmograph,1gP83FdLLv0,Tracing The Stars : Shop - The Track Shop | GODDESS OF VICTORY: NIKKE OST,2026-05-15T15:15:00Z,237.0,False,5200,395.0,36.0
3588,UCBA507xaqTS91uY7CPI-ADQ,Lyrics4U,rqqx9zdUlQQ,Daryl Hall & John Oates - Maneater (Lyrics),2026-02-09T11:30:45Z,272.0,False,1074,16.0,0.0
3588,UCBA507xaqTS91uY7CPI-ADQ,Lyrics4U,z_If9hLr2iI,Looking Glass - Brandy (You're a Fine Girl) (Lyrics),2026-02-11T11:31:00Z,189.0,False,682,9.0,0.0
3588,UCBA507xaqTS91uY7CPI-ADQ,Lyrics4U,j9sTdWANZRs,"Kendrick Lamar, SZA - All The Stars (Lyrics)",2026-02-13T11:30:41Z,232.0,False,11016,34.0,0.0
3588,UCBA507xaqTS91uY7CPI-ADQ,Lyrics4U,f0XTWJYzXjw,sombr - undressed (Lyrics),2026-02-15T11:30:29Z,182.0,False,1631,15.0,0.0
3588,UCBA507xaqTS91uY7CPI-ADQ,Lyrics4U,xYB87NwsX9g,Daryl Hall & John Oates - You Make My Dreams (Come True) (Lyrics),2026-02-17T11:30:56Z,188.0,False,2053,27.0,1.0
3588,UCBA507xaqTS91uY7CPI-ADQ,Lyrics4U,8OpjI09Zetg,Men At Work - Who Can It Be Now? (Lyrics),2026-02-19T11:30:06Z,201.0,False,447,7.0,0.0
3588,UCBA507xaqTS91uY7CPI-ADQ,Lyrics4U,wVRSMZhrI7I,Howie Day - Collide (Lyrics),2026-02-21T11:30:49Z,249.0,False,40153,44.0,2.0
3588,UCBA507xaqTS91uY7CPI-ADQ,Lyrics4U,kWnlmDfBCZw,Air Supply - Two Less Lonely People In the World (Lyrics),2026-02-23T11:30:45Z,242.0,False,1131,9.0,0.0
3588,UCBA507xaqTS91uY7CPI-ADQ,Lyrics4U,t_4dR_XhFCk,Adele - Easy On Me (Lyrics),2026-02-25T11:30:51Z,225.0,False,198893,346.0,4.0
3588,UCBA507xaqTS91uY7CPI-ADQ,Lyrics4U,H4Jjk23X9Ak,Linkin Park - Faint (Lyrics),2026-02-27T11:30:13Z,162.0,False,600,7.0,0.0
3588,UCBA507xaqTS91uY7CPI-ADQ,Lyrics4U,D6Cd0arViig,Ed Sheeran - Shape Of You (Lyrics),2026-03-01T11:30:09Z,234.0,False,470323,1660.0,23.0
3588,UCBA507xaqTS91uY7CPI-ADQ,Lyrics4U,UlXTs9lyVjQ,Christina Perri - a thousand years (Lyrics),2026-03-03T11:30:24Z,285.0,False,152441,607.0,14.0
3588,UCBA507xaqTS91uY7CPI-ADQ,Lyrics4U,iduhKlK74l4,Linkin Park - The Emptiness Machine (Lyrics),2026-03-05T11:30:40Z,191.0,False,882,11.0,1.0
3588,UCBA507xaqTS91uY7CPI-ADQ,Lyrics4U,ulsinHDBssA,"Benny Blanco, Halsey, Khalid - Eastside (Lyrics)",2026-03-07T11:31:00Z,171.0,False,113378,545.0,9.0
3588,UCBA507xaqTS91uY7CPI-ADQ,Lyrics4U,a88YJV-C7ic,Dua Lipa - Don't Start Now (Lyrics),2026-03-09T11:30:00Z,185.0,False,10661,50.0,1.0
3588,UCBA507xaqTS91uY7CPI-ADQ,Lyrics4U,5z0yXcuiOsc,"Myles Smith, Niall Horan - Drive Safe (Lyrics)",2026-03-11T11:30:05Z,204.0,False,948,15.0,0.0
3588,UCBA507xaqTS91uY7CPI-ADQ,Lyrics4U,fl6F7hItkEs,Boney M - Rasputin (Lyrics),2026-03-13T11:30:40Z,221.0,False,2532,26.0,1.0
3588,UCBA507xaqTS91uY7CPI-ADQ,Lyrics4U,BXdURZTff58,John Mayer - I Guess I Just Feel Like (Lyrics),2026-03-15T11:30:07Z,287.0,False,315,5.0,0.0
3588,UCBA507xaqTS91uY7CPI-ADQ,Lyrics4U,x9xTsWolkEE,Bad English - When I See You Smile (Lyrics),2026-03-17T11:30:51Z,258.0,False,1327,9.0,0.0
3588,UCBA507xaqTS91uY7CPI-ADQ,Lyrics4U,kOe6bAGL0RY,LANY - When Did You Stop Loving Me? (Lyrics),2026-03-19T11:30:45Z,231.0,False,1570,8.0,1.0
3588,UCBA507xaqTS91uY7CPI-ADQ,Lyrics4U,dXfjjUooN6Y,The Script - Breakeven (Lyrics),2026-03-21T11:30:36Z,262.0,False,296995,309.0,6.0
3588,UCBA507xaqTS91uY7CPI-ADQ,Lyrics4U,WGs5uCgk5TE,Cults - Always Forever (Lyrics),2026-03-23T11:30:33Z,224.0,False,265,4.0,0.0
3588,UCBA507xaqTS91uY7CPI-ADQ,Lyrics4U,z-4AlwbACqg,Kris Kristofferson - Sunday Mornin' Comin' Down (Lyrics),2026-03-25T11:30:53Z,270.0,False,375,9.0,1.0
3588,UCBA507xaqTS91uY7CPI-ADQ,Lyrics4U,mTBxR217Wzk,"Tame Impala, JENNIE - Dracula (JENNIE Remix) (Lyrics)",2026-03-26T13:05:59Z,209.0,False,4490,30.0,0.0
3588,UCBA507xaqTS91uY7CPI-ADQ,Lyrics4U,KHtOmYprpkg,The Stone Roses - I Wanna Be Adored (Lyrics),2026-03-28T11:30:22Z,293.0,False,343,7.0,0.0
3588,UCBA507xaqTS91uY7CPI-ADQ,Lyrics4U,I3ER-_DNxrY,Slowdive - When the Sun Hits (Lyrics),2026-03-30T11:30:10Z,286.0,False,21746,241.0,6.0
3588,UCBA507xaqTS91uY7CPI-ADQ,Lyrics4U,W37MSd7lfeg,MGMT - Kids (Lyrics),2026-04-01T11:30:30Z,303.0,False,345,6.0,0.0
3588,UCBA507xaqTS91uY7CPI-ADQ,Lyrics4U,PHvRlITXUgY,Dolly Parton - I Will Always Love You (Lyrics),2026-04-03T11:30:28Z,178.0,False,494,6.0,0.0
3588,UCBA507xaqTS91uY7CPI-ADQ,Lyrics4U,FXav6pAaK48,MGMT - Little Dark Age (Lyrics),2026-04-05T11:30:19Z,300.0,False,1687,10.0,0.0
3588,UCBA507xaqTS91uY7CPI-ADQ,Lyrics4U,rHc3jJhmMPc,Alicia Keys - No One (Lyrics),2026-04-07T11:30:57Z,255.0,False,366617,472.0,2.0
3588,UCBA507xaqTS91uY7CPI-ADQ,Lyrics4U,k-y7nHv0gK8,TLC - No Scrubs (Lyrics),2026-04-09T11:30:44Z,218.0,False,3053,20.0,0.0
3588,UCBA507xaqTS91uY7CPI-ADQ,Lyrics4U,Mj8YU09Rimw,Journey - Separate Ways (Worlds Apart) (Lyrics),2026-04-11T11:30:14Z,326.0,False,455,10.0,0.0
3588,UCBA507xaqTS91uY7CPI-ADQ,Lyrics4U,BrWRpT-6xTY,Sia - Elastic Heart (Lyrics),2026-04-13T11:30:08Z,257.0,False,58073,380.0,5.0
3588,UCBA507xaqTS91uY7CPI-ADQ,Lyrics4U,gMibKw0rrXw,The Strokes - Going Shopping (Lyrics),2026-04-15T11:30:28Z,261.0,False,874,12.0,2.0
3588,UCBA507xaqTS91uY7CPI-ADQ,Lyrics4U,QbGEUBoXmdU,"Shakira, Rihanna - Can't Remember To Forget You (Lyrics)",2026-04-17T11:30:21Z,207.0,False,91111,275.0,2.0
3588,UCBA507xaqTS91uY7CPI-ADQ,Lyrics4U,LoflFwAnk_Q,"Tyla, Zara Larsson - SHE DID IT AGAIN (Lyrics)",2026-04-18T11:30:31Z,213.0,False,3387,28.0,0.0
3588,UCBA507xaqTS91uY7CPI-ADQ,Lyrics4U,I_ptObJt3xI,"USHER, Pitbull - DJ Got Us Fallin' In Love (Lyrics)",2026-04-20T11:30:26Z,222.0,False,686781,1619.0,18.0
3588,UCBA507xaqTS91uY7CPI-ADQ,Lyrics4U,ybHKfOjzqm8,Destiny's Child - Brown Eyes (Lyrics),2026-04-22T11:30:47Z,273.0,False,599286,440.0,11.0
3588,UCBA507xaqTS91uY7CPI-ADQ,Lyrics4U,SLQInZbAFm0,Whitney Houston - Saving All My Love for You (Lyrics),2026-04-24T11:30:32Z,236.0,False,40956,94.0,1.0
3588,UCBA507xaqTS91uY7CPI-ADQ,Lyrics4U,yPkdB6jHvP0,"French Montana, Swae Lee - Unforgettable (Lyrics)",2026-04-26T11:30:49Z,233.0,False,934,11.0,0.0
3588,UCBA507xaqTS91uY7CPI-ADQ,Lyrics4U,g0I9s00P0YQ,Westlife - You Raise Me Up (Lyrics),2026-04-28T11:30:28Z,241.0,False,550,7.0,0.0
3588,UCBA507xaqTS91uY7CPI-ADQ,Lyrics4U,XJBirgyv-zI,Dylan Wright - THOSE NIGHTS (Lyrics),2026-04-30T11:30:24Z,199.0,False,295,7.0,0.0
3588,UCBA507xaqTS91uY7CPI-ADQ,Lyrics4U,Oq-buL8v0fQ,MAREA - homemade dynamite (Lyrics),2026-05-02T11:30:31Z,199.0,False,712,6.0,1.0
3588,UCBA507xaqTS91uY7CPI-ADQ,Lyrics4U,39wz3zQxN68,Tame Impala - Dracula (Lyrics),2026-05-04T11:30:05Z,205.0,False,136775,525.0,5.0
3588,UCBA507xaqTS91uY7CPI-ADQ,Lyrics4U,hXCovaowxbI,Alice In Chains - Nutshell (Lyrics),2026-05-06T11:30:38Z,259.0,False,160,3.0,0.0
3588,UCBA507xaqTS91uY7CPI-ADQ,Lyrics4U,s6sIBWf5Utc,Isabel LaRosa - Her Face (Lyrics),2026-05-08T11:30:45Z,207.0,False,1619,33.0,0.0
3588,UCBA507xaqTS91uY7CPI-ADQ,Lyrics4U,3FSlUtoMSPk,MGMT - Electric Feel (Lyrics),2026-05-10T11:30:04Z,229.0,False,202,7.0,0.0
3588,UCBA507xaqTS91uY7CPI-ADQ,Lyrics4U,DrkBv9rrwn8,Billy Joel - Uptown Girl (Lyrics),2026-05-12T11:30:12Z,194.0,False,246,6.0,0.0
3588,UCBA507xaqTS91uY7CPI-ADQ,Lyrics4U,2a-HASAhQP0,"Roy Orbison - Oh, Pretty Woman (Lyrics)",2026-05-14T11:30:02Z,177.0,False,219,9.0,2.0
3588,UCBA507xaqTS91uY7CPI-ADQ,Lyrics4U,GWxFT1himRA,Dolly Parton - Jolene (Lyrics),2026-05-16T11:30:09Z,159.0,False,16,3.0,0.0
3589,UCoIwoSNTYm59VQ8ynGKrfcg,네이처리퍼블릭 (NATURE REPUBLIC),VJu9ti0GIM0,그린더마 진정 듀오로 급뾰급진!,2024-06-14T02:00:11Z,17.0,True,101,3.0,0.0
3589,UCoIwoSNTYm59VQ8ynGKrfcg,네이처리퍼블릭 (NATURE REPUBLIC),p7XQuueT4PU,명동에서 꼭 가야할 곳 TOP5,2024-06-18T02:00:16Z,34.0,True,3467,21.0,0.0
3589,UCoIwoSNTYm59VQ8ynGKrfcg,네이처리퍼블릭 (NATURE REPUBLIC),eanzRXh24HQ,캘리포니아 알로에 선크림 야외 필수템!,2024-06-25T02:00:28Z,21.0,True,351,10.0,1.0
3589,UCoIwoSNTYm59VQ8ynGKrfcg,네이처리퍼블릭 (NATURE REPUBLIC),8TGuIanXuxI,코코넛 라떼 코코넛 마스크,2024-06-28T02:00:03Z,29.0,True,74,3.0,0.0
3589,UCoIwoSNTYm59VQ8ynGKrfcg,네이처리퍼블릭 (NATURE REPUBLIC),rHF1dmTMHOI,고르게 분사! 알로에수딩젤미스트,2024-07-03T00:18:29Z,27.0,True,891,6.0,1.0
3589,UCoIwoSNTYm59VQ8ynGKrfcg,네이처리퍼블릭 (NATURE REPUBLIC),Q9UMIYN98wE,글레이즈립 허니멜팅립!,2024-07-08T02:00:08Z,18.0,True,666,4.0,0.0
3589,UCoIwoSNTYm59VQ8ynGKrfcg,네이처리퍼블릭 (NATURE REPUBLIC),r1pI8jkmRZo,진생로얄워터리크림 몽드셀렉션 9년 연속 수상,2024-07-12T01:36:10Z,27.0,True,676,7.0,0.0
3589,UCoIwoSNTYm59VQ8ynGKrfcg,네이처리퍼블릭 (NATURE REPUBLIC),Xvy1HZ2QuyI,핫걸 메이크업 튜토리얼 feat. 데일리 베이직 팔레트,2024-07-15T02:00:24Z,20.0,True,379,7.0,0.0
3589,UCoIwoSNTYm59VQ8ynGKrfcg,네이처리퍼블릭 (NATURE REPUBLIC),o8uMza9UVAg,에코크레용립루즈 OOTD!,2024-07-19T02:00:19Z,23.0,True,574,1.0,0.0
3589,UCoIwoSNTYm59VQ8ynGKrfcg,네이처리퍼블릭 (NATURE REPUBLIC),NzllKBa7j_M,잠실 월드타워에서 데이트하자!💗,2024-07-22T02:00:08Z,42.0,True,547,5.0,0.0
3589,UCoIwoSNTYm59VQ8ynGKrfcg,네이처리퍼블릭 (NATURE REPUBLIC),dO8z7zG3rmE,K-뷰티 마케터의 비타민 PICK💊✨,2024-07-26T02:00:16Z,42.0,True,124,1.0,0.0
3589,UCoIwoSNTYm59VQ8ynGKrfcg,네이처리퍼블릭 (NATURE REPUBLIC),01K14q3sGbg,푸석해진 미미의 머릿결을 구해줘!,2024-07-29T00:13:33Z,33.0,True,121,1.0,0.0
3589,UCoIwoSNTYm59VQ8ynGKrfcg,네이처리퍼블릭 (NATURE REPUBLIC),32OIkIZKhx4,허니 멜팅 립 글리터 공식몰 O.P.E.N✨,2024-07-30T05:14:01Z,12.0,True,196,10.0,0.0
3589,UCoIwoSNTYm59VQ8ynGKrfcg,네이처리퍼블릭 (NATURE REPUBLIC),d1eo-lWL_bM,브레이크 타임에도 빠질 수 없는 K-뷰티 마케터의 필수템은? 🤔,2024-08-02T02:00:18Z,21.0,True,99,0.0,0.0
3589,UCoIwoSNTYm59VQ8ynGKrfcg,네이처리퍼블릭 (NATURE REPUBLIC),H8flzXrS33k,🍓Thank you BERRY much!🫐,2024-08-06T02:00:06Z,37.0,True,97,3.0,0.0
3589,UCoIwoSNTYm59VQ8ynGKrfcg,네이처리퍼블릭 (NATURE REPUBLIC),XYAlTeQMVy4,우리만의 우정 뷰티템 완성💖,2024-08-08T02:00:19Z,21.0,True,143,2.0,0.0
3589,UCoIwoSNTYm59VQ8ynGKrfcg,네이처리퍼블릭 (NATURE REPUBLIC),jBjGIj-GQkI,K-뷰티 마케터가 좋아하는 한국 전통 꿀 간식은?🤔,2024-08-13T02:00:18Z,24.0,True,278,3.0,0.0
3589,UCoIwoSNTYm59VQ8ynGKrfcg,네이처리퍼블릭 (NATURE REPUBLIC),rEpNhPiJoGo,그녀의 찰랑이는 머릿결 비결 feat. 아르간,2024-08-20T02:00:21Z,35.0,True,610,8.0,0.0
3589,UCoIwoSNTYm59VQ8ynGKrfcg,네이처리퍼블릭 (NATURE REPUBLIC),VMawtZbvcAI,허니 멜팅 립과 함께 달콤한 여름 간식 TIME💫🍓,2024-08-27T02:00:13Z,22.0,True,274,4.0,0.0
3589,UCoIwoSNTYm59VQ8ynGKrfcg,네이처리퍼블릭 (NATURE REPUBLIC),45FXiZ6qkRU,K뷰티 마케터의 가위 바위 보💫,2024-08-29T02:00:02Z,39.0,True,555,2.0,0.0
3589,UCoIwoSNTYm59VQ8ynGKrfcg,네이처리퍼블릭 (NATURE REPUBLIC),eNkTYR9KFDs,쉿! 진생 로얄 실크 워터리 크림의 비밀🤫,2024-09-12T02:00:19Z,39.0,True,761,3.0,0.0
3589,UCoIwoSNTYm59VQ8ynGKrfcg,네이처리퍼블릭 (NATURE REPUBLIC),TARuGqmRsh0,비니가 소개하는허니 멜팅 립 메이크업💗,2024-09-20T02:00:14Z,37.0,True,870,5.0,0.0
3589,UCoIwoSNTYm59VQ8ynGKrfcg,네이처리퍼블릭 (NATURE REPUBLIC),5tS-zP-rA0k,네리와 함께 가을 메이크업 성공🍂💗 #kbeauty,2024-09-24T02:00:04Z,27.0,True,734,3.0,0.0
3589,UCoIwoSNTYm59VQ8ynGKrfcg,네이처리퍼블릭 (NATURE REPUBLIC),xWDrdLgAFBM,원래 내 피부처럼 자연스러운 메이크업 도전✨,2024-09-26T02:00:34Z,39.0,True,531,10.0,0.0
3589,UCoIwoSNTYm59VQ8ynGKrfcg,네이처리퍼블릭 (NATURE REPUBLIC),57zvyp-hUBY,2024 #얼루어베스트오브뷰티 #허니멜팅립틴트플럼핑 선정!🏆️🎊,2024-10-07T01:03:25Z,12.0,True,491,5.0,0.0
3589,UCoIwoSNTYm59VQ8ynGKrfcg,네이처리퍼블릭 (NATURE REPUBLIC),ogFjgu0prUU,"처음 느끼는 부드러움, 하이-블러링 매트 #코튼멜팅립",2024-10-28T02:00:26Z,12.0,True,750,3.0,0.0
3589,UCoIwoSNTYm59VQ8ynGKrfcg,네이처리퍼블릭 (NATURE REPUBLIC),4lBljOOHBDo,🪄 주문하신 코튼 멜팅 립 나왔습니다☁️💄,2024-11-20T02:00:03Z,21.0,True,539,6.0,0.0
3589,UCoIwoSNTYm59VQ8ynGKrfcg,네이처리퍼블릭 (NATURE REPUBLIC),HblOZUJZkzk,CHARGING MY MAKE UP BAG🩷,2024-11-29T02:00:15Z,8.0,True,240,3.0,0.0
3589,UCoIwoSNTYm59VQ8ynGKrfcg,네이처리퍼블릭 (NATURE REPUBLIC),p1ZZ4ErIGWo,헤어지자고? 네리 립 팔레트 들고 왔는데?🙄,2024-12-11T02:00:27Z,26.0,True,695,8.0,0.0
3589,UCoIwoSNTYm59VQ8ynGKrfcg,네이처리퍼블릭 (NATURE REPUBLIC),Y94Vdd9_orw,𝑺𝒉𝒊𝒏𝒊𝒏𝒈 𝑯𝒐𝒍𝒊𝒅𝒂𝒚✨,2024-12-18T02:00:17Z,17.0,True,198,4.0,0.0
3589,UCoIwoSNTYm59VQ8ynGKrfcg,네이처리퍼블릭 (NATURE REPUBLIC),dXEiS_xwIGg,⛄️𝑴𝑬𝑹𝑹𝒀 𝑪𝑯𝑹𝑰𝑺𝑻𝑴𝑨𝑺 𝒘𝒊𝒕𝒉 𝑵𝑹🎅,2024-12-23T02:07:41Z,28.0,True,652,5.0,0.0
3589,UCoIwoSNTYm59VQ8ynGKrfcg,네이처리퍼블릭 (NATURE REPUBLIC),JqrJy1mCksc,✨2024 네리 글로벌 핫템들 다 모았.zip✨,2024-12-27T01:00:13Z,19.0,True,177,2.0,0.0
3589,UCoIwoSNTYm59VQ8ynGKrfcg,네이처리퍼블릭 (NATURE REPUBLIC),Xuq439J27Sg,Adieu 𝟮𝟬𝟮𝟰! 𝕄𝕪 𝔾𝕝𝕠𝕤𝕤𝕪 𝕞𝕠𝕞𝕖𝕟𝕥✨,2024-12-31T01:00:25Z,13.0,True,246,6.0,0.0
3589,UCoIwoSNTYm59VQ8ynGKrfcg,네이처리퍼블릭 (NATURE REPUBLIC),TqpdLxE-tk4,𝐍𝐑 𝐁𝐄𝐒𝐓 𝐋𝐈𝐏. 𝐳𝐢𝐩 네리립 다 모여랏!,2025-01-08T01:00:20Z,21.0,True,311,6.0,0.0
3589,UCoIwoSNTYm59VQ8ynGKrfcg,네이처리퍼블릭 (NATURE REPUBLIC),ycgNq8hIFTI,𝑯𝑶𝑵𝑬𝒀 𝑶𝑹 𝑪𝑶𝑻𝑻𝑶𝑵? 톤그로들 커모온~💖,2025-01-09T01:00:58Z,15.0,True,612,9.0,0.0
3589,UCoIwoSNTYm59VQ8ynGKrfcg,네이처리퍼블릭 (NATURE REPUBLIC),xkyromMHODA,허니멜팅립스파클 컬러체인지 탕후루,2025-01-22T02:06:33Z,17.0,True,502,6.0,0.0
3589,UCoIwoSNTYm59VQ8ynGKrfcg,네이처리퍼블릭 (NATURE REPUBLIC),X3psvTXvDzw,허니멜팅립 전컬러 발색샷✨,2025-01-23T01:00:24Z,17.0,True,578,9.0,0.0
3589,UCoIwoSNTYm59VQ8ynGKrfcg,네이처리퍼블릭 (NATURE REPUBLIC),7qNCWbJ_cAU,HONEYMELTINGLIP SPARKLE,2025-02-17T01:37:49Z,7.0,True,614,12.0,0.0
3589,UCoIwoSNTYm59VQ8ynGKrfcg,네이처리퍼블릭 (NATURE REPUBLIC),Vu_JMUAdhyg,#아보하립 DAILY,2025-02-18T01:00:32Z,10.0,True,146,1.0,0.0
3589,UCoIwoSNTYm59VQ8ynGKrfcg,네이처리퍼블릭 (NATURE REPUBLIC),r6t0N5TUvdM,#허멜립꾸,2025-02-19T01:00:44Z,8.0,True,316,2.0,0.0
3589,UCoIwoSNTYm59VQ8ynGKrfcg,네이처리퍼블릭 (NATURE REPUBLIC),oO2r4ibXoSU,쏟아지는 자외선에는 네리 SUN 처방🌞,2025-05-29T00:29:28Z,12.0,True,300,0.0,0.0
3589,UCoIwoSNTYm59VQ8ynGKrfcg,네이처리퍼블릭 (NATURE REPUBLIC),41tzuOqVKss,#버터스킨 Boost TIP🤎,2025-06-04T01:00:04Z,26.0,True,526,1.0,0.0
3589,UCoIwoSNTYm59VQ8ynGKrfcg,네이처리퍼블릭 (NATURE REPUBLIC),v1V9U9DA-34,#버터스킨 의 필수요건은? 🤔 #kbeauty,2025-06-06T01:01:05Z,12.0,True,461,2.0,0.0
3589,UCoIwoSNTYm59VQ8ynGKrfcg,네이처리퍼블릭 (NATURE REPUBLIC),R4_P_VCup5I,모공케어 끝판왕 스킨케어 공유! #kbeauty #skincare #koreanskincare #naturerepublic,2025-06-17T08:00:24Z,27.0,True,638,3.0,0.0
3589,UCoIwoSNTYm59VQ8ynGKrfcg,네이처리퍼블릭 (NATURE REPUBLIC),tkplBoa-J8I,여름 햇살 아래 눈매는 더 또렷하게✨,2025-06-20T01:00:59Z,22.0,True,826,2.0,0.0
3589,UCoIwoSNTYm59VQ8ynGKrfcg,네이처리퍼블릭 (NATURE REPUBLIC),7OPWBDn1VsE,유수분 밸런스 맞춰 피부코어 바로잡기🧘‍,2025-06-25T05:00:07Z,18.0,True,485,0.0,0.0
3589,UCoIwoSNTYm59VQ8ynGKrfcg,네이처리퍼블릭 (NATURE REPUBLIC),2Anrr3IbUyk,WHAT’S IN MY LUGGAGE? ✈️,2025-06-27T01:00:04Z,18.0,True,320,2.0,0.0
3589,UCoIwoSNTYm59VQ8ynGKrfcg,네이처리퍼블릭 (NATURE REPUBLIC),bFy_hscHFjY,간편 #화잘먹템 바오밥_수분선크림🌴,2025-07-09T01:00:36Z,16.0,True,392,4.0,0.0
3589,UCoIwoSNTYm59VQ8ynGKrfcg,네이처리퍼블릭 (NATURE REPUBLIC),49_FXGOLXJU,완벽한 #선스틱 을 위한 CHECK LIST,2025-07-21T01:00:11Z,17.0,True,185,0.0,0.0
3589,UCoIwoSNTYm59VQ8ynGKrfcg,네이처리퍼블릭 (NATURE REPUBLIC),IVMqo4-DgGg,아직도 씻어내는 팩 써? 🤔,2025-07-25T01:00:14Z,27.0,True,782,7.0,0.0
3590,UC_FN_E93oCL8kY_hwPJcarw,풋볼아이 FootballEye,oXzcOO3YGDs,스페인 템포에 적응 중! 훈련 속 스피드 변화의 중요성 | 유스타 |,2024-10-11T11:11:06Z,60.0,True,3822,40.0,3.0
3590,UC_FN_E93oCL8kY_hwPJcarw,풋볼아이 FootballEye,oCDUudXpBYU,스페인 압박 축구에 적응! | 유스타 |,2024-10-12T08:30:28Z,51.0,True,2338,24.0,1.0
3590,UC_FN_E93oCL8kY_hwPJcarw,풋볼아이 FootballEye,Uwi4tMJoT9k,스페인 축구 훈련에는 기술 훈련이 없다?! | 유스타 |,2024-10-13T10:31:42Z,305.0,False,426,7.0,2.0
3590,UC_FN_E93oCL8kY_hwPJcarw,풋볼아이 FootballEye,7jRNa3A5b9A,"바레인 올림픽 축구 국가대표 선수, 어떻게 스페인까지 왔을까요? | 유스타 |",2024-10-13T10:40:34Z,44.0,True,1135,11.0,1.0
3590,UC_FN_E93oCL8kY_hwPJcarw,풋볼아이 FootballEye,FiPzm2gnoQc,축구 선수의 길에는 희생이 필요하다. 코르도바 선수가 전하는 이야기 | 유스타 |,2024-10-13T22:55:16Z,60.0,True,1497,15.0,2.0
3590,UC_FN_E93oCL8kY_hwPJcarw,풋볼아이 FootballEye,FIYKXBB2gz4,테크닉 훈련 없는 스페인 축구! | 유스타 |,2024-10-14T10:53:21Z,57.0,True,705,14.0,1.0
3590,UC_FN_E93oCL8kY_hwPJcarw,풋볼아이 FootballEye,gC84cH4DqzI,축구선수가 되려면 재능보다 노력!? | 유스타 |,2024-10-15T08:40:21Z,47.0,True,1180,15.0,3.0
3590,UC_FN_E93oCL8kY_hwPJcarw,풋볼아이 FootballEye,_HcX9Xpp0cg,스페인 중학생들의 강력한 몸싸움! 이 환경에서 빠르게 성장할 수밖에 없다! l 유스타 l,2024-10-17T09:51:37Z,213.0,False,737,11.0,2.0
3590,UC_FN_E93oCL8kY_hwPJcarw,풋볼아이 FootballEye,EfA1i2ATVeE,미드필더 필수 훈련! 턴 드리블 3가지 꿀팁! l 풋볼아이 l,2024-10-18T10:55:03Z,86.0,False,3119,64.0,3.0
3590,UC_FN_E93oCL8kY_hwPJcarw,풋볼아이 FootballEye,v18kyWWQnvk,미드필더 필수 스킬! 방향전환 드리블 3가지로 공간 창출하는 법 | 풋볼아이 |,2024-10-20T10:42:00Z,118.0,False,2885,50.0,4.0
3590,UC_FN_E93oCL8kY_hwPJcarw,풋볼아이 FootballEye,c_VZF-RpUv4,스페인에서 배우는 몸싸움! | 유스타 |,2024-10-21T09:50:37Z,39.0,True,4116,40.0,4.0
3590,UC_FN_E93oCL8kY_hwPJcarw,풋볼아이 FootballEye,0ody7tc0tew,스페인에서 배운 축구 컨트롤 3가지로 경기력을 바꾸자! l 풋볼아이 l,2024-10-22T23:00:00Z,104.0,False,3380,72.0,2.0
3590,UC_FN_E93oCL8kY_hwPJcarw,풋볼아이 FootballEye,Y5fE2jPyw4g,스페인 축구에 도전해보기 위해 출국하는 풋볼아이 3인방 ㅣ 한달만에 스페인에서 재회하는 심준과 3인방 ㅣ 유스타,2024-10-23T08:00:20Z,198.0,False,1103,13.0,2.0
3590,UC_FN_E93oCL8kY_hwPJcarw,풋볼아이 FootballEye,P5gr8oedEd0,스페인 국대 경기 직관! 준이가 직접 느낀 축구의 핵심은? l 유스타 l,2024-10-24T11:24:14Z,211.0,False,433,7.0,1.0
3590,UC_FN_E93oCL8kY_hwPJcarw,풋볼아이 FootballEye,6hfFdtV4-ho,"축구 실력, 볼 마스터리 3가지 훈련으로 한 방에 UP! l 풋볼아이 l",2024-10-25T08:36:55Z,93.0,False,3564,102.0,5.0
3590,UC_FN_E93oCL8kY_hwPJcarw,풋볼아이 FootballEye,aO8_C0rZcjU,스페인은 드리블 훈련을 안한다..? | 유스타 |,2024-10-25T10:53:05Z,57.0,True,4324,38.0,1.0
3590,UC_FN_E93oCL8kY_hwPJcarw,풋볼아이 FootballEye,E6AmUJF3-OI,"준이, 스페인 1부 리그 유소년 팀 훈련에 참가하다! l 유스타 l",2024-10-26T08:00:11Z,121.0,False,579,13.0,1.0
3590,UC_FN_E93oCL8kY_hwPJcarw,풋볼아이 FootballEye,nSI0kpjH00U,축구 아웃사이드 턴 이렇게 연습하면 마스터! | 풋볼아이 |,2024-10-27T09:00:44Z,60.0,True,3082,43.0,1.0
3590,UC_FN_E93oCL8kY_hwPJcarw,풋볼아이 FootballEye,phx_voUizYk,경기장에서 바로 활용 가능한 볼 마스터리 훈련 3가지 | 풋볼아이 |,2024-10-29T08:00:36Z,134.0,False,3111,80.0,3.0
3590,UC_FN_E93oCL8kY_hwPJcarw,풋볼아이 FootballEye,_GE-gMZ4Usg,[축구 스킬] 실전에서 바로 쓰는 발바닥 기본기 3가지! | 풋볼아이 |,2024-10-30T02:30:27Z,84.0,False,1914,41.0,2.0
3590,UC_FN_E93oCL8kY_hwPJcarw,풋볼아이 FootballEye,S2am4Or03OQ,"스페인에서 한 달, 준이의 성장 | 유스타 |",2024-10-31T08:47:15Z,52.0,True,1209,13.0,1.0
3590,UC_FN_E93oCL8kY_hwPJcarw,풋볼아이 FootballEye,QFYoVatYeGs,미드필더라면 꼭 필요한 아웃사이드 패스 | 풋볼아이 |,2024-11-01T08:00:19Z,62.0,False,2649,35.0,3.0
3590,UC_FN_E93oCL8kY_hwPJcarw,풋볼아이 FootballEye,sI40OGCw258,페인팅까지 사용하면 수비가 녹는 기술! | 픗볼아이 |,2024-11-02T08:00:41Z,60.0,True,5010,81.0,1.0
3590,UC_FN_E93oCL8kY_hwPJcarw,풋볼아이 FootballEye,6Dln_A_VVE4,스페인에서 배운 축구 필수 컨트롤 | 풋볼아이 |,2024-11-05T08:00:03Z,57.0,True,6213,90.0,4.0
3590,UC_FN_E93oCL8kY_hwPJcarw,풋볼아이 FootballEye,MdXJgKpJDpw,축구에서 자주 사용하는 스킬 3가지! l 풋볼아이 l,2024-11-06T08:00:15Z,76.0,False,2235,38.0,6.0
3590,UC_FN_E93oCL8kY_hwPJcarw,풋볼아이 FootballEye,QDIEVW6qIo8,"스페인 축구 육성 시스템, 중학생도 철저하게 케어합니다! | 유스타 |",2024-11-06T23:00:20Z,35.0,True,3344,24.0,1.0
3590,UC_FN_E93oCL8kY_hwPJcarw,풋볼아이 FootballEye,dKvnkPK2d8E,경기장에서 수비를 속이는 컨트롤 2가지! | 풋볼아이 |,2024-11-07T08:00:29Z,39.0,True,5352,84.0,0.0
3590,UC_FN_E93oCL8kY_hwPJcarw,풋볼아이 FootballEye,Cec-S0XfOJw,수비에게 안뺏기는 각을 만드는 스텝오버 4가지! l 풋볼아이 l,2024-11-09T08:00:10Z,120.0,False,3338,64.0,6.0
3590,UC_FN_E93oCL8kY_hwPJcarw,풋볼아이 FootballEye,qjtVMqBsRx0,"아이들의 축구, 스페인은 3살부터 리그가? | 유스타 |",2024-11-10T08:00:42Z,50.0,True,1499,16.0,3.0
3590,UC_FN_E93oCL8kY_hwPJcarw,풋볼아이 FootballEye,WR6x6PALiGY,경기장에서 수비녹이는 기술 3가지! | 풋볼아이 |,2024-11-11T08:00:32Z,61.0,False,5848,164.0,2.0
3590,UC_FN_E93oCL8kY_hwPJcarw,풋볼아이 FootballEye,LYs1lXgEKPk,경기중 수비를 제치는 화려한 기술 l 풋볼아이 l,2024-11-13T08:00:15Z,115.0,False,3712,60.0,6.0
3590,UC_FN_E93oCL8kY_hwPJcarw,풋볼아이 FootballEye,zD-48_gzwAo,풋살에서 무조건 사용하는 기술 1가지 | 풋볼아이 |,2024-11-16T01:15:35Z,44.0,True,14804,333.0,3.0
3590,UC_FN_E93oCL8kY_hwPJcarw,풋볼아이 FootballEye,1Jj83Zl09qw,중학생이 압박 빠른 스페인 축구에서 느낀것들 l 풋볼아이 l,2024-11-17T00:28:52Z,378.0,False,1591,29.0,1.0
3590,UC_FN_E93oCL8kY_hwPJcarw,풋볼아이 FootballEye,vjndJaqtDLc,네이마르가 사용하는 기술 2가지 | 풋볼아이 |,2024-11-18T08:00:49Z,59.0,True,3908,68.0,0.0
3590,UC_FN_E93oCL8kY_hwPJcarw,풋볼아이 FootballEye,1jr5rd6FPm0,컨트롤과 패스를 잘하고 싶다면? 경기 전친구와 함께 훈련해보세요 l 풋볼아이 l,2025-01-07T08:00:01Z,117.0,False,2757,44.0,0.0
3590,UC_FN_E93oCL8kY_hwPJcarw,풋볼아이 FootballEye,ApTayxe-Unk,"스페인 1부 리그 테스트 본 아이들, 결과는!? | 풋볼아이 in 스페인 | #football",2025-03-09T10:13:40Z,91.0,False,2266,21.0,0.0
3590,UC_FN_E93oCL8kY_hwPJcarw,풋볼아이 FootballEye,_C1hGd_aRvU,스페인 1부 리그 유소년 테스트 도전 결과! | 풋볼아이 in 스페인 | #football,2025-03-10T10:52:01Z,81.0,False,1473,24.0,0.0
3590,UC_FN_E93oCL8kY_hwPJcarw,풋볼아이 FootballEye,E3362FLURZ4,스페인 1부 리그 테스트 본 후 선수가 느낀것들 | 풋볼아이 in 스페인 | #football #축구 #스페인축구,2025-03-11T10:45:40Z,54.0,True,1417,17.0,
3590,UC_FN_E93oCL8kY_hwPJcarw,풋볼아이 FootballEye,OUyry2PtHKE,상체를 꼭 사용하세요! | 풋볼아이 | #football #footballskills,2025-03-12T10:55:37Z,34.0,True,12280,162.0,2.0
3590,UC_FN_E93oCL8kY_hwPJcarw,풋볼아이 FootballEye,69cGor9jK7M,거리가 길어지는 헛다리? | 풋볼아이 | #축구 #축구기술 #헛다리,2025-03-14T12:04:51Z,29.0,True,7852,101.0,0.0
3590,UC_FN_E93oCL8kY_hwPJcarw,풋볼아이 FootballEye,Y8n70G1MGYk,상대가 속는 미토마 스킬  | 풋볼아이 | #football #soccer #축구 #미토마 #mitoma,2025-03-17T11:18:21Z,20.0,True,51364,325.0,6.0
3590,UC_FN_E93oCL8kY_hwPJcarw,풋볼아이 FootballEye,u0dLXKvbp-s,풋살 잘하는 사람은 꼭 하는 것 | 픗볼아이 | #풋살 #football #futsal,2025-03-21T02:42:50Z,42.0,True,16448,162.0,1.0
3590,UC_FN_E93oCL8kY_hwPJcarw,풋볼아이 FootballEye,4dWL4dXFzXQ,풋살 코볼 슈팅 이렇게 하세요! | 풋볼아이 |,2025-03-22T01:13:25Z,57.0,True,10624,74.0,2.0
3590,UC_FN_E93oCL8kY_hwPJcarw,풋볼아이 FootballEye,W9-F3l0yq7Q,볼을 지키는 한발 마르세유턴? | 풋볼아이 |,2025-03-23T00:31:22Z,60.0,True,23148,271.0,4.0
3590,UC_FN_E93oCL8kY_hwPJcarw,풋볼아이 FootballEye,QQeH0qYTbJI,풋살 공격수가 100% 사용하는 기술 | 풋볼아이 |,2025-03-24T09:26:48Z,54.0,True,26897,342.0,1.0
3590,UC_FN_E93oCL8kY_hwPJcarw,풋볼아이 FootballEye,ehnwbwHNk9A,풋살 방향전환 기술 | 풋볼아이 |,2025-03-25T10:22:04Z,59.0,True,63664,877.0,5.0
3590,UC_FN_E93oCL8kY_hwPJcarw,풋볼아이 FootballEye,FmUPuh07BZI,풋살 등졌을때 이런 기술 어때요? | 풋볼아이 |,2025-03-26T08:00:50Z,60.0,True,20948,269.0,0.0
3590,UC_FN_E93oCL8kY_hwPJcarw,풋볼아이 FootballEye,pYAvxRUMly4,풋살 롤링을 이렇게 사용하면 절대 안뺏겨요 | 풋볼아이 |,2025-03-28T09:41:22Z,60.0,True,16612,180.0,1.0
3590,UC_FN_E93oCL8kY_hwPJcarw,풋볼아이 FootballEye,oQZqXikRjCg,나보다 덩치 큰 수비 농락하는 방법 | 풋볼아이 |,2025-04-01T11:31:01Z,60.0,True,29549,256.0,6.0
3590,UC_FN_E93oCL8kY_hwPJcarw,풋볼아이 FootballEye,Yn30R3HPOh0,풋살에서 등지면서 돌파하는 기술! | 풋볼아이 |,2025-04-03T11:06:16Z,61.0,False,21739,185.0,1.0
3591,UCMMDqUABmZUNyJVvFGvb5yA,PLAYUS,w5GYg8F3ha4,EXO-CBX 'Hey Mama!' Acoustic ver. - PLAYUS 플레이어스 Cover,2016-11-08T07:23:35Z,215.0,False,214843,8781.0,451.0
3591,UCMMDqUABmZUNyJVvFGvb5yA,PLAYUS,iPD6wrstMWI,BLACKPINK '불장난(PLAYING WITH FIRE)' × 'STAY' - PLAYUS 플레이어스 Cover,2016-11-13T10:23:24Z,220.0,False,898344,27950.0,1044.0
3591,UCMMDqUABmZUNyJVvFGvb5yA,PLAYUS,oVYZqbFmQeI,갓세븐 메들리(GOT7 Medley) - PLAYUS 플레이어스 Cover,2016-11-20T05:56:57Z,201.0,False,433961,21922.0,1337.0
3591,UCMMDqUABmZUNyJVvFGvb5yA,PLAYUS,0JRVqnqsUuQ,T-ARA 티아라 'TIAMO' Band ver. - PLAYUS 플레이어스 Cover,2016-11-29T07:10:57Z,150.0,False,60057,2429.0,279.0
3591,UCMMDqUABmZUNyJVvFGvb5yA,PLAYUS,VlT-zoaazfg,크리스마스 메들리(Christmas Medley) - PLAYUS 플레이어스 Cover,2016-12-07T09:17:34Z,181.0,False,108228,4379.0,388.0
3591,UCMMDqUABmZUNyJVvFGvb5yA,PLAYUS,5v7AoezV8-g,BTOB 비투비 '기도(I'll Be Your Man)' × 'Thriller' × '봄날의 기억(Remember That)' - PLAYUS 플레이어스 Cover,2016-12-16T10:04:03Z,182.0,False,56823,2957.0,202.0
3591,UCMMDqUABmZUNyJVvFGvb5yA,PLAYUS,c2S2K_X2d7E,BIGBANG '에라 모르겠다(FXXK IT)' × 'LAST DANCE' - PLAYUS 플레이어스 Cover,2016-12-20T08:58:20Z,206.0,False,779294,24133.0,1006.0
3591,UCMMDqUABmZUNyJVvFGvb5yA,PLAYUS,72xaTNKl7WY,EXO 엑소 'For Life' × 'Sing For You' - PLAYUS 플레이어스 Cover,2016-12-29T10:16:55Z,186.0,False,109403,5591.0,376.0
3591,UCMMDqUABmZUNyJVvFGvb5yA,PLAYUS,I8vU2ZVazYs,도깨비 OST 메들리(Goblin OST Medley) - PLAYUS 플레이어스 Cover,2017-02-01T08:35:47Z,370.0,False,357727,13879.0,959.0
3591,UCMMDqUABmZUNyJVvFGvb5yA,PLAYUS,_HoaESUF4xE,2016년 하반기 케이팝 메들리(The Second half of 2016's K-POP Medley) - PLAYUS 플레이어스 Cover,2017-02-09T11:25:07Z,337.0,False,149781,5663.0,448.0
3591,UCMMDqUABmZUNyJVvFGvb5yA,PLAYUS,4H1Du4holAE,Red Velvet 레드벨벳 '루키(Rookie)' × 'Ice Cream Cake' - PLAYUS 플레이어스 Cover,2017-02-18T11:00:06Z,207.0,False,110974,4572.0,515.0
3591,UCMMDqUABmZUNyJVvFGvb5yA,PLAYUS,zbeW4y25aTo,TWICE 'Knock Knock' × MAMAMOO 마마무 '데칼코마니(Decalcomanie)' - PLAYUS 플레이어스 Cover,2017-03-04T11:08:00Z,232.0,False,130630,4413.0,332.0
3591,UCMMDqUABmZUNyJVvFGvb5yA,PLAYUS,OJLdPqflAXk,Tori Kelly 'Nobody Love' Acoustic ver. - PLAYUS 플레이어스 Cover,2017-03-05T09:37:52Z,246.0,False,3483,136.0,27.0
3591,UCMMDqUABmZUNyJVvFGvb5yA,PLAYUS,8I9Gqn7naZY,여자친구 GFRIEND 'FINGERTIP' × Dreamcatcher 드림캐쳐 'Chase Me' - PLAYUS 플레이어스 Cover,2017-03-15T09:20:23Z,178.0,False,40830,2158.0,261.0
3591,UCMMDqUABmZUNyJVvFGvb5yA,PLAYUS,fiaW_cOKZGs,SUNMI 선미 '보름달(Full Moon)' × BOL4 볼빨간사춘기 '우주를 줄께(Galaxy)' Acoustic ver. - PLAYUS 플레이어스 Cover,2017-03-21T11:24:59Z,250.0,False,6046,175.0,38.0
3591,UCMMDqUABmZUNyJVvFGvb5yA,PLAYUS,jF-3I7XaVFc,GOT7 'Never Ever' - PLAYUS 플레이어스 Cover,2017-03-25T10:57:13Z,170.0,False,171764,7974.0,401.0
3591,UCMMDqUABmZUNyJVvFGvb5yA,PLAYUS,6yBxn8Rhtck,StooShe 'Love Me' Acoustic ver. - PLAYUS 플레이어스 Cover,2017-03-29T12:30:01Z,136.0,False,2111,57.0,22.0
3591,UCMMDqUABmZUNyJVvFGvb5yA,PLAYUS,smwrMEFbYrg,K.A.R.D 'Don't Recall' - PLAYUS 플레이어스 Cover,2017-04-01T09:05:26Z,200.0,False,85345,4407.0,238.0
3591,UCMMDqUABmZUNyJVvFGvb5yA,PLAYUS,UwUvODJu40w,소녀시대 메들리(Girls' Generation Medley) × 태연 TAEYEON 'Fine' - PLAYUS 플레이어스 Cover,2017-04-08T11:11:38Z,219.0,False,244666,12303.0,716.0
3591,UCMMDqUABmZUNyJVvFGvb5yA,PLAYUS,aZnSsoHmUI8,BEAST 비스트 '비가 오는 날엔(On Rainy Days)' Acoustic ver. - PLAYUS 플레이어스 Cover,2017-04-17T12:29:44Z,156.0,False,23435,803.0,120.0
3591,UCMMDqUABmZUNyJVvFGvb5yA,PLAYUS,Ov4Ca27-LwQ,BAEKHYUN 백현 '바래다줄게(Take You Home)' × EXO 엑소 'LOVE ME RIGHT' - PLAYUS 플레이어스 Cover,2017-04-29T11:01:09Z,229.0,False,48085,2549.0,188.0
3591,UCMMDqUABmZUNyJVvFGvb5yA,PLAYUS,nM4aIhyGFu0,1세대 K-POP 아이돌 메들리(The First Generation K-pop Idol Group Medley) - PLAYUS 플레이어스 Cover,2017-05-06T11:00:15Z,260.0,False,34075,1082.0,151.0
3591,UCMMDqUABmZUNyJVvFGvb5yA,PLAYUS,3zRuQrGkkkA,수란 SURAN (Feat.창모) (Prod. SUGA) '오늘 취하면(If I Get Drunk Today)' Acoustic ver. - PLAYUS 플레이어스 Cover,2017-05-16T11:07:56Z,165.0,False,31843,1269.0,141.0
3591,UCMMDqUABmZUNyJVvFGvb5yA,PLAYUS,RwtndoCgN5c,PSY 싸이 'I LUV IT' × 신현희와김루트 SEENROOT '오빠야(Sweet Heart)' - PLAYUS 플레이어스 Cover,2017-05-20T10:58:11Z,218.0,False,33421,961.0,128.0
3591,UCMMDqUABmZUNyJVvFGvb5yA,PLAYUS,6yXQg86Sq38,Clean Bandit 'Rockabye' Acoustic ver. - PLAYUS 플레이어스 Cover,2017-05-22T11:30:22Z,150.0,False,13945,594.0,82.0
3591,UCMMDqUABmZUNyJVvFGvb5yA,PLAYUS,CifXPw9k3SA,빅뱅 메들리(BIGBANG Medley) - PLAYUS 플레이어스 Cover,2017-06-04T08:03:48Z,273.0,False,88533,3425.0,246.0
3591,UCMMDqUABmZUNyJVvFGvb5yA,PLAYUS,iqy83xyrpqs,"G-DRAGON '무제(無題) (Untitled, 2014)' Acoustic ver. - PLAYUS 플레이어스 Cover",2017-06-14T10:08:44Z,218.0,False,98159,2452.0,230.0
3591,UCMMDqUABmZUNyJVvFGvb5yA,PLAYUS,0ETLLihtBhY,BLACKPINK - '마지막처럼(AS IF IT'S YOUR LAST)' - PLAYUS 플레이어스 Cover,2017-06-30T10:04:11Z,200.0,False,253049,8839.0,420.0
3591,UCMMDqUABmZUNyJVvFGvb5yA,PLAYUS,0VJIgClnJCk,Red Velvet 레드벨벳 '빨간 맛(Red Flavor)' Acoustic ver. - PLAYUS 플레이어스 Cover,2017-07-22T07:36:27Z,167.0,False,145108,5849.0,185.0
3591,UCMMDqUABmZUNyJVvFGvb5yA,PLAYUS,nMwhE3cS7nI,EXO 엑소 'Ko Ko Bop' × Ariana Grande 'Side To Side' × 원더걸스 'Why So Lonely' - PLAYUS 플레이어스 Cover,2017-07-27T08:20:20Z,191.0,False,216451,0.0,0.0
3591,UCMMDqUABmZUNyJVvFGvb5yA,PLAYUS,Ybf71I2jAEU,Girls' Generation 소녀시대 'Holiday' × 'All Night' × '다시 만난 세계(ITNW)' - PLAYUS 플레이어스 Cover,2017-08-11T11:04:30Z,264.0,False,57743,3260.0,260.0
3591,UCMMDqUABmZUNyJVvFGvb5yA,PLAYUS,yrjJ_RcHurc,Wanna One 워너원 '에너제틱(Energetic)' × '나야나(Pick Me)' - PLAYUS 플레이어스 Cover,2017-08-18T10:59:35Z,191.0,False,275748,9408.0,673.0
3591,UCMMDqUABmZUNyJVvFGvb5yA,PLAYUS,c4p2qnS3eF8,SUNMI 선미 'Gashina(가시나)' Acoustic ver. - PLAYUS 플레이어스 Cover,2017-09-02T11:53:52Z,210.0,False,126142,5627.0,261.0
3591,UCMMDqUABmZUNyJVvFGvb5yA,PLAYUS,Rw05Y2_9Ung,BTS 방탄소년단 'FAKE LOVE' Acoustic ver. - PLAYUS 플레이어스 Cover,2018-06-04T11:02:10Z,198.0,False,23134,1100.0,233.0
3591,UCMMDqUABmZUNyJVvFGvb5yA,PLAYUS,yDa3LiIJ6TU,BLACKPINK '뚜두뚜두(DDU-DU DDU-DU)' × 유빈 Yubin '숙녀(淑女)' - PLAYUS 플레이어스 Cover,2018-06-30T12:38:23Z,214.0,False,28096,1266.0,147.0
3591,UCMMDqUABmZUNyJVvFGvb5yA,PLAYUS,q0RDY0p17jo,BTS 방탄소년단 'IDOL' × 'DNA' - PLAYUS 플레이어스 Cover,2018-09-16T14:04:26Z,221.0,False,13366,811.0,112.0
3591,UCMMDqUABmZUNyJVvFGvb5yA,PLAYUS,z9DDQheFZLQ,"PLAYUS 플레이어스 '걸어가야 해(ANYMORE)' - Official Audio, Lyric Video",2018-09-20T13:00:01Z,252.0,False,6359,198.0,53.0
3591,UCMMDqUABmZUNyJVvFGvb5yA,PLAYUS,JHWpc8YRefs,Ali 알리 '밥그릇' × '펑펑' - PLAYUS 플레이어스 Cover,2019-04-16T11:07:40Z,147.0,False,1977,55.0,14.0
3591,UCMMDqUABmZUNyJVvFGvb5yA,PLAYUS,xDSrL3JAGmU,GOT7 'ECLIPSE' - PLAYUS 플레이어스 Cover,2019-05-30T14:14:31Z,177.0,False,8285,997.0,108.0
3591,UCMMDqUABmZUNyJVvFGvb5yA,PLAYUS,oHk9xyAaLHM,벤 BEN '180도(180 Degree)' - PLAYUS 플레이어스 Cover,2019-06-06T09:56:23Z,218.0,False,2469,93.0,10.0
3591,UCMMDqUABmZUNyJVvFGvb5yA,PLAYUS,eWgsPkinqYE,NCT 127 엔시티 127 'Superhuman' - PLAYUS 플레이어스 Cover,2019-06-16T13:38:47Z,203.0,False,2558,181.0,15.0
3591,UCMMDqUABmZUNyJVvFGvb5yA,PLAYUS,uDuX9USObkw,청하 CHUNG HA 'Snapping' Acoustic ver. - PLAYUS 플레이어스 Cover,2019-07-09T11:06:24Z,184.0,False,3294,165.0,22.0
3591,UCMMDqUABmZUNyJVvFGvb5yA,PLAYUS,3ka63NO6BJk,ITZY 있지 'ICY' × Wonder Girls 원더걸스 'I Feel You' - PLAYUS 플레이어스 Cover,2019-08-13T11:03:34Z,214.0,False,5011,186.0,37.0
3591,UCMMDqUABmZUNyJVvFGvb5yA,PLAYUS,gxvvuSXea-4,호텔 델루나 OST 메들리(Hotel Del Luna OST Medley) - PLAYUS 플레이어스 Cover,2019-09-12T10:26:24Z,210.0,False,8169,508.0,32.0
3591,UCMMDqUABmZUNyJVvFGvb5yA,PLAYUS,AT8SOklX8uM,BOL4 볼빨간사춘기 'Workaholic(워커홀릭)' × Rihanna 'Work' - PLAYUS 플레이어스 Cover,2019-09-29T11:20:45Z,185.0,False,1645,59.0,9.0
3591,UCMMDqUABmZUNyJVvFGvb5yA,PLAYUS,z6pIWZkWpIc,SuperM 슈퍼엠 'Jopping' (SM Male Artists Medley) - PLAYUS 플레이어스 Cover,2019-10-17T14:08:52Z,206.0,False,4497,238.0,11.0
3591,UCMMDqUABmZUNyJVvFGvb5yA,PLAYUS,7VnR1E4GfGQ,GOT7 갓세븐 '니가 부르는 나의 이름(You Calling My Name)' Acoustic ver. - PLAYUS 플레이어스 Cover,2019-11-14T12:30:46Z,237.0,False,14557,1222.0,77.0
3591,UCMMDqUABmZUNyJVvFGvb5yA,PLAYUS,_2lhI0zyi0I,PLAYUS LOVE STREAM,2019-12-13T14:33:01Z,,False,0,0.0,0.0
3591,UCMMDqUABmZUNyJVvFGvb5yA,PLAYUS,-nv45i1Pzo8,IU 아이유 'Blueming(블루밍)' Acoustic ver. - PLAYUS 플레이어스 Cover,2019-12-20T09:53:53Z,234.0,False,3329,144.0,23.0
3591,UCMMDqUABmZUNyJVvFGvb5yA,PLAYUS,JB3CZIs5VYQ,2010년 케이팝 메들리(2010 Kpop Medley) - PLAYUS 플레이어스 Cover,2020-01-08T11:46:49Z,188.0,False,8137,326.0,48.0
3592,UCIHKbd4QntJvCXQqvRrBp6Q,수지니 SooGenie,goUoXLr8m8A,여자들의 진화과정.avi [수지니],2015-08-26T00:42:38Z,108.0,False,720204,,
3592,UCIHKbd4QntJvCXQqvRrBp6Q,수지니 SooGenie,_OPlIb5KDWQ,수지니의 파우치 공개💄 [ 매일쓰는 데일리 화장품을 소개합니다 ] 수지니 SooGenie,2016-10-20T11:30:00Z,421.0,False,134642,,
3592,UCIHKbd4QntJvCXQqvRrBp6Q,수지니 SooGenie,DFnuAm7Ync4,수지니의 첫 라이브 스트리밍!! (욱나생집에 왔어용~★),2016-11-03T12:35:09Z,,False,0,0.0,0.0
3592,UCIHKbd4QntJvCXQqvRrBp6Q,수지니 SooGenie,I1j2CvX32N4,굉장히 엄청난 선물개봉기 3탄! 먹거리 화장품이 가득?! (feat.수사대원의 사랑이 담긴 선물상자) | 수지니 SooGenie,2016-11-12T11:30:01Z,586.0,False,97928,1584.0,
3592,UCIHKbd4QntJvCXQqvRrBp6Q,수지니 SooGenie,ifVme2QnXBc,"다이소 쌍꺼풀 테이프""Best 추천템""을 뽑아라!+쌍테 붙이는 팁 & 3종 리뷰! | 수지니 SooGenie",2016-11-13T10:33:54Z,289.0,False,374175,2428.0,
3592,UCIHKbd4QntJvCXQqvRrBp6Q,수지니 SooGenie,2ZZCRnukPPM,💡셀프뿌염 &염색 하는 법 ! [올리브영 재료로 바닐라 베이지 도전 !!]| 수지니 SooGenie,2017-01-28T10:00:00Z,715.0,False,444348,,
3592,UCIHKbd4QntJvCXQqvRrBp6Q,수지니 SooGenie,5lPOqksRqA8,달달한 초콜릿 화장품이 있다??!!🍫 [일본에서 사온 신기한 섀도우 팔레트 솔직 리뷰 ](with.김남욱) | 수지니 SooGenie,2017-02-04T12:30:00Z,471.0,False,85050,1480.0,
3592,UCIHKbd4QntJvCXQqvRrBp6Q,수지니 SooGenie,sJH7OBqjs4Q,"60만원어치(화장품,옷,신발,등)백화점 하울!! 통장잔고 비상??!! 파데, 블러셔,섀딩, 신발,캐리어 하울! (with.김남욱 ) | 수지니 SooGenie",2017-02-10T12:00:05Z,651.0,False,245446,,
3592,UCIHKbd4QntJvCXQqvRrBp6Q,수지니 SooGenie,J-FvIg9XPWk,"신촌 미니소에 가다! 아이라인,립크레용,브러쉬 5종이 2900원???!!💥[ 미니소 뷰티템 소개 Haul ]| 수지니 SooGenie",2017-02-11T11:30:00Z,588.0,False,237175,,
3592,UCIHKbd4QntJvCXQqvRrBp6Q,수지니 SooGenie,QGOpa_s8Nhc,애쉬그레이 셀프염색을 했어요!!_수지니의 셀프염색하는법_| 수지니 SooGenie,2017-02-14T10:30:00Z,394.0,False,267538,,
3592,UCIHKbd4QntJvCXQqvRrBp6Q,수지니 SooGenie,Va34AG9K3jc,(수지니) 에뛰드 앞머리 가위 툴로 앞머리 자르는 법!! +화장품 하울♥ | SooGenie,2017-02-22T10:30:00Z,394.0,False,202978,,
3592,UCIHKbd4QntJvCXQqvRrBp6Q,수지니 SooGenie,MoSjooBgPKs,수지니가 요즘하는 데일리 메이크업 ♥ Daily Makeup Tutorial  | 수지니 SooGenie,2017-03-03T10:30:01Z,664.0,False,648562,,
3592,UCIHKbd4QntJvCXQqvRrBp6Q,수지니 SooGenie,CMrHXvQk4-E,오랜만입니다 :) | 수지니 SooGenie,2017-12-06T11:30:00Z,84.0,False,434470,,727.0
3592,UCIHKbd4QntJvCXQqvRrBp6Q,수지니 SooGenie,-Pibajv3riQ,수지니의 2018 첫 염색 !! (청담동 백쌤X수지니 SooGenie),2018-01-12T10:30:00Z,476.0,False,237279,,370.0
3592,UCIHKbd4QntJvCXQqvRrBp6Q,수지니 SooGenie,tQxr-1ezpRk,실수루뱅?! 시스루뱅 앞머리 자르는 법 ! Cutting My Bangs | 수지니 SooGenie,2018-01-22T07:00:02Z,294.0,False,170046,,347.0
3592,UCIHKbd4QntJvCXQqvRrBp6Q,수지니 SooGenie,EcQPkQ8TJcI,11호 쿠션이 있다고?! 이성경언니가 광고하는[13만원 어치 라네즈 신상 쿠션 하울!!] 인생쿠션을 찾았습니다 !!!! | 수지니 SooGenie,2018-02-17T10:00:01Z,312.0,False,104028,1282.0,114.0
3592,UCIHKbd4QntJvCXQqvRrBp6Q,수지니 SooGenie,d3N01aqju4Q,혜수진의 개꿀잼 일상 Vlog 골든 슬럼버 VVIP 시사회에 가다 !! 강동원을 보러가서 눈물을 흘린 수지니의 사연은 ? | 수지니 SooGenie,2018-02-18T12:00:02Z,317.0,False,74838,,106.0
3592,UCIHKbd4QntJvCXQqvRrBp6Q,수지니 SooGenie,My-sxH2f_m4,🎀수지니의 봄옷 패션 하울!!👚학생 데일리룩 쇼핑몰 소녀나라 후기!| SuJin 수지니,2018-02-23T11:00:02Z,377.0,False,361775,4148.0,162.0
3592,UCIHKbd4QntJvCXQqvRrBp6Q,수지니 SooGenie,TTlq6C0zxUg,🍚수지니와 유튜버 언니들의 먹방(?)여행 👣 |수지니 SooGenie,2018-04-20T11:30:00Z,361.0,False,58137,845.0,61.0
3592,UCIHKbd4QntJvCXQqvRrBp6Q,수지니 SooGenie,Ag0itpVIhWw,수지니의🦈 죠스바 염색하기!!!!🦈애쉬 블루 염색했어요 !! (수지니X로미쌤 feat.예쁘린)|SuJin 수지니 SooGenie,2018-04-21T09:30:00Z,282.0,False,115936,,70.0
3592,UCIHKbd4QntJvCXQqvRrBp6Q,수지니 SooGenie,dJQWa2wwOzE,💄올로드샵 핑크 베이지 메이크업💖Pink Beige Makeup Tutorial | 수지니 SooGenie,2018-05-19T10:30:00Z,401.0,False,55234,,80.0
3592,UCIHKbd4QntJvCXQqvRrBp6Q,수지니 SooGenie,AJPnsIyuA3Q,💄인스타그램✨영롱한 복숭아 빛 메이크업🍑✨ Instagram peach Makeup | 수지니 SooGenie,2018-06-03T06:45:01Z,499.0,False,43856,555.0,75.0
3592,UCIHKbd4QntJvCXQqvRrBp6Q,수지니 SooGenie,lzdg5uMEcTY,🧜🏻‍♀인어공주 염색 했어요!! 🍎수지니의 빨간머리 염색 !!!🍎 (로미살롱X수지니) | 수지니 SooGenie,2018-06-06T09:30:01Z,275.0,False,78105,1101.0,121.0
3592,UCIHKbd4QntJvCXQqvRrBp6Q,수지니 SooGenie,03XvaXT6BY4,"🎢줄 안서고 롤러코스터 두번 탐!! 🎠수지니의 서울랜드 VLOG  (feat.남욱,예쁘린)| 수지니 SooGenie",2018-06-14T09:30:00Z,391.0,False,31368,577.0,44.0
3592,UCIHKbd4QntJvCXQqvRrBp6Q,수지니 SooGenie,uDHiYuv1U-A,28만원어치 틴트바르기???!!🙊헤라 센슈얼 틴트 전 색상 발색 ! 💄| 수지니 SooGenie,2018-07-12T10:30:01Z,320.0,False,39258,480.0,42.0
3592,UCIHKbd4QntJvCXQqvRrBp6Q,수지니 SooGenie,XR6gTVE75qo,🐰🦊수지니의 버팔로 체험기+필리핀 이야기🇵🇭❤️/Buffaloes in the Philippines | 수지니 SooGenie,2018-08-17T10:30:02Z,381.0,False,15572,204.0,24.0
3592,UCIHKbd4QntJvCXQqvRrBp6Q,수지니 SooGenie,SSnlTQzSZiY,💻 친오빠에게 500만원짜리 노트북 사줬는데 인성 5짐 ㅋ ㅋㅋㅋfeat.백시트 [ 군대 전역한 친오빠 선물 사주기 ] | 리루미 (수지니),2018-10-03T08:48:37Z,320.0,False,53543,891.0,66.0
3592,UCIHKbd4QntJvCXQqvRrBp6Q,수지니 SooGenie,kQK9HuPu19o,"다이어트하는 언니들한테🔥엽떡 고문먹방 해봤습니다 ㅋㅋㅋㅋ 반응 개웃김 (ft.하나,예쁘린,띠미) |수지니 SooGenie",2018-10-20T07:00:03Z,249.0,False,339985,3688.0,161.0
3592,UCIHKbd4QntJvCXQqvRrBp6Q,수지니 SooGenie,Bw3201jCw68,"🎥 유튜버들의 미친(?)새벽 일상을 공개합니다ㅋㅋㅋㅋ+밤샌후 수정화장 대꿀팁 !! (ft.작비,하나,공대생,지훈)| 수지니 SooGenie",2018-10-25T10:15:00Z,605.0,False,73156,1475.0,104.0
3592,UCIHKbd4QntJvCXQqvRrBp6Q,수지니 SooGenie,A7FKom1WRVY,"🕰24시간 굶은 커플에게 바비분식 고문먹방해봤습니다ㅋㅋㅋㅋ(ft.공대생,하나)| 수지니 SooGenie",2018-10-31T08:30:00Z,403.0,False,147867,1677.0,126.0
3592,UCIHKbd4QntJvCXQqvRrBp6Q,수지니 SooGenie,w2HQiZW8VZM,"🌵올리브영(쿠션,틴트,블러셔 등..)13만원어치 추천템 하울+_+🌵| 수지니 SooGenie",2019-01-26T07:30:00Z,608.0,False,69475,1148.0,97.0
3592,UCIHKbd4QntJvCXQqvRrBp6Q,수지니 SooGenie,t44LuP3txp4,스톱모션 화장하기ㅣMake-up Stop motionㅣ수지니 SooGenie (with.시원)ㅣ,2019-01-30T08:30:01Z,134.0,False,37469,1289.0,81.0
3592,UCIHKbd4QntJvCXQqvRrBp6Q,수지니 SooGenie,YvWjMrB5HYQ,👀오렌즈 덕후의 15만원어치 렌즈소개 #수지니 렌즈 추천 하울 |수지니 SooGenie,2019-02-16T04:30:01Z,631.0,False,217211,2108.0,110.0
3592,UCIHKbd4QntJvCXQqvRrBp6Q,수지니 SooGenie,Bsg1q_ftY-0,"갤럭시 S10e로 바꾸고 친오빠랑 놀이공원 가서 생긴 일ㅋ ㅋ ㅋㅋ+갤럭시 버즈,갤럭시 워치 액티브🙊 |수지니 SooGenie",2019-03-15T11:00:00Z,523.0,False,14518,286.0,39.0
3592,UCIHKbd4QntJvCXQqvRrBp6Q,수지니 SooGenie,Tar0sVPdl0c,"에버랜드에 가서 15살이 되었습니다 (-8살♥️♥️)w.띠미,남욱,예쁘린| 수지니 SooGenie",2019-03-28T11:45:00Z,421.0,False,23358,308.0,50.0
3592,UCIHKbd4QntJvCXQqvRrBp6Q,수지니 SooGenie,l7KnlMV5Rc4,150만원어치 봄 옷 하울🎀 ! 학생 패션 코디 ~!!❤👚🥾  |수지니 SooGenie,2019-03-31T07:00:09Z,358.0,False,84649,,32.0
3592,UCIHKbd4QntJvCXQqvRrBp6Q,수지니 SooGenie,NqL9KH27_zo,동갑내기 유튜버 혜수몬과 수지니의 ❣꿀잼❣새벽로그 ~_~ | 수지니 SooGenie,2019-04-04T09:30:00Z,340.0,False,69857,938.0,
3592,UCIHKbd4QntJvCXQqvRrBp6Q,수지니 SooGenie,CUJxqxu21iM,💜 수지니의 2019 첫 염색 애쉬 퍼플 !💜 3년 만에 단발머리가 되었다 ..!!🙊 (feat.청담동 백쌤 ),2019-04-20T08:00:02Z,603.0,False,101410,1065.0,52.0
3592,UCIHKbd4QntJvCXQqvRrBp6Q,수지니 SooGenie,s9D9bhJaxQ8,"🌱유튜버의 다이어트-로그,,,*ㅡ* 닭가슴살로 첫 ASMR하다?! w.슬기,남욱,귄펭 | 수지니 SooGenie",2019-04-22T10:30:02Z,651.0,False,18187,212.0,23.0
3592,UCIHKbd4QntJvCXQqvRrBp6Q,수지니 SooGenie,WR5ESLLKnyQ,⚡수지니의 30만원치 면세 화장품 추천템👍🏼 하울!!!💄(w.신라면세점 팁핑)| 수지니 SooGenie,2019-05-11T10:00:04Z,608.0,False,34519,241.0,13.0
3592,UCIHKbd4QntJvCXQqvRrBp6Q,수지니 SooGenie,jReTONsPrWE,💚수지니와 슬구의🌼7박 8일 일본 여행🌼의 시작!! 나리타 공항에서 도쿄까지 편하게 가는 방법 알려드릴게요! | 수지니 SooGenie,2019-06-07T10:30:01Z,748.0,False,17562,215.0,31.0
3592,UCIHKbd4QntJvCXQqvRrBp6Q,수지니 SooGenie,zlZ4hK0JvxU,👛수지니의 파우치 속엔 어떤 화장품이 들어있을까?👛 매일 쓰는 화장품 소개 !💖 | 수지니 SooGenie,2019-06-15T10:30:05Z,425.0,False,25295,239.0,27.0
3592,UCIHKbd4QntJvCXQqvRrBp6Q,수지니 SooGenie,zGLGv9AUyHg,💡수지니 데일리 메이크업부터 최근 일상 모아보기~ !!💡(뷰티 인 아트 셀피 챌린지📸참여했어요),2019-08-27T09:30:03Z,768.0,False,43534,479.0,41.0
3592,UCIHKbd4QntJvCXQqvRrBp6Q,수지니 SooGenie,JhwRjsAdZwM,🦋수지니의 2020 첫 염색 브이로그 !!🦋 (수사대원들 오랜만이에요ㅠ.ㅠ),2020-02-15T11:30:01Z,620.0,False,26171,271.0,43.0
3592,UCIHKbd4QntJvCXQqvRrBp6Q,수지니 SooGenie,4_yAZSXiX6w,눈물나게 매운 떡볶이 고문(?)먹방ㅠㅠ I 수지니 SooGenie,2020-04-26T11:15:00Z,451.0,False,15673,176.0,31.0
3592,UCIHKbd4QntJvCXQqvRrBp6Q,수지니 SooGenie,p3m5Ne_sP1I,닭 먹다가 닭이 된 슽으림어 ㅋㅋ,2020-10-04T11:00:11Z,350.0,False,12012,,9.0
3592,UCIHKbd4QntJvCXQqvRrBp6Q,수지니 SooGenie,XszX00xgikI,유튜브를 그만뒀던 내가 배우는 것들에 대한 브이로그 🥽 🇰🇷🪑l 백수진,2021-07-27T10:00:14Z,622.0,False,66456,313.0,30.0
3593,UCGNhjyXPRc3IX308JVxeZ0g,Chiro 치로와 친구들,BjYRw-Y_vnw,어린이 영어 | 30화 나도 치요가 되고 싶어 | 치로와 영어로 말해요! | 치로를 한국어로 한번! 영어로 한번!,2019-10-07T08:00:04Z,746.0,False,86705,120.0,0.0
3593,UCGNhjyXPRc3IX308JVxeZ0g,Chiro 치로와 친구들,jHE2KRqetPM,31화 치로 홀로 집에 | 정서발달 영상 l 사회성 학습 영상 | 치로와 친구들 1기,2019-10-08T08:00:05Z,3615.0,False,266229,392.0,0.0
3593,UCGNhjyXPRc3IX308JVxeZ0g,Chiro 치로와 친구들,nts0mkcCSNQ,어린이 영어 | 31화 치로 홀로 집에 | 치로와 영어로 말해요! | 치로를 한국어로 한번! 영어로 한번!,2019-10-09T08:00:07Z,746.0,False,160003,166.0,0.0
3593,UCGNhjyXPRc3IX308JVxeZ0g,Chiro 치로와 친구들,5kRPFrYTxlM,32화 마법 나팔 | 정서발달 영상 l 사회성 학습 영상 | 치로와 친구들 1기,2019-10-10T08:00:00Z,3614.0,False,148759,181.0,0.0
3593,UCGNhjyXPRc3IX308JVxeZ0g,Chiro 치로와 친구들,phwVXsJPDX0,어린이 영어 | 32화 마법 나팔 | 치로와 영어로 말해요! | 치로를 한국어로 한번! 영어로 한번!,2019-10-11T08:00:10Z,745.0,False,78860,91.0,0.0
3593,UCGNhjyXPRc3IX308JVxeZ0g,Chiro 치로와 친구들,H__ZfWGLCK4,33화 나야 나 | 정서발달 영상 | 사회성 학습 영상 | 치로와 친구들 1기,2019-10-12T08:00:00Z,3616.0,False,138206,163.0,0.0
3593,UCGNhjyXPRc3IX308JVxeZ0g,Chiro 치로와 친구들,xIJW_YA9uos,어린이 영어 | 33화 나야 나 | 치로와 영어로 말해요! | 치로를 한국어로 한번! 영어로 한번!,2019-10-13T08:00:06Z,749.0,False,164909,186.0,0.0
3593,UCGNhjyXPRc3IX308JVxeZ0g,Chiro 치로와 친구들,Aga5neBgPuI,34화 치로가 집을 나갔어요 | 정서발달 영상 | 사회성 학습 영상 | 치로와 친구들 1기,2019-10-14T08:00:00Z,3616.0,False,109406,124.0,0.0
3593,UCGNhjyXPRc3IX308JVxeZ0g,Chiro 치로와 친구들,-hcBtwgXXjQ,어린이 영어 | 34화 치로가 집을 나갔어요 | 치로와 영어로 말해요! | 치로를 한국어로 한번! 영어로 한번!,2019-10-15T08:00:00Z,747.0,False,115498,129.0,0.0
3593,UCGNhjyXPRc3IX308JVxeZ0g,Chiro 치로와 친구들,070usWpXv7I,"35화 키다리 병아리, 치로 | 정서발달 영상 | 사회성 학습 영상 | 치로와 친구들 1기",2019-10-16T08:00:01Z,3615.0,False,140386,174.0,0.0
3593,UCGNhjyXPRc3IX308JVxeZ0g,Chiro 치로와 친구들,ioxO6JBegA0,"어린이 영어 | 35화 키다리 병아리, 치로 | 치로와 영어로 말해요! | 치로를 한국어로 한번! 영어로 한번!",2019-10-17T08:00:04Z,747.0,False,87023,106.0,0.0
3593,UCGNhjyXPRc3IX308JVxeZ0g,Chiro 치로와 친구들,zVTAKNzLZwc,36화 단 것이 좋아 | 정서발달 영상 l 사회성 학습 영상 | 치로와 친구들 1기,2019-10-18T08:00:08Z,3616.0,False,266585,370.0,0.0
3593,UCGNhjyXPRc3IX308JVxeZ0g,Chiro 치로와 친구들,DdXmrUHTymM,어린이 영어 | 36화 단 것이 좋아 | 치로와 영어로 말해요! | 치로를 한국어로 한번! 영어로 한번!,2019-10-19T08:00:02Z,749.0,False,164415,186.0,0.0
3593,UCGNhjyXPRc3IX308JVxeZ0g,Chiro 치로와 친구들,kpwknhUODoY,37화 부메랑을 갖고 싶어 | 정서발달 영상 l 사회성 학습 영상 | 치로와 친구들 1기,2019-10-20T08:00:06Z,3614.0,False,159275,216.0,0.0
3593,UCGNhjyXPRc3IX308JVxeZ0g,Chiro 치로와 친구들,4_w9uD5NDds,어린이 영어 | 37화 부메랑을 갖고 싶어 | 치로와 영어로 말해요! | 치로를 한국어로 한번! 영어로 한번!,2019-10-21T08:00:01Z,745.0,False,95584,126.0,0.0
3593,UCGNhjyXPRc3IX308JVxeZ0g,Chiro 치로와 친구들,FMGw05AaRaA,38화 요술 벨트 | 정서발달 영상 l 사회성 학습 영상 | 치로와 친구들 1기,2019-10-22T08:00:02Z,3612.0,False,181352,199.0,0.0
3593,UCGNhjyXPRc3IX308JVxeZ0g,Chiro 치로와 친구들,iQJ8P-cfMKc,어린이 영어 | 38화 요술 벨트 | 치로와 영어로 말해요! | 치로를 한국어로 한번! 영어로 한번!,2019-10-23T08:00:04Z,744.0,False,154462,138.0,0.0
3593,UCGNhjyXPRc3IX308JVxeZ0g,Chiro 치로와 친구들,Z9M1fBrVv98,39화 세 가지 소원 | 정서발달 영상 l 사회성 학습 영상 | 치로와 친구들 1기,2019-10-24T08:00:06Z,3612.0,False,193227,213.0,0.0
3593,UCGNhjyXPRc3IX308JVxeZ0g,Chiro 치로와 친구들,Y_5FjRpXRyE,어린이 영어 | 39화 세 가지 소원 | 치로와 영어로 말해요! | 치로를 한국어로 한번! 영어로 한번!,2019-10-25T08:00:07Z,748.0,False,88524,117.0,0.0
3593,UCGNhjyXPRc3IX308JVxeZ0g,Chiro 치로와 친구들,n9X3dIBgxqs,"40화 꼭, 이길거야! | 정서발달 영상 l 사회성 학습 영상 | 치로와 친구들 1기",2019-10-26T08:00:06Z,3613.0,False,171366,221.0,0.0
3593,UCGNhjyXPRc3IX308JVxeZ0g,Chiro 치로와 친구들,Ph-15WvqQJI,"어린이 영어 | 40화 꼭, 이길거야! | 치로와 영어로 말해요! | 치로를 한국어로 한번! 영어로 한번!",2019-10-27T08:00:02Z,745.0,False,166515,171.0,0.0
3593,UCGNhjyXPRc3IX308JVxeZ0g,Chiro 치로와 친구들,x48qPJdO5dY,41화 돼지 기사 꾸르르 | 정서발달 영상 l 사회성 학습 영상 | 치로와 친구들 1기,2019-10-28T08:00:07Z,3613.0,False,197169,254.0,0.0
3593,UCGNhjyXPRc3IX308JVxeZ0g,Chiro 치로와 친구들,gVXua2RTlPM,어린이 영어 | 41화 돼지 기사 꾸르르| 치로와 영어로 말해요! | 치로를 한국어로 한번! 영어로 한번!,2019-10-29T08:00:02Z,746.0,False,191607,183.0,0.0
3593,UCGNhjyXPRc3IX308JVxeZ0g,Chiro 치로와 친구들,tEe-ody0Jto,42화 사탕과 도깨비 | 정서발달 영상 l 사회성 학습 영상 | 치로와 친구들 1기,2019-10-30T08:00:07Z,3612.0,False,290567,395.0,0.0
3593,UCGNhjyXPRc3IX308JVxeZ0g,Chiro 치로와 친구들,amDkZA_GeNY,어린이 영어 | 42화 사탕과 도깨비 | 치로와 영어로 말해요! | 치로를 한국어로 한번! 영어로 한번!,2019-10-31T08:00:00Z,746.0,False,238936,240.0,0.0
3593,UCGNhjyXPRc3IX308JVxeZ0g,Chiro 치로와 친구들,e21BcyvarjI,43화 악기 놀이 | 정서발달 영상 l 사회성 학습 영상 | 치로와 친구들 1기,2019-11-01T08:00:06Z,3612.0,False,237351,270.0,0.0
3593,UCGNhjyXPRc3IX308JVxeZ0g,Chiro 치로와 친구들,O4OmnHQmoHM,어린이 영어 | 43화 사탕과 도깨비 | 치로와 영어로 말해요! | 치로를 한국어로 한번! 영어로 한번!,2019-11-02T08:00:08Z,745.0,False,190513,155.0,0.0
3593,UCGNhjyXPRc3IX308JVxeZ0g,Chiro 치로와 친구들,Uk0CbbKKbKU,44화 나도 아빠처럼 | 정서발달 영상 l 사회성 학습 영상 | 치로와 친구들 1기,2019-11-03T08:00:03Z,3614.0,False,178977,156.0,0.0
3593,UCGNhjyXPRc3IX308JVxeZ0g,Chiro 치로와 친구들,fu9LXZzROC8,어린이 영어 | 44화 나도 아빠처럼 | 치로와 영어로 말해요! | 치로를 한국어로 한번! 영어로 한번!,2019-11-04T08:00:05Z,745.0,False,195478,179.0,0.0
3593,UCGNhjyXPRc3IX308JVxeZ0g,Chiro 치로와 친구들,Y9cRGEPas3c,45화 치요 공주님 | 정서발달 영상 l 사회성 학습 영상 | 치로와 친구들 1기,2019-11-05T08:00:04Z,3614.0,False,245066,319.0,0.0
3593,UCGNhjyXPRc3IX308JVxeZ0g,Chiro 치로와 친구들,pxvOVM3P3gc,어린이 영어 | 45화 치요 공주님 | 치로와 영어로 말해요! | 치로를 한국어로 한번! 영어로 한번!,2019-11-06T08:00:11Z,746.0,False,161686,140.0,0.0
3593,UCGNhjyXPRc3IX308JVxeZ0g,Chiro 치로와 친구들,hm5DdGRh8f4,46화 나 화났어 | 정서발달 영상 l 사회성 학습 영상 | 치로와 친구들 1기,2019-11-07T08:00:04Z,3613.0,False,346928,397.0,0.0
3593,UCGNhjyXPRc3IX308JVxeZ0g,Chiro 치로와 친구들,ACiPGR4WNXc,어린이 영어 | 46화 나 화났어 | 치로와 영어로 말해요! | 치로를 한국어로 한번! 영어로 한번!,2019-11-08T08:00:00Z,746.0,False,449347,525.0,0.0
3593,UCGNhjyXPRc3IX308JVxeZ0g,Chiro 치로와 친구들,X9he09mX8v4,47화 깜짝 선물 | 정서발달 영상 l 사회성 학습 영상 | 치로와 친구들 1기,2019-11-09T08:00:05Z,3617.0,False,273565,321.0,0.0
3593,UCGNhjyXPRc3IX308JVxeZ0g,Chiro 치로와 친구들,2aQS24gCPeM,어린이 영어 | 47화 깜짝 선물 | 치로와 영어로 말해요! | 치로를 한국어로 한번! 영어로 한번!,2019-11-10T08:00:02Z,752.0,False,236296,304.0,0.0
3593,UCGNhjyXPRc3IX308JVxeZ0g,Chiro 치로와 친구들,cJekcviCfqg,48화 울랄라의 선물 | 정서발달 영상 l 사회성 학습 영상 | 치로와 친구들 1기,2019-11-11T08:00:04Z,3614.0,False,292627,352.0,0.0
3593,UCGNhjyXPRc3IX308JVxeZ0g,Chiro 치로와 친구들,v38F7-O1198,어린이 영어 | 48화 울랄라의 선물 | 치로와 영어로 말해요! | 치로를 한국어로 한번! 영어로 한번!,2019-11-12T08:00:07Z,745.0,False,277491,287.0,0.0
3593,UCGNhjyXPRc3IX308JVxeZ0g,Chiro 치로와 친구들,nCZm1X5cnug,49화 엄마한테 이를 거야! | 정서발달 영상 l 사회성 학습 영상 | 치로와 친구들 1기,2019-11-13T08:00:09Z,3613.0,False,464258,589.0,0.0
3593,UCGNhjyXPRc3IX308JVxeZ0g,Chiro 치로와 친구들,k5JSDed8jv4,어린이 영어 | 49화 엄마한테 이를 거야! | 치로와 영어로 말해요! | 치로를 한국어로 한번! 영어로 한번!,2019-11-14T08:00:11Z,746.0,False,362727,339.0,0.0
3593,UCGNhjyXPRc3IX308JVxeZ0g,Chiro 치로와 친구들,886iIRdtxFk,50화 춤추는 찰리 | 정서발달 영상 l 사회성 학습 영상 | 치로와 친구들 1기,2019-11-15T08:00:01Z,3614.0,False,496385,643.0,0.0
3593,UCGNhjyXPRc3IX308JVxeZ0g,Chiro 치로와 친구들,gIt7vKFu6mc,어린이 영어 | 50화 춤추는 찰리 | 치로와 영어로 말해요! | 치로를 한국어로 한번! 영어로 한번!,2019-11-16T08:00:06Z,748.0,False,309400,271.0,0.0
3593,UCGNhjyXPRc3IX308JVxeZ0g,Chiro 치로와 친구들,gpkYaDSU1BY,51화 파티에 와주세요 | 정서발달 영상 l 사회성 학습 영상 | 치로와 친구들 1기,2019-11-17T08:00:03Z,3614.0,False,1118660,1624.0,0.0
3593,UCGNhjyXPRc3IX308JVxeZ0g,Chiro 치로와 친구들,2rByhCLGI3I,어린이 영어 | 51화 파티에 와주세요 | 치로와 영어로 말해요! | 치로를 한국어로 한번! 영어로 한번!,2019-11-18T08:00:00Z,750.0,False,486433,471.0,0.0
3593,UCGNhjyXPRc3IX308JVxeZ0g,Chiro 치로와 친구들,o1ge4Mo13-E,"52화 치로, 어디 있니 | 정서발달 영상 l 사회성 학습 영상 | 치로와 친구들 1기",2019-11-19T08:00:08Z,3610.0,False,891110,1349.0,0.0
3593,UCGNhjyXPRc3IX308JVxeZ0g,Chiro 치로와 친구들,ac2219BAHJA,"어린이 영어 | 52화 치로, 어디 있니 | 치로와 영어로 말해요! | 치로를 한국어로 한번! 영어로 한번!",2019-11-20T08:00:05Z,745.0,False,739794,970.0,0.0
3593,UCGNhjyXPRc3IX308JVxeZ0g,Chiro 치로와 친구들,5f0wxVaAJx8,치로와 친구들 | 재미있는 숨바꼭질 놀이! #shorts #chiro #좋은습관 #우리아이,2024-03-07T09:12:41Z,59.0,True,138853,670.0,0.0
3593,UCGNhjyXPRc3IX308JVxeZ0g,Chiro 치로와 친구들,NJjiue9MDfk,치로와 친구들 | 예쁜 리본을 달았어요! #shorts #chiro #좋은습관 #우리아이,2024-03-08T05:00:27Z,59.0,True,145695,666.0,0.0
3593,UCGNhjyXPRc3IX308JVxeZ0g,Chiro 치로와 친구들,Q6EHFCwlm40,치로와 친구들 | 색칠놀이! 치로는 무슨 새일까? #shorts #chiro #좋은습관 #우리아이,2024-03-09T01:00:12Z,59.0,True,201186,961.0,0.0
3593,UCGNhjyXPRc3IX308JVxeZ0g,Chiro 치로와 친구들,FE3tEWUxfNY,치로와 친구들 | 붕붕붕! 치로 자동차가 나가신다! #shorts #chiro #좋은습관 #우리아이,2024-03-14T06:00:05Z,59.0,True,170836,757.0,0.0
3593,UCGNhjyXPRc3IX308JVxeZ0g,Chiro 치로와 친구들,zq7J0POmNcI,치로와 친구들 | 쉿! 울랄라의 집으로! #shorts #chiro #좋은습관 #우리아이,2024-03-15T07:00:36Z,59.0,True,171505,784.0,0.0
3594,UCbqaeMZx4Zk4cu8nIawT4ug,이아나TV,y_Fyrrf0y98,부러움 10000% 와이프가 자동차 동호회 운영진! 행복한 차주 #튜닝끝판왕,2026-02-09T09:03:32Z,831.0,False,4107,100.0,34.0
3594,UCbqaeMZx4Zk4cu8nIawT4ug,이아나TV,AlloSiMpGtY,운전자 개싸움 상상vs현실,2026-02-11T11:19:29Z,34.0,True,17193,177.0,50.0
3594,UCbqaeMZx4Zk4cu8nIawT4ug,이아나TV,wX4M5h8zyA4,뒤늦은 자기소개 ㅋㅋ,2026-02-15T05:02:25Z,38.0,True,5905,83.0,18.0
3594,UCbqaeMZx4Zk4cu8nIawT4ug,이아나TV,rMBsNPn-PcY,테슬라 긴장시작! 럭셔리 EV 시장 흔드는 폴스타,2026-02-19T09:04:12Z,42.0,True,5522,65.0,18.0
3594,UCbqaeMZx4Zk4cu8nIawT4ug,이아나TV,Pw0zpHkZaFE,번호판이 사라졌다 1탄,2026-02-24T04:59:10Z,67.0,False,7778,146.0,37.0
3594,UCbqaeMZx4Zk4cu8nIawT4ug,이아나TV,xVDMGxdYVrs,번호판이 사라졌다 2탄 개망신은 나의 몫,2026-02-24T06:21:35Z,59.0,True,14324,224.0,66.0
3594,UCbqaeMZx4Zk4cu8nIawT4ug,이아나TV,IW5Gev1-ICI,벌써 8천대 이상 계약! 심상치 않은 인기 르노 필랑트 FILANTE,2026-02-26T02:20:25Z,1147.0,False,25280,317.0,113.0
3594,UCbqaeMZx4Zk4cu8nIawT4ug,이아나TV,oiYO_dcSwSc,차쟁이의 ASMR 테스트 (르노가 테슬라 깠음!),2026-02-27T01:08:36Z,30.0,True,15017,90.0,30.0
3594,UCbqaeMZx4Zk4cu8nIawT4ug,이아나TV,kBWTJFk8pJE,내가 마라탕을 시킨 이유...,2026-03-01T07:18:02Z,38.0,True,3221,61.0,23.0
3594,UCbqaeMZx4Zk4cu8nIawT4ug,이아나TV,fL4XqMwqAKw,추억○lㄹΓ 쓰고 구ㅇr방○lㄹΓ 읽는⊂ト,2026-03-02T05:11:37Z,975.0,False,10722,222.0,97.0
3594,UCbqaeMZx4Zk4cu8nIawT4ug,이아나TV,OUGObCVotiw,싼타페 vs 쏘렌토 vs 팰리세이드 vs 필랑트 비교! 차 리뷰 찍는 거 도와준다며!!,2026-03-03T09:57:58Z,57.0,True,9870,79.0,20.0
3594,UCbqaeMZx4Zk4cu8nIawT4ug,이아나TV,y3Fzo1ZVbX0,레알 차쟁이인지 시험해볼까? 차쟁이퀴즈,2026-03-05T08:03:03Z,36.0,True,4228,62.0,15.0
3594,UCbqaeMZx4Zk4cu8nIawT4ug,이아나TV,BE37qnvwcfo,없네,2026-03-06T12:40:30Z,14.0,True,8860,95.0,44.0
3594,UCbqaeMZx4Zk4cu8nIawT4ug,이아나TV,ctSNcVwVXI4,퇴근길 두초생.. 투썸 미안!,2026-03-08T04:40:15Z,138.0,False,4720,106.0,39.0
3594,UCbqaeMZx4Zk4cu8nIawT4ug,이아나TV,-7RklUPdeO0,여러분! 뱃속에 뭐가 있나요?,2026-03-11T10:56:48Z,17.0,True,6388,65.0,25.0
3594,UCbqaeMZx4Zk4cu8nIawT4ug,이아나TV,mqFCIrSBbaE,벤츠 어디까지 알고있니? 차쟁이퀴즈 2탄,2026-03-15T03:15:05Z,27.0,True,14587,128.0,44.0
3594,UCbqaeMZx4Zk4cu8nIawT4ug,이아나TV,F1GGXUFcZA0,왜 안 보는 걸까..? 튜닝카 별로야?,2026-03-16T08:00:28Z,44.0,True,13534,155.0,48.0
3594,UCbqaeMZx4Zk4cu8nIawT4ug,이아나TV,qwNpJrZTI9Y,NG 모음 어떤데?,2026-03-17T07:57:17Z,44.0,True,6845,98.0,21.0
3594,UCbqaeMZx4Zk4cu8nIawT4ug,이아나TV,80fkJJxOb4U,큐브가 고양이별로 떠났습니다,2026-03-22T09:06:01Z,179.0,False,11555,115.0,70.0
3594,UCbqaeMZx4Zk4cu8nIawT4ug,이아나TV,PZfAgllwhx4,집에 못가겠어요..,2026-03-23T04:25:02Z,173.0,False,10095,75.0,46.0
3594,UCbqaeMZx4Zk4cu8nIawT4ug,이아나TV,H79QA9Zdv9I,저만 공감 못해요??,2026-03-24T09:54:58Z,170.0,False,10548,111.0,40.0
3594,UCbqaeMZx4Zk4cu8nIawT4ug,이아나TV,9urq1b05ssM,제 고양이가 방을 돌아다니는... #펫로스,2026-03-28T07:45:49Z,177.0,False,14523,104.0,28.0
3594,UCbqaeMZx4Zk4cu8nIawT4ug,이아나TV,igVYbToYl2c,"튜닝비 2,500만원 카니발 튜닝끝판왕! 365일 🌸봄맞이 핑크!",2026-03-30T09:18:29Z,905.0,False,8277,177.0,64.0
3594,UCbqaeMZx4Zk4cu8nIawT4ug,이아나TV,E3ngXoE9HP8,봄맞이에 진심인 카니발. 이게 레알 벚꽃 축제지..,2026-04-01T10:59:46Z,43.0,True,1648,44.0,17.0
3594,UCbqaeMZx4Zk4cu8nIawT4ug,이아나TV,e_RPDAuUzjA,"1억 넘는 SUV라면... 안전, 기술, 디자인 다 잡은 볼보 EX90",2026-04-03T02:28:28Z,1244.0,False,3906,75.0,40.0
3594,UCbqaeMZx4Zk4cu8nIawT4ug,이아나TV,E2ecXX4p-N0,중국볼보 VS 미국볼보 EX90 차이점 알려드림! 같은 볼보 다른 느낌..!,2026-04-03T13:01:32Z,113.0,False,12605,124.0,18.0
3594,UCbqaeMZx4Zk4cu8nIawT4ug,이아나TV,qKGdl3JwQoc,당장 시동걸어야 하는 이유,2026-04-05T05:55:23Z,32.0,True,10588,142.0,34.0
3594,UCbqaeMZx4Zk4cu8nIawT4ug,이아나TV,ccutjhkS-Zc,볼보 EX90 VS 테슬라 VS BENZ,2026-04-06T10:13:40Z,53.0,True,3366,39.0,14.0
3594,UCbqaeMZx4Zk4cu8nIawT4ug,이아나TV,vgYKlTRuiG0,남의차 때리면 나타나는 #스파이더맨,2026-04-06T14:09:52Z,16.0,True,10940,112.0,18.0
3594,UCbqaeMZx4Zk4cu8nIawT4ug,이아나TV,ANtUYUSRVa0,1/3 큐브와 마지막 날,2026-04-08T00:53:49Z,152.0,False,3059,86.0,24.0
3594,UCbqaeMZx4Zk4cu8nIawT4ug,이아나TV,clELUFlkKfg,2/3 마지막 인사를 위해 버텨준 큐브,2026-04-08T01:18:14Z,179.0,False,4283,109.0,33.0
3594,UCbqaeMZx4Zk4cu8nIawT4ug,이아나TV,v3r0j9oAH-A,3/3 고양이 큐브의 마지막 행동😢..,2026-04-08T04:06:32Z,126.0,False,7626,93.0,27.0
3594,UCbqaeMZx4Zk4cu8nIawT4ug,이아나TV,b3UdmVsJtps,레이하이리무진은 누워서 타야함!  #AK #레이특장차,2026-04-11T04:35:11Z,1117.0,False,22281,304.0,128.0
3594,UCbqaeMZx4Zk4cu8nIawT4ug,이아나TV,xzvqKDHB74c,BYD 돌핀 VS 캐스퍼EV 장거리시승 찐리뷰~!,2026-04-13T02:52:35Z,873.0,False,6117,123.0,85.0
3594,UCbqaeMZx4Zk4cu8nIawT4ug,이아나TV,9alaRsAqX98,세차동호회가 절대 바람 안난다고? 1/3,2026-04-14T00:38:27Z,82.0,False,7372,82.0,15.0
3594,UCbqaeMZx4Zk4cu8nIawT4ug,이아나TV,breRduEtuLI,세차동호회 따라 갔더니 이게 맞아..? 2/3,2026-04-14T05:02:08Z,95.0,False,6207,94.0,27.0
3594,UCbqaeMZx4Zk4cu8nIawT4ug,이아나TV,TLxWe9e4i-M,세차동호회가 바람 안핀다고? 논란종결! 3/3,2026-04-15T02:15:30Z,101.0,False,13286,169.0,73.0
3594,UCbqaeMZx4Zk4cu8nIawT4ug,이아나TV,80RZ5Q-OMfY,충격사고! 차쟁이결혼 + 속도위반 + G80 튜닝끝판왕,2026-04-19T00:53:42Z,631.0,False,11807,192.0,61.0
3594,UCbqaeMZx4Zk4cu8nIawT4ug,이아나TV,_iSegSVAmRo,박현빈콘서트 끝나고 연예인병 치료중인 아나운서 #바로방 #버터떡 #asmr,2026-04-19T09:05:00Z,118.0,False,6601,79.0,33.0
3594,UCbqaeMZx4Zk4cu8nIawT4ug,이아나TV,Dwc4Oi5YHIw,카니발하이리무진 오너는 불가능한 레이하이리무진의 휴식법!,2026-04-20T03:26:29Z,33.0,True,29364,133.0,58.0
3594,UCbqaeMZx4Zk4cu8nIawT4ug,이아나TV,A8yWxwKD41g,내 애교가 그렇게 화낼일이야??,2026-04-22T23:05:00Z,13.0,True,11865,79.0,22.0
3594,UCbqaeMZx4Zk4cu8nIawT4ug,이아나TV,l8gDXG3Uvv8,돌고돌아 이아나TV,2026-04-26T07:46:51Z,57.0,True,7756,104.0,22.0
3594,UCbqaeMZx4Zk4cu8nIawT4ug,이아나TV,6nzKWNrU_NI,91번째 결혼식사회보러 순천 다녀왔어요!,2026-04-26T11:30:10Z,90.0,False,8049,133.0,23.0
3594,UCbqaeMZx4Zk4cu8nIawT4ug,이아나TV,jIQsyUZWc_s,5월5일 끝.. 와이프는 못바꿔도 와이퍼는 바꾸... 지금 클릭 해야함!,2026-04-29T07:26:55Z,425.0,False,2083,92.0,32.0
3594,UCbqaeMZx4Zk4cu8nIawT4ug,이아나TV,KrrC8xi0wVU,날씨가 좋아서 뛰어놀음!,2026-04-29T10:46:30Z,11.0,True,8081,77.0,18.0
3594,UCbqaeMZx4Zk4cu8nIawT4ug,이아나TV,HWP_PBIYLWc,차 있는 분들 필수시청!,2026-04-29T23:05:00Z,19.0,True,4620,68.0,8.0
3594,UCbqaeMZx4Zk4cu8nIawT4ug,이아나TV,sGmNv3CyqXk,로터스 에미라 탑승기준 딱 정해드림!,2026-05-02T06:38:52Z,45.0,True,7243,65.0,17.0
3594,UCbqaeMZx4Zk4cu8nIawT4ug,이아나TV,mKCIz2EG_Aw,BMW고질병 해결 딱 3일 남음! 당장 갈자구요~,2026-05-03T10:02:14Z,90.0,False,3415,64.0,16.0
3594,UCbqaeMZx4Zk4cu8nIawT4ug,이아나TV,CD8u9Ptcjaw,만삭에 서킷.. 💗태어나보니 엄마가 차쟁이🚘 아반떼 튜닝끝판왕,2026-05-05T04:00:11Z,767.0,False,6366,172.0,42.0
3594,UCbqaeMZx4Zk4cu8nIawT4ug,이아나TV,7UvOCt7CaCM,현대N페스티벌 안가면 손해인 이유,2026-05-14T06:04:08Z,927.0,False,1926,82.0,24.0
3595,UCu0uV6zxKTXCE6jv_-nVegw,RYUNIVIA,lA1CBZRHJAY,동네에서 데 헤아와 승부차기,2018-11-27T08:38:14Z,104.0,False,39017,752.0,176.0
3595,UCu0uV6zxKTXCE6jv_-nVegw,RYUNIVIA,5keEL64nMwM,핑크 간지 풋살화를 샀습니다.,2018-11-27T14:14:42Z,86.0,False,21932,234.0,82.0
3595,UCu0uV6zxKTXCE6jv_-nVegw,RYUNIVIA,vmygghYl650,동네에서 두덱 선수와 승부차기 (2005 챔스 결승 ver.),2018-12-18T10:58:49Z,182.0,False,26859,494.0,116.0
3595,UCu0uV6zxKTXCE6jv_-nVegw,RYUNIVIA,EeAmW_C4zss,천국 같은 축구용품매장 ㄷㄷ !!,2018-12-21T08:17:47Z,201.0,False,25259,463.0,535.0
3595,UCu0uV6zxKTXCE6jv_-nVegw,RYUNIVIA,aVkuSJEMa2E,박지성이 들어올린 우승 커리어 총정리,2018-12-31T13:06:41Z,222.0,False,111905,1156.0,346.0
3595,UCu0uV6zxKTXCE6jv_-nVegw,RYUNIVIA,iUvmMN013ig,2018년에 이적료가 가장 비쌌던 선수 TOP 5,2019-01-02T11:58:48Z,294.0,False,291508,2076.0,403.0
3595,UCu0uV6zxKTXCE6jv_-nVegw,RYUNIVIA,XYnyYTgtZ28,우승하면 유니폼에 자꾸 뭘 붙이는걸까? ● 우승 패치 정리 1탄,2019-01-05T08:17:40Z,207.0,False,319554,2880.0,409.0
3595,UCu0uV6zxKTXCE6jv_-nVegw,RYUNIVIA,GRVIkbfjB7Q,친정팀한테 세레머니를 해버린 선수 TOP 5,2019-01-09T11:27:51Z,221.0,False,255553,1335.0,218.0
3595,UCu0uV6zxKTXCE6jv_-nVegw,RYUNIVIA,DVN3lEoSDNc,"역시 우리형, 라 리가 400골 간단 정리",2019-01-18T06:08:34Z,220.0,False,34062,643.0,132.0
3595,UCu0uV6zxKTXCE6jv_-nVegw,RYUNIVIA,Q5j7AsvD0xk,'반짝 월클' 미추 커리어 3분 정리 (feat. 기성용),2019-01-27T11:58:17Z,233.0,False,271322,1148.0,268.0
3595,UCu0uV6zxKTXCE6jv_-nVegw,RYUNIVIA,bEyYc5E__cs,대표팀 엠블럼에 별은 어떻게 붙이는걸까? ● 우승 패치 정리 2탄,2019-03-12T11:28:44Z,260.0,False,53476,552.0,139.0
3595,UCu0uV6zxKTXCE6jv_-nVegw,RYUNIVIA,rwL2f071h-4,잊지 않고 마지막까지 혼자 한 바퀴 돌면서 인사하는 손흥민,2019-03-26T22:15:00Z,91.0,False,14580,305.0,50.0
3595,UCu0uV6zxKTXCE6jv_-nVegw,RYUNIVIA,mcMXoOUnfY0,보자마자 축구 직관 가고 싶게 만들어주는 영상,2019-07-21T10:58:47Z,190.0,False,11137,197.0,90.0
3595,UCu0uV6zxKTXCE6jv_-nVegw,RYUNIVIA,_Q6tWj5ueVM,날강두,2019-07-28T05:21:09Z,245.0,False,234702,2872.0,966.0
3595,UCu0uV6zxKTXCE6jv_-nVegw,RYUNIVIA,iKn4mFhKIfE,K리그 '응원 1위’라는 빅버드를 가봤습니다.,2019-08-24T07:38:23Z,147.0,False,13898,154.0,30.0
3595,UCu0uV6zxKTXCE6jv_-nVegw,RYUNIVIA,BtNnYHsVOzE,여기서 미래 축구국가대표가 나올까요?? ｜제14회 한국중등(U-15)축구연맹회장배 겸 경상북도지사배 국제축구대회 스케치 영상,2019-09-06T03:19:41Z,187.0,False,34297,167.0,31.0
3595,UCu0uV6zxKTXCE6jv_-nVegw,RYUNIVIA,FzOQ_oSju7A,[K리그] 까치가 살고 있는 축구장,2019-09-12T05:03:35Z,151.0,False,3760,72.0,22.0
3595,UCu0uV6zxKTXCE6jv_-nVegw,RYUNIVIA,H04_Qa6RYto,축구에 흥미가 없어 맨날 친구들이랑 놀러다닌 선수,2019-09-21T09:42:04Z,136.0,False,162954,786.0,194.0
3595,UCu0uV6zxKTXCE6jv_-nVegw,RYUNIVIA,KTujWqMqCos,카카가 축구팬들을 놀라게 했던 순간들,2019-09-29T09:06:43Z,191.0,False,1178742,4472.0,792.0
3595,UCu0uV6zxKTXCE6jv_-nVegw,RYUNIVIA,b6arWtwyuW8,드록바가 축구팬들을 놀라게 했던 순간들,2019-10-13T04:30:17Z,226.0,False,1574277,7488.0,900.0
3595,UCu0uV6zxKTXCE6jv_-nVegw,RYUNIVIA,ZOzELpOGNmQ,부폰이 축구팬들을 놀라게 했던 순간들,2019-10-26T11:00:13Z,228.0,False,494000,2879.0,316.0
3595,UCu0uV6zxKTXCE6jv_-nVegw,RYUNIVIA,lYSXKsapPTM,박지성이 축구팬들을 놀라게 했던 순간들,2019-11-24T12:00:15Z,249.0,False,2642011,18616.0,1980.0
3595,UCu0uV6zxKTXCE6jv_-nVegw,RYUNIVIA,O1JZTog2fLc,박주영이 축구팬들을 놀라게 했던 순간들,2019-12-01T10:00:15Z,204.0,False,729714,3617.0,752.0
3595,UCu0uV6zxKTXCE6jv_-nVegw,RYUNIVIA,AL8Hfid-FeQ,조현우가 축구팬들을 놀라게 했던 순간들,2019-12-08T13:13:07Z,250.0,False,4502519,23003.0,2650.0
3595,UCu0uV6zxKTXCE6jv_-nVegw,RYUNIVIA,YWonWmaKabs,린가드가 축구팬들을 놀라게 했던 순간들,2020-01-05T02:36:32Z,26.0,True,482187,8708.0,1601.0
3595,UCu0uV6zxKTXCE6jv_-nVegw,RYUNIVIA,83RLaXrE6kY,무리뉴가 발로텔리에게 빌었던 그 경기,2021-02-14T11:40:07Z,187.0,False,65213,477.0,118.0
3595,UCu0uV6zxKTXCE6jv_-nVegw,RYUNIVIA,_mOdDsA3ICc,만수르가 처음 영입한 선수들은 누구였을까?,2022-09-04T10:14:42Z,247.0,False,8547,69.0,36.0
3596,UCzacSE_ExLj6L5rXx2CakjQ,MOMO X,jh0-fmccvZE,"ㅣ하트브레이크마켓49화ㅣ연예인 병에 걸린 너, 내 돈 내놔!",2019-10-02T08:00:11Z,46.0,True,424,4.0,0.0
3596,UCzacSE_ExLj6L5rXx2CakjQ,MOMO X,yScIACdXe_o,ㅣ하트브레이크마켓50화ㅣ국토대장정에서 시작된 고난의 대장정,2019-10-03T08:00:10Z,49.0,True,511,8.0,1.0
3596,UCzacSE_ExLj6L5rXx2CakjQ,MOMO X,z5I1GDFdkOw,ㅣ하트브레이크마켓51화ㅣ국토대장정에서 시작된 고난의 대장정,2019-10-04T08:00:06Z,49.0,True,964,9.0,0.0
3596,UCzacSE_ExLj6L5rXx2CakjQ,MOMO X,K3BIUIKXqCQ,'선호'를 '선호'하다! 선호영어 teaser (feat. naver audioclip),2020-02-26T09:25:42Z,31.0,True,2609,51.0,3.0
3596,UCzacSE_ExLj6L5rXx2CakjQ,MOMO X,lnByjlYthcg,SUB) 추억 소환🚨 골든차일드가 살았던 동네를 돌아가 본다면? (+대열) [방구석 동네 한바퀴 | 골든차일드] 편,2020-04-06T08:00:12Z,1095.0,False,88196,5434.0,337.0
3596,UCzacSE_ExLj6L5rXx2CakjQ,MOMO X,zPXpMXHmiBU,[무편집본] 'Y'의 동네 한 바퀴,2020-04-13T08:00:32Z,1152.0,False,9270,900.0,30.0
3596,UCzacSE_ExLj6L5rXx2CakjQ,MOMO X,PsZiBI1Xy-E,[무편집본] '승민'의 동네 한 바퀴,2020-04-14T08:00:12Z,906.0,False,5908,509.0,17.0
3596,UCzacSE_ExLj6L5rXx2CakjQ,MOMO X,wbPcJEmldQY,[무편집본] '장준'의 동네 한 바퀴,2020-04-15T08:00:28Z,838.0,False,9702,644.0,23.0
3596,UCzacSE_ExLj6L5rXx2CakjQ,MOMO X,cFsWG_ltaMM,[무편집본] '지범'의 동네 한 바퀴,2020-04-16T08:00:09Z,750.0,False,11297,688.0,17.0
3596,UCzacSE_ExLj6L5rXx2CakjQ,MOMO X,A2CFcGSO1Ig,추억 소환하다 리액션 만렙 찍은 로켓펀치 [방구석 동네 한바퀴 | 로켓펀치] 편,2020-04-20T08:00:06Z,783.0,False,49029,1968.0,190.0
3596,UCzacSE_ExLj6L5rXx2CakjQ,MOMO X,BR4DXkEjPLM,[무편집본] '수윤'의 동네 한 바퀴,2020-04-27T08:00:02Z,1048.0,False,7110,390.0,21.0
3596,UCzacSE_ExLj6L5rXx2CakjQ,MOMO X,Bq4-JNOQ62E,[무편집본] '다현'의 동네 한 바퀴,2020-04-28T08:00:05Z,487.0,False,5820,306.0,19.0
3596,UCzacSE_ExLj6L5rXx2CakjQ,MOMO X,-CHYLzNlND4,[무편집본] '쥬리'의 동네 한 바퀴,2020-04-29T08:00:00Z,608.0,False,29062,946.0,74.0
3596,UCzacSE_ExLj6L5rXx2CakjQ,MOMO X,CQBni7imzaA,[무편집본] '윤경'의 동네 한 바퀴,2020-04-30T08:00:11Z,1235.0,False,7781,373.0,22.0
3596,UCzacSE_ExLj6L5rXx2CakjQ,MOMO X,NRfnUA2prgk,SUB) 돌고래  비명 난무하는 방구석!! (*°▽°*) 공원소녀를 놀라게 한 팬시 전쟁은?!💗  [방구석 동네 한 바퀴 | 공원소녀 GWSN] 편,2020-05-25T10:30:02Z,1112.0,False,8964,571.0,48.0
3596,UCzacSE_ExLj6L5rXx2CakjQ,MOMO X,jPJ2HWJi1Rw,[무편집본] '앤'의 동네 한 바퀴,2020-06-01T08:00:17Z,952.0,False,1932,105.0,15.0
3596,UCzacSE_ExLj6L5rXx2CakjQ,MOMO X,bMMbTH7lzPQ,[무편집본] '레나'의 동네 한 바퀴,2020-06-02T08:00:13Z,1224.0,False,1252,82.0,12.0
3596,UCzacSE_ExLj6L5rXx2CakjQ,MOMO X,cEXmGKqn2hY,[무편집본] '미야'의 동네 한 바퀴,2020-06-03T09:22:58Z,1476.0,False,4162,283.0,25.0
3596,UCzacSE_ExLj6L5rXx2CakjQ,MOMO X,cWOcf7cNmYs,[무편집본] '민주'의 동네 한 바퀴,2020-06-04T08:00:09Z,1262.0,False,1380,58.0,7.0
3596,UCzacSE_ExLj6L5rXx2CakjQ,MOMO X,Bjv6_r6-v7I,SUB) 💗TOO머치 귀여움 주의💗 툐둥이들을 홀린 트럭의 정체는? [방구석 동네 한 바퀴 | TOO ] 편,2020-06-10T09:34:29Z,978.0,False,59118,4539.0,190.0
3596,UCzacSE_ExLj6L5rXx2CakjQ,MOMO X,9oOmuTra9hQ,[무편집본] '재윤'의 동네 한 바퀴,2020-06-15T08:00:03Z,935.0,False,5239,386.0,26.0
3596,UCzacSE_ExLj6L5rXx2CakjQ,MOMO X,1rZdxaj3Pl8,[무편집본] '경호'의 동네 한 바퀴,2020-06-16T08:00:00Z,1217.0,False,2708,232.0,15.0
3596,UCzacSE_ExLj6L5rXx2CakjQ,MOMO X,NCSqvc7yQDQ,[무편집본] '지수'의 동네 한 바퀴,2020-06-17T08:00:09Z,1420.0,False,2014,161.0,12.0
3596,UCzacSE_ExLj6L5rXx2CakjQ,MOMO X,0LOguxu-UYE,[무편집본] '웅기'의 동네 한 바퀴,2020-06-18T08:00:01Z,1161.0,False,4445,268.0,16.0
3596,UCzacSE_ExLj6L5rXx2CakjQ,MOMO X,Q3XcygWnbKg,SUB) 🎿부산에서 썰매 탄 SSUL 풀어드림! 🍀어린애 시절로 돌아간 네이처의 랜선 여행🍀  [ 방구석 동네 한 바퀴 | 네이처 ] 편,2020-06-25T10:26:48Z,1017.0,False,4146,235.0,22.0
3596,UCzacSE_ExLj6L5rXx2CakjQ,MOMO X,8n1PcQ9vVY8,[무편집본] '채빈'의 동네 한 바퀴,2020-06-29T08:27:42Z,1310.0,False,1330,51.0,3.0
3596,UCzacSE_ExLj6L5rXx2CakjQ,MOMO X,gIY85Hh5roU,[무편집본] '소희'의 동네 한 바퀴,2020-06-30T08:19:39Z,1569.0,False,1361,44.0,3.0
3596,UCzacSE_ExLj6L5rXx2CakjQ,MOMO X,KldFgBOu_uE,[무편집본] '하루'의 동네 한 바퀴,2020-07-01T08:00:08Z,1452.0,False,1423,61.0,4.0
3596,UCzacSE_ExLj6L5rXx2CakjQ,MOMO X,NRa18cUcQ_o,[무편집본] '루'의 동네 한 바퀴,2020-07-02T08:00:04Z,971.0,False,1212,28.0,3.0
3596,UCzacSE_ExLj6L5rXx2CakjQ,MOMO X,-lUNOBGYzkw,SUB) ★암산천재 등장★ 과거 썰풀다 💛OOPSY❤️하는 위키미키의 랜선 여행!!,2020-07-09T11:04:45Z,1115.0,False,25139,1212.0,57.0
3596,UCzacSE_ExLj6L5rXx2CakjQ,MOMO X,SBDTRrT184k,[내가 사랑한 배우들OST] 버둥 - 그려본다 MV,2020-07-13T04:12:38Z,192.0,False,1187,41.0,3.0
3596,UCzacSE_ExLj6L5rXx2CakjQ,MOMO X,Pg8fzUFEjyk,SUB) 방구석에서 비글미 大방출🤣  밴디트(BVNDIT)의 식신 로드 뺨치는 과거 여행🔥,2020-07-23T10:38:59Z,847.0,False,4824,320.0,22.0
3596,UCzacSE_ExLj6L5rXx2CakjQ,MOMO X,CDXWXxqv1yI,SUB) 🍨 먹방은 내가 할게! 소개는 누가 할래? 😁 찐친 케미 돋는 에이프릴(April)의 랜선 여행!!,2020-08-06T05:13:58Z,877.0,False,24973,1029.0,92.0
3596,UCzacSE_ExLj6L5rXx2CakjQ,MOMO X,mKrdFa2muC4,"(ENG) 같은 02년생, 수험생과 아이돌이 만났다",2020-09-04T09:55:22Z,416.0,False,187111,3363.0,294.0
3596,UCzacSE_ExLj6L5rXx2CakjQ,MOMO X,zioycZyM2uE,"가호, 지안(루나솔라) - The (Teaser)",2021-02-10T08:00:13Z,34.0,True,298,25.0,5.0
3596,UCzacSE_ExLj6L5rXx2CakjQ,MOMO X,9w1PhM5TQ-0,"가호, 지안(루나솔라) - The MV",2021-02-14T03:00:03Z,218.0,False,391,21.0,4.0
3596,UCzacSE_ExLj6L5rXx2CakjQ,MOMO X,czYixWJWuBM,"가호, 지안(루나솔라) - The MV (Short Ver.)",2021-02-14T03:00:16Z,60.0,True,679,24.0,3.0
3596,UCzacSE_ExLj6L5rXx2CakjQ,MOMO X,sUIA35-tKYs,"가호, 지안(루나솔라) - The MV (Drama Ver.)",2021-02-16T03:03:43Z,218.0,False,6919,254.0,9.0
3596,UCzacSE_ExLj6L5rXx2CakjQ,MOMO X,RsQM49nVy20,"가호, 지안 - The MV (Short Ver.2)",2021-03-02T03:15:40Z,56.0,True,369,18.0,2.0
3596,UCzacSE_ExLj6L5rXx2CakjQ,MOMO X,TBD6jDYjeCE,황인선 - 버티고개 (Teaser),2021-03-12T01:34:13Z,19.0,True,520,15.0,5.0
3596,UCzacSE_ExLj6L5rXx2CakjQ,MOMO X,Kp2CoYkQno8,황인선 - 버티고개,2021-03-15T05:04:26Z,176.0,False,1163,16.0,2.0
3596,UCzacSE_ExLj6L5rXx2CakjQ,MOMO X,p729GY-nt84,알리(ALi) - 그날 밤 우리 MV (Vertical ver.),2021-07-02T09:15:06Z,245.0,False,2018,36.0,2.0
3596,UCzacSE_ExLj6L5rXx2CakjQ,MOMO X,4wa778eNOa4,알리(ALi) - 그날 밤 우리 MV,2021-07-09T09:00:03Z,245.0,False,1326,14.0,5.0
3596,UCzacSE_ExLj6L5rXx2CakjQ,MOMO X,TZw_t8p-rz4,이동휘 - 네가 아는 너 (Teaser 1),2021-08-12T09:38:50Z,21.0,True,1431,57.0,14.0
3596,UCzacSE_ExLj6L5rXx2CakjQ,MOMO X,Yy9vVxNukAw,이동휘 - 네가 아는 너 (Teaser 2),2021-08-13T09:00:13Z,21.0,True,996,26.0,5.0
3596,UCzacSE_ExLj6L5rXx2CakjQ,MOMO X,gsZKm1d1o4I,이동휘 - 네가 아는 너 MV,2021-08-14T09:00:30Z,243.0,False,1853,51.0,4.0
3596,UCzacSE_ExLj6L5rXx2CakjQ,MOMO X,TzGxLJoysgM,[Fan made] 이동휘 - 네가 아는 너 MV,2021-09-10T09:00:24Z,211.0,False,748,9.0,1.0
3596,UCzacSE_ExLj6L5rXx2CakjQ,MOMO X,DiRfdF6uDJg,"거기, 그대 MV",2021-11-02T09:00:06Z,282.0,False,525,6.0,2.0
3596,UCzacSE_ExLj6L5rXx2CakjQ,MOMO X,eIyQ5OYKbh4,"거기, 그대 MV (장필순 ver.)",2021-11-02T09:00:28Z,284.0,False,652,9.0,1.0
3596,UCzacSE_ExLj6L5rXx2CakjQ,MOMO X,JSe2g8YELZA,"거기, 그대 MV",2021-11-09T08:48:40Z,282.0,False,1571,17.0,2.0
3597,UCFIUgqzzNjCvarzIqCE89cA,하지니지,1PSWwUks5_c,💛🌫 :  금펄 액괴에 쉐이빙폼을 넣으면?  ||  금펄 액괴  ||  마블링 액괴  ||  액괴 실험  ||  슬라임 실험,2018-12-28T10:23:14Z,165.0,False,155719,3220.0,1023.0
3597,UCFIUgqzzNjCvarzIqCE89cA,하지니지,tOtihUBg2N8,👑🐷 :  황금 돼지 시리즈 액괴  ||  2019년 ||  황금돼지 액괴  ||  액괴 소개  ||   2019년 특집  ||  새해 특집,2019-01-01T09:00:12Z,156.0,False,57255,1456.0,2035.0
3597,UCFIUgqzzNjCvarzIqCE89cA,하지니지,4ZpwUnSa-Sc,😮💗  :  해피슬라임 초대박박스 후기  ||  해피슬라임  ||  3만원 박스  ||  슬라임 박스  ||  14개  ||  랜덤박스,2019-01-13T09:51:15Z,353.0,False,98117,1683.0,498.0
3597,UCFIUgqzzNjCvarzIqCE89cA,하지니지,Hdnh2v2zpPc,💩❤  :  응가 모찌로 액괴 만들기  ||  모찌로 액괴 만들기  ||  2탄  ||  액괴 만들기  ||  응가 액괴  ||  액점 만들기,2019-01-16T08:01:51Z,146.0,False,131781,2917.0,756.0
3597,UCFIUgqzzNjCvarzIqCE89cA,하지니지,oMEgpXqtfdg,😍🍴 :  총 7개! 슬라임맛집 신상 후기  ||  슬라임 맛집  ||  슬라임 후기  ||  슬라임  ||  슬라임 맛집 후기,2019-01-17T09:26:41Z,246.0,False,87672,1796.0,591.0
3597,UCFIUgqzzNjCvarzIqCE89cA,하지니지,nflBYNVTL1Q,🇯🇵💦  :  일본 액괴 ( 재료 ) 후기  ||  일본 액괴  ||  액괴 후기  ||  일본  ||  액괴  ||  소프트클레이,2019-01-25T10:38:42Z,174.0,False,73220,1550.0,419.0
3597,UCFIUgqzzNjCvarzIqCE89cA,하지니지,PxkUiAgwrVM,🍦💦  :  해피슬라임 아이스크림박스 2 후기  ||  해피슬라임  ||  슬라임  ||  슬라임 후기  ||  아이스크림 슬라임,2019-01-27T09:52:50Z,173.0,False,37897,1032.0,312.0
3597,UCFIUgqzzNjCvarzIqCE89cA,하지니지,Qf9h3AeWrPY,🖐💦  :  슬라임 맛집 5만원 랜덤박스 후기  ||  슬라임 랜덤박스 후기  ||  랜덤박스 후기  ||  슬라임 랜덤박스  ||  슬라임 후기  ||  슬라임,2019-01-31T10:48:35Z,248.0,False,115198,2254.0,552.0
3597,UCFIUgqzzNjCvarzIqCE89cA,하지니지,Qhlwf1GIRtI,🇯🇵  :  일본 액괴 재료로만 액괴만들기  ||  액괴 만들기  ||  일본 액괴  ||  일본  ||  액괴  ||  일본 액괴만들기,2019-02-06T10:24:42Z,134.0,False,90526,1880.0,571.0
3597,UCFIUgqzzNjCvarzIqCE89cA,하지니지,vgp92b2sMaw,🖐💦 :  슬라임 플레잉 방식 투표 영상!!,2019-02-12T09:52:53Z,124.0,False,65727,1482.0,760.0
3597,UCFIUgqzzNjCvarzIqCE89cA,하지니지,GVbA325bYk8,🌈💦 :  슬라임맛집 무지개박스 후기 ||  슬라임맛집  ||  슬라임 후기  ||  슬라임  ||  후기,2019-02-22T10:09:38Z,301.0,False,72915,1493.0,351.0
3597,UCFIUgqzzNjCvarzIqCE89cA,하지니지,OZMF03gGqyc,🌟💦 :  해피슬라임 반짝 박스 후기  ||  해피슬라임  ||  슬라임 후기  ||  슬라임  ||  반짝 박스,2019-02-26T10:20:52Z,415.0,False,76167,1351.0,402.0
3597,UCFIUgqzzNjCvarzIqCE89cA,하지니지,tytC-btHQDg,🖐💦 :  퐁당 액괴 +  푹신 액점 = ?  ||  액괴섞기  ||  액괴 실험  ||  퐁당 액괴  ||  푹신 액괴  ||  액괴,2019-03-01T09:39:02Z,152.0,False,111369,2160.0,560.0
3597,UCFIUgqzzNjCvarzIqCE89cA,하지니지,Bqk5-IxOsqk,🐬🧀 :  무편집 액괴 영상 공유  ||  무편집 시리즈 액괴 영상 공유  ||  시리즈 액괴 2개 무편집 영상 공유  ||  양식 간단  ||  액괴  ||  시리즈 액괴,2019-03-03T05:32:37Z,103.0,False,46525,1213.0,775.0
3597,UCFIUgqzzNjCvarzIqCE89cA,하지니지,WSjFrY4RkZQ,🥳💥 :  액괴에 가지고 있는 모든 파츠 넣기  ||  파츠 액괴  ||  액괴에 파츠 넣기  ||  액괴 실험  ||  액괴  ||  투명 액괴,2019-03-15T09:37:00Z,118.0,False,197152,4259.0,661.0
3597,UCFIUgqzzNjCvarzIqCE89cA,하지니지,ll_4PuLjnxg,🤣💥 :  문구점 슬라임 따라잡기  ||  회오리 스무디 슬라임  ||  슬라임 따라잡기  ||  슬라임  ||  슬라임 만들기  ||  슬알못,2019-03-24T09:19:33Z,140.0,False,48003,983.0,204.0
3597,UCFIUgqzzNjCvarzIqCE89cA,하지니지,ViMZ-e5BbJI,🌸🥰💦  :  체리 블라썸 곤약 액괴  ||  체리 블라썸 액괴  ||  벚꽃 액괴  ||  투명 액괴  ||  곤약 젤리 액괴 || 질긴 액괴  ||  퐁당 액괴,2019-03-31T09:26:06Z,163.0,False,116815,3261.0,604.0
3597,UCFIUgqzzNjCvarzIqCE89cA,하지니지,kO59tkRo48o,💗💦 :  투명 액괴에 톤업 크림을 넣으면?  ||  액괴에 톤업 크림 넣기  ||  액괴  ||  액괴 실험  ||  투명 액괴,2019-04-14T07:25:02Z,105.0,False,73923,1351.0,233.0
3597,UCFIUgqzzNjCvarzIqCE89cA,하지니지,PxbYzM5k59U,🥳💦 :  두온 슬라임 후기  ||  슬라임 후기  ||  두온  ||  유튜브 슬라임  ||  슬라임,2019-05-04T05:42:40Z,403.0,False,27048,801.0,142.0
3597,UCFIUgqzzNjCvarzIqCE89cA,하지니지,4R80__bsKl0,👂💦  :  슬라임 청각파의 기포소리 모음집  ||  기포소리  ||  액괴 만지기  ||  슬라임 플레잉  ||  플레잉  ||  기포,2019-05-06T09:03:46Z,627.0,False,98585,2496.0,575.0
3597,UCFIUgqzzNjCvarzIqCE89cA,하지니지,Czz1vIIeguc,🍇☝️ :  아이클레이 한 팩으로 액괴 만들기  ||  액괴 만들기  ||  액점 만들기  ||  물풀 없이  ||  푹신 액괴  ||  보라 액괴,2019-05-18T08:22:43Z,131.0,False,110966,1821.0,295.0
3597,UCFIUgqzzNjCvarzIqCE89cA,하지니지,IzYdgHowRe0,❤🥰 :  뽀 슬라임 특별박스 후기  ||  슬라임 후기  ||  솔직 후기  ||  슬라임  ||  뽀 슬라임  ||  특별박스,2019-05-20T08:28:19Z,625.0,False,41303,1043.0,165.0
3597,UCFIUgqzzNjCvarzIqCE89cA,하지니지,anWl-WUl6LM,인스타 놀러오세용 ~ 😝,2019-05-25T06:23:44Z,61.0,False,27263,649.0,117.0
3597,UCFIUgqzzNjCvarzIqCE89cA,하지니지,MpSSLSmUeAk,🍇👌 :  아이클레이 한 팩으로 만든 액괴 3층되다?!  ||  3층 액괴  ||  액괴  ||  포도 액괴  ||  액점  ||  푹신 액점,2019-05-26T08:48:33Z,131.0,False,43577,1105.0,142.0
3597,UCFIUgqzzNjCvarzIqCE89cA,하지니지,DibtlNfyekg,🍏💦 :  상콤! 라임청 에이드 액괴  ||  투명 액괴  ||  투명 액괴 만들기  ||  액괴 만들기  ||  자연광 액괴  ||  연두 투명 액괴  ||  액괴,2019-06-02T09:14:31Z,152.0,False,315483,5168.0,937.0
3597,UCFIUgqzzNjCvarzIqCE89cA,하지니지,lpW19ODRC5E,🥝💦 :  무편집 액괴 영상 공유 ||  투명 액괴 무편집  ||  자연광 액괴 무편집  ||  컷편집  ||  양식 간단  ||  투명 액괴  ||  무액공,2019-06-03T08:21:26Z,102.0,False,125415,3159.0,2933.0
3597,UCFIUgqzzNjCvarzIqCE89cA,하지니지,1TdESdDAHQk,🍑❤ :  슬라임 업그레이드 시키기  ||  뽀티첼  ||  슬라임 업그레이드  ||  뽀 슬라임  ||  슬라임  ||  액괴 만들기  ||  액괴,2019-06-22T07:56:48Z,159.0,False,102524,2050.0,249.0
3597,UCFIUgqzzNjCvarzIqCE89cA,하지니지,gwy7KxWWnLY,❄💙 :  보통인 액괴에 쉐이빙폼 넣기  ||  액괴에 쉐이빙폼  ||  마블링 액괴  ||  액괴  ||  쉐이빙폼  ||  마블링,2019-07-13T05:00:55Z,205.0,False,200377,2729.0,327.0
3597,UCFIUgqzzNjCvarzIqCE89cA,하지니지,jrTEyH3O_M8,🌵🍏 :  녹은 슬라임 살리기  ||  슬라임 살리기  ||  알로에 수딩젤 슬라임  ||  후카 슬라임  ||  슬라임  ||  업그레이드,2019-07-18T08:03:37Z,177.0,False,282482,3923.0,367.0
3597,UCFIUgqzzNjCvarzIqCE89cA,하지니지,ylMXGC2AxD0,💙💦 :  무편집 액괴 영상 공유 ||  투명 액괴 무편집  ||  자연광 액괴 무편집  ||  컷편집  ||  양식 간단  ||  투명 액괴  ||  무액공,2019-07-21T04:20:08Z,117.0,False,56901,1415.0,779.0
3597,UCFIUgqzzNjCvarzIqCE89cA,하지니지,pWI_aOuX7O8,🌵💙 :  딱딱한 액괴에 수딩젤 1통 넣기  ||  액괴  ||  수딩젤 한 통 ||  수딩젤 액괴  ||  퐁당 액괴  ||  풍덩 액괴  ||  2탄,2019-07-29T08:47:04Z,153.0,False,390425,5899.0,691.0
3597,UCFIUgqzzNjCvarzIqCE89cA,하지니지,GARcRfBY6DY,🙆‍♀️💦 :  미공개 영상 모음  ||  액괴 모음  ||  슬라임 모음  ||  미공개  ||  액괴  ||  슬라임  ||  모음,2019-08-04T10:39:05Z,606.0,False,88907,1992.0,241.0
3597,UCFIUgqzzNjCvarzIqCE89cA,하지니지,cNbCA5OL2R4,🍇💜 :  퐁퐁 나라의 포도 공주님 액괴  ||  투명 액괴  ||  액괴  ||  아이폼 액괴  ||  포도 액괴  ||  보라색 액괴  ||  보라색  ||  포도,2019-08-12T09:51:43Z,193.0,False,100787,2370.0,247.0
3597,UCFIUgqzzNjCvarzIqCE89cA,하지니지,W5hY82_kj84,💗🐷 :  푹신 액점 퐁당 액괴로 만들기 ||  푹신 액점  ||  퐁당 액괴  ||  액점  ||  액괴  ||  푹신  ||  퐁당,2019-08-17T10:13:34Z,149.0,False,48203,1184.0,163.0
3597,UCFIUgqzzNjCvarzIqCE89cA,하지니지,m4u9WHvdDBg,🐢💦 :  녹은 슬라임에 캔 치젤몬 한 통 넣기  ||  고정댓 참고  ||  슬라임 섞기  ||  슬라임  ||  캔 치젤몬,2019-08-24T08:43:07Z,134.0,False,148706,2459.0,314.0
3597,UCFIUgqzzNjCvarzIqCE89cA,하지니지,023a1viY5II,❤🎂 :  딸기 생크림 케이크 액괴  ||  혼합 액괴  ||  생일 자축 영상  ||  액괴  ||  액점  ||  혼합,2019-08-26T08:05:40Z,181.0,False,47499,1281.0,306.0
3597,UCFIUgqzzNjCvarzIqCE89cA,하지니지,Lq07GtNhAbE,🍊🍉 :  슬라임 맛집 후기  ||  슬라임 맛집  ||  슬라임  ||  슬라임 후기  ||  후기,2019-09-04T07:56:20Z,268.0,False,29549,687.0,120.0
3597,UCFIUgqzzNjCvarzIqCE89cA,하지니지,u-oPEQ-mYdI,💜💦 :  투명 액괴에 인어가루 넣기  ||  인어가루  ||  투명액괴  ||  마블링 액괴  ||  펄  ||  마블링,2019-09-12T06:52:49Z,137.0,False,59651,1257.0,163.0
3597,UCFIUgqzzNjCvarzIqCE89cA,하지니지,Wi1xf6DSc58,🇹🇭💦 :  태국 슬라임으로 액괴 만들기  ||  태국  ||  태국 슬라임  ||  슬라임  ||  액괴  ||  투명 액괴,2019-10-21T08:52:08Z,146.0,False,59712,1159.0,121.0
3597,UCFIUgqzzNjCvarzIqCE89cA,하지니지,MO2Tfy_gBns,☁️💦 :  녹은 액괴에 탈지면 넣기  ||  액괴 실험  ||  액괴  ||  녹은 액괴 ||  탈지면,2019-10-30T08:24:00Z,125.0,False,148471,1978.0,238.0
3597,UCFIUgqzzNjCvarzIqCE89cA,하지니지,EnapqqWcmcA,🍅🍓 :  딱딱한 액괴 & 액점에 토마토 딸기 수딩젤 한 통 넣기  ||  수딩젤 한 통  ||  딱딱한 액괴  ||  액괴 살리기,2019-12-15T09:56:20Z,139.0,False,39918,743.0,96.0
3597,UCFIUgqzzNjCvarzIqCE89cA,하지니지,gBiXsFuDUwA,무편집 영상 공유 + 공지 !! ( 설참 ),2020-01-14T08:33:22Z,98.0,False,68644,968.0,92.0
3597,UCFIUgqzzNjCvarzIqCE89cA,하지니지,7Z3CMk-X1Ik,그동안 감사했습니다 하블리분들 💗,2020-02-26T06:35:37Z,4.0,True,119043,1116.0,323.0
3597,UCFIUgqzzNjCvarzIqCE89cA,하지니지,V8dlQYCE0-8,"계정, 채널 복구 !!!",2020-03-17T09:43:32Z,4.0,True,93535,1076.0,196.0
3597,UCFIUgqzzNjCvarzIqCE89cA,하지니지,QAmjh624F7U,쭈꾸미 먹방 브이로그 ( 얼공…?????? 😨🤯 ),2021-07-27T08:08:26Z,422.0,False,41441,971.0,174.0
3597,UCFIUgqzzNjCvarzIqCE89cA,하지니지,lVxzIvAidzI,학교에서 고데기 강좌,2022-07-06T04:42:35Z,123.0,False,28147,198.0,
3597,UCFIUgqzzNjCvarzIqCE89cA,하지니지,gGcQhMTFJPU,[V-LOG] 05년생 파자마 파티 브이로그,2022-08-11T10:29:08Z,650.0,False,20354,161.0,
3597,UCFIUgqzzNjCvarzIqCE89cA,하지니지,PPWwTEQibUQ,영대생의 하루 #1: 전공자유선택학부 #영남대숏챌 #YU숏챌 #영대입학 #영남대학교 #전공자유선택학부 #영대생활 #영남대 #대학생활 #학과생활  #2024YU숏챌,2024-12-29T14:12:15Z,58.0,True,3224,25.0,1.0
3597,UCFIUgqzzNjCvarzIqCE89cA,하지니지,Ed-bjzq__0M,영대생의 하루 #2: 힙합동아리 HIPCOM #영남대숏챌 #YU숏챌 #영대입학 #영남대학교 #전공자유선택학부 #영대생활 #영남대 #대학생활 #학과생활  #2024yu숏챌,2024-12-29T14:12:16Z,54.0,True,1742,12.0,1.0
3597,UCFIUgqzzNjCvarzIqCE89cA,하지니지,XMPhiFqVi9c,영대생의 하루 #3: 영대신문 #영남대숏챌 #YU숏챌 #영대입학 #영남대학교 #전공자유선택학부 #영대생활 #영남대 #대학생활 #학과생활  #2024yu숏챌,2024-12-29T14:12:41Z,56.0,True,2173,31.0,2.0
3598,UCqcHlYhOAJgDcHJn_Q-qcsw,에이블리,JAjcCbzvJXg,INTP CEO가 진심을 전하는 법,2025-06-23T07:15:32Z,46.0,True,1973,16.0,2.0
3598,UCqcHlYhOAJgDcHJn_Q-qcsw,에이블리,awLAfbi_nvw,에이블리 팀원들이 만두를 점심으로 먹으면 생기는일.mp4🥟  #에이블리#직장인브이로그 #점심메뉴 #안경만두 #만두,2025-06-24T07:15:03Z,5.0,True,6298,32.0,2.0
3598,UCqcHlYhOAJgDcHJn_Q-qcsw,에이블리,lkMtEBZuPSA,아이유 #꽃갈피셋 한정 CDP #앨범깡  ⚠️ 꼭 소리를 켜고 끝까지 들어주세요👂🏻🎶 인생네컷부터 포토카드까지 💿 #아이유 #에이블리 #아이유앨범 #유애나,2025-07-22T07:08:08Z,39.0,True,16054,232.0,15.0
3598,UCqcHlYhOAJgDcHJn_Q-qcsw,에이블리,bKzHwRNUvkc,에이블리 50퍼 쿠폰 왜 안 주세요??  #에이블리 #티켓팅 #여자쇼핑몰 #여름코디 #쿠폰,2025-07-31T09:16:26Z,28.0,True,49912,155.0,1.0
3598,UCqcHlYhOAJgDcHJn_Q-qcsw,에이블리,lRK7lZV65ws,요즘 에이블리 직원들이 줄지어 다니는 이유는? #에이블리 #회사생활  #여자쇼핑몰 #여름코디 #쿠폰 #회사소개  #회사브이로그 #함께해요,2025-08-01T08:45:18Z,19.0,True,3758,7.0,0.0
3598,UCqcHlYhOAJgDcHJn_Q-qcsw,에이블리,GqryCfxB36c,#에이블리 #티켓팅 #여자쇼핑몰 #여름코디 #쿠폰,2025-08-02T06:30:18Z,14.0,True,2649,6.0,1.0
3598,UCqcHlYhOAJgDcHJn_Q-qcsw,에이블리,V0dz0fS2U_A,같은 앱인데 친구와 나의 화면이 다르다고? #에이블리 #AI #개인화 #채용,2025-09-26T08:28:23Z,43.0,True,2348,10.0,1.0
3598,UCqcHlYhOAJgDcHJn_Q-qcsw,에이블리,kRkG0oEFpAo,'거꾸로' 했을 뿐인데 10만 명이 열광한 전략,2025-10-29T07:54:34Z,32.0,True,2166,4.0,0.0
3598,UCqcHlYhOAJgDcHJn_Q-qcsw,에이블리,395hrV7IZLY,서울대생은 ceo에게 무엇이 궁금할까,2025-11-10T06:36:05Z,65.0,False,2168,22.0,1.0
3598,UCqcHlYhOAJgDcHJn_Q-qcsw,에이블리,r_rqIYBSP7I,[에이블리] 연말 케이크 픽업 예약하기 OPEN 🎂,2025-12-05T06:57:25Z,35.0,True,121629,52.0,1.0
3598,UCqcHlYhOAJgDcHJn_Q-qcsw,에이블리,PiaDNUBj6gA,#T1 #ABLY 회사에서 티켓팅하는 직원 ☆실 존☆,2026-02-12T12:27:55Z,25.0,True,2984,22.0,3.0
3598,UCqcHlYhOAJgDcHJn_Q-qcsw,에이블리,KlavRcAg3ss,T1 친필 사인 유니폼?! 실물 영접해 버렸습니다…✨ #ABLY #T1 #ABLE_TO_W1N,2026-03-05T09:00:33Z,16.0,True,6108,55.0,4.0
3598,UCqcHlYhOAJgDcHJn_Q-qcsw,에이블리,2RLBX_1VtN4,⭐️EVENT⭐️ T1 선수 이름 맞추고 T1 보조배터리 받아 가세요! #티원 #T1 #ABLY #ABLE_TO_W1N,2026-03-11T09:02:01Z,12.0,True,3077,13.0,17.0
3598,UCqcHlYhOAJgDcHJn_Q-qcsw,에이블리,XcIIGO6aqzI,칭찬을 어떻게 받아들여야 할지 모르는 T1팬 #POV #ABLY #T1 #ABLE_TO_W1N,2026-03-13T09:01:00Z,11.0,True,22410,124.0,6.0
3598,UCqcHlYhOAJgDcHJn_Q-qcsw,에이블리,QpsnYEzfB5g,T1 팬 6년 차가 이룬 것들.. #에이블리 #ABLY #T1 #ABLE_TO_W1N,2026-03-18T09:00:47Z,20.0,True,5780,43.0,3.0
3598,UCqcHlYhOAJgDcHJn_Q-qcsw,에이블리,L_oBYHyHS5g,의외로 T1팬이 먹으면 안 되는 것들⚠️ #ABLY #T1 #ABLE_TO_W1N,2026-03-20T09:00:29Z,14.0,True,2245,19.0,1.0
3598,UCqcHlYhOAJgDcHJn_Q-qcsw,에이블리,CTSRDoEFp6Q,T1 Pick 훠궈 소스 추천 ⭐️ #티원 #T1 #ABLY #ABLE_TO_W1N,2026-03-24T09:52:14Z,12.0,True,3222,47.0,0.0
3598,UCqcHlYhOAJgDcHJn_Q-qcsw,에이블리,_HPsjtOLG1Q,에이블리가 T1 스폰서 되고 항상 듣는 말들 BEST 4,2026-03-26T10:29:24Z,21.0,True,12474,87.0,3.0
3598,UCqcHlYhOAJgDcHJn_Q-qcsw,에이블리,9HoH8JJ8sAc,페이커 주파수로 랭겜 캐리한 썰 푼다...✨ #티원 #T1 #ABLY #ABLE_TO_W1N,2026-03-27T09:00:09Z,13.0,True,20610,154.0,10.0
3598,UCqcHlYhOAJgDcHJn_Q-qcsw,에이블리,ueR5bDoSxpw,페이커 (The God)되는 주파수 #ABLY #T1 #티원 #ABLE_TO_W1N,2026-03-30T09:01:01Z,15.0,True,1300,23.0,2.0
3598,UCqcHlYhOAJgDcHJn_Q-qcsw,에이블리,KCHPqdUasw0,요즘 가장 의외라는 T1 스폰서?,2026-03-31T09:00:31Z,20.0,True,9996,108.0,5.0
3598,UCqcHlYhOAJgDcHJn_Q-qcsw,에이블리,TI0gwTru57c,T1 팬 필수 호신술 5가지❗️#티원 #T1 #ABLY #ABLE_TO_W1N,2026-04-06T09:00:41Z,29.0,True,2399,27.0,1.0
3598,UCqcHlYhOAJgDcHJn_Q-qcsw,에이블리,bk3YepcHYb8,그리즐리 챌린지 에이블리도 막차 탑승!!🚌 #티원 #T1 #ABLY #ABLE_TO_W1N,2026-04-07T09:00:58Z,14.0,True,6202,37.0,3.0
3598,UCqcHlYhOAJgDcHJn_Q-qcsw,에이블리,QiFgYD7y7Gk,"당신이 60만 원을 가지고 있다면,,,💵 #티원 #T1 #ABLY #ABLE_TO_W1N",2026-04-08T09:00:40Z,9.0,True,21105,25.0,7.0
3598,UCqcHlYhOAJgDcHJn_Q-qcsw,에이블리,TN4CCY1z7vM,빈칸을 채워서 읽어주세요 📝 #티원 #T1 #ABLY #ABLE_TO_W1N,2026-04-15T09:00:43Z,13.0,True,16405,97.0,19.0
3598,UCqcHlYhOAJgDcHJn_Q-qcsw,에이블리,2Gis4UeSZ5c,T1 x ABLY 한정판 굿즈가 출시된다고요!?😮 #티원 #T1 #ABLY #ABLE_TO_W1N,2026-04-17T09:00:04Z,36.0,True,9249,146.0,4.0
3598,UCqcHlYhOAJgDcHJn_Q-qcsw,에이블리,hOkI0YzPMrs,🐿️🐯🐱🐨🐶 : 이래두 나 않 사..? #티원 #T1 #ABLY #ABLE_TO_W1N,2026-04-21T10:01:08Z,13.0,True,15027,231.0,1.0
3598,UCqcHlYhOAJgDcHJn_Q-qcsw,에이블리,CrVo14_JuCw,@공유받은 사람이 굿즈 사주기✨ #티원 #T1 #ABLY #ABLE_TO_W1N,2026-04-22T11:45:27Z,16.0,True,4946,61.0,4.0
3598,UCqcHlYhOAJgDcHJn_Q-qcsw,에이블리,8VzELGEaFZI,많은 걸 보여주는 또또👰🏻‍♀️♥️,2026-04-23T10:12:08Z,12.0,True,4557,10.0,2.0
3598,UCqcHlYhOAJgDcHJn_Q-qcsw,에이블리,R9CW02oB1uY,🪩또또의 NEW 신곡🎤(에이블리 헌정송),2026-04-23T10:15:28Z,25.0,True,4256,26.0,3.0
3598,UCqcHlYhOAJgDcHJn_Q-qcsw,에이블리,vhebqz0oz4Q,어느 날 등장한 메가급 할인의 서막 #에이블리 #shorts #테슬라,2026-04-24T11:33:24Z,60.0,True,132727,20.0,1.0
3598,UCqcHlYhOAJgDcHJn_Q-qcsw,에이블리,CvTG_1HBr-g,에이블리 부스만 방문해도 선물을 준다고?! #티원 #T1 #ABLY #ABLE_TO_W1N,2026-04-24T23:21:46Z,32.0,True,18917,250.0,1.0
3598,UCqcHlYhOAJgDcHJn_Q-qcsw,에이블리,DvcJkTbJqYM,T1팬들 사이에서 난리 난 마트료시카 5단 변신ㅋㅋㅋ #ABLY #T1 #ABLE_TO_W1N #운타라 #이성훈캐스터,2026-04-25T09:09:46Z,50.0,True,34109,709.0,24.0
3598,UCqcHlYhOAJgDcHJn_Q-qcsw,에이블리,CUCJKb9UNW0,상위 0.0001%만 맞춘다는 T1 아이콘 메탈 키체인 ㄷㄷ #티원 #T1 #ABLY #ABLE_TO_W1N,2026-04-27T11:03:05Z,8.0,True,10477,95.0,5.0
3598,UCqcHlYhOAJgDcHJn_Q-qcsw,에이블리,PsNzLd4xmL0,케리아 (The Genius)되는 주파수 #티원 #T1 #ABLY #ABLE_TO_W1N,2026-04-28T09:49:22Z,16.0,True,3833,118.0,12.0
3598,UCqcHlYhOAJgDcHJn_Q-qcsw,에이블리,aqFIz2uiCCw,[메가세일 8주년] 4.27 - 5.12👖데님 하나로 8가지 스타일링🪄,2026-04-28T12:01:42Z,97.0,False,2264,9.0,0.0
3598,UCqcHlYhOAJgDcHJn_Q-qcsw,에이블리,6xHZMj0bsR8,🌹탱고 운타라🌹 비하인드 풉니다ㅋㅋㅋ #티원 #T1 #ABLY #ABLE_TO_W1N,2026-04-30T10:01:27Z,179.0,False,123848,2648.0,158.0
3598,UCqcHlYhOAJgDcHJn_Q-qcsw,에이블리,EBIHrpy8agE,갑자기 8만원 받은 썰 푼다..txt #에이블리 #메가세일 #에이블리메가세일,2026-05-04T01:00:59Z,46.0,True,1720,7.0,0.0
3598,UCqcHlYhOAJgDcHJn_Q-qcsw,에이블리,Oy-87Z_pHZI,메가세일 8주년 🎥[8트 탐구] EP.2 치트키 스커트 하나로 끝내는 하객룩 8가지 💍,2026-05-05T08:56:27Z,9.0,True,849,2.0,1.0
3598,UCqcHlYhOAJgDcHJn_Q-qcsw,에이블리,4Q17MMLMv3Y,메가세일 8주년 🎥[8트 탐구] EP.2 치트키 스커트 하나로 끝내는 하객룩 8가지 💍,2026-05-05T08:57:02Z,11.0,True,976,6.0,1.0
3598,UCqcHlYhOAJgDcHJn_Q-qcsw,에이블리,W4n2-4lPZOk,메가세일 8주년 🎥[8트 탐구] EP.2 치트키 스커트 하나로 끝내는 하객룩 8가지 💍,2026-05-05T08:57:53Z,10.0,True,2276,4.0,1.0
3598,UCqcHlYhOAJgDcHJn_Q-qcsw,에이블리,NQha4EoJeuw,메가세일 8주년 🎥[8트 탐구] EP.2 치트키 스커트 하나로 끝내는 하객룩 8가지 💍,2026-05-05T08:58:32Z,15.0,True,1586,4.0,1.0
3598,UCqcHlYhOAJgDcHJn_Q-qcsw,에이블리,Fcl23YH5i9s,메가세일 8주년 🎥[8트 탐구] EP.2 치트키 스커트 하나로 끝내는 하객룩 8가지 💍,2026-05-05T08:58:50Z,11.0,True,1600,2.0,1.0
3598,UCqcHlYhOAJgDcHJn_Q-qcsw,에이블리,pj-Dh6tQuUI,메가세일 8주년 🎥[8트 탐구] EP.2 치트키 스커트 하나로 끝내는 하객룩 8가지 💍,2026-05-05T08:59:12Z,12.0,True,1945,4.0,1.0
3598,UCqcHlYhOAJgDcHJn_Q-qcsw,에이블리,BswYTrzyDl4,메가세일 8주년 🎥[8트 탐구] EP.2 치트키 스커트 하나로 끝내는 하객룩 8가지 💍,2026-05-05T08:59:23Z,13.0,True,1689,4.0,1.0
3598,UCqcHlYhOAJgDcHJn_Q-qcsw,에이블리,bPuGi6rEoB0,메가세일 8주년 🎥[8트 탐구] EP.2 치트키 스커트 하나로 끝내는 하객룩 8가지 💍,2026-05-05T09:00:41Z,13.0,True,1795,6.0,2.0
3598,UCqcHlYhOAJgDcHJn_Q-qcsw,에이블리,UibY7esIxT4,#EVENT 에이블리가 페이커(GOD） 생일 트럭 만든 썰 푼다!,2026-05-07T10:16:59Z,32.0,True,30638,1046.0,41.0
3598,UCqcHlYhOAJgDcHJn_Q-qcsw,에이블리,6yJBwbFEyIc,T1팬이었던 내가… 에이블리 T1 담당자가 됐다고?! 1편 #티원 #T1 #ABLY #ABLE_TO_W1N,2026-05-08T10:41:15Z,40.0,True,33203,684.0,19.0
3598,UCqcHlYhOAJgDcHJn_Q-qcsw,에이블리,6cSEc3BS8cg,에이블리 부스🎪에 초특급 게스트들이 등장했다?! #티원 #T1 #ABLY #ABLE_TO_W1N,2026-05-15T09:00:08Z,33.0,True,26605,535.0,10.0
3598,UCqcHlYhOAJgDcHJn_Q-qcsw,에이블리,drNIw3WKGEo,2026 T1 홈그라운드 속 에이블리 부스 👀 에이블리 부스 현장 스케치 #티원 #T1 #ABLY #ABLE_TO_W1N,2026-05-15T09:00:51Z,66.0,False,299,13.0,2.0
3599,UC4lGmolw8WHeUTlt9JVKXPg,룬레이,rkGIsA0WWfg,미자 때 한 술 먹방 캠 풉니다..,2020-12-12T06:19:34Z,604.0,False,253478,3704.0,464.0
3599,UC4lGmolw8WHeUTlt9JVKXPg,룬레이,3uqNpoaX1xc,매니저한테마저 욕 먹는 스트리머..(vr도입),2021-01-24T04:00:02Z,648.0,False,93284,2290.0,288.0
3599,UC4lGmolw8WHeUTlt9JVKXPg,룬레이,b3oqHIbFCRE,첫 술 먹방인데 노딱 봉인 해제되서 정지 당할뻔..,2021-01-30T04:52:10Z,631.0,False,242472,4507.0,510.0
3599,UC4lGmolw8WHeUTlt9JVKXPg,룬레이,fkWFLzbOUpY,술 취해서 동생들한테 속마음을 고백해버렸다..,2021-01-31T04:00:10Z,606.0,False,196480,4116.0,316.0
3599,UC4lGmolw8WHeUTlt9JVKXPg,룬레이,eLXsD8fBC2s,여고생 냄새 무한리필,2021-02-06T04:09:44Z,496.0,False,98654,1584.0,173.0
3599,UC4lGmolw8WHeUTlt9JVKXPg,룬레이,qBGeZ1b25Bw,ㅋㅋ 플라토닉 러브? ㅈ까슈 ㅋㅋ,2021-03-13T04:00:06Z,605.0,False,49606,1084.0,149.0
3599,UC4lGmolw8WHeUTlt9JVKXPg,룬레이,sVpedLXreQM,사춘기인 중학생은 한참 밝힐 나이였지..음음,2021-03-14T04:00:06Z,521.0,False,118394,1727.0,256.0
3599,UC4lGmolw8WHeUTlt9JVKXPg,룬레이,d7l_Qrnppy8,울리고 재빨리 눈물에 밥 비벼먹기,2021-07-10T04:00:19Z,482.0,False,40062,1048.0,138.0
3599,UC4lGmolw8WHeUTlt9JVKXPg,룬레이,V_EZZVxzxe0,다시보니까 천박하기 그지없는 대화,2021-07-11T04:00:06Z,491.0,False,89749,2028.0,170.0
3599,UC4lGmolw8WHeUTlt9JVKXPg,룬레이,IecknsdYM_w,물귀신이랑 함 뜰줄은 몰랐지,2021-07-17T04:00:04Z,726.0,False,33377,658.0,80.0
3599,UC4lGmolw8WHeUTlt9JVKXPg,룬레이,QZBnVCQaobY,언니가 체면이 있는데 미드는 양보해줘야지!!,2021-07-18T06:52:14Z,484.0,False,82869,1642.0,95.0
3599,UC4lGmolw8WHeUTlt9JVKXPg,룬레이,rMjK-Rx6dwU,물이 많아서 다행이야.. 안 들키니까..❤,2021-07-24T08:37:05Z,482.0,False,55104,1046.0,112.0
3599,UC4lGmolw8WHeUTlt9JVKXPg,룬레이,_4Q4i2CJuYE,정망개 조동아리 딱.대.,2021-07-25T06:02:48Z,605.0,False,40721,953.0,58.0
3599,UC4lGmolw8WHeUTlt9JVKXPg,룬레이,fLpCOuB2bB8,나 이런 모습도 있는 여자야,2021-07-31T06:00:15Z,481.0,False,36103,900.0,114.0
3599,UC4lGmolw8WHeUTlt9JVKXPg,룬레이,uMiGIZUwMe8,내가 먹는거 잘 봐❤,2021-08-01T06:00:08Z,488.0,False,39243,758.0,65.0
3599,UC4lGmolw8WHeUTlt9JVKXPg,룬레이,Tm4I7goQqJk,"자, 이제 누가 악당이지?",2021-08-07T07:00:06Z,778.0,False,53639,1019.0,102.0
3599,UC4lGmolw8WHeUTlt9JVKXPg,룬레이,tqD7yQISDKA,극한직업 택배배달 직접 해봤습니다..,2021-08-08T06:00:09Z,783.0,False,28331,541.0,52.0
3599,UC4lGmolw8WHeUTlt9JVKXPg,룬레이,n9p4a3lbzK0,자본 앞에서 철저히 무너진 제로투,2021-08-21T07:08:48Z,617.0,False,319529,4207.0,297.0
3599,UC4lGmolw8WHeUTlt9JVKXPg,룬레이,H-5CDnNpIq4,현실합방 중 메챠쿠챠 해버렸다,2022-02-16T12:00:16Z,568.0,False,145437,3373.0,238.0
3599,UC4lGmolw8WHeUTlt9JVKXPg,룬레이,kBwPtHvLeak,생방 중 진짜 목소리 들킨 김에 올립니다..,2022-02-26T05:13:00Z,492.0,False,59564,1461.0,81.0
3599,UC4lGmolw8WHeUTlt9JVKXPg,룬레이,k87Rm_P_eRQ,"폭유, 천박할 정도로 좋아합니다.",2022-03-01T08:20:47Z,482.0,False,44207,1166.0,163.0
3599,UC4lGmolw8WHeUTlt9JVKXPg,룬레이,DFM8rOZOMqA,너네들도 알 나이가 됐지,2022-03-05T07:29:30Z,518.0,False,67178,1791.0,178.0
3599,UC4lGmolw8WHeUTlt9JVKXPg,룬레이,EmxELdC3Aw0,나 없을 때 행복해하지마,2022-03-06T04:02:09Z,481.0,False,24472,867.0,71.0
3599,UC4lGmolw8WHeUTlt9JVKXPg,룬레이,K1kSE3QVAW0,"야호-, 와타시 백수난다케도www★",2022-03-12T03:00:05Z,338.0,False,16684,528.0,56.0
3599,UC4lGmolw8WHeUTlt9JVKXPg,룬레이,3AV0kSdNhRg,"허벌웃음 룬레이(22살, 백수)",2022-03-13T04:56:29Z,480.0,False,36304,1072.0,76.0
3599,UC4lGmolw8WHeUTlt9JVKXPg,룬레이,nACGkECUF70,야 이 오빠라는 사람이 여동생한테 할 말이냐,2022-03-19T06:59:21Z,517.0,False,97332,2389.0,168.0
3599,UC4lGmolw8WHeUTlt9JVKXPg,룬레이,QAJ4zuZQeKE,왜 죄다 벗고있는거야?,2022-03-20T06:16:02Z,873.0,False,22071,551.0,49.0
3599,UC4lGmolw8WHeUTlt9JVKXPg,룬레이,z2zUH86ayw0,헤으응한 사서눈나들 클리셰,2022-03-26T03:57:31Z,517.0,False,24776,840.0,93.0
3599,UC4lGmolw8WHeUTlt9JVKXPg,룬레이,OI1tOtO6dCM,ㅈ토피아에서 천적을 만났다!,2022-03-27T12:26:16Z,604.0,False,52971,1091.0,72.0
3599,UC4lGmolw8WHeUTlt9JVKXPg,룬레이,KsjfVJiJ3FU,옵빠이 ㅈ나 큼.,2022-04-02T03:01:45Z,489.0,False,47412,1432.0,98.0
3599,UC4lGmolw8WHeUTlt9JVKXPg,룬레이,LVp_DHUxIcc,단백질 도둑,2022-04-03T05:47:42Z,480.0,False,38350,1078.0,87.0
3599,UC4lGmolw8WHeUTlt9JVKXPg,룬레이,Il5myDIM2Cs,애완견 앞에서 ㄸ을 치는 트수가 있다?,2022-04-09T04:37:30Z,482.0,False,17371,511.0,80.0
3599,UC4lGmolw8WHeUTlt9JVKXPg,룬레이,kJlMCs5OF2s,그림으로 알려주는 성교육,2022-04-10T05:22:35Z,481.0,False,55577,1819.0,180.0
3599,UC4lGmolw8WHeUTlt9JVKXPg,룬레이,3E5j_YCgfJQ,오싹오싹 움찔움찔 뷰릇뷰릇,2022-04-16T07:44:56Z,481.0,False,51605,1479.0,131.0
3599,UC4lGmolw8WHeUTlt9JVKXPg,룬레이,jvikIlhW1yY,출렁출렁 꿀렁꿀렁 꿈틀꿈틀,2022-04-17T08:20:22Z,491.0,False,44348,1442.0,113.0
3599,UC4lGmolw8WHeUTlt9JVKXPg,룬레이,qPFAvXd9AiU,어질어질한 성교육,2022-04-23T04:59:35Z,481.0,False,51948,1493.0,125.0
3599,UC4lGmolw8WHeUTlt9JVKXPg,룬레이,mEZWNTaxT4o,남자의 소중이를 규-웃!★,2022-04-24T07:54:27Z,482.0,False,96241,1272.0,149.0
3599,UC4lGmolw8WHeUTlt9JVKXPg,룬레이,dWwL0C4h0mc,강서구 분수녀 룬레이,2022-05-07T08:50:57Z,481.0,False,63234,1429.0,123.0
3599,UC4lGmolw8WHeUTlt9JVKXPg,룬레이,Of9--Oeli6E,난 순수하다고! 너네 때문이야!,2022-05-14T08:17:46Z,486.0,False,16707,497.0,65.0
3599,UC4lGmolw8WHeUTlt9JVKXPg,룬레이,_dRHSlD2A2U,육ㄴ예년아(실제로 한 말),2022-05-15T07:41:49Z,483.0,False,28061,625.0,54.0
3599,UC4lGmolw8WHeUTlt9JVKXPg,룬레이,lA38rK8r16s,모르는 사람한테 폰허x 달라고해버렸다..,2022-05-21T06:16:10Z,480.0,False,21071,482.0,54.0
3599,UC4lGmolw8WHeUTlt9JVKXPg,룬레이,DjMGpHL6CKM,아헤가오+폰허브 셔츠 입고 캠방,2022-05-22T05:58:48Z,497.0,False,163173,1829.0,153.0
3599,UC4lGmolw8WHeUTlt9JVKXPg,룬레이,r6XNG2FCYSw,은둔 히키코모리 음란 atm기기 #Shorts,2022-11-16T06:00:38Z,50.0,True,35503,1026.0,75.0
3599,UC4lGmolw8WHeUTlt9JVKXPg,룬레이,vf3tzsKlQEg,게임에 왜 내 속옷이 있는거야 #shorts,2023-01-19T03:13:51Z,50.0,True,44087,924.0,40.0
3599,UC4lGmolw8WHeUTlt9JVKXPg,룬레이,DiCq-_CbUyY,여전히 정신 안 차리는 나,2023-01-29T09:00:12Z,481.0,False,27466,624.0,113.0
3599,UC4lGmolw8WHeUTlt9JVKXPg,룬레이,nQkx3zq4UME,술자리에서 100% 남자를 꼬시는 방법,2023-02-18T09:00:29Z,485.0,False,30109,612.0,72.0
3599,UC4lGmolw8WHeUTlt9JVKXPg,룬레이,tkqCrJIGAgw,방송 도중 시청자에게 당했습니다,2023-03-01T11:30:32Z,290.0,False,22614,591.0,65.0
3599,UC4lGmolw8WHeUTlt9JVKXPg,룬레이,5bA61wmgT7I,공파야 너가 그러니까 모쏠인거야,2023-03-20T10:00:06Z,360.0,False,28667,704.0,53.0
3599,UC4lGmolw8WHeUTlt9JVKXPg,룬레이,kYDYkBjQmZQ,꽃감아 언니가 만만해?,2023-03-25T12:00:36Z,343.0,False,41361,641.0,55.0
3599,UC4lGmolw8WHeUTlt9JVKXPg,룬레이,XMQLRt3jewc,누나랑 잠깐 이야기좀할까?,2023-04-04T09:00:31Z,481.0,False,110055,975.0,149.0
