idx,channel_id,channel_title,video_id,video_title,published_at,duration_sec,is_shorts,view_count,like_count,comment_count
3400,UCb3XMd6KgVhp48VcJAqEeiw,RE:REVOLUTION [혁명의 심장],251oM5KtIHo,"[ RE:REVOLUTION ] 나름 혁명군도 가수다 ""발표곡 공개""",2025-08-03T13:49:09Z,7103.0,False,22628,1430.0,51.0
3400,UCb3XMd6KgVhp48VcJAqEeiw,RE:REVOLUTION [혁명의 심장],y3mMswE5G3U,바비 챌린지 #shorts,2025-08-05T00:55:19Z,13.0,True,102422,5663.0,134.0
3400,UCb3XMd6KgVhp48VcJAqEeiw,RE:REVOLUTION [혁명의 심장],VU2NWZ6XELE,[혁명군 이야기] 죄와 의지 (5),2025-08-14T12:13:24Z,87.0,False,44528,3132.0,219.0
3400,UCb3XMd6KgVhp48VcJAqEeiw,RE:REVOLUTION [혁명의 심장],d3ZN6qyJnJ0,[ RE:REVOLUTION ] 리레디액션 5화 ㄹㅅㅇ ㄹㄹ,2025-08-28T13:20:48Z,7664.0,False,11523,808.0,17.0
3400,UCb3XMd6KgVhp48VcJAqEeiw,RE:REVOLUTION [혁명의 심장],wTlUp0Qw3BQ,"【파트뺏기】 사무라이 하트  (Some Like It Hot!!) 가사에 ""이"" 나오면 파트 교체 【RE:REVOLUTION】",2025-08-31T10:00:11Z,198.0,False,547755,10267.0,572.0
3400,UCb3XMd6KgVhp48VcJAqEeiw,RE:REVOLUTION [혁명의 심장],IbplUwHaMAs,[ RE:REVOLUTION ] 리레 사슴을 사냥해 보아요 ~ㅎ,2025-09-07T13:44:56Z,8549.0,False,13140,936.0,18.0
3400,UCb3XMd6KgVhp48VcJAqEeiw,RE:REVOLUTION [혁명의 심장],QhzN49Cu3lk,[혁명군 이야기] 죄와 의지 (6),2025-09-09T10:30:13Z,88.0,False,45538,2950.0,188.0
3400,UCb3XMd6KgVhp48VcJAqEeiw,RE:REVOLUTION [혁명의 심장],ywU0ujxm4HI,[ RE:REVOLUTION ] 리레의 대환장 주사위 파티 !,2025-09-21T14:01:13Z,10207.0,False,11330,811.0,15.0
3400,UCb3XMd6KgVhp48VcJAqEeiw,RE:REVOLUTION [혁명의 심장],bGItk2A3SPM,[ RE:REVOLUTION ] 추석 기념 리레 야생능력자!,2025-10-05T14:20:11Z,11195.0,False,12054,819.0,15.0
3400,UCb3XMd6KgVhp48VcJAqEeiw,RE:REVOLUTION [혁명의 심장],4f5mMaIYfCA,[ RE:REVOLUTION ] 리레볼루션과 유닛과 사연 라디오!,2025-10-19T13:56:04Z,9936.0,False,12320,960.0,12.0
3400,UCb3XMd6KgVhp48VcJAqEeiw,RE:REVOLUTION [혁명의 심장],ckxdS32QZh0,[혁명군 이야기] 죄와 의지 (7),2025-10-24T05:41:55Z,150.0,False,35924,2793.0,151.0
3400,UCb3XMd6KgVhp48VcJAqEeiw,RE:REVOLUTION [혁명의 심장],9Wzaug9e_yQ,[ RE:REVOLUTION ] 리레디액션 6화 ㄴㄹㅁㅊㄱ,2025-10-30T15:00:49Z,7129.0,False,10629,807.0,13.0
3400,UCb3XMd6KgVhp48VcJAqEeiw,RE:REVOLUTION [혁명의 심장],vbPVej60e5Y,리레볼루션이 전하는 2026년 수능 응원 메세지!,2025-11-11T12:09:41Z,122.0,False,15118,2577.0,220.0
3400,UCb3XMd6KgVhp48VcJAqEeiw,RE:REVOLUTION [혁명의 심장],CPAglGJJErQ,리레볼루션 샹젤리제~ #shorts,2025-11-11T15:48:31Z,36.0,True,141297,8452.0,151.0
3400,UCb3XMd6KgVhp48VcJAqEeiw,RE:REVOLUTION [혁명의 심장],ZZFTItr8kWM,[ RE:REVOLUTION ] 리레볼루션 협동 훈련! + 간단한 공지,2025-11-16T14:17:57Z,11014.0,False,14027,1005.0,12.0
3400,UCb3XMd6KgVhp48VcJAqEeiw,RE:REVOLUTION [혁명의 심장],YeS68gqhqHU,[ RE:REVOLUTION ] 리레디액션 7화 ㅂㄹㅁㅂ,2025-11-27T13:18:02Z,7733.0,False,10503,617.0,12.0
3400,UCb3XMd6KgVhp48VcJAqEeiw,RE:REVOLUTION [혁명의 심장],wecfnbwOKHo,RE:REVOLUTION ' UFO (텔레파시)' Official MV,2025-11-29T06:00:06Z,211.0,False,330622,7348.0,659.0
3400,UCb3XMd6KgVhp48VcJAqEeiw,RE:REVOLUTION [혁명의 심장],9tImzulO9II,중독성 강한 리레볼루션 신곡 UFO #shorts,2025-11-29T06:22:16Z,53.0,True,100932,8238.0,174.0
3400,UCb3XMd6KgVhp48VcJAqEeiw,RE:REVOLUTION [혁명의 심장],i73Bl2RZOf4,[RE:REVOLUTION] 놀랍게도 추억의 게임 중입니다. [리레디] #3-1,2026-01-04T11:17:27Z,1056.0,False,24184,1564.0,76.0
3400,UCb3XMd6KgVhp48VcJAqEeiw,RE:REVOLUTION [혁명의 심장],dHk6qdy--Y8,【이심전심】아이리스 아웃(IRIS OUT)을 파트분배 없이 엄청난 퀄리티로! 눈치껏 합창해보았다!!! [리레볼루션],2026-01-09T10:00:06Z,152.0,False,331087,8962.0,620.0
3400,UCb3XMd6KgVhp48VcJAqEeiw,RE:REVOLUTION [혁명의 심장],Ax_rD_6e_UA,흔한 버츄얼 팀 리더에 대한 멤버들의 대우 #shorts,2026-01-10T01:24:12Z,25.0,True,73212,3873.0,50.0
3400,UCb3XMd6KgVhp48VcJAqEeiw,RE:REVOLUTION [혁명의 심장],_S0XBGKBn0w,대놓고 숟가락 선언하는 버츄얼 멤버 #shorts,2026-01-10T01:26:43Z,45.0,True,38091,2486.0,23.0
3400,UCb3XMd6KgVhp48VcJAqEeiw,RE:REVOLUTION [혁명의 심장],7JzHnG7fOM8,【이심전심】아이리스 아웃(IRIS OUT)을 파트분배 없이 엄청난 퀄리티로! 눈치껏 합창해보았다!!! [리레볼루션] #shorts,2026-01-10T01:37:35Z,58.0,True,114389,6576.0,100.0
3400,UCb3XMd6KgVhp48VcJAqEeiw,RE:REVOLUTION [혁명의 심장],l2MuqykKEa8,노는 게 차원이 다른 캐나다 #shorts,2026-01-11T08:27:25Z,46.0,True,56880,3417.0,32.0
3400,UCb3XMd6KgVhp48VcJAqEeiw,RE:REVOLUTION [혁명의 심장],-6unU7j2Zno,지면 죽는 참참참 #shorts,2026-01-11T08:29:01Z,51.0,True,52885,3056.0,35.0
3400,UCb3XMd6KgVhp48VcJAqEeiw,RE:REVOLUTION [혁명의 심장],qDq3kwi_N6Q,리레볼루션 어디까지 성장하는가... 리레 공식 웹소설 오픈 일정 공개!!!,2026-01-15T08:01:09Z,901.0,False,30155,2877.0,206.0
3400,UCb3XMd6KgVhp48VcJAqEeiw,RE:REVOLUTION [혁명의 심장],a-iBtiwnts4,참참참을 스웩 있게 하는 법 #shorts,2026-01-16T07:15:38Z,53.0,True,51715,3098.0,34.0
3400,UCb3XMd6KgVhp48VcJAqEeiw,RE:REVOLUTION [혁명의 심장],bm4v-8mTBBI,[ Vlog ] 일본가서 먹기만 한 우리들의 첫 일본여행 브이로그!!,2026-01-17T06:00:34Z,1452.0,False,118189,5920.0,260.0
3400,UCb3XMd6KgVhp48VcJAqEeiw,RE:REVOLUTION [혁명의 심장],GDf2YSPcQ0w,화장실 거울 보는 유형 [리레볼루션] #shorts,2026-01-18T10:42:58Z,28.0,True,177907,10607.0,250.0
3400,UCb3XMd6KgVhp48VcJAqEeiw,RE:REVOLUTION [혁명의 심장],2xQ3Zzsa7wk,최악의 남편 멤버 VS 최고의 남편 멤버 (날 것 이유 주의),2026-01-27T08:00:04Z,687.0,False,68725,3278.0,98.0
3400,UCb3XMd6KgVhp48VcJAqEeiw,RE:REVOLUTION [혁명의 심장],N66Dia8TyFU,[ RE:REVOLUTION ] 리레디액션 9화 ㅈㅂㄴㄹㅂ,2026-01-29T13:33:39Z,8364.0,False,12734,861.0,17.0
3400,UCb3XMd6KgVhp48VcJAqEeiw,RE:REVOLUTION [혁명의 심장],NQZ7lHIkNVc,❤️+💙=💜 빨간색과 파란색을 합치면!? #memes #vtuber #3D,2026-01-31T08:43:04Z,10.0,True,207141,7122.0,233.0
3400,UCb3XMd6KgVhp48VcJAqEeiw,RE:REVOLUTION [혁명의 심장],z-LH7y78vj8,여우 창문 [리레볼루션] #shorts,2026-02-03T00:13:31Z,47.0,True,239962,14253.0,263.0
3400,UCb3XMd6KgVhp48VcJAqEeiw,RE:REVOLUTION [혁명의 심장],cfL8tLR-Ixc,라떼 [리레볼루션] #shorts,2026-02-15T13:55:02Z,28.0,True,159824,9390.0,263.0
3400,UCb3XMd6KgVhp48VcJAqEeiw,RE:REVOLUTION [혁명의 심장],NcMr58lI6cM,리레볼루션의 앞으로의 운명은...? 신년 타로 용하다~!,2026-02-20T05:00:32Z,1535.0,False,33161,2442.0,139.0
3400,UCb3XMd6KgVhp48VcJAqEeiw,RE:REVOLUTION [혁명의 심장],f9wud8KsP3k,10년지기의 빠꾸 없는 멘트 #shorts,2026-02-24T05:18:23Z,22.0,True,62376,3980.0,51.0
3400,UCb3XMd6KgVhp48VcJAqEeiw,RE:REVOLUTION [혁명의 심장],PySAO5YNQz4,리레볼루션 3인 체제로 활동하게 되었습니다... #shorts,2026-02-24T05:20:12Z,29.0,True,61144,4290.0,106.0
3400,UCb3XMd6KgVhp48VcJAqEeiw,RE:REVOLUTION [혁명의 심장],vZ2hrO8MJls,Melt (멜트)를 이어 불러보았다 [리레볼루션] #shorts #cover,2026-02-26T04:20:50Z,47.0,True,122670,8574.0,253.0
3400,UCb3XMd6KgVhp48VcJAqEeiw,RE:REVOLUTION [혁명의 심장],ooyaoiWa0kE,[ RE:REVOLUTION ] EP 10. 리레디액션 시즌1 마지막화,2026-02-26T13:24:52Z,7934.0,False,9360,690.0,4.0
3400,UCb3XMd6KgVhp48VcJAqEeiw,RE:REVOLUTION [혁명의 심장],RevgK2YZMpQ,이 버츄얼들의 플러팅을 참아낼 수 있으면 당신은 대단한 사람입니다,2026-03-04T09:00:38Z,877.0,False,16804,1450.0,71.0
3400,UCb3XMd6KgVhp48VcJAqEeiw,RE:REVOLUTION [혁명의 심장],YGcPv6o4UpY,그대 춤을 추는 나무 같아요🌳#Jack #vtuber #shorts,2026-03-11T15:33:50Z,9.0,True,87917,5437.0,157.0
3400,UCb3XMd6KgVhp48VcJAqEeiw,RE:REVOLUTION [혁명의 심장],jH3JdWa4nYQ,"힙합보단 사랑, 사랑보단 돈 ❤️ #Jack #Ryu #shorts",2026-03-11T15:37:14Z,15.0,True,62527,4191.0,79.0
3400,UCb3XMd6KgVhp48VcJAqEeiw,RE:REVOLUTION [혁명의 심장],X9C7IfZNL9M,춤 추지 않는 밤은 싫어🕺#vtuber #리레볼루션 #shorts,2026-03-11T15:40:18Z,19.0,True,90526,5464.0,166.0
3400,UCb3XMd6KgVhp48VcJAqEeiw,RE:REVOLUTION [혁명의 심장],hF8y4NcZ7uY,[에고록&보컬로이드] MIX !! 불러보았다 [리레볼루션] #shorts,2026-03-13T11:41:56Z,45.0,True,173613,11317.0,263.0
3400,UCb3XMd6KgVhp48VcJAqEeiw,RE:REVOLUTION [혁명의 심장],FyECt5XRhdQ,[ RE:REVOLUTION ] 화이트데이 S2 우아한 4공주들이 유닛 왕자님들을 보러 왔습니다,2026-03-14T15:19:15Z,6139.0,False,19073,1439.0,45.0
3400,UCb3XMd6KgVhp48VcJAqEeiw,RE:REVOLUTION [혁명의 심장],RJcbpLkHeT4,남?자 버츄얼 아이돌의 간밧테 챌린지 ✌️#vtuber #리레볼루션 #shorts,2026-03-16T16:07:59Z,15.0,True,245095,9657.0,204.0
3400,UCb3XMd6KgVhp48VcJAqEeiw,RE:REVOLUTION [혁명의 심장],SgYRRpCzmVM,건물이 압수되면 머리를 밀어버리는 버츄얼 팀,2026-03-19T11:45:03Z,1652.0,False,19843,1452.0,118.0
3400,UCb3XMd6KgVhp48VcJAqEeiw,RE:REVOLUTION [혁명의 심장],Tv8t2TqGzmM,[소문난 4공주] 혁명군 버츄얼들이 공주님으로 변했다?!?! [리레볼루션],2026-03-27T06:00:14Z,1508.0,False,90239,4579.0,240.0
3400,UCb3XMd6KgVhp48VcJAqEeiw,RE:REVOLUTION [혁명의 심장],K4HhkbYeIWQ,"RE:REVOLUTION ' ""괴물 ((怪物, Monster)""  Cover MV",2026-04-05T08:00:07Z,207.0,False,133961,6167.0,473.0
3400,UCb3XMd6KgVhp48VcJAqEeiw,RE:REVOLUTION [혁명의 심장],TZkYs1_McbM,물감 [리레볼루션] #shorts,2026-04-17T08:18:57Z,13.0,True,124247,8428.0,212.0
3401,UCunNU27j6xGERWag1pOQxfg,하나투어,cmqBhvowZLE,인셉션 급으로 잠들어버림 ㅋㅋㅋ,2026-01-02T05:00:48Z,39.0,True,6001,26.0,1.0
3401,UCunNU27j6xGERWag1pOQxfg,하나투어,n7Djf_y4S1c,🪙환율역전🪙 영국 마트에서 똑똑하게 쇼핑하는 법,2026-01-05T04:15:03Z,43.0,True,1048,4.0,0.0
3401,UCunNU27j6xGERWag1pOQxfg,하나투어,M43fEl4LOME,🇹🇭 태국 음식 이거 하나로 정리 끝,2026-01-06T04:15:02Z,57.0,True,5046,11.0,0.0
3401,UCunNU27j6xGERWag1pOQxfg,하나투어,5vzn2xliWDI,"지금 당장 떠나고 싶어지는 | 방콕, 파타야 호텔 추천 BEST 2",2026-01-06T09:00:09Z,233.0,False,1002,11.0,0.0
3401,UCunNU27j6xGERWag1pOQxfg,하나투어,jNQ1TM_dQHA,태국 가면 무조건 가봐야 하는 이색시장,2026-01-07T04:15:06Z,54.0,True,106084,76.0,1.0
3401,UCunNU27j6xGERWag1pOQxfg,하나투어,xCtJGIWtV94,태국 쇼핑 꿀팁 🍯,2026-01-08T04:15:05Z,49.0,True,1765,6.0,0.0
3401,UCunNU27j6xGERWag1pOQxfg,하나투어,cfhdp9aBxlY,태국 쇼핑리스트 BEST만 알려드림 🛍️,2026-01-09T04:15:02Z,59.0,True,1664,8.0,0.0
3401,UCunNU27j6xGERWag1pOQxfg,하나투어,AL0ERmJ9wBc,나지금축하댓글이필요함,2026-01-12T05:00:10Z,52.0,True,599398,1105.0,44.0
3401,UCunNU27j6xGERWag1pOQxfg,하나투어,1ismcMP0zYA,여기 천국도가 있습니다 | 사이판,2026-01-13T09:00:02Z,242.0,False,1155,16.0,7.0
3401,UCunNU27j6xGERWag1pOQxfg,하나투어,0yWu61-_7IA,땡쿼 (땡스 투 쿼카라는 뜻),2026-01-16T09:00:06Z,375.0,False,164377,5586.0,246.0
3401,UCunNU27j6xGERWag1pOQxfg,하나투어,4-K2J1WG0wg,하나투어 쿼카 콘텐츠 성과 발표,2026-01-19T04:15:01Z,31.0,True,180875,1230.0,16.0
3401,UCunNU27j6xGERWag1pOQxfg,하나투어,eMkO2yXmz0w,결국 쿼카 만져버린 담당자,2026-01-20T04:15:03Z,35.0,True,525330,2905.0,77.0
3401,UCunNU27j6xGERWag1pOQxfg,하나투어,4N-BxiAok1k,쿼카 앞에서 저글링 해봤더니?,2026-01-21T06:00:07Z,26.0,True,606314,1812.0,37.0
3401,UCunNU27j6xGERWag1pOQxfg,하나투어,WeU02Dwwk5M,x동물 쿼카 팔만대장경 댓글 읽히기,2026-01-22T04:15:02Z,32.0,True,992141,3184.0,75.0
3401,UCunNU27j6xGERWag1pOQxfg,하나투어,oaeMqt_fKAM,쿼카 고봉밥 (Full ver),2026-01-23T09:01:14Z,1899.0,False,33598,1205.0,80.0
3401,UCunNU27j6xGERWag1pOQxfg,하나투어,E0QZap0Vrg8,사이판 월드리조트 | 사이판 숙소 정해드립니다,2026-01-27T09:00:28Z,399.0,False,1498,12.0,2.0
3401,UCunNU27j6xGERWag1pOQxfg,하나투어,kGADoakhwjs,사이판 쇼핑리스트 BEST6🌴🛍️,2026-01-28T04:15:03Z,71.0,False,699001,111.0,0.0
3401,UCunNU27j6xGERWag1pOQxfg,하나투어,AfW60Hs6PjA,사이판 켄싱턴호텔 | 사이판 숙소 정해드립니다,2026-02-03T09:00:19Z,357.0,False,1637,14.0,4.0
3401,UCunNU27j6xGERWag1pOQxfg,하나투어,o_ioyJJ7XKQ,담당자 : 저 팀장이 내 영상을 보고 웃음을..?,2026-02-06T08:01:04Z,46.0,True,143502,139.0,17.0
3401,UCunNU27j6xGERWag1pOQxfg,하나투어,wNBSfyIJNAo,ㄹㅇ 어떡하냥 으르휙끼,2026-02-06T08:01:11Z,20.0,True,54950,164.0,3.0
3401,UCunNU27j6xGERWag1pOQxfg,하나투어,jdia6p7e9Fw,사이판 PIC | 사이판 숙소 정해드립니다,2026-02-10T09:01:07Z,314.0,False,1676,21.0,2.0
3401,UCunNU27j6xGERWag1pOQxfg,하나투어,3dYO2Gci8qg,⚾LA 전지훈련 특⚾ | 불꽃야구 김문호&신재영 | 여행이 좋다 LA 1편,2026-02-27T09:00:07Z,2150.0,False,161646,1737.0,372.0
3401,UCunNU27j6xGERWag1pOQxfg,하나투어,vPwtLqpmaS0,감독님 알고리즘에 안뜨기 1일 차,2026-03-03T04:30:38Z,33.0,True,48655,52.0,0.0
3401,UCunNU27j6xGERWag1pOQxfg,하나투어,9WR5EipDKkk,투수는 뭐든 잘 던질까?에 대한 답변,2026-03-04T04:11:35Z,77.0,False,292591,1443.0,9.0
3401,UCunNU27j6xGERWag1pOQxfg,하나투어,MoHdrc3STr0,코 나올만큼 맛있는 LA 타코 맛집 추천,2026-03-05T04:13:03Z,67.0,False,22067,32.0,1.0
3401,UCunNU27j6xGERWag1pOQxfg,하나투어,B5Ym-6gSZJo,"류현진, 이정후, 김혜성 그리고 불꽃야구 레츠고 | 불꽃야구 김문호&신재영 |  | 여행이 좋다 LA 2편",2026-03-06T09:00:16Z,2175.0,False,151357,1252.0,922.0
3401,UCunNU27j6xGERWag1pOQxfg,하나투어,rfdS-vf4z1E,"야구, 노력만으로 프로 가능하다?",2026-03-09T04:08:37Z,78.0,False,155253,909.0,15.0
3401,UCunNU27j6xGERWag1pOQxfg,하나투어,AjZB4xbB7e4,"류현진, 이정후, 김혜성 그리고 ...",2026-03-10T04:01:03Z,66.0,False,113102,545.0,1.0
3401,UCunNU27j6xGERWag1pOQxfg,하나투어,Ta8Ohjz38iM,"한국 야구, 최고 맛집 구단은 어디?",2026-03-11T04:05:30Z,34.0,True,52863,19.0,0.0
3401,UCunNU27j6xGERWag1pOQxfg,하나투어,Unyy2BWgE6Q,불꽃야구 덕아웃 형제와 LA다저스 | 김문호&신재영 | 여행이 좋다 LA 3편,2026-03-13T09:00:48Z,2008.0,False,143099,972.0,870.0
3401,UCunNU27j6xGERWag1pOQxfg,하나투어,Fy1iV9PXxB8,박찬호가 은퇴하고도 다저스타디움을 장악한 썰,2026-03-16T05:50:55Z,45.0,True,316976,3824.0,15.0
3401,UCunNU27j6xGERWag1pOQxfg,하나투어,RYhfVjB5NO0,내 유니폼이 그렇게 안 팔린 이유,2026-03-17T04:22:00Z,65.0,False,334696,1094.0,7.0
3401,UCunNU27j6xGERWag1pOQxfg,하나투어,_0hs8R3sgnQ,덕아웃 형제의 LA다저스 방문 후기,2026-03-18T04:14:22Z,91.0,False,277936,271.0,4.0
3401,UCunNU27j6xGERWag1pOQxfg,하나투어,E8PccUDFvlU,공개 프로포즈에 대한 주관적인 의견,2026-03-19T09:00:19Z,43.0,True,28112,22.0,0.0
3401,UCunNU27j6xGERWag1pOQxfg,하나투어,XIQiGMy2obY,벚꽃 혼자보러 가지말고 같이 뜁시다,2026-03-19T09:00:49Z,46.0,True,122724,73.0,1.0
3401,UCunNU27j6xGERWag1pOQxfg,하나투어,Vac7sOVbnco,벚꽃 보러가자 = 썸인가요?,2026-03-19T09:00:55Z,34.0,True,694152,380.0,27.0
3401,UCunNU27j6xGERWag1pOQxfg,하나투어,n1y4p6hvP-c,벚꽃 시즌 )1일 여친 알바( 할래 말래,2026-03-19T09:01:10Z,53.0,True,157167,97.0,2.0
3401,UCunNU27j6xGERWag1pOQxfg,하나투어,nDfis_R7Jg8,"EP.01 일년에 딱 한번, '벚꽃 딜레마'  | 여행의 참견",2026-03-19T09:01:17Z,2543.0,False,71775,407.0,717.0
3401,UCunNU27j6xGERWag1pOQxfg,하나투어,z2XSvnZDMWQ,나만 알던 숨은 벚꽃 명소 알려드림,2026-03-19T09:01:25Z,54.0,True,39811,26.0,1.0
3401,UCunNU27j6xGERWag1pOQxfg,하나투어,AKUPrceTxpc,💙쿼카의 건강한 여행 | 하나투어 X 질병관리청💙,2026-03-20T01:00:09Z,26.0,True,3026549,5641.0,2266.0
3401,UCunNU27j6xGERWag1pOQxfg,하나투어,vyhaTzoX2rE,여행?! 비행기값부터 모으자✈️ | 하나투어x카카오뱅크 모임통장,2026-04-07T01:00:50Z,19.0,True,192587,261.0,2.0
3401,UCunNU27j6xGERWag1pOQxfg,하나투어,5pYnI_zibrA,썸 단계에서 여행 가능? 불가능?,2026-04-16T09:00:06Z,44.0,True,480995,188.0,17.0
3401,UCunNU27j6xGERWag1pOQxfg,하나투어,9OszOyVtY24,EP.02 연프 속 데이트 SPOT! | 여행의 참견,2026-04-16T09:00:12Z,2510.0,False,57897,420.0,798.0
3401,UCunNU27j6xGERWag1pOQxfg,하나투어,OFif4XuSkHw,핵인싸 애인 vs 연애초보 애인,2026-04-16T09:00:36Z,48.0,True,12242,14.0,0.0
3401,UCunNU27j6xGERWag1pOQxfg,하나투어,v4S176DQ3lY,애인이 이성과 술 vs 전 애인과 카페,2026-04-16T09:01:13Z,58.0,True,71722,23.0,2.0
3401,UCunNU27j6xGERWag1pOQxfg,하나투어,z61F4a5aBHw,넌 결혼보다 연애 vs 넌 연애보다 결혼,2026-04-16T09:01:20Z,55.0,True,9728,4.0,1.0
3401,UCunNU27j6xGERWag1pOQxfg,하나투어,t1RAx_qpJvE,4050에게 즉석카메라를 드리면 생기는 일 | 여행 어디 가세요? EP1,2026-04-21T09:01:19Z,45.0,True,590794,521.0,74.0
3401,UCunNU27j6xGERWag1pOQxfg,하나투어,AY0j3EBTsNM,모르는 사람들과 여행을 떠났다 | 여행 어디 가세요? EP2,2026-04-28T09:00:25Z,45.0,True,132867,951.0,1366.0
3401,UCunNU27j6xGERWag1pOQxfg,하나투어,F7T2voIaA70,˗ˋˏ 10명이서 왕홍 체험 했어요!!!!!!! ˎˊ˗  | 여행 어디 가세요? EP3,2026-05-05T09:00:31Z,65.0,False,671576,1282.0,1176.0
3401,UCunNU27j6xGERWag1pOQxfg,하나투어,Tg8Gd4igk2Y,⛈️역대급 폭우의 하와이로 떠났다⛈️ | 여행 어디 가세요? EP4 *이벤트 있음,2026-05-12T09:00:40Z,54.0,True,113347,549.0,469.0
3402,UC9ykpUKKfG7sy3jXISlOhXw,가장(멋진)류진 petiteRyujin,b99MR9Wti78,아빠가 항상 불안했던 이유,2025-12-21T10:00:00Z,36.0,True,8979,61.0,0.0
3402,UC9ykpUKKfG7sy3jXISlOhXw,가장(멋진)류진 petiteRyujin,TW5GInKx3G0,굿바이 2025년,2025-12-22T10:00:00Z,27.0,True,3923,59.0,1.0
3402,UC9ykpUKKfG7sy3jXISlOhXw,가장(멋진)류진 petiteRyujin,fLFeV_NHAGU,"20살이 되는 아들에게 꼭 하고 싶은 말(스무살, 인생조언) | 가장(멋진)류진",2025-12-29T10:01:15Z,1135.0,False,36805,813.0,36.0
3402,UC9ykpUKKfG7sy3jXISlOhXw,가장(멋진)류진 petiteRyujin,sosiwEXCkz8,첫째 아들이 연락이 안 돼서 알고리즘에 나타나기로 했다,2025-12-31T10:01:23Z,31.0,True,33518,251.0,5.0
3402,UC9ykpUKKfG7sy3jXISlOhXw,가장(멋진)류진 petiteRyujin,nFAxd4hI9No,스무살이 술 먹을 때 가장 많이 하는 실수,2026-01-01T10:01:14Z,51.0,True,11902,112.0,5.0
3402,UC9ykpUKKfG7sy3jXISlOhXw,가장(멋진)류진 petiteRyujin,U1gjzqsOFhg,결혼식 가기 전 필수 시청,2026-01-02T10:00:49Z,49.0,True,33013,343.0,11.0
3402,UC9ykpUKKfG7sy3jXISlOhXw,가장(멋진)류진 petiteRyujin,HVVgBda2fLQ,장례식장 가서 하면 절대 안 되는 것,2026-01-03T02:30:19Z,52.0,True,24172,150.0,4.0
3402,UC9ykpUKKfG7sy3jXISlOhXw,가장(멋진)류진 petiteRyujin,a06ZnPIcwAE,군침도는 아들의 첫 월급,2026-01-03T10:00:00Z,42.0,True,8436,98.0,1.0
3402,UC9ykpUKKfG7sy3jXISlOhXw,가장(멋진)류진 petiteRyujin,PEDW45_nRsc,20살 아들을 위한 다림질하는 방법,2026-01-03T14:00:43Z,45.0,True,19247,76.0,1.0
3402,UC9ykpUKKfG7sy3jXISlOhXw,가장(멋진)류진 petiteRyujin,gitrnrifrFU,"30초만에 넥타이 매는 법 (면접, 결혼식, 장례식)",2026-01-04T02:30:46Z,43.0,True,10429,77.0,1.0
3402,UC9ykpUKKfG7sy3jXISlOhXw,가장(멋진)류진 petiteRyujin,0XDpeBJGtBc,아빠와 아들이 멀어지는 이유,2026-01-04T10:00:02Z,23.0,True,10288,69.0,1.0
3402,UC9ykpUKKfG7sy3jXISlOhXw,가장(멋진)류진 petiteRyujin,stQHCbDTfK0,(감동주의) 성인이 되는 아들에게..,2026-01-04T14:01:23Z,53.0,True,5863,77.0,2.0
3402,UC9ykpUKKfG7sy3jXISlOhXw,가장(멋진)류진 petiteRyujin,qXvPhOag4TM,가족을 위해 돈 버느라 몸이 남아나질 않는 가장의 하루(+배우 박은혜) | 가장(멋진)류진,2026-01-05T10:01:31Z,1369.0,False,26234,808.0,62.0
3402,UC9ykpUKKfG7sy3jXISlOhXw,가장(멋진)류진 petiteRyujin,cmItRXIWahQ,유부남들이 집에 안 들어가는 이유,2026-01-07T10:01:05Z,32.0,True,16854,140.0,5.0
3402,UC9ykpUKKfG7sy3jXISlOhXw,가장(멋진)류진 petiteRyujin,Ag3menrlwxk,찬형아 찬호야 아빠한테 잘해라,2026-01-09T10:00:15Z,17.0,True,12704,115.0,2.0
3402,UC9ykpUKKfG7sy3jXISlOhXw,가장(멋진)류진 petiteRyujin,9NSnxsqoDzo,50대 가장이 제일 속상할 때,2026-01-10T02:30:14Z,14.0,True,30854,169.0,2.0
3402,UC9ykpUKKfG7sy3jXISlOhXw,가장(멋진)류진 petiteRyujin,w25PRem54Z4,12년만에 공개하는 아어가 비하인드,2026-01-10T10:01:33Z,30.0,True,13969,119.0,1.0
3402,UC9ykpUKKfG7sy3jXISlOhXw,가장(멋진)류진 petiteRyujin,UJnDUQVGTb0,2026년 주목해야 할 배우,2026-01-10T14:01:00Z,34.0,True,27102,229.0,0.0
3402,UC9ykpUKKfG7sy3jXISlOhXw,가장(멋진)류진 petiteRyujin,TkV9hYgfkFg,장모님한테 예쁨 받는 비법,2026-01-11T02:30:26Z,37.0,True,45570,520.0,7.0
3402,UC9ykpUKKfG7sy3jXISlOhXw,가장(멋진)류진 petiteRyujin,k4h-FDuoapI,아빠는 혼자 있을 때 뭘 할까?,2026-01-11T10:01:15Z,43.0,True,21688,210.0,3.0
3402,UC9ykpUKKfG7sy3jXISlOhXw,가장(멋진)류진 petiteRyujin,nmtipj380Z4,"2026년 류진 가족 중대발표 (대학합격, 실버버튼) | 가장(멋진)류진",2026-01-12T10:01:23Z,814.0,False,700882,7977.0,511.0
3402,UC9ykpUKKfG7sy3jXISlOhXw,가장(멋진)류진 petiteRyujin,fe0X6hMe68w,아어가 찬형이 대학교 합격?!,2026-01-14T10:01:09Z,32.0,True,40569,385.0,6.0
3402,UC9ykpUKKfG7sy3jXISlOhXw,가장(멋진)류진 petiteRyujin,kaFWWL9aK6g,아어가 찬호 먹방 유튜버 데뷔,2026-01-15T10:01:23Z,45.0,True,33954,509.0,4.0
3402,UC9ykpUKKfG7sy3jXISlOhXw,가장(멋진)류진 petiteRyujin,d_zH5KZPjXs,찬호야 그냥 아빠랑 살자,2026-01-16T10:00:57Z,23.0,True,60842,531.0,16.0
3402,UC9ykpUKKfG7sy3jXISlOhXw,가장(멋진)류진 petiteRyujin,DTjKrgJKz7w,실버 버튼 받고 인증샷 찍는 두 아들,2026-01-17T02:30:24Z,24.0,True,26192,308.0,10.0
3402,UC9ykpUKKfG7sy3jXISlOhXw,가장(멋진)류진 petiteRyujin,dUqlAveyGNw,아들 껌딱지 아빠의 계획,2026-01-17T10:01:06Z,34.0,True,41532,472.0,10.0
3402,UC9ykpUKKfG7sy3jXISlOhXw,가장(멋진)류진 petiteRyujin,WPuD5-TAUGk,와이프한테 점수 따는 법,2026-01-18T02:30:38Z,37.0,True,15590,198.0,2.0
3402,UC9ykpUKKfG7sy3jXISlOhXw,가장(멋진)류진 petiteRyujin,jDa5Wi7ACMU,엄마 아빠의 부부싸움을 현명하게 대처하는 법,2026-01-18T10:01:08Z,36.0,True,42573,318.0,5.0
3402,UC9ykpUKKfG7sy3jXISlOhXw,가장(멋진)류진 petiteRyujin,4j3i5Dd58nk,완벽한 아들 찬호의 2026년도 계획,2026-01-18T14:00:14Z,15.0,True,50206,544.0,14.0
3402,UC9ykpUKKfG7sy3jXISlOhXw,가장(멋진)류진 petiteRyujin,Byx4ezXUQjI,"여사친 캠핑장 가서 밥 얻어먹기 (박은혜, 겨울캠핑) | 가장(멋진)류진",2026-01-19T10:00:00Z,1258.0,False,93321,1232.0,64.0
3402,UC9ykpUKKfG7sy3jXISlOhXw,가장(멋진)류진 petiteRyujin,oT8o-j3-pLA,라떼는 이게 BTS였어,2026-01-21T10:00:00Z,27.0,True,21610,147.0,0.0
3402,UC9ykpUKKfG7sy3jXISlOhXw,가장(멋진)류진 petiteRyujin,99-F_ObWb4I,이제는 포기할 때가 된 찬호 아빠,2026-01-22T10:00:00Z,46.0,True,9510,105.0,3.0
3402,UC9ykpUKKfG7sy3jXISlOhXw,가장(멋진)류진 petiteRyujin,N-amb0BNcsk,여보 미안해,2026-01-23T10:00:00Z,54.0,True,21717,202.0,3.0
3402,UC9ykpUKKfG7sy3jXISlOhXw,가장(멋진)류진 petiteRyujin,8ic2qbl95s4,캠퍼들 눈 돌아가는 아이템,2026-01-24T02:30:00Z,54.0,True,17512,130.0,1.0
3402,UC9ykpUKKfG7sy3jXISlOhXw,가장(멋진)류진 petiteRyujin,91C2veiqvi8,배운 박은혜 건강 이상설 해명,2026-01-24T10:00:00Z,23.0,True,19689,97.0,1.0
3402,UC9ykpUKKfG7sy3jXISlOhXw,가장(멋진)류진 petiteRyujin,djnqzCypnUQ,직장 동료도 인정하는 에겐남,2026-01-25T10:00:00Z,25.0,True,18960,118.0,4.0
3402,UC9ykpUKKfG7sy3jXISlOhXw,가장(멋진)류진 petiteRyujin,6aOetkliF9w,"초호화 침대 버스 방문한 류진 부부 (부부토크, 아들교육) | 가장(멋진)류진",2026-01-26T10:00:00Z,902.0,False,21916,551.0,38.0
3402,UC9ykpUKKfG7sy3jXISlOhXw,가장(멋진)류진 petiteRyujin,5vC3SCHPxlw,송도 땅값이 높은 이유,2026-01-29T10:00:00Z,40.0,True,40274,194.0,23.0
3402,UC9ykpUKKfG7sy3jXISlOhXw,가장(멋진)류진 petiteRyujin,2qfEH8ocXi4,부모님이 몰폰 하는 법,2026-01-31T01:30:00Z,37.0,True,22561,84.0,0.0
3402,UC9ykpUKKfG7sy3jXISlOhXw,가장(멋진)류진 petiteRyujin,BQrIv96RKF0,칭찬이 고픈 에겐 남편,2026-01-31T10:00:00Z,32.0,True,6565,55.0,1.0
3402,UC9ykpUKKfG7sy3jXISlOhXw,가장(멋진)류진 petiteRyujin,6Lt6WtcZlsA,얘들아 미안해 사실 산타는 없거든,2026-02-01T10:00:00Z,58.0,True,31066,244.0,1.0
3402,UC9ykpUKKfG7sy3jXISlOhXw,가장(멋진)류진 petiteRyujin,uUCb4Z4igOg,권태기 부부 필수 운동,2026-02-01T10:00:00Z,35.0,True,27582,133.0,2.0
3402,UC9ykpUKKfG7sy3jXISlOhXw,가장(멋진)류진 petiteRyujin,L864H0BdOVU,"둘째 아들 찬호랑 설날맞이 만두 파티🥟 (만두꿀조합, 만두먹방) | 가장(멋진)류진",2026-02-02T10:00:00Z,982.0,False,68015,1701.0,226.0
3402,UC9ykpUKKfG7sy3jXISlOhXw,가장(멋진)류진 petiteRyujin,9JsSVtLQoo4,귀여운 둘째 아들 찬호 모음집,2026-02-04T10:00:00Z,38.0,True,46671,615.0,9.0
3402,UC9ykpUKKfG7sy3jXISlOhXw,가장(멋진)류진 petiteRyujin,rDDqdXFFpXs,찬호야 아~,2026-02-05T10:00:00Z,23.0,True,271181,4324.0,52.0
3402,UC9ykpUKKfG7sy3jXISlOhXw,가장(멋진)류진 petiteRyujin,e2xg_yhhoLM,솔로지옥 아들하고 같이 보면 안 되는 이유,2026-02-06T10:00:00Z,20.0,True,36788,295.0,2.0
3402,UC9ykpUKKfG7sy3jXISlOhXw,가장(멋진)류진 petiteRyujin,_ZF6-99H7w4,아어가 찬호 먹방 유튜버 데뷔,2026-02-07T02:30:00Z,27.0,True,170336,1216.0,18.0
3402,UC9ykpUKKfG7sy3jXISlOhXw,가장(멋진)류진 petiteRyujin,dhXVjJUCjRw,아들 껌딱지 아빠 류진이 스킨십 하는 법,2026-02-07T10:00:00Z,20.0,True,33436,250.0,2.0
3402,UC9ykpUKKfG7sy3jXISlOhXw,가장(멋진)류진 petiteRyujin,SDXB2RF-iVQ,80년대 영화관 공감,2026-02-08T02:30:00Z,32.0,True,21144,133.0,3.0
3402,UC9ykpUKKfG7sy3jXISlOhXw,가장(멋진)류진 petiteRyujin,6hgPC0Y3TEo,만두도 잘 빚는 류진 아들 찬호,2026-02-08T10:00:00Z,39.0,True,38188,374.0,6.0
3403,UCeUgLKBHMTjpi2p4J1LbDoQ,김완선 TV,g9AFLJpqWtc,[COMEBACK VLOG] 김완선 음악방송 대기실 비하인드 대공개 🎤 with 챌린지,2025-06-20T08:00:49Z,661.0,False,15882,468.0,89.0
3403,UCeUgLKBHMTjpi2p4J1LbDoQ,김완선 TV,7AT725_ZQGY,HI ROSA 김완선&최정은(izna) 댄스 챌린지,2025-06-22T08:00:13Z,27.0,True,35842,1082.0,66.0
3403,UCeUgLKBHMTjpi2p4J1LbDoQ,김완선 TV,MSIZtbVtrjY,김완선 HI ROSA 챌린지 팀완선(Team WANSUN),2025-06-23T08:00:35Z,28.0,True,23818,868.0,51.0
3403,UCeUgLKBHMTjpi2p4J1LbDoQ,김완선 TV,lwxOqBPAkOU,전설의 무대는 계속된다 | 김완선 HI ROSA 라디오&음악방송 비하인드,2025-06-27T08:00:54Z,712.0,False,16551,474.0,69.0
3403,UCeUgLKBHMTjpi2p4J1LbDoQ,김완선 TV,tqs79oSLzlo,신인가수 YUL (랄랄) 대선배 김완선의 불꽃 티칭!,2025-07-01T08:01:15Z,56.0,True,11950,434.0,38.0
3403,UCeUgLKBHMTjpi2p4J1LbDoQ,김완선 TV,bAnQlWQYSDU,김완선의 오키나와 힐링 여행 VLOG✨,2025-07-04T08:00:45Z,698.0,False,47496,1190.0,92.0
3403,UCeUgLKBHMTjpi2p4J1LbDoQ,김완선 TV,i6bClQWZA14,"오키나와 여행 너무 맛있었던 맛집 ""미츠마루"" 완선 카레우동!!",2025-07-08T08:00:45Z,56.0,True,6040,174.0,20.0
3403,UCeUgLKBHMTjpi2p4J1LbDoQ,김완선 TV,bJbZPkKTu8Y,최근 애용하는 완선의 꿀템 털어봤습니다!｜동안 비밀 전격 공개!,2025-07-11T08:00:45Z,516.0,False,37212,996.0,106.0
3403,UCeUgLKBHMTjpi2p4J1LbDoQ,김완선 TV,gTcaacKxzpQ,어디서나 편히 즐기는 자전거 운동 추천템,2025-07-15T08:00:48Z,57.0,True,8728,221.0,19.0
3403,UCeUgLKBHMTjpi2p4J1LbDoQ,김완선 TV,G2upAYr57yQ,🌿 완선이 선택한 미니멀 라이프! NEW 스타일 집 대공개!,2025-07-18T09:30:14Z,1070.0,False,736492,11280.0,558.0
3403,UCeUgLKBHMTjpi2p4J1LbDoQ,김완선 TV,I9_ffkkpupk,미니멀라이프 추구! 완선의 NEW 스타일 집,2025-07-22T08:00:31Z,56.0,True,32945,344.0,18.0
3403,UCeUgLKBHMTjpi2p4J1LbDoQ,김완선 TV,KL1SnksibuM,"완선의 건강 몸매 비결! 많이 먹어도 살 안 찌는?? 5분 완성 ""야채 김 말이""🍃",2025-07-25T08:00:21Z,605.0,False,111265,2608.0,204.0
3403,UCeUgLKBHMTjpi2p4J1LbDoQ,김완선 TV,DPaL_IyqAb8,"이것만 먹어도 체지방이 쭉쭉 빠진다! ""완선표 야채 김 말이""",2025-07-29T08:00:16Z,59.0,True,24872,416.0,30.0
3403,UCeUgLKBHMTjpi2p4J1LbDoQ,김완선 TV,bF3rvXIuLdc,"부산에서 쉼표 찍다,,,해운대부터 광안리까지 완선’s 힐링 여행",2025-08-01T08:00:45Z,936.0,False,47152,1404.0,122.0
3403,UCeUgLKBHMTjpi2p4J1LbDoQ,김완선 TV,E6bmlaWx0VU,완선이 추천하는 뷰가 끝내주는 풀빌라!,2025-08-05T08:00:27Z,58.0,True,7121,171.0,13.0
3403,UCeUgLKBHMTjpi2p4J1LbDoQ,김완선 TV,CAvUA9wZrgI,완선 절친들과 떠난 부산 힐링여행 🌊 웃음 가득한 하루,2025-08-08T08:00:22Z,770.0,False,30138,1026.0,96.0
3403,UCeUgLKBHMTjpi2p4J1LbDoQ,김완선 TV,fNbEPU0WuDQ,"제대로 쉼표,,, 완선의 부산여행 with friends",2025-08-12T08:01:00Z,59.0,True,4888,190.0,15.0
3403,UCeUgLKBHMTjpi2p4J1LbDoQ,김완선 TV,N3xvR1fCb1s,"""여긴 훠궈의 성지입니다!"" 완선이 선택한 핫팟 맛집! 🍲",2025-08-15T08:00:33Z,1028.0,False,11515,541.0,98.0
3403,UCeUgLKBHMTjpi2p4J1LbDoQ,김완선 TV,D1cO_D1ai2U,대만에서 살아본 완선 인증! 대한민국 최고 훠궈 맛집,2025-08-19T08:00:12Z,59.0,True,4057,149.0,14.0
3403,UCeUgLKBHMTjpi2p4J1LbDoQ,김완선 TV,WLc4782-c9U,[완선한 수다] 언니美 폭발🔥김완선&남규리 솔직 토크,2025-08-22T08:00:42Z,1288.0,False,46826,1607.0,212.0
3403,UCeUgLKBHMTjpi2p4J1LbDoQ,김완선 TV,b9W6GC_28ZA,"새로운 시작! 남규리의 신곡 ""그래도 좋아해요""",2025-08-26T08:00:39Z,55.0,True,3795,114.0,8.0
3403,UCeUgLKBHMTjpi2p4J1LbDoQ,김완선 TV,jES5PdctdvA,[완선한 수다] “사실은요…” 남규리가 들려준 인생 이야기,2025-08-29T08:01:01Z,1255.0,False,8999,537.0,76.0
3403,UCeUgLKBHMTjpi2p4J1LbDoQ,김완선 TV,6CSTFtYTvIE,"남규리가 부른 ""가슴앓이"" 비하인드 스토리",2025-09-02T08:00:06Z,57.0,True,7704,232.0,16.0
3403,UCeUgLKBHMTjpi2p4J1LbDoQ,김완선 TV,-6BhsUK6Azc,무대 위의 디바가 마트에 떴다! 김완선의 리얼 쇼핑 데이,2025-09-05T08:00:00Z,566.0,False,27646,853.0,109.0
3403,UCeUgLKBHMTjpi2p4J1LbDoQ,김완선 TV,vJA-51_nRDg,장보기에 꼭 챙기는 완선의 아이템,2025-09-09T08:01:07Z,60.0,True,9382,218.0,21.0
3403,UCeUgLKBHMTjpi2p4J1LbDoQ,김완선 TV,uHD4y9901lc,쇼핑으로 찐케미 폭발!! 💖 김완선×이채연 한남동 데이트,2025-09-12T08:01:14Z,1154.0,False,20676,1358.0,154.0
3403,UCeUgLKBHMTjpi2p4J1LbDoQ,김완선 TV,N4PBY3Jde5A,댄스보다 뜨거운 고기판🔥 김완선 & 이채연의 솔직 토크 이태원 텅앤그루브조인트,2025-09-19T08:00:34Z,946.0,False,12204,994.0,110.0
3403,UCeUgLKBHMTjpi2p4J1LbDoQ,김완선 TV,t8gJH0S7Z_A,완선한 선물! 김완선&이채연 한남동 쇼핑데이트,2025-09-21T08:01:04Z,53.0,True,5276,231.0,27.0
3403,UCeUgLKBHMTjpi2p4J1LbDoQ,김완선 TV,oNezbOUNmLY,루틴마저 싱크로율 100%인 완선과 채연,2025-09-23T04:00:51Z,56.0,True,4266,185.0,16.0
3403,UCeUgLKBHMTjpi2p4J1LbDoQ,김완선 TV,9QHVjDvQWSQ,[완선한 수다] 진지한 수다로 가다가 빵터진!! 찐 케미,2025-09-26T08:00:20Z,1022.0,False,10565,680.0,77.0
3403,UCeUgLKBHMTjpi2p4J1LbDoQ,김완선 TV,GROz-5l7GIM,무대 위가 아닌 집에서🏡 김완선의 리얼 라이프 루틴,2025-09-29T08:00:14Z,991.0,False,21239,902.0,85.0
3403,UCeUgLKBHMTjpi2p4J1LbDoQ,김완선 TV,wWNGp_hg0dM,이미지 변신! 오랜만의 나온 도원경의 신곡 'Love Hunger',2025-09-30T08:01:09Z,47.0,True,5705,176.0,17.0
3403,UCeUgLKBHMTjpi2p4J1LbDoQ,김완선 TV,4-TXDQqmQNA,키키&김완선 댄스챌린지 DANCING ALONE,2025-10-03T08:00:09Z,31.0,True,16361,552.0,42.0
3403,UCeUgLKBHMTjpi2p4J1LbDoQ,김완선 TV,QYlrwsLMKV8,"건강과 직결 되는 수면의 질, 중요한 건 '멜라토닌'",2025-10-07T08:00:33Z,58.0,True,5041,143.0,16.0
3403,UCeUgLKBHMTjpi2p4J1LbDoQ,김완선 TV,eAPwtxtDhyU,리얼 변신 브이로그🔥 쌩얼도 자신 있게 공개,2025-10-10T08:00:47Z,951.0,False,17491,656.0,72.0
3403,UCeUgLKBHMTjpi2p4J1LbDoQ,김완선 TV,m9rggMSNpds,쌩얼에서 여신으로 완선한 뷰티 변신!,2025-10-14T08:01:02Z,50.0,True,10198,227.0,23.0
3403,UCeUgLKBHMTjpi2p4J1LbDoQ,김완선 TV,BpmEzSk4jdk,김완선 그림 전시회 💖 KiiiKiii 응원 챌린지,2025-10-15T03:00:27Z,31.0,True,4960,192.0,23.0
3403,UCeUgLKBHMTjpi2p4J1LbDoQ,김완선 TV,kp7N7lGnS88,스타쉽 출격! 🚀김완선 & KiiiKiii의 유쾌한 현장!,2025-10-17T08:01:02Z,1243.0,False,24723,558.0,70.0
3403,UCeUgLKBHMTjpi2p4J1LbDoQ,김완선 TV,FMAkvK4ABNc,선후배 행복한 데이트 현장! 김완선&KiiiKiii,2025-10-21T08:00:11Z,47.0,True,4310,159.0,15.0
3403,UCeUgLKBHMTjpi2p4J1LbDoQ,김완선 TV,L02dRCbRxOM,김완선 40년의 기록✨ 그 시절 추억앨범과 현재까지 기록,2025-10-24T08:00:32Z,1422.0,False,19984,552.0,110.0
3403,UCeUgLKBHMTjpi2p4J1LbDoQ,김완선 TV,Sc_A6fIupIM,"40년 후 '인연, 그물' 김완선&김창훈 특별 기획전 (11월13일까지 갤러리마리)",2025-10-28T08:00:30Z,50.0,True,5067,178.0,17.0
3403,UCeUgLKBHMTjpi2p4J1LbDoQ,김완선 TV,n6MpqNB3Prs,ART BEYOND FAMEㅣ김완선X김창훈 그림 전시회 눈물의 아트토크,2025-10-31T08:01:03Z,698.0,False,15827,430.0,82.0
3403,UCeUgLKBHMTjpi2p4J1LbDoQ,김완선 TV,2p0HkgOLvBY,김완선 작품에 '자화상'을 그린 이유에 눈물까지...,2025-11-04T08:00:04Z,59.0,True,7441,205.0,26.0
3403,UCeUgLKBHMTjpi2p4J1LbDoQ,김완선 TV,i3SGW_1Nutw,완선한 선물들로 감동한날 💗 ON 스타일집 공개🏠,2025-11-07T08:01:03Z,1131.0,False,24622,687.0,96.0
3403,UCeUgLKBHMTjpi2p4J1LbDoQ,김완선 TV,GsRSTw5Nbjs,"다양한 디자인 스위치로 집안의 스타일 ON! ""온오프""",2025-11-11T08:00:31Z,54.0,True,6056,173.0,12.0
3403,UCeUgLKBHMTjpi2p4J1LbDoQ,김완선 TV,6uIxS7abpcU,진짜 뉴욕 감성💛 친구들과 좋아서 웃는 완선한 하루,2025-11-14T08:00:17Z,792.0,False,22445,628.0,73.0
3403,UCeUgLKBHMTjpi2p4J1LbDoQ,김완선 TV,kjzy8ifjKWo,HAPPY NEW YORK DANCE TIME~!,2025-11-18T08:00:57Z,60.0,True,5206,191.0,11.0
3403,UCeUgLKBHMTjpi2p4J1LbDoQ,김완선 TV,UgkrJGUp1zw,완선한 뉴욕 미술관 아트 투어  🎨 마지막까지 기분좋은날,2025-11-28T08:00:47Z,996.0,False,41208,564.0,70.0
3403,UCeUgLKBHMTjpi2p4J1LbDoQ,김완선 TV,k60HAxJU_bw,"[M.V] ""REFINE DAY"" KIM WAN SUN / Official MUSIC VIDEO",2025-12-07T08:01:04Z,261.0,False,22124,763.0,129.0
3403,UCeUgLKBHMTjpi2p4J1LbDoQ,김완선 TV,bIPXlERNV98,[M.V] OZ ON THE MOON - 김완선,2026-04-09T12:00:37Z,283.0,False,36448,541.0,56.0
3404,UCE1N1MU4TwiEVrqJY6UW7Hw,솔라시도,dUSq2hUcjOA,한달만에 집에 돌아와 주인에게 안기는 강아지 (feat. 오랫동안 껴안기),2019-08-14T10:45:01Z,364.0,False,324211,5033.0,459.0
3404,UCE1N1MU4TwiEVrqJY6UW7Hw,솔라시도,ydd2FfoRQSY,유기견 꼬물이가 키우라는 강력한 눈빛을 보냅니다...,2019-08-18T06:48:52Z,284.0,False,291874,8589.0,516.0
3404,UCE1N1MU4TwiEVrqJY6UW7Hw,솔라시도,yu4ekDLjjSg,보더콜리를 이기고 싶어하는 새끼강아지 (과연...?),2019-08-20T10:30:05Z,336.0,False,109733,3331.0,283.0
3404,UCE1N1MU4TwiEVrqJY6UW7Hw,솔라시도,I3kTXtGCppg,아기강아지도 자기 이름을 알고 있을까?,2019-08-23T08:00:02Z,288.0,False,106327,3174.0,167.0
3404,UCE1N1MU4TwiEVrqJY6UW7Hw,솔라시도,LwFJD9BQdYg,한여름에 에어컨 껐을 때 강아지 반응ㅋㅋㅋ,2019-08-27T10:15:00Z,274.0,False,172278,3585.0,257.0
3404,UCE1N1MU4TwiEVrqJY6UW7Hw,솔라시도,rKJNS7n_z5g,유기견 입양 후 처음 목욕시키는데 귀 빼고 다 녹아내림ㅠㅠ,2019-09-01T11:45:01Z,273.0,False,129859,3808.0,218.0
3404,UCE1N1MU4TwiEVrqJY6UW7Hw,솔라시도,9Zp_GlYQFXQ,홍역을 이겨낸 유기견의 첫수영! 다리가 짧아서 얼굴만 동동 떠다녀요ㅠㅠ,2019-09-06T10:00:04Z,271.0,False,45535,1737.0,123.0
3404,UCE1N1MU4TwiEVrqJY6UW7Hw,솔라시도,A8MJCtIawhI,강아지 앞에서 리얼하게 죽은척 했더니 생기는 일 (보더콜리 반응),2019-09-11T12:29:50Z,377.0,False,470188,4461.0,649.0
3404,UCE1N1MU4TwiEVrqJY6UW7Hw,솔라시도,7yYP-lDcNIo,무지개다리를 건넌 엄마강아지가 남긴 것들 (+찐빵이 근황),2019-09-17T12:22:01Z,238.0,False,86967,2832.0,187.0
3404,UCE1N1MU4TwiEVrqJY6UW7Hw,솔라시도,gLdN93n43NA,강아지들도 서로 싸우면 화해할까...?,2019-09-19T09:00:06Z,235.0,False,72290,2158.0,136.0
3404,UCE1N1MU4TwiEVrqJY6UW7Hw,솔라시도,-JZhyhVRlYI,아기 보더콜리 솔라의 1년 성장속도 체감하기 ㅣ중대형견 성장과정,2019-09-25T12:47:57Z,347.0,False,1314753,13024.0,761.0
3404,UCE1N1MU4TwiEVrqJY6UW7Hw,솔라시도,kPU6Ldr8DvA,웰시코기 유전자의 무서움 ㅣ 자꾸 통통해지는 앙금이ㅋㅋㅋ,2019-09-28T12:27:31Z,280.0,False,143117,2943.0,182.0
3404,UCE1N1MU4TwiEVrqJY6UW7Hw,솔라시도,EamYnKiTqi8,주인이 동생 강아지만 예뻐하면 생기는 일 ㅣ 보더콜리 솔라,2019-10-02T10:00:05Z,299.0,False,375394,5907.0,358.0
3404,UCE1N1MU4TwiEVrqJY6UW7Hw,솔라시도,j1O1QtiqAg4,강아지가 새벽 6시부터 산책가자고 시위해요... ㅣ 보더콜리 키우면 안되는 이유,2019-10-06T03:30:02Z,310.0,False,466557,5923.0,510.0
3404,UCE1N1MU4TwiEVrqJY6UW7Hw,솔라시도,cwrLjHIEKzI,결국 고장나버린 아기강아지 앙금이😋ㅋㅋㅋ,2019-10-09T02:00:02Z,243.0,False,72000,2094.0,142.0
3404,UCE1N1MU4TwiEVrqJY6UW7Hw,솔라시도,IT_WKW4cja0,강아지들 때문에 일을 하나도 못 하겠어요...,2019-10-15T09:00:02Z,316.0,False,119382,3639.0,252.0
3404,UCE1N1MU4TwiEVrqJY6UW7Hw,솔라시도,PLnHhSDdcxY,양몰이견의 양족 앞다리 저세상 먹방?! 리얼사운드,2019-10-18T10:30:02Z,542.0,False,37618,1118.0,144.0
3404,UCE1N1MU4TwiEVrqJY6UW7Hw,솔라시도,u3RbOA6cJr4,집에 들어올 때 강아지를 무시하면 생기는 일 ㅣ 보더콜리 솔라,2019-10-23T13:05:01Z,317.0,False,517580,5134.0,323.0
3404,UCE1N1MU4TwiEVrqJY6UW7Hw,솔라시도,hiMiuPWbzSI,이불에 오줌 싼 강아지의 최후ㅋㅋㅋ,2019-10-26T03:30:04Z,279.0,False,71210,2336.0,176.0
3404,UCE1N1MU4TwiEVrqJY6UW7Hw,솔라시도,aJ5JxEm3uUw,강아지 싫다던 우리 아빠 새벽에 간식주다 딱 걸림ㅋㅋㅋ,2019-10-30T12:15:01Z,438.0,False,131731,3315.0,209.0
3404,UCE1N1MU4TwiEVrqJY6UW7Hw,솔라시도,ruW9Oc9Z3IY,말하는 앵무새를 본 강아지 반응ㅋㅋㅋ ㅣ 조종 당하는 보더콜리 솔라,2019-11-04T11:00:08Z,222.0,False,84491,2400.0,147.0
3404,UCE1N1MU4TwiEVrqJY6UW7Hw,솔라시도,NpC7N51niRQ,강아지 앞에서 울다가 폭풍감동 받아버렸다ㅠㅠㅠ,2019-11-10T12:45:01Z,324.0,False,1471690,22063.0,1696.0
3404,UCE1N1MU4TwiEVrqJY6UW7Hw,솔라시도,VPqS3v1mslc,아기 강아지가 삐져서 안나와요ㅠㅠ 화난 강아지 달래기,2019-11-14T11:45:00Z,236.0,False,79268,2209.0,105.0
3404,UCE1N1MU4TwiEVrqJY6UW7Hw,솔라시도,pc6b39vU3m4,강아지 발을 ‘실수로’ 밟았더니... 보더콜리 솔라 반응,2019-11-19T11:00:15Z,263.0,False,544989,5847.0,348.0
3404,UCE1N1MU4TwiEVrqJY6UW7Hw,솔라시도,Kd5Lm9ucsis,주인이 나타나자 안싸운척 연기하는 보더콜리 ㄷㄷ... ( 솔라 이정도였어!? ),2019-11-23T11:00:04Z,269.0,False,133795,2442.0,152.0
3404,UCE1N1MU4TwiEVrqJY6UW7Hw,솔라시도,_NA1m6qHgqM,간식과 단둘이 방에 남겨진 강아지의 역대급 반응 ㅣ 보더콜리 솔라,2019-11-28T09:00:02Z,357.0,False,63747,2156.0,220.0
3404,UCE1N1MU4TwiEVrqJY6UW7Hw,솔라시도,wljTihCTwU8,태어나서 생닭 처음먹는 강아지 먹방,2019-12-02T11:30:02Z,289.0,False,53102,1384.0,198.0
3404,UCE1N1MU4TwiEVrqJY6UW7Hw,솔라시도,BUbdiwhvw9Y,1년 만에 다시 만난 사람 기억하고 엉엉 우는 강아지 ㅣ 보더콜리 솔라,2019-12-12T13:15:01Z,288.0,False,1720655,16207.0,473.0
3404,UCE1N1MU4TwiEVrqJY6UW7Hw,솔라시도,18yFQrtgOi4,주인 없이 낯선 사람과 단둘이 남은 강아지 반응,2019-12-16T10:00:01Z,311.0,False,236172,3799.0,212.0
3404,UCE1N1MU4TwiEVrqJY6UW7Hw,솔라시도,GHfLRXtPVqY,강아지는 산책하다 마주친 주인을 알아볼 수 있을까?,2019-12-19T10:00:05Z,294.0,False,139728,2821.0,262.0
3404,UCE1N1MU4TwiEVrqJY6UW7Hw,솔라시도,d7bSjaWGaO8,강아지 키우면 운동 못하는 이유... 하...,2019-12-21T13:15:00Z,256.0,False,610911,5125.0,743.0
3404,UCE1N1MU4TwiEVrqJY6UW7Hw,솔라시도,QZby3weyhSM,주인이 또 이상한 걸 사왔다...,2019-12-24T13:00:06Z,294.0,False,81626,2662.0,185.0
3404,UCE1N1MU4TwiEVrqJY6UW7Hw,솔라시도,E6ruMkq_GfQ,강아지 한테 계속 손을 달라고 했더니... ㅣ보더콜리 솔라,2019-12-28T12:00:03Z,223.0,False,76069,2329.0,188.0
3404,UCE1N1MU4TwiEVrqJY6UW7Hw,솔라시도,R4x9C8wufaQ,강아지 유튜버에게 실버버튼 주면 안되는 이유ㅋㅋㅋ,2020-01-07T12:15:01Z,306.0,False,43326,2003.0,226.0
3404,UCE1N1MU4TwiEVrqJY6UW7Hw,솔라시도,QgQq2m0vJ2I,양몰이견 보더콜리를 100평 마당에 풀어주었더니...,2020-01-22T10:00:06Z,332.0,False,477188,4040.0,246.0
3404,UCE1N1MU4TwiEVrqJY6UW7Hw,솔라시도,FtOfoAUk48c,9개월 만에 다시 만난 유기견 남매는 서로를 기억할까?,2020-01-24T12:45:00Z,331.0,False,367049,5605.0,173.0
3404,UCE1N1MU4TwiEVrqJY6UW7Hw,솔라시도,FgAfYj1plSA,헤어짐을 직감한 강아지가 하는 행동ㅠㅠ,2020-01-31T14:00:02Z,323.0,False,161750,2612.0,102.0
3404,UCE1N1MU4TwiEVrqJY6UW7Hw,솔라시도,iAUP9oLiBjs,아주 똑똑한 강아지의 공룡 보기 3초 전 (과연...?),2020-02-06T13:30:06Z,340.0,False,90506,2044.0,140.0
3404,UCE1N1MU4TwiEVrqJY6UW7Hw,솔라시도,tDUpO3zN-Dc,대형견에게 뽀뽀를 시도해 봤더니... ㅣ보더콜리 솔라,2020-03-10T10:45:00Z,248.0,False,181871,3524.0,314.0
3404,UCE1N1MU4TwiEVrqJY6UW7Hw,솔라시도,r5vBbfy4960,분명 종치기를 알려줬는데 뭔가 이상하다...?,2020-03-19T12:45:03Z,276.0,False,134381,3736.0,241.0
3404,UCE1N1MU4TwiEVrqJY6UW7Hw,솔라시도,jxJZjNSbLDg,치킨을 시켰는데 먹을 수가 없다... 하.. ㅣ 보더콜리 솔라,2020-03-20T10:00:30Z,291.0,False,64220,1805.0,197.0
3404,UCE1N1MU4TwiEVrqJY6UW7Hw,솔라시도,kAnX936HFqw,보더콜리 털 얼마나 많이 빠지냐구요?,2020-03-27T14:07:38Z,311.0,False,108913,1992.0,173.0
3404,UCE1N1MU4TwiEVrqJY6UW7Hw,솔라시도,lKvLZejH_oE,요즘 유행한다는 장애물 피하기 이런건 처음이지?,2020-04-25T03:30:07Z,201.0,False,127617,2871.0,226.0
3404,UCE1N1MU4TwiEVrqJY6UW7Hw,솔라시도,exG0RDAViSU,동생 혼내지 말라고 말리는 강아지ㅠㅠ ㅣ 보더콜리 솔라 공감능력,2020-04-29T10:00:33Z,209.0,False,1615149,24608.0,894.0
3404,UCE1N1MU4TwiEVrqJY6UW7Hw,솔라시도,E8ITt-OvK_0,아주 똑똑한 강아지가 바보로 변하는 순간 (feat. 샌드박스),2020-05-04T09:15:01Z,249.0,False,85619,2368.0,163.0
3404,UCE1N1MU4TwiEVrqJY6UW7Hw,솔라시도,cvrVzJSAlwI,오늘 처음 보는 사람인데 주인이 바뀔 뻔 했다... l 보더콜리 솔라,2020-05-12T13:33:45Z,300.0,False,137211,3232.0,222.0
3404,UCE1N1MU4TwiEVrqJY6UW7Hw,솔라시도,JaIUrGIxW0c,소고기 사줬는데 편식하기 있냐?,2020-05-15T10:30:04Z,265.0,False,116784,2574.0,256.0
3404,UCE1N1MU4TwiEVrqJY6UW7Hw,솔라시도,FUy2d7ZkePM,강아지 혼자 집에 두고 나갔다 왔더니...,2020-05-26T11:30:01Z,254.0,False,96806,2505.0,137.0
3404,UCE1N1MU4TwiEVrqJY6UW7Hw,솔라시도,1oIbRyHeRj4,주인의 거짓말에 속아서 동물병원에 도착한 강아지,2020-05-29T10:00:00Z,338.0,False,192915,2778.0,438.0
3404,UCE1N1MU4TwiEVrqJY6UW7Hw,솔라시도,Q7cv91VG74s,"근황, 그동안 못 한 이야기",2022-06-25T14:00:12Z,200.0,False,816215,9417.0,505.0
3405,UCE6YwE9sMhS698Jc9_VGrIA,밀리터리생활 탐구,jB8dbqPF7zI,최근 한국 자주포 소식에! 정신줄 놓은 중국반응 #shorts,2024-05-14T10:33:50Z,59.0,True,15645,186.0,6.0
3405,UCE6YwE9sMhS698Jc9_VGrIA,밀리터리생활 탐구,d9A6JVHVaqA,"中, 최신 구축함 1척으로 미 1개 항모전단 70% 궤멸ㅋ #shorts",2024-05-16T12:17:52Z,58.0,True,8474,68.0,13.0
3405,UCE6YwE9sMhS698Jc9_VGrIA,밀리터리생활 탐구,Uo6S9jFxxmU,세계 최강이라던데 생산 중지된 중국 자주포 상황 #shorts,2024-05-17T11:57:32Z,58.0,True,12205,133.0,3.0
3405,UCE6YwE9sMhS698Jc9_VGrIA,밀리터리생활 탐구,4A9rJ2EnKaI,"中, 이건 인정했네요! KF-21 공중급유 능력 J-20보다 우수 #shorts",2024-05-19T11:44:55Z,53.0,True,11049,123.0,3.0
3405,UCE6YwE9sMhS698Jc9_VGrIA,밀리터리생활 탐구,_UmASFFLJCg,"韓, 핵무기 원료 중국에 돈 받고 매각 [중국은 땡큐] #shorts",2024-05-20T12:01:07Z,51.0,True,10222,131.0,28.0
3405,UCE6YwE9sMhS698Jc9_VGrIA,밀리터리생활 탐구,kdj6ImnN6KY,"대만, 한국 잠수함 기술 통째로 훔치더니 결국은.. #shorts",2024-05-21T11:48:11Z,55.0,True,3625,60.0,2.0
3405,UCE6YwE9sMhS698Jc9_VGrIA,밀리터리생활 탐구,KMa_PQ9RM-o,세계 무기 백화점을 꿈꾸는 한국을 향한 중국반응 #shorts,2024-05-23T11:36:51Z,54.0,True,1737,25.0,1.0
3405,UCE6YwE9sMhS698Jc9_VGrIA,밀리터리생활 탐구,Mi0YdK9A_No,단 6일! 중국이 한국을 파괴하는데 걸리는 시간이라네요ㅋ #shorts,2024-05-25T12:15:44Z,59.0,True,227594,4361.0,565.0
3405,UCE6YwE9sMhS698Jc9_VGrIA,밀리터리생활 탐구,_bus9WatC7Q,엘리트 강군 프랑스가 한국에 제대로 빡친 이유 #shorts,2024-05-26T11:52:52Z,57.0,True,24408,526.0,25.0
3405,UCE6YwE9sMhS698Jc9_VGrIA,밀리터리생활 탐구,yLxH79UYrSo,"韓무기, 타국 전문가들 극찬에 조직적으로 까는 중국반응 #shorts",2024-05-27T12:12:55Z,58.0,True,9417,150.0,12.0
3405,UCE6YwE9sMhS698Jc9_VGrIA,밀리터리생활 탐구,z4g7QTTCdeg,곧 가격 인상! '진격의 한국 무기-공군편' 해외 판매 목록 #shorts,2024-05-28T12:03:45Z,56.0,True,11351,113.0,1.0
3405,UCE6YwE9sMhS698Jc9_VGrIA,밀리터리생활 탐구,4d2qac4zsgY,'진격의 한국 무기-해군편' 해외 판매 목록 #shorts,2024-05-30T11:55:25Z,51.0,True,8574,114.0,3.0
3405,UCE6YwE9sMhS698Jc9_VGrIA,밀리터리생활 탐구,HdIcfCAmXeI,'진격의 한국 무기-육군편' 해외 판매 목록 #shorts,2024-05-31T12:03:23Z,60.0,True,9596,96.0,2.0
3405,UCE6YwE9sMhS698Jc9_VGrIA,밀리터리생활 탐구,lVozE45kTjQ,뉴질랜드 해군 역사상 역대급 군함 만들어주자 벌어진 일 #shorts,2024-06-01T11:56:36Z,48.0,True,12533,172.0,7.0
3405,UCE6YwE9sMhS698Jc9_VGrIA,밀리터리생활 탐구,yUhcQTA17cY,"사우디, 中 FC-31 도입 철회! 기술이전도 필요다네요ㅋ #shorts",2024-06-02T11:56:45Z,46.0,True,2251,51.0,1.0
3405,UCE6YwE9sMhS698Jc9_VGrIA,밀리터리생활 탐구,64vJm9hTMkI,한국 해성대함미사일 만큼 위험한 북한 금성 3호 #shorts,2024-06-03T12:02:18Z,44.0,True,34645,437.0,11.0
3405,UCE6YwE9sMhS698Jc9_VGrIA,밀리터리생활 탐구,G0W_6oqSXaE,80km 하이마스 다음은 사거리 300km ATACMS? #shorts,2024-06-04T11:58:25Z,33.0,True,46468,1129.0,44.0
3405,UCE6YwE9sMhS698Jc9_VGrIA,밀리터리생활 탐구,R38NYxp7POw,"파키스탄, 5년뒤 인도 공군 전멸? 5세대 전투기 대량 확보 #shorts",2024-06-06T12:23:08Z,42.0,True,14176,146.0,18.0
3405,UCE6YwE9sMhS698Jc9_VGrIA,밀리터리생활 탐구,J00x1X4DL54,"네덜란드 F 16, 러 전투기 요격 나선다 #shorts",2024-06-08T11:55:50Z,42.0,True,12546,206.0,6.0
3405,UCE6YwE9sMhS698Jc9_VGrIA,밀리터리생활 탐구,mpkLl-5e3eI,"佛, 핵 항모 전면전 시사! 미라지 전투기 본토 공격 허용 #shorts",2024-06-09T11:57:29Z,47.0,True,257805,4852.0,237.0
3405,UCE6YwE9sMhS698Jc9_VGrIA,밀리터리생활 탐구,AdblQv-X-NE,"우 47여단, 홀로 러시아 3개 여단 때려잡고 다니네요 #shorts",2024-06-10T12:23:38Z,54.0,True,414145,5570.0,206.0
3405,UCE6YwE9sMhS698Jc9_VGrIA,밀리터리생활 탐구,77nGRg6VXpw,선봉은 F-16! 12개국 지원무기로 러시아 본토 직접 때린다! #shorts,2024-06-11T12:01:18Z,47.0,True,14377,329.0,7.0
3405,UCE6YwE9sMhS698Jc9_VGrIA,밀리터리생활 탐구,no7NRT18d9w,"미 해군, 대만해협 작전 급선회! 중국 함대 볼만하겠네요ㅋ #shorts",2024-06-13T11:58:25Z,44.0,True,30225,648.0,13.0
3405,UCE6YwE9sMhS698Jc9_VGrIA,밀리터리생활 탐구,5SL8tQJenaU,미국 코앞 쿠바에 '종말급 무기' 보낸 푸틴 #shorts,2024-06-14T11:59:12Z,48.0,True,12656,193.0,6.0
3405,UCE6YwE9sMhS698Jc9_VGrIA,밀리터리생활 탐구,X83Skz62YPg,서방 조종사로 중국 공군 전투력 강화 중! #shorts,2024-06-17T12:14:02Z,41.0,True,7676,94.0,14.0
3405,UCE6YwE9sMhS698Jc9_VGrIA,밀리터리생활 탐구,ra5Q8w5ZD7E,"우크라군, HIMARS로 연달아 러 4천만 달러 무기 박살! #shorts",2024-06-18T12:07:50Z,53.0,True,16659,284.0,4.0
3405,UCE6YwE9sMhS698Jc9_VGrIA,밀리터리생활 탐구,tLwR93aANZU,"러, 우크라 ATACMS 때문에 결국 최신 방어무기 투입! #shorts",2024-06-20T12:08:08Z,52.0,True,14076,172.0,2.0
3405,UCE6YwE9sMhS698Jc9_VGrIA,밀리터리생활 탐구,uEY_aET7GM8,"독일, 러 무인기 때려잡을 세상에 없던 무기 개발! #shorts",2024-06-21T12:15:55Z,46.0,True,11797,78.0,7.0
3405,UCE6YwE9sMhS698Jc9_VGrIA,밀리터리생활 탐구,W3TX8OGckb8,이런 한국 업체는 중국으로 추방합시다! #shorts,2024-06-22T12:12:35Z,40.0,True,7129,73.0,3.0
3405,UCE6YwE9sMhS698Jc9_VGrIA,밀리터리생활 탐구,oXVpoNbHDAM,검은 연기 피어오르는 푸젠 항모! 총체적 난국ㅋ #shorts,2024-06-23T12:01:14Z,40.0,True,39756,526.0,39.0
3405,UCE6YwE9sMhS698Jc9_VGrIA,밀리터리생활 탐구,pgA2us47PtM,JF-17 퇴출각! 또 추락하자 파키스탄 정부의 '입틀막' 이유,2024-06-24T12:11:46Z,226.0,False,3085,76.0,6.0
3405,UCE6YwE9sMhS698Jc9_VGrIA,밀리터리생활 탐구,PV9i49Z0Bvs,"이스라엘, 세계 최초! 완전 자동 자주포 Roem/Sigma 실전배치 #shorts",2024-06-25T12:03:26Z,47.0,True,15581,159.0,13.0
3405,UCE6YwE9sMhS698Jc9_VGrIA,밀리터리생활 탐구,aRMG6h0uHHI,"북러 군사동맹에 미국, 러 전역 미국산 무기 사용 허용! #shorts",2024-06-26T12:24:10Z,43.0,True,15925,415.0,25.0
3405,UCE6YwE9sMhS698Jc9_VGrIA,밀리터리생활 탐구,ljFF0PL2SJw,"韓 핵무장 반대한 미국 엘리트 집단, 찬성 표명! #shorts",2024-06-27T12:02:06Z,54.0,True,85332,3167.0,261.0
3405,UCE6YwE9sMhS698Jc9_VGrIA,밀리터리생활 탐구,3kc5lkTj9Lo,"러, 우크라 공습피하려고 군사 자산을 숨긴 곳이.. #shorts",2024-06-28T12:00:47Z,43.0,True,17739,293.0,9.0
3405,UCE6YwE9sMhS698Jc9_VGrIA,밀리터리생활 탐구,gaRhPEqSxrg,대구급과 붙으면 100전 100승이라는 일본 최신 호위함 정체 #shorts,2024-06-29T12:02:18Z,52.0,True,12090,126.0,11.0
3405,UCE6YwE9sMhS698Jc9_VGrIA,밀리터리생활 탐구,jM3ucjnvkrU,"인도, 러시아 몰래 우크라에 포탄 공급 들통! #shorts",2024-07-01T11:59:28Z,47.0,True,128035,3054.0,28.0
3405,UCE6YwE9sMhS698Jc9_VGrIA,밀리터리생활 탐구,girUsTO0LLk,"폴란드, K2 전차 도입대신 독프와 4세대 전차 개발 가닥! #shorts",2024-07-02T12:03:09Z,47.0,True,14561,159.0,32.0
3405,UCE6YwE9sMhS698Jc9_VGrIA,밀리터리생활 탐구,PkAuKiboBBw,"러, 무기창고 텅텅! 인해전술도 바닥! 북한군 10만명 파병설 솔솔?",2024-07-03T11:57:34Z,119.0,False,3057,63.0,18.0
3405,UCE6YwE9sMhS698Jc9_VGrIA,밀리터리생활 탐구,icTKxUkCnoo,경쟁자들 누르고 폴란드 잠수함 사업 한국 품에? #shorts,2024-07-04T12:00:04Z,53.0,True,14548,206.0,0.0
3405,UCE6YwE9sMhS698Jc9_VGrIA,밀리터리생활 탐구,weI-ES6oj9M,"미 공군, F-22 퇴역 결정! 중국은 J-20 대량생산 박차 #shorts",2024-07-06T12:14:46Z,47.0,True,60009,381.0,51.0
3405,UCE6YwE9sMhS698Jc9_VGrIA,밀리터리생활 탐구,Ss5r5rU4I3Y,"러시아 주력 전차 100% 전멸! 창고물량 T-90, 80은 부품 부족에 인해전술만",2024-07-07T12:00:54Z,119.0,False,2174,60.0,4.0
3405,UCE6YwE9sMhS698Jc9_VGrIA,밀리터리생활 탐구,eoGHHHY0f6g,"SIPRI 발표, 韓 무기 완제품 수출 미국 다음! 세계 2위! #shorts",2024-07-08T12:01:16Z,57.0,True,15664,269.0,11.0
3405,UCE6YwE9sMhS698Jc9_VGrIA,밀리터리생활 탐구,PSs01yokvjs,"中, 한국 방산수출 확대는 '인류 평화와 안정을 해친답니다'",2024-07-09T11:57:34Z,164.0,False,3320,111.0,18.0
3405,UCE6YwE9sMhS698Jc9_VGrIA,밀리터리생활 탐구,9tan-SCYkxQ,"엔화 폭락, 일본 전후 최대 군사 증강 계획 위기에 빠졌네요ㅋ #shorts",2024-07-10T12:25:59Z,48.0,True,8823,127.0,4.0
3405,UCE6YwE9sMhS698Jc9_VGrIA,밀리터리생활 탐구,-3ZseGb9D5s,"해자대 엘리트 잠수부들, 꽁돈 좋아하다가 100명 철창행! #shorts",2024-07-12T12:00:26Z,51.0,True,3176,37.0,3.0
3405,UCE6YwE9sMhS698Jc9_VGrIA,밀리터리생활 탐구,CdCN6WTgbXI,러군 모조리 박살! 프랑스 초정밀 유도탄 '해머 AASM' #shorts,2024-07-13T11:59:13Z,57.0,True,10892,120.0,6.0
3405,UCE6YwE9sMhS698Jc9_VGrIA,밀리터리생활 탐구,vOX5feVOTrI,"러, 40억짜리 이스칸데르 퍼부었는데.. 우크라 모조품에 속았네ㅋ #shorts",2024-07-14T11:58:57Z,42.0,True,18954,268.0,6.0
3405,UCE6YwE9sMhS698Jc9_VGrIA,밀리터리생활 탐구,BQ4hwf__bmY,"망했다던 러시아군, 재무장 능력 빠르게 회복 중! NATO 경고 #shorts",2024-07-15T11:59:28Z,42.0,True,7895,74.0,7.0
3405,UCE6YwE9sMhS698Jc9_VGrIA,밀리터리생활 탐구,-_AUCHKYgUE,유도로켓 '비궁' 미국 수출! 중국 반응은 싸늘..ㅋ #shorts,2024-07-18T12:14:45Z,57.0,True,20460,467.0,15.0
3406,UCzhyI5oQvC0odnzB7SCOpeQ,두번째별2Byul,jaiwxtVZsKc,(eng) 그냥 이유없이 손이 가는 화장대 아이템들!,2016-08-06T13:11:47Z,564.0,False,246172,3806.0,1059.0
3406,UCzhyI5oQvC0odnzB7SCOpeQ,두번째별2Byul,aWgqgSEGhNE,#별별라디오 1 : 첫 별별라디오에 어서오세요! (한별과 스페인 이야기),2016-08-07T16:48:29Z,1543.0,False,119632,2491.0,859.0
3406,UCzhyI5oQvC0odnzB7SCOpeQ,두번째별2Byul,K0Mw13E5A3o,"#별별라디오 2 : 내가 하고 싶은 거 해도 될까요? 부모님의 바람, 나의 욕심 (+나를 사랑하는법?)",2016-08-14T14:42:50Z,1256.0,False,81589,2575.0,672.0
3406,UCzhyI5oQvC0odnzB7SCOpeQ,두번째별2Byul,5EAeuLwHI6U,#별별라디오 3 : 친구가 나를 존중하지 않을때?,2016-08-23T13:41:47Z,1343.0,False,124160,3094.0,1061.0
3406,UCzhyI5oQvC0odnzB7SCOpeQ,두번째별2Byul,YPaqSLDlGmM,(eng) 현실감 돋는 택배들 도착!!! 같이 뜯어요!!!!! | 한별,2016-08-28T11:26:42Z,972.0,False,389388,4664.0,1296.0
3406,UCzhyI5oQvC0odnzB7SCOpeQ,두번째별2Byul,1zHuMJ7HFhE,(eng) 에뛰드 플레이 101 신상이 왔다!!!! 첫인상 리뷰!!! | 한별,2016-08-31T10:20:24Z,738.0,False,206279,2290.0,437.0
3406,UCzhyI5oQvC0odnzB7SCOpeQ,두번째별2Byul,t79ZZBoESRI,(eng) 실버 블루로 염색 한날! | 한별,2016-09-05T10:27:42Z,260.0,False,299308,2947.0,464.0
3406,UCzhyI5oQvC0odnzB7SCOpeQ,두번째별2Byul,eAkDg6NN52E,#별별라디오 4 : 요즘에 있었던 일들! (+그냥 수다 떨어요!ㅋㅋㅋㅋ),2016-09-11T14:33:02Z,1535.0,False,74644,1313.0,533.0
3406,UCzhyI5oQvC0odnzB7SCOpeQ,두번째별2Byul,ZJ4hst05Hss,(eng) 스페인 집에 왔다!!!! 스페인에서의 첫날!,2016-09-21T13:30:22Z,286.0,False,418542,5182.0,844.0
3406,UCzhyI5oQvC0odnzB7SCOpeQ,두번째별2Byul,RmPazKgwMq0,*현실남매주의* 동생이 운전하는 차 처음 타봤다.... (+빙구출연지역) | 한별,2016-09-25T11:33:15Z,202.0,False,188347,2506.0,458.0
3406,UCzhyI5oQvC0odnzB7SCOpeQ,두번째별2Byul,r4fhJQLf4hU,(eng) 스페인 마드리드 시내 걷기! | 한별,2016-10-01T10:28:24Z,383.0,False,275735,3385.0,582.0
3406,UCzhyI5oQvC0odnzB7SCOpeQ,두번째별2Byul,PeHrg-jUG7s,"스페인에서 가장 아끼는 도시, 톨레도 구경하기! | 한별",2016-10-03T10:42:30Z,528.0,False,217934,4081.0,768.0
3406,UCzhyI5oQvC0odnzB7SCOpeQ,두번째별2Byul,rLoUbJXujRU,"세상에서 제일 작은 나라, 안도라 투어!",2016-10-14T08:37:50Z,595.0,False,110564,1976.0,255.0
3406,UCzhyI5oQvC0odnzB7SCOpeQ,두번째별2Byul,2xUR4EaeT5c,#별별라디오 5-1 : 스페인 다녀왔어요! 느낀점과 최근 일상!,2016-10-30T11:30:00Z,1607.0,False,85897,1534.0,274.0
3406,UCzhyI5oQvC0odnzB7SCOpeQ,두번째별2Byul,B8Lfx6t_Lrc,가방 속에 뭐가 들었나? 왓츠인마이백? | 한별,2016-11-19T08:50:20Z,564.0,False,231122,2725.0,462.0
3406,UCzhyI5oQvC0odnzB7SCOpeQ,두번째별2Byul,dbvMBGuh--k,헬스 가서 뭐해요? 헬스루틴 첫번째 | 한별,2016-11-29T12:29:03Z,353.0,False,1109725,11649.0,978.0
3406,UCzhyI5oQvC0odnzB7SCOpeQ,두번째별2Byul,A1xu_y9jjno,"#별별라디오6 : 내가 좋아하는 일, 돈 많이 벌 수 있을까..?",2016-12-05T13:02:15Z,1270.0,False,69660,1589.0,324.0
3406,UCzhyI5oQvC0odnzB7SCOpeQ,두번째별2Byul,wqVkekIO-NQ,의식의 흐름에 이어지는 휴식기에 했던 생각  | FM Hanbyul,2017-03-11T14:40:29Z,1159.0,False,112745,2597.0,427.0
3406,UCzhyI5oQvC0odnzB7SCOpeQ,두번째별2Byul,CZhSUsOjfQ4,처음 와 본 뉴욕!! 첫째 날! 🇺🇸 My First New York !,2017-04-01T03:16:50Z,343.0,False,129807,2205.0,229.0
3406,UCzhyI5oQvC0odnzB7SCOpeQ,두번째별2Byul,yhfFpBiydBg,"나를 숨기지 않고, 당당해 지고 싶다  | #별별라디오 7 | FM Hanbyul",2017-04-17T13:54:14Z,1629.0,False,96171,2515.0,400.0
3406,UCzhyI5oQvC0odnzB7SCOpeQ,두번째별2Byul,oUIh0iEGWn0,(ENG) 스페인 친구랑 데이트! con Lorena | Hanbyul,2017-05-07T10:40:28Z,282.0,False,565532,5931.0,496.0
3406,UCzhyI5oQvC0odnzB7SCOpeQ,두번째별2Byul,r-RrDDU_PvE,"꿈이 없어요, 제 꿈이 뭘까요? | #별별라디오 8 | FM Hanbyul",2017-05-22T11:33:12Z,1820.0,False,89621,2270.0,461.0
3406,UCzhyI5oQvC0odnzB7SCOpeQ,두번째별2Byul,mkDowk36uyU,그동안 어떻게 지냈어? / 스페인에 가게 된 근황,2017-12-30T13:56:45Z,1476.0,False,252030,4398.0,603.0
3406,UCzhyI5oQvC0odnzB7SCOpeQ,두번째별2Byul,DNUQcNt0QVo,나는 나의 20대를 더 예쁘게 보내고 싶다! / 내가 20대를 바라보는 법,2018-01-24T14:32:33Z,1068.0,False,205914,7416.0,837.0
3406,UCzhyI5oQvC0odnzB7SCOpeQ,두번째별2Byul,scA8WlACV8s,난 딱히 잘 하는 게 없어 / 나의 어중간한 재능,2018-04-13T15:31:38Z,1266.0,False,116118,3719.0,388.0
3406,UCzhyI5oQvC0odnzB7SCOpeQ,두번째별2Byul,BMao5aL2zN4,BOOK / 시간 가는 줄 모르는 스릴러 소설 추천!,2018-05-06T12:00:16Z,778.0,False,101497,2071.0,279.0
3406,UCzhyI5oQvC0odnzB7SCOpeQ,두번째별2Byul,6CWs9rb_sT4,ASMR / 쫀득쫀득 마카롱 이팅 사운드 🍒,2018-05-14T14:05:31Z,920.0,False,821555,9040.0,1066.0
3406,UCzhyI5oQvC0odnzB7SCOpeQ,두번째별2Byul,HY6peKNgkRI,ASMR / 아드득 콰드득 탕후루 이팅사운드 🍓 (Tanghulu 딸기/체리/청포도),2018-05-19T14:05:36Z,1200.0,False,294426,3785.0,660.0
3406,UCzhyI5oQvC0odnzB7SCOpeQ,두번째별2Byul,4xkZtp2KK9M,타인과 비교되어 작아지는 나 / 나의 열등감,2018-05-24T15:50:11Z,1341.0,False,73511,2468.0,307.0
3406,UCzhyI5oQvC0odnzB7SCOpeQ,두번째별2Byul,_kH_2kswEso,ASMR / 꾸덕꾸덕 맥앤치즈 이팅 사운드 🧀,2018-12-10T14:53:15Z,962.0,False,114970,1650.0,279.0
3406,UCzhyI5oQvC0odnzB7SCOpeQ,두번째별2Byul,Kf8y2SXm0Yk,인생 첫 심리상담 후기 !,2020-04-09T11:03:01Z,2026.0,False,31706,874.0,167.0
3406,UCzhyI5oQvC0odnzB7SCOpeQ,두번째별2Byul,pB0-dTNfThk,부르릉이 뭔가요?,2020-09-05T05:15:31Z,344.0,False,37100,670.0,93.0
3406,UCzhyI5oQvC0odnzB7SCOpeQ,두번째별2Byul,U5SpxVQ4rAQ,(mbti..?) T 와 F 구별하는 가장 확실한 법,2020-09-07T11:04:46Z,300.0,False,129276,1547.0,288.0
3406,UCzhyI5oQvC0odnzB7SCOpeQ,두번째별2Byul,RTamVIr-oBk,남자친구랑 커플마사지 vlog ....어?ㅋㅋㅋ,2021-05-13T05:30:07Z,570.0,False,213646,1490.0,225.0
3406,UCzhyI5oQvC0odnzB7SCOpeQ,두번째별2Byul,vtF4Eclo1G0,K/DA 아리 초월급 신스킨 (3250rp) 한정판 (1개),2021-05-19T09:34:55Z,995.0,False,287471,2232.0,259.0
3406,UCzhyI5oQvC0odnzB7SCOpeQ,두번째별2Byul,fY7eRVrkFH0,아 그래서 개인팟이 뭔데 뭐하는 건데 ㅋㅋ;,2021-05-23T10:14:56Z,645.0,False,134180,1225.0,113.0
3406,UCzhyI5oQvC0odnzB7SCOpeQ,두번째별2Byul,V3PFprFGJ50,이 사람은 택배를 왜 시키는 걸까?,2021-05-26T13:25:20Z,830.0,False,205427,2110.0,213.0
3406,UCzhyI5oQvC0odnzB7SCOpeQ,두번째별2Byul,feytreZ8Z3E,밀린 택배를 남친이랑 뜯다가 그만...,2021-05-30T12:45:18Z,1123.0,False,267473,2105.0,209.0
3406,UCzhyI5oQvC0odnzB7SCOpeQ,두번째별2Byul,6pQtuQR9N3Y,한별님 무슨 일이 있었던 거예요?,2021-06-09T13:03:18Z,643.0,False,92449,782.0,91.0
3406,UCzhyI5oQvC0odnzB7SCOpeQ,두번째별2Byul,jrYlHw6_VU8,명품은 하나만 사는게 아니야 한번에 사는 거지,2021-06-20T14:46:02Z,889.0,False,183393,1446.0,163.0
3406,UCzhyI5oQvC0odnzB7SCOpeQ,두번째별2Byul,G60XS_53vx0,어디서 이런거 주워오는 거야..? #남친썰,2021-07-08T12:45:15Z,895.0,False,51907,521.0,83.0
3406,UCzhyI5oQvC0odnzB7SCOpeQ,두번째별2Byul,uSK1TU0KFtE,한별님 본 채널 이제 안하세용?,2021-07-22T11:42:20Z,1732.0,False,102966,,264.0
3406,UCzhyI5oQvC0odnzB7SCOpeQ,두번째별2Byul,3Hpo8U1JxWo,아니 이거 되는거 맞냐,2023-05-10T12:23:37Z,,False,0,0.0,0.0
3406,UCzhyI5oQvC0odnzB7SCOpeQ,두번째별2Byul,E8ExtOngIhg,ㄹㅇ 미친 흡입력!! 읽으면 멈출수 없는 ⚡️존잼 스릴러 소설추천⚡️ (작가한테 뒤통수 맞고 입원함),2024-11-27T09:03:01Z,839.0,False,35776,,51.0
3406,UCzhyI5oQvC0odnzB7SCOpeQ,두번째별2Byul,3iUL5DnNGLU,대충 그동안 있었던 이야기,2025-12-09T11:18:38Z,1094.0,False,43164,,72.0
3406,UCzhyI5oQvC0odnzB7SCOpeQ,두번째별2Byul,1SW485VCjHA,100년 된 로판 공녀님 잠옷 드레스 💗,2026-03-10T08:52:21Z,62.0,False,7982,113.0,7.0
3406,UCzhyI5oQvC0odnzB7SCOpeQ,두번째별2Byul,Var7jj_5zb8,빈티지 도련님 코디🤎 소공자룩 ootd #shorts,2026-03-13T09:13:15Z,73.0,False,8855,,12.0
3406,UCzhyI5oQvC0odnzB7SCOpeQ,두번째별2Byul,IS-wakiCY8g,70만원✨ 공주 드레스 코디놀이🎀,2026-03-16T12:48:04Z,78.0,False,9635,,6.0
3406,UCzhyI5oQvC0odnzB7SCOpeQ,두번째별2Byul,H6IBL8Xy0LY,BL 비엘 첫경험...이라는 것....,2026-03-20T15:44:18Z,573.0,False,6409,,21.0
3406,UCzhyI5oQvC0odnzB7SCOpeQ,두번째별2Byul,1tOwV00AKsU,이제 봄이지만 나는 패딩 코디를 올리겠다 #ootd #gdwm,2026-03-28T13:33:48Z,65.0,False,4043,,4.0
3407,UC4DgFN9dvM0DPXXvsS3FO-w,SHINE DANCE Kids 키즈댄스학원 샤인댄스,jPpBBUzeGrw,[키즈댄스 샤인댄스 강남키즈댄스/강남댄스학원 신사동댄스학원 압구정댄스학원]  Bangbang - 아이브  (by 토3시),2026-05-02T03:49:32Z,74.0,False,247,3.0,
3407,UC4DgFN9dvM0DPXXvsS3FO-w,SHINE DANCE Kids 키즈댄스학원 샤인댄스,HxOYYxBOWws,[키즈댄스 샤인댄스 강남키즈댄스/강남댄스학원 신사동댄스학원 압구정댄스학원]  Bangbang - 아이브  (by 일5시),2026-05-02T04:38:16Z,74.0,False,84,2.0,
3407,UC4DgFN9dvM0DPXXvsS3FO-w,SHINE DANCE Kids 키즈댄스학원 샤인댄스,rQVU7nsh_Ro,[키즈댄스 샤인댄스 강남키즈댄스/강남댄스학원 신사동댄스학원 압구정댄스학원]  BTS - Swim  (by 서진),2026-05-02T04:57:04Z,28.0,True,1356,12.0,
3407,UC4DgFN9dvM0DPXXvsS3FO-w,SHINE DANCE Kids 키즈댄스학원 샤인댄스,YH1ZAaKBXGU,[키즈댄스 샤인댄스 강남키즈댄스/강남댄스학원 신사동댄스학원 압구정댄스학원]  Bangbang - 아이브  (by 지유),2026-05-02T06:34:24Z,76.0,False,343,6.0,
3407,UC4DgFN9dvM0DPXXvsS3FO-w,SHINE DANCE Kids 키즈댄스학원 샤인댄스,TyBPqKup51o,[키즈댄스 샤인댄스 강남키즈댄스/강남댄스학원 신사동댄스학원 압구정댄스학원]  Bangbang - 아이브  (by 지유),2026-05-02T06:35:23Z,39.0,True,1550,14.0,
3407,UC4DgFN9dvM0DPXXvsS3FO-w,SHINE DANCE Kids 키즈댄스학원 샤인댄스,8fR27SNmTOQ,[키즈댄스 샤인댄스 강남키즈댄스/강남댄스학원 신사동댄스학원 압구정댄스학원]  하츠투하츠 - Rude!  (by 지유),2026-05-02T06:38:23Z,34.0,True,1330,15.0,
3407,UC4DgFN9dvM0DPXXvsS3FO-w,SHINE DANCE Kids 키즈댄스학원 샤인댄스,_bYXmbALe78,[키즈댄스 샤인댄스 강남키즈댄스/강남댄스학원 신사동댄스학원 압구정댄스학원]  하츠투하츠 - Rude!  (by 지유),2026-05-02T06:46:09Z,82.0,False,240,12.0,
3407,UC4DgFN9dvM0DPXXvsS3FO-w,SHINE DANCE Kids 키즈댄스학원 샤인댄스,Wh1h8E9iihY,[키즈댄스 샤인댄스 잠실키즈댄스/ 잠실댄스학원 잠실동댄스학원 대치동댄스학원] Knife - 엔하이픈 (ENHYPEN) (by 정민),2026-05-02T07:33:42Z,57.0,True,142,4.0,
3407,UC4DgFN9dvM0DPXXvsS3FO-w,SHINE DANCE Kids 키즈댄스학원 샤인댄스,tl1bVN_gQF8,[키즈댄스 샤인댄스 잠실키즈댄스/ 잠실댄스학원 잠실동댄스학원 대치동댄스학원] Knife - 엔하이픈 (ENHYPEN) (by 정민),2026-05-02T07:35:09Z,31.0,True,1230,4.0,
3407,UC4DgFN9dvM0DPXXvsS3FO-w,SHINE DANCE Kids 키즈댄스학원 샤인댄스,3bQP8AHYWwg,[키즈댄스 샤인댄스 강남키즈댄스/강남댄스학원 신사동댄스학원 압구정댄스학원]  Bangbang - 아이브  (by 하린),2026-05-04T11:08:33Z,46.0,True,1170,11.0,
3407,UC4DgFN9dvM0DPXXvsS3FO-w,SHINE DANCE Kids 키즈댄스학원 샤인댄스,QbksRD9s760,[키즈댄스 샤인댄스 강남키즈댄스/강남댄스학원 신사동댄스학원 압구정댄스학원]  Bangbang - 아이브  (by 일11시),2026-05-04T11:15:17Z,75.0,False,175,2.0,
3407,UC4DgFN9dvM0DPXXvsS3FO-w,SHINE DANCE Kids 키즈댄스학원 샤인댄스,NFEVG_o8B24,[키즈댄스 샤인댄스 강남키즈댄스/강남댄스학원 신사동댄스학원 압구정댄스학원] 아이브 - 뱅뱅 (by 지우),2026-05-05T08:21:07Z,76.0,False,58,2.0,
3407,UC4DgFN9dvM0DPXXvsS3FO-w,SHINE DANCE Kids 키즈댄스학원 샤인댄스,kaKR9jICYaY,[키즈댄스 샤인댄스 강남키즈댄스/강남댄스학원 신사동댄스학원 압구정댄스학원] 아이브 - 뱅뱅 (by 지우),2026-05-05T08:21:40Z,33.0,True,982,6.0,
3407,UC4DgFN9dvM0DPXXvsS3FO-w,SHINE DANCE Kids 키즈댄스학원 샤인댄스,NxOU-ew2q0I,[키즈댄스 샤인댄스 강남키즈댄스/강남댄스학원 신사동댄스학원 압구정댄스학원]  BTS - Swim  (by 일4시),2026-05-05T08:34:58Z,49.0,True,123,3.0,
3407,UC4DgFN9dvM0DPXXvsS3FO-w,SHINE DANCE Kids 키즈댄스학원 샤인댄스,so3qyyr7vnM,[키즈댄스 샤인댄스 강남키즈댄스/강남댄스학원 신사동댄스학원 압구정댄스학원] 아이브 - 뱅뱅 (by 은수),2026-05-05T09:50:05Z,78.0,False,118,6.0,
3407,UC4DgFN9dvM0DPXXvsS3FO-w,SHINE DANCE Kids 키즈댄스학원 샤인댄스,8NG6A4auAvc,[키즈댄스 샤인댄스 강남키즈댄스/강남댄스학원 신사동댄스학원 압구정댄스학원] 아이브 - 뱅뱅 (by 은수),2026-05-05T09:51:04Z,43.0,True,1020,10.0,
3407,UC4DgFN9dvM0DPXXvsS3FO-w,SHINE DANCE Kids 키즈댄스학원 샤인댄스,CJy7zGtJGGk,[키즈댄스 샤인댄스 강남키즈댄스/강남댄스학원 신사동댄스학원 압구정댄스학원] Itzy - That's a no no (by 토10시),2026-05-05T10:09:35Z,37.0,True,287,3.0,
3407,UC4DgFN9dvM0DPXXvsS3FO-w,SHINE DANCE Kids 키즈댄스학원 샤인댄스,n76FKrU0k4o,[키즈댄스 샤인댄스 잠실키즈댄스/ 잠실댄스학원 잠실동댄스학원 대치동댄스학원] NewJeans - New Jeans (by 은서),2026-05-05T10:16:25Z,53.0,True,89,1.0,
3407,UC4DgFN9dvM0DPXXvsS3FO-w,SHINE DANCE Kids 키즈댄스학원 샤인댄스,cxcg1uLeyl4,[키즈댄스 샤인댄스 강남키즈댄스/강남댄스학원 신사동댄스학원 압구정댄스학원]  Bangbang - 아이브  (by 유안),2026-05-06T04:53:54Z,79.0,False,99,5.0,
3407,UC4DgFN9dvM0DPXXvsS3FO-w,SHINE DANCE Kids 키즈댄스학원 샤인댄스,eZXDI2ziw84,[키즈댄스 샤인댄스 강남키즈댄스/강남댄스학원 신사동댄스학원 압구정댄스학원] IVE (아이브) - 'XOXZ' (by 이서),2026-05-06T08:11:11Z,60.0,True,103,2.0,
3407,UC4DgFN9dvM0DPXXvsS3FO-w,SHINE DANCE Kids 키즈댄스학원 샤인댄스,xH_266L2R4I,[키즈댄스 샤인댄스 강남키즈댄스/강남댄스학원 신사동댄스학원 압구정댄스학원] IVE (아이브) - 'XOXZ' (by 이서),2026-05-06T08:12:40Z,24.0,True,1429,9.0,
3407,UC4DgFN9dvM0DPXXvsS3FO-w,SHINE DANCE Kids 키즈댄스학원 샤인댄스,fdMcITzycNY,[키즈댄스 샤인댄스 강남키즈댄스/강남댄스학원 신사동댄스학원 압구정댄스학원] 투모로우바이투게더 - 내일에서 기다릴게 (by 토11시),2026-05-06T08:27:36Z,57.0,True,66,3.0,
3407,UC4DgFN9dvM0DPXXvsS3FO-w,SHINE DANCE Kids 키즈댄스학원 샤인댄스,0L_7heGHFYQ,[키즈댄스 샤인댄스 강남키즈댄스/강남댄스학원 신사동댄스학원 압구정댄스학원]  BTS - Swim  (by 일6시),2026-05-06T08:42:17Z,44.0,True,102,3.0,
3407,UC4DgFN9dvM0DPXXvsS3FO-w,SHINE DANCE Kids 키즈댄스학원 샤인댄스,D9Hp_llsNXU,[키즈댄스 샤인댄스 강남키즈댄스/강남댄스학원 신사동댄스학원 압구정댄스학원]  하츠투하츠 - Rude!  (by 지안),2026-05-07T06:18:34Z,22.0,True,330,4.0,
3407,UC4DgFN9dvM0DPXXvsS3FO-w,SHINE DANCE Kids 키즈댄스학원 샤인댄스,Z-W46HKeAAM,[키즈댄스 샤인댄스 강남키즈댄스/강남댄스학원 신사동댄스학원 압구정댄스학원]  하츠투하츠 - Rude!  (by 지안),2026-05-07T06:19:57Z,22.0,True,1265,9.0,
3407,UC4DgFN9dvM0DPXXvsS3FO-w,SHINE DANCE Kids 키즈댄스학원 샤인댄스,juUZcdF6Xus,[키즈댄스 샤인댄스 잠실키즈댄스/ 잠실댄스학원 잠실동댄스학원 대치동댄스학원] Itzy - That's a no no (by 토5시),2026-05-07T06:42:48Z,41.0,True,207,1.0,
3407,UC4DgFN9dvM0DPXXvsS3FO-w,SHINE DANCE Kids 키즈댄스학원 샤인댄스,fEWvpo2mpSU,"[키즈댄스 샤인댄스 강남키즈댄스/강남댄스학원 신사동댄스학원 압구정댄스학원] CHUU - XO, My Cyberlove (by 토 4시 중급반)",2026-05-07T08:01:39Z,72.0,False,132,4.0,
3407,UC4DgFN9dvM0DPXXvsS3FO-w,SHINE DANCE Kids 키즈댄스학원 샤인댄스,V_H-191PuQ4,[키즈댄스 샤인댄스 강남키즈댄스/강남댄스학원 신사동댄스학원 압구정댄스학원] 아이들 - Mono (by 토 4시 중급반),2026-05-07T08:24:28Z,71.0,False,134,4.0,
3407,UC4DgFN9dvM0DPXXvsS3FO-w,SHINE DANCE Kids 키즈댄스학원 샤인댄스,Hr8UuJfxiYI,[키즈댄스 샤인댄스 강남키즈댄스/강남댄스학원 신사동댄스학원 압구정댄스학원] Hearts2Hearts(하츠투하츠) 'FOCUS' (by 서연),2026-05-08T07:10:41Z,38.0,True,93,5.0,
3407,UC4DgFN9dvM0DPXXvsS3FO-w,SHINE DANCE Kids 키즈댄스학원 샤인댄스,aW69w7gIhWo,[키즈댄스 샤인댄스 강남키즈댄스/강남댄스학원 신사동댄스학원 압구정댄스학원] Hearts2Hearts(하츠투하츠) 'FOCUS' (by 서연),2026-05-08T07:12:21Z,54.0,True,1156,6.0,
3407,UC4DgFN9dvM0DPXXvsS3FO-w,SHINE DANCE Kids 키즈댄스학원 샤인댄스,WKT1O-ru2Qw,[키즈댄스 샤인댄스 강남키즈댄스/강남댄스학원 신사동댄스학원 압구정댄스학원] 아이브 - 뱅뱅 (by 월4시),2026-05-08T07:32:48Z,74.0,False,106,4.0,
3407,UC4DgFN9dvM0DPXXvsS3FO-w,SHINE DANCE Kids 키즈댄스학원 샤인댄스,0f1Krr6AVEg,[키즈댄스 샤인댄스 잠실키즈댄스/ 잠실댄스학원 잠실동댄스학원 대치동댄스학원] KiiiKiii (키키)- 404 (by 토11시),2026-05-12T06:00:59Z,58.0,True,173,4.0,
3407,UC4DgFN9dvM0DPXXvsS3FO-w,SHINE DANCE Kids 키즈댄스학원 샤인댄스,kZacSju1wVA,[키즈댄스 샤인댄스 잠실키즈댄스/ 잠실댄스학원 잠실동댄스학원 대치동댄스학원] BABYMONSTER - 춤(CHOOM),2026-05-12T10:46:34Z,32.0,True,891,8.0,
3407,UC4DgFN9dvM0DPXXvsS3FO-w,SHINE DANCE Kids 키즈댄스학원 샤인댄스,QgONGgOCa6s,[키즈댄스 샤인댄스 잠실키즈댄스/ 잠실댄스학원 잠실동댄스학원 대치동댄스학원] KiiiKiii (키키)- 404 (by 일12시),2026-05-12T11:17:39Z,29.0,True,1014,7.0,
3407,UC4DgFN9dvM0DPXXvsS3FO-w,SHINE DANCE Kids 키즈댄스학원 샤인댄스,SvCyiTBvXII,[키즈댄스 샤인댄스 잠실키즈댄스/ 잠실댄스학원 잠실동댄스학원 대치동댄스학원] KiiiKiii (키키)- 404 (by 일12시),2026-05-12T11:18:38Z,29.0,True,65,1.0,
3407,UC4DgFN9dvM0DPXXvsS3FO-w,SHINE DANCE Kids 키즈댄스학원 샤인댄스,HrNP2V10WOA,[키즈댄스 샤인댄스 잠실키즈댄스/ 잠실댄스학원 잠실동댄스학원 대치동댄스학원]뱅뱅 - 아이브 (by 월 4시30분),2026-05-13T07:29:01Z,44.0,True,155,3.0,
3407,UC4DgFN9dvM0DPXXvsS3FO-w,SHINE DANCE Kids 키즈댄스학원 샤인댄스,Ax6FA6wIeSw,[키즈댄스 샤인댄스 강남키즈댄스/강남댄스학원 신사동댄스학원 압구정댄스학원 ] zxkai - NOBATIDÃO (by 일3시),2026-05-13T08:20:28Z,27.0,True,50,2.0,
3407,UC4DgFN9dvM0DPXXvsS3FO-w,SHINE DANCE Kids 키즈댄스학원 샤인댄스,XbbEFJG6vpo,[키즈댄스 샤인댄스 강남키즈댄스/강남댄스학원 신사동댄스학원 압구정댄스학원 ] YENA - 캐치 캐치 (by 일10시),2026-05-13T09:11:03Z,27.0,True,60,3.0,
3407,UC4DgFN9dvM0DPXXvsS3FO-w,SHINE DANCE Kids 키즈댄스학원 샤인댄스,0OTWcWJRE_o,[키즈댄스 샤인댄스 강남키즈댄스/강남댄스학원 신사동댄스학원 압구정댄스학원] Boynextdoor (보이넥스트도어) - 'Hollywood action' (by 연우),2026-05-13T11:06:53Z,30.0,True,58,4.0,
3407,UC4DgFN9dvM0DPXXvsS3FO-w,SHINE DANCE Kids 키즈댄스학원 샤인댄스,UDO7ngGNGLI,[키즈댄스 샤인댄스 강남키즈댄스/강남댄스학원 신사동댄스학원 압구정댄스학원] Boynextdoor (보이넥스트도어) - 'Hollywood action' (by 연우),2026-05-13T11:08:43Z,30.0,True,1047,15.0,
3407,UC4DgFN9dvM0DPXXvsS3FO-w,SHINE DANCE Kids 키즈댄스학원 샤인댄스,cIavijenOH8,[키즈댄스 샤인댄스 강남키즈댄스/강남댄스학원 신사동댄스학원 압구정댄스학원] 아이브 - 뱅뱅 (by 서현),2026-05-14T05:15:25Z,78.0,False,98,2.0,
3407,UC4DgFN9dvM0DPXXvsS3FO-w,SHINE DANCE Kids 키즈댄스학원 샤인댄스,0lhuTJ4JgnA,[키즈댄스 샤인댄스 강남키즈댄스/강남댄스학원 신사동댄스학원 압구정댄스학원] 아이브 - 뱅뱅 (by 서현),2026-05-14T05:16:25Z,46.0,True,1385,13.0,
3407,UC4DgFN9dvM0DPXXvsS3FO-w,SHINE DANCE Kids 키즈댄스학원 샤인댄스,su8XYAGQW4c,[키즈댄스 샤인댄스 잠실키즈댄스/ 잠실댄스학원 잠실동댄스학원 대치동댄스학원] Knife - 엔하이픈 (ENHYPEN) (by 자현),2026-05-14T05:24:42Z,35.0,True,48,1.0,
3407,UC4DgFN9dvM0DPXXvsS3FO-w,SHINE DANCE Kids 키즈댄스학원 샤인댄스,rj7r7hnAbiI,[키즈댄스 샤인댄스 잠실키즈댄스/ 잠실댄스학원 잠실동댄스학원 대치동댄스학원] Knife - 엔하이픈 (ENHYPEN) (by 자현),2026-05-14T05:25:36Z,34.0,True,1256,8.0,
3407,UC4DgFN9dvM0DPXXvsS3FO-w,SHINE DANCE Kids 키즈댄스학원 샤인댄스,z_cQCDSbIwk,[키즈댄스 샤인댄스 강남키즈댄스/강남댄스학원 신사동댄스학원 압구정댄스학원]  BTS - Swim  (by 일3시),2026-05-14T06:28:35Z,43.0,True,20,2.0,
3407,UC4DgFN9dvM0DPXXvsS3FO-w,SHINE DANCE Kids 키즈댄스학원 샤인댄스,5dFiJSK-HRc,[키즈댄스 샤인댄스 강남키즈댄스/강남댄스학원 신사동댄스학원 압구정댄스학원]  BTS - Swim  (by 일2시),2026-05-14T06:51:34Z,48.0,True,18,1.0,
3407,UC4DgFN9dvM0DPXXvsS3FO-w,SHINE DANCE Kids 키즈댄스학원 샤인댄스,-22Xiwm23lM,[키즈보컬 샤인보컬]  Tones And I - Dance Monkey (Cover by 서윤),2026-05-14T08:43:10Z,71.0,False,39,0.0,
3407,UC4DgFN9dvM0DPXXvsS3FO-w,SHINE DANCE Kids 키즈댄스학원 샤인댄스,laSVRA8YXCo,[키즈댄스 샤인댄스 잠실키즈댄스/ 잠실댄스학원 잠실동댄스학원 대치동댄스학원] 하츠투하츠 - 'RUDE!' (by 목 7시),2026-05-16T01:49:45Z,70.0,False,134,6.0,
3407,UC4DgFN9dvM0DPXXvsS3FO-w,SHINE DANCE Kids 키즈댄스학원 샤인댄스,4_UDdvG4dXA,[키즈댄스 샤인댄스 잠실키즈댄스/ 잠실댄스학원 잠실동댄스학원 대치동댄스학원] 투어스 - 'OVERDRIVE' (by 토11시),2026-05-16T02:18:46Z,35.0,True,15,0.0,
3407,UC4DgFN9dvM0DPXXvsS3FO-w,SHINE DANCE Kids 키즈댄스학원 샤인댄스,n2x6j_qTpeA,[키즈댄스 샤인댄스 잠실키즈댄스/ 잠실댄스학원 잠실동댄스학원 대치동댄스학원] Itzy - That's a no no (by 토6시),2026-05-16T02:46:13Z,61.0,False,16,0.0,
3408,UClmkNSvFeX9JWDtLU7V__rQ,Jiee ASMR,KKCGxsZsnz0,ASMR 비 오는 날 메이크업 하는 영상 Rainy day Cozy Makeup,2016-09-30T11:22:53Z,2602.0,False,393151,2899.0,321.0
3408,UClmkNSvFeX9JWDtLU7V__rQ,Jiee ASMR,vhHDzbSyDGg,"ASMR 몽글몽글 귀청소 Ear Cleaning, Whispering",2016-10-31T16:06:34Z,1959.0,False,917467,6172.0,697.0
3408,UClmkNSvFeX9JWDtLU7V__rQ,Jiee ASMR,ofm8l7c4CEI,"ASMR 딸기를 먹어 볼까나 Eating Strawberries, Whisper",2017-01-02T17:33:54Z,2280.0,False,566378,5053.0,731.0
3408,UClmkNSvFeX9JWDtLU7V__rQ,Jiee ASMR,OD5WhsF7D40,ASMR 어서와 메이크업은 처음이지? Friend Makeup Rp,2017-01-12T08:20:37Z,2236.0,False,684264,5000.0,561.0
3408,UClmkNSvFeX9JWDtLU7V__rQ,Jiee ASMR,CEuPbovuyPs,"ASMR 속닥속닥 부드럽게 쓰다듬어 드릴게요 Face Brushing, Whisper Ramble",2017-02-08T17:33:57Z,1504.0,False,669828,4149.0,411.0
3408,UClmkNSvFeX9JWDtLU7V__rQ,Jiee ASMR,7mIkusqIv60,ASMR 마카롱을 먹어 볼까나 Macaron Eating Sounds,2017-02-22T17:20:37Z,2784.0,False,719896,6423.0,489.0
3408,UClmkNSvFeX9JWDtLU7V__rQ,Jiee ASMR,OIJP6atWSoU,"ASMR 촉촉하게 스킨케어 해드릴게요 Skin Care, Scrub, Relaxing Massage",2017-04-10T16:41:19Z,2743.0,False,587303,4466.0,379.0
3408,UClmkNSvFeX9JWDtLU7V__rQ,Jiee ASMR,bYj5Wc6hLSw,ASMR 시원한 솜털 귀청소 샵입니다 Ear Cleaning Shop Rp,2017-06-06T16:16:32Z,2720.0,False,984982,7113.0,910.0
3409,UCNRnCc0hg3ZcKdOGXKKv5Ww,장윤철[쭉튜브],ISMlPr59WI0,지가 다 패놓고,2026-04-24T09:15:01Z,22.0,True,25537,84.0,5.0
3409,UCNRnCc0hg3ZcKdOGXKKv5Ww,장윤철[쭉튜브],vQmQzlBGXm8,스타 장윤철  4.24 /  저녁반 이스코어 단판토너먼트 우승시 300만원,2026-04-24T10:07:21Z,461.0,False,1178,8.0,1.0
3409,UCNRnCc0hg3ZcKdOGXKKv5Ww,장윤철[쭉튜브],PI86EaDo1ZQ,스타 장윤철  4.24 /  저녁반 5:5  준 메이저 프로리그,2026-04-24T18:37:05Z,29314.0,False,14804,92.0,4.0
3409,UCNRnCc0hg3ZcKdOGXKKv5Ww,장윤철[쭉튜브],HHVcQTjNFfY,징징징~,2026-04-25T03:15:04Z,20.0,True,49349,113.0,7.0
3409,UCNRnCc0hg3ZcKdOGXKKv5Ww,장윤철[쭉튜브],H6Nn1kh63Cw,뚜까~ 뚜까~,2026-04-25T09:15:02Z,26.0,True,29129,134.0,11.0
3409,UCNRnCc0hg3ZcKdOGXKKv5Ww,장윤철[쭉튜브],kN3RI0WLH9I,외국인 때리는 K질럿,2026-04-26T03:15:03Z,41.0,True,43084,196.0,21.0
3409,UCNRnCc0hg3ZcKdOGXKKv5Ww,장윤철[쭉튜브],L-VJhi3rH_I,그냥 너랑 놀고 싶었어,2026-04-27T09:15:01Z,30.0,True,22641,96.0,11.0
3409,UCNRnCc0hg3ZcKdOGXKKv5Ww,장윤철[쭉튜브],2HYnIPPiD80,스타 장윤철  4.27 /  저녁반,2026-04-28T01:31:57Z,6005.0,False,5294,43.0,2.0
3409,UCNRnCc0hg3ZcKdOGXKKv5Ww,장윤철[쭉튜브],av4peiQbEyY,내가 매일같이 기다리는 형,2026-04-28T03:15:00Z,34.0,True,32772,155.0,19.0
3409,UCNRnCc0hg3ZcKdOGXKKv5Ww,장윤철[쭉튜브],QvOTCAV1w8I,리버로 스톰 피해버~리기~,2026-04-28T09:15:02Z,43.0,True,27238,112.0,9.0
3409,UCNRnCc0hg3ZcKdOGXKKv5Ww,장윤철[쭉튜브],uyND7qvPvnY,스타 장윤철  4.28 /  저녁반 9시반 멸망전  vs 이재호 13판 7선승,2026-04-28T16:46:07Z,16282.0,False,11595,83.0,5.0
3409,UCNRnCc0hg3ZcKdOGXKKv5Ww,장윤철[쭉튜브],s0zN2R9Ntoo,너무 넘고 싶었던 애,2026-04-29T03:15:11Z,36.0,True,58836,164.0,6.0
3409,UCNRnCc0hg3ZcKdOGXKKv5Ww,장윤철[쭉튜브],_T5TyWw5nOQ,이영호와의 매치 전 이X호와 테란전 점검 합니다. [중국 끝장전],2026-04-29T09:15:03Z,463.0,False,6686,65.0,42.0
3409,UCNRnCc0hg3ZcKdOGXKKv5Ww,장윤철[쭉튜브],Y744TVHwXBg,너무 똑똑한 드라군,2026-04-30T03:15:01Z,35.0,True,30184,119.0,22.0
3409,UCNRnCc0hg3ZcKdOGXKKv5Ww,장윤철[쭉튜브],VotrfzrRFWs,스타 장윤철  4.30 /  저녁반 5:5 메이저 프로리그!!,2026-04-30T15:27:05Z,15010.0,False,12166,90.0,6.0
3409,UCNRnCc0hg3ZcKdOGXKKv5Ww,장윤철[쭉튜브],ehnT7fa_344,프로리그 중에 쇼츠각 뽑는 광인 등장! [프로리그],2026-05-01T09:15:09Z,554.0,False,6196,64.0,36.0
3409,UCNRnCc0hg3ZcKdOGXKKv5Ww,장윤철[쭉튜브],dSo15tJor1o,경기 중 쇼츠각 뽑아버~리기~,2026-05-02T03:15:05Z,42.0,True,156920,302.0,23.0
3409,UCNRnCc0hg3ZcKdOGXKKv5Ww,장윤철[쭉튜브],ehqfIclmZlg,울적한 미친 사람,2026-05-02T09:15:06Z,34.0,True,39941,204.0,17.0
3409,UCNRnCc0hg3ZcKdOGXKKv5Ww,장윤철[쭉튜브],Jm0Wx0z_vCM,터렛은 매너지,2026-05-03T03:15:01Z,36.0,True,57986,159.0,18.0
3409,UCNRnCc0hg3ZcKdOGXKKv5Ww,장윤철[쭉튜브],I14C2x9nRU8,응원해주셔서 감사합니다. [ASL 21 전투 장면 하이라이트],2026-05-05T14:21:25Z,539.0,False,21436,515.0,444.0
3409,UCNRnCc0hg3ZcKdOGXKKv5Ww,장윤철[쭉튜브],YGuFrnFame4,패배자도 박수 받았던 미친 경기;;,2026-05-06T09:15:03Z,139.0,False,138080,891.0,282.0
3409,UCNRnCc0hg3ZcKdOGXKKv5Ww,장윤철[쭉튜브],1pJJlIYaxjo,스타 장윤철  5.6 /  저녁반  4:4 메이저 프로리그!!,2026-05-06T17:16:03Z,21182.0,False,15529,161.0,5.0
3409,UCNRnCc0hg3ZcKdOGXKKv5Ww,장윤철[쭉튜브],W4Kr_ASzzJY,테란전만 150판하고 프프전을 하면 어떤 일이 벌어질까? [프로리그 하이라이트],2026-05-07T09:15:06Z,293.0,False,4469,53.0,23.0
3409,UCNRnCc0hg3ZcKdOGXKKv5Ww,장윤철[쭉튜브],QtTH8OI1Z9c,스타 장윤철  5.7 /  저녁반 4:4 메이저 프로리그 !!,2026-05-07T17:32:50Z,17680.0,False,16315,104.0,2.0
3409,UCNRnCc0hg3ZcKdOGXKKv5Ww,장윤철[쭉튜브],rdVQIvA0dck,길쭉한 AI,2026-05-08T03:15:10Z,32.0,True,47785,161.0,25.0
3409,UCNRnCc0hg3ZcKdOGXKKv5Ww,장윤철[쭉튜브],D0RwJh0Arpw,스타 장윤철  4.27 /  저녁반,2026-05-08T05:51:05Z,3038.0,False,1312,10.0,0.0
3409,UCNRnCc0hg3ZcKdOGXKKv5Ww,장윤철[쭉튜브],c3hYaq4Aa_Y,스타 장윤철  5.6 /  저녁반 ASL 8강 후기,2026-05-08T05:51:09Z,5577.0,False,5584,88.0,0.0
3409,UCNRnCc0hg3ZcKdOGXKKv5Ww,장윤철[쭉튜브],fhSotToRZS0,스타 장윤철  4.21 /  오후반 상위 0.1%,2026-05-08T05:51:09Z,1906.0,False,660,8.0,1.0
3409,UCNRnCc0hg3ZcKdOGXKKv5Ww,장윤철[쭉튜브],mjMfdf9SZ7M,스타 장윤철  5.1 /  저녁반,2026-05-08T05:51:09Z,14994.0,False,5625,38.0,0.0
3409,UCNRnCc0hg3ZcKdOGXKKv5Ww,장윤철[쭉튜브],Dua7Qj35BwQ,스타 장윤철  5.8 /  오후반 상위 0.01%,2026-05-08T06:22:19Z,7765.0,False,2723,34.0,3.0
3409,UCNRnCc0hg3ZcKdOGXKKv5Ww,장윤철[쭉튜브],DrJVTBCR9o4,ㅈㄴ 비비는 저그는 어떻게 막아야 할까? [종족최강전],2026-05-08T09:15:01Z,266.0,False,2485,37.0,12.0
3409,UCNRnCc0hg3ZcKdOGXKKv5Ww,장윤철[쭉튜브],P_PYUYagAZ0,보여줄게 완전히 달라진 나우~,2026-05-09T03:15:06Z,42.0,True,68976,231.0,34.0
3409,UCNRnCc0hg3ZcKdOGXKKv5Ww,장윤철[쭉튜브],T3_GyDHHn5A,너무 화난 외국인,2026-05-09T10:15:05Z,33.0,True,51897,232.0,39.0
3409,UCNRnCc0hg3ZcKdOGXKKv5Ww,장윤철[쭉튜브],CiYzFHCoh3A,저그를 이해한 남자,2026-05-10T03:15:02Z,34.0,True,96956,258.0,26.0
3409,UCNRnCc0hg3ZcKdOGXKKv5Ww,장윤철[쭉튜브],_Hk5gwRtmxw,스타 장윤철  5.11 /  오후반 상위 0.01%,2026-05-11T05:35:17Z,9827.0,False,3147,32.0,1.0
3409,UCNRnCc0hg3ZcKdOGXKKv5Ww,장윤철[쭉튜브],YzsR6fDEngU,숨어 버~리기~ 어?,2026-05-11T09:15:03Z,35.0,True,25628,87.0,11.0
3409,UCNRnCc0hg3ZcKdOGXKKv5Ww,장윤철[쭉튜브],Mp7WF6UtbdQ,스타 장윤철  5.11 /  저녁반 5:5 찐 메이저 프로리그,2026-05-11T17:46:40Z,19491.0,False,12482,103.0,0.0
3409,UCNRnCc0hg3ZcKdOGXKKv5Ww,장윤철[쭉튜브],d7eRQpyl9Zc,저그 앞잡이가 된 나,2026-05-12T03:15:02Z,28.0,True,31998,103.0,10.0
3409,UCNRnCc0hg3ZcKdOGXKKv5Ww,장윤철[쭉튜브],O2dE707vai0,스타 장윤철  5.12 /  오후반 상위 0.001%,2026-05-12T07:14:36Z,6547.0,False,2361,25.0,0.0
3409,UCNRnCc0hg3ZcKdOGXKKv5Ww,장윤철[쭉튜브],Se0tjDGDPa0,죄송합니다,2026-05-12T09:15:36Z,43.0,True,70576,283.0,52.0
3409,UCNRnCc0hg3ZcKdOGXKKv5Ww,장윤철[쭉튜브],ijOFgJq-moY,스타 장윤철  5.12 /  저녁반 5:5 찐 메이저 프로리그,2026-05-12T16:01:52Z,15121.0,False,16397,126.0,2.0
3409,UCNRnCc0hg3ZcKdOGXKKv5Ww,장윤철[쭉튜브],Hpdq3JPMthA,이 집 잘해,2026-05-13T03:15:38Z,39.0,True,41061,128.0,12.0
3409,UCNRnCc0hg3ZcKdOGXKKv5Ww,장윤철[쭉튜브],AuSNi-4Z_gQ,자강두천,2026-05-13T09:15:19Z,49.0,True,72976,271.0,25.0
3409,UCNRnCc0hg3ZcKdOGXKKv5Ww,장윤철[쭉튜브],2Jpcql6iVfA,스타에서 연사쓰는 나,2026-05-14T03:15:32Z,29.0,True,108117,252.0,28.0
3409,UCNRnCc0hg3ZcKdOGXKKv5Ww,장윤철[쭉튜브],2GxYEIRgt00,김민철을 상대로 이런 스코어가 나올 줄은 몰랐다... [중계진 끝장전],2026-05-14T10:15:30Z,1474.0,False,5553,58.0,18.0
3409,UCNRnCc0hg3ZcKdOGXKKv5Ww,장윤철[쭉튜브],IqOXHZ58eeA,저그 상대로 사기치기,2026-05-15T03:15:32Z,42.0,True,17798,79.0,14.0
3409,UCNRnCc0hg3ZcKdOGXKKv5Ww,장윤철[쭉튜브],jpSf4c8OQNQ,눈 깜빡이지 말 것,2026-05-15T09:15:17Z,37.0,True,29178,130.0,22.0
3409,UCNRnCc0hg3ZcKdOGXKKv5Ww,장윤철[쭉튜브],FMLV6eLRY7M,스타 장윤철  5.15 /  저녁반  이스코어 단판토너먼트 우승시 300만원,2026-05-15T23:49:29Z,5788.0,False,4060,37.0,5.0
3409,UCNRnCc0hg3ZcKdOGXKKv5Ww,장윤철[쭉튜브],sT1pKHOHisM,탈락한 이유 찾았네요;;,2026-05-16T03:15:15Z,33.0,True,32948,146.0,17.0
3409,UCNRnCc0hg3ZcKdOGXKKv5Ww,장윤철[쭉튜브],FXknjACwqC0,리페어로 야랄하기 ㅋㅋ,2026-05-16T09:15:07Z,42.0,True,5604,55.0,7.0
3410,UCcLUBNBlXYL2B7tclSdWA8w,김건호,goG3F-UeC_I,여자들이 좋아하는 남자 티안나는 관리법,2025-04-15T01:19:42Z,39.0,True,2267,28.0,0.0
3410,UCcLUBNBlXYL2B7tclSdWA8w,김건호,ipjgIX93tk8,샤워하면서 오줌싸면ㄷㄷ,2025-04-23T10:25:13Z,28.0,True,2817,16.0,0.0
3410,UCcLUBNBlXYL2B7tclSdWA8w,김건호,MIubwDmQjyw,성심당 1분만에 들어가는방법,2025-04-23T10:30:36Z,16.0,True,6170,28.0,0.0
3410,UCcLUBNBlXYL2B7tclSdWA8w,김건호,11o-A8nhTzQ,개신박한 플러팅 방법,2025-04-23T11:09:28Z,44.0,True,2197,10.0,0.0
3410,UCcLUBNBlXYL2B7tclSdWA8w,김건호,sR-_SDg_J3k,횡단보도로 튀어나간 타코야끼,2025-04-29T08:00:50Z,11.0,True,1922,8.0,0.0
3410,UCcLUBNBlXYL2B7tclSdWA8w,김건호,iPVl8bWJmqE,할머니 좋아하는 내친구와 글램핑.,2025-05-19T08:03:53Z,628.0,False,3167,29.0,6.0
3410,UCcLUBNBlXYL2B7tclSdWA8w,김건호,DtSapxOMr9E,떡감좋네,2025-05-19T08:32:54Z,35.0,True,6514,49.0,2.0
3410,UCcLUBNBlXYL2B7tclSdWA8w,김건호,aK9JCTr3WKc,식당에서 개빡친 intp친구,2025-05-19T08:36:14Z,39.0,True,7268,48.0,3.0
3410,UCcLUBNBlXYL2B7tclSdWA8w,김건호,oAb0fl0NGKg,ㅈ같은냄새의원인,2025-05-21T08:45:15Z,26.0,True,1164,8.0,0.0
3410,UCcLUBNBlXYL2B7tclSdWA8w,김건호,LtPHEWO1GhM,나 살쪘어?,2025-05-21T09:00:29Z,39.0,True,1555,8.0,0.0
3410,UCcLUBNBlXYL2B7tclSdWA8w,김건호,zCyM9k_YZL8,내향인 특,2025-05-21T10:01:39Z,19.0,True,5977,13.0,0.0
3410,UCcLUBNBlXYL2B7tclSdWA8w,김건호,wF7q-jOeXXQ,꿀벌남vs말벌남,2025-05-21T11:01:39Z,21.0,True,1976,16.0,0.0
3410,UCcLUBNBlXYL2B7tclSdWA8w,김건호,LffslWlKu0g,소주 좋아하는 사람 특,2025-05-21T11:30:30Z,21.0,True,1684,7.0,0.0
3410,UCcLUBNBlXYL2B7tclSdWA8w,김건호,kSrfZCU4oYk,야한말하는 뚱땡이 결혼식,2025-05-27T22:35:09Z,624.0,False,3439,45.0,6.0
3410,UCcLUBNBlXYL2B7tclSdWA8w,김건호,DF-p4Cui8O0,일본인에게 직접 물어봤는데 반응이ㄷㄷ,2025-06-06T06:22:41Z,97.0,False,2125,23.0,2.0
3410,UCcLUBNBlXYL2B7tclSdWA8w,김건호,gHiOPNlumRc,2초만에 친구 빡치게하는법,2025-06-06T15:22:23Z,16.0,True,6714,21.0,1.0
3410,UCcLUBNBlXYL2B7tclSdWA8w,김건호,e80Z_bPgsS8,돈키호테 40만원치 쇼핑 하울! 국룰상품 부터 비주류 아이템 다사봤다!,2025-06-07T03:00:48Z,562.0,False,1795,22.0,2.0
3410,UCcLUBNBlXYL2B7tclSdWA8w,김건호,VTjigMEq7pU,극단적 자율감각쾌락반응(ASMR) - 돈키호테편 (엄빠주의)(이어폰필수),2025-06-11T09:30:39Z,118.0,False,10695,56.0,12.0
3410,UCcLUBNBlXYL2B7tclSdWA8w,김건호,cp_tZFDbVR8,인프피가 찐친이랑 있으면..,2025-06-13T05:43:40Z,42.0,True,2024,7.0,0.0
3410,UCcLUBNBlXYL2B7tclSdWA8w,김건호,b5TyTXSPkfA,N S 구별법,2025-06-13T07:00:39Z,12.0,True,3037,5.0,0.0
3410,UCcLUBNBlXYL2B7tclSdWA8w,김건호,YxrgHAGkOvg,친구랑 여행갈때 기름값,2025-06-13T07:31:00Z,35.0,True,2461,6.0,1.0
3410,UCcLUBNBlXYL2B7tclSdWA8w,김건호,OJs-T6j44_I,신박한 느좋 셀카,2025-06-13T08:00:21Z,24.0,True,1528,9.0,0.0
3410,UCcLUBNBlXYL2B7tclSdWA8w,김건호,Zf86PZO9YmM,편식하는 친구에게,2025-06-13T08:00:43Z,23.0,True,1583,4.0,0.0
3410,UCcLUBNBlXYL2B7tclSdWA8w,김건호,bGVzXXUAwag,친구는 할머니를 좋아해,2025-06-13T08:00:50Z,17.0,True,1858,10.0,0.0
3410,UCcLUBNBlXYL2B7tclSdWA8w,김건호,WL9-SiiFY_U,학교에서 똥쌀때 국룰,2025-06-13T08:40:00Z,11.0,True,2735,14.0,1.0
3410,UCcLUBNBlXYL2B7tclSdWA8w,김건호,D8kTzyPXPNk,빙수2배로 맛있게먹기,2025-06-13T09:00:18Z,39.0,True,1240,8.0,0.0
3410,UCcLUBNBlXYL2B7tclSdWA8w,김건호,nQe7BLFbtnM,엄마죽입니다,2025-06-13T10:01:18Z,13.0,True,2797,14.0,0.0
3410,UCcLUBNBlXYL2B7tclSdWA8w,김건호,h9mQYGONIEM,만취한 친구 깨우는법,2025-06-14T03:01:00Z,17.0,True,5710,16.0,0.0
3410,UCcLUBNBlXYL2B7tclSdWA8w,김건호,8X8XjO4pwvY,주당의 마음가짐,2025-06-14T07:00:08Z,20.0,True,2791,11.0,1.0
3410,UCcLUBNBlXYL2B7tclSdWA8w,김건호,AXcNbgUctq0,요즘 방지턱들 ㄷㄷ,2025-06-14T08:00:12Z,22.0,True,3147,17.0,1.0
3410,UCcLUBNBlXYL2B7tclSdWA8w,김건호,Sa5ODuPCv0M,테토남의 생일,2025-06-14T08:29:01Z,42.0,True,4863,24.0,1.0
3410,UCcLUBNBlXYL2B7tclSdWA8w,김건호,YsqtXhxhqQI,너네가 우리나라 부셨잖아,2025-06-14T09:00:56Z,11.0,True,6012,11.0,0.0
3410,UCcLUBNBlXYL2B7tclSdWA8w,김건호,BaF7EW89y0I,초딩 야차 특,2025-06-14T09:31:01Z,23.0,True,3623,17.0,1.0
3410,UCcLUBNBlXYL2B7tclSdWA8w,김건호,w6-jkDF4EW0,불법사이트 특,2025-06-18T12:23:46Z,16.0,True,3058,20.0,0.0
3410,UCcLUBNBlXYL2B7tclSdWA8w,김건호,yc_4IcoFm2w,극단적 자율감각쾌락반응(ASMR) - 타투,2025-06-24T09:20:41Z,260.0,False,6165,35.0,3.0
3410,UCcLUBNBlXYL2B7tclSdWA8w,김건호,PnlAWSPT1Fk,극단적 자율감각쾌락반응(ASMR) - 짜장면 (with모친),2025-07-08T17:19:44Z,236.0,False,2126,18.0,4.0
3410,UCcLUBNBlXYL2B7tclSdWA8w,김건호,YzmghZlLt1E,일본 최고 가성비 여행으로 유명한 가고시마 여행 -1편,2025-07-14T11:57:41Z,821.0,False,1596,23.0,2.0
3410,UCcLUBNBlXYL2B7tclSdWA8w,김건호,TSlJKEFbPLc,산 보이는 바다도시 -일본 가고시마,2025-07-29T08:48:24Z,469.0,False,3497,41.0,3.0
3410,UCcLUBNBlXYL2B7tclSdWA8w,김건호,_HXFOPrQjcA,약 1년만에 개같이 부활한 텐1가리뷰좌,2025-08-01T09:42:40Z,381.0,False,27465,191.0,16.0
3410,UCcLUBNBlXYL2B7tclSdWA8w,김건호,EtA2K3USxBY,정신나간 29금 큐엔에이(QNA),2025-08-17T00:24:59Z,1231.0,False,23048,212.0,15.0
3410,UCcLUBNBlXYL2B7tclSdWA8w,김건호,N8SzWVkK9Qg,친구랑 노래방 국룰,2025-08-29T04:44:45Z,22.0,True,2395,9.0,0.0
3410,UCcLUBNBlXYL2B7tclSdWA8w,김건호,ajqWBHmDVV8,돈키호테asmr,2025-08-29T04:47:11Z,42.0,True,2692,13.0,0.0
3410,UCcLUBNBlXYL2B7tclSdWA8w,김건호,nBEEjEFiNmk,전자기기 성추행,2025-08-29T06:00:55Z,24.0,True,2299,22.0,2.0
3410,UCcLUBNBlXYL2B7tclSdWA8w,김건호,UCYWt7CpUlw,일본 메이드 카페,2025-08-29T08:00:30Z,35.0,True,5336,35.0,0.0
3410,UCcLUBNBlXYL2B7tclSdWA8w,김건호,CPZewDyDQr0,남자애들 주유소 특,2025-08-29T11:00:21Z,20.0,True,8177,42.0,1.0
3410,UCcLUBNBlXYL2B7tclSdWA8w,김건호,Ox-G2SEGMxE,남자들끼리 빙수먹는방법,2025-08-30T06:00:21Z,27.0,True,8452,63.0,1.0
3410,UCcLUBNBlXYL2B7tclSdWA8w,김건호,ajLo6LyNzfk,그동안 사랑해주셔서 감사했습니다,2025-09-30T15:25:19Z,60.0,True,17317,42.0,4.0
3410,UCcLUBNBlXYL2B7tclSdWA8w,김건호,8G578wV8KE4,생식기용 고무장갑 직접 사용해보며 리뷰…,2025-12-17T12:12:48Z,821.0,False,18442,97.0,13.0
3410,UCcLUBNBlXYL2B7tclSdWA8w,김건호,gUs1hpUufKA,나의 정자를 관찰해 미래의 자식 미리보기,2026-03-09T22:44:01Z,451.0,False,6877,79.0,12.0
3410,UCcLUBNBlXYL2B7tclSdWA8w,김건호,3feLozFbchc,여자명기 기준,2026-03-28T07:20:09Z,51.0,True,1342,20.0,0.0
3411,UC50HiPRDIXQMcB9orOdlbaQ,비엠TV,pMxN8-ZmsR8,"나로후닝 키보드 가져옴! 메이플 주간보스 고우 (호영,렌,제논,보마)",2025-08-28T15:57:59Z,10244.0,False,382,2.0,6.0
3411,UC50HiPRDIXQMcB9orOdlbaQ,비엠TV,84Qtt__t8wc,"메이플 무료템진단~  (호영,렌,제논,보마)",2025-08-30T20:23:04Z,41275.0,False,427,5.0,1.0
3411,UC50HiPRDIXQMcB9orOdlbaQ,비엠TV,CTIh1SHlSmg,"메이플 무료템진단~  보스돌고 (호영,렌,제논,보마)",2025-08-31T08:54:44Z,17855.0,False,382,3.0,0.0
3411,UC50HiPRDIXQMcB9orOdlbaQ,비엠TV,fAuWh2s7FXI,"메이플 보스돌기~  (호영,렌,제논,보마)",2025-09-04T11:37:10Z,709.0,False,59,1.0,0.0
3411,UC50HiPRDIXQMcB9orOdlbaQ,비엠TV,8dlzbSMGtnI,"메이플 보스돌기~  (호영,렌,제논,보마)",2025-09-04T17:02:03Z,16807.0,False,306,2.0,0.0
3411,UC50HiPRDIXQMcB9orOdlbaQ,비엠TV,XemLaq3r808,"메이플 렌, 제논 주보 (호영,렌,제논,보마)",2025-09-07T13:40:53Z,9757.0,False,144,2.0,0.0
3411,UC50HiPRDIXQMcB9orOdlbaQ,비엠TV,1OJFt1L2fDg,"메이플 호영 주보 (호영,렌,제논,보마)",2025-09-08T15:20:19Z,13390.0,False,106,4.0,1.0
3411,UC50HiPRDIXQMcB9orOdlbaQ,비엠TV,t5zcRuzneeI,"메이플 익스우 솔플 도전... (호영,렌,제논,보마)",2025-09-09T14:31:39Z,9180.0,False,169,1.0,1.0
3411,UC50HiPRDIXQMcB9orOdlbaQ,비엠TV,mkUGaEcMUtE,"메이플 익스우 솔플 도전... (호영,렌,제논,보마)",2025-09-11T17:15:52Z,14192.0,False,148,3.0,0.0
3411,UC50HiPRDIXQMcB9orOdlbaQ,비엠TV,Nkn37tFaM_k,"메이플 호영,렌 주보~ (호영,렌,제논,보마)",2025-09-13T16:39:46Z,12272.0,False,130,0.0,0.0
3411,UC50HiPRDIXQMcB9orOdlbaQ,비엠TV,zod2oAElw3k,"메이플 익스우 솔플 재도전!  (호영,렌,제논,보마)",2025-09-14T13:01:08Z,8320.0,False,230,2.0,0.0
3411,UC50HiPRDIXQMcB9orOdlbaQ,비엠TV,FDxTpWFBVXg,"메이플 ●▅▇█▇▆▅▄▇ 4번째 유챔 S 바로!  (호영,렌,제논,보마)",2025-09-18T18:39:08Z,26206.0,False,185,2.0,0.0
3411,UC50HiPRDIXQMcB9orOdlbaQ,비엠TV,H6st8ogxMVU,"메이플 ●▅▇█▇▆▅▄▇ 4번째 유챔 S 바로!  (호영,렌,제논,보마)",2025-09-19T03:55:06Z,9488.0,False,262,2.0,0.0
3411,UC50HiPRDIXQMcB9orOdlbaQ,비엠TV,X8VsllF2pJ0,메이플 플라즈마 20성!! 제 .압라 ㅜ!,2025-09-22T01:39:49Z,2025.0,False,147,2.0,6.0
3411,UC50HiPRDIXQMcB9orOdlbaQ,비엠TV,YvCTvRyeVH0,귀칼 중독자의 해방4캐릭 보스 수익 총정산!(클리어타임+500억?) 메이플스토리,2025-09-23T09:00:55Z,239.0,False,4318,35.0,33.0
3411,UC50HiPRDIXQMcB9orOdlbaQ,비엠TV,8Pj7gTrQaTw,"메이플 귀칼 주보 가보자고~  (호영,렌,제논,보마)",2025-09-25T16:29:15Z,10115.0,False,279,2.0,0.0
3411,UC50HiPRDIXQMcB9orOdlbaQ,비엠TV,lC1nmeNQW3k,렌 6.0 6만 주보 하세유챔,2025-09-26T15:01:26Z,27.0,True,13254,14.0,1.0
3411,UC50HiPRDIXQMcB9orOdlbaQ,비엠TV,rfGroEpvJv0,제논 5.7만 주보 하세유챔 캐릭,2025-09-26T15:01:47Z,20.0,True,34763,27.0,4.0
3411,UC50HiPRDIXQMcB9orOdlbaQ,비엠TV,uGgTtTfkIb8,호영 8.5만 주보,2025-09-26T15:01:58Z,27.0,True,2167,2.0,1.0
3411,UC50HiPRDIXQMcB9orOdlbaQ,비엠TV,yvzzNhJoy0U,보마 5.5만 주보 하세유챔,2025-09-26T15:02:03Z,19.0,True,7682,13.0,3.0
3411,UC50HiPRDIXQMcB9orOdlbaQ,비엠TV,kjI96RlYoic,"메이플 주보 렌,호영,제노느보마  (호영,렌,제논,보마)",2025-09-27T14:59:38Z,31855.0,False,912,2.0,0.0
3411,UC50HiPRDIXQMcB9orOdlbaQ,비엠TV,UA9ZM6KxkxE,샤타네? 플하 20성 가쟈!!!!!!!!!!!!!!!!!!!!!,2025-09-28T10:00:47Z,59.0,True,3507,8.0,3.0
3411,UC50HiPRDIXQMcB9orOdlbaQ,비엠TV,7byk2rR7Z50,메이플 익스유~ 주보,2025-09-28T18:15:20Z,4712.0,False,101,1.0,0.0
3411,UC50HiPRDIXQMcB9orOdlbaQ,비엠TV,PLb3tbRBuQ0,"메이플 무료템진단, 템셋팅 14:30~17:30",2025-10-04T11:53:39Z,21249.0,False,295,5.0,0.0
3411,UC50HiPRDIXQMcB9orOdlbaQ,비엠TV,aOTXNQyHi3U,"메이플 스피드런 제논, 보마 보스레이드",2025-10-12T17:38:35Z,10917.0,False,229,2.0,0.0
3411,UC50HiPRDIXQMcB9orOdlbaQ,비엠TV,RY0GQQx_xD8,"메이플 스피드런 호영 , 렌 주보가자!!",2025-10-14T05:16:44Z,6028.0,False,54,1.0,0.0
3411,UC50HiPRDIXQMcB9orOdlbaQ,비엠TV,EuS1lxW5u-U,"메이플 스피드런 림보, 렌~ 보스레이드",2025-10-14T23:36:31Z,1829.0,False,117,1.0,0.0
3411,UC50HiPRDIXQMcB9orOdlbaQ,비엠TV,qB_0IiwA8Kk,메이플 스피드런 노칼노적자 렌~ 보스레이드,2025-10-15T02:32:50Z,5596.0,False,63,1.0,0.0
3411,UC50HiPRDIXQMcB9orOdlbaQ,비엠TV,U9-LeSSKIrc,메이플 호영 밸패 들어왔냐? 보스레이드,2025-10-16T19:10:44Z,19411.0,False,188,2.0,6.0
3411,UC50HiPRDIXQMcB9orOdlbaQ,비엠TV,TOYXCMh_XUY,메이플 호영 밸패 들어왔냐? 보스레이드,2025-10-17T13:54:04Z,9661.0,False,130,2.0,0.0
3411,UC50HiPRDIXQMcB9orOdlbaQ,비엠TV,qMmRk-Uz4BU,"숫자로 보는 헥환 별 주스텟,추옵,에디공은 얼마나 필요할까? [헥환주스텟 Ep.01-Summary]",2025-10-18T12:15:11Z,486.0,False,1783,13.0,15.0
3411,UC50HiPRDIXQMcB9orOdlbaQ,비엠TV,hqff5XOQt7g,헥환 3만대는 어는정도 올려야 할까?,2025-10-20T09:01:05Z,39.0,True,1723,1.0,0.0
3411,UC50HiPRDIXQMcB9orOdlbaQ,비엠TV,vev_FoNydkU,헥환 4만대는 어는정도 올려야 할까?,2025-10-22T09:01:22Z,35.0,True,1947,5.0,2.0
3411,UC50HiPRDIXQMcB9orOdlbaQ,비엠TV,h3fnZxQAmmc,메이플 결정 너프전 보스 가기!,2025-10-22T17:13:23Z,7303.0,False,83,1.0,0.0
3411,UC50HiPRDIXQMcB9orOdlbaQ,비엠TV,sGUA5h4yjmU,헥환 5만대는 어는정도 올려야 할까?,2025-10-24T09:01:33Z,35.0,True,1770,1.0,0.0
3411,UC50HiPRDIXQMcB9orOdlbaQ,비엠TV,Pc8ZlYK5zJQ,헥환 6만대는 어는정도 올려야 할까?,2025-10-26T09:00:37Z,32.0,True,1884,1.0,0.0
3411,UC50HiPRDIXQMcB9orOdlbaQ,비엠TV,3Y8UKJ_T12M,메이플스토리 보스 듀가자,2025-10-26T16:11:03Z,21839.0,False,294,2.0,0.0
3411,UC50HiPRDIXQMcB9orOdlbaQ,비엠TV,FZTwRs7TDmk,헥환 7만대는 어는정도 올려야 할까?,2025-10-28T09:00:25Z,33.0,True,2215,2.0,0.0
3411,UC50HiPRDIXQMcB9orOdlbaQ,비엠TV,5Nc5uX3wIMI,헥환 8만대는 어는정도 올려야 할까?,2025-10-30T09:00:13Z,36.0,True,1851,3.0,0.0
3411,UC50HiPRDIXQMcB9orOdlbaQ,비엠TV,s68XYKet5jE,헥환 9만대는 어는정도 올려야 할까?,2025-11-01T09:01:31Z,37.0,True,2998,6.0,0.0
3411,UC50HiPRDIXQMcB9orOdlbaQ,비엠TV,yNNceV2jeYc,헥환 10만대는 어는정도 올려야 할까?,2025-11-03T09:01:35Z,39.0,True,1812,2.0,0.0
3411,UC50HiPRDIXQMcB9orOdlbaQ,비엠TV,wl7Jy8R0bSU,헥환 11만대는 어는정도 올려야 할까?,2025-11-05T09:01:35Z,37.0,True,2504,0.0,0.0
3411,UC50HiPRDIXQMcB9orOdlbaQ,비엠TV,FVIUelZSWJM,헥환 12만대는 어는정도 올려야 할까?,2025-11-07T09:00:19Z,32.0,True,1610,1.0,0.0
3411,UC50HiPRDIXQMcB9orOdlbaQ,비엠TV,hyIrC-zN1zI,헥환 13만대는 어는정도 올려야 할까?,2025-11-09T09:01:06Z,33.0,True,2290,3.0,0.0
3411,UC50HiPRDIXQMcB9orOdlbaQ,비엠TV,DVOUd0SUXmM,인생 첫 신차구입했습니다!  디 올뉴 팰리세이드 하이브리드 캘리그라피 4WD 9인승,2026-01-17T14:00:22Z,237.0,False,7479,29.0,24.0
3411,UC50HiPRDIXQMcB9orOdlbaQ,비엠TV,RkzbDjuMakQ,수상한 디 올뉴 팰리세이드 특별한 기능… XX모드? | 오~만가지 솔직 리뷰,2026-01-23T08:00:37Z,722.0,False,3966,37.0,12.0
3411,UC50HiPRDIXQMcB9orOdlbaQ,비엠TV,xGqsx2DSp6Q,[휠 절대 '긁'히지 않는 방법] 팰리세이드 출고 2주만에.....스트레TH 많이 받을거야!,2026-01-29T08:01:14Z,233.0,False,358,10.0,8.0
3411,UC50HiPRDIXQMcB9orOdlbaQ,비엠TV,QVKzf3iWb9s,디올뉴 팰리세이드 논터치 세차.. 이렇게라면 너무 좋은데요?! #1 대형화물차 자동세차도 궁금하다면?!,2026-02-05T09:00:40Z,445.0,False,1604,10.0,7.0
3411,UC50HiPRDIXQMcB9orOdlbaQ,비엠TV,RhhJRcdAaVw,↗언~발란스 한 트렁크 발란스있게 l 디 올뉴 팰리세이드 하이브리드 트렁크매트 체험기 l 리뷰,2026-02-12T09:45:03Z,572.0,False,2031,10.0,3.0
3411,UC50HiPRDIXQMcB9orOdlbaQ,비엠TV,_se8Nn2SedA,어머니 웃음 꽃 활짝 핀 효놈프로젝트 [Episode.2] with 어머니 레시피,2026-02-19T09:45:03Z,566.0,False,298,5.0,4.0
3412,UCxJ_N3v10n6zLAvVSE7iZug,가치남TV,lH9O0cqYbV0,"[2월 25일 (수)] 코스피 6,000 돌파!! 7,000p도 가능할까? 불안하지만 더 간다!?ㅣ현대차 그룹주 급등!! 이유는?ㅣ삼성전자, SK하이닉스, 기아, 현대오토에버",2026-02-25T07:18:03Z,682.0,False,3290,412.0,27.0
3412,UCxJ_N3v10n6zLAvVSE7iZug,가치남TV,cRoPAuqK9ME,"[2월 26일 (목)] 삼성전자, SK하이닉스, 한미반도체 폭등! 도대체 어디까지 상승할까?ㅣ코스피 10,000p 정말로 가능할까?ㅣ현대차",2026-02-26T07:02:29Z,681.0,False,3631,415.0,23.0
3412,UCxJ_N3v10n6zLAvVSE7iZug,가치남TV,XPhrIcRR6O4,"[2월 27일 (금)] 코스피, 외국인 -7.7조원 폭탄매도, 3월 시장은 괜찮을까?ㅣ삼성전자, SK하이닉스, 여전히 강세장 이어질까?ㅣ현대차, 현대제철",2026-02-27T07:07:47Z,681.0,False,4558,426.0,24.0
3412,UCxJ_N3v10n6zLAvVSE7iZug,가치남TV,ug3UDtiCP9A,"[3월 3일 (화)] 삼성전자, SK하이닉스 폭락.. 3월 첫날 터진 전쟁 이슈!! 지금이 매수 기회일까? 아니면 매도시점일까?ㅣ한화시스템, 한화에어로스페이스",2026-03-03T07:16:35Z,734.0,False,4544,451.0,31.0
3412,UCxJ_N3v10n6zLAvVSE7iZug,가치남TV,xnJ7aqg3g80,"[3월 4일 (수)] 코스피 -12%, 코스닥 -14% 폭락.. 언제쯤 반등할 수 있을까? 지금이 매수 기회일까?ㅣ삼성전자, SK하이닉스, 현대차, 에코프로",2026-03-04T07:15:50Z,818.0,False,4345,442.0,38.0
3412,UCxJ_N3v10n6zLAvVSE7iZug,가치남TV,k4K9L2aaiFI,"[3월 5일 (목)] 코스피 +9.6%, 코스닥 +14% 전 종목 폭등 반전!! 이제 급락장은 끝난걸까?ㅣ삼성전자, SK하이닉스, 한화시스템, LIG넥스원, 흥구석유",2026-03-05T07:16:29Z,700.0,False,3566,408.0,18.0
3412,UCxJ_N3v10n6zLAvVSE7iZug,가치남TV,vLDGFWDCHZs,"[3월 6일 (금)] 삼성전자, SK하이닉스 다음주는 어떤 흐름이? 20만원, 100만원 재돌파할까?ㅣ흥구석유, 한화시스템, 한화에어로스페이스, 한미반도체",2026-03-06T07:05:50Z,645.0,False,4104,421.0,28.0
3412,UCxJ_N3v10n6zLAvVSE7iZug,가치남TV,NckPF1obFmw,"[3월 9일 (월)] 삼성전자, SK하이닉스 폭락, 전저점 이탈.. 유가 +30% 급등! 내일도 추가 하락 이어질까? ㅣ한미반도체, 리노공업, 원익IPS, HD현대중공업",2026-03-09T07:50:40Z,753.0,False,3998,411.0,23.0
3412,UCxJ_N3v10n6zLAvVSE7iZug,가치남TV,6-dpSyMYmfQ,"[3월 10일 (화)] 코스피, 코스닥 급등! 국제유가 폭락! 이제 하락장은 끝난걸까?ㅣ삼성전자, SK하이닉스, 두산에너빌리티, 우리기술",2026-03-10T07:23:33Z,703.0,False,3765,394.0,25.0
3412,UCxJ_N3v10n6zLAvVSE7iZug,가치남TV,konnfXAmIhQ,"[3월 11일 (수)] 코스피, 코스닥 오늘 밤 주요 이슈 아시죠? 미국 CPI를 주목하자!! 다시 추세 반전될까?ㅣ삼성전자, SK하이닉스, 두산에너빌리티",2026-03-11T07:19:51Z,655.0,False,3468,382.0,20.0
3412,UCxJ_N3v10n6zLAvVSE7iZug,가치남TV,8gKQsfsUZeI,"[3월 12일 (목)] 삼성전자, SK하이닉스, 반도체 관련주 지금 매수해 될까? 이 추세를 살펴보자ㅣ통신장비주, 새로운 시장 주도업종인가?ㅣ삼성중공업, 두산에너빌리티, 대한광통신",2026-03-12T07:19:15Z,701.0,False,3594,416.0,24.0
3412,UCxJ_N3v10n6zLAvVSE7iZug,가치남TV,Gu-_vBHllXw,"[3월 13일 (금)] 코스피, 코스닥 다음주는 하락 추세일까? ㅣ기관, 외국인이 집중하는 원전 관련주, 어떤 이유가?ㅣ삼성전자, SK하이닉스, 두산에너빌리티, 대우건설",2026-03-13T07:13:47Z,665.0,False,3259,403.0,18.0
3412,UCxJ_N3v10n6zLAvVSE7iZug,가치남TV,sF9jm1pNFNg,"[3월 16일 (월)] 삼성전자, SK하이닉스 웬일로 빨간불이? 이번주 주요 이슈 아시죠?ㅣ엔비디아 GTC 2026을 주목하자!!ㅣ삼성전자, SK하이닉스, 두산에너빌리티",2026-03-16T07:55:05Z,576.0,False,3479,428.0,21.0
3412,UCxJ_N3v10n6zLAvVSE7iZug,가치남TV,-LOjuh1glV0,"[3월 17일 (화)] 삼성전자 20만원, SK하이닉스 100만원 이번주 돌파 가능할까?ㅣ엔비디아 GTC 2026, 주목할 부분은?ㅣ한화에어로스페이스, 현대차",2026-03-17T08:18:26Z,604.0,False,3208,396.0,19.0
3412,UCxJ_N3v10n6zLAvVSE7iZug,가치남TV,jP_S-GNM7KI,"[3월 18일 (수)] 삼성전자, SK하이닉스 급등!! 전쟁이슈는 끝난걸까? 다시 전고점 돌파하나?ㅣ두산에너빌리티, 대우건설",2026-03-18T07:10:51Z,634.0,False,3304,398.0,27.0
3412,UCxJ_N3v10n6zLAvVSE7iZug,가치남TV,qkVrjFgF8kE,"[3월 19일 (목)] 코스피, 코스닥 급락, 다시 뛰어 오르는 유가/물가, 정말 하락장 초입이될까?ㅣ마이크론테크놀러지 어닝서프라이즈ㅣ삼성전자, SK하이닉스, 두산에너빌리티",2026-03-19T07:02:59Z,630.0,False,3136,370.0,28.0
3412,UCxJ_N3v10n6zLAvVSE7iZug,가치남TV,EqeR2kLeS0c,"[3월 20일 (금)] 삼성전자, SK하이닉스 조용했던 시장 흐름, 다음주에 다시 달려줄까?ㅣ건설주, 새로운 시장 주도주인가?ㅣGS건설, DL이앤씨",2026-03-20T08:38:09Z,610.0,False,2771,327.0,24.0
3412,UCxJ_N3v10n6zLAvVSE7iZug,가치남TV,MkJLOY22DD0,"[3월 23일 (월)] 코스피, 코스닥 폭락.. 환율 1500원, 유가 100달러 터치! 시장 괜찮을까? 내일 오전을 주목하자ㅣ삼성전자, SK하이닉스, 두산에너빌리티, 삼천당제약",2026-03-23T07:08:05Z,631.0,False,3317,370.0,26.0
3412,UCxJ_N3v10n6zLAvVSE7iZug,가치남TV,1DKs9yhTdCA,"[3월 24일 (화)] 코스피, 코스닥 +2% 상승 마감! 전쟁 이슈는 끝날걸까?ㅣ이번주 주요 이슈를 주목하자!!ㅣ삼성전자, SK하이닉스, 삼천당제약, LG에너지솔루션",2026-03-24T07:08:05Z,623.0,False,2949,347.0,17.0
3412,UCxJ_N3v10n6zLAvVSE7iZug,가치남TV,OLtTzMB0prI,"[3월 25일 (수)] 삼성전자, SK하이닉스 뒷심 부족 반도체!! 하지만 실적 시즌을 기대하자ㅣLIG넥스원, 쏠리드, 삼성전자, SK하이닉스",2026-03-25T07:10:26Z,645.0,False,2984,359.0,22.0
3412,UCxJ_N3v10n6zLAvVSE7iZug,가치남TV,LouPI9KPQhs,"[3월 26일 (목)] 삼성전자, SK하이닉스 급락! 반도체 공금 줄어드나? 고점 악재인가?ㅣ구글의 터보퀀트를 주목하자ㅣ삼성전자, SK하이닉스, 한미반도체, 삼천당제약",2026-03-26T07:08:47Z,633.0,False,3327,386.0,26.0
3412,UCxJ_N3v10n6zLAvVSE7iZug,가치남TV,zDZQr7dH49Y,"[3월 27일 (금)] 삼성전자, SK하이닉스 급락 후 낙폭 만회! 저점인가? 주말 이슈를 기대해볼까?ㅣ삼천당제약, LG에너지솔루션",2026-03-27T07:01:41Z,669.0,False,2953,349.0,29.0
3412,UCxJ_N3v10n6zLAvVSE7iZug,가치남TV,yhxrERoE7YU,"[3월 30일 (월)] 월요일 마다 급락하는 코스피, 코스닥.. 추가 급락 이어질까? 하지만 반등을 기대 할 때ㅣ삼성전자, SK하이닉스, LG에너지솔루션, 삼천당제약",2026-03-30T07:10:07Z,776.0,False,3345,413.0,26.0
3412,UCxJ_N3v10n6zLAvVSE7iZug,가치남TV,bRyXMZLgryY,"[3월 31일 (화)] 코스피, 코스닥 오늘도 급락.. 5,000p 이탈하나? 4월 시장을 기대해보자ㅣ삼성전자, SK하이닉스, LG에너지솔루션, 삼천당제약",2026-03-31T07:10:36Z,644.0,False,3244,378.0,30.0
3412,UCxJ_N3v10n6zLAvVSE7iZug,가치남TV,5tmElNia-T8,"[4월 2일 (목)] 삼성전자, SK하이닉스 급락.. 트럼프 연설 후 주가급락.. 지금은 매도 시점인가? 매수 타이밍인가?ㅣ2차전지, 새로운 주도주인가?ㅣ삼성SDI, 엘앤에프",2026-04-02T07:05:45Z,667.0,False,2996,329.0,28.0
3412,UCxJ_N3v10n6zLAvVSE7iZug,가치남TV,8ABq9ohCxPk,"[4월 3일 (금)] 삼성전자, SK하이닉스 다음주 주요 이슈 아시죠? 20만원, 100만원 재 돌파하나?ㅣ4월 주식시장, 외국인 매수세로 전환하나?",2026-04-03T07:23:46Z,720.0,False,3535,381.0,18.0
3412,UCxJ_N3v10n6zLAvVSE7iZug,가치남TV,HFIJQPPY-zs,"[4월 6일 (월)] 삼성전자 1분기 실적발표 D-1ㅣ영업이익 50조원? 내일 급등장일까? 그러나 트럼프의 기자회견이..ㅣ삼성전자, SK하이닉스, 삼성SDI",2026-04-06T07:13:10Z,682.0,False,3253,392.0,26.0
3412,UCxJ_N3v10n6zLAvVSE7iZug,가치남TV,uGsE_WqVYTc,"[4월 7일 (화)] 삼성전자 57조원 역대급 실적! 그러나 주가는 반대로? 매도시점인가?ㅣ삼성전자, SK하이닉스, 삼천당제약, 한화에어로스페이스",2026-04-07T07:21:50Z,615.0,False,3220,382.0,19.0
3412,UCxJ_N3v10n6zLAvVSE7iZug,가치남TV,ymRJnx8t9rc,"[4월 8일 (수)] 삼성전자, SK하이닉스 폭등! 전쟁 끝난걸까? 지금이라도 매수해야되나?ㅣ건설주, 새로운 시장 주도주인가?ㅣGS건설, 현대건설, 대우건설, DL이앤씨",2026-04-08T09:04:49Z,655.0,False,3097,396.0,29.0
3412,UCxJ_N3v10n6zLAvVSE7iZug,가치남TV,MA9jqm3WJ0w,"[4월 9일 (목)] 코스피, 코스닥 끝나지 않은 전쟁 리스크!! 지금 매수해도 될까?ㅣ유일한 상승 업종, 2차전지!! 어떤 이슈가?ㅣ삼성전자, SK하이닉스, 삼성SDI, LG엔솔",2026-04-09T07:10:42Z,630.0,False,3072,366.0,20.0
3412,UCxJ_N3v10n6zLAvVSE7iZug,가치남TV,F_z4oGHRPV4,"[4월 10일 (금)] 코스피, 코스닥 다시 한번 급락장이? 오늘 밤 주요 이슈 아시죠? 3월 CPI를 주목하자ㅣ삼성전자, SK하이닉스, 삼성SDI, LG에너지솔루션",2026-04-10T07:03:19Z,633.0,False,3521,392.0,17.0
3412,UCxJ_N3v10n6zLAvVSE7iZug,가치남TV,3KES99cW2JQ,"[4월 13일 (월)] 전쟁 협상 결렬, 유가 급등! 삼성전자, SK하이닉스 매도해야 하나?ㅣ삼성전지, 한화에어로스페이스, LIG넥스원",2026-04-13T07:28:10Z,590.0,False,3033,387.0,20.0
3412,UCxJ_N3v10n6zLAvVSE7iZug,가치남TV,bUYqcnJnB9A,"[4월 14일 (화)] SK하이닉스 신고가 경신, 지금 매수해도 될까? 필라델피아 반도체와 비교해 보자ㅣ스페이스X 상장 관련주, 언제 매도해야 할까?ㅣ삼성전자, 미래에셋증권",2026-04-14T07:04:11Z,671.0,False,3016,373.0,26.0
3412,UCxJ_N3v10n6zLAvVSE7iZug,가치남TV,li6jxpOn_lQ,"[4월 15일 (수)] 코스피 6,000 돌파!! 내일 신고가 돌파하나? 하지만, 지금은 조심할 때ㅣ삼성전자, SK하이닉스, 대우건설, 대한전선",2026-04-15T07:07:22Z,636.0,False,3206,389.0,22.0
3412,UCxJ_N3v10n6zLAvVSE7iZug,가치남TV,Xj8iJBVcECg,"[4월 16일 (목)] 나스닥, S&P500, 일본, 대만 증시 신고가 달성!! 내일 코스피도 신고가 가능할까?ㅣ삼성전자, SK하이닉스, 두산에너빌리티, 현대차",2026-04-16T07:15:52Z,499.0,False,3167,374.0,28.0
3412,UCxJ_N3v10n6zLAvVSE7iZug,가치남TV,wl9fppggXSg,"[4월 17일 (금)] 코스피, 다음주 신고가 갈 수 있을까? 주말 이슈를 주목하자!!ㅣ오늘 시장을 주도한 업종은?ㅣ삼성전자, SK하이닉스, 삼성SDI, 엘앤에프, 후성",2026-04-17T07:04:09Z,596.0,False,2957,378.0,19.0
3412,UCxJ_N3v10n6zLAvVSE7iZug,가치남TV,2SvTZXwdhFI,"[4월 20일 (월)] 반도체, 악재는 곧 매수 기회! 이번주 주요 일정 아시죠?ㅣ삼성전자, SK하이닉스, 두산에너빌리티, 삼성SDI, LG엔솔",2026-04-20T07:10:23Z,654.0,False,3245,384.0,16.0
3412,UCxJ_N3v10n6zLAvVSE7iZug,가치남TV,tYv2JzZ7oSw,"[4월 21일 (화)] 코스피 신고가 달성!! 반도체, 2차전지 기대감 폭발!! 코스피 8,500간다ㅣ삼성SDI, LG엔솔 급등!! 무슨일이?ㅣ삼성전자, SKㅎ아ㅣ닉스",2026-04-21T07:18:49Z,618.0,False,3526,455.0,69.0
3412,UCxJ_N3v10n6zLAvVSE7iZug,가치남TV,nj6MCYEti0c,"[4월 27일 (월)] 삼성전자 파업.. SK하이닉스 투자의견 하향조정.. 반도체 매도 타이밍인가? 추가매수 기회일까?ㅣ한미반도체, 리노공업",2026-04-27T07:30:23Z,701.0,False,3548,452.0,45.0
3412,UCxJ_N3v10n6zLAvVSE7iZug,가치남TV,4t0XKsRvPLE,"[4월 28일 (화)] 삼성전자, SK하이닉스, 조금 나오는 반도체 노이즈.. 단기 고점인가? or 새로운 추세 상승인가?ㅣ현대차, 삼성SDI, POSCO홀딩스",2026-04-28T06:58:17Z,623.0,False,3133,365.0,18.0
3412,UCxJ_N3v10n6zLAvVSE7iZug,가치남TV,6BFtJlgv-fE,"[4월 29일 (수)] 미국 반도체지수 -3.5% 급락! 삼성전자, SK하이닉스 앞으로 어떤 흐름이?ㅣ삼성SDI, 현대차, 대한전선, 대원전선",2026-04-29T07:03:51Z,595.0,False,3194,358.0,16.0
3412,UCxJ_N3v10n6zLAvVSE7iZug,가치남TV,DH7D5AIOMAs,"[4월 30일 (목)] 코스피, 코스닥 외국인/기관 대량 순매도! 5월 시장은 어떤 흐름이?ㅣ삼성전자, SK하이닉스, 현대차, 삼성SDI",2026-04-30T07:14:58Z,561.0,False,2826,326.0,19.0
3412,UCxJ_N3v10n6zLAvVSE7iZug,가치남TV,0jrElHGb1Ik,"[5월 4일 (월)] 삼성전자, SK하이닉스 폭등! 5월 첫날 신고가!! 그런데 이건 조심하세요ㅣ삼성전자, SK하이닉스, POSCO홀딩스",2026-05-04T07:19:31Z,611.0,False,3831,435.0,18.0
3412,UCxJ_N3v10n6zLAvVSE7iZug,가치남TV,mPpQKAT6fHQ,"[5월 6일 (수)] 삼성전자, SK하이닉스 폭등!! 코스피 7천돌파!! 고점일까? 더 갈 수 있을까?ㅣ에코프로, 미래에셋증권",2026-05-06T07:18:56Z,714.0,False,3464,417.0,26.0
3412,UCxJ_N3v10n6zLAvVSE7iZug,가치남TV,56-yRFpi_6w,"[5월 7일 (목)] 코스피 외국인 -8조원 순매도! 고점일까? 더 갈 수 있을까?ㅣ삼성전자, SK하이닉스, POSCO홀딩스, 한화에어로스페이스",2026-05-07T07:01:49Z,605.0,False,3680,429.0,26.0
3412,UCxJ_N3v10n6zLAvVSE7iZug,가치남TV,7cQD3FcXUfE,"[5월 8일 (금)] 현대차, 현대오토에버 급등!! 반도체 다음은 이쪽인가? 다음주 주요일정 아시죠?ㅣ삼성전자, SK하이닉스, 현대차, 현대오토에버",2026-05-08T07:34:16Z,557.0,False,3110,358.0,15.0
3412,UCxJ_N3v10n6zLAvVSE7iZug,가치남TV,vqNHtYK_1i4,"[5월 11일 (월)] 삼성전자, SK하이닉스 급등! 하지만, 단기 과열을 조심하자!!ㅣ이번주 주요 일정 3가지ㅣ현대차, 현대오토에버, 에코프로",2026-05-11T07:16:29Z,615.0,False,3481,406.0,17.0
3412,UCxJ_N3v10n6zLAvVSE7iZug,가치남TV,AGV1j_TPXC0,"[5월 12일 (화)] 삼성전자, SK하이닉스 급락.. 갑자기 이상해진 시장.. 오늘 밤 주요 이슈 아시죠?ㅣLG전자, 삼성전기",2026-05-12T07:03:01Z,633.0,False,3970,444.0,25.0
3412,UCxJ_N3v10n6zLAvVSE7iZug,가치남TV,wFusAQpbtXA,"[5월 13일 (수)] 코스피, 급락 후 급등!! 커진 변동성!! 하지만, 아직 끝나지 않았다?ㅣ삼성전자, SK하이닉스, 현대차, 현대오토에버, 현대모비스",2026-05-13T07:09:50Z,708.0,False,3115,400.0,23.0
3412,UCxJ_N3v10n6zLAvVSE7iZug,가치남TV,LS7FeqWLG40,"[5월 15일 (금)] 삼성전자, SK하이닉스 갑작스런 급락!! 무슨일이지? 고점인가?ㅣ반도체 다음은 로봇인가?ㅣ현대차, LG전자, 두산로보틱스",2026-05-15T07:18:01Z,594.0,False,3959,430.0,22.0
3413,UCAe9JVK4V_Tho9zn_gPQzuA,우리엄마밥상,v-a2NPYJitI,겨울에 먹으면 보약인 '유자청' 맛있게 담그는 법,2023-12-13T09:00:40Z,365.0,False,2302,40.0,0.0
3413,UCAe9JVK4V_Tho9zn_gPQzuA,우리엄마밥상,LDFvVA1vVO0,깻잎김치에 '이것' 넣었더니 울 신랑도 맛있다고 두공기 뚝딱했습니다!,2024-01-03T09:30:05Z,302.0,False,2826,55.0,2.0
3413,UCAe9JVK4V_Tho9zn_gPQzuA,우리엄마밥상,T21PUoVy89U,명절 필수음식 나박김치 초보도 100% 성공하는 레시피 알려드릴게요,2024-01-09T14:00:18Z,356.0,False,117848,830.0,18.0
3413,UCAe9JVK4V_Tho9zn_gPQzuA,우리엄마밥상,jSeo6nHxcMQ,쪽파김치 초보도 100% 성공하는 레시피 알려드릴게요,2024-01-19T09:00:37Z,350.0,False,3018,40.0,5.0
3413,UCAe9JVK4V_Tho9zn_gPQzuA,우리엄마밥상,IPUXlxNiwRs,배추겉절이 '실패 없이' 맛있게 만드는 법 | 초보도 100% 성공합니다.,2024-01-24T09:00:11Z,450.0,False,1787,40.0,0.0
3413,UCAe9JVK4V_Tho9zn_gPQzuA,우리엄마밥상,1qE8C3jeh7Q,명절 필수음식 도라지볶음 초보도 100% 성공하는 레시피 알려드릴게요,2024-01-31T09:00:01Z,292.0,False,3512,39.0,5.0
3413,UCAe9JVK4V_Tho9zn_gPQzuA,우리엄마밥상,IpDBe88SkM4,깍두기 맛있게 담그는 법 | 깍두기는 이렇게 만들어야 맛있어요!,2024-02-26T09:00:12Z,315.0,False,178451,1714.0,27.0
3413,UCAe9JVK4V_Tho9zn_gPQzuA,우리엄마밥상,irZHwXDqAbs,알타리김치 맛있게 담그는 법 | 까먹지 말고 이렇게 만들어보세요!,2024-04-09T09:00:36Z,418.0,False,34698,363.0,10.0
3413,UCAe9JVK4V_Tho9zn_gPQzuA,우리엄마밥상,i-_4sRPAvEs,얼갈이김치 맛있게 담그는 법 | 이렇게 쉬운데 왜 안 해먹어요~ ^^,2024-04-11T09:00:32Z,481.0,False,5991,86.0,11.0
3413,UCAe9JVK4V_Tho9zn_gPQzuA,우리엄마밥상,CETYApdhe1w,열무김치 맛있게 담그는 법 | 절구지 않고도 뚝딱 맛있게 만들 수 있어요~,2024-04-13T09:00:08Z,441.0,False,1140,37.0,1.0
3413,UCAe9JVK4V_Tho9zn_gPQzuA,우리엄마밥상,taYh_V2N_o8,오이소박이 맛있게 담그는 법 | 오이소박이는 이렇게 담가야 맛있어요~,2024-04-29T09:00:41Z,364.0,False,1367,34.0,4.0
3413,UCAe9JVK4V_Tho9zn_gPQzuA,우리엄마밥상,tfPqa4hbzwo,1년을 두고 먹어도 아삭아삭하고 정말 맛있는 마늘쫑장아찌 만드는 법 알려드릴게요,2024-05-14T09:00:42Z,307.0,False,6927,67.0,2.0
3413,UCAe9JVK4V_Tho9zn_gPQzuA,우리엄마밥상,suwpavy1470,양파장아찌 담글 때 간장 끓이지 마세요! '이것' 넣으면 훨씬 맛있고 간편합니다,2024-05-29T09:00:41Z,291.0,False,16920,168.0,4.0
3413,UCAe9JVK4V_Tho9zn_gPQzuA,우리엄마밥상,0jczPyMYQlA,동치미 맛있게 담그는 법 | 초보도 100% 성공하는 레시피 알려드릴께요,2024-06-06T09:00:02Z,356.0,False,1092,20.0,1.0
3413,UCAe9JVK4V_Tho9zn_gPQzuA,우리엄마밥상,v1sWToJB21s,오이지 맛있게 담그는 방법 | 초보자도 실패 없이 아주 쉽게 만들 수 있어요!,2024-06-11T09:30:18Z,315.0,False,5582,55.0,3.0
3413,UCAe9JVK4V_Tho9zn_gPQzuA,우리엄마밥상,Bugb-u-fVGM,열무물김치 맛있게 담그는 방법 | 요리 초보도 뚝딱 만들 수 있는 레시피 알려드려요!,2024-06-25T09:00:11Z,519.0,False,1406,25.0,3.0
3413,UCAe9JVK4V_Tho9zn_gPQzuA,우리엄마밥상,3ZUL30B3lj4,한번 먹으면 계속 먹게되는 궁채 장아찌 만드는 법,2024-06-28T09:00:05Z,317.0,False,6403,63.0,1.0
3413,UCAe9JVK4V_Tho9zn_gPQzuA,우리엄마밥상,ZdysCnR6FVY,오이물김치 맛있게 담그는법 | 무르지 않고 아삭함이 끝내줘요!!,2024-07-02T09:00:29Z,377.0,False,1991,27.0,4.0
3413,UCAe9JVK4V_Tho9zn_gPQzuA,우리엄마밥상,dprZpND_Crg,닭발볶음 '이렇게' 만들면 사먹는 것보다 훨씬 얼큰하고 진짜 맛있어요!,2024-07-17T09:00:28Z,314.0,False,2850,47.0,2.0
3413,UCAe9JVK4V_Tho9zn_gPQzuA,우리엄마밥상,a_U3p0-CYdo,고구마순김치 맛있게 담그는 방법 | 이렇게 담그면 정말 맛있습니다!,2024-07-23T09:00:02Z,483.0,False,12466,111.0,3.0
3413,UCAe9JVK4V_Tho9zn_gPQzuA,우리엄마밥상,c2u6Z2s3f2M,묵은지 제육볶음 맛있게 만드는 방법 | 이것만 보고 따라하면 정말 맛있어요!,2024-08-09T09:00:38Z,487.0,False,1200,32.0,4.0
3413,UCAe9JVK4V_Tho9zn_gPQzuA,우리엄마밥상,Ut_bh88XKpU,깻잎장아찌 맛있게 만드는 방법 | 초보자도 100% 성공하는 가장 쉬운 레시피,2024-08-13T09:00:23Z,174.0,False,1090,36.0,5.0
3413,UCAe9JVK4V_Tho9zn_gPQzuA,우리엄마밥상,yu2psp1xob8,애호박무침 맛있게 만드는 방법 | 너무 간단해서 깜짝 놀라고 말거에요!,2024-08-25T09:00:50Z,304.0,False,7438,88.0,2.0
3413,UCAe9JVK4V_Tho9zn_gPQzuA,우리엄마밥상,RHKMSQ6L_ys,삼겹살에 싸먹으면 진짜 맛있는 쪽파김치 담그는 법,2024-08-28T09:00:32Z,358.0,False,1897,29.0,0.0
3413,UCAe9JVK4V_Tho9zn_gPQzuA,우리엄마밥상,b3XFwDL-OlM,배추물김치 맛있게 담그는 법 | 어렵게 OO 하지 말고 이렇게 하세요.,2024-09-02T09:00:33Z,624.0,False,3039,36.0,2.0
3413,UCAe9JVK4V_Tho9zn_gPQzuA,우리엄마밥상,J-GO4qz-0a8,비법 소스까지 공개! 중독성 강한 고추장 멸치볶음 만들기,2024-09-04T09:00:14Z,430.0,False,3461,46.0,2.0
3413,UCAe9JVK4V_Tho9zn_gPQzuA,우리엄마밥상,8tKNPmn8Nik,쓴맛 없고 부드럽게 볶는 도라지볶음 진짜 맛있습니다!,2024-09-06T09:00:06Z,355.0,False,4430,45.0,0.0
3413,UCAe9JVK4V_Tho9zn_gPQzuA,우리엄마밥상,GZeb_xt9WBc,주부들도 잘 모르는 황태포무침 맛있게 만드는 법 | 100% 실패 없이 맛있는 레시피,2024-09-25T09:00:10Z,235.0,False,3454,52.0,1.0
3413,UCAe9JVK4V_Tho9zn_gPQzuA,우리엄마밥상,RXr3g3cFAbc,평생 두고 먹어도 정말 맛있는 고추장아찌 만드는 법부터 무치는 방법까지 공개합니다!,2024-10-07T09:00:22Z,317.0,False,190590,1598.0,32.0
3413,UCAe9JVK4V_Tho9zn_gPQzuA,우리엄마밥상,RClLS0-n05s,고추채 장아찌 맛있게 만드는 방법 | 고추 쌀 때 담그면 정말 좋아요!,2024-10-14T09:00:32Z,257.0,False,3950,41.0,1.0
3413,UCAe9JVK4V_Tho9zn_gPQzuA,우리엄마밥상,fADbDmKLLg0,깍두기 맛있게 담그는 법 | 2024 깍두기 '이렇게' 하면 실패 없어요!,2024-10-18T09:30:14Z,380.0,False,3296,66.0,0.0
3413,UCAe9JVK4V_Tho9zn_gPQzuA,우리엄마밥상,3cpRUn84_sA,돈주고 사먹지 마세요! 제철 생강으로 생강청 만들면 겨울내내 감기에 안걸려요!,2024-10-23T09:00:05Z,218.0,False,3530,30.0,2.0
3413,UCAe9JVK4V_Tho9zn_gPQzuA,우리엄마밥상,z2JklCyu9GU,김장 전에 가을무로 담아먹기 좋은 무청김치 담그는 법 정말 쉽게 알려드릴게요!,2024-11-11T09:01:02Z,326.0,False,2434,27.0,1.0
3413,UCAe9JVK4V_Tho9zn_gPQzuA,우리엄마밥상,NXVvA6rAYFE,죄송합니다.. 요리 초보도 절대 실패없는 대박집 쪽파김치 만드는법 '이것'만 기억하세요!,2024-11-13T09:00:26Z,312.0,False,2093,26.0,0.0
3413,UCAe9JVK4V_Tho9zn_gPQzuA,우리엄마밥상,yGNEq_kP-hs,백김치 맛있게 담그는 법 | 겁낼 것 하나 없어요! 이대로 따라만 하세요! 100% 성공합니다!,2024-12-01T13:01:12Z,498.0,False,3878,58.0,1.0
3413,UCAe9JVK4V_Tho9zn_gPQzuA,우리엄마밥상,nizt_JdIsV8,유자청 맛있게 만드는 법 | 정말 쉽고 맛있어요!,2024-12-18T09:00:58Z,246.0,False,1282,23.0,0.0
3413,UCAe9JVK4V_Tho9zn_gPQzuA,우리엄마밥상,L927C2LjroI,대추청 맛있게 만드는 방법 | 요리 초보도 눈감고 따라할 수 있어요!,2024-12-19T09:00:17Z,323.0,False,3115,30.0,0.0
3413,UCAe9JVK4V_Tho9zn_gPQzuA,우리엄마밥상,iyrs82_E8AU,"깍두기 맛있게 만드는 법 | 진짜 초간단 2025 깍두기 레시피, 이대로만 따라하세요!",2025-01-17T04:00:35Z,169.0,False,2897,40.0,1.0
3413,UCAe9JVK4V_Tho9zn_gPQzuA,우리엄마밥상,oXopGd_I6A4,열무물김치 맛있게 담그는 방법 | 2025 이대로 따라만 해도 온가족에게 사랑 받습니다,2025-01-23T10:01:01Z,379.0,False,670,18.0,2.0
3413,UCAe9JVK4V_Tho9zn_gPQzuA,우리엄마밥상,aEm7HMD-fH0,양배추 장아찌 맛있게 만드는 법 | 정말 간단하고 쉬운 양배추 김치 맛있어요!,2025-02-13T09:00:01Z,358.0,False,2456,31.0,1.0
3413,UCAe9JVK4V_Tho9zn_gPQzuA,우리엄마밥상,68mXUiQsDmk,풋마늘장아찌 맛있게 담그는 방법,2025-02-28T10:00:07Z,143.0,False,1514,35.0,0.0
3413,UCAe9JVK4V_Tho9zn_gPQzuA,우리엄마밥상,A0_ZlKzXCYA,지금 만들면 정말 맛있는 봄동김치 10배 맛있게 만드는 비법,2025-03-15T09:00:18Z,201.0,False,1378,27.0,0.0
3413,UCAe9JVK4V_Tho9zn_gPQzuA,우리엄마밥상,_AAAkhf5iws,바로 먹어도 정말 맛있는 쪽파김치 맛있게 담그는 방법,2025-03-20T09:30:15Z,237.0,False,2993,47.0,0.0
3413,UCAe9JVK4V_Tho9zn_gPQzuA,우리엄마밥상,Z3lFsPjoDhA,절이지 않고 바로 먹어도 정말 맛있는 인생깍두기 만드는법,2025-04-02T09:30:15Z,158.0,False,3094,51.0,3.0
3413,UCAe9JVK4V_Tho9zn_gPQzuA,우리엄마밥상,j9ScxpF1Xyo,나박김치 맛있게 담그는 방법 | 요리 초보자도 쉽게 만드는 나박김치 레시피,2025-04-09T09:00:55Z,358.0,False,625,13.0,0.0
3413,UCAe9JVK4V_Tho9zn_gPQzuA,우리엄마밥상,njK8fdVSPDU,알타리김치 맛있게 담그는 방법 | 이대로 따라만 해도 99% 성공입니다!,2025-05-15T09:01:11Z,337.0,False,7949,76.0,1.0
3413,UCAe9JVK4V_Tho9zn_gPQzuA,우리엄마밥상,8yiXPHp5ZTM,오이장아찌 무르지 않고 아삭아삭하게 담그는 방법 | ver. 2025,2025-06-05T09:00:11Z,190.0,False,4789,51.0,0.0
3413,UCAe9JVK4V_Tho9zn_gPQzuA,우리엄마밥상,WcJXzGtUsxc,소금에 절이지 마세요! 고구마줄기김치 이렇게 만들면 밥반찬으로 최고입니다!,2025-09-16T09:00:55Z,324.0,False,2729,39.0,0.0
3413,UCAe9JVK4V_Tho9zn_gPQzuA,우리엄마밥상,XJPykMY3KcY,"집에서 찹쌀고추장 맛있게 담그는 법, 절대 실패 없는 황금레시피",2025-12-23T03:59:07Z,387.0,False,858,18.0,0.0
3413,UCAe9JVK4V_Tho9zn_gPQzuA,우리엄마밥상,nVb9hw0HUFI,담그자마자 밥 두 공기 뚝딱! 버무려서 바로 먹어도 맛있는 알타리김치 황금레시피,2026-05-14T09:00:55Z,302.0,False,1508,43.0,0.0
3414,UCxuEudcvmg4zMQhW7isWi-w,조용한 남매,yVBjzBvHLaY,수빙수tv 로고송,2020-01-02T12:09:54Z,321.0,False,467343,13005.0,764.0
3414,UCxuEudcvmg4zMQhW7isWi-w,조용한 남매,0I2dCIZ4xYQ,취준생맛 라면 Music Drama,2020-04-11T10:30:01Z,169.0,False,538518,10698.0,1496.0
3414,UCxuEudcvmg4zMQhW7isWi-w,조용한 남매,SRN2VOdT1dU,수빙수한테서 독립했습니다 ^0^,2020-12-14T11:05:38Z,284.0,False,739508,18027.0,1637.0
3414,UCxuEudcvmg4zMQhW7isWi-w,조용한 남매,mm6da3jVbEI,누나가 만든 트리 생으로 먹기,2020-12-25T10:47:21Z,343.0,False,392422,8802.0,773.0
3414,UCxuEudcvmg4zMQhW7isWi-w,조용한 남매,bbVUi63giUk,삼겹살 다이어트 하다가 이렇게 됐습니다,2020-12-29T11:32:28Z,481.0,False,848953,12711.0,1591.0
3414,UCxuEudcvmg4zMQhW7isWi-w,조용한 남매,LbTPH_DkrVs,원칩챌린지하면서 애국가 완창해야 독립시켜준다는데...🔥ONE CHIP CHALLENGE KOREAN PAQUI CHIP MUKBANG🔥,2021-01-05T10:08:28Z,644.0,False,3678029,39389.0,2648.0
3414,UCxuEudcvmg4zMQhW7isWi-w,조용한 남매,U5PWjrcZsQE,수빙수로부터 독립 ㄹㅇ최최종.mp4,2021-01-18T11:00:23Z,581.0,False,677879,14606.0,1233.0
3414,UCxuEudcvmg4zMQhW7isWi-w,조용한 남매,UgJt_viF_O4,수빙수와 다정한 맘스터치 먹방,2021-01-27T10:00:07Z,520.0,False,962943,12104.0,597.0
3414,UCxuEudcvmg4zMQhW7isWi-w,조용한 남매,spi24JHRLjY,요즘 헬스 안갔더니 PT쌤이 방송까지 찾아오셨다,2021-02-03T10:00:15Z,524.0,False,404362,6992.0,325.0
3414,UCxuEudcvmg4zMQhW7isWi-w,조용한 남매,4wUr2sLSfEA,식욕을 주체 못하는 친누나때문에 미치겠습니다...,2021-02-12T10:00:05Z,560.0,False,1184633,11904.0,624.0
3414,UCxuEudcvmg4zMQhW7isWi-w,조용한 남매,iPgXkbONkcc,매일 새벽 5시에 일어나면 부지런해질까?,2021-02-23T10:00:28Z,621.0,False,289387,4297.0,509.0
3414,UCxuEudcvmg4zMQhW7isWi-w,조용한 남매,20wZfOaw2zI,수빙수로부터 독립 최종 실패,2021-05-23T11:00:01Z,257.0,False,164813,3738.0,226.0
3414,UCxuEudcvmg4zMQhW7isWi-w,조용한 남매,0Iy5GjFEYYY,남동생 채널 뺏....도와주기^^,2021-06-07T10:02:58Z,384.0,False,137199,3264.0,238.0
3414,UCxuEudcvmg4zMQhW7isWi-w,조용한 남매,4Fwty-At18A,긴급상황...,2021-06-15T10:00:04Z,341.0,False,226411,4565.0,294.0
3414,UCxuEudcvmg4zMQhW7isWi-w,조용한 남매,aetmxv0tHGw,저 데뷔합니다...,2021-07-10T09:00:00Z,501.0,False,225591,4452.0,270.0
3414,UCxuEudcvmg4zMQhW7isWi-w,조용한 남매,0GUFm9T9-E0,먹방은 맛있게 먹기만 하면 되는거 아님?,2021-07-29T09:00:00Z,441.0,False,319177,5507.0,284.0
3414,UCxuEudcvmg4zMQhW7isWi-w,조용한 남매,S3_th9uG3u4,성팩 쇼미더머니10 지원 제로투비트,2021-07-30T16:28:33Z,55.0,True,312326,6732.0,513.0
3414,UCxuEudcvmg4zMQhW7isWi-w,조용한 남매,bfmJ5QItuwg,누나에게 이실직고 할 게 있습니다,2021-08-18T09:00:15Z,585.0,False,367161,6137.0,407.0
3414,UCxuEudcvmg4zMQhW7isWi-w,조용한 남매,pKYZ6MgRbVk,남매 성격이 완전 상극이면 벌어지는 일,2021-09-01T12:02:13Z,861.0,False,283891,5331.0,207.0
3414,UCxuEudcvmg4zMQhW7isWi-w,조용한 남매,oDtPf-kmk_I,상처만 남은 대결....,2021-09-04T11:14:16Z,957.0,False,294681,4494.0,163.0
3414,UCxuEudcvmg4zMQhW7isWi-w,조용한 남매,YELBWStaN70,급한 일 생겼다고 누나가 살아있는 생선을 놓고 갔습니다...,2021-09-15T11:08:20Z,538.0,False,226019,4306.0,236.0
3414,UCxuEudcvmg4zMQhW7isWi-w,조용한 남매,7EZxFB8zFGY,성팩 SPAAK님의 실시간 스트림,2021-10-12T05:21:11Z,,False,0,1.0,0.0
3414,UCxuEudcvmg4zMQhW7isWi-w,조용한 남매,EzyTnZbxxRo,어딜 내놔도 부끄러운 남매,2021-10-19T10:26:53Z,482.0,False,172342,3138.0,149.0
3414,UCxuEudcvmg4zMQhW7isWi-w,조용한 남매,YOjYOP3_LKY,식욕을 주체 못하는 친누나때문에 돌아버리겠습니다...,2022-02-19T08:30:57Z,849.0,False,240472,3367.0,121.0
3414,UCxuEudcvmg4zMQhW7isWi-w,조용한 남매,41In6nquflQ,누나에게 '불지옥 원칩 스테이크' 대접하면 벌어지는 일,2022-03-02T09:26:52Z,919.0,False,828956,9411.0,325.0
3414,UCxuEudcvmg4zMQhW7isWi-w,조용한 남매,vmAIjpJnnuQ,매운 남매의 패고싶은 남매 월드컵,2022-03-07T09:11:41Z,809.0,False,129501,2270.0,61.0
3414,UCxuEudcvmg4zMQhW7isWi-w,조용한 남매,G_8oCo8JnE0,요리사 누나랑 협동요리게임,2022-03-21T09:48:58Z,1114.0,False,147335,2279.0,68.0
3414,UCxuEudcvmg4zMQhW7isWi-w,조용한 남매,-ixuqjfiOf8,진귀한 스페인 하몽 통째로 넣고 부대찌개 끓였더니…!,2022-04-05T09:30:00Z,883.0,False,322373,4277.0,132.0
3414,UCxuEudcvmg4zMQhW7isWi-w,조용한 남매,lknxO7J5wSs,스페인 생토끼를 해체해서 팀원에게 먹여보자!!!,2022-04-11T10:00:21Z,826.0,False,186031,3073.0,169.0
3414,UCxuEudcvmg4zMQhW7isWi-w,조용한 남매,k-VHT4q-QTA,선을 세게 넘어버린 나쵸버거,2022-04-19T10:05:45Z,845.0,False,111353,1779.0,65.0
3414,UCxuEudcvmg4zMQhW7isWi-w,조용한 남매,olqhzm1sw3M,심각한 비주얼의 양머리 통구이,2022-04-29T10:00:27Z,885.0,False,122315,2357.0,143.0
3414,UCxuEudcvmg4zMQhW7isWi-w,조용한 남매,Q9jpOSyETg4,해산물 만칼로리 챌린지,2022-08-16T09:00:20Z,1188.0,False,361445,4743.0,161.0
3414,UCxuEudcvmg4zMQhW7isWi-w,조용한 남매,lSmwDAKg8dM,누나만 행복한 동생의 생일잔치,2022-09-22T09:00:32Z,942.0,False,103219,2531.0,155.0
3414,UCxuEudcvmg4zMQhW7isWi-w,조용한 남매,JYNGDZROUYE,뭐가 더 맛있었는지 머리채 잡고 싸우는 수빙수 월드컵,2022-11-22T10:00:13Z,1446.0,False,154607,2304.0,107.0
3414,UCxuEudcvmg4zMQhW7isWi-w,조용한 남매,N-6dq3o4ulE,[Vlog] 오키나와 가서 60키로 찍고 오기｜일본 여행🏝｜츄라우미 수족관 구경🐋｜회전초밥🍣｜스티커사진 찍기,2022-12-04T03:00:15Z,1258.0,False,178277,3088.0,146.0
3414,UCxuEudcvmg4zMQhW7isWi-w,조용한 남매,Cy9iD5sgZrE,[Vlog] 뱀술 마시는 옥히나와 브이로그🤐｜왜 여기에❓｜뱀술이🐍｜무서워👀｜안 먹을래🙃,2022-12-11T03:00:05Z,1220.0,False,108728,2212.0,102.0
3414,UCxuEudcvmg4zMQhW7isWi-w,조용한 남매,TV1xoRvKgkc,[Vlog] 기분이 안좋을 땐 분모자 떡볶이,2023-01-08T09:45:02Z,551.0,False,207349,3460.0,144.0
3414,UCxuEudcvmg4zMQhW7isWi-w,조용한 남매,3y8gIVI7-xs,"저희 조용하게 다시 시작합니다 (수빙수, 성팩)",2024-02-18T09:41:05Z,420.0,False,60625,1593.0,98.0
3414,UCxuEudcvmg4zMQhW7isWi-w,조용한 남매,mxN18VzrkU0,수빙수 해외 컨텐츠 못하게 됐습니다……,2024-02-23T11:59:06Z,482.0,False,189444,2528.0,187.0
3414,UCxuEudcvmg4zMQhW7isWi-w,조용한 남매,K2bsGz5m1cw,베트남에서 살인 진드기에 물린 동생..,2024-02-25T04:14:50Z,490.0,False,58633,1101.0,61.0
3414,UCxuEudcvmg4zMQhW7isWi-w,조용한 남매,Ud1eTGnEKso,비둘기로 치킨을 튀기면 과연 맛있을까?,2024-03-30T03:48:07Z,322.0,False,37200,813.0,51.0
3414,UCxuEudcvmg4zMQhW7isWi-w,조용한 남매,ZUsCOyZ7Kf0,살찐 남동생 놀려먹기,2024-04-22T12:21:57Z,15.0,True,19677,648.0,15.0
3414,UCxuEudcvmg4zMQhW7isWi-w,조용한 남매,LJrNRhl2UHM,우리집 솔찬이는 복슬 민머리,2024-10-13T09:39:15Z,354.0,False,17874,445.0,25.0
3415,UCu35odqNFs-1zgd5j1HeQUQ,투자의신,BviI5D4y-oE,"현재 주도 섹터는? 원전, 조선, 우주 I 반도체는 아직이다 [강희성 주식 분석]",2022-08-23T06:29:51Z,1077.0,False,111,3.0,0.0
3415,UCu35odqNFs-1zgd5j1HeQUQ,투자의신,R0b38cmhuzQ,삼성전자 6만 원 붕괴! 환율이 문제다! [유지윤의 마감시황],2022-08-23T07:53:55Z,1190.0,False,1099,121.0,5.0
3415,UCu35odqNFs-1zgd5j1HeQUQ,투자의신,cQyGkuAgJsQ,코스피/코스닥 급락 // 환율 1340원 돌파에 따른 삼성전자 추가 하락! / 지금 시점에서는 환율수혜테마주로 급등 맥점 공략 시기! 매수준비!!,2022-08-23T09:41:17Z,972.0,False,113,5.0,0.0
3415,UCu35odqNFs-1zgd5j1HeQUQ,투자의신,1v0wvwjKUIM,"8월 23일 오늘의 주도주 분석, 러시아가스 파이프라인 설치 관련종목공개!",2022-08-23T10:08:39Z,388.0,False,111,3.0,0.0
3415,UCu35odqNFs-1zgd5j1HeQUQ,투자의신,Y1jPTti9-lY,"농심, 추석 지나면 신라면 가격 올린다 / 히트2, 사전 다운로드 4시간 만 애플 인기 차트 1위 / 정유株, 사우디 감산 언급에 강세",2022-08-24T01:59:57Z,1128.0,False,299,10.0,0.0
3415,UCu35odqNFs-1zgd5j1HeQUQ,투자의신,VZ145RhMLiQ,"현대로템, 한화에어로스페이스, 삼천리 - 강한 주식이 계속 가는 이유 [강희성 주식 분석]",2022-08-24T06:59:21Z,1022.0,False,167,8.0,0.0
3415,UCu35odqNFs-1zgd5j1HeQUQ,투자의신,V0TZ5rTGuSY,삼성전자 개인 15조 매수! 그러나 상승은 어렵다! [유지윤의 마감시황],2022-08-24T08:00:16Z,1221.0,False,1255,148.0,7.0
3415,UCu35odqNFs-1zgd5j1HeQUQ,투자의신,Pvm12oIJU7o,"""사지도 팔지도 못해"" 매도-매수자 '동상이몽'에 거래 '뚝' [부동산뉴스]",2022-08-24T08:52:35Z,125.0,False,406,3.0,0.0
3415,UCu35odqNFs-1zgd5j1HeQUQ,투자의신,4jYCSdymgcU,"8월 24일 오늘의 주도주 분석,LG전자 로봇사업 관련종목공개!",2022-08-24T09:28:29Z,320.0,False,152,3.0,0.0
3415,UCu35odqNFs-1zgd5j1HeQUQ,투자의신,slWcjUcJpzc,"코스닥/코스피 반등 아직은 약합니다. / 지금 바로 진입 매수할 종목추천주는 ""26조 잭팟 K방산주"" 입니다. SK와 한국항공우주가 투자한 기업! 매수준비!",2022-08-24T09:35:57Z,977.0,False,129,0.0,0.0
3415,UCu35odqNFs-1zgd5j1HeQUQ,투자의신,Ewsw9xEeFG8,"[바른경제TV 신프로의 개장체크] LG이노텍 테슬라서 카메라모듈 1조 따냈다 ,日 후쿠시마 폭발 11년만에 “원전 증설”… 차세대 원전 개발 나선다",2022-08-24T22:52:13Z,1454.0,False,355,14.0,0.0
3415,UCu35odqNFs-1zgd5j1HeQUQ,투자의신,7MgIjKMZWQg,"LG이노텍, 테슬라 1조 규모 수주 /JYP Ent., '트와이스' 컴백 기대감에 강세 / 원희룡, '네옴시티' 투자 총책임자 만난다",2022-08-25T02:03:35Z,1319.0,False,382,15.0,0.0
3415,UCu35odqNFs-1zgd5j1HeQUQ,투자의신,Zh5nTHWjiS0,[바른경제NEWS] 8월 25일 사진으로 보는 뉴스 📸,2022-08-25T04:13:31Z,123.0,False,68,0.0,0.0
3415,UCu35odqNFs-1zgd5j1HeQUQ,투자의신,aJr92nP4g0E,메디콕스 CEO 인터뷰_신사업 발굴을 통해 성장을 지속하는 기업,2022-08-25T05:14:16Z,756.0,False,230,7.0,0.0
3415,UCu35odqNFs-1zgd5j1HeQUQ,투자의신,6HIeYLBAe0o,붕괴한 암호화폐 시장 구세주 자처하는 30살의 CEO [코인 속으로],2022-08-25T05:43:56Z,133.0,False,210,5.0,0.0
3415,UCu35odqNFs-1zgd5j1HeQUQ,투자의신,ztj1Y6y62d8,"잭슨홀 미팅 앞두고 주식시장 반등, 넥슨게임즈, 비덴트 하락 이유는? [강희성 주식 분석]",2022-08-25T07:06:43Z,989.0,False,207,5.0,0.0
3415,UCu35odqNFs-1zgd5j1HeQUQ,투자의신,ABp4mDo1_54,삼성전자 내년 1분기부터 상승한다! 지금은 태조이방원을 노려라! [유지윤의 마감시황],2022-08-25T07:33:24Z,1202.0,False,1472,157.0,3.0
3415,UCu35odqNFs-1zgd5j1HeQUQ,투자의신,tzALvkeVEMk,"외국인+기관+연기금 순매수 시장주도!! / 이번에 핵폭발 급등재료 추천 / 20배 고성장 섹터 ""웨어러블 로봇"" 삼성 '젬스' 개봉박두 !!",2022-08-25T09:24:12Z,999.0,False,138,2.0,0.0
3415,UCu35odqNFs-1zgd5j1HeQUQ,투자의신,uJho_fzpBIk,"8월 25일 오늘의 주도주 분석,삼성 디스플레이 8세대 OLED 투자 관련종목공개!",2022-08-25T10:34:01Z,352.0,False,133,2.0,0.0
3415,UCu35odqNFs-1zgd5j1HeQUQ,투자의신,o6_cU6FUb6Q,"삼성전자, 나흘 만 '6만전자' 회복 / DB하이텍, 신한금융투자 ""저평가 구간"" / 코리아써키트, 대신證 ""반도체 패키지 기판 폭풍성장""",2022-08-26T01:47:09Z,885.0,False,332,16.0,0.0
3415,UCu35odqNFs-1zgd5j1HeQUQ,투자의신,274BjhkyoyA,"640조 네옴시티 수혜, 한미글로벌, 세아특수강 상한가 [강희성 주식 분석]",2022-08-26T07:13:55Z,1111.0,False,141,1.0,0.0
3415,UCu35odqNFs-1zgd5j1HeQUQ,투자의신,AiKxcivXEUg,삼성전자 6만원 탈환! 반도체 바닥 나왔나? [유지윤의 마감시황],2022-08-26T07:14:25Z,1136.0,False,1202,152.0,8.0
3415,UCu35odqNFs-1zgd5j1HeQUQ,투자의신,6dniQnpcxOw,"8월 26일 오늘의 주도주 분석,러시아 군병력 14만명 증원 방산 관련종목공개!",2022-08-26T09:45:25Z,356.0,False,138,2.0,0.0
3415,UCu35odqNFs-1zgd5j1HeQUQ,투자의신,sAfWXDJZmjM,[바른경제TV 신프로의 잭슨홀 리뷰],2022-08-28T06:36:32Z,1041.0,False,516,15.0,0.0
3415,UCu35odqNFs-1zgd5j1HeQUQ,투자의신,VmRCFY4es6U,"[바른경제TV 신프로의 개장체크] 머스크 ""원전 늘려야…폐쇄는 안보 관점에서 미친 짓"" , 중국에서 미국 아이오와까지…가뭄에 글로벌 식량 가격 새 상승 압력",2022-08-28T23:13:53Z,1505.0,False,288,9.0,0.0
3415,UCu35odqNFs-1zgd5j1HeQUQ,투자의신,KirEmYuS-TQ,"제롬 파월 연준 의장 매파 발언에 美 증시 급락 / 네오위즈, 'P의 거짓' 한국 최초 게임스컴 어워드 3관왕 / 방산株, 폴란드서 수주 잭팟...韓 무기 우수성",2022-08-29T02:44:00Z,803.0,False,311,6.0,0.0
3415,UCu35odqNFs-1zgd5j1HeQUQ,투자의신,YPJrPVgNmCw,미증시 급락! 국내 증시 과연 이대로 끝난 것일까? [강희성 주식 분석],2022-08-29T07:00:10Z,992.0,False,190,4.0,0.0
3415,UCu35odqNFs-1zgd5j1HeQUQ,투자의신,lgQsKP77MDA,증시 급락! 삼성전자 6만원 이탈! 일단 쉬자! [유지윤의 마감시황],2022-08-29T07:14:12Z,1179.0,False,1361,152.0,4.0
3415,UCu35odqNFs-1zgd5j1HeQUQ,투자의신,-1u22P6oZHA,"1번 재료 ""중국 경기부양책 철도/에너지 1300조 투자"" // 2번재료 ""650조원 인도네시아 네옴시티"" 두가지 재료 매수 준비하십쇼 준비!",2022-08-29T09:29:28Z,956.0,False,114,2.0,0.0
3415,UCu35odqNFs-1zgd5j1HeQUQ,투자의신,chOch-TIvfY,"8월 29일 오늘의 주도주 분석,650조원 네옴시티 관련종목공개!",2022-08-29T09:37:11Z,396.0,False,120,1.0,0.0
3415,UCu35odqNFs-1zgd5j1HeQUQ,투자의신,-RFIZakysEY,"LG에너지솔루션, 日 혼다와 美 배터리 합작공장 짓는다 / 한국타이어앤테크놀로지, 美 테네시 공장 증설 / 정유株, 사우디아라비아 원유 생산 감축 제안",2022-08-30T01:43:43Z,729.0,False,462,20.0,0.0
3415,UCu35odqNFs-1zgd5j1HeQUQ,투자의신,AjZkKY6KEiw,삼성전자 지금 어렵다! 그럼 다른 매수 종목은? [유지윤의 증시분석],2022-08-30T04:30:01Z,1184.0,False,1272,145.0,8.0
3415,UCu35odqNFs-1zgd5j1HeQUQ,투자의신,Sylj1bAN8uo,메타버스 시장 살아있을까? OLED 섹터에 주목할 것! [강희성 주도주 분석],2022-08-30T07:08:28Z,1005.0,False,189,4.0,0.0
3415,UCu35odqNFs-1zgd5j1HeQUQ,투자의신,W6nKjZ5ltII,"8월 30일 오늘의 주도주 분석,제지가격 사상최고가 관련종목공개!",2022-08-30T10:18:00Z,344.0,False,129,2.0,0.0
3415,UCu35odqNFs-1zgd5j1HeQUQ,투자의신,5yymcEIk_Sw,"[바른경제TV 신프로의 개장체크] 560조원 '네옴시티' 첫 공개된 청사진...""한국기업 참여해 달라"" , 탈원전 폐기 공식화, 2030년 원전 비중 24%→33% 늘린다",2022-08-30T22:40:57Z,1336.0,False,348,9.0,1.0
3415,UCu35odqNFs-1zgd5j1HeQUQ,투자의신,qt_uEtbe1W4,"홍해 인근 서울 44배 '네옴시티' 구성 / 내달 3일부터 입국 전 코로나19 검사 폐지 / 오스템임플란트, 중국발 악재 문제없다",2022-08-31T01:44:29Z,796.0,False,691,12.0,0.0
3415,UCu35odqNFs-1zgd5j1HeQUQ,투자의신,RRvHo8AhxRo,카카오·네이버 4분기부터 반등한다! [유지윤의 증시분석],2022-08-31T04:13:33Z,1143.0,False,2548,234.0,8.0
3415,UCu35odqNFs-1zgd5j1HeQUQ,투자의신,NSieW7rH42U,"경영권 분쟁 수혜주? 고려아연, 영풍정밀  [강희성 주식 분석]",2022-08-31T06:52:50Z,943.0,False,583,10.0,0.0
3415,UCu35odqNFs-1zgd5j1HeQUQ,투자의신,TUklCVKoj7k,[급등정보 추천] 최대주주변경건 현주가 1200원 / 주당 3570원대 매입변경 // 강력한 저점 매수 시그널 발생,2022-09-01T02:50:09Z,911.0,False,225,1.0,0.0
3415,UCu35odqNFs-1zgd5j1HeQUQ,투자의신,6RYEe_QWjaM,네이버! 이렇게 매매해라! [유지윤의 마감시황],2022-09-01T08:25:54Z,897.0,False,1749,188.0,12.0
3415,UCu35odqNFs-1zgd5j1HeQUQ,투자의신,jvadlh-pSCo,"대만을 둘러싼 ""미중 갈등""에 따른 달러강세 영향, 그리고 금리인상 / 시장 충격 여파는 강력합니다. 현 시점에서 ""네옴프로젝트"" 종목들만 급등 나옵니다. 집중!",2022-09-01T09:31:54Z,974.0,False,239,6.0,0.0
3415,UCu35odqNFs-1zgd5j1HeQUQ,투자의신,_mfP6S0sj2k,국민주! 삼성전자 카카오 희망은 있나? [유지윤의 마감시황],2022-09-02T07:26:09Z,1121.0,False,2904,205.0,6.0
3415,UCu35odqNFs-1zgd5j1HeQUQ,투자의신,hYuRA7tNEmE,"네옴프로젝트 ""한미글로벌"" ""유신"" 급등 수익 축하드립니다. 다음은 스마트시티 프로젝트 입니다",2022-09-02T10:02:51Z,915.0,False,374,3.0,0.0
3415,UCu35odqNFs-1zgd5j1HeQUQ,투자의신,irwjbJeMLC0,삼성전자! 개인 1조 6천억 추가 매수! [유지윤의 마감시황],2022-09-05T07:17:27Z,816.0,False,2191,202.0,6.0
3415,UCu35odqNFs-1zgd5j1HeQUQ,투자의신,VSj3HCHNWS4,[XPOP] Polkadot 블록체인 기반 K-POP Entertainment 프로젝트,2022-09-05T09:38:48Z,910.0,False,2090,31.0,0.0
3415,UCu35odqNFs-1zgd5j1HeQUQ,투자의신,R1Hv-4oOcBE,환율 1370원! 현대차 기아를 노려라! [유지윤의 마감시황],2022-09-06T08:26:40Z,1147.0,False,1376,120.0,7.0
3415,UCu35odqNFs-1zgd5j1HeQUQ,투자의신,-Ou5cGRiWiY,삼성전자! 당분간 5만전자 못 벗어난다! [유지윤의 마감시황],2022-09-07T06:29:38Z,968.0,False,3624,221.0,28.0
3415,UCu35odqNFs-1zgd5j1HeQUQ,투자의신,y6KZ4wWslMw,"0906_소니드로보틱스, '대한민국 방위산업전 DXKOREA 2022' 참가_바른경제뉴스",2022-09-26T02:51:41Z,91.0,False,910,14.0,1.0
3415,UCu35odqNFs-1zgd5j1HeQUQ,투자의신,-RXdKZBLyV8,'AIoT 국제전시회' with 소니드[SONID]_HOT CLIP,2022-10-28T04:51:26Z,102.0,False,3327,13.0,0.0
3415,UCu35odqNFs-1zgd5j1HeQUQ,투자의신,ai5zXcN0rhA,"홍해 인근 서울 44배 '네옴시티' 구성 / 내달 3일부터 입국 전 코로나19 검사 폐지 / 오스템임플란트, 중국발 악재 문제없다",2023-09-14T07:49:22Z,,False,0,0.0,0.0
3416,UCn0BIl8oUlmlcCTwRjnZPuA,루다의 댄스 연구소 Ruda's Dance Lab,8cLskpOAf4E,#루다의댄스연구소 #bts,2026-04-07T13:06:33Z,57.0,True,18223,304.0,4.0
3416,UCn0BIl8oUlmlcCTwRjnZPuA,루다의 댄스 연구소 Ruda's Dance Lab,zZR433NdO3g,돌아왔다..! 그 때의 키오프가!⎪KISS OF LIFE Who is she KIOF⎪안무 분석,2026-04-09T13:02:00Z,611.0,False,8139,498.0,27.0
3416,UCn0BIl8oUlmlcCTwRjnZPuA,루다의 댄스 연구소 Ruda's Dance Lab,55ItTsVxEH0,다영의 실력이 더 늘었다면 믿으시겠습니까?⎪DAYOUNG What's a girl to do⎪안무 분석,2026-04-10T13:00:16Z,689.0,False,4297,177.0,8.0
3416,UCn0BIl8oUlmlcCTwRjnZPuA,루다의 댄스 연구소 Ruda's Dance Lab,WArwPfpiBGU,다영 개잘한다 진짜로⎪DAYOUNG What's a girl to do⎪리액션,2026-04-10T13:00:56Z,305.0,False,5473,205.0,11.0
3416,UCn0BIl8oUlmlcCTwRjnZPuA,루다의 댄스 연구소 Ruda's Dance Lab,bZLqnmUirIk,이 팀은 시상식을 평소에 말아줍니다⎪BTS Hooligan 훌리건⎪나노분석,2026-04-15T13:01:15Z,837.0,False,24045,2506.0,50.0
3416,UCn0BIl8oUlmlcCTwRjnZPuA,루다의 댄스 연구소 Ruda's Dance Lab,nPbzG6S6-Bw,영상이 너무 완벽하다⎪BTS Hooligan 훌리건⎪리액션,2026-04-15T13:01:37Z,359.0,False,32729,1890.0,36.0
3416,UCn0BIl8oUlmlcCTwRjnZPuA,루다의 댄스 연구소 Ruda's Dance Lab,8GiuGs6xMtw,BTS Hooligan 안무분석 #루다의댄스연구소 #bts #hooligan,2026-04-15T13:02:52Z,42.0,True,9134,141.0,0.0
3416,UCn0BIl8oUlmlcCTwRjnZPuA,루다의 댄스 연구소 Ruda's Dance Lab,z9rymOTKEtc,BTS Hooligan 안무분석 #루다의댄스연구소 #bts #hooligan,2026-04-15T13:03:41Z,51.0,True,1720,13.0,0.0
3416,UCn0BIl8oUlmlcCTwRjnZPuA,루다의 댄스 연구소 Ruda's Dance Lab,XPR7qM5aSuY,BTS Hooligan 안무분석 #루다의댄스연구소 #bts #hooligan,2026-04-15T13:04:26Z,63.0,False,12697,205.0,0.0
3416,UCn0BIl8oUlmlcCTwRjnZPuA,루다의 댄스 연구소 Ruda's Dance Lab,-gzwYlWPXx8,BTS Hooligan 안무분석 #루다의댄스연구소 #bts #hooligan,2026-04-15T13:05:13Z,31.0,True,17817,234.0,1.0
3416,UCn0BIl8oUlmlcCTwRjnZPuA,루다의 댄스 연구소 Ruda's Dance Lab,r1wBO7M8yWA,BTS Hooligan 안무분석 #루다의댄스연구소 #bts #hooligan,2026-04-15T13:06:00Z,40.0,True,14030,144.0,2.0
3416,UCn0BIl8oUlmlcCTwRjnZPuA,루다의 댄스 연구소 Ruda's Dance Lab,e-cN2khn9yc,BTS Hooligan 안무분석 #루다의댄스연구소 #bts #hooligan,2026-04-15T13:07:00Z,33.0,True,6281,53.0,1.0
3416,UCn0BIl8oUlmlcCTwRjnZPuA,루다의 댄스 연구소 Ruda's Dance Lab,P36kVQ-kEOw,좋았던 부분들만 이야기 하는 영상⎪TXT 투바투 하루에 하루만 더 Stick With You⎪안무분석,2026-04-17T13:00:55Z,289.0,False,5146,311.0,90.0
3416,UCn0BIl8oUlmlcCTwRjnZPuA,루다의 댄스 연구소 Ruda's Dance Lab,D4iHFRg6asI,케이팝에서 라틴 감성이라..?!⎪산토스 브라보스 VELOCIDADE⎪안무분석,2026-04-18T13:00:33Z,357.0,False,20400,2214.0,135.0
3416,UCn0BIl8oUlmlcCTwRjnZPuA,루다의 댄스 연구소 Ruda's Dance Lab,EVYVcR8AXao,역시 no na! 이번에 기가 막혔다⎪no na rollerblade⎪리액션,2026-04-19T13:00:33Z,323.0,False,84214,4903.0,181.0
3416,UCn0BIl8oUlmlcCTwRjnZPuA,루다의 댄스 연구소 Ruda's Dance Lab,dQmxSMpNybY,하이브는 얘네 그냥 두세요⎪코르티스 REDRED⎪리액션,2026-04-24T13:01:16Z,321.0,False,59607,1964.0,154.0
3416,UCn0BIl8oUlmlcCTwRjnZPuA,루다의 댄스 연구소 Ruda's Dance Lab,qjyVRK5kngE,코르티스는 멋없는 걸 멋있게 만드는 사람들임⎪코르티스 REDRED⎪안무 분석,2026-04-24T13:01:42Z,822.0,False,55508,2919.0,121.0
3416,UCn0BIl8oUlmlcCTwRjnZPuA,루다의 댄스 연구소 Ruda's Dance Lab,wfJBci0nDfs,코르티스 REDRED 안무분석 #루다의댄스연구소 #cortis,2026-04-24T13:38:27Z,31.0,True,1675,19.0,0.0
3416,UCn0BIl8oUlmlcCTwRjnZPuA,루다의 댄스 연구소 Ruda's Dance Lab,umLUBZGSUxk,코르티스 REDRED 안무분석 #루다의댄스연구소 #cortis,2026-04-24T13:39:16Z,33.0,True,4542,18.0,0.0
3416,UCn0BIl8oUlmlcCTwRjnZPuA,루다의 댄스 연구소 Ruda's Dance Lab,nIqCmVYjEgg,코르티스 REDRED 안무분석 #루다의댄스연구소 #cortis,2026-04-24T13:40:18Z,33.0,True,93025,83.0,1.0
3416,UCn0BIl8oUlmlcCTwRjnZPuA,루다의 댄스 연구소 Ruda's Dance Lab,aCwf6SiPS48,코르티스 REDRED 안무분석 #루다의댄스연구소 #cortis,2026-04-24T13:42:00Z,34.0,True,38428,47.0,3.0
3416,UCn0BIl8oUlmlcCTwRjnZPuA,루다의 댄스 연구소 Ruda's Dance Lab,WQETRl_xUTE,코르티스 REDRED 안무분석 #루다의댄스연구소 #cortis,2026-04-24T13:42:43Z,49.0,True,69947,99.0,0.0
3416,UCn0BIl8oUlmlcCTwRjnZPuA,루다의 댄스 연구소 Ruda's Dance Lab,hWUdcajSRFQ,딱 좋았던 부분들만 이야기하는 영상⎪르세라핌 CELEBRATION⎪안무 분석,2026-04-25T13:01:13Z,444.0,False,7253,332.0,28.0
3416,UCn0BIl8oUlmlcCTwRjnZPuA,루다의 댄스 연구소 Ruda's Dance Lab,HFGrn6rE50k,새 시대를 여는 걸그룹⎪UNCHILD⎪안무 분석,2026-04-26T13:00:24Z,538.0,False,5341,160.0,21.0
3416,UCn0BIl8oUlmlcCTwRjnZPuA,루다의 댄스 연구소 Ruda's Dance Lab,xhdt-1_2sls,인도네시아 대표 걸그룹 no na의 새 안무 분석합니다⎪rollerblade⎪안무 분석,2026-04-27T13:01:47Z,661.0,False,46585,2525.0,123.0
3416,UCn0BIl8oUlmlcCTwRjnZPuA,루다의 댄스 연구소 Ruda's Dance Lab,qyK0BcsNStQ,압살.. 이 단어 말곤 할말이 없다⎪KATSEYE PINKYUP⎪안무 분석,2026-05-01T13:01:52Z,898.0,False,25911,1214.0,80.0
3416,UCn0BIl8oUlmlcCTwRjnZPuA,루다의 댄스 연구소 Ruda's Dance Lab,b_OdWgjbA-E,얘네 미쳤나봐요.. 개 잘해요⎪ILLIT It's Me⎪안무 분석,2026-05-02T13:01:09Z,863.0,False,53206,2316.0,203.0
3416,UCn0BIl8oUlmlcCTwRjnZPuA,루다의 댄스 연구소 Ruda's Dance Lab,TV6PK5TjZbQ,넥스지가 처음 봤는데 개 잘하네⎪NEXZ Mmchk⎪안무 분석,2026-05-03T13:00:58Z,688.0,False,25825,2668.0,151.0
3416,UCn0BIl8oUlmlcCTwRjnZPuA,루다의 댄스 연구소 Ruda's Dance Lab,kdmoYMy1bLQ,증명은 이제 필요 없는 팀⎪코르티스 TNT⎪안무 분석,2026-05-09T13:01:33Z,665.0,False,14480,894.0,19.0
3416,UCn0BIl8oUlmlcCTwRjnZPuA,루다의 댄스 연구소 Ruda's Dance Lab,4-1JKrMlSzM,긴 시간을 기다렸는데 뭔가 시원하진 않다⎪베이비몬스터 CHOOM⎪안무 분석,2026-05-11T13:00:08Z,376.0,False,4343,124.0,38.0
3416,UCn0BIl8oUlmlcCTwRjnZPuA,루다의 댄스 연구소 Ruda's Dance Lab,s4y96Fk6GBo,음.. 영상이 굉장히 짧습니다⎪빌리 ZAP⎪안무 분석,2026-05-12T13:01:26Z,271.0,False,2968,71.0,20.0
3416,UCn0BIl8oUlmlcCTwRjnZPuA,루다의 댄스 연구소 Ruda's Dance Lab,kMfl_Gh_4rQ,세계 최초 빌리진 안무분석입니다⎪마이클 잭슨 Billie Jean⎪안무 분석,2026-05-13T13:01:21Z,1801.0,False,13442,774.0,86.0
3416,UCn0BIl8oUlmlcCTwRjnZPuA,루다의 댄스 연구소 Ruda's Dance Lab,ltj7VsbrUAQ,빌리진 안무 분석 #루다의댄스연구소 #michaeljackson,2026-05-14T05:00:52Z,50.0,True,1785,4.0,0.0
3416,UCn0BIl8oUlmlcCTwRjnZPuA,루다의 댄스 연구소 Ruda's Dance Lab,dqMgH_eC91E,빌리진 안무 분석 #루다의댄스연구소 #michaeljackson,2026-05-14T05:04:07Z,48.0,True,4910,21.0,0.0
3416,UCn0BIl8oUlmlcCTwRjnZPuA,루다의 댄스 연구소 Ruda's Dance Lab,u5SObhWX2I4,빌리진 안무 분석 #루다의댄스연구소 #michaeljackson,2026-05-14T05:05:06Z,52.0,True,1654,0.0,0.0
3416,UCn0BIl8oUlmlcCTwRjnZPuA,루다의 댄스 연구소 Ruda's Dance Lab,dpBmdGcrvQg,빌리진 안무 분석 #루다의댄스연구소 #michaeljackson,2026-05-14T05:05:50Z,40.0,True,1308,2.0,0.0
3416,UCn0BIl8oUlmlcCTwRjnZPuA,루다의 댄스 연구소 Ruda's Dance Lab,Btoc0prvpfc,빌리진 안무 분석 #루다의댄스연구소 #michaeljackson,2026-05-14T05:06:50Z,53.0,True,975,1.0,0.0
3416,UCn0BIl8oUlmlcCTwRjnZPuA,루다의 댄스 연구소 Ruda's Dance Lab,WrqpYK31j7U,빌리진 안무 분석 #루다의댄스연구소 #michaeljackson,2026-05-14T05:08:20Z,52.0,True,1289,5.0,0.0
3416,UCn0BIl8oUlmlcCTwRjnZPuA,루다의 댄스 연구소 Ruda's Dance Lab,JyJSbDeNN54,빌리진 안무 분석 #루다의댄스연구소 #michaeljackson,2026-05-14T05:08:36Z,42.0,True,1835,6.0,0.0
3416,UCn0BIl8oUlmlcCTwRjnZPuA,루다의 댄스 연구소 Ruda's Dance Lab,5Oe6y-x-0JE,빌리진 안무 분석 #루다의댄스연구소 #michaeljackson,2026-05-14T05:09:09Z,46.0,True,1053,1.0,0.0
3416,UCn0BIl8oUlmlcCTwRjnZPuA,루다의 댄스 연구소 Ruda's Dance Lab,5gFmdxvLBZs,빌리진 안무 분석 #루다의댄스연구소 #michaeljackson,2026-05-14T05:10:53Z,52.0,True,1021,1.0,0.0
3416,UCn0BIl8oUlmlcCTwRjnZPuA,루다의 댄스 연구소 Ruda's Dance Lab,OpARlKLNlgY,빌리진 안무 분석 #루다의댄스연구소 #michaeljackson,2026-05-14T05:11:37Z,47.0,True,1233,5.0,0.0
3416,UCn0BIl8oUlmlcCTwRjnZPuA,루다의 댄스 연구소 Ruda's Dance Lab,R0Qtn73DaFQ,빌리진 안무 분석 #루다의댄스연구소 #michaeljackson,2026-05-14T05:12:21Z,50.0,True,85,1.0,0.0
3416,UCn0BIl8oUlmlcCTwRjnZPuA,루다의 댄스 연구소 Ruda's Dance Lab,9PEORygxxss,빌리진 안무 분석 #루다의댄스연구소 #michaeljackson,2026-05-14T05:13:10Z,45.0,True,208,0.0,0.0
3416,UCn0BIl8oUlmlcCTwRjnZPuA,루다의 댄스 연구소 Ruda's Dance Lab,io1qiOkjy8k,빌리진 안무 분석 #루다의댄스연구소 #michaeljackson,2026-05-14T05:13:51Z,55.0,True,110,0.0,0.0
3416,UCn0BIl8oUlmlcCTwRjnZPuA,루다의 댄스 연구소 Ruda's Dance Lab,_QKbEiIaVRM,빌리진 안무 분석 #루다의댄스연구소 #michaeljackson,2026-05-14T05:14:41Z,59.0,True,184,1.0,0.0
3416,UCn0BIl8oUlmlcCTwRjnZPuA,루다의 댄스 연구소 Ruda's Dance Lab,kL8nKsV6VQs,빌리진 안무 분석 #루다의댄스연구소 #michaeljackson,2026-05-14T05:15:31Z,48.0,True,331,5.0,0.0
3416,UCn0BIl8oUlmlcCTwRjnZPuA,루다의 댄스 연구소 Ruda's Dance Lab,xPCzNPJhuYc,빌리진 안무 분석 #루다의댄스연구소 #michaeljackson,2026-05-14T05:16:11Z,52.0,True,340,4.0,0.0
3416,UCn0BIl8oUlmlcCTwRjnZPuA,루다의 댄스 연구소 Ruda's Dance Lab,HnQaB0Ebphk,야.. 에스파 춤 왤케 잘추냐⎪에스파 WDA⎪리액션,2026-05-14T13:00:25Z,304.0,False,27683,956.0,38.0
3416,UCn0BIl8oUlmlcCTwRjnZPuA,루다의 댄스 연구소 Ruda's Dance Lab,yPH5mSeAWxM,에스파가 리듬감이 이렇게 좋았나?⎪에스파 WDA⎪안무분석,2026-05-14T13:01:38Z,1024.0,False,14467,789.0,34.0
3417,UCljC_51FZKtUBh7vn3yF-Og,시골 언니 아유미田舎の姉あゆみch,3qG92fuo-vw,한국에서 돈까스를 제대로 먹어본 일본인의 반응,2025-05-12T09:54:41Z,361.0,False,48789,3664.0,233.0
3417,UCljC_51FZKtUBh7vn3yF-Og,시골 언니 아유미田舎の姉あゆみch,fUcpJMZ3Bxo,한국에서 2년만에 설렁탕 먹은 일본인 반응,2025-05-19T08:30:19Z,535.0,False,98340,6142.0,530.0
3417,UCljC_51FZKtUBh7vn3yF-Og,시골 언니 아유미田舎の姉あゆみch,yq__nWUZQ80,드디어! 어머니와 함께!! 정말 기다렸던 한국여행 갑니다~!! ㅎㅎㅎ,2025-05-25T08:52:25Z,292.0,False,43856,4359.0,248.0
3417,UCljC_51FZKtUBh7vn3yF-Og,시골 언니 아유미田舎の姉あゆみch,8qlr-wFDlxU,한국의 중국음식을 처음 먹어봤던 일본가족들의 리얼한 반응,2025-05-28T08:30:04Z,640.0,False,128918,6926.0,294.0
3417,UCljC_51FZKtUBh7vn3yF-Og,시골 언니 아유미田舎の姉あゆみch,9anZwbfaGc8,일본가족의 인생갈비탕!! 모시고 간 어머니의 역대급 반응 ㅎㅎ,2025-06-01T05:54:56Z,863.0,False,370771,14820.0,798.0
3417,UCljC_51FZKtUBh7vn3yF-Og,시골 언니 아유미田舎の姉あゆみch,oXU9BLSr_QE,일본인 어머니가 광장시장에 처음 가서 놀란 이유,2025-06-09T03:20:57Z,865.0,False,119769,6537.0,479.0
3417,UCljC_51FZKtUBh7vn3yF-Og,시골 언니 아유미田舎の姉あゆみch,yj2ncjoGgCQ,한국에서 가성비 미친 고기집을 찾아서 놀란 일본인 반응,2025-06-13T08:30:36Z,605.0,False,51399,3853.0,304.0
3417,UCljC_51FZKtUBh7vn3yF-Og,시골 언니 아유미田舎の姉あゆみch,EIsGr0SVai4,한국에 가기전 먼 시골에서 딸집에 온 엄마가 한국에 못 가셨던 절망적인 이유…ㅋㅋ,2025-06-15T08:46:14Z,78.0,False,21049,617.0,15.0
3417,UCljC_51FZKtUBh7vn3yF-Og,시골 언니 아유미田舎の姉あゆみch,AcqO1Y3FtEA,한국 호텔에서 깜짝 놀란 일본자매들의 리얼한 반응 #韓国旅行 #姉妹旅行 #韓国ホテル,2025-06-16T03:49:18Z,130.0,False,12574,528.0,19.0
3417,UCljC_51FZKtUBh7vn3yF-Og,시골 언니 아유미田舎の姉あゆみch,MF3ZUAdHRRg,도토리칼국수?? 한국에서 처음 본 음식을 먹어본 일본인의 반응,2025-06-19T09:00:28Z,486.0,False,36924,3088.0,214.0
3417,UCljC_51FZKtUBh7vn3yF-Og,시골 언니 아유미田舎の姉あゆみch,p9vW1Eo8BKw,한국에서 양식을 처음 먹어본 일본인의 반응,2025-06-29T04:11:07Z,506.0,False,26910,2354.0,111.0
3417,UCljC_51FZKtUBh7vn3yF-Og,시골 언니 아유미田舎の姉あゆみch,5DidOMdy0Tk,한국음식에는 한계가 없나요?! 기대이상의 한국 음식 맛에 울뻔했던 일본인의 리얼한 반응,2025-07-13T05:23:41Z,778.0,False,74315,4806.0,380.0
3417,UCljC_51FZKtUBh7vn3yF-Og,시골 언니 아유미田舎の姉あゆみch,99VCCZJGsog,SNS를 믿어도 될까?? 영상 보고 알게 된 맛집을 찾아간 일본인의 리얼한 반응,2025-07-19T05:18:40Z,544.0,False,52956,4079.0,270.0
3417,UCljC_51FZKtUBh7vn3yF-Og,시골 언니 아유미田舎の姉あゆみch,OntCtj4e5p0,한국 도착부터 사건 발생?! 근데 맛있는음식으로 힐링 ㅋㅋ 행복한 여행시작 ❤️ㅎㅎ,2025-07-27T04:28:52Z,516.0,False,121267,7548.0,369.0
3417,UCljC_51FZKtUBh7vn3yF-Og,시골 언니 아유미田舎の姉あゆみch,XERJzREMzP4,일본가족들이 한국식 샤브샤브를 처음 먹고 충격을 받은 이유는?!!,2025-08-03T02:30:32Z,811.0,False,316034,10661.0,618.0
3417,UCljC_51FZKtUBh7vn3yF-Og,시골 언니 아유미田舎の姉あゆみch,DyuD4LwyCCk,갈비탕 처음 먹고 정신 못 차리는 일본가족의 레전드 반응 ㅋㅋ #인생맛집  #갈비탕 #일본가족 #일본인반응 #韓国グルメ #韓国旅行 #カルビタン #超絶オススメ店,2025-08-10T10:13:21Z,93.0,False,51329,1570.0,50.0
3417,UCljC_51FZKtUBh7vn3yF-Og,시골 언니 아유미田舎の姉あゆみch,u-gUZY8kfpI,일본여자가 한국에 왜그렇게 열심히 다니는지 저도 이제 알았습니다! 이건 역시 한국이 최고네요!! (음식도ㅎㅎ),2025-08-11T08:45:04Z,547.0,False,51176,3687.0,162.0
3417,UCljC_51FZKtUBh7vn3yF-Og,시골 언니 아유미田舎の姉あゆみch,322s3hYKqhc,일본인이 한국음식을 먹을때 곤란한 이유 / 걱정되는 매너 ㅎㅎ,2025-08-17T04:32:29Z,520.0,False,175765,7244.0,430.0
3417,UCljC_51FZKtUBh7vn3yF-Og,시골 언니 아유미田舎の姉あゆみch,AP-iBloJxRQ,집에서 처음으로 한국음식을 만들어봤습니다!  #또떡EZ #혜윰 #맵지않은떡볶이 #매운맛제로 #한식밀키트 ##떡볶이추천 #간편식 #K푸드,2025-08-22T05:18:56Z,157.0,False,16919,954.0,74.0
3417,UCljC_51FZKtUBh7vn3yF-Og,시골 언니 아유미田舎の姉あゆみch,s9DV2oNAJno,일본인이 한국곱창 먹으면 꼭 충격을 받는 이유!! 정말 놀랐습니다! ㅋㅋㅋ,2025-08-31T02:30:46Z,571.0,False,137774,6517.0,226.0
3417,UCljC_51FZKtUBh7vn3yF-Og,시골 언니 아유미田舎の姉あゆみch,CFEyW_95hjw,육회랑 산낙지?!! 일본에 없는 음식을 처음 먹어본 일본인의 반응 ㅎㅎ,2025-09-07T05:24:20Z,570.0,False,77515,4399.0,179.0
3417,UCljC_51FZKtUBh7vn3yF-Og,시골 언니 아유미田舎の姉あゆみch,FkP_tg0SIxo,당황했던 한국 문화에 점점 익숙해지는 일본 가족 반응ㅋㅋ/カルチャーショック🤯困惑していた韓国文化にどんどんハマる日本人家族ww #한국문화 #문화차이    #일본가족 #일본인반응,2025-09-08T08:56:53Z,131.0,False,78922,1696.0,78.0
3417,UCljC_51FZKtUBh7vn3yF-Og,시골 언니 아유미田舎の姉あゆみch,05QpFRx6bTA,현지인이 알려준 김치찌개 맛집을 찾아 감동한 일본인 반응,2025-09-14T05:39:06Z,574.0,False,76574,5025.0,460.0
3417,UCljC_51FZKtUBh7vn3yF-Og,시골 언니 아유미田舎の姉あゆみch,hbjnp99Kb-Q,처음 먹자마자 후회... 첫 곰탕 맛에 충격받은 일본인의 리얼한 반응,2025-09-21T03:03:33Z,595.0,False,187670,8430.0,717.0
3417,UCljC_51FZKtUBh7vn3yF-Og,시골 언니 아유미田舎の姉あゆみch,u-cPsPyBh3o,"일본에는 없는 아구찜, 일본인 첫 도전! 리얼 반응 😲🔥",2025-09-28T05:31:56Z,688.0,False,117469,7293.0,780.0
3417,UCljC_51FZKtUBh7vn3yF-Og,시골 언니 아유미田舎の姉あゆみch,3MsCOv-FSUI,기계치 유튜버의 10만 달성기!! 감사🥺❤️ & 흑역사 공개 😂ㅋㅋㅋ,2025-10-05T08:18:57Z,499.0,False,24567,3489.0,332.0
3417,UCljC_51FZKtUBh7vn3yF-Og,시골 언니 아유미田舎の姉あゆみch,3FAJXGY1u-s,먹는 순간 힐링! 삼계탕 먹으러 갔는데… 입이 놀랐습니다 😳ㅋㅋ,2025-10-12T04:47:09Z,510.0,False,70597,4732.0,363.0
3417,UCljC_51FZKtUBh7vn3yF-Og,시골 언니 아유미田舎の姉あゆみch,XNolOG9sCLQ,배고픈사람은 보지마세요⚠️ 꼭 오뎅을 먹고싶어지는 영상 ㅋㅋ / 日本の家で韓国屋台の雰囲気感を楽しむ方法w,2025-10-16T09:58:06Z,181.0,False,9794,697.0,56.0
3417,UCljC_51FZKtUBh7vn3yF-Og,시골 언니 아유미田舎の姉あゆみch,v7fPw8cRXZs,한국 첫날부터 폭식! 배 터질 뻔했어요 🤣ㅋㅋㅋ,2025-10-19T05:18:06Z,736.0,False,69254,5156.0,412.0
3417,UCljC_51FZKtUBh7vn3yF-Og,시골 언니 아유미田舎の姉あゆみch,phf2n1sRQSE,비주얼 미쳤다😳🔥 일본식 정식집 간 일본인 리액션ㅋㅋ,2025-10-27T02:28:02Z,534.0,False,39465,3063.0,170.0
3417,UCljC_51FZKtUBh7vn3yF-Og,시골 언니 아유미田舎の姉あゆみch,fEG_0wlBTig,계속 차이는데도 또 찾아가는 여동생이 불쌍해 😂ㅋㅋㅋ/韓国oooに振られ続けてもめげない妹が不憫すぎるwww #자매대화 #짝사랑 #家族の会話 #片想い,2025-10-31T09:21:38Z,94.0,False,15342,549.0,12.0
3417,UCljC_51FZKtUBh7vn3yF-Og,시골 언니 아유미田舎の姉あゆみch,KPYLMla_QpA,해장국 중 단연 1등!!😳👏 인생 해장국을 만난 일본여자의 미친 반응 ㅋㅋㅋ,2025-11-02T03:30:17Z,731.0,False,117903,6167.0,461.0
3417,UCljC_51FZKtUBh7vn3yF-Og,시골 언니 아유미田舎の姉あゆみch,HVK-Q22mEgQ,홍대에 이렇게 맛있는 양식집이 있다고!? 가성비까지 미쳤다 😳🍷,2025-11-08T04:20:52Z,483.0,False,31029,2611.0,118.0
3417,UCljC_51FZKtUBh7vn3yF-Og,시골 언니 아유미田舎の姉あゆみch,H9iDtfc3Nkg,여기가 부산이라고..!?일본인도 놀란 료칸 퀄리티😳✨,2025-11-09T02:58:00Z,511.0,False,64502,3031.0,194.0
3417,UCljC_51FZKtUBh7vn3yF-Og,시골 언니 아유미田舎の姉あゆみch,fWSFEtSpCd8,일본 먹방 유튜버가 미인 콘테스트에 초대받았다?! 부산 여행의 시작부터 특별해요ㅋㅋㅋ,2025-11-12T08:45:14Z,385.0,False,21430,1919.0,99.0
3417,UCljC_51FZKtUBh7vn3yF-Og,시골 언니 아유미田舎の姉あゆみch,uTq4XIyWd9c,부산에서 꼭 먹어야 하는 돼지국밥! 핫플 맛집에 놀란 일본인 반응 ㅎㅎ,2025-11-16T07:54:47Z,612.0,False,65390,4314.0,330.0
3417,UCljC_51FZKtUBh7vn3yF-Og,시골 언니 아유미田舎の姉あゆみch,IXpdF1zO2Dc,가족 구성 뭐야 진짜 😂첫째랑 막내가 24살 차이 ㅋㅋ,2025-11-18T10:51:39Z,177.0,False,11102,554.0,20.0
3417,UCljC_51FZKtUBh7vn3yF-Og,시골 언니 아유미田舎の姉あゆみch,X_25aGiu4Us,핵불닭볶음면 처음먹어본 일본 시골 사람들 반응 ㅋㅋ #핵불닭볶음면 #일본인반응 #激辛ラーメン #プルダックポックンミョン,2025-11-20T10:22:20Z,107.0,False,41410,744.0,33.0
3417,UCljC_51FZKtUBh7vn3yF-Og,시골 언니 아유미田舎の姉あゆみch,5DKtusz1YVU,케이크 등장부터 난리ㅋㅋ 우리 집 생일파티는 왜 항상 그래🤣 #시골가족 #생일파티 #誕生日会 #ママおめでとう,2025-11-21T10:01:11Z,134.0,False,15911,543.0,18.0
3417,UCljC_51FZKtUBh7vn3yF-Og,시골 언니 아유미田舎の姉あゆみch,nttKpWBvPL0,이렇게 먹는다고요!?😳 첫 한국 회덮밥에 놀란 일본인,2025-11-30T05:12:33Z,698.0,False,258709,11298.0,1140.0
3417,UCljC_51FZKtUBh7vn3yF-Og,시골 언니 아유미田舎の姉あゆみch,YjHM9CMK2po,혼자 부산 택시 탔다가 조개구이 투어 짜주고 결혼 얘기까지 나옴ㅋㅋㅋ,2025-12-09T09:44:36Z,778.0,False,67234,4531.0,349.0
3417,UCljC_51FZKtUBh7vn3yF-Og,시골 언니 아유미田舎の姉あゆみch,Qh6UyrrDka0,혼자 간 부산 조개구이집! 수준 뭔데 미쳤다 😳🔥ㅋㅋ,2025-12-14T08:07:57Z,825.0,False,92010,5642.0,368.0
3417,UCljC_51FZKtUBh7vn3yF-Og,시골 언니 아유미田舎の姉あゆみch,vRWraerd93Q,부산 재첩국 처음 먹은 일본인 반응ㅋㅋ 국물 한 숟갈에 멘붕 옴,2025-12-21T06:16:53Z,607.0,False,93200,5421.0,566.0
3417,UCljC_51FZKtUBh7vn3yF-Og,시골 언니 아유미田舎の姉あゆみch,-hL_Oa2p8mE,새해 카운트다운에 1mm도 관심 없는 오빠ㅋㅋ/え？お兄ちゃん…？田舎の家族のリアルなカウントダウンの瞬間(笑),2026-01-08T08:54:14Z,50.0,True,19957,804.0,51.0
3417,UCljC_51FZKtUBh7vn3yF-Og,시골 언니 아유미田舎の姉あゆみch,Y-yWTg_rxX0,"시골에서 올라온 평범한 딸, 10만 유튜버 됐더니 가족 반응이ㅋㅋ",2026-01-18T12:19:20Z,454.0,False,48823,5237.0,386.0
3417,UCljC_51FZKtUBh7vn3yF-Og,시골 언니 아유미田舎の姉あゆみch,HtEHLWvsrcY,일본인이 부산에서 처음 먹은 굴보쌈… 이거 반칙이잖아요 😭ㅠㅠ,2026-01-27T08:30:11Z,902.0,False,276036,10537.0,1006.0
3417,UCljC_51FZKtUBh7vn3yF-Og,시골 언니 아유미田舎の姉あゆみch,dwRLx4WV-_E,일본인이 부산 스시 오마카세 먹어봤는데… 진짜 미쳤어요!!😭,2026-03-24T09:30:21Z,983.0,False,137621,4841.0,340.0
3417,UCljC_51FZKtUBh7vn3yF-Og,시골 언니 아유미田舎の姉あゆみch,a3QMLUEP3-0,일본인 한국 오자마자 제일 먼저 먹고 싶었던 음식… 뼈해장국!!🔥,2026-04-02T11:12:14Z,630.0,False,103223,6472.0,543.0
3417,UCljC_51FZKtUBh7vn3yF-Og,시골 언니 아유미田舎の姉あゆみch,Tv-TXUIcGc8,일에 치이다가 한국 와서 제대로 풀고 갑니다ㅋㅋ (피부관리 + 삼계탕),2026-05-11T09:00:38Z,927.0,False,20027,2550.0,209.0
3417,UCljC_51FZKtUBh7vn3yF-Og,시골 언니 아유미田舎の姉あゆみch,Mr16AlbqpFo,웨이팅 55팀 포기하고 들어간 칼국수집이 오히려 대박이었어요😳🔥,2026-05-14T09:15:02Z,494.0,False,41985,3105.0,236.0
3418,UCEQNYZQVU9Ric1VTft_MwrQ,줄리아예요 Julia's Family,XQwppyirELw,아이랑 1년만에 다시 루마니아 고향집 갔다왔습니다! ^^ ❤️ (루마니아 친정집 여행),2024-11-19T23:02:32Z,988.0,False,1018086,18321.0,380.0
3418,UCEQNYZQVU9Ric1VTft_MwrQ,줄리아예요 Julia's Family,FW1Hjj6U5yI,짜장면과 단무지를 처음 먹어본 루마니아 가족들 반응은!? ㅋㅋ 🥰🥰,2024-12-25T03:43:34Z,590.0,False,132775,6021.0,141.0
3418,UCEQNYZQVU9Ric1VTft_MwrQ,줄리아예요 Julia's Family,me05ye0HUfM,내일 드디어 대한민국 갑니다...❤️ 딸한테 한국말 가르쳐야겠죠? ㅋㅋ,2025-02-02T04:32:45Z,1018.0,False,152228,6872.0,133.0
3418,UCEQNYZQVU9Ric1VTft_MwrQ,줄리아예요 Julia's Family,kHRD62wJFUU,우리나라 한국에 다시 오니까 좋지? ❤️ 딸이랑 엄마랑 아주 신났네요... ㅋㅋ,2025-02-14T00:33:10Z,1206.0,False,577608,11586.0,235.0
3418,UCEQNYZQVU9Ric1VTft_MwrQ,줄리아예요 Julia's Family,nK9NDL-uH24,"칼국수 맛있게 먹으려고 겨울까지 기다렸습니다...! ❤️ (바지락 칼국수, 배추 겉절이, 열무김치)",2025-02-23T15:01:14Z,977.0,False,95883,4883.0,121.0
3418,UCEQNYZQVU9Ric1VTft_MwrQ,줄리아예요 Julia's Family,y8FBWBxoHDw,"고소한 나물밥에 양념장 쓱쓱 비벼먹는 외국인 와이프… ❤ (ft. 고등어 조림, 곤드레 나물밥, 숭늉)",2025-03-04T22:50:58Z,801.0,False,35607,2684.0,81.0
3418,UCEQNYZQVU9Ric1VTft_MwrQ,줄리아예요 Julia's Family,u4dTL60Mxko,"""엄마~ 한국은 매운음식 파티 하나봐요!"" 😂 찐 한국밥상을 처음 본 아기 반응 ㅋㅋ (ft. 돼지고기 두루치기, 상추쌈, 김치, 더덕무침)",2025-03-09T12:16:29Z,495.0,False,44204,2428.0,47.0
3418,UCEQNYZQVU9Ric1VTft_MwrQ,줄리아예요 Julia's Family,oazMqqFh0zQ,한국 시댁집에서 먹는 밥맛은 언제나 꿀맛이네요...❤️ 어머님 오늘도 잘 먹었습니다! 😍😍,2025-03-19T22:24:52Z,1102.0,False,382179,8155.0,207.0
3418,UCEQNYZQVU9Ric1VTft_MwrQ,줄리아예요 Julia's Family,jew4zuS9f_Y,한국 조상님들 감사합니다... 숟가락을 멈출 수가 없네요 🥹,2025-03-30T10:48:14Z,919.0,False,65000,3730.0,122.0
3418,UCEQNYZQVU9Ric1VTft_MwrQ,줄리아예요 Julia's Family,puXq7lfmERM,"밥 잘먹는 외국며느리를 지켜보는 한국시어머니 반응 ㅋㅋ❤️ (더덕구이, 된장찌개, 고등어구이, 도라지 튀김)",2025-04-10T19:26:33Z,836.0,False,66179,3288.0,76.0
3418,UCEQNYZQVU9Ric1VTft_MwrQ,줄리아예요 Julia's Family,mJXJg34I5cE,한국에서 이정도 매운 음식은 애교 수준이잖아요... 그쵸? ❤️,2025-04-19T22:09:45Z,757.0,False,78922,4049.0,114.0
3418,UCEQNYZQVU9Ric1VTft_MwrQ,줄리아예요 Julia's Family,Pd8FgZ0xYXU,외국인 조카며느리를 만난 시댁 이모님과 가족들 반응은?! 💕 (ft. 쌀국수 먹방),2025-04-28T10:00:43Z,983.0,False,44628,2348.0,48.0
3418,UCEQNYZQVU9Ric1VTft_MwrQ,줄리아예요 Julia's Family,8_mAJUM9eY4,"""김치가 안 나왔는데요..?"" 한국음식 잘 아는 외국인이 서울에서 칼국수집 가면 겪는 일 ㅋㅋ😆 (ft. 녹두전, 비빔국수, 김밥)",2025-05-10T10:30:56Z,780.0,False,365905,9686.0,449.0
3418,UCEQNYZQVU9Ric1VTft_MwrQ,줄리아예요 Julia's Family,e0ovwW41-ZQ,“한국에서는 이게 밥 한 끼라고요?” 😲 딸한테 한국음식 알려주는 루마니아 엄마 ❤️,2025-05-23T09:01:07Z,736.0,False,66200,3055.0,65.0
3418,UCEQNYZQVU9Ric1VTft_MwrQ,줄리아예요 Julia's Family,Yy1XC_9Imj0,"""이거 소.고.기. 맞지?"" 한우갈비 처음 먹어본 모녀의 반응! ㅋㅋ 😳🍖",2025-06-03T09:45:02Z,962.0,False,107366,4416.0,78.0
3418,UCEQNYZQVU9Ric1VTft_MwrQ,줄리아예요 Julia's Family,FJlyfVC3FFQ,서울 출신 외국인 아내의 부산 첫 KTX 여행! ㅋㅋ 😍🚄 (ft. 2살 엠마 어린이),2025-06-13T09:30:08Z,828.0,False,52215,2889.0,66.0
3418,UCEQNYZQVU9Ric1VTft_MwrQ,줄리아예요 Julia's Family,fibIjoGHfik,부산 횟집 매운탕을 너무 잘 먹었더니... 고향이 어디냐고 질문 받았습니다❤️ ㅋㅋ,2025-06-22T00:49:35Z,940.0,False,216344,6908.0,292.0
3418,UCEQNYZQVU9Ric1VTft_MwrQ,줄리아예요 Julia's Family,mXKVHipmJpA,"""면을 손으로 만드셨어?"" 한국 손칼국수의 쫀득쫀득함에 놀라버린 루마니아 아내 ❤️ ㅋㅋ",2025-06-29T08:45:08Z,913.0,False,66125,3533.0,103.0
3418,UCEQNYZQVU9Ric1VTft_MwrQ,줄리아예요 Julia's Family,IZYhVqYb2y0,밤 10시에 횟집 갔다가 야식 맛을 알아버렸습니다...! 😋🦐,2025-07-08T09:30:11Z,884.0,False,54260,3228.0,112.0
3418,UCEQNYZQVU9Ric1VTft_MwrQ,줄리아예요 Julia's Family,l5o1GDjh7s0,1년 만에 루마니아 고향집 가봤습니다! (ft. 현지 가족들 반응 😍),2025-07-13T07:00:47Z,1289.0,False,334625,10993.0,201.0
3418,UCEQNYZQVU9Ric1VTft_MwrQ,줄리아예요 Julia's Family,gWAVu6smx88,기쎈 와이프랑 사는 인생… 어쩌면 나 즐기고 있는지도…?🔥 #국제부부 #동유럽 #루마니아,2025-07-27T00:00:46Z,1223.0,False,83445,4124.0,124.0
3418,UCEQNYZQVU9Ric1VTft_MwrQ,줄리아예요 Julia's Family,KbDeJIFjL0k,술 잘먹는 한국인 사위가 루마니아 처갓집에서 받는 대접 ㅋㅋ 😂,2025-08-07T09:30:18Z,1018.0,False,139113,4874.0,80.0
3418,UCEQNYZQVU9Ric1VTft_MwrQ,줄리아예요 Julia's Family,IVhx_Q5Pm_A,"물냉면에 겨자, 식초까지 맛있게 루마니아 가족들 먹여줬습니다 ㅋㅋ 🥰🥰 (ft. 쌈장, 볶음김치, 바베큐)",2025-08-25T09:44:11Z,964.0,False,42258,2554.0,75.0
3418,UCEQNYZQVU9Ric1VTft_MwrQ,줄리아예요 Julia's Family,Ye57x5fRouU,우리가족 공용어는? '한국어' 씁니다! 😆❤️ (ft. 다문화 가정의 일상),2025-09-07T04:30:32Z,1228.0,False,67046,3842.0,96.0
3418,UCEQNYZQVU9Ric1VTft_MwrQ,줄리아예요 Julia's Family,s6gaFIZMw64,"유럽 엄마가 한국음식에 빠져버렸을 때…? ❤️ (ft. 시래기 된장국, 계란말이, 김치, 흰쌀밥)",2025-09-24T09:30:29Z,1163.0,False,43039,2638.0,63.0
3418,UCEQNYZQVU9Ric1VTft_MwrQ,줄리아예요 Julia's Family,o71OPG3m4js,"초 다문화 영국에서 길거리 한국음식 근황...?! 실화인가요? 😮😮 (in Leeds, UK)",2025-09-30T06:08:05Z,1180.0,False,98430,4460.0,224.0
3418,UCEQNYZQVU9Ric1VTft_MwrQ,줄리아예요 Julia's Family,VN-bXLGn5pE,"""이게 영국 마트에 있다고?""😆 한국 제품에 점령당한 영국 지방도시ㅋㅋ (ft. 비빔밥, 도라지무침, 시금치무침)",2025-10-15T09:00:59Z,1319.0,False,83495,4046.0,105.0
3418,UCEQNYZQVU9Ric1VTft_MwrQ,줄리아예요 Julia's Family,419X9wtt7bc,하… 김치맛은 아는데 ‘김치’는 처음 먹어본다는 유럽인 가르치기 😭😭,2025-12-03T09:00:06Z,951.0,False,54460,3285.0,104.0
3418,UCEQNYZQVU9Ric1VTft_MwrQ,줄리아예요 Julia's Family,a6Te-a6ypBA,한국 어린이에게 3개국어를 가르친다면?! 😁😁 역시 요즘 애들은 말도 잘 배우네요~❤️,2025-12-28T07:07:14Z,1022.0,False,63269,3514.0,94.0
3418,UCEQNYZQVU9Ric1VTft_MwrQ,줄리아예요 Julia's Family,X5KaYyfHsCo,“우리 진짜 가?” 내일 한국 가는 모녀의 두근두근 짐싸기...❤️,2025-12-31T18:00:06Z,1268.0,False,48875,3911.0,108.0
3418,UCEQNYZQVU9Ric1VTft_MwrQ,줄리아예요 Julia's Family,jxHjzndCgdI,다문화 가족이 드디어 그리웠던 한국에 돌아왔습니다! ❤️,2026-01-16T07:36:03Z,1328.0,False,344876,11122.0,225.0
3418,UCEQNYZQVU9Ric1VTft_MwrQ,줄리아예요 Julia's Family,EJfdq-feleE,한국어 조금 했을 뿐인데 하루가 달라짐 ㅋㅋ 😆,2026-01-22T09:15:02Z,1224.0,False,115568,5955.0,177.0
3418,UCEQNYZQVU9Ric1VTft_MwrQ,줄리아예요 Julia's Family,9GjKI8eek1k,사장님 기 살려주는 외국손님 등장 ㅋㅋ 😎,2026-01-26T02:45:00Z,931.0,False,76271,4134.0,86.0
3418,UCEQNYZQVU9Ric1VTft_MwrQ,줄리아예요 Julia's Family,EXsruLWtlRc,애국자의 길,2026-02-01T13:01:38Z,989.0,False,92676,6446.0,401.0
3418,UCEQNYZQVU9Ric1VTft_MwrQ,줄리아예요 Julia's Family,sqTRtHhohvw,한국에 시집왔더니 언니가 생겼네요?,2026-02-07T23:00:58Z,1038.0,False,102212,5454.0,143.0
3418,UCEQNYZQVU9Ric1VTft_MwrQ,줄리아예요 Julia's Family,qTWWo_TwZfs,국제결혼의 결과물(?) 공개합니다 😆,2026-02-14T00:21:51Z,828.0,False,40332,2998.0,88.0
3418,UCEQNYZQVU9Ric1VTft_MwrQ,줄리아예요 Julia's Family,6MAVu5diOrI,한국에서 배운 초밥,2026-02-15T11:18:33Z,1007.0,False,61517,3810.0,99.0
3418,UCEQNYZQVU9Ric1VTft_MwrQ,줄리아예요 Julia's Family,wObOY42PtEY,"어린이집 첫날, 사회생활 스타트!",2026-02-23T09:01:16Z,1358.0,False,65358,4476.0,120.0
3418,UCEQNYZQVU9Ric1VTft_MwrQ,줄리아예요 Julia's Family,-UUCzgcp84Y,한국 가족모임은 왜 이렇게 웃긴가요? ㅋㅋㅋ,2026-02-28T00:00:00Z,1606.0,False,73249,4392.0,113.0
3418,UCEQNYZQVU9Ric1VTft_MwrQ,줄리아예요 Julia's Family,T7k6tqR1eCc,한국은 여행이 왜 이렇게 쉽죠?? KTX 타고 부산 가봤습니다!! ❤️,2026-03-01T18:08:28Z,1216.0,False,66402,4465.0,115.0
3418,UCEQNYZQVU9Ric1VTft_MwrQ,줄리아예요 Julia's Family,LHkOTZYGurU,"""고향이 어데요~?"" 부산 식당에서 한국말 했다가 사장님 반응이ㅋㅋ",2026-03-15T11:58:57Z,906.0,False,191606,7193.0,224.0
3418,UCEQNYZQVU9Ric1VTft_MwrQ,줄리아예요 Julia's Family,A_sdhObbX6Y,튀김 냄새에 가던 길 멈췄습니다…❤️,2026-03-24T08:30:06Z,879.0,False,71648,4356.0,124.0
3418,UCEQNYZQVU9Ric1VTft_MwrQ,줄리아예요 Julia's Family,V2ipgWa_rsM,한국 사장님들은 이렇게까지 친절한가요…? 🥹,2026-03-29T14:18:22Z,712.0,False,44750,3454.0,109.0
3418,UCEQNYZQVU9Ric1VTft_MwrQ,줄리아예요 Julia's Family,5274faSKZgI,한국 박물관에서 거북선 보고 울컥했습니다…,2026-04-03T23:30:01Z,712.0,False,27618,2427.0,92.0
3418,UCEQNYZQVU9Ric1VTft_MwrQ,줄리아예요 Julia's Family,zU7KB1WLtSA,"입맛 없다는 아내, 분식집 데려갔더니 반응이 ㅋㅋ (ft. 돈까스, 라면)",2026-04-09T09:01:30Z,727.0,False,62954,4220.0,132.0
3418,UCEQNYZQVU9Ric1VTft_MwrQ,줄리아예요 Julia's Family,QRBx-Z8DanY,한국 와보니 뽀로로가 애를 키워주네요 ㅋㅋ 😍,2026-04-17T06:17:37Z,773.0,False,22600,2149.0,60.0
3418,UCEQNYZQVU9Ric1VTft_MwrQ,줄리아예요 Julia's Family,9GdBtOfyNVA,매운탕집에서 국제가족 회식하면… 결국 이렇게 됩니다 ㅋㅋ 😂,2026-04-24T23:30:03Z,877.0,False,53848,3367.0,72.0
3418,UCEQNYZQVU9Ric1VTft_MwrQ,줄리아예요 Julia's Family,3Kix_MpXdbo,식당에서 한국말 하면… 반응이 이렇습니다 😂,2026-05-02T07:58:28Z,736.0,False,1421606,29653.0,1356.0
3418,UCEQNYZQVU9Ric1VTft_MwrQ,줄리아예요 Julia's Family,5jYvTJmJ4jI,외국인 엄마가 딸 한복에 꽂히면… 결국 이렇게 됩니다 😂,2026-05-07T07:10:41Z,845.0,False,57909,3767.0,140.0
3418,UCEQNYZQVU9Ric1VTft_MwrQ,줄리아예요 Julia's Family,DxMmpvhmW1M,드디어 시댁 할머니 만난 외국인 며느리 😂,2026-05-16T13:57:14Z,758.0,False,953,226.0,9.0
3419,UCOc1RaFkXsrLQgLG4ygVD1Q,파리지앙 2세,3L8a_HrCdWA,한국에서는 상상도 못할 프랑스인들의 연애표현 (감정 표현 ❌),2025-05-31T07:00:04Z,364.0,False,26661,617.0,78.0
3419,UCOc1RaFkXsrLQgLG4ygVD1Q,파리지앙 2세,2ddU6gWJv88,프랑스인은 왜 부자가 되기 싫을까?,2025-06-07T07:46:44Z,461.0,False,44181,1331.0,361.0
3419,UCOc1RaFkXsrLQgLG4ygVD1Q,파리지앙 2세,_C2RwV18kyA,프랑스에서 돈 얘기?,2025-06-09T07:00:37Z,27.0,True,22248,352.0,30.0
3419,UCOc1RaFkXsrLQgLG4ygVD1Q,파리지앙 2세,EEl7KINdqCU,프랑스 재벌2세들의 패션 특징,2025-06-11T07:00:25Z,46.0,True,89010,944.0,64.0
3419,UCOc1RaFkXsrLQgLG4ygVD1Q,파리지앙 2세,06C71DOBOjM,한국인과 중국인이 절교하게 되는 진짜 이유는?,2025-06-14T07:00:01Z,500.0,False,130392,3641.0,784.0
3419,UCOc1RaFkXsrLQgLG4ygVD1Q,파리지앙 2세,EEcPg9sE65w,중국인 절친이랑 절교할 수밖에 없었던 이유,2025-06-14T20:06:01Z,59.0,True,42981,699.0,52.0
3419,UCOc1RaFkXsrLQgLG4ygVD1Q,파리지앙 2세,juqHy4IfRxE,‘프랑스는 유럽의 중국’… 프랑스인이 드디어 한 마디 합니다,2025-06-22T07:00:47Z,522.0,False,67079,1822.0,699.0
3419,UCOc1RaFkXsrLQgLG4ygVD1Q,파리지앙 2세,DCDM9PIRZcY,물가 미쳤지만… 파리지앵들은 이렇게 먹습니다,2025-07-05T07:00:22Z,1071.0,False,185819,3978.0,283.0
3419,UCOc1RaFkXsrLQgLG4ygVD1Q,파리지앙 2세,lhd1Qxbdutk,🇫🇷 미식의 나라에서는 여행때 먹는 특별한 음식은?,2025-07-19T07:00:45Z,849.0,False,42035,1212.0,69.0
3419,UCOc1RaFkXsrLQgLG4ygVD1Q,파리지앙 2세,TBRm3vBrF9A,한국 관광객들도 절대 모르는 파리 빵집 투어 🥐,2025-08-02T07:00:23Z,1323.0,False,58403,1514.0,78.0
3419,UCOc1RaFkXsrLQgLG4ygVD1Q,파리지앙 2세,yDGuxsgGoGI,1600년대 프랑스 성 입성 첫날… 🏰,2025-08-17T07:00:52Z,957.0,False,47013,1526.0,120.0
3419,UCOc1RaFkXsrLQgLG4ygVD1Q,파리지앙 2세,PAy7VaSkepE,1600년대 프랑스 성에서 혼자 살다보니 느낀 점들 (이제 2일차) … #2,2025-08-26T07:20:09Z,1213.0,False,20248,1000.0,59.0
3419,UCOc1RaFkXsrLQgLG4ygVD1Q,파리지앙 2세,hkvMekxMmtY,1600년대 프랑스 성에서 혼자 산다면?,2025-08-26T17:30:36Z,48.0,True,6697,143.0,4.0
3419,UCOc1RaFkXsrLQgLG4ygVD1Q,파리지앙 2세,z9V6yh8hFPw,성 생활 1일차 악몽같은 밤,2025-08-29T07:00:55Z,42.0,True,4142,108.0,18.0
3419,UCOc1RaFkXsrLQgLG4ygVD1Q,파리지앙 2세,ao0ubmICfbU,성에서의 삶… 현실은 생존 게임 (프랑스 고성 생활 3탄),2025-09-04T16:54:22Z,1219.0,False,15434,808.0,63.0
3419,UCOc1RaFkXsrLQgLG4ygVD1Q,파리지앙 2세,7G77nMYRCkM,한국 가고 싶다던 프랑스 친구… 파리에서?! (한국 투어 in 파리),2025-09-06T08:59:19Z,1355.0,False,20477,958.0,43.0
3419,UCOc1RaFkXsrLQgLG4ygVD1Q,파리지앙 2세,bTBBs9tKecc,"낮에는 동화, 밤에는 공포… 프랑스 1600년대 성 1시간 몰입 체험",2025-09-13T14:20:45Z,3382.0,False,12171,538.0,38.0
3419,UCOc1RaFkXsrLQgLG4ygVD1Q,파리지앙 2세,GM_wHM7LY8Q,"프랑스인들, 진짜 폭발 직전",2025-09-27T15:18:11Z,551.0,False,209368,4983.0,966.0
3419,UCOc1RaFkXsrLQgLG4ygVD1Q,파리지앙 2세,lm85wSMOHYs,물가 때문에 폭발한 프랑스인들,2025-10-01T12:09:50Z,46.0,True,11585,239.0,21.0
3419,UCOc1RaFkXsrLQgLG4ygVD1Q,파리지앙 2세,vx9Mc2zt_K8,코로나로 인한 프랑스 최악의 상황,2025-10-02T07:00:52Z,43.0,True,5647,110.0,2.0
3419,UCOc1RaFkXsrLQgLG4ygVD1Q,파리지앙 2세,LBuOxZCMqV4,프랑스 국가부도 시위 상황?,2025-10-03T07:00:17Z,38.0,True,8328,175.0,10.0
3419,UCOc1RaFkXsrLQgLG4ygVD1Q,파리지앙 2세,A-6RN1mr3h4,프랑스 청년들… 이제는 꿈이 없다,2025-10-05T09:14:53Z,543.0,False,167298,4000.0,781.0
3419,UCOc1RaFkXsrLQgLG4ygVD1Q,파리지앙 2세,QP4IBKxUxRM,사고 당해도 긍정적으로 대하기 어렵네 ㅋㅋ,2025-10-05T11:28:44Z,30.0,True,12769,520.0,27.0
3419,UCOc1RaFkXsrLQgLG4ygVD1Q,파리지앙 2세,InfSKG5aIaU,친구들의 우정이란 .. 사고까지 ㅋㅋㅋ,2025-10-07T12:50:31Z,36.0,True,19356,522.0,20.0
3419,UCOc1RaFkXsrLQgLG4ygVD1Q,파리지앙 2세,mWKGfDMA_Lw,프랑스... 사랑하지만 벗어나고 싶다,2025-10-14T07:00:57Z,713.0,False,189055,4517.0,855.0
3419,UCOc1RaFkXsrLQgLG4ygVD1Q,파리지앙 2세,7spTtp5UCTo,물가 상승 프랑스,2025-10-15T18:06:04Z,55.0,True,44199,705.0,61.0
3419,UCOc1RaFkXsrLQgLG4ygVD1Q,파리지앙 2세,xVshzaGgojQ,루브르 도난이라니... 프랑스인들 창피해 죽음,2025-10-23T00:01:15Z,1063.0,False,60289,1967.0,243.0
3419,UCOc1RaFkXsrLQgLG4ygVD1Q,파리지앙 2세,yj4voEJidRU,"파리의 물가 현실, 모두가 떠나고 있는 이 곳",2025-11-05T07:20:08Z,1122.0,False,235493,3603.0,244.0
3419,UCOc1RaFkXsrLQgLG4ygVD1Q,파리지앙 2세,HKAPcmSFaUY,프랑스에서 자란 한국계 남자… 드디어 한국에 섰다,2025-11-14T07:03:39Z,661.0,False,80719,2858.0,237.0
3419,UCOc1RaFkXsrLQgLG4ygVD1Q,파리지앙 2세,5wthIe2ZLuI,프랑스 물가에 지쳐서... 한국 오자마자 이걸 선택했습니다,2025-11-18T07:04:42Z,700.0,False,58240,2299.0,180.0
3419,UCOc1RaFkXsrLQgLG4ygVD1Q,파리지앙 2세,iHbxJ2zAV8M,#shorts 한국계 프랑스인 드디어 한국 땅 밟는다,2025-11-20T07:25:54Z,73.0,False,32450,1176.0,27.0
3419,UCOc1RaFkXsrLQgLG4ygVD1Q,파리지앙 2세,imWhsNTwjoI,한국계 프랑스인이 솔직하게 말하는 한국 물가,2025-11-25T08:06:28Z,855.0,False,67285,1898.0,226.0
3419,UCOc1RaFkXsrLQgLG4ygVD1Q,파리지앙 2세,G-vUBuBRwKE,"한국계 프랑스인, 한국에서 엄마를 다시 만나다",2025-11-30T10:08:19Z,595.0,False,164199,3924.0,344.0
3419,UCOc1RaFkXsrLQgLG4ygVD1Q,파리지앙 2세,4CuI9I3EugU,프랑스인도 더 이상 버티지 못한다,2025-12-03T07:06:23Z,646.0,False,111088,2741.0,430.0
3419,UCOc1RaFkXsrLQgLG4ygVD1Q,파리지앙 2세,VT8lN9BYe5Y,"프랑스 크리스마스, 이제는 부담이 된 현실",2025-12-16T07:00:35Z,1017.0,False,114221,2080.0,122.0
3419,UCOc1RaFkXsrLQgLG4ygVD1Q,파리지앙 2세,Gjc1QAuJAZc,"한국계 프랑스인이 본, 물가 시대의 한국 여행 현실",2025-12-25T11:00:36Z,1205.0,False,23991,929.0,147.0
3419,UCOc1RaFkXsrLQgLG4ygVD1Q,파리지앙 2세,xUPTAdmiDCU,"파리 물가 폭등 시대, 프랑스 사람들의 생존법",2025-12-31T10:28:06Z,1083.0,False,94470,1807.0,127.0
3419,UCOc1RaFkXsrLQgLG4ygVD1Q,파리지앙 2세,IS9cFhpV8bY,파리지앙이 눈을 처음 보는 관경 😂,2026-01-07T12:45:44Z,21.0,True,26232,537.0,39.0
3419,UCOc1RaFkXsrLQgLG4ygVD1Q,파리지앙 2세,Wx5g0l66rIE,"한국계 프랑스인, 내 나라에서 길을 잃다",2026-01-10T08:00:46Z,1255.0,False,62733,1893.0,167.0
3419,UCOc1RaFkXsrLQgLG4ygVD1Q,파리지앙 2세,rVTso9bPEYQ,"프랑스인들, 왜 다들 월급 때문에 지쳐 있을까",2026-01-14T08:01:08Z,992.0,False,256175,4239.0,830.0
3419,UCOc1RaFkXsrLQgLG4ygVD1Q,파리지앙 2세,HDVLmC5sN34,🇫🇷 파리지앵들도 사치라서 못 산다는 이 파리 « 왕 » 동네,2026-01-23T07:00:13Z,1433.0,False,97490,1912.0,92.0
3419,UCOc1RaFkXsrLQgLG4ygVD1Q,파리지앙 2세,KbB48rZK7dw,한국인들은 절대로 가면 안되는 최악의 파리 식당,2026-02-10T08:00:31Z,1416.0,False,194210,2852.0,207.0
3419,UCOc1RaFkXsrLQgLG4ygVD1Q,파리지앙 2세,yspzNDIy840,"프랑스 물가 폭발, 버티는 이 도시",2026-02-22T08:01:08Z,979.0,False,29304,862.0,35.0
3419,UCOc1RaFkXsrLQgLG4ygVD1Q,파리지앙 2세,GE1FGh_3w8c,물가에 지친 프랑스인들의 선택,2026-02-25T07:00:24Z,1785.0,False,23199,930.0,68.0
3419,UCOc1RaFkXsrLQgLG4ygVD1Q,파리지앙 2세,wIaMtswgPjo,유럽에서 가장 큰 파리 중국 차이나타운에 갔더니,2026-03-09T07:00:48Z,1263.0,False,28322,587.0,68.0
3419,UCOc1RaFkXsrLQgLG4ygVD1Q,파리지앙 2세,F1lEzfYfOm0,"프랑스 세금, 지금 폭발 직전",2026-03-14T07:00:12Z,1027.0,False,28664,1021.0,233.0
3419,UCOc1RaFkXsrLQgLG4ygVD1Q,파리지앙 2세,uyS_CaX_EXY,프랑스 물가 폭발... 프랑스인들은 이렇게 먹습니다,2026-03-21T07:00:52Z,1020.0,False,72331,1382.0,77.0
3419,UCOc1RaFkXsrLQgLG4ygVD1Q,파리지앙 2세,WfJfRaWMr4o,프랑스에서 병가가 무기가 된 이유,2026-03-31T06:00:00Z,723.0,False,94004,2332.0,902.0
3419,UCOc1RaFkXsrLQgLG4ygVD1Q,파리지앙 2세,7MtEJeHfCPk,"파리 물가 폭등 시대, 프랑스 사람들의 생존법",2026-04-13T06:00:04Z,992.0,False,46723,1014.0,113.0
3419,UCOc1RaFkXsrLQgLG4ygVD1Q,파리지앙 2세,FX2HZtLxE74,20분만에 프랑스 파리 동네 완벽하게 알아보기 🇫🇷,2026-05-12T09:07:20Z,1177.0,False,13108,591.0,54.0
3420,UCOy_hNWo_27pSZ46G8jX9Jg,샐로그,ZA9eElNesG8,"🇦🇺Travel in Sydney ep. 1 / 비와 함께한 여행 / 포트스테판 투어, 타롱가 동물원 (with Dana)",2022-10-13T15:44:06Z,740.0,False,85789,3843.0,61.0
3420,UCOy_hNWo_27pSZ46G8jX9Jg,샐로그,N9CFcmEkBus,"🇦🇺Travel in Sydney ep.2 / 본다이비치, 시드니 대학교, 천문대, 오페라하우스, 하버브릿지",2023-08-05T23:01:27Z,659.0,False,62191,,49.0
3420,UCOy_hNWo_27pSZ46G8jX9Jg,샐로그,LbTnPrSDgmY,🇯🇵Travel in Tokyo | 가족들과 함께한 여행,2023-09-27T14:57:22Z,496.0,False,685603,68168.0,1279.0
3420,UCOy_hNWo_27pSZ46G8jX9Jg,샐로그,RQIwG46qnRE,"🇨🇦Travel in Toronto | 일상, 영어공부, Niagara Falls, Blue Jays, CNE Festival",2023-10-07T11:02:05Z,481.0,False,88956,,323.0
3420,UCOy_hNWo_27pSZ46G8jX9Jg,샐로그,N74W1Pu90Ko,우주최강 | 우주 | woozoo 👽🚀,2024-04-08T13:20:57Z,187.0,False,43017,3263.0,150.0
3420,UCOy_hNWo_27pSZ46G8jX9Jg,샐로그,sxFb-y1ycTg,🇭🇰Travel in Hongkong ep.1 | 이런 조합은 처음이라... 킹받음 주의,2025-04-02T07:31:41Z,712.0,False,32131,,110.0
3420,UCOy_hNWo_27pSZ46G8jX9Jg,샐로그,P-jLy2AGDTM,강아지 두마리는 힘든 이유,2025-05-13T04:43:15Z,13.0,True,8353,,6.0
3420,UCOy_hNWo_27pSZ46G8jX9Jg,샐로그,0ccfiQrxxfg,식단일기 | 비빔마제소바,2025-05-13T06:43:30Z,127.0,False,6606,,11.0
3421,UC0-ZCUCeCQBwKU15x0Aqk_g,멘파,drcTAzDMp94,251228 지렁이게임,2025-12-28T16:44:22Z,6848.0,False,30961,182.0,2.0
3421,UC0-ZCUCeCQBwKU15x0Aqk_g,멘파,B_GDrAXRZX4,260103 지렁이게임 고구마 사이다 반반,2026-01-03T20:22:56Z,20592.0,False,38332,313.0,4.0
3421,UC0-ZCUCeCQBwKU15x0Aqk_g,멘파,ndP4IwI-QwI,[260104] 지렁이게임 ㅎㅎㅎ,2026-01-04T19:02:52Z,16666.0,False,42592,323.0,10.0
3421,UC0-ZCUCeCQBwKU15x0Aqk_g,멘파,qCp1mD8dKC8,[이스라펠 마도성] 3100 무과금 암룡셋 갈게요,2026-01-09T11:27:54Z,23874.0,False,1223,34.0,1.0
3421,UC0-ZCUCeCQBwKU15x0Aqk_g,멘파,6kTVvXZESgc,260110 지렁이게임,2026-01-10T18:17:39Z,12363.0,False,54689,253.0,1.0
3421,UC0-ZCUCeCQBwKU15x0Aqk_g,멘파,wjilkES-8Pg,260111 지렁이게임 진득한 1등,2026-01-11T17:19:16Z,9764.0,False,58486,377.0,3.0
3421,UC0-ZCUCeCQBwKU15x0Aqk_g,멘파,w1UkMYe8wJM,260111 지렁이게임 진득한 1등,2026-01-17T19:33:11Z,17771.0,False,142140,716.0,2.0
3421,UC0-ZCUCeCQBwKU15x0Aqk_g,멘파,FHENMG7bBfk,260115 지렁이게임 진득한 1등,2026-01-18T16:39:13Z,7324.0,False,84161,393.0,2.0
3421,UC0-ZCUCeCQBwKU15x0Aqk_g,멘파,kd0N3bEw8Jw,260125 지렁이게임 초반 후반 명경기,2026-01-25T17:29:22Z,11490.0,False,61985,581.0,2.0
3421,UC0-ZCUCeCQBwKU15x0Aqk_g,멘파,FhDfUWcWu7k,260131 아이온 근황 마도성3500,2026-01-31T14:15:58Z,20099.0,False,1307,49.0,1.0
3421,UC0-ZCUCeCQBwKU15x0Aqk_g,멘파,NJGCR3g8d6o,260131 지렁이키우기,2026-01-31T17:30:49Z,10983.0,False,3037,124.0,2.0
3421,UC0-ZCUCeCQBwKU15x0Aqk_g,멘파,skPoFm5POqg,260201 지렁이키우기 핵사이다 2잔,2026-02-02T04:02:47Z,4602.0,False,2377,102.0,4.0
3421,UC0-ZCUCeCQBwKU15x0Aqk_g,멘파,sXO9x2qMgpM,아이온2 무과금으로 기룡제작 도전,2026-02-07T00:00:56Z,44.0,True,335777,880.0,207.0
3421,UC0-ZCUCeCQBwKU15x0Aqk_g,멘파,dR_saXJVo9M,260208 지렁이게임,2026-02-08T16:45:54Z,9114.0,False,2412,82.0,2.0
3421,UC0-ZCUCeCQBwKU15x0Aqk_g,멘파,3RQQen1EeGs,[아이온2] 무과금으로 기룡왕 풀템 도전_ 마도성 82일차,2026-02-10T03:50:23Z,42901.0,False,3193,37.0,0.0
3421,UC0-ZCUCeCQBwKU15x0Aqk_g,멘파,L3PGl8wD6p8,[아이온2] 무과금으로 기룡왕 풀템 도전_ 마도성 83일차,2026-02-10T19:54:55Z,23921.0,False,1919,30.0,2.0
3421,UC0-ZCUCeCQBwKU15x0Aqk_g,멘파,GoRAyLF0Ifk,[아이온2] 돈이 삭제되는 날 _  마도성 3600+ 84일차,2026-02-11T15:32:13Z,34889.0,False,2415,41.0,3.0
3421,UC0-ZCUCeCQBwKU15x0Aqk_g,멘파,DcJLbHyfHHc,[아이온2] 마도성 3600+ 무과금 85일차,2026-02-13T00:00:07Z,36137.0,False,2314,25.0,1.0
3421,UC0-ZCUCeCQBwKU15x0Aqk_g,멘파,zfESNpz1KNE,[아이온2] 무과금 아툴19만 마도성_86일차,2026-02-13T20:42:01Z,28134.0,False,2231,26.0,0.0
3421,UC0-ZCUCeCQBwKU15x0Aqk_g,멘파,eKx9dSAE3pM,260214 1부 지렁이 / 2부 아이온2,2026-02-14T22:43:35Z,28564.0,False,17410,164.0,1.0
3421,UC0-ZCUCeCQBwKU15x0Aqk_g,멘파,yofkU64FPUE,[아이온2] 주말 전쟁  마도성_87일차,2026-02-15T00:30:32Z,2341.0,False,411,8.0,0.0
3421,UC0-ZCUCeCQBwKU15x0Aqk_g,멘파,Y3RyGT6T24M,260215 1부 지렁이 /2부 아이온,2026-02-15T19:41:21Z,16874.0,False,36048,179.0,3.0
3421,UC0-ZCUCeCQBwKU15x0Aqk_g,멘파,DEaNkG83Oo8,[아이온2 이스라펠] 기룡왕의 가더 제작하기로 결정,2026-02-18T11:19:22Z,8174.0,False,26012,43.0,1.0
3421,UC0-ZCUCeCQBwKU15x0Aqk_g,멘파,Z0q1DH583c8,260221 지렁이게임,2026-02-21T20:43:03Z,5141.0,False,24263,442.0,6.0
3421,UC0-ZCUCeCQBwKU15x0Aqk_g,멘파,DkKXkfBXOqE,아이온2 무과금으로 기룡왕의 가더 제작,2026-02-24T05:00:14Z,73.0,False,364885,1598.0,530.0
3421,UC0-ZCUCeCQBwKU15x0Aqk_g,멘파,sD3lO66TBLU,[아이온2 이스라펠] 죽으라는 법은 없다/이게뜨네,2026-02-27T19:03:24Z,17657.0,False,2297,17.0,2.0
3421,UC0-ZCUCeCQBwKU15x0Aqk_g,멘파,jLZNCEvZows,260228 1부 지렁이게임 / 2부 아이온2,2026-02-28T17:29:59Z,11539.0,False,37663,450.0,2.0
3421,UC0-ZCUCeCQBwKU15x0Aqk_g,멘파,J0h30hehfvw,260228 1부 지렁이게임 / 2부 아이온2,2026-03-01T19:24:41Z,16625.0,False,59884,479.0,1.0
3421,UC0-ZCUCeCQBwKU15x0Aqk_g,멘파,nBN7XrLpxRo,[아이온2 이스라펠] 루드라심장 잠재력 강화로 사기됐네연,2026-03-04T06:20:19Z,19821.0,False,2483,24.0,4.0
3421,UC0-ZCUCeCQBwKU15x0Aqk_g,멘파,vdUtsx1IDqA,260307 지렁이게임,2026-03-07T19:49:40Z,18356.0,False,53132,438.0,1.0
3421,UC0-ZCUCeCQBwKU15x0Aqk_g,멘파,KYXyHN8_Tdw,260309 지렁이게임,2026-03-09T16:19:35Z,6776.0,False,27618,250.0,1.0
3421,UC0-ZCUCeCQBwKU15x0Aqk_g,멘파,dQRqvYpLdZI,260314 1부 지렁이게임,2026-03-14T17:38:24Z,11872.0,False,1987,79.0,1.0
3421,UC0-ZCUCeCQBwKU15x0Aqk_g,멘파,SPwKTLWlcHk,260315 1부 지렁이게임/ 2부 낙원(좀비생존),2026-03-15T17:42:52Z,12040.0,False,34919,227.0,3.0
3421,UC0-ZCUCeCQBwKU15x0Aqk_g,멘파,l-ppQ5kt-OU,260322 지렁이게임,2026-03-22T16:11:19Z,5643.0,False,58674,316.0,1.0
3421,UC0-ZCUCeCQBwKU15x0Aqk_g,멘파,bd1vTswMqm0,260328 지렁이게임,2026-03-28T16:48:11Z,7848.0,False,42418,243.0,3.0
3421,UC0-ZCUCeCQBwKU15x0Aqk_g,멘파,MLXQv_lc_aA,260329 지렁이게임,2026-03-29T17:18:49Z,9262.0,False,58837,561.0,1.0
3421,UC0-ZCUCeCQBwKU15x0Aqk_g,멘파,MGc81zi7KMU,260404 지렁이게임 사이다 1등,2026-04-04T18:31:05Z,15569.0,False,64979,494.0,5.0
3421,UC0-ZCUCeCQBwKU15x0Aqk_g,멘파,1lRY5wZ9AiQ,260405 지렁이게임,2026-04-05T18:39:38Z,14866.0,False,3452,129.0,3.0
3421,UC0-ZCUCeCQBwKU15x0Aqk_g,멘파,LqeJ8vaNYIk,260411 1부 지렁이게임 / 2부 아이온2,2026-04-11T19:51:33Z,18568.0,False,1652,56.0,1.0
3421,UC0-ZCUCeCQBwKU15x0Aqk_g,멘파,4Av_rsm0eno,260412 지렁이게임,2026-04-12T18:25:05Z,3833.0,False,1857,87.0,4.0
3421,UC0-ZCUCeCQBwKU15x0Aqk_g,멘파,mdriuFxSH2s,260418 1부 지렁이게임 / 2부 아이온2,2026-04-18T22:14:07Z,25437.0,False,16824,245.0,3.0
3421,UC0-ZCUCeCQBwKU15x0Aqk_g,멘파,nJjqdZZlYHM,260425 1부 지렁이게임 2부 아이온2 마도성,2026-04-25T16:08:38Z,7705.0,False,29682,254.0,1.0
3421,UC0-ZCUCeCQBwKU15x0Aqk_g,멘파,cfalM_TxBzM,260426 지렁이게임,2026-04-26T17:12:13Z,9973.0,False,27121,306.0,4.0
3421,UC0-ZCUCeCQBwKU15x0Aqk_g,멘파,pO34kRV2sSo,[공포게임 SKULL HOTEL] 무서움을 모르는 남쟈,2026-04-29T01:31:42Z,3973.0,False,1336,64.0,7.0
3421,UC0-ZCUCeCQBwKU15x0Aqk_g,멘파,b-zJDEHbLeA,[공포게임] 아파트 407호,2026-05-01T02:21:54Z,5379.0,False,2319,101.0,8.0
3421,UC0-ZCUCeCQBwKU15x0Aqk_g,멘파,rbiw4BXpPms,260503 지렁이게임,2026-05-03T19:15:42Z,17100.0,False,42885,430.0,4.0
3421,UC0-ZCUCeCQBwKU15x0Aqk_g,멘파,Hrc_6S3O6-o,공포게임..ib,2026-05-05T15:38:02Z,8351.0,False,3628,131.0,5.0
3421,UC0-ZCUCeCQBwKU15x0Aqk_g,멘파,4yAAZ5UVafc,공포게임 IB [2부],2026-05-08T01:00:32Z,3203.0,False,806,37.0,2.0
3421,UC0-ZCUCeCQBwKU15x0Aqk_g,멘파,74emaeQZjHM,260509 지렁이이이잉 [1등+ 사이다],2026-05-09T17:46:23Z,12268.0,False,41299,400.0,3.0
3421,UC0-ZCUCeCQBwKU15x0Aqk_g,멘파,QBxI841SqRc,260516 지렁이게임,2026-05-16T14:21:59Z,,False,36,12.0,0.0
3422,UCzDmGDR5RdahQkLCBoWlTEg,FC 온라인 Esports,RElrLv8Y1pY,FSL 데이터가 증명한 최고의 공격수 TOP 5,2026-03-26T09:00:00Z,84.0,False,17802,149.0,8.0
3422,UCzDmGDR5RdahQkLCBoWlTEg,FC 온라인 Esports,bp9sruCuDzI,[풀버전] GRAND FINAL BFX NoiZ 스페셜 | 개인 화면 + 코치 보이스 공개 (vs GCT wonder08),2026-03-27T09:30:00Z,4150.0,False,3622,48.0,11.0
3422,UCzDmGDR5RdahQkLCBoWlTEg,FC 온라인 Esports,rN7ZDPP8Kec,| 일타봉쌤 | 이 선수는 쓰면 안된다고요?! 우승자가 싹 다 알려줌 | 26년 봄 시즌,2026-03-28T09:00:00Z,1039.0,False,55066,549.0,84.0
3422,UCzDmGDR5RdahQkLCBoWlTEg,FC 온라인 Esports,CDTpjAy1QQQ,이 팀컬러는 쓰지 마세요,2026-03-28T09:10:00Z,47.0,True,73619,294.0,15.0
3422,UCzDmGDR5RdahQkLCBoWlTEg,FC 온라인 Esports,Sizi4so_SjU,FSL 선수들이 증명한 필수 카드 TOP5,2026-03-28T11:00:00Z,74.0,False,15833,201.0,4.0
3422,UCzDmGDR5RdahQkLCBoWlTEg,FC 온라인 Esports,rUFzUg79k7E,재평가가 시급한 '그' 선수,2026-03-29T03:00:00Z,54.0,True,25526,138.0,4.0
3422,UCzDmGDR5RdahQkLCBoWlTEg,FC 온라인 Esports,nssmUoTqfRQ,호-호-굴 중에 1등은?,2026-03-29T09:00:00Z,53.0,True,68390,296.0,6.0
3422,UCzDmGDR5RdahQkLCBoWlTEg,FC 온라인 Esports,5BKK6qH72gA,넥스트 필드 후 공격수 TOP5,2026-04-03T03:00:05Z,44.0,True,46315,201.0,11.0
3422,UCzDmGDR5RdahQkLCBoWlTEg,FC 온라인 Esports,6zNR-n-SkjM,"12차 넥스트필드, 이렇게 해야 이깁니다 | 내부자들 | EP.4 코치들의 비하인드 | 2026 FSL SPRING",2026-04-03T09:00:14Z,1412.0,False,16156,289.0,96.0
3422,UCzDmGDR5RdahQkLCBoWlTEg,FC 온라인 Esports,4t0PuFte4dQ,역대급 전술 패치,2026-04-03T09:15:00Z,43.0,True,10337,49.0,0.0
3422,UCzDmGDR5RdahQkLCBoWlTEg,FC 온라인 Esports,CMn6K2PedJM,패치후 고급여 골키퍼의 현실,2026-04-04T03:00:24Z,34.0,True,75889,365.0,50.0
3422,UCzDmGDR5RdahQkLCBoWlTEg,FC 온라인 Esports,kybr850iOdk,"DAY 1 | WINNERS' ROUND 1 | MATCH 1, 2 | 2026 FTB SPRING | FC 온라인",2026-04-04T15:19:10Z,13471.0,False,17805,83.0,12.0
3422,UCzDmGDR5RdahQkLCBoWlTEg,FC 온라인 Esports,wsDmTAnA3SE,"2부 리그 맛보고, 더 강해져서 돌아왔다! BFX vs DNS | DAY 1 | 2026 FTB SPRING | FC 온라인",2026-04-04T16:01:32Z,913.0,False,18317,57.0,11.0
3422,UCzDmGDR5RdahQkLCBoWlTEg,FC 온라인 Esports,O1t_XC92twM,가장 확실한 득점 공식,2026-04-04T16:10:00Z,62.0,False,15574,104.0,0.0
3422,UCzDmGDR5RdahQkLCBoWlTEg,FC 온라인 Esports,Wln-5Fxma-g,게임이 흥하려면? 중거리가 살아야 한다,2026-04-05T03:00:29Z,36.0,True,83753,436.0,128.0
3422,UCzDmGDR5RdahQkLCBoWlTEg,FC 온라인 Esports,pi9pG0QRoSg,넥스트 필드 후 수비수 TOP5,2026-04-05T03:00:50Z,40.0,True,61796,310.0,40.0
3422,UCzDmGDR5RdahQkLCBoWlTEg,FC 온라인 Esports,3X0w0MxU-bs,뉴메타 공격의 교과서,2026-04-05T06:00:06Z,62.0,False,14704,70.0,5.0
3422,UCzDmGDR5RdahQkLCBoWlTEg,FC 온라인 Esports,Rksepj3nZ4s,"DAY 2 | LOSERS' ROUND 1 | MATCH 1, 2 | 2026 FTB SPRING | FC 온라인",2026-04-05T11:55:10Z,14891.0,False,15597,63.0,10.0
3422,UCzDmGDR5RdahQkLCBoWlTEg,FC 온라인 Esports,JXmv77mN_84,오늘의 메인 이벤트⚽ 개인전 챔피언 vs 4-1-2-3 귄위자! BFX vs NS | DAY 2 | 2026 FTB SPRING | FC 온라인,2026-04-05T14:00:33Z,1089.0,False,20300,62.0,29.0
3422,UCzDmGDR5RdahQkLCBoWlTEg,FC 온라인 Esports,VCdiMZ6DQTc,"이제, 대세가 될 전술",2026-04-05T14:10:00Z,59.0,True,19591,105.0,4.0
3422,UCzDmGDR5RdahQkLCBoWlTEg,FC 온라인 Esports,-S-5c5JfYpE,반다이크는 공격수다,2026-04-06T03:00:00Z,53.0,True,15051,88.0,6.0
3422,UCzDmGDR5RdahQkLCBoWlTEg,FC 온라인 Esports,7JTA7w2p2x4,패치 후 수비수 특성,2026-04-09T09:00:07Z,45.0,True,24676,96.0,8.0
3422,UCzDmGDR5RdahQkLCBoWlTEg,FC 온라인 Esports,bIXY32m6Q58,패치 후 공격수 특성,2026-04-10T09:01:01Z,46.0,True,16054,86.0,4.0
3422,UCzDmGDR5RdahQkLCBoWlTEg,FC 온라인 Esports,MGGlGjypPBE,수비를 함락시키는 시원한 넛맥 퍼레이드! GCT vs DNS | DAY 3 | 2026 FTB SPRING | FC 온라인,2026-04-11T13:10:00Z,1027.0,False,19529,60.0,30.0
3422,UCzDmGDR5RdahQkLCBoWlTEg,FC 온라인 Esports,10Mu70G9Idc,4-1-2-3 쓰러 갑니다,2026-04-11T13:20:00Z,58.0,True,26325,141.0,7.0
3422,UCzDmGDR5RdahQkLCBoWlTEg,FC 온라인 Esports,VTWyKP6y-I0,"DAY 3 | WINNERS' ROUND 2 | MATCH 1, 2 | 2026 FTB SPRING | FC 온라인",2026-04-11T23:16:45Z,12351.0,False,17363,92.0,18.0
3422,UCzDmGDR5RdahQkLCBoWlTEg,FC 온라인 Esports,ez8bULodkDo,넛맥 만렙들이 보여줍니다,2026-04-12T03:00:53Z,60.0,True,14384,76.0,6.0
3422,UCzDmGDR5RdahQkLCBoWlTEg,FC 온라인 Esports,R6d932V0jcE,"골⚽때리는 UTA의 박스 안, 침투 권법! KRX vs KT | DAY 4 | 2026 FTB SPRING | FC 온라인",2026-04-12T13:50:00Z,1223.0,False,17564,53.0,27.0
3422,UCzDmGDR5RdahQkLCBoWlTEg,FC 온라인 Esports,AHMPeONdpBU,"연구 완료, 공격 비법 공개",2026-04-12T14:00:14Z,43.0,True,15559,44.0,2.0
3422,UCzDmGDR5RdahQkLCBoWlTEg,FC 온라인 Esports,Qmp9TTpIOLQ,"DAY 4 | LOSERS' ROUND 2 | MATCH 1, 2 | 2026 FTB SPRING | FC 온라인",2026-04-13T00:28:50Z,13856.0,False,13745,60.0,5.0
3422,UCzDmGDR5RdahQkLCBoWlTEg,FC 온라인 Esports,iu_D1HNFfAk,4-1-2-3 삼형제,2026-04-13T03:00:48Z,66.0,False,17401,121.0,1.0
3422,UCzDmGDR5RdahQkLCBoWlTEg,FC 온라인 Esports,fFE5jQihvtU,"패치 완벽 적응, 1티어 득점법",2026-04-15T09:01:02Z,48.0,True,19242,80.0,2.0
3422,UCzDmGDR5RdahQkLCBoWlTEg,FC 온라인 Esports,QKKKzRmHpr0,새로운 메타가 만든 FTB 명장면,2026-04-16T09:00:40Z,53.0,True,17094,68.0,6.0
3422,UCzDmGDR5RdahQkLCBoWlTEg,FC 온라인 Esports,qz0kzrs3WTc,DAY 5 | LOSERS’/WINNERS' ROUND 3 | 2026 FTB SPRING | FC 온라인,2026-04-18T13:30:39Z,14236.0,False,19240,113.0,4.0
3422,UCzDmGDR5RdahQkLCBoWlTEg,FC 온라인 Esports,RNNAx_msVko,믿고 보는 티젠전! 팀의 운명이 걸린 대혈투 T1 vs GCT | DAY 5 | 2026 FTB SPRING | FC 온라인,2026-04-18T14:10:02Z,1236.0,False,25551,69.0,26.0
3422,UCzDmGDR5RdahQkLCBoWlTEg,FC 온라인 Esports,CwCKqGQU5BQ,지금 메타 이 선수 못 막습니다,2026-04-18T14:20:00Z,61.0,False,17831,100.0,4.0
3422,UCzDmGDR5RdahQkLCBoWlTEg,FC 온라인 Esports,RkZgDypDe7g,내가 나갈게,2026-04-19T03:00:36Z,82.0,False,73835,633.0,12.0
3422,UCzDmGDR5RdahQkLCBoWlTEg,FC 온라인 Esports,wO4QUGf5cTY,DAY 6 | GRAND FINAL & LOSERS' FINALS | 2026 FTB SPRING | FC 온라인,2026-04-19T12:23:17Z,19830.0,False,32516,172.0,19.0
3422,UCzDmGDR5RdahQkLCBoWlTEg,FC 온라인 Esports,sV89JPwQwS8,우승을 원하는 세 팀의 분노의 질주🏃‍♂️ KT vs T1 vs GCT | DAY 6 | 2026 FTB SPRING | FC 온라인,2026-04-19T14:40:00Z,1234.0,False,19134,89.0,48.0
3422,UCzDmGDR5RdahQkLCBoWlTEg,FC 온라인 Esports,GIPTA1BlJJ0,알아도 당하는 심리전,2026-04-19T14:50:01Z,67.0,False,19200,80.0,3.0
3422,UCzDmGDR5RdahQkLCBoWlTEg,FC 온라인 Esports,BtD2xZGPhfM,역대급으로 짜릿했던 결승전,2026-04-20T03:00:26Z,100.0,False,77312,381.0,16.0
3422,UCzDmGDR5RdahQkLCBoWlTEg,FC 온라인 Esports,T0eevWzZ4Ug,T1 선수들이 뽑은 1티어 메타픽,2026-04-22T12:30:48Z,53.0,True,14590,117.0,151.0
3422,UCzDmGDR5RdahQkLCBoWlTEg,FC 온라인 Esports,jvVXV_rBmXk,[풀버전] GEN CITY 개인 화면 + 코치 보이스 공개 (vs T1) | 2026 FTB SPRING GRAND FINAL,2026-04-23T09:01:08Z,5139.0,False,11742,133.0,97.0
3422,UCzDmGDR5RdahQkLCBoWlTEg,FC 온라인 Esports,9kvrv8dTIrk,GCT 선수들이 고른 1티어 메타 정리,2026-04-23T10:00:13Z,82.0,False,16837,241.0,94.0
3422,UCzDmGDR5RdahQkLCBoWlTEg,FC 온라인 Esports,CQZbDTBJAmw,PSG 원톱 이걸로 종결합니다,2026-04-29T09:00:17Z,33.0,True,37536,237.0,13.0
3422,UCzDmGDR5RdahQkLCBoWlTEg,FC 온라인 Esports,mLrDuuetmxs,메타가 선택한 무결점 스트라이커,2026-04-30T10:29:48Z,43.0,True,27316,162.0,26.0
3422,UCzDmGDR5RdahQkLCBoWlTEg,FC 온라인 Esports,Rp2wzMBiO8Q,레알 마드리드 딱 4가지만 기억하세요,2026-05-06T09:30:25Z,39.0,True,28056,166.0,8.0
3422,UCzDmGDR5RdahQkLCBoWlTEg,FC 온라인 Esports,gyLUH2ZV9Qc,레알 마드리드 금액별 스쿼드,2026-05-07T09:00:52Z,50.0,True,16980,183.0,6.0
3422,UCzDmGDR5RdahQkLCBoWlTEg,FC 온라인 Esports,WYUH1LpHFwU,바이에른 뮌헨 원톱 논쟁 종결!,2026-05-13T10:40:12Z,39.0,True,21873,155.0,16.0
3422,UCzDmGDR5RdahQkLCBoWlTEg,FC 온라인 Esports,LnrRqimIBnc,1위 팀컬러 리버풀 원톱 종결!,2026-05-15T09:00:28Z,41.0,True,9050,65.0,8.0
3423,UCprxjd4bxAiNAxg947wvrmA,무결의 VR게임,q1U9ZWR8sLs,신VR) 내가 만든 모든 대륙이 최첨단 도시가 되었습니다ㄷㄷ [데이심 업데이트 최종화],2021-09-28T10:00:32Z,645.0,False,8334,108.0,25.0
3423,UCprxjd4bxAiNAxg947wvrmA,무결의 VR게임,-xmeF72t3yA,나 혼자 VR로 막장 애니메이션 만드는 방법ㅋㅋ #Shorts,2021-09-29T11:00:01Z,51.0,True,3420,118.0,6.0
3423,UCprxjd4bxAiNAxg947wvrmA,무결의 VR게임,KtM5f8q8_Qc,사딸라를 VR로 1인 3역 애니메이션 만들어봄ㅋㅋ #Shorts,2021-10-01T10:00:27Z,48.0,True,4444,125.0,10.0
3423,UCprxjd4bxAiNAxg947wvrmA,무결의 VR게임,9VBWVlQrYDU,휴대용 선풍기로 커플 죽이기(x) 살리기 VR게임! [Wind Wind],2021-10-04T10:34:57Z,488.0,False,4173,66.0,12.0
3423,UCprxjd4bxAiNAxg947wvrmA,무결의 VR게임,g5xd9F-I-FI,우주에서 내가 소행성 날리고 직접 맞아보기?! #Shorts,2021-10-05T10:00:05Z,58.0,True,2833,70.0,5.0
3423,UCprxjd4bxAiNAxg947wvrmA,무결의 VR게임,YVYSb-bYbH0,좀비 막으려고 입구에 칼 15자루 박으면 생기는 일ㅋㅋ #Shorts,2021-10-07T10:15:02Z,39.0,True,2335,67.0,2.0
3423,UCprxjd4bxAiNAxg947wvrmA,무결의 VR게임,9u7-hCRkQT0,관광버스 도로 롤러코스터 급으로 만들기?!ㅋㅋ [Detour Bus Demo],2021-10-08T10:01:56Z,462.0,False,3600,62.0,10.0
3423,UCprxjd4bxAiNAxg947wvrmA,무결의 VR게임,4yddEwWBtsQ,VR로 1인2역 막장 병원 상황극 애니메이션 찍는 방법ㅋㅋ #Shorts,2021-10-09T10:00:04Z,59.0,True,4905,160.0,5.0
3423,UCprxjd4bxAiNAxg947wvrmA,무결의 VR게임,ao3g5Dk5eIo,VR로 1인2역 개막장 감옥 애니메이션 만드는 방법ㅋㅋ #Shorts,2021-10-11T10:00:03Z,60.0,True,2923,92.0,1.0
3423,UCprxjd4bxAiNAxg947wvrmA,무결의 VR게임,lGFS25_jk6I,아날로그 시계를 666으로 맞추면 생기는 일 ㅎㄷㄷ #Shorts,2021-10-14T10:00:30Z,53.0,True,2979,87.0,2.0
3423,UCprxjd4bxAiNAxg947wvrmA,무결의 VR게임,eU64OOf94ec,VR실험! 망치에 부스터를 달면 진짜 더 강해질까?!ㅋㅋ #Shorts,2021-10-15T10:00:21Z,60.0,True,3923,110.0,9.0
3423,UCprxjd4bxAiNAxg947wvrmA,무결의 VR게임,vMa787AHIy8,VR로 직접 나루토에 나올법한 인술들을 쓸 수 있다면?! [어센딩 도조VR 데모],2021-10-16T10:00:24Z,573.0,False,6871,103.0,9.0
3423,UCprxjd4bxAiNAxg947wvrmA,무결의 VR게임,47J9Fmgbd60,오징어게임VR에서 외국인 달고나 만들라 협박하기ㅋㅋ #Shorts,2021-10-18T10:06:37Z,28.0,True,5114,149.0,4.0
3423,UCprxjd4bxAiNAxg947wvrmA,무결의 VR게임,4vIBE1WerKI,오징어게임VR?! 내 손으로 죽음의 달고나를 ㄷㄷ; [REC ROOM],2021-10-19T10:00:02Z,605.0,False,12894,180.0,24.0
3423,UCprxjd4bxAiNAxg947wvrmA,무결의 VR게임,6u8_AVfJgn4,역대 VR게임 중 제일 막장 액션게임ㅋㅋ 술집액션! #Shorts,2021-10-21T10:00:02Z,42.0,True,4154,108.0,7.0
3423,UCprxjd4bxAiNAxg947wvrmA,무결의 VR게임,P0HwYU5VOZk,꿀잼! 집 주인 TV보는 동안 집 털어버리는 2인조 도둑VR [The Break In Demo],2021-10-22T10:00:12Z,486.0,False,9411,145.0,19.0
3423,UCprxjd4bxAiNAxg947wvrmA,무결의 VR게임,piWmhQudXFg,게리모드VR에서 관짝소년단이랑 맞짱뜨면 생기는 일 #Shorts,2021-10-24T10:00:31Z,20.0,True,9026,183.0,3.0
3423,UCprxjd4bxAiNAxg947wvrmA,무결의 VR게임,5D2xGQoUX5s,외국인들과 오징어게임VR로 징검다리 건너기?! [REC ROOM],2021-10-26T10:00:04Z,469.0,False,14934,180.0,16.0
3423,UCprxjd4bxAiNAxg947wvrmA,무결의 VR게임,xwJg1mqC414,무료 성인용 VR게임이라고 무시했다가 끝까지 했습니다.. [Iragon : Prologue],2021-11-02T10:00:24Z,541.0,False,20055,175.0,26.0
3423,UCprxjd4bxAiNAxg947wvrmA,무결의 VR게임,dL7josRdfjQ,타이밍 맞춰 블럭을 쌓았더니 우주까지 올라가는 VR게임?! [MoveUp],2021-11-15T10:00:14Z,643.0,False,6770,88.0,25.0
3423,UCprxjd4bxAiNAxg947wvrmA,무결의 VR게임,JaQvjWzHgDI,평행우주VR?! 스파이더맨의 멀티버스를 직접 체험 해봤음! [Entangled],2021-12-20T10:00:08Z,517.0,False,10661,126.0,39.0
3423,UCprxjd4bxAiNAxg947wvrmA,무결의 VR게임,nR3zDmYgWGI,"내가 회사에서 직원들 ""싸대기""를 때리는 이유?! [Slappy Board]",2022-02-14T10:00:28Z,480.0,False,11347,180.0,31.0
3423,UCprxjd4bxAiNAxg947wvrmA,무결의 VR게임,jLVOYoxgi9k,스파이VR! 무려 수백명을 독가스로 학살하려는 '그놈들' (한글번역) [I Expect You To Die 2 / 1화],2022-02-15T10:00:32Z,599.0,False,4341,78.0,11.0
3423,UCprxjd4bxAiNAxg947wvrmA,무결의 VR게임,qQ4deU48P2w,초호화 개인 제트기에 초대 받았는데 뭔가 이상하다..? (한글번역) [I Expect You To Die 2 / 2화],2022-02-16T10:00:04Z,710.0,False,4636,74.0,11.0
3423,UCprxjd4bxAiNAxg947wvrmA,무결의 VR게임,wBbgyLYxpco,최첨단 마스크로 대통령 사칭해서 핵 쏘려는 놈들 ㄷㄷ; (한글번역) [I Expect You To Die / 3화],2022-02-17T10:00:33Z,805.0,False,3802,54.0,9.0
3423,UCprxjd4bxAiNAxg947wvrmA,무결의 VR게임,mu8d1ycekOs,적진 한가운데서 똑똑하게 '핵 가방' 훔치는 방법?! (한글번역) [I Expect You To Die / 4화],2022-02-18T10:00:21Z,738.0,False,3572,63.0,10.0
3423,UCprxjd4bxAiNAxg947wvrmA,무결의 VR게임,C8yWfpNpo78,갑분몰카?! 여태까지의 스파이 활동은 대체 뭐였지..?! (한글번역) [I Expect You To Die / 5화],2022-02-19T10:00:04Z,637.0,False,4201,72.0,7.0
3423,UCprxjd4bxAiNAxg947wvrmA,무결의 VR게임,C5AuHaZ3GRw,'핵' 터지기 2초전에 내가 선택한 최후의 결정은..? (한글번역) [I Expect You To Die / 최종화],2022-02-20T10:00:08Z,824.0,False,5261,74.0,18.0
3423,UCprxjd4bxAiNAxg947wvrmA,무결의 VR게임,hCvDzxU0-7c,마녀 시뮬레이터VR?! 일본 애니 속에 주인공 느낌 ㄷㄷ; [Little Witch Academia VR],2022-02-22T11:10:41Z,428.0,False,3533,71.0,10.0
3423,UCprxjd4bxAiNAxg947wvrmA,무결의 VR게임,4bVkW9Agqe4,노래 더럽게 못 부르는 음치 해적단(?) 잡으러 갑니다ㅋㅋ [Furious Seas VR],2022-02-25T10:00:04Z,512.0,False,4661,76.0,11.0
3423,UCprxjd4bxAiNAxg947wvrmA,무결의 VR게임,YatB1FJFTwY,VR로 혼자 만들었다는 기괴한 애드립 1인2역 인형극ㅋㅋ #Shorts,2022-02-28T09:00:13Z,36.0,True,8239,295.0,22.0
3423,UCprxjd4bxAiNAxg947wvrmA,무결의 VR게임,FSY65d2BOWQ,개꿀잼 상황극! 마인드쇼 망하고 더 쩌는 VR게임 나옴ㅋㅋ [Puppet Play VR],2022-03-04T10:33:34Z,497.0,False,19835,312.0,52.0
3423,UCprxjd4bxAiNAxg947wvrmA,무결의 VR게임,eXUCD50dE7k,개꿀잼 상황극! 육식 공룡 가수를 좋아한 여고생팬의 최후?!ㅋㅋㅋ [Puppet Play VR],2022-03-25T10:00:32Z,439.0,False,13160,174.0,18.0
3423,UCprxjd4bxAiNAxg947wvrmA,무결의 VR게임,TcxEvWIj6lc,지금까지 해본 야구 VR게임 중 진짜 제일 재밌습니다ㅋㅋ [Totally Baseball],2022-03-28T10:00:23Z,489.0,False,10576,93.0,15.0
3423,UCprxjd4bxAiNAxg947wvrmA,무결의 VR게임,ZItKzMk4C0Y,지우학 고구마 장면을 VR애니로 바꿔서 만들어보았다?!ㅋㅋ [Puppet Play],2022-04-02T10:00:30Z,240.0,False,9435,111.0,23.0
3423,UCprxjd4bxAiNAxg947wvrmA,무결의 VR게임,AUeUtaraANc,VR로 만든 1인2역 막장 육식공룡 콘서트장 상황극ㅋㅋ #Shorts,2022-04-04T09:30:05Z,54.0,True,6885,217.0,6.0
3423,UCprxjd4bxAiNAxg947wvrmA,무결의 VR게임,0q9Bu6SEYAY,VR로 지우학 고구마장면 바꿔보았습니다. #Shorts,2022-04-04T09:32:45Z,25.0,True,9765,143.0,8.0
3423,UCprxjd4bxAiNAxg947wvrmA,무결의 VR게임,fHyz3ikjRIQ,1인3역으로 만든 '예쁘면 다냐?!' 막장 VR애니ㅋㅋ [Puppet Play],2022-04-06T10:00:32Z,232.0,False,10218,160.0,19.0
3423,UCprxjd4bxAiNAxg947wvrmA,무결의 VR게임,FJ3ivGR27t8,개노답 파티가 보물상자를 여는 방법?! 1인4역 VR애니ㅋㅋ [Puppet Play],2022-04-09T11:00:07Z,284.0,False,6284,89.0,19.0
3423,UCprxjd4bxAiNAxg947wvrmA,무결의 VR게임,Ixbe7gpeDO0,농구 기계 하려고 오락실 갈 필요가 없네ㅋㅋㅋ (사실 그게 더 재밌음) [In da Hoop VR],2022-04-16T10:00:08Z,538.0,False,4462,60.0,8.0
3423,UCprxjd4bxAiNAxg947wvrmA,무결의 VR게임,ETbf5GvKlXM,케이브디거2 VR! 이젠 광산에서 총 쏘고 몬스터도 잡음ㅋㅋㅋ [CAVE DIGGER 2 VR],2022-04-22T10:00:09Z,645.0,False,6138,78.0,13.0
3423,UCprxjd4bxAiNAxg947wvrmA,무결의 VR게임,GF1uYi6_Oq4,신VR) 내가 창조한 인간이 왕국을 세워서 전쟁까지?!ㅋㅋ [데이심 업데이트],2022-04-27T10:00:14Z,440.0,False,11756,149.0,13.0
3423,UCprxjd4bxAiNAxg947wvrmA,무결의 VR게임,1URkr9syezM,탄지로가 에너지파 쏴서 루피 죽이는 VR게임?!ㅋㅋ [Blade and Sorcery],2022-05-07T10:00:01Z,316.0,False,13112,132.0,23.0
3423,UCprxjd4bxAiNAxg947wvrmA,무결의 VR게임,0NA2Nn5iMTU,원펀맨 캐릭터에 VR모드까지 완벽해지는 생기는 일ㅋㅋ [블레이드 앤 소서리 모드],2022-05-16T10:00:00Z,365.0,False,16282,177.0,16.0
3423,UCprxjd4bxAiNAxg947wvrmA,무결의 VR게임,0KuP6KyM5pA,닥터 스트레인지가 프레디의 피자가게에 가면 생기는 일?! [블레이드 앤 소서리 모드],2022-05-20T10:00:01Z,306.0,False,18133,236.0,31.0
3423,UCprxjd4bxAiNAxg947wvrmA,무결의 VR게임,YegEnF3EcdY,이제는 발로 밟아 죽일 수도 있습니다ㅋㅋ [블레이드 앤 소서리 풀트래킹],2022-05-27T10:00:28Z,233.0,False,8285,114.0,18.0
3423,UCprxjd4bxAiNAxg947wvrmA,무결의 VR게임,qFDQwtwFX_c,닥스가 해리포터 지팡이를 주우면 생기는 일ㅋㅋ [블레이드 앤 소서리 모드],2022-06-14T10:00:27Z,304.0,False,12806,123.0,17.0
3423,UCprxjd4bxAiNAxg947wvrmA,무결의 VR게임,kReuvZa__0Y,스파이더맨에게 만능 툴건이 있으면 생기는 일ㅋㅋ [BoneWorks Mods],2022-07-16T01:00:09Z,383.0,False,10899,107.0,15.0
3423,UCprxjd4bxAiNAxg947wvrmA,무결의 VR게임,IR9t9e_6x-A,VR세상 속에 인간 10명과 허기워기 10마리를 풀었더니?! [본웍스VR 모드],2022-07-28T10:14:34Z,310.0,False,14680,136.0,19.0
3423,UCprxjd4bxAiNAxg947wvrmA,무결의 VR게임,C84Ku35hyNQ,요즘 핫한 VR게임이래서 해봤는데.. 지리긴 하네ㅋㅋ [Kayak VR : Mirage],2022-08-13T10:30:03Z,236.0,False,46710,388.0,1622.0
3424,UC7qzaxgXSbOBtjv4ppGDsxg,화니의 주방,u9pf9cajaFg,[화니 온 에어]  병아리콩으로 콩국수를~! (With 닌자 블렌더),2025-07-19T23:31:52Z,5508.0,False,973,32.0,5.0
3424,UC7qzaxgXSbOBtjv4ppGDsxg,화니의 주방,w5R7CUOd7sk,나무화살 카본화살 차이점은?,2025-07-20T23:47:00Z,103.0,False,2974,44.0,8.0
3424,UC7qzaxgXSbOBtjv4ppGDsxg,화니의 주방,xdtUnDgJv00,내 손으로 직접 만들어보자! 태국요리 소셜쿠킹 모임~!  / 화니의주방 / 크리에이터 / 늄냠TV,2025-07-24T07:37:33Z,413.0,False,498,34.0,6.0
3424,UC7qzaxgXSbOBtjv4ppGDsxg,화니의 주방,5YMejOWBs9E,"톰얌꿍, 팟타이, 쏨땀, 파인애플 볶음밥 등등~ 태국요리를 만들어 볼까요? 토요식탁과 함께 맛난 요리!",2025-07-24T07:37:48Z,43.0,True,822,8.0,0.0
3424,UC7qzaxgXSbOBtjv4ppGDsxg,화니의 주방,kySJgcOnyz8,[화니의 주방X마이나슈TV] 떡볶이~! 이젠 저염저당으로 맛있게 즐겨보세요~! / 화니의주방,2025-07-25T04:56:49Z,180.0,False,11015,66.0,8.0
3424,UC7qzaxgXSbOBtjv4ppGDsxg,화니의 주방,eyG67VFxyZE,원주까지 원정 가서 활을 쏘다~! ZERT 아처리~! / 프랑스 전투식량 /  화니의주방  / 늄냠TV,2025-07-29T11:14:38Z,668.0,False,643,35.0,23.0
3424,UC7qzaxgXSbOBtjv4ppGDsxg,화니의 주방,txkibLro0lA,한국판 28년후? 좀비군단과 궁사들의 싸움!,2025-07-29T11:15:30Z,26.0,True,2238,10.0,0.0
3424,UC7qzaxgXSbOBtjv4ppGDsxg,화니의 주방,hCbskEEjEc4,홍콩식 에그타르트 만들어 봅시다~!  / 베이킹 / 디저트 화니의주방 / 크리에이터 / 늄냠TV,2025-07-31T14:00:36Z,485.0,False,76709,50.0,7.0
3424,UC7qzaxgXSbOBtjv4ppGDsxg,화니의 주방,meaeLVxxkPE,[화니 온 에어]  냉제육과 냉면~ 함께 만들어요~!,2025-07-31T23:42:35Z,5473.0,False,497,29.0,5.0
3424,UC7qzaxgXSbOBtjv4ppGDsxg,화니의 주방,_PeAzRcjAqU,세상에.. 이게 고기야 미라야? 먹을 수 있어?  #오늘도요리 #레시피 #요리로그 #화니의주방 #육포,2025-08-05T14:42:06Z,55.0,True,2574,11.0,2.0
3424,UC7qzaxgXSbOBtjv4ppGDsxg,화니의 주방,Bt6bAjN7CcA,마카오 쿠키~ '호도소' 이야기 / 홍콩쿠키 / 에그타르트 / 중국과자 / 화니의주방 / 크리에이터 / 늄냠TV,2025-08-16T12:14:07Z,1197.0,False,17521,49.0,7.0
3424,UC7qzaxgXSbOBtjv4ppGDsxg,화니의 주방,Ri9YvjTEkKo,Try Everything 2025~! 9월 11~12일날 만나요~!,2025-08-21T00:46:38Z,89.0,False,1814,18.0,0.0
3424,UC7qzaxgXSbOBtjv4ppGDsxg,화니의 주방,878p3WdjWMg,커리부어스트~ 만들어 볼까요? / 맥주안주 / 소시지 요리 / 일상요리  / 화니의주방 / 크리에이터 / 늄냠TV,2025-08-26T09:22:14Z,190.0,False,829,34.0,10.0
3424,UC7qzaxgXSbOBtjv4ppGDsxg,화니의 주방,uhSOwuAgpPA,간단한 소시지 안주 커리 부어스트~! 함께 만들어 볼까요?,2025-08-26T09:46:12Z,100.0,False,2132,25.0,3.0
3424,UC7qzaxgXSbOBtjv4ppGDsxg,화니의 주방,rUAIuB4PK-M,세남자의 '요리사담(料理私談)' #1  / 황진선 셰프 / 조광효 셰프 / 만찢남 / 흑백요리사 / 화니의주방,2025-08-31T14:46:05Z,2138.0,False,1008,63.0,6.0
3424,UC7qzaxgXSbOBtjv4ppGDsxg,화니의 주방,fdKG1XTy7xE,똠얌쿵에 대한 중식셰프님들의 생각은?,2025-09-01T12:32:09Z,106.0,False,1982,23.0,0.0
3424,UC7qzaxgXSbOBtjv4ppGDsxg,화니의 주방,kBExfq6KFbo,신난다! 드라이 아이스다~~ #cooking,2025-09-03T01:02:26Z,57.0,True,617,8.0,0.0
3424,UC7qzaxgXSbOBtjv4ppGDsxg,화니의 주방,kEDomQma9kw,중식 쉐프님이 알려주시는 맛있는 '베스' 요리법!,2025-09-04T01:41:46Z,69.0,False,1946,15.0,0.0
3424,UC7qzaxgXSbOBtjv4ppGDsxg,화니의 주방,REWXW6LbmWY,낭만이 넘치는 낚시터!,2025-09-08T06:25:41Z,181.0,False,3095,18.0,5.0
3424,UC7qzaxgXSbOBtjv4ppGDsxg,화니의 주방,9346SXjWT98,요린이도 환영 베트남 요리 만들기 모임~!!  / 쌀국수 / 반세오 / 월남쌈 / 화니의주방 / 크리에이터 / 늄냠TV,2025-09-09T08:56:51Z,516.0,False,573,32.0,3.0
3424,UC7qzaxgXSbOBtjv4ppGDsxg,화니의 주방,p-NigO4f7hw,세남자의 '요리사담(料理私談)' #2  / 황진선 셰프 / 조광효 셰프 / 만찢남 / 흑백요리사 / 화니의주방,2025-09-16T11:17:43Z,1833.0,False,692,33.0,1.0
3424,UC7qzaxgXSbOBtjv4ppGDsxg,화니의 주방,K32Q5rJGG4A,중식 셰프님이 방문하신 고량주 공방 이야기,2025-09-24T02:25:33Z,117.0,False,1822,12.0,2.0
3424,UC7qzaxgXSbOBtjv4ppGDsxg,화니의 주방,Eh5fYI0P3qA,스타트업을 위한 큰 축제! 'Try Everything 2025' / DDP / 화니의주방 / 크리에이터 / 늄냠TV,2025-09-25T11:09:57Z,952.0,False,192,15.0,2.0
3424,UC7qzaxgXSbOBtjv4ppGDsxg,화니의 주방,sfpbHMX2yYk,OTT 많이 보시나요? 그럼 좋은 선택!! 유플러스 너겟!,2025-09-26T13:31:24Z,86.0,False,1697,13.0,0.0
3424,UC7qzaxgXSbOBtjv4ppGDsxg,화니의 주방,b_h8O7pfyMU,이렇게 이쁜 빵칼 봤어요?,2025-09-30T14:53:51Z,95.0,False,1330,22.0,2.0
3424,UC7qzaxgXSbOBtjv4ppGDsxg,화니의 주방,Oni0TSG017g,'건빵(HardTack)'과 그의 친구들~! 이야기 / 전투식량 / Ship biscuit / 비스코티 / 화니의주방 / 크리에이터 / 늄냠TV,2025-10-08T11:29:23Z,1683.0,False,20287,34.0,6.0
3424,UC7qzaxgXSbOBtjv4ppGDsxg,화니의 주방,n8_RAISMz54,로봇이 활을 쏜다구? '2025 서울 AI 로봇쇼' 방문기 / 로봇경기 / AI / 화니의주방 / 크리에이터 / 늄냠TV,2025-10-10T09:11:12Z,753.0,False,392,12.0,3.0
3424,UC7qzaxgXSbOBtjv4ppGDsxg,화니의 주방,MO6WefMAqGU,가츠오부시 쇠고기 버전이 이미 있다구요?,2025-10-11T13:03:39Z,101.0,False,3324,22.0,4.0
3424,UC7qzaxgXSbOBtjv4ppGDsxg,화니의 주방,JpqInr9eFJM,홍콩의 명물과자  '제니쿠키!' 이야기 / 제니 베이커리 / Cookie / 홍콩쿠키 / 화니의주방 / 크리에이터 / 늄냠TV,2025-10-13T10:16:12Z,1099.0,False,11469,43.0,2.0
3424,UC7qzaxgXSbOBtjv4ppGDsxg,화니의 주방,pKhR4L2e7GM,화니의 '호도쿠키 추억'편 / 늑대식당 / 베이커리 / 서바이벌 / 프레퍼 / 화니의주방 / 크리에이터 / 늄냠TV,2025-10-19T14:04:18Z,1534.0,False,7495,47.0,13.0
3424,UC7qzaxgXSbOBtjv4ppGDsxg,화니의 주방,sFvSvKuH_0g,세남자의 '요리사담(料理私談)' #3  / 황진선 셰프 / 조광효 셰프 / 만찢남 / 흑백요리사 / 화니의주방,2025-10-30T10:18:41Z,1442.0,False,1489,41.0,5.0
3424,UC7qzaxgXSbOBtjv4ppGDsxg,화니의 주방,-EWBrI7tFEk,이것은 좀비영화인가? 글쎄요~~!,2025-10-31T13:47:18Z,147.0,False,1925,11.0,2.0
3424,UC7qzaxgXSbOBtjv4ppGDsxg,화니의 주방,BTAReD3keN8,한국에서 정통 중국요리를 보기 힘든 이유는? #중국요리 #중식,2025-11-08T11:52:35Z,117.0,False,2400,27.0,3.0
3424,UC7qzaxgXSbOBtjv4ppGDsxg,화니의 주방,wpFNAPsityo,아니 이게 뭐에요? 미라인가? 먹을수 있는거에요?,2025-11-16T15:06:24Z,24.0,True,1949,10.0,0.0
3424,UC7qzaxgXSbOBtjv4ppGDsxg,화니의 주방,nGK6XBgn-zc,송화단 좋아하시나요? 이거 직접 만들수도 있어요!,2025-11-24T00:35:38Z,91.0,False,1806,20.0,0.0
3424,UC7qzaxgXSbOBtjv4ppGDsxg,화니의 주방,erR5xMClO0g,딱딱하게 건조된 고기로 요리를??,2025-11-30T00:15:30Z,117.0,False,6169,52.0,3.0
3424,UC7qzaxgXSbOBtjv4ppGDsxg,화니의 주방,iXn2lgJiCck,옛날 중식당에서는 이런 조미료(혹은 맛술)을 사용했어요~!,2025-12-07T23:26:19Z,150.0,False,2727,18.0,1.0
3424,UC7qzaxgXSbOBtjv4ppGDsxg,화니의 주방,OZKrR_uoeAU,술 마신 다음날에는 해장을 해야죠~!,2025-12-14T13:54:27Z,98.0,False,3128,26.0,0.0
3424,UC7qzaxgXSbOBtjv4ppGDsxg,화니의 주방,ptk6fIiHQBE,지식도 재산이다! '2025 지식재산대전' 방문기 / 발명특허대전 / 상표·디자인권전 / 화니의주방 / 크리에이터 / 늄냠TV,2025-12-24T14:24:47Z,800.0,False,13112,27.0,3.0
3424,UC7qzaxgXSbOBtjv4ppGDsxg,화니의 주방,xkYoRjJTKNM,"크리스마스, 대림절은 끝났지만~ 슈톨렌은 맛있어요!",2025-12-26T05:25:59Z,31.0,True,1100,17.0,3.0
3424,UC7qzaxgXSbOBtjv4ppGDsxg,화니의 주방,Xr4C5WQDNZs,2025 서울콘에 어서 오세요~!!!,2026-01-05T14:22:37Z,84.0,False,699,9.0,0.0
3424,UC7qzaxgXSbOBtjv4ppGDsxg,화니의 주방,X86OOSViVq0,'2026 신규콘텐츠' 이야기 / 양고기짜장 / K푸드 / 화니의주방 / 크리에이터 / 늄냠TV,2026-01-22T11:05:40Z,179.0,False,1224,40.0,11.0
3424,UC7qzaxgXSbOBtjv4ppGDsxg,화니의 주방,0baitvGM7xU,제주도 레드향 현지 라이브 1부,2026-01-29T01:46:20Z,45.0,True,76,4.0,0.0
3424,UC7qzaxgXSbOBtjv4ppGDsxg,화니의 주방,KPUKgE3jLdg,"레드향, 한라봉 현지 라이브 1부",2026-01-29T16:34:30Z,5669.0,False,266,8.0,0.0
3424,UC7qzaxgXSbOBtjv4ppGDsxg,화니의 주방,Vmlgelqx5mE,"레드향, 한라봉 제주 현지 라이브 2부",2026-01-29T19:33:26Z,4565.0,False,268,13.0,0.0
3424,UC7qzaxgXSbOBtjv4ppGDsxg,화니의 주방,VOpzOQRGlrw,제주 레드향&한라봉 라이브 3,2026-01-30T22:32:28Z,4351.0,False,325,20.0,1.0
3424,UC7qzaxgXSbOBtjv4ppGDsxg,화니의 주방,w14VMxNwR4I,저 바깥에는 뭐가 있을까?,2026-03-03T15:28:05Z,38.0,True,1766,9.0,3.0
3424,UC7qzaxgXSbOBtjv4ppGDsxg,화니의 주방,rseG6F5g-AA,여기! 우리가 있다고 살려줘어~!,2026-03-10T04:07:34Z,33.0,True,2191,7.0,0.0
3424,UC7qzaxgXSbOBtjv4ppGDsxg,화니의 주방,0X_11P6x5-M,물 안차가워요? 난 못들어가겠어! / 레드불 스노우 스플래시,2026-03-24T23:55:44Z,85.0,False,10087,42.0,1.0
3424,UC7qzaxgXSbOBtjv4ppGDsxg,화니의 주방,6KPLMcsilw0,밥보다는 역시 과자죠~ 아니 과자배가 따로 있어요.,2026-04-28T00:26:05Z,60.0,True,1016,17.0,1.0
3425,UC__DzFJxR5EaaFwG46_xHcQ,박형준의 생각TV,7iOhsZAUgVc,"전국 최초, 부산이 처음! 국토교통부 승인으로 노후계획도시 정비 본격 추진",2026-04-09T05:45:34Z,89.0,False,5922,75.0,43.0
3425,UC__DzFJxR5EaaFwG46_xHcQ,박형준의 생각TV,nJWI2bx9ta4,[LIVE] 박형준 부산광역시장 후보 출마선언 기자회견 / 2026.04.27. 오후 2시 30분 부산시의회 브리핑룸,2026-04-27T17:56:43Z,1214.0,False,718,27.0,15.0
3425,UC__DzFJxR5EaaFwG46_xHcQ,박형준의 생각TV,aK_lwYRUdVY,부산 차별! 시민 홀대! 320만 부산 시민의 염원인 부산발전특별법 즉각 통과! #shorts,2026-04-28T06:26:07Z,38.0,True,1952,71.0,16.0
3425,UC__DzFJxR5EaaFwG46_xHcQ,박형준의 생각TV,M53bPiuWyeQ,"국내 철수 막고 투자로 이끈 박형준의 힘, 중단 없는 발전으로 고용 창출! #shorts",2026-04-29T07:02:44Z,66.0,False,1491,50.0,19.0
3425,UC__DzFJxR5EaaFwG46_xHcQ,박형준의 생각TV,Ome8nQxpZD8,1호 공약 '청년 1억 됩니다'  10년 후 1억의 받을 청년에게...🎶 #shorts,2026-04-29T09:39:12Z,22.0,True,1988,55.0,5.0
3425,UC__DzFJxR5EaaFwG46_xHcQ,박형준의 생각TV,JmQYeAU9E_c,[LIVE] 박형준 부산광역시장 후보 대표공약 발표!,2026-04-29T14:14:55Z,2371.0,False,749,38.0,4.0
3425,UC__DzFJxR5EaaFwG46_xHcQ,박형준의 생각TV,U_Z8D48TzO0,"[미니 다큐멘터리] 부산 청년, 가능성의 무대!ㅣEP.1 #청년 #박형준",2026-04-30T05:52:50Z,339.0,False,366,33.0,7.0
3425,UC__DzFJxR5EaaFwG46_xHcQ,박형준의 생각TV,2FnSFMU-0EY,파크골프는 PARK 아입니까😎#shorts,2026-04-30T07:15:13Z,35.0,True,4301,96.0,16.0
3425,UC__DzFJxR5EaaFwG46_xHcQ,박형준의 생각TV,PPVYh4K48Pk,이제부터 부산 청년은 '억' 소리가 납니다ㅣ박형준 대표 공약 발표  (26.04.29),2026-04-30T12:32:00Z,78.0,False,739,39.0,24.0
3425,UC__DzFJxR5EaaFwG46_xHcQ,박형준의 생각TV,mMYB1Y9sum4,민주당의 대통령 죄 없애기 특검에 대해 국민들께 한마디 #shorts,2026-05-01T07:32:08Z,34.0,True,2479,105.0,24.0
3425,UC__DzFJxR5EaaFwG46_xHcQ,박형준의 생각TV,SS_sn2lFJcc,"보수, 시민, 국민 대통합으로 부산승리를 쟁취하겠습니다! / 박형준 부산시장 후보 선거사무소 개소식",2026-05-02T09:32:34Z,766.0,False,1802,97.0,164.0
3425,UC__DzFJxR5EaaFwG46_xHcQ,박형준의 생각TV,5GMhg4R9afA,우리 반드시 하나가 됩시다! #shorts,2026-05-02T09:52:02Z,53.0,True,3237,120.0,48.0
3425,UC__DzFJxR5EaaFwG46_xHcQ,박형준의 생각TV,Iu3pvk7mo-g,정관읍민분들을 만나뵙고 왔습니다 😊#shorts,2026-05-03T08:27:12Z,44.0,True,1770,72.0,14.0
3425,UC__DzFJxR5EaaFwG46_xHcQ,박형준의 생각TV,uV1F4vdGizc,"대통령 한마디에 깨갱, 김밥 옆구리 터지는 소리 그만!! #shorts",2026-05-03T11:36:15Z,31.0,True,3086,109.0,20.0
3425,UC__DzFJxR5EaaFwG46_xHcQ,박형준의 생각TV,aYoXnLi-mpQ,이재명 정부의 ‘구밀복검‘을 꼬집은 박형준! #shorts,2026-05-03T13:38:00Z,36.0,True,2131,90.0,13.0
3425,UC__DzFJxR5EaaFwG46_xHcQ,박형준의 생각TV,5NzSjDohDOw,우리는 원팀! 개소식 방문 모아보기👀 #shorts,2026-05-04T09:11:29Z,93.0,False,1493,64.0,6.0
3425,UC__DzFJxR5EaaFwG46_xHcQ,박형준의 생각TV,peokIbst8FI,부산을 지켜주는 아저씨 박형준입니다!🫡✨#shorts,2026-05-05T11:08:41Z,68.0,False,1860,108.0,24.0
3425,UC__DzFJxR5EaaFwG46_xHcQ,박형준의 생각TV,pN1SIKxYyAA,이재명 대통령이 왕입니까? '이재명 삭죄법' 강력규탄! | 2026.05.06 공소취소특검법 규탄 영남권 5개 시도지사 후보 긴급 기자회견,2026-05-06T07:37:19Z,195.0,False,34810,2087.0,372.0
3425,UC__DzFJxR5EaaFwG46_xHcQ,박형준의 생각TV,qFbkrNtiVg4,이재명 대통령의 셀프 공소 취소 특검법에 대한 생각은? #shorts,2026-05-06T08:31:58Z,49.0,True,2683,162.0,34.0
3425,UC__DzFJxR5EaaFwG46_xHcQ,박형준의 생각TV,Tg60-SoeZgc,퐁피두룰 재검토 하겠다는 전재수 후보의 발표에 대한 생각? #shorts,2026-05-06T10:18:23Z,63.0,False,2191,95.0,25.0
3425,UC__DzFJxR5EaaFwG46_xHcQ,박형준의 생각TV,5im4QzdM8Bo,[LIVE] 박형준 부산광역시장 후보 2호 공약 발표!,2026-05-07T17:42:20Z,1936.0,False,818,42.0,13.0
3425,UC__DzFJxR5EaaFwG46_xHcQ,박형준의 생각TV,SCSsXHAcf5Y,부산대 앞 청년상인분들과의 즐거운 디저트타임 💕 #shorts,2026-05-08T00:11:53Z,92.0,False,1292,62.0,5.0
3425,UC__DzFJxR5EaaFwG46_xHcQ,박형준의 생각TV,Guu2yfrdgrE,부산 시민을 대한민국 최고의 시민으로!ㅣ박형준 2호 공약 발표  (26.05.07),2026-05-08T01:08:28Z,127.0,False,608,58.0,30.0
3425,UC__DzFJxR5EaaFwG46_xHcQ,박형준의 생각TV,NkUr-O6IGVs,부산경남권역 청년의 목소리를 듣겠습니다 #shorts,2026-05-08T02:47:03Z,76.0,False,1198,82.0,6.0
3425,UC__DzFJxR5EaaFwG46_xHcQ,박형준의 생각TV,j7FA9F9sAcA,이재명 삭죄특검법 반대! 반드시 막아내겠습니다! #shorts,2026-05-08T07:39:42Z,36.0,True,1406,92.0,14.0
3425,UC__DzFJxR5EaaFwG46_xHcQ,박형준의 생각TV,1VSX3u1GERE,부산의 어버이분들을 만나뵈었습니다😊#shorts,2026-05-08T11:50:10Z,75.0,False,1916,85.0,6.0
3425,UC__DzFJxR5EaaFwG46_xHcQ,박형준의 생각TV,n8tsYwvC7V4,부전몰 상인 여러분의 따뜻한 말씀 감사합니다! shorts,2026-05-08T13:18:47Z,70.0,False,2048,99.0,26.0
3425,UC__DzFJxR5EaaFwG46_xHcQ,박형준의 생각TV,1p-IQz8HtPQ,나라를 지켜낸 영웅! 우리의 어버이 #shorts,2026-05-08T14:04:50Z,56.0,True,1317,81.0,11.0
3425,UC__DzFJxR5EaaFwG46_xHcQ,박형준의 생각TV,oEfEThPJLK4,일억..일억?! 박형주이가 아~들한테 일억 준다카든데? | 아지매TALK EP.1,2026-05-09T01:31:20Z,71.0,False,1073,60.0,28.0
3425,UC__DzFJxR5EaaFwG46_xHcQ,박형준의 생각TV,feJvNH1v7pY,"삭죄특검법 즉각 철회! 부산 시민의 뜻을 받들어, 이재명 정권과 끝까지 싸우겠습니다!",2026-05-09T09:30:32Z,121.0,False,1384,104.0,46.0
3425,UC__DzFJxR5EaaFwG46_xHcQ,박형준의 생각TV,BjkT-UG780I,활기찬 주말아침을 여는 시민분들을 만났습니다! 🎶 #shorts,2026-05-10T10:48:35Z,71.0,False,1514,82.0,13.0
3425,UC__DzFJxR5EaaFwG46_xHcQ,박형준의 생각TV,v2xzhCXv1Ro,부산을 월드클래스로!ㅣ박형준 3호 공약 발표 (26.05.11),2026-05-11T12:01:37Z,852.0,False,595,66.0,26.0
3425,UC__DzFJxR5EaaFwG46_xHcQ,박형준의 생각TV,B7xFlA8e_ig,개헌이 무슨 뚝딱 뚝딱? 의심스러운 합의 없는 개헌 #shorts,2026-05-11T12:36:13Z,39.0,True,1603,75.0,18.0
3425,UC__DzFJxR5EaaFwG46_xHcQ,박형준의 생각TV,MbevMaV3Qlg,"독재국가로 가는 길, 사법제도를 능욕하는 특검법",2026-05-12T06:50:36Z,35.0,True,1513,56.0,11.0
3425,UC__DzFJxR5EaaFwG46_xHcQ,박형준의 생각TV,6U47Mtyt2sQ,통일교 천정궁과 전재수의 비밀,2026-05-12T13:04:24Z,25.0,True,2061,104.0,30.0
3425,UC__DzFJxR5EaaFwG46_xHcQ,박형준의 생각TV,uPDqdCxrHpI,전재수 거짓말 어디까지? 수사결과에 있는데?,2026-05-12T14:18:49Z,25.0,True,2421,95.0,19.0
3425,UC__DzFJxR5EaaFwG46_xHcQ,박형준의 생각TV,_mzyjOjNNIU,[LIVE] 부산광역시장 선거 후보자 방송토론회(MBC) | 2026.05.12(화),2026-05-12T21:49:34Z,4441.0,False,2492,96.0,36.0
3425,UC__DzFJxR5EaaFwG46_xHcQ,박형준의 생각TV,VP912HW-9ug,부산에 10년 살믄 1억이 된다꼬?! | 아지매TALK EP.2,2026-05-13T02:27:42Z,62.0,False,330,43.0,32.0
3425,UC__DzFJxR5EaaFwG46_xHcQ,박형준의 생각TV,mDAJ2wolrQk,시정은 축적의 성과입니다 #shorts,2026-05-13T05:50:39Z,104.0,False,1463,109.0,24.0
3425,UC__DzFJxR5EaaFwG46_xHcQ,박형준의 생각TV,qQB0nnRct6Y,…제가요? 전 그렇게 말하지않았는데요 #shorts,2026-05-13T06:46:39Z,49.0,True,1746,83.0,18.0
3425,UC__DzFJxR5EaaFwG46_xHcQ,박형준의 생각TV,RFGajKNJYhI,팩트 확인은 안하셨나봐요🫢 #shorts,2026-05-13T08:14:33Z,45.0,True,1222,91.0,12.0
3425,UC__DzFJxR5EaaFwG46_xHcQ,박형준의 생각TV,OMZEvXZrfTE,"MOU로 증명된 투자유치, 팩트에 아무 말 못하는 전재수",2026-05-13T11:32:31Z,44.0,True,2774,116.0,9.0
3425,UC__DzFJxR5EaaFwG46_xHcQ,박형준의 생각TV,njISnpTqbo0,"부산형 AI! 부산의 미래 먹거리, 데이터산업과 AI로 만들겠습니다 | 박형준 4호 공약 발표 (26.05.13)",2026-05-14T01:00:45Z,928.0,False,874,64.0,59.0
3425,UC__DzFJxR5EaaFwG46_xHcQ,박형준의 생각TV,cANR0CQiFeU,후보 등록을 마쳤습니다 #shorts,2026-05-14T05:25:03Z,74.0,False,579,78.0,31.0
3425,UC__DzFJxR5EaaFwG46_xHcQ,박형준의 생각TV,RPwbc3m-QNc,청년들의 뜨거운 에너지 때문에 행복👍🏻☺️ #shorts,2026-05-14T12:35:51Z,52.0,True,1746,100.0,11.0
3425,UC__DzFJxR5EaaFwG46_xHcQ,박형준의 생각TV,lLD31ozLLF0,상권에 활력이 넘치는 부산! 박형준이 만들겠습니다👍🏻,2026-05-15T08:46:14Z,40.0,True,1880,82.0,17.0
3425,UC__DzFJxR5EaaFwG46_xHcQ,박형준의 생각TV,INO5f7xyRj8,세금 퍼주기 vs 진짜 1억 모아주기! '박형준의 복합소득'이 찐이다! 🧐 | 아지매TALK EP.3,2026-05-16T04:57:51Z,97.0,False,154,24.0,17.0
3425,UC__DzFJxR5EaaFwG46_xHcQ,박형준의 생각TV,C4cVc0ZPYEs,박형준의 대표공약이 부산청년들에게 필요한 이유!👀(Feat.부산권대학언론연합) #shorts,2026-05-16T07:16:43Z,67.0,False,1363,55.0,8.0
3425,UC__DzFJxR5EaaFwG46_xHcQ,박형준의 생각TV,Xb8aDho1zhA,부산 시민 한 분 한 분 부처님의 자비가 가득한 부산을 만들겠습니다. #shorts,2026-05-16T08:12:35Z,51.0,True,1053,36.0,7.0
3425,UC__DzFJxR5EaaFwG46_xHcQ,박형준의 생각TV,gVJmkdwU8hs,부산은 원팀! 반드시 승리하겠습니다 #shorts,2026-05-16T10:54:00Z,39.0,True,1040,62.0,13.0
3426,UC9GMEfRUdK1_jAySi7h-cDw,다리네TV,wV4hiOz3uec,[다리tv] 빵빵한 돼지 감성돔이 퍽퍽!!!  고기 많이 들어왔어요!!!,2025-11-22T00:40:07Z,921.0,False,17069,252.0,30.0
3426,UC9GMEfRUdK1_jAySi7h-cDw,다리네TV,U7ZCb_AZLHk,[다리tv]  지금 시기 짬낚으로 손맛 보기 좋은 방파제!!!,2025-11-23T21:00:35Z,541.0,False,27721,368.0,42.0
3426,UC9GMEfRUdK1_jAySi7h-cDw,다리네TV,OM9L2D8IxHs,[다리tv] 대박!!! 덩치급 감성돔 폭풍입질!!! 감성돔이 무서워요!! ㅎㅎ,2025-11-27T00:04:29Z,895.0,False,19885,294.0,63.0
3426,UC9GMEfRUdK1_jAySi7h-cDw,다리네TV,M3AwMeCuE_Y,[다리tv] 쉽게 잡자!!! 대물 감성돔!!! 칵5 낚시!!! '시즌on',2025-11-28T23:23:59Z,588.0,False,11283,212.0,43.0
3426,UC9GMEfRUdK1_jAySi7h-cDw,다리네TV,Q7VeZbdyKP0,[다리tv] 와! 한번 던지면 두마리!!! 포항 앞바다 난리남!!! 냉장고 채우러 ㄱㄱㄱ!!!,2025-12-01T00:35:20Z,511.0,False,9963,199.0,33.0
3426,UC9GMEfRUdK1_jAySi7h-cDw,다리네TV,dpM6vE5bRfo,[다리tv] 일년내내 고기가 잡히는!!! 1등 방파제!!! 고등어 전갱이 민장대!!!,2025-12-04T23:27:16Z,496.0,False,33295,476.0,75.0
3426,UC9GMEfRUdK1_jAySi7h-cDw,다리네TV,kWl75tuLxv4,[다리tv] 대물 감성돔 카고 낚시 완벽 준비 영상!!! 꼭 보시고 출조하세요!!!,2025-12-09T02:25:25Z,951.0,False,19700,232.0,38.0
3426,UC9GMEfRUdK1_jAySi7h-cDw,다리네TV,AWHkd5lghOM,[다리tv] 최고의 찬스!! 덩치급 감성돔 계속 들어오는 중!!!,2025-12-10T00:30:13Z,999.0,False,30726,379.0,56.0
3426,UC9GMEfRUdK1_jAySi7h-cDw,다리네TV,WBr4_mPK2MA,[다리tv] 와우!!! 시장급 고등어가 퍽퍽 하는 방파제!!!,2025-12-11T21:00:45Z,660.0,False,47292,569.0,81.0
3426,UC9GMEfRUdK1_jAySi7h-cDw,다리네TV,_Vc8z0jNfv4,"[다리tv] 낚시,주차,화장실!!! 이 정도면 완벽함!!! 전갱이,학꽁치, 감성돔!!",2025-12-15T22:52:05Z,508.0,False,42275,428.0,39.0
3426,UC9GMEfRUdK1_jAySi7h-cDw,다리네TV,zf4x0esbsas,[다리tv] 여기도!!! 학꽁치랑 전어가 바글바글!!!,2025-12-17T21:01:11Z,496.0,False,33507,403.0,40.0
3426,UC9GMEfRUdK1_jAySi7h-cDw,다리네TV,m_o-5K5_wq4,[다리tv] 와우 대박!! 떡전어가 바글바글한 방파제!!,2025-12-20T01:21:18Z,481.0,False,20693,295.0,46.0
3426,UC9GMEfRUdK1_jAySi7h-cDw,다리네TV,n4Pd_hqUcus,[다리tv] 대박!!! 형광등 학꽁치가 쏟아지는 방파제!!! 빨리 달리세요!!!,2025-12-22T23:07:43Z,498.0,False,40066,564.0,66.0
3426,UC9GMEfRUdK1_jAySi7h-cDw,다리네TV,uXOMMgUNGQk,[다리tv] 와!! 여기 물반 학꽁치반!!! 형광등 꽁치가 쏟아집니다!!!,2025-12-25T23:20:31Z,393.0,False,34136,430.0,48.0
3426,UC9GMEfRUdK1_jAySi7h-cDw,다리네TV,WheiWuJD_Yg,[다리tv] 딱!!! 지금만 먹을 수 있는 아주 귀하고 비싼 녀석 낚시!!! 새해인사!!^^,2026-01-03T00:17:11Z,365.0,False,6290,172.0,38.0
3426,UC9GMEfRUdK1_jAySi7h-cDw,다리네TV,8W8Vf5R2w08,[다리tv] 한눈 팔면!! 꼬라 박히는!!! 감성돔 카고 낚시 ㄱㄱㄱ!!!,2026-01-06T23:04:39Z,601.0,False,20155,294.0,69.0
3426,UC9GMEfRUdK1_jAySi7h-cDw,다리네TV,Xs9S5841OQ0,[다리tv] 여기는!! 감성돔 풍년!!! 덩치급 새 감성돔 엄청 들어옴!!!,2026-01-17T00:46:53Z,646.0,False,15277,257.0,45.0
3426,UC9GMEfRUdK1_jAySi7h-cDw,다리네TV,s7epwoW86PE,[다리tv] 재미난 손맛과!!! 최고의 맛!!! 한번에 즐겨봅시다!!! 시즌 ON!!!,2026-02-01T21:01:01Z,562.0,False,7367,154.0,42.0
3426,UC9GMEfRUdK1_jAySi7h-cDw,다리네TV,LG7vivbYGyM,[다리tv] 물반 전어반!!! 감성돔 잡는다고 이걸 몰랐다니!!! 후딱 잡아가세요!!,2026-02-13T23:47:53Z,36.0,True,5552,98.0,19.0
3426,UC9GMEfRUdK1_jAySi7h-cDw,다리네TV,bDybYPZGrkM,[다리tv]  바글바글!!! 역대급 싸이즈!!! 얼른 잡아가세요.. 던지면 물어요!!!,2026-02-21T22:59:00Z,536.0,False,10231,222.0,30.0
3426,UC9GMEfRUdK1_jAySi7h-cDw,다리네TV,XSvw2vNUfK8,[다리tv] 1년 365일 오직 도다리만 노림!! 도다리 몸살 날 정도로 잡는 곳!!!,2026-02-23T21:12:04Z,738.0,False,17671,292.0,66.0
3426,UC9GMEfRUdK1_jAySi7h-cDw,다리네TV,JmGVTTjA69I,[다리tv]  뭐든지 다잡는!!! 절대 꽝없는!!! 재미난 다잡아 낚시!!!,2026-02-27T02:07:14Z,616.0,False,8746,181.0,29.0
3426,UC9GMEfRUdK1_jAySi7h-cDw,다리네TV,EawPVT7Xnx8,[다리tv]  이건 뭐!! 그냥 퍼담는 낚시!!! 꽝 절대없음!!!,2026-02-28T21:00:24Z,583.0,False,26214,289.0,59.0
3426,UC9GMEfRUdK1_jAySi7h-cDw,다리네TV,Q6NOt-isTps,[다리tv] 늘~ 대물들이 퍽퍽하는!!! 감성돔 냉장고 댕기왔습니다!!!,2026-03-06T22:10:11Z,567.0,False,13455,213.0,33.0
3426,UC9GMEfRUdK1_jAySi7h-cDw,다리네TV,qGIOPQhe7S4,[다리tv] 대박!!! 돼지 전갱이가 나오는 섬!!! 4000원 섬 여행!!!,2026-03-12T10:51:58Z,627.0,False,51327,641.0,67.0
3426,UC9GMEfRUdK1_jAySi7h-cDw,다리네TV,EvH19i7B7n0,[다리tv] 주차하고 바로!!! 전어가 바글바글!!! 후딱 잡아가세요!!!,2026-03-14T23:23:35Z,500.0,False,18100,278.0,61.0
3426,UC9GMEfRUdK1_jAySi7h-cDw,다리네TV,xAJ_hdQrJFs,[다리tv] 대박!! 여기 학꽁치 엄청 들어옴!!! 준비해서 달리세요!!^^,2026-03-16T20:43:36Z,481.0,False,11991,234.0,38.0
3426,UC9GMEfRUdK1_jAySi7h-cDw,다리네TV,hSyyT2Ab8rE,[다리tv] 일년내내!! 전어가 바글바글한 방파제!!!,2026-03-17T09:56:55Z,452.0,False,29211,410.0,53.0
3426,UC9GMEfRUdK1_jAySi7h-cDw,다리네TV,9uG5y2ToJNo,[다리tv] 나홀로 캠낚!! 맛난 고기도 엄청 잡히는 곳!! 모든 낚시 가능함!!,2026-03-19T08:54:16Z,576.0,False,18596,319.0,36.0
3426,UC9GMEfRUdK1_jAySi7h-cDw,다리네TV,q1_uZzu27iY,[다리tv] 일년내내!! 맛난 횟감이 계속 잡히는 방파제!!! 양식장 앞!!!,2026-03-22T09:56:09Z,526.0,False,20141,316.0,32.0
3426,UC9GMEfRUdK1_jAySi7h-cDw,다리네TV,whntP4EMxjc,[다리tv] 왕 도다리가 쿨러조황 퍽퍽!!! 빈손으로 가셔도 되요!!^^,2026-03-25T09:01:16Z,666.0,False,18055,273.0,43.0
3426,UC9GMEfRUdK1_jAySi7h-cDw,다리네TV,hq3etnRqX7c,[다리tv] 역대급 학꽁치가 퍽퍽!!  생활낚시 끝판왕 해상펜션!!,2026-03-28T09:20:48Z,667.0,False,21500,287.0,27.0
3426,UC9GMEfRUdK1_jAySi7h-cDw,다리네TV,oQSgmsJB4DM,[다리tv] 발판 좋은 방파제!! 모든 생활낚시 어종 다이쏘!!!,2026-03-30T13:16:57Z,368.0,False,14563,292.0,41.0
3426,UC9GMEfRUdK1_jAySi7h-cDw,다리네TV,vvQeb0bly5g,[다리tv] 강력한 손맛!!! 봄 대물 낚시가 시작됩니다!!!,2026-03-31T08:34:18Z,763.0,False,14060,228.0,26.0
3426,UC9GMEfRUdK1_jAySi7h-cDw,다리네TV,WE-2_RINU44,"[다리tv]  초 강력!!! 초 경량!!! 카고,꼬라박기,대물 참돔 흘림낚시!!! 완벽 전용대 출시!!!",2026-04-03T00:06:17Z,649.0,False,7733,138.0,33.0
3426,UC9GMEfRUdK1_jAySi7h-cDw,다리네TV,OiUeDBxJDWw,[다리tv] 던지면 문다!! 바글바글!!! 동해 무료 낚시 공원!!!,2026-04-06T01:55:15Z,702.0,False,73444,793.0,117.0
3426,UC9GMEfRUdK1_jAySi7h-cDw,다리네TV,4p_2EYIl0vM,[다리tv] 던지면 퍽퍽!!! 지금 손맛 최고 방파제!!! 민장대 낚시!!!,2026-04-08T23:48:22Z,683.0,False,48522,700.0,64.0
3426,UC9GMEfRUdK1_jAySi7h-cDw,다리네TV,e-FVL5U1qbM,[다리tv] 쉼없는 손맛!! 민장대 타작 방파제!! 뱅에돔&감성돔!!,2026-04-11T09:00:42Z,492.0,False,21219,325.0,26.0
3426,UC9GMEfRUdK1_jAySi7h-cDw,다리네TV,UkNcvevJago,[다리tv] 주차하고 바로!!! 전갱이! 볼락! 큰놈! 민장대 생활낚시!!!,2026-04-14T21:28:01Z,499.0,False,56637,602.0,44.0
3426,UC9GMEfRUdK1_jAySi7h-cDw,다리네TV,YBa9NhKjHms,[다리tv] 와 대박!! 발앞에!! 빵빵한 뱅에돔들이 바글바글!!!  민장대 터집니다ㅎㅎ!,2026-04-16T21:30:14Z,626.0,False,43500,659.0,102.0
3426,UC9GMEfRUdK1_jAySi7h-cDw,다리네TV,uzpUBn-82VY,[다리tv] 무조건!! 무릎 꿇고 시작하는!! 전설의 대물터!!,2026-04-21T11:45:28Z,827.0,False,44382,495.0,48.0
3426,UC9GMEfRUdK1_jAySi7h-cDw,다리네TV,2q2RdlY_j8s,[다리tv] 소중한 장비 사망?! 이제는 선택이 아닌 필수!!! 낚시 장비 관리 끝판왕 염프로!!!,2026-04-23T02:01:25Z,751.0,False,5337,106.0,21.0
3426,UC9GMEfRUdK1_jAySi7h-cDw,다리네TV,DBW_RjOkgsQ,[다리tv] 대박!! 진짜 터졌어요!! 지금이 대찬스!! 요녀석은 나올때 잡아야합니다!!,2026-04-24T01:09:55Z,997.0,False,11565,210.0,38.0
3426,UC9GMEfRUdK1_jAySi7h-cDw,다리네TV,IlMKWZx0NbA,[다리tv] 와우!! 여기 방파제 너무 좋음!! 발앞에 퍽퍽!!!,2026-04-27T23:56:38Z,497.0,False,48513,554.0,72.0
3426,UC9GMEfRUdK1_jAySi7h-cDw,다리네TV,BJMhkrIS7B4,[다리tv] 누구나 가능!! 대물 참돔 낚시 완벽 준비물!!! 막대찌/꼬라박기 채비법!!!,2026-05-02T04:46:34Z,590.0,False,12144,179.0,18.0
3426,UC9GMEfRUdK1_jAySi7h-cDw,다리네TV,mH470hd4pus,[다리tv] 주차하고 바로!! 발앞에 호래기가 바글바글한 방파제!!,2026-05-04T23:39:06Z,501.0,False,48515,529.0,60.0
3426,UC9GMEfRUdK1_jAySi7h-cDw,다리네TV,v0p8UQ3P3rY,[다리tv] 퍽퍽!! 던지면 받아먹는 대물들!! 입질폭발!!,2026-05-09T04:11:32Z,827.0,False,17942,288.0,27.0
3426,UC9GMEfRUdK1_jAySi7h-cDw,다리네TV,T6CV2hMszdA,[다리tv] 잠시 주춤했던 한치!!! 따박따박 잘 올라옵니다!!! '낚고낚고' 동출!!!,2026-05-10T22:35:19Z,1053.0,False,8933,151.0,37.0
3426,UC9GMEfRUdK1_jAySi7h-cDw,다리네TV,Iwlx3u3EfRE,[다리tv] 절대 꽝 없는!! 재미난 낚시!! 고기 있는 곳이면 어디든!!,2026-05-14T20:40:48Z,524.0,False,16175,294.0,33.0
3426,UC9GMEfRUdK1_jAySi7h-cDw,다리네TV,Kf8c64-2I30,"[다리tv] 발판 편한 느나느나!! 민장대 훈련소!!! 뱅에, 볼락, 우럭!!",2026-05-15T22:00:30Z,492.0,False,9660,209.0,32.0
3427,UCTcqYBH11j4NZ3HuNrsa-jQ,판도라 상자,SIap_dI89eA,차가운 공기를 마시며 수능 장소로 향하는 당신께,2019-11-13T23:14:36Z,234.0,False,15419,292.0,45.0
3427,UCTcqYBH11j4NZ3HuNrsa-jQ,판도라 상자,_3L2CfthxF0,마음이 차분해지는 시간(아름다운 음악 + 편안한 빗소리),2020-12-10T09:01:19Z,10930.0,False,9461,192.0,24.0
3427,UCTcqYBH11j4NZ3HuNrsa-jQ,판도라 상자,xQxHTp6jBK8,마음이 편안해지는 시간(편안한 음악 + 물 떨어지는 소리),2020-12-14T18:19:47Z,7447.0,False,10153,152.0,24.0
3427,UCTcqYBH11j4NZ3HuNrsa-jQ,판도라 상자,s6Ad145hFnY,꿈나라로 떠날 준비되었나요(따뜻한 수면음악 + 잔잔한 빗소리),2020-12-20T12:29:47Z,11001.0,False,9325,176.0,37.0
3427,UCTcqYBH11j4NZ3HuNrsa-jQ,판도라 상자,mdWd9rYO1qw,눈이 오는 바다에서(편안한 음악 + 차분한 빗소리),2020-12-27T14:00:25Z,11096.0,False,8359,183.0,32.0
3427,UCTcqYBH11j4NZ3HuNrsa-jQ,판도라 상자,hNKBgvjjqek,맑은 하늘 해바라기 한송이(감미로운 음악 + 차분한 빗소리),2020-12-30T18:16:37Z,10945.0,False,5591,141.0,33.0
3427,UCTcqYBH11j4NZ3HuNrsa-jQ,판도라 상자,ntObwP8uUOg,내 마음에 들어온 너(아련한 음악 + 잔잔한 바람 소리),2021-01-02T23:31:39Z,11022.0,False,41852,622.0,43.0
3427,UCTcqYBH11j4NZ3HuNrsa-jQ,판도라 상자,fegVwsuQClk,"지친 당신에게 드리는 선물 🎵 공부할때, 힘들고 지칠때, 자기전에 들어보세요",2021-01-05T12:06:27Z,10956.0,False,7152,140.0,24.0
3427,UCTcqYBH11j4NZ3HuNrsa-jQ,판도라 상자,G5L7DQ7IWzM,추운 겨울 당신의 마음을 녹입니다(따뜻한 음악 + 차분한 물소리),2021-01-09T23:44:32Z,7381.0,False,15768,285.0,24.0
3427,UCTcqYBH11j4NZ3HuNrsa-jQ,판도라 상자,e3KIL-TP_u0,잠 못 이루는 당신에게(편안한 음악 + 잔잔한 빗소리),2021-01-14T17:09:24Z,7354.0,False,6612,150.0,26.0
3427,UCTcqYBH11j4NZ3HuNrsa-jQ,판도라 상자,HIh_AvVwOoo,잔잔한 수면 유도 음악 + 차분한 빗소리(내가 지나온 길),2021-01-20T13:44:43Z,10983.0,False,5668,125.0,19.0
3427,UCTcqYBH11j4NZ3HuNrsa-jQ,판도라 상자,yLQNeU5lI0I,시험공부 할때 듣는 음악(쉬지 않고 달려온 당신에게),2021-01-22T16:13:22Z,3760.0,False,7991,142.0,25.0
3427,UCTcqYBH11j4NZ3HuNrsa-jQ,판도라 상자,1dHaCfLbSFo,마음이 차분해지는 시간(천천히 가도 괜찮아),2021-01-26T15:33:10Z,7327.0,False,12229,247.0,32.0
3427,UCTcqYBH11j4NZ3HuNrsa-jQ,판도라 상자,DHWUI3ttyfM,새롭게 시작할때 듣는 음악(마음을 내려놓고 싶은 당신께),2021-01-30T16:47:08Z,3742.0,False,8126,162.0,40.0
3427,UCTcqYBH11j4NZ3HuNrsa-jQ,판도라 상자,ZVHvquIQ9Uw,마음이 심란할때 듣는 음악(현재 나에게 필요한 음악),2021-02-05T11:08:16Z,3635.0,False,14274,183.0,24.0
3427,UCTcqYBH11j4NZ3HuNrsa-jQ,판도라 상자,XmlAOoDJfLc,이 세상에 나 혼자라 느껴질때 들어보세요(집중 폭풍우 + 천둥소리),2021-02-06T16:51:40Z,3727.0,False,9417,191.0,32.0
3427,UCTcqYBH11j4NZ3HuNrsa-jQ,판도라 상자,xwhaa84LHFE,마음이 편안해지는 음악(나를 행복하게 하는 것),2021-02-11T21:46:29Z,7448.0,False,8742,120.0,12.0
3427,UCTcqYBH11j4NZ3HuNrsa-jQ,판도라 상자,582XZVLXdZc,깊은 바닷속에서(잔잔한 수면 음악 + 차분한 수중 소리),2021-02-20T08:35:34Z,7370.0,False,34856,544.0,41.0
3427,UCTcqYBH11j4NZ3HuNrsa-jQ,판도라 상자,4g-2BeAU4rE,한적하고 조용한 카페에서(편안한 음악 + 차분한 빗소리),2021-03-06T08:09:06Z,3845.0,False,7108,154.0,16.0
3427,UCTcqYBH11j4NZ3HuNrsa-jQ,판도라 상자,G4cIQv7NWaQ,마음이 불안할때 듣는 음악(새학기가 시작되는 학교에서),2021-03-14T06:34:07Z,7304.0,False,15002,269.0,33.0
3427,UCTcqYBH11j4NZ3HuNrsa-jQ,판도라 상자,4cJlTL47LnI,삶이 고달픈 나에게(아름다운 음악 + 텐트 빗소리) 1시간,2021-07-08T16:00:21Z,3632.0,False,6216,130.0,28.0
3427,UCTcqYBH11j4NZ3HuNrsa-jQ,판도라 상자,0weH6i5z53A,순수하고 맑은 영혼을 가진 라라 [메이플 라라 스토리] 졸음주의,2021-07-17T19:15:00Z,4262.0,False,3848,56.0,24.0
3427,UCTcqYBH11j4NZ3HuNrsa-jQ,판도라 상자,dOmYifos5uI,"달빛조각사 읽을때 듣는 음악🎵 몽환적인 판타지 음악, 차분한 빗소리",2021-08-15T06:19:11Z,10880.0,False,9290,182.0,20.0
3427,UCTcqYBH11j4NZ3HuNrsa-jQ,판도라 상자,cneiIBEnL1I,마음이 공허할때 듣는 음악(찬란했던 시간들),2022-04-16T19:22:16Z,4142.0,False,5185,95.0,23.0
3427,UCTcqYBH11j4NZ3HuNrsa-jQ,판도라 상자,xOpNpQ6cOsQ,시험공부 할때 듣는 음악(마음의 온도를 높이다),2022-04-23T21:31:37Z,3690.0,False,18140,154.0,23.0
3427,UCTcqYBH11j4NZ3HuNrsa-jQ,판도라 상자,0FnOVFXVw44,"비 내리는 날 티르코네일 마을 걷기(병아리, 닭, 양, 너구리 출현)",2022-08-02T23:34:12Z,1159.0,False,1555,27.0,7.0
3427,UCTcqYBH11j4NZ3HuNrsa-jQ,판도라 상자,Azm_bdGtzUg,비 오는 날 하루 종일 낚시를 하는 토끼 와 소녀,2022-08-06T19:47:33Z,3765.0,False,1713,30.0,8.0
3427,UCTcqYBH11j4NZ3HuNrsa-jQ,판도라 상자,U5_GHZTqM3g,썬콜 세계가 끝나는 곳 1-4 6분 사냥 1450마리,2022-08-29T06:50:14Z,286.0,False,2995,21.0,23.0
3427,UCTcqYBH11j4NZ3HuNrsa-jQ,판도라 상자,BBLHC2BUJkc,베짱이의 순회공연,2022-11-10T20:07:34Z,13632.0,False,2457,29.0,15.0
3427,UCTcqYBH11j4NZ3HuNrsa-jQ,판도라 상자,Jz9_8V07nhw,N수생분들을 위한 음악(현재 나에게 주어진 기회),2023-03-31T16:40:59Z,3818.0,False,4316,85.0,23.0
3427,UCTcqYBH11j4NZ3HuNrsa-jQ,판도라 상자,8J_k_EFRD5g,빛나는 숲에서 너를 기다리며(마음이 편안해지는 시간),2023-11-05T13:38:36Z,11139.0,False,3457,94.0,28.0
3427,UCTcqYBH11j4NZ3HuNrsa-jQ,판도라 상자,ShrxlwDyF6k,하염없이 눈 내리는 날(힘들때 들어보세요),2023-11-14T12:56:03Z,3919.0,False,2527,65.0,6.0
3427,UCTcqYBH11j4NZ3HuNrsa-jQ,판도라 상자,0gFt6kZcAkw,시험공부 할때 듣는 음악 모음(작은 별이지만 빛나고 있어),2023-11-15T13:35:52Z,3598.0,False,6926,77.0,23.0
3427,UCTcqYBH11j4NZ3HuNrsa-jQ,판도라 상자,dX_6PiAoVkY,마음이 편안해지는 음악 모음(아름다운 시간들),2024-03-09T13:14:45Z,1645.0,False,3196,58.0,25.0
3427,UCTcqYBH11j4NZ3HuNrsa-jQ,판도라 상자,o74tZkmOA_Q,시험공부 할때 듣는 음악 모음(변화가 필요할 때),2024-05-05T12:47:31Z,3100.0,False,2897,54.0,18.0
3427,UCTcqYBH11j4NZ3HuNrsa-jQ,판도라 상자,ITab4sCJBNU,마음이 편안해지는 음악 모음(다시 한번 빛 속으로),2025-06-24T15:31:20Z,2382.0,False,1018,34.0,34.0
3427,UCTcqYBH11j4NZ3HuNrsa-jQ,판도라 상자,Q75tsPniqfs,"바이올린, 피아노 음악(마음을 열고 싶을 때)",2025-07-26T08:03:42Z,3810.0,False,1275,29.0,10.0
3428,UCWXxoaQ9rUg-dw6W_ue-v0Q,1LLIONAIRE,BX853WjS9Cc,[M/V] Dok2 - StIll On My Way (feat. Zion.T),2015-08-23T14:11:09Z,253.0,False,3387492,21092.0,1038.0
3428,UCWXxoaQ9rUg-dw6W_ue-v0Q,1LLIONAIRE,nmOp4-Rq4Eo,ILLIONAIRE TOUR 2015 VLOG 2/2,2015-09-01T14:42:45Z,602.0,False,36757,446.0,45.0
3428,UCWXxoaQ9rUg-dw6W_ue-v0Q,1LLIONAIRE,gLQk5TE_6yc,Beenzino - Break [MV],2015-10-19T08:01:51Z,215.0,False,1648092,19314.0,966.0
3428,UCWXxoaQ9rUg-dw6W_ue-v0Q,1LLIONAIRE,5hGtyZ0X3Lo,The Quiett - 1 Life 2 Live [M/V],2015-12-19T14:11:09Z,259.0,False,577894,5627.0,374.0
3428,UCWXxoaQ9rUg-dw6W_ue-v0Q,1LLIONAIRE,Kn_1_6tqXZA,The Quiett - Your World [Official Video],2016-01-02T14:11:12Z,261.0,False,217801,4170.0,242.0
3428,UCWXxoaQ9rUg-dw6W_ue-v0Q,1LLIONAIRE,40JuU67X0DQ,The Quiett - Your World (Making Video),2016-01-04T14:11:09Z,213.0,False,31600,725.0,73.0
3428,UCWXxoaQ9rUg-dw6W_ue-v0Q,1LLIONAIRE,ixKjAjRqLXE,ILLIONAIRE TOUR CANADA 2015 VLOG,2016-01-07T14:11:06Z,537.0,False,25783,546.0,69.0
3428,UCWXxoaQ9rUg-dw6W_ue-v0Q,1LLIONAIRE,VuKWTHdUOOA,ILLIONAIRE DAY VLOG - LA & VEGAS 2015,2016-01-11T14:11:10Z,235.0,False,19041,435.0,46.0
3428,UCWXxoaQ9rUg-dw6W_ue-v0Q,1LLIONAIRE,Lg8bEIUvME4,Dok2 - Future Flame (Teaser),2016-02-11T14:11:07Z,29.0,True,13520,585.0,62.0
3428,UCWXxoaQ9rUg-dw6W_ue-v0Q,1LLIONAIRE,T-rNaRGGVLg,Dok2 - Future Flame [M/V],2016-02-12T14:11:04Z,234.0,False,888603,8766.0,596.0
3428,UCWXxoaQ9rUg-dw6W_ue-v0Q,1LLIONAIRE,VycZByvjXws,ILLIONAIRE 5th ANNIVERSARY CONCERT VLOG,2016-02-17T10:12:34Z,284.0,False,30488,621.0,54.0
3428,UCWXxoaQ9rUg-dw6W_ue-v0Q,1LLIONAIRE,xOJbpCuUpl8,The Quiett - Night Flight [M/V],2016-05-23T14:11:20Z,196.0,False,76034,1986.0,105.0
3428,UCWXxoaQ9rUg-dw6W_ue-v0Q,1LLIONAIRE,tylhJ3bQiIU,Beenzino - Life In Color [M/V],2016-05-27T06:21:25Z,226.0,False,98333,2159.0,93.0
3428,UCWXxoaQ9rUg-dw6W_ue-v0Q,1LLIONAIRE,eezNZitzSDM,Beenzino - January (Feat. YDG) [Teaser],2016-07-27T11:00:25Z,15.0,True,24350,438.0,23.0
3428,UCWXxoaQ9rUg-dw6W_ue-v0Q,1LLIONAIRE,rNnePxt7K-U,Beenzino - January (Feat. YDG) [M/V],2016-07-29T15:00:38Z,249.0,False,1818884,13503.0,848.0
3428,UCWXxoaQ9rUg-dw6W_ue-v0Q,1LLIONAIRE,Y58A3Lg8yRs,Beenzino - Time Travel [Teaser],2016-09-12T03:00:27Z,25.0,True,15064,421.0,32.0
3428,UCWXxoaQ9rUg-dw6W_ue-v0Q,1LLIONAIRE,E6Yp5eOAbks,Beenzino - Time Travel [M/V],2016-09-12T15:02:17Z,243.0,False,1122315,12007.0,625.0
3428,UCWXxoaQ9rUg-dw6W_ue-v0Q,1LLIONAIRE,AcXxNZGnUBc,Beverly 1lls (Remix) - Dok2 (Feat. The Quiett) [Teaser],2016-09-24T05:42:07Z,47.0,True,11034,381.0,45.0
3428,UCWXxoaQ9rUg-dw6W_ue-v0Q,1LLIONAIRE,1hHE3HMJlVc,Beverly 1lls (Remix) - Dok2 (Feat. The Quiett) [M/V],2016-09-24T14:11:37Z,258.0,False,551003,7290.0,484.0
3428,UCWXxoaQ9rUg-dw6W_ue-v0Q,1LLIONAIRE,5Fj8fGrEm10,김효은 - 상상 [M/V Teaser],2016-10-22T13:35:44Z,22.0,True,12673,405.0,36.0
3428,UCWXxoaQ9rUg-dw6W_ue-v0Q,1LLIONAIRE,9FgXkXXocxY,김효은 - 상상 [M/V],2016-10-29T11:08:47Z,198.0,False,77944,1622.0,148.0
3428,UCWXxoaQ9rUg-dw6W_ue-v0Q,1LLIONAIRE,jkpEF5K6NLM,[1LLIONAIRE DAY] NO Re$t Tour VLOG Ep.1,2016-11-11T06:06:13Z,459.0,False,26632,440.0,30.0
3428,UCWXxoaQ9rUg-dw6W_ue-v0Q,1LLIONAIRE,VXEKbiZcRJw,[1LLIONAIRE DAY] NO Re$t Tour VLOG Ep.3,2016-11-11T06:06:47Z,516.0,False,20753,297.0,27.0
3428,UCWXxoaQ9rUg-dw6W_ue-v0Q,1LLIONAIRE,wSnBU_SxyYU,[1LLIONAIRE DAY] NO Re$t Tour VLOG Ep.2,2016-11-11T06:06:47Z,481.0,False,18250,276.0,22.0
3428,UCWXxoaQ9rUg-dw6W_ue-v0Q,1LLIONAIRE,kF-cz3E-ORo,돈 벌 시간 3,2016-12-15T10:40:49Z,,False,0,0.0,0.0
3428,UCWXxoaQ9rUg-dw6W_ue-v0Q,1LLIONAIRE,tgHuEIbIeSA,Dok2 - 1LL Recognize 1LL,2017-01-10T04:19:06Z,25.0,True,24853,620.0,41.0
3428,UCWXxoaQ9rUg-dw6W_ue-v0Q,1LLIONAIRE,jFfRvbNhahk,[1llionaire Day] No Re$t Tour Vlog Ep. 4,2017-01-31T11:02:16Z,549.0,False,19165,391.0,40.0
3428,UCWXxoaQ9rUg-dw6W_ue-v0Q,1LLIONAIRE,F2czEh_q65Q,[1llionaire Day] Dok2 28th Birthday Celebration Concert,2017-03-30T11:11:32Z,301.0,False,100444,1135.0,105.0
3428,UCWXxoaQ9rUg-dw6W_ue-v0Q,1LLIONAIRE,pt_hUhp-tQU,Dok2 & The Quiett - CANADA TOUR 2017 Vlog Ep.1,2017-04-12T10:00:07Z,276.0,False,16426,330.0,24.0
3428,UCWXxoaQ9rUg-dw6W_ue-v0Q,1LLIONAIRE,Wyji2jWUZ14,Dok2 & The Quiett - CANADA TOUR 2017 Vlog Ep.2,2017-04-13T11:36:46Z,247.0,False,23784,374.0,26.0
3428,UCWXxoaQ9rUg-dw6W_ue-v0Q,1LLIONAIRE,9bdHSD31Ujk,Dok2 & The Quiett - HONG KONG TOUR 2017 Vlog,2017-05-01T11:00:03Z,536.0,False,33850,684.0,53.0
3428,UCWXxoaQ9rUg-dw6W_ue-v0Q,1LLIONAIRE,SFgyr0FdcuY,워럽 - Dok2 (Feat. 김효은) [M/V Teaser],2017-05-02T09:03:46Z,25.0,True,18052,393.0,34.0
3428,UCWXxoaQ9rUg-dw6W_ue-v0Q,1LLIONAIRE,OKdKzBQ6dZI,워럽 - Dok2 (Feat. 김효은) [M/V],2017-05-03T02:12:23Z,189.0,False,692927,6954.0,600.0
3428,UCWXxoaQ9rUg-dw6W_ue-v0Q,1LLIONAIRE,nit5V_K8uV4,Jazzyfact - 하루종일 [M/V],2017-05-29T03:00:02Z,231.0,False,2570426,23233.0,1393.0
3428,UCWXxoaQ9rUg-dw6W_ue-v0Q,1LLIONAIRE,ilWdPL2fKOE,Dok2 - S.M.T.M Shoot in L.A.,2017-08-04T09:09:37Z,335.0,False,81459,1914.0,148.0
3428,UCWXxoaQ9rUg-dw6W_ue-v0Q,1LLIONAIRE,A37JTUlU_Xo,1LL SUMMER 2017 VLOG,2017-09-11T14:00:47Z,259.0,False,21582,595.0,37.0
3428,UCWXxoaQ9rUg-dw6W_ue-v0Q,1LLIONAIRE,mo2E1KrZmxE,No Switchin' Sides,2017-11-11T14:11:49Z,252.0,False,111970,1529.0,146.0
3428,UCWXxoaQ9rUg-dw6W_ue-v0Q,1LLIONAIRE,2TN3MCIUcbM,Dok2 - CRAZY [M/V],2017-11-23T05:00:06Z,199.0,False,218179,5259.0,352.0
3428,UCWXxoaQ9rUg-dw6W_ue-v0Q,1LLIONAIRE,k5pudEIdHvQ,No Switchin' Sides [M/V],2018-01-29T09:00:07Z,253.0,False,655552,8585.0,838.0
3428,UCWXxoaQ9rUg-dw6W_ue-v0Q,1LLIONAIRE,HgxAfPt4JeI,The Quiett - brrr (Feat. BRADYSTREET) [Official Animation],2018-09-13T09:00:02Z,231.0,False,81895,1655.0,73.0
3428,UCWXxoaQ9rUg-dw6W_ue-v0Q,1LLIONAIRE,IK345B3BXqM,The Quiett “glow forever” 발매 기념 보물찾기의 현장,2018-09-16T15:17:26Z,671.0,False,32607,902.0,125.0
3428,UCWXxoaQ9rUg-dw6W_ue-v0Q,1LLIONAIRE,RA_q-LKHbOI,making of glow forever : the Byung Un session,2018-09-20T12:36:32Z,300.0,False,193338,4076.0,275.0
3428,UCWXxoaQ9rUg-dw6W_ue-v0Q,1LLIONAIRE,iCpytrvw-aU,"The Quiett - 멀리 (Feat. Hash Swan, 우원재)  [Official Music Video]",2018-12-16T14:15:05Z,231.0,False,383094,7045.0,491.0
3428,UCWXxoaQ9rUg-dw6W_ue-v0Q,1LLIONAIRE,6i7Q6SVMui8,The Quiett - f*k all that shit (Feat. Uneducated Kid) [Official Music Video],2018-12-23T09:01:06Z,216.0,False,1103232,12779.0,1173.0
3428,UCWXxoaQ9rUg-dw6W_ue-v0Q,1LLIONAIRE,bqO1O813FJg,The Quiett - glofo i [Official Music Video],2018-12-29T14:10:30Z,142.0,False,156271,3808.0,282.0
3428,UCWXxoaQ9rUg-dw6W_ue-v0Q,1LLIONAIRE,nEZ_kh20yOc,Beenzino - OKGO (Feat. E SENS) [Official Music Video],2019-05-08T09:00:07Z,233.0,False,2583732,22172.0,2087.0
3428,UCWXxoaQ9rUg-dw6W_ue-v0Q,1LLIONAIRE,SQx90gIZK4I,"The Quiett, Sik-K, Beenzino & CHANGMO - The Fearless Ones [Official Video]",2019-05-11T10:00:09Z,206.0,False,1028555,18422.0,1765.0
3428,UCWXxoaQ9rUg-dw6W_ue-v0Q,1LLIONAIRE,gdUDd5ioHAw,"Fadeaway - Jvcki Wai, Coogie, Paloalto, The Quiett & 뱃사공 [TEASER]",2020-05-28T09:00:16Z,35.0,True,50225,1190.0,112.0
3428,UCWXxoaQ9rUg-dw6W_ue-v0Q,1LLIONAIRE,IgbKTNfdpHY,"Fadeaway - Jvcki Wai, Coogie, Paloalto, The Quiett & 뱃사공",2020-05-29T09:00:07Z,204.0,False,273509,5151.0,754.0
3428,UCWXxoaQ9rUg-dw6W_ue-v0Q,1LLIONAIRE,zYMAUpr4WE4,The Quiett - BENTLEY 2 (feat. 염따) [Official Music Video],2020-11-11T14:11:08Z,261.0,False,1489570,19338.0,2468.0
3429,UCQe2v1aNQW5HLd-TXOxsXYw,셀프메이드 SELFMADE,4qjs5Zs_PLE,직장을 다니지 않고 억대 연봉 버는 방법 - 노마드 비즈니스맨 | 셀프메이드,2019-02-04T22:15:00Z,321.0,False,29490,678.0,14.0
3429,UCQe2v1aNQW5HLd-TXOxsXYw,셀프메이드 SELFMADE,0VTLz3VqxX0,10년 후...직장이 없는 시대가 온다 | 셀프메이드,2019-02-15T22:00:00Z,451.0,False,39748,723.0,62.0
3429,UCQe2v1aNQW5HLd-TXOxsXYw,셀프메이드 SELFMADE,vXm121lISXQ,습관 공부 5분만! 5분 투자로 평생 습관을 만드는 방법 | 셀프메이드,2019-02-19T06:33:54Z,427.0,False,76507,1793.0,82.0
3429,UCQe2v1aNQW5HLd-TXOxsXYw,셀프메이드 SELFMADE,DV3FLjq7x7A,상위 1%의 일 잘하는 방법 - 일 잘하는 사람은 단순하게 합니다 | 셀프메이드,2019-03-20T22:00:01Z,464.0,False,469615,13260.0,224.0
3429,UCQe2v1aNQW5HLd-TXOxsXYw,셀프메이드 SELFMADE,cK3ls16uMqI,(자막) 한번 꽂히면 떨어지지 않는 메세지를 만드는 6가지 방법 | 셀프메이드,2019-03-26T21:30:00Z,408.0,False,9584,288.0,10.0
3429,UCQe2v1aNQW5HLd-TXOxsXYw,셀프메이드 SELFMADE,AybaaN8eTaw,부자가 되려면 꼭 알아야 할 생각들 - 부자아빠 가난한아빠 | 셀프메이드,2019-03-28T21:00:02Z,304.0,False,14473,393.0,11.0
3429,UCQe2v1aNQW5HLd-TXOxsXYw,셀프메이드 SELFMADE,6cbDgRP1qMA,잘나가는 콘텐츠의 6가지 법칙 - 컨테이저스 | 셀프메이드,2019-04-07T11:30:56Z,436.0,False,18629,622.0,29.0
3429,UCQe2v1aNQW5HLd-TXOxsXYw,셀프메이드 SELFMADE,lXPLcHIMs4Q,월세보다 2배 받는 셰어하우스의 모든 것 | 셀프메이드,2019-04-15T06:27:07Z,395.0,False,7653,148.0,9.0
3429,UCQe2v1aNQW5HLd-TXOxsXYw,셀프메이드 SELFMADE,EutSd-3XkNE,90년생이 온다 | 셀프메이드,2019-04-17T02:54:48Z,399.0,False,15668,263.0,24.0
3429,UCQe2v1aNQW5HLd-TXOxsXYw,셀프메이드 SELFMADE,jWdh-b3oZX8,아주 작은 습관의 힘 | 셀프메이드,2019-04-27T03:25:09Z,358.0,False,22275,418.0,14.0
3429,UCQe2v1aNQW5HLd-TXOxsXYw,셀프메이드 SELFMADE,LE4JY78pSL0,몇 년 내 쇼핑경험은 완전히 바뀔것이다 - 아마존이 바꿔놓은 리테일의 미래 | 셀프메이드,2019-04-30T08:30:00Z,459.0,False,22100,435.0,18.0
3429,UCQe2v1aNQW5HLd-TXOxsXYw,셀프메이드 SELFMADE,jljsIuCYDGU,이 남자는 원래 무일푼 벽돌공이었습니다 | 셀프메이드,2019-05-03T08:00:02Z,442.0,False,11954,327.0,21.0
3429,UCQe2v1aNQW5HLd-TXOxsXYw,셀프메이드 SELFMADE,cx9xGyRBYTA,수많은 선택지 가운데 항상 최고의 답을 찾아내는 비법 | 셀프메이드,2019-05-07T21:15:01Z,468.0,False,12789,292.0,18.0
3429,UCQe2v1aNQW5HLd-TXOxsXYw,셀프메이드 SELFMADE,-QvfN7LXEf4,셀프메이드의 정체 + 앞으로 계획 feat. 유튜브 크리에이터 강의 공지 | 셀프메이드,2019-05-20T04:48:40Z,292.0,False,7436,206.0,31.0
3429,UCQe2v1aNQW5HLd-TXOxsXYw,셀프메이드 SELFMADE,aO5tZ0t7d84,사람이 매력적으로 변하는 자신감 키우는 법 | 셀프메이드,2019-05-27T09:03:48Z,453.0,False,44290,917.0,22.0
3429,UCQe2v1aNQW5HLd-TXOxsXYw,셀프메이드 SELFMADE,KhFJX0hyYwk,세계 최고의 마케터들이 묻는 질문 | 셀프메이드,2019-07-09T23:01:14Z,393.0,False,6396,153.0,21.0
3429,UCQe2v1aNQW5HLd-TXOxsXYw,셀프메이드 SELFMADE,HOi3RA4hA4w,돈을 끌어당기는 생각 습관 | 셀프메이드,2019-08-06T08:15:55Z,567.0,False,25839,574.0,17.0
3429,UCQe2v1aNQW5HLd-TXOxsXYw,셀프메이드 SELFMADE,lXG3xEmbKMQ,크리에이티브는 단련된다 | 셀프메이드,2019-08-21T08:32:53Z,447.0,False,8414,168.0,15.0
3429,UCQe2v1aNQW5HLd-TXOxsXYw,셀프메이드 SELFMADE,kkfQibn2vlI,당신의 기회는 누군가에게 사재기되고 있다 | 셀프메이드,2019-09-12T08:06:19Z,477.0,False,11798,222.0,20.0
3429,UCQe2v1aNQW5HLd-TXOxsXYw,셀프메이드 SELFMADE,hem8pocBsSM,'휠라'와 '모노클'이 가장 힙한 브랜드가 될 수 있었던 이유 | 셀프메이드,2019-09-18T07:23:02Z,539.0,False,10422,221.0,11.0
3429,UCQe2v1aNQW5HLd-TXOxsXYw,셀프메이드 SELFMADE,HOTGkgrD_Mw,세계 최대 전자제품 업체가 망하기 직전 삼성을 찾아간 이유 – 디커플링 | 셀프메이드,2019-10-01T12:51:54Z,467.0,False,177765,2896.0,79.0
3429,UCQe2v1aNQW5HLd-TXOxsXYw,셀프메이드 SELFMADE,cfecsMlDArU,(자막) 급변하는 세상의 큰 그림을 보는 방법 | 셀프메이드,2019-11-01T22:55:24Z,513.0,False,11555,289.0,10.0
3429,UCQe2v1aNQW5HLd-TXOxsXYw,셀프메이드 SELFMADE,Ddhpgix7CK8,The Best Advice Changed My Life | SELFMADE,2019-11-14T21:48:51Z,557.0,False,6483,201.0,10.0
3429,UCQe2v1aNQW5HLd-TXOxsXYw,셀프메이드 SELFMADE,FeS9MWXIA6o,뉴스에 휘둘리지 않는 방법  | 셀프메이드,2019-12-03T00:29:52Z,272.0,False,3844,72.0,7.0
3429,UCQe2v1aNQW5HLd-TXOxsXYw,셀프메이드 SELFMADE,pbfsuafkvsk,리스크를 행운과 돈으로 바꾸는 방법 | 셀프메이드,2020-02-14T06:28:52Z,434.0,False,6997,166.0,12.0
3429,UCQe2v1aNQW5HLd-TXOxsXYw,셀프메이드 SELFMADE,CpT4zKcU0PY,대단히 성공한 사람들의 공통점 - 정리하는 뇌 | 셀프메이드,2020-02-22T01:29:23Z,427.0,False,24974,710.0,35.0
3429,UCQe2v1aNQW5HLd-TXOxsXYw,셀프메이드 SELFMADE,GY6d_GivkNk,재능의 저주를 깨는 방법 | 셀프메이드,2020-03-10T06:58:41Z,359.0,False,3762,125.0,9.0
3429,UCQe2v1aNQW5HLd-TXOxsXYw,셀프메이드 SELFMADE,PO19AAmEeIM,그 무엇보다 가장 먼저 알고 있어야 할 지식에 관하여 | 셀프메이드,2020-03-17T21:30:00Z,530.0,False,11596,312.0,41.0
3429,UCQe2v1aNQW5HLd-TXOxsXYw,셀프메이드 SELFMADE,lo3wzZ1FI8U,이 영상을 보고나면 세상을 보는 시각이 바뀌게 됩니다 | 셀프메이드,2020-04-02T21:00:13Z,643.0,False,17569,511.0,117.0
3429,UCQe2v1aNQW5HLd-TXOxsXYw,셀프메이드 SELFMADE,bGlI9LkI1hM,왜 파리에서는 신축아파트단지가 못사는 동네가 될까? | 셀프메이드,2020-04-07T21:00:14Z,426.0,False,14497,264.0,38.0
3429,UCQe2v1aNQW5HLd-TXOxsXYw,셀프메이드 SELFMADE,QQVcvjGzR8o,뉴욕에서 성공하면 어디서든 성공할 수 있을까? 뉴요커들의 특징 | 셀프메이드,2020-05-02T03:56:14Z,439.0,False,7381,164.0,12.0
3429,UCQe2v1aNQW5HLd-TXOxsXYw,셀프메이드 SELFMADE,GUgjH5eiqV8,상위 1%의 일 잘하는 방법 - 이 영상을 보고나면 여러분의 '기획'이 바뀌게 됩니다 | 셀프메이드,2020-06-14T06:19:15Z,526.0,False,58535,1464.0,15.0
3429,UCQe2v1aNQW5HLd-TXOxsXYw,셀프메이드 SELFMADE,zujMBCIpRsQ,말단 촬영 보조가 디즈니 회장이 될 수 있던 7가지 비결 | 셀프메이드,2020-06-18T04:38:28Z,505.0,False,6547,193.0,8.0
3429,UCQe2v1aNQW5HLd-TXOxsXYw,셀프메이드 SELFMADE,vyakMOLwSyo,'이것'만 잘해도 하버드 졸업생보다 잘될 수 있다 | 셀프메이드,2020-06-23T08:49:39Z,365.0,False,4409,150.0,13.0
3429,UCQe2v1aNQW5HLd-TXOxsXYw,셀프메이드 SELFMADE,vzkaedV7cCQ,기상직후 ㅇㅇㅇ만 달라져도 인생이 바뀔 수 있다 - 성공하고 싶다면 그대로 실천해보세요,2020-06-26T01:25:44Z,471.0,False,8373,255.0,13.0
3429,UCQe2v1aNQW5HLd-TXOxsXYw,셀프메이드 SELFMADE,D19Cz3yGgCM,이 5가지 중 하나만 마스터해도 돈을 법니다,2020-06-28T00:55:06Z,239.0,False,8151,242.0,12.0
3429,UCQe2v1aNQW5HLd-TXOxsXYw,셀프메이드 SELFMADE,yipAqVx5ic4,바로 따라할 수 있는 상위1% 시간관리 방법 5가지,2020-07-08T01:12:19Z,368.0,False,86906,3013.0,60.0
3429,UCQe2v1aNQW5HLd-TXOxsXYw,셀프메이드 SELFMADE,7Qcdxuye4pw,자수성가한 부자가 알려주는 돈의 비밀 - 돈의 속성 5분정리,2020-07-30T00:15:00Z,521.0,False,21155,570.0,20.0
3429,UCQe2v1aNQW5HLd-TXOxsXYw,셀프메이드 SELFMADE,iueO6slqP9I,유대인들끼리만 공유되는 부의 원칙 7가지,2020-08-03T21:30:04Z,381.0,False,42393,1068.0,39.0
3429,UCQe2v1aNQW5HLd-TXOxsXYw,셀프메이드 SELFMADE,lHup9Q_MlKg,주식으로 돈 버는 사람들의 3가지 특징,2020-09-05T02:47:46Z,505.0,False,21666,408.0,26.0
3429,UCQe2v1aNQW5HLd-TXOxsXYw,셀프메이드 SELFMADE,_esgCIvMvoQ,조용하게 많은 돈을 버는 사람들은 모두 알고 있는 전략 | 셀프메이드,2020-09-09T09:00:07Z,446.0,False,21408,472.0,7.0
3429,UCQe2v1aNQW5HLd-TXOxsXYw,셀프메이드 SELFMADE,-28cJCJ9gGo,10년후에 부자가 되려면 지금 돈을 털어 ㅇㅇㅇ를 사야한다?,2020-09-29T10:10:20Z,432.0,False,20068,361.0,19.0
3429,UCQe2v1aNQW5HLd-TXOxsXYw,셀프메이드 SELFMADE,kRlt3S0crls,지금부터 보게될 7단계를 실행해보세요 - 여러분의 2021년이 달라집니다.,2020-11-04T02:25:11Z,484.0,False,179936,8461.0,143.0
3429,UCQe2v1aNQW5HLd-TXOxsXYw,셀프메이드 SELFMADE,BDIvK4vTWPM,한 남자를 노숙자에서 700억대 자산가로 만든 방법 - 체인저블 | 셀프메이드,2020-12-14T08:49:50Z,543.0,False,11371,361.0,11.0
3429,UCQe2v1aNQW5HLd-TXOxsXYw,셀프메이드 SELFMADE,zxXg5Yj_JoU,이 세계관을 이해하면 요즘 신흥부자들이 돈을 버는 원리를 이해할 수 있습니다 | 셀프메이드,2020-12-17T01:22:30Z,478.0,False,8252,199.0,8.0
3429,UCQe2v1aNQW5HLd-TXOxsXYw,셀프메이드 SELFMADE,ZBdtdQLyyfM,이 중 딱 3개만 실천해보세요. 인생이 잘 풀리기 시작합니다 | 셀프메이드,2020-12-20T21:30:00Z,551.0,False,17093,552.0,13.0
3429,UCQe2v1aNQW5HLd-TXOxsXYw,셀프메이드 SELFMADE,cdbZx0Ej5Wk,부자와 가난한 사람들의 차이점 | 셀프메이드,2021-03-31T07:03:17Z,525.0,False,11163,253.0,25.0
3429,UCQe2v1aNQW5HLd-TXOxsXYw,셀프메이드 SELFMADE,om9MmojBLOk,사회생활 잘하고 싶다면 이 영상을 보세요,2021-05-12T21:00:32Z,535.0,False,21267,575.0,13.0
3429,UCQe2v1aNQW5HLd-TXOxsXYw,셀프메이드 SELFMADE,a7HUEKeOA4s,돈 버는 기획자의 발상법 | 셀프메이드,2021-05-19T21:30:02Z,602.0,False,7306,213.0,15.0
3429,UCQe2v1aNQW5HLd-TXOxsXYw,셀프메이드 SELFMADE,ljWBdoQeKlc,근심과 걱정을 다스리는 법 - 반야심경 마음공부,2021-06-07T21:30:06Z,413.0,False,8755,199.0,22.0
3430,UCPzHPq56sXSjl1nGeYYLLXA,CBS크리스천노컷뉴스,GfB0pfDY94M,"[CBS 뉴스] ""전쟁과 AI로 가속화되는 기후위기...'생명 중심' 전환 이뤄나가야""",2026-05-07T13:00:29Z,242.0,False,64,2.0,0.0
3430,UCPzHPq56sXSjl1nGeYYLLXA,CBS크리스천노컷뉴스,KSZ1amh59bw,"[CBS 뉴스] 부산 포도원교회, 김문훈 목사 후임에 전남수 목사 확정",2026-05-07T13:00:38Z,46.0,True,2583,19.0,9.0
3430,UCPzHPq56sXSjl1nGeYYLLXA,CBS크리스천노컷뉴스,SFREIalFbZU,"[CBS 뉴스] 기장 평화운동본부 ""일본 평화헌법 개정 시도 우려""",2026-05-07T13:00:48Z,65.0,False,29,0.0,0.0
3430,UCPzHPq56sXSjl1nGeYYLLXA,CBS크리스천노컷뉴스,mlMHGocOZ1Q,[CBS 뉴스] 미래목회포럼 오찬 포럼 진행,2026-05-07T13:01:23Z,50.0,True,40,0.0,0.0
3430,UCPzHPq56sXSjl1nGeYYLLXA,CBS크리스천노컷뉴스,nRnjFvY_ucU,"[CBS 뉴스] '인권과 평화' 평화의 소녀상, 6년만에 시민들 곁으로",2026-05-07T13:01:34Z,60.0,True,90,6.0,2.0
3430,UCPzHPq56sXSjl1nGeYYLLXA,CBS크리스천노컷뉴스,aKbPlalZrL0,CBS뉴스 260507｜'해외에서도 젊은 세대 공략하는 K-이단'…한인교회 비상…등,2026-05-08T05:02:08Z,1017.0,False,115,4.0,1.0
3430,UCPzHPq56sXSjl1nGeYYLLXA,CBS크리스천노컷뉴스,QAVuxJL-vkw,"[CBS 뉴스] 백석대 백석문화대, 어버이날 맞아 지역 어르신 섬겨",2026-05-08T13:00:49Z,174.0,False,123,4.0,0.0
3430,UCPzHPq56sXSjl1nGeYYLLXA,CBS크리스천노컷뉴스,MFIsh0Rnd8s,"[CBS 뉴스] 한국기독교역사문화관, CBS 특별전시실 '소리, 역사가 되다' 개관",2026-05-08T13:00:50Z,265.0,False,107,4.0,0.0
3430,UCPzHPq56sXSjl1nGeYYLLXA,CBS크리스천노컷뉴스,NHhduevYFVo,[CBS 뉴스] 기독교 민주인사 226명 공동추모예식,2026-05-08T13:00:53Z,77.0,False,154,7.0,0.0
3430,UCPzHPq56sXSjl1nGeYYLLXA,CBS크리스천노컷뉴스,hyxNgjUBYl0,"CBS뉴스 260508｜'밥퍼' 어버이날 효도잔치...""소외 어르신들의 가족""…등",2026-05-08T13:01:31Z,1035.0,False,90,4.0,0.0
3430,UCPzHPq56sXSjl1nGeYYLLXA,CBS크리스천노컷뉴스,sEamJXzseY8,"[CBS 뉴스] '밥퍼' 어버이날 효도잔치...""소외 어르신들의 가족""",2026-05-08T13:01:50Z,171.0,False,220,3.0,1.0
3430,UCPzHPq56sXSjl1nGeYYLLXA,CBS크리스천노컷뉴스,v3NBmYAmfwM,"[CBS 뉴스] 기독교계, 5.18 헌법 수록 개헌 투표 무산 규탄",2026-05-08T13:01:50Z,133.0,False,2836,62.0,69.0
3430,UCPzHPq56sXSjl1nGeYYLLXA,CBS크리스천노컷뉴스,0SLHJSSUGtQ,[파워인터뷰] 다일공동체 대표 최일도 목사,2026-05-11T05:44:11Z,1020.0,False,218,7.0,3.0
3430,UCPzHPq56sXSjl1nGeYYLLXA,CBS크리스천노컷뉴스,1KuyxJGyn1M,"[CBS 뉴스] ""성장·만족에 치우친 예배… '삶의 변화·공적 책임' 약해졌다""",2026-05-11T13:00:07Z,246.0,False,389,10.0,2.0
3430,UCPzHPq56sXSjl1nGeYYLLXA,CBS크리스천노컷뉴스,Nf9Hp5PCrm8,"[CBS 뉴스] 기아대책, 아동양육시설 6곳에서 '찾아가는 문방구'",2026-05-11T13:00:50Z,56.0,True,53,1.0,0.0
3430,UCPzHPq56sXSjl1nGeYYLLXA,CBS크리스천노컷뉴스,YljrJninIlc,"[CBS 뉴스] 새에덴교회, 교계 최초 보훈 의식 계승 예배 드려",2026-05-11T13:00:56Z,182.0,False,120,4.0,0.0
3430,UCPzHPq56sXSjl1nGeYYLLXA,CBS크리스천노컷뉴스,X0EQI7c4M4k,[CBS 뉴스] [새로 나온 책] '내가 떠난 이유 내가 남은 이유' 외,2026-05-11T13:00:57Z,179.0,False,45,0.0,0.0
3430,UCPzHPq56sXSjl1nGeYYLLXA,CBS크리스천노컷뉴스,d_i1FfexbWE,"[CBS 뉴스] 사학미션, 교육감 선거 유권자 운동 전개",2026-05-11T13:01:13Z,64.0,False,39,0.0,0.0
3430,UCPzHPq56sXSjl1nGeYYLLXA,CBS크리스천노컷뉴스,hV7rfrUf1cQ,[CBS 뉴스] 2025년 한 해에만 100개 언어로 성서 번역,2026-05-11T13:01:19Z,56.0,True,73,0.0,1.0
3430,UCPzHPq56sXSjl1nGeYYLLXA,CBS크리스천노컷뉴스,PeNFRT4O9P0,"CBS뉴스 260511｜오늘의 평화는 값진 희생 위에 세워져""...새에덴교회 보훈의식 계승 예배…등",2026-05-12T04:14:18Z,1013.0,False,78,4.0,0.0
3430,UCPzHPq56sXSjl1nGeYYLLXA,CBS크리스천노컷뉴스,4CA5vS-8458,"[CBS 뉴스] 감리교전국부흥단, 오는 25일 전주서 '호남지역 전도 선교대회'",2026-05-12T13:00:14Z,44.0,True,57,0.0,0.0
3430,UCPzHPq56sXSjl1nGeYYLLXA,CBS크리스천노컷뉴스,HMEYVbjkpVY,"[CBS 뉴스] 한교총, 연합운동공로자 초청 격려…""위기의 시대 선교 초기 섬김의 모습 필요""",2026-05-12T13:00:26Z,50.0,True,39,0.0,0.0
3430,UCPzHPq56sXSjl1nGeYYLLXA,CBS크리스천노컷뉴스,FOyALycwgdQ,[CBS 뉴스] 시각장애인 촉각 순례…문준경 전도사 따라 걷고 만지는 신안 섬,2026-05-12T13:00:33Z,266.0,False,259,11.0,0.0
3430,UCPzHPq56sXSjl1nGeYYLLXA,CBS크리스천노컷뉴스,NzsNaYtcMvc,"[CBS 뉴스] ""청년들이 본 일치와 연대...'에큐메니칼'을 다시 묻다""",2026-05-12T13:00:41Z,235.0,False,287,5.0,1.0
3430,UCPzHPq56sXSjl1nGeYYLLXA,CBS크리스천노컷뉴스,miazoA5KXPI,"[CBS 뉴스] 장신대 개교 125주년 기념 예배…""죽은자 살리는 십자가 능력 드러내자""",2026-05-12T13:01:22Z,56.0,True,143,5.0,0.0
3430,UCPzHPq56sXSjl1nGeYYLLXA,CBS크리스천노컷뉴스,mOu1yyLniBw,"[CBS 뉴스] 예장합동, 전국 목사장로기도회 현장 열기…""빛과 소금 역할 잘 못했다"" 회개",2026-05-12T13:01:32Z,192.0,False,1847,23.0,15.0
3430,UCPzHPq56sXSjl1nGeYYLLXA,CBS크리스천노컷뉴스,-yHPQyUdV8U,"CBS뉴스 260512｜예장 합동, 전국 목사장로기도회...""오로지 기도하기를 힘씁시다""…등",2026-05-13T04:09:28Z,1006.0,False,72,5.0,0.0
3430,UCPzHPq56sXSjl1nGeYYLLXA,CBS크리스천노컷뉴스,rrnz_c5AaJo,"[CBS 뉴스] 여의도순복음교회, 576개 교회 개척…""마음의 병 치료하자""",2026-05-13T12:48:24Z,193.0,False,4049,56.0,12.0
3430,UCPzHPq56sXSjl1nGeYYLLXA,CBS크리스천노컷뉴스,txsoKNtRIwo,"[CBS 뉴스] 예장백석총회, 노회 신임원 교육 ""노회는 교회의 버팀목""",2026-05-13T12:48:47Z,156.0,False,177,0.0,0.0
3430,UCPzHPq56sXSjl1nGeYYLLXA,CBS크리스천노컷뉴스,Ufc5t4w4aGw,"[CBS 뉴스] 기독교계 ""삼성전자 노사, 사회적 책임과 연대의 길로""",2026-05-13T12:50:15Z,62.0,False,116,3.0,0.0
3430,UCPzHPq56sXSjl1nGeYYLLXA,CBS크리스천노컷뉴스,EVFd57e8KtM,[CBS 뉴스] 대한기독교교육협회 신임 이사장에 류영모 목사,2026-05-13T12:50:43Z,47.0,True,81,0.0,0.0
3430,UCPzHPq56sXSjl1nGeYYLLXA,CBS크리스천노컷뉴스,zOiOI6B1L94,"[CBS 뉴스] 한국이주민선교연합회, ""이주민 선교 연결·기록·감동"" 비전 제시",2026-05-13T12:51:39Z,220.0,False,81,3.0,0.0
3430,UCPzHPq56sXSjl1nGeYYLLXA,CBS크리스천노컷뉴스,H6Odb3NRZZ8,"[CBS 뉴스] ""교회 주중 돌봄 모델 정책 사각지대 메울 수 있는 대안""",2026-05-13T12:52:30Z,63.0,False,84,0.0,0.0
3430,UCPzHPq56sXSjl1nGeYYLLXA,CBS크리스천노컷뉴스,0QbOC2glMgI,"[CBS 뉴스] 백석예대, 전도 축제 개최",2026-05-13T12:53:16Z,45.0,True,126,2.0,0.0
3430,UCPzHPq56sXSjl1nGeYYLLXA,CBS크리스천노컷뉴스,_RNUcWf6YCI,"[CBS 뉴스] 굿피플, 희귀 질환 인식 개선 '샤인런' 개최",2026-05-13T12:54:15Z,60.0,True,64,5.0,0.0
3430,UCPzHPq56sXSjl1nGeYYLLXA,CBS크리스천노컷뉴스,MCeKeVU0a5s,"[CBS 뉴스] 가나 조영광·김선희 선교사, 현지 교회로부터 특별 공로상 수상",2026-05-13T12:55:04Z,68.0,False,83,3.0,0.0
3430,UCPzHPq56sXSjl1nGeYYLLXA,CBS크리스천노컷뉴스,zszjxuC3MIo,"CBS뉴스 260513｜여의도순복음교회, 576개 교회 개척...""마음의 병 치료하자""…등",2026-05-14T04:18:31Z,985.0,False,80,3.0,0.0
3430,UCPzHPq56sXSjl1nGeYYLLXA,CBS크리스천노컷뉴스,EJwWBdcdnIA,[CBS 뉴스] 한평생 교회를 지키며 묵묵히 목양의 길을 걸어온 목회자 부부들을 위한 따뜻한 식탁과 위로,2026-05-14T13:00:20Z,181.0,False,1958,19.0,0.0
3430,UCPzHPq56sXSjl1nGeYYLLXA,CBS크리스천노컷뉴스,VwUy709IEiQ,[CBS 뉴스] [미션리포트] '캄보디아' 범죄조직 근황과 교육 선교 비전,2026-05-14T13:00:58Z,280.0,False,159,10.0,0.0
3430,UCPzHPq56sXSjl1nGeYYLLXA,CBS크리스천노컷뉴스,_PEqYX5MQCk,"[CBS 뉴스] ""나미비아에 성경을"" ... 4개 교회 연합해 성경 후원",2026-05-14T13:01:03Z,179.0,False,113,6.0,0.0
3430,UCPzHPq56sXSjl1nGeYYLLXA,CBS크리스천노컷뉴스,rw2ODY4BOO0,"[CBS 뉴스] 한국교회, 기후위기에 응답하다...""생태적 회개와 글로벌 연대""",2026-05-14T13:01:32Z,198.0,False,52,0.0,0.0
3430,UCPzHPq56sXSjl1nGeYYLLXA,CBS크리스천노컷뉴스,q5QH9yyiGnM,"CBS뉴스 260514｜한국교회, 기후위기에 응답하다...""생태적 회개와 글로벌 연대""…등",2026-05-15T04:00:42Z,1009.0,False,44,3.0,0.0
3430,UCPzHPq56sXSjl1nGeYYLLXA,CBS크리스천노컷뉴스,ZuBduKH2Ndk,"[CBS 뉴스] 교회협, 강남역 여성혐오 범죄 10주기 연합예배",2026-05-15T12:48:14Z,241.0,False,83,3.0,0.0
3430,UCPzHPq56sXSjl1nGeYYLLXA,CBS크리스천노컷뉴스,zsiRJhyZH2U,"[CBS 뉴스] 합수본, '정교유착' 의혹 신천지 전 총무 피의자 소환…교주 소환 관심",2026-05-15T12:49:30Z,65.0,False,327,7.0,3.0
3430,UCPzHPq56sXSjl1nGeYYLLXA,CBS크리스천노컷뉴스,3EVkLunoaq4,"[CBS 뉴스] ""괜찮지 않아도 함께""… 콘텐츠가 건네는 공존의 위로[CBS 뉴스]",2026-05-15T12:50:57Z,247.0,False,182,6.0,1.0
3430,UCPzHPq56sXSjl1nGeYYLLXA,CBS크리스천노컷뉴스,uCjPcCFusUA,"[CBS 뉴스] ""작은 불씨가 세상 밝히듯""…제13회 슈페리어 대상 시상식",2026-05-15T12:52:33Z,56.0,True,24,0.0,0.0
3430,UCPzHPq56sXSjl1nGeYYLLXA,CBS크리스천노컷뉴스,aWwSt456MWI,"[CBS 뉴스] 종교시민사회, ""서류조작 의혹 '홍천 양수발전소' 인허가 감사 촉구""",2026-05-15T12:54:49Z,91.0,False,36,1.0,0.0
3430,UCPzHPq56sXSjl1nGeYYLLXA,CBS크리스천노컷뉴스,EWlNNNDADG0,"[CBS 뉴스] 손자 윌 그래함과 함께하는 '의정부 빌리그래함 대회'...""새로운 부흥의 전환점""",2026-05-15T12:55:51Z,50.0,True,151,5.0,0.0
3430,UCPzHPq56sXSjl1nGeYYLLXA,CBS크리스천노컷뉴스,8FSEyfp8piQ,"[CBS 뉴스] ""헌법 보호 대상은 자유민주적 기본질서…개정에 국민 참여 필요""",2026-05-15T12:55:57Z,221.0,False,76,3.0,2.0
3430,UCPzHPq56sXSjl1nGeYYLLXA,CBS크리스천노컷뉴스,fdM-NHDwKs8,"CBS뉴스 260515｜ 연세신학 공개강좌 ""민주주의 위기 극복 위해 헌법개정 필요""…등",2026-05-15T13:23:14Z,1019.0,False,57,3.0,0.0
3431,UCJ_2psysfQ6VY3phokvdR5A,"짧고, 굵게",hOc4GefqFOw,연애 못하면 폐급 취급 받는 알바 ;;,2025-12-08T11:01:21Z,20.0,True,24099,48.0,0.0
3431,UCJ_2psysfQ6VY3phokvdR5A,"짧고, 굵게",2CRHOE5jrL8,스키장 알바가 난이도 헬인 이유,2025-12-08T12:00:05Z,44.0,True,4555,13.0,0.0
3431,UCJ_2psysfQ6VY3phokvdR5A,"짧고, 굵게",Tu4TwO6huJ0,서울 촌놈 vs 지방 인싸,2025-12-08T13:01:05Z,11.0,True,22521,23.0,3.0
3431,UCJ_2psysfQ6VY3phokvdR5A,"짧고, 굵게",s8WVcMuxS80,장성규 인종차별 논란? ㅋㅋㅋ,2025-12-08T14:01:37Z,20.0,True,12393,26.0,0.0
3431,UCJ_2psysfQ6VY3phokvdR5A,"짧고, 굵게",8H-hr1noCHI,부모님 컴퓨터 알려드릴 때 특징,2025-12-15T09:15:01Z,31.0,True,8639,22.0,0.0
3431,UCJ_2psysfQ6VY3phokvdR5A,"짧고, 굵게",m9ShRvxOBn8,god 콘서트 티켓팅 하다가 빡친 박준형,2025-12-15T11:01:24Z,46.0,True,6183,32.0,0.0
3431,UCJ_2psysfQ6VY3phokvdR5A,"짧고, 굵게",woKWIKw7ltU,아내 서열이 남편보다 높은 이유,2025-12-16T09:30:40Z,26.0,True,24297,127.0,2.0
3431,UCJ_2psysfQ6VY3phokvdR5A,"짧고, 굵게",D9uEM6moez4,남자들이 싫어하는 패션 1위,2025-12-16T11:00:31Z,18.0,True,9153,15.0,0.0
3431,UCJ_2psysfQ6VY3phokvdR5A,"짧고, 굵게",g0aqk5x2Ptk,테토남이 에겐남이 되는 순간,2025-12-16T12:01:26Z,21.0,True,20396,84.0,0.0
3431,UCJ_2psysfQ6VY3phokvdR5A,"짧고, 굵게",nUYEw2r6j0g,세대 갈린다는 god 박준형 vs 와썹맨 쭌이형,2025-12-16T13:01:37Z,17.0,True,12682,32.0,5.0
3431,UCJ_2psysfQ6VY3phokvdR5A,"짧고, 굵게",zJbXbTvY6tw,27년만에 god 숙소 찾아간 박준형,2025-12-16T14:01:48Z,56.0,True,24210,164.0,7.0
3431,UCJ_2psysfQ6VY3phokvdR5A,"짧고, 굵게",noiVO_gPXcA,돈 내고 출연한 비인기 아이돌,2025-12-22T09:01:16Z,46.0,True,473512,3396.0,10.0
3431,UCJ_2psysfQ6VY3phokvdR5A,"짧고, 굵게",GZDNYAH5-jg,오해원이 워크돌에서 꿀 빨았던 알바,2025-12-22T11:00:29Z,40.0,True,2351,13.0,0.0
3431,UCJ_2psysfQ6VY3phokvdR5A,"짧고, 굵게",8mVXdR9q35A,은근슬쩍 가스라이팅 하는 알바생,2025-12-22T12:00:22Z,29.0,True,20361,75.0,3.0
3431,UCJ_2psysfQ6VY3phokvdR5A,"짧고, 굵게",yw2VOKmDpiU,요즘 신인 남돌 외모 수준 ㄷㄷ;,2025-12-22T13:02:04Z,28.0,True,2712,7.0,0.0
3431,UCJ_2psysfQ6VY3phokvdR5A,"짧고, 굵게",BAs5uwKkX20,알고보니 백댄서 출신 아이돌,2025-12-22T14:00:18Z,26.0,True,17316,46.0,0.0
3431,UCJ_2psysfQ6VY3phokvdR5A,"짧고, 굵게",ifkqGhB1cL0,남자를 상대하는 게 익숙한 여자,2025-12-29T09:01:09Z,36.0,True,7158,20.0,0.0
3431,UCJ_2psysfQ6VY3phokvdR5A,"짧고, 굵게",cV3-JNorTpI,아내가 폭로한 장성규 실체 ㄷㄷ,2025-12-29T10:01:21Z,36.0,True,16922,41.0,1.0
3431,UCJ_2psysfQ6VY3phokvdR5A,"짧고, 굵게",UnZJO4fcA1U,진상 손님도 착해지는 그 곳,2025-12-29T11:01:02Z,26.0,True,25736,87.0,2.0
3431,UCJ_2psysfQ6VY3phokvdR5A,"짧고, 굵게",bqBtbvveFt4,방송 중 레전드 현타 온 장성규 ㄷㄷ,2025-12-29T12:30:54Z,31.0,True,11708,26.0,0.0
3431,UCJ_2psysfQ6VY3phokvdR5A,"짧고, 굵게",91os7bIbqKM,일생일대의 가위바위보,2025-12-29T14:00:12Z,52.0,True,9795,27.0,0.0
3431,UCJ_2psysfQ6VY3phokvdR5A,"짧고, 굵게",mbhsoy_HTR0,미래를 예견한 엑소 매니저?,2026-01-07T09:01:17Z,34.0,True,35515,210.0,0.0
3431,UCJ_2psysfQ6VY3phokvdR5A,"짧고, 굵게",l24P-CCrlbA,대참사 날 뻔 했던 아이돌 ㄷㄷ,2026-01-07T11:01:28Z,29.0,True,29214,92.0,2.0
3431,UCJ_2psysfQ6VY3phokvdR5A,"짧고, 굵게",KdpOC5ebOQg,매니저 연봉 직접 깎는 연예인?,2026-01-07T12:30:39Z,58.0,True,26074,175.0,3.0
3431,UCJ_2psysfQ6VY3phokvdR5A,"짧고, 굵게",uF8RathXwGY,연예인들 시간 없다는 거 뻥인 이유,2026-01-07T14:01:42Z,37.0,True,16063,44.0,0.0
3431,UCJ_2psysfQ6VY3phokvdR5A,"짧고, 굵게",sEzRgCPQQRQ,흑백요리사 레전드 진상손님,2026-01-12T09:01:22Z,42.0,True,3579852,21758.0,989.0
3431,UCJ_2psysfQ6VY3phokvdR5A,"짧고, 굵게",oCNVLacCTac,요즘 애들이 빨리 튀는 이유 ;;,2026-01-12T11:01:26Z,35.0,True,51421,123.0,4.0
3431,UCJ_2psysfQ6VY3phokvdR5A,"짧고, 굵게",IlpzHvC8Cmk,오마카세 자주 가는 사람 연봉 수준,2026-01-12T12:30:27Z,39.0,True,31999,89.0,6.0
3431,UCJ_2psysfQ6VY3phokvdR5A,"짧고, 굵게",uuVooi94Kf0,레전드 도파민 직관한 순간 ㄷㄷ,2026-01-12T14:01:29Z,35.0,True,33143,68.0,2.0
3431,UCJ_2psysfQ6VY3phokvdR5A,"짧고, 굵게",ux-vw29GjLM,모텔에 보이는 불륜 커플 특징 TOP1,2026-01-14T09:01:32Z,32.0,True,23940,53.0,1.0
3431,UCJ_2psysfQ6VY3phokvdR5A,"짧고, 굵게",uTpoWGhpKJQ,사정이 있었던 손님...ㅋㅋㅋ,2026-01-14T10:01:35Z,42.0,True,33169,124.0,3.0
3431,UCJ_2psysfQ6VY3phokvdR5A,"짧고, 굵게",23MDcLworJ8,방은 똑같은데 사람은 달라짐 ;;,2026-01-14T11:00:07Z,30.0,True,84023,460.0,41.0
3431,UCJ_2psysfQ6VY3phokvdR5A,"짧고, 굵게",PNoQvhhSVOA,혼성 3명이 모텔 가면 생기는 일,2026-01-14T12:00:50Z,36.0,True,9411,38.0,1.0
3431,UCJ_2psysfQ6VY3phokvdR5A,"짧고, 굵게",yz093R1D0jg,모텔 진상손님 유형,2026-01-14T13:02:08Z,41.0,True,34055,198.0,4.0
3431,UCJ_2psysfQ6VY3phokvdR5A,"짧고, 굵게",_GfA8wGhdqM,남자친구 정 떨어지는 순간 ㅇㅈ?,2026-01-14T14:01:06Z,29.0,True,20532,129.0,7.0
3431,UCJ_2psysfQ6VY3phokvdR5A,"짧고, 굵게",aoGo9hqdBjA,워크맨 하차 통보 받은 이유,2026-01-20T09:00:05Z,28.0,True,17843,11.0,1.0
3431,UCJ_2psysfQ6VY3phokvdR5A,"짧고, 굵게",2lE0k7LtYj4,택배 기사면 무조건 공감함 ㅇㅈ?,2026-01-20T10:00:03Z,34.0,True,31251,34.0,0.0
3431,UCJ_2psysfQ6VY3phokvdR5A,"짧고, 굵게",Nu8qMlBecd8,카카오톡 불매하는 장성규,2026-01-20T11:00:43Z,14.0,True,16291,12.0,0.0
3431,UCJ_2psysfQ6VY3phokvdR5A,"짧고, 굵게",zNJI58bYt-k,배달하면서 제일 곤란한 순간,2026-01-20T12:01:51Z,36.0,True,30641,24.0,1.0
3431,UCJ_2psysfQ6VY3phokvdR5A,"짧고, 굵게",lg8jyCRWT-w,배달 기사 공감한 장성규,2026-01-20T13:01:35Z,23.0,True,24543,25.0,1.0
3431,UCJ_2psysfQ6VY3phokvdR5A,"짧고, 굵게",nWQadqyFceE,생각보다 많은 연예인의 부업,2026-01-20T14:01:31Z,33.0,True,11167,26.0,0.0
3431,UCJ_2psysfQ6VY3phokvdR5A,"짧고, 굵게",EV53VtGVCaM,사람들이 백화점을 찾는 제일 큰 이유,2026-01-26T09:00:20Z,18.0,True,13002,22.0,0.0
3431,UCJ_2psysfQ6VY3phokvdR5A,"짧고, 굵게",9VBKUVrkjl4,연애 못하는 남자 말투 특징 ㅋㅋㅋ,2026-01-26T10:00:25Z,32.0,True,12228,20.0,0.0
3431,UCJ_2psysfQ6VY3phokvdR5A,"짧고, 굵게",3rFDQvXXuss,K-엄마 국룰 행동 TOP3,2026-01-26T12:00:07Z,18.0,True,11599,19.0,0.0
3431,UCJ_2psysfQ6VY3phokvdR5A,"짧고, 굵게",dHYpTTcQ-rg,저출산 피해가 제일 큰 직업,2026-02-23T09:30:18Z,19.0,True,21203,22.0,3.0
3431,UCJ_2psysfQ6VY3phokvdR5A,"짧고, 굵게",lX-8vzVLHnY,고딩 크기 보고 놀란 장성규 ㄷㄷ,2026-02-23T10:01:11Z,43.0,True,22984,81.0,2.0
3431,UCJ_2psysfQ6VY3phokvdR5A,"짧고, 굵게",f1fRd1bEHk8,요즘 교복 업체가 힘든 이유,2026-02-23T11:01:06Z,45.0,True,15579,116.0,23.0
3431,UCJ_2psysfQ6VY3phokvdR5A,"짧고, 굵게",dFVi23OmUbQ,요즘 애들이 반장 되는 방법,2026-02-23T13:01:07Z,28.0,True,24006,92.0,18.0
3431,UCJ_2psysfQ6VY3phokvdR5A,"짧고, 굵게",en2YabIdo4Y,학원 강사 자식의 성적은 어떨까?,2026-02-23T14:00:58Z,20.0,True,18009,44.0,0.0
3431,UCJ_2psysfQ6VY3phokvdR5A,"짧고, 굵게",aWbXPBG-NOY,인턴이 사수한테 혼난 이유,2026-05-15T08:00:00Z,37.0,True,18406,50.0,2.0
3432,UCOzhy2XI4hJgyZtisS15YQw,양대산맥,j6cqIAVVQio,최면을 공부한 동생,2022-11-16T03:00:15Z,22.0,True,263724,3833.0,212.0
3432,UCOzhy2XI4hJgyZtisS15YQw,양대산맥,N2W0befY3x0,고백 받았습니다.,2022-11-18T08:00:19Z,423.0,False,306542,4916.0,384.0
3432,UCOzhy2XI4hJgyZtisS15YQw,양대산맥,iSgfyyYAzoQ,경락마사지 받아보았습니다.,2022-11-22T05:48:20Z,529.0,False,90336,2223.0,265.0
3432,UCOzhy2XI4hJgyZtisS15YQw,양대산맥,y7sLSuR3QiU,여동생 옷 감사하는 오빠,2022-11-23T03:00:22Z,22.0,True,184685,2424.0,165.0
3432,UCOzhy2XI4hJgyZtisS15YQw,양대산맥,J1ofDpzaEpo,크게 당했습니다.,2022-11-25T03:00:07Z,104.0,False,58471,1244.0,120.0
3432,UCOzhy2XI4hJgyZtisS15YQw,양대산맥,5gMMEqGvU6A,하다 하다 또띠아로 맞았습니다,2022-12-06T03:00:02Z,312.0,False,62647,1587.0,82.0
3432,UCOzhy2XI4hJgyZtisS15YQw,양대산맥,9MtgK-dW1Do,동생 방을 꾸며주었습니다.,2022-12-10T03:30:04Z,467.0,False,73764,1858.0,76.0
3432,UCOzhy2XI4hJgyZtisS15YQw,양대산맥,0K7rf1NtpyU,거짓말 1도 없는 몰카 2탄,2022-12-14T08:54:11Z,350.0,False,115993,2393.0,189.0
3432,UCOzhy2XI4hJgyZtisS15YQw,양대산맥,embS_dyb1yU,매직으로 장난치면 안되는 이유,2022-12-23T10:47:12Z,17.0,True,69591,1056.0,99.0
3432,UCOzhy2XI4hJgyZtisS15YQw,양대산맥,vW9-edurhYw,친환경 얼음 빙수를 만들어주었습니다,2022-12-27T13:00:25Z,340.0,False,78116,1912.0,188.0
3432,UCOzhy2XI4hJgyZtisS15YQw,양대산맥,5ou_4g92A_8,대놓고 혼내주었습니다.,2022-12-30T10:00:05Z,271.0,False,166826,3248.0,236.0
3432,UCOzhy2XI4hJgyZtisS15YQw,양대산맥,DsQFTxD7OEk,하나도 안 신기한 이야기를 들려주었습니다.,2023-01-07T10:10:14Z,240.0,False,41660,1266.0,64.0
3432,UCOzhy2XI4hJgyZtisS15YQw,양대산맥,0W0Ya7r65BI,억울하게 해봤습니다.,2023-01-11T09:30:00Z,335.0,False,56637,1451.0,114.0
3432,UCOzhy2XI4hJgyZtisS15YQw,양대산맥,cg2HWh5nX6k,묶은 때를 씻겨내고 왔습니다,2023-01-23T11:11:22Z,399.0,False,112958,3485.0,214.0
3432,UCOzhy2XI4hJgyZtisS15YQw,양대산맥,ZRLIPEexfUw,친구 여동생과 결혼했습니다,2023-02-08T08:00:13Z,259.0,False,538643,6671.0,570.0
3432,UCOzhy2XI4hJgyZtisS15YQw,양대산맥,opmymOjjk74,이마에 구멍이 났습니다,2023-02-14T09:00:02Z,299.0,False,64955,1736.0,92.0
3432,UCOzhy2XI4hJgyZtisS15YQw,양대산맥,Ec4ZgWjZNkA,변화를 줘봤습니다.,2023-02-18T04:53:11Z,201.0,False,83016,2401.0,138.0
3432,UCOzhy2XI4hJgyZtisS15YQw,양대산맥,YSoXZZ4RNjM,2화)오늘 무슨 날인지 몰라?,2023-02-27T06:04:39Z,239.0,False,159768,3130.0,290.0
3432,UCOzhy2XI4hJgyZtisS15YQw,양대산맥,lMTMyvipcZc,3화)개보다 못한 인생,2023-03-12T13:30:18Z,314.0,False,209697,3433.0,263.0
3432,UCOzhy2XI4hJgyZtisS15YQw,양대산맥,z0ZmRl8-yug,4화)양대산맥 때려쳐,2023-04-03T08:00:33Z,296.0,False,93278,2336.0,194.0
3432,UCOzhy2XI4hJgyZtisS15YQw,양대산맥,FUEoQYAod5A,5화)결혼을 하게 된 이유,2023-04-09T12:13:57Z,269.0,False,88175,2137.0,163.0
3432,UCOzhy2XI4hJgyZtisS15YQw,양대산맥,DlrCZ00PW7g,동생이 탁구 연습을 열심히 하는 이유는?,2023-04-12T08:37:16Z,18.0,True,94734,1881.0,130.0
3432,UCOzhy2XI4hJgyZtisS15YQw,양대산맥,iVs35uDGVuw,볼링을 연습하는 이유,2023-04-15T02:38:20Z,14.0,True,64316,1204.0,63.0
3432,UCOzhy2XI4hJgyZtisS15YQw,양대산맥,86YxeQMzKt4,오빠와 동생 누가 더 극한 직업인가?,2023-04-18T12:50:27Z,392.0,False,60039,1811.0,171.0
3432,UCOzhy2XI4hJgyZtisS15YQw,양대산맥,T30kaUuES34,음식이 목에 걸렸을 때 대처법,2023-04-22T01:00:21Z,26.0,True,42688,710.0,25.0
3432,UCOzhy2XI4hJgyZtisS15YQw,양대산맥,ZNV_Z018WtM,6화)똥 밭,2023-04-23T09:00:31Z,384.0,False,88632,1963.0,119.0
3432,UCOzhy2XI4hJgyZtisS15YQw,양대산맥,p184fFLVLnE,동생 손은 약손,2023-05-02T00:33:55Z,15.0,True,89204,1418.0,75.0
3432,UCOzhy2XI4hJgyZtisS15YQw,양대산맥,QrRMNNypbsY,손톱을 관리하는 이유,2023-05-07T12:45:58Z,14.0,True,137269,2086.0,131.0
3432,UCOzhy2XI4hJgyZtisS15YQw,양대산맥,WyMbSY0tWME,베개싸움이기는 법,2023-05-11T12:52:45Z,24.0,True,96543,1127.0,32.0
3432,UCOzhy2XI4hJgyZtisS15YQw,양대산맥,dAwf89ZJbi8,물티슈 정리하는 이유,2023-05-15T00:53:44Z,12.0,True,176988,2051.0,129.0
3432,UCOzhy2XI4hJgyZtisS15YQw,양대산맥,HpzKxJ4bCcQ,삼겹살 멋방,2023-07-15T05:00:08Z,427.0,False,54759,1753.0,154.0
3432,UCOzhy2XI4hJgyZtisS15YQw,양대산맥,0GGdxs0HoSU,복불복으로 크게 혼내주었습니다,2023-08-04T03:00:00Z,409.0,False,133781,2846.0,191.0
3432,UCOzhy2XI4hJgyZtisS15YQw,양대산맥,v6Lwz5wXHH4,기도하는 척 욕을 해보았습니다.,2023-08-09T06:27:31Z,326.0,False,80404,2215.0,156.0
3432,UCOzhy2XI4hJgyZtisS15YQw,양대산맥,5JnqPMLilq0,눈가리고 벨트로 때리기게임을 해보았습니다.,2023-08-12T06:30:01Z,276.0,False,35085,1135.0,54.0
3432,UCOzhy2XI4hJgyZtisS15YQw,양대산맥,njGvS2TCzc4,귀비가 같이 못하게 되었습니다,2023-08-20T11:00:38Z,301.0,False,91847,2665.0,319.0
3432,UCOzhy2XI4hJgyZtisS15YQw,양대산맥,jppg3j7yB6E,걸리면 벨트로 맞는다!!  #양대산맥 #shorts #양귀비,2023-08-23T05:25:49Z,40.0,True,21745,198.0,7.0
3432,UCOzhy2XI4hJgyZtisS15YQw,양대산맥,XxOAs98dhq8,여동생에게 캡사이신 역몰카 당했습니다.,2023-08-28T06:39:36Z,484.0,False,66452,1591.0,223.0
3432,UCOzhy2XI4hJgyZtisS15YQw,양대산맥,saja-ky1ReA,여동생 남자친구를 공개합니다.,2023-09-06T07:38:09Z,594.0,False,88575,1769.0,222.0
3432,UCOzhy2XI4hJgyZtisS15YQw,양대산맥,1_28_tzcmTU,여동생 남친의 자격을 보도록 하겠습니다.,2023-10-28T06:30:00Z,637.0,False,114948,1580.0,288.0
3432,UCOzhy2XI4hJgyZtisS15YQw,양대산맥,h2BIZ3N1shE,오랜만에 근황입니다.,2024-07-14T05:45:26Z,499.0,False,37945,1250.0,140.0
3432,UCOzhy2XI4hJgyZtisS15YQw,양대산맥,_UXvru6gtpU,여동생에게 머리를 감겨달라고 하면 안되는 이유 #쇼츠 #shorts #현실남매,2024-07-16T06:22:38Z,38.0,True,39473,526.0,31.0
3432,UCOzhy2XI4hJgyZtisS15YQw,양대산맥,mGPtAAkcvao,시루도 남자였다 #쇼츠 #shorts #양시루,2024-07-20T05:02:35Z,38.0,True,12073,181.0,7.0
3432,UCOzhy2XI4hJgyZtisS15YQw,양대산맥,VC-EFcX29Xk,평범하지않은 브이로그,2024-07-22T10:00:24Z,591.0,False,42957,1171.0,129.0
3432,UCOzhy2XI4hJgyZtisS15YQw,양대산맥,u0gk4j7oFFc,귀비남친을 속여보았습니다.,2024-08-05T10:00:53Z,402.0,False,83598,1508.0,120.0
3432,UCOzhy2XI4hJgyZtisS15YQw,양대산맥,gyY4_pD81xE,아빠와 함께하는 가짜웃음vs진짜웃음 #shorts #현실남매 #쇼츠,2024-08-11T09:16:21Z,16.0,True,52351,474.0,25.0
3432,UCOzhy2XI4hJgyZtisS15YQw,양대산맥,5d66CGbUprM,이래서 늦었습니다....,2025-06-13T14:51:26Z,1025.0,False,168085,4498.0,575.0
3432,UCOzhy2XI4hJgyZtisS15YQw,양대산맥,79YPfXBbXlU,잘 못 배운 밈 #양대산맥 #현실남매 #양귀비,2025-06-25T13:48:02Z,33.0,True,91240,1561.0,130.0
3432,UCOzhy2XI4hJgyZtisS15YQw,양대산맥,5PY0hxpzXd0,정말 하루 18시간 일을 하네요..,2025-06-30T14:19:53Z,1012.0,False,119027,3092.0,380.0
3432,UCOzhy2XI4hJgyZtisS15YQw,양대산맥,wCt-KG0SQOI,유통 일하러 간 귀비,2025-07-11T16:42:15Z,1325.0,False,65979,1952.0,222.0
3432,UCOzhy2XI4hJgyZtisS15YQw,양대산맥,l0ubuP8MmWs,돈 받으러 다녀왔습니다.,2025-08-02T13:12:32Z,734.0,False,59583,1587.0,168.0
3433,UCFW9yODosz3HEn_ArLC3gYA,예그맨,dJzKM37DqI4,10억 빌려주시면 금방 갚을게요.,2024-05-12T00:00:20Z,1014.0,False,106163,1798.0,199.0
3433,UCFW9yODosz3HEn_ArLC3gYA,예그맨,WKJ3g7M_pRk,오늘 피똥 한번 싸볼래?,2024-05-19T00:14:58Z,1510.0,False,182792,2818.0,222.0
3433,UCFW9yODosz3HEn_ArLC3gYA,예그맨,3N7c98Yu8t8,경마에서 지면 발가락 빨아야됩니다.,2024-05-26T00:00:01Z,1514.0,False,94673,1781.0,155.0
3433,UCFW9yODosz3HEn_ArLC3gYA,예그맨,OGiLV1kFzkM,47억짜리 씨수말 교배 현장입니다.,2024-05-30T10:14:31Z,441.0,False,40406,806.0,85.0
3433,UCFW9yODosz3HEn_ArLC3gYA,예그맨,AO2rsx5zgT8,경마장에서 상황 한번 날 뻔했네요.,2024-06-02T00:00:03Z,1467.0,False,212104,2557.0,227.0
3433,UCFW9yODosz3HEn_ArLC3gYA,예그맨,YVRVhxsMUC0,옆 사람이 200배 터졌습니다.,2024-06-09T00:10:46Z,1027.0,False,158912,2027.0,163.0
3433,UCFW9yODosz3HEn_ArLC3gYA,예그맨,2GpuADzxCHk,코 차이로 승부가 나는 세계,2024-06-16T00:15:52Z,1196.0,False,163365,2010.0,140.0
3433,UCFW9yODosz3HEn_ArLC3gYA,예그맨,edFA0ulqR-4,AI로 경마 고배당을 맞출 수 있을까?,2024-06-20T04:07:13Z,478.0,False,32522,800.0,72.0
3433,UCFW9yODosz3HEn_ArLC3gYA,예그맨,NRHrX4b0h1k,경마하다 죽었지만 다시 살아난 사나이,2024-06-23T00:00:11Z,1243.0,False,192556,2345.0,166.0
3433,UCFW9yODosz3HEn_ArLC3gYA,예그맨,2BxG3UGQubQ,고배당 터졌습니다. 감사합니다.,2024-06-30T00:00:00Z,1473.0,False,183812,2257.0,159.0
3433,UCFW9yODosz3HEn_ArLC3gYA,예그맨,E5M8vYgyFfA,경마 지는놈이 구정물 먹어야 합니다.,2024-07-07T00:00:15Z,1121.0,False,84671,1549.0,131.0
3433,UCFW9yODosz3HEn_ArLC3gYA,예그맨,2wmo19KRsO0,경마에 미친 인간이 나타났습니다.,2024-07-14T00:00:02Z,1486.0,False,228275,2965.0,209.0
3433,UCFW9yODosz3HEn_ArLC3gYA,예그맨,EJ_3q6j9qQI,인간의 실력은 아닌 거 같습니다.,2024-07-21T00:00:05Z,2318.0,False,466236,4226.0,448.0
3433,UCFW9yODosz3HEn_ArLC3gYA,예그맨,okdDt2evchw,10만 구독 너무나 감사드립니다.,2024-07-28T00:00:26Z,355.0,False,49767,1698.0,210.0
3433,UCFW9yODosz3HEn_ArLC3gYA,예그맨,-GwKFPNNKjc,경마 첫판부터 때려보려고 합니다.,2024-08-04T00:00:00Z,1345.0,False,262405,2632.0,216.0
3433,UCFW9yODosz3HEn_ArLC3gYA,예그맨,fJc1lAlIDiI,짱구와 함께 고배당 터졌습니다.,2024-08-11T00:05:44Z,1771.0,False,204105,2715.0,215.0
3433,UCFW9yODosz3HEn_ArLC3gYA,예그맨,3DKejTZVDcg,미스코리아 그녀와 경마했습니다.,2024-08-18T00:00:02Z,1471.0,False,128869,2466.0,164.0
3433,UCFW9yODosz3HEn_ArLC3gYA,예그맨,dY83UQVFQq8,수영복 입고 경마를 했습니다.,2024-08-25T00:00:19Z,1178.0,False,83081,1473.0,93.0
3433,UCFW9yODosz3HEn_ArLC3gYA,예그맨,GEOoZuBwYI8,고배당 먹으려고 집중했습니다.,2024-09-01T00:00:12Z,1574.0,False,153196,2142.0,187.0
3433,UCFW9yODosz3HEn_ArLC3gYA,예그맨,tDgBPAn0lXs,경마 고배당 맞춘 귀여운 남매,2024-09-15T00:00:26Z,1822.0,False,173629,2292.0,171.0
3433,UCFW9yODosz3HEn_ArLC3gYA,예그맨,bOlxvMUYjX4,저의 승부수에 놀란 거 같습니다.,2024-09-29T00:09:12Z,1831.0,False,152083,1988.0,146.0
3433,UCFW9yODosz3HEn_ArLC3gYA,예그맨,QjYieRThhbc,이러다 언제 한번 제대로 걸립니다.,2024-10-06T00:00:13Z,1569.0,False,136446,1943.0,130.0
3433,UCFW9yODosz3HEn_ArLC3gYA,예그맨,mQ_lzOwaezc,그녀의 마권을 제가 찢어버렸습니다.,2024-10-13T00:00:29Z,1055.0,False,62309,1686.0,172.0
3433,UCFW9yODosz3HEn_ArLC3gYA,예그맨,KSvd4FhhR9Q,똥말은 안 사는 여자,2024-10-20T00:00:10Z,972.0,False,69313,1330.0,85.0
3433,UCFW9yODosz3HEn_ArLC3gYA,예그맨,AzrXdTUelAw,경마를 이겨버린 두 사람,2024-11-03T00:00:08Z,1668.0,False,133733,1806.0,92.0
3433,UCFW9yODosz3HEn_ArLC3gYA,예그맨,sCPXwgKdIaQ,하루종일 경마 맞춘 여자가 있습니다.,2024-11-10T00:00:35Z,2667.0,False,212056,2504.0,161.0
3433,UCFW9yODosz3HEn_ArLC3gYA,예그맨,6mav06oeptM,경마로 매주 돈 버는 여자가 있습니다.,2024-11-17T00:00:03Z,2144.0,False,153885,2191.0,186.0
3433,UCFW9yODosz3HEn_ArLC3gYA,예그맨,mGXwvZjtopE,경마가 어렵지만 이겨야 합니다.,2024-12-15T00:00:32Z,2153.0,False,144893,1980.0,126.0
3433,UCFW9yODosz3HEn_ArLC3gYA,예그맨,ezTyqxuHjjc,경마 맞췄는데 위기에 처한 여자,2024-12-22T00:00:32Z,2021.0,False,101436,1463.0,97.0
3433,UCFW9yODosz3HEn_ArLC3gYA,예그맨,JadDxGIR2sQ,한달동안 휴양마가 되겠다는 그녀,2024-12-29T00:00:09Z,1647.0,False,70977,1295.0,102.0
3433,UCFW9yODosz3HEn_ArLC3gYA,예그맨,ba3MG1LKvFE,남자라면 무조건 단통승부지요.,2025-01-05T00:00:42Z,1806.0,False,95929,1448.0,82.0
3433,UCFW9yODosz3HEn_ArLC3gYA,예그맨,LTB7jyV80p0,경마 100배 넘게 터졌습니다.,2025-01-19T00:00:20Z,1815.0,False,82393,1307.0,81.0
3433,UCFW9yODosz3HEn_ArLC3gYA,예그맨,QTgZ4VAPWck,경마장 판떼기를 찢어버렸습니다.,2025-01-26T00:00:16Z,1295.0,False,134435,1829.0,141.0
3433,UCFW9yODosz3HEn_ArLC3gYA,예그맨,T253n76SFVY,틀렸는데 돈 따고 싶은 그녀,2025-02-09T00:10:00Z,1167.0,False,69331,1218.0,82.0
3433,UCFW9yODosz3HEn_ArLC3gYA,예그맨,CZzhaJ3UIZ8,단통승부에 모든걸 건 두 사람,2025-03-05T10:36:43Z,369.0,False,56863,784.0,68.0
3433,UCFW9yODosz3HEn_ArLC3gYA,예그맨,R424QuM4RGw,단통으로 맞출 때 더 짜릿합니다,2025-03-16T00:00:20Z,1491.0,False,102258,1801.0,97.0
3433,UCFW9yODosz3HEn_ArLC3gYA,예그맨,APouuHN8NJc,하루종일 경마 맞추는 여자가 있습니다.,2025-03-23T00:00:13Z,922.0,False,42971,1083.0,66.0
3433,UCFW9yODosz3HEn_ArLC3gYA,예그맨,AIn1XA4VIsg,하루종일 경마 맞추는 그녀 2탄,2025-03-23T11:00:11Z,1259.0,False,88776,1277.0,64.0
3433,UCFW9yODosz3HEn_ArLC3gYA,예그맨,ltR7sa7ujVE,다같이 외칩시다.  원틀 원틀 원틀,2025-03-30T00:00:42Z,1427.0,False,133771,1737.0,120.0
3433,UCFW9yODosz3HEn_ArLC3gYA,예그맨,42DgFiilk7A,경마가 어렵지만 이겨내야 합니다.,2025-04-20T00:30:13Z,1504.0,False,74694,1213.0,65.0
3433,UCFW9yODosz3HEn_ArLC3gYA,예그맨,_Ums7voESfI,마지막 역전승을 노리는 남자들,2025-05-04T00:00:37Z,1527.0,False,78375,1277.0,68.0
3433,UCFW9yODosz3HEn_ArLC3gYA,예그맨,KbaPYpNbhzI,경마 한판만 하고 퇴근해도 되나요?,2025-05-18T00:00:21Z,1169.0,False,99390,1735.0,77.0
3433,UCFW9yODosz3HEn_ArLC3gYA,예그맨,tJB1IyRE7v0,무조건 이겨야만 했습니다.,2025-05-31T23:30:30Z,1770.0,False,105045,1643.0,103.0
3433,UCFW9yODosz3HEn_ArLC3gYA,예그맨,1T50t8g4ago,경마장 가자마자 아작내 버렸습니다.,2025-06-08T00:30:01Z,1643.0,False,93347,1439.0,111.0
3433,UCFW9yODosz3HEn_ArLC3gYA,예그맨,TjXzgIpuuX8,경마 처음하자마자 터져서 놀란 여자,2025-06-15T00:10:01Z,2007.0,False,75217,1471.0,107.0
3433,UCFW9yODosz3HEn_ArLC3gYA,예그맨,NOceSLUqeHs,"경마에 진심인 사나이, 바로 접니다.",2025-06-22T12:20:00Z,965.0,False,69317,1465.0,182.0
3433,UCFW9yODosz3HEn_ArLC3gYA,예그맨,SfBpEZx3p1o,마번이 다르다고 느끼실 겁니다.,2025-07-04T09:45:48Z,109.0,False,24221,501.0,126.0
3433,UCFW9yODosz3HEn_ArLC3gYA,예그맨,2pva5I2EOXo,놀라지 말라고 분명히 얘기했습니다.,2025-07-26T23:00:03Z,1123.0,False,59804,1192.0,59.0
3433,UCFW9yODosz3HEn_ArLC3gYA,예그맨,RTjCmb2FwxU,단통 한방이 보일 때는 때려야지요.,2025-08-02T12:40:01Z,1282.0,False,60919,1187.0,80.0
3433,UCFW9yODosz3HEn_ArLC3gYA,예그맨,qMwIZktr4ME,한 두 게임만 하고 집에 가면 저는 갑부입니다.,2025-08-09T13:01:40Z,1078.0,False,69115,1127.0,71.0
3434,UC51vSegKn5IMN9tavsbUVOA,서울가요대상 Seoul Music Awards,FLc-qW_Wp2E,"[제34회 서울가요대상 SMA 수상소감] FIFTY FIFTY(피프티피프티) ""키나 언니 그리워…빨리 낫기를""",2025-06-23T06:19:04Z,76.0,False,894,149.0,19.0
3434,UC51vSegKn5IMN9tavsbUVOA,서울가요대상 Seoul Music Awards,5VntgSanVdw,"[제34회 서울가요대상 SMA 수상소감] 하츠투하츠(Hearts2Hearts) ""신인상, 늘 고맙게 생각하는 하츄♥""",2025-06-23T06:49:10Z,59.0,True,596,37.0,1.0
3434,UC51vSegKn5IMN9tavsbUVOA,서울가요대상 Seoul Music Awards,D5xVS3mjhls,"[제34회 서울가요대상 SMA 수상소감] 킥플립(KickFlip) ""더 좋은 에너지로 보답할게요""",2025-06-23T07:09:40Z,71.0,False,465,63.0,11.0
3434,UC51vSegKn5IMN9tavsbUVOA,서울가요대상 Seoul Music Awards,HL14asQdNnM,"[제34회 서울가요대상 SMA 수상소감] KiiiKiii(키키) ""신인상 영광, 예쁘게 봐주세요~""",2025-06-23T07:39:34Z,80.0,False,305,10.0,0.0
3434,UC51vSegKn5IMN9tavsbUVOA,서울가요대상 Seoul Music Awards,4iOAuGS0eXg,"[제34회 서울가요대상 SMA 수상소감] SAY MY NAME(세이마이네임) ""성장하는 모습 보여드릴게요""",2025-06-23T08:49:43Z,77.0,False,510,63.0,5.0
3434,UC51vSegKn5IMN9tavsbUVOA,서울가요대상 Seoul Music Awards,wLUmrkuCi3Q,"[제34회 서울가요대상 SMA 수상소감] VVUP(비비업) ""큰 무대 영광, 뜻깊은 상까지""",2025-06-23T09:19:34Z,69.0,False,952,280.0,37.0
3434,UC51vSegKn5IMN9tavsbUVOA,서울가요대상 Seoul Music Awards,um-bQBzvSDc,[제34회 서울가요대상 SMA 레드카펫] 황가람(Hwang Garam) '발라드상',2025-06-24T04:31:25Z,110.0,False,498,29.0,5.0
3434,UC51vSegKn5IMN9tavsbUVOA,서울가요대상 Seoul Music Awards,PClF4n3cojE,[제34회 서울가요대상 SMA 레드카펫] wave to earth(웨이브투어스) '밴드상',2025-06-24T05:06:27Z,171.0,False,258,9.0,1.0
3434,UC51vSegKn5IMN9tavsbUVOA,서울가요대상 Seoul Music Awards,4WxgSWZGZTg,[제34회 서울가요대상 SMA 레드카펫] 강유석(Kang Youseok),2025-06-24T05:47:02Z,117.0,False,597,33.0,2.0
3434,UC51vSegKn5IMN9tavsbUVOA,서울가요대상 Seoul Music Awards,68fOp-xvwbI,"[제34회 서울가요대상 SMA 수상소감] 투모로우바이투게더(TXT), 서가대 3관왕 ""7월 앨범 발매도 기대해 주세요""",2025-06-26T07:16:16Z,92.0,False,4434,592.0,30.0
3434,UC51vSegKn5IMN9tavsbUVOA,서울가요대상 Seoul Music Awards,DR15giRr44I,[제35회 서울가요대상 SMA 응원영상] 아홉(AHOF),2026-04-22T07:09:53Z,33.0,True,1465,415.0,53.0
3434,UC51vSegKn5IMN9tavsbUVOA,서울가요대상 Seoul Music Awards,LRu0_QdNtjo,[제35회 서울가요대상 SMA 응원영상] 권은비(KWON EUN BI),2026-04-22T07:09:57Z,17.0,True,326,34.0,2.0
3434,UC51vSegKn5IMN9tavsbUVOA,서울가요대상 Seoul Music Awards,r91hQciHsl0,[제35회 서울가요대상 SMA 응원영상] 아이덴티티(idntt),2026-04-22T07:10:01Z,31.0,True,139,5.0,0.0
3434,UC51vSegKn5IMN9tavsbUVOA,서울가요대상 Seoul Music Awards,3KgTAJ_Ynz4,[제35회 서울가요대상 SMA 응원영상] from. 킹키부츠(엔젤),2026-04-22T07:34:13Z,26.0,True,1737,4.0,0.0
3434,UC51vSegKn5IMN9tavsbUVOA,서울가요대상 Seoul Music Awards,ZhmIlTA84ms,[제35회 서울가요대상 SMA 응원영상] from. 김소향 배우,2026-04-22T07:34:17Z,14.0,True,1439,4.0,0.0
3434,UC51vSegKn5IMN9tavsbUVOA,서울가요대상 Seoul Music Awards,hD9tFT3W9pM,[제35회 서울가요대상 SMA 응원영상] from. 김민솔프로,2026-04-22T07:34:20Z,19.0,True,429,3.0,1.0
3434,UC51vSegKn5IMN9tavsbUVOA,서울가요대상 Seoul Music Awards,nYyennrcINk,[제35회 서울가요대상 SMA 응원영상] from. 송일국 배우,2026-04-22T07:34:26Z,11.0,True,1961,24.0,0.0
3434,UC51vSegKn5IMN9tavsbUVOA,서울가요대상 Seoul Music Awards,S8GFMIyuToo,[제35회 서울가요대상 SMA 응원영상] from. 나성범 선수,2026-04-22T07:36:48Z,18.0,True,878,6.0,0.0
3434,UC51vSegKn5IMN9tavsbUVOA,서울가요대상 Seoul Music Awards,ZDJvnEFNHik,[제35회 서울가요대상 SMA 응원영상] from. 김아랑 선수,2026-04-22T07:40:29Z,14.0,True,1963,8.0,1.0
3434,UC51vSegKn5IMN9tavsbUVOA,서울가요대상 Seoul Music Awards,JA6potMHjKo,[제35회 서울가요대상 SMA 응원영상] from. 김성식 배우,2026-04-22T07:43:52Z,21.0,True,1368,13.0,1.0
3434,UC51vSegKn5IMN9tavsbUVOA,서울가요대상 Seoul Music Awards,JPr0E9gGs28,[제35회 서울가요대상 SMA 응원영상] from. 조형균 배우,2026-04-22T07:44:17Z,21.0,True,664,15.0,4.0
3434,UC51vSegKn5IMN9tavsbUVOA,서울가요대상 Seoul Music Awards,FEiN0DnlzyI,[제35회 서울가요대상 SMA 응원영상] from. 김민선7프로,2026-04-22T07:50:40Z,17.0,True,37,0.0,0.0
3434,UC51vSegKn5IMN9tavsbUVOA,서울가요대상 Seoul Music Awards,0gWENX0x-I0,[제35회 서울가요대상 SMA 응원영상] from. 유현주프로,2026-04-22T07:50:45Z,15.0,True,61,0.0,0.0
3434,UC51vSegKn5IMN9tavsbUVOA,서울가요대상 Seoul Music Awards,jB7koD9trCI,[제35회 서울가요대상 SMA 응원영상] from. 오만석 배우,2026-04-22T07:54:59Z,26.0,True,86,3.0,0.0
3434,UC51vSegKn5IMN9tavsbUVOA,서울가요대상 Seoul Music Awards,gl9k1Tt-mZs,[제35회 서울가요대상 SMA 응원영상] from. 유리아 배우,2026-04-22T07:55:04Z,17.0,True,106,4.0,0.0
3434,UC51vSegKn5IMN9tavsbUVOA,서울가요대상 Seoul Music Awards,rsDxrMi3EI4,[제35회 서울가요대상 SMA 응원영상] from. 곽윤기 선수,2026-04-22T07:59:10Z,23.0,True,107,2.0,0.0
3434,UC51vSegKn5IMN9tavsbUVOA,서울가요대상 Seoul Music Awards,kRPEZoMuWPw,[제35회 서울가요대상 SMA 응원영상] from. 민우혁 배우,2026-04-22T08:02:58Z,12.0,True,355,11.0,0.0
3434,UC51vSegKn5IMN9tavsbUVOA,서울가요대상 Seoul Music Awards,sNTQ3F-7FTA,[제35회 서울가요대상 SMA 응원영상] from. 난쟁이들,2026-04-22T08:03:10Z,27.0,True,382,9.0,0.0
3434,UC51vSegKn5IMN9tavsbUVOA,서울가요대상 Seoul Music Awards,qWlRBuqFSg8,[제35회 서울가요대상 SMA 응원영상] from. 이세희 선수,2026-04-22T08:49:16Z,17.0,True,109,0.0,0.0
3434,UC51vSegKn5IMN9tavsbUVOA,서울가요대상 Seoul Music Awards,vypSC7EnNfY,[제35회 서울가요대상 SMA 응원영상] from. 이해준 배우,2026-04-22T08:49:22Z,26.0,True,933,48.0,0.0
3434,UC51vSegKn5IMN9tavsbUVOA,서울가요대상 Seoul Music Awards,u2szDU6FQs0,[제35회 서울가요대상 SMA 응원영상] 세이마이네임(SAY MY NAME),2026-04-22T09:03:37Z,31.0,True,357,29.0,1.0
3434,UC51vSegKn5IMN9tavsbUVOA,서울가요대상 Seoul Music Awards,tnUrvN47Kxc,[제35회 서울가요대상 SMA 응원영상] from. 김도영 선수,2026-04-22T23:46:37Z,17.0,True,761,21.0,0.0
3434,UC51vSegKn5IMN9tavsbUVOA,서울가요대상 Seoul Music Awards,as349rFaqOo,[제35회 서울가요대상 SMA 응원영상] from. 개그맨 남희석,2026-04-23T07:26:35Z,27.0,True,790,3.0,0.0
3434,UC51vSegKn5IMN9tavsbUVOA,서울가요대상 Seoul Music Awards,YyHTiKvMwQs,[제35회 서울가요대상 SMA 응원영상] from. 방송인 장성규,2026-04-23T07:28:49Z,20.0,True,499,1.0,0.0
3434,UC51vSegKn5IMN9tavsbUVOA,서울가요대상 Seoul Music Awards,T_Vov1XwKTk,[제35회 서울가요대상 SMA 응원영상] from. 서동진 배우,2026-04-23T07:41:28Z,23.0,True,2453,8.0,1.0
3434,UC51vSegKn5IMN9tavsbUVOA,서울가요대상 Seoul Music Awards,CAg7Uh1ahoM,[제35회 서울가요대상 SMA 응원영상] from. 방송인 강호동,2026-04-27T07:24:14Z,14.0,True,398,2.0,0.0
3434,UC51vSegKn5IMN9tavsbUVOA,서울가요대상 Seoul Music Awards,B3ZpYvvSSsA,[제35회 서울가요대상 SMA 응원영상] from. 방송인 서장훈,2026-04-27T07:32:33Z,21.0,True,5732,5.0,0.0
3434,UC51vSegKn5IMN9tavsbUVOA,서울가요대상 Seoul Music Awards,fMvu6RW0dIU,[제35회 서울가요대상 SMA 응원영상] from. 윤소호 배우,2026-04-27T07:44:25Z,24.0,True,761,12.0,0.0
3434,UC51vSegKn5IMN9tavsbUVOA,서울가요대상 Seoul Music Awards,LxKwREI5mnk,[제35회 서울가요대상 SMA 응원영상] from. 강미나 배우,2026-04-27T07:52:51Z,22.0,True,2365,8.0,2.0
3434,UC51vSegKn5IMN9tavsbUVOA,서울가요대상 Seoul Music Awards,By3Eo2lNs1I,[제35회 서울가요대상 SMA 응원영상] from. 배소현프로,2026-04-27T08:32:13Z,19.0,True,1090,1.0,0.0
3434,UC51vSegKn5IMN9tavsbUVOA,서울가요대상 Seoul Music Awards,PP9XNdVOi7A,[제35회 서울가요대상 SMA 응원영상] from. 김택연 선수,2026-04-27T08:40:05Z,19.0,True,2305,97.0,19.0
3434,UC51vSegKn5IMN9tavsbUVOA,서울가요대상 Seoul Music Awards,WQVuiYrnbr8,[제35회 서울가요대상 SMA 응원영상] from. 김동준 배우,2026-04-27T08:58:29Z,18.0,True,562,6.0,0.0
3434,UC51vSegKn5IMN9tavsbUVOA,서울가요대상 Seoul Music Awards,McsYxD-xJYA,[제35회 서울가요대상 SMA 응원영상] from. 유지태 배우,2026-04-27T09:00:25Z,20.0,True,600,8.0,0.0
3434,UC51vSegKn5IMN9tavsbUVOA,서울가요대상 Seoul Music Awards,Cm7DBalpYvE,[제35회 서울가요대상 SMA 응원영상] from. 김소현&손준호 배우,2026-04-29T03:34:30Z,27.0,True,1549,5.0,0.0
3434,UC51vSegKn5IMN9tavsbUVOA,서울가요대상 Seoul Music Awards,nCJNNaXsyv0,[제35회 서울가요대상 SMA 응원영상] from. 유현조프로,2026-04-30T08:50:33Z,17.0,True,263,1.0,0.0
3434,UC51vSegKn5IMN9tavsbUVOA,서울가요대상 Seoul Music Awards,-uoDMMAcq0Q,[제35회 서울가요대상 SMA 응원영상] from. 윤경호 배우,2026-04-30T08:50:36Z,23.0,True,397,4.0,0.0
3434,UC51vSegKn5IMN9tavsbUVOA,서울가요대상 Seoul Music Awards,KxA62S4sEHI,[제35회 서울가요대상 SMA 응원영상] from. 송지아프로,2026-05-07T01:20:53Z,16.0,True,1866,10.0,1.0
3434,UC51vSegKn5IMN9tavsbUVOA,서울가요대상 Seoul Music Awards,bWb6kAW-RF0,[제35회 서울가요대상 SMA 응원영상] 키키(KiiiKiii),2026-05-07T01:25:43Z,45.0,True,186,10.0,1.0
3434,UC51vSegKn5IMN9tavsbUVOA,서울가요대상 Seoul Music Awards,uzsvSt4EX_Q,[제35회 서울가요대상 SMA 응원영상] from. 김호영 배우,2026-05-08T00:02:43Z,15.0,True,2317,17.0,1.0
3434,UC51vSegKn5IMN9tavsbUVOA,서울가요대상 Seoul Music Awards,Mg75gVRQA9Y,[제35회 서울가요대상 SMA 응원영상] from. 이규형 배우,2026-05-14T01:08:56Z,19.0,True,886,38.0,1.0
3435,UCjGjOnBvdq_sFjdkfeSYVIg,두다다쿵 Duda&Dada,mdbX6TvDFBc,"두다다쿵 30분스페셜 | 친구 집에 놀러가보자! | 시즌3 7, 8, 20화 | 애니메이션 연속보기 | Duda&Dada",2025-04-25T08:00:55Z,2028.0,False,18313,31.0,0.0
3435,UCjGjOnBvdq_sFjdkfeSYVIg,두다다쿵 Duda&Dada,MkAMjTFS34c,친구들은 어떤책이 제일 좋아? #두다다쿵 #두다 #shorts,2025-04-30T08:00:25Z,9.0,True,15632,101.0,0.0
3435,UCjGjOnBvdq_sFjdkfeSYVIg,두다다쿵 Duda&Dada,X7wwzrL0xXQ,"두다다쿵 30분스페셜 | 와! 여름이다! | 시즌3 1, 4, 6화 | 애니메이션 연속보기 | Duda&Dada",2025-05-02T08:00:39Z,2049.0,False,9792,14.0,0.0
3435,UCjGjOnBvdq_sFjdkfeSYVIg,두다다쿵 Duda&Dada,_NTWSDjH4yo,블로그에 두다 이모티콘 출시 ?! #두다다쿵 #두다 #shorts,2025-05-07T08:00:41Z,29.0,True,15364,106.0,0.0
3435,UCjGjOnBvdq_sFjdkfeSYVIg,두다다쿵 Duda&Dada,aCNS8VMitmg,"두다다쿵 30분스페셜 | 귀여운 아기 동물들 모음 | 시즌3 8,10,20 화 | 애니메이션 연속보기 | Duda&Dada",2025-05-09T08:00:03Z,2025.0,False,14531,26.0,0.0
3435,UCjGjOnBvdq_sFjdkfeSYVIg,두다다쿵 Duda&Dada,aR7inkjrL50,두다다쿵속 내가 살고싶은 집은? #두다다쿵 #두다 #shorts,2025-05-16T08:00:03Z,23.0,True,16237,123.0,0.0
3435,UCjGjOnBvdq_sFjdkfeSYVIg,두다다쿵 Duda&Dada,HRCuL4tHLY8,"두다다쿵 30분스페셜 | 든든한 부모님 특집! | 시즌3 6, 20, 21 화 | 애니메이션 연속보기 | Duda&Dada",2025-05-16T08:00:21Z,2042.0,False,19022,34.0,0.0
3435,UCjGjOnBvdq_sFjdkfeSYVIg,두다다쿵 Duda&Dada,4JGRbFhP19k,"두다다쿵 40분스페셜 | 와! 여름이다!2 | 시즌3 9, 12, 19, 25화 | 애니메이션 연속보기 | Duda&Dada",2025-05-23T08:00:06Z,2724.0,False,22255,24.0,0.0
3435,UCjGjOnBvdq_sFjdkfeSYVIg,두다다쿵 Duda&Dada,ojLiU0ps-WY,"두다다쿵 50분스페셜 | 물에서 놀 때에는 조심해야해! | 시즌3 1, 9, 21, 22, 24 화 | 애니메이션 연속보기 | Duda&Dada",2025-05-30T08:00:55Z,3407.0,False,21270,30.0,0.0
3435,UCjGjOnBvdq_sFjdkfeSYVIg,두다다쿵 Duda&Dada,gn7MgZcIxWc,"두다다쿵 30분스페셜 | 딱 붙어있고 싶어!~ | 시즌3 2, 19,  24 화 | 애니메이션 연속보기 | Duda&Dada",2025-06-06T08:00:49Z,2029.0,False,28407,35.0,0.0
3435,UCjGjOnBvdq_sFjdkfeSYVIg,두다다쿵 Duda&Dada,zCLVhxYsHyY,"두다다쿵 40분스페셜 | 오해 해서 미안해! | 시즌3 7, 12, 14, 26 화 | 애니메이션 연속보기 | Duda&Dada",2025-06-13T08:01:12Z,2728.0,False,13578,20.0,0.0
3435,UCjGjOnBvdq_sFjdkfeSYVIg,두다다쿵 Duda&Dada,heAYmbkLtXU,무슨옷이 제일 귀여워? #두다다쿵 #두다 #shorts,2025-06-13T08:36:59Z,12.0,True,22705,113.0,0.0
3435,UCjGjOnBvdq_sFjdkfeSYVIg,두다다쿵 Duda&Dada,AMLu_PXOgBc,스킨케어 ASMR~ #두다다쿵 #두다 #ASMR #shorts,2025-06-18T08:00:18Z,59.0,True,9786,77.0,0.0
3435,UCjGjOnBvdq_sFjdkfeSYVIg,두다다쿵 Duda&Dada,lv4ogHuG9xo,"두다다쿵 30분스페셜 | 자존감 1등! | 시즌3 4, 13, 25 화 | 애니메이션 연속보기 | Duda&Dada",2025-06-20T09:12:35Z,2046.0,False,13632,19.0,0.0
3435,UCjGjOnBvdq_sFjdkfeSYVIg,두다다쿵 Duda&Dada,qZwXyEVmJ1o,"두다다쿵 60분스페셜 | 랜덤 스페셜 1! | 시즌3  2, 5, 7, 10, 11, 14화 | 애니메이션 연속보기 | Duda&Dada",2025-06-27T14:45:13Z,4071.0,False,15364,17.0,0.0
3435,UCjGjOnBvdq_sFjdkfeSYVIg,두다다쿵 Duda&Dada,2SlhfAYMBnY,"두다다쿵 60분스페셜 | 랜덤 스페셜2 | 시즌3 3, 8, 15, 16, 17, 18 화 | 애니메이션 연속보기 | Duda&Dada",2025-07-04T08:00:04Z,4075.0,False,16543,15.0,0.0
3435,UCjGjOnBvdq_sFjdkfeSYVIg,두다다쿵 Duda&Dada,eYxjlSX3wx4,"두다다쿵 60분스페셜 | 여름특집 몰아보기 | 시즌3 01, 06,  09, 12, 19, 25 화 | 애니메이션 연속보기 | Duda&Dada",2025-07-11T09:30:21Z,4090.0,False,13499,15.0,0.0
3435,UCjGjOnBvdq_sFjdkfeSYVIg,두다다쿵 Duda&Dada,1uMwosHbzTE,두다처럼 귀엽고 싶다..#두다다쿵 #두다 #shorts,2025-07-16T08:00:03Z,8.0,True,8759,63.0,0.0
3435,UCjGjOnBvdq_sFjdkfeSYVIg,두다다쿵 Duda&Dada,YIzgrdCyyUE,"두다다쿵 60분스페셜 | 랜덤 스페셜3 | 시즌3 ep 20, 21, 22, 23, 24, 25 화 | 애니메이션 연속보기 | Duda&Dada",2025-07-18T08:00:40Z,4071.0,False,20537,34.0,0.0
3435,UCjGjOnBvdq_sFjdkfeSYVIg,두다다쿵 Duda&Dada,Tr55WhqqIDc,두다 헤어케어 ASMR~,2025-07-23T08:00:37Z,55.0,True,7174,51.0,0.0
3435,UCjGjOnBvdq_sFjdkfeSYVIg,두다다쿵 Duda&Dada,GNyGJc3zJVo,두다다쿵 60분스페셜 | 정주행 1! | 시즌3 ep 1~6 화 | 애니메이션 연속보기 | Duda&Dada,2025-07-25T08:00:31Z,4083.0,False,15356,19.0,0.0
3435,UCjGjOnBvdq_sFjdkfeSYVIg,두다다쿵 Duda&Dada,qvzJd9cHicc,두다의 메이크업 ASMR~#두다다쿵 #두다 #shorts,2025-07-30T08:00:58Z,60.0,True,8229,55.0,0.0
3435,UCjGjOnBvdq_sFjdkfeSYVIg,두다다쿵 Duda&Dada,NOa5F2pDoMI,두다다쿵 60분스페셜 | 정주행 2! | 시즌3 ep 7~12 화 | 애니메이션 연속보기 | Duda&Dada,2025-08-01T08:04:17Z,4081.0,False,17641,25.0,0.0
3435,UCjGjOnBvdq_sFjdkfeSYVIg,두다다쿵 Duda&Dada,C2W5ZeqiF2U,친구들은 어느쪽이 더 좋아?? #두다다쿵 #두다 #shorts,2025-08-08T08:00:20Z,22.0,True,38926,149.0,0.0
3435,UCjGjOnBvdq_sFjdkfeSYVIg,두다다쿵 Duda&Dada,YiaEOO0I5dE,두다다쿵 60분스페셜 | 정주행 3! | 시즌3 ep13~19 화 | 애니메이션 연속보기 | Duda&Dada,2025-08-08T08:00:49Z,4752.0,False,20411,30.0,0.0
3435,UCjGjOnBvdq_sFjdkfeSYVIg,두다다쿵 Duda&Dada,D8osxVwYogw,두다적 사고 필요한사람? #두다다쿵 #두다 #shorts,2025-08-13T08:00:15Z,15.0,True,80850,162.0,0.0
3435,UCjGjOnBvdq_sFjdkfeSYVIg,두다다쿵 Duda&Dada,p2ASmCs0Wh4,두다다쿵 60분 스페셜 | 정주행 4! | 시즌3 ep20~26 화 | 애니메이션 연속보기 | Duda&Dada,2025-08-15T08:00:57Z,4754.0,False,28442,53.0,0.0
3435,UCjGjOnBvdq_sFjdkfeSYVIg,두다다쿵 Duda&Dada,jcGwA9ez4Lk,어떤 두다가 제일 귀여워? #두다다쿵 #두다 #shorts,2025-08-20T08:00:48Z,7.0,True,22110,95.0,0.0
3435,UCjGjOnBvdq_sFjdkfeSYVIg,두다다쿵 Duda&Dada,2Lho-c2b-4s,두다랑 눈맞추기 난이도 상..! #두다다쿵 #두다 #shorts,2025-08-27T08:00:05Z,24.0,True,12778,86.0,0.0
3435,UCjGjOnBvdq_sFjdkfeSYVIg,두다다쿵 Duda&Dada,mh-jQa-niuk,요즘 내 정신머리 근황 #두다다쿵 #두다 #shorts,2025-09-05T08:01:04Z,58.0,True,8150,69.0,0.0
3435,UCjGjOnBvdq_sFjdkfeSYVIg,두다다쿵 Duda&Dada,3wpxZ8Dmexg,빛나는 두다 발견! 오늘은 운이 좋을지도?#두다다쿵 #두다 #shorts,2025-09-10T08:00:12Z,12.0,True,10802,70.0,0.0
3435,UCjGjOnBvdq_sFjdkfeSYVIg,두다다쿵 Duda&Dada,K4q071_OHBA,두다도 그림자 댄스! #두다다쿵 #두다 #shorts,2025-09-12T08:00:20Z,12.0,True,48023,154.0,0.0
3435,UCjGjOnBvdq_sFjdkfeSYVIg,두다다쿵 Duda&Dada,KSRcuhGJGj0,KANGDANIEL × DUDA랑 월요일 클리어✅💛#강다니엘 #두다다쿵 #강다니엘×두다  #KANGDANIEL #DUDA #HealingCamping  #shorts,2025-09-15T10:00:34Z,6.0,True,11466,571.0,0.0
3435,UCjGjOnBvdq_sFjdkfeSYVIg,두다다쿵 Duda&Dada,x7sgEN9-_uA,귀여움 두배 KANGDANIEL × DUDA!! —두다니엘이랑 같이 화요팅☀️🫶#강다니엘 #두다다쿵#강다니엘×두다 #KANGDANIEL #DUDA #HealingCamping,2025-09-16T09:12:04Z,10.0,True,10867,562.0,0.0
3435,UCjGjOnBvdq_sFjdkfeSYVIg,두다다쿵 Duda&Dada,l9dAxkallb4,두다랑 같이 마크 할 사람? #두다다쿵 #두다 #shorts,2025-09-19T08:34:44Z,37.0,True,14654,118.0,0.0
3435,UCjGjOnBvdq_sFjdkfeSYVIg,두다다쿵 Duda&Dada,bZPtBZubUG0,'KANGDANIEL X DUDA 온라인판매 마감 D-DAY' 가을과 함께 찾아온 귀여운 콜라보!!🍂💛KANGDANIEL × DUDA 랑 같이 캠핑 갈 준비 됐어??,2025-09-24T04:49:21Z,84.0,False,18355,1248.0,110.0
3435,UCjGjOnBvdq_sFjdkfeSYVIg,두다다쿵 Duda&Dada,8_T_sdxbLh0,사실 너도 똑같더라고.. #두다다쿵 #두다 #shorts,2025-09-26T08:00:10Z,12.0,True,21867,140.0,0.0
3435,UCjGjOnBvdq_sFjdkfeSYVIg,두다다쿵 Duda&Dada,GgqXRG2-bMQ,다시 돌아가고 싶다.. #두다다쿵 #두다 #shorts,2025-10-08T08:00:14Z,16.0,True,13557,69.0,0.0
3435,UCjGjOnBvdq_sFjdkfeSYVIg,두다다쿵 Duda&Dada,VyPTD82nd44,2025끝나기 두달전...#두다다쿵 #두다 #shorts,2025-10-10T08:00:42Z,14.0,True,12843,81.0,0.0
3435,UCjGjOnBvdq_sFjdkfeSYVIg,두다다쿵 Duda&Dada,-pmoipvGiE4,내 엉덩이가 안 멈춰..! #두다다쿵 #두다 #shorts,2025-10-29T08:00:01Z,9.0,True,12206,85.0,0.0
3435,UCjGjOnBvdq_sFjdkfeSYVIg,두다다쿵 Duda&Dada,uLWapQdBRhE,스트레스 해소엔 역시 두다테라피!✨🌿#두다다쿵 #두다 #shorts  #두다shop #키링 #스트레스볼,2025-11-07T08:01:17Z,12.0,True,4102,22.0,0.0
3435,UCjGjOnBvdq_sFjdkfeSYVIg,두다다쿵 Duda&Dada,gXq10ceJGKc,여러분의 익힘 점수는??🥥💦#두다다쿵 #두다 #shorts #NaturalRubber #asmr #고무짜기,2025-11-12T08:01:01Z,21.0,True,4459,38.0,0.0
3435,UCjGjOnBvdq_sFjdkfeSYVIg,두다다쿵 Duda&Dada,XhzF09lytxA,두다도 유행 탑승😎✨#두다다쿵 #두다 #shorts #카니를찾아서,2025-11-14T08:00:44Z,18.0,True,9079,43.0,0.0
3435,UCjGjOnBvdq_sFjdkfeSYVIg,두다다쿵 Duda&Dada,afYBmYyov48,두다의 레전드 지식인 탐방!! #두다다쿵 #두다스타그램 #두다 #두다shop #지식인 #내공,2025-11-19T08:00:02Z,48.0,True,7850,57.0,0.0
3435,UCjGjOnBvdq_sFjdkfeSYVIg,두다다쿵 Duda&Dada,fNh73oIF_Bk,두다 잡혔쏘😖💛#두다다쿵 #두다 #shorts,2025-12-08T08:00:55Z,7.0,True,8287,53.0,0.0
3435,UCjGjOnBvdq_sFjdkfeSYVIg,두다다쿵 Duda&Dada,xmkc5Z4SE-E,⭐두다 단어 리듬 게임⭐#두다다쿵 #두다 #shorts,2025-12-17T08:01:17Z,31.0,True,15867,109.0,0.0
3435,UCjGjOnBvdq_sFjdkfeSYVIg,두다다쿵 Duda&Dada,ICJy4HZVB68,두다의 고양이 필터😽#두다다쿵 #두다 #shorts #두다shop #ticktock,2025-12-19T09:00:26Z,10.0,True,8143,60.0,0.0
3435,UCjGjOnBvdq_sFjdkfeSYVIg,두다다쿵 Duda&Dada,6AlpqoJmRyE,두다는 뭘 검색 했을까? #두다다쿵 #두다스타그램 #두다#두다shop,2025-12-26T09:00:08Z,26.0,True,12891,98.0,0.0
3435,UCjGjOnBvdq_sFjdkfeSYVIg,두다다쿵 Duda&Dada,QOBOgG76Cjs,깜찍한 두다 포인트 줄 사람 손!!🙋‍♀️✨#두다다쿵 #두다스타그램 #두다#두다shop #패션 #코디 #데이트룩,2025-12-30T08:00:30Z,6.0,True,3752,47.0,0.0
3435,UCjGjOnBvdq_sFjdkfeSYVIg,두다다쿵 Duda&Dada,7r2Is3ur2mw,미안할 거 없는데 심호흡 한 번 해💨#두다다쿵 #두다 #shorts,2026-01-07T09:00:24Z,15.0,True,8084,77.0,0.0
3436,UCH3e9vMlDLUdp8qO5aHbplg,이종대왕,oinme0WgTYY,내 이름을 불러,2024-05-25T04:41:01Z,59.0,True,36059,712.0,4.0
3436,UCH3e9vMlDLUdp8qO5aHbplg,이종대왕,2f1y_YAAPlg,애플바나나오렌지 ㅣ6학년,2024-05-26T09:17:14Z,60.0,True,37636,552.0,3.0
3436,UCH3e9vMlDLUdp8qO5aHbplg,이종대왕,0LLDrE9e2zM,물고기사냥 l 교실놀이,2024-05-28T08:33:58Z,55.0,True,25478,334.0,2.0
3436,UCH3e9vMlDLUdp8qO5aHbplg,이종대왕,0Jc008BQkKg,체스술래잡기,2024-06-02T05:57:50Z,56.0,True,90955,1224.0,9.0
3436,UCH3e9vMlDLUdp8qO5aHbplg,이종대왕,ixgx5EyGZZA,고고전진해본 사람 댓글😁,2024-06-11T10:26:13Z,60.0,True,18986,264.0,19.0
3436,UCH3e9vMlDLUdp8qO5aHbplg,이종대왕,2qUt0j1ip-c,6학년 안대기차,2024-06-13T10:01:23Z,39.0,True,29102,365.0,3.0
3436,UCH3e9vMlDLUdp8qO5aHbplg,이종대왕,fL2j4d8q238,안대좀비 6학녑,2024-06-16T03:38:50Z,45.0,True,30422,387.0,6.0
3436,UCH3e9vMlDLUdp8qO5aHbplg,이종대왕,kvDhW80k5iU,초성텔레파시,2024-06-23T10:25:38Z,53.0,True,48973,651.0,20.0
3436,UCH3e9vMlDLUdp8qO5aHbplg,이종대왕,wISfbjZILCA,볼링피구,2024-06-28T11:24:19Z,58.0,True,29165,297.0,3.0
3436,UCH3e9vMlDLUdp8qO5aHbplg,이종대왕,VfozttF3yl0,집현전 2024 온라인 노릿말싸미,2024-06-29T03:45:52Z,36.0,True,1078,18.0,0.0
3436,UCH3e9vMlDLUdp8qO5aHbplg,이종대왕,ylZM_jEn7G0,천사와 악마 술래잡기,2024-07-04T08:40:30Z,54.0,True,42709,491.0,3.0
3436,UCH3e9vMlDLUdp8qO5aHbplg,이종대왕,D_el5N5kim0,고학년 변신가위바위보,2024-07-06T09:22:16Z,56.0,True,30252,389.0,1.0
3436,UCH3e9vMlDLUdp8qO5aHbplg,이종대왕,nlcl_exhQOg,유령열차 6학년,2024-07-13T01:09:16Z,51.0,True,58473,917.0,9.0
3436,UCH3e9vMlDLUdp8qO5aHbplg,이종대왕,8VkVVNePor4,(일주일 앞으로) 집현전 온라인 노릿말싸미 컨텐츠 대축제,2024-07-14T09:52:29Z,56.0,True,1485,15.0,0.0
3436,UCH3e9vMlDLUdp8qO5aHbplg,이종대왕,80Aixe1vg_0,사회이어달리기,2024-07-28T05:09:54Z,60.0,True,26364,417.0,8.0
3436,UCH3e9vMlDLUdp8qO5aHbplg,이종대왕,1ZyH7NEKTTI,사랑합니다 방학때 💢💢했으니까,2024-08-21T13:55:18Z,38.0,True,44642,626.0,4.0
3436,UCH3e9vMlDLUdp8qO5aHbplg,이종대왕,6iTPSacQpsY,에포이타이타이에 6학년,2024-08-22T09:33:05Z,39.0,True,27782,331.0,3.0
3436,UCH3e9vMlDLUdp8qO5aHbplg,이종대왕,E7tJND61DSY,꿀잼미술 ㅣ추석미니북 ㅣ 민경임당,2024-09-02T12:21:40Z,242.0,False,4446,29.0,1.0
3436,UCH3e9vMlDLUdp8qO5aHbplg,이종대왕,Ims5DsPXZ5Y,꿀잼미술 ㅣ 까꿍책(도안제공) ㅣ민경임당 ㅣ 10월 계기교육,2024-09-24T23:41:02Z,256.0,False,4770,40.0,0.0
3436,UCH3e9vMlDLUdp8qO5aHbplg,이종대왕,YTTxtO3OL9M,안대한걸음 ㅣ교실놀이,2024-10-20T06:42:38Z,60.0,True,96831,1221.0,17.0
3436,UCH3e9vMlDLUdp8qO5aHbplg,이종대왕,71FL2foFdA8,꿀잼미수리  가을 열매 왕관 만들기 ㅣ 민경임당,2024-10-29T00:49:13Z,193.0,False,1168,10.0,0.0
3436,UCH3e9vMlDLUdp8qO5aHbplg,이종대왕,SDOA_dfO6qI,삼각이름표만들기 ㅣ 민경임당,2025-02-24T10:29:01Z,147.0,False,7263,72.0,5.0
3436,UCH3e9vMlDLUdp8qO5aHbplg,이종대왕,pl9gS_JZmCM,손님모셔오기 ㅣ 교실놀이 ㅣ 6학년,2025-04-06T03:18:06Z,39.0,True,54115,505.0,7.0
3436,UCH3e9vMlDLUdp8qO5aHbplg,이종대왕,OIAxrXRLrcI,사랑합니다 왜요 6학년ㅣ 교실놀이,2025-04-11T07:05:17Z,58.0,True,1644684,22738.0,105.0
3436,UCH3e9vMlDLUdp8qO5aHbplg,이종대왕,N9n0maEEimM,유령열차 ㅣ교실놀이,2025-04-13T04:09:19Z,61.0,False,1043911,13097.0,149.0
3436,UCH3e9vMlDLUdp8qO5aHbplg,이종대왕,WIpoGA2nz7o,안대기차,2025-04-21T11:41:55Z,54.0,True,16503,175.0,8.0
3436,UCH3e9vMlDLUdp8qO5aHbplg,이종대왕,x97IH1USOc8,좀비감염놀이,2025-04-25T10:38:38Z,60.0,True,28213,342.0,4.0
3436,UCH3e9vMlDLUdp8qO5aHbplg,이종대왕,i_zicTujNa0,미션마피아 ㅣ 교실놀이,2025-04-27T02:27:46Z,60.0,True,37137,327.0,3.0
3436,UCH3e9vMlDLUdp8qO5aHbplg,이종대왕,sliFB7ewK-I,스타와 팬클럽ㅣ교실놀이,2025-05-05T06:00:34Z,58.0,True,33584,332.0,3.0
3436,UCH3e9vMlDLUdp8qO5aHbplg,이종대왕,l3ckG_8NnDo,릴레이초상화ㅣ교실놀이,2025-05-11T10:37:31Z,57.0,True,29965,295.0,3.0
3436,UCH3e9vMlDLUdp8qO5aHbplg,이종대왕,guBT-Wf9zMI,미션마피아 ㅣ교실놀이,2025-05-18T04:45:07Z,60.0,True,58147,389.0,1.0
3436,UCH3e9vMlDLUdp8qO5aHbplg,이종대왕,9c3Jb4ZDeIk,올챙이쎄쎄쎄 ㅣ교실놀이,2025-05-25T08:04:24Z,47.0,True,22062,179.0,4.0
3436,UCH3e9vMlDLUdp8qO5aHbplg,이종대왕,UWnrrUGiuTE,사랑합니다 왜요 6학년 ㅣ 교실놀이,2025-10-18T04:44:27Z,78.0,False,26049,266.0,10.0
3436,UCH3e9vMlDLUdp8qO5aHbplg,이종대왕,lyOg-JM0Sk8,사랑합니다 왜요 /6학년 2학기 버전,2025-10-21T11:36:26Z,69.0,False,40559,386.0,
3436,UCH3e9vMlDLUdp8qO5aHbplg,이종대왕,la4kuBgKkPM,사랑합니다,2026-03-18T12:37:12Z,49.0,True,25315,334.0,20.0
3436,UCH3e9vMlDLUdp8qO5aHbplg,이종대왕,CdXJSyKh0Vs,사랑합니다 왜요 4학년,2026-03-19T19:32:29Z,89.0,False,125284,814.0,
3436,UCH3e9vMlDLUdp8qO5aHbplg,이종대왕,YRw-m8N_dJY,박수도미노 4학년,2026-03-24T11:12:07Z,112.0,False,10681,202.0,
3436,UCH3e9vMlDLUdp8qO5aHbplg,이종대왕,4wmgJbXL0YU,손님모셔오기 4학년,2026-03-29T07:38:36Z,73.0,False,9517,73.0,
3436,UCH3e9vMlDLUdp8qO5aHbplg,이종대왕,jiM_U1vI87Y,한걸음감염술래잡기 4학년,2026-03-30T08:12:27Z,85.0,False,38101,581.0,
3436,UCH3e9vMlDLUdp8qO5aHbplg,이종대왕,SyTQbOmByRY,애플바나나오렌지 4학년,2026-04-05T12:23:54Z,173.0,False,13923,231.0,
3436,UCH3e9vMlDLUdp8qO5aHbplg,이종대왕,4pydd8O2RO4,수학이어달리기 4학년,2026-04-07T08:19:17Z,60.0,True,11844,125.0,
3436,UCH3e9vMlDLUdp8qO5aHbplg,이종대왕,jglz2ZKs1DQ,히든싱어 4학년,2026-04-09T11:52:24Z,86.0,False,27607,276.0,
3436,UCH3e9vMlDLUdp8qO5aHbplg,이종대왕,rP7CzZcWKLA,X맨을찾아라 4학년,2026-04-11T12:47:08Z,72.0,False,49048,382.0,10.0
3436,UCH3e9vMlDLUdp8qO5aHbplg,이종대왕,H3LdR3PZEK8,히든싱어 4학년,2026-04-15T09:00:18Z,82.0,False,25685,327.0,
3436,UCH3e9vMlDLUdp8qO5aHbplg,이종대왕,Lknkw0ahhgM,안대기차 4학년,2026-04-25T05:46:38Z,91.0,False,3851,50.0,
3436,UCH3e9vMlDLUdp8qO5aHbplg,이종대왕,tzJXujouQcA,유령열차,2026-04-25T07:25:25Z,93.0,False,18190,129.0,1.0
3436,UCH3e9vMlDLUdp8qO5aHbplg,이종대왕,ysF5W62eBO4,셀프스피드퀴즈,2026-04-28T09:16:39Z,83.0,False,3330,50.0,2.0
3436,UCH3e9vMlDLUdp8qO5aHbplg,이종대왕,vk0-1680Wic,스타와 팬클럽 하교,2026-04-29T07:34:44Z,72.0,False,1452,53.0,
3436,UCH3e9vMlDLUdp8qO5aHbplg,이종대왕,Fm4Mf77kO2Y,대장을 찾아라 4학년 #학생,2026-05-12T11:29:04Z,79.0,False,21531,195.0,
3436,UCH3e9vMlDLUdp8qO5aHbplg,이종대왕,nV5h-5asIFU,릴레이 초상화 4학년,2026-05-15T13:57:46Z,88.0,False,7201,16.0,0.0
3437,UCXJBkck6y72O8mxgvLN8Tvw,동네축구형 용마니,kMwBpdZt2k4,"황금기의 맨유, 모든 것이 특출났다!!",2025-05-23T09:41:12Z,1337.0,False,26215,547.0,67.0
3437,UCXJBkck6y72O8mxgvLN8Tvw,동네축구형 용마니,DmqkL81E_y8,[유로파 결승+EPL 38R 리뷰]가 아닌 토트넘 자랑만 43분 하는 영상,2025-05-26T09:11:49Z,2603.0,False,181922,3531.0,596.0
3437,UCXJBkck6y72O8mxgvLN8Tvw,동네축구형 용마니,pfHyF_YP000,"[24-25 챔피언스 리그 결승전 프리뷰] 꿈의 무대, 마지막 한 경기. 챔스컵을 들어 올리는 팀은?!",2025-05-30T09:01:19Z,1097.0,False,43465,829.0,118.0
3437,UCXJBkck6y72O8mxgvLN8Tvw,동네축구형 용마니,xxKFmPTa4fs,"[24-25 승강팀 분석] PL에 오신 것을 환영합니다 (리즈 유나이티드 FC, 번리 FC, 선덜랜드 AFC)",2025-06-03T09:01:18Z,878.0,False,60439,917.0,134.0
3437,UCXJBkck6y72O8mxgvLN8Tvw,동네축구형 용마니,NJS7E1JKbi8,[25-26 챔스 진출팀 분석] 무언가 많이 이상한 PL 챔스 진출팀,2025-06-05T12:12:43Z,800.0,False,101758,1466.0,169.0
3437,UCXJBkck6y72O8mxgvLN8Tvw,동네축구형 용마니,x13OvpmjpFE,[대한민국 vs 쿠웨이트 프리뷰] 대한민국 11연속 월드컵 본선 진출!! 피날레를 장식할 쿠웨이트전?!,2025-06-10T09:10:24Z,1344.0,False,29173,604.0,75.0
3437,UCXJBkck6y72O8mxgvLN8Tvw,동네축구형 용마니,mh4SI-3tvaM,경우의 수 계산 안 하는 월드컵을 만들자,2025-06-12T11:43:24Z,1029.0,False,44368,799.0,213.0
3437,UCXJBkck6y72O8mxgvLN8Tvw,동네축구형 용마니,8IIMTj0M354,"손흥민 유관 기념, 선수 행적 되돌아보기",2025-06-17T09:00:11Z,1550.0,False,70619,1471.0,246.0
3437,UCXJBkck6y72O8mxgvLN8Tvw,동네축구형 용마니,VbWt46A4e14,타임캡슐 오픈식+세 얼간이 조합 리뷰+채널 재정비 공지,2025-06-20T09:01:00Z,1000.0,False,31875,946.0,127.0
3437,UCXJBkck6y72O8mxgvLN8Tvw,동네축구형 용마니,fGH5oFhf09M,[비시즌 특집] 넥슨 부사장 박정무! 용마니에서 풀어주는 아이콘 매치 비하인드와 시즌 2 준비 이야기,2025-07-08T11:24:50Z,1378.0,False,45963,857.0,166.0
3437,UCXJBkck6y72O8mxgvLN8Tvw,동네축구형 용마니,c9Yf76vcogc,[비시즌 특집][풀버전] 넥슨 부사장 박정무와 함께하는 넥슨 아이콘매치의 모든 이야기,2025-07-11T10:34:37Z,4194.0,False,4694,87.0,22.0
3437,UCXJBkck6y72O8mxgvLN8Tvw,동네축구형 용마니,HZ6ZfQQ5YPw,동네축구형 용마니 25-26시즌 시작합니다.,2025-08-26T07:00:15Z,27.0,True,3466,125.0,28.0
3437,UCXJBkck6y72O8mxgvLN8Tvw,동네축구형 용마니,zqRutTt4xRo,용마니가 돌아옵니다,2025-08-26T07:11:14Z,27.0,True,2116,32.0,2.0
3437,UCXJBkck6y72O8mxgvLN8Tvw,동네축구형 용마니,k1m4Ap9TUZ0,세 얼간이 역사 파헤치기,2025-08-26T09:00:59Z,1452.0,False,16224,478.0,68.0
3437,UCXJBkck6y72O8mxgvLN8Tvw,동네축구형 용마니,vfsGSHj2RYU,낭만 넘치는 피터 가족이야기,2025-08-27T09:01:20Z,519.0,False,7703,261.0,30.0
3437,UCXJBkck6y72O8mxgvLN8Tvw,동네축구형 용마니,AtJ98g_YzxQ,용만리그 세리머니 감상회,2025-08-28T09:00:21Z,726.0,False,2873,93.0,6.0
3437,UCXJBkck6y72O8mxgvLN8Tvw,동네축구형 용마니,SlxAfltaVgg,영상편지로 놀리기 장인 피터,2025-08-29T09:00:45Z,700.0,False,3401,113.0,14.0
3437,UCXJBkck6y72O8mxgvLN8Tvw,동네축구형 용마니,B7lgq52MqR0,장난꾸러기 김용만,2025-08-30T09:00:14Z,549.0,False,4592,128.0,13.0
3437,UCXJBkck6y72O8mxgvLN8Tvw,동네축구형 용마니,hqUI9SEB2Fg,용마니 25-26시즌 리뷰 곧 시작합니다,2025-08-31T09:00:57Z,837.0,False,8183,214.0,24.0
3437,UCXJBkck6y72O8mxgvLN8Tvw,동네축구형 용마니,u5X-Jcx_Suw,손흥민 없는 대 위기의 축구 유튜브 대토론회!,2025-09-02T09:01:19Z,2266.0,False,121669,3226.0,490.0
3437,UCXJBkck6y72O8mxgvLN8Tvw,동네축구형 용마니,nG7hP391f5U,동네축구형 용마니 25-26시즌 채널 개편 내용 초스피드 요약,2025-09-05T09:01:21Z,114.0,False,3933,85.0,13.0
3437,UCXJBkck6y72O8mxgvLN8Tvw,동네축구형 용마니,nJVFKxDQ4_E,아이콘매치2 킥오프 직전 필수 쪽집개 가이드북,2025-09-09T09:01:20Z,675.0,False,54696,883.0,93.0
3437,UCXJBkck6y72O8mxgvLN8Tvw,동네축구형 용마니,1m6UhI-1usk,"아이콘 매치2의 다른 꿀잼 포인트, 패배팀 벌칙?",2025-09-12T03:00:05Z,23.0,True,11152,56.0,3.0
3437,UCXJBkck6y72O8mxgvLN8Tvw,동네축구형 용마니,KX4d__a_vj0,용만이형 2025 아이콘매치 직관 리액션 1,2025-09-14T19:31:50Z,57.0,True,5570,101.0,7.0
3437,UCXJBkck6y72O8mxgvLN8Tvw,동네축구형 용마니,1KJ_WUZgiO8,용만이형 2025 아이콘매치 직관 리액션 3,2025-09-14T19:32:08Z,48.0,True,5126,76.0,4.0
3437,UCXJBkck6y72O8mxgvLN8Tvw,동네축구형 용마니,ZwmZWKyZSq8,용만이형 2025 아이콘매치 직관 리액션 2,2025-09-15T02:08:47Z,55.0,True,3387,47.0,1.0
3437,UCXJBkck6y72O8mxgvLN8Tvw,동네축구형 용마니,Zr3MoSKUsmE,2025 아이콘매치! 그 현장의 분위기 다시 느끼기!!,2025-09-15T12:01:09Z,577.0,False,13776,330.0,66.0
3437,UCXJBkck6y72O8mxgvLN8Tvw,동네축구형 용마니,zFTdfiVBodE,OFF THE RECORD! 아이콘매치 비하인드 토크 대공개,2025-09-17T07:24:50Z,382.0,False,9220,171.0,20.0
3437,UCXJBkck6y72O8mxgvLN8Tvw,동네축구형 용마니,5Dz9ZI4tVn4,[월간 PL 9월_1호] 남은 시즌 중 가장 행복할 시기일 용만햄,2025-09-19T09:00:08Z,662.0,False,27906,639.0,87.0
3437,UCXJBkck6y72O8mxgvLN8Tvw,동네축구형 용마니,q8nF60PUFd0,[월간 해외파_9월호] 우리 흥민이가 행복하면 됐어,2025-09-22T09:01:25Z,780.0,False,68449,1836.0,129.0
3437,UCXJBkck6y72O8mxgvLN8Tvw,동네축구형 용마니,hIPybIpd3vw,[월간 PL 9월_2호] 영원히 너와 함께 할거야,2025-09-23T15:49:21Z,2342.0,False,38702,859.0,228.0
3437,UCXJBkck6y72O8mxgvLN8Tvw,동네축구형 용마니,nMRbN7Zhc4Y,미국스포츠는 왜 이렇게 혼자 다른게 많아요?,2025-09-30T09:01:11Z,1678.0,False,146715,2015.0,338.0
3437,UCXJBkck6y72O8mxgvLN8Tvw,동네축구형 용마니,Lk813-5TCqM,"[월간 국대] 대한민국 vs 브라질, 3년만에 펼쳐질 설욕전?!",2025-10-07T09:00:24Z,685.0,False,40626,742.0,207.0
3437,UCXJBkck6y72O8mxgvLN8Tvw,동네축구형 용마니,YBYpObkJzO8,"대한민국 vs 파라과이, 이젠 좀 보여주길 바라",2025-10-13T15:01:05Z,683.0,False,24618,539.0,129.0
3437,UCXJBkck6y72O8mxgvLN8Tvw,동네축구형 용마니,4hkuoiz7YdY,"[월간PL 10월호] 박종윤 ""토트넘 4위할것""",2025-10-17T09:00:10Z,1303.0,False,34205,693.0,64.0
3437,UCXJBkck6y72O8mxgvLN8Tvw,동네축구형 용마니,KoBtjTDViZg,[월간 인물]큰 인물은 토트넘에서 나온다,2025-10-21T09:00:23Z,930.0,False,52946,1144.0,210.0
3437,UCXJBkck6y72O8mxgvLN8Tvw,동네축구형 용마니,2nKoRU9z814,[월간 K리그] 찬 바람 불 때 핫초코 대신 핫이슈,2025-10-28T10:39:10Z,1203.0,False,41615,783.0,132.0
3437,UCXJBkck6y72O8mxgvLN8Tvw,동네축구형 용마니,KxPyTkTaL6Y,[월간PL] 주문하신 세 얼간이 나왔습니다,2025-10-31T10:40:18Z,2603.0,False,60410,1492.0,177.0
3437,UCXJBkck6y72O8mxgvLN8Tvw,동네축구형 용마니,HWAB6DvOXJo,[월간 인물] 아는 형님의~ 아는 감독님이요~~,2025-11-04T12:38:13Z,1479.0,False,24201,493.0,67.0
3437,UCXJBkck6y72O8mxgvLN8Tvw,동네축구형 용마니,MVp21geO3_s,[월간 PL부록]이러니까 개그 프로그램이 망하지,2025-11-10T11:49:57Z,714.0,False,6881,259.0,26.0
3437,UCXJBkck6y72O8mxgvLN8Tvw,동네축구형 용마니,4HGRnN0Qtnk,[월간 PL부록]이 영상편지는 영국에서 시작되어...,2025-11-11T09:00:07Z,303.0,False,5166,167.0,19.0
3437,UCXJBkck6y72O8mxgvLN8Tvw,동네축구형 용마니,R6PKjIyEc-8,[월간 인문학]축구 심리학이 이렇게 재밌어도 되나요?,2025-11-21T06:34:44Z,1553.0,False,17347,462.0,37.0
3437,UCXJBkck6y72O8mxgvLN8Tvw,동네축구형 용마니,9Gk_qYsVczI,폭주하는 피터,2025-11-25T09:00:14Z,80.0,False,14352,442.0,77.0
3437,UCXJBkck6y72O8mxgvLN8Tvw,동네축구형 용마니,-tpMLp0z87E,[월간PL]탈트넘 아직 아닙니다,2025-12-02T14:37:46Z,2281.0,False,27004,658.0,201.0
3437,UCXJBkck6y72O8mxgvLN8Tvw,동네축구형 용마니,OjiiFSzmM3o,[월간 인문학]다음 사례 중 루틴이 아닌것은?,2025-12-12T09:00:52Z,563.0,False,5401,162.0,8.0
3437,UCXJBkck6y72O8mxgvLN8Tvw,동네축구형 용마니,rfYSUODtc4U,단군의 영국 축구 유학썰 풉니다,2025-12-19T09:01:27Z,1700.0,False,31663,594.0,43.0
3437,UCXJBkck6y72O8mxgvLN8Tvw,동네축구형 용마니,QAHtljl09jQ,[몰아보기] 썬킴 지도시리즈 틀어놓고 쉬세요,2026-01-06T09:00:45Z,5298.0,False,160354,1684.0,53.0
3437,UCXJBkck6y72O8mxgvLN8Tvw,동네축구형 용마니,Xvj0AyPdQyc,[몰아보기] 프로파일러와 심리학자가 축구를 바라본다면?,2026-01-13T09:01:03Z,6122.0,False,5182,122.0,12.0
3437,UCXJBkck6y72O8mxgvLN8Tvw,동네축구형 용마니,XoslNxf12kI,[몰아보기] 토트넘 팬이 아니어도 괜찮아,2026-01-20T09:00:54Z,4194.0,False,9059,176.0,20.0
3437,UCXJBkck6y72O8mxgvLN8Tvw,동네축구형 용마니,EK2ayBBXVOo,[몰아보기] 믿고 보는 세 얼간이,2026-01-27T09:00:16Z,7552.0,False,6879,105.0,46.0
3438,UCnwNkaw2j8SGcWBvjJcSNIg,스튜디오 호락호락,V2t-ZmJCmv4,[SUB] 🔥ZB1 파워팀🔥 멤버도 날려버리는 택견고수 아이돌 | [태양의 운동부] EP.04,2024-07-12T10:00:34Z,1715.0,False,734308,34692.0,1203.0
3438,UCnwNkaw2j8SGcWBvjJcSNIg,스튜디오 호락호락,nl1rLNPm35s,발로 장풍 쏘는 5세대 아이돌,2024-07-12T13:01:00Z,57.0,True,12328,1143.0,30.0
3438,UCnwNkaw2j8SGcWBvjJcSNIg,스튜디오 호락호락,KB_XCqId9U4,엠카 MC 자존심을 건 성한빈의 발차기,2024-07-16T09:00:25Z,35.0,True,11034,1020.0,20.0
3438,UCnwNkaw2j8SGcWBvjJcSNIg,스튜디오 호락호락,nfD_-Yfumhw,택견 최고수와 운동돌이 붙으면?,2024-07-16T09:00:46Z,48.0,True,15900,907.0,30.0
3438,UCnwNkaw2j8SGcWBvjJcSNIg,스튜디오 호락호락,x3PVm6_Tj6E,[SUB] ⚡ZB1 스피드팀⚡️ 람보르기니 걸고 배드민턴 치는 맑눈광 아이돌 ZB1 | [태양의 운동부] EP.05,2024-07-19T10:00:56Z,1794.0,False,644645,23301.0,647.0
3438,UCnwNkaw2j8SGcWBvjJcSNIg,스튜디오 호락호락,x9PqSsOfbEU,안 흔한 아이돌의 운동 징크스 (ft. 팀 코리아 단복),2024-07-19T13:00:54Z,24.0,True,3214,370.0,1.0
3438,UCnwNkaw2j8SGcWBvjJcSNIg,스튜디오 호락호락,fz-pu7hLoVs,윤성빈 풀스매시 받아내기 가능? (ft. ZB1),2024-07-22T09:00:29Z,25.0,True,7227,646.0,7.0
3438,UCnwNkaw2j8SGcWBvjJcSNIg,스튜디오 호락호락,sa9rQ83eDx8,아이돌 쫄게 만드는 선생님(?) 피지컬,2024-07-22T09:00:43Z,31.0,True,7974,465.0,2.0
3438,UCnwNkaw2j8SGcWBvjJcSNIg,스튜디오 호락호락,AN7AOEJoVSY,윤성빈 앞에서 애교로 어필하는 5세대 아이돌,2024-07-23T03:00:05Z,41.0,True,13478,1068.0,6.0
3438,UCnwNkaw2j8SGcWBvjJcSNIg,스튜디오 호락호락,xI-Z0w0tP0M,[SUB] 🔥ZB1 파워팀🔥 체급 차이 30kg 이상! 5세대 아이돌 VS 초등학교 씨름부 | [태양의 운동부] EP.06,2024-07-26T10:00:55Z,1516.0,False,855832,35693.0,1008.0
3438,UCnwNkaw2j8SGcWBvjJcSNIg,스튜디오 호락호락,55TWF4o6TBQ,한반도 호랑이의 귀환!,2024-07-26T13:00:09Z,34.0,True,6874,547.0,13.0
3438,UCnwNkaw2j8SGcWBvjJcSNIg,스튜디오 호락호락,THV9gqwJG_Y,영재를 발견한 씨름부 교수님 찐반응,2024-07-29T09:00:31Z,59.0,True,11501,654.0,16.0
3438,UCnwNkaw2j8SGcWBvjJcSNIg,스튜디오 호락호락,yFiTANew6Z4,초등학교 씨름부 X 제베원 훈훈한 결말,2024-07-29T09:00:51Z,28.0,True,11185,1308.0,15.0
3438,UCnwNkaw2j8SGcWBvjJcSNIg,스튜디오 호락호락,i4kU16-74uA,"izna 방지민, 유사랑 | 유튜브 하룻강아지들이 호랑이굴에 제 발로 들어왔습니다 | [배워서 남즈나] 갓생 이즈나 TEASER",2025-09-02T09:01:06Z,189.0,False,11676,723.0,39.0
3438,UCnwNkaw2j8SGcWBvjJcSNIg,스튜디오 호락호락,-tqrv3xUVWo,"[ENG] izna 방지민, 유사랑 | 할마에랑 에어로빅하면 하룰라라 아니라 저숭라라 가죠 | [배워서 남즈나] 갓생 이즈나  EP.01",2025-09-04T09:00:00Z,1222.0,False,60453,2769.0,199.0
3438,UCnwNkaw2j8SGcWBvjJcSNIg,스튜디오 호락호락,JoyY-jDssu0,"[ENG] izna 방지민, 유사랑 | 솜주먹과 냥냥 펀치, 국민 탱커가 액션 연기를 배우러 갔습니다 | [배워서 남즈나] 갓생 이즈나 EP.02",2025-09-11T09:00:23Z,1086.0,False,61580,2964.0,153.0
3438,UCnwNkaw2j8SGcWBvjJcSNIg,스튜디오 호락호락,2pscZTSU8M8,"[ENG] izna 방지민, 유사랑 | 오늘부터 피지컬100 나갈 준비합니다 | [배워서 남즈나] 갓생 이즈나 EP.03",2025-09-18T09:00:04Z,1504.0,False,59736,2871.0,149.0
3438,UCnwNkaw2j8SGcWBvjJcSNIg,스튜디오 호락호락,4w4MpNCzYuk,먹지 마세요 피부에 양보하세요,2025-09-19T06:00:09Z,54.0,True,1263,38.0,2.0
3438,UCnwNkaw2j8SGcWBvjJcSNIg,스튜디오 호락호락,54KdBxH-fDA,이즈나 클렌징 최애템,2025-09-19T06:00:09Z,36.0,True,2064,83.0,3.0
3438,UCnwNkaw2j8SGcWBvjJcSNIg,스튜디오 호락호락,3Mb72WtfTQE,"[ENG] izna 방지민, 유사랑 | 궤도님 공포의 과학이고 나발이고 그냥 무섭다고요 | [배워서 남즈나] 갓생 이즈나 EP.04",2025-09-25T09:00:11Z,1624.0,False,42080,2054.0,87.0
3438,UCnwNkaw2j8SGcWBvjJcSNIg,스튜디오 호락호락,pfJzzP2EhV0,"[ENG] izna 방지민, 유사랑 | 잔말 말고 풀피리 파워 볼륨으로 불어 | [배워서 남즈나] 갓생 이즈나 EP.05",2025-10-02T09:01:21Z,1262.0,False,23947,1176.0,84.0
3438,UCnwNkaw2j8SGcWBvjJcSNIg,스튜디오 호락호락,vl8JfrLYXpI,"[ENG] izna 방지민, 유사랑 | 나 지금 네가 짠 연기판에 제대로 들어온거지? | [배워서 남즈나] 갓생 이즈나 EP.06",2025-10-09T09:01:24Z,1150.0,False,36065,1753.0,98.0
3438,UCnwNkaw2j8SGcWBvjJcSNIg,스튜디오 호락호락,zlqco-O5Ai8,🌱 |[오늘도 험난희] EP.0- 햄보르기니의 험난한 예능길! 쾌속 질주💕 |[오늘도 험난희] EP.0,2025-10-13T09:30:29Z,72.0,False,64658,4407.0,391.0
3438,UCnwNkaw2j8SGcWBvjJcSNIg,스튜디오 호락호락,RLRk9Pe23KQ,"[ENG] izna 방지민, 유사랑 | 물수제비 어디까지 날라가는거에↘️요↗️? | [배워서 남즈나] 갓생 이즈나 EP.07",2025-10-16T09:00:45Z,891.0,False,29668,1405.0,86.0
3438,UCnwNkaw2j8SGcWBvjJcSNIg,스튜디오 호락호락,iFH0X9CydU4,[EN/JP] 어린희의 하루인 줄 알고 왔는데 오늘도 험난희임 |아일릿 원희&이주안|[오늘도 험난희] EP.01,2025-10-17T09:30:20Z,1701.0,False,617796,16144.0,1170.0
3438,UCnwNkaw2j8SGcWBvjJcSNIg,스튜디오 호락호락,neAcjb9otHY,험난한 예능판에 뛰어든 원희,2025-10-18T12:35:18Z,72.0,False,13622,335.0,10.0
3438,UCnwNkaw2j8SGcWBvjJcSNIg,스튜디오 호락호락,-ILx3cJZLUw,머리 밀고 싶게 만드는 순간,2025-10-18T12:35:20Z,30.0,True,24397,290.0,9.0
3438,UCnwNkaw2j8SGcWBvjJcSNIg,스튜디오 호락호락,eVM1XUs2QIo,어린이 VS 어린희,2025-10-18T12:35:22Z,54.0,True,20601,679.0,17.0
3438,UCnwNkaw2j8SGcWBvjJcSNIg,스튜디오 호락호락,fU28eb-eI8U,코덕의 안흔한 출근길,2025-10-18T12:35:24Z,63.0,False,5889,377.0,17.0
3438,UCnwNkaw2j8SGcWBvjJcSNIg,스튜디오 호락호락,f9Io16lKtFM,"izna 방지민, 유사랑 | 미미미누랑 방송사고급 텐션으로 홈쇼핑 배우고 왔습니다 | [배워서 남즈나] 갓생 이즈나 EP.08",2025-10-23T09:00:59Z,1362.0,False,29024,1055.0,121.0
3438,UCnwNkaw2j8SGcWBvjJcSNIg,스튜디오 호락호락,3rmif-9o2xE,[EN/JP] 시장 밥집에 갔는데 5세대 걸그룹들이 일하고 있었어! 꿈얘기가 아니라니까! |아일릿 원희&tripleS 코토네&채원|[오늘도 험난희] EP.02,2025-10-24T10:00:49Z,1704.0,False,295360,13022.0,681.0
3438,UCnwNkaw2j8SGcWBvjJcSNIg,스튜디오 호락호락,rbEmycNJBK8,한국인에게는 순한맛,2025-10-25T04:54:33Z,46.0,True,40357,738.0,24.0
3438,UCnwNkaw2j8SGcWBvjJcSNIg,스튜디오 호락호락,zNeKGQuzHsY,N차 관람하고 싶은 마음,2025-10-25T04:54:46Z,54.0,True,7388,324.0,4.0
3438,UCnwNkaw2j8SGcWBvjJcSNIg,스튜디오 호락호락,jBjrnNjF0_E,07즈가 말아주는 한편의 드라마,2025-10-25T04:54:58Z,19.0,True,13093,448.0,13.0
3438,UCnwNkaw2j8SGcWBvjJcSNIg,스튜디오 호락호락,9BO_GIch0s4,한국어 만렙 코토네,2025-10-25T04:55:09Z,19.0,True,24547,299.0,9.0
3438,UCnwNkaw2j8SGcWBvjJcSNIg,스튜디오 호락호락,KcNUda5Osa0,튀기면 더 맛있지,2025-10-25T04:55:19Z,15.0,True,22487,345.0,11.0
3438,UCnwNkaw2j8SGcWBvjJcSNIg,스튜디오 호락호락,pa1U_Dp5SMA,[EN/JP] 험난한 농사일도 그냥 정말 감사하다🙏 |아일릿 원희&로하&민수|[오늘도 험난희] EP.03,2025-10-31T09:30:30Z,1784.0,False,191325,9041.0,687.0
3438,UCnwNkaw2j8SGcWBvjJcSNIg,스튜디오 호락호락,QI6F0M3jt4g,나우렁ㅜㅜ (P),2025-11-01T04:08:17Z,31.0,True,27453,1034.0,22.0
3438,UCnwNkaw2j8SGcWBvjJcSNIg,스튜디오 호락호락,sEEebLCH2Js,로하가 그렇다면 그런 거임🐱,2025-11-01T04:08:29Z,21.0,True,16359,389.0,14.0
3438,UCnwNkaw2j8SGcWBvjJcSNIg,스튜디오 호락호락,8HkiV9x83SY,광고팀은 연락바랍니다☎️,2025-11-01T04:08:40Z,61.0,False,15054,619.0,18.0
3438,UCnwNkaw2j8SGcWBvjJcSNIg,스튜디오 호락호락,fkpOifbwn-I,워니는 유명한 소통의 권위자임🐹,2025-11-01T04:08:51Z,107.0,False,25566,1115.0,15.0
3438,UCnwNkaw2j8SGcWBvjJcSNIg,스튜디오 호락호락,fXhVik3AaSI,[EN/JP] 트민녀 원희와 요리천재 미주의 베이킹 지옥 with 쫀득쿠키 |아일릿 원희&이미주|[오늘도 험난희] EP.04,2025-11-07T09:30:34Z,1643.0,False,166906,7560.0,440.0
3438,UCnwNkaw2j8SGcWBvjJcSNIg,스튜디오 호락호락,-OxYCxcxQzk,귀엽고 넘 햄스터같다🐹♥️,2025-11-08T06:46:23Z,39.0,True,20336,332.0,7.0
3438,UCnwNkaw2j8SGcWBvjJcSNIg,스튜디오 호락호락,Vl3teYpfvWM,음중 빨간벽도 추가,2025-11-08T06:46:48Z,21.0,True,21005,286.0,1.0
3438,UCnwNkaw2j8SGcWBvjJcSNIg,스튜디오 호락호락,_vC2y-japYA,장래희망 : 카메라 감독📷,2025-11-08T06:47:08Z,60.0,True,18982,702.0,10.0
3438,UCnwNkaw2j8SGcWBvjJcSNIg,스튜디오 호락호락,Lqs-QRrDmh0,맛있는 거 + 맛있는 거 = !!!!,2025-11-08T06:47:23Z,65.0,False,7208,234.0,3.0
3438,UCnwNkaw2j8SGcWBvjJcSNIg,스튜디오 호락호락,f936FzPQqGo,함께 추면 더 즐거움💃🏼,2025-11-08T06:47:35Z,31.0,True,34879,1150.0,15.0
3438,UCnwNkaw2j8SGcWBvjJcSNIg,스튜디오 호락호락,MdaFmCwMBpo,누울 수 있을 때 누워야 됨 진짜임,2025-11-10T03:00:35Z,16.0,True,21119,299.0,5.0
3438,UCnwNkaw2j8SGcWBvjJcSNIg,스튜디오 호락호락,W9uAZtQxM_0,워니 오늘 렌즈꼈어? 마이 걸프렌즈🌹,2025-11-10T03:00:39Z,19.0,True,27268,799.0,14.0
3438,UCnwNkaw2j8SGcWBvjJcSNIg,스튜디오 호락호락,rr8fUs4w0rs,(비하인드) 원희 귀여운 거 같이 보고 싶어서 하드 털어옴.ZIP|[오늘도 험난희],2025-11-14T09:30:38Z,235.0,False,20991,1344.0,106.0
3439,UCZYx-EVIs9Oje9AxTtb0GqQ,심수창과 크보졸업생,pirzvhcojaE,기아 우승 투수 김윤동 선수의 당시 이야기!,2025-03-25T08:30:31Z,33.0,True,2019,37.0,1.0
3439,UCZYx-EVIs9Oje9AxTtb0GqQ,심수창과 크보졸업생,G0k6-6QLhp4,김윤동 선수가 국밥집 사장님이 된 이유,2025-03-26T08:00:11Z,48.0,True,3958,69.0,5.0
3439,UCZYx-EVIs9Oje9AxTtb0GqQ,심수창과 크보졸업생,oG-hBVHWhW0,80이닝 이상은 혹사?,2025-03-27T08:00:46Z,43.0,True,5393,59.0,3.0
3439,UCZYx-EVIs9Oje9AxTtb0GqQ,심수창과 크보졸업생,T44BY5Ghifk,"임기영 선수가 보내준 개업 화환, 그 문구가 어떻다고?",2025-03-27T23:00:34Z,34.0,True,5247,37.0,3.0
3439,UCZYx-EVIs9Oje9AxTtb0GqQ,심수창과 크보졸업생,Nj2EymJ685A,기아 선수 출신 사장님이 삼성 야구만 보게 된 이유는?,2025-03-28T23:00:22Z,28.0,True,25391,173.0,11.0
3439,UCZYx-EVIs9Oje9AxTtb0GqQ,심수창과 크보졸업생,gZT7xAx52uM,절친 김윤동 선수가  임기영 선수의 군대 선임이었던 썰,2025-03-30T05:00:24Z,38.0,True,12793,46.0,1.0
3439,UCZYx-EVIs9Oje9AxTtb0GqQ,심수창과 크보졸업생,mg_OaiQK-ZI,김윤동 선수! 팬들을 위해 00까지 한 사연!,2025-03-30T23:00:37Z,35.0,True,1373,15.0,0.0
3439,UCZYx-EVIs9Oje9AxTtb0GqQ,심수창과 크보졸업생,R5GStUCc-rs,현역 기아 선수들이 서빙을 해주는 음식점이 있다고??,2025-04-01T02:45:01Z,38.0,True,19259,75.0,3.0
3439,UCZYx-EVIs9Oje9AxTtb0GqQ,심수창과 크보졸업생,xVnNzoirCxs,김윤동 선수 심수창 위원보다 내가 잘 한다 말한 이유는?,2025-04-02T03:00:50Z,41.0,True,7701,31.0,0.0
3439,UCZYx-EVIs9Oje9AxTtb0GqQ,심수창과 크보졸업생,a5hxpz5u1oQ,외야수 출신인데 투수를 더 잘해!!??,2025-04-02T23:00:00Z,29.0,True,6320,25.0,0.0
3439,UCZYx-EVIs9Oje9AxTtb0GqQ,심수창과 크보졸업생,SGJ76t9hvpc,김윤동이 대구에서 음식점을 한 이유는?,2025-04-03T23:30:10Z,20.0,True,12455,45.0,2.0
3439,UCZYx-EVIs9Oje9AxTtb0GqQ,심수창과 크보졸업생,hEMe8DPHNRI,동작 그만 수육 뺴기냐,2025-04-05T03:00:43Z,32.0,True,5218,25.0,0.0
3439,UCZYx-EVIs9Oje9AxTtb0GqQ,심수창과 크보졸업생,lmKC36KjaL4,뚝심있는남자 김윤동,2025-04-06T04:00:44Z,25.0,True,2354,14.0,1.0
3439,UCZYx-EVIs9Oje9AxTtb0GqQ,심수창과 크보졸업생,fiOVk243-fA,김윤동 뚝배기 덕분에 재활 성공?,2025-04-06T23:00:29Z,27.0,True,2032,11.0,0.0
3439,UCZYx-EVIs9Oje9AxTtb0GqQ,심수창과 크보졸업생,cWMvdLHwN28,복현동 칼잡이,2025-04-07T23:00:34Z,23.0,True,9330,30.0,1.0
3439,UCZYx-EVIs9Oje9AxTtb0GqQ,심수창과 크보졸업생,s5d-GvfXI4E,야구가 가장 쉬웠어요,2025-04-08T23:00:46Z,29.0,True,7514,14.0,0.0
3439,UCZYx-EVIs9Oje9AxTtb0GqQ,심수창과 크보졸업생,0pbeWbT-Y8E,윤동이는 국밥이 딱이야,2025-04-09T23:30:00Z,27.0,True,2376,14.0,0.0
3439,UCZYx-EVIs9Oje9AxTtb0GqQ,심수창과 크보졸업생,6ecY2cuugOQ,"호랑이 반, 사자 반  KIA 라이온즈?!!!!!",2025-04-11T03:00:16Z,22.0,True,20860,59.0,3.0
3439,UCZYx-EVIs9Oje9AxTtb0GqQ,심수창과 크보졸업생,PW0y0LW6WyA,요즘따라 그리운 KIA 투수 김윤동!,2025-04-12T03:00:22Z,40.0,True,8539,42.0,2.0
3439,UCZYx-EVIs9Oje9AxTtb0GqQ,심수창과 크보졸업생,2pw7cuTKwYo,프로야구 은퇴선수가 남의 똥까지 치운 이유는? (방수업체 대표 서균),2025-04-14T09:35:59Z,2032.0,False,33813,475.0,42.0
3439,UCZYx-EVIs9Oje9AxTtb0GqQ,심수창과 크보졸업생,FstXw2g_Pxw,구독자분들 감사합니다!,2025-04-17T04:16:19Z,34.0,True,2375,34.0,1.0
3439,UCZYx-EVIs9Oje9AxTtb0GqQ,심수창과 크보졸업생,ZqbFmgeO3pQ,사장님이 쏩니다! feat. 에코특수방수,2025-04-18T03:00:45Z,50.0,True,1413,13.0,0.0
3439,UCZYx-EVIs9Oje9AxTtb0GqQ,심수창과 크보졸업생,5Kwuw1oBG8o,KBO 선수는 은퇴 후에 뭐가 하고 싶었을까?,2025-04-21T07:23:50Z,22.0,True,11905,39.0,0.0
3439,UCZYx-EVIs9Oje9AxTtb0GqQ,심수창과 크보졸업생,fpW92__FKnI,심수창 의문의 1패... (feat. 서균),2025-04-22T03:00:44Z,45.0,True,6402,28.0,0.0
3439,UCZYx-EVIs9Oje9AxTtb0GqQ,심수창과 크보졸업생,bGY0xAfZeDg,코드네임 미스터 제로,2025-04-23T03:00:41Z,44.0,True,2387,15.0,0.0
3439,UCZYx-EVIs9Oje9AxTtb0GqQ,심수창과 크보졸업생,WoGwXAe3J7M,선배가 잘해준 것... 맞죠...?,2025-04-23T22:30:07Z,28.0,True,5671,22.0,0.0
3439,UCZYx-EVIs9Oje9AxTtb0GqQ,심수창과 크보졸업생,rtXJfGd_iI8,29살 어린 나이에 은퇴를 결심하게 된 이유,2025-04-30T03:11:09Z,36.0,True,10420,43.0,0.0
3439,UCZYx-EVIs9Oje9AxTtb0GqQ,심수창과 크보졸업생,o6O2CEU34V4,나락퀴즈쇼,2025-05-01T03:00:52Z,46.0,True,4853,24.0,0.0
3439,UCZYx-EVIs9Oje9AxTtb0GqQ,심수창과 크보졸업생,93fEREnZ4-4,야구 연봉보다 3배는 더 번다고?,2025-05-02T03:00:07Z,33.0,True,13728,30.0,0.0
3439,UCZYx-EVIs9Oje9AxTtb0GqQ,심수창과 크보졸업생,L2if8mVfOhk,한화 이글스 again 2018 가능?,2025-05-05T03:00:29Z,31.0,True,7297,30.0,0.0
3439,UCZYx-EVIs9Oje9AxTtb0GqQ,심수창과 크보졸업생,lwqZCClSl6w,한화를 가고 싶은 이유,2025-05-06T03:01:01Z,25.0,True,28119,67.0,2.0
3439,UCZYx-EVIs9Oje9AxTtb0GqQ,심수창과 크보졸업생,yOikJCCCZlw,배명고 월클 라인,2025-05-07T03:01:10Z,18.0,True,28542,48.0,8.0
3439,UCZYx-EVIs9Oje9AxTtb0GqQ,심수창과 크보졸업생,p08SRIbrsO4,본인도 모르는 자신의 별명 씹수,2025-05-08T03:01:00Z,18.0,True,11135,44.0,2.0
3439,UCZYx-EVIs9Oje9AxTtb0GqQ,심수창과 크보졸업생,D-WvqHWtuls,허도환 위원의 최초공개,2025-05-09T03:00:22Z,40.0,True,23526,87.0,5.0
3439,UCZYx-EVIs9Oje9AxTtb0GqQ,심수창과 크보졸업생,iHchPgzfjsY,우리나라 포수 현실,2025-05-12T03:00:55Z,49.0,True,22718,194.0,5.0
3439,UCZYx-EVIs9Oje9AxTtb0GqQ,심수창과 크보졸업생,Aug45eyrWWE,한국시리즈 우승해도 행가래 못한 포수,2025-05-22T08:00:20Z,55.0,True,26082,207.0,7.0
3439,UCZYx-EVIs9Oje9AxTtb0GqQ,심수창과 크보졸업생,r_6WJou-yIE,국가대표 김도영이 10만원이라고??!!ㄷㄷ,2025-05-22T23:01:01Z,43.0,True,21690,79.0,0.0
3439,UCZYx-EVIs9Oje9AxTtb0GqQ,심수창과 크보졸업생,UEbNIo1e3wQ,허도환 위원이 삼성 코치를???!!!!,2025-05-25T22:30:04Z,29.0,True,8640,45.0,0.0
3439,UCZYx-EVIs9Oje9AxTtb0GqQ,심수창과 크보졸업생,fipaeGLDuqk,요즈음 MZ들은 이렇게 빵을 먹는다며?,2025-05-27T23:00:58Z,38.0,True,6450,26.0,3.0
3439,UCZYx-EVIs9Oje9AxTtb0GqQ,심수창과 크보졸업생,xtNwV7T6O6o,아니 SSG 선수가 어떻다고?,2025-05-29T23:01:06Z,60.0,True,3986,43.0,0.0
3439,UCZYx-EVIs9Oje9AxTtb0GqQ,심수창과 크보졸업생,viZX0cURvXA,허도환 위원이 싫어하는 포수가 있다고??,2025-06-01T22:30:21Z,53.0,True,8588,48.0,0.0
3439,UCZYx-EVIs9Oje9AxTtb0GqQ,심수창과 크보졸업생,YxzDJ5gjlIs,삼성에서 허도환을 안 받아준 이유는?,2025-06-03T22:45:01Z,39.0,True,17222,65.0,1.0
3439,UCZYx-EVIs9Oje9AxTtb0GqQ,심수창과 크보졸업생,A42TYdwrSkc,이동걸 빈볼 사건! 지시한 사람은 따로 있었다!!??,2025-06-05T23:00:19Z,37.0,True,22060,68.0,6.0
3439,UCZYx-EVIs9Oje9AxTtb0GqQ,심수창과 크보졸업생,1N9omnCCZds,KBO 3대 마구 신정락 근황 !!!,2025-07-22T03:39:35Z,2010.0,False,36878,499.0,81.0
3439,UCZYx-EVIs9Oje9AxTtb0GqQ,심수창과 크보졸업생,iMQkO5TmD0A,3대 마구의 탄생(Feat.박석민),2025-07-29T08:00:54Z,52.0,True,6646,26.0,0.0
3439,UCZYx-EVIs9Oje9AxTtb0GqQ,심수창과 크보졸업생,g3o52MoZGfc,나는 자연인이다,2025-07-31T22:30:11Z,57.0,True,2355,10.0,0.0
3439,UCZYx-EVIs9Oje9AxTtb0GqQ,심수창과 크보졸업생,rZkEjzkPpZY,선수들에게 가혹했던 2010년 프로야구,2025-08-03T22:30:16Z,54.0,True,3917,15.0,1.0
3439,UCZYx-EVIs9Oje9AxTtb0GqQ,심수창과 크보졸업생,4fpkPlUFa0Y,신정락에게 배우면 오타니가 될 수 있는 이유,2025-08-05T22:00:06Z,41.0,True,10640,25.0,0.0
3439,UCZYx-EVIs9Oje9AxTtb0GqQ,심수창과 크보졸업생,PHkFtnZfAk0,"기아 가고 싶어서 직접 말했다? 신종길, 그날 트레이드의 진실 (심수창과 크보졸업생 Ep. 신종길)",2026-01-30T09:00:39Z,1284.0,False,14805,310.0,12.0
3439,UCZYx-EVIs9Oje9AxTtb0GqQ,심수창과 크보졸업생,oQRPmXsL110,2026 WBC 비하인드 in 마이애미,2026-04-07T09:59:00Z,99.0,False,2077,36.0,9.0
3440,UC4lJJ1BXkiulfBlGfjmeBww,한주,BHKAPWwoXgA,한주의 한주,2024-10-28T11:32:58Z,378.0,False,1233861,15806.0,2241.0
3440,UC4lJJ1BXkiulfBlGfjmeBww,한주,OnLZQoDOtJg,사진 속 메이꾸업,2024-11-07T10:00:33Z,417.0,False,644280,,1224.0
3440,UC4lJJ1BXkiulfBlGfjmeBww,한주,tc5fRGaIjBw,김장 브이로그,2024-11-15T09:00:59Z,484.0,False,724909,8338.0,1018.0
3440,UC4lJJ1BXkiulfBlGfjmeBww,한주,dD0iKJiFqkA,띠따띠따띠따뚜라따(뚝딱이ver.),2024-11-27T07:48:17Z,15.0,True,1251344,28818.0,542.0
3440,UC4lJJ1BXkiulfBlGfjmeBww,한주,IdbysYOwnR0,뽀용코랄속광메이크업,2024-12-03T12:00:33Z,460.0,False,803249,13527.0,1004.0
3440,UC4lJJ1BXkiulfBlGfjmeBww,한주,hCRIPuPbVkQ,복복🫳🏻🫳🏻,2024-12-10T10:15:33Z,13.0,True,432409,8174.0,129.0
3440,UC4lJJ1BXkiulfBlGfjmeBww,한주,FclqDpvlsWk,하울도 하고싶고 브이로그도 하고싶고,2024-12-23T11:00:14Z,602.0,False,360230,4624.0,577.0
3440,UC4lJJ1BXkiulfBlGfjmeBww,한주,eHbH92wS55w,후쿠오카에서 생긴 일,2025-01-20T09:00:43Z,638.0,False,352661,4312.0,445.0
3440,UC4lJJ1BXkiulfBlGfjmeBww,한주,CeAdim0D2gA,된찌정식,2025-02-09T09:00:11Z,514.0,False,206693,3444.0,315.0
3440,UC4lJJ1BXkiulfBlGfjmeBww,한주,NaiSvUv6b6g,0214♡,2025-02-15T10:11:04Z,7.0,True,283253,3329.0,64.0
3440,UC4lJJ1BXkiulfBlGfjmeBww,한주,4IRZ5RzRp54,요즘 하는 메이크업 겟레디♡,2025-02-16T12:30:04Z,741.0,False,283369,3524.0,352.0
3440,UC4lJJ1BXkiulfBlGfjmeBww,한주,Z4_-w6cdKmg,ㅎㅅㅎ,2025-02-23T11:51:51Z,7.0,True,330630,3608.0,86.0
3440,UC4lJJ1BXkiulfBlGfjmeBww,한주,AeuLe1rhlYc,😋,2025-03-28T11:33:09Z,6.0,True,744745,5804.0,140.0
3440,UC4lJJ1BXkiulfBlGfjmeBww,한주,w8tjF1NeZkA,코잘봄 지망생 필수시청,2025-05-31T11:30:47Z,731.0,False,382610,5873.0,478.0
3440,UC4lJJ1BXkiulfBlGfjmeBww,한주,KwpMXZsui4o,7월 브이로그 왔어연,2025-07-27T09:00:22Z,714.0,False,325583,3914.0,357.0
3440,UC4lJJ1BXkiulfBlGfjmeBww,한주,154GJAMLTYo,세미스모키 무화과 메이크업,2025-10-01T09:00:05Z,1171.0,False,461634,8143.0,731.0
3440,UC4lJJ1BXkiulfBlGfjmeBww,한주,L_2sr8GVxcM,멜크먕,2025-12-25T13:32:21Z,15.0,True,232647,4061.0,82.0
3440,UC4lJJ1BXkiulfBlGfjmeBww,한주,EFK3AM8gXaM,200만뷰 메이크업♡,2026-01-09T12:00:33Z,976.0,False,248285,4621.0,374.0
3440,UC4lJJ1BXkiulfBlGfjmeBww,한주,swQSGFR610g,😽,2026-01-24T06:10:26Z,15.0,True,313215,7619.0,154.0
3440,UC4lJJ1BXkiulfBlGfjmeBww,한주,9ZqZQnm37B0,겟레디도 하고싶고 브이로그도 하고싶고,2026-02-04T09:00:12Z,863.0,False,259807,4350.0,617.0
3440,UC4lJJ1BXkiulfBlGfjmeBww,한주,K7XFYDV0iAI,같이 준비해요+(요즘하는메이크업겟레디♥︎),2026-03-23T12:00:26Z,787.0,False,129922,2394.0,368.0
3440,UC4lJJ1BXkiulfBlGfjmeBww,한주,k9EZK40jygI,10만 기념 큐앤에이,2026-04-03T10:01:11Z,603.0,False,236283,3468.0,592.0
3440,UC4lJJ1BXkiulfBlGfjmeBww,한주,M0O2Zj_CW34,제주도 가는날 메이크업 GRWM,2026-04-24T11:10:00Z,803.0,False,48115,,146.0
3441,UCYSFs_X0PYHlAnd-ywzMEZw,하우카우,5lNZjjVTDjA,하카순 미연시 게임이 출시됐습니다...! - [리노벨],2026-03-22T09:01:54Z,960.0,False,22058,693.0,73.0
3441,UCYSFs_X0PYHlAnd-ywzMEZw,하우카우,ZApKs9_NadI,애니 퀴즈쇼에서 미녕님 초면에 역린을 건드려 버렸습니다...,2026-03-23T09:02:09Z,1545.0,False,117279,1896.0,156.0
3441,UCYSFs_X0PYHlAnd-ywzMEZw,하우카우,KsYPHBvYov0,진짜 대사가 폭탄같은 일본 여자 모치즈키 카에데....,2026-03-24T09:04:04Z,1183.0,False,107903,2062.0,143.0
3441,UCYSFs_X0PYHlAnd-ywzMEZw,하우카우,t0woWC2ztRw,이렇게 대놓고 벌리는 자세하는 겜은 처음본다,2026-03-25T09:04:28Z,601.0,False,22584,539.0,66.0
3441,UCYSFs_X0PYHlAnd-ywzMEZw,하우카우,wgBiXBybgpY,어디서 이상한 거 배워온 여자들... 모치즈키 카에데와 로제타...,2026-03-26T09:11:28Z,1090.0,False,47232,1000.0,64.0
3441,UCYSFs_X0PYHlAnd-ywzMEZw,하우카우,oFSEgRf_KAs,당연히 일본 사람은 일본에서 차별 안당하겠지 통깡!!!!,2026-03-27T09:02:51Z,826.0,False,79006,1548.0,93.0
3441,UCYSFs_X0PYHlAnd-ywzMEZw,하우카우,Z1osshJBHcE,버튜버 RP 물어뜯다가 나와버린 통깡의 최고 씹상남자 멘트 ㅋㅋㅋㅋㅋㅋㅋㅋㅋㅋㅋㅋ,2026-03-28T09:18:48Z,637.0,False,67185,1649.0,84.0
3441,UCYSFs_X0PYHlAnd-ywzMEZw,하우카우,On9Z-TYb7R4,이무지 잼민이 터미널 댄스는 어떻게 받아들여야하는걸까...,2026-03-29T09:16:06Z,1326.0,False,77449,1552.0,80.0
3441,UCYSFs_X0PYHlAnd-ywzMEZw,하우카우,5qxg6HCB4j8,"키작은 이무지, 통깡만 맞지않는 갓필드 궁극기 ㅋㅋㅋㅋㅋㅋㅋ",2026-03-30T09:01:33Z,1222.0,False,180373,2451.0,77.0
3441,UCYSFs_X0PYHlAnd-ywzMEZw,하우카우,878JHXqunu0,하지유 님은 변신하는 컨셉이라고? 하루에 몇번까지 변신해보셨을까? ㅎㅎ,2026-03-31T09:08:11Z,865.0,False,104389,2281.0,146.0
3441,UCYSFs_X0PYHlAnd-ywzMEZw,하우카우,Ql8bUVeqDHg,아 아빠 건담 사달랬는데 왜 짐 샀어!!!,2026-04-01T09:00:22Z,528.0,False,16327,327.0,90.0
3441,UCYSFs_X0PYHlAnd-ywzMEZw,하우카우,8zoahj5b1SM,천사 버튜버 하지유님은 이런 상황에서도 화를 내지않을까????,2026-04-02T09:00:08Z,1262.0,False,57833,1153.0,93.0
3441,UCYSFs_X0PYHlAnd-ywzMEZw,하우카우,lZpyOTMMuTw,"절대 원하는 답을 안해주는 왈도쿤,통깡 퀴이이이즈 ㅋㅋㅋㅋㅋㅋㅋㅋㅋㅋ",2026-04-03T09:01:26Z,984.0,False,96243,2042.0,110.0
3441,UCYSFs_X0PYHlAnd-ywzMEZw,하우카우,IQpS7B7lRi4,마음이 하나도 안맞는 이심전심 퀴즈쇼 ㅋㅋㅋㅋㅋㅋㅋㅋㅋㅋㅋ,2026-04-04T09:01:35Z,1300.0,False,144895,2836.0,227.0
3441,UCYSFs_X0PYHlAnd-ywzMEZw,하우카우,SCgJmL6lYTg,오늘도 엔드필드 유저의 평균은 한걸음 앞으로 나아갔어...,2026-04-05T09:03:31Z,870.0,False,34932,852.0,138.0
3441,UCYSFs_X0PYHlAnd-ywzMEZw,하우카우,MxnRAMjuAeo,뒷감당 따위는 개나 줘버린 양세찬 게임 ㅋㅋㅋㅋㅋㅋㅋㅋ,2026-04-06T09:09:48Z,1214.0,False,110545,2163.0,174.0
3441,UCYSFs_X0PYHlAnd-ywzMEZw,하우카우,mWQi1rs3iiE,아니 그래서 둘이 무슨 차이인건데요 아구님...,2026-04-08T10:21:03Z,1172.0,False,17898,336.0,66.0
3441,UCYSFs_X0PYHlAnd-ywzMEZw,하우카우,lMuYwn3cQ5A,일본 여자 카에데가 극 카운터인 델로략국 ㅋㅋㅋㅋㅋㅋㅋㅋㅋㅋ,2026-04-09T09:00:36Z,960.0,False,113403,2242.0,179.0
3441,UCYSFs_X0PYHlAnd-ywzMEZw,하우카우,n8IACFRHwOM,"이무지의 플러팅 쳐내기 장인 ""러끼""",2026-04-10T09:13:02Z,579.0,False,71333,1777.0,198.0
3441,UCYSFs_X0PYHlAnd-ywzMEZw,하우카우,bRGZVF9uhdk,남자친구 소개팅(?) 노가리 막판에 끌려오신 불법스님.. 죄송합니다..!,2026-04-11T09:11:03Z,891.0,False,68601,1432.0,123.0
3441,UCYSFs_X0PYHlAnd-ywzMEZw,하우카우,WK6x9hBsxPU,이 미친 여자들이 누구 사회 뉴스에 나오게 하려고!!!,2026-04-12T09:05:45Z,1448.0,False,63809,1274.0,86.0
3441,UCYSFs_X0PYHlAnd-ywzMEZw,하우카우,4x8pms4yuAE,"술 취한 츠밍, 뭐 때문에 극대노를 하게 되었을까...!",2026-04-13T09:18:29Z,616.0,False,99249,2033.0,321.0
3441,UCYSFs_X0PYHlAnd-ywzMEZw,하우카우,rRoBGdl_pu4,앵보가 자기 몸에서 돌을 꺼내 무기로 쓰기 시작했습니다!!!!!!!!!!,2026-04-14T09:01:41Z,1402.0,False,103427,1643.0,136.0
3441,UCYSFs_X0PYHlAnd-ywzMEZw,하우카우,xriYiImLC8E,돈 주면 등장하는 통깡 극 카운터 천사 ㅋㅋㅋㅋㅋㅋㅋㅋㅋㅋㅋ,2026-04-15T09:15:52Z,1225.0,False,142247,2908.0,153.0
3441,UCYSFs_X0PYHlAnd-ywzMEZw,하우카우,zvK_X9VhPIE,모잉과 통깡 전화번호 공개합니다,2026-04-16T09:02:53Z,991.0,False,80372,1657.0,98.0
3441,UCYSFs_X0PYHlAnd-ywzMEZw,하우카우,_JEAY8S-EKg,통깡 은하는 이제 다 써서 필요없다는 모잉... 진짜?,2026-04-17T09:01:07Z,1168.0,False,81387,1414.0,67.0
3441,UCYSFs_X0PYHlAnd-ywzMEZw,하우카우,wnirLjTVzlM,츠밍은 남자인데 왜 미시 대사 클립으로 조회수 1위를 한거야...?,2026-04-19T09:02:28Z,629.0,False,79103,2202.0,148.0
3441,UCYSFs_X0PYHlAnd-ywzMEZw,하우카우,oakIEwtCB-U,역대급 난이도의 치지직 영어 듣기 평가 ㅋㅋㅋㅋㅋ,2026-04-20T09:09:25Z,1452.0,False,114740,2162.0,255.0
3441,UCYSFs_X0PYHlAnd-ywzMEZw,하우카우,qmCVHzeFiH8,우고님 논란 만들뻔한 카에데의 영어 발음 ㅋㅋㅋㅋ,2026-04-21T09:29:39Z,896.0,False,67467,1585.0,125.0
3441,UCYSFs_X0PYHlAnd-ywzMEZw,하우카우,UMArCIW34KU,우노할때 제일 운이 안좋은 왈도쿤 ㅋㅋㅋㅋㅋㅋㅋㅋㅋㅋㅋㅋㅋㅋㅋ,2026-04-22T09:26:28Z,1102.0,False,92327,1524.0,109.0
3441,UCYSFs_X0PYHlAnd-ywzMEZw,하우카우,sZIRXMZZRlc,츠밍에게 미시 대사를 가르친 스승님이 있다고...!?,2026-04-24T09:02:22Z,1096.0,False,72210,1628.0,65.0
3441,UCYSFs_X0PYHlAnd-ywzMEZw,하우카우,3qkxm0qqfrQ,앵보 일본에서 뭐하고 왔길래 주인님이 생긴거야...,2026-04-25T09:17:47Z,845.0,False,74220,1739.0,85.0
3441,UCYSFs_X0PYHlAnd-ywzMEZw,하우카우,XeBoX3g91KU,방종 공이 나올때까지 노가리 대화를 해야한다...!,2026-04-26T09:03:35Z,1352.0,False,89353,2156.0,117.0
3441,UCYSFs_X0PYHlAnd-ywzMEZw,하우카우,I_IRKeHyZlA,노가리의 밤... 절대 나와서는 안될 주제가 나와버렸다....!!!,2026-04-27T09:01:13Z,853.0,False,79737,1990.0,106.0
3441,UCYSFs_X0PYHlAnd-ywzMEZw,하우카우,_XU58ywNilc,"개 열받는 쑥맥의 데이트, 츠밍에 이어 나도 분노했다...!",2026-04-28T09:43:41Z,1476.0,False,102177,2234.0,656.0
3441,UCYSFs_X0PYHlAnd-ywzMEZw,하우카우,q9Rjf9iMFRM,열받나 마레플로스? 어차피 다른 사람이 아플거다 ㅋㅋㅋㅋㅋㅋ,2026-04-29T09:09:20Z,1515.0,False,77294,1388.0,106.0
3441,UCYSFs_X0PYHlAnd-ywzMEZw,하우카우,QMbt8OVDBMQ,외향인 E를 분노하게 만드는 100% 내향인의 대화법ㅋㅋㅋㅋ,2026-05-01T09:10:21Z,1395.0,False,90172,1751.0,229.0
3441,UCYSFs_X0PYHlAnd-ywzMEZw,하우카우,Mg49pStURjs,우린 주제가 짱구여도 파워벨런스 노가리로 간다!!!,2026-05-02T09:02:30Z,833.0,False,56570,1278.0,101.0
3441,UCYSFs_X0PYHlAnd-ywzMEZw,하우카우,AmIpIQGmHfk,진짜 의외인 그 놈들의 장래희망... 근데 통깡은.. 뭐?,2026-05-03T09:02:23Z,1149.0,False,111263,2453.0,151.0
3441,UCYSFs_X0PYHlAnd-ywzMEZw,하우카우,lA9sDHzds-8,모잉은 왜 멀쩡한 캐릭터를 자기 남편이라고 주장하는걸까,2026-05-04T09:01:23Z,1234.0,False,98722,1930.0,205.0
3441,UCYSFs_X0PYHlAnd-ywzMEZw,하우카우,oY8CcebC-EE,부쿠키 님이 미츄 선배가 아니라 후배 라인이었어...???,2026-05-06T09:04:10Z,1276.0,False,136434,3234.0,206.0
3441,UCYSFs_X0PYHlAnd-ywzMEZw,하우카우,Dv_YXPBz_r0,내겐 너무 부담스러운 건담 여친... - sd건담 지 제네레이션 이터널,2026-05-07T11:00:40Z,1170.0,False,15592,310.0,32.0
3441,UCYSFs_X0PYHlAnd-ywzMEZw,하우카우,hesll33mpx0,뇌 빼버린 답변만 난무하는 앵보 퀴즈쇼 ㅋㅋㅋㅋㅋㅋㅋㅋㅋㅋㅋ,2026-05-08T09:01:10Z,872.0,False,95023,2291.0,209.0
3441,UCYSFs_X0PYHlAnd-ywzMEZw,하우카우,JSTxJwmnQ7I,시속 200km 과속 콜택시 기사 하우카우 ㅋㅋㅋ,2026-05-09T10:00:10Z,644.0,False,23684,604.0,53.0
3441,UCYSFs_X0PYHlAnd-ywzMEZw,하우카우,OkC4aLKNJ6I,최근 나이먹더니 예전보다 얌전(?)해진 통깡이...?,2026-05-10T09:15:36Z,576.0,False,73406,2156.0,152.0
3441,UCYSFs_X0PYHlAnd-ywzMEZw,하우카우,B-GcN0ICV4o,"그 녀석들의 ""경찰과 도둑 4"" 미츄 편",2026-05-11T10:02:04Z,2084.0,False,65291,1829.0,96.0
3441,UCYSFs_X0PYHlAnd-ywzMEZw,하우카우,859_jr--j7I,답답한 커플은 꽉변호사 님 조차 극대노하게 만든다...!,2026-05-12T09:00:09Z,1214.0,False,100305,2240.0,601.0
3441,UCYSFs_X0PYHlAnd-ywzMEZw,하우카우,xJoaGUe1cIQ,하루나비가 꽉변호사 님을 가랑이 가리는 용도로 사용했다는 충격적인 제보가...!,2026-05-14T09:01:26Z,909.0,False,54142,1614.0,122.0
3441,UCYSFs_X0PYHlAnd-ywzMEZw,하우카우,Cj0rteU6R-o,여장하는거 구경하라고 사장을 끌고오는 미친 일본 여자 모치즈키 카에데...,2026-05-15T09:00:07Z,1304.0,False,37817,1044.0,75.0
3441,UCYSFs_X0PYHlAnd-ywzMEZw,하우카우,QZKyFfT2En0,"왈도쿤의 25시간 영역전개... ""후열의 밤""",2026-05-16T09:01:37Z,2371.0,False,24207,922.0,100.0
3442,UCIPJbN8T4RMhv7mDat7a3tg,Lenimida,HJZu8618avc,Korean Convenience Stores | You can find WHAT?!,2016-10-06T11:03:55Z,335.0,False,46590,767.0,27.0
3442,UCIPJbN8T4RMhv7mDat7a3tg,Lenimida,o-8MUta1ndQ,Dummy's Guide to Korean Food | Beginner's Guide To Korean Menus,2016-10-18T02:53:48Z,426.0,False,28764,1165.0,36.0
3442,UCIPJbN8T4RMhv7mDat7a3tg,Lenimida,5uPBa0MmmmE,What you should know about Korean WORK CULTURE,2016-11-07T09:40:02Z,345.0,False,29691,677.0,53.0
3442,UCIPJbN8T4RMhv7mDat7a3tg,Lenimida,olmauJYKE00,Pros and Cons of Living in Korea,2016-11-17T11:37:14Z,831.0,False,19536,593.0,64.0
3442,UCIPJbN8T4RMhv7mDat7a3tg,Lenimida,IbDubNv3FlE,How I learned Korean (Without Classes!),2016-12-02T08:08:38Z,504.0,False,398515,14559.0,875.0
3442,UCIPJbN8T4RMhv7mDat7a3tg,Lenimida,f6CeWzKifow,How I Learned Korean | Tips for Beginners,2016-12-08T08:56:39Z,508.0,False,97827,4229.0,292.0
3442,UCIPJbN8T4RMhv7mDat7a3tg,Lenimida,YINJfuys1Ng,Apps to Learn Korean,2017-01-11T09:37:43Z,919.0,False,107701,4437.0,420.0
3442,UCIPJbN8T4RMhv7mDat7a3tg,Lenimida,8V40XZg6pZE,How I Learned Korean | Books I Used & Recommend,2017-01-27T08:22:29Z,605.0,False,54994,1898.0,130.0
3442,UCIPJbN8T4RMhv7mDat7a3tg,Lenimida,KR_N9l-w-IM,5 Words Koreans Say ALOT!!,2017-02-03T07:26:50Z,360.0,False,27343,1595.0,72.0
3442,UCIPJbN8T4RMhv7mDat7a3tg,Lenimida,1IIpWzefvBo,"What to Pack for Korea | Bring THIS, not THAT! My Tips :)",2017-02-13T04:39:27Z,726.0,False,59057,1354.0,94.0
3442,UCIPJbN8T4RMhv7mDat7a3tg,Lenimida,4ODADVIwXRk,Traveling to Korea | Tips to Save You Money and Time,2017-03-14T22:38:39Z,939.0,False,424010,10745.0,304.0
3442,UCIPJbN8T4RMhv7mDat7a3tg,Lenimida,jj_pDse2vcc,How Koreans Get Perfect Skin!,2017-03-25T02:56:21Z,884.0,False,4996238,92769.0,
3442,UCIPJbN8T4RMhv7mDat7a3tg,Lenimida,khnAN7k9Voo,My Skincare Routine,2017-04-27T21:00:02Z,754.0,False,45130,1358.0,85.0
3442,UCIPJbN8T4RMhv7mDat7a3tg,Lenimida,vwPRzF8rQx4,Stressful Things About Living in Korea.,2017-07-02T05:00:06Z,483.0,False,1166852,25891.0,
3442,UCIPJbN8T4RMhv7mDat7a3tg,Lenimida,Jimuv_Ybfic,"EASY Guide to Kakao Taxi | Korean ""Uber"" App",2017-07-12T04:11:34Z,292.0,False,26919,497.0,38.0
3442,UCIPJbN8T4RMhv7mDat7a3tg,Lenimida,wbSsKIp5aEY,All Your Korean Questions...ANSWERED!,2017-07-15T17:30:00Z,416.0,False,10292,424.0,47.0
3442,UCIPJbN8T4RMhv7mDat7a3tg,Lenimida,sF6CjSzqHDk,How I LOST 20lbs + in Korea..!! | Chubby to Slim,2017-09-02T03:30:00Z,358.0,False,385733,6468.0,392.0
3442,UCIPJbN8T4RMhv7mDat7a3tg,Lenimida,HxODQ58DFz8,What I Use at Night for Instantly Smoother Skin!,2017-11-25T03:00:00Z,573.0,False,14537,730.0,183.0
3442,UCIPJbN8T4RMhv7mDat7a3tg,Lenimida,8LDAG0CBw00,"KOREA VLOG | Showing you ""real Korea life""!",2017-12-02T03:00:00Z,919.0,False,27225,730.0,119.0
3442,UCIPJbN8T4RMhv7mDat7a3tg,Lenimida,scHSgdZBX-g,Cost of Living in Korea | What I Spend in a Month & Let's Go Shopping!,2017-12-09T03:00:03Z,651.0,False,64302,3298.0,242.0
3442,UCIPJbN8T4RMhv7mDat7a3tg,Lenimida,yOy_5A2GT2w,Korean Money Explained | Easiest Way To Convert Won Into Dollars,2017-12-16T03:00:03Z,391.0,False,121461,6369.0,390.0
3442,UCIPJbN8T4RMhv7mDat7a3tg,Lenimida,7QoDw1dpbjU,Survival KOREAN: Must-Know Phrases for SHOPPING,2018-01-06T03:00:00Z,285.0,False,3437,,39.0
3442,UCIPJbN8T4RMhv7mDat7a3tg,Lenimida,rfF-adgGX7Y,I Was Discriminated Against in Korea.. | #Rant #Storytime,2018-01-20T03:00:04Z,571.0,False,247360,7314.0,
3442,UCIPJbN8T4RMhv7mDat7a3tg,Lenimida,r3KdfZjbmMo,Natural Gradient Lips For Any Lip Shape | K-Drama Inspired,2018-02-07T14:49:23Z,124.0,False,137533,4072.0,94.0
3442,UCIPJbN8T4RMhv7mDat7a3tg,Lenimida,hiXTIb8p68c,My Weight Loss Story,2018-02-19T17:00:07Z,225.0,False,153197,2415.0,142.0
3442,UCIPJbN8T4RMhv7mDat7a3tg,Lenimida,NTmDv8yZwcU,My Tips on Losing Weight,2018-02-26T18:57:59Z,638.0,False,21575,890.0,64.0
3442,UCIPJbN8T4RMhv7mDat7a3tg,Lenimida,vnc9E8a5ANw,Home Decor Shopping in Seoul | Where To Buy Cute & Unique Items!,2018-03-19T04:00:02Z,658.0,False,132186,3290.0,101.0
3442,UCIPJbN8T4RMhv7mDat7a3tg,Lenimida,WtLhp1cmrpw,How To Cover Eyebags & Dark Circles With Makeup  | No Photoshop!,2018-05-01T05:00:09Z,463.0,False,122140,2425.0,123.0
3442,UCIPJbN8T4RMhv7mDat7a3tg,Lenimida,R01NV5k0_AA,Korean Dermatology Aquapeel Review | 我去了韩国医美诊所！,2018-05-07T13:11:18Z,410.0,False,23775,468.0,58.0
3442,UCIPJbN8T4RMhv7mDat7a3tg,Lenimida,fm9KRkLgLUY,"Korean Treatment for Instant, Shiny Glass Skin??!",2018-05-16T23:01:45Z,491.0,False,53287,1012.0,108.0
3442,UCIPJbN8T4RMhv7mDat7a3tg,Lenimida,ZUDoHhUQld8,Getting a Non-Teaching Job in Korea,2018-05-22T11:56:06Z,1119.0,False,17431,754.0,88.0
3442,UCIPJbN8T4RMhv7mDat7a3tg,Lenimida,xfS40EVHFyM,Are You A Real ARMY?! | BTS QUIZ GAME @ DIA Festival 2018,2018-08-18T06:16:38Z,,False,0,,0.0
3442,UCIPJbN8T4RMhv7mDat7a3tg,Lenimida,ok4KBvqerQs,Laneige Cream Skin Refiner DETAILED Review and How To Use,2019-01-06T02:00:02Z,508.0,False,125133,1321.0,138.0
3442,UCIPJbN8T4RMhv7mDat7a3tg,Lenimida,v06kpBn47o0,Korean Face Slimming Treatments THAT REALLY WORK!! How I Went From Babyfat to V-Line Face,2019-02-15T22:00:04Z,803.0,False,145116,2400.0,230.0
3442,UCIPJbN8T4RMhv7mDat7a3tg,Lenimida,fBpJUpKNpD4,I'm leaving...and here's why.,2019-03-11T19:28:45Z,805.0,False,40077,1396.0,306.0
3443,UCns4Qg50SKaylIG1cErmvng,송병구TV,9KdzwEfMveE,복귀한 정윤종의 한계는? VS 테란 통산 승률 2위의 유영진? [SSL 2024 AUTUMN 시즌1 8강 C조 1경기 정윤종 VS 유영진],2024-10-14T10:44:29Z,529.0,False,4673,60.0,4.0
3443,UCns4Qg50SKaylIG1cErmvng,송병구TV,iQZaEayRDH0,와 선넘네... [SSL 2024 AUTUMN 시즌1 8강 C조 2경기 정윤종 VS 유영진],2024-10-14T11:20:14Z,543.0,False,6573,68.0,7.0
3443,UCns4Qg50SKaylIG1cErmvng,송병구TV,5yh_Zxaxt4M,다크 ㄷㄷ [SSL 2024 AUTUMN 시즌1 8강 C조 3경기 정윤종 VS 유영진],2024-10-14T11:30:06Z,476.0,False,9851,81.0,8.0
3443,UCns4Qg50SKaylIG1cErmvng,송병구TV,iIPEk57XIBg,이번엔 BBS ㄷㄷㄷ [SSL 2024 AUTUMN 시즌1 8강 C조 4경기 정윤종 VS 유영진],2024-10-14T11:37:15Z,337.0,False,6051,71.0,26.0
3443,UCns4Qg50SKaylIG1cErmvng,송병구TV,lZfvDZ9I4EA,시드권을 향한 마지막 승부 시작!!! [SSL 2024 AUTUMN 시즌1 8강 D조 1경기 조기석 VS 조일장],2024-10-15T10:31:45Z,531.0,False,2478,38.0,1.0
3443,UCns4Qg50SKaylIG1cErmvng,송병구TV,zu4XW18JbZ8,엘리전! [SSL 2024 AUTUMN 시즌1 8강 D조 2경기 조기석 VS 조일장],2024-10-15T10:41:12Z,536.0,False,3131,34.0,3.0
3443,UCns4Qg50SKaylIG1cErmvng,송병구TV,Gqy1AxwYnkM,방4업 울트라ㄷㄷ [SSL 2024 AUTUMN 시즌1 8강 D조 3경기 조기석 VS 조일장],2024-10-15T11:22:58Z,539.0,False,2715,34.0,1.0
3443,UCns4Qg50SKaylIG1cErmvng,송병구TV,GjkUi_P7BUQ,어어?? [SSL 2024 AUTUMN 시즌1 8강 D조 4경기 조기석 VS 조일장],2024-10-15T11:39:17Z,542.0,False,2422,24.0,1.0
3443,UCns4Qg50SKaylIG1cErmvng,송병구TV,HWw4jzTi9C4,울트라 ㄷㄷㄷ [SSL 2024 AUTUMN 시즌1 8강 D조 5경기 조기석 VS 조일장],2024-10-15T12:13:10Z,542.0,False,2647,30.0,3.0
3443,UCns4Qg50SKaylIG1cErmvng,송병구TV,ub583nXu16c,스타포트가 세개지요~ [SSL 2024 AUTUMN 시즌1 8강 D조 6경기 조기석 VS 조일장],2024-10-15T12:16:09Z,508.0,False,5556,51.0,9.0
3443,UCns4Qg50SKaylIG1cErmvng,송병구TV,0rCAD3_I_eU,결승을 향해 가는 두 사나이  [SSL 2024 AUTUMN 시즌1 4강 A조 1경기 장윤철 VS 김민철],2024-10-21T10:32:54Z,521.0,False,4582,54.0,7.0
3443,UCns4Qg50SKaylIG1cErmvng,송병구TV,b9rJa9g_5Nk,같은 건물이 3개? 같은 건물이 3개? 같은 건물이 3개?  [SSL 2024 AUTUMN 시즌1 4강 A조 2경기 장윤철 VS 김민철],2024-10-21T10:54:09Z,514.0,False,3944,38.0,10.0
3443,UCns4Qg50SKaylIG1cErmvng,송병구TV,dwKZzJkUTYg,숨만 쉬었는데... [SSL 2024 AUTUMN 시즌1 4강 A조 3경기 장윤철 VS 김민철],2024-10-21T11:15:24Z,541.0,False,4925,42.0,8.0
3443,UCns4Qg50SKaylIG1cErmvng,송병구TV,XKVUKGp3Lww,어어어??? [SSL 2024 AUTUMN 시즌1 4강 A조 4경기 장윤철 VS 김민철],2024-10-21T11:35:36Z,508.0,False,5474,44.0,22.0
3443,UCns4Qg50SKaylIG1cErmvng,송병구TV,eeOr_NR1qVg,전지훈련 정윤종 VS 와일드카드 최다기록 조기석 [SSL 2024 AUTUMN 시즌1 4강 B조 1경기 정윤종 VS 조기석],2024-10-22T10:49:18Z,540.0,False,3949,35.0,1.0
3443,UCns4Qg50SKaylIG1cErmvng,송병구TV,1cO2q0YZDqw,2연 다크 [SSL 2024 AUTUMN 시즌1 4강 B조 2경기 정윤종 VS 조기석],2024-10-22T10:56:54Z,350.0,False,3051,30.0,2.0
3443,UCns4Qg50SKaylIG1cErmvng,송병구TV,pcJJatJOjcg,초반부터? [SSL 2024 AUTUMN 시즌1 4강 B조 3경기 정윤종 VS 조기석],2024-10-22T11:03:16Z,327.0,False,2716,30.0,2.0
3443,UCns4Qg50SKaylIG1cErmvng,송병구TV,6ZO21bNNkWU,어?? 또 치즈??? [SSL 2024 AUTUMN 시즌1 4강 B조 4경기 정윤종 VS 조기석],2024-10-22T11:36:05Z,538.0,False,4196,33.0,3.0
3443,UCns4Qg50SKaylIG1cErmvng,송병구TV,EXeQSX1MlrE,천지스톰?? [SSL 2024 AUTUMN 시즌1 4강 B조 5경기 정윤종 VS 조기석],2024-10-22T11:57:57Z,535.0,False,5503,72.0,6.0
3443,UCns4Qg50SKaylIG1cErmvng,송병구TV,l95Xu1aYs1o,전성기 시절 소환한 송병구 경기력 ㄷㄷㄷ,2024-10-27T02:30:32Z,1235.0,False,3700,61.0,5.0
3443,UCns4Qg50SKaylIG1cErmvng,송병구TV,Cwy-8saNLlk,1게이트로 6팩토리 상대하려는 송순신;;;,2024-10-30T02:30:06Z,805.0,False,3106,47.0,11.0
3443,UCns4Qg50SKaylIG1cErmvng,송병구TV,qxWrTEEHiQU,테란 유저 시청 금지,2024-10-30T12:01:06Z,23.0,True,14597,45.0,1.0
3443,UCns4Qg50SKaylIG1cErmvng,송병구TV,FesCCf3ySjY,시작된 SSL 첫 결승전! 첫 승리는 누가? [SSL 2024 AUTUMN 시즌1 결승전 1경기 김민철 VS 조기석],2024-11-02T08:43:57Z,536.0,False,5653,50.0,4.0
3443,UCns4Qg50SKaylIG1cErmvng,송병구TV,7N8hNduryTY,승부예측 14:0... 어어 그런데?? [SSL 2024 AUTUMN 시즌1 결승전 2경기 김민철 VS 조기석],2024-11-02T09:13:46Z,536.0,False,4342,43.0,5.0
3443,UCns4Qg50SKaylIG1cErmvng,송병구TV,ZBUn9Wh56L4,뮤탈에 혼을 실은 철벽?? [SSL 2024 AUTUMN 시즌1 결승전 3경기 김민철 VS 조기석],2024-11-02T09:25:14Z,538.0,False,3646,38.0,8.0
3443,UCns4Qg50SKaylIG1cErmvng,송병구TV,mZBJisA80pQ,뮤탈 떼 VS 메카닉?!! [SSL 2024 AUTUMN 시즌1 결승전 4경기 김민철 VS 조기석],2024-11-02T10:10:40Z,539.0,False,4079,44.0,5.0
3443,UCns4Qg50SKaylIG1cErmvng,송병구TV,H1-YlZw3wUc,철벽이란 별명이 생긴 이유.mp4 [SSL 2024 AUTUMN 시즌1 결승전 5경기 김민철 VS 조기석],2024-11-02T10:37:23Z,540.0,False,6170,75.0,12.0
3443,UCns4Qg50SKaylIG1cErmvng,송병구TV,CMPt9dA_Ejk,와씨 리페어;;,2024-11-03T02:30:06Z,37.0,True,35459,99.0,16.0
3443,UCns4Qg50SKaylIG1cErmvng,송병구TV,qRrJwOmBzI8,EMP 왜 씀? 점사하면 되는데 ㄹㅇㅋㅋ,2024-11-10T02:30:27Z,57.0,True,4097,21.0,0.0
3443,UCns4Qg50SKaylIG1cErmvng,송병구TV,L_UJAVQQk_A,와 리페어,2024-11-11T02:30:09Z,28.0,True,8231,29.0,3.0
3443,UCns4Qg50SKaylIG1cErmvng,송병구TV,xF_VSASq1rI,스톰은 언제나 옳다,2024-11-13T02:30:38Z,56.0,True,25963,68.0,5.0
3443,UCns4Qg50SKaylIG1cErmvng,송병구TV,GZKwWQmLPFg,미쳐버린 실력에 바로 XY 염색체로 의심 받는 여자 BJ??? [스타대학],2024-11-16T03:00:09Z,1424.0,False,5268,48.0,1.0
3443,UCns4Qg50SKaylIG1cErmvng,송병구TV,mGeIg8i3ENk,올 멀티로 전맵 쓸어버리는 미친 실력 ㄷㄷ;;;,2024-11-17T07:00:20Z,1705.0,False,3581,43.0,2.0
3443,UCns4Qg50SKaylIG1cErmvng,송병구TV,Rl6pLHG137k,극찬(?),2024-11-18T07:00:13Z,20.0,True,87397,205.0,12.0
3443,UCns4Qg50SKaylIG1cErmvng,송병구TV,9gcxkhXqDW0,"다 진 게임, 신의 한수로 이기자 팀원들 반응이?? ㄷㄷㄷㄷ",2024-11-19T07:00:10Z,816.0,False,2697,32.0,8.0
3443,UCns4Qg50SKaylIG1cErmvng,송병구TV,HsH0K2HyPXo,2024년 5월 30일 방송 다시보기,2024-11-22T06:59:53Z,,False,0,0.0,0.0
3443,UCns4Qg50SKaylIG1cErmvng,송병구TV,nM1fiCbVtOo,여캠이 보여주는 스팀 벙커의 위력 ㄷㄷ [스타 미니대학대전],2024-11-23T02:00:27Z,1438.0,False,5387,58.0,1.0
3443,UCns4Qg50SKaylIG1cErmvng,송병구TV,MMM5c0inchs,벙커의 위력 ㄷㄷ 벙커의 위력 ㄷㄷ,2024-11-24T12:00:19Z,35.0,True,33877,92.0,5.0
3443,UCns4Qg50SKaylIG1cErmvng,송병구TV,qboF3gYIj2I,마인 3개중에 1개는 토스꺼,2024-11-24T12:01:02Z,56.0,True,13364,36.0,0.0
3443,UCns4Qg50SKaylIG1cErmvng,송병구TV,e6I4Kgl7tNs,『캐리어 1등급 자격증』,2024-11-29T02:00:30Z,1234.0,False,3427,61.0,9.0
3443,UCns4Qg50SKaylIG1cErmvng,송병구TV,LMe4-38CulA,포기하게 만들어드림,2024-11-30T03:00:22Z,59.0,True,15733,85.0,15.0
3443,UCns4Qg50SKaylIG1cErmvng,송병구TV,9zi9dj-jf4k,[진정한  단두대매치] 라네트&숲배 케이대 VS 정선대,2024-12-02T01:05:01Z,8460.0,False,3970,48.0,6.0
3443,UCns4Qg50SKaylIG1cErmvng,송병구TV,1kw-fw34E_A,스톰 대박 ㄷㄷ,2024-12-06T03:00:01Z,55.0,True,7852,27.0,2.0
3443,UCns4Qg50SKaylIG1cErmvng,송병구TV,w_h2z_ZvLCs,이런건 여캠 저저전에서만 볼 수 있음,2024-12-07T03:00:54Z,57.0,True,6916,31.0,0.0
3443,UCns4Qg50SKaylIG1cErmvng,송병구TV,liI7drTaAag,4분만에 끝내는 토스판 5드론 빌드ㅋㅋㅋㅋ 99게이트로 래더 달려봤습니다,2024-12-09T03:00:36Z,770.0,False,5182,73.0,5.0
3443,UCns4Qg50SKaylIG1cErmvng,송병구TV,gXYF3hJdX-M,테란의 벙커를 동반한 러쉬에 시청자들은 힘들어 보인다하는데... 상대는 프로게이머??!!,2024-12-10T03:00:34Z,911.0,False,3862,61.0,1.0
3443,UCns4Qg50SKaylIG1cErmvng,송병구TV,s0a7swh34dc,[이기면 4강?!] 라네트&숲배 케이대 VS 씨나인,2024-12-11T23:46:50Z,9507.0,False,7733,33.0,15.0
3443,UCns4Qg50SKaylIG1cErmvng,송병구TV,WUYjbxg6qCk,이건 레전드임,2024-12-15T03:00:23Z,23.0,True,19019,35.0,0.0
3443,UCns4Qg50SKaylIG1cErmvng,송병구TV,qMRl743P6Og,저그들 로망 보여주는 여캠 ㄷㄷ,2024-12-16T03:00:39Z,57.0,True,11148,37.0,2.0
3443,UCns4Qg50SKaylIG1cErmvng,송병구TV,jI1Gx4Xyw6Q,"같은 200, 다른 결과",2024-12-17T03:00:35Z,60.0,True,30492,54.0,11.0
3444,UCoxhBXg60GN21-3Hy1sSNlA,SODAM 소담한작업실 (소담한작업실),90OpS72Jmv4,"서울숲, 올림픽공원, 보라매공원 🌳 좋아하는 공원들.zip",2021-09-16T10:10:00Z,587.0,False,1826,62.0,12.0
3444,UCoxhBXg60GN21-3Hy1sSNlA,SODAM 소담한작업실 (소담한작업실),MQIrOs9qpaE,돌리면 그림이 변하는 종이카드 만들기 🎡Twist Photo Card,2021-09-30T11:13:01Z,528.0,False,6711,183.0,12.0
3444,UCoxhBXg60GN21-3Hy1sSNlA,SODAM 소담한작업실 (소담한작업실),8GQYtljQemo,📕 카페에서 준 종이를 활용한 다꾸 DIARY & JOURNAL,2021-10-07T10:32:05Z,699.0,False,4174,97.0,25.0
3444,UCoxhBXg60GN21-3Hy1sSNlA,SODAM 소담한작업실 (소담한작업실),_2YZYaZyzb0,종이 인형뽑기로 가을 룩북 만들기🍁🍂 paper claw machine,2021-10-21T10:13:06Z,643.0,False,5228,98.0,10.0
3444,UCoxhBXg60GN21-3Hy1sSNlA,SODAM 소담한작업실 (소담한작업실),mUrtaiHibo0,"서울동네서점 (부비프 책방, 과학책방 갈다) 🌳Record of Seoul",2021-11-19T11:15:12Z,436.0,False,3750,112.0,32.0
3444,UCoxhBXg60GN21-3Hy1sSNlA,SODAM 소담한작업실 (소담한작업실),5ug41wT9rRo,입체 그림책 만들기🦸‍♀️🎬 무비히어로 캠페인 Popup Book *HAND-MADE,2021-11-26T11:08:56Z,530.0,False,12587,256.0,13.0
3444,UCoxhBXg60GN21-3Hy1sSNlA,SODAM 소담한작업실 (소담한작업실),5FGyf3sBSHc,ENG) 일반 공책으로도 쓸 수 있는 먼슬리 기록법! Bullet Journal Monthly,2021-12-02T11:06:30Z,618.0,False,376094,11676.0,162.0
3444,UCoxhBXg60GN21-3Hy1sSNlA,SODAM 소담한작업실 (소담한작업실),EayZJ34RxmU,그림이 바뀌는 카드 만들기🎅🎄 Christmas Slide Card *HAND-MADE,2021-12-09T11:13:25Z,452.0,False,8955,183.0,23.0
3444,UCoxhBXg60GN21-3Hy1sSNlA,SODAM 소담한작업실 (소담한작업실),f-kWw7En3wo,"ENG) 새해 계획을 위한 불렛저널🐯 퓨처로그, 미래일기, 습관트래커",2021-12-16T09:37:00Z,856.0,False,73524,1905.0,70.0
3444,UCoxhBXg60GN21-3Hy1sSNlA,SODAM 소담한작업실 (소담한작업실),S05WJL4BYpA,한 해를 마무리하며.. 다이어리 정리하기! (+ NEW다이어리 소개),2021-12-29T10:15:35Z,814.0,False,48408,773.0,41.0
3444,UCoxhBXg60GN21-3Hy1sSNlA,SODAM 소담한작업실 (소담한작업실),x38NvCuGuXQ,ENG) 불렛저널 3개월 써보고 느낀 점! (+9가지 쓰기 방법) Bullet Journal,2022-03-10T11:05:26Z,842.0,False,487242,10085.0,169.0
3444,UCoxhBXg60GN21-3Hy1sSNlA,SODAM 소담한작업실 (소담한작업실),EMo1Xut_KMo,유튜브로 그림 독학하는 방법 (+ 랜선 미술선생님 추천!),2022-03-24T11:06:25Z,588.0,False,26140,1026.0,60.0
3444,UCoxhBXg60GN21-3Hy1sSNlA,SODAM 소담한작업실 (소담한작업실),SAyuVIJio8E,노트 만드는 방법 📙 북바인딩 도구 소개,2022-04-15T11:16:24Z,918.0,False,101060,2732.0,68.0
3444,UCoxhBXg60GN21-3Hy1sSNlA,SODAM 소담한작업실 (소담한작업실),JV7Rk7RCLHE,내 취향에 맞는 검은펜을 찾아보자! (+주관적인 의견 포함),2022-04-29T11:27:01Z,855.0,False,79317,1353.0,60.0
3444,UCoxhBXg60GN21-3Hy1sSNlA,SODAM 소담한작업실 (소담한작업실),A-TLJvpa9iw,"ENG) 2022 상반기 다이어리 리뷰 (+불렛저녈, 3년일기, 줄글일기)",2022-07-27T10:03:19Z,560.0,False,34272,711.0,24.0
3444,UCoxhBXg60GN21-3Hy1sSNlA,SODAM 소담한작업실 (소담한작업실),8LTP1alsitc,"ENG) 하루 한 페이지, 데일리 리포트 쓰는 방법! {불렛저널 영업영상01}",2022-10-21T06:48:25Z,426.0,False,169286,4994.0,150.0
3444,UCoxhBXg60GN21-3Hy1sSNlA,SODAM 소담한작업실 (소담한작업실),ipd3MLYgJh0,ENG) 미니멀 + 시간관리로 잘 쓰고 있는 기록 BEST 4 {불렛저널 영업영상02},2022-10-28T07:16:48Z,589.0,False,89445,2019.0,68.0
3444,UCoxhBXg60GN21-3Hy1sSNlA,SODAM 소담한작업실 (소담한작업실),6gbhlz0EHwA,"기록 관련 Q&A (불렛저널 제품정보, OKR, 데일리포트 시작 계기, 기록의 원동력 등)",2022-11-12T11:17:41Z,1229.0,False,33202,635.0,28.0
3444,UCoxhBXg60GN21-3Hy1sSNlA,SODAM 소담한작업실 (소담한작업실),v-GKv2gxA5k,"그림책, 팝업북 무료로 실컷 볼 수 있는 도서관 | 서울아트책보고",2022-11-19T01:41:11Z,373.0,False,5482,208.0,14.0
3444,UCoxhBXg60GN21-3Hy1sSNlA,SODAM 소담한작업실 (소담한작업실),aUj2ayw2ECQ,한 달 기록 스스로 리뷰하기 / Bullet Journal Monthly Review,2022-12-01T10:36:21Z,484.0,False,12597,273.0,38.0
3444,UCoxhBXg60GN21-3Hy1sSNlA,SODAM 소담한작업실 (소담한작업실),DiBtCyGd3BI,"오래간만에 그림 영상🎨! 영감을 주는 뷰맛집 추천, 정동전망대",2022-12-16T10:21:09Z,282.0,False,1557,57.0,12.0
3444,UCoxhBXg60GN21-3Hy1sSNlA,SODAM 소담한작업실 (소담한작업실),mGzCfvD_Fmg,"2022 기록 리뷰 + 2023 기록 계획 | 불렛저널, 줄글다이어리, 영어일기",2022-12-27T11:21:13Z,540.0,False,19187,426.0,19.0
3444,UCoxhBXg60GN21-3Hy1sSNlA,SODAM 소담한작업실 (소담한작업실),-Oa4gmtzcj0,올해 불렛저널 기록할 때 쓸 제품들.zip❤️,2023-01-10T12:59:06Z,537.0,False,22671,515.0,30.0
3444,UCoxhBXg60GN21-3Hy1sSNlA,SODAM 소담한작업실 (소담한작업실),LuthFejSXPQ,작고 귀여운 습관만들기❤️ routine board,2023-01-18T11:00:29Z,41.0,True,6809,281.0,4.0
3444,UCoxhBXg60GN21-3Hy1sSNlA,SODAM 소담한작업실 (소담한작업실),E8hnau9ejRE,기록을 마쳤다면 종이를 접어주세요..✌ routine board,2023-01-18T11:07:01Z,48.0,True,8294,351.0,13.0
3444,UCoxhBXg60GN21-3Hy1sSNlA,SODAM 소담한작업실 (소담한작업실),oVgVwHjTtDE,작고 귀엽게 습관을 만드는 방법  📓 mini routine board book,2023-01-19T10:42:57Z,529.0,False,7251,259.0,19.0
3444,UCoxhBXg60GN21-3Hy1sSNlA,SODAM 소담한작업실 (소담한작업실),U60Jo1DlZ_0,ENG) 효율적인 기록 고민의 흔적✍️ 2023 다이어리 맞춤 셋업 monthly page,2023-03-07T11:10:24Z,585.0,False,40965,895.0,40.0
3444,UCoxhBXg60GN21-3Hy1sSNlA,SODAM 소담한작업실 (소담한작업실),N4qOC2k9LT0,갓성비 다이소 스티커 2만원 쇼핑 하울 영상~❤️,2023-03-17T12:06:50Z,729.0,False,8787,136.0,12.0
3444,UCoxhBXg60GN21-3Hy1sSNlA,SODAM 소담한작업실 (소담한작업실),7wxSTaoi7Sw,📕 기록을 공유하면 좋은 점~ 1년 동안 인스타그램에 데일리리포트 올리기!,2023-06-24T01:01:37Z,240.0,False,6705,161.0,17.0
3444,UCoxhBXg60GN21-3Hy1sSNlA,SODAM 소담한작업실 (소담한작업실),WDfjWhXwJbo,vlog 갓생러 지망생 요즘 근황 feat. 데일리리포트 & 손목닥터 9988,2023-08-01T11:20:53Z,409.0,False,7723,167.0,25.0
3444,UCoxhBXg60GN21-3Hy1sSNlA,SODAM 소담한작업실 (소담한작업실),VttYMwu1ePA,하루종일 놀았던 날의 데일리리포트 | 지하철 스탬프 투어,2023-09-28T08:06:28Z,709.0,False,6475,163.0,8.0
3444,UCoxhBXg60GN21-3Hy1sSNlA,SODAM 소담한작업실 (소담한작업실),-5elB7fyp2w,데일리리포트로 하루 돌아보는 기록 과정 feat. 무빙 데이,2023-12-01T12:37:21Z,328.0,False,13015,277.0,24.0
3444,UCoxhBXg60GN21-3Hy1sSNlA,SODAM 소담한작업실 (소담한작업실),Nx2TjDu5QK0,✍️ 올해 잘 쓴 데일리리포트 기록템 (노트/스티커/볼펜/형광펜),2023-12-19T11:18:28Z,419.0,False,11133,284.0,28.0
3444,UCoxhBXg60GN21-3Hy1sSNlA,SODAM 소담한작업실 (소담한작업실),8uZojwAT-jo,2023년 다이어리 KPT 리뷰하기! (+2024 기록 계획),2023-12-30T12:12:13Z,1218.0,False,43874,864.0,43.0
3444,UCoxhBXg60GN21-3Hy1sSNlA,SODAM 소담한작업실 (소담한작업실),3Pf7e7NeFTg,✍️올해는 이렇게 기록하고 있어요 | 불렛저널 데일리리포트,2024-02-08T10:19:19Z,735.0,False,18824,384.0,41.0
3444,UCoxhBXg60GN21-3Hy1sSNlA,SODAM 소담한작업실 (소담한작업실),NKDCg52JXu4,🏊‍♀️ 수영 초보가 쓰는 수영 오답일기!,2024-02-29T06:49:02Z,30.0,True,2716,64.0,1.0
3444,UCoxhBXg60GN21-3Hy1sSNlA,SODAM 소담한작업실 (소담한작업실),eB25SKsBOb4,6개월동안 쓴 기록을 다이어리로 다시 만드는 과정! (북바인딩),2024-07-24T11:02:48Z,492.0,False,7685,211.0,15.0
3444,UCoxhBXg60GN21-3Hy1sSNlA,SODAM 소담한작업실 (소담한작업실),u0vezUUnpcQ,✨새로운 주간 기록! 한번 같이 써보실래요?,2024-08-07T09:48:40Z,620.0,False,32021,844.0,37.0
3444,UCoxhBXg60GN21-3Hy1sSNlA,SODAM 소담한작업실 (소담한작업실),4ldyUapLvrI,데일리리포트 요즘 이렇게 쓰고 있어요 #데일리리포트 #studygram #미니멀기록 #불렛저널,2024-08-13T08:44:49Z,51.0,True,13783,438.0,0.0
3444,UCoxhBXg60GN21-3Hy1sSNlA,SODAM 소담한작업실 (소담한작업실),grNLqosGrnc,✍ 올해는 이런 기록을 했어요 [📚2024 다이어리/노트 리뷰],2024-12-06T10:27:44Z,1086.0,False,32816,748.0,32.0
3444,UCoxhBXg60GN21-3Hy1sSNlA,SODAM 소담한작업실 (소담한작업실),C9vbch5KcVc,"요즘 잘 쓰고 있는 기록 | 데일리리포트, 식사기록, 운동기록, 그림일기",2025-01-27T10:15:02Z,826.0,False,16028,369.0,32.0
3444,UCoxhBXg60GN21-3Hy1sSNlA,SODAM 소담한작업실 (소담한작업실),J31Nd9xOxsw,올해 줄글일기를 제대로 써보고 싶다면? ✍탐험쓰기 | 쓸수록 선명해진다,2025-02-03T10:15:39Z,565.0,False,5490,171.0,10.0
3444,UCoxhBXg60GN21-3Hy1sSNlA,SODAM 소담한작업실 (소담한작업실),3g6nA1GyqI4,매주 이렇게 기록했더니 월간 리뷰하기 편해요! #KPT회고 #기록루틴 #다이어리,2025-02-05T11:28:33Z,59.0,True,10051,394.0,9.0
3444,UCoxhBXg60GN21-3Hy1sSNlA,SODAM 소담한작업실 (소담한작업실),nsi98ikZg98,매일 기록할 때 쓰는 최애템! (필통 속 필기구 모음.zip),2025-02-12T10:40:53Z,538.0,False,5527,136.0,15.0
3444,UCoxhBXg60GN21-3Hy1sSNlA,SODAM 소담한작업실 (소담한작업실),udwdWj8ujOU,📝 매주 기록하는 루틴 (+사진첩 정리/KPT회고),2025-03-08T10:12:03Z,488.0,False,4819,191.0,13.0
3444,UCoxhBXg60GN21-3Hy1sSNlA,SODAM 소담한작업실 (소담한작업실),TbuYh3WyVxc,지난 6개월 기록을 돌아보니,2025-07-02T05:21:44Z,65.0,False,6395,164.0,2.0
3444,UCoxhBXg60GN21-3Hy1sSNlA,SODAM 소담한작업실 (소담한작업실),24WIol3C7kM,"일주일 남은 2025, 이거 한 장 채워보세요 (후회 대신 '회고 기록')",2025-12-21T08:05:58Z,391.0,False,3458,139.0,18.0
3444,UCoxhBXg60GN21-3Hy1sSNlA,SODAM 소담한작업실 (소담한작업실),3DFUe63lelg,New 2026 불렛저널 기록 셋업,2026-01-14T11:30:24Z,763.0,False,10138,262.0,17.0
3444,UCoxhBXg60GN21-3Hy1sSNlA,SODAM 소담한작업실 (소담한작업실),3oUBgj9L_tE,"매주 월요일, 기록을 준비하는 자세 (기록 셋업)",2026-01-19T12:03:44Z,132.0,False,7176,199.0,5.0
3444,UCoxhBXg60GN21-3Hy1sSNlA,SODAM 소담한작업실 (소담한작업실),RyqFmXX5ruU,밖에서도 쓸 수 있는 기록 셋업 #기록 #불렛저널 #bulletjournal #한국어 #journaling #diy,2026-01-26T11:33:27Z,76.0,False,3894,73.0,1.0
3445,UCFU-YzYjd1faci3x_7A-ZQA,원포인트t,pp6bbSqEb2E,2022년 5월 3주차 미러리스 카메라 추천...!,2022-05-17T10:00:25Z,55.0,True,2231,26.0,0.0
3445,UCFU-YzYjd1faci3x_7A-ZQA,원포인트t,n7rfO7eAZBA,"2022년 5월 3주차, 사람들의 많은 관심을 받은 미러리스 카메라는...? : 원포인트(1pt)",2022-05-18T10:00:27Z,173.0,False,246,8.0,0.0
3445,UCFU-YzYjd1faci3x_7A-ZQA,원포인트t,fIC17uFVz4U,돈이 있어도 제 가격에 여전히 구입할 수 없는 (유)니콘 Z9 : 원포인트(1pt),2022-05-20T10:00:21Z,303.0,False,6232,75.0,4.0
3445,UCFU-YzYjd1faci3x_7A-ZQA,원포인트t,vwwws0uvwag,2022년 5월 4주차 미러리스 카메라 추천...!,2022-05-24T10:00:21Z,54.0,True,6044,74.0,0.0
3445,UCFU-YzYjd1faci3x_7A-ZQA,원포인트t,bIzcNwP3wQ4,정말 많이 꽂을 수 있어요 콘센트를... 텔로 타워 멀티탭 : 원포인트(1pt),2022-05-27T10:00:29Z,193.0,False,1193,15.0,5.0
3445,UCFU-YzYjd1faci3x_7A-ZQA,원포인트t,9LR5BsYoB84,우리에겐 TIPA가 있다...! TIPA2022 수상 제품 빠르게 살펴보기 : 원포인트(1pt),2022-05-30T10:00:07Z,55.0,True,301,7.0,0.0
3445,UCFU-YzYjd1faci3x_7A-ZQA,원포인트t,lFFOzEwmEsc,2022년 6월 1주차 미러리스 카메라 추천...!,2022-05-31T10:00:20Z,51.0,True,43354,518.0,80.0
3445,UCFU-YzYjd1faci3x_7A-ZQA,원포인트t,iqKlcmzTR1o,"✨2022년 6월 영상 편집용 가성비 노트북 TOP7, 고민은 배송만 늦출... | 영상편집 노트북 | 편집용 노트북 | 영상편집용 노트북",2022-06-02T10:00:29Z,472.0,False,6601,65.0,72.0
3445,UCFU-YzYjd1faci3x_7A-ZQA,원포인트t,SRX9MuqsG7g,2022년 6월 2주차 미러리스 카메라 추천...! #shorts,2022-06-07T10:00:15Z,57.0,True,4876,78.0,17.0
3445,UCFU-YzYjd1faci3x_7A-ZQA,원포인트t,lCjblQNN3yg,새롭고 특이한 짐벌 카메라 '페이유 포켓 2S' 리뷰 : 원포인트(1pt),2022-06-10T10:33:52Z,220.0,False,615,5.0,0.0
3445,UCFU-YzYjd1faci3x_7A-ZQA,원포인트t,j2Mw2Khh4dY,2022년 6월 3주차 미러리스 카메라 추천...!,2022-06-14T10:00:33Z,56.0,True,2626,33.0,10.0
3445,UCFU-YzYjd1faci3x_7A-ZQA,원포인트t,oq_6kdNIyvQ,"✨2022년 6월 영상 편집용 AMD 노트북 TOP5, 그저 빛... | 영상편집 노트북 | 편집용 노트북 | 영상편집용 노트북 | AMD 영상용 노트북",2022-06-17T10:00:28Z,304.0,False,721,16.0,10.0
3445,UCFU-YzYjd1faci3x_7A-ZQA,원포인트t,Lw5WaSuq5EY,2022년 6월 4주차 미러리스 카메라 추천...!,2022-06-21T10:00:21Z,40.0,True,1486,24.0,0.0
3445,UCFU-YzYjd1faci3x_7A-ZQA,원포인트t,jFcxlURSccI,이건...뭐에요? 옥타박스 : 원포인트(1pt),2022-06-24T10:00:38Z,181.0,False,330,10.0,0.0
3445,UCFU-YzYjd1faci3x_7A-ZQA,원포인트t,AkrU2noq0iw,2022년 6월 마지막주 미러리스 카메라 추천...!,2022-06-28T10:00:06Z,49.0,True,2578,23.0,10.0
3445,UCFU-YzYjd1faci3x_7A-ZQA,원포인트t,cbION-4_MMg,드디어 찾았다… 인생 매트리스! : 메모리슬립 프리모르 매트리스 🛏️,2022-06-29T10:00:31Z,225.0,False,11167,18.0,2.0
3445,UCFU-YzYjd1faci3x_7A-ZQA,원포인트t,XJeEkz2mhRc,"언제나, 편하게, 픽스 무선전동에어펌프 XAP-301 : 원포인트(1pt)",2022-06-30T10:00:26Z,182.0,False,4028,27.0,4.0
3445,UCFU-YzYjd1faci3x_7A-ZQA,원포인트t,nrvrG8LuCWg,2022년 7월 1주차 미러리스 카메라 추천...!,2022-07-05T10:00:22Z,52.0,True,131353,1547.0,116.0
3445,UCFU-YzYjd1faci3x_7A-ZQA,원포인트t,pO8CHqMy-rU,"✨2022년 7월 영상 편집용 가성비 노트북 TOP5, 방학/휴가 때 영상을 마스터하자! | 영상편집 노트북 | 편집용 노트북 | 영상편집 노트북 추천",2022-07-07T10:00:25Z,380.0,False,4972,39.0,88.0
3445,UCFU-YzYjd1faci3x_7A-ZQA,원포인트t,tai2NQ9b-XE,2022년 7월 2주차 미러리스 카메라 순위...!,2022-07-12T10:00:38Z,50.0,True,7065,89.0,15.0
3445,UCFU-YzYjd1faci3x_7A-ZQA,원포인트t,gETC5z0mo_c,2022년 7월 3주차 사람들의 관심을 끄는 미러리스 카메라 순위...!,2022-07-19T10:00:20Z,59.0,True,3169,24.0,22.0
3445,UCFU-YzYjd1faci3x_7A-ZQA,원포인트t,duY8zceczBk,"100만원 미만 vs 300만원 대 미러리스 카메라 추천! , 무엇을 고를까? : 원포인트(1pt)",2022-07-21T10:00:30Z,402.0,False,2822,30.0,1.0
3445,UCFU-YzYjd1faci3x_7A-ZQA,원포인트t,ppSJrOP_OGw,2022년 7월 4주차 사람들의 관심을 끄는 미러리스 카메라 순위...!,2022-07-26T10:00:36Z,56.0,True,6228,62.0,13.0
3445,UCFU-YzYjd1faci3x_7A-ZQA,원포인트t,27cTnexW-SM,휴지통🗑이 자동으로 열린다... 발로 차도 열린다...?! 휴바트 자동센서 휴지통 : 원포인트(1pt),2022-07-29T10:00:05Z,265.0,False,6090,10.0,0.0
3445,UCFU-YzYjd1faci3x_7A-ZQA,원포인트t,eianZeJfe6w,2022년 8월 1주차 사람들의 관심을 끄는 미러리스 카메라 순위...!,2022-08-02T10:00:23Z,59.0,True,12741,111.0,21.0
3445,UCFU-YzYjd1faci3x_7A-ZQA,원포인트t,x_Ov0mjR5YI,✨2022년 8월 영상 편집용 노트북 TOP5 추천! 여기서 골라보세요 😊 | 영상편집 노트북 | 프리미어 프로 노트북 | 영상편집 노트북 추천,2022-08-04T10:00:39Z,400.0,False,8919,92.0,127.0
3445,UCFU-YzYjd1faci3x_7A-ZQA,원포인트t,ft_InPxLfWg,2022년 8월 2주차 사람들의 관심을 끄는 미러리스 카메라 순위...!,2022-08-09T10:00:20Z,54.0,True,4629,55.0,18.0
3445,UCFU-YzYjd1faci3x_7A-ZQA,원포인트t,dfJL3UeyzNM,애플 맥 스튜디오... 알아보고 살걸 그랬죠...? : 원포인트(1pt),2022-08-11T10:00:19Z,457.0,False,6496,41.0,4.0
3445,UCFU-YzYjd1faci3x_7A-ZQA,원포인트t,qP5bLdbXKD4,2022년 8월 3주차 사람들의 관심을 끄는 #미러리스카메라 순위...!,2022-08-16T10:00:26Z,51.0,True,5338,71.0,20.0
3445,UCFU-YzYjd1faci3x_7A-ZQA,원포인트t,ILyFOkoJdkU,⌨️ 알리 익스프레스 4만원짜리 키보드는 괜찮을까...? 🤔 | 기계식 키보드 | 후아노 갈축 | E-YOOSO Z-13 |,2022-08-18T10:00:23Z,318.0,False,3024,12.0,1.0
3445,UCFU-YzYjd1faci3x_7A-ZQA,원포인트t,10QuPgYVNSo,2022년 8월 4주차 사람들의 관심을 끄는 #미러리스카메라 순위...!,2022-08-23T10:00:01Z,56.0,True,2726,36.0,34.0
3445,UCFU-YzYjd1faci3x_7A-ZQA,원포인트t,jEmjRfAQkLA,2022년 8월 마지막 사람들의 관심을 끄는 #미러리스카메라 순위...!,2022-08-30T10:00:24Z,52.0,True,2834,18.0,7.0
3445,UCFU-YzYjd1faci3x_7A-ZQA,원포인트t,hD7EqLLqPEc,2022년 9월 첫째주 사람들의 관심을 끄는 #미러리스카메라 순위...!,2022-09-06T10:00:22Z,53.0,True,24164,284.0,37.0
3445,UCFU-YzYjd1faci3x_7A-ZQA,원포인트t,9KDj3gPoX7c,노트북으로 영상을 편집해야 한다면 여기서 골라보세요 😊 | 영상편집 노트북 | 프리미어 프로 노트북 | 영상편집 노트북 추천 | 2022-09,2022-09-09T06:00:03Z,375.0,False,907,9.0,26.0
3445,UCFU-YzYjd1faci3x_7A-ZQA,원포인트t,IXylKqhyXLI,2022년 9월 둘째주 사람들의 관심을 끄는 #미러리스카메라 순위...!,2022-09-13T10:00:13Z,59.0,True,35963,443.0,57.0
3445,UCFU-YzYjd1faci3x_7A-ZQA,원포인트t,gXV62YvH8Qk,🌟 프리미어도 애프터 이펙트도 노트북으로 편집해요! 영상 편집용 노트북 추천 TOP5 🤣 | 작업용 노트북 | 영상편집 노트북 | 게이밍 노트북 |,2022-09-17T08:30:06Z,477.0,False,1721,22.0,42.0
3445,UCFU-YzYjd1faci3x_7A-ZQA,원포인트t,-jaST3-MgF8,2022년 9월 3주차 사람들의 관심을 끄는 #미러리스카메라 순위...!,2022-09-20T10:00:00Z,51.0,True,15221,155.0,48.0
3445,UCFU-YzYjd1faci3x_7A-ZQA,원포인트t,o1OrNfJhMl4,2022년 9월 4주차 사람들의 관심을 끄는 #미러리스카메라 순위...!,2022-09-27T10:00:25Z,59.0,True,9317,99.0,76.0
3445,UCFU-YzYjd1faci3x_7A-ZQA,원포인트t,LSVCkfCyeLw,❄️ 족욕기가 필요할 겨울... 족욕기는 그냥 이걸 사세요 | 보만 스팀족욕기 |,2022-09-28T10:00:28Z,301.0,False,1711,15.0,0.0
3445,UCFU-YzYjd1faci3x_7A-ZQA,원포인트t,Pr70lzlOJWI,"영상 편집용 노트북 TOP5! 노트북, 아직도 고르지 못한 사람, 여기 모여라! 😆 | 작업용 노트북 | 영상편집 노트북",2022-09-30T10:00:14Z,434.0,False,1209,10.0,9.0
3445,UCFU-YzYjd1faci3x_7A-ZQA,원포인트t,hs3a-Ue4vpw,#영상편집용 #노트북추천 가성비 TOP5! 여기서 골라보세요 😄 2022년 9월 4주 #shorts,2022-09-30T10:00:27Z,42.0,True,544,6.0,1.0
3445,UCFU-YzYjd1faci3x_7A-ZQA,원포인트t,wpaq-qKUn64,[추천] 2022년 10월 영상편집 노트북 TOP5 추천! 여기서 골라보세요 😊 | 영상편집용 노트북 | 프리미어 프로 노트북 | 애프터이펙트 노트북 추천,2022-10-05T10:00:43Z,450.0,False,8234,50.0,35.0
3445,UCFU-YzYjd1faci3x_7A-ZQA,원포인트t,x2-SpVxonKo,영상편집 가성비 노트북 추천 TOP5! 여기서 골라보세요 😄 2022년 10월 1주,2022-10-05T10:15:02Z,43.0,True,631,8.0,1.0
3445,UCFU-YzYjd1faci3x_7A-ZQA,원포인트t,eCNJMJ8EbGg,영상편집 노트북 추천 가/성/비 TOP6! 여기서 찾아봐요 😄 2022년 10월 2주,2022-10-11T10:00:22Z,55.0,True,8007,87.0,2.0
3445,UCFU-YzYjd1faci3x_7A-ZQA,원포인트t,LF_mTniZ_xc,레노버 영상 편집용 노트북 추천 TOP5! | 2022-10 | #shorts,2022-10-17T10:00:11Z,40.0,True,696,12.0,1.0
3445,UCFU-YzYjd1faci3x_7A-ZQA,원포인트t,1o4Yg61o2do,"접는 노트북, 2 in 1 노트북 추천 TOP5! 😉 | 2022-10 | #shorts",2022-10-19T10:00:01Z,45.0,True,1007,12.0,1.0
3445,UCFU-YzYjd1faci3x_7A-ZQA,원포인트t,2o5a0drEuyw,2022 영상편집 노트북 추천 가/성/비 모델 6가지! 여기서 찾아봐요 😄 #shorts,2022-10-26T10:00:02Z,49.0,True,909,13.0,1.0
3445,UCFU-YzYjd1faci3x_7A-ZQA,원포인트t,Gcp9nQXQs8M,2022년 #17인치노트북 추천 TOP5! 여기서 찾아봐요 😜 #shorts,2022-11-02T08:15:00Z,39.0,True,636,7.0,1.0
3445,UCFU-YzYjd1faci3x_7A-ZQA,원포인트t,9uI669H8dNw,#6800U #노트북추천 TOP5! 여기서 찾아봐요 😉 #shorts,2022-11-09T10:30:01Z,46.0,True,586,5.0,2.0
3445,UCFU-YzYjd1faci3x_7A-ZQA,원포인트t,68e6yhrTWp4,#사무용 #노트북추천 TOP5! 여기서 찾아봐요 😉 #shorts,2022-11-15T10:15:00Z,38.0,True,1219,12.0,3.0
3446,UCOYC5dyftpdpnb5x2PL-9_A,DesertEagle 데저트이글,ux2o0VSu02Q,주유구가 하늘을 보고 있는 이유 : 누구를 위한 배려냐?,2025-05-07T11:00:30Z,29.0,True,534177,877.0,114.0
3446,UCOYC5dyftpdpnb5x2PL-9_A,DesertEagle 데저트이글,aqE8FQw2HfY,(이보크 컨버!)이걸 사다니!!80%감가 달달합니다 [왜샀어요?42회] 도봉구주민의 69번째 기변 자동차 레인지로버-이보크 컨버터블(Evoque-Convirtible),2025-05-10T02:22:40Z,873.0,False,52841,421.0,94.0
3446,UCOYC5dyftpdpnb5x2PL-9_A,DesertEagle 데저트이글,JpOc50kiNx8,재벌회장님 차 중고로 샀더니 벌어진일: 수행비서의 다급한 전화!,2025-05-11T03:01:33Z,50.0,True,210796,391.0,37.0
3446,UCOYC5dyftpdpnb5x2PL-9_A,DesertEagle 데저트이글,b0iid_pQMSg,"BMW가 공식 튜닝지원금 주다니!R18TC 크롬 단조휠 튜닝 모토라드 BMW R18트랜스컨티넨탈. 기함 바이크의 튜닝 : 마누 BMW R18TC, 후진기능 리콜보상 개꿀?",2025-05-11T04:53:10Z,956.0,False,8395,115.0,44.0
3446,UCOYC5dyftpdpnb5x2PL-9_A,DesertEagle 데저트이글,TGVh0zhwyW0,(기적)이보크 컨버 남자셋이 타면?ㅋㅋ날라간 카메라가 돌아왔습니다. #레인지로버 #이보크 뚜따. 도봉구주민의 84번째 기변한 자동차,2025-05-13T12:44:48Z,51.0,True,19852,70.0,14.0
3446,UCOYC5dyftpdpnb5x2PL-9_A,DesertEagle 데저트이글,ryNqabKQRpM,(1부)현대가 마지막 생산한 신삼수(신쿱삼팔수동) 제네시스쿠페 2016년 최종판 1인신조 무사고.초레어템은누가 어떻게 가지고 있는걸까? 젠쿱 3.8 V6람다 수동,2025-05-16T10:37:39Z,1311.0,False,34369,352.0,115.0
3446,UCOYC5dyftpdpnb5x2PL-9_A,DesertEagle 데저트이글,sE4FZ_NztrY,기적같이 소생시킨 누더기 포르쉐. [왜샀어요?43회]100hpTV 민규의 2000만원 현금완빵 포르쉐. -수제 카본 전문심사관들의 평가 + 17개의 경고등과의 싸움,2025-05-17T07:08:54Z,1003.0,False,30964,401.0,59.0
3446,UCOYC5dyftpdpnb5x2PL-9_A,DesertEagle 데저트이글,2XgrsvtRd2s,자전거보다 싼 포르쉐(문방구 카본 수제작) 30세 청년이 만들어내다! @100hp_tv  17개의 결함을 치료중인  백마력 포르쉐,2025-05-18T07:04:54Z,72.0,False,11282,65.0,4.0
3446,UCOYC5dyftpdpnb5x2PL-9_A,DesertEagle 데저트이글,NmFSuXY1pe0,왜 없어서 못살까?3.8 젠쿱 신삼수 | 구형보다 최소 5배~10배비싼 희귀한 제네시스쿠페들 | 수동+V6+후륜구동.,2025-05-19T10:17:20Z,58.0,True,28494,157.0,20.0
3446,UCOYC5dyftpdpnb5x2PL-9_A,DesertEagle 데저트이글,E2EqFWnCueA,"(2부)마지막 신삼수:현대의 마지막 후륜수동 내연기관! 총정리해드립니다.원조 BK Mania의 구쿱과 신쿱의 차이, 리뷰",2025-05-22T10:49:16Z,829.0,False,5959,142.0,42.0
3446,UCOYC5dyftpdpnb5x2PL-9_A,DesertEagle 데저트이글,_IE5s_j5np4,"배낭+쿨러?!무거운 아이스박스 안녕~[팰리칸 데이벤처 백팩+슬링백]6월8일까지 할인, 초경량, 고급소재로 제작된 케이스 명가의 하이브리드 백팩 신제품 리뷰, 캠핑용 소프트쿨러",2025-05-23T08:43:25Z,1040.0,False,10721,106.0,20.0
3446,UCOYC5dyftpdpnb5x2PL-9_A,DesertEagle 데저트이글,hfZ9J_c5y2w,평범한 여자가 타는 인생 첫차. 기아 셀토스 [왜샀어요? 44회 안리나] @ahnlina 자동차에는 타투 안해요??!,2025-05-24T09:33:21Z,1051.0,False,10549,125.0,28.0
3446,UCOYC5dyftpdpnb5x2PL-9_A,DesertEagle 데저트이글,ZVhzlp7ikWM,"야생마에게 전국진이란?""자신을 나락보낸 사람이 찾아왔다고 합니다."" 벤틀리 뮬산 정상-회담",2025-05-25T13:42:26Z,51.0,True,18961,90.0,5.0
3446,UCOYC5dyftpdpnb5x2PL-9_A,DesertEagle 데저트이글,N3Cl89Jnt8s,"2억 주고 뽑은 개인택시 기사 되는 방법:우리가 모르는 택시의 세계![왜샀어요?44회]번호판값 얼마?, LPG가스냐? 전기냐? 양수교육 자격조건 왜 쏘나타?(1부)",2025-05-31T04:44:19Z,1105.0,False,45885,372.0,77.0
3446,UCOYC5dyftpdpnb5x2PL-9_A,DesertEagle 데저트이글,XOEam-CFcJU,공룡vs랜드로버:(영화vs현실) 오토캠핑장에 출몰한 괴생명체 ㅋㅋ 디펜더 클래식-쥬라기공원 티라노의 발톱,2025-06-02T12:22:32Z,56.0,True,3090,17.0,4.0
3446,UCOYC5dyftpdpnb5x2PL-9_A,DesertEagle 데저트이글,D3O2bgAPog8,10억짜리 무소음 1000마력 12기통 슈퍼카[왜샀어요?45회]우파푸른하늘님의 람보르기니 레부엘토 @Woopa87  이것이 바로 어나더 클라스구나!,2025-06-06T06:59:51Z,1583.0,False,21991,288.0,65.0
3446,UCOYC5dyftpdpnb5x2PL-9_A,DesertEagle 데저트이글,y-M2atqD7pY,"""2억쓰고 뽑은 개인택시 본전 얼마면 뽑아요?""[왜샀어요?44회-2부] 유지비, 보험료, 자격 미달/짤리는 방법, 기사님들은 대리운전 어떻게해?",2025-06-07T08:03:11Z,1037.0,False,17918,168.0,32.0
3446,UCOYC5dyftpdpnb5x2PL-9_A,DesertEagle 데저트이글,v8IhSrHStBA,"개인택시 얼마면 뽑아요? 얼마벌어요? [하루수입, 보험료, LPG가스값] 불경기 추천 직업",2025-06-09T03:08:44Z,61.0,False,123708,350.0,22.0
3446,UCOYC5dyftpdpnb5x2PL-9_A,DesertEagle 데저트이글,EYcQ1Hjo4Ss,주행거리 10km인 전기차?ㅋㅋ 무소음 부팅이 가능한 민폐없는 슈퍼카! 레부엘토 람보르기니 @Woopa87 우파푸른하늘님의 슈퍼카,2025-06-11T11:55:19Z,52.0,True,38489,111.0,16.0
3446,UCOYC5dyftpdpnb5x2PL-9_A,DesertEagle 데저트이글,zP_DrwpPG3I,(1부)썩차에 3억 바르면 이렇게됨ㅋ명품으로 떡칠된 Mazda RX7 제작자:소도지[세븐의대가] 로터리엔진 FD3S TCP Magic 바디킷+Endless브레이크+HKS 터보시스템,2025-06-14T04:39:42Z,1428.0,False,69629,919.0,169.0
3446,UCOYC5dyftpdpnb5x2PL-9_A,DesertEagle 데저트이글,HYBJOoM1zR4,9억짜리 슈퍼카 보험료 얼마나올까? 누구나 T맵 네비점수 할인은 필수. 람보르기니 레부엘토 @Woopa87,2025-06-15T11:54:20Z,36.0,True,424380,1423.0,123.0
3446,UCOYC5dyftpdpnb5x2PL-9_A,DesertEagle 데저트이글,A2psEP8-fTo,(추천직업)택시기사 되는 방법.간단하네?! 회사택시/개인택시 타면 탈 수록 돈 벌리는 자동차 .,2025-06-16T09:43:14Z,57.0,True,11983,40.0,0.0
3446,UCOYC5dyftpdpnb5x2PL-9_A,DesertEagle 데저트이글,EOzygZgdWlM,"(타보고 얘기해)일본차는 걸.레다 GTR환상 깨부신JDM 고인물. ""답은 포르쉐다."" GTR-R34, RX7 올드클래식카의 환상과 현실",2025-06-17T09:44:53Z,58.0,True,355225,2748.0,621.0
3446,UCOYC5dyftpdpnb5x2PL-9_A,DesertEagle 데저트이글,LYvbOcpio4k,(로터리)배기구에서 불이 나는이유 RX7 로타리엔진 동심파괴 연비파괴 : 폐로 마셔서 정화하자! Mazda,2025-06-19T07:51:34Z,46.0,True,27637,181.0,13.0
3446,UCOYC5dyftpdpnb5x2PL-9_A,DesertEagle 데저트이글,ngT1kiOrG0k,"(2부)클러치 안밟는 7단 수동! RX7 마즈다 FD3S ,소도지님의 일본차 JDM 소신 발언 ""로터리 엔진은 병X이다.""",2025-06-20T07:27:48Z,1043.0,False,51344,613.0,98.0
3446,UCOYC5dyftpdpnb5x2PL-9_A,DesertEagle 데저트이글,cSbqTEOxWNk,"차값3천, 튜닝3억, 썩차가 명차로 바뀌기 위한 재료들. 시퀀셜 미션만 3천만원이라네요  RX7 마쯔다 로터리 부두랩 흑마술사 소도원님",2025-06-21T12:28:15Z,56.0,True,20460,154.0,13.0
3446,UCOYC5dyftpdpnb5x2PL-9_A,DesertEagle 데저트이글,2xA5m0FDekk,(1부)카멜트로피를 아십니까?[왜샀어요?46회-1부] 랜드로버 디펜더 장인 마수리님's 전설을 복각한 4대 만든 이야기.황홀하네요. #cameltrophy #defender,2025-06-22T08:07:00Z,1243.0,False,15551,258.0,24.0
3446,UCOYC5dyftpdpnb5x2PL-9_A,DesertEagle 데저트이글,5FAiPrbwWaI,[디펜더스토리.13] 펠리칸 카고케이스를 디펜더에 달아봤습니다! 무적의 성능과 신뢰도!캠핑장비 수납 걱정 끝! #Pelican,2025-06-26T04:57:18Z,779.0,False,4282,75.0,23.0
3446,UCOYC5dyftpdpnb5x2PL-9_A,DesertEagle 데저트이글,N5OFiYQ2Q68,"(2부)꿈과 낭만의 캠핑카 ""낭만은 낭비에서 나온다."" 카멜트로피 디펜더 [왜샀어요?46회-2부] 마수리님의 완벽한 남자의 꿈 실현카",2025-06-28T08:20:06Z,1186.0,False,7125,119.0,30.0
3446,UCOYC5dyftpdpnb5x2PL-9_A,DesertEagle 데저트이글,h9Q1kJKI5YI,"(생방)화요그란 1회 대학생배틀 데저트이글, 전대은 중계 | PS 그란투리스모 | 레드불링",2025-07-02T01:54:16Z,9872.0,False,1122,25.0,1.0
3446,UCOYC5dyftpdpnb5x2PL-9_A,DesertEagle 데저트이글,1rRprirAC5M,튜닝된 랭글러 수동의 위엄이다!! 자전거vs랭글러vs그레나디어vs타스만vs디펜더vs스파크 (SGRG2025)2회. 유명 유튜버들의 바닥을 보고왔습니다.,2025-07-04T10:19:03Z,1249.0,False,4933,105.0,24.0
3446,UCOYC5dyftpdpnb5x2PL-9_A,DesertEagle 데저트이글,Sj5VgoLf-4E,"국산차 타는 중동 압둘라:알 자-지라 티비 특파원, 한국말 잘 하시네요. @userM 압구정 살고 싶은 시골쥐, 데저트이글",2025-07-07T04:24:38Z,52.0,True,6976,45.0,2.0
3446,UCOYC5dyftpdpnb5x2PL-9_A,DesertEagle 데저트이글,LCNKZPDy0hg,왜 말보로 담배와 카멜은 자동차판을 떠났을까? 복각 자동차 [카멜트로피 디펜더 이야기],2025-07-08T10:59:08Z,59.0,True,21438,170.0,5.0
3446,UCOYC5dyftpdpnb5x2PL-9_A,DesertEagle 데저트이글,229dTKnFy0g,(없으면 만든다!)기똥찬 자전거 캐리어. 디펜더와 산악자전거의 절묘한 조화 #랜드로버,2025-07-09T08:10:59Z,58.0,True,12757,67.0,2.0
3446,UCOYC5dyftpdpnb5x2PL-9_A,DesertEagle 데저트이글,PmXVw-84bdM,"(실내가죽작업)옛날 디펜더가 새차가 됐습니다!! 작업과정과 비용, [디펜더스토리.14] #랜드로버 #디펜더 실내튜닝",2025-07-09T08:59:50Z,1282.0,False,4949,94.0,12.0
3446,UCOYC5dyftpdpnb5x2PL-9_A,DesertEagle 데저트이글,n5u4Hv0-bJY,고환이 전손난 자전거계의 산신령을 만나봤읍니다!  리얼리티바이크쇼 씩스님. #산악자전거 #emtb @RealityBikeShow (리바쇼),2025-07-11T06:47:06Z,93.0,False,3994,39.0,1.0
3446,UCOYC5dyftpdpnb5x2PL-9_A,DesertEagle 데저트이글,b01Ri4wsknY,랭글러 스테이지1튜닝.리프트업/인치업!! 강아지도 튜닝을 도와주는 기가막힌 튜닝샵 FOX폭스쇼바 설치 [랭글러스토리.07] 오늘도 평화로운 파키스탄!! 지프 Jeep JK.,2025-07-11T11:12:51Z,1043.0,False,15175,153.0,24.0
3446,UCOYC5dyftpdpnb5x2PL-9_A,DesertEagle 데저트이글,KdQizaJ5uiI,"여자는 샤넬, 남자는?팰리칸 어중간 한거 달바엔 끝판왕 한번에 달자. 오토캠핑용 카고박스 #Pelican #팰리칸",2025-07-14T07:36:29Z,49.0,True,9530,46.0,8.0
3446,UCOYC5dyftpdpnb5x2PL-9_A,DesertEagle 데저트이글,AAVXQcNdZDk,(미필 군필 구별법)남자가 피할 수 없는 2가지: 세금과 주금 우리의  바이오스에 하드코딩 되있는 feat 잇섭 @ITSUB,2025-07-18T11:26:14Z,59.0,True,32783,436.0,18.0
3446,UCOYC5dyftpdpnb5x2PL-9_A,DesertEagle 데저트이글,IEGeWU3xnK0,(교통사고로 문제 해결) 자동차배가 턱에 걸렸을때 (뒷치기) 꼽아버리면 된다구 ㅋ.ㅋ 다용로 랭글러의 활용,2025-07-20T07:30:19Z,24.0,True,28838,108.0,5.0
3446,UCOYC5dyftpdpnb5x2PL-9_A,DesertEagle 데저트이글,_PaIeTaz4qc,(돈값 하는 튜닝)동물피부 자동차에 바르기:올드카를 신차느낌 나게 바꿔준다! 디펜더 가죽시트 도어패널 작업 클래식카 복원업체_서린 작업물,2025-07-21T09:32:49Z,52.0,True,5106,25.0,0.0
3446,UCOYC5dyftpdpnb5x2PL-9_A,DesertEagle 데저트이글,rooAUH6MPJs,"테무에서 자동차 용품 사봤습니다! 싸고 좋은거 많네요. 무선 청소기, 세차용품, 차량용품, ,각종 편의용품, 공구, 직접 사서 뜯고 품질을 리뷰해본다! #temu",2025-07-23T09:02:37Z,763.0,False,3146,55.0,11.0
3446,UCOYC5dyftpdpnb5x2PL-9_A,DesertEagle 데저트이글,TlIk7n_sXP8,(전면통제)경반분교.과연 다시 열릴까요? 디펜더 신형과 구형으로 가본 작년 여름 영상입니다.,2025-07-24T09:50:43Z,60.0,True,5654,31.0,5.0
3446,UCOYC5dyftpdpnb5x2PL-9_A,DesertEagle 데저트이글,xnpup29_vlU,(음란한 자동차)우산으로 만든 컨버터블 뚜껑 뚜따 지프차 (6974랭글러),2025-07-29T10:07:10Z,10.0,True,31789,87.0,14.0
3446,UCOYC5dyftpdpnb5x2PL-9_A,DesertEagle 데저트이글,OoTby-dZ04E,카니발 하이리무진은 이겁니다! 불경기에 일반인도 가능합니다!(엠리무진 카니발 엘레강스)6000만원대 합리적인 가격. 제작 공장,2025-07-30T10:00:49Z,1177.0,False,2006,39.0,11.0
3446,UCOYC5dyftpdpnb5x2PL-9_A,DesertEagle 데저트이글,_NN-aYf0okY,"캐논데일만 2대 질른 이유ㅋㅋ 슈퍼식스에보 하이모드, 탑스톤 카본2 레프티 그래블과 로드 |자전거 라이프의 목표| [왜샀어요47회] #cannondale",2025-08-04T10:02:18Z,2922.0,False,5298,101.0,55.0
3446,UCOYC5dyftpdpnb5x2PL-9_A,DesertEagle 데저트이글,hqxO39nsw-E,지랄(운전)을하면 우승한다고?(슈퍼레이스 알핀클래스 순돌이) SuperRace 2025,2025-09-09T08:57:07Z,40.0,True,12641,63.0,9.0
3446,UCOYC5dyftpdpnb5x2PL-9_A,DesertEagle 데저트이글,P4hmUcdruvM,"CN모터스10주년 이벤트! 신규 오픈 의정부 민락동 매장 기아에는없는 카니발! 가족용 업무 의전용 최고봉 편한 특장차, 하이리무진 즉시출고차 할인혜택 정보.",2025-09-13T04:04:51Z,1171.0,False,16863,66.0,28.0
3446,UCOYC5dyftpdpnb5x2PL-9_A,DesertEagle 데저트이글,3Q_J1gfeo6M,추락시 3억 삭제 (풀카본 튜닝카) ㅜㅜ,2026-01-14T14:10:34Z,28.0,True,13036,56.0,9.0
3446,UCOYC5dyftpdpnb5x2PL-9_A,DesertEagle 데저트이글,y9RT-UbTYEk,8달만에 돌아왔습니다. 데저트이글의 수유역 게임방 오픈(서킷스토리 아카데미),2026-05-03T12:07:45Z,602.0,False,7717,246.0,96.0
3447,UCvtD2WPCqgtG4RBOaz0ci5w,GKR 지케이알,BXLW8kNh4E4,동네 마트에서 봤던 골키퍼장갑의 성능 ㄷㄷ,2024-10-19T02:40:04Z,38.0,True,260984,4691.0,45.0
3447,UCvtD2WPCqgtG4RBOaz0ci5w,GKR 지케이알,2P-hn6sjpvo,세계에서 가장 비싸다는 치트 골키퍼장갑ㄷㄷ,2024-10-26T02:35:36Z,57.0,True,3424478,46202.0,338.0
3447,UCvtD2WPCqgtG4RBOaz0ci5w,GKR 지케이알,CmH7E4cxQKI,"골키퍼장갑 초보,중수,고수",2024-11-02T02:35:25Z,125.0,False,412817,,64.0
3447,UCvtD2WPCqgtG4RBOaz0ci5w,GKR 지케이알,hyC1x3RmvPU,레전드 김병지 장갑을 한달 반 썼더니 나타난 일..,2024-11-09T03:49:01Z,56.0,True,145153,3067.0,37.0
3447,UCvtD2WPCqgtG4RBOaz0ci5w,GKR 지케이알,KfeYiU46oeU,2만원짜리 중국산 짝퉁 조현우장갑ㄷㄷ,2024-11-16T05:58:51Z,43.0,True,700013,8838.0,43.0
3447,UCvtD2WPCqgtG4RBOaz0ci5w,GKR 지케이알,yx-4SWQkdO0,땅볼 쌈@뽕하게 잡는 법,2024-11-23T02:26:38Z,24.0,True,94418,1197.0,39.0
3447,UCvtD2WPCqgtG4RBOaz0ci5w,GKR 지케이알,Ed-TIslz2IQ,세계최초(?) 골키퍼전용 축구공ㄷㄷ,2024-12-07T01:00:10Z,39.0,True,5306353,55101.0,255.0
3447,UCvtD2WPCqgtG4RBOaz0ci5w,GKR 지케이알,71fsyszU1PI,세계랭킹 5위 골키퍼장갑 ㄷㄷ,2024-12-14T02:46:42Z,58.0,True,166088,2651.0,34.0
3447,UCvtD2WPCqgtG4RBOaz0ci5w,GKR 지케이알,jFioMllUY30,외국에서 논란중인(?) 골키퍼장갑 치팅방법ㄷㄷ,2025-01-04T01:18:13Z,25.0,True,154023,2249.0,38.0
3447,UCvtD2WPCqgtG4RBOaz0ci5w,GKR 지케이알,peFOCnehaPk,2025신상 프레데터 프로 ㄷㄷ,2025-01-18T02:16:23Z,17.0,True,93725,1060.0,52.0
3447,UCvtD2WPCqgtG4RBOaz0ci5w,GKR 지케이알,E0yH1yKHvDA,말도안되게 비싼 21만원짜리 장갑의 성능 ㄷㄷ,2025-01-25T01:00:09Z,44.0,True,113132,1866.0,52.0
3447,UCvtD2WPCqgtG4RBOaz0ci5w,GKR 지케이알,3mFXQS6c9dw,세계몸값1위 골키퍼 다비드 라야장갑ㄷㄷ,2025-02-01T02:00:04Z,34.0,True,148429,1975.0,45.0
3447,UCvtD2WPCqgtG4RBOaz0ci5w,GKR 지케이알,89JcpYnf60o,쿠팡에서 산 국내최저가 6천원짜리 장갑;;,2025-02-08T01:00:04Z,40.0,True,110850,1218.0,33.0
3447,UCvtD2WPCqgtG4RBOaz0ci5w,GKR 지케이알,1cedIhYV6rc,수박축구공(?),2025-02-22T01:35:54Z,30.0,True,168149,2049.0,27.0
3447,UCvtD2WPCqgtG4RBOaz0ci5w,GKR 지케이알,ktyZ0THheJY,21만원에 역대급 비싸게 사버린 골키퍼장갑ㅋㅋ..,2025-03-08T01:00:47Z,47.0,True,116625,1796.0,37.0
3447,UCvtD2WPCqgtG4RBOaz0ci5w,GKR 지케이알,ZaSj3-wk_Ts,아디다스에서 디자인 싹 갈아치우고 나와버린 신상 골키퍼장갑ㄷㄷ - 2025 프레데터 프로 하이브리드,2025-03-15T02:00:21Z,143.0,False,16062,142.0,30.0
3447,UCvtD2WPCqgtG4RBOaz0ci5w,GKR 지케이알,atwyPBinsp0,잘못 산 8900원짜리 테무 골키퍼바지 (모양만),2025-03-22T01:00:04Z,40.0,True,74878,730.0,13.0
3447,UCvtD2WPCqgtG4RBOaz0ci5w,GKR 지케이알,-P1rdyZhpYo,세계최초 골키퍼전용 노가다목장갑ㄷㄷ,2025-03-31T15:00:00Z,48.0,True,124664,1391.0,33.0
3447,UCvtD2WPCqgtG4RBOaz0ci5w,GKR 지케이알,9SZ5FRlHwuI,실수로 방어력만 찍어버린 쿠팡 골키퍼장갑,2025-04-11T09:00:26Z,26.0,True,490278,2994.0,62.0
3447,UCvtD2WPCqgtG4RBOaz0ci5w,GKR 지케이알,kljNh5P4if0,실수로 방어력 몰빵한 장갑에 끈적이를 뿌렸더니..,2025-04-25T12:29:58Z,42.0,True,264843,1720.0,54.0
3447,UCvtD2WPCqgtG4RBOaz0ci5w,GKR 지케이알,OUwRPWuQdks,이 장갑을 구매할 수 밖에 없었던 이유..,2025-05-03T01:00:35Z,39.0,True,127712,1151.0,47.0
3447,UCvtD2WPCqgtG4RBOaz0ci5w,GKR 지케이알,ti4LDEFROmI,40초만에보는 완벽한 골키퍼장갑 고르는 방법!,2025-05-09T11:01:27Z,41.0,True,321584,2857.0,64.0
3447,UCvtD2WPCqgtG4RBOaz0ci5w,GKR 지케이알,2jM45N-CJrM,19초만에 보는 다이소 세제로 골키퍼장갑 씻는 법!,2025-05-24T01:18:18Z,19.0,True,116632,885.0,27.0
3447,UCvtD2WPCqgtG4RBOaz0ci5w,GKR 지케이알,osnepobfU_Y,5만원짜리 가성비 골키퍼장갑을 한달 사용했더니...,2025-05-30T09:01:19Z,43.0,True,156614,1760.0,41.0
3447,UCvtD2WPCqgtG4RBOaz0ci5w,GKR 지케이알,vSGomRAFIDk,골키퍼장갑에 3천원짜리 스프레이를 뿌렸더니ㄷㄷ,2025-06-14T01:00:56Z,28.0,True,516341,3059.0,68.0
3447,UCvtD2WPCqgtG4RBOaz0ci5w,GKR 지케이알,_GVnJBb6ioI,평생 살면서 처음 본 골키퍼전용 수영장칸막이ㄷㄷ,2025-06-28T00:00:43Z,29.0,True,431992,2673.0,36.0
3447,UCvtD2WPCqgtG4RBOaz0ci5w,GKR 지케이알,HsLw0GKKdSs,레전드 골키퍼가 만든 장갑을 써봤더니..,2025-07-05T01:00:31Z,39.0,True,439302,2734.0,59.0
3447,UCvtD2WPCqgtG4RBOaz0ci5w,GKR 지케이알,jNtWNP-CIrA,뿌리면 평생 끈적거리는 접착스프레이 ㅋㅋ아으,2025-07-26T01:00:51Z,34.0,True,192368,1145.0,233.0
3447,UCvtD2WPCqgtG4RBOaz0ci5w,GKR 지케이알,wOmsuQsybI8,"말도안되는 골키퍼장갑 초보,중수,고수",2025-08-02T01:00:56Z,16.0,True,168464,1451.0,33.0
3447,UCvtD2WPCqgtG4RBOaz0ci5w,GKR 지케이알,c5zX9j84Dho,조기축구에서 쓰면 혼나는 스프레이 1위ㅋㅋ,2025-08-09T01:00:43Z,28.0,True,6369912,35013.0,67.0
3447,UCvtD2WPCqgtG4RBOaz0ci5w,GKR 지케이알,n0tYfXkeYTU,의문의 천재가 만든 쿠팡1등 골키퍼장갑ㅋㅋ,2025-08-16T01:00:55Z,34.0,True,416905,2532.0,44.0
3447,UCvtD2WPCqgtG4RBOaz0ci5w,GKR 지케이알,3dZW57YRwOM,헉 이거 뭐야!!! 중국산 고성능 골키퍼장갑ㄷㄷ,2025-08-30T01:00:04Z,31.0,True,357664,2483.0,45.0
3447,UCvtD2WPCqgtG4RBOaz0ci5w,GKR 지케이알,iROosS9cCHw,쿠팡에서 산 골키퍼용 하얀색 끈적액체ㄷㄷ,2025-09-19T09:01:14Z,43.0,True,180389,1505.0,50.0
3447,UCvtD2WPCqgtG4RBOaz0ci5w,GKR 지케이알,n9Z5gpu3R8E,이 형 마트 다녀왔네ㅋㅋ 아이콘매치 카시야스 장갑의 비밀,2025-09-27T01:00:51Z,41.0,True,352061,3470.0,50.0
3447,UCvtD2WPCqgtG4RBOaz0ci5w,GKR 지케이알,5_pDS2pBisw,중국산 8천원짜리 반응속도 테스트기ㅋㅋ,2025-10-03T09:00:16Z,31.0,True,266991,1563.0,29.0
3447,UCvtD2WPCqgtG4RBOaz0ci5w,GKR 지케이알,Y92jJcik1Sc,골키퍼장갑 잘 잡히게 하는 법 TOP3ㄷㄷ,2025-10-18T01:00:40Z,44.0,True,994119,5776.0,48.0
3447,UCvtD2WPCqgtG4RBOaz0ci5w,GKR 지케이알,IEQNNCqisaw,가격이 이상한 테무산 골키퍼장갑 근황ㄷㄷ,2025-10-25T01:00:20Z,48.0,True,477516,3445.0,55.0
3447,UCvtD2WPCqgtG4RBOaz0ci5w,GKR 지케이알,BfrXQAbYsEk,세계에서 가장 끈적한 골키퍼장갑ㄷㄷ,2025-11-08T01:00:15Z,41.0,True,11398952,98898.0,238.0
3447,UCvtD2WPCqgtG4RBOaz0ci5w,GKR 지케이알,TJXpWtRM4_U,세계에서 가장 이상한 골키퍼장갑ㅋㅋ,2025-11-22T01:00:45Z,25.0,True,3294175,19046.0,76.0
3447,UCvtD2WPCqgtG4RBOaz0ci5w,GKR 지케이알,n0qzSS_3qzU,너무 끈적한장갑 스트레스 많이받을거야,2025-11-29T04:00:50Z,35.0,True,992134,5895.0,80.0
3447,UCvtD2WPCqgtG4RBOaz0ci5w,GKR 지케이알,Lk9SuwXZwRY,세계최초(?) 공을 못잡는 골키퍼장갑,2025-12-13T01:00:26Z,30.0,True,1275504,9312.0,60.0
3447,UCvtD2WPCqgtG4RBOaz0ci5w,GKR 지케이알,afYZXUuYQ20,라텍스 엄청 좋아졌다는 짝퉁장갑 근황,2025-12-20T01:00:03Z,43.0,True,218193,1989.0,54.0
3447,UCvtD2WPCqgtG4RBOaz0ci5w,GKR 지케이알,TGiuSI9TXN0,동네마트 골키퍼장갑의 성능은 어떨까요?,2026-01-03T01:00:42Z,47.0,True,216621,1901.0,45.0
3447,UCvtD2WPCqgtG4RBOaz0ci5w,GKR 지케이알,XAOQ-zpXVBQ,세계에서 가장 저렴한 장갑ㄷㄷ,2026-01-17T01:00:54Z,32.0,True,126531,1189.0,30.0
3447,UCvtD2WPCqgtG4RBOaz0ci5w,GKR 지케이알,pfYt3zOA6J8,"타이어용 끈적 스프레이를 골키퍼장갑에 뿌렸더니,,",2026-01-24T01:01:07Z,30.0,True,83856,752.0,12.0
3447,UCvtD2WPCqgtG4RBOaz0ci5w,GKR 지케이알,4WvN0eyTx0U,우주복 소재로 만들었다는 골키퍼장갑,2026-01-31T01:00:06Z,43.0,True,114708,1243.0,39.0
3447,UCvtD2WPCqgtG4RBOaz0ci5w,GKR 지케이알,OtVuJuPcktM,프로 선수들이 쓰는 이유ㄷㄷ,2026-02-07T01:00:37Z,40.0,True,421818,3126.0,44.0
3447,UCvtD2WPCqgtG4RBOaz0ci5w,GKR 지케이알,AW2wtC7ZIu0,세계에서 가장 미끄러운 골키퍼장갑(실패),2026-02-28T01:00:25Z,44.0,True,1593383,20333.0,337.0
3447,UCvtD2WPCqgtG4RBOaz0ci5w,GKR 지케이알,33FOHwja1ow,세계에서 제일 끈적한 고무장갑ㄷㄷ,2026-03-31T15:01:26Z,28.0,True,92386,1080.0,44.0
3447,UCvtD2WPCqgtG4RBOaz0ci5w,GKR 지케이알,vvXgFwNjyVc,세계에서 가장 끈적한장갑 vs 기름공 누가이길까요?,2026-05-02T00:47:04Z,39.0,True,18082832,162753.0,556.0
3448,UCVXN28NHfphVQrdtjooc33g,백상예술대상,Y8-DIJnodtU,[LIVE] 📹 제62회 백상예술대상 with 구찌,2026-05-11T08:33:29Z,21.0,True,902,11.0,2.0
3448,UCVXN28NHfphVQrdtjooc33g,백상예술대상,O380XvUoc3c,[LIVE] 📹 제62회 백상예술대상 with 구찌,2026-05-11T08:45:23Z,21.0,True,1129,9.0,0.0
3448,UCVXN28NHfphVQrdtjooc33g,백상예술대상,gcNn1jVeF3o,[LIVE] 📹 제62회 백상예술대상 with 구찌,2026-05-11T08:47:07Z,23.0,True,764,4.0,0.0
3448,UCVXN28NHfphVQrdtjooc33g,백상예술대상,HPx7cF1Jtn8,[LIVE] 📹 제62회 백상예술대상 with 구찌,2026-05-11T08:48:52Z,33.0,True,31594,220.0,6.0
3448,UCVXN28NHfphVQrdtjooc33g,백상예술대상,xQYIrk4xjkA,[LIVE] 📹 제62회 백상예술대상 with 구찌,2026-05-11T08:49:08Z,32.0,True,77352,948.0,12.0
3448,UCVXN28NHfphVQrdtjooc33g,백상예술대상,hDjuTgnrZ2U,[LIVE] 📹 제62회 백상예술대상 with 구찌,2026-05-11T08:50:07Z,21.0,True,3248,14.0,2.0
3448,UCVXN28NHfphVQrdtjooc33g,백상예술대상,cy_KCe_KdME,[LIVE] 📹 제62회 백상예술대상 with 구찌,2026-05-11T08:51:54Z,47.0,True,7287,52.0,3.0
3448,UCVXN28NHfphVQrdtjooc33g,백상예술대상,tgdYixLRH5o,[LIVE] 📹 제62회 백상예술대상 with 구찌,2026-05-11T08:52:30Z,18.0,True,2935,16.0,0.0
3448,UCVXN28NHfphVQrdtjooc33g,백상예술대상,DsOT5GYxCdY,[LIVE] 📹 제62회 백상예술대상 with 구찌,2026-05-11T08:56:17Z,29.0,True,9495,40.0,3.0
3448,UCVXN28NHfphVQrdtjooc33g,백상예술대상,dL1leKb-qyM,[LIVE] 📹 제62회 백상예술대상 with 구찌,2026-05-11T09:24:42Z,25.0,True,2797,18.0,0.0
3448,UCVXN28NHfphVQrdtjooc33g,백상예술대상,0gy8h574N8g,[LIVE] 📹 제62회 백상예술대상 with 구찌,2026-05-11T09:39:00Z,45.0,True,78874,630.0,12.0
3448,UCVXN28NHfphVQrdtjooc33g,백상예술대상,TonMiO6EFtg,[LIVE] 📹 제62회 백상예술대상 with 구찌,2026-05-11T09:39:42Z,14.0,True,2456,35.0,2.0
3448,UCVXN28NHfphVQrdtjooc33g,백상예술대상,D6Gt7v0MUGU,[LIVE] 📹 제62회 백상예술대상 with 구찌,2026-05-11T09:41:17Z,31.0,True,35211,446.0,17.0
3448,UCVXN28NHfphVQrdtjooc33g,백상예술대상,Mp6AGE2AypQ,[LIVE] 📹 제62회 백상예술대상 with 구찌,2026-05-11T09:41:26Z,4.0,True,14001,59.0,1.0
3448,UCVXN28NHfphVQrdtjooc33g,백상예술대상,vXmC8RON1ig,[LIVE] 📹 제62회 백상예술대상 with 구찌,2026-05-11T09:43:43Z,35.0,True,15657,282.0,3.0
3448,UCVXN28NHfphVQrdtjooc33g,백상예술대상,i0ZkrWAKNyo,[LIVE] 📹 제62회 백상예술대상 with 구찌,2026-05-11T09:43:57Z,17.0,True,6664,58.0,2.0
3448,UCVXN28NHfphVQrdtjooc33g,백상예술대상,bGiy6NooF74,[LIVE] 📹 제62회 백상예술대상 with 구찌,2026-05-11T09:44:38Z,18.0,True,2541,19.0,1.0
3448,UCVXN28NHfphVQrdtjooc33g,백상예술대상,0CFamHVC8Gg,[LIVE] 📹 제62회 백상예술대상 with 구찌,2026-05-11T09:48:15Z,39.0,True,79943,559.0,16.0
3448,UCVXN28NHfphVQrdtjooc33g,백상예술대상,RR8otXHKXGc,이곳은 웰컴 리셉션 현장✨,2026-05-11T09:56:52Z,58.0,True,1868,59.0,1.0
3448,UCVXN28NHfphVQrdtjooc33g,백상예술대상,GFJocp-p7Sc,[LIVE] 📹 제62회 백상예술대상 with 구찌,2026-05-11T10:03:36Z,13.0,True,165521,804.0,22.0
3448,UCVXN28NHfphVQrdtjooc33g,백상예술대상,q2UknDu-pgc,[LIVE] 📹 제62회 백상예술대상 with 구찌,2026-05-11T10:04:47Z,18.0,True,116252,897.0,29.0
3448,UCVXN28NHfphVQrdtjooc33g,백상예술대상,TFyiJuvJwLg,[LIVE] 📹 제62회 백상예술대상 with 구찌,2026-05-11T10:05:17Z,18.0,True,168144,1003.0,49.0
3448,UCVXN28NHfphVQrdtjooc33g,백상예술대상,2gIOcOXM7FM,[LIVE] 📹 제62회 백상예술대상 with 구찌,2026-05-11T10:05:54Z,81.0,False,6320,79.0,4.0
3448,UCVXN28NHfphVQrdtjooc33g,백상예술대상,mRVhYrJH76w,백상 레드카펫 모아보기❤️‍🔥,2026-05-11T10:09:07Z,43.0,True,16582,173.0,7.0
3448,UCVXN28NHfphVQrdtjooc33g,백상예술대상,G1sPB6UKhS8,백상 레드카펫 모아보기❤️‍🔥,2026-05-11T10:23:01Z,58.0,True,7409,101.0,6.0
3448,UCVXN28NHfphVQrdtjooc33g,백상예술대상,7agFe16MHZs,[LIVE] 📹 제62회 백상예술대상 with 구찌,2026-05-12T03:49:20Z,49.0,True,12500,123.0,2.0
3448,UCVXN28NHfphVQrdtjooc33g,백상예술대상,Fd6GyBDu9SM,"[62회 백상 레드카펫] 유재필, 김하은 | JTBC 260508 방송",2026-05-13T08:00:28Z,14.0,True,350,9.0,0.0
3448,UCVXN28NHfphVQrdtjooc33g,백상예술대상,oY4EGrElxZM,"[62회 백상 레드카펫] 권정훈, 김시유, 지춘성 | JTBC 260508 방송",2026-05-13T08:01:47Z,30.0,True,84,5.0,0.0
3448,UCVXN28NHfphVQrdtjooc33g,백상예술대상,jJPPKOGrIoo,"[62회 백상 레드카펫] 김신록, 전혜진, 곽지숙 | JTBC 260508 방송",2026-05-13T08:03:15Z,26.0,True,145,4.0,0.0
3448,UCVXN28NHfphVQrdtjooc33g,백상예술대상,0yK04Mk-Ef0,"[62회 백상 레드카펫] 김준수, 민경아, 유리아 | JTBC 260508 방송",2026-05-13T08:04:23Z,37.0,True,1576,378.0,42.0
3448,UCVXN28NHfphVQrdtjooc33g,백상예술대상,8gwuVe8_eXI,"[62회 백상 레드카펫] 홍진경, 장도연, 이수지, 설인아, 김연경 | JTBC 260508 방송",2026-05-13T08:05:52Z,48.0,True,261,11.0,1.0
3448,UCVXN28NHfphVQrdtjooc33g,백상예술대상,KZ3UiXsBF1E,"[62회 백상 레드카펫] 추성훈, 곽범, 김원훈, 기안84 | JTBC 260508 방송",2026-05-13T08:06:52Z,34.0,True,320,10.0,1.0
3448,UCVXN28NHfphVQrdtjooc33g,백상예술대상,rljiGMtXqZs,"[62회 백상 레드카펫] 문상민, 김건우, 배나라, 유이하 | JTBC 260508 방송",2026-05-13T08:08:01Z,41.0,True,285,9.0,2.0
3448,UCVXN28NHfphVQrdtjooc33g,백상예술대상,kirrutI3Y2I,"[62회 백상 레드카펫] 안효섭, 채원빈, 최지수, 최유리 | JTBC 260508 방송",2026-05-13T08:08:48Z,39.0,True,301,17.0,3.0
3448,UCVXN28NHfphVQrdtjooc33g,백상예술대상,g4K5mNBM_bo,"[62회 백상 레드카펫] 지성, 유재명, 장혜진, 장승조 | JTBC 260508 방송",2026-05-13T08:09:47Z,42.0,True,153,7.0,0.0
3448,UCVXN28NHfphVQrdtjooc33g,백상예술대상,DhZCRKhA5J4,"[62회 백상 레드카펫] 이준호, 박지현, 조유현, 서수빈 | JTBC 260508 방송",2026-05-13T08:10:35Z,42.0,True,545,67.0,14.0
3448,UCVXN28NHfphVQrdtjooc33g,백상예술대상,K3AUxxT_ljY,"[62회 백상 레드카펫] 임수정, 이혜영, 김민, 김진욱 | JTBC 260508 방송",2026-05-13T08:11:26Z,35.0,True,147,5.0,0.0
3448,UCVXN28NHfphVQrdtjooc33g,백상예술대상,gNnv4zeTTQw,"[62회 백상 레드카펫] 김고은, 박진영, 전소영, 박보영 | JTBC 260508 방송",2026-05-13T08:12:17Z,44.0,True,836,35.0,6.0
3448,UCVXN28NHfphVQrdtjooc33g,백상예술대상,SaJTKXgqdaE,"[62회 백상 레드카펫] 류승룡, 명세빈, 유승목 | JTBC 260508 방송",2026-05-13T08:13:13Z,34.0,True,492,13.0,2.0
3448,UCVXN28NHfphVQrdtjooc33g,백상예술대상,gH12hXY53vQ,"[62회 백상 레드카펫] 신현빈, 신시아, 정준원, 하윤경 | JTBC 260508 방송",2026-05-13T08:14:03Z,33.0,True,187,6.0,0.0
3448,UCVXN28NHfphVQrdtjooc33g,백상예술대상,pSzFdagU6tk,"[62회 백상 레드카펫] 신혜선, 이이담, 방효린, 진선규 | JTBC 260508 방송",2026-05-13T08:14:58Z,33.0,True,269,10.0,1.0
3448,UCVXN28NHfphVQrdtjooc33g,백상예술대상,RTyiqtmLs3c,"[62회 백상 레드카펫] 이병헌, 이성민, 염혜란 | JTBC 260508 방송",2026-05-13T08:15:43Z,25.0,True,715,11.0,1.0
3448,UCVXN28NHfphVQrdtjooc33g,백상예술대상,bK9dTfNJDcM,"[62회 백상 레드카펫] 임윤아, 이채민, 신세경, 박해준 | JTBC 260508 방송",2026-05-13T08:16:32Z,59.0,True,676,18.0,8.0
3448,UCVXN28NHfphVQrdtjooc33g,백상예술대상,w0uoS1FZe_8,"[62회 백상 레드카펫] 박지훈, 유해진, 유지태, 전미도 | JTBC 260508 방송",2026-05-13T08:17:31Z,36.0,True,3250,125.0,4.0
3448,UCVXN28NHfphVQrdtjooc33g,백상예술대상,n7RF1jOXqiw,"[62회 백상 레드카펫] 홍경, 한예리, 홍민기, 신은수 | JTBC 260508 방송",2026-05-13T08:18:22Z,52.0,True,436,6.0,1.0
3448,UCVXN28NHfphVQrdtjooc33g,백상예술대상,gZ6nSWeqrKI,"[62회 백상 레드카펫] 현빈, 손예진, 구교환, 문가영 | JTBC 260508 방송",2026-05-13T08:19:04Z,43.0,True,1980,32.0,9.0
3448,UCVXN28NHfphVQrdtjooc33g,백상예술대상,l9LMheaaVt4,"[62회 백상 레드카펫] 신동엽, 수지, 박보검 | JTBC 260508 방송",2026-05-13T08:20:25Z,18.0,True,1592,49.0,7.0
3448,UCVXN28NHfphVQrdtjooc33g,백상예술대상,HDSNeYnScfc,POV: 백상 레드카펫 뒤에서 하트 채우기,2026-05-15T03:00:16Z,23.0,True,7448,88.0,2.0
3448,UCVXN28NHfphVQrdtjooc33g,백상예술대상,q0adXS82414,POV: 백상 레드카펫 뒤에서 하트 채우기,2026-05-15T03:01:17Z,38.0,True,26047,472.0,45.0
3448,UCVXN28NHfphVQrdtjooc33g,백상예술대상,2OeVQY4zK4c,POV: 백상 레드카펫 뒤에서 하트 채우기,2026-05-15T03:01:27Z,32.0,True,26715,315.0,17.0
3449,UCv-rrOAHGZZ80dgTkViarsA,이차함수수학학원,HnfYyxDDh64,삼차함수의 판별식 이거 모르면 손해일껄?,2025-01-06T01:00:09Z,51.0,True,169301,4060.0,155.0
3449,UCv-rrOAHGZZ80dgTkViarsA,이차함수수학학원,YdtsZaVg6_Q,이차방정식의 두 근의 차 공식 모르면 손해임,2025-01-10T18:39:03Z,59.0,True,15527,275.0,17.0
3449,UCv-rrOAHGZZ80dgTkViarsA,이차함수수학학원,hWehVPgVIec,다항함수 비율관계 수능수학 실전개념으로 매우 중요함!,2025-01-22T00:00:28Z,116.0,False,11404,190.0,5.0
