idx,channel_id,channel_title,video_id,video_title,published_at,duration_sec,is_shorts,view_count,like_count,comment_count
2950,UC98nHfafUbls99bA51OSrXg,까밀라댁 Kamila,GUwzmaFQ3fo,매운거 잘 먹는 외국인 처제에게 불닭볶음면을 먹여 봤더니..충격적인 반응ㅋㅋㅋ (feat. 썩은 우유),2025-09-18T10:09:55Z,1207.0,False,150601,7618.0,478.0
2950,UC98nHfafUbls99bA51OSrXg,까밀라댁 Kamila,Scclvm3miwM,4km 떨어진 편의점 하나 뿐..인터넷마저 끊겨버린 러시아에서 외국인 대가족이 선택한 생존전략,2025-09-28T00:42:58Z,1075.0,False,170839,8496.0,611.0
2950,UC98nHfafUbls99bA51OSrXg,까밀라댁 Kamila,Ph3KpEuwUGk,눈물의 폐차 후 현대 스타렉스가 드림카가 된 러시아 장모님 (feat. 180년 된 소련식 아파트로 내집마련 성공한 외국인 가족),2025-10-02T10:21:00Z,1328.0,False,225532,10072.0,837.0
2950,UC98nHfafUbls99bA51OSrXg,까밀라댁 Kamila,OG6z7LJk0nQ,[추석 특집/미공개 영상] 이어폰 잃어버리고 울기 직전인 외국인 처제에게 당근 거래를 시켜봤더니..?! (feat. 시어머니 몰래 카메라),2025-10-06T02:35:57Z,514.0,False,169673,6066.0,201.0
2950,UC98nHfafUbls99bA51OSrXg,까밀라댁 Kamila,f-DhGJ6YxdM,한국 라면으로만 버틴 52시간의 시베리아 횡단열차..드디어 그리운 할머니를 만날 수 있습니다 (feat. 러시아 장모님의 눈물),2025-10-16T10:31:59Z,1218.0,False,161865,7343.0,649.0
2950,UC98nHfafUbls99bA51OSrXg,까밀라댁 Kamila,k1YApSZ1d7I,13살 어린 토끼같은 외국인 아내를 러시아에 두고 한국에 돌아가야만 하는 남편..,2025-10-22T10:38:26Z,1314.0,False,139129,6292.0,456.0
2950,UC98nHfafUbls99bA51OSrXg,까밀라댁 Kamila,Jq53x10Zj18,싸구려 모텔 가는척 해외 최고급 리조트에 외국인 아내를 데려갔을 때 반응ㅋㅋ (feat. 국제결혼 부부싸움 후 화해법),2025-10-24T10:28:03Z,1110.0,False,318576,10138.0,729.0
2950,UC98nHfafUbls99bA51OSrXg,까밀라댁 Kamila,kf5khU_e6yw,혼혈아기의 살벌한 걱정 #국제결혼 #국제커플,2025-10-26T07:18:09Z,37.0,True,37231,1082.0,102.0
2950,UC98nHfafUbls99bA51OSrXg,까밀라댁 Kamila,EFpryXR5CDc,한국 오자마자 비싼 뷔페도 필요없고 짜장면이면 된다는 어린 외국인 아내 (feat. 외박한 남편 길들이기),2025-10-30T10:33:00Z,1112.0,False,146742,8716.0,497.0
2950,UC98nHfafUbls99bA51OSrXg,까밀라댁 Kamila,UJ021GqNbw8,청국장 냄새맡고 도망가려던 외국인 아내가..인생 첫 냉동삼겹살 먹으며 보인 충격적인 반응ㅋㅋ (feat. 러시아가족 영상통화),2025-11-07T10:52:54Z,1169.0,False,79980,5444.0,850.0
2950,UC98nHfafUbls99bA51OSrXg,까밀라댁 Kamila,b8W2J4gXNME,한러커플 아기의 도전 #국제커플 #외국인반응,2025-11-08T08:08:47Z,31.0,True,36607,734.0,55.0
2950,UC98nHfafUbls99bA51OSrXg,까밀라댁 Kamila,Wv6NR_0wV1U,이건 못 먹을껄?! #국제커플 #외국인반응,2025-11-09T06:20:45Z,28.0,True,204142,2188.0,170.0
2950,UC98nHfafUbls99bA51OSrXg,까밀라댁 Kamila,BtE4IZPuT6o,최고급 한우 먹다가 갑자기 “나 임신했어”라고 말하는 어린 외국인 아내ㅋㅋ 남편 표정이...(feat. 몰래카메라),2025-11-13T10:40:23Z,1185.0,False,133928,7474.0,330.0
2950,UC98nHfafUbls99bA51OSrXg,까밀라댁 Kamila,hjoaLdUqvQ4,목숨 건진 한국인 남편 #국제커플 #외국인반응,2025-11-16T08:25:06Z,34.0,True,121678,1343.0,66.0
2950,UC98nHfafUbls99bA51OSrXg,까밀라댁 Kamila,mdOXn_o92ic,남편 몰래 회사까지 따라온 어린 외국인 아내.. 남편의 반응은?ㅋㅋㅋ (feat. 퇴근길 지하철 첫 경험),2025-11-21T10:38:31Z,877.0,False,202253,10777.0,712.0
2950,UC98nHfafUbls99bA51OSrXg,까밀라댁 Kamila,H-XLQYrdQ7A,시어머니표 불고기를 처음 먹고 놀라버린 외국인 아내 (feat. 남편을 위한 요리수업),2025-11-27T10:27:16Z,1020.0,False,90995,5722.0,365.0
2950,UC98nHfafUbls99bA51OSrXg,까밀라댁 Kamila,u6FnVlRslmQ,한국 전투함을 처음보고 충격받은 외국인 여자의 반응 (feat. 응답하라 1988),2025-12-04T10:13:00Z,1299.0,False,76184,4400.0,494.0
2950,UC98nHfafUbls99bA51OSrXg,까밀라댁 Kamila,N9MPyz3Nghc,러시아 여자 앞에서  허세 부리다가..#국제커플 #외국인반응 #외국인반응,2025-12-07T09:41:34Z,54.0,True,185402,4394.0,168.0
2950,UC98nHfafUbls99bA51OSrXg,까밀라댁 Kamila,46a_l_1Lq5Y,한국유학 오겠다는 러시아 처제들..하지만 이를 막아선 러시아 정부,2025-12-11T10:37:02Z,1099.0,False,252005,12019.0,667.0
2950,UC98nHfafUbls99bA51OSrXg,까밀라댁 Kamila,AmIYvGAXDgg,러시아 가족도 포기해버린 한국행..하지만 끝까지 포기하지 않은 한국인 남편 (feat. 깜짝 비행기표),2025-12-21T10:17:17Z,761.0,False,223010,12306.0,386.0
2950,UC98nHfafUbls99bA51OSrXg,까밀라댁 Kamila,P5UHN8AajTo,내 남편이 세상에서 제일 멋지다는 러시아 아내,2025-12-29T10:39:05Z,917.0,False,101376,5453.0,289.0
2950,UC98nHfafUbls99bA51OSrXg,까밀라댁 Kamila,__aKVxWajl0,장모님차 보러 갔다가 GV80타보고 갑자기 차를 바꾸자는 러시아 아내,2025-12-30T10:37:50Z,1137.0,False,204495,11189.0,518.0
2950,UC98nHfafUbls99bA51OSrXg,까밀라댁 Kamila,ErGp6KEA2-E,생일선물 필요없다는 외국인 아내 말에 진짜 아무것도 준비 안 한 남편의 최후 (feat. 국제부부 가족오락관),2026-01-13T10:03:30Z,751.0,False,68811,4276.0,170.0
2950,UC98nHfafUbls99bA51OSrXg,까밀라댁 Kamila,GppHcedC3Zc,몰래 온 러시아 친구 #국제커플 #러시아 #몰카,2026-01-16T09:33:48Z,44.0,True,493834,4819.0,76.0
2950,UC98nHfafUbls99bA51OSrXg,까밀라댁 Kamila,hq-9RJT-2b8,겁없는 외국인 처제의 최후 #국제커플 #외국인반응 #러시아,2026-01-20T08:41:40Z,42.0,True,783530,8612.0,191.0
2950,UC98nHfafUbls99bA51OSrXg,까밀라댁 Kamila,IWoVjiATmSM,왕초보운전 러시아 아내에게 갑자기 제네시스 gv70을 선물했을 때 반응ㅋㅋ,2026-01-22T11:10:21Z,1059.0,False,361532,13518.0,581.0
2950,UC98nHfafUbls99bA51OSrXg,까밀라댁 Kamila,2hUCyWIecz0,한국유학이 꿈인 러시아 처제들..결국 장모님이 직접 한국에 데려왔습니다 (feat. 한국겨울을 첫 경험한 러시아 여자들ㅋㅋ),2026-01-30T10:44:05Z,1411.0,False,548185,22550.0,889.0
2950,UC98nHfafUbls99bA51OSrXg,까밀라댁 Kamila,kcDFnH-CqTw,소가 불쌍해서 못 먹겠다는 러시아 처제의 입에 최고급 한우를 넣어줬더니 반응ㅋㅋ,2026-02-05T10:38:00Z,1136.0,False,637974,22210.0,1032.0
2950,UC98nHfafUbls99bA51OSrXg,까밀라댁 Kamila,4DY92GfTD-I,한국 아이돌처럼 입고 싶다던 러시아 막둥이 처제에게 패딩 사줬더니 벌어진 일 ㅋㅋ,2026-02-08T10:11:42Z,1208.0,False,1758398,36714.0,2032.0
2950,UC98nHfafUbls99bA51OSrXg,까밀라댁 Kamila,57yW28NCA0k,러시아 처제가 눈이 돌아가는 이유 #국제커플 #러시아 #외국인반응,2026-02-09T09:26:20Z,43.0,True,906006,8658.0,142.0
2950,UC98nHfafUbls99bA51OSrXg,까밀라댁 Kamila,D-opsAF1vWQ,그냥 따라왔다가 우연히 알게 된…러시아 처제의 충격적인 치아 상태 (feat. 난생처음 한국치과),2026-02-16T10:42:05Z,1074.0,False,602150,16993.0,679.0
2950,UC98nHfafUbls99bA51OSrXg,까밀라댁 Kamila,f9LOz4jxPIk,물가폭등 러시아에서 온 처제들이 처음 한국 대형마트에 가면 보이는 충격적인 반응ㅋㅋ,2026-02-20T10:38:00Z,1181.0,False,435745,16895.0,754.0
2950,UC98nHfafUbls99bA51OSrXg,까밀라댁 Kamila,EQlONuNIdww,삐진 러시아 처제 #국제커플 #러시아,2026-02-27T10:31:37Z,46.0,True,445043,7584.0,389.0
2950,UC98nHfafUbls99bA51OSrXg,까밀라댁 Kamila,WqrK3VeOUQk,드디어 한국 지하철을 처음 탄 러시아 처제들이 두 눈을 질끈 감은 이유ㅋㅋ,2026-03-02T01:25:39Z,1184.0,False,197302,11425.0,382.0
2950,UC98nHfafUbls99bA51OSrXg,까밀라댁 Kamila,L-GmFRIhnws,돼지비계 때문에 삼겹살 못 먹겠다던 러시아 처제..한입 먹어보더니 반응이ㅋㅋ,2026-03-12T10:39:42Z,1231.0,False,337915,13440.0,408.0
2950,UC98nHfafUbls99bA51OSrXg,까밀라댁 Kamila,7Y04wLpST_o,다이소 얕보고 다 사라던 한국인 형부..계산대 앞에서 갑자기 당황한 이유ㅋㅋ (feat. 러시아 처제들의 몰래 카메라),2026-03-15T10:20:29Z,1169.0,False,146700,9651.0,521.0
2950,UC98nHfafUbls99bA51OSrXg,까밀라댁 Kamila,B3ZVmYve8mg,러시아 사람은 용감하다며  무서운 놀이기구만 연속으로 타면 벌어지는 일..(feat. 대성통곡),2026-03-20T10:16:32Z,1348.0,False,174554,10012.0,408.0
2950,UC98nHfafUbls99bA51OSrXg,까밀라댁 Kamila,97lnDl2qub8,삼계탕을 처음 보더니 닭고기를 괴롭힌거냐고 물어보는 러시아 처제ㅋㅋ (feat. 까밀라댁의 꿈),2026-03-24T10:42:41Z,1384.0,False,160528,9517.0,420.0
2950,UC98nHfafUbls99bA51OSrXg,까밀라댁 Kamila,-djDd19teXA,평생 못 만날 줄 알았던 러시아 언니를 한국에서 드디어 만났습니다!,2026-03-31T10:48:31Z,1276.0,False,182562,10938.0,420.0
2950,UC98nHfafUbls99bA51OSrXg,까밀라댁 Kamila,tEuRUDpYBm4,러시아 치과에서 뽑아버린 어금니..단 3시간만에 해결해 준 한국 치과에 깜짝 놀란 러시아 처제,2026-04-07T10:48:17Z,1345.0,False,172678,9372.0,516.0
2950,UC98nHfafUbls99bA51OSrXg,까밀라댁 Kamila,CAyW5FPvERY,한국 유학 준비하러 대치동 왔다가 울기 직전인 러시아 처제들 (feat. 은마아파트),2026-04-16T10:57:03Z,1388.0,False,160332,8015.0,743.0
2950,UC98nHfafUbls99bA51OSrXg,까밀라댁 Kamila,WIMmNamT2qs,짜장면 못 먹어서 울어버린 러시아 처제에게 한우 짜파게티를 처음 끓여줬더니..,2026-04-18T10:32:10Z,1213.0,False,198008,10358.0,346.0
2950,UC98nHfafUbls99bA51OSrXg,까밀라댁 Kamila,spzI5eHAN7k,사고 나버린 시어머니의 GV70..그리고 러시아 며느리의 기막힌 작전ㅋㅋ,2026-04-21T10:09:33Z,1062.0,False,86583,4957.0,461.0
2950,UC98nHfafUbls99bA51OSrXg,까밀라댁 Kamila,FSkgdLVJnRI,차 없이 매일 10km를 힘들게 걸어다닌 러시아 가족..결국 한국인 사위가 3000만원 짜리 선물을 하였습니다,2026-04-26T10:39:28Z,1707.0,False,730089,23403.0,1021.0
2950,UC98nHfafUbls99bA51OSrXg,까밀라댁 Kamila,9UqnEBXmHwk,매일 보자며 최고급 곱창까지 사주는 러시아 며느리..당황한 호랑이 시아버지 반응ㅋㅋ,2026-04-29T10:37:33Z,1274.0,False,109461,6136.0,230.0
2950,UC98nHfafUbls99bA51OSrXg,까밀라댁 Kamila,jAsiLdp2jCU,그냥 켜본 라이브,2026-05-01T03:17:32Z,2645.0,False,16424,930.0,32.0
2950,UC98nHfafUbls99bA51OSrXg,까밀라댁 Kamila,6o4uyx7b5Wg,한국 마트에 익숙해져버린 러시아 처제가 갑자기 러시아에 가게되면 겪게 되는 일,2026-05-03T10:34:41Z,1071.0,False,163908,9197.0,251.0
2950,UC98nHfafUbls99bA51OSrXg,까밀라댁 Kamila,kYfdjt9PZgc,러시아 처제의 욕심 #국제커플 #러시아,2026-05-09T09:59:12Z,57.0,True,127840,1730.0,53.0
2950,UC98nHfafUbls99bA51OSrXg,까밀라댁 Kamila,kp3dQCeiW8s,한러부부 10가족 이렇게 놀아요. 오분만 할게요.,2026-05-09T12:26:11Z,315.0,False,10611,1096.0,38.0
2950,UC98nHfafUbls99bA51OSrXg,까밀라댁 Kamila,5JRV9UtcWCY,취사병 출신 한국 남자의 비빔밥을 먹은 러시아 여자들..갑자기 소주를 가져오기 시작하는데ㅋㅋ,2026-05-10T10:35:32Z,1153.0,False,67279,5068.0,198.0
2951,UC7M1HBiTzoEE7YVmwuIM4Dw,MUSTAG - 머스태그,UmgmUAX-510,[사랑을 말하다] Ep.15 내 남자친구의 여자사람친구,2016-12-06T11:04:15Z,234.0,False,104747,449.0,74.0
2951,UC7M1HBiTzoEE7YVmwuIM4Dw,MUSTAG - 머스태그,gUfn6zrjYDo,[갓드바이스] ep.11 액체괴물을 능가하는 추억의 장난감? (ft. 권혁수),2016-12-08T09:05:33Z,209.0,False,437196,1566.0,174.0
2951,UC7M1HBiTzoEE7YVmwuIM4Dw,MUSTAG - 머스태그,7CkbEjBou0U,"[사랑을 말하다] Ep.16 그때 알았으면, 지금 우리는 달라졌을까?",2016-12-13T11:08:07Z,263.0,False,43924,269.0,42.0
2951,UC7M1HBiTzoEE7YVmwuIM4Dw,MUSTAG - 머스태그,7xneCEDBOsk,[갓드바이스]  ep12. 재수해? 말어?,2016-12-15T05:39:16Z,176.0,False,401016,1653.0,430.0
2951,UC7M1HBiTzoEE7YVmwuIM4Dw,MUSTAG - 머스태그,OTlPYDHuHzg,"[사랑을 말하다] Ep.17 그때 알았으면, 지금 우리는 달라졌을까? part-2",2016-12-20T11:06:16Z,186.0,False,37284,159.0,21.0
2951,UC7M1HBiTzoEE7YVmwuIM4Dw,MUSTAG - 머스태그,Suat2pV5aqk,[갓드바이스] ep.13 셀카 잘 찍어? How's your selfie? (eng sub),2016-12-22T06:01:21Z,174.0,False,1852689,7513.0,492.0
2951,UC7M1HBiTzoEE7YVmwuIM4Dw,MUSTAG - 머스태그,27hacXfyH4E,[사랑을 말하다] ep.18 마지막화 - 다이어트는 내일부터,2016-12-27T11:03:14Z,172.0,False,45901,309.0,36.0
2951,UC7M1HBiTzoEE7YVmwuIM4Dw,MUSTAG - 머스태그,ArJfyJj3WU0,"[갓드바이스] ep.14 새해다짐, 내년에는 성공할까?",2016-12-29T08:28:04Z,182.0,False,116355,347.0,65.0
2951,UC7M1HBiTzoEE7YVmwuIM4Dw,MUSTAG - 머스태그,yv6DqjMx9sU,[사랑을 말하다] - Special Film X NG모음,2017-01-03T11:00:46Z,220.0,False,11365,55.0,15.0
2951,UC7M1HBiTzoEE7YVmwuIM4Dw,MUSTAG - 머스태그,xSAbFtrtruI,"[갓드바이스] ep.15 생리, 얼마나 잘 알아? Guys! What do you know about ""Period""? (eng sub)",2017-01-05T05:12:26Z,187.0,False,2063319,9315.0,2411.0
2951,UC7M1HBiTzoEE7YVmwuIM4Dw,MUSTAG - 머스태그,J4q_aqYFSWg,[미남도 괴로워] 1차 미남 티져 공개!,2017-01-10T05:44:16Z,31.0,True,19935,185.0,45.0
2951,UC7M1HBiTzoEE7YVmwuIM4Dw,MUSTAG - 머스태그,yaW8-_1cBWQ,[갓드바이스] ep.16 못 먹는 것 많아?,2017-01-12T05:22:01Z,197.0,False,2964589,11058.0,3517.0
2951,UC7M1HBiTzoEE7YVmwuIM4Dw,MUSTAG - 머스태그,ljsEa0xpvM0,[미남도 괴로워] 2차 미남 티져 공개!,2017-01-16T05:20:48Z,16.0,True,12462,86.0,19.0
2951,UC7M1HBiTzoEE7YVmwuIM4Dw,MUSTAG - 머스태그,tle0xoUerkU,[미남도 괴로워] 시선도 괴로워 편,2017-01-17T05:04:18Z,195.0,False,638704,3407.0,769.0
2951,UC7M1HBiTzoEE7YVmwuIM4Dw,MUSTAG - 머스태그,tC9buZvVuvk,"[갓드바이스] ep.17 애인선물, 잘 골라?",2017-01-19T05:01:50Z,191.0,False,416692,1605.0,211.0
2951,UC7M1HBiTzoEE7YVmwuIM4Dw,MUSTAG - 머스태그,euPZ2YDTJPQ,[미남도 괴로워] 반응도 괴로워 편,2017-01-24T04:57:26Z,151.0,False,313357,1593.0,241.0
2951,UC7M1HBiTzoEE7YVmwuIM4Dw,MUSTAG - 머스태그,GxDWutGGTkk,[고켓몬지침서] 포켓몬고에 월급 꼴아박은 개노답 3형제,2017-01-24T05:48:30Z,50.0,True,8105,68.0,11.0
2951,UC7M1HBiTzoEE7YVmwuIM4Dw,MUSTAG - 머스태그,KoRw84rmHjM,"[갓드바이스] ep.18 노래방, 가서 뭐 불러? 어케 놀아? Korean Karaoke culture(eng sub)",2017-01-26T04:58:28Z,201.0,False,728286,3837.0,957.0
2951,UC7M1HBiTzoEE7YVmwuIM4Dw,MUSTAG - 머스태그,TnAseoC8ss4,[미남도 괴로워] 오해도 괴로워 편,2017-01-31T05:00:05Z,211.0,False,336762,1967.0,278.0
2951,UC7M1HBiTzoEE7YVmwuIM4Dw,MUSTAG - 머스태그,VyHTz-jE1Zw,[미남도 괴로워] 스페셜영상! 비하인드 공개,2017-02-03T09:39:33Z,211.0,False,112020,964.0,104.0
2951,UC7M1HBiTzoEE7YVmwuIM4Dw,MUSTAG - 머스태그,vLXGS2vmCWk,[옆방앞방] 본격하숙시트콤 티져,2017-02-07T10:00:05Z,63.0,False,33094,197.0,27.0
2951,UC7M1HBiTzoEE7YVmwuIM4Dw,MUSTAG - 머스태그,ZsPNAVbMlbQ,[옆방앞방] Ep.1 처음이야 이런 느낌 (웹드라마 레전설),2017-02-10T10:03:06Z,285.0,False,7376440,4792.0,141.0
2951,UC7M1HBiTzoEE7YVmwuIM4Dw,MUSTAG - 머스태그,YI1nzN055sA,[옆방앞방] Ep.2 원나잇스탠딩밀크  (웹드라마 레전설),2017-02-14T10:52:05Z,261.0,False,1015097,1009.0,65.0
2951,UC7M1HBiTzoEE7YVmwuIM4Dw,MUSTAG - 머스태그,0ssPUeUgbJQ,[옆방앞방]Ep.3 옆방여자,2017-02-17T10:00:00Z,263.0,False,411327,596.0,61.0
2951,UC7M1HBiTzoEE7YVmwuIM4Dw,MUSTAG - 머스태그,i1qd9vMezls,[옆방앞방] ep4. 빨 줄도 모르는 게  (웹드라마 레전설),2017-02-21T10:00:02Z,267.0,False,740819,714.0,147.0
2951,UC7M1HBiTzoEE7YVmwuIM4Dw,MUSTAG - 머스태그,zSs3JCEETQA,"[옆방앞방] ep5. 어떡해, 빠진 것 같아",2017-02-24T10:00:05Z,293.0,False,228433,448.0,63.0
2951,UC7M1HBiTzoEE7YVmwuIM4Dw,MUSTAG - 머스태그,eHGdNGAiz6M,[옆방앞방] ep6. 낮이밤져,2017-02-28T10:00:02Z,249.0,False,346872,732.0,105.0
2951,UC7M1HBiTzoEE7YVmwuIM4Dw,MUSTAG - 머스태그,4O12zh6523A,[옆방앞방] ep7. 먹고 싶어,2017-03-03T10:00:00Z,257.0,False,221590,433.0,74.0
2951,UC7M1HBiTzoEE7YVmwuIM4Dw,MUSTAG - 머스태그,XRRE4Xss92c,[옆방앞방] ep.8 뜨겁게 해줄게,2017-03-07T10:00:01Z,240.0,False,155079,321.0,52.0
2951,UC7M1HBiTzoEE7YVmwuIM4Dw,MUSTAG - 머스태그,NfDmLa-cP6c,[옆방앞방] ep.9 무릎과 무릎사이,2017-03-10T10:00:01Z,178.0,False,137781,322.0,55.0
2951,UC7M1HBiTzoEE7YVmwuIM4Dw,MUSTAG - 머스태그,qMgfbVfUjQg,[미남도 괴로워]  화이트데이 이벤트,2017-03-14T03:00:02Z,437.0,False,22598,308.0,59.0
2951,UC7M1HBiTzoEE7YVmwuIM4Dw,MUSTAG - 머스태그,z18ZZ9dRQA4,[옆방앞방] ep.10 위험한 날,2017-03-14T10:00:03Z,189.0,False,127663,329.0,45.0
2951,UC7M1HBiTzoEE7YVmwuIM4Dw,MUSTAG - 머스태그,Qi_s2NQvcVg,[옆방앞방]ep11.빼지마요,2017-03-17T10:00:02Z,268.0,False,144662,315.0,57.0
2951,UC7M1HBiTzoEE7YVmwuIM4Dw,MUSTAG - 머스태그,h-UAAyG-ubk,"[옆방앞방]ep12. 했네, 했어",2017-03-21T10:00:03Z,287.0,False,130902,351.0,82.0
2951,UC7M1HBiTzoEE7YVmwuIM4Dw,MUSTAG - 머스태그,NQE511D2Xcw,[미남도 괴로워] 특별한 화이트데이 몰래카메라,2017-03-22T09:00:02Z,353.0,False,60276,530.0,54.0
2951,UC7M1HBiTzoEE7YVmwuIM4Dw,MUSTAG - 머스태그,-NO2qJdFFyQ,[갓드바이스] 누가 옷을 그렇게 입어 Who dresses like that? (eng sub) ep.19,2017-03-23T05:00:00Z,231.0,False,1515833,6609.0,1282.0
2951,UC7M1HBiTzoEE7YVmwuIM4Dw,MUSTAG - 머스태그,f5pjTaA8L_w,[옆방앞방]ep13. 나랑 한번 할래?,2017-03-24T10:00:02Z,243.0,False,139570,352.0,70.0
2951,UC7M1HBiTzoEE7YVmwuIM4Dw,MUSTAG - 머스태그,fYg0zqzVwR8,[옆방앞방]ep14. 취하니까 하고싶어,2017-03-28T10:00:04Z,287.0,False,1311699,855.0,85.0
2951,UC7M1HBiTzoEE7YVmwuIM4Dw,MUSTAG - 머스태그,jrsx_L7WWqM,[옆방앞방]ep15.좋았어?,2017-03-31T10:00:03Z,372.0,False,290428,605.0,108.0
2951,UC7M1HBiTzoEE7YVmwuIM4Dw,MUSTAG - 머스태그,_0rO_OfxnqA,[옆방앞방]ep16. 먼저 씻어,2017-04-04T10:00:02Z,323.0,False,178792,323.0,74.0
2951,UC7M1HBiTzoEE7YVmwuIM4Dw,MUSTAG - 머스태그,OlVLWS7f34E,"[갓드바이스] Ep.20 술게임 잘 알아? Do you know ""Drinking Game""? [eng sub]",2017-04-06T05:00:00Z,189.0,False,462741,1866.0,144.0
2951,UC7M1HBiTzoEE7YVmwuIM4Dw,MUSTAG - 머스태그,L2lzLE-NRbs,[옆방앞방]ep17. 처음아니잖아,2017-04-07T10:00:01Z,317.0,False,177082,496.0,64.0
2951,UC7M1HBiTzoEE7YVmwuIM4Dw,MUSTAG - 머스태그,_fOvBYyC2m4,[옆방앞방]마지막화.더는 못하겠어,2017-04-11T10:00:03Z,346.0,False,117802,680.0,99.0
2951,UC7M1HBiTzoEE7YVmwuIM4Dw,MUSTAG - 머스태그,_AfduNDF2sc,[갓드바이스] Ep.21 요리 잘 해? Do you cook well? (eng sub),2017-04-20T04:00:02Z,208.0,False,645266,2431.0,223.0
2951,UC7M1HBiTzoEE7YVmwuIM4Dw,MUSTAG - 머스태그,ewkojCltZ-8,[알바왕] 티져,2017-05-18T10:00:03Z,21.0,True,62874,322.0,31.0
2951,UC7M1HBiTzoEE7YVmwuIM4Dw,MUSTAG - 머스태그,qJOAl8uZZhA,"[알바왕]EP.01 이 거지 같은 500원 ""손님이면 손님답게!... 그래 던져라 동전""",2017-05-25T10:00:04Z,234.0,False,1408817,7447.0,693.0
2951,UC7M1HBiTzoEE7YVmwuIM4Dw,MUSTAG - 머스태그,TdJSrdQCsLw,"[알바왕] EP.02 폐기 쩌는 그 놈- ""유통기한 끝난 거 나 쫌 먹으면 안 돼?""",2017-06-01T10:00:02Z,232.0,False,1153252,5697.0,2629.0
2951,UC7M1HBiTzoEE7YVmwuIM4Dw,MUSTAG - 머스태그,ki7MGbf3994,"[알바왕] EP.03 19과 20사이 ""담배를 꼭 사야겠냐? 나한테서?""",2017-06-08T08:56:20Z,191.0,False,3125536,15448.0,1190.0
2951,UC7M1HBiTzoEE7YVmwuIM4Dw,MUSTAG - 머스태그,TQjDDubrnG4,[알바왕] EP.04 뜨거운 것이 좋아,2017-06-15T10:00:02Z,203.0,False,1412169,5610.0,482.0
2951,UC7M1HBiTzoEE7YVmwuIM4Dw,MUSTAG - 머스태그,ER5ExpSrA5s,MUSTAG - 머스태그님의 실시간 스트림,2023-05-15T08:23:11Z,,False,0,0.0,0.0
2952,UCI-NxZibHUTLOdkIp_ISi9A,떡볶이 커플 [러시아 여자 리나],5Ms6rv487X4,친정 오자마자 식욕 폭주하는 엄마의 손맛!! #국제커플 #러시아여자 #러시아 #러시아여행,2026-01-03T03:30:13Z,18.0,True,16119,364.0,10.0
2952,UCI-NxZibHUTLOdkIp_ISi9A,떡볶이 커플 [러시아 여자 리나],HfUYSCVbiP0,유모차 챙기라던 남편에게 온 영상 #국제커플 #러시아여자 #육아 #러시아여행,2026-01-04T03:00:20Z,25.0,True,14190,219.0,1.0
2952,UCI-NxZibHUTLOdkIp_ISi9A,떡볶이 커플 [러시아 여자 리나],9h8wKQrkOM8,친정에서 찐 살은 사랑입니다 #국제커플 #러시아여자 #러시아,2026-01-05T08:05:00Z,14.0,True,27262,490.0,13.0
2952,UCI-NxZibHUTLOdkIp_ISi9A,떡볶이 커플 [러시아 여자 리나],wZWERlDaTUs,설원에서 깨어난 불곰의 본능 #국제커플 #러시아여자 #러시아,2026-01-06T09:05:02Z,7.0,True,20491,301.0,5.0
2952,UCI-NxZibHUTLOdkIp_ISi9A,떡볶이 커플 [러시아 여자 리나],nJrEeOXWc5k,귀향길 걱정하는 남편에게 보내는 생존 확인 영상 #국제커플 #러시아여자 #러시아,2026-01-07T10:47:57Z,162.0,False,599168,12156.0,314.0
2952,UCI-NxZibHUTLOdkIp_ISi9A,떡볶이 커플 [러시아 여자 리나],YYzm79swEMo,육아중 물세수만 해도 성공적 아침!! #국제커플 #러시아여자 #육아 #육아맘,2026-01-08T09:05:00Z,11.0,True,52258,602.0,15.0
2952,UCI-NxZibHUTLOdkIp_ISi9A,떡볶이 커플 [러시아 여자 리나],o_L-S-O0sIY,트렌드는 실패했지만 명작을 탄생시킨 러시아 아내 #국제커플 #러시아여자 #러시아,2026-01-09T09:40:06Z,35.0,True,26181,439.0,8.0
2952,UCI-NxZibHUTLOdkIp_ISi9A,떡볶이 커플 [러시아 여자 리나],BolzfdfbAp4,러시아 친정에서 모녀3대가 크리스마스 쿠키를 만들면 생기는 일 #국제커플 #러시아여자 #러시아여행 #러시아,2026-01-10T10:27:09Z,134.0,False,46544,1513.0,36.0
2952,UCI-NxZibHUTLOdkIp_ISi9A,떡볶이 커플 [러시아 여자 리나],DYWkrbfzZrc,최강 전투력이지만 남편에겐 비공개 입니다 #국제커플 #러시아여자 #러시아,2026-01-11T09:05:00Z,52.0,True,51091,1113.0,45.0
2952,UCI-NxZibHUTLOdkIp_ISi9A,떡볶이 커플 [러시아 여자 리나],MKP78UqQCGc,마트 갔다 차가 고장나서 컨텐츠 건졌습니다 #러시아여자 #국제커플 #러시아,2026-01-12T09:05:01Z,57.0,True,80801,1274.0,56.0
2952,UCI-NxZibHUTLOdkIp_ISi9A,떡볶이 커플 [러시아 여자 리나],MszmZhULcuU,99% 한국 패치된 러시아 아내하지만 가끔씩 튀어나오는1%의 슬라브 DNA #국제커플 #러시아여자 #러시아 #슬라브,2026-01-13T09:05:00Z,14.0,True,203705,2058.0,43.0
2952,UCI-NxZibHUTLOdkIp_ISi9A,떡볶이 커플 [러시아 여자 리나],pSD-voSUhAs,보통은 안 먹으려고 도망가지 않나요?? 우리집만 이래?! #국제커플 #러시아여자 #혼혈아기#육아,2026-01-14T11:10:53Z,61.0,False,38242,767.0,58.0
2952,UCI-NxZibHUTLOdkIp_ISi9A,떡볶이 커플 [러시아 여자 리나],ukLr-7pnajw,"엄마의 양심, 광고 시간에만 등장함 ㅋㅋ #국제커플 #러시아여자 #육아",2026-01-15T10:56:53Z,7.0,True,43712,344.0,7.0
2952,UCI-NxZibHUTLOdkIp_ISi9A,떡볶이 커플 [러시아 여자 리나],6o4983EyOso,육아 프라이버시? 그게 뭐죠?? #러시아여자 #국제커플 #육아,2026-01-16T09:12:04Z,48.0,True,16604,400.0,11.0
2952,UCI-NxZibHUTLOdkIp_ISi9A,떡볶이 커플 [러시아 여자 리나],fdPTFtEhN6k,시베리아 겨울 숲여긴 대형 아이스크림 제조기 입니다 #국제커플 #러시아여자 #러시아 #시베리아,2026-01-17T09:40:29Z,81.0,False,20726,673.0,33.0
2952,UCI-NxZibHUTLOdkIp_ISi9A,떡볶이 커플 [러시아 여자 리나],4n_2cmf0o6Q,제 하트.. 받아 주실꺼죠..??☺️ #국제커플 #러시아여자 #러시아 #시베리아,2026-01-18T05:30:02Z,10.0,True,28323,265.0,9.0
2952,UCI-NxZibHUTLOdkIp_ISi9A,떡볶이 커플 [러시아 여자 리나],vV9Lwmp-9pQ,육아 스트레스폭식 엔딩 #국제커플 #러시아여자 #육아 #스트레스,2026-01-19T10:50:35Z,12.0,True,17964,280.0,6.0
2952,UCI-NxZibHUTLOdkIp_ISi9A,떡볶이 커플 [러시아 여자 리나],Q-VydAy1_FA,러시아에서도 새배를 하면 돈이 나온다?! #국제커플 #러시아여자 #러시아 #새해,2026-01-20T12:10:40Z,107.0,False,9392,309.0,14.0
2952,UCI-NxZibHUTLOdkIp_ISi9A,떡볶이 커플 [러시아 여자 리나],dxE_A_kYnns,이 뒷태는 반칙 아닌가요?!! #국제커플 #러시아여자 #육아 #러시아 #시베리아,2026-01-21T09:23:37Z,21.0,True,18643,392.0,19.0
2952,UCI-NxZibHUTLOdkIp_ISi9A,떡볶이 커플 [러시아 여자 리나],7CxZXcDuH3M,한국 vs 러시아 어떤 스타일로 키우는게 정답일까요?! #국제커플 #러시아여자 #육아,2026-01-22T11:26:12Z,88.0,False,21177,984.0,60.0
2952,UCI-NxZibHUTLOdkIp_ISi9A,떡볶이 커플 [러시아 여자 리나],NS3cTWym6SQ,끓는 물을 뿌렸더니 눈이되어 내립니다 #국제커플 #러시아여자 #러시아 #시베리아,2026-01-23T09:05:00Z,8.0,True,31854,289.0,11.0
2952,UCI-NxZibHUTLOdkIp_ISi9A,떡볶이 커플 [러시아 여자 리나],KGyodxtUZZc,먹방 보다가 심쿵사.. 영상 공유 합니다 #국제커플 #러시아여자 #러시아여행 #케비어,2026-01-24T08:05:00Z,159.0,False,9033,295.0,
2952,UCI-NxZibHUTLOdkIp_ISi9A,떡볶이 커플 [러시아 여자 리나],oY7KLOI04H8,친정에 아기 맡길때 이런 눈치싸움 해 본적 있나요? #국제커플 #러시아여자 #러시아,2026-01-25T03:34:55Z,6.0,True,20853,204.0,4.0
2952,UCI-NxZibHUTLOdkIp_ISi9A,떡볶이 커플 [러시아 여자 리나],vczjiBMy8VM,마이클 잭슨의 스릴러 베이비 캐스팅 공개  #국제커플 #러시아여자 #혼혈아기,2026-01-26T09:05:02Z,20.0,True,13837,248.0,5.0
2952,UCI-NxZibHUTLOdkIp_ISi9A,떡볶이 커플 [러시아 여자 리나],-I9BhRipWYo,러시아식 풀세팅에 메인은 컵라면!이 조합 찬성? #국제커플  #러시아여자 #먹방,2026-01-27T09:06:48Z,136.0,False,30961,990.0,46.0
2952,UCI-NxZibHUTLOdkIp_ISi9A,떡볶이 커플 [러시아 여자 리나],r_jN17TLp5I,이  하트는 엉덩이로 부터 시작 되었습니다 ㅠㅠ #국제커플 #러시아여자 #국제부부 #혼혈아기 #러시아,2026-01-28T09:05:01Z,21.0,True,13823,188.0,6.0
2952,UCI-NxZibHUTLOdkIp_ISi9A,떡볶이 커플 [러시아 여자 리나],SzHv8QrABX4,엄마는 강하다.. 강해질 수 밖에 없는 이유 #국제커플 #러시아여자 #육아 #시베리아 #러시아맘,2026-01-29T09:05:00Z,53.0,True,13008,286.0,14.0
2952,UCI-NxZibHUTLOdkIp_ISi9A,떡볶이 커플 [러시아 여자 리나],gHK9wetWKMc,비싼 키즈카페 대신 인테리어샵 갔더니.. 탈출구 못 찾음 #국제커플 #러시아여자 #육아 #시베리아,2026-02-01T04:03:14Z,77.0,False,14676,470.0,19.0
2952,UCI-NxZibHUTLOdkIp_ISi9A,떡볶이 커플 [러시아 여자 리나],Pok14EeLjcg,네셔널지오그래픽?? 아니죠~ 흔한 러시아 공원 입니다 ㅋㅋ #국제커플 #러시아여자 #러시아 #시베리아,2026-02-02T09:05:00Z,50.0,True,11244,246.0,7.0
2952,UCI-NxZibHUTLOdkIp_ISi9A,떡볶이 커플 [러시아 여자 리나],l2K6hm23TMI,숲 한가운데 이런 스키장이? 러시아 감성 물씬 나는 힐링 스키 #국제커플 #러시아여자 #러시아 #육퇴,2026-02-10T09:04:00Z,125.0,False,11661,341.0,15.0
2952,UCI-NxZibHUTLOdkIp_ISi9A,떡볶이 커플 [러시아 여자 리나],OohfwRP8Tjg,2달만의 만남 남편의 꽃다발과 아내의 선물은?! #국제커플 #러시아여자 #러시아여행,2026-02-20T04:02:54Z,35.0,True,24459,459.0,10.0
2952,UCI-NxZibHUTLOdkIp_ISi9A,떡볶이 커플 [러시아 여자 리나],tQnOImcSwG4,오늘의 와이프 모드를 선택 고르시오! Choose today your wife's mode #국제커플 #러시아여자 #국제결혼,2026-03-03T09:05:01Z,35.0,True,21004,366.0,11.0
2952,UCI-NxZibHUTLOdkIp_ISi9A,떡볶이 커플 [러시아 여자 리나],gdFLAtdnkEM,제목손톱 관리에 대한 T 남편의 해석.. 이게 맞나요?? #국제커플 #러시아여자 #국제결혼,2026-03-04T09:05:00Z,13.0,True,8781,141.0,3.0
2952,UCI-NxZibHUTLOdkIp_ISi9A,떡볶이 커플 [러시아 여자 리나],-s5104sCOkk,우리집 남편은 눈뜬 장님. 다른집 남편들 어때요? My husband is blind even with his eyes open #국제커플 #러시아여자 #결혼생활,2026-03-05T09:05:00Z,21.0,True,10046,97.0,2.0
2952,UCI-NxZibHUTLOdkIp_ISi9A,떡볶이 커플 [러시아 여자 리나],5ZSsaUQTKmk,러시아 여자와 결혼한 상남자가 하남자가 되어 가는 과정 Macho man becomes a ‘beta husband’ after marrying a Russian,2026-03-09T09:05:00Z,27.0,True,16559,225.0,4.0
2952,UCI-NxZibHUTLOdkIp_ISi9A,떡볶이 커플 [러시아 여자 리나],IN0nxyc0LbY,국결 했더니 인생 강제 패치됨 Went for an international marriage… and got a forced life upgrade #국제커플 #러시아여자,2026-03-18T09:47:12Z,46.0,True,6625,118.0,5.0
2952,UCI-NxZibHUTLOdkIp_ISi9A,떡볶이 커플 [러시아 여자 리나],sOEibghhJzE,스파시바 (?) 한마디에 심사위원 멘붕ㅋㅋ  #국제커플 #러시아여자 #미스터트롯,2026-03-27T09:05:00Z,38.0,True,22339,142.0,2.0
2952,UCI-NxZibHUTLOdkIp_ISi9A,떡볶이 커플 [러시아 여자 리나],Kcy2K7Uptus,결혼은 타협이다 #국제커플 #러시아여자 #funny,2026-03-31T10:05:00Z,21.0,True,7820,189.0,13.0
2952,UCI-NxZibHUTLOdkIp_ISi9A,떡볶이 커플 [러시아 여자 리나],LvIyXhr8vLg,내가 진짜 까먹어서 그런건 아니고.. It’s not like I actually forgot.. #국제커플 #러시아여자 #불곰 #국제결혼,2026-04-07T09:05:00Z,16.0,True,19214,261.0,14.0
2952,UCI-NxZibHUTLOdkIp_ISi9A,떡볶이 커플 [러시아 여자 리나],1M75MD3eANE,사랑하는 만큼 먹여 달랬더니.. 턱 나갈 뻔 #국제커플 #러시아여자 #couple,2026-04-09T09:05:00Z,18.0,True,23644,277.0,13.0
2952,UCI-NxZibHUTLOdkIp_ISi9A,떡볶이 커플 [러시아 여자 리나],HgSztRWwoF8,외국인은 안되는 자세 #국제결혼 #국제커플 #러시아여자,2026-04-15T09:05:00Z,71.0,False,472350,4747.0,209.0
2952,UCI-NxZibHUTLOdkIp_ISi9A,떡볶이 커플 [러시아 여자 리나],SR3ffCnTEKE,육아 아내의 혼밥 모드에 당황스럽지만 짠해집니다 ㅠㅠ #러시아여자 #국제결혼 #russia,2026-04-17T09:15:02Z,19.0,True,30965,344.0,9.0
2952,UCI-NxZibHUTLOdkIp_ISi9A,떡볶이 커플 [러시아 여자 리나],nQUy3EFWiNc,헐벗은 러시아 아내가 눈밭을 뛰어다니다 앓아 누웠어요..ㅠㅠ,2026-04-18T16:05:01Z,419.0,False,12110,553.0,20.0
2952,UCI-NxZibHUTLOdkIp_ISi9A,떡볶이 커플 [러시아 여자 리나],LAHrLm2JUww,한겨울 러시아 아내가 앓아누운 이유 #러시아여자 #시베리아 #국제결혼,2026-04-19T03:05:00Z,40.0,True,17857,218.0,4.0
2952,UCI-NxZibHUTLOdkIp_ISi9A,떡볶이 커플 [러시아 여자 리나],hscvJr55VJ8,🔥실화: 러시아 아내가 매번 킹받는 상황 My husband is so annoying #러시아여자 #국제결혼 #남자머리 #men,2026-04-20T09:05:00Z,95.0,False,33727,599.0,12.0
2952,UCI-NxZibHUTLOdkIp_ISi9A,떡볶이 커플 [러시아 여자 리나],FBC_yjB8_Ew,어쩌면 우리아이 트월킹 신동일지도.. #러시아여자 #국제결혼 #국제커플,2026-04-23T09:05:00Z,18.0,True,5535,106.0,
2952,UCI-NxZibHUTLOdkIp_ISi9A,떡볶이 커플 [러시아 여자 리나],j5fYFJsGZxU,"남편의 파격적인 제안에 영혼을 불사른 러시아 아내의 응원~! ""해.외.여.행~!!""",2026-04-25T04:15:07Z,334.0,False,4286,320.0,11.0
2952,UCI-NxZibHUTLOdkIp_ISi9A,떡볶이 커플 [러시아 여자 리나],un7-A721qRw,태어나서 엄마를 불러본 적 없는 아기.. 엄마는 마상 #러시아여자 #혼혈아기 #국제커플,2026-04-26T03:50:03Z,31.0,True,17136,338.0,15.0
2952,UCI-NxZibHUTLOdkIp_ISi9A,떡볶이 커플 [러시아 여자 리나],lBGaTmzijJI,한국인이 강한 진짜 이유.. 음식을 보면 이해됨 #러시아여자 #국제결혼 #러시아 #한국음식 #russian #russia #koreanfood,2026-04-28T09:05:01Z,80.0,False,40173,1044.0,22.0
2952,UCI-NxZibHUTLOdkIp_ISi9A,떡볶이 커플 [러시아 여자 리나],KaI5PPrNxns,남편을 하늘같이 섬기는 러시아 아내 #러시아여자 #국제커플,2026-05-03T03:30:12Z,17.0,True,9634,163.0,6.0
2953,UCawK5EIfr66Z7fjAlZgfB2g,게임하는인기,9uOCYi1FYBg,카제로스 성불 막차 숙코 뛰발 브레이커 박제합니다 [로스트아크],2026-03-01T02:29:13Z,604.0,False,54972,,135.0
2953,UCawK5EIfr66Z7fjAlZgfB2g,게임하는인기,DLZE_6NDGGU,"""전투력 8160"" 만렙 달성 [로스트아크]",2026-03-02T08:00:11Z,555.0,False,53518,,27.0
2953,UCawK5EIfr66Z7fjAlZgfB2g,게임하는인기,O0r_c9_sDQo,시간순삭 로스트아크 초빙 전직업 설명회 1편 (타임라인O),2026-03-04T07:59:33Z,41310.0,False,45981,,98.0
2953,UCawK5EIfr66Z7fjAlZgfB2g,게임하는인기,MTEa8xfq3mg,모챌익 추천 0티어 직업 근황 ㄷㄷ [로스트아크],2026-03-05T08:00:31Z,609.0,False,47066,,37.0
2953,UCawK5EIfr66Z7fjAlZgfB2g,게임하는인기,Qs7d8qNFKQg,계속 죽던 더퍼스트 성불자가 커뮤니티에 저를 박제했다고요? [로스트아크],2026-03-07T08:00:34Z,674.0,False,47041,,64.0
2953,UCawK5EIfr66Z7fjAlZgfB2g,게임하는인기,w2IYg_EQ0zU,그 유명한 광사부를 에스더가 하면 생기는 일 ㄷㄷ [로스트아크],2026-03-08T08:01:00Z,825.0,False,42379,,34.0
2953,UCawK5EIfr66Z7fjAlZgfB2g,게임하는인기,oOTcku4RnCs,고대 코어 1개 끼면 떡상하는 직업을 알아보자 ㅋㅋ [로스트아크],2026-03-08T11:44:22Z,827.0,False,48299,,86.0
2953,UCawK5EIfr66Z7fjAlZgfB2g,게임하는인기,exLtE8Z6Jug,카제로스 더퍼스트 막차 성불팟 빌런 하이라이트 [로스트아크],2026-03-09T08:00:37Z,635.0,False,34215,,118.0
2953,UCawK5EIfr66Z7fjAlZgfB2g,게임하는인기,s-1n0Pb6GLo,시간순삭 로스트아크 초빙 전직업 설명회 2편 (완) (타임라인O),2026-03-10T03:50:59Z,19114.0,False,20250,,54.0
2953,UCawK5EIfr66Z7fjAlZgfB2g,게임하는인기,kNFegqmq6v0,아크그리드로 거세 당하는 직업ㄷㄷ 수라결 없는 수라급이라고?! [로스트아크],2026-03-11T15:01:19Z,611.0,False,35170,,39.0
2953,UCawK5EIfr66Z7fjAlZgfB2g,게임하는인기,xjOEXCgRccU,"폭주 없는 버서커, 버스트 없는 블레가 된 기공사 근황 [로스트아크]",2026-03-12T13:35:29Z,766.0,False,47140,,75.0
2953,UCawK5EIfr66Z7fjAlZgfB2g,게임하는인기,KN4mFidLDIE,"로스트아크에서 ""가장 센 직업"" 어렵지도 않은데 이번에 무조건 키워야 할 듯ㅎㅎ [로스트아크]",2026-03-14T08:00:29Z,696.0,False,53100,,58.0
2953,UCawK5EIfr66Z7fjAlZgfB2g,게임하는인기,qY0zCjTr5LU,낙원1위 찍었더니 전투력 184점 상승?!ㄷㄷ [로스트아크],2026-03-15T12:49:00Z,528.0,False,30841,,22.0
2953,UCawK5EIfr66Z7fjAlZgfB2g,게임하는인기,_bhkTD7nFYs,지평의 성당 클리어! (그믐 광사부 시점. w.로끼리야),2026-03-18T04:18:02Z,782.0,False,9310,,3.0
2953,UCawK5EIfr66Z7fjAlZgfB2g,게임하는인기,J0BLIArOq1g,"고대 코어 정가 35전 34패 ""1승"" [로스트아크]",2026-03-20T11:45:52Z,585.0,False,22313,,17.0
2953,UCawK5EIfr66Z7fjAlZgfB2g,게임하는인기,yIfG6sssDr0,요즘 가장 핫한 인파이터! 직접 해봤더니 미친 꿀잼ㅋㅋㅋ [로스트아크],2026-03-21T08:24:43Z,847.0,False,53244,,33.0
2953,UCawK5EIfr66Z7fjAlZgfB2g,게임하는인기,h3rVDxYenek,나락 40바퀴 돌고 3분만에 10렙 보석 만드는 미친 로교남 [로스트아크],2026-03-22T08:00:39Z,771.0,False,56048,,27.0
2953,UCawK5EIfr66Z7fjAlZgfB2g,게임하는인기,rSHL4dFqDEE,이런 직업으로 게임을 하니까 문제다 [로스트아크],2026-03-23T14:48:52Z,631.0,False,41570,,56.0
2953,UCawK5EIfr66Z7fjAlZgfB2g,게임하는인기,6y35NFivSZw,"찍어내는BM, 현시점 로스트아크의 문제점 [로스트아크]",2026-03-26T11:00:41Z,650.0,False,52042,,389.0
2953,UCawK5EIfr66Z7fjAlZgfB2g,게임하는인기,Kw9loQsuDlA,"로스트아크 ""공팟 기준"" 직업 추천 티어표",2026-03-28T08:00:14Z,1883.0,False,85136,,268.0
2953,UCawK5EIfr66Z7fjAlZgfB2g,게임하는인기,shKgMk8Zn7k,로아 쌀먹으로 한달에 2300만 골드 현금 355만원 버는 세계선 [로스트아크],2026-03-29T08:00:41Z,703.0,False,37760,,48.0
2953,UCawK5EIfr66Z7fjAlZgfB2g,게임하는인기,IFJzOdLP7eo,"5년간 전직업 육성중 최대 위기 ""역대 최악의 플레이 경험"" [로스트아크]",2026-04-02T08:00:24Z,788.0,False,38117,,87.0
2953,UCawK5EIfr66Z7fjAlZgfB2g,게임하는인기,CvFKbQw74Q8,"1년만에 돌아온 ""타대의 누나"" 신규 레이드 난이도가 이슈라고?! 직접 해봤더니;; [로스트아크]",2026-04-03T08:00:09Z,648.0,False,46972,,214.0
2953,UCawK5EIfr66Z7fjAlZgfB2g,게임하는인기,2WJmP-tV_Mw,"로스트아크 선호도 1등 그저 ""GOAT"" 직접 해봤더니 [로스트아크]",2026-04-04T08:00:03Z,589.0,False,55665,,41.0
2953,UCawK5EIfr66Z7fjAlZgfB2g,게임하는인기,lkgsBtILN5Q,로스트아크 여름에 닥칠 크나큰 문제점 이거 저만 불안한가요? [로스트아크],2026-04-05T08:00:59Z,687.0,False,53077,,286.0
2953,UCawK5EIfr66Z7fjAlZgfB2g,게임하는인기,eHMR9Fgbisc,도파민에 미친놈들 [로스트아크],2026-04-09T11:47:02Z,644.0,False,29802,,13.0
2953,UCawK5EIfr66Z7fjAlZgfB2g,게임하는인기,3XouQyyHbt8,전직업 상위 0.1%가 선택한 직업 각인 비율 이거 실화야? [로스트아크],2026-04-12T11:52:03Z,2539.0,False,58138,,224.0
2953,UCawK5EIfr66Z7fjAlZgfB2g,게임하는인기,3QscSYzXjmg,고대코어 랜덤깡 이거 미쳤다 ㅋㅋㅋ [로스트아크],2026-04-13T13:38:05Z,680.0,False,33216,,18.0
2953,UCawK5EIfr66Z7fjAlZgfB2g,게임하는인기,I4r4pDgpvnk,"역대급 반전 알고보니 ""XXX"" 라고??? [로스트아크]",2026-04-16T08:00:16Z,607.0,False,71600,,322.0
2953,UCawK5EIfr66Z7fjAlZgfB2g,게임하는인기,ekSGrP_LhkE,"""이 직업이 있는한 모든 백어택 딜러들은 박탈감을 느낀다"" [로스트아크]",2026-04-17T12:37:49Z,588.0,False,41097,,94.0
2953,UCawK5EIfr66Z7fjAlZgfB2g,게임하는인기,AokKDc7S6is,대작 신작 RPG 왕좌의게임 :킹스로드 쇼케이스 시청,2026-04-18T00:16:14Z,6254.0,False,7608,,0.0
2953,UCawK5EIfr66Z7fjAlZgfB2g,게임하는인기,tMJZWbZgZ_U,2천만 골드로 가장 구리지만 가장 멋있는 직업 해봤더니 예?? [로스트아크],2026-04-18T08:00:51Z,789.0,False,45042,,97.0
2953,UCawK5EIfr66Z7fjAlZgfB2g,게임하는인기,m8tB3THw9-4,[왕좌의 게임: 킹스로드] 신작 액션 RPG 개꿀잼인데 CBT같이 하실분 (무료),2026-04-18T09:09:54Z,23061.0,False,6376,,0.0
2953,UCawK5EIfr66Z7fjAlZgfB2g,게임하는인기,GGTgVjwN6jE,[왕좌의 게임: 킹스로드] 타격감 좋은 액션 RPG CBT 해보겠습니다 (무료),2026-04-20T08:19:01Z,21750.0,False,6172,,0.0
2953,UCawK5EIfr66Z7fjAlZgfB2g,게임하는인기,lBj7rFX4hDY,밸패로 떡상할 것 같은 직업은?! 아무튼 6고대임 ㅋㅋ[로스트아크],2026-04-20T11:39:37Z,591.0,False,38204,,92.0
2953,UCawK5EIfr66Z7fjAlZgfB2g,게임하는인기,8iwn9gUvUu4,로스트아크 밸런스 패치 리뷰 최대 수혜자는 누구?! [로스트아크],2026-04-22T10:48:04Z,1272.0,False,48571,,133.0
2953,UCawK5EIfr66Z7fjAlZgfB2g,게임하는인기,n0JiZ0SHbXw,진짜로 떡상해버린 만월 소울이터 근데 난이도 실화야? [로스트아크],2026-04-23T12:23:06Z,564.0,False,41117,,77.0
2953,UCawK5EIfr66Z7fjAlZgfB2g,게임하는인기,ebuk1w276B4,40만원치 아이템에 인류애 박살난 이야기 [로스트아크],2026-04-25T10:41:31Z,822.0,False,52733,,411.0
2953,UCawK5EIfr66Z7fjAlZgfB2g,게임하는인기,mUYsRR0eups,영수증 Goat 박고 박고 박는 피면 둘둘 개꿀잼 직업 등장 [로스트아크],2026-04-26T10:41:00Z,688.0,False,30158,,27.0
2953,UCawK5EIfr66Z7fjAlZgfB2g,게임하는인기,3FLXhSNrbyI,공대원 찢는 야성 곰 출현ㅋㅋㅋ [로스트아크],2026-04-30T08:00:03Z,664.0,False,25831,,24.0
2953,UCawK5EIfr66Z7fjAlZgfB2g,게임하는인기,zaeuDkBT-Bs,종놈 딜러와 양반 딜러 [로스트아크],2026-05-02T13:15:17Z,501.0,False,23369,,27.0
2953,UCawK5EIfr66Z7fjAlZgfB2g,게임하는인기,3kwt-a0TgOY,"전직업 유저 인기의 본캐 였던 ""그 직업"" 근황 ㅋㅋㅋ [로스트아크]",2026-05-03T10:49:59Z,755.0,False,43770,,115.0
2953,UCawK5EIfr66Z7fjAlZgfB2g,게임하는인기,wNMSLvp0Oq4,원정대 싹 갈아엎습니다 전투력 6000+ 새로운 직업은?! [로스트아크],2026-05-05T01:01:03Z,740.0,False,47865,,36.0
2953,UCawK5EIfr66Z7fjAlZgfB2g,게임하는인기,cibUyvwxJhA,인끼 미친 스펙 달성 ㅋㅋㅋㅋㅋ [로스트아크],2026-05-09T01:00:39Z,923.0,False,40515,,32.0
2953,UCawK5EIfr66Z7fjAlZgfB2g,게임하는인기,7FGQJeiJQcw,팔찌 사고 쳤습니다 ㄷㄷ [로스트아크],2026-05-10T10:33:03Z,674.0,False,30345,,28.0
2953,UCawK5EIfr66Z7fjAlZgfB2g,게임하는인기,tHAws9Boing,계정 해킹당했습니다 [로스트아크],2026-05-11T08:00:52Z,704.0,False,33691,,68.0
2953,UCawK5EIfr66Z7fjAlZgfB2g,게임하는인기,o_c3ASda6Fo,"고점 끝판왕 ""슈차 절정 창술사"" 직접 해봤더니..예? [로스트아크]",2026-05-12T07:04:32Z,654.0,False,32031,,94.0
2953,UCawK5EIfr66Z7fjAlZgfB2g,게임하는인기,C00hfpSnH74,"아덴압축의 원조 딜뽕 Goat ""그직업"" 이게 얼마만이냐... [로스트아크]",2026-05-14T08:00:22Z,588.0,False,28253,,30.0
2953,UCawK5EIfr66Z7fjAlZgfB2g,게임하는인기,mGY1BA-SJ4s,빨간색을 피해야 하는 게임 (광고X),2026-05-15T08:00:48Z,398.0,False,1619,,14.0
2953,UCawK5EIfr66Z7fjAlZgfB2g,게임하는인기,d_Rg0L7uqpc,이런 직업도 있습니다 살려주세요 [로스트아크],2026-05-16T11:06:14Z,673.0,False,7298,,25.0
2954,UCoWjB8sqkwGDYA6AAeIXvRg,한누렁,-3xFAKNSRKk,아파서 서러운 자취생들 모이세요 밥으로 죽 끓이는법 / 한누렁 Hannureong / 자취요리,2019-10-22T10:04:01Z,106.0,False,14107,241.0,18.0
2954,UCoWjB8sqkwGDYA6AAeIXvRg,한누렁,f4Hd0YASqq0,초간단 스팸요리! 스팸마요덮밥 만드는법 / 한누렁 Hannureong / 자취요리,2019-10-27T12:20:43Z,216.0,False,14390,209.0,23.0
2954,UCoWjB8sqkwGDYA6AAeIXvRg,한누렁,-8BaLPUd2vI,귀찮을 때는 역시 한그릇요리! 전자렌지로 만드는 마약계란밥 / 한누렁 Hannureong / 자취요리,2019-11-01T11:59:17Z,151.0,False,51388,809.0,41.0
2954,UCoWjB8sqkwGDYA6AAeIXvRg,한누렁,zTsM6SGcOEA,하마터면 요리할 뻔 했다! 전자레인지로 만드는 라면 요리 된장라면 레시피 (feat. 락앤락 렌지락) / 한누렁 Hannureong / 간단 자취요리,2019-11-15T10:04:44Z,256.0,False,12503,156.0,39.0
2954,UCoWjB8sqkwGDYA6AAeIXvRg,한누렁,yt4T8MFmkLU,스팸요리! 단짠의 혁명 간장스팸 레시피 / 한누렁 Hannureong / 자취요리,2019-12-19T11:37:21Z,115.0,False,17756,189.0,20.0
2954,UCoWjB8sqkwGDYA6AAeIXvRg,한누렁,TCU1Pj0x4dw,냄비 설거지 귀찮자나... 더 맛있게! 짜파게티 전자렌지로 끓이는 법 / 한누렁 Hannureong / 자취요리,2020-01-05T03:02:11Z,139.0,False,167204,1770.0,143.0
2954,UCoWjB8sqkwGDYA6AAeIXvRg,한누렁,ydtKkMOoxOQ,고대 편의점 꿀조합 발굴! 초간단 간식겸 맥주안주 오지치즈후라이(feat.오감자) / 한누렁 Hannureong / 자취요리,2020-01-26T13:23:51Z,88.0,False,8633,125.0,10.0
2954,UCoWjB8sqkwGDYA6AAeIXvRg,한누렁,pH8WlK-dTd0,해외에서 후기 폭발한 라면 요리! 재료 두개만 챙겨오세요* 타블로라면! 참깨마늘라면? / 한누렁 Hannureong / 자취요리,2020-02-11T12:19:14Z,128.0,False,115131,1080.0,103.0
2954,UCoWjB8sqkwGDYA6AAeIXvRg,한누렁,bzKYgF8bK24,짜파게티로 짜장떡볶이 만들거임!!! 짜파떡볶이 레시피 / 한누렁 Hannureong / 자취요리,2020-04-21T13:02:57Z,187.0,False,35480,465.0,49.0
2954,UCoWjB8sqkwGDYA6AAeIXvRg,한누렁,s2BARF5ce0I,피곤할 때 5분컷! 전자레인로 만드는 황금볶음밥 (feat.번아웃 레시피) / 한누렁 Hannureong / 자취요리,2020-05-22T10:14:25Z,214.0,False,6121,108.0,9.0
2954,UCoWjB8sqkwGDYA6AAeIXvRg,한누렁,D1nS4AmCTrk,라면 요리에 누렁이가 빠지면 섭하니까!!! 컵라면 볶음밥 레시피 / 한누렁 Hannureong / 자취요리,2020-06-06T09:22:29Z,170.0,False,5547,102.0,26.0
2954,UCoWjB8sqkwGDYA6AAeIXvRg,한누렁,5Vh2IVoI7EU,집에서도 호다닥! 돈까스덮밥 레시피 (feat.번아웃 레시피) / 한누렁 Hannureong / 자취요리,2020-06-14T04:22:32Z,170.0,False,4827,71.0,10.0
2954,UCoWjB8sqkwGDYA6AAeIXvRg,한누렁,kbPLtgid13E,재료 세개 끝! 궁금했던 성훈의 짜르보나라 만들기 / 한누렁 Hannureong / 자취요리,2020-06-21T10:47:52Z,86.0,False,12073,135.0,28.0
2954,UCoWjB8sqkwGDYA6AAeIXvRg,한누렁,VFYfAn7RX-k,참깨라면 덕후 필수시청 ※두번 드세요※ 백종원 백파더 참기름달갈라면 / 한누렁 Hannureong / 자취요리,2020-09-01T13:36:38Z,153.0,False,11551,213.0,43.0
2954,UCoWjB8sqkwGDYA6AAeIXvRg,한누렁,DcFYO9BcA3k,전라도분들 도와줘여 ༼ ;´༎ຶ ۝ ༎ຶ༽  설탕국수 만들기 / 한누렁 Hannureong / 자취요리,2020-09-22T10:16:15Z,108.0,False,8864,70.0,32.0
2954,UCoWjB8sqkwGDYA6AAeIXvRg,한누렁,rfIYglmw8kA,진+진=찐🍜 물 올릴 시간~ 진비빔쫄면 만들기 / 한누렁 Hannureong / 자취요리,2020-09-28T10:35:36Z,232.0,False,2948,40.0,13.0
2954,UCoWjB8sqkwGDYA6AAeIXvRg,한누렁,rQxIhoIuudg,10분 컷🔥 귀찮고 재료도 없을 때 생존 자취 요리 원팬 스팸볶음밥 / 한누렁 Hannureong / 자취요리,2020-10-07T10:08:50Z,110.0,False,4901,115.0,24.0
2954,UCoWjB8sqkwGDYA6AAeIXvRg,한누렁,-oHtmiexvKc,ㄹㅇ 강추!!!!하는 불닭볶음면 전용 레시피 크림까르보불닭 리조또 / 한누렁 Hannureong / 자취요리,2020-10-17T08:01:22Z,202.0,False,12087,202.0,31.0
2954,UCoWjB8sqkwGDYA6AAeIXvRg,한누렁,W4WMHQgwSLw,5분 컷 라면 간식! 백파더 마요라면땅 만들기 / 한누렁 Hannureong / 자취요리,2020-10-23T09:59:02Z,130.0,False,3181,52.0,11.0
2954,UCoWjB8sqkwGDYA6AAeIXvRg,한누렁,K8AOD28rzgc,편의점 조합은 끝이 없지! 이달의소녀 고원정식 레시피 / 한누렁 Hannureong / 자취요리,2020-11-01T06:20:06Z,141.0,False,5481,73.0,12.0
2954,UCoWjB8sqkwGDYA6AAeIXvRg,한누렁,0mK5H34zSWs,업그레이드 버젼🔥 스팸볶음밥 레시피 (feat. 굴소스) / 한누렁 Hannureong / 자취요리,2020-11-08T05:12:32Z,159.0,False,4394,91.0,13.0
2954,UCoWjB8sqkwGDYA6AAeIXvRg,한누렁,ObyqHLQiBk8,구독자님 요청! 이제야 만들어 본 크림진짬뽕 레시피 / 한누렁 Hannureong / 자취요리,2020-11-13T10:54:27Z,171.0,False,34232,372.0,16.0
2954,UCoWjB8sqkwGDYA6AAeIXvRg,한누렁,M88K6hC20hc,한달 전에 찍었지만 이제야 올립니다...🥲 SNS 화제의 순두부열라면 레시피 / 한누렁 Hannureong / 자취요리,2020-12-15T10:46:52Z,154.0,False,19913,216.0,39.0
2954,UCoWjB8sqkwGDYA6AAeIXvRg,한누렁,hXW0jtQHj2E,오랜만이에요...☆ 냉장고 털기 딱 ! 굴소스 파스타 만들기 / 한누렁 Hannureong / 자취요리,2021-05-28T09:45:20Z,188.0,False,5767,127.0,25.0
2954,UCoWjB8sqkwGDYA6AAeIXvRg,한누렁,4IdgqAmgr8E,꾸덕파 모여봐요🍝 로제신라면 만들기 / 한누렁 Hannureong / 자취요리,2021-07-17T09:15:33Z,132.0,False,6044,135.0,19.0
2954,UCoWjB8sqkwGDYA6AAeIXvRg,한누렁,0hvS6eZ3uhg,비빔면을 호호 불어 먹는 날이 오다니... 저는 이걸 뜨빔면이라고 부르기로 했어요🤔 비빔면 뜨겁게 먹기 / 한누렁 Hannureong / 자취요리,2021-08-08T10:42:34Z,116.0,False,4813,50.0,15.0
2954,UCoWjB8sqkwGDYA6AAeIXvRg,한누렁,aqJnLXf7cdo,만두+밥=끝🤤 5분컷 지성만두밥 / 한누렁 Hannureong / 자취요리,2021-09-21T12:48:15Z,83.0,False,4489,46.0,12.0
2954,UCoWjB8sqkwGDYA6AAeIXvRg,한누렁,yZuh8wMG_Qw,쿠지라이식 라면 맘에 들었어? 그럼 파 들고 또 와 봐😎 스키야키 라면 / 한누렁 Hannureong / 자취요리,2021-10-03T08:12:17Z,112.0,False,10427,170.0,22.0
2954,UCoWjB8sqkwGDYA6AAeIXvRg,한누렁,CGqngf4JMdA,간장계란밥 질렸으면 30초컷 장스밥 가보자고~ 장동민 스프밥 레시피 / 한누렁 Hannureong / 자취요리,2021-11-02T09:15:00Z,94.0,False,10890,130.0,12.0
2954,UCoWjB8sqkwGDYA6AAeIXvRg,한누렁,KPk5BnGj-bQ,소지섭도 먹고 이나영도 먹고 원빈도 먹는😮 토마토양파스프 만들기 / 한누렁 Hannureong / 자취요리,2021-11-25T10:19:36Z,119.0,False,9877,132.0,4.0
2954,UCoWjB8sqkwGDYA6AAeIXvRg,한누렁,NZOe4J1cSUQ,물 올릴 시간이네요💦 불닭 창조주 레시피🍜 불닭 콘치즈 / 한누렁 Hannureong / 자취요리,2022-01-02T12:31:24Z,134.0,False,7636,151.0,14.0
2954,UCoWjB8sqkwGDYA6AAeIXvRg,한누렁,hjfKXoAZH9A,떡국엔 당연히 두부가 있는건 줄 알았지;; 경상도식 떡국 꾸미(aka고명) 만들기 / 한누렁 Hannureong / 자취요리,2023-01-19T12:18:39Z,168.0,False,1701,33.0,28.0
2954,UCoWjB8sqkwGDYA6AAeIXvRg,한누렁,HJjxCxPYRos,맛없는 식단으로는 다이어트 못하는 그 사람이 바로 나예요... 한국인 최적 식단 미역오트죽 / 한누렁 Hannureong,2023-04-10T09:34:57Z,167.0,False,3152,50.0,2.0
2954,UCoWjB8sqkwGDYA6AAeIXvRg,한누렁,ZkvOt85WvQs,라면+계란+90초=존맛🍜 백종원 90초 볶음라면 만들기,2024-04-03T09:49:00Z,134.0,False,2536,66.0,14.0
2954,UCoWjB8sqkwGDYA6AAeIXvRg,한누렁,Xf3YxbSo5WU,맛없는 다이어트 요리는 싫어🫠 다이어트 정착템! 양배추참치덮밥 레시피 / 한누렁 Hannureong,2024-04-09T13:10:22Z,167.0,False,1194,31.0,4.0
2954,UCoWjB8sqkwGDYA6AAeIXvRg,한누렁,qRE0qM9sxok,해외에서 난리 났다는 신라면 레시피🧐 비빔마요라면 만들기 / 한누렁 Hannureong,2024-04-18T09:30:44Z,111.0,False,2472,65.0,7.0
2954,UCoWjB8sqkwGDYA6AAeIXvRg,한누렁,l2vGiVpIRgA,달디달고 달디달고 달디단 귤 양갱🍊 트위터발 레시피 귤 양갱 만들기 / 한누렁 Hannureong,2024-04-24T10:31:30Z,158.0,False,631,21.0,3.0
2954,UCoWjB8sqkwGDYA6AAeIXvRg,한누렁,zbvksko3Mlw,농심 개발팀피셜 라면 레시피🌟 사리곰탕 파스타,2024-05-04T09:33:38Z,127.0,False,2997,45.0,5.0
2954,UCoWjB8sqkwGDYA6AAeIXvRg,한누렁,UJKsXctyVo0,뭐야 이거 계속 생각나... 단짠 중독성 쩌는 애호박 간장 비빔국수 만들기 / 한누렁 Hannureong,2024-07-03T11:55:38Z,145.0,False,968,41.0,6.0
2954,UCoWjB8sqkwGDYA6AAeIXvRg,한누렁,OGRedjYaAFc,자취생 소울푸드 5분컷 업그레이드🙌 편스토랑 이찬원 간장계란밥 / 한누렁 Hannureong,2024-07-16T09:36:17Z,155.0,False,1416,25.0,4.0
2954,UCoWjB8sqkwGDYA6AAeIXvRg,한누렁,n_HODsv0Whs,해외에서 난리났다는 라면 레시피,2024-07-26T10:16:44Z,46.0,True,716,23.0,2.0
2954,UCoWjB8sqkwGDYA6AAeIXvRg,한누렁,sa-FtsnWOEo,중독성 개쩌는 부담없는 야식,2024-07-26T11:48:48Z,47.0,True,1761,18.0,0.0
2954,UCoWjB8sqkwGDYA6AAeIXvRg,한누렁,DNRlrfrFxUc,구 트위터를 휩쓴 다이어트 식단,2024-07-28T02:00:05Z,47.0,True,591,16.0,0.0
2954,UCoWjB8sqkwGDYA6AAeIXvRg,한누렁,OF_3O1lN6Eo,라면+계란+90초=존맛,2024-07-28T10:00:18Z,39.0,True,773,27.0,7.0
2954,UCoWjB8sqkwGDYA6AAeIXvRg,한누렁,1J-Sq2mch2g,사리곰탕하고 우유 들고 오세요,2024-07-30T09:30:00Z,38.0,True,498,15.0,0.0
2954,UCoWjB8sqkwGDYA6AAeIXvRg,한누렁,lprJh6VUqOo,너무 덥다... 불 없이 라면스프로 한끼 때워요,2024-08-01T09:00:43Z,30.0,True,691,17.0,1.0
2954,UCoWjB8sqkwGDYA6AAeIXvRg,한누렁,VdROJe9XdCk,주기적으로 생각나는 불닭볶음면 레시피,2024-08-07T09:31:53Z,38.0,True,642,18.0,0.0
2954,UCoWjB8sqkwGDYA6AAeIXvRg,한누렁,ckMYVTIHxT4,다이어터도 부담없이 먹을 수 있는 라면 요리! 컵누들 투움바파스타 레시피,2024-08-09T09:15:03Z,165.0,False,1957,44.0,10.0
2954,UCoWjB8sqkwGDYA6AAeIXvRg,한누렁,59Uugfe-TwA,쿠지라이식 라면 다음은 이거,2024-08-12T09:10:00Z,38.0,True,1041,18.0,0.0
2954,UCoWjB8sqkwGDYA6AAeIXvRg,한누렁,zJXmmbYzWKs,기억나니 해투 야간매점 레전드 메뉴🥹 만두만 들고오세요,2024-08-26T09:10:01Z,27.0,True,1584,9.0,1.0
2955,UCiXXS21cOurhwOwcxWsCAfw,인주택,uWfn7N1qwUA,미성년자와 성인의 연애 (feat. 제 나이 애들은 너무 어려요),2019-10-19T12:00:48Z,486.0,False,75334,1500.0,265.0
2955,UCiXXS21cOurhwOwcxWsCAfw,인주택,6fLOJ4qU154,[고민상담] 어쩌다 보니 아는 후배랑 잤어요... - 인주택,2019-11-07T09:00:00Z,248.0,False,8682,221.0,16.0
2955,UCiXXS21cOurhwOwcxWsCAfw,인주택,-y0_AazdqHY,[고민상담] 제가 동성애자인데... - 인주택,2019-11-30T03:00:00Z,1173.0,False,9294,262.0,22.0
2955,UCiXXS21cOurhwOwcxWsCAfw,인주택,biv47Tesfjs,[17금] 전남친의 애를 임신한거 같다고?! 그런데..? - 인주택,2019-12-03T10:30:01Z,519.0,False,12849,192.0,40.0
2955,UCiXXS21cOurhwOwcxWsCAfw,인주택,KbzOxGq-Jz8,전부 큰그림?! 박경 음원사재기 저격의 이유 - 인주택,2019-12-08T04:48:21Z,314.0,False,4558,134.0,22.0
2955,UCiXXS21cOurhwOwcxWsCAfw,인주택,DIZWmt3ck1U,이번엔 심사위원식 얼평?!?! [슈퍼얼짱T],2019-12-15T12:24:29Z,862.0,False,13439,272.0,27.0
2955,UCiXXS21cOurhwOwcxWsCAfw,인주택,AnfSJGH4L9Y,인주택 자취방 공개!! 랜선 집들이♥,2019-12-18T11:07:42Z,689.0,False,20137,610.0,73.0
2955,UCiXXS21cOurhwOwcxWsCAfw,인주택,EGlTclPJxsM,친구랑 영화보러가는길! [백두산-솔직 간단 리뷰],2019-12-19T13:19:46Z,433.0,False,4784,166.0,41.0
2955,UCiXXS21cOurhwOwcxWsCAfw,인주택,Y_JHFJRpIn0,얼평 오디션♥얼짱을 찾아라 [슈퍼얼짱T],2019-12-21T08:26:21Z,870.0,False,20813,296.0,40.0
2955,UCiXXS21cOurhwOwcxWsCAfw,인주택,YM_vYkJRxg4,제가 15살인데 21살이랑 사귀는데요... [무삭제 풀영상],2020-01-03T08:38:46Z,562.0,False,48134,829.0,288.0
2955,UCiXXS21cOurhwOwcxWsCAfw,인주택,PS5rIkcT8zU,초딩 얼짱을 찾아라!! 2019년 초딩얼짱 월드컵♥,2020-01-05T03:00:00Z,1616.0,False,420965,,
2955,UCiXXS21cOurhwOwcxWsCAfw,인주택,uir3A5eX63A,[일반인 노래탐구] 흔들리는 꽃들 속에서 네 샴푸향이 느껴진거야cover (+어디에도),2020-01-09T12:37:15Z,291.0,False,11749,358.0,69.0
2955,UCiXXS21cOurhwOwcxWsCAfw,인주택,HL-JYl_C2hQ,6개월 만난 파트너가 있어요...,2020-01-14T10:09:01Z,612.0,False,15817,333.0,47.0
2955,UCiXXS21cOurhwOwcxWsCAfw,인주택,p10MNOtKdxA,헤어질건데 좀 도와주실래요..? [6개월 파트너 2편],2020-01-16T13:22:01Z,680.0,False,12463,253.0,26.0
2955,UCiXXS21cOurhwOwcxWsCAfw,인주택,JfsUgRWqMJ8,친구 전남친과 사귀는거 에바일까? 아닐까? -에바토론-,2020-01-19T08:14:07Z,748.0,False,39829,326.0,73.0
2955,UCiXXS21cOurhwOwcxWsCAfw,인주택,vk3YsJAejZA,"남친 자취방에 놀러가는데 카톡으로 ""올때 콘돔사와"" -에바토론-",2020-01-23T09:30:45Z,614.0,False,13768,158.0,34.0
2955,UCiXXS21cOurhwOwcxWsCAfw,인주택,9moDKi2kNG4,좋은여자는 어떤 여자에요?? - 인주택,2020-01-27T10:26:26Z,162.0,False,10793,263.0,32.0
2955,UCiXXS21cOurhwOwcxWsCAfw,인주택,XutY-UxO9WQ,반전사진대회♥ - 인주택,2020-02-20T09:28:25Z,638.0,False,121266,1552.0,102.0
2955,UCiXXS21cOurhwOwcxWsCAfw,인주택,2prHFLY8eP4,셀카 백일장♥ - 인주택,2020-02-26T10:06:45Z,612.0,False,7849,240.0,43.0
2955,UCiXXS21cOurhwOwcxWsCAfw,인주택,YdWk17odAkM,소개 받을래? 치킨 먹을래? [랜선소개팅♥럽미픽미],2020-02-29T09:00:08Z,1402.0,False,11492,243.0,40.0
2955,UCiXXS21cOurhwOwcxWsCAfw,인주택,mkDtsi7aJ8c,중2병 경시대회♥ - 인주택,2020-03-09T01:16:52Z,703.0,False,50475,804.0,94.0
2955,UCiXXS21cOurhwOwcxWsCAfw,인주택,fhzBLE5ZBT4,렌트카 훔쳐 사망사고?! 10대 무면허 뺑소니 사건 [총 정리],2020-04-02T05:13:56Z,267.0,False,134861,3138.0,696.0
2955,UCiXXS21cOurhwOwcxWsCAfw,인주택,dZowNL-zYZA,2020 중고딩 얼짱월드컵♥ - 인주택,2020-04-04T07:51:42Z,826.0,False,146835,1643.0,259.0
2955,UCiXXS21cOurhwOwcxWsCAfw,인주택,meI7sLBm7H4,너의 얼굴이 보여♥ - 인주택,2020-04-08T12:20:41Z,780.0,False,18412,342.0,78.0
2955,UCiXXS21cOurhwOwcxWsCAfw,인주택,QOD275zV-Ps,중고딩 화장빨 경시대회,2020-07-17T09:00:07Z,710.0,False,38321,532.0,75.0
2955,UCiXXS21cOurhwOwcxWsCAfw,인주택,hSuOEtdX37U,인주택님의 실시간 스트림,2020-08-05T14:29:23Z,,False,0,0.0,0.0
2955,UCiXXS21cOurhwOwcxWsCAfw,인주택,Bv-7SJZH5uM,이건 이사온 영상이다.,2021-01-09T11:30:00Z,163.0,False,10163,244.0,57.0
2955,UCiXXS21cOurhwOwcxWsCAfw,인주택,EiSk1eEGLfk,[B급영상] 여자가 남친과 헤어진 이유는? (17금),2021-01-11T14:56:54Z,176.0,False,5338,104.0,21.0
2955,UCiXXS21cOurhwOwcxWsCAfw,인주택,tAtdutAqkHw,[B급영상] 초딩에게 삥 뜯기는 상황극,2021-01-11T15:12:51Z,242.0,False,3437,108.0,19.0
2955,UCiXXS21cOurhwOwcxWsCAfw,인주택,didUbFLf06c,신촌을 못가 ? 누워서도 불러,2021-01-19T13:21:50Z,177.0,False,8725,207.0,16.0
2955,UCiXXS21cOurhwOwcxWsCAfw,인주택,RSSRoMa8BNA,좋아하는일을 직업으로 삼고싶어요 [고민상담],2021-01-20T12:26:47Z,320.0,False,4232,116.0,16.0
2955,UCiXXS21cOurhwOwcxWsCAfw,인주택,MN3XXJ5ajsI,이런 친구는 어떻게 해야할까요?,2021-01-29T13:09:51Z,138.0,False,10185,149.0,39.0
2955,UCiXXS21cOurhwOwcxWsCAfw,인주택,nd1YhVZIu94,이건 근황 영상이다.,2021-07-10T13:02:21Z,109.0,False,10417,230.0,34.0
2955,UCiXXS21cOurhwOwcxWsCAfw,인주택,DMHeP6cgNSs,이건 꿀젤리 영상이다.,2021-07-19T11:19:10Z,176.0,False,10826,239.0,34.0
2955,UCiXXS21cOurhwOwcxWsCAfw,인주택,xBpgFKs8clo,민초와 치약의 차이,2021-07-28T17:16:05Z,6.0,True,5260,115.0,21.0
2955,UCiXXS21cOurhwOwcxWsCAfw,인주택,THSWvyQaOjs,헤어진 연인에 대한 미련 - 인주택,2021-07-30T10:48:42Z,213.0,False,4205,132.0,16.0
2955,UCiXXS21cOurhwOwcxWsCAfw,인주택,wZnCd5gdAPo,모두가 공감하는 나이 먹었다고 느끼는 순간,2021-08-02T10:17:46Z,60.0,True,4171,138.0,13.0
2955,UCiXXS21cOurhwOwcxWsCAfw,인주택,lELMWMQF_-g,방송중에 갑작스런 잼민이의 롤린,2021-08-03T11:42:44Z,393.0,False,5330,161.0,299.0
2955,UCiXXS21cOurhwOwcxWsCAfw,인주택,xLXxaXOur3U,애인이 폰 검사 하는거 에바다vs아니다 [유사 풀영상],2021-08-06T15:00:36Z,840.0,False,3212,73.0,20.0
2955,UCiXXS21cOurhwOwcxWsCAfw,인주택,41xHdw1U6lA,자기 스타일 아니라고 선물 교환하는 애인?!? [에바토론],2021-08-12T12:00:01Z,965.0,False,2055,59.0,10.0
2955,UCiXXS21cOurhwOwcxWsCAfw,인주택,bynhs4Q3Wjg,처음 온 시청자가 누구세요? 한다면..,2021-08-20T12:50:05Z,50.0,True,5746,166.0,16.0
2955,UCiXXS21cOurhwOwcxWsCAfw,인주택,vjjV9qXq2_c,6수생이 될 우리언니에게.. [카톡 대나무숲],2021-09-04T10:44:54Z,158.0,False,7445,92.0,23.0
2955,UCiXXS21cOurhwOwcxWsCAfw,인주택,S6yIJrFfOc8,민초 좋아하시나요?,2022-01-06T10:24:49Z,61.0,False,4107,120.0,11.0
2955,UCiXXS21cOurhwOwcxWsCAfw,인주택,d2qWdq3OIG8,버즈나 에어팟이랑 통화할때,2022-01-27T14:01:21Z,58.0,True,5921,153.0,7.0
2955,UCiXXS21cOurhwOwcxWsCAfw,인주택,GKsoGOmkDqg,날 차단했던 전남친이 내 인스타를 다시 팔로우...?,2022-02-24T10:44:02Z,114.0,False,35335,260.0,39.0
2955,UCiXXS21cOurhwOwcxWsCAfw,인주택,TiFs0cwBAfg,우영우 인사하는 인주택 #shorts,2022-08-19T13:10:33Z,12.0,True,12449,122.0,21.0
2955,UCiXXS21cOurhwOwcxWsCAfw,인주택,TcoSfZrdnW0,안녕하세요. 인주택입니다.,2024-06-14T22:59:52Z,273.0,False,8471,196.0,77.0
2955,UCiXXS21cOurhwOwcxWsCAfw,인주택,fogWcsyz07M,ISFP 여자의 이별사유?,2024-06-26T09:41:14Z,155.0,False,5258,64.0,26.0
2955,UCiXXS21cOurhwOwcxWsCAfw,인주택,AjA2Ag54TRg,그걸 좋아하는 여자는 1명도 없어!! (feat. isfp의 이별사유),2024-06-28T04:08:54Z,60.0,True,5979,61.0,5.0
2955,UCiXXS21cOurhwOwcxWsCAfw,인주택,OwIJ2W36Yt8,첫사랑이랑 이별했는데 너무 힘들어요..,2024-11-01T07:25:55Z,80.0,False,1975,36.0,13.0
2956,UC7pShIkHd4njQYglmYr5dCQ,영화좋아 (MOVIE LIKE),1VKrNhnv-wk,절대고수 주님을 영접한 태석       #shorts,2026-03-26T04:49:34Z,57.0,True,1229,,0.0
2956,UC7pShIkHd4njQYglmYr5dCQ,영화좋아 (MOVIE LIKE),iqU1pnyB9fo,허목수를 찾아간 주님      #shorts,2026-03-26T16:02:52Z,50.0,True,1627,,0.0
2956,UC7pShIkHd4njQYglmYr5dCQ,영화좋아 (MOVIE LIKE),8uzQ8WObc1c,태석의 아다리 왕딱밤       #shorts,2026-03-26T18:17:26Z,58.0,True,3156,,0.0
2956,UC7pShIkHd4njQYglmYr5dCQ,영화좋아 (MOVIE LIKE),xriHXOFdrrw,완전체로 진화한 태석      #shorts,2026-03-26T19:34:51Z,57.0,True,2159,,0.0
2956,UC7pShIkHd4njQYglmYr5dCQ,영화좋아 (MOVIE LIKE),l0GOLR6L3Zc,적진으로 뛰어든 꽁수       #shorts,2026-03-26T22:16:46Z,58.0,True,2373,,0.0
2956,UC7pShIkHd4njQYglmYr5dCQ,영화좋아 (MOVIE LIKE),_LKHdrW7yd4,꽁수의 낚시와 주님의 능욕       #shorts,2026-03-27T12:18:29Z,58.0,True,2339,,0.0
2956,UC7pShIkHd4njQYglmYr5dCQ,영화좋아 (MOVIE LIKE),eKVlSI2yMWA,태석 선수를 짓누르다!       #shorts,2026-03-27T13:10:07Z,59.0,True,2015,,0.0
2956,UC7pShIkHd4njQYglmYr5dCQ,영화좋아 (MOVIE LIKE),XdkdMEV7CXQ,왕사범은 샛바닥이 너무 길어       #shorts,2026-03-27T18:06:38Z,59.0,True,5597,,0.0
2956,UC7pShIkHd4njQYglmYr5dCQ,영화좋아 (MOVIE LIKE),vd1vc2-0ZPQ,목숨을 건 주님의 맹기      #shorts,2026-03-28T01:13:25Z,59.0,True,1815,,0.0
2956,UC7pShIkHd4njQYglmYr5dCQ,영화좋아 (MOVIE LIKE),ArNGy9UpuBo,인류 탄생이래 가장 미스테리한 영웅       #shorts,2026-03-29T10:45:00Z,57.0,True,2178,,0.0
2956,UC7pShIkHd4njQYglmYr5dCQ,영화좋아 (MOVIE LIKE),SBxWmv8EWuM,시작된 신의 계시와 마을의 몰락  #shorts,2026-03-29T11:00:26Z,58.0,True,1658,,0.0
2956,UC7pShIkHd4njQYglmYr5dCQ,영화좋아 (MOVIE LIKE),O_3MV9mQqEg,위기에 빠진 프랑스를 구하라     #shorts,2026-03-30T01:57:38Z,59.0,True,1460,,5.0
2956,UC7pShIkHd4njQYglmYr5dCQ,영화좋아 (MOVIE LIKE),UieeuGoRqmY,신의 계시를 설파하는 잔다르크    #shorts,2026-03-30T08:15:01Z,58.0,True,1899,,0.0
2956,UC7pShIkHd4njQYglmYr5dCQ,영화좋아 (MOVIE LIKE),O_EDv2pB1KE,끝내 폭발해버린 잔다르크   #shorts,2026-03-30T08:30:08Z,54.0,True,1552,,0.0
2956,UC7pShIkHd4njQYglmYr5dCQ,영화좋아 (MOVIE LIKE),VdpslWFLDwk,난공불락을 공략해버린 잔 다르크     #잔다르크 #shorts,2026-03-31T09:15:01Z,59.0,True,1425,,0.0
2956,UC7pShIkHd4njQYglmYr5dCQ,영화좋아 (MOVIE LIKE),_7N95hDKkIM,진노한 신의 목소리      #잔다르크 #shorts,2026-03-31T09:30:25Z,44.0,True,1635,,0.0
2956,UC7pShIkHd4njQYglmYr5dCQ,영화좋아 (MOVIE LIKE),kwrLlWJ5XGg,샤를7세 배신의 서막      #잔다르크 #shorts,2026-03-31T09:45:02Z,59.0,True,2193,,0.0
2956,UC7pShIkHd4njQYglmYr5dCQ,영화좋아 (MOVIE LIKE),T6Z7wIXySMg,잔다르크를 찾아온 의문의 남자     #잔다르크 #shorts,2026-03-31T17:39:50Z,58.0,True,1847,,0.0
2956,UC7pShIkHd4njQYglmYr5dCQ,영화좋아 (MOVIE LIKE),jiSJFKi8oz0,마녀재판에도 신념이 확고한 성녀     #잔다르크 #shorts,2026-03-31T17:43:45Z,58.0,True,1528,,0.0
2956,UC7pShIkHd4njQYglmYr5dCQ,영화좋아 (MOVIE LIKE),GUYgUmWK6JE,백제 멸망의 서막     #황산벌 #shorts,2026-04-03T09:30:07Z,58.0,True,2409,,0.0
2956,UC7pShIkHd4njQYglmYr5dCQ,영화좋아 (MOVIE LIKE),HHLRAuwG2Hc,급파된 두 첩자 하나     #황산벌 #shorts,2026-04-03T09:30:17Z,57.0,True,2081,,0.0
2956,UC7pShIkHd4njQYglmYr5dCQ,영화좋아 (MOVIE LIKE),jnF8O7lN7bE,급파된 두 첩자 두울     #황산벌 #shorts,2026-04-03T09:30:23Z,55.0,True,1898,,0.0
2956,UC7pShIkHd4njQYglmYr5dCQ,영화좋아 (MOVIE LIKE),a1eGjKHZGfs,꼬장부리는 소정방     #황산벌,2026-04-04T08:15:00Z,58.0,True,2205,,0.0
2956,UC7pShIkHd4njQYglmYr5dCQ,영화좋아 (MOVIE LIKE),W0meWD0HOY0,살배달 하는 김유신     #황산벌,2026-04-04T08:15:02Z,59.0,True,1970,,0.0
2956,UC7pShIkHd4njQYglmYr5dCQ,영화좋아 (MOVIE LIKE),usH51hUvWvM,백제 최강전사 계백     #황산벌,2026-04-04T09:01:08Z,59.0,True,1701,7.0,0.0
2956,UC7pShIkHd4njQYglmYr5dCQ,영화좋아 (MOVIE LIKE),uiebEOo5IEs,도깨비가 된 계백     #황산벌,2026-04-04T09:15:03Z,58.0,True,2615,19.0,4.0
2956,UC7pShIkHd4njQYglmYr5dCQ,영화좋아 (MOVIE LIKE),6NXLwTultRQ,오천 결사대!     #황산벌,2026-04-05T08:15:00Z,59.0,True,3440,13.0,0.0
2956,UC7pShIkHd4njQYglmYr5dCQ,영화좋아 (MOVIE LIKE),M-8yIXaRFHw,머시기 할때까졍 거시기헌다!     #황산벌,2026-04-07T09:00:25Z,59.0,True,1613,,0.0
2956,UC7pShIkHd4njQYglmYr5dCQ,영화좋아 (MOVIE LIKE),vRgevsR3VfM,해독마저 불가한 머시기    #황산벌,2026-04-07T09:15:05Z,57.0,True,2548,,3.0
2956,UC7pShIkHd4njQYglmYr5dCQ,영화좋아 (MOVIE LIKE),sUcfVfwwFQY,백제 신라의 정규시즌 개막!     #황산벌,2026-04-07T09:30:29Z,59.0,True,2144,,0.0
2956,UC7pShIkHd4njQYglmYr5dCQ,영화좋아 (MOVIE LIKE),ms-bCgypAnY,파상공세로 반격하는 신라   #황산벌,2026-04-08T09:30:34Z,58.0,True,2418,,1.0
2956,UC7pShIkHd4njQYglmYr5dCQ,영화좋아 (MOVIE LIKE),gCCrtWe7Nic,자막불가 보성벌교   #황산벌 #보성 #벌교,2026-04-08T23:14:33Z,59.0,True,394,,0.0
2956,UC7pShIkHd4njQYglmYr5dCQ,영화좋아 (MOVIE LIKE),kRg4j2Y9p7o,짝눈이 vs 짝눈이     #황산벌,2026-04-09T08:21:37Z,59.0,True,3367,,1.0
2956,UC7pShIkHd4njQYglmYr5dCQ,영화좋아 (MOVIE LIKE),TFtYha43aDQ,인간장기 하나     #황산벌,2026-04-10T09:53:45Z,59.0,True,3812,,1.0
2956,UC7pShIkHd4njQYglmYr5dCQ,영화좋아 (MOVIE LIKE),Vw9Tbf51ZW8,인간장기 두울     #황산벌,2026-04-10T09:56:48Z,59.0,True,3662,,0.0
2956,UC7pShIkHd4njQYglmYr5dCQ,영화좋아 (MOVIE LIKE),O5-5NSWR_Qc,평양성 제 1부 진격의 평양성 (부제 역사의 평행지구),2026-04-18T04:20:03Z,822.0,False,2576,25.0,11.0
2956,UC7pShIkHd4njQYglmYr5dCQ,영화좋아 (MOVIE LIKE),SQhUxiNHnkk,평양성 제 2부 배반의 시간,2026-04-19T08:30:20Z,706.0,False,1501,26.0,12.0
2956,UC7pShIkHd4njQYglmYr5dCQ,영화좋아 (MOVIE LIKE),uIskR3Ziqq8,나당 연합군 고구려에 선포하다  #영화 #평양성,2026-04-20T11:20:38Z,59.0,True,1868,,0.0
2956,UC7pShIkHd4njQYglmYr5dCQ,영화좋아 (MOVIE LIKE),MuOOP-Y9A6Q,거시기의 재입대 연개소문의 죽음   #영화 #평양성,2026-04-21T01:17:11Z,52.0,True,1429,,0.0
2956,UC7pShIkHd4njQYglmYr5dCQ,영화좋아 (MOVIE LIKE),X8EaJ1BGz5g,벡제는 고구려하고 형제   #영화 #평양성,2026-04-21T09:30:19Z,59.0,True,18030,58.0,0.0
2956,UC7pShIkHd4njQYglmYr5dCQ,영화좋아 (MOVIE LIKE),LW3hh7_mCtA,영화와 역사의 평행지구  #영화 #황산벌 #평양성,2026-04-21T09:30:20Z,31.0,True,2146,7.0,0.0
2956,UC7pShIkHd4njQYglmYr5dCQ,영화좋아 (MOVIE LIKE),RILOgWs5s9A,갑순이한테 사망당한 병사 모음집 열곡  #영화 #평양성,2026-04-21T09:30:24Z,53.0,True,2751,15.0,0.0
2956,UC7pShIkHd4njQYglmYr5dCQ,영화좋아 (MOVIE LIKE),_q-upPSVTlA,단막극 오셨능교오   #영화 #평양성 #김유신,2026-04-21T10:03:40Z,60.0,True,6668,28.0,0.0
2956,UC7pShIkHd4njQYglmYr5dCQ,영화좋아 (MOVIE LIKE),vYmVbHSmaLY,협상과 투쟁사이 #영화 #평양성,2026-04-22T09:01:19Z,59.0,True,2283,17.0,0.0
2956,UC7pShIkHd4njQYglmYr5dCQ,영화좋아 (MOVIE LIKE),OYw-kvuA1ig,거시기의 생존전략 #영화 #평양성,2026-04-22T09:15:02Z,59.0,True,6755,20.0,0.0
2956,UC7pShIkHd4njQYglmYr5dCQ,영화좋아 (MOVIE LIKE),zkbx6WRnhXc,하늘에서 똑 떨어진 쌀가마니 #영화  #평양성,2026-04-22T09:15:09Z,59.0,True,2089,14.0,0.0
2956,UC7pShIkHd4njQYglmYr5dCQ,영화좋아 (MOVIE LIKE),TPMnvIA6kaY,별똥별이 된 남생    #영화 #평양성,2026-04-23T09:15:06Z,59.0,True,1221,5.0,0.0
2956,UC7pShIkHd4njQYglmYr5dCQ,영화좋아 (MOVIE LIKE),GpUIw53cLGc,퇴각하는 당나라?   #영화 #평양성,2026-04-23T09:30:08Z,56.0,True,6265,23.0,0.0
2956,UC7pShIkHd4njQYglmYr5dCQ,영화좋아 (MOVIE LIKE),ZWoxcQjLbfM,최후의 혈투   #영화 #인정사정 볼 것 없다,2026-04-28T09:15:03Z,41.0,True,1243,5.0,0.0
2956,UC7pShIkHd4njQYglmYr5dCQ,영화좋아 (MOVIE LIKE),rY_wT82V9Vk,도심의 현상수배범  #영화 #안성기 #인정사정 볼 것 없다,2026-04-28T23:01:04Z,57.0,True,1720,6.0,0.0
2957,UCWWbq-bWMCC3eCaGjdyU10w,김만덕의 극한야생,f6rrtwQRTgA,창 때문에 떡상한 몹 ㄷㄷ,2025-10-27T08:16:30Z,23.0,True,866657,9480.0,104.0
2957,UCWWbq-bWMCC3eCaGjdyU10w,김만덕의 극한야생,Vgaj5zgWXZM,창으로 내려찍기 하는법 ㄷㄷ,2025-10-28T08:12:14Z,21.0,True,454557,3815.0,78.0
2957,UCWWbq-bWMCC3eCaGjdyU10w,김만덕의 극한야생,FMA5vrtFtcQ,절대 죽지 않는 신규몹 ㄷㄷ,2025-10-30T08:16:03Z,25.0,True,447941,3940.0,92.0
2957,UCWWbq-bWMCC3eCaGjdyU10w,김만덕의 극한야생,wwn3L9I-0Nw,개발자가 삭제한 이동수단 ㄷㄷ,2025-10-31T08:13:59Z,25.0,True,430394,5361.0,52.0
2957,UCWWbq-bWMCC3eCaGjdyU10w,김만덕의 극한야생,sas4SglVf0s,10년 넘게 유저를 속인 아이템 ㄷㄷ,2025-11-03T08:16:45Z,21.0,True,505309,6046.0,66.0
2957,UCWWbq-bWMCC3eCaGjdyU10w,김만덕의 극한야생,M-5rQjz1LcM,신규몹 때문에 떡상한 주민 ㄷㄷ,2025-11-04T08:09:05Z,21.0,True,118450,1242.0,23.0
2957,UCWWbq-bWMCC3eCaGjdyU10w,김만덕의 극한야생,DsN7QoXlAvI,창으로 발전과제 날먹하는 법,2025-11-05T08:32:07Z,28.0,True,137640,1688.0,32.0
2957,UCWWbq-bWMCC3eCaGjdyU10w,김만덕의 극한야생,HTnDFY-GUWI,압력판의 숨겨진 비밀 ㄷㄷ,2025-11-06T08:12:48Z,22.0,True,663677,6891.0,113.0
2957,UCWWbq-bWMCC3eCaGjdyU10w,김만덕의 극한야생,kKEWbEfNBa4,마크유저가 가장 많이 다운한 모드,2025-11-08T01:36:31Z,23.0,True,617624,5995.0,63.0
2957,UCWWbq-bWMCC3eCaGjdyU10w,김만덕의 극한야생,wGUTsSlst_U,지도의 숨겨진 기능 ㄷㄷ,2025-11-10T08:22:49Z,21.0,True,486676,5208.0,66.0
2957,UCWWbq-bWMCC3eCaGjdyU10w,김만덕의 극한야생,j4ZJd4fdfVQ,마크에서 가장 소름 돋는 아이템,2025-11-12T08:12:47Z,23.0,True,655174,7985.0,114.0
2957,UCWWbq-bWMCC3eCaGjdyU10w,김만덕의 극한야생,v_ccaNLlFDw,마크에서 유저 때문에 삭제된 몹,2025-11-14T08:22:06Z,20.0,True,1969405,25082.0,153.0
2957,UCWWbq-bWMCC3eCaGjdyU10w,김만덕의 극한야생,xbEdr6Lgd3g,마크에서 개발자가 합법화한 버그,2025-11-17T08:13:56Z,25.0,True,774364,8594.0,151.0
2957,UCWWbq-bWMCC3eCaGjdyU10w,김만덕의 극한야생,Ql8iXghAq3k,황금사과의 숨겨진 비밀 ㄷㄷ,2025-11-19T08:22:27Z,26.0,True,1031530,11871.0,41.0
2957,UCWWbq-bWMCC3eCaGjdyU10w,김만덕의 극한야생,HALmICiNqR8,마크에서 유저 때문에 삭제된 몹2,2025-11-21T08:21:33Z,22.0,True,192209,2225.0,36.0
2957,UCWWbq-bWMCC3eCaGjdyU10w,김만덕의 극한야생,n4IVwQBj9Vs,달리기의 숨겨진 비밀 ㄷㄷ,2025-11-24T08:22:20Z,25.0,True,1982590,22509.0,519.0
2957,UCWWbq-bWMCC3eCaGjdyU10w,김만덕의 극한야생,68jvH1QTGH8,마크에서 모장에게 버림받은 아이템,2025-11-26T08:18:15Z,24.0,True,1129177,14468.0,386.0
2957,UCWWbq-bWMCC3eCaGjdyU10w,김만덕의 극한야생,g7rae0f8Sug,마크에서 개발도중 삭제된 효과,2025-11-28T08:19:26Z,41.0,True,38897,913.0,37.0
2957,UCWWbq-bWMCC3eCaGjdyU10w,김만덕의 극한야생,h8GC98KyRvA,블록의 숨겨진 비밀 ㄷㄷ,2025-12-01T08:21:20Z,24.0,True,1317216,15612.0,170.0
2957,UCWWbq-bWMCC3eCaGjdyU10w,김만덕의 극한야생,Gb3UCK1mc6Q,늑대의 숨겨진 비밀 ㄷㄷ,2025-12-03T08:37:23Z,24.0,True,481166,6811.0,73.0
2957,UCWWbq-bWMCC3eCaGjdyU10w,김만덕의 극한야생,Uithdy8huJI,마크에서 가장 소름돋는 몹,2025-12-05T08:25:03Z,22.0,True,468330,4484.0,66.0
2957,UCWWbq-bWMCC3eCaGjdyU10w,김만덕의 극한야생,UDAQBMuJSuU,나뭇잎의 숨겨진 기능 ㄷㄷ,2025-12-08T08:19:15Z,30.0,True,2413212,28405.0,67.0
2957,UCWWbq-bWMCC3eCaGjdyU10w,김만덕의 극한야생,XgCDhUEobas,"야생에서 ""종결급"" 텔레포트 장치 만들기",2025-12-14T03:09:45Z,1315.0,False,387272,6307.0,495.0
2957,UCWWbq-bWMCC3eCaGjdyU10w,김만덕의 극한야생,gNHZc_qBF9g,고양이의 숨겨진 기능 ㄷㄷ,2025-12-22T08:26:07Z,31.0,True,175072,2082.0,30.0
2957,UCWWbq-bWMCC3eCaGjdyU10w,김만덕의 극한야생,vmX9mVRla5g,창으로 대포 만드는 법 ㄷㄷ,2025-12-26T08:05:45Z,28.0,True,295904,2061.0,29.0
2957,UCWWbq-bWMCC3eCaGjdyU10w,김만덕의 극한야생,91no4HIczjA,모르면 당하는 엔드수정 함정 ㄷㄷ,2025-12-30T08:16:23Z,30.0,True,1664701,14359.0,105.0
2957,UCWWbq-bWMCC3eCaGjdyU10w,김만덕의 극한야생,LQENl9wUdTA,마크에서 가장 불편한 건축물,2026-01-02T08:17:47Z,19.0,True,363649,3336.0,44.0
2957,UCWWbq-bWMCC3eCaGjdyU10w,김만덕의 극한야생,LeUxr9skk3g,아무도 몰랐던 파괴수 비밀,2026-01-05T08:56:56Z,27.0,True,844445,9465.0,68.0
2957,UCWWbq-bWMCC3eCaGjdyU10w,김만덕의 극한야생,BTouhyG-rPk,아무도 몰랐던 크리킹 기능,2026-01-07T08:29:00Z,25.0,True,1185016,12738.0,71.0
2957,UCWWbq-bWMCC3eCaGjdyU10w,김만덕의 극한야생,DlcKpZ6V5EI,마크 호불호 갈리는 몹,2026-01-08T09:09:24Z,20.0,True,2030121,30564.0,1127.0
2957,UCWWbq-bWMCC3eCaGjdyU10w,김만덕의 극한야생,2W5W3vYp0mQ,아무도 몰랐던 행복한 가스트 비밀,2026-01-19T08:47:07Z,30.0,True,667221,5995.0,75.0
2957,UCWWbq-bWMCC3eCaGjdyU10w,김만덕의 극한야생,7vohq6pr2Ic,마크 못생겨서 논란인 몹,2026-01-21T08:42:41Z,23.0,True,293543,3206.0,79.0
2957,UCWWbq-bWMCC3eCaGjdyU10w,김만덕의 극한야생,VecoWYb9j9w,민들레의 숨겨진 기능 ㄷㄷ,2026-01-28T08:43:07Z,23.0,True,398448,4097.0,178.0
2957,UCWWbq-bWMCC3eCaGjdyU10w,김만덕의 극한야생,pANFDKPFdmQ,야생에서 창 대미지 무한으로 만들기,2026-01-31T08:12:31Z,1059.0,False,542527,4493.0,271.0
2957,UCWWbq-bWMCC3eCaGjdyU10w,김만덕의 극한야생,YZ1eOvKghW0,역사 속으로 사라진 치킨조키,2026-02-12T05:59:00Z,25.0,True,896450,9607.0,129.0
2957,UCWWbq-bWMCC3eCaGjdyU10w,김만덕의 극한야생,NT55eJ352gM,평면만 존재하는 야생에서 살아남기,2026-02-15T03:34:58Z,773.0,False,282934,2982.0,215.0
2957,UCWWbq-bWMCC3eCaGjdyU10w,김만덕의 극한야생,CtQ1YawZG8U,공포 장난감 공장에서 살아남기  - 파피 플레이타임5,2026-02-21T00:58:37Z,7938.0,False,38225,417.0,89.0
2957,UCWWbq-bWMCC3eCaGjdyU10w,김만덕의 극한야생,kqutTASy6PE,야생에서 가장 희귀한 앵무조개 모으기,2026-03-01T08:58:31Z,1447.0,False,343963,4297.0,445.0
2957,UCWWbq-bWMCC3eCaGjdyU10w,김만덕의 극한야생,trPlh14Kfy0,아이템을 먹는 노란색 슬라임,2026-03-20T05:58:55Z,22.0,True,653302,9346.0,209.0
2957,UCWWbq-bWMCC3eCaGjdyU10w,김만덕의 극한야생,qTsI25tKkQY,절대로 죽지 않는 신규몹,2026-03-22T03:02:31Z,27.0,True,136094,2016.0,66.0
2957,UCWWbq-bWMCC3eCaGjdyU10w,김만덕의 극한야생,PtWSMxFZgec,제일 쓸모없는 기능,2026-03-24T08:03:11Z,18.0,True,399242,3970.0,52.0
2957,UCWWbq-bWMCC3eCaGjdyU10w,김만덕의 극한야생,-teSWObBg7U,피라미드의 숨겨진 비밀 ㄷㄷ,2026-03-30T08:03:48Z,22.0,True,921390,9028.0,52.0
2957,UCWWbq-bWMCC3eCaGjdyU10w,김만덕의 극한야생,_fJWDaJRycY,아무도 몰랐던 유황큐브 기능,2026-04-03T08:51:47Z,24.0,True,136387,1823.0,27.0
2957,UCWWbq-bWMCC3eCaGjdyU10w,김만덕의 극한야생,K8q7vlkTnJs,어딘가 이상한 신규 점적석,2026-04-15T07:25:10Z,23.0,True,286748,3812.0,103.0
2957,UCWWbq-bWMCC3eCaGjdyU10w,김만덕의 극한야생,c9fn9-R05Aw,명령어 1초컷,2026-04-16T08:06:03Z,35.0,True,49667,766.0,26.0
2957,UCWWbq-bWMCC3eCaGjdyU10w,김만덕의 극한야생,_UZGUvFS5WU,아무도 몰랐던 해피가스트 기능,2026-04-17T09:12:07Z,34.0,True,548119,6776.0,45.0
2957,UCWWbq-bWMCC3eCaGjdyU10w,김만덕의 극한야생,vWTcIjXdQ0k,거미눈의 숨겨진 기능 ㄷㄷ,2026-04-25T07:52:43Z,28.0,True,994553,11651.0,91.0
2957,UCWWbq-bWMCC3eCaGjdyU10w,김만덕의 극한야생,W1LBWfL19z8,독한 유황의 숨겨진 기능 ㄷㄷ,2026-04-29T08:21:17Z,28.0,True,228192,2718.0,94.0
2957,UCWWbq-bWMCC3eCaGjdyU10w,김만덕의 극한야생,YCmgMYD-1GY,유황큐브의 숨겨진 기능ㄷㄷ,2026-04-30T09:31:28Z,29.0,True,206790,2530.0,51.0
2957,UCWWbq-bWMCC3eCaGjdyU10w,김만덕의 극한야생,tWcUKmkUzBI,TNT의 숨겨진 기능 ㄷㄷ,2026-05-04T07:56:58Z,24.0,True,605027,6197.0,78.0
2958,UCtQZCFX4trYiFc3d3psq0KA,TVCHOSUN FOOD,n13yc3_TxJg,[#이거땡겨] 비린 음식 1도 못 먹는 최명길도 뚝딱? 궁극의 고등어구이를 찾았다.. #백반기행 #TVCHOSUNFOOD (TV CHOSUN 220909 방송),2026-05-02T03:00:50Z,820.0,False,4289,47.0,0.0
2958,UCtQZCFX4trYiFc3d3psq0KA,TVCHOSUN FOOD,tNUnc2Y0erQ,[FOOD #Shorts] 따가운 시선 #백반기행,2026-05-02T14:01:21Z,93.0,False,1847,5.0,0.0
2958,UCtQZCFX4trYiFc3d3psq0KA,TVCHOSUN FOOD,Lb8pFTae43I,[#이거땡겨] 양념 잔뜩 밴 무와 함께 왕! 공깃밥 순식간에 흡입하는 최명길 #백반기행 #TVCHOSUNFOOD (TV CHOSUN 220909 방송),2026-05-03T03:00:19Z,1066.0,False,9534,96.0,9.0
2958,UCtQZCFX4trYiFc3d3psq0KA,TVCHOSUN FOOD,kuC5fuFTHEw,[FOOD #Shorts] 예쁘면 뭘 하던지 캐스팅? #백반기행,2026-05-03T14:01:16Z,50.0,True,2780,9.0,0.0
2958,UCtQZCFX4trYiFc3d3psq0KA,TVCHOSUN FOOD,txM_knzDju0,"[#이거땡겨] 면, 밥, 수제비 다 들어가 있는 매력적인 어죽에 허영만과 같이 빠지자~ #백반기행 #TVCHOSUNFOOD (TV CHOSUN 210611 방송)",2026-05-04T03:01:03Z,968.0,False,12601,127.0,4.0
2958,UCtQZCFX4trYiFc3d3psq0KA,TVCHOSUN FOOD,Ea1BqDwD8vQ,[FOOD #Shorts] 예쁜 애들은 달라 #백반기행,2026-05-04T14:00:22Z,51.0,True,2230,1.0,0.0
2958,UCtQZCFX4trYiFc3d3psq0KA,TVCHOSUN FOOD,YgZz06YQDUg,[#이거땡겨] 투박하게 썬 수육 한 점 이면 배부를 것 같다는 허영만 실은 이미 많이 먹음ㅎ #백반기행 #TVCHOSUNFOOD (TV CHOSUN 210611 방송),2026-05-05T03:00:35Z,665.0,False,33795,286.0,12.0
2958,UCtQZCFX4trYiFc3d3psq0KA,TVCHOSUN FOOD,-GP_TK4VvIA,[FOOD #Shorts] 근데 어떻게 말랐어요? #백반기행,2026-05-05T14:00:00Z,16.0,True,1015,9.0,1.0
2958,UCtQZCFX4trYiFc3d3psq0KA,TVCHOSUN FOOD,tkRdZ2dwXS4,[#이거땡겨] 초심자는 비릴 수 있는 찌개 밴댕이 골라서 쌈 싸 먹으면 허영만처럼 맛있게 먹을 수 있음! #백반기행 #TVCHOSUNFOOD (TV CHOSUN 210611 방송),2026-05-06T03:01:02Z,556.0,False,6068,72.0,2.0
2958,UCtQZCFX4trYiFc3d3psq0KA,TVCHOSUN FOOD,_GBeXNPqwC4,"[#이거땡겨] 이소나, 허찬미도 맛있게 먹는 제육쌈밥의 매력은 칼칼한 맛?  #백반기행 #TVCHOSUNFOOD (TV CHOSUN 260504 방송)",2026-05-06T08:00:36Z,1246.0,False,2087,67.0,6.0
2958,UCtQZCFX4trYiFc3d3psq0KA,TVCHOSUN FOOD,VEdjUIHgUHs,[#이거땡겨] 3박자 고루 갖춘 이소나의 찐 단골 맛집! 담백한 맛이 일품인 양념 오리고기! #백반기행 #TVCHOSUNFOOD (TV CHOSUN 260504 방송),2026-05-06T09:00:55Z,1055.0,False,3207,57.0,1.0
2958,UCtQZCFX4trYiFc3d3psq0KA,TVCHOSUN FOOD,iMohTL0to-E,[#이거땡겨] 허찬미도 와구와구 먹게 만든 다슬기! 초무침으로 먹으면 더 맛나다구! #백반기행 #TVCHOSUNFOOD (TV CHOSUN 260504 방송),2026-05-06T09:30:20Z,1052.0,False,1027,30.0,4.0
2958,UCtQZCFX4trYiFc3d3psq0KA,TVCHOSUN FOOD,VLxviCKL4ZM,[FOOD #Shorts] 당돌하게 얻어낸 작품 #백반기행,2026-05-06T14:00:51Z,86.0,False,2048,8.0,0.0
2958,UCtQZCFX4trYiFc3d3psq0KA,TVCHOSUN FOOD,x5X3LQ4Rz2Y,[FOOD #Shorts] 다슬기초무침 레시피 #백반기행,2026-05-07T06:48:33Z,11.0,True,5589,12.0,0.0
2958,UCtQZCFX4trYiFc3d3psq0KA,TVCHOSUN FOOD,U0X-jaf1u2k,[FOOD #Shorts] 환상의 궁합 #백반기행,2026-05-07T06:49:00Z,51.0,True,1059,1.0,0.0
2958,UCtQZCFX4trYiFc3d3psq0KA,TVCHOSUN FOOD,wb2ZQ4NXIOA,[FOOD #Shorts] 번개시장 #백반기행,2026-05-07T06:49:23Z,30.0,True,1395,2.0,0.0
2958,UCtQZCFX4trYiFc3d3psq0KA,TVCHOSUN FOOD,APEteHnlZVg,[FOOD #Shorts] 카메라도 잊게 만드는 맛 #백반기행,2026-05-07T06:49:44Z,36.0,True,3518,7.0,0.0
2958,UCtQZCFX4trYiFc3d3psq0KA,TVCHOSUN FOOD,d_iLXfGuxNY,[#이거땡겨] 이소나가 엄마를 위해 준비한 김치찌개와 제육볶음! 엄마 입맛에 합격? #트롯여왕연대기 #TVCHOSUNFOOD (TV CHOSUN 260505 방송),2026-05-07T08:00:43Z,563.0,False,1969,41.0,9.0
2958,UCtQZCFX4trYiFc3d3psq0KA,TVCHOSUN FOOD,a8bkfILv6OA,[FOOD #Shorts] 끝내줘요~ #백반기행,2026-05-07T14:00:01Z,45.0,True,1070,5.0,0.0
2958,UCtQZCFX4trYiFc3d3psq0KA,TVCHOSUN FOOD,4d3inK5hRnw,[#이거땡겨] 지후의 유창한 영어 실력으로 시킨 음식 맛있게 먹기만 한 김정태🤣 #아빠하고나하고 #TVCHOSUNFOOD (TV CHOSUN 260506 방송),2026-05-08T03:00:05Z,970.0,False,9010,96.0,7.0
2958,UCtQZCFX4trYiFc3d3psq0KA,TVCHOSUN FOOD,dRmMw95U6ZY,[#이거땡겨] 뽀얀 국물에 한우 양지가 듬뿍! 주부 정시아가 극찬한 포인트는?😋 #백반기행 #TVCHOSUNFOOD (TV CHOSUN 220429 방송),2026-05-08T09:00:55Z,555.0,False,2306,27.0,2.0
2958,UCtQZCFX4trYiFc3d3psq0KA,TVCHOSUN FOOD,ZR8ByCI-97Y,[FOOD #Shorts] 저도 주세요 #백반기행,2026-05-08T14:00:57Z,53.0,True,5664,27.0,1.0
2958,UCtQZCFX4trYiFc3d3psq0KA,TVCHOSUN FOOD,QPPOsp7EfIM,[#이거땡겨] 이사하는 날은 짜장면이지! 이사 도와준 가족들과 짜장면 짬뽕 시켜서 같이 먹는 김정태 #아빠하고나하고 #TVCHOSUNFOOD (TV CHOSUN 260506 방송),2026-05-09T03:00:26Z,653.0,False,3643,40.0,2.0
2958,UCtQZCFX4trYiFc3d3psq0KA,TVCHOSUN FOOD,l-6b1omKc68,[#이거땡겨] 나물 러버 정시아 입 터진 날! 건강한 매력에 함께 빠져볼까요? #백반기행 #TVCHOSUNFOOD (TV CHOSUN 220429 방송),2026-05-09T06:00:38Z,762.0,False,2398,31.0,0.0
2958,UCtQZCFX4trYiFc3d3psq0KA,TVCHOSUN FOOD,39seNJVFCLs,[FOOD #Shorts] 지켜야 함! #백반기행,2026-05-09T14:00:04Z,47.0,True,974,5.0,0.0
2958,UCtQZCFX4trYiFc3d3psq0KA,TVCHOSUN FOOD,I-PF0_zlT60,[#이거땡겨] 비빔밥의 밥을 토렴해서 준다고? 적당히 데워진 밥의 온도와 육회가 잘 어울려 놀라는 허영만 #백반기행 #TVCHOSUNFOOD (TV CHOSUN 210305 방송),2026-05-10T03:00:16Z,712.0,False,6523,69.0,4.0
2958,UCtQZCFX4trYiFc3d3psq0KA,TVCHOSUN FOOD,DjTv460aFzU,[#이거땡겨] 1인분에 6개나 나오는 만둣집? 양이 너무 많아 다 못 먹는다는 허영만 일단 드셔보셔~ #백반기행 #TVCHOSUNFOOD (TV CHOSUN 210305 방송),2026-05-10T06:00:08Z,594.0,False,6063,75.0,2.0
2958,UCtQZCFX4trYiFc3d3psq0KA,TVCHOSUN FOOD,jbnWSa-lGzg,[FOOD #Shorts] 독설 날리는 안정환 #아빠하고나하고,2026-05-10T14:01:14Z,54.0,True,15066,51.0,3.0
2958,UCtQZCFX4trYiFc3d3psq0KA,TVCHOSUN FOOD,5mlpJWowxbM,[#이거땡겨] 평범해보이지만 평범하지 않은 궁극의 맛! 칼국수 면치기 제대로하는 정시아 #백반기행 #TVCHOSUNFOOD (TV CHOSUN 220429 방송),2026-05-11T03:00:05Z,692.0,False,6213,61.0,1.0
2958,UCtQZCFX4trYiFc3d3psq0KA,TVCHOSUN FOOD,OO0OnlGEI-Q,[FOOD #Shorts] 서울 백반 맛집 리스트 #백반기행,2026-05-11T05:36:11Z,43.0,True,32431,115.0,2.0
2958,UCtQZCFX4trYiFc3d3psq0KA,TVCHOSUN FOOD,SiKL939ut40,[#이거땡겨] 윤태호가 보장하는 보성 찐 맛집! 살이 가득 찬 숫게의 매력에 빠져보자! #백반기행 #TVCHOSUNFOOD (TV CHOSUN 260510 방송),2026-05-11T08:00:24Z,1351.0,False,4029,60.0,2.0
2958,UCtQZCFX4trYiFc3d3psq0KA,TVCHOSUN FOOD,Satd_SI9sFY,"[#이거땡겨] 생소한 비주얼에 놀란 것도 잠시, 한 입만 딱 먹어보면 윤태호처럼 먹게 될걸? #백반기행 #TVCHOSUNFOOD (TV CHOSUN 260510 방송)",2026-05-11T09:00:38Z,1055.0,False,2893,49.0,0.0
2958,UCtQZCFX4trYiFc3d3psq0KA,TVCHOSUN FOOD,jv8M4pcbTRA,[FOOD #Shorts] 언제 적 이야기를... #아빠하고나하고,2026-05-11T14:01:16Z,67.0,False,13804,13.0,0.0
2958,UCtQZCFX4trYiFc3d3psq0KA,TVCHOSUN FOOD,KDgV8Lv8ZBQ,[#이거땡겨] 허영만 윤태호가 사랑한 산낙지! 힘이 너무 세서 먹을 수가 없어!!ㅋㅋㅋ #백반기행 #TVCHOSUNFOOD (TV CHOSUN 260510 방송),2026-05-12T03:00:29Z,967.0,False,4105,48.0,0.0
2958,UCtQZCFX4trYiFc3d3psq0KA,TVCHOSUN FOOD,Ig_yNCS8H8Q,[#이거땡겨] 홍어 입문자에게 강추! 홍어 못 먹는 박칼린도 공깃밥 장전🤩 #백반기행 #TVCHOSUNFOOD (TV CHOSUN 220513 방송),2026-05-12T06:00:11Z,911.0,False,22414,220.0,8.0
2958,UCtQZCFX4trYiFc3d3psq0KA,TVCHOSUN FOOD,wduE9XAoPE8,[FOOD #Shorts] 연습 많이 하세요~ #아빠하고나하고,2026-05-12T14:01:32Z,91.0,False,2998,5.0,0.0
2958,UCtQZCFX4trYiFc3d3psq0KA,TVCHOSUN FOOD,YtnkK_u2T1s,[#이거땡겨] 닭볶음탕의 핵심은 바로 맛있는 김치! 박칼린도 김치 찢게 만드는 감칠맛..🤤 #백반기행 #TVCHOSUNFOOD (TV CHOSUN 220513 방송),2026-05-13T03:00:25Z,1003.0,False,13665,119.0,1.0
2958,UCtQZCFX4trYiFc3d3psq0KA,TVCHOSUN FOOD,J-Gblk8cvEo,[#이거땡겨] 난 소금도 양념도 다 좋아.. 몸보신 제대로 하는 정시아 #백반기행 #TVCHOSUNFOOD (TV CHOSUN 220513 방송),2026-05-13T06:00:10Z,817.0,False,3889,54.0,3.0
2958,UCtQZCFX4trYiFc3d3psq0KA,TVCHOSUN FOOD,mejHHddOnCQ,[FOOD #Shorts] 편식은 안됩니다! #백반기행,2026-05-13T14:01:14Z,50.0,True,2811,7.0,0.0
2958,UCtQZCFX4trYiFc3d3psq0KA,TVCHOSUN FOOD,oa0epEyVwBQ,[#이거땡겨] 꽁치가 통조림이라고 확신한 허영만 하지만 생물이었다! 생물 꽁치만 낼 수 있는 맛에 빠졌다 #백반기행 #TVCHOSUNFOOD (TV CHOSUN 210305 방송),2026-05-14T03:00:46Z,820.0,False,11263,110.0,12.0
2958,UCtQZCFX4trYiFc3d3psq0KA,TVCHOSUN FOOD,4dY_OW_hxH4,[#이거땡겨] 시원한 콩나물국밥이 술을 부른다~ 술 좋아하는 허영만의 술타령~ #백반기행 #TVCHOSUNFOOD (TV CHOSUN 210115 방송),2026-05-14T08:00:04Z,1308.0,False,9819,109.0,8.0
2958,UCtQZCFX4trYiFc3d3psq0KA,TVCHOSUN FOOD,whnWEMLDzjQ,[FOOD #Shorts] 19살과 20살의 다른 점은 키스? #백반기행,2026-05-14T14:01:23Z,46.0,True,1662,4.0,0.0
2958,UCtQZCFX4trYiFc3d3psq0KA,TVCHOSUN FOOD,rvA3xnjZQh8,[#이거땡겨] 간이 딱 맞는 양념을 좋아하는 허영만 입맛에 딱 맞춘 갈매기살 양념! #백반기행 #TVCHOSUNFOOD (TV CHOSUN 210305 방송),2026-05-15T03:00:49Z,628.0,False,4061,50.0,0.0
2958,UCtQZCFX4trYiFc3d3psq0KA,TVCHOSUN FOOD,PrZu9qkdSSU,[#이거땡겨] 보들 보들한 보쌈과 굴김치를 함께 먹으면 허영만처럼 감탄사만 나올껄?! #백반기행 #TVCHOSUNFOOD (TV CHOSUN 201127 방송),2026-05-15T08:00:32Z,1011.0,False,5048,79.0,2.0
2958,UCtQZCFX4trYiFc3d3psq0KA,TVCHOSUN FOOD,WTEq1qaXB44,[#이거땡겨] 고춧가루가 알알이 살아있는 떡볶이? 맵찔이 허영만 도전! 생각보다 안 맵죠? #백반기행 #TVCHOSUNFOOD (TV CHOSUN 210115 방송),2026-05-15T10:01:00Z,592.0,False,3049,43.0,4.0
2958,UCtQZCFX4trYiFc3d3psq0KA,TVCHOSUN FOOD,_uqL9fBsAY0,[FOOD #Shorts] 닮았나요? #백반기행,2026-05-15T14:00:49Z,53.0,True,829,3.0,0.0
2958,UCtQZCFX4trYiFc3d3psq0KA,TVCHOSUN FOOD,iRqe2Ja_gYw,[#이거땡겨] 임채무와 손자들과 함께하는 시끌벅적 외식! 의외로 나물 킬러인 임채무? #백반기행 #TVCHOSUNFOOD (TV CHOSUN 240112 방송),2026-05-16T03:00:42Z,1019.0,False,2013,32.0,0.0
2958,UCtQZCFX4trYiFc3d3psq0KA,TVCHOSUN FOOD,uC9zdlkA24E,[#이거땡겨] 들기름 소금으로 구운 장어? 들기름 때문에 느끼할 거란 허영만의 생각을 깬 장어구이 #백반기행 #TVCHOSUNFOOD (TV CHOSUN 201127 방송),2026-05-16T08:00:51Z,888.0,False,1597,27.0,1.0
2958,UCtQZCFX4trYiFc3d3psq0KA,TVCHOSUN FOOD,qK9bsBuFhf4,[#이거땡겨] 허영만을 놀라게 한 병어 찌개 병어 두 마리가 통째로?! 밑에는 호박이 잔뜩 깔려 있는다! #백반기행 #TVCHOSUNFOOD (TV CHOSUN 210115 방송),2026-05-16T10:01:16Z,672.0,False,1666,37.0,2.0
2958,UCtQZCFX4trYiFc3d3psq0KA,TVCHOSUN FOOD,UBaxLT4ZUAg,[FOOD #Shorts] 식객이 지켜줬다!! #백반기행,2026-05-16T14:00:47Z,36.0,True,2095,7.0,1.0
2959,UCGrphuRBJQJaERoCAkc_6Ow,코코일기양졍맘,wBVvpNrhV14,진달래꽃 먹는 웰시코기 코코,2019-03-26T10:26:41Z,44.0,True,4737,202.0,17.0
2959,UCGrphuRBJQJaERoCAkc_6Ow,코코일기양졍맘,fLUavlxftBw,#꽃비#벚꽃#웰시코기#낙화,2019-04-20T05:51:50Z,28.0,True,16944,644.0,30.0
2959,UCGrphuRBJQJaERoCAkc_6Ow,코코일기양졍맘,EKciq7JEtLM,365일 다이어트중 웰시코기,2019-05-12T00:40:29Z,74.0,False,2928,84.0,15.0
2959,UCGrphuRBJQJaERoCAkc_6Ow,코코일기양졍맘,y-2917B_jIo,코코 수제 케이크 먹방,2019-05-12T01:09:34Z,259.0,False,5420,177.0,32.0
2959,UCGrphuRBJQJaERoCAkc_6Ow,코코일기양졍맘,ynGv26Htldg,코코보다 몸집이큰 장모견 웰시코기를 만났어요^^,2019-06-19T06:45:51Z,61.0,False,2285,57.0,18.0
2959,UCGrphuRBJQJaERoCAkc_6Ow,코코일기양졍맘,UvqWFgTFdRY,댕댕이 방명록 인증샷,2019-07-06T02:48:09Z,62.0,False,1739,55.0,12.0
2959,UCGrphuRBJQJaERoCAkc_6Ow,코코일기양졍맘,ssbpficMa-I,안녕하세요 ^^ 코코는 잘지내고 있어요~,2019-07-24T08:20:14Z,99.0,False,3481,141.0,23.0
2959,UCGrphuRBJQJaERoCAkc_6Ow,코코일기양졍맘,zg6-AO0F9sc,가던길 멈추게 하는 향기~,2019-08-02T08:11:30Z,100.0,False,767,37.0,19.0
2959,UCGrphuRBJQJaERoCAkc_6Ow,코코일기양졍맘,h3OvJyfOAyY,"실시간 천둥,번개소리 에 맞대응하는 웰시코기 코코",2019-08-03T09:33:09Z,164.0,False,4540,106.0,20.0
2959,UCGrphuRBJQJaERoCAkc_6Ow,코코일기양졍맘,iyTEmdvak8o,강아지샴푸 멜트샴푸 리얼후기 -,2019-08-13T09:54:33Z,198.0,False,3003,103.0,14.0
2959,UCGrphuRBJQJaERoCAkc_6Ow,코코일기양졍맘,FAAHkI48g3k,코코가 세상에서 제일 무서워하는 것..,2019-08-18T06:03:21Z,207.0,False,4829,131.0,20.0
2959,UCGrphuRBJQJaERoCAkc_6Ow,코코일기양졍맘,PJ8wyCugTr4,비와도 산책은 해야죠 웰시코기,2019-10-06T02:41:29Z,80.0,False,1566,71.0,11.0
2959,UCGrphuRBJQJaERoCAkc_6Ow,코코일기양졍맘,Xoa1hKVRoro,뭔가를 집중 하고있는 코코방뎅이,2019-10-25T22:54:14Z,75.0,False,1935,48.0,5.0
2959,UCGrphuRBJQJaERoCAkc_6Ow,코코일기양졍맘,hKNUXRlUvfw,심심해서 미쳐버리겠네~ 웰시코기 코코,2019-11-07T10:57:05Z,101.0,False,2394,57.0,9.0
2959,UCGrphuRBJQJaERoCAkc_6Ow,코코일기양졍맘,qk265eME4zg,웰시코기 발가락박자 두둠치🎵,2019-11-07T11:00:54Z,65.0,False,7221,196.0,24.0
2959,UCGrphuRBJQJaERoCAkc_6Ow,코코일기양졍맘,GiILukBct3o,곶감맛이 궁금해? 내가 알려줄께,2020-01-13T08:26:13Z,123.0,False,2301,82.0,18.0
2959,UCGrphuRBJQJaERoCAkc_6Ow,코코일기양졍맘,Yp363gV4LKA,"수제간식 먹는 수재견들 (쩡이,코코,강순)",2020-01-18T08:47:59Z,191.0,False,7632,206.0,15.0
2959,UCGrphuRBJQJaERoCAkc_6Ow,코코일기양졍맘,1VDSlQWVuD0,수제간식 오리오돌뼈 먹방,2020-03-02T07:18:10Z,207.0,False,2672,55.0,14.0
2959,UCGrphuRBJQJaERoCAkc_6Ow,코코일기양졍맘,JO2QfQ1MI6Q,웰시코기가 아빠랑 놀때 ^^,2020-03-07T03:31:42Z,138.0,False,7875,205.0,28.0
2959,UCGrphuRBJQJaERoCAkc_6Ow,코코일기양졍맘,4yWvtH29kCU,왔다!고놈 고집있네~,2020-03-28T02:25:56Z,393.0,False,6465,99.0,23.0
2959,UCGrphuRBJQJaERoCAkc_6Ow,코코일기양졍맘,PFnAPUgAonQ,소를 처음본 웰시코기 코코,2020-05-01T03:47:30Z,277.0,False,11885,170.0,29.0
2959,UCGrphuRBJQJaERoCAkc_6Ow,코코일기양졍맘,-bJqLZU4vRw,여유로운 웰시코기 걸음걸이 힐링,2020-06-07T08:00:35Z,142.0,False,7103,145.0,24.0
2959,UCGrphuRBJQJaERoCAkc_6Ow,코코일기양졍맘,xW17iensin0,설겆이 ASMR ~,2020-06-20T00:45:08Z,342.0,False,4961,115.0,24.0
2959,UCGrphuRBJQJaERoCAkc_6Ow,코코일기양졍맘,5TPEJvcKlCI,안돼 들어가면 안된다고😤,2020-06-26T07:21:45Z,210.0,False,10662,244.0,27.0
2959,UCGrphuRBJQJaERoCAkc_6Ow,코코일기양졍맘,Llo5FDcrdtc,엉덩이 힘!,2020-08-06T08:04:32Z,28.0,True,22104,950.0,58.0
2959,UCGrphuRBJQJaERoCAkc_6Ow,코코일기양졍맘,ZPlWjUTT_ZE,산책좋아 백퍼 표현🎵,2020-09-12T05:26:42Z,588.0,False,1612,84.0,13.0
2959,UCGrphuRBJQJaERoCAkc_6Ow,코코일기양졍맘,LZcvlBcgmDQ,"안녕하세요^^ 랜선 이모 형아 누나~오늘은 코코 생일날, 미역국 먹방 보여드릴게요~",2020-09-13T01:13:06Z,210.0,False,6253,295.0,44.0
2959,UCGrphuRBJQJaERoCAkc_6Ow,코코일기양졍맘,RvTPN2WT6QI,덥다고 대충 인사하는 웰시코기,2020-10-11T06:45:47Z,104.0,False,2714,97.0,13.0
2959,UCGrphuRBJQJaERoCAkc_6Ow,코코일기양졍맘,JIZnXE_P6NQ,조금만 천천히 먹어주라..,2020-10-13T01:05:43Z,312.0,False,3344,110.0,14.0
2959,UCGrphuRBJQJaERoCAkc_6Ow,코코일기양졍맘,u4-103oVJos,카메라 거부하는 웰시코기,2020-10-26T05:39:53Z,159.0,False,6206,178.0,26.0
2959,UCGrphuRBJQJaERoCAkc_6Ow,코코일기양졍맘,Zl3EzYvb6ec,더놀자고 애교를~바쁜분은 뒤로 ~,2020-12-11T02:18:56Z,381.0,False,2973,84.0,15.0
2959,UCGrphuRBJQJaERoCAkc_6Ow,코코일기양졍맘,VweWefwDHWU,나 잡아봐라~🎵니 잡히면 간식 없다❗,2020-12-24T00:48:53Z,90.0,False,3047,117.0,11.0
2959,UCGrphuRBJQJaERoCAkc_6Ow,코코일기양졍맘,UjY2kEPVeag,아빠와 겨울산책 하는 웰시코기,2021-01-18T05:21:29Z,138.0,False,3671,123.0,16.0
2959,UCGrphuRBJQJaERoCAkc_6Ow,코코일기양졍맘,leLrEP0rRTw,웰시코기가 만든 눈길,2021-02-15T11:06:12Z,142.0,False,2239,71.0,14.0
2959,UCGrphuRBJQJaERoCAkc_6Ow,코코일기양졍맘,yyu9xMTI6IM,봄내음 따라 총총~,2021-02-22T04:00:22Z,68.0,False,731,30.0,4.0
2959,UCGrphuRBJQJaERoCAkc_6Ow,코코일기양졍맘,uVdAM_zGXAs,잘 따라와~,2021-02-22T04:25:32Z,50.0,True,4120,122.0,13.0
2959,UCGrphuRBJQJaERoCAkc_6Ow,코코일기양졍맘,PsOfpQtXsDA,손!,2021-03-08T01:07:29Z,65.0,False,2314,59.0,5.0
2959,UCGrphuRBJQJaERoCAkc_6Ow,코코일기양졍맘,xJB8fudE9Cw,8년생 웰시코기 코코 수제밥 먹방,2021-05-06T05:37:45Z,180.0,False,5046,86.0,13.0
2959,UCGrphuRBJQJaERoCAkc_6Ow,코코일기양졍맘,zMVgRc-asTA,맛있는건 나중에 먹는 웰시코기 코코,2021-05-26T23:32:46Z,242.0,False,7748,147.0,18.0
2959,UCGrphuRBJQJaERoCAkc_6Ow,코코일기양졍맘,f0H8_4VxktU,코코 뽀시래기 시절~호다닥! 지나갔네^^,2021-10-09T07:52:40Z,148.0,False,4956,101.0,8.0
2959,UCGrphuRBJQJaERoCAkc_6Ow,코코일기양졍맘,54g0NemcM4I,코코 낙엽 밟는소리~,2021-11-01T08:10:32Z,71.0,False,8292,192.0,16.0
2959,UCGrphuRBJQJaERoCAkc_6Ow,코코일기양졍맘,5l1nXYgwn88,"웰시코기  위 이물질제거,비장절제 후기",2022-01-18T01:09:48Z,231.0,False,9478,161.0,
2959,UCGrphuRBJQJaERoCAkc_6Ow,코코일기양졍맘,M7nk-vRJ928,핸즈프리 산책줄 후기,2022-08-12T03:20:33Z,95.0,False,2528,69.0,10.0
2959,UCGrphuRBJQJaERoCAkc_6Ow,코코일기양졍맘,gO93cXdsRYM,코코 얼굴에 여드름 인가 이게 뭔가요?,2022-10-13T07:39:01Z,187.0,False,4580,61.0,8.0
2959,UCGrphuRBJQJaERoCAkc_6Ow,코코일기양졍맘,mhPFheFHvR0,코코 잘 지내고 있어요^^,2023-02-10T07:45:02Z,50.0,True,1620,78.0,2.0
2959,UCGrphuRBJQJaERoCAkc_6Ow,코코일기양졍맘,f2h98Q3uhNQ,다 먹고난후 알게된 코코의 눈빛,2023-02-21T01:19:41Z,167.0,False,7669,133.0,12.0
2959,UCGrphuRBJQJaERoCAkc_6Ow,코코일기양졍맘,_QcPnUVuTXk,눈 좋아~,2023-12-24T21:42:02Z,209.0,False,7678,146.0,32.0
2959,UCGrphuRBJQJaERoCAkc_6Ow,코코일기양졍맘,7-Oh5hQbv0M,이것도 부탁해~코코,2024-04-21T22:27:07Z,38.0,True,1246,33.0,5.0
2959,UCGrphuRBJQJaERoCAkc_6Ow,코코일기양졍맘,yLnR8GgKXik,냠냠냠~~🎵,2024-06-25T21:58:42Z,57.0,True,1000,32.0,3.0
2959,UCGrphuRBJQJaERoCAkc_6Ow,코코일기양졍맘,vszKVZ6lFD0,보고있나?보고있다,2024-09-21T21:39:26Z,32.0,True,2826,72.0,5.0
2960,UCU2ehngy73XTjNpsTkpSoYQ,김진삼,bPlJgnVFJe8,내일 또 어디 간당..,2023-05-24T19:01:23Z,12257.0,False,592,29.0,2.0
2960,UCU2ehngy73XTjNpsTkpSoYQ,김진삼,JaPgDPwk8ko,쿨럭쿠헑,2023-05-26T21:02:22Z,15575.0,False,619,27.0,4.0
2960,UCU2ehngy73XTjNpsTkpSoYQ,김진삼,DiG_-ABS8sk,반반이가 개무서워졌습니다...[반반의 유치원 챕터3],2023-05-27T09:00:07Z,3693.0,False,6366,127.0,10.0
2960,UCU2ehngy73XTjNpsTkpSoYQ,김진삼,61naDPEBhFc,6월이야!!~,2023-05-31T18:40:45Z,10467.0,False,711,29.0,2.0
2960,UCU2ehngy73XTjNpsTkpSoYQ,김진삼,VGh-yOLRTQ8,스시를 먹지 않으면 죽는 남자가 있다?!,2023-06-01T09:00:19Z,2750.0,False,3069,59.0,6.0
2960,UCU2ehngy73XTjNpsTkpSoYQ,김진삼,CtzYxxScvAM,6월이야!!~,2023-06-02T17:29:16Z,147.0,False,817,20.0,1.0
2960,UCU2ehngy73XTjNpsTkpSoYQ,김진삼,f5CD_Xsi1bg,깜짝뱅!,2023-06-02T20:54:33Z,11782.0,False,1126,39.0,5.0
2960,UCU2ehngy73XTjNpsTkpSoYQ,김진삼,VnBC4FxDMxg,살려줘ㅓ,2023-06-06T21:22:36Z,12302.0,False,707,27.0,2.0
2960,UCU2ehngy73XTjNpsTkpSoYQ,김진삼,9FO3xe_fFBo,디아4 샀드아ㅏ!,2023-06-07T19:38:41Z,19024.0,False,875,42.0,2.0
2960,UCU2ehngy73XTjNpsTkpSoYQ,김진삼,ZNDk4v7ckwA,침대에서 나오는데만 30분,2023-06-08T12:00:23Z,660.0,False,4263,104.0,12.0
2960,UCU2ehngy73XTjNpsTkpSoYQ,김진삼,ecD2VGRf9Vk,갑시닷!,2023-06-09T22:27:51Z,22873.0,False,1120,32.0,6.0
2960,UCU2ehngy73XTjNpsTkpSoYQ,김진삼,mfuo3-tEqO8,동시송출 7월까진 된다면서요..?!,2023-06-13T22:20:41Z,24883.0,False,856,35.0,2.0
2960,UCU2ehngy73XTjNpsTkpSoYQ,김진삼,HbSUZdlMYNE,뻨목이 다가온다!,2023-06-14T17:28:19Z,10284.0,False,575,23.0,1.0
2960,UCU2ehngy73XTjNpsTkpSoYQ,김진삼,ir7tXNjHSCw,한동안 치킨 못묵는다..,2023-06-15T09:00:34Z,1999.0,False,3473,90.0,9.0
2960,UCU2ehngy73XTjNpsTkpSoYQ,김진삼,0_C056xfoEs,드뎌 주말!,2023-06-16T18:27:58Z,13173.0,False,1146,41.0,4.0
2960,UCU2ehngy73XTjNpsTkpSoYQ,김진삼,uKos0-XihSU,굉장한 선물을 받았읍니다..,2023-06-20T19:31:17Z,17640.0,False,973,34.0,1.0
2960,UCU2ehngy73XTjNpsTkpSoYQ,김진삼,v4-oF92pHKY,야심하군요..,2023-06-22T06:57:28Z,6536.0,False,737,21.0,4.0
2960,UCU2ehngy73XTjNpsTkpSoYQ,김진삼,PlbCMAGz9CE,야심하군요..,2023-06-22T07:33:10Z,2078.0,False,628,20.0,3.0
2960,UCU2ehngy73XTjNpsTkpSoYQ,김진삼,B2hX4RvP01I,짧게 조지고 갑니다!!!,2023-06-23T08:20:26Z,5319.0,False,1032,23.0,3.0
2960,UCU2ehngy73XTjNpsTkpSoYQ,김진삼,S95jn1E8Zo8,불금에 남들 술마실때 빠따치는 건전남,2023-06-23T20:45:39Z,15545.0,False,1628,37.0,2.0
2960,UCU2ehngy73XTjNpsTkpSoYQ,김진삼,O6UiTphF_Wo,이번주도 강행군,2023-06-27T15:23:45Z,8270.0,False,1285,40.0,3.0
2960,UCU2ehngy73XTjNpsTkpSoYQ,김진삼,aNNyf1bwa5M,흔치 않은 그의 랜선 술먹방,2023-06-29T09:00:01Z,574.0,False,3663,100.0,7.0
2960,UCU2ehngy73XTjNpsTkpSoYQ,김진삼,0miNwGmR0II,이번주도 강행군,2023-07-03T14:20:16Z,499.0,False,3920,46.0,10.0
2960,UCU2ehngy73XTjNpsTkpSoYQ,김진삼,u617R4n_Zd4,이 게임 하고 분조장 생겼습니다,2023-07-06T09:00:28Z,943.0,False,1697,37.0,13.0
2960,UCU2ehngy73XTjNpsTkpSoYQ,김진삼,GmZz3TUzHmQ,세상에 이런 마우스가?!,2023-07-10T09:00:18Z,501.0,False,5471,108.0,12.0
2960,UCU2ehngy73XTjNpsTkpSoYQ,김진삼,iSvr_KSD2RY,함부로 남의 집에 들어가면 안되는 이유..,2023-07-13T09:00:34Z,2629.0,False,1750,51.0,9.0
2960,UCU2ehngy73XTjNpsTkpSoYQ,김진삼,GmGBNMzW82o,항아리 게임의 악몽이 또..,2023-07-17T09:00:11Z,1817.0,False,1585,49.0,5.0
2960,UCU2ehngy73XTjNpsTkpSoYQ,김진삼,rxDvoHkOpI0,팬분께 역대급 선물을 받아버렸습니다...,2023-07-20T09:00:38Z,837.0,False,4907,117.0,12.0
2960,UCU2ehngy73XTjNpsTkpSoYQ,김진삼,SrEFxmkj55s,현장감 지리는 공포게임;;,2023-07-31T09:00:19Z,835.0,False,2186,68.0,15.0
2960,UCU2ehngy73XTjNpsTkpSoYQ,김진삼,kvxNo9SnLVk,6개월 뒤에 올리는 눈 수술 후기,2023-08-03T09:00:36Z,1200.0,False,3290,70.0,9.0
2960,UCU2ehngy73XTjNpsTkpSoYQ,김진삼,izQckhJ8aYM,본인이 효과음을 녹음해서 즐기는 갓겜!!,2023-08-07T09:00:25Z,876.0,False,20823,410.0,44.0
2960,UCU2ehngy73XTjNpsTkpSoYQ,김진삼,8a-hc2VnV_s,강한 자만 살아남을 수 있었던 내 어린 시절,2023-08-10T09:00:05Z,1440.0,False,23454,420.0,54.0
2960,UCU2ehngy73XTjNpsTkpSoYQ,김진삼,wQcvqVcIssg,아래를 쳐다보면 죽는다..!![온리업],2023-08-21T09:00:38Z,1184.0,False,4317,97.0,18.0
2960,UCU2ehngy73XTjNpsTkpSoYQ,김진삼,_inT-wmtLJs,2시간 동안 마이크 없이 몸으로 말하면 일어나는 일,2023-08-24T09:00:16Z,543.0,False,4373,132.0,10.0
2960,UCU2ehngy73XTjNpsTkpSoYQ,김진삼,wuHAcG4KBsg,충격적인 내용이 담긴 일기장을 읽었습니다..,2023-08-28T09:00:41Z,5965.0,False,2121,59.0,10.0
2960,UCU2ehngy73XTjNpsTkpSoYQ,김진삼,KAuJXJswPTQ,거기서 지금 뭐하시는거예욧!! [야간경비],2023-08-31T09:00:22Z,2885.0,False,4525,95.0,15.0
2960,UCU2ehngy73XTjNpsTkpSoYQ,김진삼,Za_hKgrvhPE,아니 유치원 아니었냐고 여기!!! [반반의 유치원 챕터4],2023-09-07T09:00:32Z,3289.0,False,4707,89.0,10.0
2960,UCU2ehngy73XTjNpsTkpSoYQ,김진삼,AlYoT-Te7zE,본인이 직접 이야기를 만드는 흥미진진한 게임 [스토리텔러],2023-09-11T09:00:11Z,716.0,False,5813,126.0,10.0
2960,UCU2ehngy73XTjNpsTkpSoYQ,김진삼,SK3KSMISoh4,저도 이제 체스 둘줄 압니다,2023-09-14T09:00:15Z,674.0,False,7589,141.0,15.0
2960,UCU2ehngy73XTjNpsTkpSoYQ,김진삼,omk5AOpzEq8,게임 중에 누군가 뒤에서...,2023-09-25T09:00:36Z,608.0,False,4371,115.0,13.0
2960,UCU2ehngy73XTjNpsTkpSoYQ,김진삼,q4Hg176ZDNc,맨날 광고로만 봤던 그 게임을 해보았습니다,2023-09-28T09:00:37Z,846.0,False,13906,195.0,11.0
2960,UCU2ehngy73XTjNpsTkpSoYQ,김진삼,GSqK-Ewlusw,새벽 6시까지만 버티면 된다...,2023-10-05T09:00:14Z,844.0,False,6187,119.0,21.0
2960,UCU2ehngy73XTjNpsTkpSoYQ,김진삼,n5bYWHnWStI,눈 빠질것 같아요...,2023-10-12T09:00:33Z,875.0,False,4539,106.0,6.0
2960,UCU2ehngy73XTjNpsTkpSoYQ,김진삼,UrXjsrfOm1E,데바데 준구가 주인공으로 나온 그 게임! 엄청 재밌다..?!,2023-10-16T09:00:19Z,1014.0,False,2191,48.0,6.0
2960,UCU2ehngy73XTjNpsTkpSoYQ,김진삼,T5goqGGNvW8,간만에 샷건치게 만드네...,2023-10-23T09:00:16Z,594.0,False,4212,87.0,11.0
2960,UCU2ehngy73XTjNpsTkpSoYQ,김진삼,hRCCjPR9FaE,딸기가 싫어!,2023-10-30T09:00:26Z,869.0,False,143024,1594.0,95.0
2960,UCU2ehngy73XTjNpsTkpSoYQ,김진삼,cNYTOTzGokI,버튜버 데뷔했는데 첫날부터 사고 났습니다...,2023-11-02T09:00:26Z,4229.0,False,11292,173.0,20.0
2960,UCU2ehngy73XTjNpsTkpSoYQ,김진삼,yKMawKyecwM,아메리칸 비닐킴,2023-11-16T09:00:41Z,827.0,False,11339,223.0,30.0
2960,UCU2ehngy73XTjNpsTkpSoYQ,김진삼,7vXryhJA_r8,하루종일 cctv만 보다보니 관찰마스터가 되어버린..!,2023-12-07T09:00:05Z,691.0,False,24491,316.0,67.0
2960,UCU2ehngy73XTjNpsTkpSoYQ,김진삼,Ng_bWSeBU8E,체인소맨 레제편 속 그 장소를 가보았다💣,2025-11-24T11:00:08Z,55.0,True,20780,789.0,32.0
2961,UCtT0kKQNSA_A4bQ3up0gy4g,소름채널,BcqvGL-TbL8,귀신 소문난 폐건물 4층｜제보 받고 무당과 직접 가봤더니… 충격적인 현장 #실화 #공포 #무서운이야기 #폐가,2025-12-18T13:45:06Z,1315.0,False,21134,646.0,48.0
2961,UCtT0kKQNSA_A4bQ3up0gy4g,소름채널,V4CpKys8ZZo,폐모텔 여대생 귀신 | 촬영중 실제상황! 접신한 무당이 갑자기 이상한 행동을?! #공포 #무서운이야기 #horror,2025-12-25T13:30:06Z,1194.0,False,18676,608.0,57.0
2961,UCtT0kKQNSA_A4bQ3up0gy4g,소름채널,Q4L7zEFxFgk,귀신 보는 무당과 예능 피디의 콜라보! #흉가체험 #공포,2025-12-27T05:18:55Z,59.0,True,4452,90.0,4.0
2961,UCtT0kKQNSA_A4bQ3up0gy4g,소름채널,YM-n2THVq5Y,"공포의 폐모텔| 열일곱 살 가출 소녀 귀신, 그녀가 죽은 곳은 따로 있다!? #실화 #폐가 #무서운이야기",2026-01-01T13:15:06Z,1037.0,False,19448,628.0,66.0
2961,UCtT0kKQNSA_A4bQ3up0gy4g,소름채널,cAKDmL0Pjig,소름 돋는 무료점~ 무엇이든 물어보살! #공포 #무료점,2026-01-10T04:03:04Z,4406.0,False,3290,197.0,41.0
2961,UCtT0kKQNSA_A4bQ3up0gy4g,소름채널,hovkxB730R4,"귀신을 보는 집 | 동네 사람들이 얼씬도 안 하는 폐가, 직접 가봤습니다! (실제 목격·신체 이상 발생) #공포 #무서운이야기 #horror",2026-01-15T13:15:06Z,1000.0,False,24388,749.0,81.0
2961,UCtT0kKQNSA_A4bQ3up0gy4g,소름채널,Gf8xPZUZ7FA,강원도 흉가 + 귀신보는 무당 = 레전드 #공포,2026-01-20T06:27:08Z,53.0,True,6265,130.0,2.0
2961,UCtT0kKQNSA_A4bQ3up0gy4g,소름채널,Pvu5z_VK5JE,"사람들이 도망친 이유, 강원도 폐가의 남자  #폐가",2026-01-21T09:00:00Z,54.0,True,6270,142.0,0.0
2961,UCtT0kKQNSA_A4bQ3up0gy4g,소름채널,_ad6fJULuqc,흉가 고인물들이 직접 뽑은 귀신 출연 레전드 BEST3 #공포 #무서운이야기 #horror,2026-01-22T14:00:06Z,1177.0,False,35085,752.0,176.0
2961,UCtT0kKQNSA_A4bQ3up0gy4g,소름채널,DjNWdW-O9to,자다 물 마시러 나갔는데… 정수기 위에서 ‘할머니’와 눈이 마주쳤습니다｜무당 실화,2026-01-30T14:00:06Z,1410.0,False,12300,431.0,42.0
2961,UCtT0kKQNSA_A4bQ3up0gy4g,소름채널,cikpLYI3UDI,강원도 흉가에서 발견된 영정사진… #공포,2026-02-03T09:00:00Z,42.0,True,4831,89.0,2.0
2961,UCtT0kKQNSA_A4bQ3up0gy4g,소름채널,5HC_OA4AD98,도심 한복판에 이런 폐가가?! 무당도 울음 터진 소름 돋는 사연 #귀신 #공포 #무서운이야기,2026-02-05T12:02:46Z,2040.0,False,15495,743.0,48.0
2961,UCtT0kKQNSA_A4bQ3up0gy4g,소름채널,gpL5MUx6L60,무당과 폐가에 갔는데 유기견들이 엄청 많아! #공포,2026-02-09T03:52:16Z,37.0,True,5404,106.0,2.0
2961,UCtT0kKQNSA_A4bQ3up0gy4g,소름채널,lu7u4jEB0G0,노인이 살았던 폐가를 무당과 갔다! #공포,2026-02-11T09:00:00Z,47.0,True,4112,89.0,0.0
2961,UCtT0kKQNSA_A4bQ3up0gy4g,소름채널,ISXBxfLwB3Y,친구 아내와 차 안에서… 그날 이후 죽은 사람이 돌아왔다 (실화) #공포 #귀신 #무서운이야기,2026-02-12T13:30:06Z,1002.0,False,5919,275.0,13.0
2961,UCtT0kKQNSA_A4bQ3up0gy4g,소름채널,szTZCZLRATI,"폐가에 퍼진 썩은내, 그리고 절대 열면 안 됐던 그 방 #공포",2026-02-14T09:00:00Z,36.0,True,5533,107.0,1.0
2961,UCtT0kKQNSA_A4bQ3up0gy4g,소름채널,s_mI3uT-oFE,할머니 귀신을 접신하면 생기는 일 #공포,2026-02-17T14:10:56Z,50.0,True,4059,111.0,3.0
2961,UCtT0kKQNSA_A4bQ3up0gy4g,소름채널,OSNaLcblGYk,폐업한 카페에 무당이 들어간 순간… “여긴 오지 말랬지” 발소리는 계속됐다,2026-02-19T14:15:06Z,1144.0,False,16874,581.0,28.0
2961,UCtT0kKQNSA_A4bQ3up0gy4g,소름채널,VNSKjvnstY8,"그 나무를 집에 들인 날, 이상한 일이 시작됐다 #무서운이야기",2026-02-21T11:00:00Z,49.0,True,3682,64.0,1.0
2961,UCtT0kKQNSA_A4bQ3up0gy4g,소름채널,9QYHW_dDwEI,실제 사연: 비밀을 가진 날부터 무서운 일들이 벌어졌다!,2026-02-22T12:00:00Z,56.0,True,3164,54.0,0.0
2961,UCtT0kKQNSA_A4bQ3up0gy4g,소름채널,3RF1AYgSBDE,귀신의 장난 | 가게가 망할 수밖에 없었던 이유... 무당도 압도당했습니다,2026-02-26T12:30:06Z,1030.0,False,13621,534.0,27.0
2961,UCtT0kKQNSA_A4bQ3up0gy4g,소름채널,gu_doJ8EydI,귀신들 놀이터가 된 폐식당… 오늘 들어갑니다 #소름채널,2026-03-06T12:48:54Z,2260.0,False,11537,679.0,41.0
2961,UCtT0kKQNSA_A4bQ3up0gy4g,소름채널,GMf4OTiuVzU,귀신 찾으러 갔다가 멘붕했습니다… 경기도 폐가 탐사,2026-03-12T14:00:06Z,1078.0,False,14712,581.0,49.0
2961,UCtT0kKQNSA_A4bQ3up0gy4g,소름채널,XAA1bZ7Ny5M,흉가 탐사 중 실제로 벌어진 빙의 순간 #공포,2026-03-15T08:53:57Z,49.0,True,4617,105.0,3.0
2961,UCtT0kKQNSA_A4bQ3up0gy4g,소름채널,DE6uZNGCsFc,전설에 고향에 항상 등장하는 한지문 귀신 #공포,2026-03-18T02:03:32Z,35.0,True,12252,114.0,3.0
2961,UCtT0kKQNSA_A4bQ3up0gy4g,소름채널,W4BhTPNXN4Q,야밤 먹방하다가 결국 무료점 봤습니다… (소름 주의) #공포체험 #무서운이야기 #귀신,2026-03-19T14:12:41Z,5775.0,False,7538,266.0,11.0
2961,UCtT0kKQNSA_A4bQ3up0gy4g,소름채널,zJ4CdpyqLJY,야시장 오리 머리 먹고 흉가 갔습니다… 진짜 후회했습니다 #공포 #먹방 #무서운이야기,2026-03-29T15:45:39Z,7390.0,False,14615,263.0,6.0
2961,UCtT0kKQNSA_A4bQ3up0gy4g,소름채널,VKowqJjRp7E,중국 폐가 라이브 중 ‘관’ 발견... 이건 절대 열면 안 되는 거였습니다 #공포 #귀신 #무서운이야기,2026-04-01T01:07:54Z,2403.0,False,12786,801.0,79.0
2961,UCtT0kKQNSA_A4bQ3up0gy4g,소름채널,FDruqfcxBa0,직접 가본 무당이 들려주는 살목지 예고편 리뷰 (여기 진짜 위험합니다),2026-04-07T14:47:42Z,793.0,False,11032,380.0,44.0
2961,UCtT0kKQNSA_A4bQ3up0gy4g,소름채널,o9taoGm6BPI,살목지에서 장난을 치면 귀신한테 잡혀감 #살목지 #공포영화,2026-04-07T23:26:56Z,51.0,True,3711,76.0,6.0
2961,UCtT0kKQNSA_A4bQ3up0gy4g,소름채널,Wj7gO7-a1Ro,공포 영화 살목지 리뷰 [직접 가본 무당의 솔직한 이야기] #살목지,2026-04-08T09:00:00Z,43.0,True,12165,138.0,1.0
2961,UCtT0kKQNSA_A4bQ3up0gy4g,소름채널,enOhUmmYrdc,중국 무당집 폐가 | 열지 말라던 관... 결국 제대로 확인했습니다! #실제상황 #귀신 #무서운이야기,2026-04-09T13:00:06Z,1202.0,False,18189,660.0,73.0
2961,UCtT0kKQNSA_A4bQ3up0gy4g,소름채널,6MKeHBMCmm0,흉가에서 칸예 몰카하면 생기는 일! #레전드,2026-04-09T14:03:39Z,60.0,True,4246,78.0,8.0
2961,UCtT0kKQNSA_A4bQ3up0gy4g,소름채널,TON7aKPd3kI,영화 ‘살목지’ 실제 장소 가봤습니다 #공포 #영화리뷰,2026-04-11T01:30:00Z,50.0,True,5028,92.0,3.0
2961,UCtT0kKQNSA_A4bQ3up0gy4g,소름채널,_0xQmI4viqs,중국 무당 폐가에서 ‘관’을 발견했습니다… 열어봤습니다,2026-04-11T12:24:55Z,53.0,True,2815,70.0,3.0
2961,UCtT0kKQNSA_A4bQ3up0gy4g,소름채널,U8AEjo0QkpA,벽에 신들 그림이 가득… ‘신을 모신 폐가’에 들어갔습니다,2026-04-12T10:00:00Z,46.0,True,3320,82.0,3.0
2961,UCtT0kKQNSA_A4bQ3up0gy4g,소름채널,uaE3BD3ahNw,영화에 나온 죽음의 저수지 ‘살목지’… 실제로 가봤습니다 #공포,2026-04-15T09:00:00Z,2662.0,False,28855,807.0,132.0
2961,UCtT0kKQNSA_A4bQ3up0gy4g,소름채널,etEfSWa8Jbo,"영화 ‘살목지’ 그 귀신, 실제로 물속에 있었습니다 #공포",2026-04-15T13:24:50Z,32.0,True,5913,100.0,8.0
2961,UCtT0kKQNSA_A4bQ3up0gy4g,소름채널,JxglklfjbW4,중국 무당집 폐가… 관 연 후 피디 몸이 굳었습니다 (촬영 중단) #귀신 #무서운이야기 #공포실화,2026-04-17T13:45:06Z,935.0,False,42037,851.0,89.0
2961,UCtT0kKQNSA_A4bQ3up0gy4g,소름채널,2le2MM5a7MM,살목지 내비 이상현상… 저수지로 끌어들이는 귀신 #공포,2026-04-18T10:00:00Z,56.0,True,5103,82.0,6.0
2961,UCtT0kKQNSA_A4bQ3up0gy4g,소름채널,vWGY6AYwhoE,리얼~ 살목지에서 귀신 소리 들렸습니다 #공포,2026-04-22T10:24:11Z,49.0,True,5151,104.0,12.0
2961,UCtT0kKQNSA_A4bQ3up0gy4g,소름채널,Yo2xR-2K3N0,중국 폐마을... 140가구가 떠난 진짜 이유? 무당들도 얼어붙었다 #귀신 #공포실화 #무서운이야기,2026-04-23T14:15:06Z,1654.0,False,17890,644.0,64.0
2961,UCtT0kKQNSA_A4bQ3up0gy4g,소름채널,Z60SkaJBGE4,중국 폐가 관 열었더니… 그 뒤부터 이상한 일이 벌어짐 #공포,2026-04-25T11:00:00Z,41.0,True,4196,78.0,5.0
2961,UCtT0kKQNSA_A4bQ3up0gy4g,소름채널,G03wh5L6QnY,팥 뿌려도 안 나간 험한 귀신의 정체... 채널 접을 뻔 했습니다 (중국 귀신 마을) #접신 #폐가 #귀신포착,2026-04-30T12:00:06Z,1254.0,False,19760,660.0,61.0
2961,UCtT0kKQNSA_A4bQ3up0gy4g,소름채널,5519B_1c_pA,"중국판 곡성 폐가... 계속 이상한 일이 일어난 산골 폐마을, 직접 찾아갔습니다 #귀신 #공포실화 #무서운이야기",2026-05-08T14:00:06Z,1155.0,False,10756,511.0,57.0
2961,UCtT0kKQNSA_A4bQ3up0gy4g,소름채널,ABKnzL3-zI8,중국 폐마을에서 절대 들어가면 안 되는 집 #공포,2026-05-09T05:09:24Z,52.0,True,3331,81.0,0.0
2961,UCtT0kKQNSA_A4bQ3up0gy4g,소름채널,RndwHI-ByYs,소름 돋는 무료점사｜올해 운세 무료로 봐드립니다 #귀신 #공포 #신점,2026-05-09T22:40:36Z,3270.0,False,3315,163.0,27.0
2961,UCtT0kKQNSA_A4bQ3up0gy4g,소름채널,slMyZGS1kEo,사람 없는 줄 알았던 중국 폐가마을에 누군가 살고 있었다 #무서운이야기,2026-05-11T23:55:34Z,40.0,True,7432,70.0,1.0
2961,UCtT0kKQNSA_A4bQ3up0gy4g,소름채널,80Ces62wDvU,중국 폐가 입구에 붙어 있던 수상한 부적 #무서운이야기,2026-05-13T11:00:38Z,54.0,True,3588,53.0,1.0
2961,UCtT0kKQNSA_A4bQ3up0gy4g,소름채널,NBre_V6Vc6c,중국 폐가 안에서 ‘사람’을 봤습니다… 다들 뛰쳐나와 결국 촬영 중단 #공포실화 #무서운이야기 #귀신,2026-05-14T13:30:06Z,1214.0,False,10525,472.0,68.0
2962,UCgP9xJ32cFNWbm3B3lQWKsw,TNJ TV,HB3OkFv6E4c,[TNJ라이브] 제26차 태극기 집회=1부= “초심으로 돌아가자!” (청계천 한빛광장),2017-11-27T10:28:38Z,4450.0,False,2182,231.0,10.0
2962,UCgP9xJ32cFNWbm3B3lQWKsw,TNJ TV,irN1Y3ppsiA,[TNJ라이브] 제26차 태극기 집회=2부= “초심으로 돌아가자!” (청계천 한빛광장),2017-11-28T07:12:40Z,4647.0,False,2246,245.0,9.0
2962,UCgP9xJ32cFNWbm3B3lQWKsw,TNJ TV,spqnkxqRTHA,[TNJ라이브] 제26차 태극기 집회=행진(재업로드)= “초심으로 돌아가자!” (청계천 한빛광장),2017-11-29T05:02:54Z,4852.0,False,2830,265.0,13.0
2962,UCgP9xJ32cFNWbm3B3lQWKsw,TNJ TV,7X6ifFfdx3I,태극기집회 함께한 지난1년.. 반가운 얼굴! 김경혜 교수,2017-12-10T00:03:03Z,164.0,False,18495,1476.0,193.0
2962,UCgP9xJ32cFNWbm3B3lQWKsw,TNJ TV,OOKE5GEI8Sg,태극기를 든 애국시민들의 이야기(1209마로니에집회),2017-12-12T06:57:26Z,239.0,False,3531,332.0,32.0
2962,UCgP9xJ32cFNWbm3B3lQWKsw,TNJ TV,FD8qPW0kYNQ,피켓을 든 애국시민들의 이야기(1209마로니에집회),2017-12-13T03:51:22Z,216.0,False,2515,413.0,23.0
2962,UCgP9xJ32cFNWbm3B3lQWKsw,TNJ TV,29AnnyygRU8,[정미홍의 진정토크] 위기에 빠진 북한 인권 운동(박상학 대표),2017-12-14T21:35:54Z,3060.0,False,18902,1559.0,202.0
2962,UCgP9xJ32cFNWbm3B3lQWKsw,TNJ TV,ae8YHcUcAfY,[TNJ라이브] 2017년12월16일 태극기집회 현장소식,2017-12-16T08:17:19Z,4191.0,False,12870,942.0,44.0
2962,UCgP9xJ32cFNWbm3B3lQWKsw,TNJ TV,WbRv5P4pyTE,[트루스포럼] 속는자와 속이는자! 이데올로기 전쟁과 현대정치!! 이정훈 교수(서울대 트루스포럼),2017-12-19T14:11:48Z,4452.0,False,8346,496.0,9.0
2962,UCgP9xJ32cFNWbm3B3lQWKsw,TNJ TV,9MJhWCGi1Kg,[트루스포럼] 속는자와 속이는자!! 질의응답 비하인드! 이정훈 교수(서울대 트루스포럼),2017-12-19T14:52:24Z,938.0,False,2332,191.0,15.0
2962,UCgP9xJ32cFNWbm3B3lQWKsw,TNJ TV,RfvqGRlojj4,[트루스포럼] (음질개선up)속는자와 속이는자!! 질의응답 비하인드! 이정훈 교수(서울대 트루스포럼),2017-12-20T04:15:07Z,940.0,False,3249,230.0,4.0
2962,UCgP9xJ32cFNWbm3B3lQWKsw,TNJ TV,WFT_ZilGzBg,[정미홍칼럼]#40. 문재인-임종석과 MB 세력이 감추고 있는 것,2017-12-20T18:10:01Z,3109.0,False,130047,4651.0,398.0
2962,UCgP9xJ32cFNWbm3B3lQWKsw,TNJ TV,a0RhRFoEpoc,[정미홍 진정토크] 애국유튜버 민병일님의 나도 한마디!,2017-12-22T02:45:58Z,3483.0,False,29042,1656.0,159.0
2962,UCgP9xJ32cFNWbm3B3lQWKsw,TNJ TV,VpSb8TPNoZI,Fighting! 2018 HAPPY NEW YEAR* (13sec ver.),2018-01-02T05:21:30Z,14.0,True,6017,151.0,5.0
2962,UCgP9xJ32cFNWbm3B3lQWKsw,TNJ TV,RORn7rBUOvc,"[정미홍칼럼]#41. 김정은 신년사대로 문재인, 홍준표 세력이 갈 수밖에 없는 이유",2018-01-03T11:50:52Z,2669.0,False,49889,2688.0,273.0
2962,UCgP9xJ32cFNWbm3B3lQWKsw,TNJ TV,ODKEpNX0puo,[정미홍의 진정토크] 한상균 석방? 노동부장관?(민주노총해체추진위 김기봉위원장),2018-01-04T15:12:05Z,2733.0,False,17631,1305.0,105.0
2962,UCgP9xJ32cFNWbm3B3lQWKsw,TNJ TV,rrs_lpkAsjk,[정미홍칼럼]#42. 김무성-조선일보 세력이 개헌획책 중단해야 하는 이유!,2018-01-05T14:31:24Z,2707.0,False,84350,3381.0,329.0
2962,UCgP9xJ32cFNWbm3B3lQWKsw,TNJ TV,rdwV4EFsN8Q,"[트루스포럼] 대륙붕 주권확립의 주역에 듣는다, 한반도의 미래와 통일! (김석우 전 통일원차관, 21세기국가발전연구원 원장)",2018-01-15T17:21:10Z,3673.0,False,2842,176.0,4.0
2962,UCgP9xJ32cFNWbm3B3lQWKsw,TNJ TV,b-9UfPN2sv0,"[트루스포럼] 한반도의 미래와 통일! 명강연 후 질의응답 (김석우 전 통일원차관, 21세기국가발전연구원 원장)",2018-01-16T14:35:33Z,1525.0,False,1761,138.0,3.0
2962,UCgP9xJ32cFNWbm3B3lQWKsw,TNJ TV,ACn716B0TVQ,"[태극기집회] 서울역 태극기집회, 행진의 끝은 어디에?(큰화면으로 보세요! 8분 요약영상)1월13일",2018-01-17T13:48:54Z,498.0,False,13528,977.0,55.0
2962,UCgP9xJ32cFNWbm3B3lQWKsw,TNJ TV,eHe9AylP8z4,"[정미홍의 진정토크] 국무총리 이낙연을 고발한다. ""피같은 우리돈 내놔! 250억!""(민주노총해체추진위 김기봉위원장)",2018-01-18T14:50:52Z,2644.0,False,117432,4507.0,534.0
2962,UCgP9xJ32cFNWbm3B3lQWKsw,TNJ TV,sjvQJA0NlaE,"[태극기집회] 헬조선? 20대 청년의 편지(한근형, 서울역, 1월13일)",2018-01-20T04:07:20Z,812.0,False,4567,356.0,19.0
2962,UCgP9xJ32cFNWbm3B3lQWKsw,TNJ TV,bimRbhfqVdU,"[태극기집회] 태극기 대신 한반도기? 평창은 인공기 올림픽?(조영환대표, 서울역, 1월13일)",2018-01-20T04:11:53Z,405.0,False,3855,364.0,15.0
2962,UCgP9xJ32cFNWbm3B3lQWKsw,TNJ TV,YZd06WbbSU4,"[태극기집회] 계좌추적? 백번 해봐라! 눈깜짝 안한다!(임덕기 전 건국회회장, 서울역, 1월20일)",2018-01-20T15:24:00Z,491.0,False,6536,589.0,32.0
2962,UCgP9xJ32cFNWbm3B3lQWKsw,TNJ TV,6g2B8cOOavg,"[태극기집회] 모란봉 예술단 공연은 중국도 거부 하는데? 문정부는?(이규택 천만인무죄석방본부 공동대표, 서울역, 1월20일)",2018-01-20T20:26:49Z,445.0,False,2066,155.0,7.0
2962,UCgP9xJ32cFNWbm3B3lQWKsw,TNJ TV,6R3Otpizs_I,"[태극기집회] 나라다운 나라? 이게 나라냐! 조선인민공화국?(최길갈, 서울역, 1월20일)",2018-01-20T21:35:49Z,337.0,False,8098,592.0,24.0
2962,UCgP9xJ32cFNWbm3B3lQWKsw,TNJ TV,xO3L9u2NZmI,"[태극기집회] 문재인 찍은 20대30대40대 분노하다! 달 몰락의 서막(윤창중대표, 서울역, 1월20일)",2018-01-21T00:24:30Z,640.0,False,39851,1478.0,127.0
2962,UCgP9xJ32cFNWbm3B3lQWKsw,TNJ TV,iY_MzXSG3R8,"[태극기집회] 문재인씨! 아이스하키팀에 물어봤나! 평창과 평양을 혼돈말라!(자유일보 곽성문대표, 서울역, 1월20일)",2018-01-21T02:28:10Z,538.0,False,7263,514.0,36.0
2962,UCgP9xJ32cFNWbm3B3lQWKsw,TNJ TV,k-qzMR3oT-4,"[태극기집회] 평창올림픽? 문재인의 속셈은 'ㅇㅇㅇㅇㅇ' 이다?(올인코리아 조영환대표, 서울역, 1월20일)",2018-01-21T04:10:37Z,455.0,False,3211,319.0,30.0
2962,UCgP9xJ32cFNWbm3B3lQWKsw,TNJ TV,PWHYIpSw81s,"[태극기집회] 스스로 멸망해가는 대한민국의 0가지 징조!(미래연합 강사근대표, 서울역, 1월20일)",2018-01-21T08:36:37Z,580.0,False,2761,269.0,21.0
2962,UCgP9xJ32cFNWbm3B3lQWKsw,TNJ TV,mtkvzrjKwCI,"[태극기집회] 역대정부 및 현정부 특활비? 현정부는 합법??(청년위원회 부위원장 문승훈, 서울역, 1월20일)",2018-01-21T11:09:16Z,216.0,False,2271,212.0,25.0
2962,UCgP9xJ32cFNWbm3B3lQWKsw,TNJ TV,ea2ymoO1vkg,"[태극기집회] 올테면 와봐라! 불태워 주겠다!(대한애국당대표 조원진의원, 서울역, 1월20일)",2018-01-21T13:05:07Z,964.0,False,9675,809.0,82.0
2962,UCgP9xJ32cFNWbm3B3lQWKsw,TNJ TV,hOOCa2cnTH0,"[태극기집회] ※ 시국아리랑 시국뱃노래(가사有 자막기능 켜주세요) ※ 3.1절 재현! 서울역 태극기집회, 태극기물결이 우리나라 지도 형상을 이루다!(행진요약영상)1월20일",2018-01-21T21:33:48Z,303.0,False,46413,1867.0,110.0
2962,UCgP9xJ32cFNWbm3B3lQWKsw,TNJ TV,WV2OVMZl59U,[Live태극기] 1월27일(동화면세점 앞),2018-01-22T05:44:36Z,,False,0,14.0,0.0
2962,UCgP9xJ32cFNWbm3B3lQWKsw,TNJ TV,f-rq0p5scWw,"[트루스포럼] 총성 없이 순식간에 점령 당하는, 통일이념전쟁, 통합-통일 프레임의 허구 (박상봉 독일통일연구소대표)",2018-01-29T22:23:57Z,4256.0,False,1549,173.0,3.0
2962,UCgP9xJ32cFNWbm3B3lQWKsw,TNJ TV,w7ATE_CKmjQ,"[트루스포럼] 통합-통일 프레임의 허구에 속지 않기 위한, 질의응답 및 비하인드스토리 (박상봉 독일통일연구소대표)",2018-01-29T23:58:46Z,2119.0,False,1348,139.0,2.0
2962,UCgP9xJ32cFNWbm3B3lQWKsw,TNJ TV,UkABUEaaiQM,장영준고문 축사. 대한민국 어디로 가나? (주최: 자유민주주의 구국연합),2018-02-01T10:47:51Z,229.0,False,1858,70.0,3.0
2962,UCgP9xJ32cFNWbm3B3lQWKsw,TNJ TV,yE3PUMxdcUE,깜짝연사. 고려대트루스포럼 조평세. 대한민국 어디로 가나? (주최: 자유민주주의 구국연합),2018-02-01T11:17:00Z,715.0,False,1777,188.0,9.0
2962,UCgP9xJ32cFNWbm3B3lQWKsw,TNJ TV,Mpvmysk2fnk,깜짝연사. 민병일의시사포커스 민병일대표 . 대한민국 어디로 가나? (주최: 자유민주주의 구국연합),2018-02-02T00:12:06Z,611.0,False,2188,97.0,18.0
2962,UCgP9xJ32cFNWbm3B3lQWKsw,TNJ TV,VwfJoLvIQr0,초청연사. 허평환 전 기무사령관. 대한민국 어디로 가나? (주최: 자유민주주의 구국연합),2018-02-02T00:39:34Z,1631.0,False,2872,193.0,12.0
2962,UCgP9xJ32cFNWbm3B3lQWKsw,TNJ TV,6SXWYN6BPCs,"[태극기집회] 촛불정권의 촛불로 김정은을 불태우다!(이애란 탈북자최초박사, 서울역태극기집회, 2월3일)",2018-02-04T03:13:08Z,266.0,False,664,60.0,1.0
2962,UCgP9xJ32cFNWbm3B3lQWKsw,TNJ TV,yHyH_XzXlz8,"[태극기집회] 초등학교 2학년 어린이만도 못한 ... 홍준표?(이규리 심리학과교수, 서울역태극기집회, 2월3일)",2018-02-04T03:36:31Z,362.0,False,1550,140.0,17.0
2962,UCgP9xJ32cFNWbm3B3lQWKsw,TNJ TV,AK72_V27XVE,"[태극기집회] 평창올림픽? 죽어가던 김정은, 기사회생하다?!(곽성문 자유일보대표, 서울역태극기집회, 2월3일)",2018-02-04T03:44:49Z,464.0,False,490,44.0,4.0
2962,UCgP9xJ32cFNWbm3B3lQWKsw,TNJ TV,NIeJ2HBnO20,"[태극기집회] 북한인권 입도 뻥긋 못하는 문정권이 말하는 평화?(인지연 북한인권변호사, 서울역태극기집회, 2월3일)",2018-02-04T04:27:44Z,309.0,False,1024,77.0,7.0
2962,UCgP9xJ32cFNWbm3B3lQWKsw,TNJ TV,lEzjv-XdnOE,"[태극기집회] 길거리 인터뷰, 중간중간 깜짝영상이 있어요!(서울역태극기집회, 2월3일)",2018-02-04T08:51:21Z,439.0,False,9259,823.0,55.0
2962,UCgP9xJ32cFNWbm3B3lQWKsw,TNJ TV,6QKvJoxnPbM,"[태극기집회] ※ 벌레소년 평창유감 & 벌갱이넴 MIX ※ 서울역 최대인파 행진하이라이트 (서울역태극기집회, 2월3일)",2018-02-04T12:46:00Z,318.0,False,13755,966.0,26.0
2962,UCgP9xJ32cFNWbm3B3lQWKsw,TNJ TV,MLWtgc1zNdA,TNJ TV's broadcast,2018-02-05T12:48:21Z,,False,0,13.0,0.0
2962,UCgP9xJ32cFNWbm3B3lQWKsw,TNJ TV,DICMXtBnJpg,"와 진짜, 조국의 이런 발언... 당신의 생각은? ... 그의  참모습은?",2019-08-27T11:34:05Z,57.0,True,5216,206.0,55.0
2962,UCgP9xJ32cFNWbm3B3lQWKsw,TNJ TV,G685fAgHtKU,"[정미홍 미공개 영상] 박근혜 대통령 - 이재용 대법원 판결 관련, 생전 정미홍 예언! [박영수 특검, 그들의 정체와 정치놀음]",2019-08-29T11:16:40Z,3750.0,False,14093,992.0,84.0
2962,UCgP9xJ32cFNWbm3B3lQWKsw,TNJ TV,XZ1Nu0ur4cY,정미홍 대표 3주기 추모 영상 (그리운 여전사... 그 시절...),2021-07-25T11:02:31Z,590.0,False,6143,412.0,66.0
2963,UCg3fbghVDyzdmkJBR54VMjg,하니얌 haniyam,Vai1iGX9ddg,나 드레스 뭐입찌…?👰🏻‍♀️,2025-08-14T13:08:30Z,53.0,True,119423,668.0,317.0
2963,UCg3fbghVDyzdmkJBR54VMjg,하니얌 haniyam,Nsw9zkX42Ck,vlog. 본식 드레스 뭐 입지 ꕀ 👗 실크냐 비즈냐 그거시 문제로다.,2025-08-16T12:59:39Z,1261.0,False,23873,277.0,143.0
2963,UCg3fbghVDyzdmkJBR54VMjg,하니얌 haniyam,_YKGF96FWuc,vlog.우리 가족이 된걸 환영회 ~ 🤍 포항 풀빌라 | 언니랑 남자친구 케미 미침 (positive) | 퍼스널컬러 재검사 | 매일 야식파티.. 🍚,2025-08-24T12:00:59Z,2098.0,False,22114,357.0,144.0
2963,UCg3fbghVDyzdmkJBR54VMjg,하니얌 haniyam,w15N_HiLrnE,"vlog. 청첩장 모임 스타또 ꒰ ✉︎ ꒱ ! 맛집 대방출 , 결혼 가치관 딥 토크 💌",2025-09-02T12:14:15Z,1619.0,False,21110,320.0,51.0
2963,UCg3fbghVDyzdmkJBR54VMjg,하니얌 haniyam,y3AlRUrYMJ4,"vlog. (대박소식) 💍D-30, 신혼집 계약 | 신혼여행 따로 가는 썰 | 사르투 가방 | 먹킷리스트 뿌시기 🛒",2025-09-09T11:06:30Z,2179.0,False,35155,454.0,126.0
2963,UCg3fbghVDyzdmkJBR54VMjg,하니얌 haniyam,0NPLgjA_Bio,여름 가지마..아니 가…가지마…,2025-09-16T13:15:37Z,31.0,True,14101,114.0,0.0
2963,UCg3fbghVDyzdmkJBR54VMjg,하니얌 haniyam,NdL0ym2oBY4,"vlog. 자만추 끝판왕 첫만남썰 💭 하지정맥류 수술 | 살다살다 부라쟈 샤와를 받내 ,, ~ ㅋ;;;;",2025-09-18T12:02:51Z,1658.0,False,30984,358.0,69.0
2963,UCg3fbghVDyzdmkJBR54VMjg,하니얌 haniyam,02bYWigwCfo,"어머니 체력이슈로 낮에 찍었슴니다 ^^,, ᥫ᭡١٥٧٤♡",2025-09-22T13:40:31Z,14.0,True,22600,176.0,4.0
2963,UCg3fbghVDyzdmkJBR54VMjg,하니얌 haniyam,2E2AgVrQVto,부라쟈 사-와 받아부렀어 ~ ⭐️경축⭐️,2025-09-26T12:39:41Z,47.0,True,13661,93.0,4.0
2963,UCg3fbghVDyzdmkJBR54VMjg,하니얌 haniyam,92S-hC7hcJA,"Vlog. 프로포즈 〰️💍서울 웨딩스냅, 두바이 쫀득쿠키, 곱창맛집, 식전영상 촬영 🎥",2025-09-29T13:09:33Z,1512.0,False,29116,463.0,64.0
2963,UCg3fbghVDyzdmkJBR54VMjg,하니얌 haniyam,2cvINDLvVLU,발등에 불 떨어진 신부님들 피부과 좋네요..😵‍💫,2025-10-08T11:14:43Z,28.0,True,40702,251.0,5.0
2963,UCg3fbghVDyzdmkJBR54VMjg,하니얌 haniyam,zFEJEyFcAVA,vlog.👰🏻‍♀️ 낼 모레 결혼식.. 이렇게 먹는 신부 또 있을까.. | 블글라 🤎 | 경로당 마지막 👋🏻,2025-10-08T12:58:06Z,1459.0,False,25505,412.0,110.0
2963,UCg3fbghVDyzdmkJBR54VMjg,하니얌 haniyam,4BkDZ2n7ezk,다이어트는 망했지만 행복한 신부 하고 올개..,2025-10-10T14:03:33Z,31.0,True,36639,346.0,24.0
2963,UCg3fbghVDyzdmkJBR54VMjg,하니얌 haniyam,9j6_fT6-UuY,반응 넘 좋았던 행진율동. . 👰🏻‍♀️🖤🤵🏻,2025-10-22T11:56:14Z,35.0,True,29424,258.0,3.0
2963,UCg3fbghVDyzdmkJBR54VMjg,하니얌 haniyam,FtyLAE8Uj3A,"🇫🇷5박6일 파리여행 꾹꾹 ₊ ⊹🥖 뷰 쩌는 호텔, 쩝쩝박사 피셜 짱 맛zip, 에펠뷰 에어비앤비 🗼❤️",2025-10-25T12:00:37Z,2460.0,False,27489,408.0,48.0
2963,UCg3fbghVDyzdmkJBR54VMjg,하니얌 haniyam,GRNiRrPS5hc,vlog. 대망의 결혼식 👰🏻🖤🤵🏻.ᐟ 본식 밀착취재⸝⸝ 더링크 베일리홀 ⋆˚✿˖°,2025-11-02T11:28:37Z,1477.0,False,59911,951.0,128.0
2963,UCg3fbghVDyzdmkJBR54VMjg,하니얌 haniyam,5a_pXT1p4Js,결혼식 전날 뼈찜먹고도 날씬했던 이유..💭 효과직빵 리프팅시술/아무도 모르게 예뻐지는 수술/짱 맛있는 다욧트 제품/하지정맥류 솔직후기 💚,2025-11-06T09:59:28Z,1008.0,False,13891,170.0,92.0
2963,UCg3fbghVDyzdmkJBR54VMjg,하니얌 haniyam,q_oWLlQRRPg,vlog. 제주도에서 신혼생활 시작 ♡⸝⸝ 이사하고 짜장면 | 제주 단독주택 | 세차하고 장보고 집밥 해먹는 일상 🔆🌴,2025-11-10T12:09:19Z,2070.0,False,44435,546.0,107.0
2963,UCg3fbghVDyzdmkJBR54VMjg,하니얌 haniyam,rN3h1lvKD4A,#광고 메디큐브 우유 콜라겐 랩핑팩 광채 미쳤ㄷ ㅓ …♥️,2025-11-17T11:23:03Z,48.0,True,5771,34.0,2.0
2963,UCg3fbghVDyzdmkJBR54VMjg,하니얌 haniyam,cXjij-yKwWQ,"vlog. 제주도 신혼일상 🛵 우도에서 스쿠터 타고 집 마당에서 바베큐 파티ˎˊ˗ 아참 귤 이벤트두,,🍊",2025-11-20T13:06:10Z,2340.0,False,22976,467.0,312.0
2963,UCg3fbghVDyzdmkJBR54VMjg,하니얌 haniyam,I30rKYr5yyQ,vlog.제주도 신혼일상 | 남편 생일 서프라이즈 🎊 | 하니네민박 모집 | 오는정김밥 | 제주 이재모피자,2025-11-24T11:58:01Z,1840.0,False,27291,339.0,186.0
2963,UCg3fbghVDyzdmkJBR54VMjg,하니얌 haniyam,G3rLzYEfVmU,"vlog. 제주도 핫플투어🐴 핫한카페,먹킷리스트를 찢어 •• 두바이 쫀득쿠키 맛집도 발견 🍪",2025-12-04T12:48:25Z,1577.0,False,23063,253.0,58.0
2963,UCg3fbghVDyzdmkJBR54VMjg,하니얌 haniyam,0cNdRnS37g8,주말에도 직진배송 🚚 달려달려 💨,2025-12-06T07:44:23Z,14.0,True,14293,53.0,1.0
2963,UCg3fbghVDyzdmkJBR54VMjg,하니얌 haniyam,lB_vGPnEO5k,vlog. 천국도에 왔으니 직업공개 한번.. 🏝️ 베컴부부 최애 여행지 🛫 in 발리 🇮🇩,2025-12-10T12:02:58Z,1589.0,False,20894,280.0,42.0
2963,UCg3fbghVDyzdmkJBR54VMjg,하니얌 haniyam,gWhIL-L0k50,두쫀쿠에 이어 이번엔 과일모찌에 빠짐 💦🍊,2025-12-11T11:58:08Z,61.0,False,13806,122.0,5.0
2963,UCg3fbghVDyzdmkJBR54VMjg,하니얌 haniyam,o5qzb6sqkic,힙합?사랑? 됐어.. 난 찐빵이야,2025-12-16T12:35:29Z,41.0,True,13685,98.0,4.0
2963,UCg3fbghVDyzdmkJBR54VMjg,하니얌 haniyam,QY77CNsb6_U,"벌써 4번째 ₊˚ ❆ 2박3일 삿포로여행 ☃️ 맛집은 나만 믿어조.. (몬자야끼,초밥,스프카레,야끼니꾸,튀김덮밥,라멘,과일산도,당고🍡)",2025-12-17T11:40:35Z,1612.0,False,73213,860.0,66.0
2963,UCg3fbghVDyzdmkJBR54VMjg,하니얌 haniyam,ILRFH9bayo8,두바이는 유행이 아니다. 스테디다!,2025-12-20T11:55:32Z,46.0,True,20881,129.0,1.0
2963,UCg3fbghVDyzdmkJBR54VMjg,하니얌 haniyam,_UCvpfHAE9k,"vlog. 연말은 합법적으로 다이어트 금지쟈냐 ❥ 먹방브이로그 (불닭미역탕면,두바이쫀득쿠키,크크크치킨,과일모찌🍓)",2025-12-26T12:28:08Z,1908.0,False,24048,283.0,57.0
2963,UCg3fbghVDyzdmkJBR54VMjg,하니얌 haniyam,LNDr6__jaJ8,난 오늘도 두바이쫀득쿠키를 먹어요…,2025-12-28T13:32:42Z,56.0,True,16774,92.0,2.0
2963,UCg3fbghVDyzdmkJBR54VMjg,하니얌 haniyam,jxzP7lq-Do4,하니네민박 OPEN .ᐟ 🏡 사장님이 다퍼줘요..오만가지 프로그램 준비 완료ᢉ𐭩,2026-01-03T11:56:08Z,1831.0,False,22475,361.0,77.0
2963,UCg3fbghVDyzdmkJBR54VMjg,하니얌 haniyam,wEvPEVKpo1I,vlog. 한살 더 먹었지만 그냥 두쫀쿠 먹는 나.ᐟ🖤 연말연초 먹방브이로그 ᐢ•🐽•ᐢ,2026-01-13T12:00:42Z,2086.0,False,17873,242.0,56.0
2963,UCg3fbghVDyzdmkJBR54VMjg,하니얌 haniyam,QRMITVe7ELA,제주도 1티어 두쫀큐 📍아마 애월점 😉!,2026-01-15T12:01:36Z,39.0,True,13761,89.0,1.0
2963,UCg3fbghVDyzdmkJBR54VMjg,하니얌 haniyam,W2kqtT5hy9o,"서울여행VLOG 🚘 장원영 두쫀쿠.ᐟ 연희동 숨은맛집, 붙임머리, 더현대서울, 에어비앤비 추천 🏡",2026-01-19T11:42:02Z,1776.0,False,20284,274.0,102.0
2963,UCg3fbghVDyzdmkJBR54VMjg,하니얌 haniyam,yuT2aoiHFAg,도쿄여행VLOG 🚞 가마쿠라 당일치기 .ᐟ 긴자 맛집+카페+포토스팟 구글맵지도공유📍,2026-01-29T12:01:51Z,1840.0,False,33938,479.0,38.0
2963,UCg3fbghVDyzdmkJBR54VMjg,하니얌 haniyam,ANE5ancH3Uw,#광고 우리 부부의 건강한 주말루틴 🍅,2026-02-02T10:43:02Z,56.0,True,10967,78.0,4.0
2963,UCg3fbghVDyzdmkJBR54VMjg,하니얌 haniyam,XmmB5njcET0,두초생시대가 왔다..,2026-02-05T12:47:53Z,59.0,True,19035,137.0,2.0
2963,UCg3fbghVDyzdmkJBR54VMjg,하니얌 haniyam,659sl_kzsM8,울산여행VLOG🐬 현지인(=시아버님)찐맛집만 팹니다 👨🏻 두쫀쿠가 쌓여있는 울산 대유잼 🖤,2026-02-08T11:57:14Z,1586.0,False,52842,884.0,119.0
2963,UCg3fbghVDyzdmkJBR54VMjg,하니얌 haniyam,7g4PXxjujPU,제주도에도 칠리스 치즈스틱 떴다 🧀💛,2026-02-09T13:53:21Z,47.0,True,14701,125.0,2.0
2963,UCg3fbghVDyzdmkJBR54VMjg,하니얌 haniyam,gjtqESI87qQ,vlog.제주도 신혼일상🏠 초등학교 면접보고 경로당 출근 준비까지! 근황 업데이트 🧃,2026-02-15T12:19:02Z,1835.0,False,26863,298.0,56.0
2963,UCg3fbghVDyzdmkJBR54VMjg,하니얌 haniyam,txY8iziI-fo,"하니네민박.ᐟ🏡 ""나랑결혼해줄래?❤️"" 여자친구의 깜짝 프로포즈 project 💍",2026-03-01T12:00:36Z,1540.0,False,14820,321.0,44.0
2963,UCg3fbghVDyzdmkJBR54VMjg,하니얌 haniyam,ZXCSBI1GMlE,"vlog.제주도 신혼일상🏠 떨리는 첫 출근..♡ 강민경 김치찜, 삼겹살데이, 이재모피자, 카페추천☕️",2026-03-08T12:03:18Z,1648.0,False,24782,339.0,97.0
2963,UCg3fbghVDyzdmkJBR54VMjg,하니얌 haniyam,gOAo4sfPCJQ,"3박4일 교토여행🥢🇯🇵 제발 이대로만 가주세요❤️‍🔥 예약가능한 찐맛집,가성비 온천호텔,매일 먹은 모찌맛집,소우소우,하루카 키티 ☘️",2026-03-15T12:04:14Z,1928.0,False,32710,522.0,50.0
2963,UCg3fbghVDyzdmkJBR54VMjg,하니얌 haniyam,7PQocSvg1R4,vlog. 다이어트 브이로그🥛스위치온 다이어트 후기 | 일주일에 -4kg | 제주도 부라타치즈 존맛집 | 출근일상 🧘🏻‍♀️,2026-03-21T11:50:43Z,1774.0,False,20361,329.0,255.0
2963,UCg3fbghVDyzdmkJBR54VMjg,하니얌 haniyam,Xp6Igf1aD9k,"귀여운거 다 뿌셔 ꕀ 나 혼자 부산여행 🩵 ꒰ 키티케이크,하트피자,빨간떡볶이,돼지국밥,콩국,하트 두쫀쿠 ꒱",2026-03-27T12:38:05Z,1514.0,False,21689,306.0,31.0
2963,UCg3fbghVDyzdmkJBR54VMjg,하니얌 haniyam,M21otoC0Lrk,vlog. 생일주간⋆°이지만 출근은 해야지 🖤 월화수목금퇼 제주살이 밀착취재 🔎,2026-04-02T12:21:43Z,2472.0,False,19198,287.0,78.0
2963,UCg3fbghVDyzdmkJBR54VMjg,하니얌 haniyam,Ql6FRYGqZGk,결혼식 정보 탈탈 털어옴 📁 더링크호텔 총비용/제일 후회되는 것/스드메 업체/결혼준비 총정리! (예비신부 꼭보기..) 💍,2026-04-12T11:46:44Z,1473.0,False,26103,449.0,136.0
2963,UCg3fbghVDyzdmkJBR54VMjg,하니얌 haniyam,nZZswYXY38s,"vlog. 드레스입고 운전하는 신부🪽 아빠랑 웨딩스냅 👴🏻, 숨겨둔 도민맛집 대방출, 제주도 신혼일상 💚",2026-04-20T12:57:34Z,1836.0,False,14726,313.0,78.0
2963,UCg3fbghVDyzdmkJBR54VMjg,하니얌 haniyam,qr_wvfW5H-Q,"vlog. 제주도 신혼일상 ୨♡୧ 맵탱 꼬막부추라면, 요즘 맨날 해먹는 다이어트 비빔면, 𝙣𝙚𝙬 보부상백 👜",2026-04-27T11:46:59Z,1729.0,False,16370,204.0,41.0
2963,UCg3fbghVDyzdmkJBR54VMjg,하니얌 haniyam,DwXK8g70pCw,"3박4일 상하이 (먹방ㅎ) 브이로그 🇨🇳 맛집 웨이팅 안하는법 ⭑.ᐟ 호텔 출장 메이크업, 유행하는거 다 먹고 해보기 ˎˊ˗",2026-05-11T11:57:27Z,2198.0,False,16257,295.0,65.0
2964,UCEJGbc0KhEwHbceC4bSHE1g,짧은힙합,rwBhlsC_3jg,달달한 음색이 개쩌는 범키 #shorts,2026-04-23T05:00:00Z,42.0,True,3123,21.0,0.0
2964,UCEJGbc0KhEwHbceC4bSHE1g,짧은힙합,1xEoAyuu5a4,작두타는 키드밀리 박자 개잘타네 #shorts,2026-04-23T09:00:00Z,60.0,True,7453,98.0,1.0
2964,UCEJGbc0KhEwHbceC4bSHE1g,짧은힙합,zOeqiWClQ7E,세련된 보이스로 킬링벌스 찢는 범키 #shorts,2026-04-24T03:00:00Z,42.0,True,3286,27.0,0.0
2964,UCEJGbc0KhEwHbceC4bSHE1g,짧은힙합,p7Ba-IaElmc,ㅈㄹ 맛있다 라이브 개지리네 #shorts,2026-04-24T05:00:00Z,48.0,True,16065,97.0,15.0
2964,UCEJGbc0KhEwHbceC4bSHE1g,짧은힙합,WSBYO-15lL4,딕션 미쳤다 타격감 너무좋음 #shorts,2026-04-24T09:00:00Z,48.0,True,7669,72.0,1.0
2964,UCEJGbc0KhEwHbceC4bSHE1g,짧은힙합,UIIQgyJVb44,딕션 개맛도리 타격감 개쩌네 #shorts,2026-04-27T03:00:00Z,51.0,True,10209,101.0,0.0
2964,UCEJGbc0KhEwHbceC4bSHE1g,짧은힙합,ZLa2oaQidh8,미친 비트에 더 미쳐버린 랩 #shorts,2026-04-27T05:00:00Z,44.0,True,7694,47.0,5.0
2964,UCEJGbc0KhEwHbceC4bSHE1g,짧은힙합,bQceQ0A_BF4,페노메코 음색은 ㄹㅇ 독보적임 #shorts,2026-04-27T09:00:00Z,47.0,True,38301,592.0,25.0
2964,UCEJGbc0KhEwHbceC4bSHE1g,짧은힙합,kLy_CP0fQ2U,박자감 미쳤네 라이브 개좋음 ㄹㅇ #shorts,2026-04-28T03:00:00Z,49.0,True,15232,212.0,12.0
2964,UCEJGbc0KhEwHbceC4bSHE1g,짧은힙합,l5nzPWxJjxk,담백한데 개맛있는 피타입 #shorts,2026-04-28T05:00:00Z,44.0,True,24803,368.0,13.0
2964,UCEJGbc0KhEwHbceC4bSHE1g,짧은힙합,g4cdiLfuktA,ㄹㅇ 국힙원탑임 바이브 개좋네 #shorts,2026-04-28T09:00:00Z,34.0,True,29368,223.0,12.0
2964,UCEJGbc0KhEwHbceC4bSHE1g,짧은힙합,T71GiZK-I2I,박자감 지리는 자이언티의 라이브 #shorts,2026-04-29T03:00:00Z,53.0,True,16565,153.0,3.0
2964,UCEJGbc0KhEwHbceC4bSHE1g,짧은힙합,hrFLquD9Edg,딕션 미쳤다 벌스 찢네 ㄹㅇ #shorts,2026-04-29T05:00:00Z,59.0,True,17911,230.0,3.0
2964,UCEJGbc0KhEwHbceC4bSHE1g,짧은힙합,D6ketYqQ1Iw,라이브는 ㄹㅇ 깔수없는 저스디스 #shorts,2026-04-29T09:00:00Z,37.0,True,9526,70.0,5.0
2964,UCEJGbc0KhEwHbceC4bSHE1g,짧은힙합,4cDM7QjN6co,사투리 랩은 ㄹㅇ 너무 맛있음 #shorts,2026-04-30T03:00:00Z,41.0,True,156696,707.0,37.0
2964,UCEJGbc0KhEwHbceC4bSHE1g,짧은힙합,4-msLKXLqgA,후드티 빡세게 괴롭히는 나플라 #shorts,2026-04-30T05:00:00Z,49.0,True,9362,161.0,2.0
2964,UCEJGbc0KhEwHbceC4bSHE1g,짧은힙합,Ym_f0U_8KD0,흑형 바이브는 절대 못따라감 ㄹㅇ #shorts,2026-04-30T09:00:00Z,39.0,True,2827,17.0,1.0
2964,UCEJGbc0KhEwHbceC4bSHE1g,짧은힙합,nrRxkXlwBgM,ㄹㅇ 음원보다 더 좋은 라이브 #shorts,2026-05-01T03:00:00Z,40.0,True,3954,23.0,0.0
2964,UCEJGbc0KhEwHbceC4bSHE1g,짧은힙합,4Mz2RwqhB2U,이 음색은 진짜 질리지가 않음 #shorts,2026-05-01T05:00:00Z,37.0,True,3768,27.0,0.0
2964,UCEJGbc0KhEwHbceC4bSHE1g,짧은힙합,7D9y7lZGUkI,박자감각 미쳤네 타격감 개좋음 #shorts,2026-05-01T09:00:00Z,49.0,True,45176,383.0,24.0
2964,UCEJGbc0KhEwHbceC4bSHE1g,짧은힙합,t_uVaLSPt_4,본인 색 확실한 페노메코 라이브 #shorts,2026-05-04T03:00:00Z,36.0,True,13877,138.0,1.0
2964,UCEJGbc0KhEwHbceC4bSHE1g,짧은힙합,Bm1VGkfC4u0,양동근 바이브는 이길수가없음 ㄹㅇ #shorts,2026-05-04T05:00:00Z,44.0,True,10584,48.0,2.0
2964,UCEJGbc0KhEwHbceC4bSHE1g,짧은힙합,8DcuasQVxRU,비트는 나른한데 랩은 귀에 꽂힌다 #shorts,2026-05-04T09:00:00Z,42.0,True,9776,92.0,2.0
2964,UCEJGbc0KhEwHbceC4bSHE1g,짧은힙합,vFo5sKpYwyU,한국힙합 고트 호랑이정권 #shorts,2026-05-05T03:00:00Z,39.0,True,2951,15.0,0.0
2964,UCEJGbc0KhEwHbceC4bSHE1g,짧은힙합,JdBbk6eZv4Q,현 국힙원탑 비와이의 라이브 #shorts,2026-05-05T05:00:00Z,39.0,True,17327,130.0,18.0
2964,UCEJGbc0KhEwHbceC4bSHE1g,짧은힙합,HLXV89FWVSQ,타격감 지리는 수퍼비 킬링벌스 #shorts,2026-05-05T09:00:00Z,41.0,True,23289,208.0,2.0
2964,UCEJGbc0KhEwHbceC4bSHE1g,짧은힙합,vGPHaa6vX2I,개맛있는 비트에 퍼포먼스 지린다 ㄹㅇ #shorts,2026-05-06T03:00:00Z,39.0,True,2017,6.0,0.0
2964,UCEJGbc0KhEwHbceC4bSHE1g,짧은힙합,G8CRCWxc-k0,박자 맛깔나게 타버리는 쌈디 #shorts,2026-05-06T05:00:00Z,49.0,True,22472,206.0,6.0
2964,UCEJGbc0KhEwHbceC4bSHE1g,짧은힙합,iedF_3PeAfA,지금 들어도 전혀 손색없는 노래 #shorts,2026-05-06T09:00:00Z,55.0,True,2468,13.0,0.0
2964,UCEJGbc0KhEwHbceC4bSHE1g,짧은힙합,Zr9G4TJmQ54,귀에 꽂히는 음색 라이브 개잘함 #shorts,2026-05-07T03:00:00Z,54.0,True,2751,19.0,0.0
2964,UCEJGbc0KhEwHbceC4bSHE1g,짧은힙합,eXGhMHNnOF4,음색 미쳤네 라이브 쩌는 콜드 #shorts,2026-05-07T05:00:00Z,39.0,True,3005,22.0,1.0
2964,UCEJGbc0KhEwHbceC4bSHE1g,짧은힙합,TZXpKTtWC0o,지금들으면 ㅈㄴ 신선한 이그니토 #shorts,2026-05-07T09:00:00Z,44.0,True,2442,17.0,4.0
2964,UCEJGbc0KhEwHbceC4bSHE1g,짧은힙합,0BSu4MvN-wc,비트 개맛있게타는 허클베리피 #shorts,2026-05-08T03:00:11Z,45.0,True,21483,212.0,12.0
2964,UCEJGbc0KhEwHbceC4bSHE1g,짧은힙합,70e7YoEHBws,지리는 비트에 개지리는 라이브 #shorts,2026-05-08T05:00:15Z,43.0,True,13513,182.0,13.0
2964,UCEJGbc0KhEwHbceC4bSHE1g,짧은힙합,8Ud2hTs49Lg,랩 ㅈㄹ맛있다 개쩌는 양동근 #shorts,2026-05-08T09:00:13Z,35.0,True,72683,557.0,60.0
2964,UCEJGbc0KhEwHbceC4bSHE1g,짧은힙합,DYG9rT2ns2U,남다른 그루브 넉살의 킬링벌스 #shorts,2026-05-11T03:00:20Z,42.0,True,18516,148.0,1.0
2964,UCEJGbc0KhEwHbceC4bSHE1g,짧은힙합,3rDjXRrCDcE,모르고봐도 잘한다는건 알겠음 #shorts,2026-05-11T05:00:17Z,55.0,True,40833,309.0,26.0
2964,UCEJGbc0KhEwHbceC4bSHE1g,짧은힙합,1UHP68YLM64,프로듀싱과 랩 둘 다 잘하는 그레이 #shorts,2026-05-11T09:00:36Z,45.0,True,13781,119.0,4.0
2964,UCEJGbc0KhEwHbceC4bSHE1g,짧은힙합,CVzJZ3f4vT0,음색이 주는 타격감이 개지림 #shorts,2026-05-12T03:00:36Z,51.0,True,12666,239.0,7.0
2964,UCEJGbc0KhEwHbceC4bSHE1g,짧은힙합,sehETzEqVaI,따라올 사람이 없는 국보급 래퍼 #shorts,2026-05-12T05:00:01Z,39.0,True,50459,334.0,34.0
2964,UCEJGbc0KhEwHbceC4bSHE1g,짧은힙합,LsloCeAlKsg,ㄹㅇ 미친재능 간지 끝판왕 양동근 #shorts,2026-05-12T09:00:17Z,40.0,True,18780,158.0,14.0
2964,UCEJGbc0KhEwHbceC4bSHE1g,짧은힙합,-zV201q7-lk,개쩌네 ㄹㅇ 넉살이 넉살했다 #shorts,2026-05-13T03:00:12Z,48.0,True,20523,278.0,4.0
2964,UCEJGbc0KhEwHbceC4bSHE1g,짧은힙합,IKCw9iUY5v4,편한 음색이 듣기 너무좋음 #shorts,2026-05-13T05:00:23Z,60.0,True,741,2.0,0.0
2964,UCEJGbc0KhEwHbceC4bSHE1g,짧은힙합,pvhNPsqOtQA,차원이 다른 화나 진짜 개간지네 #shorts,2026-05-13T09:00:17Z,62.0,False,13633,192.0,13.0
2964,UCEJGbc0KhEwHbceC4bSHE1g,짧은힙합,O3w3xB8VmYo,랩이랑 퍼포먼스 둘 다 미쳤다 #shorts,2026-05-14T03:00:10Z,36.0,True,1435,2.0,1.0
2964,UCEJGbc0KhEwHbceC4bSHE1g,짧은힙합,FREVhF5rqDw,ㅈㄴ 맛있다는 비와이 가라사대 #shorts,2026-05-14T05:00:22Z,45.0,True,15298,142.0,5.0
2964,UCEJGbc0KhEwHbceC4bSHE1g,짧은힙합,7QbtWTMy3nk,타격감 찰진게 ㄹㅇ 듣기 개좋음 #shorts,2026-05-14T09:00:22Z,40.0,True,8817,50.0,6.0
2964,UCEJGbc0KhEwHbceC4bSHE1g,짧은힙합,cFpnALc9TiQ,개쩌는 음색의 후디 느좋 라이브 #shorts,2026-05-15T03:00:32Z,31.0,True,1631,5.0,0.0
2964,UCEJGbc0KhEwHbceC4bSHE1g,짧은힙합,EBSdV57W0Kc,날것의 힙합 이런 바이브도 좋네 #shorts,2026-05-15T05:00:10Z,41.0,True,9476,51.0,13.0
2964,UCEJGbc0KhEwHbceC4bSHE1g,짧은힙합,mi-NDoNbqC4,여유에서 나오는 바이브 개쩐다 #shorts,2026-05-15T09:00:05Z,44.0,True,999,8.0,0.0
2965,UCdsOCXylXD-pUO12vMXpwog,흑형코미디,3OdekaLiEC8,KSI 한글자막 | 운동선수 아니면 야동배우? (엄빠주의),2016-02-28T22:16:27Z,685.0,False,291139,731.0,180.0
2965,UCdsOCXylXD-pUO12vMXpwog,흑형코미디,8Bz7sTX_O34,KSI 한글자막 | 존나 웃긴 얼굴 맞바꾸기!! FACESWAP BANTER!!!!!,2016-03-07T17:12:10Z,411.0,False,194488,1257.0,130.0
2965,UCdsOCXylXD-pUO12vMXpwog,흑형코미디,x9RiAVK8yLo,KSI 애니메이션 | 데지가 나한테 오줌 쌌던 썰,2016-03-25T08:46:35Z,203.0,False,84142,823.0,64.0
2965,UCdsOCXylXD-pUO12vMXpwog,흑형코미디,jEXSt-GaaDo,KSI 한글자막 | 아킨펜와를 찬양하라,2016-04-04T21:40:30Z,128.0,False,143584,481.0,52.0
2965,UCdsOCXylXD-pUO12vMXpwog,흑형코미디,1WAzEJLDLLA,KSI 한글자막 | EA가 개새기인 이유,2016-04-18T13:58:33Z,605.0,False,88023,435.0,74.0
2965,UCdsOCXylXD-pUO12vMXpwog,흑형코미디,VfFX44jkj0A,KSI 한글자막 | 인종차별적 발언에 대한 흑형의 반응,2016-05-01T16:43:24Z,192.0,False,1095969,3972.0,548.0
2965,UCdsOCXylXD-pUO12vMXpwog,흑형코미디,OhnIm6ZxfsE,KSI 한글자막 | KSI는 너구리다?,2016-05-13T08:43:45Z,286.0,False,181660,1401.0,185.0
2965,UCdsOCXylXD-pUO12vMXpwog,흑형코미디,hH0rUJDZKa8,NBA 사고영상 모음 | The Starters | NBA Bloopers,2016-06-05T09:07:37Z,218.0,False,291568,454.0,61.0
2965,UCdsOCXylXD-pUO12vMXpwog,흑형코미디,FxIgs-_BlYc,KSI 한글자막 | 흑형의 오버워치 체험기,2016-07-11T18:01:29Z,885.0,False,2006792,6199.0,1731.0
2965,UCdsOCXylXD-pUO12vMXpwog,흑형코미디,_nY18MBR3BE,KSI 한글자막 | 다이아몬드 플레이 버튼!!!,2016-07-30T23:04:09Z,213.0,False,1994952,12812.0,1723.0
2965,UCdsOCXylXD-pUO12vMXpwog,흑형코미디,QWdYy9QhVY8,KSI 한글자막 | 윈스턴은 쓰레기다,2016-08-15T06:38:38Z,264.0,False,220248,1371.0,586.0
2965,UCdsOCXylXD-pUO12vMXpwog,흑형코미디,k8hkdRRjEj0,KSI 한글자막 | 불에 달군 카타나로 다이아몬드 플레이버튼 짜르기!!!!,2017-02-13T09:27:54Z,235.0,False,117274,956.0,165.0
2965,UCdsOCXylXD-pUO12vMXpwog,흑형코미디,s6D9IOiUzTw,KSI 한글자막 | 흑형의 소개팅 앱에서 넷카마질하기,2017-02-19T13:09:07Z,680.0,False,123868,1086.0,112.0
2965,UCdsOCXylXD-pUO12vMXpwog,흑형코미디,8WUr5y_9owU,KSI 한글자막 | 인종차별적인 광고 보기,2017-03-01T19:23:23Z,390.0,False,773126,6202.0,744.0
2965,UCdsOCXylXD-pUO12vMXpwog,흑형코미디,nzqHw1yDrSc,KSI 한글자막 | 서바이벌 패널티 챌린지 !!!,2017-05-28T08:02:49Z,328.0,False,38697,262.0,59.0
2965,UCdsOCXylXD-pUO12vMXpwog,흑형코미디,_nPJ0n7c4MM,케빈하트 한글자막 | 선생님한테 욕한 썰,2017-06-06T04:08:43Z,225.0,False,1546411,18337.0,397.0
2965,UCdsOCXylXD-pUO12vMXpwog,흑형코미디,N7lESCbBiw8,진지하게 루이 ck자막 만들기,2017-06-15T11:07:09Z,3186.0,False,1871,22.0,5.0
2965,UCdsOCXylXD-pUO12vMXpwog,흑형코미디,9oKQMzkgXK4,빡집중 루이ck 자막 만들기,2017-06-17T11:31:49Z,9093.0,False,2056,29.0,7.0
2965,UCdsOCXylXD-pUO12vMXpwog,흑형코미디,oxFZg66-GdQ,흑형코미디 | 저작권 문제에 관해,2017-06-28T13:40:07Z,82.0,False,18019,334.0,121.0
2965,UCdsOCXylXD-pUO12vMXpwog,흑형코미디,3_PJgpQYpuk,KSI 복귀 영상 한글자막,2017-06-28T14:05:38Z,42.0,True,40173,331.0,57.0
2965,UCdsOCXylXD-pUO12vMXpwog,흑형코미디,GKhkuxDZPg4,KSi 복귀함 / 케빈하트 자막 만드는 초월 번역,2017-06-28T16:10:26Z,6584.0,False,9418,80.0,10.0
2965,UCdsOCXylXD-pUO12vMXpwog,흑형코미디,OAghlGSqS0k,지미 팰런 한글자막 | 케빈하트와 개쩌는 롤러코스터 타기,2017-07-08T13:44:13Z,271.0,False,250917,1969.0,133.0
2965,UCdsOCXylXD-pUO12vMXpwog,흑형코미디,2Q9RpYnhPd0,KSI 한글자막 | Sidemen을 탈퇴한 KSI,2017-08-12T17:35:18Z,245.0,False,37129,325.0,57.0
2965,UCdsOCXylXD-pUO12vMXpwog,흑형코미디,vGeVesJKqUg,케빈하트 한글자막 | 정신 나간 여자친구,2017-08-30T10:12:55Z,313.0,False,288462,2566.0,99.0
2965,UCdsOCXylXD-pUO12vMXpwog,흑형코미디,1hnrN_QOew4,맥그리거가 2년전 코난쇼에서 메이웨더에 관해 했던 인터뷰,2017-08-30T11:01:25Z,117.0,False,40058,211.0,53.0
2965,UCdsOCXylXD-pUO12vMXpwog,흑형코미디,Kb5EJNCBVCI,"루이 ck 한글자막 | 딸 두명과 공중화장실, 큰 성기 등등",2017-09-06T09:14:14Z,337.0,False,83255,623.0,49.0
2965,UCdsOCXylXD-pUO12vMXpwog,흑형코미디,jqssn1FZI6w,케빈하트 한글자막 | 말을 타다가 얻게된 뜻밖의 사랑,2017-09-13T13:51:16Z,319.0,False,201192,1997.0,92.0
2965,UCdsOCXylXD-pUO12vMXpwog,흑형코미디,qu7qpWb9vWQ,[폭력성주의] 미국에서 열린 싸대기 대회,2017-09-20T16:20:27Z,401.0,False,287614,1262.0,299.0
2965,UCdsOCXylXD-pUO12vMXpwog,흑형코미디,ijWx19inioY,[다큐멘터리] 40년 동안 숲속에서 홀로 생활한 남자,2017-09-28T12:05:20Z,308.0,False,7728,76.0,16.0
2965,UCdsOCXylXD-pUO12vMXpwog,흑형코미디,lTpR47cf3IM,Kendrick Lamar 켄드릭라마 - Humble 가사해석 feat. 시럽 샌드위치,2017-09-30T12:27:34Z,48.0,True,12468,136.0,34.0
2965,UCdsOCXylXD-pUO12vMXpwog,흑형코미디,UPirPznLJrA,명곡을 스파게티로 망쳐보았다 에미넴 - Lose Yourself,2017-10-09T08:11:39Z,278.0,False,35284,759.0,127.0
2965,UCdsOCXylXD-pUO12vMXpwog,흑형코미디,SrF8ou6eQI8,"코난오브라이언 한글자막 | 케빈하트 호주의 인종차별 코알라, 거세캥거루 등등",2017-10-20T21:14:59Z,405.0,False,162093,1460.0,93.0
2965,UCdsOCXylXD-pUO12vMXpwog,흑형코미디,2DYIs6-kJSU,KSI 한글자막 | 네덜란드의 인종차별적 문화에 개빡친 흑인,2017-11-03T09:32:32Z,317.0,False,60487,649.0,111.0
2965,UCdsOCXylXD-pUO12vMXpwog,흑형코미디,xQfpeysok4s,흑코 자막 뭐 만들지,2017-11-06T14:53:35Z,4739.0,False,2075,40.0,5.0
2965,UCdsOCXylXD-pUO12vMXpwog,흑형코미디,HMB4liYibDw,케빈하트 한글자막 | 여자들은 이해 못하는 남자들의 빡겜,2017-11-10T10:26:00Z,369.0,False,39159,392.0,32.0
2965,UCdsOCXylXD-pUO12vMXpwog,흑형코미디,Hs4pG5U7pPs,흑코 스트리밍 하이라이트 #01 구독자 10만명 달성!!!,2017-11-14T07:07:46Z,473.0,False,6489,92.0,17.0
2965,UCdsOCXylXD-pUO12vMXpwog,흑형코미디,DiV0cqV4hJY,KSI 한글자막 | 새 여친!!,2017-11-15T06:00:01Z,44.0,True,39353,229.0,25.0
2965,UCdsOCXylXD-pUO12vMXpwog,흑형코미디,4brpvNaAdvU,[힐링물] 아침을 맞는 귀여운 애교쟁이 여우 뚜루루 뚜루,2017-11-18T09:24:36Z,166.0,False,109580,1580.0,230.0
2965,UCdsOCXylXD-pUO12vMXpwog,흑형코미디,E21RGH_u2ac,KSI 한글자막 | 유명한 바인 따라잡기,2017-11-21T09:15:57Z,114.0,False,19825,190.0,23.0
2965,UCdsOCXylXD-pUO12vMXpwog,흑형코미디,6sbQCL_L9Cg,흑코 스트리밍 하이라이트 #02 썸네일 자랑 17.10.12일자,2017-11-25T01:46:49Z,246.0,False,5633,42.0,11.0
2965,UCdsOCXylXD-pUO12vMXpwog,흑형코미디,-qrN0zM72y4,CSG 한글자막 | '억'소리 나는 람보르기니 뽑은 KSI 동생,2017-11-27T02:30:00Z,249.0,False,21736,236.0,56.0
2965,UCdsOCXylXD-pUO12vMXpwog,흑형코미디,C3PWq6WC28g,키친 나이트메어 한글자막 | 고든램지가 맛있게 평가한 식당 6개,2017-12-01T15:02:59Z,358.0,False,2361653,15678.0,1278.0
2965,UCdsOCXylXD-pUO12vMXpwog,흑형코미디,wu_QhrUPWWE,케빈하트 한글자막 | 돈에 대한 견해,2017-12-09T03:04:45Z,242.0,False,18769,215.0,29.0
2965,UCdsOCXylXD-pUO12vMXpwog,흑형코미디,ePBUlmQv7PE,아시아 갓 탤런트 우승자 '성스러운 리아나' 1차 오디션,2017-12-24T09:35:31Z,267.0,False,24411,200.0,36.0
2965,UCdsOCXylXD-pUO12vMXpwog,흑형코미디,MQApYjC4Pro,고든램지 상남자 모음,2018-01-03T23:35:46Z,315.0,False,55232,454.0,50.0
2965,UCdsOCXylXD-pUO12vMXpwog,흑형코미디,lBwXrUTymjA,흑코 아주 잠깐 업데이트,2018-02-14T07:32:33Z,,False,0,0.0,0.0
2965,UCdsOCXylXD-pUO12vMXpwog,흑형코미디,KYN7F75u-Bk,알고보니 실화였던 도시전설 10가지 ㄷㄷ,2018-03-01T11:24:27Z,500.0,False,29844,434.0,50.0
2965,UCdsOCXylXD-pUO12vMXpwog,흑형코미디,nqCK67lwzDI,[혐주의] 개는 누가 키워? - 청산가리와 행복 (Who Gets The Dog? - Cyanide & Happiness Shorts),2018-03-07T00:03:17Z,88.0,False,20468,292.0,41.0
2965,UCdsOCXylXD-pUO12vMXpwog,흑형코미디,N7apKS7tF0E,크리스 포터 스탠드업 코미디 Ugly and Angry - 타코벨,2018-07-06T23:07:08Z,137.0,False,17038,245.0,46.0
2965,UCdsOCXylXD-pUO12vMXpwog,흑형코미디,rwpJs6Iav2Q,[KSI 한글자막] 피파하며 풀발하는 KSI를 본 미국 10대들의 반응,2018-12-15T10:12:25Z,391.0,False,82054,1045.0,171.0
2966,UCt7z2bycy0nYFBao7ju9HFQ,Roti Roblox,mue8myUAc5Q,이영상을 리믹스과 그룹을 가입하면 가장 조회수가 높은분께 천로벅? 당장해야지 이름:파크부대 #roblox,2025-05-20T09:07:49Z,8.0,True,535,3.0,0.0
2966,UCt7z2bycy0nYFBao7ju9HFQ,Roti Roblox,tZPdsgm3xhQ,무서운 순간 가득! 사망 하지않고 살아남기!,2025-05-22T13:15:08Z,667.0,False,34,1.0,0.0
2966,UCt7z2bycy0nYFBao7ju9HFQ,Roti Roblox,Nc8EH53kTAM,여러분의 로벅스 갯수를 골라보세요!     출처:매드머,2025-05-22T23:04:59Z,14.0,True,49,2.0,0.0
2966,UCt7z2bycy0nYFBao7ju9HFQ,Roti Roblox,3mbmt6eBBKo,"위태로운 순간, 총알은 어디에? 러시안 룰렛 도전기ㄱㄴ?",2025-05-29T11:45:17Z,492.0,False,18,0.0,0.0
2966,UCt7z2bycy0nYFBao7ju9HFQ,Roti Roblox,HDNmIbH0NDc,인사이드 아웃 #인사이드아웃,2025-05-29T12:47:23Z,15.0,True,1753,5.0,0.0
2966,UCt7z2bycy0nYFBao7ju9HFQ,Roti Roblox,avoRWq3BZ-Y,공유 에서 3번째 나온사람이 먼저 고백 한데!!!! 3번째 엄마 아니면 아빠 아니면 오픈채팅이 나오면 구독 해줘! #roblox,2025-05-29T13:17:01Z,12.0,True,1319,13.0,0.0
2966,UCt7z2bycy0nYFBao7ju9HFQ,Roti Roblox,xjhx8Hn5PRU,우리 반 남자 애들 특임 찐임,2025-06-11T10:39:58Z,28.0,True,1295,10.0,2.0
2966,UCt7z2bycy0nYFBao7ju9HFQ,Roti Roblox,05_-q6hSTeA,Why We Love 5SOS – Must-Watch Moments!”,2025-06-11T10:43:19Z,26.0,True,589,2.0,0.0
2966,UCt7z2bycy0nYFBao7ju9HFQ,Roti Roblox,CN6UFZ7bbO0,가장좋아하는 유튜버를 골라주세요!,2025-06-12T07:11:59Z,14.0,True,473,1.0,0.0
2966,UCt7z2bycy0nYFBao7ju9HFQ,Roti Roblox,d8vt_7wTfKM,우리반 여자 애들 특,2025-06-12T07:20:51Z,14.0,True,2563,35.0,7.0
2966,UCt7z2bycy0nYFBao7ju9HFQ,Roti Roblox,fLl5mWW204E,가장 좋아하는 히어로를 골라주세요!,2025-07-05T05:50:19Z,15.0,True,598,5.0,1.0
2966,UCt7z2bycy0nYFBao7ju9HFQ,Roti Roblox,hQq36Im2H4U,562만개의 폭탄 [로블록스 애니메이션],2025-07-05T05:51:54Z,56.0,True,1267,13.0,2.0
2966,UCt7z2bycy0nYFBao7ju9HFQ,Roti Roblox,K9JKaKqYEiM,“562만 개 터뜨렸더니… 그 집이 베이컨 집이었다고? 💥 [로블록스 애니메이션]” #로블록스 #애니메이션 #베이컨 #폭탄 #shorts #웃긴영상,2025-07-06T09:49:26Z,56.0,True,1067,4.0,0.0
2966,UCt7z2bycy0nYFBao7ju9HFQ,Roti Roblox,T_m1YlpcLe8,{로블록스 애니매이션} 급발진? 교통사고,2025-07-07T09:58:13Z,46.0,True,56,4.0,0.0
2966,UCt7z2bycy0nYFBao7ju9HFQ,Roti Roblox,HW9NNtZuVso,가장 좋아하는 꽃을 골라주세요! #roblox,2025-07-07T13:32:12Z,15.0,True,920,11.0,0.0
2966,UCt7z2bycy0nYFBao7ju9HFQ,Roti Roblox,wAs4pWnFW0k,가장 좋아하는 히어로를 골라주세요! 출처 매드머 #roblox #최강히어로 #베이컨 #로블계 #다크히어로 #애니메이션 #로블,2025-07-08T23:45:13Z,15.0,True,265,3.0,0.0
2966,UCt7z2bycy0nYFBao7ju9HFQ,Roti Roblox,ruH2dIeazkY,엄마… 가지마｜로블록스 감정 애니 끝판왕,2025-07-10T08:00:59Z,122.0,False,85,4.0,0.0
2966,UCt7z2bycy0nYFBao7ju9HFQ,Roti Roblox,-50YNy3VK9A,엄마..가지마…,2025-07-13T00:16:06Z,31.0,True,309,2.0,0.0
2966,UCt7z2bycy0nYFBao7ju9HFQ,Roti Roblox,0GFd9zyremY,가장 좋아하는 라면을 골라주세요! 출처 매드머,2025-07-14T23:25:19Z,16.0,True,850,3.0,0.0
2966,UCt7z2bycy0nYFBao7ju9HFQ,Roti Roblox,KkVVMB9mQn8,그를 죽이면 안 됐는데... 로블록스 공포 학교 애니메이션 (무서운 이야기),2025-07-16T08:34:45Z,77.0,False,811,11.0,1.0
2966,UCt7z2bycy0nYFBao7ju9HFQ,Roti Roblox,UTGAL2qE1LU,그를 죽이면 안됐었어..,2025-07-17T23:02:17Z,36.0,True,412,2.0,0.0
2966,UCt7z2bycy0nYFBao7ju9HFQ,Roti Roblox,5iYogGRHWeM,가장 돌아가고 싶은 연도를 골라주세요,2025-07-26T04:00:49Z,14.0,True,245,2.0,0.0
2966,UCt7z2bycy0nYFBao7ju9HFQ,Roti Roblox,5qRIzKeu1Y0,#로블록스 #최강히어로 #애니메이션 #roblox #다크히어로 #로블계 #꽃설명 #베이컨 #로블 #robloxanimation,2025-07-26T11:34:49Z,31.0,True,2260,11.0,0.0
2966,UCt7z2bycy0nYFBao7ju9HFQ,Roti Roblox,NAZXb0G5oSo,[로블록스 애니매이션] 베이컨이 그를때리고 후회한이유,2025-07-27T08:30:09Z,31.0,True,605,8.0,5.0
2966,UCt7z2bycy0nYFBao7ju9HFQ,Roti Roblox,p9FS_9aqguc,스케 이벤트 구독도 해야합니다,2025-07-28T00:05:10Z,16.0,True,182,7.0,5.0
2966,UCt7z2bycy0nYFBao7ju9HFQ,Roti Roblox,yDSA8Z7oDYQ,로티vs멜로우 대결 타워 누가이길까?,2025-07-28T08:36:11Z,103.0,False,153,7.0,2.0
2966,UCt7z2bycy0nYFBao7ju9HFQ,Roti Roblox,b9ouFIx1veQ,여러분의 로벅스 갯수를 골라주세요! 출처:매드머,2025-07-28T12:30:48Z,14.0,True,553,6.0,0.0
2966,UCt7z2bycy0nYFBao7ju9HFQ,Roti Roblox,aQTwaZ2jKLs,공약을 걸겠습니다!,2025-07-29T04:52:19Z,15.0,True,1857,14.0,0.0
2966,UCt7z2bycy0nYFBao7ju9HFQ,Roti Roblox,Jg6-HTElC04,좋아요와 댓글수를 같게 해주세요!!,2025-07-29T08:37:40Z,22.0,True,1755,25.0,11.0
2966,UCt7z2bycy0nYFBao7ju9HFQ,Roti Roblox,gDYi7t7IFUY,조종사가 마지막으로 남긴말..,2025-07-31T01:32:00Z,26.0,True,2828,19.0,2.0
2966,UCt7z2bycy0nYFBao7ju9HFQ,Roti Roblox,chqddy5udW0,15만원 준다더니 안줌ㅋㅋ 어이없음 [로블록스 썰툰],2025-07-31T09:19:54Z,32.0,True,141,8.0,1.0
2966,UCt7z2bycy0nYFBao7ju9HFQ,Roti Roblox,cmH99jcqGM8,사람을 찾습니다!,2025-07-31T11:05:22Z,15.0,True,2106,14.0,3.0
2966,UCt7z2bycy0nYFBao7ju9HFQ,Roti Roblox,GJxcMrGtcPc,로티-로블록스 라이브 방송,2025-07-31T17:43:15Z,101.0,False,41,3.0,0.0
2966,UCt7z2bycy0nYFBao7ju9HFQ,Roti Roblox,_gpKbL3So8E,여러분들은 몇학년인가요? #로블록스,2025-08-01T00:29:26Z,14.0,True,1302,10.0,3.0
2966,UCt7z2bycy0nYFBao7ju9HFQ,Roti Roblox,eWqvpEzaWuY,Wow ❤️ #music #cover #artist,2025-08-01T03:17:06Z,15.0,True,1575,9.0,0.0
2966,UCt7z2bycy0nYFBao7ju9HFQ,Roti Roblox,Irydgfw-8JM,로블록스 월홉 겁나쉽게 하는법 TOP 2,2025-08-01T05:15:03Z,18.0,True,150,6.0,0.0
2966,UCt7z2bycy0nYFBao7ju9HFQ,Roti Roblox,0KrDycfm4fg,정체기인거같아..,2025-08-01T05:17:14Z,29.0,True,484,8.0,1.0
2966,UCt7z2bycy0nYFBao7ju9HFQ,Roti Roblox,_gZtOP-7tsA,케케 #로블록스 #최강히어로 #애니메이션,2025-08-04T00:23:11Z,19.0,True,1395,30.0,4.0
2966,UCt7z2bycy0nYFBao7ju9HFQ,Roti Roblox,m36OALBD7_8,왜 박자가 잘맞는거야 #로블록스 #최강히어로 #애니메이션 #로블계,2025-08-04T01:30:17Z,11.0,True,1680,12.0,0.0
2966,UCt7z2bycy0nYFBao7ju9HFQ,Roti Roblox,XCJ3ZRVFulk,지박-안예은 #로블록스,2025-08-04T13:55:10Z,45.0,True,589,5.0,0.0
2966,UCt7z2bycy0nYFBao7ju9HFQ,Roti Roblox,odQHBTQVIcs,공부……..,2025-08-04T23:38:45Z,21.0,True,1744,18.0,5.0
2966,UCt7z2bycy0nYFBao7ju9HFQ,Roti Roblox,tvKqLjDccxg,박자가 잘맞네?,2025-08-06T14:01:50Z,19.0,True,518,6.0,0.0
2966,UCt7z2bycy0nYFBao7ju9HFQ,Roti Roblox,R7E1Pa4mDO0,로티를 피해 숨어라!,2025-08-08T00:11:16Z,23.0,True,1859,17.0,2.0
2966,UCt7z2bycy0nYFBao7ju9HFQ,Roti Roblox,a93HgUG41rA,골든-박자,2025-08-13T07:32:43Z,16.0,True,2266,17.0,2.0
2966,UCt7z2bycy0nYFBao7ju9HFQ,Roti Roblox,Gjg7Rdq6fQo,박자가 ㅋㅋㅋ 소다팝,2025-08-16T04:09:31Z,16.0,True,1126,6.0,1.0
2966,UCt7z2bycy0nYFBao7ju9HFQ,Roti Roblox,fNTboF3odTg,브레인롯 훔치기에서 티비 준다놓고 한정판 시크릿 훔쳐간 잼민이,2025-09-04T06:00:35Z,478.0,False,1824,13.0,19.0
2966,UCt7z2bycy0nYFBao7ju9HFQ,Roti Roblox,VMYOEw6JfS4,rpg게임,2026-01-07T07:26:29Z,20.0,True,1904,7.0,5.0
2966,UCt7z2bycy0nYFBao7ju9HFQ,Roti Roblox,xjoYw-88ga8,rpg 게임만들기 2일차 #로블록스,2026-01-09T06:41:58Z,14.0,True,2854,14.0,7.0
2966,UCt7z2bycy0nYFBao7ju9HFQ,Roti Roblox,0cEzHHW1d5o,rpg 게임,2026-01-22T07:53:17Z,13.0,True,627,2.0,2.0
2966,UCt7z2bycy0nYFBao7ju9HFQ,Roti Roblox,-zRKFQ9DDPA,겜 같이만드실분댓글에다 닉네임 적어주시고 하시는일 적어주세요,2026-03-03T04:45:24Z,4.0,True,653,4.0,1.0
2967,UCXsEAPDD6y0_TPD2b4UKsiQ,Classica,N2aEt6JOBdA,6 HOURS Of The Most Beautiful Emotional Piano Solo Music,2017-01-30T14:55:47Z,23265.0,False,67816,315.0,69.0
2967,UCXsEAPDD6y0_TPD2b4UKsiQ,Classica,SuXHnzr8zQ0,6 HOURS of Peaceful and Relaxing Instrumental Piano Music-Long Playlist,2017-01-31T05:45:18Z,24101.0,False,28062,124.0,157.0
2967,UCXsEAPDD6y0_TPD2b4UKsiQ,Classica,61eYWFJiFvI,"9 HOURS Relaxing Music. Delta Waves Healing For Deep Sleep, Stress Relief And Meditation",2017-02-01T05:12:47Z,34276.0,False,26380,101.0,2.0
2967,UCXsEAPDD6y0_TPD2b4UKsiQ,Classica,aZNmRAQb-c0,"6 HOURS of Most Beautiful Piano Music for Reading, Relaxing, Sleeping and Studying",2017-02-02T08:45:43Z,22005.0,False,136053,642.0,26.0
2967,UCXsEAPDD6y0_TPD2b4UKsiQ,Classica,peDrPs3VQq4,"6 HOURS of Sound of Bird song, Fire, Logs Burning | Stress and Tinnitus Relief | Sleep",2017-02-02T14:28:07Z,22349.0,False,2712,29.0,3.0
2967,UCXsEAPDD6y0_TPD2b4UKsiQ,Classica,aJwBqir_glA,8 HOURS of Baby Sleep Music Lullaby for my Baby Music with Orgel,2017-02-03T03:52:54Z,29164.0,False,15201,38.0,2.0
2967,UCXsEAPDD6y0_TPD2b4UKsiQ,Classica,ZRhM2UgmX24,9 HOURS of Piano Instrumental music for working in office relaxing compilation,2017-02-04T02:30:43Z,32636.0,False,144908,317.0,8.0
2967,UCXsEAPDD6y0_TPD2b4UKsiQ,Classica,SIczVHqdmdA,"6 HOURS of Peaceful Moment of Worship: Piano Music, Meditation Music, Worship Music, Prayer Music",2017-02-05T08:27:27Z,23207.0,False,4073,35.0,1.0
2967,UCXsEAPDD6y0_TPD2b4UKsiQ,Classica,a89vNiNQRvA,8 HOURS of piano music for working in office relaxing compilation,2017-02-09T04:22:16Z,27249.0,False,5939543,15992.0,622.0
2967,UCXsEAPDD6y0_TPD2b4UKsiQ,Classica,XXzedKj6kSM,"6 HOURS of The Relaxing Meditation Music, Water Sound, Music for Yoga",2017-02-14T02:46:31Z,21552.0,False,22506,82.0,11.0
2967,UCXsEAPDD6y0_TPD2b4UKsiQ,Classica,qr-D4vusSlA,8 HOURS of Calming Forest Creek Sounds with Soft Piano Music / Relaxing Music with Water Sounds,2017-02-16T03:11:14Z,28778.0,False,59088,285.0,15.0
2967,UCXsEAPDD6y0_TPD2b4UKsiQ,Classica,32RahHZZ7UA,"6 HOURS of the most beautiful piano song / Romantic Music, Soothing Sleep Music, Relaxing Music",2017-02-23T05:00:43Z,22422.0,False,130264,424.0,19.0
2967,UCXsEAPDD6y0_TPD2b4UKsiQ,Classica,sO9aITJo1qE,"6 HOURS of relaxing piano music for pet, Piano Music for a Rainy Day, Relaxing Piano Music",2017-02-27T02:14:06Z,21943.0,False,3170,32.0,2.0
2967,UCXsEAPDD6y0_TPD2b4UKsiQ,Classica,oh-jqaKbL8Y,"6 HOURS of Relaxing Music, Background Romantic Piano, Beautiful Piano Music",2017-03-06T03:45:32Z,21942.0,False,163330,504.0,15.0
2967,UCXsEAPDD6y0_TPD2b4UKsiQ,Classica,Bahn-rFZdWo,"6 HOURS of Sad Inspiring Thoughtful Piano Music / Calming Music, Relaxation Music, Meditation Music",2017-03-08T01:28:39Z,22490.0,False,39717,210.0,6.0
2967,UCXsEAPDD6y0_TPD2b4UKsiQ,Classica,AoXgzDecS7A,"6 HOURS of the Most Emotional Piano Pieces, Sad Piano Music",2017-03-15T01:59:12Z,22029.0,False,15962,55.0,1.0
2967,UCXsEAPDD6y0_TPD2b4UKsiQ,Classica,jgBBheAsOPg,6 HOURS of Good Morning Piano Music Music For Stress Relief and Healing,2017-03-16T03:59:09Z,22371.0,False,1217728,2768.0,80.0
2967,UCXsEAPDD6y0_TPD2b4UKsiQ,Classica,1sqo_2RLWiA,"6 HOURS of Relaxing Piano Music. Healing Music for Study, Concentration",2017-03-17T04:32:56Z,22472.0,False,25590,110.0,3.0
2967,UCXsEAPDD6y0_TPD2b4UKsiQ,Classica,Oz2Qrbxxj8g,6 HOURS of Beautiful Piano Music - easy smooth inspirational long playlist / Healing And Relaxing,2017-03-21T07:30:53Z,22118.0,False,34483,133.0,3.0
2967,UCXsEAPDD6y0_TPD2b4UKsiQ,Classica,KZjE14tWAGE,6 HOURS of Study Music Piano | Relaxing Music | Concentration Music | Focus Memory Instrumental,2017-03-23T01:52:07Z,22422.0,False,52581,169.0,2.0
2967,UCXsEAPDD6y0_TPD2b4UKsiQ,Classica,r_VlW-lHJhY,"6 HOURS of Relaxing Piano Music, Meditation Music, Background Music, Studying music",2017-03-24T01:27:11Z,22124.0,False,193520,770.0,16.0
2967,UCXsEAPDD6y0_TPD2b4UKsiQ,Classica,joI9aEPGFPo,6 HOURS of Remedy For Anger Management: Piano Music To Help Calm Down against Anger,2017-03-25T03:47:57Z,21579.0,False,171791,899.0,368.0
2967,UCXsEAPDD6y0_TPD2b4UKsiQ,Classica,grh30dvGI0I,"6 HOURS of Piano Music Meditation, Solo Piano New Age, Sleep Music & Piano Lullabies",2017-03-25T14:50:00Z,23359.0,False,15483,86.0,8.0
2967,UCXsEAPDD6y0_TPD2b4UKsiQ,Classica,rzbKmuGzols,6 HOURS of Happy Piano Music Instrumental Love Songs / Best Relaxing Piano Music,2017-03-26T12:59:10Z,22450.0,False,1054789,2379.0,103.0
2967,UCXsEAPDD6y0_TPD2b4UKsiQ,Classica,eFIekJi-9b8,"6 HOURS of Relaxing Romantic Music | Incredible Feelings | Wonderful Background music, Stress Relief",2017-03-27T02:01:23Z,22442.0,False,443330,1066.0,27.0
2967,UCXsEAPDD6y0_TPD2b4UKsiQ,Classica,sB8whkV-Oh4,"6 HOURS of Comfortable Piano Instrumental Background Music for Stress Relief, Sleep, Study / Loop",2017-03-28T01:36:08Z,22350.0,False,39672,145.0,2.0
2967,UCXsEAPDD6y0_TPD2b4UKsiQ,Classica,AnAc8e2DEfM,9 HOURS of Mindfulness Relaxing Piano Music for Stress Relief. Soothing Background Music,2017-03-28T14:17:29Z,34895.0,False,87755,208.0,9.0
2967,UCXsEAPDD6y0_TPD2b4UKsiQ,Classica,nNWzln6ff2E,6 HOURS of RAIN SLEEP SOUNDS with Slow PIANO Music - Relaxing Background Rain Sounds for Sleeping,2017-03-29T06:04:45Z,21604.0,False,35324,202.0,6.0
2967,UCXsEAPDD6y0_TPD2b4UKsiQ,Classica,_ZpGv0r6jPY,6 HOURS of Relaxing soft Piano Music with Stream Nature Sounds  / Beautiful Instrumental Song,2017-03-30T02:03:30Z,21624.0,False,35192,129.0,7.0
2967,UCXsEAPDD6y0_TPD2b4UKsiQ,Classica,BtVcozROXeo,"4 HOURS of Romantic Relaxing Saxophone Music / Healing Background for Stress Relief, Study, Love",2017-03-30T14:14:23Z,14257.0,False,9494,74.0,3.0
2967,UCXsEAPDD6y0_TPD2b4UKsiQ,Classica,zS0ddWuEAyU,3 HOURS of Sad Piano Music: Sad Instrumental Piano Songs (this will make you CRY Perfectly),2017-03-31T04:03:41Z,10849.0,False,35544,322.0,39.0
2967,UCXsEAPDD6y0_TPD2b4UKsiQ,Classica,h_DI9QT9d8I,8 HOURS of Mozart Lullaby with Bamboo Water Fountain / Baby Songs to fall asleep faster,2017-04-05T02:52:05Z,28858.0,False,4068,28.0,1.0
2967,UCXsEAPDD6y0_TPD2b4UKsiQ,Classica,nrIvzslMQqU,8 HOURS of the Most Beautiful and Emotional Music / sleeping and relaxing music,2017-04-05T14:11:21Z,28956.0,False,6755,44.0,1.0
2967,UCXsEAPDD6y0_TPD2b4UKsiQ,Classica,76hBlLy1doY,"5 HOURS of the most emotional piano music playlist / good for sleeping, relaxation",2017-04-10T02:43:45Z,18517.0,False,20969,87.0,4.0
2967,UCXsEAPDD6y0_TPD2b4UKsiQ,Classica,d0Ud79U_8BA,1 HOUR of World's Most Breathtaking Piano Pieces / Study Music for concentration,2017-04-11T04:15:40Z,3491.0,False,9289,44.0,0.0
2967,UCXsEAPDD6y0_TPD2b4UKsiQ,Classica,XJBdFLxdMDc,1 HOUR of STUDY Concentration music,2017-04-12T07:33:16Z,4441.0,False,4392,31.0,2.0
2967,UCXsEAPDD6y0_TPD2b4UKsiQ,Classica,feliEpV6IgA,1 HOUR of Good Morning Guitar Instrumental Music to Wake Up with Bird Singing,2017-04-13T13:00:24Z,4041.0,False,7823,44.0,35.0
2967,UCXsEAPDD6y0_TPD2b4UKsiQ,Classica,wz34vTuMt9I,"8 HOURS of Sleeping Music, Calming Music, Music for Stress Relief, Relaxation Music, Sleep Music",2017-04-22T13:42:12Z,28846.0,False,8622,62.0,6.0
2967,UCXsEAPDD6y0_TPD2b4UKsiQ,Classica,FmT_MDtypkk,1 HOUR of Super Concentration Study Music / Comfortable Piano Music,2017-05-07T00:14:00Z,3917.0,False,5096,48.0,4.0
2967,UCXsEAPDD6y0_TPD2b4UKsiQ,Classica,CkNgcf4udRU,1 HOUR of Classical Music Relaxation / Study Music / Handel - Sarabande,2017-05-07T15:10:20Z,3622.0,False,8366,65.0,10.0
2967,UCXsEAPDD6y0_TPD2b4UKsiQ,Classica,x-QtyxTKjXg,3-HOURS of Super Relaxation Music with comfortable rainy sound,2017-05-23T14:37:02Z,11044.0,False,10099,71.0,4.0
2967,UCXsEAPDD6y0_TPD2b4UKsiQ,Classica,jtWl1oW_U1Q,1 HOUR of Relaxing Peaceful Piano Music of Childhood Memories / Beautiful Piano music ♫127,2017-07-04T14:59:42Z,4626.0,False,6335,54.0,3.0
2967,UCXsEAPDD6y0_TPD2b4UKsiQ,Classica,LEr0KL9pYlw,1 HOUR of Best Study Music / Relaxing Music for Studying / Super Concentration Reading Music ♫128,2017-07-07T15:44:26Z,5643.0,False,5452,56.0,2.0
2967,UCXsEAPDD6y0_TPD2b4UKsiQ,Classica,xJlv5glHAnQ,"2-HOUR of Jazz Instrumental Music - Relaxing Cafe Music - Study, Work Background Music ♫129",2017-07-13T21:34:26Z,6472.0,False,6815,55.0,5.0
2967,UCXsEAPDD6y0_TPD2b4UKsiQ,Classica,_3VKxTG5tN4,2-HOUR of the most FAMOUS Classical music empowering your daily life ♫130,2017-07-15T11:44:59Z,8670.0,False,10968,120.0,5.0
2967,UCXsEAPDD6y0_TPD2b4UKsiQ,Classica,eBiW62UcSdw,2 HOUR of Mindfulness Relax Music for Stress Relief / Instrumental Background Music ♫131,2017-07-17T02:22:38Z,6159.0,False,4459,44.0,4.0
2967,UCXsEAPDD6y0_TPD2b4UKsiQ,Classica,FYUy-LW3wRY,1 HOUR of Relaxation music for MEMORY of TORONTO ♫132,2017-07-20T08:56:43Z,4846.0,False,3831,32.0,1.0
2967,UCXsEAPDD6y0_TPD2b4UKsiQ,Classica,wweDtGQTwII,"1 HOUR of Instrumental Guitar Music: Relaxing Music, Meditation Music, Soothing ♫133",2017-07-23T10:36:30Z,4989.0,False,7509,73.0,4.0
2967,UCXsEAPDD6y0_TPD2b4UKsiQ,Classica,Ou2bslZJ0m4,2 HOURs of Heart fluttering Tropical Music Energentic Office Working Music Playlist,2017-08-15T13:05:34Z,7212.0,False,11631,109.0,5.0
2967,UCXsEAPDD6y0_TPD2b4UKsiQ,Classica,YMdopvYkw1w,1 HOUR of super relaxing acoustic guitar music,2017-08-21T22:15:02Z,3138.0,False,16629,199.0,11.0
2968,UCnSpPvGFOkfsokQYjW_LL2w,Sam kim,DI8aUMjk3b0,Chef samkim Opening my channel on YouTube!,2017-01-18T07:59:45Z,76.0,False,5277,140.0,13.0
2968,UCnSpPvGFOkfsokQYjW_LL2w,Sam kim,9flzaVV9YJc,Chef sam kim,2017-01-19T05:37:26Z,79.0,False,5858,100.0,9.0
2968,UCnSpPvGFOkfsokQYjW_LL2w,Sam kim,yYn4tTWuQ6o,샘킴's 샌드위치 만들기 [Chef Sam Kim's Break Time Recipe] We Can Sandwich .ep 01,2018-01-19T05:31:28Z,590.0,False,278090,3481.0,124.0
2968,UCnSpPvGFOkfsokQYjW_LL2w,Sam kim,grTgWMTarqY,샘킴's 홍합파스타 [Chef Sam Kim's Break Time Recipe] mussel Cozze Pasta ep.02,2018-01-22T11:22:37Z,614.0,False,129686,1312.0,84.0
2968,UCnSpPvGFOkfsokQYjW_LL2w,Sam kim,qn366u-HtZc,샘킴's 소고기채소볶음 [Chef Sam Kim's Break Time Recipe] beef vegetables pan-broiled food . ep03,2018-01-30T02:47:16Z,777.0,False,168519,2077.0,113.0
2968,UCnSpPvGFOkfsokQYjW_LL2w,Sam kim,mJKtKChzFB8,샘킴's 아시아틱 커리 쉬림프 [Chef Sam Kim's Break Time Recipe]  quick and delicious curry shrimp ep04,2018-02-09T05:28:51Z,665.0,False,40959,609.0,40.0
2968,UCnSpPvGFOkfsokQYjW_LL2w,Sam kim,JOkPfbZ-xw4,샘킴's 감자 가자미 구이 [Chef Sam Kim's Break Time Recipe]  potato Grilled Sole . ep05,2018-02-22T05:59:07Z,691.0,False,83286,1354.0,50.0
2968,UCnSpPvGFOkfsokQYjW_LL2w,Sam kim,tc1H4PPB5lg,샘킴's 게살 아보카도 샌드위치 [Chef Sam Kim's Break Time Recipe] crab meat avocado sandwich . ep06,2018-03-05T07:00:20Z,502.0,False,352300,4948.0,134.0
2968,UCnSpPvGFOkfsokQYjW_LL2w,Sam kim,jahr26U2Jvg,{샘킴's 함께여행} # samkim Italy VLOG #이탈리아출장기 ep1,2018-03-13T09:41:03Z,542.0,False,5202,88.0,12.0
2968,UCnSpPvGFOkfsokQYjW_LL2w,Sam kim,k-A9RwGV5JE,{샘킴's 함께여행} # samkim Italy VLOG #이탈리아출장기 ep2,2018-03-20T07:34:27Z,673.0,False,4331,70.0,6.0
2968,UCnSpPvGFOkfsokQYjW_LL2w,Sam kim,-3icb5VjQxg,{샘킴's 함께여행} # samkim Italy VLOG #비첸자#푸드박람회 ep3,2018-04-02T12:07:57Z,723.0,False,2854,52.0,5.0
2968,UCnSpPvGFOkfsokQYjW_LL2w,Sam kim,aUJruYX4vCk,★10일간의 이태리 마지막 에피소드★ samkim Italy vlog ep04,2018-04-17T08:40:02Z,599.0,False,3698,66.0,8.0
2968,UCnSpPvGFOkfsokQYjW_LL2w,Sam kim,TwOfcEU3K0g,샘킴's 고르곤졸라 닭가슴살 샐러드  [Chef Sam Kim's Break Time Recipe]  Gorgonzola Chicken Breast Salad. ep07,2018-04-21T01:00:01Z,726.0,False,71693,1287.0,60.0
2968,UCnSpPvGFOkfsokQYjW_LL2w,Sam kim,2V8LOH4o6dY,샘킴's 생크림 조개찜 [Chef Sam Kim's Break Time Recipe] steamed clams in Fresh Cream. ep08,2018-04-27T08:00:02Z,661.0,False,47374,990.0,56.0
2968,UCnSpPvGFOkfsokQYjW_LL2w,Sam kim,U1Z7rfkufGQ,샘킴's 보나세라 스페셜 디저트 & 케이크 소개합니다 [Buona sera dessert],2018-05-04T10:26:34Z,550.0,False,17379,301.0,30.0
2968,UCnSpPvGFOkfsokQYjW_LL2w,Sam kim,nwbGu1h1sKw,샘킴's 엔초비모짜렐라샐러드 [Chef Sam Kim's Break Time Recipe] Anchovy mozzarella salad . ep09,2018-05-16T03:15:00Z,659.0,False,48409,934.0,47.0
2968,UCnSpPvGFOkfsokQYjW_LL2w,Sam kim,D7CsrbbWzQI,샘킴's 펜네 바질 페스토 [Chef Sam Kim's Break Time Recipe] Penne basil pesto. ep10,2018-05-24T02:45:00Z,702.0,False,451104,6773.0,323.0
2968,UCnSpPvGFOkfsokQYjW_LL2w,Sam kim,2rb252OuGCk,{샘킴's 일상} # samkim VLOG #보나세라#옥상#텃밭#브레이크타임,2018-06-06T02:30:02Z,312.0,False,19532,307.0,25.0
2968,UCnSpPvGFOkfsokQYjW_LL2w,Sam kim,9u-Osm3WV-o,샘킴's 스파게티 알리오 올리오 [Chef Sam Kim's Break Time Recipe] aglio e olio salad pasta . ep11,2018-06-22T06:30:00Z,493.0,False,865273,11946.0,718.0
2968,UCnSpPvGFOkfsokQYjW_LL2w,Sam kim,KOxasABPrBs,샘킴's 문어 샐러드 [Chef Sam Kim's Break Time Recipe] Octopus Salad . ep12,2018-07-06T08:39:00Z,279.0,False,78238,1467.0,94.0
2968,UCnSpPvGFOkfsokQYjW_LL2w,Sam kim,FqBi2nLpeoE,샘킴's 스테이크 굽기 [Chef Sam Kim's Break Time Recipe] How to cook steak . ep13,2018-07-13T07:01:08Z,439.0,False,1303190,12363.0,623.0
2968,UCnSpPvGFOkfsokQYjW_LL2w,Sam kim,ckaJJ8s2I4k,샘킴's 치킨 모차렐라 스튜 [Chef Sam Kim's Break Time Recipe] Chicken mozzarella stew . ep14,2018-07-20T07:30:00Z,519.0,False,152339,3053.0,205.0
2968,UCnSpPvGFOkfsokQYjW_LL2w,Sam kim,3zDBC9Ej6QE,샘킴's 뽀모도로 바질 파스타 [Chef Sam Kim's Break Time Recipe] Pomodoro Basil Pasta. ep15,2018-07-27T08:48:55Z,532.0,False,214982,3169.0,158.0
2968,UCnSpPvGFOkfsokQYjW_LL2w,Sam kim,XJ2kvRbbCvU,샘킴's 아스파라거스 수란 브런치 [Chef Sam Kim's Break Time Recipe] Asparagus a poached egg brunch. ep 16,2018-08-04T03:00:02Z,535.0,False,55482,1959.0,73.0
2968,UCnSpPvGFOkfsokQYjW_LL2w,Sam kim,-DtsZ1DimUQ,샘킴's 썸머샐러드 [Chef Sam Kim's Break Time Recipe] Summer salad. ep 17,2018-08-10T07:53:00Z,512.0,False,33772,832.0,43.0
2968,UCnSpPvGFOkfsokQYjW_LL2w,Sam kim,bbx3pdnfbSo,샘킴's 애플민트 모히토 [Chef Sam Kim's Break Time Recipe] Applemint mojito ep 18,2018-08-17T06:30:07Z,328.0,False,48962,930.0,50.0
2968,UCnSpPvGFOkfsokQYjW_LL2w,Sam kim,VmdzhcX-wZU,샘킴's Italy VLOG #이탈리아출장기 ep1,2018-09-03T08:17:30Z,512.0,False,10295,217.0,26.0
2968,UCnSpPvGFOkfsokQYjW_LL2w,Sam kim,DFR_srmuo5E,샘킴's Italy VLOG #이탈리아출장기 ep2,2018-09-08T03:00:00Z,714.0,False,7367,143.0,26.0
2968,UCnSpPvGFOkfsokQYjW_LL2w,Sam kim,CUdrKFDwha4,샘킴's 이태리식 돈가스 [Chef Sam Kim's Break Time Recipe] Milanaise  .ep19,2018-09-28T11:44:10Z,609.0,False,49149,1726.0,93.0
2968,UCnSpPvGFOkfsokQYjW_LL2w,Sam kim,fGBth5pvIuU,샘킴's 아마트리치아나 파스타 [Chef Sam Kim's Break Time Recipe] Amatriciana Pasta .ep20,2018-10-05T09:55:21Z,407.0,False,143571,3457.0,191.0
2968,UCnSpPvGFOkfsokQYjW_LL2w,Sam kim,nBp58sZL3Qg,샘킴's 크림 파스타 [Chef Sam Kim's Break Time Recipe] Cream Pasta .ep21,2018-10-12T10:05:19Z,546.0,False,613231,16431.0,410.0
2968,UCnSpPvGFOkfsokQYjW_LL2w,Sam kim,tXA_t868odM,샘킴's 마르살라 치킨 [Chef Sam Kim's Break Time Recipe] Marsala Chicken .ep22,2018-10-27T03:00:02Z,462.0,False,41175,778.0,109.0
2968,UCnSpPvGFOkfsokQYjW_LL2w,Sam kim,htG1uue50j0,샘킴's 브루스케타 [Chef Sam Kim's Break Time Recipe] Brustchetta.ep23,2018-11-07T03:59:59Z,422.0,False,90723,1705.0,102.0
2968,UCnSpPvGFOkfsokQYjW_LL2w,Sam kim,AVQvMtVPaE0,샘킴's 팁_셰프의 칼(유튜브 첫공개!) [Chef Sam Kim's Break Time Recipe] Knives.ep24,2018-11-28T09:23:15Z,363.0,False,169047,1374.0,142.0
2968,UCnSpPvGFOkfsokQYjW_LL2w,Sam kim,fINdO9rzbdo,샘킴's 리얼 맛집 VLOG #단골 고기집 소개 #소음주의,2018-12-05T08:54:49Z,465.0,False,85554,1071.0,338.0
2969,UCLJxFrrUc8ETvjX4LUOW1lg,TALKSUNNY TECH ・ 톡써니 테크,QfKG5aCWnXk,"파손폰을 새폰으로 집에서 교체받는 팁, 사용감 많은 갤럭시 ↔️ 아이폰 교체도 된다는게 핵심 | 깨진폰을 이븐하게 쿡된 새폰으로, KT365폰케어 안심폰교체 (feat. 어드민랩)",2024-10-13T12:15:24Z,533.0,False,5118,101.0,25.0
2969,UCLJxFrrUc8ETvjX4LUOW1lg,TALKSUNNY TECH ・ 톡써니 테크,JcIloa4a4wo,인기대란인 5~60만원대 카메라｜DJI 오즈모 포켓3 vs 액션5 프로 영상 비교｜안정성·화각·색감·슬로우·저조도,2024-11-04T10:48:37Z,921.0,False,94881,1289.0,108.0
2969,UCLJxFrrUc8ETvjX4LUOW1lg,TALKSUNNY TECH ・ 톡써니 테크,vIQf76YDpoE,"휴대폰 다이렉트 요금제 아세요? 가격 저렴한 5G 무제한 요금제에 넷플릭스, 유튜브 프리미엄을 준대요! 구독자 이벤트도 있어요 | LG유플러스 5G다이렉트 65",2024-11-08T09:00:13Z,529.0,False,18323,176.0,140.0
2969,UCLJxFrrUc8ETvjX4LUOW1lg,TALKSUNNY TECH ・ 톡써니 테크,iAsT_ocyw-U,"5G 무제한 요금제에 넷플릭스, 유튜브 프리미엄을 이용하는 방법 #요금제추천 #휴대폰요금제 #넷플릭스 #유튜브프리미엄",2024-11-08T09:00:22Z,60.0,True,3449,135.0,7.0
2969,UCLJxFrrUc8ETvjX4LUOW1lg,TALKSUNNY TECH ・ 톡써니 테크,JB_e3IecVlE,"Mac 컬러 튜닝 기술을 탑재한 2024 신상 모니터 들였어요! I 맥북, 아이패드프로, 27형 4K 모니터로 영상 데스크 셋업 I 벤큐 MA270U",2024-11-13T10:01:41Z,660.0,False,22830,224.0,42.0
2969,UCLJxFrrUc8ETvjX4LUOW1lg,TALKSUNNY TECH ・ 톡써니 테크,jt0H95mJ_YQ,"아이폰16 시리즈의 하이라이트,  AI 기능 리뷰 | 시리와 챗GPT 통합 | 퍼블릭베타 ios18.3 애플 인텔리전스 (아이폰15 프로도 이용 가능)",2024-12-30T09:19:16Z,974.0,False,15274,193.0,38.0
2969,UCLJxFrrUc8ETvjX4LUOW1lg,TALKSUNNY TECH ・ 톡써니 테크,qNO2r8bE5sM,"2025년 최신판! 맥북 초보부터 고수까지, 설치하면 인생이 편해지는 앱 TOP 7",2025-01-14T09:39:56Z,848.0,False,56409,1090.0,32.0
2969,UCLJxFrrUc8ETvjX4LUOW1lg,TALKSUNNY TECH ・ 톡써니 테크,1v7F9-kUnSs,노트앱 방황 끝! 기록 초보자에게 노션이 답인 이유,2025-01-30T08:00:36Z,656.0,False,7040,1220.0,19.0
2969,UCLJxFrrUc8ETvjX4LUOW1lg,TALKSUNNY TECH ・ 톡써니 테크,YpMdtGjRDkY,"스마트폰 촬영 끝판왕, 오즈모 모바일 7P 드디어 출시!!  아이폰 기본 카메라앱 호환 가능, 완전 달라진 기능 & 사용법 총정리",2025-02-18T13:01:13Z,943.0,False,62608,1283.0,87.0
2969,UCLJxFrrUc8ETvjX4LUOW1lg,TALKSUNNY TECH ・ 톡써니 테크,Ni2nxFS5K3o,"2025년 신제품! DJI 스마트폰 짐벌, DJI Osmo Mobile 7P 달라진 점 #dji #djigimbal #dji스마트폰짐벌 #스마트폰짐벌추천",2025-02-18T13:07:30Z,46.0,True,32381,482.0,12.0
2969,UCLJxFrrUc8ETvjX4LUOW1lg,TALKSUNNY TECH ・ 톡써니 테크,TIUoRCuxMdM,"갤럭시 S25 울트라 사용기 리뷰✨ 아이폰 15 프로 & Z 플립 6 비교 I 사진, 영상 촬영에 더 적합한 스마트폰 알려드려요",2025-02-19T10:38:45Z,834.0,False,50771,1165.0,98.0
2969,UCLJxFrrUc8ETvjX4LUOW1lg,TALKSUNNY TECH ・ 톡써니 테크,g72vnHAn8yY,"케이스티파이 정말 돈값할까? 직접 테스트 해봤습니다! 💸🔍 I 갤럭시, 아이폰 케이스 및 테크 액세서리 할인코드 드립니다",2025-03-02T10:02:08Z,582.0,False,13622,527.0,28.0
2969,UCLJxFrrUc8ETvjX4LUOW1lg,TALKSUNNY TECH ・ 톡써니 테크,cnFY36JOurs,역대급 가성비? 애플이 공개한 가장 저렴한 아이폰16e 리뷰 I 구매 전이라면 이 영상을 꼭 보세요,2025-03-06T10:10:24Z,603.0,False,15934,422.0,61.0
2969,UCLJxFrrUc8ETvjX4LUOW1lg,TALKSUNNY TECH ・ 톡써니 테크,joQ9YhR46uY,2025년 신상! M4 맥북에어 15형 스카이블루 언박싱하고 써봤습니다. 맥북프로와 비교까지- 실사용 리뷰 & 비교 분석,2025-03-18T10:16:14Z,885.0,False,81445,893.0,127.0
2969,UCLJxFrrUc8ETvjX4LUOW1lg,TALKSUNNY TECH ・ 톡써니 테크,OsNsmYam2UM,"인체공학 끝판왕? 에르고휴먼 H2 컴포트 I 100만 원짜리 의자, 허리 살릴 수 있을까? 새로운 데스크셋업",2025-03-30T11:08:22Z,617.0,False,13567,409.0,19.0
2969,UCLJxFrrUc8ETvjX4LUOW1lg,TALKSUNNY TECH ・ 톡써니 테크,BeSO68Nczi4,"광고없음🙅‍♀️ 그 제품 뭐예요?🧐 질문 폭주한 테크 아이템 총정리! I 대체품, 제품 선택하는 방법에 대해 알려드려요",2025-04-21T10:35:36Z,1160.0,False,16059,292.0,26.0
2969,UCLJxFrrUc8ETvjX4LUOW1lg,TALKSUNNY TECH ・ 톡써니 테크,3AXnLJMvdX8,광고 없음! 건강 챙기는 선물 추천🎁 풀리오 마사지 부츠 솔직 사용기 (가정의 달 특집),2025-04-30T09:35:30Z,714.0,False,9532,382.0,10.0
2969,UCLJxFrrUc8ETvjX4LUOW1lg,TALKSUNNY TECH ・ 톡써니 테크,4ysrY5H1Kxg,삼성 갤럭시 왜 이 기능 안 알려줘요? 갤럭시 유저라면 꼭 알아야 할 기능 7가지 One UI 7.0 숨은 꿀기능 7가지,2025-05-26T09:49:45Z,771.0,False,17140,792.0,21.0
2969,UCLJxFrrUc8ETvjX4LUOW1lg,TALKSUNNY TECH ・ 톡써니 테크,012tsvehrcw,"핑덕이라면 못 참지, 🎀 #갤럭시 #아이폰 #휴대폰케이스 #케이스티파이",2025-06-16T07:33:22Z,45.0,True,5565,48.0,8.0
2969,UCLJxFrrUc8ETvjX4LUOW1lg,TALKSUNNY TECH ・ 톡써니 테크,l5dxLMnd8Fg,🔥 드디어 공개! iOS 26 꼼꼼 리뷰 – 디자인부터 숨은 기능까지 총정리,2025-06-18T09:27:34Z,643.0,False,6756,273.0,14.0
2969,UCLJxFrrUc8ETvjX4LUOW1lg,TALKSUNNY TECH ・ 톡써니 테크,acGtlzsngns,"Insta360 X5 완전 정복｜촬영법, 편집법, 단점까지 올인원 리뷰 I 선물 증정! 톡써니테크 구독자님들 한정, 인비지블 스틱 액세서리 무료 제공",2025-07-04T09:42:13Z,927.0,False,61694,535.0,33.0
2969,UCLJxFrrUc8ETvjX4LUOW1lg,TALKSUNNY TECH ・ 톡써니 테크,P1vQD7YNEVU,[Z플립7/Z폴드7 케이스 추천] 케이스티파이 신상 실물리뷰 ✨,2025-07-15T09:30:09Z,594.0,False,47468,337.0,135.0
2969,UCLJxFrrUc8ETvjX4LUOW1lg,TALKSUNNY TECH ・ 톡써니 테크,XX8TkC9fCuM,"내돈내산 갤럭시 Z폴드7 솔직리뷰｜얇아진 두께, 아쉬운 스피커, S펜은?",2025-07-23T09:53:30Z,755.0,False,53773,542.0,112.0
2969,UCLJxFrrUc8ETvjX4LUOW1lg,TALKSUNNY TECH ・ 톡써니 테크,wJPu1JlQomw,소니 WH-1000XM6 리뷰｜노캔 끝판왕? 이건 좀 아쉽다…직접 써보니 의외의 단점도...,2025-07-28T12:16:09Z,764.0,False,15790,257.0,34.0
2969,UCLJxFrrUc8ETvjX4LUOW1lg,TALKSUNNY TECH ・ 톡써니 테크,AZreRfAkQH4,회의 끝나자마자 보고서 완성? 노션 AI 미팅노트 실사용 후기,2025-08-13T09:20:26Z,588.0,False,19596,263.0,17.0
2969,UCLJxFrrUc8ETvjX4LUOW1lg,TALKSUNNY TECH ・ 톡써니 테크,Sdk_E2ypGsg,"구할 수 없는 선풍기, LG가 선물했습니다 #lg #lg전자 #골드스타 #금성사 #레트로 #선풍기",2025-08-20T09:50:01Z,47.0,True,2406,36.0,5.0
2969,UCLJxFrrUc8ETvjX4LUOW1lg,TALKSUNNY TECH ・ 톡써니 테크,RwXh5sk8Sf0,✈️ “여행갈 때 꼭 챙겨야 할 테크 액세서리 8가지 (여행 필수템 추천),2025-08-26T10:03:36Z,705.0,False,12718,195.0,12.0
2969,UCLJxFrrUc8ETvjX4LUOW1lg,TALKSUNNY TECH ・ 톡써니 테크,qvD_7qOEBEA,Z폴드7 필수 사용법 9가지📱 몰랐다면 무조건 보세요,2025-09-05T10:34:56Z,710.0,False,164719,2570.0,130.0
2969,UCLJxFrrUc8ETvjX4LUOW1lg,TALKSUNNY TECH ・ 톡써니 테크,cUsiROCa_cQ,"아이폰 17프로, 디자인 확 달라졌다! 케이스티파이 최신 케이스, 테크 액세서리 리뷰 & 이벤트",2025-09-16T10:02:04Z,654.0,False,21805,237.0,75.0
2969,UCLJxFrrUc8ETvjX4LUOW1lg,TALKSUNNY TECH ・ 톡써니 테크,mv2IEeWTnqs,아이폰 17 Pro vs 16 Pro vs 15 Pro 📱 지금 사야 할 아이폰은? (가격·카메라·성능 비교),2025-09-17T09:51:04Z,709.0,False,28530,249.0,44.0
2969,UCLJxFrrUc8ETvjX4LUOW1lg,TALKSUNNY TECH ・ 톡써니 테크,_7TjutsPRcY,아이폰 17 프로 vs 아이폰 에어 | 언박싱 & 첫인상 리뷰 (색상·카메라·성능),2025-09-22T09:45:36Z,680.0,False,16603,232.0,52.0
2969,UCLJxFrrUc8ETvjX4LUOW1lg,TALKSUNNY TECH ・ 톡써니 테크,U91aml4HCng,"가장 얇은 아이폰! 아이폰 17 에어 심층 리뷰 | 배터리·카메라·발열까지 솔직 평가! 아이폰 17 에어, 사도 될까?",2025-09-30T09:52:00Z,642.0,False,24293,280.0,100.0
2969,UCLJxFrrUc8ETvjX4LUOW1lg,TALKSUNNY TECH ・ 톡써니 테크,icq3XHG4yBI,에어팟 프로 3세대 실사용 후기 리뷰｜2세대와 뭐가 달라졌을까? (노캔·음질·심박수 비교),2025-10-07T10:06:58Z,733.0,False,5830,301.0,12.0
2969,UCLJxFrrUc8ETvjX4LUOW1lg,TALKSUNNY TECH ・ 톡써니 테크,teKb18HlStc,Z Fold7 멀티 윈도우 완전 정복! 버튼·제스처로 생산성 폭발🔥,2025-10-21T09:17:10Z,52.0,True,5462,28.0,3.0
2969,UCLJxFrrUc8ETvjX4LUOW1lg,TALKSUNNY TECH ・ 톡써니 테크,wKf4_meqdM4,"2025년 최신 플래그십 카메라 실전 비교, 아이폰17프로 vs 갤럭시S25울트라 , 스페인 거리에서 800장 넘게 찍은 사진으로 보는, 당신의 다음 스마트폰 선택에 도움될 영상📱",2025-11-02T10:17:41Z,1097.0,False,12432,264.0,58.0
2969,UCLJxFrrUc8ETvjX4LUOW1lg,TALKSUNNY TECH ・ 톡써니 테크,b3LKsxlct38,로지텍 MX Master 4 for Mac l 2025 신상 사무용 고급 마우스 추천 #로지텍 #logitech #MXmaster4 #MXmaster4forMac #로지텍마우스,2025-11-03T09:33:13Z,60.0,True,6845,60.0,8.0
2969,UCLJxFrrUc8ETvjX4LUOW1lg,TALKSUNNY TECH ・ 톡써니 테크,hJmz3Xl72RA,"아이폰 VS 갤럭시, 블라인드 테스트! 맞추신 분? ✋️🤲 Galaxy S25Ultra VS iPhone 17Pro #아이폰17프로 #갤럭시s25울트라 #스마트폰리뷰",2025-11-07T14:18:12Z,60.0,True,4718,47.0,4.0
2969,UCLJxFrrUc8ETvjX4LUOW1lg,TALKSUNNY TECH ・ 톡써니 테크,NlSuc0O7Uzs,"11.11 미친 할인, 알리 광군제 10 PICK (탁! 써니픽) I AliExpress 추천 제품 10 | 할인코드 + 링크 공유 예정",2025-11-09T09:30:40Z,868.0,False,35016,419.0,59.0
2969,UCLJxFrrUc8ETvjX4LUOW1lg,TALKSUNNY TECH ・ 톡써니 테크,bmbNjx6U-p4,Notion 노션 템플릿도 필요 없음! 30분 → 5분 🚀 노션 AI 에이전트의 진짜 능력,2025-12-07T09:25:11Z,583.0,False,17036,533.0,20.0
2969,UCLJxFrrUc8ETvjX4LUOW1lg,TALKSUNNY TECH ・ 톡써니 테크,AMumYKz6LSc,"LG가 만든 ""날개"" 달린 ANC 이어폰🤣 LG 엑스붐 버즈 플러스 #LG전자 #엑스붐버즈플러스 #LGXboomBudsPlus #LG이어폰 #무선이어폰추천 #이어폰추천",2025-12-11T05:41:32Z,58.0,True,4635,45.0,2.0
2969,UCLJxFrrUc8ETvjX4LUOW1lg,TALKSUNNY TECH ・ 톡써니 테크,a7eyOH3qNIE,갤럭시 Z 트라이폴드 두바이 에디션 샀더니...500대 한정판 #갤럭시Z트라이폴드 #Z트라이폴드 #galaxyztrifold  #트라이폴드 #두바이에디션,2025-12-19T07:42:39Z,39.0,True,55556,197.0,30.0
2969,UCLJxFrrUc8ETvjX4LUOW1lg,TALKSUNNY TECH ・ 톡써니 테크,Wgz3jXgGUwg,359만원인데 완판? 그래도 한국 가격이 제일 착함. 폴드7 유저가 리뷰하는 갤럭시 Z 트라이폴드 리뷰 I 실사용후기,2025-12-23T11:46:11Z,695.0,False,6562,190.0,39.0
2969,UCLJxFrrUc8ETvjX4LUOW1lg,TALKSUNNY TECH ・ 톡써니 테크,A2-0rr0xn-M,"갤럭시가 갑자기 편해지는 설정 7가지, 쉽고 빠른 정리",2026-01-23T11:46:13Z,738.0,False,42566,962.0,57.0
2969,UCLJxFrrUc8ETvjX4LUOW1lg,TALKSUNNY TECH ・ 톡써니 테크,8j_1zeemfdc,접이식 키보드 1탄｜❌ 이 타입은 거르세요 (직접 써봤습니다) #접이식키보드 #키보드추천 #휴대용키보드 #갤럭시 #갤럭시폴드,2026-02-03T10:45:47Z,55.0,True,5955,32.0,5.0
2969,UCLJxFrrUc8ETvjX4LUOW1lg,TALKSUNNY TECH ・ 톡써니 테크,nll4WVeendk,"접이식 키보드 2탄 | 실사용 기준, 이건 계속 씁니다 #접이식키보드 #블루투스키보드 #아이노트키보드 #키보드추천 #휴대용키보드 #갤럭시키보드 #모바일작업",2026-02-04T09:59:52Z,58.0,True,3537,22.0,6.0
2969,UCLJxFrrUc8ETvjX4LUOW1lg,TALKSUNNY TECH ・ 톡써니 테크,xTgER-spwzM,"접이식 키보드, 타건감 중요하시면 이걸 추천드려요 #접이식키보드 #키보드추천 #휴대용키보드",2026-02-05T09:37:23Z,60.0,True,3265,41.0,7.0
2969,UCLJxFrrUc8ETvjX4LUOW1lg,TALKSUNNY TECH ・ 톡써니 테크,MKuNeynDEXM,"99%가 모르는 갤럭시 필수 설정 5가지 I  갤럭시 한손모드, 음량버튼 사용자화, 아이폰 → 갤럭시 기변시 강력추천앱, (S26, S25, S24 공통)",2026-02-18T02:26:30Z,620.0,False,14664,447.0,48.0
2969,UCLJxFrrUc8ETvjX4LUOW1lg,TALKSUNNY TECH ・ 톡써니 테크,Qrg4clLH56w,갤럭시 S26 출시! 케이스티파이 케이스 & 테크 액세서리 총정리 (+15% 할인),2026-03-04T09:56:46Z,703.0,False,22983,177.0,88.0
2969,UCLJxFrrUc8ETvjX4LUOW1lg,TALKSUNNY TECH ・ 톡써니 테크,BXAvy_CgeZE,S26 울트라 프라이버시 디스플레이 테스트 #갤럭시s26울트라 #갤럭시s26 #galaxys26 #galaxys26ultra #프라이버시디스플레이 #galaxytips,2026-03-05T12:13:22Z,60.0,True,3350,46.0,6.0
2969,UCLJxFrrUc8ETvjX4LUOW1lg,TALKSUNNY TECH ・ 톡써니 테크,l64Ca4rbYC8,DJI 오즈모 포켓4 출시 전에 2달 써본 솔직 후기 I DJI 포켓3와 비교 리뷰 I 선택 가이드,2026-04-16T12:00:38Z,1167.0,False,12071,255.0,93.0
2970,UCPf6KqgG4NsvepMQPXNMwJw,Ryutaku (リュウタク / 류타쿠),btaZDHezJC4,日本に「空の上のレストラン☁️」ができたので行ってみました😱☁️💗【日韓カップルVlog】,2025-02-23T07:15:47Z,45.0,True,37517,1413.0,37.0
2970,UCPf6KqgG4NsvepMQPXNMwJw,Ryutaku (リュウタク / 류타쿠),XUaT8QbWVPo,日韓カップルのコンビニデート!?,2025-03-03T13:00:48Z,1829.0,False,77411,2062.0,120.0
2970,UCPf6KqgG4NsvepMQPXNMwJw,Ryutaku (リュウタク / 류타쿠),UUVjWL9z5BA,【サプライズVLOG】彼の誕生日に内緒で最高の一日を計画してみた…🎁💐【日韓カップル】,2025-04-02T12:57:38Z,1340.0,False,118184,3013.0,199.0
2970,UCPf6KqgG4NsvepMQPXNMwJw,Ryutaku (リュウタク / 류타쿠),8FGmDDbYyi0,日韓カップルの甘すぎる夜デートとサプライズ大公開！,2025-04-15T11:30:05Z,1002.0,False,74097,2207.0,179.0
2970,UCPf6KqgG4NsvepMQPXNMwJw,Ryutaku (リュウタク / 류타쿠),nUsdMb4eGyI,何でも一緒にやってくれる日本人の彼氏,2025-04-20T11:01:11Z,728.0,False,56655,1838.0,184.0
2970,UCPf6KqgG4NsvepMQPXNMwJw,Ryutaku (リュウタク / 류타쿠),mAq_OWEoEEg,【日韓カップル】海外で流行ってるスマイルチャレンジをやってみたら！？,2025-04-25T09:01:11Z,13.0,True,170164,3876.0,77.0
2970,UCPf6KqgG4NsvepMQPXNMwJw,Ryutaku (リュウタク / 류타쿠),xboWenORIkY,一目惚れだった…？日韓カップルのリアルな出会い,2025-05-03T11:01:23Z,1149.0,False,196629,3985.0,228.0
2970,UCPf6KqgG4NsvepMQPXNMwJw,Ryutaku (リュウタク / 류타쿠),bx3p0bYMpEw,清楚系男子が韓国ギャルを好きな理由とは…！？仕事終わりにギャルカフェデート💕,2025-05-17T13:09:21Z,1009.0,False,48439,1432.0,106.0
2970,UCPf6KqgG4NsvepMQPXNMwJw,Ryutaku (リュウタク / 류타쿠),1Edk6kSsTRk,カップルでUFOキャッチャー対決🎯 結末はまさかの…!?🎁,2025-06-02T11:00:02Z,900.0,False,37418,1160.0,73.0
2970,UCPf6KqgG4NsvepMQPXNMwJw,Ryutaku (リュウタク / 류타쿠),njNK6MZM4io,相手が選んだグミを食べたら負け 【日韓カップル】,2025-06-05T13:21:08Z,173.0,False,39187,1109.0,45.0
2970,UCPf6KqgG4NsvepMQPXNMwJw,Ryutaku (リュウタク / 류타쿠),QYIEHvFCN7I,日本人会社員の彼氏がヘアモデルに!? 🤖ロボットたくの初チャレンジ＋デートVlog,2025-06-11T10:12:33Z,669.0,False,32790,1094.0,72.0
2970,UCPf6KqgG4NsvepMQPXNMwJw,Ryutaku (リュウタク / 류타쿠),KyxbNVxwUGc,[Yes or No] 日韓カップルの正直な回答！ 喧嘩？初恋？結婚？！ 全部答えます！,2025-06-19T11:12:41Z,1009.0,False,149754,3238.0,222.0
2970,UCPf6KqgG4NsvepMQPXNMwJw,Ryutaku (リュウタク / 류타쿠),w0nI_-lggew,7月5日の地震予言、日本人の彼氏と話してみた！（+タク友達）,2025-07-04T16:16:43Z,149.0,False,27211,789.0,24.0
2970,UCPf6KqgG4NsvepMQPXNMwJw,Ryutaku (リュウタク / 류타쿠),HEwTi0Q4uEs,私たちが付き合うときしたデートを再現してみた！（ジブリ展示会）,2025-07-06T11:30:23Z,864.0,False,52127,1568.0,94.0
2970,UCPf6KqgG4NsvepMQPXNMwJw,Ryutaku (リュウタク / 류타쿠),x_PsaPTCi20,沖縄ジャングリアに日韓カップルで行ってきた,2025-07-26T11:01:36Z,42.0,True,55582,682.0,19.0
2970,UCPf6KqgG4NsvepMQPXNMwJw,Ryutaku (リュウタク / 류타쿠),gmei0BF0Vh0,恋人の願い叶えますゲーム🌟🙏【日韓カップル】,2025-08-07T14:14:52Z,56.0,True,39191,1273.0,32.0
2970,UCPf6KqgG4NsvepMQPXNMwJw,Ryutaku (リュウタク / 류타쿠),G_e9VUNDW2g,「新しい彼氏が欲しいなら笑って」,2025-08-11T09:03:15Z,18.0,True,46238,1011.0,26.0
2970,UCPf6KqgG4NsvepMQPXNMwJw,Ryutaku (リュウタク / 류타쿠),dMCMkxrKiTs,恋愛初心者のような日本人彼氏と  [彼氏彼女いない歴＝年齢、卒業します] リアクション,2025-08-17T12:00:01Z,1399.0,False,58201,1378.0,87.0
2970,UCPf6KqgG4NsvepMQPXNMwJw,Ryutaku (リュウタク / 류타쿠),l8QSx19_orU,猗窩座が出たら勝ちゲーム🏆【鬼滅の刃 ウエハースシール】,2025-08-25T09:01:12Z,93.0,False,20462,543.0,31.0
2970,UCPf6KqgG4NsvepMQPXNMwJw,Ryutaku (リュウタク / 류타쿠),5OMqvw0i8Dc,衝撃連発..!! 一年間、脈アリだった日韓カップルのリアクションwww【彼氏彼女いない歴＝年齢、卒業します 7〜10話】,2025-08-25T11:00:14Z,1085.0,False,30896,710.0,53.0
2970,UCPf6KqgG4NsvepMQPXNMwJw,Ryutaku (リュウタク / 류타쿠),V5CaK_xEa08,君の代わりなんて、どこにもいないよ,2025-08-26T09:00:41Z,27.0,True,22746,983.0,34.0
2970,UCPf6KqgG4NsvepMQPXNMwJw,Ryutaku (リュウタク / 류타쿠),KhBj1cKf4fc,風船割り勝負🎈韓国人彼女vs日本人彼氏,2025-09-04T10:31:40Z,29.0,True,33029,678.0,26.0
2970,UCPf6KqgG4NsvepMQPXNMwJw,Ryutaku (リュウタク / 류타쿠),5iQCazPeFNo,夏の終わり、韓国人彼女と夏祭りVlog [日韓カップル],2025-09-15T11:00:20Z,508.0,False,45099,1315.0,103.0
2970,UCPf6KqgG4NsvepMQPXNMwJw,Ryutaku (リュウタク / 류타쿠),pB3-VOilprg,休みの日突然、富士山ビューショッピングに行ってくるI 日韓カップルI アウトレット御殿場,2025-09-19T11:00:18Z,577.0,False,33608,1073.0,63.0
2970,UCPf6KqgG4NsvepMQPXNMwJw,Ryutaku (リュウタク / 류타쿠),oZiXtpliVDE,レンタル彼氏に嫉妬した話 #韓日カップル,2025-09-24T14:48:15Z,63.0,False,16784,393.0,9.0
2970,UCPf6KqgG4NsvepMQPXNMwJw,Ryutaku (リュウタク / 류타쿠),so-V_bksRWg,韓国人彼女が[初恋]を聞いてみる #日韓カップル,2025-09-25T13:31:02Z,29.0,True,22164,417.0,13.0
2970,UCPf6KqgG4NsvepMQPXNMwJw,Ryutaku (リュウタク / 류타쿠),22qMv7jKot0,【日韓カップル】日本の花火大会は韓国と違うのかな？ 幸せだった日のデート✨,2025-09-27T06:29:45Z,46.0,True,19790,647.0,15.0
2970,UCPf6KqgG4NsvepMQPXNMwJw,Ryutaku (リュウタク / 류타쿠),jR5f2BmGapw,毎月ネイル代を出してくれる日本人の彼氏に理由を聞いてみる #日韓カップル,2025-10-03T11:58:42Z,70.0,False,114401,3010.0,86.0
2970,UCPf6KqgG4NsvepMQPXNMwJw,Ryutaku (リュウタク / 류타쿠),ILjUFYFx08E,【日韓カップル】日本で流行ってる恋愛MBTIやってみる🤣,2025-10-10T12:26:25Z,71.0,False,26702,727.0,27.0
2970,UCPf6KqgG4NsvepMQPXNMwJw,Ryutaku (リュウタク / 류타쿠),vAsc1-DVNKY,大阪旅館でゴロゴロカップルVlog🎮💞一緒に初めて任天堂ゲームもして楽しく遊んだ一日！,2025-10-15T11:15:24Z,1334.0,False,49126,1399.0,107.0
2970,UCPf6KqgG4NsvepMQPXNMwJw,Ryutaku (リュウタク / 류타쿠),GHmVE0VDP-4,日韓カップルのハロウィンコスチュームまとめ🎃🦇🕸,2025-10-31T16:30:11Z,21.0,True,39131,776.0,14.0
2970,UCPf6KqgG4NsvepMQPXNMwJw,Ryutaku (リュウタク / 류타쿠),kMDj7OGLnaI,[日韓カップル] ラブラブハロウィンホームパーティー🎃 一緒に可愛い料理もしました！！🤣,2025-11-06T11:04:13Z,1138.0,False,33848,1126.0,90.0
2970,UCPf6KqgG4NsvepMQPXNMwJw,Ryutaku (リュウタク / 류타쿠),Kcb4n7NkiS8,たった3時間！？ USJをしっかり楽しむことに挑戦！ 大阪最終日、日韓カップルvlog 【ユニバーサルスタジオ】,2025-11-18T12:33:57Z,495.0,False,25496,861.0,77.0
2970,UCPf6KqgG4NsvepMQPXNMwJw,Ryutaku (リュウタク / 류타쿠),UjZY1RrmP3w,ニックとジュディでディズニーランドに行きました！！🐰🦊 #ズートピア2 #上海ディズニーランド #日韓カップル,2025-12-08T09:39:02Z,17.0,True,874223,6700.0,16.0
2970,UCPf6KqgG4NsvepMQPXNMwJw,Ryutaku (リュウタク / 류타쿠),BYqd7aULkc0,爆笑すぎるカップルゲームwww（韓国×日本カップル） #日韓カップル #zootopia #ズートピア2,2025-12-09T11:43:31Z,18.0,True,41569,953.0,30.0
2970,UCPf6KqgG4NsvepMQPXNMwJw,Ryutaku (リュウタク / 류타쿠),FbNOr0yrts4,ジュディみたいな彼氏と、ニックみたいな彼女🦊🐰 #ズートピア2 #日韓カップル,2025-12-10T13:08:24Z,15.0,True,626358,6081.0,34.0
2970,UCPf6KqgG4NsvepMQPXNMwJw,Ryutaku (リュウタク / 류타쿠),Y5H87Bc-7bE,「ずる賢いキツネに、おバカなウサギ。」 #日韓カップル #ズートピア2,2025-12-11T13:37:56Z,11.0,True,23863,707.0,17.0
2970,UCPf6KqgG4NsvepMQPXNMwJw,Ryutaku (リュウタク / 류타쿠),7N1hlBpWD94,スマホの電波がないから、セルフ音源で撮るカップル🤣🤣,2025-12-18T12:54:49Z,20.0,True,42231,1219.0,35.0
2970,UCPf6KqgG4NsvepMQPXNMwJw,Ryutaku (リュウタク / 류타쿠),g_qo4BOeYdA,【日韓カップル】東京で過ごすクリスマス🎄彼氏の内緒のサプライズ🙊,2025-12-24T14:27:04Z,755.0,False,28554,1003.0,77.0
2970,UCPf6KqgG4NsvepMQPXNMwJw,Ryutaku (リュウタク / 류타쿠),CpM1resKgbc,クリスマスの妖精に写真を頼んだ📸,2025-12-25T12:52:13Z,34.0,True,16185,466.0,8.0
2970,UCPf6KqgG4NsvepMQPXNMwJw,Ryutaku (リュウタク / 류타쿠),rIKLGL2ggJc,일본인 남친한테 화난 이유?!💢,2025-12-31T12:03:15Z,23.0,True,39241,737.0,25.0
2970,UCPf6KqgG4NsvepMQPXNMwJw,Ryutaku (リュウタク / 류타쿠),gQDPtMXzPWE,【日韓カップル】告白した日のあの着物👘新年浅草デート｜バケットリスト✨,2026-01-21T13:01:32Z,856.0,False,37223,1142.0,82.0
2970,UCPf6KqgG4NsvepMQPXNMwJw,Ryutaku (リュウタク / 류타쿠),lmpVb1O17Jk,❤️+‪💚=何色なるかな？ カップルver⁡,2026-01-28T10:01:14Z,15.0,True,95375,1382.0,30.0
2970,UCPf6KqgG4NsvepMQPXNMwJw,Ryutaku (リュウタク / 류타쿠),xccNP0gwp4w,1周年記念に韓国人彼女へ『2億ビューのハンバーグ』を作ってみた！そしてサプライズまで…🎁【日韓カップル】,2026-02-01T13:43:55Z,793.0,False,28788,946.0,63.0
2970,UCPf6KqgG4NsvepMQPXNMwJw,Ryutaku (リュウタク / 류타쿠),EEonVtx8CQ4,[日韓カップル] ついに初のQ&A！韓国人の彼女と付き合って約550日で、すべてお答えします！！ (連絡回数から将来の計画まで全て公開),2026-02-26T12:39:16Z,1304.0,False,235529,4307.0,335.0
2970,UCPf6KqgG4NsvepMQPXNMwJw,Ryutaku (リュウタク / 류타쿠),03xM_F2GkCw,[日韓カップル] 初めてのダブルデート..❤️ お祭り、推し焼肉グルメ食べ歩き、ボードゲームで充実した日本の日常vlog,2026-03-05T12:20:52Z,497.0,False,35574,965.0,175.0
2970,UCPf6KqgG4NsvepMQPXNMwJw,Ryutaku (リュウタク / 류타쿠),OurrmP7Er4A,彼氏がデート中に緊張する瞬間ww,2026-03-21T08:22:10Z,10.0,True,67452,1729.0,78.0
2970,UCPf6KqgG4NsvepMQPXNMwJw,Ryutaku (リュウタク / 류타쿠),jXwxk63UdUc,[日韓カップル] 本当に嫉妬もするの?!🔥 優しい彼氏の嫉妬エピソード,2026-03-31T12:25:43Z,847.0,False,64631,1602.0,148.0
2970,UCPf6KqgG4NsvepMQPXNMwJw,Ryutaku (リュウタク / 류타쿠),MOpQWHYo1eU,彼氏が人生で最も感動した日...特別な誕生日【日韓カップル】,2026-04-11T12:00:11Z,1248.0,False,48083,1513.0,139.0
2970,UCPf6KqgG4NsvepMQPXNMwJw,Ryutaku (リュウタク / 류타쿠),8QmU5HAoxLY,彼女に内緒で予約したホテルをルームツアー🤫（ファンタジースプリングス ディズニーホテル）,2026-05-04T13:00:12Z,23.0,True,15433,419.0,21.0
2971,UC3JkmwbieVcF5xHl3eQie7A,강래가생각나,cgI8KzHfKBc,나이 들어 보이지 않게 해주세요.#hairstyle,2025-02-09T05:29:57Z,32.0,True,24322,209.0,3.0
2971,UC3JkmwbieVcF5xHl3eQie7A,강래가생각나,kU_1Y1x3_LM,헤어변형 하이업스타일 #hairstyle,2025-02-23T07:34:17Z,35.0,True,20663,184.0,6.0
2971,UC3JkmwbieVcF5xHl3eQie7A,강래가생각나,QxeH60ugCWU,모르면 손해 보는 혼주머리 추천 #hairtutorial,2025-02-27T08:47:56Z,29.0,True,142266,467.0,7.0
2971,UC3JkmwbieVcF5xHl3eQie7A,강래가생각나,cDZhwE-Q1KQ,앞머리 디자인하는 3가지 방법 #hairstyle,2025-03-04T04:33:46Z,34.0,True,14411,126.0,0.0
2971,UC3JkmwbieVcF5xHl3eQie7A,강래가생각나,8byH60ND3QI,10살 어려 보이는 혼주머리 #hairstyle,2025-03-08T06:23:16Z,38.0,True,70713,428.0,9.0
2971,UC3JkmwbieVcF5xHl3eQie7A,강래가생각나,FnNouhpVSVc,헤어변형 머리 예쁘게 묶는 법 #hairstyle,2025-03-15T06:15:23Z,28.0,True,9307,107.0,2.0
2971,UC3JkmwbieVcF5xHl3eQie7A,강래가생각나,lUT_qkkiBz8,예쁘게 머리 묶기 헤어변형 #hairtutorial,2025-03-21T11:14:42Z,33.0,True,5577,56.0,0.0
2971,UC3JkmwbieVcF5xHl3eQie7A,강래가생각나,I7E56fa72P8,비슷하지만 다릅니다. #hairstyle,2025-03-25T06:57:23Z,40.0,True,20759,357.0,15.0
2971,UC3JkmwbieVcF5xHl3eQie7A,강래가생각나,BuBYi7uue1g,예쁜 머리 맛집 하인즈 뷰티 #hairstyle,2025-03-28T04:46:31Z,24.0,True,31849,168.0,3.0
2971,UC3JkmwbieVcF5xHl3eQie7A,강래가생각나,qemdXeexK8A,길이는 상관 없어요. #hairstyle,2025-04-02T02:54:25Z,29.0,True,141981,394.0,13.0
2971,UC3JkmwbieVcF5xHl3eQie7A,강래가생각나,xNCpIJAxZVg,당신의 웨이브가 뭉치는 이유 #hairtutorial,2025-04-13T08:15:59Z,46.0,True,35372,197.0,1.0
2971,UC3JkmwbieVcF5xHl3eQie7A,강래가생각나,QwsMzzm5os0,얼마나 길어야 할까요? #hairtutorial,2025-04-20T04:25:48Z,33.0,True,69724,243.0,10.0
2971,UC3JkmwbieVcF5xHl3eQie7A,강래가생각나,LbdPEMPaCMQ,앞머리 디자인은 이렇게 합니다.#hairstyle,2025-04-30T06:38:54Z,59.0,True,53631,233.0,2.0
2971,UC3JkmwbieVcF5xHl3eQie7A,강래가생각나,894i-fpaap4,인생 웨이브 찾으세요. #hairstyle,2025-05-04T04:36:37Z,32.0,True,25756,254.0,3.0
2971,UC3JkmwbieVcF5xHl3eQie7A,강래가생각나,jKpFiIISjvU,앞머리 하나로 10살 차이 #hairstyle,2025-05-06T13:19:23Z,274.0,False,30498,231.0,12.0
2971,UC3JkmwbieVcF5xHl3eQie7A,강래가생각나,DxKVkl1oeCc,이 머리 했더니 칭찬이 쏟아졌어요 #hairstyle,2025-05-09T05:32:42Z,205.0,False,7394,116.0,9.0
2971,UC3JkmwbieVcF5xHl3eQie7A,강래가생각나,8LEBX-DBpJ0,이렇게 했더니 칭찬이 쏟아지네요. 하인즈뷰티,2025-05-10T01:33:43Z,36.0,True,40650,284.0,4.0
2971,UC3JkmwbieVcF5xHl3eQie7A,강래가생각나,3w46gbIBllo,다 똑같은 혼주머리? #하인즈뷰티,2025-05-12T04:28:58Z,50.0,True,47102,318.0,6.0
2971,UC3JkmwbieVcF5xHl3eQie7A,강래가생각나,xTmjnNUAIR8,딱 봐도 예쁜머리#하인즈뷰티,2025-05-19T01:42:25Z,36.0,True,26305,179.0,2.0
2971,UC3JkmwbieVcF5xHl3eQie7A,강래가생각나,Jc8heb2c8P8,혼주머리 결 하나로 분위기가 달라졌습니다,2025-05-23T23:46:12Z,182.0,False,8176,98.0,3.0
2971,UC3JkmwbieVcF5xHl3eQie7A,강래가생각나,b7cVc78L7U8,예약을 부르는 혼주머리. #하인즈뷰티,2025-05-24T02:39:14Z,43.0,True,32164,199.0,7.0
2971,UC3JkmwbieVcF5xHl3eQie7A,강래가생각나,a-xcpr_ngHk,꾸안꾸 정석 로우번 헤어 #하인즈뷰티,2025-05-26T04:00:20Z,41.0,True,18161,142.0,5.0
2971,UC3JkmwbieVcF5xHl3eQie7A,강래가생각나,UDTxhYMD9yM,이거 몰라서 망칩니다.#하인즈뷰티,2025-06-09T03:24:30Z,38.0,True,64539,360.0,4.0
2971,UC3JkmwbieVcF5xHl3eQie7A,강래가생각나,p3gH6005ZkY,각진 얼굴이 부드러워집니다. #헤어스타일,2025-06-14T00:42:19Z,33.0,True,18230,129.0,2.0
2971,UC3JkmwbieVcF5xHl3eQie7A,강래가생각나,Pf9_c4iCOPo,이런 공기감 어떻게 할까요? #하인즈뷰티 #hairstyle,2025-06-17T00:11:55Z,33.0,True,16660,147.0,3.0
2971,UC3JkmwbieVcF5xHl3eQie7A,강래가생각나,gWgMdeoZTRg,이 머리를 해야하는 3가지 이유 #하인즈뷰티 #hair,2025-06-21T04:20:33Z,40.0,True,110570,595.0,4.0
2971,UC3JkmwbieVcF5xHl3eQie7A,강래가생각나,KXrfG1bhEEw,머리 기르기전에 이건 알고 계세요.#하인즈뷰티 #hairstyle,2025-06-23T04:18:24Z,33.0,True,35430,157.0,5.0
2971,UC3JkmwbieVcF5xHl3eQie7A,강래가생각나,ztnThO3zxFM,페스티벌 헤어 #하인즈뷰티,2025-07-04T03:11:06Z,35.0,True,9960,45.0,0.0
2971,UC3JkmwbieVcF5xHl3eQie7A,강래가생각나,wmBhCtuZSW4,먼저 기준선을 정해 보세요.#hairstyle,2025-07-05T05:09:13Z,38.0,True,12444,130.0,3.0
2971,UC3JkmwbieVcF5xHl3eQie7A,강래가생각나,dcd0D1a1ebI,여름에는 미드번이 딱이죠 #하인즈뷰티,2025-07-12T04:32:33Z,27.0,True,17613,117.0,1.0
2971,UC3JkmwbieVcF5xHl3eQie7A,강래가생각나,p8yCP8GoGtw,여름에 머리 예쁘게 묶는 법 #하인즈뷰티,2025-07-18T03:34:18Z,33.0,True,6230,52.0,0.0
2971,UC3JkmwbieVcF5xHl3eQie7A,강래가생각나,pMoTitxJLz8,이거 써 보셨어요? #하인즈뷰티,2025-07-26T13:32:06Z,32.0,True,14631,62.0,3.0
2971,UC3JkmwbieVcF5xHl3eQie7A,강래가생각나,TteLJ2MeRyw,페스티벌 헤어변형 #하인즈뷰티,2025-08-22T09:31:33Z,36.0,True,11623,63.0,0.0
2971,UC3JkmwbieVcF5xHl3eQie7A,강래가생각나,GRZrGcKc9ig,고민  말고  이 영상 보세요. #하인즈뷰티,2025-08-25T08:18:40Z,36.0,True,18849,102.0,7.0
2971,UC3JkmwbieVcF5xHl3eQie7A,강래가생각나,cOp24pXoqxI,위로 올리면 촌스럽다고 하던데요?,2025-08-28T07:18:54Z,194.0,False,33789,229.0,8.0
2971,UC3JkmwbieVcF5xHl3eQie7A,강래가생각나,ZTQ3s8dFUNY,머리숱 없는 혼주 머리 이 영상으로 고민 해결.,2025-08-30T00:10:50Z,208.0,False,4142,83.0,16.0
2971,UC3JkmwbieVcF5xHl3eQie7A,강래가생각나,Rzmc_2zVEf4,단정美 vs 내추럴美… 두 가지 번 스타일 중 최애는?,2025-09-05T04:47:57Z,198.0,False,1591,39.0,0.0
2971,UC3JkmwbieVcF5xHl3eQie7A,강래가생각나,ziiLRR7xUqw,맘에 드는 머리가 없다고요? #하인즈뷰티,2025-09-07T02:45:51Z,45.0,True,69785,376.0,12.0
2971,UC3JkmwbieVcF5xHl3eQie7A,강래가생각나,ZVRYQXyQKvc,둘 다 예쁜데 어떻하죠? 하인즈 뷰티,2025-09-19T05:37:31Z,155.0,False,11452,86.0,7.0
2971,UC3JkmwbieVcF5xHl3eQie7A,강래가생각나,e4gVcXgyfOU,비슷해도 똑같은 건 아니에요.#하인즈뷰티,2025-09-21T08:05:32Z,39.0,True,45727,248.0,12.0
2971,UC3JkmwbieVcF5xHl3eQie7A,강래가생각나,_EF3gZwQUWs,각도 하나로 분위기가 완전 달라집니다. #hairstyle,2025-12-23T04:17:28Z,39.0,True,25036,165.0,5.0
2971,UC3JkmwbieVcF5xHl3eQie7A,강래가생각나,u_oFWXx2Wh4,아내가 외출할 때 남편이 하는 일.#hairstyle,2026-01-13T06:12:05Z,45.0,True,10864,46.0,5.0
2971,UC3JkmwbieVcF5xHl3eQie7A,강래가생각나,sZUOOQ5gSLQ,성형없이 예뻐지는 기적의 혼주 업스타일 #하인즈뷰티,2026-02-18T08:12:44Z,41.0,True,23228,124.0,0.0
2971,UC3JkmwbieVcF5xHl3eQie7A,강래가생각나,mkCuCHBX6c4,이 거 하나면 끝이에요.#하인즈뷰티,2026-02-27T08:45:21Z,57.0,True,14504,113.0,6.0
2971,UC3JkmwbieVcF5xHl3eQie7A,강래가생각나,yRn4axGezD0,유행보다 무서운 건 확고한 취향입니다. #하인즈뷰티,2026-03-04T01:08:22Z,43.0,True,72518,326.0,13.0
2971,UC3JkmwbieVcF5xHl3eQie7A,강래가생각나,sowHC0I3p28,원장님들  시즌 전 미리 준비하세요.#모나브,2026-03-05T03:09:57Z,61.0,False,36686,248.0,5.0
2971,UC3JkmwbieVcF5xHl3eQie7A,강래가생각나,TKmJsy6qsZI,턱선과 목선 둘 다 살린다#하인즈뷰티,2026-03-20T04:06:10Z,39.0,True,33605,284.0,4.0
2971,UC3JkmwbieVcF5xHl3eQie7A,강래가생각나,9__CEMvLPZQ,아직도 고데기랑 싸우세요? #강래가생각나,2026-04-16T11:10:00Z,66.0,False,8598,85.0,1.0
2971,UC3JkmwbieVcF5xHl3eQie7A,강래가생각나,oXG8Bj_VNpk,단발머리 예쁘게 묶는 방법 #강래가생각나,2026-04-30T04:06:54Z,43.0,True,8191,72.0,4.0
2971,UC3JkmwbieVcF5xHl3eQie7A,강래가생각나,V_lCy16w480,짝퉁 브레드 이발소에 가면 생기는 일 #강래가생각나,2026-05-01T03:47:08Z,43.0,True,5381,40.0,0.0
2972,UCwf_243cYlm1N3UlKR4dtOw,위아토트넘 TV 코리아 (쏘니TV),SaCQvMOdyNU,현지 팬들 난리났다🔥 손흥민 골에 경기장 뒤집힘⚡️ 어디서든 사랑받는 SONNY💙 (LAFC 2-2 콜로라도),2025-10-19T08:40:27Z,455.0,False,42532,1461.0,38.0
2972,UCwf_243cYlm1N3UlKR4dtOw,위아토트넘 TV 코리아 (쏘니TV),ZqWLWquiEsk,손흥민 미친 골🔥,2025-10-19T09:59:08Z,8.0,True,34392,973.0,32.0
2972,UCwf_243cYlm1N3UlKR4dtOw,위아토트넘 TV 코리아 (쏘니TV),wjkhm9kNBbw,"로브 홀딩: “손흥민, 왜 또 여기 있어?!”🤣 MLS에서도 악몽 재현🔥",2025-10-20T23:11:25Z,755.0,False,34065,2149.0,61.0
2972,UCwf_243cYlm1N3UlKR4dtOw,위아토트넘 TV 코리아 (쏘니TV),6IYmNJscLsQ,벤: “제발 돌아와 손흥민 😭 동상+임대 복귀설까지!,2025-10-21T23:17:14Z,745.0,False,21849,1159.0,123.0
2972,UCwf_243cYlm1N3UlKR4dtOw,위아토트넘 TV 코리아 (쏘니TV),q-VjkkLTdxI,MLS 플레이오프 대진 공개! 손흥민이 상대할 수 있는 월드클래스 선수들 총정리,2025-10-28T00:15:15Z,645.0,False,7752,688.0,41.0
2972,UCwf_243cYlm1N3UlKR4dtOw,위아토트넘 TV 코리아 (쏘니TV),UPdODI4lxSs,손흥민 “토트넘 팬들 앞에서 직접 작별 인사하고 싶어요” 😢 귀국 준비 중?!,2025-10-28T23:41:22Z,287.0,False,10290,728.0,29.0
2972,UCwf_243cYlm1N3UlKR4dtOw,위아토트넘 TV 코리아 (쏘니TV),BT6Odw0VZG0,📉 손흥민 떠나자 토트넘 매출 ‘반토막’… 충격적인 현실,2025-11-04T13:23:33Z,612.0,False,66954,3161.0,228.0
2972,UCwf_243cYlm1N3UlKR4dtOw,위아토트넘 TV 코리아 (쏘니TV),3niT-BjJFws,손흥민 푸스카스 골 떠오른다! 미키 반 더 벤의 미친 골,2025-11-06T02:25:21Z,562.0,False,4812,300.0,32.0
2972,UCwf_243cYlm1N3UlKR4dtOw,위아토트넘 TV 코리아 (쏘니TV),z78QMmM8Qpc,🇰🇷 한국 🆚 가나 🇬🇭 LIVE (영국인 편파중계),2025-11-18T13:03:20Z,7152.0,False,3987,243.0,5.0
2972,UCwf_243cYlm1N3UlKR4dtOw,위아토트넘 TV 코리아 (쏘니TV),ldkNhgmmC2g,기적의 가나전 1:0 승! 이강인 '마술'에 벤 정신 나감,2025-11-18T14:19:57Z,488.0,False,4102,282.0,25.0
2972,UCwf_243cYlm1N3UlKR4dtOw,위아토트넘 TV 코리아 (쏘니TV),fBcS1Yjs97E,"손흥민, 마지막 인사 위해 토트넘 복귀 확정!12월 9일… 런던이 울 준비를 한다",2025-12-03T23:01:02Z,337.0,False,75814,2572.0,134.0
2972,UCwf_243cYlm1N3UlKR4dtOw,위아토트넘 TV 코리아 (쏘니TV),PeyRbQUKNl4,"손흥민, 작별 인사 전 마지막 메시지…",2025-12-05T11:53:54Z,42.0,True,4624,393.0,19.0
2972,UCwf_243cYlm1N3UlKR4dtOw,위아토트넘 TV 코리아 (쏘니TV),6OcxDI4q9Xw,손흥민 벽화 완성 직전! 현장 라이브🔥,2025-12-06T14:07:33Z,479.0,False,7468,734.0,37.0
2972,UCwf_243cYlm1N3UlKR4dtOw,위아토트넘 TV 코리아 (쏘니TV),NOW1M6Sub70,손흥민 벽화 완성 직전! 현장 라이브🔥,2025-12-06T14:19:55Z,535.0,False,19205,1662.0,126.0
2972,UCwf_243cYlm1N3UlKR4dtOw,위아토트넘 TV 코리아 (쏘니TV),tqzzLlSKH1c,손흥민 벽화 근황… 아직 미완성인데 벌써 미쳤다?! 🤯🔥,2025-12-07T00:41:40Z,1021.0,False,50316,2496.0,147.0
2972,UCwf_243cYlm1N3UlKR4dtOw,위아토트넘 TV 코리아 (쏘니TV),fYPEaSNwSFk,"손흥민, 오늘 마지막으로 토트넘에 선다… 경기장은 눈물바다 될 것",2025-12-09T09:16:30Z,262.0,False,40828,1542.0,75.0
2972,UCwf_243cYlm1N3UlKR4dtOw,위아토트넘 TV 코리아 (쏘니TV),q9Zw-dMHRGk,가레스 베일이 손흥민에게 보낸 메시지… 레전드가 레전드에게,2025-12-09T15:00:28Z,24.0,True,4955,298.0,14.0
2972,UCwf_243cYlm1N3UlKR4dtOw,위아토트넘 TV 코리아 (쏘니TV),T5DJES8jQCQ,가레스 베일이 손흥민에게 보낸 메시지,2025-12-09T15:01:36Z,24.0,True,14089,749.0,18.0
2972,UCwf_243cYlm1N3UlKR4dtOw,위아토트넘 TV 코리아 (쏘니TV),MwuErTcZJR8,손흥민 벽화에서 라이브,2025-12-09T18:46:32Z,826.0,False,9814,1023.0,33.0
2972,UCwf_243cYlm1N3UlKR4dtOw,위아토트넘 TV 코리아 (쏘니TV),NfEx_KBZf64,토트넘이 울었다… 손흥민의 감동의 작별 영상 LIVE,2025-12-09T19:51:00Z,80.0,False,8357,406.0,5.0
2972,UCwf_243cYlm1N3UlKR4dtOw,위아토트넘 TV 코리아 (쏘니TV),a2mITR_3sTo,위아토트넘 TV 코리아 (쏘니TV) is live,2025-12-09T19:59:50Z,435.0,False,56562,2471.0,102.0
2972,UCwf_243cYlm1N3UlKR4dtOw,위아토트넘 TV 코리아 (쏘니TV),v6rue-InVLc,"이 순간을 잊지 못합니다… 손흥민, 토트넘과의 이별 생중계",2025-12-09T20:34:42Z,409.0,False,210110,5544.0,389.0
2972,UCwf_243cYlm1N3UlKR4dtOw,위아토트넘 TV 코리아 (쏘니TV),exGneaeL9KM,"심, 손흥민 마지막 인사 보고 오열 직전",2025-12-10T01:23:56Z,283.0,False,22090,1171.0,42.0
2972,UCwf_243cYlm1N3UlKR4dtOw,위아토트넘 TV 코리아 (쏘니TV),i6WKPagK5kc,손흥민 벽화 첫 공개! 직접 보니 소름 돋았다,2025-12-10T01:34:48Z,161.0,False,3057,291.0,9.0
2972,UCwf_243cYlm1N3UlKR4dtOw,위아토트넘 TV 코리아 (쏘니TV),bNKVaQoh3LQ,감정 가득한 하루… 손흥민 벽화부터 마지막 인사까지,2025-12-10T01:49:21Z,1486.0,False,29577,1995.0,78.0
2972,UCwf_243cYlm1N3UlKR4dtOw,위아토트넘 TV 코리아 (쏘니TV),bXDrTGfKG1M,손흥민… 마지막 인사,2025-12-10T09:25:24Z,157.0,False,13587,1521.0,38.0
2972,UCwf_243cYlm1N3UlKR4dtOw,위아토트넘 TV 코리아 (쏘니TV),gm7HJR1IdZE,"실물로 본 손흥민 벽화, 진짜 말이 안 나왔다",2025-12-10T09:39:46Z,45.0,True,20928,1197.0,31.0
2972,UCwf_243cYlm1N3UlKR4dtOw,위아토트넘 TV 코리아 (쏘니TV),seGmMVUMtKY,왜 손흥민 티포가 없었을까?,2025-12-10T10:01:37Z,1234.0,False,7783,274.0,34.0
2972,UCwf_243cYlm1N3UlKR4dtOw,위아토트넘 TV 코리아 (쏘니TV),TDOufV7OOCs,"“손흥민은 내 형 같다”… 텔, 작별 위해 돌아온 손흥민 언급",2025-12-10T11:34:21Z,180.0,False,31086,712.0,34.0
2972,UCwf_243cYlm1N3UlKR4dtOw,위아토트넘 TV 코리아 (쏘니TV),V5VIRXBt33M,쿠두스: “더 오래 함께하고 싶었다… 그는 진짜 레전드다”,2025-12-10T11:34:41Z,44.0,True,15040,339.0,13.0
2972,UCwf_243cYlm1N3UlKR4dtOw,위아토트넘 TV 코리아 (쏘니TV),_OIO11dNVBE,자비 시몬스: “그는 진짜 레전드… 그의 번호를 받게 돼 영광이었다”,2025-12-10T11:34:44Z,38.0,True,7974,190.0,26.0
2972,UCwf_243cYlm1N3UlKR4dtOw,위아토트넘 TV 코리아 (쏘니TV),c7oHXZ7bZsk,가장 위대한 작별… 벤 & 심이 전한 손흥민의 마지막 인사,2025-12-10T14:50:11Z,161.0,False,5191,465.0,10.0
2972,UCwf_243cYlm1N3UlKR4dtOw,위아토트넘 TV 코리아 (쏘니TV),bFlvHIiLWt0,"돌아와줘서 고마워, 소니",2025-12-11T01:37:46Z,297.0,False,16858,1029.0,36.0
2972,UCwf_243cYlm1N3UlKR4dtOw,위아토트넘 TV 코리아 (쏘니TV),dAj3-4Bpop8,손흥민: ‘아치가 문자 안 보냈어!’ 아치: ‘형이 번호 바꿨다니까요!’ 둘의 폭소 토크!,2025-12-11T02:51:51Z,1761.0,False,32829,1328.0,36.0
2972,UCwf_243cYlm1N3UlKR4dtOw,위아토트넘 TV 코리아 (쏘니TV),H-NmwX_-iJo,손흥민 다큐 보고 감정적으로 무너졌습니다,2025-12-18T00:10:00Z,2240.0,False,330897,8827.0,376.0
2972,UCwf_243cYlm1N3UlKR4dtOw,위아토트넘 TV 코리아 (쏘니TV),LKE-yCVBr2s,제임스 블랙이 만든 토트넘 새 손흥민 응원가 @thevoiceofspurs,2025-12-19T00:52:58Z,26.0,True,9493,595.0,36.0
2972,UCwf_243cYlm1N3UlKR4dtOw,위아토트넘 TV 코리아 (쏘니TV),eL4jbWuTYmE,손흥민 미쳤다! 복귀전 1골 3도움 → 6-1 대승 미쳤다 ㄷㄷ,2026-02-18T16:00:00Z,840.0,False,85872,4330.0,171.0
2972,UCwf_243cYlm1N3UlKR4dtOw,위아토트넘 TV 코리아 (쏘니TV),HqfgquwjxnI,그래서 손흥민 뽑았냐고ㅋㅋ 북런던 더비 역대 통합 XI 피터 최종 선택,2026-02-19T00:58:46Z,2138.0,False,66260,2404.0,537.0
2972,UCwf_243cYlm1N3UlKR4dtOw,위아토트넘 TV 코리아 (쏘니TV),2ZP1gHDzap8,손흥민보다 더 잘하는 선수 나오기 전까진 조용히 해라,2026-02-19T17:48:15Z,97.0,False,57366,986.0,196.0
2972,UCwf_243cYlm1N3UlKR4dtOw,위아토트넘 TV 코리아 (쏘니TV),5lebv9oq5lM,북런던 더비 앞두고 붙었다… 심 vs 피터 제대로 토론 시작,2026-02-20T00:00:07Z,2649.0,False,9958,595.0,108.0
2972,UCwf_243cYlm1N3UlKR4dtOw,위아토트넘 TV 코리아 (쏘니TV),YEdlyF4w9r4,메시 앞에서 증명했다… 진짜 GOAT는 손흥민이었다,2026-02-24T00:59:41Z,970.0,False,46968,2572.0,133.0
2972,UCwf_243cYlm1N3UlKR4dtOw,위아토트넘 TV 코리아 (쏘니TV),Aabga9v_aww,양민혁 또 명단 제외… 이게 맞는 선택인가?,2026-02-26T00:03:28Z,621.0,False,7757,376.0,89.0
2972,UCwf_243cYlm1N3UlKR4dtOw,위아토트넘 TV 코리아 (쏘니TV),F7-GrGSAa6s,한국 첫 직관… 쏘니를 웃게 만들었다 🥹,2026-03-29T00:34:39Z,1549.0,False,22483,2025.0,235.0
2972,UCwf_243cYlm1N3UlKR4dtOw,위아토트넘 TV 코리아 (쏘니TV),WzvBcueFfzw,쏘니가 우리 보고 웃은 순간 🥹,2026-03-29T00:34:48Z,40.0,True,15966,1036.0,30.0
2972,UCwf_243cYlm1N3UlKR4dtOw,위아토트넘 TV 코리아 (쏘니TV),RJAXJlNhg00,🇦🇹 오스트리아 🆚 한국 🇰🇷 LIVE (영국인 편파중계),2026-03-31T20:50:23Z,7202.0,False,3494,223.0,3.0
2972,UCwf_243cYlm1N3UlKR4dtOw,위아토트넘 TV 코리아 (쏘니TV),50KjhpqBJ6o,이길 경기였는데… 한국 0-1 오스트리아 리액션 🇰🇷💔,2026-03-31T22:07:33Z,405.0,False,1526,199.0,54.0
2972,UCwf_243cYlm1N3UlKR4dtOw,위아토트넘 TV 코리아 (쏘니TV),UtBIXbJovdQ,19분 동안 4어시스트… 쏘니 미쳤다🔥 (MLS 지배 중),2026-04-06T21:15:52Z,879.0,False,34075,2554.0,116.0
2972,UCwf_243cYlm1N3UlKR4dtOw,위아토트넘 TV 코리아 (쏘니TV),CZLNuKdezHk,또 의심했다… 그리고 쏘니는 바로 응답했다🔥,2026-04-08T22:29:30Z,675.0,False,21842,2406.0,109.0
2972,UCwf_243cYlm1N3UlKR4dtOw,위아토트넘 TV 코리아 (쏘니TV),z8nEnFk26P8,쏘니❤️베르너 재회… 감동 반응 터졌다🥹 (골까지!),2026-04-20T16:11:34Z,521.0,False,3408,314.0,29.0
2972,UCwf_243cYlm1N3UlKR4dtOw,위아토트넘 TV 코리아 (쏘니TV),C_l6G91esj0,또 의심했다… 그런데 쏘니가 2어시로 응답했다,2026-04-30T23:44:06Z,728.0,False,17356,1799.0,66.0
2973,UCsnX5bnTB6NTzzXOguVcqZw,홍이삭(Isaac Hong) ,46SVv02pFx0,"“우리의 사랑한 계절은 남아있으니” 홍이삭(Isaac Hong) - 안녕, 잘 지내. | ISAAC HONG 2025 LIVE SESSION [𝑻𝒐𝒂𝒔𝒕𝒆𝒅 𝑻𝒖𝒏𝒆𝒔]",2025-12-11T09:00:11Z,37.0,True,23865,859.0,49.0
2973,UCsnX5bnTB6NTzzXOguVcqZw,홍이삭(Isaac Hong) ,bi-32mFNINg,[Live Clip] 홍이삭(Isaac Hong) - 나의 작은 마을 | ISAAC HONG 2025 LIVE SESSION [𝑻𝒐𝒂𝒔𝒕𝒆𝒅 𝑻𝒖𝒏𝒆𝒔],2025-12-12T09:00:18Z,177.0,False,51507,940.0,58.0
2973,UCsnX5bnTB6NTzzXOguVcqZw,홍이삭(Isaac Hong) ,y505jrxU8JE,“아득해진 내 기억들이 이곳에서 자라” 홍이삭(Isaac Hong) - 나의 작은 마을 | ISAAC HONG 2025 LIVE SESSION [𝑻𝒐𝒂𝒔𝒕𝒆𝒅 𝑻𝒖𝒏𝒆𝒔],2025-12-12T09:01:44Z,47.0,True,21293,1262.0,44.0
2973,UCsnX5bnTB6NTzzXOguVcqZw,홍이삭(Isaac Hong) ,X9AzdjQtOaI,“수없이 얽힌 내 길 위에 켜켜이 쌓인” 홍이삭(Isaac Hong) - 나의 작은 마을 | ISAAC HONG 2025 LIVE SESSION [𝑻𝒐𝒂𝒔𝒕𝒆𝒅 𝑻𝒖𝒏𝒆𝒔],2025-12-13T09:00:57Z,36.0,True,27820,842.0,28.0
2973,UCsnX5bnTB6NTzzXOguVcqZw,홍이삭(Isaac Hong) ,_9O4_6J_Ajs,[Live Clip] 홍이삭(Isaac Hong) - In You(미지의 서울 ost) | GMF2025,2025-12-16T10:00:08Z,226.0,False,34472,1082.0,95.0
2973,UCsnX5bnTB6NTzzXOguVcqZw,홍이삭(Isaac Hong) ,yqTb8pmfDDA,“시간이 더 지나도 내 마음은 같아” 홍이삭(Isaac Hong) - In You(미지의 서울 ost) | GMF2025,2025-12-16T10:01:41Z,38.0,True,21064,1054.0,28.0
2973,UCsnX5bnTB6NTzzXOguVcqZw,홍이삭(Isaac Hong) ,6T0fTZY9oAA,“I think I'm still in that moment with you” 홍이삭(Isaac Hong) - In You(미지의 서울 ost) | GMF2025,2025-12-17T11:00:11Z,34.0,True,25914,1008.0,24.0
2973,UCsnX5bnTB6NTzzXOguVcqZw,홍이삭(Isaac Hong) ,WEw7crdWMJE,ISAAC HONG 2025 LIVE SESSION [𝑻𝒐𝒂𝒔𝒕𝒆𝒅 𝑻𝒖𝒏𝒆𝒔] Behind The Scenes,2025-12-18T09:00:09Z,776.0,False,12217,1020.0,119.0
2973,UCsnX5bnTB6NTzzXOguVcqZw,홍이삭(Isaac Hong) ,PVbXkXyVKKU,랜덤뽑기마저 성공해버리는 홍이삭 #홍이삭 #behind #shorts,2025-12-18T09:00:38Z,26.0,True,17384,869.0,55.0
2973,UCsnX5bnTB6NTzzXOguVcqZw,홍이삭(Isaac Hong) ,WVNkmD9boqc,"""내 사랑 그대, 내 곁에 있어줘"" 홍이삭 - 내사랑 내곁에 LIVE🎤",2025-12-25T03:00:45Z,44.0,True,20366,1076.0,43.0
2973,UCsnX5bnTB6NTzzXOguVcqZw,홍이삭(Isaac Hong) ,EIZQ2vJnKtU,[Live Clip] 홍이삭(Isaac Hong) - 길을 걷다 | ISAAC HONG 2025 LIVE SESSION [𝑻𝒐𝒂𝒔𝒕𝒆𝒅 𝑻𝒖𝒏𝒆𝒔],2025-12-29T10:00:06Z,274.0,False,46901,1218.0,106.0
2973,UCsnX5bnTB6NTzzXOguVcqZw,홍이삭(Isaac Hong) ,Zb8fpFwnGHo,“함께 걷던 시간들은 그때의 우릴 추억케 하고” 홍이삭(Isaac Hong) - 길을 걷다 | ISAAC HONG 2025 LIVE SESSION [𝑻𝒐𝒂𝒔𝒕𝒆𝒅 𝑻𝒖𝒏𝒆𝒔],2025-12-29T10:01:10Z,50.0,True,14122,1030.0,47.0
2973,UCsnX5bnTB6NTzzXOguVcqZw,홍이삭(Isaac Hong) ,RVfwGUVgFQ8,2026년도 잘 부탁해 토스틍 #홍이삭 #IsaacHong #2026,2025-12-31T15:01:05Z,12.0,True,35843,1678.0,142.0
2973,UCsnX5bnTB6NTzzXOguVcqZw,홍이삭(Isaac Hong) ,JtBbxF9PN6w,토스트 화음에 행복해하는 홍이삭 #홍이삭 #behind #shorts,2026-01-02T10:00:26Z,12.0,True,19734,947.0,68.0
2973,UCsnX5bnTB6NTzzXOguVcqZw,홍이삭(Isaac Hong) ,iAIB56tOP-0,[Live Clip] 홍이삭(Isaac Hong) - pages | ISAAC HONG 2025 LIVE SESSION [𝑻𝒐𝒂𝒔𝒕𝒆𝒅 𝑻𝒖𝒏𝒆𝒔],2026-01-08T10:00:20Z,316.0,False,33694,1029.0,118.0
2973,UCsnX5bnTB6NTzzXOguVcqZw,홍이삭(Isaac Hong) ,g6xaKVlxcNM,I’ll be right here by your side 홍이삭(Isaac Hong)-pages | ISAAC HONG 2025 LIVE SESSION [𝑻𝒐𝒂𝒔𝒕𝒆𝒅 𝑻𝒖𝒏𝒆𝒔],2026-01-08T10:01:11Z,42.0,True,19977,1057.0,47.0
2973,UCsnX5bnTB6NTzzXOguVcqZw,홍이삭(Isaac Hong) ,8i4ryqyw3pU,[Live Clip] 홍이삭(Isaac Hong) - 잠자리 지우개 | ISAAC HONG 2025 LIVE SESSION [𝑻𝒐𝒂𝒔𝒕𝒆𝒅 𝑻𝒖𝒏𝒆𝒔],2026-01-22T10:00:19Z,292.0,False,20401,794.0,63.0
2973,UCsnX5bnTB6NTzzXOguVcqZw,홍이삭(Isaac Hong) ,VKDvOvtIV-w,“얼마나 많은 아픔을 겪어야 널 놓을 수 있나” 홍이삭(Isaac Hong) - 잠자리 지우개 | ISAAC HONG 2025 LIVE SESSION [𝑻𝒐𝒂𝒔𝒕𝒆𝒅 𝑻𝒖𝒏𝒆𝒔],2026-01-22T10:00:54Z,21.0,True,52234,1136.0,28.0
2973,UCsnX5bnTB6NTzzXOguVcqZw,홍이삭(Isaac Hong) ,pDpfPtgF53w,“내가 산 잠자리 지우개는 제일 잘 지워졌었는데” 홍이삭(Isaac Hong) - 잠자리 지우개 | ISAAC HONG 2025 LIVE SESSION [𝑻𝒐𝒂𝒔𝒕𝒆𝒅 𝑻𝒖𝒏𝒆𝒔],2026-01-26T10:01:14Z,28.0,True,12467,676.0,22.0
2973,UCsnX5bnTB6NTzzXOguVcqZw,홍이삭(Isaac Hong) ,iImm_4DT0ac,"“널 잡을 듯, 널 놓칠 듯” 홍이삭(Isaac Hong) - 잠자리 지우개 | ISAAC HONG 2025 LIVE SESSION [𝑻𝒐𝒂𝒔𝒕𝒆𝒅 𝑻𝒖𝒏𝒆𝒔]",2026-01-29T10:01:09Z,13.0,True,12505,655.0,19.0
2973,UCsnX5bnTB6NTzzXOguVcqZw,홍이삭(Isaac Hong) ,EQdozPBeyMA,“너의 뒤에 나 서있을게” 홍이삭(Isaac Hong) - 있을게 | ISAAC HONG 2025 LIVE SESSION [𝑻𝒐𝒂𝒔𝒕𝒆𝒅 𝑻𝒖𝒏𝒆𝒔],2026-02-03T10:00:20Z,27.0,True,15810,886.0,33.0
2973,UCsnX5bnTB6NTzzXOguVcqZw,홍이삭(Isaac Hong) ,zu42_AryAJ0,[Live Clip] 홍이삭(Isaac Hong) - 있을게 | ISAAC HONG 2025 LIVE SESSION [𝑻𝒐𝒂𝒔𝒕𝒆𝒅 𝑻𝒖𝒏𝒆𝒔],2026-02-03T10:01:11Z,236.0,False,20630,764.0,59.0
2973,UCsnX5bnTB6NTzzXOguVcqZw,홍이삭(Isaac Hong) ,KnRwJN8uvWY,“꺼내지 못한 기억들 다 내가 안을게” 홍이삭(Isaac Hong) - 있을게 | ISAAC HONG 2025 LIVE SESSION [𝑻𝒐𝒂𝒔𝒕𝒆𝒅 𝑻𝒖𝒏𝒆𝒔],2026-02-05T10:00:36Z,22.0,True,17708,1020.0,24.0
2973,UCsnX5bnTB6NTzzXOguVcqZw,홍이삭(Isaac Hong) ,U5OqR8Kc0Lg,SERIES.L : ISAAC HONG Behind The Scenes,2026-02-23T09:00:08Z,495.0,False,8640,770.0,105.0
2973,UCsnX5bnTB6NTzzXOguVcqZw,홍이삭(Isaac Hong) ,11zWxpHYg-I,“But what happened?”홍이삭(Isaac Hong) - Happened (방과후 태리쌤 OST) | CJ문화재단 20주년 기념 TUNE UP 라이브 스테이지,2026-03-27T08:00:00Z,46.0,True,10906,779.0,35.0
2973,UCsnX5bnTB6NTzzXOguVcqZw,홍이삭(Isaac Hong) ,b8yMWqliP_g,“나의 봄이 돼준 당신께 고마워요 나의 봄에” 홍이삭(Isaac Hong) - 봄아 | CJ문화재단 20주년 기념 TUNE UP 라이브 스테이지,2026-03-30T06:32:07Z,58.0,True,9971,858.0,56.0
2973,UCsnX5bnTB6NTzzXOguVcqZw,홍이삭(Isaac Hong) ,t5r2UiR_q2w,2026.04.23 THU 6PM (KST) Release D-10 ISAAC HONG 6th EP [Castle In The Air],2026-04-13T09:00:29Z,15.0,True,10493,742.0,78.0
2973,UCsnX5bnTB6NTzzXOguVcqZw,홍이삭(Isaac Hong) ,Or67MN5iUjQ,ISAAC HONG 6th EP [Castle In The Air] Highlight Medley,2026-04-15T09:00:34Z,97.0,False,13888,899.0,160.0
2973,UCsnX5bnTB6NTzzXOguVcqZw,홍이삭(Isaac Hong) ,sFZT0fnSgqs,ISAAC HONG 6th EP [Castle In The Air] 허수아비 LIVE | 2026 LOVESOME,2026-04-17T09:00:28Z,31.0,True,17813,1052.0,36.0
2973,UCsnX5bnTB6NTzzXOguVcqZw,홍이삭(Isaac Hong) ,UiBf7PiWhBw,자!! 앨범나온다!!!!!!,2026-04-20T10:00:10Z,58.0,True,23867,1441.0,145.0
2973,UCsnX5bnTB6NTzzXOguVcqZw,홍이삭(Isaac Hong) ,6PaphfbIGfc,[Live Clip] 홍이삭 (Isaac Hong) - 내게 기대 | EP 'Castle In The Air' Pre-release,2026-04-22T09:00:09Z,207.0,False,22647,1288.0,169.0
2973,UCsnX5bnTB6NTzzXOguVcqZw,홍이삭(Isaac Hong) ,NOI1lSa4iu0,"""너의 시린 눈빛 따라갈래"" 홍이삭 (Isaac Hong) - 내게 기대 | EP 'Castle In The Air' Pre-release",2026-04-22T09:00:29Z,23.0,True,14161,1067.0,74.0
2973,UCsnX5bnTB6NTzzXOguVcqZw,홍이삭(Isaac Hong) ,3EKVxMWneco,"""거침없이 나 살아내기를"" 홍이삭 (Isaac Hong) - Doesn't Matter | EP 'Castle In The Air'",2026-04-23T09:00:10Z,23.0,True,15256,1129.0,65.0
2973,UCsnX5bnTB6NTzzXOguVcqZw,홍이삭(Isaac Hong) ,YYf4SKWZ9sc,[MV] 홍이삭 (Isaac Hong) - Doesn't Matter,2026-04-23T09:00:31Z,199.0,False,91495,2103.0,282.0
2973,UCsnX5bnTB6NTzzXOguVcqZw,홍이삭(Isaac Hong) ,9vEUpH0zOxY,"POV: this is ""Doesn’t Matter""",2026-04-24T09:00:11Z,27.0,True,90226,1407.0,54.0
2973,UCsnX5bnTB6NTzzXOguVcqZw,홍이삭(Isaac Hong) ,rtwHdo1aG1s,ISAAC HONG 6th EP [Castle In The Air] 허수아비 LIVE | GREENCAMP FESTIVAL 2026,2026-04-27T09:00:08Z,26.0,True,12831,1055.0,40.0
2973,UCsnX5bnTB6NTzzXOguVcqZw,홍이삭(Isaac Hong) ,lxHDTiBgDJA,This is the song that I listen to when I run🏃,2026-04-30T10:00:46Z,29.0,True,15679,1291.0,136.0
2973,UCsnX5bnTB6NTzzXOguVcqZw,홍이삭(Isaac Hong) ,FocZ5Akg9Zk,"""너를 바라, 버리지 않아"" 홍이삭(Isaac Hong) - Castle | 무반주 LIVE ver.",2026-05-02T12:00:23Z,37.0,True,21023,1448.0,137.0
2973,UCsnX5bnTB6NTzzXOguVcqZw,홍이삭(Isaac Hong) ,lzmPgkLA804,정성껏 모시겠습니다🙇 무대에서 확인해주세요🎤,2026-05-04T09:01:04Z,16.0,True,19511,1111.0,119.0
2973,UCsnX5bnTB6NTzzXOguVcqZw,홍이삭(Isaac Hong) ,PI7gDGB08Pc,”메마른 널 마주할 수 있나“ 홍이삭(Isaac Hong) - Puzzle | 작업실 LIVE ver.,2026-05-07T11:00:07Z,35.0,True,17312,1176.0,95.0
2973,UCsnX5bnTB6NTzzXOguVcqZw,홍이삭(Isaac Hong) ,w_nCGF51U18,꽃 던지는 홍수아비 실존 🌾,2026-05-09T07:00:47Z,20.0,True,9038,822.0,83.0
2973,UCsnX5bnTB6NTzzXOguVcqZw,홍이삭(Isaac Hong) ,37RTqXD6yzo,[Live Clip] 홍이삭(Isaac Hong) - Doesn't Matter | GREEN CAMP FESTIVAL 2026,2026-05-11T09:00:04Z,219.0,False,5954,693.0,66.0
2973,UCsnX5bnTB6NTzzXOguVcqZw,홍이삭(Isaac Hong) ,8vFZH9CDi-c,"""hold me close, It doesn’t matter"" 홍이삭(Isaac Hong) - Doesn‘t Matter | GREENCAMP FESTIVAL 2026",2026-05-11T09:00:12Z,56.0,True,7558,1049.0,39.0
2973,UCsnX5bnTB6NTzzXOguVcqZw,홍이삭(Isaac Hong) ,yfGnJuMwlsY,[Live Clip] 홍이삭 - 바람의 노래 + 사랑은 하니까 + 기다림 (Orchestra ver.) | SERIES.L : ISAAC HONG,2026-05-12T10:00:11Z,815.0,False,13368,1424.0,142.0
2973,UCsnX5bnTB6NTzzXOguVcqZw,홍이삭(Isaac Hong) ,nV4ysPkid1Q,"""내가 아는건 살아가는 방법뿐이야"" 홍이삭 - 바람의 노래 (Orchestra ver.) | SERIES.L : ISAAC HONG Live Clip",2026-05-12T10:01:12Z,64.0,False,11885,1144.0,47.0
2973,UCsnX5bnTB6NTzzXOguVcqZw,홍이삭(Isaac Hong) ,7G12OCtY204,"""다 괜찮아 사랑은 하니까"" 홍이삭 - 사랑은 하니까 (Orchestra ver.) | SERIES.L : ISAAC HONG Live Clip",2026-05-13T06:00:09Z,39.0,True,6257,780.0,28.0
2973,UCsnX5bnTB6NTzzXOguVcqZw,홍이삭(Isaac Hong) ,LtGBnS8UuSU,"""언젠가 그대가 날 아무 말 없이 안아 주겠죠"" 홍이삭 - 기다림 (Orchestra ver.) | SERIES.L : ISAAC HONG Live Clip",2026-05-14T06:00:23Z,20.0,True,12095,818.0,29.0
2973,UCsnX5bnTB6NTzzXOguVcqZw,홍이삭(Isaac Hong) ,N2v2EB1qRck,홍이삭(ISAAC HONG) 6th EP [Castle In The Air] Recording Behind The Scenes,2026-05-15T09:00:29Z,562.0,False,4147,669.0,77.0
2973,UCsnX5bnTB6NTzzXOguVcqZw,홍이삭(Isaac Hong) ,rStcaZhhrrQ,저런 목소리 처음 들어봐요 #홍이삭 #behind #shorts #Castle_In_The_Air,2026-05-15T09:01:12Z,21.0,True,9923,662.0,52.0
2973,UCsnX5bnTB6NTzzXOguVcqZw,홍이삭(Isaac Hong) ,2BRXXj-856M,"홍이삭의 지휘로 마무리된 ""Doesn't Matter"" 많관부 #홍이삭 #behind #shorts #Castle_In_The_Air",2026-05-16T06:00:03Z,34.0,True,2672,348.0,24.0
2974,UCnBvvlF07eXGFqZmTI3HwdQ,광성이,VlaXunNV_VA,이모티콘 애니 맞추기 3탄 ㅋㅋㅋㅋ,2024-08-23T21:00:30Z,48.0,True,6341,162.0,2.0
2974,UCnBvvlF07eXGFqZmTI3HwdQ,광성이,MNmsKTKgmYs,이모티콘 애니 맞추기 4탄 ㅋㅋㅋㅋ,2024-08-24T21:00:10Z,52.0,True,8565,173.0,4.0
2974,UCnBvvlF07eXGFqZmTI3HwdQ,광성이,6hkyi5vrAok,이모티콘 애니 맞추기 5탄 ㅋㅋㅋㅋ,2024-08-25T21:00:03Z,44.0,True,6117,76.0,1.0
2974,UCnBvvlF07eXGFqZmTI3HwdQ,광성이,ED4nFpga-_Y,이모티콘 애니 맞추기 6탄 ㅋㅋㅋ,2024-08-26T21:00:09Z,44.0,True,6678,179.0,4.0
2974,UCnBvvlF07eXGFqZmTI3HwdQ,광성이,RbQGzI3hoN0,이모티콘 애니 맞추기 7탄 ㅋㅋㅋㅋㅋ,2024-08-28T21:00:16Z,50.0,True,13154,144.0,3.0
2974,UCnBvvlF07eXGFqZmTI3HwdQ,광성이,Ij0IcBrZHyo,아재개그 퀴즈 ㅋㅋㅋㅋ,2024-08-31T21:00:21Z,57.0,True,13831,363.0,7.0
2974,UCnBvvlF07eXGFqZmTI3HwdQ,광성이,thFkSGDPj_I,4년만에 '동물의 숲' 접속해봤습니다,2024-10-05T07:52:35Z,618.0,False,2983,67.0,18.0
2974,UCnBvvlF07eXGFqZmTI3HwdQ,광성이,D67vgzAXNek,회사 근처로 이사했더니 회사가 사라진 32세 대패삼겹살 새벽 혼술,2024-11-09T10:08:32Z,818.0,False,12745,361.0,126.0
2974,UCnBvvlF07eXGFqZmTI3HwdQ,광성이,Q4xtlkRvafU,전세보험 취소된 30대 노총각 김치찜 혼술,2024-11-16T10:00:19Z,791.0,False,4502,164.0,80.0
2974,UCnBvvlF07eXGFqZmTI3HwdQ,광성이,dnBx0Oby6C8,32세 노총각에서 이제는... 소덩어리 육회 혼술,2024-11-30T09:00:41Z,916.0,False,4308,142.0,46.0
2974,UCnBvvlF07eXGFqZmTI3HwdQ,광성이,TDS8CHOq5hc,알콜중독 30대의 옛날 통닭 혼술 먹방,2024-12-07T09:00:33Z,715.0,False,6098,153.0,56.0
2974,UCnBvvlF07eXGFqZmTI3HwdQ,광성이,PZVvGSJk_RA,170만 유튜버 동생에게 혼나는 영상(w.김재원),2024-12-09T09:03:50Z,630.0,False,4299,159.0,44.0
2974,UCnBvvlF07eXGFqZmTI3HwdQ,광성이,4CWPLopN4Z0,아무 재료 넣어서 해장 국밥 만들었습니다 30대 노총각 먹방,2024-12-12T09:00:03Z,523.0,False,2296,85.0,28.0
2974,UCnBvvlF07eXGFqZmTI3HwdQ,광성이,tj2uWEF2Nk4,혼술하다 오열하는 30대 노총각 대방어 먹방 혼술,2024-12-14T10:00:56Z,784.0,False,6252,245.0,94.0
2974,UCnBvvlF07eXGFqZmTI3HwdQ,광성이,_nkGwKTYNZ0,2시간동안 만든 눈사람 부순 사람 찾습니다... 역대급 폭설,2024-12-18T10:00:36Z,574.0,False,1572,81.0,39.0
2974,UCnBvvlF07eXGFqZmTI3HwdQ,광성이,Mqf4hgiGPIg,30대의 현실적 다이어트 식단 (16kg 감량),2024-12-22T09:03:08Z,535.0,False,3302,122.0,31.0
2974,UCnBvvlF07eXGFqZmTI3HwdQ,광성이,0q3dpDqyeqU,생일에도 혼술하는 30대의 새벽 소고기 혼술 먹방,2024-12-25T09:00:01Z,758.0,False,2995,125.0,52.0
2974,UCnBvvlF07eXGFqZmTI3HwdQ,광성이,X_oqcLB1cwI,크리스마스에 콩나물국 해장하는 30대 솔류 독거 노총각,2024-12-28T08:26:27Z,540.0,False,1856,75.0,22.0
2974,UCnBvvlF07eXGFqZmTI3HwdQ,광성이,vM7iG3EQuMg,"33살, 새해부터 혼술하는 백수의 만두국 술먹방",2025-01-03T11:21:31Z,919.0,False,3101,109.0,40.0
2974,UCnBvvlF07eXGFqZmTI3HwdQ,광성이,uAqcW6QPMtk,30대 노총각의 새벽에 편의점 음식 혼술,2025-01-11T08:24:49Z,932.0,False,4033,106.0,32.0
2974,UCnBvvlF07eXGFqZmTI3HwdQ,광성이,0KKLTZvfA-w,제로콜라로 수육 만들어 혼술하는 33살 노총각 술먹방,2025-01-17T10:02:13Z,947.0,False,3155,111.0,31.0
2974,UCnBvvlF07eXGFqZmTI3HwdQ,광성이,mW8cNi_PuUs,도쿄에서 만난 21살 일본인의 파트너 고백,2025-02-13T10:33:48Z,785.0,False,4387,80.0,20.0
2974,UCnBvvlF07eXGFqZmTI3HwdQ,광성이,vGFBW9WP0oM,일본에서 혼술하다 싸대기 맞았습니다,2025-02-16T12:16:37Z,811.0,False,3442,63.0,10.0
2974,UCnBvvlF07eXGFqZmTI3HwdQ,광성이,w7qbOXTKAxI,일본에서도 새벽에 혼술하는 30대 남자 도쿄 신주쿠 이자카야,2025-02-21T10:01:12Z,772.0,False,2892,56.0,18.0
2974,UCnBvvlF07eXGFqZmTI3HwdQ,광성이,-XfPkFKA9y8,혼술 중 시비 걸린 날,2025-03-11T08:07:08Z,60.0,True,15170,344.0,60.0
2974,UCnBvvlF07eXGFqZmTI3HwdQ,광성이,GN-nV2GUH9Q,나는 반딧불 듣고 오열하는 30대 혼술,2025-03-13T08:45:08Z,59.0,True,6754,305.0,28.0
2974,UCnBvvlF07eXGFqZmTI3HwdQ,광성이,GcvdZiNlpNo,생방송에서 혼술하다 방송사고 났습니다,2025-03-21T09:06:26Z,619.0,False,3627,70.0,26.0
2974,UCnBvvlF07eXGFqZmTI3HwdQ,광성이,mYG7Sx0n5A8,실비한우곱찜닭 술먹방 급식대가X두찜 신메뉴,2025-04-30T09:57:50Z,556.0,False,3647,67.0,18.0
2974,UCnBvvlF07eXGFqZmTI3HwdQ,광성이,DO4aDNbNSNk,"일어나자마자 낮술 달리는 30대, 모든 안주 5,000원 인천 노포 길마차",2025-06-01T07:53:49Z,1029.0,False,5906,99.0,43.0
2974,UCnBvvlF07eXGFqZmTI3HwdQ,광성이,mv-cqxfelHw,새벽에 참치회에 혼술하는 30대 노총각,2025-08-15T10:05:27Z,793.0,False,3312,75.0,18.0
2974,UCnBvvlF07eXGFqZmTI3HwdQ,광성이,ynXh2K8x0_Y,새벽에 세븐일레븐 음식에 혼술 편의점 술먹방,2025-09-09T09:53:28Z,755.0,False,4497,78.0,30.0
2974,UCnBvvlF07eXGFqZmTI3HwdQ,광성이,sT4WY6ZumXQ,알콜 중독자의 금주 1일차 전자렌지 계란찜,2025-12-11T13:42:15Z,55.0,True,8188,171.0,35.0
2974,UCnBvvlF07eXGFqZmTI3HwdQ,광성이,uGxnkCJ1waY,"알콜 중독자 금주 1일차, 야매 짬뽕탕 해장",2025-12-12T12:12:38Z,53.0,True,8669,155.0,31.0
2974,UCnBvvlF07eXGFqZmTI3HwdQ,광성이,CTqi6ZFQEgc,알콜 중독자의 우삼겹 파스타 금주 1일차,2025-12-13T13:29:43Z,59.0,True,8547,190.0,27.0
2974,UCnBvvlF07eXGFqZmTI3HwdQ,광성이,kaRXQPNoGCo,알콜 중독자의 금주 2일차! 치킨 또띠아 다이어트 식단,2025-12-14T13:27:56Z,60.0,True,9323,175.0,24.0
2974,UCnBvvlF07eXGFqZmTI3HwdQ,광성이,QUnWS-WSfe0,"알콜 중독자의 치킨까스 카레라이스, 금주 일차! 다이어트 식단",2025-12-15T13:30:34Z,55.0,True,12801,146.0,31.0
2974,UCnBvvlF07eXGFqZmTI3HwdQ,광성이,K5xMkI1FBSU,"금주 실패했습니다... 30대 알콜중독자, 들기름 계란후라이 혼술",2025-12-16T13:30:20Z,133.0,False,3335,105.0,29.0
2974,UCnBvvlF07eXGFqZmTI3HwdQ,광성이,3z6I2bfGRAY,초간단 야매 갈비탕 얼큰 버전,2025-12-17T13:30:07Z,40.0,True,7621,131.0,20.0
2974,UCnBvvlF07eXGFqZmTI3HwdQ,광성이,KSV2MZcqCRs,참치 또띠아 다이어트 식단 자취,2025-12-18T14:18:21Z,48.0,True,2641,77.0,15.0
2974,UCnBvvlF07eXGFqZmTI3HwdQ,광성이,CZD4wJwxIDk,초간단 에그인헬 다이어트 식단,2025-12-19T13:30:13Z,39.0,True,7059,77.0,19.0
2974,UCnBvvlF07eXGFqZmTI3HwdQ,광성이,iqs5M0vZX30,생일이다!!! 초간단 미역국 다이어트,2025-12-20T13:39:45Z,29.0,True,10745,112.0,25.0
2974,UCnBvvlF07eXGFqZmTI3HwdQ,광성이,jhftMBQ0eeU,생일에 혼술하는 30대 노총각,2025-12-21T13:30:48Z,54.0,True,4159,151.0,23.0
2974,UCnBvvlF07eXGFqZmTI3HwdQ,광성이,Hwhvyk_9ODU,초간단 피자 다이어트,2025-12-24T13:30:31Z,38.0,True,4915,104.0,18.0
2974,UCnBvvlF07eXGFqZmTI3HwdQ,광성이,WkrGY7LAACA,우삼겹 파스타 먹방 다이어트 식단,2025-12-25T13:30:38Z,58.0,True,2708,57.0,13.0
2974,UCnBvvlF07eXGFqZmTI3HwdQ,광성이,9mzycY5dTJ8,치킨 또띠아 먹방 다이어트 식단,2025-12-26T13:30:12Z,52.0,True,2645,56.0,17.0
2974,UCnBvvlF07eXGFqZmTI3HwdQ,광성이,9CIYRzD3lHE,이제 떠날 때가 된 34살 노총각의 새벽 혼술,2026-03-08T10:35:13Z,731.0,False,1692,62.0,30.0
2974,UCnBvvlF07eXGFqZmTI3HwdQ,광성이,fbZ0UvZoI_U,모든 걸 잃은 34살 남자의 원룸 소개 및 혼술,2026-03-31T12:04:33Z,840.0,False,3795,109.0,64.0
2974,UCnBvvlF07eXGFqZmTI3HwdQ,광성이,BweN_Z4aFTQ,술 끊었습니다 혼술 술먹방,2026-04-09T14:58:47Z,,False,0,0.0,0.0
2974,UCnBvvlF07eXGFqZmTI3HwdQ,광성이,kJIeWfMljOc,"고마웠다, 안녕 나의 10년 그리고 혼술",2026-04-18T08:56:25Z,805.0,False,3124,79.0,37.0
2974,UCnBvvlF07eXGFqZmTI3HwdQ,광성이,3ZABONBTV0o,소주병 팔아서 생계 유지하는 30대 쉬었음 청년,2026-04-25T09:00:11Z,384.0,False,2370,56.0,42.0
2975,UCdm3jOfy5znmYwBVxYlhVdw,똘똘똘이의 유튜브,CW6swtR18Xs,똘삼식 미니멀리즘 화장실 시공 시작! [나 홀로 집 짓기#16],2025-08-30T01:00:19Z,1313.0,False,24718,455.0,53.0
2975,UCdm3jOfy5znmYwBVxYlhVdw,똘똘똘이의 유튜브,_KYPA-WoGJo,내가 살 집이 아니라는 생각으로 작업하기(?) [나 홀로 집 짓기#17],2025-09-07T01:00:29Z,2080.0,False,29780,542.0,80.0
2975,UCdm3jOfy5znmYwBVxYlhVdw,똘똘똘이의 유튜브,yZNAnI4TAgM,아니 이게 왜 되는데 [나 홀로 집 짓기#18],2025-09-11T01:01:04Z,939.0,False,22873,426.0,79.0
2975,UCdm3jOfy5znmYwBVxYlhVdw,똘똘똘이의 유튜브,Hul2RT5AhUA,미국 주 정부가 나의 존버 주식을 매각했다?!!,2025-09-17T01:00:28Z,1101.0,False,51036,1253.0,346.0
2975,UCdm3jOfy5znmYwBVxYlhVdw,똘똘똘이의 유튜브,aLcknOVuoEA,"셀프 화장실 타일 시공, 니 자신 있나? [나 홀로 집 짓기#19]",2025-09-27T01:00:01Z,1103.0,False,24842,452.0,94.0
2975,UCdm3jOfy5znmYwBVxYlhVdw,똘똘똘이의 유튜브,7vmbwpWm5zA,아무튼 하늘이 점지해 준 하자임... [나 홀로 집 짓기#20],2025-10-02T01:00:12Z,1697.0,False,25081,479.0,126.0
2975,UCdm3jOfy5znmYwBVxYlhVdw,똘똘똘이의 유튜브,t5ugCS6PUnU,초보자 셀프 시공의 위험성  [나 홀로 집 짓기#21],2025-10-10T01:01:02Z,1583.0,False,21739,426.0,72.0
2975,UCdm3jOfy5znmYwBVxYlhVdw,똘똘똘이의 유튜브,HFaee_fSXTI,제발 세수랑 양치도 해주세요(안 함) [나 홀로 집 짓기#22],2025-10-15T01:00:27Z,1398.0,False,23076,449.0,84.0
2975,UCdm3jOfy5znmYwBVxYlhVdw,똘똘똘이의 유튜브,m6m4IHTXiWA,하자는 이미 시작되고 있었습니다 [나 홀로 집 짓기#23],2025-10-22T01:00:54Z,1222.0,False,25424,469.0,107.0
2975,UCdm3jOfy5znmYwBVxYlhVdw,똘똘똘이의 유튜브,FUQuHr6S4g0,"제발 그만해, 이러다 다 죽어... [나 홀로 집 짓기#24]",2025-10-26T01:00:29Z,1102.0,False,21881,425.0,114.0
2975,UCdm3jOfy5znmYwBVxYlhVdw,똘똘똘이의 유튜브,rG1RXkGgfgs,"인간 VS 마운자로, 라죽을 건 세기의 대결!",2025-10-30T01:01:06Z,713.0,False,28693,505.0,149.0
2975,UCdm3jOfy5znmYwBVxYlhVdw,똘똘똘이의 유튜브,oQXtWSMr788,백룸 주방 싱크대 입주 완료! [나 홀로 집 짓기#25],2025-11-06T01:01:09Z,1426.0,False,26333,524.0,125.0
2975,UCdm3jOfy5znmYwBVxYlhVdw,똘똘똘이의 유튜브,zHAao18oQaU,2025년 알리 광군제 할인코드 17종 대공개!,2025-11-10T15:02:02Z,1377.0,False,25507,237.0,61.0
2975,UCdm3jOfy5znmYwBVxYlhVdw,똘똘똘이의 유튜브,tgSvL69yaY8,우리 보일러 정상영업합니다 [나 홀로 집 짓기#26],2025-11-14T01:01:13Z,765.0,False,22226,458.0,62.0
2975,UCdm3jOfy5znmYwBVxYlhVdw,똘똘똘이의 유튜브,62Rofxy3Bn0,똘똘똘이의 면접 노하우 대방출 (특 : 면접 경험 별로 없음),2025-11-18T01:00:08Z,575.0,False,14675,370.0,135.0
2975,UCdm3jOfy5znmYwBVxYlhVdw,똘똘똘이의 유튜브,Zf-pwGIhDjA,화장실 완공이 머지않았습니다 feat.미방분 [나 홀로 집 짓기#27],2025-11-22T01:00:48Z,903.0,False,17237,308.0,57.0
2975,UCdm3jOfy5znmYwBVxYlhVdw,똘똘똘이의 유튜브,KVTMH_vFP58,경🎉백평원 백룸 실내 완성🎉축[나 홀로 집 짓기#28],2025-11-27T01:00:27Z,1093.0,False,24247,497.0,76.0
2975,UCdm3jOfy5znmYwBVxYlhVdw,똘똘똘이의 유튜브,UA57ykMF3-Y,"[속보] 똘똘똘이, 이기어검의 경지에 올라..!",2025-12-01T01:00:29Z,573.0,False,22855,517.0,98.0
2975,UCdm3jOfy5znmYwBVxYlhVdw,똘똘똘이의 유튜브,FyCRu_md-ag,이제는 야외로 갑니다!  [나 홀로 집 짓기#29],2025-12-12T01:00:29Z,1521.0,False,21996,424.0,81.0
2975,UCdm3jOfy5znmYwBVxYlhVdw,똘똘똘이의 유튜브,mMFR6mMqEOU,데크 시공은 안정적이야 [나 홀로 집 짓기#30],2025-12-16T01:00:56Z,1245.0,False,16756,332.0,85.0
2975,UCdm3jOfy5znmYwBVxYlhVdw,똘똘똘이의 유튜브,ketHkFjSqgw,맛수령팀 전설의 시작 [요낳대 #1],2025-12-21T01:01:11Z,2018.0,False,22729,503.0,95.0
2975,UCdm3jOfy5znmYwBVxYlhVdw,똘똘똘이의 유튜브,XVIunRpA7ro,맛수령님과 함께하는 아바타 요리교실 [요낳대 #2],2025-12-27T01:00:48Z,2236.0,False,10383,238.0,30.0
2975,UCdm3jOfy5znmYwBVxYlhVdw,똘똘똘이의 유튜브,AfdFGtoHDfc,데크장선... 해치웠나? [나 홀로 집 짓기#31],2026-01-01T01:00:14Z,1491.0,False,16883,329.0,60.0
2975,UCdm3jOfy5znmYwBVxYlhVdw,똘똘똘이의 유튜브,ACY3YUh24jQ,요낳대 4강 2경기 승리팀은 바로...! [요낳대 #3],2026-01-08T01:00:27Z,2167.0,False,9396,252.0,46.0
2975,UCdm3jOfy5znmYwBVxYlhVdw,똘똘똘이의 유튜브,wPgCiZQNwrM,🔔후기방송ON🔔여경래 셰프님 죄송합니다... [요낳대 #4],2026-01-10T01:01:24Z,662.0,False,8263,191.0,30.0
2975,UCdm3jOfy5znmYwBVxYlhVdw,똘똘똘이의 유튜브,nHkDnwzkU40,시청자들이 아주 빵빵 터지고 난리가 났어요 (feat. 구글 안티그래비티),2026-01-16T01:00:58Z,1449.0,False,24606,552.0,81.0
2975,UCdm3jOfy5znmYwBVxYlhVdw,똘똘똘이의 유튜브,atPNAIofRyg,완성까진 아직 먼 데크지만 체험판은 가능?  [나 홀로 집 짓기#32],2026-01-21T01:00:06Z,740.0,False,13270,237.0,45.0
2975,UCdm3jOfy5znmYwBVxYlhVdw,똘똘똘이의 유튜브,EE4FgafxBlU,이어지는 홍어 연구소의 정신 : 홍딸 어게인 [요낳대 #5],2026-01-28T01:00:30Z,2376.0,False,6453,136.0,22.0
2975,UCdm3jOfy5znmYwBVxYlhVdw,똘똘똘이의 유튜브,SciOWo5Hsag,"맛수령팀, 홍어 3코스로 요낳대의 전설이 되다 [요낳대 #6]",2026-02-04T01:00:27Z,2487.0,False,5442,192.0,33.0
2975,UCdm3jOfy5znmYwBVxYlhVdw,똘똘똘이의 유튜브,1iGrVnFxJ0c,홍어 네버 다이.... [요낳대 #7],2026-02-06T01:00:06Z,498.0,False,3723,107.0,15.0
2975,UCdm3jOfy5znmYwBVxYlhVdw,똘똘똘이의 유튜브,8i98ZdK3YpI,아니 근데 ㅅㅂ 시청자분들이 화가 많이 났어요 (날조),2026-02-11T01:00:09Z,1730.0,False,13166,319.0,27.0
2975,UCdm3jOfy5znmYwBVxYlhVdw,똘똘똘이의 유튜브,64Y3N016LdQ,안녕하세요 지니야 2.0입니다,2026-02-17T01:00:08Z,2248.0,False,13648,283.0,53.0
2975,UCdm3jOfy5znmYwBVxYlhVdw,똘똘똘이의 유튜브,Sa1fU5yd614,나 오늘 집에 안 갈래 - 아생떠여 시즌 3 수원 인계동 쇼텐 / 킹오락실 / 킹코노 편,2026-02-23T01:00:36Z,1582.0,False,12037,294.0,44.0
2975,UCdm3jOfy5znmYwBVxYlhVdw,똘똘똘이의 유튜브,SkFDDemzvIo,한국민속촌 전세 내고 다녀왔습니다 - 아생떠여 시즌 3 용인 한국민속촌 / 취팔러마 / 카페식스,2026-03-01T01:00:34Z,2020.0,False,13446,272.0,35.0
2975,UCdm3jOfy5znmYwBVxYlhVdw,똘똘똘이의 유튜브,kgF_uB3PwXI,입안 가득 퍼지는 달달한 봄의 맛! 똘삼식 봄동 비빔밥,2026-03-06T01:00:59Z,568.0,False,18750,429.0,78.0
2975,UCdm3jOfy5znmYwBVxYlhVdw,똘똘똘이의 유튜브,yqNS4meqiYU,차에서 시작해서 차로 끝나는 하루 - 아생떠여 시즌 3 세종 예술의전당 / 논산 육군훈련소 / 익산 쇼팰리스무인텔,2026-03-08T01:01:17Z,1683.0,False,13921,238.0,40.0
2975,UCdm3jOfy5znmYwBVxYlhVdw,똘똘똘이의 유튜브,WVH3-YgGhww,생모짜렐라로 더 맛있게! 포슬포슬 팬피자 굽기,2026-03-13T01:00:35Z,574.0,False,13910,304.0,50.0
2975,UCdm3jOfy5znmYwBVxYlhVdw,똘똘똘이의 유튜브,oBM1itYX_3s,조립 PC 고민 중이라면? 알리 할인하는 지금! (더보기 할인코드 확인),2026-03-15T15:01:14Z,1513.0,False,10391,122.0,29.0
2975,UCdm3jOfy5znmYwBVxYlhVdw,똘똘똘이의 유튜브,SNCKaAkVr7U,아생떠여의 낭만 가득한 마침표 - 아생떠여 시즌 3 익산 카페링크 / 전주 오원집 / 부안 새만금잼버리장,2026-03-22T01:00:23Z,1606.0,False,9523,214.0,22.0
2975,UCdm3jOfy5znmYwBVxYlhVdw,똘똘똘이의 유튜브,bfLjlSrLQRY,똘똘똘이의 사심100% YK건기 중장비 체험,2026-03-28T01:00:00Z,2256.0,False,17148,535.0,71.0
2975,UCdm3jOfy5znmYwBVxYlhVdw,똘똘똘이의 유튜브,_gin6OtI8hs,부산이 그리울 때 오뚜기 진밀면 가능???,2026-03-31T01:00:00Z,508.0,False,26291,449.0,93.0
2975,UCdm3jOfy5znmYwBVxYlhVdw,똘똘똘이의 유튜브,OXJFD4AVcug,이게 되네... 집에서 먹는 진짜 부산 밀면!,2026-04-05T01:13:32Z,1171.0,False,25836,501.0,94.0
2975,UCdm3jOfy5znmYwBVxYlhVdw,똘똘똘이의 유튜브,teGGYYSY3BM,"해보고 싶은 것이 많은 인챈트 신입, 똘삼 등장! #shorts",2026-04-06T01:00:55Z,60.0,True,33915,616.0,112.0
2975,UCdm3jOfy5znmYwBVxYlhVdw,똘똘똘이의 유튜브,lnMrc1YwMXY,용접 시공 끝! 튼튼한 데크 골조가 완성되었습니다 [나 홀로 집 짓기#33],2026-04-12T01:00:47Z,659.0,False,13064,263.0,52.0
2975,UCdm3jOfy5znmYwBVxYlhVdw,똘똘똘이의 유튜브,qIqjKLy56bI,버릴 데크도 다시 보자 [나 홀로 집 짓기#34],2026-04-19T01:00:49Z,1703.0,False,12018,208.0,46.0
2975,UCdm3jOfy5znmYwBVxYlhVdw,똘똘똘이의 유튜브,kOkR6xiy_-8,영포티 특 : 두쫀쿠 막차 타는데 아무튼 채신 유행임,2026-04-24T01:00:43Z,773.0,False,12696,274.0,58.0
2975,UCdm3jOfy5znmYwBVxYlhVdw,똘똘똘이의 유튜브,Y_KjimN0tk0,우리 집 데크 예쁘죠? [나 홀로 집 짓기#35],2026-05-02T01:00:37Z,1313.0,False,9601,219.0,32.0
2975,UCdm3jOfy5znmYwBVxYlhVdw,똘똘똘이의 유튜브,8hvsVgjY01A,두유노 K-파스타???,2026-05-06T01:00:07Z,565.0,False,11488,239.0,47.0
2975,UCdm3jOfy5znmYwBVxYlhVdw,똘똘똘이의 유튜브,4EOFJBAzV3w,우리 백평원 데크 정상 영업합니다,2026-05-11T01:00:04Z,930.0,False,11372,296.0,74.0
2975,UCdm3jOfy5znmYwBVxYlhVdw,똘똘똘이의 유튜브,mZ1t4dDP46c,[미방분] 그냥 백평원 데크 청소 하는 방송,2026-05-16T01:00:02Z,494.0,False,6158,198.0,32.0
2976,UCNLpDt6-gyq24CnZa0Elkbw,이감독leegamdok,DHstHcwfrRs,에이틴ASMR 1탄 | 시험 공부하고 있는 김하나 방 1시간 | A-TEEN Kim Hana Room 1 hour Study Ambience | leegamdok ASMR,2019-05-29T10:01:17Z,3601.0,False,435794,8353.0,134.0
2976,UCNLpDt6-gyq24CnZa0Elkbw,이감독leegamdok,iA2fhoxLQ4w,에이틴ASMR 2탄 | 비오는 소리와 그림 그리는 도하나 방 1시간 | A-TEEN Do Hana Room 1 hour drawing Ambience | leegamdok ASMR,2019-05-30T11:00:07Z,3602.0,False,45471,1109.0,47.0
2976,UCNLpDt6-gyq24CnZa0Elkbw,이감독leegamdok,hLwGeZLi8LY,ASMR 알라딘 | 알라딘과 자스민 공주 결혼식 피로연에 초대합니다! | Aladdin wedding reception 1 hour  Ambience | leegamdok ASMR,2019-06-05T14:07:58Z,3601.0,False,6277,114.0,31.0
2976,UCNLpDt6-gyq24CnZa0Elkbw,이감독leegamdok,xCMKjISNoPc,ASMR 기생충 | 다송이의 미술시간 크레파스 그림 1시간 ASMR | Parasite Artclass 1 hour  Ambience | leegamdok ASMR,2019-06-11T11:00:12Z,3782.0,False,3035,35.0,23.0
2976,UCNLpDt6-gyq24CnZa0Elkbw,이감독leegamdok,Nx0wtp8c_LU,에이틴ASMR 3탄 | 하민이의 시계소리 백색소음 1시간 | A-TEEN Hamin Room 1 hour Clock ticking sound | leegamdok ASMR,2019-06-27T11:19:15Z,3602.0,False,17030,385.0,56.0
2976,UCNLpDt6-gyq24CnZa0Elkbw,이감독leegamdok,e-qHah-I3hM,ASMR 호텔 델루나 '만월의 정원' |  Hotel Del Luna Jang Man Wol Garden 1 hour Ambience | leegamdok ASMR,2019-07-27T11:07:27Z,3613.0,False,10425,194.0,39.0
2976,UCNLpDt6-gyq24CnZa0Elkbw,이감독leegamdok,EPH2g3VLzpo,ASMR 어하루 도서관 시험기간 공부자극 1시간  | Extraordinary You library 1 hour Study Ambience | leegamdok ASMR,2019-10-29T12:00:05Z,3601.0,False,51844,1153.0,59.0
2976,UCNLpDt6-gyq24CnZa0Elkbw,이감독leegamdok,Jtz5djPF-6k,ASMR 조선시대 해리포터 찻집 그리고 모닥불 1시간 | Korean Traditional Magical Tea room and Harry Potter Music,2019-11-07T12:02:09Z,3704.0,False,13480,339.0,28.0
2976,UCNLpDt6-gyq24CnZa0Elkbw,이감독leegamdok,hSP9FdCDADc,ASMR 호그와트 열차 | Hogwats Express Ambience and Hedwig's theme Orgel 1hour,2019-11-20T12:00:08Z,3627.0,False,11859,261.0,24.0
2976,UCNLpDt6-gyq24CnZa0Elkbw,이감독leegamdok,IwdqX2C4mw0,ASMR 호그와트의 크리스마스🎄 | Christmas at Hogwats Great Hall Ambience  |Instrumental Christmas Music,2019-12-24T12:16:24Z,3646.0,False,5167,151.0,26.0
2976,UCNLpDt6-gyq24CnZa0Elkbw,이감독leegamdok,iFfOkOyYP1w,스토브리그ASMR⚾ | 드림즈 경기 들으며 취업 준비하는 백단장 | 1 hour Study Ambience and Stove league broadcast,2020-02-15T13:39:48Z,3704.0,False,7562,176.0,36.0
2976,UCNLpDt6-gyq24CnZa0Elkbw,이감독leegamdok,_eq2VnYBX60,"나나, 어디에요? 오늘 손님 많은데..🍸 [엑스엑스(XX)] ASMR | 잠들기 전에 bar에서 음악들으실 분~? 20분만 영업합니다..!",2020-03-17T13:30:05Z,1191.0,False,5262,173.0,24.0
2976,UCNLpDt6-gyq24CnZa0Elkbw,이감독leegamdok,LgVQBDBpoyA,"생사초엔 아직 풀리지 않은 비밀이 있습니다..☠ 킹덤ASMR | 의녀의 생사초 연구 | 붓글씨 소리, 서책 넘기는 소리, 약재 가는 소리, 공부할 때 듣는 사극 Ambience",2020-03-27T12:00:18Z,3606.0,False,5506,100.0,28.0
2976,UCNLpDt6-gyq24CnZa0Elkbw,이감독leegamdok,baZVNiy7pGE,"달의연인ASMR ""수야 여긴 비가 오는구나..."" | 봄비소리, 공부할 때 듣는 사극 Ambience 1시간 | Moon Lovers 1hour Spring Rain | 이감독",2020-05-01T13:00:29Z,3615.0,False,65757,1570.0,116.0
2976,UCNLpDt6-gyq24CnZa0Elkbw,이감독leegamdok,fi4Php0O7uE,"해를 품은 달 ASMR ""운아 너도 들어오겠느냐?"" 목욕하는 이훤🌙 | 공부할 때, 자기전에 듣는 사극 Ambience | Moon Embracing The Sun",2020-05-19T12:00:19Z,1803.0,False,5444,111.0,26.0
2976,UCNLpDt6-gyq24CnZa0Elkbw,이감독leegamdok,fFUNNGjYkE0,"도깨비 ASMR ""모든 날이 좋았다"" 찰싹찰싹 파도소리🌊 | 공부할 때, 자기전에 듣는 Ambience | #Goblin | Ocean Wave sound for Relax",2020-05-23T08:00:14Z,18001.0,False,8227,155.0,21.0
2976,UCNLpDt6-gyq24CnZa0Elkbw,이감독leegamdok,szKwepQ7xXQ,"달의연인ASMR ""수야 감기 걸려.."" | 공부할 때, 자기전에 듣는 사극 Ambience | Moon Lovers 1hour  Rain & Thunderstorm | 이감독",2020-05-30T12:30:08Z,3601.0,False,11373,273.0,26.0
2976,UCNLpDt6-gyq24CnZa0Elkbw,이감독leegamdok,uat5VQSAOAI,"시그널ASMR ""치-익 치-익 박해영 경위님?""  | 미제 사건을 정리하는 고요한 진양서 | 화이트보드, 서류넘기는소리, 무전기 소리 |  공부할 때, 자기전에 듣는Ambience",2020-06-21T06:30:03Z,3600.0,False,7174,185.0,30.0
2976,UCNLpDt6-gyq24CnZa0Elkbw,이감독leegamdok,mhkd_SNuZX8,달의 객잔에서 하루 쉬었다 가세요 🌙호텔델루나 ASMR | 자기전에 듣는 동양 판타지 Ambience | 시골 풀벌레 소리 | Hotel Del Luna ASMR | 이감독,2020-08-06T12:00:30Z,28800.0,False,6578,132.0,25.0
2976,UCNLpDt6-gyq24CnZa0Elkbw,이감독leegamdok,TLOt_vwBqcQ,ASMR🌙 와칸다의 왕이여 편히 잠드소서 | 자기전에 듣는  판타지 Ambience | 고단한 바람소리 | Black Panther ASMR | 이감독,2020-09-07T12:00:04Z,28802.0,False,1993,52.0,18.0
2976,UCNLpDt6-gyq24CnZa0Elkbw,이감독leegamdok,iMwX-lMazDQ,트웬티 트웬티ASMR 1탄  | 이현진(김우석)의 음악 작업실 1시간 | 'Twenty-Twenty' Lee Hyun-Jin Room 1 hour Ambience,2020-09-23T12:00:31Z,3606.0,False,24066,1180.0,46.0
2976,UCNLpDt6-gyq24CnZa0Elkbw,이감독leegamdok,HAtJDs8FbtE,나만의 작은 숲으로 초대합니다🌳 리틀 포레스트 ASMR | Rural Kitchen in Little Forest 5 hour Ambience,2020-10-01T04:00:03Z,18001.0,False,20884,569.0,24.0
2976,UCNLpDt6-gyq24CnZa0Elkbw,이감독leegamdok,BE9kCEyEayo,ASMR '브람스를 좋아하세요?' - 🎹트로이메라이 1시간 들으며 휴식하기 | 'Do You Like Brahms?' Träumerei 1hour repeat,2020-10-05T12:00:02Z,3657.0,False,58850,763.0,34.0
2976,UCNLpDt6-gyq24CnZa0Elkbw,이감독leegamdok,oI9dmO8NvgE,"몽환적인 심해 속 4황자 달의연인ASMR | 🌙잠자기 전에 듣는 사극 Ambience, Relaxing, Underwater, Fantasy, Moon Lovers",2020-10-07T12:34:57Z,3724.0,False,4827,146.0,23.0
2976,UCNLpDt6-gyq24CnZa0Elkbw,이감독leegamdok,gzlE3YPFoNM,보건교사 안은영 ASMR - 남산에서 잽싸게 충전하자♬ | 'The School Nurse Files' Charging energy 7 hour Ambience,2020-10-13T12:00:08Z,25209.0,False,3705,73.0,36.0
2976,UCNLpDt6-gyq24CnZa0Elkbw,이감독leegamdok,nrmf2enR9yQ,스타트업 ASMR - 도산이는 코딩중.. | 공부할 때 듣기 좋은asmr | 'Start Up' Keyboard sound in Samsantec's office ambience,2020-10-31T12:00:23Z,3601.0,False,6797,118.0,29.0
2976,UCNLpDt6-gyq24CnZa0Elkbw,이감독leegamdok,Dh-cMyXjwYw,순딩아 우산..ㅠㅠ 스타트업 빗소리 ASMR | 공부할 때 듣기 좋은asmr | 'Start Up' Relaxing Rain on Hotdog Truck Ambience,2020-11-20T12:54:23Z,3600.0,False,2490,59.0,16.0
2976,UCNLpDt6-gyq24CnZa0Elkbw,이감독leegamdok,WkpMRpLybOw,"고3 김하나랑 아침에 일찍가서 자습할래? | 에이틴 공부 ASMR | 도시소음, 집중력높이는소리, Study With Me",2020-11-28T12:00:23Z,7200.0,False,75174,1767.0,40.0
2976,UCNLpDt6-gyq24CnZa0Elkbw,이감독leegamdok,dXWcuepTeQ8,"1:00 am 은택이랑 같이 잘래? 🌙 라이브온 ASMR | 자기전에 편안해지는 음악, 잔잔한 시계소리 Ambience",2020-12-15T13:00:13Z,3625.0,False,4344,104.0,11.0
2976,UCNLpDt6-gyq24CnZa0Elkbw,이감독leegamdok,ALBKkPOtJwU,"ASMR 이 천서진의 딸이라면 1등을 놓쳐선 안되지 🌙하은별 컨셉 공부하기 | 펜트하우스 공부 ASMR  | 폭우 오는 날, 공부할때 듣는 asmr",2020-12-18T12:00:08Z,14401.0,False,76244,1179.0,83.0
2976,UCNLpDt6-gyq24CnZa0Elkbw,이감독leegamdok,ikRKc-xtxZc,"ASMR 에밀리! 가브리엘 식당에서 크리스마스 파티 있어요🎄 캐롤, 파리의 크리스마스 분위기, 레스토랑 백색소음 | Emily in Paris Ambience",2020-12-24T11:30:12Z,9894.0,False,2065,64.0,8.0
2976,UCNLpDt6-gyq24CnZa0Elkbw,이감독leegamdok,mkBMCptvjO0,"하나야 우리 스터디카페 갈래?✍ | 에이틴 공부 ASMR 컨셉 | 공부할 때 듣는 집중력 백색소음, 스터디카페 백색소음",2021-01-02T03:58:15Z,18000.0,False,54471,964.0,30.0
2976,UCNLpDt6-gyq24CnZa0Elkbw,이감독leegamdok,DqlD-BOgEcI,"눈이 펄펄 내리는 고려의 겨울🌙 달의연인ASMR  | 잠자기 전에 듣는 동양사극 Ambience, 눈오는 소리, 눈오는 풍경, 눈오는 밤",2021-01-20T13:00:04Z,36001.0,False,5377,147.0,23.0
2976,UCNLpDt6-gyq24CnZa0Elkbw,이감독leegamdok,Gzwg28Q-2_k,"대본이 술술 써진다🌙 사랑의 온도ASMR 이현수 작가의 작업실 | 무접점 키보드 타이핑 사운드, 공부할 때, 집중할 때, 자기전에 듣는 Ambience",2021-01-28T12:00:10Z,5411.0,False,6880,169.0,16.0
2976,UCNLpDt6-gyq24CnZa0Elkbw,이감독leegamdok,hQOhFEeRGGw,"[ᴘʟᴀʏʟɪsᴛ] 아련한 사극 수면 음악 모음🌙 | 잠잘때듣는음악, 수면유도음악",2021-02-25T12:00:27Z,3823.0,False,3714,78.0,23.0
2976,UCNLpDt6-gyq24CnZa0Elkbw,이감독leegamdok,r6MQcZBZQR8,"""교수님 따라 흉부외과로 가겠습니다!"" 👩‍⚕️👨‍⚕️ 슬기로운 의사생활 ASMR 김준완 교수의 방 | 아이패드 필기소리, 과자 먹는 소리, 공부할 때 듣는 집중력 백색소음",2021-07-15T11:30:07Z,5000.0,False,11249,233.0,18.0
2976,UCNLpDt6-gyq24CnZa0Elkbw,이감독leegamdok,8jvIX2k3bD0,"""이 병원 최고의 빌런이 되고 싶어!"" 👩‍⚕️👨‍⚕️ 슬기로운 의사생활 ASMR 채송화 교수의 방 | 촉촉한 빗소리, 잔잔한 음악, 수면유도 백색소음",2021-07-29T11:15:15Z,18016.0,False,7328,174.0,8.0
2976,UCNLpDt6-gyq24CnZa0Elkbw,이감독leegamdok,-8Dmu_Wdew4,ASMR 장겨울 컨셉으로 공부하기✍ 맞아요 당직은 항상 저만 서는 것 같아요.. | 슬기로운 의사생활 공부 ASMR 컨셉 | 공부할 때 듣는 집중력 백색소음,2021-08-07T11:30:00Z,18969.0,False,23219,379.0,11.0
2976,UCNLpDt6-gyq24CnZa0Elkbw,이감독leegamdok,uAY72dj-i5g,"로스쿨ASMR ""누군 유급 당하고 싶어서 당해?""🔥 | 강솔A 공부 컨셉ASMR | 집중력 백색소음 | Page turning and writing with pencil",2021-08-11T11:00:22Z,4329.0,False,24520,369.0,40.0
2976,UCNLpDt6-gyq24CnZa0Elkbw,이감독leegamdok,HFIeXR_NWbI,"서연고 대신전해드립니다💌 에이틴 차아현ASMR  | 실제 카페 백색소음, 기계식 키보드 타이핑 사운드, 공부할 때, 집중할 때 듣는 Ambience",2021-08-27T11:00:07Z,3688.0,False,9244,227.0,14.0
2976,UCNLpDt6-gyq24CnZa0Elkbw,이감독leegamdok,N5jhvXRTVTo,복사꽃 향기가 느껴지는 밤..🌙 홍천기 ASMR | 자기전에 듣는 동양 판타지 Ambience | 자기전에 듣는 잔잔한asmr | Lovers of The Red Sky ASMR,2021-10-29T12:00:11Z,4260.0,False,6149,98.0,14.0
2976,UCNLpDt6-gyq24CnZa0Elkbw,이감독leegamdok,l95CXSw0S-0,"스물다섯 스물하나ASMR | 희도 : 이 바다는 공짜야! 우리가 사자! | 여름 바다 소리, 시원한 파도 소리 Ambience | Twenty Five, Twenty One",2022-03-16T11:00:20Z,4391.0,False,16606,457.0,22.0
2976,UCNLpDt6-gyq24CnZa0Elkbw,이감독leegamdok,o-aA3h03jdc,"🐬마음 편안해지는 고래 소리 들으며 출근하는 우영우ASMR | 고래소리, 고래울음소리, Whale Sounds | Extraordinary Attorney Woo",2022-07-12T12:00:42Z,3601.0,False,22046,470.0,20.0
2976,UCNLpDt6-gyq24CnZa0Elkbw,이감독leegamdok,3DhvVYa_4jU,우영우 BAD GUY COVER 만들기,2022-08-09T09:49:36Z,35.0,True,4814,57.0,5.0
2976,UCNLpDt6-gyq24CnZa0Elkbw,이감독leegamdok,rFsA8wcEGMM,"【𝐀𝐒𝐌𝐑】 새해부터 뭘 적는 거야, 동포청년?🌙 연도별로 한국사 다이어리 쓰기✍ㅣ사각사각ㅣ재벌집 막내아들 진도준 사무실 앰비언스",2023-01-03T12:00:33Z,3606.0,False,1604,39.0,7.0
2976,UCNLpDt6-gyq24CnZa0Elkbw,이감독leegamdok,0mCpQaP8Zi0,【𝐏𝐥𝐚𝐲𝐥𝐢𝐬𝐭】 명절에 밀린 드라마 봐야 돼📺｜정주행 각 인생 드라마 OST,2023-01-20T12:00:02Z,9054.0,False,2032,31.0,4.0
2976,UCNLpDt6-gyq24CnZa0Elkbw,이감독leegamdok,SyxvEIe3J7A,"엘리멘탈 OST 1시간 연속 재생 Steal The Show - Lauv (Movie ""Elemental"" OST)(1 hour)",2023-06-26T14:48:04Z,3644.0,False,2372020,15428.0,632.0
2977,UCgQFjS2w0iIlJytDUQQgORw,#뚜꾼아가,AUNsZG8h6HE,딱딱한 문구점 슬라임! 준비물 한 개로 업그레이드!!! | 초초초초초초간단 | 준비물 한개 | 투명액괴만들기 | 문구점 슬라임 업그레이드!,2018-08-26T07:47:19Z,119.0,False,487244,,
2977,UCgQFjS2w0iIlJytDUQQgORw,#뚜꾼아가,9FWX7u3DJtY,210ml 슬라임 10개를 섞어보았다 | 똑같은 슬라임 10개 섞기 | 해피슬라임 딸기케 10개 섞기 | 총 2.1L?! | 슬라임 섞기 | 하퐁말,2018-09-06T09:30:55Z,164.0,False,130107,,
2977,UCgQFjS2w0iIlJytDUQQgORw,#뚜꾼아가,EDvAIWrF9YU,클리어 슬라임에 칼라점토를 넣으면?! | 반전주의 | 신기함 주의 | 슬라임 | 클리어슬라임 | 칼라점토 넣기,2018-09-19T09:25:46Z,93.0,False,311828,,
2977,UCgQFjS2w0iIlJytDUQQgORw,#뚜꾼아가,drI8A_lrDx0,뚜예들을 위한 한끼 식사!🍴 | 마켓슬라임으로 한끼 밥상 차리기🍲 | 바니슬라임 슬라임쿡 미디슬라임 | 하지니지 참고 및 출처,2018-10-24T09:29:44Z,156.0,False,155861,,
2977,UCgQFjS2w0iIlJytDUQQgORw,#뚜꾼아가,74KgVt-wTYo,전부 1000원 이하! 뚜꾼 문구점 후기 ♬ | 뚜꾼 문구점이 있다면..?! | 쿄내참고 | 뚜꾼문방구 | 수제슬라임 | 엘머스 크런치 투명 마블링 클라우드,2018-11-16T09:23:13Z,210.0,False,417507,,
2977,UCgQFjS2w0iIlJytDUQQgORw,#뚜꾼아가,dNK-OiSJA7I,4개 중 1개가 클리어슬라임이다!!! 🔎 | 물일까 클리어슬라임일까❔❕ | 클리어슬라임을 찾아라!!! | 추리 슬라임 💗 | 찾아라!!,2018-11-20T09:20:37Z,177.0,False,285644,,7852.0
2977,UCgQFjS2w0iIlJytDUQQgORw,#뚜꾼아가,_YgGmeUOoYY,"클리어 맛집으로 임명합니다!! | 슬라임 맛집 후기💞 | 세트, 샤베트, 클리어, 스펀지 | 푸짐하다💗💗😀",2018-11-23T09:15:57Z,200.0,False,136179,,
2977,UCgQFjS2w0iIlJytDUQQgORw,#뚜꾼아가,p4jFM9rmHag,클리어 슬라임에 지점토 넣기 🌺 | 성공적 | 지점토 찰흙 넣기 | 점토 | 클리어슬라임 | 과연 결과는?! ㅎㅎㅎㅎ 😉💗,2018-11-29T09:23:39Z,110.0,False,229470,,854.0
2977,UCgQFjS2w0iIlJytDUQQgORw,#뚜꾼아가,xouZur4nmes,다 섞어버려!! | 샤베트 슬라임 다 섞기😆 | 과연 대왕 샤베트는 어떨 것인가?!! | 뽀슬라임 슬라임 맛집 믹스 등💗,2018-12-02T02:41:47Z,182.0,False,150186,,814.0
2977,UCgQFjS2w0iIlJytDUQQgORw,#뚜꾼아가,jRcXPWl65hI,캔치젤몬에 칼라점토를 넣으면❔❕ | 캔치즈젤리몬스터 | 칼라점토 | 과연 결과는?! | 칼라점토에 버터슬라임,2018-12-22T04:27:58Z,81.0,False,162416,,499.0
2977,UCgQFjS2w0iIlJytDUQQgORw,#뚜꾼아가,r8MyJ59F5lQ,새벽 1시에 문구점 슬라임 업그레이드 시키기😀 | 예쁨주의! | 새벽에 액괴 만들기 | 문구점 슬라임 업그레이드 시키기 | 보라색액괴,2019-01-12T04:21:04Z,131.0,False,236534,,0.0
2977,UCgQFjS2w0iIlJytDUQQgORw,#뚜꾼아가,NtGu3Ae8Lf4,모찌 속에는 무엇이..?! | 모찌로 액괴 만들기 | 인생액괴 득템🎁😘 | 모찌 속엔 무엇이 있을까?! | 모찌 자르기 | 폭신 액괴,2019-01-23T04:06:13Z,149.0,False,187735,,
2977,UCgQFjS2w0iIlJytDUQQgORw,#뚜꾼아가,Pntigp_ryVM,아주 솔직한 문구점 후기 | 문구점 슬라임 | 마스 천사점토 별꽃잎 슬라임 100m 슬라임 등 | 문구점 후기,2019-01-31T08:58:41Z,144.0,False,87433,,493.0
2977,UCgQFjS2w0iIlJytDUQQgORw,#뚜꾼아가,nqzb9572uyY,녹은 액괴에 쉐이빙폼을 넣으면?!😕 | 마블링액괴에 쉐이빙폼 | 녹은 액괴 살리기 | 파랑마블링 | 액체괴물 | 액괴,2019-02-03T04:21:39Z,125.0,False,173873,,816.0
2977,UCgQFjS2w0iIlJytDUQQgORw,#뚜꾼아가,Q3x9JFZ9TV0,녹은액괴와 최악 액괴를 섞었더니 인생액괴 탄생..?! | 녹은 액괴 최악액괴 | 마블링 액괴 | 액괴 섞기 | 과연 결과는?!,2019-02-06T04:18:53Z,153.0,False,384115,,
2977,UCgQFjS2w0iIlJytDUQQgORw,#뚜꾼아가,42b0qyEz704,새벽 2시에 몰래 손으로만 액괴 만들기 |  새벽에 액괴 만들기 | 푸둥폭신말랑한 액괴 | 손으로만 액괴 만들기 | 파랑액괴,2019-02-09T04:19:39Z,211.0,False,182540,,
2977,UCgQFjS2w0iIlJytDUQQgORw,#뚜꾼아가,fkrOb_BNiqo,"두가지 재료로만 간단하게! 우블렉 슬라임 만들기😀 | 만지면 고체, 놓으면 액체! 신기한 슬라임😆 | 우블렉 슬라임 만들기 | 감자전분, 물 | 액괴",2019-02-12T09:15:40Z,185.0,False,259929,,880.0
2978,UC-sn1taSI0CEWg8n4M7WDMQ,설레임 TV,1YzDKFsNfBw,설레임 친구들이 신체검사를 했는데....몸무게가...헉..?! 【★상황극★】 마인크래프트 (Minecraft) - [설레임Tv],2017-03-04T05:00:00Z,901.0,False,327425,3531.0,835.0
2978,UC-sn1taSI0CEWg8n4M7WDMQ,설레임 TV,RJdN-UUTINA,위험한 아르바이트..! 【상황극】 마인크래프트 (Minecraft) - [설레임Tv],2017-03-05T05:00:01Z,1086.0,False,82483,1501.0,452.0
2978,UC-sn1taSI0CEWg8n4M7WDMQ,설레임 TV,-dp847sZ4pA,전생체험을 하다 ! 너의 전생은 ?  【상황극】 마인크래프트 (Minecraft) - [설레임Tv],2017-03-07T05:00:00Z,811.0,False,155377,2468.0,576.0
2978,UC-sn1taSI0CEWg8n4M7WDMQ,설레임 TV,iVoA9z7JEKI,나.. 아이돌 안할래.. 【아이돌 상황극】 마인크래프트 (Minecraft) - [설레임Tv],2017-03-08T05:00:03Z,889.0,False,122431,2314.0,436.0
2978,UC-sn1taSI0CEWg8n4M7WDMQ,설레임 TV,FeaMjJt6JwM,우리아이가 유괴당했어요!! 【납치 상황극】 마인크래프트 (Minecraft) - [설레임Tv],2017-03-09T05:00:02Z,782.0,False,38846,962.0,230.0
2978,UC-sn1taSI0CEWg8n4M7WDMQ,설레임 TV,JAou7IcJpD0,공포의 여우 계단 이야기... 【여고괴담 상황극】 마인크래프트 (Minecraft) - [설레임Tv],2017-03-10T05:00:02Z,775.0,False,176217,11684.0,920.0
2978,UC-sn1taSI0CEWg8n4M7WDMQ,설레임 TV,FvMJhN3vtBc,숨바꼭질할사람 여기여기 붙어라~!! 블럭 숨바꼭질! 【마인플렉스】 마인크래프트 (Minecraft) - [설레임Tv],2017-03-11T05:00:01Z,969.0,False,35842,1018.0,228.0
2978,UC-sn1taSI0CEWg8n4M7WDMQ,설레임 TV,5vLqXgJSTEQ,고양이 똥으로만든 커피를 파는 카페가 생겼다고????!!!!!!!!? 【★카페 상황극★】 마인크래프트 (Minecraft) - [설레임Tv],2017-03-12T05:00:00Z,804.0,False,27715,667.0,158.0
2978,UC-sn1taSI0CEWg8n4M7WDMQ,설레임 TV,0sVN_L0N4-U,설레임 사교클럽에 어서오세요! 【남장 상황극】 마인크래프트 (Minecraft) - [설레임Tv],2017-03-14T05:00:01Z,1100.0,False,140491,2296.0,2065.0
2978,UC-sn1taSI0CEWg8n4M7WDMQ,설레임 TV,cLiP7iKAjyg,동물원우리에 꽃핀이 떨어졌어요!! 【상황극】 마인크래프트 (Minecraft) - [설레임Tv],2017-03-15T06:00:02Z,883.0,False,43343,874.0,156.0
2978,UC-sn1taSI0CEWg8n4M7WDMQ,설레임 TV,pwSu7aeW81Y,우리집에 왜 왔니...? 【공포상황극】가라귀신이 나타났다!!  마인크래프트 (Minecraft) - [설레임Tv],2017-03-16T06:00:01Z,630.0,False,116370,1493.0,491.0
2978,UC-sn1taSI0CEWg8n4M7WDMQ,설레임 TV,QyzgoBiGhDM,강지 과거 폭로를 당하다!!! 악마와의 노래배틀!  아이돌 퇴출 위기!!! 【★아이돌상황극★】 마인크래프트 (Minecraft) - [설레임Tv],2017-03-17T06:00:02Z,602.0,False,240522,3072.0,1369.0
2978,UC-sn1taSI0CEWg8n4M7WDMQ,설레임 TV,kaFBxvAVDRI,거지설레임! 타임머신을 타고 과거로 떠나다!【타임상황극】 마인크래프트 (Minecraft) - [설레임Tv],2017-03-18T05:00:02Z,851.0,False,87511,5412.0,380.0
2978,UC-sn1taSI0CEWg8n4M7WDMQ,설레임 TV,UG9qCjqf_7Q,엔단이 딸 유치원보내기♥ 【가족상황극】 마인크래프트 (Minecraft) - [설레임Tv],2017-03-19T06:30:00Z,648.0,False,110406,1427.0,360.0
2978,UC-sn1taSI0CEWg8n4M7WDMQ,설레임 TV,-UepfpTBYD8,인어공주 꽃핀 노래로 정복당한 아틀란티스를 구하라 【아이돌상황극】 마인크래프트 (Minecraft) - [설레임Tv],2017-03-21T08:58:06Z,984.0,False,96603,1615.0,342.0
2978,UC-sn1taSI0CEWg8n4M7WDMQ,설레임 TV,srHKpachdbw,아이돌 엔단 ★출생의비밀★...있다?!?【아이돌 상황극】 마인크래프트 (Minecraft) - [설레임Tv],2017-03-22T09:00:04Z,663.0,False,203679,2707.0,497.0
2978,UC-sn1taSI0CEWg8n4M7WDMQ,설레임 TV,jBTxV0CXYa8,학교에서 똥을 쌋는데 막혔다고?!!  변기를 뚫는 3가지 방법!! 【★똥 상황극★】 마인크래프트 (Minecraft) - [설레임Tv],2017-03-23T06:00:02Z,616.0,False,54955,885.0,232.0
2978,UC-sn1taSI0CEWg8n4M7WDMQ,설레임 TV,Muv7GzAX8TU,절벽아래로 떨어진 지라라와 하나나!! 어쩌지?! 【추락상황극】 마인크래프트 (Minecraft) - [설레임Tv],2017-03-24T09:00:01Z,706.0,False,78956,1218.0,186.0
2978,UC-sn1taSI0CEWg8n4M7WDMQ,설레임 TV,KWgaBmTAexc,휴대폰.. 귀신..  【공포 상황극】 마인크래프트 (Minecraft) - [설레임Tv],2017-03-25T05:00:03Z,943.0,False,199911,2484.0,724.0
2978,UC-sn1taSI0CEWg8n4M7WDMQ,설레임 TV,fkfjrzfN7mU,우리아이에게 첫심부름♥!! 【가족상황극】 마인크래프트 (Minecraft) - [설레임Tv],2017-03-28T09:00:02Z,639.0,False,41505,775.0,216.0
2978,UC-sn1taSI0CEWg8n4M7WDMQ,설레임 TV,0NLZTNltuus,이상한 사이비종교에 끌려가다 【★사이비 상황극★】 마인크래프트 (Minecraft) - [설레임Tv],2017-03-29T09:00:00Z,676.0,False,20142,636.0,171.0
2978,UC-sn1taSI0CEWg8n4M7WDMQ,설레임 TV,w2Z-d5KrCFQ,*환상의 포켓몬* 뮤를 잡아라!!! 【병맛상황극】 마인크래프트 (Minecraft) - [설레임Tv],2017-03-30T09:00:03Z,672.0,False,21938,909.0,105.0
2978,UC-sn1taSI0CEWg8n4M7WDMQ,설레임 TV,CZlZULT44Fc,훈녀생정! 흔녀에서 훈녀 만들기! 【학교 상황극】 마인크래프트 (Minecraft) - [설레임Tv],2017-03-31T09:00:01Z,1018.0,False,36281,1592.0,191.0
2978,UC-sn1taSI0CEWg8n4M7WDMQ,설레임 TV,Iq2sMHAK278,좀비가 나타났다..! 좀비 초등학교! 【공포 상황극】 마인크래프트 (Minecraft) - [설레임Tv],2017-04-01T05:00:04Z,936.0,False,319481,3051.0,895.0
2978,UC-sn1taSI0CEWg8n4M7WDMQ,설레임 TV,biD8pVZuEJI,미녀와 야수의 뷰띠풀한 사랑 【미녀와 야수 상황극】 마인크래프트 (Minecraft) - [설레임Tv],2017-04-02T09:00:02Z,888.0,False,135332,2582.0,623.0
2978,UC-sn1taSI0CEWg8n4M7WDMQ,설레임 TV,95M518WVXPw,강지 드디어 솔로탈출? 뚜띠남자친구랑 벚꽃놀이를 가다???!!! 【★솔로탈출상황극★】 마인크래프트 (Minecraft) - [설레임Tv],2017-04-04T09:00:01Z,686.0,False,23279,665.0,231.0
2978,UC-sn1taSI0CEWg8n4M7WDMQ,설레임 TV,m3oHisBeGNw,*사랑배달부* 지라라 ♥ 【상황극】 마인크래프트 (Minecraft) - [설레임Tv],2017-04-05T07:00:03Z,764.0,False,19382,563.0,127.0
2978,UC-sn1taSI0CEWg8n4M7WDMQ,설레임 TV,vTP6n2eDizc,아이돌 하나나! 뱀파이어 핑맨과 악마의 계약을 맺다!? 【아이돌 상황극】 마인크래프트 (Minecraft) - [설레임Tv],2017-04-06T09:00:04Z,833.0,False,242775,4315.0,1883.0
2978,UC-sn1taSI0CEWg8n4M7WDMQ,설레임 TV,0OQzQCjdiNI,우리집 옷장속에 괴물이 있어...? 【공포 상황극】 마인크래프트 (Minecraft) - [설레임Tv],2017-04-07T07:00:01Z,601.0,False,63512,1013.0,161.0
2978,UC-sn1taSI0CEWg8n4M7WDMQ,설레임 TV,8C1JbRHYaAc,혈액형별 고백하는 방법!? 【혈액형별 상황극】 마인크래프트 (Minecraft) - [설레임Tv],2017-04-08T05:00:01Z,834.0,False,95783,2302.0,1736.0
2978,UC-sn1taSI0CEWg8n4M7WDMQ,설레임 TV,lpHMItRMiy8,우리아이 첫 목욕탕!!그런데...상어가?! 【가족 상황극】 마인크래프트 (Minecraft) - [설레임Tv],2017-04-09T05:00:02Z,785.0,False,70454,996.0,228.0
2978,UC-sn1taSI0CEWg8n4M7WDMQ,설레임 TV,A4cda_TVLGU,우리 아기가 강아지에게 물렸어요!!!부들부들 【가족상황극】 마인크래프트 (Minecraft) - [설레임Tv],2017-04-18T06:30:01Z,671.0,False,122110,1509.0,323.0
2978,UC-sn1taSI0CEWg8n4M7WDMQ,설레임 TV,WZ85GipVQKw,남친에게 차인 강지! 화장으로 훈녀 만들기! 【학교 상황극】 마인크래프트 (Minecraft) - [설레임Tv],2017-04-19T07:00:01Z,1083.0,False,67944,1104.0,217.0
2978,UC-sn1taSI0CEWg8n4M7WDMQ,설레임 TV,vNIzNw9pnCk,꽃핀 ♥진정한 사랑 노래♥를 부를 수 있게 되다? 【아이돌상황극】 마인크래프트 (Minecraft) - [설레임Tv],2017-04-20T07:00:22Z,725.0,False,132941,1954.0,510.0
2978,UC-sn1taSI0CEWg8n4M7WDMQ,설레임 TV,aMXUzQZcBJc,도라에몽!왕따에서 벗어나게 도와줘! 【상황극】 마인크래프트 (Minecraft) - [설레임Tv],2017-04-21T07:00:00Z,854.0,False,24363,671.0,138.0
2978,UC-sn1taSI0CEWg8n4M7WDMQ,설레임 TV,h0J0Km7gdfc,핵전쟁이 나서 설레임이 지하실에 갇혔어요!! 벙커를 지어서 생존하기!! 【★핵전쟁상황극★】 마인크래프트 (Minecraft) - [설레임Tv],2017-04-22T07:00:02Z,761.0,False,186269,1821.0,370.0
2978,UC-sn1taSI0CEWg8n4M7WDMQ,설레임 TV,ev9fLBa_bno,설레임 반장선거!! 과연..누가 반장이될까! 【상황극 반장선거】 마인크래프트 (Minecraft) - [설레임Tv],2017-04-23T04:30:01Z,746.0,False,132336,1906.0,501.0
2978,UC-sn1taSI0CEWg8n4M7WDMQ,설레임 TV,wGr5ZS34xtk,...계단... 【공포탈출맵】 마인크래프트 (Minecraft) - [설레임Tv],2017-04-25T07:00:04Z,602.0,False,37767,1463.0,277.0
2978,UC-sn1taSI0CEWg8n4M7WDMQ,설레임 TV,PTokMQ32PCw,분홍신 【공포상황극】 마인크래프트 (Minecraft) - [설레임Tv],2017-04-26T07:00:02Z,744.0,False,96226,2215.0,315.0
2978,UC-sn1taSI0CEWg8n4M7WDMQ,설레임 TV,F9WipJ_lyO8,인기 유튜버가 된 하나나! 샌드박스에 들어가다!? 【크리에이터 상황극】 마인크래프트 (Minecraft) - [설레임Tv],2017-04-27T07:49:26Z,939.0,False,123238,3204.0,851.0
2978,UC-sn1taSI0CEWg8n4M7WDMQ,설레임 TV,lS0lqPjXHIk,솔빈이 첫 미용실가다!! 그런데..머리가ㅜㅜ?.. 【미용실 상황극】 마인크래프트 (Minecraft) - [설레임Tv],2017-04-28T06:00:02Z,688.0,False,33411,645.0,185.0
2978,UC-sn1taSI0CEWg8n4M7WDMQ,설레임 TV,dr51L6mF_zM,설레임! 노래방에 가다! 【노래상황극】 마인크래프트 (Minecraft) - [설레임Tv],2017-04-29T05:00:03Z,699.0,False,112692,1754.0,422.0
2978,UC-sn1taSI0CEWg8n4M7WDMQ,설레임 TV,E_A1NoL6L74,...설레임이 이상한 폐가에 가다....무서워...【★공포상황극★】 마인크래프트 (Minecraft) - [설레임Tv],2017-04-30T07:00:01Z,604.0,False,97505,1440.0,333.0
2978,UC-sn1taSI0CEWg8n4M7WDMQ,설레임 TV,vHA7oYQSW2o,꽃핀이 억울하게 감옥에 잡혀갔어요 ㅠㅠ 【아이돌상황극】 마인크래프트 (Minecraft) - [설레임Tv],2017-05-02T07:00:02Z,693.0,False,41610,861.0,180.0
2978,UC-sn1taSI0CEWg8n4M7WDMQ,설레임 TV,RFZku-KlGh4,핑맨이 가져간것은? 하나나가 고양이가 되어 핑맨을 미행하다! 【아이돌 상황극】 마인크래프트 (Minecraft) - [설레임Tv],2017-05-03T07:24:32Z,955.0,False,200026,3238.0,1180.0
2978,UC-sn1taSI0CEWg8n4M7WDMQ,설레임 TV,JenQBDSSEOs,어린이날 선물★당첨자발표★ 마인크래프트 pc/mac용 카드 【상황극】 마인크래프트 (Minecraft) - [설레임Tv],2017-05-05T05:00:00Z,690.0,False,58506,1476.0,
2978,UC-sn1taSI0CEWg8n4M7WDMQ,설레임 TV,ZTndZRvYAD4,빅민의 전국노래자랑에 나간 설레임! 대상은 과연 누구? 【상황극】 마인크래프트 (Minecraft) - [설레임Tv],2017-05-06T07:00:00Z,992.0,False,79637,1924.0,555.0
2978,UC-sn1taSI0CEWg8n4M7WDMQ,설레임 TV,lAhAG4R3s-o,온천에 갔는데........이상한 남자가...???!! 【상황극】 마인크래프트 (Minecraft) - [설레임Tv],2017-05-07T07:00:03Z,697.0,False,245922,2680.0,578.0
2978,UC-sn1taSI0CEWg8n4M7WDMQ,설레임 TV,0zeIHQjyKSw,솔빈이가 아역배우를?!? 과연..오디션에 합격? 【가족 상황극】 마인크래프트 (Minecraft) - [설레임Tv],2017-05-10T06:30:00Z,718.0,False,81026,1419.0,323.0
2978,UC-sn1taSI0CEWg8n4M7WDMQ,설레임 TV,zMbKxtmizlc,설레임TV 공지사항♥!!마인크래프트 (Minecraft) - [설레임Tv],2017-06-03T04:30:02Z,105.0,False,153904,2455.0,661.0
2979,UCRPomzfnhu0ILmvQwgmKbKg,노랑남매,D4vgn325Io8,강아지 학대하는 여동생 #shorts,2025-11-09T02:00:27Z,22.0,True,18917,93.0,6.0
2979,UCRPomzfnhu0ILmvQwgmKbKg,노랑남매,Dt0JW2K25sQ,음~맛없다 #shorts,2025-11-12T10:30:07Z,8.0,True,9888,60.0,5.0
2979,UCRPomzfnhu0ILmvQwgmKbKg,노랑남매,Lh_t22A5nos,잠시라도 자리 비우면ㅋㅋㅋㅋㅋㅋㅋㅋ #shorts,2025-11-16T02:00:20Z,49.0,True,12644,50.0,1.0
2979,UCRPomzfnhu0ILmvQwgmKbKg,노랑남매,9WKgjPx9nZU,대리 수치 지리는 영상 #shorts,2025-11-19T10:30:05Z,25.0,True,5709,49.0,5.0
2979,UCRPomzfnhu0ILmvQwgmKbKg,노랑남매,Zk5D0wQonpY,폭력쓸까..? #shorts,2025-11-23T02:00:41Z,39.0,True,14435,82.0,12.0
2979,UCRPomzfnhu0ILmvQwgmKbKg,노랑남매,KxqMY_YWWzk,말 잘 듣는 여동생 #shorts,2025-11-26T10:30:25Z,15.0,True,5576,33.0,2.0
2979,UCRPomzfnhu0ILmvQwgmKbKg,노랑남매,BqTuV5u7Nxw,최악의 방송 사고 #shorts,2025-11-30T02:00:14Z,31.0,True,7668,44.0,4.0
2979,UCRPomzfnhu0ILmvQwgmKbKg,노랑남매,mkgmlwouX6k,절대 취한 거 아님 #shorts,2025-12-03T10:30:28Z,11.0,True,5438,40.0,2.0
2979,UCRPomzfnhu0ILmvQwgmKbKg,노랑남매,M24aGCINjOA,샤인머스켓 새로운 맛 #shorts,2025-12-07T02:00:32Z,44.0,True,3881,38.0,7.0
2979,UCRPomzfnhu0ILmvQwgmKbKg,노랑남매,v-jnMBh5-pw,"나 아프다구,, #shorts",2025-12-10T10:30:42Z,21.0,True,5049,43.0,5.0
2979,UCRPomzfnhu0ILmvQwgmKbKg,노랑남매,I0fyUHDkRTk,아무나 하는 게 아니었네.. #shorts,2025-12-14T02:00:19Z,33.0,True,3714,40.0,4.0
2979,UCRPomzfnhu0ILmvQwgmKbKg,노랑남매,ApOelw2oRZ4,시룬뒈? #shorts,2025-12-17T10:30:09Z,7.0,True,6522,41.0,4.0
2979,UCRPomzfnhu0ILmvQwgmKbKg,노랑남매,69YyXM7dAtU,갑자기 광고 뭐냐고ㅋㅋㅋㅋㅋㅋㅋ #shorts,2025-12-21T02:00:06Z,78.0,False,4914,43.0,4.0
2979,UCRPomzfnhu0ILmvQwgmKbKg,노랑남매,mbCdsYCDPUY,당당하게 거짓말하기 #shorts,2025-12-24T10:30:38Z,12.0,True,4402,32.0,1.0
2979,UCRPomzfnhu0ILmvQwgmKbKg,노랑남매,0tLY4GvkSy0,역겹게 왜그래? #shorts,2025-12-28T02:00:02Z,8.0,True,7133,53.0,4.0
2979,UCRPomzfnhu0ILmvQwgmKbKg,노랑남매,SfMFJ4KX3fQ,누가 봐도 그래 보여요 #shorts,2025-12-31T10:30:21Z,9.0,True,5948,35.0,0.0
2979,UCRPomzfnhu0ILmvQwgmKbKg,노랑남매,JF1592Cwns0,안 먹긴 뭘 안 먹어 #shorts,2026-01-04T02:00:31Z,14.0,True,8565,44.0,5.0
2979,UCRPomzfnhu0ILmvQwgmKbKg,노랑남매,Y5r-uijxgus,남매가 쌍으로 거짓말 못하는 편 #shorts,2026-01-07T10:30:24Z,42.0,True,6520,47.0,6.0
2979,UCRPomzfnhu0ILmvQwgmKbKg,노랑남매,EFLFmxm1mTE,내 말 안 듣기니..? #shorts,2026-01-11T02:00:17Z,30.0,True,5822,43.0,1.0
2979,UCRPomzfnhu0ILmvQwgmKbKg,노랑남매,QVEYcWs70bk,집게 짱 커! #shorts,2026-01-14T10:30:16Z,12.0,True,5686,30.0,1.0
2979,UCRPomzfnhu0ILmvQwgmKbKg,노랑남매,RS-RTclD360,오빠 묻은 숟가락 #shorts,2026-01-18T02:00:26Z,41.0,True,120959,151.0,9.0
2979,UCRPomzfnhu0ILmvQwgmKbKg,노랑남매,GhdP8998uGA,말을 왜 이렇게 못하냐 #shorts,2026-01-21T10:30:12Z,15.0,True,5355,41.0,0.0
2979,UCRPomzfnhu0ILmvQwgmKbKg,노랑남매,AoB97Yta4VM,정상적으로 좀 해줄 수 없니 #shorts,2026-01-25T02:00:12Z,33.0,True,5480,34.0,2.0
2979,UCRPomzfnhu0ILmvQwgmKbKg,노랑남매,YRyDC9fxREk,여러분은 어떠신가요? #shorts,2026-01-28T10:30:23Z,38.0,True,6076,58.0,9.0
2979,UCRPomzfnhu0ILmvQwgmKbKg,노랑남매,9XGjBzFTDag,아재 특 #shorts,2026-02-01T02:00:09Z,14.0,True,5908,37.0,1.0
2979,UCRPomzfnhu0ILmvQwgmKbKg,노랑남매,zh1g-NET15k,스무고개하냐? #shorts,2026-02-04T10:30:40Z,33.0,True,6382,39.0,8.0
2979,UCRPomzfnhu0ILmvQwgmKbKg,노랑남매,NgcYXPIH-EI,이런 오빠가 어딨어ㅋㅋㅋㅋㅋ #shorts,2026-02-08T02:00:33Z,10.0,True,12986,44.0,2.0
2979,UCRPomzfnhu0ILmvQwgmKbKg,노랑남매,qp6qhpdgGWg,속옷 취향이.. #shorts,2026-02-11T10:30:38Z,21.0,True,6601,28.0,3.0
2979,UCRPomzfnhu0ILmvQwgmKbKg,노랑남매,42Wr_zqdbdE,시청자 무시했다가ㄷㄷ #shorts,2026-02-15T02:00:06Z,28.0,True,40907,134.0,7.0
2979,UCRPomzfnhu0ILmvQwgmKbKg,노랑남매,BIC3pvXsLjI,누가 그딴 소릴 해? #shorts,2026-02-18T10:30:11Z,25.0,True,6848,49.0,5.0
2979,UCRPomzfnhu0ILmvQwgmKbKg,노랑남매,qKEFLnCSfrg,누구 잘못인가요? #shorts,2026-02-22T02:00:46Z,115.0,False,11345,93.0,110.0
2979,UCRPomzfnhu0ILmvQwgmKbKg,노랑남매,R7rQgutpeUc,죄송합니다.. #shorts,2026-02-24T11:36:21Z,73.0,False,8728,106.0,18.0
2979,UCRPomzfnhu0ILmvQwgmKbKg,노랑남매,J28nwAVuOWE,속마음이 큰 편 #shorts,2026-03-01T02:00:30Z,26.0,True,4241,34.0,2.0
2979,UCRPomzfnhu0ILmvQwgmKbKg,노랑남매,p2zjnTqXlcY,주작없는 방송 #shorts,2026-03-08T02:00:56Z,117.0,False,3592,55.0,4.0
2979,UCRPomzfnhu0ILmvQwgmKbKg,노랑남매,Vlbih6aBzAo,센터 경쟁 심하네; #shorts,2026-03-11T10:30:30Z,86.0,False,4714,37.0,7.0
2979,UCRPomzfnhu0ILmvQwgmKbKg,노랑남매,d7GxgCszSj8,먹지말고 양보하세요 #shorts,2026-03-15T02:00:36Z,25.0,True,9291,45.0,3.0
2979,UCRPomzfnhu0ILmvQwgmKbKg,노랑남매,2g5NdaneOCE,딸기 흰 부분 먹는다 vs안 먹는다 #shorts,2026-03-19T10:30:03Z,36.0,True,12813,57.0,19.0
2979,UCRPomzfnhu0ILmvQwgmKbKg,노랑남매,ati6Y3EF9LM,나만 그래?ㅠ #shorts,2026-03-22T02:00:02Z,38.0,True,3239,30.0,0.0
2979,UCRPomzfnhu0ILmvQwgmKbKg,노랑남매,IaBmzcOZp0Q,휴 힘든 싸움이었다 #shorts,2026-03-25T10:30:21Z,32.0,True,6329,38.0,1.0
2979,UCRPomzfnhu0ILmvQwgmKbKg,노랑남매,9cmEUu5ZjdY,아는 척하는 친구 대처법 #shorts,2026-03-29T02:00:00Z,17.0,True,4991,35.0,3.0
2979,UCRPomzfnhu0ILmvQwgmKbKg,노랑남매,fzcK5DWbamg,사오정인 친구 #shorts,2026-04-01T10:30:00Z,23.0,True,4344,23.0,0.0
2979,UCRPomzfnhu0ILmvQwgmKbKg,노랑남매,biJD8-4cwG4,정신을 못 차렸구나 #shorts,2026-04-05T02:00:36Z,34.0,True,7294,42.0,16.0
2979,UCRPomzfnhu0ILmvQwgmKbKg,노랑남매,bSlScozAdNY,나만 이럼? #shorts,2026-04-08T10:30:32Z,27.0,True,6723,43.0,1.0
2979,UCRPomzfnhu0ILmvQwgmKbKg,노랑남매,j5uQz-ai9OE,이거 왜이러죠? #shorts,2026-04-12T02:00:43Z,52.0,True,10017,47.0,8.0
2979,UCRPomzfnhu0ILmvQwgmKbKg,노랑남매,smofCsuvxcQ,글램핑장에서 생긴 일 #shorts,2026-04-15T10:30:41Z,44.0,True,6772,60.0,5.0
2979,UCRPomzfnhu0ILmvQwgmKbKg,노랑남매,_3CmL1w4BAo,언제 닦냐 #shorts,2026-04-19T02:00:30Z,26.0,True,5101,54.0,5.0
2979,UCRPomzfnhu0ILmvQwgmKbKg,노랑남매,0Em9XpXFWQQ,큰 손이 결혼하면 #shorts,2026-05-03T02:00:00Z,65.0,False,13682,97.0,3.0
2979,UCRPomzfnhu0ILmvQwgmKbKg,노랑남매,aUz725TI108,그냥 자 제발 #shorts,2026-05-10T02:00:02Z,42.0,True,1975,24.0,2.0
2979,UCRPomzfnhu0ILmvQwgmKbKg,노랑남매,LpGG-kwvIQg,개쳐망한 패스트푸드점 #shorts,2026-05-14T10:30:09Z,176.0,False,1462,17.0,1.0
2979,UCRPomzfnhu0ILmvQwgmKbKg,노랑남매,CK6qQtS-F5U,노랑남매 오늘은 치킨먹을 수 있을까?,2026-05-16T11:42:14Z,,False,250,24.0,0.0
2980,UC9iULDnKYrLSjDgekRw_n9w,통통테크 by 연합뉴스,R_bOMgHjrf0,애플의 '신기술 집합체' 아이패드 프로 7…'OLED 2층' 이 두께 실화?' #애플 #아이패드 #smartphone #연합뉴스 #테크,2024-07-31T08:14:13Z,443.0,False,2004,16.0,3.0
2980,UC9iULDnKYrLSjDgekRw_n9w,통통테크 by 연합뉴스,JrUCLW0eNXE,"전기차 탁송 중 화재…""아무도 책임 안 져 막막"" #전기차 #화재 #배터리 #중국",2024-08-07T08:15:08Z,231.0,False,2441,29.0,16.0
2980,UC9iULDnKYrLSjDgekRw_n9w,통통테크 by 연합뉴스,SSvtB-WlVw0,"'애증'의 버즈3 프로, 언제쯤 받아볼 수 있을까? [한달사용기] #버즈3프로 #삼성전자 #갤럭시",2024-08-13T07:04:15Z,687.0,False,7910,80.0,37.0
2980,UC9iULDnKYrLSjDgekRw_n9w,통통테크 by 연합뉴스,DCX6bxvUlaw,버즈3 프로 잃어버렸다면... #shorts,2024-08-14T01:23:32Z,50.0,True,1352,29.0,2.0
2980,UC9iULDnKYrLSjDgekRw_n9w,통통테크 by 연합뉴스,oC1LFU_HI30,한눈팔다 풀액셀?…'페달 오조작' 막는 캐스퍼 일렉트릭 #전기차 #배터리 #급발진,2024-08-14T02:25:57Z,218.0,False,1504,10.0,2.0
2980,UC9iULDnKYrLSjDgekRw_n9w,통통테크 by 연합뉴스,JXrmWhi8rfk,※오싹주의※ 월급 2만원대 개인비서 고용해봤다. 일단 무료로~ #제미나이 라이브 #챗GPT #애플,2024-08-27T09:54:15Z,677.0,False,11073,115.0,22.0
2980,UC9iULDnKYrLSjDgekRw_n9w,통통테크 by 연합뉴스,A6A5a8_DFYg,'20년 만의 부활 액티언' 타이어까지 미쉐린 써버린 FLEX! 쌍용차 아니고 KGM이 만든 액티언 믿을 수 없는 가격대 #자동차 #SUV #연합뉴스 #액티언,2024-09-05T05:00:09Z,666.0,False,9510,87.0,64.0
2980,UC9iULDnKYrLSjDgekRw_n9w,통통테크 by 연합뉴스,_x2dxEf8qHk,中 폴더블폰 도전 직면한 삼성…Z폴드 신작으로 본때 보여줄까 #Z폴드 #갤럭시 #AI,2024-09-06T08:24:39Z,338.0,False,9250,70.0,83.0
2980,UC9iULDnKYrLSjDgekRw_n9w,통통테크 by 연합뉴스,AtnhVRigezw,'한국 1차 출시 확정' 아이폰16…주요 스펙과 기능은 #아이폰 #애플 #갤럭시,2024-09-10T05:49:09Z,146.0,False,2040,13.0,4.0
2980,UC9iULDnKYrLSjDgekRw_n9w,통통테크 by 연합뉴스,57mb_3yKiXg,"""물때·물비린내 어떻게?""…식기세척기 전문가 꿀팁 #소금보충 #린스 #그릇넣는법",2024-09-14T09:00:05Z,645.0,False,17593,201.0,8.0
2980,UC9iULDnKYrLSjDgekRw_n9w,통통테크 by 연합뉴스,VVcGVb93y0o,중국에 주도권 내준 로봇청소기 시장…삼성·LG '후발' 된 이유 #로봇청소기 #로봇청소기추천,2024-09-20T08:36:39Z,413.0,False,6887,50.0,24.0
2980,UC9iULDnKYrLSjDgekRw_n9w,통통테크 by 연합뉴스,0UZ1dewmh2o,"""의외로 잘 모르는 갤럭시 보안꿀팁"", 그런데 갑자기 OS 무한 부팅 이슈가..ㅠㅠ #갤럭시 #보안",2024-10-02T06:02:55Z,663.0,False,5362,121.0,11.0
2980,UC9iULDnKYrLSjDgekRw_n9w,통통테크 by 연합뉴스,9PFMmWaDWgI,"위치공유, 대박인데요? #shorts",2024-10-04T07:17:39Z,39.0,True,3532,24.0,1.0
2980,UC9iULDnKYrLSjDgekRw_n9w,통통테크 by 연합뉴스,_VHCKvu-m10,갤럭시 유저라면 꼭 봐야할 영상 #shorts,2024-10-04T07:24:30Z,33.0,True,912,15.0,1.0
2980,UC9iULDnKYrLSjDgekRw_n9w,통통테크 by 연합뉴스,XlvHPRDUyiw,인기 없기로 더 유명하다?…아이폰16 프로 써보니,2024-10-17T05:00:19Z,254.0,False,782,6.0,3.0
2980,UC9iULDnKYrLSjDgekRw_n9w,통통테크 by 연합뉴스,t3i7AhpY_bo,"아이폰16 프로, 발열 이슈 잡았나…고사양 게임도 '거뜬'",2024-10-17T05:01:00Z,437.0,False,2392,20.0,7.0
2980,UC9iULDnKYrLSjDgekRw_n9w,통통테크 by 연합뉴스,Ut6wrHHlVkw,얇고 가벼워진 건 좋은데…'278만원 휴대폰' 통할까? #Z폴드SE,2024-10-21T08:59:48Z,114.0,False,18210,119.0,160.0
2980,UC9iULDnKYrLSjDgekRw_n9w,통통테크 by 연합뉴스,9lZkpORjUaY,"""로봇청소기가 갑자기 욕설""…중국산 제품 잇단 해킹 정황",2024-10-23T09:17:38Z,129.0,False,4549,20.0,8.0
2980,UC9iULDnKYrLSjDgekRw_n9w,통통테크 by 연합뉴스,NYebLtJ_PTo,삼성 AI 스팀 출시 반년…실사용 후 드러난 장단점은 #삼성 비스포크 로봇청소기 #비스포크 ai 스팀,2024-10-25T09:00:23Z,819.0,False,26736,159.0,50.0
2980,UC9iULDnKYrLSjDgekRw_n9w,통통테크 by 연합뉴스,68tqlSqA_-4,가성비 드림카인 중고차를 살 때 반드시 알아야 할 세 가지 팁을 정리했습니다,2024-10-31T08:38:09Z,288.0,False,532,8.0,2.0
2980,UC9iULDnKYrLSjDgekRw_n9w,통통테크 by 연합뉴스,ZWzlomKQ8Pk,'모바일 AI 전쟁' 시작됐다…삼성 vs 애플 차별점은? #애플 #삼성 #갤럭시 #AI,2024-11-01T09:28:31Z,202.0,False,5110,59.0,76.0
2980,UC9iULDnKYrLSjDgekRw_n9w,통통테크 by 연합뉴스,CQO8i5NUwSA,'갤럭시워치7 vs 애플워치10' 함께 차고 등산해보니,2024-11-08T06:34:15Z,544.0,False,14343,123.0,33.0
2980,UC9iULDnKYrLSjDgekRw_n9w,통통테크 by 연합뉴스,yM3eES9J7UE,갤럭시 워치7 vs 애플 워치10,2024-11-08T07:12:12Z,58.0,True,13825,102.0,6.0
2980,UC9iULDnKYrLSjDgekRw_n9w,통통테크 by 연합뉴스,fiCWCWCaL08,퇴근 안하는 직장 상사 #갤럭시,2024-11-08T07:18:37Z,43.0,True,8745,56.0,2.0
2980,UC9iULDnKYrLSjDgekRw_n9w,통통테크 by 연합뉴스,-fu6Z2eCcbM,애플은 왜 'MR헤드셋'이라고 하는 걸까?!? #visionpro @apple,2024-11-14T05:03:53Z,176.0,False,966,13.0,5.0
2980,UC9iULDnKYrLSjDgekRw_n9w,통통테크 by 연합뉴스,p5VePUr1jww,"'비전 프로' 후기 들어보니 ""삼성 눈감아!"" #비전 프로 #visionpro #애플",2024-11-15T12:28:18Z,314.0,False,3508,40.0,17.0
2980,UC9iULDnKYrLSjDgekRw_n9w,통통테크 by 연합뉴스,xaNc6wBGIko,아이패드 미니 7세대 A17프로,2024-11-21T09:20:22Z,49.0,True,14062,94.0,2.0
2980,UC9iULDnKYrLSjDgekRw_n9w,통통테크 by 연합뉴스,fTFSvW6o8qU,회사에서 가장 많이 쓰는말,2024-11-26T08:46:32Z,40.0,True,684,8.0,0.0
2980,UC9iULDnKYrLSjDgekRw_n9w,통통테크 by 연합뉴스,Hx5QynqpDMc,'아이폰 스냅'은 있는데 '갤럭시 스냅'은 왜? #갤럭시 #아이폰 #스냅,2024-12-03T06:43:34Z,250.0,False,5952,44.0,21.0
2980,UC9iULDnKYrLSjDgekRw_n9w,통통테크 by 연합뉴스,vMa0OmmI4JI,플래그십도 두께 경쟁…'갤럭시 S25 슬림' 어떻게 나올까,2024-12-24T09:00:57Z,174.0,False,21783,137.0,75.0
2980,UC9iULDnKYrLSjDgekRw_n9w,통통테크 by 연합뉴스,8b4Od6wdZd4,"30만원대 샤오미 로봇청소기 써보니 ""기능은 다양한데…""",2024-12-28T09:00:14Z,545.0,False,3499,22.0,18.0
2980,UC9iULDnKYrLSjDgekRw_n9w,통통테크 by 연합뉴스,tVhJwwnj9So,CES 시작 전부터 놀랐다..돌아온 '차이나 파워',2025-01-10T06:44:57Z,254.0,False,1418,23.0,3.0
2980,UC9iULDnKYrLSjDgekRw_n9w,통통테크 by 연합뉴스,1f2WFVVFZLg,딥시크 쓰기 전 꼭 봐야 할 영상,2025-02-11T02:43:10Z,202.0,False,481,10.0,1.0
2980,UC9iULDnKYrLSjDgekRw_n9w,통통테크 by 연합뉴스,nfkNZWq7cS0,머스크 인수 제안에 '발끈'…챗GPT 선두 자리 흔들?,2025-02-14T00:39:39Z,292.0,False,1296,9.0,1.0
2980,UC9iULDnKYrLSjDgekRw_n9w,통통테크 by 연합뉴스,e9haFCIc2yg,서로 쳐다보더니 '툭'..물건 정리도 척척 신형 AI 모델 공개,2025-02-24T06:51:11Z,192.0,False,447,8.0,2.0
2980,UC9iULDnKYrLSjDgekRw_n9w,통통테크 by 연합뉴스,16XZdlgpUYU,넷마블 신작 '몬길: 스타 다이브' 미리 해봤더니,2025-05-27T02:03:01Z,335.0,False,3672,31.0,6.0
2980,UC9iULDnKYrLSjDgekRw_n9w,통통테크 by 연합뉴스,ocw9oWHZHzM,잠재력 엿보이는 넥슨 '빈딕투스: 디파잉 페이트' 알파 테스트,2025-06-09T02:21:45Z,618.0,False,3782,21.0,29.0
2980,UC9iULDnKYrLSjDgekRw_n9w,통통테크 by 연합뉴스,urjnQSk4fe4,코지마 히데오의 역작 '데스 스트랜딩 2' 스포 없는 엔딩 후기 / 수송동오락실,2025-06-23T12:01:45Z,669.0,False,5903,56.0,23.0
2980,UC9iULDnKYrLSjDgekRw_n9w,통통테크 by 연합뉴스,yVUYRr_5cn8,세계 최대 게임쇼 '게임스컴' 가보니…K-게임은 어디에? / 수송동오락실,2025-09-08T06:50:37Z,558.0,False,1416,16.0,8.0
2980,UC9iULDnKYrLSjDgekRw_n9w,통통테크 by 연합뉴스,au3ZfDH8-fk,복수 서사시의 완성판 게임 '고스트 오브 요테이',2025-09-25T13:00:06Z,604.0,False,27356,226.0,191.0
2980,UC9iULDnKYrLSjDgekRw_n9w,통통테크 by 연합뉴스,9dJYd5dKJyw,아직은 비싼 장난감? '갤럭시 XR'로 게임해봤습니다,2025-10-27T08:42:58Z,516.0,False,5934,65.0,12.0
2980,UC9iULDnKYrLSjDgekRw_n9w,통통테크 by 연합뉴스,xREpLSxrXws,크래프톤 'PUBG: 블랙버짓' 알파 테스트 리뷰,2025-12-15T08:01:13Z,421.0,False,3635,14.0,13.0
2980,UC9iULDnKYrLSjDgekRw_n9w,통통테크 by 연합뉴스,HrOEVXtyiLw,중국 게임의 야심이 보인다..넷이즈 신작 '렘넌트의 바다' 해보니,2026-02-19T08:25:19Z,388.0,False,499,9.0,1.0
2980,UC9iULDnKYrLSjDgekRw_n9w,통통테크 by 연합뉴스,-8Ft2H3YQE8,중국 넷이즈 신작 CBT 하고나서 한국 게임이 걱정된 이유 #shorts,2026-02-20T02:34:30Z,84.0,False,1472,6.0,1.0
2980,UC9iULDnKYrLSjDgekRw_n9w,통통테크 by 연합뉴스,q09d4fz_hKE,통통테크 by 연합뉴스님의 실시간 스트림,2026-03-18T08:17:28Z,,False,0,0.0,0.0
2980,UC9iULDnKYrLSjDgekRw_n9w,통통테크 by 연합뉴스,x5p_Li5t_VM,"역대급 분량·퀄리티, 디테일은 아쉽다…'붉은사막' 먼저 해본 작심 리뷰",2026-03-18T22:01:09Z,1394.0,False,45604,401.0,399.0
2980,UC9iULDnKYrLSjDgekRw_n9w,통통테크 by 연합뉴스,dUQ6ykdA9yk,중국 광저우 점령한 LoL TFT…세트 17도 미리 해봤습니다 / 수송동오락실,2026-03-30T07:24:11Z,324.0,False,601,16.0,2.0
2980,UC9iULDnKYrLSjDgekRw_n9w,통통테크 by 연합뉴스,aWikH1pNIW0,친구가 보낸 카톡 파일 무심코 열었다가 낭패,2026-04-02T05:17:28Z,253.0,False,1677,20.0,4.0
2980,UC9iULDnKYrLSjDgekRw_n9w,통통테크 by 연합뉴스,L7aTPFKovbY,드라이빙 경험의 진화 '포르자 호라이즌 6'..숨은 킥은,2026-05-14T12:00:27Z,470.0,False,462,14.0,3.0
2980,UC9iULDnKYrLSjDgekRw_n9w,통통테크 by 연합뉴스,YAgXLNpmzyM,도쿄서 슈퍼카 레이싱 '포르자 호라이즌6' 리뷰 #shorts,2026-05-14T13:01:01Z,78.0,False,2588,13.0,1.0
2981,UC8pNp8mMr-GGOnGrVmzgSAA,쿤키친 - Kun Kitchen,6hQlkzUJhRg,양배추가 집에 있다면 이렇게 꼭 드셔 보세요👍! 양배추 이렇게 만드니까 완전 밥도둑이네요😃! 양배추 요리,2026-02-07T11:00:08Z,223.0,False,755,12.0,1.0
2981,UC8pNp8mMr-GGOnGrVmzgSAA,쿤키친 - Kun Kitchen,Kze5f4A3CEc,고구마 이제 이렇게 드세요😃! 너무 맛있어서 집에 고구마가 남아나질 않네요👍! 고구마요리쉬운,2026-02-09T11:00:37Z,186.0,False,2234,23.0,0.0
2981,UC8pNp8mMr-GGOnGrVmzgSAA,쿤키친 - Kun Kitchen,xBMkHwarghw,양배추가 집에 있다면 이렇게 꼭 드셔 보세요👍! 뱃살이 쭉쭉 빠지는데 매일 먹어도 너무 맛있어😃! 양배추 요리,2026-02-11T11:01:39Z,131.0,False,2504,89.0,21.0
2981,UC8pNp8mMr-GGOnGrVmzgSAA,쿤키친 - Kun Kitchen,kYjqwDs-RjI,양배추가 집에 있다면 이렇게 꼭 드셔 보세요👍! 양배추와 달걀로 아침을 만드는 방법😃! 포만간 듬뿍,2026-02-13T11:01:14Z,183.0,False,724,17.0,0.0
2981,UC8pNp8mMr-GGOnGrVmzgSAA,쿤키친 - Kun Kitchen,Kxt9q4Uc57c,양배추가 집에 있다면 이렇게 꼭 드셔 보세요👍! 간단하지만 맛있는 양배추 요리😃! 양배추 요리 중 최고 10가지배추,2026-02-15T11:00:35Z,2166.0,False,648,13.0,0.0
2981,UC8pNp8mMr-GGOnGrVmzgSAA,쿤키친 - Kun Kitchen,SoaI7KHuqzI,양배추가 집에 있다면 이렇게 꼭 드셔 보세요👍! 간단하고 영양가득한 한끼가 완성됩니다😃! 양배추 요리,2026-02-17T11:00:53Z,240.0,False,335298,8974.0,149.0
2981,UC8pNp8mMr-GGOnGrVmzgSAA,쿤키친 - Kun Kitchen,Gxc1mxLUT9A,밥대신 배추와 계란을 이렇게 드세요👍! 단백질 가득 든든한 배추 계란 요리 가지😃! 배추 요리,2026-02-19T11:00:32Z,223.0,False,3280,23.0,0.0
2981,UC8pNp8mMr-GGOnGrVmzgSAA,쿤키친 - Kun Kitchen,WwS_toLfImQ,고구마와 계란을 이렇게 드세요😃!고구마를 가장 맛있게 먹는 방법👍! 고구마 요리,2026-02-21T11:01:01Z,232.0,False,2608,15.0,2.0
2981,UC8pNp8mMr-GGOnGrVmzgSAA,쿤키친 - Kun Kitchen,IxPMazB1SQ8,양배추가 집에 있다면 이렇게 꼭 드셔 보세요👍! 두툼한 양배추 부침개 이렇게 만들면 모 😃! 양배추 요리,2026-02-23T11:00:23Z,224.0,False,6162,162.0,16.0
2981,UC8pNp8mMr-GGOnGrVmzgSAA,쿤키친 - Kun Kitchen,eLA_5ac7j-w,양배추가 집에 있다면 이렇게 꼭 드셔 보세요👍! 너무 맛있어서 계속 찾게 됩니다😃! 양배추 요리,2026-02-25T11:01:09Z,173.0,False,98330,2637.0,96.0
2981,UC8pNp8mMr-GGOnGrVmzgSAA,쿤키친 - Kun Kitchen,XbX-2mmd9os,양배추가 집에 있다면 이렇게 꼭 드셔 보세요👍! 이게 양배추 제일 맛있습니다기름에볶지마세요😃! 양배추 요리,2026-02-27T11:00:57Z,235.0,False,3878,86.0,4.0
2981,UC8pNp8mMr-GGOnGrVmzgSAA,쿤키친 - Kun Kitchen,e354l8sr6ig,당근가 집에 있다면 이렇게 꼭 드셔 보세요👍! 당근 한상자가 순식간에 사라져요~일주일 동안 반찬 걱정😃!,2026-03-01T11:00:55Z,210.0,False,858,17.0,0.0
2981,UC8pNp8mMr-GGOnGrVmzgSAA,쿤키친 - Kun Kitchen,QssWw-Ymu_4,고구마와 두부을 이렇게 드세요😃!담백 고소하고 든든한 한끼가 완성됩니다👍! 고구마 요리,2026-03-03T11:00:44Z,160.0,False,1057,29.0,0.0
2981,UC8pNp8mMr-GGOnGrVmzgSAA,쿤키친 - Kun Kitchen,tptrquOs21A,고구마 와 계란 가 집에 있다면 이렇게 꼭 드셔 보세요😃! 간단하고 영양가득한 한끼가 완성됩니다👍! 계란고구마 요리 2 가지,2026-03-05T11:01:20Z,450.0,False,2527,72.0,2.0
2981,UC8pNp8mMr-GGOnGrVmzgSAA,쿤키친 - Kun Kitchen,mEWVa8_nmrE,양배추가 집에 있다면 이렇게 꼭 드셔 보세요👍! 간단하고 영양가득한 한끼가 완성됩니다😃! 양배추 요리,2026-03-07T11:01:17Z,159.0,False,1908,45.0,6.0
2981,UC8pNp8mMr-GGOnGrVmzgSAA,쿤키친 - Kun Kitchen,xoiOh3AT6_k,오이가 집에 있다면 이렇게 꼭 드셔 보세요👍! 잔뜩 만들어도 남아나질 않아요😃!  오이 조리법,2026-03-09T11:01:37Z,170.0,False,209121,4202.0,77.0
2981,UC8pNp8mMr-GGOnGrVmzgSAA,쿤키친 - Kun Kitchen,M61W0gM44tI,오이가 집에 있다면 이렇게 꼭 드셔 보세요👍! 영양가득 맛있는 한끼가 완성됩니다😃!오이 조리법,2026-03-11T11:00:37Z,169.0,False,2753,53.0,4.0
2981,UC8pNp8mMr-GGOnGrVmzgSAA,쿤키친 - Kun Kitchen,jzRM6-n3OLg,오이가 집에 있다면 이렇게 꼭 드셔 보세요👍! 아삭담백하며 영양가득한 한끼가 완성됩니다😃!  오이 조리법,2026-03-13T11:01:19Z,152.0,False,9240,762.0,12.0
2981,UC8pNp8mMr-GGOnGrVmzgSAA,쿤키친 - Kun Kitchen,cgSRjufElS0,남은 떡국떡가 집에 있다면 이렇게 꼭 드셔 보세요👍! 잔뜩 만들어도 남아나질 않아요😃! 떡국떡 요리,2026-03-15T11:00:56Z,213.0,False,22836,1386.0,17.0
2981,UC8pNp8mMr-GGOnGrVmzgSAA,쿤키친 - Kun Kitchen,-yjjAmnrXzU,남은 떡국떡가 집에 있다면 이렇게 꼭 드셔 보세요👍! 온 가족이 한 그릇 더 달라고 난리입니다😃! 떡국떡 요리,2026-03-17T11:00:02Z,183.0,False,1584,21.0,5.0
2981,UC8pNp8mMr-GGOnGrVmzgSAA,쿤키친 - Kun Kitchen,U1yUEAewzrs,양배추가 집에 있다면 이렇게 꼭 드셔 보세요👍! 몸속 노폐물과 독소가 배출되어 체중감량에 좋습니다😃! 양배추 요리,2026-03-19T11:01:00Z,152.0,False,503,11.0,4.0
2981,UC8pNp8mMr-GGOnGrVmzgSAA,쿤키친 - Kun Kitchen,kZQ221SrfbQ,양배추가 집에 있다면 이렇게 꼭 드셔 보세요👍! 이렇게 드시면 계속 찾게 되실거에요😃! 양배추 요리,2026-03-21T11:01:14Z,170.0,False,4595,142.0,4.0
2981,UC8pNp8mMr-GGOnGrVmzgSAA,쿤키친 - Kun Kitchen,CP5BeYTcsXE,남은 떡국떡가 집에 있다면 이렇게 꼭 드셔 보세요👍! 잔뜩 만들어도 남아나질 않아요😃! 쫀득쫀득 간단하고 색다른 떡국떡 2가지,2026-03-23T11:00:30Z,395.0,False,8029,44.0,0.0
2981,UC8pNp8mMr-GGOnGrVmzgSAA,쿤키친 - Kun Kitchen,HN_-J8aFqiI,양배추가 집에 있다면 이렇게 꼭 드셔 보세요👍! 간단하고 맛있는 한끼가 완성됩니다😃! 양배추 요리,2026-03-25T11:00:34Z,263.0,False,3184,31.0,2.0
2981,UC8pNp8mMr-GGOnGrVmzgSAA,쿤키친 - Kun Kitchen,dZRebVyi4PQ,양배추가 집에 있다면 이렇게 꼭 드셔 보세요👍! 양배추 이렇게 만드니까 완전 밥도둑이네요😃! 양배추 요리,2026-03-27T11:00:53Z,124.0,False,36667,745.0,8.0
2981,UC8pNp8mMr-GGOnGrVmzgSAA,쿤키친 - Kun Kitchen,JnIu8A-BrGQ,오이가 집에 있다면 이렇게 꼭 드셔 보세요👍!한 번 먹으면 반하는 오이 레시피😃! 오이 조리법,2026-03-29T11:00:18Z,228.0,False,919,15.0,3.0
2981,UC8pNp8mMr-GGOnGrVmzgSAA,쿤키친 - Kun Kitchen,EQ7LVTck-F0,양배추와 계란을 이렇게 드세요👍!  간단하고 영양가득한 한끼가 완성됩니다😃! 양배추 요리,2026-03-31T11:00:14Z,226.0,False,8407,89.0,0.0
2981,UC8pNp8mMr-GGOnGrVmzgSAA,쿤키친 - Kun Kitchen,dOs6D4-9_e4,양배추가 집에 있다면 이렇게 꼭 드셔 보세요👍! 간단하지만 맛있는 양배추 요리😃! 양배추 요리,2026-04-02T11:01:00Z,182.0,False,69898,1039.0,7.0
2981,UC8pNp8mMr-GGOnGrVmzgSAA,쿤키친 - Kun Kitchen,cW9b0D-yEmg,양배추와 가지가 집에 있다면 이렇게 꼭 드셔 보세요👍! 초간단 집반찬 레시피😃! 쉽고 맛있어요,2026-04-04T11:01:01Z,241.0,False,14408,581.0,2.0
2981,UC8pNp8mMr-GGOnGrVmzgSAA,쿤키친 - Kun Kitchen,297WEOVhgTo,양배추가 집에 있다면 이렇게 꼭 드셔 보세요👍! 간단한데 정말 맛있는 양배추 레시피😃! 양배추 요리,2026-04-06T11:00:03Z,202.0,False,149011,2620.0,51.0
2981,UC8pNp8mMr-GGOnGrVmzgSAA,쿤키친 - Kun Kitchen,aMO0Z2Av9kI,양배추가 집에 있다면 이렇게 꼭 드셔 보세요👍! 아삭담백하며 영양가득한 한끼가 완성됩니다😃! 양배추 요리,2026-04-08T11:00:01Z,217.0,False,7291,203.0,2.0
2981,UC8pNp8mMr-GGOnGrVmzgSAA,쿤키친 - Kun Kitchen,6s0-0Z54ZpU,집에 오이가 있다면 이렇게 드셔보세요👍!  밥 대신 먹는 초간단 다이어트 레시피😃! 오이 조리법,2026-04-10T11:00:22Z,184.0,False,84427,1237.0,18.0
2981,UC8pNp8mMr-GGOnGrVmzgSAA,쿤키친 - Kun Kitchen,AwDIPLX2q50,오이가 집에 있다면 이렇게 꼭 드셔 보세요👍! 많이 만들어도 순삭입니다😃! 오이 조리법,2026-04-12T11:00:22Z,218.0,False,17382,623.0,7.0
2981,UC8pNp8mMr-GGOnGrVmzgSAA,쿤키친 - Kun Kitchen,zP6cU-Ob2lA,오이가 집에 있다면 이렇게 꼭 드셔 보세요👍!  밥대신 먹으면 살빠지는 쉽고 빠른 오이 요리 2가지😃!,2026-04-14T11:01:41Z,358.0,False,22264,353.0,6.0
2981,UC8pNp8mMr-GGOnGrVmzgSAA,쿤키친 - Kun Kitchen,x7vHNIIoblU,오이가 집에 있다면 이렇게 꼭 드셔 보세요👍! 많이 만들어도 바로 없어지는 초간단 😃! 오이 조리법,2026-04-16T11:01:36Z,197.0,False,1117,13.0,1.0
2981,UC8pNp8mMr-GGOnGrVmzgSAA,쿤키친 - Kun Kitchen,YMMixjplGLY,양배추가 집에 있다면 이렇게 꼭 드셔 보세요👍! 아침과 저녁에 딱 좋은 양배추 샐러드입니다 😃!,2026-04-18T11:01:02Z,201.0,False,3084,27.0,2.0
2981,UC8pNp8mMr-GGOnGrVmzgSAA,쿤키친 - Kun Kitchen,C9D5CSWTEV4,양배추와 두부을 이렇게 드세요👍! 간단하고 영양가득한 한끼가 완성됩니다😃! 양배추 요리,2026-04-20T11:00:18Z,226.0,False,2099,22.0,0.0
2981,UC8pNp8mMr-GGOnGrVmzgSAA,쿤키친 - Kun Kitchen,NjdQ8zyFpaE,양배추 이제 이렇게 드세요👍! 간단하지만 맛있는 양배추 요리😃! 양배추 요리,2026-04-22T11:00:43Z,200.0,False,2179,19.0,0.0
2981,UC8pNp8mMr-GGOnGrVmzgSAA,쿤키친 - Kun Kitchen,MpUPybjq5Xo,배추가 집에 있다면 이렇게 꼭 드셔 보세요👍! 속편하고 영양가득한 한끼가 완성됩니다😃! 배추 요리,2026-04-24T11:00:45Z,125.0,False,2549,49.0,0.0
2981,UC8pNp8mMr-GGOnGrVmzgSAA,쿤키친 - Kun Kitchen,JmC-MstDlQU,양배추가 집에 있다면 이렇게 꼭 드셔 보세요👍! 영양가득 맛있😃! 양배추 요리,2026-04-26T11:00:25Z,228.0,False,945,16.0,0.0
2981,UC8pNp8mMr-GGOnGrVmzgSAA,쿤키친 - Kun Kitchen,nmJxwE-hwDM,양배추가 집에 있다면 이렇게 꼭 드셔 보세요👍!  간단하고 영양가득한 한끼가 완성됩니다😃! 양배추 요리,2026-04-28T11:01:23Z,224.0,False,673,11.0,0.0
2981,UC8pNp8mMr-GGOnGrVmzgSAA,쿤키친 - Kun Kitchen,KNyWdw0we1k,"양배추가 집에 있다면, 이렇게 만들어 보세요👍! 간단하고 건강한 다이어트 양배추 요리😃!",2026-04-30T11:00:34Z,196.0,False,2431,31.0,0.0
2981,UC8pNp8mMr-GGOnGrVmzgSAA,쿤키친 - Kun Kitchen,eu-h94PmvGQ,양배추가 집에 있다면 이렇게 꼭 드셔 보세요👍! 간단하게 만들어도 최고로 맛있어요😃! 양배추 요리,2026-05-02T11:00:58Z,181.0,False,8271,128.0,0.0
2981,UC8pNp8mMr-GGOnGrVmzgSAA,쿤키친 - Kun Kitchen,COaqxisS1mk,양배추가 집에 있다면 이렇게 꼭 드셔 보세요👍! 간단하고 쉬운데 정말 맛있는 양배추 요리 2가지😃!,2026-05-04T11:00:17Z,303.0,False,982,10.0,0.0
2981,UC8pNp8mMr-GGOnGrVmzgSAA,쿤키친 - Kun Kitchen,edUVkUIDSy4,고구마와 계란을 이렇게 드세요😃!영양가득 맛있고구마 요리👍!,2026-05-06T11:01:07Z,137.0,False,522,4.0,0.0
2981,UC8pNp8mMr-GGOnGrVmzgSAA,쿤키친 - Kun Kitchen,D8N23kUubCY,집에 양배추가 있다면 이렇게 만들어 보세요👍! 간단하고 만들기 쉬우면서도 정말 맛있는 요리입니다😃!양배추 요리,2026-05-08T11:00:31Z,184.0,False,1013,14.0,1.0
2981,UC8pNp8mMr-GGOnGrVmzgSAA,쿤키친 - Kun Kitchen,aVEWgJ3Ey6A,양배추가 집에 있다면 이렇게 꼭 드셔 보세요👍간단한데 너무 맛있는 양배추 요리 베스트 10😃!,2026-05-10T11:00:02Z,2046.0,False,599,8.0,1.0
2981,UC8pNp8mMr-GGOnGrVmzgSAA,쿤키친 - Kun Kitchen,X4zpI5U-8jE,양배추가 집에 있다면 이렇게 꼭 드셔 보세요👍! 겉바속촉! 초간단 양배추전 레시피😃!,2026-05-12T11:01:00Z,218.0,False,924,12.0,0.0
2981,UC8pNp8mMr-GGOnGrVmzgSAA,쿤키친 - Kun Kitchen,5zHU7ZrqgNc,집에 오이가 있다면 이렇게 드셔보세요👍! 여름에 꼭 먹어야 할 시원한 오이요리 😃! 오이 조리법,2026-05-14T11:00:13Z,163.0,False,16005,464.0,9.0
2981,UC8pNp8mMr-GGOnGrVmzgSAA,쿤키친 - Kun Kitchen,UDsai-QsYoM,집에 오이가 있다면 이렇게 드셔보세요👍!  밥 대신 먹기 좋은 건강 다이어트 레시피😃! 오이 조리법,2026-05-16T11:00:52Z,195.0,False,100,6.0,1.0
2982,UCbRQMQCwRgyIUR61VAlYb9Q,YGMusic,A64wRQXzjNs,TAEYANG - 버리고(LET GO) ACCA ver. Preview,2014-09-02T09:37:43Z,11.0,True,2463,99.0,0.0
2982,UCbRQMQCwRgyIUR61VAlYb9Q,YGMusic,LXxCDEYDZ3s,TAEYANG - 아름다워(BODY) MR ver. Preview,2014-09-02T09:37:43Z,31.0,True,1534,61.0,1.0
2982,UCbRQMQCwRgyIUR61VAlYb9Q,YGMusic,1mrTr2QBH7s,TAEYANG - STAY WITH ME MR ver. Preview,2014-09-02T09:37:44Z,31.0,True,3436,90.0,1.0
2982,UCbRQMQCwRgyIUR61VAlYb9Q,YGMusic,AIuFA1x1hLo,TAEYANG - 이게 아닌데(THIS AIN'T IT) INST ver. Preview,2014-09-02T09:37:44Z,31.0,True,3432,80.0,4.0
2982,UCbRQMQCwRgyIUR61VAlYb9Q,YGMusic,ODBlDasvSWc,TAEYANG - INTRO(RISE) MR ver. Preview,2014-09-02T09:37:44Z,31.0,True,3929,102.0,0.0
2982,UCbRQMQCwRgyIUR61VAlYb9Q,YGMusic,Pwi7shLouXE,TAEYANG - STAY WITH ME ACCA ver. Preview,2014-09-02T09:37:44Z,11.0,True,3985,128.0,1.0
2982,UCbRQMQCwRgyIUR61VAlYb9Q,YGMusic,Rj4M7RYaiNM,TAEYANG - LOVE YOU TO DEATH INST ver. Preview,2014-09-02T09:37:44Z,31.0,True,2057,86.0,0.0
2982,UCbRQMQCwRgyIUR61VAlYb9Q,YGMusic,atyeCgggplM,TAEYANG - STAY WITH ME INST ver. Preview,2014-09-02T09:37:44Z,31.0,True,4772,125.0,3.0
2982,UCbRQMQCwRgyIUR61VAlYb9Q,YGMusic,msYln7AAFl8,TAEYANG - 아름다워(BODY) INST ver. Preview,2014-09-02T09:37:44Z,31.0,True,2057,74.0,1.0
2982,UCbRQMQCwRgyIUR61VAlYb9Q,YGMusic,pAVweZrsvLk,TAEYANG - 새벽한시(1AM) INST ver. Preview,2014-09-02T09:37:44Z,31.0,True,15613,333.0,10.0
2982,UCbRQMQCwRgyIUR61VAlYb9Q,YGMusic,6Wh1spVuazE,"TAEYANG - 눈,코,입(EYES,NOSE,LIPS) MR ver. Preview",2014-09-02T09:37:45Z,31.0,True,6051,166.0,0.0
2982,UCbRQMQCwRgyIUR61VAlYb9Q,YGMusic,7tzwjvEspbk,TAEYANG - LOVE YOU TO DEATH MR ver. Preview,2014-09-02T09:37:45Z,31.0,True,3859,139.0,6.0
2982,UCbRQMQCwRgyIUR61VAlYb9Q,YGMusic,AURJMWjkkao,TAEYANG - 링가 링가(RINGA LINGA) MR ver. Preview,2014-09-02T09:37:45Z,31.0,True,3839,115.0,0.0
2982,UCbRQMQCwRgyIUR61VAlYb9Q,YGMusic,JDttFNNX25c,TAEYANG - 새벽한시(1AM) ACCA ver. Preview,2014-09-02T09:37:45Z,11.0,True,5355,155.0,1.0
2982,UCbRQMQCwRgyIUR61VAlYb9Q,YGMusic,U8ifcSFEoR0,TAEYANG - INTRO(RISE) INST ver. Preview,2014-09-02T09:37:45Z,31.0,True,7435,175.0,2.0
2982,UCbRQMQCwRgyIUR61VAlYb9Q,YGMusic,Ui6d41Lu7GI,TAEYANG - 링가 링가(RINGA LINGA) INST ver. Preview,2014-09-02T09:37:45Z,31.0,True,3438,126.0,7.0
2982,UCbRQMQCwRgyIUR61VAlYb9Q,YGMusic,YwKngLVZhCg,TAEYANG - LOVE YOU TO DEATH ACCA ver. Preview,2014-09-02T09:37:45Z,11.0,True,4551,167.0,2.0
2982,UCbRQMQCwRgyIUR61VAlYb9Q,YGMusic,k9AZDfEBp1U,TAEYANG - 버리고(LET GO) INST ver. Preview,2014-09-02T09:37:45Z,31.0,True,2651,99.0,6.0
2982,UCbRQMQCwRgyIUR61VAlYb9Q,YGMusic,r7KAOwephnE,"TAEYANG - 눈,코,입(EYES,NOSE,LIPS) ACCA ver. Preview",2014-09-02T09:37:45Z,11.0,True,10960,332.0,5.0
2982,UCbRQMQCwRgyIUR61VAlYb9Q,YGMusic,wfqDavDRNQc,TAEYANG - INTRO(RISE) ACCA ver. Preview,2014-09-02T09:37:45Z,11.0,True,14995,258.0,6.0
2982,UCbRQMQCwRgyIUR61VAlYb9Q,YGMusic,QMPEnmoWa4E,GD X TAEYANG - GOOD BOY ACCA ver. Preview,2014-11-27T07:01:03Z,10.0,True,34144,517.0,6.0
2982,UCbRQMQCwRgyIUR61VAlYb9Q,YGMusic,g_70ESVjpW4,GD X TAEYANG - GOOD BOY INST ver. Preview,2014-11-27T07:01:03Z,31.0,True,34279,822.0,10.0
2982,UCbRQMQCwRgyIUR61VAlYb9Q,YGMusic,lYAapixIJhg,GD X TAEYANG - GOOD BOY MR ver. Preview,2014-11-27T07:01:03Z,31.0,True,22795,452.0,7.0
2982,UCbRQMQCwRgyIUR61VAlYb9Q,YGMusic,Di4MJ7p8FvI,BIGBANG - LOSER ACCA ver. Preview,2015-05-08T08:00:07Z,11.0,True,68656,1240.0,12.0
2982,UCbRQMQCwRgyIUR61VAlYb9Q,YGMusic,Mrxqx4jSvZE,BIGBANG - BAE BAE INST ver. Preview,2015-05-08T08:00:08Z,31.0,True,19600,580.0,8.0
2982,UCbRQMQCwRgyIUR61VAlYb9Q,YGMusic,IQBodgEpizI,BIGBANG - BAE BAE ACCA ver. Preview,2015-05-08T08:00:09Z,11.0,True,32155,917.0,17.0
2982,UCbRQMQCwRgyIUR61VAlYb9Q,YGMusic,OO2tghYddxc,BIGBANG - BAE BAE MR ver. Preview,2015-05-08T08:00:09Z,31.0,True,18332,481.0,2.0
2982,UCbRQMQCwRgyIUR61VAlYb9Q,YGMusic,ZjTQKz0flCg,BIGBANG - LOSER INST ver. Preview,2015-05-08T08:00:09Z,31.0,True,27698,677.0,8.0
2982,UCbRQMQCwRgyIUR61VAlYb9Q,YGMusic,Aha_tBf7iHc,BIGBANG - LOSER MR ver. Preview,2015-05-08T08:00:10Z,31.0,True,34860,631.0,4.0
2982,UCbRQMQCwRgyIUR61VAlYb9Q,YGMusic,P0N4SHhYGHg,JINUSEAN - 한번 더 말해줘(TELL ME ONE MORE TIME) ACCA ver. Preview,2015-05-29T07:00:01Z,11.0,True,7509,178.0,4.0
2982,UCbRQMQCwRgyIUR61VAlYb9Q,YGMusic,fSNysFCKgFE,JINUSEAN - 한번 더 말해줘(TELL ME ONE MORE TIME) INST ver. Preview,2015-05-29T07:00:02Z,31.0,True,5870,126.0,0.0
2982,UCbRQMQCwRgyIUR61VAlYb9Q,YGMusic,xNIYiEDIHTc,JINUSEAN - 한번 더 말해줘(TELL ME ONE MORE TIME) MR ver. Preview,2015-05-29T07:00:02Z,31.0,True,5824,86.0,1.0
2982,UCbRQMQCwRgyIUR61VAlYb9Q,YGMusic,QUthsZeVjeQ,BIGBANG - BANG BANG BANG ACCA ver. Preview,2015-09-07T06:36:29Z,11.0,True,39774,539.0,14.0
2982,UCbRQMQCwRgyIUR61VAlYb9Q,YGMusic,aOT4-9B7u8M,BIGBANG - WE LIKE 2 PARTY MR ver. Preview,2015-09-07T06:36:29Z,31.0,True,8211,214.0,2.0
2982,UCbRQMQCwRgyIUR61VAlYb9Q,YGMusic,PDKYK4Vs0v8,BIGBANG - BANG BANG BANG MR ver. Preview,2015-09-07T06:36:30Z,31.0,True,19491,343.0,14.0
2982,UCbRQMQCwRgyIUR61VAlYb9Q,YGMusic,WlcHTSMcXC4,BIGBANG - BANG BANG BANG INST ver. Preview,2015-09-07T06:36:30Z,31.0,True,13705,353.0,3.0
2982,UCbRQMQCwRgyIUR61VAlYb9Q,YGMusic,l-CNvjqQu6M,BIGBANG - WE LIKE 2 PARTY INST ver. Preview,2015-09-07T06:36:30Z,31.0,True,7559,229.0,2.0
2982,UCbRQMQCwRgyIUR61VAlYb9Q,YGMusic,ruMyiRI_-Wk,BIGBANG - WE LIKE 2 PARTY ACCA ver. Preview,2015-09-07T06:36:30Z,11.0,True,40651,778.0,127.0
2982,UCbRQMQCwRgyIUR61VAlYb9Q,YGMusic,KIUkz505oc4,BIGBANG - 맨정신(SOBER) INST ver. Preview,2015-09-07T08:00:01Z,31.0,True,6346,224.0,5.0
2982,UCbRQMQCwRgyIUR61VAlYb9Q,YGMusic,yNoDjOJ-Zj4,BIGBANG - IF YOU INST ver. Preview,2015-09-07T08:00:01Z,31.0,True,10347,284.0,4.0
2982,UCbRQMQCwRgyIUR61VAlYb9Q,YGMusic,9VypKLAZIxs,BIGBANG - 맨정신(SOBER) ACCA ver. Preview,2015-09-07T08:00:02Z,11.0,True,13513,417.0,5.0
2982,UCbRQMQCwRgyIUR61VAlYb9Q,YGMusic,F81Onvo1UKQ,BIGBANG - IF YOU ACCA ver. Preview,2015-09-07T08:00:02Z,11.0,True,40141,867.0,14.0
2982,UCbRQMQCwRgyIUR61VAlYb9Q,YGMusic,Yzy3ctypar0,BIGBANG - IF YOU MR ver. Preview,2015-09-07T08:00:02Z,31.0,True,16877,360.0,8.0
2982,UCbRQMQCwRgyIUR61VAlYb9Q,YGMusic,hbmZcQpH62w,BIGBANG - 맨정신(SOBER) MR ver. Preview,2015-09-07T08:00:02Z,31.0,True,7367,207.0,3.0
2982,UCbRQMQCwRgyIUR61VAlYb9Q,YGMusic,5me1zvR55RQ,BIGBANG(GD&T.O.P) - 쩔어(ZUTTER) INST ver. Preview,2015-09-07T09:00:02Z,31.0,True,17151,461.0,8.0
2982,UCbRQMQCwRgyIUR61VAlYb9Q,YGMusic,Il92J0dl6JU,BIGBANG(GD&T.O.P) - 쩔어(ZUTTER) MR ver. Preview,2015-09-07T09:00:02Z,31.0,True,21326,465.0,4.0
2982,UCbRQMQCwRgyIUR61VAlYb9Q,YGMusic,Xgp0k-9qAJM,BIGBANG - 우리 사랑하지 말아요(LET'S NOT FALL IN LOVE) INST ver. Preview,2015-09-07T09:00:02Z,31.0,True,10859,335.0,3.0
2982,UCbRQMQCwRgyIUR61VAlYb9Q,YGMusic,oGL3vwP-Jw8,BIGBANG - 우리 사랑하지 말아요(LET'S NOT FALL IN LOVE) MR ver. Preview,2015-09-07T09:00:02Z,31.0,True,11688,349.0,8.0
2982,UCbRQMQCwRgyIUR61VAlYb9Q,YGMusic,cJxWHyh6318,BIGBANG - 우리 사랑하지 말아요(LET'S NOT FALL IN LOVE) ACCA ver. Preview,2015-09-07T09:00:03Z,11.0,True,26536,743.0,19.0
2982,UCbRQMQCwRgyIUR61VAlYb9Q,YGMusic,odu83Ctz3Kk,BIGBANG(GD&T.O.P) - 쩔어(ZUTTER) ACCA ver. Preview,2015-09-07T09:00:03Z,11.0,True,52135,908.0,21.0
2983,UCKUUL3fMVvYVZdGkKhhjP0A,주톨: 주전자 스토리,DUcL7O7swtA,라이벌 점프 패드 얻는법 [로블록스 라이벌],2026-03-18T08:00:12Z,34.0,True,663989,5992.0,225.0
2983,UCKUUL3fMVvYVZdGkKhhjP0A,주톨: 주전자 스토리,mF6mcqGw2N4,99일 요정에게 복수할 거야 [주전자 스토리],2026-03-19T08:00:49Z,22.0,True,233227,3831.0,169.0
2983,UCKUUL3fMVvYVZdGkKhhjP0A,주톨: 주전자 스토리,5qzts8RP18I,초간단 라이벌 점프 패드 사용법 [로블록스 라이벌],2026-03-20T08:00:04Z,11.0,True,93269,958.0,100.0
2983,UCKUUL3fMVvYVZdGkKhhjP0A,주톨: 주전자 스토리,EI5XTOLOUzo,99일 정글에서 생존하기 [로블록스 99 나이트 인 더 포레스트],2026-03-20T23:00:30Z,481.0,False,102051,970.0,333.0
2983,UCKUUL3fMVvYVZdGkKhhjP0A,주톨: 주전자 스토리,LHwQ7o3vx-Q,99일 크래프트 업데이트 깃발도 생기고 리사이클러도 다시 생겼는데 이건 왜 [로블록스 99 나이트 인 더 포레스트],2026-03-21T23:52:45Z,11.0,True,438397,2877.0,172.0
2983,UCKUUL3fMVvYVZdGkKhhjP0A,주톨: 주전자 스토리,hELdGG9EvsQ,라이벌 핵 잡는법 [로블록스 라이벌],2026-03-23T08:00:41Z,12.0,True,204259,1910.0,102.0
2983,UCKUUL3fMVvYVZdGkKhhjP0A,주톨: 주전자 스토리,miNFI4L0Y-I,라이벌 플레티넘 승급의 조건: 핵을 잡아라!! [로블록스 라이벌],2026-03-25T09:38:07Z,889.0,False,57534,604.0,274.0
2983,UCKUUL3fMVvYVZdGkKhhjP0A,주톨: 주전자 스토리,bSSOEodADY4,99일 화산 곰덫으로 마지막 아이 구하기 [주전자 스토리],2026-03-26T08:03:05Z,61.0,False,451492,6549.0,179.0
2983,UCKUUL3fMVvYVZdGkKhhjP0A,주톨: 주전자 스토리,IhqkXOsXbNE,99일 어른이 된 아이ㄷㄷ [주전자 스토리],2026-03-27T08:00:00Z,27.0,True,165616,3880.0,218.0
2983,UCKUUL3fMVvYVZdGkKhhjP0A,주톨: 주전자 스토리,5STwwbEI8vU,99일 깃발로 글씨 쓰기(였던 것) [로블록스 99 나이트 인 더 포레스트],2026-03-28T07:58:53Z,502.0,False,79062,782.0,322.0
2983,UCKUUL3fMVvYVZdGkKhhjP0A,주톨: 주전자 스토리,OJBgTlUwbBY,99일 부활절 업데이트 대박! [로블록스 99 나이트 인 더 포레스트],2026-03-28T23:13:28Z,11.0,True,322794,3056.0,164.0
2983,UCKUUL3fMVvYVZdGkKhhjP0A,주톨: 주전자 스토리,1qa6V0BAWE8,99일 부활절 알 모두 얻는법 [로블록스 99 나이트 인 더 포레스트],2026-03-30T08:01:04Z,35.0,True,707350,8306.0,224.0
2983,UCKUUL3fMVvYVZdGkKhhjP0A,주톨: 주전자 스토리,r-uF7ABxDwo,99일 모든 알 보상과 낚시알 얻는법 [주전자 스토리],2026-03-31T09:19:13Z,61.0,False,225480,4502.0,116.0
2983,UCKUUL3fMVvYVZdGkKhhjP0A,주톨: 주전자 스토리,xMab5A-4ado,99일 싸움꾼의 알 수집 강의 [로블록스 99 나이트 인 더 포레스트],2026-04-01T08:30:25Z,540.0,False,101906,932.0,236.0
2983,UCKUUL3fMVvYVZdGkKhhjP0A,주톨: 주전자 스토리,6tfr0Ktu8RI,99일 에그헌터 아직도 안 삼? [로블록스 99 나이트 인 더 포레스트],2026-04-02T08:00:00Z,24.0,True,148277,2417.0,65.0
2983,UCKUUL3fMVvYVZdGkKhhjP0A,주톨: 주전자 스토리,xo7_0CGXfJ8,99일 알 창고 만들기 [로블록스 99 나이트 인 더 포레스트],2026-04-03T08:00:56Z,11.0,True,143143,1757.0,92.0
2983,UCKUUL3fMVvYVZdGkKhhjP0A,주톨: 주전자 스토리,VJRy_9Egp0I,99일 알 창고 만들기 [로블록스 99 나이트 인 더 포레스트],2026-04-04T08:09:50Z,481.0,False,74172,734.0,263.0
2983,UCKUUL3fMVvYVZdGkKhhjP0A,주톨: 주전자 스토리,1KqWICOYmOs,99일 미쳐버린 부활절 토끼 [로블록스 99 나이트 인 더 포레스트],2026-04-04T22:59:28Z,22.0,True,464442,5355.0,126.0
2983,UCKUUL3fMVvYVZdGkKhhjP0A,주톨: 주전자 스토리,xX2gYivFT9Y,99일 버니는 당근 킬러 [로블록스 99 나이트 인 더 포레스트],2026-04-06T08:00:54Z,29.0,True,127685,2498.0,115.0
2983,UCKUUL3fMVvYVZdGkKhhjP0A,주톨: 주전자 스토리,_1N26CIjUmo,아빠의 비상금 [주전자 스토리],2026-04-07T08:00:45Z,61.0,False,1860295,26984.0,324.0
2983,UCKUUL3fMVvYVZdGkKhhjP0A,주톨: 주전자 스토리,xNLrADiK9WU,아싸 우리팀 핵이다ㅋㅋ [로블록스 라이벌],2026-04-08T08:00:29Z,21.0,True,98684,1115.0,96.0
2983,UCKUUL3fMVvYVZdGkKhhjP0A,주톨: 주전자 스토리,bOsmKMfQjZ0,당근은 몸에 좋은데 아빠는 왜..? [로블록스 99일 나이트 인 더 포레스트],2026-04-09T08:00:28Z,12.0,True,367086,3433.0,156.0
2983,UCKUUL3fMVvYVZdGkKhhjP0A,주톨: 주전자 스토리,_KaHF_JDqBE,아빠 산책시키기 [로블록스 99 나이트 인 더 포레스트],2026-04-10T08:25:23Z,483.0,False,161521,1482.0,359.0
2983,UCKUUL3fMVvYVZdGkKhhjP0A,주톨: 주전자 스토리,RlES-rdT7zs,사라진 아빠 [주전자 스토리],2026-04-12T04:39:40Z,61.0,False,259738,3928.0,401.0
2983,UCKUUL3fMVvYVZdGkKhhjP0A,주톨: 주전자 스토리,HELhg3fsYfA,사스미를 만나면 종료합니다 [로블록스 99일 나이트 인 더 포레스트],2026-04-13T08:00:21Z,11.0,True,94146,1190.0,175.0
2983,UCKUUL3fMVvYVZdGkKhhjP0A,주톨: 주전자 스토리,RfCo65u4qEw,잘생긴 건 피곤해 [주전자 스토리],2026-04-14T08:00:35Z,26.0,True,194360,4516.0,335.0
2983,UCKUUL3fMVvYVZdGkKhhjP0A,주톨: 주전자 스토리,wcfcHS6l_AE,눈 마주치면 끝 [로블록스 99 나이트 인 더 포레스트],2026-04-16T08:00:56Z,519.0,False,54653,710.0,329.0
2983,UCKUUL3fMVvYVZdGkKhhjP0A,주톨: 주전자 스토리,Z2jtBCDp1EU,99일에 등장한 사이ㅍ 아니 새로운 NPC [로블록스 99일 나이트 인 더 포레스트],2026-04-19T00:40:19Z,19.0,True,122588,1432.0,129.0
2983,UCKUUL3fMVvYVZdGkKhhjP0A,주톨: 주전자 스토리,U0RmLB9a5-g,어 이거 왜 재밌지? [로블록스 99일 좀비 아포칼립스에서 살아남기],2026-04-19T07:31:26Z,1003.0,False,33619,447.0,245.0
2983,UCKUUL3fMVvYVZdGkKhhjP0A,주톨: 주전자 스토리,_gGf7Jkv3oo,99일 불 저장하는법 [로블록스 99일 나이트 인 더 포레스트],2026-04-20T08:00:38Z,25.0,True,71764,1093.0,80.0
2983,UCKUUL3fMVvYVZdGkKhhjP0A,주톨: 주전자 스토리,ygMZpANJlh0,99일 키위새 잡는법 [로블록스 99일 나이트 인 더 포레스트],2026-04-21T08:00:13Z,12.0,True,101067,1289.0,120.0
2983,UCKUUL3fMVvYVZdGkKhhjP0A,주톨: 주전자 스토리,uwk3iT34O6Y,99일 이글이글 화염방사기 [로블록스 99일 나이트 인 더 포레스트],2026-04-22T09:52:49Z,636.0,False,66235,696.0,306.0
2983,UCKUUL3fMVvYVZdGkKhhjP0A,주톨: 주전자 스토리,vMeynjn7ppU,99일 화염광 제대로 즐기는법 [로블록스 99일 나이트 인 더 포레스트],2026-04-23T08:00:51Z,19.0,True,28981,585.0,119.0
2983,UCKUUL3fMVvYVZdGkKhhjP0A,주톨: 주전자 스토리,oY5o4J7Z_E4,라이벌 경쟁전 랭겜은 얼광쇼티지 [로블록스 라이벌],2026-04-24T09:42:44Z,635.0,False,22162,303.0,163.0
2983,UCKUUL3fMVvYVZdGkKhhjP0A,주톨: 주전자 스토리,VXu_8KD2f7o,라이벌 창 업데이트 무료 키 얻는법 [로블록스 라이벌],2026-04-25T02:36:47Z,19.0,True,329931,2083.0,147.0
2983,UCKUUL3fMVvYVZdGkKhhjP0A,주톨: 주전자 스토리,PiLPRgpXYZ0,라이벌 시즌3 활 버프ㄷㄷ [로블록스 라이벌],2026-04-25T23:21:44Z,13.0,True,109527,737.0,84.0
2983,UCKUUL3fMVvYVZdGkKhhjP0A,주톨: 주전자 스토리,F_bqKuH9LuI,1인칭 모드 99일을 더 스릴있게 [주전자 스토리],2026-04-27T08:00:14Z,60.0,True,32458,745.0,110.0
2983,UCKUUL3fMVvYVZdGkKhhjP0A,주톨: 주전자 스토리,auSCf2SeAXI,라이벌 칼찌 하는법과 그래플러 콤보 [로블록스 라이벌],2026-04-28T08:00:02Z,13.0,True,71865,754.0,84.0
2983,UCKUUL3fMVvYVZdGkKhhjP0A,주톨: 주전자 스토리,vsyPB_B7heo,99일 1인칭 신뢰의 권총 [로블록스 99일 나이트 인 더 포레스트],2026-04-29T08:52:23Z,482.0,False,25043,348.0,149.0
2983,UCKUUL3fMVvYVZdGkKhhjP0A,주톨: 주전자 스토리,U33T34l2ltA,자 이제 누가 원숭이지? [로블록스 선원 조각],2026-05-01T07:43:29Z,499.0,False,9677,139.0,70.0
2983,UCKUUL3fMVvYVZdGkKhhjP0A,주톨: 주전자 스토리,m2SI0nsHf-g,99일 업데이트 파티 200마리의 미물들 [로블록스 99일 나이트 인 더 포레스트],2026-05-03T08:16:03Z,486.0,False,49894,552.0,195.0
2983,UCKUUL3fMVvYVZdGkKhhjP0A,주톨: 주전자 스토리,-Xi2T0sF3w8,44444일에 아이를 구했더니 [주전자 스토리],2026-05-07T08:00:00Z,11.0,True,52759,658.0,77.0
2983,UCKUUL3fMVvYVZdGkKhhjP0A,주톨: 주전자 스토리,PI_hcUMNXkE,99일 사이보그 셰프 [로블록스 99일 나이트 인 더 포레스트],2026-05-08T23:00:29Z,532.0,False,26433,506.0,255.0
2983,UCKUUL3fMVvYVZdGkKhhjP0A,주톨: 주전자 스토리,6otyiE1H_J4,99일 업데이트 파티?ㄴㄴ좀비파티 [로블록스 99일 나이트 인 더 포레스트],2026-05-10T00:36:38Z,11.0,True,48027,635.0,66.0
2983,UCKUUL3fMVvYVZdGkKhhjP0A,주톨: 주전자 스토리,SIWKUzsc-oI,99일 셰프였던 것 [로블록스 99일 나이트 인 더 포레스트],2026-05-12T08:52:14Z,503.0,False,21789,314.0,132.0
2983,UCKUUL3fMVvYVZdGkKhhjP0A,주톨: 주전자 스토리,zIzfPNvoy3c,99일 폭식가의 다이어트 [로블록스 스피드 키보드 탈출],2026-05-13T09:44:30Z,494.0,False,30215,435.0,83.0
2983,UCKUUL3fMVvYVZdGkKhhjP0A,주톨: 주전자 스토리,up4Y11sIGqw,99일 브롤러의 감옥 탈출 [로블록스 땅파서 탈출하기],2026-05-14T08:36:13Z,573.0,False,21153,298.0,62.0
2983,UCKUUL3fMVvYVZdGkKhhjP0A,주톨: 주전자 스토리,mB-WadAL1aU,99일 브롤러는 땅파기 장인 [로블록스 땅파서 탈출하기],2026-05-14T08:57:36Z,11.0,True,24531,338.0,35.0
2983,UCKUUL3fMVvYVZdGkKhhjP0A,주톨: 주전자 스토리,56uwLmlvRcc,99일 건슬링어의 사격솜씨 [로블록스 라이벌],2026-05-15T10:49:18Z,515.0,False,9060,165.0,66.0
2983,UCKUUL3fMVvYVZdGkKhhjP0A,주톨: 주전자 스토리,jcxWW7fOlWs,99일 건슬링어의 아케이드 연속 킬 [로블록스 라이벌],2026-05-15T11:02:54Z,11.0,True,34148,282.0,23.0
2984,UCFZT5UyefO5t73QJUf7L5Cg,후니세탁소HUNILAUNDRY,ZTMOHmN89Y8,신규가입 16000원 할인해 주는 배달앱 땡겨요 #shorts,2025-11-14T13:07:16Z,95.0,False,54222,,4.0
2984,UCFZT5UyefO5t73QJUf7L5Cg,후니세탁소HUNILAUNDRY,ENaNVnXnTBA,엽떡먹방 할땐 ~땡겨요 주문하고 할인 혜택 받아요  #shorts,2025-11-16T12:19:52Z,155.0,False,22707,,1.0
2984,UCFZT5UyefO5t73QJUf7L5Cg,후니세탁소HUNILAUNDRY,gZbaRA05GfM,블프에 이거 안 사면 손해! 올버즈 올러너 발편한신발 솔직 후기 #shorts,2025-11-18T10:48:30Z,49.0,True,2296,,0.0
2984,UCFZT5UyefO5t73QJUf7L5Cg,후니세탁소HUNILAUNDRY,ORS1YrXtLSw,화장실필수템 똥 냄새 그냥 끝남;; 무조건 사야하는 웁시풉시 토일렛퍼퓸 #shorts,2025-11-23T08:46:14Z,45.0,True,2170,,1.0
2984,UCFZT5UyefO5t73QJUf7L5Cg,후니세탁소HUNILAUNDRY,WKGLSNTk15U,라부부 가방 언박싱! 이니셜 라부부 키링도 함께 구매 함 #shorts,2025-11-29T12:51:02Z,58.0,True,488,,2.0
2984,UCFZT5UyefO5t73QJUf7L5Cg,후니세탁소HUNILAUNDRY,mi8auB4_owQ,스타벅스에서 베어리스타 파우치 공짜로 받았습니다 #shorts,2025-12-01T13:38:03Z,33.0,True,1734,,2.0
2984,UCFZT5UyefO5t73QJUf7L5Cg,후니세탁소HUNILAUNDRY,Avg3V5j2vhY,집 냄새 스트레스 이걸로 해결 함! 에이센트 데오드릭스 고체탈취제 #shorts,2025-12-03T13:02:47Z,57.0,True,1939,,2.0
2984,UCFZT5UyefO5t73QJUf7L5Cg,후니세탁소HUNILAUNDRY,dSgYL6UR_fU,조카 크리스마스 선물 추천! 퍼피구조대 아쿠아 시리즈 #shorts,2025-12-04T12:29:06Z,46.0,True,177,,2.0
2984,UCFZT5UyefO5t73QJUf7L5Cg,후니세탁소HUNILAUNDRY,XBEtsDM3G_w,탈모샴푸 사용 후  두피팩으로 관리한 블랑슈터리얼후기 #shorts,2025-12-05T11:51:18Z,83.0,False,547,,2.0
2984,UCFZT5UyefO5t73QJUf7L5Cg,후니세탁소HUNILAUNDRY,2CsVAfls2MQ,연말선물 추천! 괄사마사지 DDP 글로우 리추얼세트 #shorts,2025-12-11T12:51:22Z,46.0,True,423,,4.0
2984,UCFZT5UyefO5t73QJUf7L5Cg,후니세탁소HUNILAUNDRY,8o0sN_d2BQs,그린치 오너먼트 갖고 싶으면 맥도날드 12월 해피밀 만나요~ #shorts,2025-12-16T05:36:04Z,37.0,True,695,,2.0
2984,UCFZT5UyefO5t73QJUf7L5Cg,후니세탁소HUNILAUNDRY,KgpOlq5RDZo,"맥도날드 해피밀 2차 라인업! 그린치 크리스마스몰 , 그린치 양말  #shorts",2025-12-18T05:42:54Z,22.0,True,2775,,0.0
2984,UCFZT5UyefO5t73QJUf7L5Cg,후니세탁소HUNILAUNDRY,2EjECI2xHx8,12월 던킨 한정 굿즈 X 심슨 콜라보 파우치 2개 언박싱 #shorts,2025-12-19T14:49:58Z,46.0,True,10427,61.0,0.0
2984,UCFZT5UyefO5t73QJUf7L5Cg,후니세탁소HUNILAUNDRY,IdjF9W4tX_8,2025 대한민국 지식재산대전 현장|대통령상 받은 발명품 직접 봤습니다 #shorts,2025-12-23T10:14:52Z,64.0,False,7392,369.0,1.0
2984,UCFZT5UyefO5t73QJUf7L5Cg,후니세탁소HUNILAUNDRY,0LF9Cifg-8I,[속보] 성심당 말차시루 실시간 웨이팅 현황… 이게 맞아? #크리스마스케이크 #shorts,2025-12-23T10:50:57Z,50.0,True,7413,,0.0
2984,UCFZT5UyefO5t73QJUf7L5Cg,후니세탁소HUNILAUNDRY,E6XnCmKJPqI,로봇이 일하는 시대｜아이스크림 로봇 ARIS &  서빙 로봇 MARS 현장 체험 #shorts,2025-12-23T15:27:27Z,55.0,True,6895,371.0,0.0
2984,UCFZT5UyefO5t73QJUf7L5Cg,후니세탁소HUNILAUNDRY,PBiJwf-QqUk,2025 대한민국 지식재산대전: 생활을 바꾸는 특허들 아이디어가 현실이 되는 곳 #shorts,2025-12-24T04:56:59Z,156.0,False,8036,406.0,1.0
2984,UCFZT5UyefO5t73QJUf7L5Cg,후니세탁소HUNILAUNDRY,AZZqViBWx9Q,카카오선물하기 추천템! 미니덕트 x 펩시 충전기 언박싱 리뷰 #shorts,2025-12-29T12:09:09Z,39.0,True,1744,,0.0
2984,UCFZT5UyefO5t73QJUf7L5Cg,후니세탁소HUNILAUNDRY,D1VY44u2Jsg,크리에이터 다 모였다! 2025 서울콘 리에이티브포스 어워즈 DDP 다녀왔습니다… #shorts,2026-01-02T14:45:37Z,67.0,False,1906,,4.0
2984,UCFZT5UyefO5t73QJUf7L5Cg,후니세탁소HUNILAUNDRY,9DZlTnlQLHI,케어베어 여행 파우치 받는법! + 취향저격 이야~  #shorts,2026-01-03T14:01:42Z,31.0,True,403,,0.0
2984,UCFZT5UyefO5t73QJUf7L5Cg,후니세탁소HUNILAUNDRY,H-lfCYB4LUc,타미힐피거 백팩 초등학교 입학 책가방 추천 내돈내산 리뷰  #shorts,2026-01-09T09:21:50Z,178.0,False,1508,,0.0
2984,UCFZT5UyefO5t73QJUf7L5Cg,후니세탁소HUNILAUNDRY,aEHDGc2S6TU,성심당 가면 사야할 빵 종류 알려줌 #shorts,2026-01-14T12:33:41Z,128.0,False,640,,0.0
2984,UCFZT5UyefO5t73QJUf7L5Cg,후니세탁소HUNILAUNDRY,fIShpG5j2-E,두바이 쫀득 쿠키 처음 먹어 봄 ㅋ #두쫀쿠   #shorts,2026-01-20T08:32:05Z,57.0,True,1894,,4.0
2984,UCFZT5UyefO5t73QJUf7L5Cg,후니세탁소HUNILAUNDRY,3K-kyWd_fGo,"용리단길 브이로그 (노보텔 스위트 앰배서더 용산 호캉스, 생일파티,아이와 함께 다녀오기 좋은 코스 4군데 추천)",2026-01-31T12:49:05Z,1201.0,False,3676,,6.0
2984,UCFZT5UyefO5t73QJUf7L5Cg,후니세탁소HUNILAUNDRY,W3fL0eWFgJ8,방학 때 아이랑 여기 가면 무조건 성공하는 용산 브이로그 #shorts,2026-01-31T13:24:06Z,21.0,True,145,,0.0
2984,UCFZT5UyefO5t73QJUf7L5Cg,후니세탁소HUNILAUNDRY,twN39Lvhv3o,아이와 함께 가본 용산 전쟁기념관 vs 어린이박물관 비교 #shorts,2026-01-31T13:34:51Z,72.0,False,234,,
2984,UCFZT5UyefO5t73QJUf7L5Cg,후니세탁소HUNILAUNDRY,2pMMd1iNXa4,용리단길 맛집! 카페추천 브레니파이칸틴 #shorts,2026-01-31T15:02:04Z,74.0,False,1248,,0.0
2984,UCFZT5UyefO5t73QJUf7L5Cg,후니세탁소HUNILAUNDRY,Aie35n99A-4,노보텔 스위트 앰배서더 용산 호캉스 & 호텔 룸투어 #shorts,2026-02-01T09:05:42Z,181.0,False,1077,,0.0
2984,UCFZT5UyefO5t73QJUf7L5Cg,후니세탁소HUNILAUNDRY,wF1iWg4QEb0,2월 맥도날드 해피밀 궁금하면 들어와~! 플레이모빌이 미쳤다 #shorts,2026-02-07T12:17:20Z,51.0,True,1366,,0.0
2984,UCFZT5UyefO5t73QJUf7L5Cg,후니세탁소HUNILAUNDRY,byeB_KKdU1o,팝마트 텔레토비 2개 깠는데… 이럴 수가(뽀 어디 갔어…?) #shorts,2026-02-14T12:45:25Z,43.0,True,1271,4.0,1.0
2984,UCFZT5UyefO5t73QJUf7L5Cg,후니세탁소HUNILAUNDRY,83Xu2xJgU04,"(1탄) 사이판 가족여행(3박4일 켄싱턴 사이판 호캉스,마나가하 섬 투어)",2026-02-22T05:43:25Z,2096.0,False,4075,,13.0
2984,UCFZT5UyefO5t73QJUf7L5Cg,후니세탁소HUNILAUNDRY,L0FwsFRCdxk,사이판 여행 갈땐 켄싱턴호텔 룸투어 필수 시청하기....#shorts,2026-02-22T13:47:11Z,171.0,False,391,,0.0
2984,UCFZT5UyefO5t73QJUf7L5Cg,후니세탁소HUNILAUNDRY,R-QqvVgw2hU,"인바디 충격 결과… 3월 4일, 세계비만의 날 | 비만은 질병입니다",2026-02-23T12:30:44Z,264.0,False,13627,,5.0
2984,UCFZT5UyefO5t73QJUf7L5Cg,후니세탁소HUNILAUNDRY,fhWt8zBSSY4,해외여행 파우치털기 화장품 딱!4개만 챙겨갔어요 #shorts,2026-02-24T08:52:15Z,81.0,False,439,,1.0
2984,UCFZT5UyefO5t73QJUf7L5Cg,후니세탁소HUNILAUNDRY,cUGnws_m8Tk,사이판여행 브이로그 마나가하섬 투어 #shorts,2026-02-26T14:53:41Z,39.0,True,109,,0.0
2984,UCFZT5UyefO5t73QJUf7L5Cg,후니세탁소HUNILAUNDRY,RTu9M16Oseg,사이판 켄싱턴 호텔 이그제큐티브 라운지에 가보았다.... #사이판 #shorts,2026-02-28T16:20:23Z,91.0,False,305,,0.0
2984,UCFZT5UyefO5t73QJUf7L5Cg,후니세탁소HUNILAUNDRY,mCR0KZm2L_k,초등학교 입학 2일차에 생긴 일....실내화 주머니 절대지켜! #shorts,2026-03-06T12:24:35Z,51.0,True,1512,10.0,
2984,UCFZT5UyefO5t73QJUf7L5Cg,후니세탁소HUNILAUNDRY,MpbVw0h21g0,화이트데이 참교육 ㅠㅠ 아빠가 서운한 이유는 댓글로 ㄱㄱ #shorts,2026-03-13T08:26:44Z,22.0,True,2767,13.0,2.0
2984,UCFZT5UyefO5t73QJUf7L5Cg,후니세탁소HUNILAUNDRY,Bsvt3hhvh4g,아이와 함께 놀이터에서 경찰과 도둑 게임 하기!  #shorts,2026-03-16T12:46:36Z,41.0,True,195,2.0,
2984,UCFZT5UyefO5t73QJUf7L5Cg,후니세탁소HUNILAUNDRY,peBmbJM5SRM,이건 진짜야~ 신상 맥도날드 해피밀 짱구 언박싱#shorts,2026-03-19T13:00:54Z,37.0,True,536,,1.0
2984,UCFZT5UyefO5t73QJUf7L5Cg,후니세탁소HUNILAUNDRY,tVi8uTugjfU,남자패션 봄 코디 데일리룩 OOTD #shorts,2026-04-06T09:22:49Z,47.0,True,255,,0.0
2984,UCFZT5UyefO5t73QJUf7L5Cg,후니세탁소HUNILAUNDRY,et1sTNBQrrM,"올리브영 추천템! 몬치치 파우치 , 조선미녀 선크림 춘식이키링 ,삐까뚱씨 굿즈 파우치&뱃지 #shorts",2026-04-12T13:33:02Z,49.0,True,992,,0.0
2984,UCFZT5UyefO5t73QJUf7L5Cg,후니세탁소HUNILAUNDRY,h4D4_MFau6c,"해외 채널 키우기, 아도바로 adobaRo로 시작한 왕홍 도전기 #shorts",2026-04-15T10:06:05Z,101.0,False,1639,,2.0
2984,UCFZT5UyefO5t73QJUf7L5Cg,후니세탁소HUNILAUNDRY,GX4quSyGoV4,맥도날드 해피밀 슈퍼마리오 키링으로 가방꾸미기...DIY Bag Charm with Happy Meal Toys #shorts,2026-04-17T12:33:22Z,51.0,True,741,,0.0
2984,UCFZT5UyefO5t73QJUf7L5Cg,후니세탁소HUNILAUNDRY,HwhKButMlEc,여름필수템! 토앤토 쪼리 리뷰! 이자반 추천 무신사 쇼핑하울 #shorts,2026-04-22T05:40:22Z,62.0,False,330,6.0,4.0
2984,UCFZT5UyefO5t73QJUf7L5Cg,후니세탁소HUNILAUNDRY,fHNngkKu6kQ,테무 쇼핑하울 남자 봄 패션코디 #테무깡 #shorts,2026-04-22T15:00:54Z,44.0,True,591,,4.0
2984,UCFZT5UyefO5t73QJUf7L5Cg,후니세탁소HUNILAUNDRY,WD19bL-vTlY,어린이날 선물 뜯었는데… 이게 나왔다고? (초1 리얼 반응) #shorts,2026-05-01T08:36:50Z,57.0,True,153,,4.0
2984,UCFZT5UyefO5t73QJUf7L5Cg,후니세탁소HUNILAUNDRY,FT7We_3w7nE,다이어트 느낌! 서브웨이 오이샌드위치 먹방 후기.... 카도 키링 700원 구매 함 #shorts,2026-05-10T14:26:51Z,45.0,True,1633,,1.0
2984,UCFZT5UyefO5t73QJUf7L5Cg,후니세탁소HUNILAUNDRY,8JGDPAR_jeQ,김선태 감성으로 먹어본 메가커피 말차 팥빙 파르페ㅋㅋ #shorts,2026-05-11T13:32:48Z,29.0,True,1609,,0.0
2984,UCFZT5UyefO5t73QJUf7L5Cg,후니세탁소HUNILAUNDRY,67cFMoNUIw8,"배라 싱글레귤러 3,900원짜리 900원에 먹는 법🍨 #shorts",2026-05-13T14:37:30Z,12.0,True,3467,,0.0
2985,UCax32GiDgtKq8MX2E71pAbQ,케이수환,vX28CmT24w0,가을캠핑 준비시즌 캠핑페어! 신상 에어텐트 쏟아져 나왔네! 고카프 캠핑박람회 상세보기,2025-08-29T09:30:39Z,2493.0,False,46553,325.0,38.0
2985,UCax32GiDgtKq8MX2E71pAbQ,케이수환,3miSCZYRd8Y,탈출! 더위먹고 뻗었는데 파도가 덮치네! 텐트들고 튀어! 캠핑도 낚시도 힘든 요즘..,2025-08-31T11:00:13Z,1315.0,False,3306,155.0,19.0
2985,UCax32GiDgtKq8MX2E71pAbQ,케이수환,8bbyxCE7cnY,어떤 텐트를 선택해야할까? 텐트 종류와 특징! 반드시 고려해야할 사항! 텐트 고르는 법,2025-09-03T11:00:16Z,1001.0,False,2675,91.0,21.0
2985,UCax32GiDgtKq8MX2E71pAbQ,케이수환,gNRTBMFPVBI,타프세팅 폭우 우중캠핑! 그런데 강풍까지!! 어쩌지?,2025-09-04T11:01:09Z,1612.0,False,8962,282.0,23.0
2985,UCax32GiDgtKq8MX2E71pAbQ,케이수환,CoIQjLUu8FY,"다양한 유형의 캠핑장 장단점 리뷰! 자연휴양림, 노지캠핑지, 지자체캠핑장, 일반캠핑장, 백패킹박지",2025-09-08T11:15:03Z,574.0,False,1956,88.0,14.0
2985,UCax32GiDgtKq8MX2E71pAbQ,케이수환,xK37nV3FJpo,히든포인트 캠핑 낚시! 우럭낚시 황금시즌은 바로 이때입니다!,2025-09-11T11:01:48Z,1202.0,False,3816,124.0,21.0
2985,UCax32GiDgtKq8MX2E71pAbQ,케이수환,f0MypHNAllk,ㄷㄷㄷ 추웠던 에어컨 우중캠핑!,2025-09-14T11:01:10Z,1101.0,False,6774,227.0,17.0
2985,UCax32GiDgtKq8MX2E71pAbQ,케이수환,jAlIAh7mIco,물고기가 바글바글 과연 좋은걸까? 끝내주는 갯바위 캠핑 낚시 포인트,2025-09-16T11:01:17Z,1070.0,False,3573,145.0,28.0
2985,UCax32GiDgtKq8MX2E71pAbQ,케이수환,jYGQxW0K4n4,결국 이럴수밖에 없는 이유! 여러분도 이렇게 될 수 있습니다.,2025-09-21T11:01:14Z,608.0,False,5705,250.0,64.0
2985,UCax32GiDgtKq8MX2E71pAbQ,케이수환,64-ul6GIMu4,꿀렁임 없고 커버 벗겨 세탁가능! 전기장판 그냥 올리는 캠핑 에어매트! 비비가월드 에어팜 에어매트,2025-09-24T11:00:17Z,847.0,False,2989,83.0,18.0
2985,UCax32GiDgtKq8MX2E71pAbQ,케이수환,RZBgqIwXvEQ,고퀄 신상 에어텐트 대거 공개! 고카프 킨텍스 캠핑페어! 쿠디 에어텐트,2025-09-26T07:45:03Z,696.0,False,58027,67.0,6.0
2985,UCax32GiDgtKq8MX2E71pAbQ,케이수환,C70oyFjDF1Y,가을캠핑 대규모 전시! 여기가 에어텐트 천국! 고카프 킨텍스 캠핑페어,2025-09-26T09:45:00Z,2236.0,False,60664,464.0,39.0
2985,UCax32GiDgtKq8MX2E71pAbQ,케이수환,ZtmVTnTDbsg,마누라랑 캠핑 오니까 이리 좋네! 국제캠핑장 명당에서 소꿉놀이,2025-10-01T11:01:05Z,1840.0,False,5583,164.0,21.0
2985,UCax32GiDgtKq8MX2E71pAbQ,케이수환,2HhceQtvipQ,꼭 가보세요! 사이트 간격 넓고 숲속 독립 데크! 무봉산 자연휴양림 캠핑장 리뷰,2025-10-13T11:00:05Z,1362.0,False,4024,124.0,26.0
2985,UCax32GiDgtKq8MX2E71pAbQ,케이수환,AhqpqSaR2aw,"1박에 6,000원! 1인 샤워실, 입퇴실 12시! 잣나무 숲속 캠핑, 축령산 자연휴양림",2025-10-16T11:00:25Z,1401.0,False,7082,201.0,18.0
2985,UCax32GiDgtKq8MX2E71pAbQ,케이수환,kNgbfnt3TmU,ㄷㄷ 벌써 겨울? 첫눈 내린날 화목난로 챙겨서 캠핑 다녀왔습니다,2025-10-22T11:01:28Z,1466.0,False,7937,213.0,25.0
2985,UCax32GiDgtKq8MX2E71pAbQ,케이수환,yyhyh7Itt2s,오랜만에 섬 백패킹 낚시,2025-10-28T11:02:10Z,1501.0,False,1952,83.0,18.0
2985,UCax32GiDgtKq8MX2E71pAbQ,케이수환,B9lBFxm8JEE,가을캠핑 바닥세팅! 전기없는 캠핑장에서 찜질방처럼! 1위텐트 풀세팅,2025-11-04T11:00:20Z,1713.0,False,7866,248.0,35.0
2985,UCax32GiDgtKq8MX2E71pAbQ,케이수환,tpav8CpjrAY,못참고 406km 달려 귀향! 차박명소 창원 귀산 삼귀해안도로,2025-11-12T11:01:53Z,1476.0,False,11145,277.0,40.0
2985,UCax32GiDgtKq8MX2E71pAbQ,케이수환,5cfvad6lt0E,EP1 : 7번국도 차박 캠핑 여행의 시작! 끝없이 펼쳐진 해안도로 여행 코스,2025-11-17T11:00:11Z,1246.0,False,95544,1574.0,144.0
2985,UCax32GiDgtKq8MX2E71pAbQ,케이수환,ZjsxnRrLdKs,EP2 : 낭만적 거리의 삶! 7번국도 차박 캠핑 여행! 해안도로 여행 코스!,2025-11-20T11:01:16Z,1312.0,False,53042,841.0,60.0
2985,UCax32GiDgtKq8MX2E71pAbQ,케이수환,oX9NoH-ragA,EP3 : 7번국도 차박 여행시 꼭 가야하는 곳! 필수코스! 끝없는 해안도로 차박캠핑 여행 코스,2025-11-26T11:01:38Z,1456.0,False,17393,427.0,42.0
2985,UCax32GiDgtKq8MX2E71pAbQ,케이수환,l7d5qcKEiRM,겨울캠핑 준비시즌 캠핑페어! 이제 에어텐트 아니면 안되나? 고카프 킨텍스 캠핑 박람회 상세보기,2025-11-28T08:45:05Z,2796.0,False,32728,279.0,17.0
2985,UCax32GiDgtKq8MX2E71pAbQ,케이수환,RTGDnj6-dMk,EP4 : 7번국도 차박 캠핑여행 총경비! 정말 이정도 든다고? 앤딩편!,2025-12-04T11:00:52Z,954.0,False,12498,382.0,34.0
2985,UCax32GiDgtKq8MX2E71pAbQ,케이수환,_jLa4BzhS0k,인생여행 된 7번국도 차박 캠핑 여행 몰아보기! 포인트 꼼꼼공개,2025-12-08T11:01:16Z,4751.0,False,17866,477.0,34.0
2985,UCax32GiDgtKq8MX2E71pAbQ,케이수환,92NYGv_aDyw,겨울 차박여행의 시작! 휴게소 차박하면 이렇게 됩니다! 주의할 점!,2025-12-17T11:30:06Z,1705.0,False,306986,3966.0,345.0
2985,UCax32GiDgtKq8MX2E71pAbQ,케이수환,IZRIi25ZBnM,EP1 : 시작부터 돌발상황! 전라도 장기간 겨울 차박 캠핑여행의 난감한 시작!,2025-12-22T12:00:40Z,1674.0,False,46031,952.0,95.0
2985,UCax32GiDgtKq8MX2E71pAbQ,케이수환,_T1Ese6-1yY,EP2 : 전라도 겨울캠핑 차박여행! 부안 영광 무안 목포 여행코스,2026-01-05T11:01:08Z,1673.0,False,17968,548.0,84.0
2985,UCax32GiDgtKq8MX2E71pAbQ,케이수환,IQWDLNin_Y0,EP 3 : 차는 이동하는 숙소! 한겨울 전라도 차박여행 현실,2026-01-11T11:00:35Z,1491.0,False,31309,719.0,57.0
2985,UCax32GiDgtKq8MX2E71pAbQ,케이수환,njIaM21pT6w,착한 캠핑용품 시장! 정말 다있는 2026년 다이소 캠핑용품!,2026-01-14T11:01:35Z,1051.0,False,70326,660.0,40.0
2985,UCax32GiDgtKq8MX2E71pAbQ,케이수환,bD5SOBiWf_g,"11지역을 돈 장기간 겨울 차박여행! 시흥 안산 당진 군산 부안 영광 무안 목포 보성 순천 하동, 전라도 여행코스",2026-01-19T12:15:05Z,6395.0,False,7964,265.0,12.0
2985,UCax32GiDgtKq8MX2E71pAbQ,케이수환,RIRdpj8Ypxo,EP1 : 영하 14도에 극동계 차박 캠핑 여행가면 이렇게 됩니다! 홍천군 겨울 차박여행,2026-01-27T11:00:57Z,1773.0,False,14252,372.0,32.0
2985,UCax32GiDgtKq8MX2E71pAbQ,케이수환,Nzs0FtqXT-A,2026년 첫 캠핑페어! 점점 착해지는 가격에 신상 에어텐트와 신상 텐트들 줄줄이 출시! 고카프 캠핑박람회,2026-01-30T09:00:38Z,2542.0,False,36873,335.0,26.0
2985,UCax32GiDgtKq8MX2E71pAbQ,케이수환,J8dY_Ikocis,EP2 : 고생스런 이런여행 왜할까 싶지만! 나에겐 도파민 터지는 시간! 극동계 차박 홍천여행,2026-02-02T11:00:24Z,1625.0,False,6612,232.0,29.0
2985,UCax32GiDgtKq8MX2E71pAbQ,케이수환,Tngc466zf8Q,EP1 : 폭설에 집 나가면 이렇게 됨! 시간이 멈춘섬 교동도 여행! 강화군 차박 여행의 시작!,2026-02-05T11:00:50Z,1686.0,False,16068,402.0,42.0
2985,UCax32GiDgtKq8MX2E71pAbQ,케이수환,39JwIzRxImo,EP2 : 강화여행시 꼭 가야하는 곳! 35만원 차박텐트를 5만원에 사는법! 강화도 노지 차박여행,2026-02-10T11:00:09Z,1647.0,False,20508,435.0,54.0
2985,UCax32GiDgtKq8MX2E71pAbQ,케이수환,1puA4VIBPLY,EP3 : 차박 여행자의 거리의 삶! 추위에 떨다 만난 천국! 강화군 석모도 미네랄 온천,2026-02-12T11:00:10Z,1497.0,False,8565,231.0,39.0
2985,UCax32GiDgtKq8MX2E71pAbQ,케이수환,mIxycOagdGk,EP4 : ㄷㄷ 밤새 한 숨도 못잤던 난방없는 차박여행! 그런데 다시 밤은 찾아오고!,2026-02-19T11:01:26Z,1276.0,False,7419,240.0,50.0
2985,UCax32GiDgtKq8MX2E71pAbQ,케이수환,hXRkr3i17CQ,인천 영종도 무료 차박지 탐방 사사삭!,2026-02-24T11:30:38Z,1307.0,False,21459,488.0,39.0
2985,UCax32GiDgtKq8MX2E71pAbQ,케이수환,svCGfBxZXIg,입이 쩍! 벌어지는 캠핑페어! 신상텐트 줄줄이 나온 2026 캠핑앤피크닉페어 킨텍스 캠핑,2026-03-06T08:45:07Z,2718.0,False,19351,224.0,22.0
2985,UCax32GiDgtKq8MX2E71pAbQ,케이수환,02RwY-EtE7I,해양열차 타고 당일치기 도보여행 코스! 알찬 여행지 7곳이 이어집니다.,2026-03-09T11:00:02Z,1584.0,False,5987,159.0,33.0
2985,UCax32GiDgtKq8MX2E71pAbQ,케이수환,RWzaBhLa5Fg,동해 묵호 여행 당일치기 성공플랜! 이대로만 가면됩니다!,2026-03-16T12:00:50Z,1785.0,False,21229,491.0,38.0
2985,UCax32GiDgtKq8MX2E71pAbQ,케이수환,7VCl146E3XU,묵호여행 Vibes | 코스 압축본 | 기억속에 반복되는 묵호이야기,2026-03-19T10:30:04Z,221.0,False,809,59.0,16.0
2985,UCax32GiDgtKq8MX2E71pAbQ,케이수환,WykCRNnhgnU,"테무 쇼핑은 이렇게! 전자제품, 캠핑용품, 의류, 스마트 워치 다양하게 주문한 결과",2026-03-24T11:01:01Z,692.0,False,1731,46.0,12.0
2985,UCax32GiDgtKq8MX2E71pAbQ,케이수환,Km-giYeWCtE,이럴수가! 이런 휴게소에서 차박하면 이렇게 됨! 꼭 알아야할 주의사항,2026-04-01T11:00:00Z,1471.0,False,107964,1689.0,95.0
2985,UCax32GiDgtKq8MX2E71pAbQ,케이수환,DgYvRHBtQgs,300만명이 다녀간! 감탄사가 절로 나오는 협곡 트레킹 코스 여행 (왕복 7.2km),2026-04-08T11:00:19Z,1613.0,False,9588,272.0,23.0
2985,UCax32GiDgtKq8MX2E71pAbQ,케이수환,0BpXKpGtMsU,3주전 개방한 하늘위로 걷는 도심속 스카이워크! 당일치기 여행지로 딱! 새로운 랜드마크,2026-04-14T11:00:02Z,1362.0,False,54906,763.0,65.0
2985,UCax32GiDgtKq8MX2E71pAbQ,케이수환,Diz2hRpaqbw,"7,700억원으로 만들어진 곳! 걷는사람, 뛰는사람, 자전거 탄 사람, 여행 관광객까지 몰려드는 이유",2026-04-21T11:00:20Z,1327.0,False,117605,1613.0,109.0
2985,UCax32GiDgtKq8MX2E71pAbQ,케이수환,4j0ZOloPO6M,난이도는 하 만족도는 최상! 남녀노소 누구나 쉬운 바다 둘레길 코스,2026-04-28T11:00:11Z,1383.0,False,115552,1466.0,77.0
2985,UCax32GiDgtKq8MX2E71pAbQ,케이수환,PtNdYUM9EyA,숙명같은 인생여행에서 기억을 잃었습니다.,2026-05-14T11:00:36Z,1524.0,False,5782,323.0,55.0
2986,UCE9KdZz39bhV5kSIjDsE9Ow,코리안사파리 KoreanSafari,gd4HqFIiW7c,"고기집에서 18인분을 먹은 외국보디빌더커플이 4인분을 먹었다고 우기자,  당황하는 고깃집사장님!!",2025-08-05T02:00:29Z,1107.0,False,365142,5894.0,384.0
2986,UCE9KdZz39bhV5kSIjDsE9Ow,코리안사파리 KoreanSafari,Vtwxm72GOzk,"한국인단체 관광버스에 탑승한 한국살이 폴란드여성의 슬기로운 여행생활!! !! 외지인들은 잘 모르는, 안동주민들만 은밀하게 즐기는 먹거리!!",2025-08-12T02:00:37Z,1058.0,False,63726,3017.0,272.0
2986,UCE9KdZz39bhV5kSIjDsE9Ow,코리안사파리 KoreanSafari,MnLQ1gdc-7s,"광복절, 천안에서 만나는 독립의 숨결!! 유관순 열사를  향한 유럽인들의 뜨거운 추모!!",2025-08-19T02:00:30Z,1293.0,False,41193,2442.0,279.0
2986,UCE9KdZz39bhV5kSIjDsE9Ow,코리안사파리 KoreanSafari,NSYpmMe57_w,외국인도 물어물어 찾아가는 도심 초근접  여름계곡 끝판왕!! 동네산책하듯 가는 숨은 청정 계곡!!  #계곡여행#계곡핫플,2025-08-25T00:51:22Z,57.0,True,38117,981.0,73.0
2986,UCE9KdZz39bhV5kSIjDsE9Ow,코리안사파리 KoreanSafari,CmqtaoC96Ms,서울역에서 전철타고 30분만에 도착하는 일급수 청정계곡!! 100m폭포에서 떨어진 물이 선녀탕을 만드는 도심의 숨은 피서지 !!,2025-08-26T02:00:17Z,1211.0,False,161630,5049.0,415.0
2986,UCE9KdZz39bhV5kSIjDsE9Ow,코리안사파리 KoreanSafari,-2rlZ1sW9kk,외국인들에게 가장 사랑 받는 한식메뉴 #1위!! 갈비를 뼈속 골수까지 파먹는 유럽여자의  숯불갈비 사랑!!,2025-09-02T02:00:01Z,1024.0,False,52235,2628.0,387.0
2986,UCE9KdZz39bhV5kSIjDsE9Ow,코리안사파리 KoreanSafari,7ht7aMxZbYI,"율곡의 발자취를 따라서...!! 수려한 기암괴석과 맑은 폭포가 곳곳에 숨어 있는 한국 명승지 제1호, 소금강 옛길을 걷는 유럽여자!!",2025-09-09T02:00:07Z,1309.0,False,68640,3616.0,307.0
2986,UCE9KdZz39bhV5kSIjDsE9Ow,코리안사파리 KoreanSafari,HcgwmFAVQYg,하루에 산 2개를 오르는 K등산에 빠진 오스트리아 여성!! 고구려의 유적지를 따라서 걷는 아차산!! 에서 용마산 깔딱고개 까지..!!,2025-09-16T02:00:27Z,1086.0,False,123642,4370.0,382.0
2986,UCE9KdZz39bhV5kSIjDsE9Ow,코리안사파리 KoreanSafari,oQmcOdsZcG4,한국사를 배우면서 오르는 인왕산 정상에서 100인의 외국인들이 말하는 한국문화충격!!,2025-09-23T02:00:47Z,1036.0,False,520556,12291.0,700.0
2986,UCE9KdZz39bhV5kSIjDsE9Ow,코리안사파리 KoreanSafari,WtCrhRyYuV4,동네 주민들만 아는 숨겨진  용인의 명산을 20kg 베낭을 메고 오르는 영국산악인!!  암벽등반가들의 숨겨진 성지!!  용인중앙시장 60년 전통 순대 골목!!,2025-09-30T02:00:35Z,1407.0,False,44893,1365.0,155.0
2986,UCE9KdZz39bhV5kSIjDsE9Ow,코리안사파리 KoreanSafari,y8clGD8PNRE,가볍게 산책하듯 30분만에 오르는 산 정상!! 국립공원산 같은 절경!! #koreanmountain #여행,2025-09-30T11:05:00Z,60.0,True,1744,42.0,7.0
2986,UCE9KdZz39bhV5kSIjDsE9Ow,코리안사파리 KoreanSafari,XWH2hbUIHas,전통과 현대가 공존하는 낭만 넘치는 유럽의 숨은 진주 같은 도시에서 집 나간 여동생을 찾은 폴란드 안나!!,2025-10-07T02:00:35Z,1106.0,False,20080,1463.0,163.0
2986,UCE9KdZz39bhV5kSIjDsE9Ow,코리안사파리 KoreanSafari,T0bzNUCVqRw,한국인 마트의 5배가 저렴한 폴란드의 놀랍고 풍성한 먹거리 장바구니!!,2025-10-14T02:00:36Z,1046.0,False,13293,1020.0,172.0
2986,UCE9KdZz39bhV5kSIjDsE9Ow,코리안사파리 KoreanSafari,7d8kVvyISZw,유럽여자들의 첫 강릉 여행! 외국인들이 반드시 18번 충격 받는 강릉 핫플 18선!!,2025-10-21T02:00:10Z,1566.0,False,91658,3722.0,280.0
2986,UCE9KdZz39bhV5kSIjDsE9Ow,코리안사파리 KoreanSafari,xBrzRbFnRrk,강릉의 해변가 핼스클럽에서 손바닥 껍질이 다 까지고도 기뻐하는 프랑스 여자!!  #travel #강문해변 #강릉여행,2025-10-21T09:17:10Z,81.0,False,13707,274.0,12.0
2986,UCE9KdZz39bhV5kSIjDsE9Ow,코리안사파리 KoreanSafari,WOXMn70l0AM,걷기 좋은 동해안의 힐링길!  걸어서 강릉 끝까지...60km!!,2025-10-24T07:25:43Z,106.0,False,10828,330.0,9.0
2986,UCE9KdZz39bhV5kSIjDsE9Ow,코리안사파리 KoreanSafari,b9nqZDFluvc,한국에서 생전 처음 맛본 장어의 육즙팡팡 쫄깃한 맛에 장어 10마리를 폭풍흡입하는 폴란드 보디빌더커플!!!,2025-10-28T02:00:45Z,1307.0,False,135549,3770.0,282.0
2986,UCE9KdZz39bhV5kSIjDsE9Ow,코리안사파리 KoreanSafari,hHNzZd6Gn_0,이천 쌀밥 한정식을 시켰는데 40가지의 반찬이 나오자 메뉴가 잘못 나왔다고 따지는 오스트리아 여자!!,2025-11-04T02:00:49Z,1202.0,False,49093,1860.0,121.0
2986,UCE9KdZz39bhV5kSIjDsE9Ow,코리안사파리 KoreanSafari,MO1MibqKnhE,K등산을 시도했다가 한국의 산에 질려버린 오스트리아 여자!!,2025-11-11T02:00:19Z,1499.0,False,42516,2116.0,225.0
2986,UCE9KdZz39bhV5kSIjDsE9Ow,코리안사파리 KoreanSafari,YGroOFY_sTc,첫 개통 1주일만에 서울의 단풍명소 1위로 급 부상한 붙타는 도심숲길 2km!! 단풍 구경을 온 인파로 북새통을 이루는 건국 이래 최고의 도심 단풍 핫플!!,2025-11-18T02:00:37Z,906.0,False,184178,5463.0,306.0
2986,UCE9KdZz39bhV5kSIjDsE9Ow,코리안사파리 KoreanSafari,cjwN0v2nXoQ,돼지등뼈 골수까지 빼먹는 유럽여자의 한국 감자탕 사랑!! 한국인도 하지 않는 돼지등뼈 발라먹는 놀라운 기술!!,2025-11-25T02:00:41Z,957.0,False,36960,2222.0,338.0
2986,UCE9KdZz39bhV5kSIjDsE9Ow,코리안사파리 KoreanSafari,sskIOOVK8ok,프랑스 애주가를 매료시킨 500년 전통을 이어오는 술 익는 마을!!,2025-12-02T02:00:58Z,1123.0,False,35408,2052.0,209.0
2986,UCE9KdZz39bhV5kSIjDsE9Ow,코리안사파리 KoreanSafari,ITJskmEtBjs,프랑스에서 온 K-Food 마니아를  충격에 빠트린 녹차에 밥을 말아 먹는 보리굴비 정식 !!,2025-12-09T02:00:29Z,681.0,False,17589,1195.0,154.0
2986,UCE9KdZz39bhV5kSIjDsE9Ow,코리안사파리 KoreanSafari,nlAxTOgHNSA,한국의 천혜의 비경을 찾아 다니는 외국인들의 트레킹코스 1위!! 에메랄드빛 강물을 따라서 걷는 3.5km 한국의 아름다운 잔도길!!,2025-12-16T02:00:48Z,1344.0,False,29115,1745.0,153.0
2986,UCE9KdZz39bhV5kSIjDsE9Ow,코리안사파리 KoreanSafari,jYpQBkCmeGk,"한국의 매운 맛에 진심인 유럽여자가 매일 자취방에서 해 먹는 요리, 물렁뼈와 매운맛의 극한의 조합!!",2025-12-23T02:01:00Z,971.0,False,49991,3032.0,357.0
2986,UCE9KdZz39bhV5kSIjDsE9Ow,코리안사파리 KoreanSafari,cEjb6JOfZos,기모노를 입은 여자들이 거리를 오가는 서울 근교의 수상한 일본식 마을..!!!,2025-12-30T02:00:44Z,1005.0,False,9540,719.0,165.0
2986,UCE9KdZz39bhV5kSIjDsE9Ow,코리안사파리 KoreanSafari,vqdKbA_OH6M,미식여행을 다니는 유럽여자 '우삼겹살낙지볶음'을 처음 먹은 후에 급격한 동공 확장!!,2026-01-06T02:01:11Z,727.0,False,29494,1753.0,149.0
2986,UCE9KdZz39bhV5kSIjDsE9Ow,코리안사파리 KoreanSafari,6Q1xQnPRMqs,해 질때는 절대 가면 안되는 바닷길을 건너려다가 바닷물에 봉변을 당하는 프랑스여자!! #Koreanocean #trekking,2026-01-13T02:00:06Z,65.0,False,4556,220.0,33.0
2986,UCE9KdZz39bhV5kSIjDsE9Ow,코리안사파리 KoreanSafari,o2AToRjr8Ow,물 들어오는 줄도 모르고 해안 암릉길을 걷다가 만조에 고립된 프랑스여자의 최후!,2026-01-20T02:01:02Z,1767.0,False,20894,1743.0,174.0
2986,UCE9KdZz39bhV5kSIjDsE9Ow,코리안사파리 KoreanSafari,wuu4caR7xWA,로망을 안고 한국을 찾아 온 외국인 MZ들의 한국문화의 환상이 깨어지는 순간!!,2026-01-27T02:00:51Z,1395.0,False,30044,1914.0,139.0
2986,UCE9KdZz39bhV5kSIjDsE9Ow,코리안사파리 KoreanSafari,CTIYnvt__WU,한국스키장 최상급자 슬로프로 잘못 올라간 외국인스키 초보자의 처참한 최후!!,2026-02-03T02:00:19Z,1174.0,False,36404,1536.0,153.0
2986,UCE9KdZz39bhV5kSIjDsE9Ow,코리안사파리 KoreanSafari,unsQApis3vQ,한국의 겨울산에서  야영하는  유럽여자!! https://youtu.be/0rP1a4P_BFw,2026-02-09T03:13:38Z,43.0,True,148038,2245.0,123.0
2986,UCE9KdZz39bhV5kSIjDsE9Ow,코리안사파리 KoreanSafari,_mEyzX9JGl8,"내장파괴 5단 패티, 삼겹살, 한우가 들어간 한국식 햄버거를 한입에 먹고  울컥해진 미국인!!",2026-02-10T02:00:39Z,897.0,False,16874,1184.0,87.0
2986,UCE9KdZz39bhV5kSIjDsE9Ow,코리안사파리 KoreanSafari,-yFkhsvqd0Y,겨울산 영하 20도에서 노숙하는 전직 엘리트모델!! #trekking #Koreanmountain,2026-02-13T09:34:22Z,60.0,True,8963,339.0,20.0
2986,UCE9KdZz39bhV5kSIjDsE9Ow,코리안사파리 KoreanSafari,mus8MU4afTw,한국에서 여행유튜버 4년만에 번아웃이 되어버린 외국인유튜버들의 마지막 인사!!,2026-02-17T02:00:45Z,1862.0,False,46980,3809.0,322.0
2986,UCE9KdZz39bhV5kSIjDsE9Ow,코리안사파리 KoreanSafari,kFt9lgkIpD4,해외에서도 핫플로 소문 난 성수동 거리에서 문화충격을 받는 오스트리아 리포터!!,2026-02-24T02:23:16Z,1340.0,False,130787,3236.0,146.0
2986,UCE9KdZz39bhV5kSIjDsE9Ow,코리안사파리 KoreanSafari,F-7aMHgRhDg,폴란드 여자가 혹한의 날씨에 한국산에서 야영하는 이유!!?  #아부가르시아 #trekking  #travel #climbing,2026-02-25T03:27:56Z,85.0,False,9139,504.0,21.0
2986,UCE9KdZz39bhV5kSIjDsE9Ow,코리안사파리 KoreanSafari,sLRq9NPhh0k,사우나를 절대 가지 않는 오스트리아 여자의 한국 찜질방 문화 체험기!!,2026-03-03T02:00:47Z,1179.0,False,26276,1716.0,71.0
2986,UCE9KdZz39bhV5kSIjDsE9Ow,코리안사파리 KoreanSafari,qx3cYgsWvt4,험오스러운 요리방법에 문화충격을 받는 유럽여자!! 그리고 맛있어서 더 큰 충격!!,2026-03-04T08:21:11Z,78.0,False,2936,131.0,18.0
2986,UCE9KdZz39bhV5kSIjDsE9Ow,코리안사파리 KoreanSafari,EETBO7sPdIM,말이 진정으로 사람과 소통하는 방법!!,2026-03-05T04:31:53Z,60.0,True,3172,111.0,9.0
2986,UCE9KdZz39bhV5kSIjDsE9Ow,코리안사파리 KoreanSafari,vfqTjZcd5s0,시골 장터를 헤집고 다니면서 당근을 모조리 싹쓸이 하여 가는 프랑스 여자의 행선지!!,2026-03-10T02:00:51Z,840.0,False,24188,1399.0,95.0
2986,UCE9KdZz39bhV5kSIjDsE9Ow,코리안사파리 KoreanSafari,sQAoWQCbZg8,부상으로 선수생활을 포기한 후에 한국에서 말을 돌보는 프랑스여자가 알려주는 말과 교감하는 기술!!,2026-03-17T02:00:50Z,1645.0,False,58393,2135.0,149.0
2986,UCE9KdZz39bhV5kSIjDsE9Ow,코리안사파리 KoreanSafari,8SuzfISyT08,한국인들의 캠핑박람장을 찾은 프랑스 리포터의 말문을 막히게 하는 한국의 기발한 캠핑 장비들...,2026-03-24T02:00:10Z,1223.0,False,79033,1964.0,90.0
2986,UCE9KdZz39bhV5kSIjDsE9Ow,코리안사파리 KoreanSafari,4OFq7CYoYZ4,외국인에게도 소문난 요즘 가장 힙한 여행지로 뜨는 서울 근교의 당일치기 섬여행!!,2026-03-30T15:00:06Z,1313.0,False,29199,1704.0,132.0
2986,UCE9KdZz39bhV5kSIjDsE9Ow,코리안사파리 KoreanSafari,5JzaIXGDD8I,벚꽃놀이 하이킹 후에 설렁탕으로 허기를 채우는 폴란드 여인!!,2026-04-07T02:00:05Z,813.0,False,45180,2601.0,176.0
2986,UCE9KdZz39bhV5kSIjDsE9Ow,코리안사파리 KoreanSafari,TInVAgDGeSE,동양의학의 미스테리를 취재하던 폴란드 리포터를 경악 시키는 한 산부인과 의사의 믿겨지지 않은 '기' 치료 능력!,2026-04-13T15:00:49Z,1368.0,False,44750,1580.0,158.0
2986,UCE9KdZz39bhV5kSIjDsE9Ow,코리안사파리 KoreanSafari,kczL45Uetyg,"서울 경기권에서 가장 악명높은 위험한 등산코스1위, '육봉코스'!! 비에 젖은 육봉능선을 뛰어다니는 영국 산악인!!",2026-04-21T02:00:41Z,1886.0,False,85032,2228.0,467.0
2986,UCE9KdZz39bhV5kSIjDsE9Ow,코리안사파리 KoreanSafari,FHYbmjkFMus,한식마니아 폴란드여인이 인천연안부두 밴댕이회 골목에서 발견한 놀라운 미식!!,2026-04-28T02:00:25Z,951.0,False,28054,1863.0,156.0
2986,UCE9KdZz39bhV5kSIjDsE9Ow,코리안사파리 KoreanSafari,QNk4cX7F8l4,서해안 섬을 모토캠핑하는 프랑스여자에게 땅두릅을 따 주면서 다가오는 섬 원주민 아저씨의 정체!,2026-05-05T02:00:24Z,1121.0,False,59691,2022.0,141.0
2986,UCE9KdZz39bhV5kSIjDsE9Ow,코리안사파리 KoreanSafari,wkA622_zIP8,프랑스여성 라이더의 오감을 만족시키는  바다가 보이는 라이더카페의 은밀한 비밀!!,2026-05-12T02:00:56Z,1113.0,False,12070,903.0,51.0
2987,UCQLKGhGS9c606WR-QeHH69g,트수인생,qUwg1l0xmNY,머리 묶기 ㅗㅜㅑ feat. 겨신감,2021-09-13T04:00:16Z,506.0,False,372526,4011.0,80.0
2987,UCQLKGhGS9c606WR-QeHH69g,트수인생,QJDtHnmEv5k,뮨겨,2021-09-20T04:00:20Z,469.0,False,46173,464.0,61.0
2987,UCQLKGhGS9c606WR-QeHH69g,트수인생,txapJlGDLAA,조깡,2021-10-04T04:00:20Z,568.0,False,17470,124.0,23.0
2987,UCQLKGhGS9c606WR-QeHH69g,트수인생,b5oH5yDOUfI,가터벨트 튕기기,2021-10-11T04:00:08Z,532.0,False,99762,1119.0,25.0
2987,UCQLKGhGS9c606WR-QeHH69g,트수인생,7wqnMY6X-yo,큐라이브 퀴즈쇼 하이라이트,2021-10-18T04:00:02Z,553.0,False,7214,69.0,13.0
2987,UCQLKGhGS9c606WR-QeHH69g,트수인생,1lq60Uz8QAE,무궁화~ 꽃이~ 피었습니다~,2021-10-25T04:00:03Z,498.0,False,9107,81.0,5.0
2987,UCQLKGhGS9c606WR-QeHH69g,트수인생,pMfE4upwWLM,그냥 1분 서있는 영상,2021-11-01T04:00:14Z,502.0,False,26812,240.0,11.0
2987,UCQLKGhGS9c606WR-QeHH69g,트수인생,Idyp0KfmOsI,🎃Happy Halloween🎃,2021-11-08T04:00:03Z,510.0,False,46479,756.0,35.0
2987,UCQLKGhGS9c606WR-QeHH69g,트수인생,E7d-89cPgcE,여캠의 리액션,2021-11-15T04:00:02Z,513.0,False,121884,984.0,39.0
2987,UCQLKGhGS9c606WR-QeHH69g,트수인생,1gMCLrJOBLc,바퀴퀴님과 함께하는 재희희님의 방송,2021-11-22T04:00:00Z,555.0,False,12656,110.0,19.0
2987,UCQLKGhGS9c606WR-QeHH69g,트수인생,HEPoh_IoOKU,귀르가즘,2021-11-29T05:00:04Z,516.0,False,9411,55.0,12.0
2987,UCQLKGhGS9c606WR-QeHH69g,트수인생,1QOJyoLTnkw,X밥들의 대결,2021-12-06T04:00:01Z,526.0,False,15190,85.0,12.0
2987,UCQLKGhGS9c606WR-QeHH69g,트수인생,A0jU_CH4Nqo,볼펜 마술,2021-12-13T04:00:05Z,525.0,False,351031,4119.0,97.0
2987,UCQLKGhGS9c606WR-QeHH69g,트수인생,eW7m2sQMnHE,방송이 켜진 줄 모르는 스트리머,2021-12-20T04:00:19Z,543.0,False,37152,334.0,28.0
2987,UCQLKGhGS9c606WR-QeHH69g,트수인생,ZqM4UpuEznk,빵댕이패드 케이크 먹방,2021-12-27T04:00:08Z,452.0,False,9418,87.0,7.0
2987,UCQLKGhGS9c606WR-QeHH69g,트수인생,hwhOCiL8ivY,방송하다 딱걸림,2022-01-03T04:00:07Z,506.0,False,28989,178.0,12.0
2987,UCQLKGhGS9c606WR-QeHH69g,트수인생,gFgm0zFx2nk,삼로투,2022-01-10T04:00:09Z,529.0,False,90644,405.0,15.0
2987,UCQLKGhGS9c606WR-QeHH69g,트수인생,SK4Ns31rp18,트최귀,2022-01-17T04:00:14Z,534.0,False,13828,117.0,10.0
2987,UCQLKGhGS9c606WR-QeHH69g,트수인생,98S9Ly-gYcI,코카인댄스,2022-01-24T04:00:02Z,323.0,False,61965,476.0,17.0
2987,UCQLKGhGS9c606WR-QeHH69g,트수인생,61PI-9C6YlY,겨황의 포니테일,2022-01-31T04:00:02Z,517.0,False,30307,272.0,23.0
2987,UCQLKGhGS9c606WR-QeHH69g,트수인생,dy9zJXaYy80,두피마사지를 느끼는 나,2022-02-14T04:00:07Z,476.0,False,47151,331.0,22.0
2987,UCQLKGhGS9c606WR-QeHH69g,트수인생,Vq9HrmoC9oQ,기만,2022-02-21T04:00:16Z,526.0,False,287407,2187.0,57.0
2987,UCQLKGhGS9c606WR-QeHH69g,트수인생,eAu16WmTXFA,웃지못하는 재희찡,2022-02-28T04:00:06Z,530.0,False,16120,120.0,11.0
2987,UCQLKGhGS9c606WR-QeHH69g,트수인생,LAgpdlCjmJM,여캠모드 ON,2022-03-07T04:00:08Z,390.0,False,28497,355.0,27.0
2987,UCQLKGhGS9c606WR-QeHH69g,트수인생,YKOx6AGHKNo,"남자만의 고통을 ""제대로"" 알고있는 달비니",2022-03-14T04:00:10Z,476.0,False,9718,90.0,12.0
2987,UCQLKGhGS9c606WR-QeHH69g,트수인생,xkhC6jaYLKQ,트태연을 선언하는 나,2022-03-21T04:00:15Z,415.0,False,19823,156.0,18.0
2987,UCQLKGhGS9c606WR-QeHH69g,트수인생,CvIu6ylUiig,하네스와 하기스의 차이,2022-03-28T04:00:03Z,545.0,False,10931,84.0,7.0
2987,UCQLKGhGS9c606WR-QeHH69g,트수인생,uDoHm2PaEWY,다중인격,2022-04-04T04:00:30Z,553.0,False,11139,100.0,6.0
2987,UCQLKGhGS9c606WR-QeHH69g,트수인생,9g0iFeZvlG4,한국인이라면 나오는 드립,2022-04-11T04:00:04Z,40.0,True,11814,98.0,6.0
2987,UCQLKGhGS9c606WR-QeHH69g,트수인생,lwlval35GBc,쵸단의 이상형 월드컵,2022-04-11T04:00:15Z,26.0,True,43684,246.0,8.0
2987,UCQLKGhGS9c606WR-QeHH69g,트수인생,dl_IrR2Evug,적당의 기준,2022-04-18T04:00:13Z,531.0,False,12236,124.0,17.0
2987,UCQLKGhGS9c606WR-QeHH69g,트수인생,XvgTS3v23AE,데이트룩,2022-04-25T04:00:09Z,481.0,False,6006,48.0,10.0
2987,UCQLKGhGS9c606WR-QeHH69g,트수인생,PWdzLc7nVyg,슈퍼 그럼요,2022-05-02T04:00:14Z,25.0,True,9833,58.0,2.0
2987,UCQLKGhGS9c606WR-QeHH69g,트수인생,zjYQ6t3ydYM,평화를 영어로 하면?,2022-05-02T04:00:17Z,29.0,True,10403,96.0,18.0
2987,UCQLKGhGS9c606WR-QeHH69g,트수인생,9EyhUOqq3o4,포상,2022-05-09T04:00:01Z,309.0,False,9985,113.0,13.0
2987,UCQLKGhGS9c606WR-QeHH69g,트수인생,asItynCMIkI,사랑을 담은 채빵,2022-05-16T04:00:01Z,415.0,False,18045,178.0,13.0
2987,UCQLKGhGS9c606WR-QeHH69g,트수인생,W0Wh3f434Nw,단 짠 단 짠 진주몬 하이라이트,2022-05-23T04:00:08Z,478.0,False,8119,94.0,16.0
2987,UCQLKGhGS9c606WR-QeHH69g,트수인생,kApo_f49VUs,불청객 시즌2,2022-05-30T04:00:23Z,395.0,False,3996,63.0,16.0
2987,UCQLKGhGS9c606WR-QeHH69g,트수인생,PxJwAhq3BI4,팔방미인 쵸단 하이라이트,2022-06-07T04:00:08Z,460.0,False,141247,1657.0,32.0
2987,UCQLKGhGS9c606WR-QeHH69g,트수인생,MSyJcESQeHQ,각도 무쳤다,2022-06-13T04:00:06Z,413.0,False,11968,137.0,13.0
2987,UCQLKGhGS9c606WR-QeHH69g,트수인생,uWff6C-Qxj4,엔딩요정 쵸단,2022-06-20T04:00:30Z,501.0,False,10522,135.0,8.0
2987,UCQLKGhGS9c606WR-QeHH69g,트수인생,TlNr-iCOaXA,니코니코니,2022-06-27T04:00:09Z,26.0,True,9691,143.0,13.0
2987,UCQLKGhGS9c606WR-QeHH69g,트수인생,t-kPCb-qvw4,트이유,2022-06-27T04:00:16Z,46.0,True,8266,58.0,30.0
2987,UCQLKGhGS9c606WR-QeHH69g,트수인생,PH_eQZuqlsk,된장통 마구마구흔들기,2022-07-04T04:00:12Z,419.0,False,5838,56.0,14.0
2987,UCQLKGhGS9c606WR-QeHH69g,트수인생,hNxErnl9paQ,이중인격 재희찡 하이라이트,2022-07-11T04:00:13Z,380.0,False,6234,63.0,5.0
2987,UCQLKGhGS9c606WR-QeHH69g,트수인생,uixyl86kd_k,깐쵸단,2022-07-21T07:15:43Z,21.0,True,7366,147.0,6.0
2987,UCQLKGhGS9c606WR-QeHH69g,트수인생,9tiihevuwVI,손님에게 리액션을 들켜버린 나,2022-07-21T07:15:47Z,37.0,True,12017,108.0,11.0
2987,UCQLKGhGS9c606WR-QeHH69g,트수인생,jdC7we4Oouc,나홀로 피시방에서 사쿠란보,2022-07-25T04:00:14Z,468.0,False,6404,49.0,9.0
2987,UCQLKGhGS9c606WR-QeHH69g,트수인생,-UUZuUTJyvQ,슈퍼아이돌이 된 나,2022-08-01T09:00:00Z,342.0,False,5187,78.0,10.0
2987,UCQLKGhGS9c606WR-QeHH69g,트수인생,iRPUlcNCBVg,이런방입니다,2022-08-08T04:00:28Z,480.0,False,22440,135.0,9.0
2988,UCkCxYu8Ss6h5K7iKPz2SAZw,코트덕,64MDjMuBLE8,"'#fanPD Studio'의 정체?(팬피디, fanpd댓글)",2020-12-01T12:50:52Z,560.0,False,134382,2368.0,1165.0
2988,UCkCxYu8Ss6h5K7iKPz2SAZw,코트덕,9_Scc8YEKmI,'껍질 미리 깐 달걀' 의 정체?(feat. 즐겁다 밈),2020-12-06T11:23:32Z,481.0,False,253242,5004.0,564.0
2988,UCkCxYu8Ss6h5K7iKPz2SAZw,코트덕,_5mBNMqVavc,고길동은 왜 '검성'이 되었을까?(feat. 종로스타),2020-12-11T11:57:46Z,555.0,False,136798,2007.0,451.0
2988,UCkCxYu8Ss6h5K7iKPz2SAZw,코트덕,FRF_h9F9x9w,'사쿠란보'는 도대체 무엇일까?,2020-12-21T11:58:02Z,350.0,False,1253795,8553.0,1909.0
2988,UCkCxYu8Ss6h5K7iKPz2SAZw,코트덕,gTCBM5th20g,'스윗중남'의 정체?,2021-01-06T11:43:13Z,351.0,False,551744,4867.0,1291.0
2988,UCkCxYu8Ss6h5K7iKPz2SAZw,코트덕,FXG28XwWCsk,"'뻐끔뻐끔 고양이'의 정체?(팝캣, pop cat, 고양이 밈)",2021-01-17T12:13:54Z,365.0,False,393708,6677.0,1086.0
2988,UCkCxYu8Ss6h5K7iKPz2SAZw,코트덕,6f4Iwg1Nkz4,'64bit 32bit 16bit 8bit' 밈은 무엇일까?,2021-01-24T11:27:56Z,335.0,False,469081,7964.0,1075.0
2988,UCkCxYu8Ss6h5K7iKPz2SAZw,코트덕,pGv78r5zweU,이 울고있는 고양이의 정체?,2021-02-01T08:44:09Z,366.0,False,149468,2905.0,468.0
2988,UCkCxYu8Ss6h5K7iKPz2SAZw,코트덕,GTinAdzLdHQ,'ㅋㅋ루삥뽕'은 도대체 무슨말일까?,2021-02-08T08:00:08Z,401.0,False,385975,5038.0,1262.0
2988,UCkCxYu8Ss6h5K7iKPz2SAZw,코트덕,VaQshQfBeDA,'삼각함수송'은 도대체 무엇일까?,2021-02-15T02:00:53Z,428.0,False,320374,4955.0,1113.0
2988,UCkCxYu8Ss6h5K7iKPz2SAZw,코트덕,JsYMtNXDO1I,'무야호'는 도대체 무엇일까?(무야호 유래),2021-02-22T02:00:03Z,336.0,False,1939759,11179.0,1513.0
2988,UCkCxYu8Ss6h5K7iKPz2SAZw,코트덕,vuSGyKKxmxk,'퇴사짤'은 도대체 무엇일까?(feat. 안녕히계세요 여러분),2021-03-06T07:43:04Z,366.0,False,44762,743.0,145.0
2988,UCkCxYu8Ss6h5K7iKPz2SAZw,코트덕,sRwtYfe0H2Q,"'롤린'이 역주행한 이유는 무엇일까?(feat. 브레이브걸스, 꼬북좌, 해병대)",2021-03-11T16:46:39Z,428.0,False,345224,4633.0,595.0
2988,UCkCxYu8Ss6h5K7iKPz2SAZw,코트덕,hje1qcB9FT0,"'멈춰!' 드립은 도대체 무엇일까?(멈춰 유래, 학폭 멈춰)",2021-03-24T04:14:19Z,240.0,False,180548,2497.0,913.0
2988,UCkCxYu8Ss6h5K7iKPz2SAZw,코트덕,g5rF8v0igew,"'트럼펫 보이'밈은 무엇일까?(trumpet boy, 만드는법)",2021-04-01T08:42:30Z,237.0,False,65169,1310.0,246.0
2988,UCkCxYu8Ss6h5K7iKPz2SAZw,코트덕,bLKDItZXf3I,제가 비트코인 해봤는데요...,2021-04-21T15:17:58Z,788.0,False,73433,1426.0,590.0
2988,UCkCxYu8Ss6h5K7iKPz2SAZw,코트덕,4K0WYNGlQz4,한심좌는 도대체 누구일까?,2021-07-03T06:37:08Z,276.0,False,107041,1767.0,190.0
2988,UCkCxYu8Ss6h5K7iKPz2SAZw,코트덕,UcubTe-_438,제로투 댄스는 무엇일까?,2021-07-05T09:41:12Z,221.0,False,540704,3536.0,377.0
2988,UCkCxYu8Ss6h5K7iKPz2SAZw,코트덕,AUNLMgb4Qwc,'똥 밟았네' 는 도대체 무엇일까?(feat. EBS의 최종진화),2021-07-11T10:02:59Z,429.0,False,120735,1829.0,274.0
2988,UCkCxYu8Ss6h5K7iKPz2SAZw,코트덕,i6zdoCnDxYo,'슉 슈슉'은 도대체 무엇일까?(ft.슉 슈슉 돌하르방),2021-07-16T12:39:29Z,210.0,False,291624,3466.0,229.0
2988,UCkCxYu8Ss6h5K7iKPz2SAZw,코트덕,eWZmUJIFZh0,저 때문에 중국인이 착해졌습니다...,2021-07-20T16:44:23Z,168.0,False,68611,1832.0,283.0
2988,UCkCxYu8Ss6h5K7iKPz2SAZw,코트덕,3C1-x9V-b_Y,"'헤으응'과 '응기잇'은 무엇일까?(헤으응 유래, 응기잇 유래)",2021-07-23T12:22:09Z,203.0,False,354423,3814.0,573.0
2988,UCkCxYu8Ss6h5K7iKPz2SAZw,코트덕,K-dOFCdkhPk,'너 쌓여 있잖아'는 도대체 무엇일까?(feat. 시무라 아주머니),2021-08-06T09:37:09Z,192.0,False,147067,1481.0,647.0
2988,UCkCxYu8Ss6h5K7iKPz2SAZw,코트덕,t77G6u1rb_E,1년에 영상 하나 올리는 유튜버,2022-09-26T04:16:42Z,72.0,False,17335,544.0,160.0
2988,UCkCxYu8Ss6h5K7iKPz2SAZw,코트덕,86Z1gEwpEdE,'우는 고양이 댄스' 는 무엇일까?(feat. 체인소맨 코베니 댄스),2022-09-26T08:55:15Z,248.0,False,280999,2718.0,206.0
2988,UCkCxYu8Ss6h5K7iKPz2SAZw,코트덕,mjkKtN6vNHw,"'누칼협'은 도대체 무엇일까?(feat. 누가 칼들고 협박함?, 공무원, 누칼협 뜻)",2022-09-28T20:27:43Z,304.0,False,21700,390.0,115.0
2988,UCkCxYu8Ss6h5K7iKPz2SAZw,코트덕,2N9weTzzGpg,"트위치 화질은 왜 720P가 되었을까?(feat. 망 사용료, 유튜브, 통신사)",2022-09-29T20:01:19Z,304.0,False,14055,361.0,100.0
2988,UCkCxYu8Ss6h5K7iKPz2SAZw,코트덕,EBNfqzLAFyI,진짜 이 광고 도대체 뭐임?(feat. 퀸즈블레이드 리미트 브레이크),2022-10-01T20:55:17Z,243.0,False,37844,764.0,115.0
2988,UCkCxYu8Ss6h5K7iKPz2SAZw,코트덕,gbsaxrI6vNE,'인주 앨리스'는 도대체 무엇일까?,2022-10-06T00:09:44Z,231.0,False,287602,4140.0,310.0
2988,UCkCxYu8Ss6h5K7iKPz2SAZw,코트덕,ZFwMcBBgUUI,"국내 통신사의 레전드 만행들...(feat. 네이트 버튼, 망 사용료, kt 무궁화 3호 위성 매각, 단통법)",2022-10-09T11:25:59Z,551.0,False,44821,1176.0,199.0
2988,UCkCxYu8Ss6h5K7iKPz2SAZw,코트덕,suuYnXGupK0,가면라이더 드립은 도대체 무엇일까...?,2022-10-12T09:10:36Z,319.0,False,51023,1233.0,333.0
2988,UCkCxYu8Ss6h5K7iKPz2SAZw,코트덕,di3US54s-Ns,"'후드 밈'은 도대체 무엇일까...?(feat. 힙플밈, 후드밈 유래, 후드밈 뜻)",2022-10-15T09:29:28Z,348.0,False,350333,5355.0,470.0
2988,UCkCxYu8Ss6h5K7iKPz2SAZw,코트덕,w-vOig_LT1o,"카카오가 개 쓰레기 회사인 이유!(feat. 카카오톡 오류, 카카오 주가, 분할상장, 카톡 서버)",2022-10-18T11:54:57Z,585.0,False,21602,788.0,132.0
2988,UCkCxYu8Ss6h5K7iKPz2SAZw,코트덕,esNhAuXQb2Q,카카오 분할 상장이 역겨운 이유,2022-10-19T05:47:03Z,60.0,True,106837,2526.0,90.0
2988,UCkCxYu8Ss6h5K7iKPz2SAZw,코트덕,OjitcIJGEFk,역겨운 '네이트 버튼'의 추억...,2022-10-19T08:03:21Z,59.0,True,22406,656.0,35.0
2988,UCkCxYu8Ss6h5K7iKPz2SAZw,코트덕,gVqXIZPPXOc,"이 극혐 '따봉충' 캐릭터는 도대체 무엇일까?(feat. 네이버 블로그 따봉 캐릭터, 극혐, 따봉충, 라인 프렌즈, 문, 라인 캐릭터)",2022-10-24T01:00:09Z,268.0,False,27219,512.0,96.0
2988,UCkCxYu8Ss6h5K7iKPz2SAZw,코트덕,DoHNVHT5aOw,"DUMB DUMB 밈은 도대체 무엇일까?(feat. 덤덤 밈, dumb dumb animation meme)",2022-10-26T20:29:35Z,315.0,False,112921,1989.0,146.0
2988,UCkCxYu8Ss6h5K7iKPz2SAZw,코트덕,K00UgsvC_Ro,"'One piece is Real' 밈은 도대체 무엇일까?(feat. 원피스 밈, the one piece is real 밈)",2022-10-29T22:43:38Z,536.0,False,109053,1404.0,328.0
2988,UCkCxYu8Ss6h5K7iKPz2SAZw,코트덕,0WikvSonqoc,"'중요한 것은 꺾이지 않는 마음'은 도대체 무엇일까?(feat. 중꺾마, 유래, 뜻)",2022-12-04T12:53:55Z,389.0,False,108283,948.0,146.0
2988,UCkCxYu8Ss6h5K7iKPz2SAZw,코트덕,uxMyul5XXtM,'돌아가는 감자칩 밈'은 도대체 무엇일까?...,2022-12-10T11:02:23Z,169.0,False,25035,378.0,42.0
2988,UCkCxYu8Ss6h5K7iKPz2SAZw,코트덕,MGT_0CKVQ1Y,캣맘에 대해서 알아보자...(feat. 캣맘 참교육 + 퇴치법),2022-12-19T10:59:34Z,706.0,False,39780,1133.0,383.0
2988,UCkCxYu8Ss6h5K7iKPz2SAZw,코트덕,O-FTiTjG8Sg,"'GOAT'는 도대체 무슨뜻일까?(feat. 메호대전, 메시, 호날두, 고트 뜻, GOAT 뜻, GOAT 밈)",2022-12-20T10:08:20Z,198.0,False,63927,514.0,92.0
2988,UCkCxYu8Ss6h5K7iKPz2SAZw,코트덕,NSE8ymJM2Rs,'해병문학'은 도대체 무엇일까?(feat. 황근출),2022-12-30T12:59:26Z,949.0,False,567127,6817.0,1104.0
2988,UCkCxYu8Ss6h5K7iKPz2SAZw,코트덕,S28Gm-yA3O8,현재 미국에서 난리난 '와플하우스 싸움'에 대해 알아보자,2023-01-03T10:42:45Z,191.0,False,169057,2563.0,342.0
2988,UCkCxYu8Ss6h5K7iKPz2SAZw,코트덕,-S2G-88mtXg,1년이면 많이 하셨잖아요...,2023-01-06T02:30:46Z,421.0,False,20073,1056.0,229.0
2988,UCkCxYu8Ss6h5K7iKPz2SAZw,코트덕,c08g8eVeNw0,"잊혀져버린 추억의 유튜버들을 알아보자(feat. 스모쉬 근황, smosh)",2023-01-16T12:14:41Z,592.0,False,88598,1621.0,306.0
2988,UCkCxYu8Ss6h5K7iKPz2SAZw,코트덕,udVqKYASCc4,"갑자기 사라져버린 초인기 유튜버... 그가 현재 살아있다는 충격적인 증거!(feat. 흥해라흥 픽쳐스 근황, cho ding, sake L, 1루수가 누구야)",2023-05-11T10:05:53Z,353.0,False,664087,9456.0,658.0
2988,UCkCxYu8Ss6h5K7iKPz2SAZw,코트덕,LPwEo1Mov8I,'해피캣 밈'은 도대체 무엇일까?,2023-05-22T06:52:25Z,231.0,False,121280,1821.0,175.0
2988,UCkCxYu8Ss6h5K7iKPz2SAZw,코트덕,OA5NzQrhRyE,"페이커 '기습숭배' 밈은 도대체 무엇일까...?(feat. 물로켓론, 상시숭배)",2023-11-20T10:57:23Z,481.0,False,166724,2133.0,391.0
2988,UCkCxYu8Ss6h5K7iKPz2SAZw,코트덕,GM0k8lgeRvk,"미쳐버린 유튜브 대격변 패치... 여러분들도 지금 당장 바꾸세요!(feat. 유튜브 핸들, 미스터 비스트)",2024-06-29T13:05:50Z,114.0,False,15450,240.0,117.0
2989,UChGrYmp0PTFef-XOjueNH6w,라이언티,NBGHKyZlffM,[라이언티] 17화. 해르시 vs 라이언티 *초심 방송 [오버워치],2017-03-14T15:28:13Z,210.0,False,46470,316.0,29.0
2989,UChGrYmp0PTFef-XOjueNH6w,라이언티,HpzWBP8bR2I,[오버워치] 개구리를 더빙해 보았다.(feat. 루시우 성대모사),2017-06-18T06:00:01Z,38.0,True,52593,1044.0,268.0
2989,UChGrYmp0PTFef-XOjueNH6w,라이언티,YFQSLvd5InY,[오버워치] 방송 타고 싶어하는★방송집착남★을 만나다 (feat.루시우 성대모사),2017-07-24T16:00:06Z,185.0,False,62148,1222.0,182.0
2989,UChGrYmp0PTFef-XOjueNH6w,라이언티,zA49rYmmBzc,[오버워치] 신음만 가득한 경쟁전 (feat.루시우 성대모사),2017-07-27T08:00:04Z,500.0,False,566283,4723.0,611.0
2989,UChGrYmp0PTFef-XOjueNH6w,라이언티,jN-9JV_lqls,[오버워치]루시우가 부릅니다. 프로듀스 101 - SUPER HOT (feat.라이언티),2017-08-01T08:00:03Z,114.0,False,135265,2362.0,456.0
2989,UChGrYmp0PTFef-XOjueNH6w,라이언티,077E5uRZb2E,[오버워치]성대모사로 귀이득 챙겨갑니다. (feat.라이언티),2017-08-19T23:30:00Z,281.0,False,355331,3586.0,530.0
2989,UChGrYmp0PTFef-XOjueNH6w,라이언티,WyMZMDobG-E,[오버워치]경쟁전에서 이별통보를 봤다(feat.루시우 성대모사),2017-09-02T03:00:00Z,630.0,False,1707025,14804.0,
2989,UChGrYmp0PTFef-XOjueNH6w,라이언티,G3cyR-ZSH4o,[오버워치] 도도 도라도송♪ (feat.루시우 성대모사),2017-09-07T07:26:54Z,253.0,False,399571,3602.0,337.0
2989,UChGrYmp0PTFef-XOjueNH6w,라이언티,_wQ5AcaXbQM,[오버워치]다시 뭉쳤다! 라인&루시우 성대모사,2017-09-10T13:00:02Z,294.0,False,225769,2292.0,411.0
2989,UChGrYmp0PTFef-XOjueNH6w,라이언티,hnOg12TXYO0,[오버워치]루시우와 라인하르트의 경쟁전 (feat.라이언티&김몰드),2017-09-13T12:39:58Z,407.0,False,425795,3992.0,441.0
2989,UChGrYmp0PTFef-XOjueNH6w,라이언티,Yhxk54Ylw_0,[오버워치] 목소리 씹덕사 당했음. (feat.루시우 성대모사),2017-09-23T02:20:51Z,223.0,False,625308,4339.0,509.0
2989,UChGrYmp0PTFef-XOjueNH6w,라이언티,7evQCWLLfP8,[오버워치] 성대모사 방에서 자기소개하기 (feat.라이언티),2017-09-29T10:40:12Z,352.0,False,1577885,16116.0,1688.0
2989,UChGrYmp0PTFef-XOjueNH6w,라이언티,2orEq2U3XUU,[오버워치] 여자 팬을 소개 시켜주다. (feat.오버워치 성대모사),2017-10-12T22:30:00Z,266.0,False,361824,3222.0,443.0
2989,UChGrYmp0PTFef-XOjueNH6w,라이언티,EY0Dh3XXdlk,[오버워치] 개미는 뚠뚠~ (feat.루시우 성대모사),2017-10-31T10:39:22Z,247.0,False,232914,2444.0,376.0
2989,UChGrYmp0PTFef-XOjueNH6w,라이언티,wD4pY5mIUzk,[오버워치] 희링님과 치킨 빵 내기. 결과는? (feat.라이언티),2017-11-18T05:49:51Z,366.0,False,341041,2866.0,618.0
2989,UChGrYmp0PTFef-XOjueNH6w,라이언티,z9l85yyJpdg,[오버워치] 핵찌현! (feat.라이언티),2017-11-29T12:54:04Z,273.0,False,378907,4869.0,669.0
2989,UChGrYmp0PTFef-XOjueNH6w,라이언티,arOtSHxJJm0,오버워치 대사를 바꿔 보았다ㅋㅋ ( with.고랭지상추 ),2017-12-08T03:00:00Z,304.0,False,425923,3355.0,285.0
2989,UChGrYmp0PTFef-XOjueNH6w,라이언티,R_HvfRwDLZw,예티 사냥꾼 5인큐에서 1명 몰카하기ㅋㅋㅋ,2017-12-14T23:00:01Z,295.0,False,770300,5704.0,463.0
2989,UChGrYmp0PTFef-XOjueNH6w,라이언티,LnqD7EB99tM,여자팬을 만난 찐의 일상 (feat.루시우 성대모사),2018-01-04T23:00:00Z,381.0,False,629320,5866.0,1087.0
2989,UChGrYmp0PTFef-XOjueNH6w,라이언티,JGbweGu0Exc,[오버워치] 이건 전쟁이야! (feat.루시우 성대모사),2018-01-10T09:30:00Z,253.0,False,554941,5908.0,635.0
2989,UChGrYmp0PTFef-XOjueNH6w,라이언티,hqNtpoVCu_4,시작 전에 5인궁 당해 봤어요? (feat.루시우 성대모사),2018-03-13T02:30:00Z,168.0,False,127504,1468.0,192.0
2989,UChGrYmp0PTFef-XOjueNH6w,라이언티,4adK83bx3cE,우리팀 루시우를 놀래켜 주었습니다 (feat.루시우 성대모사),2018-03-20T07:00:00Z,348.0,False,328737,3564.0,666.0
2989,UChGrYmp0PTFef-XOjueNH6w,라이언티,aZjqpSRfC6A,의식의 흐름대로 빙의해버린 그 사람,2018-04-22T09:30:02Z,263.0,False,156658,1732.0,225.0
2989,UChGrYmp0PTFef-XOjueNH6w,라이언티,3JJEJilFgBw,라이언티 결혼합니다. (with.치딸),2018-07-24T07:00:00Z,206.0,False,57113,1104.0,236.0
2989,UChGrYmp0PTFef-XOjueNH6w,라이언티,sROA_Avz02Q,햄스터.. 윈스턴을 타다.,2018-07-26T07:00:07Z,209.0,False,86739,1329.0,189.0
2989,UChGrYmp0PTFef-XOjueNH6w,라이언티,UVUAECXddy0,수도권 사람들은 모르는 그것..,2018-07-28T07:00:02Z,227.0,False,46721,848.0,409.0
2989,UChGrYmp0PTFef-XOjueNH6w,라이언티,cgjNoNnpdRo,루시우 목소리로 나노 강화제를 줄 수 있지요,2018-08-01T08:45:20Z,241.0,False,63720,1098.0,138.0
2989,UChGrYmp0PTFef-XOjueNH6w,라이언티,4Euk70KCe4I,[오버워치]사람 바보 만드는 성대모사,2018-08-14T09:45:00Z,231.0,False,62338,1047.0,150.0
2989,UChGrYmp0PTFef-XOjueNH6w,라이언티,j6Zqxlix63U,반말하면 큰일 나는 오버워치,2018-08-29T12:30:01Z,269.0,False,105113,1636.0,228.0
2989,UChGrYmp0PTFef-XOjueNH6w,라이언티,nrfX3BUcN2E,프링글스 몰라요? [오버워치],2018-09-07T07:00:12Z,297.0,False,72674,1259.0,207.0
2989,UChGrYmp0PTFef-XOjueNH6w,라이언티,eUU1DAKTJbk,역대급 진지한 컨셉충을 만났다 [오버워치],2018-09-11T10:45:00Z,310.0,False,67617,1233.0,268.0
2989,UChGrYmp0PTFef-XOjueNH6w,라이언티,LQl1YHcYmUg,태어나면서부터 루시우 목소리 [오버워치],2018-10-02T08:30:00Z,286.0,False,591733,5526.0,456.0
2989,UChGrYmp0PTFef-XOjueNH6w,라이언티,KzGHEq1nZj8,평정심을 잃은 루시우 성대모사 [오버워치],2018-10-05T08:30:00Z,191.0,False,71604,1261.0,166.0
2989,UChGrYmp0PTFef-XOjueNH6w,라이언티,361B8tWZHAw,육해공 군부심 대결하는 경쟁전 [오버워치],2018-11-20T11:30:00Z,210.0,False,41467,735.0,167.0
2989,UChGrYmp0PTFef-XOjueNH6w,라이언티,DRFfo2rFFHU,루시우와 태보의 저주,2019-01-25T10:45:01Z,97.0,False,170635,2898.0,423.0
2989,UChGrYmp0PTFef-XOjueNH6w,라이언티,WSC7aV3YMyQ,펑티모가 아닌 형(?)티모,2019-02-05T07:15:00Z,171.0,False,53265,867.0,138.0
2989,UChGrYmp0PTFef-XOjueNH6w,라이언티,JSy-p7RXAAY,임재범이 부릅니다 / 수능금지 곡,2019-02-11T07:00:02Z,218.0,False,29650,797.0,107.0
2989,UChGrYmp0PTFef-XOjueNH6w,라이언티,44kX7w48RRg,외국인 루시우에게 성대모사를 해줬다. [오버워치],2019-03-09T09:30:01Z,235.0,False,44845,997.0,130.0
2989,UChGrYmp0PTFef-XOjueNH6w,라이언티,JYiQOLbled0,라인 음성 대사에 빡쳐버린 상대방 라인ㅋㅋㅋ,2019-03-15T03:00:00Z,282.0,False,59307,1597.0,94.0
2989,UChGrYmp0PTFef-XOjueNH6w,라이언티,LAZaOfMvLgo,저세상 난청 듀오 빌런,2019-03-21T05:15:00Z,295.0,False,53258,1443.0,136.0
2989,UChGrYmp0PTFef-XOjueNH6w,라이언티,2irgJXjbPVs,오버워치 개 똑같다 특집 1탄,2019-04-28T10:15:00Z,227.0,False,70324,1395.0,181.0
2989,UChGrYmp0PTFef-XOjueNH6w,라이언티,ufRw88R67Es,생일,2019-05-14T13:56:45Z,,False,0,0.0,0.0
2989,UChGrYmp0PTFef-XOjueNH6w,라이언티,NfRj9vje5ws,"그때 그 시절, 오버워치 팀보 1",2022-11-26T06:15:00Z,34.0,True,33110,674.0,44.0
2989,UChGrYmp0PTFef-XOjueNH6w,라이언티,hpHXu18okFg,"그때 그 시절, 오버워치 팀보2",2022-11-27T03:00:30Z,56.0,True,44053,821.0,30.0
2989,UChGrYmp0PTFef-XOjueNH6w,라이언티,TUeGSvDmfvE,옵치1 그때 그 시절 레킹볼,2022-11-28T03:00:21Z,19.0,True,131302,2089.0,67.0
2989,UChGrYmp0PTFef-XOjueNH6w,라이언티,EnmCV7RJ-Cs,"그때 그 시절, 오버워치 팀보3",2022-11-30T03:00:06Z,60.0,True,10831,211.0,8.0
2989,UChGrYmp0PTFef-XOjueNH6w,라이언티,OYA30Jflusk,이걸 못 잡네 븅딱 같은 ;;,2022-12-01T03:00:09Z,22.0,True,79557,832.0,22.0
2989,UChGrYmp0PTFef-XOjueNH6w,라이언티,f_hr1A5WiyU,"그때 그 시절, 오버워치 팀보4",2022-12-05T03:15:00Z,41.0,True,15481,255.0,15.0
2989,UChGrYmp0PTFef-XOjueNH6w,라이언티,doN5z1Z30oc,성대모사 뽕 받은 루시우ㅋㅋㅋ,2022-12-27T12:13:35Z,60.0,True,90204,1784.0,40.0
2989,UChGrYmp0PTFef-XOjueNH6w,라이언티,teJZ1PrNg0M,옵치 유튜버 만났을 때 특ㅋㅋㅋ,2023-02-05T03:15:01Z,60.0,True,14843,314.0,44.0
2990,UCviD8FRJE2BGUxI8SGOqfLQ,쌈용,Iakur8ahTo4,쌈용 에오스레드 신섭 하틴 사신길드인원모집중! 저녁쟁 ㄱㄱㄱ 안녕하세요 4월 3일,2026-04-03T16:52:56Z,31621.0,False,17432,331.0,3.0
2990,UCviD8FRJE2BGUxI8SGOqfLQ,쌈용,pJXOILkjxJM,쌈용 에오스레드 신섭 하틴 오늘도 저녁 빡쟁인가요~? 사신길드인원모집합니다 4월 4일,2026-04-04T14:48:46Z,15619.0,False,13790,279.0,0.0
2990,UCviD8FRJE2BGUxI8SGOqfLQ,쌈용,lopCdFW_hy4,쌈용 리니지 클래식 데포 새벽3시보탐까지만~! 최초스턴기사 이문주 축하합니다~!~! 4월 5일,2026-04-04T18:32:55Z,11437.0,False,12893,220.0,1.0
2990,UCviD8FRJE2BGUxI8SGOqfLQ,쌈용,SExLx8Hl7a4,[리니지클래식] 커츠 잡았는데 서버 최초로 스턴이 나왔다!!!😎,2026-04-05T03:30:20Z,218.0,False,39587,384.0,72.0
2990,UCviD8FRJE2BGUxI8SGOqfLQ,쌈용,nlV_dP8-iwk,쌈용 에오스레드 신섭 하틴 드라켄 쉽게잡음 저녁쟁 ㄱㄱ 사신길드인원모집합니다 4월 5일,2026-04-05T15:05:45Z,18871.0,False,18873,296.0,0.0
2990,UCviD8FRJE2BGUxI8SGOqfLQ,쌈용,wjHS8bKK6Gs,쌈용 리니지 클래식 데포 커츠 솔리드캐리지득 ㅅㅅㅅㅅ 새벽 3시보탐까지만 짧방 ㄱㄱ  4월 6일,2026-04-05T18:23:00Z,10035.0,False,8210,147.0,2.0
2990,UCviD8FRJE2BGUxI8SGOqfLQ,쌈용,BbVdOlZkQ7U,쌈용 리니지 클래식 데포 적혈추가 순간이동주문서1장당 적1명 썰자좀 할께요  4월 6일,2026-04-06T16:04:22Z,22557.0,False,54066,612.0,6.0
2990,UCviD8FRJE2BGUxI8SGOqfLQ,쌈용,r86Symd6Ybg,쌈용 리니지 클래식 데포 ㅎㅇ요 재밌다  4월7일,2026-04-07T14:28:43Z,15799.0,False,14692,304.0,2.0
2990,UCviD8FRJE2BGUxI8SGOqfLQ,쌈용,m2HrTPNAKp0,"쌈용 에오스레드 신섭 ""하틴"" 사신길드인원모집중 ! 저녁쟁 하고 스펙업 ㄱㄱㄱㄱ 4월 10일",2026-04-10T15:17:28Z,20036.0,False,10399,305.0,0.0
2990,UCviD8FRJE2BGUxI8SGOqfLQ,쌈용,GW5v2aqwezQ,쌈용 에오스레드 신섭 하틴 오늘은 즐거운 토요일 드라켄 잡는날 사신 길드 인원모집합니다 4월 11일,2026-04-11T14:46:28Z,13041.0,False,10958,231.0,0.0
2990,UCviD8FRJE2BGUxI8SGOqfLQ,쌈용,IBGNIhR7NKQ,쌈용 리니지 클래식 ㅎㅇ요 새벽타임 ㄱㄱㄱㄱ  4월 12일,2026-04-11T20:06:20Z,17056.0,False,16882,283.0,0.0
2990,UCviD8FRJE2BGUxI8SGOqfLQ,쌈용,XW41oXkilew,[에오스레드] 드디어 뽑았다 고대 펫 컬렉 끝판왕😂,2026-04-12T03:30:26Z,353.0,False,1357,19.0,2.0
2990,UCviD8FRJE2BGUxI8SGOqfLQ,쌈용,QWS20b1l80I,쌈용 에오스레드 신섭 하틴 새벽엔 스펙업 사신 길드인원모집합니다   4월 13일,2026-04-12T18:21:11Z,25972.0,False,20700,365.0,1.0
2990,UCviD8FRJE2BGUxI8SGOqfLQ,쌈용,pXgD_QsH_xk,쌈용 리니지 클래식 데포 ㅎㅇ 좋은저녁입니다 ㅎ ㅎ ㅎ ㅎ  4월 13일,2026-04-13T21:34:52Z,33003.0,False,38866,572.0,1.0
2990,UCviD8FRJE2BGUxI8SGOqfLQ,쌈용,NpzierQOeIk,쌈용 에오스레드 과금제한서버 신서버 하틴 저녁쟁 레츠고~! 저녁보탐 ~! 사신길드인원모집중 4월 14일,2026-04-14T14:47:28Z,11943.0,False,3918,135.0,0.0
2990,UCviD8FRJE2BGUxI8SGOqfLQ,쌈용,h-KE9U3FeXQ,쌈용 리니지 클래식 데포 ㅎㅇ 점검때 방종 새벽타임 ㄱㄱ  4월 14일,2026-04-14T16:53:27Z,7193.0,False,4584,77.0,2.0
2990,UCviD8FRJE2BGUxI8SGOqfLQ,쌈용,phL9w8x4Lb8,쌈용 리니지 클래식 데포 ㅎㅇ 날씨좋네 라톰삽니다  4월 16일,2026-04-16T06:39:27Z,18473.0,False,21541,354.0,0.0
2990,UCviD8FRJE2BGUxI8SGOqfLQ,쌈용,uPAJSPO7RnQ,쌈용 에오스레드 신섭 하틴 사신길드인원모집중! 저녁쟁 + 패키지 스펙업 ㄱ 4월 16일,2026-04-16T14:59:19Z,11284.0,False,4917,99.0,0.0
2990,UCviD8FRJE2BGUxI8SGOqfLQ,쌈용,gdjmEkmaaaM,쌈용 에오스레드 신섭 하틴 저녁보탐 렛츠고  사신 길드인원모집중!!  4월 17일,2026-04-17T15:04:24Z,17855.0,False,6407,172.0,0.0
2990,UCviD8FRJE2BGUxI8SGOqfLQ,쌈용,3yjumvVKJrU,"쌈용 리니지 클래식 데포 ㅎㅇ 블리자드,라이트닝스톰 삽니다  4월 18일",2026-04-17T18:41:21Z,11866.0,False,4914,115.0,3.0
2990,UCviD8FRJE2BGUxI8SGOqfLQ,쌈용,JdeTyr7xh4U,쌈용 에오스레드 신섭 하틴 토요일 오늘 드라켄 잡는날 보탐끝나고 웹상점 패키지 ㄱ ㄱㄱ    4월 18일,2026-04-18T14:35:56Z,10676.0,False,2591,83.0,0.0
2990,UCviD8FRJE2BGUxI8SGOqfLQ,쌈용,lf53xvKjQ2Y,쌈용 리니지 클래식 데포 ㅎㅇ 라톰 블리자드 삽니다   4월 19일,2026-04-18T17:32:26Z,4535.0,False,3908,83.0,2.0
2990,UCviD8FRJE2BGUxI8SGOqfLQ,쌈용,3iBfg2tHNYg,쌈용 에오스레드 신섭 하틴 사신 길드인원모집중 오늘 황룡 뽑아보자 4월 19일,2026-04-19T15:03:20Z,13655.0,False,14696,310.0,0.0
2990,UCviD8FRJE2BGUxI8SGOqfLQ,쌈용,GYvCUuYVF50,쌈용 리니지 클래식 데포 ㅎㅇ 4월 20일,2026-04-19T19:25:12Z,13893.0,False,9018,171.0,1.0
2990,UCviD8FRJE2BGUxI8SGOqfLQ,쌈용,s7Qm0aPMEz4,쌈용 리니지 클래식 데포 ㅎㅇ 굿모닝 내일 화둥업데이트 신섭안갑니다~! 4월 21일,2026-04-21T05:29:10Z,23774.0,False,15357,334.0,1.0
2990,UCviD8FRJE2BGUxI8SGOqfLQ,쌈용,qSxltCTfk_0,쌈용 리니지 클래식 데포 ㅎㅇ 업데이트 커츠힐x 이뮨도 드랍정보 떴네요 ㅎ;ㅎ;  4월 22일,2026-04-22T11:04:37Z,30851.0,False,51077,503.0,2.0
2990,UCviD8FRJE2BGUxI8SGOqfLQ,쌈용,OHZFEJTO2wI,[에오스레드] 형 아직 한 발 남았다 (ft. 태초 뽑기),2026-04-23T06:00:26Z,255.0,False,341,6.0,0.0
2990,UCviD8FRJE2BGUxI8SGOqfLQ,쌈용,stfv1THBtss,"쌈용 리니지 클래식 데포 ㅎㅇ 라톰 ,블리자드 삽니다 4월 23일",2026-04-23T13:30:06Z,26511.0,False,35540,601.0,0.0
2990,UCviD8FRJE2BGUxI8SGOqfLQ,쌈용,pABNsZe8LkU,[에오스레드] 소서리스 태초 펫 풀 장판 드디어 완성했다🤓,2026-04-24T07:15:07Z,242.0,False,590,12.0,1.0
2990,UCviD8FRJE2BGUxI8SGOqfLQ,쌈용,jJeGhAf50u0,쌈용 리니지 클래식 데포 ㅎㅇ 날씨 너무좋고  라톰 삽니다  4월 24일,2026-04-24T10:09:40Z,17053.0,False,22618,381.0,0.0
2990,UCviD8FRJE2BGUxI8SGOqfLQ,쌈용,JP7qJWwv00o,"쌈용 리니지 클래식 데포 ㅎㅇ 리방// 컴퓨터멈춰서 렙따함 ㅠㅠ 라톰 ,블리자드 삽니다 4월 23일",2026-04-24T12:41:18Z,9220.0,False,7386,122.0,2.0
2990,UCviD8FRJE2BGUxI8SGOqfLQ,쌈용,ZSKvDm4Udms,쌈용 리니지 클래식 데포 ㅎㅇ 라톰 블리자드 장로반지삽니다 4월 25일,2026-04-25T15:20:50Z,22190.0,False,21229,327.0,1.0
2990,UCviD8FRJE2BGUxI8SGOqfLQ,쌈용,C0pddQc8cdE,쌈용 리니지 클래식 데포 ㅎㅇ  4월 26일,2026-04-26T10:57:18Z,11210.0,False,14974,289.0,2.0
2990,UCviD8FRJE2BGUxI8SGOqfLQ,쌈용,pX7NRmosuqA,쌈용  리니지 클래식 데포 ㅎㅇ 안녕하세요 쌈용이왔슴다 4월 27일,2026-04-27T14:16:37Z,24170.0,False,36194,659.0,0.0
2990,UCviD8FRJE2BGUxI8SGOqfLQ,쌈용,pzhDH_VdgXg,쌈용 리니지 클래식 데포 ㅎㅇ 날씨좋다 4월 28일,2026-04-28T11:22:41Z,17995.0,False,14696,351.0,0.0
2990,UCviD8FRJE2BGUxI8SGOqfLQ,쌈용,TUW6VGD0xg0,쌈용 리니지 클래식 데포 ㅎㅇ  이발했는데 망해서 그냥 밀어버림 곧 여름이잖아 4월 29일,2026-04-29T10:56:46Z,16676.0,False,28914,621.0,4.0
2990,UCviD8FRJE2BGUxI8SGOqfLQ,쌈용,2XTdgtpDCH4,쌈용 리니지 클래식 데포 ㅎㅇ 스턴 축하드립니다! 호형호제 혈원모집중 좋은저녁 4월 30일,2026-04-30T14:06:54Z,15461.0,False,32044,644.0,2.0
2990,UCviD8FRJE2BGUxI8SGOqfLQ,쌈용,6i_WdDqhixQ,쌈용 리니지 클래식 데포 ㅎㅇ 날씨 진짜 너무좋네 리니지해야지 5월 1일,2026-05-01T12:31:42Z,15940.0,False,16236,392.0,3.0
2990,UCviD8FRJE2BGUxI8SGOqfLQ,쌈용,x9OanHNsM9E,쌈용 리니지 클래식 데포 ㅎㅇ 안녕하세요 좋은주말 저녁입니다 ^^  5월 2일,2026-05-02T12:53:08Z,11085.0,False,10102,200.0,3.0
2990,UCviD8FRJE2BGUxI8SGOqfLQ,쌈용,qWCRT-U0lFc,쌈용 리니지 클래식 데포 ㅎㅇ안녕하세요 벌써일요일  커츠 4일째 멍  5월3일,2026-05-03T13:07:14Z,8799.0,False,9090,182.0,1.0
2990,UCviD8FRJE2BGUxI8SGOqfLQ,쌈용,cwJlyOj4ZoM,쌈용 리니지 클래식 데포 ㅎㅇㅎㅇㅎㅇ   5월4일,2026-05-04T17:20:21Z,16016.0,False,24707,402.0,6.0
2990,UCviD8FRJE2BGUxI8SGOqfLQ,쌈용,dmjPKkjxFRc,쌈용 리니지 클래식 데포 ㅎㅇ  ^^  5월6일,2026-05-06T14:41:32Z,17193.0,False,24710,432.0,2.0
2990,UCviD8FRJE2BGUxI8SGOqfLQ,쌈용,FNRBXhY4QRE,쌈용 리니지 클래식 데포 ㅎㅇ  욕하지않고 게임하기  5월7일,2026-05-07T16:12:49Z,12207.0,False,6383,184.0,1.0
2990,UCviD8FRJE2BGUxI8SGOqfLQ,쌈용,7REnxW_GXPo,쌈용 리니지 클래식 데포 ㅎㅇ 좋은점심~ 5월8일,2026-05-08T10:04:38Z,19599.0,False,14413,321.0,0.0
2990,UCviD8FRJE2BGUxI8SGOqfLQ,쌈용,V_jD7-enpsc,쌈용 리니지 클래식 데포 ㅎㅇ 5월10일,2026-05-10T14:06:53Z,18221.0,False,21976,377.0,0.0
2990,UCviD8FRJE2BGUxI8SGOqfLQ,쌈용,jaUMuH6w4QY,쌈용 리니지 클래식 데포 스릴넘치는 도펠밭 같이노실분 환영  새벽3시 보탐전까지 ㄱㄱ  5월11일,2026-05-11T10:28:40Z,17871.0,False,22894,429.0,2.0
2990,UCviD8FRJE2BGUxI8SGOqfLQ,쌈용,-UxS5aIS3OM,쌈용 리니지 클래식 데포 스릴넘치는 도펠밭 4번밖에안죽음 괜찬  새벽3시보탐전까지 ㄱ ㄱ   5월12일,2026-05-12T12:47:42Z,23057.0,False,27192,443.0,1.0
2990,UCviD8FRJE2BGUxI8SGOqfLQ,쌈용,PgHYy3luwMc,쌈용 리니지 클래식 데포 오늘도 스릴넘치는 도펠밭 다른방법이필요함  5월13일,2026-05-13T11:45:32Z,17906.0,False,17180,321.0,0.0
2990,UCviD8FRJE2BGUxI8SGOqfLQ,쌈용,X9BuVskL_pU,쌈용 리니지 클래식 데포 ㅎㅇㅎㅇ 안녕하세요 5월14일,2026-05-14T10:21:41Z,18595.0,False,21299,397.0,1.0
2990,UCviD8FRJE2BGUxI8SGOqfLQ,쌈용,ZPh9TTkIvjs,쌈용 리니지 클래식 데포 ㅎㅇ 진짜 여름이다 덥다..날씨 .. ㅎㄷㄷ  5월16일,2026-05-16T10:03:14Z,8140.0,False,8563,186.0,0.0
2991,UCkg_ptWOT06O3_fbzaQlLlg,milkcat 밀캣 (밀크캣),LBL5JmSbJ7w,내돈내산💸존예 입생로랑 쿨톤 블러셔 3개 추천😆 #밀캣,2026-02-09T02:21:00Z,99.0,False,7449,138.0,3.0
2991,UCkg_ptWOT06O3_fbzaQlLlg,milkcat 밀캣 (밀크캣),Icrx3iziLkE,노오일 노워시 기깔나는 클렌징패드‼️ #베라모어클렌징패드,2026-02-10T12:00:35Z,59.0,True,3026,29.0,0.0
2991,UCkg_ptWOT06O3_fbzaQlLlg,milkcat 밀캣 (밀크캣),_DIeLBF91mU,노광고+브라 입는 법🔥라운테스 1년 이상 입은 찐 편한 브라 12개 추천🔥안보면 ㄹㅇ 손해 [ 밀캣 / milkcat ],2026-02-11T12:01:00Z,967.0,False,3933,179.0,71.0
2991,UCkg_ptWOT06O3_fbzaQlLlg,milkcat 밀캣 (밀크캣),8PFyoAEFhI4,2/19 론칭예정! 민스코 에스쁘아 블러웨어 블러쉬 전색 퍼컬분석‼️ #민스코블러셔,2026-02-13T04:18:42Z,144.0,False,31933,360.0,30.0
2991,UCkg_ptWOT06O3_fbzaQlLlg,milkcat 밀캣 (밀크캣),e4TQiEwG5C8,내돈내산⚠️렌블링 축고정렌즈 42만 5천원💸17개 리뷰[ 밀캣 / milkcat / 밀크캣 ],2026-02-14T12:01:05Z,471.0,False,7760,206.0,24.0
2991,UCkg_ptWOT06O3_fbzaQlLlg,milkcat 밀캣 (밀크캣),2nYM3W7DBZY,에스쁘아 민스코 블러셔🆚루미르 블러셔 비교분석✅ #블러셔추천,2026-02-15T01:57:11Z,155.0,False,30093,280.0,22.0
2991,UCkg_ptWOT06O3_fbzaQlLlg,milkcat 밀캣 (밀크캣),8Wr7oG9dz7Y,⭐️도우인 데일리 메이크업 1탄 #밀캣,2026-02-20T13:53:30Z,75.0,False,4009,53.0,2.0
2991,UCkg_ptWOT06O3_fbzaQlLlg,milkcat 밀캣 (밀크캣),ocfIhhJX7pg,도우인 데일리 메이크업 2⭐️ #밀캣,2026-02-20T13:59:04Z,91.0,False,3381,62.0,10.0
2991,UCkg_ptWOT06O3_fbzaQlLlg,milkcat 밀캣 (밀크캣),4v-uarhqJkQ,묘비명은 그거니?,2026-02-27T05:02:03Z,6.0,True,13318,41.0,9.0
2991,UCkg_ptWOT06O3_fbzaQlLlg,milkcat 밀캣 (밀크캣),WxXFEi5usVA,"올영 세일 받고, 요즘 잘 쓰는 기초 추천❤️ #기초추천",2026-02-27T12:16:00Z,62.0,False,4653,68.0,0.0
2991,UCkg_ptWOT06O3_fbzaQlLlg,milkcat 밀캣 (밀크캣),LcOFosd4qjc,3/1출시예정‼️클리오 국가유산청 전제품 메이크업 후기❤️ #클리오국가유산청,2026-02-27T23:25:05Z,141.0,False,17911,178.0,9.0
2991,UCkg_ptWOT06O3_fbzaQlLlg,milkcat 밀캣 (밀크캣),4SuSBaQKwQo,#올영세일 저는 뭘 질렀을까요??!,2026-03-02T14:51:12Z,164.0,False,17593,100.0,16.0
2991,UCkg_ptWOT06O3_fbzaQlLlg,milkcat 밀캣 (밀크캣),1EDS4HvBTdI,노글루 속눈썹 붙이는 팁❤️ #밀캣 #룩스컬러,2026-03-05T05:14:49Z,47.0,True,6039,64.0,7.0
2991,UCkg_ptWOT06O3_fbzaQlLlg,milkcat 밀캣 (밀크캣),oZ6oXO1Lw_I,진짜로 신점은 생년월일을 안물어본다 #신점,2026-03-06T14:38:08Z,134.0,False,15930,439.0,15.0
2991,UCkg_ptWOT06O3_fbzaQlLlg,milkcat 밀캣 (밀크캣),_orWbjMdv-w,뷰티최초‼️랜덤 비즈 스쿱 이벤트❤️많관부!!!,2026-03-10T11:46:58Z,25.0,True,1931,19.0,1.0
2991,UCkg_ptWOT06O3_fbzaQlLlg,milkcat 밀캣 (밀크캣),5vfHFHgZC0o,에뛰드 가나디!! 써봤슴다! #에뛰드가나디 #솔직리뷰,2026-03-11T04:53:58Z,117.0,False,5065,119.0,4.0
2991,UCkg_ptWOT06O3_fbzaQlLlg,milkcat 밀캣 (밀크캣),HLTTh5jGkv8,봄이니까🌸태오앤더 블러셔 3개추천❤️ #쿨톤블러셔,2026-03-12T14:06:37Z,83.0,False,7962,68.0,12.0
2991,UCkg_ptWOT06O3_fbzaQlLlg,milkcat 밀캣 (밀크캣),Opd8eow4wJQ,여름쿨톤 라이트 친구 봄 메이크업 해주기👀 #룩스컬러 #밀캣,2026-03-14T05:31:19Z,63.0,False,3328,35.0,1.0
2991,UCkg_ptWOT06O3_fbzaQlLlg,milkcat 밀캣 (밀크캣),nURG6okqqWM,팔레트 활용 조합이 어려워?😞 이렇게만 따라하면 무조건 성공이에요! 😆👍 봄 웜톤 메이크업 / 가을 웜톤 메이크업 / 똥손 필수시청 [ 밀캣 / milkcat / 밀크캣 ],2026-03-18T11:01:32Z,422.0,False,1119,38.0,19.0
2991,UCkg_ptWOT06O3_fbzaQlLlg,milkcat 밀캣 (밀크캣),BP_x4cecK88,홀리카 웜톤 메이크업‼️이거 보고 따라하세요!,2026-03-18T11:23:32Z,30.0,True,3007,23.0,0.0
2991,UCkg_ptWOT06O3_fbzaQlLlg,milkcat 밀캣 (밀크캣),v-3cWc9G2RI,렌시스 무회전렌즈 도니아 전색 리뷰👁️🫦👁️ #렌시스도니아,2026-03-19T02:20:15Z,74.0,False,8902,279.0,17.0
2991,UCkg_ptWOT06O3_fbzaQlLlg,milkcat 밀캣 (밀크캣),nPqjraasRSg,투슬래시포 핑크블러셔 4개 리뷰 #내돈내산,2026-03-21T01:59:26Z,88.0,False,25643,380.0,17.0
2991,UCkg_ptWOT06O3_fbzaQlLlg,milkcat 밀캣 (밀크캣),XCvCvhiOqRI,4월 출시예정! 에뛰드 핑크나라 공주 컬렉션 리뷰✅ #에뛰드공주,2026-03-21T15:00:24Z,143.0,False,39323,538.0,23.0
2991,UCkg_ptWOT06O3_fbzaQlLlg,milkcat 밀캣 (밀크캣),B0Z6epeCdxY,랜덤 비즈스쿱 화장품 선물asmr🔮 #밀벤트,2026-03-24T09:09:28Z,110.0,False,2775,49.0,2.0
2991,UCkg_ptWOT06O3_fbzaQlLlg,milkcat 밀캣 (밀크캣),GZO5fR90xaE,루미르 신상! 4구 팔레트 전색 발색✨#성수팝업 #무신사뷰티,2026-03-26T03:15:22Z,55.0,True,10178,124.0,7.0
2991,UCkg_ptWOT06O3_fbzaQlLlg,milkcat 밀캣 (밀크캣),QhQ2yV8SERI,15분 메이크업 템들 추천🫡밀캣 단독 20%할인✅,2026-03-30T08:01:21Z,78.0,False,2076,45.0,2.0
2991,UCkg_ptWOT06O3_fbzaQlLlg,milkcat 밀캣 (밀크캣),o2VtJggYPF4,석촌호수 벚꽃 촬영 명당 알려드림📸 #벚꽃놀이 #벚꽃명소,2026-03-31T10:14:19Z,29.0,True,9686,147.0,2.0
2991,UCkg_ptWOT06O3_fbzaQlLlg,milkcat 밀캣 (밀크캣),A5wDNB6njH4,"맑은 레드 립, 치크 이거다‼️❤️ #내돈내산",2026-04-03T04:28:13Z,40.0,True,6819,110.0,4.0
2991,UCkg_ptWOT06O3_fbzaQlLlg,milkcat 밀캣 (밀크캣),Xzsp78xKuag,다양한 겨울쿨톤 브라이트 메이크업들❄️ #밀캣,2026-04-04T11:31:56Z,16.0,True,57356,694.0,17.0
2991,UCkg_ptWOT06O3_fbzaQlLlg,milkcat 밀캣 (밀크캣),29glzF1QGuo,#내돈내산 인스타360스냅 snap 리뷰!!!,2026-04-06T13:06:22Z,49.0,True,5136,110.0,6.0
2991,UCkg_ptWOT06O3_fbzaQlLlg,milkcat 밀캣 (밀크캣),ZcfT-5G0RX8,2초 노글루 속눈썹이 나왔다! By 코링코 톡톡하라👁️🫦👁️,2026-04-08T08:49:58Z,61.0,False,7299,95.0,1.0
2991,UCkg_ptWOT06O3_fbzaQlLlg,milkcat 밀캣 (밀크캣),XnLnzWuyCG0,착색괴물에 촉촉한 틴트라고🫢?!! #브레이씬글로우틴트,2026-04-09T13:53:55Z,103.0,False,8738,162.0,7.0
2991,UCkg_ptWOT06O3_fbzaQlLlg,milkcat 밀캣 (밀크캣),9yYt4nxCdMI,나이트케어🌉 asmr👁️🫦👁️,2026-04-12T14:47:31Z,99.0,False,3815,27.0,0.0
2991,UCkg_ptWOT06O3_fbzaQlLlg,milkcat 밀캣 (밀크캣),dLqIrU0HXts,"레전드 코끝, 입술 쉐딩 팁‼️따라하세요✅ #쉐딩법",2026-04-13T05:50:38Z,101.0,False,7191,250.0,11.0
2991,UCkg_ptWOT06O3_fbzaQlLlg,milkcat 밀캣 (밀크캣),yMjQb2xq7h0,라이트톤 vs 뮤트톤 메이크업 #난둘다,2026-04-14T13:33:12Z,14.0,True,12517,119.0,11.0
2991,UCkg_ptWOT06O3_fbzaQlLlg,milkcat 밀캣 (밀크캣),XHlD910rzTk,통증광공 페리페라 플럼퍼🫢존예✅,2026-04-16T15:38:32Z,62.0,False,4801,53.0,2.0
2991,UCkg_ptWOT06O3_fbzaQlLlg,milkcat 밀캣 (밀크캣),Li2KtpDtC-s,700원 알리속눈썹의 반전👁️🫦👁️‼️#알리속눈썹,2026-04-17T15:03:10Z,65.0,False,2985,25.0,1.0
2991,UCkg_ptWOT06O3_fbzaQlLlg,milkcat 밀캣 (밀크캣),4KR7JsYDopk,앤365 무회전 렌즈 안도라??!!! #내돈내산,2026-04-19T11:32:18Z,61.0,False,2657,26.0,1.0
2991,UCkg_ptWOT06O3_fbzaQlLlg,milkcat 밀캣 (밀크캣),Ek4zUW4fgc4,봄 데이트룩 데일리룩 종결 상의🌸청순섹시 #내돈내산,2026-04-20T04:57:50Z,54.0,True,2388,24.0,0.0
2991,UCkg_ptWOT06O3_fbzaQlLlg,milkcat 밀캣 (밀크캣),OVqFzWMY1O0,30-40대 관리!! 줄기세포주사 맞아봤습니다! 혈관 + 피부 케어✅ [밀캣 / milkcat / 밀크캣 ],2026-04-20T15:32:17Z,401.0,False,2350,28.0,6.0
2991,UCkg_ptWOT06O3_fbzaQlLlg,milkcat 밀캣 (밀크캣),u0T7ar2Qnec,애교살 그림자 쉽게 그리는 법‼️똥손 주목✅,2026-04-22T11:21:09Z,85.0,False,9994,203.0,10.0
2991,UCkg_ptWOT06O3_fbzaQlLlg,milkcat 밀캣 (밀크캣),vB-dp0mP1AM,1500원 알리 무펄 하이라이터🫢근데 너어...?! #무펄하라,2026-04-25T05:53:42Z,52.0,True,3147,13.0,0.0
2991,UCkg_ptWOT06O3_fbzaQlLlg,milkcat 밀캣 (밀크캣),qsKB2IawGGg,내돈내산 초여름네일💅,2026-04-29T01:15:41Z,28.0,True,2961,19.0,1.0
2991,UCkg_ptWOT06O3_fbzaQlLlg,milkcat 밀캣 (밀크캣),kI0N6XGg9A4,뮤드 성수 팝업🧁당장 고‼️,2026-04-29T14:58:40Z,42.0,True,3281,36.0,1.0
2991,UCkg_ptWOT06O3_fbzaQlLlg,milkcat 밀캣 (밀크캣),3sAwthfo7EQ,쉐딩추천‼️3위부터 1위까지✨,2026-05-01T14:06:00Z,59.0,True,5486,66.0,3.0
2991,UCkg_ptWOT06O3_fbzaQlLlg,milkcat 밀캣 (밀크캣),E5_c2HOYbh4,뮤드 엔젤허그 글레이즈 전색 리뷰🪽✨#뮤드엔젤허그,2026-05-03T15:28:38Z,112.0,False,10609,91.0,7.0
2991,UCkg_ptWOT06O3_fbzaQlLlg,milkcat 밀캣 (밀크캣),PVykn05EJZ8,컬리 다이어트템 추천✨💜 #마켓컬리 #유지어터,2026-05-06T10:43:40Z,122.0,False,3747,41.0,1.0
2991,UCkg_ptWOT06O3_fbzaQlLlg,milkcat 밀캣 (밀크캣),mqnL35Jqtgk,고양이 발바닥 섀도우 팔레트🐈‍⬛밀퓌 팔레트🐾,2026-05-09T03:42:52Z,48.0,True,4959,108.0,5.0
2991,UCkg_ptWOT06O3_fbzaQlLlg,milkcat 밀캣 (밀크캣),11zm287tb7o,투에이엔 하이라이터 7개 추천✨#쿨톤하이라이터,2026-05-12T08:54:57Z,95.0,False,3380,31.0,2.0
2991,UCkg_ptWOT06O3_fbzaQlLlg,milkcat 밀캣 (밀크캣),iIhTaEw4Vz4,은은 멀멀 메이크업 쉽게 하는법👀 #멀멀메이크업,2026-05-13T14:09:21Z,78.0,False,4504,71.0,3.0
2992,UCHcY90vjkxjLTVBROTT7TBQ,함민서,inSxU9SqCS0,07년생 첫 고등학교 입학식 브이로그,2023-03-06T08:41:04Z,233.0,False,265016,3280.0,142.0
2992,UCHcY90vjkxjLTVBROTT7TBQ,함민서,15-xDvMCGEQ,07년생 화장 방법,2023-03-12T10:34:50Z,308.0,False,256301,3559.0,278.0
2992,UCHcY90vjkxjLTVBROTT7TBQ,함민서,lqZ2B-PoR-A,단지 혼자 집에서 귀 뚫는 영상,2023-03-22T07:57:02Z,57.0,True,55754,657.0,36.0
2992,UCHcY90vjkxjLTVBROTT7TBQ,함민서,XWpxJpwOxqU,학교에서 화장하기 (asmr..?),2023-10-19T15:09:45Z,275.0,False,143672,2027.0,92.0
2992,UCHcY90vjkxjLTVBROTT7TBQ,함민서,HB8mIsfilp4,07년생 강릉가는 화장법,2024-01-18T20:30:51Z,302.0,False,200838,2330.0,103.0
2992,UCHcY90vjkxjLTVBROTT7TBQ,함민서,oJf_cXMQ4BM,뒷북치는 개학 겟레디윗미 그리고 인생 첫 웜톤 화장,2024-04-03T13:55:31Z,674.0,False,489244,7332.0,269.0
2992,UCHcY90vjkxjLTVBROTT7TBQ,함민서,CgI4u59FEDY,열여덟의 갈고 닦은 웜톤 화장 레츠기릿.,2024-08-26T03:00:06Z,1042.0,False,2462756,53545.0,2018.0
2992,UCHcY90vjkxjLTVBROTT7TBQ,함민서,jiFX1-LRGgo,07의 개망한 핑잘봄 화장법,2024-09-15T15:00:53Z,772.0,False,388843,7284.0,378.0
2992,UCHcY90vjkxjLTVBROTT7TBQ,함민서,xh6XiYsqPDs,많은 분들이 요청해주신 여쿨 근데 이제 톤그로를 곁들인,2024-10-23T12:01:30Z,956.0,False,479893,8132.0,404.0
2992,UCHcY90vjkxjLTVBROTT7TBQ,함민서,Vr8Mk-v1Sj4,[엔시티드림티켓팅] 다음생에는 아이돌 안 좋아하게 해주세요,2024-11-24T14:33:57Z,609.0,False,361241,5365.0,351.0
2992,UCHcY90vjkxjLTVBROTT7TBQ,함민서,WLm4nzGkHpg,썰 풀면서 화장하기(인스타공개),2025-01-13T13:26:39Z,1138.0,False,783964,15145.0,716.0
2992,UCHcY90vjkxjLTVBROTT7TBQ,함민서,GazZdrDn1pM,저 사실 엔시티 도영님 콘서트 갔다 왔어요,2025-01-24T10:29:01Z,483.0,False,197309,4684.0,229.0
2992,UCHcY90vjkxjLTVBROTT7TBQ,함민서,rAp-WyWCye0,쌍수 브이로그를 빙자한 일상 브이로그,2025-03-01T14:33:22Z,1095.0,False,324756,6843.0,682.0
2992,UCHcY90vjkxjLTVBROTT7TBQ,함민서,T5_1YdNmtv0,잔잔하게 수다 떨면서 레전드 뒷북 개학 겟레디윗미 ㄷㄷ,2025-04-07T14:09:13Z,1241.0,False,836727,20841.0,726.0
2992,UCHcY90vjkxjLTVBROTT7TBQ,함민서,It7YM7bjg1U,얘기 하면서 졸업사진 화장 feat.앞머리 자르기,2025-06-11T13:32:12Z,1102.0,False,381320,7488.0,380.0
2992,UCHcY90vjkxjLTVBROTT7TBQ,함민서,BJqNEFqvwFA,[재업ㅠㅠ] 07년생 졸업사진 브이로그(+컨셉졸사),2025-06-20T14:55:42Z,781.0,False,481224,7938.0,324.0
2992,UCHcY90vjkxjLTVBROTT7TBQ,함민서,AFjO4rt3YJI,화장 하면서 쌍수 QnA,2025-06-28T07:54:38Z,1396.0,False,300956,4365.0,267.0
2992,UCHcY90vjkxjLTVBROTT7TBQ,함민서,G667fX_FzxQ,콘서트 30분 전인데 티켓 두고 옴,2025-07-17T07:09:26Z,248.0,False,442751,6750.0,261.0
2992,UCHcY90vjkxjLTVBROTT7TBQ,함민서,b6iqgdx7mB0,고3의 죠죠의기묘한모험,2025-09-15T09:44:57Z,16.0,True,150582,4093.0,106.0
2992,UCHcY90vjkxjLTVBROTT7TBQ,함민서,-t6kU8-771Q,제 썰 들으면서 화장 같이 합니다,2025-11-09T13:40:41Z,1531.0,False,424978,8108.0,733.0
2992,UCHcY90vjkxjLTVBROTT7TBQ,함민서,vqqTq5rEpQk,07년생 첫 술 생존기,2026-01-19T14:21:40Z,894.0,False,210838,4570.0,401.0
2992,UCHcY90vjkxjLTVBROTT7TBQ,함민서,6fEzS-4vM_A,갸루 했음 feat. 쉬인깡,2026-03-08T14:26:48Z,1796.0,False,174733,6437.0,480.0
2992,UCHcY90vjkxjLTVBROTT7TBQ,함민서,if_cXJnwTAo,남자인척 배그하다가 들킨썰과 리뉴얼된 핑잘봄 화장,2026-04-19T11:15:06Z,1352.0,False,138297,4108.0,578.0
2993,UCt4bWJILlEo1hvsR224ASyA,스포츠클래식 SportsClassic,pjrhkytFDC4,"[260429(수)/(LIVE)] 오늘도 연장파티! KBO리그 벌써부터 뜨겁다 / LG 마무리, 그냥 우석이를 불러와야 하나 / 롯데, 드디어 기어나온 투수 갈갈쇼",2026-04-29T17:14:16Z,5666.0,False,12586,398.0,10.0
2993,UCt4bWJILlEo1hvsR224ASyA,스포츠클래식 SportsClassic,eFW8Tyaq-g0,키움대학교 (최근 롯데 성적으로 인해 제정신이 아닌 점 양해부탁드립니다),2026-04-30T01:00:42Z,27.0,True,18987,212.0,28.0
2993,UCt4bWJILlEo1hvsR224ASyA,스포츠클래식 SportsClassic,RCbjGB1JRBo,[스클 LIVE] 2026 KBO리그 키움 히어로즈 : 롯데 자이언츠 / 2026.04.30 경기 (배동현 vs 비슬리),2026-04-30T12:42:57Z,12133.0,False,13722,276.0,0.0
2993,UCt4bWJILlEo1hvsR224ASyA,스포츠클래식 SportsClassic,mDRGX6SHBOE,"[260430(목)/(LIVE)] 4월 마지막 날, 한화 회장님 왔는데 경기력 참패 / LG의 눈물나는 세이브 시도, 오늘은 웃었다! / 롯데vs키움, 어떻게 이런 웅장한 대결이",2026-04-30T16:11:48Z,4463.0,False,9568,332.0,7.0
2993,UCt4bWJILlEo1hvsR224ASyA,스포츠클래식 SportsClassic,XTyl6-lI0t0,[스클 LIVE] 2026 메이저리그 샌프란시스코 자이언츠 : 필라델피아 필리스 DH 1차전 / 2026.05.01 경기 (이정후 7번 중견수 선발 출전),2026-04-30T19:12:50Z,9330.0,False,9970,189.0,0.0
2993,UCt4bWJILlEo1hvsR224ASyA,스포츠클래식 SportsClassic,EXNaVYbh5fI,[스클 LIVE] 2026 메이저리그 샌프란시스코 자이언츠 : 필라델피아 필리스 DH 2차전 / 2026.05.01 경기 (이정후 7번 우익수 선발 출전),2026-05-01T00:20:31Z,6541.0,False,14392,256.0,1.0
2993,UCt4bWJILlEo1hvsR224ASyA,스포츠클래식 SportsClassic,eT_bNvOMnTI,[스클 LIVE] 2026 메이저리그 샌프란시스코 자이언츠 : 필라델피아 필리스 DH 2차전 (우천중단 후 재개) / 2026.05.01 경기 (이정후 7번 우익수 선발 출전),2026-05-01T01:28:22Z,5949.0,False,18745,380.0,2.0
2993,UCt4bWJILlEo1hvsR224ASyA,스포츠클래식 SportsClassic,7kcQVyW77bI,[스클 LIVE] 2026 KBO리그 롯데 자이언츠 : SSG 랜더스 / 2026.05.01 경기 (박세웅 vs 타케다),2026-05-01T12:09:43Z,15385.0,False,22146,361.0,1.0
2993,UCt4bWJILlEo1hvsR224ASyA,스포츠클래식 SportsClassic,xXwLvgTPkZM,"[260501(금)/(LIVE)] 연휴의 시작을 화끈하게! 롯데 시즌 첫 10득점 승리 / 삼성 박승규 원맨쇼, 한화 울렸다 / LG 송찬의 터진다! 오스틴과 쌍포 기대",2026-05-01T18:14:38Z,5330.0,False,11882,379.0,5.0
2993,UCt4bWJILlEo1hvsR224ASyA,스포츠클래식 SportsClassic,Ad8yPFyACXE,[스클 LIVE] 2026 메이저리그 샌프란시스코 자이언츠 : 탬파베이 레이스 / 2026.05.02 경기 (이정후 7번 중견수 선발 출전),2026-05-02T01:22:32Z,7724.0,False,21512,358.0,0.0
2993,UCt4bWJILlEo1hvsR224ASyA,스포츠클래식 SportsClassic,K40OIc2U9mw,[스클 LIVE] 2026 KBO리그 롯데 자이언츠 : SSG 랜더스 / 2026.05.02 경기 (나균안 vs 베니지아노),2026-05-02T08:33:14Z,13064.0,False,24011,455.0,0.0
2993,UCt4bWJILlEo1hvsR224ASyA,스포츠클래식 SportsClassic,OdGFS_7Bm50,"[260502(토)/(LIVE)] 롯데 3연승! 나균안 드디어 첫 승 / KIA 황동하 인생투, 7이닝 무실점으로 승리 / 한화 노구도 터졌다! 불펜을 지키는 다이너마이트 타선",2026-05-02T19:11:17Z,4859.0,False,14572,484.0,12.0
2993,UCt4bWJILlEo1hvsR224ASyA,스포츠클래식 SportsClassic,4mZeXYbEwaQ,[스클 LIVE] 2026 메이저리그 샌프란시스코 자이언츠 : 탬파베이 레이스 / 2026.05.03 경기 (이정후 1번 우익수 선발 출전),2026-05-03T00:54:41Z,9604.0,False,21946,299.0,0.0
2993,UCt4bWJILlEo1hvsR224ASyA,스포츠클래식 SportsClassic,ZqpYlfxg1jM,[스클 LIVE] 2026 KBO리그 롯데 자이언츠 : SSG 랜더스 / 2026.05.03 경기 (김진욱 vs 백승건),2026-05-03T08:11:54Z,11633.0,False,18417,382.0,3.0
2993,UCt4bWJILlEo1hvsR224ASyA,스포츠클래식 SportsClassic,aqJ7fRNIWUo,"[260503(일)/(LIVE)] 롯데 4연승! 웰시코기 데이는 없었다 / 디아즈 끝내기 쓰리런! 삼성, 위닝 시리즈 / 3이닝 세이브 시도한 쿠싱, 한화 벤치의 승부수?",2026-05-03T15:50:36Z,5490.0,False,13980,414.0,7.0
2993,UCt4bWJILlEo1hvsR224ASyA,스포츠클래식 SportsClassic,IiLUfFlNNt4,[스클 LIVE] 2026 메이저리그 샌프란시스코 자이언츠 : 탬파베이 레이스 / 2026.05.04 경기 (이정후 7번 중견수 선발 출전),2026-05-03T20:23:03Z,9575.0,False,11209,240.0,2.0
2993,UCt4bWJILlEo1hvsR224ASyA,스포츠클래식 SportsClassic,S90EaVXOk1Q,2026 아시안게임 야구 대표팀 구단별 후보 명단 정리 [국가대표 도전자들],2026-05-04T12:00:05Z,388.0,False,127162,1218.0,704.0
2993,UCt4bWJILlEo1hvsR224ASyA,스포츠클래식 SportsClassic,YRy_XNmQrpM,[스클 LIVE] 2026 메이저리그 샌디에이고 파드레스 : 샌프란시스코 자이언츠 / 2026.05.05 경기 (이정후 1번 우익수 선발 출전),2026-05-05T04:06:21Z,8368.0,False,17392,301.0,2.0
2993,UCt4bWJILlEo1hvsR224ASyA,스포츠클래식 SportsClassic,F5MwRjFq-Wo,[스클 LIVE] 2026 KBO리그 롯데 자이언츠 : kt 위즈 / 2026.05.05 경기 (로드리게스 vs 소형준) (어린이날 경기),2026-05-05T08:19:42Z,12080.0,False,20609,363.0,1.0
2993,UCt4bWJILlEo1hvsR224ASyA,스포츠클래식 SportsClassic,I8gvPwh37v8,"[260505(화)/(LIVE)] 구자욱 복귀 성공적, 삼성 어린이날 대승! / KIA, 새 외국인타자 아데를린 쓰리런! 김도영 홈런왕 조준 / 롯데는 왜 포수를 갑자기 바꿨나",2026-05-05T15:52:05Z,4849.0,False,15890,466.0,3.0
2993,UCt4bWJILlEo1hvsR224ASyA,스포츠클래식 SportsClassic,wtwvcDX0NKE,[스클 LIVE] 2026 메이저리그 샌디에이고 파드레스 : 샌프란시스코 자이언츠 / 2026.05.06 경기 (이정후 1번 우익수 / 송성문 9번 2루수 선발 출전),2026-05-06T04:26:55Z,9628.0,False,27507,421.0,0.0
2993,UCt4bWJILlEo1hvsR224ASyA,스포츠클래식 SportsClassic,5ehTA-DgvCk,[스클 LIVE] 2026 KBO리그 롯데 자이언츠 : kt 위즈 / 2026.05.06 경기 (비슬리 vs 보쉴리),2026-05-06T12:45:11Z,12165.0,False,17420,355.0,1.0
2993,UCt4bWJILlEo1hvsR224ASyA,스포츠클래식 SportsClassic,rEcKXi8P17U,"[260506(수)/(LIVE)] 삼성-두산, 류승민-박계범 1:1 트레이드 단행 / 롯데, 고승민-나승엽 듀오 활약으로 타격 터져 / 정준재 끝내기 안타, SSG 만능 2루수",2026-05-06T16:34:44Z,5386.0,False,15269,426.0,9.0
2993,UCt4bWJILlEo1hvsR224ASyA,스포츠클래식 SportsClassic,RcuFq0B6D9o,[스클 LIVE] 2026 메이저리그 샌디에이고 파드레스 : 샌프란시스코 자이언츠 / 2026.05.07 경기 (이정후 2번 중견수 / 송성문 9번 유격수 선발 출전),2026-05-06T22:08:49Z,8387.0,False,11345,222.0,2.0
2993,UCt4bWJILlEo1hvsR224ASyA,스포츠클래식 SportsClassic,cGHevYnq81A,[스클 LIVE] 2026 KBO리그 한화 이글스 : KIA 타이거즈 / 2026.05.07 경기 (정우주 vs 양현종),2026-05-07T13:16:56Z,13449.0,False,14892,250.0,3.0
2993,UCt4bWJILlEo1hvsR224ASyA,스포츠클래식 SportsClassic,4RjkCZaGhxc,"[260507(목)/(LIVE)] 한화, 무난하게 이기다 갑자기 호러쇼, 김서현에게 무슨 일이? / 삼성, 원태인 호투로 스윕 성공! / LG-두산, 라이벌 3연전 명승부 연출",2026-05-07T16:37:09Z,4956.0,False,12303,341.0,10.0
2993,UCt4bWJILlEo1hvsR224ASyA,스포츠클래식 SportsClassic,baD2NciNFGk,[스클 LIVE] 2026 KBO리그 KIA 타이거즈 : 롯데 자이언츠 / 2026.05.08 경기 (황동하 vs 나균안),2026-05-08T12:33:32Z,11526.0,False,20132,346.0,1.0
2993,UCt4bWJILlEo1hvsR224ASyA,스포츠클래식 SportsClassic,Xr6xuSMc0lE,"[260508(금)/(LIVE)] LG-한화, 5시간 6분 혈투! 박해민의 결승타로 승리 / 삼성, 장찬희 데뷔 첫 선발승 / KIA, 박재현-박상준, 쌍박 듀오 터진다",2026-05-08T17:39:13Z,6063.0,False,16984,413.0,14.0
2993,UCt4bWJILlEo1hvsR224ASyA,스포츠클래식 SportsClassic,fklHLl77Ngk,[스클 LIVE] 2026 메이저리그 피츠버그 파이리츠 : 샌프란시스코 자이언츠 / 2026.05.09 경기 (이정후 1번 우익수 선발 출전),2026-05-09T04:54:10Z,9324.0,False,18247,345.0,0.0
2993,UCt4bWJILlEo1hvsR224ASyA,스포츠클래식 SportsClassic,xXZwjvCq4W4,[스클 LIVE] 2026 KBO리그 KIA 타이거즈 : 롯데 자이언츠 / 2026.05.09 경기 (네일 vs 김진욱),2026-05-09T11:00:46Z,11033.0,False,21355,390.0,4.0
2993,UCt4bWJILlEo1hvsR224ASyA,스포츠클래식 SportsClassic,Bx8GbzoKUns,"[260509(토)/(LIVE)] 키움, 돌아온 서건창과 함께 명승부 선보여 / 삼성 6연승, 상대 실수를 놓치지 않는다 / KIA 김호령 싱글벙글, FA 얼마를 줘야 하나",2026-05-09T15:47:08Z,6217.0,False,15342,411.0,7.0
2993,UCt4bWJILlEo1hvsR224ASyA,스포츠클래식 SportsClassic,BXob_h2_wEY,[스클 LIVE] 2026 메이저리그 애틀랜타 브레이브스 : LA 다저스 / 2026.05.10 경기 (김혜성 8번 유격수 선발 출전),2026-05-10T04:05:46Z,10321.0,False,16958,256.0,0.0
2993,UCt4bWJILlEo1hvsR224ASyA,스포츠클래식 SportsClassic,LErj9ZGnHxg,[스클 LIVE] 2026 KBO리그 KIA 타이거즈 : 롯데 자이언츠 / 2026.05.10 경기 (이의리 vs 박세웅),2026-05-10T08:18:51Z,11759.0,False,17850,322.0,1.0
2993,UCt4bWJILlEo1hvsR224ASyA,스포츠클래식 SportsClassic,wKcroy4sCDM,"[260510(일)/(LIVE)] 삼성 7연승, 최고의 타선을 막을 팀은 이제 없다 / 한화 박준영 데뷔전을 승리로 장식, 위닝시리즈 / 키움 안치홍, 끝내기 만루홈런",2026-05-10T16:06:46Z,5639.0,False,17045,432.0,6.0
2993,UCt4bWJILlEo1hvsR224ASyA,스포츠클래식 SportsClassic,Uj0yhzoatTY,[스클 LIVE] 2026 메이저리그 피츠버그 파이리츠 : 샌프란시스코 자이언츠 / 2026.05.11 경기 (이정후 1번 우익수 선발 출전),2026-05-11T00:10:03Z,14321.0,False,18838,381.0,0.0
2993,UCt4bWJILlEo1hvsR224ASyA,스포츠클래식 SportsClassic,qTIf3GXUhPM,[스클 LIVE] 2026 메이저리그 샌프란시스코 자이언츠 : LA 다저스 / 2026.05.12 경기 (이정후 1번 우익수 / 김혜성 9번 2루수 선발 출전),2026-05-12T05:31:12Z,11396.0,False,26698,430.0,1.0
2993,UCt4bWJILlEo1hvsR224ASyA,스포츠클래식 SportsClassic,7jc2NTVBOIA,[스클 LIVE] 2026 KBO리그 NC 다이노스 : 롯데 자이언츠 / 2026.05.12 경기 (라일리 vs 로드리게스),2026-05-12T12:49:08Z,12007.0,False,12131,258.0,2.0
2993,UCt4bWJILlEo1hvsR224ASyA,스포츠클래식 SportsClassic,2JB7FwALtVg,"[260512(화)/(LIVE)] 삼성 8연승 2위 등극! 전병우 만루홈런, 최고의 날 / 한화 타선은 오늘도 터진다. 노시환상적 만루홈런 / LG, 손주영 마무리 기용 계획 밝혀",2026-05-12T16:04:51Z,4921.0,False,15974,432.0,4.0
2993,UCt4bWJILlEo1hvsR224ASyA,스포츠클래식 SportsClassic,cO6FavRANQI,[스클 LIVE] 2026 메이저리그 샌프란시스코 자이언츠 : LA 다저스 / 2026.05.13 경기 (이정후 1번 우익수 / 김혜성 9번 2루수 선발 출전),2026-05-13T05:02:39Z,10032.0,False,24956,419.0,1.0
2993,UCt4bWJILlEo1hvsR224ASyA,스포츠클래식 SportsClassic,SoVXmUZ6Ss0,[스클 LIVE] 2026 KBO리그 NC 다이노스 : 롯데 자이언츠 / 2026.05.13 경기 (테일러 vs 비슬리),2026-05-13T12:54:10Z,12325.0,False,12510,255.0,0.0
2993,UCt4bWJILlEo1hvsR224ASyA,스포츠클래식 SportsClassic,j6ia8hdoyjc,"[260513(수)/(LIVE)] 잠실과 박해민의 환상의 궁합, 장타를 지워버리며 승리 이끌어 / 키움, 박정훈의 데뷔 첫 선발승 위해 힘 모았다 / 롯데, 고승민 활약으로 대승",2026-05-13T16:50:58Z,6516.0,False,10611,316.0,6.0
2993,UCt4bWJILlEo1hvsR224ASyA,스포츠클래식 SportsClassic,VNTP_Q3ctK4,[스클 LIVE] 2026 메이저리그 샌프란시스코 자이언츠 : LA 다저스 / 2026.05.14 경기 (이정후 1번 우익수 vs 오타니 선발투수),2026-05-14T04:47:04Z,8989.0,False,22278,355.0,1.0
2993,UCt4bWJILlEo1hvsR224ASyA,스포츠클래식 SportsClassic,uy-4XG-FCNY,[스클 LIVE] 2026 KBO리그 NC 다이노스 : 롯데 자이언츠 / 2026.05.14 경기 (토다 vs 나균안),2026-05-14T13:00:40Z,13083.0,False,11933,271.0,0.0
2993,UCt4bWJILlEo1hvsR224ASyA,스포츠클래식 SportsClassic,Kot2JpswjNk,"[260514(목)/(LIVE)] 이재현 최고의 날! 만루홈런 포함 멀티 홈런 / 한화, 1피안타로 상대 타선 묶고 위닝 시리즈 / SSG-kt, 대단한 홈런 승부, 김재환 부활",2026-05-14T16:52:14Z,5577.0,False,14740,482.0,5.0
2993,UCt4bWJILlEo1hvsR224ASyA,스포츠클래식 SportsClassic,ZnHFYfR_onw,[스클 LIVE] 2026 메이저리그 샌프란시스코 자이언츠 : LA 다저스 / 2026.05.15 경기 (이정후 1번 우익수 / 김혜성 8번 2루수 선발 출전),2026-05-15T05:11:49Z,10467.0,False,25796,412.0,0.0
2993,UCt4bWJILlEo1hvsR224ASyA,스포츠클래식 SportsClassic,S_Jq1P2MCyI,[스클 LIVE] 2026 KBO리그 롯데 자이언츠 : 두산 베어스 / 2026.05.15 경기 (김진욱 vs 곽빈),2026-05-15T13:31:57Z,14658.0,False,18389,347.0,0.0
2993,UCt4bWJILlEo1hvsR224ASyA,스포츠클래식 SportsClassic,dEDFJVS80WQ,"[260515(금)/(LIVE)] 스타 탄생 박재현! 경기 지배 후 결승홈런 / 한화, 문현빈-페라자 투런 앞세워 선두 kt 제압 / 롯데-두산과 명승부 끝에 1점차 신승",2026-05-15T16:49:46Z,4972.0,False,14397,451.0,8.0
2993,UCt4bWJILlEo1hvsR224ASyA,스포츠클래식 SportsClassic,Nstjd4c-iUw,"[스클 LIVE] 2026 메이저리그 샌프란시스코 자이언츠 : 애슬레틱스 / 2026.05.16 경기 (이정후 1번 우익수 선발 출전 / 김혜성, 송성문 동시 중계)",2026-05-16T04:20:08Z,9257.0,False,20145,351.0,0.0
2993,UCt4bWJILlEo1hvsR224ASyA,스포츠클래식 SportsClassic,rDITfexIGSk,[스클 LIVE] 2026 KBO리그 롯데 자이언츠 : 두산 베어스 / 2026.05.16 경기 (박세웅 vs 잭로그),2026-05-16T12:40:13Z,16480.0,False,26430,391.0,0.0
2993,UCt4bWJILlEo1hvsR224ASyA,스포츠클래식 SportsClassic,FB99PA0ihKM,"[260516(토)/(LIVE)] 삼성, 이재현 결승 홈런으로 공동 1위 등극! / 독수리 비상 시작, 강백호 멀티 홈런 한화 또 위닝  / 롯데, 늦게 지기 레전드 팀",2026-05-16T13:09:47Z,,False,0,12.0,0.0
2994,UCLstY59V0mohZmcSGd33cPw,배룡,ApLSOKJc8_8,"왕녀, 암살자, 실험체 조합은 살아남을 확률 99%? [세븐나이츠 리버스] [SevenKnights Re:Birth]",2025-12-17T03:30:08Z,50.0,True,4197,36.0,1.0
2994,UCLstY59V0mohZmcSGd33cPw,배룡,RUw4U6ql5WA,스스로를 굳건히 믿은 세나리의 숨은 강자 3인방 [세븐나이츠 리버스] [SevenKnights Re:Birth] [세나리 스토리 - 22편],2025-12-19T09:00:46Z,215.0,False,1590,23.0,2.0
2994,UCLstY59V0mohZmcSGd33cPw,배룡,Jrwy3yaQEEU,인정 받기 위해 타카가 한 행동?! [세븐나이츠 리버스] [SevenKnights Re:Birth],2025-12-24T03:30:14Z,37.0,True,1899,12.0,0.0
2994,UCLstY59V0mohZmcSGd33cPw,배룡,B6L1q4Ik5-0,"세븐나이츠 리버스의 근본! 선택 받은 7명의 기사, 세븐나이츠 알아보기! [세븐나이츠 리버스] [SevenKnights Re:Birth] [세나리 스토리 - 23편]",2025-12-26T09:00:16Z,163.0,False,3406,46.0,5.0
2994,UCLstY59V0mohZmcSGd33cPw,배룡,JfC8d5y1V4k,이것이 세븐나이츠의 화랑이다! 비주얼 미남 3인방의 매력 대공개 [세븐나이츠 리버스] [SevenKnights Re:Birth] [세나리 스토리 - 24편],2026-01-02T09:00:34Z,254.0,False,1171,18.0,5.0
2994,UCLstY59V0mohZmcSGd33cPw,배룡,Jxq_JATvj1A,"주먹, 검, 활을 상징하는 ‘강자’ 사랑 앞에서는 ‘약한’ 모습?! [세븐나이츠 리버스] [SevenKnights Re:Birth]",2026-01-07T03:30:29Z,38.0,True,3023,20.0,2.0
2994,UCLstY59V0mohZmcSGd33cPw,배룡,ZCoTAdTupek,엘리시아는 왜 혁명을 하려는 걸까? 루미너스 혁명단의 반역?! [세븐나이츠 리버스] [SevenKnights Re:Birth] [세나리 스토리 - 25편],2026-01-09T09:00:55Z,237.0,False,1262,19.0,1.0
2994,UCLstY59V0mohZmcSGd33cPw,배룡,WYzeUvPLYbc,실베스타 바라기 델론즈와 파스칼이 실베스타 원정대를 떠난 이유는? [세븐나이츠 리버스] [SevenKnights Re:Birth] [세나리 스토리 - 26편],2026-01-16T09:00:53Z,218.0,False,1693,18.0,6.0
2994,UCLstY59V0mohZmcSGd33cPw,배룡,CGWSKLV-TUM,루미너스 혁명단의 반역? 엘리시아의 운명은?! [세븐나이츠 리버스] [SevenKnights Re:Birth],2026-01-21T03:30:07Z,35.0,True,3543,12.0,1.0
2994,UCLstY59V0mohZmcSGd33cPw,배룡,64CCIP1VUk8,드디어 밝혀진 트레일러의 떡밥?! 실베스타 원정대의 마지막 이야기 [세븐나이츠 리버스] [SevenKnights Re:Birth] [세나리 스토리 - 27편],2026-01-23T09:00:08Z,238.0,False,2293,17.0,5.0
2994,UCLstY59V0mohZmcSGd33cPw,배룡,0Ufux0xh6kU,"고양이 귀 달린 인간이 어디 있어! 수인, 혼혈로 오해 받는 인간 여캐 BEST 5 [세븐나이츠 리버스] [SevenKnights Re:Birth] [세나리 스토리 - 28편]",2026-01-30T09:00:02Z,243.0,False,1268,25.0,8.0
2994,UCLstY59V0mohZmcSGd33cPw,배룡,HqeaRTU0GCo,스킬을 보면 캐릭터의 인생이 보인다? ‘스킬 = 인생 그 자체’인 캐릭터 TOP 5 [세븐나이츠 리버스] [SevenKnights Re:Birth] [세나리 스토리 - 29편],2026-02-03T09:00:22Z,290.0,False,1450,13.0,9.0
2994,UCLstY59V0mohZmcSGd33cPw,배룡,Nxzjo0MKA_s,"고양이, 호랑이, 용까지?! 수인일까? 인간일까? 여캐 BEST 5 [세븐나이츠 리버스] [SevenKnights Re:Birth]",2026-02-04T03:30:30Z,29.0,True,3766,11.0,0.0
2994,UCLstY59V0mohZmcSGd33cPw,배룡,bWpNgSA_aTE,천상의 수호자 두 명의 대결! 프레이야와 쥬리가 싸우게 된 이유는? [세븐나이츠 리버스] [SevenKnights Re:Birth] [세나리 스토리 - 30편],2026-02-06T09:00:56Z,208.0,False,1852,12.0,10.0
2994,UCLstY59V0mohZmcSGd33cPw,배룡,9GrVgt5NLUo,귀여운줄만 알았던 세븐나이츠 리버스 펫들의 숨은 이야기! [세븐나이츠 리버스] [SevenKnights Re:Birth] [세나리 스토리 - 31편],2026-02-10T09:00:12Z,177.0,False,1251,21.0,6.0
2994,UCLstY59V0mohZmcSGd33cPw,배룡,qZMf2UIfifM,절친이 갑자기 적이 된 과정 [세븐나이츠 리버스] [SevenKnights Re:Birth],2026-02-11T03:30:39Z,42.0,True,6405,33.0,0.0
2994,UCLstY59V0mohZmcSGd33cPw,배룡,LF37xfTYawE,태오도 이길 수 있다고? 세계관 최강의 발키리들이 모인 천상의 수호자 [세븐나이츠 리버스] [SevenKnights Re:Birth] [세나리 스토리 - 32편],2026-02-13T09:00:35Z,239.0,False,1770,27.0,7.0
2994,UCLstY59V0mohZmcSGd33cPw,배룡,xYWBx7uJX-w,에반의 정체를 알게 된 실베스타…! 앞으로 에반 원정대의 여정은? [세븐나이츠 리버스] [SevenKnights Re:Birth] [세나리 스토리 - 33편],2026-02-17T09:01:16Z,205.0,False,2036,30.0,6.0
2994,UCLstY59V0mohZmcSGd33cPw,배룡,91jLdlgvkCw,지상엔 상대가 없다는 프레이야가 숨기는 것?! [세븐나이츠 리버스] [SevenKnights Re:Birth],2026-02-18T03:30:07Z,36.0,True,7536,53.0,0.0
2994,UCLstY59V0mohZmcSGd33cPw,배룡,k7lqenRiQrA,10살에 영주가 된 소년과 그 누나가 달빛의 섬을 지켜낸 방법은? [세븐나이츠 리버스] [SevenKnights Re:Birth] [세나리 스토리 - 34편],2026-02-23T08:44:15Z,192.0,False,1123,12.0,0.0
2994,UCLstY59V0mohZmcSGd33cPw,배룡,1ohg8VqwUR8,눈물 없이 볼 수 없는 상처투성이 캐릭터 BEST 3 [세븐나이츠 리버스] [SevenKnights Re:Birth] [세나리 스토리 - 35편],2026-02-24T09:00:05Z,272.0,False,1421,25.0,4.0
2994,UCLstY59V0mohZmcSGd33cPw,배룡,92FEEiHrciM,"가슴 아픈 세븐나이츠 리버스 3인방, 누가 가장 고통스러웠을까? [세븐나이츠 리버스] [SevenKnights Re:Birth]",2026-02-26T03:30:11Z,46.0,True,26046,145.0,5.0
2994,UCLstY59V0mohZmcSGd33cPw,배룡,LbJnyY-LGTU,파괴의 힘을 가진 다크나이츠 멤버 영입 스토리! [세븐나이츠 리버스] [SevenKnights Re:Birth] [세나리 스토리 - 36편],2026-02-27T09:00:34Z,249.0,False,1724,21.0,5.0
2994,UCLstY59V0mohZmcSGd33cPw,배룡,ds29-ZfajrA,세븐나이츠 최초의 쌍둥이 캐릭터 등장! 브란즈&브란셀의 숨겨진 비밀은? [세븐나이츠 리버스] [SevenKnights Re:Birth] [세나리 스토리 - 37편],2026-03-03T09:00:52Z,216.0,False,1763,11.0,5.0
2994,UCLstY59V0mohZmcSGd33cPw,배룡,zjm8uWrHyms,망한 세계를 살릴 마지막 팀 [세븐나이츠 리버스] [SevenKnights Re:Birth],2026-03-04T03:30:52Z,45.0,True,5857,26.0,9.0
2994,UCLstY59V0mohZmcSGd33cPw,배룡,eJ7PQXH1scA,시공간을 뛰어넘는 연희와 멜키르의 협력 스토리! 최후의 시간선에서 연희가 본 것은? [세븐나이츠 리버스] [SevenKnights Re:Birth] [세나리 스토리 - 38편],2026-03-06T09:01:04Z,220.0,False,1283,14.0,1.0
2994,UCLstY59V0mohZmcSGd33cPw,배룡,mpV_vfzUdhI,세상의 혼란을 막아내는 나이트크로우 알아보기 [세븐나이츠 리버스] [SevenKnights Re:Birth] [세나리 스토리 - 39편],2026-03-11T00:48:48Z,150.0,False,13418,16.0,4.0
2994,UCLstY59V0mohZmcSGd33cPw,배룡,Nqd_30oqjrw,델론즈에게 상처를 입힌 사람이 있다고?! [세븐나이츠 리버스] [SevenKnights Re:Birth],2026-03-11T03:30:11Z,33.0,True,2857,23.0,0.0
2994,UCLstY59V0mohZmcSGd33cPw,배룡,AoNVeluCzIQ,파스칼보다 더한 악역 등장? 백각이 악마의 힘을 연구하게 된 이유는?! [세븐나이츠 리버스] [SevenKnights Re:Birth] [세나리 스토리 - 40편],2026-03-13T09:00:30Z,192.0,False,4455,11.0,3.0
2994,UCLstY59V0mohZmcSGd33cPw,배룡,s0KaOzoMsAI,지능캐 빌런이 가장 무서운 이유 [세븐나이츠 리버스] [SevenKnights Re:Birth],2026-03-18T03:30:40Z,34.0,True,3823,6.0,0.0
2994,UCLstY59V0mohZmcSGd33cPw,배룡,4eKVey5epHQ,공주 등장! 스킬까지 아름다운 반짝반짝 공주님 같은 여캐 모음 [세븐나이츠 리버스] [SevenKnights Re:Birth] [세나리 스토리 - 41편],2026-03-20T09:00:06Z,171.0,False,4822,19.0,6.0
2994,UCLstY59V0mohZmcSGd33cPw,배룡,K4Ra7deT7m0,'세븐나이츠' 에서 최강의 영웅은?! [세븐나이츠 리버스] [SevenKnights Re:Birth],2026-03-25T03:30:13Z,23.0,True,4404,15.0,7.0
2994,UCLstY59V0mohZmcSGd33cPw,배룡,ioES6Fay_MY,세계 멸망의 원흉 팔라누스?! 콜트가 팔라누스를 따른 이유 [세븐나이츠 리버스] [SevenKnights Re:Birth] [세나리 스토리 - 42편],2026-03-27T09:00:55Z,221.0,False,610,10.0,0.0
2994,UCLstY59V0mohZmcSGd33cPw,배룡,TgGD0CQMEOo,자신의 세계를 멸망시킨 영웅...? [세븐나이츠 리버스] [SevenKnights Re:Birth],2026-04-01T03:30:23Z,23.0,True,2218,11.0,0.0
2994,UCLstY59V0mohZmcSGd33cPw,배룡,BUT1ejcv6dY,삼국지의 전쟁에서 보다 더 돋보이는 두 남녀? [세븐나이츠 리버스] [SevenKnights Re:Birth] [세나리 스토리 - 43편],2026-04-03T09:00:27Z,177.0,False,702,12.0,0.0
2994,UCLstY59V0mohZmcSGd33cPw,배룡,eKZ_p-HqFHc,전쟁 중에도 피는 사랑! 세나리 러브라인은? [세븐나이츠 리버스] [SevenKnights Re:Birth],2026-04-08T03:30:33Z,27.0,True,4053,25.0,1.0
2994,UCLstY59V0mohZmcSGd33cPw,배룡,PFbDjDX7e6Q,"아이사 대륙에서 가장 강한 자는 누구? 황제의 선택을 받은 네 명의 영웅, 사황 알아보기 [세븐나이츠 리버스][SevenKnights Re:Birth] [세나리 스토리 - 44편]",2026-04-10T09:00:42Z,294.0,False,3792,41.0,13.0
2994,UCLstY59V0mohZmcSGd33cPw,배룡,_pSqigl3IQY,사황 vs (구)사황 승자는? [세븐나이츠 리버스] [SevenKnights Re:Birth],2026-04-15T03:30:33Z,46.0,True,14927,110.0,23.0
2994,UCLstY59V0mohZmcSGd33cPw,배룡,7uwoR36u5-8,"악마를 물리치기 위해 스스로 악마가 된 집단?! 악마 사냥꾼, 성십자단 알아보기 [세븐나이츠 리버스][SevenKnights Re:Birth] [세나리 스토리 - 45편]",2026-04-17T09:00:11Z,269.0,False,859,9.0,2.0
2994,UCLstY59V0mohZmcSGd33cPw,배룡,vSfmdPxQ-mg,천하무적 여포가 사랑 때문에? [세븐나이츠 리버스] [SevenKnights Re:Birth],2026-04-22T03:30:43Z,25.0,True,1065,5.0,0.0
2994,UCLstY59V0mohZmcSGd33cPw,배룡,xHv5oFCSUSA,언제 나온다고? 서브컬처 오픈월드 게임 기대작 3종 소개! [배룡TV] [서브컬처] [이환] [무한대] [아주르],2026-04-22T09:01:30Z,169.0,False,1511,15.0,2.0
2994,UCLstY59V0mohZmcSGd33cPw,배룡,aHA8Qu-NN_0,"천상의 수호자, 란드그리드 스토리 [세븐나이츠 리버스] [SevenKnights Re:Birth] [세나리 스토리 - 46편]",2026-04-24T09:00:02Z,119.0,False,525,10.0,3.0
2994,UCLstY59V0mohZmcSGd33cPw,배룡,mmgRdz0IRS8,장난인 줄 알았던 만우절 캐릭 [세븐나이츠 리버스] [SevenKnights Re:Birth],2026-04-29T03:30:35Z,36.0,True,5625,35.0,9.0
2994,UCLstY59V0mohZmcSGd33cPw,배룡,Cb0eKkyv9bI,빛과 어둠의 대결! 절친이었던 루디와 크리스가 싸우게 된 이유는? [세븐나이츠 리버스] [SevenKnights Re:Birth] [세나리 스토리 - 47편],2026-05-01T09:00:27Z,231.0,False,545,16.0,4.0
2994,UCLstY59V0mohZmcSGd33cPw,배룡,QJ9V3mGN6LY,"동생을 망친 언니, 최후의 선택 [세븐나이츠 리버스] [SevenKnights Re:Birth]",2026-05-06T03:30:16Z,35.0,True,5593,34.0,4.0
2994,UCLstY59V0mohZmcSGd33cPw,배룡,b24-MIxNvbE,"몬길: STAR DIVE의 간판 캐릭터! 우리의 첫사랑, 미나 살펴보기 [배룡 TV] [서브컬처] [몬길: STARDIVE]",2026-05-06T10:06:26Z,259.0,False,253,6.0,1.0
2994,UCLstY59V0mohZmcSGd33cPw,배룡,Hil_0wBQ4iE,"레긴레이프에게 홀린 라드그리드, 그녀의 운명은? [세븐나이츠 리버스] [SevenKnights Re:Birth] [세나리 스토리 - 48편]",2026-05-08T09:00:22Z,207.0,False,404,8.0,4.0
2994,UCLstY59V0mohZmcSGd33cPw,배룡,g61DAzJbO3A,드디어 밝혀진 실베스타와 에반의 관계 [세븐나이츠 리버스] [SevenKnights Re:Birth],2026-05-12T03:30:20Z,43.0,True,4216,36.0,4.0
2994,UCLstY59V0mohZmcSGd33cPw,배룡,93-C5tgN1dY,미래를 본 연희가 충격받은 이유는? [세븐나이츠 리버스] [SevenKnights Re:Birth],2026-05-13T03:30:11Z,43.0,True,2667,22.0,0.0
2994,UCLstY59V0mohZmcSGd33cPw,배룡,V0L7V7KU8gQ,천상의 수호자의 유일한 희망! 질서와 희망의 수호자 레긴레이프 [세븐나이츠 리버스] [SevenKnights Re:Birth] [세나리 스토리 - 49편],2026-05-15T09:00:50Z,243.0,False,373,14.0,1.0
2995,UCQPPzb7y4aJz6VV1F3v066g,백설양,ekt6aQRXpqs,백종원 예산맥주파티 바베큐,2023-08-18T05:25:34Z,12.0,True,253867,420.0,617.0
2995,UCQPPzb7y4aJz6VV1F3v066g,백설양,I_cjdb3EEN4,백종원 예산맥주 파티 바베큐 등장!!,2023-08-19T06:45:30Z,22.0,True,3137,50.0,14.0
2995,UCQPPzb7y4aJz6VV1F3v066g,백설양,KTTZ5K1b5Uc,백종원 예산 맥주축제 미리 다녀왔습니다! 근데...,2023-08-23T11:00:01Z,637.0,False,37702,527.0,54.0
2995,UCQPPzb7y4aJz6VV1F3v066g,백설양,fsclrJ7vtaM,태풍오는날 에버랜드가면 사람이 몇명이나 있을까?,2023-08-26T12:05:06Z,526.0,False,6312,143.0,46.0
2995,UCQPPzb7y4aJz6VV1F3v066g,백설양,bLjwiexedls,한본어로 일본인 친구 100명 만들기 도전,2023-09-10T07:55:35Z,522.0,False,10936,169.0,71.0
2995,UCQPPzb7y4aJz6VV1F3v066g,백설양,vx55GTc3TNU,속초 부시고 왔다,2023-09-14T08:42:56Z,493.0,False,11756,106.0,49.0
2995,UCQPPzb7y4aJz6VV1F3v066g,백설양,KUrtfFlBVmI,일본인 삼성빠 만들고 왔습니다,2023-09-14T11:30:12Z,61.0,False,3245,33.0,7.0
2995,UCQPPzb7y4aJz6VV1F3v066g,백설양,eU9y4w0qUJA,13살 노령묘 마사지 온몸으로 느끼기,2023-09-15T17:59:59Z,39.0,True,1719,34.0,10.0
2995,UCQPPzb7y4aJz6VV1F3v066g,백설양,GMem6Z3NMGY,로또 번호 사기 상담사 참교육 #리그오브레전드 #백설양 #Shorts #보이스피싱 #주식,2023-09-22T16:36:19Z,59.0,True,6847,66.0,6.0
2995,UCQPPzb7y4aJz6VV1F3v066g,백설양,GvJ_7-rW0Cs,주린이 꼴박 요약 #shorts #주식  #백설양,2023-09-23T16:47:14Z,39.0,True,57077,196.0,21.0
2995,UCQPPzb7y4aJz6VV1F3v066g,백설양,DNo6NE9X4FU,들으면 주식떡상 하는노래 #shorts #주식 #백설양 #단타 #주식차트보는법,2023-09-25T13:38:37Z,50.0,True,5554,46.0,8.0
2995,UCQPPzb7y4aJz6VV1F3v066g,백설양,gsyxKpFuUfU,당장 한국 주식 해야 하는 이유 #shorts #주식 #백설양 #단타 #비트코인,2023-09-25T16:13:28Z,21.0,True,15735,108.0,26.0
2995,UCQPPzb7y4aJz6VV1F3v066g,백설양,3SZvAIhF3Xc,로또 보이스피싱 사기꾼 한테 주식상담하기,2023-09-26T07:05:35Z,217.0,False,6240,132.0,41.0
2995,UCQPPzb7y4aJz6VV1F3v066g,백설양,ALjmZ-U8me4,흔한 개미들이 물렸을때 반응 #shorts #주식 #백설양 #단타 #비트코인,2023-09-27T13:40:29Z,19.0,True,6290,72.0,15.0
2995,UCQPPzb7y4aJz6VV1F3v066g,백설양,u9L-TLnPxUo,주식할때 훈수 두는사람 특징 #shorts #주식 #백설양 #단타 #비트코인,2023-09-27T13:42:10Z,15.0,True,5218,54.0,5.0
2995,UCQPPzb7y4aJz6VV1F3v066g,백설양,bEd2bph6mZI,백설양 자기암시  #백설양 shorts #스윙스 #자기암시,2023-09-30T15:18:10Z,39.0,True,3314,56.0,16.0
2995,UCQPPzb7y4aJz6VV1F3v066g,백설양,qIsciVPYnRE,주린이 물렸을때 현실부정  #shorts #백설양 #주식 #단타 #비트코인,2023-10-09T09:51:36Z,27.0,True,3252,41.0,2.0
2995,UCQPPzb7y4aJz6VV1F3v066g,백설양,vncsQFFV8YM,단타잘하는방법 개미와 대화를하라 #shorts #주식 #백설양 #단타 #비트코인,2023-10-09T09:52:33Z,35.0,True,7592,63.0,13.0
2995,UCQPPzb7y4aJz6VV1F3v066g,백설양,fJax_v0BW3g,"바 의자 조심해야하는이유, 아무무 CCTV영상",2023-10-18T13:57:56Z,27.0,True,17895,94.0,61.0
2995,UCQPPzb7y4aJz6VV1F3v066g,백설양,2jPo398Dn-U,바의자 사고 #사고 #shorts #아무무  #백설양 #단타 #비트코인#뇌진탕#롤,2023-10-19T03:15:03Z,15.0,True,10796,48.0,13.0
2995,UCQPPzb7y4aJz6VV1F3v066g,백설양,OHRP6-VhFv8,물타기 예능 주식 #주식 #백설양 #shorts #비트코인 #리그오브레전드 #단타,2023-10-19T10:36:12Z,28.0,True,3894,40.0,3.0
2995,UCQPPzb7y4aJz6VV1F3v066g,백설양,2N6DG5iQLXE,홍박사가 아니라 맹박사 첼린지 #shorts #홍박사챌린지 #맨유 #감스트 #홍박사  #백설양,2023-10-19T10:37:22Z,19.0,True,9479,54.0,7.0
2995,UCQPPzb7y4aJz6VV1F3v066g,백설양,IpKlaeu08mo,주식방송할때 존나짜증나는 애들 특  #주식 #단타 #백설양 #비트코인#shorts,2023-10-19T10:38:18Z,17.0,True,7989,52.0,6.0
2995,UCQPPzb7y4aJz6VV1F3v066g,백설양,6mgvVnCiVoc,여자 랄로 소리듣는 주린이,2023-10-20T05:41:10Z,536.0,False,10024,98.0,33.0
2995,UCQPPzb7y4aJz6VV1F3v066g,백설양,sheOJNuDiGw,아무무되고 아프리카 여캠 탐방 했습니다 [BJ코트깜짝출연],2023-10-22T10:03:48Z,428.0,False,25740,171.0,71.0
2995,UCQPPzb7y4aJz6VV1F3v066g,백설양,mOOuxGY8D5k,아무무붕대쇼 #백설양#shorts #첼린지 #아무무 #롤,2023-10-29T04:12:43Z,56.0,True,28999,142.0,22.0
2995,UCQPPzb7y4aJz6VV1F3v066g,백설양,SNMkD1Liqag,지스타에서 백설양 볼수있다! #백설양#지스타2023#리그오브레전드,2023-10-29T04:14:10Z,42.0,True,14889,46.0,12.0
2995,UCQPPzb7y4aJz6VV1F3v066g,백설양,t9gLQG6QDuA,"""나 D컵맞다고"" 미드오픈을 하게된 그날의 '사건'",2023-11-02T13:51:02Z,549.0,False,44743,218.0,101.0
2995,UCQPPzb7y4aJz6VV1F3v066g,백설양,1b4K8WuWaU4,가입해야하는 이유 ?  #백설양#쇼츠 #shorts #백설양 멤버쉽,2023-11-03T05:55:14Z,49.0,True,19369,71.0,16.0
2995,UCQPPzb7y4aJz6VV1F3v066g,백설양,CGPLYZy6GlY,펜타킬 매드무비 #백설양#shorts #롤,2023-11-10T07:24:12Z,22.0,True,11988,39.0,6.0
2995,UCQPPzb7y4aJz6VV1F3v066g,백설양,zyzzjQAenic,천방지축 어리둥절 빙글빙글 돌아가는 미니 자낳대,2023-11-10T07:39:07Z,519.0,False,6258,50.0,12.0
2995,UCQPPzb7y4aJz6VV1F3v066g,백설양,7COm3tpbe_8,NC G-STAR 아이도르 쵸단이랑 지스타 다녀왔습니다!,2023-11-30T10:37:34Z,892.0,False,18011,84.0,20.0
2995,UCQPPzb7y4aJz6VV1F3v066g,백설양,HsH0vwNBfzQ,발리에서 생긴 최악의 일,2024-05-01T16:17:05Z,480.0,False,30299,127.0,42.0
2995,UCQPPzb7y4aJz6VV1F3v066g,백설양,pSkAI7g3YCg,백설양라디오,2024-05-02T07:04:51Z,6055.0,False,2893,44.0,8.0
2995,UCQPPzb7y4aJz6VV1F3v066g,백설양,dj6KDGxp-1E,백가탄신일,2024-05-14T04:47:19Z,5423.0,False,3554,39.0,3.0
2995,UCQPPzb7y4aJz6VV1F3v066g,백설양,eZ_Ch8-essg,공혁준 공포의 쓴맛 #shorts #공혁준 #김계란 #백설양#백설양더빙#공포의쓴맛#검정고무신#더빙 #장삐쭈,2024-06-11T13:03:20Z,77.0,False,36594,204.0,146.0
2995,UCQPPzb7y4aJz6VV1F3v066g,백설양,3bZJdJCvhWQ,돌아온 롤하는 기계,2024-07-01T12:22:14Z,6810.0,False,2881,26.0,9.0
2995,UCQPPzb7y4aJz6VV1F3v066g,백설양,6EVte8-8GQA,백설양 근황토크,2024-08-14T04:01:19Z,7178.0,False,36039,89.0,25.0
2995,UCQPPzb7y4aJz6VV1F3v066g,백설양,tRhniZZkWCk,백설양님,2026-02-13T00:10:33Z,4743.0,False,7308,61.0,19.0
2995,UCQPPzb7y4aJz6VV1F3v066g,백설양,VF48eFcME8Y,금요일 이니까 금설양,2026-02-20T18:34:51Z,10003.0,False,3186,30.0,5.0
2995,UCQPPzb7y4aJz6VV1F3v066g,백설양,5cPi_NX4IMI,백설양님,2026-02-21T16:04:25Z,,False,0,2.0,0.0
2995,UCQPPzb7y4aJz6VV1F3v066g,백설양,2gIPHl7hVJI,백설양님,2026-02-21T19:23:07Z,10006.0,False,2460,22.0,2.0
2995,UCQPPzb7y4aJz6VV1F3v066g,백설양,JHOjVzQRs-E,아득한 토요일밤이다...☆,2026-02-22T04:11:08Z,5523.0,False,1921,28.0,0.0
2995,UCQPPzb7y4aJz6VV1F3v066g,백설양,7pr009iARrs,일요일엔 내가 요리사,2026-02-22T19:38:26Z,25635.0,False,3935,22.0,1.0
2995,UCQPPzb7y4aJz6VV1F3v066g,백설양,4psyfXv8w7c,토요일이여요!,2026-03-01T04:09:01Z,6403.0,False,3308,11.0,7.0
2995,UCQPPzb7y4aJz6VV1F3v066g,백설양,VljeZp_Dy1I,즐거운 일요일 입니다~!,2026-03-22T15:31:27Z,21868.0,False,1910,19.0,1.0
2995,UCQPPzb7y4aJz6VV1F3v066g,백설양,8AGgVE5pFhk,골드 등반중,2026-03-25T02:48:39Z,6212.0,False,1352,6.0,1.0
2995,UCQPPzb7y4aJz6VV1F3v066g,백설양,N2lfrSY-HnA,고민상담 방송,2026-03-30T19:10:06Z,28162.0,False,1987,18.0,2.0
2995,UCQPPzb7y4aJz6VV1F3v066g,백설양,IIEjxZRi_u8,고민상담 or 썰풀기 100% 익명,2026-03-31T19:13:26Z,13466.0,False,1735,11.0,1.0
2995,UCQPPzb7y4aJz6VV1F3v066g,백설양,E5REc8xORoE,진짜 앓아누워있는애 ㅇㅇ,2026-04-15T01:25:44Z,5291.0,False,2423,20.0,3.0
2996,UCztd44NvmrkT9oh3XBiUJUQ,별나라's 드로잉 Starland's Drawing ,IcrTdfWbE3Q,꽃이 있는 풍경 수채화 컬러링북'_ 92쪽 튜토리얼,2024-12-04T20:09:34Z,4662.0,False,424,14.0,0.0
2996,UCztd44NvmrkT9oh3XBiUJUQ,별나라's 드로잉 Starland's Drawing ,L0XqeioG2y0,꽃이 있는 풍경 수채화 컬러링북'_ 96쪽 튜토리얼,2024-12-05T20:20:17Z,3559.0,False,404,5.0,0.0
2996,UCztd44NvmrkT9oh3XBiUJUQ,별나라's 드로잉 Starland's Drawing ,nqDRjR10dK4,꽃이 있는 풍경 수채화 컬러링북'_ 100쪽 튜토리얼,2024-12-05T22:19:30Z,3921.0,False,401,14.0,1.0
2996,UCztd44NvmrkT9oh3XBiUJUQ,별나라's 드로잉 Starland's Drawing ,m7Nb7Ot6v7E,꽃이 있는 풍경 수채화 컬러링북'_ 104쪽 튜토리얼,2024-12-06T20:45:15Z,3421.0,False,922,14.0,0.0
2996,UCztd44NvmrkT9oh3XBiUJUQ,별나라's 드로잉 Starland's Drawing ,0fIdOrPouwM,꽃이 있는 풍경 수채화 컬러링북'_ 108쪽 튜토리얼,2024-12-10T20:29:02Z,2166.0,False,348,9.0,0.0
2996,UCztd44NvmrkT9oh3XBiUJUQ,별나라's 드로잉 Starland's Drawing ,R4zArrfAv_Y,꽃이 있는 풍경 수채화 컬러링북'_ 112쪽 튜토리얼,2024-12-11T22:06:49Z,4911.0,False,407,15.0,4.0
2996,UCztd44NvmrkT9oh3XBiUJUQ,별나라's 드로잉 Starland's Drawing ,YBuC7fZO0Wk,꽃이 있는 풍경 수채화 컬러링북'_ 116쪽 튜토리얼,2024-12-12T20:44:10Z,1412.0,False,278,11.0,0.0
2996,UCztd44NvmrkT9oh3XBiUJUQ,별나라's 드로잉 Starland's Drawing ,BeCYfs2MsQc,꽃이 있는 풍경 수채화 컬러링북'_ 120쪽 튜토리얼,2024-12-13T20:58:51Z,4694.0,False,518,12.0,0.0
2996,UCztd44NvmrkT9oh3XBiUJUQ,별나라's 드로잉 Starland's Drawing ,n4yO32ehwHc,꽃이 있는 풍경 수채화 컬러링북'_ 124쪽 튜토리얼,2024-12-16T21:21:50Z,3204.0,False,406,10.0,0.0
2996,UCztd44NvmrkT9oh3XBiUJUQ,별나라's 드로잉 Starland's Drawing ,oxYpgZCXdBQ,꽃이 있는 풍경 수채화 컬러링북'_ 128쪽 튜토리얼,2024-12-17T22:07:40Z,3593.0,False,465,17.0,0.0
2996,UCztd44NvmrkT9oh3XBiUJUQ,별나라's 드로잉 Starland's Drawing ,pL62XnnbGUk,(마지막장)꽃이 있는 풍경 수채화 컬러링북'_ 132쪽 튜토리얼,2024-12-18T20:35:54Z,1372.0,False,400,12.0,4.0
2996,UCztd44NvmrkT9oh3XBiUJUQ,별나라's 드로잉 Starland's Drawing ,c8WZENUvt0U,수채화 왕초보의 치명적인 재료사용 실수와 해결방법/Starland_art,2024-12-23T04:55:15Z,510.0,False,2502,81.0,5.0
2996,UCztd44NvmrkT9oh3XBiUJUQ,별나라's 드로잉 Starland's Drawing ,blUWjFmLbog,일반 도화지&드로잉 종이 앞뒤 구분 방법!/Starland_art,2025-01-11T07:53:46Z,705.0,False,1323,37.0,2.0
2996,UCztd44NvmrkT9oh3XBiUJUQ,별나라's 드로잉 Starland's Drawing ,MpYqHw9k-ZA,기초 드로잉 25분 선연습 마스터 튜토리얼/25Starland_art,2025-01-28T21:00:21Z,1622.0,False,12104,367.0,15.0
2996,UCztd44NvmrkT9oh3XBiUJUQ,별나라's 드로잉 Starland's Drawing ,DZRiRn2_0jU,풍경 드로잉용 기초 선엽습 튜토리얼_Starland_drawing,2025-02-05T10:31:44Z,1778.0,False,4418,144.0,2.0
2996,UCztd44NvmrkT9oh3XBiUJUQ,별나라's 드로잉 Starland's Drawing ,DprVqdDYeaY,물감이 들어있는 '어반 타임 컬러링북' 3종 리뷰(이벤트 종료)/Starland_art,2025-02-15T04:29:33Z,482.0,False,1460,28.0,15.0
2996,UCztd44NvmrkT9oh3XBiUJUQ,별나라's 드로잉 Starland's Drawing ,1RfiDg5_laY,독학에 최적화된 풍경 드로잉 책 리뷰_티노씨 핫플레이스 드로잉/Starland_art,2025-02-21T21:00:05Z,1152.0,False,3735,102.0,1.0
2996,UCztd44NvmrkT9oh3XBiUJUQ,별나라's 드로잉 Starland's Drawing ,8UZ4EPJ534U,어반 스케치 선연습 15분 마스터하기!/Starland_art,2025-04-05T12:01:31Z,1070.0,False,2401,72.0,2.0
2996,UCztd44NvmrkT9oh3XBiUJUQ,별나라's 드로잉 Starland's Drawing ,rtr0AoGhnb8,어반 스케치 민들레 10분만에 쉽게 그리는 방법 공개!,2025-04-12T21:00:45Z,501.0,False,1980,55.0,2.0
2996,UCztd44NvmrkT9oh3XBiUJUQ,별나라's 드로잉 Starland's Drawing ,2xemgAcxCXg,어반스케치 일본 건물 그리기/Starland_art,2025-04-27T06:22:33Z,599.0,False,1508,36.0,5.0
2996,UCztd44NvmrkT9oh3XBiUJUQ,별나라's 드로잉 Starland's Drawing ,CVgTiuC5JhQ,내돈내산 어반스케치 펜 추천!/Starland_art,2025-05-09T12:10:12Z,415.0,False,12868,255.0,22.0
2996,UCztd44NvmrkT9oh3XBiUJUQ,별나라's 드로잉 Starland's Drawing ,kAMS_Qj2FeY,투어박스 엘리트 플러스 블루투스 컨트롤러 내돈내산 솔직리뷰!/Starland_art,2025-05-19T10:58:58Z,563.0,False,1630,34.0,4.0
2996,UCztd44NvmrkT9oh3XBiUJUQ,별나라's 드로잉 Starland's Drawing ,DKm1h9VFhxg,식자랑&근황/배둘레12cm줄어든썰&슬로우조깅/신간컬북 둘러보기📦,2025-05-23T21:00:52Z,3039.0,False,433,12.0,0.0
2996,UCztd44NvmrkT9oh3XBiUJUQ,별나라's 드로잉 Starland's Drawing ,hq9mI3GH2Jo,아주 쉬운 어반스케치 덤불 그리기 초보용 영상/별나라's drawing class,2025-07-04T21:00:46Z,994.0,False,7077,168.0,5.0
2996,UCztd44NvmrkT9oh3XBiUJUQ,별나라's 드로잉 Starland's Drawing ,fH4zrzr3r3M,기초부터 시작하는 드로잉북 미리보기/별나라(고은정),2025-07-11T21:00:45Z,373.0,False,4341,80.0,20.0
2996,UCztd44NvmrkT9oh3XBiUJUQ,별나라's 드로잉 Starland's Drawing ,tG7lMERdnPk,기초부터 시작하는 드로잉북 1 (42~53page),2025-07-18T20:18:32Z,2521.0,False,1015,21.0,1.0
2996,UCztd44NvmrkT9oh3XBiUJUQ,별나라's 드로잉 Starland's Drawing ,K6IRy9H2HC0,기초부터 시작하는 드로잉북 2 (54~69page),2025-07-21T18:54:02Z,2217.0,False,604,20.0,0.0
2996,UCztd44NvmrkT9oh3XBiUJUQ,별나라's 드로잉 Starland's Drawing ,uGo-B0PzeXY,기초부터 시작하는 드로잉북 3 (70~85page),2025-07-22T18:55:47Z,2586.0,False,592,15.0,0.0
2996,UCztd44NvmrkT9oh3XBiUJUQ,별나라's 드로잉 Starland's Drawing ,-s0n98sA7o8,기초부터 시작하는 드로잉북 4 (86~101page),2025-07-23T18:18:18Z,2066.0,False,400,12.0,0.0
2996,UCztd44NvmrkT9oh3XBiUJUQ,별나라's 드로잉 Starland's Drawing ,oG1iXnjmCms,기초부터 시작하는 드로잉북 5 (102~117page),2025-07-24T17:18:12Z,3119.0,False,492,18.0,0.0
2996,UCztd44NvmrkT9oh3XBiUJUQ,별나라's 드로잉 Starland's Drawing ,fDTt9x5sVQk,기초부터 시작하는 드로잉북 6 (118~133page),2025-07-25T20:26:09Z,3163.0,False,471,8.0,0.0
2996,UCztd44NvmrkT9oh3XBiUJUQ,별나라's 드로잉 Starland's Drawing ,s1snT8E987A,기초부터 시작하는 드로잉북 7 (134~149page),2025-07-28T13:26:14Z,2422.0,False,465,9.0,0.0
2996,UCztd44NvmrkT9oh3XBiUJUQ,별나라's 드로잉 Starland's Drawing ,xU1UexJ0J4s,기초부터 시작하는 드로잉북8(150~165page),2025-07-30T18:50:09Z,3225.0,False,425,8.0,0.0
2996,UCztd44NvmrkT9oh3XBiUJUQ,별나라's 드로잉 Starland's Drawing ,AgFj-1E3qyo,기초부터 시작하는 드로잉북9(166~181page),2025-07-31T19:50:57Z,2770.0,False,382,7.0,0.0
2996,UCztd44NvmrkT9oh3XBiUJUQ,별나라's 드로잉 Starland's Drawing ,bWIfpE7RdnM,기초부터 시작하는 드로잉북10(182~191page),2025-08-04T20:24:51Z,2105.0,False,397,5.0,0.0
2996,UCztd44NvmrkT9oh3XBiUJUQ,별나라's 드로잉 Starland's Drawing ,I1Iz25TY-Ac,기초부터 시작하는 드로잉북11(192~끝),2025-08-05T19:35:28Z,3854.0,False,722,11.0,0.0
2996,UCztd44NvmrkT9oh3XBiUJUQ,별나라's 드로잉 Starland's Drawing ,ESVb5ofyEoU,근황?,2025-08-13T05:38:35Z,,False,0,0.0,0.0
2996,UCztd44NvmrkT9oh3XBiUJUQ,별나라's 드로잉 Starland's Drawing ,OFaCqz2iJLA,어반스케치 수채화 하늘 한 가지 색으로 빠르고 예쁘게 칠하는 방법!/Starland_art,2025-11-28T21:00:25Z,307.0,False,3277,53.0,8.0
2996,UCztd44NvmrkT9oh3XBiUJUQ,별나라's 드로잉 Starland's Drawing ,FhMgn-_IjaA,가성비 갑오브갑! 색연필 추천!_브살렐 네호라 유성색연필 72색/Starland_art,2025-12-12T23:46:35Z,343.0,False,1230,23.0,2.0
2996,UCztd44NvmrkT9oh3XBiUJUQ,별나라's 드로잉 Starland's Drawing ,L1umjYT4iIM,냄새 고민&붓 세척의 번거로움을 종결시키는 홀베인 듀오 수성 유화 물감 솔직리뷰/Starland_art,2025-12-20T21:00:18Z,577.0,False,411,14.0,0.0
2996,UCztd44NvmrkT9oh3XBiUJUQ,별나라's 드로잉 Starland's Drawing ,M22SFhGzZL0,어반스케치-직육면체 쉽게 그리는 방법_1,2026-01-19T02:26:34Z,371.0,False,1211,32.0,1.0
2996,UCztd44NvmrkT9oh3XBiUJUQ,별나라's 드로잉 Starland's Drawing ,FU9e7KVEUXc,어반스케치-입체 삼각형 그리는 쉬운 방법!_2,2026-01-21T10:35:33Z,170.0,False,440,14.0,1.0
2996,UCztd44NvmrkT9oh3XBiUJUQ,별나라's 드로잉 Starland's Drawing ,hV6U_tOeErY,어반스케치-집 모양을 가장 쉽게 그리는 방법!_3,2026-01-22T09:52:23Z,244.0,False,693,10.0,0.0
2996,UCztd44NvmrkT9oh3XBiUJUQ,별나라's 드로잉 Starland's Drawing ,wEcKHimuaUU,무조건 입체로 변하는 어반스케치 드로잉 꿀팁!_4,2026-01-24T11:00:00Z,286.0,False,774,23.0,0.0
2996,UCztd44NvmrkT9oh3XBiUJUQ,별나라's 드로잉 Starland's Drawing ,Q5ISI6n08ZA,세 가지로 끝내는 어반스케치 기초 선연습!_5,2026-01-31T09:46:04Z,372.0,False,1219,44.0,0.0
2996,UCztd44NvmrkT9oh3XBiUJUQ,별나라's 드로잉 Starland's Drawing ,Sibft99bvY0,어반스케치-원기둥 그리기만 알아도  반은 끝난겁니다.(6),2026-02-07T09:06:47Z,402.0,False,876,23.0,0.0
2996,UCztd44NvmrkT9oh3XBiUJUQ,별나라's 드로잉 Starland's Drawing ,YLSVQczwie8,어반스케치-기초지만 잘 안 알려주는 기초 원뿔 잘 그리는 방법!(7),2026-02-23T06:43:05Z,386.0,False,615,8.0,2.0
2996,UCztd44NvmrkT9oh3XBiUJUQ,별나라's 드로잉 Starland's Drawing ,Q3rGi0FuvvE,#어반스케치 #펜하나로시작하는별나라의어반스케치 신간이 나왔습니다:) 많관부💕💕💕,2026-04-15T09:29:06Z,21.0,True,1129,12.0,0.0
2996,UCztd44NvmrkT9oh3XBiUJUQ,별나라's 드로잉 Starland's Drawing ,OLq7gWtNBRo,4월 근황:),2026-04-15T18:56:57Z,2749.0,False,316,9.0,0.0
2996,UCztd44NvmrkT9oh3XBiUJUQ,별나라's 드로잉 Starland's Drawing ,zP4uzU1eL7A,어반스케치-자판기 쉽게 그리는 방법!,2026-05-13T06:16:20Z,582.0,False,184,6.0,0.0
2997,UCtwDdyMko1-rJ8yPyrOThDA,SUNGOL,dGZXW9dCynA,[백구의 근황] 백구야 기달려야대!!,2019-01-14T08:14:01Z,150.0,False,5859,163.0,68.0
2997,UCtwDdyMko1-rJ8yPyrOThDA,SUNGOL,oFq_VEV2AGw,[선골 커버] 임한별 - 이별하러 가는길 (Cover.SUNGOL),2019-01-16T19:07:08Z,217.0,False,57065,1065.0,164.0
2997,UCtwDdyMko1-rJ8yPyrOThDA,SUNGOL,uLSceATa93Y,[선골프랜드] 10회특집! 어머 이건 꼭봐야해!!,2019-01-18T08:21:10Z,558.0,False,10498,137.0,26.0
2997,UCtwDdyMko1-rJ8yPyrOThDA,SUNGOL,OOO8KPwZPqs,[선골 신혼여행] 제임스본드 섬 (푸켓),2019-01-23T14:14:57Z,56.0,True,12840,129.0,27.0
2997,UCtwDdyMko1-rJ8yPyrOThDA,SUNGOL,Bm0nvQNAVko,"[선골프랜드] 범키(권기범) . 폴킴-초록빛 , falling in love with jesus + we need you lord",2019-02-06T06:29:46Z,1854.0,False,8586,184.0,60.0
2997,UCtwDdyMko1-rJ8yPyrOThDA,SUNGOL,FB63x2RxEfM,우디 (Woody) - 이 노래가 클럽에서 나온다면 [선골 Cover.],2019-02-14T15:10:00Z,260.0,False,22889,357.0,60.0
2997,UCtwDdyMko1-rJ8yPyrOThDA,SUNGOL,qc5RdAciqgM,[CCM] 제이워십 (J worship) - 꽃들도 (선골 커버),2019-02-16T09:00:38Z,265.0,False,14247,461.0,103.0
2997,UCtwDdyMko1-rJ8yPyrOThDA,SUNGOL,c8bX5JRIJwg,제이워십 - 꽃들도 . MIDI 편곡 작업기,2019-02-16T10:45:39Z,1221.0,False,4825,122.0,28.0
2997,UCtwDdyMko1-rJ8yPyrOThDA,SUNGOL,pjRepsZtyO4,[선골 작곡] 권민제 - 너를알아 (SUNGOL.Cover),2019-02-17T16:32:44Z,228.0,False,9351,180.0,38.0
2997,UCtwDdyMko1-rJ8yPyrOThDA,SUNGOL,V7ld1ycLvos,따라갈수 있을까 (Prod.SUNGOL) 2019 흔적캠프 작곡반 자작곡,2019-03-02T06:58:18Z,561.0,False,2909,68.0,19.0
2997,UCtwDdyMko1-rJ8yPyrOThDA,SUNGOL,IGv8q7RGCQI,첸 (Chen) - 사월이 지나면 우리 헤어져요 (Cover. SUNGOL) 선골 커버 ₩,2019-04-02T17:20:10Z,269.0,False,26737,555.0,60.0
2997,UCtwDdyMko1-rJ8yPyrOThDA,SUNGOL,PEPP5MYwqy0,임재현 - 사랑에 연습이 있었다면 (Cover.SUNGOL) 선골 커버,2019-04-04T09:18:13Z,256.0,False,135237,1928.0,147.0
2997,UCtwDdyMko1-rJ8yPyrOThDA,SUNGOL,c3JtZ8NJMYg,유튜브 노래 저작권의 모든것! 노래 커버 유튜버 들의 희소식!,2019-04-09T15:15:35Z,396.0,False,46278,767.0,88.0
2997,UCtwDdyMko1-rJ8yPyrOThDA,SUNGOL,0VTjAKfd6uo,[선골 작사.작곡] 더히든 - 누구땜에 (Cover.SUNGOL) 선골 커버,2019-04-09T18:35:05Z,208.0,False,10420,268.0,59.0
2997,UCtwDdyMko1-rJ8yPyrOThDA,SUNGOL,zjGEm5ZrTNk,[선골 작곡] 13년전 미디 3달 만져보고 만든 서울예대 탈락한 첫 입시곡 SUNGOL,2019-04-15T17:33:18Z,251.0,False,12433,95.0,22.0
2997,UCtwDdyMko1-rJ8yPyrOThDA,SUNGOL,2Wa0bjEIM08,[선골커버] 길구봉구 - 있어줄래 (SUNGOL. cover),2019-04-17T18:21:01Z,152.0,False,27431,353.0,34.0
2997,UCtwDdyMko1-rJ8yPyrOThDA,SUNGOL,IuODVm3rCQg,[선골 작곡] 반광옥 - 오늘일기 SUNGOL COVER (선골 커버),2019-04-21T05:06:54Z,251.0,False,20487,300.0,40.0
2997,UCtwDdyMko1-rJ8yPyrOThDA,SUNGOL,3t5lRd8vCy8,백구와 양다리,2019-04-28T02:21:41Z,248.0,False,4097,109.0,13.0
2997,UCtwDdyMko1-rJ8yPyrOThDA,SUNGOL,9Apngulz-_4,[선골커버] 잔나비 - 주저하는 연인들을 위해 (Cover.SUNGOL),2019-05-06T15:54:14Z,221.0,False,24018,528.0,73.0
2997,UCtwDdyMko1-rJ8yPyrOThDA,SUNGOL,YWDUGFjNwJ0,[어버이날] 라디(Ra.D) - 엄마 (선골 커버),2019-05-08T03:06:30Z,403.0,False,14891,274.0,54.0
2997,UCtwDdyMko1-rJ8yPyrOThDA,SUNGOL,kaMu_2NyspY,[선골 커버] 엠씨더맥스 - 사계 (하루살이) SUNGOL.COVER,2019-06-01T09:13:46Z,143.0,False,129494,2043.0,214.0
2997,UCtwDdyMko1-rJ8yPyrOThDA,SUNGOL,O_qxaBCV_Tk,[CCM COVER] 박홍준 - 한달란트 (Feat.김정) (선골 커버),2019-06-05T17:28:05Z,217.0,False,6538,134.0,25.0
2997,UCtwDdyMko1-rJ8yPyrOThDA,SUNGOL,L1HNshSXrv8,선골형이랑 교회 함 가볼텨??,2019-06-09T04:42:01Z,94.0,False,17204,307.0,69.0
2997,UCtwDdyMko1-rJ8yPyrOThDA,SUNGOL,Jn1YXbEJ9fg,선골커버.김나영-솔직하게 말해서 나.SUNGOL COVER,2019-06-13T15:10:19Z,159.0,False,27714,358.0,64.0
2997,UCtwDdyMko1-rJ8yPyrOThDA,SUNGOL,P6TNNbTmzW4,선골의 프로필 영상을 만들어봤어요..ㅎㅎ,2019-07-24T07:12:43Z,140.0,False,19861,245.0,56.0
2997,UCtwDdyMko1-rJ8yPyrOThDA,SUNGOL,rPC75n6Yba8,찬송가 카피하는 선골츄 (제 1화),2019-12-11T04:53:47Z,214.0,False,7359,218.0,44.0
2997,UCtwDdyMko1-rJ8yPyrOThDA,SUNGOL,2TGR-R2DEcc,vos - 다시 만날까 봐. 작곡가버전. 선골 커버,2020-02-05T12:29:38Z,317.0,False,227744,2716.0,315.0
2997,UCtwDdyMko1-rJ8yPyrOThDA,SUNGOL,wrp2V38eOAs,노을 - 늦은밤 너의 집 앞 골목길에서 (선골 커버),2020-02-29T16:26:47Z,212.0,False,65032,1000.0,134.0
2997,UCtwDdyMko1-rJ8yPyrOThDA,SUNGOL,iRMlKxrjR3o,엠씨더맥스 - 처음처럼 (Cover. SUNGOL) 선골 커버,2020-06-20T16:54:37Z,252.0,False,13188,320.0,74.0
2997,UCtwDdyMko1-rJ8yPyrOThDA,SUNGOL,H93Ks6pt8r4,정승환 - 눈사람 (SUNGOL cover) 선골 커버,2020-06-24T16:17:53Z,236.0,False,13252,253.0,44.0
2997,UCtwDdyMko1-rJ8yPyrOThDA,SUNGOL,26kUVoUI6dw,[덴티스테X정승환]  달을 따라 걷다 보면 .욕실라이브 (선골 커버),2020-08-23T02:06:33Z,248.0,False,4977,101.0,22.0
2997,UCtwDdyMko1-rJ8yPyrOThDA,SUNGOL,3nQ0PlcHT8g,12월 한달간 무료방문레슨 해드릴께요 ^_^,2020-11-30T06:35:18Z,343.0,False,3690,73.0,26.0
2997,UCtwDdyMko1-rJ8yPyrOThDA,SUNGOL,gOtQBP9ncXo,❤️첫번째 무료방문레슨 완료~! 계속 신청해주세요❤️,2020-12-01T07:49:23Z,60.0,True,3766,53.0,6.0
2997,UCtwDdyMko1-rJ8yPyrOThDA,SUNGOL,e3LdOQ3HhDM,❤️두번째 무료방문레슨 완료❤️,2020-12-03T08:19:28Z,118.0,False,5782,52.0,13.0
2997,UCtwDdyMko1-rJ8yPyrOThDA,SUNGOL,3FoRsxgjJ1s,(선골 작곡) 이적-그대 한숨이 깊고 깊어도 (드라마 HUSH OST),2021-01-25T16:16:32Z,246.0,False,4371,93.0,23.0
2997,UCtwDdyMko1-rJ8yPyrOThDA,SUNGOL,wZt6Bw_F4HQ,임창정 - 힘든건 사랑이 아니다 (선골 커버),2021-02-02T12:27:18Z,270.0,False,9190,166.0,35.0
2997,UCtwDdyMko1-rJ8yPyrOThDA,SUNGOL,JPOLBRrLuX0,송이한 - 밝게 빛나는 별이 되어 비춰줄게 (선골 커버),2021-03-13T16:59:01Z,134.0,False,21777,305.0,42.0
2997,UCtwDdyMko1-rJ8yPyrOThDA,SUNGOL,sV9YIDssqLw,갓스레터 (GOD's letter) - 일어나 (Feat.고프),2021-03-15T09:43:27Z,432.0,False,5445,151.0,26.0
2997,UCtwDdyMko1-rJ8yPyrOThDA,SUNGOL,qTfsNrfO-yg,길구봉구 - 좀더 안아줄걸 (고프 & 선골) 커버,2022-08-22T11:15:13Z,240.0,False,4023,90.0,47.0
2997,UCtwDdyMko1-rJ8yPyrOThDA,SUNGOL,Frp4jdoghNQ,진민호 - 반만 (선골 커버),2022-12-31T02:08:01Z,159.0,False,2733,67.0,18.0
2997,UCtwDdyMko1-rJ8yPyrOThDA,SUNGOL,9fOV33P-5P4,"작곡 무료로 알려드리고, 1년간 240만원 지원해드립니다 [박강일 작곡가& 리빌드공동체 4기 모집]",2022-12-31T04:00:04Z,505.0,False,3351,61.0,11.0
2997,UCtwDdyMko1-rJ8yPyrOThDA,SUNGOL,hgidUZVPcfo,주호 - 내가 아니라도 (선골 커버),2023-01-03T04:22:59Z,196.0,False,5749,112.0,23.0
2997,UCtwDdyMko1-rJ8yPyrOThDA,SUNGOL,Ij3xoQHOzy8,DK (디셈버) - 심 (心)  (SUNGOL Cover)),2023-09-19T08:00:11Z,124.0,False,2834,58.0,16.0
2997,UCtwDdyMko1-rJ8yPyrOThDA,SUNGOL,iDaPckJxRLA,허각 - 물론 (COVER. SUNGOL),2023-09-21T09:30:09Z,115.0,False,2314,41.0,8.0
2997,UCtwDdyMko1-rJ8yPyrOThDA,SUNGOL,rT-2I8pH21w,작곡가 직접커버 - 사랑하지않아서그랬어 (임한별),2023-10-05T14:33:17Z,239.0,False,6872,128.0,25.0
2997,UCtwDdyMko1-rJ8yPyrOThDA,SUNGOL,IjcL7p3MMc4,리빌드 6기 모집영상,2023-11-18T00:10:34Z,291.0,False,5487,74.0,14.0
2997,UCtwDdyMko1-rJ8yPyrOThDA,SUNGOL,4CSHMAcA6Sw,작곡 무료레슨 해주는 리빌드 6기 모집영상 티저,2024-11-28T02:47:49Z,71.0,False,2043,22.0,10.0
2997,UCtwDdyMko1-rJ8yPyrOThDA,SUNGOL,IaCEt_j6wwQ,내 삶의 반 - 임재현 (SUNGOL. cover),2025-01-24T10:21:06Z,240.0,False,2908,68.0,21.0
2997,UCtwDdyMko1-rJ8yPyrOThDA,SUNGOL,7aW5WPyPn2U,여한 - 설화애련가 (SUNGOL. Cover),2025-02-08T09:33:50Z,196.0,False,1593,37.0,10.0
2997,UCtwDdyMko1-rJ8yPyrOThDA,SUNGOL,LZ6beYrJth8,허용별 - 이게뭐냔말이야 (작곡가버전) SUNGOL Cover,2025-06-10T14:18:28Z,44.0,True,1805,34.0,10.0
2998,UCIjxo5SUEhWbtuiL-BrSuqw,KOREAN OPPA 코리안오빠,2kivxB9QgHA,Gumhee TV 마이구미 のライブ ストリーム,2017-05-17T13:15:58Z,,False,0,2.0,0.0
2998,UCIjxo5SUEhWbtuiL-BrSuqw,KOREAN OPPA 코리안오빠,PdArxnnsB58,【予告①】 コリアンオッパチャンネルをオープンします！！COMMING SOON,2020-09-04T10:15:05Z,33.0,True,7610,129.0,34.0
2998,UCIjxo5SUEhWbtuiL-BrSuqw,KOREAN OPPA 코리안오빠,cK1FC6tYUnM,【予告②】NG集大公開！コリアンオッパチャンネルを9月23日にオープン！！COMMING SOON,2020-09-15T10:00:16Z,61.0,False,3165,107.0,25.0
2998,UCIjxo5SUEhWbtuiL-BrSuqw,KOREAN OPPA 코리안오빠,x28ZKTeAazU,【韓国スキンケア】 2020年秋に絶対買うべきオススメパック！！Korean Face Masks,2020-09-23T10:00:15Z,341.0,False,2577,155.0,45.0
2998,UCIjxo5SUEhWbtuiL-BrSuqw,KOREAN OPPA 코리안오빠,8pUvccHOlZE,【韓国ミョンランハッドグ】 🇰🇷大人気チーズドッグセットレビュー！！MOZZA CORN DOGS MUKBANG,2020-09-25T10:00:02Z,521.0,False,1913,148.0,46.0
2998,UCIjxo5SUEhWbtuiL-BrSuqw,KOREAN OPPA 코리안오빠,p77KO-wwb1U,【激辛】 NEW韓国プルダックポックンミョン食べ比べ Fire Noodle Challenge,2020-09-30T10:00:11Z,530.0,False,1699,115.0,30.0
2998,UCIjxo5SUEhWbtuiL-BrSuqw,KOREAN OPPA 코리안오빠,0ymh8v1QstI,【韓国コスメイベント】皆さんに韓国コスメセットをプレゼントします🎁 Korean Cosmetics Gift Event,2020-10-02T10:00:00Z,296.0,False,1678,165.0,168.0
2998,UCIjxo5SUEhWbtuiL-BrSuqw,KOREAN OPPA 코리안오빠,8UEok5yx09M,【韓国話題コスメ】マスクに付かない！！リップティント３色レビュー Korean Lip Tint Review,2020-10-07T10:00:02Z,307.0,False,1765,120.0,38.0
2998,UCIjxo5SUEhWbtuiL-BrSuqw,KOREAN OPPA 코리안오빠,mdI4u5N4fCM,【NEW】韓国コンビニカップラーメンTOP3 / Top3 Korean Cup Noodles,2020-10-09T10:00:31Z,311.0,False,1413,107.0,28.0
2998,UCIjxo5SUEhWbtuiL-BrSuqw,KOREAN OPPA 코리안오빠,XNeQNJSOpPg,【KOREAN OPPA】 TikTok100万人突破記念！！ありがとうございます！,2020-10-14T10:00:07Z,493.0,False,1118,89.0,34.0
2998,UCIjxo5SUEhWbtuiL-BrSuqw,KOREAN OPPA 코리안오빠,jH4Nqprei9E,【韓国メイク】韓国男子が教えてくれる〇〇女子メイク！！,2020-10-17T10:00:10Z,503.0,False,1505,86.0,27.0
2998,UCIjxo5SUEhWbtuiL-BrSuqw,KOREAN OPPA 코리안오빠,xPFqKFy625g,【VLOG】BTSも通ってる？！韓国の美容室でヘアメイクして貰いました！！,2020-10-21T10:00:14Z,568.0,False,1755,74.0,23.0
2998,UCIjxo5SUEhWbtuiL-BrSuqw,KOREAN OPPA 코리안오빠,133RbnYZeL8,【激辛】 韓国ヨプトッポッギ初挑戦！！Korean Spicy tteokbokki,2020-10-23T10:00:02Z,479.0,False,948,86.0,29.0
2998,UCIjxo5SUEhWbtuiL-BrSuqw,KOREAN OPPA 코리안오빠,0-QpsJCVuEg,【韓国コスメプレゼント】イベントの当選者発表いたします！！,2020-10-28T10:00:01Z,47.0,True,1005,57.0,13.0
2999,UCkBPT_APmTzK5MRX2jnym6w,신나드레,--pV8Qjw6RU,토끼귀 베이비돌 귀도리 만들기! Making a doll item - Rabbit earmuffs - DIY,2018-02-28T07:48:48Z,317.0,False,6325,154.0,113.0
2999,UCkBPT_APmTzK5MRX2jnym6w,신나드레,mts_VtTC52M,봄느낌 가득 안은 폭신폭신 비스코뉘쿠션 만들기 How to make a Biscornu Cushion - DIY,2018-03-04T07:32:54Z,336.0,False,13743,255.0,76.0
2999,UCkBPT_APmTzK5MRX2jnym6w,신나드레,HdkBaOCs1ug,배틀그라운드 완소 아이템 3뚝배기를 양말인형에게 맞게 만들어서 씌워주었다! - Battle Ground _ Helmet level 3 - DIY,2018-03-06T06:08:59Z,468.0,False,13006,147.0,39.0
2999,UCkBPT_APmTzK5MRX2jnym6w,신나드레,M7kGMBOxYsk,TWICE [Heart Shaker] Stop Motion - 트와이스 스톱모션을 만들어본 편고! [백수공방],2018-03-09T10:03:40Z,46.0,True,11403,326.0,85.0
2999,UCkBPT_APmTzK5MRX2jnym6w,신나드레,Jr4dlj9npGk,연잎과 밀크티로 만든 코하쿠토! 편집고양이가 만들어봤어요 - Kohakuto,2018-03-13T11:49:15Z,327.0,False,9437,208.0,67.0
2999,UCkBPT_APmTzK5MRX2jnym6w,신나드레,I6XoiRM1gxU,BTS 제이홉 양말인형 만들기 How to make sock puppets - J-Hope,2018-03-18T05:23:31Z,330.0,False,16881,344.0,151.0
2999,UCkBPT_APmTzK5MRX2jnym6w,신나드레,AWcg-F7gz-0,*뽑기기계 시즌2* 귀여운 미니버전! 선물하기에도 좋아요 How to make a Candy Machine - DIY,2018-03-21T11:10:57Z,366.0,False,127741,1428.0,137.0
2999,UCkBPT_APmTzK5MRX2jnym6w,신나드레,2hfvrsW6T_s,백제신라고구마 필통 만들기! 아이스크림 하나 먹으면 만들 수 있는 초간단 파우치! - Pouch&Pencil case DIY,2018-03-24T05:25:39Z,312.0,False,78349,1094.0,155.0
2999,UCkBPT_APmTzK5MRX2jnym6w,신나드레,OmxQTii2YEo,간단한 mini 서랍장 만들기! 작은 단추들을 보관할 수 있어요 - DIY,2018-03-28T02:50:04Z,204.0,False,43055,436.0,57.0
2999,UCkBPT_APmTzK5MRX2jnym6w,신나드레,sBTJJxY24OI,휴지심 리폼하기! 다 쓴 휴지심으로 필통과 연필꽂이를 만들어봐요! Paper tube - DIY,2018-03-30T10:44:29Z,471.0,False,58129,612.0,103.0
2999,UCkBPT_APmTzK5MRX2jnym6w,신나드레,agFFVTeksh8,만우절인데 나드레는 얼굴공개를 했..을까요?? - 나드레의 백수공방,2018-04-01T03:59:52Z,610.0,False,14818,500.0,308.0
2999,UCkBPT_APmTzK5MRX2jnym6w,신나드레,YCueHFX58cc,Vlog 동대문 갔다가 제티를 혼내줬어요 - 나드레의 백수공방,2018-04-04T04:49:59Z,521.0,False,8344,262.0,178.0
2999,UCkBPT_APmTzK5MRX2jnym6w,신나드레,WQ84CRsZ1kg,Vlog 속 DIY 동대문 후기_귀걸이 만들고 하루세끼 챙겨먹은 하루 - 나드레의 백수공방,2018-04-07T03:31:43Z,1155.0,False,5925,154.0,98.0
2999,UCkBPT_APmTzK5MRX2jnym6w,신나드레,_3UQeQRt0fE,편고님의 복수를 해주는 영상 - 좀비고등학교 리뷰 [나드레의 백수공방],2018-04-10T03:54:34Z,619.0,False,3876,95.0,69.0
2999,UCkBPT_APmTzK5MRX2jnym6w,신나드레,cT6k0P-Brj8,"Vlog 김치볶음밥, 광명 코스트코, 벚꽃 나들이, 바람과 미역 - 나드레의 백수공방",2018-04-14T10:45:50Z,352.0,False,3295,118.0,72.0
2999,UCkBPT_APmTzK5MRX2jnym6w,신나드레,Rd5r2ses5tg,Vlog 인천가서 재봉틀빌리고 강남 다이아TV 크로마키 스튜디오 다녀왔어요 - 나드레의 백수공방,2018-04-20T10:04:33Z,654.0,False,2823,99.0,40.0
2999,UCkBPT_APmTzK5MRX2jnym6w,신나드레,zzfJv6jLN5Y,Review 제주도 동문시장에서 사온 초콜렛&과자들 리뷰 - 나드레의 백수공방,2018-04-25T12:33:58Z,820.0,False,4006,120.0,63.0
2999,UCkBPT_APmTzK5MRX2jnym6w,신나드레,0rgeg2OUEmg,요리 레시피 _ 아구아구 뫄이쪙! 밥도둑 아구찜 만들기! Spicy Steamed monkfish,2018-04-28T11:18:29Z,447.0,False,7875,178.0,82.0
2999,UCkBPT_APmTzK5MRX2jnym6w,신나드레,a7ooAe9VFgI,정신이 번쩍 들게 만드는 생딸기쥬스 만들기! Fresh Strawberry Juice _ 요리 레시피,2018-04-30T09:40:03Z,423.0,False,8704,182.0,108.0
2999,UCkBPT_APmTzK5MRX2jnym6w,신나드레,oUYFBmmyXgw,2박3일 제주도 여행을 위한 가방 싸기 - 나드레의 백수공방,2018-05-05T11:08:18Z,185.0,False,5367,84.0,34.0
2999,UCkBPT_APmTzK5MRX2jnym6w,신나드레,kvd7EDsDSDs,2박3일 제주도 여행 첫째날 브이로그 - 나드레의 백수공방,2018-05-08T11:38:49Z,615.0,False,3735,110.0,49.0
2999,UCkBPT_APmTzK5MRX2jnym6w,신나드레,WaTtNIvDy2o,예쁜 봄치마 만들기를 이승인님과 함께 했어요! A spring skirt - DIY,2018-05-10T09:00:05Z,946.0,False,38821,586.0,65.0
2999,UCkBPT_APmTzK5MRX2jnym6w,신나드레,7Xh8oHhnzV8,2박3일 제주도 여행 둘째날 브이로그 - 나드레의 백수공방,2018-05-15T06:16:10Z,498.0,False,2637,78.0,46.0
2999,UCkBPT_APmTzK5MRX2jnym6w,신나드레,x4oCS99L_e4,"양말인형 만들기! 파이널판타지14의 마스코트 귀요미들 How to make sock puppets - Moogle, Big Chokovo, Ddoong   Nyang-i",2018-05-18T08:06:34Z,631.0,False,41275,547.0,62.0
2999,UCkBPT_APmTzK5MRX2jnym6w,신나드레,-leXiQwc4ik,꽃시장 다녀와서 직접 꽃다발을 만들어보았어요! flower Bouquet - DIY,2018-05-21T10:33:26Z,388.0,False,6863,139.0,39.0
2999,UCkBPT_APmTzK5MRX2jnym6w,신나드레,VHA2SfIfXZY,2박3일 제주도 여행 마지막날 브이로그 - 나드레의 백수공방,2018-05-25T07:40:30Z,422.0,False,1742,63.0,28.0
2999,UCkBPT_APmTzK5MRX2jnym6w,신나드레,eWHcljCI1Oo,기운나는 쭈꾸미삼겹살 맛있고 쉽게 만들기! Weather octopus pork belly _ 요리 레시피,2018-05-29T08:16:30Z,369.0,False,3312,99.0,32.0
2999,UCkBPT_APmTzK5MRX2jnym6w,신나드레,IUbl13BouBw,대관령 양떼목장 + 초당 순두부 + 강릉 커피거리 Vlog - 나드레의 백수공방,2018-06-01T11:35:59Z,818.0,False,2072,58.0,49.0
2999,UCkBPT_APmTzK5MRX2jnym6w,신나드레,8ZHar-G-hPA,입에서 살살 녹는 참치 먹방! 버킷리스트 '참치먹기'를 달성했어요 - 나드레의 백수공방,2018-06-04T09:10:40Z,512.0,False,3410,96.0,48.0
2999,UCkBPT_APmTzK5MRX2jnym6w,신나드레,OUljInIaaiE,부천을 즐기고 왔어요_백만송이장미축제_만화박물관_양꼬치 - 나드레의 백수공방,2018-06-09T10:30:04Z,494.0,False,2880,88.0,36.0
2999,UCkBPT_APmTzK5MRX2jnym6w,신나드레,BUoWCGBrc4k,Vlog 충북 시골에 다녀왔어요 - 나드레의 백수공방,2018-06-13T09:58:09Z,383.0,False,2646,83.0,45.0
2999,UCkBPT_APmTzK5MRX2jnym6w,신나드레,OcJn7X68sXI,수다영상_DIY를 쉬고있는 진짜 이유와 버킷리스트 중간점검 - 나드레의 백수공방,2018-06-16T08:43:25Z,601.0,False,4763,147.0,38.0
2999,UCkBPT_APmTzK5MRX2jnym6w,신나드레,RGJITs08ZVs,특명! 거실 대청소하고 등받이쿠션 만들기! 과연? - 나드레의 백수공방,2018-06-20T06:42:53Z,295.0,False,3471,88.0,19.0
2999,UCkBPT_APmTzK5MRX2jnym6w,신나드레,jaRx19MtqqQ,오목사목알까기 - 나드레의 백수공방,2018-06-23T10:49:35Z,531.0,False,2495,55.0,12.0
2999,UCkBPT_APmTzK5MRX2jnym6w,신나드레,4wjw0CzHA0E,긁어서 그림을 그린다? 스크래치 노트로 그림 그려주기! Scratch Notes 리뷰!,2018-06-28T02:10:45Z,455.0,False,7847,106.0,19.0
2999,UCkBPT_APmTzK5MRX2jnym6w,신나드레,kKI3AWGFodY,Vlog액괴는 정말 어렵군요! 평범한 일상 - 나드레의 백수공방,2018-07-02T10:20:02Z,331.0,False,4330,108.0,71.0
2999,UCkBPT_APmTzK5MRX2jnym6w,신나드레,I-9Xmrd1_jE,집에서 우유빙수 만들기! ice milk flakes with syrup,2018-07-05T09:04:03Z,578.0,False,9289,164.0,62.0
2999,UCkBPT_APmTzK5MRX2jnym6w,신나드레,8wxVFORp6Do,지난 초여름 브이로그와 생존소식,2018-09-06T05:00:36Z,456.0,False,4326,106.0,39.0
2999,UCkBPT_APmTzK5MRX2jnym6w,신나드레,2irQ0tOkWBU,신나드레님의 실시간 스트리밍,2018-09-28T11:18:06Z,,False,0,0.0,0.0
2999,UCkBPT_APmTzK5MRX2jnym6w,신나드레,WwxmB4xDJrw,(수다영상) 허약한 나에게 없으면 안되는 물건 15가지 소개영상,2018-10-12T08:24:03Z,1002.0,False,6294,160.0,73.0
2999,UCkBPT_APmTzK5MRX2jnym6w,신나드레,jqXJFIBeA9Q,VLOG 호기롭게 집을 나섰으나 가는 곳마다 공사하던 날,2018-10-23T09:51:55Z,607.0,False,2114,65.0,24.0
2999,UCkBPT_APmTzK5MRX2jnym6w,신나드레,hi3hqmd0gco,VLOG 수목원! 가을맞이 강원도 나들이 - 나드레의 백수공방,2018-11-17T12:02:32Z,799.0,False,1645,56.0,54.0
2999,UCkBPT_APmTzK5MRX2jnym6w,신나드레,bcanNOyAstw,VLOG 가을을 보내며 왕송호수를 다녀왔어요! 운동하고 낙지볶음 먹은 하루 - 나드레의 백수공방,2018-11-26T12:09:51Z,906.0,False,2652,66.0,31.0
2999,UCkBPT_APmTzK5MRX2jnym6w,신나드레,ojXAsoJZ780,에비츄 스토어에서  택배가 왔츄! 마침 세일하길래 사리사욕 채운 리뷰 - 나드레의 백수공방,2018-12-26T09:17:35Z,356.0,False,7325,152.0,55.0
2999,UCkBPT_APmTzK5MRX2jnym6w,신나드레,lAmNSmzZICw,good bye 2018! hello 2019! 새해 복 많이 받으세요 - 나드레의 백수공방,2018-12-31T08:20:49Z,190.0,False,4165,66.0,59.0
2999,UCkBPT_APmTzK5MRX2jnym6w,신나드레,BA5V4scZqEw,이사를 하고 생긴 일들 - 나드레의 백수공방,2019-02-02T12:27:26Z,250.0,False,4262,115.0,45.0
2999,UCkBPT_APmTzK5MRX2jnym6w,신나드레,aQof1EQlJeY,아이고 오셨어요? 저희집 집들이 - 백수공방,2019-02-06T12:53:24Z,638.0,False,7881,161.0,44.0
2999,UCkBPT_APmTzK5MRX2jnym6w,신나드레,0Be_F-sLGwc,모발기부 두번째 후기 - 나드레의 백수공방,2019-02-28T11:49:23Z,370.0,False,7431,140.0,26.0
2999,UCkBPT_APmTzK5MRX2jnym6w,신나드레,-wJgzuvLLRg,집에서도 마파두부 해먹을 수 있어요 Mapa Tofu _요리레시피,2019-03-04T11:22:46Z,247.0,False,7158,131.0,36.0
2999,UCkBPT_APmTzK5MRX2jnym6w,신나드레,7348EqQU-KE,지금까지 이런 반려식물은 없었다. 이것은 이끼인가 먼지인가 너무 귀엽다! - 나드레의 백수공방,2019-03-24T11:59:59Z,410.0,False,15583,196.0,90.0
