idx,channel_id,channel_title,video_id,video_title,published_at,duration_sec,is_shorts,view_count,like_count,comment_count
8050,UCbWPYsyJX1-7uvfOw3LkLqw,ToyMart TV,Ej9plAbzdwo,"When I meet my friends, I greet them warmly first #shorts",2023-10-05T09:30:04Z,13.0,True,6710,128.0,
8050,UCbWPYsyJX1-7uvfOw3LkLqw,ToyMart TV,c_-f7wLsETk,Catch a thief who stole gold from a Tayo mine #toymarttv,2023-10-07T09:30:09Z,351.0,False,25363,40.0,
8050,UCbWPYsyJX1-7uvfOw3LkLqw,ToyMart TV,NRjv1JrVV_g,"Monster spider is coming in! Octonauts Barnacles, Kwazii~  Jake's Pirate Base Let's Save Friends",2023-10-09T09:30:05Z,379.0,False,5368,20.0,
8050,UCbWPYsyJX1-7uvfOw3LkLqw,ToyMart TV,hXS8cPdqpfA,DynotLux! Stop the monster attack #shorts,2023-10-11T09:30:10Z,45.0,True,5426,87.0,
8050,UCbWPYsyJX1-7uvfOw3LkLqw,ToyMart TV,GlqUf4vEXLI,Grumblies Stealing Baby Dinosaur's Feeds!scold Grumbles #toymarttv,2023-10-13T09:30:04Z,356.0,False,1477,7.0,
8050,UCbWPYsyJX1-7uvfOw3LkLqw,ToyMart TV,3pr5kKm8jPw,"Vanellope Is In Danger~! Ralph, Defeat Monster And Rescue Vanellope #toymarttv",2023-10-15T09:30:01Z,308.0,False,2228,24.0,
8050,UCbWPYsyJX1-7uvfOw3LkLqw,ToyMart TV,v-wtU6gJlgI,Fruits are always delicious #shorts,2023-10-17T09:30:23Z,27.0,True,7276,117.0,
8050,UCbWPYsyJX1-7uvfOw3LkLqw,ToyMart TV,dUbdlkPNl6A,"Troublemaker Grumblies! Eating everything, making an accident, being scolded by the dinosaur",2023-10-19T09:30:10Z,247.0,False,7915,15.0,
8050,UCbWPYsyJX1-7uvfOw3LkLqw,ToyMart TV,l-mMcDLXgvo,Go! War machine buster! #toymarttv,2023-10-21T09:30:11Z,355.0,False,3359,11.0,
8050,UCbWPYsyJX1-7uvfOw3LkLqw,ToyMart TV,HcNyolst9O4,I'm the spaghetti cook! Spaghetti is delicious,2023-10-23T09:30:07Z,39.0,True,30245,610.0,
8050,UCbWPYsyJX1-7uvfOw3LkLqw,ToyMart TV,lm4haLhXDLA,Hulkbusters~! Let's Protect Baby Dinosaurs #toymarttv,2023-10-25T09:30:11Z,414.0,False,1508,9.0,
8050,UCbWPYsyJX1-7uvfOw3LkLqw,ToyMart TV,TggNuE3gARg,Surprise egg comes out of the broken vending machine! Let's open it together #toymarttv,2023-10-27T09:30:07Z,358.0,False,4777,10.0,
8050,UCbWPYsyJX1-7uvfOw3LkLqw,ToyMart TV,2xIwXLMvBx8,"Donkey Kong, let's eat fruit #shorts",2023-10-29T09:30:00Z,23.0,True,8622,126.0,
8050,UCbWPYsyJX1-7uvfOw3LkLqw,ToyMart TV,F3us009cyGw,"Good dinosaur, hurry up! Dinosaur egg hunters are coming in #toymarttv y",2023-10-31T09:30:07Z,310.0,False,4619,16.0,
8050,UCbWPYsyJX1-7uvfOw3LkLqw,ToyMart TV,ZhYy8z8wKIk,Sharks and Crocodiles Are Angry! Who would have upset them? #toymarttv,2023-11-02T09:30:08Z,356.0,False,1589,15.0,
8050,UCbWPYsyJX1-7uvfOw3LkLqw,ToyMart TV,wwQW0yI_ywk,Scary Ghost Everywhere Who Ya Gonna Call Ghostbuster #shorts,2023-11-04T09:30:16Z,37.0,True,9882,164.0,
8050,UCbWPYsyJX1-7uvfOw3LkLqw,ToyMart TV,lBXQgTBNvqQ,This is a Spider Man robot suit! Spider Man in the Spider Verse #toymarttv y,2023-11-06T09:30:19Z,320.0,False,5457,14.0,
8050,UCbWPYsyJX1-7uvfOw3LkLqw,ToyMart TV,DZyHnj7Gks4,Deliver Surprise Eggs with Superwings Giant Jet! #toymarttv,2023-11-08T09:30:03Z,454.0,False,2058,11.0,
8050,UCbWPYsyJX1-7uvfOw3LkLqw,ToyMart TV,U0ZSJ9uWsqk,Teenager Titan is coming! Larva Golem and Stone Monster are being grumpy #shorts,2023-11-10T09:30:13Z,53.0,True,10421,137.0,
8050,UCbWPYsyJX1-7uvfOw3LkLqw,ToyMart TV,9eAPEgnEM6k,MOA and Maui! Mystic Island's secret! #toymarttv,2023-11-12T09:30:02Z,426.0,False,2163,7.0,
8050,UCbWPYsyJX1-7uvfOw3LkLqw,ToyMart TV,wvW9Wyn70vE,Tobot Athlon Season 3. 3 Transforming Robots Vs. Dinosaurs and Dragon~!  # Toymartv,2023-11-14T09:30:14Z,563.0,False,6414,16.0,
8050,UCbWPYsyJX1-7uvfOw3LkLqw,ToyMart TV,byV-vA0DnWw,King Kong In The Skull Island~! King Kong Survive Them Monster Attacks #shorts,2023-11-16T09:30:15Z,42.0,True,8586,107.0,
8050,UCbWPYsyJX1-7uvfOw3LkLqw,ToyMart TV,lz8lOTl6_kc,"Robot suits in vending machines Avengers, defeat Thanos and the villains! #toymarttv",2023-11-18T09:30:10Z,297.0,False,5084,17.0,
8050,UCbWPYsyJX1-7uvfOw3LkLqw,ToyMart TV,LWQAspacbfs,Minecraft Adventure of Steve & Alex~! #toymarttv,2023-11-20T09:30:06Z,399.0,False,2538,18.0,
8050,UCbWPYsyJX1-7uvfOw3LkLqw,ToyMart TV,DfY54bBsg3c,Go Go Paw Patrol Sea Patrol~! Defeat The Shark Pirate #shorts,2023-11-22T09:30:05Z,43.0,True,18479,345.0,
8050,UCbWPYsyJX1-7uvfOw3LkLqw,ToyMart TV,bmUFSlV3lJU,"Go Dino Core Ultimate Deverster Tyranno, save the school bus that's being attacked #toymarttv",2023-11-24T09:30:10Z,406.0,False,6739,28.0,
8050,UCbWPYsyJX1-7uvfOw3LkLqw,ToyMart TV,mKSmIB-qCDg,Go Super Wings! Giant spiders in the Tayo village #toymarttv,2023-11-26T09:30:19Z,412.0,False,2771,9.0,
8050,UCbWPYsyJX1-7uvfOw3LkLqw,ToyMart TV,I9937h6eusQ,Give Us Back Our Surprise Eggs~! Go Robocar Poli Mobile Headquarter #shorts,2023-11-28T09:30:04Z,44.0,True,23626,404.0,
8050,UCbWPYsyJX1-7uvfOw3LkLqw,ToyMart TV,EOuruaUBgRI,Catch the arsonist who escaped from the Tonkatown prison #toymarttv,2023-11-30T09:30:04Z,372.0,False,3319,19.0,
8050,UCbWPYsyJX1-7uvfOw3LkLqw,ToyMart TV,IEMDfxNcBF4,Freeze Morbius~! Tayo Friends Turn Into Super Heros #toymarttv,2024-02-01T09:30:08Z,368.0,False,2503,12.0,
8050,UCbWPYsyJX1-7uvfOw3LkLqw,ToyMart TV,JEuOuY06AS4,A Yeti has invaded Tayo Village   Help Super Wings! #toymarttv,2024-02-03T09:30:09Z,445.0,False,9451,30.0,
8050,UCbWPYsyJX1-7uvfOw3LkLqw,ToyMart TV,lCxgOhICb5c,"Gru blew the egg vending machine away, Puppy, look for a surprise egg #toymarttv",2024-02-07T09:30:12Z,400.0,False,2834,12.0,
8050,UCbWPYsyJX1-7uvfOw3LkLqw,ToyMart TV,6M9lpWVenHk,Go Go Dino Season 3~! Angry Dinosaurs Are Coming #shorts,2024-06-02T09:30:03Z,57.0,True,10007,175.0,
8050,UCbWPYsyJX1-7uvfOw3LkLqw,ToyMart TV,ryaEzhzBRQY,Go Go Paw Patrol Sea Patrol~! Defeat The Shark Pirate #shorts,2024-06-11T09:30:29Z,46.0,True,8748,131.0,
8050,UCbWPYsyJX1-7uvfOw3LkLqw,ToyMart TV,AoOXiqZKWNo,Go Batman & Batgirl~! Superman Became A Monster~! PJ Masks #ToyMartTV,2024-09-11T03:06:36Z,646.0,False,1903,12.0,
8050,UCbWPYsyJX1-7uvfOw3LkLqw,ToyMart TV,Lu2wHmC37wk,Greedy Hulk! Icecream,2024-10-08T01:00:11Z,42.0,True,6993,84.0,
8050,UCbWPYsyJX1-7uvfOw3LkLqw,ToyMart TV,186oj3AgzQE,"Greedy Hulk! Iron Man, Captain America! Go Go Paw Patrol Sea Patrol~! #ToyMartTV",2024-11-06T01:00:01Z,608.0,False,2547,11.0,
8050,UCbWPYsyJX1-7uvfOw3LkLqw,ToyMart TV,Hd2QzTwWfWk,Go Go Paw Patrol Sea Patrol~! #ToyMartTV,2024-12-04T01:00:10Z,49.0,True,3612,60.0,
8050,UCbWPYsyJX1-7uvfOw3LkLqw,ToyMart TV,gp7EJZmU6bU,The Grossery Gang & Chomp Squad In The Town~! Can You Eat Them Big Eater Dinosaurs? #ToyMartTV,2025-03-20T04:00:37Z,552.0,False,3256,22.0,
8050,UCbWPYsyJX1-7uvfOw3LkLqw,ToyMart TV,-VUhnu-bJug,A brainy block puzzle! Solve with pure logic in this new kind of block game. Block matrix,2025-06-26T02:06:48Z,30.0,True,2673,32.0,
8050,UCbWPYsyJX1-7uvfOw3LkLqw,ToyMart TV,MnLowuMStX4,Black Panther & Teen Titans Go! Do Not Make Dinosaurs Angry~! #ToyMartTV,2025-07-17T04:00:32Z,562.0,False,2510,14.0,
8050,UCbWPYsyJX1-7uvfOw3LkLqw,ToyMart TV,aS9TPULi-7U,Frank Lost It! Insane Waterfall and Color Change!,2025-10-24T06:20:09Z,680.0,False,53270,125.0,
8050,UCbWPYsyJX1-7uvfOw3LkLqw,ToyMart TV,VFQSD7pLmvw,Paw Patrol Sea Adventure Sea Patrol Rescue Mission #ToyMartTV,2025-11-06T05:58:22Z,976.0,False,5713,15.0,
8050,UCbWPYsyJX1-7uvfOw3LkLqw,ToyMart TV,FPf-DcYWLqo,Frank Is Angry! Disney Car Friends Need to Get Along!,2025-11-13T02:27:07Z,742.0,False,95310,166.0,
8050,UCbWPYsyJX1-7uvfOw3LkLqw,ToyMart TV,vfXSWf4eRFw,Paw Patrol Extreme Sea Rescue Mission!,2025-11-28T01:53:03Z,641.0,False,3070,12.0,
8050,UCbWPYsyJX1-7uvfOw3LkLqw,ToyMart TV,a967Ld58JIE,Crisis in Broomstown! Robocar Poli’s Thrilling Rescue Explosion!,2025-12-04T11:00:01Z,466.0,False,7741,18.0,
8050,UCbWPYsyJX1-7uvfOw3LkLqw,ToyMart TV,R2wE-ONpY1w,"Go, Go, Go! Lightning McQueen's Epic Track Challenge!",2025-12-10T03:30:05Z,623.0,False,8143,23.0,
8050,UCbWPYsyJX1-7uvfOw3LkLqw,ToyMart TV,uXlP3whQdcs,Disney's animated action movies,2026-03-03T00:19:13Z,,False,8153,78.0,
8050,UCbWPYsyJX1-7uvfOw3LkLqw,ToyMart TV,tXHsS2E_0eQ,Stolen Identities! Disney Cars Rescue Mission!,2026-03-03T07:44:16Z,524.0,False,4029,12.0,
8050,UCbWPYsyJX1-7uvfOw3LkLqw,ToyMart TV,o3Cbx5dK_VA,"Oh No, a Monster! Brave Octonauts vs  The Giant Centipede!",2026-04-02T03:07:13Z,391.0,False,3016,7.0,
8051,UC-Fnix71vRP64WXeo0ikd0Q,IVE,zHzd8FxahyQ,오늘도 유진이와 함께💚｜ANYUJIN X 하나손해보험 BEHIND PREVIEW #Shorts,2026-04-16T07:01:00Z,25.0,True,218583,14782.0,299.0
8051,UC-Fnix71vRP64WXeo0ikd0Q,IVE,c-YwyN50qcU,[IVE ON] ANYUJIN X 하나손해보험 BEHIND,2026-04-16T14:00:54Z,512.0,False,36315,4444.0,246.0
8051,UC-Fnix71vRP64WXeo0ikd0Q,IVE,Vd4WahN2AVo,🌞•*¨*•.🦋⊹ #IVE #아이브 #REI #레이 #Shorts,2026-04-17T04:59:56Z,14.0,True,594393,35541.0,555.0
8051,UC-Fnix71vRP64WXeo0ikd0Q,IVE,a7RNlYrE390,이서가 알려주는 오늘의 모닝 루틴☀️｜*⋆꒰ঌ 떠떠 베이커리 ໒꒱⋆* 재오픈! 이서의 버터떡 만들기 PREVIEW #Shorts,2026-04-17T07:00:00Z,19.0,True,298481,13397.0,225.0
8051,UC-Fnix71vRP64WXeo0ikd0Q,IVE,1BwDX1ujnek,[IVE OFF] *⋆꒰ঌ 떠떠 베이커리 ໒꒱⋆* 재오픈! 이서의 버터떡 만들기,2026-04-17T14:00:02Z,684.0,False,293370,14502.0,884.0
8051,UC-Fnix71vRP64WXeo0ikd0Q,IVE,Ux-yHa-TCfg,[ARCH·IVE] 앜아이브 TEASER,2026-04-20T10:30:17Z,34.0,True,108609,9770.0,630.0
8051,UC-Fnix71vRP64WXeo0ikd0Q,IVE,az1zuIFaNp0,달달 말랑 레이 두쫀쿠🎀🩷｜REI X 로로멜로 미니 두바이 쫀득 쿠키 BEHIND PREVIEW #Shorts,2026-04-21T07:00:05Z,18.0,True,243527,14641.0,245.0
8051,UC-Fnix71vRP64WXeo0ikd0Q,IVE,_2AUYF9JxhQ,카와이해서 멘고멘고 ᐢ..ᐢ #IVE #아이브 #JANGWONYOUNG #장원영 #Shorts,2026-04-21T09:59:58Z,13.0,True,5260690,134101.0,2465.0
8051,UC-Fnix71vRP64WXeo0ikd0Q,IVE,Yv7z-dTEnLo,260421 IVE ANYUJIN REI 가슴이 두콩두콩,2026-04-21T10:58:03Z,1546.0,False,195689,13240.0,523.0
8051,UC-Fnix71vRP64WXeo0ikd0Q,IVE,0gVkaoShDZY,📞  ̖́- mosi mosi? #IVE #아이브 #REI #레이 #LEESEO #이서 #Shorts,2026-04-21T12:29:59Z,21.0,True,1372772,56959.0,611.0
8051,UC-Fnix71vRP64WXeo0ikd0Q,IVE,gqE2OTZ_-Wo,[IVE ON] REI X 로로멜로 미니 두바이 쫀득 쿠키 BEHIND,2026-04-21T14:00:39Z,367.0,False,41745,4491.0,294.0
8051,UC-Fnix71vRP64WXeo0ikd0Q,IVE,y_Xrjtojq9E,𝑆𝐻𝑂𝑊 𝑊𝐻𝐴𝑇 𝐼 𝐴𝑀 in OSAKA ✈️ #IVE #아이브 #SHOW_WHAT_I_AM #Shorts,2026-04-22T06:59:58Z,59.0,True,251846,17111.0,266.0
8051,UC-Fnix71vRP64WXeo0ikd0Q,IVE,oM3Je6Zsi-I,🗂️ I-VIEW ㄴ LIZ in OSAKA #IVE #아이브 #LIZ #리즈 #SHOW_WHAT_I_AM #Shorts,2026-04-23T05:59:57Z,33.0,True,305901,21061.0,323.0
8051,UC-Fnix71vRP64WXeo0ikd0Q,IVE,lrnetig4D9w,청량 가득 원영이와🐰🩵｜JANGWONYOUNG X Dr.Althea BEHIND PREVIEW #Shorts,2026-04-23T07:00:49Z,16.0,True,257572,18069.0,303.0
8051,UC-Fnix71vRP64WXeo0ikd0Q,IVE,Vk5TozpphAU,[IVE ON] JANGWONYOUNG X Dr.Althea BEHIND,2026-04-23T14:01:00Z,341.0,False,61601,5171.0,283.0
8051,UC-Fnix71vRP64WXeo0ikd0Q,IVE,5OfHy_hUCCA,[ARCH·IVE] 앜아이브 EP.1,2026-04-24T10:30:06Z,1424.0,False,715497,29653.0,1938.0
8051,UC-Fnix71vRP64WXeo0ikd0Q,IVE,GIMb866GOHs,내 뒷자리에✈️♥️｜커플즈 컴백 ˚. ⊹ 함께하는 VALENTINO HAUTE COUTURE｜커플즈 LOG PREVIEW #Shorts,2026-04-26T07:00:11Z,26.0,True,283217,18053.0,260.0
8051,UC-Fnix71vRP64WXeo0ikd0Q,IVE,zwgksnHaP_E,꒰๑ᐢɞ̴̶̷ ·̫ ɞ̴̶̷ᐢ๑꒱ vibes ~☆ #IVE #아이브 #REI #레이 #Shorts,2026-04-26T08:59:57Z,11.0,True,814267,42560.0,676.0
8051,UC-Fnix71vRP64WXeo0ikd0Q,IVE,2z7n4aRiwkQ,[IVE LOG] 커플즈 컴백 ˚. ⊹ 함께하는 VALENTINO HAUTE COUTURE｜커플즈 LOG,2026-04-26T14:00:04Z,1230.0,False,83613,6416.0,348.0
8051,UC-Fnix71vRP64WXeo0ikd0Q,IVE,s9tMvuVoeA0,Note #1 : DANCE PRACTICE | 2026 IVE THE 4TH FAN CONCERT 〈DIVE into IVE〉 PREVIEW #Shorts,2026-04-27T07:00:46Z,29.0,True,248142,14218.0,208.0
8051,UC-Fnix71vRP64WXeo0ikd0Q,IVE,vZ5GH8qyQmk,[Inside IVE] Note #1 : DANCE PRACTICE | 2026 IVE THE 4TH FAN CONCERT 〈DIVE into IVE〉,2026-04-27T14:00:27Z,999.0,False,155848,8811.0,382.0
8051,UC-Fnix71vRP64WXeo0ikd0Q,IVE,pkge2gLD_40,260428 IVE REI 기니 왁기니,2026-04-28T07:56:46Z,3559.0,False,200838,13893.0,424.0
8051,UC-Fnix71vRP64WXeo0ikd0Q,IVE,bgWVqY7Kv4g,𝑆𝐻𝑂𝑊 𝑊𝐻𝐴𝑇 𝐼 𝐴𝑀 in MANILA ✈️ #IVE #아이브 #SHOW_WHAT_I_AM #Shorts,2026-04-28T09:00:06Z,53.0,True,194770,14059.0,255.0
8051,UC-Fnix71vRP64WXeo0ikd0Q,IVE,qmySe6_NJRs,기닝겐 (՞_  ̫ _՞)ᐝ♡#IVE #아이브#REI #레이 #Shorts,2026-04-29T03:30:38Z,15.0,True,271317,17089.0,300.0
8051,UC-Fnix71vRP64WXeo0ikd0Q,IVE,D06WSwL3k6U,🗂️ I-VIEW ㄴ JANGWONYOUNG in MANILA #IVE #아이브 #JANGWONYOUNG #장원영 #SHOW_WHAT_I_AM #Shorts,2026-04-29T05:34:33Z,48.0,True,421102,28140.0,528.0
8051,UC-Fnix71vRP64WXeo0ikd0Q,IVE,ameQoxOHu1s,Note #2 : INSPIRE ARENA | 2026 IVE THE 4TH FAN CONCERT 〈DIVE into IVE〉 PREVIEW #Shorts,2026-04-30T07:03:00Z,32.0,True,553844,22879.0,351.0
8051,UC-Fnix71vRP64WXeo0ikd0Q,IVE,qIJY2LuXAio,가을이🪽,2026-04-30T09:28:04Z,2612.0,False,245608,13192.0,339.0
8051,UC-Fnix71vRP64WXeo0ikd0Q,IVE,va4oiCP5JR4,[Inside IVE] Note #2 : INSPIRE ARENA | 2026 IVE THE 4TH FAN CONCERT 〈DIVE into IVE〉,2026-04-30T14:01:27Z,2144.0,False,131316,8276.0,434.0
8051,UC-Fnix71vRP64WXeo0ikd0Q,IVE,HZKWe79K2ao,[ARCH·IVE] 앜아이브 EP.2,2026-05-01T10:30:12Z,1833.0,False,572677,23512.0,1612.0
8051,UC-Fnix71vRP64WXeo0ikd0Q,IVE,JztKsJamb2w,Note #4 : SEOUL｜IVE WORLD TOUR 〈SHOW WHAT I AM〉 PREVIEW #Shorts,2026-05-04T07:00:15Z,36.0,True,176563,12275.0,224.0
8051,UC-Fnix71vRP64WXeo0ikd0Q,IVE,xbdo4pXaLWY,Note #4 : SEOUL｜IVE WORLD TOUR〈SHOW WHAT I AM〉,2026-05-04T14:01:28Z,1940.0,False,109327,7117.0,452.0
8051,UC-Fnix71vRP64WXeo0ikd0Q,IVE,msNq5a5yPcE,해피 어린이날💛,2026-05-05T06:41:55Z,1329.0,False,131321,9695.0,557.0
8051,UC-Fnix71vRP64WXeo0ikd0Q,IVE,tL7JA_gxkzY,귀요미 옆에 귀요미 ⌯〉ᴗo⌯ᵞᵉᵃᑋᵎᵎ #IVE #아이브 #Shorts,2026-05-05T10:01:22Z,31.0,True,392061,22124.0,553.0
8051,UC-Fnix71vRP64WXeo0ikd0Q,IVE,XHtO7as5v0I,IVE - BANG BANG | Live From Vevo Studios,2026-05-06T16:01:01Z,183.0,False,1329141,59050.0,1966.0
8051,UC-Fnix71vRP64WXeo0ikd0Q,IVE,FmdfLFEeQNM,BANG쳐보자 홈런도 쳐보자 ⚾️ with #LG트윈스 #IVE #아이브 #LEESEO #이서 #Shorts,2026-05-07T11:09:42Z,20.0,True,1218509,47125.0,645.0
8051,UC-Fnix71vRP64WXeo0ikd0Q,IVE,wWqUZ2wxgPg,[ARCH·IVE] 앜아이브 EP.3,2026-05-08T10:30:42Z,1565.0,False,531796,21093.0,1286.0
8051,UC-Fnix71vRP64WXeo0ikd0Q,IVE,-ga5LKi9ARE,햄햄왔햄🐹💖🐹,2026-05-09T13:21:35Z,1932.0,False,124906,10291.0,360.0
8051,UC-Fnix71vRP64WXeo0ikd0Q,IVE,DQbCtK1ETYc,오늘의 레이 무드는 느좋🐹｜REI X 미세키서울 BEHIND PREVIEW #Shorts,2026-05-11T07:00:11Z,18.0,True,88565,9240.0,179.0
8051,UC-Fnix71vRP64WXeo0ikd0Q,IVE,F7dGy6BJNck,rei-iii-ii- #IVE #아이브 #REI #레이 #Shorts,2026-05-11T08:00:26Z,9.0,True,374927,26372.0,412.0
8051,UC-Fnix71vRP64WXeo0ikd0Q,IVE,gAKGFiUArp8,Step one! Catch Fashion ⋰˚☆ #IVE #아이브 #IVE_LUCIDDREAM #IVE_Fashion #Shorts,2026-05-11T09:00:54Z,19.0,True,159069,13295.0,304.0
8051,UC-Fnix71vRP64WXeo0ikd0Q,IVE,3bPWvr0RFWw,[IVE ON] REI X 미세키서울 BEHIND,2026-05-11T14:00:04Z,430.0,False,36482,4285.0,239.0
8051,UC-Fnix71vRP64WXeo0ikd0Q,IVE,FjUo-2Dw8xw,𝑆𝐻𝑂𝑊 𝑊𝐻𝐴𝑇 𝐼 𝐴𝑀 in SINGAPORE ✈️ #IVE #아이브 #SHOW_WHAT_I_AM #Shorts,2026-05-12T05:00:18Z,53.0,True,150369,11857.0,191.0
8051,UC-Fnix71vRP64WXeo0ikd0Q,IVE,y9JDI0B0Dj4,Everyday with Fashion ʕ•̫͡•ʕ•̫͡•ʔ #IVE #아이브 #IVE_LUCIDDREAM #IVE_Fashion #Shorts,2026-05-12T09:00:03Z,21.0,True,146108,11172.0,220.0
8051,UC-Fnix71vRP64WXeo0ikd0Q,IVE,9Slz2Y3gBUE,가을이 🪽,2026-05-13T08:25:32Z,3141.0,False,96212,8341.0,234.0
8051,UC-Fnix71vRP64WXeo0ikd0Q,IVE,PmnKPyYrBIk,Focus on Fashion ⋆♡⋆ #IVE #아이브 #IVE_LUCIDDREAM #IVE_Fashion #Shorts,2026-05-13T09:00:39Z,15.0,True,137500,10689.0,254.0
8051,UC-Fnix71vRP64WXeo0ikd0Q,IVE,TnKIULOCsTQ,🗂️ I-VIEW ㄴ REI in SINGAPORE #IVE #아이브 #REI #레이 #SHOW_WHAT_I_AM #Shorts,2026-05-13T10:00:01Z,38.0,True,124888,13029.0,210.0
8051,UC-Fnix71vRP64WXeo0ikd0Q,IVE,GG932qvVzko,IVE - FLU | Live From Vevo Studios,2026-05-13T16:00:33Z,193.0,False,364933,26074.0,1068.0
8051,UC-Fnix71vRP64WXeo0ikd0Q,IVE,MajON-FduKk,봄을 입은 리즈를 찾아서🥰｜LIZ X Matin Kim BEHIND PREVIEW #Shorts,2026-05-14T07:00:24Z,17.0,True,144497,10894.0,241.0
8051,UC-Fnix71vRP64WXeo0ikd0Q,IVE,JTMiVUW1tQo,[IVE ON] LIZ X Matin Kim BEHIND,2026-05-14T14:00:14Z,848.0,False,28689,4158.0,288.0
8051,UC-Fnix71vRP64WXeo0ikd0Q,IVE,6JLQ4w2acJI,[ARCH·IVE] 앜아이브 EP.4,2026-05-15T10:30:14Z,1709.0,False,175425,11889.0,1016.0
8052,UC2e4Ukj5Pfr7cb3KpJAFBdQ,ATEEZ,UGxiVJDEMLg,유난히 수줍음이 많던 어린 민기 | WANTEEZ EP.42 #Shorts,2026-04-03T09:00:02Z,46.0,True,52985,5836.0,56.0
8052,UC2e4Ukj5Pfr7cb3KpJAFBdQ,ATEEZ,am2X1ePr7HU,[Guerrilla Log] YUNHO in Europe🩵 | 유럽 투어 브이로그 | ATEEZ(에이티즈) #윤호,2026-04-05T11:00:01Z,1452.0,False,69142,9162.0,365.0
8052,UC2e4Ukj5Pfr7cb3KpJAFBdQ,ATEEZ,azkZFgc18Q4,ATEEZ(에이티즈) WORLD TOUR [IN YOUR FANTASY] IN BANGKOK #Shorts,2026-04-07T07:02:01Z,56.0,True,136833,14760.0,155.0
8052,UC2e4Ukj5Pfr7cb3KpJAFBdQ,ATEEZ,mWjv4rvsMww,ANITEEZ in … 👜✨ #Shorts,2026-04-08T11:00:03Z,14.0,True,458341,36572.0,340.0
8052,UC2e4Ukj5Pfr7cb3KpJAFBdQ,ATEEZ,tIOlo5uH6_Y,ANITEEZ in… 👀 #Shorts,2026-04-08T11:05:07Z,12.0,True,740359,50482.0,397.0
8052,UC2e4Ukj5Pfr7cb3KpJAFBdQ,ATEEZ,s0i02UEMynY,👊에이티니 필수 호신술👊 #Shorts,2026-04-08T12:00:01Z,59.0,True,178345,21018.0,612.0
8052,UC2e4Ukj5Pfr7cb3KpJAFBdQ,ATEEZ,aofADkGFnno,게임 또 게임 | WANTEEZ EP.43 | ATEEZ(에이티즈),2026-04-09T11:00:01Z,1470.0,False,382008,33483.0,1288.0
8052,UC2e4Ukj5Pfr7cb3KpJAFBdQ,ATEEZ,KQGfMMVmJhs,우영우엉흐엉우영흐어어엉 | WANTEEZ EP.43 #Shorts,2026-04-09T12:30:03Z,34.0,True,849823,9165.0,77.0
8052,UC2e4Ukj5Pfr7cb3KpJAFBdQ,ATEEZ,1MI4irHqSdA,??이정도면 그냥 찍은 거 아니야? | WANTEEZ EP.43 #Shorts,2026-04-10T09:00:01Z,34.0,True,1069945,8166.0,60.0
8052,UC2e4Ukj5Pfr7cb3KpJAFBdQ,ATEEZ,CJMtDM_Ylkw,ATEEZ(에이티즈) log_logbook#210,2026-04-10T10:00:01Z,536.0,False,39752,6480.0,337.0
8052,UC2e4Ukj5Pfr7cb3KpJAFBdQ,ATEEZ,2FSO4_nFjFY,#Adrenaline with 문정현 님💥 #Shorts,2026-04-13T13:00:01Z,26.0,True,262757,24319.0,226.0
8052,UC2e4Ukj5Pfr7cb3KpJAFBdQ,ATEEZ,uSdGv1ykOG8,ATEEZ(에이티즈) log_logbook | IN YOUR FANTASY in ASIA & AUSTRALIA #3,2026-04-14T10:00:02Z,1426.0,False,46533,6535.0,338.0
8052,UC2e4Ukj5Pfr7cb3KpJAFBdQ,ATEEZ,Z9_NMbVIklY,頑張って 💪🥹 #Shorts,2026-04-14T12:00:02Z,14.0,True,473892,29764.0,459.0
8052,UC2e4Ukj5Pfr7cb3KpJAFBdQ,ATEEZ,EVbFKfL6ZMo,우리 사랑하러 왔잖아! | WANTEEZ EP.44 | ATEEZ(에이티즈),2026-04-16T11:00:01Z,2362.0,False,374427,30546.0,1770.0
8052,UC2e4Ukj5Pfr7cb3KpJAFBdQ,ATEEZ,Mp4OQjgo2oc,[kpop 테스트] you can call me _____ | WANTEEZ EP.44 #Shorts,2026-04-16T12:30:02Z,26.0,True,684993,8106.0,68.0
8052,UC2e4Ukj5Pfr7cb3KpJAFBdQ,ATEEZ,wK-hmfKQXBg,2.0 🚨 #Shorts,2026-04-16T14:30:01Z,30.0,True,1718802,132831.0,1188.0
8052,UC2e4Ukj5Pfr7cb3KpJAFBdQ,ATEEZ,Kaj_z6WEGtc,진기명기 | WANTEEZ EP.44 #Shorts,2026-04-17T09:00:02Z,20.0,True,55404,5443.0,41.0
8052,UC2e4Ukj5Pfr7cb3KpJAFBdQ,ATEEZ,ZIyPpDKAm28,ATEEZ(에이티즈) log_logbook#211,2026-04-17T10:00:01Z,674.0,False,44039,6224.0,221.0
8052,UC2e4Ukj5Pfr7cb3KpJAFBdQ,ATEEZ,it9jSLSjHtA,😴🤠 #Shorts,2026-04-18T12:00:01Z,13.0,True,251019,26004.0,315.0
8052,UC2e4Ukj5Pfr7cb3KpJAFBdQ,ATEEZ,X976KsGMn1c,ANITEEZ(애니티즈) - A Moment of Us,2026-04-20T15:00:01Z,202.0,False,120332,21718.0,888.0
8052,UC2e4Ukj5Pfr7cb3KpJAFBdQ,ATEEZ,fi6LcjNhUdg,네 마음에 다른 사람도 있어? | WANTEEZ EP.45 | ATEEZ(에이티즈),2026-04-23T11:00:01Z,2828.0,False,296329,25810.0,1940.0
8052,UC2e4Ukj5Pfr7cb3KpJAFBdQ,ATEEZ,3RvviirV7oU,나쁜 남자가 끌리는 이유 | WANTEEZ EP.45 #Shorts,2026-04-23T12:30:03Z,41.0,True,38932,4949.0,51.0
8052,UC2e4Ukj5Pfr7cb3KpJAFBdQ,ATEEZ,q6VZqI-dfyY,네가 뽑을래? 내가 뽑을까? | WANTEEZ EP.45 #Shorts,2026-04-24T09:00:02Z,30.0,True,47712,5598.0,82.0
8052,UC2e4Ukj5Pfr7cb3KpJAFBdQ,ATEEZ,7YdQGS3lAKs,[슈퍼울트라여상]: 에이티니 같이 게임 해요! #3 🎮,2026-04-27T14:37:53Z,12425.0,False,109823,11665.0,126.0
8052,UC2e4Ukj5Pfr7cb3KpJAFBdQ,ATEEZ,si6x0zM6qdg,ATEEZ(에이티즈) log_logbook | IN YOUR FANTASY in ASIA & AUSTRALIA #4,2026-04-28T10:00:02Z,1339.0,False,40876,5963.0,269.0
8052,UC2e4Ukj5Pfr7cb3KpJAFBdQ,ATEEZ,TDPh6YLP9mQ,"NO1 - Late Night Live Set (West Hollywood, LA)",2026-04-28T14:00:01Z,2114.0,False,79629,14067.0,1016.0
8052,UC2e4Ukj5Pfr7cb3KpJAFBdQ,ATEEZ,4wwg5Vewuo0,ATEEZ(에이티즈) OFFICIAL LIGHT STICK ver.3 애플리케이션 사용 매뉴얼 안내,2026-04-29T05:00:01Z,442.0,False,102773,15435.0,702.0
8052,UC2e4Ukj5Pfr7cb3KpJAFBdQ,ATEEZ,U1PsEJr3jyk,ATEEZ(에이티즈) - 'ANITEEZ IN COLOR' BEHIND,2026-04-29T11:00:00Z,193.0,False,36474,6732.0,239.0
8052,UC2e4Ukj5Pfr7cb3KpJAFBdQ,ATEEZ,a7bYA9F1V-E,ATEEZ(에이티즈) - 'ANITEEZ IN COLOR' Moving Poster #Shorts,2026-04-29T12:00:02Z,60.0,True,107818,15206.0,164.0
8052,UC2e4Ukj5Pfr7cb3KpJAFBdQ,ATEEZ,iEpuTZOOQPA,윤호의 VALORANT학개론🕹 with T1 BuZz,2026-04-29T14:45:20Z,7498.0,False,128753,12226.0,116.0
8052,UC2e4Ukj5Pfr7cb3KpJAFBdQ,ATEEZ,Qt0d9iqMCZM,뭉치면 죽고 흩어지면 산다 | WANTEEZ EP.46 | ATEEZ(에이티즈),2026-04-30T11:00:01Z,1663.0,False,320121,28761.0,1902.0
8052,UC2e4Ukj5Pfr7cb3KpJAFBdQ,ATEEZ,s8UH7DLRjGk,불미스러운 일이 일어났어요 | WANTEEZ EP.46 #Shorts,2026-04-30T12:30:03Z,28.0,True,58044,6054.0,100.0
8052,UC2e4Ukj5Pfr7cb3KpJAFBdQ,ATEEZ,QBRLyeQCthU,MCM x ATEEZ with MINGI — FIX ON TEASER,2026-05-01T04:00:00Z,145.0,False,32670,7002.0,311.0
8052,UC2e4Ukj5Pfr7cb3KpJAFBdQ,ATEEZ,vWR3oO89ByE,가차 없이 배신하는 편 | WANTEEZ EP.46 #Shorts,2026-05-01T09:00:02Z,47.0,True,61168,5992.0,68.0
8052,UC2e4Ukj5Pfr7cb3KpJAFBdQ,ATEEZ,u4uBlCJtyQc,[슈퍼울트라여상]: 에이티니 같이 게임 해요! #4 🎮,2026-05-02T09:51:03Z,12211.0,False,95456,10067.0,123.0
8052,UC2e4Ukj5Pfr7cb3KpJAFBdQ,ATEEZ,xyXddUE8mCA,"[FIX OFF] Desire Project : ORIGIN 'NOVA (Feat. 개코, Royal 44)' Lyric Video | ATEEZ(에이티즈) 민기",2026-05-06T06:30:01Z,182.0,False,95468,13726.0,735.0
8052,UC2e4Ukj5Pfr7cb3KpJAFBdQ,ATEEZ,v_WZFoxg2_o,탈출해야만 한다 | WANTEEZ EP.47 | ATEEZ(에이티즈),2026-05-07T11:00:05Z,1488.0,False,218944,22215.0,1202.0
8052,UC2e4Ukj5Pfr7cb3KpJAFBdQ,ATEEZ,lTk3cXK24os,너 얼만데? 나 20만 원... | WANTEEZ EP.47 #Shorts,2026-05-07T12:30:02Z,31.0,True,37614,4749.0,75.0
8052,UC2e4Ukj5Pfr7cb3KpJAFBdQ,ATEEZ,xsSgBAXNS2s,[#FIX_OFF] Desire Project : ORIGIN Album Preview #Shorts,2026-05-07T14:02:27Z,58.0,True,46239,6798.0,163.0
8052,UC2e4Ukj5Pfr7cb3KpJAFBdQ,ATEEZ,5b7TfV-PxYg,한 건 한 후크 | WANTEEZ EP.47 #Shorts,2026-05-08T09:00:25Z,45.0,True,21657,3762.0,47.0
8052,UC2e4Ukj5Pfr7cb3KpJAFBdQ,ATEEZ,lvs2Qon2IlI,ATEEZ(에이티즈) log_logbook#212,2026-05-08T10:00:03Z,1723.0,False,52915,6946.0,365.0
8052,UC2e4Ukj5Pfr7cb3KpJAFBdQ,ATEEZ,1vKsS4qYxjQ,[#FIX_OFF] Desire Project : ORIGIN 'Dinero' Teaser #Shorts,2026-05-10T09:00:01Z,19.0,True,46498,8284.0,160.0
8052,UC2e4Ukj5Pfr7cb3KpJAFBdQ,ATEEZ,uD0yLUVtAvk,[FIX OFF] Desire Project : ORIGIN 'Dinero' | ATEEZ(에이티즈) 민기,2026-05-11T09:00:01Z,159.0,False,1211584,54463.0,3074.0
8052,UC2e4Ukj5Pfr7cb3KpJAFBdQ,ATEEZ,K249IeHYLh0,[#FIX_OFF] Desire Project : ORIGIN 'Dinero' | ATEEZ(에이티즈) 민기 #Shorts,2026-05-11T10:30:01Z,39.0,True,48128,7983.0,132.0
8052,UC2e4Ukj5Pfr7cb3KpJAFBdQ,ATEEZ,MUUbIKg4zN8,"I said “no”, it said “Dinero” #Shorts",2026-05-11T11:00:01Z,47.0,True,64052,11221.0,208.0
8052,UC2e4Ukj5Pfr7cb3KpJAFBdQ,ATEEZ,0bd_oaqR-Fw,ATEEZ(에이티즈) 민기 'Dinero' Production Behind,2026-05-13T12:00:00Z,1588.0,False,30961,5948.0,261.0
8052,UC2e4Ukj5Pfr7cb3KpJAFBdQ,ATEEZ,BnnonDTgvxs,이젠 끝인가? | WANTEEZ EP.48 | ATEEZ(에이티즈),2026-05-14T11:00:01Z,1541.0,False,118643,16657.0,1293.0
8052,UC2e4Ukj5Pfr7cb3KpJAFBdQ,ATEEZ,sjqoNgnOMSU,지독한 의심병 | WANTEEZ EP.48 #Shorts,2026-05-14T12:30:02Z,40.0,True,14462,2777.0,36.0
8052,UC2e4Ukj5Pfr7cb3KpJAFBdQ,ATEEZ,qGEOdxU6ZPI,탈출 방법 : 전공 살리기 | WANTEEZ EP.48 #Shorts,2026-05-15T09:00:02Z,45.0,True,13563,2455.0,42.0
8052,UC2e4Ukj5Pfr7cb3KpJAFBdQ,ATEEZ,1BxskXy9Ncg,[👻] GHOSTEEZ BESTIES #Shorts,2026-05-15T10:00:01Z,61.0,False,26684,6974.0,187.0
8053,UCJlNBdRJPnxsHjdaTNEqmOg,호기! 핑크퐁 - 놀면서 배워요,yZIrknhpTjA,"어푸! 대왕 상어가 쫓아온다🦈 | 💚호기의 징글놀이 | 상어, 바다 | 어린이 인기 놀이 | Hogi | Jingle Play | 호기! 핑크퐁 - 놀면서 배워요",2026-03-17T09:01:30Z,59.0,True,133329,96.0,0.0
8053,UCJlNBdRJPnxsHjdaTNEqmOg,호기! 핑크퐁 - 놀면서 배워요,3BYx7Jbgoeo,@키키팝팝 이랑 호기랑 노래해요🎶 #shorts,2026-03-18T09:00:07Z,19.0,True,959367,5721.0,0.0
8053,UCJlNBdRJPnxsHjdaTNEqmOg,호기! 핑크퐁 - 놀면서 배워요,63xpk1DmmDw,"크앙 크앙! 티라노와 색깔놀이🦖 | 🌈호기와 색깔놀이 | 티렉스, 징글놀이 | 쿵쾅쾅 다섯 공룡 | 어린이 인기 동요 | +모음집 | Hogi |호기! 핑크퐁 - 놀면서 배워요",2026-03-19T09:00:08Z,419.0,False,4250744,5163.0,0.0
8053,UCJlNBdRJPnxsHjdaTNEqmOg,호기! 핑크퐁 - 놀면서 배워요,LvDd1yQKMxc,ABC 영어 배우기🤓 #shorts,2026-03-20T08:00:22Z,18.0,True,14276507,45822.0,0.0
8053,UCJlNBdRJPnxsHjdaTNEqmOg,호기! 핑크퐁 - 놀면서 배워요,Zdzs6o37iE8,"2화 | 수수께끼 고양이, 니니모!🐱 | 핑크퐁과 호기 새 친구 니니모 | 핑크퐁 원더스타 | 애니메이션 | 어린이 만화 | 호기! 핑크퐁 - 놀면서 배워요",2026-03-20T09:00:56Z,667.0,False,78551,78.0,0.0
8053,UCJlNBdRJPnxsHjdaTNEqmOg,호기! 핑크퐁 - 놀면서 배워요,RzrAZNviGWQ,"#놀이친구 호기의 봄/소풍 동요 모음집🌸  | 나들이 갈 때, 차안에서 | 3월 인기 동요 | 봄 동요 | 호기와 노래해요 | 호기! 핑크퐁 - 놀면서 배워요",2026-03-21T09:00:39Z,3623.0,False,57573,64.0,0.0
8053,UCJlNBdRJPnxsHjdaTNEqmOg,호기! 핑크퐁 - 놀면서 배워요,AG0mo6MskaM,멈출 수 없는 냠냠 #shorts,2026-03-22T02:00:08Z,15.0,True,855718,4715.0,0.0
8053,UCJlNBdRJPnxsHjdaTNEqmOg,호기! 핑크퐁 - 놀면서 배워요,7wbO-WY5kyc,핑크퐁 가방엔 뭐가 있을까? #ASMR #shorts,2026-03-23T09:00:10Z,19.0,True,770120,3897.0,0.0
8053,UCJlNBdRJPnxsHjdaTNEqmOg,호기! 핑크퐁 - 놀면서 배워요,YUqWPrWW6MI,마법이 핑핑핑!🧙 #shorts,2026-03-24T09:00:46Z,23.0,True,1076022,5352.0,0.0
8053,UCJlNBdRJPnxsHjdaTNEqmOg,호기! 핑크퐁 - 놀면서 배워요,BV54bUA2uek,[15분 반복] 삐거덕! 핑크퐁 꼬리가 부러졌어요 | 🏥호기의 병원놀이 | #병원친구 | 아야 배탈이 났어요 | 니니모 | Hogi | 호기! 핑크퐁 - 놀면서 배워요,2026-03-26T09:00:16Z,1042.0,False,97194,103.0,0.0
8053,UCJlNBdRJPnxsHjdaTNEqmOg,호기! 핑크퐁 - 놀면서 배워요,0LAHC1RzMLA,핑크퐁의 퍼스널 컬러는? #shorts,2026-03-27T08:00:00Z,9.0,True,1025545,5729.0,0.0
8053,UCJlNBdRJPnxsHjdaTNEqmOg,호기! 핑크퐁 - 놀면서 배워요,OQQ-N6eVtnI,3화 | 마법은 하루에 한 번만🧙 | 핑크퐁과 호기 새 친구 니니모 | 핑크퐁 원더스타 | 애니메이션 | 어린이 만화 | 호기! 핑크퐁 - 놀면서 배워요,2026-03-27T09:00:34Z,662.0,False,53660,66.0,0.0
8053,UCJlNBdRJPnxsHjdaTNEqmOg,호기! 핑크퐁 - 놀면서 배워요,Qz3GEr4zoX8,"[영어+한국어] D는 Dinosaur🦖 | 호기의 알파벳놀이 | ABC Song | 공룡, 자전거, 풍선 | +모음집 | Hogi | 호기! 핑크퐁 - 놀면서 배워요",2026-03-28T09:00:16Z,1178.0,False,7353726,7743.0,0.0
8053,UCJlNBdRJPnxsHjdaTNEqmOg,호기! 핑크퐁 - 놀면서 배워요,6sWI4bHbwKI,도망쳐! 티렉스 피해 도망쳐~!🦖 #dinosaur #shorts,2026-03-29T02:00:10Z,60.0,True,1017035,7170.0,0.0
8053,UCJlNBdRJPnxsHjdaTNEqmOg,호기! 핑크퐁 - 놀면서 배워요,RNBKNbdk3GU,샥샥! 철판 아이스크림 만들기🍓 #shorts,2026-03-31T09:00:00Z,18.0,True,1633980,11193.0,0.0
8053,UCJlNBdRJPnxsHjdaTNEqmOg,호기! 핑크퐁 - 놀면서 배워요,p0HGBMKn6yY,쿵쿵쿵! 공룡이다!🦖 #dinosaur #shorts,2026-04-01T09:00:00Z,16.0,True,63498555,269665.0,0.0
8053,UCJlNBdRJPnxsHjdaTNEqmOg,호기! 핑크퐁 - 놀면서 배워요,vtMlAEUltaE,"냠냠! 알록달록 음식 놀이🍓 | 🌈호기와 색깔놀이 | #냠냠친구 | 과일주스, 도넛, 사탕 외 | +모음집 | 호기! 핑크퐁 - 놀면서 배워요",2026-04-02T09:00:00Z,962.0,False,273018,314.0,0.0
8053,UCJlNBdRJPnxsHjdaTNEqmOg,호기! 핑크퐁 - 놀면서 배워요,oMe-AppPzcg,[✨NEW] 알록달록 핑거 패밀리와 색깔놀이✋ | 🌈호기와 색깔놀이 | 숫자 세기 | Yes papa | 어린이 색깔 배우기 | Hogi | 호기! 핑크퐁 - 놀면서 배워요,2026-04-03T09:01:07Z,186.0,False,1377873,0.0,0.0
8053,UCJlNBdRJPnxsHjdaTNEqmOg,호기! 핑크퐁 - 놀면서 배워요,1FEg48pnw9A,"핑크퐁의 꼬리가 부러졌어요! | 🏥호기의 병원놀이 | #병원친구 | 아픈 친구들을 치료해줘요 | 꼬리 치료, 배탈 | 병원놀이 | Hogi | 호기! 핑크퐁 - 놀면서 배워요",2026-04-04T09:00:00Z,450.0,False,202165,183.0,0.0
8053,UCJlNBdRJPnxsHjdaTNEqmOg,호기! 핑크퐁 - 놀면서 배워요,iKQjL4QoaEM,꾸르륵! 호기가 배가 아프면?🤢 #learncolors #shorts,2026-04-05T02:00:00Z,42.0,True,2044598,13474.0,0.0
8053,UCJlNBdRJPnxsHjdaTNEqmOg,호기! 핑크퐁 - 놀면서 배워요,js6Sv7qzFjo,🖐️핑크퐁 어디있나~? #shorts,2026-04-07T09:00:53Z,37.0,True,2685041,13492.0,0.0
8053,UCJlNBdRJPnxsHjdaTNEqmOg,호기! 핑크퐁 - 놀면서 배워요,DjSewROt7WE,"크앙! 공룡이 몇 마리야?😰 | 🌈호기와 색깔놀이 | 어둠 속의 괴물, 알파벳 피냐타, 티라노, 자전거 | +모음집 | 색깔 배우기 | 호기! 핑크퐁 - 놀면서 배워요",2026-04-09T09:00:14Z,1003.0,False,965943,1466.0,0.0
8053,UCJlNBdRJPnxsHjdaTNEqmOg,호기! 핑크퐁 - 놀면서 배워요,Phob-NNNsYk,"[✨NEW] 알록달록 사탕 가게와 캔디샵🍬 | 🌈호기와 색깔놀이 | 니니모, 캔디머신 | 간식 색깔놀이 | 어린이 색깔 배우기 | Hogi | 호기! 핑크퐁 - 놀면서 배워요",2026-04-10T09:00:30Z,195.0,False,1907863,915.0,0.0
8053,UCJlNBdRJPnxsHjdaTNEqmOg,호기! 핑크퐁 - 놀면서 배워요,835AMH3dlvk,"쿵쿵쿵! 몬스터다!👿 | 🎶호기와 노래해요 | 어둠 속의 괴물, 미끄럼틀, 캔디샵 | +모음집 | 🌈색깔놀이 | 으스스 동요 | 호기! 핑크퐁 - 놀면서 배워요",2026-04-11T09:00:14Z,1300.0,False,874933,568.0,0.0
8053,UCJlNBdRJPnxsHjdaTNEqmOg,호기! 핑크퐁 - 놀면서 배워요,DEA1F8CKIlA,🤫쉬잇! 몰래 먹기 성공? #shorts,2026-04-12T02:00:17Z,25.0,True,645065,4559.0,0.0
8053,UCJlNBdRJPnxsHjdaTNEqmOg,호기! 핑크퐁 - 놀면서 배워요,477Q63r1x0Q,오이럴수가🥒 #shorts,2026-04-14T09:00:06Z,26.0,True,523448,3600.0,0.0
8053,UCJlNBdRJPnxsHjdaTNEqmOg,호기! 핑크퐁 - 놀면서 배워요,hzbHFeTl5NE,[15분 반복] 핑거패밀리 색깔놀이✋ | 🌈호기와 색깔놀이 | 숫자 세기 | Yes papa | 어린이 색깔 배우기 | Hogi | 호기! 핑크퐁 - 놀면서 배워요,2026-04-16T09:00:56Z,1006.0,False,389904,384.0,0.0
8053,UCJlNBdRJPnxsHjdaTNEqmOg,호기! 핑크퐁 - 놀면서 배워요,dYGrTJMfjxA,4화 | 모두의 놀이기구🎡 | 핑크퐁과 호기 새 친구 니니모 | 핑크퐁 원더스타 | 애니메이션 | 어린이 만화 | 호기! 핑크퐁 - 놀면서 배워요,2026-04-17T09:00:59Z,666.0,False,94514,157.0,0.0
8053,UCJlNBdRJPnxsHjdaTNEqmOg,호기! 핑크퐁 - 놀면서 배워요,D8o7slFQ--Y,"알록달록 손가락 색깔놀이🖐 | 🌈호기와 색깔놀이 | 핑거패밀리, 어둠 속의 괴물, 공룡 | 징글놀이 | 어린이 색깔 배우기 | Hogi | 호기! 핑크퐁 - 놀면서 배워요",2026-04-18T09:00:16Z,1864.0,False,1697911,1499.0,0.0
8053,UCJlNBdRJPnxsHjdaTNEqmOg,호기! 핑크퐁 - 놀면서 배워요,vyVHbCOnrMI,쿵쿵쿵! 어둠 속의 좀비😈 #shorts,2026-04-19T02:00:56Z,17.0,True,752820,5870.0,0.0
8053,UCJlNBdRJPnxsHjdaTNEqmOg,호기! 핑크퐁 - 놀면서 배워요,x8pRKzAgX6E,✋사탕 어디있나~? #shorts,2026-04-21T09:01:20Z,40.0,True,1612348,8834.0,0.0
8053,UCJlNBdRJPnxsHjdaTNEqmOg,호기! 핑크퐁 - 놀면서 배워요,wmfvtrsFe-s,"슈웅~ 니니모와 미끄럼틀 색깔놀이🛝 | 🌈호기와 색깔놀이 | 캔디머신, 니니모 | 간식 색깔놀이 | 색깔 배우기 | Hogi | 호기! 핑크퐁 - 놀면서 배워요",2026-04-23T09:01:30Z,2018.0,False,204004,273.0,0.0
8053,UCJlNBdRJPnxsHjdaTNEqmOg,호기! 핑크퐁 - 놀면서 배워요,dzrqkRZTkvE,5화 | 많아도 너무 많아😵‍💫 | 핑크퐁과 호기 새 친구 니니모 | 핑크퐁 원더스타 | 애니메이션 | 어린이 만화 | 호기! 핑크퐁 - 놀면서 배워요,2026-04-24T09:01:02Z,657.0,False,54805,67.0,0.0
8053,UCJlNBdRJPnxsHjdaTNEqmOg,호기! 핑크퐁 - 놀면서 배워요,zEB_AIhvPfs,"[15분 반복] 사탕가게와 색깔놀이🍭 | 🌈호기와 색깔놀이 | #냠냠친구 | 니니모, 캔디머신 | 간식 색깔놀이 | 색깔 배우기 | Hogi | 호기! 핑크퐁 - 놀면서 배워요",2026-04-25T09:01:13Z,884.0,False,148740,207.0,0.0
8053,UCJlNBdRJPnxsHjdaTNEqmOg,호기! 핑크퐁 - 놀면서 배워요,VXSIaDVIJFU,🍭니니모 사탕 먹었니~? #shorts,2026-04-26T02:00:26Z,19.0,True,1973963,10124.0,0.0
8053,UCJlNBdRJPnxsHjdaTNEqmOg,호기! 핑크퐁 - 놀면서 배워요,KwUJGXBzyPo,붕붕붕 버스가 달려요🚌💨 #shorts,2026-04-28T09:00:23Z,25.0,True,523706,3248.0,0.0
8053,UCJlNBdRJPnxsHjdaTNEqmOg,호기! 핑크퐁 - 놀면서 배워요,u22g8uTSmac,"[영어+한국어] T는 T-Rex🦖 | 호기의 색깔놀이, 징글놀이 | ABC Song | 공룡, 자전거 | 영어 배우기 | +모음집 | Hogi | 호기! 핑크퐁 - 놀면서 배워요",2026-04-30T09:01:26Z,448.0,False,1908872,1854.0,0.0
8053,UCJlNBdRJPnxsHjdaTNEqmOg,호기! 핑크퐁 - 놀면서 배워요,d6kxbYg-9vY,안녕 좋은 아침이야☀️ | 호기와 미니미 친구들 | 친구랑 인사해요 | 굿모닝송 | @Hogi | 호기! 핑크퐁 - 놀면서 배워요,2026-05-01T09:00:55Z,187.0,False,14396,39.0,0.0
8053,UCJlNBdRJPnxsHjdaTNEqmOg,호기! 핑크퐁 - 놀면서 배워요,anVNQ__gMfY,"🍬사탕이 하나 둘 셋! | 🌈호기와 색깔놀이 | 사탕 가게, 핑거패밀리, 어둠 속의 괴물 외 | +모음집 | 어린이 색깔 배우기 | Hogi | 호기! 핑크퐁 - 놀면서 배워요",2026-05-02T09:00:03Z,1126.0,False,495281,556.0,0.0
8053,UCJlNBdRJPnxsHjdaTNEqmOg,호기! 핑크퐁 - 놀면서 배워요,3O-0fERBcIk,데굴데굴🔴🟠🟡🟢🔵🟣 #shorts,2026-05-02T10:00:11Z,43.0,True,31604386,142953.0,0.0
8053,UCJlNBdRJPnxsHjdaTNEqmOg,호기! 핑크퐁 - 놀면서 배워요,pkaAuYMIlSc,"【어린이날】 핑크퐁과 호기, 새 친구 니니모🐱 | 애니메이션 + 뮤직비디오 | 핑크퐁 원더스타 | 어린이 모험 애니메이션 | 호기! 핑크퐁 - 놀면서 배워요",2026-05-03T02:00:56Z,9034.0,False,50038,91.0,0.0
8053,UCJlNBdRJPnxsHjdaTNEqmOg,호기! 핑크퐁 - 놀면서 배워요,wSKhd76i6Xg,꾸르륵 뿡..!💨 #shorts,2026-05-05T09:01:15Z,18.0,True,368003,3055.0,0.0
8053,UCJlNBdRJPnxsHjdaTNEqmOg,호기! 핑크퐁 - 놀면서 배워요,YhrYIn3EwUI,LIVE 💚5월은 가정의 달!💚 호기와 색깔놀이🌈 | 봄 동요 | 가정의 달 | 24시간 무한 반복 | Hogi | Colors | 호기! 핑크퐁 - 놀면서 배워요,2026-05-06T00:32:48Z,,False,127373,505.0,0.0
8053,UCJlNBdRJPnxsHjdaTNEqmOg,호기! 핑크퐁 - 놀면서 배워요,fNnuMVmnj5s,"#냠냠친구 색깔놀이🍩 | 간식 색깔 배워요 | 🌈호기와 색깔놀이 | 사탕, 아이스크림, 개미, 주스 외 | +모음집 | 어린이 색깔 배우기 | 호기! 핑크퐁 - 놀면서 배워요",2026-05-07T09:00:51Z,1936.0,False,237549,272.0,0.0
8053,UCJlNBdRJPnxsHjdaTNEqmOg,호기! 핑크퐁 - 놀면서 배워요,h67DvCnhrl0,6화 | 호기의 안경🤓 | 핑크퐁과 호기 새 친구 니니모 | 핑크퐁 원더스타 | 애니메이션 | 어린이 만화 | 호기! 핑크퐁 - 놀면서 배워요,2026-05-08T09:01:04Z,666.0,False,26614,45.0,0.0
8053,UCJlNBdRJPnxsHjdaTNEqmOg,호기! 핑크퐁 - 놀면서 배워요,c0qEPljNP1U,크앙! 자전거 공룡이 쫓아와요🦖 | 🌈호기와 색깔놀이 | 징글놀이 | 어린이 색깔 배우기 | 공룡 동요 | Hogi | 호기! 핑크퐁 - 놀면서 배워요,2026-05-09T09:00:53Z,413.0,False,1933073,1899.0,0.0
8053,UCJlNBdRJPnxsHjdaTNEqmOg,호기! 핑크퐁 - 놀면서 배워요,xsha1Fh-bXc,빨주노초파! 색깔 배우기🤓 #shorts,2026-05-10T02:00:52Z,18.0,True,354739,2840.0,0.0
8053,UCJlNBdRJPnxsHjdaTNEqmOg,호기! 핑크퐁 - 놀면서 배워요,9DhgJzWNNMo,🔴빨강 사탕 어디있나~? #shorts,2026-05-12T09:00:10Z,23.0,True,161942,1671.0,0.0
8053,UCJlNBdRJPnxsHjdaTNEqmOg,호기! 핑크퐁 - 놀면서 배워요,kcV06eMRZKw,"[BEST] 팝잇과 색깔놀이 | 🌈호기와 색깔놀이 | 무지개 색깔변신 | 팝잇, 니니모, 개미 | +모음집 | 호기! 핑크퐁 - 놀면서 배워요",2026-05-14T09:00:55Z,519.0,False,61188,79.0,0.0
8053,UCJlNBdRJPnxsHjdaTNEqmOg,호기! 핑크퐁 - 놀면서 배워요,FA1NyPd93dc,7화 | 딸랑딸랑! 제니가 나타났다!🐰 | 핑크퐁과 호기 새 친구 니니모 | 핑크퐁 원더스타 | 애니메이션 | 어린이 만화 | 호기! 핑크퐁 - 놀면서 배워요,2026-05-15T09:00:17Z,666.0,False,7134,17.0,0.0
8054,UCsU-I-vHLiaMfV_ceaYz5rQ,JTBC News,K_SDKMiEzAw,"장동혁호 선대위 첫 회의, 그런데 불참자 속출한 상황!｜이가혁 라이브",2026-05-15T15:35:00Z,133.0,False,11458,141.0,60.0
8054,UCsU-I-vHLiaMfV_ceaYz5rQ,JTBC News,Pfog3Pbus8k,"MB와 청계천 걸은 오세훈, 갑자기 '아수라장' 왜?｜이가혁 라이브",2026-05-15T15:40:01Z,509.0,False,8824,153.0,142.0
8054,UCsU-I-vHLiaMfV_ceaYz5rQ,JTBC News,snkFFVz2QpA,"박민식에 양보하면 복당? 김경율 ""시정잡배 수준""｜이가혁 라이브",2026-05-15T15:45:10Z,361.0,False,9740,268.0,224.0
8054,UCsU-I-vHLiaMfV_ceaYz5rQ,JTBC News,eLQhJ8nr02w,"""만약 유의동-황교안 합치면?"" '평택을' 단일화 골든타임?｜이가혁 라이브",2026-05-15T15:50:01Z,251.0,False,1814,7.0,5.0
8054,UCsU-I-vHLiaMfV_ceaYz5rQ,JTBC News,dx-GDo8-UNU,"재보궐 후보 재산, 김용남 127억 1위｜이가혁 라이브",2026-05-15T15:55:00Z,217.0,False,9191,138.0,211.0
8054,UCsU-I-vHLiaMfV_ceaYz5rQ,JTBC News,YrhDaa9w628,"민주당원의 혁신당 지지? ""부적절"" ""태생적 숙명""｜이가혁 라이브",2026-05-15T16:00:52Z,219.0,False,3288,34.0,89.0
8054,UCsU-I-vHLiaMfV_ceaYz5rQ,JTBC News,kkTRb-LpoFA,"""정권 바뀔 때마다 매번"" 이건 여야가 합의하자?｜이가혁 라이브",2026-05-15T16:05:02Z,515.0,False,2678,14.0,7.0
8054,UCsU-I-vHLiaMfV_ceaYz5rQ,JTBC News,XSgbzvhAtaI,가게 박살 내고선…거울 보며 '외모 체크' #글로벌픽 / JTBC 사건반장,2026-05-15T21:05:00Z,58.0,True,5533,40.0,6.0
8054,UCsU-I-vHLiaMfV_ceaYz5rQ,JTBC News,r10CPiS-Cx4,보안 검색대에 짐 대신 '사람'? 안으로 들어간 이유가 #글로벌픽 / JTBC 사건반장,2026-05-15T21:10:00Z,51.0,True,2384,13.0,1.0
8054,UCsU-I-vHLiaMfV_ceaYz5rQ,JTBC News,lw5KQeo6jf8,길 걷는데…머리 위로 덮친 '트럭' #글로벌픽 / JTBC 사건반장,2026-05-15T21:15:02Z,49.0,True,3255,12.0,1.0
8054,UCsU-I-vHLiaMfV_ceaYz5rQ,JTBC News,Zd0WV3hYtS8,식민주의 영국이 남긴 갈등의 뿌리 여전히 골칫덩이…고유가에 '유전 로또' 맞은 에세키보 영토 분쟁 재점화｜지금 왜,2026-05-15T22:00:37Z,252.0,False,1918,48.0,6.0
8054,UCsU-I-vHLiaMfV_ceaYz5rQ,JTBC News,LHFgE8hz2gg,구속 상태로 재판받던 40대…병원 진료 중 도주 끝에 검거｜지금 이 쇼츠,2026-05-15T22:05:00Z,53.0,True,4282,127.0,14.0
8054,UCsU-I-vHLiaMfV_ceaYz5rQ,JTBC News,TWzlz__5570,컵라면·커피컵·우유갑까지…테마파크 화장실이 '쓰레기장'?｜지금 이 쇼츠,2026-05-15T22:10:00Z,37.0,True,5017,43.0,27.0
8054,UCsU-I-vHLiaMfV_ceaYz5rQ,JTBC News,yZj4JuszS-k,"""도대체 얼마나 받은 거야"" 지창욱 망가진 광고에 외교부도 등판｜지금 이 쇼츠",2026-05-15T22:15:08Z,75.0,False,75873,788.0,157.0
8054,UCsU-I-vHLiaMfV_ceaYz5rQ,JTBC News,cqQQCzFp6TM,17살에 처음 걷다…곁에는 친구들이 있었다 #JTBC #Shorts,2026-05-15T23:30:21Z,178.0,False,56552,1112.0,64.0
8054,UCsU-I-vHLiaMfV_ceaYz5rQ,JTBC News,F5_zrtk1Sag,"[다시, 월드컵] 월드컵 역사상 잔혹한 승부차기 톱3에 들어갈 만한…퍼디낸드가 울어버린 악몽의 승부차기 / JTBC News",2026-05-16T00:00:13Z,278.0,False,773,6.0,2.0
8054,UCsU-I-vHLiaMfV_ceaYz5rQ,JTBC News,OoiUKFWV5DU,'오늘은 내가 무협지 선녀'... 폭포 훨훨 나는 '선녀 체험' 중국서 인기 #JTBC #Shorts,2026-05-16T00:00:18Z,66.0,False,22483,57.0,41.0
8054,UCsU-I-vHLiaMfV_ceaYz5rQ,JTBC News,wsLWYrwlJ5I,"노동부 장관, 오늘 삼성 경영진 회동...적극 중재 나서｜지금 이 뉴스",2026-05-16T00:10:29Z,114.0,False,8821,124.0,297.0
8054,UCsU-I-vHLiaMfV_ceaYz5rQ,JTBC News,nBNlM6tGH74,"""10억원 더 불러"" 200억 넘겼다…광화문 박힌 돌 '술렁' #뉴스다 / JTBC News",2026-05-16T00:30:40Z,784.0,False,24769,1409.0,1002.0
8054,UCsU-I-vHLiaMfV_ceaYz5rQ,JTBC News,6bDBJRGdEkk,'낭랑 16세' 여고생이라더니 페이스북엔 '97년생'…미국서 나이 속여 위장 입학한 여성 체포 #JTBC #Shorts,2026-05-16T01:00:05Z,46.0,True,24636,150.0,9.0
8054,UCsU-I-vHLiaMfV_ceaYz5rQ,JTBC News,4fge1_Ge6xU,'아첨' 트럼프 '딱딱' 시진핑…'역시나' 성과 발표 온도차  [이슈PLAY] / JTBC News,2026-05-16T01:29:48Z,368.0,False,4901,25.0,2.0
8054,UCsU-I-vHLiaMfV_ceaYz5rQ,JTBC News,3nET6win4HQ,삼성 '대규모 연차' 강행시 긴급조정권 발동 요건 해당 [이슈PLAY] / JTBC News,2026-05-16T01:29:56Z,613.0,False,3145,23.0,2.0
8054,UCsU-I-vHLiaMfV_ceaYz5rQ,JTBC News,ubczUIeHluE,지지율 디커플링? 달라진 지방선거 판세 분석 왜 / JTBC 논/쟁,2026-05-16T01:30:43Z,617.0,False,2240,65.0,38.0
8054,UCsU-I-vHLiaMfV_ceaYz5rQ,JTBC News,04wcafz107U,"[현장영상] ""어어!!"" 말릴 새도 없이..일동 당황한 '대통령 점프' 뒷장면 / JTBC News",2026-05-16T01:32:37Z,242.0,False,55066,2954.0,400.0
8054,UCsU-I-vHLiaMfV_ceaYz5rQ,JTBC News,zJjidYPD4vU,"[속보] 특검, '매관매직 혐의' 김건희에 징역 7년 6개월 구형 [이슈PLAY] / JTBC News",2026-05-16T01:38:55Z,1909.0,False,62321,1657.0,6.0
8054,UCsU-I-vHLiaMfV_ceaYz5rQ,JTBC News,egBaYrj-r2s,"오세훈, MB와 청계천 걷기…정원오 ""지역화폐 2.5조원"" [이슈PLAY] / JTBC News",2026-05-16T01:39:18Z,390.0,False,6549,47.0,10.0
8054,UCsU-I-vHLiaMfV_ceaYz5rQ,JTBC News,gQL02E0TeEk,음주·무면허·거짓말·증거인멸…8년 전과 똑같은 손승원 [이슈PLAY] / JTBC News,2026-05-16T01:42:52Z,743.0,False,8106,57.0,4.0
8054,UCsU-I-vHLiaMfV_ceaYz5rQ,JTBC News,I91i90ShEq8,"[다시, 월드컵] 브라질 2014 준결승 독일전 7-1, 월드컵 최악의 패배 / JTBC News",2026-05-16T01:55:00Z,181.0,False,815,17.0,6.0
8054,UCsU-I-vHLiaMfV_ceaYz5rQ,JTBC News,5xeTXH6Fb9g,"""사실 지금 대표팀이.."" 박문성 솔직하게 꺼낸 얘기가 '의외' #뉴스다 / JTBC News",2026-05-16T02:00:04Z,698.0,False,17528,400.0,172.0
8054,UCsU-I-vHLiaMfV_ceaYz5rQ,JTBC News,xsqEJmYtf04,이게 설치미술이 아니라고? 캐나다서 교통사고로 공중에 매달린 오토바이 #JTBC #Shorts,2026-05-16T02:00:51Z,36.0,True,23802,65.0,12.0
8054,UCsU-I-vHLiaMfV_ceaYz5rQ,JTBC News,v5e0-5WnJ3A,"""어어!!!"" 일동 당황..대통령 얼굴이 #JTBC #Shorts",2026-05-16T02:01:18Z,38.0,True,79093,2549.0,224.0
8054,UCsU-I-vHLiaMfV_ceaYz5rQ,JTBC News,lOrEarRfLgY,"[LIVE] [단독] 입 연 정원오 '폭행' 동료 ""외박 요구? 진실은..."" [이슈PLAY] / JTBC News",2026-05-16T02:16:31Z,,False,1906,45.0,0.0
8054,UCsU-I-vHLiaMfV_ceaYz5rQ,JTBC News,LoPIZyuW1P8,[다시보기] 더불어민주당 제주 수산업 종사자 애로사항 청취 간담회-5월 16일 (토) 풀영상 [이슈현장] / JTBC News,2026-05-16T02:19:45Z,835.0,False,608,17.0,1.0
8054,UCsU-I-vHLiaMfV_ceaYz5rQ,JTBC News,TXJnXAtZ-rw,"72.1% ""이직 고민 중""…병원 떠나는 간호사들 #JTBC #Shorts",2026-05-16T02:30:32Z,128.0,False,10860,209.0,22.0
8054,UCsU-I-vHLiaMfV_ceaYz5rQ,JTBC News,w7lxI8kKfuU,'고백 공격' 거절당하면 주먹 휘둘러 '진짜' 공격? #JTBC #Shorts,2026-05-16T03:00:52Z,52.0,True,7749,63.0,27.0
8054,UCsU-I-vHLiaMfV_ceaYz5rQ,JTBC News,5OheiGjyI_o,[다시보기] 국민의힘 전북 선대위 발대식 및 필승 결의대회-5월 16일 (토) 풀영상 [이슈현장] / JTBC News,2026-05-16T03:10:17Z,3591.0,False,452,9.0,3.0
8054,UCsU-I-vHLiaMfV_ceaYz5rQ,JTBC News,q_ghmt78ozI,"'나무호 타격' 비행체 잔해 국내 도착…""정밀 분석 예정"" [이슈PLAY] / JTBC News",2026-05-16T03:26:16Z,1370.0,False,1298,17.0,3.0
8054,UCsU-I-vHLiaMfV_ceaYz5rQ,JTBC News,YGkaZ1FKsAM,공사 중 '와르르'…공중에 매달린 작업자 #JTBC #Shorts,2026-05-16T03:30:17Z,37.0,True,27939,104.0,6.0
8054,UCsU-I-vHLiaMfV_ceaYz5rQ,JTBC News,SDXYRTUrGEw,보안 검색대에 짐 대신 '사람'? #JTBC #Shorts,2026-05-16T03:35:00Z,41.0,True,15992,22.0,4.0
8054,UCsU-I-vHLiaMfV_ceaYz5rQ,JTBC News,qBZLembLD1A,"노동장관, 삼전 노조 이어 경영진 회동…중재 이어간다 / JTBC 이 시각 뉴스",2026-05-16T03:40:49Z,110.0,False,270,3.0,14.0
8054,UCsU-I-vHLiaMfV_ceaYz5rQ,JTBC News,r_GikyucE-Q,"후보등록 후 첫 주말…정청래 '평택을'로, 장동혁은 '호남행' / JTBC 이 시각 뉴스룸",2026-05-16T03:41:34Z,45.0,True,139,4.0,2.0
8054,UCsU-I-vHLiaMfV_ceaYz5rQ,JTBC News,Vmuk3eXZnbQ,30만원 받고 '현관문 테러' 보복 대행…이 대통령도 '직격' / JTBC 이 시각 뉴스룸,2026-05-16T03:41:59Z,50.0,True,294,20.0,8.0
8054,UCsU-I-vHLiaMfV_ceaYz5rQ,JTBC News,4SRlz-loCs0,[날씨] 낮 최고 33도 '초여름' 날씨…큰 일교차 주의 / JTBC 이 시각 뉴스룸,2026-05-16T03:43:34Z,34.0,True,132,2.0,0.0
8054,UCsU-I-vHLiaMfV_ceaYz5rQ,JTBC News,XjnM9HnS8AA,월드컵 국가대표 최종 명단 발표…오후3시30분 JTBC 생중계 / JTBC 이 시각 뉴스룸,2026-05-16T03:44:52Z,52.0,True,519,6.0,9.0
8054,UCsU-I-vHLiaMfV_ceaYz5rQ,JTBC News,sUbEPR1qbnw,"[LIVE] 노동장관, 삼전 노조 이어 경영진 회동…중재 이어간다 [이슈PLAY] / JTBC News",2026-05-16T03:52:57Z,,False,541,18.0,0.0
8054,UCsU-I-vHLiaMfV_ceaYz5rQ,JTBC News,9zutlAEB9Zc,월드컵 최악의 패배…독일에 7대1로 무너진 브라질 #JTBC #Shorts,2026-05-16T03:55:00Z,56.0,True,10881,9.0,1.0
8054,UCsU-I-vHLiaMfV_ceaYz5rQ,JTBC News,PwhICNeqWM4,운전대 대신 간식 잡은 손... 중국서 스마트 운전 믿고 '딴짓'한 여성에 벌금 #JTBC #Shorts,2026-05-16T04:00:32Z,68.0,False,16900,30.0,9.0
8054,UCsU-I-vHLiaMfV_ceaYz5rQ,JTBC News,H3kR91gAJKI,[LIVE] 조국혁신당 조국 당대표 기자간담회 [이슈현장] / JTBC News,2026-05-16T04:02:18Z,,False,353,47.0,0.0
8054,UCsU-I-vHLiaMfV_ceaYz5rQ,JTBC News,3KbGqJvD2as,"[다시보기] ""함께 응원합니다! 청년의 꿈"" 오세훈·이준석 노원 현장 유세-5월 15일 (토) 풀영상 [이슈현장] / JTBC News",2026-05-16T04:09:31Z,4451.0,False,600,14.0,3.0
8054,UCsU-I-vHLiaMfV_ceaYz5rQ,JTBC News,T1K-k8VHc6Q,[LIVE] 서울시장 후보 정원오·오세훈 서울시민체육대축전 참석 [이슈현장] / JTBC News,2026-05-16T04:18:15Z,,False,0,0.0,0.0
8055,UCx_dzPI6efSohgtOkAG43-A,EBS 키즈,YWSkeMBLmFM,"친구가 되고 싶을 때 꺼내는 마법의 주문 ""같이 놀자!""｜봉구야 말해줘｜키즈｜[EBS놀이터]",2026-05-02T08:00:37Z,910.0,False,26641,90.0,0.0
8055,UCx_dzPI6efSohgtOkAG43-A,EBS 키즈,2BGMyABhOpE,약속을 잘 지키는 어린이가 될래요! 한글용사 아이야와 함께 배우는 5가지 약속｜#한글 표현｜💥TV로 보는 한글용사 아이야💥｜[EBS놀이터],2026-05-03T09:00:03Z,2785.0,False,6722,23.0,0.0
8055,UCx_dzPI6efSohgtOkAG43-A,EBS 키즈,SupxIoVycQY,손 씻기 싫어하는 아이들 필수 시청!🚫｜번개학교🏫｜모여라 딩동댕⚡️｜#번개맨｜어린이뮤지컬｜어린이연극｜[EBS놀이터],2026-05-03T09:00:40Z,515.0,False,7331,24.0,0.0
8055,UCx_dzPI6efSohgtOkAG43-A,EBS 키즈,8l9LpRuoI_I,"""다시는 못 만나는 줄 알았잖아😭"" 나영이와 봉구의 눈물 나는 재회 스토리｜봉구야 말해줘｜키즈｜[EBS놀이터]",2026-05-04T03:30:12Z,1117.0,False,3393,16.0,0.0
8055,UCx_dzPI6efSohgtOkAG43-A,EBS 키즈,E8Q-SUSgA4c,[10화 선공개]💰돈이 없어서 재능을 펼치지 못한다면…?｜어린 철학자｜AI 시리즈 1부 #shorts,2026-05-04T05:07:34Z,39.0,True,18008,115.0,0.0
8055,UCx_dzPI6efSohgtOkAG43-A,EBS 키즈,lZdZ175gT1E,기운 없는 지아를 위해 바나나 차차 마을에 찾아간 딩동댕 요정들🍌ㅣ딩동댕 딩동댕ㅣ바나나차차,2026-05-04T08:30:21Z,854.0,False,9076,35.0,0.0
8055,UCx_dzPI6efSohgtOkAG43-A,EBS 키즈,hwEpJ1axHm0,가시도 있고 알도 낳는데... 이름은 두더지?! 😱 #shorts,2026-05-04T09:30:32Z,42.0,True,22411,209.0,0.0
8055,UCx_dzPI6efSohgtOkAG43-A,EBS 키즈,0VOEg_qEzl8,스스로 하고 깨끗이 씻는 멋진 어린이 되기!｜#한글 표현｜💥TV로 보는 한글용사 아이야💥｜[EBS놀이터],2026-05-04T10:00:01Z,2595.0,False,11071,25.0,0.0
8055,UCx_dzPI6efSohgtOkAG43-A,EBS 키즈,DNBgIpiLJcQ,"어린이날과 어버이날 사이｜엄마, 아빠 사랑해요｜어린이날｜꾸러기 천사들｜[EBS놀이터]",2026-05-04T11:00:20Z,1577.0,False,63154,335.0,0.0
8055,UCx_dzPI6efSohgtOkAG43-A,EBS 키즈,DCb7_izgyeg,"어린이날, 우리가 꿈꾸는 세상 속으로!｜ EBS 친구들과 함께 부르는 희망의 노래｜키즈｜[EBS놀이터]",2026-05-05T01:00:12Z,2379.0,False,5399,19.0,0.0
8055,UCx_dzPI6efSohgtOkAG43-A,EBS 키즈,f4mhDgezydA,댕댕이 심부름의 진실...😂 #shorts,2026-05-05T01:00:47Z,41.0,True,11093,89.0,0.0
8055,UCx_dzPI6efSohgtOkAG43-A,EBS 키즈,S9xMvUY18WE,"무거운 짐 옮길 땐 작게, 산에 갈 땐 크게! 마찰력의 두 얼굴｜사이언스 탐정｜키즈｜[EBS놀이터]",2026-05-05T01:30:31Z,738.0,False,1219,5.0,0.0
8055,UCx_dzPI6efSohgtOkAG43-A,EBS 키즈,fFPROt6lUpw,김치 속에 '착한 세균'이 살고 있다고? 신맛의 주인공을 찾아라!｜최고다! 호기심 딱지｜[EBS놀이터],2026-05-05T04:00:49Z,1552.0,False,21811,66.0,0.0
8055,UCx_dzPI6efSohgtOkAG43-A,EBS 키즈,HkJQVvDvM3s,"인기가 많아 머리 아픈 극락조 환자, 큰순 씨가 딩동댕 동물병원에 찾아왔어요! 🦃ㅣ딩동댕 딩동댕ㅣ나는 홀로! 짝을 찾고 싶은 극락조!",2026-05-05T08:30:19Z,1014.0,False,15307,58.0,0.0
8055,UCx_dzPI6efSohgtOkAG43-A,EBS 키즈,ShIO1dC4hws,우리 집이 세상에서 제일 안전해...🏠❤️ #shorts,2026-05-05T12:49:25Z,24.0,True,14326,82.0,0.0
8055,UCx_dzPI6efSohgtOkAG43-A,EBS 키즈,6K_QsHEdzRc,EP.10 최후의 생존자｜AI 시리즈 1부 ｜어린 철학자,2026-05-06T00:00:07Z,795.0,False,8997,166.0,0.0
8055,UCx_dzPI6efSohgtOkAG43-A,EBS 키즈,HfdfPR2rk-o,자율 주행차에 운전을 맡겨도 될까? 🚘｜어린 철학자 #shorts,2026-05-06T00:00:19Z,119.0,False,14307,139.0,0.0
8055,UCx_dzPI6efSohgtOkAG43-A,EBS 키즈,PZLJym9RRXY,요정들과 함께 재주 많은 다섯 친구 이야기 속으로 빠져보자~! 🩵ㅣ딩동댕 딩동댕ㅣ재주 많은 다섯 친구,2026-05-06T08:30:20Z,848.0,False,5511,21.0,0.0
8055,UCx_dzPI6efSohgtOkAG43-A,EBS 키즈,CtqRrYXqXss,안 사고 지나치기 머쓱할 때 앞으론 이렇게 말해보자고?! 😎 #shorts,2026-05-06T09:30:11Z,57.0,True,14706,114.0,0.0
8055,UCx_dzPI6efSohgtOkAG43-A,EBS 키즈,fHj7q608dcA,목소리 변조해도 다 들켜?!｜지문만큼 정확한 목소리｜사이언스 탐정｜키즈｜[EBS놀이터],2026-05-06T10:01:11Z,689.0,False,2464,9.0,0.0
8055,UCx_dzPI6efSohgtOkAG43-A,EBS 키즈,hB3-MkxM9GE,스스로 옷을 입지 않으려는 어린이에게서 시작된 지구의 균열! 🌎ㅣ딩동댕 딩동댕ㅣ입혀줄게 로봇,2026-05-07T08:30:22Z,895.0,False,3852,17.0,0.0
8055,UCx_dzPI6efSohgtOkAG43-A,EBS 키즈,PxvnwUqswHU,"자전거 사고로 기절했을 때, '이것' 절대 하지 마세요!｜우리 몸 X파일｜[EBS놀이터]",2026-05-07T11:00:47Z,965.0,False,1128,8.0,0.0
8055,UCx_dzPI6efSohgtOkAG43-A,EBS 키즈,tjawMntOqzM,"어서오세요, 행운의 손님!｜영화 [이상한 과자 가게 전천당] 예매권 이벤트",2026-05-08T03:01:05Z,88.0,False,9158,110.0,0.0
8055,UCx_dzPI6efSohgtOkAG43-A,EBS 키즈,zwuaMUb3XmM,"어서오세요, 행운의 손님!｜영화 [이상한 과자 가게 전천당] 예매권 이벤트",2026-05-08T04:01:09Z,88.0,False,2502,79.0,0.0
8055,UCx_dzPI6efSohgtOkAG43-A,EBS 키즈,zJvN2tMtsyk,"""온도를 더 낮춰줘!"" 에어컨이 너무 쌩쌩?!💨 갑자기 머리가 아프다!?｜번개학교🏫｜모여라 딩동댕⚡️｜#번개맨｜어린이뮤지컬｜어린이연극｜[EBS놀이터]",2026-05-08T10:01:44Z,566.0,False,4082,24.0,0.0
8055,UCx_dzPI6efSohgtOkAG43-A,EBS 키즈,_4kP3CZefyo,"""내 마음을 알아줘!"" 나영이가 지혜 언니에게 쓴 비밀 편지｜봉구야 말해줘｜키즈｜[EBS놀이터]",2026-05-08T11:15:02Z,992.0,False,4818,37.0,0.0
8055,UCx_dzPI6efSohgtOkAG43-A,EBS 키즈,qJMasFE3CAU,한글도 배우고 예절도 배우고! 용사들과 함께하는 약속 대작전｜#한글 표현｜💥TV로 보는 한글용사 아이야💥｜[EBS놀이터],2026-05-08T12:01:40Z,2647.0,False,4229,10.0,0.0
8055,UCx_dzPI6efSohgtOkAG43-A,EBS 키즈,j5PKCbtjckI,세상에서 가장 값진 쿠폰을 만드는 법 🌸 #shorts,2026-05-08T12:02:05Z,25.0,True,15006,132.0,0.0
8055,UCx_dzPI6efSohgtOkAG43-A,EBS 키즈,pfFKiKv63JY,"바닷가 가기 전 필수 시청! 해파리 응급처치, '이것'만은 피하세요｜우리 몸 X파일｜[EBS놀이터]",2026-05-09T02:00:44Z,942.0,False,12101,60.0,0.0
8055,UCx_dzPI6efSohgtOkAG43-A,EBS 키즈,oarUXjgv5D0,빵 반죽 속에 괴물이 산다?! 빵이 부풀어 오른 진짜 이유🥖｜사이언스 탐정｜키즈｜[EBS놀이터],2026-05-09T09:01:09Z,621.0,False,1183,8.0,0.0
8055,UCx_dzPI6efSohgtOkAG43-A,EBS 키즈,AnPAhQeOMpc,[11화 선공개] 홀리몰리! 😱 우리 중에 휴머노이드가?!｜어린 철학자｜AI 시리즈 2부 #shorts,2026-05-11T08:00:11Z,28.0,True,6422,47.0,0.0
8055,UCx_dzPI6efSohgtOkAG43-A,EBS 키즈,DyR3M2hfAQU,세상의 모든 네모들! 응원할게! 🎁📺📄ㅣ딩동댕 딩동댕ㅣ네모의 꿈,2026-05-11T08:30:09Z,736.0,False,2728,13.0,0.0
8055,UCx_dzPI6efSohgtOkAG43-A,EBS 키즈,gYyVUO61rg8,네모라서 참 다행이야! ✨ #shorts,2026-05-11T09:26:49Z,47.0,True,9600,82.0,0.0
8055,UCx_dzPI6efSohgtOkAG43-A,EBS 키즈,21NUCKWqWF4,쓰레기를 그냥 바닥에 버리자고..?! 🗑️ #번개학교 #shorts,2026-05-11T11:51:26Z,30.0,True,9935,68.0,0.0
8055,UCx_dzPI6efSohgtOkAG43-A,EBS 키즈,d5ldHEtKJwI,"문제 내길 좋아하는 두더지 환자가 처음 찾아왔어요! 🏥ㅣ딩동댕 딩동댕ㅣ땅굴 파기의 일인자, 두더지!",2026-05-12T08:30:17Z,956.0,False,7334,25.0,0.0
8055,UCx_dzPI6efSohgtOkAG43-A,EBS 키즈,p2kNcPRLjw8,엄마의 소중한 반지를 잃어버린 나영이!｜봉구야 말해줘｜키즈｜[EBS놀이터],2026-05-12T11:01:26Z,1002.0,False,2152,16.0,0.0
8055,UCx_dzPI6efSohgtOkAG43-A,EBS 키즈,M_qLAMFPYKc,신용카드는 '미래의 나'와 협의 후에 긁자. 💳🤝🏻 #shorts,2026-05-12T11:36:53Z,45.0,True,5439,40.0,0.0
8055,UCx_dzPI6efSohgtOkAG43-A,EBS 키즈,bWTyNTO6NOk,EP.11 초특가 휴머노이드｜AI 시리즈 2부 ｜어린 철학자,2026-05-13T00:00:38Z,730.0,False,890,12.0,0.0
8055,UCx_dzPI6efSohgtOkAG43-A,EBS 키즈,wluN86wd-rQ,"외모는 기본, 공감 능력 만렙! 게다가 자동차까지 번쩍 드는 초강력 파워까지?! 🤖｜어린 철학자 #shorts",2026-05-13T00:01:01Z,136.0,False,3636,27.0,0.0
8055,UCx_dzPI6efSohgtOkAG43-A,EBS 키즈,XROt--b6b8s,삵삵이의 첫 사냥 도전! 처음이라 서툰 건 당연해! ✨ #shorts,2026-05-13T08:11:19Z,83.0,False,7295,77.0,0.0
8055,UCx_dzPI6efSohgtOkAG43-A,EBS 키즈,q-XUbhblqH0,잠자는 숲속의 공주 이야기 속으로 빠져보자~! 👑ㅣ딩동댕 딩동댕ㅣ잠자는 숲속의 공주,2026-05-13T08:30:33Z,901.0,False,8683,28.0,0.0
8055,UCx_dzPI6efSohgtOkAG43-A,EBS 키즈,vPwoBkGYKxk,먹히지 않으려면 변신해라! 보호색 속에 숨겨진 생존 전략｜사이언스 탐정｜키즈｜[EBS놀이터],2026-05-13T11:01:25Z,721.0,False,1173,3.0,0.0
8055,UCx_dzPI6efSohgtOkAG43-A,EBS 키즈,latoW2ebkoc,착한 다조아.. 너마저! 갑자기 쓰레기를 던진다? #번개학교 #shorts,2026-05-13T11:15:13Z,52.0,True,4604,41.0,0.0
8055,UCx_dzPI6efSohgtOkAG43-A,EBS 키즈,7ywO50sPmeA,씩씩하게 심부름하는 어린이를 방해하려는 악당 크크! 😈ㅣ딩동댕 딩동댕ㅣ너의 심부름을 망쳐주마,2026-05-14T08:30:02Z,828.0,False,1662,15.0,0.0
8055,UCx_dzPI6efSohgtOkAG43-A,EBS 키즈,ZgEGlL1IwuE,아무리 더워도 이건 조심! 차가운 것 많이 먹으면 생기는 일｜번개학교🏫｜모여라 딩동댕⚡️｜#번개맨｜어린이뮤지컬｜어린이연극｜[EBS놀이터],2026-05-14T10:45:03Z,563.0,False,1880,15.0,0.0
8055,UCx_dzPI6efSohgtOkAG43-A,EBS 키즈,p3WvMOVJjNI,냥이인 줄 알았는데... 삵?! 🐆 #shorts,2026-05-15T05:58:44Z,44.0,True,3499,47.0,0.0
8055,UCx_dzPI6efSohgtOkAG43-A,EBS 키즈,vsdl5Km8jmc,"""제발 선크림 좀 발라줘!"" 우리가 몰랐던 피부 속 전쟁｜최고다! 호기심 딱지｜[EBS놀이터]",2026-05-15T09:30:26Z,1458.0,False,2202,14.0,0.0
8055,UCx_dzPI6efSohgtOkAG43-A,EBS 키즈,recGiafltPw,"고층 빌딩의 필수템, 엘리베이터는 어떻게 움직일까?｜사이언스 탐정｜키즈｜[EBS놀이터]",2026-05-15T10:45:05Z,730.0,False,314,7.0,0.0
8055,UCx_dzPI6efSohgtOkAG43-A,EBS 키즈,K8-UMyVWwNs,우리 아이 바른 습관을 위한 약속 모음 5가지｜#한글 표현｜💥TV로 보는 한글용사 아이야💥｜[EBS놀이터],2026-05-16T01:00:27Z,2476.0,False,577,5.0,0.0
8055,UCx_dzPI6efSohgtOkAG43-A,EBS 키즈,X8UsMDuNINA,해열제도 소용없다? 한여름 땡볕에 쓰러졌을 때 가장 먼저 해야 할 일｜우리 몸 X파일｜[EBS놀이터],2026-05-16T02:00:33Z,927.0,False,373,5.0,0.0
8056,UC9-OpMMVoNP5o10_Iyq7Ndw,Bleacher Report,Am3REcf9fTo,SGA shows respect to LeBron 🤝,2026-05-13T02:08:14Z,34.0,True,192947,5138.0,487.0
8056,UC9-OpMMVoNP5o10_Iyq7Ndw,Bleacher Report,oKF21rSTdEg,Angel Reese was loving the boos 😂 (via @WNBA),2026-05-13T02:28:43Z,12.0,True,148892,1315.0,326.0
8056,UC9-OpMMVoNP5o10_Iyq7Ndw,Bleacher Report,h1WFa67ouyg,Ayo bumped Wemby & had words for him 🍿,2026-05-13T02:41:54Z,9.0,True,573415,6715.0,470.0
8056,UC9-OpMMVoNP5o10_Iyq7Ndw,Bleacher Report,it5KR2CqgAo,Wolves were going at Wemby 👀,2026-05-13T02:44:27Z,18.0,True,224373,2554.0,383.0
8056,UC9-OpMMVoNP5o10_Iyq7Ndw,Bleacher Report,BUxUARApYps,Dylan Harper's reaction to Wemby 😂,2026-05-13T03:20:13Z,10.0,True,281886,5539.0,339.0
8056,UC9-OpMMVoNP5o10_Iyq7Ndw,Bleacher Report,7qPZP2rGU1s,Playoff Wemby locked in 👽,2026-05-13T03:32:08Z,7.0,True,56216,1146.0,86.0
8056,UC9-OpMMVoNP5o10_Iyq7Ndw,Bleacher Report,uZQg_jXR188,Craig and Day-Day back together 😂🔥,2026-05-13T04:01:41Z,14.0,True,508241,8286.0,290.0
8056,UC9-OpMMVoNP5o10_Iyq7Ndw,Bleacher Report,apQaTSW1Wgw,Naz Reid wasn’t happy with this call,2026-05-13T04:27:12Z,13.0,True,375808,3748.0,412.0
8056,UC9-OpMMVoNP5o10_Iyq7Ndw,Bleacher Report,4l_cvRNPKkk,Ant says the Wolves had no answer for Wemby 😬,2026-05-13T04:36:22Z,12.0,True,286530,4295.0,300.0
8056,UC9-OpMMVoNP5o10_Iyq7Ndw,Bleacher Report,Pm4ATjbvrmA,Ducks vs. Golden Knights - Game 5 Overtime Ending,2026-05-13T05:17:23Z,180.0,False,12815,156.0,52.0
8056,UC9-OpMMVoNP5o10_Iyq7Ndw,Bleacher Report,c0MFAgemsLU,Portland Fire BUZZER-BEATER for Their First Win Since Returning to WNBA 🚨,2026-05-13T05:36:11Z,71.0,False,53749,654.0,141.0
8056,UC9-OpMMVoNP5o10_Iyq7Ndw,Bleacher Report,sJah-0g5QKE,Wemby on getting into it with Ayo Dosunmu,2026-05-13T13:30:54Z,11.0,True,613927,9688.0,490.0
8056,UC9-OpMMVoNP5o10_Iyq7Ndw,Bleacher Report,59gLqFze8LI,This Dylan Harper move was Manu approved 🔥,2026-05-13T20:09:59Z,10.0,True,218916,3788.0,133.0
8056,UC9-OpMMVoNP5o10_Iyq7Ndw,Bleacher Report,Ybn5ipKdanI,Greatest cornhole shot ever 🔥 (via @pbr),2026-05-13T21:05:29Z,13.0,True,23705,515.0,23.0
8056,UC9-OpMMVoNP5o10_Iyq7Ndw,Bleacher Report,90n-tU4KDFw,Dillon the Villain 😭,2026-05-13T22:37:01Z,10.0,True,275993,3903.0,445.0
8056,UC9-OpMMVoNP5o10_Iyq7Ndw,Bleacher Report,vHbXLinqnKg,Draft prospects explain their villain tattoos 👀🎨,2026-05-13T23:14:47Z,55.0,True,33825,1087.0,31.0
8056,UC9-OpMMVoNP5o10_Iyq7Ndw,Bleacher Report,OMGYbix0RD0,LeBron's message to SGA & Alex Caruso 🤝 (via @NBA),2026-05-13T23:37:44Z,7.0,True,165981,2531.0,158.0
8056,UC9-OpMMVoNP5o10_Iyq7Ndw,Bleacher Report,m4biDJekDJ8,Ant’s trash talk has no off switch 🤣 (via c4_datkid/IG),2026-05-14T00:19:51Z,15.0,True,263538,6963.0,245.0
8056,UC9-OpMMVoNP5o10_Iyq7Ndw,Bleacher Report,caQSf9FT-c4,Podz with the braids 🔥 (via stylesbyb.michele/IG),2026-05-14T00:37:25Z,15.0,True,110631,1666.0,252.0
8056,UC9-OpMMVoNP5o10_Iyq7Ndw,Bleacher Report,Uf_pofrUAh4,Pirates ended up with 2 runs 😬,2026-05-14T01:30:19Z,23.0,True,30041,314.0,12.0
8056,UC9-OpMMVoNP5o10_Iyq7Ndw,Bleacher Report,VIPMYZyA7es,Draft prospects first LeBron memory 👑,2026-05-14T01:48:40Z,56.0,True,119232,3781.0,209.0
8056,UC9-OpMMVoNP5o10_Iyq7Ndw,Bleacher Report,zw8vkzHrgVU,Mets lost the challenge after this,2026-05-14T02:16:36Z,29.0,True,33964,435.0,38.0
8056,UC9-OpMMVoNP5o10_Iyq7Ndw,Bleacher Report,VmNTGYiHsC4,Walk-Off GRAND SLAM 🚨 Daulton Varsho Wins It for Blue Jays vs. Rays,2026-05-14T02:31:53Z,215.0,False,22128,461.0,52.0
8056,UC9-OpMMVoNP5o10_Iyq7Ndw,Bleacher Report,lQHyIh-QO1o,Should a foul have been called? 🤔,2026-05-14T03:08:05Z,20.0,True,183149,1587.0,693.0
8056,UC9-OpMMVoNP5o10_Iyq7Ndw,Bleacher Report,AN1M9sbW-W4,Eminem and 50 Cent at Pistons-Cavs 👏 (via @PistonsTV),2026-05-14T03:13:21Z,13.0,True,344135,5574.0,524.0
8056,UC9-OpMMVoNP5o10_Iyq7Ndw,Bleacher Report,IlTSgNOZlpE,Avalanche Complete Epic Comeback vs. Wild to Advance to WCF,2026-05-14T03:33:35Z,364.0,False,259395,2566.0,680.0
8056,UC9-OpMMVoNP5o10_Iyq7Ndw,Bleacher Report,S00G9QgvSvA,“Work on your free throws!” Lisa Salters 🤣,2026-05-14T03:47:25Z,23.0,True,209702,3343.0,202.0
8056,UC9-OpMMVoNP5o10_Iyq7Ndw,Bleacher Report,b9F486gl49s,“Nice shot there from Harden” 😂,2026-05-14T04:30:17Z,7.0,True,92761,958.0,30.0
8056,UC9-OpMMVoNP5o10_Iyq7Ndw,Bleacher Report,5VWhF6bQ_i0,J.B. Bickerstaff on final play of regulation 👀,2026-05-14T05:12:43Z,10.0,True,61485,657.0,181.0
8056,UC9-OpMMVoNP5o10_Iyq7Ndw,Bleacher Report,kJeEorEVfJI,Cade on no-call vs. Cavs at end of regulation 😬,2026-05-14T05:23:57Z,25.0,True,216316,3448.0,989.0
8056,UC9-OpMMVoNP5o10_Iyq7Ndw,Bleacher Report,tfIaveBVZMk,Sir Jumps-A-Lot shows what he can do 🤣 (via skythepupvlogger),2026-05-14T13:01:34Z,12.0,True,258446,4346.0,103.0
8056,UC9-OpMMVoNP5o10_Iyq7Ndw,Bleacher Report,zwMD6iN_oeA,Cam Brink SWATS Caitlin Clark 😳,2026-05-14T19:09:47Z,9.0,True,70905,1176.0,83.0
8056,UC9-OpMMVoNP5o10_Iyq7Ndw,Bleacher Report,ygYWy3qVv3w,Drake just drank it 🤣,2026-05-14T19:21:00Z,11.0,True,198311,2378.0,125.0
8056,UC9-OpMMVoNP5o10_Iyq7Ndw,Bleacher Report,wibrTDAk9wo,This goal by Mitch Marner was INSANE 😳,2026-05-15T02:38:03Z,7.0,True,57075,695.0,62.0
8056,UC9-OpMMVoNP5o10_Iyq7Ndw,Bleacher Report,N8l02GN1GSQ,Trevor Lawrence has a new look 👀 (via @jaguars),2026-05-15T03:15:03Z,71.0,False,174123,1629.0,405.0
8056,UC9-OpMMVoNP5o10_Iyq7Ndw,Bleacher Report,JdJmeZZzJMU,Nate Diaz describes other fighters in one word 😭,2026-05-15T20:31:50Z,15.0,True,17006,235.0,8.0
8056,UC9-OpMMVoNP5o10_Iyq7Ndw,Bleacher Report,zMaFyCFPJxw,Francis Ngannou's Top 5 👀🤔,2026-05-15T20:37:08Z,16.0,True,4949,116.0,16.0
8056,UC9-OpMMVoNP5o10_Iyq7Ndw,Bleacher Report,sv--VJVLb1I,Imagine seeing these three at In-N-Out 😅,2026-05-15T20:44:55Z,8.0,True,162116,2099.0,111.0
8056,UC9-OpMMVoNP5o10_Iyq7Ndw,Bleacher Report,BNB_FsmQ_gQ,Steph was tired of hearing Not Like Us 😭,2026-05-15T21:10:00Z,42.0,True,13676,298.0,36.0
8056,UC9-OpMMVoNP5o10_Iyq7Ndw,Bleacher Report,xsQXkxQ-hXA,Ngannou vs. The Hulk?! 🤣,2026-05-15T22:30:14Z,13.0,True,12297,191.0,33.0
8056,UC9-OpMMVoNP5o10_Iyq7Ndw,Bleacher Report,MQwPrCUoPdc,Ronda Rousey Rapid Fire Q&A 🎤,2026-05-15T23:09:07Z,22.0,True,4081,97.0,4.0
8056,UC9-OpMMVoNP5o10_Iyq7Ndw,Bleacher Report,wYsmhYx95YU,LeBron and Bronny at Drake’s show in LA in 2023 🔥 (via @cryptocomarena),2026-05-15T23:51:49Z,28.0,True,93644,1858.0,183.0
8056,UC9-OpMMVoNP5o10_Iyq7Ndw,Bleacher Report,KaGgPhKVBqs,Jalen Williams after OKC swept the Lakers 🤣 (via @jalenjdubwilliams),2026-05-16T00:13:43Z,10.0,True,36474,1010.0,78.0
8056,UC9-OpMMVoNP5o10_Iyq7Ndw,Bleacher Report,xuN3iH7fV6U,Bro really grabbed the cone to catch it 😂,2026-05-16T00:55:12Z,22.0,True,3208,130.0,1.0
8056,UC9-OpMMVoNP5o10_Iyq7Ndw,Bleacher Report,DE0uwLTEYgw,Ball took its time going in 😅,2026-05-16T01:44:14Z,13.0,True,51121,1420.0,39.0
8056,UC9-OpMMVoNP5o10_Iyq7Ndw,Bleacher Report,KFfRdoUX2-M,Wade slipped in the same spot Harden fell 😳,2026-05-16T02:00:27Z,23.0,True,44306,1011.0,87.0
8056,UC9-OpMMVoNP5o10_Iyq7Ndw,Bleacher Report,AMQucTIWOqk,CLUTCH Caitlin 😮‍💨,2026-05-16T02:37:30Z,13.0,True,12731,413.0,41.0
8056,UC9-OpMMVoNP5o10_Iyq7Ndw,Bleacher Report,Tz733m-mmjM,Melo = LaMelo or Carmelo? 🤔,2026-05-16T03:00:44Z,35.0,True,8631,248.0,28.0
8056,UC9-OpMMVoNP5o10_Iyq7Ndw,Bleacher Report,62f7gxUYOlc,Who's most nonchalant catching the ball? 😂,2026-05-16T03:47:24Z,36.0,True,4102,169.0,7.0
8056,UC9-OpMMVoNP5o10_Iyq7Ndw,Bleacher Report,ikRZRr_iDOw,Wemby tried to sell it 😅,2026-05-16T04:16:10Z,12.0,True,55,7.0,2.0
8057,UCkbJc8jMcTXwhtmN5VMwfXg,JTBC Drama,ldIaVzgeamU,"[2차 티저] 최성 뺏어오자, 나랑 같이 | 〈신입사원 강회장〉 5/30 (토) 밤 10시 40분 첫 방송",2026-05-06T01:00:02Z,54.0,True,31797,429.0,68.0
8057,UCkbJc8jMcTXwhtmN5VMwfXg,JTBC Drama,50kMvX3hplw,난처해서 그렇지요~ 말을 높이기도 그렇고...,2026-05-06T08:00:07Z,50.0,True,157872,1395.0,8.0
8057,UCkbJc8jMcTXwhtmN5VMwfXg,JTBC Drama,qZlWRA35Te0,왕의 옆자리 꿰찬 후궁 끌어낸 중전 ㄷㄷ | 궁중잔혹사 꽃들의 전쟁 | 젭드_명장면 | JTBC 130602 방송 외,2026-05-06T08:01:02Z,1652.0,False,15640,115.0,6.0
8057,UCkbJc8jMcTXwhtmN5VMwfXg,JTBC Drama,2dNlnWgy638,"뭣들 하고 있느냐, 어서 끌고 가지 않고!",2026-05-06T08:15:00Z,56.0,True,280850,3533.0,37.0
8057,UCkbJc8jMcTXwhtmN5VMwfXg,JTBC Drama,Pfwyx-CDLY8,[7회 선공개] 형에게 치근대는 구교환과 밀어내는 오정세😆 ＜모두가 자신의 무가치함과 싸우고 있다＞ 5/9(토) 밤 10시 40분 방송,2026-05-09T01:02:40Z,128.0,False,235452,2943.0,350.0
8057,UCkbJc8jMcTXwhtmN5VMwfXg,JTBC Drama,hUpgREsUGdI,'영실이'를 필명으로 쓰기로 한 고윤정✍️ | 모두가 자신의 무가치함과 싸우고 있다 7회 | JTBC 260509 방송,2026-05-09T14:05:23Z,75.0,False,74880,494.0,29.0
8057,UCkbJc8jMcTXwhtmN5VMwfXg,JTBC Drama,7O_WjqTiiaI,아픈 가정사를 서로에게 털어놓는 구교환 & 고윤정❤️‍🩹 | 모두가 자신의 무가치함과 싸우고 있다 7회 | JTBC 260509 방송,2026-05-09T14:06:09Z,96.0,False,35009,279.0,13.0
8057,UCkbJc8jMcTXwhtmN5VMwfXg,JTBC Drama,KixLO_UI_Es,＂많이 사랑스러워요 감독님은＂ 구교환을 녹인 고윤정의 한마디💕 | 모두가 자신의 무가치함과 싸우고 있다 7회 | JTBC 260509 방송,2026-05-09T14:07:25Z,89.0,False,37130,461.0,26.0
8057,UCkbJc8jMcTXwhtmN5VMwfXg,JTBC Drama,DGUe_yWB5fw,＂나 혼자 다 먹어야지＂ 새 작가 등장에 잔뜩 삐뚤어진 오정세😤 | 모두가 자신의 무가치함과 싸우고 있다 7회 | JTBC 260509 방송,2026-05-09T14:09:22Z,153.0,False,115510,720.0,159.0
8057,UCkbJc8jMcTXwhtmN5VMwfXg,JTBC Drama,jLzNe79SXuw,우연히 배종옥과 마주치자 굳어버린 고윤정😥 | 모두가 자신의 무가치함과 싸우고 있다 7회 | JTBC 260509 방송,2026-05-09T14:26:54Z,95.0,False,34997,217.0,8.0
8057,UCkbJc8jMcTXwhtmN5VMwfXg,JTBC Drama,b1R8XErxUGM,＂너랑 있으면 착륙하게 돼＂ 술김에 속마음을 털어놓는 고윤정&한선화💭 | 모두가 자신의 무가치함과 싸우고 있다 7회 | JTBC 260509 방송,2026-05-09T14:35:35Z,130.0,False,203970,2010.0,186.0
8057,UCkbJc8jMcTXwhtmN5VMwfXg,JTBC Drama,OIR7mrSHt64,＂저는 고윤정님 좋아하는데요?＂ 한선화의 고백에 난감한 구교환💦 | 모두가 자신의 무가치함과 싸우고 있다 7회 | JTBC 260509 방송,2026-05-09T14:45:58Z,99.0,False,70116,695.0,73.0
8057,UCkbJc8jMcTXwhtmN5VMwfXg,JTBC Drama,4MiwW5e8Zzw,영화에서 손 떼라는 최원영에 배종옥 의심하는 고윤정 | 모두가 자신의 무가치함과 싸우고 있다 7회 | JTBC 260509 방송,2026-05-09T14:52:14Z,91.0,False,99587,601.0,53.0
8057,UCkbJc8jMcTXwhtmN5VMwfXg,JTBC Drama,jhCBBDp3BIo,자신을 버리고 떠난 배종옥에게 일침 날리는 고윤정💥 | 모두가 자신의 무가치함과 싸우고 있다 7회 | JTBC 260509 방송,2026-05-09T14:53:24Z,124.0,False,142156,1168.0,67.0
8057,UCkbJc8jMcTXwhtmN5VMwfXg,JTBC Drama,kLmSBQi_lJs,돈으로 지난날을 보상하려는 배종옥에게 경고하는 고윤정⚡ | 모두가 자신의 무가치함과 싸우고 있다 7회 | JTBC 260509 방송,2026-05-09T14:56:43Z,131.0,False,83662,625.0,48.0
8057,UCkbJc8jMcTXwhtmN5VMwfXg,JTBC Drama,emVimcwPd0g,[출동 엔딩] 고윤정의 도와달라는 문자에 바로 달려가는 구교환💨 | 모두가 자신의 무가치함과 싸우고 있다 7회 | JTBC 260509 방송,2026-05-09T14:58:44Z,95.0,False,60901,525.0,50.0
8057,UCkbJc8jMcTXwhtmN5VMwfXg,JTBC Drama,s74kIcD_Wcc,모두가 자신의 무가치함과 싸우고 있다 8회 예고편 - 난 누가 잘 되면 배가 진짜로 아파,2026-05-09T15:00:08Z,34.0,True,78808,533.0,89.0
8057,UCkbJc8jMcTXwhtmN5VMwfXg,JTBC Drama,qdCkb---pCA,[스페셜] 20년 전 버린 딸 고윤정을 다시 찾은 ‘탑배우 엄마’ 배종옥의 속내 | 모두가 자신의 무가치함과 싸우고 있다 | JTBC 260509 방송,2026-05-09T15:01:53Z,751.0,False,269392,1699.0,150.0
8057,UCkbJc8jMcTXwhtmN5VMwfXg,JTBC Drama,AMe9X19ASic,[8회 선공개] 비아냥대는 최원영에게 할 말 다 하는 구교환💥＜모두가 자신의 무가치함과 싸우고 있다＞ 5/10(일) 밤 10시 30분 방송,2026-05-10T01:00:08Z,139.0,False,295924,2723.0,293.0
8057,UCkbJc8jMcTXwhtmN5VMwfXg,JTBC Drama,zStWhEnXaUQ,＂올라갈 거야＂ 김종훈의 도발에 분노한 구교환🤬 | 모두가 자신의 무가치함과 싸우고 있다 8회 | JTBC 260510 방송,2026-05-10T13:49:33Z,156.0,False,51465,369.0,42.0
8057,UCkbJc8jMcTXwhtmN5VMwfXg,JTBC Drama,haqxs3_0-wU,김종훈 때문에 뚜껑 열려 성공을 다짐하는 구교환🔥 | 모두가 자신의 무가치함과 싸우고 있다 8회 | JTBC 260510 방송,2026-05-10T13:52:57Z,79.0,False,37947,307.0,31.0
8057,UCkbJc8jMcTXwhtmN5VMwfXg,JTBC Drama,VsSBXsqRL60,김종훈의 영화가 잘 된다는 소식에 배 아파하는 구교환🤒 | 모두가 자신의 무가치함과 싸우고 있다 8회 | JTBC 260510 방송,2026-05-10T14:08:15Z,111.0,False,32992,237.0,10.0
8057,UCkbJc8jMcTXwhtmN5VMwfXg,JTBC Drama,7kDr2GPTtjI,오정세에 자격지심 있는 구교환에게 일침 날리는 강말금💥 | 모두가 자신의 무가치함과 싸우고 있다 8회 | JTBC 260510 방송,2026-05-10T14:13:08Z,61.0,False,48799,607.0,52.0
8057,UCkbJc8jMcTXwhtmN5VMwfXg,JTBC Drama,C6Dh2-J0-Jc,대배우 성동일에게 악수 요청한 구교환의 최후 | 모두가 자신의 무가치함과 싸우고 있다 8회 | JTBC 260510 방송,2026-05-10T14:15:10Z,97.0,False,125992,697.0,90.0
8057,UCkbJc8jMcTXwhtmN5VMwfXg,JTBC Drama,ntAISTBONKE,구교환을 무시하는 배종옥에 참지 않고 되받아치는 고윤정🔥 | 모두가 자신의 무가치함과 싸우고 있다 8회 | JTBC 260510 방송,2026-05-10T14:18:40Z,93.0,False,53947,410.0,40.0
8057,UCkbJc8jMcTXwhtmN5VMwfXg,JTBC Drama,NcnuXATdhiw,고윤정을 원망하는 구교환에 다시 터져버린 코피🩸 | 모두가 자신의 무가치함과 싸우고 있다 8회 | JTBC 260510 방송,2026-05-10T14:23:53Z,112.0,False,147199,1114.0,207.0
8057,UCkbJc8jMcTXwhtmN5VMwfXg,JTBC Drama,o0tbRi7zR4c,자신에게 상처 준 구교환에게 먼저 손을 내민 고윤정🥺 | 모두가 자신의 무가치함과 싸우고 있다 8회 | JTBC 260510 방송,2026-05-10T14:24:37Z,87.0,False,83888,874.0,80.0
8057,UCkbJc8jMcTXwhtmN5VMwfXg,JTBC Drama,v35V3ESsSnE,욕심 그득한;; 악덕 대표 최원영과 손절 선언한 강말금↗🔥   | 모두가 자신의 무가치함과 싸우고 있다 8회 | JTBC 260510 방송,2026-05-10T14:35:37Z,164.0,False,207996,2843.0,413.0
8057,UCkbJc8jMcTXwhtmN5VMwfXg,JTBC Drama,UaM9st8zkQg,[출전 엔딩] 구교환 참교육에 직접 나선 강말금(!)의 💥데뷔 시킬 결심💥 | 모두가 자신의 무가치함과 싸우고 있다 8회 | JTBC 260510 방송,2026-05-10T14:47:27Z,122.0,False,233352,2965.0,544.0
8057,UCkbJc8jMcTXwhtmN5VMwfXg,JTBC Drama,X7Sot_EmIZM,모두가 자신의 무가치함과 싸우고 있다 9회 예고편 - 그게 내 목표야,2026-05-10T14:48:27Z,38.0,True,192982,1575.0,332.0
8057,UCkbJc8jMcTXwhtmN5VMwfXg,JTBC Drama,v6T8peq8BE0,[7-8회 하이라이트] ＂너는 뒤졌어＂ 불평불만하던 구교환 참교육 하기 위한 강말금 🔥반전 선택🔥 | 모두가 자신의 무가치함과 싸우고 있다 | JTBC 260510 방송,2026-05-10T15:03:37Z,389.0,False,195342,1771.0,247.0
8057,UCkbJc8jMcTXwhtmN5VMwfXg,JTBC Drama,nNQawzxw15Y,[메이킹] 누가 누굴 좋아하길래 바다까지? 〈모두가 자신의 무가치함과 싸우고 있다〉 7-8화 비하인드📽,2026-05-11T01:00:01Z,587.0,False,75005,1670.0,226.0
8057,UCkbJc8jMcTXwhtmN5VMwfXg,JTBC Drama,7R0pi2V9-Ms,황동만 인생 인기 최고점?,2026-05-11T02:30:10Z,61.0,False,118818,1453.0,26.0
8057,UCkbJc8jMcTXwhtmN5VMwfXg,JTBC Drama,sIo0JcOF_2g,언제는 B급 영화라더니,2026-05-11T02:30:41Z,58.0,True,293614,3110.0,129.0
8057,UCkbJc8jMcTXwhtmN5VMwfXg,JTBC Drama,rSFofi6A5mM,당신이 나로 인해 불안하지 않다면,2026-05-11T02:30:46Z,61.0,False,69634,901.0,18.0
8057,UCkbJc8jMcTXwhtmN5VMwfXg,JTBC Drama,poxibyXde-Y,[스페셜] 구교환에게 🔥열등감 폭발🔥하는 금쪽이 오정세를 붙잡아주는 안정형 아내 강말금 | 모두가 자신의 무가치함과 싸우고 있다 | JTBC 260510 방송,2026-05-11T09:31:07Z,574.0,False,145586,1104.0,92.0
8057,UCkbJc8jMcTXwhtmN5VMwfXg,JTBC Drama,AiowgBUwabU,너만 불행했어?,2026-05-12T02:30:13Z,52.0,True,131932,966.0,66.0
8057,UCkbJc8jMcTXwhtmN5VMwfXg,JTBC Drama,WI4XVqeT7uY,경멸을 버릴 때도 됐는데,2026-05-12T02:30:19Z,58.0,True,109155,896.0,19.0
8057,UCkbJc8jMcTXwhtmN5VMwfXg,JTBC Drama,x0-1KP__628,나 박경세 존경해,2026-05-12T02:30:43Z,55.0,True,87404,876.0,19.0
8057,UCkbJc8jMcTXwhtmN5VMwfXg,JTBC Drama,aUEm_Qct1yo,더러워서 관둘란다,2026-05-13T02:30:00Z,59.0,True,37405,300.0,8.0
8057,UCkbJc8jMcTXwhtmN5VMwfXg,JTBC Drama,iBNRlqMOmo0,오늘 구교환 참교육합니다,2026-05-13T02:30:27Z,61.0,False,308958,3429.0,126.0
8057,UCkbJc8jMcTXwhtmN5VMwfXg,JTBC Drama,ZW8E11i-D98,쓰레기 전남친에게 최선을 다한 이유,2026-05-13T02:30:32Z,46.0,True,139081,1680.0,56.0
8057,UCkbJc8jMcTXwhtmN5VMwfXg,JTBC Drama,f1vRDNk2S0M,왕에게 독이 든 전복을?! 후궁의 계략에 말려든 빈궁 | 궁중잔혹사 꽃들의 전쟁 | 젭드_명장면 | JTBC 130707 방송 외,2026-05-13T08:00:43Z,1649.0,False,2561,29.0,3.0
8057,UCkbJc8jMcTXwhtmN5VMwfXg,JTBC Drama,kjIso-6Ktp8,뭘 하고 있느냐 갖다 버리지 않고!,2026-05-13T08:00:44Z,49.0,True,13570,82.0,0.0
8057,UCkbJc8jMcTXwhtmN5VMwfXg,JTBC Drama,LBTiDZUXtzg,전복이 상했나...,2026-05-13T08:05:00Z,56.0,True,20495,100.0,2.0
8057,UCkbJc8jMcTXwhtmN5VMwfXg,JTBC Drama,wGkFXaPON_Q,[3차 티저] 72세 재벌 회장되기 vs ☑️27세 인턴 사원되기 | 〈신입사원 강회장〉 5/30 (토) 밤 10시 40분 첫 방송,2026-05-15T01:00:02Z,62.0,False,7307,206.0,29.0
8057,UCkbJc8jMcTXwhtmN5VMwfXg,JTBC Drama,GnnFixgyCcM,사경 헤매는 아버지 앞에서 이익 따지는 자식에게 화난 어머니 | 재벌집 막내아들 | 젭드_명장면 | JTBC 221211 방송 외,2026-05-15T08:00:14Z,1387.0,False,4594,28.0,5.0
8057,UCkbJc8jMcTXwhtmN5VMwfXg,JTBC Drama,gLfJr4tIDB0,성한 물건이 하나도 없어,2026-05-15T08:00:41Z,38.0,True,13867,40.0,2.0
8057,UCkbJc8jMcTXwhtmN5VMwfXg,JTBC Drama,wNCO7dAQXEw,"내 돈 다 가져, 그러니까...",2026-05-15T08:05:00Z,35.0,True,29006,85.0,2.0
8057,UCkbJc8jMcTXwhtmN5VMwfXg,JTBC Drama,5Q_xJ_0LWnM,[9회 선공개] 불어나는 빚 때문에 극도로 예민해진 구교환😢 ＜모두가 자신의 무가치함과 싸우고 있다＞ 5/16(토) 밤 10시 40분 방송,2026-05-16T01:00:45Z,125.0,False,27718,620.0,101.0
8058,UCgZlBRLRB1-0l-qL9BkecLQ,ARTBEAT,z11mG6ZNs2k,연습복도 너무 핫한 그녀들은 누구야?🔥 #whoisshe #ARTBEAT #OOTD,2026-04-29T06:00:44Z,26.0,True,169144,3584.0,28.0
8058,UCgZlBRLRB1-0l-qL9BkecLQ,ARTBEAT,R9ajVbLsJvQ,오늘 저의 추구미는 뭘까요~? 👀  #whoisshe #도희 #Dohui,2026-04-30T06:00:30Z,18.0,True,157868,3041.0,40.0
8058,UCgZlBRLRB1-0l-qL9BkecLQ,ARTBEAT,_loyFvasQ1c,도입부가 중요한 이유🫢 #whoisshe #시윤 #Siyun,2026-04-30T06:15:04Z,21.0,True,79970,1603.0,20.0
8058,UCgZlBRLRB1-0l-qL9BkecLQ,ARTBEAT,RaJxexlL1NU,"눈빛에 한번 반하고, 춤에 또 한 번 반하고 #whoisshe #유화 #Yuwha",2026-04-30T06:30:19Z,17.0,True,188821,3283.0,33.0
8058,UCgZlBRLRB1-0l-qL9BkecLQ,ARTBEAT,e2d7w6rUA6U,내가 등장하기 전에 이랬다구?🫢 #whoisshe #혜경 #Hyegyeong,2026-04-30T06:45:03Z,36.0,True,56965,1604.0,22.0
8058,UCgZlBRLRB1-0l-qL9BkecLQ,ARTBEAT,7WJsR2KlnHg,#유카 'Kep1er - KILLA (Face the other me)' Dance Cover #Yuka,2026-04-30T11:00:22Z,23.0,True,67842,3394.0,40.0
8058,UCgZlBRLRB1-0l-qL9BkecLQ,ARTBEAT,wYo2PucxQU4,#금률 'CORTIS - REDRED' Dance Cover #Geumryul,2026-05-01T11:01:38Z,14.0,True,83820,4254.0,39.0
8058,UCgZlBRLRB1-0l-qL9BkecLQ,ARTBEAT,SGyWgsYzguc,"일몰 감성과 꽤 잘 맞는 '널 따라가'✨ 'TWS - 널 따라가 (You, You)’ Dance Cover #일몰 #서아 #Seoa",2026-05-02T03:00:24Z,49.0,True,18916,1092.0,18.0
8058,UCgZlBRLRB1-0l-qL9BkecLQ,ARTBEAT,6_m4XxD-CtY,[여기서요?] 투모로우바이투게더 TXT - 하루에 하루만 더 (Stick With You) | 커버댄스 Dance Cover @홍대,2026-05-02T06:00:09Z,366.0,False,72104,4664.0,294.0
8058,UCgZlBRLRB1-0l-qL9BkecLQ,ARTBEAT,GHilKsZFCJQ,손가락 도미노 꽤 멋있는데? #하루에하루만더 #ARTBEAT #여기서요,2026-05-02T09:00:19Z,31.0,True,13220,714.0,9.0
8058,UCgZlBRLRB1-0l-qL9BkecLQ,ARTBEAT,f71DXVuGocg,이렇게 하루만 더 보고 싶은 사람 손~~🤚 #하루에하루만더 #ARTBEAT #여기서요,2026-05-02T09:15:03Z,34.0,True,31486,2380.0,7.0
8058,UCgZlBRLRB1-0l-qL9BkecLQ,ARTBEAT,9Wn1ZpP5pe4,훈훈한 뉴 페이스의 등장!?👀 #하루에하루만더 #ARTBEAT #여기서요,2026-05-02T09:30:08Z,29.0,True,37397,2045.0,33.0
8058,UCgZlBRLRB1-0l-qL9BkecLQ,ARTBEAT,Qa94Y2VXzj8,#대현 'CORTIS - REDRED' Dance Cover #Daehyeon,2026-05-03T03:00:34Z,19.0,True,43836,2163.0,19.0
8058,UCgZlBRLRB1-0l-qL9BkecLQ,ARTBEAT,cH9cPY6ab0w,하루만 더 응원해 주고 싶어✨ #하루에하루만더 #릴레이댄스 #relaydance,2026-05-03T06:00:34Z,37.0,True,38896,2139.0,25.0
8058,UCgZlBRLRB1-0l-qL9BkecLQ,ARTBEAT,ju_IJt591y8,투모로우바이투게더 TXT - 하루에 하루만 더 (Stick With You) | 커버댄스 Dance Cover | 연습실 Practice ver.,2026-05-03T09:00:57Z,156.0,False,9530,595.0,24.0
8058,UCgZlBRLRB1-0l-qL9BkecLQ,ARTBEAT,uhFIJZJwrI0,30초 요약으로 보는 하루에 하루만 더 연습 복장 #하루에하루만더 #ARTBEAT #OOTD,2026-05-04T07:00:48Z,34.0,True,14200,1198.0,5.0
8058,UCgZlBRLRB1-0l-qL9BkecLQ,ARTBEAT,j25qFEntD4g,때론 박력있게🔥 #하루에하루만더 #가람 #Garam,2026-05-04T11:01:12Z,12.0,True,20602,996.0,11.0
8058,UCgZlBRLRB1-0l-qL9BkecLQ,ARTBEAT,sJUJuFNnJYI,아련한 눈빛에 이끌려서 들어왔는데..👀 #하루에하루만더 #규소 #Gyuso,2026-05-04T11:15:12Z,11.0,True,15712,502.0,4.0
8058,UCgZlBRLRB1-0l-qL9BkecLQ,ARTBEAT,JndgLOBoQbA,이런 룩은 나만 좋은거야? #하루에하루만더 #현창 #Hyeonchang,2026-05-04T11:30:15Z,34.0,True,24981,2762.0,6.0
8058,UCgZlBRLRB1-0l-qL9BkecLQ,ARTBEAT,SK8bZ0H33BE,소년미에 야생미를 더해👏 #하루에하루만더 #레노 #Leno,2026-05-04T11:45:07Z,35.0,True,24047,1469.0,30.0
8058,UCgZlBRLRB1-0l-qL9BkecLQ,ARTBEAT,0_Q3gWHSww0,지금 이 순간이 꿈이 아니길😆 #하루에하루만더 #지호 #Jiho,2026-05-04T12:00:02Z,34.0,True,22407,1334.0,11.0
8058,UCgZlBRLRB1-0l-qL9BkecLQ,ARTBEAT,v7_9ttGhEuQ,[여기서요?] 다영 DAYOUNG - What's a girl to do | 커버댄스 Dance Cover @홍대,2026-05-05T05:01:03Z,314.0,False,158825,7544.0,396.0
8058,UCgZlBRLRB1-0l-qL9BkecLQ,ARTBEAT,X-sl8oWim6Q,핫 걸&핫 보이들의 등장🔥  #whatsagirltodo #ARTBEAT #여기서요,2026-05-05T08:00:37Z,26.0,True,47931,1716.0,20.0
8058,UCgZlBRLRB1-0l-qL9BkecLQ,ARTBEAT,zoYj8PjYQoY,헤메코까지 비슷하면 어떻게요?🫢  #whatsagirltodo #ARTBEAT #여기서요,2026-05-05T08:15:04Z,23.0,True,70990,1918.0,15.0
8058,UCgZlBRLRB1-0l-qL9BkecLQ,ARTBEAT,sjlCN0DEwaE,'What's a girl to do'에 빠질 수 없는 페어 안무까지❤️ #whatsagirltodo #ARTBEAT #여기서요,2026-05-05T08:30:25Z,28.0,True,179106,6485.0,72.0
8058,UCgZlBRLRB1-0l-qL9BkecLQ,ARTBEAT,9QEPl0xo3fM,끼 넘치는 친구들이 모이면 생기는 일🫢 #whatsagirltodo #릴레이댄스 #relaydance,2026-05-06T06:00:56Z,32.0,True,161511,5197.0,40.0
8058,UCgZlBRLRB1-0l-qL9BkecLQ,ARTBEAT,uwpZazR1H0M,다영 DAYOUNG - What's a girl to do | 커버댄스 Dance Cover | 연습실 Practice ver.,2026-05-06T09:01:23Z,131.0,False,33246,1345.0,72.0
8058,UCgZlBRLRB1-0l-qL9BkecLQ,ARTBEAT,oIx85q35tvY,그렇게 자꾸 아이 컨택 해주시면 좋습니다😆 #whatsagirltodo #유카 #Yuka,2026-05-07T06:00:38Z,21.0,True,99117,1880.0,24.0
8058,UCgZlBRLRB1-0l-qL9BkecLQ,ARTBEAT,vOpkS7uEj3A,응원을 많이 받으면 미소가 멈추질 않지😀 #whatsagirltodo #혜경 #Hyegyeong,2026-05-07T06:15:03Z,21.0,True,47803,1637.0,21.0
8058,UCgZlBRLRB1-0l-qL9BkecLQ,ARTBEAT,0_Syw4FGKQo,하얀색 연습복도 잘 어울려요🫶 #whatsagirltodo #나경 #Nakyeong,2026-05-07T06:30:00Z,22.0,True,62387,1911.0,18.0
8058,UCgZlBRLRB1-0l-qL9BkecLQ,ARTBEAT,jj5UgaCBZMA,핫 포인트 중 하나인 페어 안무 어때요?🔥 #whatsagirltodo #예진 #Yejin,2026-05-07T06:45:06Z,13.0,True,165198,4894.0,39.0
8058,UCgZlBRLRB1-0l-qL9BkecLQ,ARTBEAT,RTCCRw8uEy4,얼마나 주인공이 되고 싶었는지 감도 안 옴 ㄷㄷ👏 #whatsagirltodo #호준 #Hojun,2026-05-07T07:00:17Z,24.0,True,170428,4618.0,37.0
8058,UCgZlBRLRB1-0l-qL9BkecLQ,ARTBEAT,aD3rASUDJpA,주인공은 나를 더 힘나게 해 #whatsagirltodo #정희 #Jeonghee,2026-05-07T07:15:00Z,27.0,True,197911,4078.0,33.0
8058,UCgZlBRLRB1-0l-qL9BkecLQ,ARTBEAT,qNPCYWn7XiE,#주연 'AOA - 단발머리 (Short Hair)' Dance Cover #Jooyeon,2026-05-08T06:00:43Z,21.0,True,40877,1686.0,26.0
8058,UCgZlBRLRB1-0l-qL9BkecLQ,ARTBEAT,I2nceA-bIx4,[여기서요?] 엔시티 위시 NCT WISH - Ode to Love | 커버댄스 Dance Cover @홍대,2026-05-11T09:00:22Z,360.0,False,36864,2354.0,144.0
8058,UCgZlBRLRB1-0l-qL9BkecLQ,ARTBEAT,_dlf5UWPa1g,홍대에 나타난 6명의 큐피드들💘 #odetolove #ARTBEAT #여기서요,2026-05-11T12:01:04Z,29.0,True,14267,1041.0,11.0
8058,UCgZlBRLRB1-0l-qL9BkecLQ,ARTBEAT,6xnTEuunDvk,이건 너를 위한 사랑 찬가 #odetolove #ARTBEAT #여기서요,2026-05-11T12:15:01Z,31.0,True,23338,988.0,9.0
8058,UCgZlBRLRB1-0l-qL9BkecLQ,ARTBEAT,-tkUfSq8IoA,'NCT WISH'와 잘 맞는 멤버들이 참여하면 생기는 일 #odetolove #ARTBEAT #여기서요,2026-05-11T12:30:00Z,22.0,True,20913,839.0,14.0
8058,UCgZlBRLRB1-0l-qL9BkecLQ,ARTBEAT,zHoKnlO8nMA,큐피드 같은 친구들과 함께라면💘 #odetolove #릴레이댄스 #relaydance,2026-05-12T06:00:42Z,32.0,True,15613,956.0,17.0
8058,UCgZlBRLRB1-0l-qL9BkecLQ,ARTBEAT,W7OjWjxor48,엔시티 위시 NCT WISH - Ode to Love | 커버댄스 Dance Cover | 연습실 Practice ver.,2026-05-12T09:00:40Z,191.0,False,6966,365.0,27.0
8058,UCgZlBRLRB1-0l-qL9BkecLQ,ARTBEAT,xZfHdrpBjYo,큐피드들이 pick한 연습복은 어때? #odetolove #ARTBEAT #OOTD,2026-05-14T06:00:41Z,30.0,True,11195,708.0,12.0
8058,UCgZlBRLRB1-0l-qL9BkecLQ,ARTBEAT,nUHTZH1ZZcc,늘 궁금했던 실루엣과 그 정체 공개까지!!🫢 'PRODUCE X 101 - 움직여 (MOVE)' Dance Cover #???,2026-05-14T11:01:13Z,23.0,True,19425,1026.0,29.0
8058,UCgZlBRLRB1-0l-qL9BkecLQ,ARTBEAT,AtaNE5KxVwc,박력 넘치게 춘다면 이런 느낌일까? #odetolove #윤수 #Yunsu,2026-05-15T06:00:06Z,16.0,True,7945,476.0,6.0
8058,UCgZlBRLRB1-0l-qL9BkecLQ,ARTBEAT,K45qNmLBjyc,킬링 파트는 웃으면서😆 #odetolove #결경 #Gyeolgyeong,2026-05-15T06:15:00Z,22.0,True,9583,570.0,8.0
8058,UCgZlBRLRB1-0l-qL9BkecLQ,ARTBEAT,tBt8qjuHskQ,We sing for love #odetolove #대현 #Daehyeon,2026-05-15T06:30:25Z,22.0,True,9397,1129.0,4.0
8058,UCgZlBRLRB1-0l-qL9BkecLQ,ARTBEAT,bMltAV7CyBA,귀여움이 폭발할 것 같아요😭 #odetolove #위나 #Wina,2026-05-15T06:45:02Z,21.0,True,12858,1338.0,6.0
8058,UCgZlBRLRB1-0l-qL9BkecLQ,ARTBEAT,Xo1xDD_Fqlc,안아주고 싶어 모두를 #odetolove #현성 #Hyeongsung,2026-05-15T07:00:34Z,9.0,True,15574,945.0,6.0
8058,UCgZlBRLRB1-0l-qL9BkecLQ,ARTBEAT,myvCyIho6EM,NCT WISH 노래는 늘 진심인 법🔥#odetolove #서아 #Seoa,2026-05-15T07:15:05Z,10.0,True,20786,970.0,10.0
8058,UCgZlBRLRB1-0l-qL9BkecLQ,ARTBEAT,bwsCY0H6wTA,#민지 'YENA(최예나) - 캐치 캐치' Dance Cover #Minji,2026-05-15T11:00:59Z,19.0,True,19748,1173.0,27.0
8058,UCgZlBRLRB1-0l-qL9BkecLQ,ARTBEAT,-kuk6ZDGPk0,해 지기 전에 춰본 What's a girl to do 'DAYOUNG - What's a girl to do’ Dance Cover #일몰 #정희 #Jeonghee,2026-05-16T03:00:00Z,25.0,True,2150,168.0,7.0
8059,UCcpAtOvcne_cX7gvarTgKsQ,[Awesome Haeun]어썸하은,TN0jmoY5rcM,나하은 (Na Haeun) - 2017 멜론 뮤직 어워드 후보소개 댄스(2017 Melon Music Awards Best Dance Nominees Dance),2017-12-04T02:49:39Z,268.0,False,58273237,968039.0,22285.0
8059,UCcpAtOvcne_cX7gvarTgKsQ,[Awesome Haeun]어썸하은,jqLPqamsDyw,나하은 (Na Haeun) - 2018 멜론 뮤직 어워드 베스트 댄스 후보소개 댄스 (2018 Melon Music Awards Best Dance Nominees Dance),2018-12-01T20:15:01Z,294.0,False,83341798,1431978.0,30554.0
8059,UCcpAtOvcne_cX7gvarTgKsQ,[Awesome Haeun]어썸하은,h7LtL_Y3Sb0,[Awesome Haeun]어썸하은 500만 기념,2021-01-23T10:12:01Z,,False,0,1.0,0.0
8059,UCcpAtOvcne_cX7gvarTgKsQ,[Awesome Haeun]어썸하은,_QsU-Y67XEc,Back to 2018🔫,2026-04-05T13:10:02Z,24.0,True,195344,9201.0,234.0
8060,UC2wZJuuD_WA9ps2FORco1EQ,"까니짱 [ KANI, 蟹ちゃん]",pOW5kDnLD7k,밥도둑~ 순살양념게장으로 밥도 비벼 먹고 수육도 쌈 싸먹기! 푸짐한 집밥 먹방 MUKBANG,2025-12-01T12:50:25Z,728.0,False,138160,3898.0,183.0
8060,UC2wZJuuD_WA9ps2FORco1EQ,"까니짱 [ KANI, 蟹ちゃん]",9TFAgWiILA0,자꾸 손이 가는 집김밥과 진짜 새우 넣고 끓인 새우탕면 먹방🦐 라면과 김밥 조합은 못참지!! MUKBANG,2025-12-04T13:00:03Z,869.0,False,161981,4497.0,135.0
8060,UC2wZJuuD_WA9ps2FORco1EQ,"까니짱 [ KANI, 蟹ちゃん]",5WvcBwzC3ns,2년 묵은 김치와 통목살로 만든 김치찜 먹방 계란후라이와 김은 필수 MUKBANG,2025-12-07T12:48:08Z,880.0,False,124920,3696.0,107.0
8060,UC2wZJuuD_WA9ps2FORco1EQ,"까니짱 [ KANI, 蟹ちゃん]",lMbrXvI5yCk,"광교 갤러리아 백화점 푸드코트 먹방😋두바이 쫀득쿠키, 베테랑 칼국수, 닭꼬치, 고디바 아이스크림, 함박스테이크, 푸니푸니푸딩 MUKBANG",2025-12-10T12:54:57Z,1011.0,False,287214,6427.0,202.0
8060,UC2wZJuuD_WA9ps2FORco1EQ,"까니짱 [ KANI, 蟹ちゃん]",WJ0Rcg1vtpw,🔥청양고추 듬뿍 매콤한 윤남노 짜파게티와 슈프림 양념 치킨 그리고 파김치 먹방 맛있는거 옆에 맛있는거..❤️,2025-12-13T12:39:23Z,727.0,False,174725,4380.0,117.0
8060,UC2wZJuuD_WA9ps2FORco1EQ,"까니짱 [ KANI, 蟹ちゃん]",CZCsk4HZ80U,"편의점 먹방🔥요즘 핫한 불닭미역탕면, 치즈버거, 떡볶이, 빈츠 말차맛, 케데헌 신라면, 불닭볶음탕면, 연세우유 샌드에이스 MUKBANG",2025-12-16T12:44:26Z,1104.0,False,245615,6346.0,208.0
8060,UC2wZJuuD_WA9ps2FORco1EQ,"까니짱 [ KANI, 蟹ちゃん]",RemwllFJsHs,"한우 대창, 곱창 통으로 먹어보자! 매콤한 대파김치와 함께 먹방 통대창은 처음 먹어보는건데 맛있네요..?😋MUKBANG",2025-12-19T13:02:00Z,895.0,False,235754,5230.0,193.0
8060,UC2wZJuuD_WA9ps2FORco1EQ,"까니짱 [ KANI, 蟹ちゃん]",1MOLvDfipS4,"판교 현대백화점 먹방 투어😋스시 케이크, 고디바 베이커리, 모듬 순대, 서울 만두, 갈현동 할머니 떡볶이, 타코 푸드코트 MUKBANG",2025-12-21T12:52:45Z,965.0,False,137141,4245.0,131.0
8060,UC2wZJuuD_WA9ps2FORco1EQ,"까니짱 [ KANI, 蟹ちゃん]",LSeRpVdkkQ0,"시어머니가 김장김치를 만들어 오셨어요!😋가브리살, 항정살, 삼겹살 3색 수육과 제철 굴까지 가족 먹방!!",2025-12-25T12:41:00Z,782.0,False,343041,6836.0,376.0
8060,UC2wZJuuD_WA9ps2FORco1EQ,"까니짱 [ KANI, 蟹ちゃん]",aMpBExDM-OQ,"가성비 좋은 오산 오색시장 먹방😋 쑥호떡, 광명 홍두깨 칼국수, 닭강정, 시장 꽈배기, 떡갈비, 떡볶이, 묵은지 참치 김밥 MUKBANG",2025-12-28T12:43:07Z,1057.0,False,396376,7979.0,237.0
8060,UC2wZJuuD_WA9ps2FORco1EQ,"까니짱 [ KANI, 蟹ちゃん]",XPD6GUFVbHo,"무생채, 굴밥, 고깃집 된장찌개 환상의 조합 먹방😋 MUKBANG",2026-01-01T12:41:28Z,893.0,False,169406,4552.0,171.0
8060,UC2wZJuuD_WA9ps2FORco1EQ,"까니짱 [ KANI, 蟹ちゃん]",JcZ_DCw36hU,"매운 습실비김치덮밥, 너구리 라면, 참깨만두, 고구마, 호빵, 핫도그 세븐일레븐 편의점 먹방 Convenience Store Korea 7-11",2026-01-04T12:57:38Z,1108.0,False,399876,7253.0,134.0
8060,UC2wZJuuD_WA9ps2FORco1EQ,"까니짱 [ KANI, 蟹ちゃん]",D41aATn1LNI,"일본 회전초밥 1위 스시로에서 다양한 회전초밥을 먹고 왔어요🍣🍜 미소라멘, 단새우, 연어, 가리비, 장어, 미니 카이센동, 미소라멘 MUKBANG",2026-01-07T12:58:57Z,1061.0,False,206647,5620.0,175.0
8060,UC2wZJuuD_WA9ps2FORco1EQ,"까니짱 [ KANI, 蟹ちゃん]",e6ujfmPrPDA,🔥불닭미역탕면과 연어초밥 이 조합 꼭 드셔보세요!!🔥 MUKBANG,2026-01-10T13:02:01Z,849.0,False,143927,3825.0,94.0
8060,UC2wZJuuD_WA9ps2FORco1EQ,"까니짱 [ KANI, 蟹ちゃん]",PzBppROPqis,"가래떡 떡볶이 VS 로제떡볶이 오늘은 분식 먹방🍡순대, 참치 마요 비빔밥, 어묵, 김말이 야끼만두 튀김 우리 할매 떡볶이 MUKBANG",2026-01-13T12:48:15Z,832.0,False,167294,4851.0,119.0
8060,UC2wZJuuD_WA9ps2FORco1EQ,"까니짱 [ KANI, 蟹ちゃん]",sHrB9ypdm90,"혈관 눈감아🤣통대창, 통곱창 먹방!!  #mukbang #먹방",2026-01-21T13:25:08Z,60.0,True,799873,22632.0,82.0
8060,UC2wZJuuD_WA9ps2FORco1EQ,"까니짱 [ KANI, 蟹ちゃん]",2_ADpTwqYcA,"사먹는 맛이 느껴지는 부대찌개와 백김치 먹방😋스팸, 쟌슨빌 소시지, 순두부, 치즈 넣고 싶은 재료 푸짐하게 넣고 만들어 보아요👍",2026-01-22T13:02:55Z,865.0,False,163072,4123.0,119.0
8060,UC2wZJuuD_WA9ps2FORco1EQ,"까니짱 [ KANI, 蟹ちゃん]",5tIEdDUKwJk,"휴게소 베스트 음식들 다 먹어봤습니다🍜🍢소떡소떡, 우동, 돈까스, 닭꼬치, 치즈 핫도그, 밤빵 정안 알밤 휴게소 MUKBANG",2026-01-26T12:54:50Z,881.0,False,233926,5709.0,102.0
8060,UC2wZJuuD_WA9ps2FORco1EQ,"까니짱 [ KANI, 蟹ちゃん]",3SwYrguLlfQ,너구리 라면으로 라볶이를?! 넣고 싶은 토핑 넣고 만든 라뽁구리와 김밥 먹방 MUKBANG,2026-01-30T12:58:31Z,802.0,False,146405,3887.0,102.0
8060,UC2wZJuuD_WA9ps2FORco1EQ,"까니짱 [ KANI, 蟹ちゃん]",mWS_IMjBqhw,"엽전으로 계산하는 통인시장 먹방😋꼭 먹어줘야하는 기름떡볶이와 엽전도시락, 떡꼬치, 닭꼬치, 멘보샤, 만두, 떡갈비, 츄러스 아이스크림 배터지게 먹고 왔어요! MUKBANG",2026-02-02T12:58:21Z,863.0,False,203165,5539.0,101.0
8060,UC2wZJuuD_WA9ps2FORco1EQ,"까니짱 [ KANI, 蟹ちゃん]",7Y_K6-E4_W8,와플대학 신메뉴 두바이와플 먹고 순두부열라면으로 해장하기...❤️잘익은 석박지도 필수! MUKBANG,2026-02-05T12:59:44Z,821.0,False,174765,4597.0,336.0
8060,UC2wZJuuD_WA9ps2FORco1EQ,"까니짱 [ KANI, 蟹ちゃん]",tCPi5Ig9fvY,"🔥청주 미친만두 먹방🔥이렇게 매웠었나..?!🥵 모듬만두와 떡국!  지훈이와 두쫀쿠 디저트 타임까지~🍓청양고추만두, 갈비만두, 매운만두 MUKBANG",2026-02-09T13:16:28Z,883.0,False,150758,4485.0,192.0
8060,UC2wZJuuD_WA9ps2FORco1EQ,"까니짱 [ KANI, 蟹ちゃん]",FYcMNIEoEW8,"편의점 신메뉴 먹방🍜라뽁구리, 말차빵, 갓김치 만두, 순두부짬뽕, 딸기모찌, 피자어묵바, 정성 비프버거, 라구볶음밥 MUKBANG",2026-02-13T12:57:30Z,925.0,False,205810,5121.0,77.0
8060,UC2wZJuuD_WA9ps2FORco1EQ,"까니짱 [ KANI, 蟹ちゃん]",Cra6GGvg01c,요즘 난리난 봄동비빔밥 먹방❤️봄동 된장국도 함께 먹으면 더 맛있어요! 봄동 겉절이 레시피  MUKBANG,2026-02-17T12:57:57Z,791.0,False,148061,4136.0,164.0
8060,UC2wZJuuD_WA9ps2FORco1EQ,"까니짱 [ KANI, 蟹ちゃん]",XfgjjZTKYUo,"우설, 소, 돼지, 닭, 술, 야키니쿠에 사이드 메뉴까지 무한으로 먹는 가성비 맛집 🍖호르몬 치치🥩먹방 무한리필 고기 MUKBANG",2026-02-19T13:00:58Z,976.0,False,120373,3527.0,98.0
8060,UC2wZJuuD_WA9ps2FORco1EQ,"까니짱 [ KANI, 蟹ちゃん]",IytDPpiNBAY,고기보다 맛있는 봄동비빔밥 먹방,2026-02-22T11:34:23Z,84.0,False,129557,4169.0,33.0
8060,UC2wZJuuD_WA9ps2FORco1EQ,"까니짱 [ KANI, 蟹ちゃん]",efxdAQHQTQc,문어❌알 가득한 제철 알배기 쭈꾸미 샤브샤브와 막걸리 먹방🐙마무리는 먹물칼국수 MUKBANG,2026-02-23T13:06:55Z,725.0,False,129913,3535.0,126.0
8060,UC2wZJuuD_WA9ps2FORco1EQ,"까니짱 [ KANI, 蟹ちゃん]",CQciKYLmKZ8,🔥매운맛이 필요한 날🔥엽떡과 허니콤보 먹방 MUKBANG,2026-02-25T12:42:24Z,686.0,False,154493,4518.0,179.0
8060,UC2wZJuuD_WA9ps2FORco1EQ,"까니짱 [ KANI, 蟹ちゃん]",F5ulBkUvHE0,밀키트로 간단하게 만든 나가사키 짬뽕과 비빔만두 먹방😋MUKBANG,2026-03-02T12:53:22Z,743.0,False,143643,4388.0,266.0
8060,UC2wZJuuD_WA9ps2FORco1EQ,"까니짱 [ KANI, 蟹ちゃん]",r86SA6OdBlM,맵다 매워🥵엽기떡볶이 신메뉴 국물무뼈닭발과 엽기 닭볶음탕 먹방 참치마요 주먹밥과 계란찜은 필수! MUKBANG,2026-03-05T12:58:43Z,871.0,False,141537,3882.0,97.0
8060,UC2wZJuuD_WA9ps2FORco1EQ,"까니짱 [ KANI, 蟹ちゃん]",T0V5ncBGQ2o,김치볶음밥 10배 더 맛있게 만드는 방법! 대존맛 김치볶음밥과 용가리치킨 그리고 시금치 계란국 먹방 MUKBANG,2026-03-08T13:02:15Z,797.0,False,118486,3583.0,120.0
8060,UC2wZJuuD_WA9ps2FORco1EQ,"까니짱 [ KANI, 蟹ちゃん]",rEUHi6CIB0Y,육퇴 후 양갈비와 양꼬치 그리고 봄동비빔국수 먹방 53도 술도 함께 먹었어요😋 MUKBANG,2026-03-11T13:10:41Z,927.0,False,95468,3231.0,123.0
8060,UC2wZJuuD_WA9ps2FORco1EQ,"까니짱 [ KANI, 蟹ちゃん]",SzQitSPQQOI,"숙취 심하신 분, 탄산 드시고 싶은 임산부 분, 목마른 분들을 위한 음료 목넘김 ASMR먹방 모음집 2탄!! (확장판)",2026-03-14T12:39:50Z,901.0,False,30394,1006.0,77.0
8060,UC2wZJuuD_WA9ps2FORco1EQ,"까니짱 [ KANI, 蟹ちゃん]",G3DKUeRSf-E,시댁에서 먹는 시어머님표 겉절이와 잔치국수 먹방 경양식돈까스는 뽀너스!! MUKBANG,2026-03-16T12:56:44Z,800.0,False,180889,5442.0,241.0
8060,UC2wZJuuD_WA9ps2FORco1EQ,"까니짱 [ KANI, 蟹ちゃん]",lCDFPJCr-jc,신라면으로 돈코츠라멘 만들기🍜김장김치와 꿀조합 먹방 MUKBANG,2026-03-21T13:03:34Z,823.0,False,91742,2977.0,80.0
8060,UC2wZJuuD_WA9ps2FORco1EQ,"까니짱 [ KANI, 蟹ちゃん]",-dazFFjtDa0,신당동 떡볶이 스타일로 만든 즉석떡볶이와 야끼만두 먹방😋MUKBANG,2026-03-24T12:45:12Z,835.0,False,135979,4154.0,193.0
8060,UC2wZJuuD_WA9ps2FORco1EQ,"까니짱 [ KANI, 蟹ちゃん]",ThuEF6bSxKU,어머님이 캐주신 냉이로 만든 향긋한 김밥과 뼈가 쏙 빠지는 들기름 등갈비 김치찜🍖 봄내음 가득한 우리 가족 밥상 먹방😋냉이김밥 MUKBANG,2026-03-28T12:56:00Z,732.0,False,107333,3744.0,288.0
8060,UC2wZJuuD_WA9ps2FORco1EQ,"까니짱 [ KANI, 蟹ちゃん]",c18w_XzgZ48,"삼겹살, 목살, 가브리살 돼지 모듬구이 먹방 디저트는 볶음밥😋MUKBANG",2026-04-01T12:57:56Z,779.0,False,118532,3786.0,140.0
8060,UC2wZJuuD_WA9ps2FORco1EQ,"까니짱 [ KANI, 蟹ちゃん]",vX4Ks9RxqfY,겉바속촉 전기구이 통닭에 골뱅이 비빔면!🍗 낮잠 깬 지훈이와 우당탕탕 가족 먹방😋,2026-04-05T12:40:27Z,949.0,False,211250,5631.0,247.0
8060,UC2wZJuuD_WA9ps2FORco1EQ,"까니짱 [ KANI, 蟹ちゃん]",ZYBD0LE5A8g,간장게장과 양념게장 둘 다 먹자🦀밥도 비벼먹고 소면도 비벼먹는 야무진 게장 먹방❤️MUKBANG,2026-04-08T13:06:52Z,914.0,False,132949,4166.0,121.0
8060,UC2wZJuuD_WA9ps2FORco1EQ,"까니짱 [ KANI, 蟹ちゃん]",01a68s1N0PE,우삼겹 가리비 듬뿍 넣고 불맛 제대로 입힌 짬뽕과 멘보샤!🔥가족 먹방😋,2026-04-12T12:48:32Z,733.0,False,149523,4329.0,331.0
8060,UC2wZJuuD_WA9ps2FORco1EQ,"까니짱 [ KANI, 蟹ちゃん]",XkKV6CC9tZU,2시간 푹 졸여 입에서 사르르~ 파김치 싹 올려 먹는 부타노 가쿠니(일본식 동파육) 가족 먹방❤️MUKBANG,2026-04-16T12:48:08Z,880.0,False,98305,3588.0,162.0
8060,UC2wZJuuD_WA9ps2FORco1EQ,"까니짱 [ KANI, 蟹ちゃん]",MfGTcgEqHYY,주꾸미에 대패 삼겹은 못 참지! 매콤쫄깃 쭈삼과 전복 톳밥에 우동사리까지 쭈꾸미 풀코스 가족 먹방🐙,2026-04-19T12:40:48Z,605.0,False,96284,3343.0,197.0
8060,UC2wZJuuD_WA9ps2FORco1EQ,"까니짱 [ KANI, 蟹ちゃん]",4d9Svku13eg,바지락 듬뿍! 얼큰한 초당 순두부 전골과 간장계란밥🍲즐거운 가족먹방😋MUKBANG,2026-04-22T12:43:21Z,859.0,False,117506,3609.0,170.0
8060,UC2wZJuuD_WA9ps2FORco1EQ,"까니짱 [ KANI, 蟹ちゃん]",JWglhO1hzmA,육아 중 배고파서 먹는 만두라면과 들기름 볶음김치 먹방🍜 MUKBANG,2026-04-26T12:36:49Z,707.0,False,109426,3581.0,190.0
8060,UC2wZJuuD_WA9ps2FORco1EQ,"까니짱 [ KANI, 蟹ちゃん]",XPYxe7pbS4U,철 맞은 열무김치로 비빈 열무 참치 비빔밥과 어머님표 집된장으로 만든 청국장! 제철 집밥 먹방😋MUKBANG,2026-04-29T12:32:38Z,883.0,False,105206,3332.0,113.0
8060,UC2wZJuuD_WA9ps2FORco1EQ,"까니짱 [ KANI, 蟹ちゃん]",cN0G3qtxrlQ,"9개월 아기 매운맛 육아엔 엽떡이 최고!🔥분모자 팍팍 넣은 엽떡에 엽봉, 주먹밥까지! 먹방😋",2026-05-03T12:59:09Z,836.0,False,138060,4263.0,246.0
8060,UC2wZJuuD_WA9ps2FORco1EQ,"까니짱 [ KANI, 蟹ちゃん]",8lnGtM5bQ5Y,육퇴 후 남편과 장어구이에 복분자 한잔!🥂오늘은 몸보신 제대로 했습니다😚부부 먹방 MUKBANG,2026-05-06T12:45:01Z,769.0,False,67349,2850.0,123.0
8060,UC2wZJuuD_WA9ps2FORco1EQ,"까니짱 [ KANI, 蟹ちゃん]",nPakA-6I9Ac,"🔥요즘 핫한 육회 불닭냉면, 만두 양파쌈 만들어 먹기🔥지훈이 닮은 호빵맨 케이크 디저트 먹방🍰MUKBANG",2026-05-09T12:51:37Z,962.0,False,95678,3179.0,214.0
8060,UC2wZJuuD_WA9ps2FORco1EQ,"까니짱 [ KANI, 蟹ちゃん]",0bj8OijVEVw,짜장면+탕수육 세트에 시어머님표 파김치는 치트키🍜바쁠 땐 배달음식 먹방이 최고..😋,2026-05-13T13:02:33Z,847.0,False,103837,3684.0,193.0
8061,UC22go5LdQEw-iDuxFb4C0hw,SBS TV동물농장x애니멀봐,vHMradOlj14,[#사파RE] 이런 트리캉스 참을 수 있어? 고양이도?🌳🐈‍⬛ #TV동물농장 #AnimalFarm #애니멀봐,2026-04-27T08:00:54Z,559.0,False,4919,179.0,16.0
8061,UC22go5LdQEw-iDuxFb4C0hw,SBS TV동물농장x애니멀봐,GOStHF3QJrU,[#사파RE] 미모 관리하느라 바쁘다 바빠💦❤️ #TV동물농장 #AnimalFarm #애니멀봐,2026-04-28T08:00:13Z,486.0,False,4386,112.0,4.0
8061,UC22go5LdQEw-iDuxFb4C0hw,SBS TV동물농장x애니멀봐,CG-yjKc1Qz4,그래도 무섭다 #애니멀봐 #shorts,2026-04-28T08:00:21Z,85.0,False,20038,201.0,1.0
8061,UC22go5LdQEw-iDuxFb4C0hw,SBS TV동물농장x애니멀봐,mFcZ6E88FPs,[#정ZOO행] 상어는 완전히 멘탈이 나가버렸습니다. | EP.19 #TV동물농장 #AnimalFarm #애니멀봐,2026-04-28T08:00:48Z,893.0,False,2291,67.0,1.0
8061,UC22go5LdQEw-iDuxFb4C0hw,SBS TV동물농장x애니멀봐,hrGo-rqRQaI,[#사파RE] 형 때문에 미치겠냥.. 참치마요의 찐한 우정(?) 싸움 0% 평화주의 삼형제💞 #TV동물농장 #AnimalFarm #애니멀봐,2026-04-29T08:00:43Z,482.0,False,11361,273.0,8.0
8061,UC22go5LdQEw-iDuxFb4C0hw,SBS TV동물농장x애니멀봐,Pu6ZHX-w-Eo,[#정ZOO행] 꿀 한 방울 나올 때마다 한 대다?  | EP.20 #TV동물농장 #AnimalFarm #애니멀봐,2026-04-30T08:00:33Z,873.0,False,2423,64.0,2.0
8061,UC22go5LdQEw-iDuxFb4C0hw,SBS TV동물농장x애니멀봐,lILunYss8x8,미련곰탱이들 #애니멀봐 #shorts,2026-04-30T08:00:46Z,75.0,False,7816,138.0,3.0
8061,UC22go5LdQEw-iDuxFb4C0hw,SBS TV동물농장x애니멀봐,WUCABZnvkcw,너흰 키워 우린 먹을게~ #애니멀봐 #shorts,2026-05-01T08:00:29Z,108.0,False,36463,400.0,8.0
8061,UC22go5LdQEw-iDuxFb4C0hw,SBS TV동물농장x애니멀봐,XeMDs2kbDDE,어 고양이! #애니멀봐 #shorts,2026-05-01T08:00:40Z,76.0,False,22179,339.0,7.0
8061,UC22go5LdQEw-iDuxFb4C0hw,SBS TV동물농장x애니멀봐,c8JC139iu0g,이게 정이여유~ #애니멀봐 #shorts,2026-05-01T08:00:43Z,71.0,False,20184,276.0,3.0
8061,UC22go5LdQEw-iDuxFb4C0hw,SBS TV동물농장x애니멀봐,dMA5zNVG1J0,[#쥬쥬총회] 생선이 있었는데? 아니 없어요 그냥! #TV동물농장 #AnimalFarm #애니멀봐,2026-05-01T08:00:49Z,1482.0,False,2537,61.0,3.0
8061,UC22go5LdQEw-iDuxFb4C0hw,SBS TV동물농장x애니멀봐,tLYg29D2Bh4,[#정ZOO행] 감독님 난 오른쪽 얼굴이 잘 나오는데 | EP.20 #TV동물농장 #AnimalFarm #애니멀봐,2026-05-02T08:00:52Z,787.0,False,1790,58.0,1.0
8061,UC22go5LdQEw-iDuxFb4C0hw,SBS TV동물농장x애니멀봐,qePbKF2N5Ws,[#사파RE] 먹으라는 밥은 안 먹고 사육사 머리카락 먹방하는 물(범)쪽이 등장💦 #TV동물농장 #AnimalFarm #애니멀봐,2026-05-02T08:01:00Z,481.0,False,7598,187.0,8.0
8061,UC22go5LdQEw-iDuxFb4C0hw,SBS TV동물농장x애니멀봐,82dN0nKQ96M,[#댓글모음집] 나한텐 너희들이 말랑이야😘 #TV동물농장 #AnimalFarm #애니멀봐,2026-05-03T08:00:08Z,482.0,False,9397,167.0,5.0
8061,UC22go5LdQEw-iDuxFb4C0hw,SBS TV동물농장x애니멀봐,r-vIXJ-oJ40,[#사파RE] 간식을 사왔는데 왜 먹지를 못해 #TV동물농장 #AnimalFarm #애니멀봐,2026-05-03T08:01:01Z,542.0,False,4525,143.0,4.0
8061,UC22go5LdQEw-iDuxFb4C0hw,SBS TV동물농장x애니멀봐,D5WcYWOcoo0,[#Zoo간애니멀] '죽을 만큼 힘들다고 해서…. 제가 왔습니다'🐶 천 원짜리 수의사 두 번째 이야기 I EP.1270 #TV동물농장 #AnimalFarm #애니멀봐,2026-05-04T03:00:11Z,896.0,False,82724,683.0,62.0
8061,UC22go5LdQEw-iDuxFb4C0hw,SBS TV동물농장x애니멀봐,HTga1q-T9NE,올무에 잘린 듯한 어미의 다리 그리고 다섯 꼬물이 #애니멀봐 #shorts,2026-05-04T03:00:19Z,67.0,False,46844,426.0,11.0
8061,UC22go5LdQEw-iDuxFb4C0hw,SBS TV동물농장x애니멀봐,6uVL6Ye-rxk,새 삶을 얻게 해준 은인 #애니멀봐 #shorts,2026-05-04T04:00:11Z,71.0,False,63983,1445.0,22.0
8061,UC22go5LdQEw-iDuxFb4C0hw,SBS TV동물농장x애니멀봐,9h8wfwlEbd8,[#사파RE] 착한 아빠 '뚱이'가 사탄 들리는 유일한 순간? 완벽한 그에게 숨겨진 슬픈 사연 #TV동물농장 #AnimalFarm #애니멀봐,2026-05-04T08:00:16Z,484.0,False,15396,389.0,18.0
8061,UC22go5LdQEw-iDuxFb4C0hw,SBS TV동물농장x애니멀봐,-gRZ3GhBb_U,[#정ZOO행] ※직사광선을 피해 서늘한 악어 입에 보관해주십시오※ | EP.21 #TV동물농장 #AnimalFarm #애니멀봐,2026-05-05T08:00:00Z,875.0,False,1922,52.0,4.0
8061,UC22go5LdQEw-iDuxFb4C0hw,SBS TV동물농장x애니멀봐,yltzp6qT-dU,[#사파RE] '세상에서 연기가 제일 쉬웠어요.' 개소드 연기 장인들 나가신다~!🎇 #TV동물농장 #AnimalFarm #애니멀봐,2026-05-05T08:00:58Z,539.0,False,6403,155.0,3.0
8061,UC22go5LdQEw-iDuxFb4C0hw,SBS TV동물농장x애니멀봐,zzgAgmq8zE4,아낌없이 주는 악어 #애니멀봐 #shorts,2026-05-05T08:01:04Z,60.0,True,9262,79.0,2.0
8061,UC22go5LdQEw-iDuxFb4C0hw,SBS TV동물농장x애니멀봐,dMEloM93u0A,[#사파RE] 역대급 댕호강! 사람보다 더 잘 먹는 강아지 등장!🍖 솜뭉치 '설이'의 '특급' 수제 식사 💖✨ #TV동물농장 #AnimalFarm #애니멀봐,2026-05-06T08:00:42Z,522.0,False,8016,257.0,15.0
8061,UC22go5LdQEw-iDuxFb4C0hw,SBS TV동물농장x애니멀봐,-XnBI011JEg,[#정ZOO행] 우리가 왜 헤어져야 하는데! | EP.21 #TV동물농장 #AnimalFarm #애니멀봐,2026-05-07T08:00:00Z,787.0,False,2196,89.0,3.0
8061,UC22go5LdQEw-iDuxFb4C0hw,SBS TV동물농장x애니멀봐,FUID15emya8,[#사파RE] 귀여우면 장땡! 귀여운 사고뭉치 조카들 상대하는 삼촌 '달이'의 댕 빡센 수난시대🐕💦 #TV동물농장 #AnimalFarm #애니멀봐,2026-05-07T08:00:13Z,532.0,False,10933,273.0,9.0
8061,UC22go5LdQEw-iDuxFb4C0hw,SBS TV동물농장x애니멀봐,LSiG28cf70U,세상 다 잃은 듯한 원숭이 #애니멀봐 #shorts,2026-05-07T08:00:32Z,50.0,True,21405,223.0,1.0
8061,UC22go5LdQEw-iDuxFb4C0hw,SBS TV동물농장x애니멀봐,afFMhG5bgiY,[#쥬쥬총회] 이 재밌는 걸 주인 혼자서 즐겼던 거야?! #TV동물농장 #AnimalFarm #애니멀봐,2026-05-08T08:00:01Z,1226.0,False,11716,296.0,15.0
8061,UC22go5LdQEw-iDuxFb4C0hw,SBS TV동물농장x애니멀봐,L_HbFITYxBQ,내가 즐길게 누가 살래! #애니멀봐 #shorts,2026-05-08T08:00:20Z,94.0,False,49689,767.0,16.0
8061,UC22go5LdQEw-iDuxFb4C0hw,SBS TV동물농장x애니멀봐,cUc2ZWGpTJs,사룟값은 내가 벌게 #애니멀봐 #shorts,2026-05-08T08:00:45Z,56.0,True,1714024,23126.0,614.0
8061,UC22go5LdQEw-iDuxFb4C0hw,SBS TV동물농장x애니멀봐,xYWKfroE12g,[#사파RE] 이 말티즈는 확대 안 해도 이미 확대견 입니다~🐶 #TV동물농장 #AnimalFarm #애니멀봐,2026-05-08T08:00:59Z,515.0,False,74212,1291.0,169.0
8061,UC22go5LdQEw-iDuxFb4C0hw,SBS TV동물농장x애니멀봐,UwX5iX-uHG8,[#정ZOO행] 오랑우탄은 기상청이 너무나도 밉다 | EP.23 #TV동물농장 #AnimalFarm #애니멀봐,2026-05-09T08:00:23Z,898.0,False,1997,62.0,2.0
8061,UC22go5LdQEw-iDuxFb4C0hw,SBS TV동물농장x애니멀봐,j23EBwuU53Y,[#사파RE] 일단 맹금류가 맞긴 한데요... '맹~'한 부엉이 수리😂 #TV동물농장 #AnimalFarm #애니멀봐,2026-05-09T08:00:44Z,522.0,False,44953,632.0,70.0
8061,UC22go5LdQEw-iDuxFb4C0hw,SBS TV동물농장x애니멀봐,yhkzKK3lFtc,너 사람이지 #애니멀봐 #shorts,2026-05-09T08:01:05Z,34.0,True,8785,95.0,2.0
8061,UC22go5LdQEw-iDuxFb4C0hw,SBS TV동물농장x애니멀봐,PLNh7F2q1Vw,[#댓글모음집] 어떻게 퍼컬이 삼각김밥이냐고🐼😍 #TV동물농장 #AnimalFarm #애니멀봐,2026-05-10T08:00:22Z,556.0,False,26428,715.0,23.0
8061,UC22go5LdQEw-iDuxFb4C0hw,SBS TV동물농장x애니멀봐,NLq_IBNvvgk,[#사파RE] 첫째부터 막내까지 빈틈없는 귀여움! 호랑이 오둥이네 난장판 일상🐯 #TV동물농장 #AnimalFarm #애니멀봐,2026-05-10T08:00:32Z,647.0,False,148123,1399.0,74.0
8061,UC22go5LdQEw-iDuxFb4C0hw,SBS TV동물농장x애니멀봐,DAYS9NY08Nw,[#Zoo간애니멀] 하반신 마비에도 개냥이력 폭발! 포기를 모르는 고양이 팝이😻I EP.1271 #TV동물농장 #AnimalFarm #애니멀봐,2026-05-11T03:00:11Z,899.0,False,83178,1179.0,61.0
8061,UC22go5LdQEw-iDuxFb4C0hw,SBS TV동물농장x애니멀봐,QUf9e9ZauA4,날 막을 수 없으셈 ㅋ #애니멀봐 #shorts,2026-05-11T03:30:30Z,54.0,True,24728,355.0,15.0
8061,UC22go5LdQEw-iDuxFb4C0hw,SBS TV동물농장x애니멀봐,rJzI9oSGafY,[#사파RE] 귀여운 댕 옆에 귀여운 묘😻 #TV동물농장 #AnimalFarm #애니멀봐,2026-05-11T08:00:49Z,500.0,False,82201,1714.0,45.0
8061,UC22go5LdQEw-iDuxFb4C0hw,SBS TV동물농장x애니멀봐,PWndyjEVnwk,활발한 팝이에게 어울리는 선물?! #애니멀봐 #shorts,2026-05-12T03:00:32Z,77.0,False,23461,363.0,16.0
8061,UC22go5LdQEw-iDuxFb4C0hw,SBS TV동물농장x애니멀봐,2JzJ8R-0cs0,[#정ZOO행] 사자는 이 일을 잊지 않을 겁니다 | EP.23 #TV동물농장 #AnimalFarm #애니멀봐,2026-05-12T08:00:05Z,612.0,False,4283,95.0,3.0
8061,UC22go5LdQEw-iDuxFb4C0hw,SBS TV동물농장x애니멀봐,6v7Sp_j8CTc,내가 사자를 이겼다니깐?  #애니멀봐 #shorts,2026-05-12T08:00:11Z,41.0,True,10491,135.0,5.0
8061,UC22go5LdQEw-iDuxFb4C0hw,SBS TV동물농장x애니멀봐,ry_VK7KoJoM,[#사파RE] 붕어빵 먹으면 나처럼 귀여워질 수 있을걸?🤎 #TV동물농장 #AnimalFarm #애니멀봐,2026-05-12T08:00:51Z,588.0,False,9729,236.0,12.0
8061,UC22go5LdQEw-iDuxFb4C0hw,SBS TV동물농장x애니멀봐,GqVVKz_hAh8,[#사파RE] 프레리독 '뿌리'를 위한 환영식🥳 반가워서 뽀뽀~ 움뫄💋 #TV동물농장 #AnimalFarm #애니멀봐,2026-05-13T08:00:10Z,495.0,False,3714,122.0,2.0
8061,UC22go5LdQEw-iDuxFb4C0hw,SBS TV동물농장x애니멀봐,BxIxE4X0HEU,살아 숨 쉬는 드릴  #애니멀봐 #shorts,2026-05-14T08:00:17Z,50.0,True,25147,245.0,6.0
8061,UC22go5LdQEw-iDuxFb4C0hw,SBS TV동물농장x애니멀봐,We5khQbKZ8A,[#사파RE] 시방 나는 한 마리의 날뛰는 짐승이여~🐕🤣 #TV동물농장 #AnimalFarm #애니멀봐,2026-05-14T08:00:27Z,516.0,False,7906,286.0,27.0
8061,UC22go5LdQEw-iDuxFb4C0hw,SBS TV동물농장x애니멀봐,bye9uiNdS-Y,[#정ZOO행] 한집배달로 시킨 거 맞지? | EP.24 #TV동물농장 #AnimalFarm #애니멀봐,2026-05-14T08:00:36Z,888.0,False,1539,70.0,1.0
8061,UC22go5LdQEw-iDuxFb4C0hw,SBS TV동물농장x애니멀봐,JMTY6zDTJTE,오늘도 로건이는 혼납니다 #애니멀봐 #shorts,2026-05-15T08:00:15Z,65.0,False,6776,134.0,2.0
8061,UC22go5LdQEw-iDuxFb4C0hw,SBS TV동물농장x애니멀봐,I_r-BciRg6M,왜 난 햄보칼수없눈곤데 #애니멀봐 #shorts,2026-05-15T08:00:17Z,65.0,False,20675,284.0,4.0
8061,UC22go5LdQEw-iDuxFb4C0hw,SBS TV동물농장x애니멀봐,RM8l4jAsB9k,[#쥬쥬총회] 가정의 달을 맞아 찾아온 대가족 모음집🐶 #TV동물농장 #AnimalFarm #애니멀봐,2026-05-15T08:00:23Z,1352.0,False,8652,162.0,4.0
8061,UC22go5LdQEw-iDuxFb4C0hw,SBS TV동물농장x애니멀봐,XALZnozzhl0,[#사파RE] 듀..입 내밀고 무슨 생각하고 있는지 읽을 수 없는 표정이 매력적이야..🦙 #TV동물농장 #AnimalFarm #애니멀봐,2026-05-15T08:00:36Z,510.0,False,1598,52.0,2.0
8062,UCkinYTS9IHqOEwR1Sze2JTw,SBS 뉴스,aiTNgA4MW4E,이미 중국 1위는 생산량 늘렸다 #shorts,2026-05-15T15:00:05Z,35.0,True,38724,305.0,47.0
8062,UCkinYTS9IHqOEwR1Sze2JTw,SBS 뉴스,G8dNzmHFebo,"""미국은 쇠퇴"" 면전에 돌직구? #shorts",2026-05-15T15:00:23Z,44.0,True,47868,362.0,47.0
8062,UCkinYTS9IHqOEwR1Sze2JTw,SBS 뉴스,_mf9llRNhMI,"""이게 정상적이냐고요"" #shorts",2026-05-15T15:01:02Z,36.0,True,44009,255.0,148.0
8062,UCkinYTS9IHqOEwR1Sze2JTw,SBS 뉴스,PEKhnwkTYwA,"🔴LIVE ""청와대 수석-장관-당 대표 출신"" 부산 북갑 치열한 3파전…민심 들어보니 '활활' | SBS 뉴스속보",2026-05-15T15:09:32Z,9846.0,False,3994,35.0,21.0
8062,UCkinYTS9IHqOEwR1Sze2JTw,SBS 뉴스,zxGDYIpv15g,"🔴LIVE ""삼성 사장단에 고용노동부 장관까지"" 삼전 노조 찾아갔지만 ""파업!""..""긴급조정권 불가피"" 총파업 임박? | SBS 뉴스속보",2026-05-15T15:11:58Z,11037.0,False,9217,60.0,156.0
8062,UCkinYTS9IHqOEwR1Sze2JTw,SBS 뉴스,vguMVMcSuDI,“백만년 동안 한번도 살아보지 않은 기후 환경 되면.. 지속가능성도 농업도 가능할지 의문” / 지식의발견 #shorts,2026-05-15T22:01:02Z,98.0,False,3048,49.0,3.0
8062,UCkinYTS9IHqOEwR1Sze2JTw,SBS 뉴스,VwQc7QlMt4c,"""성공적  회담"" 자평..이란·타이완 문제엔 다른 목소리 外 - SBS 모닝와이드｜5/16 (토)",2026-05-15T22:21:39Z,3791.0,False,22353,180.0,2.0
8062,UCkinYTS9IHqOEwR1Sze2JTw,SBS 뉴스,iNlK7hqxBmA,"""삼전닉스 쓸어 담자"" 줄 선 미국 개미들..3조 원 몰린 K-반도체 '직구' 열풍 / SBS / 모아보는 뉴스",2026-05-15T22:30:15Z,172.0,False,22699,296.0,94.0
8062,UCkinYTS9IHqOEwR1Sze2JTw,SBS 뉴스,EHglLftlU_Y,"온라인 댓글창 된 우리 동네.. ""정치 현수막은 떼지도 못해"" / SBS / #shorts",2026-05-15T22:42:04Z,58.0,True,3695,15.0,3.0
8062,UCkinYTS9IHqOEwR1Sze2JTw,SBS 뉴스,UYYkHveR2mg,시진핑 앞 위축된 트럼프? 입에도 안 대던 술까지 마셨다 / SBS / #shorts,2026-05-15T22:42:20Z,105.0,False,11860,96.0,25.0
8062,UCkinYTS9IHqOEwR1Sze2JTw,SBS 뉴스,cgWAIEVpcF0,노조는 파업 강행한다는데 사과문까지 낸 사장단.. 왜? / SBS / #shorts,2026-05-15T22:42:30Z,54.0,True,8176,47.0,12.0
8062,UCkinYTS9IHqOEwR1Sze2JTw,SBS 뉴스,fq-86Uefytw,[모닝와이드] 오늘의 주요뉴스 / SBS,2026-05-15T22:59:51Z,74.0,False,367,3.0,0.0
8062,UCkinYTS9IHqOEwR1Sze2JTw,SBS 뉴스,reHMlRPoESI,"""기술이 부족해서, 돈이 없어서 기후파국을 맞는 게 아닙니다"" / 지식의발견 #shorts",2026-05-15T23:00:53Z,106.0,False,3905,11.0,0.0
8062,UCkinYTS9IHqOEwR1Sze2JTw,SBS 뉴스,u9Z2xniprE0,완전히 넋이 나간 호날두 #shorts,2026-05-15T23:01:00Z,24.0,True,91164,166.0,33.0
8062,UCkinYTS9IHqOEwR1Sze2JTw,SBS 뉴스,-vuM23SWVxs,"""성공적  회담"" 자평..이란·타이완 문제엔 다른 목소리 / SBS",2026-05-15T23:02:39Z,155.0,False,1633,12.0,1.0
8062,UCkinYTS9IHqOEwR1Sze2JTw,SBS 뉴스,F8OtR8mP0Gs,"삼성 사장단 ""조건 없이 대화""..노조 ""신뢰 없다"" / SBS",2026-05-15T23:02:55Z,125.0,False,8271,69.0,332.0
8062,UCkinYTS9IHqOEwR1Sze2JTw,SBS 뉴스,gOonf4_-7lo,"'8,046' 신기록 찍고 외국인 '폭탄 매도'에 급락 / SBS",2026-05-15T23:04:09Z,126.0,False,1824,19.0,21.0
8062,UCkinYTS9IHqOEwR1Sze2JTw,SBS 뉴스,f8OmTfONyV0,'스페이스X' 이르면 다음달 12일 나스닥 상장 / SBS,2026-05-15T23:07:22Z,109.0,False,2879,46.0,27.0
8062,UCkinYTS9IHqOEwR1Sze2JTw,SBS 뉴스,AqL2BDRnW6E,"후보등록 마감..""장동혁이 전략자산"" ""함량미달 후보들"" / SBS / 2026 국민의 선택",2026-05-15T23:07:39Z,144.0,False,1309,24.0,11.0
8062,UCkinYTS9IHqOEwR1Sze2JTw,SBS 뉴스,OGerR8_FzA8,"'매관매직' 7년 6개월 구형..진술 거부하다 ""반성"" / SBS",2026-05-15T23:07:44Z,123.0,False,2307,45.0,41.0
8062,UCkinYTS9IHqOEwR1Sze2JTw,SBS 뉴스,WhB0siFSI4k,인천공항 '주차난' 왜?..주차장 85%가 '직원 몫' / SBS,2026-05-15T23:07:48Z,128.0,False,1090,19.0,10.0
8062,UCkinYTS9IHqOEwR1Sze2JTw,SBS 뉴스,sL4X0mdcIYE,아이돌 보려고 학생증 '암거래'..대학 축제 몸살 / SBS,2026-05-15T23:07:50Z,140.0,False,1526,9.0,11.0
8062,UCkinYTS9IHqOEwR1Sze2JTw,SBS 뉴스,Xu_xpy6FTyg,"'중노위 녹취' 공개하며 압박..청와대 ""파업 상황 없길"" / SBS",2026-05-15T23:17:04Z,134.0,False,1481,16.0,22.0
8062,UCkinYTS9IHqOEwR1Sze2JTw,SBS 뉴스,7DCw9I8rBMw,빨리 오른 만큼 많이 팔았다..삼전·이란도 '악재' / SBS,2026-05-15T23:17:28Z,127.0,False,3726,26.0,18.0
8062,UCkinYTS9IHqOEwR1Sze2JTw,SBS 뉴스,M7N-H0gUk3w,탈출 시도 제지하자..교사 20분 폭행한 초등생 / SBS,2026-05-15T23:18:19Z,109.0,False,2630,43.0,32.0
8062,UCkinYTS9IHqOEwR1Sze2JTw,SBS 뉴스,5jSMHdx_wHM,"정원오 ""206억 혈세 투입""..오세훈 ""토론 회피"" / SBS / 2026 국민의 선택",2026-05-15T23:19:11Z,127.0,False,1003,10.0,35.0
8062,UCkinYTS9IHqOEwR1Sze2JTw,SBS 뉴스,jEuECaFOJV0,"김상욱-김종훈, 울산 경선 합의..김두겸-박맹우는? / SBS / 2026 국민의 선택",2026-05-15T23:19:41Z,139.0,False,1195,10.0,7.0
8062,UCkinYTS9IHqOEwR1Sze2JTw,SBS 뉴스,DD7aAzPOs9w,"TK 신공항-모내기 현장 방문..야 ""노골적 선거 개입"" / SBS / 2026 국민의 선택",2026-05-15T23:20:36Z,134.0,False,3727,66.0,253.0
8062,UCkinYTS9IHqOEwR1Sze2JTw,SBS 뉴스,nnRZ-ychGDQ,[날씨] 5월에 찾아온 33도 더위..주말 내내 이어져 / SBS,2026-05-15T23:22:46Z,72.0,False,2997,112.0,12.0
8062,UCkinYTS9IHqOEwR1Sze2JTw,SBS 뉴스,mHU89uoXtRA,"""감히 다리만 찍어?"" 북한 금기 깨버린 사진 한 장 / SBS / 모아보는 뉴스",2026-05-15T23:30:15Z,350.0,False,14068,121.0,70.0
8062,UCkinYTS9IHqOEwR1Sze2JTw,SBS 뉴스,VhNXV8ikAT8,고작 15% 두고 싸웠던 거야? #shorts,2026-05-16T00:00:29Z,58.0,True,26277,230.0,39.0
8062,UCkinYTS9IHqOEwR1Sze2JTw,SBS 뉴스,5Kg-64SL3-w,"[🔴속보] ""용납할 수 없어!"" 호르무즈 해협 부근에서 인도 화물선 공격..""불길에 휩싸여 침몰"" 인도 폭발 | SBS 뉴스속보",2026-05-16T00:07:47Z,,False,6214,43.0,0.0
8062,UCkinYTS9IHqOEwR1Sze2JTw,SBS 뉴스,-JIPtA-NI5E,"🔴LIVE ""함께 응원합니다! 청년의 꿈""..오세훈-이준석 노원 현장 유세 | SBS 풀가동 라이브",2026-05-16T00:26:16Z,,False,5373,324.0,0.0
8062,UCkinYTS9IHqOEwR1Sze2JTw,SBS 뉴스,laVAGpCyf-k,'푸를 청' 파랗게 질린다는 뜻이었나..벼랑 끝 청년의 진정한 '청'은 어디에 / SBS / 모아보는 뉴스,2026-05-16T00:30:37Z,338.0,False,1596,19.0,26.0
8062,UCkinYTS9IHqOEwR1Sze2JTw,SBS 뉴스,dsZ70V5ifiE,"[🔴속보] ""용납할 수 없어!"" 호르무즈 해협 부근에서 인도 화물선 공격..""불길에 휩싸여 침몰"" 인도 폭발 | SBS 뉴스속보",2026-05-16T00:34:28Z,42900.0,False,163356,750.0,36.0
8062,UCkinYTS9IHqOEwR1Sze2JTw,SBS 뉴스,ARp0rPxnDUs,"15만 원 달라며 ""닮은 걸로"" #shorts",2026-05-16T01:00:15Z,31.0,True,73003,376.0,63.0
8062,UCkinYTS9IHqOEwR1Sze2JTw,SBS 뉴스,QRCkeEGfAaY,"🔴LIVE ""미국은 쇠퇴 국가"" 트럼프 면전서 '돌직구?'..어깨 나란히 한 시진핑 ""중국 위상만 높여"" 미 언론 '혹평' | SBS 뉴스속보",2026-05-16T01:07:09Z,42899.0,False,6527,20.0,9.0
8062,UCkinYTS9IHqOEwR1Sze2JTw,SBS 뉴스,bN25y4ulc4A,교사 대표 VS 학부모 대표 '격돌' #shorts,2026-05-16T01:30:35Z,90.0,False,13289,128.0,69.0
8062,UCkinYTS9IHqOEwR1Sze2JTw,SBS 뉴스,vxou0C9KCGw,자금성 통째로 썼던 9년 전.. 위상 달라진 중국의 '덤덤 의전' / SBS / 모아보는 뉴스,2026-05-16T01:30:49Z,387.0,False,8428,42.0,38.0
8062,UCkinYTS9IHqOEwR1Sze2JTw,SBS 뉴스,UpD2Zpz8Bzc,어지럽혀진 상담실..공포의 20분 #shorts,2026-05-16T02:00:18Z,48.0,True,2672,25.0,6.0
8062,UCkinYTS9IHqOEwR1Sze2JTw,SBS 뉴스,KTxSnpI0jwQ,"🔴LIVE 정원오-오세훈 서울시장 후보, 2026서울시민체육대축전 개막식 참석 | SBS 풀가동 라이브",2026-05-16T02:15:32Z,,False,763,11.0,0.0
8062,UCkinYTS9IHqOEwR1Sze2JTw,SBS 뉴스,7-0mX59SEo0,"""엇, 김 상병 코가 달라졌네"" 휴가 중 성형하는 군인들.. 훈련은 누가? / SBS / 모아보는 뉴스",2026-05-16T02:30:03Z,363.0,False,2142,36.0,130.0
8062,UCkinYTS9IHqOEwR1Sze2JTw,SBS 뉴스,Km-a4XsXpn8,"""물갈이한다"" 큰소리치더니..""자수하라"" 이번엔 강남경찰서 '룸살롱 스캔들' (자막뉴스) / SBS",2026-05-16T02:43:14Z,122.0,False,3620,96.0,60.0
8062,UCkinYTS9IHqOEwR1Sze2JTw,SBS 뉴스,qrjriG1707A,한강 좀 쓸게요~ ???: 안 되는데 #shorts,2026-05-16T03:00:50Z,54.0,True,7272,38.0,11.0
8062,UCkinYTS9IHqOEwR1Sze2JTw,SBS 뉴스,mugJDCblA5A,"""북한 관련 논의""..타이완 공격시 방어? ""답 안해"" 外 - SBS 12시 뉴스｜5/16(토)",2026-05-16T03:24:46Z,412.0,False,430,22.0,0.0
8062,UCkinYTS9IHqOEwR1Sze2JTw,SBS 뉴스,Pa4tmmHrHf0,"노동부장관, 오늘 삼성전자 경영진과 '파업 중재' 면담 / SBS",2026-05-16T03:27:17Z,123.0,False,1419,24.0,47.0
8062,UCkinYTS9IHqOEwR1Sze2JTw,SBS 뉴스,qvd1cOg3fvw,1.8:1 역대 최저 경쟁률..21일부터 공식 선거운동 / SBS / 2026 국민의 선택,2026-05-16T03:27:55Z,133.0,False,262,4.0,2.0
8062,UCkinYTS9IHqOEwR1Sze2JTw,SBS 뉴스,uPA628F3jdg,[날씨] 주말 내내 불볕더위 절정..자외선 '매우 높음' / SBS,2026-05-16T03:30:01Z,73.0,False,700,41.0,3.0
8062,UCkinYTS9IHqOEwR1Sze2JTw,SBS 뉴스,jpR32ceK8Ts,단 1명의 '민원 폭탄'..교사에게는 '1년 지옥'  / SBS / #shorts,2026-05-16T03:30:24Z,98.0,False,1831,15.0,0.0
8062,UCkinYTS9IHqOEwR1Sze2JTw,SBS 뉴스,xJi56Qpb5LY,"""한국 영상 중 가장 충격적"" 세계적 석학의 뼈 때리는 한마디 / SBS / 모아보는 뉴스",2026-05-16T03:30:29Z,310.0,False,1481,34.0,12.0
8063,UCtby6rJtBGgUm-2oD_E7bzw,Cooking tree 쿠킹트리,lPxL8KIxF5E,초코 폭발! 오렌지 커드 가나슈 케이크 Chocolate Blast! Orange Curd Ganache Cake #Shorts,2026-03-19T03:00:51Z,19.0,True,30143,608.0,7.0
8063,UCtby6rJtBGgUm-2oD_E7bzw,Cooking tree 쿠킹트리,gTTeEw37Fu4,딸기 크런치 미니 치즈케이크 만들기 | 한번 만들면 계속 생각나는 맛! | Strawberry Crunch Mini Cheesecake Recipe,2026-03-20T01:00:49Z,508.0,False,35742,1826.0,51.0
8063,UCtby6rJtBGgUm-2oD_E7bzw,Cooking tree 쿠킹트리,NnLv2YMZ2Lo,겉바속쫀 완벽한 구움색의 비밀✨ 상하이 버터떡 Perfect Butter Mochi #Shorts,2026-03-21T03:00:25Z,40.0,True,19391,449.0,5.0
8063,UCtby6rJtBGgUm-2oD_E7bzw,Cooking tree 쿠킹트리,WEORBuzbYl8,"(146) 3x Speed 케이크 디저트 베이킹 영상 | Cake Dessert Baking Video | 버터떡, 딸기 타르트, 크레이프 케이크, 치즈케이크, 초콜릿 머핀",2026-03-22T01:00:36Z,2148.0,False,45111,888.0,23.0
8063,UCtby6rJtBGgUm-2oD_E7bzw,Cooking tree 쿠킹트리,zk4cGzrmtco,딸기잼 숨겨둔 미니 치즈케이크🍓 위에는 크런치 듬뿍 Crunchy Topping Strawberry Mini Cheesecake #Shorts,2026-03-23T03:01:02Z,21.0,True,18953,495.0,5.0
8063,UCtby6rJtBGgUm-2oD_E7bzw,Cooking tree 쿠킹트리,EzRX0R-9XMs,바닐라 커스터드 브리오슈 만들기 | 따뜻한 커스터드를 부어 떠먹는 부드러운 빵 | Vanilla Custard Brioche Recipe | Soft Pull-Apart Bread,2026-03-24T01:00:12Z,603.0,False,29560,1550.0,60.0
8063,UCtby6rJtBGgUm-2oD_E7bzw,Cooking tree 쿠킹트리,N00P-AlViA8,"꾸덕한 그릭요거트 초콜릿 퍼지 브라우니 만들기 | 밀가루, 정제설탕 없는 건강 디저트 | Greek Yogurt Chocolate Fudgy Brownies Recipe",2026-03-25T01:00:00Z,409.0,False,28948,1422.0,48.0
8063,UCtby6rJtBGgUm-2oD_E7bzw,Cooking tree 쿠킹트리,Wx4n_WrpQFA,브리오슈에 따뜻한 바닐라 커스터드를 부으면 이렇게 됩니다✨ Pour Warm Vanilla Custard Over Brioche… This Happens #Shorts,2026-03-26T03:00:00Z,29.0,True,21123,412.0,10.0
8063,UCtby6rJtBGgUm-2oD_E7bzw,Cooking tree 쿠킹트리,mCiIwBoYeXs,핑크 체리 케이크 만들기 | 달콤한 체리 콩포트와 마스카포네 생크림 | Pink Cherry Cake Recipe | Cherry Compote & Mascarpone Cream,2026-03-27T01:00:00Z,720.0,False,52940,2816.0,109.0
8063,UCtby6rJtBGgUm-2oD_E7bzw,Cooking tree 쿠킹트리,sQjmi2z39kY,노밀가루 저당! 꾸덕한 그릭요거트 퍼지 브라우니 바이트🍫 Flourless Greek Yogurt Fudgy Brownie Bites #Shorts,2026-03-28T03:00:00Z,24.0,True,17420,359.0,5.0
8063,UCtby6rJtBGgUm-2oD_E7bzw,Cooking tree 쿠킹트리,VZetFm5GWfU,"🌸16가지 봄 과일 케이크 & 디저트 레시피 모음 | 음악 없는 2시간 홈베이킹 ASMR | 딸기, 레몬, 망고, 베리 | 16 Spring Fruit Cake & Dessert",2026-03-29T01:00:00Z,7396.0,False,77019,1505.0,35.0
8063,UCtby6rJtBGgUm-2oD_E7bzw,Cooking tree 쿠킹트리,W4TOKH8D_BI,체리 콤포트 꽉 찬 핑크 체리 케이크🍒 Cherry Compote Filled Pink Cherry Cake Cross-Section #Shorts,2026-03-30T03:00:00Z,21.0,True,22576,653.0,13.0
8063,UCtby6rJtBGgUm-2oD_E7bzw,Cooking tree 쿠킹트리,yUL85wl675E,폭신하고 달콤한 딸기 구름 크림☁️ 이건 저장각 컵케이크! | These Strawberry Cloud Cream Cupcakes Are Too Pretty to Skip,2026-03-31T01:00:00Z,551.0,False,28947,1614.0,55.0
8063,UCtby6rJtBGgUm-2oD_E7bzw,Cooking tree 쿠킹트리,-GR4V5Sgc-4,🍓딸기 구름 컵케이크☁️폭신 크림 한입! Strawberry Cloud Cupcake Fluffy Cream Bite! #Shorts,2026-04-01T03:00:00Z,20.0,True,17378,782.0,14.0
8063,UCtby6rJtBGgUm-2oD_E7bzw,Cooking tree 쿠킹트리,8QBxOJidpJM,요즘 난리난 조합!🍓💚 딸기 피스타치오 케이크 만들기 | Strawberry Meets Pistachio! Perfect Combo Strawberry Cake Recipe,2026-04-03T01:00:05Z,658.0,False,33487,1779.0,60.0
8063,UCtby6rJtBGgUm-2oD_E7bzw,Cooking tree 쿠킹트리,dL3noKb8flw,쫀득 바삭!🍪계속 보게 되는 13가지 케이크&디저트 레시피 모음 | 음악 없는 홈베이킹 ASMR | Chewy Crunchy! 13 Cake&Dessert | Baking ASMR,2026-04-05T01:00:00Z,7527.0,False,43150,971.0,21.0
8063,UCtby6rJtBGgUm-2oD_E7bzw,Cooking tree 쿠킹트리,FNSvj4r5pRc,이 조합 뭐야?🍓 What Is Inside This Cake? 딸기 피스타치오 케이크 Strawberry Pistachio Cake #Shorts,2026-04-06T03:00:28Z,22.0,True,25677,620.0,6.0
8063,UCtby6rJtBGgUm-2oD_E7bzw,Cooking tree 쿠킹트리,KNfQKOhutTE,초콜릿 크림 넣고 가나슈까지 올린 초코 초코🤎 초콜릿빵 | Chocolate Cream Filled Buns with Ganache on Top! Chocolate Bread,2026-04-07T01:00:15Z,688.0,False,46353,2115.0,88.0
8063,UCtby6rJtBGgUm-2oD_E7bzw,Cooking tree 쿠킹트리,VOmfIll13OI,"안에도 초코, 위에도 초코… 이건 못 지나치는 초코빵🤎Chocolate Inside, Ganache on Top 초콜릿 브레드 Chocolate Bread Buns #Shorts",2026-04-08T03:00:30Z,21.0,True,24916,471.0,9.0
8063,UCtby6rJtBGgUm-2oD_E7bzw,Cooking tree 쿠킹트리,QLJSc6Jgzzs,딸기까지 넣었더니 더 완벽해진 두바이 초콜릿 브라우니 | Viral Dubai Chocolate Brownies with Strawberry & Pistachio,2026-04-10T01:00:31Z,546.0,False,23551,1225.0,43.0
8063,UCtby6rJtBGgUm-2oD_E7bzw,Cooking tree 쿠킹트리,7iODbIKmFM4,"바이럴 두바이 초콜릿, 더 맛있게🍓 The Viral Dubai Chocolate… but better 딸기 브라우니 Strawberry Brownie #Shorts",2026-04-11T11:00:22Z,15.0,True,22414,377.0,4.0
8063,UCtby6rJtBGgUm-2oD_E7bzw,Cooking tree 쿠킹트리,t7Rdb96B-5U,"(147) 3x Speed 케이크 디저트 베이킹 영상 | Cake Dessert Baking Video | 초코빵, 두바이 초콜릿 브라우니, 딸기 피스타치오 케이크, 체리 케이크",2026-04-12T11:01:19Z,1484.0,False,38315,850.0,21.0
8063,UCtby6rJtBGgUm-2oD_E7bzw,Cooking tree 쿠킹트리,ayQRh0qiipE,"바삭한 크렘브륄레 윗면, 쫀득 촉촉한 딸기 크림치즈 버터떡 | Crackly Creme Brulee Strawberry Cream Cheese Butter Mochi Recipe",2026-04-14T11:00:05Z,531.0,False,24320,1045.0,41.0
8063,UCtby6rJtBGgUm-2oD_E7bzw,Cooking tree 쿠킹트리,gipMYR6xGoM,설탕 없이 만드는 폭신 촉촉 카스테라 | 저당! 가볍게! 부담없는 디저트 |  Fluffy No Sugar Castella Cake Recipe | Low Sugar Healthy,2026-04-15T11:01:13Z,376.0,False,34388,1387.0,82.0
8063,UCtby6rJtBGgUm-2oD_E7bzw,Cooking tree 쿠킹트리,rTeWTLBxOdM,겉바속쫀✨ 크렘브륄레 딸기 크림치즈 버터떡 Crispy Chewy Creme Brulee Strawberry Cream Cheese Butter Mochi #Shorts,2026-04-16T11:01:33Z,24.0,True,24865,458.0,5.0
8063,UCtby6rJtBGgUm-2oD_E7bzw,Cooking tree 쿠킹트리,oNlmhW3nImI,카페 디저트처럼 예쁜 딸기 초콜릿 레이어 케이크 | Strawberry Chocolate Layer Cake That Looks Like a Cafe Dessert,2026-04-17T11:01:23Z,626.0,False,100256,4421.0,117.0
8063,UCtby6rJtBGgUm-2oD_E7bzw,Cooking tree 쿠킹트리,7TBR9Y_veco,이거 다이어트 중에 먹어도 됨! You can eat this on a diet! 설탕 없는 카스테라 Fluffy No Sugar Castella #Shorts,2026-04-18T11:00:12Z,21.0,True,20677,441.0,11.0
8063,UCtby6rJtBGgUm-2oD_E7bzw,Cooking tree 쿠킹트리,128OdZnE-8Y,13가지🌿 말차 케이크 & 녹차 디저트 레시피 모음 | 음악 없는 2시간 홈베이킹 ASMR | 13 Matcha Cake&Green tea Dessert | Baking ASMR,2026-04-19T11:00:02Z,7776.0,False,32042,776.0,24.0
8063,UCtby6rJtBGgUm-2oD_E7bzw,Cooking tree 쿠킹트리,SnaS7TxiBWI,초콜릿+딸기 = 실패 없는 조합 Chocolate+Strawberry = always works 딸기 초콜릿 케이크 Strawberry Chocolate Cake #Shorts,2026-04-20T11:00:46Z,19.0,True,16021,466.0,8.0
8063,UCtby6rJtBGgUm-2oD_E7bzw,Cooking tree 쿠킹트리,GY0Q8xCwoYg,믹스베리 가득한 두툼한 크림치즈 쿠키 만들기 | Mixed Berry Cream Cheese Cookies Recipe | Thick Bakery-Style Cookies,2026-04-21T11:00:22Z,489.0,False,27601,1512.0,63.0
8063,UCtby6rJtBGgUm-2oD_E7bzw,Cooking tree 쿠킹트리,-uvbCqi6upU,베리가 가득 들어간 쿠키❣️ This Cookie is Filled with Berries 크림치즈 쿠키 Cream Cheese Cookies #Shorts,2026-04-22T11:00:01Z,19.0,True,15245,382.0,7.0
8063,UCtby6rJtBGgUm-2oD_E7bzw,Cooking tree 쿠킹트리,n-LzwrfnTOQ,딸기 크림을 올린 말차 바스크 치즈케이크 만들기 | 봄 디저트 | Matcha Basque Cheesecake with Strawberry Cream Recipe,2026-04-24T11:01:32Z,519.0,False,24807,1255.0,49.0
8063,UCtby6rJtBGgUm-2oD_E7bzw,Cooking tree 쿠킹트리,wxRUWIWYosA,부드러움 끝판왕…🍓 딸기 크림 말차 바스크 치즈케이크 So Creamy… Matcha Basque Cheesecake with Strawberry Cream #Shorts,2026-04-25T11:01:33Z,17.0,True,19131,479.0,10.0
8063,UCtby6rJtBGgUm-2oD_E7bzw,Cooking tree 쿠킹트리,OQcpaPEtesA,한입 베어 물면 사과가 가득! 촉촉한 애플 시나몬 쿠키 만들기 | Moist Apple Cinnamon Cookies Filled with Tender Apples,2026-04-26T11:00:37Z,493.0,False,26634,1584.0,84.0
8063,UCtby6rJtBGgUm-2oD_E7bzw,Cooking tree 쿠킹트리,NtVUO6OgFt8,한입 먹으면 사과가 쏟아지는 애플 시나몬 쿠키 Bite into this and it’s filled with apples! Apple Cinnamon Cookies #Shorts,2026-04-27T11:00:42Z,22.0,True,15258,424.0,4.0
8063,UCtby6rJtBGgUm-2oD_E7bzw,Cooking tree 쿠킹트리,Vzw4mqB1VRk,우베가 핫할 때 꼭 만들어야 할 치즈케이크! 보랏빛 우베 코코넛 치즈케이크 만들기 | Rich & Creamy Purple Ube Coconut Cheesecake Recipe,2026-04-28T11:00:53Z,560.0,False,30597,1436.0,84.0
8063,UCtby6rJtBGgUm-2oD_E7bzw,Cooking tree 쿠킹트리,r2mNfqcYPWc,요즘 핫한 보라색 치즈케이크 💜 Trending Purple Cheesecake 우베 코코넛 치즈케이크 Ube Coconut Cheesecake #Shorts,2026-04-29T11:01:25Z,21.0,True,16896,426.0,8.0
8063,UCtby6rJtBGgUm-2oD_E7bzw,Cooking tree 쿠킹트리,7hYZ1wvfox8,보라빛 레이어 우베 오레오 아이스박스 케이크 만들기 | 노오븐 디저트 | Purple Layer Ube Oreo Icebox Cake Recipe | No-Bake Dessert,2026-05-01T11:00:26Z,695.0,False,26658,1254.0,57.0
8063,UCtby6rJtBGgUm-2oD_E7bzw,Cooking tree 쿠킹트리,6kEYWauTgtA,"계란·버터 없이 촉촉한 초콜릿 바나나 브레드 만들기 | 비건 디저트 베이킹 | Vegan Chocolate Banana Bread Recipe | No Egg, No Butter",2026-05-02T11:00:22Z,362.0,False,23036,1105.0,75.0
8063,UCtby6rJtBGgUm-2oD_E7bzw,Cooking tree 쿠킹트리,e-d15OCYPO8,🌼15가지 과일 케이크&디저트 레시피 모음 | 음악 없는 2시간 홈베이킹 ASMR | 15 Fruit Cake&Dessert | 2 hours No Music Baking ASMR,2026-05-03T11:01:03Z,7842.0,False,29211,697.0,17.0
8063,UCtby6rJtBGgUm-2oD_E7bzw,Cooking tree 쿠킹트리,RE945g_69xE,보라빛 레이어 우베 아이스박스 케이크💜 Purple Layered Ube Icebox Cake #Shorts,2026-05-04T11:00:43Z,21.0,True,15327,340.0,6.0
8063,UCtby6rJtBGgUm-2oD_E7bzw,Cooking tree 쿠킹트리,N_JzWtjoYMk,"한 가지 반죽으로 2가지 초코칩 쿠키 만들기 | 쿠키 스틱과 미니 쿠키볼 | One Dough, Two Chocolate Chip Cookies Recipe",2026-05-05T11:00:38Z,489.0,False,21754,1166.0,41.0
8063,UCtby6rJtBGgUm-2oD_E7bzw,Cooking tree 쿠킹트리,XBIie8Brh8c,계란 없이 촉촉한 비건 초콜릿 바나나 브레드🍌 Moist Without Eggs! Vegan Chocolate Banana Bread #Shorts,2026-05-06T11:01:03Z,20.0,True,12983,316.0,6.0
8063,UCtby6rJtBGgUm-2oD_E7bzw,Cooking tree 쿠킹트리,oVirZ4vPkV0,"한 번 만들면 두 가지 초코칩 쿠키 완성🍪 Make Once, Get Two Chocolate Chip Cookies #Shorts",2026-05-07T11:01:30Z,28.0,True,13633,310.0,8.0
8063,UCtby6rJtBGgUm-2oD_E7bzw,Cooking tree 쿠킹트리,fvZLrSvke_o,"알록달록 4가지 미니 과일 타르트 만들기 | 딸기, 망고, 블루베리, 키위 | Colorful Mini Fruit Tarts in 4 Flavors Recipe",2026-05-08T11:01:22Z,841.0,False,30649,1799.0,67.0
8063,UCtby6rJtBGgUm-2oD_E7bzw,Cooking tree 쿠킹트리,ksX9clxmjW8,작고 예쁜 4가지 과일 타르트🍓🥭🫐🥝Pretty Mini Fruit Tarts in 4 Flavors #Shorts,2026-05-09T11:01:21Z,30.0,True,14688,478.0,13.0
8063,UCtby6rJtBGgUm-2oD_E7bzw,Cooking tree 쿠킹트리,kpyvB9F2XZw,"(148) 3x Speed 케이크 디저트 베이킹 영상 | Cake Dessert Baking Video | 딸기 초콜릿 케이크, 우베 치즈케이크, 초코칩 쿠키, 카스테라, 타르트",2026-05-10T11:01:12Z,2110.0,False,22503,576.0,10.0
8063,UCtby6rJtBGgUm-2oD_E7bzw,Cooking tree 쿠킹트리,ZpYXKCWgAUM,와그작 초콜릿 마시멜로 케이크바 만들기 | 초코파이 | Crunchy Chocolate Marshmallow Cake Bars Recipe | Chocolate Dessert,2026-05-12T11:00:52Z,502.0,False,21974,1186.0,54.0
8063,UCtby6rJtBGgUm-2oD_E7bzw,Cooking tree 쿠킹트리,p0S_ixYYCRw,와그작 깨지는 초콜릿 마시멜로 케이크바 Crunchy Chocolate Marshmallow Cake Bars #Shorts,2026-05-13T11:00:05Z,23.0,True,10890,291.0,5.0
8063,UCtby6rJtBGgUm-2oD_E7bzw,Cooking tree 쿠킹트리,UnUOLQu4Sj0,망고 커스터드 슈크림 만들기 | 여름 망고 디저트 | Mango Custard Cream Puffs Recipe | Homemade Choux | Mango Dessert,2026-05-15T11:00:11Z,705.0,False,7711,629.0,31.0
8064,UCINr5W7cwW06ADtsszAToAw,BT21,tQpA9_htzqA,Literally just about to clean up...😤,2025-06-16T07:00:58Z,18.0,True,72429,6029.0,60.0
8064,UCINr5W7cwW06ADtsszAToAw,BT21,O8jkb5fr4So,[BT21] The Journey | EP.07 소인국 여행기 | A Tiny Expedition,2025-06-17T07:00:31Z,329.0,False,527969,14612.0,578.0
8064,UCINr5W7cwW06ADtsszAToAw,BT21,KUzhwTe6WM4,"Yep, SHOOKY’s always been a giant🤩",2025-06-18T07:00:17Z,32.0,True,78008,7742.0,91.0
8064,UCINr5W7cwW06ADtsszAToAw,BT21,hn0tBlyyMuk,[BT21] The Journey | EP.08 너의 어린시절 | Your Childhood,2025-06-20T07:00:48Z,239.0,False,1103068,18081.0,842.0
8064,UCINr5W7cwW06ADtsszAToAw,BT21,h2WaUcaZaQI,Love takes time❤️,2025-06-21T07:00:44Z,32.0,True,91007,7941.0,113.0
8064,UCINr5W7cwW06ADtsszAToAw,BT21,VpJ1TSk0BcE,[BT21] The Journey | EP.09 우리의 여정 | The Journey,2025-06-22T07:00:06Z,268.0,False,2201645,18600.0,726.0
8064,UCINr5W7cwW06ADtsszAToAw,BT21,4zXgU1UZZUw,"Forever and ever, BT21💜",2025-06-23T07:00:02Z,35.0,True,83228,8499.0,124.0
8064,UCINr5W7cwW06ADtsszAToAw,BT21,puam8E2WdUM,Fluffy fluffy🧸 Wanna pat all day!🐾,2025-06-27T01:01:00Z,18.0,True,122616,8039.0,133.0
8064,UCINr5W7cwW06ADtsszAToAw,BT21,zkMOLKSY5sI,[BT21] 'The Journey' Official M/V,2025-06-29T10:01:36Z,76.0,False,188867,13675.0,367.0
8064,UCINr5W7cwW06ADtsszAToAw,BT21,mWdUCmqfscg,"Feels cool, huh RJ?😆💦",2025-07-07T07:01:00Z,15.0,True,101682,8727.0,134.0
8064,UCINr5W7cwW06ADtsszAToAw,BT21,ihRWm1VDEyY,Perfect day plan:,2025-07-08T02:22:15Z,15.0,True,109961,9027.0,104.0
8064,UCINr5W7cwW06ADtsszAToAw,BT21,rh2d1PqwTig,"Thanks for always being with us, VAN💜",2025-07-09T07:00:50Z,12.0,True,106749,9067.0,270.0
8064,UCINr5W7cwW06ADtsszAToAw,BT21,gcQMexoDktQ,Someone should get KOYA out…?😱💦,2025-07-21T08:28:24Z,22.0,True,81467,7296.0,152.0
8064,UCINr5W7cwW06ADtsszAToAw,BT21,F-CXXRmBnDo,The ocean's hidden treasure revealed... — BT21! 🐚💜,2025-08-05T02:20:04Z,19.0,True,100095,8303.0,106.0
8064,UCINr5W7cwW06ADtsszAToAw,BT21,lvhJ2FcFlT0,✨Yum⎯Yum yum⎯⎯Yum yum yum,2025-08-08T07:00:46Z,12.0,True,98215,8319.0,167.0
8064,UCINr5W7cwW06ADtsszAToAw,BT21,mBtm41bklnw,Tada! A little surprise just for UNISTARS🎁,2025-09-01T07:00:36Z,7.0,True,100945,7483.0,230.0
8064,UCINr5W7cwW06ADtsszAToAw,BT21,riFuOxusA_4,#TODAYSFACE #ComingSoon Which face vibes with UNISTARS today? Tell us in the comments💬!,2025-09-03T07:00:15Z,15.0,True,126975,8169.0,145.0
8064,UCINr5W7cwW06ADtsszAToAw,BT21,y-F6xeKca6o,(✋Stop) What kind of day will it be today? 💬,2025-09-04T02:18:07Z,22.0,True,105234,7297.0,178.0
8064,UCINr5W7cwW06ADtsszAToAw,BT21,HYpE98eB_Js,Whoa whoa…for you!🎁,2025-09-12T07:01:13Z,10.0,True,79033,6209.0,201.0
8064,UCINr5W7cwW06ADtsszAToAw,BT21,xFhaRxt_QnI,"Backpacks down, pencils up!✏️Who’s gonna be your deskmate?👀",2025-09-18T07:00:27Z,5.0,True,196637,7041.0,514.0
8064,UCINr5W7cwW06ADtsszAToAw,BT21,svknvdkvb98,#ComingSoon A fluffy little surprise hops your way🐰✨,2025-09-24T04:21:29Z,8.0,True,97880,5968.0,123.0
8064,UCINr5W7cwW06ADtsszAToAw,BT21,NWbQVL25PZ0,Ta-da ! BT21’s own Seoul moments✨,2025-10-01T07:02:19Z,9.0,True,57869,4110.0,47.0
8064,UCINr5W7cwW06ADtsszAToAw,BT21,8EtlQ2F_Rbk,Pat me softly 🥺,2025-10-30T02:20:39Z,25.0,True,108447,6778.0,84.0
8064,UCINr5W7cwW06ADtsszAToAw,BT21,jCtUJBLUWOM,Spooky Halloween? Not for COOKY 💪,2025-10-31T07:01:12Z,15.0,True,83970,6347.0,78.0
8064,UCINr5W7cwW06ADtsszAToAw,BT21,ewOnkbHs62U,Is SHOOKY wearing the muffler… or is the muffler wearing SHOOKY?🧣🤔,2025-11-11T07:00:35Z,15.0,True,72410,6149.0,104.0
8064,UCINr5W7cwW06ADtsszAToAw,BT21,EvDmZrlsp9Y,POV: When your friend’s energy is unstoppable💥,2025-11-18T07:02:02Z,11.0,True,77556,5971.0,74.0
8064,UCINr5W7cwW06ADtsszAToAw,BT21,k6LdPptlVPY,"Even if it’s cold outside, this season feels the warmest with you ❄️",2025-11-20T02:19:02Z,20.0,True,83956,7624.0,91.0
8064,UCINr5W7cwW06ADtsszAToAw,BT21,s_BirQ0Fpks,[# 1]Your daily lucky match with BT21🍀🎯,2025-11-21T07:05:39Z,8.0,True,61542,3933.0,78.0
8064,UCINr5W7cwW06ADtsszAToAw,BT21,RPUbRjyzVK8,[# 2]Your daily lucky match with BT21🍀🎯,2025-11-21T07:05:51Z,8.0,True,79087,5011.0,82.0
8064,UCINr5W7cwW06ADtsszAToAw,BT21,dPZlz-LjPfo,🎂: RJ… hurry… make a wish… 🫠,2025-12-04T07:02:04Z,6.0,True,94103,8316.0,237.0
8064,UCINr5W7cwW06ADtsszAToAw,BT21,s18TcKoUKSM,Just for UNISTARS (clang-) 🔔🎶 Our holiday performance! (clang!) 🔔🎶,2025-12-18T07:00:43Z,10.0,True,132038,7167.0,154.0
8064,UCINr5W7cwW06ADtsszAToAw,BT21,tHINiUJU7dE,Roar~ the tigers are out for a royal palace stroll!,2025-12-23T02:16:03Z,27.0,True,86217,7081.0,77.0
8064,UCINr5W7cwW06ADtsszAToAw,BT21,0o9mNutlSJw,"Whoa, that was tricky!",2025-12-24T07:00:02Z,8.0,True,79661,4038.0,127.0
8064,UCINr5W7cwW06ADtsszAToAw,BT21,r66902VfCoY,Plop...plop...,2026-01-07T06:00:49Z,11.0,True,75103,6861.0,84.0
8064,UCINr5W7cwW06ADtsszAToAw,BT21,RXLdEEOjvT4,Thank...you...for...helping...😵‍💫💛,2026-01-15T07:01:32Z,8.0,True,90717,7715.0,113.0
8064,UCINr5W7cwW06ADtsszAToAw,BT21,JS_VU07VaFA,Perfect duo?! 🤭,2026-01-20T07:00:52Z,7.0,True,84993,6181.0,80.0
8064,UCINr5W7cwW06ADtsszAToAw,BT21,dXVx1SskapU,"Hey, excuse me — I’m right underneath! 🤨",2026-01-29T07:00:44Z,7.0,True,102426,7016.0,82.0
8064,UCINr5W7cwW06ADtsszAToAw,BT21,YwV1ahZNIek,Ta-da! Your BT21 Strawberry Tart is served!,2026-02-03T02:27:22Z,17.0,True,153104,9519.0,113.0
8064,UCINr5W7cwW06ADtsszAToAw,BT21,ascLELqndnU,Aww… is that RJ holding a mini RJ? 🥹,2026-02-10T07:00:32Z,11.0,True,64867,5217.0,121.0
8064,UCINr5W7cwW06ADtsszAToAw,BT21,nmbRLuDBTbw,Floating with happiness~ 🎈✨,2026-02-18T07:02:19Z,7.0,True,61559,6357.0,225.0
8064,UCINr5W7cwW06ADtsszAToAw,BT21,nRzbkxtrsm8,TATA is already off to dreamland... 💤💭,2026-03-05T07:01:40Z,15.0,True,52511,4933.0,85.0
8064,UCINr5W7cwW06ADtsszAToAw,BT21,SqB7CGFDkLQ,"[#1] UNISTARS, look closer... ✨",2026-03-12T07:01:59Z,9.0,True,43926,4159.0,51.0
8064,UCINr5W7cwW06ADtsszAToAw,BT21,s22jNad8jZs,"[#2] UNISTARS, look closer... ✨",2026-03-12T07:02:09Z,7.0,True,41975,3712.0,44.0
8064,UCINr5W7cwW06ADtsszAToAw,BT21,WiJQ9qpnBH0,"[#3] UNISTARS, look closer... ✨",2026-03-12T07:02:21Z,7.0,True,52506,4172.0,66.0
8064,UCINr5W7cwW06ADtsszAToAw,BT21,6C3QLbZeBP8,Whoa... look at those sparkling eyes! ✨👀,2026-03-24T07:00:24Z,9.0,True,61754,5477.0,68.0
8064,UCINr5W7cwW06ADtsszAToAw,BT21,kUGuL6mKQf0,🐝BT21 HONEYBEE,2026-04-08T02:00:45Z,15.0,True,136146,7910.0,113.0
8064,UCINr5W7cwW06ADtsszAToAw,BT21,Hc_EjAt556A,"Freshly harvested, the cutest tomatoes ever! 🍅✨",2026-04-15T07:00:43Z,15.0,True,46576,5405.0,97.0
8064,UCINr5W7cwW06ADtsszAToAw,BT21,EjZElnK0Lcg,"Too cute to leave alone, KOYA! 🤭",2026-04-30T07:09:44Z,7.0,True,69817,6554.0,92.0
8064,UCINr5W7cwW06ADtsszAToAw,BT21,qyU9fw1eNhA,"Wait, is this real? ...👀",2026-05-05T07:02:09Z,5.0,True,62998,6387.0,87.0
8064,UCINr5W7cwW06ADtsszAToAw,BT21,EOZ6Jy5GUg8,SHOOKY steals the show! 😆✨,2026-05-12T07:00:45Z,10.0,True,38763,4396.0,59.0
8065,UCZkcxFIsqW5htimoUQKA0iA,FC Bayern München,bam-AXIU6Lc,Serge knows exactly what to do.🤩 Fresh sneakers? Not for long. 👉 Good thing Miele has the solution.,2026-05-01T12:02:01Z,41.0,True,56514,2130.0,32.0
8065,UCZkcxFIsqW5htimoUQKA0iA,FC Bayern München,hoqib8KBy-0,𝙏𝙝𝙞𝙨 𝙘𝙤𝙢𝙚𝙗𝙖𝙘𝙠 𝙬𝙖𝙨 𝙨𝙥𝙚𝙘𝙞𝙖𝙡. 🤯🔥,2026-05-01T17:06:03Z,29.0,True,217572,6585.0,53.0
8065,UCZkcxFIsqW5htimoUQKA0iA,FC Bayern München,BoFeeAsUG7U,𝐂𝐥𝐮𝐭𝐜𝐡 𝐦𝐨𝐦𝐞𝐧𝐭. 😮‍💨🔥,2026-05-01T18:51:15Z,18.0,True,217199,6754.0,87.0
8065,UCZkcxFIsqW5htimoUQKA0iA,FC Bayern München,HMEPfoSPz9k,Pressetalk nach FC Bayern 3:3 1. FC Heidenheim | 32. Spieltag – Bundesliga,2026-05-02T16:46:57Z,931.0,False,84669,2237.0,323.0
8065,UCZkcxFIsqW5htimoUQKA0iA,FC Bayern München,UJpqCmj9tWg,Tough setback for Wisdom Mike and comeback for Tim Binder! 💪 | Campus Stories #7,2026-05-03T11:37:07Z,1202.0,False,15576,745.0,25.0
8065,UCZkcxFIsqW5htimoUQKA0iA,FC Bayern München,eWeEW_OcPbM,Great support in our first #UCL leg in Paris.,2026-05-03T18:10:49Z,14.0,True,125419,4673.0,85.0
8065,UCZkcxFIsqW5htimoUQKA0iA,FC Bayern München,0z4C_qG6MB4,Last-Minute Salvation | FC Bayern 3-3 1. FC Heidenheim | Highlights & Interviews,2026-05-03T22:00:00Z,291.0,False,20594,900.0,60.0
8065,UCZkcxFIsqW5htimoUQKA0iA,FC Bayern München,tz2SlivbtK0,"Iconic red & white suits you, Michael! 😮‍💨🥶",2026-05-04T10:43:50Z,11.0,True,446163,11508.0,151.0
8065,UCZkcxFIsqW5htimoUQKA0iA,FC Bayern München,dOmppfYEQ6Y,"Oh hello, beautiful! 👀",2026-05-04T13:10:08Z,19.0,True,196990,8265.0,121.0
8065,UCZkcxFIsqW5htimoUQKA0iA,FC Bayern München,rlkCorCkV2U,Munich's very own artist Ennio presents the brand new FC Bayern kit for 2026/27! 🔴⚪️🔥,2026-05-04T17:32:22Z,344.0,False,27288,1288.0,74.0
8065,UCZkcxFIsqW5htimoUQKA0iA,FC Bayern München,92lyGaZQk7s,"🎵 Alle meine Freunde, lieben diesen neuen Look! 🔴⚪",2026-05-04T18:28:28Z,31.0,True,40451,1053.0,31.0
8065,UCZkcxFIsqW5htimoUQKA0iA,FC Bayern München,cMLli88L46c,Das Abschlusstraining vor dem Heimspiel gegen Paris St. Germain 🏆 – Champions League,2026-05-05T12:19:30Z,1171.0,False,82364,2662.0,151.0
8065,UCZkcxFIsqW5htimoUQKA0iA,FC Bayern München,Z4DsYUofWBQ,Pressetalk vor FC Bayern – Paris St. Germain mit Kompany & Tah | UCL-Halbfinale,2026-05-05T14:37:05Z,3566.0,False,148171,3958.0,419.0
8065,UCZkcxFIsqW5htimoUQKA0iA,FC Bayern München,O9u8BRjjxkc,𝑨𝑳𝑳 𝑰𝑵 for our big goal! 😤👊 | Champions League ✨🌍 | Inside Training FC Bayern 🔴⚪️,2026-05-05T15:35:00Z,420.0,False,516826,11669.0,497.0
8065,UCZkcxFIsqW5htimoUQKA0iA,FC Bayern München,lfBtvcSOmlY,Coming in clutch 😮‍💨💪 This goal line clearance by de Ligt 😳🤯,2026-05-05T15:47:59Z,13.0,True,194547,6177.0,83.0
8065,UCZkcxFIsqW5htimoUQKA0iA,FC Bayern München,q2BWFumlmQ4,"„We can only do this together!"" 💪",2026-05-05T19:00:00Z,19.0,True,88082,3772.0,58.0
8065,UCZkcxFIsqW5htimoUQKA0iA,FC Bayern München,Xfx-Z_uxanc,Kane’s 𝒑𝒂𝒔𝒔 or Lucho’s 𝒇𝒊𝒏𝒊𝒔𝒉 😮‍💨,2026-05-06T06:30:00Z,15.0,True,129711,4618.0,103.0
8065,UCZkcxFIsqW5htimoUQKA0iA,FC Bayern München,BPKXYcRBaiU,This 1v1 goes hard 🤯🔥 Upa vs Dembélé 👀,2026-05-06T09:00:00Z,16.0,True,147012,5074.0,93.0
8065,UCZkcxFIsqW5htimoUQKA0iA,FC Bayern München,EPZ2QrGfs0k,𝑇ℎ𝑒 𝑚𝑎𝑔𝑖𝑐𝑖𝑎𝑛 𝑎𝑡 𝑤𝑜𝑟𝑘 ✨,2026-05-06T13:00:00Z,10.0,True,229356,5667.0,54.0
8065,UCZkcxFIsqW5htimoUQKA0iA,FC Bayern München,UezqGYgp60w,𝙎𝙖𝙢𝙚 𝙚𝙣𝙚𝙧𝙜𝙮 𝙩𝙤𝙣𝙞𝙜𝙝𝙩. 👊🔥,2026-05-06T13:00:00Z,13.0,True,316818,8688.0,201.0
8065,UCZkcxFIsqW5htimoUQKA0iA,FC Bayern München,Pwnt9p0MZzk,Michael Olise arrived for FC Bayern vs PSG 🥶,2026-05-06T18:12:14Z,9.0,True,197679,5896.0,180.0
8065,UCZkcxFIsqW5htimoUQKA0iA,FC Bayern München,tRzBtUkeJMI,THIS ATMOSPHERE at the Allianz Arena 🤯🔥,2026-05-06T18:42:02Z,22.0,True,108052,4622.0,194.0
8065,UCZkcxFIsqW5htimoUQKA0iA,FC Bayern München,UNrtgjCOQj4,"RE-LIVE| FC Bayern vs. PSG | Champions League-Watchparty mit Robben, K. Pflaume, T. Kaulitz & Makaay",2026-05-06T21:19:02Z,13915.0,False,868234,6383.0,75.0
8065,UCZkcxFIsqW5htimoUQKA0iA,FC Bayern München,gp5k7l0BfDg,So proud of this team ❤️ #MiaSanMia,2026-05-06T21:32:24Z,39.0,True,487075,22222.0,1029.0
8065,UCZkcxFIsqW5htimoUQKA0iA,FC Bayern München,Ofo_V8QjZEc,Our Champions League run ends in the semi-finals | FC Bayern - PSG | UCL Highlights 🏆,2026-05-06T22:01:44Z,120.0,False,615373,6805.0,945.0
8065,UCZkcxFIsqW5htimoUQKA0iA,FC Bayern München,2c3LpV0GUnc,Pressetalk nach FC Bayern – Paris St. Germain | 1:1 | UCL – Halbfinale,2026-05-06T22:25:21Z,911.0,False,131052,3386.0,705.0
8065,UCZkcxFIsqW5htimoUQKA0iA,FC Bayern München,i8CoIjYAkug,Weil wir in guten wie in schlechten Zeiten zueinander stehen. ❤️🤍,2026-05-06T22:44:12Z,33.0,True,251445,8645.0,389.0
8065,UCZkcxFIsqW5htimoUQKA0iA,FC Bayern München,VBQhrMUz-dw,𝙅𝙤𝙨𝙝𝙪𝙖 𝙆𝙞𝙢𝙢𝙞𝙘𝙝 𝙡𝙤𝙤𝙠𝙞𝙣𝙜 𝙖𝙝𝙚𝙖𝙙 𝙬𝙞𝙩𝙝 𝙗𝙚𝙡𝙞𝙚𝙛. 💪,2026-05-07T12:16:35Z,23.0,True,155052,3830.0,159.0
8065,UCZkcxFIsqW5htimoUQKA0iA,FC Bayern München,w6Q5o419i88,Heartbreaking end to the Champions League run 💔 | Behind the Scenes FC Bayern vs PSG 🎬,2026-05-07T14:45:17Z,927.0,False,155893,3085.0,251.0
8065,UCZkcxFIsqW5htimoUQKA0iA,FC Bayern München,fdbEvNKzmwo,Pressetalk vor VfL Wolfsburg - FC Bayern mit Vincent Kompany | Bundesliga,2026-05-08T08:32:10Z,1626.0,False,59642,1763.0,320.0
8065,UCZkcxFIsqW5htimoUQKA0iA,FC Bayern München,AaCKI_CBWQY,Special guest at training this week! 😍,2026-05-08T15:39:41Z,23.0,True,254794,3986.0,65.0
8065,UCZkcxFIsqW5htimoUQKA0iA,FC Bayern München,rdxCmVvU5Lc,VAR was 𝒃𝒖𝒔𝒚 𝒂𝒕 𝒕𝒓𝒂𝒊𝒏𝒊𝒏𝒈 yesterday 🫣,2026-05-09T10:30:21Z,40.0,True,172935,5313.0,112.0
8065,UCZkcxFIsqW5htimoUQKA0iA,FC Bayern München,EXiccDtDvPI,Pressetalk mit Kompany nach VfL Wolfsburg - FC Bayern | 33. Spieltag Bundesliga,2026-05-09T19:32:09Z,665.0,False,38818,1059.0,161.0
8065,UCZkcxFIsqW5htimoUQKA0iA,FC Bayern München,ynBlBhQIqvI,Neuer & Urbig have got very quick hands! 🧤,2026-05-10T10:30:34Z,13.0,True,1105509,12533.0,78.0
8065,UCZkcxFIsqW5htimoUQKA0iA,FC Bayern München,bMjnzzNn6cc,Karl on fire & amazing backheel goals! 😮‍💨🔥 | Best of Training April,2026-05-10T12:57:57Z,483.0,False,56237,1557.0,56.0
8065,UCZkcxFIsqW5htimoUQKA0iA,FC Bayern München,YD-miJ5fUBc,Olise screamer for the win! | VfL Wolfsburg 0-1 FC Bayern | Highlights & Interviews,2026-05-10T22:00:30Z,296.0,False,20806,978.0,45.0
8065,UCZkcxFIsqW5htimoUQKA0iA,FC Bayern München,T-GjigGOI1o,Michael Olise: 𝙨𝙞𝙜𝙣𝙖𝙩𝙪𝙧𝙚 𝙢𝙤𝙫𝙚 🥶,2026-05-11T09:02:59Z,15.0,True,199420,7937.0,159.0
8065,UCZkcxFIsqW5htimoUQKA0iA,FC Bayern München,nnH5Ejfxe88,Insane 𝐓𝐢𝐜𝐓𝐚𝐜𝐓𝐨𝐞 finish in training 😂😂,2026-05-12T12:20:54Z,43.0,True,104766,3229.0,27.0
8065,UCZkcxFIsqW5htimoUQKA0iA,FC Bayern München,tNsmxbM_ZfE,🗣️ Michael Olise‘s speech: You love to see & hear it! 🥶 | 🎥 @Ligue1,2026-05-12T13:23:36Z,52.0,True,215807,7080.0,151.0
8065,UCZkcxFIsqW5htimoUQKA0iA,FC Bayern München,cD6m7hV5DqI,URBIG masterclass 💪🧤,2026-05-13T14:38:45Z,21.0,True,195019,4768.0,73.0
8065,UCZkcxFIsqW5htimoUQKA0iA,FC Bayern München,nNOp5NB8vcg,Free kick masterclass by Tom Bischof 😎,2026-05-14T12:00:33Z,12.0,True,183590,3611.0,35.0
8065,UCZkcxFIsqW5htimoUQKA0iA,FC Bayern München,WzTBNHEmyi8,Leon’s beauty against Heidenheim 😮‍💨,2026-05-14T16:00:03Z,9.0,True,65768,2757.0,36.0
8065,UCZkcxFIsqW5htimoUQKA0iA,FC Bayern München,RRQUR3KkT3k,Pressetalk vor FC Bayern - 1. FC Köln mit Vincent Kompany | 34. Spieltag Bundesliga,2026-05-15T08:18:12Z,945.0,False,50315,1702.0,228.0
8065,UCZkcxFIsqW5htimoUQKA0iA,FC Bayern München,6QURyBBGzDs,🔴 LIVE | FC Bayern vs. VfB Stuttgart | DFB-Pokalfinale-Watchparty aus dem Olympiastadion in Berlin!,2026-05-15T08:54:38Z,,False,0,85.0,0.0
8065,UCZkcxFIsqW5htimoUQKA0iA,FC Bayern München,cpfeWN2d3VU,Joshua Kimmich und Kulttaxifahrer Isaak Cisse im #WM-Taxi 🤩 Stay tuned! 👀,2026-05-15T12:12:21Z,20.0,True,10981,387.0,3.0
8065,UCZkcxFIsqW5htimoUQKA0iA,FC Bayern München,G3cA19J86RU,🔴 LIVE | Die Meisterfeier am Marienplatz 🏆,2026-05-15T12:13:16Z,,False,0,126.0,0.0
8065,UCZkcxFIsqW5htimoUQKA0iA,FC Bayern München,muFA1oqL4Lk,No passing by Minjae 🥶💪,2026-05-15T13:45:26Z,12.0,True,126840,3955.0,35.0
8065,UCZkcxFIsqW5htimoUQKA0iA,FC Bayern München,MQFSIpABVE0,„It’s definitely the right decision“ 🥰,2026-05-15T15:09:52Z,48.0,True,41569,2382.0,61.0
8065,UCZkcxFIsqW5htimoUQKA0iA,FC Bayern München,_ms11iytfyY,The interviews and reactions on Neuer's & Ulreich's contract extension!,2026-05-15T16:16:55Z,180.0,False,31573,1522.0,135.0
8065,UCZkcxFIsqW5htimoUQKA0iA,FC Bayern München,hBlXlMoPNLU,A message from MANU for YOU! ❤️🤍,2026-05-15T16:29:36Z,45.0,True,35993,2719.0,131.0
8066,UCOgGAfSUy5LvEyVS_LF5kdw,JOLLY,vW5kMMnov0M,Dave Franco & Bobby Moynihan try Toad in the Hole!,2026-03-08T23:19:49Z,52.0,True,437273,13061.0,287.0
8066,UCOgGAfSUy5LvEyVS_LF5kdw,JOLLY,IjEoGNQujLs,We tried Costco’s Apocalypse Food!,2026-03-10T19:05:16Z,866.0,False,361925,16679.0,1711.0
8066,UCOgGAfSUy5LvEyVS_LF5kdw,JOLLY,jyIWlcR1V3I,Dave Franco & Bobby Moynihan try Jellied Eels!,2026-03-11T17:06:37Z,61.0,False,1575537,39080.0,1327.0
8066,UCOgGAfSUy5LvEyVS_LF5kdw,JOLLY,1PwFObHqtCo,American Highschoolers try British Cream Tea!,2026-03-12T21:35:35Z,61.0,False,920683,29886.0,953.0
8066,UCOgGAfSUy5LvEyVS_LF5kdw,JOLLY,z8voYsgGK-4,Two Brits try Legendary Chicago Fast Food!,2026-03-13T16:39:03Z,807.0,False,1131410,37010.0,2931.0
8066,UCOgGAfSUy5LvEyVS_LF5kdw,JOLLY,JiDMTt1NftQ,American Highschoolers try Sausage Rolls for the first time!,2026-03-14T20:37:49Z,58.0,True,758861,18664.0,863.0
8066,UCOgGAfSUy5LvEyVS_LF5kdw,JOLLY,Qk1BMDL9FGk,Dave Franco & Bobby Moynihan try Iconic British Dessert!,2026-03-16T20:02:55Z,41.0,True,155985,5163.0,63.0
8066,UCOgGAfSUy5LvEyVS_LF5kdw,JOLLY,_C-l6j_87ag,“Most British Man Ever” tries American Fast Food! (ft. Danny Dyer),2026-03-18T17:53:41Z,934.0,False,1573885,47572.0,4023.0
8066,UCOgGAfSUy5LvEyVS_LF5kdw,JOLLY,P5pJJNXyFyg,British Pronunciation Challenge ft. Danny Dyer,2026-03-20T01:03:02Z,61.0,False,615635,16923.0,263.0
8066,UCOgGAfSUy5LvEyVS_LF5kdw,JOLLY,zC9RYaNKvbI,Danny Dyer tries Taco Bell for the first time!,2026-03-21T02:57:38Z,43.0,True,253615,6005.0,269.0
8066,UCOgGAfSUy5LvEyVS_LF5kdw,JOLLY,i1ghXSg6XrU,Two Brits try Costco's Apocalypse Food!,2026-03-22T03:58:18Z,48.0,True,372554,10281.0,177.0
8066,UCOgGAfSUy5LvEyVS_LF5kdw,JOLLY,sqyDBe7MR5o,American Highschoolers try Scotch Eggs!,2026-03-23T02:52:13Z,65.0,False,304450,10374.0,398.0
8066,UCOgGAfSUy5LvEyVS_LF5kdw,JOLLY,YlanpxpFvjI,Two Brits try Portillo's Italian Beef Sandwich!,2026-03-23T19:00:36Z,37.0,True,1428834,34631.0,693.0
8066,UCOgGAfSUy5LvEyVS_LF5kdw,JOLLY,0QlZJYlovDY,Two Brits try Chicago Style Hot Dogs for the first time!,2026-03-24T23:27:42Z,67.0,False,791902,26286.0,1068.0
8066,UCOgGAfSUy5LvEyVS_LF5kdw,JOLLY,d_yAz2ewckE,American Highschoolers try British Snacks!,2026-03-27T16:07:20Z,557.0,False,482633,13829.0,966.0
8066,UCOgGAfSUy5LvEyVS_LF5kdw,JOLLY,fJFrrebj3rk,American Highschoolers try Marmite Sandwiches for the first time!,2026-03-31T01:41:44Z,36.0,True,315472,8344.0,251.0
8066,UCOgGAfSUy5LvEyVS_LF5kdw,JOLLY,BRlffoilvsA,American Highschoolers try Beans on Toast for the first time!,2026-04-01T03:39:54Z,61.0,False,183977,6801.0,392.0
8066,UCOgGAfSUy5LvEyVS_LF5kdw,JOLLY,bcLbzmDGaCY,Two Brits go to Cheesecake Factory for the first time!,2026-04-01T16:52:01Z,838.0,False,1721894,47078.0,2722.0
8066,UCOgGAfSUy5LvEyVS_LF5kdw,JOLLY,U1CSZQuRmEM,Wendy's vs Five Guys with Danny Dyer,2026-04-02T22:00:26Z,67.0,False,930676,22676.0,1094.0
8066,UCOgGAfSUy5LvEyVS_LF5kdw,JOLLY,Px-wEL7GB4o,Two Brits try Homemade American BBQ!,2026-04-03T15:00:25Z,902.0,False,1141995,45110.0,2982.0
8066,UCOgGAfSUy5LvEyVS_LF5kdw,JOLLY,zqI7vS11ei4,British Highschoolers try Goldfish for the first time!,2026-04-04T18:52:30Z,49.0,True,171528,5730.0,230.0
8066,UCOgGAfSUy5LvEyVS_LF5kdw,JOLLY,iwIpdBSolpg,"Why Britain's Iconic Dessert is Called an ""Eton Mess""",2026-04-05T17:00:50Z,60.0,True,178260,5912.0,77.0
8066,UCOgGAfSUy5LvEyVS_LF5kdw,JOLLY,Ign46RnxQg4,British Highschoolers try Nutter Butters for the first time!,2026-04-06T22:16:01Z,41.0,True,994728,29855.0,727.0
8066,UCOgGAfSUy5LvEyVS_LF5kdw,JOLLY,_7qNqt_nn-Q,Two Brits try Chicago Pizza for the first time!,2026-04-07T17:51:30Z,681.0,False,544594,21708.0,1555.0
8066,UCOgGAfSUy5LvEyVS_LF5kdw,JOLLY,8u8nq70Ozf4,We tried Dave's Hot Chicken Reaper Sandwich with Danny Dyer,2026-04-08T22:00:08Z,61.0,False,1809528,40093.0,691.0
8066,UCOgGAfSUy5LvEyVS_LF5kdw,JOLLY,rLdaexlDJnk,We tried Real Chicago Pizza with Matas Buzelis and Tre Jones! #ad,2026-04-10T02:08:49Z,63.0,False,564876,22465.0,508.0
8066,UCOgGAfSUy5LvEyVS_LF5kdw,JOLLY,fVzezPYcbvs,Two Brits try Street Food in Japan!,2026-04-10T18:31:43Z,1193.0,False,1445022,42419.0,1552.0
8066,UCOgGAfSUy5LvEyVS_LF5kdw,JOLLY,aUXPG6yTAVk,Cockney Rhyming Slang with Danny Dyer!,2026-04-14T01:22:15Z,67.0,False,1170701,20635.0,622.0
8066,UCOgGAfSUy5LvEyVS_LF5kdw,JOLLY,x6APlp-dZfg,'Most British Man Ever' tries Popeyes for the first time!,2026-04-16T00:32:50Z,61.0,False,773244,25451.0,1378.0
8066,UCOgGAfSUy5LvEyVS_LF5kdw,JOLLY,BEQAZNtCRh4,We tried to order the Polish Hot Dog at Portillo's.,2026-04-17T02:14:14Z,61.0,False,512244,15988.0,296.0
8066,UCOgGAfSUy5LvEyVS_LF5kdw,JOLLY,QsycFv1I1tg,British Comedians try EVERY type of Cheeto!,2026-04-17T15:01:03Z,1226.0,False,648175,27581.0,1743.0
8066,UCOgGAfSUy5LvEyVS_LF5kdw,JOLLY,zKwODh60_GY,British Highschoolers try Nutty Buddy for the first time!,2026-04-19T02:31:44Z,62.0,False,227380,9843.0,280.0
8066,UCOgGAfSUy5LvEyVS_LF5kdw,JOLLY,u9_2Z0stbis,British Highschoolers try Shake Shack!,2026-04-22T15:01:29Z,803.0,False,990066,35812.0,2035.0
8066,UCOgGAfSUy5LvEyVS_LF5kdw,JOLLY,r4kVlRj0FVo,Two Brits try REAL Sushi in Japan!,2026-04-27T15:47:36Z,1493.0,False,969262,32034.0,1229.0
8066,UCOgGAfSUy5LvEyVS_LF5kdw,JOLLY,geeE4gQLjAs,We made Coffee with every type of Bean!,2026-04-30T16:22:12Z,1243.0,False,279293,14183.0,1253.0
8066,UCOgGAfSUy5LvEyVS_LF5kdw,JOLLY,0Np3rYeqNUI,British Highschoolers try Veggie Burger from Shake Shack!,2026-05-01T17:37:41Z,55.0,True,453574,13791.0,254.0
8066,UCOgGAfSUy5LvEyVS_LF5kdw,JOLLY,lZLBNx9dqRI,We tried making Coffee with Heinz Beans!,2026-05-02T17:15:04Z,62.0,False,870256,21571.0,913.0
8066,UCOgGAfSUy5LvEyVS_LF5kdw,JOLLY,1SQoqDMLE5o,British Highschoolers try Arnold Palmer for the first time!,2026-05-03T16:00:06Z,33.0,True,346923,9910.0,134.0
8066,UCOgGAfSUy5LvEyVS_LF5kdw,JOLLY,ABt4hYJCt24,British Highschoolers try Milkshakes from Shake Shack!,2026-05-05T01:49:35Z,64.0,False,241082,11426.0,148.0
8066,UCOgGAfSUy5LvEyVS_LF5kdw,JOLLY,cAigVmLlZgM,Ollie Went Out for Some Air Up! #ad,2026-05-05T16:20:00Z,32.0,True,51073,1516.0,28.0
8066,UCOgGAfSUy5LvEyVS_LF5kdw,JOLLY,Y2RB3gtGbuI,Brits can't comprehend Potato Buns!,2026-05-07T03:54:04Z,61.0,False,1507872,57378.0,1445.0
8066,UCOgGAfSUy5LvEyVS_LF5kdw,JOLLY,Piapr09DHTQ,We tried making coffee using ONLY Soybeans!,2026-05-07T15:07:29Z,54.0,True,121568,3501.0,80.0
8066,UCOgGAfSUy5LvEyVS_LF5kdw,JOLLY,B2potJ-vxVQ,Two Brits try the Best Ramen in the World,2026-05-08T17:26:43Z,1114.0,False,614859,22456.0,835.0
8066,UCOgGAfSUy5LvEyVS_LF5kdw,JOLLY,2dcpHHiFpKE,"This Soup is 75 years old, and it's Offal.",2026-05-09T22:00:03Z,57.0,True,338540,12086.0,259.0
8066,UCOgGAfSUy5LvEyVS_LF5kdw,JOLLY,3HpSt-IgUsQ,Kansas City Barbecue Sauce is Unreal!,2026-05-10T16:00:05Z,63.0,False,438890,17747.0,601.0
8066,UCOgGAfSUy5LvEyVS_LF5kdw,JOLLY,Q3I3D737lHc,Two Brits try Tri-Tip Steak for the first time!,2026-05-12T01:43:40Z,61.0,False,440160,16840.0,352.0
8066,UCOgGAfSUy5LvEyVS_LF5kdw,JOLLY,CdS-Y9YH63o,These British Highschoolers Hated American Cheese!,2026-05-12T17:27:58Z,32.0,True,270580,8996.0,308.0
8066,UCOgGAfSUy5LvEyVS_LF5kdw,JOLLY,0X9jaQKDx-4,Japanese Chef Saved His Father's Ramen Shop 🇯🇵🍜,2026-05-13T19:31:30Z,63.0,False,371766,13787.0,221.0
8066,UCOgGAfSUy5LvEyVS_LF5kdw,JOLLY,y0FjAKaQOMU,British Headmaster tries American Fast Food! 🍔🍟🥤,2026-05-14T17:47:53Z,63.0,False,283261,14341.0,377.0
8066,UCOgGAfSUy5LvEyVS_LF5kdw,JOLLY,jFtNKB7GQ6I,British Highschoolers try Chick-fil-A for the first time!,2026-05-15T17:10:03Z,545.0,False,387392,18413.0,1801.0
8067,UCGISU4yWiEf4lB9RzdY8O4w,ZOEY ASMR 조이,4_v4ytNi79Y,ASMR MUKBANG | DAECHANG BEEF INTESTINE SPICY BULDAK NOODLES 대창 불닭볶음면 먹방 EATING SOUNDS | ZOEY ASMR 조이,2026-02-21T10:30:28Z,453.0,False,45597,950.0,64.0
8067,UCGISU4yWiEf4lB9RzdY8O4w,ZOEY ASMR 조이,wL0FZZj6vcw,ASMR MUKBANG | BLACK BEAN NOODLES JJAJANGMYEON 짜장면 먹방 EATING SOUNDS | ZOEY ASMR 조이,2026-02-24T12:01:16Z,530.0,False,49590,717.0,62.0
8067,UCGISU4yWiEf4lB9RzdY8O4w,ZOEY ASMR 조이,xXv7WNsfk64,ASMR MUKBANG | SPICY FRIED CHICKEN BLACK BAEN NOODLES 양념치킨 짜장라면 먹방 EATING SOUNDS | ZOEY ASMR 조이,2026-02-26T11:55:42Z,423.0,False,159827,1768.0,144.0
8067,UCGISU4yWiEf4lB9RzdY8O4w,ZOEY ASMR 조이,6YkrCfKJjG8,ASMR MUKBANG | RAINBOW DESSERTS 무지개 디저트 먹방 EATING SOUNDS | ZOEY ASMR 조이,2026-02-28T12:14:19Z,543.0,False,32586,508.0,55.0
8067,UCGISU4yWiEf4lB9RzdY8O4w,ZOEY ASMR 조이,zr7DgIFv0Sk,ASMR MUKBANG | CHEESE BULDAK NOODLES 치즈불닭볶음면 먹방 EATING SOUNDS 咀嚼音 | ZOEY ASMR 조이,2026-03-03T11:00:52Z,411.0,False,105489,1220.0,82.0
8067,UCGISU4yWiEf4lB9RzdY8O4w,ZOEY ASMR 조이,xxnvv-TTqlY,ASMR MUKBANG | DUBAI CHEWY COOKIE 두바이쫀득쿠키 먹방 EATING SOUNDS | ZOEY ASMR 조이,2026-03-05T11:37:19Z,574.0,False,77418,1099.0,72.0
8067,UCGISU4yWiEf4lB9RzdY8O4w,ZOEY ASMR 조이,5RyrtN4xIS8,"ASMR MUKBANG | POPEYES CHICKEN BURGER, FRIED CHICKEN 파파이스 버거 치킨 먹방 EATING SOUNDS | ZOEY ASMR 조이",2026-03-07T10:42:24Z,519.0,False,45049,985.0,78.0
8067,UCGISU4yWiEf4lB9RzdY8O4w,ZOEY ASMR 조이,UegB4YF1vro,ASMR MUKBANG | BOMDONG BIBIMBAP 봄동비빔밥 먹방 SPRING CABBAGE BIBIMBAP EATING SOUNDS | ZOEY ASMR 조이,2026-03-09T12:00:00Z,416.0,False,22391,550.0,36.0
8067,UCGISU4yWiEf4lB9RzdY8O4w,ZOEY ASMR 조이,veUQoK9gsuo,ASMR MUKBANG | CHILIS CHEESE STICKS BLACK BEAN NOODLES 칠리스치즈스틱 짜장라면 먹방 EATING SOUNDS | ZOEY ASMR 조이,2026-03-12T13:12:23Z,603.0,False,59756,1018.0,44.0
8067,UCGISU4yWiEf4lB9RzdY8O4w,ZOEY ASMR 조이,R0uMIyZkG30,인천 카페 언더스테어베이커리 먹방 Understair Bakery 🥯 #shorts #인천맛집,2026-03-13T13:14:59Z,39.0,True,19366,204.0,11.0
8067,UCGISU4yWiEf4lB9RzdY8O4w,ZOEY ASMR 조이,YGh2w6sGTeI,ASMR MUKBANG | SPICY BRAISED CHICKEN 닭볶음탕 먹방 #shorts,2026-03-14T13:43:49Z,59.0,True,40971,589.0,15.0
8067,UCGISU4yWiEf4lB9RzdY8O4w,ZOEY ASMR 조이,mN_F5KOxaiw,ASMR MUKBANG | SPICY NOODLES GANJJAMPPONG 간짬뽕 먹방 NO TALKING EATING SOUNDS | ZOEY ASMR 조이,2026-03-15T10:34:02Z,264.0,False,93933,907.0,34.0
8067,UCGISU4yWiEf4lB9RzdY8O4w,ZOEY ASMR 조이,hiZShiavKQE,청담족발 보쌈 먹방 MUKBANG | BOSSAM #shorts,2026-03-16T09:24:47Z,48.0,True,20849,244.0,10.0
8067,UCGISU4yWiEf4lB9RzdY8O4w,ZOEY ASMR 조이,rZh9_5yGoiw,인천 맛집 삼계탕 먹방 OUTDOOR MUKBANG | SAMGYETANG & CAFE #shorts,2026-03-16T10:07:29Z,56.0,True,21196,215.0,8.0
8067,UCGISU4yWiEf4lB9RzdY8O4w,ZOEY ASMR 조이,4oxRvOuk5GM,ASMR MUKBANG | KPOP DEMON HUNTERS RAMYUN 케데헌 라면 먹방 #mukbang #shorts,2026-03-17T09:37:56Z,33.0,True,33609,400.0,14.0
8067,UCGISU4yWiEf4lB9RzdY8O4w,ZOEY ASMR 조이,xC8DcAiNxvg,"ASMR MUKBANG | BURGER, FRIED CHICKEN, CHEESE RING 프랭크버거 치킨 먹방 EATING SOUNDS | ZOEY ASMR 조이",2026-03-17T11:48:41Z,430.0,False,41906,726.0,30.0
8067,UCGISU4yWiEf4lB9RzdY8O4w,ZOEY ASMR 조이,kE5QXFNAC9c,ASMR MUKBANG | FRIED CHICKEN CARBO NOODLES 맘스터치 후덕죽빅싸이순살 까르보불닭볶음면 먹방 EATING SOUNDS | ZOEY ASMR 조이,2026-03-22T11:11:50Z,351.0,False,52015,797.0,33.0
8067,UCGISU4yWiEf4lB9RzdY8O4w,ZOEY ASMR 조이,k5H0x1JdsPg,ASMR MUKBANG | SPICY TTEOKBOKKI KOREAN CHEESE HOT DOGS 명랑핫도그 떡볶이 먹방 EATING SOUNDS | ZOEY ASMR 조이,2026-03-24T13:07:46Z,542.0,False,41806,914.0,32.0
8067,UCGISU4yWiEf4lB9RzdY8O4w,ZOEY ASMR 조이,PmCeHeam6gE,ASMR MUKBANG | SPICY ENOKI MUSHROOMS CHEESE FIRE NOODLES 짜장불닭팽이버섯 치즈불닭볶음면 먹방 EATING SOUNDS,2026-03-26T11:26:55Z,438.0,False,152767,1366.0,90.0
8067,UCGISU4yWiEf4lB9RzdY8O4w,ZOEY ASMR 조이,xXoIwIGoP1o,인천맛집 복희반점 짜장면 먹방 #mukbang,2026-03-27T03:29:14Z,34.0,True,30353,346.0,5.0
8067,UCGISU4yWiEf4lB9RzdY8O4w,ZOEY ASMR 조이,glKKwYcrDWU,만화방 먹방 #mukbang,2026-03-27T03:56:31Z,51.0,True,27611,410.0,12.0
8067,UCGISU4yWiEf4lB9RzdY8O4w,ZOEY ASMR 조이,zG1ZEq3VKFs,MUKBANG | HAMBAG STEAK CURRY BUTTER RICE CAKE 함박스테이크 커리 버터떡 먹방 EATING SOUNDS | ZOEY ASMR 조이,2026-03-28T13:17:11Z,437.0,False,4784,190.0,25.0
8067,UCGISU4yWiEf4lB9RzdY8O4w,ZOEY ASMR 조이,whQwsq1SjiQ,MUKBANG | BLACK BEAN NOODLES JJAJANGMYEON MUKBANG! 짜장면 먹방,2026-03-28T13:32:39Z,475.0,False,7043,214.0,13.0
8067,UCGISU4yWiEf4lB9RzdY8O4w,ZOEY ASMR 조이,hA_TYrezqYk,MUKBANG | Doing a solo mukbang of cream jjamppong and cheese sticks at a comic café 만화카페에서 먹방하기,2026-03-28T13:44:14Z,550.0,False,10592,331.0,30.0
8067,UCGISU4yWiEf4lB9RzdY8O4w,ZOEY ASMR 조이,aHawMBolxN4,부천맛집 스시로 먹방 #shorts #sushi,2026-03-29T12:53:15Z,32.0,True,14815,195.0,9.0
8067,UCGISU4yWiEf4lB9RzdY8O4w,ZOEY ASMR 조이,gRec19I0qE8,부천카페 블랙소울클래식 #shorts,2026-03-29T12:57:43Z,28.0,True,16720,222.0,5.0
8067,UCGISU4yWiEf4lB9RzdY8O4w,ZOEY ASMR 조이,nVmHRnPKS0k,오공김밥 떡볶이 맛집!,2026-03-29T13:01:40Z,30.0,True,24435,313.0,13.0
8067,UCGISU4yWiEf4lB9RzdY8O4w,ZOEY ASMR 조이,nZbkIWCf9KE,ASMR MUKBANG | SPICY FIRE NOODLES SAUSAGES 직접 만든 불닭볶음면 김밥 소세지 먹방 & 레시피 EATING SOUNDS | ZOEY ASMR 조이,2026-03-30T13:47:57Z,594.0,False,319808,2723.0,111.0
8067,UCGISU4yWiEf4lB9RzdY8O4w,ZOEY ASMR 조이,HvLjh_bOQFA,ASMR MUKBANG | SPICY FRIED CHICKEN TTEOKBOKKI 직접 만든 떡볶이 양념치킨 먹방 & 레시피 EATING SOUNDS | ZOEY ASMR 조이,2026-04-01T14:50:47Z,649.0,False,44371,1164.0,110.0
8067,UCGISU4yWiEf4lB9RzdY8O4w,ZOEY ASMR 조이,nLgwtk-perA,ASMR KFC 통다리치킨 치즈소스 #mukbang,2026-04-02T13:28:20Z,111.0,False,38119,889.0,46.0
8067,UCGISU4yWiEf4lB9RzdY8O4w,ZOEY ASMR 조이,VGj5VPvqUQo,"ASMR MUKBANG | SPICY BULDAK SSAM BBQ PORK RIBS KIMCHI 직접만든 불닭쌈, 바베큐 폭립, 총각김치 먹방 EATING SOUNDS",2026-04-03T12:32:02Z,639.0,False,42591,850.0,98.0
8067,UCGISU4yWiEf4lB9RzdY8O4w,ZOEY ASMR 조이,HBoB6hYuicM,ASMR MUKBANG | BLACK BEAN NOODLES GREEN ONION KIMCHI JAMEICA CHICKEN 직접만든 파김치 진짜장 먹방 & 레시피 EATING,2026-04-06T13:21:10Z,685.0,False,34926,895.0,89.0
8067,UCGISU4yWiEf4lB9RzdY8O4w,ZOEY ASMR 조이,k-tZxWbtQVs,역대급 컴퓨터의자 추천! 누카,2026-04-09T05:47:50Z,29.0,True,17882,196.0,4.0
8067,UCGISU4yWiEf4lB9RzdY8O4w,ZOEY ASMR 조이,XuYbPrD-DRk,ASMR MUKBANG | SPICY ENOKI MUSHROOMS OCTOPUS 짜장불닭팽이버섯 낙지 먹방 EATING SOUNDS | ZOEY ASMR 조이,2026-04-10T11:43:16Z,495.0,False,104394,1144.0,126.0
8067,UCGISU4yWiEf4lB9RzdY8O4w,ZOEY ASMR 조이,0JcZvFR3FfY,ASMR 생생떡볶이 TTEOKBOKKI #mukbang,2026-04-12T09:29:42Z,87.0,False,26426,622.0,21.0
8067,UCGISU4yWiEf4lB9RzdY8O4w,ZOEY ASMR 조이,WBjCm7Q8X8w,ASMR MUKBANG | FRIED CHICKEN CHEESE BULDAK NOODLES BHC 쏘이갈릭킹 치즈불닭볶음면 먹방 EATING SOUNDS | ZOEY ASMR 조이,2026-04-14T11:02:04Z,482.0,False,76450,1155.0,80.0
8067,UCGISU4yWiEf4lB9RzdY8O4w,ZOEY ASMR 조이,IwKpL5iic8s,"ASMR MUKBANG | 파파이스 먹방! 치킨, 버거, 치즈스틱, 푹소스 Popeyes Party! Fried Chicken Burger Real Eating Sound",2026-04-17T12:09:43Z,482.0,False,34198,709.0,48.0
8067,UCGISU4yWiEf4lB9RzdY8O4w,ZOEY ASMR 조이,8trOLfrFUtk,파파이스 푹소스 폼 미쳤다… ASMR POPEYES FRIED CHICKEN #mukbang #asmr,2026-04-17T14:05:08Z,162.0,False,20992,567.0,18.0
8067,UCGISU4yWiEf4lB9RzdY8O4w,ZOEY ASMR 조이,JgY6fO_A8fg,불닭마요 연어 먹방 BULDAK MAYO SALMON #shorts,2026-04-19T13:21:34Z,69.0,False,21415,438.0,21.0
8067,UCGISU4yWiEf4lB9RzdY8O4w,ZOEY ASMR 조이,YGaFUtnc678,스키야키 먹방 Sukiyaki #mukbang,2026-04-20T14:21:41Z,133.0,False,17526,343.0,18.0
8067,UCGISU4yWiEf4lB9RzdY8O4w,ZOEY ASMR 조이,9k-VdzOcECM,ASMR MUKBANG | 우족찜 먹방 🍖 Spicy Braised Oxtail Mukbang eating,2026-04-21T11:58:29Z,441.0,False,37719,616.0,54.0
8067,UCGISU4yWiEf4lB9RzdY8O4w,ZOEY ASMR 조이,5mS3b2Yo_Ls,ASMR 우족찜 먹방 spicy braised oxtail #mukbang,2026-04-21T13:51:17Z,64.0,False,21038,377.0,18.0
8067,UCGISU4yWiEf4lB9RzdY8O4w,ZOEY ASMR 조이,fXHH1LADwH8,"ASMR MUKBANG | 짜파게티 치즈볼 대왕소세지 먹방 black bean noodles, cheese balls, giant sausage, eating show",2026-04-28T14:11:12Z,485.0,False,24032,656.0,50.0
8067,UCGISU4yWiEf4lB9RzdY8O4w,ZOEY ASMR 조이,6XPYMaA40z4,ASMR BLACK BEAN NOODLES 짜파게티 먹방 #shorts,2026-04-30T12:19:19Z,42.0,True,16412,312.0,25.0
8067,UCGISU4yWiEf4lB9RzdY8O4w,ZOEY ASMR 조이,B1bk4UoBiX0,"ASMR MUKBANG | 닭강정 크림짬뽕 먹방 creamy noodles, sweet and spicy korean fried chicken eating",2026-05-02T12:38:02Z,542.0,False,16697,509.0,36.0
8067,UCGISU4yWiEf4lB9RzdY8O4w,ZOEY ASMR 조이,AJZzAtvSp5s,ASMR FRUIT POPS 과일모양 프룻팝스 먹방 #shorts,2026-05-02T13:57:32Z,75.0,False,15985,367.0,17.0
8067,UCGISU4yWiEf4lB9RzdY8O4w,ZOEY ASMR 조이,fh1juqDn2UE,고디바 먹방 Godiva #mukbang,2026-05-03T12:31:49Z,89.0,False,11999,336.0,19.0
8067,UCGISU4yWiEf4lB9RzdY8O4w,ZOEY ASMR 조이,3KFYHf16c8c,ASMR MUKBANG | 맘스터치 핫치즈빅싸이순살 신라면 툼바 먹방 SPICY CHEESE CHICKEN SHIN RAMEN TOOMBA EATING SOUNDS,2026-05-12T10:36:32Z,407.0,False,20917,514.0,43.0
8067,UCGISU4yWiEf4lB9RzdY8O4w,ZOEY ASMR 조이,4swbnvmSTKc,신라면 툼바 맘스터치 핫치즈빅싸이순살 먹방 #shorts,2026-05-12T12:28:32Z,57.0,True,20812,599.0,21.0
8067,UCGISU4yWiEf4lB9RzdY8O4w,ZOEY ASMR 조이,P_OHQocGJuI,신라면 #먹방 #short,2026-05-14T12:27:43Z,134.0,False,8144,287.0,24.0
8068,UChlgI3UHCOnwUGzWzbJ3H5w, YTN,RpP0M7xCmxE,공격 주체는 사실상 이란 특정...대응 '공세' 고심 / YTN,2026-05-15T20:12:26Z,112.0,False,5388,81.0,46.0
8068,UChlgI3UHCOnwUGzWzbJ3H5w, YTN,J7sAjekHW7s,[에디터픽] 호르무즈서 또 솟구친 불기둥...인도 화물선 침몰 '충격' / YTN,2026-05-15T20:22:30Z,42900.0,False,67531,419.0,20.0
8068,UChlgI3UHCOnwUGzWzbJ3H5w, YTN,1LHfUphZncM,"보수 거점? 노동자 도시?...울산, '단일화'가 변수 / YTN",2026-05-15T20:27:01Z,192.0,False,1321,9.0,9.0
8068,UChlgI3UHCOnwUGzWzbJ3H5w, YTN,JpYItooZr_Q,또 반복된 '토론 숨바꼭질'...숨으면 이기는 선거? 알 권리도 '실종' / YTN,2026-05-15T20:27:54Z,162.0,False,910,8.0,8.0
8068,UChlgI3UHCOnwUGzWzbJ3H5w, YTN,iH_N0f9V3Tw,"박상용 징계, 공은 법무부로...'더 센 징계' 나올까? / YTN",2026-05-15T20:32:09Z,152.0,False,2148,24.0,27.0
8068,UChlgI3UHCOnwUGzWzbJ3H5w, YTN,gVa9Ao2S2j8,"'3살 사망' 책임 미루기?...경찰은 ""지자체 판단"" 지자체는 ""경찰 판단"" / YTN",2026-05-15T20:34:07Z,151.0,False,1852,22.0,17.0
8068,UChlgI3UHCOnwUGzWzbJ3H5w, YTN,bOKDNRWRnhw,[녹색] 비료 줄이고 탄소 잡고...'순환식 수경재배' 주목 / YTN,2026-05-15T20:38:01Z,124.0,False,1017,4.0,0.0
8068,UChlgI3UHCOnwUGzWzbJ3H5w, YTN,Mto0HiK26hs,"20년 전 행정 착오, 책임은 전부 교사가?...호봉 환수 날벼락 / YTN",2026-05-15T20:42:43Z,136.0,False,9316,116.0,105.0
8068,UChlgI3UHCOnwUGzWzbJ3H5w, YTN,eDT5mBuuD8g,"불안 커진 통학길...경찰, 학교 주변 순찰 강화 / YTN",2026-05-15T20:43:30Z,115.0,False,1617,21.0,2.0
8068,UChlgI3UHCOnwUGzWzbJ3H5w, YTN,gScjT0yYEyY,"트럼프 ""타이완 무기판매 논의"" 파장... ""시진핑에 이란 압박 부탁 안해"" / YTN",2026-05-15T20:58:05Z,277.0,False,23523,180.0,76.0
8068,UChlgI3UHCOnwUGzWzbJ3H5w, YTN,eY-SDJdSGPk,"""이젠 미국과 동급""…중국 위상만 확인한 채 귀국길 [뉴스START] 다시보기 2026년 05월 16일  / YTN",2026-05-15T21:02:21Z,2957.0,False,12874,147.0,14.0
8068,UChlgI3UHCOnwUGzWzbJ3H5w, YTN,BNQPkE8E8e8,성장 따로 고용 따로...'고용 없는 성장' 고착화 우려 / YTN,2026-05-15T21:31:37Z,166.0,False,2019,47.0,14.0
8068,UChlgI3UHCOnwUGzWzbJ3H5w, YTN,XhHrsIoL9us,"""빙수도 컵에""...고물가에 커지는 '미니 소비' / YTN",2026-05-15T21:36:17Z,125.0,False,3475,67.0,17.0
8068,UChlgI3UHCOnwUGzWzbJ3H5w, YTN,JfC72QpBd9w,[新농비] 쌀 흉작 주범 깨씨무늬병...생장 촉진제로 잡는다 / YTN,2026-05-15T21:37:14Z,148.0,False,959,6.0,0.0
8068,UChlgI3UHCOnwUGzWzbJ3H5w, YTN,9UdN_991wMI,"미중, 타이완 논의 파장…""이란 설득 부탁 안 해"" [뉴스START] 다시보기 2026년 05월 16일  / YTN",2026-05-15T22:00:35Z,2932.0,False,11995,99.0,5.0
8068,UChlgI3UHCOnwUGzWzbJ3H5w, YTN,uJLdCCImHT4,"[날씨] 30℃ 웃도는 한여름 더위, 다음 주 초까지...자외선·오존 비상 / YTN",2026-05-15T22:16:17Z,125.0,False,2609,31.0,3.0
8068,UChlgI3UHCOnwUGzWzbJ3H5w, YTN,zm0iFLab7KM,"""이젠 미국과 동급""…중국 위상만 확인한 채 귀국길 [뉴스START] 다시보기 2026년 05월 16일  / YTN",2026-05-15T22:48:22Z,2318.0,False,2367,20.0,2.0
8068,UChlgI3UHCOnwUGzWzbJ3H5w, YTN,2ZPqJ2joAWw,"트럼프 ""타이완 무기판매 논의"" 발언 파장...""시진핑에 이란 압박 부탁 안해"" / YTN",2026-05-15T22:52:04Z,281.0,False,5962,76.0,29.0
8068,UChlgI3UHCOnwUGzWzbJ3H5w, YTN,mEjKZwgVfkw,"러, 최대 규모 공습 27명 사망... 우크라 ""응징한다"" / YTN",2026-05-15T23:06:55Z,149.0,False,16928,141.0,63.0
8068,UChlgI3UHCOnwUGzWzbJ3H5w, YTN,w_GLGsGNcHM,[이슈픽] 미국 부통령마저 '이례적' 인정...트럼프에 치명타 되나 / YTN,2026-05-15T23:27:51Z,42900.0,False,23794,130.0,17.0
8068,UChlgI3UHCOnwUGzWzbJ3H5w, YTN,JbFbaAkAeSk,[뉴스모아] '도광양회' 던진 시진핑…트럼프 향해 '돌직구' 술술 / YTN,2026-05-15T23:34:26Z,955.0,False,5199,58.0,15.0
8068,UChlgI3UHCOnwUGzWzbJ3H5w, YTN,0gOntGvsZLk,"""타이완 무기판매 논의"" 발언 파장...트럼프 결정에 촉각 / YTN",2026-05-15T23:46:46Z,119.0,False,2159,17.0,11.0
8068,UChlgI3UHCOnwUGzWzbJ3H5w, YTN,Y5mdYhbARmo,"이란 전체가 노리는 트럼프? ""암살 성공 시 870억 지급 검토"" [지금이뉴스] / YTN",2026-05-15T23:52:36Z,116.0,False,2816,21.0,16.0
8068,UChlgI3UHCOnwUGzWzbJ3H5w, YTN,Q21UB-7UeAY,"막내린 미중정상회담...트럼프 ""타이완 무기판매 논의"" 파장 / YTN",2026-05-16T00:04:28Z,2244.0,False,12093,163.0,51.0
8068,UChlgI3UHCOnwUGzWzbJ3H5w, YTN,NkTF-OSLaS0,"""이번 주말이 진짜 고비"" 이란의 조롱에 트럼프 '중대 결단' [Y녹취록] / YTN",2026-05-16T00:12:28Z,227.0,False,16734,158.0,30.0
8068,UChlgI3UHCOnwUGzWzbJ3H5w, YTN,5Ur3zrlJoHk,"""온도·압력 동시에 느낀다""...사람 촉각기능 구현한 인공 피부 / YTN",2026-05-16T00:21:52Z,98.0,False,773,8.0,0.0
8068,UChlgI3UHCOnwUGzWzbJ3H5w, YTN,1BpIcNy0Mfs,[자막뉴스] 치매 '조기 진단' 시대 열렸다...환자 혈액으로 만든 기술 / YTN,2026-05-16T00:30:01Z,90.0,False,3313,35.0,8.0
8068,UChlgI3UHCOnwUGzWzbJ3H5w, YTN,84Gre5lG__g,발칵 뒤집힌 나토...트럼프 '폭탄 선언'  [한방이슈] / YTN,2026-05-16T00:49:15Z,1015.0,False,33687,658.0,179.0
8068,UChlgI3UHCOnwUGzWzbJ3H5w, YTN,b4tdG20yZbg,"""이란 관련 어떤 부탁도 안해""...'빈손 귀국'에 유가 상승 / YTN",2026-05-16T00:57:12Z,256.0,False,1204,7.0,6.0
8068,UChlgI3UHCOnwUGzWzbJ3H5w, YTN,T3WTGM5oyVo,"""북한 관련 논의...시진핑, 타이완 공격 시 미국 대응 물어"" / YTN",2026-05-16T01:02:06Z,134.0,False,1990,18.0,4.0
8068,UChlgI3UHCOnwUGzWzbJ3H5w, YTN,xgtfSgsvt1w,[자막뉴스] 트럼프 수작을 시진핑이 모를리 없다...귀신같은 타이밍 / YTN,2026-05-16T01:02:59Z,131.0,False,11193,205.0,363.0
8068,UChlgI3UHCOnwUGzWzbJ3H5w, YTN,sK6QPnH9lMI,요동치는 물가와 기름값에 신음하는 튀르키예 / YTN,2026-05-16T01:12:43Z,177.0,False,3388,36.0,11.0
8068,UChlgI3UHCOnwUGzWzbJ3H5w, YTN,tmbnrnNVtLU,"[에디터픽] ""신뢰하지 않는다""…이란, 협상 앞 미 태도 비판 / YTN",2026-05-16T01:16:11Z,,False,16392,169.0,0.0
8068,UChlgI3UHCOnwUGzWzbJ3H5w, YTN,lz8sWqM5mBw,"노동장관, 삼성전자 경영진 면담...파업 중재 역할 / YTN",2026-05-16T01:41:36Z,154.0,False,5069,40.0,108.0
8068,UChlgI3UHCOnwUGzWzbJ3H5w, YTN,jvQdI6UAvug,피해 점주들 '부글부글'...양심 튀겨먹은 '먹튀범'의 최후  [사건 와이파일],2026-05-16T01:56:27Z,846.0,False,747,12.0,2.0
8068,UChlgI3UHCOnwUGzWzbJ3H5w, YTN,ipgd-Ef3Kgc,[에디터픽] 민간 선박도 공격 대상?…'지옥의 바다' 된 호르무즈 / YTN,2026-05-16T02:15:26Z,,False,7982,101.0,0.0
8068,UChlgI3UHCOnwUGzWzbJ3H5w, YTN,IJGCOC4FLl4,길어지는 이란 전쟁 여파에 의료 소모품 공급 차질 / YTN,2026-05-16T02:16:36Z,158.0,False,240,1.0,2.0
8068,UChlgI3UHCOnwUGzWzbJ3H5w, YTN,urdIRvxM2ok,두 손 맞잡은 미중 정상...이란 해법은 '빈손' / YTN,2026-05-16T02:16:54Z,1772.0,False,479,9.0,3.0
8068,UChlgI3UHCOnwUGzWzbJ3H5w, YTN,c-JFpGPzB5M,"후보 등록 뒤 첫 주말...여야, 유세 지원 총력전 / YTN",2026-05-16T02:21:24Z,155.0,False,291,5.0,2.0
8068,UChlgI3UHCOnwUGzWzbJ3H5w, YTN,F-ukIXVSZGA,봄·여름 사이 불암산 수놓은 '수국' 물결 / YTN,2026-05-16T02:31:45Z,125.0,False,1288,25.0,1.0
8068,UChlgI3UHCOnwUGzWzbJ3H5w, YTN,D40FMb1GqUk,중국이 두려웠던 미국...백악관 전부 휴대폰 끈 채로 '초긴장' [지금이뉴스] / YTN,2026-05-16T02:41:41Z,110.0,False,4379,69.0,36.0
8068,UChlgI3UHCOnwUGzWzbJ3H5w, YTN,k7pd-d2g-cI,[이슈픽] 선물 보따리 기대했는데...중국 위상만 확인한 트럼프 '굴욕' / YTN,2026-05-16T02:48:56Z,42900.0,False,15296,145.0,25.0
8068,UChlgI3UHCOnwUGzWzbJ3H5w, YTN,Nd5CmwDJvPU,"트럼프 '빈손' 비판에 ""역사적 방문...곧 성과 볼 것"" / YTN",2026-05-16T03:02:11Z,316.0,False,1578,25.0,28.0
8068,UChlgI3UHCOnwUGzWzbJ3H5w, YTN,3AX4V_5sTdM,"노동장관, 삼성전자 경영진 면담...파업 중재 역할 / YTN",2026-05-16T03:11:50Z,153.0,False,3269,40.0,106.0
8068,UChlgI3UHCOnwUGzWzbJ3H5w, YTN,xplH2Rr_NUo,내부 직원에게 자수 권유하는 강남경찰서? 유서 깊은 불신의 역사 [지금이뉴스] / YTN,2026-05-16T03:12:23Z,96.0,False,2907,61.0,50.0
8068,UChlgI3UHCOnwUGzWzbJ3H5w, YTN,ahXZJ1mEHyY,인간 없이 박스 옮기고 스스로 3교대...웃음기 싹 가시는 로봇 근무 [지금이뉴스] / YTN,2026-05-16T03:30:04Z,126.0,False,403,9.0,3.0
8068,UChlgI3UHCOnwUGzWzbJ3H5w, YTN,eHWzaBFT66k,[자막뉴스] 트럼프 집요한 질문에 대놓고 면박 준 시진핑...G2 숨 막히는 심리전 / YTN,2026-05-16T03:32:48Z,133.0,False,2065,27.0,9.0
8068,UChlgI3UHCOnwUGzWzbJ3H5w, YTN,2WTZ19YRD5Y,6·3 지방선거 후보 등록 뒤 첫 주말...단일화 신경전 / YTN,2026-05-16T03:58:15Z,1769.0,False,110,2.0,0.0
8068,UChlgI3UHCOnwUGzWzbJ3H5w, YTN,GY4-hn64hKA,이란 전쟁에 원유 수급 불안정에 의료 소모품 차질 / YTN,2026-05-16T04:07:09Z,160.0,False,123,1.0,0.0
8068,UChlgI3UHCOnwUGzWzbJ3H5w, YTN,ZVRnnDN36Qo,"후보 등록 뒤 첫 주말...여야, 민심 잡기 총력전 / YTN",2026-05-16T04:11:44Z,192.0,False,28,0.0,0.0
8069,UCFCtZJTuJhE18k8IXwmXTYQ,EBSDocumentary (EBS 다큐),YfQLx4KlMkU,"이정도면 작은 구멍가게 수준, 1년에 2억 번다는 중국 양식장의 정체｜하나만 잘 키워도 한 마리 2천만 원 한다는 물고기 정체 ｜세계테마기행｜#골라듄다큐",2026-05-13T10:30:30Z,1726.0,False,28467,136.0,29.0
8069,UCFCtZJTuJhE18k8IXwmXTYQ,EBSDocumentary (EBS 다큐),7BynpRDA2KY,미국 뉴욕에서 대한민국 충주로. 8년 동안 돈을 모아 한옥을 리모델링한 뉴요커 아내｜건축탐구 집｜#골라듄다큐,2026-05-13T11:00:10Z,1235.0,False,13159,84.0,2.0
8069,UCFCtZJTuJhE18k8IXwmXTYQ,EBSDocumentary (EBS 다큐),1FUpLujZqwg,컴퓨터 납품하고 돈 대신 받아온 말. 딸에게 보여줬더니｜어쩌다 키우게 된 말 한 마리가 결국 30마리. 12종 동물 대가족의 정체｜어미 말의 출산의 순간｜한국기행｜#골라듄다큐,2026-05-13T11:30:01Z,928.0,False,85659,1168.0,64.0
8069,UCFCtZJTuJhE18k8IXwmXTYQ,EBSDocumentary (EBS 다큐),f8IjNx044Fs,"왔다 내 수면제💊 심해 동굴에서 발견된 수십 마리 사체, 거북이의 비극적 여정의 끝｜다큐프라임｜#골라듄다큐",2026-05-13T11:45:04Z,7462.0,False,12652,61.0,5.0
8069,UCFCtZJTuJhE18k8IXwmXTYQ,EBSDocumentary (EBS 다큐),FUd33RbQW-E,🐟고기 한 마리만 있으면 여기가 바로 횟집. 먹으려고 배 타는 어부들🐟｜신선한 물고기 바로 썰어서 먹는 어선 먹방 1시간 몰아보기｜한국기행｜#tv로보는골라듄다큐,2026-05-13T12:00:25Z,4211.0,False,16615,99.0,3.0
8069,UCFCtZJTuJhE18k8IXwmXTYQ,EBSDocumentary (EBS 다큐),qpQPUnO_9g4,"자연이 허락한 시간의 맛, 연중 딱 한 번! 지금 아니면 못 먹는 제철 음식들?!ㅣ지금 아니면 못 먹어요ㅣ한국기행ㅣTV로 보는 #골라듄다큐",2026-05-13T17:01:09Z,2714.0,False,8137,52.0,5.0
8069,UCFCtZJTuJhE18k8IXwmXTYQ,EBSDocumentary (EBS 다큐),OYAYxUwqGc4,재개발 보상금으로 아파트 대신 산을 통째로 샀더니.. 서울에서 원룸살던 딸들 인생까지 돈 주고도 못 살 행복을 샀다｜집 대신 산을 산 아빠가 그린 큰 그림｜한국기행｜#골라듄다큐,2026-05-14T01:39:47Z,965.0,False,44969,331.0,36.0
8069,UCFCtZJTuJhE18k8IXwmXTYQ,EBSDocumentary (EBS 다큐),FAnLwwyaAfs,새벽예불 한 번도 안 빠진 역대급 불자견. 웬만한 사람보다 절 생활 잘하면서 템플스테이 온 행자들 안내하더니｜미황사｜한국기행｜#골라듄다큐,2026-05-14T02:00:25Z,922.0,False,5247,65.0,1.0
8069,UCFCtZJTuJhE18k8IXwmXTYQ,EBSDocumentary (EBS 다큐),I6RRIDi3Otk,사람 한 명 없는 외딴섬에 부부가 모두 낚시 고수면 생기는 일｜한국기행｜#골라듄다큐,2026-05-14T03:00:31Z,991.0,False,10789,44.0,2.0
8069,UCFCtZJTuJhE18k8IXwmXTYQ,EBSDocumentary (EBS 다큐),63Lmr0FHubk,"“내가 흘린 땀이 수류탄이 된다” 1,600도 쇳물 지옥 한 번의 실수도 허용치 않는 현장｜세계 점유율 40% 한국 조선이 세계 1위인 진짜 이유｜선박의 심장｜극한직업｜#골라듄다큐",2026-05-14T05:15:00Z,2956.0,False,5031,69.0,2.0
8069,UCFCtZJTuJhE18k8IXwmXTYQ,EBSDocumentary (EBS 다큐),ZDjI1TcKvQk,"어머니와 이 계절을 또 맞이할 수 있을까. 1년 전, 췌장암 선고받은 어머니와 효심 깊은 아들의 세상에서 가장 아름다운 이별 준비ㅣ한국기행ㅣ#골라듄다큐",2026-05-14T06:00:20Z,912.0,False,1927,21.0,3.0
8069,UCFCtZJTuJhE18k8IXwmXTYQ,EBSDocumentary (EBS 다큐),V1bFbiXDFgY,장날 맞춰서 옮겨 다니는 호떡집에 손님들이 따라 다니는 이유｜가족 기업 수준이 됐다는 40년 호떡집의 정체｜한국기행｜#골라듄다큐,2026-05-14T06:30:13Z,1806.0,False,5926,54.0,5.0
8069,UCFCtZJTuJhE18k8IXwmXTYQ,EBSDocumentary (EBS 다큐),_ZXp9n6est4,2년마다 이사 다니는 시대? 우리는 결혼하고 단 한번도 이사한 적 없다｜결혼 후 오래 살던 집이 기울자 다시 무너뜨리고 새 집을 지었더니｜건축탐구 집｜#골라듄다큐,2026-05-14T07:00:23Z,1338.0,False,7154,91.0,4.0
8069,UCFCtZJTuJhE18k8IXwmXTYQ,EBSDocumentary (EBS 다큐),kfe0GMImQLM,"""우리 사장님, 부자예요"" 고기 못 잡아도 선원들 월급 많이 주는 배 탔더니｜봄철에만 맛볼 수 있는 봄멸치｜이수도 1박 3식 민박집｜국내 섬 여행 추천코스｜한국기행｜#골라듄다큐",2026-05-14T07:00:37Z,1831.0,False,9345,102.0,6.0
8069,UCFCtZJTuJhE18k8IXwmXTYQ,EBSDocumentary (EBS 다큐),SLJ2wGH-Hi0,더군다나 깊고 험하기로 유명한 곰배령 산골｜도시사람들 보다 배부르고 행복하게 산다는 여자 자연인｜한국기행｜#골라듄다큐,2026-05-14T07:30:27Z,980.0,False,2351,20.0,0.0
8069,UCFCtZJTuJhE18k8IXwmXTYQ,EBSDocumentary (EBS 다큐),72g6QoXMBEY,"월 매출만 6,000만원. 손님들이 굳이 여기까지 찾아오는 이유 있다. 첩첩산중에 지은 2,500평짜리 양장점의 비밀｜서장훈의 이웃집 백만장자｜#골라듄다큐",2026-05-14T08:00:08Z,960.0,False,33499,208.0,2.0
8069,UCFCtZJTuJhE18k8IXwmXTYQ,EBSDocumentary (EBS 다큐),1QkT1av_5n4,아무나 들어갈 수 없는 한강 통제 구역 바닥을 그물로 싹 긁어봤더니｜배는 작은데 물고기 쏟아진다. 한강 여자 어부의 하루｜한국기행｜#골라듄다큐,2026-05-14T08:30:00Z,884.0,False,13985,80.0,4.0
8069,UCFCtZJTuJhE18k8IXwmXTYQ,EBSDocumentary (EBS 다큐),yCOwqWfRbOE,"AI시대 살아남을 원천 기술, 281년째 이어오는 무형문화재 가업을 물려받았다｜극한직업｜#골라듄다큐",2026-05-14T08:45:03Z,1476.0,False,5797,37.0,6.0
8069,UCFCtZJTuJhE18k8IXwmXTYQ,EBSDocumentary (EBS 다큐),OtxK7hPchaY,"건물 팔고 돌연 산골로 들어가 버린 대한민국 1세대 패션 디자이너의 선택. 2,500평 짜리 양장점을 지어버렸다｜서장훈의 이웃집 백만장자｜#골라듄다큐",2026-05-14T09:00:34Z,825.0,False,5635,54.0,2.0
8069,UCFCtZJTuJhE18k8IXwmXTYQ,EBSDocumentary (EBS 다큐),jMl_JbUuU6c,"잡기 힘든 산 멧돼지의 포획 확률이 56배 늘어난 이유, 사냥개를 이긴 드론 한대｜극한직업｜#골라듄다큐",2026-05-14T09:30:30Z,1431.0,False,431696,2981.0,234.0
8069,UCFCtZJTuJhE18k8IXwmXTYQ,EBSDocumentary (EBS 다큐),O0KWIZojOck,모든 걸 잃고 시작했지만 결국 인생역전. 1980년대 월 매출 1억 번 대한민국 1세대 패션 디자이너의 성공 과정｜서장훈의 이웃집 백만장자｜#골라듄다큐,2026-05-14T10:00:28Z,925.0,False,6259,68.0,4.0
8069,UCFCtZJTuJhE18k8IXwmXTYQ,EBSDocumentary (EBS 다큐),LpGzHF771BM,한국인들 잘 모를 때 먹어둬야 한다. 바위인 척하는 귀한 몸의 정체｜딱 봄 한철만 허락된다. 오직 섬진강 하구에서만 자란다는 벚굴｜하동의 자랑 봄 재첩 요리｜한국기행｜#골라듄다큐,2026-05-14T10:30:12Z,899.0,False,5742,34.0,0.0
8069,UCFCtZJTuJhE18k8IXwmXTYQ,EBSDocumentary (EBS 다큐),gaOGYt19PPY,5살이 먹기엔 너무 많은데.. 손자 굶는 건 못 참는 증조 할머니의 한끼｜한국기행｜#골라듄다큐,2026-05-14T10:45:04Z,874.0,False,13961,58.0,10.0
8069,UCFCtZJTuJhE18k8IXwmXTYQ,EBSDocumentary (EBS 다큐),C_NmFVwvgUA,"묘지가 보통 명당이더라. 예물 대신 1,600평 땅을 사서 집을 지은 신혼부부가 떨어져 사는 사연｜건축탐구 집｜#골라듄다큐",2026-05-14T11:00:30Z,1358.0,False,6824,25.0,1.0
8069,UCFCtZJTuJhE18k8IXwmXTYQ,EBSDocumentary (EBS 다큐),9VnXiBz6Cw8,500명 넘게 살던 섬이 무인도 다 됐다. 섬에 남은 사람들 뭐하고 사나 봤더니｜막걸리 양조장｜낭도｜한국기행｜#골라듄다큐,2026-05-14T11:03:55Z,906.0,False,14922,63.0,5.0
8069,UCFCtZJTuJhE18k8IXwmXTYQ,EBSDocumentary (EBS 다큐),wmsvjlPWxNE,레시피만 믿고 온가족이 쑥떡만 만드는데 대박. 50년째 불티나게 팔리는 쑥떡 집｜한국기행｜#골라듄다큐,2026-05-14T11:30:48Z,867.0,False,19259,123.0,7.0
8069,UCFCtZJTuJhE18k8IXwmXTYQ,EBSDocumentary (EBS 다큐),XoZ9gGFIUQI,17년 전 산골짜기 빈집 고쳐 맘껏 게으르게 사는 부부의 일상｜해발 500m 산골 오지의 숲속 점방과 구들장｜심심산골에서 나답게 사는 법｜한국기행｜#골라듄다큐,2026-05-14T12:02:15Z,847.0,False,19779,139.0,7.0
8069,UCFCtZJTuJhE18k8IXwmXTYQ,EBSDocumentary (EBS 다큐),-6_WubxJY4Y,30년째 직접 농사짓는 나물만 갖다쓴다. 봄 제철 제대로 맞은 싱싱한 나물을 직접 따와 부쳐주는 오일장 가게｜한국기행｜#골라듄다큐,2026-05-15T04:00:00Z,949.0,False,3313,30.0,2.0
8069,UCFCtZJTuJhE18k8IXwmXTYQ,EBSDocumentary (EBS 다큐),PJvaDb3xZSo,"산속에 집 짓는 대신 건축비 반값. 둘이서 90평 집 짓고 남은 돈으로 헬스장, 영화관 하고 싶은 거 다 해놓은 40대 부부｜임야 단독주택｜건축탐구 집｜#골라듄다큐",2026-05-15T05:00:18Z,1470.0,False,9140,111.0,9.0
8069,UCFCtZJTuJhE18k8IXwmXTYQ,EBSDocumentary (EBS 다큐),OZshuO_FV1Y,찬란한 영화배우 생활 접고 자연인이 된 남자의 사계절을 모아봤다. 한국기행 제작진하고 호형호제 하는 자연인｜한국기행｜#골라듄다큐,2026-05-15T06:00:13Z,3053.0,False,7518,34.0,2.0
8069,UCFCtZJTuJhE18k8IXwmXTYQ,EBSDocumentary (EBS 다큐),71xmVH9igAU,직접 공수한 횟감 있을 때만 장사하는 섬마을 횟집 찾아가봤더니｜귀촌 부부가 돈 욕심 없이 차린 식당｜한국기행｜#골라듄다큐,2026-05-15T07:00:10Z,870.0,False,16937,112.0,11.0
8069,UCFCtZJTuJhE18k8IXwmXTYQ,EBSDocumentary (EBS 다큐),gfJdXHqktMc,"이런 게 마을을 돌아다니면 안 된다. 겁에 질린 마을 사람들, 처음에는 가축만 노리더니｜극한직업｜#골라듄다큐",2026-05-15T07:30:17Z,2533.0,False,106145,400.0,21.0
8069,UCFCtZJTuJhE18k8IXwmXTYQ,EBSDocumentary (EBS 다큐),9wGP922bRms,"집주인 말만 믿었는데, 웃으며 도장 찍고 전재산 날리는 순간. 전문가들이 경악한 전세 계약 현장｜피해자들의 눈물로 쓰여진 전세계약 안전수칙｜전셋집 구하기 프로젝트｜#골라듄다큐",2026-05-15T08:00:10Z,5594.0,False,1609,31.0,4.0
8069,UCFCtZJTuJhE18k8IXwmXTYQ,EBSDocumentary (EBS 다큐),XuyKZngKcZI,시공사도 뜯어말린 합판 인테리어 강행했다가 집을 망쳐버렸다?!｜며칠을 울던 아내가 선택한 2층 집의 소름 돋는 반전｜건축탐구 집｜#골라듄다큐,2026-05-15T08:15:04Z,3174.0,False,3622,19.0,1.0
8069,UCFCtZJTuJhE18k8IXwmXTYQ,EBSDocumentary (EBS 다큐),ymmz9mLcdB8,"말벌 잡겠다고 잠자리채 들고 뛰어다니다 얼굴에 온통 쏘인 할아버지, 결국 작업자들 불렀는데｜극한직업｜#골라듄다큐",2026-05-15T08:30:34Z,1130.0,False,5579,45.0,4.0
8069,UCFCtZJTuJhE18k8IXwmXTYQ,EBSDocumentary (EBS 다큐),KQNNLOsqX44,전세계 의사들이 포기한 하지 마비｜평생 걸을 수 없다고 생각한 하지 마비 환자에게 웨어러블 로봇을 입혀봤더니｜#골라듄다큐,2026-05-15T08:45:02Z,2679.0,False,6324,50.0,3.0
8069,UCFCtZJTuJhE18k8IXwmXTYQ,EBSDocumentary (EBS 다큐),ZM3klsXqG9k,믿을 수 없는 인류의 흔적｜아직도 풀지 못한 ‘전세계 불가사의 미스터리 장소’ 한 번에 몰아보기｜세계테마기행｜#골라듄다큐,2026-05-15T09:00:56Z,2697.0,False,3503,40.0,3.0
8069,UCFCtZJTuJhE18k8IXwmXTYQ,EBSDocumentary (EBS 다큐),e5eH9gE2XU4,남편이 밤마다 장어랑 낙지를 주워 와요. 던지면 건지는 도심 속 해루질 포인트｜한국기행｜#골라듄다큐,2026-05-15T09:30:15Z,908.0,False,6687,35.0,2.0
8069,UCFCtZJTuJhE18k8IXwmXTYQ,EBSDocumentary (EBS 다큐),cJbrnhkZhYY,아무도 몰랐던 교통 정체의 원인. 왜 자꾸 차가 막히는지 이유를 알아봤더니｜다큐프라임｜#골라듄다큐,2026-05-15T10:00:57Z,1239.0,False,2955,20.0,6.0
8069,UCFCtZJTuJhE18k8IXwmXTYQ,EBSDocumentary (EBS 다큐),Y2fwfXp5EGM,"한 번 맛보면 못 잊어 또 온다. 하루 3,000개 튀김 만드는 분식집의 정체｜대구 시장 골목 뒤집어놓은 떡볶이｜장모님께 배운 고추장 레시피로 인생 바꾼 부부｜극한직업｜#골라듄다큐",2026-05-15T10:30:18Z,1108.0,False,16059,101.0,12.0
8069,UCFCtZJTuJhE18k8IXwmXTYQ,EBSDocumentary (EBS 다큐),NVDn2PQ4-tI,특수부대 중에서도 TOP. 8박 9일간의 설한지 극복 및 생존 훈련｜대한민국 남자라면 평생 못 잊는 전투식량 라면의 맛｜한국 대표 특수부대 육군 특전사 흑표부대｜다큐인｜#골라듄다큐,2026-05-15T11:00:29Z,2911.0,False,12455,83.0,9.0
8069,UCFCtZJTuJhE18k8IXwmXTYQ,EBSDocumentary (EBS 다큐),uxELi00EQL8,관광객보다 현지인이 더 많은 진짜 화려한 항구도시.  이탈리아 찐부자들이 대대손손 돈 숨겨둔 지중해의 보석 같은 도시｜제노바 1박2일｜세계테마기행 ｜#골라듄다큐,2026-05-15T11:30:43Z,2396.0,False,3736,39.0,1.0
8069,UCFCtZJTuJhE18k8IXwmXTYQ,EBSDocumentary (EBS 다큐),pBUZ837HhCg,나무 한 그루에 딱 하나뿐. 처음보는 20만 그루의 나무. 알고보니 돈 벌어다주는 귀한 놈의 정체｜참두릅 수확과정｜극한직업｜#골라듄다큐,2026-05-15T12:01:22Z,594.0,False,18350,64.0,4.0
8069,UCFCtZJTuJhE18k8IXwmXTYQ,EBSDocumentary (EBS 다큐),BcSqqij8EDs,직접 사 먹는 사람은 없는데 한국만 계속 수입하는 의문의 과일｜뷔페 단골 과일 용과 수확 과정｜극한직업｜#골라듄다큐,2026-05-15T12:30:13Z,987.0,False,17641,77.0,17.0
8069,UCFCtZJTuJhE18k8IXwmXTYQ,EBSDocumentary (EBS 다큐),Iy8TkzP9xzM,"우리에게는 알려지지 않은 미지의 땅, 두근두근 가슴 뛰는 '이란'?!ㅣ두근두근 이란ㅣ세계테마기행ㅣTV로 보는 #골라듄다큐",2026-05-15T17:00:21Z,6565.0,False,5510,69.0,10.0
8069,UCFCtZJTuJhE18k8IXwmXTYQ,EBSDocumentary (EBS 다큐),zP5Qrc7DGT0,아무도 없는 산골인데 전세계에서 찾아온다. 외국인에게 숙식 제공하는 어느 부부｜한국기행｜#골라듄다큐,2026-05-16T01:00:53Z,824.0,False,1647,29.0,1.0
8069,UCFCtZJTuJhE18k8IXwmXTYQ,EBSDocumentary (EBS 다큐),I-Ie1UdT-go,앞으로 이 사람과만 하겠다는 독점적 계약 결혼. 어쩌면 누군가에게는 유전적으로 맞지 않을 수도 있다｜다큐프라임｜#골라듄다큐,2026-05-16T02:00:15Z,1877.0,False,3283,56.0,29.0
8069,UCFCtZJTuJhE18k8IXwmXTYQ,EBSDocumentary (EBS 다큐),CZkXBEozrtA,"도시 떠나 아빠 고향으로 귀농한 30대 딸, 5년 동안 부녀가 함께 일군 놀라운 일상｜서툴지만 꿀 따고 한옥 지으며 행복 수확 중｜강원도 화천｜한국기행｜#골라듄다큐",2026-05-16T02:30:13Z,878.0,False,601,13.0,0.0
8069,UCFCtZJTuJhE18k8IXwmXTYQ,EBSDocumentary (EBS 다큐),APMkCmJsmLc,돈 대신 받아온 말 한 마리가 인생을 바꿔놨다｜결국 온갖 동물을 데려와 자식처럼 키우게된 부녀의 사연｜한국기행｜#골라듄다큐,2026-05-16T03:00:08Z,974.0,False,2052,75.0,4.0
8069,UCFCtZJTuJhE18k8IXwmXTYQ,EBSDocumentary (EBS 다큐),WfzijbuxdoA,"서울 한복판에서 단돈 6,000원? 외국인 관광객들이 먼저 알고 줄 서서 기다린다는 역대급 '갓성비' 한방체험 성지｜한국기행｜#골라듄다큐",2026-05-16T04:00:34Z,913.0,False,165,3.0,1.0
8070,UC7lb15P-Hux7A5gBuhCxtuQ,MBCdrama,NDXZbvmfMQc,"[첫 번째 남자] ＂관심이 있겠지＂ 이재황과 우연히 만난 척하는 최지연, MBC 260511 방송",2026-05-11T10:27:37Z,218.0,False,47492,302.0,24.0
8070,UC7lb15P-Hux7A5gBuhCxtuQ,MBCdrama,jZNJ2_JGhrE,"[첫 번째 남자] ＂네가 우리 준호 부추긴 거지?＂ 김민설 탓하는 오현경, MBC 260511 방송",2026-05-11T10:32:06Z,186.0,False,24337,201.0,15.0
8070,UC7lb15P-Hux7A5gBuhCxtuQ,MBCdrama,BqSX_oaxF74,"[첫 번째 남자] ＂내 신부라고요＂ 궤변을 늘어놓는 박건일, MBC 260511 방송",2026-05-11T10:37:01Z,171.0,False,23313,202.0,41.0
8070,UC7lb15P-Hux7A5gBuhCxtuQ,MBCdrama,VhznwCN4oUs,"[첫 번째 남자] ＂네가 어떻게 이럴 수 있어＂ 박건일X함은정 찾아낸 윤선우, MBC 260511 방송",2026-05-11T10:52:18Z,157.0,False,38747,277.0,70.0
8070,UC7lb15P-Hux7A5gBuhCxtuQ,MBCdrama,oclTCcpUuoM,"[첫 번째 남자] ＂회장님 딸이 살아있다고?＂ 대화 엿들은 오현경, MBC 260511 방송",2026-05-11T11:01:55Z,182.0,False,26596,206.0,40.0
8070,UC7lb15P-Hux7A5gBuhCxtuQ,MBCdrama,oCEij4VyTIY,"[첫 번째 남자 104회 예고] ＂나 배신하려는 거야?＂, MBC 260512 방송",2026-05-11T11:11:05Z,29.0,True,28175,242.0,40.0
8070,UC7lb15P-Hux7A5gBuhCxtuQ,MBCdrama,6KRjjEWhk9s,"[오십프로 메이킹] 온앤오프 확실한 세 프로들의 ＜오십프로＞ 포스터 촬영 비하인드ㅣ5/22(금) 첫 방송, MBC 260522 방송",2026-05-12T03:00:13Z,253.0,False,931,51.0,1.0
8070,UC7lb15P-Hux7A5gBuhCxtuQ,MBCdrama,vWATQ2WkQPU,"[오십프로] 온앤오프 확실한 세 프로, MBC 260522 방송",2026-05-12T03:00:39Z,52.0,True,2130,18.0,0.0
8070,UC7lb15P-Hux7A5gBuhCxtuQ,MBCdrama,a4jZVHHuRp8,"[첫 번째 남자] ＂이름이 은혜구나＂ 정보 캐내는 오현경, MBC 260512 방송",2026-05-12T10:27:46Z,220.0,False,26254,206.0,14.0
8070,UC7lb15P-Hux7A5gBuhCxtuQ,MBCdrama,Bb6wpetfpXU,"[첫 번째 남자] ＂너 지금 나 쳤어?＂ 함은정 뺨친 함은정, MBC 260512 방송",2026-05-12T10:37:42Z,192.0,False,38762,289.0,46.0
8070,UC7lb15P-Hux7A5gBuhCxtuQ,MBCdrama,b3QQVFET8dI,"[첫 번째 남자] ＂남자 후리는 재주밖에 더 있겠어?＂ 오현경 도발하는 최지연, MBC 260512 방송",2026-05-12T10:43:46Z,212.0,False,40665,260.0,29.0
8070,UC7lb15P-Hux7A5gBuhCxtuQ,MBCdrama,DQgwzukFWmY,"[첫 번째 남자] ＂나한테 흔들렸잖아요＂ 사실 왜곡하는 박건일, MBC 260512 방송",2026-05-12T10:52:13Z,175.0,False,27140,212.0,63.0
8070,UC7lb15P-Hux7A5gBuhCxtuQ,MBCdrama,B9s1GKSr6Zo,"[첫 번째 남자] ＂그 목걸이..＂ 정소영 확인하러 간 오현경, MBC 260512 방송",2026-05-12T10:58:06Z,196.0,False,39214,238.0,33.0
8070,UC7lb15P-Hux7A5gBuhCxtuQ,MBCdrama,5qM-WHvsxVw,"[첫 번째 남자 105회 예고] ＂여기서 지금, 뭐 하는 거야?＂, MBC 260513 방송",2026-05-12T11:11:12Z,29.0,True,39148,255.0,63.0
8070,UC7lb15P-Hux7A5gBuhCxtuQ,MBCdrama,htMUVmpLH2o,"[오십프로 애니메이션 티저] 히어로물 찢고 나온 '한때 프로들'의 2라운드 시작! ＜오십프로＞, MBC 260522 방송",2026-05-13T02:10:24Z,30.0,True,592,21.0,1.0
8070,UC7lb15P-Hux7A5gBuhCxtuQ,MBCdrama,Ze__zIa9I_U,"[오십프로] 히어로물 찢고 나온 세 프로들, MBC 260522 방송",2026-05-13T02:11:23Z,32.0,True,3412,21.0,1.0
8070,UC7lb15P-Hux7A5gBuhCxtuQ,MBCdrama,a6nKKgIploc,"[첫 번째 남자] ＂기억이 돌아온 거야?＂ 돌변한 정소영 때문에 당황한 오현경, MBC 260513 방송",2026-05-13T11:10:33Z,224.0,False,72513,406.0,38.0
8070,UC7lb15P-Hux7A5gBuhCxtuQ,MBCdrama,PX5ucNMPl7w,"[첫 번째 남자] ＂여기서 뭐 해?＂ 오현경의 수상한 행동을 발견한 함은정, MBC 260513 방송",2026-05-13T11:19:51Z,243.0,False,33864,242.0,16.0
8070,UC7lb15P-Hux7A5gBuhCxtuQ,MBCdrama,YpQaGDTj_nQ,"[첫 번째 남자] ＂지금 뭐 하는 거야?＂ 이재황X최지연을 발견한 오현경, MBC 260513 방송",2026-05-13T11:28:35Z,241.0,False,49840,294.0,25.0
8070,UC7lb15P-Hux7A5gBuhCxtuQ,MBCdrama,xKaTLQnkUwI,"[첫 번째 남자] ＂이거 놓으라니까!＂ 저항하는 함은정 뺨 때린 오현경, MBC 260513 방송",2026-05-13T11:38:02Z,199.0,False,39355,246.0,31.0
8070,UC7lb15P-Hux7A5gBuhCxtuQ,MBCdrama,HVxtpMVB1Dk,"[첫 번째 남자] ＂우리 딸 은혜를, 찾았단 말이야..!＂ 놀란 이효정, MBC 260513 방송",2026-05-13T11:48:14Z,201.0,False,35807,203.0,14.0
8070,UC7lb15P-Hux7A5gBuhCxtuQ,MBCdrama,lmMGk2Av24w,"[첫 번째 남자 106회 예고] ＂마 회장과 정숙희가 친자 관계라니..＂, MBC 260514 방송",2026-05-13T11:56:11Z,29.0,True,26534,186.0,41.0
8070,UC7lb15P-Hux7A5gBuhCxtuQ,MBCdrama,VLptC8VT7jQ,"[오십프로 하이라이트] 피할 수 없다, 피하기 싫다! 10년 전 작전, 다시 시작이다! ＜오십프로＞, MBC 260522 방송",2026-05-14T00:00:03Z,185.0,False,4032,89.0,15.0
8070,UC7lb15P-Hux7A5gBuhCxtuQ,MBCdrama,hgfzPpwPOhk,"[오십프로] 피할 수 없다, 피하기 싫다!, MBC 260522 방송",2026-05-14T00:00:09Z,96.0,False,2611,12.0,0.0
8070,UC7lb15P-Hux7A5gBuhCxtuQ,MBCdrama,J940ACPqOH0,"[오십프로] 낡고 지친 전직 프로들 앞에 나타난 10년의 악연, MBC 260522 방송",2026-05-14T00:00:35Z,90.0,False,9225,67.0,1.0
8070,UC7lb15P-Hux7A5gBuhCxtuQ,MBCdrama,jVqHYl_1kfY,"[첫 번째 남자] ＂가봐야 할 것 같아요＂ 박건일과 마주친 함은정X윤선우, MBC 260514 방송",2026-05-14T10:27:40Z,216.0,False,38306,289.0,33.0
8070,UC7lb15P-Hux7A5gBuhCxtuQ,MBCdrama,Vrwd_l1ypmo,"[첫 번째 남자] ＂내 아내한테 줬던 목걸이야＂ 사진을 보고 놀란 이효정, MBC 260514 방송",2026-05-14T10:38:35Z,219.0,False,38407,229.0,7.0
8070,UC7lb15P-Hux7A5gBuhCxtuQ,MBCdrama,-EB3Mrfq9ok,"[첫 번째 남자] ＂내 딸 은혜가 맞는 거야?＂ 목걸이를 보고 당황한 이효정, MBC 260514 방송",2026-05-14T10:47:20Z,223.0,False,45746,221.0,24.0
8070,UC7lb15P-Hux7A5gBuhCxtuQ,MBCdrama,Qf0Q-IANw2U,"[첫 번째 남자] ＂친자 관계라니..!＂ 이효정X정소영의 유전자 검사한 오현경, MBC 260514 방송",2026-05-14T10:53:02Z,239.0,False,27195,223.0,30.0
8070,UC7lb15P-Hux7A5gBuhCxtuQ,MBCdrama,U3lHJEERa34,"[첫 번째 남자] ＂저걸 보게 해서는 절대 안 돼＂ 정소영의 목걸이를 본 오현경, MBC 260514 방송",2026-05-14T11:02:33Z,157.0,False,29576,214.0,21.0
8070,UC7lb15P-Hux7A5gBuhCxtuQ,MBCdrama,5C4qEnCErKo,"[첫 번째 남자 107회 예고] ＂채화영을 꼼짝 못 하게 할 수 있을까요?＂, MBC 260515 방송",2026-05-14T11:11:11Z,30.0,True,33075,264.0,65.0
8070,UC7lb15P-Hux7A5gBuhCxtuQ,MBCdrama,mxLGL648h0o,"[21세기 대군부인] 11회 선공개, MBC 260515 방송",2026-05-14T23:00:16Z,97.0,False,526346,8649.0,359.0
8070,UC7lb15P-Hux7A5gBuhCxtuQ,MBCdrama,Bs05JWLAFK0,"[21세기 대군부인 11회 선공개] ＂자가, 정신 좀 차려 봐요＂ 변우석을 구하기 위해 불 속으로 뛰어든 아이유, MBC 260515 방송",2026-05-14T23:00:34Z,97.0,False,231136,3849.0,546.0
8070,UC7lb15P-Hux7A5gBuhCxtuQ,MBCdrama,sjIYZKMJmHk,"[첫 번째 남자] ＂저걸 보게 해선 안 돼＂ 몰래 정소영을 밀치는 오현경, MBC 260515 방송",2026-05-15T10:29:19Z,143.0,False,26925,178.0,39.0
8070,UC7lb15P-Hux7A5gBuhCxtuQ,MBCdrama,hoNcdAiUUsA,"[첫 번째 남자] ＂꺼져!＂ 오현경을 내쫓는 이기창, MBC 260515 방송",2026-05-15T10:37:18Z,215.0,False,27963,221.0,55.0
8070,UC7lb15P-Hux7A5gBuhCxtuQ,MBCdrama,15Igt7ob_lA,"[첫 번째 남자] ＂나는 왜 안되는데!＂ 오현경을 붙잡고 울부짖는 이재황, MBC 260515 방송",2026-05-15T10:46:59Z,170.0,False,27638,198.0,35.0
8070,UC7lb15P-Hux7A5gBuhCxtuQ,MBCdrama,1WmXyS1bjQc,"[첫 번째 남자] ＂죽을 줄 알아＂ 함은정을 두고 기싸움하는 윤선우X박건일, MBC 260515 방송",2026-05-15T10:52:03Z,204.0,False,24750,184.0,27.0
8070,UC7lb15P-Hux7A5gBuhCxtuQ,MBCdrama,Z1o44PHHs78,"[첫 번째 남자] ＂반드시 찾아와!＂ 딸을 찾으라고 지시하는 이효정, MBC 260515 방송",2026-05-15T11:02:08Z,228.0,False,36902,247.0,24.0
8070,UC7lb15P-Hux7A5gBuhCxtuQ,MBCdrama,aO1AULCpF68,"[첫 번째 남자 108회 예고] ＂엄마가 할아버지 딸이야?!＂, MBC 260518 방송",2026-05-15T11:38:37Z,31.0,True,24025,188.0,104.0
8070,UC7lb15P-Hux7A5gBuhCxtuQ,MBCdrama,EPBU3KoIMQU,"[21세기 대군부인] ＂어떻게 안 들어가요＂ 아이유, 깨어난 변우석 품에서 눈물을 쏟아내다, MBC 260515 방송",2026-05-15T13:36:34Z,112.0,False,102728,1923.0,202.0
8070,UC7lb15P-Hux7A5gBuhCxtuQ,MBCdrama,48VDHmUB0m8,"[21세기 대군부인] 노상현을 향한 의구심, 아이유의 조심스러운 질문, MBC 260515 방송",2026-05-15T13:41:33Z,107.0,False,43157,928.0,104.0
8070,UC7lb15P-Hux7A5gBuhCxtuQ,MBCdrama,ZEjSvZu0eds,"[21세기 대군부인] 공승연의 애원... 아이유 앞에서 내비친 변우석의 고민, MBC 260515 방송",2026-05-15T13:56:30Z,118.0,False,46708,820.0,90.0
8070,UC7lb15P-Hux7A5gBuhCxtuQ,MBCdrama,wFBzPs5pfHA,"[21세기 대군부인] ＂자유도 원하시는 겁니까＂ 변우석X노상현, 왕실을 두고 격돌하다, MBC 260515 방송",2026-05-15T14:02:11Z,137.0,False,67965,733.0,142.0
8070,UC7lb15P-Hux7A5gBuhCxtuQ,MBCdrama,-hynzTz7QiI,"[21세기 대군부인 즉위 엔딩] 변우석, 마침내 왕위에 오르다, MBC 260515 방송",2026-05-15T14:11:12Z,94.0,False,36089,796.0,188.0
8070,UC7lb15P-Hux7A5gBuhCxtuQ,MBCdrama,VL7_qzCDuNE,"[21세기 대군부인 12회 예고] ＂주상 전하 납시오＂, MBC 260516 방송",2026-05-15T14:26:59Z,41.0,True,83944,1196.0,269.0
8070,UC7lb15P-Hux7A5gBuhCxtuQ,MBCdrama,iIE27QWN5RU,"[21세기 대군부인] 11회 비하인드, MBC 260515 방송",2026-05-15T14:36:27Z,70.0,False,130706,3938.0,127.0
8070,UC7lb15P-Hux7A5gBuhCxtuQ,MBCdrama,ul0V5w70jTo,"[21세기 대군부인 11회 비하인드] 뿌앵 희주를 귀여워하는 자가🤭 세상 애틋하고 달달한 대군쀼💗, MBC 260515 방송",2026-05-15T14:37:05Z,757.0,False,108574,4448.0,371.0
8070,UC7lb15P-Hux7A5gBuhCxtuQ,MBCdrama,05R6yQFb2-0,"[21세기 대군부인] 최종회 선공개, MBC 260516 방송",2026-05-15T23:00:10Z,45.0,True,198708,4629.0,111.0
8070,UC7lb15P-Hux7A5gBuhCxtuQ,MBCdrama,Peg1w_By2Xo,"[21세기 대군부인 최종회 선공개] ＂당신을 이해하겠지＂ 서로를 믿고 이해하는 아이유X변우석, MBC 260516 방송",2026-05-15T23:00:36Z,45.0,True,60973,1755.0,203.0
8070,UC7lb15P-Hux7A5gBuhCxtuQ,MBCdrama,4oIa_EAu3fo,"[21세기 대군부인] OST PART 11 : 변우석 ＜평행선＞, MBC 260516 방송",2026-05-16T01:00:27Z,223.0,False,7923,1185.0,157.0
8071,UCsRIHt5FkbGc6cQtCxt-ufA,tvN D ENT,PQ9xiGDWEWY,시작부터 반타작 내는 매운맛 서바이벌 ㄷㄷ #킬잇,2026-05-15T09:00:38Z,25.0,True,7865,7.0,0.0
8071,UCsRIHt5FkbGc6cQtCxt-ufA,tvN D ENT,TR0jZFxM7Kg,찍고 싶게 만드는 요요의 핫걸 무드🔥 #킬잇,2026-05-15T09:00:40Z,25.0,True,17566,31.0,0.0
8071,UCsRIHt5FkbGc6cQtCxt-ufA,tvN D ENT,fNZwBLEYPb0,[#뿅뿅지구오락실3] 저런 바보들한테 질 수 없어💥 게임 전 기선제압 제대로 하는 은지튼튼 X 유진튼튼✨,2026-05-15T09:00:51Z,1171.0,False,1872,20.0,0.0
8071,UCsRIHt5FkbGc6cQtCxt-ufA,tvN D ENT,ALY2xAdAaL8,[미방분 포함] 드디어 완성♥️ 김숙 마음에 쏙 든 제주도 쑥하우스의 비포 & 애프터✨ #예측불가,2026-05-15T09:30:11Z,1100.0,False,7686,95.0,1.0
8071,UCsRIHt5FkbGc6cQtCxt-ufA,tvN D ENT,a84L9WNNJ8g,우와는 시도도 못 할 단의 추구미ㅋㅋ😂 #킬잇,2026-05-15T10:00:01Z,19.0,True,15043,32.0,2.0
8071,UCsRIHt5FkbGc6cQtCxt-ufA,tvN D ENT,IjeyuN2XJ7w,"[#놀라운토요일] 대문을 넘어 내 마음까지 들어온 보넥도🚪 우리가 사랑하는 옆집 소년들, 보넥도 받쓰 모음 읏-쨔♪",2026-05-15T10:00:21Z,1196.0,False,13994,623.0,28.0
8071,UCsRIHt5FkbGc6cQtCxt-ufA,tvN D ENT,OtfAKZx8PUU,전략 대실패한 지수 언니 김지윤🥲 #킬잇,2026-05-15T10:00:39Z,21.0,True,136469,176.0,6.0
8071,UCsRIHt5FkbGc6cQtCxt-ufA,tvN D ENT,PZ1gG5SuvnA,MZ 패션 그 자체인 04년생 우와❤️‍🔥 #킬잇,2026-05-15T10:00:39Z,27.0,True,9665,22.0,0.0
8071,UCsRIHt5FkbGc6cQtCxt-ufA,tvN D ENT,OTUXU-g40x4,기가 팍 죽어버린 미스코리아😂 #킬잇,2026-05-15T10:00:42Z,21.0,True,11579,24.0,0.0
8071,UCsRIHt5FkbGc6cQtCxt-ufA,tvN D ENT,2c3Jp5LDQQA,신동엽 가품 사용 논란 ㅋㅋ #놀라운토요일,2026-05-15T10:30:01Z,17.0,True,7040,12.0,0.0
8071,UCsRIHt5FkbGc6cQtCxt-ufA,tvN D ENT,4FOs3hubHBY,패피들이 쇼핑 가면 무조건 하는 일 #킬잇,2026-05-15T11:00:15Z,31.0,True,1491,2.0,0.0
8071,UCsRIHt5FkbGc6cQtCxt-ufA,tvN D ENT,D1DARExWeq0,떡잎부터 남달랐던 패션 덕후력😎 #킬잇,2026-05-15T11:00:31Z,32.0,True,1256,2.0,0.0
8071,UCsRIHt5FkbGc6cQtCxt-ufA,tvN D ENT,bLW7ienlBVo,[#킬잇] 나 최미나수야✨ 등장하자마자 시선 집중시키는 美친 스타성의 최미나수💥,2026-05-15T11:01:03Z,1035.0,False,8928,53.0,11.0
8071,UCsRIHt5FkbGc6cQtCxt-ufA,tvN D ENT,np75gT9ZC_Y,몰래 엄마 옷으로 패션쇼 열던 시절 ㅋㅋ #킬잇,2026-05-15T11:01:16Z,32.0,True,2110,11.0,0.0
8071,UCsRIHt5FkbGc6cQtCxt-ufA,tvN D ENT,tyRAnP8A2pM,패션 서바 나올 운명이었던 패피 키즈들 ㅋㅋ #킬잇,2026-05-15T11:01:34Z,32.0,True,1314,2.0,0.0
8071,UCsRIHt5FkbGc6cQtCxt-ufA,tvN D ENT,LfI-ZHMyVWY,나는 누구 여긴 어디?😲 #언더커버셰프,2026-05-15T11:30:14Z,17.0,True,3932,13.0,0.0
8071,UCsRIHt5FkbGc6cQtCxt-ufA,tvN D ENT,SBMpzTd_5cg,[#이호선상담소] 나도 관계중독일까..❓ 이호선이 말하는 부적절한 방법으로 불안감을 해소하는 사람들 특징💥,2026-05-15T11:30:22Z,912.0,False,1877,19.0,
8071,UCsRIHt5FkbGc6cQtCxt-ufA,tvN D ENT,h0JX0pxE4XM,요리사로서 꼭 필요한 자질 #언더커버셰프,2026-05-15T11:30:27Z,22.0,True,3204,10.0,0.0
8071,UCsRIHt5FkbGc6cQtCxt-ufA,tvN D ENT,bxluMFC42zA,셰프들이 단체 패닉 온 새 예능ㄷㄷ #언더커버셰프,2026-05-15T11:30:35Z,36.0,True,8720,20.0,0.0
8071,UCsRIHt5FkbGc6cQtCxt-ufA,tvN D ENT,lNXnEztLrnQ,외국인도 놀란 샘 킴 요리 실력 #언더커버셰프,2026-05-15T11:30:38Z,14.0,True,17079,31.0,1.0
8071,UCsRIHt5FkbGc6cQtCxt-ufA,tvN D ENT,L1n4-OaETqk,멘토들 보는 눈 다 똑같음 ㅋㅋ #킬잇,2026-05-15T12:00:27Z,24.0,True,103054,206.0,0.0
8071,UCsRIHt5FkbGc6cQtCxt-ufA,tvN D ENT,_NkTDYZql-Q,꼴찌부터 알려주는 잔인한 서바 ㄷㄷ #킬잇,2026-05-15T12:00:57Z,33.0,True,97105,106.0,2.0
8071,UCsRIHt5FkbGc6cQtCxt-ufA,tvN D ENT,ohqXBQHv5zg,[#유퀴즈온더블럭] 범인의 협박 문자부터 엠뷸런스와 추격전까지⁉️ 〈그알〉 현장에서만 볼 수 있는 레전드 에피소드💥,2026-05-15T12:01:25Z,1170.0,False,633,4.0,1.0
8071,UCsRIHt5FkbGc6cQtCxt-ufA,tvN D ENT,wC73dWQrZw8,심사위원을 홀린 재인의 물 퍼포먼스🌊 #킬잇,2026-05-15T12:01:44Z,26.0,True,18767,36.0,0.0
8071,UCsRIHt5FkbGc6cQtCxt-ufA,tvN D ENT,xL9i2ubuqDg,[#유퀴즈온더블럭] 죽었다던 사람이 눈앞에 등장했다?💥 보험 사기극의 전말을 밝혀낸 강윤석 형사✨,2026-05-15T12:01:44Z,1193.0,False,1989,8.0,2.0
8071,UCsRIHt5FkbGc6cQtCxt-ufA,tvN D ENT,D6RKiHHlwqc,연쇄살인범 이춘재의 소름 돋는 발언 ㄷㄷ #유퀴즈온더블럭,2026-05-15T12:30:26Z,51.0,True,20353,107.0,1.0
8071,UCsRIHt5FkbGc6cQtCxt-ufA,tvN D ENT,Nq2-u14milM,"피부가 괴사될 때까지 골프채로 맞은 아들💥 엄마를 살해한 전교 1등 아들, 그날의 이야기 [#이말을꼭하고싶었어요]",2026-05-15T13:00:42Z,1088.0,False,2832,23.0,9.0
8071,UCsRIHt5FkbGc6cQtCxt-ufA,tvN D ENT,vF0UMDZuc3I,라이즈 앤톤 덕분에 태교 성공한 팬 #음성사서함,2026-05-15T13:01:39Z,30.0,True,3118,24.0,0.0
8071,UCsRIHt5FkbGc6cQtCxt-ufA,tvN D ENT,uoTJcqiLLpE,일상 속 자신이 어른처럼 느껴지는 순간들 #음성사서함,2026-05-15T13:01:43Z,32.0,True,3573,19.0,0.0
8071,UCsRIHt5FkbGc6cQtCxt-ufA,tvN D ENT,G8x9cj22x7Q,POV: 연프를 봐도 무표정이어야 함 | #구기동프렌즈,2026-05-15T13:30:15Z,10.0,True,9443,22.0,0.0
8071,UCsRIHt5FkbGc6cQtCxt-ufA,tvN D ENT,VUbIP_Zl1u4,어른들은 공감할 미숙했던 시절 | #구기동프렌즈,2026-05-15T13:30:37Z,35.0,True,41559,91.0,2.0
8071,UCsRIHt5FkbGc6cQtCxt-ufA,tvN D ENT,e3a3scLWvxs,어른들은 공감할 미숙했던 시절 | #구기동프렌즈,2026-05-15T13:30:41Z,23.0,True,8650,27.0,1.0
8071,UCsRIHt5FkbGc6cQtCxt-ufA,tvN D ENT,9QBBLu8RKYQ,[미방분] 현직 모델 긴장시키는 참가자 라인업 #킬잇,2026-05-15T14:00:22Z,19.0,True,16771,28.0,0.0
8071,UCsRIHt5FkbGc6cQtCxt-ufA,tvN D ENT,gQOKhNtGja0,[미방분] 짬바 장난 아닌 나라 언니 #킬잇,2026-05-15T14:01:04Z,30.0,True,16612,22.0,1.0
8071,UCsRIHt5FkbGc6cQtCxt-ufA,tvN D ENT,hmID_wIlkNs,[미방분] 추구미 몸매 다샤 언니ㅠㅠ #킬잇,2026-05-15T14:01:04Z,24.0,True,23924,26.0,3.0
8071,UCsRIHt5FkbGc6cQtCxt-ufA,tvN D ENT,tEo_fyBrzpk,[미방분] 괜히 긴장되는 칭찬 타임 #킬잇,2026-05-15T14:01:20Z,23.0,True,55689,88.0,2.0
8071,UCsRIHt5FkbGc6cQtCxt-ufA,tvN D ENT,5hP98ig8fMo,X 싸는 소리 하지마 ㅋㅋ | #구기동프렌즈,2026-05-16T01:00:04Z,10.0,True,5728,20.0,0.0
8071,UCsRIHt5FkbGc6cQtCxt-ufA,tvN D ENT,O7MRO_AJYRo,다희가 생각하는 결혼 적령기 | #구기동프렌즈,2026-05-16T01:00:17Z,21.0,True,39268,81.0,17.0
8071,UCsRIHt5FkbGc6cQtCxt-ufA,tvN D ENT,rMUq62O8B9Y,따로 없지 말입니다 | #구기동프렌즈,2026-05-16T01:00:43Z,11.0,True,4041,21.0,5.0
8071,UCsRIHt5FkbGc6cQtCxt-ufA,tvN D ENT,X4_ICQF2m8c,[#짠내골프] 페트병 적중 1트만에 성공한 (자칭) 껌프로치 별명 소유자 김준호 ㅋㅋ🏌️‍♂️,2026-05-16T02:30:21Z,963.0,False,232,11.0,0.0
8071,UCsRIHt5FkbGc6cQtCxt-ufA,tvN D ENT,iMXP2-Ot0kU,[#짠내골프] 이상한 폼으로 월드클래스(?) 먹은 김준호 ㅋㅋ 자세는 좀 희한하지만 그래도 결과는 페어웨이........😅,2026-05-16T02:30:28Z,1197.0,False,140,2.0,1.0
8071,UCsRIHt5FkbGc6cQtCxt-ufA,tvN D ENT,b-s7qnVSDt4,"[#짠내골프] 차분하게 홀인 성공하고 웃음 되찾은 강호동 ㅋㅋ 골프는 역시 멘탈 싸움,,⛳",2026-05-16T02:30:32Z,613.0,False,264,15.0,1.0
8071,UCsRIHt5FkbGc6cQtCxt-ufA,tvN D ENT,H_hNzDCicjs,[#이호선상담소] 한 달 수입이 천 만원인데 통장 잔고가 0원?💥 철부지 부부를 위한 이호선의 솔루션은❓,2026-05-16T03:00:14Z,861.0,False,338,4.0,
8071,UCsRIHt5FkbGc6cQtCxt-ufA,tvN D ENT,_CYXRaaaUhk,[#이호선상담소] 5남매를 혼자 키우는데💦 아내가 개인적으로 쓸 수 있는 돈을 아예 주지 않는 남편⁉️,2026-05-16T03:00:27Z,1162.0,False,562,6.0,
8071,UCsRIHt5FkbGc6cQtCxt-ufA,tvN D ENT,34rcUoNtO-Q,아내를 애 키우는 사람으로 생각하는 남편과 시어머니 #이호선상담소,2026-05-16T03:30:02Z,66.0,False,3080,18.0,
8071,UCsRIHt5FkbGc6cQtCxt-ufA,tvN D ENT,9HHj_sMbjOo,관계중독인 사람의 하루 #이호선상담소,2026-05-16T03:30:04Z,73.0,False,2357,12.0,
8071,UCsRIHt5FkbGc6cQtCxt-ufA,tvN D ENT,qYwO8uZ7Yds,보는 사람이 긴장하게 되는 기념일 질문 #이호선상담소,2026-05-16T03:30:35Z,68.0,False,3407,14.0,
8071,UCsRIHt5FkbGc6cQtCxt-ufA,tvN D ENT,DP9Az4hKXjE,갑툭튀 아버님 ㅋㅋㅋ #유퀴즈온더블럭,2026-05-16T04:00:11Z,54.0,True,1383,8.0,0.0
8071,UCsRIHt5FkbGc6cQtCxt-ufA,tvN D ENT,O1cc3NUM-3o,생선 슬리퍼 내동댕이 친 여사님 ㅋㅋ #유퀴즈온더블럭,2026-05-16T04:00:19Z,55.0,True,1052,9.0,0.0
8071,UCsRIHt5FkbGc6cQtCxt-ufA,tvN D ENT,i5zVRUK3HNQ,[유퀴즈온더블럭] 나★키 신는 사람한테 생선 슬리퍼가 웬 말이야!💥 자기백 상품에 뿔나신 여사님 ㅋㅋ,2026-05-16T04:00:48Z,1186.0,False,50,1.0,0.0
8072,UC4BfinFCS1o6t1tAsl0RVWQ,푸드킹덤 Food Kingdom,3BdyLIAHPZQ,직화 불맛으로 때려 넣는 매운 한우 우족찜 대량생산,2025-12-26T08:00:03Z,60.0,True,12783341,69502.0,541.0
8072,UC4BfinFCS1o6t1tAsl0RVWQ,푸드킹덤 Food Kingdom,CG9ZegM2fL0,침 고입니다! 깨끗하게 만드는 양념 바다 장어구이 대량생산,2025-12-27T08:00:23Z,60.0,True,520681,4853.0,50.0
8072,UC4BfinFCS1o6t1tAsl0RVWQ,푸드킹덤 Food Kingdom,8LnvV-3T5Hg,월 2000톤! 깨끗하게 세척하는 예산사과공장,2025-12-28T08:00:16Z,59.0,True,81188,1279.0,14.0
8072,UC4BfinFCS1o6t1tAsl0RVWQ,푸드킹덤 Food Kingdom,6FtIJ1ZXqck,전부 손으로 만드는 가나슈 미니 초코케익 대량생산,2025-12-29T08:00:13Z,60.0,True,193813,2920.0,20.0
8072,UC4BfinFCS1o6t1tAsl0RVWQ,푸드킹덤 Food Kingdom,ib9Y_PM6r4I,한국 김으로 만든?! 압도적인 태국 김부각 스낵 공장,2025-12-30T08:00:58Z,60.0,True,115917,1358.0,11.0
8072,UC4BfinFCS1o6t1tAsl0RVWQ,푸드킹덤 Food Kingdom,_ZjXg6jwSVA,핫플 경주 금리단길의 꾸덕한 수제 바스크치즈케이크(치즈ㆍ초코릿) / Korean street food,2025-12-31T10:00:56Z,633.0,False,21389,384.0,9.0
8072,UC4BfinFCS1o6t1tAsl0RVWQ,푸드킹덤 Food Kingdom,_BESJLshOwU,한국 최애 길거리 음식! 군침도는 씨앗호떡 만들기,2026-01-01T08:00:54Z,60.0,True,65761,1098.0,8.0
8072,UC4BfinFCS1o6t1tAsl0RVWQ,푸드킹덤 Food Kingdom,QmK7SVyuiQU,잔뿌리까지 그대로! 저온추출로 우려낸 국내산 6년근 홍삼액,2026-01-02T08:00:25Z,60.0,True,192890,1857.0,14.0
8072,UC4BfinFCS1o6t1tAsl0RVWQ,푸드킹덤 Food Kingdom,UYGNx0U8_3o,깨끗하게 만듭니다! 파김치가 들어가는 남도식 파지감자탕 대량생산,2026-01-03T08:00:44Z,60.0,True,193316,2208.0,22.0
8072,UC4BfinFCS1o6t1tAsl0RVWQ,푸드킹덤 Food Kingdom,Xy8Hl8tRCiQ,상큼합니다! 첨가물 없이 만드는 생과일 레몬에이드,2026-01-04T08:00:39Z,60.0,True,69723,1210.0,17.0
8072,UC4BfinFCS1o6t1tAsl0RVWQ,푸드킹덤 Food Kingdom,eQIJ91IlHxQ,"어릴 때 먹던 그 맛, 의령 망개떡 대량생산 공장",2026-01-05T08:01:00Z,60.0,True,242588,2473.0,25.0
8072,UC4BfinFCS1o6t1tAsl0RVWQ,푸드킹덤 Food Kingdom,LkJ-utYd7CM,두툼한 매운 치킨 샌드위치 만들기,2026-01-06T08:00:25Z,59.0,True,102004,2832.0,31.0
8072,UC4BfinFCS1o6t1tAsl0RVWQ,푸드킹덤 Food Kingdom,on0XrsW-OyM,겨울 국민음식! 깨끗하게 만드는 얼큰구수한 감자탕 대량생산 / Korean food factory,2026-01-08T10:01:23Z,746.0,False,77780,700.0,21.0
8072,UC4BfinFCS1o6t1tAsl0RVWQ,푸드킹덤 Food Kingdom,298P18RBI7g,깨끗하게 만듭니다! 얼큰한 감자탕 대량생산,2026-01-09T08:00:06Z,60.0,True,101101,1794.0,15.0
8072,UC4BfinFCS1o6t1tAsl0RVWQ,푸드킹덤 Food Kingdom,KmN6D1et_AA,이렇게 만든다고? 신기한 찹쌀떡 대량생산,2026-01-10T08:00:26Z,60.0,True,84266,938.0,11.0
8072,UC4BfinFCS1o6t1tAsl0RVWQ,푸드킹덤 Food Kingdom,v66dKO6eAko,먹기 아까운 비주얼! 화려한 청포도 데니쉬,2026-01-11T08:01:15Z,59.0,True,54237,869.0,6.0
8072,UC4BfinFCS1o6t1tAsl0RVWQ,푸드킹덤 Food Kingdom,5Y5tVrvTMyg,크림치즈 한가득! 꾸덕한 바스크 치즈케이크,2026-01-12T08:00:07Z,61.0,False,51422,976.0,6.0
8072,UC4BfinFCS1o6t1tAsl0RVWQ,푸드킹덤 Food Kingdom,KYXO843MMIo,"우리가 매일 먹는 맛, 한국 양념은 이렇게 만들어집니다｜ Korea’s Seasoning Factories",2026-01-14T10:00:29Z,3844.0,False,562225,2616.0,62.0
8072,UC4BfinFCS1o6t1tAsl0RVWQ,푸드킹덤 Food Kingdom,n99dKu6Ux38,이렇게 만든다고?? 특허받은 거대기계로 닭가슴살 대량건조 공장,2026-01-17T08:00:55Z,60.0,True,9037555,41787.0,345.0
8072,UC4BfinFCS1o6t1tAsl0RVWQ,푸드킹덤 Food Kingdom,w6SsA7M2E9Q,"재료를 아끼지 않는 수제 쌀죽, 이렇게 만듭니다",2026-01-19T08:01:16Z,60.0,True,163104,3286.0,29.0
8072,UC4BfinFCS1o6t1tAsl0RVWQ,푸드킹덤 Food Kingdom,s6xrZZXAl_k,빵에 진심인 사람들이 만드는 요즘 카스테라 | Amazing Castella Making Process,2026-01-21T10:01:19Z,4853.0,False,216844,1567.0,14.0
8072,UC4BfinFCS1o6t1tAsl0RVWQ,푸드킹덤 Food Kingdom,w_2LTGlkU08,딸기랑 생크림을 어떻게 꾹꾹 눌러담을까?,2026-01-24T08:01:07Z,60.0,True,80086,1730.0,18.0
8072,UC4BfinFCS1o6t1tAsl0RVWQ,푸드킹덤 Food Kingdom,UJbbaA15-S4,이렇게 만듭니다! 고소함 끝판왕 국내산 들기름&들깨가루 대량생산,2026-01-28T10:00:50Z,728.0,False,20364,352.0,10.0
8072,UC4BfinFCS1o6t1tAsl0RVWQ,푸드킹덤 Food Kingdom,Cap0FllcRuY,이걸 이렇게 만든다고? 고구마 찹쌀순대 대량생산 공장,2026-01-31T08:00:14Z,60.0,True,1116035,11354.0,60.0
8072,UC4BfinFCS1o6t1tAsl0RVWQ,푸드킹덤 Food Kingdom,uU4qbIGTbl8,이것이 한국의 식품공장! 반도체급 위생으로 만드는 떡볶이 대량생산 / Korean food factory,2026-02-04T10:01:23Z,640.0,False,32086,451.0,21.0
8072,UC4BfinFCS1o6t1tAsl0RVWQ,푸드킹덤 Food Kingdom,JPE4YzT7pcE,이걸 다 튀긴다고? 황리단길 양념 쫀드기,2026-02-07T08:00:17Z,60.0,True,131730,1690.0,33.0
8072,UC4BfinFCS1o6t1tAsl0RVWQ,푸드킹덤 Food Kingdom,12keArzYeMU,칼국수가 이렇게 다양해? 누구나 좋아하는 면음식의 대표주자 칼국수 몰아보기,2026-02-11T10:00:03Z,5049.0,False,88456,1018.0,22.0
8072,UC4BfinFCS1o6t1tAsl0RVWQ,푸드킹덤 Food Kingdom,rs7494A_bo8,이걸 다 수제로 만든다고? 옛날 돈가스,2026-02-14T08:00:59Z,60.0,True,110623,2239.0,23.0
8072,UC4BfinFCS1o6t1tAsl0RVWQ,푸드킹덤 Food Kingdom,MKtfqVe12UU,맥주대회 3관왕?! 세계적인 브루마스터가 만드는 독일식 수제맥주 대량생산 / Korean food factory,2026-02-18T10:00:27Z,658.0,False,12221,270.0,8.0
8072,UC4BfinFCS1o6t1tAsl0RVWQ,푸드킹덤 Food Kingdom,e8y0U56KPE0,이것이 한국 식품공장 수준… 반도체급 위생 떡볶이 생산 현장,2026-02-21T08:00:48Z,60.0,True,411940,4738.0,24.0
8072,UC4BfinFCS1o6t1tAsl0RVWQ,푸드킹덤 Food Kingdom,Jwesqo6ffM8,블루리본 연속 2회! 자동기계로 불맛 제대로 입힌 매콤한 눈꽃낙지보쌈 / Korean food,2026-02-25T10:00:33Z,867.0,False,32323,297.0,12.0
8072,UC4BfinFCS1o6t1tAsl0RVWQ,푸드킹덤 Food Kingdom,cI_zUPTFcT8,이렇게 만듭니다! 고소함 끝판왕 국내산 들기름 대량생산 공정,2026-02-28T08:00:47Z,60.0,True,296562,2681.0,14.0
8072,UC4BfinFCS1o6t1tAsl0RVWQ,푸드킹덤 Food Kingdom,Lc1bSgSTcmk,이렇게 만듭니다! 극한 과정으로 만드는 보양식 들깨장어탕 대량생산 / Korean food factory,2026-03-04T10:00:35Z,665.0,False,18986,301.0,12.0
8072,UC4BfinFCS1o6t1tAsl0RVWQ,푸드킹덤 Food Kingdom,d_stJ_zre3A,불맛 폭발! 자동웍으로 만드는 눈꽃낙지보쌈 / Korean Street Food,2026-03-07T08:00:45Z,60.0,True,76423,1442.0,17.0
8072,UC4BfinFCS1o6t1tAsl0RVWQ,푸드킹덤 Food Kingdom,woWFce2oQ30,"평소 즐겨먹는 음식, 이렇게 만듭니다! 한국 밀키트 대량생산 현장 / Korean Food Factory",2026-03-13T10:01:27Z,3862.0,False,34310,610.0,9.0
8072,UC4BfinFCS1o6t1tAsl0RVWQ,푸드킹덤 Food Kingdom,2dvcmtJhE1Q,한국 태양초 고춧가루… 이렇게 만들어집니다,2026-03-14T08:00:03Z,60.0,True,206176,3129.0,24.0
8072,UC4BfinFCS1o6t1tAsl0RVWQ,푸드킹덤 Food Kingdom,yZZzuYzR7oU,이게 수제맥주라고? 독일 브루마스터의 대량생산,2026-03-21T08:00:54Z,60.0,True,42007,669.0,2.0
8072,UC4BfinFCS1o6t1tAsl0RVWQ,푸드킹덤 Food Kingdom,jM0QA2Ntx0g,"면 하나로 인생 건 사람들… 경주 장인 맛집 4곳 몰아보기 | 4 Noodle Masters in Gyeongju, Korea",2026-03-23T10:00:59Z,3250.0,False,58960,702.0,30.0
8072,UC4BfinFCS1o6t1tAsl0RVWQ,푸드킹덤 Food Kingdom,X5f5MwHZFfw,이걸 장독에 넣는다고? 이 빵 때문,2026-03-28T08:00:20Z,60.0,True,333281,3485.0,21.0
8072,UC4BfinFCS1o6t1tAsl0RVWQ,푸드킹덤 Food Kingdom,6IWpjuFJwYE,이게 한국 디저트 수준? 화려한 타르트 모음 / Insane Korean Tart Desserts,2026-04-03T10:00:10Z,6845.0,False,63016,732.0,14.0
8072,UC4BfinFCS1o6t1tAsl0RVWQ,푸드킹덤 Food Kingdom,yQo8nnrvW9M,너무 예쁜데… 이걸 먹으라고? 하이힐 초콜릿,2026-04-04T08:00:58Z,60.0,True,117610,1550.0,19.0
8072,UC4BfinFCS1o6t1tAsl0RVWQ,푸드킹덤 Food Kingdom,OBPE62wXjm0,이렇게 만듭니다! 보양식 들깨장어탕 공장 대량생산 과정,2026-04-11T08:00:23Z,60.0,True,121255,1487.0,11.0
8072,UC4BfinFCS1o6t1tAsl0RVWQ,푸드킹덤 Food Kingdom,RRtoIDoSIcg,먹기 아까운 비주얼! 인기 케이크 5종 공장 대량생산 과정 몰아보기 /  Korean Cake Factory,2026-04-13T10:00:48Z,4932.0,False,252410,1188.0,21.0
8072,UC4BfinFCS1o6t1tAsl0RVWQ,푸드킹덤 Food Kingdom,4PKGP7jf5Rg,단호박을 이렇게 많이 자르는 이유? 겉바속촉 빵이 되는 과정,2026-04-18T08:00:07Z,60.0,True,2851343,20391.0,218.0
8072,UC4BfinFCS1o6t1tAsl0RVWQ,푸드킹덤 Food Kingdom,P5Lvko6gOeA,이렇게 만듭니다! 진화한 K-토스트 제조과정 몰아보기 / Evolved Korean Toast,2026-04-23T10:00:41Z,4753.0,False,85791,790.0,26.0
8072,UC4BfinFCS1o6t1tAsl0RVWQ,푸드킹덤 Food Kingdom,skHMQmUUb0I,이 당근이 케이크가 된다고? 제주 흙당근 놀라운 변신 과정,2026-04-25T08:01:03Z,60.0,True,972281,8565.0,90.0
8072,UC4BfinFCS1o6t1tAsl0RVWQ,푸드킹덤 Food Kingdom,J4MUN-enuLQ,도대체 고구마를 왜 이렇게 많이 삶을까? 쫀득한 빵이 되는 과정,2026-05-02T08:00:30Z,60.0,True,1886605,19987.0,151.0
8072,UC4BfinFCS1o6t1tAsl0RVWQ,푸드킹덤 Food Kingdom,EXm-5lfo22Y,식빵의 변신은 어디까지? 다시 봐도 놀라운 식빵 공정 몰아보기 / Amazing Korean Bread Making Process,2026-05-03T10:00:18Z,5154.0,False,50940,540.0,7.0
8072,UC4BfinFCS1o6t1tAsl0RVWQ,푸드킹덤 Food Kingdom,9KEFfdbvE1U,왜 저렇게까지 복숭아 속을 파낼까? 통과일 디저트 제작 과정,2026-05-09T08:00:07Z,60.0,True,21573919,228848.0,1574.0
8072,UC4BfinFCS1o6t1tAsl0RVWQ,푸드킹덤 Food Kingdom,cupjfaL-cbM,신발만 빼고 다 튀긴다! 별의별 한국 길거리 튀김 모음 | Korean Fried Street Food,2026-05-13T10:01:02Z,4370.0,False,20044,313.0,24.0
8073,UC-i2ywiuvjvpTy2zW-tXfkw,떵개떵,hLkTmherXoY,중독성 강한 식감! 창억떡 호박인절미 먹방~!! Pumpkin Injeolmi,2026-03-25T12:01:15Z,711.0,False,129138,2403.0,188.0
8073,UC-i2ywiuvjvpTy2zW-tXfkw,떵개떵,LeAciHLUJmc,"매콤하고 땡기는 맛! 두찜 한우대창닭발 먹방~!! Hanwoo Beef Large Intestine, spicy chicken feet",2026-03-26T12:00:37Z,676.0,False,127541,2442.0,121.0
8073,UC-i2ywiuvjvpTy2zW-tXfkw,떵개떵,jlJ8ZBcS9SE,요즘 유행인 광주 창억떡 호박인절미 먹방~!! #shorts,2026-03-27T12:00:59Z,61.0,False,73751,957.0,24.0
8073,UC-i2ywiuvjvpTy2zW-tXfkw,떵개떵,v8opv0RPy9Y,"불닭볶음면 치즈볼 뿌링치즈볼 먹방~!! Buldak Spicy Ramen Cheese Balls, Bburin Cheese Balls",2026-03-29T12:01:01Z,825.0,False,337784,5376.0,208.0
8073,UC-i2ywiuvjvpTy2zW-tXfkw,떵개떵,LpS27_LJL5w,바삭 쫀득! 버터떡 먹방~!! #shorts,2026-03-30T12:00:22Z,63.0,False,82360,1130.0,37.0
8073,UC-i2ywiuvjvpTy2zW-tXfkw,떵개떵,Rlqdt7gTpy0,여러가지 해산물은 한번에 즐기는 해물모듬 먹방~!! various seafood,2026-03-31T12:00:22Z,699.0,False,99954,2093.0,110.0
8073,UC-i2ywiuvjvpTy2zW-tXfkw,떵개떵,ruW4Lirv3Y8,불닭볶음면과 치즈볼의 근본조합 먹방~!! #shorts,2026-04-01T12:00:57Z,63.0,False,60538,1064.0,14.0
8073,UC-i2ywiuvjvpTy2zW-tXfkw,떵개떵,5mymcsqA7ok,"바삭하고 쭉 늘어나는 치즈!  명랑 치즈스틱 오리지널, 내슈빌, 허니치플레 먹방~!! Hot dogs, cheese sticks",2026-04-02T12:00:09Z,708.0,False,135983,2337.0,111.0
8073,UC-i2ywiuvjvpTy2zW-tXfkw,떵개떵,57FoK1I5poU,언제 먹어도 맛있는 부드럽고 기름진 통연어 먹방~!! Salmon sashimi,2026-04-04T12:00:14Z,596.0,False,175335,3318.0,163.0
8073,UC-i2ywiuvjvpTy2zW-tXfkw,떵개떵,4rANjbnDG4o,"육개장컵라면과 육즙 터지는 만두 먹방~!! Yukgaejang cup noodles, meat dumplings, kimchi dumplings",2026-04-05T12:00:16Z,695.0,False,193833,3645.0,118.0
8073,UC-i2ywiuvjvpTy2zW-tXfkw,떵개떵,SW2z63Qh0p4,통으로 뜯어먹는 통연어 먹방~!! #shorts,2026-04-06T12:00:47Z,72.0,False,59319,967.0,22.0
8073,UC-i2ywiuvjvpTy2zW-tXfkw,떵개떵,p8JiP1K3X2k,크림이 듬뿍 들어간 여러가지 과일샌드위치 먹방~!! Fruit sandwich,2026-04-07T12:01:41Z,600.0,False,95358,1955.0,107.0
8073,UC-i2ywiuvjvpTy2zW-tXfkw,떵개떵,-XcV9F4WWoU,역대급 비주얼 살이 꽉찬 5kg 대형 킹크랩 준비했습니다! 먹방 리얼사운드 King crab,2026-04-09T12:00:00Z,733.0,False,182006,3612.0,307.0
8073,UC-i2ywiuvjvpTy2zW-tXfkw,떵개떵,k8ZDPqz4cag,기름기 가득한 1등급 참치회 먹방~!! #shorts,2026-04-10T12:01:32Z,60.0,True,56727,753.0,13.0
8073,UC-i2ywiuvjvpTy2zW-tXfkw,떵개떵,wl2pq6HzcMU,킹크랩 넣은 얼큰한 라면 먹방~!! King Crab Spicy Ramen,2026-04-11T12:01:54Z,532.0,False,82324,1636.0,80.0
8073,UC-i2ywiuvjvpTy2zW-tXfkw,떵개떵,9GQx989jNe8,"처갓집슈프림 양념순살과 핫치즈 빅싸이순살, 싸이버거 먹방~!! Chicken burger, seasoned chicken",2026-04-12T12:00:24Z,577.0,False,163583,2763.0,121.0
8073,UC-i2ywiuvjvpTy2zW-tXfkw,떵개떵,6FhhR9b00VU,얼큰한 육개장컵라면과 육즙 가득 만두 먹방~!! #shorts,2026-04-13T12:00:23Z,64.0,False,67062,861.0,18.0
8073,UC-i2ywiuvjvpTy2zW-tXfkw,떵개떵,YPfF8Xp-Fh8,살이 꽉 찬 킹타이거새우장 먹방~!! #shorts,2026-04-14T12:01:05Z,67.0,False,59760,1087.0,29.0
8073,UC-i2ywiuvjvpTy2zW-tXfkw,떵개떵,bKfElyV2tQ8,"단맛이 좋은 피꼬막회와 모듬해산물 먹방~!! Raw blood cockles, Seafood Platter",2026-04-15T12:01:13Z,692.0,False,61057,1514.0,73.0
8073,UC-i2ywiuvjvpTy2zW-tXfkw,떵개떵,8nHm9tCw1jY,"짜장왕두껑에 바삭한 만두, 탕수육 먹방~!! Instant Jajangmyeon, Dumplings, Sweet and Sour Pork",2026-04-16T12:00:14Z,710.0,False,148037,2931.0,122.0
8073,UC-i2ywiuvjvpTy2zW-tXfkw,떵개떵,KhcOODamfHM,얼큰하고 감칠맛 좋은 킹크랩 넣은 라면 먹방~!! #shorts,2026-04-17T12:00:39Z,59.0,True,58785,783.0,13.0
8073,UC-i2ywiuvjvpTy2zW-tXfkw,떵개떵,p3kCmFSC_8I,"말차 디저트 여러가지와  투썸 말차케이크를 우유에 말아서 먹방~!! Matcha Dessert, milk",2026-04-18T12:01:33Z,637.0,False,84819,1605.0,100.0
8073,UC-i2ywiuvjvpTy2zW-tXfkw,떵개떵,uQozLUjRcuw,맛있게 매운 엽떡 무뼈국물닭발 먹방~!! Spicy Boneless Chicken Feet Soup,2026-04-19T12:01:36Z,774.0,False,171337,3099.0,187.0
8073,UC-i2ywiuvjvpTy2zW-tXfkw,떵개떵,ZnORI1Yoxig,여러가지 말차 디저트를 우유에 말아서 먹방~!! #shorts,2026-04-20T12:01:04Z,68.0,False,66485,1129.0,32.0
8073,UC-i2ywiuvjvpTy2zW-tXfkw,떵개떵,RSeQ77-8o8Q,"입에서 녹는 대왕연어초밥과 일반 연어초밥, 오뎅탕 먹방~!! salmon sushi",2026-04-21T12:00:59Z,622.0,False,126616,2858.0,111.0
8073,UC-i2ywiuvjvpTy2zW-tXfkw,떵개떵,navtM1slUQk,"집밥 생각나서 11가지 푸짐한 집밥메뉴에 육개장 먹방~!! Korean food, Yukgaejang, pork belly",2026-04-22T12:01:34Z,876.0,False,126663,2894.0,158.0
8073,UC-i2ywiuvjvpTy2zW-tXfkw,떵개떵,HN-XeuDtQoc,"왕사남 단종이 먹던 그 나물로 빵을 만든다고? 영월 빵맛집 우리빵의 어수리 소금빵과 어수리 카스테라 먹방~!! Salt bread, castella",2026-04-23T12:00:24Z,935.0,False,63991,1412.0,129.0
8073,UC-i2ywiuvjvpTy2zW-tXfkw,떵개떵,IaFS67yIjPU,왕사남 단종이 먹던 그 나물로 빵을 만든다고? 영월 우리빵 어수리 소금빵과 어수리 카스테라 먹방~!! #shorts,2026-04-23T12:00:36Z,124.0,False,41585,606.0,27.0
8073,UC-i2ywiuvjvpTy2zW-tXfkw,떵개떵,VPZrst4lYw4,너무 먹음직스러운 대왕연어초밥 먹방~!! #shorts,2026-04-24T12:00:56Z,73.0,False,45674,952.0,16.0
8073,UC-i2ywiuvjvpTy2zW-tXfkw,떵개떵,d5vK5Xk3m2s,구운 크리스핏도넛과 라라스윗 바닐라빈 아이스크림 우유에 말아서 먹방~!! Baked Krispy Kreme Doughnut,2026-04-25T12:01:07Z,631.0,False,100225,2088.0,111.0
8073,UC-i2ywiuvjvpTy2zW-tXfkw,떵개떵,FkB0xlLFlfc,"뿌링클닭다리와 콤보, 치즈볼, 뿌링치즈볼 먹방~!! Korean Fried Chicken with cheese seasoning",2026-04-26T12:00:19Z,858.0,False,134144,2399.0,162.0
8073,UC-i2ywiuvjvpTy2zW-tXfkw,떵개떵,jvb6HB71vGY,"몸에 좋은 한삼인 홍삼진과 불닭볶음면, 킬바사소세지, 만두 먹방~!! Red ginseng, sausage, dumplings, Hot Chicken Flavor Ramen",2026-04-27T10:15:08Z,756.0,False,119196,2313.0,135.0
8073,UC-i2ywiuvjvpTy2zW-tXfkw,떵개떵,RY1cUQzrBRc,떵개가 좋아하는 집밥 먹방~!! #shorts,2026-04-28T12:00:48Z,79.0,False,56301,1012.0,16.0
8073,UC-i2ywiuvjvpTy2zW-tXfkw,떵개떵,VWYkdI7b4Ag,"쫀득하고 달콤한 14가지 한정선 전메뉴 여러가지 과일찹쌀떡 먹방~!! Fruit Mochi, Strawberry Mochi",2026-04-29T12:00:58Z,683.0,False,154535,3623.0,145.0
8073,UC-i2ywiuvjvpTy2zW-tXfkw,떵개떵,6LYX7OtdsAo,계속 땡기는 매콤함에 쫄깃한 갑오징어찜 먹방~!! Steamed Cuttlefish,2026-04-30T12:00:12Z,633.0,False,73227,1661.0,69.0
8073,UC-i2ywiuvjvpTy2zW-tXfkw,떵개떵,Fjp1U2dR9TY,매콤한 엽기떡볶이 무뼈국물닭발 먹방~!! #shorts,2026-05-01T12:00:25Z,63.0,False,39640,648.0,15.0
8073,UC-i2ywiuvjvpTy2zW-tXfkw,떵개떵,q2OWvVSFj5c,너무 귀엽게 생긴 제리치즈케이크와 딸기제리케이크 먹방~!! cheesecake,2026-05-02T12:01:26Z,754.0,False,115790,2468.0,140.0
8073,UC-i2ywiuvjvpTy2zW-tXfkw,떵개떵,1qtRDWBaM2c,매콤하고 아삭한 불닭연어양파쌈과 만두양파쌈 먹방~!! Hot Chicken Flavor Ramen,2026-05-03T12:00:04Z,685.0,False,145232,2880.0,148.0
8073,UC-i2ywiuvjvpTy2zW-tXfkw,떵개떵,APiYu_dB5E0,너무 귀엽게 생긴 톰과 제리 치즈케이크 먹방~!! #shorts,2026-05-04T12:00:31Z,68.0,False,41919,809.0,19.0
8073,UC-i2ywiuvjvpTy2zW-tXfkw,떵개떵,MlLslYNInOY,"여러가지 과일이 가득! 과일 요거트 먹방~!!  Fruit yogurt, Strawberry yogurt",2026-05-06T12:00:43Z,553.0,False,38871,1022.0,69.0
8073,UC-i2ywiuvjvpTy2zW-tXfkw,떵개떵,RqtogUY_C6U,"시원한 불닭냉면과 자메이카 닭다리 먹방~!! Buldak, Korean cold noodles, Jamaican Jerk Chicken",2026-05-07T12:01:00Z,884.0,False,79345,1798.0,119.0
8073,UC-i2ywiuvjvpTy2zW-tXfkw,떵개떵,xDE3by1Uc4M,"알록달록 머랭과 딸기가 들어간 이튼메스 먹방~!! Eton mess, Meringue cookies, strawberry",2026-05-08T12:01:59Z,520.0,False,68184,1441.0,97.0
8073,UC-i2ywiuvjvpTy2zW-tXfkw,떵개떵,YOnbgJu7PWw,닭강정 맛집! 큰손닭강정의 닭강정과 새우강정 먹방~!! Chicken Gangjeong,2026-05-09T12:00:59Z,965.0,False,71590,1637.0,141.0
8073,UC-i2ywiuvjvpTy2zW-tXfkw,떵개떵,V3pVR8GmC9k,알록달록 비주얼 좋은 이튼메스 먹방~!! #shorts,2026-05-10T12:00:52Z,63.0,False,26526,490.0,12.0
8073,UC-i2ywiuvjvpTy2zW-tXfkw,떵개떵,BigyclSlq0k,신전떡볶이에 콘치즈그라탕 넣고 사이드 여러가지 튀김 먹방~!! Spicy Tteokbokki,2026-05-11T12:00:16Z,810.0,False,68785,1505.0,104.0
8073,UC-i2ywiuvjvpTy2zW-tXfkw,떵개떵,JzQeLP19rPA,"그로서리서울 피타브레드 6종, 파니니3종, 샌드위치 먹방~!! #shorts",2026-05-12T08:00:28Z,118.0,False,15269,290.0,13.0
8073,UC-i2ywiuvjvpTy2zW-tXfkw,떵개떵,jThqYR01i5A,"그로서리서울 피타브레드 6종, 파니니3종, 샌드위치 먹방~!! 리얼사운드 Pita bread, sandwich",2026-05-12T08:00:50Z,979.0,False,34823,950.0,112.0
8073,UC-i2ywiuvjvpTy2zW-tXfkw,떵개떵,6nAqLuXu6pw,중독성 강한 매운맛 불닭냉면 먹방~!! #shorts,2026-05-13T12:00:09Z,71.0,False,22138,490.0,12.0
8073,UC-i2ywiuvjvpTy2zW-tXfkw,떵개떵,hCBoCTew1CE,"너무 귀여운 베스킨라빈스 신메뉴 아이스크림 케이크 먹방~!! Pika Pika Pikachu Cake,",2026-05-14T12:01:07Z,889.0,False,52865,1475.0,122.0
8073,UC-i2ywiuvjvpTy2zW-tXfkw,떵개떵,OLnsMdXughA,콘치즈그라탕 뿌린 신전떡볶이에 여러가지 튀김 먹방~!! #shorts,2026-05-15T12:00:44Z,67.0,False,12065,354.0,8.0
8074,UCobTjybs6aP0ECliVTqbmog,TOY GUMA,rvSNzK18VEA,구체관절인형 드리밍돌 유이Ball Jointed Doll Dreaming Doll Yui box opening/dress up doll  #shorts,2022-08-27T00:54:06Z,15.0,True,37736,1344.0,4.0
8074,UCobTjybs6aP0ECliVTqbmog,TOY GUMA,6v4YEsvVH80,구체관절인형 드리밍돌 유이 개봉기Ball Jointed Doll Dreaming Doll Yui box opening/dress up doll,2022-08-29T06:16:28Z,662.0,False,29853,583.0,26.0
8074,UCobTjybs6aP0ECliVTqbmog,TOY GUMA,o1jayBWXvVM,리나슈슈 시크릿 티파티 스마일 멜리사LINA chou chou Limited Secret Tea party Smile Melissa box opening ASMR #shorts,2022-09-02T00:25:05Z,21.0,True,48936,1633.0,10.0
8074,UCobTjybs6aP0ECliVTqbmog,TOY GUMA,oC_cmPmmowI,리나슈슈 시크릿 티파티 스마일 멜리사 LINA chou chou Limited Secret Tea party Smile Melissa Missyo 球体関節人形 miniature,2022-09-04T04:41:22Z,866.0,False,304057,3121.0,83.0
8074,UCobTjybs6aP0ECliVTqbmog,TOY GUMA,ImJuFOyf2mI,구관 돌스앤 엠버Ball Jointed Doll DOLLSN Amber box opening/dress up doll ASMR  #shorts,2022-09-08T03:00:09Z,14.0,True,85647,2071.0,4.0
8074,UCobTjybs6aP0ECliVTqbmog,TOY GUMA,Sc7NF_LhPgw,구체관절인형 돌스앤 엠버 개봉Ball Jointed Doll DOLLSN Amber box opening/dress up doll ASMR,2022-09-10T02:59:51Z,670.0,False,53667,1005.0,36.0
8074,UCobTjybs6aP0ECliVTqbmog,TOY GUMA,rDnT9zq_76k,구관 치카비 롤리Ball Jointed Doll ChicaBi Lolly Box Opening/dress up doll ASMR #shorts,2022-09-15T18:01:37Z,15.0,True,41234,1435.0,8.0
8074,UCobTjybs6aP0ECliVTqbmog,TOY GUMA,BLlSp5OKuRk,구체관절인형 치카비 롤리 개봉 Ball Jointed Doll ChicaBi Lolly Unboxing  miniature  doll furniture,2022-09-18T12:46:47Z,830.0,False,496947,3991.0,112.0
8074,UCobTjybs6aP0ECliVTqbmog,TOY GUMA,K_ipAZsdW4M,치카비 롤리Ball Jointed Doll ChicaBi Lolly box opening/dress up doll ASMR #shorts,2022-09-22T23:21:17Z,15.0,True,59287,1561.0,3.0
8074,UCobTjybs6aP0ECliVTqbmog,TOY GUMA,yrEI2GsfWHk,구관 무무돌 올리브Ball Jointed Doll Mumu Doll Olive  box opening/dress up doll ASMR #shorts,2022-09-24T00:46:34Z,15.0,True,55301,1847.0,7.0
8074,UCobTjybs6aP0ECliVTqbmog,TOY GUMA,608Hrp0iuGQ,구체관절인형 무무돌 올리브개봉Ball Jointed Doll Mumu Doll Olive box opening/dress up doll,2022-09-26T01:06:32Z,603.0,False,41463,764.0,29.0
8074,UCobTjybs6aP0ECliVTqbmog,TOY GUMA,FOH7Tyxs808,구체관절인형 수이돌 당이Ball Jointed Doll SUIDOLL Dang Box Opening/dress up doll ASMR #shorts,2022-10-02T09:31:07Z,11.0,True,33734,1096.0,0.0
8074,UCobTjybs6aP0ECliVTqbmog,TOY GUMA,l0obIc0Mvrw,구체관절인형 수이돌 당이 개봉 Ball Jointed Doll SUIDOLL Dang box opening dress up doll포켓돌pocket doll,2022-10-03T03:33:49Z,810.0,False,48355,862.0,39.0
8074,UCobTjybs6aP0ECliVTqbmog,TOY GUMA,k0H1FoDZpFg,치카비세라 Ball Jointed Doll ChicaBi Sera box opening dress up doll ASMR miniature #shorts,2022-10-06T23:07:40Z,15.0,True,71891,2581.0,13.0
8074,UCobTjybs6aP0ECliVTqbmog,TOY GUMA,w0YAyIFRkas,구관 치카비 세라 개봉 Ball Jointed Doll ChicaBi Sera box opening 할로윈 코스튬/Halloween pumpkin custum/着物/球体関節人形,2022-10-12T00:03:59Z,899.0,False,63919,1185.0,45.0
8074,UCobTjybs6aP0ECliVTqbmog,TOY GUMA,Ft2DFYm9zNE,구관 드리밍돌 마롱개봉 Ball Jointed Doll Dreaming Doll Marron box opening dress up doll ASMR #shorts,2022-10-24T21:54:48Z,14.0,True,45529,1445.0,0.0
8074,UCobTjybs6aP0ECliVTqbmog,TOY GUMA,1Y8jQPi8J5Y,구관 드리밍돌 마롱개봉 Ball Jointed Doll Dreaming Doll Marron Unboxing dress up dolls Drawing doll play set 4K,2022-10-26T09:37:37Z,1016.0,False,59344,954.0,29.0
8074,UCobTjybs6aP0ECliVTqbmog,TOY GUMA,k-RrBkrZWmo,Ball Jointed Doll ChicaBi Sera box opening/dress up doll ASMR miniature #shorts,2022-10-28T01:03:23Z,28.0,True,40074,1047.0,4.0
8074,UCobTjybs6aP0ECliVTqbmog,TOY GUMA,2Hd65lmxCYk,드리밍돌 마롱 Ball Jointed Doll Dreaming Doll Marron box opening dress up doll ASMR #shorts,2022-10-30T01:43:32Z,30.0,True,44435,994.0,1.0
8074,UCobTjybs6aP0ECliVTqbmog,TOY GUMA,szftMvEDlKY,블랙스완 오딜BJD LINA chou chou Limited Black Swan Odile Box Opening/Dress up Doll #shorts,2022-10-31T07:17:04Z,21.0,True,115831,3294.0,12.0
8074,UCobTjybs6aP0ECliVTqbmog,TOY GUMA,aYchYeFejMo,리나슈슈 블랙스완 오딜 LINA chou chou Limited Black Swan Odile Box Opening/dress up doll,2022-11-03T04:08:37Z,882.0,False,35311,750.0,35.0
8074,UCobTjybs6aP0ECliVTqbmog,TOY GUMA,kBYAyxO96ic,BJD IMDA DOLL Simonne Box Opening  구관 임다돌 시몬느 개봉  #shorts,2022-11-11T22:04:30Z,37.0,True,87380,1913.0,8.0
8074,UCobTjybs6aP0ECliVTqbmog,TOY GUMA,lLyshZS9o0c,BJD LINA chou chou Limited Black Swan Odile Box Opening/dress up doll  #shorts,2022-11-14T10:33:01Z,31.0,True,25726,711.0,1.0
8074,UCobTjybs6aP0ECliVTqbmog,TOY GUMA,V5BXlVYwSa8,임다돌 시몬느 개봉BJD IMDA DOLL Simonne Box Opening /dress up doll/Doll bed play set Missyo Baby.j~Yuka~,2022-11-14T22:03:28Z,920.0,False,31694,591.0,14.0
8074,UCobTjybs6aP0ECliVTqbmog,TOY GUMA,jTGyrUPfWyE,BJD Box Opening DollVillage Comical park sakumi02-Limited 돌빌리지 코믹파크 사쿠미 02한정 #shorts,2022-11-21T22:41:58Z,47.0,True,53728,1402.0,6.0
8074,UCobTjybs6aP0ECliVTqbmog,TOY GUMA,PQfyqDQJ1OU,BJD Box Opening  DollVillage Comical park sakumi02-Limited구체관절인형 돌빌리지개봉 #shorts,2022-11-23T19:28:45Z,29.0,True,138368,5239.0,23.0
8074,UCobTjybs6aP0ECliVTqbmog,TOY GUMA,CMielBAZ70M,DollVillage Comical park sakumi02-Limited 돌빌리지 코믹파크 사쿠미 02한정球体関節人形 コミックパークさくみ,2022-11-24T01:02:07Z,944.0,False,66452,1388.0,45.0
8074,UCobTjybs6aP0ECliVTqbmog,TOY GUMA,S-14xdJEkK4,BJD DollVillage Sugar Party--Loli Box Opening구관돌빌리지 로리개봉 ?? #shorts,2022-12-04T08:00:16Z,37.0,True,64212,1892.0,11.0
8074,UCobTjybs6aP0ECliVTqbmog,TOY GUMA,ObyHD6QiTPo,BJD DollVillage Sugar Party--Loli Box Opening구관 돌빌리지 로리 개봉 Awen Wig 아웬가발Missyo doll furniture,2022-12-06T01:26:47Z,776.0,False,62548,962.0,38.0
8074,UCobTjybs6aP0ECliVTqbmog,TOY GUMA,WWfnqa0sqEY,"리나슈슈 라스트썸머 오필리아 개봉BJD LINA chou chou Limited Last Summer, Ophelia Box Opening Dress up Doll  #shorts",2022-12-26T00:12:35Z,43.0,True,80392,3064.0,0.0
8074,UCobTjybs6aP0ECliVTqbmog,TOY GUMA,Yqbp-DVCYEk,"BJD LINA chou chou Limited Last Summer, Ophelia Box Opening Dress up Doll 리나슈슈 라스트썸머 오필리아 개봉",2022-12-28T21:10:49Z,757.0,False,62070,995.0,57.0
8074,UCobTjybs6aP0ECliVTqbmog,TOY GUMA,4PZwNEME2Io,구관 돌빌리지 판다 개봉DollVillage Limited-Pand/Ball Jointed Doll box opening/dress up doll  #shorts,2023-01-04T22:27:10Z,35.0,True,68576,1761.0,22.0
8074,UCobTjybs6aP0ECliVTqbmog,TOY GUMA,wXX9tfajBYo,BJD DollVillage Limited-Pand Unboxing구관 돌빌리지 판다 개봉 Awen Wig 아웬가발Dress Up Doll/doll furniture,2023-01-07T00:13:18Z,868.0,False,165078,1096.0,63.0
8074,UCobTjybs6aP0ECliVTqbmog,TOY GUMA,90zx7qq5pQ0,Ball Jointed Doll H.minor Doll Pipi Box Opening/dress up doll   #shorts,2023-01-24T14:12:51Z,36.0,True,53658,1230.0,0.0
8074,UCobTjybs6aP0ECliVTqbmog,TOY GUMA,ZOcPHeT9Iu8,Ball Jointed Doll H.minor Doll Pipi Box Opening/dress up doll/miniature,2023-01-28T03:36:46Z,805.0,False,85731,688.0,46.0
8074,UCobTjybs6aP0ECliVTqbmog,TOY GUMA,b3gxzOeb_L4,Integrity Toys FR Nippon Spun Sugar Misaki Dressed Doll Box Opening패션로열티 니폰 미사키 개봉ミサキドールスパンシュガー,2023-02-22T04:08:54Z,992.0,False,70937,797.0,0.0
8074,UCobTjybs6aP0ECliVTqbmog,TOY GUMA,O7I4sBfXC4Q,BJD DollVillage Vampire Lola Box opening/doll dress up/camping cart구관 돌빌리지 뱀파이어 로라 개봉,2023-03-03T10:46:03Z,956.0,False,64264,840.0,37.0
8074,UCobTjybs6aP0ECliVTqbmog,TOY GUMA,LvZ2e1tdg7o,구체관절인형 루츠키드 델프 키위 개봉BJD LUTSDOLL KIWI Romance VER.Unboxing,2023-03-18T22:00:27Z,960.0,False,63952,1010.0,35.0
8074,UCobTjybs6aP0ECliVTqbmog,TOY GUMA,6ImtRWLmwBc,Drawing doll play set BJD Doll Box Opening  #shorts,2023-04-02T11:24:11Z,37.0,True,14140,571.0,0.0
8074,UCobTjybs6aP0ECliVTqbmog,TOY GUMA,DF3qwUY3bEA,BJD DollVillage Vampire Lola Doll Unboxing구관 돌빌리지 로라 개봉 #shorts,2023-04-02T11:24:49Z,30.0,True,15064,184.0,9.0
8074,UCobTjybs6aP0ECliVTqbmog,TOY GUMA,K8HKm_V2pxk,AZONE DOLL NEW GAME!Aoba unboxing아존 뉴 게임!아오바/퓨어니모/ニューゲーム！青葉 1/6ピュール,2023-04-02T20:31:03Z,895.0,False,45201,494.0,19.0
8074,UCobTjybs6aP0ECliVTqbmog,TOY GUMA,rW2XjCk_LvM,Integrity Toys FR Nippon MINT COOL Misaki Dressed Doll Box Opening패션로열티 니폰 미사키 민트쿨 개봉ミサキドールミントクール,2023-04-13T21:07:34Z,755.0,False,47269,537.0,0.0
8074,UCobTjybs6aP0ECliVTqbmog,TOY GUMA,Ydng_BMSm8g,Integrity Toys Poppy Parker Shoes Collection포피파커 슈즈 모음#shorts,2023-04-17T00:31:09Z,46.0,True,80985,1476.0,10.0
8074,UCobTjybs6aP0ECliVTqbmog,TOY GUMA,-1fpqQx5RIQ,"PetWORKs DOLL DIVISION momoko(CCS18AN,18SS)Unboxing펫웍스 모모꼬 개봉리뷰Doll Review/doll dress upモモコドール",2023-04-25T21:52:55Z,883.0,False,50947,512.0,0.0
8074,UCobTjybs6aP0ECliVTqbmog,TOY GUMA,FV2GkhkvMAY,BJD Iplehouse KID Limited Red Riding Hood Set MIA Unboxing구관 이플하우스 빨간망토 미아 리뷰,2023-05-08T05:07:55Z,681.0,False,67683,881.0,48.0
8074,UCobTjybs6aP0ECliVTqbmog,TOY GUMA,XTJgNO_vlxM,Ball Jointed Doll pocket doll Shoes Collection구관 포켓돌 슈즈 모음 #shorts,2023-05-13T20:39:38Z,53.0,True,93776,1715.0,11.0
8074,UCobTjybs6aP0ECliVTqbmog,TOY GUMA,3hwBL8sHaWc,Ball Jointed Doll ChicaBi Limited Stormi review구관 치카비 스토미 리뷰Doll Dress Up아웬가발,2023-06-09T20:01:41Z,757.0,False,92680,976.0,31.0
8074,UCobTjybs6aP0ECliVTqbmog,TOY GUMA,TfnMfw_52gs,BJD BAMBICRONY BRAVA BAMBI Basic Schnee Box Opening구관 밤비크로니 BB 베이직 슈니 리뷰,2023-07-22T22:57:50Z,728.0,False,226272,1648.0,79.0
8074,UCobTjybs6aP0ECliVTqbmog,TOY GUMA,Nnt6fwwnnSI,Ball Jointed Doll USD Unboxing collection구체관절인형 USD리뷰 모아보기,2023-08-22T17:32:44Z,4064.0,False,176326,1589.0,60.0
8074,UCobTjybs6aP0ECliVTqbmog,TOY GUMA,Vum1nujSC2Y,구관 루츠 허니21델프 봉봉 리뷰Ball Jointed Doll LUTS HONEY21 DELF BON BON Unboxing/Dolls Dress Up,2024-01-11T00:19:30Z,748.0,False,247036,2191.0,99.0
8075,UCnCXqo9jcQaHjW0iZM7tPOQ,스위트티비 SweetTV,QV5R1Tkrhew,다양한 서프라이즈 에그 장난감 6개로 재미있고 신나는 장난감 알까기 놀이 동영상 35탄,2018-11-03T00:51:22Z,316.0,False,136525,306.0,0.0
8075,UCnCXqo9jcQaHjW0iZM7tPOQ,스위트티비 SweetTV,3t0-K8Vyt3E,로보카폴리 컵안에 다양한 장난감으로 영어 색깔놀이와 재미있고 신나는 장난감 알까기 놀이,2018-11-05T08:36:14Z,332.0,False,176613,297.0,0.0
8075,UCnCXqo9jcQaHjW0iZM7tPOQ,스위트티비 SweetTV,yLoUOvdiGsM,다양한 서프라이즈 에그와 킨더조이 장난감으로 재미있고 신나는 장난감 알까기 놀이 동영상 36탄,2018-11-07T05:41:04Z,300.0,False,147800,376.0,0.0
8075,UCnCXqo9jcQaHjW0iZM7tPOQ,스위트티비 SweetTV,JbjME8iimow,캡슐 에그 장난감으로 재미있고 신나는 영어 숫자 더하기 덧셈 놀이 동영상,2018-11-09T06:52:29Z,385.0,False,4330852,14319.0,0.0
8075,UCnCXqo9jcQaHjW0iZM7tPOQ,스위트티비 SweetTV,L7uhdVNEeSE,재미있고 신나는 서프라이즈 에그 장난감 알까기 놀이 37탄,2018-11-11T03:33:58Z,355.0,False,128267,299.0,0.0
8075,UCnCXqo9jcQaHjW0iZM7tPOQ,스위트티비 SweetTV,aslTwhhbj-s,다양한 과일 채소 장난감으로 영어 이름 맞추기 놀이와 재미있고 신나는 서프라이즈 에그 장난감 알까기 놀이 동영상,2018-11-13T06:51:37Z,398.0,False,1878132,5245.0,0.0
8075,UCnCXqo9jcQaHjW0iZM7tPOQ,스위트티비 SweetTV,YTeHbBKBl-E,로보카폴리 컵안에 다양한 서프라이즈 에그로 재미있고 신나는 장난감 알까기 놀이 동영상,2018-11-15T10:39:23Z,225.0,False,2400886,5618.0,0.0
8075,UCnCXqo9jcQaHjW0iZM7tPOQ,스위트티비 SweetTV,hd44OgjvKro,캡슐 에그 장난감으로 재미있고 신나는 영어 색깔놀이와 장난감 알까기 놀이,2018-11-17T08:11:19Z,216.0,False,231022,458.0,0.0
8075,UCnCXqo9jcQaHjW0iZM7tPOQ,스위트티비 SweetTV,7NJKuoISLng,재미있고 신나는 서프라이즈 에그 장난감 6개로 재미있는 장난감 알까기 놀이 38탄,2018-11-19T02:38:30Z,271.0,False,190143,386.0,0.0
8075,UCnCXqo9jcQaHjW0iZM7tPOQ,스위트티비 SweetTV,vLC-812elwk,플레이도우로 1부터 10까지 재미있고 신나는 영어 숫자놀이 동영상,2018-11-21T08:40:15Z,392.0,False,117832,208.0,0.0
8075,UCnCXqo9jcQaHjW0iZM7tPOQ,스위트티비 SweetTV,2vxirWJOf1E,다양한 과일 채소 장난감으로 재미있고 신나는 과일 채소 영어 이름 맞추기 놀이,2018-11-23T05:10:19Z,280.0,False,138156,283.0,0.0
8075,UCnCXqo9jcQaHjW0iZM7tPOQ,스위트티비 SweetTV,-Op0MBl43EQ,다양한 서프라이즈 에그 장난감으로 재미있고 신나는 장난감 알까기 놀이 동영상,2018-11-25T03:10:15Z,308.0,False,2262207,5861.0,0.0
8075,UCnCXqo9jcQaHjW0iZM7tPOQ,스위트티비 SweetTV,cZj19J7FSQg,로보카폴리 컵안에 다양한 장난감 알까기 놀이와 재미있고 신나는 영어 색깔놀이 동영상,2018-11-27T06:22:24Z,306.0,False,722409,1767.0,0.0
8075,UCnCXqo9jcQaHjW0iZM7tPOQ,스위트티비 SweetTV,uhYTOezSaKU,재미있고 신나는 대형 서프라이즈 에그 2개 장난감 알까기 놀이 동영상,2018-11-29T06:34:14Z,313.0,False,216299,459.0,0.0
8075,UCnCXqo9jcQaHjW0iZM7tPOQ,스위트티비 SweetTV,77Orsfu-oqI,플레이도우로 재미있고 신나는 영어 색깔놀이와 다양한 틀 찍기 놀이,2018-12-01T04:30:42Z,359.0,False,1154559,4378.0,0.0
8075,UCnCXqo9jcQaHjW0iZM7tPOQ,스위트티비 SweetTV,qyGk6Y1hoZ4,재미있고 신나는 서프라이즈 에그 6개 장난감 알까기 놀이 동영상 39탄,2018-12-03T05:54:20Z,354.0,False,135786,290.0,0.0
8075,UCnCXqo9jcQaHjW0iZM7tPOQ,스위트티비 SweetTV,eNVyVwjHN0o,다양한 과일 채소 장난감으로 영어 이름 맞추기 놀이와 재미있고 신나는 영어 숫자놀이 동영상,2018-12-05T07:14:39Z,275.0,False,21125356,53604.0,0.0
8075,UCnCXqo9jcQaHjW0iZM7tPOQ,스위트티비 SweetTV,Lk7HYtRnbAs,다양한 서프라이즈 에그 장난감 3개로 재미있고 신나는 장난감 알까기 놀이,2018-12-07T08:04:10Z,275.0,False,418132,758.0,0.0
8075,UCnCXqo9jcQaHjW0iZM7tPOQ,스위트티비 SweetTV,yJ07j6pTEsc,캡슐 에그 장난감으로 재미있고 신나는 영어 숫자 빼기 뺄셈 놀이와 서프라이즈 에그 장난감 알까기 놀이,2018-12-09T07:19:25Z,359.0,False,629951,2267.0,0.0
8075,UCnCXqo9jcQaHjW0iZM7tPOQ,스위트티비 SweetTV,vNHX9_Xs54g,플레이도우로 재미있고 신나는 틀 찍기 놀이와 서프라이즈 에그 장난감 알까기 놀이 동영상,2018-12-11T07:28:47Z,458.0,False,10684604,35429.0,0.0
8075,UCnCXqo9jcQaHjW0iZM7tPOQ,스위트티비 SweetTV,CgF0gv-AjXc,재미있고 다양한 서프라이즈 에그 6개로 재미있는 장난감 알까기 놀이,2018-12-13T05:48:31Z,329.0,False,184802,404.0,0.0
8075,UCnCXqo9jcQaHjW0iZM7tPOQ,스위트티비 SweetTV,2bm9ou3GMvE,다양한 과일과 채소 장난감으로 재미있고 신나는 영어 이름 맞추기 놀이 동영상,2018-12-15T04:00:01Z,236.0,False,179747,327.0,0.0
8075,UCnCXqo9jcQaHjW0iZM7tPOQ,스위트티비 SweetTV,tLXQMX0G_P8,로보카폴리 컵안에 서프라이즈 에그와 다양한 장난감으로 재미있고 신나는 장난감 알까기 놀이 동영상,2018-12-17T08:35:24Z,280.0,False,404301,814.0,0.0
8075,UCnCXqo9jcQaHjW0iZM7tPOQ,스위트티비 SweetTV,gNFES8mBXx0,캡슐 에그 장난감으로 재미있고 신나는 영어 숫자놀이와 다양한 장난감 알까기 놀이 동영상,2018-12-19T05:36:07Z,343.0,False,1851767,6029.0,0.0
8075,UCnCXqo9jcQaHjW0iZM7tPOQ,스위트티비 SweetTV,vVRjp9nzoQU,캡슐 에그 장난감으로 재미있고 신나는 영어 숫자 더하기 덧셈 놀이와 다양한 장난감 알까기 놀이,2018-12-20T22:59:47Z,425.0,False,304018,567.0,0.0
8075,UCnCXqo9jcQaHjW0iZM7tPOQ,스위트티비 SweetTV,CjVGVKmtpQ8,재미있고 다양한 서프라이즈 에그 장난감 5개 알까기 놀이,2018-12-23T04:41:37Z,310.0,False,185277,399.0,0.0
8075,UCnCXqo9jcQaHjW0iZM7tPOQ,스위트티비 SweetTV,QD7uKCwIVno,과일 채소 장난감으로 영어 이름 맞추기 놀이와 재미있고 신나는 영어 색깔놀이 동영상,2018-12-25T03:32:02Z,190.0,False,3037943,9790.0,0.0
8075,UCnCXqo9jcQaHjW0iZM7tPOQ,스위트티비 SweetTV,DcoKFYnKey4,플레이도우로 1부터 10까지 재미있고 신나는 영어 숫자놀이와 영어 색깔놀이,2018-12-27T06:09:57Z,419.0,False,186315,330.0,0.0
8075,UCnCXqo9jcQaHjW0iZM7tPOQ,스위트티비 SweetTV,IBGfHrkM3no,로보카폴리 컵안에 다양한 장난감으로 영어 색깔놀이와 재미있는 장난감 알까기 놀이 동영상,2018-12-29T05:25:33Z,248.0,False,3197670,969.0,0.0
8075,UCnCXqo9jcQaHjW0iZM7tPOQ,스위트티비 SweetTV,09Sd46j6aV8,서프라이즈 에그 장난감 6개로 재미있고 다양한 장난감 알까기 놀이 동영상,2018-12-31T06:20:17Z,399.0,False,254532,670.0,0.0
8075,UCnCXqo9jcQaHjW0iZM7tPOQ,스위트티비 SweetTV,qvsWqZh5Io8,과일 채소 장난감으로 영어 이름 맞추기 놀이와 다양한 장난감 알까기 놀이 동영상,2019-01-02T06:16:52Z,341.0,False,583337,1260.0,0.0
8075,UCnCXqo9jcQaHjW0iZM7tPOQ,스위트티비 SweetTV,ycqM14Eq29Y,로보카폴리 컵안에 다양한 장난감과 서프라이즈 에그로 재미있는 장난감 알까기 놀이 동영상,2019-01-06T05:23:31Z,357.0,False,11076605,27126.0,0.0
8075,UCnCXqo9jcQaHjW0iZM7tPOQ,스위트티비 SweetTV,M73--5hO4G4,로보카폴리 컵안에 장난감으로 재미있는 영어 숫자놀이와 장난감 알까기 놀이,2019-01-22T02:16:16Z,228.0,False,23312736,79162.0,0.0
8075,UCnCXqo9jcQaHjW0iZM7tPOQ,스위트티비 SweetTV,FeKyxpINrKI,캡슐 에그 장난감으로 1부터 10까지 영어 숫자놀이와 다양한 장난감 알까기 놀이,2019-01-26T02:00:00Z,215.0,False,10043523,39395.0,0.0
8075,UCnCXqo9jcQaHjW0iZM7tPOQ,스위트티비 SweetTV,38E6j_n2ziM,다양한 과일 채소 장난감으로 영어 이름 맞추기 놀이와 캡슐 에그 장난감으로 영어 색깔놀이 동영상,2019-02-19T04:05:13Z,319.0,False,10488437,38051.0,0.0
8075,UCnCXqo9jcQaHjW0iZM7tPOQ,스위트티비 SweetTV,EL1p-zUXdzM,로보카폴리 컵안에 장난감으로 다양한 장난감 알까기 놀이와 재미있고 신나는 영어 숫자놀이 동영상,2019-02-21T07:32:24Z,221.0,False,1865301,3310.0,0.0
8075,UCnCXqo9jcQaHjW0iZM7tPOQ,스위트티비 SweetTV,WulcP5pwjVQ,다양한 과일 채소 장난감으로 영어 이름 맞추기 놀이와 1부터 10까지 영어 숫자놀이,2019-02-27T08:59:48Z,234.0,False,47742206,141340.0,0.0
8075,UCnCXqo9jcQaHjW0iZM7tPOQ,스위트티비 SweetTV,2ZtbUU1SlYk,재미있고 다양한 장난감 알까기 놀이와 재미있는 영어 숫자놀이 동영상,2019-03-01T09:23:51Z,286.0,False,1315912,2276.0,0.0
8075,UCnCXqo9jcQaHjW0iZM7tPOQ,스위트티비 SweetTV,q0to73flxDQ,로보카폴리 컵안에 다양한 장난감으로 재미있고 신나는 영어 색깔놀이와 영어 숫자놀이 동영상,2019-03-03T06:22:34Z,281.0,False,18124647,66337.0,0.0
8075,UCnCXqo9jcQaHjW0iZM7tPOQ,스위트티비 SweetTV,WMpASmAxz8M,여러가지 과일 채소 장난감으로 영어 이름 맞추기 놀이와 1부터 10까지 재미있고 간단한 영어 숫자놀이 동영상,2019-03-19T08:21:32Z,237.0,False,14101111,49451.0,0.0
8075,UCnCXqo9jcQaHjW0iZM7tPOQ,스위트티비 SweetTV,4FwQN_jSKCY,로보카폴리 컵안에 다양한 장난감으로 1부터 10까지 영어 숫자놀이와 간단한 영어 색깔놀이 동영상,2019-03-23T05:20:19Z,222.0,False,1247192,2399.0,0.0
8075,UCnCXqo9jcQaHjW0iZM7tPOQ,스위트티비 SweetTV,j1Ws5lojgiQ,과일 채소 장난감으로 영어 이름 맞추기 놀이와 캡슐 에그 장난감으로 재미있고 간단한 영어 색깔 배우기 놀이,2019-04-04T06:24:54Z,230.0,False,2617934,7329.0,0.0
8075,UCnCXqo9jcQaHjW0iZM7tPOQ,스위트티비 SweetTV,xjz4iqgDSgA,여러가지 과일 채소 장난감으로 재미있는 영어 단어 배우기 놀이 동영상,2019-04-15T11:46:19Z,227.0,False,2875354,7393.0,0.0
8075,UCnCXqo9jcQaHjW0iZM7tPOQ,스위트티비 SweetTV,BuJA1pTL7ZI,과일 장난감으로 영어 단어 배우기 놀이와 1부터 10까지 간단한 영어 숫자놀이,2019-05-05T06:10:47Z,241.0,False,3077256,8250.0,0.0
8075,UCnCXqo9jcQaHjW0iZM7tPOQ,스위트티비 SweetTV,GF0dAFSnvK8,플레이도우로 재미있고 신나는 색깔 영어 단어 배우기 놀이 동영상,2019-06-24T15:37:19Z,282.0,False,20677597,68417.0,0.0
8075,UCnCXqo9jcQaHjW0iZM7tPOQ,스위트티비 SweetTV,Li3MrmEVC2M,박스 안에 장난감으로 1부터 10까지 재미있는 영어 숫자놀이 동영상,2019-07-14T08:20:41Z,212.0,False,15997479,32867.0,0.0
8075,UCnCXqo9jcQaHjW0iZM7tPOQ,스위트티비 SweetTV,R6zDjoCHwCQ,과일 채소 장난감으로 간단한 영어 단어 배우기 놀이와 재미있는 장난감 놀이를 해보아요,2019-07-20T13:25:44Z,215.0,False,8508254,32874.0,0.0
8075,UCnCXqo9jcQaHjW0iZM7tPOQ,스위트티비 SweetTV,C23zaksKOtc,다양한 장난감으로 A부터 Z까지 영어 알파벳 놀이와 재미있는 장난감 놀이를 해보아요,2019-07-29T18:07:23Z,330.0,False,35743583,107567.0,0.0
8075,UCnCXqo9jcQaHjW0iZM7tPOQ,스위트티비 SweetTV,J25uX2tJCos,로보카폴리 컵안에 어떤 장난감이 들어있을까? 다양한 장난감으로 재미있는 영어 숫자놀이와 영어 색깔놀이,2019-08-01T10:28:59Z,194.0,False,131878038,395825.0,0.0
8075,UCnCXqo9jcQaHjW0iZM7tPOQ,스위트티비 SweetTV,f9YaLEJMJqw,플레이도우로 영어 숫자 배우기 놀이와 다양한 장난감 놀이를 해보아요,2019-08-04T19:31:26Z,380.0,False,9727807,32170.0,0.0
8076,UCGwA4GjY4nGMIYvaJiA0EGA,English Singsing,NDtoa6FRk3M,What's your favorite subject?  - [Subject] - Renewal - Easy Dialogue - Role Play,2026-03-24T03:00:31Z,295.0,False,25937,147.0,0.0
8076,UCGwA4GjY4nGMIYvaJiA0EGA,English Singsing,hZvjqo--FOM,"Wait, which dinosaur is this? 🦖",2026-03-24T03:00:54Z,30.0,True,3807828,18286.0,0.0
8076,UCGwA4GjY4nGMIYvaJiA0EGA,English Singsing,j25xKad5ryY,Do you know words beginning with G? 🧄🎸🐟,2026-03-25T03:00:40Z,22.0,True,48023,232.0,0.0
8076,UCGwA4GjY4nGMIYvaJiA0EGA,English Singsing,X0SpQyIHVXQ,What is in the fridge? 🐧,2026-03-26T03:00:26Z,16.0,True,55362,293.0,0.0
8076,UCGwA4GjY4nGMIYvaJiA0EGA,English Singsing,GDHx5Ds87uA,Dinosaurs - Kids vocabulary - Learn English for kids - English educational video,2026-03-27T03:00:12Z,439.0,False,138736,558.0,0.0
8076,UCGwA4GjY4nGMIYvaJiA0EGA,English Singsing,eIs1352-Zvo,Let’s learn the five “G” words 🎮🚪👧🏻🦍🐐,2026-03-27T03:00:27Z,39.0,True,64168,276.0,0.0
8076,UCGwA4GjY4nGMIYvaJiA0EGA,English Singsing,rgbN1l54eNc,🌍Russia - [New] - Global Voca - AI Animation for Kids,2026-03-27T03:00:48Z,232.0,False,9773,82.0,0.0
8076,UCGwA4GjY4nGMIYvaJiA0EGA,English Singsing,5SWU601CLx4,Which Dino is this?🦖,2026-03-31T03:00:09Z,30.0,True,61637,453.0,0.0
8076,UCGwA4GjY4nGMIYvaJiA0EGA,English Singsing,snD-qupGlLo,Do you know words beginning with H? 🐎🖐🏻🍔,2026-04-01T03:00:42Z,20.0,True,51703,257.0,0.0
8076,UCGwA4GjY4nGMIYvaJiA0EGA,English Singsing,Op5X6IWQ1pQ,Let’s go on an adventure! 🐰🦊🦉🦡,2026-04-02T03:00:20Z,41.0,True,49074,290.0,0.0
8076,UCGwA4GjY4nGMIYvaJiA0EGA,English Singsing,LrW_Ny5lipg,Dinosaur ABC Song - Alphabet Song - English song for Kids,2026-04-02T08:37:37Z,365.0,False,69009,329.0,0.0
8076,UCGwA4GjY4nGMIYvaJiA0EGA,English Singsing,NkUWFu9WOls,Let’s learn the six “H” words 🔨🐹👒♥️🕳️🏠,2026-04-03T03:00:32Z,39.0,True,61222,323.0,0.0
8076,UCGwA4GjY4nGMIYvaJiA0EGA,English Singsing,iGjeJEIQKbU,What did you do?  - [Past tense] - Renewal - Easy Dialogue - Role Play,2026-04-07T03:00:45Z,410.0,False,19287,145.0,0.0
8076,UCGwA4GjY4nGMIYvaJiA0EGA,English Singsing,zNNsfPm0okw,Dino Collection!  (ver.1)🦖🏆,2026-04-07T03:01:03Z,120.0,False,497992,3829.0,0.0
8076,UCGwA4GjY4nGMIYvaJiA0EGA,English Singsing,us-hK8ir3JY,🔴🔊LIVE_Kids Vocabulary🗒️💗 | @English Singsing | English educational video,2026-04-08T01:14:37Z,,False,47828,648.0,0.0
8076,UCGwA4GjY4nGMIYvaJiA0EGA,English Singsing,TgxtTdIDXzo,Do you know words beginning with I? 🦎✒️(🧊+🏠),2026-04-08T03:00:28Z,19.0,True,34763,162.0,0.0
8076,UCGwA4GjY4nGMIYvaJiA0EGA,English Singsing,ualnP2myAf8,This is my house🏠,2026-04-09T03:00:53Z,31.0,True,37321,227.0,0.0
8076,UCGwA4GjY4nGMIYvaJiA0EGA,English Singsing,VYV0CjBKGD8,🌍India- [New] - Global Voca - AI Animation for Kids,2026-04-10T03:00:37Z,231.0,False,8230,79.0,0.0
8076,UCGwA4GjY4nGMIYvaJiA0EGA,English Singsing,XuoXvwahGy8,Let’s learn from A to D 📚💗,2026-04-10T03:00:39Z,142.0,False,75754,648.0,0.0
8076,UCGwA4GjY4nGMIYvaJiA0EGA,English Singsing,XnzCbF164tU,How was your summer vacation?  - [Past tense] - Renewal - Easy Dialogue - Role Play,2026-04-14T03:00:37Z,323.0,False,17548,112.0,0.0
8076,UCGwA4GjY4nGMIYvaJiA0EGA,English Singsing,fTDUrzFMtXE,Dino Collection! (ver.2)🦖🏆,2026-04-14T03:00:49Z,120.0,False,284600,2565.0,0.0
8076,UCGwA4GjY4nGMIYvaJiA0EGA,English Singsing,fPf7kPPpFi8,Do you know words beginning with J?🧃😊🪼,2026-04-15T03:00:43Z,20.0,True,45066,232.0,0.0
8076,UCGwA4GjY4nGMIYvaJiA0EGA,English Singsing,RgleHWGQ9IY,How is the weather? ☀️☔🍃❄️,2026-04-16T03:00:27Z,33.0,True,38949,338.0,0.0
8076,UCGwA4GjY4nGMIYvaJiA0EGA,English Singsing,Sodx5tYNhZg,In the Living room- Kids vocabulary -Learn English for kids,2026-04-17T03:00:34Z,276.0,False,53272,392.0,0.0
8076,UCGwA4GjY4nGMIYvaJiA0EGA,English Singsing,v6t3s0FNNZk,Let’s learn from E to H 📚💗,2026-04-17T03:00:52Z,144.0,False,70832,734.0,0.0
8076,UCGwA4GjY4nGMIYvaJiA0EGA,English Singsing,5dR0b68yP1o,Follow the Penguin! 🐧🥶🪓🦉🧊,2026-04-21T03:00:09Z,36.0,True,30148,254.0,0.0
8076,UCGwA4GjY4nGMIYvaJiA0EGA,English Singsing,6-0H7k2tPwQ,What does she look like?  - [Look like] - Renewal - Easy Dialogue - Role Play,2026-04-21T03:00:09Z,310.0,False,18299,117.0,0.0
8076,UCGwA4GjY4nGMIYvaJiA0EGA,English Singsing,G1HWS2k_RJc,Do you know words beginning with K?🫅🏻🪁🦘,2026-04-22T03:00:15Z,20.0,True,24309,146.0,0.0
8076,UCGwA4GjY4nGMIYvaJiA0EGA,English Singsing,X0a08DVXDwA,Guess What's Inside! 🎁,2026-04-23T03:00:34Z,122.0,False,33394,283.0,0.0
8076,UCGwA4GjY4nGMIYvaJiA0EGA,English Singsing,DaytP1wnO9M,Let’s learn the four “I” words 🧊🏝️🍦🥶,2026-04-24T03:00:22Z,27.0,True,35395,204.0,0.0
8076,UCGwA4GjY4nGMIYvaJiA0EGA,English Singsing,_o9Xj6Rsq-s,🌍Türkiye - [New] - Global Voca - AI Animation for Kids,2026-04-24T03:00:29Z,221.0,False,6193,84.0,0.0
8076,UCGwA4GjY4nGMIYvaJiA0EGA,English Singsing,5GBoNWO9GIA,I have a toothache.  - [Toothache] - Renewal - Easy Dialogue - Role Play,2026-04-28T03:00:05Z,227.0,False,12955,126.0,0.0
8076,UCGwA4GjY4nGMIYvaJiA0EGA,English Singsing,JNinqnAklFg,Which dinosaur egg will we get?🐣,2026-04-28T03:00:33Z,31.0,True,30751,263.0,0.0
8076,UCGwA4GjY4nGMIYvaJiA0EGA,English Singsing,uaTu66c3fwU,Do you know words beginning with L?🦁🍋🛋️,2026-04-29T03:01:05Z,19.0,True,30036,161.0,0.0
8076,UCGwA4GjY4nGMIYvaJiA0EGA,English Singsing,TbqY3_4vr24,The Frog Wizard 🪄🐸,2026-04-30T03:00:36Z,42.0,True,18465,156.0,0.0
8076,UCGwA4GjY4nGMIYvaJiA0EGA,English Singsing,MVP6aE3G8uk,Let’s learn the six “J” words 😋🫙👖🧃🦘6️⃣,2026-05-01T03:00:32Z,43.0,True,19848,120.0,0.0
8076,UCGwA4GjY4nGMIYvaJiA0EGA,English Singsing,gSYJRy4M1Hw,In the Bathroom- Kids vocabulary -Learn English for kids,2026-05-01T03:00:47Z,264.0,False,25273,207.0,0.0
8076,UCGwA4GjY4nGMIYvaJiA0EGA,English Singsing,8-oz8a4fA4M,Surprise! Dino Eggs 🦖✨,2026-05-05T03:00:13Z,31.0,True,22269,207.0,0.0
8076,UCGwA4GjY4nGMIYvaJiA0EGA,English Singsing,r2um1wBVilc,What season do you like? - [Weather] - Renewal - Easy Dialogue - Role Play,2026-05-05T03:00:54Z,249.0,False,12227,119.0,0.0
8076,UCGwA4GjY4nGMIYvaJiA0EGA,English Singsing,ar74BxSQ7Ek,Do you know words beginning with M? 🗺️🍈🐭,2026-05-06T03:00:06Z,19.0,True,18185,114.0,0.0
8076,UCGwA4GjY4nGMIYvaJiA0EGA,English Singsing,Q1wiOt9Ifnc,The Wizard Frog’s Forest Journey 🧙‍♂️🐸,2026-05-07T03:00:33Z,53.0,True,11520,97.0,0.0
8076,UCGwA4GjY4nGMIYvaJiA0EGA,English Singsing,8zqhYKrv-h4,🌍South Africa - [New] - Global Voca - AI Animation for Kids,2026-05-08T03:00:17Z,233.0,False,3863,43.0,0.0
8076,UCGwA4GjY4nGMIYvaJiA0EGA,English Singsing,ObgK0aXbsK0,Let’s learn the six “K” words 🦘🗝️🫅🏻😸🐨🪁,2026-05-08T03:00:24Z,43.0,True,13924,119.0,0.0
8076,UCGwA4GjY4nGMIYvaJiA0EGA,English Singsing,f15n4IRPd74,Wait for the Magic... 🍓🏠,2026-05-10T15:01:04Z,59.0,True,9165,91.0,0.0
8076,UCGwA4GjY4nGMIYvaJiA0EGA,English Singsing,8hqVHCVUqk8,Magic Dino Vending Machine🪄,2026-05-11T15:00:20Z,31.0,True,12363,109.0,0.0
8076,UCGwA4GjY4nGMIYvaJiA0EGA,English Singsing,aeG66oUm77k,Can I Speak to Lily?  - [Telephone conversations] - Renewal - Easy Dialogue - Role Play,2026-05-12T03:00:02Z,350.0,False,6819,101.0,0.0
8076,UCGwA4GjY4nGMIYvaJiA0EGA,English Singsing,rUGqDDu3sA8,Do you know words beginning with N? 🧣👃🏻🥜,2026-05-13T03:00:58Z,19.0,True,9103,61.0,0.0
8076,UCGwA4GjY4nGMIYvaJiA0EGA,English Singsing,AmTVPtgmdHY,Opposites words Song 🎶,2026-05-13T15:00:13Z,33.0,True,14942,108.0,0.0
8076,UCGwA4GjY4nGMIYvaJiA0EGA,English Singsing,0_tPE0FOSeg,In the Dining room- Kids vocabulary -Learn English for kids,2026-05-15T03:00:00Z,217.0,False,2299,48.0,0.0
8076,UCGwA4GjY4nGMIYvaJiA0EGA,English Singsing,END1fcJcB6Y,Let’s learn the six “L” words 🐞🌿🍋🥬🦁🦎,2026-05-15T03:00:24Z,40.0,True,3807,35.0,0.0
8077,UCFiYPUhUzLKoi-cZ0AwpjLA,매일맛나 delicious day,2MFh3ywBzvc,"두부 이렇게 만들면 영양만점, 정말 맛있어요 :: 두부요리 :: 두부만두 :: Tofu Recipe",2024-12-09T12:00:03Z,170.0,False,60066,2048.0,52.0
8077,UCFiYPUhUzLKoi-cZ0AwpjLA,매일맛나 delicious day,KvFQASXg1As,"초간단 양배추 스프, Cabbage Soup",2024-12-16T12:00:32Z,31.0,True,74643,1614.0,25.0
8077,UCFiYPUhUzLKoi-cZ0AwpjLA,매일맛나 delicious day,y3hwhyYxUX4,"전자레인지 감자칩, Microwave Potato Chips",2024-12-17T12:01:15Z,30.0,True,134991,3153.0,47.0
8077,UCFiYPUhUzLKoi-cZ0AwpjLA,매일맛나 delicious day,CxZXUabSmFw,튀기지 않은 양념 웨지감자,2024-12-19T12:00:14Z,39.0,True,25085,1464.0,15.0
8077,UCFiYPUhUzLKoi-cZ0AwpjLA,매일맛나 delicious day,r52XznSLipM,"알리오올리오 파스타, Aglio Olio Pasta",2024-12-20T12:01:08Z,41.0,True,79130,2645.0,34.0
8077,UCFiYPUhUzLKoi-cZ0AwpjLA,매일맛나 delicious day,AEsnBFlZ9Lc,두부인가 만두인가!! Tofu Recipe,2024-12-21T11:30:06Z,44.0,True,57210,1690.0,23.0
8077,UCFiYPUhUzLKoi-cZ0AwpjLA,매일맛나 delicious day,qh4SH-V6dRI,"맛도 모양도 예쁜, 말차 티라미수 만들기 :: 노오븐케이크 :: Matcha Tiramisu",2024-12-23T12:01:07Z,189.0,False,87737,2624.0,70.0
8077,UCFiYPUhUzLKoi-cZ0AwpjLA,매일맛나 delicious day,M01qSyj7vTo,"촉촉하고 꾸덕한 2가지 식감의 ""브라우니 치크케이크"" 만들기 :: Brownie Cheesecake Recipe",2024-12-27T11:30:23Z,218.0,False,119829,4365.0,131.0
8077,UCFiYPUhUzLKoi-cZ0AwpjLA,매일맛나 delicious day,gWkTf1gQ4s8,이것에 감자를 채우면 바삭한 간식으로 탄생 :: 감자요리 :: 간식만들기 :: 파케리 감자 :: Potato Recipe,2025-01-21T12:01:02Z,188.0,False,103404,2386.0,67.0
8077,UCFiYPUhUzLKoi-cZ0AwpjLA,매일맛나 delicious day,LjbMBHlvsxM,"식빵요리 6가지 :: 식빵애플파이, 바스크치즈케이크, 치즈토스트, 하트피자, 샐러드빵, 우유크림토스트 :: Toast Recipe",2025-02-19T12:00:26Z,1256.0,False,452300,7727.0,87.0
8077,UCFiYPUhUzLKoi-cZ0AwpjLA,매일맛나 delicious day,YFJbFvOqVJQ,❤️9차 감자빵공구 오픈/구황작물빵4종 ❤️,2025-02-20T11:15:03Z,60.0,True,45806,1004.0,36.0
8077,UCFiYPUhUzLKoi-cZ0AwpjLA,매일맛나 delicious day,5GQH6AWY6ko,"계란 1개로 바나나 케이크 만들기 :: 후라이팬 바나나빵 :: 발효X 이스트X :: Banana Bread, Banana Cake",2025-03-04T12:00:07Z,219.0,False,73563,2296.0,77.0
8077,UCFiYPUhUzLKoi-cZ0AwpjLA,매일맛나 delicious day,vqY1oyAFs8s,"만두를 더 맛있게 먹는법, 치즈 파스타만두",2025-03-11T12:01:23Z,60.0,True,136057,5974.0,59.0
8077,UCFiYPUhUzLKoi-cZ0AwpjLA,매일맛나 delicious day,Y9mAem4XqSY,"베스트 또띠아 요리 7가지 :: 치킨퀘사디아, 소고기부리또, 감자타코, 프라이드퀘사디아, 타코벨, 또띠아롤피자, 양배추 토스트 :: Best Tortilla Recipe",2025-03-28T11:57:28Z,1978.0,False,542396,8726.0,98.0
8077,UCFiYPUhUzLKoi-cZ0AwpjLA,매일맛나 delicious day,G5dhkCuWINs,"베스트 감자요리 5가지 :: 갈릭감자링, 감자새우, 치즈꿀감자, 깍두기감자튀김, 뇨끼감자호떡 :: 감자요리 :: Best Potato Recipe",2025-05-05T12:00:26Z,1381.0,False,480143,8539.0,102.0
8077,UCFiYPUhUzLKoi-cZ0AwpjLA,매일맛나 delicious day,d9LrhjpF9_A,세상에 없던 치즈감자튀김 :: 치즈 크러스트 감자튀김 :: 감자요리 :: 감자간식 :: Fried Potatoes,2025-06-11T12:01:15Z,241.0,False,258725,5734.0,181.0
8077,UCFiYPUhUzLKoi-cZ0AwpjLA,매일맛나 delicious day,GTvnaVWyxqo,"7가지 샌드위치 레시피 :: 인기가요, 클럽샌드위치, 계란샌드위치, 참치샌드위치, 크랜베리치킨샌드위치, 아보카도샌드위치, 게살샌드위치",2025-07-21T12:00:29Z,1550.0,False,1532498,25640.0,272.0
8077,UCFiYPUhUzLKoi-cZ0AwpjLA,매일맛나 delicious day,A5nGG-0bDio,"김밥 이렇게 맛있어도 되나요? ""레전드 김밥 6종 레시피""😲 꼬마김밥, 회오리김밥, 다이어트김밥, 야채,참치,치즈김밥 :: Korean Gimbap",2025-08-05T12:00:15Z,1416.0,False,189334,3006.0,59.0
8077,UCFiYPUhUzLKoi-cZ0AwpjLA,매일맛나 delicious day,j-gmDAWsvvM,❤️10차 감자빵(구황작물빵 4종) 공구마감❤️,2025-08-07T11:56:26Z,60.0,True,38826,730.0,43.0
8077,UCFiYPUhUzLKoi-cZ0AwpjLA,매일맛나 delicious day,2ehYs7f_yT4,"빵집보다 맛있는 빵 레시피 5가지🔥 절대 실패 없는 빵 레시피 :: 밀크롤, 크림치즈마늘빵, 생크림도넛, 연유우유빵, 갈릭치즈빵",2025-08-14T12:00:06Z,2026.0,False,202843,4453.0,50.0
8077,UCFiYPUhUzLKoi-cZ0AwpjLA,매일맛나 delicious day,CtaRYIvfwoc,"초간단 김밥 6종 레시피 :: 집에서 쉽게 만드는 꿀조합 :: 두부김밥, 스팸김밥, 땡초김밥, 계란말이김밥, 장미김밥",2025-08-26T12:00:21Z,1419.0,False,362718,7592.0,105.0
8077,UCFiYPUhUzLKoi-cZ0AwpjLA,매일맛나 delicious day,Khm_ViWsJgc,"5가지 샌드위치 레시피 :: 게살샌드위치, 감자샌드위치, 연어샌드위치, 반숙계란샌드위치, 당근샌드위치",2025-09-18T12:00:46Z,1310.0,False,138428,3151.0,70.0
8077,UCFiYPUhUzLKoi-cZ0AwpjLA,매일맛나 delicious day,uto1UQCpBFA,"사 먹는것 보다 맛있는 간식 4종 :: 감자롤칩, 고구마롤 맛탕, 바나나칩, 감자칩",2025-10-24T12:02:02Z,1089.0,False,154704,3067.0,84.0
8077,UCFiYPUhUzLKoi-cZ0AwpjLA,매일맛나 delicious day,Z48XPmNraDQ,"사먹는 것보다 맛있는, 대왕 호두초코칩 르뱅쿠키, 호두크림새우 :: 캘리포니아호두",2025-12-04T12:01:11Z,494.0,False,33334,1276.0,46.0
8077,UCFiYPUhUzLKoi-cZ0AwpjLA,매일맛나 delicious day,Gj2y5ptCjnU,"추운날 생각나는 따뜻한 면요리 4가지 :: 마파배추짬뽕, 탄탄면라면, 계란면, 치킨라면",2025-12-16T12:00:28Z,1427.0,False,411912,10064.0,99.0
8077,UCFiYPUhUzLKoi-cZ0AwpjLA,매일맛나 delicious day,Ggp41Tzgd4k,파스타 사 먹지 마세요!! 집에서 끝내는 인생 크림 파스타 레시피 4가지,2026-01-06T12:00:37Z,1167.0,False,278953,7782.0,108.0
8077,UCFiYPUhUzLKoi-cZ0AwpjLA,매일맛나 delicious day,kNkcxUuKDUc,촉촉한 브라우니 치즈케이크,2026-01-12T12:01:27Z,55.0,True,45505,1123.0,19.0
8077,UCFiYPUhUzLKoi-cZ0AwpjLA,매일맛나 delicious day,nxbayLK8N0w,고구마로 이런 것도 된다고? 🍠 6가지 고구마 레시피,2026-01-15T12:01:29Z,1390.0,False,49626,1389.0,35.0
8077,UCFiYPUhUzLKoi-cZ0AwpjLA,매일맛나 delicious day,aviTthe-DS8,"튀기지 않고 바삭한, 두부강정 만들기",2026-01-18T09:01:41Z,44.0,True,43791,1009.0,19.0
8077,UCFiYPUhUzLKoi-cZ0AwpjLA,매일맛나 delicious day,cv3G2uoLmRA,버터갈릭 감자링,2026-01-20T11:05:30Z,56.0,True,57795,1489.0,16.0
8077,UCFiYPUhUzLKoi-cZ0AwpjLA,매일맛나 delicious day,1UIzJDmpC4U,❤️ 11차 구황작물빵 공구마감,2026-01-22T12:00:02Z,60.0,True,20485,380.0,36.0
8077,UCFiYPUhUzLKoi-cZ0AwpjLA,매일맛나 delicious day,JVDeKSkIj_A,집에서 만드는 베스트 닭요리 7가지 | 치킨요리 모음,2026-01-26T12:21:53Z,2183.0,False,183603,4612.0,52.0
8077,UCFiYPUhUzLKoi-cZ0AwpjLA,매일맛나 delicious day,uCoFf9kWyhE,"밥도둑 스팸, 참치 짜글이 | 6가지 버전으로 질리지 않게… | 진짜 쉽당",2026-02-12T12:01:42Z,872.0,False,90794,1473.0,36.0
8077,UCFiYPUhUzLKoi-cZ0AwpjLA,매일맛나 delicious day,onnIlzNpdg0,양배추 계란샌드위치,2026-02-23T12:01:31Z,56.0,True,42137,916.0,13.0
8077,UCFiYPUhUzLKoi-cZ0AwpjLA,매일맛나 delicious day,WY3UU6CndHo,눈이 먼저 반하는 요리 5가지 🌸 손님 초대용 예쁜 레시피 모음,2026-02-24T12:01:01Z,1708.0,False,229762,3615.0,192.0
8077,UCFiYPUhUzLKoi-cZ0AwpjLA,매일맛나 delicious day,Rps9GBfyCfo,폭신·촉촉 끝판왕! 🍰 입에서 녹는 케이크 4가지 (수플레·뉴욕·카스테라),2026-03-26T12:00:52Z,1321.0,False,245885,2491.0,45.0
8077,UCFiYPUhUzLKoi-cZ0AwpjLA,매일맛나 delicious day,LZyXBzpUKxM,빵 없이도 진짜 맛있어 🥬 이거 먹고 살빠짐!,2026-04-20T13:07:23Z,41.0,True,25034,555.0,12.0
8077,UCFiYPUhUzLKoi-cZ0AwpjLA,매일맛나 delicious day,Gt7uwrgZjGw,1분 반죽으로 피자빵이 된다고??,2026-04-21T12:00:34Z,44.0,True,23640,597.0,16.0
8077,UCFiYPUhUzLKoi-cZ0AwpjLA,매일맛나 delicious day,krzQ0X-YPZM,🥪 지갑 털리는 맛,2026-04-24T12:37:16Z,49.0,True,41560,1005.0,21.0
8077,UCFiYPUhUzLKoi-cZ0AwpjLA,매일맛나 delicious day,ehsDSdQDYj4,집밥 스트레스 줄이려고 샀는데...설거지가 반으로.. #올인팬,2026-05-04T09:01:00Z,64.0,False,9186,342.0,272.0
8077,UCFiYPUhUzLKoi-cZ0AwpjLA,매일맛나 delicious day,la9NvFA1YkM,집밥 스트레스 줄이려고 샀는데...설거지가 반으로.. #올인팬,2026-05-04T12:01:20Z,63.0,False,22881,528.0,266.0
8077,UCFiYPUhUzLKoi-cZ0AwpjLA,매일맛나 delicious day,vlA53hKAYSM,요리가 이렇게 편해질 줄이야~  #올인팬,2026-05-05T12:01:45Z,63.0,False,54083,831.0,451.0
8077,UCFiYPUhUzLKoi-cZ0AwpjLA,매일맛나 delicious day,lOBTZVinfOo,[마감] 팬 하나로 플레이팅까지 끝내는 #올인팬,2026-05-07T01:00:52Z,80.0,False,23652,571.0,40.0
8077,UCFiYPUhUzLKoi-cZ0AwpjLA,매일맛나 delicious day,4vE7SviLF1o,이거 하나로 집밥이 훨씬 편해졌어요~ #올인팬📌 공구 오픈,2026-05-07T12:00:19Z,140.0,False,9860,287.0,49.0
8077,UCFiYPUhUzLKoi-cZ0AwpjLA,매일맛나 delicious day,xVu5-T2fkB8,이 조합 미쳤다… 왜 이제야 먹었지?,2026-05-08T12:01:59Z,65.0,False,14082,548.0,32.0
8077,UCFiYPUhUzLKoi-cZ0AwpjLA,매일맛나 delicious day,kd5JbeALLPg,이 조합 미쳤다… 왜 이제야 먹었지?,2026-05-08T12:31:08Z,65.0,False,92157,1282.0,17.0
8077,UCFiYPUhUzLKoi-cZ0AwpjLA,매일맛나 delicious day,MoEC3BKyFec,한입 먹자마자 저장각… 원팬토스트,2026-05-09T12:00:40Z,58.0,True,33010,717.0,20.0
8077,UCFiYPUhUzLKoi-cZ0AwpjLA,매일맛나 delicious day,p1mjk1U20iw,팬 하나로 만든 미친 꾸덕 #원팬크림파스타,2026-05-11T11:30:43Z,70.0,False,31809,729.0,30.0
8077,UCFiYPUhUzLKoi-cZ0AwpjLA,매일맛나 delicious day,_jCjbfzQyV4,이거 먹고 과자 생각이 안나요!! (오픈),2026-05-13T12:01:06Z,51.0,True,17324,305.0,98.0
8077,UCFiYPUhUzLKoi-cZ0AwpjLA,매일맛나 delicious day,Ficho95XZE4,12차 구황작물빵 오픈해요 🎁댓글이벤트,2026-05-14T12:00:21Z,60.0,True,6315,162.0,17.0
8078,UCfVd4ZgG0hwe3F0cqRTvUWQ,CoCosToy 꼬꼬스토이,qydXgBtJoL8,"Slingshot Water Balloon Attack! 🎈 Wait, Who is Interfering?! #shorts ｜dinosaurs story｜CoCosToy",2026-03-14T08:08:23Z,40.0,True,29720,134.0,0.0
8078,UCfVd4ZgG0hwe3F0cqRTvUWQ,CoCosToy 꼬꼬스토이,2AlljN7Kcmo,Right Before Throwing the Purple Water Balloon?! 🎈 #shorts ｜dinosaurs story｜CoCosToy,2026-03-15T03:16:21Z,51.0,True,34505,205.0,0.0
8078,UCfVd4ZgG0hwe3F0cqRTvUWQ,CoCosToy 꼬꼬스토이,hYVkCmTcU78,"Hey, turtle! Can you take out my megalodons?｜sea animals for kids｜CoCosToy",2026-03-15T09:01:09Z,502.0,False,25167,94.0,0.0
8078,UCfVd4ZgG0hwe3F0cqRTvUWQ,CoCosToy 꼬꼬스토이,6BF3qvyO8k4,Spicy! very hot! 매워! 매워! #shortsㅣDino ate chilisㅣCoCosToy,2026-03-17T09:03:42Z,14.0,True,33873,117.0,0.0
8078,UCfVd4ZgG0hwe3F0cqRTvUWQ,CoCosToy 꼬꼬스토이,QT48exoUVFA,Quiz Failed! 😭 I Shrank and Had to Ride a Frog 🐸 #shorts ｜insects name｜CoCosToy,2026-03-18T07:51:47Z,27.0,True,30727,140.0,0.0
8078,UCfVd4ZgG0hwe3F0cqRTvUWQ,CoCosToy 꼬꼬스토이,x-S7i060L84,Frog's Ice Magic! 🐸 What is the name of this frozen bug? #shorts ｜insects name｜CoCosToy,2026-03-19T08:03:01Z,23.0,True,30171,121.0,0.0
8078,UCfVd4ZgG0hwe3F0cqRTvUWQ,CoCosToy 꼬꼬스토이,88wo_M-EwNw,Catch the Magic Water Balloon! 🎈 Trapping the fighting T-rex & Mammoth #shorts ｜CoCosToy,2026-03-20T09:19:27Z,41.0,True,29170,171.0,0.0
8078,UCfVd4ZgG0hwe3F0cqRTvUWQ,CoCosToy 꼬꼬스토이,6dpkV97onmM,Look at all those legs! 😱 Can you guess the name of this frozen bug? #shorts ｜insects name｜CoCosToy,2026-03-21T00:30:10Z,14.0,True,31363,115.0,0.0
8078,UCfVd4ZgG0hwe3F0cqRTvUWQ,CoCosToy 꼬꼬스토이,ca-eIxBIlGA,Guess the bug names to break the curse!｜insects name｜CoCosToy,2026-03-21T07:34:21Z,563.0,False,763615,100.0,0.0
8078,UCfVd4ZgG0hwe3F0cqRTvUWQ,CoCosToy 꼬꼬스토이,ZooBcWY4zq4,Frog's Freezing Wind! 🥶 What is the name of this frozen bug? #shorts ｜insects name｜CoCosToy,2026-03-21T23:07:42Z,21.0,True,31190,112.0,0.0
8078,UCfVd4ZgG0hwe3F0cqRTvUWQ,CoCosToy 꼬꼬스토이,Vt_Z-BoChAA,Dinosaur vs Mammoth! 🦖🦣 The Ultimate Battle of Ancient Animals! #shorts ｜dinosaurs story｜CoCosToy,2026-03-23T07:35:09Z,19.0,True,729730,6449.0,0.0
8078,UCfVd4ZgG0hwe3F0cqRTvUWQ,CoCosToy 꼬꼬스토이,eoJfssyh1iw,"Cenozoic vs Modern Boar 🐗 Who will win the fierce battle? #shorts ｜animal names, kidstoon｜CoCosToy",2026-03-24T09:10:42Z,37.0,True,23996,118.0,0.0
8078,UCfVd4ZgG0hwe3F0cqRTvUWQ,CoCosToy 꼬꼬스토이,yPxhH2ATk1o,Legendary Sea Monster & The Rainbow Whale Shark! 🌊 #shortsㅣCoCosToy,2026-03-24T09:29:11Z,60.0,True,23547,138.0,0.0
8078,UCfVd4ZgG0hwe3F0cqRTvUWQ,CoCosToy 꼬꼬스토이,ZDiDt6t6llA,Frozen Bug! Guess the name to break the ice curse 🧊 #shorts ｜insects name｜CoCosToy,2026-03-25T08:38:06Z,19.0,True,25631,101.0,0.0
8078,UCfVd4ZgG0hwe3F0cqRTvUWQ,CoCosToy 꼬꼬스토이,_AeLwjkfX-I,I thought it would swim! 🦈 My toy shark just sank #shorts ｜sea animals for kids｜CoCosToy,2026-03-27T06:46:42Z,11.0,True,32855,161.0,0.0
8078,UCfVd4ZgG0hwe3F0cqRTvUWQ,CoCosToy 꼬꼬스토이,6RUvROSszUw,Ep.6｜The story of how I met dinosaurs｜dinosaurs story｜CoCosToy,2026-03-28T00:04:20Z,613.0,False,21934,56.0,0.0
8078,UCfVd4ZgG0hwe3F0cqRTvUWQ,CoCosToy 꼬꼬스토이,WEoqZCJsJ00,A Breathtaking Dinosaur Battle! Who will win? 🦖 #shorts ｜dinosaurs story｜CoCosToy,2026-03-28T03:40:23Z,36.0,True,30663,184.0,0.0
8078,UCfVd4ZgG0hwe3F0cqRTvUWQ,CoCosToy 꼬꼬스토이,Y8RWihfkfvw,Stuck on a Tree with a Dinosaur Nearby! 😱 #shorts ｜dinosaurs story｜CoCosToy,2026-03-28T06:56:31Z,31.0,True,40057,219.0,0.0
8078,UCfVd4ZgG0hwe3F0cqRTvUWQ,CoCosToy 꼬꼬스토이,wy8T5hdOR14,Pressed a Mysterious Button?! 🚨 #shorts ｜dinosaurs story｜CoCosToy,2026-03-29T03:05:41Z,26.0,True,23943,88.0,0.0
8078,UCfVd4ZgG0hwe3F0cqRTvUWQ,CoCosToy 꼬꼬스토이,txTS9-yDK0c,All those water balloons... for nothing! #shorts ｜dinosaurs story｜CoCosToy,2026-03-29T08:00:33Z,17.0,True,28692,110.0,0.0
8078,UCfVd4ZgG0hwe3F0cqRTvUWQ,CoCosToy 꼬꼬스토이,ghS_AvflYxs,Guess the bug names to break the curse! #shorts｜insects name quiz｜CoCosToy,2026-03-30T08:28:26Z,16.0,True,25168,106.0,0.0
8078,UCfVd4ZgG0hwe3F0cqRTvUWQ,CoCosToy 꼬꼬스토이,MrfxbkSHy9I,A new friend is dinosaurs collector #shorts｜dinosaurs story｜CoCosToy,2026-04-01T08:50:10Z,13.0,True,28898,103.0,0.0
8078,UCfVd4ZgG0hwe3F0cqRTvUWQ,CoCosToy 꼬꼬스토이,FjjuBVMKKKE,Water Balloon Chaos on the Cliff! 🎈😱 Dinosaurs are Angry! #shorts｜CoCosToy,2026-04-03T08:08:06Z,64.0,False,29616,152.0,0.0
8078,UCfVd4ZgG0hwe3F0cqRTvUWQ,CoCosToy 꼬꼬스토이,d2QWbTWiVvs,Never Ride a Giant Mole! 🚫🦦 #shortsㅣCoCosToy,2026-04-04T01:04:59Z,6.0,True,65465,210.0,0.0
8078,UCfVd4ZgG0hwe3F0cqRTvUWQ,CoCosToy 꼬꼬스토이,vJ646dj-Tqg,How to Survive a Dinosaur Chase 👟🔥 #shorts ｜dinosaurs story｜CoCosToy,2026-04-06T08:02:48Z,26.0,True,31091,169.0,0.0
8078,UCfVd4ZgG0hwe3F0cqRTvUWQ,CoCosToy 꼬꼬스토이,sD3rjogDfvM,Sharks with Hammer-shaped Heads? 🦈🕵️‍♂️ #shortsㅣCoCosToy,2026-04-07T08:48:07Z,13.0,True,33979,180.0,0.0
8078,UCfVd4ZgG0hwe3F0cqRTvUWQ,CoCosToy 꼬꼬스토이,UyhLYRZS9Xs,"Correct answer, or the mole's curse remains!｜dinosaurs quiz｜CoCosToy",2026-04-09T10:13:06Z,664.0,False,179870,85.0,0.0
8078,UCfVd4ZgG0hwe3F0cqRTvUWQ,CoCosToy 꼬꼬스토이,pD0UAIu54ls,The troublemaker is ruining everything! #shorts ｜dinosaurs story｜CoCosToy,2026-04-10T08:02:22Z,25.0,True,64513,480.0,0.0
8078,UCfVd4ZgG0hwe3F0cqRTvUWQ,CoCosToy 꼬꼬스토이,5w33k4B7Yts,New Friend Met by Parachute! ✨🦖 #shorts ｜dinosaurs story｜CoCosToy,2026-04-12T00:21:32Z,33.0,True,29713,163.0,0.0
8078,UCfVd4ZgG0hwe3F0cqRTvUWQ,CoCosToy 꼬꼬스토이,WygeDGFBQiM,A Dizzying Encounter with Dinosaurs 🪂😱 #shorts ｜dinosaurs story｜CoCosToy,2026-04-13T08:41:56Z,33.0,True,30510,160.0,0.0
8078,UCfVd4ZgG0hwe3F0cqRTvUWQ,CoCosToy 꼬꼬스토이,i1jwVLmDnGU,"Solve all animal quizzes to lift the curse of the frog!ㅣanimal names, quiz for kidsㅣCoCosToy",2026-04-14T09:04:23Z,818.0,False,20204,45.0,0.0
8078,UCfVd4ZgG0hwe3F0cqRTvUWQ,CoCosToy 꼬꼬스토이,EBWKeifFg7E,What if a Giant Mole Lives in Your Yard? 🏡🦦｜dinosaurs quiz #shorts｜CoCosToy,2026-04-15T08:38:14Z,18.0,True,37482,185.0,0.0
8078,UCfVd4ZgG0hwe3F0cqRTvUWQ,CoCosToy 꼬꼬스토이,A6whpzlkBnk,Frog Curse Escape! 🐸🆘 What's the Animal Name? #shorts ㅣanimal namesㅣCoCosToy,2026-04-16T09:32:21Z,19.0,True,22081,103.0,0.0
8078,UCfVd4ZgG0hwe3F0cqRTvUWQ,CoCosToy 꼬꼬스토이,1Y0LpA3DEqo,Angry Dinosaur Chase! Escape the Mole's Curse! 🦖🏃‍♂️💨｜dinosaurs quiz #shorts｜CoCosToy,2026-04-17T08:15:43Z,18.0,True,23789,142.0,0.0
8078,UCfVd4ZgG0hwe3F0cqRTvUWQ,CoCosToy 꼬꼬스토이,yDfWmMBfsDM,Bubble Gun vs Banana Boomerang 🍌🔫🦖 #shorts ｜dinosaurs story｜CoCosToy,2026-04-18T07:58:18Z,48.0,True,63754,597.0,0.0
8078,UCfVd4ZgG0hwe3F0cqRTvUWQ,CoCosToy 꼬꼬스토이,j7ad_gfPBw0,Only the Dino Quiz Can Set Them Free! 🆘🦖 #shorts ｜quiz for kids｜CoCosToy,2026-04-19T09:01:13Z,58.0,True,20066,158.0,0.0
8078,UCfVd4ZgG0hwe3F0cqRTvUWQ,CoCosToy 꼬꼬스토이,f_tCtjfXw7k,Dinosaur vs Mammoth Battle & The Secret Slingshot! 🤫🎯 #shorts ｜dinosaurs story｜CoCosToy,2026-04-21T07:45:53Z,41.0,True,20248,132.0,0.0
8078,UCfVd4ZgG0hwe3F0cqRTvUWQ,CoCosToy 꼬꼬스토이,qjUZ9WJEra0,Ep.7｜The story of how I met dinosaurs｜dinosaurs story｜CoCosToy,2026-04-22T08:35:39Z,599.0,False,50179,110.0,0.0
8078,UCfVd4ZgG0hwe3F0cqRTvUWQ,CoCosToy 꼬꼬스토이,PC_3b61OLg4,My last water balloon to get the dinosaur! #shorts ｜dinosaurs story｜CoCosToy,2026-04-24T23:49:24Z,53.0,True,27000,219.0,0.0
8078,UCfVd4ZgG0hwe3F0cqRTvUWQ,CoCosToy 꼬꼬스토이,wRXHzWXCEQA,"Solve all animal quizzes to go back home!ㅣanimal names, quiz for kidsㅣCoCosToy",2026-04-29T08:01:08Z,723.0,False,56978,50.0,0.0
8078,UCfVd4ZgG0hwe3F0cqRTvUWQ,CoCosToy 꼬꼬스토이,Oy_8YWldKyY,Never Prank a Dinosaur! 😱🦖 #shorts | Dinosaurs Story | CoCosToy,2026-04-30T09:25:51Z,25.0,True,13756,75.0,0.0
8078,UCfVd4ZgG0hwe3F0cqRTvUWQ,CoCosToy 꼬꼬스토이,hflIKQpgxxQ,Guess who I am? animal names quiz #shortsㅣCoCosToy,2026-05-02T08:11:43Z,31.0,True,14350,78.0,0.0
8078,UCfVd4ZgG0hwe3F0cqRTvUWQ,CoCosToy 꼬꼬스토이,136E2PsgHl8,Which animal builds a house on water? #shorts ㅣanimal quiz for kidsㅣCoCosToy,2026-05-04T08:19:52Z,21.0,True,11002,59.0,0.0
8078,UCfVd4ZgG0hwe3F0cqRTvUWQ,CoCosToy 꼬꼬스토이,pQk8fsVrkYc,Oh no! It's too spicy!!  #shorts ｜dinosaurs story｜CoCosToy,2026-05-06T09:00:38Z,58.0,True,8685,57.0,0.0
8078,UCfVd4ZgG0hwe3F0cqRTvUWQ,CoCosToy 꼬꼬스토이,ib_Xlg6G7r0,전국팔도 제기차기 대회 결과는??｜꼬꼬스토이,2026-05-06T10:26:20Z,11.0,True,5447,31.0,1.0
8078,UCfVd4ZgG0hwe3F0cqRTvUWQ,CoCosToy 꼬꼬스토이,dXRUS1oHDRY,A quiz adventure with a parrot!ㅣanimals quiz for kids ㅣCoCosToy,2026-05-08T09:13:08Z,715.0,False,13667,46.0,0.0
8078,UCfVd4ZgG0hwe3F0cqRTvUWQ,CoCosToy 꼬꼬스토이,GBfoZXsuRyc,Caught in a trap #shorts ｜dinosaurs story｜CoCosToy,2026-05-10T01:33:33Z,47.0,True,6839,69.0,0.0
8078,UCfVd4ZgG0hwe3F0cqRTvUWQ,CoCosToy 꼬꼬스토이,HhVDUCI6jg0,Run run run! raptors! #shorts ｜dinosaurs story｜CoCosToy,2026-05-12T09:30:26Z,26.0,True,8427,55.0,0.0
8078,UCfVd4ZgG0hwe3F0cqRTvUWQ,CoCosToy 꼬꼬스토이,Gb-q1Sd270k,Dinosaurs quiz with a thorny dragon!⭐｜dinosaurs quiz｜CoCosToy,2026-05-14T09:30:58Z,744.0,False,2847,17.0,0.0
8078,UCfVd4ZgG0hwe3F0cqRTvUWQ,CoCosToy 꼬꼬스토이,X4zC84svAdI,Rescuing a friend from a T-Rex #shorts ｜dinosaurs story｜CoCosToy,2026-05-15T08:56:44Z,33.0,True,3216,23.0,0.0
8079,UC5q0PIKGr2lGOsiT14AlEYg,Louis Vuitton,m9DH4nQcrp8,#LVFW26 #NicolasGhesquiere #LouisVuitton,2026-03-14T17:06:49Z,22.0,True,28260,374.0,13.0
8079,UC5q0PIKGr2lGOsiT14AlEYg,Louis Vuitton,hGU57jmo2Vs,Le Speedy: The Legend | LOUIS VUITTON,2026-03-22T09:00:56Z,45.0,True,1770043,350.0,19.0
8079,UC5q0PIKGr2lGOsiT14AlEYg,Louis Vuitton,lTGwWC5BzuI,Le Keepall: The Legend | LOUIS VUITTON,2026-03-23T09:01:05Z,47.0,True,1525395,279.0,8.0
8079,UC5q0PIKGr2lGOsiT14AlEYg,Louis Vuitton,xc82HbEV3pU,Le Noé: The Legend | LOUIS VUITTON,2026-03-23T09:53:55Z,45.0,True,1726280,188.0,9.0
8079,UC5q0PIKGr2lGOsiT14AlEYg,Louis Vuitton,DkUD9uy8Spg,L'Alma: The Legend | LOUIS VUITTON,2026-03-23T11:14:21Z,46.0,True,1679870,296.0,11.0
8079,UC5q0PIKGr2lGOsiT14AlEYg,Louis Vuitton,ohdqQVGH-NQ,Le Neverfull: The Legend | LOUIS VUITTON,2026-03-23T13:21:08Z,51.0,True,1578501,263.0,7.0
8079,UC5q0PIKGr2lGOsiT14AlEYg,Louis Vuitton,X5zl5A4ORQ4,Louis Vuitton x De Bethune | LOUIS VUITTON,2026-03-27T09:00:23Z,593.0,False,7890,378.0,15.0
8079,UC5q0PIKGr2lGOsiT14AlEYg,Louis Vuitton,pxsBjK9HbtA,#LVArtsCultureProgram #LouisVuitton,2026-03-28T09:49:07Z,21.0,True,4933,131.0,2.0
8079,UC5q0PIKGr2lGOsiT14AlEYg,Louis Vuitton,KWENtiyRCkA,#LVArtsCultureProgram #ArtBasel #HongKong #LouisVuitton,2026-03-28T10:18:58Z,59.0,True,5356,117.0,4.0
8079,UC5q0PIKGr2lGOsiT14AlEYg,Louis Vuitton,KekF1eSkPM4,#LVArtsCultureProgram #EspaceLV #Tokyo #LouisVuitton,2026-03-28T11:30:00Z,45.0,True,5778,130.0,4.0
8079,UC5q0PIKGr2lGOsiT14AlEYg,Louis Vuitton,yqHoz-8Ty2A,#LVArtsCultureProgram #EspaceLV #Osaka #LouisVuitton,2026-03-29T13:22:06Z,54.0,True,6276,161.0,3.0
8079,UC5q0PIKGr2lGOsiT14AlEYg,Louis Vuitton,BE9Q-SjsT6w,Runway Reflections: Super Nature I LOUIS VUITTON,2026-03-31T16:00:06Z,840.0,False,2626183,5559.0,307.0
8079,UC5q0PIKGr2lGOsiT14AlEYg,Louis Vuitton,gCMjd1vegRw,#LVFW26 #TubaAvalon #NicolasGhesquiere #LouisVuitton,2026-04-01T15:49:42Z,31.0,True,4943,287.0,17.0
8079,UC5q0PIKGr2lGOsiT14AlEYg,Louis Vuitton,fPbavQk6qw4,#JacksonWang #PharrellWilliams #LouisVuitton,2026-04-03T07:00:36Z,15.0,True,8524,359.0,22.0
8079,UC5q0PIKGr2lGOsiT14AlEYg,Louis Vuitton,IB-YtL2Rizg,#JudeBellingham #PharrellWilliams #LouisVuitton,2026-04-03T11:00:34Z,15.0,True,5591,234.0,5.0
8079,UC5q0PIKGr2lGOsiT14AlEYg,Louis Vuitton,Z_cVXXtLEfQ,#VictorWembanyama #PharrellWilliams #LouisVuitton,2026-04-03T16:00:55Z,15.0,True,6735,257.0,6.0
8079,UC5q0PIKGr2lGOsiT14AlEYg,Louis Vuitton,sb6JcHX1al0,#JeremyAllenWhite #PharrellWilliams #LouisVuitton,2026-04-04T07:00:56Z,15.0,True,7092,265.0,5.0
8079,UC5q0PIKGr2lGOsiT14AlEYg,Louis Vuitton,bXQyPG1cp9U,#Future #PharrellWilliams #LouisVuitton,2026-04-04T11:00:55Z,15.0,True,7648,309.0,6.0
8079,UC5q0PIKGr2lGOsiT14AlEYg,Louis Vuitton,p-o9Cyw-LkY,#LeBronJames #PharrellWilliams #LouisVuitton,2026-04-04T16:01:19Z,15.0,True,8639,312.0,11.0
8079,UC5q0PIKGr2lGOsiT14AlEYg,Louis Vuitton,ixGertEn6E8,Louis Vuitton Color Blossom: A Singular Savoir-Faire | LOUIS VUITTON,2026-04-06T09:15:02Z,40.0,True,9593,407.0,14.0
8079,UC5q0PIKGr2lGOsiT14AlEYg,Louis Vuitton,MLO08Y309Rc,#AnadeArmas #LouisVuittonColorBlossom #LVFineJewelry #LouisVuitton,2026-04-06T09:50:00Z,15.0,True,7794,286.0,15.0
8079,UC5q0PIKGr2lGOsiT14AlEYg,Louis Vuitton,dLGLfVkezsk,#AnadeArmas #LouisVuittonColorBlossom #LVFineJewelry #LouisVuitton,2026-04-07T12:01:15Z,15.0,True,7648,279.0,17.0
8079,UC5q0PIKGr2lGOsiT14AlEYg,Louis Vuitton,RJBolbvX3z8,#LVHighWatchmaking #LaFabriqueduTemps #LouisVuitton,2026-04-12T12:00:50Z,12.0,True,8583,297.0,11.0
8079,UC5q0PIKGr2lGOsiT14AlEYg,Louis Vuitton,u1baB0LnMGg,TAMBOUR TAIKO ARTY AUTOMATA | Savoir Faire | LOUIS VUITTON,2026-04-12T12:01:39Z,40.0,True,27442,902.0,37.0
8079,UC5q0PIKGr2lGOsiT14AlEYg,Louis Vuitton,IY6WZLVI85g,#LouisVuitton,2026-04-16T16:32:25Z,16.0,True,6360,205.0,8.0
8079,UC5q0PIKGr2lGOsiT14AlEYg,Louis Vuitton,sFlhMPcZ-VI,#LouisVuitton,2026-04-17T09:24:41Z,14.0,True,5942,211.0,5.0
8079,UC5q0PIKGr2lGOsiT14AlEYg,Louis Vuitton,om0N8jp_cHY,#LouisVuitton,2026-04-17T13:39:11Z,11.0,True,8318,251.0,8.0
8079,UC5q0PIKGr2lGOsiT14AlEYg,Louis Vuitton,aJUNJWGEtlg,#PharrellWilliams #LouisVuitton,2026-04-26T08:00:01Z,14.0,True,3506,99.0,3.0
8079,UC5q0PIKGr2lGOsiT14AlEYg,Louis Vuitton,SfxZ0q4Vb1I,#PharrellWilliams #LouisVuitton,2026-04-26T08:00:22Z,15.0,True,3627,135.0,5.0
8079,UC5q0PIKGr2lGOsiT14AlEYg,Louis Vuitton,svuQFkCBkus,In Good Hands: Speedy Savoir-Faire | LOUIS VUITTON,2026-04-26T08:00:58Z,161.0,False,21682,855.0,33.0
8079,UC5q0PIKGr2lGOsiT14AlEYg,Louis Vuitton,i9QEZep8Euc,#PharrellWilliams #LouisVuitton,2026-04-26T12:01:08Z,15.0,True,4228,162.0,5.0
8079,UC5q0PIKGr2lGOsiT14AlEYg,Louis Vuitton,oRIpVkNK-7Y,#PharrellWilliams #LouisVuitton,2026-04-26T12:01:25Z,12.0,True,5119,190.0,5.0
8079,UC5q0PIKGr2lGOsiT14AlEYg,Louis Vuitton,IH-1NBRPvzo,#PharrellWilliams #LouisVuitton,2026-04-26T16:00:22Z,15.0,True,4860,208.0,3.0
8079,UC5q0PIKGr2lGOsiT14AlEYg,Louis Vuitton,lvgN41jg6HA,Cruise 2027 Show I LOUIS VUITTON,2026-04-28T08:07:08Z,,False,0,2.0,0.0
8079,UC5q0PIKGr2lGOsiT14AlEYg,Louis Vuitton,-HkvCWWvYog,#LouisVuitton #LVHighJewelry,2026-04-30T09:00:00Z,15.0,True,5550,255.0,10.0
8079,UC5q0PIKGr2lGOsiT14AlEYg,Louis Vuitton,zCLDyNVBjRE,Victory Savoir-Faire | Louis Vuitton Mythica | LOUIS VUITTON,2026-04-30T12:01:49Z,55.0,True,26942,1156.0,33.0
8079,UC5q0PIKGr2lGOsiT14AlEYg,Louis Vuitton,eJNHhBNPQXE,#LouisVuitton #LVHighJewelry,2026-04-30T14:01:16Z,15.0,True,6136,260.0,10.0
8079,UC5q0PIKGr2lGOsiT14AlEYg,Louis Vuitton,6L9zeGPy8Uo,#LouisVuitton #LVHighJewelry,2026-05-02T14:43:14Z,18.0,True,8181,276.0,6.0
8079,UC5q0PIKGr2lGOsiT14AlEYg,Louis Vuitton,C4Zo9KIptjc,Louis Vuitton Mythica High Jewelry Collection | LOUIS VUITTON,2026-05-02T20:19:46Z,62.0,False,7789,343.0,19.0
8079,UC5q0PIKGr2lGOsiT14AlEYg,Louis Vuitton,cQjsYBu4220,#LouisVuitton #LVHighJewelry,2026-05-03T14:18:02Z,43.0,True,4377,219.0,7.0
8079,UC5q0PIKGr2lGOsiT14AlEYg,Louis Vuitton,Ghjuyt26v60,LV Resort 2026 Collection I LOUIS VUITTON,2026-05-08T07:30:36Z,60.0,True,9080,431.0,9.0
8079,UC5q0PIKGr2lGOsiT14AlEYg,Louis Vuitton,st1X2_Y2XKw,#LVResort #LouisVuitton,2026-05-08T14:01:37Z,15.0,True,4264,184.0,6.0
8079,UC5q0PIKGr2lGOsiT14AlEYg,Louis Vuitton,HiKgmPQxXlI,#LVResort #LouisVuitton,2026-05-09T08:00:29Z,15.0,True,3598,164.0,3.0
8079,UC5q0PIKGr2lGOsiT14AlEYg,Louis Vuitton,qMmpcYSYmvU,#LVResort #LouisVuitton,2026-05-10T08:00:53Z,15.0,True,2990,145.0,5.0
8079,UC5q0PIKGr2lGOsiT14AlEYg,Louis Vuitton,qadAZyr8Dmo,#LVMenPreFall26 #PharrellWilliams #LouisVuitton,2026-05-11T08:00:50Z,10.0,True,4038,131.0,5.0
8079,UC5q0PIKGr2lGOsiT14AlEYg,Louis Vuitton,acOs1FwRqZQ,#LVMenPreFall26 #PharrellWilliams #LouisVuitton,2026-05-11T12:00:03Z,14.0,True,3290,142.0,4.0
8079,UC5q0PIKGr2lGOsiT14AlEYg,Louis Vuitton,_1sMiZnTDw4,#LVMenPreFall26 #PharrellWilliams #LouisVuitton,2026-05-11T16:01:03Z,14.0,True,3352,127.0,1.0
8079,UC5q0PIKGr2lGOsiT14AlEYg,Louis Vuitton,WCqJWtTMzwo,#LVMenPreFall26 #PharrellWilliams #LouisVuitton,2026-05-12T08:00:34Z,12.0,True,3420,118.0,4.0
8079,UC5q0PIKGr2lGOsiT14AlEYg,Louis Vuitton,EeMCwvwcj8E,#LVMenPreFall26 #PharrellWilliams #LouisVuitton,2026-05-12T12:00:32Z,10.0,True,4460,158.0,7.0
8079,UC5q0PIKGr2lGOsiT14AlEYg,Louis Vuitton,RVqKoBxTsVY,#LVMenPreFall26 #PharrellWilliams #LouisVuitton,2026-05-12T14:00:40Z,10.0,True,4470,149.0,3.0
8080,UCemFUqq5jad1f258HrPS5rg,식탁일기 table diary,U-F7-keJCyM,30번 넘게 해먹음,2025-10-04T11:30:22Z,26.0,True,166120,2737.0,33.0
8080,UCemFUqq5jad1f258HrPS5rg,식탁일기 table diary,0mGDeM7xbz4,"(충격) 버섯 이렇게만 해보세요‼️  고기보다 맛있어서 매일 먹어요 (비건, 채식 돈까스 레시피, 새송이버섯 돈까스 만들, 고기대체 요리)",2025-10-10T11:30:00Z,372.0,False,545503,11847.0,480.0
8080,UCemFUqq5jad1f258HrPS5rg,식탁일기 table diary,1AQvKpvAMoo,"믿고 만드는 당근케이크🥕이렇게 만들어야 카페보다 맛있어요 (초보도 가능, 실패 없음)",2025-10-17T11:46:12Z,492.0,False,210679,5908.0,252.0
8080,UCemFUqq5jad1f258HrPS5rg,식탁일기 table diary,w01BMID07p0,소떡? 이젠 메베,2025-10-20T11:30:47Z,25.0,True,346115,3174.0,39.0
8080,UCemFUqq5jad1f258HrPS5rg,식탁일기 table diary,FmMTvUoY06o,"대박‼️이떡은 살 안쪄요!  '죄책감 제로 떡' 레시피 (설탕X 쌀X 초간단 다이어트 간식, 오트밀 쑥떡 먹고 쑥라떼 마시기)",2025-10-24T11:30:14Z,406.0,False,155688,3466.0,160.0
8080,UCemFUqq5jad1f258HrPS5rg,식탁일기 table diary,XmwMtV32TLg,육아맘만 클릭‼️🤫,2025-10-26T11:30:26Z,25.0,True,8840225,45416.0,420.0
8080,UCemFUqq5jad1f258HrPS5rg,식탁일기 table diary,h_sPDl0zccU,접시까지 먹어버리는 샐러드볼🥗,2025-10-28T11:30:45Z,34.0,True,257916,4505.0,48.0
8080,UCemFUqq5jad1f258HrPS5rg,식탁일기 table diary,l4IPOdGE_Mk,만두피 쭉쭉 늘려 쫄깃 면 만들고‼️고추는 팍팍 밀어 세상에 없던 밥도둑 완성👍🏻 (풍미 폭발 소스),2025-10-30T11:30:44Z,349.0,False,67662,1034.0,46.0
8080,UCemFUqq5jad1f258HrPS5rg,식탁일기 table diary,khW2VClLbTo,(대박) 세상에서 가장 긴~만두‼️,2025-10-31T11:30:46Z,59.0,True,120219,2501.0,37.0
8080,UCemFUqq5jad1f258HrPS5rg,식탁일기 table diary,TQx5Vn5XKbc,오븐 없는 사람만 보기!,2025-11-07T11:30:26Z,26.0,True,674024,7612.0,72.0
8080,UCemFUqq5jad1f258HrPS5rg,식탁일기 table diary,jZHBmZc1mXE,"초초초초초 미니식빵‼️단 한번의 발효로 끝내는 초간단 쉬운 레시피, 베이킹 ASMR)",2025-11-10T11:30:53Z,310.0,False,110053,4264.0,135.0
8080,UCemFUqq5jad1f258HrPS5rg,식탁일기 table diary,O5S6H58vM6g,버섯의 대반전😱,2025-11-12T11:30:22Z,25.0,True,52798874,489440.0,5461.0
8080,UCemFUqq5jad1f258HrPS5rg,식탁일기 table diary,0wvZv4wjkYw,"눅눅함 0%  비밀공개‼️내 샐러드가 2주 내내 바삭한 이유, 다이어트 도시락 종결 (feat. 미국 핫템)",2025-11-14T11:30:04Z,262.0,False,82853,1447.0,70.0
8080,UCemFUqq5jad1f258HrPS5rg,식탁일기 table diary,_0xwrYul_r8,게으른 사람만 보기!,2025-11-16T11:30:33Z,23.0,True,258078,3156.0,75.0
8080,UCemFUqq5jad1f258HrPS5rg,식탁일기 table diary,mSZSUD7LKO8,샐러드 천재🔥,2025-11-18T11:30:58Z,45.0,True,116565,2111.0,112.0
8080,UCemFUqq5jad1f258HrPS5rg,식탁일기 table diary,UozS17aEt_w,숨겨뒀던 4가지 레시피 공개‼️이 한가지로 집밥·간식 루틴 다 끝납니다,2025-11-22T11:30:28Z,362.0,False,88015,1599.0,72.0
8080,UCemFUqq5jad1f258HrPS5rg,식탁일기 table diary,BRSXxThkAtE,이대로만 해보세요! 진짜 맛있어요👍,2025-11-24T11:30:09Z,25.0,True,185652,2185.0,43.0
8080,UCemFUqq5jad1f258HrPS5rg,식탁일기 table diary,ut0jR-FC_cc,"붕어빵, 제발 그냥 드시지 마세요🙏🏻 (평생 써먹는 6가지 비법💯👍🏻)",2025-11-27T11:31:04Z,269.0,False,42375,732.0,54.0
8080,UCemFUqq5jad1f258HrPS5rg,식탁일기 table diary,Yajy9MjTnDg,주인 잘 만난 붕어빵,2025-11-28T11:30:41Z,59.0,True,105611,1377.0,24.0
8080,UCemFUqq5jad1f258HrPS5rg,식탁일기 table diary,398xXx5Kp3g,과자보다 더 위험한 맛🔥,2025-11-30T11:30:04Z,24.0,True,284539,3726.0,46.0
8080,UCemFUqq5jad1f258HrPS5rg,식탁일기 table diary,Rv53PRWq6r0,나 혹시... 식빵천재?🍞,2025-12-02T11:30:26Z,23.0,True,10036676,176570.0,710.0
8080,UCemFUqq5jad1f258HrPS5rg,식탁일기 table diary,-IyU3xLJD0g,"대박‼️ 쿠키도 되고, 케이크까지 됩니다!  반죽 하나로 끝🍪🍰",2025-12-04T11:32:48Z,409.0,False,47725,1786.0,87.0
8080,UCemFUqq5jad1f258HrPS5rg,식탁일기 table diary,TOJvTKsgC0Y,위험한 안주 탄생🚨,2025-12-07T11:30:23Z,24.0,True,163628,2106.0,46.0
8080,UCemFUqq5jad1f258HrPS5rg,식탁일기 table diary,ft59bHMBaOY,게으른 사람만 보기!,2025-12-09T11:30:44Z,29.0,True,380590,6116.0,102.0
8080,UCemFUqq5jad1f258HrPS5rg,식탁일기 table diary,TIPH_GUDT2s,유명 빵집 왜 줄서요?,2025-12-13T11:30:24Z,34.0,True,200413,2731.0,37.0
8080,UCemFUqq5jad1f258HrPS5rg,식탁일기 table diary,lKycP6z6MiA,연말에 약속 없어서 혼자 파티 차렸는데… 오히려 좋아 🍷 (와인안주 4종),2025-12-20T12:01:10Z,407.0,False,136865,3655.0,184.0
8080,UCemFUqq5jad1f258HrPS5rg,식탁일기 table diary,3hfedxNzF0A,"미국 집밥 st, 치즈부터 선 넘음 (홈브런치 3코스)",2025-12-25T11:30:03Z,357.0,False,30526,795.0,33.0
8080,UCemFUqq5jad1f258HrPS5rg,식탁일기 table diary,yv55Hjg4HQg,순식간에 핫도그 맛집 됨.,2025-12-26T11:31:04Z,58.0,True,124009,1764.0,23.0
8080,UCemFUqq5jad1f258HrPS5rg,식탁일기 table diary,lJ0NpCEfLWo,"냉동실 디저트 채우는 날, 역대급 성공 호두파이 (누름돌 없이)",2026-01-04T11:30:52Z,422.0,False,133249,3900.0,161.0
8080,UCemFUqq5jad1f258HrPS5rg,식탁일기 table diary,8CurA59aoGA,"(종료)""아침 뭐 먹지?” 회의 종료. 성분표 보고 이걸로 정착했습니다 (유기농 아침 공동구매)",2026-01-12T11:30:14Z,249.0,False,28691,501.0,120.0
8080,UCemFUqq5jad1f258HrPS5rg,식탁일기 table diary,09ZAk2StE00,의외의 조합,2026-01-16T11:30:01Z,18.0,True,146099,1832.0,30.0
8080,UCemFUqq5jad1f258HrPS5rg,식탁일기 table diary,w8jR8Xch9gM,"2주 쉬고 돌아왔더니, 냉장고에서 인생 레시피가 계속 나왔습니다 (청경채 튀김, 치즈 고구마, 나또국수, 계란 오믈렛,코렐바사칸)",2026-01-26T11:36:25Z,553.0,False,166801,1642.0,108.0
8080,UCemFUqq5jad1f258HrPS5rg,식탁일기 table diary,2vl9sfY65fs,빵순이가 5년째 만들어 먹는 현실적인 100% 통밀빵 (무반죽 · 섞기만 하면 · 에어프라이어 · 부라타 치즈 · 김밥 · 오이),2026-02-04T11:30:04Z,482.0,False,143310,3356.0,168.0
8080,UCemFUqq5jad1f258HrPS5rg,식탁일기 table diary,B2jciqXAgZs,"남들 다 코렐 얘기할 때 안믿었는데, 써보니 왜 난리인지 알겠어요 (종이호일 X, 설 선물 ·코렐 바사칸 에어프라이어 공동구매)",2026-02-07T11:30:08Z,206.0,False,343653,3289.0,606.0
8080,UCemFUqq5jad1f258HrPS5rg,식탁일기 table diary,JLC14P_Ku18,얼마나 좋길래 주문폭주?🔥,2026-02-09T11:30:17Z,53.0,True,135770,1630.0,58.0
8080,UCemFUqq5jad1f258HrPS5rg,식탁일기 table diary,oMsrw6CJzwg,고구마였는데 갑자기 치즈됨,2026-02-12T11:30:43Z,21.0,True,128672,1311.0,19.0
8080,UCemFUqq5jad1f258HrPS5rg,식탁일기 table diary,6RFqCzCycU8,이 순간 딱 들어올리세요,2026-02-14T11:30:04Z,27.0,True,3287692,36923.0,349.0
8080,UCemFUqq5jad1f258HrPS5rg,식탁일기 table diary,377dZaFIVus,청경채 절대 볶지 마세요,2026-02-16T11:30:02Z,24.0,True,171846,2253.0,36.0
8080,UCemFUqq5jad1f258HrPS5rg,식탁일기 table diary,p9ySn7h19z0,"흰밥 끊고 밀가루 0g 빵까지 굽는 날 (글루텐 프리 빵, 냉동 샐러드)",2026-02-27T12:02:24Z,481.0,False,136424,1111.0,84.0
8080,UCemFUqq5jad1f258HrPS5rg,식탁일기 table diary,EAMARbzztoI,베이킹 테라피 받는 날🍓딸기밭 케이크 (딸기 2팩 넣었습니다),2026-03-14T11:30:13Z,440.0,False,76258,2874.0,92.0
8080,UCemFUqq5jad1f258HrPS5rg,식탁일기 table diary,aShcIyoOKmA,"버섯을 이렇게 먹는다고? (진짜 대박) 혼자 먹어도 할 건 다 하는 집밥 (냉동빵, 뇨끼)",2026-03-26T11:30:01Z,739.0,False,107383,718.0,48.0
8080,UCemFUqq5jad1f258HrPS5rg,식탁일기 table diary,yJZ8pgW1wHM,결국 데코빨,2026-03-28T11:30:00Z,33.0,True,129053,2131.0,20.0
8080,UCemFUqq5jad1f258HrPS5rg,식탁일기 table diary,bpJ92tCYJyk,꼼수 없이… 터질 듯 부풀어요,2026-03-31T11:30:00Z,23.0,True,149609,2271.0,42.0
8080,UCemFUqq5jad1f258HrPS5rg,식탁일기 table diary,GkY-19_EK_Y,남들 잘 때 빵 굽고... 드디어 찾은 '인생 맨빵' (홀린듯 베이킹 멍👀),2026-04-08T11:30:11Z,504.0,False,112898,3156.0,162.0
8080,UCemFUqq5jad1f258HrPS5rg,식탁일기 table diary,wg2BhaZLqyA,"코스트코 장봤더니 이 정도면 축제🍱 소분해서 계속 돌려먹기 (치킨까스, 숙성연어회, 빵소분, 계란말이)",2026-04-18T11:30:46Z,662.0,False,145971,1846.0,111.0
8080,UCemFUqq5jad1f258HrPS5rg,식탁일기 table diary,mhr2GKzBRn4,정리 못하던 사람인데… 내돈내산으로 시작해 3차까지 온 이유가 있어요 (프리파라 밀폐용기· 밀프렙 용기 · 공구),2026-04-21T11:30:49Z,333.0,False,109642,477.0,120.0
8080,UCemFUqq5jad1f258HrPS5rg,식탁일기 table diary,cavVncKy9Sg,현시점 최고… 맞는 듯,2026-04-22T11:36:36Z,53.0,True,43702,835.0,24.0
8080,UCemFUqq5jad1f258HrPS5rg,식탁일기 table diary,gN4Wri6dn3A,또 쪘다 싶으면 이걸로 일주일,2026-04-23T11:30:38Z,42.0,True,37630,810.0,16.0
8080,UCemFUqq5jad1f258HrPS5rg,식탁일기 table diary,wP4boThID6Q,요즘 냉동빵 먹는 법🔥,2026-05-09T11:30:50Z,29.0,True,184585,2379.0,34.0
8080,UCemFUqq5jad1f258HrPS5rg,식탁일기 table diary,60ldKd8ZQb0,분명 에그타르트용이었는데… 베이비슈 만들기 대성공✨(이사 전 마지막 집밥),2026-05-13T11:38:37Z,631.0,False,23615,412.0,36.0
8081,UCtCiO5t2voB14CmZKTkIzPQ,딩고 뮤직 / dingo music,M5HvFXhxMA8,"Feel the heat, feel this fire🔥 | &TEAM(앤팀) - We on Fire",2026-04-28T10:00:28Z,47.0,True,35562,4307.0,26.0
8081,UCtCiO5t2voB14CmZKTkIzPQ,딩고 뮤직 / dingo music,DWpe-xSGg6w,명곡에 또 명곡...ㅠㅠㅣ임정희 – 사랑아 가지마,2026-04-28T10:30:15Z,35.0,True,30839,319.0,13.0
8081,UCtCiO5t2voB14CmZKTkIzPQ,딩고 뮤직 / dingo music,nuguw8NEH0g,내 YEPP에서 튀어나온 띵곡🩷ㅣ사랑에 미치면 (Feat. Big Boi & J.Y.Park),2026-04-28T11:01:30Z,22.0,True,82411,553.0,20.0
8081,UCtCiO5t2voB14CmZKTkIzPQ,딩고 뮤직 / dingo music,dPOjnmVYUog,전국민이 아는 노래... 사실 끝까지 들어야 합니다⚡️ㅣ임정희 – 진짜일 리 없어,2026-04-28T11:15:05Z,51.0,True,60058,492.0,15.0
8081,UCtCiO5t2voB14CmZKTkIzPQ,딩고 뮤직 / dingo music,nT8w95A0ZJc,BTS 임정희 킬링보이스 레츠–고🔥ㅣ임정희 – 재 (Feat. 방탄소년단),2026-04-28T11:30:43Z,39.0,True,22896,181.0,6.0
8081,UCtCiO5t2voB14CmZKTkIzPQ,딩고 뮤직 / dingo music,3Zv_AIO-GQs,미국엔 Alicia Keys 우리나라엔 임정희👑ㅣ임정희 – Music Is My Life,2026-04-28T12:00:08Z,38.0,True,36344,346.0,10.0
8081,UCtCiO5t2voB14CmZKTkIzPQ,딩고 뮤직 / dingo music,v2lc4RCrchM,왜 듣는데 눈물이 나죠...?🥹ㅣ임정희 – 흔적,2026-04-29T08:00:54Z,55.0,True,56586,514.0,38.0
8081,UCtCiO5t2voB14CmZKTkIzPQ,딩고 뮤직 / dingo music,Gwym5wq1gZs,버거운 현실에 차라리 불행이 휩쓸고 가기를 바라는 맘 뭔지 알잖아🥺 | 한즈(HANZ) – 차라리,2026-04-30T09:00:24Z,64.0,False,13806,72.0,2.0
8081,UCtCiO5t2voB14CmZKTkIzPQ,딩고 뮤직 / dingo music,cYggDjvGq_w,마음을 안아주는 노래 | 한즈(HANZ) – 차라리,2026-04-30T09:01:01Z,31.0,True,14577,62.0,1.0
8081,UCtCiO5t2voB14CmZKTkIzPQ,딩고 뮤직 / dingo music,gjo5NG3GtQs,HANZ (한즈) – 차라리 | dingo live | 딩고뮤직 | DingoMusic,2026-04-30T09:01:04Z,253.0,False,5845,153.0,13.0
8081,UCtCiO5t2voB14CmZKTkIzPQ,딩고 뮤직 / dingo music,j3MwmQVMdJE,떠나는 우리의 낮들과 찾아오는 밤들을 어떻게 맞이하죠 | 한즈(HANZ) – 차라리,2026-04-30T09:01:06Z,31.0,True,12953,84.0,1.0
8081,UCtCiO5t2voB14CmZKTkIzPQ,딩고 뮤직 / dingo music,SVIDosPKKy8,"도망가, I’m a killa😎 | Kep1er(케플러) - KILLA (Face the other me)",2026-04-30T10:00:46Z,38.0,True,102049,2524.0,27.0
8081,UCtCiO5t2voB14CmZKTkIzPQ,딩고 뮤직 / dingo music,Q6kCROSy5C0,𝒗𝒊𝒐𝒍𝒊𝒏 가자🎻 ㅣ LUCY (루시) - 아니 근데 진짜,2026-05-01T09:00:43Z,56.0,True,167411,4854.0,146.0
8081,UCtCiO5t2voB14CmZKTkIzPQ,딩고 뮤직 / dingo music,bC9g-iID6_c,HANZ (한즈) – 차라리 | TEXTED | 가사 (Lyrics) | 딩고뮤직 | DingoMusic,2026-05-04T09:00:59Z,251.0,False,100891,162.0,7.0
8081,UCtCiO5t2voB14CmZKTkIzPQ,딩고 뮤직 / dingo music,7zGM17fky_M,이 감정... 음색... 가사가 하나되어 만들어진 노래ㅣHANZ (한즈) – 차라리,2026-05-04T09:15:00Z,35.0,True,13978,64.0,1.0
8081,UCtCiO5t2voB14CmZKTkIzPQ,딩고 뮤직 / dingo music,EpDtH6Q6LsY,"LUCY (루시)의 킬링보이스를 라이브로! - 개화, 히어로, 아니 근데 진짜, 전체관람가, 발아, 아지랑이, 떼굴떼굴, 뜨거, 내버려, MP3, 낙화 ㅣDingo Music",2026-05-05T09:00:07Z,1478.0,False,507326,19331.0,1581.0
8081,UCtCiO5t2voB14CmZKTkIzPQ,딩고 뮤직 / dingo music,92Z78bMElM8,어른이들을 위한 최고의 어린이날 선물🎁ㅣ LUCY - 발아,2026-05-05T09:30:05Z,36.0,True,45293,1392.0,21.0
8081,UCtCiO5t2voB14CmZKTkIzPQ,딩고 뮤직 / dingo music,m0oIJorYWLY,루시와 킬링보이스의 공통점은?ㅣ LUCY - 전체관람가,2026-05-05T09:30:23Z,58.0,True,58228,2202.0,27.0
8081,UCtCiO5t2voB14CmZKTkIzPQ,딩고 뮤직 / dingo music,g02wth6z-UI,김광진 - 편지 | 명곡을 세로라이브로! | 딩고뮤직 | Dingo Music,2026-05-06T09:00:54Z,289.0,False,202041,2076.0,193.0
8081,UCtCiO5t2voB14CmZKTkIzPQ,딩고 뮤직 / dingo music,m6XGt_YsYb4,소름돋는 도입부 | 김광진 - 편지,2026-05-06T09:30:19Z,53.0,True,67950,769.0,62.0
8081,UCtCiO5t2voB14CmZKTkIzPQ,딩고 뮤직 / dingo music,0hE0621oEhM,루시가 말아주는 근본 청춘곡🌱 ㅣ LUCY - 개화,2026-05-06T11:00:03Z,32.0,True,86873,1276.0,6.0
8081,UCtCiO5t2voB14CmZKTkIzPQ,딩고 뮤직 / dingo music,d4dakHeA3pE,오늘을 살아갈 힘🤖 ㅣ LUCY - 히어로,2026-05-06T11:01:05Z,31.0,True,41803,1365.0,14.0
8081,UCtCiO5t2voB14CmZKTkIzPQ,딩고 뮤직 / dingo music,l5HSTwaSTdU,밴드의 맛 ㅣ LUCY - 내버려,2026-05-06T11:01:14Z,40.0,True,27025,1088.0,9.0
8081,UCtCiO5t2voB14CmZKTkIzPQ,딩고 뮤직 / dingo music,7ly6cErHOUo,서열무 (Seo Yeolmu) – 네가 없는 나를 모르겠어 | TEXTED | 가사 (Lyrics) | 딩고뮤직 | DingoMusic,2026-05-06T12:00:29Z,224.0,False,86430,170.0,54.0
8081,UCtCiO5t2voB14CmZKTkIzPQ,딩고 뮤직 / dingo music,VdLhigZ89QY,음색으로 내 심장 바사삭🧡ㅣ서열무 (Seo Yeolmu) – 네가 없는 나를 모르겠어,2026-05-06T12:15:04Z,31.0,True,20798,84.0,4.0
8081,UCtCiO5t2voB14CmZKTkIzPQ,딩고 뮤직 / dingo music,cInJQ-4_QV4,"최은빈, 홍승민 – 어떤가요 | TEXTED | 가사 (Lyrics) | 딩고뮤직 | DingoMusic | 우리들의발라드",2026-05-07T09:01:01Z,260.0,False,93493,252.0,68.0
8081,UCtCiO5t2voB14CmZKTkIzPQ,딩고 뮤직 / dingo music,mlFRIk3e-wA,"우리들의 하모니💕ㅣ최은빈, 홍승민 – 어떤가요",2026-05-07T09:15:03Z,51.0,True,14579,74.0,11.0
8081,UCtCiO5t2voB14CmZKTkIzPQ,딩고 뮤직 / dingo music,H4Bq9uMI2U8,시경아! 창섭아! 보고있냐?ㅣ김광진 – 여우야 ㅣ킬링보이스 선공개,2026-05-08T08:00:17Z,40.0,True,1055192,10892.0,491.0
8081,UCtCiO5t2voB14CmZKTkIzPQ,딩고 뮤직 / dingo music,MC8-GBDr5yY,"천범석, 민수현 – 나의 옛날 이야기 | TEXTED | 가사 (Lyrics) | 딩고뮤직 | DingoMusic | 우리들의발라드",2026-05-08T09:00:34Z,229.0,False,85302,252.0,66.0
8081,UCtCiO5t2voB14CmZKTkIzPQ,딩고 뮤직 / dingo music,rdxso0Mphck,"너무 귀엽고 아름다운 듀엣💙ㅣ천범석, 민수현 – 나의 옛날 이야기",2026-05-08T09:15:10Z,56.0,True,30311,235.0,5.0
8081,UCtCiO5t2voB14CmZKTkIzPQ,딩고 뮤직 / dingo music,eORfW-lw_5I,JayDon – Lullaby (Feat. Paradise)ㅣTEXTEDㅣ가사 (Lyrics)ㅣ딩고뮤직ㅣdingo Music,2026-05-09T09:01:01Z,163.0,False,104842,1668.0,109.0
8081,UCtCiO5t2voB14CmZKTkIzPQ,딩고 뮤직 / dingo music,x8bVJ-2y-Ys,이게 바로 본토의 R&B 이러니 알앤비 힙합에 미치지🔥ㅣJayDon – Lullaby (Feat. Paradise),2026-05-09T09:30:34Z,48.0,True,12402,161.0,6.0
8081,UCtCiO5t2voB14CmZKTkIzPQ,딩고 뮤직 / dingo music,TkIpSynjAoA,Billlie (빌리) – ZAP | MOVE REC. | PERFORMANCE VIDEO | 딩고뮤직ㅣDingo Music,2026-05-11T09:00:38Z,163.0,False,335390,2936.0,155.0
8081,UCtCiO5t2voB14CmZKTkIzPQ,딩고 뮤직 / dingo music,1espYLIFbr4,7 멤버 7 메댄 | Billlie (빌리) - ZAP,2026-05-11T09:30:03Z,57.0,True,38361,452.0,5.0
8081,UCtCiO5t2voB14CmZKTkIzPQ,딩고 뮤직 / dingo music,b7xt0XRj_po,"김광진 (Kim Kwang Jin)의 킬링보이스를 라이브로! – 여우야, 마법의 성, 동경소녀, 토니, 편지, 처음 느낌 그대로, 오딧세이의 항해ㅣ딩고뮤직ㅣdingo Music",2026-05-12T09:00:06Z,1196.0,False,330315,14517.0,1406.0
8081,UCtCiO5t2voB14CmZKTkIzPQ,딩고 뮤직 / dingo music,IMzfgsIViUA,무중력 성대🖤💛ㅣ김광진 – 처음 느낌 그대로,2026-05-12T12:26:24Z,54.0,True,187943,1431.0,69.0
8081,UCtCiO5t2voB14CmZKTkIzPQ,딩고 뮤직 / dingo music,3ZK0Fta1f2A,추억을 소환하는 마법의 노래🔮ㅣ김광진 – 마법의 성,2026-05-12T12:45:00Z,54.0,True,84517,581.0,29.0
8081,UCtCiO5t2voB14CmZKTkIzPQ,딩고 뮤직 / dingo music,zCtlc6osn7o,세대를 아우르는 띵곡!ㅣ김광진 – 동경소녀,2026-05-12T13:01:54Z,43.0,True,292765,1811.0,99.0
8081,UCtCiO5t2voB14CmZKTkIzPQ,딩고 뮤직 / dingo music,s-pvptgLl1g,진심으로 응원하는 마음을 전하는 노래🙏ㅣ김광진 – 진심,2026-05-12T13:31:12Z,55.0,True,75693,824.0,19.0
8081,UCtCiO5t2voB14CmZKTkIzPQ,딩고 뮤직 / dingo music,J79-FHvIB44,Billlie (빌리) ー B'yond meㅣdingo Liveㅣ딩고뮤직ㅣdingo Music,2026-05-14T09:00:22Z,212.0,False,253178,1193.0,88.0
8081,UCtCiO5t2voB14CmZKTkIzPQ,딩고 뮤직 / dingo music,vSAoCJTud24,라이브가 왜이리 슬픈 건데...?🥹ㅣBilllie (빌리) ー B'yond me,2026-05-14T09:15:04Z,60.0,True,6204,69.0,3.0
8081,UCtCiO5t2voB14CmZKTkIzPQ,딩고 뮤직 / dingo music,6bljEuyLnqM,"3, 2, 1 LET’S GO! TELL ME! SO WHAT!ㅣ투모로우바이투게더 (TOMORROW X TOGETHER) – So What #이슬라이브",2026-05-14T12:00:22Z,45.0,True,189674,17138.0,318.0
8081,UCtCiO5t2voB14CmZKTkIzPQ,딩고 뮤직 / dingo music,djr4omdp6sk,Olivia Marsh (올리비아 마쉬)의 앨범을 라이브로 듣는 앨범 스포트라이트–Second EP ‘Paraglider’ l Album Spotlight l Dingo Music,2026-05-14T12:00:58Z,337.0,False,56425,483.0,51.0
8081,UCtCiO5t2voB14CmZKTkIzPQ,딩고 뮤직 / dingo music,DkFw--dqQ20,빠져든다... | Olivia Marsh (올리비아 마쉬) - Roll,2026-05-14T12:15:03Z,20.0,True,14331,112.0,5.0
8081,UCtCiO5t2voB14CmZKTkIzPQ,딩고 뮤직 / dingo music,uRguLc--mnE,숨 참고 보게 됨 | Olivia Marsh (올리비아 마쉬) - Stranger Tides,2026-05-14T12:31:07Z,44.0,True,7981,75.0,2.0
8081,UCtCiO5t2voB14CmZKTkIzPQ,딩고 뮤직 / dingo music,-vCKtza_MQ8,몽환적인 올리비아의 목소리🪽 | Olivia Marsh (올리비아 마쉬) - Paraglider,2026-05-14T12:45:00Z,53.0,True,8272,87.0,4.0
8081,UCtCiO5t2voB14CmZKTkIzPQ,딩고 뮤직 / dingo music,bz1yXxxo7ck,[5/16 오후 5시] PUBG × PAYDAY | 나이트 드라이브 with 070 Shake & DAYOUNG @ 펍지 성수ㅣ딩고뮤직ㅣDingo Music,2026-05-15T04:07:12Z,,False,0,10.0,0.0
8081,UCtCiO5t2voB14CmZKTkIzPQ,딩고 뮤직 / dingo music,390MHsD85Ok,"그 시절, 우己l가 사乙б했던 ⒷⒼⓂ ♬ㅣ씨야 - 사랑의 인사",2026-05-15T08:30:01Z,59.0,True,247792,2545.0,261.0
8081,UCtCiO5t2voB14CmZKTkIzPQ,딩고 뮤직 / dingo music,pfpdm8XWYPk,"[이슬라이브] 투모로우바이투게더 (TOMORROW X TOGETHER) – 하루에 하루만 더, So What, 내일에서 기다릴게 | 딩고뮤직ㅣDingo Music",2026-05-15T09:00:06Z,940.0,False,219536,20909.0,1226.0
8081,UCtCiO5t2voB14CmZKTkIzPQ,딩고 뮤직 / dingo music,vBvzZnwm0jU,숨 참고 보게 되는 명경기🔥 TERRA 빙고 스테이지 With. 투모로우바이투게더 (TOMORROW X TOGETHER) #이슬라이브,2026-05-15T11:01:31Z,112.0,False,56299,5748.0,133.0
8082,UCZqY2yIsAM9wh3vvMwKd27g,ASTRO 아스트로,Syrzt9S6WAc,‘W/X/Y (Tani Yuuki)’ Cover by 산하 #윤산하 #YOONSANHA #아스트로 #ASTRO,2026-02-04T06:21:23Z,43.0,True,56950,7063.0,345.0
8082,UCZqY2yIsAM9wh3vvMwKd27g,ASTRO 아스트로,m8l6IXSOWpI,JINJIN-LOG l 주니지니 팬파티 해외투어 모아보기📸,2026-02-06T09:01:12Z,1335.0,False,27220,5415.0,552.0
8082,UCZqY2yIsAM9wh3vvMwKd27g,ASTRO 아스트로,Xiyvz3DauVM,이거 아는 사람 손! #고등어손질 #고등어필통 #엠제이 #아스트로 #ASTRO,2026-02-07T05:00:38Z,34.0,True,84962,7452.0,468.0
8082,UCZqY2yIsAM9wh3vvMwKd27g,ASTRO 아스트로,9n6KhYGrVgI,MJ 엠제이 MUSICAL CONCERT ‘The Mission: K’ Behind,2026-02-11T09:00:12Z,316.0,False,15322,3559.0,351.0
8082,UCZqY2yIsAM9wh3vvMwKd27g,ASTRO 아스트로,4eKYGa8UHWA,YOON SANHA | ‘Popcorn (도경수 (D.O.)) 30분 Playlist' Cover by 산하,2026-02-20T09:00:06Z,1832.0,False,35374,6162.0,680.0
8082,UCZqY2yIsAM9wh3vvMwKd27g,ASTRO 아스트로,y8mauLJivRY,'Popcorn (도경수(D.O.))' Cover by 산하 #윤산하 #YOONSANHA #아스트로 #ASTRO,2026-02-20T09:00:21Z,27.0,True,84848,8762.0,336.0
8082,UCZqY2yIsAM9wh3vvMwKd27g,ASTRO 아스트로,Poc6Pqe2CzU,You just got invited to SANiGHT! #윤산하 #YOONSANHA #아스트로 #ASTRO #사나잇,2026-02-24T05:00:28Z,13.0,True,69139,8511.0,384.0
8082,UCZqY2yIsAM9wh3vvMwKd27g,ASTRO 아스트로,eFoMlKUsRT4,사나잇에서 만나✨ #윤산하 #YOONSANHA #아스트로 #ASTRO #사나잇,2026-02-27T05:10:55Z,14.0,True,38563,6189.0,303.0
8082,UCZqY2yIsAM9wh3vvMwKd27g,ASTRO 아스트로,wwwmIWU2snw,"이리 와, by my side #윤산하 #YOONSANHA #아스트로 #ASTRO #사나잇",2026-03-03T05:01:04Z,24.0,True,53948,6486.0,337.0
8082,UCZqY2yIsAM9wh3vvMwKd27g,ASTRO 아스트로,7c2Xj6FgoJc,Baby (laughing edition) #엠제이 #MJ #윤산하 #YOONSANHA #ASTRO,2026-03-04T05:00:09Z,38.0,True,107691,11036.0,800.0
8082,UCZqY2yIsAM9wh3vvMwKd27g,ASTRO 아스트로,SJbUq4RHXfM,HAPPY MJ DAY🎂 | '바이 바이 (BIG Naughty (서동현) (Feat. 이무진))' Cover by MJ (Feat. YOON SAN-HA),2026-03-05T06:05:00Z,269.0,False,118648,11483.0,1841.0
8082,UCZqY2yIsAM9wh3vvMwKd27g,ASTRO 아스트로,NVH6R8APhQE,HAPPY MJ DAY🎂 | '바이 바이 (BIG Naughty (서동현) (Feat. 이무진))' Cover by MJ (Feat. YOON SAN-HA) #엠제이 #윤산하,2026-03-05T06:05:53Z,46.0,True,77408,9929.0,694.0
8082,UCZqY2yIsAM9wh3vvMwKd27g,ASTRO 아스트로,SHqot3nOYi0,HAPPY MJ DAY🎁 | '바이 바이 (BIG Naughty (서동현) (Feat. 이무진))' Cover by MJ (Feat. YOON SAN-HA) | Gift Clip,2026-03-05T14:59:00Z,269.0,False,31034,5510.0,585.0
8082,UCZqY2yIsAM9wh3vvMwKd27g,ASTRO 아스트로,ENc1aX0-4xk,연차별 직장인의 자세 #엠제이 #MJ #윤산하 #YOONSANHA,2026-03-06T05:00:12Z,9.0,True,61206,7032.0,310.0
8082,UCZqY2yIsAM9wh3vvMwKd27g,ASTRO 아스트로,U_djKkn0BZo,Back to 2016 #엠제이 #MJ #윤산하 #YOONSANHA #Backto2016,2026-03-09T05:00:24Z,35.0,True,109509,10494.0,641.0
8082,UCZqY2yIsAM9wh3vvMwKd27g,ASTRO 아스트로,MD4Plb_XD3g,👀✨#엠제이 #MJ #윤산하 #YOONSANHA #ASTRO,2026-03-11T05:00:16Z,10.0,True,81947,9116.0,467.0
8082,UCZqY2yIsAM9wh3vvMwKd27g,ASTRO 아스트로,fp20bj_EPys,묭묭펀치 #엠제이 #MJ #아스트로 #ASTRO,2026-03-12T05:00:38Z,12.0,True,47893,6738.0,405.0
8082,UCZqY2yIsAM9wh3vvMwKd27g,ASTRO 아스트로,_1ZnlKr9wS4,제목 다 맞추면 찐 아로하 인정ㅋㅋ #엠제이 #MJ #아스트로 #ASTRO,2026-03-13T05:00:27Z,45.0,True,43868,6253.0,611.0
8082,UCZqY2yIsAM9wh3vvMwKd27g,ASTRO 아스트로,KixNQG_VlCs,#석션 합창단 등장🥳🎉 #엠제이 #권혁수 #나르샤 #나현영,2026-03-14T05:00:18Z,9.0,True,55184,5750.0,243.0
8082,UCZqY2yIsAM9wh3vvMwKd27g,ASTRO 아스트로,q41IkIUxwyE,YOON SAN-HA 윤산하 'LUXURY' March 2026 Behind,2026-03-14T06:23:55Z,267.0,False,17901,4181.0,391.0
8082,UCZqY2yIsAM9wh3vvMwKd27g,ASTRO 아스트로,yFcv5lvwIGI,HAPPY JINJIN DAY🎂 | 근데 그럴싸해 지그음‼️🧑‍🍳 | 계란 한 판 생일상,2026-03-15T06:15:03Z,1411.0,False,22906,5167.0,831.0
8082,UCZqY2yIsAM9wh3vvMwKd27g,ASTRO 아스트로,CPYDtkqPNL8,Happy JINJIN Day💚 #진진 #JINJIN #아스트로 #astrology,2026-03-15T09:00:15Z,9.0,True,63329,7941.0,512.0
8082,UCZqY2yIsAM9wh3vvMwKd27g,ASTRO 아스트로,ViBqglbf3Ig,🥚🍳 #진진 #JINJIN #아스트로 #ASTRO,2026-03-16T05:00:26Z,7.0,True,53526,6497.0,323.0
8082,UCZqY2yIsAM9wh3vvMwKd27g,ASTRO 아스트로,y2OxGhiPdek,시간 날 때 전화해 #진진 #JINJIN #아스트로 #ASTRO,2026-03-17T05:01:03Z,16.0,True,52590,6647.0,406.0
8082,UCZqY2yIsAM9wh3vvMwKd27g,ASTRO 아스트로,nLJAW1HQhN0,Are you ready for SANiGHT? #윤산하 #YOONSANHA #아스트로 #ASTRO #사나잇,2026-03-19T05:03:37Z,18.0,True,76384,7462.0,284.0
8082,UCZqY2yIsAM9wh3vvMwKd27g,ASTRO 아스트로,7mgtQhKC-g0,입모양만 보고 셋리스트를 맞출 수 있을까🤔 #윤산하 #YOONSANHA #아스트로 #ASTRO #사나잇,2026-03-20T05:00:05Z,33.0,True,40705,5314.0,275.0
8082,UCZqY2yIsAM9wh3vvMwKd27g,ASTRO 아스트로,8SzkmVzEyq0,YOON SANHA | ‘좋은 밤 좋은 꿈 (너드커넥션)’ Cover by 산하,2026-03-20T11:00:13Z,135.0,False,24782,5536.0,630.0
8082,UCZqY2yIsAM9wh3vvMwKd27g,ASTRO 아스트로,AGH9i7peFbo,YOON SAN-HA : SANiGHT Project #3 약속 - PLAYLIST,2026-03-21T13:15:01Z,1881.0,False,40883,4930.0,500.0
8082,UCZqY2yIsAM9wh3vvMwKd27g,ASTRO 아스트로,iGYs-5rlVgI,[YOON SAN-HA SANiGHT Project #3 – 약속] - 27살 산하의 우우우웅~ (و ˃̵ᴗ˂̵)و #앙탈챌린지 #윤산하 #YOONSANHA #사나잇,2026-03-23T06:21:00Z,39.0,True,67583,6497.0,297.0
8082,UCZqY2yIsAM9wh3vvMwKd27g,ASTRO 아스트로,kjTqr0pwFFc,[YOON SAN-HA SANiGHT Project #3 – 약속] Recap video🎧💜 #윤산하 #YOONSANHA #아스트로 #ASTRO#사나잇,2026-03-24T06:00:36Z,36.0,True,39964,4980.0,228.0
8082,UCZqY2yIsAM9wh3vvMwKd27g,ASTRO 아스트로,R26lOXaWU6c,[YOON SAN-HA SANiGHT Project #3 – 약속] - Instagram (DEAN),2026-03-25T06:21:00Z,58.0,True,32942,4867.0,216.0
8082,UCZqY2yIsAM9wh3vvMwKd27g,ASTRO 아스트로,uZOQfjO3SAk,잘생겼어? 니 거야 #윤산하 #YOONSANHA #아스트로 #ASTRO #사나잇,2026-03-27T05:00:00Z,60.0,True,41617,6676.0,372.0
8082,UCZqY2yIsAM9wh3vvMwKd27g,ASTRO 아스트로,dUweZR6AfdE,[YOON SAN-HA SANiGHT Project 3 – 약속] 너만이 (유승우) #윤산하 #YOONSANHA#아스트로 #ASTRO#사나잇,2026-04-01T06:21:00Z,35.0,True,36102,4885.0,183.0
8082,UCZqY2yIsAM9wh3vvMwKd27g,ASTRO 아스트로,rOq4WIsYEmM,YOON SANHA | ‘너만이(유승우)’ Cover by 산하,2026-04-01T06:21:00Z,238.0,False,39780,4988.0,490.0
8082,UCZqY2yIsAM9wh3vvMwKd27g,ASTRO 아스트로,DKFpz1hDA_k,See you soon! #윤산하 #YOONSANHA#아스트로 #ASTRO#사나잇,2026-04-02T05:05:48Z,18.0,True,60924,6696.0,261.0
8082,UCZqY2yIsAM9wh3vvMwKd27g,ASTRO 아스트로,01rkzTs3eWU,진샤카라카 #진진 #JINJIN #아스트로 #ASTRO,2026-04-04T03:00:00Z,17.0,True,102990,11062.0,667.0
8082,UCZqY2yIsAM9wh3vvMwKd27g,ASTRO 아스트로,ZCF0g29x3xo,YOON SAN-HA : SANiGHT Project #3 - 약속 Behind Film in Korea,2026-04-07T06:21:01Z,1734.0,False,20557,3688.0,426.0
8082,UCZqY2yIsAM9wh3vvMwKd27g,ASTRO 아스트로,4e4oaln3k2E,로하 오늘도 頑張って ヾ(•ω•`)o #윤산하 #YOONSANHA #아스트로 #ASTRO #사나잇,2026-04-16T05:00:13Z,23.0,True,80433,7627.0,366.0
8082,UCZqY2yIsAM9wh3vvMwKd27g,ASTRO 아스트로,x2l2tTCWjFk,간바떼 챌린지를 향한 과정 #윤산하 #YOONSANHA #아스트로 #ASTRO #사나잇,2026-04-17T05:01:02Z,48.0,True,50351,5796.0,252.0
8082,UCZqY2yIsAM9wh3vvMwKd27g,ASTRO 아스트로,1QYDYs80EoA,DAISIES rehearsal ver. #윤산하 #YOONSANHA #아스트로 #ASTRO #사나잇,2026-04-20T05:00:00Z,32.0,True,29806,4608.0,248.0
8082,UCZqY2yIsAM9wh3vvMwKd27g,ASTRO 아스트로,cEMyPeRW5Hk,나도 했다아 #엠제이 #MJ #아스트로 #ASTRO,2026-04-21T05:00:27Z,14.0,True,127411,11710.0,709.0
8082,UCZqY2yIsAM9wh3vvMwKd27g,ASTRO 아스트로,o-iunMN2Rj0,Love Shot💘 #윤산하 #YOONSANHA #아스트로 #ASTRO #사나잇,2026-04-22T05:16:15Z,31.0,True,125336,8690.0,343.0
8082,UCZqY2yIsAM9wh3vvMwKd27g,ASTRO 아스트로,lfviMVt7-wY,미스터 엠발란스ㅋㅋ #엠제이 #MJ #아스트로 #ASTRO,2026-04-23T05:00:49Z,15.0,True,51360,6524.0,423.0
8082,UCZqY2yIsAM9wh3vvMwKd27g,ASTRO 아스트로,YBLHWdregWI,사건은 현장에서 일어난다! #윤산하 #YOONSANHA #아스트로 #ASTRO #사나잇,2026-04-24T05:00:29Z,12.0,True,26390,3834.0,229.0
8082,UCZqY2yIsAM9wh3vvMwKd27g,ASTRO 아스트로,U_-BJmxNXGM,JINJIN-LOG l '오늘은 뭐묵지2' 일본 출장 모아보기📸,2026-04-24T06:15:02Z,1175.0,False,19157,3967.0,442.0
8082,UCZqY2yIsAM9wh3vvMwKd27g,ASTRO 아스트로,nE5Zfro7pEo,고백 할 게 있습니다. #엠제이 #MJ #아스트로 #ASTRO,2026-04-28T05:00:44Z,11.0,True,95248,8213.0,750.0
8082,UCZqY2yIsAM9wh3vvMwKd27g,ASTRO 아스트로,C63LekQlxt4,YOON SAN-HA : SANiGHT Project #3 - 약속 Behind Film in Japan,2026-04-29T06:21:01Z,1294.0,False,18138,3199.0,287.0
8082,UCZqY2yIsAM9wh3vvMwKd27g,ASTRO 아스트로,U4my2_p5Q8Q,YOON SANHA | ‘이제 안녕!(조유리)’ Cover by 산하,2026-04-30T09:00:42Z,220.0,False,29993,3656.0,275.0
8082,UCZqY2yIsAM9wh3vvMwKd27g,ASTRO 아스트로,SMyzpx6__f0,‘이제 안녕!(조유리)’ Cover by 산하 #윤산하 #YOONSANHA #아스트로 #ASTRO #사나잇,2026-04-30T09:08:48Z,27.0,True,38266,4633.0,201.0
8082,UCZqY2yIsAM9wh3vvMwKd27g,ASTRO 아스트로,629ol7VI958,윤산하가 좋은 이유? NO REASON ❌ 미니 3집 'NO REASON'으로 돌아오는 #윤산하 를 만나고 왔습니다! #YOONSANHA #NO_REASON #IDK_ME,2026-05-11T05:03:15Z,51.0,True,22179,4159.0,299.0
8083,UCk9GmdlDTBfgGRb7vXeRMoQ,Red Velvet,cZZJ8qqbwcI,POV: me falling in love #JOY #조이 #LoveSplash! #JOY_LoveSplash!#RedVelvet #레드벨벳,2025-08-23T10:06:44Z,12.0,True,71957,4597.0,58.0
8083,UCk9GmdlDTBfgGRb7vXeRMoQ,Red Velvet,MQw0n_B10aM,🤙🏝️🤙🐠 #JOY #조이 #LoveSplash! #JOY_LoveSplash!#RedVelvet #레드벨벳,2025-08-24T03:22:04Z,10.0,True,78128,4982.0,44.0
8083,UCk9GmdlDTBfgGRb7vXeRMoQ,Red Velvet,kHwxFdo5Gpo,From Love Splash!🤍 with #HARIMU #JOY #조이#RedVelvet #레드벨벳#LoveSplash! #JOY_LoveSplash!,2025-08-24T10:06:33Z,22.0,True,210809,8997.0,47.0
8083,UCk9GmdlDTBfgGRb7vXeRMoQ,Red Velvet,YC35y1K4M8c,POV : When I'm JOY's First Love,2025-08-25T11:00:54Z,1229.0,False,19062,2648.0,156.0
8083,UCk9GmdlDTBfgGRb7vXeRMoQ,Red Velvet,7tTQpfpM804,"[Replay] JOY 조이 'From JOY, with Love' Countdown Live",2025-08-26T03:00:08Z,3558.0,False,8954,1143.0,57.0
8083,UCk9GmdlDTBfgGRb7vXeRMoQ,Red Velvet,DRui13gHLZU,From Love Splash!💚 with #AtHeart #JOY #조이 #앳하트 #나현 #서현#LoveSplash! #JOY_LoveSplash!#RedVelvet #레드벨벳,2025-08-26T11:00:31Z,23.0,True,202973,8299.0,65.0
8083,UCk9GmdlDTBfgGRb7vXeRMoQ,Red Velvet,PfVCxWm8xg0,sooo cuteeee💗#JOY #조이 #LoveSplash! #JOY_LoveSplash! #RedVelvet #레드벨벳,2025-08-27T03:07:27Z,9.0,True,234783,10750.0,72.0
8083,UCk9GmdlDTBfgGRb7vXeRMoQ,Red Velvet,dDHDqf15yAE,From Love Splash!💜🤍 with #YUJIN #JOY #조이 #Kep1er #케플러 #최유진#LoveSplash! #JOY_LoveSplash! #RedVelvet,2025-08-27T10:07:37Z,22.0,True,157308,7714.0,69.0
8083,UCk9GmdlDTBfgGRb7vXeRMoQ,Red Velvet,OrI_FLVLG_4,JOY 조이 'Love Splash!' Live Stage Practice (Moving Ver.),2025-08-27T11:00:08Z,193.0,False,45930,4527.0,198.0
8083,UCk9GmdlDTBfgGRb7vXeRMoQ,Red Velvet,vtMMORW8K00,From Love Splash!❤️ with #MoonByul #JOY #MAMAMOO #LoveSplash! #JOY_LoveSplash! #RedVelvet,2025-08-28T04:59:10Z,11.0,True,127693,7570.0,65.0
8083,UCk9GmdlDTBfgGRb7vXeRMoQ,Red Velvet,ly0xQY2AADw,"JOY 조이 ‘Love Splash!’ Dance Practice Behind | From JOY, with Love",2025-08-28T11:01:25Z,770.0,False,25476,2335.0,110.0
8083,UCk9GmdlDTBfgGRb7vXeRMoQ,Red Velvet,RfkFutYG86U,From Love Splash!💙 with #WENDY #JOY #조이 #웬디 #RedVelvet #레드벨벳 #LoveSplash! #JOY_LoveSplash!,2025-08-29T08:36:52Z,22.0,True,338938,18187.0,201.0
8083,UCk9GmdlDTBfgGRb7vXeRMoQ,Red Velvet,ZxVyB79Sc7k,언니 딴 데 가지마 #JOY #조이 #SUNMI #선미#RedVelvet #레드벨벳,2025-08-30T09:02:24Z,18.0,True,397775,10386.0,96.0
8083,UCk9GmdlDTBfgGRb7vXeRMoQ,Red Velvet,CD4gvj3SQfI,From Love Splash!❤️💜💙 with #SUNMI #JOY #조이 #LoveSplash! #RedVelvet,2025-08-30T09:47:06Z,13.0,True,157556,8014.0,67.0
8083,UCk9GmdlDTBfgGRb7vXeRMoQ,Red Velvet,aa_ht_tqJ0I,넌 예뻐 💗🐹🐥💗#JOY #조이 #IVE #아이브 #REI #레이 #RedVelvet #레드벨벳,2025-08-31T03:58:56Z,12.0,True,331022,12759.0,110.0
8083,UCk9GmdlDTBfgGRb7vXeRMoQ,Red Velvet,wNKNW5lM5XU,From Love Splash!💘 with #REI #JOY #조이 #IVE #아이브 #LoveSplash!  #JOY_LoveSplash! #RedVelvet #레드벨벳,2025-08-31T04:30:45Z,21.0,True,290353,13886.0,107.0
8083,UCk9GmdlDTBfgGRb7vXeRMoQ,Red Velvet,Oww2VweuHo4,再次Love Splash! with ReVeluv 我的夏天都是你們 고마워💚 #JOY #조이 #LoveSplash! #JOY_LoveSplash!#RedVelvet #레드벨벳,2025-09-04T04:00:22Z,18.0,True,477767,15039.0,80.0
8083,UCk9GmdlDTBfgGRb7vXeRMoQ,Red Velvet,OXU3NeG75BQ,"JOY 조이 ‘Love Splash!’ Recording Behind | From JOY, with Love",2025-09-04T11:00:44Z,1119.0,False,26713,2909.0,160.0
8083,UCk9GmdlDTBfgGRb7vXeRMoQ,Red Velvet,vnenDyMdhB4,벌써 끝나다니 아쉬워요🥲 | 레드벨벳 Red Velvet SMTOWN LIVE 2025 tour Behind The Scenes,2025-09-05T11:01:45Z,1020.0,False,108615,7423.0,368.0
8083,UCk9GmdlDTBfgGRb7vXeRMoQ,Red Velvet,1hoLPo-pyYk,"JOY 조이 ‘Love Splash!’ Music Show Behind | From JOY, with Love",2025-09-11T11:00:07Z,1313.0,False,26785,2474.0,146.0
8083,UCk9GmdlDTBfgGRb7vXeRMoQ,Red Velvet,6PubX76wsAc,(엉엉) 힘든 거 얘기해 보자 우리😂ㅣ2025 IRENE & SEULGI Concert Tour BALANCE,2025-09-15T11:00:12Z,1502.0,False,102574,7142.0,357.0
8083,UCk9GmdlDTBfgGRb7vXeRMoQ,Red Velvet,Q6-e-j7Nz60,Back by Popular Demand 🩷 It’s Me IRENE🙋‍♀️ㅣ#MEXICO & LONDON & TOKYO,2025-09-19T11:00:48Z,1756.0,False,250142,12669.0,627.0
8083,UCk9GmdlDTBfgGRb7vXeRMoQ,Red Velvet,pCPa2Li8oKw,VCR 예쁘게 봤나요 여러분?ㅣ2025 IRENE & SEULGI Concert Tour BALANCE,2025-09-22T11:01:35Z,1172.0,False,36438,3577.0,165.0
8083,UCk9GmdlDTBfgGRb7vXeRMoQ,Red Velvet,JfSskaBeK4s,아~주 오래 슬~며시 함께하자❤️ㅣ2025 IRENE & SEULGI Concert Tour BALANCE,2025-09-29T11:00:36Z,927.0,False,48674,4398.0,219.0
8083,UCk9GmdlDTBfgGRb7vXeRMoQ,Red Velvet,g_l5dzXk-Ag,여러분들 만나서 정말 에너지 얻고 갑니다💪ㅣ2025 IRENE & SEULGI Concert Tour BALANCE,2025-10-15T11:01:31Z,1116.0,False,35811,3271.0,162.0
8083,UCk9GmdlDTBfgGRb7vXeRMoQ,Red Velvet,QK5w2Zyq4ko,2026 Red Velvet SEASON’S GREETINGS CONCEPT TRAILER #RedVelvet,2025-10-16T06:00:31Z,66.0,False,66959,10003.0,786.0
8083,UCk9GmdlDTBfgGRb7vXeRMoQ,Red Velvet,i8tm-_ZktwI,JOY 조이 '품 (Cuddle)' Mood Film,2025-10-17T11:01:23Z,240.0,False,110079,9437.0,454.0
8083,UCk9GmdlDTBfgGRb7vXeRMoQ,Red Velvet,HDQMZvUpes4,2026 Red Velvet SEASON’S GREETINGS BEHIND,2025-10-19T11:00:23Z,852.0,False,76724,7789.0,582.0
8083,UCk9GmdlDTBfgGRb7vXeRMoQ,Red Velvet,E8jsMm3RHHU,𝑇𝐼𝐿𝑇 with #주은 🩵 #SEULGI #슬기 #RedVelvet #레드벨벳 #Hearts2Hearts #하츠투하츠 #H2H #JUUN #TILT,2025-10-31T10:37:26Z,25.0,True,437023,22424.0,282.0
8083,UCk9GmdlDTBfgGRb7vXeRMoQ,Red Velvet,d6EPI27tN14,영원히 녹지 않을 마음속의 추억으로 잘 간직해요💚ㅣ2025 JOY FANMEETING Unmelting Our Green,2025-10-31T11:01:30Z,683.0,False,27054,2319.0,141.0
8083,UCk9GmdlDTBfgGRb7vXeRMoQ,Red Velvet,hHOUGsFN0ns,say you love me 💛 #SEULGI #슬기#RedVelvet #레드벨벳,2025-11-23T11:30:41Z,15.0,True,453614,21049.0,266.0
8083,UCk9GmdlDTBfgGRb7vXeRMoQ,Red Velvet,ZClPxSsQ3HU,Back by Popular Demand 🩷 It’s Me IRENE🙋‍♀️ㅣ#I&S Concert Tour [BALANCE].zip,2025-12-04T11:01:09Z,2264.0,False,250551,12315.0,660.0
8083,UCk9GmdlDTBfgGRb7vXeRMoQ,Red Velvet,vrVmcx5atjI,객관적인 데이터를 기반으로♾️ㅣ2025 Korea Grand Music Awards Behind,2025-12-20T11:01:54Z,1410.0,False,75415,5420.0,319.0
8083,UCk9GmdlDTBfgGRb7vXeRMoQ,Red Velvet,a17sYWzZ_vE,새해 복 많이 받으세요🫶ㅣLet's Celebrate 2026 Behind,2026-01-20T11:00:00Z,1495.0,False,141940,7794.0,434.0
8083,UCk9GmdlDTBfgGRb7vXeRMoQ,Red Velvet,t82XlQb5uBk,Do it do it Chu~♡ #IRENE #SEULGI #KARINA #WINTER,2026-02-01T14:00:45Z,12.0,True,4540256,108345.0,681.0
8083,UCk9GmdlDTBfgGRb7vXeRMoQ,Red Velvet,5LNfkF7IE6s,💗두쫀쿠 사준 사람👉#KARINA💗#IRENE #SEULGI #JOY,2026-02-02T09:00:06Z,23.0,True,4323643,74881.0,653.0
8083,UCk9GmdlDTBfgGRb7vXeRMoQ,Red Velvet,AHqTdPc_EnQ,#2016 Russian Roulette but it’s 2026 #IRENE #SEULGI #JOY #RedVelvet,2026-02-03T09:01:41Z,18.0,True,2334317,86689.0,871.0
8083,UCk9GmdlDTBfgGRb7vXeRMoQ,Red Velvet,6LE-Srn1UUo,"IRENE, SEULGI, KARINA, WINTER 'Chu~♡' (f(x)) Cover Stage @SMTOWN LIVE 2025-26",2026-02-05T08:00:07Z,224.0,False,4733803,98388.0,3292.0
8083,UCk9GmdlDTBfgGRb7vXeRMoQ,Red Velvet,-2FtcB7tXfA,아슬의 팬(미)션🏠 : IRENE & SEULGI’s FANSSION #1 @Roti Prata🍴,2026-02-09T11:00:00Z,810.0,False,110007,7660.0,456.0
8083,UCk9GmdlDTBfgGRb7vXeRMoQ,Red Velvet,kUfyCleOCy4,FOCUS with #YUHA 🩵#SEULGI #RedVelvet #Hearts2Hearts @hearts2hearts.official,2026-02-15T04:50:58Z,16.0,True,1251958,46093.0,359.0
8083,UCk9GmdlDTBfgGRb7vXeRMoQ,Red Velvet,L63MDt0bsjU,헛둘헛둘 #RedVelvet #레드벨벳 #IRENE #SEULGI #JOY,2026-02-15T10:08:01Z,17.0,True,828590,29257.0,352.0
8083,UCk9GmdlDTBfgGRb7vXeRMoQ,Red Velvet,Go7NxDgbvN0,진짜 감동이에요 여러분ㅣ2026 SEULGI B-day PARTY ON THE ROAD Behind,2026-02-26T11:00:23Z,1163.0,False,32726,3079.0,183.0
8083,UCk9GmdlDTBfgGRb7vXeRMoQ,Red Velvet,NEOBZKTqqxE,슬기야 수영아 궁둥이 흔들지 말랬지ㅣ레드벨벳 Red Velvet SMTOWN LIVE 2025-26 in FUKUOKA & BANGKOK Behind,2026-03-05T11:00:29Z,1552.0,False,146344,7520.0,387.0
8083,UCk9GmdlDTBfgGRb7vXeRMoQ,Red Velvet,ci3j41t_R84,날 보라고 날…!ㅣ슬기 SEULGI MUSINSA x PUMA Photoshoot Behind,2026-03-06T11:01:04Z,578.0,False,20814,2447.0,144.0
8083,UCk9GmdlDTBfgGRb7vXeRMoQ,Red Velvet,sR7yCSQDIqk,2010년대는 무조건 뻘개야(?) 됐어ㅣ조이 JOY Allure Korea x too cool for school Photoshoot,2026-03-26T11:00:00Z,468.0,False,16529,1894.0,124.0
8083,UCk9GmdlDTBfgGRb7vXeRMoQ,Red Velvet,u3spANTClmU,ぷりきゅきゅ ⭐️💫🪽.  * #JOY #조이 #RedVelvet #레드벨벳,2026-04-08T12:52:44Z,17.0,True,73212,5054.0,86.0
8083,UCk9GmdlDTBfgGRb7vXeRMoQ,Red Velvet,1DCzoLntoJI,카와이 다케쟈 다메데스까?💚 #JOY #조이#RedVelvet #레드벨벳,2026-04-08T13:02:15Z,17.0,True,186467,7223.0,105.0
8083,UCk9GmdlDTBfgGRb7vXeRMoQ,Red Velvet,pRRLSm0tFDk,JOY 조이 ‘Automatic’(Utada Hikaru) Cover Video DAY ver.,2026-04-10T11:01:07Z,247.0,False,111320,9971.0,478.0
8083,UCk9GmdlDTBfgGRb7vXeRMoQ,Red Velvet,t7H_r4LenrY,JOY 조이 ‘Automatic’(Utada Hikaru) Cover Video Night ver.,2026-04-10T11:01:27Z,245.0,False,74629,8699.0,403.0
8083,UCk9GmdlDTBfgGRb7vXeRMoQ,Red Velvet,HXw8nWiy49A,춘배랑 꽃가루를 날려~🌸 | JOY’s PITCH BEHIND,2026-05-08T11:00:33Z,479.0,False,11119,1387.0,92.0
8084,UCg7xkCKcxA84xSTGgtF9ySA,JaeYeol ASMR 재열,VxapEBbgpT4,아이스크림 먹방 7년차 #mukbang #challenge,2025-12-10T10:54:04Z,7.0,True,231056,980.0,31.0
8084,UCg7xkCKcxA84xSTGgtF9ySA,JaeYeol ASMR 재열,M3pWUcsK48M,라면 먹방 #mukbang #kpop #kpopdemonhunters,2025-12-12T12:37:23Z,34.0,True,42311,474.0,15.0
8084,UCg7xkCKcxA84xSTGgtF9ySA,JaeYeol ASMR 재열,UwXVGJJdVz4,Korean Chicken Popsicle Challenge #mukbang,2025-12-13T10:42:15Z,9.0,True,62556,470.0,4.0
8084,UCg7xkCKcxA84xSTGgtF9ySA,JaeYeol ASMR 재열,jhmcJCXk56k,popsicle 🥶 #asmr #mukbang #challenge,2025-12-14T04:36:00Z,10.0,True,161316,882.0,27.0
8084,UCg7xkCKcxA84xSTGgtF9ySA,JaeYeol ASMR 재열,slBz6hTS_T8,ASMR ICE CREAM PORORO JELLY RECIPE PARTY 직접 만든 핑크 뽀로로 꿀젤리 먹방 DESSERTS MUKBANG EATING SOUNDS,2025-12-14T11:13:17Z,1099.0,False,1478118,3295.0,115.0
8084,UCg7xkCKcxA84xSTGgtF9ySA,JaeYeol ASMR 재열,71Fi0m-0XOU,ASMR 사과 디저트 🍎 #먹방 #mukbang,2025-12-25T14:18:23Z,11.0,True,69931,535.0,13.0
8084,UCg7xkCKcxA84xSTGgtF9ySA,JaeYeol ASMR 재열,FW3XJhS_3Lc,ASMR KPop Demon Hunters 케데헌 김치 김밥 디저트 불닭 아이스크림 젤리 먹방 DESSERTS JELLY CANDY MUKBANG EATING SOUNDS,2025-12-27T10:04:23Z,1716.0,False,968456,4607.0,154.0
8084,UCg7xkCKcxA84xSTGgtF9ySA,JaeYeol ASMR 재열,Y1wVBo8VMpM,ASMR ICE CREAM PINK BLUE PARTY 다양한 블루 핑크 아이스크림 젤리 먹방 DESSERTS JELLY CANDY MUKBANG EATING SOUNDS 咀嚼音,2026-01-08T11:36:06Z,749.0,False,72574,378.0,27.0
8084,UCg7xkCKcxA84xSTGgtF9ySA,JaeYeol ASMR 재열,yHCqvkgnaGY,ASMR DUBAI CHOCOLATE PARTY 두바이 쫀득쿠키 초콜릿 아이스크림 젤리 먹방 DESSERTS JELLY CANDY MUKBANG EATING SOUNDS 食べる,2026-01-10T09:00:29Z,890.0,False,394221,2326.0,129.0
8084,UCg7xkCKcxA84xSTGgtF9ySA,JaeYeol ASMR 재열,ipwZgjd4BFM,두바이 쫀득 쿠키 맛있어요? 🍫,2026-01-11T12:45:05Z,14.0,True,47079,355.0,19.0
8084,UCg7xkCKcxA84xSTGgtF9ySA,JaeYeol ASMR 재열,rWAqDM9DFo8,두쫀쿠 못 먹어본 어른의 권력 먹방 🍫,2026-01-13T09:25:38Z,20.0,True,47642,418.0,16.0
8084,UCg7xkCKcxA84xSTGgtF9ySA,JaeYeol ASMR 재열,WhJu5YaMVL8,❤️ + 💛 = ??,2026-01-15T06:58:32Z,14.0,True,78160,574.0,13.0
8084,UCg7xkCKcxA84xSTGgtF9ySA,JaeYeol ASMR 재열,Eb_9C9iSHAI,Avatar Korean Food Mukbang,2026-01-16T12:34:34Z,12.0,True,46373,303.0,8.0
8084,UCg7xkCKcxA84xSTGgtF9ySA,JaeYeol ASMR 재열,bBGTKDVIV8g,두바이 권력 먹방 When I'm rich 🦊,2026-01-17T09:44:27Z,7.0,True,158087,729.0,24.0
8084,UCg7xkCKcxA84xSTGgtF9ySA,JaeYeol ASMR 재열,2qPujGdSSQo,킹받는 두쫀쿠 먹방,2026-01-18T06:32:37Z,9.0,True,105098,520.0,56.0
8084,UCg7xkCKcxA84xSTGgtF9ySA,JaeYeol ASMR 재열,LoF15E7BLTY,When I'm Rich 🦊,2026-01-18T10:23:31Z,14.0,True,76221,488.0,13.0
8084,UCg7xkCKcxA84xSTGgtF9ySA,JaeYeol ASMR 재열,BZFQ5unf--M,ASMR ICE CREAM KUROMI PORORO JELLY RECIPE PARTY 직접 만든 쿠로미 뽀로로 꿀젤리 먹방 DESSERTS MUKBANG EATING SOUNDS,2026-01-29T11:04:18Z,1225.0,False,1871888,3500.0,139.0
8084,UCg7xkCKcxA84xSTGgtF9ySA,JaeYeol ASMR 재열,JTIS0s8ocME,ASMR 두쫀쿠 먹방 Dubai jjondeuk (chewy) cookie Mukbang,2026-02-03T12:19:44Z,19.0,True,35127,328.0,7.0
8084,UCg7xkCKcxA84xSTGgtF9ySA,JaeYeol ASMR 재열,pzkxDB8_5sw,ASMR KOREAN CHOCOLATE DESSERT PARTY 먹방 DESSERTS JELLY CANDY MUKBANG EATING SOUNDS,2026-02-04T12:27:28Z,1527.0,False,73560,562.0,47.0
8084,UCg7xkCKcxA84xSTGgtF9ySA,JaeYeol ASMR 재열,J0uaIFm4BtM,두쫀쿠 너무 많이 먹음 #mukbang,2026-02-08T05:31:48Z,14.0,True,32940,290.0,15.0
8084,UCg7xkCKcxA84xSTGgtF9ySA,JaeYeol ASMR 재열,CfudLXjnkns,ASMR ICE CREAM ZOOTOPIA PARTY 다양한 주토피아 블루 핑크 아이스크림 젤리 먹방 DESSERTS JELLY CANDY MUKBANG EATING SOUNDS,2026-02-14T12:48:24Z,1117.0,False,1186050,5596.0,260.0
8084,UCg7xkCKcxA84xSTGgtF9ySA,JaeYeol ASMR 재열,VC-GVqffhpc,Zootopia Desserts Ice Cream Mukbang Feat. ino cat,2026-02-15T12:47:31Z,28.0,True,27156,211.0,4.0
8084,UCg7xkCKcxA84xSTGgtF9ySA,JaeYeol ASMR 재열,FjepmZByfGA,Mukbang Zootopia Desserts Party,2026-02-16T13:31:59Z,46.0,True,34545,369.0,11.0
8084,UCg7xkCKcxA84xSTGgtF9ySA,JaeYeol ASMR 재열,P5XVnWrTamk,ASMR 발바닥 캔디 먹방 🦊🐰 CANDY MUKBANG EATING SOUNDS,2026-02-17T09:00:15Z,16.0,True,44328,336.0,6.0
8084,UCg7xkCKcxA84xSTGgtF9ySA,JaeYeol ASMR 재열,RrqPW2QGJh0,Korean Red Food🌶️ #먹방 #mukbang,2026-02-18T12:15:38Z,20.0,True,35127,315.0,9.0
8084,UCg7xkCKcxA84xSTGgtF9ySA,JaeYeol ASMR 재열,W7u3AH-Sgok,would you eat this? #mukbang,2026-02-19T10:44:32Z,11.0,True,26325,193.0,5.0
8084,UCg7xkCKcxA84xSTGgtF9ySA,JaeYeol ASMR 재열,n99MhwSJEk8,Weird Ice Cream in Korea 🇰🇷,2026-02-20T11:56:46Z,7.0,True,42840,294.0,7.0
8084,UCg7xkCKcxA84xSTGgtF9ySA,JaeYeol ASMR 재열,X38maH_oirk,두쫀쿠 먹방을 추억하는 유튜버 🧆,2026-02-25T11:59:20Z,12.0,True,29094,205.0,7.0
8084,UCg7xkCKcxA84xSTGgtF9ySA,JaeYeol ASMR 재열,G7BwWV91W1A,ASMR 두쫀쿠 스타일 디저트 먹방 Korean Dubai Desserts #mukbang,2026-02-27T14:20:06Z,18.0,True,24466,192.0,3.0
8084,UCg7xkCKcxA84xSTGgtF9ySA,JaeYeol ASMR 재열,gidAbIIbFBs,ASMR 두쫀쿠 파티 Korean Dubai Food #먹방 #mukbang,2026-02-28T12:40:06Z,14.0,True,34283,331.0,7.0
8084,UCg7xkCKcxA84xSTGgtF9ySA,JaeYeol ASMR 재열,R_qCTOzQ0tw,봄동 겉절이 비빔밥 먹방 🥬 #mukbang #asmr,2026-03-01T11:29:03Z,30.0,True,16214,156.0,8.0
8084,UCg7xkCKcxA84xSTGgtF9ySA,JaeYeol ASMR 재열,KUlc6sJq3so,봄동비빔밥 먹방 🥬 #mukbang,2026-03-02T02:39:46Z,10.0,True,38345,345.0,11.0
8084,UCg7xkCKcxA84xSTGgtF9ySA,JaeYeol ASMR 재열,ecA9LjPM5z0,ASMR RAINBOW DESSERT PARTY 다양한 무지개 디저트 아이스크림 젤리 먹방 DESSERTS JELLY CANDY MUKBANG EATING SOUNDS,2026-03-05T10:08:02Z,1228.0,False,999109,3195.0,143.0
8084,UCg7xkCKcxA84xSTGgtF9ySA,JaeYeol ASMR 재열,FUQLpwR-SrI,ASMR ICE CREAM PINK DESSERT PARTY 다양한 디저트 핑크 아이스크림 젤리 먹방 DESSERTS JELLY CANDY MUKBANG EATING SOUNDS,2026-03-20T10:37:20Z,1092.0,False,71319,482.0,36.0
8084,UCg7xkCKcxA84xSTGgtF9ySA,JaeYeol ASMR 재열,_ilXpYihTH0,추억의 젤리 Feat. Candy Shop #asmr #mukbang,2026-03-22T10:22:52Z,18.0,True,22573,146.0,4.0
8084,UCg7xkCKcxA84xSTGgtF9ySA,JaeYeol ASMR 재열,6smll_iUDZw,Still Eating Jelly After 10 Years… (5M YouTuber),2026-03-24T09:12:10Z,8.0,True,53119,401.0,15.0
8084,UCg7xkCKcxA84xSTGgtF9ySA,JaeYeol ASMR 재열,_WA7njf2shk,ASMR ICE CREAM BLUE PORORO JELLY RECIPE PARTY 직접 만든 블루 뽀로로 꿀젤리 먹방 DESSERTS MUKBANG EATING SOUNDS,2026-03-25T02:10:02Z,1888.0,False,820819,2330.0,91.0
8084,UCg7xkCKcxA84xSTGgtF9ySA,JaeYeol ASMR 재열,XtOGf_Y74ro,500만 유튜버가 쓰는 국산 의자는?,2026-03-26T03:05:43Z,25.0,True,17015,196.0,6.0
8084,UCg7xkCKcxA84xSTGgtF9ySA,JaeYeol ASMR 재열,dmgikU41ysI,Mukbang Youtuber morning routine,2026-03-29T10:55:09Z,15.0,True,37814,348.0,11.0
8084,UCg7xkCKcxA84xSTGgtF9ySA,JaeYeol ASMR 재열,stnz3uKJE7A,pringles Chocolate Block Mukbang,2026-04-03T14:41:26Z,22.0,True,49509,429.0,12.0
8084,UCg7xkCKcxA84xSTGgtF9ySA,JaeYeol ASMR 재열,eL9zZhRPXwA,Viral pringles Chocolate Block #mukbang #challenge,2026-04-04T12:43:08Z,19.0,True,98655,755.0,9.0
8084,UCg7xkCKcxA84xSTGgtF9ySA,JaeYeol ASMR 재열,p8eDXSEQv4M,Mukbang vs Pringles Chocolate Block Snack #challenge #mukbang,2026-04-05T12:49:25Z,19.0,True,39788,335.0,7.0
8084,UCg7xkCKcxA84xSTGgtF9ySA,JaeYeol ASMR 재열,D0RtxwZ66SA,When an army eats..🍟 #mukbang #challenge,2026-04-06T13:33:41Z,18.0,True,28103,240.0,9.0
8084,UCg7xkCKcxA84xSTGgtF9ySA,JaeYeol ASMR 재열,hmZJ8jJiqD0,POV: You're a thirsty ARMY #mukbang #challenge,2026-04-07T11:13:16Z,27.0,True,40988,382.0,14.0
8084,UCg7xkCKcxA84xSTGgtF9ySA,JaeYeol ASMR 재열,SVxw91vk6tQ,ASMR MUKBANG 불닭 버섯 불닭쌈 체다치즈 양념 치킨먹방! FRIED CHICKEN CHEESE FIRE NOODLES EATING SOUND!,2026-04-08T14:17:10Z,1020.0,False,4681993,23967.0,1135.0
8084,UCg7xkCKcxA84xSTGgtF9ySA,JaeYeol ASMR 재열,yiBBRoSciwU,ASMR MUKBANG 체다치즈 양념 치킨먹방! 불닭 라면 치킨 먹방 FRIED CHICKEN CHEESE FIRE NOODLES EATING SOUND!,2026-04-25T12:58:26Z,1044.0,False,66939,568.0,65.0
8084,UCg7xkCKcxA84xSTGgtF9ySA,JaeYeol ASMR 재열,ZhirK7y3wUs,ASMR ICE CREAM PORORO JELLY RECIPE PARTY 직접 만든 블루 뽀로로 꿀젤리 먹방 DESSERTS MUKBANG EATING SOUNDS,2026-05-02T14:01:25Z,1110.0,False,87940,464.0,26.0
8084,UCg7xkCKcxA84xSTGgtF9ySA,JaeYeol ASMR 재열,Wy7rMd3bsak,ASMR ICE CREAM PORORO JELLY RECIPE PARTY 직접 만든 그린 뽀로로 꿀젤리 먹방 DESSERTS MUKBANG EATING SOUNDS,2026-05-09T12:18:22Z,1030.0,False,81648,481.0,48.0
8084,UCg7xkCKcxA84xSTGgtF9ySA,JaeYeol ASMR 재열,3gp39OwvtDo,💚💚 vs ❤️❤️ REDRED #mukbang #challenge,2026-05-10T11:29:10Z,17.0,True,28610,212.0,10.0
8084,UCg7xkCKcxA84xSTGgtF9ySA,JaeYeol ASMR 재열,kE0hFuo9kiM,ASMR MUKBANG 불닭 버섯 마라탕 먹방 양념 치킨먹방! SPICY MUSHROOMS FRIED CHICKEN AND FIRE NOODLES EATING SOUND!,2026-05-12T13:25:24Z,953.0,False,41159,357.0,38.0
8085,UCk2E0dbAyEJWnrN2bbQOcbg,NCT 127,poDs4fTUXBQ,Special guest for #WayV’s stage #JUNGWOO #NCT127 #SMTOWN #SM_30thAnniversary,2025-05-12T08:53:55Z,9.0,True,275800,16766.0,140.0
8085,UCk2E0dbAyEJWnrN2bbQOcbg,NCT 127,FQcTFJ0y2xA,Concert VCR & Poster Shooting Behind | Ep.4 | THE MOMENTUM LOG,2025-05-14T11:00:28Z,2483.0,False,170283,12331.0,618.0
8085,UCk2E0dbAyEJWnrN2bbQOcbg,NCT 127,F_UfsvrrvBY,…..im okay #HAECHAN #NCT127 #NEOCITY,2025-05-21T12:58:08Z,4.0,True,414449,26337.0,273.0
8085,UCk2E0dbAyEJWnrN2bbQOcbg,NCT 127,MsOm9rq6shM,Long Slow Distance #NCT127 #NEOCITY #TOKYO,2025-05-23T02:05:00Z,31.0,True,189526,13691.0,150.0
8085,UCk2E0dbAyEJWnrN2bbQOcbg,NCT 127,ZjAAGg5bLmA,"Concert D-Day Behind in JAKARTA, BANGKOK, TAIPEI, MACAU | Ep.5 | THE MOMENTUM LOG",2025-05-23T13:01:09Z,2516.0,False,151763,12594.0,539.0
8085,UCk2E0dbAyEJWnrN2bbQOcbg,NCT 127,JeAIDMye318,🌸👨‍🍳날씨도 좋고~ 요리하며 스몰토크 대잔치☀️ | 127 VIBE EP.13 ❪우리칠 옥탑 캠핑❫,2025-05-27T13:00:37Z,2248.0,False,688100,33328.0,1214.0
8085,UCk2E0dbAyEJWnrN2bbQOcbg,NCT 127,ITRXsRT6P6A,"Concert D-Day Behind in DULUTH, NEWARK, TORONTO, SAN ANTONIO, LOS ANGELES | Ep.6 | THE MOMENTUM LOG",2025-05-28T13:00:29Z,2227.0,False,105957,7616.0,293.0
8085,UCk2E0dbAyEJWnrN2bbQOcbg,NCT 127,rYEorvzF_pM,"Concert D-Day Behind in OSAKA, FUKUOKA | Ep.7 | THE MOMENTUM LOG",2025-06-05T13:01:41Z,1893.0,False,123344,8299.0,284.0
8085,UCk2E0dbAyEJWnrN2bbQOcbg,NCT 127,wSyvqAnTQUQ,"Concert D-Day Behind in NAGOYA, TOKYO | Ep.8 | THE MOMENTUM LOG",2025-06-11T13:01:40Z,1751.0,False,123352,7531.0,518.0
8085,UCk2E0dbAyEJWnrN2bbQOcbg,NCT 127,16jnZFsEzmU,🍒유rr롸 & 햇쨩의🐻 친해지길 바라⋆｡♡˚ | 127 VIBE EP.14 ❪FAKE 절친노트❫,2025-06-27T13:00:05Z,1992.0,False,1027429,60751.0,2364.0
8085,UCk2E0dbAyEJWnrN2bbQOcbg,NCT 127,4kmnXpI9faY,🌿우리칠 힐링하우스🏡 | NCT 127 9th Anniversary,2025-07-07T13:27:02Z,2176.0,False,471030,31876.0,1355.0
8085,UCk2E0dbAyEJWnrN2bbQOcbg,NCT 127,7Ci6PAuyuWk,[Replay] 우리칠 NI9HT l NCT 127 9TH ANNIVERSARY LIVE,2025-07-11T09:00:14Z,6703.0,False,187089,8457.0,311.0
8085,UCk2E0dbAyEJWnrN2bbQOcbg,NCT 127,fOexzUH7EqQ,"오늘도 이겨내자💪이겨내자고🔥 | SMTOWN LIVE 2025 in MEXICO CITY, LA, LONDON Behind",2025-07-23T12:01:18Z,1601.0,False,204821,14075.0,463.0
8085,UCk2E0dbAyEJWnrN2bbQOcbg,NCT 127,58R6asyeWQs,🚫절대 정숙🚫지금 여기 도서관이야🤫 | 127 VIBE EP.15 ❪The Silent 127❫,2025-07-28T13:00:08Z,1555.0,False,753206,45563.0,1408.0
8085,UCk2E0dbAyEJWnrN2bbQOcbg,NCT 127,m_LYVyy_ybQ,#folded #JOHNNY #JUNGWOO #MARK #NCT127,2025-08-03T13:38:47Z,20.0,True,2654317,151323.0,1284.0
8085,UCk2E0dbAyEJWnrN2bbQOcbg,NCT 127,2cY9MGddxII,저희의 비장의 카드🃏를 꺼냈습니다🫢 | 2025 가요대전 Summer 비하인드,2025-08-27T13:00:13Z,1839.0,False,171774,11372.0,416.0
8085,UCk2E0dbAyEJWnrN2bbQOcbg,NCT 127,Hg1PgnSuel8,안녕하세요🤗💫 위얼~ 보이즈 나잇.ᐟ🌙₊⋆ | 127 VIBE EP.16 ❪Boys’ Night❫,2025-08-28T13:00:38Z,2009.0,False,327835,17248.0,717.0
8085,UCk2E0dbAyEJWnrN2bbQOcbg,NCT 127,rR63gWNd5S4,Wobble forever〰️🕺 #JOHNNY #DOYOUNG #JUNGWOO #127VIBE #NCT127,2025-08-28T14:44:35Z,14.0,True,188959,13660.0,119.0
8085,UCk2E0dbAyEJWnrN2bbQOcbg,NCT 127,pFK9ddhWK4g,이~얍.ᐟ💖 (with. 힙레) #JOHNNY #DOYOUNG #JUNGWOO #127VIBE #NCT127,2025-08-28T14:46:12Z,19.0,True,354848,22115.0,152.0
8085,UCk2E0dbAyEJWnrN2bbQOcbg,NCT 127,de7YEDasd3M,"🐰𝑻𝒉𝒂𝒏𝒌𝒔, 𝑴𝒓. 𝑱𝒖𝒏𝒈𝒘𝒐𝒐!🐶#JOHNNY #DOYOUNG #JUNGWOO #127VIBE #NCT127",2025-08-28T14:46:37Z,52.0,True,818459,40476.0,229.0
8085,UCk2E0dbAyEJWnrN2bbQOcbg,NCT 127,FqcX1Eh_wxM,✨영어의 신✨이라 불러다오🐶 #JOHNNY #DOYOUNG #JUNGWOO #127VIBE #NCT127,2025-08-28T14:50:01Z,18.0,True,257547,13339.0,96.0
8085,UCk2E0dbAyEJWnrN2bbQOcbg,NCT 127,D706I-hu3fI,진짜 아무거나 가져왔네 #JOHNNY #DOYOUNG #JUNGWOO #127VIBE #NCT127,2025-08-28T14:52:46Z,58.0,True,307642,18337.0,164.0
8085,UCk2E0dbAyEJWnrN2bbQOcbg,NCT 127,j2Pnz8cb5FI,(📸)오옹 나 찍혔어⁉️ ૮(ʘᴥʘ )ა #JOHNNY #DOYOUNG #JUNGWOO #127VIBE #NCT127,2025-08-28T14:54:34Z,36.0,True,145673,9277.0,62.0
8085,UCk2E0dbAyEJWnrN2bbQOcbg,NCT 127,azzKKNB_FDQ,우리칠 #바라밤 #NCT127,2025-09-03T09:32:40Z,14.0,True,1415129,78657.0,690.0
8085,UCk2E0dbAyEJWnrN2bbQOcbg,NCT 127,3G30sdm28xs,"【속보】 해찬이 꽃🌻 피우려다 집에 외계인👽 등장… 이해찬 군(13) “충격, 오열”  | 127 VIBE EP.17 ❪골목대장 이해찬❫",2025-09-29T13:00:07Z,2053.0,False,714301,39569.0,1119.0
8085,UCk2E0dbAyEJWnrN2bbQOcbg,NCT 127,xvns7MYW72U,˚⋆˚ 오늘도 힘차게! 우리칠 Let’s 가자!!!˚⋆˚🔥 l SMTOWN LIVE 2025 in TOKYO Behind,2025-10-02T13:01:52Z,698.0,False,144636,10113.0,287.0
8085,UCk2E0dbAyEJWnrN2bbQOcbg,NCT 127,kPMAwYhzqB4,2026 NCT 127 SEASON’S GREETINGS CONCEPT TRAILER #NCT127,2025-10-16T06:00:41Z,42.0,True,181929,14690.0,300.0
8085,UCk2E0dbAyEJWnrN2bbQOcbg,NCT 127,xyZQM1pQbJI,2026 NCT 127 SEASON’S GREETINGS BEHIND,2025-10-19T13:01:50Z,1010.0,False,82291,7737.0,459.0
8085,UCk2E0dbAyEJWnrN2bbQOcbg,NCT 127,wm-rhgy5Dws,127 VIBE로 찾아온 우리칠 먹2U VIBE 🍽️ | 127 VIBE EP.18 ❪김동 이동의 먹2U❫,2025-10-27T13:01:57Z,1737.0,False,746442,37559.0,1568.0
8085,UCk2E0dbAyEJWnrN2bbQOcbg,NCT 127,RmZ_ExuHJhY,🧑‍🏫: NCT 우리칠~‼️ 💚: 네에에에.ᐟ.ᐟ✋✨ | KCON 2025 in LA Behind,2025-10-30T13:00:59Z,718.0,False,157844,12108.0,489.0
8085,UCk2E0dbAyEJWnrN2bbQOcbg,NCT 127,MUepHRKI1Dw,우리칠 매끈매끈하다〰️⭐️ #NCT127,2025-11-21T07:01:06Z,18.0,True,1059654,63787.0,600.0
8085,UCk2E0dbAyEJWnrN2bbQOcbg,NCT 127,DyYQ_9xJWEs,너 진짜 닭고기 먹다 나한테 걸리면 혼〰️나❗ | 127 VIBE EP.19 ❪8체질 검사❫,2025-11-28T13:00:34Z,1969.0,False,434769,18829.0,990.0
8085,UCk2E0dbAyEJWnrN2bbQOcbg,NCT 127,G5N7RnKQ_YA,｡. ҉*･우리칠 연말 따뜻 따뜻하다〰️🧣따뜻 따뜻한🎅🏻🎁 ҉*:.｡ | 127 VIBE EP.20 ❪우리칠 크리스마스❫,2025-12-24T11:00:27Z,2169.0,False,305224,19863.0,813.0
8085,UCk2E0dbAyEJWnrN2bbQOcbg,NCT 127,92JBE4kT4VM,💚(ᓀ‸ᓂ) 몸 건강히 돌아와야 돼앵~ U ´ᴥ` U💚,2026-01-19T13:00:16Z,1643.0,False,457543,32128.0,1568.0
8085,UCk2E0dbAyEJWnrN2bbQOcbg,NCT 127,49Qj3XeIEqI,˚✧₊⁎ 툥리더와 함께하는 해삐 127 Day💚ꈍ≀ˍ̮ ꈍ⁎⁎⁺˳✧༚  | 127 VIBE EP.21 ❪Happy 127 Day❫,2026-01-26T15:00:08Z,2441.0,False,610977,35444.0,1696.0
8085,UCk2E0dbAyEJWnrN2bbQOcbg,NCT 127,bBg7qxr9c7Q,This is how we celebrate 127 DAY: #NCT127 #HAPPY127DAY,2026-01-27T05:00:01Z,14.0,True,587689,38468.0,377.0
8085,UCk2E0dbAyEJWnrN2bbQOcbg,NCT 127,S7XmDjYTZUQ,우우우우우웅우리칠 #NCT127 #HAPPY127DAY,2026-01-27T14:00:02Z,14.0,True,860803,52492.0,563.0
8085,UCk2E0dbAyEJWnrN2bbQOcbg,NCT 127,j2ZOVA6Mask,127 vibe #NCT127,2026-02-01T12:38:30Z,13.0,True,1243934,62113.0,497.0
8085,UCk2E0dbAyEJWnrN2bbQOcbg,NCT 127,0_VxE16j6aM,My Way #NCT127 #슈퍼주니어 #SUPERJUNIOR #시원 #SIWON #동해 #DONGHAE,2026-02-02T11:49:15Z,17.0,True,633545,44268.0,381.0
8085,UCk2E0dbAyEJWnrN2bbQOcbg,NCT 127,7LhU2SRzRIs,[Replay] 2026 NCT 127 미래 전략 회의 (2026 NCT 127 SKULL SESSION),2026-02-04T03:00:08Z,4421.0,False,88608,4414.0,225.0
8085,UCk2E0dbAyEJWnrN2bbQOcbg,NCT 127,zn3DikzKPLA,be ma valentine💗 #NCT127 #happyvalentinesday,2026-02-14T10:43:45Z,10.0,True,226025,16151.0,222.0
8085,UCk2E0dbAyEJWnrN2bbQOcbg,NCT 127,E-Wl1YTKmzw,quick tiktok time before the show #NCT127,2026-02-14T13:51:33Z,11.0,True,732253,41797.0,347.0
8085,UCk2E0dbAyEJWnrN2bbQOcbg,NCT 127,GUdeYMddtMw,Are You… Spicy & 질겨?! ː̗̀(☉.☉)ː̖́🔥 | 127 VIBE EP.22 ❪퍼스널 컬러 & 골격/체형 진단❫,2026-02-27T13:00:35Z,2891.0,False,823621,39099.0,1765.0
8085,UCk2E0dbAyEJWnrN2bbQOcbg,NCT 127,zIhTgD2kw9M,SMTOWN! Scream💥-`💚´- | SMTOWN LIVE 2025-26 in FUKUOKA Behind,2026-03-03T13:01:54Z,2885.0,False,281835,17768.0,625.0
8085,UCk2E0dbAyEJWnrN2bbQOcbg,NCT 127,OC59LwkFYrE,삐그덕 with #佐久間大介 #SnowMan #YUTA #나카모토유타 #NCT #NCT127 #DaisukeSakuma,2026-03-14T10:35:22Z,17.0,True,802157,33959.0,340.0
8085,UCk2E0dbAyEJWnrN2bbQOcbg,NCT 127,havukFuO52o,⋅✱ ࣪₊ BANGKOK Are you ready⁉️ ʸᵉᔆᵎ ⋅✱ ࣪₊ | SMTOWN LIVE 2025-26 in BANGKOK Behind,2026-03-16T11:01:10Z,931.0,False,126398,9666.0,268.0
8085,UCk2E0dbAyEJWnrN2bbQOcbg,NCT 127,4hyA9Y24oxg,-ˋˏBeat에 맞춰 기Sun을 제압해👀🔥ˎˊ- | 127 VIBE EP.23 ❪세기의 기(氣)대결❫,2026-03-26T13:00:09Z,2274.0,False,421860,27630.0,1340.0
8085,UCk2E0dbAyEJWnrN2bbQOcbg,NCT 127,4ORYW-wnkCE,🕶️🕶️ #TAEYONG #JOHNNY #MARK #HAECHAN #NCT127 #127VIBE #일이칠바이브 #세기의기대결,2026-03-27T03:01:22Z,16.0,True,399053,29041.0,245.0
8085,UCk2E0dbAyEJWnrN2bbQOcbg,NCT 127,d2HhGN56Ojs,와 저 땀 나는 거 보여요? 눈물인가…? ⸝⸝o̴̶̷̥᷅  ̫ o̴̶̷̥᷅⸝⸝ | 127 VIBE EP.24 ❪돼지즈 날다❫,2026-04-27T13:01:10Z,2641.0,False,237664,17700.0,1587.0
8085,UCk2E0dbAyEJWnrN2bbQOcbg,NCT 127,E1ws2kIdUuY,🍒🌹🐱 #JOHNNY #TAEYONG #YUTA#NCT127 #NCT #127VIBE #일이칠바이브 #돼지즈날다 #플라잉요가  #NCT_10TH_ANNIVERSARY,2026-04-27T13:51:49Z,19.0,True,451819,26626.0,371.0
8086,UCK1sVuXaDvJeNwl9noN5nOA,KBS Entertain,xOqsg2kJEvI,[#피크타임] 90년대 원조 연프 ‘노총각파티’ 삼인방?! 윤상 X 이현우 X 김현철 | #옥탑방의문제아들 | KBS 260507 방송,2026-05-13T12:32:08Z,1483.0,False,4294,56.0,1.0
8086,UCK1sVuXaDvJeNwl9noN5nOA,KBS Entertain,G6M-r_O3dAc,[김준호네] 베짱이 정우가 달라졌어요! 청소부터 빨래까지 청소 박사 김클린♥ [슈퍼맨이 돌아왔다/The Return of Superman] | KBS 260513 방송,2026-05-13T13:04:17Z,252.0,False,42800,1301.0,110.0
8086,UCK1sVuXaDvJeNwl9noN5nOA,KBS Entertain,f6pHMQEFg2I,[김준호네] 모종 심기 어려워하는 21개월 서빈이를 돕는 든든한 오빠 정우♥ [슈퍼맨이 돌아왔다/The Return of Superman] | KBS 260513 방송,2026-05-13T13:05:56Z,134.0,False,12855,462.0,23.0
8086,UCK1sVuXaDvJeNwl9noN5nOA,KBS Entertain,zjR88kiuihs,[김준호네] ‘정우 오빠’ 바라기 서빈과 랄랄 부캐 이명화 할머니를 만난 정우♥ [슈퍼맨이 돌아왔다/The Return of Superman] | KBS 260513 방송,2026-05-13T13:11:53Z,250.0,False,20702,747.0,43.0
8086,UCK1sVuXaDvJeNwl9noN5nOA,KBS Entertain,q2JAI_JPSXI,[김준호네] 먹짱 남매 정우♥서빈의 부추전 새참 먹방! 둠칫둠칫~ 흥 부자 서빈♬ [슈퍼맨이 돌아왔다/The Return of Superman] | KBS 260513 방송,2026-05-13T13:15:46Z,234.0,False,36131,864.0,58.0
8086,UCK1sVuXaDvJeNwl9noN5nOA,KBS Entertain,PwAPI0CcJHU,[김준호네] 이명화 배 춘계 운동회! 정우 딸기 욕심내다가 제대로 삐져버린 서빈? [슈퍼맨이 돌아왔다/The Return of Superman] | KBS 260513 방송,2026-05-13T13:24:15Z,647.0,False,54316,1441.0,102.0
8086,UCK1sVuXaDvJeNwl9noN5nOA,KBS Entertain,nVtm53dnG6s,"[김준호네] ‘서빈아, 오빠가 도와줄게’ 클라이밍이 무서운 서빈이를 도와주는 정우♥ [슈퍼맨이 돌아왔다/The Return of Superman] | KBS 260513 방송",2026-05-13T13:27:28Z,339.0,False,33048,1118.0,87.0
8086,UCK1sVuXaDvJeNwl9noN5nOA,KBS Entertain,MAXO36gJAAk,“재주도 좋다!” 강이 단이 보고 민수 아빠 칭찬해 주시는 할머니?!  [슈퍼맨이 돌아왔다/The Return of Superman] | KBS 260513 방송,2026-05-13T13:35:31Z,150.0,False,5614,87.0,4.0
8086,UCK1sVuXaDvJeNwl9noN5nOA,KBS Entertain,GNJ97cxfv4I,[손민수네] 최초로 장거리 여행에 도전하는 강단 남매! 누구를 만나러 갔을까요? [슈퍼맨이 돌아왔다/The Return of Superman] | KBS 260513 방송,2026-05-13T13:39:27Z,280.0,False,8799,134.0,2.0
8086,UCK1sVuXaDvJeNwl9noN5nOA,KBS Entertain,vuIDxVtgFJ0,[손민수네] 둥이들 New 개인기 왔습니다~ 뒤집기 완벽 마스터한 강단이들 [슈퍼맨이 돌아왔다/The Return of Superman] | KBS 260513 방송,2026-05-13T13:41:11Z,103.0,False,24983,339.0,13.0
8086,UCK1sVuXaDvJeNwl9noN5nOA,KBS Entertain,c9vjG-sJZVU,[손민수네] 엄마! 할머니! 빨리 주세요. 현기증 나요😭 강단이들 첫 이유식 현장 [슈퍼맨이 돌아왔다/The Return of Superman] | KBS 260513 방송,2026-05-13T13:45:19Z,346.0,False,112951,1056.0,43.0
8086,UCK1sVuXaDvJeNwl9noN5nOA,KBS Entertain,Mz0eL0HrdWQ,[손민수네] 처음 뵌 할머니를 낯설어하지도 않고 해사하게 웃는 강단이들♥ [슈퍼맨이 돌아왔다/The Return of Superman] | KBS 260513 방송,2026-05-13T13:45:45Z,405.0,False,56634,626.0,17.0
8086,UCK1sVuXaDvJeNwl9noN5nOA,KBS Entertain,IO-z61do-fc,전남친의 아내가 왔다?! 신혜를 애교 만점으로 만드는 절친 전인화 [황신혜의 같이삽시다] | KBS 260513 방송,2026-05-13T13:50:32Z,276.0,False,9130,62.0,3.0
8086,UCK1sVuXaDvJeNwl9noN5nOA,KBS Entertain,Ery_VohyEZc,유동근 덕분에 30년 우정으로 이어진 신혜X인화 [황신혜의 같이삽시다] | KBS 260513 방송,2026-05-13T13:50:55Z,269.0,False,5689,47.0,1.0
8086,UCK1sVuXaDvJeNwl9noN5nOA,KBS Entertain,whPMf7wa2TU,“질투 안나셨어요?” 동근&신혜 애정씬 본 인화의 반응은?! [황신혜의 같이삽시다] | KBS 260513 방송,2026-05-13T13:51:03Z,304.0,False,10334,81.0,9.0
8086,UCK1sVuXaDvJeNwl9noN5nOA,KBS Entertain,d355LM5DwXc,전인화의 데뷔는 리포터로 시작?! 남편 유동근 덕에 쌓아온 연기 내공 [황신혜의 같이삽시다] | KBS 260513 방송,2026-05-13T13:59:46Z,303.0,False,17532,106.0,14.0
8086,UCK1sVuXaDvJeNwl9noN5nOA,KBS Entertain,0vjshS-9ZxY,인화가 30여 년 모신 시어머니의 마지막 부탁 [황신혜의 같이삽시다] | KBS 260513 방송,2026-05-13T13:59:51Z,220.0,False,36235,175.0,17.0
8086,UCK1sVuXaDvJeNwl9noN5nOA,KBS Entertain,Mn83562UDXs,“자기야~ 잘 있었어요?” 인화를 피해 유동근과 은밀한 통화를 하는 신혜🤣 [황신혜의 같이삽시다] | KBS 260513 방송,2026-05-13T14:12:46Z,325.0,False,110808,560.0,62.0
8086,UCK1sVuXaDvJeNwl9noN5nOA,KBS Entertain,4pfUax4vTgc,[314회 선공개] AI시대 어떻게 살 것인가🤔카이스트 뇌과학자 김대식 교수⭐ [옥탑방의 문제아들/Problem Child in House] | KBS 방송,2026-05-14T00:54:29Z,130.0,False,990,21.0,0.0
8086,UCK1sVuXaDvJeNwl9noN5nOA,KBS Entertain,m0_yRr_hLyw,[20회 예고] 1년에 xxx억 미스코리아 김지연이 지금껏 번 돈은?!💸 [황신혜의 같이삽시다] | KBS 방송,2026-05-14T01:05:28Z,35.0,True,1373,10.0,0.0
8086,UCK1sVuXaDvJeNwl9noN5nOA,KBS Entertain,FEuGOzYMUX0,놓친 예능 따라잡기(살림하는 남자들/개그콘서트) [놓친 예능 따라잡기] | KBS 260514 방송,2026-05-14T09:42:03Z,1488.0,False,16254,510.0,14.0
8086,UCK1sVuXaDvJeNwl9noN5nOA,KBS Entertain,F8R6QJQI1Hg,[#피크타임] 김대호의 취향을 잘못 알고 있는 어머니?! 가족끼리 왜 이래? 특집 말자쇼 고민 몰아보기 | #말자쇼 | KBS 260511 방송,2026-05-14T12:21:39Z,998.0,False,1462,31.0,0.0
8086,UCK1sVuXaDvJeNwl9noN5nOA,KBS Entertain,-nyCZ61YImo,요즘 방송 섭외 1순위! 정체성의 혼란을 겪고 있는(?) 뇌과학자 김대식 교수 [옥탑방의 문제아들/Problem Child in House] | KBS 260514 방송,2026-05-14T12:38:35Z,306.0,False,3712,53.0,0.0
8086,UCK1sVuXaDvJeNwl9noN5nOA,KBS Entertain,yTJ70tbL5qQ,“그게 실수였던 거야” 김대식 교수가 해명(?)하는 AI에게 잘 보여야 하는 이유 [옥탑방의 문제아들/Problem Child in House] | KBS 260514 방송,2026-05-14T12:47:19Z,248.0,False,2205,34.0,0.0
8086,UCK1sVuXaDvJeNwl9noN5nOA,KBS Entertain,S2SMNZ5nYHk,생각보다 오래된 인공지능의 역사?! 뇌과학자 김대식 교수가 설명하는 AI의 흐름 [옥탑방의 문제아들/Problem Child in House] | KBS 260514 방송,2026-05-14T12:47:53Z,263.0,False,1036,9.0,0.0
8086,UCK1sVuXaDvJeNwl9noN5nOA,KBS Entertain,Lxeif9jqW3E,AI한테 ‘귀 얇은 박사야’ 험담 듣고 낮술 마신 김대식 교수😂 [옥탑방의 문제아들/Problem Child in House] | KBS 260514 방송,2026-05-14T12:49:29Z,269.0,False,4700,42.0,5.0
8086,UCK1sVuXaDvJeNwl9noN5nOA,KBS Entertain,VIfhcEhKB78,화이트칼라 대신 뉴칼라?! AI 시대에 어떤 인재가 되어야 할까요? [옥탑방의 문제아들/Problem Child in House] | KBS 260514 방송,2026-05-14T12:57:03Z,349.0,False,5315,47.0,4.0
8086,UCK1sVuXaDvJeNwl9noN5nOA,KBS Entertain,UY_92wjEBkk,AI 과도기 시대 가장 중요한 것은 나만의 스토리다! [옥탑방의 문제아들/Problem Child in House] | KBS 260514 방송,2026-05-14T12:57:15Z,252.0,False,3067,27.0,0.0
8086,UCK1sVuXaDvJeNwl9noN5nOA,KBS Entertain,pVawzRPqHqE,AI 개발하면 천년만년 살 수 있다고요?! AI 얕봤다가 큰절 올린 김대식 교수😂 [옥탑방의 문제아들/Problem Child in House] | KBS 260514 방송,2026-05-14T12:57:31Z,302.0,False,3325,26.0,3.0
8086,UCK1sVuXaDvJeNwl9noN5nOA,KBS Entertain,_DovTqoUc9Y,[#피크타임] 💩멍청이 집단에서 똑똑한 게 죄야? 모난 돌 딘딘과 그냥 돌 4인의 전쟁! | #1박2일시즌4 | KBS 260510 방송,2026-05-14T12:57:46Z,1064.0,False,2521,15.0,0.0
8086,UCK1sVuXaDvJeNwl9noN5nOA,KBS Entertain,8UKeUtx3JFM,[#피크타임] 둘이 먹다 하나 죽을 뻔한 맛!🤬 캡사이신 떡볶이를 먹지 않은 사람은? | #1박2일시즌4 | KBS 260510 방송,2026-05-14T12:57:49Z,584.0,False,1468,14.0,1.0
8086,UCK1sVuXaDvJeNwl9noN5nOA,KBS Entertain,CxfusZp91MY,“사람이랑 대화를 했다고?” 김대식 교수가 예측하는 20년 후 AI 시대 전망은? [옥탑방의 문제아들/Problem Child in House] | KBS 260514 방송,2026-05-14T13:09:04Z,321.0,False,3970,44.0,2.0
8086,UCK1sVuXaDvJeNwl9noN5nOA,KBS Entertain,eWfZE4-taYc,뇌과학자 김대식 교수가 설명하는 뇌과학이란? 모기 퇴치법도 알려드립니다😂 [옥탑방의 문제아들/Problem Child in House] | KBS 260514 방송,2026-05-14T13:09:07Z,340.0,False,2728,23.0,0.0
8086,UCK1sVuXaDvJeNwl9noN5nOA,KBS Entertain,Vf0zLswyusw,"당신의 인간관계를 조용히 망가뜨리는 SNS, 그 비하인드는? [옥탑방의 문제아들/Problem Child in House] | KBS 260514 방송",2026-05-14T13:14:28Z,315.0,False,3084,42.0,2.0
8086,UCK1sVuXaDvJeNwl9noN5nOA,KBS Entertain,QSDNMBuW1bE,"[선공개] ＂남자도 잘 준비해야..＂ 김재중, 동결(?)했다! 싱글들의 연애, 결혼 그리고 동결(?) 이야기 [신상출시 편스토랑/Fun_Staurant] | KBS 방송",2026-05-14T15:16:25Z,189.0,False,31921,470.0,11.0
8086,UCK1sVuXaDvJeNwl9noN5nOA,KBS Entertain,onZLZoPEIp8,[315회 예고] 경상도 남매의 서울 옥탑방 적응기 ⭐비비⭐양상국⭐ [옥탑방의 문제아들/Problem Child in House] | KBS 방송,2026-05-15T00:54:17Z,90.0,False,4955,50.0,59.0
8086,UCK1sVuXaDvJeNwl9noN5nOA,KBS Entertain,EL7v8wcFOy0,[1회 예고]  💘거침없이 직진하는 연하남 💞도파민 터지는 설렘의 시작 ⏰5월 23일 밤 10시 40분 [누난 내게 여자야 2] | KBS 방송,2026-05-15T06:02:20Z,61.0,False,2587,28.0,3.0
8086,UCK1sVuXaDvJeNwl9noN5nOA,KBS Entertain,PeuBdPhN8Ss,[김준호네] 어묵탕 건배부터 고기 면치기까지! 먹짱 남매 정우♥서빈 차돌 삼합 먹방 [슈퍼맨이 돌아왔다/The Return of Superman] | KBS 260513 방송,2026-05-15T09:48:35Z,549.0,False,8004,260.0,30.0
8086,UCK1sVuXaDvJeNwl9noN5nOA,KBS Entertain,QeK7KUdBrUA,너네 긁?! 김태연X황민호 알파 세대 조카들과 세상 유치하게 싸우는(?) 장민호 삼촌😂 [신상출시 편스토랑/Fun_Staurant] | KBS 260515 방송,2026-05-15T13:35:08Z,170.0,False,2924,425.0,37.0
8086,UCK1sVuXaDvJeNwl9noN5nOA,KBS Entertain,aaxi1CgNk9w,노래 천재 김태연 & 황민호의 노래자랑💗 대결도 아닌데 불붙은 신경전에 빵 터진 장민호 [신상출시 편스토랑/Fun_Staurant] | KBS 260515 방송,2026-05-15T13:35:34Z,272.0,False,8785,773.0,61.0
8086,UCK1sVuXaDvJeNwl9noN5nOA,KBS Entertain,wlwSByEPFG0,[콘치즈불닭발] 닭발 좋아하는 태연이를 위한 장민호의 닭발 요리👍 배달보다 맛있는 레시피 [신상출시 편스토랑/Fun_Staurant] | KBS 260515 방송,2026-05-15T13:36:12Z,350.0,False,5937,537.0,45.0
8086,UCK1sVuXaDvJeNwl9noN5nOA,KBS Entertain,8YSE1yPWGA4,장민호 삼촌 잡는 트로트 조카들 김태연 & 황민호💗 가방에 챙겨온 충격적인(?) 식재료는? [신상출시 편스토랑/Fun_Staurant] | KBS 260515 방송,2026-05-15T13:38:46Z,351.0,False,12656,833.0,40.0
8086,UCK1sVuXaDvJeNwl9noN5nOA,KBS Entertain,Zn8r6YSTYIM,[오징어젓갈 비빔국수] 국악 신동 김태연이 장민호 삼촌 냉장고 털어 만든 대박 메뉴👍 [신상출시 편스토랑/Fun_Staurant] | KBS 260515 방송,2026-05-15T13:41:57Z,395.0,False,31648,1029.0,80.0
8086,UCK1sVuXaDvJeNwl9noN5nOA,KBS Entertain,qSCbvPFR3Do,[짬뽕삼계탕] 시판 짬뽕다시로 쉽게👍 짬뽕 달인 김재중의 NEW 삼계탕 (닭육수X짬뽕의 조화) [신상출시 편스토랑/Fun_Staurant] | KBS 260515 방송,2026-05-15T14:03:19Z,291.0,False,4225,168.0,13.0
8086,UCK1sVuXaDvJeNwl9noN5nOA,KBS Entertain,SW5waibztRo,손주가 생겼어요💗 할아버지가 된 김재중! 26년 현재 가족 총 34명 업데이트 완료 [신상출시 편스토랑/Fun_Staurant] | KBS 260515 방송,2026-05-15T14:20:24Z,74.0,False,4281,126.0,7.0
8086,UCK1sVuXaDvJeNwl9noN5nOA,KBS Entertain,E7DaE4n308s,(반전주의) 요리왕 김재중 VS 제빵왕 김탁구의 칼질 대결! 유만순 엄니의 판정 결과는? [신상출시 편스토랑/Fun_Staurant] | KBS 260515 방송,2026-05-15T14:35:31Z,280.0,False,4470,148.0,3.0
8086,UCK1sVuXaDvJeNwl9noN5nOA,KBS Entertain,lpC4dF3ldqg,"창피한 일 아니야🔥 2세 준비에 진심이었던, 김재중의 정자 냉동 솔직 후기! 정보 공유✨ [신상출시 편스토랑/Fun_Staurant] | KBS 260515 방송",2026-05-15T15:06:26Z,417.0,False,22103,393.0,16.0
8086,UCK1sVuXaDvJeNwl9noN5nOA,KBS Entertain,kt5X5Wyz8bg,[고추고추고추잡채] 훈훈한 네 남자가 함께 만든 김재중표 고추잡채! 두반장도 없어도 돼요✌ [신상출시 편스토랑/Fun_Staurant] | KBS 260515 방송,2026-05-15T15:07:05Z,547.0,False,10790,237.0,9.0
8086,UCK1sVuXaDvJeNwl9noN5nOA,KBS Entertain,L7aEEwHd9FU,[선공개] 모솔 서진의 첫 뽀뽀가 궁금하다면? [살림하는 남자들/House Husband 2] | KBS 방송,2026-05-16T00:54:30Z,77.0,False,3269,451.0,54.0
8086,UCK1sVuXaDvJeNwl9noN5nOA,KBS Entertain,3oeCoCQKHZM,[#편셰프의점메추] 오이 좋아하는 사람? 하잇~🙋 시원한 오이 요리 레시피 모음🥒ㅣKBS방송,2026-05-16T02:02:09Z,839.0,False,277,7.0,0.0
8087,UCqvhycZ4nzxTHU4RxHjYgWQ,티디키즈 (인기 동요・동화),R2GWyh2a3rU,심부름송 | 으악 귀찮은 심부름! | 가족동요 | 웃긴동요 | 어린이 인기동요 ★ 티디키즈,2026-02-05T08:00:37Z,96.0,False,341277,279.0,0.0
8087,UCqvhycZ4nzxTHU4RxHjYgWQ,티디키즈 (인기 동요・동화),pC1aUPyo-nE,#shorts 누구 똥 3화 | 냄새나는 응가 누구 응가? | 응가동요 | 어린이 인기동요 ★ 티디키즈,2026-02-07T08:01:03Z,20.0,True,1406064,6484.0,0.0
8087,UCqvhycZ4nzxTHU4RxHjYgWQ,티디키즈 (인기 동요・동화),lXNPZmQSeSI,#shorts 멈춰! 신호맨 1절_ 빨간불 조심해! | 교통안전 동요 | 생활습관동요 | 어린이 인기동요 ★ 티디키즈,2026-02-10T08:00:54Z,23.0,True,8869890,46007.0,0.0
8087,UCqvhycZ4nzxTHU4RxHjYgWQ,티디키즈 (인기 동요・동화),k5T2DCccUSc,트럭 손가락 가족 | 멋진 트럭 가족 | 자동차동요 | 탈것동요 | 어린이 인기동요 ★ 티디키즈,2026-02-12T08:00:51Z,89.0,False,42943,36.0,0.0
8087,UCqvhycZ4nzxTHU4RxHjYgWQ,티디키즈 (인기 동요・동화),UyfsY3TbOxc,뿡뿡 슈퍼방귀가족 동요 총 집합 | 방귀동요 모음집 | 인기동요 연속듣기 | 어린이 인기동요 ★ 티디키즈,2026-02-13T08:00:39Z,885.0,False,1295166,728.0,0.0
8087,UCqvhycZ4nzxTHU4RxHjYgWQ,티디키즈 (인기 동요・동화),NVR_-S06Osg,#shorts  누구 똥 4화 | 뿡뿡 누구의 응가일까? | 동물동요 | 어린이 인기동요 ★ 티디키즈,2026-02-14T08:00:25Z,27.0,True,3782460,17052.0,0.0
8087,UCqvhycZ4nzxTHU4RxHjYgWQ,티디키즈 (인기 동요・동화),1DsuLZj-JnI,⚡️동물농장 색깔 똥 | 동물농장에 등장한 응가 | 동물동요 | | 어린이 인기동요 ★ 티디키즈,2026-02-15T08:00:02Z,80.0,False,56965,79.0,0.0
8087,UCqvhycZ4nzxTHU4RxHjYgWQ,티디키즈 (인기 동요・동화),QSXKsHx-r5Y,#shorts 멈춰! 신호맨 2화 | 신호등을 배워요! | 히어로동요 | 어린이 인기동요 ★ 티디키즈,2026-02-17T08:00:36Z,24.0,True,71490805,383922.0,0.0
8087,UCqvhycZ4nzxTHU4RxHjYgWQ,티디키즈 (인기 동요・동화),3jHGfmK_Xac,⚡️중장비차 반댓말송 | 큰 중장비 작은 중장비 | 탈것동요 | 어린이 인기동요 ★ 티디키즈,2026-02-19T08:00:04Z,107.0,False,39584,28.0,0.0
8087,UCqvhycZ4nzxTHU4RxHjYgWQ,티디키즈 (인기 동요・동화),F83kq2FDU2o,#shorts 멈춰 신호맨 3화 | 횡단보도 건널떈 조심해요! | 안전건강 동요 | 어린이 인기동요 ★ 티디키즈,2026-02-21T08:00:15Z,24.0,True,5317143,29619.0,0.0
8087,UCqvhycZ4nzxTHU4RxHjYgWQ,티디키즈 (인기 동요・동화),-xsVhgai62w,#shorts  방귀아기의 앙탈 챌린지 | 애교쟁이 방귀가족 | 챌린지 어린이 인기동요 ★ 티디키즈,2026-02-24T08:00:01Z,11.0,True,786604,4590.0,0.0
8087,UCqvhycZ4nzxTHU4RxHjYgWQ,티디키즈 (인기 동요・동화),9Xp1EZ-Sc-U,아이스크림이 제일 좋아! 아이스크림동요 총집합 | 간식동요 연속듣기 | 인기동요모음집 | 어린이 인기동요 ★ 티디키즈,2026-02-26T08:00:09Z,1697.0,False,38213,26.0,0.0
8087,UCqvhycZ4nzxTHU4RxHjYgWQ,티디키즈 (인기 동요・동화),lOlG3rVgM8E,부릉버스 2 | 부릉부릉 버스 출발 | 탈것동요 | 어린이 인기동요 ★ 티디키즈,2026-02-26T08:00:51Z,84.0,False,25209,24.0,0.0
8087,UCqvhycZ4nzxTHU4RxHjYgWQ,티디키즈 (인기 동요・동화),fVcz_wrqpLg,#shorts 허니 베어송 1화 | 맛있는 꿀! | 동물동요 | 곰돌이 | 어린이 인기동요 ★ 티디키즈,2026-02-28T08:00:46Z,29.0,True,714015,4622.0,0.0
8087,UCqvhycZ4nzxTHU4RxHjYgWQ,티디키즈 (인기 동요・동화),f0iRcjq3IYU,#shorts  쇠똥구리의 똑똑똑 | 곤충 응가 | 곤충동요 | 어린이 인기동요 ★ 티디키즈,2026-03-03T08:00:43Z,16.0,True,764837,4464.0,0.0
8087,UCqvhycZ4nzxTHU4RxHjYgWQ,티디키즈 (인기 동요・동화),JFQ-G__4ogU,티디 히어로즈 2 | 티디 카드 놀이 | 캐릭터 카드 | 스토리동요 | 어린이 인기동요 ★ 티디키즈,2026-03-05T08:00:15Z,1036.0,False,29918,65.0,0.0
8087,UCqvhycZ4nzxTHU4RxHjYgWQ,티디키즈 (인기 동요・동화),qtBBvhwHqhg,#shorts 허니베어송 | 맛있는 꿀 내놔! | 동물동요 | 어린이 인기동요 ★ 티디키즈,2026-03-07T08:00:52Z,14.0,True,62103050,247000.0,0.0
8087,UCqvhycZ4nzxTHU4RxHjYgWQ,티디키즈 (인기 동요・동화),eLbX6TkrgNY,#shorts  딸깍 삐뽀맨 | 교통 안전 지켜요! | 신호맨 동요 | 어린이 인기동요 ★ 티디키즈,2026-03-10T08:00:41Z,47.0,True,657367,4660.0,0.0
8087,UCqvhycZ4nzxTHU4RxHjYgWQ,티디키즈 (인기 동요・동화),OCICt8WVPfI,엘리베이터 안전송 | 엘리베이터를 타요 | 안전동요 | 엘베송 | 어린이 인기동요 ★ 티디키즈,2026-03-12T08:31:18Z,169.0,False,305176,153.0,0.0
8087,UCqvhycZ4nzxTHU4RxHjYgWQ,티디키즈 (인기 동요・동화),Nmjhzuku23w,멈춰~! 신호맨 동요 총집합 | 교통안전 동요 연속듣기 | 자동차동요 | 어린이 인기동요 ★ 티디키즈,2026-03-13T08:00:26Z,1607.0,False,116428,72.0,0.0
8087,UCqvhycZ4nzxTHU4RxHjYgWQ,티디키즈 (인기 동요・동화),MkpOfs_GIUg,#shorts 허니베어송 | 꿀벌 군단 출동! | 곰동요 | 어린이 인기동요 ★ 티디키즈,2026-03-14T08:00:18Z,26.0,True,16554577,71765.0,0.0
8087,UCqvhycZ4nzxTHU4RxHjYgWQ,티디키즈 (인기 동요・동화),MyTP8hpqPs8,#shorts  허니 베어송 | 꿀벌 VS 허니베어 | 동물동요 | 어린이 인기동요 ★ 티디키즈,2026-03-17T08:00:32Z,25.0,True,618223,4846.0,0.0
8087,UCqvhycZ4nzxTHU4RxHjYgWQ,티디키즈 (인기 동요・동화),0GmDPdgt_vc,동물농장 숨바꼭질 2 | 어디어디 숨었나! | 동물동요 | 농장동요 | 어린이 인기동요 ★ 티디키즈,2026-03-19T08:00:00Z,102.0,False,57881,54.0,0.0
8087,UCqvhycZ4nzxTHU4RxHjYgWQ,티디키즈 (인기 동요・동화),wtMYLwr9BAQ,드라큘라 가족 동요 총집합 | 인기많은 드라큘라 가족동요 모음집 | 동요연속듣기| 어린이 인기동요 ★ 티디키즈,2026-03-21T08:00:53Z,1725.0,False,207304,116.0,0.0
8087,UCqvhycZ4nzxTHU4RxHjYgWQ,티디키즈 (인기 동요・동화),NgVLnwm6XTA,#shorts 뿡뿡뿡 자동차 1절 | 방귀쟁이 아기 자동차 | 자동차 동요  | 어린이 인기동요 ★ 티디키즈,2026-03-24T08:00:21Z,20.0,True,654987,3380.0,0.0
8087,UCqvhycZ4nzxTHU4RxHjYgWQ,티디키즈 (인기 동요・동화),xSQKT3ql7SE,#shorts 자동차 뿡뿡뿡 2절 | 응가쟁이 아기자동차 | 자동차 동요 | 어린이 인기동요 ★ 티디키즈,2026-03-24T08:01:02Z,15.0,True,8097623,31996.0,0.0
8087,UCqvhycZ4nzxTHU4RxHjYgWQ,티디키즈 (인기 동요・동화),6wIe_SFqz4g,⚡️동물 색깔똥 | 재밌는 응가송 | 동물동요 | 어린이 인기동요 ★ 티디키즈,2026-03-26T08:00:10Z,79.0,False,9385,20.0,0.0
8087,UCqvhycZ4nzxTHU4RxHjYgWQ,티디키즈 (인기 동요・동화),JeewGnA1mW4,#shorts 뿡뿡뿡 3화 | 방구차동차 | 자동차동요 | 어린이 인기동요 ★ 티디키즈,2026-03-31T08:00:00Z,15.0,True,961179,4234.0,0.0
8087,UCqvhycZ4nzxTHU4RxHjYgWQ,티디키즈 (인기 동요・동화),qpoXQtK50d8,최강 공룡 히어로즈 | 최고로 힘쏀 공룡은 누구 ? | 공룡동요 | 어린이 인기동요 ★ 티디키즈,2026-04-02T08:00:46Z,118.0,False,66358,70.0,0.0
8087,UCqvhycZ4nzxTHU4RxHjYgWQ,티디키즈 (인기 동요・동화),zf3u_Z3T1Ew,곤충동요 총집합 | 꿀벌을 이겨라! | 동물동요 | 어린이 인기동요 ★ 티디키즈,2026-04-04T08:00:56Z,1460.0,False,55251,95.0,0.0
8087,UCqvhycZ4nzxTHU4RxHjYgWQ,티디키즈 (인기 동요・동화),XD1k02vszR0,#shorts 아기곰의 허니베어송 | 아기곰 VS 꿀벌! | 동물동요 | 어린이 인기동요 ★ 티디키즈,2026-04-05T08:00:35Z,26.0,True,3186480,14322.0,0.0
8087,UCqvhycZ4nzxTHU4RxHjYgWQ,티디키즈 (인기 동요・동화),YHXiY4D7YGA,#shorts 아기곰의 허니베어송 2 | 아기곰 VS 꿀벌 군단 | 동물동요 | 어린이 인기동요 ★ 티디키즈,2026-04-07T08:00:28Z,25.0,True,3599185,14906.0,0.0
8087,UCqvhycZ4nzxTHU4RxHjYgWQ,티디키즈 (인기 동요・동화),0OqxOLYQmaI,나는 포클레인 요리사! | 요리하는 중장비 | 신나는 스토리 동요 | 자동차동요 | 어린이 인기동요 ★ 티디키즈,2026-04-09T08:00:02Z,774.0,False,36564,40.0,0.0
8087,UCqvhycZ4nzxTHU4RxHjYgWQ,티디키즈 (인기 동요・동화),bdkRVyCtNxo,#shorts 버스에 갇힌 슈퍼 아기 1화 | 유치원 버스를 탈출하라! | 슈퍼방귀가족 | 어린이 인기동요 ★ 티디키즈,2026-04-11T08:00:37Z,34.0,True,690924,4539.0,0.0
8087,UCqvhycZ4nzxTHU4RxHjYgWQ,티디키즈 (인기 동요・동화),uZJJafdOirA,#shorts  슈퍼 아기와 콧구멍 수호대  | 코딱지 파요! | 생활습관동요 | 어린이 인기동요 ★ 티디키즈,2026-04-12T08:01:02Z,26.0,True,572950,3417.0,0.0
8087,UCqvhycZ4nzxTHU4RxHjYgWQ,티디키즈 (인기 동요・동화),UR51BPELBVo,#shorts  신호맨과 슈퍼아기 | 교통 안전 배워요! | 슈퍼방귀가족 | 어린이 인기동요 ★ 티디키즈,2026-04-15T01:37:45Z,22.0,True,2007564,10767.0,0.0
8087,UCqvhycZ4nzxTHU4RxHjYgWQ,티디키즈 (인기 동요・동화),r2DTyEHZK2A,New 인기 자동차 동요 총집합! | 탈것동요모음집 | 동요연속듣기 | 어린이 인기동요 ★ 티디키즈,2026-04-16T08:01:01Z,1213.0,False,336768,104.0,0.0
8087,UCqvhycZ4nzxTHU4RxHjYgWQ,티디키즈 (인기 동요・동화),Zj9Wk5NvqtU,#shorts 곤충의 왕 1 | 최고의 곤충을 가려라! | 곤충동요 | 어린이 인기동요 ★ 티디키즈,2026-04-18T08:00:30Z,22.0,True,234934,2011.0,0.0
8087,UCqvhycZ4nzxTHU4RxHjYgWQ,티디키즈 (인기 동요・동화),9eGq6l-jSGk,#shorts 쇠똥구리 똑똑똑 | 응가 마려워요! | 곤충동요  | 어린이 인기동요 ★ 티디키즈,2026-04-21T08:00:08Z,20.0,True,1353085,6426.0,0.0
8087,UCqvhycZ4nzxTHU4RxHjYgWQ,티디키즈 (인기 동요・동화),GhglcsxffPQ,슈퍼아기의 말랑말랑 쭈욱 마시멜로 | 재밌는 마시멜로 꾸미기 | 슈퍼방귀가족| 어린이 인기동요 ★ 티디키즈,2026-04-23T08:00:13Z,112.0,False,29016,39.0,0.0
8087,UCqvhycZ4nzxTHU4RxHjYgWQ,티디키즈 (인기 동요・동화),yMHQ0P-y1I0,👉 인기 동물 동요 모음집 🐰🐻 | 신나는 유아동 노래 | 어린이 인기동요 ★ 티디키즈,2026-04-25T08:01:00Z,990.0,False,40732,69.0,0.0
8087,UCqvhycZ4nzxTHU4RxHjYgWQ,티디키즈 (인기 동요・동화),BvbJAxKaUTk,#shorts 동물 흉내 내봐요 | 어떤 동물일까? | 동물동요 | 어린이 인기동요 ★ 티디키즈,2026-04-28T08:00:20Z,56.0,True,107763,1234.0,0.0
8087,UCqvhycZ4nzxTHU4RxHjYgWQ,티디키즈 (인기 동요・동화),ztuQKvsLgTI,내거야 내거! | 미운 우리형 | 가족동요 | 수퍼방귀가족 | 어린이 인기동요 ★ 티디키즈,2026-04-30T08:01:05Z,129.0,False,59839,82.0,0.0
8087,UCqvhycZ4nzxTHU4RxHjYgWQ,티디키즈 (인기 동요・동화),Scj3WU0G_J8,⚡️미운 내 동생 | 내동생은 말썽꾸러기! | 가족동요 | 슈퍼방귀가족 | 어린이 인기동요 ★ 티디키즈,2026-05-02T08:00:23Z,70.0,False,23017,40.0,0.0
8087,UCqvhycZ4nzxTHU4RxHjYgWQ,티디키즈 (인기 동요・동화),EDTwVZ4wtxQ,#shorts 우리 모두 다 같이🌱 | 키키맥스 가족 | 가족동요 | 어린이 인기동요 ★ 티디키즈,2026-05-05T08:00:11Z,50.0,True,59983,673.0,0.0
8087,UCqvhycZ4nzxTHU4RxHjYgWQ,티디키즈 (인기 동요・동화),6BUtndKbksE,긴급! 구급차 서프라이즈 에그 | 자동차동요 | 탈것동요 | 스토리동요 | 어린이 인기동요 ★ 티디키즈,2026-05-07T08:00:06Z,1047.0,False,523438,562.0,0.0
8087,UCqvhycZ4nzxTHU4RxHjYgWQ,티디키즈 (인기 동요・동화),-H7oEZobGtg,엘리베이터 안전송+ 안전동요 | 위험해요!! | 생활습관동요 | 동요모음집 | 어린이 인기동요 ★ 티디키즈,2026-05-09T08:00:00Z,2005.0,False,73021,31.0,0.0
8087,UCqvhycZ4nzxTHU4RxHjYgWQ,티디키즈 (인기 동요・동화),6j6AJ4ba1z8,#shorts 곤충의 왕 2 사슴벌레 | 최강의 곤충은 누구? | 곤충동요 | 멋진 벌레 | 어린이 인기동요 ★ 티디키즈,2026-05-12T08:00:05Z,20.0,True,48826,338.0,0.0
8087,UCqvhycZ4nzxTHU4RxHjYgWQ,티디키즈 (인기 동요・동화),EczrKH0Cq_c,응가야 나가라! | 응~~가 ! | 응가동요 | 생활습관동요 | 똥동요 | 어린이 인기동요 ★ 티디키즈,2026-05-14T08:00:11Z,85.0,False,3093,18.0,0.0
8087,UCqvhycZ4nzxTHU4RxHjYgWQ,티디키즈 (인기 동요・동화),svwoC62aUcE,방귀동요 연속듣기 | 뿡뿡 방귀동요 총집합 | 동요 24시,2026-05-15T06:37:17Z,,False,7321,30.0,0.0
8088,UCUf7BpZJOP4YnfF2iVDt-_Q,PinkyPopTOY,39u4UzANuSE,🧡+💛 하트 만들기_Heart DIY with Super Giant Orbeez and Nano Tape,2023-11-17T05:33:44Z,36.0,True,18853,285.0,2.0
8088,UCUf7BpZJOP4YnfF2iVDt-_Q,PinkyPopTOY,QEarbW4VF88,💖+💙+🤍하트 만들기_Heart DIY with Super Giant Orbeez and Nano Tape,2023-11-18T07:00:11Z,57.0,True,22709,385.0,3.0
8088,UCUf7BpZJOP4YnfF2iVDt-_Q,PinkyPopTOY,KiiqZZNPUbI,❤+💛+💙 하트 만들기_Heart DIY with Super Giant Orbeez and Nano Tape,2023-11-19T07:00:12Z,54.0,True,25376,388.0,2.0
8088,UCUf7BpZJOP4YnfF2iVDt-_Q,PinkyPopTOY,3tVJDjvwvLc,무지개색🌈반짝이 테이프 공 터트리기_Orbeez squishy ball Burst with nano tape,2023-11-20T07:00:02Z,31.0,True,15540,291.0,1.0
8088,UCUf7BpZJOP4YnfF2iVDt-_Q,PinkyPopTOY,GvTsCLGbdTI,💩+💛+😃+👂이모지 믹스_Emoji Mixing with nano tape,2023-11-21T07:00:04Z,22.0,True,38514,532.0,3.0
8088,UCUf7BpZJOP4YnfF2iVDt-_Q,PinkyPopTOY,iR6a3F3D9S4,💩+👏=😱+🤮이모지 믹스_Emoji Mixing with nano tape,2023-11-22T07:00:27Z,9.0,True,1947279,18798.0,23.0
8088,UCUf7BpZJOP4YnfF2iVDt-_Q,PinkyPopTOY,HaDkdIrMcNg,Rainbow🌈Tape Balloon DIY with Super Giant Orbeez and Nano Tape,2023-11-23T07:00:11Z,47.0,True,23291,333.0,4.0
8088,UCUf7BpZJOP4YnfF2iVDt-_Q,PinkyPopTOY,w8ghawv50U4,🌈+💖무지개 하트 개구리알 만들기_Rainbow Orbeez Heart with nano tape,2023-11-24T07:00:21Z,34.0,True,50079,822.0,8.0
8088,UCUf7BpZJOP4YnfF2iVDt-_Q,PinkyPopTOY,T7k4IY7OE6Q,뿌우우🐘코끼리 만들기_DIY elephant with nano tape,2023-11-25T07:00:18Z,50.0,True,28812,436.0,6.0
8088,UCUf7BpZJOP4YnfF2iVDt-_Q,PinkyPopTOY,Tp3MmlSVOVc,레서판다 만들기_DIY Cute Lesser Panda with nano tape,2023-11-26T07:00:11Z,46.0,True,22043,342.0,3.0
8088,UCUf7BpZJOP4YnfF2iVDt-_Q,PinkyPopTOY,rE9f663Q3EY,귀여운 다람쥐🐿 만들기_DIY Cute Squirrel with nano tape,2023-11-27T07:00:19Z,56.0,True,18290,277.0,2.0
8088,UCUf7BpZJOP4YnfF2iVDt-_Q,PinkyPopTOY,wBZIuu0OhWM,꿀꿀🐷아기 돼지 만들기_DIY Baby Pig with nano tape,2023-11-28T07:00:31Z,35.0,True,22824,336.0,3.0
8088,UCUf7BpZJOP4YnfF2iVDt-_Q,PinkyPopTOY,AfCfCMu3oTQ,야옹😺치즈냥이 만들기_DIY  Cute Cat with nano tape,2023-11-29T07:00:03Z,46.0,True,25479,359.0,4.0
8088,UCUf7BpZJOP4YnfF2iVDt-_Q,PinkyPopTOY,HbyvRZgnhdk,💙+💚+💛 하트 만들기_Heart DIY with Super Giant Orbeez and Nano Tape,2023-11-30T07:00:07Z,41.0,True,26053,432.0,2.0
8088,UCUf7BpZJOP4YnfF2iVDt-_Q,PinkyPopTOY,uZoUU7yfxMQ,🙄🤥😧😫이모지 개구리알 실리콘 테이프 말랑이 터트리기 - Emoji orbeez squishy ball BURST!! with Nano tape,2023-12-01T07:00:21Z,55.0,True,59325,673.0,3.0
8088,UCUf7BpZJOP4YnfF2iVDt-_Q,PinkyPopTOY,HjG6wHeGYrY,🔴실리콘 테이프 개구리알 몬스터볼 말랑이 만들기⚪️ - How to make orbeez Poké ball squishy with Nano tape,2023-12-02T07:00:16Z,38.0,True,34964,436.0,1.0
8088,UCUf7BpZJOP4YnfF2iVDt-_Q,PinkyPopTOY,8eRlRx5kzKQ,🌥구름 실리콘 테이프 풍선 말랑이 색깔 맞추기 놀이🌥 - Cloud Balloon Squishy Color Matching Game with Nano tape,2023-12-03T07:00:02Z,27.0,True,24784,346.0,0.0
8088,UCUf7BpZJOP4YnfF2iVDt-_Q,PinkyPopTOY,cyXXVCdymaM,☁️구름 실리콘 테이프 풍선 말랑이 색깔 맞추기 놀이☁️ - Cloud Balloon Squishy Color Matching Game with Nano tape,2023-12-04T07:00:14Z,29.0,True,27391,328.0,0.0
8088,UCUf7BpZJOP4YnfF2iVDt-_Q,PinkyPopTOY,zcSlgVlcTrg,🟣+🔴 실리콘 테이프 개구리알 말랑이 섞어서 터트리기 - Orbeez squishy ball mix and BURST!! with nano tape,2023-12-05T07:00:32Z,41.0,True,45807,615.0,3.0
8088,UCUf7BpZJOP4YnfF2iVDt-_Q,PinkyPopTOY,nCnx5PyMwWM,🐨실리콘 테이프 코알라 말랑이 만들기🐨 - How to make koala squishy ball with Nano tape,2023-12-06T07:00:20Z,38.0,True,26447,397.0,2.0
8088,UCUf7BpZJOP4YnfF2iVDt-_Q,PinkyPopTOY,QDHuoWIu56M,🌼실리콘 테이프 꽃 말랑이 만들기🌼 - How to make flower squishy ball with Nano tape,2023-12-07T07:00:10Z,40.0,True,33065,472.0,3.0
8088,UCUf7BpZJOP4YnfF2iVDt-_Q,PinkyPopTOY,ewQTEsD8ZYw,😆이모지 개구리알 말랑이 실리콘 테이프볼 터트리기🤪 - Emoji orbeez squishy ball BURST!! with Nano tape,2023-12-08T07:00:16Z,57.0,True,49015,513.0,0.0
8088,UCUf7BpZJOP4YnfF2iVDt-_Q,PinkyPopTOY,4YxMENxXYV8,🎃할로윈 호박 실리콘 테이프 말랑이 만들기🎃 - How to make halloween pumpkin squishy with Nano tape,2023-12-09T07:00:02Z,49.0,True,38508,467.0,4.0
8088,UCUf7BpZJOP4YnfF2iVDt-_Q,PinkyPopTOY,XaJDOOKoqjE,☁️구름 실리콘 테이프 풍선 말랑이 만들기🎈 - How to make cloud squishy ball with Nano tape,2023-12-10T07:00:11Z,29.0,True,34157,463.0,2.0
8088,UCUf7BpZJOP4YnfF2iVDt-_Q,PinkyPopTOY,VdCfNSID6u0,🐙실리콘 테이프 개구리알 문어 말랑이 만들기🐙 - How to make orbeez squishy octopus with Nano tape,2023-12-11T07:00:17Z,43.0,True,38992,511.0,4.0
8088,UCUf7BpZJOP4YnfF2iVDt-_Q,PinkyPopTOY,J5DJVoIOJrc,🔴실리콘 테이프 개구리알 말랑이 부수기✊️ - Orbeez squishy ball BURST!! with Nano tape,2023-12-29T08:00:08Z,23.0,True,27940,346.0,0.0
8088,UCUf7BpZJOP4YnfF2iVDt-_Q,PinkyPopTOY,aWxv_e7KYNU,🔵대왕 개구리알로 올챙이 만들기🔵 - How to make tadpole with Nano tape and King orbeez ball,2023-12-31T08:00:02Z,30.0,True,33060,469.0,3.0
8088,UCUf7BpZJOP4YnfF2iVDt-_Q,PinkyPopTOY,Y-6tO4Clp-E,🥭실리콘 테이프 과일 말랑이 부수기🍓 - Orbeez squishy fruits BURST!! with Nano tape,2024-01-05T08:00:24Z,32.0,True,41712,563.0,0.0
8088,UCUf7BpZJOP4YnfF2iVDt-_Q,PinkyPopTOY,lfPL-HCyH3g,🍌실리콘 테이프 말랑이 과일 터트리기🍅 - Orbeez squishy fruits BURST!! with Nano tape,2024-01-07T08:00:26Z,57.0,True,27173,334.0,4.0
8088,UCUf7BpZJOP4YnfF2iVDt-_Q,PinkyPopTOY,NmB7fdurujY,🌼실리콘 테이프 말랑이 꽃 만들기😖 - how to make orbeez squishy flower with Nano tape,2024-01-12T08:00:12Z,51.0,True,29992,372.0,3.0
8088,UCUf7BpZJOP4YnfF2iVDt-_Q,PinkyPopTOY,FYNlnubZcvY,공룡 트리케라톱스 실리콘 테이프 말랑이 만들기! - How to make dinosaur triceratops squishy ball with Nano tape,2024-01-13T08:00:13Z,52.0,True,29428,459.0,0.0
8088,UCUf7BpZJOP4YnfF2iVDt-_Q,PinkyPopTOY,E2DYR4GeUqI,❤+💙=? 이모지 믹스_Emoji Mixing with nano tape,2024-01-16T04:49:11Z,7.0,True,27724,299.0,4.0
8088,UCUf7BpZJOP4YnfF2iVDt-_Q,PinkyPopTOY,W_FlKDnsD7Q,💚+🤍하트 만들기_Heart DIY with Super Giant Orbeez and Nano Tape,2024-01-17T08:00:23Z,34.0,True,26364,355.0,3.0
8088,UCUf7BpZJOP4YnfF2iVDt-_Q,PinkyPopTOY,-TxhsxkXmzI,💖+🤍하트 만들기_Heart DIY with Super Giant Orbeez and Nano Tape,2024-01-18T08:00:00Z,44.0,True,27646,381.0,1.0
8088,UCUf7BpZJOP4YnfF2iVDt-_Q,PinkyPopTOY,58IfJPuN5ao,💍실리콘 테이프 보석 반지 만들기💍 - How to make jewel ring with Nano tape,2024-01-19T08:00:04Z,49.0,True,25023,350.0,1.0
8088,UCUf7BpZJOP4YnfF2iVDt-_Q,PinkyPopTOY,PgRn5v8GYeM,💩+🔮+⭐이모지 믹스_Emoji Mixing with nano tape,2024-01-20T08:00:24Z,22.0,True,27281,368.0,0.0
8088,UCUf7BpZJOP4YnfF2iVDt-_Q,PinkyPopTOY,TVluoWD9w2A,💩+💖이모지 믹스_Emoji Mixing with nano tape,2024-01-21T08:00:23Z,9.0,True,28742,303.0,1.0
8088,UCUf7BpZJOP4YnfF2iVDt-_Q,PinkyPopTOY,1uSLxBWSJVY,💀+🐰+🌸이모지 믹스_Emoji Mixing with nano tape,2024-01-23T08:00:01Z,21.0,True,28523,339.0,2.0
8088,UCUf7BpZJOP4YnfF2iVDt-_Q,PinkyPopTOY,NPmgclrvHG4,💩+😬+❄+⛄ 이모지 믹스_Emoji Mixing with nano tape,2024-01-24T08:00:10Z,15.0,True,32886,378.0,1.0
8088,UCUf7BpZJOP4YnfF2iVDt-_Q,PinkyPopTOY,SdusV4BY-oY,보라💜응가💩만들기_DIY Purple Poop with nano tape,2024-01-25T08:00:20Z,48.0,True,25057,367.0,0.0
8088,UCUf7BpZJOP4YnfF2iVDt-_Q,PinkyPopTOY,zO0nrnHdb78,🍇실리콘테이프 포도 말랑이 만들기🍇 - How to makr grape squishy with Nano tape,2024-01-26T08:00:38Z,40.0,True,37754,462.0,0.0
8088,UCUf7BpZJOP4YnfF2iVDt-_Q,PinkyPopTOY,5hQDqrU7fJ8,iPhone15 말랑이 만들기 ASMR_with nano tape,2024-01-26T09:00:04Z,36.0,True,34919,453.0,0.0
8088,UCUf7BpZJOP4YnfF2iVDt-_Q,PinkyPopTOY,tAETT1zv3Ko,대왕개구리알로 무지개 공 만들기🌈Rainbow Tape Balloon DIY with Super Giant Orbeez and Nano Tape,2024-01-27T08:00:23Z,26.0,True,33892,459.0,2.0
8088,UCUf7BpZJOP4YnfF2iVDt-_Q,PinkyPopTOY,-FGNK0UNaqw,💙+ 🤍하트 만들기_Heart DIY with Super Giant Orbeez and Nano Tape,2024-01-28T08:00:00Z,49.0,True,34230,460.0,1.0
8088,UCUf7BpZJOP4YnfF2iVDt-_Q,PinkyPopTOY,CQh8PmmCq00,✊️실리콘 테이프 개구리알 말랑이 터트리기✊️ - Orbeez squishy ball BURST!! with nano tape,2024-01-30T08:00:10Z,58.0,True,36223,450.0,4.0
8088,UCUf7BpZJOP4YnfF2iVDt-_Q,PinkyPopTOY,xEP6I_LUmeY,달팽이🐌말랑이 만들기_DIY Snail with nano tape,2024-01-31T08:00:37Z,59.0,True,35041,424.0,7.0
8088,UCUf7BpZJOP4YnfF2iVDt-_Q,PinkyPopTOY,maPObef2oNM,👊실리콘테이프개구리알 말랑이 터트리기👊 - Orbeez squishy ball BURST!! with nano tape,2024-02-01T08:00:33Z,40.0,True,51346,588.0,0.0
8088,UCUf7BpZJOP4YnfF2iVDt-_Q,PinkyPopTOY,SQGLdAXNgLc,🌈실리콘 테이프 무지개 풍선 만들기🎈 - How to make rainbow balloon with Nanotape,2024-02-02T08:00:13Z,42.0,True,55769,617.0,2.0
8088,UCUf7BpZJOP4YnfF2iVDt-_Q,PinkyPopTOY,avOeaa3fVbI,🧸실리콘 테이프 핑크 곰돌이 말랑이 만들기🧸 How to make pink squishy teddy bear with Nano tape,2024-02-03T08:00:02Z,36.0,True,71376,901.0,0.0
8088,UCUf7BpZJOP4YnfF2iVDt-_Q,PinkyPopTOY,BWnVT_XmWcs,🍊실리콘 테이프 과일 말랑이 터트리기🍍 - Orbeez squishy fruits ball BURST!! with Nano tape,2024-02-04T08:00:06Z,31.0,True,73817,848.0,16.0
8089,UCcOYEm78CpaZQvPE6LtoSeA,SBS ,oUSjNTA8_wc,[캐릭터 티저] 8년 묵은 궁금증 다 풀러온 질문 폭격기 이상윤과 법륜스님✨| 법륜로드 : 스님과 손님 | SBS,2026-05-13T02:30:41Z,70.0,False,6338,242.0,16.0
8089,UCcOYEm78CpaZQvPE6LtoSeA,SBS ,ZeA_ffNJtB0,먹방에 진심인 조선 앙녀 임지연의 취향🥮 매운맛 악녀의 입맛은 의외로 순할지도?..​ෆ | 멋진 신세계 | SBS,2026-05-13T03:00:24Z,40.0,True,8067,90.0,3.0
8089,UCcOYEm78CpaZQvPE6LtoSeA,SBS ,xaC5ztmxYFg,[#습집🗂] 집들이 손님 침착맨X넉살 등장✨ 본격적으로 시작된 배성재 조롱 잔치🥳| 동상이몽2 - 너는 내 운명 | SBS,2026-05-13T03:15:08Z,892.0,False,105387,1077.0,215.0
8089,UCcOYEm78CpaZQvPE6LtoSeA,SBS ,-omeapGY4qc,나 살다 살다 이런 여주 처음 보네..(p) 제대로 돌아있는(?) 러블리 조선 악녀 임지연ㅋㅋ | 멋진 신세계 | SBS,2026-05-13T03:30:00Z,132.0,False,30825,378.0,9.0
8089,UCcOYEm78CpaZQvPE6LtoSeA,SBS ,g729H_9pULE,매튜 리X담예진X서에릭이 하고 있다는 '덕풍Log'를 몰래 가져와봤습니다🤳 | 오늘도 매진했습니다 | SBS,2026-05-13T04:00:38Z,51.0,True,8972,173.0,5.0
8089,UCcOYEm78CpaZQvPE6LtoSeA,SBS ,SqMAmHX23u4,🚨업무일지 유출🚨수목금토 대표님들 케어하느라 바쁜 윤병희 | 오늘도 매진했습니다 | 멋진 신세계 | SBS,2026-05-13T04:30:14Z,100.0,False,10696,118.0,3.0
8089,UCcOYEm78CpaZQvPE6LtoSeA,SBS ,gDaHuQjeaxg,'2026 희망 TV'에 새롭게 찾아온 트롯 왕자 장민호🎶 최애 음식부터 TMI까지 대공개✨(ft. 왼얼사 vs 오얼사?!) | 2026 희망 TV | SBS,2026-05-13T06:00:33Z,105.0,False,7242,868.0,43.0
8089,UCcOYEm78CpaZQvPE6LtoSeA,SBS ,IDnahrYJUc8,편상욱 정치 욕심 있다?! 라디오 신인 DJ 편디의 매콤한 인터뷰🚶🏻‍♂️ | 편상욱의 뉴스직격 | SBS,2026-05-13T07:00:13Z,213.0,False,241,3.0,1.0
8089,UCcOYEm78CpaZQvPE6LtoSeA,SBS ,1SIQNU4RsoE,[#NOW노트📝] 왜 하필 성경 책만 골라 훔쳤을까? 서점 단골 고객이라 의심 피했던 남자의 정체📖 | 궁금한 이야기 Y | SBS,2026-05-13T07:15:00Z,135.0,False,5002,21.0,0.0
8089,UCcOYEm78CpaZQvPE6LtoSeA,SBS ,sW6ols8YGnE,신서리X차세계 만난 지 1일차.mp4 매주 업데이트되는 '신세계 log'는오직 공홈에서만 볼 수 있느니라💜 | 멋진 신세계 | SBS,2026-05-13T07:32:24Z,30.0,True,13366,138.0,4.0
8089,UCcOYEm78CpaZQvPE6LtoSeA,SBS ,4PVy5sMwLuo,[#습집🗂] 가만히 있으면 최강록이 다 떠먹여 줌😋 비법소스 곁들인 풀코스 참치카세 말아드림✨  | 최강로드-식포일러 | SBS,2026-05-13T07:42:01Z,801.0,False,27854,177.0,9.0
8089,UCcOYEm78CpaZQvPE6LtoSeA,SBS ,6G3lALrDtlk,"[8회 예고] ""나 때문에 그렇게 됐대요"" 둘만의 행복한 시간을 보내는 안효섭과 채원빈💗 그리고 솜이를 업고 병원으로 달리는 안효섭?! | 오늘도 매진했습니다 | SBS",2026-05-13T13:15:01Z,34.0,True,9456,114.0,22.0
8089,UCcOYEm78CpaZQvPE6LtoSeA,SBS ,Y57gY_PaAxI,"[7회 엔딩] ""그럼 이건 담예진 씨 때문입니다""서로의 진심을 고백한 효섭원빈의 달빛 키스😘 | 오늘도 매진했습니다 | SBS",2026-05-13T13:30:40Z,141.0,False,30941,463.0,31.0
8089,UCcOYEm78CpaZQvPE6LtoSeA,SBS ,pKjfmynOaVo,채원빈 뽀뽀 공격에 하루 종일 입술만 보임// 서로 마음을 확인한 효섭원빈의 첫 키스❤️‍🔥 | 오늘도 매진했습니다 | SBS,2026-05-13T13:31:01Z,900.0,False,17690,212.0,19.0
8089,UCcOYEm78CpaZQvPE6LtoSeA,SBS ,tALzIq0b8DY,진짜 사랑스러운 채원빈의 팩트 체크와 꿀 떨어지는 눈빛 숨기는 안효섭🥰 | 오늘도 매진했습니다 | SBS,2026-05-13T13:45:16Z,131.0,False,85317,994.0,32.0
8089,UCcOYEm78CpaZQvPE6LtoSeA,SBS ,9Gaqs0VmtRE,"덕풍2리, 우리한테 반하지 마~ 비주얼로 반칙쓰는(?) 덕풍마을 F5✨ | 오늘도 매진했습니다 | SBS",2026-05-13T14:00:26Z,106.0,False,21219,204.0,6.0
8089,UCcOYEm78CpaZQvPE6LtoSeA,SBS ,kgJqBlBexIQ,서로 기억 안 나는 척했다가 들켜버린 안효섭♥채원빈 첫 뽀뽀의 진실😘 | 오늘도 매진했습니다 | SBS,2026-05-13T14:15:04Z,133.0,False,56746,640.0,27.0
8089,UCcOYEm78CpaZQvPE6LtoSeA,SBS ,zfI0fR0OXLo,"[8회 선공개] ""드라마 정주행 할래요?"" 채원빈, 안효섭과 보고 싶은 드라마의 제목은 바로..?! (HINT. 다방면으로 재밌음) | 오늘도 매진했습니다 | SBS",2026-05-14T00:01:03Z,137.0,False,7312,174.0,29.0
8089,UCcOYEm78CpaZQvPE6LtoSeA,SBS ,kOcli2hYQ9U,원조 에이스 사오리가 또 해냈다!! 깔끔한 슈팅으로 해트트릭 달성🤩 | 골 때리는 그녀들 | SBS,2026-05-14T00:52:16Z,99.0,False,18903,159.0,30.0
8089,UCcOYEm78CpaZQvPE6LtoSeA,SBS ,nz1fj_PwOPI,FC월드클라쓰 기 죽이는 완벽한 서기의 리부트 첫 골⚽ | 골 때리는 그녀들 | SBS,2026-05-14T01:06:15Z,64.0,False,9614,65.0,4.0
8089,UCcOYEm78CpaZQvPE6LtoSeA,SBS ,bnFoFqESzFE,오히려 감독님한테 VAR 요청하는 아야카! 완벽한 판단이 만든 쐐기 골✨ | 골 때리는 그녀들 | SBS,2026-05-14T01:44:04Z,103.0,False,16544,155.0,29.0
8089,UCcOYEm78CpaZQvPE6LtoSeA,SBS ,exBNC2pXrr0,우리 차세계 대표님 생각보다 순둥합니다! (대표님 이 영상은 싫어요 누르시면 안 돼요🥹) | 멋진 신세계 | SBS,2026-05-14T03:00:37Z,27.0,True,8145,150.0,3.0
8089,UCcOYEm78CpaZQvPE6LtoSeA,SBS ,xXGtbJmwqDg,[#습픽✔] 아니 진짜 콩트 지독하게 잘하는 아근진 멤버들ㅋㅋㅋ 현실 고증 제대로 묻어나는 아근진 상황극 모음.zip🤣 | 아니 근데 진짜! | SBS,2026-05-14T09:01:14Z,895.0,False,15866,249.0,16.0
8089,UCcOYEm78CpaZQvPE6LtoSeA,SBS ,Hh7VZPIXcZI,"[9회 예고] ""마음 주면 다들 떠나"" 제자리로 돌아왔지만 괴로워하는 안효섭😢 안효섭에게 제대로 끝내자고 제안하는 채원빈 | 오늘도 매진했습니다 | SBS",2026-05-14T13:15:01Z,39.0,True,5952,90.0,14.0
8089,UCcOYEm78CpaZQvPE6LtoSeA,SBS ,2lcEadnSq1k,[8회 엔딩] 서로 모든 것을 터놓은 안효섭과 채원빈😭 그리고 모진 말에 눈물 흘리는 채원빈 | 오늘도 매진했습니다 | SBS,2026-05-14T13:30:05Z,131.0,False,35630,462.0,24.0
8089,UCcOYEm78CpaZQvPE6LtoSeA,SBS ,t3T6DvRyEeI,분명 키스하고 꽁냥거렸는데😭 채원빈 복귀하라고 일부러 세게 말하는 안효섭 | 오늘도 매진했습니다 | SBS,2026-05-14T13:30:55Z,899.0,False,19969,192.0,20.0
8089,UCcOYEm78CpaZQvPE6LtoSeA,SBS ,DfGcjWXifak,"우리 튜담커플 달다 달아,,,😏 농장 데이트하다가 키스하는 안효섭♥채원빈 | 오늘도 매진했습니다 | SBS",2026-05-14T13:45:05Z,130.0,False,22630,432.0,19.0
8089,UCcOYEm78CpaZQvPE6LtoSeA,SBS ,YJxNJsXLtKo,어라? 그 주인공 내가 잘 아는 사람 같은데🤔 다방면으로 재밌는 드라마 보자는 담예진 | 오늘도 매진했습니다 | SBS,2026-05-14T14:00:52Z,74.0,False,15940,267.0,8.0
8089,UCcOYEm78CpaZQvPE6LtoSeA,SBS ,kTgQNdcpWwA,원빈이가 너무 슬프게 울어요🥹 죄책감 시달리는 채원빈 안아준 안효섭 | 오늘도 매진했습니다 | SBS,2026-05-14T14:15:08Z,101.0,False,31135,406.0,10.0
8089,UCcOYEm78CpaZQvPE6LtoSeA,SBS ,Cuv8ZJiSMYg,[예고] 서울 한복판에서 일어난 극악무도한 연쇄 범죄🫢 모두를 경악하게 한 결정적 증거는?! | 꼬리에 꼬리를 무는 그날 이야기 | SBS,2026-05-14T23:00:14Z,42.0,True,890,11.0,4.0
8089,UCcOYEm78CpaZQvPE6LtoSeA,SBS ,8aI0VGpCgx8,[예고] 손상되면 돌이킬 수 없는 연골 파괴☠️ 연골 수명을 늘릴 수 있는 방법?! | 세 개의 시선 | SBS,2026-05-14T23:30:03Z,31.0,True,312,5.0,0.0
8089,UCcOYEm78CpaZQvPE6LtoSeA,SBS ,1-Gl8whg0k4,"[예고] 전자발찌를 차고도 전 여자친구를 살해한 살인마, 그의 기밀 USB와 숨겨진 공범? | 그것이 알고 싶다 |  SBS",2026-05-14T23:45:00Z,55.0,True,562,9.0,1.0
8089,UCcOYEm78CpaZQvPE6LtoSeA,SBS ,eknMXWKw2iU,"[예고] 갑작스럽게 세상을 떠난 한 여고생, 그는 왜 여고생을 살해한 걸까? (ft. 피의자 정체 공개) | 궁금한 이야기 Y | SBS",2026-05-15T00:15:03Z,64.0,False,737,9.0,1.0
8089,UCcOYEm78CpaZQvPE6LtoSeA,SBS ,OcMF6poYGOY,"[3회 선공개] ""거 탄다 뒤집어라"" 재벌 허남준에게 고기 굽기 시키는 조선 악녀 임지연의 기세!🔥 | 멋진 신세계 | SBS",2026-05-15T01:00:33Z,141.0,False,284069,2606.0,265.0
8089,UCcOYEm78CpaZQvPE6LtoSeA,SBS ,9pyvOv5TsPE,SBS 2026 국민의 선택이 만난 시민의 목소리💫 당신은 어떤 낙원을 꿈꾸십니까? | 2026 국민의 선택 | SBS,2026-05-15T01:20:51Z,35.0,True,561,21.0,0.0
8089,UCcOYEm78CpaZQvPE6LtoSeA,SBS ,sNnLA4yF1Hk,멋진 신세계 배우들이 그렇게 예쁘다며? 웅 맞아 우리야ㅎㅎ😉 | 멋진 신세계 | SBS,2026-05-15T03:00:49Z,14.0,True,16345,141.0,2.0
8089,UCcOYEm78CpaZQvPE6LtoSeA,SBS ,yWCCB2SYwyw,스승의 은혜는 하늘 같아서~ 전국의 계신 선생님들 감사하고 응원합니다✨ | SBS,2026-05-15T04:00:52Z,24.0,True,5882,49.0,0.0
8089,UCcOYEm78CpaZQvPE6LtoSeA,SBS ,7JXkqLzXs1A,점핑 여신 김혜선이 열정 넘치게 뛰는 이유?! 투표 독려 위해 뛰어!🗳️ | 2026 국민의 선택 | SBS,2026-05-15T05:30:09Z,78.0,False,462,9.0,0.0
8089,UCcOYEm78CpaZQvPE6LtoSeA,SBS ,bfaLu9QhpOs,[선공개] 잠자기 전 100% 생각나는 김지유 춤사위💃🏻 클럽 가려고 전주에서 서울로 매주 상경함ㅋㅋ | 아니 근데 진짜! | SBS,2026-05-15T06:10:18Z,251.0,False,8669,169.0,16.0
8089,UCcOYEm78CpaZQvPE6LtoSeA,SBS ,DrUFquaXA9A,17년 만에 '텐텐클럽' 애청자와 다시 만난 스윗소로우의 깜짝 이벤트?! | 파워FM | SBS,2026-05-15T06:48:41Z,89.0,False,4193,9.0,0.0
8089,UCcOYEm78CpaZQvPE6LtoSeA,SBS ,iVRTt27pLo0,"[예고] ""한혜진 씨가 나 좋대요?""😏 소개팅 장인 탁재훈의 차원이 다른 플러팅?! | 미운 우리 새끼 | SBS",2026-05-15T09:30:31Z,50.0,True,2830,38.0,
8089,UCcOYEm78CpaZQvPE6LtoSeA,SBS ,vq5ILqmJK-s,"[4회 예고] ""내가 걱정되고 보고 싶어 온 게지?"" 결국 계약을 맺게 된 두 사람🖊️ 그리고 임지연이 점점 신경 쓰이는 허남준?! | 멋진 신세계 | SBS",2026-05-15T14:15:07Z,32.0,True,9990,147.0,16.0
8089,UCcOYEm78CpaZQvPE6LtoSeA,SBS ,EORdQlz-2Xk,진짜 웃기는 여자야🤦‍♂️ 임지연에게 감겨서 회사까지 차린 재벌 호구(?) 허남준❤️‍🔥| 멋진 신세계 | SBS,2026-05-15T14:30:10Z,892.0,False,132563,1375.0,139.0
8089,UCcOYEm78CpaZQvPE6LtoSeA,SBS ,dddGScQQ_Jg,[3회 엔딩] '곱게 미친놈이 날 보고 자꾸 웃는다' 2 대 1로 싸우는 임지연(지지는 않음)🖐️ 그리고 갑자기 소속사 대표가 된 허남준?! | 멋진 신세계 | SBS,2026-05-15T14:30:33Z,176.0,False,115380,1898.0,69.0
8089,UCcOYEm78CpaZQvPE6LtoSeA,SBS ,WAh0XvwfDAE,⚠️조선 악녀 잘못 건드리면 큰일 남⚠️ 임지연에 덤볐다가 탈탈 털린 이세희ㅋㅋ | 멋진 신세계 | SBS,2026-05-15T14:45:06Z,122.0,False,99045,974.0,22.0
8089,UCcOYEm78CpaZQvPE6LtoSeA,SBS ,5M1qbITaQk0,여기 사람이 쓰러졌다(?) 여기 환자 있다고홐↗ 냅다 아픈척하는 지연남준의 레전드 쿵짝 연기ㅋㅋ | 멋진 신세계 | SBS,2026-05-15T15:00:08Z,83.0,False,34643,405.0,10.0
8089,UCcOYEm78CpaZQvPE6LtoSeA,SBS ,bmjuyGe8BaI,"[4회 선공개] “이 여자 나 좋아하네” 허남준, 임지연이 보낸 한자 서찰 읽고 혼자 설렘 폭주?!😳 | 멋진 신세계 | SBS",2026-05-16T01:00:36Z,173.0,False,26054,900.0,159.0
8089,UCcOYEm78CpaZQvPE6LtoSeA,SBS ,jo2VzTspG8w,[예고] 일일 임대 멤버(?) 공명✨ 마음껏 돈 쓰고 마음껏 배신하는 소비 전쟁 레이스💸 | 런닝맨 | SBS,2026-05-16T01:30:37Z,52.0,True,1180,49.0,9.0
8089,UCcOYEm78CpaZQvPE6LtoSeA,SBS ,xk_Z_C-ORYs,이보다 찰지게 장희빈 대사 치는 배우 없음. 마트에서 고퀄 연기 말아주는 조선 악녀 임지연ㅋㅋ | 멋진 신세계 | SBS,2026-05-16T03:01:02Z,54.0,True,4797,286.0,10.0
8089,UCcOYEm78CpaZQvPE6LtoSeA,SBS ,xo29C1F3rig,"[예고] ""당신의 개는 고기를 선택하였습니다"" 속세의 맛을 알아버린 보광사 마스코트 보람이🤤 | TV 동물농장 | SBS",2026-05-16T03:30:37Z,30.0,True,78,7.0,0.0
8090,UC3sCmmMaM383cjv1jNdiU2w,콩순이 Kongsuni,B_Y4RljIEEs,콩순이의 크리스마스는 아직 끝나지 않았다!!🎅ㅣ🆕콩순이의 율동교실💛 콩순이 징글벨,2026-01-29T09:00:26Z,32.0,True,1366715,5780.0,0.0
8090,UC3sCmmMaM383cjv1jNdiU2w,콩순이 Kongsuni,DYXhTAovmqc,색깔 숲을 달려요🏃‍♀️ㅣ알록달록 숲 속을 신나게 달려요!! | 콩순이랑 배워요 시즌2 | 색깔놀이,2026-01-30T09:00:20Z,108.0,False,35522,36.0,0.0
8090,UC3sCmmMaM383cjv1jNdiU2w,콩순이 Kongsuni,zFPDGh5zHoE,콩콩이가 멜빵으로 연주를 해요!!🎸ㅣNEW 엉뚱발랄 콩순이와 친구들,2026-02-01T01:31:03Z,21.0,True,1217536,5357.0,0.0
8090,UC3sCmmMaM383cjv1jNdiU2w,콩순이 Kongsuni,sWF06azGQw4,단팥 붕어빵? 슈크림 붕어빵? 오늘은 어떤 붕어빵을 먹어볼까?ㅣ🆕콩순이의 율동교실💛 꼬마 붕어빵,2026-02-05T09:01:26Z,15.0,True,508889,2022.0,0.0
8090,UC3sCmmMaM383cjv1jNdiU2w,콩순이 Kongsuni,aZpJAXDMZ9w,손가락으로 모양을 찾아요👐ㅣ손가락을 모아서 모양을 찾아요! | 콩순이랑 배워요 시즌2 | 모양놀이,2026-02-06T09:00:03Z,113.0,False,27193,35.0,0.0
8090,UC3sCmmMaM383cjv1jNdiU2w,콩순이 Kongsuni,b1vi6v8Qx9M,숨을 흡!! 참고 기저귀를 갈아요😖ㅣNEW 엉뚱발랄 콩순이와 친구들,2026-02-08T01:30:38Z,60.0,True,1368486,8318.0,0.0
8090,UC3sCmmMaM383cjv1jNdiU2w,콩순이 Kongsuni,8f_Oa1mECeM,아야아야! 배가 아플 땐 콩순이 의사 선생님이 도와줄게요!🩹ㅣ🆕콩순이의 율동교실💛 띵동띵동 병원 놀이,2026-02-12T09:00:19Z,27.0,True,5839637,27720.0,0.0
8090,UC3sCmmMaM383cjv1jNdiU2w,콩순이 Kongsuni,4BZUM5HvsME,신나는 설날! 콩순이와 함께 '영실업 토이빌리지'로 가볼까요? | NC 백화점 강서점 1층 (2/14~2/20) | #영실업 #팝업 #설날 #장난감,2026-02-13T02:00:07Z,39.0,True,374319,2084.0,0.0
8090,UC3sCmmMaM383cjv1jNdiU2w,콩순이 Kongsuni,9e6z_M85vzI,어떤 기분일까요? 1편ㅣ으으 콩순이는 너무 긴장돼요😫 | 콩순이랑 배워요 시즌2 | 감정놀이,2026-02-13T09:00:11Z,116.0,False,45827,53.0,0.0
8090,UC3sCmmMaM383cjv1jNdiU2w,콩순이 Kongsuni,p_7xjoqQD8A,콩순이랑 티미가 배우가 된다고?!🎬ㅣNEW 엉뚱발랄 콩순이와 친구들,2026-02-15T01:30:48Z,39.0,True,753933,4434.0,0.0
8090,UC3sCmmMaM383cjv1jNdiU2w,콩순이 Kongsuni,OM-AM5T-cu4,하얀 눈으로 어떤 눈사람을 만들까요?⛄ㅣ🆕콩순이의 율동교실💛 콩순이 눈사람,2026-02-19T09:00:37Z,23.0,True,540162,2563.0,0.0
8090,UC3sCmmMaM383cjv1jNdiU2w,콩순이 Kongsuni,-VDG5nAlzLU,어떤 기분일까요? 2편ㅣ방귀를 뽀옹💨 아이 부끄러워😖 | 콩순이랑 배워요 시즌2 | 감정놀이,2026-02-20T09:00:00Z,115.0,False,39994,56.0,0.0
8090,UC3sCmmMaM383cjv1jNdiU2w,콩순이 Kongsuni,i8let5S1GQo,웩!! 이게 무슨 냄새야!!😱😱ㅣNEW 엉뚱발랄 콩순이와 친구들,2026-02-22T01:30:43Z,25.0,True,2994318,13522.0,0.0
8090,UC3sCmmMaM383cjv1jNdiU2w,콩순이 Kongsuni,xLeHkC5mssQ,알록달록 풍선을 색칠해요!🎈 1편ㅣ콩순이랑 배워요 시즌2ㅣ#색칠 #색칠놀이 #색깔 #색깔놀이,2026-02-26T09:01:30Z,20.0,True,776336,3403.0,0.0
8090,UC3sCmmMaM383cjv1jNdiU2w,콩순이 Kongsuni,A8cvS4lEKv8,골고루 맛있게 먹어요ㅣ골고루 먹으면 힘이 쑥쑥! 몸이 튼튼!!💪 | 콩순이랑 배워요 시즌2 | 생활습관,2026-02-27T09:00:30Z,111.0,False,77345,68.0,0.0
8090,UC3sCmmMaM383cjv1jNdiU2w,콩순이 Kongsuni,qs9NZRYAOGA,티미의 화를 풀어주기 위한 포미의 비밀 선물!🎁ㅣNEW 엉뚱발랄 콩순이와 친구들,2026-03-01T01:30:49Z,58.0,True,502598,3861.0,0.0
8090,UC3sCmmMaM383cjv1jNdiU2w,콩순이 Kongsuni,7rNctzm7tBQ,풍선을 색칠해서 예쁜 열기구를 만들어요!🎈 2편ㅣ콩순이랑 배워요 시즌2ㅣ#색칠 #색칠놀이 #색깔 #색깔놀이,2026-03-05T09:00:08Z,26.0,True,594467,2962.0,0.0
8090,UC3sCmmMaM383cjv1jNdiU2w,콩순이 Kongsuni,dArrFzvhUrE,콩순이🧡 콩순이랑 알록달록 예쁜 색깔을 배워요!ㅣ색깔놀이 전편 몰아보기ㅣ콩순이랑 배워요 시즌2ㅣ색깔놀이,2026-03-06T09:01:03Z,420.0,False,117495,139.0,0.0
8090,UC3sCmmMaM383cjv1jNdiU2w,콩순이 Kongsuni,ZbyRGF2dP1o,커다란 뭉치의 입에서 어떤 물건이 나올까요?ㅣNEW 엉뚱발랄 콩순이와 친구들,2026-03-08T01:30:30Z,55.0,True,2477519,17575.0,0.0
8090,UC3sCmmMaM383cjv1jNdiU2w,콩순이 Kongsuni,M8jXHXg_-ok,색깔 캡슐 안에서 어떤 물건이 나올까요?🎊ㅣ콩순이랑 배워요 시즌2ㅣ#색칠 #색칠놀이 #색깔 #색깔놀이,2026-03-12T09:00:34Z,44.0,True,513358,3240.0,0.0
8090,UC3sCmmMaM383cjv1jNdiU2w,콩순이 Kongsuni,3FBB0oVQ4jc,눈싸움 대결☃ㅣ받아라~콩순이 불꽃 눈덩이~!  | 콩순이의 하루💕,2026-03-13T09:00:04Z,109.0,False,30908,57.0,0.0
8090,UC3sCmmMaM383cjv1jNdiU2w,콩순이 Kongsuni,yVvA3ejYVtI,쉿! 이건 우리끼리의 비밀이야!ㅣNEW 엉뚱발랄 콩순이와 친구들,2026-03-15T01:30:49Z,60.0,True,1892843,14209.0,0.0
8090,UC3sCmmMaM383cjv1jNdiU2w,콩순이 Kongsuni,61j31v_JyQE,봄바람과 함께 찾아온🌸봄맞이 세일 페스타🌸 지금 바로 가볼까요? | 롯데 프리미엄 아울렛 기흥점 2층 (3/19~4/1) | #롯데프리미엄아울렛 #팝업 #팝업스토어 #장난감,2026-03-17T09:00:12Z,43.0,True,387074,2686.0,0.0
8090,UC3sCmmMaM383cjv1jNdiU2w,콩순이 Kongsuni,h0ZZRWrF9Fs,준비~ 출발!! 색깔 달리기를 해요!!🏃‍♀️🏃‍♂️ㅣ콩순이랑 배워요 시즌2ㅣ#색칠 #색칠놀이 #색깔 #색깔놀이,2026-03-19T09:01:06Z,55.0,True,7238106,42164.0,0.0
8090,UC3sCmmMaM383cjv1jNdiU2w,콩순이 Kongsuni,aUECdqEuoa0,그림자 괴물😈ㅣ헉!! 이게 무슨 소리지...?! | 콩순이의 하루💕,2026-03-20T09:00:01Z,108.0,False,29078,40.0,0.0
8090,UC3sCmmMaM383cjv1jNdiU2w,콩순이 Kongsuni,V-k-zyHiZO8,친구들이 나를 모른다고?!😥ㅣNEW 엉뚱발랄 콩순이와 친구들,2026-03-22T01:30:32Z,85.0,False,931947,8399.0,0.0
8090,UC3sCmmMaM383cjv1jNdiU2w,콩순이 Kongsuni,1PaHQ-LIPOg,쿠키 도둑🍪ㅣ쿠키가 도망간다!! 거기 서!! | 콩순이의 하루💕,2026-03-27T09:00:03Z,108.0,False,28953,30.0,0.0
8090,UC3sCmmMaM383cjv1jNdiU2w,콩순이 Kongsuni,GGVsrrWVRw0,콩콩! 색깔 팝잇을 밟으며 뛰어봐요!!😁ㅣ콩순이랑 배워요 시즌2ㅣ#색칠 #색칠놀이 #색깔 #색깔놀이,2026-03-29T14:00:23Z,54.0,True,52295689,345034.0,0.0
8090,UC3sCmmMaM383cjv1jNdiU2w,콩순이 Kongsuni,EirLELGg9is,발레 교실🦢ㅣ콩순이랑 같이 우아한 발레를 배워볼까? | 콩순이의 하루💕,2026-04-03T09:00:20Z,110.0,False,50324,87.0,0.0
8090,UC3sCmmMaM383cjv1jNdiU2w,콩순이 Kongsuni,tqgkrkXIYj4,네모 모양 물건을 찾아요!🎲📒📦ㅣ콩순이랑 배워요 시즌2ㅣ#네모 #네모모양 #모양 #모양놀이,2026-04-05T02:00:57Z,16.0,True,539960,2920.0,0.0
8090,UC3sCmmMaM383cjv1jNdiU2w,콩순이 Kongsuni,LDjlBlrKX7k,모자를 지켜라👒ㅣ콩순이의 예쁜 새모자를 지켜라!! | 콩순이의 하루💕,2026-04-10T09:00:28Z,109.0,False,18213,39.0,0.0
8090,UC3sCmmMaM383cjv1jNdiU2w,콩순이 Kongsuni,qjxThQV40NE,세모 모양 물건을 찾아요!📐🍕🚩ㅣ콩순이랑 배워요 시즌2ㅣ#세모 #세모모양 #모양 #모양놀이,2026-04-12T02:00:47Z,18.0,True,261561,1542.0,0.0
8090,UC3sCmmMaM383cjv1jNdiU2w,콩순이 Kongsuni,8yuPDDYuKyI,딸기쥬스가 짠🍓🥤! 쥬스도 만들고 같이 목욕놀이까지! | (콩콩이와 알록달록) 믹서기 목욕놀이 | #콩순이 #장난감 #Shorts,2026-04-13T05:00:13Z,53.0,True,160052,1379.0,0.0
8090,UC3sCmmMaM383cjv1jNdiU2w,콩순이 Kongsuni,U-s6tOT0464,"목욕하고🛁 양치하고🪥, 콩콩이와 즐거운 목욕놀이 시간! | (치카치카) 양치목욕 콩콩이 | #콩순이 #장난감 #Shorts",2026-04-15T05:00:35Z,53.0,True,140286,1304.0,0.0
8090,UC3sCmmMaM383cjv1jNdiU2w,콩순이 Kongsuni,z_WAoJJgvRs,무릎을 다쳤어요😥ㅣ으아앙! 무릎이 너무 아파요🩹 | 콩순이의 하루💕,2026-04-17T09:01:26Z,111.0,False,41996,77.0,0.0
8090,UC3sCmmMaM383cjv1jNdiU2w,콩순이 Kongsuni,XumLvrS3Dxk,"콩순이랑 정리하고, 수다떨고💋 수다쟁이 냉장고와 놀아요! #콩순이 #냉장고 #장난감",2026-04-18T05:00:36Z,76.0,False,136842,1478.0,0.0
8090,UC3sCmmMaM383cjv1jNdiU2w,콩순이 Kongsuni,D1R5iWuywUk,동그라미 모양 물건을 찾아요!🍪⚽🕑ㅣ콩순이랑 배워요 시즌2ㅣ#동그라미 #동그라미모양 #모양 #모양놀이,2026-04-19T02:00:16Z,25.0,True,271579,1503.0,0.0
8090,UC3sCmmMaM383cjv1jNdiU2w,콩순이 Kongsuni,ymmEOJT23KE,콩콩이랑 즐겁게 목욕하자! | (치카치카) 양치목욕 콩콩이 | #콩순이,2026-04-20T05:24:40Z,71.0,False,11082,14.0,0.0
8090,UC3sCmmMaM383cjv1jNdiU2w,콩순이 Kongsuni,E3f70BU9fV4,*뮤지컬* 엉뚱발랄 콩순이 슈퍼콘서트 | 2026.5.1(금) ~ 5.10(일) | 성균관대학교 대극장 새천년홀,2026-04-21T05:00:21Z,31.0,True,14431,26.0,0.0
8090,UC3sCmmMaM383cjv1jNdiU2w,콩순이 Kongsuni,EfD8IbXNLeo,"콩순이랑 포미랑! 냉장고를 차곡차곡 정리하고, 다양한 말을 배워요! [말하는 캐리어 냉장고] #콩순이 #장난감",2026-04-22T04:44:03Z,215.0,False,21052,17.0,0.0
8090,UC3sCmmMaM383cjv1jNdiU2w,콩순이 Kongsuni,Kj6ckMBn04I,신나는 어린이날에는💕두근두근 장난감 마을💕로 놀러오세요~! | 롯데 프리미엄 아울렛 광명점 1층 (4/24~5/5) | #롯데프리미엄아울렛 #팝업 #팝업스토어 #장난감,2026-04-23T09:00:35Z,53.0,True,88172,706.0,0.0
8090,UC3sCmmMaM383cjv1jNdiU2w,콩순이 Kongsuni,YZGZNeRulao,콩순이의 하루 모아보기!!ㅣ콩순이랑 같이 신나게 놀아요~! | 모아보기 | 콩순이의 하루💕,2026-04-24T09:01:01Z,615.0,False,14455,32.0,0.0
8090,UC3sCmmMaM383cjv1jNdiU2w,콩순이 Kongsuni,Wb3QE2qz7ow,시원한 쥬스와 함께🥤 즐거운 목욕놀이💦 | (콩콩이와 알록달록) 믹서기 목욕놀이 | #콩순이,2026-04-25T05:20:14Z,81.0,False,15348,20.0,0.0
8090,UC3sCmmMaM383cjv1jNdiU2w,콩순이 Kongsuni,1IH6-m926t4,*뮤지컬* 엉뚱발랄 콩순이 슈퍼콘서트 | 2026.5.1(금) ~ 5.10(일) | 성균관대학교 대극장 새천년홀,2026-04-25T09:00:05Z,31.0,True,88551,628.0,0.0
8090,UC3sCmmMaM383cjv1jNdiU2w,콩순이 Kongsuni,50M3FcAF19A,하트 모양 물건을 찾아요!💛💕💖ㅣ콩순이랑 배워요 시즌2ㅣ#하트 #하트모양 #모양 #모양놀이,2026-04-26T02:00:08Z,28.0,True,97194,788.0,0.0
8090,UC3sCmmMaM383cjv1jNdiU2w,콩순이 Kongsuni,SOY7gE-7Za8,콩순이의 가장 소중한 친구 세요!ㅣ엉뚱발랄 콩순이와 친구들💖ㅣ#콩순이 #kongsuni #세요 #친구,2026-05-01T09:00:41Z,45.0,True,68747,598.0,0.0
8090,UC3sCmmMaM383cjv1jNdiU2w,콩순이 Kongsuni,TYUilBgugpo,두근두근 콩순이가 긴장했어요!😖ㅣ콩순이랑 배워요 시즌2ㅣ#감정 #기분 #긴장 #편안함 #감정놀이,2026-05-03T02:00:21Z,27.0,True,72415,512.0,0.0
8090,UC3sCmmMaM383cjv1jNdiU2w,콩순이 Kongsuni,LnDxcRHJEPk,콩콩이를 위한 이유식을 만들어요!ㅣ엉뚱발랄 콩순이와 친구들💖ㅣ#콩순이 #kongsuni #요리 #이유식 #콩콩이,2026-05-08T09:00:27Z,60.0,True,42503,427.0,0.0
8090,UC3sCmmMaM383cjv1jNdiU2w,콩순이 Kongsuni,vSTrmG4dS1s,어어?! 콩콩아 그러면 안돼!! 콩순이는 화가 났어요!😡ㅣ콩순이랑 배워요 시즌2ㅣ#감정 #기분 #화남 #기쁨 #감정놀이,2026-05-10T02:00:51Z,27.0,True,81447,589.0,0.0
8090,UC3sCmmMaM383cjv1jNdiU2w,콩순이 Kongsuni,8MyZel8-t5Q,으아아악!! 세요 살려!!!!ㅣ엉뚱발랄 콩순이와 친구들💖ㅣ#콩순이 #kongsuni #콩콩이,2026-05-15T09:00:16Z,56.0,True,9285,119.0,0.0
8091,UCT-_4GqC-yLY1xtTHhwY0hA,PONY Syndrome,SCCpC9dBT3Q,Winter Berry Makeup Tutorial with my recent favorite Japanese brand [KATE] ft.,2023-10-24T11:06:50Z,959.0,False,139347,4159.0,73.0
8091,UCT-_4GqC-yLY1xtTHhwY0hA,PONY Syndrome,3UxLSxAFBvg,"🍑딥트3일x숌 포니 피치 뷰티패키지로 말캉 겨울 복숭아 룩! Peach Makeup with DEEPTE 3DAYS x SHHOM ""Pony Peach Beauty Package""",2023-10-30T10:00:04Z,427.0,False,118236,3116.0,196.0
8091,UCT-_4GqC-yLY1xtTHhwY0hA,PONY Syndrome,ZrhyCQPMxXs,What I‘ll wear for...👀💜기분내는 날 착장모음!,2023-11-22T10:00:24Z,35.0,True,66825,2054.0,10.0
8091,UCT-_4GqC-yLY1xtTHhwY0hA,PONY Syndrome,NhxLyUKp4VA,3D Juicy Lips Tutorial🍒,2023-11-25T10:00:26Z,39.0,True,313649,18766.0,65.0
8091,UCT-_4GqC-yLY1xtTHhwY0hA,PONY Syndrome,M0DUBlm4qvo,Natural Makeup Tutorial 4 IMPORTANT steps for makeup that last all day!,2023-11-30T10:00:30Z,31.0,True,130738,4234.0,25.0
8091,UCT-_4GqC-yLY1xtTHhwY0hA,PONY Syndrome,_krcCdYaazs,별빛 포인트 살짝!✨ 세미 스모키 메이크업  Subtle Twinkling Starlight! Semi-Smokey Makeup,2023-12-02T10:00:25Z,492.0,False,319404,13867.0,207.0
8091,UCT-_4GqC-yLY1xtTHhwY0hA,PONY Syndrome,TINJI-d9NYE,겨울철 파데 딱! 달라붙는 매끈 촉촉 베이스 메이크업 (진정+붉은기+보습템 소개) Perfectly Smooth & Dewy Winter Foundation,2023-12-05T10:00:30Z,551.0,False,419762,11410.0,115.0
8091,UCT-_4GqC-yLY1xtTHhwY0hA,PONY Syndrome,eMX6wdp0_Ys,겨울 진정 보습 아이템💖 붉은기 & 색소침착 & 트러블은 어니언 라인으로 해결! #shorts,2023-12-06T05:23:02Z,60.0,True,55152,1331.0,15.0
8091,UCT-_4GqC-yLY1xtTHhwY0hA,PONY Syndrome,fRX4QofkDKg,겨울 다 가기 전에 아잉 추워 메이크업!❄️ [칫챗 겟레디],2023-12-22T12:10:01Z,758.0,False,142789,4429.0,113.0
8091,UCT-_4GqC-yLY1xtTHhwY0hA,PONY Syndrome,u-xBYA5skag,"모브 메이크업 + 메이크업에 어울리는 헤어스타일하는법 (C컬, 웨이브머리, 묶음머리TIP) Makeup + Hairstyle = lifehack!",2024-01-28T10:00:39Z,1021.0,False,110228,3126.0,69.0
8091,UCT-_4GqC-yLY1xtTHhwY0hA,PONY Syndrome,rl1qPcZjEEs,유닉스 에어샷 랩모션으로 헤어스타일링 🍯꿀팁! TIPS on how to style your hair with Unix Airshot Wrap Motion,2024-01-29T10:00:40Z,59.0,True,69041,1319.0,6.0
8091,UCT-_4GqC-yLY1xtTHhwY0hA,PONY Syndrome,PSbFlf7hICk,My Blush is… 🧡💜❤️🩷,2024-02-08T10:00:27Z,18.0,True,134494,5877.0,42.0
8091,UCT-_4GqC-yLY1xtTHhwY0hA,PONY Syndrome,M8E0j5Pr0cQ,Sugar plum fairy look💜,2024-02-26T13:26:13Z,59.0,True,197880,9108.0,35.0
8091,UCT-_4GqC-yLY1xtTHhwY0hA,PONY Syndrome,A5uiAJnAYWQ,빠르고 심플하게! 🍑모노컬러 코랄 메이크업🍑 Quick & Simple Monochromatic Coral Makeup!,2024-02-29T10:00:12Z,560.0,False,182984,5733.0,72.0
8091,UCT-_4GqC-yLY1xtTHhwY0hA,PONY Syndrome,cgSchueee7M,⚜️올드머니룩 메이크업⚜️ Old Money Makeup Look,2024-03-05T10:00:25Z,739.0,False,222258,5707.0,82.0
8091,UCT-_4GqC-yLY1xtTHhwY0hA,PONY Syndrome,BAM2jg7yxVs,🍒체리 립 포인트 메이크업! Cherry Lip Point Makeup!,2024-04-21T10:00:14Z,807.0,False,282189,10276.0,96.0
8091,UCT-_4GqC-yLY1xtTHhwY0hA,PONY Syndrome,NmijkxRFEB8,"지금 하면 제일 예뻐,,🌸 핑크 골드 메이크업 Pink Gold Makeup",2024-04-30T10:00:30Z,546.0,False,149397,5044.0,72.0
8091,UCT-_4GqC-yLY1xtTHhwY0hA,PONY Syndrome,lD6OC_s9hnk,🫧초여름 청량 스파클링 메이크업 ✨Refreshing Early Summer Sparkly Makeup,2024-05-18T10:00:41Z,674.0,False,200929,6546.0,81.0
8091,UCT-_4GqC-yLY1xtTHhwY0hA,PONY Syndrome,OavX2MIV1Gk,퀵&이지 데일리 메이크업! (feat.써랏) Quick & Easy Daily Makeup! (Ft. Surratt),2024-05-22T10:00:30Z,419.0,False,235244,6047.0,110.0
8091,UCT-_4GqC-yLY1xtTHhwY0hA,PONY Syndrome,993SRc8byks,‼️코스인들 주목‼️ 고양이상 메이크업 🐱 Cat-Eye Makeup (Attention Cosplayers!),2024-06-29T10:00:06Z,698.0,False,136934,5026.0,121.0
8091,UCT-_4GqC-yLY1xtTHhwY0hA,PONY Syndrome,8uh8Q9_6a0I,Cat-Eye look🐱💜,2024-07-26T15:24:44Z,31.0,True,60452,1842.0,15.0
8091,UCT-_4GqC-yLY1xtTHhwY0hA,PONY Syndrome,09hhYb2mOJk,👓 청순&시크 2가지 긱시크 메이크업 Geek Chic Make Up,2024-07-27T10:00:02Z,609.0,False,1142096,48355.0,209.0
8091,UCT-_4GqC-yLY1xtTHhwY0hA,PONY Syndrome,D2XlUERbyN0,40분 동안 녹음이 안 되고 있었다.,2024-08-03T14:08:36Z,11.0,True,87357,1717.0,18.0
8091,UCT-_4GqC-yLY1xtTHhwY0hA,PONY Syndrome,nP9jhoF7rCY,🩵요즘 유행!🩵  K-POP 아이돌 콧잔등 메이크업 Super Trendy K-POP Idol Brightened Nose Bridge Look!,2024-08-08T10:01:01Z,588.0,False,134780,4381.0,92.0
8091,UCT-_4GqC-yLY1xtTHhwY0hA,PONY Syndrome,vGk8e_XZ6Pw,인스타그램 메이크업 요청! 레드 염색 메이크업🍒 Instagram Requests: Makeup For Red Hair!,2024-10-12T10:01:01Z,603.0,False,203382,7239.0,116.0
8091,UCT-_4GqC-yLY1xtTHhwY0hA,PONY Syndrome,4XzZTnaYFvI,고급스러운 피부 표현법 + 벨벳 시나몬 메이크업🧸🤎 Velvet Cinnamon Makeup,2024-11-30T10:00:05Z,681.0,False,137737,4287.0,61.0
8091,UCT-_4GqC-yLY1xtTHhwY0hA,PONY Syndrome,h9BtrcnJbDs,Monochrome smoky vibes with a fresh pink twist!🩶🩷,2024-12-04T08:18:14Z,59.0,True,171975,10084.0,27.0
8091,UCT-_4GqC-yLY1xtTHhwY0hA,PONY Syndrome,2CcIP0akKPU,연말 모임에서 여신되는 네온빔 글로이 메이크업🥂✨ Holiday Glowy Neon-Beam Makeup!,2024-12-28T10:00:02Z,597.0,False,162310,5391.0,147.0
8091,UCT-_4GqC-yLY1xtTHhwY0hA,PONY Syndrome,yvNHUZlbiWs,"자카르타 출장 브이로그거든요,,,Jakarta Vlog",2025-02-16T10:15:08Z,930.0,False,42391,1075.0,74.0
8091,UCT-_4GqC-yLY1xtTHhwY0hA,PONY Syndrome,PIqb_VsaO-0,계속 먹기만 하는 두바이 출장 브이로그 Dubai Vlog #1,2025-03-02T13:30:23Z,1455.0,False,33484,847.0,74.0
8091,UCT-_4GqC-yLY1xtTHhwY0hA,PONY Syndrome,pENw6m4affQ,나만 안 했어 모카무스 메이크업 ☕ Mocha Mousse Makeup,2025-03-22T10:01:05Z,205.0,False,175675,6743.0,116.0
8091,UCT-_4GqC-yLY1xtTHhwY0hA,PONY Syndrome,5I_q0K9NghQ,인간 딸기가 되어보자🍓Strawberry Makeup,2025-04-26T10:00:15Z,501.0,False,154006,6161.0,106.0
8091,UCT-_4GqC-yLY1xtTHhwY0hA,PONY Syndrome,sfptVOzyuTA,올여름 이 룩 어ㄸㅐ? 🌴 썬키스드 메이크업 🌞 Sun-kissed Makeup,2025-06-10T10:01:27Z,618.0,False,133682,4863.0,160.0
8091,UCT-_4GqC-yLY1xtTHhwY0hA,PONY Syndrome,knr4-SIWlY4,중국 상해 출장 GRWM🍸️ GRWM for a Cocktail Party in Shanghai!,2025-09-06T10:01:13Z,620.0,False,79541,2195.0,86.0
8091,UCT-_4GqC-yLY1xtTHhwY0hA,PONY Syndrome,VEGsIvQr5Xc,"⚠️베이스 절대 안 뜨는 법! 매번 화장이 뜬다면 필수시청! 🧸밀키 베이지 메이크업 No-Patchy, No-Creasing Base Tip!",2025-09-27T10:00:49Z,1074.0,False,327810,8739.0,192.0
8091,UCT-_4GqC-yLY1xtTHhwY0hA,PONY Syndrome,IT6qi7lOglo,대만 야시장 돼지파티 1편,2025-10-02T06:09:15Z,56.0,True,39493,429.0,9.0
8091,UCT-_4GqC-yLY1xtTHhwY0hA,PONY Syndrome,wi1TYBMLJnc,취두부의 추억🤍,2025-10-04T06:48:28Z,60.0,True,40496,319.0,6.0
8091,UCT-_4GqC-yLY1xtTHhwY0hA,PONY Syndrome,Ke7PSVVbigU,대만 야시장 돼지파티 마지막편,2025-10-08T11:50:45Z,61.0,False,52357,536.0,13.0
8091,UCT-_4GqC-yLY1xtTHhwY0hA,PONY Syndrome,u5n3sK_GpUY,Tears Trend🩷,2025-10-23T11:39:51Z,9.0,True,901986,11313.0,82.0
8091,UCT-_4GqC-yLY1xtTHhwY0hA,PONY Syndrome,sCkK1nqTDtQ,🖤핀터 감성 스모키 메이크업🖤 Smokey Freckled Makeup,2025-10-31T10:01:42Z,916.0,False,596221,33490.0,325.0
8091,UCT-_4GqC-yLY1xtTHhwY0hA,PONY Syndrome,kI1aV_w0Q6o,Cyberpunk Lucy🩵,2025-11-04T10:32:42Z,32.0,True,76289,2204.0,35.0
8091,UCT-_4GqC-yLY1xtTHhwY0hA,PONY Syndrome,89bEkH5BVDk,코덕들 환장하는 대만 드럭스토어 같이 구경해요!,2025-11-18T11:00:23Z,592.0,False,41228,1183.0,50.0
8091,UCT-_4GqC-yLY1xtTHhwY0hA,PONY Syndrome,k3DatV86zkM,청순함에 스모키 한 방울🤍 Pure semi-smoky makeup,2025-11-29T10:01:16Z,630.0,False,92881,2990.0,89.0
8091,UCT-_4GqC-yLY1xtTHhwY0hA,PONY Syndrome,OipaVE5Rlbg,레이 낙서🩵 #linesofevangelion #evangerion #AyanamiRei,2025-12-01T02:39:45Z,25.0,True,49956,711.0,5.0
8091,UCT-_4GqC-yLY1xtTHhwY0hA,PONY Syndrome,OJqt9EwB21o,각질부자들을 위한 베이스팁 6가지! 6 Base Makeup Tips for Flaky Skin,2025-12-27T13:00:46Z,102.0,False,137945,4459.0,40.0
8091,UCT-_4GqC-yLY1xtTHhwY0hA,PONY Syndrome,TzFPijkOJlM,연말 모임때 하기 좋은 메이크업🫟,2025-12-29T12:56:04Z,80.0,False,93439,2711.0,25.0
8091,UCT-_4GqC-yLY1xtTHhwY0hA,PONY Syndrome,5h7UZezsGJI,💖웜톤이 말아보는 뽀용한 파스텔 핑크 메이크업 Pastel Pink Makeup!,2026-01-24T10:00:08Z,747.0,False,103064,4723.0,158.0
8091,UCT-_4GqC-yLY1xtTHhwY0hA,PONY Syndrome,LK3yis4iVXA,"오랜만에 잼메,,,",2026-02-21T10:32:46Z,14.0,True,154010,3724.0,61.0
8091,UCT-_4GqC-yLY1xtTHhwY0hA,PONY Syndrome,bejLZHs7XLE,가까운데 나갈 때 하는 10분 퀵 투명 메이크업! My Go-To 10-Minute Clean Makeup Look,2026-03-01T10:00:50Z,557.0,False,105852,3354.0,92.0
8091,UCT-_4GqC-yLY1xtTHhwY0hA,PONY Syndrome,YRWNxzB1g18,The Last of Us Part II Ellie cosplay🦕,2026-03-23T14:02:46Z,31.0,True,53008,1490.0,54.0
8092,UCbzI92w5vWa6mEj1dACfy6g,푸메Fume,gE71x1ilqkI,투썸 💚 두아박 💚 피스타치오 초콜릿 모카 🍫 피스타치오 초콜릿 젤라또 쉐이크 먹방,2026-03-06T10:05:14Z,151.0,False,91719,,43.0
8092,UCbzI92w5vWa6mEj1dACfy6g,푸메Fume,wwnFT8qpF7k,ASMR MUKBANG | 고자극 🔥 매운 뼈구이 먹방! 촉촉 꾸덕 당면사리 + 날치알주먹밥 +계란찜 Spicy Grilled Pork Ribs & Glass Noodles,2026-03-07T13:05:34Z,903.0,False,143677,,98.0
8092,UCbzI92w5vWa6mEj1dACfy6g,푸메Fume,8ihRxf6iRXA,ASMR MUKBANG | 집밥 꿀조합 ❤️ 뜨끈칼칼 쫄순이! 순두부쫄면에 통스팸과 치즈계란말이 아삭시원 고추김치까지 먹방! Korean Home-cooked Meal,2026-03-10T13:00:30Z,870.0,False,204679,,133.0
8092,UCbzI92w5vWa6mEj1dACfy6g,푸메Fume,TKOWpfEVCuQ,한국 1등 두쫀쿠 & 두바이초콜릿 먹방 🍫 Dubai Chewy Cookies & Dubai Chocolate 🤎 ASMR Dessert Mukbang,2026-03-11T10:01:32Z,178.0,False,154318,,47.0
8092,UCbzI92w5vWa6mEj1dACfy6g,푸메Fume,uvRCgLiHtCA,ASMR MUKBANG | 꼬소한 밥알 가득 🐙 알배기 알쭈꾸미 먹방! Roe-Packed Baby Octopus 😮 Season Is Here!,2026-03-13T13:01:46Z,876.0,False,203993,,122.0
8092,UCbzI92w5vWa6mEj1dACfy6g,푸메Fume,sfqILqaNGMQ,겉바속쫀 버터떡 먹방 🧈 두쫀쿠의 후계자 Butter Rice Cake 🧡 Crispy Outside Chewy Inside! Trending Korean Dessert,2026-03-14T09:17:08Z,131.0,False,122063,,26.0
8092,UCbzI92w5vWa6mEj1dACfy6g,푸메Fume,I3q_bga-gZc,ASMR MUKBANG | 도전 매운궁채김치 🔥 고추짜파게티 먹방! Spicy Chili Black Bean Noodles 🌶️ Homemade Lettuce Stem Kimchi,2026-03-17T13:00:36Z,656.0,False,254741,,128.0
8092,UCbzI92w5vWa6mEj1dACfy6g,푸메Fume,joSU3mbMPAo,ASMR MUKBANG | 핵매운 마라탕 + 폭신몰캉 타마후 토핑 🔥 쫀득바삭 칠리꿔바로우에 새우볶음밥까지 꿀조합 먹방! Spicy Malatang & Tofu puff ❤️,2026-03-20T13:01:27Z,925.0,False,196821,,149.0
8092,UCbzI92w5vWa6mEj1dACfy6g,푸메Fume,lCueiW-W5pA,버터를 들이 부었나?! 바삭쫀득 버터떡 & 두바이 버터떡 먹방 🍯🧈 Crispy & chewy butter rice cakes & Dubai butter rice cakes,2026-03-21T12:07:46Z,180.0,False,134153,,32.0
8092,UCbzI92w5vWa6mEj1dACfy6g,푸메Fume,dHwxAzYqqSo,ASMR MUKBANG | 역대급 꿀조합 🔥 매운우골수 + 불닭볶음면 🔥 먹방! Spicy Beef Bone Marrow 🐮🦴 Buldak Fire Chicken Noodles,2026-03-23T13:01:07Z,443.0,False,266033,,119.0
8092,UCbzI92w5vWa6mEj1dACfy6g,푸메Fume,7bAX1TMcDsE,바삭쫀득 오란다쿠키 🍪 얼먹 ☆ 쿠키 우유 말먹 🥛 큼직한 오란다가 쏙쏙! Crunchy & Chewy Cookie 🍪 Loaded with Oranda Crunch,2026-03-24T09:36:34Z,148.0,False,92636,,26.0
8092,UCbzI92w5vWa6mEj1dACfy6g,푸메Fume,yuoCPJ9Vas0,ASMR MUKBANG | 칠리스 내슈빌핫 모짜렐라스틱 🌶️ 치즈볶음면 먹방! CHEESE PULL 🧀 Chili's Mozzarella Sticks & Cheesy Noodles,2026-03-26T13:01:41Z,775.0,False,359667,,168.0
8092,UCbzI92w5vWa6mEj1dACfy6g,푸메Fume,VDUf7mevxF8,ASMR MUKBANG | 매콤 철판쭈꾸미볶음 🐙🔥 주먹밥 날치알마요 콩나물 듬뿍 올려서 먹방! Spicy Stir-fried Baby Octopus! K-food ❤️,2026-03-29T13:01:30Z,568.0,False,164454,,101.0
8092,UCbzI92w5vWa6mEj1dACfy6g,푸메Fume,cTZJRSpz4Vo,ASMR MUKBANG | 꾸덕한 불닭볶음탕면 🔥 체다치즈폭탄돈까스 🧀💣 고자극조합 먹방 Thick Buldak Noodle Soup & Cheese Bome Pork Cutlet,2026-04-01T13:01:24Z,644.0,False,292098,,186.0
8092,UCbzI92w5vWa6mEj1dACfy6g,푸메Fume,3Z8FWL-ZA34,집밥 무적조합 ☆ 꽁보리비빔밥 & 청국장 & 제육볶음 먹방 Bibimbap & Choengukjang & Jeyuk Bokkeum! Home Mea,2026-04-02T13:00:06Z,86.0,False,206094,,27.0
8092,UCbzI92w5vWa6mEj1dACfy6g,푸메Fume,M1rJ82AOaHQ,뼈가 쏙! 빠지는 매콤달콤 전복소갈비찜 🍖 겉절이 파김치 먹방 Braisd Beef Ribs with Abalone & Homemade Kimchi,2026-04-04T13:00:38Z,121.0,False,1827359,,152.0
8092,UCbzI92w5vWa6mEj1dACfy6g,푸메Fume,qmkVGcENIB4,ASMR MUKBANG | 꿀조합 ★ 직접 만든 손만두 넣은 떡만두국에 실비김치🥟 LA갈비 보리굴비 도토리묵 먹방 Rice Cake Soup with Dumpling! K-Food,2026-04-05T13:01:36Z,947.0,False,156291,,130.0
8092,UCbzI92w5vWa6mEj1dACfy6g,푸메Fume,gn4VYxCY-O4,"랍스터 🦞 오징어 전복 팽이버섯 해물찜 먹방 레시피! Lobster Seafood Boil ❤️ Enoki Mushrooms, Squid, Abalone",2026-04-08T13:01:28Z,102.0,False,1212042,,111.0
8092,UCbzI92w5vWa6mEj1dACfy6g,푸메Fume,6tJEJLoyMqc,뜨끈한 만두칼국수와 굴전 🍜 매운 겉절이까지 먹방! HOT Dumpling Kalguksu & Oyster Pancake & Spicy Kimchi,2026-04-09T13:00:12Z,121.0,False,103161,,31.0
8092,UCbzI92w5vWa6mEj1dACfy6g,푸메Fume,R1sA8AFlPdQ,ASMR MUKBANG | 편의점 꿀조합 신상 ☆ 컵라면부터 디저트까지 The Ultimate Korean Convenience Store Food! CVS ⭐️ 韓国コンビニ料理,2026-04-10T13:01:00Z,950.0,False,593654,,199.0
8092,UCbzI92w5vWa6mEj1dACfy6g,푸메Fume,LMEj7bHJtps,매운 고추김치 담근날 🌶️ 짜파게티 3봉지 고춧가루 팍팍! 고추김치 레시피 먹방 Spicy Chili Kimchi & Black Bean Noodles,2026-04-12T13:00:36Z,118.0,False,189346,,34.0
8092,UCbzI92w5vWa6mEj1dACfy6g,푸메Fume,OSJQj9iKMiQ,레전드조합 ✨ 통가브리살조림 🍖 (ft. 매운 고추김치 & 파김치) 먹방! Braised Whole Pork Jowl & Spicy Kimchi 🔥,2026-04-13T13:00:44Z,111.0,False,659878,,111.0
8092,UCbzI92w5vWa6mEj1dACfy6g,푸메Fume,Cs7m4i5U-Z4,항아리 마라탕 🔥 두쫀쿠 마무리 ☆ 꿔바로우 꽃빵까지 먹방 Huge Malatang & Guobaorou & Flower Bun,2026-04-14T13:00:23Z,128.0,False,89412,,30.0
8092,UCbzI92w5vWa6mEj1dACfy6g,푸메Fume,-BTMbQt6ZtA,연어불닭쌈 🔥 대왕연어초밥 불닭팽이버섯 먹방! Salmon Buldak Noodles Wrap & Giant Salmon Sushi & Mushrooms,2026-04-15T13:00:00Z,91.0,False,129397,,34.0
8092,UCbzI92w5vWa6mEj1dACfy6g,푸메Fume,TsY8svMufVI,ASMR MUKBANG | 매운갑오징어찜 🔥🦑 꾸덕꼬숩 먹물크림파스타 🖤 먹방! Spicy Braised Cuttlefish & Squid Ink Cream Pasta,2026-04-16T13:00:53Z,693.0,False,168425,,107.0
8092,UCbzI92w5vWa6mEj1dACfy6g,푸메Fume,b-0nMueFJPg,"미슐랭 받은 돼지국밥 ⭐️ 부산 미슐랭 국밥, 안목돼지국밥 🐷",2026-04-17T13:01:10Z,151.0,False,70275,,26.0
8092,UCbzI92w5vWa6mEj1dACfy6g,푸메Fume,DBbsoEzlH8k,통째로 먹는 게 🦀 바삭꼬소 소프트쉘크랩 튀김 & 까르보불닭 먹방 Super Crispy Soft Shell Crab ☆ Cheesy Carbo Buld,2026-04-18T13:00:23Z,91.0,False,152591,,42.0
8092,UCbzI92w5vWa6mEj1dACfy6g,푸메Fume,YhHU12zP1MM,나고야 명물 🐣 병아리 푸딩 💛 피요링 푸딩케이크 ✨,2026-04-19T13:00:55Z,54.0,True,72970,,24.0
8092,UCbzI92w5vWa6mEj1dACfy6g,푸메Fume,Ab7ZYtB0Usk,녹아버리는 통돼지고기조림 ★ 집 파김치! 먹방 Whole Braised Pork Belly & Spicy Green Onion Kimchi,2026-04-20T13:00:17Z,90.0,False,161395,,28.0
8092,UCbzI92w5vWa6mEj1dACfy6g,푸메Fume,DTf_gv7SPrs,매운 해물찜 🔥 크림소스! 킹타이거새우 전복 팽이버섯 먹방 Spicy Braised Seafood ❤️ King Tiger Shrimp Mushroom,2026-04-20T13:00:32Z,104.0,False,1557012,,123.0
8092,UCbzI92w5vWa6mEj1dACfy6g,푸메Fume,CFbk-BGwKK0,일본 편의점 먹방 ❤️ (feat. 최신 2026ver.),2026-04-21T13:00:31Z,162.0,False,133867,,51.0
8092,UCbzI92w5vWa6mEj1dACfy6g,푸메Fume,1VTzq5v9RgM,ASMR MUKBANG | 뼈가 쏙! 빠지는 매콤달콤  대왕소갈비찜 🍖 매운파김치 먹방 Braised Beef Ribs (Galbijjim) & Green Onion Kimchi,2026-04-22T13:00:05Z,766.0,False,303597,,146.0
8092,UCbzI92w5vWa6mEj1dACfy6g,푸메Fume,C9i_R7O3Jpk,"야곱DAY,,, 야채곱창 막창 🔥 볶음밥 ❤️ 먹방 Spicy Gopchang & Makchang(Stir-fried Intestines) Fried Rice",2026-04-23T13:00:32Z,91.0,False,114565,,21.0
8092,UCbzI92w5vWa6mEj1dACfy6g,푸메Fume,t8iwjBGdEqo,쫄깃쫄깃 감자면 매운맛 🥵🔥 청양고추 송송 🌶️ 파김치 & 총각김치 먹방! Spicy Ramyun with Homemade Kimchi,2026-04-24T13:01:41Z,91.0,False,99945,,18.0
8092,UCbzI92w5vWa6mEj1dACfy6g,푸메Fume,obUcQYLKlcQ,하브스 본점 인생케이크 🍰 밀크레이프 & 킹초콜렛 케이크 먹방 🎂,2026-04-25T13:01:33Z,78.0,False,79652,,22.0
8092,UCbzI92w5vWa6mEj1dACfy6g,푸메Fume,bLx86y0OAW4,과즙폭발 🍑💦 여러가지 과일 ☆ 수박화채! 딱복 물복 자두 참외 아오리사과 파인애플 먹방! Summer Fruits Feast 🍉🍍🍏 Hwachae,2026-04-26T13:00:56Z,90.0,False,120555,,31.0
8092,UCbzI92w5vWa6mEj1dACfy6g,푸메Fume,plm2VLrt5zM,ASMR MUKBANG | 달래장비빔밥 ☆ 제육볶음 청국장 먹방! Bibimbap & Spicy Stir-Fried Pork & Rich Fermented Soybean Stew,2026-04-27T13:01:34Z,772.0,False,180950,,150.0
8092,UCbzI92w5vWa6mEj1dACfy6g,푸메Fume,ZkZvXHg7H6o,버터치킨커리 🥘🍗 치킨비리야니 사모사 난 라씨 먹방! Chicken Curry & Chicken Briyani & Samosa & Naan,2026-04-28T13:01:11Z,83.0,False,70976,,17.0
8092,UCbzI92w5vWa6mEj1dACfy6g,푸메Fume,E-AXHSD8QD8,쫄깃달콤 ✨ 여러가지 떡 🍡 구운증편 꿀떡 찹쌀떡 참외떡 호박인절미 이북식인절미...,2026-04-29T13:00:22Z,180.0,False,87161,,28.0
8092,UCbzI92w5vWa6mEj1dACfy6g,푸메Fume,cBMebnoIzgA,KFC 갓양념통다리 핫크리스피통다리 🍗 치즈소스 랜치소스 먹방! KFC Fried Chicken & Seasoned Chicken 🧀,2026-04-30T13:01:07Z,102.0,False,101132,,29.0
8092,UCbzI92w5vWa6mEj1dACfy6g,푸메Fume,bKnfj41xTxw,과즙폭발 후르츠산도 먹방 🍓🍊🍈 폭신한 생크림 가득!,2026-05-03T13:00:55Z,87.0,False,56937,,32.0
8092,UCbzI92w5vWa6mEj1dACfy6g,푸메Fume,vDYroch-dnc,피자스쿨 오지치즈포테이토피자 🍕 크림불닭볶음면 갈릭디핑소스 먹방! Cheese Potato Pizza 🧀 Creamy Buldak Noodles,2026-05-04T13:01:52Z,106.0,False,73251,,15.0
8092,UCbzI92w5vWa6mEj1dACfy6g,푸메Fume,35buAPQPP30,꼬수움 폭발 💣 창억떡 흑임자 인절미 🖤 쫄깃꼬소 인절미 먹방,2026-05-06T13:00:09Z,141.0,False,106275,,45.0
8092,UCbzI92w5vWa6mEj1dACfy6g,푸메Fume,WtP1r6qdB4U,연어불닭쌈 불닭팽이쌈 🔥 날치알크림소스 듬뿍 먹방 Salmon Buldak Noodles Wrap & Spicy Enoki Mushroom Wrap,2026-05-07T13:01:03Z,155.0,False,63214,,31.0
8092,UCbzI92w5vWa6mEj1dACfy6g,푸메Fume,c_u9ql6FS2E,꾸덕쫄깃 샌드베이글 🍓🍊 🍫🍒🫐 먹방! Chewy and Creamy Fruits Bagel ✨ Dessert Bread,2026-05-08T13:01:22Z,91.0,False,58721,,23.0
8092,UCbzI92w5vWa6mEj1dACfy6g,푸메Fume,q6pqGhjOa80,역대급 인생 오란다 ✨ 파삭촉촉! 오란다 + 바닐라아이스크림 꿀조합 먹방,2026-05-09T13:01:26Z,156.0,False,61134,,31.0
8092,UCbzI92w5vWa6mEj1dACfy6g,푸메Fume,2vZty7xJ4Vk,ASMR MUKBANG | 얼큰한 떡만두라면에 식감천재 궁채김치 & 매운 파김치 먹방! Spicy Ramyun & Stem Lettuce & Green Onion Kimchi,2026-05-11T13:00:05Z,574.0,False,196182,,129.0
8092,UCbzI92w5vWa6mEj1dACfy6g,푸메Fume,EyoYC-NPqUM,엽떡 & 뿌링클 사이드 모음zip ☆ 치즈볼 핫도그 치즈스틱 먹방 Spicy Tteokbokki & Bburinkle Cheese Ball,2026-05-13T13:00:26Z,137.0,False,44909,,20.0
8092,UCbzI92w5vWa6mEj1dACfy6g,푸메Fume,9yrwEijaSOw,참치 듬뿍! 참치비빔밥 & 순두부찌개 먹방! Tuna Bibimbap & Soft Tofu Stew (,2026-05-14T13:00:15Z,61.0,False,36905,,14.0
8092,UCbzI92w5vWa6mEj1dACfy6g,푸메Fume,agvU8vKuwRE,폭신폭신 화이트롤 🤍 하얀풍차 연유바게트 황치즈바게트 고구마카스테라 먹빵 🥖,2026-05-15T13:36:49Z,146.0,False,20865,,29.0
8093,UCEIi7zFR_wE23jFncVtd6-A,STUDIO CHOOM [스튜디오 춤],4RXUEWY8vNc,(Behind) &TEAM(앤팀) 'We on Fire' | STUDIO CHOOM ORIGINAL (ENG/JPN),2026-04-30T13:00:09Z,1662.0,False,94420,8434.0,290.0
8093,UCEIi7zFR_wE23jFncVtd6-A,STUDIO CHOOM [스튜디오 춤],aU0cYBVK_OU,[UNFILTERED CAM] NEXZ YUKI(유키) 'Mmchk' 4K | STUDIO CHOOM ORIGINAL,2026-05-01T11:00:02Z,182.0,False,6966,983.0,56.0
8093,UCEIi7zFR_wE23jFncVtd6-A,STUDIO CHOOM [스튜디오 춤],3jG16AF1Uv4,[UNFILTERED CAM] NEXZ HYUI(휴이) 'Mmchk' 4K | STUDIO CHOOM ORIGINAL,2026-05-01T11:00:12Z,182.0,False,6154,897.0,67.0
8093,UCEIi7zFR_wE23jFncVtd6-A,STUDIO CHOOM [스튜디오 춤],G3HoAYx5ulk,[UNFILTERED CAM] NEXZ TOMOYA(토모야) 'Mmchk' 4K | STUDIO CHOOM ORIGINAL,2026-05-01T11:00:24Z,182.0,False,15168,1855.0,136.0
8093,UCEIi7zFR_wE23jFncVtd6-A,STUDIO CHOOM [스튜디오 춤],9y_13Fg2EeM,[UNFILTERED CAM] NEXZ YU(유우) 'Mmchk' 4K | STUDIO CHOOM ORIGINAL,2026-05-01T11:00:30Z,182.0,False,12522,1215.0,80.0
8093,UCEIi7zFR_wE23jFncVtd6-A,STUDIO CHOOM [스튜디오 춤],L2estWKmhOs,[UNFILTERED CAM] NEXZ HARU(하루) 'Mmchk' 4K | STUDIO CHOOM ORIGINAL,2026-05-01T11:00:36Z,182.0,False,9170,1183.0,123.0
8093,UCEIi7zFR_wE23jFncVtd6-A,STUDIO CHOOM [스튜디오 춤],P0-6PolycbI,[UNFILTERED CAM] NEXZ SO GEON(소 건) 'Mmchk' 4K | STUDIO CHOOM ORIGINAL,2026-05-01T11:00:49Z,182.0,False,8438,840.0,85.0
8093,UCEIi7zFR_wE23jFncVtd6-A,STUDIO CHOOM [스튜디오 춤],e9E50tUZt6Y,[UNFILTERED CAM] NEXZ SEITA(세이타) 'Mmchk' 4K | STUDIO CHOOM ORIGINAL,2026-05-01T11:01:09Z,182.0,False,8551,795.0,82.0
8093,UCEIi7zFR_wE23jFncVtd6-A,STUDIO CHOOM [스튜디오 춤],p7mIs2rS1bE,(Teaser) ILLIT(아일릿) 'It’s Me' (4K) | STUDIO CHOOM ORIGINAL,2026-05-01T13:01:29Z,22.0,True,189827,13125.0,447.0
8093,UCEIi7zFR_wE23jFncVtd6-A,STUDIO CHOOM [스튜디오 춤],NXmgaLm25Fo,(Behind) MODYSSEY(모디세이) 'HOOK(훜)' | STUDIO CHOOM ORIGINAL (ENG SUB),2026-05-02T11:00:38Z,939.0,False,11979,1239.0,88.0
8093,UCEIi7zFR_wE23jFncVtd6-A,STUDIO CHOOM [스튜디오 춤],SToSz9n0TfI,ILLIT(아일릿) 'It’s Me' (4K) | STUDIO CHOOM ORIGINAL,2026-05-02T13:00:48Z,161.0,False,4837999,148019.0,4475.0
8093,UCEIi7zFR_wE23jFncVtd6-A,STUDIO CHOOM [스튜디오 춤],qoc3u7px_j4,후쥬바이스암요바이스가 머리에서 계속 맴돌아요🌀 | STUDIO CHOOM ORIGINAL #shorts,2026-05-02T13:01:45Z,30.0,True,1863094,47481.0,849.0
8093,UCEIi7zFR_wE23jFncVtd6-A,STUDIO CHOOM [스튜디오 춤],Ukdx5mJ--ko,칼단발에 안대까지 찰떡으로 소화하는 아일릿 윤아 | STUDIO CHOOM ORIGINAL #shorts,2026-05-02T13:01:48Z,25.0,True,1428487,36700.0,381.0
8093,UCEIi7zFR_wE23jFncVtd6-A,STUDIO CHOOM [스튜디오 춤],sIzhmnlcb0s,'It’s Me' 모카 비주얼 너무 감사하시다💕 | STUDIO CHOOM ORIGINAL #shorts,2026-05-02T13:01:51Z,14.0,True,2808810,86081.0,479.0
8093,UCEIi7zFR_wE23jFncVtd6-A,STUDIO CHOOM [스튜디오 춤],nUm6moPekFo,글릿은 언제나 원희만의 Loyal Fan | STUDIO CHOOM ORIGINAL #shorts,2026-05-02T13:01:56Z,29.0,True,881770,35144.0,225.0
8093,UCEIi7zFR_wE23jFncVtd6-A,STUDIO CHOOM [스튜디오 춤],l8ZWk7nMq8k,중독성 미쳤다는 아일릿 신곡 'It’s Me' 가사 | STUDIO CHOOM ORIGINAL #shorts,2026-05-02T13:03:00Z,62.0,False,2983678,92525.0,2560.0
8093,UCEIi7zFR_wE23jFncVtd6-A,STUDIO CHOOM [스튜디오 춤],IU8qZ4qzZjk,(#VisualFocused) #ILLIT 'It’s Me' | STUDIO CHOOM ORIGINAL #shorts,2026-05-02T13:04:00Z,12.0,True,1120619,35211.0,347.0
8093,UCEIi7zFR_wE23jFncVtd6-A,STUDIO CHOOM [스튜디오 춤],8XcXJIVjS28,ILLIT - It’s Me (Color Code: 💜PURPLE & PINK🩷) | #ColorPicked by ILLIT,2026-05-03T03:00:14Z,19.0,True,2858201,95235.0,563.0
8093,UCEIi7zFR_wE23jFncVtd6-A,STUDIO CHOOM [스튜디오 춤],rW6Yop7kHJI,(Teaser) KATSEYE(캣츠아이) 'PINKY UP' (4K) | STUDIO CHOOM ORIGINAL,2026-05-03T13:00:07Z,21.0,True,198298,15484.0,563.0
8093,UCEIi7zFR_wE23jFncVtd6-A,STUDIO CHOOM [스튜디오 춤],Grv0AojpQfg,[UNFILTERED CAM] ILLIT MOKA(모카) 'It’s Me' 4K | STUDIO CHOOM ORIGINAL,2026-05-04T11:00:25Z,184.0,False,340729,12806.0,605.0
8093,UCEIi7zFR_wE23jFncVtd6-A,STUDIO CHOOM [스튜디오 춤],Ej2qVY77PAo,[UNFILTERED CAM] ILLIT MINJU(민주) 'It’s Me' 4K | STUDIO CHOOM ORIGINAL,2026-05-04T11:00:33Z,184.0,False,48603,3316.0,93.0
8093,UCEIi7zFR_wE23jFncVtd6-A,STUDIO CHOOM [스튜디오 춤],Rb538wjedME,[UNFILTERED CAM] ILLIT WONHEE(원희) 'It’s Me' 4K | STUDIO CHOOM ORIGINAL,2026-05-04T11:00:52Z,184.0,False,61386,3196.0,103.0
8093,UCEIi7zFR_wE23jFncVtd6-A,STUDIO CHOOM [스튜디오 춤],_sCB-bcVAh0,[UNFILTERED CAM] ILLIT YUNAH(윤아) 'It’s Me' 4K | STUDIO CHOOM ORIGINAL,2026-05-04T11:00:58Z,184.0,False,71811,4399.0,239.0
8093,UCEIi7zFR_wE23jFncVtd6-A,STUDIO CHOOM [스튜디오 춤],iaYeD2776W8,[UNFILTERED CAM] ILLIT IROHA(이로하) 'It’s Me' 4K | STUDIO CHOOM ORIGINAL,2026-05-04T11:01:10Z,184.0,False,44759,2734.0,93.0
8093,UCEIi7zFR_wE23jFncVtd6-A,STUDIO CHOOM [스튜디오 춤],ySvDPiS0XHw,아일릿 신곡 'It’s Me' 40초 요약🤟 | STUDIO CHOOM ORIGINAL #shorts,2026-05-04T11:01:36Z,44.0,True,1988685,60033.0,1299.0
8093,UCEIi7zFR_wE23jFncVtd6-A,STUDIO CHOOM [스튜디오 춤],akVa5VvMo5M,하루 종일 핑키 업 업 핑키 업 | STUDIO CHOOM ORIGINAL #shorts,2026-05-04T13:01:00Z,38.0,True,199390,7756.0,67.0
8093,UCEIi7zFR_wE23jFncVtd6-A,STUDIO CHOOM [스튜디오 춤],ooEMAbjO0k4,KATSEYE(캣츠아이) 'PINKY UP' (4K) | STUDIO CHOOM ORIGINAL,2026-05-04T13:01:28Z,163.0,False,4690252,158920.0,4367.0
8093,UCEIi7zFR_wE23jFncVtd6-A,STUDIO CHOOM [스튜디오 춤],76dtx3pKo4g,캣츠아이 PINKY UP 메간 돌격 파트 | STUDIO CHOOM ORIGINAL #shorts,2026-05-04T13:01:53Z,20.0,True,693387,20328.0,128.0
8093,UCEIi7zFR_wE23jFncVtd6-A,STUDIO CHOOM [스튜디오 춤],EuX4_gmpa7g,차원이 다른 캣츠아이 'PINKY UP' 스춤 퍼포먼스 | STUDIO CHOOM ORIGINAL #shorts,2026-05-04T13:01:53Z,25.0,True,3318185,87103.0,480.0
8093,UCEIi7zFR_wE23jFncVtd6-A,STUDIO CHOOM [스튜디오 춤],vsh8K2BruyU,우리 모두 금발 윤채 입덕하자 | STUDIO CHOOM ORIGINAL #shorts,2026-05-04T13:01:53Z,19.0,True,1972053,72485.0,310.0
8093,UCEIi7zFR_wE23jFncVtd6-A,STUDIO CHOOM [스튜디오 춤],tU9gDR3Ol7Q,스춤이 퍼컬인 캣츠아이 다니엘라 | STUDIO CHOOM ORIGINAL #shorts,2026-05-04T13:01:55Z,32.0,True,363464,14316.0,98.0
8093,UCEIi7zFR_wE23jFncVtd6-A,STUDIO CHOOM [스튜디오 춤],LASE4fS2kvI,(#VisualFocused) #KATSEYE 'PINKY UP' | STUDIO CHOOM ORIGINAL #shorts,2026-05-04T13:03:00Z,16.0,True,9469401,183392.0,1454.0
8093,UCEIi7zFR_wE23jFncVtd6-A,STUDIO CHOOM [스튜디오 춤],uLX6ZvoAjR4,KATSEYE - PINKY UP (Color Code: 💖FANCY PINK💖) | #ColorPicked by KATSEYE,2026-05-05T03:00:58Z,31.0,True,2214503,80601.0,706.0
8093,UCEIi7zFR_wE23jFncVtd6-A,STUDIO CHOOM [스튜디오 춤],abimopbc0hw,[UNFILTERED CAM] KATSEYE Megan(메간) 'PINKY UP' 4K | STUDIO CHOOM ORIGINAL,2026-05-06T13:00:06Z,182.0,False,80062,4360.0,157.0
8093,UCEIi7zFR_wE23jFncVtd6-A,STUDIO CHOOM [스튜디오 춤],NMiDKH0kIQA,[UNFILTERED CAM] KATSEYE Daniela(다니엘라) 'PINKY UP' 4K | STUDIO CHOOM ORIGINAL,2026-05-06T13:00:43Z,182.0,False,53726,3121.0,127.0
8093,UCEIi7zFR_wE23jFncVtd6-A,STUDIO CHOOM [스튜디오 춤],XcUhSr3LUuc,[UNFILTERED CAM] KATSEYE Yoonchae(윤채) 'PINKY UP' 4K | STUDIO CHOOM ORIGINAL,2026-05-06T13:01:06Z,182.0,False,64617,3405.0,99.0
8093,UCEIi7zFR_wE23jFncVtd6-A,STUDIO CHOOM [스튜디오 춤],e9bKIDc0AQ4,[UNFILTERED CAM] KATSEYE Sophia(소피아) 'PINKY UP' 4K | STUDIO CHOOM ORIGINAL,2026-05-06T13:01:14Z,182.0,False,24737,2055.0,145.0
8093,UCEIi7zFR_wE23jFncVtd6-A,STUDIO CHOOM [스튜디오 춤],wDYGvT8w4JE,[UNFILTERED CAM] KATSEYE Lara(라라) 'PINKY UP' 4K | STUDIO CHOOM ORIGINAL,2026-05-06T13:01:46Z,182.0,False,24260,1378.0,86.0
8093,UCEIi7zFR_wE23jFncVtd6-A,STUDIO CHOOM [스튜디오 춤],ZqaVZzw9gfM,KATSEYE 'PINKY UP' FanCams in 40 sec❤️‍🔥 | STUDIO CHOOM ORIGINAL #shorts,2026-05-06T13:01:56Z,39.0,True,1478881,69409.0,284.0
8093,UCEIi7zFR_wE23jFncVtd6-A,STUDIO CHOOM [스튜디오 춤],6EY4S6BVgfo,셀프캠까지 가득한 넥스지 스춤 현장 비하인드🤭 | STUDIO CHOOM ORIGINAL behind #shorts,2026-05-07T08:00:09Z,91.0,False,74037,5694.0,77.0
8093,UCEIi7zFR_wE23jFncVtd6-A,STUDIO CHOOM [스튜디오 춤],GdcuKnYj9c0,(Behind) CORTIS(코르티스) 'REDRED' | STUDIO CHOOM ORIGINAL (ENG/JPN),2026-05-08T13:00:26Z,1394.0,False,319716,33424.0,1024.0
8093,UCEIi7zFR_wE23jFncVtd6-A,STUDIO CHOOM [스튜디오 춤],n2rzEK5NPx4,진짜 그냥 이렇게 즐기면 되는 아일릿 비하인드🤟 | STUDIO CHOOM ORIGINAL behind #shorts,2026-05-09T08:01:00Z,118.0,False,439005,29801.0,171.0
8093,UCEIi7zFR_wE23jFncVtd6-A,STUDIO CHOOM [스튜디오 춤],9DGX5-Xuw20,(Full Focused) KATSEYE(캣츠아이) 'PINKY UP' (4K) | STUDIO CHOOM ORIGINAL,2026-05-11T13:00:17Z,141.0,False,568766,17175.0,302.0
8093,UCEIi7zFR_wE23jFncVtd6-A,STUDIO CHOOM [스튜디오 춤],3AjZj7V3kvY,보기만 해도 바이브 UP 되는 캣츠아이 촬영 현장💥 | STUDIO CHOOM ORIGINAL behind #shorts,2026-05-12T08:00:06Z,87.0,False,196268,12969.0,98.0
8093,UCEIi7zFR_wE23jFncVtd6-A,STUDIO CHOOM [스튜디오 춤],uWq0XA3DQ_M,(Teaser) NEXZ(넥스지) 'HYPEMAN' (4K) | MOVE TO PERFORMANCE,2026-05-12T13:01:37Z,32.0,True,18751,3618.0,171.0
8093,UCEIi7zFR_wE23jFncVtd6-A,STUDIO CHOOM [스튜디오 춤],JDbNZrbfoZ4,NEXZ(넥스지) 'HYPEMAN' (4K) | MOVE TO PERFORMANCE,2026-05-13T13:00:30Z,208.0,False,715853,10859.0,553.0
8093,UCEIi7zFR_wE23jFncVtd6-A,STUDIO CHOOM [스튜디오 춤],ggIBttf_p48,더 반짝 빛날 NEX2Y의 하이프맨 넥스지🌟 | MOVE TO PERFORMANCE #shorts,2026-05-13T13:01:57Z,36.0,True,22441,2339.0,52.0
8093,UCEIi7zFR_wE23jFncVtd6-A,STUDIO CHOOM [스튜디오 춤],ySCOdg4V7nM,인간 비타민 그룹 넥스지의 'HYPEMAN' 퍼포먼스🩵 | MOVE TO PERFORMANCE #shorts,2026-05-13T13:02:00Z,26.0,True,21738,2242.0,40.0
8093,UCEIi7zFR_wE23jFncVtd6-A,STUDIO CHOOM [스튜디오 춤],sIVyeB5LfvM,NEXZ 'HYPEMAN' Mini-Me Challenge🩵 | MOVE TO PERFORMANCE #shorts,2026-05-14T03:01:00Z,32.0,True,47733,3645.0,70.0
8093,UCEIi7zFR_wE23jFncVtd6-A,STUDIO CHOOM [스튜디오 춤],cfmoyGqrL8I,Pick Cookie🍪 넥스지를 이모티콘으로 설명하면? 🐧🐈‍⬛🐻‍❄️🐾🦌🐿️🦦 | MOVE TO PERFORMANCE #NEXZ #shorts,2026-05-15T08:00:40Z,103.0,False,24671,2959.0,94.0
8094,UCnsQjCVzmEd-YvlQZbo6zCg,2NE1,bFKLzOQUnfQ,"2NE1 ""THE LISTENING"" GUEST REVIEW",2014-02-26T06:40:28Z,209.0,False,442960,9276.0,701.0
8094,UCnsQjCVzmEd-YvlQZbo6zCg,2NE1,didptMJxjpE,2NE1 - HAPPY M/V,2014-03-03T05:00:34Z,219.0,False,26346953,308204.0,20794.0
8094,UCnsQjCVzmEd-YvlQZbo6zCg,2NE1,vLbfv-AAyvQ,2NE1 - COME BACK HOME M/V,2014-03-03T05:02:37Z,264.0,False,122263385,1327894.0,126670.0
8094,UCnsQjCVzmEd-YvlQZbo6zCg,2NE1,IHb9FXfz8X8,2NE1 - 'CRUSH' LIVE PERFORMANCE,2014-03-06T11:59:12Z,217.0,False,14050802,198931.0,15316.0
8094,UCnsQjCVzmEd-YvlQZbo6zCg,2NE1,z9H9GIsgeHM,2NE1-NEW ALBUM 'CRUSH',2014-03-07T03:25:24Z,21.0,True,133645,5671.0,235.0
8094,UCnsQjCVzmEd-YvlQZbo6zCg,2NE1,zwRaOIjjJ98,2NE1-'CRUSH' 0309 SBS Inkigayo COMEBACK,2014-03-09T11:28:06Z,219.0,False,5204002,84258.0,5537.0
8094,UCnsQjCVzmEd-YvlQZbo6zCg,2NE1,WRIHhnuXfKg,2NE1-'COME BACK HOME' 0309 SBS Inkigayo COMEBACK,2014-03-09T11:28:22Z,257.0,False,2297088,46752.0,2490.0
8094,UCnsQjCVzmEd-YvlQZbo6zCg,2NE1,T0CScxTL904,"2NE1 - ""살아 봤으면 해 (IF I WERE YOU)"" LIVE PERFORMANCE",2014-03-10T11:59:02Z,237.0,False,4587082,77522.0,5920.0
8094,UCnsQjCVzmEd-YvlQZbo6zCg,2NE1,cRWryevzIPY,2NE1-'COME BACK HOME' M/V MAKING,2014-03-11T05:59:02Z,255.0,False,649737,23841.0,1156.0
8094,UCnsQjCVzmEd-YvlQZbo6zCg,2NE1,cQ6xU7SSEn4,"2NE1 - ""멘붕(MTBD)"" LIVE PERFORMANCE",2014-03-13T10:47:16Z,330.0,False,33252453,368194.0,24331.0
8094,UCnsQjCVzmEd-YvlQZbo6zCg,2NE1,0RUvealeXZ0,2NE1 - 'COME BACK HOME' Dance Practice,2014-03-14T01:29:09Z,230.0,False,30400933,307705.0,11047.0
8094,UCnsQjCVzmEd-YvlQZbo6zCg,2NE1,zAgZQWA_GLs,2NE1-'너 아님 안돼(GOTTA BE YOU)' 0316 SBS Inkigayo,2014-03-16T08:46:04Z,233.0,False,10066755,126852.0,8378.0
8094,UCnsQjCVzmEd-YvlQZbo6zCg,2NE1,KKEztHRjPaI,2NE1-'COME BACK HOME' 0316 SBS Inkigayo No.1 of the Week,2014-03-16T08:46:09Z,311.0,False,6072894,129525.0,13421.0
8094,UCnsQjCVzmEd-YvlQZbo6zCg,2NE1,9Lk6lnTS5sU,2NE1 - '너 아님 안돼 (GOTTA BE YOU)' Dance Practice,2014-03-17T11:59:13Z,232.0,False,6383076,73287.0,2809.0
8094,UCnsQjCVzmEd-YvlQZbo6zCg,2NE1,g_sA5kr__II,2NE1-'COME BACK HOME' 0320 M COUNTDOWN: NO.1 OF THE WEEK,2014-03-20T12:15:07Z,395.0,False,7334201,104447.0,6212.0
8094,UCnsQjCVzmEd-YvlQZbo6zCg,2NE1,z11DjHrhvCc,2NE1- 'FIRE' 0321 Yoo Hee-yeol's Sketchbook,2014-03-22T08:54:19Z,226.0,False,7964440,108518.0,5244.0
8094,UCnsQjCVzmEd-YvlQZbo6zCg,2NE1,D73X1Pfgnn8,2NE1- 'COME BACK HOME' 0321 Yoo Hee-yeol's Sketchbook,2014-03-22T08:54:32Z,234.0,False,11057267,127902.0,5847.0
8094,UCnsQjCVzmEd-YvlQZbo6zCg,2NE1,hc7yS0406YY,2NE1- '살아 봤으면 해 (IF I WERE YOU)' 0321 Yoo Hee-yeol's Sketchbook,2014-03-22T08:54:42Z,218.0,False,8478985,123401.0,8291.0
8094,UCnsQjCVzmEd-YvlQZbo6zCg,2NE1,W1bCw7YwhtY,2NE1-'COME BACK HOME' 0323 SBS Inkigayo,2014-03-23T08:40:11Z,231.0,False,1953293,30291.0,1832.0
8094,UCnsQjCVzmEd-YvlQZbo6zCg,2NE1,jxJn4Wkw_Fw,2NE1-'COME BACK HOME' 0327 M COUNTDOWN: NO.1 OF THE WEEK,2014-03-27T11:38:31Z,317.0,False,2152912,32876.0,1550.0
8094,UCnsQjCVzmEd-YvlQZbo6zCg,2NE1,JJbRAaDuT04,2NE1- '살아 봤으면 해 (IF I WERE YOU)' 0330 SBS Inkigayo,2014-03-30T08:49:08Z,211.0,False,1072971,27610.0,1687.0
8094,UCnsQjCVzmEd-YvlQZbo6zCg,2NE1,NFXSrxyoKYI,2NE1-'너 아님 안돼 (GOTTA BE YOU)' 0406 SBS Inkigayo,2014-04-06T09:06:56Z,234.0,False,4292626,67254.0,3628.0
8094,UCnsQjCVzmEd-YvlQZbo6zCg,2NE1,sjQwdUFHcAQ,2014 2NE1 WORLD TOUR 'ALL OR NOTHING' PRESS INTERVIEW,2014-05-13T09:00:16Z,93.0,False,254148,8110.0,579.0
8094,UCnsQjCVzmEd-YvlQZbo6zCg,2NE1,zdKTgwffmdo,2NE1 - 너 아님 안돼 (GOTTA BE YOU) M/V,2014-05-21T00:16:49Z,240.0,False,64834240,641328.0,33937.0
8094,UCnsQjCVzmEd-YvlQZbo6zCg,2NE1,moC133NtoIQ,2014 2NE1 WORLD TOUR 'ALL OR NOTHING in SEOUL' LIVE CD TEASER SPOT,2014-05-22T10:11:36Z,41.0,True,519674,12785.0,744.0
8094,UCnsQjCVzmEd-YvlQZbo6zCg,2NE1,CFxFYbRq7bk,2NE1 - Japan New Album 'CRUSH'  TV SPOT,2014-06-13T11:59:43Z,31.0,True,323531,9845.0,413.0
8094,UCnsQjCVzmEd-YvlQZbo6zCg,2NE1,ozUaF_0mPeg,2NE1 - Japan New Album 'CRUSH' Trailer,2014-06-16T12:00:05Z,106.0,False,206950,6703.0,279.0
8094,UCnsQjCVzmEd-YvlQZbo6zCg,2NE1,jPz5_WuXxSQ,2NE1 - FALLING IN LOVE (Japanese Ver.) Short Ver.,2014-06-17T12:00:03Z,94.0,False,870088,16642.0,539.0
8094,UCnsQjCVzmEd-YvlQZbo6zCg,2NE1,0pzT2dG-KDs,2NE1 - DO YOU LOVE ME (Japanese Ver.) Short Ver.,2014-06-18T12:00:07Z,109.0,False,444985,9744.0,312.0
8094,UCnsQjCVzmEd-YvlQZbo6zCg,2NE1,5j3xBGC-xto,2NE1 - MISSING YOU (Japanese Ver.) Short Ver.,2014-06-19T12:00:04Z,93.0,False,504603,10357.0,277.0
8094,UCnsQjCVzmEd-YvlQZbo6zCg,2NE1,Vyrvtqgg4v0,2NE1 - HAPPY (Japanese Ver.) Short Ver.,2014-06-20T12:00:04Z,84.0,False,678940,12728.0,355.0
8094,UCnsQjCVzmEd-YvlQZbo6zCg,2NE1,wNomceKMH_4,2NE1 - GOTTA BE YOU (Japanese Ver.) Short Ver.,2014-06-23T12:00:04Z,100.0,False,943314,18764.0,504.0
8094,UCnsQjCVzmEd-YvlQZbo6zCg,2NE1,CK_Y7Poua04,2NE1 - COME BACK HOME (Japanese Ver.) Short Ver.,2014-06-24T12:00:04Z,89.0,False,680530,13555.0,405.0
8094,UCnsQjCVzmEd-YvlQZbo6zCg,2NE1,TpC3TBIvRSk,2NE1 - CRUSH (Japanese Ver.) M/V,2014-06-25T12:00:05Z,201.0,False,11074276,136522.0,6584.0
8094,UCnsQjCVzmEd-YvlQZbo6zCg,2NE1,4ZOMenTwy90,CL X DIPLO - REVOLUTION + MTBD + DIRTY VIBE 141028 SIA,2014-10-28T15:16:52Z,357.0,False,12577194,197925.0,8390.0
8094,UCnsQjCVzmEd-YvlQZbo6zCg,2NE1,ejCpuX8OmHw,2NE1 - LIVE DVD & Blu-ray '2014 2NE1 WORLD TOUR ~ALL OR NOTHING~ in JAPAN' (Trailer),2014-11-20T01:53:38Z,104.0,False,107579,4707.0,237.0
8094,UCnsQjCVzmEd-YvlQZbo6zCg,2NE1,I0L4-GJQajY,2NE1 - 'CRUSH' (from 2014 2NE1 WORLD TOUR ~ALL OR NOTHING~ in JAPAN),2014-11-21T12:21:13Z,203.0,False,410430,11368.0,644.0
8094,UCnsQjCVzmEd-YvlQZbo6zCg,2NE1,LyjHNBRRoss,2NE1 - 'COME BACK HOME' (from 2014 2NE1 WORLD TOUR ~ALL OR NOTHING~ in JAPAN),2014-11-23T07:28:30Z,232.0,False,499411,8959.0,426.0
8094,UCnsQjCVzmEd-YvlQZbo6zCg,2NE1,DwNwOjiJjiE,2NE1 - 'MISSING YOU' (from 2014 2NE1 WORLD TOUR ~ALL OR NOTHING~ in JAPAN),2014-11-23T07:28:44Z,218.0,False,258746,7392.0,414.0
8094,UCnsQjCVzmEd-YvlQZbo6zCg,2NE1,nkCl5o_gmyk,2NE1 - 'I AM THE BEST' (from 2014 2NE1 WORLD TOUR ~ALL OR NOTHING~ in JAPAN),2014-12-09T15:00:11Z,236.0,False,157961,2366.0,81.0
8094,UCnsQjCVzmEd-YvlQZbo6zCg,2NE1,VtPNE01XF2g,2NE1 - 'CRUSH' + 'COME BACK HOME' in 2014 SBS Gayodaejun,2014-12-21T17:32:12Z,240.0,False,5719715,100785.0,10365.0
8094,UCnsQjCVzmEd-YvlQZbo6zCg,2NE1,8o4Zj98FeX4,CL - ‘HELLO BITCHES’ DANCE PERFORMANCE VIDEO,2015-11-22T01:09:09Z,215.0,False,65203487,1712624.0,77598.0
8094,UCnsQjCVzmEd-YvlQZbo6zCg,2NE1,phGur4M9ics,CL - '나쁜 기집애' + 'HELLO BITCHES' & 2NE1 - 'FIRE' + '내가 제일 잘 나가' in 2015 MAMA,2015-12-02T17:32:04Z,668.0,False,51162780,940549.0,74844.0
8094,UCnsQjCVzmEd-YvlQZbo6zCg,2NE1,Yv_5BwsdKuM,CL - 'LIFTED' M/V BEHIND THE SCENES,2016-08-26T05:00:01Z,219.0,False,1293838,45054.0,1448.0
8094,UCnsQjCVzmEd-YvlQZbo6zCg,2NE1,wEkLHC7l25w,2NE1 - '안녕 (GOODBYE)' M/V,2017-01-20T15:00:06Z,243.0,False,33547910,1128909.0,135857.0
8094,UCnsQjCVzmEd-YvlQZbo6zCg,2NE1,DbcTL9arWJU,[On-Site Cam] CL - ‘나쁜 기집애’ + ‘멘붕(MTBD)’ in TREASURE RELAY TOUR [REBOOT] FINAL IN SEOUL,2024-08-16T15:00:15Z,302.0,False,2505122,76515.0,2718.0
8094,UCnsQjCVzmEd-YvlQZbo6zCg,2NE1,CBG8waSkazE,"[Playlist] 아무나 잡고 물어봐, 누가 제일 잘 나가? | WELCOME BACK 2NE1",2024-10-07T09:00:07Z,3410.0,False,7274599,74160.0,2864.0
8094,UCnsQjCVzmEd-YvlQZbo6zCg,2NE1,fi33Slt8m7w,2NE1 - 15th ANNIVERSARY BEST LP MOTION GRAPHIC,2024-12-27T09:40:15Z,50.0,True,111460,11905.0,628.0
8094,UCnsQjCVzmEd-YvlQZbo6zCg,2NE1,qtRoNCGpdxQ,2025 2NE1 CONCERT [WELCOME BACK] ENCORE IN SEOUL - SPOT VIDEO,2025-01-24T00:00:10Z,37.0,True,102990,6514.0,441.0
8094,UCnsQjCVzmEd-YvlQZbo6zCg,2NE1,5vJm8dpCN_Y,2025 2NE1 CONCERT [WELCOME BACK] ENCORE IN SEOUL - MESSAGE VIDEO,2025-02-10T02:00:04Z,57.0,True,260936,13916.0,813.0
8095,UCyn-K7rZLXjGl7VXGweIlcA,백종원 PAIK JONG WON,I9wYTOAujYA,인생설렁탕 사장님 화난 거 아님 (오해 금지),2025-07-24T08:00:14Z,81.0,False,54784,438.0,
8095,UCyn-K7rZLXjGl7VXGweIlcA,백종원 PAIK JONG WON,nbjXCO8ezV4,"얘들아, 엄마 아빠는 열심히 일하고 있단다",2025-07-24T08:01:21Z,97.0,False,71843,574.0,
8095,UCyn-K7rZLXjGl7VXGweIlcA,백종원 PAIK JONG WON,cW8DPYa88ZE,"빵순이, 빵돌이들 모여라! 직접 빵 굽는 빽다방 등장",2025-07-28T08:00:42Z,73.0,False,56378,553.0,
8095,UCyn-K7rZLXjGl7VXGweIlcA,백종원 PAIK JONG WON,dMOlgUrhq1s,딸들을 위해 고깃집 낸 거 실화냐고요?!,2025-07-28T08:00:43Z,51.0,True,71381,352.0,
8095,UCyn-K7rZLXjGl7VXGweIlcA,백종원 PAIK JONG WON,-f9zIEo3m04,사장님이 맛있고 안주가 친절해요🍺,2025-07-31T08:00:00Z,91.0,False,49109,324.0,
8095,UCyn-K7rZLXjGl7VXGweIlcA,백종원 PAIK JONG WON,t8rTvyu8GbI,서귀포 요즘 핫플!🍊노란 감성에 귤밭까지 있음,2025-07-31T08:00:56Z,95.0,False,73130,545.0,
8095,UCyn-K7rZLXjGl7VXGweIlcA,백종원 PAIK JONG WON,wk4_XDYOJfY,어르신들 줄 서는 빵집🍞 여기가 전주 평화동 사랑방,2025-08-04T08:04:32Z,66.0,False,47042,426.0,
8095,UCyn-K7rZLXjGl7VXGweIlcA,백종원 PAIK JONG WON,mOkqIxlpRQs,바텐더 사장님의 특별 이벤트✨ 좋은 건 너만 알기,2025-08-04T08:05:40Z,61.0,False,58505,371.0,
8095,UCyn-K7rZLXjGl7VXGweIlcA,백종원 PAIK JONG WON,SWeH2qlLujg,"영하 20도에서 찾은, 궁극의 맥주맛?!❄️🍺",2025-08-07T08:00:34Z,75.0,False,42528,305.0,
8095,UCyn-K7rZLXjGl7VXGweIlcA,백종원 PAIK JONG WON,TTtHkzcj-NM,사장님도 놀란 기찻길 옆 새마을식당,2025-08-07T08:00:38Z,53.0,True,59348,319.0,
8095,UCyn-K7rZLXjGl7VXGweIlcA,백종원 PAIK JONG WON,qjubtq7QO2A,"서대구 고속도로 타기 전, 마지막 빽다방☕",2025-08-11T08:00:59Z,69.0,False,36963,297.0,
8095,UCyn-K7rZLXjGl7VXGweIlcA,백종원 PAIK JONG WON,W8Ir547dZw4,99즈 동갑내기 부부가 피자집을 열었는데...,2025-08-11T08:05:41Z,72.0,False,66357,487.0,
8095,UCyn-K7rZLXjGl7VXGweIlcA,백종원 PAIK JONG WON,1W3WLUaT3wM,"[백종원 시장이 되다_창녕 6화] 지친 여름, 작은 시원함을 준비했어요",2025-08-11T08:35:38Z,845.0,False,274237,1784.0,
8095,UCyn-K7rZLXjGl7VXGweIlcA,백종원 PAIK JONG WON,CfND_5IL52E,고성 바다에서 놀다 배고프면 여기로! 해변 앞 중국집 대공개,2025-08-14T08:00:21Z,74.0,False,42490,353.0,
8095,UCyn-K7rZLXjGl7VXGweIlcA,백종원 PAIK JONG WON,tttFbwB5CSU,상암동 직장인들아 와서 마시자 ^^,2025-08-14T08:00:59Z,70.0,False,45258,408.0,
8095,UCyn-K7rZLXjGl7VXGweIlcA,백종원 PAIK JONG WON,5H1DCPCdQVY,15년 단골이 본가 고깃집을 차린 이유,2025-08-18T08:00:05Z,75.0,False,57936,360.0,
8095,UCyn-K7rZLXjGl7VXGweIlcA,백종원 PAIK JONG WON,9x1GNsnUHg4,정육인/ 37년/ 항정살 마니아,2025-08-21T08:00:09Z,70.0,False,38743,322.0,
8095,UCyn-K7rZLXjGl7VXGweIlcA,백종원 PAIK JONG WON,eH1INtOIORk,엄마와 딸 아니냐고요?! 모녀처럼 닮은 두 사람의 우동집,2025-08-21T08:00:41Z,66.0,False,46151,434.0,
8095,UCyn-K7rZLXjGl7VXGweIlcA,백종원 PAIK JONG WON,Cncn6-wxBMA,늦더위가 한창이라 '빙맥' 낋여왔습니다,2025-08-25T08:00:11Z,56.0,True,35074,227.0,
8095,UCyn-K7rZLXjGl7VXGweIlcA,백종원 PAIK JONG WON,_xddhwJS2hg,내부자 Pick! 파스타집 직원들의 추천 메뉴는?,2025-08-25T08:00:41Z,82.0,False,47096,434.0,
8095,UCyn-K7rZLXjGl7VXGweIlcA,백종원 PAIK JONG WON,MAiXe79MFg0,"고척돔 가기 전, 고추짜장 안 먹고 간다고?",2025-08-28T08:00:26Z,65.0,False,44987,322.0,
8095,UCyn-K7rZLXjGl7VXGweIlcA,백종원 PAIK JONG WON,iF-gz2gAOD8,사장님이 불 맛에 진심일 때 나오는 행동,2025-08-28T08:00:55Z,59.0,True,44283,223.0,
8095,UCyn-K7rZLXjGl7VXGweIlcA,백종원 PAIK JONG WON,wRRASbGIXF8,영상 보고 사장님에게 “OOOOO”라고 말하면 서비스 쏟아짐,2025-08-28T08:01:18Z,83.0,False,46791,352.0,
8095,UCyn-K7rZLXjGl7VXGweIlcA,백종원 PAIK JONG WON,DXq56TepXck,"[백종원 시장이 되다_창녕 7화] 뜨거웠던 창녕의 여름, 열정까지도 뜨거웠다",2025-09-01T08:00:22Z,587.0,False,144898,1212.0,
8095,UCyn-K7rZLXjGl7VXGweIlcA,백종원 PAIK JONG WON,3ECsWt3nlVc,꿈꾸던 포차를 열어버렸다🔥,2025-09-04T08:00:03Z,47.0,True,59369,288.0,
8095,UCyn-K7rZLXjGl7VXGweIlcA,백종원 PAIK JONG WON,SMVmaRdfzq4,어느 지점보다도 자신 있어요. 맛있을 자신,2025-09-04T08:00:25Z,61.0,False,55269,460.0,
8095,UCyn-K7rZLXjGl7VXGweIlcA,백종원 PAIK JONG WON,KN5npybTRs8,[문경 1화] 흑백요리사 고기깡패와 연돈! 문경에서 성사된 미친 만남,2025-09-08T08:00:30Z,904.0,False,196944,1894.0,
8095,UCyn-K7rZLXjGl7VXGweIlcA,백종원 PAIK JONG WON,B-eIybaBcYA,기본기 하나로 10년째 동네 입맛 저격,2025-09-11T08:00:11Z,78.0,False,44013,,
8095,UCyn-K7rZLXjGl7VXGweIlcA,백종원 PAIK JONG WON,RHnowiJyNhU,"반죽부터 굽기까지, 손으로 빚는 동네 빵집🍞",2025-09-11T08:00:35Z,74.0,False,44182,399.0,
8095,UCyn-K7rZLXjGl7VXGweIlcA,백종원 PAIK JONG WON,I8wgngyqtO4,비공식(?) 앰배서더가 소개하는 가은아자개장터,2025-09-15T08:39:36Z,60.0,True,58083,256.0,
8095,UCyn-K7rZLXjGl7VXGweIlcA,백종원 PAIK JONG WON,cETdKA5dlXg,블랙펄 라떼 마셨는데… 왜 제 눈엔 사장님만 보이죠,2025-09-18T08:00:49Z,88.0,False,60911,594.0,
8095,UCyn-K7rZLXjGl7VXGweIlcA,백종원 PAIK JONG WON,nlPC5fR_18c,그냥 먹지 마세요! 볶음밥 먹팁 대공개,2025-09-18T08:00:52Z,65.0,False,69966,490.0,
8095,UCyn-K7rZLXjGl7VXGweIlcA,백종원 PAIK JONG WON,QMXI-XzFGE8,"외국인까지 홀린 K-축제, 안동 탈의 매력",2025-09-19T08:00:30Z,893.0,False,73168,,
8095,UCyn-K7rZLXjGl7VXGweIlcA,백종원 PAIK JONG WON,bqCK9cGwD4w,[문경 2화] 버스비 아껴 장터에서 더 드실 수 있어요,2025-09-22T08:00:45Z,1161.0,False,104663,924.0,
8095,UCyn-K7rZLXjGl7VXGweIlcA,백종원 PAIK JONG WON,3aDmLVoSsTA,"인생 2막, 웍에 불 켰습니다",2025-09-25T08:00:07Z,69.0,False,33270,314.0,
8095,UCyn-K7rZLXjGl7VXGweIlcA,백종원 PAIK JONG WON,GIh6OHHxWQQ,천안에서 만나는 더본 올스타즈🍴,2025-09-25T08:00:31Z,50.0,True,48022,323.0,
8095,UCyn-K7rZLXjGl7VXGweIlcA,백종원 PAIK JONG WON,pf20nNXHiCM,웃음 터지는 정체 공개🤣 ㅋㅋㅋ,2025-09-28T02:00:47Z,83.0,False,31243,,
8095,UCyn-K7rZLXjGl7VXGweIlcA,백종원 PAIK JONG WON,_tgNff2XFZM,안동국제탈춤페스티벌 필참 해야하는 이유🙌,2025-09-29T02:00:28Z,87.0,False,26431,,
8095,UCyn-K7rZLXjGl7VXGweIlcA,백종원 PAIK JONG WON,WaBa8azaaiE,장터 사장님들의 메뉴 자랑 한 판!🍽️,2025-09-29T08:00:39Z,92.0,False,47316,375.0,
8095,UCyn-K7rZLXjGl7VXGweIlcA,백종원 PAIK JONG WON,7iQAJBzs1Gk,안동이 이렇게 신날 일인가요? 🤩,2025-10-01T02:00:06Z,42.0,True,30086,,
8095,UCyn-K7rZLXjGl7VXGweIlcA,백종원 PAIK JONG WON,H98C-O8NcYA,먹고 즐기고 또 먹고! 🤤 안동탈춤 맛존 탐방🍽,2025-10-01T03:00:31Z,40.0,True,34694,,
8095,UCyn-K7rZLXjGl7VXGweIlcA,백종원 PAIK JONG WON,giRIV8uBMkw,[문경 3화] 가은아자개장터 잠입 리뷰,2025-10-02T08:10:00Z,1037.0,False,161076,834.0,
8095,UCyn-K7rZLXjGl7VXGweIlcA,백종원 PAIK JONG WON,ClRF2zoshgk,짜장면에 해시브라운 넣는 게 요즘 국룰,2025-10-13T08:00:15Z,55.0,True,70455,364.0,
8095,UCyn-K7rZLXjGl7VXGweIlcA,백종원 PAIK JONG WON,eXMaSsuOHwc,"처음엔 혼자였지만, 지금은 셋이 함께해요💕",2025-10-13T08:00:45Z,65.0,False,49857,434.0,
8095,UCyn-K7rZLXjGl7VXGweIlcA,백종원 PAIK JONG WON,NzD2-4dBusM,배달기사님들이 ‘콜 무조건 잡는다’는 파스타집의 비밀,2025-10-16T08:00:34Z,77.0,False,58537,413.0,
8095,UCyn-K7rZLXjGl7VXGweIlcA,백종원 PAIK JONG WON,u5d3mkmQlhk,"안 먹어본 피자가 없다는 커플, 결국...",2025-10-16T08:01:04Z,83.0,False,98593,515.0,
8095,UCyn-K7rZLXjGl7VXGweIlcA,백종원 PAIK JONG WON,r6VrLWp3C68,외국인들이 깜짝 놀란 한국의 흥! 이게 진짜 안동의 K-페스티벌!🔥,2025-10-31T08:01:11Z,1194.0,False,301149,,
8095,UCyn-K7rZLXjGl7VXGweIlcA,백종원 PAIK JONG WON,Yn4y5nlXVc8,"[백종원 시장이 되다_예산 34화] 떡국 500인분, 꼭 나누고 싶었던 이유",2026-02-12T08:23:07Z,272.0,False,58464,,
8095,UCyn-K7rZLXjGl7VXGweIlcA,백종원 PAIK JONG WON,aUhP-ZfkJtc,[백종원 시장이 되다_예산 35화] 월간 예산시장 스타트!,2026-02-14T01:00:03Z,377.0,False,102818,,
8095,UCyn-K7rZLXjGl7VXGweIlcA,백종원 PAIK JONG WON,6aW-RQxFds8,[백종원 시장이 되다_예산 36화] 먹을 게 더 늘었습니다… 예산시장 신메뉴 8종 최초 공개🌸🍴,2026-03-27T08:00:00Z,518.0,False,117836,,
8096,UCD_-N4vf-tsqbUxrQ4CrJIA,깨비키즈 [KEBIKIDS],DZdYxIvvU_Y,비누방울을 터트려라 1 - 비누방울괴물 출현! #shorts #토이레인저 #깨비키즈,2026-03-29T10:00:00Z,62.0,False,1451247,9780.0,
8096,UCD_-N4vf-tsqbUxrQ4CrJIA,깨비키즈 [KEBIKIDS],SQsUhHqxCMQ,고릴라 | 인기동요 | 동물동요 | 깨비키즈 #shorts,2026-03-30T10:00:35Z,23.0,True,518269,2995.0,
8096,UCD_-N4vf-tsqbUxrQ4CrJIA,깨비키즈 [KEBIKIDS],U3y_773oaE0,기침 콧물이 나요 2 #개구쟁이토마스 #깨비키즈 #shorts,2026-03-31T10:00:00Z,48.0,True,426851,3259.0,
8096,UCD_-N4vf-tsqbUxrQ4CrJIA,깨비키즈 [KEBIKIDS],_GQvCT47534,나란히 나란히 #인기동요 #교과서 #동요 #깨비키즈 #shorts,2026-04-01T10:00:42Z,28.0,True,311613,1841.0,
8096,UCD_-N4vf-tsqbUxrQ4CrJIA,깨비키즈 [KEBIKIDS],ysWFF5bxkK0,공룡시대로 떠나다 1 | 백투더공룡 | 공룡만화 | 깨비키즈 #shorts,2026-04-02T10:01:31Z,65.0,False,584966,4494.0,
8096,UCD_-N4vf-tsqbUxrQ4CrJIA,깨비키즈 [KEBIKIDS],ublk9xs25kA,장난감 기차 (진종화 작곡) 2 #인기동요 #깨비키즈,2026-04-03T10:00:00Z,15.0,True,5168058,21083.0,
8096,UCD_-N4vf-tsqbUxrQ4CrJIA,깨비키즈 [KEBIKIDS],BxLJq5G-oVY,대왕오징어의 역습 3 - 대왕오징어 구출작전!! #동물구조대 #깨비키즈 #shorts,2026-04-04T10:00:20Z,48.0,True,359395,2562.0,
8096,UCD_-N4vf-tsqbUxrQ4CrJIA,깨비키즈 [KEBIKIDS],ueQHsIy2xX4,전화놀이 1 #인기동요 #동요 #전화 #깨비키즈 #short,2026-04-05T10:00:00Z,20.0,True,6866257,36746.0,
8096,UCD_-N4vf-tsqbUxrQ4CrJIA,깨비키즈 [KEBIKIDS],zj707brkrpo,배꼽송 2 | 생활송 | 인기동요 | 창작동요 | 깨비키즈 KEBIKIDS,2026-04-06T10:01:36Z,72.0,False,23393,57.0,
8096,UCD_-N4vf-tsqbUxrQ4CrJIA,깨비키즈 [KEBIKIDS],6gkStxfGBUc,프로펠러가 고장난 헬리콥터 2 #클린뚝딱정비소 #깨비키즈 #shorts,2026-04-07T10:00:20Z,68.0,False,401909,3288.0,
8096,UCD_-N4vf-tsqbUxrQ4CrJIA,깨비키즈 [KEBIKIDS],sLA2O3IYFno,밥풀떼기 송 #푸드송 #인기동요 #깨비키즈 #shorts,2026-04-08T10:01:34Z,23.0,True,275299,1614.0,
8096,UCD_-N4vf-tsqbUxrQ4CrJIA,깨비키즈 [KEBIKIDS],_6ip3IMiQZ0,비누방울을 터트려라 2 - 비누방울괴물을 물리쳐 #shorts #토이레인저 #깨비키즈,2026-04-09T10:01:01Z,63.0,False,881973,5695.0,
8096,UCD_-N4vf-tsqbUxrQ4CrJIA,깨비키즈 [KEBIKIDS],z5owsFODOzw,나무야 #인기동요 #동요 #깨비키즈 #shorts,2026-04-10T10:01:46Z,24.0,True,5484748,29959.0,
8096,UCD_-N4vf-tsqbUxrQ4CrJIA,깨비키즈 [KEBIKIDS],8cOuZQoj23k,경찰관 테리와 함께하는 범인 찾기! 달걀 도둑은 누구일까? 🕵️‍♂️🥚 | 깨비키즈 어린이 만화,2026-04-11T10:00:21Z,277.0,False,20666,71.0,
8096,UCD_-N4vf-tsqbUxrQ4CrJIA,깨비키즈 [KEBIKIDS],j3kvTzsRv7o,작은 동물원 #인기동요 #동요 #깨비키즈 #shorts,2026-04-12T10:01:06Z,28.0,True,295700,1903.0,
8096,UCD_-N4vf-tsqbUxrQ4CrJIA,깨비키즈 [KEBIKIDS],XmC_TB-NRAM,얼룩모기의 습격 1 #인체탐험 #과학 #깨비키즈 #shorts,2026-04-13T10:00:57Z,57.0,True,272146,2273.0,
8096,UCD_-N4vf-tsqbUxrQ4CrJIA,깨비키즈 [KEBIKIDS],EOgtfWZR258,멋쟁이 얼룩말 송 | 동물송 | 인기동요 | 어린이동요 | 깨비키즈 KEBIKIDS,2026-04-14T10:00:31Z,120.0,False,24938,78.0,
8096,UCD_-N4vf-tsqbUxrQ4CrJIA,깨비키즈 [KEBIKIDS],pfgwGfCNwd0,리듬악기노래 #인기동요 #동요 #깨비키즈 #shorts,2026-04-15T10:01:21Z,31.0,True,349611,2060.0,
8096,UCD_-N4vf-tsqbUxrQ4CrJIA,깨비키즈 [KEBIKIDS],xhVrIPXy9MI,얼룩모기의 습격 2 #인체탐험 #과학 #깨비키즈 #shorts,2026-04-16T10:01:38Z,59.0,True,310210,2524.0,
8096,UCD_-N4vf-tsqbUxrQ4CrJIA,깨비키즈 [KEBIKIDS],82sto2FzFNY,"원숭이 (최승호 작사, 방시혁 작곡) #인기동요 #동요 #깨비키즈",2026-04-17T10:00:14Z,30.0,True,418077,2381.0,
8096,UCD_-N4vf-tsqbUxrQ4CrJIA,깨비키즈 [KEBIKIDS],faYfWVylkSQ,구멍난 낚싯배 1 #클린뚝딱정비소 #깨비키즈,2026-04-18T10:01:04Z,64.0,False,753649,5701.0,
8096,UCD_-N4vf-tsqbUxrQ4CrJIA,깨비키즈 [KEBIKIDS],EDcQXmlcrvs,싹싹 닦아라 #인기동요 #동요 #양치질 #깨비키즈,2026-04-19T10:00:21Z,26.0,True,385470,2575.0,
8096,UCD_-N4vf-tsqbUxrQ4CrJIA,깨비키즈 [KEBIKIDS],Jd9M6P1S-q4,구멍난 낚싯배 2 #클린뚝딱정비소 #깨비키즈,2026-04-20T10:00:35Z,70.0,False,258130,2197.0,
8096,UCD_-N4vf-tsqbUxrQ4CrJIA,깨비키즈 [KEBIKIDS],U436o0uBqoE,메아리 #인기동요 #동요 #산에산에산에는 #깨비키즈,2026-04-21T10:00:54Z,32.0,True,245998,1684.0,
8096,UCD_-N4vf-tsqbUxrQ4CrJIA,깨비키즈 [KEBIKIDS],dHFomRBtbMs,검독수리 vs 수리부엉이 #동물배틀 #깨비키즈,2026-04-22T10:01:10Z,55.0,True,203811,1723.0,
8096,UCD_-N4vf-tsqbUxrQ4CrJIA,깨비키즈 [KEBIKIDS],6YNghmuQ2ks,저금통 #인기동요 #동요 #돼지저금통 #깨비키즈,2026-04-23T10:00:08Z,33.0,True,1910374,13494.0,
8096,UCD_-N4vf-tsqbUxrQ4CrJIA,깨비키즈 [KEBIKIDS],ajTCsXR_ayw,엘리베이터에서 1 #개구쟁이토마스 #깨비키즈,2026-04-24T10:00:08Z,52.0,True,1369656,11389.0,
8096,UCD_-N4vf-tsqbUxrQ4CrJIA,깨비키즈 [KEBIKIDS],Vm87VshSCmc,가게놀이 #인기동요 #동요 #깨비키즈,2026-04-25T10:00:46Z,26.0,True,253044,1694.0,
8096,UCD_-N4vf-tsqbUxrQ4CrJIA,깨비키즈 [KEBIKIDS],GhJ8mU8y334,약을 먹을 때는 2 - 이슬이 코에 무슨 일이? #깨비안전교육 #깨비키즈,2026-04-26T10:00:34Z,68.0,False,746813,6394.0,
8096,UCD_-N4vf-tsqbUxrQ4CrJIA,깨비키즈 [KEBIKIDS],i1IruQ_52Hg,검은고양이 네로 #인기동요 #동요 #고양이 #깨비키즈 #shorts,2026-04-27T10:01:04Z,32.0,True,1253481,7136.0,
8096,UCD_-N4vf-tsqbUxrQ4CrJIA,깨비키즈 [KEBIKIDS],fgQRJ8LT4vY,엘리베이터에서 2 #개구쟁이토마스 #깨비키즈,2026-04-28T10:01:05Z,84.0,False,283277,2912.0,
8096,UCD_-N4vf-tsqbUxrQ4CrJIA,깨비키즈 [KEBIKIDS],0oIZ781aCt8,전화놀이 2 #인기동요 #동요 #전화 #깨비키즈 #short,2026-04-29T10:00:02Z,20.0,True,33427460,170454.0,
8096,UCD_-N4vf-tsqbUxrQ4CrJIA,깨비키즈 [KEBIKIDS],2hMm8c0dYCg,뼈에 구멍이 1 #인체탐험 #깨비키즈 #shorts,2026-04-30T10:00:12Z,50.0,True,173558,1598.0,
8096,UCD_-N4vf-tsqbUxrQ4CrJIA,깨비키즈 [KEBIKIDS],qfPHvZrkoGs,어린이날 노래 2절 #인기동요 #어린이날 #동요 #깨비키즈 #shorts,2026-05-01T10:01:26Z,23.0,True,230693,1541.0,
8096,UCD_-N4vf-tsqbUxrQ4CrJIA,깨비키즈 [KEBIKIDS],inJIz7npVt0,콤바인이 고장났어 1 #shorts #클린뚝딱정비소 #깨비키즈,2026-05-02T10:01:15Z,70.0,False,9689041,82847.0,
8096,UCD_-N4vf-tsqbUxrQ4CrJIA,깨비키즈 [KEBIKIDS],ze2x6lPiJ0A,어린이 노래 #인기동요 #어린이날 #동요 #어린이 #깨비키즈 #shorts,2026-05-03T10:01:32Z,33.0,True,188519,1584.0,
8096,UCD_-N4vf-tsqbUxrQ4CrJIA,깨비키즈 [KEBIKIDS],_Kd7jwN4UGY,골고루 먹어요 1 #개구쟁이토마스 #깨비키즈 #shorts,2026-05-04T10:00:51Z,66.0,False,509538,5375.0,
8096,UCD_-N4vf-tsqbUxrQ4CrJIA,깨비키즈 [KEBIKIDS],ujrN-bO6L0Y,닮았대요 #인기동요 #엄마 #동요 #깨비키즈 #shorts,2026-05-05T10:01:22Z,17.0,True,350415,2108.0,
8096,UCD_-N4vf-tsqbUxrQ4CrJIA,깨비키즈 [KEBIKIDS],VMHbfwwmOjw,블록군단을 막아라 1 - 공포의 블록군단! #토이레인저 #깨비키즈 #shorts,2026-05-06T10:00:50Z,67.0,False,272394,2562.0,
8096,UCD_-N4vf-tsqbUxrQ4CrJIA,깨비키즈 [KEBIKIDS],QhQpvQykonE,삐쭉이 빼쭉이 #인기동요 #애창동요 #동요 #깨비키즈 #shorts,2026-05-07T10:00:41Z,27.0,True,6483329,38324.0,
8096,UCD_-N4vf-tsqbUxrQ4CrJIA,깨비키즈 [KEBIKIDS],6YPCcDPR1pg,카네이션 오리기 #어버이날 특집 #깨비키즈,2026-05-08T07:05:00Z,109.0,False,225215,2542.0,
8096,UCD_-N4vf-tsqbUxrQ4CrJIA,깨비키즈 [KEBIKIDS],EOzk97b6v5E,카네이션 종이접기 #카네이션만들기 #어버이날 특집 #깨비키즈,2026-05-08T08:00:15Z,129.0,False,290511,3366.0,
8096,UCD_-N4vf-tsqbUxrQ4CrJIA,깨비키즈 [KEBIKIDS],TP7QIfH0doo,"약을 먹을 때는 3 - 몽구, 약을 잘못 먹었어요 #깨비안전교육 #안전맨 #몽구 #깨비키즈",2026-05-08T10:00:46Z,68.0,False,273494,3191.0,
8096,UCD_-N4vf-tsqbUxrQ4CrJIA,깨비키즈 [KEBIKIDS],3bsEVPwA0vA,숫자송 #인기동요 #동요 #애창동요 #깨비키즈 #shorts,2026-05-09T10:00:05Z,60.0,True,124258,1451.0,
8096,UCD_-N4vf-tsqbUxrQ4CrJIA,깨비키즈 [KEBIKIDS],NgRSroyfUtA,골고루 먹어요 2 #개구쟁이토마스 #깨비키즈 #shorts,2026-05-10T10:00:37Z,61.0,False,204255,2556.0,
8096,UCD_-N4vf-tsqbUxrQ4CrJIA,깨비키즈 [KEBIKIDS],E-qNsEvFXqI,오이 #인기동요 #동요 #오이 #깨비키즈 #shorts,2026-05-11T10:00:32Z,16.0,True,144251,1168.0,
8096,UCD_-N4vf-tsqbUxrQ4CrJIA,깨비키즈 [KEBIKIDS],WPiGn2UdaSA,뼈에 구멍이 2 #인체탐험 #깨비키즈 #shorts,2026-05-12T10:00:54Z,53.0,True,174428,1589.0,
8096,UCD_-N4vf-tsqbUxrQ4CrJIA,깨비키즈 [KEBIKIDS],g_9_hpFI6Kk,장난감기차  #김영일작사 #김숙경작곡 #인기동요 #깨비키즈,2026-05-13T10:00:58Z,31.0,True,351448,2210.0,
8096,UCD_-N4vf-tsqbUxrQ4CrJIA,깨비키즈 [KEBIKIDS],1mqDRNU1zHc,"따라가면 안돼요 1 - 강아지 줄게, 따라올래? #깨비안전교육 #안전맨 #몽구 #깨비키즈 #shorts",2026-05-14T10:00:18Z,70.0,False,36942,560.0,
8096,UCD_-N4vf-tsqbUxrQ4CrJIA,깨비키즈 [KEBIKIDS],jIMwN0mZqb0,산토끼 #인기동요 #동요 #토끼 #깨비키즈,2026-05-15T10:00:39Z,27.0,True,14761,168.0,
8097,UCF4Wxdo3inmxP-Y59wXDsFw,MBCNEWS,Yq5TsGGjRgo,"강남 한복판 GTX 지하‥""철근 2,570개 빠졌다"" (2026.05.16/뉴스25/MBC)",2026-05-15T16:27:09Z,140.0,False,16848,231.0,191.0
8097,UCF4Wxdo3inmxP-Y59wXDsFw,MBCNEWS,vVQ_J1NxUjA,"관저 특혜·내란 정당화‥수사, 尹부부 턱 밑에 (2026.05.16/뉴스25/MBC)",2026-05-15T16:28:32Z,122.0,False,5177,174.0,17.0
8097,UCF4Wxdo3inmxP-Y59wXDsFw,MBCNEWS,NDCkBgchjwc,초등생이 선생님 30분간 폭행‥비명 울린 상담실 (2026.05.16/뉴스25/MBC),2026-05-15T16:29:59Z,110.0,False,22810,557.0,267.0
8097,UCF4Wxdo3inmxP-Y59wXDsFw,MBCNEWS,QWxrJHwM59E,전국 맑은 하늘‥낮 최고 33도 온열질환 주의 (2026.05.16/뉴스25/MBC),2026-05-15T16:31:09Z,23.0,True,3215,19.0,6.0
8097,UCF4Wxdo3inmxP-Y59wXDsFw,MBCNEWS,msVMzo1O1qk,“다시 한국이다” 외국인 K-주식 베팅 ‘삼전닉스 가즈아!’.. 美 개미들 '들썩' - [핫이슈PLAY] MBC뉴스 2026년 05월 16일,2026-05-15T22:01:18Z,,False,56414,937.0,0.0
8097,UCF4Wxdo3inmxP-Y59wXDsFw,MBCNEWS,Z86EBPUwmeE,"""대만 공격시 미국 대응 물어‥북 관련 논의도"" (2026.05.16/뉴스투데이/MBC)",2026-05-15T22:09:23Z,158.0,False,18818,234.0,120.0
8097,UCF4Wxdo3inmxP-Y59wXDsFw,MBCNEWS,gQziGLeXYxE,2026년 5월 16일 (토) 오늘의 주요 뉴스 #Shorts,2026-05-15T22:11:42Z,48.0,True,39839,579.0,15.0
8097,UCF4Wxdo3inmxP-Y59wXDsFw,MBCNEWS,2OHQC2HAbQE,"""이란 핵 20년 중단해야""‥""외교만이 해법"" (2026.05.16/뉴스투데이/MBC)",2026-05-15T22:14:54Z,130.0,False,1843,27.0,6.0
8097,UCF4Wxdo3inmxP-Y59wXDsFw,MBCNEWS,BeDtRRTjB1E,"""대화? 일단 파업 먼저 하고""‥끝내 '강행' 선언 (2026.05.16/뉴스투데이/MBC)",2026-05-15T22:16:20Z,139.0,False,18273,297.0,643.0
8097,UCF4Wxdo3inmxP-Y59wXDsFw,MBCNEWS,zysErisbu5g,안 쓰고 싶지만‥정부 '파업중단권' 놓고 고민 (2026.05.16/뉴스투데이/MBC),2026-05-15T22:19:24Z,128.0,False,6754,143.0,182.0
8097,UCF4Wxdo3inmxP-Y59wXDsFw,MBCNEWS,i4_6TJlEtCA,"""대만 공격시 미국 대응 물어‥북한 논의도"" - [LIVE] MBC 뉴스투데이 2026년 05월 16일",2026-05-15T22:19:41Z,971.0,False,94923,1645.0,144.0
8097,UCF4Wxdo3inmxP-Y59wXDsFw,MBCNEWS,Hx_Gf0IrW0U,"강남 한복판 GTX 지하‥""철근 2,570개 빠졌다"" (2026.05.16/뉴스투데이/MBC)",2026-05-15T22:20:59Z,134.0,False,2615,68.0,40.0
8097,UCF4Wxdo3inmxP-Y59wXDsFw,MBCNEWS,hidtRmeRWaI,GTX 삼성역 '철근 절반'‥국토부 감사 착수 (2026.05.16/뉴스투데이/MBC),2026-05-15T22:22:52Z,41.0,True,2293,47.0,19.0
8097,UCF4Wxdo3inmxP-Y59wXDsFw,MBCNEWS,ORYHmtbociw,울산 '진보' 단일화‥부산 북갑·경기 평택을은? (2026.05.16/뉴스투데이/MBC),2026-05-15T22:25:34Z,131.0,False,2679,66.0,16.0
8097,UCF4Wxdo3inmxP-Y59wXDsFw,MBCNEWS,VSSvgA7Is6w,서울 도심서 연등행렬‥중구·종로 등 교통 통제 (2026.05.16/뉴스투데이/MBC),2026-05-15T22:26:46Z,30.0,True,1778,25.0,7.0
8097,UCF4Wxdo3inmxP-Y59wXDsFw,MBCNEWS,GCIAgwWBFEE,주말 낮 최고 33도‥다음 주 초까지 더위 (2026.05.16/뉴스투데이/MBC),2026-05-15T22:28:00Z,21.0,True,1478,23.0,3.0
8097,UCF4Wxdo3inmxP-Y59wXDsFw,MBCNEWS,qBlxaOXGOEE,"'그들만의 왕국' 직격에...""이번엔 정말 되나?"" 술렁 [뉴스.zip/MBC뉴스]",2026-05-15T22:30:10Z,825.0,False,52518,2171.0,339.0
8097,UCF4Wxdo3inmxP-Y59wXDsFw,MBCNEWS,Am4CHrigC4Y,"“출항!” UDT/SEAL·링스 청해부대 총출동 왕건함, 위협 뚫고 아덴만·호르무즈까지 - [현장PLAY] MBC뉴스 2026년 05월 16일",2026-05-15T23:00:38Z,,False,102294,2331.0,0.0
8097,UCF4Wxdo3inmxP-Y59wXDsFw,MBCNEWS,vLk_xlO9qHM,"""대만 경고"" ""호르무즈 개방""..각자 '유리한 것만' 발표? [뉴스.zip/MBC뉴스]",2026-05-15T23:00:57Z,361.0,False,5580,77.0,31.0
8097,UCF4Wxdo3inmxP-Y59wXDsFw,MBCNEWS,DPbKjpNiUV8,"혈세 빌려주니 가맹점 피를..정부 분노 ""전액 토해내"" [뉴스.zip/MBC뉴스]",2026-05-15T23:30:04Z,418.0,False,178497,4480.0,1248.0
8097,UCF4Wxdo3inmxP-Y59wXDsFw,MBCNEWS,9VgQdzvoaF4,개혁신당 김성열 국회의원 후보 ‘하남 갑’ 선거사무소 개소식 - [끝까지 LIVE] MBC 중계방송 2026년 05월 16일,2026-05-15T23:35:32Z,,False,0,120.0,0.0
8097,UCF4Wxdo3inmxP-Y59wXDsFw,MBCNEWS,66-iOjxTNSY,더불어민주당 박찬대 인천시장 후보 선거사무소 개소식 - [끝까지 LIVE] MBC 중계방송 2026년 05월 16일,2026-05-15T23:39:23Z,,False,0,0.0,0.0
8097,UCF4Wxdo3inmxP-Y59wXDsFw,MBCNEWS,Ebf7qLz5H5o,'마약 먹이고' 정학 3개월.. '변호사님' 된 서울대생 [뉴스.zip/MBC뉴스],2026-05-16T00:00:24Z,379.0,False,272344,7300.0,2823.0
8097,UCF4Wxdo3inmxP-Y59wXDsFw,MBCNEWS,K1_T0Kxy3Pk,극우 유튜버와 '희희낙락'? 국힘 점퍼도 안 입더니.. [뉴스.zip/MBC뉴스],2026-05-16T00:30:25Z,287.0,False,11511,445.0,178.0
8097,UCF4Wxdo3inmxP-Y59wXDsFw,MBCNEWS,b8t5bebDKCo,"""촉법 버릇 여든까지?""..'14세 유지' 보름만에 또 [뉴스.zip/MBC뉴스]",2026-05-16T01:00:29Z,324.0,False,4460,96.0,103.0
8097,UCF4Wxdo3inmxP-Y59wXDsFw,MBCNEWS,cyHAVJdUUFQ,"""깐뻬이!"" 입에도 안 대던 술을?.. NYT의 뼈 때린 '한줄평' [뉴스.zip/MBC뉴스]",2026-05-16T01:30:27Z,340.0,False,30018,722.0,362.0
8097,UCF4Wxdo3inmxP-Y59wXDsFw,MBCNEWS,dljpFkPn518,"""비행기 놓칠 뻔했는데!"".. '개미떼' 주차장 '대반전' [뉴스.zip/MBC뉴스]",2026-05-16T02:00:38Z,259.0,False,16821,419.0,188.0
8097,UCF4Wxdo3inmxP-Y59wXDsFw,MBCNEWS,U6Le7IbTZwE,"[속보] 특검, '매관매직 혐의' 김건희 징역 7년6개월 구형‥""경솔한 처신 반성..국민들께 사죄""- [MBC 뉴스속보] MBC뉴스 2026년 5월 15일",2026-05-16T02:11:27Z,42899.0,False,89880,2388.0,45.0
8097,UCF4Wxdo3inmxP-Y59wXDsFw,MBCNEWS,b024M1yuJ2w,"""대만 공격시 어쩔 거냐?"".. 트럼프에 대놓고 물었다 [뉴스.zip/MBC뉴스]",2026-05-16T02:30:25Z,243.0,False,6299,141.0,82.0
8097,UCF4Wxdo3inmxP-Y59wXDsFw,MBCNEWS,0uJ1g94nk-0,"""나는 소중해""‥ 스승의 날 만난 '자존감 선생님' (2026.05.15/뉴스데스크/춘천MBC)",2026-05-16T03:00:01Z,133.0,False,82,3.0,2.0
8097,UCF4Wxdo3inmxP-Y59wXDsFw,MBCNEWS,8xhKAiqSR2s,"""자식처럼 애지중지 키웠는데‥"" 수확 눈앞에 두고 갈아엎은 양파밭 (2026.05.15/뉴스데스크/대구MBC)",2026-05-16T03:00:17Z,127.0,False,440,12.0,15.0
8097,UCF4Wxdo3inmxP-Y59wXDsFw,MBCNEWS,I9rXIniHET0,광주 세 모녀 살인범 이어 또‥ 수감자 잇따라 숨져 (2026.05.15/뉴스데스크/목포MBC),2026-05-16T03:00:18Z,106.0,False,1169,46.0,22.0
8097,UCF4Wxdo3inmxP-Y59wXDsFw,MBCNEWS,E348mNpwfu8,2차 특검 '불기소 결정서' 통지‥ 김관영·이원택 또 공방 (2026.05.15/뉴스데스크/전주MBC),2026-05-16T03:00:24Z,149.0,False,134,5.0,4.0
8097,UCF4Wxdo3inmxP-Y59wXDsFw,MBCNEWS,VH6q061Na0k,무투표 당선 대가 '1천만 원'?‥ 현직 도의원 고발 (2026.05.15/뉴스데스크/목포MBC),2026-05-16T03:00:35Z,150.0,False,215,8.0,1.0
8097,UCF4Wxdo3inmxP-Y59wXDsFw,MBCNEWS,jbgJehQPNj0,"싹 다 '불법' ""세상 만만한가"" 쇠파이프 휘두른 배짱 뒤엔.. [뉴스.zip/MBC뉴스]",2026-05-16T03:00:43Z,239.0,False,17447,783.0,280.0
8097,UCF4Wxdo3inmxP-Y59wXDsFw,MBCNEWS,jpofqG-flok,"경찰, 이남호 후보 측 압수수색‥ 기사 대가로 돈 건넨 의혹 (2026.05.15/뉴스데스크/전주MBC)",2026-05-16T03:00:45Z,99.0,False,344,12.0,2.0
8097,UCF4Wxdo3inmxP-Y59wXDsFw,MBCNEWS,jyuIeKe0OSA,울진 원자력수소 국가산단‥ 상수원 보호구역 위반 '암초' (2026.05.15/뉴스데스크/포항MBC),2026-05-16T03:00:52Z,155.0,False,254,9.0,4.0
8097,UCF4Wxdo3inmxP-Y59wXDsFw,MBCNEWS,xKnoCb6i954,"우상호 ""고발은 불가피"" vs 김진태 ""책임전가 그만"" (2026.05.15/뉴스데스크/춘천MBC)",2026-05-16T03:00:53Z,131.0,False,344,5.0,9.0
8097,UCF4Wxdo3inmxP-Y59wXDsFw,MBCNEWS,wik0ONiBHSc,대구경북신공항 건립 어떻게 할까? 대구시장 선거 '뜨거운 쟁점' 떠올라 (2026.05.15/뉴스데스크/대구MBC),2026-05-16T03:00:57Z,137.0,False,570,20.0,19.0
8097,UCF4Wxdo3inmxP-Y59wXDsFw,MBCNEWS,3yquqDPzeS8,국민의힘 전북 선대위 발대식 및 필승 결의대회 - [끝까지 LIVE] MBC 중계방송 2026년 05월 16일,2026-05-16T03:09:16Z,3496.0,False,686,18.0,3.0
8097,UCF4Wxdo3inmxP-Y59wXDsFw,MBCNEWS,j0y-n86qgvc,"'파업 D-5' 노동부 장관, 경영진 면담‥막판 중재 (2026.05.16/12MBC뉴스)",2026-05-16T03:09:54Z,141.0,False,2724,72.0,81.0
8097,UCF4Wxdo3inmxP-Y59wXDsFw,MBCNEWS,jp0a_qJYgDo,"'파업 D-5' 노동부 장관, 경영진 면담‥막판 중재 - [LIVE] MBC 뉴스 2026년 05월 16일",2026-05-16T03:10:17Z,434.0,False,5327,223.0,12.0
8097,UCF4Wxdo3inmxP-Y59wXDsFw,MBCNEWS,9L0y4z2B3ZY,"""중재안 헛소리, 사장 나와라"" 성과 요구 봇물 '40조' 증발 위기.. '긴급조정권' 카드 만지작 - [핫이슈PLAY] MBC뉴스 2026년 05월 15일",2026-05-16T03:15:08Z,42899.0,False,33983,317.0,28.0
8097,UCF4Wxdo3inmxP-Y59wXDsFw,MBCNEWS,Sy_8UjWxtYM,"삼전 초기업 노조, 3일간 조합원 1천 명 탈퇴 (2026.05.16/12MBC뉴스)",2026-05-16T03:17:14Z,43.0,True,3547,111.0,80.0
8097,UCF4Wxdo3inmxP-Y59wXDsFw,MBCNEWS,TXjF0ueSJns,"트럼프 ""시진핑, 대만 공격 시 美 대응 질문"" (2026.05.16/12MBC뉴스)",2026-05-16T03:17:32Z,128.0,False,1420,42.0,16.0
8097,UCF4Wxdo3inmxP-Y59wXDsFw,MBCNEWS,XAOs6XvGDYY,"후보 지원 총력‥정청래 평택, 장동혁 전북으로 (2026.05.16/12MBC뉴스)",2026-05-16T03:21:45Z,40.0,True,355,19.0,9.0
8097,UCF4Wxdo3inmxP-Y59wXDsFw,MBCNEWS,9mguYPF6UbU,서울 도심 연등행렬‥흥인지문-종로1가 통제 (2026.05.16/12MBC뉴스),2026-05-16T03:24:31Z,42.0,True,538,26.0,1.0
8097,UCF4Wxdo3inmxP-Y59wXDsFw,MBCNEWS,gP1XhwJ_Tmk,낮 최고 33도 '초여름 더위'‥자외선 주의 (2026.05.16/12MBC뉴스),2026-05-16T03:26:47Z,25.0,True,840,20.0,2.0
8097,UCF4Wxdo3inmxP-Y59wXDsFw,MBCNEWS,ntcC8zLUHXA,'와 이걸 고소해? 레전드네'.. 판결 본 교사들 '터졌다'  [뉴스.zip/MBC뉴스],2026-05-16T04:00:49Z,360.0,False,7819,225.0,108.0
8097,UCF4Wxdo3inmxP-Y59wXDsFw,MBCNEWS,6q_-4-y7jvE,조국혁신당 조국 국회의원 후보 ‘평택 을’ 선거사무소 개소식 - [끝까지LIVE] MBC 중계방송 2026년 05월 16일,2026-05-16T04:04:07Z,,False,728,57.0,0.0
8098,UCg-p3lQIqmhh7gHpyaOmOiQ,영국남자 Korean Englishman,AIBsuuAH8_s,What's inside these Korean Winter Snacks?,2026-01-06T12:00:16Z,67.0,False,77618,1769.0,18.0
8098,UCg-p3lQIqmhh7gHpyaOmOiQ,영국남자 Korean Englishman,Q3sIw89En1o,Pasta? Squid? What is this?,2026-01-08T12:00:47Z,60.0,True,68750,828.0,10.0
8098,UCg-p3lQIqmhh7gHpyaOmOiQ,영국남자 Korean Englishman,OwxhuEMHrv4,"""Who thought to eat this?""",2026-01-10T12:00:47Z,58.0,True,64045,1062.0,35.0
8098,UCg-p3lQIqmhh7gHpyaOmOiQ,영국남자 Korean Englishman,n2AmCxHtljY,"We ain't got to eat that, are we?",2026-01-14T12:01:40Z,52.0,True,56609,925.0,14.0
8098,UCg-p3lQIqmhh7gHpyaOmOiQ,영국남자 Korean Englishman,ONpf-bE9M08,Chicken...what now?,2026-01-19T12:00:00Z,41.0,True,54668,694.0,7.0
8098,UCg-p3lQIqmhh7gHpyaOmOiQ,영국남자 Korean Englishman,Mou1w4uBlv0,EXO destroyed by BULDAK challenge!,2026-01-21T12:00:00Z,62.0,False,37877,1117.0,21.0
8098,UCg-p3lQIqmhh7gHpyaOmOiQ,영국남자 Korean Englishman,jWrYoQwC8lA,How to become fluent in Korean,2026-01-23T12:00:00Z,55.0,True,30579,685.0,6.0
8098,UCg-p3lQIqmhh7gHpyaOmOiQ,영국남자 Korean Englishman,iWAKEI5sCZ4,British Highschoolers Trip to Korea!,2026-01-26T12:00:00Z,61.0,False,47297,1698.0,28.0
8098,UCg-p3lQIqmhh7gHpyaOmOiQ,영국남자 Korean Englishman,olPwBhM-jMA,British Cabbies Try Korean Fried Chicken for the First Time!,2026-01-29T12:00:00Z,706.0,False,2173965,66587.0,1724.0
8098,UCg-p3lQIqmhh7gHpyaOmOiQ,영국남자 Korean Englishman,xlg7LhdLwsw,The cabbies are back!,2026-01-29T12:00:00Z,61.0,False,49067,1439.0,21.0
8098,UCg-p3lQIqmhh7gHpyaOmOiQ,영국남자 Korean Englishman,sgTTx5HPNvE,British Cabbies shocked by Korean Spicy Fried Chicken🌶️,2026-02-02T12:00:00Z,39.0,True,33322,743.0,5.0
8098,UCg-p3lQIqmhh7gHpyaOmOiQ,영국남자 Korean Englishman,qirjGj4G1DM,"""It's a bit mad, innit?""",2026-02-06T12:00:00Z,42.0,True,33020,814.0,10.0
8098,UCg-p3lQIqmhh7gHpyaOmOiQ,영국남자 Korean Englishman,RFSH6o6jCyw,British High Schoolers try REAL Street Food!!,2026-02-09T12:00:00Z,58.0,True,40271,932.0,8.0
8098,UCg-p3lQIqmhh7gHpyaOmOiQ,영국남자 Korean Englishman,7Vhatgir508,The Best Pairing with Korean Fried Chicken,2026-02-11T12:00:00Z,45.0,True,42851,963.0,12.0
8098,UCg-p3lQIqmhh7gHpyaOmOiQ,영국남자 Korean Englishman,vO9giyXiGKU,"Friends Reunion Lunar New Year Edition (ft.Shandy, Mr.Z & Composer Andy)",2026-02-13T03:00:00Z,900.0,False,991274,35177.0,1286.0
8098,UCg-p3lQIqmhh7gHpyaOmOiQ,영국남자 Korean Englishman,TtbRB3Oo_1k,"They are back! (ft.Shandy, Andy & Mr.Z)",2026-02-16T12:00:00Z,61.0,False,63648,1650.0,38.0
8098,UCg-p3lQIqmhh7gHpyaOmOiQ,영국남자 Korean Englishman,2LO0tZy8Mis,Korean Waterparks Are Built DIFFERENT 🇰🇷💦,2026-02-25T12:00:00Z,47.0,True,38133,767.0,13.0
8098,UCg-p3lQIqmhh7gHpyaOmOiQ,영국남자 Korean Englishman,U7TZWpq8RkM,British Highschoolers try Korean Ox Bone Broth!,2026-02-27T01:57:10Z,64.0,False,79891,2510.0,25.0
8098,UCg-p3lQIqmhh7gHpyaOmOiQ,영국남자 Korean Englishman,mVp7wNE6RHw,"British Highschoolers try Most Expensive Korean Beef, Anchang-sal!",2026-03-04T12:00:00Z,37.0,True,121164,2831.0,12.0
8098,UCg-p3lQIqmhh7gHpyaOmOiQ,영국남자 Korean Englishman,qEGybXm_Wg4,British High Schooler Feeds His Family REAL Korean Food 🇰🇷,2026-03-04T12:00:00Z,1015.0,False,1411963,52087.0,2126.0
8098,UCg-p3lQIqmhh7gHpyaOmOiQ,영국남자 Korean Englishman,GE6hazKB2JY,OG Highschooler Bobby takes his mum and sister to Korean meal 🥰,2026-03-11T12:00:00Z,64.0,False,79470,2318.0,22.0
8098,UCg-p3lQIqmhh7gHpyaOmOiQ,영국남자 Korean Englishman,2YdvPfd634k,British Highschoolers try Jeju Black Pork,2026-03-13T12:00:00Z,46.0,True,161377,3891.0,26.0
8098,UCg-p3lQIqmhh7gHpyaOmOiQ,영국남자 Korean Englishman,x7CgcTjRRKQ,British Footballers try Korean Volcano Chicken!,2026-03-16T12:30:00Z,43.0,True,110759,2934.0,22.0
8098,UCg-p3lQIqmhh7gHpyaOmOiQ,영국남자 Korean Englishman,EmFL6d8JILs,British Family tries Korean Raw Crab 🦀,2026-03-18T12:00:00Z,53.0,True,50076,1481.0,12.0
8098,UCg-p3lQIqmhh7gHpyaOmOiQ,영국남자 Korean Englishman,bA6GZDrge00,British Footballers Stunned by REAL Korean BBQ! 🇰🇷,2026-03-18T12:45:53Z,842.0,False,1265893,43963.0,1229.0
8098,UCg-p3lQIqmhh7gHpyaOmOiQ,영국남자 Korean Englishman,udzyJR0TX7c,British High Schoolers try Korean Beef Rib!,2026-03-24T12:00:00Z,47.0,True,72024,2433.0,20.0
8098,UCg-p3lQIqmhh7gHpyaOmOiQ,영국남자 Korean Englishman,WrsgfKwsHYA,British Footballers try Soju!,2026-03-26T12:00:00Z,61.0,False,112534,3075.0,34.0
8098,UCg-p3lQIqmhh7gHpyaOmOiQ,영국남자 Korean Englishman,aaTbsVhpwE4,British High Schoolers Mind-Blown by Korean Snacks for the first time! - Sticky-rice choco-pie,2026-03-28T12:00:00Z,34.0,True,122182,1881.0,19.0
8098,UCg-p3lQIqmhh7gHpyaOmOiQ,영국남자 Korean Englishman,9qnGbNTnkMM,British Footballers Try Yukhoe!,2026-03-31T11:00:00Z,43.0,True,61715,1409.0,21.0
8098,UCg-p3lQIqmhh7gHpyaOmOiQ,영국남자 Korean Englishman,dyLSXS_f-nc,British High Schoolers Mind-Blown by Korean Snacks for the first time! - Whale Food,2026-04-02T11:00:00Z,43.0,True,800794,5099.0,137.0
8098,UCg-p3lQIqmhh7gHpyaOmOiQ,영국남자 Korean Englishman,ZNkuiZLCqW0,BritishFootballers Try Korean Ribeye!,2026-04-04T11:00:00Z,40.0,True,116589,1897.0,14.0
8098,UCg-p3lQIqmhh7gHpyaOmOiQ,영국남자 Korean Englishman,s5uw_s8TJB4,British High Schoolers Mind-Blown by Korean Snacks for the first time! - Squid Peanut,2026-04-07T11:00:00Z,41.0,True,99684,1214.0,15.0
8098,UCg-p3lQIqmhh7gHpyaOmOiQ,영국남자 Korean Englishman,9j2khdzFZ1M,British Highshcoolers try viral Korean snacks - Dubai chewy cookie,2026-04-09T11:00:00Z,46.0,True,126785,2278.0,34.0
8098,UCg-p3lQIqmhh7gHpyaOmOiQ,영국남자 Korean Englishman,mhYhOs-wpF8,British Highschoolers try Korean Viral Desserts (ft.Dubai Chewy Chocolate),2026-04-10T13:13:31Z,657.0,False,2513453,51758.0,1347.0
8098,UCg-p3lQIqmhh7gHpyaOmOiQ,영국남자 Korean Englishman,VVBmnG9u0-E,British High Schoolers try Korean Octopus!,2026-04-11T11:00:00Z,44.0,True,67727,878.0,26.0
8098,UCg-p3lQIqmhh7gHpyaOmOiQ,영국남자 Korean Englishman,Zv4mF7lvm9w,British Highshcoolers try viral Korean snacks - Dalgona,2026-04-14T11:00:00Z,37.0,True,57642,973.0,12.0
8098,UCg-p3lQIqmhh7gHpyaOmOiQ,영국남자 Korean Englishman,9Kh4EAkSNFo,British Highshcoolers try viral Korean snacks - Injeolmi Toast,2026-04-16T11:00:00Z,51.0,True,46649,935.0,11.0
8098,UCg-p3lQIqmhh7gHpyaOmOiQ,영국남자 Korean Englishman,xPcw2rCTFK4,British High Schoolers try Korean a massive tteok!,2026-04-18T12:43:36Z,39.0,True,85651,1791.0,23.0
8098,UCg-p3lQIqmhh7gHpyaOmOiQ,영국남자 Korean Englishman,0oODn7JcUZM,British High Schoolers Mind-Blown by Korean Snacks for the first time! - Prawn Crisps,2026-04-21T12:01:21Z,42.0,True,50782,1014.0,18.0
8098,UCg-p3lQIqmhh7gHpyaOmOiQ,영국남자 Korean Englishman,OTJSK7NyQOM,British Highshcoolers try viral Korean snacks - Honey Butter Toast,2026-04-23T11:00:00Z,41.0,True,47438,1097.0,15.0
8098,UCg-p3lQIqmhh7gHpyaOmOiQ,영국남자 Korean Englishman,t-svDM846QM,British Highschoolers try Raw prawn!,2026-04-25T11:00:00Z,50.0,True,103214,1657.0,33.0
8098,UCg-p3lQIqmhh7gHpyaOmOiQ,영국남자 Korean Englishman,AP-oJI5bvYo,British Footballers Stunned by REAL Korean BBQ! -Beef Brisket,2026-04-28T11:00:00Z,42.0,True,55851,1317.0,8.0
8098,UCg-p3lQIqmhh7gHpyaOmOiQ,영국남자 Korean Englishman,GKWSEHXJhJA,HS KOREAN VIRAL SNACKS Croffle 9x16 WIP 01,2026-04-30T11:00:00Z,49.0,True,53786,1151.0,9.0
8098,UCg-p3lQIqmhh7gHpyaOmOiQ,영국남자 Korean Englishman,Z6b8fHy3rU4,British High Schoolers Mind-Blown by Korean Snacks for the first time! - Sweet Potato Crisps,2026-05-02T11:00:00Z,46.0,True,63445,1097.0,9.0
8098,UCg-p3lQIqmhh7gHpyaOmOiQ,영국남자 Korean Englishman,o26vcj-rwLU,British High Schoolers try Korean Kimchi Jjigae!,2026-05-05T11:00:00Z,47.0,True,71630,1708.0,23.0
8098,UCg-p3lQIqmhh7gHpyaOmOiQ,영국남자 Korean Englishman,r2p2-QZt8Ig,British High Schoolers Mind-Blown by Korean Snacks for the first time! - Homerun Ball,2026-05-07T11:00:00Z,40.0,True,47116,743.0,11.0
8098,UCg-p3lQIqmhh7gHpyaOmOiQ,영국남자 Korean Englishman,p8wvSOpCS5M,British Highshcoolers try viral Korean snacks - Salt Bread,2026-05-09T11:00:07Z,44.0,True,47223,1040.0,12.0
8098,UCg-p3lQIqmhh7gHpyaOmOiQ,영국남자 Korean Englishman,LoXeHNNWquk,British Chefs try Korean Yukhoe,2026-05-12T11:00:21Z,43.0,True,69929,1625.0,14.0
8098,UCg-p3lQIqmhh7gHpyaOmOiQ,영국남자 Korean Englishman,gfPBPmlOBlw,British High Schoolers try Korean Galbi-jjim,2026-05-14T11:00:09Z,45.0,True,51597,1165.0,11.0
8098,UCg-p3lQIqmhh7gHpyaOmOiQ,영국남자 Korean Englishman,kAaQafKGF7U,The British Fishermen Who Feed 50 Million Koreans (But Have Never Tried the Food),2026-05-15T11:31:15Z,963.0,False,664838,32487.0,2646.0
8099,UC8HEl74jL3bLLwfDP1OALxw,GOT7,e9tDDdJWSuo,GOT7 DYEARY EP.03,2020-05-19T14:00:15Z,794.0,False,219619,24248.0,923.0
8099,UC8HEl74jL3bLLwfDP1OALxw,GOT7,dDkOOqdQvyM,GOT7 DYEARY EP.04,2020-05-26T11:00:28Z,643.0,False,243079,25018.0,849.0
8099,UC8HEl74jL3bLLwfDP1OALxw,GOT7,zSEvpbwz5lM,GOT7 DYEARY EP.05,2020-06-03T11:00:26Z,840.0,False,273089,29190.0,1118.0
8099,UC8HEl74jL3bLLwfDP1OALxw,GOT7,djj9oxH9vkg,GOT7 DYEARY EP.06,2020-06-09T11:00:16Z,751.0,False,252309,26491.0,1050.0
8099,UC8HEl74jL3bLLwfDP1OALxw,GOT7,o3MMnLxUnIU,GOT7 DYEARY EP.07,2020-06-16T11:00:30Z,732.0,False,197646,22620.0,1062.0
8099,UC8HEl74jL3bLLwfDP1OALxw,GOT7,Lk9XVIEL-Ak,GOT7 DYEARY EP.08,2020-06-23T11:00:07Z,574.0,False,361683,32678.0,1264.0
8099,UC8HEl74jL3bLLwfDP1OALxw,GOT7,NJW0SsYeosc,GOT7 DYEARY EP.09,2020-06-30T11:00:07Z,536.0,False,248985,29032.0,1374.0
8099,UC8HEl74jL3bLLwfDP1OALxw,GOT7,toEYCsLSDjg,GOT7 OFFLINE #9,2020-07-07T08:00:12Z,361.0,False,244653,29206.0,1471.0
8099,UC8HEl74jL3bLLwfDP1OALxw,GOT7,d6sNcuo-h1U,GOT7 OFFLINE #10,2020-07-14T08:00:14Z,678.0,False,188607,24091.0,1007.0
8099,UC8HEl74jL3bLLwfDP1OALxw,GOT7,93CrcCRqKJ0,GOT7 OFFLINE #11,2020-07-21T08:00:01Z,498.0,False,108222,16227.0,1059.0
8099,UC8HEl74jL3bLLwfDP1OALxw,GOT7,jrDtN6RSrW4,GOT7 OFFLINE #12,2020-07-28T08:00:05Z,508.0,False,179937,23240.0,1145.0
8099,UC8HEl74jL3bLLwfDP1OALxw,GOT7,vc_DWsItMFY,GOTOON BY GOT7 SUMMER STORE COMING SOON,2020-07-31T15:00:16Z,66.0,False,253381,59668.0,2229.0
8099,UC8HEl74jL3bLLwfDP1OALxw,GOT7,-cOnub-mPCk,"""GOTOON BY GOT7 SUMMER STORE"" EP.01",2020-08-03T09:00:01Z,662.0,False,275116,38055.0,2230.0
8099,UC8HEl74jL3bLLwfDP1OALxw,GOT7,bNZ1VgGtrwk,GOT7 OFFLINE #13,2020-08-04T08:00:13Z,381.0,False,271379,37385.0,2131.0
8099,UC8HEl74jL3bLLwfDP1OALxw,GOT7,dYeBuj7W8Ww,"""GOTOON BY GOT7 SUMMER STORE"" EP.02",2020-08-04T09:00:07Z,797.0,False,162453,21193.0,790.0
8099,UC8HEl74jL3bLLwfDP1OALxw,GOT7,MwxlKJGml54,"""GOTOON BY GOT7 SUMMER STORE"" EP.03",2020-08-05T09:00:06Z,735.0,False,154340,20020.0,909.0
8099,UC8HEl74jL3bLLwfDP1OALxw,GOT7,W0Fgwxpa4ww,GOT7 OFFLINE #14,2020-08-11T08:00:08Z,493.0,False,233751,30133.0,1138.0
8099,UC8HEl74jL3bLLwfDP1OALxw,GOT7,ugD-ObMmiCU,GOT7 OFFLINE #15,2020-08-18T08:00:08Z,425.0,False,236504,27581.0,1358.0
8099,UC8HEl74jL3bLLwfDP1OALxw,GOT7,_4KRU3yi4Iw,GOT7 OFFLINE #16,2020-08-25T08:00:07Z,692.0,False,528349,47726.0,2506.0
8099,UC8HEl74jL3bLLwfDP1OALxw,GOT7,zZMu_9OItEE,GOT7 OFFLINE #17,2020-09-01T08:00:10Z,763.0,False,243989,27298.0,1358.0
8099,UC8HEl74jL3bLLwfDP1OALxw,GOT7,vKWJmRui1gg,GOT7 OFFLINE #18,2020-09-22T09:00:13Z,406.0,False,143554,21212.0,1465.0
8099,UC8HEl74jL3bLLwfDP1OALxw,GOT7,FVoShpRTJcs,GOT7 OFFLINE #19,2020-09-29T08:00:01Z,368.0,False,163349,23762.0,1278.0
8099,UC8HEl74jL3bLLwfDP1OALxw,GOT7,b1mIcaE88hE,GOT7 OFFLINE #20,2020-10-06T08:00:07Z,393.0,False,164451,25774.0,1397.0
8099,UC8HEl74jL3bLLwfDP1OALxw,GOT7,678-tp61cEg,GOT7 OFFLINE #21,2020-10-13T08:00:01Z,454.0,False,118112,20565.0,1200.0
8099,UC8HEl74jL3bLLwfDP1OALxw,GOT7,OpBeKal_6mY,GOT7 영재 #촌스러운사랑노래 #박진영하드대방출,2020-10-14T10:00:05Z,42.0,True,137847,30203.0,2348.0
8099,UC8HEl74jL3bLLwfDP1OALxw,GOT7,LnucjhYbt0A,GOT7 OFFLINE #22,2020-10-20T08:00:07Z,666.0,False,198178,29321.0,1356.0
8099,UC8HEl74jL3bLLwfDP1OALxw,GOT7,nH1K27xprSQ,GOT7 OFFLINE #23,2020-10-27T08:00:06Z,458.0,False,225649,31078.0,1706.0
8099,UC8HEl74jL3bLLwfDP1OALxw,GOT7,wotrn1bXjnM,GOT7 OFFLINE #24,2020-11-03T08:00:20Z,499.0,False,206817,29958.0,1587.0
8099,UC8HEl74jL3bLLwfDP1OALxw,GOT7,QtmmdK93YdM,"GOT7 MONOGRAPH ""Breath of Love : Last Piece"" EP.01",2020-12-01T08:00:06Z,993.0,False,355027,58517.0,2965.0
8099,UC8HEl74jL3bLLwfDP1OALxw,GOT7,LtD6Grl6Wyo,"GOT7 ""Breath (넌 날 숨 쉬게 해)"" Cheer Guide Video",2020-12-01T15:00:06Z,244.0,False,454494,95016.0,4001.0
8099,UC8HEl74jL3bLLwfDP1OALxw,GOT7,K8eQjUJ2qmQ,"GOT7 ""LAST PIECE"" Cheer Guide Video",2020-12-02T15:00:30Z,280.0,False,259915,61304.0,2500.0
8099,UC8HEl74jL3bLLwfDP1OALxw,GOT7,Su89wWmcm4k,"[ 8K ] GOT7 ""Breath (넌 날 숨 쉬게 해)"" Dance Practice",2020-12-03T10:00:07Z,197.0,False,3766916,242834.0,12116.0
8099,UC8HEl74jL3bLLwfDP1OALxw,GOT7,gFxULSCjL6c,"[ 8K ] GOT7 ""LAST PIECE"" Dance Practice",2020-12-04T10:00:10Z,232.0,False,1349275,126123.0,4220.0
8099,UC8HEl74jL3bLLwfDP1OALxw,GOT7,d7mxUw-VAWY,"GOT7 MONOGRAPH ""Breath of Love : Last Piece"" EP.02",2020-12-05T08:00:19Z,916.0,False,222959,34823.0,1510.0
8099,UC8HEl74jL3bLLwfDP1OALxw,GOT7,4mg7e5Fq04w,"GOT7 MONOGRAPH ""Breath of Love : Last Piece"" EP.03",2020-12-08T08:00:01Z,1136.0,False,258802,36510.0,2108.0
8099,UC8HEl74jL3bLLwfDP1OALxw,GOT7,9ImmKu_ele0,"GOT7 ""LAST PIECE"" LIVE VIDEO TEASER",2020-12-09T08:00:07Z,26.0,True,223439,54570.0,2051.0
8099,UC8HEl74jL3bLLwfDP1OALxw,GOT7,jCtWLNlIWik,"GOT7 ""LAST PIECE"" LIVE VIDEO",2020-12-10T09:00:23Z,326.0,False,1506699,203230.0,11199.0
8099,UC8HEl74jL3bLLwfDP1OALxw,GOT7,dJwZK8lk_u8,"GOT7 MONOGRAPH ""Breath of Love : Last Piece"" EP.04",2020-12-12T08:00:08Z,905.0,False,318135,40952.0,1566.0
8099,UC8HEl74jL3bLLwfDP1OALxw,GOT7,0CENutLSmnE,"GOT7 MONOGRAPH ""Breath of Love : Last Piece"" EP.05",2020-12-15T08:00:00Z,1010.0,False,266502,33465.0,1179.0
8099,UC8HEl74jL3bLLwfDP1OALxw,GOT7,-MnJUJlg5fY,"GOT7 MONOGRAPH ""Breath of Love : Last Piece"" EP.06",2020-12-19T08:00:02Z,1290.0,False,356448,37829.0,1721.0
8099,UC8HEl74jL3bLLwfDP1OALxw,GOT7,cDfF25Smcpg,"GOT7 ""LAST PIECE"" LIVE VIDEO (Hommage ver.)",2020-12-22T15:00:30Z,466.0,False,1529588,164385.0,8031.0
8099,UC8HEl74jL3bLLwfDP1OALxw,GOT7,BnIX0YbcTQk,"GOT7 ""고백송 (Confession Song)"" @ GOT7 💚 I GOT7 6TH FAN MEETING",2020-12-23T15:00:04Z,213.0,False,2148261,108683.0,3345.0
8099,UC8HEl74jL3bLLwfDP1OALxw,GOT7,BaxvVKEVhPA,"GOT7 ""1+1"" @ GOT7 💚 I GOT7 6TH FAN MEETING",2020-12-23T15:00:09Z,194.0,False,1234840,65642.0,2026.0
8099,UC8HEl74jL3bLLwfDP1OALxw,GOT7,otJMlSJ10wU,"GOT7 ""Breath (넌 날 숨 쉬게 해)"" @ GOT7 💚 I GOT7 6TH FAN MEETING",2020-12-23T15:00:18Z,190.0,False,1169887,96723.0,3087.0
8099,UC8HEl74jL3bLLwfDP1OALxw,GOT7,q-OGvVdtxIA,"GOT7 ""RUN AWAY"" @ GOT7 💚 I GOT7 6TH FAN MEETING",2020-12-23T15:00:19Z,249.0,False,3190087,88369.0,3351.0
8099,UC8HEl74jL3bLLwfDP1OALxw,GOT7,iUELZWw7Wpo,"GOT7 ""Playground"" @ GOT7 💚 I GOT7 6TH FAN MEETING",2020-12-23T15:00:31Z,213.0,False,3092915,92500.0,3402.0
8099,UC8HEl74jL3bLLwfDP1OALxw,GOT7,WIljWSoab_E,"GOT7 ""Piece of GOT7"" EP.01",2020-12-25T08:00:27Z,669.0,False,946270,80437.0,3299.0
8099,UC8HEl74jL3bLLwfDP1OALxw,GOT7,4mLbRFZb4fA,"GOT7 ""Piece of GOT7"" EP.02",2021-01-01T08:00:03Z,581.0,False,461377,46707.0,2123.0
8099,UC8HEl74jL3bLLwfDP1OALxw,GOT7,MlJTwfauK-c,"GOT7 ""Piece of GOT7"" EP.03",2021-01-08T08:00:06Z,1408.0,False,918778,81328.0,4783.0
8099,UC8HEl74jL3bLLwfDP1OALxw,GOT7,ipfqLJOydYg,7 Years With GOT7 💚 I GOT7,2021-01-15T15:00:12Z,221.0,False,2301037,417218.0,35428.0
