idx,channel_id,channel_title,video_id,video_title,published_at,duration_sec,is_shorts,view_count,like_count,comment_count
5800,UC3eNWzE-pftCXatCuUAaHGw,김구라의 뻐꾸기 골프 TV,vpWJ3lE_R28,"무수한 타자가 스러져간 뻐꾸기, SK 왕조 투수는 투수는 다를까?",2026-02-10T09:01:21Z,37.0,True,91584,156.0,2.0
5800,UC3eNWzE-pftCXatCuUAaHGw,김구라의 뻐꾸기 골프 TV,DN1flhDtawQ,"17년만에 설욕 성공한 🔥집착 끝판왕 육수형,, 채병용 등판🔥 [김구라의 뻐꾸기 골프 TV]-BGL EP.10-2",2026-02-13T09:00:17Z,2212.0,False,61148,622.0,82.0
5800,UC3eNWzE-pftCXatCuUAaHGw,김구라의 뻐꾸기 골프 TV,dAlxrPHaBTk,누추한 곳에 귀하신 골프돌 등판,2026-02-16T09:00:58Z,52.0,True,28784,102.0,4.0
5800,UC3eNWzE-pftCXatCuUAaHGw,김구라의 뻐꾸기 골프 TV,Z1mHzKsAK84,뭐야 이특 골프 왜 잘 쳐,2026-02-19T09:00:59Z,38.0,True,29526,89.0,3.0
5800,UC3eNWzE-pftCXatCuUAaHGw,김구라의 뻐꾸기 골프 TV,L9bt_t59j2k,"이특, 신동.. 너희 이 정도였어?🔥슈주 골프 듀오의 뻐꾸기 습격🔥 [김구라의 뻐꾸기 골프 TV]-BGL EP.11-1",2026-02-20T09:00:26Z,3851.0,False,340951,2261.0,301.0
5800,UC3eNWzE-pftCXatCuUAaHGw,김구라의 뻐꾸기 골프 TV,cybNkvwXrXI,왜 못칠까?,2026-02-23T09:01:00Z,29.0,True,31713,90.0,3.0
5800,UC3eNWzE-pftCXatCuUAaHGw,김구라의 뻐꾸기 골프 TV,aKuv0grp-n0,신동의 첫 홀인원 잃어버린 썰,2026-02-24T09:00:01Z,41.0,True,41663,84.0,1.0
5800,UC3eNWzE-pftCXatCuUAaHGw,김구라의 뻐꾸기 골프 TV,vqshyv5UHlA,같은 공간 다른 방송,2026-02-25T09:16:14Z,30.0,True,16230,34.0,3.0
5800,UC3eNWzE-pftCXatCuUAaHGw,김구라의 뻐꾸기 골프 TV,Tu4FlyXItEc,🔥신(동)구(라) JB대전🔥대체 왜 재밌는 건데..! 이 와중에 이특은 싱글 도전..?[김구라의 뻐꾸기 골프 TV]-BGL EP.11-2,2026-02-27T09:00:54Z,3254.0,False,181450,1300.0,215.0
5800,UC3eNWzE-pftCXatCuUAaHGw,김구라의 뻐꾸기 골프 TV,-BAreUPbLbY,이게 뭐라고 치열해,2026-03-03T11:52:25Z,80.0,False,31558,79.0,3.0
5800,UC3eNWzE-pftCXatCuUAaHGw,김구라의 뻐꾸기 골프 TV,Tfr0RUoMEj4,사장님들이 좋아하는 이특,2026-03-04T09:00:39Z,34.0,True,21288,59.0,4.0
5800,UC3eNWzE-pftCXatCuUAaHGw,김구라의 뻐꾸기 골프 TV,SCNIDREQrMA,에이 설마.. 여자한테 지겠어?,2026-03-05T09:00:43Z,42.0,True,40518,175.0,14.0
5800,UC3eNWzE-pftCXatCuUAaHGw,김구라의 뻐꾸기 골프 TV,F1RYYib31vI,소녀 비거리 김구라 VS 마음만은 소녀 손문선 [김구라의 뻐꾸기 골프 TV]-BGL EP.12-1,2026-03-06T09:00:29Z,2756.0,False,240707,1692.0,274.0
5800,UC3eNWzE-pftCXatCuUAaHGw,김구라의 뻐꾸기 골프 TV,r5GS3y6i2ss,박사장님의 슬픈(?) 사연,2026-03-09T09:17:58Z,51.0,True,49485,144.0,10.0
5800,UC3eNWzE-pftCXatCuUAaHGw,김구라의 뻐꾸기 골프 TV,KiYjKXoVVQ4,여자 김구라 Ms. 130,2026-03-10T09:00:34Z,56.0,True,35974,70.0,0.0
5800,UC3eNWzE-pftCXatCuUAaHGw,김구라의 뻐꾸기 골프 TV,Icy_3_4NIC0,이건 이겨야만 한다,2026-03-11T09:07:42Z,32.0,True,20348,64.0,6.0
5800,UC3eNWzE-pftCXatCuUAaHGw,김구라의 뻐꾸기 골프 TV,2MKG2QcQDb0,박준마 vs 김민종.. 손문선의 선택은?! [김구라의 뻐꾸기 골프 TV] -BGL EP.12-2,2026-03-13T09:00:05Z,2480.0,False,186800,1157.0,169.0
5800,UC3eNWzE-pftCXatCuUAaHGw,김구라의 뻐꾸기 골프 TV,IJ61aSXW9M0,[선공개] 육군 VS 해병대.. 골프 대결 성사?!,2026-03-18T09:00:21Z,145.0,False,13570,93.0,9.0
5800,UC3eNWzE-pftCXatCuUAaHGw,김구라의 뻐꾸기 골프 TV,F5LS02Wjask,아쎄이.. 골프 실력 좀 보자꾸나! 🔥해병대 VS 지구방위대🔥골프 전쟁 발발! [김구라의 뻐꾸기 골프 TV] 강철골퍼 EP.01,2026-03-20T09:00:22Z,3068.0,False,144922,1308.0,319.0
5800,UC3eNWzE-pftCXatCuUAaHGw,김구라의 뻐꾸기 골프 TV,DH0n4onMWPE,"군기 무슨 일? 조동요, 이런 모습 처음이야",2026-03-23T09:00:15Z,35.0,True,11923,28.0,3.0
5800,UC3eNWzE-pftCXatCuUAaHGw,김구라의 뻐꾸기 골프 TV,n1XfkOGwp00,김구라 조련사 (feat. 분량 헌터 스낵),2026-03-24T09:01:10Z,50.0,True,30361,88.0,9.0
5800,UC3eNWzE-pftCXatCuUAaHGw,김구라의 뻐꾸기 골프 TV,bVf8M7zCIzI,얼마나 성공하고 싶은지 감도 안 옴;;,2026-03-25T09:00:51Z,44.0,True,15074,40.0,2.0
5800,UC3eNWzE-pftCXatCuUAaHGw,김구라의 뻐꾸기 골프 TV,sWQQ0b3oGzw,남자가 긁히는 2가지 🔥군부심 & 게임부심🔥그거 다 걸고 라운딩 한 판..! [김구라의 뻐꾸기 골프 TV] 강철골퍼 EP.02,2026-03-27T09:00:57Z,2531.0,False,75898,685.0,151.0
5800,UC3eNWzE-pftCXatCuUAaHGw,김구라의 뻐꾸기 골프 TV,N4OAiPvJVjg,[필드레슨.zip] 김구라님은 뭐가 문제냐면요..,2026-03-30T09:00:30Z,74.0,False,25449,67.0,2.0
5800,UC3eNWzE-pftCXatCuUAaHGw,김구라의 뻐꾸기 골프 TV,qKmwEDSCw6U,배세준 VS 조동요 당신의 선택은,2026-03-31T09:00:51Z,51.0,True,20417,42.0,2.0
5800,UC3eNWzE-pftCXatCuUAaHGw,김구라의 뻐꾸기 골프 TV,2cIfY9Ug9Dw,앞에선 주접 뒤에선... 스낵의 이중생활?,2026-04-01T09:00:05Z,59.0,True,24544,47.0,0.0
5800,UC3eNWzE-pftCXatCuUAaHGw,김구라의 뻐꾸기 골프 TV,9R8AOTj46jE,[선공개] 아니 이건 아니지,2026-04-02T09:00:16Z,29.0,True,6754,33.0,3.0
5800,UC3eNWzE-pftCXatCuUAaHGw,김구라의 뻐꾸기 골프 TV,fG9PzInNr3E,유희관 vs 이근호 vs 김태술 vs 손문선 🔥역대급 매치🔥 구라 안 치고 (찐) ㄹㅇ빅 재미 보장 [김구라의 뻐꾸기 골프 TV] 신들의 전쟁 EP.01,2026-04-03T09:01:03Z,2825.0,False,158267,1264.0,136.0
5800,UC3eNWzE-pftCXatCuUAaHGw,김구라의 뻐꾸기 골프 TV,Il47sUpulME,스크린 골프를 탁구공으로 친다고?!,2026-04-06T12:46:50Z,46.0,True,14960,33.0,0.0
5800,UC3eNWzE-pftCXatCuUAaHGw,김구라의 뻐꾸기 골프 TV,T5cOytf7H8I,본격 척추가 걱정되는 플레이어 1위ㅋㅋㅋ,2026-04-07T10:27:53Z,20.0,True,45928,59.0,5.0
5800,UC3eNWzE-pftCXatCuUAaHGw,김구라의 뻐꾸기 골프 TV,SjDEJ8eMeeQ,국가대표의 충격적인 비거리 기록 ㄷㄷ #몇번이라구요?,2026-04-08T09:00:43Z,68.0,False,28249,74.0,2.0
5800,UC3eNWzE-pftCXatCuUAaHGw,김구라의 뻐꾸기 골프 TV,-n2Z-lttPWg,[선공개] 도대체 이걸 어떻게 쳐..?,2026-04-09T11:32:53Z,54.0,True,29925,60.0,4.0
5800,UC3eNWzE-pftCXatCuUAaHGw,김구라의 뻐꾸기 골프 TV,jrIJ50AK_Lw,운동선수들 갖고 노는 골프여신(?) 손문선.. 과연 신들의 전쟁 전반전 승자는?? [김구라의 뻐꾸기 골프 TV] 신들의 전쟁 EP.02,2026-04-10T09:01:15Z,2952.0,False,104252,786.0,91.0
5800,UC3eNWzE-pftCXatCuUAaHGw,김구라의 뻐꾸기 골프 TV,MeILfobUqoE,72도가 만들어낸 신화적인 기록!ㅋㅋㅋㅋ,2026-04-13T09:00:24Z,62.0,False,56804,75.0,1.0
5800,UC3eNWzE-pftCXatCuUAaHGw,김구라의 뻐꾸기 골프 TV,I2N0T6csMwE,아니 골프공이 아니라 사람을 (말로)팼다니까?!,2026-04-14T09:00:24Z,47.0,True,22451,52.0,3.0
5800,UC3eNWzE-pftCXatCuUAaHGw,김구라의 뻐꾸기 골프 TV,J4BmCXNFTy4,운동선수 vs 캐스터 🔥자존심 걸린 스크린 대결.. 그 결과는?!🔥 [김구라의 뻐꾸기 골프 TV] 신들의 전쟁 EP.03,2026-04-17T09:00:26Z,2001.0,False,79900,644.0,70.0
5800,UC3eNWzE-pftCXatCuUAaHGw,김구라의 뻐꾸기 골프 TV,zNDAhuZQg_I,아니 탁구공을 왜 잘치는데~?!,2026-04-20T10:53:19Z,46.0,True,114526,90.0,3.0
5800,UC3eNWzE-pftCXatCuUAaHGw,김구라의 뻐꾸기 골프 TV,mYMfzYEiC6g,[미방분 선공개]모두(?)가 찾던 그 남자를 모셨습니다,2026-04-21T09:01:10Z,117.0,False,31739,318.0,38.0
5800,UC3eNWzE-pftCXatCuUAaHGw,김구라의 뻐꾸기 골프 TV,WMWjWYYaYOw,⭐둥지들의 스타 박사장 & 박사장의 스타 손문선⭐ 레드티 팬미팅✨✨ 최강하수전 EP.07-1│손문선,2026-04-24T09:00:49Z,3420.0,False,266937,3265.0,496.0
5800,UC3eNWzE-pftCXatCuUAaHGw,김구라의 뻐꾸기 골프 TV,jfpKhGnX3Ik,"오래 보아도 웃기다, 이 둘이 그렇다",2026-04-27T09:58:14Z,61.0,False,91237,333.0,26.0
5800,UC3eNWzE-pftCXatCuUAaHGw,김구라의 뻐꾸기 골프 TV,ydvxC3YMhcs,레드티를 받아들이는 과정 탐구 #5단계,2026-04-28T10:20:48Z,55.0,True,19493,89.0,5.0
5800,UC3eNWzE-pftCXatCuUAaHGw,김구라의 뻐꾸기 골프 TV,ZPhwFf_nDOg,🔥100타 아웃! 눈물 없인 볼 수 없는 퇴근 서사시✨ 박사장 & 손문선 주연 지금 즉시 시청!  최강하수전 EP.07-2│손문선,2026-05-01T09:00:53Z,3352.0,False,208474,2045.0,339.0
5800,UC3eNWzE-pftCXatCuUAaHGw,김구라의 뻐꾸기 골프 TV,nonXgcHneCM,8가지 맛으로 안 질리는 체인지핏 쉐이크 🔥역대급 할인 중🔥,2026-05-04T09:01:10Z,51.0,True,3163,13.0,1.0
5800,UC3eNWzE-pftCXatCuUAaHGw,김구라의 뻐꾸기 골프 TV,mamaJJAe1qQ,골프의 새로운 길 스톤골프의 신흥강자 등장?!,2026-05-04T10:47:44Z,45.0,True,37969,126.0,8.0
5800,UC3eNWzE-pftCXatCuUAaHGw,김구라의 뻐꾸기 골프 TV,OZdpFKqC_Tg,그린 위 백만불짜리 다리 ㅋㅋㅋㅋ,2026-05-05T09:00:36Z,27.0,True,97036,144.0,16.0
5800,UC3eNWzE-pftCXatCuUAaHGw,김구라의 뻐꾸기 골프 TV,EKwNOJ165HE,뻐꾸기 뉴-컨텐츠 공개임박!!,2026-05-07T09:00:16Z,36.0,True,3142,24.0,4.0
5800,UC3eNWzE-pftCXatCuUAaHGw,김구라의 뻐꾸기 골프 TV,N_PX05M6v_M,뻐꾸기 골프에 귀한 분 등장?! #아귀맹수,2026-05-07T09:00:29Z,33.0,True,23011,97.0,8.0
5800,UC3eNWzE-pftCXatCuUAaHGw,김구라의 뻐꾸기 골프 TV,xqKJ7oAMUeI,🪩냉부의 댄스머신✨ 🔥아귀맹수!!🔥 정호영 셰프에게 골프도 부탁하다ㅋㅋㅋ | 골프 친구를 찾아서 | 정호영,2026-05-08T09:01:24Z,1926.0,False,42601,458.0,83.0
5800,UC3eNWzE-pftCXatCuUAaHGw,김구라의 뻐꾸기 골프 TV,-7SonEJyEfA,뻐꾸기 빅-이벤트 코밍쑨,2026-05-11T09:00:00Z,35.0,True,13133,121.0,21.0
5800,UC3eNWzE-pftCXatCuUAaHGw,김구라의 뻐꾸기 골프 TV,S1BCrepOEL0,박사장 vs 유희관 👑붉은 제왕에게 도전하는 백색의 복수자🔥| 뻐꾸기 LIVE w. 케이첩,2026-05-15T09:00:44Z,8933.0,False,96787,3213.0,108.0
5801,UC8C0Yd20ke5XqOiZvMVgM9w,Google Play Korea,LS8RRRyACIQ,역대급 재미와 혜택! 지스타 2025 구글플레이 그라운드 현장 하이라이트 | Google Play,2026-01-16T10:00:26Z,158.0,False,1295,37.0,9.0
5801,UC8C0Yd20ke5XqOiZvMVgM9w,Google Play Korea,0aSgGChA888,2026년 새해도 구글플레이와 함께 🐎,2026-01-20T10:00:02Z,52.0,True,1894,98.0,25.0
5801,UC8C0Yd20ke5XqOiZvMVgM9w,Google Play Korea,1JPqXrqSez4,"오퍼레이터, 엔드필드 출격 준비 완료 | Google Play",2026-01-22T03:00:07Z,40.0,True,8723357,50.0,8.0
5801,UC8C0Yd20ke5XqOiZvMVgM9w,Google Play Korea,pPMPi2EwaQE,"오퍼레이터, 엔드필드 출격 준비 완료 | Google Play",2026-01-22T03:00:11Z,40.0,True,8502344,1637.0,11.0
5801,UC8C0Yd20ke5XqOiZvMVgM9w,Google Play Korea,M76-oEnZ3DA,"모바일 관제 시스템, PC 동기화 완료. 엔드필드 접속 개시. | Google Play Games",2026-01-22T03:00:25Z,35.0,True,8063219,28.0,10.0
5801,UC8C0Yd20ke5XqOiZvMVgM9w,Google Play Korea,rkxbFbBBOGs,K-힐링 게임의 글로벌 진출기 🌏 창구 6기 졸업사 [머지 캠프] | 중소벤처기업부x구글플레이 창구 프로그램 | Google Play,2026-02-23T02:00:03Z,31.0,True,3981140,37.0,53.0
5801,UC8C0Yd20ke5XqOiZvMVgM9w,Google Play Korea,spQpHZxgtuc,글로벌 다운로드 600% 성장 🚀 창구 6기 졸업사 [머지 캠프] | 중소벤처기업부x구글플레이 창구 프로그램 | Google Play,2026-02-23T02:00:16Z,16.0,True,16316954,13.0,3.0
5801,UC8C0Yd20ke5XqOiZvMVgM9w,Google Play Korea,wQUgGhkfpwQ,전 세계가 온에어 중! K-숏폼 플랫폼 🌏 창구 7기 졸업사 [Shortime]  |  중소벤처기업부x구글플레이 창구 프로그램 | Google Play,2026-02-23T02:00:19Z,31.0,True,4309570,25.0,61.0
5801,UC8C0Yd20ke5XqOiZvMVgM9w,Google Play Korea,aCYmw_kx9pY,글로벌 매출 400% 성장 🚀 창구 7기 졸업사 [Shortime] | 중소벤처기업부x구글플레이 창구 프로그램 | Google Play,2026-02-23T02:00:21Z,16.0,True,16534444,26.0,19.0
5801,UC8C0Yd20ke5XqOiZvMVgM9w,Google Play Korea,H2woET-bLgs,머지 캠프 대표님은 창구와 함께! | 중소벤처기업부x구글플레이 창구 프로그램  | Google Play,2026-02-23T02:00:24Z,177.0,False,924407,12.0,2.0
5801,UC8C0Yd20ke5XqOiZvMVgM9w,Google Play Korea,_5LucV50fFU,쇼타임 대표님은 창구와 함께! | 중소벤처기업부x구글플레이 창구 프로그램  | Google Play,2026-02-23T02:00:27Z,212.0,False,798474,25.0,20.0
5801,UC8C0Yd20ke5XqOiZvMVgM9w,Google Play Korea,OWLskYLW02s,글로벌 다운로드 600% 성장 🚀 창구 6기 졸업사 [머지 캠프] | 중소벤처기업부x구글플레이 창구 프로그램 | Google Play,2026-02-23T02:00:52Z,16.0,True,3919733,1117.0,9.0
5801,UC8C0Yd20ke5XqOiZvMVgM9w,Google Play Korea,0MxIXoZIgJI,글로벌 매출 400% 성장 🚀 창구 7기 졸업사 [Shortime] | 중소벤처기업부x구글플레이 창구 프로그램 | Google Play,2026-02-23T02:00:55Z,16.0,True,4121496,1173.0,13.0
5801,UC8C0Yd20ke5XqOiZvMVgM9w,Google Play Korea,AGpF3cFnc48,K-힐링 게임의 글로벌 진출기 🌏 창구 6기 졸업사 [머지 캠프] | 중소벤처기업부x구글플레이 창구 프로그램 | Google Play,2026-02-23T02:36:53Z,31.0,True,1425,9.0,1.0
5801,UC8C0Yd20ke5XqOiZvMVgM9w,Google Play Korea,I-ifv71SVus,전 세계가 온에어 중! K-숏폼 플랫폼 🌏 창구 7기 졸업사 [Shortime]  |  중소벤처기업부x구글플레이 창구 프로그램 | Google Play,2026-02-23T02:37:10Z,31.0,True,2110,21.0,7.0
5801,UC8C0Yd20ke5XqOiZvMVgM9w,Google Play Korea,rfFQTWLFifg,친구와 함께하는 석기시대 살아남기 | 스톤에이지 키우기 | Google Play,2026-03-03T02:00:58Z,39.0,True,9276538,1265.0,38.0
5801,UC8C0Yd20ke5XqOiZvMVgM9w,Google Play Korea,JUjSaA0mLm4,자기 전에 스톤키 생각 많이 날 거야 | 스톤에이지 키우기 | Google Play,2026-03-03T02:01:02Z,55.0,True,8640890,1847.0,24.0
5801,UC8C0Yd20ke5XqOiZvMVgM9w,Google Play Korea,GDSCTOCUqg4,공룡이 펫이 되는 세상 | 스톤에이지 키우기 | Google Play,2026-03-05T04:46:37Z,52.0,True,10514512,2149.0,29.0
5801,UC8C0Yd20ke5XqOiZvMVgM9w,Google Play Korea,Q_bCZBDphiQ,언리얼 엔진 5로 돌아온 대표 하이 판타지 | 일곱 개의 대죄: Origin | Google Play 게임즈,2026-03-24T00:00:06Z,42.0,True,8556525,28.0,93.0
5801,UC8C0Yd20ke5XqOiZvMVgM9w,Google Play Korea,lMUZblOysjg,전 세계를 사로잡은 애니메이션의 귀환 | 일곱 개의 대죄: Origin | Google Play,2026-03-24T00:00:10Z,55.0,True,7265514,55.0,89.0
5801,UC8C0Yd20ke5XqOiZvMVgM9w,Google Play Korea,Ct3kPfBRhek,전 세계를 사로잡은 애니메이션의 귀환 | 일곱 개의 대죄: Origin | Google Play,2026-03-24T00:00:21Z,55.0,True,8560040,1473.0,32.0
5801,UC8C0Yd20ke5XqOiZvMVgM9w,Google Play Korea,Ligv3SGor48,온 세상을 SMASH! 이제는 팀전이다 | 쿠키런: 오븐스매시! | Google Play 게임즈,2026-03-26T03:00:42Z,42.0,True,11497272,43.0,13.0
5801,UC8C0Yd20ke5XqOiZvMVgM9w,Google Play Korea,VRbWhPXW6E4,"츄, 코드퀘스트 접선 장소 도착! | 코드퀘스트 X 붕괴: 스타레일 | Google Play",2026-04-15T01:00:01Z,28.0,True,9730837,4012.0,95.0
5801,UC8C0Yd20ke5XqOiZvMVgM9w,Google Play Korea,qSSxVyYbCbk,국민 첫사랑 모바일 RPG의 화려한 귀환! | 몬길: STAR DIVE | Google Play 게임즈,2026-04-15T01:00:06Z,44.0,True,12844970,36.0,10.0
5801,UC8C0Yd20ke5XqOiZvMVgM9w,Google Play Korea,WYowARk-ERo,에이전트 츄가 찾은 새로운 코드퀘스트 | 코드퀘스트 X 붕괴: 스타레일 | Google Play,2026-04-22T01:00:01Z,61.0,False,9282025,367.0,378.0
5801,UC8C0Yd20ke5XqOiZvMVgM9w,Google Play Korea,zf4RV9YWywE,에이전트 츄! 코드퀘스트 경험담 푼다 | 코드퀘스트 X 붕괴: 스타레일 | Google Play,2026-04-22T01:00:08Z,55.0,True,19150421,7992.0,92.0
5801,UC8C0Yd20ke5XqOiZvMVgM9w,Google Play Korea,VnkrkrVMdsQ,에이전트 츄가 찾은 새로운 코드퀘스트 | 코드퀘스트 X 붕괴: 스타레일 | Google Play,2026-04-22T01:00:14Z,61.0,False,4292082,1372.0,23.0
5801,UC8C0Yd20ke5XqOiZvMVgM9w,Google Play Korea,gUZZBLykPds,페이커는 누구에게 고백한 것인가 | Google Play,2026-05-07T15:02:02Z,20.0,True,1646609,18607.0,1889.0
5801,UC8C0Yd20ke5XqOiZvMVgM9w,Google Play Korea,GZpDFOzNhtA,카리나는 페이커의 고백을 받아줬을까 | Google Play,2026-05-13T15:00:26Z,32.0,True,493252,13801.0,1144.0
5801,UC8C0Yd20ke5XqOiZvMVgM9w,Google Play Korea,6DooAFlcXA8,"카리나 vs 페이커, 누구랑 플레이할래? | Google Play",2026-05-15T03:00:03Z,470.0,False,1982148,129554.0,10662.0
5801,UC8C0Yd20ke5XqOiZvMVgM9w,Google Play Korea,9c7oypB8TX8,페이커 너-어! | Google Play,2026-05-15T03:00:10Z,68.0,False,228464,3175.0,138.0
5801,UC8C0Yd20ke5XqOiZvMVgM9w,Google Play Korea,9X1RlCWUwy4,좋아합니다 | Google Play,2026-05-15T03:00:18Z,62.0,False,240524,2071.0,89.0
5801,UC8C0Yd20ke5XqOiZvMVgM9w,Google Play Korea,PvQEdZfF1p0,너의 모든 길은 나를 통한다 | Google Play,2026-05-15T03:00:25Z,67.0,False,222107,3141.0,175.0
5801,UC8C0Yd20ke5XqOiZvMVgM9w,Google Play Korea,5EOmIVoJ9d0,최강의 듀오 | Google Play,2026-05-15T03:00:33Z,53.0,True,292622,2994.0,158.0
5801,UC8C0Yd20ke5XqOiZvMVgM9w,Google Play Korea,P_-w9ijEkBg,나야 페이커야? | Google Play,2026-05-15T03:00:38Z,223.0,False,546750,9366.0,822.0
5801,UC8C0Yd20ke5XqOiZvMVgM9w,Google Play Korea,QKZKfqPjfHw,저도 좋아합니다 게임 | Google Play,2026-05-15T03:00:50Z,31.0,True,190287,647.0,14.0
5801,UC8C0Yd20ke5XqOiZvMVgM9w,Google Play Korea,vlthqPphNB4,우연처럼 또 만났습니다 | Google Play,2026-05-15T03:00:57Z,31.0,True,283150,759.0,24.0
5801,UC8C0Yd20ke5XqOiZvMVgM9w,Google Play Korea,mywZLxF2bDQ,잡았죠? | Google Play,2026-05-15T03:01:01Z,31.0,True,264062,815.0,30.0
5801,UC8C0Yd20ke5XqOiZvMVgM9w,Google Play Korea,hv57HU3oLpI,Turn off the light | Google Play,2026-05-15T03:01:06Z,31.0,True,222260,728.0,44.0
5801,UC8C0Yd20ke5XqOiZvMVgM9w,Google Play Korea,PxA-lLALq98,누구랑 게임할래? | Google Play,2026-05-15T03:01:12Z,31.0,True,315621,876.0,71.0
5801,UC8C0Yd20ke5XqOiZvMVgM9w,Google Play Korea,J-YSiAeT18g,페이커 너-어! | Google Play,2026-05-15T03:01:32Z,68.0,False,614057,2292.0,63.0
5801,UC8C0Yd20ke5XqOiZvMVgM9w,Google Play Korea,BAxjWxgc3jA,좋아합니다 | Google Play,2026-05-15T03:01:37Z,62.0,False,830855,3901.0,152.0
5801,UC8C0Yd20ke5XqOiZvMVgM9w,Google Play Korea,p2LNsN1jaBM,너의 모든 길은 나를 통한다 | Google Play,2026-05-15T03:01:41Z,67.0,False,827117,4475.0,227.0
5801,UC8C0Yd20ke5XqOiZvMVgM9w,Google Play Korea,VemlNDS30d4,최강의 듀오 | Google Play,2026-05-15T03:01:46Z,53.0,True,587727,2940.0,87.0
5801,UC8C0Yd20ke5XqOiZvMVgM9w,Google Play Korea,GpbhPS5tgnQ,나야 페이커야? | Google Play,2026-05-15T03:01:59Z,223.0,False,462578,2012.0,163.0
5801,UC8C0Yd20ke5XqOiZvMVgM9w,Google Play Korea,u89EN6aa5IE,저도 좋아합니다 게임 | Google Play,2026-05-15T03:02:08Z,31.0,True,549484,2017.0,39.0
5801,UC8C0Yd20ke5XqOiZvMVgM9w,Google Play Korea,P0WzjPcWzmQ,우연처럼 또 만났습니다 | Google Play,2026-05-15T03:02:13Z,31.0,True,703484,3232.0,117.0
5801,UC8C0Yd20ke5XqOiZvMVgM9w,Google Play Korea,zY0VM-5UvSc,잡았죠? | Google Play,2026-05-15T03:02:18Z,31.0,True,676493,3466.0,144.0
5801,UC8C0Yd20ke5XqOiZvMVgM9w,Google Play Korea,T1BYAqhTjmk,Turn off the light | Google Play,2026-05-15T03:02:22Z,31.0,True,723993,3950.0,155.0
5801,UC8C0Yd20ke5XqOiZvMVgM9w,Google Play Korea,JVKqLuJEKfM,누구랑 게임할래? | Google Play,2026-05-15T03:02:28Z,31.0,True,553697,2508.0,109.0
5802,UCy19QDt1F5PIpkH5IuBj_-w,치트키TV,d_ZUVnrC-Js,의외로 수위 높다는 아따맘마ㄷㄷ,2026-03-01T05:00:53Z,38.0,True,25325,736.0,23.0
5802,UCy19QDt1F5PIpkH5IuBj_-w,치트키TV,hcPhpCaIIBs,아따맘마 패드립 실화냐?,2026-03-02T10:14:49Z,45.0,True,20709,307.0,14.0
5802,UCy19QDt1F5PIpkH5IuBj_-w,치트키TV,xw4ge5Y0kQk,개떡상했다는 김선태 채널 근황ㄷㄷ,2026-03-04T11:18:11Z,36.0,True,33650,755.0,15.0
5802,UCy19QDt1F5PIpkH5IuBj_-w,치트키TV,uBCe-sbiND4,검정고무신 금수저 만찐두빵ㄷㄷ,2026-03-05T10:03:38Z,44.0,True,64230,1117.0,23.0
5802,UCy19QDt1F5PIpkH5IuBj_-w,치트키TV,P6guZbqxFUg,디지몬 지금보면 잔인한 이유ㄷㄷ,2026-03-07T03:00:23Z,39.0,True,25015,415.0,13.0
5802,UCy19QDt1F5PIpkH5IuBj_-w,치트키TV,N5VxMQTA3Ss,원피스 실사2편 떴다!!! 진짜ㅈㄴ웃김ㅋㅋㅋㅋ,2026-03-08T03:00:24Z,611.0,False,32144,474.0,272.0
5802,UCy19QDt1F5PIpkH5IuBj_-w,치트키TV,ByeKREXBkXA,원피스 비비공주 논란ㄷㄷ,2026-03-08T08:52:39Z,25.0,True,49469,414.0,19.0
5802,UCy19QDt1F5PIpkH5IuBj_-w,치트키TV,cK1Pay-wT1o,검정고무신 존예 일진 개ㄷㄷ,2026-03-09T10:48:09Z,38.0,True,29498,460.0,12.0
5802,UCy19QDt1F5PIpkH5IuBj_-w,치트키TV,PeXKU9rPjf4,원피스 비비공주 실사화 실화냐?,2026-03-10T09:00:29Z,47.0,True,329608,2937.0,631.0
5802,UCy19QDt1F5PIpkH5IuBj_-w,치트키TV,c5ASGX3Hfr4,원피스 알비다 다이어트 레전드ㄷㄷ,2026-03-11T09:00:50Z,21.0,True,124444,1627.0,59.0
5802,UCy19QDt1F5PIpkH5IuBj_-w,치트키TV,p9CnHHsZpoA,검정고무신 문돼 알파메일ㄷㄷ,2026-03-12T09:01:14Z,61.0,False,28866,452.0,10.0
5802,UCy19QDt1F5PIpkH5IuBj_-w,치트키TV,2WHI5eoN-Ws,원피스 실사화..? 넷플릭스 수위 실화냐ㅋㅋㅋ,2026-03-15T03:00:02Z,577.0,False,44582,771.0,162.0
5802,UCy19QDt1F5PIpkH5IuBj_-w,치트키TV,8aLOuz1RpTs,원피스 실사 한일 성우 비교ㄷㄷ,2026-03-16T11:02:16Z,22.0,True,161747,2065.0,28.0
5802,UCy19QDt1F5PIpkH5IuBj_-w,치트키TV,W7qwxIZ3xtY,원피스 히루루크 실사화 미쳤냐ㅋㅋㅋ,2026-03-17T09:27:33Z,31.0,True,397145,5367.0,129.0
5802,UCy19QDt1F5PIpkH5IuBj_-w,치트키TV,bc4J3zBrD34,원피스 조로 몸 로이더임?ㄷㄷ,2026-03-18T09:01:01Z,21.0,True,144246,1675.0,90.0
5802,UCy19QDt1F5PIpkH5IuBj_-w,치트키TV,7CQgi9npc9o,원피스 연기싸개 스모커 실사화ㄷㄷ,2026-03-19T09:00:16Z,31.0,True,38805,323.0,16.0
5802,UCy19QDt1F5PIpkH5IuBj_-w,치트키TV,T9W1oYi5ZWo,원피스 쵸파가 극혐이라고?,2026-03-20T09:00:46Z,28.0,True,51204,535.0,43.0
5802,UCy19QDt1F5PIpkH5IuBj_-w,치트키TV,NA9T6JHTmfw,원피스 리틀가든 싱크 레전드ㄷㄷ,2026-03-21T03:00:19Z,39.0,True,45976,473.0,24.0
5802,UCy19QDt1F5PIpkH5IuBj_-w,치트키TV,1MnsnCkM5e8,원피스 1화는 어땠을까?ㅋㅋㅋㅋ,2026-03-22T03:00:02Z,919.0,False,90916,1516.0,167.0
5802,UCy19QDt1F5PIpkH5IuBj_-w,치트키TV,uiww7Ep2Cq4,원피스 쿠레하 배우 동안 레전드ㄷㄷ,2026-03-22T04:00:52Z,38.0,True,86274,910.0,35.0
5802,UCy19QDt1F5PIpkH5IuBj_-w,치트키TV,hrzPaEDNTxY,원피스 실사 크로커다일 정체ㄷㄷ,2026-03-23T09:01:02Z,19.0,True,33997,352.0,6.0
5802,UCy19QDt1F5PIpkH5IuBj_-w,치트키TV,5oq-9F7IbxY,원피스 브룩 실사화 지렸다ㄷㄷ,2026-03-24T09:00:07Z,51.0,True,56558,694.0,33.0
5802,UCy19QDt1F5PIpkH5IuBj_-w,치트키TV,grvbMUp5vXc,케인..실화야? 디지털 서커스 꼭 보세요ㄷㄷㄷ,2026-03-28T03:00:24Z,764.0,False,170710,2135.0,356.0
5802,UCy19QDt1F5PIpkH5IuBj_-w,치트키TV,RDh8SdSLeAQ,"짱구 가족, 당신이 몰랐던 65‬가지 사실",2026-04-01T09:00:34Z,2444.0,False,158171,1666.0,100.0
5802,UCy19QDt1F5PIpkH5IuBj_-w,치트키TV,K5ixz-9duME,이게 30년전이라고? 버즈와 우디 전설의 시작 [토이스토리1],2026-04-05T03:00:31Z,914.0,False,44761,730.0,105.0
5802,UCy19QDt1F5PIpkH5IuBj_-w,치트키TV,82XhYzpe1qQ,토이스토리 패드립 치는 돼지ㅋㅋㅋ,2026-04-06T10:57:29Z,30.0,True,25384,444.0,6.0
5802,UCy19QDt1F5PIpkH5IuBj_-w,치트키TV,tOZOnrRuo2E,토이스토리 계엄령 선포ㄷㄷ,2026-04-11T03:01:03Z,35.0,True,40904,485.0,10.0
5802,UCy19QDt1F5PIpkH5IuBj_-w,치트키TV,CORzjIPv62w,토이스토리2:버즈형..미쳤어??,2026-04-12T03:00:23Z,871.0,False,29240,532.0,63.0
5802,UCy19QDt1F5PIpkH5IuBj_-w,치트키TV,kXnOT7NNlls,토이스토리 개무서운 장면ㄷㄷ,2026-04-12T07:41:27Z,40.0,True,27471,428.0,7.0
5802,UCy19QDt1F5PIpkH5IuBj_-w,치트키TV,pfXzq2QQXGk,버즈는 완전히 멘탈이 나가버렸습니다,2026-04-14T11:19:51Z,36.0,True,71294,705.0,11.0
5802,UCy19QDt1F5PIpkH5IuBj_-w,치트키TV,jDTtpOl7Lfc,눈물주의..평점 10점의 꼭 봐야할 미국 애니 [토이스토리3],2026-04-19T03:00:45Z,894.0,False,30432,745.0,85.0
5802,UCy19QDt1F5PIpkH5IuBj_-w,치트키TV,9xe8g7dy4zk,해적왕 루피의 첫등장ㄷㄷ,2026-04-21T09:00:08Z,39.0,True,57348,682.0,11.0
5802,UCy19QDt1F5PIpkH5IuBj_-w,치트키TV,YPN6sQhBcQA,원피스 세계관 최강의 여자ㄷㄷ,2026-04-22T09:00:57Z,53.0,True,72862,967.0,23.0
5802,UCy19QDt1F5PIpkH5IuBj_-w,치트키TV,7vZT1Jp17iA,어메이징 디지털 서커스 마지막화ㄷㄷ,2026-04-23T03:00:11Z,21.0,True,62338,1005.0,94.0
5802,UCy19QDt1F5PIpkH5IuBj_-w,치트키TV,sucjeJ2i_KQ,원피스 조로 전설의 첫만남ㄷㄷ,2026-04-24T09:01:18Z,50.0,True,104442,1008.0,13.0
5802,UCy19QDt1F5PIpkH5IuBj_-w,치트키TV,TPrqjIHq69Y,조로가 루피의 동료가 된 이유,2026-04-25T03:00:26Z,66.0,False,219021,2504.0,41.0
5802,UCy19QDt1F5PIpkH5IuBj_-w,치트키TV,FkbI0yo2nYM,꼭 보세요! 토이스토리 마지막 이야기ㄷㄷ,2026-04-26T03:00:24Z,885.0,False,32601,510.0,67.0
5802,UCy19QDt1F5PIpkH5IuBj_-w,치트키TV,XOIxDa8kNK8,코비가 루피를 존경하는 이유,2026-04-26T04:00:27Z,64.0,False,3116393,49164.0,450.0
5802,UCy19QDt1F5PIpkH5IuBj_-w,치트키TV,zmA9IOrNTUg,토이스토리 최고의 명장면,2026-04-27T09:01:22Z,53.0,True,100869,1514.0,46.0
5802,UCy19QDt1F5PIpkH5IuBj_-w,치트키TV,7RmBnQsGZtU,토이스토리 우디의 결혼,2026-04-28T09:00:12Z,49.0,True,46602,893.0,18.0
5802,UCy19QDt1F5PIpkH5IuBj_-w,치트키TV,pktIeTY3Bb0,디지몬 도파민 터지는 장면,2026-04-29T09:01:15Z,24.0,True,256766,2174.0,31.0
5802,UCy19QDt1F5PIpkH5IuBj_-w,치트키TV,ARqeJOjx0RM,원피스 찐덕후들도 모르는 첫 등장인물ㄷㄷ,2026-04-30T09:00:12Z,57.0,True,135488,1520.0,24.0
5802,UCy19QDt1F5PIpkH5IuBj_-w,치트키TV,BvU6kEc17TY,루피가 조로를 좋아하는 이유,2026-05-01T10:39:59Z,64.0,False,221133,2646.0,30.0
5802,UCy19QDt1F5PIpkH5IuBj_-w,치트키TV,_u2vQCiatOM,잭스가 죽는다고? 디지털 서커스 최종화 큰거온다!,2026-05-03T03:00:42Z,824.0,False,77016,1158.0,225.0
5802,UCy19QDt1F5PIpkH5IuBj_-w,치트키TV,mA0oGq3m-io,디지털 서커스 결말 레전드ㄷㄷ,2026-05-04T08:46:49Z,37.0,True,85512,1354.0,28.0
5802,UCy19QDt1F5PIpkH5IuBj_-w,치트키TV,qPp5RYqzfiw,디지털 서커스 버블이 흑막이라고?,2026-05-07T08:53:32Z,56.0,True,36724,497.0,32.0
5802,UCy19QDt1F5PIpkH5IuBj_-w,치트키TV,REjZ59j5-bo,요괴 누님 나 죽어..짱구 새 극장판 떴다!!!,2026-05-10T03:00:26Z,710.0,False,33672,701.0,74.0
5802,UCy19QDt1F5PIpkH5IuBj_-w,치트키TV,VM0HAmF7Ppc,짱구 새 극장판 예고편 떴다!!!,2026-05-11T10:04:04Z,57.0,True,257378,5702.0,101.0
5802,UCy19QDt1F5PIpkH5IuBj_-w,치트키TV,q7Wng3OKxPM,짱구 새 극장판 이번엔 요괴다!!!,2026-05-12T10:20:06Z,54.0,True,36608,533.0,23.0
5802,UCy19QDt1F5PIpkH5IuBj_-w,치트키TV,bUKbXqRfTy8,파워레인저 매직포스 1화는 어땠을까?,2026-05-17T03:00:36Z,779.0,False,2366,156.0,97.0
5803,UCLtZE7A3iN-oysHf5_vJYBA,병병병,mRuguLdr1qk,AD하이머딩거,2020-09-01T05:20:19Z,322.0,False,1573102,15241.0,747.0
5803,UCLtZE7A3iN-oysHf5_vJYBA,병병병,ezoqokiJyGI,토스 잔나,2020-09-13T09:36:20Z,588.0,False,2068632,18135.0,1089.0
5803,UCLtZE7A3iN-oysHf5_vJYBA,병병병,WP1I2Zsf__Q,포탑만 미는 직스,2020-10-29T09:27:21Z,475.0,False,2201163,17874.0,929.0
5803,UCLtZE7A3iN-oysHf5_vJYBA,병병병,zTABokkC0bk,AD벨코즈,2020-11-09T21:04:47Z,461.0,False,4091199,31215.0,3213.0
5803,UCLtZE7A3iN-oysHf5_vJYBA,병병병,wVPpxJu1MSo,마오카이 아이번,2020-11-21T20:36:08Z,517.0,False,2508930,20747.0,2007.0
5803,UCLtZE7A3iN-oysHf5_vJYBA,병병병,1MDLuUCPWwU,바론 익혀먹기,2020-12-03T21:34:53Z,557.0,False,3623141,29015.0,2600.0
5803,UCLtZE7A3iN-oysHf5_vJYBA,병병병,tujb3bccojw,연말보너스 파이크,2020-12-18T15:17:42Z,682.0,False,2911122,26438.0,3061.0
5803,UCLtZE7A3iN-oysHf5_vJYBA,병병병,F85cNm6m4hI,씩씩한 아무무 (feat. 팍플레이),2020-12-28T11:37:16Z,461.0,False,2271458,21853.0,2639.0
5803,UCLtZE7A3iN-oysHf5_vJYBA,병병병,Q38FMOr9m1A,알리스타,2021-01-19T07:54:07Z,1221.0,False,2843837,25407.0,3600.0
5803,UCLtZE7A3iN-oysHf5_vJYBA,병병병,NI2txOL6uxQ,브라움만 미드라구,2021-02-02T14:33:51Z,572.0,False,2476981,21683.0,2128.0
5803,UCLtZE7A3iN-oysHf5_vJYBA,병병병,xgHadNiDgNg,병병병 10만 Q&A,2021-02-13T12:24:10Z,458.0,False,846232,16938.0,3149.0
5803,UCLtZE7A3iN-oysHf5_vJYBA,병병병,K8FYbNua2Mg,지켜라,2021-02-26T10:00:18Z,440.0,False,2735916,17995.0,1453.0
5803,UCLtZE7A3iN-oysHf5_vJYBA,병병병,6T_i_uUS268,애새,2021-03-23T14:27:25Z,749.0,False,2799631,22848.0,2395.0
5803,UCLtZE7A3iN-oysHf5_vJYBA,병병병,KcfXzdb4BXM,이걸 100번 하는 사미라,2021-04-08T11:47:48Z,675.0,False,2419528,22375.0,2000.0
5803,UCLtZE7A3iN-oysHf5_vJYBA,병병병,yStVRqUY5RY,탐켄치 벤트 탔소,2021-05-11T08:52:47Z,493.0,False,2195632,18730.0,1187.0
5803,UCLtZE7A3iN-oysHf5_vJYBA,병병병,ijJnookWTYY,렉사이 벤트 탔소,2021-05-14T08:30:14Z,577.0,False,1791727,17377.0,1418.0
5803,UCLtZE7A3iN-oysHf5_vJYBA,병병병,9BKOFpd_4YU,나 오른 집에 안 갈래,2021-06-08T09:11:32Z,581.0,False,3641730,26959.0,2065.0
5803,UCLtZE7A3iN-oysHf5_vJYBA,병병병,G6pHtPA9IY0,이걸로 킬하기,2021-07-09T04:50:33Z,683.0,False,3771257,28441.0,2413.0
5803,UCLtZE7A3iN-oysHf5_vJYBA,병병병,14QMuiW0Auo,얘네가 이김,2021-08-17T12:36:42Z,1171.0,False,8556810,67764.0,6056.0
5803,UCLtZE7A3iN-oysHf5_vJYBA,병병병,px95tZvjoM4,4명 한 번에 살리기,2021-10-02T14:26:28Z,839.0,False,3101212,31965.0,2883.0
5803,UCLtZE7A3iN-oysHf5_vJYBA,병병병,cRLWDBEmY2A,라이엇한테 혼났습니다,2021-10-08T00:42:18Z,423.0,False,1560543,25601.0,1225.0
5803,UCLtZE7A3iN-oysHf5_vJYBA,병병병,7RBeeT-4NG0,"형은 단두대, 나는 단 한 대",2021-11-11T16:28:48Z,826.0,False,3838265,31624.0,2141.0
5803,UCLtZE7A3iN-oysHf5_vJYBA,병병병,H9pJKr9SKyw,죽여줘,2022-01-06T14:50:29Z,1418.0,False,3556658,28381.0,2916.0
5803,UCLtZE7A3iN-oysHf5_vJYBA,병병병,7MHNdELXIHk,호디르,2022-03-17T06:19:48Z,862.0,False,1740980,22425.0,1604.0
5803,UCLtZE7A3iN-oysHf5_vJYBA,병병병,MSZbi2UVNc8,초가스,2022-04-23T12:35:35Z,916.0,False,2554027,27195.0,1422.0
5803,UCLtZE7A3iN-oysHf5_vJYBA,병병병,Dk1_zt7Qtac,사미라 동전킬,2022-06-10T22:54:05Z,1144.0,False,2828295,24720.0,1222.0
5803,UCLtZE7A3iN-oysHf5_vJYBA,병병병,MLCbDFpw1eY,멈춰,2022-07-30T13:10:27Z,448.0,False,1243976,14804.0,1439.0
5803,UCLtZE7A3iN-oysHf5_vJYBA,병병병,3LNuYkx7BOU,챔피언 구워먹기,2022-11-06T13:35:27Z,1132.0,False,2083246,20291.0,4702.0
5803,UCLtZE7A3iN-oysHf5_vJYBA,병병병,wXl97C1LrKw,이동하는 포탑,2023-08-04T06:00:34Z,1231.0,False,1763546,23036.0,3306.0
5803,UCLtZE7A3iN-oysHf5_vJYBA,병병병,XBEprPXWERw,1편,2023-10-03T11:00:09Z,1135.0,False,1581479,16263.0,1100.0
5803,UCLtZE7A3iN-oysHf5_vJYBA,병병병,ij3Uplxfz28,고정된 아크샨,2023-12-23T07:58:51Z,1355.0,False,1614459,18369.0,1910.0
5803,UCLtZE7A3iN-oysHf5_vJYBA,병병병,x5Hx8GR6Lt4,신챔,2024-03-08T23:58:19Z,843.0,False,1702769,20378.0,1423.0
5803,UCLtZE7A3iN-oysHf5_vJYBA,병병병,C-A1jBsnMJg,히든 궁극기,2024-05-16T06:48:19Z,1222.0,False,1341801,15777.0,1208.0
5803,UCLtZE7A3iN-oysHf5_vJYBA,병병병,GMKxWm5qWmQ,꿀열매 먹방,2024-06-09T04:17:23Z,21.0,True,214313,5331.0,71.0
5803,UCLtZE7A3iN-oysHf5_vJYBA,병병병,9uI3t1mlLaA,아크샨 VS 가렌,2024-06-13T06:48:44Z,19.0,True,418580,10393.0,76.0
5803,UCLtZE7A3iN-oysHf5_vJYBA,병병병,H9yCbT_nQrQ,드레이븐 궁 우물 킬,2024-06-20T02:51:51Z,36.0,True,88017,2291.0,36.0
5803,UCLtZE7A3iN-oysHf5_vJYBA,병병병,HdrK438VZ_8,은신한 티모,2024-08-02T08:59:27Z,1132.0,False,1332561,16390.0,2027.0
5803,UCLtZE7A3iN-oysHf5_vJYBA,병병병,_7cRC1m0roU,쓰레쉬 3인 그랩,2025-02-26T12:24:31Z,1064.0,False,1004707,16371.0,2770.0
5803,UCLtZE7A3iN-oysHf5_vJYBA,병병병,kQac67cJlE4,천 번 찔린 두꺼비,2025-05-15T15:15:01Z,1995.0,False,974272,13815.0,1325.0
5803,UCLtZE7A3iN-oysHf5_vJYBA,병병병,PwPqh5AQgqA,구원 킬,2025-09-25T08:30:13Z,1082.0,False,862762,14577.0,1631.0
5803,UCLtZE7A3iN-oysHf5_vJYBA,병병병,h37BZq7DsBY,붸ㅔㅔㅔㅔㅔㅔㅔㅔㅔㅔㅔㅔㅔㅔㅔㅔㅔㅔㅔㅔㅔㅔㅔㅔㅔㅔㅔㅔㅔㅔㅔㅔㅔㅔㅔㅔㅔㅔㅔㅔㅔㅔㅔㅔㅔㅔㅔㅔㅔㅔㅔㅔㅔㅔㅔㅔㅔㅔㅔㅔㅔㅔㅔㅔㅔㅔㅔㅔㅔㅔㅔㅔㅔㅔㅔㅔㅔㅔㅔㅔㅔㅔㅔㅔㅔㅔㅔㅔㅔㅔㅔㅔㅔㅔㅔㅔㅔㅔㄱ,2025-11-07T10:52:23Z,778.0,False,673184,11720.0,1155.0
5803,UCLtZE7A3iN-oysHf5_vJYBA,병병병,Ox1Bj7AcerA,불량식품,2025-11-12T11:35:38Z,44.0,True,516105,10228.0,94.0
5803,UCLtZE7A3iN-oysHf5_vJYBA,병병병,JIGfGLIt7-8,까잡솨,2025-12-25T14:45:49Z,745.0,False,348339,7044.0,655.0
5803,UCLtZE7A3iN-oysHf5_vJYBA,병병병,CqEOE-nUPJM,롤에서 가장 못생긴,2026-01-06T07:51:58Z,23.0,True,79719,1557.0,31.0
5803,UCLtZE7A3iN-oysHf5_vJYBA,병병병,Doxb0oVOkZY,????????????????????????????????????????????????????????????????????????????????????????????????????,2026-01-07T09:00:19Z,27.0,True,441031,8444.0,45.0
5803,UCLtZE7A3iN-oysHf5_vJYBA,병병병,DlB65MGWUd8,ㄱㄹㄴ,2026-01-07T21:00:23Z,18.0,True,146293,1994.0,20.0
5803,UCLtZE7A3iN-oysHf5_vJYBA,병병병,Mi1N_yjnJaM,불꽃놀이,2026-01-08T09:00:37Z,111.0,False,1339990,22822.0,144.0
5804,UCqHP70746lwBPFp30_wl5gQ,루디스튜디오,Fu7ncsb01zk,일진녀 몸에 타투 그리는 미술부 찐따남 #루대숲 #루디고 #학폭,2024-04-06T10:06:58Z,59.0,True,158833,4157.0,14.0
5804,UCqHP70746lwBPFp30_wl5gQ,루디스튜디오,rWt-EgeKRuk,내 담당 일진녀 고백으로 혼내주기 #루디고 #루대숲 #학폭 #고백공격,2024-04-06T10:08:01Z,48.0,True,25435,400.0,5.0
5804,UCqHP70746lwBPFp30_wl5gQ,루디스튜디오,JSMSHQe7NKE,내 짝남 뺏어간 급나누기 여우 참교육 | [루대숲] - 128번째 사연,2024-04-10T09:17:11Z,502.0,False,216122,2017.0,87.0
5804,UCqHP70746lwBPFp30_wl5gQ,루디스튜디오,pfv2v0bbRZA,짝남에게 무참히 차이는 힘숨찐 소녀,2024-04-15T04:57:07Z,46.0,True,19754,348.0,5.0
5804,UCqHP70746lwBPFp30_wl5gQ,루디스튜디오,m7HPEtZWwWA,혹시 나 담배 피게 생겼어..?,2024-04-17T09:00:39Z,357.0,False,160670,1701.0,95.0
5804,UCqHP70746lwBPFp30_wl5gQ,루디스튜디오,O_Btyh2hq6I,자기 할 말 다 하는 기존쎄 후배,2024-04-22T22:47:01Z,29.0,True,13046,251.0,7.0
5804,UCqHP70746lwBPFp30_wl5gQ,루디스튜디오,lEbnwnSW6pc,친구라는 이름의 자존감 도둑 거울치료로 참교육 | [루대숲] - 129번째 사연,2024-04-24T11:41:04Z,668.0,False,330667,2658.0,182.0
5804,UCqHP70746lwBPFp30_wl5gQ,루디스튜디오,YXQHP6ES1Xw,눈치 더럽게 없는 친구..,2024-04-30T09:05:15Z,33.0,True,14035,207.0,5.0
5804,UCqHP70746lwBPFp30_wl5gQ,루디스튜디오,fjIZMsjUU3g,내 모든걸 까내리는 자존감 도둑 친구,2024-04-30T09:06:12Z,57.0,True,12626,231.0,6.0
5804,UCqHP70746lwBPFp30_wl5gQ,루디스튜디오,G7hT7IBWilE,물품보관소님 아니세요?,2024-05-08T09:00:21Z,323.0,False,61764,743.0,52.0
5804,UCqHP70746lwBPFp30_wl5gQ,루디스튜디오,Gtf1aIXgRb8,모태솔로 소개팅,2024-05-12T23:00:08Z,51.0,True,6500,88.0,1.0
5804,UCqHP70746lwBPFp30_wl5gQ,루디스튜디오,uv5X5edH5bI,일반인 코스프레,2024-05-12T23:00:23Z,22.0,True,17481,176.0,1.0
5804,UCqHP70746lwBPFp30_wl5gQ,루디스튜디오,8yO5jE6zJWw,소개팅 급발진,2024-05-13T02:00:04Z,37.0,True,22186,403.0,9.0
5804,UCqHP70746lwBPFp30_wl5gQ,루디스튜디오,W1Ttwj5U5OE,코스프레 정모를 안나갔다,2024-05-13T02:00:20Z,45.0,True,13255,177.0,1.0
5804,UCqHP70746lwBPFp30_wl5gQ,루디스튜디오,hNsOiDyjZmU,돈 안 쓰려고 발악하는 쫌생이 친구 참교육 | [루대숲] 130번째 사연,2024-05-15T11:20:42Z,711.0,False,1764230,10941.0,2088.0
5804,UCqHP70746lwBPFp30_wl5gQ,루디스튜디오,FIPkHFqDUoY,돈개념 확실한 친구,2024-05-20T00:00:06Z,60.0,True,11459,356.0,9.0
5804,UCqHP70746lwBPFp30_wl5gQ,루디스튜디오,NFHY9n2iS_Y,한입충,2024-05-20T00:00:07Z,46.0,True,19870,417.0,10.0
5804,UCqHP70746lwBPFp30_wl5gQ,루디스튜디오,T70XZfWy7ek,무지출 챌린지 민폐,2024-05-20T00:00:12Z,39.0,True,74653,1623.0,35.0
5804,UCqHP70746lwBPFp30_wl5gQ,루디스튜디오,iJVrSQcIr94,자기주장이 강한 친구,2024-05-20T00:00:22Z,58.0,True,21972,321.0,7.0
5804,UCqHP70746lwBPFp30_wl5gQ,루디스튜디오,1-mE2U7OCZk,어떤 아이돌의 데뷔조 평가,2024-05-22T11:22:16Z,423.0,False,286393,3232.0,141.0
5804,UCqHP70746lwBPFp30_wl5gQ,루디스튜디오,oVyA-Tqj4jM,앵콜라이브 티 안 나게 안 부르기,2024-05-28T08:07:34Z,48.0,True,22901,425.0,4.0
5804,UCqHP70746lwBPFp30_wl5gQ,루디스튜디오,ZUt6z53N3ag,인물퀴즈,2024-05-28T08:12:58Z,12.0,True,20950,334.0,5.0
5804,UCqHP70746lwBPFp30_wl5gQ,루디스튜디오,aB-Chls9iHA,아이돌 개인기,2024-05-28T08:33:30Z,43.0,True,10982,305.0,4.0
5804,UCqHP70746lwBPFp30_wl5gQ,루디스튜디오,iiupZ1ORk_o,잠깐 바람 쐬러 나갈래?,2024-05-29T12:44:59Z,523.0,False,73650,818.0,35.0
5804,UCqHP70746lwBPFp30_wl5gQ,루디스튜디오,2Lt2N2EQk4Q,안경 한번 벗어볼래?,2024-06-03T00:00:01Z,36.0,True,16096,203.0,4.0
5804,UCqHP70746lwBPFp30_wl5gQ,루디스튜디오,xcg9nOh2LgE,여사친으로 위장한 여우 참교육 | [루대숲] - 131번째 사연,2024-06-05T13:48:38Z,636.0,False,337319,2340.0,101.0
5804,UCqHP70746lwBPFp30_wl5gQ,루디스튜디오,BB1-EptvYQA,양다리 남친의 순간 판단력,2024-06-09T22:25:47Z,23.0,True,20680,319.0,2.0
5804,UCqHP70746lwBPFp30_wl5gQ,루디스튜디오,CYrhLAK8oM8,위장 여사친과 바람피다 걸린 남친,2024-06-09T22:27:14Z,36.0,True,17217,194.0,3.0
5804,UCqHP70746lwBPFp30_wl5gQ,루디스튜디오,dKpZi1D5U5w,카톡 검사하는 여친,2024-06-09T22:27:49Z,38.0,True,32063,376.0,18.0
5804,UCqHP70746lwBPFp30_wl5gQ,루디스튜디오,_hVBuCDDZlg,여사친으로 위장한 여우,2024-06-09T22:28:33Z,33.0,True,9035,199.0,3.0
5804,UCqHP70746lwBPFp30_wl5gQ,루디스튜디오,dBNky2ArIXU,앞니 플러팅 하실게요,2024-06-12T12:35:02Z,481.0,False,105477,1204.0,41.0
5804,UCqHP70746lwBPFp30_wl5gQ,루디스튜디오,6xTpbxuUv7w,쌍욕을 주문하는 아바타 소개팅,2024-06-15T05:48:53Z,56.0,True,30599,581.0,3.0
5804,UCqHP70746lwBPFp30_wl5gQ,루디스튜디오,6muQ2xalkNY,눈물 겨운 아바타 소개팅,2024-06-15T05:50:19Z,35.0,True,190295,5072.0,3.0
5804,UCqHP70746lwBPFp30_wl5gQ,루디스튜디오,JHb4oALiVKE,"럭키비키한 원영적 ""사고""",2024-06-19T10:24:31Z,506.0,False,192980,1835.0,92.0
5804,UCqHP70746lwBPFp30_wl5gQ,루디스튜디오,upU9BURPVBA,이악물고 원영적 사고,2024-06-24T14:34:39Z,46.0,True,613138,16884.0,52.0
5804,UCqHP70746lwBPFp30_wl5gQ,루디스튜디오,hStw4rdaoS8,주변 사람들 기분 갉아먹는 부정적인 친구  | [루대숲] - 132번째 사연,2024-06-26T12:21:36Z,751.0,False,432631,2924.0,137.0
5804,UCqHP70746lwBPFp30_wl5gQ,루디스튜디오,nAaqioCsFmA,주위 사람들 기운 갉아먹는 유형,2024-07-02T18:01:20Z,60.0,True,20828,369.0,7.0
5804,UCqHP70746lwBPFp30_wl5gQ,루디스튜디오,mRcftsAhYEQ,남초 사이에 피어난 장미,2024-07-03T09:00:43Z,331.0,False,89340,917.0,52.0
5804,UCqHP70746lwBPFp30_wl5gQ,루디스튜디오,TH--RlmEKRw,기분이 좋아지는 포즈,2024-07-09T06:48:40Z,30.0,True,31385,484.0,0.0
5804,UCqHP70746lwBPFp30_wl5gQ,루디스튜디오,qTI2X8ATQsI,상여자의 포트럭 파티,2024-07-09T06:49:46Z,40.0,True,53489,661.0,10.0
5804,UCqHP70746lwBPFp30_wl5gQ,루디스튜디오,gw5YHWH1R70,돈주고 사는 남자친구,2024-07-10T12:48:25Z,579.0,False,109780,1129.0,50.0
5804,UCqHP70746lwBPFp30_wl5gQ,루디스튜디오,qIiI5C5m6Ow,남자친구 렌탈,2024-07-15T09:13:33Z,59.0,True,19206,422.0,4.0
5804,UCqHP70746lwBPFp30_wl5gQ,루디스튜디오,uOmdjpcxghY,무조건 피해야 하는 유형 | [루대숲] - 133번째 사연,2024-07-17T17:30:25Z,745.0,False,291218,1960.0,92.0
5804,UCqHP70746lwBPFp30_wl5gQ,루디스튜디오,RkKWn8EsUGE,나르시시스트,2024-07-23T05:58:10Z,54.0,True,25727,448.0,3.0
5804,UCqHP70746lwBPFp30_wl5gQ,루디스튜디오,we-EtQw7Igc,최악의 룸메,2024-07-30T00:38:55Z,60.0,True,32061,644.0,14.0
5804,UCqHP70746lwBPFp30_wl5gQ,루디스튜디오,3xdqEVt4MLI,오빠가 운동해서 나랑 찍어 주든가,2024-07-31T09:06:49Z,419.0,False,182099,1186.0,66.0
5804,UCqHP70746lwBPFp30_wl5gQ,루디스튜디오,OIiZyUHLWUc,이해 가능 vs 불가능,2024-08-07T00:00:13Z,54.0,True,14262,207.0,5.0
5804,UCqHP70746lwBPFp30_wl5gQ,루디스튜디오,doUI8Tv5mN4,실수인 게 말이 된다고 생각해?,2024-08-07T10:35:56Z,352.0,False,1330294,3931.0,148.0
5804,UCqHP70746lwBPFp30_wl5gQ,루디스튜디오,L4EWs6Gcc0E,실수?로 친구와 하룻밤,2024-08-13T00:00:10Z,34.0,True,21497,271.0,5.0
5804,UCqHP70746lwBPFp30_wl5gQ,루디스튜디오,ndRIrL6qmKI,내가 니 엄마야?,2024-08-21T11:45:33Z,334.0,False,266835,1033.0,129.0
5805,UCG1RADxhI5DVVTjlBKEQpYw,팔춘월드,baSbi-7GbNc,군입대 전 마지막 스시,2022-07-21T08:53:06Z,60.0,True,2746116,35704.0,257.0
5805,UCG1RADxhI5DVVTjlBKEQpYw,팔춘월드,SfCVnGshdq0,입대 2시간 전..,2022-07-25T09:45:00Z,53.0,True,2060547,46107.0,982.0
5805,UCG1RADxhI5DVVTjlBKEQpYw,팔춘월드,R2PFtyXgsd8,거의 북한으로 간 막내동생..,2022-09-28T08:05:59Z,33.0,True,2572937,49696.0,908.0
5805,UCG1RADxhI5DVVTjlBKEQpYw,팔춘월드,yHcskrk3Edc,첫휴가 나오기 전 국룰,2022-09-28T09:00:26Z,19.0,True,2233360,30864.0,559.0
5805,UCG1RADxhI5DVVTjlBKEQpYw,팔춘월드,jMhbAAoQLn4,그동안 감사했습니ㄷㅏ. .,2022-12-23T11:50:06Z,,False,0,0.0,0.0
5805,UCG1RADxhI5DVVTjlBKEQpYw,팔춘월드,XO1p6kAxnvI,스텐 그냥 쓰면 암걸릴 수도 있다?,2023-04-08T08:00:13Z,59.0,True,653204,11179.0,132.0
5805,UCG1RADxhI5DVVTjlBKEQpYw,팔춘월드,0VLFqdgUzw4,한번사면 죽을때까지 쓰는 스텐고르는법,2023-04-09T08:17:14Z,60.0,True,11762235,158060.0,1280.0
5805,UCG1RADxhI5DVVTjlBKEQpYw,팔춘월드,c1__j0Vh5X8,평생 써먹는 스테인리스 예열하는법,2023-04-12T08:00:19Z,26.0,True,2692278,20387.0,729.0
5805,UCG1RADxhI5DVVTjlBKEQpYw,팔춘월드,5rUdXc3LQwE,서울 당일치기로 100만원 쓰기,2023-09-08T08:00:03Z,46.0,True,2804522,48472.0,221.0
5805,UCG1RADxhI5DVVTjlBKEQpYw,팔춘월드,4k1RfREAG-8,서울촌놈들아 이게 부산이다!,2024-02-14T09:00:03Z,31.0,True,362936,3705.0,63.0
5805,UCG1RADxhI5DVVTjlBKEQpYw,팔춘월드,wEsJb_sB8U4,추억의 양념치킨,2024-11-20T08:41:17Z,33.0,True,104166,1807.0,26.0
5805,UCG1RADxhI5DVVTjlBKEQpYw,팔춘월드,pXLK4pVGV3I,2000원짜리 짜장면 곱빼기?,2024-11-25T08:54:58Z,48.0,True,995577,16934.0,634.0
5805,UCG1RADxhI5DVVTjlBKEQpYw,팔춘월드,7XbggKxZYKI,내게 주어진 시간 15분 ..,2025-04-09T09:00:41Z,88.0,False,622972,5280.0,29.0
5805,UCG1RADxhI5DVVTjlBKEQpYw,팔춘월드,s4U62eshyCQ,편의점 알바를 하다가 장례식에 초대받았다,2025-04-15T12:17:54Z,71.0,False,473952,8940.0,24.0
5805,UCG1RADxhI5DVVTjlBKEQpYw,팔춘월드,tbgjKi4H4cY,"장남이 엄마, 동생 김밥을 싼다고?",2025-04-17T12:39:25Z,81.0,False,535514,5218.0,43.0
5805,UCG1RADxhI5DVVTjlBKEQpYw,팔춘월드,t9pM6WWXBK8,청접장을 받았는데 내 이름이 써있었다,2025-04-18T08:16:09Z,72.0,False,1406294,7708.0,85.0
5805,UCG1RADxhI5DVVTjlBKEQpYw,팔춘월드,pJ-Wk20hWJg,생일파티인줄 알았는데 내 장례식이었다,2025-04-20T05:33:23Z,70.0,False,168031,2815.0,8.0
5805,UCG1RADxhI5DVVTjlBKEQpYw,팔춘월드,-uU9pU13V3I,쿠팡 맛꿀마템4 가지,2025-04-21T08:08:37Z,75.0,False,33329,761.0,16.0
5806,UCroM00J2ahCN6k-0-oAiDxg,아이네 INE,P0nROZxl1h8,알파 좀비 #Shorts,2025-10-01T09:15:02Z,48.0,True,245259,9823.0,212.0
5806,UCroM00J2ahCN6k-0-oAiDxg,아이네 INE,t43KaEHXFyo,"""나는 이 마을의 히어로...""",2025-10-04T09:15:12Z,943.0,False,152950,4818.0,228.0
5806,UCroM00J2ahCN6k-0-oAiDxg,아이네 INE,g2UOcuczJAc,안드로이드도 사람일까? - 디트로이트 비컴 휴먼,2025-10-05T08:30:31Z,42560.0,False,84296,2807.0,336.0
5806,UCroM00J2ahCN6k-0-oAiDxg,아이네 INE,LjAmpxswmos,짐이 와주었느니라,2025-10-14T09:15:06Z,481.0,False,252264,8189.0,499.0
5806,UCroM00J2ahCN6k-0-oAiDxg,아이네 INE,mcVpuqMxfW8,얼마죠? 급함.,2025-10-22T09:15:11Z,488.0,False,168697,6785.0,524.0
5806,UCroM00J2ahCN6k-0-oAiDxg,아이네 INE,djo8u97IJfo,It's 이네타임!! - 델타룬 챕터3,2025-10-25T08:30:22Z,15886.0,False,52645,2089.0,197.0
5806,UCroM00J2ahCN6k-0-oAiDxg,아이네 INE,Xm849yPaox8,또 저 둘이야!! #Shorts,2025-10-28T10:01:00Z,13.0,True,448796,12420.0,248.0
5806,UCroM00J2ahCN6k-0-oAiDxg,아이네 INE,pJiWABRfyUU,우리 친구인가요? #Shorts,2025-10-31T10:01:36Z,25.0,True,206944,7213.0,169.0
5806,UCroM00J2ahCN6k-0-oAiDxg,아이네 INE,WbcPpLee0LI,아이네 목욕탕 ASMR,2025-11-04T09:15:02Z,552.0,False,100059,4963.0,305.0
5806,UCroM00J2ahCN6k-0-oAiDxg,아이네 INE,v4lErQnvciw,송이버섯? 흠...,2025-11-11T09:15:05Z,560.0,False,148694,5739.0,320.0
5806,UCroM00J2ahCN6k-0-oAiDxg,아이네 INE,6A02GoeYoF8,캬ㅏㅏㅏㅏㅏ 이거야!!! - 언더스티드,2025-11-15T08:30:04Z,10601.0,False,102130,3434.0,273.0
5806,UCroM00J2ahCN6k-0-oAiDxg,아이네 INE,NA9KaVqqbjk,진짜 짜증나 - 마리오파티 잼버리,2025-11-19T09:15:05Z,1174.0,False,105175,3769.0,173.0
5806,UCroM00J2ahCN6k-0-oAiDxg,아이네 INE,_4NzKEzbwvs,저 예뻐요~? #Shorts,2025-11-20T08:30:31Z,35.0,True,217471,9144.0,317.0
5806,UCroM00J2ahCN6k-0-oAiDxg,아이네 INE,jQxy_b-EgzQ,파타파타파타퐁! - 파타퐁 1+2 리플레이,2025-11-23T08:30:23Z,31759.0,False,35777,1694.0,161.0
5806,UCroM00J2ahCN6k-0-oAiDxg,아이네 INE,QlksC0fgtro,릴파 레전드 바보 사건,2025-11-26T09:15:06Z,482.0,False,215798,7129.0,313.0
5806,UCroM00J2ahCN6k-0-oAiDxg,아이네 INE,0lhltDvkD88,칼 타고 모험하는 게임 - 소드 오브 더 씨,2025-11-29T08:30:02Z,11853.0,False,37537,1662.0,102.0
5806,UCroM00J2ahCN6k-0-oAiDxg,아이네 INE,35F9Hi3EnOw,온갖 억까를 뚫고 집으로 가야 하는 게임,2025-12-02T09:15:00Z,1225.0,False,122125,5051.0,341.0
5806,UCroM00J2ahCN6k-0-oAiDxg,아이네 INE,M1CP3dgju6I,화이트초콜릿은 새로운 패러다임이다 #shorts,2025-12-08T08:15:02Z,30.0,True,334812,11984.0,303.0
5806,UCroM00J2ahCN6k-0-oAiDxg,아이네 INE,FpOIuq0t-HM,아기 토끼야~,2025-12-12T09:15:01Z,486.0,False,215565,7908.0,586.0
5806,UCroM00J2ahCN6k-0-oAiDxg,아이네 INE,nGxod-ZxG1w,왁굳님?...,2025-12-23T09:15:09Z,733.0,False,114881,4560.0,202.0
5806,UCroM00J2ahCN6k-0-oAiDxg,아이네 INE,apy5Ngr-af0,흐즈므르.. - 돌발서버 핫클립,2026-01-03T10:00:08Z,788.0,False,132792,5329.0,283.0
5806,UCroM00J2ahCN6k-0-oAiDxg,아이네 INE,vt5mI42d2Oo,버거야 지나갈게~ - RV There Yet? 합방,2026-01-14T11:11:45Z,1048.0,False,109735,3780.0,184.0
5806,UCroM00J2ahCN6k-0-oAiDxg,아이네 INE,P3UX_CueSvY,너무 멋있어 - 프로포즈 게임 합방,2026-01-24T09:49:39Z,673.0,False,75331,3567.0,140.0
5806,UCroM00J2ahCN6k-0-oAiDxg,아이네 INE,46WjuNVAo80,저는 노가리 인간입니다 근데 낙엽을 곁들인,2026-01-26T10:15:00Z,8039.0,False,144252,4064.0,283.0
5806,UCroM00J2ahCN6k-0-oAiDxg,아이네 INE,m7bOBWb3qU8,바보 릴파 #Shorts,2026-01-27T09:15:08Z,41.0,True,275344,10368.0,223.0
5806,UCroM00J2ahCN6k-0-oAiDxg,아이네 INE,BTt9pf_vbeo,나도호 머코..싶타,2026-02-02T08:56:26Z,533.0,False,131471,5378.0,299.0
5806,UCroM00J2ahCN6k-0-oAiDxg,아이네 INE,6uSJI02mbr4,낭만이란 배를 타고 떠나갈거야,2026-02-07T08:30:04Z,9021.0,False,38797,2038.0,146.0
5806,UCroM00J2ahCN6k-0-oAiDxg,아이네 INE,3gVL36Lr-Zs,내향인에게 힘든 상황 월드컵,2026-02-10T09:15:00Z,856.0,False,128038,4880.0,249.0
5806,UCroM00J2ahCN6k-0-oAiDxg,아이네 INE,xehXv3KrbkM,롤 아가들의 대회 아가컵,2026-02-16T08:31:48Z,14517.0,False,42049,2002.0,168.0
5806,UCroM00J2ahCN6k-0-oAiDxg,아이네 INE,VJoyHWwXlV0,어머.. 아기 토끼라네요~ #Shorts,2026-02-18T08:15:04Z,32.0,True,432679,13632.0,243.0
5806,UCroM00J2ahCN6k-0-oAiDxg,아이네 INE,UDpFIK0feqA,진상 손님 상대하는 법(명쾌),2026-02-20T09:00:07Z,986.0,False,62545,2909.0,228.0
5806,UCroM00J2ahCN6k-0-oAiDxg,아이네 INE,q2JSTz3lXP8,가아아아아암히!!!!!,2026-02-27T08:45:41Z,571.0,False,139619,5508.0,349.0
5806,UCroM00J2ahCN6k-0-oAiDxg,아이네 INE,-P9x_uEPZUU,첫째들은 왜 그러는 걸까? #Shorts,2026-03-01T07:46:33Z,56.0,True,171498,7207.0,160.0
5806,UCroM00J2ahCN6k-0-oAiDxg,아이네 INE,2TI4XfYkJCY,누구의 고백을 받아야 할까? #Shorts,2026-03-07T08:30:01Z,39.0,True,252924,9917.0,135.0
5806,UCroM00J2ahCN6k-0-oAiDxg,아이네 INE,PwXlbAn1cG8,구글이 모라라!!!!,2026-03-10T09:28:39Z,481.0,False,132778,5379.0,423.0
5806,UCroM00J2ahCN6k-0-oAiDxg,아이네 INE,6qj6DdSLx6E,이걸 언제 다 주워 #Shorts,2026-04-08T09:50:21Z,38.0,True,246028,9599.0,204.0
5806,UCroM00J2ahCN6k-0-oAiDxg,아이네 INE,J_Qq_1O6T-k,여기서 살아남으래요,2026-04-09T09:15:05Z,860.0,False,150568,6492.0,408.0
5806,UCroM00J2ahCN6k-0-oAiDxg,아이네 INE,rv9Zv-ivffY,슬롯머신으로 인생역전하기,2026-04-13T09:15:11Z,606.0,False,80924,4162.0,311.0
5806,UCroM00J2ahCN6k-0-oAiDxg,아이네 INE,q_62Vx2XRJU,딱 보니까 배신자네,2026-04-17T09:49:29Z,536.0,False,76065,4175.0,306.0
5806,UCroM00J2ahCN6k-0-oAiDxg,아이네 INE,WxVhfriASHU,아이네의 관상론 #Shorts,2026-04-18T08:15:01Z,61.0,False,60469,3607.0,129.0
5806,UCroM00J2ahCN6k-0-oAiDxg,아이네 INE,07emL--ca9c,아 웃기지 말라고 - 돈스크림 합방,2026-04-21T09:26:54Z,611.0,False,88761,4341.0,245.0
5806,UCroM00J2ahCN6k-0-oAiDxg,아이네 INE,1yFyOvmEALc,마크 원블럭 요약 #Shorts,2026-04-22T09:15:01Z,38.0,True,153500,7663.0,143.0
5806,UCroM00J2ahCN6k-0-oAiDxg,아이네 INE,ICPEgQwAAdo,릴파야!! 아프다고!!!,2026-04-26T09:15:01Z,657.0,False,134547,5638.0,351.0
5806,UCroM00J2ahCN6k-0-oAiDxg,아이네 INE,BHwQ7JeDAK0,아닌데?? 별로 안 귀여운데??,2026-05-09T09:34:11Z,570.0,False,78737,4247.0,217.0
5806,UCroM00J2ahCN6k-0-oAiDxg,아이네 INE,LcjrUa9C7as,전설의 호루박을 직관한 영국어 선생님ㄷㄷ #Shorts,2026-05-11T04:14:47Z,81.0,False,114549,4283.0,114.0
5806,UCroM00J2ahCN6k-0-oAiDxg,아이네 INE,Prw0OMuyKyQ,운세 봐주기,2026-05-11T09:07:10Z,778.0,False,49993,3119.0,180.0
5806,UCroM00J2ahCN6k-0-oAiDxg,아이네 INE,ai_mG8mStZI,귀여워봐야 얼마나 귀엽다고... #Shorts,2026-05-14T09:13:49Z,68.0,False,129893,6640.0,156.0
5806,UCroM00J2ahCN6k-0-oAiDxg,아이네 INE,BK93E_dbIuY,포코피아 줄넘기 개고수 #Shorts,2026-05-15T04:33:33Z,60.0,True,42653,3117.0,110.0
5806,UCroM00J2ahCN6k-0-oAiDxg,아이네 INE,lCGSeDzygNk,동의한다고!!!!!,2026-05-15T09:15:08Z,1411.0,False,63493,3536.0,276.0
5806,UCroM00J2ahCN6k-0-oAiDxg,아이네 INE,Knzzraxlqro,잡았다ㅎ,2026-05-16T09:19:20Z,651.0,False,30113,2104.0,120.0
5807,UCiZ-lRcGWAPRTZE1G88gTqQ,마인드씨피알 mindcpr,nyGeYY7G5Z8,폭설과 함께 야생 원숭이들이 뜨끈한 온천을 즐기는 작은 온천 마을,2025-02-21T09:01:03Z,1516.0,False,233890,8503.0,451.0
5807,UCiZ-lRcGWAPRTZE1G88gTqQ,마인드씨피알 mindcpr,fICMIrd3XVg,브라질 여친과 결혼할 수 있을까...? 숨겨진 온천에서 나눈 국제 커플의 솔직한 대화,2025-03-02T10:00:43Z,1349.0,False,995972,16442.0,2129.0
5807,UCiZ-lRcGWAPRTZE1G88gTqQ,마인드씨피알 mindcpr,KTPks2Wj8f8,나랑 100% 결혼을 확신하냐고 물어봤더니 브라질 여친의 반응,2025-03-09T10:23:57Z,1571.0,False,674135,14571.0,2379.0
5807,UCiZ-lRcGWAPRTZE1G88gTqQ,마인드씨피알 mindcpr,p2Vj9atTm9Y,결국 브라질 여친에게 같이 브라질로 가고싶다고 말했습니다,2025-03-15T09:00:58Z,1917.0,False,505353,13501.0,1080.0
5807,UCiZ-lRcGWAPRTZE1G88gTqQ,마인드씨피알 mindcpr,7XyQtApYMMo,"브라질 여친과 함께 간 결혼 시장, 자식 결혼 시키려고 스펙 적어놓고 선 봐주는 부모들",2025-03-21T09:00:09Z,1709.0,False,312189,9187.0,956.0
5807,UCiZ-lRcGWAPRTZE1G88gTqQ,마인드씨피알 mindcpr,7AoMYs65S-U,여행에 지친 브라질 여친을 마카오 5성급 호텔로 데려갔더니 반응?!,2025-03-25T09:00:09Z,1277.0,False,289849,9089.0,486.0
5807,UCiZ-lRcGWAPRTZE1G88gTqQ,마인드씨피알 mindcpr,oUOwCtm88b8,"오늘밤 ""홍콩"" 보내주겠다고 했더니 브라질 여친의 충격 반응?! ㅋㅋ",2025-03-29T09:00:58Z,1467.0,False,507316,12997.0,731.0
5807,UCiZ-lRcGWAPRTZE1G88gTqQ,마인드씨피알 mindcpr,myVYoyyNDUE,브라질 여친과 브라질이랑 가장 비슷한 나라로 가서 생기는 일들,2025-04-11T09:30:33Z,1939.0,False,328985,10357.0,676.0
5807,UCiZ-lRcGWAPRTZE1G88gTqQ,마인드씨피알 mindcpr,0sZzb4Eygq8,가끔 나도 놀라게되는 브라질 여친만의 한국어 습득법....!,2025-04-25T09:00:01Z,1836.0,False,407066,10798.0,593.0
5807,UCiZ-lRcGWAPRTZE1G88gTqQ,마인드씨피알 mindcpr,zgLgo5gnHbw,갑자기 꽃 선물 해줬더니 브라질 여친의 반응과... 결말,2025-05-01T09:01:30Z,1771.0,False,352086,10542.0,579.0
5807,UCiZ-lRcGWAPRTZE1G88gTqQ,마인드씨피알 mindcpr,42pRNk6Y__U,해변을 파니까 뜨거운 온천이..... 뉴질랜드에서 브라질 여친과 생기는 일들,2025-05-08T09:00:05Z,1582.0,False,388279,8552.0,324.0
5807,UCiZ-lRcGWAPRTZE1G88gTqQ,마인드씨피알 mindcpr,7MLDQOhzkq4,한국어 못 알아들어서 속상하다는 브라질 여친... 뉴질랜드에서 생기는 일들,2025-05-16T09:00:20Z,1639.0,False,284539,8754.0,441.0
5807,UCiZ-lRcGWAPRTZE1G88gTqQ,마인드씨피알 mindcpr,I18spPoSnnI,삐진 브라질 여친 앞에서 최애 음식을 혼자 먹으면 생기는 일....,2025-05-22T09:00:24Z,1757.0,False,357305,10526.0,526.0
5807,UCiZ-lRcGWAPRTZE1G88gTqQ,마인드씨피알 mindcpr,QFP_HlbOdM4,자꾸 놀리면 브라질로 도망가겠다는 여자친구... 피지에서 생기는 일들,2025-05-30T09:00:41Z,1726.0,False,313667,9649.0,580.0
5807,UCiZ-lRcGWAPRTZE1G88gTqQ,마인드씨피알 mindcpr,AYvMqdkuTZQ,"브라질 여친 : ""홍대가이들은 외국인한테 왜 오픈마인드냐고 물어봐?"", 사모아에서 생긴 일",2025-06-09T09:00:12Z,1687.0,False,253710,7398.0,331.0
5807,UCiZ-lRcGWAPRTZE1G88gTqQ,마인드씨피알 mindcpr,luWaCeC0vE8,마지막 사모아 여행... 이제 브라질 여친과 함께 브라질로 갑니다 🇧🇷,2025-06-12T09:01:09Z,1945.0,False,270963,8473.0,546.0
5807,UCiZ-lRcGWAPRTZE1G88gTqQ,마인드씨피알 mindcpr,O1EVG1qWBhI,한국에서 무려 40시간.... 브라질 여친의 집까지의 여정,2025-06-16T09:00:35Z,1982.0,False,712854,17252.0,1106.0
5807,UCiZ-lRcGWAPRTZE1G88gTqQ,마인드씨피알 mindcpr,9J9Bu4rMpzo,드디어 브라질 장모님을 처음 만났습니다... 예상 못한 반응,2025-06-21T09:00:11Z,1712.0,False,855352,24947.0,1744.0
5807,UCiZ-lRcGWAPRTZE1G88gTqQ,마인드씨피알 mindcpr,wx8h3Y4KqII,"브라질 장모님께 쿠쿠 대신 드린 의외의 선물, 반응은....?",2025-06-27T09:01:30Z,1790.0,False,520494,16978.0,956.0
5807,UCiZ-lRcGWAPRTZE1G88gTqQ,마인드씨피알 mindcpr,2Fz2-7zMjBo,여친의 브라질 친구들을 만나러 갔는데.... 무슨 일이 벌어졌을까?,2025-07-05T09:00:07Z,1151.0,False,405366,11566.0,474.0
5807,UCiZ-lRcGWAPRTZE1G88gTqQ,마인드씨피알 mindcpr,bw6eiIT-OGA,브라질 여친이 갑자기 데려간 찐로컬 왁싱샵.....,2025-07-13T09:01:02Z,1546.0,False,287784,9390.0,742.0
5807,UCiZ-lRcGWAPRTZE1G88gTqQ,마인드씨피알 mindcpr,k-_U-norQNI,브라질에선 연애 중에도 남사친 만나는게 일반적이야?!,2025-07-27T09:01:02Z,2132.0,False,287483,9144.0,733.0
5807,UCiZ-lRcGWAPRTZE1G88gTqQ,마인드씨피알 mindcpr,cF_RYaA79l8,한국에 이런 술이 있었어....?,2025-07-28T09:00:50Z,10.0,True,173112,1179.0,63.0
5807,UCiZ-lRcGWAPRTZE1G88gTqQ,마인드씨피알 mindcpr,2dpzG3_QGwQ,남미에선 플러팅이 일상이거든......,2025-07-30T09:00:03Z,49.0,True,129074,1727.0,104.0
5807,UCiZ-lRcGWAPRTZE1G88gTqQ,마인드씨피알 mindcpr,LyginWVR-uQ,"브라질에서 유일하게 눈이 온다는 신혼여행지, 그라마도에서 생기는 일들",2025-08-02T09:00:29Z,2181.0,False,389743,10883.0,570.0
5807,UCiZ-lRcGWAPRTZE1G88gTqQ,마인드씨피알 mindcpr,qYVluWRNmEM,브라질에 있는 세계 1위 호텔에 여친을 데려갔더니.....,2025-08-08T09:01:33Z,1931.0,False,304811,9955.0,499.0
5807,UCiZ-lRcGWAPRTZE1G88gTqQ,마인드씨피알 mindcpr,LgBt1EyNK4g,"브라질에서 가장 살기 좋다는 1위 도시, 부동산 구경하면서 생기는일들",2025-08-16T09:00:33Z,1926.0,False,258507,8605.0,540.0
5807,UCiZ-lRcGWAPRTZE1G88gTqQ,마인드씨피알 mindcpr,RgDsTDBBhOY,한국 vs 브라질 어디서 살고싶어?,2025-08-22T09:00:50Z,2394.0,False,374260,11149.0,690.0
5807,UCiZ-lRcGWAPRTZE1G88gTqQ,마인드씨피알 mindcpr,E8_2iPt1DAM,한국은 프로포즈 없이도 결혼한다니까 놀라는 브라질 여친...,2025-08-29T09:00:22Z,1991.0,False,249447,9071.0,548.0
5807,UCiZ-lRcGWAPRTZE1G88gTqQ,마인드씨피알 mindcpr,UJl8aTHfiAA,한국인 99%가 모르는 브라질 모래 마을에서 생기는 일들,2025-09-02T09:00:44Z,2074.0,False,206832,7757.0,388.0
5807,UCiZ-lRcGWAPRTZE1G88gTqQ,마인드씨피알 mindcpr,HCHVNIp17DM,"브라질 여친 사촌이 날 ""남편감"" 이라고 가족들에게 소개한 이유",2025-09-09T09:00:21Z,2021.0,False,222785,8152.0,453.0
5807,UCiZ-lRcGWAPRTZE1G88gTqQ,마인드씨피알 mindcpr,yVlIjswXwPU,우정이냐 사랑이냐? 브라질 여친의 선택...,2025-09-12T09:01:40Z,2119.0,False,221683,6946.0,407.0
5807,UCiZ-lRcGWAPRTZE1G88gTqQ,마인드씨피알 mindcpr,H-itKS6rti4,브라질 장모님이 나를 한국 사위로 인정한 이유,2025-09-17T09:00:33Z,2077.0,False,339016,10118.0,546.0
5807,UCiZ-lRcGWAPRTZE1G88gTqQ,마인드씨피알 mindcpr,1pk7mU3CbGM,상견례 하러 브라질 왔다가 여친이랑 싸우고 집 나왔습니다...,2025-09-26T09:00:03Z,1458.0,False,323312,9698.0,704.0
5807,UCiZ-lRcGWAPRTZE1G88gTqQ,마인드씨피알 mindcpr,qQ4ISUzEEzM,"국제커플이 겪는 현실적인 문제들, 숨겨둔 마지막 브라질 여행",2025-10-05T09:01:15Z,1937.0,False,302078,7734.0,704.0
5807,UCiZ-lRcGWAPRTZE1G88gTqQ,마인드씨피알 mindcpr,xuGzI9FIbbc,스페인까지 와서 한식만 찾는 브라질 여친...,2025-10-13T09:01:29Z,1654.0,False,204280,8381.0,552.0
5807,UCiZ-lRcGWAPRTZE1G88gTqQ,마인드씨피알 mindcpr,Gepo--ihzTU,"처음 만났던 런던에서 1주년 기념하자고 했더니 브라질 여친의 반응, 몰타에서 생기는 일들",2025-10-23T09:00:22Z,1423.0,False,306879,8543.0,480.0
5807,UCiZ-lRcGWAPRTZE1G88gTqQ,마인드씨피알 mindcpr,4FWoGjSJ_fc,왜 한국인이 아닌 외국인을 만나냐는 브라질 여자친구....,2025-10-31T09:00:14Z,1646.0,False,187156,7536.0,531.0
5807,UCiZ-lRcGWAPRTZE1G88gTqQ,마인드씨피알 mindcpr,vyoZqP7mi58,"프로포즈 하려고 1년만에 다시 찾은 런던, 브라질 여친과 첫만남 비하인드 스토리",2025-11-07T06:00:54Z,2118.0,False,444988,14208.0,1642.0
5807,UCiZ-lRcGWAPRTZE1G88gTqQ,마인드씨피알 mindcpr,cWP17pxfdHI,"결혼하자고 프로포즈 했더니, 브라질 여친의 반응은?",2025-11-14T09:01:08Z,1260.0,False,707823,21455.0,2266.0
5807,UCiZ-lRcGWAPRTZE1G88gTqQ,마인드씨피알 mindcpr,RsS23roKOmE,"프로포즈 이후의 계획 브라질 아내(진), 영국 시골마을 코츠월드에서 생기는 일들",2025-11-21T09:00:43Z,1502.0,False,230114,8232.0,454.0
5807,UCiZ-lRcGWAPRTZE1G88gTqQ,마인드씨피알 mindcpr,TILg3gX9GCs,"결국 한국에서 살자는 브라질 아내(진), 스코틀랜드 스카이섬에서 생기는 일들",2025-11-28T09:00:48Z,1209.0,False,456559,9966.0,2458.0
5807,UCiZ-lRcGWAPRTZE1G88gTqQ,마인드씨피알 mindcpr,C5VkMc6PXwo,아프리카 신혼여행지에 혼자 온 이유,2026-02-21T09:00:15Z,1188.0,False,320076,10685.0,2309.0
5807,UCiZ-lRcGWAPRTZE1G88gTqQ,마인드씨피알 mindcpr,x4Jy355YWa4,돈을 못 내게 하는 아프리카 인도양 외딴 섬 사람들?,2026-03-04T09:01:20Z,1635.0,False,186123,6317.0,633.0
5807,UCiZ-lRcGWAPRTZE1G88gTqQ,마인드씨피알 mindcpr,bjJtNhd7Xsc,프랑스 대통령 선거에 투표하는 아프리카,2026-03-12T09:00:51Z,975.0,False,73633,3210.0,272.0
5807,UCiZ-lRcGWAPRTZE1G88gTqQ,마인드씨피알 mindcpr,Ny7zjeu4ung,유럽 출산율 1위인 지역,2026-03-20T09:00:39Z,1332.0,False,113479,3640.0,258.0
5807,UCiZ-lRcGWAPRTZE1G88gTqQ,마인드씨피알 mindcpr,oOi4vDIYCrQ,아무도 밥을 안먹는 충격적인 나라,2026-03-28T03:00:00Z,2198.0,False,142693,3441.0,231.0
5807,UCiZ-lRcGWAPRTZE1G88gTqQ,마인드씨피알 mindcpr,M8P8GXNNfNc,한국에서 석유가 나왔으면 생겼을 일들,2026-04-03T09:00:21Z,2403.0,False,67091,2688.0,224.0
5807,UCiZ-lRcGWAPRTZE1G88gTqQ,마인드씨피알 mindcpr,uMLqIvvRxa0,1달러 = 1유로인 미지의 나라,2026-04-17T09:01:21Z,1521.0,False,75059,2445.0,120.0
5807,UCiZ-lRcGWAPRTZE1G88gTqQ,마인드씨피알 mindcpr,x0hEDnMLt1E,"인구 8,000명... 결혼보다 아이 먼저 낳는 섬나라",2026-05-02T04:01:03Z,2150.0,False,50328,2187.0,117.0
5808,UCexnMWt_GyyAIkLCn7x36nw,쩡대,dVtSef15P3M,리본은 남자의 권력이였다?!,2025-12-30T09:15:08Z,93.0,False,6185,113.0,2.0
5808,UCexnMWt_GyyAIkLCn7x36nw,쩡대,m9vLvDVwVQM,2025년 모두 수고하셨습니다.,2025-12-31T09:15:11Z,46.0,True,4752,58.0,5.0
5808,UCexnMWt_GyyAIkLCn7x36nw,쩡대,VN_dHllP5CY,단추가 뼈로 만든것 밖에 없었다고?!,2026-01-01T04:15:02Z,60.0,True,19153,146.0,6.0
5808,UCexnMWt_GyyAIkLCn7x36nw,쩡대,HL6t-riZaFE,요즘 패션이 이상한 이유,2026-01-02T09:15:02Z,90.0,False,22807,335.0,7.0
5808,UCexnMWt_GyyAIkLCn7x36nw,쩡대,YS3D-xQAzvk,패션 고자는 왜 자꾸 생기는 걸까?,2026-01-04T04:15:02Z,102.0,False,16631,314.0,5.0
5808,UCexnMWt_GyyAIkLCn7x36nw,쩡대,2mvvR-s_6Sw,밖에 나갈 때 입을 옷이 없는 이유?,2026-01-06T09:15:01Z,98.0,False,9561,132.0,5.0
5808,UCexnMWt_GyyAIkLCn7x36nw,쩡대,TXyy5W7fdNM,세탁소에서 옷에 씌워주는 비닐의 비밀,2026-01-07T09:15:03Z,80.0,False,15593,187.0,4.0
5808,UCexnMWt_GyyAIkLCn7x36nw,쩡대,A1wYAt5eLXM,새로 산 옷 안에 천조각은 왜 주는걸까?!,2026-01-08T09:15:01Z,57.0,True,9509,92.0,4.0
5808,UCexnMWt_GyyAIkLCn7x36nw,쩡대,Aaw4R_3PdHs,왜 신발마다 끈 구멍 위치가 다를까?,2026-01-09T09:15:01Z,106.0,False,11022,139.0,5.0
5808,UCexnMWt_GyyAIkLCn7x36nw,쩡대,mEcpatahcUA,겨울에도 복숭아뼈를 보이게 입는 사람,2026-01-09T09:15:09Z,92.0,False,10726,103.0,4.0
5808,UCexnMWt_GyyAIkLCn7x36nw,쩡대,_0OpW0QFubk,왜 옷은 안 사고 신발만 살까?,2026-01-13T09:15:03Z,100.0,False,8753,113.0,10.0
5808,UCexnMWt_GyyAIkLCn7x36nw,쩡대,EQ86FfdzZrU,브랜드를 로고 보이게 섞어서 입는 사람,2026-01-14T09:15:01Z,87.0,False,10277,135.0,5.0
5808,UCexnMWt_GyyAIkLCn7x36nw,쩡대,p6xBBpp3-v0,비싼 명품으로만 옷을 입는 사람,2026-01-15T10:45:07Z,97.0,False,7445,62.0,3.0
5808,UCexnMWt_GyyAIkLCn7x36nw,쩡대,mbOvyNxKdsw,명품 가방 들고 버스타는 사람,2026-01-17T03:15:05Z,67.0,False,4532,50.0,2.0
5808,UCexnMWt_GyyAIkLCn7x36nw,쩡대,S26vWC-uwEc,잘못된 영포티 패션을 입는 사람,2026-01-18T03:15:05Z,101.0,False,11874,167.0,26.0
5808,UCexnMWt_GyyAIkLCn7x36nw,쩡대,5q9qKvPF36g,명품을 입고 가야하는 초등학교,2026-01-19T09:25:01Z,72.0,False,4633,55.0,8.0
5808,UCexnMWt_GyyAIkLCn7x36nw,쩡대,RF5S9LUc6F8,장례식장에는 어떻게 입고가야 될까?,2026-01-21T09:45:01Z,102.0,False,25462,423.0,11.0
5808,UCexnMWt_GyyAIkLCn7x36nw,쩡대,b3MvAg43Yq4,벨트 구멍의 숨겨진 비밀,2026-01-22T09:53:00Z,61.0,False,12851,78.0,4.0
5808,UCexnMWt_GyyAIkLCn7x36nw,쩡대,TEFAE7yUrU0,"뉴욕,파리,밀라노 패션위크의 비밀",2026-01-24T14:15:04Z,83.0,False,2783,28.0,0.0
5808,UCexnMWt_GyyAIkLCn7x36nw,쩡대,RJrLLldFgBU,사람들이 백화점에서 돈을 쓰는 이유,2026-01-25T06:15:04Z,97.0,False,20750,160.0,12.0
5808,UCexnMWt_GyyAIkLCn7x36nw,쩡대,4Kei_zIBgA4,옷을 싸게 사는 방법 알려드릴게요,2026-01-27T09:15:00Z,106.0,False,13631,255.0,5.0
5808,UCexnMWt_GyyAIkLCn7x36nw,쩡대,fnPZtq9hQYs,몸 좋은 사람들이 나시를 입는 이유,2026-01-28T09:15:04Z,86.0,False,8610,97.0,8.0
5808,UCexnMWt_GyyAIkLCn7x36nw,쩡대,gRPzgpokxfQ,골프치는 사람들의 패션은 왜 그럴까?,2026-01-29T09:15:04Z,85.0,False,22735,95.0,3.0
5808,UCexnMWt_GyyAIkLCn7x36nw,쩡대,PO_yn8DL5Ig,"두바이 쪽득쿠키, 두쫀쿠 보단 봄 옷..",2026-01-31T03:15:02Z,103.0,False,4772,32.0,5.0
5808,UCexnMWt_GyyAIkLCn7x36nw,쩡대,_G1Us6ATawQ,성수동은 정말 남자들이 싫어하는 도시?,2026-02-02T09:15:04Z,108.0,False,8961,57.0,10.0
5808,UCexnMWt_GyyAIkLCn7x36nw,쩡대,YmkkG7TI_Z0,노스페이스 패딩 자기 전에 생각날꺼야,2026-02-03T09:15:06Z,106.0,False,8270,57.0,16.0
5808,UCexnMWt_GyyAIkLCn7x36nw,쩡대,94LWIqw2kpE,SNS에서 돈 자랑 하는 사람들,2026-02-04T11:25:00Z,99.0,False,4806,22.0,0.0
5808,UCexnMWt_GyyAIkLCn7x36nw,쩡대,L6ZLK-wRmqg,돈 낭비 없이 옷을 제대로 사는 방법,2026-02-05T09:15:01Z,78.0,False,13037,226.0,13.0
5808,UCexnMWt_GyyAIkLCn7x36nw,쩡대,_HFz6odKirU,나는 지금 옷을 잘 입고 있나?,2026-02-07T03:00:44Z,80.0,False,17735,205.0,1.0
5808,UCexnMWt_GyyAIkLCn7x36nw,쩡대,qvn_oypFDpI,편집샵 직원들이 말이 없는 이유,2026-02-08T12:01:29Z,102.0,False,13062,180.0,6.0
5808,UCexnMWt_GyyAIkLCn7x36nw,쩡대,R_BTBngD-bc,무신사 빅세일 더 늦기전에 빨리 챙기세요!!,2026-02-10T12:45:05Z,811.0,False,10928,96.0,28.0
5808,UCexnMWt_GyyAIkLCn7x36nw,쩡대,d_VHobdgWyg,무신사 설날 빅세일 놓치면 안되는 것!!,2026-02-11T11:15:06Z,159.0,False,7356,55.0,1.0
5808,UCexnMWt_GyyAIkLCn7x36nw,쩡대,Wf11wFzNehY,보세 vs 브랜드? 사람이 명품이면 상관없다,2026-02-14T03:30:22Z,95.0,False,13605,133.0,16.0
5808,UCexnMWt_GyyAIkLCn7x36nw,쩡대,VDOuvJ_zlrA,남자가 여자 옷을 입는다고?,2026-02-15T03:15:02Z,95.0,False,11048,159.0,13.0
5808,UCexnMWt_GyyAIkLCn7x36nw,쩡대,zDfXUWWJp4w,이번 설날 새뱃돈 얼마 받아?!,2026-02-16T03:30:43Z,72.0,False,3398,23.0,1.0
5808,UCexnMWt_GyyAIkLCn7x36nw,쩡대,emfoN1btZzM,우리나라 한복이 중국꺼라고?!,2026-02-17T06:45:02Z,109.0,False,5027,59.0,8.0
5808,UCexnMWt_GyyAIkLCn7x36nw,쩡대,MeLzxOYGOyI,코트는 뜯고 입어야 된다고? #shorts,2026-02-21T03:15:02Z,86.0,False,37601,268.0,18.0
5808,UCexnMWt_GyyAIkLCn7x36nw,쩡대,ZjL1RlYqGps,김길리 선수가 방탄복을 입었다고?!,2026-02-24T09:15:04Z,78.0,False,4628,22.0,1.0
5808,UCexnMWt_GyyAIkLCn7x36nw,쩡대,zg9dpWldsTU,"결혼식장 하객룩 코디, 이렇게 입고가세요",2026-02-25T09:15:05Z,76.0,False,10779,98.0,6.0
5808,UCexnMWt_GyyAIkLCn7x36nw,쩡대,uxoFYIZIZwo,"유니클로,자라,스파오 왜 가격이 저렴할까?",2026-02-26T11:01:24Z,96.0,False,3073,52.0,3.0
5808,UCexnMWt_GyyAIkLCn7x36nw,쩡대,U8-Xe_mVMEY,옷 사이즈가 다른데 가격은 왜 같을까?,2026-02-28T04:00:28Z,103.0,False,35973,313.0,17.0
5808,UCexnMWt_GyyAIkLCn7x36nw,쩡대,dC1nMVGnZio,봄 옷 사면 맨날 망하는 이유,2026-03-01T03:15:07Z,87.0,False,4162,56.0,0.0
5808,UCexnMWt_GyyAIkLCn7x36nw,쩡대,Fm7E1MkJNYo,옷 못 입으면 손해 보는 3가지,2026-03-02T04:00:10Z,104.0,False,7288,50.0,1.0
5808,UCexnMWt_GyyAIkLCn7x36nw,쩡대,nT3H4Y_rLfI,안경 사면 꼭 해야되는 것,2026-03-03T09:15:04Z,95.0,False,6375,87.0,6.0
5808,UCexnMWt_GyyAIkLCn7x36nw,쩡대,3omjVxAs7H8,트렌치 코트 어떻게 입고 다니시나요?!,2026-03-04T10:00:10Z,54.0,True,6678,51.0,1.0
5808,UCexnMWt_GyyAIkLCn7x36nw,쩡대,FPQpwLB4k2E,2026년 봄 옷 트렌드 알려드릴게요,2026-03-05T11:00:23Z,74.0,False,10918,152.0,1.0
5808,UCexnMWt_GyyAIkLCn7x36nw,쩡대,j_74cOvuCp0,티셔츠가 사실 팬티였다?,2026-03-06T11:01:19Z,60.0,True,4733,52.0,4.0
5808,UCexnMWt_GyyAIkLCn7x36nw,쩡대,-vizr3xIDSs,"명품 로고, 어떻게 만들었는지 알려줄게",2026-03-07T03:15:00Z,56.0,True,6700,62.0,1.0
5808,UCexnMWt_GyyAIkLCn7x36nw,쩡대,qR29End0qmg,여러분은 청바지 언제 빨았어요?!,2026-03-08T04:00:40Z,54.0,True,10287,69.0,2.0
5808,UCexnMWt_GyyAIkLCn7x36nw,쩡대,R0B2cN2E0Tw,"화이트데이 선물, 또 사탕 선물 할꺼야?",2026-03-10T09:00:41Z,124.0,False,7978,69.0,1.0
5809,UCPxCAB6hvZw20ckLaIFxUJQ,SPOiler 스포일러,d8awr0RJml0,90+6분 레전드 극장골! 뒤집힌 운명🔥 헝가리 vs 아일랜드 [2026 월드컵 유럽 예선] | 맨유튜브 × 스포티비,2025-12-05T09:01:07Z,513.0,False,701596,4914.0,1016.0
5809,UCPxCAB6hvZw20ckLaIFxUJQ,SPOiler 스포일러,EXGUkLyi2sM,☠️예능매치☠️ '챔스 결승에서 외계인 지뉴와 흑표범 에투의 바르셀로나를 만난 아스날! 과연 그 결과는? FC 바르셀로나 vs 아스날ㅣ쵱내 × 스포티비,2025-12-10T09:00:21Z,624.0,False,142595,1249.0,289.0
5809,UCPxCAB6hvZw20ckLaIFxUJQ,SPOiler 스포일러,Ubfnkbxuv08,미쳤다… 17살 칼의 역전골🔥 바르셀로나·아탈란타 역전극까지 [25-26 챔스 리그 페이즈 6차전] | 맨유튜브 × 스포티비,2025-12-12T09:00:50Z,712.0,False,66731,378.0,57.0
5809,UCPxCAB6hvZw20ckLaIFxUJQ,SPOiler 스포일러,T8WU-r9GzZE,"음바페 없는 레알, 홀란드가 끝냈다🔥 아스날·토트넘 완승까지! [25-26 챔스 리그 페이즈 6차전] | 맨유튜브 × 스포티비",2025-12-16T09:00:51Z,773.0,False,73048,490.0,94.0
5809,UCPxCAB6hvZw20ckLaIFxUJQ,SPOiler 스포일러,nqoeIoHRpNo,☠️예능매치☠️ '흔들리는 세계관 내 최강자 레알의 운명은?' 레알 마드리드 vs 맨체스터 시티ㅣ쵱내 × 스포티비,2025-12-17T09:01:15Z,722.0,False,125708,984.0,215.0
5809,UCPxCAB6hvZw20ckLaIFxUJQ,SPOiler 스포일러,ZtvHgZPtouY,☠️예능매치☠️ '미드필더가 뭔지 보여드림' 충격적이었던 은골로 캉테의 미친 퍼포먼스! 첼시 vs 레알 마드리드ㅣ쵱내 × 스포티비,2025-12-24T09:00:57Z,583.0,False,228981,2056.0,289.0
5809,UCPxCAB6hvZw20ckLaIFxUJQ,SPOiler 스포일러,vwzcfc50H68,☠️예능매치☠️ '맨유에서 나폴리로 넘어간 맥중사와 호일병 근황' 나폴리 vs 유벤투스ㅣ쵱내 × 스포티비,2025-12-31T09:01:34Z,579.0,False,89963,706.0,103.0
5809,UCPxCAB6hvZw20ckLaIFxUJQ,SPOiler 스포일러,DY0mS4p8mec,☠️예능매치☠️ '축구 그 이상의 감동' 첼램덩크 속 숨겨진 놀라운 이야기! 바이에른 뮌헨 vs 첼시ㅣ쵱내 × 스포티비,2026-01-08T09:00:15Z,1081.0,False,142693,1725.0,227.0
5809,UCPxCAB6hvZw20ckLaIFxUJQ,SPOiler 스포일러,X1VujSgvrsk,☠️예능매치☠️ '맥토미니 그는 신인가?' 인터밀란 vs 나폴리ㅣ쵱내 × 스포티비,2026-01-14T09:00:50Z,609.0,False,60372,594.0,83.0
5809,UCPxCAB6hvZw20ckLaIFxUJQ,SPOiler 스포일러,Wa23lhRxBwU,"마지막 불꽃🔥 40대 호날두, 월드컵을 향한 6번째 도전! [2026 월드컵 예선 포르투갈] | 맨유튜브 × 스포티비",2026-01-17T02:00:37Z,796.0,False,292333,1714.0,888.0
5809,UCPxCAB6hvZw20ckLaIFxUJQ,SPOiler 스포일러,xMeKpHfMe7Y,☠️예능매치☠️ '토레스 900억 일시불 골 그거' 좀비 그 자체였던 2012년 첼시! 바르셀로나 vs 첼시ㅣ쵱내 × 스포티비,2026-01-21T09:01:26Z,685.0,False,70020,678.0,167.0
5809,UCPxCAB6hvZw20ckLaIFxUJQ,SPOiler 스포일러,ZMXzfmjaStQ,"예열 끝🔥 홀란드 16골 폭격! 노르웨이, 28년 만에 월드컵으로! [2026 월드컵 예선 노르웨이] | 맨유튜브 × 스포티비",2026-01-22T09:00:59Z,740.0,False,92954,450.0,128.0
5809,UCPxCAB6hvZw20ckLaIFxUJQ,SPOiler 스포일러,DgFkDQsmtnA,☠️예능매치☠️ '충격과 대혼돈' 북극팀은 맨시티를 찢어! 보되/글림트 vs 맨체스터 시티ㅣ쵱내 × 스포티비,2026-01-23T09:00:31Z,720.0,False,44688,462.0,86.0
5809,UCPxCAB6hvZw20ckLaIFxUJQ,SPOiler 스포일러,YPP2KsRWcwI,김민재 퇴장‼️ 맨시티·PSG 충격패까지! [25-26 챔스 리그 페이즈 7차전] | 맨유튜브 × 스포티비,2026-01-26T09:00:57Z,627.0,False,21573,178.0,21.0
5809,UCPxCAB6hvZw20ckLaIFxUJQ,SPOiler 스포일러,B7k-34O9ps0,"음바페·비니시우스 쇼타임🔥 아스날 16강 직행, 토트넘도 청신호! [25-26 챔스 리그 페이즈 7차전] | 맨유튜브 × 스포티비",2026-01-27T09:00:30Z,573.0,False,36540,256.0,17.0
5809,UCPxCAB6hvZw20ckLaIFxUJQ,SPOiler 스포일러,ssnGetRqLRA,☠️예능매치☠️ '???: 축구로 보답하겠습니다!' 달라진 팀 분위기! 이래나 저래나 레알은 레알!! 레알 마드리드 vs AS 모나코ㅣ쵱내 × 스포티비,2026-01-28T09:01:21Z,761.0,False,113754,921.0,158.0
5809,UCPxCAB6hvZw20ckLaIFxUJQ,SPOiler 스포일러,ZXGD9s5zrHo,90+8분의 기적🔥트루빈 헤더골! 벤피카 vs 레알 마드리드 | 맨유튜브 × 스포티비],2026-02-02T09:00:57Z,619.0,False,60386,709.0,79.0
5809,UCPxCAB6hvZw20ckLaIFxUJQ,SPOiler 스포일러,QkP4cxv5X5g,☠️예능매치☠️ '드라마도 요래 쓰면 욕먹음' 여전히 무리뉴 축구에는 감동이 있다! 벤피카 vs 레알 마드리드ㅣ쵱내 × 스포티비,2026-02-04T09:00:39Z,1137.0,False,182841,1985.0,310.0
5809,UCPxCAB6hvZw20ckLaIFxUJQ,SPOiler 스포일러,b0V3o_uRt0w,"☠️예능매치☠️ '박지성, 잊지 못할 그날의 함성소리!' 축구 팬들의 새벽을 책임지던 낭만의 그 시절! 맨유 vs 첼시ㅣ쵱내 × 스포티비",2026-02-11T09:01:00Z,711.0,False,174012,1804.0,337.0
5809,UCPxCAB6hvZw20ckLaIFxUJQ,SPOiler 스포일러,kGLt52eMIvs,☠️예능매치☠️ '도저히 예측이 불가능한 챔스 16강 플레이오프!' 갈라타사라이 vs 유벤투스ㅣ쵱내 × 스포티비,2026-02-21T09:01:03Z,591.0,False,91115,690.0,135.0
5809,UCPxCAB6hvZw20ckLaIFxUJQ,SPOiler 스포일러,bFJTp9uPewY,인테르 충격 탈락! 산 시로를 침묵시킨 보되의 기적🔥[2025/26 챔스 16강 플레이오프] | 맨유튜브 × 스포티비,2026-02-27T09:00:55Z,548.0,False,37812,365.0,68.0
5809,UCPxCAB6hvZw20ckLaIFxUJQ,SPOiler 스포일러,nHhA-ojcXZ0,☠️예능매치☠️ '우리가 축구를 좋아하는 이유' 팬들을 감동시킨 멋지게 지는 법! 유벤투스 vs 갈라타사라이ㅣ쵱내 × 스포티비,2026-03-01T09:00:57Z,899.0,False,61533,656.0,83.0
5809,UCPxCAB6hvZw20ckLaIFxUJQ,SPOiler 스포일러,fmZT1qZFsew,4-3! 아탈란타 극장🔥 끝내 멈춘 유벤투스의 추격! [25/26 챔스 16강 플레이오프] | 맨유튜브 × 스포티비,2026-03-03T09:00:58Z,789.0,False,26162,244.0,19.0
5809,UCPxCAB6hvZw20ckLaIFxUJQ,SPOiler 스포일러,tAjRGdQzGks,☠️예능매치☠️ '메시&지뉴 철벽의 첼시 수비를 뚫어라!' 첼시 vs FC 바르셀로나ㅣ쵱내 × 스포티비,2026-03-04T09:01:13Z,821.0,False,86704,883.0,194.0
5809,UCPxCAB6hvZw20ckLaIFxUJQ,SPOiler 스포일러,_Er2nhtb_Qw,이탈리아 월드컵 2연속 탈락! 북마케도니아 90+2분의 기적🔥 [2022월드컵 플레이오프] | 맨유튜브 × 스포티비,2026-03-06T09:01:04Z,438.0,False,46372,398.0,122.0
5809,UCPxCAB6hvZw20ckLaIFxUJQ,SPOiler 스포일러,QzasoxhTFAo,☠️예능매치☠️ '탑독 맨유 vs 언더독 레알' 흔들리던 레알과 트레블을 찍은 맨유! 맨유 vs 레알 마드리드ㅣ쵱내 × 스포티비,2026-03-11T09:00:38Z,757.0,False,51436,570.0,112.0
5809,UCPxCAB6hvZw20ckLaIFxUJQ,SPOiler 스포일러,Xl9ot21mSS0,토트넘 붕괴… 야말 극장골! 뮌헨 6골 폭발🔥 [25/26 챔스 16강 1차전 #1] | 맨유튜브 × 스포티비,2026-03-13T09:00:48Z,679.0,False,160934,933.0,138.0
5809,UCPxCAB6hvZw20ckLaIFxUJQ,SPOiler 스포일러,EmYcQgg3kG8,발베르데 해트트릭! PSG 5-2 첼시 난타전🔥 [25/26 챔스 16강 1차전 #2] | 맨유튜브 × 스포티비,2026-03-16T09:00:30Z,748.0,False,37787,426.0,93.0
5809,UCPxCAB6hvZw20ckLaIFxUJQ,SPOiler 스포일러,TcC3nEPUt80,☠️예능매치☠️ '토트넘의 운수 좋은 날' 충격에 충격을 거듭했던 AT마드리드 vs 토트넘 홋스퍼ㅣ쵱내 × 스포티비,2026-03-18T09:00:44Z,619.0,False,41174,413.0,118.0
5809,UCPxCAB6hvZw20ckLaIFxUJQ,SPOiler 스포일러,LQfbv8WvskM,0-3에서 시작된 소름 극장🔥 맨시티·첼시 무너졌다 [25/26 챔스 16강 2차전 #1] | 맨유튜브 × 스포티비,2026-03-20T09:00:26Z,903.0,False,241465,1276.0,164.0
5809,UCPxCAB6hvZw20ckLaIFxUJQ,SPOiler 스포일러,Fx3U17aRi_w,야말 결승골🔥 살라·케인 50호골 폭발! [25/26 챔스 16강 2차전 #2] | 맨유튜브 × 스포티비,2026-03-24T09:00:18Z,854.0,False,151185,869.0,78.0
5809,UCPxCAB6hvZw20ckLaIFxUJQ,SPOiler 스포일러,VWOkT1wGNqQ,☠️예능매치☠️ '누가 요즘 축구 재미없다고 함?' 바르셀로나의 축구에는 재미가 있다! FC 바르셀로나 vs 뉴캐슬 유나이티드ㅣ쵱내 × 스포티비,2026-03-25T09:00:43Z,872.0,False,186071,1557.0,202.0
5809,UCPxCAB6hvZw20ckLaIFxUJQ,SPOiler 스포일러,BMM2TQvqLbU,극장 생존🔥 아일랜드 잡은 체코! 한국과 맞붙을 수도 있다… [월드컵 PO 준결승] | 맨유튜브 × 스포티비,2026-03-30T09:00:17Z,444.0,False,36942,312.0,126.0
5809,UCPxCAB6hvZw20ckLaIFxUJQ,SPOiler 스포일러,vFDRmcGjfNQ,"☠️예능매치☠️ '메시, 음바페, 네이마르, 라모스가 한 팀에 뛰면 벌어지는 일' PSG vs 마카비 하이파ㅣ쵱내 × 스포티비",2026-04-01T09:00:52Z,628.0,False,60515,596.0,78.0
5809,UCPxCAB6hvZw20ckLaIFxUJQ,SPOiler 스포일러,iTBZ5t12P3Y,한국 월드컵 첫 상대 체코🔥 20년을 기다린 월드컵의 꿈! [월드컵 PO 결승] | 맨유튜브 × 스포티비,2026-04-03T09:00:52Z,590.0,False,123977,824.0,434.0
5809,UCPxCAB6hvZw20ckLaIFxUJQ,SPOiler 스포일러,2AfXg-gZu9I,"그 시절 바르셀로나 vs 아틀레티코🔥 3년 사이, 두 번의 챔스 8강! [13/14, 15/16] | 맨유튜브 × 스포티비",2026-04-04T02:00:02Z,765.0,False,39087,421.0,126.0
5809,UCPxCAB6hvZw20ckLaIFxUJQ,SPOiler 스포일러,KOxl-U3G8vo,☠️예능매치☠️ '월드컵 우승이 목표라던 일본 국대 근황' 잉글랜드 vs 일본ㅣ쵱내 × 스포티비,2026-04-08T09:00:27Z,613.0,False,55732,577.0,238.0
5809,UCPxCAB6hvZw20ckLaIFxUJQ,SPOiler 스포일러,elbEefS7yz4,음바페 vs 케인🔥 레알 뮌헨 격돌! 하베르츠 극장골 [25/26 챔스 8강 1차전 #1] | 맨유튜브 × 스포티비,2026-04-10T09:01:02Z,639.0,False,185681,1062.0,227.0
5809,UCPxCAB6hvZw20ckLaIFxUJQ,SPOiler 스포일러,wmclGuN5DcY,훌리안 프리킥 vs 야말 드리블🔥 리버풀 압도한 파리! [25/26 챔스 8강 1차전 #2] | 맨유튜브 × 스포티비,2026-04-14T09:01:18Z,628.0,False,44418,352.0,66.0
5809,UCPxCAB6hvZw20ckLaIFxUJQ,SPOiler 스포일러,bJizQHqbJ9E,☠️예능매치☠️ '레알 vs 뮌헨이라 쓰고 노이어 하이라이트라 읽는다!' 레알 마드리드 vs 바이에른 뮌헨ㅣ쵱내 × 스포티비,2026-04-15T09:00:51Z,825.0,False,110367,1167.0,180.0
5809,UCPxCAB6hvZw20ckLaIFxUJQ,SPOiler 스포일러,XzhiSejZR3k,안필드 침묵시킨 뎀벨레!🔥 야말의 바르셀로나 결국 탈락… [25/26 챔스 8강 2차전 #1] | 맨유튜브 × 스포티비,2026-04-17T09:01:02Z,887.0,False,210255,1299.0,160.0
5809,UCPxCAB6hvZw20ckLaIFxUJQ,SPOiler 스포일러,GCvwFSB7RMM,음바페 또 실패… 레알 탈락! 뮌헨·아스날 4강행🔥 [25/26 챔스 8강 2차전 #2] | 맨유튜브 × 스포티비,2026-04-20T09:00:21Z,841.0,False,218525,1518.0,352.0
5809,UCPxCAB6hvZw20ckLaIFxUJQ,SPOiler 스포일러,ZzFbPtnslyo,☠️예능매치☠️ '???: 지금 이 친구들 막으면 다 찢어죽일 기세임' 아틀레티코 마드리드 vs FC 바르셀로나ㅣ쵱내 × 스포티비,2026-04-22T09:00:59Z,887.0,False,61814,591.0,189.0
5809,UCPxCAB6hvZw20ckLaIFxUJQ,SPOiler 스포일러,SwizARWB4L0,0-7 참사 이후… 메시가 남긴 전설의 순간🔥 [메시 리와인드 #1] | 맨유튜브 × 스포티비,2026-04-24T09:00:41Z,450.0,False,39626,374.0,84.0
5809,UCPxCAB6hvZw20ckLaIFxUJQ,SPOiler 스포일러,gmCg9EWiqTA,"☠️예능매치☠️ '아스날과 맨유의 챔스 준결승' 전설의 호루박과 파브레가스, 반페르시! 아스날 vs 맨유ㅣ쵱내 × 스포티비",2026-04-29T09:01:03Z,711.0,False,56714,677.0,95.0
5809,UCPxCAB6hvZw20ckLaIFxUJQ,SPOiler 스포일러,5ID7tQgxCpI,9골 미친 난타전🔥 PSG vs 뮌헨… 끝을 알 수 없다! [25/26 챔스 4강 1차전 #1] | 맨유튜브 × 스포티비,2026-05-04T09:00:14Z,678.0,False,125499,917.0,137.0
5809,UCPxCAB6hvZw20ckLaIFxUJQ,SPOiler 스포일러,REoHw9JySPc,☠️예능매치☠️ '단언컨대 올 시즌 최고의 경기' 제발 이 경기 안 본 사람 없게 해주세요! PSG vs 바이에른 뮌헨ㅣ쵱내 × 스포티비,2026-05-06T09:00:38Z,932.0,False,146204,1427.0,166.0
5809,UCPxCAB6hvZw20ckLaIFxUJQ,SPOiler 스포일러,bGS-t6sTHRI,20년 걸렸다! 아스날 결승 진출🔥 사카·라이스 결국 해냈다… [25/26 챔스 4강 2차전 #1] | 맨유튜브 × 스포티비,2026-05-08T09:00:51Z,644.0,False,122415,1015.0,324.0
5809,UCPxCAB6hvZw20ckLaIFxUJQ,SPOiler 스포일러,MAR-xoi7Pes,케인 좌절… 뮌헨 탈락! PSG 결승 진출🔥 [25/26 챔스 4강 2차전 #2] | 맨유튜브 × 스포티비,2026-05-11T09:30:26Z,691.0,False,195112,1121.0,571.0
5809,UCPxCAB6hvZw20ckLaIFxUJQ,SPOiler 스포일러,z7hkU_KZ7kI,☠️예능매치☠️ '자! 이제 챔스 결승이다.' 불꽃 튀었던 바이언과 파리의 준결승 2차전! 바이에른 뮌헨 vs PSGㅣ쵱내 × 스포티비,2026-05-13T09:01:28Z,813.0,False,56324,523.0,209.0
5810,UCaF15sSaClwGVpz-QV0ZzHw,나연이즈백 LPGA Na Yeon Choi,4qMaUQVASkk,퍼팅 연습 안 하는 사람들을 위한 신상 그립,2026-03-21T03:00:06Z,98.0,False,6491,71.0,0.0
5810,UCaF15sSaClwGVpz-QV0ZzHw,나연이즈백 LPGA Na Yeon Choi,frD6qRH6l9I,3가지만 기억하면 퍼트 끝!,2026-03-22T03:00:51Z,124.0,False,56957,702.0,4.0
5810,UCaF15sSaClwGVpz-QV0ZzHw,나연이즈백 LPGA Na Yeon Choi,axVpb4hs-N4,[예고] 퍼트가 ‘운’이라고요? 프로는 다르게 봅니다,2026-03-25T09:00:04Z,37.0,True,13317,101.0,1.0
5810,UCaF15sSaClwGVpz-QV0ZzHw,나연이즈백 LPGA Na Yeon Choi,QfcFFvbAWPI,이거 하나로 퍼터 졸업하세요ㅣ최나연이 만든 올인원 연습 도구 [Eng_sub],2026-03-25T12:00:47Z,619.0,False,68424,500.0,37.0
5810,UCaF15sSaClwGVpz-QV0ZzHw,나연이즈백 LPGA Na Yeon Choi,qV8kkxUm1CM,"퍼터 방향, 90%는 여기서 틀어집니다",2026-03-27T03:00:45Z,94.0,False,4882,44.0,2.0
5810,UCaF15sSaClwGVpz-QV0ZzHw,나연이즈백 LPGA Na Yeon Choi,Jvo3nUozczg,연습해도 퍼트가 안 느는 이유,2026-03-28T03:00:12Z,74.0,False,12333,116.0,3.0
5810,UCaF15sSaClwGVpz-QV0ZzHw,나연이즈백 LPGA Na Yeon Choi,mgQwPYBUwCE,"분명 똑바로 섰는데, 내 눈이 틀렸다고?",2026-03-29T03:00:38Z,107.0,False,4059,55.0,1.0
5810,UCaF15sSaClwGVpz-QV0ZzHw,나연이즈백 LPGA Na Yeon Choi,sx1RB8E8Amk,(Eng_sub),2026-03-30T08:54:59Z,7568.0,False,12204,161.0,5.0
5810,UCaF15sSaClwGVpz-QV0ZzHw,나연이즈백 LPGA Na Yeon Choi,XxlV04YTepc,"[예고] 패션에 샤넬, 자동차에 포르쉐, 웨지에는?",2026-04-01T03:00:33Z,34.0,True,3869,27.0,1.0
5810,UCaF15sSaClwGVpz-QV0ZzHw,나연이즈백 LPGA Na Yeon Choi,1W-xeMLHg_U,웨지 거장이 말하는 '진짜 숏게임 잘하는 법'ㅣ최나연X로저 클리브랜드,2026-04-01T12:00:03Z,935.0,False,25452,342.0,15.0
5810,UCaF15sSaClwGVpz-QV0ZzHw,나연이즈백 LPGA Na Yeon Choi,ZP8sT4GEy2g,스핀량으로 웨지 샷을 평가하나요?,2026-04-02T03:00:34Z,57.0,True,2419,21.0,1.0
5810,UCaF15sSaClwGVpz-QV0ZzHw,나연이즈백 LPGA Na Yeon Choi,8hdyiBYooD4,비 온 뒤 웨지 샷 '이걸' 활용하세요,2026-04-03T03:00:07Z,27.0,True,12369,45.0,0.0
5810,UCaF15sSaClwGVpz-QV0ZzHw,나연이즈백 LPGA Na Yeon Choi,ZeKFPa86qd0,"웨지의 전설, 로저 클리브랜드의 최애 웨지는?",2026-04-04T03:00:38Z,24.0,True,7338,31.0,0.0
5810,UCaF15sSaClwGVpz-QV0ZzHw,나연이즈백 LPGA Na Yeon Choi,Vb6iqzBDTTA,프로들도 그린을 놓친다? 스코어를 결정하는 무기,2026-04-05T03:00:24Z,46.0,True,9408,78.0,5.0
5810,UCaF15sSaClwGVpz-QV0ZzHw,나연이즈백 LPGA Na Yeon Choi,foLxTUC7EVk,부쉬넬의 새로운 시작,2026-04-07T09:00:56Z,25.0,True,7080,46.0,0.0
5810,UCaF15sSaClwGVpz-QV0ZzHw,나연이즈백 LPGA Na Yeon Choi,WHuwJfzotZc,"이 도구, 선수들은 매일 씁니다",2026-04-07T10:40:56Z,105.0,False,1367,28.0,1.0
5810,UCaF15sSaClwGVpz-QV0ZzHw,나연이즈백 LPGA Na Yeon Choi,1zT-Q0Xl9KI,[예고] 똑같이 쳤는데 구질이 바뀐다?,2026-04-08T03:00:03Z,36.0,True,11465,89.0,2.0
5810,UCaF15sSaClwGVpz-QV0ZzHw,나연이즈백 LPGA Na Yeon Choi,lMFYbXWYzZs,'이거' 하나로 드로우·페이드가 바뀝니다 (스윙 교정 ❌)ㅣ최나연의 구질 비밀 [Eng_sub],2026-04-08T12:01:31Z,595.0,False,25233,413.0,19.0
5810,UCaF15sSaClwGVpz-QV0ZzHw,나연이즈백 LPGA Na Yeon Choi,v5NRJ5QSYlQ,5걸음으로 완성하는 샷의 일관성,2026-04-09T03:01:01Z,50.0,True,8568,94.0,1.0
5810,UCaF15sSaClwGVpz-QV0ZzHw,나연이즈백 LPGA Na Yeon Choi,DenYIdID3Sc,"티 높이, 대충 꽂으면 망합니다",2026-04-10T03:00:22Z,30.0,True,36492,119.0,1.0
5810,UCaF15sSaClwGVpz-QV0ZzHw,나연이즈백 LPGA Na Yeon Choi,FAseMfnihXw,슬라이스? 훅? '티 높이'로 바로 교정 가능!,2026-04-11T03:00:14Z,54.0,True,14963,94.0,1.0
5810,UCaF15sSaClwGVpz-QV0ZzHw,나연이즈백 LPGA Na Yeon Choi,tDirzjKrUJU,티 높이 차이로 바뀐 캐리 거리?,2026-04-12T03:00:53Z,77.0,False,15624,128.0,3.0
5810,UCaF15sSaClwGVpz-QV0ZzHw,나연이즈백 LPGA Na Yeon Choi,IMrDl7G67UU,우리 스핀스쿨에서 만나요!⛳,2026-04-13T10:00:34Z,18.0,True,5962,71.0,3.0
5810,UCaF15sSaClwGVpz-QV0ZzHw,나연이즈백 LPGA Na Yeon Choi,0RNOfUrR8rw,[예고] 나랑 라운드 갈래요?,2026-04-15T03:00:01Z,38.0,True,10514,88.0,2.0
5810,UCaF15sSaClwGVpz-QV0ZzHw,나연이즈백 LPGA Na Yeon Choi,zx-t0E0LQQs,170만 명이 시청한 최나연의 그립 잡는 법,2026-04-15T09:21:56Z,60.0,True,42376,440.0,6.0
5810,UCaF15sSaClwGVpz-QV0ZzHw,나연이즈백 LPGA Na Yeon Choi,kikgkSm2nPk,"사인 받으려다 최나연과 라운드?ㅣ어프로치·벙커·구질까지, 필드 레슨 풀버전 [Eng_sub]",2026-04-15T12:01:33Z,1101.0,False,84754,1612.0,121.0
5810,UCaF15sSaClwGVpz-QV0ZzHw,나연이즈백 LPGA Na Yeon Choi,i1CAK_LIDX0,사인 받으러 갔다가 생긴 일ㅋㅋ,2026-04-16T03:00:48Z,41.0,True,61221,222.0,6.0
5810,UCaF15sSaClwGVpz-QV0ZzHw,나연이즈백 LPGA Na Yeon Choi,lQjTxBTxiGA,드로우 치고 싶은 사람 주목,2026-04-17T03:00:46Z,58.0,True,22122,132.0,5.0
5810,UCaF15sSaClwGVpz-QV0ZzHw,나연이즈백 LPGA Na Yeon Choi,lR00uohYjdc,프로는 한국 잔디에서 이렇게 칩니다,2026-04-18T03:00:50Z,88.0,False,29378,210.0,3.0
5810,UCaF15sSaClwGVpz-QV0ZzHw,나연이즈백 LPGA Na Yeon Choi,UeuX0t_rQuQ,벙커샷 종결시키는 2가지 기술,2026-04-19T03:00:35Z,80.0,False,23332,238.0,4.0
5810,UCaF15sSaClwGVpz-QV0ZzHw,나연이즈백 LPGA Na Yeon Choi,2v4Rvzof59E,"최나연과 함께 가는 2026 US 오픈 투어, 단 8분만 모십니다ㅣMoving Day: The US Open Invitational",2026-04-22T12:00:10Z,202.0,False,6773,171.0,40.0
5810,UCaF15sSaClwGVpz-QV0ZzHw,나연이즈백 LPGA Na Yeon Choi,SUbqdYrMNv4,최나연 프로가 LA에서 준비한 깜짝 프로젝트,2026-04-23T03:00:26Z,176.0,False,21342,619.0,16.0
5810,UCaF15sSaClwGVpz-QV0ZzHw,나연이즈백 LPGA Na Yeon Choi,icvywyHnFjg,"[예고] 미모에 속지 마세요, 실력은 더 살벌한 미녀 골퍼 4인방의 필드 나들이",2026-04-29T03:00:47Z,40.0,True,9400,62.0,2.0
5810,UCaF15sSaClwGVpz-QV0ZzHw,나연이즈백 LPGA Na Yeon Choi,FVEuktbltTY,[구독자 이벤트🎁] 최나연·김다나 vs 김하늘·윤채영ㅣ은퇴 골퍼 4인방의 필드 나들이 1편,2026-04-29T12:00:25Z,906.0,False,102920,1362.0,307.0
5810,UCaF15sSaClwGVpz-QV0ZzHw,나연이즈백 LPGA Na Yeon Choi,alOZgFMZxMk,US 오픈 챔피언이랑 팀 하면 생기는 일,2026-04-30T03:00:01Z,63.0,False,15961,87.0,2.0
5810,UCaF15sSaClwGVpz-QV0ZzHw,나연이즈백 LPGA Na Yeon Choi,sl-PqZww848,"""나도 알아, 근데 안 돼..."" 은퇴한 프로가 필드에서 멘붕 온 사연",2026-05-01T03:01:04Z,61.0,False,14789,75.0,2.0
5810,UCaF15sSaClwGVpz-QV0ZzHw,나연이즈백 LPGA Na Yeon Choi,wUmFHPpzwZg,윤채영 맞춤 최나연의 원포인트 레슨 (반전 주의),2026-05-02T03:00:58Z,23.0,True,11811,67.0,2.0
5810,UCaF15sSaClwGVpz-QV0ZzHw,나연이즈백 LPGA Na Yeon Choi,Bq5ukfLWGEc,은퇴했다며..? 3명 연속 버디 꽂아버리는 누나들의 미친 클래스,2026-05-03T03:00:10Z,40.0,True,12063,89.0,1.0
5810,UCaF15sSaClwGVpz-QV0ZzHw,나연이즈백 LPGA Na Yeon Choi,A5tLNGArcX0,[예고] 미녀(?) 골퍼 4인방의 살벌한 팀 매치 후반전!,2026-05-06T03:00:09Z,36.0,True,2776,23.0,3.0
5810,UCaF15sSaClwGVpz-QV0ZzHw,나연이즈백 LPGA Na Yeon Choi,ayQl0b6aqjc,최나연 김다나 VS 김하늘 윤채영 2:2 팀매치 결말ㅣ은퇴 골퍼 4인방의 필드 나들이 2편,2026-05-06T12:00:04Z,790.0,False,28943,514.0,25.0
5810,UCaF15sSaClwGVpz-QV0ZzHw,나연이즈백 LPGA Na Yeon Choi,NMWhQpKX56U,최나연 프로가 퍼트 전 확신을 가져야 하는 이유,2026-05-07T03:00:33Z,43.0,True,10473,49.0,2.0
5810,UCaF15sSaClwGVpz-QV0ZzHw,나연이즈백 LPGA Na Yeon Choi,lC07B-lnVHE,"99%가 실수하는 '잔디 없는 라이' 어프로치, 이 방법이면 끝!",2026-05-08T03:00:49Z,85.0,False,6414,84.0,1.0
5810,UCaF15sSaClwGVpz-QV0ZzHw,나연이즈백 LPGA Na Yeon Choi,XHWg4yCtn8c,1년 만에 각박해진 레전드들의 버디 찬스,2026-05-09T03:00:38Z,27.0,True,16438,60.0,3.0
5810,UCaF15sSaClwGVpz-QV0ZzHw,나연이즈백 LPGA Na Yeon Choi,418YWzyN2EI,마지막 퍼트 실화냐… 극적 반전을 만든 한 방,2026-05-10T03:00:04Z,30.0,True,6153,36.0,0.0
5810,UCaF15sSaClwGVpz-QV0ZzHw,나연이즈백 LPGA Na Yeon Choi,1RNBhmy9Eng,[예고]최나연 프로가 작정하고 공개하는 '필드 위기 탈출' 엑기스 모음,2026-05-13T03:00:01Z,25.0,True,8525,53.0,0.0
5810,UCaF15sSaClwGVpz-QV0ZzHw,나연이즈백 LPGA Na Yeon Choi,PCHX6IZ4BvA,아마추어들이 가장 어려워하는 실전 상황 모음ㅣ최나연의 필드 레슨 하이라이트 [Eng_sub],2026-05-13T12:00:47Z,1305.0,False,8073,172.0,11.0
5810,UCaF15sSaClwGVpz-QV0ZzHw,나연이즈백 LPGA Na Yeon Choi,UBRe58vICnA,긴 러프에서 뒤땅 안 치는 어프로치 치트키,2026-05-14T03:00:33Z,59.0,True,16007,85.0,0.0
5810,UCaF15sSaClwGVpz-QV0ZzHw,나연이즈백 LPGA Na Yeon Choi,ZLeGZp1Yt-0,브레이크 무조건 더 봐야 하는 이유,2026-05-15T03:00:34Z,57.0,True,5671,45.0,0.0
5810,UCaF15sSaClwGVpz-QV0ZzHw,나연이즈백 LPGA Na Yeon Choi,uOrAv_Dcx88,최나연의 역결 탈출 공식,2026-05-16T03:00:52Z,86.0,False,5356,67.0,1.0
5810,UCaF15sSaClwGVpz-QV0ZzHw,나연이즈백 LPGA Na Yeon Choi,6_Xaw2P5agA,"자신 있는 52도 vs 상황에 맞는 58도, 당신의 선택은?",2026-05-17T03:00:09Z,122.0,False,2208,23.0,0.0
5811,UCR6KxFzwY0D8-lhcUns-Y5w,이은지,7gpzJ-ZT2vY,"이은지 잡도리의 시작 ""디마 집합"" (feat. 핫소스, 소풍족, 크크오톡)ㅣ은지랑 사교클럽 dima 편",2025-12-16T10:28:20Z,2346.0,False,272910,3165.0,300.0
5811,UCR6KxFzwY0D8-lhcUns-Y5w,이은지,C_feu_yWPI8,대학 후배 기강 잡는 이은지 #이은지 #fm #shorts,2025-12-17T04:00:11Z,80.0,False,112487,852.0,7.0
5811,UCR6KxFzwY0D8-lhcUns-Y5w,이은지,P49mfomQ2EQ,후배 키스 직관한 사람 손? #이은지 #CC #shorts,2025-12-17T04:00:33Z,57.0,True,12752,54.0,0.0
5811,UCR6KxFzwY0D8-lhcUns-Y5w,이은지,_mSsMykCn1I,쉽지 않다 디마인.. #이은지 #디마 #shorts,2025-12-17T04:00:42Z,32.0,True,46111,225.0,13.0
5811,UCR6KxFzwY0D8-lhcUns-Y5w,이은지,KUAGIKHlmeA,독사 선배님 시청 금지 #이은지 #디마 #shorts,2025-12-17T04:04:10Z,93.0,False,18145,141.0,5.0
5811,UCR6KxFzwY0D8-lhcUns-Y5w,이은지,LTBWJEMitjA,*필수 시청* 임산부의 모든 것을 알려주는 이은지의 출산 준비(?) 브이로그👶(feat. 개그우먼 김명선)  l 이은지 임신 도우미의 신,2025-12-24T10:00:40Z,1266.0,False,57075,777.0,48.0
5811,UCR6KxFzwY0D8-lhcUns-Y5w,이은지,AoMA2Bp0--E,아무튼 엄마만 신나면 OK(?) #이은지 #출산 #shorts,2025-12-25T04:00:10Z,33.0,True,16832,80.0,1.0
5811,UCR6KxFzwY0D8-lhcUns-Y5w,이은지,Qal2Ta5XIBI,추억의 출산드라 아는 사람?  #이은지 #출산 #shorts,2025-12-25T04:00:23Z,49.0,True,13904,63.0,1.0
5811,UCR6KxFzwY0D8-lhcUns-Y5w,이은지,OGj3Tki25gw,태교도 개그 프로그램으로 바뀌는 마법 #이은지 #출산 #shorts,2025-12-25T04:00:25Z,44.0,True,18843,120.0,3.0
5811,UCR6KxFzwY0D8-lhcUns-Y5w,이은지,c1TrkYeMlPw,임신해도 참을 수 없는 흥 부자 #이은지 #출산 #shorts,2025-12-25T04:00:42Z,35.0,True,22186,145.0,0.0
5811,UCR6KxFzwY0D8-lhcUns-Y5w,이은지,bCwL0GalD7A,상상만 해도 윽..😢#이은지 #출산 #shorts,2025-12-25T04:00:45Z,30.0,True,44355,213.0,3.0
5811,UCR6KxFzwY0D8-lhcUns-Y5w,이은지,Ev8t32zMWoo,[ENG] 지코의 인생 첫 낮술이 이은지랑 한남동에서 치맥이라니..🤭(feat. 크러쉬 깜짝 등?장) | 이은지 낮술의 신2,2025-12-30T10:31:27Z,1314.0,False,302964,3953.0,242.0
5811,UCR6KxFzwY0D8-lhcUns-Y5w,이은지,BBJ0QVkPxzE,그시절 듀엣곡 원탑 #이은지 #지코 #shorts,2025-12-31T04:00:17Z,31.0,True,11588,64.0,0.0
5811,UCR6KxFzwY0D8-lhcUns-Y5w,이은지,Jl3C5ZMmOyA,너도 디마였니..? #이은지 #지코 #shorts,2025-12-31T04:00:18Z,43.0,True,5402005,49866.0,622.0
5811,UCR6KxFzwY0D8-lhcUns-Y5w,이은지,VJtGgtSWtYE,제니 노래 뺏으려다 들킨 김용명 #이은지 #지코 #shorts,2025-12-31T04:00:27Z,22.0,True,135262,671.0,10.0
5811,UCR6KxFzwY0D8-lhcUns-Y5w,이은지,UXD3ttkIw7I,지야 코야 오늘부터 친구 1일~ #이은지 #지코 #shorts,2025-12-31T04:00:28Z,37.0,True,52330,294.0,2.0
5811,UCR6KxFzwY0D8-lhcUns-Y5w,이은지,b29fulM4y_Y,아직 늦지 않았습니다 #이은지 #맥주챌린지 #shorts,2025-12-31T04:00:42Z,30.0,True,76793,566.0,4.0
5811,UCR6KxFzwY0D8-lhcUns-Y5w,이은지,gusaCVgeLVc,저희는 준비됐습니다(결연) #이은지 #지코 #shorts,2025-12-31T04:00:44Z,61.0,False,53082,473.0,9.0
5811,UCR6KxFzwY0D8-lhcUns-Y5w,이은지,szu0DOQOvrc,"[ENG] 맨날 막춤만 추던 이은지, 다시 춤도 배워보고 새친구도 만들어봤습니다💃 (feat. 길은지) | 쌩초면이지만 토크 괜찮은지 EP.12 댄스 모임",2026-01-06T10:01:28Z,1586.0,False,74017,995.0,64.0
5811,UCR6KxFzwY0D8-lhcUns-Y5w,이은지,1FwtXF62uBQ,Chitty Chitty Bang Bang 챌린지 #이은지 #challenge #shorts,2026-01-07T04:00:02Z,45.0,True,64910,608.0,10.0
5811,UCR6KxFzwY0D8-lhcUns-Y5w,이은지,5WTl2uGlxhY,끌려나간 감독님 #이은지 #dance #shorts,2026-01-07T04:00:10Z,32.0,True,26825,170.0,1.0
5811,UCR6KxFzwY0D8-lhcUns-Y5w,이은지,I9coArPZfs4,샤워 논쟁 #이은지 #dance #shorts,2026-01-07T04:00:17Z,54.0,True,13412,112.0,2.0
5811,UCR6KxFzwY0D8-lhcUns-Y5w,이은지,pXEdkyAbMuQ,진짜 이런다고요?? #이은지 #dance #shorts,2026-01-07T04:00:50Z,23.0,True,13598,87.0,1.0
5811,UCR6KxFzwY0D8-lhcUns-Y5w,이은지,d10Y92gdPTE,역대급 텐션 #이은지 #dance #shorts,2026-01-08T09:25:35Z,43.0,True,21011,111.0,1.0
5811,UCR6KxFzwY0D8-lhcUns-Y5w,이은지,AnfG4d9SFx8,효리 언니 보고 있나? #이은지 #dance #shorts,2026-01-08T09:26:56Z,32.0,True,33448,210.0,2.0
5811,UCR6KxFzwY0D8-lhcUns-Y5w,이은지,7FOewNF1oYw,정품 맥주 아이솔레이션 챌린지 #이은지 #challenge #shorts,2026-01-08T09:28:46Z,9.0,True,18729,159.0,3.0
5811,UCR6KxFzwY0D8-lhcUns-Y5w,이은지,y5iDj9j7xCU,[미공개 영상] 싱숭생숭 챌린지 (막춤ver.) #이은지 #challenge #shorts,2026-01-08T09:33:29Z,19.0,True,80778,476.0,2.0
5811,UCR6KxFzwY0D8-lhcUns-Y5w,이은지,2nxPdStxqJc,"PC방에서 게임하다가 실시간으로 잼민이(?)가 되어가는 이은지..😅(feat. 오버워치, 데이브 더 다이버, 먹방) l 이은지 게임의 신",2026-01-13T10:00:08Z,842.0,False,116465,1958.0,268.0
5811,UCR6KxFzwY0D8-lhcUns-Y5w,이은지,4UOSlMHn7BU,PC방에 가면 한 명쯤 있을 것 같음;; #이은지 #브이로그 #shorts,2026-01-14T04:00:08Z,35.0,True,10711,85.0,3.0
5811,UCR6KxFzwY0D8-lhcUns-Y5w,이은지,bnyKFNBO6xg,게임 속에 빨려 들어갈 기세 #이은지 #브이로그 #shorts,2026-01-14T04:00:42Z,55.0,True,28030,189.0,5.0
5811,UCR6KxFzwY0D8-lhcUns-Y5w,이은지,poTACR7r9Ug,조금 무서울지도..(?) #이은지 #브이로그 #shorts,2026-01-14T04:00:49Z,60.0,True,22129,262.0,9.0
5811,UCR6KxFzwY0D8-lhcUns-Y5w,이은지,phTocxXygBk,다들 이런 적 있다 ㅇㅈ? #이은지 #브이로그 #shorts,2026-01-14T04:00:58Z,31.0,True,530218,2719.0,42.0
5811,UCR6KxFzwY0D8-lhcUns-Y5w,이은지,y076VXWE0HQ,"마라톤 하프 완주 후, 러너로 거듭난 이은지의 한강부터 시티런까지 러닝 후 먹방🏃‍♀️ (feat. 김승진, 남태령) | 이은지 동계 러닝의 신",2026-01-20T10:01:29Z,1078.0,False,81014,890.0,83.0
5811,UCR6KxFzwY0D8-lhcUns-Y5w,이은지,-nIp4b386fE,이 시대의 명언가 #이은지 #러닝 #shorts,2026-01-21T04:00:00Z,49.0,True,8233,54.0,1.0
5811,UCR6KxFzwY0D8-lhcUns-Y5w,이은지,SAiI-Sm1jfE,릴스에 많이 뜰 예정(아마도) #이은지 #브이로그 #shorts,2026-01-21T04:00:34Z,44.0,True,84159,763.0,9.0
5811,UCR6KxFzwY0D8-lhcUns-Y5w,이은지,sRtVPLkfi5Y,일단 그냥 힘들어요 #이은지 #러닝 #shorts,2026-01-21T04:00:45Z,71.0,False,21713,146.0,4.0
5811,UCR6KxFzwY0D8-lhcUns-Y5w,이은지,mOjFQuk2o3M,다른 남자 얘기 금지 #이은지 #브이로그 #shorts,2026-01-21T04:00:46Z,58.0,True,27338,275.0,13.0
5811,UCR6KxFzwY0D8-lhcUns-Y5w,이은지,GFmBYYzaD7s,세상 짠해진 윙대장 #이은지 #스윙스 #shorts,2026-05-01T09:00:31Z,79.0,False,15351,143.0,10.0
5811,UCR6KxFzwY0D8-lhcUns-Y5w,이은지,fg1luBHSE98,대참사 #이은지 #미미 #김대호 #shorts,2026-05-01T09:05:01Z,45.0,True,23566,187.0,9.0
5811,UCR6KxFzwY0D8-lhcUns-Y5w,이은지,k_TmzKISMkw,내향인 지옥 #이은지 #스윙스 #shorts,2026-05-02T09:01:03Z,50.0,True,29546,271.0,13.0
5811,UCR6KxFzwY0D8-lhcUns-Y5w,이은지,YIs_oUmakzo,"모르는 여자에게 5천만 원 뜯긴 스윙스 썰 (feat.이은지, 미미, 김대호) ｜ [무대포 ep.01]",2026-05-07T10:01:00Z,2017.0,False,253301,2717.0,394.0
5811,UCR6KxFzwY0D8-lhcUns-Y5w,이은지,8E1CSX7SbcY,이쯤되면 혼자가 편해... #이은지 #김대호 #미미 #shorts,2026-05-08T09:00:25Z,62.0,False,27692,148.0,3.0
5811,UCR6KxFzwY0D8-lhcUns-Y5w,이은지,mXOF0sQNXgk,사는 거 다 똑같..진 않음 #이은지 #스윙스 #shorts,2026-05-08T09:01:09Z,97.0,False,17860,92.0,2.0
5811,UCR6KxFzwY0D8-lhcUns-Y5w,이은지,6AEZyItKeyA,각자 상황에 맞게(중요) #이은지 #스윙스 #shorts,2026-05-09T09:00:13Z,86.0,False,8660,50.0,2.0
5811,UCR6KxFzwY0D8-lhcUns-Y5w,이은지,bNWFv41DeZc,ㄹㅇ 1등 신랑감임 #이은지 #김대호 #shorts,2026-05-09T09:00:58Z,90.0,False,14292,95.0,4.0
5811,UCR6KxFzwY0D8-lhcUns-Y5w,이은지,iG_hRIXU1rs,"??? : 제 추구미는 위장 여사친입니다 (feat.이은지, 비비, 짐미조, 허구봉) ｜ [무대포 ep.02]",2026-05-14T10:01:04Z,1723.0,False,118833,1401.0,128.0
5811,UCR6KxFzwY0D8-lhcUns-Y5w,이은지,vhft5CleLSA,보고 있니 찐 사랑이었다  #이은지 #허구봉 #shorts,2026-05-15T09:01:16Z,41.0,True,5395,31.0,0.0
5811,UCR6KxFzwY0D8-lhcUns-Y5w,이은지,JuCzcPgQzn8,이상형이 만백스물한개 #이은지 #비비 #트레저 #shorts,2026-05-15T11:00:28Z,68.0,False,10287,102.0,2.0
5811,UCR6KxFzwY0D8-lhcUns-Y5w,이은지,iPiVHGRWAPc,눈치 챙겨라 #이은지 #비비 #shorts,2026-05-16T09:01:02Z,38.0,True,7482,50.0,1.0
5811,UCR6KxFzwY0D8-lhcUns-Y5w,이은지,3ncBP-v7MPM,우리 아빠가 아닐지도 몰라ㅠ  #이은지 #비비 #shorts,2026-05-16T11:00:08Z,67.0,False,11784,87.0,0.0
5812,UCpytJcJAaNmU_KK8B9IBaeg,김동우,Kmro15Guac4,aespa & BLACKPINK - Girls X Pink Venom,2022-08-20T14:57:59Z,202.0,False,116433,,345.0
5812,UCpytJcJAaNmU_KK8B9IBaeg,김동우,6WLEbOdyhQ0,SF9 & Heize - Tear Drop X 없었던 일로 (Undo),2022-08-20T21:21:10Z,186.0,False,10261,,27.0
5812,UCpytJcJAaNmU_KK8B9IBaeg,김동우,WMMaAAjEF0E,NewJeans - Hype Boy (Red Velvet / BAMBOLEO ver.),2022-08-21T18:51:09Z,100.0,False,78526,,106.0
5812,UCpytJcJAaNmU_KK8B9IBaeg,김동우,kB5I2bjnreM,Dreamcatcher & IVE - Scream X My Satisfaction,2022-08-22T12:47:07Z,205.0,False,20855,,59.0
5812,UCpytJcJAaNmU_KK8B9IBaeg,김동우,zkbyc_aXrBA,TWICE & LUNA - Trouble X Free Somebody,2022-08-27T11:50:32Z,247.0,False,12637,,19.0
5812,UCpytJcJAaNmU_KK8B9IBaeg,김동우,qJ0mkr_XOz4,NMIXX - Kiss (Original Ver.) 원곡 버전,2022-08-29T14:57:48Z,190.0,False,28006,,32.0
5812,UCpytJcJAaNmU_KK8B9IBaeg,김동우,89vL9Art7Y0,BLACKPINK - Shut Down | Nightmare Ver.,2022-09-25T18:22:07Z,105.0,False,17725,,34.0
5812,UCpytJcJAaNmU_KK8B9IBaeg,김동우,_LZjzfyUY34,NMIXX & DKZ & f(x) - DICE X 호랑이가 쫓아온다 (Uh-Heung) X Electric Shock,2022-10-15T18:12:20Z,221.0,False,21862,,52.0
5812,UCpytJcJAaNmU_KK8B9IBaeg,김동우,gzFjyT6C_4g,KARA - 루팡 (Lupin) X 판도라 (PANDORA),2022-12-04T18:32:23Z,204.0,False,19031,,45.0
5812,UCpytJcJAaNmU_KK8B9IBaeg,김동우,h24alc2832c,무한꾸꾸꾸구,2023-01-17T21:00:43Z,211.0,False,29054,,63.0
5812,UCpytJcJAaNmU_KK8B9IBaeg,김동우,tvMov8lZVxI,권은비(KWON EUN BI) - Underwater (KARA / Mamma Mia ver.),2023-01-25T06:20:09Z,201.0,False,25699,,31.0
5812,UCpytJcJAaNmU_KK8B9IBaeg,김동우,_REVle4DLBg,STAYC & TXT - POPPY X Sugar Rush Ride,2023-02-04T11:08:25Z,156.0,False,169866,,269.0
5812,UCpytJcJAaNmU_KK8B9IBaeg,김동우,IoF8lQXl0t8,aespa - Salty & Sweet (Red Velvet / BYE BYE ver.),2023-05-14T16:38:54Z,181.0,False,19058,,32.0
5812,UCpytJcJAaNmU_KK8B9IBaeg,김동우,Qt_BWbT04DA,GLITCH QUEENCARD,2023-05-16T22:38:57Z,46.0,True,19200,,38.0
5812,UCpytJcJAaNmU_KK8B9IBaeg,김동우,EVX-LTzDlFU,GFRIEND (여자친구) - 우리의 다정한 계절 속에 (IZ*ONE / FIESTA ver.),2025-01-21T05:07:45Z,187.0,False,7644,,34.0
5812,UCpytJcJAaNmU_KK8B9IBaeg,김동우,pInlPe3tkcM,LE SSERAFIM & ICHILLIN' - CRAZY X Official,2025-02-20T11:48:05Z,185.0,False,3867,,21.0
5812,UCpytJcJAaNmU_KK8B9IBaeg,김동우,dZ5kHt0KzVQ,DRIP X Midas Touch (Inst.),2025-02-27T15:33:31Z,183.0,False,5267,,18.0
5812,UCpytJcJAaNmU_KK8B9IBaeg,김동우,TnsVAxxmEXw,YEJI & JEON SOMI - Air X Fast Forward,2025-03-10T19:53:13Z,192.0,False,6231,,19.0
5812,UCpytJcJAaNmU_KK8B9IBaeg,김동우,h--H-RNDwko,BIG BABY BEBE,2025-03-22T14:50:19Z,199.0,False,6211,,27.0
5812,UCpytJcJAaNmU_KK8B9IBaeg,김동우,AnQ2iNKH-dY,BIG CHIPMUNK BABY,2025-03-22T14:50:22Z,169.0,False,2334,,24.0
5812,UCpytJcJAaNmU_KK8B9IBaeg,김동우,ef22S3yBZkk,NMIXX & LE SSERAFIM - KNOW ABOUT ME X EASY (Drum & Bass Remix),2025-03-24T21:05:52Z,165.0,False,7345,,23.0
5812,UCpytJcJAaNmU_KK8B9IBaeg,김동우,WSXbFMcuXfY,"Girls Never Die X Baby, Not Baby (Inst.)",2025-04-19T14:41:41Z,151.0,False,4380,,12.0
5812,UCpytJcJAaNmU_KK8B9IBaeg,김동우,Y2q9kwuA57o,NCT WISH & NCT DREAM - poppop X BOOM,2025-04-22T06:18:20Z,183.0,False,3882,,15.0
5812,UCpytJcJAaNmU_KK8B9IBaeg,김동우,m5xTvsINtwo,TWS (투어스) - 마음 따라 뛰는 건 멋지지 않아? X 내가 S면 넌 나의 N이 되어줘,2025-04-22T19:02:36Z,182.0,False,17507,,36.0
5812,UCpytJcJAaNmU_KK8B9IBaeg,김동우,E4uVrs_MWjQ,ILLIT & FIFTY FIFTY - Cherish (My Love) X Midnight Special,2025-05-15T17:07:30Z,206.0,False,6495,,17.0
5812,UCpytJcJAaNmU_KK8B9IBaeg,김동우,b_Bx90AVYZw,Your Idol *IVE - HEYA VER.,2025-07-09T23:51:00Z,127.0,False,6250,,18.0
5812,UCpytJcJAaNmU_KK8B9IBaeg,김동우,PVk-4hfIg6s,Golden *TWICE - Feel Special VER.,2025-07-12T08:35:47Z,127.0,False,6093,,20.0
5812,UCpytJcJAaNmU_KK8B9IBaeg,김동우,na4jYghv3UY,NCT WISH - COLOR X Cheat Code,2025-09-15T10:05:07Z,177.0,False,4906,,14.0
5812,UCpytJcJAaNmU_KK8B9IBaeg,김동우,xbXfusiPs2M,귀신텔미,2025-11-06T09:25:05Z,126.0,False,6589,,38.0
5812,UCpytJcJAaNmU_KK8B9IBaeg,김동우,VzmyHN1vftI,KiiiKiii & ILLIT - Delulu X NOT CUTE ANYMORE,2026-02-01T00:55:43Z,129.0,False,3462,,15.0
5812,UCpytJcJAaNmU_KK8B9IBaeg,김동우,v7pgJaX0mDE,404 X Good Thing (Inst.),2026-02-08T02:56:38Z,126.0,False,4076,,11.0
5812,UCpytJcJAaNmU_KK8B9IBaeg,김동우,4Irf1iGD67k,다시 만난 오늘 X Silly Dance (Inst.),2026-02-15T15:12:42Z,168.0,False,2011,,7.0
5812,UCpytJcJAaNmU_KK8B9IBaeg,김동우,fuBWzUP21ww,Hearts2Hearts & YENA - RUDE! X 네모네모 (NEMONEMO),2026-02-21T09:19:35Z,192.0,False,4553,,14.0
5812,UCpytJcJAaNmU_KK8B9IBaeg,김동우,CK2PyT5UTJ0,RUDE! X New Jeans (Inst.),2026-02-21T14:16:03Z,104.0,False,15802,,31.0
5812,UCpytJcJAaNmU_KK8B9IBaeg,김동우,fXIv9xZqzQE,하드털이,2026-02-22T09:16:31Z,953.0,False,3680,,26.0
5812,UCpytJcJAaNmU_KK8B9IBaeg,김동우,s5-XGqERsGQ,비켜,2026-02-24T09:11:51Z,183.0,False,3640,,17.0
5812,UCpytJcJAaNmU_KK8B9IBaeg,김동우,C_2Wc7SPOYc,aespa & EVERGLOW - Drama X CODE,2026-03-07T16:55:29Z,194.0,False,1530,,11.0
5812,UCpytJcJAaNmU_KK8B9IBaeg,김동우,Egw8pj4P1zs,따로 걷자 난 안 궁금해,2026-03-08T12:53:40Z,20.0,True,5217,,24.0
5812,UCpytJcJAaNmU_KK8B9IBaeg,김동우,X3ZL10VXyYo,2NE1 & YENA - CAN'T NOBODY X 캐치 캐치 (Catch Catch),2026-03-12T08:00:07Z,208.0,False,5621,,22.0
5812,UCpytJcJAaNmU_KK8B9IBaeg,김동우,iScOVKBjiK0,ITZY & IVE - THAT'S AN ELEVEN,2026-03-18T09:27:50Z,181.0,False,2438,,7.0
5812,UCpytJcJAaNmU_KK8B9IBaeg,김동우,ymcnqcbI-G0,2NE1 & YENA - GO AWAY X 스티커 (Sticker),2026-03-25T07:08:47Z,218.0,False,1087,,9.0
5812,UCpytJcJAaNmU_KK8B9IBaeg,김동우,MdCDI90MSFI,서인영 (Seo In Young) - Let's Dance X 나를 사랑해줘,2026-03-29T14:43:03Z,218.0,False,1235,,8.0
5812,UCpytJcJAaNmU_KK8B9IBaeg,김동우,XlYzXf9d5pY,HWASA - NA (BIBI / 데레 Derre ver.),2026-04-03T01:16:00Z,142.0,False,1032,,7.0
5812,UCpytJcJAaNmU_KK8B9IBaeg,김동우,kldPGaPAx8Y,CHUNG HA & KISS OF LIFE - I'm Ready X Who is she,2026-04-07T10:28:45Z,194.0,False,1732,,10.0
5812,UCpytJcJAaNmU_KK8B9IBaeg,김동우,5uwZ4RH5SHI,NewJeans - Super Shy (ifeye / Hazy (Daisy) ver.),2026-04-17T13:08:50Z,135.0,False,1185,,5.0
5812,UCpytJcJAaNmU_KK8B9IBaeg,김동우,Rw6450263Ho,TXT - 하루에 하루만 더 (Supreme Team / 그땐 그땐 그땐 ver.),2026-04-19T05:54:18Z,141.0,False,1345,,6.0
5812,UCpytJcJAaNmU_KK8B9IBaeg,김동우,u6HrAH-1h8M,이정현 & 아일릿,2026-04-30T14:05:26Z,181.0,False,4133,,21.0
5812,UCpytJcJAaNmU_KK8B9IBaeg,김동우,KPQOMk_hZRo,YOUNG POSSE & CORTIS & BIGBANG - we don't go to bed tonight X REDRED X FANTASTIC BABY,2026-05-03T07:01:19Z,197.0,False,691,,4.0
5812,UCpytJcJAaNmU_KK8B9IBaeg,김동우,FgcMAmeabyM,"ILLIT - paw, paw! X Magnetic (ft. Love Love Love by Epik High)",2026-05-05T12:56:11Z,152.0,False,1321,,8.0
5812,UCpytJcJAaNmU_KK8B9IBaeg,김동우,32sgxPVq8ik,babymonster_choom_blackpink_jump(inst.)_SUPERMEGAULTRAHYPERFASTVER.mp3,2026-05-08T08:07:03Z,152.0,False,703,,4.0
5813,UCabon80hORhtGhnqClyeixQ,김광연,_-w3SmqK82w,TICK TOCK 마브 파트 아카펠라,2026-03-13T10:07:27Z,28.0,True,18817,348.0,21.0
5813,UCabon80hORhtGhnqClyeixQ,김광연,nf-hRV5_WC8,계단으로 NO BATIDÃO 연주해보기,2026-03-14T08:13:56Z,52.0,True,4227,100.0,17.0
5813,UCabon80hORhtGhnqClyeixQ,김광연,aUBctJ2be6k,보드게임 벌칙으로 강남 한복판에서 NO BATIDÃO 춰보기,2026-03-15T10:23:45Z,31.0,True,21170,540.0,23.0
5813,UCabon80hORhtGhnqClyeixQ,김광연,5oFKjCd1HIg,MONTAGEM RUGADA 치면서 불러보기,2026-03-16T11:08:11Z,48.0,True,8783,178.0,17.0
5813,UCabon80hORhtGhnqClyeixQ,김광연,hTN_ArYuTsM,김하온 - 붕붕 아카펠라,2026-03-17T09:47:16Z,101.0,False,9149,167.0,9.0
5813,UCabon80hORhtGhnqClyeixQ,김광연,K1-olFNeBMY,요즘 인플루언서 컷 낮네요..,2026-03-18T09:20:32Z,50.0,True,23652,570.0,15.0
5813,UCabon80hORhtGhnqClyeixQ,김광연,EC2_OLQDskg,쇼미12 트레이비 2차 아카펠라,2026-03-20T11:31:21Z,52.0,True,13549,376.0,13.0
5813,UCabon80hORhtGhnqClyeixQ,김광연,e01L26K4QWc,동탄에서 히카리 댄스 춰보기,2026-03-21T09:19:40Z,25.0,True,10732,179.0,25.0
5813,UCabon80hORhtGhnqClyeixQ,김광연,rTQmFlG25ac,중국어 펑크 아카펠라,2026-03-23T10:25:43Z,32.0,True,11805,300.0,15.0
5813,UCabon80hORhtGhnqClyeixQ,김광연,M26l3W5p28w,POV: 마감 3시간 전인데 준비 1도 안함;; #광고 #테라박스 #terabox #ai #추천,2026-03-24T10:21:14Z,47.0,True,7404,41.0,10.0
5813,UCabon80hORhtGhnqClyeixQ,김광연,iLf2lxhtB6s,최예나 - 캐치캐치 치면서 춰보기,2026-03-25T10:23:11Z,22.0,True,7847,143.0,11.0
5813,UCabon80hORhtGhnqClyeixQ,김광연,Rm8sDgfvFAs,붐샤카라카 챌린지,2026-03-26T10:58:51Z,23.0,True,32048,418.0,24.0
5813,UCabon80hORhtGhnqClyeixQ,김광연,lLvN0BcinNo,쇼미12 저스디스 피처링 아카펠라,2026-03-27T10:30:25Z,42.0,True,10345,145.0,9.0
5813,UCabon80hORhtGhnqClyeixQ,김광연,Qb46kHjvVrE,희망사항 아카펠라,2026-03-28T09:55:25Z,39.0,True,3494,58.0,4.0
5813,UCabon80hORhtGhnqClyeixQ,김광연,yWcxyfIxX9U,붐샤카라카 챌린지 농구버전,2026-03-29T10:33:41Z,18.0,True,11860,136.0,8.0
5813,UCabon80hORhtGhnqClyeixQ,김광연,7V5TEEkGBqQ,비상사태 아카펠라,2026-03-31T09:59:47Z,59.0,True,4767,68.0,10.0
5813,UCabon80hORhtGhnqClyeixQ,김광연,KhrIXBfvyH8,구라쳐보기,2026-04-01T11:00:45Z,139.0,False,1383,54.0,10.0
5813,UCabon80hORhtGhnqClyeixQ,김광연,ifO4BKwqo9g,길거리피아노 탐방 시작합니다 + 9살과의 피아노 배틀 | EP.1 노들섬,2026-04-02T09:35:12Z,2001.0,False,2692,98.0,32.0
5813,UCabon80hORhtGhnqClyeixQ,김광연,61U5cyhCnNk,이게 9살 실력이라고?,2026-04-03T10:41:40Z,93.0,False,8214,132.0,10.0
5813,UCabon80hORhtGhnqClyeixQ,김광연,XuUKkS62oJQ,김하온 고등래퍼2 싸이퍼 아카펠라,2026-04-03T13:12:00Z,58.0,True,6504,100.0,4.0
5813,UCabon80hORhtGhnqClyeixQ,김광연,DFBX3lL74iU,글램핑가서 NO BATIDÃO 춰보기,2026-04-04T09:57:09Z,32.0,True,19868,305.0,19.0
5813,UCabon80hORhtGhnqClyeixQ,김광연,Osfeb9zyteQ,눈 가리고 밥솥 옮기기,2026-04-05T11:03:43Z,11.0,True,41091,165.0,11.0
5813,UCabon80hORhtGhnqClyeixQ,김광연,kOyaEYSeqWU,턱걸이,2026-04-06T10:37:50Z,18.0,True,8011,99.0,
5813,UCabon80hORhtGhnqClyeixQ,김광연,wTSoK7qOJxA,"김하온, 이병재 - 바코드 아카펠라",2026-04-07T09:35:03Z,57.0,True,6941,110.0,8.0
5813,UCabon80hORhtGhnqClyeixQ,김광연,OSPneXpPkhA,슬릭컷하고 슬릭백 춰보기,2026-04-08T10:13:36Z,20.0,True,6079,78.0,6.0
5813,UCabon80hORhtGhnqClyeixQ,김광연,Z7GGSczkx4s,귀엽기만 하면 안 되나요 아카펠라,2026-04-09T10:00:08Z,40.0,True,5166,78.0,4.0
5813,UCabon80hORhtGhnqClyeixQ,김광연,cn5_LDVaafQ,길거리에서 피아노 치면 생기는 일 | EP.2 광화문,2026-04-10T10:48:41Z,978.0,False,3812,103.0,17.0
5813,UCabon80hORhtGhnqClyeixQ,김광연,4e_gCzrklAI,길거리에서 피아노 치면 생기는 일,2026-04-10T13:46:23Z,58.0,True,7428,97.0,4.0
5813,UCabon80hORhtGhnqClyeixQ,김광연,dp6GGQ1hl2M,길거리에서 캐치캐치 춰보기,2026-04-13T10:12:35Z,19.0,True,11918,146.0,13.0
5813,UCabon80hORhtGhnqClyeixQ,김광연,W_TG5WRaloE,Bang Bang 아카펠라,2026-04-14T11:08:52Z,35.0,True,6828,97.0,9.0
5813,UCabon80hORhtGhnqClyeixQ,김광연,Jz0dqDmsa3I,Two 춰보기,2026-04-15T10:46:47Z,10.0,True,206785,1428.0,74.0
5813,UCabon80hORhtGhnqClyeixQ,김광연,eG8ORX_hFu0,천개의 바람이 되어,2026-04-16T09:37:54Z,86.0,False,6983,144.0,8.0
5813,UCabon80hORhtGhnqClyeixQ,김광연,3m1onzaIw0E,한로로말할수없는비밀강남스타일,2026-04-20T11:03:50Z,32.0,True,7241,104.0,9.0
5813,UCabon80hORhtGhnqClyeixQ,김광연,-KgNYWV6crQ,한로로트럼펫강남스타일,2026-04-21T10:49:19Z,32.0,True,6575,110.0,7.0
5813,UCabon80hORhtGhnqClyeixQ,김광연,MK2ZUCJN1Os,한로로피아노강남스타일,2026-04-22T10:07:59Z,32.0,True,10013,153.0,13.0
5813,UCabon80hORhtGhnqClyeixQ,김광연,1oVysY8vhP8,한로로유포늄강남스타일,2026-04-23T10:05:35Z,32.0,True,8816,93.0,5.0
5813,UCabon80hORhtGhnqClyeixQ,김광연,GTCcAJ6maNE,한로로강남스타일치면서춰보기,2026-04-24T10:13:05Z,32.0,True,6579,93.0,10.0
5813,UCabon80hORhtGhnqClyeixQ,김광연,i39rmlpGOBk,한로로강남스타일치면서불러보기,2026-04-25T11:39:45Z,32.0,True,18048,262.0,15.0
5813,UCabon80hORhtGhnqClyeixQ,김광연,uIna7B6GOPY,여자앞에서한로로강남스타일불러보기,2026-04-26T09:24:35Z,32.0,True,7526,102.0,18.0
5813,UCabon80hORhtGhnqClyeixQ,김광연,ox-qno8tKPA,러닝머신 위에서 달리면서 피아노치기,2026-04-27T10:15:28Z,32.0,True,6570,172.0,17.0
5813,UCabon80hORhtGhnqClyeixQ,김광연,ceX1mxYtF_I,한로로강남스타일아카펠라,2026-04-28T11:10:14Z,32.0,True,23342,505.0,21.0
5813,UCabon80hORhtGhnqClyeixQ,김광연,F5uzptuQlvg,한로로강남스타일합주,2026-04-29T10:16:01Z,31.0,True,9835,296.0,13.0
5813,UCabon80hORhtGhnqClyeixQ,김광연,3oPzMapyVp4,지치고 병든 나,2026-05-04T10:37:56Z,11.0,True,16583,189.0,8.0
5813,UCabon80hORhtGhnqClyeixQ,김광연,k8yVoEo6Xbg,이 남자는 무료로 해줍니다 | EP.3 DDP,2026-05-05T12:39:03Z,1845.0,False,2981,113.0,25.0
5813,UCabon80hORhtGhnqClyeixQ,김광연,k6JuCEYzje0,라일락 인트로 쳐보기,2026-05-07T11:26:18Z,28.0,True,2893,72.0,14.0
5813,UCabon80hORhtGhnqClyeixQ,김광연,cW9kD7U2yIA,꼬마선장 치면서 춰보기,2026-05-08T10:20:27Z,44.0,True,1935,62.0,6.0
5813,UCabon80hORhtGhnqClyeixQ,김광연,ULsIU6huSJE,모시모시 트럼펫,2026-05-12T10:21:28Z,24.0,True,12791,289.0,13.0
5813,UCabon80hORhtGhnqClyeixQ,김광연,a_ZXvtvQHyg,트럼펫의 낙원,2026-05-13T10:53:25Z,23.0,True,3423,75.0,13.0
5813,UCabon80hORhtGhnqClyeixQ,김광연,jL-41tvoQB4,햄버거 먹방,2026-05-13T13:52:41Z,,False,0,0.0,0.0
5813,UCabon80hORhtGhnqClyeixQ,김광연,TBBMub4OiPY,모시모시 불면서 쳐보기,2026-05-14T10:05:13Z,36.0,True,2291,50.0,9.0
5814,UCFznPlqnBtRKQhtkm6GGoRQ,달팽이주식,fGBnGoJChcI,SK하이닉스보다 삼성전자 주식을 사야하는 이유 (ft.8만원찍고 10만원 가자!),2024-06-14T07:46:01Z,674.0,False,41447,1693.0,67.0
5814,UCFznPlqnBtRKQhtkm6GGoRQ,달팽이주식,ukx1ZXJzN_Q,세금이 생각보다... 평범한 직장인이 월200만원 배당을 만들기까지,2024-07-05T08:58:39Z,796.0,False,275817,4456.0,166.0
5814,UCFznPlqnBtRKQhtkm6GGoRQ,달팽이주식,RnJMtvASnsk,장기투자를 시작하고 4억이 늘었습니다 ( 미국주식은 선택아닌 필수! ),2024-07-15T09:20:06Z,601.0,False,59343,2387.0,76.0
5814,UCFznPlqnBtRKQhtkm6GGoRQ,달팽이주식,zdDTz-FhnyE,배당 2천 돌파 후 생각보다 세금이... 모두 이렇게 절세하세요!,2024-08-07T04:55:40Z,988.0,False,98749,2213.0,120.0
5814,UCFznPlqnBtRKQhtkm6GGoRQ,달팽이주식,gQqz980RPNk,금리인하 시간이 왔습니다. 부자될 기회도 같이 왔습니다.,2024-09-02T23:04:44Z,642.0,False,42000,1935.0,80.0
5814,UCFznPlqnBtRKQhtkm6GGoRQ,달팽이주식,_yvO9iDhUqg,현재 삼성전자 주식이 개잡주인 이유 (실제 장기투자자),2024-11-04T09:10:41Z,878.0,False,60238,2389.0,137.0
5814,UCFznPlqnBtRKQhtkm6GGoRQ,달팽이주식,8ntEWUHs3YA,"삼성전자 주식, 더 하락할 수 있습니다 (삼성주주,저가매수 대기자 필수시청!)",2024-11-13T03:33:48Z,734.0,False,54499,2056.0,219.0
5814,UCFznPlqnBtRKQhtkm6GGoRQ,달팽이주식,iFRYqwNf_yI,삼성전자 저는 결국... (5년에 1억모으기 시작합니다!),2024-11-15T06:52:12Z,702.0,False,64534,2390.0,174.0
5814,UCFznPlqnBtRKQhtkm6GGoRQ,달팽이주식,phW0j1YvOsg,매달 50~100만원씩 사면 이런일이 벌어집니다. (직장인도 경제적자유 가능),2024-11-26T09:21:27Z,973.0,False,81390,1837.0,53.0
5814,UCFznPlqnBtRKQhtkm6GGoRQ,달팽이주식,-KQ3z8Xvk8s,"폭락한 삼성전자, 조금은 바뀌려나 봅니다. (삼성전자 주가 전망)",2024-12-10T05:56:17Z,774.0,False,32040,1424.0,43.0
5814,UCFznPlqnBtRKQhtkm6GGoRQ,달팽이주식,pgWHnTApH8U,7일안에 꼭 한번 주식을 매도하세요 (눈뜨고 코베이지 마세요!),2024-12-18T06:09:16Z,698.0,False,63963,1762.0,172.0
5814,UCFznPlqnBtRKQhtkm6GGoRQ,달팽이주식,25bnFA_PmTk,다가오는 2025년.. 지금이라도 현금 만들어두세요!,2024-12-30T05:57:05Z,768.0,False,106349,2710.0,133.0
5814,UCFznPlqnBtRKQhtkm6GGoRQ,달팽이주식,48es4gc1tdw,들려오는 경고들과 그래도 사야만하는 이유,2025-01-08T04:05:41Z,810.0,False,38164,1347.0,57.0
5814,UCFznPlqnBtRKQhtkm6GGoRQ,달팽이주식,FsrnQW4bskE,"""떠버렸다 경고신호..."" 미리 알고 대응해두세요!",2025-01-13T08:18:20Z,687.0,False,92614,2806.0,128.0
5814,UCFznPlqnBtRKQhtkm6GGoRQ,달팽이주식,n8VebqKTVFc,"숨만 쉬어도 月 260만원, 포트폴리오 공개합니다 (월 50만원만 만들어내시면 됩니다)",2025-01-23T07:49:45Z,726.0,False,640802,10237.0,430.0
5814,UCFznPlqnBtRKQhtkm6GGoRQ,달팽이주식,kkMVt2IapR4,믿었던 절세계좌들이 이젠 달라집니다... 산통 다 깨지네요 (짜증주의),2025-02-04T21:30:08Z,673.0,False,52393,1674.0,254.0
5814,UCFznPlqnBtRKQhtkm6GGoRQ,달팽이주식,cSvKXjop8i8,미국주식 한다면 무조건 사야할 주식 (남은 현금으로 투자하기도 좋네요),2025-02-18T08:25:34Z,637.0,False,101557,2019.0,49.0
5814,UCFznPlqnBtRKQhtkm6GGoRQ,달팽이주식,Ormmk1OPDUY,배당투자로 4억 모으고 느끼게 된 사실들 (배당주투자 4억 달성 경험담),2025-02-26T08:51:35Z,671.0,False,420314,5325.0,495.0
5814,UCFznPlqnBtRKQhtkm6GGoRQ,달팽이주식,qGqIr2CxhgI,배당주 투자 0원에서 4000만원 받기까지의 기록과 여정 (SCHD 7억 투자자),2025-03-10T06:17:05Z,657.0,False,98062,1982.0,91.0
5814,UCFznPlqnBtRKQhtkm6GGoRQ,달팽이주식,SbYki6lK3jA,몇 년 만에 온 기회입니다. '이렇게' 자산 늘리세요! (매수인증),2025-03-25T23:48:57Z,610.0,False,111545,2926.0,108.0
5814,UCFznPlqnBtRKQhtkm6GGoRQ,달팽이주식,CUKlKrmOLwQ,"박살난 주식시장, 웃으며 매수하고있는 이유 (과연 지금 기회일까)",2025-04-07T23:23:21Z,647.0,False,78492,2649.0,122.0
5814,UCFznPlqnBtRKQhtkm6GGoRQ,달팽이주식,QDdglbPnCVk,10년간 배당투자로 20억 만들고 느끼게 된 사실들 (포트폴리오 공개),2025-04-14T02:26:04Z,806.0,False,146436,2340.0,85.0
5814,UCFznPlqnBtRKQhtkm6GGoRQ,달팽이주식,ifXghvD0u-A,5년만에 찾아 온 부자될 기회. 이번 사이클 절대 놓치지 마세요!,2025-04-27T23:19:51Z,483.0,False,81156,2498.0,98.0
5814,UCFznPlqnBtRKQhtkm6GGoRQ,달팽이주식,bAIq02TmTmk,또 후회하실건가요? 이렇게 자산 늘려보세요 (매수인증),2025-05-13T02:34:41Z,658.0,False,43889,1671.0,44.0
5814,UCFznPlqnBtRKQhtkm6GGoRQ,달팽이주식,glWF86symIg,올해 미국주식을 더 열심히 사야하는 이유 (ft.미국증시전망),2025-05-26T06:58:13Z,660.0,False,34155,1380.0,54.0
5814,UCFznPlqnBtRKQhtkm6GGoRQ,달팽이주식,kvhUzALOaXw,SCHD에 7억을 투자하면 일어나는일,2025-05-28T01:51:46Z,690.0,False,57893,1073.0,67.0
5814,UCFznPlqnBtRKQhtkm6GGoRQ,달팽이주식,w6MJZ_3bp7g,7년의 배당투자 결과를 10분으로 요약합니다,2025-06-18T08:52:50Z,622.0,False,61367,1386.0,43.0
5814,UCFznPlqnBtRKQhtkm6GGoRQ,달팽이주식,-TaOParEK-4,5년만에 다시 온 역대급 기회. 놓치지마시고 꼭 자산증식하세요!,2025-07-01T01:25:40Z,690.0,False,95196,2613.0,110.0
5814,UCFznPlqnBtRKQhtkm6GGoRQ,달팽이주식,2q_r5N07b9g,삼성전자 주식과 더불어 3년내 크게 오를것같은 주식..!,2025-07-21T00:54:43Z,656.0,False,48987,1730.0,82.0
5814,UCFznPlqnBtRKQhtkm6GGoRQ,달팽이주식,QQjanGlvAuA,쉿 비밀입니다! 자산증식위해 이 자산을 모아가세요!,2025-08-18T00:35:50Z,692.0,False,47930,2027.0,65.0
5814,UCFznPlqnBtRKQhtkm6GGoRQ,달팽이주식,mNbOoLDXmfo,금리인하는 늘 기회였습니다 (반대로 기회를 가지고 올 수 있습니다),2025-08-25T01:04:27Z,732.0,False,43954,1463.0,46.0
5814,UCFznPlqnBtRKQhtkm6GGoRQ,달팽이주식,wutMSfwjQX0,주식 버블이라고? 지금이라도 사 두세요!,2025-09-12T03:47:05Z,777.0,False,57161,1988.0,85.0
5814,UCFznPlqnBtRKQhtkm6GGoRQ,달팽이주식,bttcmDIyBwg,"다시 한번 자산증식 기회가 왔습니다 (feat. 미국주식,삼성전자주식)",2025-10-09T22:23:59Z,693.0,False,86191,3090.0,193.0
5814,UCFznPlqnBtRKQhtkm6GGoRQ,달팽이주식,7kIPXlQV7Uc,"축하드립니다. 하지만 이제 시작입니다 (미국주식,삼성전자 주식)",2025-10-26T23:52:54Z,650.0,False,74897,2252.0,142.0
5814,UCFznPlqnBtRKQhtkm6GGoRQ,달팽이주식,OfLiFQkSepk,"흔들리는 주식시장.. 폭락해도 겁먹지 마세요! (미국주식,삼성전자주식)",2025-11-09T21:54:44Z,664.0,False,26104,1450.0,54.0
5814,UCFznPlqnBtRKQhtkm6GGoRQ,달팽이주식,KzSncQnaiAQ,"박살난 주식시장, 웃으며 매수하고 있는 이유 (AI 버블 기회일까)",2025-11-23T22:16:35Z,653.0,False,31049,1379.0,51.0
5814,UCFznPlqnBtRKQhtkm6GGoRQ,달팽이주식,vvRB-spLnv8,"삼성전자 주식, 사야할까 팔아야할까? 고민된다면 보세요!",2025-12-28T23:28:05Z,843.0,False,45197,2357.0,117.0
5814,UCFznPlqnBtRKQhtkm6GGoRQ,달팽이주식,e-jqyvnAP2c,"""월급받으면 그냥 샀어요.."" 누구나 가능한 주식 장기투자로 내집마련 성공!",2026-01-29T01:26:44Z,646.0,False,13120,584.0,29.0
5814,UCFznPlqnBtRKQhtkm6GGoRQ,달팽이주식,a005Ad2iyzM,S&P500 이렇게만 사세요! 평생 노후 돈걱정 끝입니다! (실제 경험담),2026-02-02T09:21:00Z,742.0,False,35735,2290.0,113.0
5814,UCFznPlqnBtRKQhtkm6GGoRQ,달팽이주식,aYReZT4fBU4,예금이나 적금을 들면 가난해지는 이유,2026-02-02T13:11:15Z,59.0,True,19116,286.0,2.0
5814,UCFznPlqnBtRKQhtkm6GGoRQ,달팽이주식,2wMGvkrlUxU,2026년... 지금이라도 현금 조금 만들어두세요!,2026-02-08T22:00:02Z,605.0,False,43025,2120.0,69.0
5814,UCFznPlqnBtRKQhtkm6GGoRQ,달팽이주식,cUJZrJJJHNM,"폭등하는 삼성전자... 계속 오르는 진짜 이유 (삼성전자 주가 전망 , 삼성전자 주식)",2026-02-12T22:30:20Z,613.0,False,50310,1966.0,108.0
5814,UCFznPlqnBtRKQhtkm6GGoRQ,달팽이주식,-X5GVEyHrqM,삼성전자 주식 이제 팔면 안되는 이유 ( 삼성전자 주가 전망 ),2026-02-16T01:01:32Z,671.0,False,82102,3037.0,339.0
5814,UCFznPlqnBtRKQhtkm6GGoRQ,달팽이주식,iqJ6ifBtxiY,"삼성전자 주식 주주들이 앞으로 더 기대되는 이유들! (삼성전자 주가 전망, 삼성전자 주식, 삼성전자우, 권영화 박사님)",2026-03-08T03:57:38Z,645.0,False,25969,1289.0,45.0
5814,UCFznPlqnBtRKQhtkm6GGoRQ,달팽이주식,dVBhNM1n4_A,반도체 박사도 삼성전자 주식을 사고있는 이유 (내년이 더 무섭다),2026-03-08T11:45:46Z,22.0,True,31870,411.0,6.0
5814,UCFznPlqnBtRKQhtkm6GGoRQ,달팽이주식,KTSyy7PDYm8,"S&P500 ETF 아무거나 사지마세요! (미국주식,삼성전자 주식,미국ETF)",2026-03-19T21:30:23Z,624.0,False,16357,1240.0,58.0
5814,UCFznPlqnBtRKQhtkm6GGoRQ,달팽이주식,zbhX-K5Jlxw,"환율 정상 아닙니다. 주의하시고 이렇게 대응하세요! (환율전망,IMF,금융위기,환율1500원)",2026-03-23T07:18:02Z,629.0,False,33162,1518.0,263.0
5814,UCFznPlqnBtRKQhtkm6GGoRQ,달팽이주식,aTiPQn2qVsc,"삼성전자 주식, 이때까지 팔지말고 모아가세요 (삼성전자 주가 전망,하이닉스 주가 전망,하이닉스주식,반도체 주식)",2026-04-19T23:27:01Z,660.0,False,32658,2240.0,147.0
5814,UCFznPlqnBtRKQhtkm6GGoRQ,달팽이주식,RqF09TiqM9Y,"부자 될 기회 이번에는 꼭 잡으세요 (주식투자로 노후대비,삼성전자주식,삼성전자노조,미국주식)",2026-04-24T23:01:01Z,739.0,False,16369,1431.0,70.0
5814,UCFznPlqnBtRKQhtkm6GGoRQ,달팽이주식,DCzh32Wtkr8,"삼성전자 주가 30만원 충분히 가능할수도 (삼성전자 주가 전망,삼성전자 주식 전망)",2026-05-03T22:00:30Z,743.0,False,18534,1563.0,78.0
5815,UC26M8buvjR-X0L0cRifPmLA,HAMBUCK 햄벅,cFqIRjf5Yg0,가차없는 유부남,2025-07-15T11:01:09Z,10.0,True,64823,114.0,0.0
5815,UC26M8buvjR-X0L0cRifPmLA,HAMBUCK 햄벅,qwXQJ91x8c0,해병대 국룰 ㄹㅇ국룰 ㅋㅋ,2025-07-16T12:32:58Z,20.0,True,566339,4258.0,47.0
5815,UC26M8buvjR-X0L0cRifPmLA,HAMBUCK 햄벅,K1uHChPGbuE,엑셀 방송에 등장한 햄 스미스 ㄷㄷ,2025-07-19T12:00:36Z,44.0,True,148184,895.0,23.0
5815,UC26M8buvjR-X0L0cRifPmLA,HAMBUCK 햄벅,DvqNEJfPcWI,핸즈업 - 햄스미스,2025-07-20T12:11:28Z,20.0,True,129294,263.0,9.0
5815,UC26M8buvjR-X0L0cRifPmLA,HAMBUCK 햄벅,sA2-GeyhQhs,김햄벅 2세 탄생..?,2025-09-02T09:01:15Z,341.0,False,43373,281.0,17.0
5815,UC26M8buvjR-X0L0cRifPmLA,HAMBUCK 햄벅,BVTdyoqUoko,결혼 하자마자 이혼 위기,2025-09-05T00:00:13Z,21.0,True,31838,76.0,0.0
5815,UC26M8buvjR-X0L0cRifPmLA,HAMBUCK 햄벅,PN_qFk92CAM,2세 결심하게 된 이유,2025-09-06T00:00:38Z,19.0,True,22678,75.0,1.0
5815,UC26M8buvjR-X0L0cRifPmLA,HAMBUCK 햄벅,M0PsTXXlWeg,햄싸이 - Daddy,2025-09-06T14:34:24Z,53.0,True,16336,71.0,3.0
5815,UC26M8buvjR-X0L0cRifPmLA,HAMBUCK 햄벅,D2b5xXVqf8Y,햄싸이 - 챔피언,2025-09-09T09:50:34Z,58.0,True,8597,24.0,1.0
5815,UC26M8buvjR-X0L0cRifPmLA,HAMBUCK 햄벅,o6k0-q9M-jM,와이프와 방송 도중 시비가 붙었습니다..,2025-09-10T10:23:30Z,347.0,False,23132,190.0,14.0
5815,UC26M8buvjR-X0L0cRifPmLA,HAMBUCK 햄벅,Fa55POw4PaY,햄싸이 - 강남스타일,2025-09-11T09:00:32Z,50.0,True,12642,36.0,1.0
5815,UC26M8buvjR-X0L0cRifPmLA,HAMBUCK 햄벅,ukrd3I6Qf2A,진짜 제대로 싸웠습니다,2025-09-16T09:01:22Z,483.0,False,77347,407.0,86.0
5815,UC26M8buvjR-X0L0cRifPmLA,HAMBUCK 햄벅,w474nQF316I,햄벅 복싱 실력 공개 ㄷㄷ,2025-09-18T10:01:51Z,56.0,True,27151,92.0,10.0
5815,UC26M8buvjR-X0L0cRifPmLA,HAMBUCK 햄벅,iCV3WMi2uOI,맥주 원샷 민폐남,2025-09-19T09:01:52Z,65.0,False,23635,119.0,0.0
5815,UC26M8buvjR-X0L0cRifPmLA,HAMBUCK 햄벅,0FUFtV2iurk,저희에게 새로운 생명이 찾아왔습니다. (심장 소리 공개!!),2025-09-22T09:00:03Z,362.0,False,34255,399.0,46.0
5815,UC26M8buvjR-X0L0cRifPmLA,HAMBUCK 햄벅,bvEzXXJxCRw,저희 애기의 성별을 공개합니다,2025-09-26T09:01:09Z,384.0,False,25555,206.0,38.0
5815,UC26M8buvjR-X0L0cRifPmLA,HAMBUCK 햄벅,wYApjnO807M,선인모드 리액션 ㅋㅋ,2025-09-29T10:01:42Z,17.0,True,21782,69.0,2.0
5815,UC26M8buvjR-X0L0cRifPmLA,HAMBUCK 햄벅,l4Wj0H3CBFk,성별 공개 현실적인 반응 ㅋㅋ,2025-09-30T09:01:22Z,31.0,True,37258,150.0,11.0
5815,UC26M8buvjR-X0L0cRifPmLA,HAMBUCK 햄벅,MozQnd0PtaU,요즘 유행인 미라클 소주,2025-10-02T11:00:48Z,27.0,True,30342,108.0,3.0
5815,UC26M8buvjR-X0L0cRifPmLA,HAMBUCK 햄벅,GWVKsfs1UwE,신혼부부 남편의 올바른 대답,2025-10-05T11:00:34Z,25.0,True,54442,139.0,11.0
5815,UC26M8buvjR-X0L0cRifPmLA,HAMBUCK 햄벅,0gcR5AMc7co,신혼 부부의 대게 먹방!! (아기 옷 공개),2025-10-06T09:00:03Z,341.0,False,28396,162.0,10.0
5815,UC26M8buvjR-X0L0cRifPmLA,HAMBUCK 햄벅,2P9ehaQLCqo,아내에게 사랑받는 방법,2025-10-13T12:00:05Z,25.0,True,31107,89.0,3.0
5815,UC26M8buvjR-X0L0cRifPmLA,HAMBUCK 햄벅,1wuILNtsAXg,지능 퇴화,2025-10-14T11:30:02Z,17.0,True,21794,86.0,4.0
5815,UC26M8buvjR-X0L0cRifPmLA,HAMBUCK 햄벅,5vYwEzN64_A,아기 옷 리뷰 ㅎㅎ,2025-10-15T11:00:11Z,27.0,True,20765,65.0,1.0
5815,UC26M8buvjR-X0L0cRifPmLA,HAMBUCK 햄벅,hiSGr96XKJU,라이터 없을 때 꿀팁,2025-10-20T12:01:18Z,13.0,True,24427,32.0,1.0
5815,UC26M8buvjR-X0L0cRifPmLA,HAMBUCK 햄벅,m8uufy5mUNs,물 금지,2025-10-21T11:01:20Z,19.0,True,34383,60.0,2.0
5815,UC26M8buvjR-X0L0cRifPmLA,HAMBUCK 햄벅,bS0XA--qmEg,악플에 시달리는 형을 위한 동생들,2025-10-22T11:01:18Z,23.0,True,20714,91.0,1.0
5815,UC26M8buvjR-X0L0cRifPmLA,HAMBUCK 햄벅,4Nt-iZVWTLM,난리난 접신 리액션ㅋㅋㅋㅋ,2025-10-29T10:00:07Z,44.0,True,18638,111.0,10.0
5815,UC26M8buvjR-X0L0cRifPmLA,HAMBUCK 햄벅,0wyLYSC4xlA,햄벅 - GOOD BOY,2025-10-30T11:56:55Z,27.0,True,240915,335.0,44.0
5815,UC26M8buvjR-X0L0cRifPmLA,HAMBUCK 햄벅,qXklIG2va2s,햄벅  베드빌런,2025-10-31T13:26:39Z,25.0,True,95122,138.0,19.0
5815,UC26M8buvjR-X0L0cRifPmLA,HAMBUCK 햄벅,vd04lmjbzdI,소름돋는 연기 배틀,2025-11-09T10:01:25Z,47.0,True,20072,72.0,1.0
5815,UC26M8buvjR-X0L0cRifPmLA,HAMBUCK 햄벅,AVrZEInCDFI,클럽에 간 루피들,2025-11-27T11:00:30Z,14.0,True,18734,38.0,2.0
5815,UC26M8buvjR-X0L0cRifPmLA,HAMBUCK 햄벅,cmD3wQzeFB8,잔망루피 비주얼,2025-11-28T11:01:20Z,13.0,True,28834,99.0,3.0
5815,UC26M8buvjR-X0L0cRifPmLA,HAMBUCK 햄벅,cNjYirHDfbA,즉석공연하는 루피들,2025-11-29T11:01:13Z,25.0,True,12806,22.0,0.0
5815,UC26M8buvjR-X0L0cRifPmLA,HAMBUCK 햄벅,TNiKe6A3VUM,반전 비주얼,2025-11-30T11:00:53Z,17.0,True,35772,121.0,4.0
5815,UC26M8buvjR-X0L0cRifPmLA,HAMBUCK 햄벅,IfSUczDhvFM,테토남 술 대결,2025-12-05T11:00:39Z,38.0,True,30531,205.0,8.0
5815,UC26M8buvjR-X0L0cRifPmLA,HAMBUCK 햄벅,yZYVpb8JI6E,갑자기 난입한 원숭이,2025-12-07T11:02:01Z,13.0,True,11400,30.0,0.0
5815,UC26M8buvjR-X0L0cRifPmLA,HAMBUCK 햄벅,_vCBQQ6MoDo,플러팅 방법,2025-12-12T11:33:58Z,44.0,True,12241,67.0,3.0
5815,UC26M8buvjR-X0L0cRifPmLA,HAMBUCK 햄벅,d78r69Kpge0,단무지가 클 때 해결 방법,2025-12-15T13:16:19Z,17.0,True,32281,50.0,1.0
5815,UC26M8buvjR-X0L0cRifPmLA,HAMBUCK 햄벅,znjATwB0VHg,영하 30도 입수 리액션,2025-12-17T12:31:27Z,49.0,True,8417,38.0,2.0
5815,UC26M8buvjR-X0L0cRifPmLA,HAMBUCK 햄벅,_58qEeV4ogY,출산 2달전 만삭인 아내와 김밥말기 삼겹살 라면 먹방,2026-01-08T11:01:06Z,383.0,False,43425,323.0,24.0
5815,UC26M8buvjR-X0L0cRifPmLA,HAMBUCK 햄벅,WVSc3qLTOTo,김밥라면,2026-01-09T12:30:59Z,36.0,True,15612,48.0,3.0
5815,UC26M8buvjR-X0L0cRifPmLA,HAMBUCK 햄벅,uhQMmnzyr1E,출산 직전 사건 발생 막창 소맥 술먹방,2026-01-12T10:01:28Z,361.0,False,38028,250.0,23.0
5815,UC26M8buvjR-X0L0cRifPmLA,HAMBUCK 햄벅,EojwatyY3zA,임신한 아내의 변화,2026-01-13T10:30:24Z,26.0,True,24197,79.0,1.0
5815,UC26M8buvjR-X0L0cRifPmLA,HAMBUCK 햄벅,WtasKP6eOR4,키스회피,2026-01-14T10:01:01Z,33.0,True,18518,84.0,0.0
5815,UC26M8buvjR-X0L0cRifPmLA,HAMBUCK 햄벅,gLJR9hJEtEE,이 노래 모르면 간첩,2026-01-15T10:01:07Z,45.0,True,50758,320.0,26.0
5815,UC26M8buvjR-X0L0cRifPmLA,HAMBUCK 햄벅,LWCFKmDvkLY,만삭 와이프의 긴급호출.. 큰일 났습니다,2026-01-19T10:00:29Z,364.0,False,23661,172.0,17.0
5815,UC26M8buvjR-X0L0cRifPmLA,HAMBUCK 햄벅,707z6BiB1jU,두바이 모든 종류 다 리뷰 먹방,2026-01-20T10:00:09Z,30.0,True,22238,63.0,2.0
5815,UC26M8buvjR-X0L0cRifPmLA,HAMBUCK 햄벅,7TCstYMxeyg,두바이 먹고 지능 떨어짐,2026-01-21T10:00:17Z,19.0,True,13474,44.0,2.0
5815,UC26M8buvjR-X0L0cRifPmLA,HAMBUCK 햄벅,3nf4MplyrIg,저 햄벅이 드디어 아버지가 됐습니다!!,2026-05-06T10:29:02Z,374.0,False,12900,240.0,35.0
5816,UCa8kktUkK9JWZQoudZ_o5pg,Tacosama 타코사마,KYKmZIJFUkQ,[환승연애 15화] 하나도 의견이 맞는게 없는 한일커플...얘네 결혼은 어케 했지?? 문화차이인걸까...,2025-12-13T08:12:50Z,714.0,False,186985,2967.0,520.0
5816,UCa8kktUkK9JWZQoudZ_o5pg,Tacosama 타코사마,LOkAYJSnXJI,"크리스마스 선물 박스 드디어 공개...🎁 19가지 제품을 딱 5만원대에 구매 가능하게 만들어왔어요! 역대급 이벤트까지 있으니 구경하고 가셔요 [422,400원 → 55,500원🎄]",2025-12-14T09:00:48Z,1472.0,False,190103,3046.0,784.0
5816,UCa8kktUkK9JWZQoudZ_o5pg,Tacosama 타코사마,EH3lkPNXDis,결국 한국에서 첫 커플타투 도전!🙋🏻‍♀️결국 김장까지 끌려간 일본인 남편...한국 시집살이🇯🇵 | 아이돌 헤메받아봄! 결과는...?👀 한국에서 보낸 연말 vlog,2025-12-21T11:36:36Z,2382.0,False,336254,5686.0,1410.0
5816,UCa8kktUkK9JWZQoudZ_o5pg,Tacosama 타코사마,_XeDI-cU9z4,두번 국제결혼하는 여자의 해외 스몰웨딩 vlog | 8년 연애 후 눈물의 오키나와 바닷가 일본 결혼식💒,2025-12-27T08:53:55Z,2219.0,False,409221,12465.0,1329.0
5816,UCa8kktUkK9JWZQoudZ_o5pg,Tacosama 타코사마,gf9xcFf44tI,일본인이랑 결혼하면 안좋은 점...#shorts #결혼,2026-01-10T10:55:50Z,61.0,False,145752,1501.0,35.0
5816,UCa8kktUkK9JWZQoudZ_o5pg,Tacosama 타코사마,P_tDrlO6OI4,도쿄 부잣집에서 연말 파티하고 현타 온 vlog 🥲 최악의 두쫀쿠 만들기..💩찰스엔터랑 신혼집 첫 집들이한 일본일상 신혼일기,2026-01-16T09:09:41Z,2144.0,False,296143,5235.0,518.0
5816,UCa8kktUkK9JWZQoudZ_o5pg,Tacosama 타코사마,ktIQWBYv4YM,찰스엔터 젠더리빌 깜짝파티 💝 #shorts #젠더리빌,2026-01-16T13:03:27Z,41.0,True,134868,981.0,13.0
5816,UCa8kktUkK9JWZQoudZ_o5pg,Tacosama 타코사마,4PvqaZQAORY,결혼을 일찍 한 이유가 있는 일남 #shorts #한일커플 #도쿄,2026-01-17T07:21:40Z,49.0,True,178874,2073.0,35.0
5816,UCa8kktUkK9JWZQoudZ_o5pg,Tacosama 타코사마,e1vIqhLyYS0,이건 그냥 똥이잖아...먹을 수 있다?없다? #두쫀쿠 #shorts #한일커플,2026-01-18T07:01:27Z,58.0,True,116449,1050.0,23.0
5816,UCa8kktUkK9JWZQoudZ_o5pg,Tacosama 타코사마,cHzR_lrLNKo,유튜버가 꿈이 된 일본 시어머니와 조카 (ft.개웃긴 댄스 대결)| 일본인 남편 가족들과 보낸 후쿠오카 일상🇯🇵 어무니 폰 바꿔드리기🎁  일본새해 VLOG,2026-01-18T10:43:50Z,1775.0,False,233594,5186.0,476.0
5816,UCa8kktUkK9JWZQoudZ_o5pg,Tacosama 타코사마,m9PnikVCD9M,나 때문에 온라인 광대가 되어버린..일본 어무니 #shorts #국제커플,2026-01-19T09:11:00Z,46.0,True,101283,1664.0,25.0
5816,UCa8kktUkK9JWZQoudZ_o5pg,Tacosama 타코사마,YszhyJF6lxY,"첫날부터 비행기 놓치고 난리난 아프리카 신혼여행🇹🇿어디 내놔도 창피한,,일남 때문에 도파민 터진 여행💦인생에서 두번다시 없을 특이한 신혼여행 VLOG 세렝게티 초원🦒",2026-01-24T09:01:56Z,3029.0,False,367567,8315.0,987.0
5816,UCa8kktUkK9JWZQoudZ_o5pg,Tacosama 타코사마,hu6RczcH34Q,탄자니아로 신혼여행 가면 만날 수 있는 것들은? #shorts #사파리 #신혼여행 #한일커플,2026-01-25T09:34:55Z,16.0,True,616595,5451.0,63.0
5816,UCa8kktUkK9JWZQoudZ_o5pg,Tacosama 타코사마,w6BY404Kywk,"하지말라는거 해서 죽다 살아난 아프리카,,😵1박에 400만원짜리 초호화 신혼여행💸스노쿨링 돌고래 만나기🐬싸움 안난게 다행인 vlog",2026-01-30T10:00:00Z,2655.0,False,253758,5413.0,571.0
5816,UCa8kktUkK9JWZQoudZ_o5pg,Tacosama 타코사마,X4i94YexuE0,"바깥보다 더 추운 일본집에서 살아남기🥶짠내나는 리얼일상 24시간🇯🇵집안일 하다가 코타가 폭발한 날💥점점 쓰레기장이 되어가는 신혼집,,,, 도쿄 vlog 일본일상",2026-02-04T09:48:47Z,1683.0,False,299837,4280.0,518.0
5816,UCa8kktUkK9JWZQoudZ_o5pg,Tacosama 타코사마,TEI9n_DTUM4,"결혼 후 처음 맞는 일본인 사위생일 챙기기🎂딸보다 사위가 좋은 엄마,,, | 맛집투어 당일치기 대전여행🍜 | 일본에서 코타 친구한테 충격먹은 이유;; 한일커플 VLOG 도쿄일상",2026-02-12T09:02:25Z,1402.0,False,271211,4508.0,486.0
5816,UCa8kktUkK9JWZQoudZ_o5pg,Tacosama 타코사마,UObBqcCZJiA,일남 한녀 이혼율이 엄청나다...? #shorts #한일커플,2026-02-12T09:21:17Z,31.0,True,1282834,16776.0,159.0
5816,UCa8kktUkK9JWZQoudZ_o5pg,Tacosama 타코사마,_R7vOEP6X58,보톡스 부작용 온 채로 혼인신고 하러 갔는데 n번째 거절😇일본&한국 너무 다른 혼인신고 시간...ㅎ 외국인이랑 결혼하면 신기한 점 vlog 도쿄,2026-02-22T08:05:32Z,1901.0,False,326286,6457.0,668.0
5816,UCa8kktUkK9JWZQoudZ_o5pg,Tacosama 타코사마,JzZosHhsZ5E,3시간 걸린 일본인 남친과 혼인신고🇯🇵 #한일커플 #shorts,2026-02-22T09:32:26Z,58.0,True,151301,2379.0,68.0
5816,UCa8kktUkK9JWZQoudZ_o5pg,Tacosama 타코사마,K7LJnDj3OU4,"원룸에 도둑이 들었다...? 범인 잡고보니.,, #shorts",2026-02-26T09:50:18Z,50.0,True,37843,525.0,10.0
5816,UCa8kktUkK9JWZQoudZ_o5pg,Tacosama 타코사마,HIeDgJL8OMI,머리 새로 바꾸고 후쿠오카 시댁 방문💇🏻‍♀️김장조끼의 열풍이 일본까지..?시어머니만 보면 함박웃음 짓는 며느리의 후쿠오카 일상 vlog 🤣리얼해도 너무 리얼한 찐 일상들,2026-02-26T10:00:07Z,2050.0,False,300879,5695.0,480.0
5816,UCa8kktUkK9JWZQoudZ_o5pg,Tacosama 타코사마,d-lHRe-4FgA,일본 원룸집에 도둑 들었어요.... #shorts #도쿄,2026-02-27T03:30:19Z,50.0,True,45275,344.0,15.0
5816,UCa8kktUkK9JWZQoudZ_o5pg,Tacosama 타코사마,4GOmH5SZZ3s,일남한테 화를 못내는 이유... #shorts #한일커플,2026-02-27T13:16:12Z,38.0,True,311944,4240.0,31.0
5816,UCa8kktUkK9JWZQoudZ_o5pg,Tacosama 타코사마,ItVojV3cgng,출국 30분 전🚨극P의 해외 장거리 부부 출국준비  #shorts #장거리 #출국 #국제커플,2026-03-02T09:03:54Z,47.0,True,138903,1398.0,39.0
5816,UCa8kktUkK9JWZQoudZ_o5pg,Tacosama 타코사마,XB_ewJo5CZk,나이차이 11살 연상 오빠랑 바람났다.....#shorts #makeup #grwm,2026-03-03T09:58:11Z,62.0,False,197607,2603.0,86.0
5816,UCa8kktUkK9JWZQoudZ_o5pg,Tacosama 타코사마,ALkpt-YxXDs,"도쿄에 살면서 일주일만에 💸1,000만원,,, 써버린 한일커플 | 코타 화나게 해서 일어난 리얼 부부싸움💢 | 돈 합치기 전 코타 용돈 정해보기 | 도쿄일상 VLOG",2026-03-09T09:01:23Z,2122.0,False,331209,5741.0,2203.0
5816,UCa8kktUkK9JWZQoudZ_o5pg,Tacosama 타코사마,vA3RXcD6CG0,일본에서 16만원짜리 네일아트 받아보기 도전! #shorts #도쿄일상 #국제커플,2026-03-09T11:00:59Z,65.0,False,135221,1247.0,39.0
5816,UCa8kktUkK9JWZQoudZ_o5pg,Tacosama 타코사마,vUiIUXH-rww,일본 원룸에 살면... 둘중 한명이 먼저 죽는 이유.. #shorts #한일커플 #도쿄일상,2026-03-11T14:12:58Z,31.0,True,194867,982.0,56.0
5816,UCa8kktUkK9JWZQoudZ_o5pg,Tacosama 타코사마,D1e91mxE3vg,한국어 이제 그만 잘해... #shorts #한일커플 #한국어,2026-03-11T14:59:14Z,18.0,True,392939,3734.0,32.0
5816,UCa8kktUkK9JWZQoudZ_o5pg,Tacosama 타코사마,BFe0MXdk9b4,일본인 시어머니께 고자질하기 #한일커플 #shorts #국제커플,2026-03-12T10:02:57Z,54.0,True,352779,6402.0,108.0
5816,UCa8kktUkK9JWZQoudZ_o5pg,Tacosama 타코사마,sAJms_4xueI,아이스크림 말랑이 만져보기 #스퀴시 #asmr #shorts,2026-03-16T09:55:27Z,66.0,False,126032,1712.0,65.0
5816,UCa8kktUkK9JWZQoudZ_o5pg,Tacosama 타코사마,3DXCLZu40Io,화목한 가정에서 자란 일본인 남자 가족 관찰일지🕵️‍♀️ 근데 조카 놀리다가 울려벌임💦 후쿠오카에서 별안간 생ㅇ리파티 | 전남친 초콜렛 만들기 VLOG,2026-03-18T09:51:15Z,1627.0,False,243382,4821.0,607.0
5816,UCa8kktUkK9JWZQoudZ_o5pg,Tacosama 타코사마,jQpAsCFGC6o,별안간 생리축하파티 열어줘서 당황스러움 #shorts #한일커플,2026-03-18T10:33:37Z,31.0,True,64143,618.0,10.0
5816,UCa8kktUkK9JWZQoudZ_o5pg,Tacosama 타코사마,vXWbHb4lZTw,전 애인한테 질투하면 멘헤라? #shorts #한일커플,2026-03-19T11:01:23Z,34.0,True,358969,3379.0,28.0
5816,UCa8kktUkK9JWZQoudZ_o5pg,Tacosama 타코사마,DIVMW3EIwdo,동거하고 1년만에 헤어질지 or 결혼할지 정해야하는 일본 동거문화!? 일남 프러포즈 성공썰 듣기 | 썩은 세탁기 드디어 탈출🥹 오키나와 친척들 처음 만난 하루 | 도쿄일상 VLOG,2026-03-22T10:00:19Z,1917.0,False,255579,4277.0,449.0
5816,UCa8kktUkK9JWZQoudZ_o5pg,Tacosama 타코사마,rMpqA1fT0CE,일본 재벌집에 장가가는 일남의 프러포즈 방식 #shorts #국제커플,2026-03-24T08:07:38Z,36.0,True,90814,423.0,9.0
5816,UCa8kktUkK9JWZQoudZ_o5pg,Tacosama 타코사마,q4yDSr4FuJY,일본이 동거하는 커플이 많은 이유?!  #shorts #한일커플,2026-03-25T04:14:09Z,45.0,True,86209,555.0,15.0
5816,UCa8kktUkK9JWZQoudZ_o5pg,Tacosama 타코사마,JmUspolMhuU,도쿄에서 강아지 입양하러 가는 날! 대형 강아지 입양 성공! #shorts #강아지,2026-03-25T08:24:05Z,31.0,True,191617,2287.0,60.0
5816,UCa8kktUkK9JWZQoudZ_o5pg,Tacosama 타코사마,YFkLqSMHYJI,지팔지꼰..미쳐서 팔짝 뛰는 연애고민상담💦일남적 사고방식으로 바라본 한국의 정병연애 | 그냥 다 헤어지세요... 한일커플 연애상담,2026-03-29T13:03:57Z,2078.0,False,262351,4102.0,603.0
5816,UCa8kktUkK9JWZQoudZ_o5pg,Tacosama 타코사마,LhPrEHi6JBE,낮과 밤이 다른 두 얼굴의 일본인 (한국 여자와 처음 살아보는 남자) [인간극장],2026-04-01T10:00:00Z,1632.0,False,223982,5062.0,543.0
5816,UCa8kktUkK9JWZQoudZ_o5pg,Tacosama 타코사마,ybMjOx-eRBk,코타의 새로운 취향을 찾아버린...상하이 왕홍체험 vlog 먹고만 온 먹보둘의 여행🍲 |  중국에서 모델된 날(?) 첫 상하이 디즈니🏰,2026-04-10T09:03:44Z,2623.0,False,315311,6113.0,1131.0
5816,UCa8kktUkK9JWZQoudZ_o5pg,Tacosama 타코사마,QBVtEZIJr2g,사실 일남보다 더 순둥한 한국인아내 #한일커플 #국제커플 #shorts,2026-04-12T04:30:24Z,48.0,True,298794,5900.0,147.0
5816,UCa8kktUkK9JWZQoudZ_o5pg,Tacosama 타코사마,6lrmDNNjfqU,장모님이 한테 깜짝 카메라!,2026-04-18T01:00:00Z,52.0,True,240523,4056.0,62.0
5816,UCa8kktUkK9JWZQoudZ_o5pg,Tacosama 타코사마,UGaRmkAZlIw,체인지데이즈 in 캘리포니아🇺🇸어쩌다 다같이 여행을...? 찰스엔터 3월호의 남자와 합법적 데이트😌7일간의 샌프란시스코 & LA 여행✈️,2026-04-26T09:00:42Z,4624.0,False,431509,7359.0,1024.0
5816,UCa8kktUkK9JWZQoudZ_o5pg,Tacosama 타코사마,eD9Y6m1z9w8,이정후 선수 : 누구세요? #shorts #야구,2026-04-27T11:31:44Z,30.0,True,201295,1816.0,60.0
5816,UCa8kktUkK9JWZQoudZ_o5pg,Tacosama 타코사마,JVd1TDN1zaQ,"도쿄에서 새 집의 꿈은 포기!🏚️원룸 신혼집 360° 탈바꿈하기🔨도쿄에 살기 너무 지치는 이유,,,😵‍💫도쿄 일상 브이로그 vlog",2026-05-01T10:01:39Z,2067.0,False,291141,4428.0,515.0
5816,UCa8kktUkK9JWZQoudZ_o5pg,Tacosama 타코사마,2zZW-8bzAm4,??? 무슨 그런 질문을 해 ;; #shorts #미국 #캘리포니아,2026-05-12T08:18:22Z,33.0,True,406500,7128.0,42.0
5816,UCa8kktUkK9JWZQoudZ_o5pg,Tacosama 타코사마,iWjBOBzMWfI,업그레이드 좌석 처음 타본 일본인✈️  #에어프레미아 #airpremia,2026-05-15T09:50:22Z,45.0,True,83733,1410.0,19.0
5816,UCa8kktUkK9JWZQoudZ_o5pg,Tacosama 타코사마,6j3p5h76Poo,"첫 외박하고 오겠다는 남편 때문에 도쿄에 혼자 남겨진 일상,,, 혼자 일녀 관리 브이로그 따라해보기 🧖‍♀️ 근데 다 실패...^^ 코타 아부지랑 데이트한 일상 VLOG",2026-05-16T12:06:50Z,2075.0,False,116473,2934.0,495.0
5816,UCa8kktUkK9JWZQoudZ_o5pg,Tacosama 타코사마,cW-Hg4lkv54,24만원 내고 일녀뷰티 따라해보기!💅 #shorts #뷰티,2026-05-16T13:31:26Z,41.0,True,39077,490.0,21.0
5817,UCaNjlqZlLDpFqJVVO-0U2KA,얼간김준호,sRxk1BC-zog,강제 개안하는 법,2026-02-06T04:15:36Z,41.0,True,4856,10.0,0.0
5817,UCaNjlqZlLDpFqJVVO-0U2KA,얼간김준호,rClc35tFYdo,니가 재밌게 봐서 떨어진 거야 ;,2026-02-06T13:01:38Z,24.0,True,8521,16.0,0.0
5817,UCaNjlqZlLDpFqJVVO-0U2KA,얼간김준호,M0kYCtPAw_g,원더걸스 선미의 데뷔스토리,2026-02-07T13:00:40Z,84.0,False,6263,35.0,1.0
5817,UCaNjlqZlLDpFqJVVO-0U2KA,얼간김준호,L6O-rCLhknM,9n 년생들 공감,2026-02-10T08:21:41Z,44.0,True,4358,27.0,1.0
5817,UCaNjlqZlLDpFqJVVO-0U2KA,얼간김준호,ACVCCIRIz48,와이프가 소고기 먹다가 체했을 때,2026-02-11T02:18:50Z,55.0,True,11242,87.0,14.0
5817,UCaNjlqZlLDpFqJVVO-0U2KA,얼간김준호,2QXqPqrVk3w,찐 경상도인 구분법,2026-02-13T03:02:53Z,74.0,False,2042,14.0,0.0
5817,UCaNjlqZlLDpFqJVVO-0U2KA,얼간김준호,4ZH8dWzc0MA,그래서 왜 꼰대희에요?,2026-02-16T07:00:02Z,90.0,False,16883,115.0,4.0
5817,UCaNjlqZlLDpFqJVVO-0U2KA,얼간김준호,Wo8fhMYOU2I,나띠가 가수의 꿈을 꾸게 된 계기,2026-02-18T08:00:41Z,83.0,False,4268,32.0,0.0
5817,UCaNjlqZlLDpFqJVVO-0U2KA,얼간김준호,aXVu_ITWa7g,개그우먼 김민경의 죽 먹방,2026-02-19T07:00:01Z,59.0,True,1759,5.0,0.0
5817,UCaNjlqZlLDpFqJVVO-0U2KA,얼간김준호,2Wkv2AbLk14,강력한 쵸단,2026-02-23T00:52:02Z,61.0,False,9798,84.0,1.0
5817,UCaNjlqZlLDpFqJVVO-0U2KA,얼간김준호,NngxjnFR1Ro,환승연애 민경이 부르는 '헤어지자 말해요',2026-02-23T08:35:10Z,50.0,True,4456,25.0,0.0
5817,UCaNjlqZlLDpFqJVVO-0U2KA,얼간김준호,_EXWxv5IiaY,꼰대희의 삼대측정,2026-02-24T08:53:01Z,89.0,False,151505,348.0,12.0
5817,UCaNjlqZlLDpFqJVVO-0U2KA,얼간김준호,QukBULwQXBw,환승연애 민경의 촬영 당시 솔직한 마음,2026-02-25T06:09:29Z,68.0,False,4903,38.0,0.0
5817,UCaNjlqZlLDpFqJVVO-0U2KA,얼간김준호,edKd0GME-bU,여자들이 원하는 다정함이란,2026-02-28T13:25:18Z,75.0,False,20723,127.0,13.0
5817,UCaNjlqZlLDpFqJVVO-0U2KA,얼간김준호,izEfvfgaeUc,꼰대희에 뜬 민와와,2026-03-01T13:01:14Z,26.0,True,1913,12.0,0.0
5817,UCaNjlqZlLDpFqJVVO-0U2KA,얼간김준호,uWZ3qcunyHo,벤치프레스하다가 발에 쥐 난 꼰대희,2026-03-02T08:00:59Z,55.0,True,7102,14.0,1.0
5817,UCaNjlqZlLDpFqJVVO-0U2KA,얼간김준호,Sklg3DxJJRg,두쫀피?!,2026-03-03T00:37:40Z,64.0,False,1738,8.0,1.0
5817,UCaNjlqZlLDpFqJVVO-0U2KA,얼간김준호,qe2IIjeNJok,모태솔로남 특,2026-03-05T15:01:33Z,54.0,True,7745,19.0,1.0
5817,UCaNjlqZlLDpFqJVVO-0U2KA,얼간김준호,BRNmPvNauo8,연예인이 목욕탕 가서 생긴 일,2026-03-06T02:14:41Z,104.0,False,3733,44.0,0.0
5817,UCaNjlqZlLDpFqJVVO-0U2KA,얼간김준호,nmbJgH-t35w,비행기에서 💩를 떨어뜨리고 간 손님,2026-03-07T08:00:52Z,69.0,False,2510,12.0,0.0
5817,UCaNjlqZlLDpFqJVVO-0U2KA,얼간김준호,6CFa9mv4i6M,박민정과 결혼을 결심하게 된 계기,2026-03-09T01:56:57Z,64.0,False,28354,130.0,32.0
5817,UCaNjlqZlLDpFqJVVO-0U2KA,얼간김준호,R8HjagdPv7o,개그우먼이 중독에 빠지는 과정,2026-03-09T13:00:55Z,95.0,False,2117,16.0,0.0
5817,UCaNjlqZlLDpFqJVVO-0U2KA,얼간김준호,CwfsxXyaNd0,600만 유튜버의 좌우명,2026-03-10T06:31:38Z,100.0,False,3695,43.0,4.0
5817,UCaNjlqZlLDpFqJVVO-0U2KA,얼간김준호,cEycqrRP1B8,모태솔로남의 연애 하기 위한 노오력,2026-03-13T05:27:00Z,61.0,False,4349,15.0,0.0
5817,UCaNjlqZlLDpFqJVVO-0U2KA,얼간김준호,uxNiFfcqk2U,아이돌이 꿈이었던 요가강사,2026-03-16T04:14:31Z,54.0,True,3255,20.0,3.0
5817,UCaNjlqZlLDpFqJVVO-0U2KA,얼간김준호,bD1IODt4Pgk,한우 먹다가 갑분 키스토론,2026-03-17T02:54:08Z,59.0,True,12544,95.0,1.0
5817,UCaNjlqZlLDpFqJVVO-0U2KA,얼간김준호,o9XshdkU80Q,키 크고 날씬하면 애를 잘 낳는다?,2026-03-18T05:19:10Z,64.0,False,11316,42.0,2.0
5817,UCaNjlqZlLDpFqJVVO-0U2KA,얼간김준호,gDoqzmiQ2Dw,신기루가 풀어주는 안성재 식당 가본 후기,2026-03-18T13:01:26Z,86.0,False,3029,11.0,0.0
5817,UCaNjlqZlLDpFqJVVO-0U2KA,얼간김준호,Ep_mwy8Q3ww,방귀 뀌려고 요가하는 강사,2026-03-19T04:16:03Z,80.0,False,2631,31.0,0.0
5817,UCaNjlqZlLDpFqJVVO-0U2KA,얼간김준호,6778ZEAxc4Q,가다실 꼭 맞아야 하나요?,2026-03-19T04:38:50Z,75.0,False,1524,7.0,0.0
5817,UCaNjlqZlLDpFqJVVO-0U2KA,얼간김준호,j65ZA5GWDDM,아직도 모솔이에요?,2026-03-20T06:23:52Z,69.0,False,4101,18.0,2.0
5817,UCaNjlqZlLDpFqJVVO-0U2KA,얼간김준호,L7uHNCYJGl4,키스하는 법,2026-03-23T02:39:55Z,75.0,False,3617,20.0,0.0
5817,UCaNjlqZlLDpFqJVVO-0U2KA,얼간김준호,dnKMNOcJo8E,조헤련의 기적의 나이 계산법,2026-03-24T00:42:59Z,31.0,True,18708,47.0,1.0
5817,UCaNjlqZlLDpFqJVVO-0U2KA,얼간김준호,d1qPhdqUOWM,(실제)개그맨 김대희 아내의 결혼생활썰,2026-03-27T08:20:37Z,115.0,False,44879,561.0,5.0
5817,UCaNjlqZlLDpFqJVVO-0U2KA,얼간김준호,xzaQuiuiONY,하하와 신기루가 친해지게 된 계기,2026-03-28T08:00:52Z,89.0,False,4387,27.0,0.0
5817,UCaNjlqZlLDpFqJVVO-0U2KA,얼간김준호,7SzNANsPq5o,부부끼리도 마늘은 좀 그렇지 않아요?,2026-03-31T00:35:50Z,48.0,True,19083,28.0,0.0
5817,UCaNjlqZlLDpFqJVVO-0U2KA,얼간김준호,LDNhhk8E4gs,한로로가 겪었던 눈물의 알바썰,2026-04-06T02:47:05Z,76.0,False,13177,204.0,2.0
5817,UCaNjlqZlLDpFqJVVO-0U2KA,얼간김준호,M_6tygRuJvk,EP의 뜻?!,2026-04-07T07:00:32Z,42.0,True,17273,23.0,5.0
5817,UCaNjlqZlLDpFqJVVO-0U2KA,얼간김준호,dlxG5jmqW_g,조혜련의 기적의 나이 계산법,2026-04-08T01:17:44Z,31.0,True,14956,52.0,0.0
5817,UCaNjlqZlLDpFqJVVO-0U2KA,얼간김준호,e02NqmqgkPE,진짜 공룡상,2026-04-09T05:25:37Z,53.0,True,2862,5.0,0.0
5817,UCaNjlqZlLDpFqJVVO-0U2KA,얼간김준호,Z8d3nyHbxQw,지금 가장 유행한다는 그 비빔밥,2026-04-10T02:30:19Z,76.0,False,1708,10.0,0.0
5817,UCaNjlqZlLDpFqJVVO-0U2KA,얼간김준호,hjnR5Y2c6i4,인형뽑기 할 때 가장 화나는 순간,2026-04-14T04:34:13Z,43.0,True,3458,13.0,0.0
5817,UCaNjlqZlLDpFqJVVO-0U2KA,얼간김준호,qhlu-WWEz5U,[환승연애4] 박현지가 오열했던 이유,2026-04-15T01:49:59Z,98.0,False,4275,10.0,0.0
5817,UCaNjlqZlLDpFqJVVO-0U2KA,얼간김준호,RXSYY8xr5e0,와이프에게 사랑 받는 법,2026-04-21T02:00:30Z,74.0,False,1694,13.0,0.0
5817,UCaNjlqZlLDpFqJVVO-0U2KA,얼간김준호,wCrWeHidlXY,배우들의 개인기: 30초 안에 울기,2026-04-26T23:42:03Z,95.0,False,2019,31.0,0.0
5817,UCaNjlqZlLDpFqJVVO-0U2KA,얼간김준호,qmdjbnTMuhs,한강에서 꼭 먹어야 되는 것,2026-04-30T06:40:48Z,61.0,False,1511,6.0,0.0
5817,UCaNjlqZlLDpFqJVVO-0U2KA,얼간김준호,QZ__n24DzXk,배우들의 3가지 ver.좋아해요,2026-05-03T23:58:56Z,108.0,False,3583,37.0,0.0
5817,UCaNjlqZlLDpFqJVVO-0U2KA,얼간김준호,Zhb5SPBB90s,테무에서 찾은 꾸안꾸룩,2026-05-11T00:33:02Z,63.0,False,1871,3.0,0.0
5817,UCaNjlqZlLDpFqJVVO-0U2KA,얼간김준호,n8azlwVwP2Q,승무원 개인기,2026-05-13T10:01:10Z,67.0,False,3731,11.0,3.0
5817,UCaNjlqZlLDpFqJVVO-0U2KA,얼간김준호,XEqTF2A_T_8,퇴사가 사람에게 끼치는 영향,2026-05-14T11:00:50Z,60.0,True,1944,6.0,0.0
5818,UChj3l7agroia0FzOQonccrQ,Vinh Petrolimex,Mfue8SaH3Ic,Khắc phục hạn chế của bình gas petrolimex 12kg - Giải pháp khắc phục cho các nhà hàng? - Video 4k,2025-03-14T01:00:28Z,133.0,False,16851,1.0,0.0
5818,UChj3l7agroia0FzOQonccrQ,Vinh Petrolimex,_9ya1PnWnEs,"Cách vận giao nhận vận hành gas hiệu quả - Nhà hàng ẩm thực á đông, gas công nghiệp - 4k",2025-03-16T01:00:28Z,342.0,False,142,2.0,0.0
5818,UChj3l7agroia0FzOQonccrQ,Vinh Petrolimex,i9XMX_remjk,Nên sử dụng gas nào là tốt nhất? tại sao các nhà hàng lớn lại chọn gas petrolimex chính hãng?,2025-03-17T09:46:28Z,183.0,False,130,2.0,0.0
5818,UChj3l7agroia0FzOQonccrQ,Vinh Petrolimex,2mwHBDkZN18,"Nhà hàng quán cơm khu trầu cau để gas trên tầng 2 giao gas sẽ như thế nào, gas công nghiệp",2025-03-18T01:00:02Z,988.0,False,182,1.0,0.0
5818,UChj3l7agroia0FzOQonccrQ,Vinh Petrolimex,ZxYzE50ieHs,"Cách kiểm tra và khắc phục đuôi heo bị rò gỉ gas, Gas coonng nghiệp, gas petrolimex, vinhpetrolimex",2025-03-18T01:00:32Z,58.0,True,807,7.0,0.0
5818,UChj3l7agroia0FzOQonccrQ,Vinh Petrolimex,qNPSKcF-wjs,Rap Giao Gas - Anh Shipper Petrolimex Đỉnh Nhất Hệ Mặt Trời - Điệp khúc bùng cháy #petrolimex,2025-03-20T10:30:32Z,58.0,True,363,6.0,0.0
5818,UChj3l7agroia0FzOQonccrQ,Vinh Petrolimex,wi4spghqGvs,"Bạn Có Biết? Những Anh Hùng Thầm Lặng Giao Gas Mỗi Ngày, Gas công nghiệp, Gas petrolimex",2025-03-21T01:00:49Z,145.0,False,372,3.0,0.0
5818,UChj3l7agroia0FzOQonccrQ,Vinh Petrolimex,JaCtEP8Tv2I,"Tên cũ trong tim - Nhạc Hay Tăng Hứng Khởi! Gas công nghiệp, Gas petrolimex, sát nhập tỉnh",2025-03-23T01:00:17Z,213.0,False,30227,3.0,0.0
5818,UChj3l7agroia0FzOQonccrQ,Vinh Petrolimex,FlquqOV0ONg,"Bình Gas Petrolimex 22kg – Nữ Tiếp Thị, Nam Cũng Phải Gật Gù, Gas công nghiệp, Gas petrolimex",2025-03-24T01:00:10Z,2083.0,False,4383,32.0,2.0
5818,UChj3l7agroia0FzOQonccrQ,Vinh Petrolimex,e7aQ1stZuFg,cách kiểm tra hệ thống báo cháy van điện từ cho hệ thống gas công nghiệp 1 -  #vinhpetrolimex #food,2025-03-24T01:00:34Z,48.0,True,560,7.0,0.0
5818,UChj3l7agroia0FzOQonccrQ,Vinh Petrolimex,xoMmiUgbbls,"Giao Gas Không Đơn Giản – Đây Là Sự Chuyên Nghiệp & Tận Tâm! Gas công nghiệp, Gas petrolimex",2025-03-25T01:00:48Z,193.0,False,173,2.0,0.0
5818,UChj3l7agroia0FzOQonccrQ,Vinh Petrolimex,TZY7icBbDb0,cách kiểm tra van điện từ ngắn gas tự động  #petrolimex #gas #vinhpetrolimex #food  #thinhhanh,2025-03-26T01:00:30Z,51.0,True,741,7.0,0.0
5818,UChj3l7agroia0FzOQonccrQ,Vinh Petrolimex,6IObJnX2pvM,"Tiếng Rồ Ga Của Xe Giao Gas – Âm Thanh Của Sự Chuyên nghiệp, gas công nghiệp, gas petrolimex - 4K",2025-03-27T01:00:11Z,436.0,False,298,1.0,0.0
5818,UChj3l7agroia0FzOQonccrQ,Vinh Petrolimex,rzcfPwoCEaU,"Nhà hàng hoài niệm nhất tại TP bắc ninh, Cơm văn phòng, Cơm trưa cùng nhà hàng cơm mậu dịch",2025-03-29T01:00:44Z,831.0,False,408,3.0,0.0
5818,UChj3l7agroia0FzOQonccrQ,Vinh Petrolimex,bOFkUNUb0RE,Sự kiện trực tiếp của Vinh Petrolimex,2025-03-29T04:36:23Z,,False,0,0.0,0.0
5818,UChj3l7agroia0FzOQonccrQ,Vinh Petrolimex,xCurf5xkgLE,"Ngọn lửa vươn cao - Giao gas đúng giờ, tiếp lửa mọi nhà, Gas công nghiệp, Gas petrolimex",2025-03-31T01:00:53Z,178.0,False,85,1.0,0.0
5818,UChj3l7agroia0FzOQonccrQ,Vinh Petrolimex,3NzCWBwWCyw,Chia sẻ Chị Mai gần 20 Năm Gắn Bó Nghề Quán Ăn – Bí Quyết Thành Công Đến Từ Việc Chọn Gas Đúng!,2025-04-02T01:00:06Z,63.0,False,28729,211.0,0.0
5818,UChj3l7agroia0FzOQonccrQ,Vinh Petrolimex,s0StNsvaxKg,"Nơi Bắt Đầu Là Một Giấc Mơ - Cơm gà hội an - Phở gà - Bún cá cay - Gas petrolimex, gas công nghiệp",2025-04-03T01:00:41Z,427.0,False,383,9.0,2.0
5818,UChj3l7agroia0FzOQonccrQ,Vinh Petrolimex,a33lF16ewR8,"Bắc Ninh còn đây - Gas công nghiệp, Gas petrolimex, Vinhpetrolimex",2025-04-04T01:00:00Z,231.0,False,755,2.0,2.0
5818,UChj3l7agroia0FzOQonccrQ,Vinh Petrolimex,4phdNogayyc,Bếp Hàn Quốc rò gas – Nguy hiểm chết người! #vinhpetrolimex #petrolimex #automobile #food #gas,2025-04-04T06:30:03Z,10.0,True,2236,4.0,0.0
5818,UChj3l7agroia0FzOQonccrQ,Vinh Petrolimex,b3FmvSFul1o,"Hà Bắc Một Nhà - Gas công nghiệp, Gas petrolimex, Vinhpetrolimex",2025-04-05T01:00:29Z,211.0,False,141,3.0,0.0
5818,UChj3l7agroia0FzOQonccrQ,Vinh Petrolimex,q1GywGco9Us,"Nhà hàng trâu nhất giang TP bắc Ninh - Gas công nghiệp, Gas petrolimex",2025-04-05T17:00:49Z,85.0,False,293,0.0,0.0
5818,UChj3l7agroia0FzOQonccrQ,Vinh Petrolimex,Md-Gynd1C8o,"Giao gas trời mưa có an toàn không - Royal Phoenix Hotel - TP Bắc Ninh, gas petrolimex",2025-04-09T01:00:30Z,1259.0,False,114,2.0,2.0
5818,UChj3l7agroia0FzOQonccrQ,Vinh Petrolimex,jC0ajUoOKDU,"Petrolimex đồng hành cùng nhà hàng Hàn Quốc - Gas công nghiệp, Gas petrolimex",2025-04-12T01:00:51Z,226.0,False,233,1.0,0.0
5818,UChj3l7agroia0FzOQonccrQ,Vinh Petrolimex,WzCFtGu6Aro,"Gas công nghiệp, Gas petrolimex, công ty nên sử dụng gas nào để nấu ăn",2025-04-19T04:00:38Z,756.0,False,562,4.0,0.0
5818,UChj3l7agroia0FzOQonccrQ,Vinh Petrolimex,_Ayg_rlJ1FI,"Dophin TP Bắc Ninh - sử dụng gas nào tốt nhất, gas công nghiệp, gas petrolimex  #petrolimex #food",2025-04-20T10:00:58Z,56.0,True,254,4.0,0.0
5818,UChj3l7agroia0FzOQonccrQ,Vinh Petrolimex,J2IS1xGN1gM,"Giao gas hộ nhà dân - Gas dân dụng hộ gia đình - Bình gas petrolimex 12kg, gas công nghiệp",2025-04-21T01:00:17Z,288.0,False,970,4.0,0.0
5818,UChj3l7agroia0FzOQonccrQ,Vinh Petrolimex,8TswhC446JE,"Trung tâm tổ chức sự kiện số 1 Bắc Ninh Dophin - Sử dụng gas nào là tốt nhất, gas petrolimex",2025-04-24T01:00:07Z,185.0,False,34,0.0,0.0
5818,UChj3l7agroia0FzOQonccrQ,Vinh Petrolimex,VBO7jNBEFmo,"Công Nghệ Gas Hóa Hơi – Bí Quyết Đảm Bảo Thành Công Tại Dophin - Gas rút lỏng, gas petrolimex",2025-04-26T01:00:25Z,161.0,False,171,2.0,0.0
5818,UChj3l7agroia0FzOQonccrQ,Vinh Petrolimex,G6CRDLhS5WE,"Kinh Nghiệm Sử Dụng Gas Cho Nhà Hàng – Bếp Trưởng Cơm Niêu Singapore Chia Sẻ, gas petrolimex",2025-04-28T01:00:24Z,138.0,False,74,1.0,0.0
5818,UChj3l7agroia0FzOQonccrQ,Vinh Petrolimex,b3xNR9BSQnk,Vì Sao Khách Sạn Phú Gia Ưu Tiên Dùng Bình Gas 22kg? Bếp Trưởng Chia Sẻ Kinh Nghiệm Thực Tế,2025-04-30T01:00:26Z,115.0,False,106,1.0,0.0
5818,UChj3l7agroia0FzOQonccrQ,Vinh Petrolimex,wxiAxC8WB5w,"Tiết kiệm chi phí, an toàn tối đa – Gas 22kg từ Petrolimex có gì đặc biệt?",2025-05-17T01:01:03Z,321.0,False,179,2.0,0.0
5818,UChj3l7agroia0FzOQonccrQ,Vinh Petrolimex,etGDhPqCPuY,Chú Cường – Chủ Quán Thịt Chó 40 Năm Chia Sẻ Bí Quyết: Vì Sao Chỉ Tin Dùng Gas Petrolimex 22kg?,2025-05-20T01:00:46Z,757.0,False,120,1.0,0.0
5818,UChj3l7agroia0FzOQonccrQ,Vinh Petrolimex,CVrOzKVrTEQ,Hướng Dẫn Thay Thế Dây Gas Cao Áp Công Nghiệp An Toàn Cho Bếp Nhà Hàng,2025-05-23T01:00:11Z,1135.0,False,162,0.0,0.0
5818,UChj3l7agroia0FzOQonccrQ,Vinh Petrolimex,ETvu6qkSPRU,Kiểm Tra Bếp Tại Nhà Hàng Trung Quốc: Bí Quyết Đảm Bảo Bếp Luôn Vận Hành Tốt & Tiết Kiệm Gas!,2025-06-01T01:00:27Z,173.0,False,54,0.0,0.0
5818,UChj3l7agroia0FzOQonccrQ,Vinh Petrolimex,336Ik-Xt58I,Cách Xử Lý Bếp Nhiều Đầu Đốt Hàn Quốc Bị Lửa Đỏ Đơn Giản | Bếp Trưởng Chia Sẻ Về Gas Petrolimex,2025-06-04T01:00:03Z,171.0,False,56,0.0,0.0
5818,UChj3l7agroia0FzOQonccrQ,Vinh Petrolimex,hgwPcLykogQ,Bình 22kg – Lựa Chọn Lớn Cho Những Giá Trị Bền Vững,2025-07-08T02:55:25Z,134.0,False,316,2.0,0.0
5818,UChj3l7agroia0FzOQonccrQ,Vinh Petrolimex,29qH-SMmWq8,Bình Gas 22kg Petrolimex Có Gì Khác ? Chủ Quán Cơm Tiết Lộ Sự Thật Sau Khi Dùng Thử,2025-07-10T01:00:08Z,255.0,False,595,3.0,0.0
5818,UChj3l7agroia0FzOQonccrQ,Vinh Petrolimex,9uGXbhQZtaE,Chủ Quán Phở Gan Cháy Đáp Cầu Bật Mí Bí Quyết Sử Dụng Bình Gas 22kg Hiệu Quả!,2025-07-13T01:00:09Z,212.0,False,453,2.0,0.0
5818,UChj3l7agroia0FzOQonccrQ,Vinh Petrolimex,YYQ9e4Hh5WM,Chủ Quán - Ốc Nhà Miu Chia Sẻ Lý Do Chuyển Sử Dụng Bình Gas 22kg Petrolimex,2025-07-19T01:00:38Z,381.0,False,184,3.0,0.0
5818,UChj3l7agroia0FzOQonccrQ,Vinh Petrolimex,QhMUq8cu5wQ,"Anh Tài – Chủ Quán Cơm Rang, Phở Xào: Vì Sao Tôi Chọn Bình Gas 22kg Petrolimex?",2025-07-24T01:00:25Z,238.0,False,329,4.0,0.0
5818,UChj3l7agroia0FzOQonccrQ,Vinh Petrolimex,m2bW-Slh4dA,"Bình Gas 22kg Petrolimex – Khách hàng hài lòng, tự giới thiệu nhau!",2025-08-17T01:00:44Z,273.0,False,97,0.0,0.0
5818,UChj3l7agroia0FzOQonccrQ,Vinh Petrolimex,j1w1GSr2VXE,Quán Ốc Anh mới mở cực ngon – Giải pháp bình Gas 22kg tối ưu cho nhà hàng & quán ăn nhỏ,2025-08-20T01:00:47Z,246.0,False,86,0.0,0.0
5818,UChj3l7agroia0FzOQonccrQ,Vinh Petrolimex,oFxcx2TAfWk,Kinh hoàng! Bình gas bốc cháy – nhưng chỉ 1 thao tác đã dập tắt trong 3 giây!  #GasPetrolimex,2025-10-23T09:30:34Z,50.0,True,8373,40.0,2.0
5818,UChj3l7agroia0FzOQonccrQ,Vinh Petrolimex,cbqHtWl2kJQ,"Lửa gas bốc cao, nước bất lực – chỉ một thao tác tay cứu cả căn nhà!",2025-10-24T01:30:35Z,139.0,False,156,1.0,0.0
5818,UChj3l7agroia0FzOQonccrQ,Vinh Petrolimex,PEobZIdk2Sw,Bình gas có cháy được dưới nước không? Kết quả khiến ai cũng sốc!  #gaspetrolimex #gas #food,2025-10-26T01:00:26Z,56.0,True,1222,6.0,13.0
5818,UChj3l7agroia0FzOQonccrQ,Vinh Petrolimex,RLnE8wLpWfY,Vì sao bình gas có nước? Sự thật ai cũng nên biết!,2026-01-23T01:00:00Z,446.0,False,711,4.0,3.0
5818,UChj3l7agroia0FzOQonccrQ,Vinh Petrolimex,KA9LMBSVYM0,Sự Thật Gây Sốc: Vì Sao Gas Mùa Đông Luôn Yếu và Mau Tắt Lửa? #gas #diy #petrolimex,2026-01-25T01:00:00Z,25.0,True,1306,4.0,0.0
5818,UChj3l7agroia0FzOQonccrQ,Vinh Petrolimex,TwPK5Bn4UNc,Đoàn Thanh Niên Gas Petrolimex Giao Lưu – Thắp Hương Tưởng Niệm & Giải Pickleball Sôi Động Bắc Ninh,2026-03-22T01:00:00Z,182.0,False,138,0.0,0.0
5818,UChj3l7agroia0FzOQonccrQ,Vinh Petrolimex,UR-T0idO6cs,Giá gas tăng sốc: Nhà hàng nhỏ bị bỏ rơi? Petrolimex nói KHÔNG!,2026-04-12T00:30:00Z,215.0,False,483,3.0,0.0
5819,UCXxRoInLHP-4kYX1Hhbi3eQ,그냥 조현영 [Just hyunyoung],KHHUu-uBBBA,[그냥조현영] 내 깜빡이가 멈추지 않는 탓일까? ㅜ.ㅜ,2025-10-28T09:00:37Z,1307.0,False,97441,1763.0,267.0
5819,UCXxRoInLHP-4kYX1Hhbi3eQ,그냥 조현영 [Just hyunyoung],Un9-6V5MsSI,[그냥조현영] 여유 넘치는 벤츠남,2025-10-29T10:01:03Z,50.0,True,136976,1267.0,53.0
5819,UCXxRoInLHP-4kYX1Hhbi3eQ,그냥 조현영 [Just hyunyoung],aFjAxQKhzSU,[그냥조현영] 머리가 나쁘면 몸이 고생함,2025-10-30T09:00:01Z,42.0,True,160129,899.0,38.0
5819,UCXxRoInLHP-4kYX1Hhbi3eQ,그냥 조현영 [Just hyunyoung],WtIDUAkmBdQ,[그냥조현영] 조폭 여친이 조수석에 타면 벌어지는 일,2025-10-31T09:01:03Z,88.0,False,189125,1747.0,110.0
5819,UCXxRoInLHP-4kYX1Hhbi3eQ,그냥 조현영 [Just hyunyoung],zavw6zL6E60,[아바타소개팅] 아이돌 후배 장준의 놀잇감으로 전락한 조현영,2025-11-04T09:01:38Z,1275.0,False,48429,843.0,248.0
5819,UCXxRoInLHP-4kYX1Hhbi3eQ,그냥 조현영 [Just hyunyoung],yDR7m7fFp34,막차 떠난 건 알지만 골반이 멈추지 않는 내가 너무 귀여운걸 어떡해😅😍 #조현영 #challenge #골반통신,2025-11-14T09:01:44Z,46.0,True,144246,1222.0,113.0
5819,UCXxRoInLHP-4kYX1Hhbi3eQ,그냥 조현영 [Just hyunyoung],rFzvQmeGLY0,미리 조렝스마스! 원로가수 레인보우18의 라이브 방송!,2025-11-25T09:18:30Z,1249.0,False,3974,302.0,19.0
5819,UCXxRoInLHP-4kYX1Hhbi3eQ,그냥 조현영 [Just hyunyoung],A1wHgxi56b8,원로가수 레인보우18 신곡 기념 라이브!,2025-11-25T10:41:39Z,3995.0,False,8093,470.0,37.0
5819,UCXxRoInLHP-4kYX1Hhbi3eQ,그냥 조현영 [Just hyunyoung],kSuQmYIHX6g,Rainbow18(레인보우18) 'Good In Smile (feat. 예원 of 쥬얼리)' Official MV,2025-11-26T09:01:14Z,168.0,False,25064,566.0,89.0
5819,UCXxRoInLHP-4kYX1Hhbi3eQ,그냥 조현영 [Just hyunyoung],sFcn-umkOqU,[그냥조현영] 크리스마스에 산타도 들으면서 배달한다는 캐롤 'Good in Smile' 뮤비 비하인드,2025-12-02T09:01:20Z,730.0,False,12382,496.0,86.0
5819,UCXxRoInLHP-4kYX1Hhbi3eQ,그냥 조현영 [Just hyunyoung],HNI1k6ZdYeA,[그냥 조현영] 이제 좀 친해졌다고 깝죽대기 시작한 1대 같은 4대 피디,2025-12-09T09:00:33Z,1039.0,False,22830,606.0,77.0
5819,UCXxRoInLHP-4kYX1Hhbi3eQ,그냥 조현영 [Just hyunyoung],5zEb4ytYMjs,[그냥조현영] 솔직히 100% 둘이 사귈 줄 알았다 나는,2025-12-16T09:00:17Z,659.0,False,51812,895.0,229.0
5819,UCXxRoInLHP-4kYX1Hhbi3eQ,그냥 조현영 [Just hyunyoung],FZFfOTmo-yM,게스트 총집합! 그냥조현영 연말정산 2025 시상,2025-12-30T09:00:34Z,1484.0,False,24918,827.0,84.0
5819,UCXxRoInLHP-4kYX1Hhbi3eQ,그냥 조현영 [Just hyunyoung],aC-P1TQPvQw,[그냥 조현영] 연기보다 사심이 앞서버린 대배우의 하루,2026-01-13T09:00:00Z,807.0,False,127076,1481.0,150.0
5819,UCXxRoInLHP-4kYX1Hhbi3eQ,그냥 조현영 [Just hyunyoung],2Irjju5PFns,[그냥조현영] 조현영은 이 폴더를 절대 열지 말 것,2026-01-20T09:00:04Z,935.0,False,41432,921.0,133.0
5819,UCXxRoInLHP-4kYX1Hhbi3eQ,그냥 조현영 [Just hyunyoung],7RV4GeHODGw,[그냥조현영] 너무 무서워서 실제로 촬영 중단됐던 실화 공포 썰,2026-01-27T09:00:09Z,1148.0,False,93483,1710.0,133.0
5819,UCXxRoInLHP-4kYX1Hhbi3eQ,그냥 조현영 [Just hyunyoung],RMSq3_9_Br0,[그냥 조현영] 조현영의 어두운 과거 청산을 위해 준비한 짬처리 바자회,2026-02-03T09:00:40Z,944.0,False,23428,688.0,107.0
5819,UCXxRoInLHP-4kYX1Hhbi3eQ,그냥 조현영 [Just hyunyoung],kdlKVtA_d6s,"[마녀사망] 두쫀쿠보다 핫했던 마녀사망, 드디어 돌아왔다!(with. 우리, 노을)",2026-02-10T09:01:09Z,1415.0,False,72556,1464.0,195.0
5819,UCXxRoInLHP-4kYX1Hhbi3eQ,그냥 조현영 [Just hyunyoung],lAo_9C7aNcg,"[마녀사망] 설 연휴를 책임질 당신의 웃음벨! 마녀사망이 또 돌아왔다!(with. 우리, 노을)",2026-02-17T09:00:55Z,1301.0,False,45098,902.0,116.0
5819,UCXxRoInLHP-4kYX1Hhbi3eQ,그냥 조현영 [Just hyunyoung],Z4eyPdv7-H4,[그냥조현영] 우결 찍더니 이젠 진짜 결혼 얘기까지 하는 딘딘과 조현영,2026-03-24T09:00:45Z,811.0,False,418019,4388.0,686.0
5819,UCXxRoInLHP-4kYX1Hhbi3eQ,그냥 조현영 [Just hyunyoung],VS8rB66LnAE,[그냥조현영] 얼굴로 먹고 사는 사람들의 고생,2026-03-24T11:00:53Z,56.0,True,87962,908.0,75.0
5819,UCXxRoInLHP-4kYX1Hhbi3eQ,그냥 조현영 [Just hyunyoung],WCSNYhGLIYo,[그냥조현영] 조현영은 긁어야 제 맛!,2026-03-25T09:00:42Z,22.0,True,1765128,6978.0,204.0
5819,UCXxRoInLHP-4kYX1Hhbi3eQ,그냥 조현영 [Just hyunyoung],E9EZUECUA7w,[그냥조현영] 찐친 사이에 어떻게 봐요?,2026-03-26T09:00:17Z,63.0,False,107225,853.0,52.0
5819,UCXxRoInLHP-4kYX1Hhbi3eQ,그냥 조현영 [Just hyunyoung],Pn-gGQspfhQ,얼굴이 콘텐츠 그 자체인 조현영,2026-03-31T09:00:20Z,56.0,True,9739,313.0,65.0
5819,UCXxRoInLHP-4kYX1Hhbi3eQ,그냥 조현영 [Just hyunyoung],ioaXhNaiuHc,[그냥조현영] 어떻게든 딘딘이랑 엮어보려는 제작진의 얕은 술수,2026-04-07T09:00:57Z,1039.0,False,271645,3698.0,450.0
5819,UCXxRoInLHP-4kYX1Hhbi3eQ,그냥 조현영 [Just hyunyoung],moNelR0QCNk,PD : 누나.. 우리 또 막차 놓친 것 같아요 #challenge #boomshakalaka #jumpshot #점프샷 #챌린지,2026-04-07T10:01:21Z,14.0,True,237056,1532.0,180.0
5819,UCXxRoInLHP-4kYX1Hhbi3eQ,그냥 조현영 [Just hyunyoung],irIBW_v4p0c,[그냥조현영] 누구랑 결혼하고 싶어?,2026-04-08T09:01:05Z,30.0,True,128611,495.0,43.0
5819,UCXxRoInLHP-4kYX1Hhbi3eQ,그냥 조현영 [Just hyunyoung],I--2xeRlw8c,[그냥조현영] 유우명 유튜바의 아찔한 부업,2026-04-09T09:00:19Z,41.0,True,34924,297.0,24.0
5819,UCXxRoInLHP-4kYX1Hhbi3eQ,그냥 조현영 [Just hyunyoung],Ky1NdwxX4e4,[그냥조현영] 충격적이고 짜릿하고 새롭고 재밌으면서도 감동있는 신규 콘텐츠 예고!,2026-04-10T09:00:34Z,43.0,True,17424,114.0,3.0
5819,UCXxRoInLHP-4kYX1Hhbi3eQ,그냥 조현영 [Just hyunyoung],HC9aNFQ_Jl4,[그냥조현영] 치명적인 현영의 포즈,2026-04-11T09:00:18Z,27.0,True,32412,289.0,19.0
5819,UCXxRoInLHP-4kYX1Hhbi3eQ,그냥 조현영 [Just hyunyoung],I1zlLkeRkt0,[마녀사망] 애 엄마가 됐지만 야빨아를 내려놓지 못한 고우리(with. 다정),2026-04-14T09:00:31Z,1433.0,False,83272,1358.0,102.0
5819,UCXxRoInLHP-4kYX1Hhbi3eQ,그냥 조현영 [Just hyunyoung],NDagwNw3J9Q,[마녀사망] 분위기가 숙연해지는 그녀의 애교..,2026-04-15T09:00:28Z,32.0,True,133736,502.0,26.0
5819,UCXxRoInLHP-4kYX1Hhbi3eQ,그냥 조현영 [Just hyunyoung],ool7BGGsabo,[마녀사망] 잘생긴 사람은 뭘 하든 좋아보이기 마련,2026-04-16T09:01:08Z,30.0,True,92952,455.0,25.0
5819,UCXxRoInLHP-4kYX1Hhbi3eQ,그냥 조현영 [Just hyunyoung],qS4c9rn890w,[마녀사망] 이래서 사람이 명품이 있어야 돼..,2026-04-17T09:01:19Z,31.0,True,39680,246.0,6.0
5819,UCXxRoInLHP-4kYX1Hhbi3eQ,그냥 조현영 [Just hyunyoung],asXWPvVoLB8,[마녀사망] 클럽에서 애인을 마주쳐도 그냥 넘어가는 법,2026-04-18T09:00:03Z,37.0,True,46988,333.0,18.0
5819,UCXxRoInLHP-4kYX1Hhbi3eQ,그냥 조현영 [Just hyunyoung],Qx40mbIe5ps,"[그냥조현영] 결국에 만나버린 정작 본명은 조규이, 김현영인 두 현영",2026-04-21T09:00:39Z,932.0,False,40891,825.0,108.0
5819,UCXxRoInLHP-4kYX1Hhbi3eQ,그냥 조현영 [Just hyunyoung],_zW8v6D4bIc,[그냥조현영] 성이 달랐을 뿐인데..,2026-04-23T09:00:51Z,77.0,False,168348,1315.0,82.0
5819,UCXxRoInLHP-4kYX1Hhbi3eQ,그냥 조현영 [Just hyunyoung],1NjkOx7-RYc,[그냥조현영] 그저 결혼 맨날 결혼!,2026-04-24T09:00:07Z,36.0,True,110937,595.0,66.0
5819,UCXxRoInLHP-4kYX1Hhbi3eQ,그냥 조현영 [Just hyunyoung],sUBBU9taoPc,[그냥조현영] 전생체험 보다 현생 결혼이 더 중요하다는 궤도,2026-04-28T09:01:19Z,1373.0,False,17529,540.0,77.0
5819,UCXxRoInLHP-4kYX1Hhbi3eQ,그냥 조현영 [Just hyunyoung],f9xdPKHk5VU,[그냥조현영] 아판타시아가 보는 전,2026-04-29T09:00:57Z,51.0,True,31978,179.0,8.0
5819,UCXxRoInLHP-4kYX1Hhbi3eQ,그냥 조현영 [Just hyunyoung],inNLqMX6cyw,[그냥조현영] 문 열고 나왔어? 닫고 나왔어?,2026-04-30T09:01:05Z,57.0,True,219308,1129.0,93.0
5819,UCXxRoInLHP-4kYX1Hhbi3eQ,그냥 조현영 [Just hyunyoung],ZZ_pW-RejZ0,[그냥조현영] 궤도가 괴도 잡았대요!!,2026-05-01T09:01:01Z,58.0,True,27560,235.0,14.0
5819,UCXxRoInLHP-4kYX1Hhbi3eQ,그냥 조현영 [Just hyunyoung],5dd41HBU-4I,[그냥조현영] 제작진 밥줄 끊길 뻔한 순간..,2026-05-02T09:00:07Z,75.0,False,44082,331.0,20.0
5819,UCXxRoInLHP-4kYX1Hhbi3eQ,그냥 조현영 [Just hyunyoung],jvScExR5Hdc,[아바타소개팅] 아직 한 번도 못 갔는데 한 번 더 가야하는 팔자,2026-05-05T09:01:08Z,1117.0,False,15233,426.0,30.0
5819,UCXxRoInLHP-4kYX1Hhbi3eQ,그냥 조현영 [Just hyunyoung],JeI82Nj9GiU,[아바타소개팅] 육덕진 조현영??,2026-05-06T09:00:25Z,53.0,True,41840,328.0,13.0
5819,UCXxRoInLHP-4kYX1Hhbi3eQ,그냥 조현영 [Just hyunyoung],OtGNDhupV6o,[아바타소개팅] 이런 관상은 밤의 황제래요!,2026-05-07T09:00:36Z,25.0,True,170619,608.0,17.0
5819,UCXxRoInLHP-4kYX1Hhbi3eQ,그냥 조현영 [Just hyunyoung],b80lYenXJaw,[아바타소개팅] 왜이렇게 작아?,2026-05-08T09:01:01Z,46.0,True,31816,240.0,15.0
5819,UCXxRoInLHP-4kYX1Hhbi3eQ,그냥 조현영 [Just hyunyoung],SSW59y3k4Ko,[그냥조현영] 정신 나가는 밸런스 이상형 월드컵,2026-05-12T09:00:38Z,1279.0,False,17327,545.0,43.0
5819,UCXxRoInLHP-4kYX1Hhbi3eQ,그냥 조현영 [Just hyunyoung],oGQsKI-_nFk,[그냥조현영] 이래야 담배의 풍미가 올라갑니다만?,2026-05-16T09:01:05Z,47.0,True,14412,121.0,4.0
5819,UCXxRoInLHP-4kYX1Hhbi3eQ,그냥 조현영 [Just hyunyoung],naBHIpwBzas,[그냥조현영] 꽤나 부러운 피카츄의..,2026-05-16T10:01:20Z,39.0,True,31728,167.0,14.0
5820,UCoFfV8sTi5PWKEdvJP2XzWQ,늘이농,TKDwjIoTm5Q,요즘 20대 코디 특.,2026-01-15T13:14:08Z,52.0,True,39947,544.0,8.0
5820,UCoFfV8sTi5PWKEdvJP2XzWQ,늘이농,21CAkC4qBjE,이젠 설빙에서도 두쫀쿠 나오네..#두쫀쿠 #두바이,2026-01-17T13:43:34Z,25.0,True,43668,445.0,3.0
5820,UCoFfV8sTi5PWKEdvJP2XzWQ,늘이농,BwDraOmazbA,찐친 게사친과 홍콩 여행을 다녀왔습다.,2026-01-19T14:31:59Z,2310.0,False,56782,902.0,49.0
5820,UCoFfV8sTi5PWKEdvJP2XzWQ,늘이농,tSCOUDsYwXk,여자랑 여행와서 기분 안 좋은 게사친..,2026-01-20T08:42:26Z,14.0,True,1243048,13726.0,78.0
5820,UCoFfV8sTi5PWKEdvJP2XzWQ,늘이농,FfZIIFBG6Dc,찐친 = 담당일진ㅋㅋㅋㅋㅋㅋ,2026-01-22T14:29:59Z,46.0,True,34442,527.0,4.0
5820,UCoFfV8sTi5PWKEdvJP2XzWQ,늘이농,d7StkHdh-Jk,「혼자 구독자 결혼식」 한번도 안 만난 구독자님 결혼식에 다녀온 썰,2026-01-27T15:30:51Z,984.0,False,5100,112.0,16.0
5820,UCoFfV8sTi5PWKEdvJP2XzWQ,늘이농,AM70hBtuNtY,잘하는 게 하나도 없어서 불안했던 적 있어?,2026-01-28T16:15:54Z,58.0,True,21417,441.0,8.0
5820,UCoFfV8sTi5PWKEdvJP2XzWQ,늘이농,Ly8E5qUaTug,끝 없는 싸움 (장발 vs 단발),2026-01-30T11:17:12Z,14.0,True,212521,2989.0,133.0
5820,UCoFfV8sTi5PWKEdvJP2XzWQ,늘이농,0m7q_1zoIdg,이거 하려고 일본 다녀왔어요! #갸루,2026-02-03T05:48:11Z,14.0,True,51551,1231.0,27.0
5820,UCoFfV8sTi5PWKEdvJP2XzWQ,늘이농,PJbl1A1NEMA,훠거에 꼭 필수라는 이것.,2026-02-07T07:15:41Z,43.0,True,20587,190.0,2.0
5820,UCoFfV8sTi5PWKEdvJP2XzWQ,늘이농,bSYIeXd4KwA,단발 인생 살다가 일본에서 붙임머리를 한 이유,2026-02-09T02:03:42Z,49.0,True,38529,576.0,22.0
5820,UCoFfV8sTi5PWKEdvJP2XzWQ,늘이농,6JEsypVwkq8,나만 쿨 갸루 했어…? #갸루메이크업,2026-02-12T10:42:17Z,54.0,True,476415,9100.0,82.0
5820,UCoFfV8sTi5PWKEdvJP2XzWQ,늘이농,_F5C7vPDAWU,매일 생각나는 센스쟁이 집들이 선물🏠🎁,2026-02-17T11:13:48Z,32.0,True,31541,467.0,10.0
5820,UCoFfV8sTi5PWKEdvJP2XzWQ,늘이농,KXL9SSep6xw,겨울 끝났는데 왜 사냐고요? 시즌오프에 사는 이유 (feat. 지그재그 저점매수),2026-02-20T15:49:09Z,685.0,False,14444,414.0,579.0
5820,UCoFfV8sTi5PWKEdvJP2XzWQ,늘이농,ulG-wnM8hUU,이거 가질 사람..?#실수로 하나 더 샀음 ㅜㅋ,2026-02-24T12:43:40Z,59.0,True,58295,847.0,108.0
5820,UCoFfV8sTi5PWKEdvJP2XzWQ,늘이농,BG04vkB1TGA,블랙업 모델 언냐(언니 아님ㅋ)랑 상하이에 다녀왔습니다! #근데 좀 망함ㅎㅎㅎ,2026-02-26T14:08:44Z,1354.0,False,56259,979.0,35.0
5820,UCoFfV8sTi5PWKEdvJP2XzWQ,늘이농,5-Gbiy8usZU,집업 하나로 얼마나 코디할 수 있을까욥ㅎ,2026-02-27T14:58:14Z,55.0,True,14816,283.0,2.0
5820,UCoFfV8sTi5PWKEdvJP2XzWQ,늘이농,IW-qUFccoO8,최신 돈키호테 추천템! #돈키호테,2026-03-01T12:47:54Z,46.0,True,19509,495.0,5.0
5820,UCoFfV8sTi5PWKEdvJP2XzWQ,늘이농,gaEbTwRhco4,커버하겠다고 쿠션 두들기다가 화장 두꺼워지는 사람은 보세요..!,2026-03-03T16:43:00Z,43.0,True,11414,180.0,5.0
5820,UCoFfV8sTi5PWKEdvJP2XzWQ,늘이농,lzmi56hIa2w,「혼자 도쿄 여행」 도착 10분 만에 폰 먹통...근데 행운이 찾아왔다(?) EP.1,2026-03-08T10:10:57Z,1039.0,False,7894,158.0,21.0
5820,UCoFfV8sTi5PWKEdvJP2XzWQ,늘이농,uqJj3RMsdGw,일본 여행 10분만에 망한 썰..ㅎ,2026-03-08T16:28:31Z,52.0,True,18555,254.0,13.0
5820,UCoFfV8sTi5PWKEdvJP2XzWQ,늘이농,bt7aOJna0RE,「혼자 도쿄 여행」 도쿄에서 잘 노는 법 | 시부야 쇼핑 꿀정보 + 현지 노포 맛집 (캡숑킹왕짱 추천) EP.2,2026-03-13T07:18:18Z,2099.0,False,9781,174.0,30.0
5820,UCoFfV8sTi5PWKEdvJP2XzWQ,늘이농,oL5A7AMkTQo,도쿄 으른 데일리룩🖤,2026-03-13T08:05:47Z,45.0,True,34636,431.0,11.0
5820,UCoFfV8sTi5PWKEdvJP2XzWQ,늘이농,BrhvShfhDgg,사실 이래서 혼자 여행가요 허허ㅎ,2026-03-13T09:38:19Z,24.0,True,13894,123.0,1.0
5820,UCoFfV8sTi5PWKEdvJP2XzWQ,늘이농,Fb59RhQ-yFA,ㄴㅏ 당신의 꽃이 될래요 룩ㅋ,2026-03-17T15:48:02Z,45.0,True,25179,281.0,10.0
5820,UCoFfV8sTi5PWKEdvJP2XzWQ,늘이농,jTH9U35wonY,「혼자 도쿄 여행」 1000% 쿨톤인데 '갸루' 해봤습니다 EP.3,2026-03-19T10:09:57Z,1604.0,False,9398,208.0,36.0
5820,UCoFfV8sTi5PWKEdvJP2XzWQ,늘이농,1b2MTVMzl84,ㅇㅏㄴㅣ 헛웃음 나오게 하네????,2026-03-19T12:16:25Z,44.0,True,21113,342.0,4.0
5820,UCoFfV8sTi5PWKEdvJP2XzWQ,늘이농,-8fKnoXOMxw,귀찮은데 피부는 챙겨야 할 때 (만원템 추천!),2026-03-20T14:08:20Z,62.0,False,24793,492.0,15.0
5820,UCoFfV8sTi5PWKEdvJP2XzWQ,늘이농,9zloQ2CbcwA,저희 사귀냐고요? (feat. 게사친 김똘똘),2026-03-23T15:38:10Z,24.0,True,32604,424.0,9.0
5820,UCoFfV8sTi5PWKEdvJP2XzWQ,늘이농,IhoO-vSptEQ,이거 왜 유행이에요..?,2026-03-24T10:45:58Z,32.0,True,14194,90.0,4.0
5820,UCoFfV8sTi5PWKEdvJP2XzWQ,늘이농,2YCXUZDotmI,새벽 4시에 게사친과 버터떡 만들기 (feat.김똘똘),2026-03-27T14:56:15Z,469.0,False,6344,119.0,8.0
5820,UCoFfV8sTi5PWKEdvJP2XzWQ,늘이농,IeHu6aU56B0,버터떡 순전히 감으로 만들어보기 (with 게사친),2026-03-27T15:51:49Z,57.0,True,29811,212.0,3.0
5820,UCoFfV8sTi5PWKEdvJP2XzWQ,늘이농,NZSjozX_AOc,3년전 과거 메이크업 훈수 두기 (나 왜 이러고 다녔지..?),2026-03-30T15:50:19Z,88.0,False,752671,12076.0,171.0
5820,UCoFfV8sTi5PWKEdvJP2XzWQ,늘이농,dX9-Pq4S5Gs,「혼자 상하이 여행」 나 상하이 갔는데 진짜 당황스러운데? ; EP.1,2026-03-31T09:22:39Z,1596.0,False,14266,281.0,27.0
5820,UCoFfV8sTi5PWKEdvJP2XzWQ,늘이농,cu3Pkz-fr6w,친구 망쳤다 vs 살렸다 ?!,2026-04-02T14:42:58Z,84.0,False,41859,859.0,12.0
5820,UCoFfV8sTi5PWKEdvJP2XzWQ,늘이농,YuVb2u0c9ss,여행갈 때 꼭 챙겨야 하는 필수품!,2026-04-04T15:33:04Z,56.0,True,106399,1071.0,5.0
5820,UCoFfV8sTi5PWKEdvJP2XzWQ,늘이농,EiUjMuMlm5I,기모노까지 입고 벚꽃 보러 왔는데 비가 온다면…?,2026-04-07T15:15:13Z,17.0,True,12913,228.0,11.0
5820,UCoFfV8sTi5PWKEdvJP2XzWQ,늘이농,REHwJEp3Rmw,"기모노, 이거 모르고 고르면 그냥 망합니다 (+사진 꿀팁)",2026-04-12T12:10:38Z,61.0,False,28599,544.0,5.0
5820,UCoFfV8sTi5PWKEdvJP2XzWQ,늘이농,O0kHtGTUYj4,일본 여행의 치명적인 단점.,2026-04-13T14:44:07Z,8.0,True,23130,148.0,6.0
5820,UCoFfV8sTi5PWKEdvJP2XzWQ,늘이농,nwW1Tq5PxVg,「혼자 상하이 여행」 상하이에서 할 수 있는 건 다 해봤습니다.EP.2,2026-04-15T02:19:48Z,2444.0,False,10345,295.0,41.0
5820,UCoFfV8sTi5PWKEdvJP2XzWQ,늘이농,nwozNxO6mY4,비행기 놓쳤는데 이게 무슨 전개?ㅋㅋㅋ,2026-04-19T13:36:27Z,26.0,True,17217,109.0,0.0
5820,UCoFfV8sTi5PWKEdvJP2XzWQ,늘이농,lyxhPQzvGmA,90년대생들이 보면 PTSD오는 영상ㅋㅋㅋㅋㅋ,2026-04-21T13:03:48Z,61.0,False,16912,356.0,8.0
5820,UCoFfV8sTi5PWKEdvJP2XzWQ,늘이농,IRpaURg434w,집에서 입는 반팔로 제대로 뽕 뽑는 코디법🩵,2026-04-24T11:20:29Z,62.0,False,13798,192.0,9.0
5820,UCoFfV8sTi5PWKEdvJP2XzWQ,늘이농,gW8RVz74b3A,심각한 3년전 메이크업 다시 해봤는데…ㅎ,2026-04-28T12:16:59Z,63.0,False,54800,752.0,35.0
5820,UCoFfV8sTi5PWKEdvJP2XzWQ,늘이농,xT95dXbC3cc,집에 오면 바로 이렇게 해야함.,2026-04-29T11:43:46Z,12.0,True,16772,216.0,3.0
5820,UCoFfV8sTi5PWKEdvJP2XzWQ,늘이농,I--LQuKyQJM,어깨 깡패 되는 운동법(초초초간단),2026-05-02T03:31:19Z,67.0,False,24372,530.0,8.0
5820,UCoFfV8sTi5PWKEdvJP2XzWQ,늘이농,BNAEo8ZwQdM,대환장 포켓몬깡(?),2026-05-02T09:44:06Z,61.0,False,5847,87.0,3.0
5820,UCoFfV8sTi5PWKEdvJP2XzWQ,늘이농,XLFte1K1P0g,이래서 안경캐를 무시하면 안됨..,2026-05-06T12:58:32Z,13.0,True,13327,191.0,3.0
5820,UCoFfV8sTi5PWKEdvJP2XzWQ,늘이농,TNU7C2x2N_4,의도치 않은 한 달 존버 올영깡💚,2026-05-10T11:11:51Z,76.0,False,255304,3869.0,15.0
5820,UCoFfV8sTi5PWKEdvJP2XzWQ,늘이농,eW4j0wWoSDg,혼자 여행 다니다가 이거 안 챙겨가서 진짜 후회함 ㅎ (여행 꿀템 총정리),2026-05-17T04:05:09Z,639.0,False,344,22.0,2.0
5821,UClSFlUAMQ-Yv002g8LlCqgQ,소진소진,DiBld6jPmz0,남편에게 하루종일 사랑한다고 얘기하기 (고통받는 남편..),2018-02-23T07:00:01Z,197.0,False,1084871,14037.0,1495.0
5821,UClSFlUAMQ-Yv002g8LlCqgQ,소진소진,TESOcY40RI0,치즈호떡 만들기 (간단하고 맛있어요!),2018-02-26T07:00:01Z,312.0,False,202397,3856.0,518.0
5821,UClSFlUAMQ-Yv002g8LlCqgQ,소진소진,bLsU_2tQrl8,남편한테 아기 가지자고 말했더니...^^♥,2018-02-28T07:00:03Z,301.0,False,3421922,25917.0,3915.0
5821,UClSFlUAMQ-Yv002g8LlCqgQ,소진소진,XVVTiXZ0dXo,부대찌개 만들기 (양념이 완벽해요!),2018-03-02T08:00:03Z,330.0,False,139710,2701.0,441.0
5821,UClSFlUAMQ-Yv002g8LlCqgQ,소진소진,xMFyTna7Gf0,신혼부부의 현실 아침♥,2018-03-07T08:00:03Z,155.0,False,1450361,6525.0,600.0
5821,UClSFlUAMQ-Yv002g8LlCqgQ,소진소진,o4dhdMAC4Y8,간단한 규동 만들기 (남편이 엄청나게 맛있다고 했어요!),2018-03-08T08:00:02Z,257.0,False,146138,2331.0,289.0
5821,UClSFlUAMQ-Yv002g8LlCqgQ,소진소진,p_aCgk3HuJc,남편더빙♥오레오 머랭쿠키 만들기 (좀 웃김ㅋㅋ),2018-03-11T05:22:29Z,152.0,False,359515,5383.0,566.0
5821,UClSFlUAMQ-Yv002g8LlCqgQ,소진소진,LrIwY824lIk,꿀식빵을 만들어서 앙버터식빵 만들기,2018-03-17T07:38:40Z,481.0,False,128102,1737.0,247.0
5821,UClSFlUAMQ-Yv002g8LlCqgQ,소진소진,TCwIWQwkdNA,짜장면 만들기 (만들기 쉽고 대박대박대박 맛있어요!),2018-03-21T08:00:03Z,428.0,False,142242,2193.0,288.0
5821,UClSFlUAMQ-Yv002g8LlCqgQ,소진소진,JdrwbPPutaY,연어장덮밥을 만들어서 남편과 함께 먹어요♥,2018-03-22T08:00:04Z,342.0,False,149174,2165.0,273.0
5821,UClSFlUAMQ-Yv002g8LlCqgQ,소진소진,7DVhCvmTHK4,남편에게 맛 없는 음식을 해주면 과연 맛있게 먹을까요?,2018-03-25T04:00:00Z,349.0,False,2950516,22571.0,2192.0
5821,UClSFlUAMQ-Yv002g8LlCqgQ,소진소진,p-BoXMUaQto,크래커를 넣어 바삭바삭한 돈가스 만들기! (햄치즈돈가스도 만들었어요),2018-03-29T08:30:01Z,377.0,False,89185,1612.0,230.0
5821,UClSFlUAMQ-Yv002g8LlCqgQ,소진소진,OnYDPWUv5w4,과카몰리를 얹은 크루아상 샌드위치만들기 (호화로운 브런치..♥),2018-03-31T04:00:01Z,374.0,False,42059,839.0,146.0
5821,UClSFlUAMQ-Yv002g8LlCqgQ,소진소진,-1BBue1bxyM,남편과 함께 베이컨 포테이토 피자를 만들었어요! (씬도우로 바삭하게☆),2018-04-12T08:00:00Z,560.0,False,216595,2796.0,211.0
5821,UClSFlUAMQ-Yv002g8LlCqgQ,소진소진,moInYjw_cPE,남편 편의점 간 사이에 뛰어내린 척 숨고 반응보기ㅋㅋㅋ,2018-04-26T08:00:01Z,265.0,False,1287009,11938.0,689.0
5821,UClSFlUAMQ-Yv002g8LlCqgQ,소진소진,0ogAAEn4XFo,국물떡볶이 만들기 (신전떡볶이와 비슷한 느낌✨),2018-05-08T08:00:00Z,252.0,False,160522,2301.0,239.0
5821,UClSFlUAMQ-Yv002g8LlCqgQ,소진소진,xXIV2Hxc3kU,남편한테 담배 들키면 어떤 반응일까요?,2018-11-26T08:30:00Z,450.0,False,3369713,34806.0,3421.0
5821,UClSFlUAMQ-Yv002g8LlCqgQ,소진소진,of3YeAUckFk,TV보는 남편 몰래 계속 티비 꺼버리기ㅋㅋㅋㅋㅋ,2018-12-02T05:00:06Z,300.0,False,1647807,20476.0,1215.0
5821,UClSFlUAMQ-Yv002g8LlCqgQ,소진소진,-HKhzSp-vm4,등갈비바베큐 만들어서 남편과 함께 먹어요♥존맛탱,2018-12-09T05:00:00Z,442.0,False,137989,3027.0,381.0
5821,UClSFlUAMQ-Yv002g8LlCqgQ,소진소진,sHPOkHePRA4,남편 카톡 읽씹하면 생기는 일ㅋㅋㅋㅋㅋㅋ,2018-12-11T08:00:03Z,272.0,False,1500350,22784.0,1354.0
5821,UClSFlUAMQ-Yv002g8LlCqgQ,소진소진,FlF0SKaM07c,턱형눈썹 그리고 남편 반응보기ㅋㅋㅋ,2018-12-15T10:18:27Z,272.0,False,459896,8313.0,895.0
5821,UClSFlUAMQ-Yv002g8LlCqgQ,소진소진,SOdTWLUv_1M,아웃백 처음 먹어보는 남편 놀리기ㅋㅋ♥,2018-12-19T08:00:05Z,520.0,False,1326742,13287.0,1785.0
5821,UClSFlUAMQ-Yv002g8LlCqgQ,소진소진,y5DEYZgOkBw,쓰레기 버리러 나간 남편을 몰래 미행 해봤어요,2018-12-25T10:32:42Z,310.0,False,1387028,16634.0,1604.0
5821,UClSFlUAMQ-Yv002g8LlCqgQ,소진소진,c0XJlaGC2Vo,남편한테 배달음식을 직접 만든것처럼 줬더니 반응이ㅋㅋㅋ,2019-01-04T11:39:37Z,349.0,False,2361570,26142.0,2629.0
5821,UClSFlUAMQ-Yv002g8LlCqgQ,소진소진,TZjcH7llo70,반대로 남편에게 직접만든 음식을 배달음식인척 주기 (2편ㅋㅋ),2019-01-09T05:00:03Z,392.0,False,4921987,48131.0,4006.0
5821,UClSFlUAMQ-Yv002g8LlCqgQ,소진소진,vN0TVaXbfAc,배달음식vs부인음식 남편에게 뭐가 더 맛있냐고 물어봤어요(3편),2019-01-15T05:00:02Z,482.0,False,1733806,20717.0,2825.0
5821,UClSFlUAMQ-Yv002g8LlCqgQ,소진소진,0WI1NLZCrfs,용문신을 보면 과연 남편은 어떤 반응일까요?,2019-01-18T05:11:09Z,503.0,False,5131643,35282.0,4102.0
5821,UClSFlUAMQ-Yv002g8LlCqgQ,소진소진,w5_9psJ4dFY,코스트코 처음 가봤는데 쫓겨났어요,2019-01-21T05:00:08Z,515.0,False,1872916,14546.0,
5821,UClSFlUAMQ-Yv002g8LlCqgQ,소진소진,GQhcAOWtSuw,남편과 53층 고급호텔에서 삼겹살 구워먹었어요♥,2019-01-24T06:43:06Z,501.0,False,723995,7517.0,1123.0
5821,UClSFlUAMQ-Yv002g8LlCqgQ,소진소진,a04vj1m7BgA,남편 몰래 샤넬가방 샀어요ㅎㅎ,2019-01-26T05:00:02Z,310.0,False,1214673,14311.0,2714.0
5821,UClSFlUAMQ-Yv002g8LlCqgQ,소진소진,5e8KFXjDn9o,몰래 산 샤넬가방을 본 남편의 반응ㅋㅋㅋㅋㅋ,2019-01-27T09:07:10Z,335.0,False,1479737,17442.0,1857.0
5821,UClSFlUAMQ-Yv002g8LlCqgQ,소진소진,OAPlNllNgtI,남편에게 치즈볼인척 하고 캡사이신볼 먹이고 반응보기ㅋㅋ♥,2019-01-31T08:36:49Z,436.0,False,2737021,31603.0,2464.0
5821,UClSFlUAMQ-Yv002g8LlCqgQ,소진소진,uNdCyioelxg,킹크랩이 먹고싶었어요..,2019-02-09T05:00:06Z,573.0,False,1030425,12348.0,2184.0
5821,UClSFlUAMQ-Yv002g8LlCqgQ,소진소진,GTQARh2xffM,남편과 거짓말탐지기로 진실게임을 해봤어요,2019-02-22T05:00:00Z,495.0,False,487188,7411.0,758.0
5821,UClSFlUAMQ-Yv002g8LlCqgQ,소진소진,wwEgbgy46bk,장모님음식vs배달음식 남편에게 뭐가 더 맛있는지 물어봤어요,2019-03-01T04:42:51Z,413.0,False,2261060,25675.0,2090.0
5821,UClSFlUAMQ-Yv002g8LlCqgQ,소진소진,-Zjr8bMMAFc,맨날 속는 남편에게 진수성찬을 차려줬어요^^,2019-03-22T08:06:52Z,406.0,False,1588796,19099.0,1475.0
5821,UClSFlUAMQ-Yv002g8LlCqgQ,소진소진,K0Q1f-9lz9U,시장에서 행복한 데이트 하고왔어요^^,2019-05-12T04:53:33Z,750.0,False,300038,4966.0,417.0
5821,UClSFlUAMQ-Yv002g8LlCqgQ,소진소진,lAcKXOfAK_Q,남편 72시간 방송중 몰래 별풍선 만개 선물했더니 반응이ㅋㅋㅋㅋ,2019-05-18T13:48:26Z,343.0,False,4660108,49637.0,1967.0
5821,UClSFlUAMQ-Yv002g8LlCqgQ,소진소진,n84tfoaKQq4,남편잘때 몰래 청소하기ㅋㅋㅋㅋ,2019-05-28T08:00:04Z,533.0,False,190659,3707.0,253.0
5821,UClSFlUAMQ-Yv002g8LlCqgQ,소진소진,eNhAyVnvO8A,짬뽕 만들어서 남편 초심 찾아줬어요^^,2019-06-05T07:37:50Z,408.0,False,313409,6654.0,1297.0
5821,UClSFlUAMQ-Yv002g8LlCqgQ,소진소진,sQBoHF66SfQ,결혼 2년차 부부의 데이트란...,2019-06-10T07:40:52Z,777.0,False,854694,10713.0,870.0
5821,UClSFlUAMQ-Yv002g8LlCqgQ,소진소진,9VOq1xegcQg,남편이 나 빼고 제주도여행가서 나도 남편 빼고 다녀온 제주도여행,2019-06-18T07:00:02Z,527.0,False,143413,2649.0,258.0
5821,UClSFlUAMQ-Yv002g8LlCqgQ,소진소진,-1Zdk5hmxac,남편얼굴 마카롱을 만들어봤어요♥,2019-06-23T04:00:00Z,488.0,False,338873,7825.0,618.0
5821,UClSFlUAMQ-Yv002g8LlCqgQ,소진소진,HNo2bZ1GR_E,처음으로 해외여행을 가봤어요 (홍콩 vlog),2019-07-22T04:00:02Z,2156.0,False,128738,2205.0,237.0
5821,UClSFlUAMQ-Yv002g8LlCqgQ,소진소진,oQu-Xq6m70Y,여보..그동안 고마웠어..,2019-07-23T05:00:09Z,367.0,False,616348,9177.0,707.0
5821,UClSFlUAMQ-Yv002g8LlCqgQ,소진소진,F7306Jowl3I,남편을 처음 본 엄마의 반응은 어땠을까요?,2019-07-27T05:00:01Z,195.0,False,307491,5232.0,297.0
5821,UClSFlUAMQ-Yv002g8LlCqgQ,소진소진,gOMhCyAbFYw,부산사람의 서울나들이,2019-07-30T05:00:06Z,585.0,False,205767,2865.0,1544.0
5821,UClSFlUAMQ-Yv002g8LlCqgQ,소진소진,oyNWwedH3rY,피곤한 남편을 위해 대리방송,2019-08-05T09:00:17Z,330.0,False,602376,8318.0,403.0
5821,UClSFlUAMQ-Yv002g8LlCqgQ,소진소진,cVIEebaA6GQ,오레오 파운드케이크 만들기 [oreo pound cake],2020-08-09T07:43:34Z,364.0,False,37368,741.0,84.0
5821,UClSFlUAMQ-Yv002g8LlCqgQ,소진소진,LGLRbN01uxg,남편 최애빵 소시지빵 만들기,2020-08-29T12:36:13Z,347.0,False,332860,2069.0,118.0
5822,UCMKn6ul1eu4iJ5bZytArywg,조찬희 ,6zwRHHKihh0,같이 공부해요! (23살),2018-04-09T16:42:57Z,24916.0,False,389861,3761.0,294.0
5822,UCMKn6ul1eu4iJ5bZytArywg,조찬희 ,37R2ZqmXBF8,[23살 노잼봇과 함께 공부해요] study with me /빗소리or장작타는소리,2018-04-10T17:02:15Z,24920.0,False,266785,3113.0,193.0
5822,UCMKn6ul1eu4iJ5bZytArywg,조찬희 ,R0yP_VWOX4Y,첫번째 브이로그,2018-04-22T12:43:39Z,136.0,False,1447339,27117.0,3256.0
5822,UCMKn6ul1eu4iJ5bZytArywg,조찬희 ,6eYTqqc11IU,아버지가 담아준 나의 23살,2018-05-06T16:05:43Z,230.0,False,1203701,24405.0,5014.0
5822,UCMKn6ul1eu4iJ5bZytArywg,조찬희 ,tbdFOTjPJCI,(일본) 오키나와 여행,2018-06-24T17:45:33Z,234.0,False,479938,14093.0,1930.0
5822,UCMKn6ul1eu4iJ5bZytArywg,조찬희 ,xEtKs8cKavE,전역 후 선임이랑 같이 (서울 나들이 + 한복),2018-09-16T06:35:22Z,250.0,False,524399,17695.0,3237.0
5822,UCMKn6ul1eu4iJ5bZytArywg,조찬희 ,iso3s-fTSuI,청명이 브이로그,2018-09-24T13:36:16Z,259.0,False,294055,10109.0,1167.0
5822,UCMKn6ul1eu4iJ5bZytArywg,조찬희 ,y1LAyhLmW0A,처음 구경 갔던 패션위크,2018-10-21T14:01:30Z,407.0,False,203953,5610.0,1197.0
5822,UCMKn6ul1eu4iJ5bZytArywg,조찬희 ,e4EdHMdDflU,이상적인 스키야키 만들어 먹기,2018-11-21T12:24:50Z,709.0,False,257343,6367.0,1124.0
5822,UCMKn6ul1eu4iJ5bZytArywg,조찬희 ,F6Pj2cdBTKw,天使の日曜日(Angel's Sunday) - Kotaro Oshio (Cover),2019-02-17T08:33:56Z,267.0,False,350239,15226.0,950.0
5822,UCMKn6ul1eu4iJ5bZytArywg,조찬희 ,EwuSbEwEel4,웃음 참기 챌린지,2019-05-21T15:19:46Z,447.0,False,158864,3675.0,404.0
5822,UCMKn6ul1eu4iJ5bZytArywg,조찬희 ,anZrtnU13gI,처음 준비했던 바디 프로필,2019-12-10T14:29:51Z,324.0,False,276088,3383.0,484.0
5822,UCMKn6ul1eu4iJ5bZytArywg,조찬희 ,ECVE-EacIkw,(러시아) 블라디보스톡 여행,2019-12-16T20:10:19Z,528.0,False,65936,1213.0,168.0
5822,UCMKn6ul1eu4iJ5bZytArywg,조찬희 ,g6kcBaZale0,(러시아) 나의 시베리아 횡단열차 이야기 (상편),2019-12-22T03:12:27Z,1156.0,False,79781,1152.0,160.0
5822,UCMKn6ul1eu4iJ5bZytArywg,조찬희 ,d53bxuSDc7M,(러시아) 나의 시베리아 횡단열차 이야기 (하편),2019-12-24T12:45:30Z,654.0,False,137640,1795.0,168.0
5822,UCMKn6ul1eu4iJ5bZytArywg,조찬희 ,kXhbTzkmjV0,(체코) 프라하 여행,2019-12-27T12:18:27Z,433.0,False,131918,1892.0,187.0
5822,UCMKn6ul1eu4iJ5bZytArywg,조찬희 ,uvJsJjAjDS8,(독일) 드레스덴 먹방,2020-01-03T10:50:43Z,350.0,False,60544,904.0,148.0
5822,UCMKn6ul1eu4iJ5bZytArywg,조찬희 ,QhrpXz5J3ZM,(오스트리아) 할슈타트 당일치기,2020-01-11T09:45:32Z,236.0,False,42516,814.0,88.0
5822,UCMKn6ul1eu4iJ5bZytArywg,조찬희 ,6R-Rg79CAjA,(오스트리아) 2020 새해맞이,2020-01-22T08:01:19Z,517.0,False,102076,1830.0,271.0
5822,UCMKn6ul1eu4iJ5bZytArywg,조찬희 ,i-GjxgrjaAg,"(슬로베니아) 류블라냐, 블레드",2020-03-20T13:31:51Z,324.0,False,87910,1507.0,6.0
5822,UCMKn6ul1eu4iJ5bZytArywg,조찬희 ,hs8zBv7CEWs,유후 유전자검사,2020-08-09T14:25:23Z,465.0,False,448596,5784.0,830.0
5822,UCMKn6ul1eu4iJ5bZytArywg,조찬희 ,7uF-YbWhkro,"(ASMR) MUKBANG SALMON SASHIMI,SHINE MUSCAT",2020-08-21T01:34:21Z,662.0,False,110307,2074.0,314.0
5822,UCMKn6ul1eu4iJ5bZytArywg,조찬희 ,DH-aiVc1GmM,Marunouchi Sadistic 「丸の内サディスティック」 - Shiina Ringo (cover),2021-08-10T13:23:17Z,184.0,False,59007,1403.0,105.0
5822,UCMKn6ul1eu4iJ5bZytArywg,조찬희 ,MyrZT_FFmb4,NOJAMBOT(노잼봇) - 'Nerd!' (Feat. 몽훈) MV Teaser 1,2022-09-14T16:28:48Z,22.0,True,21372,251.0,37.0
5822,UCMKn6ul1eu4iJ5bZytArywg,조찬희 ,uz4896-Uwkc,NOJAMBOT(노잼봇) - 'Nerd!' (Feat. 몽훈) MV Teaser 2,2022-09-24T12:41:42Z,24.0,True,25971,251.0,24.0
5822,UCMKn6ul1eu4iJ5bZytArywg,조찬희 ,B6iEPvPOrag,NOJAMBOT(노잼봇) - 'NERD!' (Feat. 몽훈) Official M/V,2022-09-30T09:00:34Z,249.0,False,44813,757.0,113.0
5822,UCMKn6ul1eu4iJ5bZytArywg,조찬희 ,aXKYuATj128,(일본) 도쿄 여행,2023-05-02T07:58:32Z,912.0,False,88879,546.0,102.0
5822,UCMKn6ul1eu4iJ5bZytArywg,조찬희 ,vUGSFLVjYZc,아재 되기 전에 입었던 옷들 남겨놓기~ #shorts #룩북 #30 #패션 #코디,2025-06-09T15:54:07Z,60.0,True,21879,493.0,37.0
5822,UCMKn6ul1eu4iJ5bZytArywg,조찬희 ,GjcQguwXZV0,30살 기념 룩북,2025-06-09T16:31:51Z,60.0,True,106795,1248.0,267.0
5822,UCMKn6ul1eu4iJ5bZytArywg,조찬희 ,s9MxAPBZu8U,(2025 크리스마스 이브) 브이로그,2025-12-25T06:07:32Z,195.0,False,6519,136.0,33.0
5822,UCMKn6ul1eu4iJ5bZytArywg,조찬희 ,RpaeUm8CvEc,"30대 남자 외모 관리 브이로그✨ | 건성 피부, 스킨 케어, 운동, 레이저 제모",2025-12-28T09:00:47Z,464.0,False,11258,185.0,47.0
5822,UCMKn6ul1eu4iJ5bZytArywg,조찬희 ,P1wCUlI1tNc,30대 관리 시작하는 남자✨ #grwm #shorts #쇼츠 #겟레디윗미 #남자메이크업,2025-12-30T13:50:29Z,51.0,True,9908,109.0,13.0
5822,UCMKn6ul1eu4iJ5bZytArywg,조찬희 ,WVrx27E_j9M,2025년 마지막 머리 받기 💇🏻‍♂️#남자머리   #남자헤어 #남자헤어스타일링 #초기탈모 #드레스먼,2026-01-01T05:50:24Z,57.0,True,8775,168.0,10.0
5822,UCMKn6ul1eu4iJ5bZytArywg,조찬희 ,NzMPubqrzTA,남자 프로필 사진 포즈 고민되시나요?!#프로필촬영 #프로필 #프로필스튜디오 #메이크업 #남자메이크업 #사진 #사진잘찍는법 #포즈 #포즈추천,2026-01-18T10:47:46Z,74.0,False,4365,41.0,10.0
5822,UCMKn6ul1eu4iJ5bZytArywg,조찬희 ,v3vh3zioxVA,[무례하게 편집한 바다곰 조해웅님과의 먹방 토크],2026-01-25T09:01:14Z,486.0,False,8996,152.0,42.0
5822,UCMKn6ul1eu4iJ5bZytArywg,조찬희 ,PhUc2b06CtA,눈밑지 후기 #눈밑지방재배치 #다크서클  #30대관리 #눈밑지수술,2026-03-09T09:48:30Z,23.0,True,15572,156.0,15.0
5822,UCMKn6ul1eu4iJ5bZytArywg,조찬희 ,pFyNy6L1YlE,회사다니다가 패션쇼 런웨이한 썰 #모델 #패션쇼 #뉴뉴컬렉션시즌4 #에르바이에러리스트,2026-03-15T13:13:55Z,73.0,False,3694,35.0,14.0
5823,UCQ_uqhCWc2Xg3wOUCeezHTA,sobong official,kp6spdA7mME,"23년 1월 월간공병 공병템 리뷰🍀 엄마의 목욕탕 레시피, 테라브레스, 토리든, 로이비 핸드워시,  3CE 립앤아이리무버, 팩토리노말 향초, 빅 라이타",2023-02-06T10:50:42Z,862.0,False,6590,142.0,41.0
5823,UCQ_uqhCWc2Xg3wOUCeezHTA,sobong official,wub9wwsn28A,🪐 스페이스 그레이 메이크업 | Saturday GRWM Edited,2023-02-22T05:40:30Z,981.0,False,14159,366.0,34.0
5823,UCQ_uqhCWc2Xg3wOUCeezHTA,sobong official,ZzpH3nHwnu4,[No-talking] 🛋️ Sky Blue Glitter Make-up 하늘색 펄 메이크업,2023-03-20T00:56:48Z,371.0,False,11150,434.0,39.0
5823,UCQ_uqhCWc2Xg3wOUCeezHTA,sobong official,vneepBDWNuQ,"💰해묵은 위시 청산 하고, 아기 잘 때 몰래 호다닥 찍어 올리는 올영 하울",2023-03-22T06:49:50Z,930.0,False,9380,214.0,29.0
5823,UCQ_uqhCWc2Xg3wOUCeezHTA,sobong official,BDtHrUMe3ro,🍎 사과레드 다이소 메이크업 | Saturday GRWM LIVE Edited,2023-03-31T13:48:32Z,1368.0,False,21304,427.0,31.0
5823,UCQ_uqhCWc2Xg3wOUCeezHTA,sobong official,X2lcAXiU6j4,"다이소에서 쇼핑하기 🛒 (청소템, 다꾸템, 뷰티템)",2023-04-19T13:02:08Z,744.0,False,9988,257.0,30.0
5823,UCQ_uqhCWc2Xg3wOUCeezHTA,sobong official,nml_jNemXgM,No-talking | Gold and Peach Tone Make-up,2023-04-23T14:00:07Z,343.0,False,12306,327.0,27.0
5823,UCQ_uqhCWc2Xg3wOUCeezHTA,sobong official,A5WjxiDwZDs,소봉이로그 | 아기 돌보기/새모이 먹기/괄사로 몸풀기👶🏻,2023-05-24T13:56:32Z,1044.0,False,14781,292.0,38.0
5823,UCQ_uqhCWc2Xg3wOUCeezHTA,sobong official,6Bi-gMD_Dd0,🛣️ 로드에 로드샵은 없지만 아무튼 로드샵 메이크업 요청 회신의 건,2023-06-10T14:45:50Z,930.0,False,9961,179.0,29.0
5823,UCQ_uqhCWc2Xg3wOUCeezHTA,sobong official,S__01zL9pW0,약간 흑기￼도는 정도의 세미 스모키 메이크업 | Saturday GRWM LIVE Edited,2023-07-25T09:00:30Z,857.0,False,36561,815.0,27.0
5823,UCQ_uqhCWc2Xg3wOUCeezHTA,sobong official,HwO4VbIqbno,"[월간공병] 📆 사봉 샤워 오일, 모로칸오일, 라메르 로션, 필리밀리 화장솜, 일본 렌즈, 오렌즈, 에스티로더 갈색병, 일소 포어 패드, 이솝 핸드크림, 눅스 핸드크림, 르봉 치약",2023-08-01T14:14:59Z,629.0,False,8182,163.0,25.0
5823,UCQ_uqhCWc2Xg3wOUCeezHTA,sobong official,kOfq2oXKAmo,👰🏻‍♀️🤵🏻 셀프 웨딩 메이크업 ①야외 촬영 ②실내 촬영 (부록 ③셀카용),2023-08-15T07:30:01Z,2804.0,False,13872,387.0,42.0
5823,UCQ_uqhCWc2Xg3wOUCeezHTA,sobong official,XDaM-cQzjgQ,"🗂️분명 다꾸 영상이었는데 만들다보니 각종 꾸 모음집 | 지갑꾸, 탑로더꾸, 다이소 키링꾸, 스크랩 다꾸, 포토프린터꾸, 맥북꾸, 뉴진스 포토북꾸, 폰꾸📓",2023-08-26T14:42:50Z,2690.0,False,15575,402.0,87.0
5823,UCQ_uqhCWc2Xg3wOUCeezHTA,sobong official,XJqlRZ5dtg8,⭐️ 나의 기본값 메이크업 ⭐️ My Default Make-up | Saturday GRWM LIVE Edited,2023-08-29T09:00:32Z,589.0,False,17725,436.0,32.0
5823,UCQ_uqhCWc2Xg3wOUCeezHTA,sobong official,lq1FbtqOmRo,가을색감+촉촉질감 🍂 메이크업을 해보았읍니다. | Review and Make-up🍁,2023-08-31T09:46:08Z,1335.0,False,16529,348.0,63.0
5823,UCQ_uqhCWc2Xg3wOUCeezHTA,sobong official,1e97AkxxGM4,가을 블러셔 8개 모음.zip,2023-10-09T06:25:50Z,61.0,False,26176,659.0,28.0
5823,UCQ_uqhCWc2Xg3wOUCeezHTA,sobong official,MUQyOTGepvM,🍡네번째 다이어리 표꾸 / 카꾸 짐싸기 / 다꾸 친구 이즈노 님과 대구 데이트 Vlog  / 커플 폰케꾸 / 스크랩 다꾸 ✌🏽⭐️,2023-11-02T08:37:02Z,2727.0,False,13166,312.0,69.0
5823,UCQ_uqhCWc2Xg3wOUCeezHTA,sobong official,u6inBQLm1q4,🧏🏻 난 요즘 블러셔 관자놀이에 발라 | Blusher on Temple Make-up,2023-11-16T14:38:37Z,1065.0,False,19636,485.0,41.0
5823,UCQ_uqhCWc2Xg3wOUCeezHTA,sobong official,DzHGKviOBVM,브라운 메이크업🤎,2023-12-09T12:07:15Z,61.0,False,11709,275.0,23.0
5823,UCQ_uqhCWc2Xg3wOUCeezHTA,sobong official,gTaWg75Uml4,🎊 23년 다꾸 몰아보기 / 24년 다이어리 소개 / 서일페 브이로그 / 서일페 하울 / 서일페 스크랩 / 폰케꾸 까지,2023-12-31T10:31:38Z,2711.0,False,20577,459.0,48.0
5823,UCQ_uqhCWc2Xg3wOUCeezHTA,sobong official,53R0qJvpucI,💇🏻‍♀️ 얼굴 동그란 사람이 시크릿 히메컷 하고 플럼 모브 데일리 메이크업 | Plum Mauve Daily Make-up,2024-01-05T09:46:38Z,206.0,False,10129,302.0,34.0
5823,UCQ_uqhCWc2Xg3wOUCeezHTA,sobong official,uvDkgBo70a8,"진짜 자주 쓰는 립￼! 매트 블러 ☁️ 플럼, 모브, 탄 장미 모음.zip | My Thingsㄴ",2024-01-12T08:52:26Z,705.0,False,12806,415.0,51.0
5823,UCQ_uqhCWc2Xg3wOUCeezHTA,sobong official,oose5VVFMyI,"💍 비즈 반지, 컬러풀 반지, 다꾸 반지 모음.zip (엔프프 nff, 스윙셋 swingset, 꽃밭 kkotbbat, 덴스 thence etc)",2024-01-26T08:29:43Z,431.0,False,9795,204.0,14.0
5823,UCQ_uqhCWc2Xg3wOUCeezHTA,sobong official,uRJEfieujqM,"[￼월간공병 1 월] 📅 센녹,네오젠,이솝 핸드워시,아베다 핸드크림,하파 크리스틴,당뇨 마요네즈￼,로벡틴,비누 샴푸,오리진스,신생아 로션,클로란,스킨푸드,원앤나인",2024-02-03T02:17:44Z,717.0,False,7443,157.0,22.0
5823,UCQ_uqhCWc2Xg3wOUCeezHTA,sobong official,Xc8BbBhhRWs,[월간신상/24년 1월] 모브세상에서 채도 끌어올린 블랙 체리 ￼메이크업 | Black Cherry Make-up 🍒,2024-02-17T07:58:31Z,1680.0,False,12315,314.0,47.0
5823,UCQ_uqhCWc2Xg3wOUCeezHTA,sobong official,D4J3HxlUAxQ,"알콜 잔뜩 향수 멈춰! 카카오 선물하기 수증기향 헤어오일, 종현이 스틱 향수, 생화장미 향수, 메탈체리 고체 향수 ⚙️🍒 향기템.zip",2024-03-04T11:20:08Z,804.0,False,13809,244.0,28.0
5823,UCQ_uqhCWc2Xg3wOUCeezHTA,sobong official,6qNL_WmaCZs,"[월간신상/24년 2월] 요즘 끌리는 코랄 오렌지 메이크업 | Coral Orange Make-up🍊| 샤넬 립앤치크 신상, 맥 립스틱 사이즈 업?!, 커버력 최고인 쿠션",2024-04-14T02:50:59Z,2393.0,False,16834,410.0,48.0
5823,UCQ_uqhCWc2Xg3wOUCeezHTA,sobong official,EFVFgrEGO5E,"[월간신상/24년 3월] 블루코어 메이크업 | Blue Core Make-up 🛋️ | 샤넬 2024 스프링 머메이드 컬렉션 쉐도우, 샤넬 블러셔, 글맆 하이라이터, 퓌 립글로스",2024-04-23T11:40:47Z,2109.0,False,12423,430.0,45.0
5823,UCQ_uqhCWc2Xg3wOUCeezHTA,sobong official,ufJu8g_vKRw,"[월간신상/24년 4월] 여름 탄탄 베이스에 오렌지템 찾아 헤메는 메이크업 | Orange Coral Make-up 🦁 | 유분 잡는 선스틱, 디올 맥시마이저, 웨메 립팔레트",2024-04-25T09:00:45Z,1877.0,False,11525,294.0,81.0
5823,UCQ_uqhCWc2Xg3wOUCeezHTA,sobong official,EcCGMxSsKBA,"💫 제품 오직 4개로 이정도 풀메 완성 가능| This makeup with only 4 products | 베이스 하나로 피부 완성, 쉐도우 팔레트 하나로 어디까지￼???",2024-05-01T01:00:05Z,1195.0,False,18455,356.0,32.0
5823,UCQ_uqhCWc2Xg3wOUCeezHTA,sobong official,BtQPf3mGSNQ,"[월간공병 4월] 📅 각질 피지 화장솜, 무향 아기 세제, 가글로 양치, 묵직한 오일, 물세안 대신 패드, 칫솔 기본템, 하드렌즈 편하게 끼기, 여름 수분 크림, 브러쉬 세척템",2024-05-06T06:22:09Z,603.0,False,5243,129.0,32.0
5823,UCQ_uqhCWc2Xg3wOUCeezHTA,sobong official,17IhuH4ry54,노 렌즈/노 마스카라/ 노 아이라인! 맨얼굴에서 맨얼굴 메이크업 한 얼굴로 | From bare face to bare face with makeup 🧖🏽‍♀️🚿✨,2024-05-13T09:09:25Z,1043.0,False,14319,333.0,37.0
5823,UCQ_uqhCWc2Xg3wOUCeezHTA,sobong official,Bem2fiIGkn8,🍅 나의 다꾸 생활 | 다이어리들 셋업 / 다꾸펜팔 언박싱 / 다꾸친구 사귀기 / 케일페 / 페이유에 하울,2024-07-11T03:58:14Z,4709.0,False,41280,1072.0,53.0
5823,UCQ_uqhCWc2Xg3wOUCeezHTA,sobong official,0xbwHrs8UK8,[월간신상/24년 5월] 프루티거 에어로 블루 메이크업 Frutigur Aero Blue Make-up 🌐,2024-08-14T13:00:04Z,1817.0,False,11428,327.0,41.0
5823,UCQ_uqhCWc2Xg3wOUCeezHTA,sobong official,xXXCKh1nBhA,[월간신상/24년 6월] 베이지색 잔뜩 쓰고 민트 살짝 들어간 메이크업 | Beige + Mint Make-up,2024-09-29T11:54:21Z,2133.0,False,13528,287.0,45.0
5823,UCQ_uqhCWc2Xg3wOUCeezHTA,sobong official,fwsoRip93L4,"[월간신상/24년 7월] 오랜만에 해본 메이크업,,, ♡",2025-05-17T22:07:35Z,1598.0,False,7740,,44.0
5823,UCQ_uqhCWc2Xg3wOUCeezHTA,sobong official,CS-aieEL8lI,[월간신상/24년 8월] 멀멀 저채도 메이크업,2025-05-23T13:11:52Z,880.0,False,9108,286.0,32.0
5823,UCQ_uqhCWc2Xg3wOUCeezHTA,sobong official,FPwYZ6pPPNs,"[월간신상/24년 9월] ✰다같이 발라봐요!✰ 정샘물 베이스, 에르보리앙, 샬롯틸버리 매직크림, 맥 세러마이저, 맥 파운데이션, 어바웃톤 파운데이션, 바닐라코 틴트, 에뛰드 틴트",2025-06-06T01:47:09Z,1614.0,False,8422,204.0,44.0
5823,UCQ_uqhCWc2Xg3wOUCeezHTA,sobong official,p0iqyxf4OuI,빈티지한 실버펄에 차분한 색감 가득 여름 메이크업 ♡,2025-06-14T11:49:32Z,745.0,False,7193,179.0,29.0
5823,UCQ_uqhCWc2Xg3wOUCeezHTA,sobong official,qCrLtapvnN0,"썸네일 속 화장품 다 발라봐요! (휴대용 파우더, 백색 톤업 크림, 코랄 누드 립, 홍조 커버 컨실러, 다크 커버 컨실러, 크림 블러셔, 샤넬 홀리데이, 디올 홀리데이)",2025-08-23T06:44:14Z,1577.0,False,5962,123.0,20.0
5823,UCQ_uqhCWc2Xg3wOUCeezHTA,sobong official,m-hnO0HLuaM,"☆ 쇠맛 글로우 메이크업 (스킨푸드 토마토, 어바웃톤 파운데이션, 하밍 블러셔, 쓰리씨이 오트, 디올 아이쉐도우, 디올 하이라이터, 샤넬 아이라이너, 에이오유 블러셔, 지베르니)",2025-08-26T08:11:47Z,825.0,False,6910,220.0,34.0
5823,UCQ_uqhCWc2Xg3wOUCeezHTA,sobong official,slCq3evhMaw,🫒 최초! 소봉 올리브영 올영세일 추천템 10가지 (광고없음),2025-08-30T05:02:21Z,1593.0,False,30785,672.0,108.0
5823,UCQ_uqhCWc2Xg3wOUCeezHTA,sobong official,u11XuZrfGJM,쉽게 제모 할 수 있는 제모 의료기기!사파이어 쿨링 x2 제모의료기기,2025-11-11T12:36:09Z,57.0,True,2608,11.0,0.0
5823,UCQ_uqhCWc2Xg3wOUCeezHTA,sobong official,Yq_MsnjRGtc,요즘 데일리 케어템 3종 🛀🏽🫧🧼,2025-12-23T04:11:29Z,44.0,True,4781,55.0,1.0
5823,UCQ_uqhCWc2Xg3wOUCeezHTA,sobong official,RW3Bd5xomWs,품절대란 투크 물크림 발라보기!!!,2026-01-19T23:12:52Z,67.0,False,14067,206.0,8.0
5823,UCQ_uqhCWc2Xg3wOUCeezHTA,sobong official,XHii1OmfwwY,오랜만..파우치템으로 메이크업 하면서 근황토크,2026-03-09T15:37:08Z,1142.0,False,7206,238.0,55.0
5823,UCQ_uqhCWc2Xg3wOUCeezHTA,sobong official,CqZ-BukMol4,틴트를 만들음..,2026-03-17T14:38:16Z,567.0,False,19853,527.0,59.0
5823,UCQ_uqhCWc2Xg3wOUCeezHTA,sobong official,7bF8YUnhssA,기초맛집 셀라딕스 🍵,2026-04-13T10:35:50Z,62.0,False,1115,19.0,0.0
5823,UCQ_uqhCWc2Xg3wOUCeezHTA,sobong official,LSN8dSZ5SyM,주얼리 드디어 소개합니다 !,2026-04-22T13:25:36Z,804.0,False,5997,189.0,19.0
5823,UCQ_uqhCWc2Xg3wOUCeezHTA,sobong official,sA9Nusi3KW0,"이번엔 립앤치크를 만들음,,",2026-04-27T13:37:55Z,336.0,False,5201,175.0,25.0
5824,UCp0B9n0YYC8E8bJmS5i4oqw,모터그래프,LbKTT3cegEI,모두가 열광하는 LX! 이런 장단점 있었어요 || 렉서스 LX700h,2025-03-24T09:00:18Z,1128.0,False,48091,,153.0
5824,UCp0B9n0YYC8E8bJmS5i4oqw,모터그래프,2DVBfryhHQg,"그랑콜레오스 가솔린 터보 DCT, 실제 주행 느낌은?",2025-03-31T10:00:08Z,1008.0,False,54039,,136.0
5824,UCp0B9n0YYC8E8bJmS5i4oqw,모터그래프,dfwzvTO2dDo,"아우디 Q6 e-tron 드디어 출시! 실내, 주행, 연비까지 싹 리뷰",2025-04-02T08:56:47Z,1602.0,False,20450,,47.0
5824,UCp0B9n0YYC8E8bJmS5i4oqw,모터그래프,YisviEuxvJI,기다렸다 이놈! 타스만이 보여준 국산 픽업의 새 기준,2025-04-09T02:49:55Z,1040.0,False,8859,,22.0
5824,UCp0B9n0YYC8E8bJmS5i4oqw,모터그래프,PfwLjA0HI2c,2.5톤 넘는 489마력 SUV 연비가 13km/L! || BMW X5 xDrive50e,2025-04-10T00:37:19Z,418.0,False,12432,,9.0
5824,UCp0B9n0YYC8E8bJmS5i4oqw,모터그래프,QqN91f_SljM,요즘 픽업 좀 나왔네? '풋ㅋㅋㅋ' 픽업 트럭의 끝판왕 II 지프 글래디에이터,2025-04-10T23:59:14Z,1159.0,False,14805,,24.0
5824,UCp0B9n0YYC8E8bJmS5i4oqw,모터그래프,phUrOLEQ2bs,바뀐 모델 Y...과연 사야 할까?,2025-04-21T07:37:25Z,1259.0,False,58259,,58.0
5824,UCp0B9n0YYC8E8bJmS5i4oqw,모터그래프,xAN3zVSIx2Y,여러분 야구 좋아하세요?,2025-04-24T06:18:16Z,25.0,True,5137,,5.0
5824,UCp0B9n0YYC8E8bJmS5i4oqw,모터그래프,IgFmwmU4FJU,페라리가 스스로 중고 페라리를 사라고 하는 이유,2025-04-25T09:00:33Z,919.0,False,4792,,17.0
5824,UCp0B9n0YYC8E8bJmS5i4oqw,모터그래프,UqDeAdWYnhQ,"콘티넨탈 스포트콘택트 7, 미쉐린을 이길 수 있을까?",2025-04-28T09:00:41Z,840.0,False,6040,,31.0
5824,UCp0B9n0YYC8E8bJmS5i4oqw,모터그래프,DF77eMU12CM,"[국내 최초 리뷰] 전설의 귀환, 페라리 296 스페치알레",2025-04-29T12:30:14Z,703.0,False,25576,,87.0
5824,UCp0B9n0YYC8E8bJmS5i4oqw,모터그래프,I1P7P0BgapQ,V8 감성은 그대로인데 문짝은 전동화된 캐딜락 신형 에스컬레이드,2025-04-30T01:29:25Z,10.0,True,84584,,12.0
5824,UCp0B9n0YYC8E8bJmS5i4oqw,모터그래프,pxRdmX3A55c,구독자와 함께 달릴게요!🚗🔥안녕하세요 편집장 황욱익입니다.🙌,2025-05-01T04:00:58Z,660.0,False,4704,,35.0
5824,UCp0B9n0YYC8E8bJmS5i4oqw,모터그래프,fKfLik8frlQ,콘티넨탈 MC7 VS 한국타이어 에보! 신상 여름용 타이어 집중 비교 테스트!,2025-05-06T01:00:48Z,913.0,False,27491,,306.0
5824,UCp0B9n0YYC8E8bJmS5i4oqw,모터그래프,6iKvuVa-PJ0,다소 의역) 세계 최초 페티시 타이틀 보유자,2025-05-08T03:00:10Z,37.0,True,3095,14.0,1.0
5824,UCp0B9n0YYC8E8bJmS5i4oqw,모터그래프,grACU4yEvLE,3톤짜리 롤스로이스 스펙터 블랙 배지 직접 봤어요!,2025-05-13T09:06:15Z,17.0,True,5475,,1.0
5824,UCp0B9n0YYC8E8bJmS5i4oqw,모터그래프,1ylB-CX2t58,"없어서 못 갖는 태그호이어, 원래는 입문용 시계였다고?!",2025-05-15T09:00:03Z,56.0,True,30134,,7.0
5824,UCp0B9n0YYC8E8bJmS5i4oqw,모터그래프,1mnV_lEl9Vg,"타본 차만 1000대 이상, 자동차에 미친 남자가 선정한 최고의 차 5대!!! || 자동차 교양학",2025-05-16T09:00:06Z,806.0,False,10794,,29.0
5824,UCp0B9n0YYC8E8bJmS5i4oqw,모터그래프,bBjKJcLyu1A,안티 전기차 회원이 꼽은 의외의 전기차 GOAT,2025-05-19T09:20:45Z,55.0,True,6581,,4.0
5824,UCp0B9n0YYC8E8bJmS5i4oqw,모터그래프,ebDMzX9D8rU,"자동차 오일 8가지, 다 알고 있나요?",2025-05-21T02:00:41Z,45.0,True,3861,,0.0
5824,UCp0B9n0YYC8E8bJmS5i4oqw,모터그래프,-kPmpZk5ldM,"오프로드는 당연한데, 온로드는 왜 좋지?! || 랜드로버 디펜더 옥타",2025-05-26T06:00:00Z,820.0,False,6305,,8.0
5824,UCp0B9n0YYC8E8bJmS5i4oqw,모터그래프,Y_J2hOKThFc,??? : 김피디~ 쇼츠를 이렇게 만들어보면 어떨까??,2025-05-26T06:16:04Z,23.0,True,3158,,0.0
5824,UCp0B9n0YYC8E8bJmS5i4oqw,모터그래프,SiIyQMhNa_k,존윅 시리즈 최고의 액션카? 노장의 투혼 눈물 납니다.,2025-05-28T09:00:42Z,55.0,True,8382,,1.0
5824,UCp0B9n0YYC8E8bJmS5i4oqw,모터그래프,2PWMy4rFy_8,AMG GT 55 4MATIC+ 실물 영접｜에버랜드 스피드웨이,2025-05-29T08:00:04Z,33.0,True,9495,,9.0
5824,UCp0B9n0YYC8E8bJmS5i4oqw,모터그래프,V3Bc529yLbI,성능·공간·가격 다 좋은데… 이상하게 안 끌린다?!｜폭스바겐 아틀라스,2025-06-05T09:00:16Z,756.0,False,8652,,23.0
5824,UCp0B9n0YYC8E8bJmS5i4oqw,모터그래프,QEYsDzYPxDo,"신형 SUV 아틀라스, 완벽한데... 왜 그녀석이 타고 싶지?",2025-06-05T09:00:33Z,49.0,True,11087,,3.0
5824,UCp0B9n0YYC8E8bJmS5i4oqw,모터그래프,Qsj7320sR6E,수천 킬로미터를 달리는 랠리의 숨겨진 영웅!,2025-06-11T09:00:48Z,50.0,True,4372,,1.0
5824,UCp0B9n0YYC8E8bJmS5i4oqw,모터그래프,1xOX31zZV0I,내연기관 느낌 그대로? 솔직히 기대 이상!! || 마세라티 그레칼레 폴고레,2025-06-12T09:00:03Z,944.0,False,3020,,11.0
5824,UCp0B9n0YYC8E8bJmS5i4oqw,모터그래프,4OsDyzagO5I,"참 매력있는 그레칼레 폴고레, 그러나 이상한 단점 한 가지",2025-06-12T09:00:48Z,36.0,True,16055,,3.0
5824,UCp0B9n0YYC8E8bJmS5i4oqw,모터그래프,oR_UEiuGp2g,이제 올웨더 타이어는 이겁니다! || 콘티넨탈 올시즌콘택트2(ASC2) vs 미쉐린 CC2 타이어 비교,2025-06-13T10:11:39Z,1288.0,False,62074,,175.0
5824,UCp0B9n0YYC8E8bJmS5i4oqw,모터그래프,Pr749hMm2UE,독일차는 왜 좋을까? 국가별 자동차 특징(유럽편) || 자동차 교양학,2025-06-20T09:00:53Z,1082.0,False,10028,,39.0
5824,UCp0B9n0YYC8E8bJmS5i4oqw,모터그래프,is207Qhhv04,이탈리아 사람들은 도대체 어떤 차를 타고 다닐까?,2025-06-20T09:02:34Z,45.0,True,9810,,5.0
5824,UCp0B9n0YYC8E8bJmS5i4oqw,모터그래프,oiHd6YUbU6w,"한·중·미·일! 유럽차를 넘보는 이유, 국가별 자동차 특징(한·중·미·일 편) || 자동차 교양학",2025-06-27T09:00:05Z,1126.0,False,3207,,26.0
5824,UCp0B9n0YYC8E8bJmS5i4oqw,모터그래프,kez1O2Ey9Eg,벤츠와 BMW는 중국 전기차가 발전하는 것을 두려워합니까?,2025-06-27T09:00:28Z,47.0,True,7541,,11.0
5824,UCp0B9n0YYC8E8bJmS5i4oqw,모터그래프,uD4uiMrdY14,전기차 싫어하는 사람의 심기를 건드리는 가장 쉬운 방법,2025-06-28T04:01:07Z,52.0,True,7997,,2.0
5824,UCp0B9n0YYC8E8bJmS5i4oqw,모터그래프,O8Tlf6Gs7Jw,외제차는 꿈도 못 꾸는 '그것'... 현대·기아차를 사는 큰 이유!,2025-06-29T04:00:27Z,35.0,True,9607,,15.0
5824,UCp0B9n0YYC8E8bJmS5i4oqw,모터그래프,EOq-spmstTQ,"한국만 1억 안 넘는다! 볼보 플래그쉽 모델, XC90 / S90 실물",2025-07-02T06:48:00Z,32.0,True,4009,,9.0
5824,UCp0B9n0YYC8E8bJmS5i4oqw,모터그래프,_YI_Db3h9og,8기통에 469마력! 근데 이제 4륜을 곁들인 || AMG GT55 4MATIC+,2025-07-04T09:00:57Z,732.0,False,4041,,9.0
5824,UCp0B9n0YYC8E8bJmS5i4oqw,모터그래프,4MB3mSQjEZM,"롤렉스 데이토나, 사실은 롤렉스의 아픈 자식이었습니다.",2025-07-07T09:00:06Z,57.0,True,7445,,1.0
5824,UCp0B9n0YYC8E8bJmS5i4oqw,모터그래프,Z3gDC-OvzLI,"KBO 올스타전 특집! 프로야구와 자동차, 흥행의 완벽한 조화 || 자동차 교양학",2025-07-11T09:00:50Z,791.0,False,1162,,1.0
5824,UCp0B9n0YYC8E8bJmS5i4oqw,모터그래프,I00BiNwOwMQ,"자동차 이름이 왕자, 왕족, 공작이던 시절",2025-07-11T09:01:12Z,41.0,True,4131,,0.0
5824,UCp0B9n0YYC8E8bJmS5i4oqw,모터그래프,N_1W69NNKGM,서양에서는 절대 볼 수 없는 한국의 스테디셀러 자동차,2025-07-14T09:00:33Z,47.0,True,16638,,4.0
5824,UCp0B9n0YYC8E8bJmS5i4oqw,모터그래프,ryLjdEf_xzQ,"146마력인데 4,650만원? 안 타봤으면 말을 하지 마라 || 푸조 308 GT 스마트 하이브리드",2025-07-18T09:00:52Z,917.0,False,8450,,20.0
5824,UCp0B9n0YYC8E8bJmS5i4oqw,모터그래프,7HUqDJ2R_Ns,자동차의 마력이 중요하다고요? 일단 이 자동차부터 타보세요,2025-07-18T09:01:27Z,36.0,True,6108,,7.0
5824,UCp0B9n0YYC8E8bJmS5i4oqw,모터그래프,gkyYc2UAkJ4,죽도록 닮고 싶었던 그 녀석... 아이오닉6 디자인 이야기,2025-07-22T09:00:55Z,45.0,True,19716,,16.0
5824,UCp0B9n0YYC8E8bJmS5i4oqw,모터그래프,etmr4LPX2EQ,독일 뉘르부르크링 24시와 6년 만에 복귀한 토요타의 도전! || 자동차 교양학,2025-07-25T09:00:24Z,836.0,False,3240,,9.0
5824,UCp0B9n0YYC8E8bJmS5i4oqw,모터그래프,VMpBJQpGMhY,"멈추지 않는 자동차에 대한 열정! 아키오 도요타, 그는 누구인가?",2025-07-25T09:00:40Z,39.0,True,4544,,3.0
5824,UCp0B9n0YYC8E8bJmS5i4oqw,모터그래프,0NYL3MzEGxw,대한민국에 SUV가 필요없다고? 그건 당신이 솔로여서 그래,2025-08-01T09:00:03Z,47.0,True,5620,,3.0
5824,UCp0B9n0YYC8E8bJmS5i4oqw,모터그래프,TYwH4z_ygiE,전기차 시대의 세단이 SUV일 수 밖에 없는 이유 || 자동차 교양학,2025-08-01T09:00:55Z,803.0,False,12237,,41.0
5824,UCp0B9n0YYC8E8bJmS5i4oqw,모터그래프,7j2d5Y4HYLM,충격적인 BMW의 신형 일렉트릭 미니 근황,2025-08-05T09:00:11Z,38.0,True,19836,,15.0
5825,UC5YHB-c4TAbEc35nYYhNb-Q,희망나무 tv,WJqPVPXUa40,돌아가신 분 사진(영정사진) 보관하는 방법!!,2025-07-29T09:00:44Z,61.0,False,10836,134.0,0.0
5825,UC5YHB-c4TAbEc35nYYhNb-Q,희망나무 tv,BIyC1B7K2b0,돌아가신 분 사진은 이렇게 보관하세요,2025-07-29T11:00:18Z,59.0,True,4245,51.0,0.0
5825,UC5YHB-c4TAbEc35nYYhNb-Q,희망나무 tv,Enp4dF_Ji9o,고인의 영정사진은 이렇게 처리하세요!!,2025-07-30T07:00:22Z,63.0,False,8928,107.0,1.0
5825,UC5YHB-c4TAbEc35nYYhNb-Q,희망나무 tv,0rpLw7_0c4U,재물운 상승시키는 소금단지 이렇게!!,2025-07-30T11:00:01Z,73.0,False,5644,72.0,0.0
5825,UC5YHB-c4TAbEc35nYYhNb-Q,희망나무 tv,5TjA6MjmA8A,[풍수인테리어] 재물운 불러오는 식탁 위치는 바로 여기!!,2025-08-01T07:00:04Z,73.0,False,2108,34.0,0.0
5825,UC5YHB-c4TAbEc35nYYhNb-Q,희망나무 tv,4PXGKU3j-aM,[풍수인테리어] 식탁에 두면 안되는 것들!!,2025-08-01T11:00:15Z,89.0,False,2931,59.0,1.0
5825,UC5YHB-c4TAbEc35nYYhNb-Q,희망나무 tv,g1dVmTdp-1I,[풍수인테리어] 식탁의 재질과 조명은 이렇게!!,2025-08-03T11:01:09Z,84.0,False,2240,32.0,1.0
5825,UC5YHB-c4TAbEc35nYYhNb-Q,희망나무 tv,R_-6v47TKFg,[07월 28일 희망나무 생방송] 풍수 내부배치 사주 작명  무료 상담,2025-08-04T09:36:04Z,4725.0,False,434,36.0,0.0
5825,UC5YHB-c4TAbEc35nYYhNb-Q,희망나무 tv,ghOWv2_9mSg,[08월 04일 희망나무 생방송] 풍수 내부배치 사주 작명  무료 상담,2025-08-05T02:21:27Z,4119.0,False,345,26.0,0.0
5825,UC5YHB-c4TAbEc35nYYhNb-Q,희망나무 tv,NcR6hH_mof8,[현관 풍수인테리어] 현관에 이것! 절대 두지마세요,2025-08-05T21:30:04Z,78.0,False,3836,66.0,1.0
5825,UC5YHB-c4TAbEc35nYYhNb-Q,희망나무 tv,_LB23mpklCI,재물복을 부르는 옷차림이 따로 있다!!,2025-08-18T08:30:28Z,70.0,False,14563,246.0,1.0
5825,UC5YHB-c4TAbEc35nYYhNb-Q,희망나무 tv,40nZYUuCYgQ,[08월 18일 희망나무 생방송] 풍수 내부배치 사주 작명  무료 상담,2025-08-19T02:08:48Z,3655.0,False,344,25.0,1.0
5825,UC5YHB-c4TAbEc35nYYhNb-Q,희망나무 tv,ojFMgOxqVRc,절대 선물로 주면 안되는 물건!,2025-08-21T07:45:04Z,77.0,False,4829,65.0,0.0
5825,UC5YHB-c4TAbEc35nYYhNb-Q,희망나무 tv,nvSwi2cFGkY,[08월 25일 희망나무 생방송] 풍수 내부배치 사주 작명  무료 상담,2025-08-26T02:06:31Z,3558.0,False,314,27.0,2.0
5825,UC5YHB-c4TAbEc35nYYhNb-Q,희망나무 tv,0tvPw8DmHQ4,[09월 01일 희망나무 생방송] 풍수 내부배치 사주 작명  무료 상담,2025-09-02T02:12:57Z,3686.0,False,329,24.0,1.0
5825,UC5YHB-c4TAbEc35nYYhNb-Q,희망나무 tv,cxJONAe_pXw,[09월 08일 희망나무 생방송] 풍수 내부배치 사주 작명  무료 상담,2025-09-09T03:55:10Z,3679.0,False,345,30.0,0.0
5825,UC5YHB-c4TAbEc35nYYhNb-Q,희망나무 tv,mzMmNh14je0,[식물풍수] 우리집에 두면 안 좋은 식물과 나무 꽃,2025-09-09T07:00:49Z,78.0,False,2811,32.0,0.0
5825,UC5YHB-c4TAbEc35nYYhNb-Q,희망나무 tv,yh4jcArw5YE,[09월 29일 희망나무 생방송] 풍수 내부배치 사주 작명  무료 상담,2025-09-30T02:17:06Z,3966.0,False,346,26.0,0.0
5825,UC5YHB-c4TAbEc35nYYhNb-Q,희망나무 tv,PVGwVjvO6KU,[식물풍수] 집안에 두면 안되는 식물과 화분,2025-10-01T08:00:30Z,65.0,False,3162,35.0,0.0
5825,UC5YHB-c4TAbEc35nYYhNb-Q,희망나무 tv,Cp1gcDCxQkI,[지갑 풍수] 지갑에 이것! 넣지 마세요 재물운 떨어집니다,2025-10-08T11:30:15Z,61.0,False,6361,81.0,0.0
5825,UC5YHB-c4TAbEc35nYYhNb-Q,희망나무 tv,NrPve1GIUwM,[10월 13일 희망나무 생방송] 풍수 내부배치 사주 작명  무료 상담,2025-10-14T02:09:16Z,3821.0,False,322,26.0,4.0
5825,UC5YHB-c4TAbEc35nYYhNb-Q,희망나무 tv,aWnFbXQ6LMI,[10월 20일 희망나무 생방송] 풍수 내부배치 사주 작명  무료 상담,2025-10-21T02:15:23Z,3809.0,False,345,25.0,1.0
5825,UC5YHB-c4TAbEc35nYYhNb-Q,희망나무 tv,AiiX1yvF8WI,[10월 27일 희망나무 생방송] 우리집 재물 들어오는 방은 바로 역기!,2025-10-28T02:11:53Z,4003.0,False,388,27.0,0.0
5825,UC5YHB-c4TAbEc35nYYhNb-Q,희망나무 tv,zn9Khr8f05U,[11월 03일 희망나무 생방송] 우리집 재물 들어오는 방은 바로 역기!,2025-11-03T14:59:29Z,1013.0,False,285,29.0,5.0
5825,UC5YHB-c4TAbEc35nYYhNb-Q,희망나무 tv,eJuHmOnHXuQ,[11월 03일 희망나무 생방송] 우리집 재물 들어오는 방은 바로 역기!,2025-11-04T02:32:16Z,2807.0,False,337,17.0,0.0
5825,UC5YHB-c4TAbEc35nYYhNb-Q,희망나무 tv,QtghCtaXazY,[아파트 풍수] 돈복 터지는 아파트 풍수의 비밀! 상위 1%의 풍수 비밀,2025-11-04T06:45:03Z,1977.0,False,680,29.0,1.0
5825,UC5YHB-c4TAbEc35nYYhNb-Q,희망나무 tv,gU8RdhqbUNY,[11월 10일 희망나무 생방송] 우리집 재물 들어오는 방은 바로 역기!,2025-11-11T02:03:11Z,3455.0,False,431,39.0,1.0
5825,UC5YHB-c4TAbEc35nYYhNb-Q,희망나무 tv,SlSc6AWLD0c,[11월 24일 희망나무 생방송] 우리집 재물 들어오는 방은 바로 여기!,2025-11-25T02:06:04Z,3654.0,False,358,21.0,0.0
5825,UC5YHB-c4TAbEc35nYYhNb-Q,희망나무 tv,-0ElJbnSNP0,[12월 01일 희망나무 생방송] 우리집 재물 들어오는 방은 바로 여기!,2025-12-02T02:20:53Z,3876.0,False,459,26.0,2.0
5825,UC5YHB-c4TAbEc35nYYhNb-Q,희망나무 tv,zPK8-eKsDAM,[12월 08일 희망나무 생방송] 우리집 재물 들어오는 방은 바로 여기!,2025-12-09T02:14:20Z,3793.0,False,521,33.0,2.0
5825,UC5YHB-c4TAbEc35nYYhNb-Q,희망나무 tv,IIMRVCLvTvk,[12월 15일 희망나무 생방송] 우리집 재물 들어오는 방은 바로 여기!,2025-12-22T02:55:03Z,3818.0,False,481,39.0,2.0
5825,UC5YHB-c4TAbEc35nYYhNb-Q,희망나무 tv,sYOyJqbBmfA,[12월 22일 희망나무 생방송] 우리집 재물 들어오는 방은 바로 여기!,2025-12-23T02:10:09Z,3820.0,False,427,29.0,2.0
5825,UC5YHB-c4TAbEc35nYYhNb-Q,희망나무 tv,loh0rQUQyhw,[12월 29일 희망나무 생방송] 우리집 재물 들어오는 방은 바로 여기!,2025-12-30T02:13:50Z,3864.0,False,548,31.0,1.0
5825,UC5YHB-c4TAbEc35nYYhNb-Q,희망나무 tv,Le3FBRAeAgk,[1월 05일 희망나무 생방송] 2026년 병오년 풍수달력 설명 1부,2026-01-06T02:16:50Z,4085.0,False,739,46.0,3.0
5825,UC5YHB-c4TAbEc35nYYhNb-Q,희망나무 tv,WTddceZnwHQ,[1월 12일 희망나무 생방송] 2026년 병오년 풍수달력 설명 2부,2026-01-13T02:13:23Z,3889.0,False,566,36.0,5.0
5825,UC5YHB-c4TAbEc35nYYhNb-Q,희망나무 tv,MzuXuRA9-5s,[1월 12일 희망나무 생방송] 2026년 병오년 풍수달력 설명 3부,2026-01-20T02:47:18Z,3743.0,False,482,32.0,1.0
5825,UC5YHB-c4TAbEc35nYYhNb-Q,희망나무 tv,XlS7KU0xl7c,[1월 26일 희망나무 생방송] 2026년 병오년 풍수달력 설명 4부,2026-01-27T03:07:14Z,3988.0,False,548,41.0,1.0
5825,UC5YHB-c4TAbEc35nYYhNb-Q,희망나무 tv,RFS0Zf0PHPI,[2월 2일 희망나무 생방송] 2026년 병오년 풍수달력 설명 5부,2026-02-09T12:38:03Z,3886.0,False,494,28.0,3.0
5825,UC5YHB-c4TAbEc35nYYhNb-Q,희망나무 tv,Eq53j87U5fg,[2월 9일 희망나무 생방송] 2026년 병오년 풍수달력 설명 6부,2026-02-10T02:15:30Z,4237.0,False,445,30.0,0.0
5825,UC5YHB-c4TAbEc35nYYhNb-Q,희망나무 tv,nnI2rgpFA44,[2월 23일 희망나무 생방송] 2026년 병오년 풍수달력 설명 7부,2026-02-24T02:09:25Z,3690.0,False,439,26.0,3.0
5825,UC5YHB-c4TAbEc35nYYhNb-Q,희망나무 tv,QNsdCDHMAjM,[아파트 풍수] 돈이 넝쿨째 들어오는 아파트 풍수 재물운은 우회전! 학업운은 좌회전!!,2026-02-24T06:45:02Z,1585.0,False,1002,35.0,9.0
5825,UC5YHB-c4TAbEc35nYYhNb-Q,희망나무 tv,gdUh4VZkHk4,천만의 선택 왕과 사는 남자 비운의 두 남자 단종과 엄홍도 풍수로 풀어보다!,2026-03-06T06:45:08Z,1166.0,False,984,46.0,4.0
5825,UC5YHB-c4TAbEc35nYYhNb-Q,희망나무 tv,dE3atZJ_OsI,[3월 09일 희망나무 생방송] 2026년 병오년 풍수달력 궁합편,2026-03-10T02:16:57Z,3869.0,False,363,27.0,0.0
5825,UC5YHB-c4TAbEc35nYYhNb-Q,희망나무 tv,gaFIIDRbWTw,[3월 16일 희망나무 생방송] 2026년 병오년 풍수달력 우리집 재물 자리는 어디?,2026-03-17T02:15:27Z,3656.0,False,579,25.0,1.0
5825,UC5YHB-c4TAbEc35nYYhNb-Q,희망나무 tv,WxuBDDp494w,[3월 23일 희망나무 생방송] 2026년 병오년 풍수달력 복이 들어오는 집안 배치,2026-03-24T02:05:12Z,3643.0,False,369,31.0,3.0
5825,UC5YHB-c4TAbEc35nYYhNb-Q,희망나무 tv,TzLRNuy-Z2k,[3월 30일 희망나무 생방송] 2026년 병오년 풍수달력 복이 들어오는 집안 배치2,2026-03-31T02:28:12Z,3722.0,False,392,32.0,1.0
5825,UC5YHB-c4TAbEc35nYYhNb-Q,희망나무 tv,uDdnpba5kG8,[4월06일 희망나무 생방송] 성명사주학 무료 이름풀이!!,2026-04-07T02:09:32Z,3690.0,False,398,32.0,0.0
5825,UC5YHB-c4TAbEc35nYYhNb-Q,희망나무 tv,yyWLfcAWjOY,[4월20일 희망나무 생방송] 풍수인테리어 이름풀이 무엇이든 물어보세요!!,2026-04-21T03:41:54Z,4021.0,False,348,25.0,1.0
5825,UC5YHB-c4TAbEc35nYYhNb-Q,희망나무 tv,qUeGTHoBjJ4,[4월27일 희망나무 생방송] 풍수인테리어 이름풀이 무엇이든 물어보세요!!,2026-04-28T02:40:54Z,5320.0,False,384,32.0,2.0
5825,UC5YHB-c4TAbEc35nYYhNb-Q,희망나무 tv,GPjMcnw4JiM,[5월11일 희망나무 생방송] 풍수인테리어 이름풀이 무엇이든 물어보세요!!,2026-05-12T02:22:34Z,4152.0,False,357,22.0,2.0
5826,UC8Qr3x_4xovxmraT4Ag2Fvw,Sugar Bean 슈가빈,JE5tqovknAU,Adorable Puppy Meringues You'll love!! 🐶💕🦴,2025-05-18T11:30:13Z,444.0,False,1559,102.0,3.0
5826,UC8Qr3x_4xovxmraT4Ag2Fvw,Sugar Bean 슈가빈,FZnex33QyXk,Glossy 5-Color Marble Macarons🌈 Easy Tips for a Smooth & Shiny Finish,2025-05-25T10:30:08Z,520.0,False,9354,370.0,14.0
5826,UC8Qr3x_4xovxmraT4Ag2Fvw,Sugar Bean 슈가빈,7rEmgu3fG18,17 Super Glossy Macarons That Shine Like Glass✨,2025-05-29T10:30:06Z,14883.0,False,12333,342.0,16.0
5826,UC8Qr3x_4xovxmraT4Ag2Fvw,Sugar Bean 슈가빈,EAwwBdhXCvQ,No Royal Icing?! These Adorable Macarons are All Batter!🐰🍓,2025-06-01T10:30:06Z,573.0,False,2986,178.0,11.0
5826,UC8Qr3x_4xovxmraT4Ag2Fvw,Sugar Bean 슈가빈,TfbPIKQmbZ8,[Filling Series Ep.1💕] 13 Vanilla-Based Macarons,2025-06-08T10:30:17Z,13524.0,False,7371,219.0,12.0
5826,UC8Qr3x_4xovxmraT4Ag2Fvw,Sugar Bean 슈가빈,McPF78lZqA0,[Filling Series Ep.2💕] 10 Cheese & Chocolate Based Macarons,2025-06-15T10:30:25Z,9034.0,False,4677,133.0,14.0
5826,UC8Qr3x_4xovxmraT4Ag2Fvw,Sugar Bean 슈가빈,x27SQNEVpy4,[Filling Series Ep.3💕] 6 Milk Based Macarons,2025-06-22T10:30:40Z,6216.0,False,6022,207.0,18.0
5826,UC8Qr3x_4xovxmraT4Ag2Fvw,Sugar Bean 슈가빈,iHt0Px7zMBk,How to Make Pastel Rainbow Swirl Meringues🍭 | No Fail Recipe!,2025-06-29T10:30:25Z,467.0,False,2992,131.0,7.0
5826,UC8Qr3x_4xovxmraT4Ag2Fvw,Sugar Bean 슈가빈,AhFHWVtFCcc,No-Fail Crisp & Glossy Meringues – Perfect Every Time!🔹,2025-07-06T10:30:07Z,336.0,False,1988,88.0,11.0
5826,UC8Qr3x_4xovxmraT4Ag2Fvw,Sugar Bean 슈가빈,-cmx3d7iksU,“Too Cute to Eat?! 3D Pineapple Meringues!🍍🍍”,2025-07-13T10:30:00Z,506.0,False,1739,84.0,18.0
5826,UC8Qr3x_4xovxmraT4Ag2Fvw,Sugar Bean 슈가빈,dff99wxscCU,Heartbeat Macarons for Summer Vibes💙,2025-07-20T10:30:32Z,586.0,False,3150,145.0,9.0
5826,UC8Qr3x_4xovxmraT4Ag2Fvw,Sugar Bean 슈가빈,I1AqGxcSTqE,"리뷰 수천 개 전설의 두부집, 전통 두부 만들기 | 정성 가득한 집밥 맛집",2025-07-27T10:30:09Z,458.0,False,1172,44.0,10.0
5826,UC8Qr3x_4xovxmraT4Ag2Fvw,Sugar Bean 슈가빈,nIaWCSM3kL0,"바나나 나무가 있는 식물원 카페, 만우리안의 특별한 에그스콘 만들기",2025-08-03T10:30:36Z,320.0,False,1194,45.0,3.0
5826,UC8Qr3x_4xovxmraT4Ag2Fvw,Sugar Bean 슈가빈,71lsX2m1P_E,냄새 안 나는 청국장?! 믿기 힘든 전통 청국장 만들기,2025-08-10T10:30:09Z,390.0,False,1159,28.0,3.0
5826,UC8Qr3x_4xovxmraT4Ag2Fvw,Sugar Bean 슈가빈,fLc0FZxCnbo,겉바속촉 ✨ 실패 없는 초콜릿 휘낭시에 레시피🍫,2025-08-17T10:30:22Z,582.0,False,1588,72.0,5.0
5826,UC8Qr3x_4xovxmraT4Ag2Fvw,Sugar Bean 슈가빈,7gmKRFsX3nk,"K-Pop Demon Hunters Inspired Feast | Kimbap, Tteokbokki & Fried Dumplings!",2025-08-24T10:30:04Z,732.0,False,1205,45.0,4.0
5826,UC8Qr3x_4xovxmraT4Ag2Fvw,Sugar Bean 슈가빈,nso8K_njYGk,So Cute! Animal Meringues | Adorable Character Cookies 🐰🐻🐥🐶,2025-08-31T10:30:26Z,3243.0,False,5265,221.0,16.0
5826,UC8Qr3x_4xovxmraT4Ag2Fvw,Sugar Bean 슈가빈,8cMOuZTfNaU,Cute Dessert! Hamburger Macarons #dessert #baking #food,2025-09-07T10:30:09Z,53.0,True,10500,236.0,3.0
5826,UC8Qr3x_4xovxmraT4Ag2Fvw,Sugar Bean 슈가빈,rykZzXd3LKQ,Too Cute to Eat?! Whale Macarons 🐳💕 #dessert #food #macarons,2025-09-11T10:30:40Z,34.0,True,8689,146.0,2.0
5826,UC8Qr3x_4xovxmraT4Ag2Fvw,Sugar Bean 슈가빈,x4MT6KImkZo,Real Potato Bread Made with Homegrown Potatoes | Korea’s Hidden Bakery,2025-09-14T10:30:41Z,691.0,False,2038,52.0,4.0
5826,UC8Qr3x_4xovxmraT4Ag2Fvw,Sugar Bean 슈가빈,1LqL5geENEs,Unicorn Macarons💕🌈 #baking #food #dessert,2025-09-18T10:30:01Z,53.0,True,5830,208.0,3.0
5826,UC8Qr3x_4xovxmraT4Ag2Fvw,Sugar Bean 슈가빈,qyqdP3CKlT0,[ASMR] Handmade Pen✍️ Crafting My Own Luxury Wooden Writing Tools!,2025-09-21T10:30:27Z,640.0,False,1362,40.0,6.0
5826,UC8Qr3x_4xovxmraT4Ag2Fvw,Sugar Bean 슈가빈,-fA8CLzyBbo,Cutest Sushi Macarons Ever! #baking #dessert #macarons,2025-09-24T10:50:00Z,19.0,True,24894,356.0,3.0
5826,UC8Qr3x_4xovxmraT4Ag2Fvw,Sugar Bean 슈가빈,Fhke-wk9ZjM,Glossy Heart Meringues💛💚💜 #meringue #baking #dessert,2025-09-28T11:20:00Z,55.0,True,6306,141.0,1.0
5826,UC8Qr3x_4xovxmraT4Ag2Fvw,Sugar Bean 슈가빈,TSiaK4IzG3s,Halloween Meringues #halloween #spooky #meringue,2025-10-05T12:00:48Z,37.0,True,6242,105.0,3.0
5826,UC8Qr3x_4xovxmraT4Ag2Fvw,Sugar Bean 슈가빈,9TRA32QWm1w,Halloween Witch Macarons #halloween #dessert #macarons,2025-10-12T10:50:00Z,61.0,False,6739,182.0,3.0
5826,UC8Qr3x_4xovxmraT4Ag2Fvw,Sugar Bean 슈가빈,bBlxiVkXV_E,Halloween Pumkin Meringues #halloween #meringue #dessert,2025-10-16T11:20:01Z,34.0,True,21784,276.0,3.0
5826,UC8Qr3x_4xovxmraT4Ag2Fvw,Sugar Bean 슈가빈,qwkxZ0CiLac,So Cute! Halloween Ghost Macarons #halloween #dessert #macarons,2025-10-20T11:30:52Z,50.0,True,5884,151.0,4.0
5826,UC8Qr3x_4xovxmraT4Ag2Fvw,Sugar Bean 슈가빈,_UnMroSDMr4,Gingerbread Man Macarons #dessert #christmas #macarons,2025-11-12T11:20:00Z,46.0,True,29114,786.0,16.0
5826,UC8Qr3x_4xovxmraT4Ag2Fvw,Sugar Bean 슈가빈,L8XUW2wsXFk,Christmas Wreath Meringue Cookies #christmas #meringue #christmasdesserts,2025-11-18T10:30:20Z,42.0,True,42163,714.0,10.0
5826,UC8Qr3x_4xovxmraT4Ag2Fvw,Sugar Bean 슈가빈,krolxU25UrI,Christmas Tree Macarons #christmas #macarons #treemacarons,2025-11-20T10:50:03Z,53.0,True,11371,328.0,9.0
5826,UC8Qr3x_4xovxmraT4Ag2Fvw,Sugar Bean 슈가빈,khqmM5ZQ2ao,Christmas Tree Meringues #dessert #christmas #meringue,2025-11-30T10:30:26Z,37.0,True,20034,604.0,6.0
5826,UC8Qr3x_4xovxmraT4Ag2Fvw,Sugar Bean 슈가빈,PvVAJr646Io,Cute Santa Cookie Macarons #christmas #xmas #macarons,2025-12-04T11:55:00Z,45.0,True,39873,550.0,6.0
5826,UC8Qr3x_4xovxmraT4Ag2Fvw,Sugar Bean 슈가빈,BluU7aut5cA,Christmas Reindeer Macarons #christmas #dessert #macarons,2025-12-08T10:50:00Z,36.0,True,25605,506.0,8.0
5826,UC8Qr3x_4xovxmraT4Ag2Fvw,Sugar Bean 슈가빈,dtSU1sQZYRg,Cute Santa Hat Meringues #christmas #cookies #meringues,2025-12-19T10:30:26Z,33.0,True,13253,192.0,3.0
5826,UC8Qr3x_4xovxmraT4Ag2Fvw,Sugar Bean 슈가빈,vPIzw8ivRO0,Santa Claus Macarons #christmas #macarons #santaclaus,2025-12-24T10:30:42Z,43.0,True,9210,324.0,9.0
5826,UC8Qr3x_4xovxmraT4Ag2Fvw,Sugar Bean 슈가빈,sQZXfaoz-qM,Gingerbread Man Macarons #macarons #cookies #dessert,2026-01-06T10:50:01Z,34.0,True,5710,91.0,1.0
5826,UC8Qr3x_4xovxmraT4Ag2Fvw,Sugar Bean 슈가빈,Tq6gWHhnUlg,Gingerbread Bear Macarons #macarons #cookies #gingerbreadman,2026-01-11T12:10:01Z,41.0,True,3385,71.0,5.0
5826,UC8Qr3x_4xovxmraT4Ag2Fvw,Sugar Bean 슈가빈,4dN8ceVtMXs,Bear & Milk Macarons #macarons #dessert #macaron,2026-01-18T10:30:02Z,27.0,True,3419,77.0,1.0
5826,UC8Qr3x_4xovxmraT4Ag2Fvw,Sugar Bean 슈가빈,pd1-zSHWwqw,Happy Valentine's Heart & Bear Macarons #macarons #valentinesday #dessert,2026-01-27T13:45:17Z,47.0,True,7905,166.0,6.0
5826,UC8Qr3x_4xovxmraT4Ag2Fvw,Sugar Bean 슈가빈,h_WCbNbwnqM,Valentine Heart Macarons💗 #dessert #macarons #valentinesday,2026-02-07T13:40:02Z,54.0,True,14198,670.0,13.0
5826,UC8Qr3x_4xovxmraT4Ag2Fvw,Sugar Bean 슈가빈,KWXr9jgG4Rc,Rainbow Meringues💗 #dessert #cookies #meringues,2026-02-13T12:00:37Z,37.0,True,6136,137.0,8.0
5826,UC8Qr3x_4xovxmraT4Ag2Fvw,Sugar Bean 슈가빈,tMkWvdYLAjA,Adorable Angel Macarons #dessert #macarons #baking,2026-02-23T10:30:37Z,31.0,True,6283,166.0,3.0
5826,UC8Qr3x_4xovxmraT4Ag2Fvw,Sugar Bean 슈가빈,8FnUwq2PxOs,Raspberry Macarons💗 Sugar Bean #dessert #macarons,2026-03-16T12:30:12Z,35.0,True,11610,637.0,7.0
5826,UC8Qr3x_4xovxmraT4Ag2Fvw,Sugar Bean 슈가빈,opp4LipXnfA,Happy Birthday💗 Teddy Bear Macarons #dessert #cookies #macarons,2026-03-24T10:30:30Z,58.0,True,4746,163.0,5.0
5826,UC8Qr3x_4xovxmraT4Ag2Fvw,Sugar Bean 슈가빈,GVaqcp9_XN0,Cutest Bunny Macarons #dessert #cookies #macarons,2026-03-31T10:30:13Z,24.0,True,11564,193.0,6.0
5826,UC8Qr3x_4xovxmraT4Ag2Fvw,Sugar Bean 슈가빈,F1PGjA0bYIs,Cutest Donut Macarons #dessert #cookies #macarons,2026-04-14T10:30:08Z,33.0,True,100411,1521.0,16.0
5826,UC8Qr3x_4xovxmraT4Ag2Fvw,Sugar Bean 슈가빈,SbMX5dF9hIs,A Bite of Spring: Daisy Macarons #dessert #macarons,2026-04-21T10:30:15Z,36.0,True,10527,310.0,1.0
5826,UC8Qr3x_4xovxmraT4Ag2Fvw,Sugar Bean 슈가빈,oSzhwZJSjBY,Colorful Daisy Meringues #dessert #cookies #meringues,2026-04-27T10:30:29Z,22.0,True,17720,240.0,2.0
5826,UC8Qr3x_4xovxmraT4Ag2Fvw,Sugar Bean 슈가빈,ldvT4uCzW5g,Shiny & Glossy Smile Daisy Meringues #dessert #baking #meringues,2026-05-04T10:30:33Z,20.0,True,12166,111.0,3.0
5827,UC3sVRlvglIebwSpVGCMB--w,에밀튜브 - EmilTUBE,nLUOjKCnzgE,대구에서 이런거 팔더라 ㅇㅅㅇ,2023-03-01T09:00:36Z,16.0,True,10428,201.0,7.0
5827,UC3sVRlvglIebwSpVGCMB--w,에밀튜브 - EmilTUBE,7RQ9K-t27a4,고추장 갖고 셀카 찍은 이유..?,2023-03-02T09:00:08Z,21.0,True,8984,240.0,9.0
5827,UC3sVRlvglIebwSpVGCMB--w,에밀튜브 - EmilTUBE,OY9FDGrMLDw,한국 생선집 다 그렇다구?!,2023-03-06T09:00:19Z,18.0,True,15552,327.0,5.0
5827,UC3sVRlvglIebwSpVGCMB--w,에밀튜브 - EmilTUBE,d3ucI1_DQTA,단절 - 2분 단편영화,2024-06-17T09:44:30Z,168.0,False,18513,1537.0,144.0
5827,UC3sVRlvglIebwSpVGCMB--w,에밀튜브 - EmilTUBE,iFi9FgynBk4,2년만에 한국 라면..,2024-11-27T10:27:19Z,566.0,False,107223,6461.0,890.0
5827,UC3sVRlvglIebwSpVGCMB--w,에밀튜브 - EmilTUBE,fIKzMBr5S54,한국 음식 랭킹 매기기 (솔직하게),2024-12-04T09:47:09Z,683.0,False,95375,3429.0,622.0
5827,UC3sVRlvglIebwSpVGCMB--w,에밀튜브 - EmilTUBE,xD7Ty9v52B8,한국에 오래 있다가 영국에 들어가서 느낄 불편한 점 TOP 5!,2024-12-11T09:04:03Z,481.0,False,1318697,28202.0,1251.0
5827,UC3sVRlvglIebwSpVGCMB--w,에밀튜브 - EmilTUBE,qJ5v6h-iP2A,한국에 오래 있다가 영국에 들어가서 느낄 편한 점 TOP 5!,2024-12-18T09:30:28Z,481.0,False,190992,8088.0,1089.0
5827,UC3sVRlvglIebwSpVGCMB--w,에밀튜브 - EmilTUBE,oQAoaQhjQIM,빈말 없이 한국 음식 랭킹 매기기 2편,2025-01-08T09:30:18Z,614.0,False,22938,1210.0,169.0
5827,UC3sVRlvglIebwSpVGCMB--w,에밀튜브 - EmilTUBE,7nqRMjceyY0,영국 시골에 열린 한국 식당을 가보았습니다..,2025-02-11T09:01:36Z,679.0,False,140186,7112.0,514.0
5827,UC3sVRlvglIebwSpVGCMB--w,에밀튜브 - EmilTUBE,ZrdYe85aETM,영국 중딩의 한국 여행 즐기기 시리즈 2!! (예고편),2025-06-24T09:01:00Z,147.0,False,62770,3858.0,396.0
5827,UC3sVRlvglIebwSpVGCMB--w,에밀튜브 - EmilTUBE,WUSX9JisUdM,"영국 사촌 여동생과 감자탕의 첫만남?! 영국 사촌의 한국 여행 즐기기 시리즈 2, 1편!",2025-06-26T10:56:32Z,911.0,False,374901,17125.0,1173.0
5827,UC3sVRlvglIebwSpVGCMB--w,에밀튜브 - EmilTUBE,sT_KAjeZemA,"영국 사촌 여동생이 맘스터치를 먹은 첫 인상은?! 영국 사촌의 한국 여행 즐기기 시즌2, 2편!",2025-06-30T09:01:14Z,668.0,False,287050,11567.0,466.0
5827,UC3sVRlvglIebwSpVGCMB--w,에밀튜브 - EmilTUBE,jxPhNIO6-mY,"숯불닭갈비 처음 먹어본 영국 사촌 여동생의 반응!??! 영국 사촌의 한국 여행 즐기기 시즌2, 3편!",2025-07-03T09:01:09Z,673.0,False,332386,12073.0,431.0
5827,UC3sVRlvglIebwSpVGCMB--w,에밀튜브 - EmilTUBE,xj_eZ8G8uOk,"떡순튀를 처음 보고 무섭다한 영국 사촌 여동생?! 영국 사촌의 한국 여행 즐기기 시리즈 2, 4편!",2025-07-07T09:01:27Z,752.0,False,202943,7843.0,441.0
5827,UC3sVRlvglIebwSpVGCMB--w,에밀튜브 - EmilTUBE,L4Cz_kzyGm4,"영국 사촌동생이 25분만에 한글을 배운다?! 영국 사촌의 한국 여행 즐기기 시리즈 2, 5편!",2025-07-10T09:00:26Z,654.0,False,334436,11056.0,415.0
5827,UC3sVRlvglIebwSpVGCMB--w,에밀튜브 - EmilTUBE,YCF6acG6obQ,"영국 사촌 여동생과 찜닭의 첫만남?! 영국 사촌의 한국 여행 즐기기 시리즈 2, 6편!",2025-07-14T09:00:50Z,602.0,False,184504,8900.0,268.0
5827,UC3sVRlvglIebwSpVGCMB--w,에밀튜브 - EmilTUBE,cs7hTm8ar_Q,"쌈밥을 처음 먹어본 영국 사촌 여동생의 첫 인상은?! 영국 사촌의 한국 여행 즐기기 시즌2, 7편!",2025-07-17T09:00:56Z,902.0,False,195873,9382.0,423.0
5827,UC3sVRlvglIebwSpVGCMB--w,에밀튜브 - EmilTUBE,rasBj3WSJwg,"떡갈비를 처음 먹어본 영국 사촌 여동생의 반응?! 영국 사촌의 한국 여행 즐기기 시즌2, 8편!",2025-07-21T09:01:19Z,948.0,False,302570,11283.0,361.0
5827,UC3sVRlvglIebwSpVGCMB--w,에밀튜브 - EmilTUBE,YQoxi3YkYGE,"영국 사촌 여동생과 한국 편의점의 첫만남?!!??! 영국 사촌의 한국 여행 즐기기 시즌2, 9편!",2025-07-24T12:30:49Z,950.0,False,162437,7233.0,318.0
5827,UC3sVRlvglIebwSpVGCMB--w,에밀튜브 - EmilTUBE,hYchfbwNtqY,파인애플 쿠키 처음 먹어보고 깜놀한 영국 모녀!?,2025-07-24T12:30:53Z,39.0,True,37728,630.0,30.0
5827,UC3sVRlvglIebwSpVGCMB--w,에밀튜브 - EmilTUBE,bhih4YmkeXw,"영국 사촌 여동생이 불고기를 먹은 첫 인상은?! 영국 사촌의 한국 여행 즐기기 시즌2, 10편!",2025-07-28T11:23:50Z,892.0,False,239236,10244.0,457.0
5827,UC3sVRlvglIebwSpVGCMB--w,에밀튜브 - EmilTUBE,h8y8pM4cQh0,막국수와 처음 만나본 영국 사촌동생..,2025-07-28T11:24:07Z,37.0,True,50111,871.0,20.0
5827,UC3sVRlvglIebwSpVGCMB--w,에밀튜브 - EmilTUBE,Y2PR97Cdh8A,"한국 시장의 먹거리와 영국 모녀의 첫만남!? 영국 사촌의 한국 여행 즐기기 시즌2, 11편!",2025-07-31T09:00:45Z,819.0,False,176495,7097.0,239.0
5827,UC3sVRlvglIebwSpVGCMB--w,에밀튜브 - EmilTUBE,dfXbE-wHNcY,흑마늘을 팥과 헷갈린 영국 여자,2025-07-31T11:34:37Z,44.0,True,52727,865.0,34.0
5827,UC3sVRlvglIebwSpVGCMB--w,에밀튜브 - EmilTUBE,C_BHj8Qh3Fc,박지성을 모르는 맨체스터 여자 ㅋㅋ,2025-07-31T12:09:51Z,29.0,True,93760,1018.0,127.0
5827,UC3sVRlvglIebwSpVGCMB--w,에밀튜브 - EmilTUBE,Mc6UcM-y8cM,"롯데리아를 처음 먹어본 영국 사촌 여동생의 반응?! 영국 사촌의 한국 여행 즐기기 시즌2, 12편!",2025-08-04T09:00:27Z,870.0,False,147159,6741.0,273.0
5827,UC3sVRlvglIebwSpVGCMB--w,에밀튜브 - EmilTUBE,8bukyUGJiu0,롯데리아를 싫어하는 이유가..,2025-08-04T10:50:02Z,40.0,True,301280,2887.0,178.0
5827,UC3sVRlvglIebwSpVGCMB--w,에밀튜브 - EmilTUBE,_LAl1ui4qUQ,"영국 사촌 여동생이 제주도 디저트 카페에 가보고 받은 첫 인상은?! 영국 사촌의 한국 여행 즐기기 시즌2, 13편!",2025-08-07T09:00:56Z,764.0,False,172024,7069.0,234.0
5827,UC3sVRlvglIebwSpVGCMB--w,에밀튜브 - EmilTUBE,ixg2RUDA6Z8,한국 스콘의 맛을 평가한 영국 여자..,2025-08-07T09:35:58Z,31.0,True,46739,654.0,16.0
5827,UC3sVRlvglIebwSpVGCMB--w,에밀튜브 - EmilTUBE,1lLoHlX4a_0,핫커피를 한국어로 알려달라는 영국 여자..,2025-08-08T09:33:12Z,38.0,True,274813,2407.0,156.0
5827,UC3sVRlvglIebwSpVGCMB--w,에밀튜브 - EmilTUBE,Q-Mc-Id4ykM,새우깡 처음 먹어본 영국 중딩이..,2025-08-09T08:26:47Z,39.0,True,109039,1404.0,
5827,UC3sVRlvglIebwSpVGCMB--w,에밀튜브 - EmilTUBE,ci3Pk0gpvWY,"흑돼지를 처음 만난 영국인들의 평가는!? 영국 사촌의 한국 여행 즐기기 시즌2, 14편!",2025-08-11T09:48:27Z,906.0,False,313601,10636.0,807.0
5827,UC3sVRlvglIebwSpVGCMB--w,에밀튜브 - EmilTUBE,ABqPvG2X_tg,한복을 처음 입어본 영국 중딩..,2025-08-12T09:00:16Z,43.0,True,153657,4441.0,126.0
5827,UC3sVRlvglIebwSpVGCMB--w,에밀튜브 - EmilTUBE,Z6VJdFSFhTQ,한국 과자 VS 영국 중딩..,2025-08-15T08:56:01Z,42.0,True,29772,476.0,
5827,UC3sVRlvglIebwSpVGCMB--w,에밀튜브 - EmilTUBE,rI_YUKlvub0,"""실례합니다"" 영국 영어로..",2025-08-15T08:56:21Z,34.0,True,98830,1462.0,75.0
5827,UC3sVRlvglIebwSpVGCMB--w,에밀튜브 - EmilTUBE,FNORyyAi9eg,"1일 해녀가 된 2명의 영해국녀들 ?! + 해물라면!! 영국 사촌의 한국 여행 즐기기 시즌2, 15편!",2025-08-18T09:00:31Z,727.0,False,173329,7145.0,180.0
5827,UC3sVRlvglIebwSpVGCMB--w,에밀튜브 - EmilTUBE,HOrRvWdrktg,"영국 사촌 여동생이 한국 치맥느님과 처음 만난 인상은?! 영국 사촌의 한국 여행 즐기기 시즌2, 16편!",2025-08-21T09:00:18Z,976.0,False,243785,9109.0,458.0
5827,UC3sVRlvglIebwSpVGCMB--w,에밀튜브 - EmilTUBE,vfzHkO0sUKk,"영국 사촌 여동생과 파바의 첫만남?! 영국 사촌의 한국 여행 즐기기 시리즈 2, 17편!",2025-08-25T09:32:42Z,905.0,False,154750,6329.0,371.0
5827,UC3sVRlvglIebwSpVGCMB--w,에밀튜브 - EmilTUBE,rxV8F5J27DE,"영국 여자가 한국 미용실에서 변신한 거 실화냐?! 영국 사촌의 한국 여행 즐기기 시리즈 2, 18편!",2025-09-01T09:36:47Z,922.0,False,949678,17473.0,921.0
5827,UC3sVRlvglIebwSpVGCMB--w,에밀튜브 - EmilTUBE,ToU_YSDObxk,영국 중딩이 스님에게 절 배우기,2025-09-03T09:28:39Z,56.0,True,31777,877.0,40.0
5827,UC3sVRlvglIebwSpVGCMB--w,에밀튜브 - EmilTUBE,s4-KxEiy7v0,"한우 한정식과 영국모녀의 첫만남? 영국 사촌의 한국 여행 즐기기 시리즈 2, 19편!",2025-09-04T09:09:39Z,1053.0,False,518419,13511.0,572.0
5827,UC3sVRlvglIebwSpVGCMB--w,에밀튜브 - EmilTUBE,V88mrI1CAKg,"영국 모녀가 한국 토스트를 처음 먹어본 첫 인상은?!? 영국 사촌의 한국 여행 즐기기 시리즈 2, 20편!",2025-09-11T09:00:57Z,680.0,False,208053,6524.0,331.0
5827,UC3sVRlvglIebwSpVGCMB--w,에밀튜브 - EmilTUBE,PF7ey5uZ06w,"철판닭갈비와 영국모녀의 첫만남? 영국 사촌의 한국 여행 즐기기 시리즈 2, 21편!",2025-09-18T10:11:07Z,982.0,False,137017,6851.0,217.0
5827,UC3sVRlvglIebwSpVGCMB--w,에밀튜브 - EmilTUBE,MFCNwqlBtVI,"한국 피시방에 처음 가본 영국모녀의 반응?! 영국 사촌의 한국 여행 즐기기 시리즈 2, 22편!",2025-09-22T09:00:38Z,842.0,False,134606,5885.0,174.0
5827,UC3sVRlvglIebwSpVGCMB--w,에밀튜브 - EmilTUBE,PN3AefJWYuQ,"영국 발레 무용수가 한국 무용을 처음 해본 순간?? 영국 사촌의 한국 여행 즐기기 시리즈 2, 23편!",2025-09-25T09:00:29Z,723.0,False,60959,3802.0,121.0
5827,UC3sVRlvglIebwSpVGCMB--w,에밀튜브 - EmilTUBE,iNHJXJuX_EI,마침내 여러분께 공개합니다..,2025-09-28T03:19:46Z,337.0,False,67900,4615.0,221.0
5827,UC3sVRlvglIebwSpVGCMB--w,에밀튜브 - EmilTUBE,YZraSNpHo0c,"진짜 고기 들어간 한국 피자를 처음 먹어본 영국 사촌 여동생이 받은 첫인상?! 영국 사촌의 한국 여행 즐기기 시리즈 2, 24편!",2025-09-29T09:01:00Z,722.0,False,96715,5120.0,99.0
5827,UC3sVRlvglIebwSpVGCMB--w,에밀튜브 - EmilTUBE,3_iuByfnFK4,"족발을 처음 먹어본 영국 사촌 여동생이 받은 첫 인상은?! 영국 사촌의 한국 여행 즐기기 시즌2, 26편!",2025-10-06T09:00:09Z,623.0,False,163803,5902.0,252.0
5827,UC3sVRlvglIebwSpVGCMB--w,에밀튜브 - EmilTUBE,TlARYRhZrVY,"닭칼국수를 처음 먹어본 영국 사촌 여동생의 반응?! 영국 사촌의 한국 여행 즐기기 시즌2, 막편!",2025-10-13T09:00:49Z,699.0,False,194818,8375.0,373.0
5828,UCDIB1DOwPPe58M2fHPyVVDA,KBS 스포츠,Op8I832cQ6U,"이제 딱 50일 남았다! 확 달라지는 월드컵, 바뀌는 점은?",2026-04-22T04:39:34Z,174.0,False,7775,93.0,63.0
5828,UCDIB1DOwPPe58M2fHPyVVDA,KBS 스포츠,Sd267JJ4agA,"KIA 롯데, 내일부터 멸망전?...무딘 롯데의 창과 허약한 KIA 방패 #롯데 #KIA #프로야구 #KBO",2026-04-23T04:04:46Z,214.0,False,7614,72.0,52.0
5828,UCDIB1DOwPPe58M2fHPyVVDA,KBS 스포츠,mGcgifnz4IQ,유격수 골글이 박성한에게 온다! KBO 40년 만의 신기록 작성 #SSG #박성한,2026-04-23T05:16:09Z,263.0,False,18325,454.0,111.0
5828,UCDIB1DOwPPe58M2fHPyVVDA,KBS 스포츠,4OikZuKNslU,[풀영상] 평택시청 우승! 제45회 협회장기 전국 남녀 하키대회여자 일반부 결승,2026-04-23T19:05:45Z,4541.0,False,2284,30.0,1.0
5828,UCDIB1DOwPPe58M2fHPyVVDA,KBS 스포츠,8161GH-Mn1E,"노시환 홈런 치고 이겼는데, 한화 팬들 부글부글? #노시환 #김경문 #한화 #문현빈",2026-04-24T04:55:02Z,427.0,False,47045,333.0,269.0
5828,UCDIB1DOwPPe58M2fHPyVVDA,KBS 스포츠,I6wpxt1Bc0Q,'대표팀 서열 3위' 삐약이는 병아리들을 어떻게 이끌까?!,2026-04-24T06:08:50Z,236.0,False,1973,24.0,1.0
5828,UCDIB1DOwPPe58M2fHPyVVDA,KBS 스포츠,e7rwpD-0g2k,"[LIVE] 이제는 더 이상 물러날 곳이 없다!! 앞으로 쭉쭉쭉,  롯데 vs KIA 전격 프리뷰  [수근수근 불금 라이브] EP.4ㅣKBS 20260424",2026-04-24T21:04:07Z,1903.0,False,4153,99.0,5.0
5828,UCDIB1DOwPPe58M2fHPyVVDA,KBS 스포츠,rrJMZ4r756o,김도영 홈런 2방! 올러 완봉승 - 불금 찐팬 라이브톡톡 (KIA 4-0 롯데),2026-04-25T00:32:39Z,9781.0,False,10580,276.0,20.0
5828,UCDIB1DOwPPe58M2fHPyVVDA,KBS 스포츠,iakkWJ8sZag,박준현 159km/h 강렬한 데뷔…제2의 안우진? #박준현 #안우진 #키움 #삼성,2026-04-27T03:58:47Z,188.0,False,28583,185.0,171.0
5828,UCDIB1DOwPPe58M2fHPyVVDA,KBS 스포츠,IeAlJJecl24,LG 3루 코치 정수성의 파란만장 4월 #정수성 #LG트윈스 #원태인,2026-04-27T04:58:56Z,181.0,False,12427,104.0,28.0
5828,UCDIB1DOwPPe58M2fHPyVVDA,KBS 스포츠,Syxa2vigF14,'국거박' 억까 딛고 진정한 국민 거포로! 아듀 박병호 #국거박 #박병호 #히어로즈,2026-04-27T06:44:05Z,310.0,False,4432,73.0,36.0
5828,UCDIB1DOwPPe58M2fHPyVVDA,KBS 스포츠,WwNkQ5rlZEE,'그 트레이드...' 그땐 내가 메인이었는데 어쩌다가...  [2026 수근수근 최근야구] EP.5 [유료광고 포함]ㅣKBS 20260427,2026-04-27T12:45:06Z,2327.0,False,8796,206.0,27.0
5828,UCDIB1DOwPPe58M2fHPyVVDA,KBS 스포츠,hJCyKXUVqAI,"러닝 열풍, 엘리트 퇴조...한국 마라톤의 명암 #마라톤 #러닝열풍 #사웨 #런던마라톤",2026-04-28T04:26:34Z,259.0,False,12988,77.0,93.0
5828,UCDIB1DOwPPe58M2fHPyVVDA,KBS 스포츠,wUneHw0-XgY,'창단 첫 챔프전 진출' 소노의 기적이 더 아름다운 이유,2026-04-28T06:31:35Z,322.0,False,19362,368.0,58.0
5828,UCDIB1DOwPPe58M2fHPyVVDA,KBS 스포츠,mGT4CG6XRwM,"나성범, 참을 수 없는 배트의 가벼움 #나성범 #김도영 #안중열",2026-04-29T03:57:37Z,163.0,False,4455,30.0,36.0
5828,UCDIB1DOwPPe58M2fHPyVVDA,KBS 스포츠,1mYV-RfVGpE,예술적인 슬라이딩…온몸을 던진 오재원과 페라자의 투혼 #오재원 #페라자 #한화,2026-04-29T04:02:04Z,205.0,False,13713,190.0,33.0
5828,UCDIB1DOwPPe58M2fHPyVVDA,KBS 스포츠,O7AclRaLBgU,프로야구 미생의 눈물…데뷔 9년만의 첫 승과 콜업 첫 타석 끝내기! #롯데 #현도훈 #KT #강민성,2026-04-29T05:47:36Z,447.0,False,11324,141.0,19.0
5828,UCDIB1DOwPPe58M2fHPyVVDA,KBS 스포츠,sf9oEoDvqrE,김도영 55홈런 페이스…한국의 슈와버? 무라카미? #김도영 #무라카미 #슈와버,2026-04-30T02:05:41Z,131.0,False,51785,547.0,98.0
5828,UCDIB1DOwPPe58M2fHPyVVDA,KBS 스포츠,pSQu54UaQPY,프로라기에는 민망한 볼넷 이글스…11사사구로 자멸 #황준서 #한화 #한화볼넷,2026-04-30T03:58:50Z,210.0,False,127101,745.0,925.0
5828,UCDIB1DOwPPe58M2fHPyVVDA,KBS 스포츠,CAfEe9qmsMA,[LIVE] 최근에 너무 좋지 않다... 이겨야만 한다... 한화 vs 삼성 전격 프리뷰  [수근수근 불금 라이브] EP.5ㅣKBS 20260501,2026-05-01T19:41:07Z,1984.0,False,4164,109.0,8.0
5828,UCDIB1DOwPPe58M2fHPyVVDA,KBS 스포츠,7Ixm3bI3yc8,[풀영상] 믿기지 않는 극장 역전승! SK슈가글라이더즈 24:23 삼척시청 - 25/26 핸드볼 H리그 여자부 챔피언결정전 2차전,2026-05-02T20:19:51Z,7111.0,False,3698,50.0,2.0
5828,UCDIB1DOwPPe58M2fHPyVVDA,KBS 스포츠,8cpQ_WqUYog,"김도영에 웃고 울고 '아프지마, 도영핑!' #KIA #김도영 #도영핑 #슈퍼스타",2026-05-04T05:58:26Z,189.0,False,3184,55.0,6.0
5828,UCDIB1DOwPPe58M2fHPyVVDA,KBS 스포츠,-7qLeaIajDo,'완주만 8시간' 지옥의 트레일러닝에 초대합니다,2026-05-04T07:12:17Z,936.0,False,3520,73.0,19.0
5828,UCDIB1DOwPPe58M2fHPyVVDA,KBS 스포츠,S62p2coYJpQ,극명하게 엇갈리는 우리 감동님들... [2026 수근수근 최근야구] EP.6 [유료광고 포함]ㅣKBS 20260504,2026-05-04T13:15:03Z,2289.0,False,20708,319.0,28.0
5828,UCDIB1DOwPPe58M2fHPyVVDA,KBS 스포츠,cQVIzjZKjOM,"""우승만 하면 딱 좋겠다"" 역대 K리그 최고 감독은? #FC서울 VS #수원삼성 [2026HOT다리영표]시즌2 EP.01 #김기동#이정효#이영표#김은중#조원희#조광래#황선홍#홍명보",2026-05-05T09:00:50Z,1008.0,False,9989,181.0,62.0
5828,UCDIB1DOwPPe58M2fHPyVVDA,KBS 스포츠,6B7Hru3lHfM,짜증 내고 분노하는 투수들...류현진 생각은? #류현진 #김서현 #한화이글스,2026-05-06T02:46:49Z,261.0,False,253332,1646.0,1042.0
5828,UCDIB1DOwPPe58M2fHPyVVDA,KBS 스포츠,ePB_9tQAEKc,'위기의 명장' 김경문…무너진 마운드·꼬이는 작전 #김경문 #박재현 #김도영 #한화,2026-05-06T03:54:41Z,283.0,False,114975,513.0,460.0
5828,UCDIB1DOwPPe58M2fHPyVVDA,KBS 스포츠,QkrQI_LZK2I,"류현진 아데를린 '괴물 열전'...신비로운 제구, 경이적인 괴력 #류현진 #아데를린 #김도영",2026-05-07T03:33:23Z,348.0,False,132739,546.0,152.0
5828,UCDIB1DOwPPe58M2fHPyVVDA,KBS 스포츠,_w5KElErlVM,"'나이스 배팅' 고나, 롯데의 5치올 이끄나? #고승민 #나승엽 #롯데",2026-05-07T05:30:05Z,346.0,False,16584,273.0,100.0
5828,UCDIB1DOwPPe58M2fHPyVVDA,KBS 스포츠,8ErQ8lf2QbA,파국 직전까지 간 김경문 감독의 '김서현 사용법' #김서현 #김경문,2026-05-08T02:38:37Z,283.0,False,149457,880.0,1242.0
5828,UCDIB1DOwPPe58M2fHPyVVDA,KBS 스포츠,oZJtRsuS4dY,"진격의 MVP 허웅 ""지금 기세는 100%"" #허웅 #KCC #챔프전 #소노",2026-05-08T05:44:04Z,381.0,False,28966,546.0,73.0
5828,UCDIB1DOwPPe58M2fHPyVVDA,KBS 스포츠,Oy2D_MFfc0k,"어? 이게 아닌데...포항, 광주...가 이랬었나?[2026 HOT다리영표]시즌2 EP. 02  #김은중#이영표#조원희#박태하#이정규#포항#광주FC",2026-05-08T10:00:41Z,945.0,False,7830,124.0,54.0
5828,UCDIB1DOwPPe58M2fHPyVVDA,KBS 스포츠,fvpO_YEVn3I,"[LIVE] 오늘은 어떤 경기가 나올지 감도 안 옴,,, LG vs 한화 프리뷰  [수근수근 불금 라이브] EP.6ㅣKBS 20260508",2026-05-08T21:20:24Z,2375.0,False,9660,207.0,9.0
5828,UCDIB1DOwPPe58M2fHPyVVDA,KBS 스포츠,XfQ9ywF20UE,"한화 구한 육성 선수 박준영, 그리고 닮은꼴 황영묵 #박준영 #황영묵 #허인서",2026-05-11T04:34:50Z,361.0,False,49644,836.0,124.0
5828,UCDIB1DOwPPe58M2fHPyVVDA,KBS 스포츠,lO_0jMOaIuQ,한국 사브르 에이스들의 진짜 이야기..(feat.아시안게임 모의고사) #백스테이지 #펜싱 #오상욱 #구본길 #도경동#SK텔레콤 남녀사브르  국제그랑프리펜싱선수권대회 (유료광고포함),2026-05-11T10:22:17Z,1105.0,False,10913,170.0,9.0
5828,UCDIB1DOwPPe58M2fHPyVVDA,KBS 스포츠,pyWzKn5cZVw,알럽베 안방마님과 함께하는 조심조심야구 [2026 수근수근 최근야구] EP.7 [유료광고 포함]ㅣKBS 20260511,2026-05-11T12:45:07Z,1951.0,False,5148,125.0,24.0
5828,UCDIB1DOwPPe58M2fHPyVVDA,KBS 스포츠,4Jy-fwouh7A,"막노동하던 최형우, 어떻게 '금강불괴' 신화를 창조했나? #최형우 #삼성 #kbo",2026-05-12T04:00:51Z,316.0,False,46641,489.0,145.0
5828,UCDIB1DOwPPe58M2fHPyVVDA,KBS 스포츠,Ao7c7f-qpdA,"(단독 인터뷰) '월드컵 D-30' 홍명보 감독 ""'백스리'는 보험·손흥민에게 득점 맡긴다"" ㅣ 풀영상",2026-05-12T04:14:20Z,608.0,False,22344,260.0,703.0
5828,UCDIB1DOwPPe58M2fHPyVVDA,KBS 스포츠,2OHJy5Zh2u4,홍명보호 포백 꺼낸다?! 이영표·김은중·김영광의 베스트11은? #조별리그스코어예측 [2026 HOT다리영표] 시즌2 EP. 03 #홍명보#이영표#김은중#김영광#스리백#포백,2026-05-12T09:36:58Z,1249.0,False,44402,486.0,290.0
5828,UCDIB1DOwPPe58M2fHPyVVDA,KBS 스포츠,UCUNpjW0Bqc,"실수하고 눈치 보던KIA 박재현, 놀라운 진화 #박재현 #KIA #프로야구",2026-05-13T03:40:19Z,279.0,False,26775,373.0,72.0
5828,UCDIB1DOwPPe58M2fHPyVVDA,KBS 스포츠,FnZAdKkI3Vo,"이영표의 조언? 예언?...홍명보, 최종 평가전 수비 전술은? #북중미월드컵",2026-05-13T04:07:26Z,319.0,False,22509,185.0,286.0
5828,UCDIB1DOwPPe58M2fHPyVVDA,KBS 스포츠,Wqf0JJIxsTk,그라운드 BTS (Behind The Scenes) '현'장 열기에 '무'한 몰입!!,2026-05-13T09:02:06Z,272.0,False,5949,101.0,34.0
5828,UCDIB1DOwPPe58M2fHPyVVDA,KBS 스포츠,pbCWDXIS8Ac,아름다운 패자 소노의 마지막 작전타임 #소노 #손창환 #임동섭,2026-05-14T01:42:18Z,101.0,False,240225,2649.0,771.0
5828,UCDIB1DOwPPe58M2fHPyVVDA,KBS 스포츠,upeh-VFo1wk,한화 역대급 황당 실점…결국 1점 차 패배 #허인서 #심우준 #한화,2026-05-14T03:40:13Z,165.0,False,369162,1815.0,2289.0
5828,UCDIB1DOwPPe58M2fHPyVVDA,KBS 스포츠,IKluS6fdIz0,"허훈 MVP에 흥오른 허웅, 슈퍼팀 멤버들의 우승 소회 #허웅 #허훈 #최준용",2026-05-14T05:47:03Z,275.0,False,36497,574.0,86.0
5828,UCDIB1DOwPPe58M2fHPyVVDA,KBS 스포츠,xk6_KElixNM,유쾌한 오스틴마저 화나게 한 ABS 시대 #오스틴 #양창섭 #강민호,2026-05-15T03:20:53Z,269.0,False,340520,1688.0,1096.0
5828,UCDIB1DOwPPe58M2fHPyVVDA,KBS 스포츠,X3XiQNpw7d4,'페문강노허' 공포의 독수리 5형제 완전체 #허인서 #노시환 #한화,2026-05-15T03:50:06Z,326.0,False,101456,1204.0,328.0
5828,UCDIB1DOwPPe58M2fHPyVVDA,KBS 스포츠,L8HQOt9ywK4,[오피셜] KBS 2026 FIFA 북중미 월드컵 해설진 TEASER #1,2026-05-15T09:00:35Z,30.0,True,1025,23.0,7.0
5828,UCDIB1DOwPPe58M2fHPyVVDA,KBS 스포츠,xn9EfbEHMD8,[LIVE] '재현'아 해줘! KIA vs 삼성 프리뷰  [수근수근 불금 라이브] EP.7ㅣKBS 20260515,2026-05-15T21:13:32Z,2114.0,False,10904,223.0,4.0
5828,UCDIB1DOwPPe58M2fHPyVVDA,KBS 스포츠,FrvjvTzbGmA,[오피셜] KBS 2026 FIFA 북중미 월드컵 해설진 TEASER #2,2026-05-16T09:00:22Z,30.0,True,631,21.0,3.0
5829,UChiM2rW9hZuv0bShPlWKr1A,MisoJane미소제인,3rySWIzkGHk,"뽑고!녹이고!지우개팩!💘얼굴 창백해짐주의! 잔여잡티,기미,검버섯 아직 못 뽑으신 분 이 팩 해보세요!",2025-02-10T09:17:25Z,107.0,False,18318,364.0,30.0
5829,UChiM2rW9hZuv0bShPlWKr1A,MisoJane미소제인,iAOpLDER39c,"😮💥🍌바나나껍질 절대 버리지마세요‼문지르기만 해도 기미, 잡티, 각질, 블랙헤드 초박살납니다.",2025-02-13T06:01:05Z,556.0,False,39203,631.0,35.0
5829,UChiM2rW9hZuv0bShPlWKr1A,MisoJane미소제인,Z3dMxqfsRRA,다 해보고 강력 추천 한가지! 안면거상 인모드 양악효과 된다는 거 다 해 본 후기!,2025-02-23T03:01:16Z,608.0,False,44444,906.0,84.0
5829,UChiM2rW9hZuv0bShPlWKr1A,MisoJane미소제인,P2FIDrLOhMM,"가장 초강력💥😃💥 기미, 검버섯, 검은잡티 끝까지 지우고 하얘지는 집중팩으로 완전 깨끗하게 됩니다.",2025-03-03T07:01:14Z,604.0,False,82829,1791.0,200.0
5829,UChiM2rW9hZuv0bShPlWKr1A,MisoJane미소제인,p_bwe7_s1SY,이런방법이‼️👩🏻😃✨초간단 염색되고 머릿결 완전 좋아지는법! 염색과 머릿결까지 다 잡는 방법!,2025-03-17T08:05:56Z,455.0,False,81262,1207.0,131.0
5829,UChiM2rW9hZuv0bShPlWKr1A,MisoJane미소제인,igR3LxMaSsw,기미 완전🍵😄🌿잡티해독!! 피부 독소💥싹 해독해주는 기미잡티흑자 피부해독제팩!,2025-03-31T04:16:01Z,607.0,False,21189,465.0,81.0
5829,UChiM2rW9hZuv0bShPlWKr1A,MisoJane미소제인,y6eqZFOTGEk,즉시😃🌟하얘지는 얼굴톤업 기미팩! 확 바뀌는 피부톤🌟,2025-04-07T09:05:05Z,620.0,False,12204,390.0,55.0
5829,UChiM2rW9hZuv0bShPlWKr1A,MisoJane미소제인,UBxot-xdnes,염색 끝👩🏼👩🏻‍🦰👩🏻초간단 윤기나는 머리결 염색 이렇게 하세요! 꼭 해보세요~!,2025-04-21T10:16:44Z,621.0,False,21412,486.0,120.0
5829,UChiM2rW9hZuv0bShPlWKr1A,MisoJane미소제인,2zz9wDkT_rw,👩🏻👩🏻‍🦱탈모 탈출!  머리숱 부자되는 유일 확실한 비법 공개!!,2025-04-29T06:35:39Z,617.0,False,16480,562.0,233.0
5829,UChiM2rW9hZuv0bShPlWKr1A,MisoJane미소제인,cOmPjmEX1sA,피부과 원장님도 추천한 OOO! 얼굴 깨끗하게 하는법 도전해보세요!!,2025-05-15T06:00:07Z,532.0,False,22444,582.0,69.0
5829,UChiM2rW9hZuv0bShPlWKr1A,MisoJane미소제인,7XWKV1E1mLQ,"피부과 안가고 집에서 이 팩 꼭 해보세요! 잡티,기미,검버섯 초강력 녹여주고 뽑아줍니다!",2025-05-21T09:07:12Z,48.0,True,32246,376.0,22.0
5829,UChiM2rW9hZuv0bShPlWKr1A,MisoJane미소제인,JNr5p0C8Kdk,피부과 원장님도 하얀피부 갖고 싶다면 무조건 바르라는 이것! 잡티 기미녹이고 투명유리알피부 가능한 이 팩 꼭 해보세요!!,2025-05-25T10:11:40Z,618.0,False,56834,1292.0,83.0
5829,UChiM2rW9hZuv0bShPlWKr1A,MisoJane미소제인,IO8KBdBpXeo,"스킨토너 바르고 10~20년 된 잡티,기미,검버섯,여드름,모공 지워요! 실제후기폭발적 소개!!",2025-06-02T06:17:18Z,469.0,False,89020,1888.0,187.0
5829,UChiM2rW9hZuv0bShPlWKr1A,MisoJane미소제인,cSx-q5ABssA,"사과식초세안😃💦이걸로 하세요!!기미, 잡티, 검버섯, 편평사마귀, 쥐젖까지 싹 녹여집니다.",2025-06-06T06:05:27Z,613.0,False,57522,1051.0,296.0
5829,UChiM2rW9hZuv0bShPlWKr1A,MisoJane미소제인,hoemhtCclbY,"스킨처럼 잠깐 바르고💥10~20년 된 잡티,기미,검버섯,여드름,모공 지워요! 실제후기폭발",2025-06-23T03:11:11Z,158.0,False,31781,849.0,54.0
5829,UChiM2rW9hZuv0bShPlWKr1A,MisoJane미소제인,8XBmQ8mx350,얼룩덜룩 잡티💥😃피부과 가기전에 팩3분만에 다 뽑아버림✨,2025-06-24T08:01:05Z,586.0,False,76256,1574.0,219.0
5829,UChiM2rW9hZuv0bShPlWKr1A,MisoJane미소제인,jrzqqDwAt4w,"충격에 빠뜨린 5분팩💥😃✨피부과원장님도 ""얼굴하얘지고 싶으면 무조건 이걸 꼭 바르세요"" 추천한 이 것!",2025-07-13T07:00:33Z,628.0,False,56014,1252.0,221.0
5829,UChiM2rW9hZuv0bShPlWKr1A,MisoJane미소제인,CRvrBqwxy2g,"한번만으로 톤업기절💥😃💥세안하면서 딱 3분만 꼭 해보세요! 기미, 잡티 녹여주고 얼굴도 하얘집니다!",2025-07-24T07:02:35Z,469.0,False,137987,2795.0,244.0
5829,UChiM2rW9hZuv0bShPlWKr1A,MisoJane미소제인,CmxoGvRgJRM,"👜😮✨가방 속 핸드크림,향수대신 이것 하나만 넣어다닌다! 가방속 변신아이템!",2025-08-02T07:23:55Z,601.0,False,3529,110.0,5.0
5829,UChiM2rW9hZuv0bShPlWKr1A,MisoJane미소제인,SQJq5KAOd3c,집에 스킨💧한방울로 기미 잡티는 사라집니다! 집에 있는 스킨토너 그냥 쓰지 마세요!,2025-08-11T07:11:46Z,620.0,False,51017,1898.0,142.0
5829,UChiM2rW9hZuv0bShPlWKr1A,MisoJane미소제인,2YCUPV2dDQQ,"피부과원장님 500원 세안법 으로 주름 잡티가 싹 다 사라지고, 평생 사용하신다고 합니다!",2025-08-21T07:01:04Z,433.0,False,87132,3247.0,213.0
5829,UChiM2rW9hZuv0bShPlWKr1A,MisoJane미소제인,C_voZJ2g7gE,"바세린 이것 섞어 바르면 내일아침 놀랍니다 주름, 팔자, 눈밑꺼짐 채워주고 볼륨효과!!",2025-09-11T07:03:11Z,610.0,False,151054,4407.0,457.0
5829,UChiM2rW9hZuv0bShPlWKr1A,MisoJane미소제인,SjdaviMySSc,오늘부터😃😎🍂기적의 주름지우개 그리고 잡티지우개로 싹 지우개! 만드는 법 대공개,2025-09-25T06:06:11Z,578.0,False,334466,9462.0,757.0
5829,UChiM2rW9hZuv0bShPlWKr1A,MisoJane미소제인,XNAyHOHvnMY,팩 바른 후💥😮🤩✨살살 밀면 지워지는 팩! 피부과 가기 전에 이 방법 꼭 해보세요!!,2025-10-17T07:00:47Z,489.0,False,42293,1212.0,155.0
5829,UChiM2rW9hZuv0bShPlWKr1A,MisoJane미소제인,yVHCqbvmVZw,“바세린만 바르면 효과없어요!💥😮바세린 이렇게 쓰면 피부가달라져요!,2025-10-23T05:40:27Z,99.0,False,27873,512.0,29.0
5829,UChiM2rW9hZuv0bShPlWKr1A,MisoJane미소제인,y4CJLqa8z3c,알부틴에 100배😮😍나이아신아마이드에 10배 하얘지는 이 팩 꼭 해보세요!!,2025-11-09T07:02:50Z,496.0,False,29858,928.0,73.0
5829,UChiM2rW9hZuv0bShPlWKr1A,MisoJane미소제인,TBAnKO4Abmw,730만뷰😮💥이걸 넣어서 팩하고 내일 아침 당장 얼굴 확인하세요! 율무팩 그 이상의 율무세럼 꼭 사용해보세요!,2025-11-18T08:00:04Z,593.0,False,35215,1028.0,184.0
5829,UChiM2rW9hZuv0bShPlWKr1A,MisoJane미소제인,-kGa_DJBvVM,730만뷰▶사용후기폭발  이 팩하고 내일 아침 당장 얼굴 확인하세요!!,2025-11-25T08:00:08Z,99.0,False,17185,240.0,14.0
5829,UChiM2rW9hZuv0bShPlWKr1A,MisoJane미소제인,Xy7cKNXgbN0,"딱 1분만에 주름 쫙 펴지고, 10년 젊어지 법! 10년 젊어지는 법!",2025-12-01T09:15:50Z,424.0,False,14433,593.0,48.0
5829,UChiM2rW9hZuv0bShPlWKr1A,MisoJane미소제인,JOUfhPpsaS8,"💥집중⚡️뽑고,녹여주는 이팩 해보세요!💥기미, 검버섯, 잡티 완전집중제거 됩니다!",2025-12-03T06:15:52Z,158.0,False,23103,453.0,16.0
5829,UChiM2rW9hZuv0bShPlWKr1A,MisoJane미소제인,i5gnkl-t6Xk,"우와💥💥OO+한방울💧 싹 다 지우기! 기미,주근깨,검버섯 싹 다 녹이기!!",2025-12-08T09:00:11Z,170.0,False,23713,438.0,10.0
5829,UChiM2rW9hZuv0bShPlWKr1A,MisoJane미소제인,KqD7a78en60,샴푸를 버린 후 생긴 놀랄일!😮👩🏻✨머리카락 주체할 수 없이 나서 머리숱 많아짐! 초간단!,2025-12-11T07:29:43Z,536.0,False,45012,1401.0,206.0
5829,UChiM2rW9hZuv0bShPlWKr1A,MisoJane미소제인,qolbgvX3ma0,💥😃💥바세린 끈적임없이 살살 녹아요~기미 잡티  녹이고 얼굴미백 되는 꿀팁!,2025-12-25T09:14:43Z,579.0,False,66286,1618.0,139.0
5829,UChiM2rW9hZuv0bShPlWKr1A,MisoJane미소제인,J1TKU1mz4iA,"새해🌅😃✨기미,잡티,검버섯은 피부과 비싼제품보다 더 강력하게 지워보세요!",2026-01-07T09:05:37Z,557.0,False,14602,566.0,39.0
5829,UChiM2rW9hZuv0bShPlWKr1A,MisoJane미소제인,sYHZSk-6RVM,"초강력💥😮💥가장 강력한 기미, 검버섯, 검은잡티 끝까지 지우고 하얘지는 집중팩으로 완전 깨끗하게 됩니다!",2026-01-13T08:25:03Z,166.0,False,22209,511.0,20.0
5829,UChiM2rW9hZuv0bShPlWKr1A,MisoJane미소제인,xBqpnt5NPmU,바세린은 꼭 이것과 섞어바르세요😃😁💥기미 검버섯 잡티 눈밑주름까지 한번에 없앰!구독자님 실제후기,2026-01-18T07:01:33Z,423.0,False,31821,855.0,41.0
5829,UChiM2rW9hZuv0bShPlWKr1A,MisoJane미소제인,7s_tSbX9PzQ,율무팩+율무세럼 없으면 못 사는 이유  #미소제인MJ율무세럼,2026-01-23T07:29:30Z,80.0,False,11430,156.0,6.0
5829,UChiM2rW9hZuv0bShPlWKr1A,MisoJane미소제인,gU4kC_GMvkY,1회 사용으로 모공제거 피부 한 단계 매끈하게 업그레이드 가능한 팩!,2026-01-29T08:02:32Z,448.0,False,4161,169.0,16.0
5829,UChiM2rW9hZuv0bShPlWKr1A,MisoJane미소제인,UXPMbaghGFE,샴푸를 버린 후 깜짝놀란 일!😮👩🏻✨초간단 머리카락 주체할 수 없이 많아져요!,2026-01-31T07:27:40Z,154.0,False,13396,242.0,29.0
5829,UChiM2rW9hZuv0bShPlWKr1A,MisoJane미소제인,VptSjezr474,샴푸버리고😮👩🏻💥 실제 머리카락 주체할 수 없을 정도로 확 남!,2026-02-07T06:03:04Z,488.0,False,55034,1102.0,154.0
5829,UChiM2rW9hZuv0bShPlWKr1A,MisoJane미소제인,xpVSWJWojDU,피부과 원장님도 쓸어담아온다는 다이소 추천템!,2026-02-24T07:14:05Z,417.0,False,25741,576.0,34.0
5829,UChiM2rW9hZuv0bShPlWKr1A,MisoJane미소제인,tqP9HzKyFGQ,집에서 만든 스킨😊✨사용해보세요! 깨끗한 매끈매끈한 피부 필수,2026-03-08T05:03:40Z,492.0,False,11431,459.0,61.0
5829,UChiM2rW9hZuv0bShPlWKr1A,MisoJane미소제인,4WAZn4hEl9s,샴푸 버리고💥🔥👩🏻머리많이나는 법,2026-03-13T08:24:27Z,168.0,False,10730,215.0,21.0
5829,UChiM2rW9hZuv0bShPlWKr1A,MisoJane미소제인,Y6ZyHAz29Nw,"쉽게 좁쌀, 잡티 집에서 없애는법 검버섯, 편평사마귀, 쥐젖, 흑자 바이러스도 없애버림!",2026-03-16T08:25:58Z,314.0,False,64475,1697.0,208.0
5829,UChiM2rW9hZuv0bShPlWKr1A,MisoJane미소제인,kQhukO9EnoA,"피부 새로 태어납니다🔥🍀기미,흑자,잡티가 떨어지는 집에서 하는 초간단 바세린 꿀팁!",2026-03-30T06:00:24Z,488.0,False,39769,1062.0,110.0
5829,UChiM2rW9hZuv0bShPlWKr1A,MisoJane미소제인,vcsC0g3KHjw,우와😮💥다이소500원인데 잔주름모공 싹 사라짐!’피부과에서도 가장 어렵다'는 매끈매끈하고 좋아지는 법!,2026-04-08T09:13:41Z,537.0,False,17632,504.0,35.0
5829,UChiM2rW9hZuv0bShPlWKr1A,MisoJane미소제인,Pc1aY3KRib4,샴푸버린후..💇🏻‍♀️😃💥머리카락도 쑥쑥 눈썹도 쑥쑥 자랍니다! 머리숱 고민이라면 이 방법 꼭 해보세요!,2026-04-21T07:01:16Z,455.0,False,14745,422.0,70.0
5829,UChiM2rW9hZuv0bShPlWKr1A,MisoJane미소제인,zMzXULawppo,샴푸버린후 💇🏻‍♀️😃머리숱 고민이라면 이 방법 꼭 해보세요!,2026-05-05T09:00:25Z,108.0,False,3700,78.0,13.0
5829,UChiM2rW9hZuv0bShPlWKr1A,MisoJane미소제인,-tqBwawVexg,"""비타민C 그냥 바르면 망해요!"" 피부 하얘지고 싶은데 이 방법 모르면 100% 후회합니다",2026-05-10T06:02:12Z,759.0,False,9383,375.0,85.0
5829,UChiM2rW9hZuv0bShPlWKr1A,MisoJane미소제인,wo4WVROY9Js,"""비타민C 그냥 바르면 망해요!"" 피부 하얘지는 비타민C 초고수의 사용법 쇼츠shorts",2026-05-17T06:03:33Z,120.0,False,1304,19.0,1.0
5830,UCmgKzCmRtNBOMJrzybUQLXg,숫노루 TV,KvfvwyTRy5A,죄숑합니다.,2023-11-25T00:00:10Z,143.0,False,82922,2954.0,551.0
5830,UCmgKzCmRtNBOMJrzybUQLXg,숫노루 TV,Jfdqmlk1LbA,도대체...뭐였을까? - 제 12편 [무서운 이야기][커뮤니티 괴담] - 숫노루TV,2023-12-02T00:00:10Z,325.0,False,181901,2499.0,145.0
5830,UCmgKzCmRtNBOMJrzybUQLXg,숫노루 TV,AYSctrzEvEE,풀려난 솔로몬의 72 악마들...이름을 알아내야한다 - #Case 2. 평범한 가족 [무서운 이야기][괴담] - 숫노루TV,2023-12-09T00:00:04Z,511.0,False,82414,1576.0,83.0
5830,UCmgKzCmRtNBOMJrzybUQLXg,숫노루 TV,SonukLoq5q4,"""이 마을에서 살아가려면, 꼭 지켜야할 규칙이 있어"" - 복행마을 드디어 출판 !",2023-12-15T13:57:14Z,77.0,False,17850,535.0,85.0
5830,UCmgKzCmRtNBOMJrzybUQLXg,숫노루 TV,PiOw0-8oxD4,한번 보면 절대 잊을 수 없는 게임 속 충격적인 비쥬얼의 괴물들 TOP 5 - 제 1편 - [무서운 이야기][괴담] - 숫노루TV,2023-12-16T00:00:19Z,575.0,False,294486,3797.0,259.0
5830,UCmgKzCmRtNBOMJrzybUQLXg,숫노루 TV,TNure4hTmVk,[특별 생방 : 안녕하세요 껄껄],2023-12-16T15:46:19Z,12807.0,False,23917,520.0,25.0
5830,UCmgKzCmRtNBOMJrzybUQLXg,숫노루 TV,hSsP-o1QVoc,"(요청) 다목적 고릴라 송, 렘수면.Ver - 숫노루 TV",2023-12-17T19:19:01Z,106.0,False,32975,843.0,122.0
5830,UCmgKzCmRtNBOMJrzybUQLXg,숫노루 TV,m6VAoTENGMM,"(요청) 다목적 고릴라 송 딥수면, 필하모닉 오케스트라 합창단.Ver - 숫노루 TV",2023-12-17T19:19:48Z,105.0,False,32637,827.0,136.0
5830,UCmgKzCmRtNBOMJrzybUQLXg,숫노루 TV,MzGPWmDEuno,실제로 존재하는 강력한 저주가 서린 물건 - Case 1. 사람의 목숨을 빼앗는 의자 - [무서운 이야기][괴담][꼬꼬무스타일] - 숫노루TV,2023-12-23T00:00:18Z,207.0,False,100386,2197.0,174.0
5830,UCmgKzCmRtNBOMJrzybUQLXg,숫노루 TV,rYHPnIQd98Q,숫노루TV 시즌 1~3 ONLY 괴담 모음집 - 5시간 - [무서운 이야기][괴담] - 숫노루TV,2023-12-30T00:00:28Z,19800.0,False,382674,3160.0,245.0
5830,UCmgKzCmRtNBOMJrzybUQLXg,숫노루 TV,prHCslM4D0M,믿기힘든 무서운 이야기 - 로어 Part 11 [무서운 이야기][로어괴담] - 숫노루TV,2024-01-13T00:00:24Z,504.0,False,238839,2757.0,156.0
5830,UCmgKzCmRtNBOMJrzybUQLXg,숫노루 TV,DxrFdc8D23s,2019년 캠핑장에서 발생한 이해할 수 없는 기이한 실종 사건 - [미제사건][괴담] - 숫노루TV,2024-01-20T00:00:10Z,587.0,False,168025,2492.0,197.0
5830,UCmgKzCmRtNBOMJrzybUQLXg,숫노루 TV,UqLXrk-lEdk,"내가 이미 죽은이유, 내가 이미 사람이 아닌 이유... - 제 13편 [무서운 이야기][커뮤니티 괴담] - 숫노루TV",2024-01-27T00:00:13Z,221.0,False,136046,1821.0,100.0
5830,UCmgKzCmRtNBOMJrzybUQLXg,숫노루 TV,QQECtPvATsM,고전 공포영화 속 전설적인 살인마 캐릭터 - TOP 5 [무서운 이야기][괴담] - 숫노루TV,2024-02-03T00:00:15Z,602.0,False,156761,2283.0,223.0
5830,UCmgKzCmRtNBOMJrzybUQLXg,숫노루 TV,7Yv1EDssly4,길잃은 여행자의 마지막 녹취록 - 나폴리탄 괴담 제 7편 - [무서운 이야기][나폴리탄괴담] - 숫노루TV,2024-02-10T00:00:03Z,711.0,False,148358,2419.0,157.0
5830,UCmgKzCmRtNBOMJrzybUQLXg,숫노루 TV,oDTz7nMQZxE,🦌ㅋㅋㅋㅋ연장방송... 3시 30분까지 (+족발먹방)🦌,2024-02-11T19:06:33Z,23216.0,False,5694,140.0,0.0
5830,UCmgKzCmRtNBOMJrzybUQLXg,숫노루 TV,7cnh-zHbjzw,실제로 존재하는 강력한 저주가 서린 물건 - Case 2. 자신의 피로 그림을 그린 화가의 영혼이 담긴 그림 - [무서운 이야기][괴담][꼬꼬무스타일] - 숫노루TV,2024-02-17T00:00:04Z,326.0,False,115674,2070.0,184.0
5830,UCmgKzCmRtNBOMJrzybUQLXg,숫노루 TV,tERKMg98WfM,더이상 지구에서 볼 수 없는 멸종동물 TOP 5 - [멸종동물] - 숫노루TV,2024-02-24T03:39:25Z,572.0,False,151301,2161.0,160.0
5830,UCmgKzCmRtNBOMJrzybUQLXg,숫노루 TV,3ibeUWF0JUk,일본의 대형 커뮤니티(2ch)에 올라온 기분나쁘고 축축한 게시물들...제 14편 - [무서운 이야기][일본괴담] - 숫노루TV,2024-03-02T00:00:05Z,490.0,False,183099,2230.0,123.0
5830,UCmgKzCmRtNBOMJrzybUQLXg,숫노루 TV,ar4aFPKYb7s,일본의 기괴하고 소름돋는 요괴 TOP 10 - 제 6편 (정기연재 마지막 동영상) -[무서운 이야기][괴담] - 숫노루TV,2024-03-16T00:00:04Z,633.0,False,286431,3338.0,229.0
5830,UCmgKzCmRtNBOMJrzybUQLXg,숫노루 TV,BivO8bF1LgQ,! 중요 공지 ! - 숫노루TV,2024-03-16T06:00:08Z,73.0,False,84814,1673.0,188.0
5830,UCmgKzCmRtNBOMJrzybUQLXg,숫노루 TV,9f9RvBaffNg,이제서야 고백하려 합니다. 그날 이태원에서 있었던 일을 - [무서운 이야기][괴담][시청자 제보] - 숫노루TV,2024-06-08T01:38:43Z,775.0,False,313934,7343.0,1693.0
5830,UCmgKzCmRtNBOMJrzybUQLXg,숫노루 TV,kjrZHCp1h8E,학교 괴담 속 X지리게 무서웠던 요괴 놈들...제 7편 [무서운 이야기][학교괴담][공포애니메이션] - 숫노루TV,2024-08-03T00:00:26Z,728.0,False,168786,2647.0,392.0
5830,UCmgKzCmRtNBOMJrzybUQLXg,숫노루 TV,CjUR6TBxqg0,"저주와 깃듦, 그 참혹함에 대하여...일본의 대형 커뮤니티 게시물 시리즈 제 15편 - [무서운 이야기][일본괴담][2ch 리얼] - 숫노루TV",2024-12-28T00:00:09Z,2786.0,False,359921,4777.0,598.0
5830,UCmgKzCmRtNBOMJrzybUQLXg,숫노루 TV,MD2dylBW8Dc,절대 마주하고 싶지 않은 백룸(Backroom) 속 기괴하고 무서운 엔티티들 TOP 5 - [무서운 이야기][백룸괴담] - 숫노루TV,2025-01-18T00:00:14Z,620.0,False,259768,3400.0,263.0
5830,UCmgKzCmRtNBOMJrzybUQLXg,숫노루 TV,kjSSvWwj118,믿기힘든 무서운 이야기 - 로어 Part 12 [무서운 이야기][로어괴담] - 숫노루TV,2025-02-15T00:00:38Z,521.0,False,182466,2555.0,256.0
5830,UCmgKzCmRtNBOMJrzybUQLXg,숫노루 TV,ECFiuuLB0eY,"""엄마보다 더 소중한 사람이 있어, 난 그 사람에게 갈거야"" - 상냥한 아저씨 사건 - [무서운 이야기][일본미제사건] - 숫노루TV",2025-03-01T00:00:12Z,357.0,False,88627,1750.0,117.0
5830,UCmgKzCmRtNBOMJrzybUQLXg,숫노루 TV,d_jUHGfwHf4,아이들도 보는 애니메이션 속 우울한 에피소드 TOP 3 - [무서운 이야기][애니메이션 괴담] - 숫노루TV,2025-03-23T02:00:26Z,1066.0,False,330771,4290.0,269.0
5830,UCmgKzCmRtNBOMJrzybUQLXg,숫노루 TV,qoD83PIcCBo,아직도 어디선가 이뤄지고 있는 대한민국 저주 TOP 5 - [무서운 이야기][한국 괴담][무당] - 숫노루TV,2025-04-12T00:00:50Z,708.0,False,343354,4502.0,265.0
5830,UCmgKzCmRtNBOMJrzybUQLXg,숫노루 TV,Y0PkXUevXdQ,"주인님, 저를 키워주세요. 가장 인기있는 흄 - TOP 5 [무서운 이야기][우주괴담] - 숫노루TV",2025-05-03T00:00:40Z,685.0,False,87029,1873.0,179.0
5830,UCmgKzCmRtNBOMJrzybUQLXg,숫노루 TV,SkPI7Stnc34,"단순한 밈이 아닌 금지된 진실, 이탈리안 브레인롯 괴담 TOP 5 -  [무서운 이야기][이탈리아 브레인롯 괴담] - 숫노루TV",2025-05-24T00:00:30Z,941.0,False,324900,4091.0,420.0
5830,UCmgKzCmRtNBOMJrzybUQLXg,숫노루 TV,wq2YX91uhBw,"저 집에, 요괴 고양이가 산대...같이 가보자 - 기분나쁜 게시물 제 16편 - [무서운 이야기][일본괴담] - 숫노루TV",2025-06-14T00:01:00Z,606.0,False,78897,1332.0,103.0
5830,UCmgKzCmRtNBOMJrzybUQLXg,숫노루 TV,qWoXfW0T6Uo,한번 보면 절대 잊을 수 없는 게임 속 충격적인 비쥬얼의 괴물들 TOP 5 - 제 2편 - [무서운 이야기][괴담] - 숫노루TV,2025-07-05T00:00:57Z,644.0,False,148035,2167.0,287.0
5830,UCmgKzCmRtNBOMJrzybUQLXg,숫노루 TV,5Oru_kAjZwY,초인 제트맨 속 그로테스크한 장면 TOP 5 - 제 1편 - [울트라맨 타로][제트맨][무서운 이야기] - 숫노루TV,2025-07-26T00:00:06Z,819.0,False,102290,1669.0,407.0
5830,UCmgKzCmRtNBOMJrzybUQLXg,숫노루 TV,kwKo_2qNnEE,"악마가 나타났을때, 반드시 지켜야하는 7가지의 규칙 - [무서운 이야기][악이 도사리고 있을때][영화리뷰] - 숫노루TV",2025-08-23T00:01:00Z,596.0,False,89653,1675.0,134.0
5830,UCmgKzCmRtNBOMJrzybUQLXg,숫노루 TV,_CGFvt6gbIA,저수지에 떠내려온 주인 없는 손과 발...[무서운 이야기][괴담][시청자 사연] - 숫노루TV,2025-09-13T00:00:43Z,451.0,False,35217,850.0,97.0
5830,UCmgKzCmRtNBOMJrzybUQLXg,숫노루 TV,B0PSAkXawUY,이유를 알 수 없어 더 기괴한 집단 정신 전염병 사건 - TOP 4 - [무서운 이야기][괴담][집단 히스테리] - 숫노루TV,2025-09-20T01:15:00Z,617.0,False,94377,1543.0,100.0
5830,UCmgKzCmRtNBOMJrzybUQLXg,숫노루 TV,hHzbasBLXec,새벽2시 존재해선 안될 곳에 나타난 수상한 사람들...ㄷㄷ - [무서운 이야기][괴담][시청자 사연] - 숫노루TV,2025-09-27T09:01:04Z,628.0,False,42746,837.0,67.0
5830,UCmgKzCmRtNBOMJrzybUQLXg,숫노루 TV,vRvVo_3bJMs,고등학교 과학 선생님이 진행한 최면때문에 벌어진 최면중 빙의 사건 ㄷㄷ - [무서운 이야기][괴담][시청자 사연] - 숫노루TV,2025-10-04T00:01:11Z,2110.0,False,38098,653.0,76.0
5830,UCmgKzCmRtNBOMJrzybUQLXg,숫노루 TV,iVdhECDIsUM,아직도 그 일을 잊을 수가 없어... - 기분나쁜 게시물 제 17편 - [무서운 이야기][일본괴담] - 숫노루TV [무서운 이야기][괴담] - 숫노루TV,2025-10-18T00:00:55Z,626.0,False,111304,1654.0,136.0
5830,UCmgKzCmRtNBOMJrzybUQLXg,숫노루 TV,7nI5__YnUak,"한번 보면 절대 잊을 수 없는, 애니메이션 속 무서운 장면 - TOP 5 [무서운 이야기][공포][애니메이션] - 숫노루TV",2025-11-08T00:00:09Z,850.0,False,95292,1618.0,184.0
5830,UCmgKzCmRtNBOMJrzybUQLXg,숫노루 TV,mCEnGQdcmrQ,기괴한 사진만 남기고 하이킹 중 사라진 보이스카웃 대원 사건 - [무서운 이야기][괴담][미제사건] - 숫노루TV,2025-11-29T00:00:59Z,494.0,False,55596,1147.0,103.0
5830,UCmgKzCmRtNBOMJrzybUQLXg,숫노루 TV,jQA47hN__VI,"현시각, 대한민국 정부 해산을 명령합니다 - [무서운 이야기][나폴리탄 괴담] - 숫노루TV",2025-12-27T00:01:00Z,781.0,False,93972,1783.0,365.0
5830,UCmgKzCmRtNBOMJrzybUQLXg,숫노루 TV,TezpBYexHvU,학교 괴담 속 X지리게 무서웠던 요괴 놈들...제 8편 [무서운 이야기][학교괴담][공포애니메이션] - 숫노루TV,2026-01-24T00:00:37Z,627.0,False,62881,1420.0,311.0
5830,UCmgKzCmRtNBOMJrzybUQLXg,숫노루 TV,My7PH9GuJIs,"믿기힘들지만, 설득력 있는 무서운 이야기 - 로어 Part 13 [무서운 이야기][로어괴담] - 숫노루TV [무서운 이야기][괴담] - 숫노루TV",2026-02-14T00:00:22Z,641.0,False,101513,1757.0,148.0
5830,UCmgKzCmRtNBOMJrzybUQLXg,숫노루 TV,WzsnB_nh3LU,"앞으로 인류는 ""ㅁㅁ""가 된다, 앞으로 다가올 무서운 예언 - TOP 3 [무서운 이야기][괴담] - 숫노루TV",2026-03-14T00:00:48Z,813.0,False,61926,1476.0,180.0
5830,UCmgKzCmRtNBOMJrzybUQLXg,숫노루 TV,zRxKFngMg_g,(리) 절대 다시 세상에 나와선 안될 지옥의 장난감 TOP - 5 - [무서운 이야기][장난감] - 숫노루TV,2026-03-29T00:00:28Z,483.0,False,46066,1164.0,109.0
5830,UCmgKzCmRtNBOMJrzybUQLXg,숫노루 TV,GplqeXjosMA,생존이 불가능한 고위험 백룸 TOP 5 - [무서운 이야기][백룸 괴담] - 숫노루TV,2026-04-18T00:00:16Z,641.0,False,129592,2415.0,160.0
5830,UCmgKzCmRtNBOMJrzybUQLXg,숫노루 TV,htxujQ4SSAw,(신작) 누구의 잘못이라 생각해 ???? - 기분나쁜 게시물 제 18편 - [무서운 이야기][일본괴담] - 숫노루TV [무서운 이야기][괴담] - 숫노루TV,2026-05-02T00:00:56Z,574.0,False,68779,1488.0,140.0
5830,UCmgKzCmRtNBOMJrzybUQLXg,숫노루 TV,bx12QyxHU38,전세계에 실제로 존재하는 기괴한 법 TOP - 5 [무서운 이야기][법][Law] - 숫노루TV,2026-05-16T00:00:37Z,589.0,False,16810,636.0,94.0
5831,UCdkCZUpTKqkjm1lXHeP8hnw,리얼깽TV RealkkaengTV,sTyTviNYwmk,지나가다 발견한 폐통발 속에 과연?!!,2025-11-26T11:12:07Z,38.0,True,367254,1542.0,84.0
5831,UCdkCZUpTKqkjm1lXHeP8hnw,리얼깽TV RealkkaengTV,O8pE6kOBR2U,폐통발속 민물고기 구해주기!!,2025-11-26T11:12:17Z,51.0,True,41679,421.0,6.0
5831,UCdkCZUpTKqkjm1lXHeP8hnw,리얼깽TV RealkkaengTV,sZmX6gIs_HY,입에서 냅다 녹는다 !! 바다쥐를 잡아보자 !/ Let's go to the sea to catch cuttlefish!,2025-11-30T01:30:08Z,1269.0,False,203068,5452.0,187.0
5831,UCdkCZUpTKqkjm1lXHeP8hnw,리얼깽TV RealkkaengTV,dpCHXgxYcL4,수심230m잡혔다!! 지금 이녀석 무조건 꼭드세요 ! /Fish that you must eat in winter!!,2025-12-07T01:27:38Z,1212.0,False,166316,4906.0,206.0
5831,UCdkCZUpTKqkjm1lXHeP8hnw,리얼깽TV RealkkaengTV,Chz4hPKgFW8,시골아재들의 재밌는 낚시^^,2025-12-10T03:24:18Z,43.0,True,50441,328.0,4.0
5831,UCdkCZUpTKqkjm1lXHeP8hnw,리얼깽TV RealkkaengTV,xI-sxV7JZEU,깊은밤 깊은산 계곡에서 미유기 낚시!,2025-12-10T03:24:34Z,44.0,True,26604,308.0,3.0
5831,UCdkCZUpTKqkjm1lXHeP8hnw,리얼깽TV RealkkaengTV,_vtMB0-UosU,야구 방망이만한 해삼이 있다고?!!,2025-12-10T03:24:55Z,55.0,True,53784,465.0,15.0
5831,UCdkCZUpTKqkjm1lXHeP8hnw,리얼깽TV RealkkaengTV,N73j1RlKowQ,한겨울 싹다 마취되어 움직이질 못한다!! 바위를 흔들어보자!/Freshwater fishing in winter!!,2025-12-14T02:08:33Z,1252.0,False,167620,5090.0,189.0
5831,UCdkCZUpTKqkjm1lXHeP8hnw,리얼깽TV RealkkaengTV,LkoFtQJ3A6s,잔잔한 물에 괴물이 산다! 지나가는 모든건 촉수로 사냥한다 /An enormous-sized bigfin reef squid has been caught!,2025-12-21T02:30:36Z,1241.0,False,157383,5143.0,175.0
5831,UCdkCZUpTKqkjm1lXHeP8hnw,리얼깽TV RealkkaengTV,crQfx1-1XjE,낚시인들의 꿈~!! 최고급 어종을 잡아보자!/A fishing contest with two boats!,2025-12-28T01:30:41Z,1229.0,False,249032,6532.0,152.0
5831,UCdkCZUpTKqkjm1lXHeP8hnw,리얼깽TV RealkkaengTV,6EOQ9JH0ues,개울 바위에서 드르륵 드르륵 소리가난다! 빨리 잡아야 한다/Save the dying freshwater fish in the middle of winter!,2026-01-04T01:21:08Z,957.0,False,193219,6670.0,224.0
5831,UCdkCZUpTKqkjm1lXHeP8hnw,리얼깽TV RealkkaengTV,7xSzJvqRmRw,고기를 잡는 건가? 놓아주는 건가?ㅋㅋㅋ,2026-01-06T03:40:31Z,60.0,True,40183,278.0,5.0
5831,UCdkCZUpTKqkjm1lXHeP8hnw,리얼깽TV RealkkaengTV,WA_lUcimtb0,시골아재들의 재밌는 민물낚시!!,2026-01-06T03:40:43Z,47.0,True,54219,424.0,8.0
5831,UCdkCZUpTKqkjm1lXHeP8hnw,리얼깽TV RealkkaengTV,8CH9G9yS59Q,기상천외한 낚시방법?!!,2026-01-06T03:40:58Z,40.0,True,47117,443.0,2.0
5831,UCdkCZUpTKqkjm1lXHeP8hnw,리얼깽TV RealkkaengTV,q43JEZ2PSCw,"물속에서 난다, 날아!!",2026-01-10T03:47:49Z,46.0,True,24496,271.0,5.0
5831,UCdkCZUpTKqkjm1lXHeP8hnw,리얼깽TV RealkkaengTV,yycdrT3EL9s,바다에 들어가서 직접 잡아온 해산물 먹방!!,2026-01-10T03:48:00Z,53.0,True,26882,373.0,7.0
5831,UCdkCZUpTKqkjm1lXHeP8hnw,리얼깽TV RealkkaengTV,SRREY5k1OGs,사람을 죽일 수 있는 강력한 맹독!!,2026-01-10T03:48:09Z,46.0,True,51221,426.0,10.0
5831,UCdkCZUpTKqkjm1lXHeP8hnw,리얼깽TV RealkkaengTV,XIyyBQJMNKQ,최북단 엄청난 추위에 이녀석 잡으려고 난리났다!!/The hottest issue of anglers!,2026-01-11T01:30:23Z,1267.0,False,205426,6233.0,181.0
5831,UCdkCZUpTKqkjm1lXHeP8hnw,리얼깽TV RealkkaengTV,-AlraVnDMlw,한마리 잡으면 일당나온다!! 먹으면 힘이난다 힘이! / Catch and eat octopus that is the most delicious seafood!,2026-01-18T01:28:30Z,1221.0,False,161579,5128.0,181.0
5831,UCdkCZUpTKqkjm1lXHeP8hnw,리얼깽TV RealkkaengTV,sSIny6gE91E,역대급 한파 엄청난 파도속에서 잡히지 말아야 할게 잡혔다/The best fish that you can't see easily is here.,2026-01-25T01:37:39Z,1186.0,False,294310,8273.0,301.0
5831,UCdkCZUpTKqkjm1lXHeP8hnw,리얼깽TV RealkkaengTV,CqIg3L9X-Fg,250미터에서 잡았다 절대 많이 먹지 마세요!클납니다!/ I took it out of 250m of seawater.,2026-02-01T01:16:35Z,1317.0,False,188488,5288.0,171.0
5831,UCdkCZUpTKqkjm1lXHeP8hnw,리얼깽TV RealkkaengTV,uMm-KgsNk-M,"2월에 국민 횟감이 터졌다! 퍼도퍼도 끝이없다! /2,500 kg rockfish, and 300 cod!",2026-02-15T01:35:14Z,1259.0,False,183436,5332.0,209.0
5831,UCdkCZUpTKqkjm1lXHeP8hnw,리얼깽TV RealkkaengTV,q_Vkj6fxG7w,논 한복판 아무리 가물어도 절대 마르지 않는 샘! 샘물을 다퍼보자!!/ A huge amount of loach!,2026-02-22T01:50:56Z,1079.0,False,207809,6008.0,212.0
5831,UCdkCZUpTKqkjm1lXHeP8hnw,리얼깽TV RealkkaengTV,LJbgWus5XYs,깊은 산속 원시림 딱 지금 드세요! 최고의 보물을 찾아라!! / Healthy water from a deep mountain tree!,2026-03-01T01:50:16Z,1135.0,False,139201,4089.0,305.0
5831,UCdkCZUpTKqkjm1lXHeP8hnw,리얼깽TV RealkkaengTV,EFefh5cB__4,마지막 웅덩이에서 살려 낸 수천 마리 물고기!!,2026-03-02T05:07:10Z,31.0,True,386249,1276.0,43.0
5831,UCdkCZUpTKqkjm1lXHeP8hnw,리얼깽TV RealkkaengTV,y8PEpA0qRcU,가뭄 속에 남은 마지막 웅덩이!!,2026-03-02T05:07:21Z,60.0,True,50220,380.0,6.0
5831,UCdkCZUpTKqkjm1lXHeP8hnw,리얼깽TV RealkkaengTV,gwqPPtgsB4o,대박!! 황금이 터졌다!!!,2026-03-02T05:07:31Z,56.0,True,27481,427.0,11.0
5831,UCdkCZUpTKqkjm1lXHeP8hnw,리얼깽TV RealkkaengTV,fFcpF_2bOgs,수천마리의 참치 떼! 온 바다에 꽉 찼다!!,2026-03-02T05:07:42Z,45.0,True,117513,569.0,6.0
5831,UCdkCZUpTKqkjm1lXHeP8hnw,리얼깽TV RealkkaengTV,YuYxDDMokaw,참치가 낚싯대를 물었다!!!!,2026-03-02T05:07:49Z,40.0,True,85374,459.0,13.0
5831,UCdkCZUpTKqkjm1lXHeP8hnw,리얼깽TV RealkkaengTV,uLkG7T_4N2k,동해에 참치떼가 떴다! 쫓아가보자!!,2026-03-04T01:12:39Z,44.0,True,32913,274.0,5.0
5831,UCdkCZUpTKqkjm1lXHeP8hnw,리얼깽TV RealkkaengTV,LiYKjFKK908,두둥!! 머든지 다잡는다! 1.5톤 새로운 녀석이 왔습니다 !!,2026-03-08T01:49:22Z,632.0,False,149710,4742.0,155.0
5831,UCdkCZUpTKqkjm1lXHeP8hnw,리얼깽TV RealkkaengTV,FNmxQlQLaFI,대박 터졌다 !초대형 그물을 끌어 올려보자 !!,2026-03-15T01:29:05Z,1254.0,False,156243,5283.0,195.0
5831,UCdkCZUpTKqkjm1lXHeP8hnw,리얼깽TV RealkkaengTV,3Bz2ABA3zsc,일년에 딱 한번 들어갈 수 있는 곳!,2026-03-16T23:24:56Z,46.0,True,23511,291.0,6.0
5831,UCdkCZUpTKqkjm1lXHeP8hnw,리얼깽TV RealkkaengTV,m_gfMzXFbto,수십마리의 황복이 올라오다니!!,2026-03-16T23:25:44Z,32.0,True,40613,312.0,8.0
5831,UCdkCZUpTKqkjm1lXHeP8hnw,리얼깽TV RealkkaengTV,lmz0UzQfdpU,미터가 넘는다! 선장이 물속에 딸려들어갈 뻔?!!!,2026-03-19T02:56:42Z,57.0,True,48987,421.0,5.0
5831,UCdkCZUpTKqkjm1lXHeP8hnw,리얼깽TV RealkkaengTV,4NoH7MWc51U,동해안 봄고기들이 붙었다 !! 맛도 손맛도 최고의 녀석들을 잡아보자 !,2026-03-22T01:32:51Z,1185.0,False,185822,5390.0,205.0
5831,UCdkCZUpTKqkjm1lXHeP8hnw,리얼깽TV RealkkaengTV,lvLNd8LFyFA,상남자의 방어낚시!! 그냥 힘으로 올린다!!!,2026-03-26T05:41:47Z,51.0,True,27377,267.0,5.0
5831,UCdkCZUpTKqkjm1lXHeP8hnw,리얼깽TV RealkkaengTV,hVqOJcNz1GI,배에 미끼를 달고 달려보자!! 트롤링 낚시!!,2026-03-26T05:42:05Z,31.0,True,85270,377.0,4.0
5831,UCdkCZUpTKqkjm1lXHeP8hnw,리얼깽TV RealkkaengTV,62nWkgSnrrQ,깽보트!사고쳤다 !! 괴물같은 녀석 한마리 걸었습니다!,2026-03-29T01:28:07Z,1191.0,False,188124,6517.0,266.0
5831,UCdkCZUpTKqkjm1lXHeP8hnw,리얼깽TV RealkkaengTV,r0hcqmfO0b8,팔뚝만한게 해변으로 막 들이박는다!! 4월 최고의 물고기를 사냥해보자!,2026-04-05T01:51:08Z,1210.0,False,150509,4947.0,179.0
5831,UCdkCZUpTKqkjm1lXHeP8hnw,리얼깽TV RealkkaengTV,lPI0Ix-vdKo,대형 쇠기계로 수심 7m 갯뻘을 끌어보자!!,2026-04-12T01:58:15Z,1236.0,False,195044,5263.0,231.0
5831,UCdkCZUpTKqkjm1lXHeP8hnw,리얼깽TV RealkkaengTV,FpQnPl7SvWI,굴속에 숨어있는 최고 포양식!! 전통어로 방식으로 잡아보자 !,2026-04-19T01:31:30Z,1222.0,False,124603,4099.0,185.0
5831,UCdkCZUpTKqkjm1lXHeP8hnw,리얼깽TV RealkkaengTV,ub1ERUd4_V8,물려도 죽고! 잘못 먹어도 죽는다!,2026-04-22T06:42:21Z,59.0,True,38023,255.0,4.0
5831,UCdkCZUpTKqkjm1lXHeP8hnw,리얼깽TV RealkkaengTV,nazBrg9a1D0,30년 동안 농사를 안 지은 논에 물고기 대박!!,2026-04-22T06:42:30Z,55.0,True,70237,385.0,13.0
5831,UCdkCZUpTKqkjm1lXHeP8hnw,리얼깽TV RealkkaengTV,tI2gTmw8nk0,30년 동안 농사를 안 지은 논에 통발을 놓아보자!,2026-04-22T06:42:41Z,61.0,False,81290,419.0,7.0
5831,UCdkCZUpTKqkjm1lXHeP8hnw,리얼깽TV RealkkaengTV,9x-j_53uRWM,벵에돔 낚시 어려운데?!!,2026-04-22T06:43:19Z,41.0,True,35681,254.0,9.0
5831,UCdkCZUpTKqkjm1lXHeP8hnw,리얼깽TV RealkkaengTV,wU1AiWn2Ng0,동해 연안에 대물 엄청 붙었다!! 올해 난리다 난리여!,2026-04-26T01:22:21Z,1238.0,False,153261,4954.0,227.0
5831,UCdkCZUpTKqkjm1lXHeP8hnw,리얼깽TV RealkkaengTV,8b5KG7fAaCs,엄청난 가격의 대형 밍크고래가 걸렸다!! 부위별로 해체해보자 !,2026-05-03T01:57:24Z,1368.0,False,527424,8000.0,401.0
5831,UCdkCZUpTKqkjm1lXHeP8hnw,리얼깽TV RealkkaengTV,jfWCc36IvDE,고급해산물이 산더미로 나온다! 대형 쇠기계로 모래를 끌어보자!!,2026-05-10T01:31:05Z,1266.0,False,174429,4671.0,285.0
5831,UCdkCZUpTKqkjm1lXHeP8hnw,리얼깽TV RealkkaengTV,BgmaMl_b06Q,어느 한적한 리조트앞!!현지인들의 대물 포인트에 들어간다!,2026-05-17T01:27:51Z,1240.0,False,60082,2541.0,130.0
5832,UCHS-3P-lLr-3kF79mxPFWVg,여행에미치다,35vG9lSvDBk,[타생지연 #4화 ‘당신의 낮은 우리의 밤보다 아름답다’],2025-07-02T10:30:02Z,184.0,False,775,17.0,2.0
5832,UCHS-3P-lLr-3kF79mxPFWVg,여행에미치다,2tRRsqxfrNM,[타생지연 4화 #쿠키영상],2025-07-02T10:45:01Z,60.0,True,449,11.0,1.0
5832,UCHS-3P-lLr-3kF79mxPFWVg,여행에미치다,CO0LC1wpY8U,[타생지연 #5화 ‘우리가 키스해서?’],2025-07-02T11:00:32Z,183.0,False,665,20.0,2.0
5832,UCHS-3P-lLr-3kF79mxPFWVg,여행에미치다,KyKH2CFVAes,[타생지연 #6화 ‘너의 이름은’],2025-07-02T11:15:05Z,178.0,False,993,16.0,1.0
5832,UCHS-3P-lLr-3kF79mxPFWVg,여행에미치다,hc6sGQNMra8,[타생지연 #마지막화 ‘우연이 아니었네’],2025-07-02T11:30:40Z,182.0,False,3594,25.0,6.0
5832,UCHS-3P-lLr-3kF79mxPFWVg,여행에미치다,gQRHkS3xpEQ,🌶️ 청양고추 바이브~ 제대로 느껴지는 매운 맛 파티 | 청양 촌캉스,2025-09-25T11:27:10Z,1344.0,False,2374,88.0,107.0
5832,UCHS-3P-lLr-3kF79mxPFWVg,여행에미치다,y24mzt_wVz4,겨울에 일본 가세요?? 이거 모르면 후회해요⭐️,2025-12-04T08:54:51Z,43.0,True,2663,17.0,0.0
5832,UCHS-3P-lLr-3kF79mxPFWVg,여행에미치다,uANBH6cIOKg,연천의 보물을 찾아서 ‘연천 트레저’ㅣ연천여행,2025-12-12T05:55:39Z,200.0,False,1760,36.0,0.0
5832,UCHS-3P-lLr-3kF79mxPFWVg,여행에미치다,Iq6ESCjbduQ,류승룡도 반한 일본의 미술관은? ｜서양 명화 좋아하면 꼭 가봐야 하는 미술관,2026-03-20T06:24:46Z,72.0,False,23714,39.0,2.0
5832,UCHS-3P-lLr-3kF79mxPFWVg,여행에미치다,EWWUAffNB_4,모나리자 보려고 줄 서다 지친 사람들을 위한 미술관 추천🎨,2026-03-24T06:24:34Z,48.0,True,77128,114.0,1.0
5832,UCHS-3P-lLr-3kF79mxPFWVg,여행에미치다,7hR6WFTkqws,사람 북적이는 미술관에 지쳤다면 오츠카 국제 미술관으로!,2026-03-25T06:26:42Z,30.0,True,82153,102.0,0.0
5832,UCHS-3P-lLr-3kF79mxPFWVg,여행에미치다,Y0VCl1rvzEA,남사친과 1박 2일 여행을 떠난다면?,2026-03-31T03:00:22Z,21.0,True,5191,36.0,6.0
5832,UCHS-3P-lLr-3kF79mxPFWVg,여행에미치다,KRMwnMt_mYg,마음이 바뀌라고 해서 바뀌는 게..,2026-04-01T10:00:19Z,29.0,True,4152,24.0,1.0
5832,UCHS-3P-lLr-3kF79mxPFWVg,여행에미치다,GZ_nY_GeqQ4,[여행실험] 남사친과 1박 2일 여행을 떠난다면? | 우정실험 1부,2026-04-01T10:00:30Z,1421.0,False,53089,787.0,85.0
5832,UCHS-3P-lLr-3kF79mxPFWVg,여행에미치다,z-Da-wcjfE0,ENTP 남자 ISTP 여자 조합,2026-04-02T03:08:18Z,34.0,True,8085,13.0,1.0
5832,UCHS-3P-lLr-3kF79mxPFWVg,여행에미치다,yfeG9hNpphI,이런 애들 꼭 있다,2026-04-02T10:01:22Z,28.0,True,3736,17.0,0.0
5832,UCHS-3P-lLr-3kF79mxPFWVg,여행에미치다,lf8m_RSWqSw,아 약간 위장 남사친?,2026-04-03T05:13:05Z,43.0,True,2463,10.0,0.0
5832,UCHS-3P-lLr-3kF79mxPFWVg,여행에미치다,zboP97LAt3w,한 명은 기빨리고 한 명은 지루함,2026-04-03T09:01:19Z,47.0,True,2471,8.0,0.0
5832,UCHS-3P-lLr-3kF79mxPFWVg,여행에미치다,FnuQKn-KUxQ,내 남친도 이렇게 철벽치길,2026-04-04T05:00:13Z,43.0,True,7734,20.0,0.0
5832,UCHS-3P-lLr-3kF79mxPFWVg,여행에미치다,LWir24a-I3U,어떤 남사친이 이렇게 끼를 부려,2026-04-04T10:00:29Z,24.0,True,5954,22.0,0.0
5832,UCHS-3P-lLr-3kF79mxPFWVg,여행에미치다,fLnbvauIcIw,남자들 말 왜 이렇게 하나요,2026-04-05T05:00:39Z,13.0,True,25757,56.0,24.0
5832,UCHS-3P-lLr-3kF79mxPFWVg,여행에미치다,aKlluz6_rNw,짚라인 같이 타면 이렇게 됩니다,2026-04-05T10:00:01Z,29.0,True,9717,30.0,1.0
5832,UCHS-3P-lLr-3kF79mxPFWVg,여행에미치다,1NZIdQYhCgQ,이거 그린라이트인가요?,2026-04-06T05:00:05Z,23.0,True,8439,29.0,2.0
5832,UCHS-3P-lLr-3kF79mxPFWVg,여행에미치다,UBWwhGb5e7w,[여행실험] 결국 이렇게 됐습니다 | 우정실험 2부,2026-04-08T10:01:00Z,1428.0,False,33829,482.0,79.0
5832,UCHS-3P-lLr-3kF79mxPFWVg,여행에미치다,yfKnF_Mg5nM,여사친 조롱 클라스 ㄷㄷ,2026-04-08T12:44:10Z,22.0,True,4684,6.0,1.0
5832,UCHS-3P-lLr-3kF79mxPFWVg,여행에미치다,2aIbzl5X_uM,이 정도면 사심 맞지 않나요?,2026-04-09T11:30:06Z,25.0,True,10665,19.0,0.0
5832,UCHS-3P-lLr-3kF79mxPFWVg,여행에미치다,rFTpsjZR40U,식당에서 진대할 때 특,2026-04-10T04:32:07Z,23.0,True,6247,7.0,0.0
5832,UCHS-3P-lLr-3kF79mxPFWVg,여행에미치다,g0keZ7MCmSc,이게 친구지,2026-04-10T09:04:38Z,22.0,True,14845,20.0,3.0
5832,UCHS-3P-lLr-3kF79mxPFWVg,여행에미치다,gzecD_WhzwY,애초에 친구가 됨?,2026-04-11T05:21:05Z,28.0,True,3816,6.0,1.0
5832,UCHS-3P-lLr-3kF79mxPFWVg,여행에미치다,Zi_WXY2nsLw,가능?,2026-04-12T04:00:39Z,23.0,True,4882,20.0,0.0
5832,UCHS-3P-lLr-3kF79mxPFWVg,여행에미치다,hg3mTKp9dII,이게 맞나?,2026-04-13T04:00:45Z,24.0,True,10906,26.0,16.0
5832,UCHS-3P-lLr-3kF79mxPFWVg,여행에미치다,DdHwZj3ydko,이거 가능?,2026-04-13T10:00:31Z,23.0,True,5591,18.0,0.0
5832,UCHS-3P-lLr-3kF79mxPFWVg,여행에미치다,e5qqQjAKveQ,는 엉덩이,2026-04-14T06:52:13Z,11.0,True,9442,21.0,0.0
5832,UCHS-3P-lLr-3kF79mxPFWVg,여행에미치다,RBy5gXrOrtA,결국 먹는다 함,2026-04-14T10:00:43Z,20.0,True,10347,16.0,1.0
5832,UCHS-3P-lLr-3kF79mxPFWVg,여행에미치다,pppa_1otQ7A,진실게임이 위험한 이유,2026-04-15T05:22:05Z,55.0,True,1680,4.0,0.0
5832,UCHS-3P-lLr-3kF79mxPFWVg,여행에미치다,Toht8aDTHVA,결국 이렇게 됐습니다,2026-04-16T04:00:25Z,27.0,True,2416,9.0,2.0
5832,UCHS-3P-lLr-3kF79mxPFWVg,여행에미치다,S7lvDO-VQnY,[PLAY+STATION] 강릉여행 플레이리스트 '여행실험',2026-04-16T10:00:43Z,2547.0,False,1445,43.0,3.0
5832,UCHS-3P-lLr-3kF79mxPFWVg,여행에미치다,cKKhawGYexQ,[여행질문] 모든 방황하는 청춘에게 이 영상을 바칩니다 | LA편,2026-04-22T10:01:07Z,566.0,False,49533,3160.0,83.0
5832,UCHS-3P-lLr-3kF79mxPFWVg,여행에미치다,wdgtTMlzOb0,LA 사람들에게 행복의 비결을 묻다,2026-04-22T10:01:43Z,30.0,True,1513,13.0,0.0
5832,UCHS-3P-lLr-3kF79mxPFWVg,여행에미치다,5S3jXhI1wyo,이것만 알면 절대 손해 안 봅니다.,2026-04-23T09:30:18Z,18.0,True,5281,41.0,1.0
5832,UCHS-3P-lLr-3kF79mxPFWVg,여행에미치다,Yt5kjTXnr78,처음 만난 외국인이 명언제조기일 확률은?,2026-04-27T08:28:30Z,35.0,True,2712,11.0,0.0
5832,UCHS-3P-lLr-3kF79mxPFWVg,여행에미치다,ietqk7sNuTQ,LA 사업가 마인드는 좀 다르네,2026-04-29T07:34:57Z,36.0,True,792,6.0,0.0
5832,UCHS-3P-lLr-3kF79mxPFWVg,여행에미치다,116yyzyoa1w,𝗽𝗹𝗮𝘆𝗹𝗶𝘀𝘁 이곳 LA에서는 모든 꿈이 이루어진다,2026-04-29T10:00:03Z,1210.0,False,2189,85.0,2.0
5832,UCHS-3P-lLr-3kF79mxPFWVg,여행에미치다,kBVKq22byvQ,[여행실험] 나는 엄마에 대해 얼마나 잘 알고 있을까? l 모녀여행,2026-05-06T12:01:27Z,1274.0,False,1449,51.0,8.0
5832,UCHS-3P-lLr-3kF79mxPFWVg,여행에미치다,OtRIRm4WPFs,엄마랑 단둘이 여행을 간다면?,2026-05-07T08:33:16Z,28.0,True,1372,5.0,0.0
5832,UCHS-3P-lLr-3kF79mxPFWVg,여행에미치다,77YY2Wyy6JE,둘째 특 : 서러움,2026-05-09T00:44:35Z,35.0,True,2443,7.0,0.0
5832,UCHS-3P-lLr-3kF79mxPFWVg,여행에미치다,BEZzHNFIVCs,아 엄마 부끄럽다고,2026-05-09T05:25:30Z,19.0,True,11629,24.0,2.0
5832,UCHS-3P-lLr-3kF79mxPFWVg,여행에미치다,YrCofQngRWI,엄찍사 특 ㅜㅜ,2026-05-12T01:13:38Z,21.0,True,2916,4.0,1.0
5832,UCHS-3P-lLr-3kF79mxPFWVg,여행에미치다,7ebVqCWC5Jg,엄마가 가장 힘들었던 순간은?,2026-05-12T06:31:11Z,23.0,True,1882,5.0,0.0
5832,UCHS-3P-lLr-3kF79mxPFWVg,여행에미치다,yMyxJKVVkGM,엄마는 언제 엄마가 보고 싶어?,2026-05-13T02:00:48Z,41.0,True,2991,8.0,2.0
5833,UCZ9vdyLmGse1LRHEY1HNYig,창이의일상,uW6DGeYN1dE,둘쨰 키우는게 진짜 너무 힘듭니다...,2022-05-04T11:36:17Z,454.0,False,255536,2360.0,106.0
5833,UCZ9vdyLmGse1LRHEY1HNYig,창이의일상,IfR8EzOpmcU,[몰카] 공휴일인거 비밀로하고 등원시켰다가 그만..,2022-05-10T11:46:54Z,389.0,False,115785,1299.0,53.0
5833,UCZ9vdyLmGse1LRHEY1HNYig,창이의일상,lTPEC4hKD8o,베란다 감금되어 새벽부터 기다리다 미칠뻔 했습니다….,2022-05-30T08:29:26Z,491.0,False,51723,748.0,39.0
5833,UCZ9vdyLmGse1LRHEY1HNYig,창이의일상,IPl1KsXgHr8,여행의 계절💙 여름 코디 총 7가지 대방출!,2022-06-04T09:00:14Z,508.0,False,27760,249.0,28.0
5833,UCZ9vdyLmGse1LRHEY1HNYig,창이의일상,8YWj0Y4FFuM,돈이없어 고액알바 3시간 하고왔습니다...,2022-06-09T10:02:53Z,468.0,False,22344,229.0,25.0
5833,UCZ9vdyLmGse1LRHEY1HNYig,창이의일상,IAyQazI4zzs,하루종일 가족들 앞에서 눈치없이 행동하기ㅋㅋㅋㅋㅋㅋㅋㅋㅋㅋㅋㅋㅋ,2022-06-15T13:03:46Z,377.0,False,71674,770.0,64.0
5833,UCZ9vdyLmGse1LRHEY1HNYig,창이의일상,dw4TzSUeN6g,서울 출장간 남편 호텔가서 몰래 이벤트 해주기ㅎㅎ,2022-06-25T12:32:52Z,474.0,False,42946,530.0,22.0
5833,UCZ9vdyLmGse1LRHEY1HNYig,창이의일상,YKBtVw0w1uU,남편아 술취했으면 곱게 자라 애들 깨우지말고;;,2022-07-03T12:50:10Z,341.0,False,78930,902.0,42.0
5833,UCZ9vdyLmGse1LRHEY1HNYig,창이의일상,_dcd5h91208,5일간 마음 먹고 관리해봤습니다.,2022-07-11T13:15:36Z,399.0,False,90693,671.0,46.0
5833,UCZ9vdyLmGse1LRHEY1HNYig,창이의일상,f0QiXSiCQT0,데이트가 데이트 같지 않은 우리,2022-07-25T10:12:20Z,225.0,False,101131,761.0,39.0
5833,UCZ9vdyLmGse1LRHEY1HNYig,창이의일상,JWieM3YOD5M,[비키니 대회 밀착취재] 그녀의 운동과 식단,2022-07-27T12:43:16Z,372.0,False,61898,616.0,36.0
5833,UCZ9vdyLmGse1LRHEY1HNYig,창이의일상,N9awzdJcCDU,생활비 떨어진 남편의 리얼 술집서빙일기...,2022-07-29T10:35:09Z,609.0,False,37745,430.0,29.0
5833,UCZ9vdyLmGse1LRHEY1HNYig,창이의일상,C8PMTnt7mPc,애아빠의 머리하는 vlog,2022-08-08T08:07:01Z,225.0,False,59448,463.0,93.0
5833,UCZ9vdyLmGse1LRHEY1HNYig,창이의일상,FSQwmH-7Bu8,비키니 시합 후 첫 데이트,2022-08-15T07:53:08Z,352.0,False,92428,668.0,26.0
5833,UCZ9vdyLmGse1LRHEY1HNYig,창이의일상,cKQZ7_FWDlE,밥 먹다 폭행 당했습니다.,2022-08-19T10:39:06Z,380.0,False,42130,389.0,37.0
5833,UCZ9vdyLmGse1LRHEY1HNYig,창이의일상,gjNYGSefR2g,제 최애 가을 코디로 이루어진 룩북!🍁 그리고 깜짝 이벤트..?🎁,2022-09-12T13:25:46Z,524.0,False,24560,338.0,119.0
5833,UCZ9vdyLmGse1LRHEY1HNYig,창이의일상,ctcQp6a5cAE,포브스 선정 아내 없이는 아무것도 못하는 남편 1위..,2022-09-26T12:45:04Z,217.0,False,33611,337.0,34.0
5833,UCZ9vdyLmGse1LRHEY1HNYig,창이의일상,LOa8GUHpiSE,사투리쓰는 아내가 싫은 이기적인 경상도남편,2022-09-28T13:00:21Z,260.0,False,106007,770.0,45.0
5833,UCZ9vdyLmGse1LRHEY1HNYig,창이의일상,UC3Yrqq1Dno,3살 딸이 11살 성숙한 소녀가 된 지금,2022-10-01T22:17:59Z,10.0,True,449305,5437.0,77.0
5833,UCZ9vdyLmGse1LRHEY1HNYig,창이의일상,VMMTD3nTPtk,악필 남편 매일매일 글씨쓰기 연습후 아내에게 편지쓰기(feat.아내),2022-10-03T11:33:30Z,455.0,False,29538,311.0,27.0
5833,UCZ9vdyLmGse1LRHEY1HNYig,창이의일상,agXwLqRp7ME,이게 요즘 트랜드라구요..?,2022-10-12T11:00:30Z,428.0,False,137618,797.0,143.0
5833,UCZ9vdyLmGse1LRHEY1HNYig,창이의일상,61zIAQB1MG8,딸 보다 아빠가 더 인기많은? 초등학교 공개수업 vlog,2022-10-28T00:57:34Z,350.0,False,1060889,8391.0,287.0
5833,UCZ9vdyLmGse1LRHEY1HNYig,창이의일상,M5DRj1T_v94,다이소 가서 아빠통장 텅장 만들기 ㅋㅋㅋㅋㅋㅋㅋㅋㅋㅋㅋㅋㅋㅋㅋ,2022-11-04T10:00:14Z,383.0,False,100240,904.0,52.0
5833,UCZ9vdyLmGse1LRHEY1HNYig,창이의일상,Pk1LTgZ1YyY,엄카 훔친 아빠의 백화점 복수 일기 ㅋㅋㅋㅋㅋㅋㅋㅋㅋㅋㅋㅋㅋㅋ (feat.테이스티대구),2022-11-11T09:30:19Z,601.0,False,69729,581.0,35.0
5833,UCZ9vdyLmGse1LRHEY1HNYig,창이의일상,any5H8RLS8g,미용사님 고소할게요.,2022-11-22T07:49:30Z,294.0,False,37187,316.0,69.0
5833,UCZ9vdyLmGse1LRHEY1HNYig,창이의일상,HroFfmxOpHY,올 겨울 가족들과 마지막 캠핑!,2022-12-13T09:00:09Z,707.0,False,49671,394.0,22.0
5833,UCZ9vdyLmGse1LRHEY1HNYig,창이의일상,gQP_Y28dMZA,우리나라에서 제일큰 코카콜라 카페 그리고 레트로 카페,2022-12-17T01:52:44Z,362.0,False,17404,184.0,17.0
5833,UCZ9vdyLmGse1LRHEY1HNYig,창이의일상,0hu4udjGZOg,오랜만에 데이트 하려는데 너무 추워서 그만....,2023-01-06T07:33:46Z,581.0,False,27268,235.0,29.0
5833,UCZ9vdyLmGse1LRHEY1HNYig,창이의일상,oiPcK_mP80w,와이프가 화나서 고속도로에서 내리라는데..,2023-01-27T10:00:34Z,497.0,False,42866,359.0,32.0
5833,UCZ9vdyLmGse1LRHEY1HNYig,창이의일상,J8XdiehCEHI,절대로 남자 얼굴보고 결혼하지마세요...,2023-02-21T13:36:20Z,202.0,False,45276,380.0,59.0
5833,UCZ9vdyLmGse1LRHEY1HNYig,창이의일상,qbMgNL3gxAc,대한민국 흔한 31살 백수의 삶,2023-02-26T13:30:19Z,240.0,False,49721,311.0,32.0
5833,UCZ9vdyLmGse1LRHEY1HNYig,창이의일상,lCNF9gzv8QQ,남자도 안경벗고 이발 해야하는 이유,2023-03-05T11:41:15Z,232.0,False,53669,292.0,50.0
5833,UCZ9vdyLmGse1LRHEY1HNYig,창이의일상,ICa4cK_Uf1M,방어 잡고왔어요!!!#방어 #방어낚시,2024-12-14T00:50:06Z,83.0,False,14346,129.0,23.0
5833,UCZ9vdyLmGse1LRHEY1HNYig,창이의일상,PQcX61NCNT4,주말에 아빠국룰 패션 했다가 혼났습니다🥹,2024-12-14T22:48:14Z,56.0,True,83847,946.0,20.0
5833,UCZ9vdyLmGse1LRHEY1HNYig,창이의일상,01VTSoaJrRA,올해최고의 무스탕패딩😍 털만 안빠지면 최고인데,2024-12-18T08:06:42Z,74.0,False,25805,124.0,10.0
5833,UCZ9vdyLmGse1LRHEY1HNYig,창이의일상,2OrllFJl6dU,2년만에 태국에서 인사드립니다..,2025-01-20T03:14:31Z,392.0,False,57783,342.0,89.0
5833,UCZ9vdyLmGse1LRHEY1HNYig,창이의일상,oTd520GEWTs,“Episode 2: 태국 끄라비에서의 짜릿한 하루”,2025-01-22T23:19:27Z,474.0,False,26796,158.0,35.0
5833,UCZ9vdyLmGse1LRHEY1HNYig,창이의일상,vZcjRdGKNLY,안녕…ㅎㅎ,2025-01-25T15:28:08Z,628.0,False,43899,258.0,63.0
5833,UCZ9vdyLmGse1LRHEY1HNYig,창이의일상,nV9i-2STaPw,다방 처음 가본 33살 아조씨 일기,2025-01-28T23:19:39Z,93.0,False,26688,312.0,17.0
5833,UCZ9vdyLmGse1LRHEY1HNYig,창이의일상,hyRGtqpy6Ug,모자 필요한사람….,2025-02-11T08:09:00Z,121.0,False,22498,276.0,29.0
5833,UCZ9vdyLmGse1LRHEY1HNYig,창이의일상,h2TR9_uGXqY,가족 일상 영상을 못올리는 이유입니다.,2025-02-16T02:30:48Z,169.0,False,103257,808.0,93.0
5833,UCZ9vdyLmGse1LRHEY1HNYig,창이의일상,FP5B0MwCEi4,남자는 늙을수록 머리가 빠진다,2025-02-19T12:36:39Z,313.0,False,55313,427.0,126.0
5833,UCZ9vdyLmGse1LRHEY1HNYig,창이의일상,M2fPR6FJDSo,N년차 부부가 자유가 되면 벌어지는일…,2025-03-05T07:02:20Z,561.0,False,59336,536.0,124.0
5833,UCZ9vdyLmGse1LRHEY1HNYig,창이의일상,TuehP4gVVOc,독립심을 가지기 시작한 딸들...,2025-03-09T03:38:45Z,279.0,False,35332,389.0,89.0
5833,UCZ9vdyLmGse1LRHEY1HNYig,창이의일상,hqdAjb_fFhQ,결혼10년차 첫 꽃 선물,2026-01-05T09:01:09Z,329.0,False,11666,160.0,45.0
5833,UCZ9vdyLmGse1LRHEY1HNYig,창이의일상,2kQWeeDePCE,요즘 유행하는 #ai 로 남친 여친 만들기,2026-01-11T02:22:02Z,70.0,False,14887,127.0,3.0
5833,UCZ9vdyLmGse1LRHEY1HNYig,창이의일상,tS_DEC7W-f0,대구 진미막창 길감자 품은 쫀득막창🥔식감 대박!🔥댓글이벤트: 좋아요+참여완료 3분께 1인분 쏩니다!(~1/30)#대구맛집 #길감자 #쫀득막창,2026-01-23T01:53:37Z,52.0,True,13379,121.0,12.0
5833,UCZ9vdyLmGse1LRHEY1HNYig,창이의일상,lJB96XKREtM,2026년 2월 1일,2026-02-01T08:58:56Z,27.0,True,13453,88.0,7.0
5833,UCZ9vdyLmGse1LRHEY1HNYig,창이의일상,bZ6JsVP_fsE,내 눈에 예쁘면 그만,2026-02-26T09:23:27Z,289.0,False,7258,74.0,29.0
5833,UCZ9vdyLmGse1LRHEY1HNYig,창이의일상,F-XRi4iVIsY,나 오늘 등산했어,2026-04-02T05:12:05Z,708.0,False,6275,83.0,19.0
5834,UCcMrSGpNrKbM-2Oyf80p6rw,전주MBC Original,OM1xdAZG7G8,[🔴생방송] 오늘의 발견 I 2026년 5월 12일 화요일 / 학군지 고민,2026-05-12T15:13:57Z,2976.0,False,216,10.0,0.0
5834,UCcMrSGpNrKbM-2Oyf80p6rw,전주MBC Original,ZzkF5-8tIS4,1997 전설의 귀환. 조용필,2026-05-13T01:51:09Z,2575.0,False,108,3.0,0.0
5834,UCcMrSGpNrKbM-2Oyf80p6rw,전주MBC Original,M5gNX4ybvFE,[옛날TV] TV전국기행_고창 문화유산 답사기_2002년 3월 방송,2026-05-13T01:53:22Z,3061.0,False,95,4.0,0.0
5834,UCcMrSGpNrKbM-2Oyf80p6rw,전주MBC Original,Iy-T_qqgKpY,[옛날TV] TV전국기행_서해안의 미래 군산_2003년 4월 방송,2026-05-13T02:15:37Z,3241.0,False,47,1.0,0.0
5834,UCcMrSGpNrKbM-2Oyf80p6rw,전주MBC Original,83YgrGVDmbo,[옛날TV] TV전국기행_마이산에 기대어 느끼는 진안_2003년 6월 방송,2026-05-13T02:15:55Z,3301.0,False,251,2.0,0.0
5834,UCcMrSGpNrKbM-2Oyf80p6rw,전주MBC Original,0dexaLLyYJQ,[옛날 TV] TV전국기행_변산 아리랑_2002년 10월 방송,2026-05-13T02:16:01Z,3061.0,False,154,5.0,0.0
5834,UCcMrSGpNrKbM-2Oyf80p6rw,전주MBC Original,5R5e12XJhbA,[옛날TV] TV전국기행_전북 여행 전문가의 로컬 맛집 대공개!_2009년 1월 방송,2026-05-13T02:16:06Z,2761.0,False,168,1.0,0.0
5834,UCcMrSGpNrKbM-2Oyf80p6rw,전주MBC Original,tLD7WADoBQQ,"[옛날TV] TV전국기행_판따라 소리따라! 고즈넉한 한옥에서 즐기는 소리 한 대목, 전라도 소리 기행_2004년 3월 방송",2026-05-13T02:22:56Z,3301.0,False,87,5.0,0.0
5834,UCcMrSGpNrKbM-2Oyf80p6rw,전주MBC Original,Z6ErZsyzoOE,[옛날TV] TV전국기행_열매의 고장 임실_2003년 9월 방송,2026-05-13T02:37:46Z,3361.0,False,97,1.0,0.0
5834,UCcMrSGpNrKbM-2Oyf80p6rw,전주MBC Original,O8Y8NjB4LDM,외국인 친구 놀러왔을 때 알려줄 맞춤형 콜택시 앱! M TRIP,2026-05-13T03:14:36Z,81.0,False,715,2.0,1.0
5834,UCcMrSGpNrKbM-2Oyf80p6rw,전주MBC Original,yy8FrA3dHMs,[옛날TV] TV전국기행_높고 깊고 푸른 장수 정복기!_2004년 9월 방송,2026-05-13T04:42:23Z,3908.0,False,76,1.0,0.0
5834,UCcMrSGpNrKbM-2Oyf80p6rw,전주MBC Original,Gz9GInISMdU,[옛날TV] TV전국기행_변산반도의 여름! 오감만족 여행기_2004년 7월 방송,2026-05-13T04:42:37Z,3241.0,False,117,1.0,0.0
5834,UCcMrSGpNrKbM-2Oyf80p6rw,전주MBC Original,tNnV0IlVbuE,서울의 지역화폐 마포사람들이 사용하는 화폐는 따로 있다.,2026-05-13T07:41:49Z,1023.0,False,48,0.0,0.0
5834,UCcMrSGpNrKbM-2Oyf80p6rw,전주MBC Original,fOEs21mf1BE,[옛날TV] TV전국기행_문학 속으로 떠나는 전라도 추억여행_ 2005년 1월 방송,2026-05-13T07:55:02Z,3275.0,False,66,3.0,0.0
5834,UCcMrSGpNrKbM-2Oyf80p6rw,전주MBC Original,mWhF3A6X-bk,"지역화폐의 시조새, 대전 한밭레츠",2026-05-13T08:02:45Z,327.0,False,15,0.0,0.0
5834,UCcMrSGpNrKbM-2Oyf80p6rw,전주MBC Original,6YiR8Wj9lGw,뉴욕 필하모닉 오케스트라의 평양 아리랑,2026-05-13T09:02:25Z,934.0,False,92,2.0,1.0
5834,UCcMrSGpNrKbM-2Oyf80p6rw,전주MBC Original,kabVPmgmzrw,[전북이 참 좋다] 전주MBC 2026년 05월 13일,2026-05-13T12:25:33Z,2807.0,False,156,3.0,0.0
5834,UCcMrSGpNrKbM-2Oyf80p6rw,전주MBC Original,z8NB_Z-IJvU,[🔴생방송] 오늘의 발견 I 2026년 5월 13일 수요일 / 중장년층 재취업과 성공 사례,2026-05-13T15:03:26Z,3060.0,False,243,9.0,1.0
5834,UCcMrSGpNrKbM-2Oyf80p6rw,전주MBC Original,96FZFAo9vTQ,[🔴LIVE] 원더풀 다이어리 공개방송 | 2026.05.13,2026-05-13T16:44:36Z,1886.0,False,369,9.0,1.0
5834,UCcMrSGpNrKbM-2Oyf80p6rw,전주MBC Original,ftJTzc34mEU,[🔴LIVE] 원더풀 다이어리 공개방송 | 2026.05.13,2026-05-13T17:40:52Z,2355.0,False,280,8.0,0.0
5834,UCcMrSGpNrKbM-2Oyf80p6rw,전주MBC Original,jr1M4Kpvyeg,"[🔴생방송]  ""전북이 참 좋다! "" - 제172회 | 전주MBC 2026년 5월 13일(수요일)",2026-05-13T22:12:21Z,2941.0,False,312,12.0,0.0
5834,UCcMrSGpNrKbM-2Oyf80p6rw,전주MBC Original,_w9nep1lwBs,최고의 물멍 카페를 찾아라,2026-05-14T00:58:38Z,556.0,False,46,1.0,0.0
5834,UCcMrSGpNrKbM-2Oyf80p6rw,전주MBC Original,y3JQE_FTwJA,"다슬기 해감부터 요리까지, 잡는 김에 끝까지 갑니다",2026-05-14T01:11:38Z,619.0,False,170,5.0,0.0
5834,UCcMrSGpNrKbM-2Oyf80p6rw,전주MBC Original,E2S4mYNU-o4,"[옛날TV] TV전국기행_그때 그 시절 2000년대 전라도 미술관, 예술과 봄의 향연_2005년 3월 방송",2026-05-14T01:18:51Z,3361.0,False,47,1.0,0.0
5834,UCcMrSGpNrKbM-2Oyf80p6rw,전주MBC Original,Bimoq0iydf0,"다슬기탕, 수제비? No! 그것만 있는 게 아니야",2026-05-14T01:35:55Z,387.0,False,171,7.0,0.0
5834,UCcMrSGpNrKbM-2Oyf80p6rw,전주MBC Original,9FX1rjmp7zk,어부는 다슬기를 이렇게 잡습니다,2026-05-14T02:04:31Z,217.0,False,219,4.0,0.0
5834,UCcMrSGpNrKbM-2Oyf80p6rw,전주MBC Original,wkREq2t2how,우리 아이 영어재능 알아보는 3가지 방법,2026-05-14T03:03:31Z,70.0,False,815,2.0,1.0
5834,UCcMrSGpNrKbM-2Oyf80p6rw,전주MBC Original,NDkrweObN6w,[옛날TV] TV전국기행_자연을 찾아 떠나는 충청북도 여름 여행_2005년 8월 영상,2026-05-14T04:51:40Z,3301.0,False,129,0.0,0.0
5834,UCcMrSGpNrKbM-2Oyf80p6rw,전주MBC Original,-3tKT6Tv5dY,[옛날TV] TV전국기행_무공해 체험을 만나다! 전북 무주_2005년 7월 방송,2026-05-14T04:54:59Z,3301.0,False,140,1.0,0.0
5834,UCcMrSGpNrKbM-2Oyf80p6rw,전주MBC Original,DbagYoBhXqg,[옛날TV] TV전국기행_네 남자의 유쾌한 여행 GO GO 고창_2005년 5월 방송,2026-05-14T04:55:04Z,3301.0,False,80,1.0,0.0
5834,UCcMrSGpNrKbM-2Oyf80p6rw,전주MBC Original,WFUJvMDdDPA,[옛날TV] TV전국기행_길따라 이야기따라 전북 남원 이색 체험기_2005년 9월 방송,2026-05-14T05:53:59Z,3301.0,False,100,1.0,0.0
5834,UCcMrSGpNrKbM-2Oyf80p6rw,전주MBC Original,tUdb3tAXVAA,[옛날TV] TV전국기행_사람과 자연이 만나는 도시 포천_2006년 2월 방송,2026-05-14T06:59:38Z,3361.0,False,91,0.0,0.0
5834,UCcMrSGpNrKbM-2Oyf80p6rw,전주MBC Original,TtD52-X_LsQ,[옛날tv] tv전국기행_겨울이 즐겁다! 20년 전 무주의 겨울_2006년 1월 방송,2026-05-14T07:54:27Z,3001.0,False,91,0.0,0.0
5834,UCcMrSGpNrKbM-2Oyf80p6rw,전주MBC Original,xABVKrQuKOE,[🔴생방송] 오늘의 발견 I 2026년 5월 14일 목요일 / 인건비와 4대보험,2026-05-14T15:10:47Z,2991.0,False,245,13.0,0.0
5834,UCcMrSGpNrKbM-2Oyf80p6rw,전주MBC Original,Lj4QJ-HoCjI,원더풀 다이어리 공개방송 2부 | 원더풀 다이어리,2026-05-15T01:01:00Z,1918.0,False,19,0.0,0.0
5834,UCcMrSGpNrKbM-2Oyf80p6rw,전주MBC Original,8L9AHf_EMvQ,원더풀 다이어리 공개방송 1부 | 원더풀 다이어리,2026-05-15T01:11:27Z,2340.0,False,39,3.0,0.0
5834,UCcMrSGpNrKbM-2Oyf80p6rw,전주MBC Original,4HJdZTLbpMo,"[전주MBC 창사특집 다큐멘터리]_시골집의 현인, 임락경_2026년 5월 14일(목요일)",2026-05-15T01:39:23Z,3409.0,False,1731,40.0,1.0
5834,UCcMrSGpNrKbM-2Oyf80p6rw,전주MBC Original,GhOEOpamAPk,인생 2막 직업 추천 [직업상담사] 되는 법!,2026-05-15T03:51:18Z,96.0,False,725,5.0,1.0
5834,UCcMrSGpNrKbM-2Oyf80p6rw,전주MBC Original,lbw37-vV1ls,[옛날TV] TV전국기행_고군산군도 62개 섬 속에 숨겨진 힐링 풀코스_2006년 10월 방송,2026-05-15T04:44:30Z,3301.0,False,90,3.0,0.0
5834,UCcMrSGpNrKbM-2Oyf80p6rw,전주MBC Original,m1ik8zmfkfk,[옛날TV] TV전국기행_응답하라 고창! 장어에 복분자주 한 잔!_2006년 9월 방송,2026-05-15T04:44:48Z,3001.0,False,180,4.0,0.0
5834,UCcMrSGpNrKbM-2Oyf80p6rw,전주MBC Original,39DBxRyfy9E,[옛날TV] TV전국기행_마음 속 고향으로! 20년 전 진안 여행_2006년 5월 방송,2026-05-15T04:45:04Z,3061.0,False,51,0.0,0.0
5834,UCcMrSGpNrKbM-2Oyf80p6rw,전주MBC Original,9fdas5gy2rA,[옛날tv[ TV전국기행_천천히 웃고 쉬어가기 좋은 봄날의 옛 완주_2006년 3월 방송,2026-05-15T04:45:18Z,3061.0,False,58,1.0,0.0
5834,UCcMrSGpNrKbM-2Oyf80p6rw,전주MBC Original,YGyhL0krv3A,[옛날TV] TV전국기행_임금님도 울고 갈 '진짜' 한정식! 소리와 맛과 멋의 고장 전주_2004년 11월 방송,2026-05-15T04:45:43Z,3361.0,False,87,4.0,0.0
5834,UCcMrSGpNrKbM-2Oyf80p6rw,전주MBC Original,iqPZe6k_uTo,[옛날 TV] TV전국기행_전북 그 맛을 보았다!_2008년 12월 방송,2026-05-15T04:51:45Z,2887.0,False,130,0.0,0.0
5834,UCcMrSGpNrKbM-2Oyf80p6rw,전주MBC Original,Z5WEQshnziE,[옛날TV] TV전국기행_나만 알고 싶은 전라도 찐맛집! 전북 맛 기행_2009년 2월 방송,2026-05-15T06:56:03Z,3061.0,False,114,2.0,0.0
5834,UCcMrSGpNrKbM-2Oyf80p6rw,전주MBC Original,fVag8TLs844,[옛날TV] TV전국기행_전라북도의 숨겨진 맛 기행_2009년 4월 방송,2026-05-15T06:56:07Z,2941.0,False,251,3.0,0.0
5834,UCcMrSGpNrKbM-2Oyf80p6rw,전주MBC Original,NXs91nXKfBk,[옛날TV] TV전국기행_화려하진 않지만 내공은 만렙! 현지인만 조용히 가는 전라북도 찐맛집 투어 3박 4일 풀코스_2009년 9월 방송,2026-05-15T06:56:10Z,2941.0,False,114,1.0,0.0
5834,UCcMrSGpNrKbM-2Oyf80p6rw,전주MBC Original,Qqvfnc7rw7g,전북평화인권연대 활동가 - 채민,2026-05-16T04:54:14Z,1789.0,False,51,1.0,0.0
5834,UCcMrSGpNrKbM-2Oyf80p6rw,전주MBC Original,pFwWYYKDFTw,물길 따라 흐르는 대청호의 봄,2026-05-16T04:55:10Z,2842.0,False,65,0.0,0.0
5834,UCcMrSGpNrKbM-2Oyf80p6rw,전주MBC Original,r7-oJGG19Sc,"[🔴생방송]  ""인생내컷 "" - 제3회 | 전주MBC 2026년 5월 17일(일요일)",2026-05-17T01:25:50Z,3263.0,False,110,5.0,0.0
5835,UCYgA4AOMCmg6vepDmkcOEgA,Mozzarella Girl & Oppa,wqOMpfkA6V0,한국 고속도로 휴게소를 처음 방문한 이탈리아 아저씨가 깜짝 놀란 이유! 첨단 기술 화장실?!,2025-08-01T22:53:30Z,2490.0,False,572877,16362.0,944.0
5835,UCYgA4AOMCmg6vepDmkcOEgA,Mozzarella Girl & Oppa,KJIeC-Bl0y0,고속도로 휴게소 최첨단 화장실 #이탈리아장인어른 #이탈리아아저씨 #모짜렐라걸과오빠,2025-08-03T14:57:31Z,35.0,True,19755,581.0,18.0
5835,UCYgA4AOMCmg6vepDmkcOEgA,Mozzarella Girl & Oppa,jXCEbJTStVo,한국에 오신 이탈리아 장인어른께 부산 최고의 아파트를 구해드렸더니??? (한국 아파트 첫 방문),2025-08-11T21:07:50Z,1843.0,False,591528,14558.0,458.0
5835,UCYgA4AOMCmg6vepDmkcOEgA,Mozzarella Girl & Oppa,icDBh57l5Io,피자의 나라에서 온 이탈리아 아저씨께 한국 피자를 대접해 드렸더니??? ㅋㅋㅋ,2025-08-23T20:58:31Z,1545.0,False,542849,11802.0,622.0
5835,UCYgA4AOMCmg6vepDmkcOEgA,Mozzarella Girl & Oppa,FMx8cs-hSFA,40주년 결혼기념일에 장모님께 목숨보다 귀한 TMax를 태워주는 장인어른 #모짜렐라걸,2025-09-07T18:00:38Z,67.0,False,93131,2160.0,93.0
5835,UCYgA4AOMCmg6vepDmkcOEgA,Mozzarella Girl & Oppa,9oMSV_Vx0jo,부산에 온 이탈리아 장인어른께 부산 돼지국밥을 드려봤더니?? ㅋㅋ,2025-09-11T20:57:24Z,2631.0,False,349484,10540.0,623.0
5835,UCYgA4AOMCmg6vepDmkcOEgA,Mozzarella Girl & Oppa,K7OCHgjT9DY,어머니와 함께 하는 이탈리아 배낭여행 #엄마와이태리배낭여행,2025-09-14T22:57:14Z,35.0,True,25265,756.0,38.0
5835,UCYgA4AOMCmg6vepDmkcOEgA,Mozzarella Girl & Oppa,CGCI7U4NrPw,배낭여행 첫째날 친퀘테레 베르나짜에서 포카차 먹기 #엄마와이태리배낭여행,2025-09-14T23:05:35Z,38.0,True,13611,437.0,18.0
5835,UCYgA4AOMCmg6vepDmkcOEgA,Mozzarella Girl & Oppa,p4AYnxbX4QM,애니메이션 루카의 마을 #엄마와이태리배낭여행,2025-09-14T23:09:46Z,47.0,True,21619,572.0,17.0
5835,UCYgA4AOMCmg6vepDmkcOEgA,Mozzarella Girl & Oppa,n2rbRUwAiY4,친퀘테레 두번째 마을 마나롤라 #엄마와이태리배낭여행,2025-09-14T23:13:54Z,29.0,True,13977,372.0,11.0
5835,UCYgA4AOMCmg6vepDmkcOEgA,Mozzarella Girl & Oppa,GA4cyrSQjQo,이탈리아의 120년 된 레스토랑 #엄마와이태리배낭여행,2025-09-15T22:05:44Z,102.0,False,25530,853.0,32.0
5835,UCYgA4AOMCmg6vepDmkcOEgA,Mozzarella Girl & Oppa,LypN0cfGZsM,엄마에게 피사의 사탑을 보여드렸더니? #엄마와이태리배낭여행,2025-09-16T21:25:35Z,111.0,False,18386,657.0,20.0
5835,UCYgA4AOMCmg6vepDmkcOEgA,Mozzarella Girl & Oppa,WBMsH4F566A,피사에서 밥 먹는데 우릴 불러 세운 여학생 #엄마와이태리배낭여행,2025-09-17T22:20:21Z,86.0,False,49476,1344.0,49.0
5835,UCYgA4AOMCmg6vepDmkcOEgA,Mozzarella Girl & Oppa,cNGMiYHG8g0,우리가 묵은 100년 넘은 피사의 숙소 #엄마와이태리배낭여행,2025-09-17T22:21:59Z,47.0,True,27130,613.0,19.0
5835,UCYgA4AOMCmg6vepDmkcOEgA,Mozzarella Girl & Oppa,RX9sX1AI9JU,엄마에게 투스카나의 전통과자를 드려봤더니? #엄마와이태리배낭여행,2025-09-18T22:04:51Z,49.0,True,21623,698.0,44.0
5835,UCYgA4AOMCmg6vepDmkcOEgA,Mozzarella Girl & Oppa,rTUakl4JTbE,엄마에게 이탈리아에서 가장 인기있는 술을 먹이기 #엄마와이태리배낭여행,2025-09-18T22:05:04Z,60.0,True,59794,1355.0,38.0
5835,UCYgA4AOMCmg6vepDmkcOEgA,Mozzarella Girl & Oppa,qwdyxCWpdQs,피렌체에서 입이 떡 벌어진 엄마 #엄마와이태리배낭여행,2025-09-20T08:15:35Z,62.0,False,19144,558.0,16.0
5835,UCYgA4AOMCmg6vepDmkcOEgA,Mozzarella Girl & Oppa,VxcEnvgmq_g,피렌체에서 엄마에게 400계단을 올라 가게 했더니? #엄마와이태리배낭여행,2025-09-20T22:02:02Z,124.0,False,17059,530.0,21.0
5835,UCYgA4AOMCmg6vepDmkcOEgA,Mozzarella Girl & Oppa,kBz4lTe81AI,이탈리아의 곱창(?)을 먹어보기 #엄마와이태리배낭여행,2025-09-21T22:37:48Z,57.0,True,30657,690.0,24.0
5835,UCYgA4AOMCmg6vepDmkcOEgA,Mozzarella Girl & Oppa,tCnXTzyb8Bc,엄마에게 다비드 꽈추를 설명해 드렸더니??? #엄마와이태리배낭여행,2025-09-22T22:14:59Z,98.0,False,19264,642.0,28.0
5835,UCYgA4AOMCmg6vepDmkcOEgA,Mozzarella Girl & Oppa,tIQHqbGLfBc,어머니께 이탈리아에서 가장 비싼 소고기를 사드렸더니?? #엄마와이태리배낭여행,2025-09-23T22:20:44Z,125.0,False,36917,1207.0,34.0
5835,UCYgA4AOMCmg6vepDmkcOEgA,Mozzarella Girl & Oppa,-qij0NojqxE,이탈리아 동화의 마을에 온 엄마 #엄마와이태리배낭여행,2025-09-24T22:16:20Z,88.0,False,18161,526.0,21.0
5835,UCYgA4AOMCmg6vepDmkcOEgA,Mozzarella Girl & Oppa,JyoWwFVxbec,이탈리아 장인어른이 난생처음 부산에 와 보고 충격받은 이유!!,2025-09-29T21:05:23Z,2327.0,False,348403,10309.0,333.0
5835,UCYgA4AOMCmg6vepDmkcOEgA,Mozzarella Girl & Oppa,cL39r_DJNr8,아씨시에서 가장 맛있는 파스타를 먹어본 엄마 #엄마와이태리배낭여행,2025-09-30T21:39:35Z,100.0,False,26132,729.0,18.0
5835,UCYgA4AOMCmg6vepDmkcOEgA,Mozzarella Girl & Oppa,sEUqgwW4YR0,로마에서 크림이 1도 안 들어간 진짜 카르보나라를 먹어 본 엄마 #엄마와이태리배낭여행,2025-10-03T22:06:04Z,64.0,False,33966,705.0,19.0
5835,UCYgA4AOMCmg6vepDmkcOEgA,Mozzarella Girl & Oppa,DGfxKhiNSNU,판테온에 비 오는 게 걱정인 엄마 #엄마와이태리배낭여행,2025-10-03T22:08:19Z,60.0,True,25615,514.0,28.0
5835,UCYgA4AOMCmg6vepDmkcOEgA,Mozzarella Girl & Oppa,FIr-A-TnHkw,로마의 100년 넘은 젤라또 집을 간 엄마 #엄마와이태리배낭여행,2025-10-04T22:40:59Z,60.0,True,33013,645.0,15.0
5835,UCYgA4AOMCmg6vepDmkcOEgA,Mozzarella Girl & Oppa,FumMsvPgVnk,바티칸의 웅장함에 압도당한 엄마 #엄마와이태리배낭여행,2025-10-05T21:07:08Z,56.0,True,45640,784.0,21.0
5835,UCYgA4AOMCmg6vepDmkcOEgA,Mozzarella Girl & Oppa,ENVFP81tpNU,이탈리아에서 푸른꽃게만 보던 이탈리아 장인어른께 영덕대게를 대접했더니?? ㅎㅎㅎ,2025-10-14T22:18:12Z,2074.0,False,509061,13548.0,516.0
5835,UCYgA4AOMCmg6vepDmkcOEgA,Mozzarella Girl & Oppa,-2GJ126Ju2E,축구의 나라에서 온 이탈리아 장인어른께 한국 야구를 보여드렸더니??? LG가 인생 첫 야구 ㅎㅎ,2025-10-29T20:59:47Z,2236.0,False,282247,7469.0,402.0
5835,UCYgA4AOMCmg6vepDmkcOEgA,Mozzarella Girl & Oppa,a3K6UgyxcJg,봐도봐도 끝이 없는 명동 길거리 음식에 깜짝 놀란 이탈리아 장인어른과 아저씨 ㅋㅋ,2025-11-19T22:02:48Z,1938.0,False,195483,6486.0,393.0
5835,UCYgA4AOMCmg6vepDmkcOEgA,Mozzarella Girl & Oppa,6bmgJhbN-U8,K치킨을 먹으러 한국에 온 이탈리아 아저씨 양념치킨 한입 드시더니??,2025-12-08T21:59:26Z,1871.0,False,273896,8383.0,268.0
5835,UCYgA4AOMCmg6vepDmkcOEgA,Mozzarella Girl & Oppa,K30JdjbPc2U,한국에서 삼겹살을 드렸더니 이탈리아에 돌아가 삼겹살 식탁을 만든다는 이탈리아 아저씨 ㅋㅋ,2026-01-01T21:59:50Z,1963.0,False,488856,10741.0,404.0
5835,UCYgA4AOMCmg6vepDmkcOEgA,Mozzarella Girl & Oppa,AaTONgYIJ5s,엄청난 크기의 감자탕을 처음 본 이탈리아 아저씨의 반응! 그리고 볶음밥 시켰더니???,2026-01-21T00:51:29Z,1553.0,False,314843,9237.0,356.0
5835,UCYgA4AOMCmg6vepDmkcOEgA,Mozzarella Girl & Oppa,LXpeSVaLt_A,이탈리아에서 온 페라리 장인이 제네시스 GV80을 보고 두 눈을 의심한 이유 ㅋㅋ,2026-02-06T21:59:55Z,1975.0,False,908535,9761.0,615.0
5835,UCYgA4AOMCmg6vepDmkcOEgA,Mozzarella Girl & Oppa,woM3Rj3CTf4,한국 스노보드 깜짝 은메달!! 이탈리아 가족의 미친 반응!!,2026-02-08T22:51:06Z,659.0,False,47091,2443.0,104.0
5835,UCYgA4AOMCmg6vepDmkcOEgA,Mozzarella Girl & Oppa,i_4dqCXArzM,18세 보더 유승은의 동메달을 본 이탈리아 가족의 반응!! (밀라노 동계 올림픽),2026-02-10T08:07:41Z,1010.0,False,35052,1985.0,99.0
5835,UCYgA4AOMCmg6vepDmkcOEgA,Mozzarella Girl & Oppa,xiD_M60ojrQ,최가온 선수의 역전 금메달을 보고 한국인보다 더 좋아하시는 이탈리아 장인어른 (밀라노 동계올림픽),2026-02-13T09:01:19Z,990.0,False,241337,7051.0,244.0
5835,UCYgA4AOMCmg6vepDmkcOEgA,Mozzarella Girl & Oppa,qfbtLtwpRc4,밀라노 동계 올림픽에서 이탈리아 장인어른께 한국 쇼트트랙을 보여드렸더니?? 황대헌 은메달 반응,2026-02-15T07:50:57Z,736.0,False,19288,1184.0,45.0
5835,UCYgA4AOMCmg6vepDmkcOEgA,Mozzarella Girl & Oppa,xhLvjBSMsE4,쇼트트랙 김길리 동메달! 이탈리아 장인어른 앞에서 한국을 응원하면?? ㅋㅋㅋ (밀라노 올림픽),2026-02-16T21:59:32Z,584.0,False,22026,888.0,51.0
5835,UCYgA4AOMCmg6vepDmkcOEgA,Mozzarella Girl & Oppa,fWVPdq8ixUI,김길리 선수의 역전 금메달이 믿기지 않는 이탈리아 장인어른 (밀라노 동계올림픽 쇼트트랙 여자 계주),2026-02-19T14:42:38Z,646.0,False,131473,2612.0,98.0
5835,UCYgA4AOMCmg6vepDmkcOEgA,Mozzarella Girl & Oppa,Xxu1y89TALk,김길리 금메달 최민정 은메달 싹쓸이를 두눈으로 보고도 믿을 수 없는 이탈리아 장인어른!! ㅋㅋ,2026-02-21T05:39:43Z,722.0,False,117913,4115.0,131.0
5835,UCYgA4AOMCmg6vepDmkcOEgA,Mozzarella Girl & Oppa,zdiVQf-5lNw,난생처음 참치회를 드시러 오신 이탈리아 장인어른 그리고 소맥이모를 보시더니??,2026-03-10T22:04:47Z,2105.0,False,685801,14219.0,510.0
5835,UCYgA4AOMCmg6vepDmkcOEgA,Mozzarella Girl & Oppa,QU5DkBIaoWk,소맥이모를 처음 본 이탈리아 장인어른,2026-03-12T15:24:30Z,33.0,True,5632758,45688.0,553.0
5835,UCYgA4AOMCmg6vepDmkcOEgA,Mozzarella Girl & Oppa,z6tH7sZcBN4,이탈리아인이 복분자주를 마시는 방법,2026-03-12T16:09:43Z,39.0,True,164082,1642.0,36.0
5835,UCYgA4AOMCmg6vepDmkcOEgA,Mozzarella Girl & Oppa,OUJ9dKMN0kc,짜장면을 처음 맛본 이탈리아 장인어른의 반응!  스파게티인 줄 알았더니 짜장면 ㅋㅋ,2026-03-22T22:02:42Z,1290.0,False,429348,9721.0,406.0
5835,UCYgA4AOMCmg6vepDmkcOEgA,Mozzarella Girl & Oppa,pd4jiCVHMoM,이탈리아 소고기가 최고인 줄 아셨던 이탈리아 대부님께 한우 꽃등심을 대접했더니???,2026-04-08T22:00:54Z,1754.0,False,633967,12884.0,529.0
5835,UCYgA4AOMCmg6vepDmkcOEgA,Mozzarella Girl & Oppa,yHRkiRxr0WA,이탈리아에 돌아오자마자 집에 업소용 숯불고기 식탁을 만드신 이탈리아 장인어른 ㅎㅎ,2026-04-21T21:58:34Z,1422.0,False,1764764,29395.0,2217.0
5835,UCYgA4AOMCmg6vepDmkcOEgA,Mozzarella Girl & Oppa,AOFLYKLtzmA,이탈리아 집에 업소용 숯불고기 식탁을 만든 장인어른,2026-04-22T21:57:24Z,37.0,True,330255,6717.0,310.0
5835,UCYgA4AOMCmg6vepDmkcOEgA,Mozzarella Girl & Oppa,__JrV4iYy4w,삼겹살 쌈장 김치 조합을 처음 먹어본 이탈리아인들의 반응!? 🐖,2026-05-04T22:00:00Z,1624.0,False,2859789,46062.0,2388.0
5836,UCvj8E2-Gh14_0koba0h_7Dg,하드코어핫바리,k_PblwvE4Pw,1일1깡 [핫 바 리 - HOTBARI],2020-05-14T08:16:51Z,36.0,True,160282,2721.0,215.0
5836,UCvj8E2-Gh14_0koba0h_7Dg,하드코어핫바리,mGTJRZEEFEM,1일2깡 [핫바리 - HOTBARI],2020-05-15T13:08:14Z,73.0,False,147938,2663.0,369.0
5836,UCvj8E2-Gh14_0koba0h_7Dg,하드코어핫바리,_bG8PIaifFM,1일3깡 [핫바리 - HOTBARI],2020-05-16T13:38:17Z,21.0,True,91922,2020.0,163.0
5836,UCvj8E2-Gh14_0koba0h_7Dg,하드코어핫바리,oLor36c8vw0,1일5깡 [핫바리 - HOTBARI],2020-05-19T14:51:55Z,127.0,False,81128,1442.0,217.0
5836,UCvj8E2-Gh14_0koba0h_7Dg,하드코어핫바리,rNzar-pczs0,1일6깡 [핫바리 - HOTBARI],2020-05-20T13:03:05Z,143.0,False,139507,1947.0,269.0
5836,UCvj8E2-Gh14_0koba0h_7Dg,하드코어핫바리,xg19W6ghHvc,멋있어지는 법. [핫 바 리 - HOTBARI],2020-06-23T12:00:32Z,210.0,False,363059,8595.0,1078.0
5836,UCvj8E2-Gh14_0koba0h_7Dg,하드코어핫바리,9RFVWlNJlto,코로나 물렀ㄱㅓ라! 즐거운 홈파티 ~! 💡[핫 바 리 - HOTBARI],2020-07-03T11:04:57Z,206.0,False,114722,1939.0,281.0
5836,UCvj8E2-Gh14_0koba0h_7Dg,하드코어핫바리,9-2IImLOQbA,장기자랑 연습중인 할머니.,2020-08-06T13:11:08Z,51.0,True,138911,1584.0,110.0
5836,UCvj8E2-Gh14_0koba0h_7Dg,하드코어핫바리,CeHNJBF2v6I,여러분이 자신을 더 사랑하고 싶을때 이 영상을 참고하세요🥰 [핫 바 리 - HOTBARI],2020-08-20T08:21:39Z,161.0,False,215584,6500.0,459.0
5836,UCvj8E2-Gh14_0koba0h_7Dg,하드코어핫바리,2cV0GL72KGQ,코로나에게 화가 난 남자. [핫 바 리 - HOTBARI],2020-09-10T10:17:56Z,409.0,False,272557,4977.0,620.0
5836,UCvj8E2-Gh14_0koba0h_7Dg,하드코어핫바리,Hln15LFsFfA,어벤져스 무단침입. [핫 바 리 - HOTBARI],2020-09-15T09:27:39Z,140.0,False,156518,4133.0,285.0
5836,UCvj8E2-Gh14_0koba0h_7Dg,하드코어핫바리,x_tXf9V57_U,자가격리 ㅈ까 난 떠나겠어.  [핫 바 리 - HOTBARI],2020-09-17T11:05:04Z,220.0,False,408850,11280.0,638.0
5836,UCvj8E2-Gh14_0koba0h_7Dg,하드코어핫바리,VzPvAlxy9zE,ILOVEPEPPERONI 🍕,2020-09-30T08:06:21Z,231.0,False,161488,2801.0,366.0
5836,UCvj8E2-Gh14_0koba0h_7Dg,하드코어핫바리,pUz5C5qQAxc,햄버거 가위바위보,2020-10-05T13:00:14Z,328.0,False,119352,1627.0,164.0
5836,UCvj8E2-Gh14_0koba0h_7Dg,하드코어핫바리,LubiMEiPJEY,여러분과의 약속시간을 지키지 않는 친구에게 이 영상을 보여주세요 ⏰,2020-11-05T08:00:07Z,114.0,False,501759,15522.0,852.0
5836,UCvj8E2-Gh14_0koba0h_7Dg,하드코어핫바리,j-hnWKn5NF4,누가 마트에서 몰래 춤을 춰 ? 그건 바로 나,2020-11-13T07:00:06Z,82.0,False,294396,6295.0,811.0
5836,UCvj8E2-Gh14_0koba0h_7Dg,하드코어핫바리,I5yK9OxNDto,웨이브 WAVE,2020-11-17T16:45:32Z,23.0,True,290232,6209.0,733.0
5836,UCvj8E2-Gh14_0koba0h_7Dg,하드코어핫바리,sNG2hElPE-4,진짜 삼각형 What is a real triangle,2020-11-19T12:57:08Z,12.0,True,228513,3389.0,381.0
5836,UCvj8E2-Gh14_0koba0h_7Dg,하드코어핫바리,Q3J2ajmZZv8,롯데백화점 도른자 선발대회? 이건 못참지 ㅋㅋ;,2020-11-21T12:53:41Z,58.0,True,797256,13956.0,1814.0
5836,UCvj8E2-Gh14_0koba0h_7Dg,하드코어핫바리,_gBskkbkHEM,하모니카 Harmonica,2020-11-22T14:24:42Z,30.0,True,290516,6728.0,1023.0
5836,UCvj8E2-Gh14_0koba0h_7Dg,하드코어핫바리,DQoXVFQ8Syw,인생이 내 뜻대로 되지 않을 때.,2020-11-29T16:41:08Z,56.0,True,259377,6897.0,751.0
5836,UCvj8E2-Gh14_0koba0h_7Dg,하드코어핫바리,GkZT7FJl3o8,여러분이 추운 겨울 마음껏 달리고 싶을때 이 영상을 참고하세요 🐎,2020-12-04T06:04:19Z,104.0,False,178476,3970.0,357.0
5836,UCvj8E2-Gh14_0koba0h_7Dg,하드코어핫바리,_Sh7zcUblXE,드럼 마스터 Drum master,2020-12-10T15:00:16Z,31.0,True,268355,5847.0,647.0
5836,UCvj8E2-Gh14_0koba0h_7Dg,하드코어핫바리,r_81yudmpGA,흔한 액션씬,2020-12-16T12:34:50Z,15.0,True,150987,3069.0,368.0
5836,UCvj8E2-Gh14_0koba0h_7Dg,하드코어핫바리,uYKJGVh3U3c,여러분의 고생한 마음을 따듯하게 녹여줄 산타가 필요할때 이 영상을 참고하세요 🎁,2020-12-25T03:00:11Z,102.0,False,183094,6669.0,419.0
5836,UCvj8E2-Gh14_0koba0h_7Dg,하드코어핫바리,Qv4EUUQVL5c,그동안 감사했습니다.,2021-01-22T13:06:50Z,201.0,False,303005,4965.0,410.0
5836,UCvj8E2-Gh14_0koba0h_7Dg,하드코어핫바리,5aHNL-jXxko,혼자서 눈썹을 노랗게 만들어보아요,2021-02-08T08:00:54Z,246.0,False,148272,1974.0,249.0
5836,UCvj8E2-Gh14_0koba0h_7Dg,하드코어핫바리,zr8FatKy8Ko,교통사고? 오히려 좋아.,2021-04-10T08:00:15Z,266.0,False,431333,7925.0,685.0
5836,UCvj8E2-Gh14_0koba0h_7Dg,하드코어핫바리,j04G51oxhSQ,외계인에게 납치 당했던 썰,2021-06-28T04:29:25Z,156.0,False,162353,3137.0,322.0
5836,UCvj8E2-Gh14_0koba0h_7Dg,하드코어핫바리,AzLAIowiPj0,가루쿡셰프 디저트편,2021-08-02T03:00:03Z,360.0,False,198199,5101.0,520.0
5836,UCvj8E2-Gh14_0koba0h_7Dg,하드코어핫바리,l7mmckqEK6U,가루쿡셰프 피자편,2021-09-03T01:54:31Z,416.0,False,200406,4922.0,413.0
5836,UCvj8E2-Gh14_0koba0h_7Dg,하드코어핫바리,N-2mDJ7UUGg,해명하겠습니다.,2021-11-19T07:02:23Z,399.0,False,131926,1728.0,151.0
5836,UCvj8E2-Gh14_0koba0h_7Dg,하드코어핫바리,WFV8KuqnisE,질풍가도,2021-11-28T14:12:56Z,126.0,False,101313,1479.0,180.0
5836,UCvj8E2-Gh14_0koba0h_7Dg,하드코어핫바리,b9XqBSR3FSg,가루쿡셰프와 신호등치킨,2022-01-17T13:01:50Z,434.0,False,129090,3140.0,269.0
5836,UCvj8E2-Gh14_0koba0h_7Dg,하드코어핫바리,Ni3WVF-I3lY,왜 그렇게 봐?,2022-01-26T12:33:48Z,8.0,True,106397,1334.0,46.0
5836,UCvj8E2-Gh14_0koba0h_7Dg,하드코어핫바리,AcHliX4QBNo,스키장 하루방 아저씨,2022-01-27T08:54:58Z,11.0,True,230266,2358.0,103.0
5836,UCvj8E2-Gh14_0koba0h_7Dg,하드코어핫바리,ln04OMZ9qhk,보기만 해도 시원해지는  ice 먹방,2022-01-31T13:45:18Z,201.0,False,86405,1567.0,314.0
5836,UCvj8E2-Gh14_0koba0h_7Dg,하드코어핫바리,pL-nw8IZTgs,쇼트트랙 1등 하는법,2022-02-10T04:38:00Z,115.0,False,47245,1096.0,52.0
5836,UCvj8E2-Gh14_0koba0h_7Dg,하드코어핫바리,VyLGMBXfm4Y,아니야 이건 내가 낼게.,2022-03-16T11:23:33Z,62.0,False,128116,2919.0,218.0
5836,UCvj8E2-Gh14_0koba0h_7Dg,하드코어핫바리,bFo4qfbTY0c,기분이 안좋다구요? 이거 누르세요.,2022-08-27T05:30:50Z,114.0,False,73193,3179.0,169.0
5836,UCvj8E2-Gh14_0koba0h_7Dg,하드코어핫바리,P_9gmepWyxI,"여름의 끝 - 친구,사랑,웃음 영원히.",2022-08-30T05:24:10Z,64.0,False,34210,527.0,52.0
5836,UCvj8E2-Gh14_0koba0h_7Dg,하드코어핫바리,ruHlF_9xagc,9월14일 잠수교북단지하차도 오후8시.,2022-09-07T15:04:44Z,92.0,False,54772,734.0,97.0
5836,UCvj8E2-Gh14_0koba0h_7Dg,하드코어핫바리,fS31wBShmoY,첫 팬미팅을 댄스배틀로 하는 유튜버,2022-09-21T09:05:44Z,243.0,False,109761,2804.0,272.0
5836,UCvj8E2-Gh14_0koba0h_7Dg,하드코어핫바리,Y6Q8QGX1OsE,그동안 숨겨왔던...미공개영상 유출,2022-11-29T09:00:11Z,181.0,False,65053,510.0,51.0
5836,UCvj8E2-Gh14_0koba0h_7Dg,하드코어핫바리,oSQD0wsn_kA,야 저기 핫바리 떳다 ㅋㅋㅋ,2023-04-27T10:10:09Z,41.0,True,33803,209.0,9.0
5836,UCvj8E2-Gh14_0koba0h_7Dg,하드코어핫바리,aYgM8SEt4vE,Fifty Fifty - cupid cover.(HDCR hotbari ver),2023-05-21T09:49:52Z,57.0,True,58239,555.0,27.0
5836,UCvj8E2-Gh14_0koba0h_7Dg,하드코어핫바리,KOdRxAFHmp8,가루쿡 셰프 - 신림 술집 알바생이 이상하다.,2023-07-16T07:31:45Z,496.0,False,30967,358.0,56.0
5836,UCvj8E2-Gh14_0koba0h_7Dg,하드코어핫바리,YzmmpSXHChw,이 남자는 사우나에서 성공비결을 외칩니다.,2023-07-24T09:24:54Z,178.0,False,60907,490.0,91.0
5836,UCvj8E2-Gh14_0koba0h_7Dg,하드코어핫바리,1FW13vdfRNE,프랭크 오션 노래듣고 울음참기 챌린지 *Listening to Frank Ocean's Songs and Crying Challenge,2023-08-18T05:08:08Z,14.0,True,78612,,19.0
5836,UCvj8E2-Gh14_0koba0h_7Dg,하드코어핫바리,POlfA3ddKck,"주짓수 퍼플벨트 VS 일반인 2명,충격적인 결과..ㄷㄷ",2023-11-17T07:49:19Z,148.0,False,72658,175.0,100.0
5837,UClROfd2bxkOdMOV01y-e38g,YOUIS 유이즈,25lNlTx1ZcU,눈 내린 날 뭐 입지?! ☃️❄️#겨울코디 #겨울룩북 #출근룩,2025-01-06T15:42:37Z,9.0,True,9832,,6.0
5837,UClROfd2bxkOdMOV01y-e38g,YOUIS 유이즈,SGa0v3JYvo0,학년별 코디특 #겨울코디 #20대코디#룩북,2025-01-12T12:36:10Z,10.0,True,8349,,5.0
5837,UClROfd2bxkOdMOV01y-e38g,YOUIS 유이즈,Vn41Yfj9cJ4,러블리힙 레이어드룩 입어보기 #겨울코디 #룩북#ootd,2025-01-18T16:29:09Z,16.0,True,61832,2698.0,22.0
5837,UClROfd2bxkOdMOV01y-e38g,YOUIS 유이즈,8gDf3GdZHWA,하객룩 골라주세요#겨울코디 #하객룩코디 #ootd,2025-01-19T17:23:54Z,15.0,True,6853,,10.0
5837,UClROfd2bxkOdMOV01y-e38g,YOUIS 유이즈,MAt4qmVxm2I,Ver2 러블리힙 레이어드룩 입어보기 #룩북#봄옷#ootd#겨울코디,2025-01-25T14:11:01Z,11.0,True,13253,,11.0
5837,UClROfd2bxkOdMOV01y-e38g,YOUIS 유이즈,XxC1EbfA1cQ,체크셔츠 사기 전 봐야할 영상👕 #겨울코디 #룩북#ootd,2025-01-28T16:11:43Z,16.0,True,19159,,3.0
5837,UClROfd2bxkOdMOV01y-e38g,YOUIS 유이즈,_yoGbuzQJGU,기본템들로 레이어드룩 코디하기 #겨울코디 #코디추천 #레이어드룩 #러블리힙,2025-02-08T14:00:54Z,12.0,True,5290,,6.0
5837,UClROfd2bxkOdMOV01y-e38g,YOUIS 유이즈,Df8e6whERpc,곧 다가올 봄 코디 모음🌸 #봄코디#데이트룩#출근룩,2025-02-10T15:21:31Z,13.0,True,182360,,19.0
5837,UClROfd2bxkOdMOV01y-e38g,YOUIS 유이즈,qUq8RE_Z7CU,파스텔톤 봄 레이어드룩🦄🌷 #봄코디#데이트룩#출근룩,2025-02-17T14:01:10Z,17.0,True,7601,,6.0
5837,UClROfd2bxkOdMOV01y-e38g,YOUIS 유이즈,8SX5dtcTXF4,미리보는 봄코디 추천🌼 #ootd #봄코디#개강룩#데일리룩코디,2025-02-21T14:22:29Z,13.0,True,18147,,6.0
5837,UClROfd2bxkOdMOV01y-e38g,YOUIS 유이즈,f7tHUEeoP-E,3월🌸 봄 데일리룩 #봄코디 #데일리룩 #룩북,2025-02-24T16:12:35Z,17.0,True,38417,1348.0,5.0
5837,UClROfd2bxkOdMOV01y-e38g,YOUIS 유이즈,_NAymoMDXPM,먹을수록 소화칼로리 태우는 맛있는 식단,2025-02-27T13:41:47Z,516.0,False,6511,144.0,25.0
5837,UClROfd2bxkOdMOV01y-e38g,YOUIS 유이즈,qoTLu-bXmP8,다음주 기온 17도☀️ #봄코디#데이트룩 #벚꽃놀이,2025-03-07T15:12:24Z,18.0,True,5729,,1.0
5837,UClROfd2bxkOdMOV01y-e38g,YOUIS 유이즈,uMirQCYAi8c,바지 하나로 4가지 코디 돌려입기👖 #ootd #출근룩#봄준비,2025-03-09T16:20:49Z,9.0,True,15697,,9.0
5837,UClROfd2bxkOdMOV01y-e38g,YOUIS 유이즈,tIObmrypFJw,흔하지 않은 레이어드 코디 추천🌼 #봄코디 #레이어드룩 #데일리룩 봄 코디,2025-03-15T17:00:55Z,17.0,True,6018,,1.0
5837,UClROfd2bxkOdMOV01y-e38g,YOUIS 유이즈,hrz5mlBGEmc,봄 아우터 4가지 코디 추천🌸 #러블리힙#데이트룩#20대코디#ootd 봄 코디,2025-03-16T15:20:28Z,13.0,True,8492,,0.0
5837,UClROfd2bxkOdMOV01y-e38g,YOUIS 유이즈,dZghfZn_QI4,여행룩 추천! 데일리 공항패션✈️ #여행룩 #20대코디#데일리룩#ootd#봄코디,2025-03-24T14:36:26Z,15.0,True,5677,,5.0
5837,UClROfd2bxkOdMOV01y-e38g,YOUIS 유이즈,Yap_zhLktU8,설레는 봄코디 출근룩🌸 #봄가디건#ootd #봄옷 #20대코디 #직장인룩,2025-04-05T15:35:07Z,12.0,True,14604,,5.0
5837,UClROfd2bxkOdMOV01y-e38g,YOUIS 유이즈,aMkgBT-Kuy4,초여름 코디로 나니가스키~?🏖#여름코디 #ootd #aiscream#초여름룩,2025-04-11T14:34:01Z,22.0,True,24691,,16.0
5837,UClROfd2bxkOdMOV01y-e38g,YOUIS 유이즈,skBxw3g_BU4,봄여름 데이트룩 뭐입지? #봄여름룩#봄여름#ootd #20대코디 #봄코디 #코디추천,2025-04-20T15:23:38Z,12.0,True,6652,,1.0
5837,UClROfd2bxkOdMOV01y-e38g,YOUIS 유이즈,Tjy7CfUOXUQ,봄 여름코디 추천👚 #간절기룩#20대코디 #여름준비#데일리룩 #뮤미즈#룩북#ootd#봄코디#봄여름룩,2025-04-28T14:58:11Z,11.0,True,7715,,1.0
5837,UClROfd2bxkOdMOV01y-e38g,YOUIS 유이즈,p_4GqH5qHTo,더워지기 전 미리보는 여름코디🖤 #ootd #봄여름룩 #블랙룩 #여름룩#여자코디#데일리룩#러블리힙,2025-05-04T14:08:19Z,12.0,True,79956,370.0,9.0
5837,UClROfd2bxkOdMOV01y-e38g,YOUIS 유이즈,IHecO0NUlfA,테토녀vs에겐녀 패션차이 😎👼 전 겉에속테요~~ #ootd #봄코디#여자코디 #출근룩#데일리룩코디,2025-05-05T14:41:33Z,13.0,True,158622,1053.0,16.0
5837,UClROfd2bxkOdMOV01y-e38g,YOUIS 유이즈,Z-n3YddZCX0,✨패션보부상의 테무깡📦 가방 속 찐템 소개ㅣ 진짜 다 필요한 것들이라고.. #테무하울#테무,2025-05-15T09:23:07Z,479.0,False,3651,44.0,13.0
5837,UClROfd2bxkOdMOV01y-e38g,YOUIS 유이즈,Zj-9lhl-pdA,미리보는 여름 나시코디🧊 #여름코디#여름룩#여름나시#20대코디#휴가룩#여행룩#ootd,2025-05-15T11:58:38Z,8.0,True,16979,,2.0
5837,UClROfd2bxkOdMOV01y-e38g,YOUIS 유이즈,3WqwTtRfJpA,여름 코디 출근룩 추천🌻 #여름룩 #여름코디#출근룩#여름옷 #ootd #나시코디,2025-05-18T14:24:10Z,14.0,True,133396,,9.0
5837,UClROfd2bxkOdMOV01y-e38g,YOUIS 유이즈,5K1v2PxvtIc,테토녀vs에겐녀 쇼핑할때 차이점 #여름코디 #ootd #여름룩 #데일리룩#룩북#출근룩,2025-05-19T13:00:07Z,18.0,True,42089,,3.0
5837,UClROfd2bxkOdMOV01y-e38g,YOUIS 유이즈,lafPxTGpD94,장마철 `레인부츠`로 여름코디 센스있게 입어보기👢🌧 #여름룩 #여름옷#여름코디#ootd #휴가룩#여행룩,2025-05-25T11:16:14Z,12.0,True,196118,1399.0,11.0
5837,UClROfd2bxkOdMOV01y-e38g,YOUIS 유이즈,MiL71qHGxEc,나시원피스 색다르게 입어보기🖤 #여름휴가#여름코디#여름원피스#휴가룩#여름룩#여름패션하울,2025-05-31T12:21:08Z,15.0,True,44003,289.0,6.0
5837,UClROfd2bxkOdMOV01y-e38g,YOUIS 유이즈,IGlHmPa2oKM,테토녀의 여름 페스티벌룩🩵💦 #여름룩 #여름옷#여름코디#데일리룩#휴가룩 #여행룩,2025-06-08T07:55:53Z,13.0,True,20213,,5.0
5837,UClROfd2bxkOdMOV01y-e38g,YOUIS 유이즈,yykWk0ijpZk,여름 데이트룩 휴가코디 #여행룩 #여름코디 #데일리룩#ootd #여름룩 #룩북,2025-06-16T15:14:09Z,16.0,True,54878,,8.0
5837,UClROfd2bxkOdMOV01y-e38g,YOUIS 유이즈,BHeuVHednTY,"여름 나시 고르는 꿀팁 👚체형별 나시 추천ㅣ승모근, 팔뚝살, 부유방 고민 다 드루와!",2025-06-28T07:14:41Z,452.0,False,11801,189.0,12.0
5837,UClROfd2bxkOdMOV01y-e38g,YOUIS 유이즈,Np0vUH4tYPg,여름휴가룩 테토녀vs에겐녀 🏖#여름룩 #여름코디 #ootd #여자데일리룩 #휴가룩#휴가코디,2025-07-29T11:00:56Z,17.0,True,10060,,4.0
5837,UClROfd2bxkOdMOV01y-e38g,YOUIS 유이즈,dAkBygE0k60,가을코디? 여름코디? 미리보는 간절기 출근룩 코디😉🍂 #출근룩 #직장인룩 #출근코디#가을룩북 #초가을코디#출근코디#직장인코디,2025-08-24T08:29:03Z,16.0,True,15365,137.0,3.0
5837,UClROfd2bxkOdMOV01y-e38g,YOUIS 유이즈,J09m4t-fw-A,9월 올영할인 꼭 쟁여야할 압박밴드와 운동복코디👟🏃🏻‍♀️‍➡️ #운동복코디 #가을코디,2025-08-29T11:09:18Z,43.0,True,3269,21.0,0.0
5837,UClROfd2bxkOdMOV01y-e38g,YOUIS 유이즈,KG9H27JAEs8,미리보는 가을코디 키작녀 출근룩🍂#출근코디 #가을룩북 #가을코디 #데일리룩 #가을룩 #출근룩 #키작녀코디,2025-08-31T12:27:56Z,16.0,True,5144,37.0,1.0
5837,UClROfd2bxkOdMOV01y-e38g,YOUIS 유이즈,Z9oAoh7jTR4,가을까지 쭉 입을 데일리 '출근룩'🍂 #가을코디#출근룩#출근코디#가을룩#간절기룩#블라우스코디#가을상의#직장인코디 #ootd #데일리룩코디,2025-09-06T13:46:17Z,15.0,True,6173,,3.0
5837,UClROfd2bxkOdMOV01y-e38g,YOUIS 유이즈,77K9TpZ_7Rs,대학생부터 직장인까지 가을 데일리룩 #가을코디 #ootd #가을룩 #간절기룩 #가을니트#니트코디#개강룩,2025-09-07T14:00:46Z,16.0,True,7272,,0.0
5837,UClROfd2bxkOdMOV01y-e38g,YOUIS 유이즈,LSiJ_TYbico,‘나시’ 하나로 3가지 코디 연출하기 #가을코디 #가을룩 #ootd #데일리룩 #출근룩,2025-09-13T12:01:38Z,19.0,True,17755,,4.0
5837,UClROfd2bxkOdMOV01y-e38g,YOUIS 유이즈,cN8TTM_d6mY,일주일로 보는 가을 출근룩🍂 #가을데일리룩 #가을룩#가을코디#출근룩#데일리룩#출근코디#직장인코디#일주일룩북,2025-09-15T12:39:44Z,16.0,True,7069,,1.0
5837,UClROfd2bxkOdMOV01y-e38g,YOUIS 유이즈,J3iaNCL24gg,나시 하나로 4가지🍂올해 핫한 가을코디 추천 #가을룩#출근룩#ootd #데일리룩#직장인코디#가을니트#가을코디 #여자가을코디#코디추천,2025-09-25T10:54:57Z,16.0,True,5687,,2.0
5837,UClROfd2bxkOdMOV01y-e38g,YOUIS 유이즈,vnWwuhBaxJk,"가을옷, 지금 맘껏 입어!🧥4가지 가을 데일리룩 #가을코디 #가을아우터#가을가디건#가을니트#ootd #출근룩#가을룩 #데일리룩코디 #직장인코디 #출근코디",2025-09-29T12:47:55Z,16.0,True,7287,,1.0
5837,UClROfd2bxkOdMOV01y-e38g,YOUIS 유이즈,oI7BSQnPjHg,바지 하나로 다리길어보이는 4가지 코디 추천 #가을코디 #가을룩 #ootd #데일리룩코디 #출근룩 #여자가을코디,2025-10-19T10:55:17Z,14.0,True,4684,,3.0
5837,UClROfd2bxkOdMOV01y-e38g,YOUIS 유이즈,9fDPQdo5QVw,하객룩 뭐입지? 데일리로 입기 좋은 가을 하객룩 추천 #가을하객룩#여자하객룩#하객패션#하객코디#하객룩#가을코디#가을룩#데일리코디#데일리룩#출근룩#ootd,2025-10-26T09:43:35Z,13.0,True,12981,,3.0
5837,UClROfd2bxkOdMOV01y-e38g,YOUIS 유이즈,PTCYy0dXQJc,테토녀vs에겐녀 하객룩 코디 #하객룩 #가을하객룩#가을코디 #가을룩 #ootd #데일리룩코디 #직장인코디 #출근룩,2025-11-02T11:07:16Z,15.0,True,27873,,6.0
5837,UClROfd2bxkOdMOV01y-e38g,YOUIS 유이즈,uKheC4j7w_A,집에서 즐기는 🍵핫한 카페st 말차 레시피🏡,2025-11-18T08:11:33Z,41.0,True,3743,22.0,1.0
5837,UClROfd2bxkOdMOV01y-e38g,YOUIS 유이즈,aaw1TffX2Dg,My joyful evening with my cat🐈🌛,2025-11-18T11:07:43Z,27.0,True,4181,38.0,1.0
5837,UClROfd2bxkOdMOV01y-e38g,YOUIS 유이즈,ENPZwP6oVVI,"추워진 날씨, 하객룩 준비과정🧣Fall wedding guest prep in the cold weather",2025-11-29T10:00:12Z,38.0,True,5619,25.0,0.0
5837,UClROfd2bxkOdMOV01y-e38g,YOUIS 유이즈,wJNuaADK-WM,숏코트 하나로 돌려입기⛄️ #데일리룩#겨울코디#룩북#ootd#직장인코디#직장인룩#출근룩#출근코디,2025-12-05T09:48:14Z,10.0,True,8115,46.0,2.0
5837,UClROfd2bxkOdMOV01y-e38g,YOUIS 유이즈,lSXkKWwKrcQ,My winter ❄️ #일상#고양이일상 #원룸인테리어 #자취일상#눈오는풍경#누카#의자추천,2026-03-06T01:01:48Z,46.0,True,1143,5.0,0.0
5838,UCt2ovOiAlTc8pAihvOFarYA,보컬프렌즈 VOCAL FRIENDS,cOacFAzV27I,"놀면뭐하니 나온 윤도현 발성, 넘사벽인 이유 #윤도현 #놀면뭐하니 #가요제 #고음",2025-10-14T11:30:37Z,158.0,False,85784,955.0,41.0
5838,UCt2ovOiAlTc8pAihvOFarYA,보컬프렌즈 VOCAL FRIENDS,Q050EIxRh94,"노래가 ""말하듯이"" 들리게 하는 리듬 응용법  #리듬트레이닝 #노래배우기 #실음과",2025-10-17T11:30:22Z,151.0,False,12020,252.0,13.0
5838,UCt2ovOiAlTc8pAihvOFarYA,보컬프렌즈 VOCAL FRIENDS,qVAyW1P_waM,노래 연습이 재미없으신가요? 이 연습은 해보셨나요? (노래를 배울수록 즐겁지 않은 이유_2편),2025-10-21T11:30:45Z,856.0,False,3607,170.0,17.0
5838,UCt2ovOiAlTc8pAihvOFarYA,보컬프렌즈 VOCAL FRIENDS,xEg90lZoVRA,고음낼 때 압력 느껴지는 부위 체크 #고음비결 #발성법 #고음감각,2025-10-22T11:31:01Z,85.0,False,30989,481.0,12.0
5838,UCt2ovOiAlTc8pAihvOFarYA,보컬프렌즈 VOCAL FRIENDS,XMfmsu_ZaKU,"노래 부르면서 모니터링을 ""하고 안하고의 차이"" #보컬전공 #입시준비 #모니터링",2025-10-24T11:30:25Z,120.0,False,10553,50.0,4.0
5838,UCt2ovOiAlTc8pAihvOFarYA,보컬프렌즈 VOCAL FRIENDS,U2RF2iQjq7k,믹스보이스 구별이 어렵다면 이렇게 이해하세요 #믹스보이스 #발성전문 #보컬트레이너,2025-10-28T11:30:33Z,83.0,False,9845,101.0,8.0
5838,UCt2ovOiAlTc8pAihvOFarYA,보컬프렌즈 VOCAL FRIENDS,BUv7PsQVtOw,"""노래 끝음처리에 숨 막히는 디테일"" 보컬 입시생 필수 #보컬학원 #노래연습 #실음과",2025-10-31T11:30:17Z,110.0,False,8798,69.0,1.0
5838,UCt2ovOiAlTc8pAihvOFarYA,보컬프렌즈 VOCAL FRIENDS,SwEnb2IBPKY,"'믹스보이스' 라는 소리, 터득 훈련법 첫 단계 #믹스보이스 #진성 #가성 #발성",2025-11-04T11:30:36Z,94.0,False,39739,592.0,9.0
5838,UCt2ovOiAlTc8pAihvOFarYA,보컬프렌즈 VOCAL FRIENDS,VqIaDlz9Dfg,"노래 배울 때 ""호흡이 강조되는 이유"" #보컬입시 #입시곡 #실음과 #복식호흡",2025-11-07T11:30:29Z,125.0,False,9401,55.0,3.0
5838,UCt2ovOiAlTc8pAihvOFarYA,보컬프렌즈 VOCAL FRIENDS,tjrMK1iv8Ew,"'믹스보이스' 그거, 고음에서 내다가 망한 사람 드루와!! #중성 #진성 #가성 #믹스보이스",2025-11-11T11:30:53Z,65.0,False,23170,200.0,0.0
5838,UCt2ovOiAlTc8pAihvOFarYA,보컬프렌즈 VOCAL FRIENDS,f-e8djCM3zc,가수들이 내는 부드러운 소리의 비밀  #노래 #윤도현,2025-11-18T01:01:02Z,85.0,False,15433,207.0,1.0
5838,UCt2ovOiAlTc8pAihvOFarYA,보컬프렌즈 VOCAL FRIENDS,DXNus7pWV-Y,"""노력형 천재 보컬""의 하룻강아지 시절 노래실력..  #판소리 #성악발성 #노래연습",2025-11-25T01:00:19Z,165.0,False,22973,101.0,3.0
5838,UCt2ovOiAlTc8pAihvOFarYA,보컬프렌즈 VOCAL FRIENDS,1X8w_kznix8,노래할 때 목에 힘 빼고 공명 넣는 방법 #공명 #발성레슨 #발성연습,2025-12-02T01:00:04Z,139.0,False,14679,268.0,4.0
5838,UCt2ovOiAlTc8pAihvOFarYA,보컬프렌즈 VOCAL FRIENDS,pza0Pw6VJh4,노래에 압력 쓰는 감각 제대로 느낀 학생 반응 #실용음악과입시 #실음과입시 #입시곡,2025-12-05T01:01:21Z,61.0,False,6711,76.0,3.0
5838,UCt2ovOiAlTc8pAihvOFarYA,보컬프렌즈 VOCAL FRIENDS,HTKOVejYC4Q,노래할 때 공명 잘 쓰는 사람들의 공통특징 #공명 #발성전문 #보컬트레이닝,2025-12-09T01:00:21Z,139.0,False,6893,106.0,2.0
5838,UCt2ovOiAlTc8pAihvOFarYA,보컬프렌즈 VOCAL FRIENDS,IAabiEt-tec,보컬학원에서 실음과 입시곡 송폼 짜는 법 #실음과입시 #실용음악과입시 #입시곡,2025-12-12T01:00:20Z,84.0,False,3822,23.0,0.0
5838,UCt2ovOiAlTc8pAihvOFarYA,보컬프렌즈 VOCAL FRIENDS,pxR1mQnEZms,"노래하다가 숨 이렇게 마시면,, 목에 힘 절대 안빠짐 #목에힘빼는법 #복식호흡 #발성레슨",2025-12-16T01:01:12Z,50.0,True,16588,148.0,4.0
5838,UCt2ovOiAlTc8pAihvOFarYA,보컬프렌즈 VOCAL FRIENDS,Tm7SG3qvHcE,"노래 잘하는 보컬 입시생, 디테일 가르치기 #입시 #실용음악과 #실음과입시",2025-12-19T01:00:44Z,142.0,False,10459,35.0,2.0
5838,UCt2ovOiAlTc8pAihvOFarYA,보컬프렌즈 VOCAL FRIENDS,yJI9bbtKd5g,노래할 때 숨은 입으로? 코로? 뭐로 마셔야 할까 #복식호흡 #노래잘하는법 #보컬레슨,2025-12-23T01:01:23Z,70.0,False,9355,139.0,1.0
5838,UCt2ovOiAlTc8pAihvOFarYA,보컬프렌즈 VOCAL FRIENDS,xIE7joLtQeE,입시장에서 매번 마이크 소리에 당황하지 않으려면 #입시 #정시 #보컬,2025-12-26T01:01:26Z,86.0,False,6462,43.0,0.0
5838,UCt2ovOiAlTc8pAihvOFarYA,보컬프렌즈 VOCAL FRIENDS,Z9dQQpssCmM,"로이킴, 임한별처럼 발성이 좋아지는 호흡 사용법",2025-12-30T01:00:58Z,122.0,False,45775,978.0,18.0
5838,UCt2ovOiAlTc8pAihvOFarYA,보컬프렌즈 VOCAL FRIENDS,E9_YMNAWs8A,당신을 울렸던 가수들은 노래할 때마다 이걸 합니다,2026-01-02T01:00:17Z,1139.0,False,8700,337.0,34.0
5838,UCt2ovOiAlTc8pAihvOFarYA,보컬프렌즈 VOCAL FRIENDS,9PQluKBZdDg,박찬욱 감독이 주는 피드백대로 노래를 하면? #발음연습 #감정전달 #노래잘부르는법,2026-01-05T01:00:10Z,98.0,False,11898,88.0,0.0
5838,UCt2ovOiAlTc8pAihvOFarYA,보컬프렌즈 VOCAL FRIENDS,cWcKCxzaxiE,(과학적 근거)고음 발성 자리 잡는데 n년이 필요한 이유 #고음발성 #고음내는법 #고음안되는이유,2026-01-06T01:00:57Z,99.0,False,17075,235.0,12.0
5838,UCt2ovOiAlTc8pAihvOFarYA,보컬프렌즈 VOCAL FRIENDS,4ws5t-r1uhI,"발성 좋은 가수들은 다 ""여기에 압력""줍니다 #소향 #고음 #발성",2026-01-13T01:00:06Z,150.0,False,33793,786.0,27.0
5838,UCt2ovOiAlTc8pAihvOFarYA,보컬프렌즈 VOCAL FRIENDS,w8wYLcSGuc8,노래 소절 끝마다 죽이게 만드는 호흡 꿀팁 #입시 #정시 #보컬,2026-01-16T01:01:15Z,128.0,False,11576,73.0,4.0
5838,UCt2ovOiAlTc8pAihvOFarYA,보컬프렌즈 VOCAL FRIENDS,a4skBrj5QC4,이상한 노래 콧소리 듣기 좋게 정돈하는 법 #린 #발성 #비음 #비강,2026-01-20T01:00:00Z,151.0,False,16353,152.0,3.0
5838,UCt2ovOiAlTc8pAihvOFarYA,보컬프렌즈 VOCAL FRIENDS,teFopIjKENw,호흡 기본기 잘 잡힌 입시생의 노래 실력..ㄷㄷ #입시 #정시 #보컬,2026-01-23T01:01:11Z,86.0,False,4702,29.0,0.0
5838,UCt2ovOiAlTc8pAihvOFarYA,보컬프렌즈 VOCAL FRIENDS,l35GWak2MN4,‘말하듯이 노래하라’에 대한 2가지 관점과 발성의 비밀 #노래 #발성 #조현아 #이창섭,2026-01-27T09:00:00Z,74.0,False,26804,312.0,8.0
5838,UCt2ovOiAlTc8pAihvOFarYA,보컬프렌즈 VOCAL FRIENDS,Ni4Xu_MXDUM,노래할 때 눈빛으로 교묘하게 감정 표현 하는 법 #입시 #실용음악과 #보컬,2026-01-30T09:00:00Z,156.0,False,4704,20.0,0.0
5838,UCt2ovOiAlTc8pAihvOFarYA,보컬프렌즈 VOCAL FRIENDS,huKlNEN6Mb4,한국 노래 오디션의 생태계를 박살낸 20살 참가자 #이해리 #오디션 #싱어게인4 #도라도 #59호,2026-02-03T09:00:00Z,115.0,False,519241,6555.0,238.0
5838,UCt2ovOiAlTc8pAihvOFarYA,보컬프렌즈 VOCAL FRIENDS,47twybtXgbc,"[목에 힘빼는 발성법] 노래하는 호흡, 딱 이 한 톨만큼만 바꿔보세요!",2026-02-04T09:00:00Z,786.0,False,12525,421.0,24.0
5838,UCt2ovOiAlTc8pAihvOFarYA,보컬프렌즈 VOCAL FRIENDS,AWRUPlLlrhs,"입시 끝, 자신감 바닥이라면 이거 한번 보세요 #입시 #실용음악과 #보컬",2026-02-06T09:00:00Z,137.0,False,5810,103.0,5.0
5838,UCt2ovOiAlTc8pAihvOFarYA,보컬프렌즈 VOCAL FRIENDS,xDVJS61B9mY,R&B 잘 부르려면 무조건 배워야 하는 감각 #입시 #실용음악과 #보컬,2026-02-10T09:00:00Z,89.0,False,6501,95.0,3.0
5838,UCt2ovOiAlTc8pAihvOFarYA,보컬프렌즈 VOCAL FRIENDS,dnHGBPr_-9E,"[보컬프렌즈입시] 4관왕 2026 호원대 ,동덕여대 실용음악과 보컬 합격 김태빈 SUGAR - Karmin #실용음악과 #입시 #cover",2026-02-14T07:00:00Z,93.0,False,2991,50.0,3.0
5838,UCt2ovOiAlTc8pAihvOFarYA,보컬프렌즈 VOCAL FRIENDS,VS03uX4JkDY,입시곡 부를 때 이런 시선처리는 불합  격을 부릅니다 #입시곡 #실용음악과 #보컬레슨,2026-02-17T09:00:00Z,106.0,False,7936,73.0,2.0
5838,UCt2ovOiAlTc8pAihvOFarYA,보컬프렌즈 VOCAL FRIENDS,Hp-GUHSOaEA,"노래마다 필요한 표정이 있고, 그게 되면 교수님들 넘어갑니다 #보컬레슨 #실용음악과 #실음과입시",2026-02-20T09:00:00Z,112.0,False,6250,37.0,2.0
5838,UCt2ovOiAlTc8pAihvOFarYA,보컬프렌즈 VOCAL FRIENDS,naC-mc0GtW0,‘소리를 멀리 보내라’는 틀린 말이다? #고음발성 #목잡이탈출 #보컬레슨,2026-02-24T09:30:00Z,136.0,False,18458,270.0,6.0
5838,UCt2ovOiAlTc8pAihvOFarYA,보컬프렌즈 VOCAL FRIENDS,YaLjBEwJS_o,귀 막으면 목에 힘이 빠지는 Zㅣ리는 고음발성법 #뮤지컬레슨 #목잡이탈출 #고음발성,2026-02-27T09:30:00Z,92.0,False,12689,183.0,4.0
5838,UCt2ovOiAlTc8pAihvOFarYA,보컬프렌즈 VOCAL FRIENDS,uj2ymVZkjIo,"[보컬프렌즈입시] 2026 정시, 수시 백석예대, 여주대 실용음악과 보컬 합격 정사솔비 Talk to me nice -  SAAY #실용음악과 #입시 #cover",2026-02-27T11:00:00Z,84.0,False,1616,32.0,5.0
5838,UCt2ovOiAlTc8pAihvOFarYA,보컬프렌즈 VOCAL FRIENDS,-4tV3E80upo,귀 막는데 목에 힘이 빠지는 이유? #고음레슨 #목잡이탈출 #고음압력,2026-03-03T09:30:00Z,149.0,False,18537,337.0,7.0
5838,UCt2ovOiAlTc8pAihvOFarYA,보컬프렌즈 VOCAL FRIENDS,_pCA3HyIzOM,[보컬프렌즈입시] 2026 수시 백석예술대학교 실용음악과 보컬 합격 정연재 Super Moon - 최예근 #실용음악과 #입시 #cover,2026-03-03T09:30:00Z,96.0,False,1306,19.0,0.0
5838,UCt2ovOiAlTc8pAihvOFarYA,보컬프렌즈 VOCAL FRIENDS,b44ohAF1i-I,"[보컬프렌즈입시] 2025 수시 국제예술대학교, 한양대 1차 실용음악과 보컬 합격 구연우 Hi Bully - 터치드 #실용음악과 #입시 #cover",2026-03-06T10:30:00Z,82.0,False,2007,35.0,1.0
5838,UCt2ovOiAlTc8pAihvOFarYA,보컬프렌즈 VOCAL FRIENDS,wTRqKtM6WAw,[보컬프렌즈입시] 2024 정시 동덕여자대학교 최솔지 Sexy Villain - Remi Wolf #실용음악과 #입시 #cover,2026-03-11T09:30:00Z,122.0,False,1010,15.0,1.0
5838,UCt2ovOiAlTc8pAihvOFarYA,보컬프렌즈 VOCAL FRIENDS,G8M7ZTMDokA,[보컬프렌즈입시]2026 호원대 실용음악과 보컬 합격 이인해 You Stole The Show - Sienna Spiro #실용음악과 #입시 #cover,2026-04-03T10:00:00Z,89.0,False,1171,17.0,4.0
5838,UCt2ovOiAlTc8pAihvOFarYA,보컬프렌즈 VOCAL FRIENDS,mwlCaYmNfR8,"[보컬프렌즈입시] 4관왕 2026 호원대 ,동덕여대 실용음악과 보컬 합격 김태빈 WHY SO LONELY - 원더걸스 #실용음악과 #입시 #cover",2026-04-07T09:30:00Z,79.0,False,1377,23.0,3.0
5838,UCt2ovOiAlTc8pAihvOFarYA,보컬프렌즈 VOCAL FRIENDS,RNCjG1MGx-Y,고음을 찍긴 찍었는데 유지가 안 되는 이유 #고음레슨 #고음발성 #고음압력,2026-04-16T09:30:00Z,165.0,False,19253,379.0,9.0
5838,UCt2ovOiAlTc8pAihvOFarYA,보컬프렌즈 VOCAL FRIENDS,8c_RACOp6ck,[보컬프렌즈입시] 2026 호원대 실용음악과 보컬 합격 이인해 Creep - Radiohead #실용음악과 #입시 #cover,2026-04-24T09:00:00Z,151.0,False,1179,26.0,1.0
5838,UCt2ovOiAlTc8pAihvOFarYA,보컬프렌즈 VOCAL FRIENDS,jzqbHL1_2Vs,[보컬프렌즈입시] 2026 정화예대 실용음악과 보컬 합격 박승민 Ain't leavin without you - Jaheim  #실용음악과 #입시 #cover,2026-05-04T09:00:00Z,94.0,False,789,18.0,3.0
5838,UCt2ovOiAlTc8pAihvOFarYA,보컬프렌즈 VOCAL FRIENDS,TDGLuMTLpno,[보컬프렌즈입시] 2026 호원대 실용음악과 보컬 합격 이인해 Billie eilish - The Greatest #실용음악과 #입시 #cover,2026-05-11T15:00:31Z,112.0,False,1272,19.0,3.0
5839,UCSuhLNKQsW0-_JtjzIumbvA,차살때 스튜디오 ,zcM6Xe__kUA,도로 위에서 일어난 엄청난 폭발,2025-02-15T03:00:51Z,33.0,True,3984,29.0,1.0
5839,UCSuhLNKQsW0-_JtjzIumbvA,차살때 스튜디오 ,hoE1YVmD9M4,허위 매물 참교육 유튜버가 알려주는 꿀팁,2025-02-15T09:01:00Z,52.0,True,12386,72.0,1.0
5839,UCSuhLNKQsW0-_JtjzIumbvA,차살때 스튜디오 ,eJa0asTZDng,중고차 살 때 사기 냄새 나는 멘트,2025-02-16T03:00:36Z,49.0,True,8827,51.0,4.0
5839,UCSuhLNKQsW0-_JtjzIumbvA,차살때 스튜디오 ,zD0caTF9Gew,물어보지도 않고 워터밤 오픈한 차,2025-02-16T09:01:05Z,23.0,True,3378,12.0,0.0
5839,UCSuhLNKQsW0-_JtjzIumbvA,차살때 스튜디오 ,CLt2xtg1TlU,아우디 딜러가 말하는 제네시스,2025-02-17T03:00:16Z,46.0,True,33866,161.0,251.0
5839,UCSuhLNKQsW0-_JtjzIumbvA,차살때 스튜디오 ,eQdvjmv-uPs,운전면허 강사가 가장 기억에 남는 손님,2025-02-17T09:00:50Z,45.0,True,3330,11.0,0.0
5839,UCSuhLNKQsW0-_JtjzIumbvA,차살때 스튜디오 ,a8x2IIBIG20,횡단보도 침범한 자동차 참교육,2025-02-18T03:00:01Z,24.0,True,4146,14.0,1.0
5839,UCSuhLNKQsW0-_JtjzIumbvA,차살때 스튜디오 ,ZDDJD83IIf8,대리기사가 말하는 부자동네 손님 특징,2025-02-18T09:00:40Z,40.0,True,13672,67.0,15.0
5839,UCSuhLNKQsW0-_JtjzIumbvA,차살때 스튜디오 ,vqz9tOFwY5o,아우디 사러 오는 고객들의 특징,2025-02-19T03:00:52Z,32.0,True,25844,76.0,28.0
5839,UCSuhLNKQsW0-_JtjzIumbvA,차살때 스튜디오 ,Kd1m5zweZ6Q,영화에서만 봤던 도로 위 불타는 버스,2025-02-19T09:00:32Z,35.0,True,1290,9.0,0.0
5839,UCSuhLNKQsW0-_JtjzIumbvA,차살때 스튜디오 ,UMJ34xv4MAw,20대 친구들에게 대리를 추천하나요?,2025-02-20T03:00:31Z,48.0,True,3859,23.0,1.0
5839,UCSuhLNKQsW0-_JtjzIumbvA,차살때 스튜디오 ,ovWja7bP6yQ,많은 대리기사가 당하는 중복배차,2025-02-20T09:01:01Z,46.0,True,5639,26.0,1.0
5839,UCSuhLNKQsW0-_JtjzIumbvA,차살때 스튜디오 ,Kj7WP_AiFAo,핸드폰 하다 무슨일?! 마른 하늘에 날벼락,2025-02-21T03:00:29Z,27.0,True,6633,14.0,0.0
5839,UCSuhLNKQsW0-_JtjzIumbvA,차살때 스튜디오 ,6jPMDcyqMWw,레이싱하면서 억울하게 쌓인 오해,2025-02-21T09:00:07Z,28.0,True,9810,59.0,3.0
5839,UCSuhLNKQsW0-_JtjzIumbvA,차살때 스튜디오 ,Asg5XAb64Wg,기사여도 솔직히 꺼리게 되는 차는?,2025-02-22T03:00:10Z,49.0,True,11125,64.0,10.0
5839,UCSuhLNKQsW0-_JtjzIumbvA,차살때 스튜디오 ,6xqjuEx2INA,길 걷는데 갑자기 넝쿨째 굴러온 차?!,2025-02-22T09:00:09Z,22.0,True,2060,11.0,0.0
5839,UCSuhLNKQsW0-_JtjzIumbvA,차살때 스튜디오 ,wKFvzifNngg,대형운송업 주류비로 남는 게 있나요?,2025-02-23T03:00:48Z,34.0,True,6560,35.0,5.0
5839,UCSuhLNKQsW0-_JtjzIumbvA,차살때 스튜디오 ,fm-qE17D20E,카레이싱 선수들이 주고 받는 기싸움,2025-02-23T09:00:48Z,38.0,True,22589,101.0,0.0
5839,UCSuhLNKQsW0-_JtjzIumbvA,차살때 스튜디오 ,tIZ8x8dSMRo,"※충격주의※ 뒷자리도 예외 없다, 안전벨트의 중요성",2025-02-24T03:00:46Z,26.0,True,12601,50.0,12.0
5839,UCSuhLNKQsW0-_JtjzIumbvA,차살때 스튜디오 ,oA7RC_pVmM0,과속하고 싶어도 못하는 레미콘 기사,2025-02-24T09:01:01Z,50.0,True,14920,48.0,14.0
5839,UCSuhLNKQsW0-_JtjzIumbvA,차살때 스튜디오 ,_HG9QJHSjgQ,인맥이 지배하는 대형운송업의 현실,2025-02-25T03:00:34Z,40.0,True,1694,16.0,0.0
5839,UCSuhLNKQsW0-_JtjzIumbvA,차살때 스튜디오 ,AHoBpRe81Fc,길 건너면서 평생 운 다 쓴 남자,2025-02-25T09:00:09Z,26.0,True,1413,4.0,0.0
5839,UCSuhLNKQsW0-_JtjzIumbvA,차살때 스튜디오 ,eQGCbGnWoJY,직접 동료에게 당한 폐차 사기,2025-02-26T03:00:26Z,41.0,True,16514,102.0,0.0
5839,UCSuhLNKQsW0-_JtjzIumbvA,차살때 스튜디오 ,9Dj4YG6R1RQ,폐차 사기에 대비하는 방법,2025-02-26T09:00:16Z,38.0,True,4038,27.0,0.0
5839,UCSuhLNKQsW0-_JtjzIumbvA,차살때 스튜디오 ,eArCFVDh-vw,후진 한 번에 열린 워터밤,2025-02-27T03:00:38Z,27.0,True,5164,12.0,2.0
5839,UCSuhLNKQsW0-_JtjzIumbvA,차살때 스튜디오 ,iAEbvgpsadY,한눈에 알아보는 랩핑과 PPF의 차이점,2025-02-27T09:00:59Z,42.0,True,10573,26.0,0.0
5839,UCSuhLNKQsW0-_JtjzIumbvA,차살때 스튜디오 ,WrQ8aBzFeXE,5년이면 강남 아파트 사는 자동차 랩핑 사업,2025-02-28T03:00:27Z,51.0,True,37895,136.0,68.0
5839,UCSuhLNKQsW0-_JtjzIumbvA,차살때 스튜디오 ,wLAVlm_NMUA,어떻게 된 건지 처음부터 궁금한 교통사고,2025-02-28T09:01:16Z,25.0,True,2508,10.0,0.0
5839,UCSuhLNKQsW0-_JtjzIumbvA,차살때 스튜디오 ,n4jCeAVgdwk,허위매물 딜러 잡고 이것까지 받아봤다?!,2025-03-01T03:00:47Z,45.0,True,3128,16.0,2.0
5839,UCSuhLNKQsW0-_JtjzIumbvA,차살때 스튜디오 ,LJVXIYrfpdA,허위매물 딜러와 몸 싸움할 뻔한 썰,2025-03-01T09:00:31Z,46.0,True,2241,9.0,0.0
5839,UCSuhLNKQsW0-_JtjzIumbvA,차살때 스튜디오 ,bqEv8DG2Lv8,과연 이 차는 몇 바퀴 돌았을까?,2025-03-02T03:00:29Z,33.0,True,2585,14.0,8.0
5839,UCSuhLNKQsW0-_JtjzIumbvA,차살때 스튜디오 ,K5T5sZfDgNg,허위매물 딜러 잡기 전 만나본 진상 고객,2025-03-02T09:00:17Z,44.0,True,10926,59.0,2.0
5839,UCSuhLNKQsW0-_JtjzIumbvA,차살때 스튜디오 ,noBcWXTHebU,경매에 올라온 차는 다 안 좋은 차?!,2025-03-03T03:00:41Z,44.0,True,11123,46.0,6.0
5839,UCSuhLNKQsW0-_JtjzIumbvA,차살때 스튜디오 ,sfQc8ksTZpo,생각보다 한국에도 많은 올드카,2025-03-04T09:22:47Z,54.0,True,12146,43.0,0.0
5839,UCSuhLNKQsW0-_JtjzIumbvA,차살때 스튜디오 ,Ry4eb15S8_M,자신과 타인의 생명을 위협하는 아찔한 질주,2025-03-05T09:00:30Z,41.0,True,2084,10.0,0.0
5839,UCSuhLNKQsW0-_JtjzIumbvA,차살때 스튜디오 ,57aTcjxE8oc,매장에 사람이 아닌 차가 들어온다면?!,2025-03-06T09:00:05Z,35.0,True,4474,12.0,2.0
5839,UCSuhLNKQsW0-_JtjzIumbvA,차살때 스튜디오 ,ASakhQ0qSlk,2025 영국 올해의 차 KIA EV3,2025-03-07T09:00:18Z,54.0,True,6596,47.0,0.0
5839,UCSuhLNKQsW0-_JtjzIumbvA,차살때 스튜디오 ,ecB8AaGrLvA,몇 명이 탄 건지 궁금해지는 자동차,2025-03-08T09:00:49Z,34.0,True,3872,17.0,2.0
5839,UCSuhLNKQsW0-_JtjzIumbvA,차살때 스튜디오 ,FOxPlrL0CeE,언제나 전방 주시가 중요한 이유,2025-03-09T09:00:21Z,35.0,True,16632,79.0,2.0
5839,UCSuhLNKQsW0-_JtjzIumbvA,차살때 스튜디오 ,nR1cIfjc6sw,출시 17일 만에 계약 대수 4000대 돌파한 타스만,2025-03-10T09:00:57Z,54.0,True,12466,40.0,12.0
5839,UCSuhLNKQsW0-_JtjzIumbvA,차살때 스튜디오 ,Q9fQ6ngK_1A,하이브리드 시장에 도전장 던진 KG모빌리티,2025-03-11T09:00:34Z,46.0,True,9208,62.0,7.0
5839,UCSuhLNKQsW0-_JtjzIumbvA,차살때 스튜디오 ,ca24QejxFv4,소비자 불만만 커져가는 BYD ATTO3,2025-03-12T09:00:58Z,41.0,True,12628,56.0,29.0
5839,UCSuhLNKQsW0-_JtjzIumbvA,차살때 스튜디오 ,3a2HqC1yG8Y,적반하장의 끝판왕 '민폐 주차'의 메모,2025-03-13T09:00:06Z,35.0,True,16753,29.0,1.0
5839,UCSuhLNKQsW0-_JtjzIumbvA,차살때 스튜디오 ,H3P7XkEBlMw,세차 중 신박한 트렁크 청소 방법,2025-03-14T09:00:21Z,23.0,True,21791,57.0,2.0
5839,UCSuhLNKQsW0-_JtjzIumbvA,차살때 스튜디오 ,RED2dWIK8tE,새내기 사장님 고은미님이 차살때를 선택한 이유,2026-04-13T06:19:53Z,115.0,False,207,4.0,1.0
5839,UCSuhLNKQsW0-_JtjzIumbvA,차살때 스튜디오 ,7Qg9yeQvfZQ,예비 아빠 장현호님이 차살때로 스포티지를 선택한 이유,2026-04-13T06:23:10Z,88.0,False,220,4.0,1.0
5839,UCSuhLNKQsW0-_JtjzIumbvA,차살때 스튜디오 ,4g-PSF3XPF4,난 오늘 니가 차살때했음 좋겠어.. #shorts #차살때,2026-04-13T06:25:57Z,15.0,True,2415,3.0,0.0
5839,UCSuhLNKQsW0-_JtjzIumbvA,차살때 스튜디오 ,q6SZQKRs0YA,장기렌트만 4번한 경험자의 계약 꿀팁 #shorts #신차장기렌트,2026-04-13T06:28:43Z,39.0,True,957,0.0,1.0
5839,UCSuhLNKQsW0-_JtjzIumbvA,차살때 스튜디오 ,F4ZblAinp7s,봄나들이 패밀리카 추천 #shorts #신차장기렌트 #차살때,2026-04-13T06:32:22Z,62.0,False,1018,5.0,0.0
5839,UCSuhLNKQsW0-_JtjzIumbvA,차살때 스튜디오 ,ioRVhEngpAQ,사회초년생이 차살때 보면 좋을 영상  #shorts #신차장기렌트,2026-04-13T06:37:04Z,60.0,True,1180,2.0,1.0
5840,UCuSaFvVbK9QpZlbn8Vf34RA,보이즈빌리지 [BOYS VILLAGE],3b0CkkLYq00,※남자들을 위한 개꿀팁※ 남자들은 모르는 '여자가 진짜 심쿵하는 스킨십'ㅋㅋㅋㅋㅋㅋ,2019-11-28T12:00:00Z,263.0,False,221668,1972.0,321.0
5840,UCuSaFvVbK9QpZlbn8Vf34RA,보이즈빌리지 [BOYS VILLAGE],qh-dOH1OQi8,희대의 난제 종결짓습니다... 짜장 vs 짬뽕 [호불호먹방],2019-11-30T12:00:13Z,602.0,False,194044,1490.0,167.0
5840,UCuSaFvVbK9QpZlbn8Vf34RA,보이즈빌리지 [BOYS VILLAGE],xRrdkxPvxJ4,[몰카] 갑자기 벽치기 시전했을 때 톨PD 반응ㅋㅋㅋㅋㅋ 톨쟁탈전: 김pd vs 큐,2019-12-03T12:00:11Z,352.0,False,396591,3043.0,370.0
5840,UCuSaFvVbK9QpZlbn8Vf34RA,보이즈빌리지 [BOYS VILLAGE],GCqMLL62eSA,"유교 사상 폭발... 내 여자친구와 남사친, 어디까지 가능?",2019-12-05T12:00:04Z,305.0,False,180565,1484.0,222.0
5840,UCuSaFvVbK9QpZlbn8Vf34RA,보이즈빌리지 [BOYS VILLAGE],HwEEd2Vhsrg,"바삭이냐 쫄깃이냐... 돼지,  치킨, 새우 튀겨 먹음? 구워 먹음? [호불호 먹방: 튀김 vs 구이]",2019-12-07T12:00:04Z,603.0,False,225445,1592.0,201.0
5840,UCuSaFvVbK9QpZlbn8Vf34RA,보이즈빌리지 [BOYS VILLAGE],dzNHDwbbPFU,김PD님 집으로 퇴근했습니다… [끝까지 간다],2019-12-10T12:00:05Z,653.0,False,369454,3371.0,418.0
5840,UCuSaFvVbK9QpZlbn8Vf34RA,보이즈빌리지 [BOYS VILLAGE],9QnvAShHsZc,육즙 폭발 육류 vs 쫠깃쫠깃 해산물… 뭐가 더 맛있음? (feat.막내PD 루머 해명) [호불호 먹방],2019-12-14T12:00:04Z,610.0,False,178829,1410.0,170.0
5840,UCuSaFvVbK9QpZlbn8Vf34RA,보이즈빌리지 [BOYS VILLAGE],pWsSkL0FQY4,'짝남짝녀에게 고백하고 차임? vs 마음 숨기고 짝사랑?' 1:2 개싸움ㅋㅋㅋ,2019-12-17T12:00:17Z,258.0,False,86715,939.0,224.0
5840,UCuSaFvVbK9QpZlbn8Vf34RA,보이즈빌리지 [BOYS VILLAGE],gkeHWevX6LM,저희의 새로운 집 공개합니다,2019-12-20T12:00:08Z,620.0,False,161086,1360.0,146.0
5840,UCuSaFvVbK9QpZlbn8Vf34RA,보이즈빌리지 [BOYS VILLAGE],TVFlga_BDEA,인기가 너무 많아져서 보이즈빌리지 그만 두고 싶어요,2019-12-21T12:00:07Z,388.0,False,183632,2275.0,261.0
5840,UCuSaFvVbK9QpZlbn8Vf34RA,보이즈빌리지 [BOYS VILLAGE],v4sL2FR7J7k,솔로 다 들어와... 크리스마스에 솔로여서 좋은 점! tlqkf...,2019-12-24T12:00:14Z,299.0,False,113483,1353.0,221.0
5840,UCuSaFvVbK9QpZlbn8Vf34RA,보이즈빌리지 [BOYS VILLAGE],IP0Syjw0g4w,보빌 포토카드배 삼행시 대회 개웃기넼ㅋㅋㅋㅋㅋㅋㅋ 노잼시 큐 카드로 응징 [보빌 라이브],2019-12-26T12:00:06Z,474.0,False,71869,936.0,90.0
5840,UCuSaFvVbK9QpZlbn8Vf34RA,보이즈빌리지 [BOYS VILLAGE],YNkzN-yXDWo,면이냐 밥이냐… 선택장애 해결해 줌 [ 엽떡 우동사리vs주먹밥 / 치밥vs치면 / 짜장면vs볶음밥 ] 호불호먹방,2019-12-28T12:00:09Z,612.0,False,161942,1389.0,251.0
5840,UCuSaFvVbK9QpZlbn8Vf34RA,보이즈빌리지 [BOYS VILLAGE],QBcUzB87qq0,이건 좀 심한데? 이성이 눈치 1도 없다고 느끼는 순간ㅋㅋㅋㅋ,2020-01-02T12:00:03Z,303.0,False,109627,1127.0,101.0
5840,UCuSaFvVbK9QpZlbn8Vf34RA,보이즈빌리지 [BOYS VILLAGE],jVDoOa0Oqx0,야식으로 닭이냐 돼지냐 [통삼겹살vs치킨 / 돼지갈비vs닭갈비 / 족발vs닭발] 호불호먹방,2020-01-04T12:00:13Z,601.0,False,144642,1295.0,236.0
5840,UCuSaFvVbK9QpZlbn8Vf34RA,보이즈빌리지 [BOYS VILLAGE],Wwzl3yukfhQ,"저기, 잠깐 나와줄래...? [끝까지 간다]",2020-01-07T12:00:11Z,731.0,False,104727,1288.0,224.0
5840,UCuSaFvVbK9QpZlbn8Vf34RA,보이즈빌리지 [BOYS VILLAGE],112ZcIjwkDs,10만원 1등급 최고급 한우 세트 vs 5천원 편의점 스테이크,2020-01-11T12:00:01Z,649.0,False,152196,1115.0,196.0
5840,UCuSaFvVbK9QpZlbn8Vf34RA,보이즈빌리지 [BOYS VILLAGE],zlLN8YxUTXA,"팀장님, 엿 드세요!",2020-01-14T12:00:10Z,361.0,False,197722,2119.0,319.0
5840,UCuSaFvVbK9QpZlbn8Vf34RA,보이즈빌리지 [BOYS VILLAGE],t7m19-XsINY,내가 받은 최악 of 최악의 고백 Best,2020-01-16T12:00:09Z,248.0,False,74925,890.0,112.0
5840,UCuSaFvVbK9QpZlbn8Vf34RA,보이즈빌리지 [BOYS VILLAGE],si4WKtzfYLc,"초거대 킹타이거새우 찜, 버터구이, 튀김으로 먹기 vs 새우깡 행 [호불호먹방]",2020-01-18T12:00:13Z,601.0,False,118061,991.0,117.0
5840,UCuSaFvVbK9QpZlbn8Vf34RA,보이즈빌리지 [BOYS VILLAGE],OYJzc5JOYJU,노빠꾸 랜덤 복불복 끝까지간다... 지옥의 남산 편 [끝까지 간다],2020-01-21T12:00:03Z,642.0,False,96829,1039.0,126.0
5840,UCuSaFvVbK9QpZlbn8Vf34RA,보이즈빌리지 [BOYS VILLAGE],0Z744QFg6tA,오늘 하루 아무도 절 막을 순 없습니다,2020-01-25T12:00:01Z,638.0,False,271348,2206.0,243.0
5840,UCuSaFvVbK9QpZlbn8Vf34RA,보이즈빌리지 [BOYS VILLAGE],TkBIk8UlZsQ,[VLOG] 3년차 26살 유튜브 PD의 100% 리얼 현실적 하루 / 7일 7술하는 직장인 톨PD 브이로그,2020-01-28T12:00:10Z,717.0,False,162896,2005.0,356.0
5840,UCuSaFvVbK9QpZlbn8Vf34RA,보이즈빌리지 [BOYS VILLAGE],aTGacw1_G80,모든 토핑 다 때려넣은 존맛 초거대 마라탕 먹방 (feat.꿔바로우),2020-02-01T12:00:00Z,382.0,False,227175,1646.0,138.0
5840,UCuSaFvVbK9QpZlbn8Vf34RA,보이즈빌리지 [BOYS VILLAGE],C-QEAbcMlqU,조개소년의 조개구이 술먹방 (feat.톨PD),2020-02-04T12:00:03Z,385.0,False,90948,1030.0,160.0
5840,UCuSaFvVbK9QpZlbn8Vf34RA,보이즈빌리지 [BOYS VILLAGE],oqpg1FcNVfk,*남자로 태어났다면 꼭 봐야 하는 영상* 여자를 안달나게 만드는 매력적인 남자들 특징,2020-02-06T12:00:10Z,249.0,False,91327,896.0,180.0
5840,UCuSaFvVbK9QpZlbn8Vf34RA,보이즈빌리지 [BOYS VILLAGE],88ssdcaOUik,고기가 이렇게 쌓였는데 왜 먹지를 못하니...?,2020-02-08T12:00:00Z,626.0,False,155822,1318.0,156.0
5840,UCuSaFvVbK9QpZlbn8Vf34RA,보이즈빌리지 [BOYS VILLAGE],lJJMWMT0FFI,(1000% 리얼 무방비 상태) 톨PD 러브하우스 쳐들어갔습니다 [끝까지간다],2020-02-11T12:00:21Z,661.0,False,315415,2477.0,198.0
5840,UCuSaFvVbK9QpZlbn8Vf34RA,보이즈빌리지 [BOYS VILLAGE],cbAe3XqJHr8,소고기 5인분 혼자 회식...,2020-02-15T12:00:08Z,601.0,False,232579,1940.0,262.0
5840,UCuSaFvVbK9QpZlbn8Vf34RA,보이즈빌리지 [BOYS VILLAGE],9jpHVycSBWk,엽떡 꿀조합은 이렇게 먹는거다 얘들아,2020-02-22T12:00:02Z,613.0,False,196843,1656.0,136.0
5840,UCuSaFvVbK9QpZlbn8Vf34RA,보이즈빌리지 [BOYS VILLAGE],dwS4Wfco7kQ,"닭다리는 혼자 다 뜯어야 제 맛… (feat. BBQ 황금올리브 닭다리, 자메이카 통다리, 뱀파이어 치킨 닭다리)",2020-02-29T12:00:10Z,639.0,False,188519,1487.0,173.0
5840,UCuSaFvVbK9QpZlbn8Vf34RA,보이즈빌리지 [BOYS VILLAGE],9X9vsheRLao,[일타강사 윤쌤] 다이어트가 하고 싶어? 이 세 가지만 기억해,2020-03-03T12:00:03Z,221.0,False,104567,1127.0,140.0
5840,UCuSaFvVbK9QpZlbn8Vf34RA,보이즈빌리지 [BOYS VILLAGE],8H5csQVJMPE,[큐훈톨 실시간 라이브 전쟁] 시청자 제일 많은 방 어디? 답은 정해져 있고 그냥 들어오면 됨,2020-03-10T12:00:00Z,615.0,False,94290,1035.0,135.0
5840,UCuSaFvVbK9QpZlbn8Vf34RA,보이즈빌리지 [BOYS VILLAGE],pbHdnnAbXEs,"밥 5공기 뿌셨습니다… 미쳐버린 밥도둑 라인업 (ft.간장게장, 양념게장, 새우장)",2020-03-14T12:00:15Z,636.0,False,128491,1123.0,169.0
5840,UCuSaFvVbK9QpZlbn8Vf34RA,보이즈빌리지 [BOYS VILLAGE],aA0vhj3ylGA,[71530 리턴즈] 유튜버 6년 짬바로 일주일에 만원만 쓰고 버티는 법,2020-03-28T12:00:01Z,789.0,False,249308,2483.0,277.0
5840,UCuSaFvVbK9QpZlbn8Vf34RA,보이즈빌리지 [BOYS VILLAGE],o4er9rkFMX4,7일 동안ㅣ긴머리로 살아본다면? [7/15/30],2021-07-31T01:00:08Z,683.0,False,27974,629.0,166.0
5840,UCuSaFvVbK9QpZlbn8Vf34RA,보이즈빌리지 [BOYS VILLAGE],Tbx7xDX-Ke8,민트초코 치킨·떡볶이·소주 전격 리뷰 (Feat. 민초단 미안해요),2021-08-06T11:00:15Z,356.0,False,12724,302.0,110.0
5840,UCuSaFvVbK9QpZlbn8Vf34RA,보이즈빌리지 [BOYS VILLAGE],w0173JTV12o,평점 1점짜리 마라탕을 주문하면 음식이 안 온다고?,2021-08-13T11:00:28Z,313.0,False,25350,398.0,56.0
5840,UCuSaFvVbK9QpZlbn8Vf34RA,보이즈빌리지 [BOYS VILLAGE],6mrcYdxwEH8,맥도날드에서 가장 많이 팔리는 메뉴 Top3,2021-08-20T11:00:03Z,368.0,False,95172,498.0,87.0
5840,UCuSaFvVbK9QpZlbn8Vf34RA,보이즈빌리지 [BOYS VILLAGE],BPX56wulWEY,구하기 힘들다던 메로나에이슬! 저희가 한번 먹어봤습니다 (feat. 푸라닭 신메뉴),2021-08-27T11:00:03Z,481.0,False,13571,231.0,63.0
5840,UCuSaFvVbK9QpZlbn8Vf34RA,보이즈빌리지 [BOYS VILLAGE],HrDssc66AwA,평점 1점 중국집에 직접 전화해보았다 (feat. 1점 VS 5점),2021-09-03T11:00:18Z,491.0,False,25093,335.0,60.0
5840,UCuSaFvVbK9QpZlbn8Vf34RA,보이즈빌리지 [BOYS VILLAGE],tnfzA4MDIkE,7일 동안ㅣ떡볶이만 먹으면 몸에 무슨 변화가 생길까?,2021-09-10T11:00:35Z,517.0,False,22880,478.0,110.0
5840,UCuSaFvVbK9QpZlbn8Vf34RA,보이즈빌리지 [BOYS VILLAGE],97Eey7c5MOM,평점 1점 돈가스 vs 평점 5점 돈가스,2021-09-24T11:00:07Z,504.0,False,13934,234.0,28.0
5840,UCuSaFvVbK9QpZlbn8Vf34RA,보이즈빌리지 [BOYS VILLAGE],NMM26fy2cOc,평점 1점 칼국수 VS 평점 5점 칼국수 구분 가능?,2021-10-08T11:00:09Z,422.0,False,8098,140.0,27.0
5840,UCuSaFvVbK9QpZlbn8Vf34RA,보이즈빌리지 [BOYS VILLAGE],T6WZ3BA_ymI,낭만 항구 'ㅁㅍ'에 가면 정말 사랑이 싹틀까?,2021-10-14T11:00:29Z,834.0,False,13808,141.0,55.0
5840,UCuSaFvVbK9QpZlbn8Vf34RA,보이즈빌리지 [BOYS VILLAGE],uISVrEaD5NU,여사친과 ✌단둘이✌ 술자리를 가져본다면? (feat. 대한민국 소주 TOP3),2021-10-22T11:00:25Z,503.0,False,8464,138.0,35.0
5840,UCuSaFvVbK9QpZlbn8Vf34RA,보이즈빌리지 [BOYS VILLAGE],xDO_wQhxpqU,이것만 알면 나도 한국인?🇰🇷 공감100 대한민국 적응력 테스트!,2021-10-29T11:00:35Z,460.0,False,4908,83.0,25.0
5840,UCuSaFvVbK9QpZlbn8Vf34RA,보이즈빌리지 [BOYS VILLAGE],g4TDGqc6I0c,스타벅스 연령대별 1등 메뉴는 과연 무엇일까?  (Feat. 설사는 못참지),2021-11-05T11:00:32Z,425.0,False,54742,312.0,42.0
5840,UCuSaFvVbK9QpZlbn8Vf34RA,보이즈빌리지 [BOYS VILLAGE],MahVr15ho1Y,전국의 다이어터들 주목! 곤약으로 코스요리를 즐겨보다면? (광고❌),2021-11-12T11:00:24Z,398.0,False,21927,113.0,34.0
5840,UCuSaFvVbK9QpZlbn8Vf34RA,보이즈빌리지 [BOYS VILLAGE],kzjrnduLz50,방어회가 겨울에만 맛있는 이유는?,2021-12-13T08:31:08Z,430.0,False,69825,237.0,
5841,UClUE7d0UQ7dhLjK1r6xpG9w,예랑가랑,DUQswmi93Ks,선동 잘 하는 법,2026-02-03T14:21:03Z,47.0,True,130612,2732.0,35.0
5841,UClUE7d0UQ7dhLjK1r6xpG9w,예랑가랑,DHG7HiCl0d8,"이것만 있다면, 학교생활 어렵지 않아!",2026-02-04T09:01:37Z,473.0,False,51347,1708.0,174.0
5841,UClUE7d0UQ7dhLjK1r6xpG9w,예랑가랑,6g1tiaeJvkM,세상에 먹고 싶은 게 너무 많아요!!! 본격 다이어트 시작🙋‍♀️,2026-02-06T09:46:26Z,1648.0,False,125242,2186.0,211.0
5841,UClUE7d0UQ7dhLjK1r6xpG9w,예랑가랑,6elkwYrYB4I,편의점 두쫀쿠 리뷰!,2026-02-09T09:56:32Z,40.0,True,319948,7727.0,210.0
5841,UClUE7d0UQ7dhLjK1r6xpG9w,예랑가랑,MeOCTIWaX5g,"좋은 헬스장, 베테랑 피티쌤 고르는 꿀팁",2026-02-10T06:15:20Z,1140.0,False,102403,2098.0,101.0
5841,UClUE7d0UQ7dhLjK1r6xpG9w,예랑가랑,qG2XrmJ-_lo,왕초보 룸메 차 타고 부산 나들이(feat.리뷰왕),2026-02-14T01:02:21Z,1509.0,False,103924,2221.0,185.0
5841,UClUE7d0UQ7dhLjK1r6xpG9w,예랑가랑,t-d94cUiMzs,고양이들 병원 갔다가 맥날 드라이브스루 도전한 하루ㅋ,2026-02-16T23:41:30Z,1417.0,False,146326,3051.0,226.0
5841,UClUE7d0UQ7dhLjK1r6xpG9w,예랑가랑,T9f6lB0sDXs,설날특집) 점프냥자와 병철도령,2026-02-18T04:54:58Z,162.0,False,82880,3163.0,68.0
5841,UClUE7d0UQ7dhLjK1r6xpG9w,예랑가랑,qlq0aV0O4Yg,주변 친구들이 결혼해서 점점 멀어지는 게 슬퍼요,2026-02-20T07:45:21Z,881.0,False,177754,3566.0,387.0
5841,UClUE7d0UQ7dhLjK1r6xpG9w,예랑가랑,Lg0T-Hr8HD0,잔소리 할 거면 돈 주고 하세요,2026-02-20T11:57:17Z,105.0,False,104810,2897.0,49.0
5841,UClUE7d0UQ7dhLjK1r6xpG9w,예랑가랑,2eUQ4TPz3IM,슬램덩크 기억 조각 모음,2026-02-21T16:11:45Z,40.0,True,132775,2389.0,43.0
5841,UClUE7d0UQ7dhLjK1r6xpG9w,예랑가랑,r5Ti9_NXmzw,살 빼야 되는데 룸메가 같이 맛있는 거 먹자고 사정사정함,2026-02-23T23:15:43Z,1135.0,False,150977,3022.0,345.0
5841,UClUE7d0UQ7dhLjK1r6xpG9w,예랑가랑,DCamwQh56dY,헬스장 통으로 빌려서 단 둘이 운동해봤습니다ㅋ,2026-02-26T09:07:09Z,1815.0,False,92713,2085.0,820.0
5841,UClUE7d0UQ7dhLjK1r6xpG9w,예랑가랑,PbvgfChhiro,숏츠를 너무 많이 보면 이렇게 돼요!,2026-03-02T00:55:53Z,652.0,False,111337,2458.0,191.0
5841,UClUE7d0UQ7dhLjK1r6xpG9w,예랑가랑,S9GQdspNJ5s,바부 쩜프,2026-03-04T17:01:45Z,28.0,True,99904,3588.0,77.0
5841,UClUE7d0UQ7dhLjK1r6xpG9w,예랑가랑,FfIJkw9eTtE,"돈은 없는데 사고 싶은 게 너무 많은 당신, 딱 정해드립니다!",2026-03-05T08:27:02Z,2051.0,False,170373,2969.0,213.0
5841,UClUE7d0UQ7dhLjK1r6xpG9w,예랑가랑,FfoSIxdg6VQ,벌써 다이어트 50일째! 중간점검 결과 공개합니다🐖,2026-03-08T01:45:45Z,640.0,False,81195,2167.0,169.0
5841,UClUE7d0UQ7dhLjK1r6xpG9w,예랑가랑,AGSNXRO33c8,전설의 라면밥 레시피 대공개,2026-03-11T10:17:04Z,938.0,False,212552,4554.0,406.0
5841,UClUE7d0UQ7dhLjK1r6xpG9w,예랑가랑,P_Um7HlNPmQ,빤스 3장씩 갈아입는 여자와 털뿜뿜 고양이들이 같이 사는 집 필수품🏠,2026-03-13T09:00:07Z,956.0,False,68756,1656.0,130.0
5841,UClUE7d0UQ7dhLjK1r6xpG9w,예랑가랑,fSvJn2Fe7E8,니네 집 앞인데 잠깐 나와봐~! 내향인에게 힘든 상황 월드컵,2026-03-15T04:39:01Z,1267.0,False,115868,2299.0,212.0
5841,UClUE7d0UQ7dhLjK1r6xpG9w,예랑가랑,0vfnxCh2Ow8,병철이는 사고뭉치!,2026-03-16T15:08:00Z,104.0,False,94237,3120.0,85.0
5841,UClUE7d0UQ7dhLjK1r6xpG9w,예랑가랑,Lrmc7nxPsBA,소중한 사람이 우울해할 때 이렇게 위로해 보세요,2026-03-19T08:43:49Z,932.0,False,118357,2253.0,128.0
5841,UClUE7d0UQ7dhLjK1r6xpG9w,예랑가랑,VRLHviMlWSk,점프랑 병철이가 찍어 준 영상,2026-03-21T03:03:20Z,576.0,False,114025,4290.0,465.0
5841,UClUE7d0UQ7dhLjK1r6xpG9w,예랑가랑,fXr94dlDrEY,"가슴아 가슴아, 니가 원하는 브라가 이것이냐?",2026-03-23T09:00:35Z,471.0,False,53435,1955.0,334.0
5841,UClUE7d0UQ7dhLjK1r6xpG9w,예랑가랑,4pwOw3pZLmI,주워 왔던 낡은 소파를 떠나보내고...새 이케아 소파로 바꿨어요!,2026-03-26T09:27:12Z,1652.0,False,140177,2763.0,245.0
5841,UClUE7d0UQ7dhLjK1r6xpG9w,예랑가랑,UJ9ZJueKiXU,다꾸할 때 사진 붙이는 꿀팁!,2026-03-27T16:31:34Z,36.0,True,833917,17795.0,266.0
5841,UClUE7d0UQ7dhLjK1r6xpG9w,예랑가랑,EJBoEigHBTs,우리도 포코피아 할 거야..! 정가에 산 닌텐도 스위치2 언박싱🎁,2026-03-30T08:39:51Z,1003.0,False,138930,2228.0,146.0
5841,UClUE7d0UQ7dhLjK1r6xpG9w,예랑가랑,WAq-j6GFmj4,우리집 아기고양이의 시선,2026-04-01T17:43:01Z,83.0,False,62593,2828.0,61.0
5841,UClUE7d0UQ7dhLjK1r6xpG9w,예랑가랑,mDwTeN9qviQ,여러분의 사연을 읽어드리는 힐링 물청소 라디오,2026-04-03T08:28:27Z,2187.0,False,100409,2160.0,136.0
5841,UClUE7d0UQ7dhLjK1r6xpG9w,예랑가랑,Bf7rHG-4aHU,작업하는 사람이 좋아하는 영상,2026-04-03T13:47:16Z,67.0,False,307896,9661.0,155.0
5841,UClUE7d0UQ7dhLjK1r6xpG9w,예랑가랑,UPLFIrb-vuk,"아파서 말 못하는 가랑, 혼자서 2인분 떠드는 예랑",2026-04-07T08:50:04Z,1339.0,False,114979,2330.0,179.0
5841,UClUE7d0UQ7dhLjK1r6xpG9w,예랑가랑,QGl5mcnjgdA,고양이용품 딱 10만원으로 쇼핑 끝냅니다.🐈 2026 궁디팡팡 캣페스타!,2026-04-10T07:51:32Z,2801.0,False,164605,3492.0,384.0
5841,UClUE7d0UQ7dhLjK1r6xpG9w,예랑가랑,usmjz_aV0VE,100일 다이어트 종료! 인간과 고양이 중 승자는 누구일까요?!,2026-04-13T08:30:00Z,1536.0,False,124176,2999.0,295.0
5841,UClUE7d0UQ7dhLjK1r6xpG9w,예랑가랑,iuMssLK0OQw,우당탕탕 집 구조 바꾸기!,2026-04-15T10:31:08Z,717.0,False,101572,2319.0,173.0
5841,UClUE7d0UQ7dhLjK1r6xpG9w,예랑가랑,zcSI3LLA0Zo,"너무 귀여운 포켓몬 힐링게임, 포코피아 첫 플레이🌷",2026-04-17T08:54:09Z,1458.0,False,88258,1638.0,81.0
5841,UClUE7d0UQ7dhLjK1r6xpG9w,예랑가랑,3eVPdSEE3qs,2박3일 오사카 먹부링 모음☆,2026-04-19T02:01:05Z,13.0,True,245386,7880.0,159.0
5841,UClUE7d0UQ7dhLjK1r6xpG9w,예랑가랑,P86XqUu8ysE,그동안 참았던 음식 다 먹는 하루,2026-04-21T08:00:32Z,736.0,False,131285,3225.0,315.0
5841,UClUE7d0UQ7dhLjK1r6xpG9w,예랑가랑,cmemtSB8Cps,여행하기 제일 좋은 조합ㅋ,2026-04-22T08:10:12Z,12.0,True,436102,7531.0,118.0
5841,UClUE7d0UQ7dhLjK1r6xpG9w,예랑가랑,0DQIqcZ1SVI,In The GYM,2026-04-23T09:36:18Z,13.0,True,376868,10982.0,194.0
5841,UClUE7d0UQ7dhLjK1r6xpG9w,예랑가랑,fmUl6fbjoK0,"만우절 특집, 원피스 애니 영업(?) 들어갑니다",2026-04-24T08:29:20Z,1018.0,False,85850,1964.0,165.0
5841,UClUE7d0UQ7dhLjK1r6xpG9w,예랑가랑,H1le-upWXEc,어깨깡패,2026-04-24T10:39:15Z,17.0,True,231617,7359.0,336.0
5841,UClUE7d0UQ7dhLjK1r6xpG9w,예랑가랑,NHqnglJia0Q,작업중인 사람이 좋아하는영상2,2026-04-27T08:35:53Z,33.0,True,118410,4104.0,93.0
5841,UClUE7d0UQ7dhLjK1r6xpG9w,예랑가랑,Tww9UiY_6_E,살목지 3분(?)요약...그들은 왜 AI 지우개를 이용하지 않았을까?,2026-04-28T07:57:09Z,1589.0,False,248288,4726.0,482.0
5841,UClUE7d0UQ7dhLjK1r6xpG9w,예랑가랑,3FmjBAufpLs,침대 뒷판에 쿠리만쥬 굿즈존 DIY하기~!,2026-05-01T05:59:10Z,1296.0,False,106233,2676.0,206.0
5841,UClUE7d0UQ7dhLjK1r6xpG9w,예랑가랑,9DfqHbXpypw,야구 1도 모르지만 굿즈는 정말 귀엽네요,2026-05-04T08:06:51Z,590.0,False,74568,1568.0,303.0
5841,UClUE7d0UQ7dhLjK1r6xpG9w,예랑가랑,MsYxj7kx-9s,급식 맛없으면 그냥 굶었던 편식대마왕의 음식 월드컵,2026-05-08T09:04:46Z,1225.0,False,74150,1529.0,146.0
5841,UClUE7d0UQ7dhLjK1r6xpG9w,예랑가랑,znjlBi7Fvjw,벌크업 할 준비 완료. 첫날에만 3만보 걸었습니다🍺 오사카 여행 1일차!,2026-05-11T11:16:00Z,2450.0,False,158382,4194.0,555.0
5841,UClUE7d0UQ7dhLjK1r6xpG9w,예랑가랑,MNKbpNQ9v2c,오랜만에 말하려니 말이 잘 안 나오네,2026-05-13T11:04:25Z,51.0,True,65604,1867.0,58.0
5841,UClUE7d0UQ7dhLjK1r6xpG9w,예랑가랑,f7Gh1PBFZ5Q,발냄새가 너무 좋은 점프,2026-05-15T11:38:04Z,81.0,False,92245,4670.0,111.0
5841,UClUE7d0UQ7dhLjK1r6xpG9w,예랑가랑,S6NbuGKJd8E,서사에 눈물 쏟는 F와 포켓몬 효율 따지는 T의 포코피아 2회차🌷,2026-05-16T03:26:25Z,1588.0,False,30239,769.0,50.0
5842,UC2EeIV6pzZDIAgp8hV_MGew,Golden Child,gxsvpTrVhTo,숨겨진 보컬 트레이너🤣 #이장준 과 함께한 #Rise_and_Shine_Challenge,2025-11-03T09:01:07Z,52.0,True,3788,463.0,16.0
5842,UC2EeIV6pzZDIAgp8hV_MGew,Golden Child,9U8XUgtU6zA,명창 홍냥이의 녹음 시간⏰ | 'Rise & Shine' 녹음 비하인드,2025-11-03T11:00:02Z,347.0,False,1017,203.0,14.0
5842,UC2EeIV6pzZDIAgp8hV_MGew,Golden Child,hbqPKsQ6Pcc,밀키* 같이 청량한 고음😆 #홍주찬 #HONGJOOCHAN,2025-11-03T11:02:51Z,21.0,True,4597,429.0,4.0
5842,UC2EeIV6pzZDIAgp8hV_MGew,Golden Child,WnJlIavdIc4,사랑했던 마음엔❤️‍🩹 #소란 #고영배 님과 함께한 #Rise_and_Shine_Challenge,2025-11-04T10:30:23Z,36.0,True,3949,511.0,10.0
5842,UC2EeIV6pzZDIAgp8hV_MGew,Golden Child,PMua5t6pQ1E,HiSUYUN🐰 #RocketPunch #수윤 님과 함께한 #Rise_and_Shine_Challenge,2025-11-05T08:00:28Z,36.0,True,5661,870.0,22.0
5842,UC2EeIV6pzZDIAgp8hV_MGew,Golden Child,EY-QFO6NAEc,[Live Clip] Rise & Shine (Recording ver) | 주찬(JOOCHAN),2025-11-05T11:00:11Z,166.0,False,2006,295.0,24.0
5842,UC2EeIV6pzZDIAgp8hV_MGew,Golden Child,RACfNrJsQ8I,한계를 넘어서🎙️ #홍주찬 #HONGJOOCHAN #Rise_and_Shine,2025-11-05T11:03:18Z,30.0,True,3653,375.0,4.0
5842,UC2EeIV6pzZDIAgp8hV_MGew,Golden Child,yTF2aXPln_M,사실 불안했던 것 같아💨 #홍주찬 #HONGJOOCHAN #Rise_and_Shine,2025-11-05T11:04:15Z,59.0,True,4308,532.0,9.0
5842,UC2EeIV6pzZDIAgp8hV_MGew,Golden Child,rv9lwERYdn4,널 놓지 않을게🫱🏻‍🫲🏻 #홍주찬 #HONGJOOCHAN #Rise_and_Shine,2025-11-05T11:05:10Z,28.0,True,4291,568.0,5.0
5842,UC2EeIV6pzZDIAgp8hV_MGew,Golden Child,nhEmq4Aicu4,어떤 말이 필요해🎙️ #우디 님과 함께한 #Rise_and_Shine_Challenge,2025-11-06T09:01:21Z,33.0,True,3661,296.0,9.0
5842,UC2EeIV6pzZDIAgp8hV_MGew,Golden Child,iDd6dhU5jfI,같은 리듬 속에💎🎶 #권은비 님과 함께한 #Rise_and_Shine_Challenge,2025-11-07T09:01:14Z,35.0,True,6946,702.0,13.0
5842,UC2EeIV6pzZDIAgp8hV_MGew,Golden Child,qWcJCOYGBBQ,심장이 쿵💛,2025-11-08T07:44:17Z,14.0,True,11775,873.0,25.0
5842,UC2EeIV6pzZDIAgp8hV_MGew,Golden Child,4LOHY_B5rhA,Up and down🏎️ #백호 선배님과 함께한 #Rise_and_Shine_Challenge,2025-11-09T09:00:11Z,32.0,True,4646,537.0,37.0
5842,UC2EeIV6pzZDIAgp8hV_MGew,Golden Child,aheosg87sS4,"HYU, Rise & Shine🔥 #홍주찬 #HONGJOOCHAN",2025-11-12T15:02:25Z,42.0,True,7641,640.0,10.0
5842,UC2EeIV6pzZDIAgp8hV_MGew,Golden Child,YF1ATUj5eW0,금동이들 회식 자리 엿보기👀 | 금동포차🍻,2025-11-15T08:00:28Z,705.0,False,4359,474.0,76.0
5842,UC2EeIV6pzZDIAgp8hV_MGew,Golden Child,EPqd9arvS9s,🎵 그리워하다 (원곡 : 비투비) #홍주찬 #HONGJOOCHAN #Rise_and_Shine,2025-11-15T08:02:37Z,30.0,True,4381,418.0,7.0
5842,UC2EeIV6pzZDIAgp8hV_MGew,Golden Child,OZJnIDZKhXs,🎵 사랑했나봐 (원곡 : 윤도현) #홍주찬 #HONGJOOCHAN #Rise_and_Shine,2025-11-15T08:03:33Z,41.0,True,4480,495.0,6.0
5842,UC2EeIV6pzZDIAgp8hV_MGew,Golden Child,-T_TT_LNv1A,🎵 Rise & Shine #홍주찬 #HONGJOOCHAN #Rise_and_Shine,2025-11-15T08:03:52Z,23.0,True,4555,423.0,5.0
5842,UC2EeIV6pzZDIAgp8hV_MGew,Golden Child,Quficyq7k2Q,해운대 버스킹🚌 (with 지범) #홍주찬 #HONGJOOCHAN,2025-11-17T10:00:18Z,40.0,True,9568,1091.0,13.0
5842,UC2EeIV6pzZDIAgp8hV_MGew,Golden Child,niqEgQ4ps14,Sway sway sway sway✌🏻 #인피니트 #장동우 선배님과 함께한 #Rise_and_Shine_Challenge,2025-11-20T09:01:22Z,35.0,True,8525,1272.0,30.0
5842,UC2EeIV6pzZDIAgp8hV_MGew,Golden Child,znNOxbZEHM8,영원히 노래해 널 위해🍃 #비투비 #서은광 선배님과 함께한 #Rise_and_Shine_Challenge,2025-11-21T12:02:06Z,35.0,True,7481,911.0,14.0
5842,UC2EeIV6pzZDIAgp8hV_MGew,Golden Child,noycGNCWviY,매끈매끈한 🌀,2025-11-22T08:30:28Z,18.0,True,33742,1253.0,22.0
5842,UC2EeIV6pzZDIAgp8hV_MGew,Golden Child,pLfxwYnCC10,갑자기 주찬이가 나타나서 노래를 부른다면? | 'Rise & Shine' 버스킹 비하인드,2025-11-23T11:00:02Z,733.0,False,1741,255.0,19.0
5842,UC2EeIV6pzZDIAgp8hV_MGew,Golden Child,F91V8sVOeqY,I가 부끄러움을 이겨내는 방법 #홍주찬 #HONGJOOCHAN,2025-11-23T11:10:40Z,23.0,True,2961,323.0,0.0
5842,UC2EeIV6pzZDIAgp8hV_MGew,Golden Child,V82WWtQSzdI,신청곡 받습니다📩 #홍주찬 #HONGJOOCHAN,2025-11-23T11:11:39Z,27.0,True,4044,353.0,1.0
5842,UC2EeIV6pzZDIAgp8hV_MGew,Golden Child,WI-ixAbFk9U,JANGJUN & JOOCHAN Winter Fanmeeting [WISH] ❄️,2025-12-02T09:00:51Z,6.0,True,6972,509.0,14.0
5842,UC2EeIV6pzZDIAgp8hV_MGew,Golden Child,6H419fFJSBw,골드니스 소원 모두 다 이루어질지니🧞‍♂️ | 'WISH' 포스터 비하인드❄️,2025-12-07T06:00:15Z,384.0,False,1525,224.0,13.0
5842,UC2EeIV6pzZDIAgp8hV_MGew,Golden Child,BfF404dOKRc,산타 장준이의 포인트🎅🏻 #GoldenChild #골든차일드,2025-12-07T06:03:14Z,22.0,True,3016,129.0,3.0
5842,UC2EeIV6pzZDIAgp8hV_MGew,Golden Child,33UmSndV8Xg,메리 크리스마스 to 골드니스🎄 #GoldenChild #골든차일드,2025-12-07T06:04:05Z,23.0,True,5293,523.0,3.0
5842,UC2EeIV6pzZDIAgp8hV_MGew,Golden Child,H9TcRZl1Pbs,장산타와 홍돌프🎅🏻🦌 #GoldenChild #골든차일드,2025-12-11T09:00:08Z,39.0,True,4656,545.0,8.0
5842,UC2EeIV6pzZDIAgp8hV_MGew,Golden Child,gNZGJxyKiRQ,[주찬LOG] 저는 바다에 대한 감흥이...🌊 부산에 간 주찬🦊,2025-12-11T11:00:06Z,492.0,False,2274,257.0,19.0
5842,UC2EeIV6pzZDIAgp8hV_MGew,Golden Child,SUTBgtW43gs,에그타르트 좋아🥚💛 #홍주찬 #HONGJOOCHAN,2025-12-11T11:02:07Z,59.0,True,3006,213.0,4.0
5842,UC2EeIV6pzZDIAgp8hV_MGew,Golden Child,iWeHKMqmXNE,해운대 다녀갑니다🌊 (골드니스❤️) #홍주찬 #HONGJOOCHAN,2025-12-11T11:03:09Z,29.0,True,3059,129.0,3.0
5842,UC2EeIV6pzZDIAgp8hV_MGew,Golden Child,5VPshRzdzI0,위대한 깨장찬🤵🏻‍♂️🤵🏻‍♂️ #GoldenChild #골든차일드,2025-12-12T09:00:13Z,22.0,True,4573,436.0,5.0
5842,UC2EeIV6pzZDIAgp8hV_MGew,Golden Child,VDoRHzImZCo,Try not to smile😷,2025-12-15T09:00:52Z,31.0,True,4332,321.0,6.0
5842,UC2EeIV6pzZDIAgp8hV_MGew,Golden Child,UtUzO9avm7c,All I Want for Christmas Is You🎄 #GoldenChild #골든차일드,2025-12-18T09:00:46Z,17.0,True,31493,1254.0,17.0
5842,UC2EeIV6pzZDIAgp8hV_MGew,Golden Child,Zw4dYsjdpe4,소원보따리 들고 퇴근🧞‍♂️,2025-12-22T09:01:03Z,12.0,True,11160,1084.0,11.0
5842,UC2EeIV6pzZDIAgp8hV_MGew,Golden Child,PsUpeDjy9q4,#힙합보단사랑사랑보단돈 #돈보단니스,2025-12-23T11:00:49Z,16.0,True,20728,756.0,10.0
5842,UC2EeIV6pzZDIAgp8hV_MGew,Golden Child,XWI_8lO_sck,🎅🎄🎁💝,2025-12-24T09:01:03Z,9.0,True,5402,636.0,6.0
5842,UC2EeIV6pzZDIAgp8hV_MGew,Golden Child,T5pavQYOqWU,😎😎,2025-12-26T09:00:53Z,14.0,True,6883,705.0,4.0
5842,UC2EeIV6pzZDIAgp8hV_MGew,Golden Child,LyjXHPa5HSI,저희의 소원은요.. 골드니스의 행복💗 | 'WISH' 팬미팅 비하인드❄️,2025-12-31T11:00:12Z,1091.0,False,2744,260.0,20.0
5842,UC2EeIV6pzZDIAgp8hV_MGew,Golden Child,s5XYecAxicc,아 뭐가 떨려 (파들파들) #GoldenChild #골든차일드,2025-12-31T11:02:34Z,38.0,True,4623,317.0,3.0
5842,UC2EeIV6pzZDIAgp8hV_MGew,Golden Child,FBXV35wuIhA,가수인데 무대 올라갔다가 제지당한 썰 푼다 #GoldenChild #골든차일드,2025-12-31T11:03:39Z,28.0,True,8503,498.0,4.0
5842,UC2EeIV6pzZDIAgp8hV_MGew,Golden Child,98stKmcSdiY,닭갈비에는 당연히 🐓을 넣어야지 #GoldenChild #골든차일드,2025-12-31T11:04:43Z,41.0,True,4329,226.0,2.0
5842,UC2EeIV6pzZDIAgp8hV_MGew,Golden Child,5ev0Y4c8RcY,애기야 가자!🐷 #GoldenChild #골든차일드,2025-12-31T11:05:49Z,42.0,True,4285,222.0,5.0
5842,UC2EeIV6pzZDIAgp8hV_MGew,Golden Child,6sqYHFcdfN8,love love love . . 🖤,2026-02-09T09:00:18Z,20.0,True,10536,907.0,14.0
5842,UC2EeIV6pzZDIAgp8hV_MGew,Golden Child,qvIp3hPKD0U,🐶,2026-02-14T10:01:16Z,11.0,True,6250,679.0,8.0
5842,UC2EeIV6pzZDIAgp8hV_MGew,Golden Child,9YaO7EIqaYI,가질 수가 없어도😞❌❌,2026-02-25T11:00:28Z,17.0,True,5761,570.0,11.0
5842,UC2EeIV6pzZDIAgp8hV_MGew,Golden Child,YJ11qs5nVzU,JJ is everywhere🥳,2026-03-03T11:00:49Z,9.0,True,6531,585.0,27.0
5842,UC2EeIV6pzZDIAgp8hV_MGew,Golden Child,ZIyejBl4fuY,하지마🙏🙏,2026-03-10T09:30:20Z,13.0,True,4027,307.0,6.0
5843,UCpRLkb38tHVxVHxQYdfPn3g,호북이,hFLaQdCkti8,찐따가 X스에 진심일 때 l 여자에 환장한 남자 EP. 38,2024-06-21T10:14:37Z,453.0,False,1166293,6051.0,1045.0
5843,UCpRLkb38tHVxVHxQYdfPn3g,호북이,kUtbRR_WK8U,그럼 X발 뭐하려고 만나는데?,2024-06-25T05:18:13Z,53.0,True,379529,2862.0,75.0
5843,UCpRLkb38tHVxVHxQYdfPn3g,호북이,JkGZjzvPCN0,그냥 하면 안 돼?,2024-06-25T11:02:25Z,52.0,True,125895,573.0,15.0
5843,UCpRLkb38tHVxVHxQYdfPn3g,호북이,gdBrk5ZTqy8,찐따의 연애 방식,2024-06-26T08:47:49Z,41.0,True,217919,1071.0,35.0
5843,UCpRLkb38tHVxVHxQYdfPn3g,호북이,H1tkBH5zo5s,X지만 박으면 넌 꼼짝도 못 해..!,2024-06-27T07:12:10Z,51.0,True,165358,763.0,23.0
5843,UCpRLkb38tHVxVHxQYdfPn3g,호북이,3mb76NvkvZM,얼른 하자..!,2024-06-27T07:12:40Z,60.0,True,331577,1937.0,84.0
5843,UCpRLkb38tHVxVHxQYdfPn3g,호북이,XQFxycDP-tI,이제 드디어 한다 X스..!,2024-06-28T05:18:15Z,58.0,True,5490914,51260.0,531.0
5843,UCpRLkb38tHVxVHxQYdfPn3g,호북이,ibC7LlUXCo0,영역전개 ㅂ징어주자,2024-06-29T03:19:46Z,57.0,True,428896,3134.0,281.0
5843,UCpRLkb38tHVxVHxQYdfPn3g,호북이,I1tW0FDsIy0,나 어쩌면 대단한 섹마인 걸까..?,2024-07-02T08:09:26Z,52.0,True,385609,3061.0,147.0
5843,UCpRLkb38tHVxVHxQYdfPn3g,호북이,ls9cwvO_4m4,찐따가 패닉에 빠지는 과정,2024-07-03T09:33:48Z,25.0,True,247072,1430.0,53.0
5843,UCpRLkb38tHVxVHxQYdfPn3g,호북이,ArqDdQ-0fhI,찐따의 멘탈이 찢길 때  l 여자에 환장한 남자 EP. 39,2024-07-13T07:41:31Z,487.0,False,821828,4024.0,1030.0
5843,UCpRLkb38tHVxVHxQYdfPn3g,호북이,BnjhqhBbv8I,찐따가 연애할 때 늘 조급한 이유,2024-07-24T08:28:36Z,55.0,True,109337,958.0,38.0
5843,UCpRLkb38tHVxVHxQYdfPn3g,호북이,KaAhfWjvgGY,여친이 약속을 미룰때 찐따가 좌절하는 이유,2024-07-25T08:37:09Z,59.0,True,66883,618.0,28.0
5843,UCpRLkb38tHVxVHxQYdfPn3g,호북이,rQrpx99x4N4,찐따의 망상이 무서운 이유,2024-07-27T05:26:58Z,52.0,True,73215,658.0,54.0
5843,UCpRLkb38tHVxVHxQYdfPn3g,호북이,KCBkq5VfUOE,찐따가 찐따일수 밖에 없는 이유 l 여자에 환장한 남자 EP. 40,2024-11-03T12:47:56Z,548.0,False,416148,2408.0,707.0
5843,UCpRLkb38tHVxVHxQYdfPn3g,호북이,kU4vt9bLDQs,찐따의 망상이 위험한 이유 l 여자에 환장한 남자 EP. 41,2024-12-16T12:53:24Z,538.0,False,410531,2489.0,505.0
5843,UCpRLkb38tHVxVHxQYdfPn3g,호북이,begcIJuQ5qI,인스타 활동중을 보면 안되는 이유,2024-12-17T09:04:51Z,59.0,True,38759,216.0,12.0
5843,UCpRLkb38tHVxVHxQYdfPn3g,호북이,KkV7sA4LWu8,찐따의 전화를 받지 않으면 생기는 일,2024-12-18T08:04:38Z,60.0,True,37149,187.0,9.0
5843,UCpRLkb38tHVxVHxQYdfPn3g,호북이,vsN1S4M5hz0,찐따가 뚱녀와 사랑을 할 수 있는 이유,2024-12-19T08:39:58Z,60.0,True,120070,777.0,28.0
5843,UCpRLkb38tHVxVHxQYdfPn3g,호북이,qxKM3WFvBv8,여자에 환장한 남자 첫 연애편 몰아보기,2024-12-30T11:01:05Z,8982.0,False,1102407,4487.0,450.0
5843,UCpRLkb38tHVxVHxQYdfPn3g,호북이,vkXZrapEZrg,찐따가 취기를 빌리는 이유 l 여자에 환장한 남자 EP. 42,2025-01-01T04:30:06Z,488.0,False,658908,3311.0,677.0
5843,UCpRLkb38tHVxVHxQYdfPn3g,호북이,iQBl0t_Sg3Y,술자리에 여자가 꼈을 때 찐따 특,2025-01-05T05:41:03Z,60.0,True,62079,522.0,16.0
5843,UCpRLkb38tHVxVHxQYdfPn3g,호북이,tW1htjzfqcI,안주 먹으려고 술자리 나오는 사람,2025-01-06T09:16:35Z,59.0,True,61767,546.0,29.0
5843,UCpRLkb38tHVxVHxQYdfPn3g,호북이,obyfqCv93Jk,여자를 맨정신에 먼저 만나야 하는 이유,2025-01-07T12:14:51Z,42.0,True,71746,639.0,43.0
5843,UCpRLkb38tHVxVHxQYdfPn3g,호북이,1DDq9AZgGK8,찐따의 욕구와 사랑 사이 l 여자에 환장한 남자 EP. 43,2025-02-01T05:17:22Z,511.0,False,521067,2868.0,539.0
5843,UCpRLkb38tHVxVHxQYdfPn3g,호북이,KpewA_PBpt4,쪽팔려 게임을 하면 안되는 이유,2025-02-05T09:24:39Z,58.0,True,93337,853.0,37.0
5843,UCpRLkb38tHVxVHxQYdfPn3g,호북이,UZj7n2xKhKk,남자의 굶주림이 무서운 이유,2025-02-06T08:41:05Z,60.0,True,181183,1112.0,19.0
5843,UCpRLkb38tHVxVHxQYdfPn3g,호북이,IhG4APW6Tf8,흔한 술자리 썸씽의 분위기,2025-02-07T07:02:59Z,53.0,True,51690,324.0,22.0
5843,UCpRLkb38tHVxVHxQYdfPn3g,호북이,2n2h9FEYoUw,찐따한테 못생긴 여자가 꼬였을 때,2025-02-08T06:50:00Z,59.0,True,78658,500.0,27.0
5843,UCpRLkb38tHVxVHxQYdfPn3g,호북이,xWgmYYHu1MQ,찐따가 못생긴 여자를 만날 때 l 여자에 환장한 남자 EP. 44,2025-02-28T10:01:15Z,523.0,False,525639,3061.0,803.0
5843,UCpRLkb38tHVxVHxQYdfPn3g,호북이,-XkgiPkeIH4,가능 불가능,2025-03-06T09:47:49Z,37.0,True,70689,500.0,13.0
5843,UCpRLkb38tHVxVHxQYdfPn3g,호북이,_nLfUdb2Oqs,오구 그래쬬용~?,2025-03-07T10:17:22Z,60.0,True,68009,654.0,37.0
5843,UCpRLkb38tHVxVHxQYdfPn3g,호북이,S5620X-nRyc,뭘 하려고 들지 말아라 좀,2025-03-10T10:50:16Z,32.0,True,56897,448.0,53.0
5843,UCpRLkb38tHVxVHxQYdfPn3g,호북이,PsimMcePAwo,찐따가 쪽팔린 여자랑 있을 때,2025-03-11T10:43:47Z,47.0,True,72146,535.0,30.0
5843,UCpRLkb38tHVxVHxQYdfPn3g,호북이,QcoXJfThue8,찐따가 쪽팔린 여자랑 같이 있을 때 l 여자에 환장한 남자 EP. 45,2025-05-05T04:00:38Z,490.0,False,437478,2648.0,599.0
5843,UCpRLkb38tHVxVHxQYdfPn3g,호북이,iGhoO7aL83M,쪽팔린 여자랑 있는데 일진을 마주쳤을 때,2025-05-09T10:35:42Z,58.0,True,88356,690.0,31.0
5843,UCpRLkb38tHVxVHxQYdfPn3g,호북이,y4CbT-ijIzQ,쪽팔린 여자랑 있는데 일진이 들어왔을 때,2025-05-10T07:37:53Z,55.0,True,120219,792.0,29.0
5843,UCpRLkb38tHVxVHxQYdfPn3g,호북이,lXrUF0j3LWg,어차피 넣으면 다 똑같은 구멍이다,2025-05-11T08:20:39Z,45.0,True,211309,1133.0,79.0
5843,UCpRLkb38tHVxVHxQYdfPn3g,호북이,lv7yuGY7j_g,남녀가 단 둘이 룸술집에 있을 때 l 여자에 환장한 남자 EP. 46,2025-06-15T04:00:30Z,520.0,False,481305,3060.0,1226.0
5843,UCpRLkb38tHVxVHxQYdfPn3g,호북이,2IZGASIfq40,못 뚫는 창 vs 다 뚫리는 방패 l 여자에 환장한 남자 EP. 47,2025-10-26T10:50:23Z,445.0,False,392985,2582.0,1444.0
5843,UCpRLkb38tHVxVHxQYdfPn3g,호북이,zty_6CS-uNY,그렇다면 먹어주지,2025-10-30T07:59:30Z,34.0,True,73705,480.0,38.0
5843,UCpRLkb38tHVxVHxQYdfPn3g,호북이,B8pFKoKfUkc,찐따가 여자를 옆에 앉히는 방법,2025-10-31T09:01:24Z,47.0,True,31183,185.0,14.0
5843,UCpRLkb38tHVxVHxQYdfPn3g,호북이,93Z58YpZDgE,찐따의 굶주림이 무서운 이유,2025-11-01T08:43:17Z,58.0,True,47361,369.0,78.0
5843,UCpRLkb38tHVxVHxQYdfPn3g,호북이,hKTH59gPfRQ,너 나 좋아해..?,2025-11-02T05:47:44Z,38.0,True,41714,216.0,12.0
5843,UCpRLkb38tHVxVHxQYdfPn3g,호북이,Pq6PsDKnm_0,X짓구녕만이라도 닦고 오라고 X년아!,2025-11-03T09:54:58Z,60.0,True,293556,2314.0,77.0
5843,UCpRLkb38tHVxVHxQYdfPn3g,호북이,fpgouE41YjU,현실 남녀의 모텔 속사정,2025-11-04T07:41:00Z,60.0,True,105656,613.0,64.0
5843,UCpRLkb38tHVxVHxQYdfPn3g,호북이,uanjDSg8dtg,찐따가 못생긴 여자로 뽕 뽑는 법 l 여자에 환장한 남자 EP. 48,2026-02-21T07:26:55Z,434.0,False,193580,1498.0,635.0
5843,UCpRLkb38tHVxVHxQYdfPn3g,호북이,6lXztVwQH4s,찐따의 첫 원나잇,2026-02-21T08:46:48Z,60.0,True,54732,308.0,55.0
5843,UCpRLkb38tHVxVHxQYdfPn3g,호북이,wOYPmsS5z7k,찐따가 처음 X까시 받을 때,2026-02-22T05:14:12Z,49.0,True,39427,221.0,36.0
5843,UCpRLkb38tHVxVHxQYdfPn3g,호북이,fy4M2zvFDxU,찐따가 각성하는 순간 l 여자에 환장한 남자 EP. 49,2026-03-23T11:58:36Z,538.0,False,259373,1917.0,545.0
5844,UCDoNR057xP_CTmIMjxzUuaA,집밥 종갓집 며느리,NTRHuNRbi6M,"리큅 스테인 식품 건조기 딱 1주일 국내 최저가 공동구매 건조에서 발효,청국장까지 가능해요",2025-08-17T23:00:21Z,624.0,False,20056,636.0,430.0
5844,UCDoNR057xP_CTmIMjxzUuaA,집밥 종갓집 며느리,kXz_lZrZpsc,2025년 8월 22일,2025-08-22T10:18:42Z,58.0,True,3577,64.0,11.0
5844,UCDoNR057xP_CTmIMjxzUuaA,집밥 종갓집 며느리,L8zWh_XzMdw,판매하라는 고추 삭히기 삭힌 고추 양념에 이것 넣으면 더 맛있어요,2025-08-25T11:00:40Z,526.0,False,32737,997.0,126.0
5844,UCDoNR057xP_CTmIMjxzUuaA,집밥 종갓집 며느리,OW69qBcH-6w,삭힌 깻잎 장아찌 김치 소문난 맛 1년이 든든한 밑반찬,2025-09-01T11:00:46Z,450.0,False,21059,699.0,92.0
5844,UCDoNR057xP_CTmIMjxzUuaA,집밥 종갓집 며느리,f36kaCDVeek,명절 음식 소갈비찜 편하게 압력솥으로 하면 수입 소고기가 한우 같이 연해요,2025-09-08T11:01:07Z,398.0,False,9060,412.0,35.0
5844,UCDoNR057xP_CTmIMjxzUuaA,집밥 종갓집 며느리,bQUa2eFjNRU,추석 명절 특가 쿠자 웍냄비 찜기 2차 공동 구매  최고 57%,2025-09-14T23:00:40Z,598.0,False,9300,247.0,127.0
5844,UCDoNR057xP_CTmIMjxzUuaA,집밥 종갓집 며느리,4dvu58mJch0,명절에 모두가 칭찬하는 알배추 물김치,2025-09-22T11:00:10Z,406.0,False,39142,721.0,49.0
5844,UCDoNR057xP_CTmIMjxzUuaA,집밥 종갓집 며느리,1YkoVk8ihhs,명절 반찬 오징어 초무침 기름진 맛을 잡아주기 딱 좋아요,2025-09-29T11:00:08Z,264.0,False,46826,983.0,44.0
5844,UCDoNR057xP_CTmIMjxzUuaA,집밥 종갓집 며느리,OaNdf987qcQ,혈당 관리에 좋은 도토리묵 무침 만들기 쉬워요,2025-10-06T11:00:47Z,323.0,False,5838,297.0,27.0
5844,UCDoNR057xP_CTmIMjxzUuaA,집밥 종갓집 며느리,YaGYpKIITqk,"[마감]김장철 새우젓,젓갈 ,한식육수 공동구매 푸짐한 이벤트 선물도 있어요!",2025-10-12T23:00:37Z,677.0,False,32684,925.0,1864.0
5844,UCDoNR057xP_CTmIMjxzUuaA,집밥 종갓집 며느리,zt4CY7vXFyA,"새우젓,젓갈,한식육수 공동구매 최고73%할인 #새우젓#공동구매",2025-10-19T11:41:58Z,55.0,True,5488,85.0,42.0
5844,UCDoNR057xP_CTmIMjxzUuaA,집밥 종갓집 며느리,PXznQpBm8jo,쪽파김치 맛있다고 칭찬 받는 이유,2025-10-20T11:00:43Z,273.0,False,16143,557.0,64.0
5844,UCDoNR057xP_CTmIMjxzUuaA,집밥 종갓집 며느리,EFwyqc8VSk8,"혈당 잡는 생강청,초절임,생강술,생강차 1년이 든든해요",2025-10-24T11:00:34Z,639.0,False,79565,2013.0,245.0
5844,UCDoNR057xP_CTmIMjxzUuaA,집밥 종갓집 며느리,FRERdb6TSdQ,절임배추 20kg 김장 김치 정확한 레시피 시원한 김치 맛 비결,2025-10-27T11:00:33Z,406.0,False,60245,1026.0,220.0
5844,UCDoNR057xP_CTmIMjxzUuaA,집밥 종갓집 며느리,aJs2q17kLew,노화를 늦추는 갓김치 맛을 좌우하는 젓갈이 중요해요,2025-11-03T11:00:05Z,276.0,False,10660,484.0,71.0
5844,UCDoNR057xP_CTmIMjxzUuaA,집밥 종갓집 며느리,sJimgDiOU3c,소문난 무김치 깍두기 보다 더 맛있는 비결,2025-11-10T11:01:43Z,272.0,False,17659,585.0,70.0
5844,UCDoNR057xP_CTmIMjxzUuaA,집밥 종갓집 며느리,s-KGxGbumbw,집에서 참깨 들깨 기름 짜고 나온 깻묵 이렇게 먹으니 너무 좋아요,2025-11-14T11:01:56Z,300.0,False,3584,181.0,43.0
5844,UCDoNR057xP_CTmIMjxzUuaA,집밥 종갓집 며느리,Mb3JZ8UjDFQ,[마감]리큅 오일 프레소 채유기 공동 구매 국내 최저가 40% 할인 이제는 집에서 직접 짜 먹어요,2025-11-16T23:00:33Z,584.0,False,42615,996.0,386.0
5844,UCDoNR057xP_CTmIMjxzUuaA,집밥 종갓집 며느리,jMdjosvc4ds,혈당을 지켜주는 귀리 누릉지죽 정말 신기해요,2025-11-24T11:01:33Z,320.0,False,5308,297.0,33.0
5844,UCDoNR057xP_CTmIMjxzUuaA,집밥 종갓집 며느리,y3K4HfF6FrY,[마감]2차 공동구매 국내 최저가 리큅 스테인 식품건조기 건조에서 쌀누룩 /청국장 발효까지 걱정 없어요,2025-11-25T23:01:19Z,620.0,False,13545,393.0,270.0
5844,UCDoNR057xP_CTmIMjxzUuaA,집밥 종갓집 며느리,vqVAmxgrX4w,리큅 스테인 10단 식품 건조기 공동구매 딱 일주일간 국내최저가,2025-11-25T23:03:06Z,58.0,True,2521,37.0,23.0
5844,UCDoNR057xP_CTmIMjxzUuaA,집밥 종갓집 며느리,M6L__VRHbDM,남편이 칭찬하는 어리 굴젓 맛있게 담는 비법,2025-12-01T11:00:51Z,381.0,False,86695,1387.0,145.0
5844,UCDoNR057xP_CTmIMjxzUuaA,집밥 종갓집 며느리,E7DVudahgSA,호박 조청 연세가 있으신 분들께 좋아요,2025-12-08T11:00:22Z,512.0,False,14069,583.0,81.0
5844,UCDoNR057xP_CTmIMjxzUuaA,집밥 종갓집 며느리,DpVPbXW_nAA,우유 같은 사골 국물 곰탕 끓이는 비법 어르신들 고기 드시는 방법,2025-12-12T11:00:27Z,681.0,False,30551,847.0,105.0
5844,UCDoNR057xP_CTmIMjxzUuaA,집밥 종갓집 며느리,gGEA1oKRSg0,[마감]국내 최저가 10만원 이하 곰솥 공동구매 라씨에뜨 통3중 국내생산 10리터/28cm 12리터/30cm,2025-12-14T23:00:55Z,616.0,False,7357,243.0,266.0
5844,UCDoNR057xP_CTmIMjxzUuaA,집밥 종갓집 며느리,4LNqiPKsZnE,라시에뜨 곰솥 공동구매 국내최저가 최고 39% 할인 준비한 수량 소진되면 마감해요 #사골 #감자탕 #곰솥 #공동구매,2025-12-14T23:27:37Z,61.0,False,2759,46.0,7.0
5844,UCDoNR057xP_CTmIMjxzUuaA,집밥 종갓집 며느리,sz4o8wnB3x4,갈치 조림 맛이 나는 무조림 맛있다고 난리네요,2025-12-22T11:01:52Z,237.0,False,3852,234.0,20.0
5844,UCDoNR057xP_CTmIMjxzUuaA,집밥 종갓집 며느리,2UFJa4AkRz0,고추 부각 만들기 양념 무침 튀기지 마세요,2025-12-29T11:00:05Z,402.0,False,7273,291.0,39.0
5844,UCDoNR057xP_CTmIMjxzUuaA,집밥 종갓집 며느리,hXRqCKPTZW8,집에서 간편한 순두부 만들기 입에서 살살 녹아요,2026-01-05T11:01:28Z,487.0,False,6234,334.0,45.0
5844,UCDoNR057xP_CTmIMjxzUuaA,집밥 종갓집 며느리,qB1AZzCkDNk,톡 쏘는 동치미 물김치 단시간에 맛 내는 비법,2026-01-12T11:01:38Z,389.0,False,18034,680.0,49.0
5844,UCDoNR057xP_CTmIMjxzUuaA,집밥 종갓집 며느리,nUV-HXJnT84,근력 없는 어르신들 꼭 드셔야 하는 황태 국 끓이기,2026-01-19T11:01:34Z,314.0,False,8497,426.0,36.0
5844,UCDoNR057xP_CTmIMjxzUuaA,집밥 종갓집 며느리,T68NS9VmIFY,기름진 명절 음식에 최고 인기 있는 대파 육개장,2026-01-23T11:01:01Z,297.0,False,8419,438.0,34.0
5844,UCDoNR057xP_CTmIMjxzUuaA,집밥 종갓집 며느리,E1yL7cKDAz8,[마감]알텐바흐 저압냄비 명절 이벤트 50%할인 공구 명절 음식 편하게 하세요 [4월 22일 2차 진행 예정],2026-01-27T23:00:30Z,714.0,False,50951,1034.0,1295.0
5844,UCDoNR057xP_CTmIMjxzUuaA,집밥 종갓집 며느리,vbgTmt12ICY,명절음식 맛있는 동그랑땡 반찬하기 딱 좋아요,2026-02-02T11:01:41Z,267.0,False,5751,337.0,15.0
5844,UCDoNR057xP_CTmIMjxzUuaA,집밥 종갓집 며느리,I7SzgJV-otI,명절음식 맛있는 약밥 간편하게 만들기 식어도 쫀득해요,2026-02-09T11:00:26Z,406.0,False,10837,383.0,56.0
5844,UCDoNR057xP_CTmIMjxzUuaA,집밥 종갓집 며느리,L8sZqX8p-_4,[명절음식] 극찬하는 불고기 양념 수입 불고기라고 말해도 안 믿어요,2026-02-14T13:15:03Z,380.0,False,7176,306.0,27.0
5844,UCDoNR057xP_CTmIMjxzUuaA,집밥 종갓집 며느리,7Swz3ZEq-QI,[마감]리큅 오일프레소 채유기 가격 인상전 마지막 2차 공동구매  국내 최저가 40%할인 집에서 직접 짜 먹어요,2026-02-22T23:00:08Z,578.0,False,21359,654.0,154.0
5844,UCDoNR057xP_CTmIMjxzUuaA,집밥 종갓집 며느리,kPacrd4P6Fk,아파트에서 정월장 담는법 소금과 물의 황금비율,2026-03-02T11:01:16Z,320.0,False,7843,273.0,24.0
5844,UCDoNR057xP_CTmIMjxzUuaA,집밥 종갓집 며느리,IRWE-dcECQc,"[마감]신안어담 새우젓,한식육수,분말육수,탁젓 공동구매 최고75%할인 이벤트 상품도 있어요",2026-03-08T23:00:18Z,661.0,False,7368,315.0,352.0
5844,UCDoNR057xP_CTmIMjxzUuaA,집밥 종갓집 며느리,SiOi4l1zKQ0,극찬하는 무말랭이 김치 1년 두고 먹어도 맛있어요,2026-03-16T11:00:57Z,365.0,False,19506,812.0,73.0
5844,UCDoNR057xP_CTmIMjxzUuaA,집밥 종갓집 며느리,00UQihYI8X8,쌀누룩 열무김치 맛이 기가 막히는 유산균 김치,2026-03-23T11:00:03Z,463.0,False,17356,581.0,65.0
5844,UCDoNR057xP_CTmIMjxzUuaA,집밥 종갓집 며느리,kclBBX7mMgI,"혈관 건강에 좋은 부추 김치,겉절이 콩가루 무침 반찬 가족들이 좋아해요",2026-03-30T11:00:00Z,421.0,False,11996,478.0,45.0
5844,UCDoNR057xP_CTmIMjxzUuaA,집밥 종갓집 며느리,HhIEWTvZWkQ,마늘쫑 장아찌 1년 밑반찬 질기지 않고 아삭한 비결,2026-04-06T11:00:23Z,338.0,False,28212,786.0,73.0
5844,UCDoNR057xP_CTmIMjxzUuaA,집밥 종갓집 며느리,veYax5v4YBM,암세포를 억제한다는 명이나물김치 맛있다고 판매하라고 난리네요,2026-04-10T11:01:37Z,458.0,False,38232,976.0,134.0
5844,UCDoNR057xP_CTmIMjxzUuaA,집밥 종갓집 며느리,edmgdCJJ4O4,성인병에 좋은 쑥인절미 찰떡 식사 대용으로 좋아요,2026-04-13T11:01:06Z,344.0,False,10552,376.0,54.0
5844,UCDoNR057xP_CTmIMjxzUuaA,집밥 종갓집 며느리,NfF-CN1jewU,혈당 수치를 줄여주는 오이 반찬 샐러드 다이어트에도 좋아요,2026-04-20T11:00:40Z,235.0,False,9047,350.0,31.0
5844,UCDoNR057xP_CTmIMjxzUuaA,집밥 종갓집 며느리,iCVVvJTgxZc,[마감]1차 반응 폭발했던 알텐바흐 저압냄비 2차 공구 오픈해요,2026-04-21T23:00:48Z,711.0,False,15952,444.0,202.0
5844,UCDoNR057xP_CTmIMjxzUuaA,집밥 종갓집 며느리,TmuhSl5TyFw,아파트에서 전통 정월장 간장 거르기 된장에 이거 섞어 놓으면 장맛이 달라요,2026-04-27T11:00:59Z,462.0,False,14254,397.0,37.0
5844,UCDoNR057xP_CTmIMjxzUuaA,집밥 종갓집 며느리,TGuvgb9RzUQ,혈압에 좋은 부추 먹는 방법 이렇게 많이 저장 해놓고 드세요,2026-05-04T11:00:48Z,513.0,False,37897,1373.0,156.0
5844,UCDoNR057xP_CTmIMjxzUuaA,집밥 종갓집 며느리,LbiWXSch2UY,더위 날려주는 상추 물 김치 가족들이 다른 물김치 안먹어요,2026-05-11T11:00:36Z,398.0,False,7479,411.0,41.0
5845,UCZqc8nSj23NniJUATtVPY1g,서정아의 건강밥상 SweetPeaPot,LFtfjxsY5-c,"당근은 이렇게 드셔 보세요. 달달하고 부드럽게, 언제든 쉽게 챙길 수 있어요!",2025-09-23T11:00:47Z,60.0,True,32093,586.0,21.0
5845,UCZqc8nSj23NniJUATtVPY1g,서정아의 건강밥상 SweetPeaPot,LzTuk61tnzw,5분 완성 양배추 샐러드! 이거 하나만 추가해 보세요. 당뇨에도 식전 채소 접시로도 너무 좋아요!,2025-09-24T11:00:43Z,58.0,True,34584,664.0,15.0
5845,UCZqc8nSj23NniJUATtVPY1g,서정아의 건강밥상 SweetPeaPot,RE1071Qj3lM,세상에서 제일 간단한 김치,2025-09-29T11:00:47Z,51.0,True,20422,325.0,16.0
5845,UCZqc8nSj23NniJUATtVPY1g,서정아의 건강밥상 SweetPeaPot,vQI88pMk2u8,부드럽고 달큰한 무 전. 밀가루 없이 부치세요~! 무 반 개가 순식간에 사라져요!,2025-09-30T11:01:47Z,61.0,False,27418,465.0,15.0
5845,UCZqc8nSj23NniJUATtVPY1g,서정아의 건강밥상 SweetPeaPot,z9Tkx1vlOKA,양배추 샤브샤브샤브 샵,2025-10-01T10:56:10Z,58.0,True,36389,568.0,11.0
5845,UCZqc8nSj23NniJUATtVPY1g,서정아의 건강밥상 SweetPeaPot,QhlSsos7rbw,겉은 바삭! 속은 촉촉! 완벽한 쌀피 장만두,2025-10-06T11:00:54Z,59.0,True,26091,446.0,5.0
5845,UCZqc8nSj23NniJUATtVPY1g,서정아의 건강밥상 SweetPeaPot,h46gWxTUaX0,3분 완성! 상큼폭발 토마토 샐러드 🤤,2025-10-07T11:01:12Z,55.0,True,14245,392.0,5.0
5845,UCZqc8nSj23NniJUATtVPY1g,서정아의 건강밥상 SweetPeaPot,gcImimRFTtI,"NO! 오븐, 팬에 굽는 담백한 보리빵 레시피",2025-10-08T11:01:13Z,60.0,True,26703,305.0,11.0
5845,UCZqc8nSj23NniJUATtVPY1g,서정아의 건강밥상 SweetPeaPot,hyoIoUEjIk4,"고급 레스토랑 감성, 집에서 만드는 구운 토마토 스프",2025-10-20T11:01:16Z,59.0,True,26888,402.0,2.0
5845,UCZqc8nSj23NniJUATtVPY1g,서정아의 건강밥상 SweetPeaPot,vp7DC3Z97Io,"올리브오일 대신, 들기름으로 완성한 고소한 샐러드✨",2025-10-21T11:01:45Z,57.0,True,19350,345.0,4.0
5845,UCZqc8nSj23NniJUATtVPY1g,서정아의 건강밥상 SweetPeaPot,jsLOOZtb3Rs,"고소함이 폭발하는 캐슈 미역국, 이게 가능해?",2025-10-22T11:01:29Z,58.0,True,21378,417.0,8.0
5845,UCZqc8nSj23NniJUATtVPY1g,서정아의 건강밥상 SweetPeaPot,5DLMWXAxymY,"라이스페이퍼 납작만두, 양배추쌈으로 싸먹으면 이 맛!",2025-10-27T11:00:08Z,59.0,True,22308,300.0,0.0
5845,UCZqc8nSj23NniJUATtVPY1g,서정아의 건강밥상 SweetPeaPot,7QPZBFvZeIw,면역력 업! 노란빛 강황 양배추 볶음밥🍚,2025-10-28T11:00:17Z,60.0,True,20044,436.0,11.0
5845,UCZqc8nSj23NniJUATtVPY1g,서정아의 건강밥상 SweetPeaPot,Jf0uhoM7ggI,뱃살 걱정 끝! 포만감 가득 양배추 두부롤,2025-10-29T11:00:50Z,60.0,True,27255,512.0,3.0
5845,UCZqc8nSj23NniJUATtVPY1g,서정아의 건강밥상 SweetPeaPot,OXmIXIlfkIg,고기 NO! 파근한 감자+진한 들깨국물의 감자탕 레시피,2025-11-10T11:00:46Z,250.0,False,13546,804.0,22.0
5845,UCZqc8nSj23NniJUATtVPY1g,서정아의 건강밥상 SweetPeaPot,ZDkZEZ2TSK8,숙주·콩·김치의 황금조합이예요. 면역력 쑥쑥 올리는 초간단 전 레시피!,2025-11-13T11:01:07Z,61.0,False,6117,352.0,9.0
5845,UCZqc8nSj23NniJUATtVPY1g,서정아의 건강밥상 SweetPeaPot,hG1rKjpOEno,가벼운데 맛있다! 라이스페이퍼 양배추 김말이 레시피,2025-11-24T11:01:20Z,60.0,True,25940,525.0,12.0
5845,UCZqc8nSj23NniJUATtVPY1g,서정아의 건강밥상 SweetPeaPot,V44yhR6prxs,장 건강을 위한 10초 레시피: 양배추 볶음,2025-11-25T11:00:59Z,58.0,True,20392,399.0,4.0
5845,UCZqc8nSj23NniJUATtVPY1g,서정아의 건강밥상 SweetPeaPot,vqEr0x86nIY,따끈~고소~ 쌀 수제비 임자탕 한 그릇,2025-11-27T11:02:00Z,59.0,True,23007,378.0,17.0
5845,UCZqc8nSj23NniJUATtVPY1g,서정아의 건강밥상 SweetPeaPot,TAIC9ECprng,칼로리 걱정 NO! 초간단 상큼 샐러드,2025-12-01T11:00:54Z,60.0,True,15916,315.0,5.0
5845,UCZqc8nSj23NniJUATtVPY1g,서정아의 건강밥상 SweetPeaPot,l-3VZCFAmVA,스테이크 아니예요. 혈관을 깨끗하게 하는 샐러드랍니다,2025-12-02T11:01:37Z,59.0,True,20329,338.0,6.0
5845,UCZqc8nSj23NniJUATtVPY1g,서정아의 건강밥상 SweetPeaPot,pEWGt7sm8so,감칠맛 한 가득! 쉽고 맛있는 버섯 냄비밥 레시피,2025-12-03T11:01:55Z,60.0,True,16586,315.0,2.0
5845,UCZqc8nSj23NniJUATtVPY1g,서정아의 건강밥상 SweetPeaPot,otOHNGKSDlM,야들야들하고 쫀득쫀득한 묵은지 메밀전,2025-12-08T11:01:43Z,60.0,True,22705,414.0,4.0
5845,UCZqc8nSj23NniJUATtVPY1g,서정아의 건강밥상 SweetPeaPot,ihxz6zATkq4,따끈따끈 겨울 필수템! 감기에 좋은 생강청 레시피,2025-12-09T11:01:22Z,359.0,False,7736,276.0,100.0
5845,UCZqc8nSj23NniJUATtVPY1g,서정아의 건강밥상 SweetPeaPot,aK7eEChJKbs,달달고소 고구마와 케일의 완벽 조합! 겨울 샐러드,2025-12-11T11:00:02Z,60.0,True,16561,287.0,12.0
5845,UCZqc8nSj23NniJUATtVPY1g,서정아의 건강밥상 SweetPeaPot,LPX0jVvk7Ak,"항산화 가득, 피부 밝아지는 파스타",2025-12-17T11:00:00Z,60.0,True,18097,355.0,2.0
5845,UCZqc8nSj23NniJUATtVPY1g,서정아의 건강밥상 SweetPeaPot,vinM_2AdwlU,"아삭+포슬 환상 조합, 코니숑 알감자 샐러드",2025-12-18T11:00:00Z,60.0,True,18583,370.0,5.0
5845,UCZqc8nSj23NniJUATtVPY1g,서정아의 건강밥상 SweetPeaPot,amgUPbEYL-Y,"심플하지만 확실한 맛, 두부 아보카도장",2025-12-22T11:00:07Z,58.0,True,40382,797.0,11.0
5845,UCZqc8nSj23NniJUATtVPY1g,서정아의 건강밥상 SweetPeaPot,_QGX6HWsJio,"가볍지만 영양은 꽉 찬 한 접시, 브로콜리 땅콩 웜 샐러드",2025-12-23T11:01:10Z,61.0,False,24252,468.0,9.0
5845,UCZqc8nSj23NniJUATtVPY1g,서정아의 건강밥상 SweetPeaPot,zU8oirLEgNA,호두의 숨겨진 효능과 초간단 레시피 2가지!,2025-12-29T11:01:47Z,312.0,False,11249,541.0,29.0
5845,UCZqc8nSj23NniJUATtVPY1g,서정아의 건강밥상 SweetPeaPot,1l6PRYFvFp0,"한 숟갈에 사르르, 겨울 힐링 순두부 들깨탕",2026-01-05T11:00:05Z,261.0,False,14195,460.0,22.0
5845,UCZqc8nSj23NniJUATtVPY1g,서정아의 건강밥상 SweetPeaPot,BcHk92LwxI8,"쌀쌀한 날, 마음까지 데워주는 겨울 옹심이",2026-01-07T11:00:16Z,447.0,False,7017,497.0,35.0
5845,UCZqc8nSj23NniJUATtVPY1g,서정아의 건강밥상 SweetPeaPot,KBih52RpT4s,건강함을 쪄 보세요! 사색 통밀 찐빵,2026-01-12T11:00:29Z,513.0,False,9076,476.0,13.0
5845,UCZqc8nSj23NniJUATtVPY1g,서정아의 건강밥상 SweetPeaPot,aOohO5dLg9I,우유·크림 없이도 이렇게 부드럽다! 건강한 당근스프 레시피,2026-01-14T11:00:06Z,349.0,False,15244,472.0,19.0
5845,UCZqc8nSj23NniJUATtVPY1g,서정아의 건강밥상 SweetPeaPot,9WyH9gjaqJk,건강하고 맛있는 반찬 3가지｜에어프라이어로 간단하게 만들어요!,2026-01-20T11:00:00Z,379.0,False,13532,485.0,35.0
5845,UCZqc8nSj23NniJUATtVPY1g,서정아의 건강밥상 SweetPeaPot,hq6FkyZK7OI,찬바람 불 때 생각나는 뜨끈한 유부주머니탕 한 그릇,2026-01-26T11:00:00Z,217.0,False,7623,319.0,9.0
5845,UCZqc8nSj23NniJUATtVPY1g,서정아의 건강밥상 SweetPeaPot,TZ5uqUiJ5uU,밀가루 없이 만드는 건강 파전,2026-01-28T11:00:00Z,152.0,False,12203,456.0,15.0
5845,UCZqc8nSj23NniJUATtVPY1g,서정아의 건강밥상 SweetPeaPot,Uxto1A9J3zY,밀가루 zero! 쌀피로 만드는 건강 만두 3가지 레시피,2026-02-03T11:00:00Z,487.0,False,12670,607.0,22.0
5845,UCZqc8nSj23NniJUATtVPY1g,서정아의 건강밥상 SweetPeaPot,H3Dvrb-PBAc,고소함 폭발! 꿀에 콕 찍으면 꿀맛인 쫄깃쫄깃 감자떡,2026-02-05T11:00:00Z,80.0,False,9881,390.0,10.0
5845,UCZqc8nSj23NniJUATtVPY1g,서정아의 건강밥상 SweetPeaPot,_6hahG1YKnw,아무 생각 없이 볶아도 건강해지는 냉동 야채 밀프렙!,2026-02-09T11:00:00Z,395.0,False,18519,565.0,36.0
5845,UCZqc8nSj23NniJUATtVPY1g,서정아의 건강밥상 SweetPeaPot,GtxrQy7OFjE,통밀가루가 이렇게 맛있다고? 밥 대신 먹는 색다른 통밀빵 3가지,2026-02-17T11:00:00Z,1064.0,False,15655,462.0,34.0
5845,UCZqc8nSj23NniJUATtVPY1g,서정아의 건강밥상 SweetPeaPot,LGeWwTtxHPY,오늘 저녁은 이 한 그릇이면 끝! 단백질·채소·통곡물 완벽 균형식,2026-02-19T11:00:00Z,129.0,False,15007,681.0,19.0
5845,UCZqc8nSj23NniJUATtVPY1g,서정아의 건강밥상 SweetPeaPot,WPfyDeRyYlU,🍖 진짜 갈비인 줄 알았죠? 콩고기입니다. [콩고기 영상 모음],2026-02-25T11:00:00Z,636.0,False,3609,171.0,13.0
5845,UCZqc8nSj23NniJUATtVPY1g,서정아의 건강밥상 SweetPeaPot,XmiwTObVh84,토마토 슈퍼푸드 3가지 활용법 | 썬드라이드·마리네이드·토마토 고추장 [영상모음],2026-03-05T11:00:00Z,480.0,False,11403,518.0,18.0
5845,UCZqc8nSj23NniJUATtVPY1g,서정아의 건강밥상 SweetPeaPot,4hEhOfm0bck,2분이면 완성! 두부로 만든 요거트 그리고 초간단 디저트  두 가지 (스무디·컵케이크),2026-03-17T11:00:00Z,390.0,False,10942,644.0,10.0
5845,UCZqc8nSj23NniJUATtVPY1g,서정아의 건강밥상 SweetPeaPot,wNCAkH8JqXY,끓이지 마세요! 저혈당 비건 장아찌 3종과 50일 채소 보관법,2026-03-24T11:00:00Z,379.0,False,16697,426.0,24.0
5845,UCZqc8nSj23NniJUATtVPY1g,서정아의 건강밥상 SweetPeaPot,XGp2cywuSP4,집에 있는 파스타면으로 중식 느낌 제대로 냈습니다,2026-04-02T11:00:00Z,198.0,False,8229,400.0,11.0
5845,UCZqc8nSj23NniJUATtVPY1g,서정아의 건강밥상 SweetPeaPot,8d8IEq6FWL4,비타민 가득 파프리카와 함께 무친 오이 무침,2026-05-07T11:00:00Z,80.0,False,16866,377.0,7.0
5845,UCZqc8nSj23NniJUATtVPY1g,서정아의 건강밥상 SweetPeaPot,fdRH67DBlBc,바삭쫀득! 라이스페이퍼 양배추전,2026-05-12T11:00:06Z,122.0,False,46210,987.0,13.0
5845,UCZqc8nSj23NniJUATtVPY1g,서정아의 건강밥상 SweetPeaPot,1pyRChtg0cM,아침이 기다려지는 말차 오버나이트 오트,2026-05-14T11:00:02Z,74.0,False,13440,336.0,6.0
5846,UCW67yGQxNNMnLqRHyaTjygA,Hong's MakeuPlay 홍이모,o--VUaBaefw,‼️요즘 많이 보이는 제품✏️멀티펜슬 하나로 쉽고 빠른 메이크업 알려드릴게요~ #kbeauty #홍이모 #멀티유즈,2026-02-01T10:01:07Z,44.0,True,104234,913.0,27.0
5846,UCW67yGQxNNMnLqRHyaTjygA,Hong's MakeuPlay 홍이모,FAMxJnOiTAE,‼️지속력도 있고 간편한데 가성비까지 챙긴 스틱 섀도우 BEST 3✨ #kbeauty #홍이모 #섀도우추천,2026-02-04T10:00:21Z,58.0,True,65321,638.0,7.0
5846,UCW67yGQxNNMnLqRHyaTjygA,Hong's MakeuPlay 홍이모,X279XuSei_A,"도쿄에서의 바쁜 일상 ✨ | tokyo vlog (화장품박람회,빈티지쇼핑, 긴자,오모테산도,다이칸야마 맛집)",2026-02-06T13:00:56Z,3120.0,False,48290,1339.0,297.0
5846,UCW67yGQxNNMnLqRHyaTjygA,Hong's MakeuPlay 홍이모,oVGo15NIxIc,Beautiful...? #kbeauty #홍이모 #pov,2026-02-08T10:01:15Z,43.0,True,87411,983.0,167.0
5846,UCW67yGQxNNMnLqRHyaTjygA,Hong's MakeuPlay 홍이모,HISw97_EgPI,"‼️뻔한 거 말고‼️ ""요즘 일본 화장품 쇼핑 LIST""💗드럭스토어&백화점까쥐✨",2026-02-10T10:15:01Z,1291.0,False,71287,1288.0,138.0
5846,UCW67yGQxNNMnLqRHyaTjygA,Hong's MakeuPlay 홍이모,jnqoad40E98,"‼️지속력, 발색력 좋은 칙칙한 눈 밝혀주는 백화점 스틱 섀도우✨ #kbeauty #홍이모 #섀도우추천",2026-02-11T10:01:00Z,55.0,True,119240,912.0,32.0
5846,UCW67yGQxNNMnLqRHyaTjygA,Hong's MakeuPlay 홍이모,YFS6c2pTYWM,‼️쿠션이나 파운데이션이 답답하신 분들은 이 영상을 보세요✨ 파데프리+자외선 차단제 합쳐진 비비크림 BEST 4 | 모공 삭제 | 악건성 | 민감성 | 촉촉보송,2026-02-13T13:01:03Z,720.0,False,227511,3428.0,210.0
5846,UCW67yGQxNNMnLqRHyaTjygA,Hong's MakeuPlay 홍이모,fbJcl5OZ6u4,브러쉬 없이 가능한‼️쉬운 아이 메이크업 #makeuptutorial,2026-02-15T10:01:01Z,36.0,True,94661,815.0,24.0
5846,UCW67yGQxNNMnLqRHyaTjygA,Hong's MakeuPlay 홍이모,WBxf0U886ZE,✨파데프리 끝판왕 쌩얼 크림 BEST 4‼️ #kbeauty #홍이모 #파데프리,2026-02-18T10:00:45Z,61.0,False,445064,2943.0,43.0
5846,UCW67yGQxNNMnLqRHyaTjygA,Hong's MakeuPlay 홍이모,H4nW3M4-kxc,‼️기미잡티 적나라하게보여요‼️4050 다르게 화장해야하는 이유✅ 눈가칙칙커버|입가칙칙커버|주름커버|쿠션지속력,2026-02-20T13:00:37Z,603.0,False,106449,2602.0,189.0
5846,UCW67yGQxNNMnLqRHyaTjygA,Hong's MakeuPlay 홍이모,505H9l2d6pM,🩷올 봄 이렇게 메이크업 해보세요🩷 #blush,2026-02-22T10:00:05Z,38.0,True,53250,579.0,23.0
5846,UCW67yGQxNNMnLqRHyaTjygA,Hong's MakeuPlay 홍이모,xDf4nqEVR8M,‼️이유있는‼️ 프로 메이크업 아티스트가 리뷰한 구독자 인생템💗 애교살진심 | 착색틴트추천 | 마스카라추천,2026-02-24T10:00:14Z,1000.0,False,123279,2498.0,237.0
5846,UCW67yGQxNNMnLqRHyaTjygA,Hong's MakeuPlay 홍이모,3wkn_t19LXE,‼️4050 컨실러 위치는 바로 여기예요‼️ 바로 적용할 수 있는 눈가 칙칙 커버✨ #kbeauty #홍이모 #4050메이크업,2026-02-25T10:00:10Z,47.0,True,138884,1148.0,16.0
5846,UCW67yGQxNNMnLqRHyaTjygA,Hong's MakeuPlay 홍이모,uRJR__tEFuE,"5060 칙칙한 안색 밝혀주는✨고급진 꾸안꾸 메이크업 튜토리얼(눈가착색커버,혈색블러셔추천,립라이너추천)",2026-02-27T13:01:43Z,1590.0,False,199649,3319.0,405.0
5846,UCW67yGQxNNMnLqRHyaTjygA,Hong's MakeuPlay 홍이모,QpW1cToI9_s,🌸봄봄봄 봄이 왔어요~ 따뜻한 요즘 바르기 좋은 봄 립 BEST 4🌸  #kbeauty #홍이모 #봄립추천,2026-03-01T10:00:30Z,58.0,True,140877,1621.0,45.0
5846,UCW67yGQxNNMnLqRHyaTjygA,Hong's MakeuPlay 홍이모,1vhcEwK5WQ4,"💚2026 S/S 컬러 블록 메이크업💙과감한 컬러에 소프트한 메이크업 연출하는 법(선크림추천,섀도우스틱추천,블러셔추천)",2026-03-03T10:00:02Z,1397.0,False,55392,1306.0,196.0
5846,UCW67yGQxNNMnLqRHyaTjygA,Hong's MakeuPlay 홍이모,Pcp3qxYDhpc,✨인기 많은 화장품은 다 이유가 있다‼️ 구독자 인생템 BEST 4 #kbeauty #홍이모 #인생템,2026-03-04T10:00:38Z,58.0,True,159452,1367.0,9.0
5846,UCW67yGQxNNMnLqRHyaTjygA,Hong's MakeuPlay 홍이모,6wucKEdE6GA,💄4050 Quick Makeup in the car🚗☀️ #kbeauty #홍이모 #carmakeup,2026-03-08T10:00:11Z,49.0,True,67826,629.0,14.0
5846,UCW67yGQxNNMnLqRHyaTjygA,Hong's MakeuPlay 홍이모,OHAX6JnemgY,‼️내 피부는 왜 항상 뜰까?🤔 화장 잘 먹는 조합 BEST 3 | 홍조커버 | 잔모공커버 | 지속력높이는법,2026-03-10T10:00:38Z,657.0,False,149905,2707.0,202.0
5846,UCW67yGQxNNMnLqRHyaTjygA,Hong's MakeuPlay 홍이모,Q2BPLbbp31c,60+ Mature Korean Makeup 🇰🇷 시니어 내추럴 메이크업 튜토리얼 #makeuptutorial #kbeauty,2026-03-11T10:00:40Z,93.0,False,55785,737.0,43.0
5846,UCW67yGQxNNMnLqRHyaTjygA,Hong's MakeuPlay 홍이모,hX-JcKc3PwM,요즘‼️유행타지 않는 클래식 미인의 공통점?✨ (김도연&김민하&최화정),2026-03-13T13:01:20Z,811.0,False,43610,1033.0,88.0
5846,UCW67yGQxNNMnLqRHyaTjygA,Hong's MakeuPlay 홍이모,xsGP25lF8fY,‼️옐로우 베이스 써야하는 이유?🤔💛 #kbeauty #홍이모 #makeuptutorial,2026-03-15T10:01:21Z,35.0,True,101217,851.0,38.0
5846,UCW67yGQxNNMnLqRHyaTjygA,Hong's MakeuPlay 홍이모,xX0avUeDaD0,‼️ 커버력 지속력에 목마르셨다면‼️딱! 하나로 쉽게 따라해보세요 (feat. 에스티 로더 NEW 더블웨어 파운데이션),2026-03-17T10:01:29Z,1019.0,False,83697,1628.0,248.0
5846,UCW67yGQxNNMnLqRHyaTjygA,Hong's MakeuPlay 홍이모,--Gwd60X6Wc,‼️찐 홍조인들 주목‼️ 홍조 탈출 가능한 베이스 꿀팁🍯 #kbeauty #홍이모 #홍조커버,2026-03-18T10:00:00Z,45.0,True,41581,358.0,11.0
5846,UCW67yGQxNNMnLqRHyaTjygA,Hong's MakeuPlay 홍이모,r8E2OL8MII0,🫧클렌징 오일로 메이크업 지울 때🛁 #kbeauty #홍이모 #pov,2026-03-22T10:01:11Z,16.0,True,118351,1025.0,76.0
5846,UCW67yGQxNNMnLqRHyaTjygA,Hong's MakeuPlay 홍이모,A9fCdX4O2WU,"요즘 사람은 모르는 명동 스팟 8 🌸 | Myeong dong vlog (명동헤메코,시코르,미미라인,명동편집샵,명화당,포엠,스튜디오테이스트)",2026-03-24T10:00:13Z,2236.0,False,37042,996.0,222.0
5846,UCW67yGQxNNMnLqRHyaTjygA,Hong's MakeuPlay 홍이모,yIKzB28FQ5c,✨클래식은 영원하다✨ 세미스모키 어떻게 하면 된다고? #kbeauty #홍이모 #세미스모키,2026-03-25T10:01:22Z,50.0,True,43550,400.0,7.0
5846,UCW67yGQxNNMnLqRHyaTjygA,Hong's MakeuPlay 홍이모,_JhYI5AbekM,"‼️블러셔 총집합‼️ 프로 메이크업 아티스트가 요즘 블러셔 대신 써드려요👩🏻‍🏫 (클리오,에스쁘아,투슬래시포,티르티르,엔트로피,오프라...) 올영 ver.",2026-03-27T13:00:43Z,2556.0,False,157119,3471.0,389.0
5846,UCW67yGQxNNMnLqRHyaTjygA,Hong's MakeuPlay 홍이모,riPfyQIn9Oc,립 글로스 몇 단계가 좋아요? #makeuptutorial,2026-03-29T10:00:56Z,28.0,True,57787,344.0,39.0
5846,UCW67yGQxNNMnLqRHyaTjygA,Hong's MakeuPlay 홍이모,UlBzmMf6wEw,‼️응급 세척 꿀팁‼️ 브러쉬는 더럽고 시간은 없고 어떡하지?😫 #kbeauty #홍이모 #뷰티꿀팁,2026-04-01T10:00:25Z,34.0,True,71026,730.0,19.0
5846,UCW67yGQxNNMnLqRHyaTjygA,Hong's MakeuPlay 홍이모,rpdgkMEx3aE,분위기 있는🌸 데일리 봄 립 BEST 5 | 쌩얼봄립 | 립라이너필요없는 | 지속력있는,2026-04-03T13:01:36Z,775.0,False,61379,1582.0,159.0
5846,UCW67yGQxNNMnLqRHyaTjygA,Hong's MakeuPlay 홍이모,g9wJkNYIFFg,‼️데일리로 바르기 좋은 립 라이너 BEST 3🌸 #kbeauty #홍이모 #립라이너,2026-04-05T10:00:55Z,46.0,True,54960,579.0,16.0
5846,UCW67yGQxNNMnLqRHyaTjygA,Hong's MakeuPlay 홍이모,Rs1-nH-YEYs,"‼️요즘‼️ 진짜 잘 쓰고 뽕뽑는 화장품 BEST9 VS 처박아두고 안 쓰는 제품 털어봤어요 (영양크림,파우더,미스트,눈마사지기,버블팩,립펜슬,마스카라,섀도우,괄사)",2026-04-07T10:00:44Z,908.0,False,121594,1820.0,212.0
5846,UCW67yGQxNNMnLqRHyaTjygA,Hong's MakeuPlay 홍이모,cHZL19Y1b44,🌸요즘 딱‼️ 바르기 좋은 데일리 봄 립 BEST 5🌸 #kbeauty #홍이모 #봄립추천,2026-04-08T10:01:07Z,58.0,True,59864,523.0,12.0
5846,UCW67yGQxNNMnLqRHyaTjygA,Hong's MakeuPlay 홍이모,_sWkOXsKCd0,"‼️급습‼️ 대낮에 한강에서 메이크업 해드리기 🪄(컨실러추천,쿨톤립추천,다크서클커버,돌출입커버,블러셔추천)",2026-04-10T13:01:06Z,1226.0,False,83204,2754.0,469.0
5846,UCW67yGQxNNMnLqRHyaTjygA,Hong's MakeuPlay 홍이모,c5wTn4YJLT0,베이스 VS 립 😱딱 하나만 고른다면? #수정화장,2026-04-12T10:00:51Z,31.0,True,61069,412.0,81.0
5846,UCW67yGQxNNMnLqRHyaTjygA,Hong's MakeuPlay 홍이모,gH1M1ByJhpc,‼️요즘‼️프로 메이크업 아티스트의 제대로 뽕뽑은 찐템 BEST 5⭐️ #kbeauty #홍이모 #뽕뽑템,2026-04-15T10:01:14Z,60.0,True,409377,3341.0,33.0
5846,UCW67yGQxNNMnLqRHyaTjygA,Hong's MakeuPlay 홍이모,SRCV72hBL5k,"집에서도 할 수 있는‼️3040 모공 케어부터 커버하는 법까지 다 알려드릴게요✨ (페이스스팀,효소파우더추천,프라이머✅VS프라이머❌)",2026-04-17T13:01:01Z,932.0,False,64393,1422.0,136.0
5846,UCW67yGQxNNMnLqRHyaTjygA,Hong's MakeuPlay 홍이모,I-QQPlIyZIw,✨같이 세수해요 ASMR✨ #kbeauty #홍이모 #asmr,2026-04-19T10:00:21Z,48.0,True,38575,334.0,16.0
5846,UCW67yGQxNNMnLqRHyaTjygA,Hong's MakeuPlay 홍이모,CBPhv8KW_4I,‼️왜 손이 안 갈까?🤔 프로 메이크업 아티스트의 처박템 4 #kbeauty #홍이모 #처박템,2026-04-22T10:00:30Z,51.0,True,91555,436.0,17.0
5846,UCW67yGQxNNMnLqRHyaTjygA,Hong's MakeuPlay 홍이모,zFb8f5TYca0,"텁텁함❌ 4050 투명 메이크업 튜토리얼 (광채내는법,잡티가리는법,입술교정하는법)",2026-04-24T13:01:51Z,1337.0,False,87025,2030.0,258.0
5846,UCW67yGQxNNMnLqRHyaTjygA,Hong's MakeuPlay 홍이모,R54gSpjXuuI,메이크업 이 조합 추천드려요‼️ 립 컬러에 맞는 메이크업 조합 3💄 #kbeauty #홍이모 #makeuptutorial,2026-04-26T10:00:43Z,12.0,True,115412,745.0,9.0
5846,UCW67yGQxNNMnLqRHyaTjygA,Hong's MakeuPlay 홍이모,BEyocSK-K_A,‼️집에서도 쉽게 할 수 있는‼️ 모공 케어 + 커버 총정리⭐️ #kbeauty #홍이모 #모공케어,2026-04-29T10:00:25Z,60.0,True,30730,257.0,2.0
5846,UCW67yGQxNNMnLqRHyaTjygA,Hong's MakeuPlay 홍이모,YrKUk9rKmhg,"‼️블러셔 총집합 2탄‼️ 프로 메이크업 아티스트가 요즘 블러셔 대신 써드려요👩🏻‍🏫 (프라다,크리니크,디올,입생로랑,버버리,로라메르시에,스쿠...) 백화점 ver.",2026-05-01T13:01:08Z,1702.0,False,60144,1603.0,212.0
5846,UCW67yGQxNNMnLqRHyaTjygA,Hong's MakeuPlay 홍이모,A8UxKP69g3c,30대 현실 데일리 메이크업 (with 남쪽구슬) @9seul_s,2026-05-03T10:00:28Z,51.0,True,83980,659.0,71.0
5846,UCW67yGQxNNMnLqRHyaTjygA,Hong's MakeuPlay 홍이모,ml_6EboeTTE,‼️프로 메이크업 아티스트가 뽑은 백화점 블러셔 BEST 3👩🏻‍🏫 #kbeauty #홍이모 #블러셔추천,2026-05-06T10:01:19Z,60.0,True,85788,634.0,12.0
5846,UCW67yGQxNNMnLqRHyaTjygA,Hong's MakeuPlay 홍이모,b2Tj3ABHGDQ,"진짜코덕언니 ✨유트루의 화장품깡✨ (BB크림,다크서클컨실러,프라이머,립펜슬, 피카소브러시, 누드립,데일리립 외 27개)",2026-05-08T09:00:54Z,1290.0,False,104509,2668.0,307.0
5846,UCW67yGQxNNMnLqRHyaTjygA,Hong's MakeuPlay 홍이모,LqR4iaIi-DI,소프트 스모키 메이크업 튜토리얼 #makeuptutorial,2026-05-10T10:00:27Z,72.0,False,19988,288.0,38.0
5846,UCW67yGQxNNMnLqRHyaTjygA,Hong's MakeuPlay 홍이모,UXPMj1EaZa4,요즘‼️ 새로 나온 쿠션들 과연 좋을까?🤔 프로 메이크업 아티스트가 뽑은 BEST는? 👩🏻‍🏫 모공삭제 | 4050쿠션 | 지속력좋은,2026-05-12T10:00:57Z,1096.0,False,71575,1554.0,169.0
5846,UCW67yGQxNNMnLqRHyaTjygA,Hong's MakeuPlay 홍이모,3E7vbCkXdB0,👩🏻‍🏫프로 메이크업 아티스트가 뽑은 신상 쿠션 BEST 3✨ #kbeauty #홍이모 #쿠션추천,2026-05-13T10:00:11Z,58.0,True,76409,502.0,10.0
5847,UCoFvuvMlEPICy1ClmlgzA4g,박주민TV,XFJuGlNOMoE,[LIVE] 박주민이 간다! 부산 진구  전포거리 순방 (with. 부산 진구 서은숙 구청장 후보),2026-04-21T10:51:31Z,4401.0,False,18874,379.0,17.0
5847,UCoFvuvMlEPICy1ClmlgzA4g,박주민TV,jezL0YfyoRs,[LIVE] 박주민이 간다! 성남 모란시장! (with. 김병욱 성남시장 후보),2026-04-24T07:51:32Z,3256.0,False,48166,356.0,4.0
5847,UCoFvuvMlEPICy1ClmlgzA4g,박주민TV,WLpbmy_kzQ8,[LIVE] 박주민이 간다! 용인 수지구청역 퇴근인사! (with. 현근택 용인시장 후보),2026-04-24T10:51:29Z,3069.0,False,35611,530.0,10.0
5847,UCoFvuvMlEPICy1ClmlgzA4g,박주민TV,qM3Qt9gm_Go,[LIVE] 박주민이 간다! 대구 반야월시장!,2026-04-26T03:42:54Z,3267.0,False,72549,563.0,11.0
5847,UCoFvuvMlEPICy1ClmlgzA4g,박주민TV,tVWaxDjvNlU,[LIVE] 박주민 & 대구 청년 거리 라이브!,2026-04-26T06:23:55Z,6732.0,False,75698,767.0,4.0
5847,UCoFvuvMlEPICy1ClmlgzA4g,박주민TV,0WcBrbVJamE,[LIVE] 박주민이 간다! 대구 수성못!,2026-04-26T10:22:22Z,4978.0,False,63632,636.0,20.0
5847,UCoFvuvMlEPICy1ClmlgzA4g,박주민TV,Ay-G5uPPo9M,마늘을 사랑하는 박주민,2026-04-28T07:46:30Z,55.0,True,23540,947.0,31.0
5847,UCoFvuvMlEPICy1ClmlgzA4g,박주민TV,zAD9gdcsNhI,두릅 vs 엄나무순 구별법,2026-04-28T07:58:15Z,8.0,True,48233,785.0,14.0
5847,UCoFvuvMlEPICy1ClmlgzA4g,박주민TV,5CLBWz3pwog,"생명안전기본법 행안위 통과! 서범석 국민의힘 간사 ""박주민 의원 이제 그만 괴롭히십시오""",2026-04-29T08:41:03Z,11.0,True,21841,575.0,8.0
5847,UCoFvuvMlEPICy1ClmlgzA4g,박주민TV,ZT0Ln7tMkH4,[LIVE] 박주민이 간다! 동작구 남성사계시장!,2026-04-30T05:06:27Z,2549.0,False,40114,562.0,19.0
5847,UCoFvuvMlEPICy1ClmlgzA4g,박주민TV,5NhTOjmAsVI,"대구, 함 해보입시더!",2026-04-30T09:54:15Z,84.0,False,125401,3847.0,86.0
5847,UCoFvuvMlEPICy1ClmlgzA4g,박주민TV,TY1FlT1GLF4,[LIVE] 박주민이 간다! 부산 북구 덕천 지하상가(w.하정우 후보),2026-05-03T04:56:33Z,2850.0,False,75296,2543.0,183.0
5847,UCoFvuvMlEPICy1ClmlgzA4g,박주민TV,KR6S0Ao70XQ,[LIVE] 박주민이 간다! 창원 반송시장(w.송순호 후보),2026-05-03T09:13:52Z,2098.0,False,45599,584.0,10.0
5847,UCoFvuvMlEPICy1ClmlgzA4g,박주민TV,50rjBAfBvjw,"국민의 생명과 안전을 지키는, 생명안전기본법",2026-05-04T05:07:50Z,485.0,False,460,65.0,28.0
5847,UCoFvuvMlEPICy1ClmlgzA4g,박주민TV,zqo2GmtHtvQ,[LIVE] 박주민이 간다! 송파 석촌호수(w.조재희 후보),2026-05-04T06:42:47Z,2270.0,False,7867,237.0,1.0
5847,UCoFvuvMlEPICy1ClmlgzA4g,박주민TV,HZaDDOfgFtc,"허리 안 펴는 하정우, 박주민 ""나보다 낫다""",2026-05-04T08:46:27Z,62.0,False,131191,6064.0,174.0
5847,UCoFvuvMlEPICy1ClmlgzA4g,박주민TV,fpOVuMS3HMY,"[LIVE] 박주민이 간다! 강남 개포시장(w. 김형곤 후보, 강청희 위원장)",2026-05-04T09:36:14Z,3325.0,False,11334,252.0,2.0
5847,UCoFvuvMlEPICy1ClmlgzA4g,박주민TV,ao1DJUlTRLc,"박주민 TV 양재 라이브 중, 달려온 라이더 분의 한마디",2026-05-04T10:07:12Z,22.0,True,32249,1226.0,16.0
5847,UCoFvuvMlEPICy1ClmlgzA4g,박주민TV,cFKUN2yyFVg,"강남에서 이미 2표 확보, 박주민 “이제 어머님 한 표입니다”",2026-05-04T10:07:13Z,40.0,True,45818,1223.0,14.0
5847,UCoFvuvMlEPICy1ClmlgzA4g,박주민TV,ZClMviFQkEQ,"[LIVE] 박주민이 간다! 서초구 양재역 (w. 황인식 후보, 김한나 위원장)",2026-05-04T10:33:03Z,3527.0,False,18278,320.0,8.0
5847,UCoFvuvMlEPICy1ClmlgzA4g,박주민TV,bUqZEu_RUXk,'생명안전기본법' 왜 필요한가?,2026-05-06T08:04:03Z,52.0,True,2205,124.0,5.0
5847,UCoFvuvMlEPICy1ClmlgzA4g,박주민TV,7nz1f5bvj-Y,‘생명안전기본법’ 꼭 통과되어야 하는 이유,2026-05-06T08:16:07Z,72.0,False,2490,183.0,9.0
5847,UCoFvuvMlEPICy1ClmlgzA4g,박주민TV,iI-HEV7QbwQ,'생명안전기본법' 기존 법들과 다른 점?,2026-05-06T08:16:10Z,48.0,True,2057,127.0,5.0
5847,UCoFvuvMlEPICy1ClmlgzA4g,박주민TV,ydrEVRZW_38,'생명안전기본법' 재난과 참사가 줄 수밖에 없는 이유,2026-05-06T08:16:11Z,54.0,True,1752,53.0,4.0
5847,UCoFvuvMlEPICy1ClmlgzA4g,박주민TV,7yJf7DM00U0,"서울시장은 ""민주당 정원오""",2026-05-07T05:44:13Z,32.0,True,3381,192.0,8.0
5847,UCoFvuvMlEPICy1ClmlgzA4g,박주민TV,_dNKx7WyNQE,[LIVE] 생명안전기본법 드디어 본회의 통과!,2026-05-07T09:23:38Z,2365.0,False,37808,233.0,15.0
5847,UCoFvuvMlEPICy1ClmlgzA4g,박주민TV,IeWA2LU2UzE,"국민의힘은 국민분들을, 무서워할 줄 알아야 합니다",2026-05-07T09:27:21Z,70.0,False,6504,591.0,14.0
5847,UCoFvuvMlEPICy1ClmlgzA4g,박주민TV,0u8dOZn8Q6E,생명안전기본법이 본회의를 통과했습니다,2026-05-07T11:46:11Z,111.0,False,3713,468.0,15.0
5847,UCoFvuvMlEPICy1ClmlgzA4g,박주민TV,-73R07LXagA,"기다렸던 순간, 오랜 기다림 끝에 통과된 생명안전기본법",2026-05-08T01:29:35Z,70.0,False,4057,332.0,14.0
5847,UCoFvuvMlEPICy1ClmlgzA4g,박주민TV,nphnhrWmeFE,"채해병의 억울한 진실, 아직 끝나지 않았습니다",2026-05-08T06:14:34Z,55.0,True,5877,524.0,13.0
5847,UCoFvuvMlEPICy1ClmlgzA4g,박주민TV,8QM40oAv2cU,율동 연습도 열심히 하겠습니다,2026-05-10T02:03:06Z,75.0,False,3659,348.0,21.0
5847,UCoFvuvMlEPICy1ClmlgzA4g,박주민TV,VGOx6iP06Do,[LIVE] 감사의정원 준공 반대를 위한 규탄 1인시위,2026-05-10T04:10:50Z,4361.0,False,67368,878.0,22.0
5847,UCoFvuvMlEPICy1ClmlgzA4g,박주민TV,NHMigTyb-Mo,[LIVE] 박주민이 간다! 독립문 영천시장!(w.박운기 서대문구청장 후보),2026-05-11T21:41:20Z,3256.0,False,8537,337.0,6.0
5847,UCoFvuvMlEPICy1ClmlgzA4g,박주민TV,Ya43oSbTW4Q,[LIVE] 박주민이 간다! 계양산전통시장 (w.김남준 인천 계양을 국회의원 후보),2026-05-12T08:15:27Z,2992.0,False,13618,230.0,10.0
5847,UCoFvuvMlEPICy1ClmlgzA4g,박주민TV,lxdYq0q68D0,[LIVE] 박주민이 간다! 본오동 먹자골목 (w.김남국 안산 갑 국회의원 후보),2026-05-12T11:16:03Z,3806.0,False,41793,493.0,17.0
5847,UCoFvuvMlEPICy1ClmlgzA4g,박주민TV,fUcdK0WAd90,[LIVE] 박주민이 간다! 정서진중앙시장 (w.구재용 인천 서구청장 후보),2026-05-12T18:16:18Z,2554.0,False,4349,203.0,6.0
5847,UCoFvuvMlEPICy1ClmlgzA4g,박주민TV,ovTiypSfwH0,전화번호 공개해버린 김남국 후보,2026-05-13T06:14:50Z,59.0,True,6713,1212.0,20.0
5847,UCoFvuvMlEPICy1ClmlgzA4g,박주민TV,Tiumsm7ByH4,"계양을 김남준 유세현장, 엇갈린 박주민에 대한 평가!?",2026-05-13T06:25:15Z,54.0,True,23241,1164.0,15.0
5847,UCoFvuvMlEPICy1ClmlgzA4g,박주민TV,a4THGyjUYgA,[LIVE] 박주민이 간다! 강진군 오감통 오일시장  (w.차영수 강진군수 후보),2026-05-14T02:13:23Z,3362.0,False,11998,288.0,17.0
5847,UCoFvuvMlEPICy1ClmlgzA4g,박주민TV,oomHq26WvsE,[LIVE] 박주민이 간다! 신안 햇빛연금 기본소득 현장방문박우량 (신안군수 후보),2026-05-14T05:43:39Z,4302.0,False,62134,390.0,49.0
5847,UCoFvuvMlEPICy1ClmlgzA4g,박주민TV,Umx6Ont-ABE,신안 찾아간 박주민 실물 보시더니.. #박우량 #신안군수,2026-05-14T06:38:34Z,24.0,True,38791,1348.0,20.0
5847,UCoFvuvMlEPICy1ClmlgzA4g,박주민TV,hnKHZjsjS3w,"추억은 살리고, 시장은 새롭게 강진 군수 후보가 바꾸는 시장의 미래",2026-05-14T06:39:38Z,51.0,True,13146,1188.0,5.0
5847,UCoFvuvMlEPICy1ClmlgzA4g,박주민TV,ovgIbhBNpXI,"[LIVE] 박주민이 간다! 진도 상설시장 (w.진도군수 이재각 후보, 서미화 의원)",2026-05-14T09:43:06Z,1781.0,False,37161,312.0,10.0
5847,UCoFvuvMlEPICy1ClmlgzA4g,박주민TV,Eba83HYqc-I,"[LIVE] 박주민이 간다! 목포 지원유세 (w. 강성휘 목포시장 후보, 서미화 국회의원)",2026-05-14T10:29:42Z,1356.0,False,19973,180.0,7.0
5847,UCoFvuvMlEPICy1ClmlgzA4g,박주민TV,GP_MibfyWZo,"진도에서 유명한 그것, 가딩이 달아붑니다",2026-05-14T11:00:01Z,59.0,True,28567,2119.0,38.0
5847,UCoFvuvMlEPICy1ClmlgzA4g,박주민TV,l2E7p2bDTcs,오뚝유세단이 간다!,2026-05-15T11:10:09Z,56.0,True,15146,1369.0,20.0
5847,UCoFvuvMlEPICy1ClmlgzA4g,박주민TV,SlQ-ddKppuE,[LIVE] 울산 태화강 w. 김상욱 전태진,2026-05-16T05:46:58Z,1918.0,False,21492,484.0,17.0
5847,UCoFvuvMlEPICy1ClmlgzA4g,박주민TV,LB8zezfUjik,김상욱은 다 계획이 있네~,2026-05-16T06:42:21Z,36.0,True,199194,8231.0,166.0
5847,UCoFvuvMlEPICy1ClmlgzA4g,박주민TV,AliPNqfsQeE,[LIVE] 함평입니다 w. 이남오 후보,2026-05-17T02:38:10Z,4355.0,False,40682,438.0,6.0
5847,UCoFvuvMlEPICy1ClmlgzA4g,박주민TV,dj_nsL9zIO4,[LIVE] 담양입니다 w. 박종원 후보,2026-05-17T06:17:20Z,2014.0,False,1071,278.0,4.0
5849,UCTuthmF4oalKhSEg-k92tVA,명현만 MYUNG HYUN MAN,yrCD7ZAIYA8,2년 반만에 복귀했습니다.,2025-11-12T09:01:38Z,425.0,False,222799,4116.0,1139.0
5849,UCTuthmF4oalKhSEg-k92tVA,명현만 MYUNG HYUN MAN,kze9tlaSD9U,명현만의 소름돋는 예측 ㄷㄷ,2025-11-14T11:30:29Z,45.0,True,37270,233.0,36.0
5849,UCTuthmF4oalKhSEg-k92tVA,명현만 MYUNG HYUN MAN,TM2vctg80vo,🔥파이터 100 논란의 기자회견 최초공개 🔥같이 보면서 얘기나눠볼까요?,2025-11-27T09:00:50Z,663.0,False,21552,532.0,121.0
5849,UCTuthmF4oalKhSEg-k92tVA,명현만 MYUNG HYUN MAN,6Tvy7zd1slk,권아솔의 실제 인성 ㄷㄷ,2025-12-02T09:00:10Z,27.0,True,1024634,3574.0,298.0
5849,UCTuthmF4oalKhSEg-k92tVA,명현만 MYUNG HYUN MAN,-tYIW75-dDE,기자회견에서 일본 선수의 옷을 찢으면?,2025-12-03T05:00:00Z,32.0,True,146807,1054.0,106.0
5849,UCTuthmF4oalKhSEg-k92tVA,명현만 MYUNG HYUN MAN,xY4tFgKV4TU,"'정다운 선수' 와의 경기, 리뷰 했습니다 (아이엠복서)",2025-12-03T11:01:59Z,793.0,False,198739,4146.0,1391.0
5849,UCTuthmF4oalKhSEg-k92tVA,명현만 MYUNG HYUN MAN,Tq4_i40fOgo,재경기 하시나요?,2025-12-05T08:56:39Z,32.0,True,107888,948.0,130.0
5849,UCTuthmF4oalKhSEg-k92tVA,명현만 MYUNG HYUN MAN,PbvkIctt-WM,??? : 명현만 다리 풀렸는데?,2025-12-05T11:00:55Z,37.0,True,118971,1167.0,121.0
5849,UCTuthmF4oalKhSEg-k92tVA,명현만 MYUNG HYUN MAN,TNGSsBTCces,그게 정말 '석고' 였는지 무당님께 여쭤봤습니다 (황인수 2차전?),2025-12-11T09:00:51Z,780.0,False,107389,2382.0,877.0
5849,UCTuthmF4oalKhSEg-k92tVA,명현만 MYUNG HYUN MAN,KKpFEo-Sf_M,000 조심해!,2025-12-14T07:35:57Z,34.0,True,80206,538.0,73.0
5849,UCTuthmF4oalKhSEg-k92tVA,명현만 MYUNG HYUN MAN,4RwaBlpzw3c,파이터머니 전액 기부하겠습니다.,2025-12-18T09:00:07Z,517.0,False,87736,2041.0,955.0
5849,UCTuthmF4oalKhSEg-k92tVA,명현만 MYUNG HYUN MAN,0uQeSrH9NQQ,명현만 vs 김남신 수락한 이유,2025-12-23T09:00:02Z,26.0,True,107168,1088.0,131.0
5849,UCTuthmF4oalKhSEg-k92tVA,명현만 MYUNG HYUN MAN,bzwEksNpqic,9호선 명승사자 출현,2025-12-24T08:07:31Z,12.0,True,61113,714.0,165.0
5849,UCTuthmF4oalKhSEg-k92tVA,명현만 MYUNG HYUN MAN,7FNJtu4P_UA,아이엠복서 탈락 충격으로저승사자 분장하고 지하철 타고 헬스장 가서 3대측정하는 명현만,2025-12-26T09:01:33Z,951.0,False,16141,416.0,101.0
5849,UCTuthmF4oalKhSEg-k92tVA,명현만 MYUNG HYUN MAN,O0ujq157Dk4,신길동 매운짬뽕 먹다가.. 진짜 뒤ㅈ... 그동안 감사했습니다..,2025-12-30T09:30:12Z,942.0,False,91595,1841.0,307.0
5849,UCTuthmF4oalKhSEg-k92tVA,명현만 MYUNG HYUN MAN,PoNvTK55SmM,명현만 vs 신길동 매운 짬뽕,2026-01-05T12:00:47Z,41.0,True,45179,431.0,43.0
5849,UCTuthmF4oalKhSEg-k92tVA,명현만 MYUNG HYUN MAN,9hmSOnRVZd8,명현만 철권 실력 ㄷㄷ,2026-01-08T10:00:26Z,31.0,True,28068,159.0,30.0
5849,UCTuthmF4oalKhSEg-k92tVA,명현만 MYUNG HYUN MAN,Nv6cZE-IUms,120kg 헤비급 격투기 선수의 폴댄스,2026-01-20T11:00:44Z,1033.0,False,36485,640.0,196.0
5849,UCTuthmF4oalKhSEg-k92tVA,명현만 MYUNG HYUN MAN,ao9kM6VwZVY,헤비급의 폴댄스,2026-01-21T10:00:07Z,41.0,True,32853,196.0,35.0
5849,UCTuthmF4oalKhSEg-k92tVA,명현만 MYUNG HYUN MAN,A6ZoGDe_q8A,120kg 들기 챌린지,2026-01-23T10:17:33Z,50.0,True,21230,149.0,11.0
5849,UCTuthmF4oalKhSEg-k92tVA,명현만 MYUNG HYUN MAN,x4RfRxyzM8w,디진다돈까스 개발자님 야차룰 신청합니다.,2026-01-26T09:32:17Z,530.0,False,69157,1312.0,285.0
5849,UCTuthmF4oalKhSEg-k92tVA,명현만 MYUNG HYUN MAN,SI1HqsyuAO0,침묵의 디진다돈가스,2026-01-26T12:05:37Z,37.0,True,43076,445.0,57.0
5849,UCTuthmF4oalKhSEg-k92tVA,명현만 MYUNG HYUN MAN,GqnwI_0sNEM,명현만 MYUNG HYUN MAN 라이브 스트리밍 중,2026-02-07T04:15:56Z,,False,0,0.0,0.0
5849,UCTuthmF4oalKhSEg-k92tVA,명현만 MYUNG HYUN MAN,Qm0xj1gl33Y,명현만 라이브 스트리밍 부산,2026-02-07T05:24:55Z,3311.0,False,8873,152.0,9.0
5849,UCTuthmF4oalKhSEg-k92tVA,명현만 MYUNG HYUN MAN,y4wTpAsD6C0,아마도 황인수 선수가..,2026-02-09T09:01:18Z,974.0,False,44640,731.0,493.0
5849,UCTuthmF4oalKhSEg-k92tVA,명현만 MYUNG HYUN MAN,J23ju_DQLxk,추성훈 선배님...,2026-02-09T10:00:27Z,44.0,True,27630,242.0,15.0
5849,UCTuthmF4oalKhSEg-k92tVA,명현만 MYUNG HYUN MAN,cBxf7X89lqc,죄송합니다.,2026-02-24T09:00:57Z,916.0,False,29212,809.0,161.0
5849,UCTuthmF4oalKhSEg-k92tVA,명현만 MYUNG HYUN MAN,ivCVMqhdM4k,이종격투기 카페 정회원 명현만.,2026-02-25T09:01:07Z,46.0,True,26534,210.0,7.0
5849,UCTuthmF4oalKhSEg-k92tVA,명현만 MYUNG HYUN MAN,7G0FikrgxAM,명현만의 자신감,2026-02-26T09:00:18Z,41.0,True,477216,3926.0,430.0
5849,UCTuthmF4oalKhSEg-k92tVA,명현만 MYUNG HYUN MAN,UYyCQqEkddg,파이터 명현만 많이 기다리셨습니다.,2026-03-03T09:00:42Z,666.0,False,24509,660.0,137.0
5849,UCTuthmF4oalKhSEg-k92tVA,명현만 MYUNG HYUN MAN,VFCmBxHtSgQ,1젓갈 1라면,2026-03-04T10:00:46Z,36.0,True,3189746,18023.0,957.0
5849,UCTuthmF4oalKhSEg-k92tVA,명현만 MYUNG HYUN MAN,TsKQIN8M3NE,실제 길거리 싸움에서 이기는 법 (야차룰),2026-03-16T09:00:52Z,1494.0,False,12801,324.0,104.0
5849,UCTuthmF4oalKhSEg-k92tVA,명현만 MYUNG HYUN MAN,MY3cZVcfNIY,명현만 실제 싸움 썰,2026-03-17T09:00:25Z,42.0,True,401006,1861.0,227.0
5849,UCTuthmF4oalKhSEg-k92tVA,명현만 MYUNG HYUN MAN,nwKHGgD9eas,명현만이 알려주는 안 아프게 맞는 법,2026-03-18T09:01:22Z,31.0,True,26727,198.0,21.0
5849,UCTuthmF4oalKhSEg-k92tVA,명현만 MYUNG HYUN MAN,2vh3yD7TNjE,프린세스메이커 명현만이 알려주는 호신술,2026-03-19T09:00:04Z,37.0,True,18298,106.0,20.0
5849,UCTuthmF4oalKhSEg-k92tVA,명현만 MYUNG HYUN MAN,NWeMPEFtFM8,장사가 잘된다길래 직접 알바 뛰고 먹으러 간 명현만,2026-03-31T09:00:00Z,1161.0,False,20918,338.0,160.0
5849,UCTuthmF4oalKhSEg-k92tVA,명현만 MYUNG HYUN MAN,IIut_zLBrfw,연어 잡아먹는 곰,2026-04-01T09:00:00Z,29.0,True,14804,86.0,5.0
5849,UCTuthmF4oalKhSEg-k92tVA,명현만 MYUNG HYUN MAN,Cg_YtGDCEIY,알바 명현만의 서비스,2026-04-01T12:00:00Z,27.0,True,21591,196.0,8.0
5849,UCTuthmF4oalKhSEg-k92tVA,명현만 MYUNG HYUN MAN,S5moH71jGWI,운전한다고 선글라스 끼면...,2026-04-10T10:00:46Z,25.0,True,9874,59.0,10.0
5849,UCTuthmF4oalKhSEg-k92tVA,명현만 MYUNG HYUN MAN,T4CqgyVuNhk,헤비급에 꼭 맞는 차 타고 댓글읽기,2026-04-10T10:01:00Z,827.0,False,7608,123.0,98.0
5849,UCTuthmF4oalKhSEg-k92tVA,명현만 MYUNG HYUN MAN,yJK5KdgEWuI,댓글 읽던 중에...,2026-04-10T12:02:01Z,29.0,True,17506,166.0,32.0
5849,UCTuthmF4oalKhSEg-k92tVA,명현만 MYUNG HYUN MAN,0z7PsjQnS1w,명현만 vs 아이엠복서 박영호,2026-04-22T09:00:01Z,67.0,False,7615,48.0,9.0
5849,UCTuthmF4oalKhSEg-k92tVA,명현만 MYUNG HYUN MAN,l4ZVBEjjJUo,15 vs 1로 붙었습니다. 결과는 예상 못했습니다 (feat.명현만 회복루틴),2026-04-22T09:01:11Z,1145.0,False,8971,140.0,115.0
5849,UCTuthmF4oalKhSEg-k92tVA,명현만 MYUNG HYUN MAN,S4HvDZ01URg,15 :1 스파링,2026-04-22T12:00:52Z,42.0,True,7088,46.0,5.0
5849,UCTuthmF4oalKhSEg-k92tVA,명현만 MYUNG HYUN MAN,gd0v7Q-2cbM,하루 천개씩 팔리는 육즙가득 수제떡갈비 (자양시장),2026-05-06T09:00:53Z,985.0,False,6549,202.0,84.0
5849,UCTuthmF4oalKhSEg-k92tVA,명현만 MYUNG HYUN MAN,i-dET3SzGoE,시장국수 먹는 명현만,2026-05-06T09:00:59Z,36.0,True,33179,313.0,47.0
5849,UCTuthmF4oalKhSEg-k92tVA,명현만 MYUNG HYUN MAN,_M93Nh7IMd0,시장에 경쟁심 느끼는 게장집 사장,2026-05-06T12:01:08Z,47.0,True,972703,6246.0,248.0
5849,UCTuthmF4oalKhSEg-k92tVA,명현만 MYUNG HYUN MAN,TJL0KF41T-c,젊은 유망주선수와 스파링을 했습니다 (미사MMA),2026-05-14T09:00:40Z,740.0,False,3764,63.0,53.0
5849,UCTuthmF4oalKhSEg-k92tVA,명현만 MYUNG HYUN MAN,g2-ODwbDOoE,22살 미들급 세미프로와 스파링,2026-05-15T09:00:54Z,40.0,True,5450,33.0,3.0
5849,UCTuthmF4oalKhSEg-k92tVA,명현만 MYUNG HYUN MAN,jcSah_zZujc,김훈 선수와 훈련하는 명현만,2026-05-15T12:01:23Z,34.0,True,13998,70.0,9.0
