idx,channel_id,channel_title,video_id,video_title,published_at,duration_sec,is_shorts,view_count,like_count,comment_count
7800,UCgB7A457ULlgm5c3948vr-w,BTOB 비투비 (Official YouTube Channel),i7pc0H8akQA,#야야야야챌린지 with #블리처스 🍀 @BLITZERSOFFICIAL,2023-05-15T11:00:08Z,29.0,True,159902,10113.0,51.0
7800,UCgB7A457ULlgm5c3948vr-w,BTOB 비투비 (Official YouTube Channel),VLuE5yNo78k,BTOB childhood 💙,2023-05-15T12:00:24Z,56.0,True,1819813,166491.0,1340.0
7800,UCgB7A457ULlgm5c3948vr-w,BTOB 비투비 (Official YouTube Channel),8KII0xgLzRA,THANK U 👏👏,2023-05-15T12:30:06Z,29.0,True,228547,20438.0,239.0
7800,UCgB7A457ULlgm5c3948vr-w,BTOB 비투비 (Official YouTube Channel),u81NyFutprA,우이우아아-!,2023-05-16T08:00:09Z,11.0,True,307087,23674.0,197.0
7800,UCgB7A457ULlgm5c3948vr-w,BTOB 비투비 (Official YouTube Channel),WfmCed0AZWk,BTOB Nick & Judy 🦊🐰,2023-05-16T09:00:16Z,17.0,True,1140554,88584.0,966.0
7800,UCgB7A457ULlgm5c3948vr-w,BTOB 비투비 (Official YouTube Channel),Xs4_nvwxelM,재밌고 신비로운 프니의 #아디아디챌린지 🎶,2023-05-17T08:00:27Z,20.0,True,2026258,99173.0,1127.0
7800,UCgB7A457ULlgm5c3948vr-w,BTOB 비투비 (Official YouTube Channel),qn54oRYKj-Q,비투비 (BTOB) - 'Day&Night' LIVE CLIP,2023-05-17T09:00:13Z,203.0,False,1049447,27526.0,1501.0
7800,UCgB7A457ULlgm5c3948vr-w,BTOB 비투비 (Official YouTube Channel),0sXqGcacrRw,BTOB 10TH ANNIVERSARY CONCERT 2022 BTOB TIME [Be Together] DVD&Blu-ray SPOT,2023-05-18T08:00:01Z,64.0,False,56317,5912.0,292.0
7800,UCgB7A457ULlgm5c3948vr-w,BTOB 비투비 (Official YouTube Channel),nSgsgDxD5gw,BTOB 10TH ANNIVERSARY CONCERT 2022 BTOB TIME [Be Together] ‘Finale’,2023-05-18T09:04:02Z,36.0,True,120249,12595.0,83.0
7800,UCgB7A457ULlgm5c3948vr-w,BTOB 비투비 (Official YouTube Channel),hXXUT-ls0SU,비투비 (BTOB) - 비트콤 181화 ('나의 바람 (Wind And Wish)' M/V 촬영 Day 2),2023-05-20T09:00:24Z,735.0,False,100580,6202.0,251.0
7800,UCgB7A457ULlgm5c3948vr-w,BTOB 비투비 (Official YouTube Channel),IJB4joSerVw,For MELODY #Heaven,2023-05-23T09:00:03Z,38.0,True,388098,39740.0,892.0
7800,UCgB7A457ULlgm5c3948vr-w,BTOB 비투비 (Official YouTube Channel),tUbTOlmUcpY,비투비 (BTOB) - 'Finale : 우리들의 콘서트' Stage Cam @ HANYANG UNIVERSITY ERICA,2023-05-23T10:00:12Z,238.0,False,158320,7796.0,383.0
7800,UCgB7A457ULlgm5c3948vr-w,BTOB 비투비 (Official YouTube Channel),Oa-KhbNFFe8,비투비 (BTOB) - 'Higher' Stage Cam @ HANYANG UNIVERSITY ERICA,2023-05-23T10:10:00Z,200.0,False,557095,12180.0,376.0
7800,UCgB7A457ULlgm5c3948vr-w,BTOB 비투비 (Official YouTube Channel),hNTXYFb3Je0,비투비 (BTOB) - '나의 바람 (Wind And Wish)' Stage Cam @ HANYANG UNIVERSITY ERICA,2023-05-23T10:20:00Z,215.0,False,50656,4266.0,161.0
7800,UCgB7A457ULlgm5c3948vr-w,BTOB 비투비 (Official YouTube Channel),GhizaD5I54U,HANYANG UNIVERSITY ERICA #그리워하다 shorts ver.,2023-05-24T10:00:03Z,45.0,True,136533,14554.0,91.0
7800,UCgB7A457ULlgm5c3948vr-w,BTOB 비투비 (Official YouTube Channel),7ZPLVJjVL8U,HANYANG UNIVERSITY ERICA #WAW #아름답고도_아프구나 shorts ver.,2023-05-24T10:10:00Z,30.0,True,105526,11278.0,54.0
7800,UCgB7A457ULlgm5c3948vr-w,BTOB 비투비 (Official YouTube Channel),G2CA5-IXBJo,😬?,2023-05-25T10:00:11Z,30.0,True,444378,29789.0,301.0
7800,UCgB7A457ULlgm5c3948vr-w,BTOB 비투비 (Official YouTube Channel),gIIFqFKzHwk,#야야야야챌린지 with #이대휘 🍀,2023-05-26T08:00:07Z,20.0,True,240194,17834.0,70.0
7800,UCgB7A457ULlgm5c3948vr-w,BTOB 비투비 (Official YouTube Channel),4VPrq215vdI,For MELODY #Ditto,2023-05-26T10:00:03Z,44.0,True,610684,57091.0,871.0
7800,UCgB7A457ULlgm5c3948vr-w,BTOB 비투비 (Official YouTube Channel),hg6azMe-aSA,비투비 (BTOB) - 비트콤 182화 ('나의 바람 (Wind And Wish)' 녹음하던 날),2023-05-27T09:00:04Z,1973.0,False,737050,23024.0,748.0
7800,UCgB7A457ULlgm5c3948vr-w,BTOB 비투비 (Official YouTube Channel),4I_1XkBxprs,For MELODY #IAM,2023-05-29T10:00:04Z,56.0,True,680858,76205.0,1624.0
7800,UCgB7A457ULlgm5c3948vr-w,BTOB 비투비 (Official YouTube Channel),fxGGBPFQfiA,#그리워하다 with MELODY💙,2023-05-30T10:00:06Z,27.0,True,311896,22194.0,195.0
7800,UCgB7A457ULlgm5c3948vr-w,BTOB 비투비 (Official YouTube Channel),KpSWWQiRA40,(^_^) 비카펠라 비하인드 #1,2023-05-30T10:30:02Z,115.0,False,104134,,517.0
7800,UCgB7A457ULlgm5c3948vr-w,BTOB 비투비 (Official YouTube Channel),3bYgaDMePV8,(^_^) 비카펠라 비하인드 #2,2023-05-31T09:30:01Z,155.0,False,132961,,396.0
7800,UCgB7A457ULlgm5c3948vr-w,BTOB 비투비 (Official YouTube Channel),7LPeEEcKWDA,비투비 (BTOB) - 비트콤 183화 ('나의 바람 (Wind And Wish)' 활동 첫방 주),2023-06-03T09:00:04Z,759.0,False,138780,6760.0,295.0
7800,UCgB7A457ULlgm5c3948vr-w,BTOB 비투비 (Official YouTube Channel),KIT_RpCqsZo,비투비 (BTOB) - 비트콤 184화 ('나의 바람 (Wind And Wish)' 활동 막방 주),2023-06-10T09:00:20Z,798.0,False,144094,6868.0,224.0
7800,UCgB7A457ULlgm5c3948vr-w,BTOB 비투비 (Official YouTube Channel),vNT75Ce6nMk,#야야야야챌린지 with &TEAM #NICHOLAS #TAKI 🍀 @andTEAM_official,2023-06-12T10:30:25Z,26.0,True,307688,22860.0,149.0
7800,UCgB7A457ULlgm5c3948vr-w,BTOB 비투비 (Official YouTube Channel),hhZuj-Kv_EA,비투비 (BTOB) - 비트콤 185화 (비투비 'Heaven' 녹음하던 날),2023-06-17T09:00:22Z,1605.0,False,219927,9396.0,426.0
7800,UCgB7A457ULlgm5c3948vr-w,BTOB 비투비 (Official YouTube Channel),VfGRaE7JxzQ,BTOB Magic Show 💫,2023-06-19T09:00:29Z,15.0,True,1291687,113790.0,1078.0
7800,UCgB7A457ULlgm5c3948vr-w,BTOB 비투비 (Official YouTube Channel),NFc98TLm6mw,이민혁 (LEE MINHYUK) - HUTA_log #17 (비키라 마지막 날💙),2023-06-19T10:00:26Z,529.0,False,32653,3061.0,164.0
7800,UCgB7A457ULlgm5c3948vr-w,BTOB 비투비 (Official YouTube Channel),BoBNJwMsWdw,YOOK SUNGJAE Magic Show ✨,2023-06-21T08:00:04Z,9.0,True,477675,33974.0,373.0
7800,UCgB7A457ULlgm5c3948vr-w,BTOB 비투비 (Official YouTube Channel),IRXGev19RiE,SEO EUNKWANG Magic Show 🌟,2023-06-21T08:30:04Z,21.0,True,526767,34578.0,529.0
7800,UCgB7A457ULlgm5c3948vr-w,BTOB 비투비 (Official YouTube Channel),kAoIfzGCF34,비투비 (BTOB) - '나의 바람 (Wind And Wish)' Stage Cam @ 2023 Weverse Con Festival,2023-06-30T09:00:35Z,226.0,False,67554,4140.0,113.0
7800,UCgB7A457ULlgm5c3948vr-w,BTOB 비투비 (Official YouTube Channel),THqihhHGIAs,비투비 (BTOB) - '그리워하다' Stage Cam @ 2023 Weverse Con Festival,2023-06-30T09:10:00Z,253.0,False,311130,8219.0,193.0
7800,UCgB7A457ULlgm5c3948vr-w,BTOB 비투비 (Official YouTube Channel),RhYtNxx9HAU,비투비 (BTOB) - 비트콤 186화 (2023 Weverse Con Festival 첫 출격),2023-07-01T09:00:13Z,520.0,False,103663,5527.0,193.0
7800,UCgB7A457ULlgm5c3948vr-w,BTOB 비투비 (Official YouTube Channel),SCxviTkavP4,🐱😎,2023-07-05T09:00:14Z,9.0,True,310698,23273.0,284.0
7800,UCgB7A457ULlgm5c3948vr-w,BTOB 비투비 (Official YouTube Channel),X0K_UABLPPY,(^_^) 1일 1코노 해야 됨,2023-07-14T09:00:21Z,108.0,False,69713,,294.0
7800,UCgB7A457ULlgm5c3948vr-w,BTOB 비투비 (Official YouTube Channel),muXH0jxK0QI,(^_^) 코노에서 천장 뚫기 금지,2023-07-14T09:10:00Z,155.0,False,84435,,275.0
7800,UCgB7A457ULlgm5c3948vr-w,BTOB 비투비 (Official YouTube Channel),gGuYcKahNC8,비투비 (BTOB) - 비트콤 187화 (비투비 in 도쿄),2023-07-22T09:00:28Z,778.0,False,160476,7065.0,300.0
7800,UCgB7A457ULlgm5c3948vr-w,BTOB 비투비 (Official YouTube Channel),pGGAI810d_4,비투비 (BTOB) - 비트콤 188화 (튀르키예 광냥로그😺),2023-08-07T09:00:30Z,773.0,False,81699,4895.0,248.0
7800,UCgB7A457ULlgm5c3948vr-w,BTOB 비투비 (Official YouTube Channel),6vfEaiPX8KM,[😸광냥카소 PC방😸] #54  HIGHLIGHT 01 - 광냥이가 말아주는➰ 고양이하트를 보십시오😸🫶,2023-08-29T10:25:05Z,111.0,False,4491,,9.0
7800,UCgB7A457ULlgm5c3948vr-w,BTOB 비투비 (Official YouTube Channel),8WcMmUw5rq4,[😸광냥카소 PC방😸] #54  HIGHLIGHT 02 - 이게... 맞나요..?🤷‍♂️ 광냥이의 우당탕탕 첫 갈틱폰💥🖌️,2023-08-29T10:52:13Z,145.0,False,4571,,5.0
7800,UCgB7A457ULlgm5c3948vr-w,BTOB 비투비 (Official YouTube Channel),9zfTSFGN6ks,[😸광냥카소 PC방😸] #54  HIGHLIGHT 03 - 명창🎶 멜로디에 이은 금손✨ 멜로디들!?😲👏,2023-08-29T11:12:05Z,932.0,False,7526,,13.0
7800,UCgB7A457ULlgm5c3948vr-w,BTOB 비투비 (Official YouTube Channel),G0Kk5z-Lr8E,[😸광냥카소 PC방😸] #54  HIGHLIGHT 04 - 오늘의 깜짝💥 게스트 등장!!🙋‍♂️,2023-08-29T11:13:28Z,141.0,False,4191,,4.0
7800,UCgB7A457ULlgm5c3948vr-w,BTOB 비투비 (Official YouTube Channel),k1vvK2cSljU,[😸광냥카소 PC방😸] #54  HIGHLIGHT 05 - 빌런투비와 함께🐧 두 번째 그림 그리기 갈틱폰!🖌️,2023-08-29T11:55:15Z,486.0,False,8291,,12.0
7800,UCgB7A457ULlgm5c3948vr-w,BTOB 비투비 (Official YouTube Channel),5iy6M3SKfEY,비투비의 하다방 (BTOB HA.DA.BANG) - #54 😸광냥카소 PC방😸,2023-08-29T13:27:18Z,7210.0,False,67696,3893.0,59.0
7800,UCgB7A457ULlgm5c3948vr-w,BTOB 비투비 (Official YouTube Channel),XytOjA_DuCE,[😸광냥카소 PC방😸] #54  HIGHLIGHT 06 - 웰컴 투 비투비 월드!💙 멜로디들 환영해😘👐 (feat.프니 근황),2023-08-30T01:21:47Z,181.0,False,24849,,40.0
7800,UCgB7A457ULlgm5c3948vr-w,BTOB 비투비 (Official YouTube Channel),1deF8YaOLEQ,비투비 (BTOB) - 비트콤 189화 (완전체로 모인 비투비),2023-09-08T09:00:03Z,769.0,False,244722,8931.0,508.0
7800,UCgB7A457ULlgm5c3948vr-w,BTOB 비투비 (Official YouTube Channel),AUXLmZTIhqE,2023 임현식 콘서트 [DIVE INTO YOU],2023-10-16T10:30:05Z,36.0,True,81705,8956.0,141.0
7800,UCgB7A457ULlgm5c3948vr-w,BTOB 비투비 (Official YouTube Channel),FdwwOqZPg2g,BTOB 10TH ANNIVERSARY CONCERT 2022 BTOB TIME [Be Together] ‘우리 (Be Together)’,2023-11-02T03:00:09Z,41.0,True,162923,17167.0,217.0
7801,UCcnk_XPx9NtZDFhBdz-DfIA,채널 NCT DANCE,FZjq6YAuSug,NCT MARK | Freestyle Dance | TINTS (Anderson .Paak),2018-11-20T09:00:01Z,74.0,False,3060475,293639.0,7226.0
7801,UCcnk_XPx9NtZDFhBdz-DfIA,채널 NCT DANCE,xzoAw-zdMN4,NCT 127 'Simon Says' Dance Tutorial Part. 1 | Super Beginner Class,2018-11-28T11:00:16Z,347.0,False,1667590,135258.0,3886.0
7801,UCcnk_XPx9NtZDFhBdz-DfIA,채널 NCT DANCE,AWElIfjQmBA,NCT 127 'Simon Says' Dance Tutorial Part. 2 | Pure Dangerous Cutie,2018-11-29T11:00:01Z,252.0,False,1174859,90320.0,2667.0
7801,UCcnk_XPx9NtZDFhBdz-DfIA,채널 NCT DANCE,PGmt3q7VJl0,NCT TAEYONG | Freestyle Dance | Mona Lisa (Lil Wayne feat. Kendrick Lamar),2018-11-29T13:00:06Z,67.0,False,1724819,167970.0,4192.0
7801,UCcnk_XPx9NtZDFhBdz-DfIA,채널 NCT DANCE,E8yf5KjGbRw,NCT 127 'Simon Says' Dance Tutorial Part. 3 | 서태일과 아이들,2018-11-30T10:00:03Z,264.0,False,849692,72169.0,2386.0
7801,UCcnk_XPx9NtZDFhBdz-DfIA,채널 NCT DANCE,6VEPVCYumJE,Try out NCT 127 'Simon Says' Cover Dance! (Mirrored / Low / High),2018-11-30T11:00:00Z,200.0,False,487133,47816.0,1695.0
7801,UCcnk_XPx9NtZDFhBdz-DfIA,채널 NCT DANCE,Q2cOkphn5Mg,NCT TEN | Choreography Practice | Coco Chanel (Nicki Minaj Feat. Foxy Brown),2018-12-01T09:00:03Z,96.0,False,5169410,313174.0,8741.0
7801,UCcnk_XPx9NtZDFhBdz-DfIA,채널 NCT DANCE,Xg0miRcXHio,[N'-68] TEN's Choreography Practice Behind,2018-12-04T09:00:03Z,88.0,False,464018,45167.0,1448.0
7801,UCcnk_XPx9NtZDFhBdz-DfIA,채널 NCT DANCE,VshtvMxqx54,NCT MARK | Simon Says : MOVE,2018-12-06T09:00:03Z,94.0,False,2491433,262410.0,6181.0
7801,UCcnk_XPx9NtZDFhBdz-DfIA,채널 NCT DANCE,XglD05891C4,NCT 127 엔시티 127 'Simon Says' Dance Practice,2018-12-07T04:00:04Z,199.0,False,20557253,529088.0,14119.0
7801,UCcnk_XPx9NtZDFhBdz-DfIA,채널 NCT DANCE,QwwWkPk1FGU,"NCT TEN Choreography | Taki Taki (DJ Snake ft. Selena Gomez, Ozuna, Cardi B)",2018-12-14T12:00:04Z,98.0,False,8308957,703551.0,13984.0
7801,UCcnk_XPx9NtZDFhBdz-DfIA,채널 NCT DANCE,Cg8k2Jtfw6M,NCT DREAM '마지막 첫사랑 (My First and Last)’ DREAM SHOW Ver. Dance Practice,2018-12-15T12:00:00Z,244.0,False,3621559,215675.0,5178.0
7801,UCcnk_XPx9NtZDFhBdz-DfIA,채널 NCT DANCE,D0NdByg4GXs,NCT TEN | Freestyle Dance | HUMBLE. (Kendrick Lamar),2018-12-16T12:00:00Z,88.0,False,1827101,183327.0,4822.0
7801,UCcnk_XPx9NtZDFhBdz-DfIA,채널 NCT DANCE,DjsJuKq1R4o,NCT DREAM 엔시티 드림 '섹시하고 치명적인 아기 상어' Dance Practice,2018-12-22T06:00:00Z,105.0,False,3464291,359818.0,11826.0
7801,UCcnk_XPx9NtZDFhBdz-DfIA,채널 NCT DANCE,H-r-bnVzWf4,[N’-76] TEN’s ‘Taki Taki’ & ‘HUMBLE.’ Choreography Behind,2018-12-29T09:00:04Z,182.0,False,953722,107476.0,3029.0
7801,UCcnk_XPx9NtZDFhBdz-DfIA,채널 NCT DANCE,FN6hzIP10qY,NCT DREAM 엔시티 드림 '가요대제전 Intro Stage' Dance Practice,2019-01-05T03:00:04Z,62.0,False,1238713,132608.0,3325.0
7801,UCcnk_XPx9NtZDFhBdz-DfIA,채널 NCT DANCE,9ilMhzvVBt4,NCT 엔시티 Dance Practice Behind @2018 가요대전,2019-01-11T13:00:01Z,239.0,False,4939673,312518.0,6004.0
7801,UCcnk_XPx9NtZDFhBdz-DfIA,채널 NCT DANCE,tfCRUkUudq4,"🚨원트병 주의🚨 | TAEMIN ""WANT"" Dance by 탬또롤 JENO & JISUNG",2019-02-17T09:00:14Z,144.0,False,2754603,233556.0,6124.0
7801,UCcnk_XPx9NtZDFhBdz-DfIA,채널 NCT DANCE,Bu0abI_6PzA,채널 NCT DANCE님의 실시간 스트리밍,2019-03-08T14:27:30Z,,False,0,1.0,0.0
7801,UCcnk_XPx9NtZDFhBdz-DfIA,채널 NCT DANCE,LYcRXodIJiw,NCT 127 'Wakey-Wakey' Dance Practice,2019-04-17T03:00:02Z,183.0,False,4842007,242213.0,6803.0
7801,UCcnk_XPx9NtZDFhBdz-DfIA,채널 NCT DANCE,PLVndSt89L0,NCT TAEYONG | Freestyle Dance | Wow. (Post Malone),2019-06-11T13:00:10Z,110.0,False,1980931,260840.0,6741.0
7801,UCcnk_XPx9NtZDFhBdz-DfIA,채널 NCT DANCE,E34DfJQdYug,"NCT TAEYONG | Freestyle Dance | Señorita (Shawn Mendes, Camila Cabello)",2019-07-06T14:00:02Z,126.0,False,3404590,467989.0,14785.0
7801,UCcnk_XPx9NtZDFhBdz-DfIA,채널 NCT DANCE,yFf5Ip4BVik,"TAEYONG (Feat. JOHNNY, YT, JW, HC) | Freestyle Dance | Oh Go (The Pack)",2019-08-04T14:00:09Z,141.0,False,9803502,609628.0,15047.0
7801,UCcnk_XPx9NtZDFhBdz-DfIA,채널 NCT DANCE,5kYEiCIbtRE,NCT DREAM 엔시티 드림 'BOOM' Dance Practice (3D Audio),2019-08-05T13:00:00Z,203.0,False,11678540,530185.0,9173.0
7801,UCcnk_XPx9NtZDFhBdz-DfIA,채널 NCT DANCE,nRfnSLAuE1Y,[#RENJUN Focus] NCT DREAM 엔시티 드림 'BOOM' Dance Practice,2019-08-06T08:00:04Z,215.0,False,1088703,85595.0,2426.0
7801,UCcnk_XPx9NtZDFhBdz-DfIA,채널 NCT DANCE,qiIP7yvEmEo,[#JENO Focus] NCT DREAM 엔시티 드림 'BOOM' Dance Practice,2019-08-06T08:00:05Z,222.0,False,1627958,125808.0,1804.0
7801,UCcnk_XPx9NtZDFhBdz-DfIA,채널 NCT DANCE,fsk7YBkG08I,[#HAECHAN Focus] NCT DREAM 엔시티 드림 'BOOM' Dance Practice,2019-08-06T08:00:08Z,223.0,False,1431078,112936.0,3030.0
7801,UCcnk_XPx9NtZDFhBdz-DfIA,채널 NCT DANCE,hFJ4peuOqeY,[#JAEMIN Focus] NCT DREAM 엔시티 드림 'BOOM' Dance Practice,2019-08-06T08:00:10Z,223.0,False,2596022,166886.0,2165.0
7801,UCcnk_XPx9NtZDFhBdz-DfIA,채널 NCT DANCE,yt0tfDHt8TU,[#CHENLE Focus] NCT DREAM 엔시티 드림 'BOOM' Dance Practice,2019-08-06T08:00:11Z,226.0,False,622074,60984.0,1525.0
7801,UCcnk_XPx9NtZDFhBdz-DfIA,채널 NCT DANCE,y3Rpr2VuSLk,[#JISUNG Focus] NCT DREAM 엔시티 드림 'BOOM' Dance Practice,2019-08-06T08:00:14Z,222.0,False,2755219,185615.0,4041.0
7801,UCcnk_XPx9NtZDFhBdz-DfIA,채널 NCT DANCE,x-3A1qc1DHc,NCT DREAM 엔시티 드림 'BOOM' Dance Practice (하복 Ver.),2019-08-24T15:00:07Z,201.0,False,21986470,706952.0,11667.0
7801,UCcnk_XPx9NtZDFhBdz-DfIA,채널 NCT DANCE,f3oSlU8AHJc,NCT DREAM 엔시티 드림 '골든디스크어워즈 Intro Stage' Dance Practice,2020-01-09T13:00:08Z,74.0,False,621389,64267.0,1166.0
7801,UCcnk_XPx9NtZDFhBdz-DfIA,채널 NCT DANCE,P4ByWrfJ9wE,NCT DREAM 엔시티 드림 '가온차트 뮤직 어워즈 Intro Stage' Dance Practice,2020-01-09T13:00:09Z,145.0,False,1158726,114582.0,2785.0
7801,UCcnk_XPx9NtZDFhBdz-DfIA,채널 NCT DANCE,UbsavuFE3Ls,NCT DREAM '29th SEOUL MUSIC AWARDS' Dance Practice,2020-01-31T14:00:10Z,284.0,False,1631217,147238.0,3239.0
7801,UCcnk_XPx9NtZDFhBdz-DfIA,채널 NCT DANCE,ZHtyLsyE4sI,NCT TAEYONG | Freestyle Dance | Paris In The Rain (Lauv),2020-02-10T14:00:11Z,160.0,False,4097420,360976.0,11056.0
7801,UCcnk_XPx9NtZDFhBdz-DfIA,채널 NCT DANCE,2U2DBjPJgI4,NCT 127 엔시티 127 '영웅 (英雄; Kick It)' Dance Practice,2020-03-13T10:00:00Z,242.0,False,39269270,1039082.0,22367.0
7801,UCcnk_XPx9NtZDFhBdz-DfIA,채널 NCT DANCE,W0C0uQpDPuQ,#WeDanceRidin JISUNG X CHENLE,2020-05-09T15:00:21Z,45.0,True,1830466,291786.0,3453.0
7801,UCcnk_XPx9NtZDFhBdz-DfIA,채널 NCT DANCE,EEABtRbk01A,NCT DREAM 엔시티 드림 ‘Ridin’’ Dance Practice,2020-05-14T14:00:06Z,219.0,False,12030725,549021.0,14520.0
7801,UCcnk_XPx9NtZDFhBdz-DfIA,채널 NCT DANCE,0Rldeif6pjg,NCT 127 엔시티 127 ‘Punch’ Dance Practice,2020-05-27T13:00:01Z,212.0,False,5400471,326043.0,10460.0
7801,UCcnk_XPx9NtZDFhBdz-DfIA,채널 NCT DANCE,QYxCujsmukU,NCT 127 엔시티 127 ‘The Final Round’ Intro Performance,2020-05-30T11:00:18Z,63.0,False,771555,105929.0,2753.0
7801,UCcnk_XPx9NtZDFhBdz-DfIA,채널 NCT DANCE,Iox2gdsberQ,NCT 127 엔시티 127 ‘Punch’ Special ver. 시티고 야구부 Dance Practice,2020-06-12T13:00:08Z,268.0,False,3567774,347111.0,15345.0
7801,UCcnk_XPx9NtZDFhBdz-DfIA,채널 NCT DANCE,WyJcKP-Otw4,NCT U 엔시티 유 ‘Kick & Ride’ Dance Practice,2020-06-26T11:00:20Z,70.0,False,2035766,259614.0,8462.0
7801,UCcnk_XPx9NtZDFhBdz-DfIA,채널 NCT DANCE,G62oeL14rQw,NCT U 엔시티 유 'Make A Wish (Birthday Song)' Dance Practice,2020-10-20T11:00:09Z,243.0,False,30714323,1061793.0,26076.0
7802,UCDJnRpq0DnQhrwi1ruuQa7g,TAEYANG,Oz0QBwMRWC0,TAEYANG 2024 TOUR [THE LIGHT YEAR] IN SEOUL BEHIND,2024-11-02T03:00:30Z,773.0,False,119918,7548.0,484.0
7802,UCDJnRpq0DnQhrwi1ruuQa7g,TAEYANG,3oYSacvESDQ,back at 2024 MAMA 🔥,2024-11-30T07:00:02Z,36.0,True,712298,46021.0,423.0
7802,UCDJnRpq0DnQhrwi1ruuQa7g,TAEYANG,Jxqh1BEmMDk,TAEYANG 2025 TOUR [THE LIGHT YEAR] ENCORE ANNOUNCEMENT,2025-01-14T03:00:12Z,35.0,True,74458,6543.0,110.0
7802,UCDJnRpq0DnQhrwi1ruuQa7g,TAEYANG,zuQadn9dUD0,TAEYANG 2025 TOUR [THE LIGHT YEAR] ENCORE ANNOUNCEMENT,2025-01-14T03:00:50Z,55.0,True,52177,3637.0,225.0
7802,UCDJnRpq0DnQhrwi1ruuQa7g,TAEYANG,6M0aCU1PNGk,#THELIGHTYEAR READY?,2025-02-04T12:30:05Z,25.0,True,345485,17150.0,239.0
7802,UCDJnRpq0DnQhrwi1ruuQa7g,TAEYANG,l8vU4Ese5vw,"Thank you, BAE BAE  #THELIGHTYEAR",2025-02-04T12:30:13Z,23.0,True,62477,5719.0,121.0
7802,UCDJnRpq0DnQhrwi1ruuQa7g,TAEYANG,_IR40TY1mR0,DARLING ☀️,2025-02-04T12:30:15Z,57.0,True,42272,4317.0,106.0
7802,UCDJnRpq0DnQhrwi1ruuQa7g,TAEYANG,BmRk_8n53W0,#THELIGHTYEAR VIBE 🔥,2025-02-04T12:30:18Z,60.0,True,40284,4515.0,102.0
7802,UCDJnRpq0DnQhrwi1ruuQa7g,TAEYANG,_ZvZ-fNgkUI,HOME SWEET HOME,2025-02-06T08:03:38Z,40.0,True,598526,27580.0,255.0
7802,UCDJnRpq0DnQhrwi1ruuQa7g,TAEYANG,dwxffc8t0zw,See u soon 🌞,2025-02-06T08:03:42Z,38.0,True,61514,5990.0,105.0
7802,UCDJnRpq0DnQhrwi1ruuQa7g,TAEYANG,JBjs-Z9AazE,TAEYANG '기도 + I’LL BE THERE' STAGE REHEARSAL @ 2024-2025 TOUR [THE LIGHT YEAR],2025-02-28T11:00:24Z,273.0,False,78463,6473.0,464.0
7802,UCDJnRpq0DnQhrwi1ruuQa7g,TAEYANG,sU_o_aU9Mrc,#태양 '기도 + I’LL BE THERE' STAGE REHEARSAL @ 2024-2025 TOUR [THE LIGHT YEAR],2025-02-28T11:01:20Z,46.0,True,98448,7729.0,142.0
7802,UCDJnRpq0DnQhrwi1ruuQa7g,TAEYANG,93BinB32zUY,TAEYANG ‘DARLING’ LIVE CLIP @ 2024-2025 TOUR [THE LIGHT YEAR],2025-03-10T11:00:11Z,137.0,False,143124,6091.0,323.0
7802,UCDJnRpq0DnQhrwi1ruuQa7g,TAEYANG,ry5D_vg2gyo,TAEYANG ‘DARLING’ LIVE CLIP @ 2024-2025 TOUR [THE LIGHT YEAR],2025-03-10T11:01:12Z,35.0,True,81906,6760.0,175.0
7802,UCDJnRpq0DnQhrwi1ruuQa7g,TAEYANG,_vU5Cxufu6k,TAEYANG ‘LOVE YOU TO DEATH’ LIVE CLIP @ 2024-2025 TOUR [THE LIGHT YEAR],2025-03-12T11:00:50Z,55.0,True,53776,4801.0,120.0
7802,UCDJnRpq0DnQhrwi1ruuQa7g,TAEYANG,c5ZFQsZWFuk,TAEYANG ‘LOVE YOU TO DEATH’ LIVE CLIP @ 2024-2025 TOUR [THE LIGHT YEAR],2025-03-12T11:00:58Z,238.0,False,179071,8578.0,505.0
7802,UCDJnRpq0DnQhrwi1ruuQa7g,TAEYANG,_mrJUSO4AYE,TAEYANG ‘나의 마음에 (Seed)’ LIVE CLIP @ 2024-2025 TOUR [THE LIGHT YEAR],2025-03-14T11:00:53Z,355.0,False,368855,9220.0,464.0
7802,UCDJnRpq0DnQhrwi1ruuQa7g,TAEYANG,g2jK6vv3CXU,TAEYANG ‘나의 마음에 (Seed)’ LIVE CLIP @ 2024-2025 TOUR [THE LIGHT YEAR],2025-03-14T11:00:59Z,36.0,True,99897,7245.0,135.0
7802,UCDJnRpq0DnQhrwi1ruuQa7g,TAEYANG,0aZ9F0kXTZ0,Golden days are still alive,2025-04-02T09:58:59Z,59.0,True,454054,21532.0,472.0
7802,UCDJnRpq0DnQhrwi1ruuQa7g,TAEYANG,b1Y5EkPQG3M,TAEYANG 2025 TOUR [THE LIGHT YEAR] ENCORE BEHIND,2025-04-11T09:01:01Z,580.0,False,73446,4616.0,407.0
7802,UCDJnRpq0DnQhrwi1ruuQa7g,TAEYANG,jmY6Wd7IUeI,TAEYANG 2025 TOUR [THE LIGHT YEAR] ENCORE BEHIND,2025-04-11T09:01:14Z,40.0,True,127512,7003.0,148.0
7802,UCDJnRpq0DnQhrwi1ruuQa7g,TAEYANG,QpiO13f_nco,TAEYANG GQ KOREA TAG HEUER BEHIND,2025-04-18T10:00:51Z,145.0,False,33972,3352.0,294.0
7802,UCDJnRpq0DnQhrwi1ruuQa7g,TAEYANG,v8v7uOg1zRQ,Hey TAXI TAXI 🚕,2025-05-02T11:18:03Z,52.0,True,232194,12908.0,348.0
7802,UCDJnRpq0DnQhrwi1ruuQa7g,TAEYANG,qo0xq953xWc,TAEYANG 2025 FAN MEETING [01] IN SEOUL,2025-06-09T10:01:36Z,31.0,True,97600,7002.0,310.0
7802,UCDJnRpq0DnQhrwi1ruuQa7g,TAEYANG,7xbqs_sDOTk,TAEYANG 2025 FAN MEETING [01] IN SEOUL with BAE BAE,2025-07-27T07:00:06Z,43.0,True,106035,5626.0,200.0
7802,UCDJnRpq0DnQhrwi1ruuQa7g,TAEYANG,6lC13g2p6GY,TAEYANG 2025 FAN MEETING [01] IN SEOUL BEHIND,2025-09-12T11:00:05Z,796.0,False,41511,3148.0,281.0
7802,UCDJnRpq0DnQhrwi1ruuQa7g,TAEYANG,sHKgvQDckcc,TAEYANG 2025 FAN MEETING [01] IN SEOUL BEHIND,2025-09-12T11:01:41Z,46.0,True,59152,3803.0,116.0
7802,UCDJnRpq0DnQhrwi1ruuQa7g,TAEYANG,ClJpWyzfDXU,TAEYANG 2025 FAN MEETING [01] - DAYS IN JAPAN PART 1,2025-10-27T09:00:06Z,932.0,False,88822,4254.0,318.0
7802,UCDJnRpq0DnQhrwi1ruuQa7g,TAEYANG,CX3GLt8-BKs,TAEYANG 2025 FAN MEETING [01] - DAYS IN JAPAN PART 1,2025-10-27T09:00:31Z,28.0,True,68439,3773.0,83.0
7802,UCDJnRpq0DnQhrwi1ruuQa7g,TAEYANG,sR7esVd5tDc,오늘도 친구들이 왔어 🫂,2025-12-16T10:01:31Z,45.0,True,425535,14972.0,405.0
7802,UCDJnRpq0DnQhrwi1ruuQa7g,TAEYANG,ol1GK6bjvvI,TAEYANG 2025 FAN MEETING [01] - DAYS IN JAPAN PART 2,2025-12-23T11:00:03Z,1433.0,False,69683,3778.0,310.0
7802,UCDJnRpq0DnQhrwi1ruuQa7g,TAEYANG,LOvlCLveHXU,TAEYANG 2025 FAN MEETING [01] - DAYS IN JAPAN PART 2,2025-12-23T11:00:41Z,48.0,True,61426,3501.0,94.0
7802,UCDJnRpq0DnQhrwi1ruuQa7g,TAEYANG,NWHA0SkgpWA,Where U At? I'm at D's WAVE 🌊,2026-01-06T10:00:42Z,54.0,True,206394,8435.0,245.0
7802,UCDJnRpq0DnQhrwi1ruuQa7g,TAEYANG,1frTiotxxJ8,DANCING IN PARIS | TAEYANG,2026-04-06T11:00:03Z,19.0,True,54604,3878.0,94.0
7802,UCDJnRpq0DnQhrwi1ruuQa7g,TAEYANG,64QXd9Wdsx0,DANCING IN PARIS | TAEYANG,2026-04-06T11:00:03Z,677.0,False,209692,7808.0,519.0
7802,UCDJnRpq0DnQhrwi1ruuQa7g,TAEYANG,uDTLmaJ99HQ,BIGBANG at Coachella,2026-04-08T10:00:01Z,17.0,True,95410,7824.0,242.0
7802,UCDJnRpq0DnQhrwi1ruuQa7g,TAEYANG,bbMEYGAEMME,BIG'BANG' at Coachella,2026-04-09T05:00:02Z,8.0,True,339837,14826.0,301.0
7802,UCDJnRpq0DnQhrwi1ruuQa7g,TAEYANG,c8oLUIQ7W-0,TAEYANG at COACHELLA WEEKEND 1,2026-04-16T15:00:01Z,49.0,True,199941,10810.0,350.0
7802,UCDJnRpq0DnQhrwi1ruuQa7g,TAEYANG,j-b0DbFDsBI,TAEYANG at COACHELLA WEEKEND 2,2026-04-23T09:00:33Z,43.0,True,117244,5723.0,166.0
7802,UCDJnRpq0DnQhrwi1ruuQa7g,TAEYANG,mgFQqUTvqvE,QUINTESSENCE TRAILER | TAEYANG,2026-05-03T15:00:06Z,42.0,True,755239,8225.0,700.0
7802,UCDJnRpq0DnQhrwi1ruuQa7g,TAEYANG,QOVRCrljuFI,QUINTESSENCE TRAILER,2026-05-03T15:00:40Z,42.0,True,36807,3449.0,176.0
7802,UCDJnRpq0DnQhrwi1ruuQa7g,TAEYANG,3VOEc8z2QdA,QUINTESSENCE VISUAL FILM | TAEYANG,2026-05-06T09:00:01Z,40.0,True,519363,6404.0,604.0
7802,UCDJnRpq0DnQhrwi1ruuQa7g,TAEYANG,Tyz0rObdpoE,QUINTESSENCE VISUAL FILM,2026-05-06T09:00:43Z,40.0,True,35250,3541.0,192.0
7802,UCDJnRpq0DnQhrwi1ruuQa7g,TAEYANG,Xa2CBF5hf9s,QUINTESSENCE: THE DOCUMENTARY TEASER | TAEYANG,2026-05-08T10:00:01Z,44.0,True,573326,3850.0,287.0
7802,UCDJnRpq0DnQhrwi1ruuQa7g,TAEYANG,ivpxuCuiPC4,QUINTESSENCE: THE DOCUMENTARY TEASER,2026-05-08T10:01:22Z,45.0,True,27309,2544.0,90.0
7802,UCDJnRpq0DnQhrwi1ruuQa7g,TAEYANG,eE2WRndi_fk,QUINTESSENCE CONTENT ANNOUNCEMENT,2026-05-10T09:00:44Z,10.0,True,21414,2417.0,70.0
7802,UCDJnRpq0DnQhrwi1ruuQa7g,TAEYANG,z7qxhc-FyLY,QUINTESSENCE TRACKLIST,2026-05-11T09:01:31Z,27.0,True,42321,3439.0,178.0
7802,UCDJnRpq0DnQhrwi1ruuQa7g,TAEYANG,aFVl5bBwk_8,QUINTESSENCE: THE DOCUMENTARY | TAEYANG,2026-05-13T09:00:01Z,895.0,False,703594,6808.0,491.0
7802,UCDJnRpq0DnQhrwi1ruuQa7g,TAEYANG,UyPYdFOO3jA,QUINTESSENCE: THE DOCUMENTARY,2026-05-13T09:00:18Z,41.0,True,42163,2272.0,62.0
7802,UCDJnRpq0DnQhrwi1ruuQa7g,TAEYANG,PWIgP1xzhow,TAEYANG ‘QUINTESSENCE’ - THE STATION,2026-05-15T13:47:36Z,,False,57670,5402.0,0.0
7803,UCvQPUPoMK0Smj-OHeUe9SEw,꿀키honeykki,gsP01te7hos,"[SUB] VLOG #66 하루세끼, 야채듬뿍 먹는 방법, 초간단 김치만들기 그리고 고등어조림 | What I eat in a day, super easy Kimchi recipe",2023-04-01T03:03:32Z,1180.0,False,150132,2655.0,131.0
7803,UCvQPUPoMK0Smj-OHeUe9SEw,꿀키honeykki,3XO7AwrWvp0,"[SUB] VLOG #67 하루세끼, 간장국수와 콩나물국밥 (with 섞박지) | What I eat in a day, soy-sauce noodle and hot soup",2023-04-16T03:24:15Z,1284.0,False,140693,2852.0,138.0
7803,UCvQPUPoMK0Smj-OHeUe9SEw,꿀키honeykki,SoiuSfgt5D4,"[SUB] VLOG #68 하루세끼, 소금빵 만들면서 이것저것 먹은 것과 애호박고추장찌개 | What I ate in a day, making salt butter bread",2023-04-24T13:02:13Z,1009.0,False,125742,2555.0,118.0
7803,UCvQPUPoMK0Smj-OHeUe9SEw,꿀키honeykki,tzp51OZTWDo,토마토 드라이카레,2023-05-03T02:56:28Z,47.0,True,94091,3498.0,23.0
7803,UCvQPUPoMK0Smj-OHeUe9SEw,꿀키honeykki,FA0CQ_VtD40,여름엔 냉국수,2023-05-04T03:00:06Z,60.0,True,57015,1492.0,11.0
7803,UCvQPUPoMK0Smj-OHeUe9SEw,꿀키honeykki,6WaM6dJIHYM,불닭소스가 나오기전엔 어찌 살았는지... 불닭비빔우동,2023-05-05T04:00:03Z,56.0,True,83189,2843.0,21.0
7803,UCvQPUPoMK0Smj-OHeUe9SEw,꿀키honeykki,T5o71fGvM9k,몇 년을 먹어도 질리지 않는 오이햄샌드위치,2023-05-06T04:00:14Z,54.0,True,150987,3704.0,29.0
7803,UCvQPUPoMK0Smj-OHeUe9SEw,꿀키honeykki,5U3oFA0xOrE,"나의 소울푸드, 간장비빔국수",2023-05-07T04:00:03Z,59.0,True,72031,2046.0,21.0
7803,UCvQPUPoMK0Smj-OHeUe9SEw,꿀키honeykki,MwrbzAU_gFQ,영화에 나온대로 만든 생토노레 #엘리제궁의요리사,2023-05-08T04:00:08Z,60.0,True,64583,1600.0,16.0
7803,UCvQPUPoMK0Smj-OHeUe9SEw,꿀키honeykki,r-Vh1dnmZDo,오이 헤이터가 이 영상을 싫어합니다,2023-05-10T04:00:31Z,49.0,True,38575,834.0,27.0
7803,UCvQPUPoMK0Smj-OHeUe9SEw,꿀키honeykki,BfqIDHus7FU,"[SUB] VLOG #69 하루세끼, 홈메이드 통밀 깜빠뉴, 판콘토마테, 미나리 새우파스타, 샤브샤브  | What I ate in a Day : Making Sourdough",2023-05-14T02:17:50Z,953.0,False,94565,1826.0,85.0
7803,UCvQPUPoMK0Smj-OHeUe9SEw,꿀키honeykki,LIjy6YdUTeQ,장발장,2023-05-15T03:46:39Z,54.0,True,47190,936.0,15.0
7803,UCvQPUPoMK0Smj-OHeUe9SEw,꿀키honeykki,0ZqnrCca0IY,"[SUB] VLOG #70 하루세끼, 아삭한 여름샌드위치, 집김밥, 얼큰 소고기국밥, 오이고추소박이 | What I eat in a day, Spicy Beef Gukbap",2023-05-28T02:00:00Z,1211.0,False,176738,2678.0,126.0
7803,UCvQPUPoMK0Smj-OHeUe9SEw,꿀키honeykki,OrSkI_r8hco,"알끈 제거하지않고, 계란지단 이쁘게 만드는 법",2023-06-02T11:00:24Z,55.0,True,83276,939.0,25.0
7803,UCvQPUPoMK0Smj-OHeUe9SEw,꿀키honeykki,cUJ2BkX5F44,"[SUB] VLOG #71 하루세끼, 블루베리스무디, 시저샐러드, 새우돼지고기만두, 만두파티 |  What I Ate in a Day, Shrimp & pork dumplings",2023-06-11T02:00:12Z,867.0,False,109550,2413.0,109.0
7803,UCvQPUPoMK0Smj-OHeUe9SEw,꿀키honeykki,QqzCtgbJ00g,"[SUB] VLOG #72 하루세끼, 여름의 맛, 바질토마토베이글샌드위치, 토마토 매실절임, 바질우동, 충무김밥 | What I eat in a day, summer dishes",2023-06-25T03:31:12Z,1002.0,False,116580,2430.0,106.0
7803,UCvQPUPoMK0Smj-OHeUe9SEw,꿀키honeykki,gT44Y7LXV-o,"[SUB] VLOG #73 하루세끼, 오버나이트 오트밀, 식재료 소분, 튀김 사라다빵, 불닭치킨, 부엌청소하는 하루 일과 | What I eat in a day",2023-07-08T02:00:18Z,1244.0,False,124363,2211.0,114.0
7803,UCvQPUPoMK0Smj-OHeUe9SEw,꿀키honeykki,XMUqLXAL-JQ,"[SUB] VLOG #74 하루세끼, 쿠스쿠스 샐러드, 쪽파 그릴드 샌드위치, 들깨칼국수 : What I eat in a day",2023-08-27T02:09:59Z,1028.0,False,96003,1847.0,82.0
7803,UCvQPUPoMK0Smj-OHeUe9SEw,꿀키honeykki,BZzbpx3IAqE,그럴싸한 또띠아 치즈 크러스트 피자,2023-09-03T13:47:22Z,55.0,True,59197,1558.0,15.0
7803,UCvQPUPoMK0Smj-OHeUe9SEw,꿀키honeykki,ZtUb-ERGYgo,"[SUB] VLOG #75 하루세끼, 그릭요거트 샌드위치, 자두 복숭아 잼, 오이참치주먹밥, 가지솥밥, 자원순환의 날 | What I eat in a day",2023-09-04T12:00:03Z,1117.0,False,117167,2118.0,135.0
7803,UCvQPUPoMK0Smj-OHeUe9SEw,꿀키honeykki,blveFUtqCXA,"[SUB] VLOG #76 하루세끼, 가을아침에 잘 어울리는 보리술빵, 레몬파스타, 멸치솥밥 | What I eat in a day, barley Makgeolli bread",2023-10-29T02:00:24Z,1091.0,False,75044,1503.0,68.0
7803,UCvQPUPoMK0Smj-OHeUe9SEw,꿀키honeykki,3HopPokDyeM,커피초코크림을 채운 크로아상 번 : Coffee chocolate custard filled croissant bun with G7 커피챌린지,2023-10-29T12:00:05Z,781.0,False,63228,1647.0,64.0
7803,UCvQPUPoMK0Smj-OHeUe9SEw,꿀키honeykki,6Mo36RUunhk,"[SUB] VLOG #77 하루세끼 : 엄마의 호박죽 레시피, 쉬림프번, 스키야키 | What I eat in a day, my mother's hobak juk recipe",2023-11-09T12:00:08Z,963.0,False,79161,1515.0,65.0
7803,UCvQPUPoMK0Smj-OHeUe9SEw,꿀키honeykki,XK3tLHF-bR8,"[SUB] VLOG #78 하루세끼, 진짜 이삭토스트, 유부볶음우동, 오징어무국, 쌀쌀할 땐 국밥이 최고! | What I eat in a day",2023-11-12T02:00:12Z,1053.0,False,112241,1975.0,746.0
7803,UCvQPUPoMK0Smj-OHeUe9SEw,꿀키honeykki,TUWqHC2A3-o,"[SUB] VLOG #79 하루세끼, 집에서 두유 만들어 먹기 (또우장), 청경채 볶음밥, 이연복 셰프 레시피로 만든 굴짬뽕 | What I eat in a day",2023-11-25T11:00:13Z,816.0,False,78346,1585.0,69.0
7803,UCvQPUPoMK0Smj-OHeUe9SEw,꿀키honeykki,CBkpZ1KYWFw,"[SUB] VLOG #80 하루세끼, 페퍼로니 피자토스트, 허니소이치킨 샐러드, 초간단 가자미생선찜과 영양밥 | What I eat in a day with LG광파오븐",2023-11-26T02:00:05Z,1114.0,False,85235,1547.0,81.0
7803,UCvQPUPoMK0Smj-OHeUe9SEw,꿀키honeykki,nGTLbYVXQM8,"[SUB] VLOG #81 하루세끼, 망고사고, 감기를 위한 갈비탕 | What I Ate in a Day : Mango Sago, Galbi-tang",2024-02-18T14:00:38Z,707.0,False,71994,1391.0,61.0
7803,UCvQPUPoMK0Smj-OHeUe9SEw,꿀키honeykki,_n7uubfK4BI,"[SUB] 내가 좋아하는 계란 브런치 (계란말이빵, 터키쉬에그, 스크램블에그샌드위치) | My Favorite Egg Bruch",2024-02-19T11:00:23Z,834.0,False,81359,1755.0,91.0
7803,UCvQPUPoMK0Smj-OHeUe9SEw,꿀키honeykki,kc6IikfA-9I,"[SUB] VLOG #82 하루세끼, 새로운 집에서 첫 영상, 적시소주스, 여름 토마토 파스타 | What I ate in a day : First video in new home",2024-08-11T02:00:18Z,1024.0,False,79226,2310.0,551.0
7803,UCvQPUPoMK0Smj-OHeUe9SEw,꿀키honeykki,s_iVbV4f8AY,"[SUB] VLOG #83 하루세끼: 두부마요네즈, 계란샌드위치, 초간단 파불고기 | What I Ate in a Day : Tofu mayo,  Super easy bulgogi",2024-08-18T04:20:43Z,847.0,False,74768,1729.0,112.0
7803,UCvQPUPoMK0Smj-OHeUe9SEw,꿀키honeykki,Rzdvi_p7jxk,"[SUB] VLOG #84 하루세끼, 김치말이국수, 직접 키운 채소로 만든 튀김덮밥, 김치냉장고 아니 술장고 | What I eat in a day",2024-08-31T02:00:13Z,1206.0,False,77873,1539.0,107.0
7803,UCvQPUPoMK0Smj-OHeUe9SEw,꿀키honeykki,1MJsCmXr6ao,"[SUB] VLOG #85 하루세끼, 호박스프, 홀토마토, 문어생강솥밥 근데 이제 고추짜박이를 곁들인   | What I eat in a day",2024-09-22T02:00:33Z,1157.0,False,69348,1503.0,353.0
7803,UCvQPUPoMK0Smj-OHeUe9SEw,꿀키honeykki,d3ty67X7Rz8,"[SUB] VLOG #86 하루세끼, 초코 그래놀라, 불고기 치즈샌드위치, 초코쉘 무한제공 사건, 불고기나물김밥, 김치냉장고 근황 | What I eat in a day",2024-09-29T02:00:19Z,1219.0,False,74615,1412.0,92.0
7803,UCvQPUPoMK0Smj-OHeUe9SEw,꿀키honeykki,13IUXNNHoUo,흑백요리사 속 3가지 메뉴 도전!  3 Chinese dishes from CULINARY CLASS WARS,2024-10-14T11:17:26Z,958.0,False,77337,1677.0,92.0
7803,UCvQPUPoMK0Smj-OHeUe9SEw,꿀키honeykki,xzr4RhS-mnQ,"VLOG #87 하루세끼, 가을엔 토마토스프와 그릴드치즈샌드위치, 체리 판나코타, 유부주머니 우동, 묵은지 들기름 지짐, 이모카세님 레시피로 구운 김",2024-10-27T02:00:38Z,1048.0,False,86119,1447.0,108.0
7803,UCvQPUPoMK0Smj-OHeUe9SEw,꿀키honeykki,HWLqP5bVhaw,"VLOG #88 봄이니까 냉이 굴 파스타, 냉이 굴솥밥, 굴 전골, 루벤샌드위치 그리고 들기름이벤트 | What I eat in a day",2025-03-09T02:00:23Z,1028.0,False,77340,1867.0,506.0
7803,UCvQPUPoMK0Smj-OHeUe9SEw,꿀키honeykki,OzoZYHLYBlw,타코야키팬으로 호두과자 만들기 #shorts,2025-03-10T21:00:17Z,52.0,True,37344,832.0,18.0
7803,UCvQPUPoMK0Smj-OHeUe9SEw,꿀키honeykki,qHF2GW9Q2Bc,"VLOG ep.89 하루세끼, 나의 여름메뉴, 토마토 바질 샌드위치, 토마토참외국수, 말차라떼, 대파김치, 닭곰탕 : What I eat in a Day: Summer dishes",2025-08-03T12:53:41Z,1067.0,False,59014,1405.0,102.0
7803,UCvQPUPoMK0Smj-OHeUe9SEw,꿀키honeykki,XwErPrLN5QE,"튀긴 부리또, 치미창가",2025-09-14T02:00:13Z,433.0,False,53083,1595.0,71.0
7803,UCvQPUPoMK0Smj-OHeUe9SEw,꿀키honeykki,gZzefAXxDHw,꿀키님 뭐드세요? 9월 컬리 장바구니,2025-09-20T02:03:16Z,71.0,False,94743,1704.0,32.0
7803,UCvQPUPoMK0Smj-OHeUe9SEw,꿀키honeykki,sWioDO7VnZ0,꿀키님 뭐드세요? 마더스오븐 식사빵 리뷰,2025-09-21T11:07:46Z,91.0,False,81120,1216.0,21.0
7803,UCvQPUPoMK0Smj-OHeUe9SEw,꿀키honeykki,0QKKkXdNJaU,꿀키님 뭐드세요? 2분이면 완성되는 통귀리밥 리뷰,2025-09-24T07:13:10Z,91.0,False,101158,1769.0,43.0
7803,UCvQPUPoMK0Smj-OHeUe9SEw,꿀키honeykki,-vjdfP4nm-g,"VLOG ep.90 하루세끼, 뷔페식 아침, 파스트라미 화덕브레드 샌드위치, 꽈리고추 매운돼지갈비찜 | What I eat in a day",2025-09-28T11:48:03Z,774.0,False,71786,1386.0,82.0
7803,UCvQPUPoMK0Smj-OHeUe9SEw,꿀키honeykki,8Z3I6UOpG8Q,VLOG ep.91 가을이니까 대하파티,2025-09-30T10:00:11Z,128.0,False,26697,795.0,51.0
7803,UCvQPUPoMK0Smj-OHeUe9SEw,꿀키honeykki,kW1F865ynmw,꿀키님 뭐쓰세요? 역대급 개복치 유리컵,2025-09-30T10:55:23Z,60.0,True,124987,1408.0,64.0
7803,UCvQPUPoMK0Smj-OHeUe9SEw,꿀키honeykki,4LdW57nf5I8,꿀키님 뭐쓰세요? 자주쓰는 편수냄비,2025-10-26T01:00:04Z,150.0,False,70124,1097.0,16.0
7803,UCvQPUPoMK0Smj-OHeUe9SEw,꿀키honeykki,XOg3hMSzxhU,꿀키님 뭐드세요? 전자레인지로 찜닭 만들어 먹는 10분쿡 리뷰,2025-10-28T07:11:45Z,68.0,False,59029,616.0,18.0
7803,UCvQPUPoMK0Smj-OHeUe9SEw,꿀키honeykki,JeTQ0q46pBM,"육즙터지는 길거리 만두, 성젠바오",2025-11-02T12:22:01Z,558.0,False,48772,1380.0,60.0
7803,UCvQPUPoMK0Smj-OHeUe9SEw,꿀키honeykki,-fLHiI1kDM0,꿀키님 뭐드세요? 11월 컬리 장바구니,2025-11-15T06:07:29Z,119.0,False,139991,1915.0,50.0
7803,UCvQPUPoMK0Smj-OHeUe9SEw,꿀키honeykki,5LVK9h2_nO4,(mini vlog) What I eat in a day with LG STEM 냉장고,2026-02-28T06:21:26Z,161.0,False,28129,380.0,7.0
7804,UC5r3WHrX4Z7peSYpDlgktGw,Talk To Me In Korean,Q-D8L6fRtqc,Stop trying to invent Korean sentences!,2026-01-20T11:37:55Z,21.0,True,16906,563.0,18.0
7804,UC5r3WHrX4Z7peSYpDlgktGw,Talk To Me In Korean,koRY-2Z-3nw,Korean Particles Master Class - How to Use Them Naturally,2026-01-25T00:11:05Z,5576.0,False,9020,507.0,11.0
7804,UC5r3WHrX4Z7peSYpDlgktGw,Talk To Me In Korean,VDxSJsRMWgE,Korean Sentence Pattern Clinic #1 - Change these 5 sentences!,2026-01-31T23:57:10Z,4671.0,False,5839,334.0,13.0
7804,UC5r3WHrX4Z7peSYpDlgktGw,Talk To Me In Korean,3lBuIQ5-zF4,How to learn Korean in 2026,2026-02-02T08:00:41Z,613.0,False,20531,1159.0,55.0
7804,UC5r3WHrX4Z7peSYpDlgktGw,Talk To Me In Korean,JTCzbB1byF8,Taking a call in the middle of a meeting?!,2026-02-04T08:00:31Z,50.0,True,11229,555.0,16.0
7804,UC5r3WHrX4Z7peSYpDlgktGw,Talk To Me In Korean,gKL_vL9cxJg,Korean Sentence Pattern Clinic #2 - Stop saying the same sentences 😃,2026-02-08T13:16:16Z,3885.0,False,4784,276.0,9.0
7804,UC5r3WHrX4Z7peSYpDlgktGw,Talk To Me In Korean,Ta98zxP3gqE,Advanced learners know how to use this grammar #minikoreanlesson,2026-02-11T09:21:06Z,78.0,False,13996,1048.0,28.0
7804,UC5r3WHrX4Z7peSYpDlgktGw,Talk To Me In Korean,mZL-ki176-k,How to say father in Korean #minikoreanlesson,2026-02-12T08:01:03Z,111.0,False,21159,1385.0,48.0
7804,UC5r3WHrX4Z7peSYpDlgktGw,Talk To Me In Korean,1zNJne0MksM,American TV scene that Went Viral in Korea,2026-02-14T08:00:05Z,976.0,False,1472703,42968.0,1841.0
7804,UC5r3WHrX4Z7peSYpDlgktGw,Talk To Me In Korean,AfJq-LbwyDo,Korean Vocabulary Level Check! From Beginner to Advanced,2026-02-14T23:44:14Z,4106.0,False,8984,470.0,12.0
7804,UC5r3WHrX4Z7peSYpDlgktGw,Talk To Me In Korean,0JuIXMR6Rlg,This American TV scene went viral in Korea,2026-02-25T08:00:00Z,104.0,False,16387,704.0,14.0
7804,UC5r3WHrX4Z7peSYpDlgktGw,Talk To Me In Korean,Zde0T3ucZac,Learn to read Korean in 7 days!🇰🇷,2026-02-26T08:15:03Z,16.0,True,8203,198.0,6.0
7804,UC5r3WHrX4Z7peSYpDlgktGw,Talk To Me In Korean,EMW80nk7ioY,Present tense in English but PAST tense in Korean? #minikoreanlesson,2026-03-03T08:00:13Z,88.0,False,11531,822.0,34.0
7804,UC5r3WHrX4Z7peSYpDlgktGw,Talk To Me In Korean,HEt94ZcdNmw,Funny Korean Line from an American TV Show Breakdown,2026-03-05T08:00:27Z,71.0,False,10446,403.0,5.0
7804,UC5r3WHrX4Z7peSYpDlgktGw,Talk To Me In Korean,mkOVYHJeC5I,Growth Is Not Visible In Real Time⏳,2026-03-06T07:42:21Z,89.0,False,9671,716.0,30.0
7804,UC5r3WHrX4Z7peSYpDlgktGw,Talk To Me In Korean,Oa7YlM3bEgg,All Successful Korean Learners Do This,2026-03-06T13:00:53Z,549.0,False,22988,1413.0,125.0
7804,UC5r3WHrX4Z7peSYpDlgktGw,Talk To Me In Korean,Ugqmf1k-w_Q,This is all you need to start learning Korean!🇰🇷,2026-03-08T08:00:29Z,39.0,True,6610,166.0,10.0
7804,UC5r3WHrX4Z7peSYpDlgktGw,Talk To Me In Korean,kVod3wkt6z0,Interesting speaking habit of many Koreans! #minikoreanlesson,2026-03-09T08:00:47Z,70.0,False,18490,1089.0,34.0
7804,UC5r3WHrX4Z7peSYpDlgktGw,Talk To Me In Korean,uzVRtpdPsvM,Do you know EXACTLY how these 2 phrases are different? #minikoreanlesson,2026-03-10T09:45:04Z,86.0,False,15755,1049.0,31.0
7804,UC5r3WHrX4Z7peSYpDlgktGw,Talk To Me In Korean,OB6pFfeDO0c,Why Koreans got EMOTIONAL About BTS's New Album Title - ARIRANG,2026-03-14T08:00:25Z,563.0,False,316587,21715.0,879.0
7804,UC5r3WHrX4Z7peSYpDlgktGw,Talk To Me In Korean,Qqce39hUs-4,Does your language has the same logic as Korean? #minikoreanlesson,2026-03-16T08:17:51Z,91.0,False,22418,1290.0,120.0
7804,UC5r3WHrX4Z7peSYpDlgktGw,Talk To Me In Korean,DTKVjGLv8ao,Can you learn consistently for 6 weeks? 🇰🇷😃,2026-03-20T12:59:48Z,53.0,True,8954,342.0,13.0
7804,UC5r3WHrX4Z7peSYpDlgktGw,Talk To Me In Korean,Mivk0Ii_4ok,Our 6-week bootcamp starts soon! (Registration open 🎉),2026-03-23T09:58:15Z,48.0,True,7781,225.0,79.0
7804,UC5r3WHrX4Z7peSYpDlgktGw,Talk To Me In Korean,7H9IQsfucgM,"More than 1,000 Korean stories in a single app 🇰🇷😍",2026-03-24T09:32:31Z,46.0,True,6189,215.0,10.0
7804,UC5r3WHrX4Z7peSYpDlgktGw,Talk To Me In Korean,PdqRC-6Dj8s,Arirang Lyrics with Translation & Meaning,2026-03-25T07:37:49Z,136.0,False,46045,2409.0,32.0
7804,UC5r3WHrX4Z7peSYpDlgktGw,Talk To Me In Korean,B8sfFGCEGeM,Big update for TTMIK Core Grammar! 🎉🇰🇷,2026-04-02T09:21:51Z,71.0,False,9793,541.0,19.0
7804,UC5r3WHrX4Z7peSYpDlgktGw,Talk To Me In Korean,ggxLhfi9Uc8,The Hidden Meanings in BTS's Lyrics Only Koreans Know,2026-04-06T12:12:28Z,1128.0,False,124833,12688.0,573.0
7804,UC5r3WHrX4Z7peSYpDlgktGw,Talk To Me In Korean,l-jLd5vkEA4,You can use 나 to refer to yourself in polite Korean?,2026-04-08T10:50:49Z,116.0,False,19191,1196.0,29.0
7804,UC5r3WHrX4Z7peSYpDlgktGw,Talk To Me In Korean,Jy0d7JOyeOQ,BTS Arirang: Full Korean Lyrics Breakdown (Live Class),2026-04-09T00:56:05Z,8321.0,False,11662,816.0,26.0
7804,UC5r3WHrX4Z7peSYpDlgktGw,Talk To Me In Korean,MfXUpamxP40,“Convenient” and “Comfortable” with one Korean word?,2026-04-09T10:00:38Z,107.0,False,13569,768.0,40.0
7804,UC5r3WHrX4Z7peSYpDlgktGw,Talk To Me In Korean,anYbV6b74EI,Not understanding is part of the process,2026-04-10T12:00:03Z,67.0,False,13276,1104.0,32.0
7804,UC5r3WHrX4Z7peSYpDlgktGw,Talk To Me In Korean,a4XhOzf26i8,When intonation changes the whole meaning of a Korean sentence,2026-04-11T11:00:00Z,40.0,True,11532,616.0,19.0
7804,UC5r3WHrX4Z7peSYpDlgktGw,Talk To Me In Korean,U0_rl1nkW64,Not starting now will only delay your progress,2026-04-13T01:00:24Z,79.0,False,5644,407.0,12.0
7804,UC5r3WHrX4Z7peSYpDlgktGw,Talk To Me In Korean,poJs7NUSQ-E,Want to guess where this Korean word came from?,2026-04-13T12:01:24Z,90.0,False,13246,790.0,16.0
7804,UC5r3WHrX4Z7peSYpDlgktGw,Talk To Me In Korean,C85Nxv11mr4,SEYO is open for free! (Hurry up and get it 😃),2026-04-16T11:00:30Z,45.0,True,9157,417.0,26.0
7804,UC5r3WHrX4Z7peSYpDlgktGw,Talk To Me In Korean,72n2OBal9sg,BTS 'ARIRANG' Full Lyrics Breakdown: Explained by a Korean Teacher,2026-04-17T10:00:13Z,3498.0,False,8495,537.0,44.0
7804,UC5r3WHrX4Z7peSYpDlgktGw,Talk To Me In Korean,DTdnd8eElxw,So what do you hear in ㄱ?,2026-04-20T13:34:01Z,32.0,True,7802,256.0,4.0
7804,UC5r3WHrX4Z7peSYpDlgktGw,Talk To Me In Korean,g_dkbzJ99-Q,The road to fluency is often “messy”,2026-04-23T03:09:00Z,74.0,False,8429,568.0,18.0
7804,UC5r3WHrX4Z7peSYpDlgktGw,Talk To Me In Korean,Ab7KBbpTnjA,How to ACTUALLY Learn Korean with K-Pop,2026-04-24T11:00:31Z,675.0,False,26067,2334.0,86.0
7804,UC5r3WHrX4Z7peSYpDlgktGw,Talk To Me In Korean,Vj9GN5WSyV4,Say this instead of 몰라요 to say “I don’t know” in Korean,2026-04-26T12:10:02Z,81.0,False,44219,3991.0,82.0
7804,UC5r3WHrX4Z7peSYpDlgktGw,Talk To Me In Korean,sa_23mppEzs,You can learn Korean words naturally through stories 😃🇰🇷,2026-04-27T10:01:29Z,81.0,False,5770,385.0,9.0
7804,UC5r3WHrX4Z7peSYpDlgktGw,Talk To Me In Korean,DSzbO7MbwXI,How to say “lesson” in Korean naturally 🇰🇷,2026-04-27T22:26:00Z,131.0,False,13591,963.0,28.0
7804,UC5r3WHrX4Z7peSYpDlgktGw,Talk To Me In Korean,ztG_7WBx46Y,How did it translate into this? 😲🇰🇷,2026-04-28T09:01:28Z,105.0,False,8838,527.0,23.0
7804,UC5r3WHrX4Z7peSYpDlgktGw,Talk To Me In Korean,TRcuFLJvNA8,For absolute beginners of Korean 🇰🇷 Here’s our 7-day Hangeul program,2026-04-28T11:00:57Z,46.0,True,5701,272.0,9.0
7804,UC5r3WHrX4Z7peSYpDlgktGw,Talk To Me In Korean,ZCpibvc-b-Q,That’s definitely NOT what he said 😆🇰🇷,2026-04-30T06:15:04Z,39.0,True,49654,2703.0,115.0
7804,UC5r3WHrX4Z7peSYpDlgktGw,Talk To Me In Korean,AZpgkBqQ9lc,Our TOPIK I book is here! 😃🇰🇷,2026-04-30T18:00:09Z,50.0,True,10027,434.0,13.0
7804,UC5r3WHrX4Z7peSYpDlgktGw,Talk To Me In Korean,4Ni1Tp_h9fw,For absolute beginners of Korean: 7-day Hangeul program,2026-05-04T08:00:05Z,26.0,True,4077,162.0,6.0
7804,UC5r3WHrX4Z7peSYpDlgktGw,Talk To Me In Korean,w0w2iTV-864,What incorrect spacing in Korean sounds like,2026-05-06T22:10:00Z,134.0,False,12635,1109.0,27.0
7804,UC5r3WHrX4Z7peSYpDlgktGw,Talk To Me In Korean,hQPI5Dsw2UE,“I don’t know my friend’s wife’s name.” #koreanculture,2026-05-14T02:57:01Z,87.0,False,12225,847.0,31.0
7804,UC5r3WHrX4Z7peSYpDlgktGw,Talk To Me In Korean,QKeIfnp-_3A,Why so many Korean learners take the TOPIK exam,2026-05-14T12:00:22Z,465.0,False,5952,473.0,54.0
7805,UCitKV0ebZVbtU2nIPihDGMQ,Dollightful,eqwC4qJpcVs,Custom Blind Box Kitties! (painting duplicate figurines😁),2023-01-07T15:00:34Z,421.0,False,808571,37124.0,897.0
7805,UCitKV0ebZVbtU2nIPihDGMQ,Dollightful,RYOqqDEtOks,"Repaint! 토끼🐇🌈 Tokki, the Pastel-Rainbow Magical Girl! Custom Monster High Twyla Doll",2023-02-27T23:20:06Z,1504.0,False,1403910,74161.0,4326.0
7805,UCitKV0ebZVbtU2nIPihDGMQ,Dollightful,MI1Hop6rnfw,Monster High Gen 3 vs Gen 1 Dolls: An In-depth Comparison for Customizers!,2023-03-20T17:00:11Z,655.0,False,1348531,44031.0,2051.0
7805,UCitKV0ebZVbtU2nIPihDGMQ,Dollightful,uEeF7zKRUz0,Broken Doll Necks - 3 Ways to Fix [Doll Customizing],2023-04-15T00:00:20Z,661.0,False,301422,23431.0,689.0
7805,UCitKV0ebZVbtU2nIPihDGMQ,Dollightful,5W-9DiFk_fQ,"Repaint! Ruby, the Rainbow Skater Girl 🌈 Custom Monster High Lagoona Doll",2023-06-05T22:00:02Z,1354.0,False,1377387,80972.0,4088.0
7805,UCitKV0ebZVbtU2nIPihDGMQ,Dollightful,ONybCAO_j0w,Dollightful Studio Tour 2023,2023-07-08T14:00:28Z,570.0,False,558791,50511.0,2174.0
7805,UCitKV0ebZVbtU2nIPihDGMQ,Dollightful,GSUZB6rRCKY,Pokéball beach balls!,2023-07-17T14:38:57Z,50.0,True,313993,29433.0,483.0
7805,UCitKV0ebZVbtU2nIPihDGMQ,Dollightful,a2xE8obvpQY,Customizing Ugly Buttons: 3 Easy Methods!,2023-07-28T13:15:00Z,421.0,False,286035,24452.0,552.0
7805,UCitKV0ebZVbtU2nIPihDGMQ,Dollightful,A80T_AVa34M,That one time Mai Tai fell into the ocean,2023-08-06T10:30:06Z,12.0,True,291669,24794.0,145.0
7805,UCitKV0ebZVbtU2nIPihDGMQ,Dollightful,yOY21ZVuuPQ,Little Mimi x Kuromi Doll that I couldn't resist,2023-08-20T14:30:21Z,58.0,True,253412,27821.0,260.0
7805,UCitKV0ebZVbtU2nIPihDGMQ,Dollightful,fcSCmcvp3wE,Repaint! Uvie the Dark Rainbow Doll🖤🌈 Custom Made Monster High Doll,2023-09-23T13:00:40Z,1855.0,False,1851502,91548.0,4948.0
7805,UCitKV0ebZVbtU2nIPihDGMQ,Dollightful,pkCtRFWIkrc,Repaint! Heathcliff the Vampire 🦇 Halloween Doll 2023,2023-10-29T14:00:27Z,1077.0,False,782768,69295.0,3500.0
7805,UCitKV0ebZVbtU2nIPihDGMQ,Dollightful,_AGFwzc3Mk4,Doll Photography 101: Be prepared to catch the doll #dollphotography #customdoll #halloweendoll,2023-11-14T04:52:24Z,11.0,True,258981,21128.0,109.0
7805,UCitKV0ebZVbtU2nIPihDGMQ,Dollightful,OAW1bohbDAk,Heathcliff's Gallery: Talking about the paintings from his video!,2023-11-17T15:00:26Z,290.0,False,98677,13148.0,345.0
7805,UCitKV0ebZVbtU2nIPihDGMQ,Dollightful,BhSiMCz5fEY,Doll Stockings – Day 1 – Twelve Days of Craftsmas,2023-12-13T22:00:10Z,171.0,False,83728,11822.0,238.0
7805,UCitKV0ebZVbtU2nIPihDGMQ,Dollightful,bO0BXtLjWHo,Snowflake Garland – Day 2 – Twelve Days of Craftsmas,2023-12-14T22:00:30Z,288.0,False,67999,8619.0,141.0
7805,UCitKV0ebZVbtU2nIPihDGMQ,Dollightful,nFBdHYecqj4,Christmas Tree – Day 3 – Twelve Days of Craftsmas,2023-12-15T22:00:31Z,223.0,False,58999,7320.0,126.0
7805,UCitKV0ebZVbtU2nIPihDGMQ,Dollightful,4DhyVHuEm-Y,Wreath Ornament – Day 4 – Twelve Days of Craftsmas,2023-12-16T22:00:01Z,175.0,False,55955,6271.0,110.0
7805,UCitKV0ebZVbtU2nIPihDGMQ,Dollightful,F4l7Lk8LiHg,Pom-pom Snowman – Day 5 – Twelve Days of Craftsmas,2023-12-17T22:00:04Z,272.0,False,53434,6741.0,142.0
7805,UCitKV0ebZVbtU2nIPihDGMQ,Dollightful,PVJEhkMBcVM,Doll Scarf – Day 6 – Twelve Days of Craftsmas,2023-12-18T22:00:08Z,253.0,False,51073,6163.0,83.0
7805,UCitKV0ebZVbtU2nIPihDGMQ,Dollightful,pr_qGBGoKfM,Tiny Presents – Day 7 – Twelve Days of Craftsmas,2023-12-19T22:00:22Z,271.0,False,59084,6334.0,151.0
7805,UCitKV0ebZVbtU2nIPihDGMQ,Dollightful,Y8VWcYh5M1E,Angel Costume for Dolls – Day 8 –Twelve Days of Craftsmas,2023-12-20T22:00:25Z,188.0,False,52503,6020.0,105.0
7805,UCitKV0ebZVbtU2nIPihDGMQ,Dollightful,EUSJlKxEIFk,Doll Ice Skates – Day 9 – Twelve Days of Craftsmas,2023-12-21T22:00:04Z,246.0,False,52910,5811.0,75.0
7805,UCitKV0ebZVbtU2nIPihDGMQ,Dollightful,PraId27kTlk,Peppermint Candy Canes with Box – Day 10 – Twelve Days of Craftsmas,2023-12-22T22:00:09Z,297.0,False,54716,5980.0,111.0
7805,UCitKV0ebZVbtU2nIPihDGMQ,Dollightful,IjnYdxp8NJk,Holiday Drawing – Day 11 – Twelve Days of Craftsmas,2023-12-23T22:00:12Z,283.0,False,62877,6729.0,327.0
7805,UCitKV0ebZVbtU2nIPihDGMQ,Dollightful,c9W0luJi_1s,Repaint! Polly Peppermint the Christmas Elf – Day 12 - Twelve Days of Craftsmas,2023-12-24T15:00:27Z,937.0,False,636467,51542.0,1391.0
7805,UCitKV0ebZVbtU2nIPihDGMQ,Dollightful,XWEtCamswcY,Blacklight + Dolls 😍 #uvlight #blacklight #dolls #dollshelf,2024-02-06T00:50:37Z,59.0,True,317147,45589.0,311.0
7805,UCitKV0ebZVbtU2nIPihDGMQ,Dollightful,1DVHUJSCTPI,"Repaint! Valentine, the Lovecore Fashion Doll Custom! ❤️",2024-02-23T23:00:01Z,922.0,False,1048499,95944.0,3685.0
7805,UCitKV0ebZVbtU2nIPihDGMQ,Dollightful,va7aG7KaWMQ,Sketch with me! #11 Dollightful ladies,2024-03-13T23:00:36Z,690.0,False,114196,12300.0,409.0
7805,UCitKV0ebZVbtU2nIPihDGMQ,Dollightful,JSaun3EqQRI,Easter Eggs! 3 fun easy decorating methods,2024-03-26T13:24:36Z,460.0,False,94543,10150.0,524.0
7805,UCitKV0ebZVbtU2nIPihDGMQ,Dollightful,Ektr0GB9zwE,"Repaint! Margarita, the Summery, Tropical Monster High Doll Custom!",2024-04-26T21:43:27Z,1066.0,False,603965,47085.0,2345.0
7805,UCitKV0ebZVbtU2nIPihDGMQ,Dollightful,bfCZfgc7Gfg,I found APOKI's frame at the selfie studio! 💖 @apoki_vv  #apoki #아뽀키,2024-06-07T23:09:24Z,59.0,True,109448,10762.0,133.0
7805,UCitKV0ebZVbtU2nIPihDGMQ,Dollightful,ch8JvUGEFkQ,Repaint! Chi Chi 🌴🥥 Tropical Beach Vibes Custom Monster High Doll!,2024-06-15T22:09:21Z,1308.0,False,1294891,88996.0,3104.0
7805,UCitKV0ebZVbtU2nIPihDGMQ,Dollightful,2Y1XNxxAbJ8,"Sketch with me! #12 Painting my ""Outfit Of The Day""s 💗",2024-07-06T14:00:05Z,611.0,False,80136,9880.0,328.0
7805,UCitKV0ebZVbtU2nIPihDGMQ,Dollightful,NidAoiJeTWg,Merch alert! Dollightful's new shop! 😀,2024-07-22T23:00:10Z,152.0,False,64906,9328.0,421.0
7805,UCitKV0ebZVbtU2nIPihDGMQ,Dollightful,uiRQlMx0z8k,"HeXtian's Switcharoo Doll - Unboxing Bibi, a blast from the past!",2024-07-27T14:00:45Z,279.0,False,226196,21040.0,408.0
7805,UCitKV0ebZVbtU2nIPihDGMQ,Dollightful,Gnm1yxw6hGI,Mini-Me Makeover: Thank You for 2 Million Subscribers!,2024-09-01T15:12:55Z,927.0,False,505540,59589.0,2353.0
7805,UCitKV0ebZVbtU2nIPihDGMQ,Dollightful,hHU2YocDETY,I'm back! 😃 2025 Channel Update,2025-01-18T00:00:34Z,213.0,False,321781,43868.0,2067.0
7805,UCitKV0ebZVbtU2nIPihDGMQ,Dollightful,x7s20vieJZY,My 10yr old niece made a mini-mini-Katherine!❤️️🎁,2025-02-18T22:52:54Z,35.0,True,528908,101123.0,694.0
7805,UCitKV0ebZVbtU2nIPihDGMQ,Dollightful,LAL-vPn0EbY,Rainbow Candy Dolls are in the works!  #dolldesign #rainbowdolls,2025-03-24T05:42:17Z,54.0,True,312717,60081.0,735.0
7805,UCitKV0ebZVbtU2nIPihDGMQ,Dollightful,eZE4qot1Quk,Rainbow Candy Series 🍭 RED - Cherry Doll,2025-06-13T22:00:47Z,1365.0,False,892677,95396.0,4811.0
7805,UCitKV0ebZVbtU2nIPihDGMQ,Dollightful,xpBxtF1ViF4,Rainbow Candy Series 🍭 ORANGE - Clementine Doll,2025-07-18T22:01:07Z,1206.0,False,708810,59143.0,3186.0
7805,UCitKV0ebZVbtU2nIPihDGMQ,Dollightful,xG0FocO2tBQ,Powering through my audio recording 😆,2025-08-22T07:25:17Z,63.0,False,152001,20536.0,447.0
7805,UCitKV0ebZVbtU2nIPihDGMQ,Dollightful,N5APB256Bi8,Rainbow Candy Series 🍭 YELLOW - Buttercup Doll,2025-09-10T22:00:25Z,1158.0,False,516126,49615.0,2262.0
7805,UCitKV0ebZVbtU2nIPihDGMQ,Dollightful,G4AFL6UzXHw,Repaint! The Mothman 🎃Custom Doll Halloween Collaboration 2025,2025-10-25T15:14:30Z,1327.0,False,569313,53645.0,2895.0
7805,UCitKV0ebZVbtU2nIPihDGMQ,Dollightful,OCdJ-h3GoU0,Noelle's new look 🎄,2025-11-08T02:29:19Z,52.0,True,204884,32967.0,217.0
7805,UCitKV0ebZVbtU2nIPihDGMQ,Dollightful,lzxkD4sCExY,Repaint! Christmas Tree Topper Angel Custom Doll,2025-12-21T14:01:20Z,1451.0,False,467366,55079.0,2660.0
7805,UCitKV0ebZVbtU2nIPihDGMQ,Dollightful,sh5KRevFnl4,Rainbow Candy Series 🍭 GREEN - Matcha Doll,2026-02-06T23:01:11Z,999.0,False,467114,50829.0,2457.0
7805,UCitKV0ebZVbtU2nIPihDGMQ,Dollightful,hSBAW2LJD04,Dollightful Patterns Etsy now has the Fantasy Hanbok!,2026-02-27T13:01:21Z,48.0,True,89731,12789.0,76.0
7805,UCitKV0ebZVbtU2nIPihDGMQ,Dollightful,2i4x0LKdJek,Rainbow Candy Series 🍭 BLUE - Berri Doll,2026-04-10T22:00:08Z,1113.0,False,434348,47778.0,2152.0
7806,UC9ZLv1m7QDLv991X1-p50AA,보물섬,jwsmR0fvepc,나락간 200만 유튜버..,2025-10-28T09:28:49Z,129.0,False,300997,3196.0,118.0
7806,UC9ZLv1m7QDLv991X1-p50AA,보물섬,6BuQMDEC8ZY,3대 400친다고 깝치는 김동현 진짜로 가능한지 증명 못하면 반성문 400장 쓰기 ㅋㅋㅋㅋㅋ,2025-10-29T11:10:06Z,1732.0,False,995409,9584.0,1749.0
7806,UC9ZLv1m7QDLv991X1-p50AA,보물섬,afSjvFbPuQU,취사병 개꿀이라는 친구 취사병으로 재입대시켜서 100인분 음식 강제로 만들게 하기ㅋㅋㅋㅋ,2025-11-02T09:04:12Z,1406.0,False,1820761,16832.0,1637.0
7806,UC9ZLv1m7QDLv991X1-p50AA,보물섬,Dmt00wp64ZI,장사하는 친구 가게 쳐들어가서 외부음식 먹기 ㅋㅋㅋㅋ,2025-11-06T11:06:28Z,95.0,False,1188183,22181.0,197.0
7806,UC9ZLv1m7QDLv991X1-p50AA,보물섬,cVjNqzay1gM,건망증 절대 없다고 깝치는 김동현 실수하게 만들어서 건망증 말기로 몰아가기 ㅋㅋㅋㅋㅋ,2025-11-07T09:01:47Z,1359.0,False,1270718,14248.0,907.0
7806,UC9ZLv1m7QDLv991X1-p50AA,보물섬,2LpjGSNGScE,마이크 고장난(?) 창법 ㅋㅋㅋ,2025-11-10T08:58:33Z,75.0,False,120168,1002.0,36.0
7806,UC9ZLv1m7QDLv991X1-p50AA,보물섬,VWaiigHx3QA,"(1vs5) 6명의 미친 피지컬맨들의 웃음공격을 견뎌라!! 100만원이 걸린 웃참 대결 ㅋㅋㅋ(feat.보따,더 면상)",2025-11-12T10:12:33Z,1159.0,False,826734,9192.0,832.0
7806,UC9ZLv1m7QDLv991X1-p50AA,보물섬,TvpDK-WAg8o,고작 가위바위보에 인생 걸기 게임!! 지는 놈 일본 오사카에서 도쿄까지 500km 택시타고 가기 ㅋㅋㅋㅋㅋ,2025-11-18T10:36:37Z,2105.0,False,1160606,12659.0,1620.0
7806,UC9ZLv1m7QDLv991X1-p50AA,보물섬,X8kVHdVm5ic,멀티 잘한다고 깝치는 김동현 지옥맛 멀티 테스트로 조지기ㅋㅋㅋㅋㅋ,2025-11-23T11:23:27Z,1078.0,False,723571,7980.0,802.0
7806,UC9ZLv1m7QDLv991X1-p50AA,보물섬,qoPKWKzwqpY,성인 ADHD 유발 영상 ㅋㅋㅋ,2025-11-24T09:37:41Z,76.0,False,191403,1405.0,49.0
7806,UC9ZLv1m7QDLv991X1-p50AA,보물섬,Cx2mmK0Biv0,세차장에서 샤워 하는 남자 ㅋㅋㅋ,2025-11-26T11:42:18Z,36.0,True,133554,1165.0,37.0
7806,UC9ZLv1m7QDLv991X1-p50AA,보물섬,H2Bjaf9GY5I,이지 노말 하드 3개의 각자 다른 난이도로 굶어보기 ㅋㅋㅋㅋㅋㅋㅋ,2025-11-28T10:09:29Z,1639.0,False,1376532,12440.0,1196.0
7806,UC9ZLv1m7QDLv991X1-p50AA,보물섬,2q4kDD13fpY,오늘도 참수당하는 조훈 ㅋㅋㅋ,2025-12-02T10:21:13Z,65.0,False,350419,3124.0,50.0
7806,UC9ZLv1m7QDLv991X1-p50AA,보물섬,vZgY7WkajIw,골프 한번도 안 쳐본 골프 지읒밥들 골프장에서 돈 걸고 대결 시키기 ㅋㅋㅋㅋㅋㅋ(지읒밥대전),2025-12-05T10:56:59Z,1426.0,False,749442,7765.0,765.0
7806,UC9ZLv1m7QDLv991X1-p50AA,보물섬,M_bnmUdKTA0,너무 수상한 마사지사,2025-12-09T09:53:13Z,61.0,False,97585,892.0,33.0
7806,UC9ZLv1m7QDLv991X1-p50AA,보물섬,vca_8NDK5Nk,자신의 위치를 생방송으로 노출시키고 꼬리잡기를 해야하는 추격전 ㅋㅋㅋㅋㅋ [더 꼬리 라이브],2025-12-13T11:49:33Z,1458.0,False,869836,10472.0,906.0
7806,UC9ZLv1m7QDLv991X1-p50AA,보물섬,dVmo5ZYoicg,화내면 100만원!! 엄마한테 물 뿌려도 화를 참아야 하는 선넘네 챌린지ㅋㅋㅋㅋㅋㅋㅋ,2025-12-16T11:19:43Z,934.0,False,1447507,15592.0,1205.0
7806,UC9ZLv1m7QDLv991X1-p50AA,보물섬,XguED_ZOvG8,카메라 들이밀면 미친놈처럼 센척해야하는 테토남 챌린지 ㅋㅋㅋㅋㅋ,2025-12-19T11:03:21Z,1261.0,False,954407,11292.0,1484.0
7806,UC9ZLv1m7QDLv991X1-p50AA,보물섬,VlV6TzEUCgM,소중한 물건 훔친 뒤 예고한대로 눈앞에서 순간이동 해버리기 ㅋㅋㅋㅋㅋ(괴도퀴두7탄 feat.대마법사최현우),2025-12-27T10:45:57Z,1745.0,False,1099693,17026.0,2045.0
7806,UC9ZLv1m7QDLv991X1-p50AA,보물섬,Bj2nJCqGL6o,고작 가위바위보에 인생 걸기 게임!! 지는 놈 북극아래 핀란드까지 가서 크리스마스 선물 사오기! ㅋㅋㅋㅋ,2025-12-31T09:00:22Z,2766.0,False,1172503,13328.0,1948.0
7806,UC9ZLv1m7QDLv991X1-p50AA,보물섬,W46VlHc-92g,"2026년 친구의 버킷리스트를 극한의 컨텐츠로 바꿔버리는 뒤죽박죽 버킷리스트 특집 ㅋㅋ 전신삭발,600만원 기부 벌칙",2026-01-08T11:29:14Z,1210.0,False,974536,13252.0,1768.0
7806,UC9ZLv1m7QDLv991X1-p50AA,보물섬,y2qL74KiMEg,국밥 부심 부리는 김동현 돼지알(?) 국밥으로 혼쭐내주기 ㅋㅋㅋㅋ,2026-01-13T09:02:23Z,849.0,False,881908,11072.0,1104.0
7806,UC9ZLv1m7QDLv991X1-p50AA,보물섬,AcfMDg55f_k,재밌는 오답을 못 쓰면 죽음의 벌칙을 받아야 하는 오답퀴즈쇼 ㅋㅋㅋㅋㅋㅋㅋㅋㅋㅋㅋ (feat.조충현),2026-01-17T09:35:30Z,1523.0,False,663625,8962.0,896.0
7806,UC9ZLv1m7QDLv991X1-p50AA,보물섬,OooY055tdIs,"자꾸 말 바꾸는 강민석, 똑같이 말 바꿔서 개쓰레기 만들어버리기 ㅋㅋㅋㅋㅋㅋㅋㅋㅋㅋㅋㅋㅋㅋㅋ",2026-01-25T11:40:11Z,1108.0,False,888242,11558.0,1156.0
7806,UC9ZLv1m7QDLv991X1-p50AA,보물섬,p9e02F6R6yU,2025년 참교육 덜 당한 멤버들 대결 붙여서 한 명만 최악의 몰빵 벌칙 받게 하기ㅋㅋㅋㅋ(참교육 연말정산),2026-01-29T10:15:31Z,2046.0,False,964534,13232.0,1455.0
7806,UC9ZLv1m7QDLv991X1-p50AA,보물섬,frRABcHirSo,극한의 영하 30도 사막 한가운데서 혼자 야외취침하기 ㅋㅋㅋㅋㅋ(연말정산),2026-02-01T11:27:37Z,1259.0,False,744885,10828.0,925.0
7806,UC9ZLv1m7QDLv991X1-p50AA,보물섬,_Q10jg1RmPM,먼저 세배한 사람에게 강제로 세뱃돈을 줘야하는 2026 세뱃돈 챌린지ㅋㅋㅋㅋㅋㅋ,2026-02-04T11:02:11Z,1443.0,False,836137,11067.0,1638.0
7806,UC9ZLv1m7QDLv991X1-p50AA,보물섬,sXEbeAgbCtc,설날에 용돈 벌어가는 법 ㅋㅋㅋ,2026-02-06T10:10:31Z,74.0,False,69650,797.0,28.0
7806,UC9ZLv1m7QDLv991X1-p50AA,보물섬,SVK11o4puqU,10년지기 찐친이 싫어하는 행동들 리스트로 모아 놓고 싹 다해서 손절하는 손절리스트 ㅋㅋㅋㅋㅋㅋㅋㅋ,2026-02-10T10:25:04Z,1251.0,False,1265929,14864.0,1254.0
7806,UC9ZLv1m7QDLv991X1-p50AA,보물섬,AoK5goTxfA0,친구가 할 행동을 미리 예측해서 빙고판 만들고 당사자 몰래 빙고게임하기 ㅋㅋㅋㅋㅋㅋ,2026-02-16T10:46:15Z,1932.0,False,1121597,12651.0,978.0
7806,UC9ZLv1m7QDLv991X1-p50AA,보물섬,AKuyNSAKlQY,알람 못듣고 지각한 친구 30가지 미친 알람으로 강제 기상시키기 ㅋㅋㅋㅋㅋㅋㅋㅋㅋㅋㅋㅋ,2026-02-21T12:44:51Z,1652.0,False,1046320,12774.0,1124.0
7806,UC9ZLv1m7QDLv991X1-p50AA,보물섬,yBEp282JzzM,고작 가위바위보에 인생 걸기 게임! 진 놈 독일가서 벤츠 뽑아오기!ㅋㅋㅋㅋㅋㅋㅋ,2026-02-25T10:03:05Z,1728.0,False,957551,12715.0,1468.0
7806,UC9ZLv1m7QDLv991X1-p50AA,보물섬,RAPtP-qnQak,NG나도 절대 재촬영 없는 드라마 (오징어 게임2 명장면) ㅋㅋㅋㅋㅋㅋㅋㅋ,2026-03-02T10:34:54Z,1000.0,False,846309,13674.0,1669.0
7806,UC9ZLv1m7QDLv991X1-p50AA,보물섬,zCcdJdyZ0tk,"고급스럽게 웃겨보라는 형, 파인다이닝식으로 고오급스럽게 참교육해주기 ㅋㅋㅋㅋ",2026-03-08T10:54:45Z,1051.0,False,832101,10678.0,851.0
7806,UC9ZLv1m7QDLv991X1-p50AA,보물섬,RLBgy4wwJEU,평생 선비처럼 살던 친구가 갑자기 쌩 양아치가 됐을 때 찐친들 반응 ㅋㅋㅋㅋㅋㅋㅋㅋㅋㅋ,2026-03-14T11:13:41Z,1057.0,False,2177300,25165.0,2019.0
7806,UC9ZLv1m7QDLv991X1-p50AA,보물섬,nYQ1Cb_3FcQ,고작 가위바위보에 목숨 걸기 대결! 진 놈은 대만가서 취두부 3종 먹기!! ㅋㅋㅋㅋㅋㅋㅋ,2026-03-21T10:13:35Z,1768.0,False,887788,10919.0,2837.0
7806,UC9ZLv1m7QDLv991X1-p50AA,보물섬,SDYxiCaD9aM,최악의 괴식으로 두 놈을 죽이고 생존해라 괴식대첩 흑백요리사2 특집ㅋㅋㅋ,2026-03-25T10:03:17Z,2452.0,False,1030467,15524.0,2143.0
7806,UC9ZLv1m7QDLv991X1-p50AA,보물섬,yRAK_Aak6Oo,운전 잘한다고 꺼드럭 대는 친구들 교통사고 보여줘서 정신차리게 하기 ㅋㅋㅋㅋㅋㅋㅋㅋ,2026-03-31T11:31:16Z,1293.0,False,1161556,16280.0,1225.0
7806,UC9ZLv1m7QDLv991X1-p50AA,보물섬,_OrFhdTFn_4,선행을 베풀어 양심의 가책을 덜고 그만큼 나쁜짓을 맘껏 저지르는 카르마 특집 ㅋㅋㅋㅋㅋㅋㅋㅋㅋㅋㅋ,2026-04-05T10:04:04Z,925.0,False,664560,10392.0,844.0
7806,UC9ZLv1m7QDLv991X1-p50AA,보물섬,OCM5lwl78WY,외계인 침공시 함께 할 인물 월드컵으로 쓸데없는 토론하기 ㅋㅋㅋㅋㅋ(좌우토론),2026-04-10T11:25:26Z,1877.0,False,638393,9588.0,1027.0
7806,UC9ZLv1m7QDLv991X1-p50AA,보물섬,W8Y1H_vrS7U,강민석 작곡파일 진짜 중국 만리장성 양쪽 끝에 묻고 찾게하기 ㅋㅋㅋㅋㅋ,2026-04-16T10:15:15Z,1803.0,False,887313,11680.0,1150.0
7806,UC9ZLv1m7QDLv991X1-p50AA,보물섬,4qt7xaTqI5U,남 일 방해하는 김동현 유튜브 촬영 몰래 방해해서 영상 망하게 하기ㅋㅋㅋㅋㅋ,2026-04-22T10:16:49Z,809.0,False,836347,11428.0,722.0
7806,UC9ZLv1m7QDLv991X1-p50AA,보물섬,b3wFqxZVAy8,인간 악기 김동현 ㅋㅋㅋㅋㅋ,2026-04-24T10:55:47Z,87.0,False,63335,1863.0,97.0
7806,UC9ZLv1m7QDLv991X1-p50AA,보물섬,zw8oaIflKLI,카드 잃어버리고 몇달째 모르는 강민석 카드로 눈치챌 때까지 무한 결제해서 건망증 치료하기ㅋㅋㅋㅋㅋㅋ,2026-04-25T10:22:21Z,1347.0,False,842120,11913.0,1117.0
7806,UC9ZLv1m7QDLv991X1-p50AA,보물섬,nzIRh6IPZKc,겟앰프드 해본 사람만 빡치는 영상 ㅋㅋㅋ,2026-04-28T06:44:49Z,60.0,True,175418,1064.0,21.0
7806,UC9ZLv1m7QDLv991X1-p50AA,보물섬,gbrSE1Zt-5k,해외여행 가는 친구 여권 택배상자 10개중1개에 넣고 전국으로 뿌리기 ㅋㅋㅋㅋㅋㅋㅋㅋㅋㅋ,2026-05-02T11:19:54Z,1926.0,False,825723,10995.0,897.0
7806,UC9ZLv1m7QDLv991X1-p50AA,보물섬,aZ0OT9u9TOY,화내면 100만원!! 차 유리를 벽돌로 찍어도 화를 참아야하는 선넘네 챌린지 ㅋㅋㅋㅋㅋ,2026-05-06T11:00:38Z,1409.0,False,1063981,15018.0,1527.0
7806,UC9ZLv1m7QDLv991X1-p50AA,보물섬,FKfhgJcjaWY,화내면 100만원인데..400만원을..ㅋㅋㅋ,2026-05-08T09:51:30Z,65.0,False,127025,1639.0,54.0
7806,UC9ZLv1m7QDLv991X1-p50AA,보물섬,SGIatlabS_Q,사과하면 다 용서 된다는 친구 차 갖다 박고 진심어린 사과하기 ㅋㅋㅋㅋㅋㅋㅋ,2026-05-12T10:42:24Z,671.0,False,641596,10113.0,1008.0
7806,UC9ZLv1m7QDLv991X1-p50AA,보물섬,WHIU48pa_6c,군대에서 작업 빼는 꿀팁 ㅋㅋㅋ,2026-05-14T09:14:14Z,55.0,True,67499,622.0,12.0
7808,UC5vXjgHeenPq0lTSokouxdA,CHEN,Fa12ulkrPXE,'Arcadia' MV & Jacket Shoot Behind｜첸 (CHEN),2025-10-10T10:00:01Z,835.0,False,6608,1533.0,147.0
7808,UC5vXjgHeenPq0lTSokouxdA,CHEN,EHmr4V3ONvs,끝을 넘어서 𝙍𝙪𝙣 𝙖𝙬𝙖𝙮 𝙩𝙤 𝘼𝙧𝙘𝙖𝙙𝙞𝙖 #첸 #CHEN #Arcadia,2025-10-12T10:30:02Z,10.0,True,21631,3439.0,106.0
7808,UC5vXjgHeenPq0lTSokouxdA,CHEN,BBKL_MSWkjc,CHEN CONCERT 'Arcadia' #첸 #CHEN #Arcadia,2025-10-14T08:00:03Z,55.0,True,24369,3384.0,113.0
7808,UC5vXjgHeenPq0lTSokouxdA,CHEN,uGZ5I7bOi2U,𝑾𝒉𝒂𝒕 𝒊𝒔 𝒚𝒐𝒖𝒓 𝑨𝒓𝒄𝒂𝒅𝒊𝒂? #첸 #CHEN #Arcadia,2025-10-16T04:00:03Z,15.0,True,15861,2423.0,110.0
7808,UC5vXjgHeenPq0lTSokouxdA,CHEN,yMzeSN__pSQ,'Help Me (Somebody 2 Love)' & 'Deja-Vu' Recording Behind | 첸 (CHEN),2025-10-23T10:00:02Z,834.0,False,9745,2122.0,217.0
7808,UC5vXjgHeenPq0lTSokouxdA,CHEN,NSdXT--pJ7s,비 오는 날 캠핑 낭만 있지 않나요?!⛺️🌧️ #첸 #CHEN #Arcadia,2025-10-30T04:00:02Z,57.0,True,11099,1842.0,113.0
7808,UC5vXjgHeenPq0lTSokouxdA,CHEN,P_H5gqrmlhc,CHEN CONCERT 'Arcadia' Behind | 첸 (CHEN),2025-11-08T10:00:01Z,1180.0,False,11664,2101.0,253.0
7808,UC5vXjgHeenPq0lTSokouxdA,CHEN,08-foo7r_ko,승환 님과 Run away to Arcadia*:･ﾟ✧ #정승환 #JungSeungHwan @JungSeungHwan_Official,2025-11-12T04:00:02Z,19.0,True,22592,1625.0,46.0
7808,UC5vXjgHeenPq0lTSokouxdA,CHEN,sZCwunHwL-k,제가 늘 응원하겠습니다!🍀 첸 2026 수능 응원 영상 #첸 #CHEN,2025-11-12T09:00:08Z,30.0,True,15976,2587.0,79.0
7808,UC5vXjgHeenPq0lTSokouxdA,CHEN,YSC94AgKhBc,2025 K-EXPO UAE K-LOUD: K-POP CONCERT in Dubai #첸 #CHEN,2025-11-20T04:00:02Z,60.0,True,48174,3788.0,136.0
7808,UC5vXjgHeenPq0lTSokouxdA,CHEN,a1pZPgpNWeQ,𝑾𝒂𝒊𝒕𝒊𝒏𝒈 𝒇𝒐𝒓 𝒚𝒐𝒖 ✨ #첸 #CHEN,2025-11-23T06:00:03Z,17.0,True,26885,3785.0,181.0
7808,UC5vXjgHeenPq0lTSokouxdA,CHEN,lrb4rWuNGo0,2025 K-POP SUPER CONCERT in Ho Chi Minh #첸 #CHEN,2025-11-26T04:00:05Z,60.0,True,37224,3070.0,127.0
7808,UC5vXjgHeenPq0lTSokouxdA,CHEN,bi20-CTlydE,2026 CHEN SEASON'S GREETINGS #첸 #CHEN #Behind,2025-11-28T04:00:41Z,56.0,True,35493,4032.0,172.0
7808,UC5vXjgHeenPq0lTSokouxdA,CHEN,rq9VbnXimU4,커피테이블 EP.1 | 첸 (CHEN),2025-12-19T10:00:03Z,1051.0,False,22656,4627.0,670.0
7808,UC5vXjgHeenPq0lTSokouxdA,CHEN,n9oKfIjjyE8,커피테이블 OPEN! #첸 #CHEN,2025-12-19T10:00:12Z,54.0,True,19207,2301.0,62.0
7808,UC5vXjgHeenPq0lTSokouxdA,CHEN,W6gcghV0JeM,크리스마스에는 캠핑을🎄⛺️ | CHEN’s Christmas Camping | 첸 (CHEN),2025-12-24T10:00:02Z,1335.0,False,14777,2926.0,364.0
7808,UC5vXjgHeenPq0lTSokouxdA,CHEN,7ZHNsB4Ti7w,말이 안 돼요 이거!🤦‍♂️ #첸 #CHEN,2025-12-24T10:00:16Z,47.0,True,13272,1956.0,72.0
7808,UC5vXjgHeenPq0lTSokouxdA,CHEN,bgtB_-DCL_s,❄️𝐌𝐞𝐫𝐫𝐲 𝐂𝐡𝐫𝐢𝐬𝐭𝐦𝐚𝐬❄️ #첸 #CHEN,2025-12-25T03:00:47Z,16.0,True,42075,4871.0,243.0
7808,UC5vXjgHeenPq0lTSokouxdA,CHEN,tHsOPigc9wY,두바이 하면? 사막 투어죠! 🐫🏜️ CHEN in Dubai | 첸 (CHEN),2025-12-29T10:00:01Z,990.0,False,15871,3187.0,399.0
7808,UC5vXjgHeenPq0lTSokouxdA,CHEN,A71R_IuzmxY,모래 샤워의 효능(?) #첸 #CHEN,2025-12-29T10:00:12Z,50.0,True,26341,2660.0,104.0
7808,UC5vXjgHeenPq0lTSokouxdA,CHEN,SPaF7Smd97U,사막 투어 요약 🏜️🌵 #첸 #CHEN,2025-12-29T10:00:21Z,16.0,True,122994,10191.0,307.0
7808,UC5vXjgHeenPq0lTSokouxdA,CHEN,mqxxhOaYzg0,여러분의 하루하루를 응원하겠습니다🍀 첸 2026 새해 인사 #첸 #CHEN,2026-01-01T03:01:06Z,34.0,True,19511,2904.0,171.0
7808,UC5vXjgHeenPq0lTSokouxdA,CHEN,PkOyXJ6ghgw,커피 테이블 EP.2 양다일 | 첸 (CHEN),2026-01-07T10:00:01Z,1367.0,False,11122,2142.0,243.0
7808,UC5vXjgHeenPq0lTSokouxdA,CHEN,_GZUJEm5arM,"조회수 1000만 숏폼 탄생, 그날의 이야기…🧐 #첸 #CHEN #양다일 #YangDaIl",2026-01-07T10:00:09Z,54.0,True,16698,1993.0,31.0
7808,UC5vXjgHeenPq0lTSokouxdA,CHEN,EaeXBfPSUz8,다일에게 '미워하며 사랑하는 일'이란 #첸 #CHEN #양다일 #YangDaIl,2026-01-07T10:00:12Z,58.0,True,14883,1705.0,30.0
7808,UC5vXjgHeenPq0lTSokouxdA,CHEN,8K4itLXI0Vw,CHEN CONCERT TOUR 'Arcadia' in TAIPEI,2026-01-08T03:00:01Z,59.0,True,34702,3618.0,113.0
7808,UC5vXjgHeenPq0lTSokouxdA,CHEN,_ZS7IxMBQYE,Cover by CHEN - 'Falling' (존박 John Park),2026-01-10T10:00:03Z,226.0,False,538696,7352.0,916.0
7808,UC5vXjgHeenPq0lTSokouxdA,CHEN,iFDDQdDb3ZA,CHEN CONCERT TOUR 'Arcadia' in YOKOHAMA,2026-01-28T03:00:05Z,59.0,True,27939,3221.0,222.0
7808,UC5vXjgHeenPq0lTSokouxdA,CHEN,3GSbuA2sgdc,나 이제 ASMR 잘하는 것 같아! ( ˃᷄ ꒳ ˂᷅ ) | 대만 음식 먹방 ASMR | 첸(CHEN),2026-01-28T10:00:04Z,1137.0,False,60165,8217.0,738.0
7808,UC5vXjgHeenPq0lTSokouxdA,CHEN,Cn6uxP-Ovxc,이 영상을 보면 귀가 트이고 배가 고파집니다 ⊹ ࣪ ˖ (˘ω₍˘ )⁾⁾ #첸 #CHEN,2026-01-28T10:00:10Z,60.0,True,16960,2099.0,102.0
7808,UC5vXjgHeenPq0lTSokouxdA,CHEN,z1IOXEcDuLE,CHEN CONCERT TOUR 'Arcadia' in JAKARTA,2026-02-04T03:00:01Z,56.0,True,21323,2603.0,179.0
7808,UC5vXjgHeenPq0lTSokouxdA,CHEN,Y9R4HO0geyU,커피 테이블 EP.3 소란 고영배 | 첸 (CHEN),2026-02-24T10:00:02Z,1333.0,False,10375,1889.0,261.0
7808,UC5vXjgHeenPq0lTSokouxdA,CHEN,GjxwdSOHTHg,SNS 마스터 고영배 #첸 #CHEN #소란 #SORAN #고영배 #KoYoungbae,2026-02-24T10:00:18Z,59.0,True,9238,908.0,40.0
7808,UC5vXjgHeenPq0lTSokouxdA,CHEN,V-C46e9dFpY,연예인 보면 흥분하는 연예인 실존 #첸 #CHEN #소란 #SORAN #고영배 #KoYoungbae,2026-02-24T10:00:28Z,41.0,True,13324,1439.0,36.0
7808,UC5vXjgHeenPq0lTSokouxdA,CHEN,F7XSKwsL78k,새해 목표 잘 이루고 계신지요! | CHEN in Yokohama 🇯🇵,2026-03-03T10:00:02Z,859.0,False,13153,1969.0,234.0
7808,UC5vXjgHeenPq0lTSokouxdA,CHEN,7mlw7ayScKM,CHEN CONCERT TOUR 'Arcadia' in MANILA,2026-03-04T03:00:02Z,59.0,True,23090,2708.0,142.0
7808,UC5vXjgHeenPq0lTSokouxdA,CHEN,oURQFVaQiO8,(o̴̶̷ω＜) #첸 #CHEN,2026-03-10T04:00:37Z,8.0,True,15889,2312.0,144.0
7808,UC5vXjgHeenPq0lTSokouxdA,CHEN,3p51DGs1h4k,김 선생님은 메이크업이 처음이라 ᝰ✍🏻(´･w･｀ ) #첸 #CHEN,2026-03-10T10:00:13Z,34.0,True,16987,2925.0,46.0
7808,UC5vXjgHeenPq0lTSokouxdA,CHEN,mL5lsT-f7CM,난 고양이가 아닌가 봐 ₍^≤ ꘍ ≥ ^₎⟆ #첸 #CHEN,2026-03-10T10:00:18Z,60.0,True,11262,2113.0,43.0
7808,UC5vXjgHeenPq0lTSokouxdA,CHEN,f8Z64iIgonY,"𝑭𝒓𝒐𝒎 𝒕𝒉𝒆 𝒇𝒓𝒐𝒏𝒕 𝒕𝒐 𝒕𝒉𝒆 𝒃𝒂𝒄𝒌, 𝑪𝑯𝑬𝑵 𝒆𝒗𝒆𝒓𝒚𝒘𝒉𝒆𝒓𝒆✨ #첸 #CHEN",2026-03-12T03:00:03Z,10.0,True,14338,2507.0,122.0
7808,UC5vXjgHeenPq0lTSokouxdA,CHEN,vz7xKNzwE0g,CHEN CONCERT TOUR 'Arcadia' in MACAU,2026-03-12T05:00:02Z,60.0,True,23527,3350.0,59.0
7808,UC5vXjgHeenPq0lTSokouxdA,CHEN,9_lwbsI8C_U,글리터 주근깨 좋아하시죠? 첸의 모바일 분장실 🧑‍🎨🎨 | 첸 (CHEN),2026-03-24T03:18:59Z,304.0,False,2599,493.0,61.0
7808,UC5vXjgHeenPq0lTSokouxdA,CHEN,VfoTGb7Mhdk,너 진짜 맛있구나?! (•؎ •) | 마닐라 음식 먹방 ASMR | 첸(CHEN),2026-03-24T10:00:02Z,985.0,False,20256,3241.0,407.0
7808,UC5vXjgHeenPq0lTSokouxdA,CHEN,UWTM_SbkhxM,야무진 먹방 ASMR #첸 #CHEN,2026-03-24T10:00:16Z,58.0,True,12990,2763.0,81.0
7808,UC5vXjgHeenPq0lTSokouxdA,CHEN,nyJKXzLiY8A,CHEN CONCERT TOUR 'Arcadia' in KUALA LUMPUR,2026-04-02T03:00:06Z,60.0,True,14366,1691.0,66.0
7808,UC5vXjgHeenPq0lTSokouxdA,CHEN,_eehvNv0_hk,내가 마이크에게로 간다....,2026-04-03T03:00:02Z,9.0,True,79848,4763.0,139.0
7808,UC5vXjgHeenPq0lTSokouxdA,CHEN,iy-0Sf3JHT4,CHEN CONCERT TOUR 'Arcadia' in BANGKOK,2026-04-08T03:00:01Z,56.0,True,18924,2383.0,100.0
7808,UC5vXjgHeenPq0lTSokouxdA,CHEN,xDIZR3Ddx6Q,일하다가 몸이 안 좋아졌어요,2026-04-09T03:00:03Z,28.0,True,24722,1501.0,57.0
7808,UC5vXjgHeenPq0lTSokouxdA,CHEN,oEtNnZSy22w,CHEN CONCERT 'Arcadia' in SINGAPORE,2026-04-15T03:00:01Z,60.0,True,15151,2232.0,85.0
7808,UC5vXjgHeenPq0lTSokouxdA,CHEN,qdspd8PoWCg,sᴍᴀʀᴛ ᴍɪʀʀᴏʀ🪞✨,2026-04-16T03:00:01Z,9.0,True,19161,2354.0,111.0
7809,UCskIKQGpjI5sG2ZLtWLYSmw,미스&미스터트롯,8cQhVlT-D7M,[클린버전] 최재명&최보길 - 망부석 🎖️금타는 금요일 20화🎖️ TV CHOSUN 260508 방송,2026-05-08T17:00:11Z,228.0,False,17031,438.0,45.0
7809,UCskIKQGpjI5sG2ZLtWLYSmw,미스&미스터트롯,8rWWoyND1Og,[클린버전] 영지&유수현 - 난 괜찮아 🎖️금타는 금요일 20화🎖️ TV CHOSUN 260508 방송,2026-05-08T17:00:13Z,197.0,False,2252,57.0,10.0
7809,UCskIKQGpjI5sG2ZLtWLYSmw,미스&미스터트롯,DmkyHpW3MQQ,[클린버전] 정서주 - 이제 나만 믿어요 🎖️금타는 금요일 20화🎖️ TV CHOSUN 260508 방송,2026-05-08T17:00:16Z,239.0,False,24358,1032.0,316.0
7809,UCskIKQGpjI5sG2ZLtWLYSmw,미스&미스터트롯,BKL9OmPQoc0,[클린버전] 추혁진 - 바람이려오 🎖️금타는 금요일 20화🎖️ TV CHOSUN 260508 방송,2026-05-08T17:00:24Z,170.0,False,2844,130.0,32.0
7809,UCskIKQGpjI5sG2ZLtWLYSmw,미스&미스터트롯,Pq1NxlbsFoM,[클린버전] 천록담 - 엄마 아리랑 🎖️금타는 금요일 20화🎖️ TV CHOSUN 260508 방송,2026-05-08T17:00:37Z,189.0,False,6130,248.0,98.0
7809,UCskIKQGpjI5sG2ZLtWLYSmw,미스&미스터트롯,lfqXclr1iO0,[클린버전] 남승민 - 어느 날 문득 🎖️금타는 금요일 20화🎖️ TV CHOSUN 260508 방송,2026-05-08T17:01:00Z,226.0,False,3416,161.0,32.0
7809,UCskIKQGpjI5sG2ZLtWLYSmw,미스&미스터트롯,xgIzkHidHPY,[클린버전] 손빈아 - 아버지의 강 🎖️금타는 금요일 20화🎖️ TV CHOSUN 260508 방송,2026-05-08T17:01:16Z,159.0,False,10175,463.0,89.0
7809,UCskIKQGpjI5sG2ZLtWLYSmw,미스&미스터트롯,y2rIPywbHss,[클린버전] 오유진 - 둥지 🎖️금타는 금요일 20화🎖️ TV CHOSUN 260508 방송,2026-05-08T17:01:21Z,206.0,False,12902,347.0,84.0
7809,UCskIKQGpjI5sG2ZLtWLYSmw,미스&미스터트롯,ImFddHWVxTM,[금타는 금요일 21회 예고] 미니 이호섭 가요제,2026-05-09T01:00:15Z,53.0,True,14328,479.0,85.0
7809,UCskIKQGpjI5sG2ZLtWLYSmw,미스&미스터트롯,QmR78nJhZYk,[미스트롯 포유] 두둥! 대망의 미스트롯4 TOP7 스핀오프 개봉박두! | 1회 예고 TV CHOSUN 260514 방송,2026-05-09T08:52:51Z,61.0,False,16046,300.0,61.0
7809,UCskIKQGpjI5sG2ZLtWLYSmw,미스&미스터트롯,xmX2iyeTcW4,[미스트롯 포유] TOP7이 직접 심사하러 왔어요🩷🎵 | 2차 티저 TV CHOSUN 260514 방송,2026-05-11T10:23:59Z,61.0,False,8577,151.0,33.0
7809,UCskIKQGpjI5sG2ZLtWLYSmw,미스&미스터트롯,7oR6OSChOcw,[미스트롯 포유] 선물 같은 그녀들🎁 TOP7이 온다!✨,2026-05-14T00:00:11Z,63.0,False,1971,57.0,18.0
7809,UCskIKQGpjI5sG2ZLtWLYSmw,미스&미스터트롯,_depbnszP1M,[미스트롯 포유] 미스트롯4 眞 이소나와 고음 여신의 귀호강 듀엣✨,2026-05-14T00:00:29Z,60.0,True,3935,70.0,11.0
7809,UCskIKQGpjI5sG2ZLtWLYSmw,미스&미스터트롯,jAHsp6f-Fvo,[미스트롯 포유] 법대생이 노래까지 잘한다고!?🌟,2026-05-14T00:00:38Z,72.0,False,4785,76.0,9.0
7809,UCskIKQGpjI5sG2ZLtWLYSmw,미스&미스터트롯,6pxnyO9VQi0,[클린버전] 길려원 X 법대생 친언니 - 나 항상 그대를  ❤미스트롯 포유 1화❤ TV CHOSUN 260514 방송,2026-05-14T16:00:09Z,197.0,False,14939,277.0,38.0
7809,UCskIKQGpjI5sG2ZLtWLYSmw,미스&미스터트롯,ENb4hOBKWN4,[클린버전] 성북동 긍정택시 [염권선] - 내 여인  ❤미스트롯 포유 1화❤ TV CHOSUN 260514 방송,2026-05-14T16:00:17Z,140.0,False,856,18.0,2.0
7809,UCskIKQGpjI5sG2ZLtWLYSmw,미스&미스터트롯,LZLld-1XZoc,[클린버전] 2억 뷰 고음 여신 [박다혜] - 시작의 아이  ❤미스트롯 포유 1화❤ TV CHOSUN 260514 방송,2026-05-14T16:00:27Z,168.0,False,7868,165.0,59.0
7809,UCskIKQGpjI5sG2ZLtWLYSmw,미스&미스터트롯,R2bJssj-Ons,[클린버전] 콩나물 트로트 [박서준] - 흥아리랑  ❤미스트롯 포유 1화❤ TV CHOSUN 260514 방송,2026-05-14T16:00:43Z,176.0,False,1954,46.0,10.0
7809,UCskIKQGpjI5sG2ZLtWLYSmw,미스&미스터트롯,Sa01qElPWn8,[클린버전] 노래로 일어설게요 [현대화] - 흰수염고래  ❤미스트롯 포유 1화❤ TV CHOSUN 260514 방송,2026-05-14T16:00:43Z,209.0,False,1268,45.0,10.0
7809,UCskIKQGpjI5sG2ZLtWLYSmw,미스&미스터트롯,XWotErLImjI,[클린버전] 이소나 X 2억 뷰 고음 여신 - 목표행 완행열차  ❤미스트롯 포유 1화❤ TV CHOSUN 260514 방송,2026-05-14T16:00:51Z,188.0,False,13014,289.0,37.0
7809,UCskIKQGpjI5sG2ZLtWLYSmw,미스&미스터트롯,d-VwK_Wyx3Y,[클린버전] 법대생 친언니 [길연서] - 네게 줄 수 있는 건 오직 사랑 뿐  ❤미스트롯 포유 1화❤ TV CHOSUN 260514 방송,2026-05-14T16:01:03Z,177.0,False,5426,118.0,14.0
7809,UCskIKQGpjI5sG2ZLtWLYSmw,미스&미스터트롯,fvEoD7BlQTQ,[클린버전] 일본발 꽃미남주의보 [타쿠야] - 사랑의 바보  ❤미스트롯 포유 1화❤ TV CHOSUN 260514 방송,2026-05-14T16:01:07Z,139.0,False,2650,93.0,20.0
7809,UCskIKQGpjI5sG2ZLtWLYSmw,미스&미스터트롯,nDia0acsRLM,[클린버전] 허찬미 X 팔색조 은교 - 잘 부탁드립니다  ❤미스트롯 포유 1화❤ TV CHOSUN 260514 방송,2026-05-14T16:01:15Z,105.0,False,3630,92.0,29.0
7809,UCskIKQGpjI5sG2ZLtWLYSmw,미스&미스터트롯,nVMBRN9sOCU,[클린버전] 홍성윤 X 일본발 꽃미남주의보 - 순정  ❤미스트롯 포유 1화❤ TV CHOSUN 260514 방송,2026-05-14T16:01:20Z,210.0,False,19714,345.0,39.0
7809,UCskIKQGpjI5sG2ZLtWLYSmw,미스&미스터트롯,vY6-af7Ayd0,[클린버전] 미스트롯4 TOP7 - 장윤정 트위스트  ❤미스트롯 포유 1화❤ TV CHOSUN 260514 방송,2026-05-14T16:01:33Z,118.0,False,5728,65.0,19.0
7809,UCskIKQGpjI5sG2ZLtWLYSmw,미스&미스터트롯,AFdCF7R1LcQ,[미스트롯 포유] 드디어 시작된 듀엣 대결! 미스트롯 眞 이소나의 예선 탈락 위기?! | 2회 예고 TV CHOSUN 260521 방송,2026-05-14T23:00:09Z,61.0,False,3227,67.0,7.0
7809,UCskIKQGpjI5sG2ZLtWLYSmw,미스&미스터트롯,ayf7kEsIqzg,[선공개] 양지은의 따스한 신곡이 찾아왔습니다✨,2026-05-15T01:00:01Z,77.0,False,2235,205.0,52.0
7809,UCskIKQGpjI5sG2ZLtWLYSmw,미스&미스터트롯,Gja-AsJJtYQ,[선공개] 긴장된 댄스판에 춤길이 떴다🔥,2026-05-15T01:00:13Z,70.0,False,1774,60.0,6.0
7809,UCskIKQGpjI5sG2ZLtWLYSmw,미스&미스터트롯,LZBSKoZDPIc,[선공개] 댄스 요정이 떴다🧚‍♀️,2026-05-15T01:00:15Z,43.0,True,3808,192.0,29.0
7809,UCskIKQGpjI5sG2ZLtWLYSmw,미스&미스터트롯,22mlsnLQLY4,[클린버전] 정서주 - 찰랑찰랑 🎖️금타는 금요일 21화🎖️ TV CHOSUN 260515 방송,2026-05-15T16:30:01Z,181.0,False,3674,365.0,100.0
7809,UCskIKQGpjI5sG2ZLtWLYSmw,미스&미스터트롯,9YoWq3_8Lc4,[클린버전] 김용빈 - 추억으로 가는 당신 🎖️금타는 금요일 21화🎖️ TV CHOSUN 260515 방송,2026-05-15T16:30:05Z,174.0,False,9734,1427.0,309.0
7809,UCskIKQGpjI5sG2ZLtWLYSmw,미스&미스터트롯,OPU_isHCGtA,[클린버전] 길려원 - 잠깐만 🎖️금타는 금요일 21화🎖️ TV CHOSUN 260515 방송,2026-05-15T16:30:08Z,166.0,False,3300,136.0,26.0
7809,UCskIKQGpjI5sG2ZLtWLYSmw,미스&미스터트롯,G95XZ3_dYUM,[클린버전] 남승민 - 오열 🎖️금타는 금요일 21화🎖️ TV CHOSUN 260515 방송,2026-05-15T16:30:09Z,179.0,False,562,79.0,24.0
7809,UCskIKQGpjI5sG2ZLtWLYSmw,미스&미스터트롯,gvx-RXynClg,[클린버전] 천록담 - 찬찬찬 🎖️금타는 금요일 21화🎖️ TV CHOSUN 260515 방송,2026-05-15T16:30:12Z,181.0,False,505,51.0,17.0
7809,UCskIKQGpjI5sG2ZLtWLYSmw,미스&미스터트롯,c5uoMrumHI8,[클린버전] 최재명 - 홍랑 🎖️금타는 금요일 21화🎖️ TV CHOSUN 260515 방송,2026-05-15T16:30:14Z,169.0,False,1474,114.0,24.0
7809,UCskIKQGpjI5sG2ZLtWLYSmw,미스&미스터트롯,lM_a0BB9ffM,[클린버전] 양지은 - 지금은 남이 된 타인 🎖️금타는 금요일 21화🎖️ TV CHOSUN 260515 방송,2026-05-15T16:30:14Z,195.0,False,2917,350.0,105.0
7809,UCskIKQGpjI5sG2ZLtWLYSmw,미스&미스터트롯,UTYkhUX2gXU,[클린버전] 오유진 - 마산항엔 비가 내린다 🎖️금타는 금요일 21화🎖️ TV CHOSUN 260515 방송,2026-05-15T16:30:18Z,179.0,False,2483,183.0,56.0
7809,UCskIKQGpjI5sG2ZLtWLYSmw,미스&미스터트롯,O1EvEiM3YSQ,[클린버전] 추혁진 - 삼각관계 🎖️금타는 금요일 21화🎖️ TV CHOSUN 260515 방송,2026-05-15T16:30:19Z,161.0,False,638,54.0,14.0
7809,UCskIKQGpjI5sG2ZLtWLYSmw,미스&미스터트롯,fC2jkouf3sg,[클린버전] 춘길 - 사랑의 불시착 🎖️금타는 금요일 21화🎖️ TV CHOSUN 260515 방송,2026-05-15T16:30:22Z,223.0,False,1160,96.0,47.0
7809,UCskIKQGpjI5sG2ZLtWLYSmw,미스&미스터트롯,mbS0EtJAo-w,[클린버전] 손빈아 - 무정 🎖️금타는 금요일 21화🎖️ TV CHOSUN 260515 방송,2026-05-15T16:30:26Z,196.0,False,2575,338.0,98.0
7809,UCskIKQGpjI5sG2ZLtWLYSmw,미스&미스터트롯,ofO5vIbBwoI,[클린버전] 양지은 - 내장산 🎖️금타는 금요일 21화🎖️ TV CHOSUN 260515 방송,2026-05-15T16:30:30Z,194.0,False,4806,397.0,100.0
7809,UCskIKQGpjI5sG2ZLtWLYSmw,미스&미스터트롯,ESkgzhdnUn4,[금타는 금요일 22회 예고] 트롯 민심을 잡아라,2026-05-16T01:00:09Z,64.0,False,1184,123.0,21.0
7809,UCskIKQGpjI5sG2ZLtWLYSmw,미스&미스터트롯,8rRjRQLqS2Q,콩나물 수저 등장 🌱,2026-05-16T01:58:13Z,44.0,True,2606,16.0,0.0
7809,UCskIKQGpjI5sG2ZLtWLYSmw,미스&미스터트롯,OWSXP8h45yc,설암도 못 막은 택시기사 열정,2026-05-16T02:00:34Z,42.0,True,2222,12.0,0.0
7809,UCskIKQGpjI5sG2ZLtWLYSmw,미스&미스터트롯,7dpk0LO59Yo,2억 뷰 고음 여신은 누구?!,2026-05-16T02:03:50Z,76.0,False,4778,40.0,2.0
7809,UCskIKQGpjI5sG2ZLtWLYSmw,미스&미스터트롯,YxA-ZJJxnUg,서로가 영원한 눈물버튼인 길자매,2026-05-16T02:11:27Z,127.0,False,3255,79.0,6.0
7809,UCskIKQGpjI5sG2ZLtWLYSmw,미스&미스터트롯,9KyAxvEXkhw,전직 아이돌의 기강 잡기?!,2026-05-16T02:14:49Z,57.0,True,2191,16.0,3.0
7809,UCskIKQGpjI5sG2ZLtWLYSmw,미스&미스터트롯,4YCJsMNCaPc,환승연애 아니고 환승듀엣,2026-05-16T02:17:09Z,57.0,True,3976,50.0,0.0
7809,UCskIKQGpjI5sG2ZLtWLYSmw,미스&미스터트롯,TmH9bq08QNY,꽃미남주의보 발령,2026-05-16T02:19:25Z,72.0,False,2216,19.0,0.0
7809,UCskIKQGpjI5sG2ZLtWLYSmw,미스&미스터트롯,jSpLaDc8S80,비현실적인 법대생 만능캐 실존,2026-05-16T02:23:12Z,78.0,False,5207,73.0,0.0
7810,UCuX8lXIexG8dRXFx54CVm2Q,CL Official Channel,_6_DE4SIq44,CL +H₩A+ Official Video,2020-10-31T04:00:11Z,187.0,False,9748232,525116.0,22715.0
7810,UCuX8lXIexG8dRXFx54CVm2Q,CL Official Channel,qDPKdIt_xBg,CL +5 STAR: Let’s Get Lost+,2020-11-02T04:13:27Z,29.0,True,479859,64011.0,2390.0
7810,UCuX8lXIexG8dRXFx54CVm2Q,CL Official Channel,ZziStlpRqkA,CL +5 STAR: True Blue+,2020-11-03T02:00:05Z,27.0,True,341722,40438.0,2429.0
7810,UCuX8lXIexG8dRXFx54CVm2Q,CL Official Channel,JeGhUESd_1o,CL +5 STAR+ Official Video,2020-11-06T04:00:09Z,202.0,False,16758399,579827.0,29776.0
7810,UCuX8lXIexG8dRXFx54CVm2Q,CL Official Channel,N1Ybm1uK0Tc,CL +H₩A+ The Late Late Show with James Corden Performance,2020-11-07T04:00:02Z,190.0,False,932463,80880.0,1693.0
7810,UCuX8lXIexG8dRXFx54CVm2Q,CL Official Channel,D9bdkPpPZc0,CL +5 STAR+ Official BTS Video,2020-11-11T02:00:00Z,200.0,False,1129008,88124.0,3479.0
7810,UCuX8lXIexG8dRXFx54CVm2Q,CL Official Channel,5IHtUHxxpSQ,CL +5 STAR+ Rap Session,2020-12-01T00:00:00Z,198.0,False,667150,59387.0,3343.0
7810,UCuX8lXIexG8dRXFx54CVm2Q,CL Official Channel,aMWEv_YBd8M,CL - Wish You Were Here - Official Video,2021-02-26T05:00:14Z,225.0,False,1891545,174541.0,8207.0
7810,UCuX8lXIexG8dRXFx54CVm2Q,CL Official Channel,zZQbdUsGQ1k,CL - ALPHA - Coming Soon,2021-08-09T15:00:27Z,14.0,True,361956,47351.0,2893.0
7810,UCuX8lXIexG8dRXFx54CVm2Q,CL Official Channel,gGWqDF1xh0g,"CL - SPICY - ENERGY, POWER, CHEMISTRY",2021-08-18T15:00:15Z,13.0,True,313501,37911.0,1798.0
7810,UCuX8lXIexG8dRXFx54CVm2Q,CL Official Channel,m1AZMPe8Bag,"CL - SPICY - She got the sauce, and it's SPICY",2021-08-22T15:00:38Z,19.0,True,330200,43621.0,1769.0
7810,UCuX8lXIexG8dRXFx54CVm2Q,CL Official Channel,QMwJtMJLXE0,CL - SPICY (Official Video),2021-08-24T09:00:01Z,204.0,False,21832376,792489.0,44217.0
7810,UCuX8lXIexG8dRXFx54CVm2Q,CL Official Channel,-cYzjxXNFos,#SPICYCHALLENGE #🅰️✅🅿️♓️🅰️ #ALPHA #SPICY #CL #CHAELINCL #씨엘 #Shorts,2021-08-26T07:12:50Z,17.0,True,95686,8993.0,114.0
7810,UCuX8lXIexG8dRXFx54CVm2Q,CL Official Channel,x8wwmwXD36o,#SPICYCHALLENGE #🅰️✅🅿️♓️🅰️ #ALPHA #SPICY #CL #CHAELINCL #씨엘 #Shorts,2021-08-26T07:15:30Z,16.0,True,137066,11569.0,185.0
7810,UCuX8lXIexG8dRXFx54CVm2Q,CL Official Channel,GO-tbwgWHZE,#SPICYCHALLENGE #🅰️✅🅿️♓️🅰️ #ALPHA #SPICY #CL #CHAELINCL #씨엘 #Shorts,2021-08-26T07:16:54Z,19.0,True,109323,7287.0,106.0
7810,UCuX8lXIexG8dRXFx54CVm2Q,CL Official Channel,qHYR9e_2x3g,#SPICYCHALLENGE #🅰️✅🅿️♓️🅰️ #ALPHA #SPICY #CL #CHAELINCL #씨엘 #Shorts,2021-08-26T07:24:48Z,16.0,True,235283,16559.0,309.0
7810,UCuX8lXIexG8dRXFx54CVm2Q,CL Official Channel,arHVolibtoE,#SPICYCHALLENGE #🅰️✅🅿️♓️🅰️ #ALPHA #SPICY #CL #CHAELINCL #씨엘 #Shorts,2021-08-27T01:55:35Z,15.0,True,702631,38778.0,348.0
7810,UCuX8lXIexG8dRXFx54CVm2Q,CL Official Channel,euFKBTPWfls,#SPICYCHALLENGE #🅰️✅🅿️♓️🅰️ #ALPHA #SPICY #CL #CHAELINCL #씨엘 #Shorts,2021-08-27T01:56:59Z,13.0,True,161977,12197.0,129.0
7810,UCuX8lXIexG8dRXFx54CVm2Q,CL Official Channel,dBrtiTDWsQk,#SPICYCHALLENGE #🅰️✅🅿️♓️🅰️ #ALPHA #SPICY #CL #CHAELINCL #씨엘 #Shorts,2021-08-27T01:58:34Z,22.0,True,279183,21175.0,161.0
7810,UCuX8lXIexG8dRXFx54CVm2Q,CL Official Channel,mLuyXKlxWO0,#SPICYCHALLENGE #🅰️✅🅿️♓️🅰️ #ALPHA #SPICY #CL #CHAELINCL #씨엘 #Shorts,2021-08-27T14:41:41Z,25.0,True,347260,26077.0,419.0
7810,UCuX8lXIexG8dRXFx54CVm2Q,CL Official Channel,3nibtBXmPSM,CL - SPICY (Dance Performance Video),2021-09-03T04:00:01Z,186.0,False,1451406,70911.0,1992.0
7810,UCuX8lXIexG8dRXFx54CVm2Q,CL Official Channel,1grYxN_WQ7w,"CL - SPICY (Remix) ft. Omega Sapien, sokodomo, Lil Cherry",2021-09-08T09:00:02Z,311.0,False,213336,19907.0,979.0
7810,UCuX8lXIexG8dRXFx54CVm2Q,CL Official Channel,fQDnv1b60Uk,CL - SPICY (Behind The Scenes),2021-09-13T04:00:11Z,358.0,False,167611,14761.0,562.0
7810,UCuX8lXIexG8dRXFx54CVm2Q,CL Official Channel,62rESq4E53M,CL - No Lover Like Me,2021-09-26T15:00:02Z,22.0,True,504027,68451.0,3190.0
7810,UCuX8lXIexG8dRXFx54CVm2Q,CL Official Channel,qoqA-th1ZPE,CL - Lover Like Me (Official Video),2021-09-29T04:00:13Z,185.0,False,28205552,552677.0,30751.0
7810,UCuX8lXIexG8dRXFx54CVm2Q,CL Official Channel,g8DJoXcJpgQ,CL - Lover Like Me (Behind The Scenes),2021-10-11T15:00:32Z,178.0,False,97081,12524.0,564.0
7810,UCuX8lXIexG8dRXFx54CVm2Q,CL Official Channel,EKlpUUd2pcc,CL - Tie a Cherry - watch me tie a cherry,2021-10-15T15:00:14Z,9.0,True,266791,32851.0,1395.0
7810,UCuX8lXIexG8dRXFx54CVm2Q,CL Official Channel,pJTwZvx45MY,CL - SPICY (Official Audio),2021-10-20T04:00:06Z,194.0,False,211504,7425.0,240.0
7810,UCuX8lXIexG8dRXFx54CVm2Q,CL Official Channel,i00W7aiwp1Q,CL -  Lover Like Me (Official Audio),2021-10-20T04:00:09Z,178.0,False,269779,8042.0,271.0
7810,UCuX8lXIexG8dRXFx54CVm2Q,CL Official Channel,HH2UrTrnPqc,CL - Chuck (Official Audio),2021-10-20T04:00:12Z,191.0,False,350646,18357.0,1012.0
7810,UCuX8lXIexG8dRXFx54CVm2Q,CL Official Channel,lQEMQn_xlg4,CL - Xai (Official Audio),2021-10-20T04:00:14Z,196.0,False,581328,20810.0,850.0
7810,UCuX8lXIexG8dRXFx54CVm2Q,CL Official Channel,0L7jiUOiGNA,CL - Let It (Official Audio),2021-10-20T04:00:17Z,185.0,False,458718,23819.0,1676.0
7810,UCuX8lXIexG8dRXFx54CVm2Q,CL Official Channel,-7i0ELNXhLA,CL - Tie a Cherry (Official Audio),2021-10-20T04:00:20Z,190.0,False,579857,11496.0,216.0
7810,UCuX8lXIexG8dRXFx54CVm2Q,CL Official Channel,vKDr-i5bbug,CL - Paradise (Official Audio),2021-10-20T04:00:23Z,167.0,False,255879,12353.0,532.0
7810,UCuX8lXIexG8dRXFx54CVm2Q,CL Official Channel,9AqR9diwIRo,CL - My Way (Official Audio),2021-10-20T04:00:30Z,207.0,False,493803,19758.0,1208.0
7810,UCuX8lXIexG8dRXFx54CVm2Q,CL Official Channel,vmE86N3j_ok,CL - Siren  (Official Audio),2021-10-20T04:00:33Z,194.0,False,792914,33543.0,1390.0
7810,UCuX8lXIexG8dRXFx54CVm2Q,CL Official Channel,FdYOW4UStlw,CL - HWA (Official Audio),2021-10-20T04:00:35Z,176.0,False,207077,7187.0,210.0
7810,UCuX8lXIexG8dRXFx54CVm2Q,CL Official Channel,31BIWpy3TqE,CL - 5 STAR (Official Audio),2021-10-20T04:00:38Z,201.0,False,306572,9657.0,317.0
7810,UCuX8lXIexG8dRXFx54CVm2Q,CL Official Channel,LrYwqmlSAK0,CL - Tie a Cherry (Official Video),2021-10-20T04:00:41Z,191.0,False,20757631,301976.0,14280.0
7810,UCuX8lXIexG8dRXFx54CVm2Q,CL Official Channel,vOHaKPf0ce4,CL - ALPHA - Live Performance Video,2021-10-21T04:00:12Z,760.0,False,3504825,145986.0,7393.0
7810,UCuX8lXIexG8dRXFx54CVm2Q,CL Official Channel,iHrokNbImng,CL - ALPHA TALK,2021-10-21T15:00:31Z,791.0,False,216096,22884.0,1257.0
7810,UCuX8lXIexG8dRXFx54CVm2Q,CL Official Channel,oXak2nZ2u5c,CL - Let It - 흘러가는 대로 내 자신을 믿어,2021-10-24T15:00:19Z,15.0,True,186758,24103.0,993.0
7810,UCuX8lXIexG8dRXFx54CVm2Q,CL Official Channel,dp_5u1GNXOE,CL - Let It (Official Video),2021-10-27T04:00:01Z,190.0,False,14703128,197335.0,8960.0
7810,UCuX8lXIexG8dRXFx54CVm2Q,CL Official Channel,VE3pHAs5kRA,CL - Tie a Cherry (Dance Practice Video),2021-10-29T04:00:21Z,191.0,False,987455,62280.0,1480.0
7810,UCuX8lXIexG8dRXFx54CVm2Q,CL Official Channel,4tGu2_VkIr0,CL - Lover Like Me - Live on The Kelly Clarkson Show,2022-03-29T21:20:26Z,203.0,False,742287,49246.0,1335.0
7810,UCuX8lXIexG8dRXFx54CVm2Q,CL Official Channel,ToLqR-U4MTs,CL + Coachella 2NE1 [Chapter 1],2022-04-22T04:00:10Z,575.0,False,2269806,130349.0,5992.0
7810,UCuX8lXIexG8dRXFx54CVm2Q,CL Official Channel,ewDaH4r_ROs,CL + Coachella 2NE1 [Chapter 2],2022-04-29T04:13:12Z,586.0,False,1616103,82651.0,3487.0
7810,UCuX8lXIexG8dRXFx54CVm2Q,CL Official Channel,o0AkME8JD14,CL - Chuck (Official Video),2022-05-13T04:04:07Z,195.0,False,12155136,179619.0,14178.0
7810,UCuX8lXIexG8dRXFx54CVm2Q,CL Official Channel,RSwyWe7EgHQ,CL - Chuck (Behind The Scenes),2022-05-27T04:02:09Z,290.0,False,214964,12910.0,832.0
7810,UCuX8lXIexG8dRXFx54CVm2Q,CL Official Channel,XP3rnpi0Qn8,CL + CL in Paris [Chapter 3],2022-08-05T04:00:23Z,747.0,False,178788,9918.0,2174.0
7811,UC7LTdSPqQs1BleyU4ovgGbw,Musician Park,pu303x2g-Bo,[New Kpop] Save the World with K-Pop Dance! | Musician Park vs. Chozzo | DANCE TO SAVE THE WORLD,2025-11-15T02:00:56Z,158.0,False,5011,10.0,1.0
7811,UC7LTdSPqQs1BleyU4ovgGbw,Musician Park,XuvmpdqXwhc,New KPop 60 Min | +Compilation | Musician Park Remix | Musician Park Official,2025-11-16T18:00:43Z,3973.0,False,1575,9.0,1.0
7811,UC7LTdSPqQs1BleyU4ovgGbw,Musician Park,OwBBRSN93dw,[New K-Pop] Sunshine! Perfect day 🎵 KPop Animation Music Video,2025-11-22T11:00:47Z,144.0,False,3239,4.0,1.0
7811,UC7LTdSPqQs1BleyU4ovgGbw,Musician Park,-KmSUkoipPc,"[New KPop] ""Beat Slam""",2025-11-27T15:00:00Z,128.0,False,17250,26.0,3.0
7811,UC7LTdSPqQs1BleyU4ovgGbw,Musician Park,bwxnFK5aXbU,Amazing,2026-01-21T16:35:11Z,5.0,True,101468,509.0,3.0
7811,UC7LTdSPqQs1BleyU4ovgGbw,Musician Park,i9eXb7SuAUs,Complete Korean snacks,2026-01-25T15:07:31Z,5.0,True,76012,595.0,13.0
7811,UC7LTdSPqQs1BleyU4ovgGbw,Musician Park,OaK8v8fblgA,Find the right leg,2026-01-27T14:10:57Z,16.0,True,67549,571.0,4.0
7811,UC7LTdSPqQs1BleyU4ovgGbw,Musician Park,pKoNpY_1-Yo,정확한 다리를 맞춰라,2026-01-29T09:04:21Z,15.0,True,69718,405.0,3.0
7811,UC7LTdSPqQs1BleyU4ovgGbw,Musician Park,tCd6r_NApDA,고구마깡,2026-02-02T09:25:52Z,5.0,True,69879,424.0,8.0
7811,UC7LTdSPqQs1BleyU4ovgGbw,Musician Park,js0SFFSVHAc,미스테리 포도,2026-02-03T08:00:50Z,6.0,True,79204,307.0,6.0
7811,UC7LTdSPqQs1BleyU4ovgGbw,Musician Park,OsO6PbCXcys,뛰지마!,2026-02-05T14:30:19Z,9.0,True,56960,256.0,2.0
7811,UC7LTdSPqQs1BleyU4ovgGbw,Musician Park,ZIx6KtjadKw,빨강 + 하양 = ?,2026-02-10T09:30:28Z,11.0,True,132792,1233.0,4.0
7811,UC7LTdSPqQs1BleyU4ovgGbw,Musician Park,Nq2iEa1rejA,혼자서 낭만,2026-02-14T15:15:03Z,11.0,True,46168,294.0,6.0
7811,UC7LTdSPqQs1BleyU4ovgGbw,Musician Park,dyjvqDXOsO0,끝까지 보세요,2026-02-17T07:55:00Z,5.0,True,90451,358.0,3.0
7811,UC7LTdSPqQs1BleyU4ovgGbw,Musician Park,JIYgis4nSDo,무슨 맛이 날까?,2026-02-18T08:25:00Z,20.0,True,58686,332.0,3.0
7811,UC7LTdSPqQs1BleyU4ovgGbw,Musician Park,2cwtRsKda3U,그녀는 왜 그럴까?,2026-02-19T09:15:00Z,17.0,True,39272,220.0,2.0
7811,UC7LTdSPqQs1BleyU4ovgGbw,Musician Park,f1x9LG3ko0M,립스틱과 사탕,2026-02-21T12:30:53Z,7.0,True,77132,330.0,2.0
7811,UC7LTdSPqQs1BleyU4ovgGbw,Musician Park,Kqxxdk7noSI,소심한 복수자,2026-02-23T06:50:00Z,17.0,True,41889,214.0,5.0
7811,UC7LTdSPqQs1BleyU4ovgGbw,Musician Park,vG2xuCuZD94,닭 vs 고양이 vs 인간,2026-03-02T09:59:07Z,8.0,True,123671,1027.0,5.0
7811,UC7LTdSPqQs1BleyU4ovgGbw,Musician Park,w82zJsT8Hs4,Happy Birthday to you,2026-03-03T03:57:22Z,9.0,True,140231,569.0,5.0
7811,UC7LTdSPqQs1BleyU4ovgGbw,Musician Park,MWu5lAjOJIM,SpongeBob Play 🤣🤣,2026-03-07T05:46:22Z,12.0,True,34445,272.0,4.0
7811,UC7LTdSPqQs1BleyU4ovgGbw,Musician Park,VAvHZmy8AjM,그들을 놀라게 하지 마세요,2026-03-08T06:03:52Z,6.0,True,49387,246.0,2.0
7811,UC7LTdSPqQs1BleyU4ovgGbw,Musician Park,hcjhN4heU7o,나라별 총 맞았을때,2026-03-09T08:57:51Z,22.0,True,37888,265.0,3.0
7811,UC7LTdSPqQs1BleyU4ovgGbw,Musician Park,1a0aY28yS7g,남자 vs 여자,2026-03-10T09:04:28Z,13.0,True,75920,592.0,4.0
7811,UC7LTdSPqQs1BleyU4ovgGbw,Musician Park,wUsjwHEqD5s,국가별 싸대기,2026-03-11T08:48:13Z,18.0,True,44840,248.0,3.0
7811,UC7LTdSPqQs1BleyU4ovgGbw,Musician Park,-x263R3zUW0,세라큐의 다리를 맞춰라!,2026-03-18T04:59:08Z,12.0,True,28068,184.0,3.0
7811,UC7LTdSPqQs1BleyU4ovgGbw,Musician Park,bDAfPix5ZaY,먹지마!,2026-03-19T08:51:31Z,32.0,True,35828,222.0,5.0
7811,UC7LTdSPqQs1BleyU4ovgGbw,Musician Park,-esZGjmB6P8,내 눈에는 안보여,2026-03-20T08:49:39Z,17.0,True,33617,209.0,3.0
7811,UC7LTdSPqQs1BleyU4ovgGbw,Musician Park,z83hNBaz_jQ,"March 21, 2026",2026-03-21T08:14:18Z,18.0,True,35495,256.0,4.0
7811,UC7LTdSPqQs1BleyU4ovgGbw,Musician Park,o36zcfhU5Fw,아이언맨을 찾아라!,2026-03-22T06:03:01Z,17.0,True,23685,178.0,4.0
7811,UC7LTdSPqQs1BleyU4ovgGbw,Musician Park,QWmuqKVpeLE,Running Man vs Sera,2026-03-23T08:26:53Z,6.0,True,46338,197.0,5.0
7811,UC7LTdSPqQs1BleyU4ovgGbw,Musician Park,XJJVESLOoAk,노래하는 커피,2026-03-24T09:31:48Z,9.0,True,52015,277.0,4.0
7811,UC7LTdSPqQs1BleyU4ovgGbw,Musician Park,YbYTmjVZecA,공기놀이,2026-03-26T06:48:29Z,24.0,True,23068,310.0,1.0
7811,UC7LTdSPqQs1BleyU4ovgGbw,Musician Park,EyeIw8RZasM,K-Pop Animation,2026-03-28T23:18:59Z,6157.0,False,1837,14.0,1.0
7811,UC7LTdSPqQs1BleyU4ovgGbw,Musician Park,ie1baDBxStk,노랑색에 맞춰봐,2026-04-02T14:54:25Z,6.0,True,32672,183.0,2.0
7811,UC7LTdSPqQs1BleyU4ovgGbw,Musician Park,T-tL9GpJmT8,No!,2026-04-03T09:00:29Z,8.0,True,43259,294.0,2.0
7811,UC7LTdSPqQs1BleyU4ovgGbw,Musician Park,xy2KNOpSzLo,어떤 계단이 가장 좋나요? 😂,2026-04-12T11:29:21Z,13.0,True,39298,186.0,1.0
7811,UC7LTdSPqQs1BleyU4ovgGbw,Musician Park,mto5osafdXE,Dragon 🤣,2026-04-23T18:11:27Z,6.0,True,13639,87.0,3.0
7811,UC7LTdSPqQs1BleyU4ovgGbw,Musician Park,kzpohX4zp38,세상에서 가장 좋은 계단은?,2026-04-27T15:01:15Z,12.0,True,28477,156.0,1.0
7811,UC7LTdSPqQs1BleyU4ovgGbw,Musician Park,NkzAAgFyu1g,풍선을 터트려요,2026-04-28T04:00:25Z,6.0,True,11065,49.0,1.0
7811,UC7LTdSPqQs1BleyU4ovgGbw,Musician Park,m3JRSTesgsk,귀여운 계란을 냠냠,2026-04-28T06:30:17Z,25.0,True,23602,130.0,1.0
7811,UC7LTdSPqQs1BleyU4ovgGbw,Musician Park,XbDPvymPd84,어떤걸 먹을래요,2026-04-28T13:45:21Z,22.0,True,32327,138.0,1.0
7811,UC7LTdSPqQs1BleyU4ovgGbw,Musician Park,ZPnQEMs3EiA,스폰지밥 스타 캔디,2026-04-29T03:59:03Z,12.0,True,14401,98.0,2.0
7811,UC7LTdSPqQs1BleyU4ovgGbw,Musician Park,_bx_tp8FIwo,피규어를 나눠요,2026-04-29T14:42:47Z,12.0,True,11987,67.0,1.0
7811,UC7LTdSPqQs1BleyU4ovgGbw,Musician Park,FotsSv1fzzM,뭐야?!,2026-04-30T04:33:50Z,6.0,True,19731,98.0,2.0
7811,UC7LTdSPqQs1BleyU4ovgGbw,Musician Park,zFi_Oq4ZPrs,Hulk의 입을 맞춰라! 성공 확률은 0.09% 🤣😂,2026-05-04T14:44:00Z,6.0,True,23355,262.0,2.0
7811,UC7LTdSPqQs1BleyU4ovgGbw,Musician Park,YxMB9onklQY,신비한 게임! 성공 확률은 0.78% 😂🤣 #game,2026-05-05T13:09:24Z,6.0,True,26202,334.0,25.0
7811,UC7LTdSPqQs1BleyU4ovgGbw,Musician Park,5gwUlKgSGsY,초강력 음료수,2026-05-06T17:34:45Z,7.0,True,27732,102.0,2.0
7811,UC7LTdSPqQs1BleyU4ovgGbw,Musician Park,dPDKjuO9Zxo,어떤 계단을 선택할까요?,2026-05-08T15:20:05Z,13.0,True,43382,181.0,1.0
7811,UC7LTdSPqQs1BleyU4ovgGbw,Musician Park,oxPUGJ8xl7w,알 깨기,2026-05-13T03:25:06Z,18.0,True,26948,150.0,1.0
7812,UCikSO7mSQl-lx3BJOBzqA8w,짠한형 신동엽,V_lEUvG0sic,[내일은 일본특집🇯🇵] 시작부터 케미 폭발🤣 썰 50개(?) 풀고 간🗣️ 사유리부터 '부캐 천재🤵🏻' 김경욱까지 내일 짠한형에서 만나요~!,2026-03-29T10:00:30Z,49.0,True,47252,322.0,10.0
7812,UCikSO7mSQl-lx3BJOBzqA8w,짠한형 신동엽,8qASZxKPtwM,사유리 김경욱 [짠한형 EP.138] 🔥묘~한 핑크빛 기류💞 개그맨 26호 부부 탄생?!,2026-03-30T10:00:06Z,4309.0,False,1798806,9546.0,896.0
7812,UCikSO7mSQl-lx3BJOBzqA8w,짠한형 신동엽,f__wY88s_Xc,🤷‍♂️만약 신동엽이 개그맨이 아니었다면?!🧐,2026-03-31T10:00:00Z,68.0,False,63337,440.0,11.0
7812,UCikSO7mSQl-lx3BJOBzqA8w,짠한형 신동엽,baTd3GJXB64,🗣️크러쉬의 샤라웃으로 시작됐던🎉다나카의 전성기?!✨,2026-04-01T10:00:00Z,107.0,False,94286,573.0,17.0
7812,UCikSO7mSQl-lx3BJOBzqA8w,짠한형 신동엽,q5EUxsd2yaE,35년 연예인 생활 중 동엽신이 화낸😡 단 한사람??!🧐,2026-04-02T10:01:13Z,84.0,False,316783,2400.0,108.0
7812,UCikSO7mSQl-lx3BJOBzqA8w,짠한형 신동엽,C9YXdpWwxFI,"""난 그게 악성댓글 같아🤣""동엽신이 생각하는 악성댓글",2026-04-03T10:00:15Z,47.0,True,54834,316.0,12.0
7812,UCikSO7mSQl-lx3BJOBzqA8w,짠한형 신동엽,ov9zAQxZMxg,🗣️동엽신이 말하는 탁재훈을 절대 이길 수 없는 이유😏,2026-04-04T10:01:12Z,48.0,True,85270,652.0,22.0
7812,UCikSO7mSQl-lx3BJOBzqA8w,짠한형 신동엽,V9Ez0JLduT8,[내일은 개그트리오] 짠한형에서 아주 탈탈 털고 간💥 허경환x박영진x박성광 ㅣ배꼽 꽉 잡고 기다리기~😉,2026-04-05T10:00:42Z,43.0,True,70770,455.0,10.0
7812,UCikSO7mSQl-lx3BJOBzqA8w,짠한형 신동엽,_Ffz7vkBOO8,[ENG SUB] 허경환 박성광 박영진 [짠한형 EP.139]  웃기고 있는데~ 불안하네...😬레전드 KBS 22기 개그맨즈🦸‍♂️,2026-04-06T10:00:06Z,5871.0,False,3188927,22177.0,3122.0
7812,UCikSO7mSQl-lx3BJOBzqA8w,짠한형 신동엽,RO0JCBx4sjg,💥말만 했다 하면 유행어🤣 어떻게 만들어졌을까?,2026-04-07T10:00:45Z,61.0,False,218554,997.0,48.0
7812,UCikSO7mSQl-lx3BJOBzqA8w,짠한형 신동엽,hr4YaKUaPw8,🤫허경환의 미쓰비시 이클립스 스포츠카의 비밀?🏎️,2026-04-08T10:01:15Z,56.0,True,80900,372.0,15.0
7812,UCikSO7mSQl-lx3BJOBzqA8w,짠한형 신동엽,ieUM5jMWi_M,🐮소~는 누가 키워🐮 박영진 유행어 톤이 다 같은 이유!,2026-04-09T10:01:08Z,62.0,False,57608,642.0,23.0
7812,UCikSO7mSQl-lx3BJOBzqA8w,짠한형 신동엽,St55CIMf2L0,💥 허경환의 개그 아버지는?! 유재석 VS 신동엽,2026-04-10T10:00:48Z,58.0,True,81886,586.0,24.0
7812,UCikSO7mSQl-lx3BJOBzqA8w,짠한형 신동엽,VDz-h6QuT6I,박영진의 페라가모 👞 명품 신발의 행방은?!,2026-04-11T11:11:25Z,60.0,True,173360,690.0,7.0
7812,UCikSO7mSQl-lx3BJOBzqA8w,짠한형 신동엽,GBBaT6FWuCM,[내일은 짱구편🎬] 🔥사투리로 완성된 미친 티키타카💥 정우X현봉식X신승호! 내일 짠한형에서 만나요~💚,2026-04-12T10:00:19Z,50.0,True,70178,530.0,7.0
7812,UCikSO7mSQl-lx3BJOBzqA8w,짠한형 신동엽,sA3uS-PVSQk,[ENG SUB] 정우 현봉식 신승호 [짠한형 EP.140] 🔥 요~서까지 그라믄 안 돼 🤬,2026-04-13T10:00:06Z,4999.0,False,2456900,23563.0,2934.0
7812,UCikSO7mSQl-lx3BJOBzqA8w,짠한형 신동엽,9X_doD6N1bY,양상국은 짜배이?! 🫢 짱구햄 정우의 사투리 진빼이 짜배이 감별법 🔥,2026-04-14T03:06:44Z,51.0,True,343906,2252.0,176.0
7812,UCikSO7mSQl-lx3BJOBzqA8w,짠한형 신동엽,LjHbiVEMtd4,동엽신의 왠지 민망한 때밀이 🙈🫣,2026-04-14T23:00:32Z,59.0,True,47664,326.0,5.0
7812,UCikSO7mSQl-lx3BJOBzqA8w,짠한형 신동엽,wY3fvAbDmMs,정우가 직접 밝히는 🍿 바람 캐스팅 비하인드 🔥,2026-04-15T23:01:06Z,58.0,True,616562,2857.0,39.0
7812,UCikSO7mSQl-lx3BJOBzqA8w,짠한형 신동엽,7LXAqyMprQA,장산범 정우?! 🫢 성대모사 모음집 📂,2026-04-16T23:00:07Z,73.0,False,1898744,8720.0,81.0
7812,UCikSO7mSQl-lx3BJOBzqA8w,짠한형 신동엽,d3m--KBDQNM,끄지라 임마~ 🤬 양상국X정우 전화통화 📲,2026-04-17T23:00:48Z,61.0,False,252650,1493.0,45.0
7812,UCikSO7mSQl-lx3BJOBzqA8w,짠한형 신동엽,14Yz3yxY7IM,[내일은 어반자카파편🎶] 본업 천재들의 현실 남매 케미! 💕 조현아X권순일! 내일 짠한형에서 만나요~💚,2026-04-18T23:00:01Z,41.0,True,52464,338.0,8.0
7812,UCikSO7mSQl-lx3BJOBzqA8w,짠한형 신동엽,molVe_QwQUs,어반자카파 조현아 권순일 [짠한형 EP.141] 👀 안광 돋는 뚱초 & 식당 이모님🤞,2026-04-20T10:00:06Z,5670.0,False,2154529,11055.0,818.0
7812,UCikSO7mSQl-lx3BJOBzqA8w,짠한형 신동엽,ZQ7UeuSJamA,많이 강한 조현아 🔥,2026-04-20T23:00:27Z,6.0,True,343296,933.0,38.0
7812,UCikSO7mSQl-lx3BJOBzqA8w,짠한형 신동엽,_Hs3sAYgY7w,유노윤호 밥 사주던 초딩 권순일 👦🏻,2026-04-20T23:00:38Z,56.0,True,66035,370.0,9.0
7812,UCikSO7mSQl-lx3BJOBzqA8w,짠한형 신동엽,yd8enRJHRyc,그만 좀 내려와 😡 권순일 윗집 쌈디,2026-04-21T23:01:05Z,51.0,True,478616,2035.0,32.0
7812,UCikSO7mSQl-lx3BJOBzqA8w,짠한형 신동엽,HMZqIU76UoQ,수지야 일단 나와줘 🙏,2026-04-22T23:00:18Z,38.0,True,1029403,3764.0,30.0
7812,UCikSO7mSQl-lx3BJOBzqA8w,짠한형 신동엽,W1sqGwKPXCw,신동엽 최애 숫자 69 🔥,2026-04-23T23:00:38Z,50.0,True,223504,661.0,36.0
7812,UCikSO7mSQl-lx3BJOBzqA8w,짠한형 신동엽,mg5oJ7vSaNI,조현아 예능 잡도리 🤬,2026-04-24T23:01:01Z,48.0,True,72587,418.0,6.0
7812,UCikSO7mSQl-lx3BJOBzqA8w,짠한형 신동엽,SkAqoOiE0Ms,[내일은 유브이편💥] 미친 텐션 유세윤X뮤지! 내일 짠한형에서 만나요~💚,2026-04-25T23:00:34Z,38.0,True,95932,485.0,7.0
7812,UCikSO7mSQl-lx3BJOBzqA8w,짠한형 신동엽,8DjFF6O8xdQ,UV 유세윤 뮤지 [짠한형 EP.142] 🔥캪틴큐 프리덤✌️,2026-04-27T10:00:06Z,4075.0,False,1072522,6456.0,1004.0
7812,UCikSO7mSQl-lx3BJOBzqA8w,짠한형 신동엽,5Pp44xM9h2M,동엽신의 30년 묵힌 최애 양주 🥃,2026-04-27T23:00:05Z,63.0,False,1579081,6210.0,420.0
7812,UCikSO7mSQl-lx3BJOBzqA8w,짠한형 신동엽,r4z4EhSHDNs,신동엽 콘돔의 진실 🤫,2026-04-28T23:01:03Z,51.0,True,56954,394.0,5.0
7812,UCikSO7mSQl-lx3BJOBzqA8w,짠한형 신동엽,XktptWHdVI0,유세윤 코노 콘서트 비하인드 🎤,2026-04-29T23:00:38Z,53.0,True,53918,262.0,7.0
7812,UCikSO7mSQl-lx3BJOBzqA8w,짠한형 신동엽,ZuOxJX87XPM,19금 심의 모음 🔞,2026-04-30T23:00:43Z,54.0,True,61019,418.0,5.0
7812,UCikSO7mSQl-lx3BJOBzqA8w,짠한형 신동엽,7-zpEHqyZJw,진짜 변태 UV 👍,2026-05-01T23:00:16Z,53.0,True,85806,384.0,2.0
7812,UCikSO7mSQl-lx3BJOBzqA8w,짠한형 신동엽,pCetTbxuW7U,[내일은 TXT편💥] 예능돌 투바투의 활약! 내일 짠한형에서 만나요~💚,2026-05-02T23:00:49Z,39.0,True,62580,538.0,37.0
7812,UCikSO7mSQl-lx3BJOBzqA8w,짠한형 신동엽,PQpD7i0GwgQ,[ENG SUB] TXT 수빈 범규 [짠한형 EP.143]  🩷 🐰하루에 하루만 더 사랑해줘🧸🩷,2026-05-04T10:00:21Z,3287.0,False,1925219,12781.0,973.0
7812,UCikSO7mSQl-lx3BJOBzqA8w,짠한형 신동엽,8wqCf4PdVzw,미스틱 갈 뻔한 범규?! 🫢,2026-05-04T23:00:09Z,63.0,False,37983,302.0,6.0
7812,UCikSO7mSQl-lx3BJOBzqA8w,짠한형 신동엽,y-6Jf1GKmB4,⚔️ 범규 형제의 난 ⚔️,2026-05-05T23:01:06Z,51.0,True,56435,392.0,11.0
7812,UCikSO7mSQl-lx3BJOBzqA8w,짠한형 신동엽,JD3ChuDyQU8,TXT 말고 투모로우바이투게더 🫢,2026-05-06T23:00:32Z,48.0,True,21430,271.0,3.0
7812,UCikSO7mSQl-lx3BJOBzqA8w,짠한형 신동엽,CyaqrseIvS8,수빈 범규 비주얼 모음 💖,2026-05-07T23:00:15Z,56.0,True,15466,251.0,11.0
7812,UCikSO7mSQl-lx3BJOBzqA8w,짠한형 신동엽,GurhAwDhTao,떡잎부터 달랐던 수빈,2026-05-08T23:00:28Z,41.0,True,42899,208.0,4.0
7812,UCikSO7mSQl-lx3BJOBzqA8w,짠한형 신동엽,Hw79nMeiy_8,[내일은 메타코미디편🔥] 배꼽 빠지는 유머 전문가들! 내일 짠한형에서 만나요~💚,2026-05-09T23:00:30Z,37.0,True,70971,324.0,11.0
7812,UCikSO7mSQl-lx3BJOBzqA8w,짠한형 신동엽,zFiwiloHcwE,[ENG SUB] 곽범 이선민 이재율 김동하 [짠한형 EP.144] 이상한 애들이요? 그게 바로 저흽니다 🫡,2026-05-11T10:00:06Z,4740.0,False,1264585,8941.0,1219.0
7812,UCikSO7mSQl-lx3BJOBzqA8w,짠한형 신동엽,S8ATPr4Xpz0,정자왕 이선민🔞,2026-05-11T23:00:20Z,61.0,False,34556,322.0,8.0
7812,UCikSO7mSQl-lx3BJOBzqA8w,짠한형 신동엽,sW0hZwG-XbQ,SBS 두 번 버린 코미디언 🤣,2026-05-12T23:01:02Z,80.0,False,188367,462.0,18.0
7812,UCikSO7mSQl-lx3BJOBzqA8w,짠한형 신동엽,8vUbI62HbFc,이재율 '누가 죄인인가' 신동엽 ver. 🎤,2026-05-13T23:00:15Z,60.0,True,357179,1910.0,56.0
7812,UCikSO7mSQl-lx3BJOBzqA8w,짠한형 신동엽,sqbGHD-UU2E,🦍 고릴라 목사 (?),2026-05-14T23:01:00Z,71.0,False,34018,332.0,16.0
7812,UCikSO7mSQl-lx3BJOBzqA8w,짠한형 신동엽,Dh61F1aLhQw,조훈 잡으러 간 곽범 딸,2026-05-15T23:00:11Z,50.0,True,34127,145.0,2.0
7813,UC_6zPf4uuteHFFctnQtEaXQ,ARIRANG K-POP,babSU_xsCFU,[Rolling in K-Pop] Can SECRET NUMBER Understand Each Other Speaking BAHASA INDONESIA? | MIND LINK,2026-05-11T00:25:50Z,717.0,False,1105,36.0,9.0
7813,UC_6zPf4uuteHFFctnQtEaXQ,ARIRANG K-POP,KoHUaz1BUpw,[Rolling in K-Pop] Can OnlyOneOf Understand Each Other Speaking PORTUGUESE? | MIND LINK,2026-05-11T02:00:16Z,627.0,False,304,23.0,4.0
7813,UC_6zPf4uuteHFFctnQtEaXQ,ARIRANG K-POP,TLS6960MaFs,언차일드 'UNCHILD' #simplykpop,2026-05-11T03:00:37Z,28.0,True,2497,43.0,0.0
7813,UC_6zPf4uuteHFFctnQtEaXQ,ARIRANG K-POP,wL3D1asExuk,언차일드 'UNCHILD' #simplykpop,2026-05-11T03:15:40Z,44.0,True,2090,33.0,0.0
7813,UC_6zPf4uuteHFFctnQtEaXQ,ARIRANG K-POP,ibeQd2NzlSE,[Rolling in K-Pop] Can WEKIMEKI Understand Each Other Speaking BAHASA INDONESIA? | MIND LINK,2026-05-11T03:30:19Z,605.0,False,532,21.0,1.0
7813,UC_6zPf4uuteHFFctnQtEaXQ,ARIRANG K-POP,E1ezHXMCh5E,언차일드 'UNCHILD' #simplykpop,2026-05-11T03:45:09Z,44.0,True,1425,12.0,0.0
7813,UC_6zPf4uuteHFFctnQtEaXQ,ARIRANG K-POP,C3n7WtyxFq8,MODYSSEY 'HOOK' #simplykpop,2026-05-11T04:00:35Z,40.0,True,568,20.0,0.0
7813,UC_6zPf4uuteHFFctnQtEaXQ,ARIRANG K-POP,oJUD25bjtc8,MODYSSEY 'HOOK' #simplykpop,2026-05-11T04:30:19Z,28.0,True,1312,34.0,0.0
7813,UC_6zPf4uuteHFFctnQtEaXQ,ARIRANG K-POP,kivrbRr5C64,[Rolling in K-Pop] Can 3YE Understand Each Other Speaking PORTUGUESE? | MIND LINK,2026-05-11T05:00:03Z,623.0,False,106,6.0,1.0
7813,UC_6zPf4uuteHFFctnQtEaXQ,ARIRANG K-POP,v55NxBG0LWI,MODYSSEY 'HOOK' #simplykpop,2026-05-11T05:00:31Z,60.0,True,594,20.0,0.0
7813,UC_6zPf4uuteHFFctnQtEaXQ,ARIRANG K-POP,MZ0_tf3Onu4,명란즈 X 키오프 'Who is she' #simplykpop,2026-05-11T05:00:38Z,27.0,True,466748,5282.0,37.0
7813,UC_6zPf4uuteHFFctnQtEaXQ,ARIRANG K-POP,ryg69NpuPYY,KISS OF LIFE 'Who is she' #simplykpop,2026-05-11T06:00:26Z,36.0,True,37854,713.0,6.0
7813,UC_6zPf4uuteHFFctnQtEaXQ,ARIRANG K-POP,7JyFGLeVmm0,KISS OF LIFE 'Who is she' #simplykpop,2026-05-11T06:15:16Z,46.0,True,25037,421.0,5.0
7813,UC_6zPf4uuteHFFctnQtEaXQ,ARIRANG K-POP,z59YEdHuL9M,[Rolling in K-Pop] Eric Nam does emoji quiz and make new emoji dance?! I BTS l EMOJI DANCE,2026-05-11T06:30:26Z,260.0,False,197,10.0,1.0
7813,UC_6zPf4uuteHFFctnQtEaXQ,ARIRANG K-POP,YMf0wcf7hiY,KISS OF LIFE 'Who is she' #simplykpop,2026-05-11T06:30:28Z,36.0,True,39715,774.0,3.0
7813,UC_6zPf4uuteHFFctnQtEaXQ,ARIRANG K-POP,yIvKTZaD9Qo,키스오브라이프 엔딩요정 모먼트❤❤,2026-05-11T06:45:32Z,30.0,True,7062,160.0,4.0
7813,UC_6zPf4uuteHFFctnQtEaXQ,ARIRANG K-POP,mCjCBropkZE,[Rolling in K-Pop] VICTON replies to INDONESIAN fans in BAHASA INDONESIA (CALL ME BY YOUR LANGUAGE),2026-05-11T08:00:27Z,588.0,False,362,15.0,0.0
7813,UC_6zPf4uuteHFFctnQtEaXQ,ARIRANG K-POP,aOrmaL0Zpjg,국장님 앞에서 앙하는 남자 호감 ANGRILLA♥ #beautyonandoff,2026-05-11T09:00:17Z,45.0,True,494,52.0,6.0
7813,UC_6zPf4uuteHFFctnQtEaXQ,ARIRANG K-POP,sASJ4cSr5Wg,K-Intense Beauty? 자극적인 뷰티가 뭔데 #beautyonandoff,2026-05-11T09:01:02Z,59.0,True,726,60.0,6.0
7813,UC_6zPf4uuteHFFctnQtEaXQ,ARIRANG K-POP,bgLXYTMKi9s,[Rolling in K-Pop] โกลเดนไชลด์ตอบกลับคำถามของแฟนคลับไทยเป็นภาษาไทย | #CBL (CALL ME BY YOUR LANGUAGE),2026-05-11T09:30:28Z,568.0,False,81,4.0,0.0
7813,UC_6zPf4uuteHFFctnQtEaXQ,ARIRANG K-POP,0K-LHzaPojk,[Rolling in K-Pop] VAV responde a los fanáticos en ESPAÑOL | #CBL (CALL ME BY YOUR LANGUAGE),2026-05-11T11:00:31Z,578.0,False,125,11.0,0.0
7813,UC_6zPf4uuteHFFctnQtEaXQ,ARIRANG K-POP,8-dhrOGhOpU,[Rolling in K-Pop] A.C.E replies to fans in PORTUGUESE | #CBL (CALL ME BY YOUR LANGUAGE),2026-05-11T12:30:25Z,682.0,False,223,10.0,1.0
7813,UC_6zPf4uuteHFFctnQtEaXQ,ARIRANG K-POP,GEG70Ss5tbU,[Rolling in K-Pop] ONF replies to fans in BAHASA INDONESIA | #CBL (CALL ME BY YOUR LANGUAGE),2026-05-11T14:00:26Z,594.0,False,297,35.0,4.0
7813,UC_6zPf4uuteHFFctnQtEaXQ,ARIRANG K-POP,Te4d7hfmgrM,[Rolling in K-Pop] PENTAGON replies to fans in FILIPINO | #CBL (CALL ME BY YOUR LANGUAGE),2026-05-11T23:00:07Z,571.0,False,133,7.0,0.0
7813,UC_6zPf4uuteHFFctnQtEaXQ,ARIRANG K-POP,lY6u5dHlOYs,[Rolling in K-Pop] DREAMCATCHER replies to fans in PORTUGUESE | #CBL (CALL ME BY YOUR LANGUAGE),2026-05-12T00:30:27Z,601.0,False,337,35.0,2.0
7813,UC_6zPf4uuteHFFctnQtEaXQ,ARIRANG K-POP,fRqTs33CEDY,[Rolling in K-Pop] WEKI MEKI replies to fans in BAHASA INDONESIA | #CBL (CALL ME BY YOUR LANGUAGE),2026-05-12T02:00:28Z,633.0,False,288,24.0,1.0
7813,UC_6zPf4uuteHFFctnQtEaXQ,ARIRANG K-POP,xKsnRktvJ0Y,[Rolling in K-Pop] TOO replies to fans in BAHASA INDONESIA | #CBL (CALL ME BY YOUR LANGUAGE),2026-05-12T03:30:31Z,653.0,False,243,13.0,0.0
7813,UC_6zPf4uuteHFFctnQtEaXQ,ARIRANG K-POP,SZ4C2oRj5A4,Personal color : Abnormal?! 퍼컬 비정상이랜다 #beautyonandoff,2026-05-12T09:00:33Z,65.0,False,3198,132.0,1.0
7813,UC_6zPf4uuteHFFctnQtEaXQ,ARIRANG K-POP,Kh3VgrFEBro,이젠 퍼컬로 성격진단 Personal Color is new MBTI #beautyonandoff,2026-05-12T09:01:37Z,50.0,True,1218,45.0,1.0
7813,UC_6zPf4uuteHFFctnQtEaXQ,ARIRANG K-POP,jwrbkRdHdnk,[Rolling in K-Pop] GWSN replies to fans in VIETNAMESE | #CBL (CALL ME BY YOUR LANGUAGE),2026-05-13T00:00:06Z,598.0,False,133,3.0,1.0
7813,UC_6zPf4uuteHFFctnQtEaXQ,ARIRANG K-POP,jy7wxEFx-AU,[Rolling in K-Pop] YUBIN replies to fans in BAHASA INDONESIA | #CBL (CALL ME BY YOUR LANGUAGE),2026-05-13T02:00:10Z,471.0,False,253,19.0,1.0
7813,UC_6zPf4uuteHFFctnQtEaXQ,ARIRANG K-POP,l-TYEgK6erQ,[Rolling in K-Pop] WOO!AH! replies to fans in PORTUGUESE | #CBL (CALL ME BY YOUR LANGUAGE),2026-05-13T03:30:27Z,692.0,False,269,22.0,3.0
7813,UC_6zPf4uuteHFFctnQtEaXQ,ARIRANG K-POP,9do5IvK2Fqo,[Rolling in K-Pop] VERIVERY replies to fans in FILIPINO | #CBL (CALL ME BY YOUR LANGUAGE),2026-05-13T05:00:00Z,752.0,False,268,23.0,3.0
7813,UC_6zPf4uuteHFFctnQtEaXQ,ARIRANG K-POP,u8ORE8Tt6LE,[Rolling in K-Pop] ERIC NAM replies to fans in SPANISH | #CBL (CALL ME BY YOUR LANGUAGE),2026-05-13T06:30:36Z,362.0,False,159,10.0,0.0
7813,UC_6zPf4uuteHFFctnQtEaXQ,ARIRANG K-POP,f59SDJvpnec,[Rolling in K-Pop] APRIL replies to fans in BAHASA INDONESIA | #CBL (CALL ME BY YOUR LANGUAGE),2026-05-13T08:00:32Z,721.0,False,220,9.0,1.0
7813,UC_6zPf4uuteHFFctnQtEaXQ,ARIRANG K-POP,Fw-5-XGGa2o,쿨병말기 I MUST be COOL #beautyonandoff,2026-05-13T09:00:23Z,62.0,False,7243,191.0,5.0
7813,UC_6zPf4uuteHFFctnQtEaXQ,ARIRANG K-POP,iV4OPCnQvYg,릴라손이라 어쩔수가 Can't control RILLA-Hand #beautyonandoff,2026-05-13T09:01:02Z,44.0,True,1493,49.0,1.0
7813,UC_6zPf4uuteHFFctnQtEaXQ,ARIRANG K-POP,AjHZP5wiCQ8,[Rolling in K-Pop] 1TEAM,2026-05-13T09:30:15Z,1536.0,False,105,2.0,0.0
7813,UC_6zPf4uuteHFFctnQtEaXQ,ARIRANG K-POP,LUj1-nY3V9g,[Rolling in K Pop] MCND,2026-05-13T11:00:16Z,1554.0,False,141,9.0,0.0
7813,UC_6zPf4uuteHFFctnQtEaXQ,ARIRANG K-POP,P0WnpKEWrLY,[Rolling in K Pop ] ONF,2026-05-13T12:30:11Z,1564.0,False,428,57.0,4.0
7813,UC_6zPf4uuteHFFctnQtEaXQ,ARIRANG K-POP,88p35rgXLe0,[Rolling in K Pop] DREAMCATCHER,2026-05-13T14:00:12Z,1565.0,False,310,25.0,3.0
7813,UC_6zPf4uuteHFFctnQtEaXQ,ARIRANG K-POP,HVxRoyuDLUU,[Beauty On and Off] Ep.6 K-Beauty Travel Essentials,2026-05-14T10:00:03Z,1697.0,False,1195,233.0,52.0
7813,UC_6zPf4uuteHFFctnQtEaXQ,ARIRANG K-POP,jXErmjacyf8,"[Simply K-Pop] EP.6 – CRAVITY, Park Hye Kyoung, MODYSSEY. UNCHILD, NAZE",2026-05-15T04:00:06Z,3217.0,False,3584,343.0,44.0
7813,UC_6zPf4uuteHFFctnQtEaXQ,ARIRANG K-POP,QGHoRtyMTIA,명란즈 X 크래비티 'AWAKE' #simplykpop,2026-05-15T05:30:24Z,38.0,True,1526,64.0,1.0
7813,UC_6zPf4uuteHFFctnQtEaXQ,ARIRANG K-POP,OCPh1ltupJU,핫태영 #simplykpop,2026-05-15T05:31:17Z,9.0,True,977,29.0,0.0
7813,UC_6zPf4uuteHFFctnQtEaXQ,ARIRANG K-POP,I_bmp3A102s,낯가리는 정모 #simplykpop,2026-05-15T05:35:12Z,20.0,True,1650,41.0,0.0
7813,UC_6zPf4uuteHFFctnQtEaXQ,ARIRANG K-POP,pllgQgNTbMg,아기토끼🐰가 알려주는 오늘의 착장 #simplykpop,2026-05-15T05:36:33Z,16.0,True,1899,54.0,2.0
7813,UC_6zPf4uuteHFFctnQtEaXQ,ARIRANG K-POP,xERQzfR3B98,크래비티 엔딩요정 모먼트(˶ᐢωᐢ˶)💕 #simplykpop,2026-05-15T05:40:02Z,38.0,True,1885,145.0,3.0
7813,UC_6zPf4uuteHFFctnQtEaXQ,ARIRANG K-POP,M0f27MGbs4M,비둘기가 있네요(침착) PIGEON in here?! #beautyonandoff,2026-05-16T03:00:05Z,21.0,True,36,5.0,1.0
7813,UC_6zPf4uuteHFFctnQtEaXQ,ARIRANG K-POP,RSedmYcfck4,WARILLA is excited #beautyonandoff,2026-05-16T03:01:02Z,20.0,True,346,2.0,0.0
7814,UCdnG_x4W3C3TfxK6dWLcs_w,Imaginative Guy,yZ0FV61hPs8,2024 fly fishing EP2 - 조우(釣友)와 조우(遭遇)하다. (잉어 플라이 낚시),2024-03-22T07:59:09Z,1403.0,False,1909,76.0,34.0
7814,UCdnG_x4W3C3TfxK6dWLcs_w,Imaginative Guy,2nXYJKeXisw,2024 fly fishing EP3 - 새로운 곳에서 만난 괴물. (잉어 플라이 낚시),2024-04-07T11:25:50Z,1445.0,False,16536,205.0,71.0
7814,UCdnG_x4W3C3TfxK6dWLcs_w,Imaginative Guy,94CDqf_h0yc,2024 fly fishing EP4 - 날 미치게 하는 낚시. (Carp On The Fly 잉어 플라이 낚시),2024-05-07T03:39:57Z,1262.0,False,2920,79.0,33.0
7814,UCdnG_x4W3C3TfxK6dWLcs_w,Imaginative Guy,V-D9k7eTGWg,Emergency rescue of fish - 잉어 긴급 구조 작전,2024-05-18T02:57:17Z,826.0,False,2142,60.0,24.0
7814,UCdnG_x4W3C3TfxK6dWLcs_w,Imaginative Guy,wQ2ODg0-6Fg,2024 fly fishing EP5 - 비는 물고기를 미치게 한다. (Carp On The Fly 잉어 플라이 낚시),2024-05-22T10:29:33Z,1211.0,False,2695,63.0,23.0
7814,UCdnG_x4W3C3TfxK6dWLcs_w,Imaginative Guy,77O74TYlqDo,Cat reaction to seeing live rats for the first time - 살아있는 쥐를 처음 본 고양이 반응 (랭이개인기),2024-05-28T13:05:00Z,256.0,False,3193,80.0,16.0
7814,UCdnG_x4W3C3TfxK6dWLcs_w,Imaginative Guy,rcs-x11GtBI,할배 들어뽕 스킬 - Amazing fish landing skill,2024-06-01T08:13:50Z,15.0,True,19491,149.0,8.0
7814,UCdnG_x4W3C3TfxK6dWLcs_w,Imaginative Guy,PmgibEahcS4,츄르 쟁탈전 - Cat vs Chick,2024-06-02T10:40:07Z,13.0,True,11060,197.0,3.0
7814,UCdnG_x4W3C3TfxK6dWLcs_w,Imaginative Guy,txiM8FJwwbE,Cat caring for chicks - 병아리를 돌보는 고양이 (랭이개인기),2024-06-05T13:20:00Z,830.0,False,7771,184.0,14.0
7814,UCdnG_x4W3C3TfxK6dWLcs_w,Imaginative Guy,McINRlbOOsc,2024 fly fishing EP6 - 갤러리가 모여드는 잉어플라이낚시 . (Carp On The Fly 잉어 플라이 낚시),2024-06-13T10:19:38Z,943.0,False,3557,82.0,52.0
7814,UCdnG_x4W3C3TfxK6dWLcs_w,Imaginative Guy,Fdz5X0n3KgQ,2024 fly fishing EP7 - 눈이 즐거운 낚시 . (Carp On The Fly 잉어 플라이 낚시),2024-06-21T11:56:12Z,1009.0,False,2001,50.0,20.0
7814,UCdnG_x4W3C3TfxK6dWLcs_w,Imaginative Guy,fsxIYxKUBKU,잉어 플라이낚시 미공개 1편 - 2024 Carp fly fishing Unreleased video collection,2024-07-21T10:46:28Z,917.0,False,1649,36.0,19.0
7814,UCdnG_x4W3C3TfxK6dWLcs_w,Imaginative Guy,0LJR2mbBsgc,잉어 플라이낚시 미공개 2편 - 2024 Carp fly fishing Unreleased video collection,2024-08-25T09:51:45Z,1508.0,False,2836,57.0,16.0
7814,UCdnG_x4W3C3TfxK6dWLcs_w,Imaginative Guy,OckQ-UGxfn4,잉어 플라이낚시 미공개 3편 - 2024 Carp fly fishing Unreleased video collection,2024-09-07T10:11:48Z,1192.0,False,1963,59.0,15.0
7814,UCdnG_x4W3C3TfxK6dWLcs_w,Imaginative Guy,FF9iXFVLUNY,2024 fly fishing EP8 - 7월의 잉어플라이낚시 . (Carp On The Fly 잉어 플라이 낚시),2024-10-08T12:19:03Z,1199.0,False,2417,63.0,22.0
7814,UCdnG_x4W3C3TfxK6dWLcs_w,Imaginative Guy,wOoTl0GCaJ0,"2024 fly fishing EP9 - 8월,9월 잉어플라이낚시 . (Carp On The Fly 잉어 플라이 낚시)",2024-11-01T12:03:51Z,1023.0,False,1426,35.0,18.0
7814,UCdnG_x4W3C3TfxK6dWLcs_w,Imaginative Guy,hHmb92WG_ks,2024 fly fishing EP10 -10월 (상편) 잉어플라이낚시 . (Carp On The Fly 잉어 플라이 낚시),2024-11-23T10:59:26Z,729.0,False,1449,34.0,18.0
7814,UCdnG_x4W3C3TfxK6dWLcs_w,Imaginative Guy,dUNxnzba-ao,2024 fly fishing EP10 -10월 (하편) 잉어플라이낚시 . (Carp On The Fly 잉어 플라이 낚시),2024-11-30T13:13:24Z,1050.0,False,1918,42.0,28.0
7814,UCdnG_x4W3C3TfxK6dWLcs_w,Imaginative Guy,7NqSkeAAspM,2024 fly fishing EP11 -11월 잉어플라이낚시 . (Carp On The Fly 잉어 플라이 낚시),2024-12-28T10:40:33Z,986.0,False,2058,53.0,22.0
7814,UCdnG_x4W3C3TfxK6dWLcs_w,Imaginative Guy,7qmo6ft8XyQ,2024 fly fishing EP12 - 엄청난 잉어를 한눈에 보다 . (Carp On The Fly 잉어 플라이 낚시),2025-01-09T09:52:50Z,1131.0,False,3030,61.0,42.0
7814,UCdnG_x4W3C3TfxK6dWLcs_w,Imaginative Guy,XfyaUZ5-GcA,2025 fly fishing EP1 - 놓친 물고기는 항상 크다 . (Carp On The Fly 잉어 플라이 낚시) with CLOVA Dubbing,2025-02-08T11:37:00Z,1414.0,False,2423,58.0,27.0
7814,UCdnG_x4W3C3TfxK6dWLcs_w,Imaginative Guy,4YN6jegQAgs,1000마리 월척붕어가 펼치는 군무,2025-02-18T10:59:55Z,161.0,False,1208,40.0,36.0
7814,UCdnG_x4W3C3TfxK6dWLcs_w,Imaginative Guy,FJ-2JKmzy3s,대구리가 뭐꼬? - 2025 fly fishing EP2  (Carp On The Fly 잉어 플라이 낚시) with CLOVA Dubbing,2025-03-08T14:25:14Z,1591.0,False,2100,60.0,30.0
7814,UCdnG_x4W3C3TfxK6dWLcs_w,Imaginative Guy,29o4SCiTC7I,물에 들어가야 제맛! - 2025 fly fishing EP3  (Carp On The Fly 잉어 플라이 낚시) with CLOVA Dubbing,2025-03-29T13:15:26Z,1178.0,False,1322,42.0,30.0
7814,UCdnG_x4W3C3TfxK6dWLcs_w,Imaginative Guy,G641xUh_TBI,대물의 계절! - 2025 fly fishing EP4 (Carp On The Fly 잉어 플라이 낚시) with CLOVA Dubbing,2025-04-10T11:14:52Z,1318.0,False,2065,57.0,30.0
7814,UCdnG_x4W3C3TfxK6dWLcs_w,Imaginative Guy,UXBsRoGI9Iw,잉어 플라이낚시 (Carp fly fishing) #carpfishing #fishing #carp,2025-04-17T09:10:19Z,65.0,False,15392,108.0,14.0
7814,UCdnG_x4W3C3TfxK6dWLcs_w,Imaginative Guy,oi0uJRAXUdM,고양이 벚꽃산책 (랭이개인기) #cat #랭이개인기 #봄소풍,2025-04-21T05:42:01Z,27.0,True,4153,106.0,4.0
7814,UCdnG_x4W3C3TfxK6dWLcs_w,Imaginative Guy,YX_5X423i7E,물지 않을땐 톡톡! - 2025 fly fishing EP5 (Carp On The Fly 잉어 플라이 낚시) with CLOVA Dubbing,2025-04-29T10:38:01Z,1332.0,False,1791,42.0,27.0
7814,UCdnG_x4W3C3TfxK6dWLcs_w,Imaginative Guy,YjvuZ4k2Nlw,손님고기 반갑다 - 2025 fly fishing EP6 (Carp On The Fly 잉어 플라이 낚시) with CLOVA Dubbing,2025-05-10T10:54:27Z,1390.0,False,1832,51.0,30.0
7814,UCdnG_x4W3C3TfxK6dWLcs_w,Imaginative Guy,9sDzTL84ARY,4월 하순 잉플하기 좋은날- 2025 fly fishing EP7 (Carp On The Fly 잉어 플라이 낚시) with CLOVA Dubbing,2025-05-24T13:43:38Z,1379.0,False,1731,44.0,26.0
7814,UCdnG_x4W3C3TfxK6dWLcs_w,Imaginative Guy,DDbU1-KKvPI,일타쌍피 - 2025 fly fishing EP7 (Carp On The Fly 잉어 플라이 낚시) with CLOVA Dubbing,2025-06-14T10:43:19Z,1063.0,False,1461,34.0,32.0
7814,UCdnG_x4W3C3TfxK6dWLcs_w,Imaginative Guy,GBzhXMjij0U,Red Spine Fly Hook (레드 스파인훅) - 2025 fly fishing EP8(Carp On The Fly 잉어 플라이 낚시) with CLOVA Dubbing,2025-07-04T11:30:07Z,1192.0,False,1407,48.0,37.0
7814,UCdnG_x4W3C3TfxK6dWLcs_w,Imaginative Guy,ZWlnxKJ3vIU,have a good appetite(넙죽넙죽 잘도 먹는다)-2025 fly fishing EP9(Carp On The Fly 잉어 플라이 낚시) with CLOVA Dubbing,2025-07-15T12:30:07Z,1530.0,False,1443,32.0,28.0
7814,UCdnG_x4W3C3TfxK6dWLcs_w,Imaginative Guy,AqWiURM7VlU,New record (최대어 기록경신)-2025 fly fishing EP10(Carp On The Fly 잉어 플라이 낚시) with CLOVA Dubbing,2025-07-31T11:50:07Z,1742.0,False,3071,48.0,32.0
7814,UCdnG_x4W3C3TfxK6dWLcs_w,Imaginative Guy,sP8QHIQpN88,Rescuing a pigeon tied to a line (줄이 엉킨 비둘기 구조) with CLOVA Dubbing,2025-08-15T13:05:23Z,300.0,False,2053,80.0,30.0
7814,UCdnG_x4W3C3TfxK6dWLcs_w,Imaginative Guy,DCrLJmBjQyY,2025 fly fishing EP11(Carp On The Fly 잉어 플라이 낚시) with CLOVA Dubbing,2025-08-29T10:51:07Z,1444.0,False,1334,28.0,11.0
7814,UCdnG_x4W3C3TfxK6dWLcs_w,Imaginative Guy,1I_jge2TjFk,할배가 잉어 꼬드기는 법 #carp #carpfishing #fishing #낚시,2025-09-15T10:08:49Z,22.0,True,5497,48.0,1.0
7814,UCdnG_x4W3C3TfxK6dWLcs_w,Imaginative Guy,Efs6I5kwk_0,지난 여름날의 추억-2025 fly fishing EP12(Carp On The Fly 잉어 플라이 낚시) with CLOVA Dubbing,2025-09-19T11:09:36Z,1377.0,False,1862,38.0,34.0
7814,UCdnG_x4W3C3TfxK6dWLcs_w,Imaginative Guy,_W-LDo_1hI8,여름은 꾼도 물고기도 힘들다 - 2025 fly fishing EP13(Carp On The Fly 잉어 플라이 낚시) with CLOVA Dubbing,2025-10-17T11:41:02Z,898.0,False,807,29.0,15.0
7814,UCdnG_x4W3C3TfxK6dWLcs_w,Imaginative Guy,QlorQzHf8jk,밀린숙제 - 2025 fly fishing EP14(Carp On The Fly 잉어 플라이 낚시) with CLOVA Dubbing,2025-11-07T12:04:14Z,1124.0,False,1461,34.0,11.0
7814,UCdnG_x4W3C3TfxK6dWLcs_w,Imaginative Guy,465fRWocdHA,가을 잉어는 떠오른다. - 2025 fly fishing EP14(Carp On The Fly 잉어 플라이 낚시) with CLOVA Dubbing,2025-11-21T12:46:05Z,1250.0,False,1134,26.0,14.0
7814,UCdnG_x4W3C3TfxK6dWLcs_w,Imaginative Guy,B6qn99Iw4eI,쪽빛하늘 쪽빛강물 - 2025 fly fishing EP15(Carp On The Fly 잉어 플라이 낚시) with CLOVA Dubbing,2025-12-05T09:52:00Z,1178.0,False,1035,30.0,16.0
7814,UCdnG_x4W3C3TfxK6dWLcs_w,Imaginative Guy,k7vE7HPSEkE,간만에 느끼는 묵직한 손맛 - 2025 fly fishing EP16(Carp On The Fly 잉어 플라이 낚시) with CLOVA Dubbing,2025-12-31T10:40:01Z,1210.0,False,1832,31.0,21.0
7814,UCdnG_x4W3C3TfxK6dWLcs_w,Imaginative Guy,62KnaQB2cZ4,낚시 하고 싶게 만드는 2분 짜리 영상! - 잉어 플라이낚시 (CARP FLY FISHING),2026-01-28T11:04:13Z,121.0,False,1394,27.0,18.0
7814,UCdnG_x4W3C3TfxK6dWLcs_w,Imaginative Guy,GinAR4EDklg,대구리 풍년- 2026 fly fishing EP1 (Carp On The Fly 잉어 플라이 낚시) with CLOVA Dubbing,2026-02-27T11:18:59Z,1045.0,False,2095,40.0,36.0
7814,UCdnG_x4W3C3TfxK6dWLcs_w,Imaginative Guy,nxLA8uiQlQo,마릿수의 계절- 2026 fly fishing EP2 (Carp On The Fly 잉어 플라이 낚시) with CLOVA Dubbing,2026-03-27T12:00:09Z,639.0,False,755,26.0,19.0
7814,UCdnG_x4W3C3TfxK6dWLcs_w,Imaginative Guy,KKW1QO-740o,한국의 하천 잉어가 먹는 이것?- 2026 fly fishing EP3(Carp On The Fly 잉어 플라이 낚시) with CLOVA Dubbing,2026-04-10T10:34:04Z,1469.0,False,1922,33.0,19.0
7814,UCdnG_x4W3C3TfxK6dWLcs_w,Imaginative Guy,RzQUVbWJPec,낚시가 아냐! 이건 사냥이지! - 2026 fly fishing EP4(Carp On The Fly 잉어 플라이 낚시) with CLOVA Dubbing,2026-04-17T10:25:37Z,1277.0,False,3464,32.0,19.0
7814,UCdnG_x4W3C3TfxK6dWLcs_w,Imaginative Guy,nIOa7FaZ8Nc,골라 먹이는 재미 - 2026 fly fishing EP5(Carp On The Fly 잉어 플라이 낚시) with CLOVA Dubbing,2026-04-25T09:37:18Z,1252.0,False,1403,20.0,20.0
7814,UCdnG_x4W3C3TfxK6dWLcs_w,Imaginative Guy,TPT7PVXExUc,낚시가 아냐! 이건 조업이지! - 2026 fly fishing EP5(Carp On The Fly 잉어 플라이 낚시) with CLOVA Dubbing,2026-05-08T11:25:32Z,1289.0,False,2889,38.0,22.0
7815,UCE6e9tjKl3l3nGlAcxH7GQg,[AmiAmi]아미아미,BrywUYtAbBk,"ASMR 칼칼한 곱창전골에 탱글탱글 대창 곱창 밥 같이 먹을게요 리얼먹방 :) Gopchang hot pot , the beef tripe , Daechang MUKBANG",2026-03-18T10:00:00Z,908.0,False,402173,7662.0,261.0
7815,UCE6e9tjKl3l3nGlAcxH7GQg,[AmiAmi]아미아미,NPKlb9itRzc,"곱창,대창 싸게 많이 먹는법🙏🏻",2026-03-19T10:00:00Z,59.0,True,110032,1771.0,17.0
7815,UCE6e9tjKl3l3nGlAcxH7GQg,[AmiAmi]아미아미,WSdVXZikB90,신전떡볶이&핫도그 미친조합,2026-03-21T10:00:00Z,68.0,False,91801,1993.0,31.0
7815,UCE6e9tjKl3l3nGlAcxH7GQg,[AmiAmi]아미아미,_wkWfGwVqOw,"ASMR 날 풀리면서 땡기는음식 먹기!! 들기름막국수 차돌박이 육회 리얼먹방 :) perilla oil noodles , Korean style raw beef MUKBANG",2026-03-23T10:00:00Z,738.0,False,165131,4670.0,147.0
7815,UCE6e9tjKl3l3nGlAcxH7GQg,[AmiAmi]아미아미,Mo9YA8Y80fA,왕만두 몇개 먹을 수 있을까?,2026-03-24T10:00:00Z,78.0,False,121500,2314.0,39.0
7815,UCE6e9tjKl3l3nGlAcxH7GQg,[AmiAmi]아미아미,JcNrpQMTORk,"ASMR 짜장라면은 촉촉해야 맛있어요🤤 김장김치 촥 올려 먹을게요 리얼먹방 :) Black Bean Noodles , Kimchi MUKBANG",2026-03-25T10:00:00Z,820.0,False,531442,9501.0,275.0
7815,UCE6e9tjKl3l3nGlAcxH7GQg,[AmiAmi]아미아미,Mc_U3OO2_GE,"월,화,수,목,금,토.일 김치찜🫠",2026-03-26T10:00:00Z,65.0,False,125674,2038.0,35.0
7815,UCE6e9tjKl3l3nGlAcxH7GQg,[AmiAmi]아미아미,HDQQrnHWmq4,인생 마라탕집 찾았습니다🫢 크리미한 마라탕? 매콤크림마라탕 꿔바로우 어향가지 마라찜닭 깐풍새우 배터지게 먹은 리얼먹방 :) Malatang MUKBANG,2026-03-27T10:00:00Z,708.0,False,77134,2250.0,100.0
7815,UCE6e9tjKl3l3nGlAcxH7GQg,[AmiAmi]아미아미,FFymSmWdSxc,도가니탕에 당면 가득 넣어먹기!,2026-03-28T10:00:00Z,63.0,False,160762,2347.0,28.0
7815,UCE6e9tjKl3l3nGlAcxH7GQg,[AmiAmi]아미아미,9Nfn9-wFHLk,ASMR 치킨을 라면으로 만들었다고요?! 역대급 바삭바삭 치킨 리얼먹방 :) Ramen and chicken MUKBANG,2026-03-30T10:00:00Z,1181.0,False,184080,4873.0,158.0
7815,UCE6e9tjKl3l3nGlAcxH7GQg,[AmiAmi]아미아미,MgJS2vfcpbY,입맛없을때 순살게장&꼬막무침,2026-03-31T10:30:00Z,87.0,False,154543,2678.0,38.0
7815,UCE6e9tjKl3l3nGlAcxH7GQg,[AmiAmi]아미아미,6K-feuBEesc,ASMR 역대급 해물찜 해물 이리 전복 낙지 오징어 찜!! 주먹밥 계란찜 리얼먹방 :) Steamed seafood MUKBANG,2026-04-01T10:00:00Z,821.0,False,284284,6850.0,196.0
7815,UCE6e9tjKl3l3nGlAcxH7GQg,[AmiAmi]아미아미,6LZKsO3hS6g,생크림 불닭볶음면?!???,2026-04-02T10:00:00Z,64.0,False,93599,2100.0,22.0
7815,UCE6e9tjKl3l3nGlAcxH7GQg,[AmiAmi]아미아미,1S3XKAHEaj0,"ASMR 봄이니까 달달한 디저트 먹어볼게요🌸 도너츠 쫀득빵 말차라떼 딸기라떼 빵 리얼먹방 :) Donut , cream cheese bread ,  Dessert MUKBANG",2026-04-03T10:00:00Z,1259.0,False,224526,4858.0,217.0
7815,UCE6e9tjKl3l3nGlAcxH7GQg,[AmiAmi]아미아미,Jr6uB3wmm9s,훈제통삼겹 통으로 먹어보기,2026-04-04T10:00:00Z,37.0,True,102358,1859.0,30.0
7815,UCE6e9tjKl3l3nGlAcxH7GQg,[AmiAmi]아미아미,fx-v-HOK7UE,ASMR 김치엔 김치라면이죠!!! 물만두 넣어서 만두라면 먹어볼게요 라면 리얼먹방 :) Kimchi Ramyun MUKBANG,2026-04-06T10:00:00Z,871.0,False,744340,11107.0,291.0
7815,UCE6e9tjKl3l3nGlAcxH7GQg,[AmiAmi]아미아미,GHXIg53Se-s,야들야들 전복 돼지갈비찜,2026-04-07T10:00:00Z,58.0,True,108511,1851.0,17.0
7815,UCE6e9tjKl3l3nGlAcxH7GQg,[AmiAmi]아미아미,lFTD4cZzDzM,"ASMR 매운 국물닭발에 당면 가득 넣어서 밥버거랑 먹어볼게요!! 리얼먹방 :) Chicken feet , Rice burger MUKBANG",2026-04-08T10:00:00Z,881.0,False,298278,6321.0,174.0
7815,UCE6e9tjKl3l3nGlAcxH7GQg,[AmiAmi]아미아미,xZFj9qXMUlg,로제마라샹궈???????????,2026-04-09T10:00:00Z,44.0,True,124423,2072.0,14.0
7815,UCE6e9tjKl3l3nGlAcxH7GQg,[AmiAmi]아미아미,qPIzsBcsOJs,"ASMR 꾸덕꾸덕한 로제떡볶이에 김말이 왕창 먹을게요🤩 분식 리얼먹방 :) Rose tteokbokki , Fried seaweed roll MUKBANG",2026-04-10T10:00:00Z,853.0,False,289261,6529.0,201.0
7815,UCE6e9tjKl3l3nGlAcxH7GQg,[AmiAmi]아미아미,TIk9s-LneBw,국물 무뼈닭발 당면 가득 추가하기,2026-04-11T10:00:00Z,72.0,False,123141,2291.0,26.0
7815,UCE6e9tjKl3l3nGlAcxH7GQg,[AmiAmi]아미아미,1Hirx6nCDyI,대창&닭발,2026-04-12T10:15:30Z,80.0,False,115355,2257.0,28.0
7815,UCE6e9tjKl3l3nGlAcxH7GQg,[AmiAmi]아미아미,PnM41diozJA,"ASMR 냉면은 돼지갈비랑 꿀조합인거 아시죠? 비빔냉면 삼겹살 돼지갈비 리얼먹방 :) Cold noodles , Pork belly , Pork ribs MUKBANG",2026-04-13T10:00:00Z,1185.0,False,185918,5068.0,355.0
7815,UCE6e9tjKl3l3nGlAcxH7GQg,[AmiAmi]아미아미,Yqeraw9xBzY,짜장&간짬뽕=계란🍳,2026-04-14T10:00:00Z,78.0,False,76724,1773.0,17.0
7815,UCE6e9tjKl3l3nGlAcxH7GQg,[AmiAmi]아미아미,VCOgmGwdY4E,"ASMR 야들야들 잘 삶은 수육 김치찜 같이 먹을게요🙂 리얼먹방 :) Braised kimchi , boiled pork MUKBANG",2026-04-15T10:00:00Z,719.0,False,169873,4573.0,132.0
7815,UCE6e9tjKl3l3nGlAcxH7GQg,[AmiAmi]아미아미,eOcVGg4z__o,이게 잡채밥이에요?,2026-04-16T10:15:07Z,68.0,False,165806,3132.0,31.0
7815,UCE6e9tjKl3l3nGlAcxH7GQg,[AmiAmi]아미아미,JPeaw4T3iII,대구 수성못 특별한 감자탕 맛집?!,2026-04-18T10:00:00Z,162.0,False,40599,1016.0,24.0
7815,UCE6e9tjKl3l3nGlAcxH7GQg,[AmiAmi]아미아미,0WwHJJAQymE,ASMR 요거트 크림 잔뜩 들어간 과일산도 디저트 리얼먹방 :) fruit sandwich MUKBANG,2026-04-20T10:00:00Z,616.0,False,126755,3538.0,123.0
7815,UCE6e9tjKl3l3nGlAcxH7GQg,[AmiAmi]아미아미,b-hBhOvkETU,카페051 디저트모음,2026-04-21T10:00:00Z,84.0,False,61693,1198.0,18.0
7815,UCE6e9tjKl3l3nGlAcxH7GQg,[AmiAmi]아미아미,nzJMVsEN3jg,"ASMR 곱창 대창 새우 오징어 쭈꾸미 볶음? 🍺술이 땡긴다💦 리얼먹방 :) intestine , the beef tripe , Stir-fried seafood MUKBANG",2026-04-22T10:00:00Z,867.0,False,354442,7231.0,270.0
7815,UCE6e9tjKl3l3nGlAcxH7GQg,[AmiAmi]아미아미,WY53WKN23Ic,곱창대창해물볶음!!,2026-04-23T10:00:00Z,70.0,False,84421,1743.0,14.0
7815,UCE6e9tjKl3l3nGlAcxH7GQg,[AmiAmi]아미아미,20puACXYfQ8,ASMR 해물 짬뽕 한그릇 🍚밥도 말아먹을게요 짬뽕 리얼먹방 :) Jjambbong MUKBANG,2026-04-24T10:00:00Z,892.0,False,211137,5277.0,160.0
7815,UCE6e9tjKl3l3nGlAcxH7GQg,[AmiAmi]아미아미,pcHEALXBGjU,닭발+대창+곱창 조합💕,2026-04-26T10:00:00Z,61.0,False,189872,3675.0,41.0
7815,UCE6e9tjKl3l3nGlAcxH7GQg,[AmiAmi]아미아미,lnpjezAeWrU,ASMR 봄동비빔밥 뒤를 이을 무생채비빔밥 참치찌개 소세지 리얼먹방 :) Bibimbap Sausages MUKBANG,2026-04-27T10:00:00Z,803.0,False,203591,5455.0,174.0
7815,UCE6e9tjKl3l3nGlAcxH7GQg,[AmiAmi]아미아미,ICr5n8gnOGU,짜장라면+김치,2026-04-28T10:00:00Z,83.0,False,126028,2872.0,38.0
7815,UCE6e9tjKl3l3nGlAcxH7GQg,[AmiAmi]아미아미,Mtfsdsr9xxo,ASMR 육개장에 만두 넣어서 육개장만둣국 밥말아서 리얼먹방 :) hot spicy meat stew mandoo MUKBANG,2026-04-29T10:00:00Z,964.0,False,235711,5537.0,161.0
7815,UCE6e9tjKl3l3nGlAcxH7GQg,[AmiAmi]아미아미,cqoHrd9sSGM,해물가득 해물찜,2026-04-30T10:02:49Z,77.0,False,71754,1772.0,32.0
7815,UCE6e9tjKl3l3nGlAcxH7GQg,[AmiAmi]아미아미,mGDqjzWs5iI,ASMR 간짬뽕 아니에요!! 이거 짜장면 입니다🙂 물짜장 김치 리얼먹방 :) Red jajangmyeon MUKBANG,2026-05-01T10:00:00Z,833.0,False,185422,4947.0,127.0
7815,UCE6e9tjKl3l3nGlAcxH7GQg,[AmiAmi]아미아미,KtNJaOldqnk,이런 아이 처음 봐요...😳,2026-05-02T10:00:00Z,175.0,False,39866,1112.0,40.0
7815,UCE6e9tjKl3l3nGlAcxH7GQg,[AmiAmi]아미아미,AG_QQm_v7pw,라면으로 만든 치킨?!,2026-05-05T10:00:00Z,76.0,False,33721,1086.0,20.0
7815,UCE6e9tjKl3l3nGlAcxH7GQg,[AmiAmi]아미아미,IumK_LuNyhw,"ASMR 야들야들 우족찜 꼬마김밥 동치미 리얼먹방 :) Steamed beef with beef and beef , kimbab MUKBANG",2026-05-06T10:00:00Z,1084.0,False,194939,5309.0,194.0
7815,UCE6e9tjKl3l3nGlAcxH7GQg,[AmiAmi]아미아미,8iTi0r_8wPs,야들야들 우족찜!!,2026-05-07T10:00:00Z,68.0,False,83844,1818.0,29.0
7815,UCE6e9tjKl3l3nGlAcxH7GQg,[AmiAmi]아미아미,AQ84XRJh59I,"ASMR 잔치국수 돼지갈비 같이 먹으면 끝나요🫢 김치는 덤 리얼먹방 :) Pork ribs , Noodle MUKBANG",2026-05-08T10:00:23Z,831.0,False,224889,5925.0,173.0
7815,UCE6e9tjKl3l3nGlAcxH7GQg,[AmiAmi]아미아미,R355u7Eizqo,정말 맛있는 한 끼 대접받고 왔습니다*⸌☻ັ⸍*,2026-05-10T10:00:15Z,717.0,False,39659,1461.0,33.0
7815,UCE6e9tjKl3l3nGlAcxH7GQg,[AmiAmi]아미아미,ic7F8H4OLBE,ASMR 이건 레전드여요!! 지글지글 치즈 낙지 우삼겹 새우 철판볶음!! 낙우새 리얼먹방 :) a cheese plate dish MUKBANG,2026-05-11T10:00:23Z,832.0,False,144774,4565.0,138.0
7815,UCE6e9tjKl3l3nGlAcxH7GQg,[AmiAmi]아미아미,kPYmsKt4O9U,대구에 서민갈비 모르는 사람 없다면서요?,2026-05-12T10:00:03Z,159.0,False,21202,584.0,15.0
7815,UCE6e9tjKl3l3nGlAcxH7GQg,[AmiAmi]아미아미,V9h_V6T3KSg,ASMR 초코탕... 티코 몰티져스 초코우유에 말아먹기 디저트 리얼먹방 :) Chocolate soup MUKBANG,2026-05-13T10:00:32Z,923.0,False,136110,3523.0,193.0
7815,UCE6e9tjKl3l3nGlAcxH7GQg,[AmiAmi]아미아미,TWlIraw9qU0,사라진 내 영상...,2026-05-14T10:00:33Z,74.0,False,27567,972.0,28.0
7815,UCE6e9tjKl3l3nGlAcxH7GQg,[AmiAmi]아미아미,uF7npHKvz_A,"ASMR 집밥! 킬바사소세지 순두부찌개 밥 리얼먹방 :) Sausages , Soft tofu stew MUKBANG",2026-05-15T10:00:01Z,940.0,False,90891,3301.0,133.0
7815,UCE6e9tjKl3l3nGlAcxH7GQg,[AmiAmi]아미아미,zgA7hIiqhgk,전자관 대박 세일중!!,2026-05-16T03:00:17Z,135.0,False,1524,107.0,6.0
7816,UCSAp0Yl9S0Zq5uDqE6im_XQ,ZEROBASEONE,u4P74ZRGJnE,[ZBTVing] 운명을 뒤바꾼 자들 | 왕과 사는 남자들 마지막 장 | ZEROBASEONE,2026-05-01T11:05:08Z,2365.0,False,74416,7345.0,560.0
7816,UCSAp0Yl9S0Zq5uDqE6im_XQ,ZEROBASEONE,J23IBda8lj0,[ZB1] HAPPY 3rd ZEROSE DAY LIVE,2026-05-01T11:11:44Z,2897.0,False,65320,7898.0,195.0
7816,UCSAp0Yl9S0Zq5uDqE6im_XQ,ZEROBASEONE,PI_NEy_NyUU,노비 시절 달리기 실력 소리꾼까지 간다 | ZBTVing,2026-05-01T12:01:14Z,48.0,True,12029,1618.0,15.0
7816,UCSAp0Yl9S0Zq5uDqE6im_XQ,ZEROBASEONE,YpyVH8SG-bU,난 숨는 게 아니야 방어하는 거야 | ZBTVing,2026-05-01T12:01:24Z,27.0,True,14835,1968.0,25.0
7816,UCSAp0Yl9S0Zq5uDqE6im_XQ,ZEROBASEONE,Ct-EhLpzSiQ,제베국에 울려 퍼지는 공포의 타요타요 | ZBTVing,2026-05-01T12:01:37Z,37.0,True,10628,1749.0,22.0
7816,UCSAp0Yl9S0Zq5uDqE6im_XQ,ZEROBASEONE,2CUQTGh-tQ0,알고보니 노비가 체질 | ZBTVing,2026-05-01T12:01:46Z,32.0,True,11054,1768.0,25.0
7816,UCSAp0Yl9S0Zq5uDqE6im_XQ,ZEROBASEONE,LVIWIWiBHX0,막판 뒤집기를 뒤집기 | ZBTVing,2026-05-01T12:01:55Z,59.0,True,15342,1966.0,33.0
7816,UCSAp0Yl9S0Zq5uDqE6im_XQ,ZEROBASEONE,gnPe6W1PqWY,[ZB1 LIVE] 매튜의 게임 라이브,2026-05-02T06:44:49Z,4860.0,False,42226,5163.0,96.0
7816,UCSAp0Yl9S0Zq5uDqE6im_XQ,ZEROBASEONE,MF7ucWFd2pg,[미방분] 힌트 앞에 무너져버린 무사의 체통 | ZBTVing,2026-05-02T11:00:09Z,26.0,True,14686,1858.0,22.0
7816,UCSAp0Yl9S0Zq5uDqE6im_XQ,ZEROBASEONE,Mqvng2X273M,[미방분] 마음의 평화를 위한 튜 세자의 명상 1분 | ZBTVing,2026-05-02T11:00:22Z,45.0,True,14348,1941.0,36.0
7816,UCSAp0Yl9S0Zq5uDqE6im_XQ,ZEROBASEONE,gNJcJi8Yb0M,[미방분] 제베국의 능력치는 모자에 달려있다 | ZBTVing,2026-05-02T11:00:34Z,31.0,True,19337,1954.0,25.0
7816,UCSAp0Yl9S0Zq5uDqE6im_XQ,ZEROBASEONE,3WnsO5EU3BY,[미방분] 내가 이 제베국의 완쟈다 | ZBTVing,2026-05-02T11:00:45Z,35.0,True,23426,2400.0,35.0
7816,UCSAp0Yl9S0Zq5uDqE6im_XQ,ZEROBASEONE,Q27BuUNM9iM,[미방분] 실시간으로 깊어지는 단소의 역사 | ZBTVing,2026-05-02T11:00:54Z,44.0,True,20125,2153.0,25.0
7816,UCSAp0Yl9S0Zq5uDqE6im_XQ,ZEROBASEONE,1Hko5g1zpEM,형님 학교 입학 완료❤️,2026-05-02T14:00:02Z,16.0,True,183075,18740.0,283.0
7816,UCSAp0Yl9S0Zq5uDqE6im_XQ,ZEROBASEONE,3UAkWdF80qw,깨눈 러버 성한._.빈의 깨눈템 소개 호신술,2026-05-03T06:00:06Z,30.0,True,66214,8538.0,290.0
7816,UCSAp0Yl9S0Zq5uDqE6im_XQ,ZEROBASEONE,QIHgHAGXsRk,[ZB1_more] 아무튼 축하합니다!,2026-05-05T10:59:00Z,552.0,False,46861,6873.0,558.0
7816,UCSAp0Yl9S0Zq5uDqE6im_XQ,ZEROBASEONE,-QFXsZrpvts,ZEROBASEONE (제로베이스원) The 6th Mini Album 「𝘼𝙨𝙘𝙚𝙣𝙙-」 Concept Film 𝟭𝟬ㅣScenario,2026-05-06T15:00:00Z,60.0,True,905061,8632.0,801.0
7816,UCSAp0Yl9S0Zq5uDqE6im_XQ,ZEROBASEONE,wBCzAhCZD0g,[ZB1_more] 한빈의 소소한 가챠깡,2026-05-07T10:59:00Z,308.0,False,32616,4551.0,286.0
7816,UCSAp0Yl9S0Zq5uDqE6im_XQ,ZEROBASEONE,scm-VAygCTw,📹 𝑏𝑒ℎ𝑖𝑛𝑑 𝑡ℎ𝑒 𝑠𝑐𝑒𝑛𝑒𝑠 ₊˚⊹,2026-05-08T04:30:25Z,44.0,True,19734,3847.0,110.0
7816,UCSAp0Yl9S0Zq5uDqE6im_XQ,ZEROBASEONE,HUaiaZu589Q,𝓢𝓬𝓮𝓷𝓪𝓻𝓲𝓸 𝓯𝓲𝓽 ✧˚ ⋆｡˚,2026-05-08T06:00:52Z,14.0,True,88341,10053.0,225.0
7816,UCSAp0Yl9S0Zq5uDqE6im_XQ,ZEROBASEONE,Mh8p2FkMJKc,𝗭𝗘𝗥𝗢𝗕𝗔𝗦𝗘𝗢𝗡𝗘 (제로베이스원) Spoiler Film : Ascend-,2026-05-10T12:44:00Z,48.0,True,284577,8494.0,576.0
7816,UCSAp0Yl9S0Zq5uDqE6im_XQ,ZEROBASEONE,W_CtoyVeQJY,ZEROBASEONE (제로베이스원) 4th Global Official Fanclub 'ZEROSE' 추가 모집,2026-05-11T03:00:00Z,68.0,False,15881,2912.0,135.0
7816,UCSAp0Yl9S0Zq5uDqE6im_XQ,ZEROBASEONE,wyHTPYJCcTo,[ZE_pisode] ZEROBASEONE (제로베이스원) The 6th Mini Album 「𝘼𝙨𝙘𝙚𝙣𝙙-」 Jacket Behind,2026-05-12T10:59:00Z,1213.0,False,27594,4178.0,259.0
7816,UCSAp0Yl9S0Zq5uDqE6im_XQ,ZEROBASEONE,1lonrLAP4-k,됐다!,2026-05-13T07:00:01Z,18.0,True,38295,6720.0,211.0
7816,UCSAp0Yl9S0Zq5uDqE6im_XQ,ZEROBASEONE,3u0T1e9khEw,[ZE_pisode] ZEROBASEONE (제로베이스원) The 6th Mini Album 「𝘼𝙨𝙘𝙚𝙣𝙙-」 A-Film Behind,2026-05-13T10:59:00Z,1214.0,False,19658,3335.0,203.0
7816,UCSAp0Yl9S0Zq5uDqE6im_XQ,ZEROBASEONE,-8MtppvHdO8,ZEROBASEONE (제로베이스원) ‘TOP 5’ MV Teaser,2026-05-13T15:00:00Z,17.0,True,638769,14045.0,1363.0
7816,UCSAp0Yl9S0Zq5uDqE6im_XQ,ZEROBASEONE,G7XYwvKbIxI,👄👔💋😊☝️,2026-05-14T03:32:26Z,8.0,True,45588,6056.0,174.0
7816,UCSAp0Yl9S0Zq5uDqE6im_XQ,ZEROBASEONE,-07W8vsq3n0,연습실에서🔝🖐️,2026-05-14T05:00:00Z,14.0,True,60995,7735.0,234.0
7816,UCSAp0Yl9S0Zq5uDqE6im_XQ,ZEROBASEONE,FfJQ3hRd2G0,#투모로우바이투게더 #휴닝카이 선배님‘s 𝗧𝗢𝗣 𝟱 favorites,2026-05-14T06:03:31Z,11.0,True,64466,7064.0,121.0
7816,UCSAp0Yl9S0Zq5uDqE6im_XQ,ZEROBASEONE,sUHe0O_cDrs,MINAMI X UWA X RUU X hana X JUNNA‘s 𝗧𝗢𝗣 𝟱 favorites,2026-05-14T07:00:50Z,15.0,True,29090,3951.0,103.0
7816,UCSAp0Yl9S0Zq5uDqE6im_XQ,ZEROBASEONE,II685H6RA4c,[ZE_pisode] ZEROBASEONE (제로베이스원) ZEROSE GARDEN Behind,2026-05-14T10:59:01Z,490.0,False,16997,3076.0,153.0
7816,UCSAp0Yl9S0Zq5uDqE6im_XQ,ZEROBASEONE,tUTjbhz0-yY,상.ᐟ승.ᐟ기.ᐟ세.ᐟ ZEROBASEONE 5월 18일 컴백 .ᐟ.ᐟ ZEROBASEONE 끌어~ 올려~ ↗,2026-05-14T12:01:32Z,182.0,False,11093,2383.0,123.0
7816,UCSAp0Yl9S0Zq5uDqE6im_XQ,ZEROBASEONE,14AThP4pWnA,(제)로즈데이💙,2026-05-14T13:00:05Z,10.0,True,28526,4600.0,158.0
7816,UCSAp0Yl9S0Zq5uDqE6im_XQ,ZEROBASEONE,94xQZnLENTg,ZEROBASEONE (제로베이스원) The 6th Mini Album 「𝘼𝙨𝙘𝙚𝙣𝙙-」  Album Sampler,2026-05-14T15:00:03Z,218.0,False,224851,10912.0,1246.0
7816,UCSAp0Yl9S0Zq5uDqE6im_XQ,ZEROBASEONE,ObZBNO7R3S8,𝟬𝟭 𝗜𝗻𝘁𝗿𝗼. | ZEROBASEONE (제로베이스원) The 6th Mini Album 「𝘼𝙨𝙘𝙚𝙣𝙙-」 Album Sampler,2026-05-14T15:04:23Z,42.0,True,12308,2777.0,66.0
7816,UCSAp0Yl9S0Zq5uDqE6im_XQ,ZEROBASEONE,GxM_XEWP91Q,𝟬𝟮 𝗧𝗢𝗣 𝟱 *ᴛɪᴛʟᴇ | ZEROBASEONE (제로베이스원) The 6th Mini Album 「𝘼𝙨𝙘𝙚𝙣𝙙-」 Album Sampler,2026-05-14T15:04:30Z,32.0,True,19886,3158.0,115.0
7816,UCSAp0Yl9S0Zq5uDqE6im_XQ,ZEROBASEONE,fuIGa9rJTq4,𝟬𝟯 𝗩 𝗳𝗼𝗿 𝗩𝗶𝘀𝗶𝗼𝗻 | ZEROBASEONE (제로베이스원) The 6th Mini Album 「𝘼𝙨𝙘𝙚𝙣𝙙-」 Album Sampler,2026-05-14T15:04:36Z,28.0,True,15266,2735.0,71.0
7816,UCSAp0Yl9S0Zq5uDqE6im_XQ,ZEROBASEONE,3V9iLrGHNcs,𝟬𝟰 𝗖𝘂𝘀𝘁𝗼𝗺𝗶𝘇𝗲 | ZEROBASEONE (제로베이스원) The 6th Mini Album 「𝘼𝙨𝙘𝙚𝙣𝙙-」 Album Sampler,2026-05-14T15:04:44Z,28.0,True,16685,2972.0,82.0
7816,UCSAp0Yl9S0Zq5uDqE6im_XQ,ZEROBASEONE,DQsrsLhy10w,𝟬𝟱 𝗘𝘅𝗼𝘁𝗶𝗰 | ZEROBASEONE (제로베이스원) The 6th Mini Album 「𝘼𝙨𝙘𝙚𝙣𝙙-」 Album Sampler,2026-05-14T15:04:50Z,28.0,True,14876,2622.0,61.0
7816,UCSAp0Yl9S0Zq5uDqE6im_XQ,ZEROBASEONE,Ah3L808UZC0,𝟬𝟳 𝗭𝗲𝗿𝗼 𝘁𝗼 𝗛𝘂𝗻𝗱𝗿𝗲𝗱 | ZEROBASEONE (제로베이스원) The 6th Mini Album 「𝘼𝙨𝙘𝙚𝙣𝙙-」 Album Sampler,2026-05-14T15:04:56Z,26.0,True,16818,3040.0,81.0
7816,UCSAp0Yl9S0Zq5uDqE6im_XQ,ZEROBASEONE,M-MwRX6CqxM,𝟬𝟲 𝗖𝗵𝗮𝗻𝗴𝗲𝘀 | ZEROBASEONE (제로베이스원) The 6th Mini Album 「𝘼𝙨𝙘𝙚𝙣𝙙-」 Album Sampler,2026-05-14T15:14:18Z,27.0,True,13867,2532.0,64.0
7816,UCSAp0Yl9S0Zq5uDqE6im_XQ,ZEROBASEONE,HFMHP4SU9V4,#andTEAM #TAKI 선배님‘s 𝗧𝗢𝗣 𝟱 favorites,2026-05-15T07:01:35Z,15.0,True,20180,3381.0,74.0
7816,UCSAp0Yl9S0Zq5uDqE6im_XQ,ZEROBASEONE,-IFHTPLItMQ,#andTEAM #MAKI 선배님's 𝗧𝗢𝗣 𝟱 favorites (+ #NICHOLAS 선배님 특별 출연),2026-05-15T08:00:00Z,20.0,True,27441,4384.0,94.0
7816,UCSAp0Yl9S0Zq5uDqE6im_XQ,ZEROBASEONE,qnAtXH_lyJ0,[ZB1_more] 과자 폭탄 챌린지,2026-05-15T10:59:00Z,477.0,False,20782,3486.0,222.0
7816,UCSAp0Yl9S0Zq5uDqE6im_XQ,ZEROBASEONE,8Ycb5K5RZBE,한빈's 🔝🖐️네컷,2026-05-15T13:02:53Z,5.0,True,12970,2614.0,84.0
7816,UCSAp0Yl9S0Zq5uDqE6im_XQ,ZEROBASEONE,1Ck8Fv5_DMk,지웅's 🔝🖐️네컷,2026-05-15T13:03:24Z,5.0,True,10837,2241.0,53.0
7816,UCSAp0Yl9S0Zq5uDqE6im_XQ,ZEROBASEONE,IoPYgVy1MDU,매튜's 🔝🖐️네컷,2026-05-15T13:04:28Z,5.0,True,11777,2363.0,59.0
7816,UCSAp0Yl9S0Zq5uDqE6im_XQ,ZEROBASEONE,vtn5o9-4p0g,태래's 🔝🖐️네컷,2026-05-15T13:06:19Z,5.0,True,10888,2238.0,45.0
7816,UCSAp0Yl9S0Zq5uDqE6im_XQ,ZEROBASEONE,3z2dejKRDqs,건욱's 🔝🖐️네컷,2026-05-15T13:06:45Z,5.0,True,10581,2174.0,43.0
7816,UCSAp0Yl9S0Zq5uDqE6im_XQ,ZEROBASEONE,kRL8HUMgE7k,#KickFlip #동현 님‘s 𝗧𝗢𝗣 𝟱 favorites,2026-05-15T14:03:30Z,14.0,True,25426,4097.0,79.0
7817,UCN106RQxroojNzkEMuRC0BA,캐리와 친구들,WwBSgxqgw6I,[꼬마캐리 탐구생활] 서로 돕고 사는 곤충과 식물들 이야기,2025-07-21T10:13:24Z,20.0,True,6390,18.0,1.0
7817,UCN106RQxroojNzkEMuRC0BA,캐리와 친구들,P-6k4A1Xs6Y,[꼬마캐리 탐구생활] 바다와 갯벌에는 어떤 생물들이 살고 있을까?,2025-07-29T00:47:32Z,21.0,True,9898,33.0,2.0
7817,UCN106RQxroojNzkEMuRC0BA,캐리와 친구들,_F7fgsublyY,[꼬마캐리 탐구생활] 푸른 대자연 속으로~ 정글과 초원으로 떠나요~,2025-08-04T05:39:56Z,22.0,True,9859,20.0,6.0
7817,UCN106RQxroojNzkEMuRC0BA,캐리와 친구들,MS7ax-AVf8g,[꼬마캐리 탐구생활] 놀라운 동물의 세계~,2025-08-11T05:21:41Z,23.0,True,11695,34.0,0.0
7817,UCN106RQxroojNzkEMuRC0BA,캐리와 친구들,Wn8Puj40Ksc,[배달의 영웅: 캐리와 슈퍼콜라 2] 1차 예고편,2025-08-25T23:00:28Z,30.0,True,16172,84.0,11.0
7817,UCN106RQxroojNzkEMuRC0BA,캐리와 친구들,8Lks25eJuh8,[배달의 영웅: 캐리와 슈퍼콜라 2] 메인 예고편,2025-09-04T23:00:07Z,30.0,True,8608,44.0,6.0
7817,UCN106RQxroojNzkEMuRC0BA,캐리와 친구들,ugsGF3gfjN0,[배달의 영웅: 캐리와 슈퍼콜라 2] 렛츠 댄스 뮤지컬 영상,2025-09-10T23:00:59Z,33.0,True,8790,45.0,2.0
7817,UCN106RQxroojNzkEMuRC0BA,캐리와 친구들,UvmcJwFSmgk,[배달의 영웅: 캐리와 슈퍼콜라 2] 영상짤 1탄,2025-09-16T10:34:01Z,56.0,True,13939,61.0,5.0
7817,UCN106RQxroojNzkEMuRC0BA,캐리와 친구들,yTK2T0iZqNI,[배달의 영웅: 캐리와 슈퍼콜라 2] 캐리의 렛츠댄스 챌린지! 😍,2025-09-18T07:50:00Z,28.0,True,39971,252.0,9.0
7817,UCN106RQxroojNzkEMuRC0BA,캐리와 친구들,8TQCqDCHRfo,"[배달의 영웅:캐리와 슈퍼콜라 2] 캐리,유니,토미의 렛츠댄스 챌린지! 🎉",2025-09-18T07:50:01Z,41.0,True,32774,212.0,10.0
7817,UCN106RQxroojNzkEMuRC0BA,캐리와 친구들,fdruam6iyI0,[배달의 영웅: 캐리와 슈퍼콜라 2] 영상짤 2탄,2025-09-18T23:00:46Z,157.0,False,20562,178.0,3.0
7817,UCN106RQxroojNzkEMuRC0BA,캐리와 친구들,zq-ifa0dW-Y,[배달의 영웅 : 캐리와 슈퍼콜라 2]렛츠댄스 챌린지 안무 대공개!,2025-09-19T07:00:56Z,173.0,False,12260,47.0,9.0
7817,UCN106RQxroojNzkEMuRC0BA,캐리와 친구들,v4NJUCvjPuA,[배달의 영웅: 캐리와 슈퍼콜라 2] 스페셜 예고편,2025-09-21T23:00:54Z,60.0,True,7488,47.0,4.0
7817,UCN106RQxroojNzkEMuRC0BA,캐리와 친구들,atHu21NPGHg,[배달의 영웅: 캐리와 슈퍼콜라 2] 영상짤 3탄,2025-09-23T03:45:25Z,58.0,True,18231,120.0,14.0
7817,UCN106RQxroojNzkEMuRC0BA,캐리와 친구들,8XdBChDrsm4,캐리의 댄스 배달! 별점 5개 가능? | Carrie's dance delivery! Can I get 5 stars? | 배달의 캐리 The carrie of a delivery,2025-09-26T08:00:09Z,1301.0,False,11786,44.0,7.0
7817,UCN106RQxroojNzkEMuRC0BA,캐리와 친구들,lSKJAUdM1tQ,[배달의 영웅: 캐리와 슈퍼콜라 2] 관객 추천 영상,2025-09-26T09:28:18Z,85.0,False,11648,25.0,0.0
7817,UCN106RQxroojNzkEMuRC0BA,캐리와 친구들,6Ul2Ggi8fuA,다음 배달은? 캐리와 함께 듀엣하자! | Next delivery? Let's do a duet with Carrie! | 배달의 캐리 The carry of a delivery,2025-09-27T01:00:15Z,1269.0,False,15802,40.0,10.0
7817,UCN106RQxroojNzkEMuRC0BA,캐리와 친구들,flvsYFLD8Pg,듀엣 미션! 과연 리뷰 결과는? | Duet mission! What's the result of the review? | 배달의 캐리 The carry of a delivery,2025-09-28T01:00:50Z,1271.0,False,23734,67.0,10.0
7817,UCN106RQxroojNzkEMuRC0BA,캐리와 친구들,OdrXNvJ7HWo,[배달의 영웅: 캐리와 슈퍼콜라 2] 주문해 뮤지컬 영상,2025-10-01T01:56:35Z,54.0,True,13218,31.0,3.0
7817,UCN106RQxroojNzkEMuRC0BA,캐리와 친구들,GPgwXsaZE48,[배달의 영웅: 캐리와 슈퍼콜라 2] 무대인사 소개 영상,2025-10-01T08:00:35Z,35.0,True,26074,162.0,9.0
7817,UCN106RQxroojNzkEMuRC0BA,캐리와 친구들,oGYF9_j6bv4,실감 나는 태풍 체험! 자연재해 안전 교육 | Real Typhoon Experience! Learn Disaster Safety | 숨바꼭질 Hide and seek,2025-10-01T08:00:58Z,1326.0,False,59900,145.0,0.0
7817,UCN106RQxroojNzkEMuRC0BA,캐리와 친구들,GkTxVjMchMg,[배달의 영웅: 캐리와 슈퍼콜라 2] 유니의 주차 특전 소개 영상,2025-10-02T02:27:10Z,86.0,False,27211,182.0,6.0
7817,UCN106RQxroojNzkEMuRC0BA,캐리와 친구들,rnxWIBNQblg,[배달의 영웅: 캐리와 슈퍼콜라2] 캐리의 주차 특전 영상,2025-10-02T02:38:00Z,71.0,False,25142,202.0,11.0
7817,UCN106RQxroojNzkEMuRC0BA,캐리와 친구들,li0aGyGHkvc,우리집에서도 사고가? 안전사고 예방 | Accidents at Home? Prevent Safety Accidents | 숨바꼭질 Hide and seek,2025-10-03T08:00:55Z,983.0,False,74747,143.0,0.0
7817,UCN106RQxroojNzkEMuRC0BA,캐리와 친구들,VWpKlwbhkY4,[배달의 영웅 : 캐리와 슈퍼콜라2] OST 하이라이트 메들리,2025-10-03T09:00:49Z,220.0,False,20133,50.0,7.0
7817,UCN106RQxroojNzkEMuRC0BA,캐리와 친구들,km9-eIVy3vs,[배달의 영웅: 캐리와 슈퍼콜라2] 캐리의 추석 인사 영상,2025-10-06T01:00:47Z,26.0,True,41691,321.0,18.0
7817,UCN106RQxroojNzkEMuRC0BA,캐리와 친구들,o4bo_Lz7vEc,[배달의 영웅: 캐리와 슈퍼콜라 2] 팡팡그룹 특별 무대 영상,2025-10-10T03:23:11Z,42.0,True,27542,105.0,6.0
7817,UCN106RQxroojNzkEMuRC0BA,캐리와 친구들,rmshJ-V2rUM,[배달의 영웅: 캐리와 슈퍼콜라 2] 둠칫둠칫 댄스 영상,2025-10-10T04:06:50Z,71.0,False,29874,164.0,8.0
7817,UCN106RQxroojNzkEMuRC0BA,캐리와 친구들,DGzG7Pi2qNQ,배에서 배우는 안전사고 대처법 | How to deal with safety accidents on board | 숨바꼭질 Hide and seek,2025-10-10T08:00:13Z,568.0,False,69769,155.0,0.0
7817,UCN106RQxroojNzkEMuRC0BA,캐리와 친구들,97MNNfX9lVo,[배달의 영웅: 캐리와 슈퍼콜라 2] 로니가 있어서 다행이야!,2025-10-14T03:00:12Z,92.0,False,34976,189.0,12.0
7817,UCN106RQxroojNzkEMuRC0BA,캐리와 친구들,2dAG1AH3o2k,[용사카봇] 그랜드 카봇GX 완전체 등장! 4단 합체 변신💥 [장난감 탐구생활],2025-10-15T08:00:03Z,906.0,False,55130,124.0,0.0
7817,UCN106RQxroojNzkEMuRC0BA,캐리와 친구들,QTXg4kePU5w,지하철에서 탈출하라! 대중교통 안전사고 | Subway Escape! Stay Safe on Transit | 숨바꼭질 Hide and seek,2025-10-17T08:00:36Z,507.0,False,83454,175.0,0.0
7817,UCN106RQxroojNzkEMuRC0BA,캐리와 친구들,b3zYTJ4BfvU,경찰이 될 수 있을까? 단서를 찾아라! | Can I be a cop? Find a clue! | 숨바꼭질 Hide and seek,2025-10-24T08:00:48Z,1829.0,False,21598,88.0,0.0
7817,UCN106RQxroojNzkEMuRC0BA,캐리와 친구들,ehs6Ppsnriw,[형사카봇] 새로운 형사 카봇 콤비! 패트롤 가이즈!! 두명의 형사 합체 놀이!,2025-10-29T08:01:01Z,540.0,False,32445,73.0,0.0
7817,UCN106RQxroojNzkEMuRC0BA,캐리와 친구들,ApEvMW8CJ5M,"🔥 새로운 히어로! 강력한 파워의 블레이커, 스피드의 피닉스맨 스텀! 변신 놀이 GO~",2025-12-24T09:50:54Z,691.0,False,27593,75.0,0.0
7817,UCN106RQxroojNzkEMuRC0BA,캐리와 친구들,N27hEc-yR80,뿌려서 그림을 그리는 신기한 미술놀이! 당그니 뿌려펜!! ㅣ장난감탐구생활 ㅣ,2026-01-08T08:00:24Z,703.0,False,21392,59.0,0.0
7817,UCN106RQxroojNzkEMuRC0BA,캐리와 친구들,xcYJYvihRLM,영화관에서 공연을?!! 캐리 캐빈 그리고 꼬마친구들과 신나게 놀고 찰칵! 포토타임까지!! 신나게 놀자~❤️❤️,2026-01-15T05:25:28Z,31.0,True,15771,47.0,10.0
7817,UCN106RQxroojNzkEMuRC0BA,캐리와 친구들,M52Q6vs0c9Y,나만의 악기 만들기! 너의 소리를 들려줘!  #빠라밤캐리밴드#공연,2026-01-23T04:00:18Z,61.0,False,74015,568.0,0.0
7817,UCN106RQxroojNzkEMuRC0BA,캐리와 친구들,AA_9kZR83_I,다 같이 흔들어! 나만의 악기를 만들자! | Let's shake it together! Let's make our own instrument! | 장난감 탐구생활,2026-01-24T01:00:25Z,1267.0,False,21351,60.0,7.0
7817,UCN106RQxroojNzkEMuRC0BA,캐리와 친구들,jkPVhuiGMVA,말랑말랑 클레이로 꼬마캐리 만들기 놀이! ㅣ장난감탐구생활 ㅣ,2026-02-04T08:24:58Z,499.0,False,31095,73.0,0.0
7817,UCN106RQxroojNzkEMuRC0BA,캐리와 친구들,Dbh4ON32USY,알록달록 색연필로 귀여운 한복 입은 캐리 색칠하기 놀이~ㅣ장난감탐구생활 ㅣ,2026-02-12T20:00:10Z,854.0,False,33076,116.0,0.0
7817,UCN106RQxroojNzkEMuRC0BA,캐리와 친구들,93KIGij7hos,지구화학 색연필로 톡톡! 귀여운 꼬마캐리 슈퍼콜라 색칠하기 놀이🪄,2026-02-14T04:00:15Z,60.0,True,40070,260.0,0.0
7817,UCN106RQxroojNzkEMuRC0BA,캐리와 친구들,24FO7590YnU,마르지 않는 싸인펜이 있다?! 신기한 싸인펜 미술놀이~,2026-02-14T08:00:03Z,61.0,False,44549,336.0,0.0
7817,UCN106RQxroojNzkEMuRC0BA,캐리와 친구들,K7HkC03xIa4,[심야식담] 내 이야기… 들어볼래?🕯 | 티저 예고편 | #심야식담,2026-04-16T11:00:29Z,65.0,False,3888,36.0,10.0
7817,UCN106RQxroojNzkEMuRC0BA,캐리와 친구들,onMOhPMj_og,[심야식담] 새집에서의 낯선 소리 | 경험 한 조각 | #심야식담,2026-04-18T12:01:26Z,721.0,False,5655,54.0,12.0
7817,UCN106RQxroojNzkEMuRC0BA,캐리와 친구들,jHF3mbzRD34,[심야식담] 신원미상 택배 | 경험 두 조각 | #심야식담,2026-04-25T12:01:22Z,694.0,False,4751,43.0,10.0
7817,UCN106RQxroojNzkEMuRC0BA,캐리와 친구들,R_L2erjwrt4,[심야식담] 새벽의 단골손님 | 경험 세 조각 | #심야식담,2026-05-02T12:00:48Z,691.0,False,3617,43.0,7.0
7817,UCN106RQxroojNzkEMuRC0BA,캐리와 친구들,WmbYKmvhhIM,[심야식담] 중고로 산 행운의 거울 | 경험 네 조각 | #심야식담,2026-05-09T12:00:55Z,698.0,False,1738,32.0,6.0
7817,UCN106RQxroojNzkEMuRC0BA,캐리와 친구들,QKBqtC-Bqas,[심야식담] 빈방에서 달려 나오는 누군가,2026-05-11T07:55:48Z,61.0,False,2302,15.0,2.0
7817,UCN106RQxroojNzkEMuRC0BA,캐리와 친구들,X9PHthsGdLg,[심야식담] 시킨 적 없는 내 이름의 택배,2026-05-15T09:30:26Z,57.0,True,3522,21.0,1.0
7818,UCazay-C-shtEEUO78ObKGJg,해그린달 haegreendal,YsyII9fHPls,SUB) 한달도 거뜬한 매우간단한 대파보관법,2019-02-01T09:19:32Z,1018.0,False,1618199,25362.0,1295.0
7818,UCazay-C-shtEEUO78ObKGJg,해그린달 haegreendal,q9ItwuG_9hk,"SUB) 에어프라이어 11가지 요리 레시피모음! 에어프라이어 청소하는법, 종이호일 사용법",2019-02-11T09:32:46Z,1060.0,False,1811737,30699.0,954.0
7818,UCazay-C-shtEEUO78ObKGJg,해그린달 haegreendal,U6KQfQtKDy4,SUB) 어렵게 성공했던 딸기탕후루.,2019-02-28T09:22:33Z,614.0,False,370752,11877.0,362.0
7818,UCazay-C-shtEEUO78ObKGJg,해그린달 haegreendal,9ah6tZrHHiE,SUB) 짜파게티로 짜장면 만들기!,2019-03-10T11:53:04Z,814.0,False,779639,18549.0,578.0
7818,UCazay-C-shtEEUO78ObKGJg,해그린달 haegreendal,q2jX-1xN15Q,SUB) 다정한 엄마의 하루,2019-03-30T10:30:30Z,981.0,False,1150478,31956.0,1093.0
7818,UCazay-C-shtEEUO78ObKGJg,해그린달 haegreendal,3xLVyFZI8W8,"ENG) 감성 브이로그 카메라, 촬영방법 공개 (feat. 소니 a6400)",2019-04-03T08:34:18Z,477.0,False,1236683,41635.0,1254.0
7818,UCazay-C-shtEEUO78ObKGJg,해그린달 haegreendal,QF26vsH_qSg,SUB) 나만의 시간을 예쁘게 보내는 방법,2019-04-13T10:40:06Z,859.0,False,1201350,27152.0,1161.0
7818,UCazay-C-shtEEUO78ObKGJg,해그린달 haegreendal,opq-QVDW7lk,SUB) 에어프라이어 13가지 요리 레시피모음 (feat. 자주),2019-04-26T11:02:55Z,1300.0,False,2798567,48559.0,1044.0
7818,UCazay-C-shtEEUO78ObKGJg,해그린달 haegreendal,TiSM8AEkuJA,SUB) 하루 한 시간씩 혼자만의 시간 갖기,2019-05-11T11:20:28Z,919.0,False,4408529,199119.0,5541.0
7818,UCazay-C-shtEEUO78ObKGJg,해그린달 haegreendal,d7mS8vXfw94,SUB) 우리집 ASMR 홈카페에 놀러오세요.,2019-05-20T10:42:41Z,953.0,False,963149,33604.0,1141.0
7818,UCazay-C-shtEEUO78ObKGJg,해그린달 haegreendal,M_35QbazHsk,SUB) 청소하고 싶어지는 영상 브이로그,2019-05-31T10:24:47Z,890.0,False,5633140,213767.0,7308.0
7818,UCazay-C-shtEEUO78ObKGJg,해그린달 haegreendal,86ZUfekmi2I,SUB) 나를 행복하게 하는 것들,2019-06-09T11:49:44Z,692.0,False,1165141,50673.0,3024.0
7818,UCazay-C-shtEEUO78ObKGJg,해그린달 haegreendal,tQEQwHD4eg8,SUB) 나의 6월을 소개합니다.,2019-06-20T09:38:41Z,820.0,False,893327,32134.0,1966.0
7818,UCazay-C-shtEEUO78ObKGJg,해그린달 haegreendal,uLVJNLCIAFU,SUB) 보기만해도 배고파지는 영상,2019-06-30T10:12:20Z,813.0,False,1200762,40004.0,1687.0
7818,UCazay-C-shtEEUO78ObKGJg,해그린달 haegreendal,N7tfFC8xBwg,SUB) 여름이 좋아지는 영상,2019-07-15T10:31:34Z,816.0,False,432768,16430.0,1114.0
7818,UCazay-C-shtEEUO78ObKGJg,해그린달 haegreendal,arNU1XKpGOA,SUB) 비오는날 집에서 뭐하면서 보낼까? 궁금한 하루,2019-08-13T09:16:08Z,846.0,False,1669835,51385.0,2848.0
7818,UCazay-C-shtEEUO78ObKGJg,해그린달 haegreendal,QjZal7Geu6M,SUB) 내가 아침에 청소를 끝내는 이유,2019-08-26T15:05:32Z,848.0,False,2217346,60419.0,2818.0
7818,UCazay-C-shtEEUO78ObKGJg,해그린달 haegreendal,TWh8VQhSVqc,"SUB) 여행 말고 휴식, 제주에서",2019-09-11T09:09:39Z,439.0,False,462400,16619.0,885.0
7818,UCazay-C-shtEEUO78ObKGJg,해그린달 haegreendal,frzeccOpW60,SUB) 행복하기 위해 나는 여행중 입니다.,2019-09-24T14:22:59Z,611.0,False,563106,17892.0,919.0
7818,UCazay-C-shtEEUO78ObKGJg,해그린달 haegreendal,9SoQOthOsJU,SUB) 나의 기분좋은 루틴 찾아보기,2019-10-05T14:13:03Z,842.0,False,3102526,81279.0,3771.0
7818,UCazay-C-shtEEUO78ObKGJg,해그린달 haegreendal,Hxdk1gfdCV4,SUB) 돈들이지 않고 즐거운시간을 보내는 방법,2019-10-17T14:02:51Z,844.0,False,2805311,78425.0,3047.0
7818,UCazay-C-shtEEUO78ObKGJg,해그린달 haegreendal,3C3QihatLeg,"SUB) asmr일상, 따뜻한 겨울을 보내고 있어요.",2019-10-31T14:29:26Z,856.0,False,1455451,40021.0,1562.0
7818,UCazay-C-shtEEUO78ObKGJg,해그린달 haegreendal,Bq7Q6HkUNu4,SUB) 이맘때쯤 당신에게 필요한 영상 ver.11월,2019-11-18T15:46:03Z,818.0,False,975761,30683.0,1220.0
7818,UCazay-C-shtEEUO78ObKGJg,해그린달 haegreendal,2UBA83Pb4JQ,SUB) 나를 사랑하는 가장 쉬운방법,2019-12-05T14:23:16Z,810.0,False,3346448,168970.0,5126.0
7818,UCazay-C-shtEEUO78ObKGJg,해그린달 haegreendal,XoeLaxAfHo4,SUB) 내가 가장 잘한 일 The best work I've done !!,2019-12-18T13:03:18Z,766.0,False,1124302,37362.0,1949.0
7818,UCazay-C-shtEEUO78ObKGJg,해그린달 haegreendal,1kv5FY68ito,SUB) 인생을 변화시키는 시작 A new beginning that changes life,2020-01-14T15:05:28Z,867.0,False,1390313,42747.0,2167.0
7818,UCazay-C-shtEEUO78ObKGJg,해그린달 haegreendal,cxR4NKcx2Mg,SUB) 현명한 하루를 사는 순서 The orders for living a wise day,2020-01-30T14:54:44Z,820.0,False,2444192,64047.0,2546.0
7818,UCazay-C-shtEEUO78ObKGJg,해그린달 haegreendal,S9avbQN7Gvw,SUB) 식빵 맛있게 먹는 15가지 방법 15 recipes to eat the bread deliciously,2020-02-14T15:06:33Z,935.0,False,5110112,194465.0,3019.0
7818,UCazay-C-shtEEUO78ObKGJg,해그린달 haegreendal,lSAqZDHdt28,SUB) 우리 엄마는 100만 유튜버 My mom is a YouTuber with 1M subscribers.,2020-02-28T13:33:13Z,722.0,False,1081714,41169.0,3217.0
7818,UCazay-C-shtEEUO78ObKGJg,해그린달 haegreendal,8XiOjnT447E,SUB) 집안에 갇혀버린 사람들의 일상 Daily life of people who got locked inside their own houses,2020-03-15T12:46:15Z,721.0,False,2253041,67393.0,2558.0
7818,UCazay-C-shtEEUO78ObKGJg,해그린달 haegreendal,zCIr-lbCuXc,"SUB) 일찍 일어나지 않아도,  당신의 좋은 오늘 Even though you didn't wake up early, today is good.",2020-03-30T12:42:43Z,667.0,False,2742253,86065.0,3161.0
7818,UCazay-C-shtEEUO78ObKGJg,해그린달 haegreendal,OjPD2J6MdCM,SUB) 처음 먹어본 계란요리 11가지 11 different egg dishes I've tried for the first time,2020-04-17T15:50:06Z,804.0,False,9859181,375985.0,7134.0
7818,UCazay-C-shtEEUO78ObKGJg,해그린달 haegreendal,r1IJFQugpok,SUB) 지금이 아니면 할 수 없는 일들 Things You Can Only Do At This Moment,2020-04-30T02:31:04Z,630.0,False,1361327,58206.0,2604.0
7818,UCazay-C-shtEEUO78ObKGJg,해그린달 haegreendal,C-4Bm6J70Rk,SUB) 하마터면 놓치고 살뻔했다 Little Happiness that I Could've Missed,2020-05-21T08:43:44Z,607.0,False,987822,36654.0,1717.0
7818,UCazay-C-shtEEUO78ObKGJg,해그린달 haegreendal,ga5QZlz46bs,SUB) 안 먹어본 면요리 찾기 12스텝 Finding the Noodle Dishes That I Haven't Tried 12 Steps,2020-06-24T13:43:29Z,810.0,False,1212491,47518.0,1497.0
7818,UCazay-C-shtEEUO78ObKGJg,해그린달 haegreendal,Ns5z3bCNhYI,SUB) 지나고 나면 아무것도 아닌 일들에 대하여 About things that shall pass,2020-07-19T13:00:12Z,634.0,False,1300728,61078.0,2951.0
7818,UCazay-C-shtEEUO78ObKGJg,해그린달 haegreendal,RxJjsK0qtJM,"SUB) 아무것도 하지 않는다고, 시간을 낭비하고 있는 건 아니에요 Just because we're not doing anything, doesn't mean we're ....",2020-08-03T14:10:57Z,562.0,False,912704,36992.0,2068.0
7818,UCazay-C-shtEEUO78ObKGJg,해그린달 haegreendal,Z9_mKYkSRY8,SUB) 살림은 어떻게 재밌어 지는가 🤔 Making Chores Fun,2020-09-03T15:09:07Z,559.0,False,2851915,75914.0,2935.0
7818,UCazay-C-shtEEUO78ObKGJg,해그린달 haegreendal,XBqt4haXYtk,SUB) 오늘도 설거지를 쌓아놓은 나에게 To me who piled up the dishes again today (삼성 비스포크 식기세척기),2020-09-14T14:39:40Z,518.0,False,745306,24963.0,1387.0
7818,UCazay-C-shtEEUO78ObKGJg,해그린달 haegreendal,rJNcRgHAmrw,"SUB) 집에서 행복하면 어디에서나 행복해요 If you're happy at home, you're happy everywhere",2020-10-31T08:15:37Z,608.0,False,2586805,93021.0,3322.0
7818,UCazay-C-shtEEUO78ObKGJg,해그린달 haegreendal,xzYPc_GI_UU,"If you don’t remember, it will be something that never happened 기억하지 않으면 없던 일이 돼요",2020-12-22T16:25:15Z,558.0,False,669318,28115.0,1670.0
7818,UCazay-C-shtEEUO78ObKGJg,해그린달 haegreendal,C2DhB_IlO2U,"You can't take anything away from me, and I will be better 당신은 아무것도 가져갈 수 없고, 나는 더 잘 할 거야",2021-01-17T11:50:48Z,426.0,False,910571,43883.0,3036.0
7818,UCazay-C-shtEEUO78ObKGJg,해그린달 haegreendal,IOtpNmiG46I,"We only cook if it's convenient, 10 simple and delicious kimbap dishes 편해야 해먹지, 간단하고 맛있는 김밥 요리 10가지",2021-02-10T11:52:52Z,695.0,False,8815588,152854.0,2857.0
7818,UCazay-C-shtEEUO78ObKGJg,해그린달 haegreendal,XfNC6prB5PQ,Is it possible to enjoy doing the housework? 🤔 살림을 즐긴다는 게 가능은 한가,2021-03-18T11:08:52Z,666.0,False,890437,37478.0,1794.0
7818,UCazay-C-shtEEUO78ObKGJg,해그린달 haegreendal,Rr9ZWkpo1WE,Let me tell you one of the reasons why you're not happy right now 지금 행복하지 않은 이유 하나를 알려줄게요,2021-04-14T07:06:55Z,625.0,False,856737,41227.0,1780.0
7818,UCazay-C-shtEEUO78ObKGJg,해그린달 haegreendal,eOVIYvLv_bU,Why can't I turn on the air conditioner when I have one 😭 에어컨 사놓고 왜 틀지를 못해,2021-05-08T08:08:18Z,583.0,False,442451,14473.0,845.0
7818,UCazay-C-shtEEUO78ObKGJg,해그린달 haegreendal,GLha-qtIVGo,여름에 나는 소리 Summer ASMR #shorts,2021-07-19T05:19:44Z,59.0,True,184135,12703.0,294.0
7818,UCazay-C-shtEEUO78ObKGJg,해그린달 haegreendal,d7NxzXVPEIk,A dish you never get tired of! Fried rice 9 ways 절대로 싫증 나지 않는 음식! 볶음밥 9가지 이야기,2021-08-31T13:00:12Z,749.0,False,1327036,45786.0,1490.0
7818,UCazay-C-shtEEUO78ObKGJg,해그린달 haegreendal,TXAX5CdP5T8,"It's a tough world, but there are choices we can make 힘들고 어려운 세상이지만, 그래도 우리는 선택할 수 있다.",2022-01-04T13:00:15Z,690.0,False,596598,25361.0,1688.0
7818,UCazay-C-shtEEUO78ObKGJg,해그린달 haegreendal,-vx4TjtI4SA,"Bread Coated with Egg and Grilled on a Frying Pan, French Toast 계란옷 입혀서 프라이팬에 구워낸 빵요리, 프렌치토스트",2022-02-23T12:07:05Z,278.0,False,2673291,29915.0,1724.0
7819,UCn0nlepACCBD6rxj-GUwn5A,KBS Drama Classic,klnYUf-ioJ0,꺾여도 그냥 하는 마음 #남궁민 #김과장 #shorts,2026-05-01T05:00:48Z,82.0,False,6926,24.0,0.0
7819,UCn0nlepACCBD6rxj-GUwn5A,KBS Drama Classic,lyW7G-muaOs,인수인계도 못 하게 하면 벌어지는 일 #남상미 #김과장 #shorts,2026-05-01T05:00:54Z,58.0,True,50806,210.0,1.0
7819,UCn0nlepACCBD6rxj-GUwn5A,KBS Drama Classic,H0LDZapk_6E,[사극픽] 장녹수 22회 15분 모아보기 1편 💥대비와 부딪히는 연산군ㅣ KBS방송,2026-05-01T06:00:10Z,957.0,False,14602,91.0,15.0
7819,UCn0nlepACCBD6rxj-GUwn5A,KBS Drama Classic,aYhRVxT94PQ,백진희에게 다짜고짜 청혼을 하는 안재현?!👰🏼🤵🏼 〈진짜가 나타났다〉1-4회 요약ㅣKBS 방송,2026-05-02T01:00:07Z,4626.0,False,20884,92.0,0.0
7819,UCn0nlepACCBD6rxj-GUwn5A,KBS Drama Classic,BiO4Npl2jdg,쓰러진 아버지보다 결혼을 선택한 여자 #차주영 #진짜가나타났다,2026-05-02T01:00:12Z,60.0,True,62285,311.0,4.0
7819,UCn0nlepACCBD6rxj-GUwn5A,KBS Drama Classic,JZuXdaBG684,바람피운 전 남자친구의 아이를 가졌다 #백진희 #안재현 #진짜가나타났다,2026-05-02T01:00:31Z,61.0,False,35397,160.0,1.0
7819,UCn0nlepACCBD6rxj-GUwn5A,KBS Drama Classic,W5xdMjmC6iA,왜 불길한 촉은 틀리지 않을까 #백진희 #진짜가나타났다,2026-05-02T01:00:36Z,61.0,False,21680,79.0,0.0
7819,UCn0nlepACCBD6rxj-GUwn5A,KBS Drama Classic,pdIq_L-W6ic,"서로가 윈윈하는 방법, 우리 결혼해요..! #안재현 #백진희 #진짜가나타났다",2026-05-02T01:00:53Z,61.0,False,8116,24.0,1.0
7819,UCn0nlepACCBD6rxj-GUwn5A,KBS Drama Classic,UDHW3ciSiws,"[주드] 35회ㅣ인연 끊자는 얘기는 네가 먼저 했어, 지안에게 연을 끊자고 하는 지수 [황금빛 내 인생]| KBS 방송",2026-05-02T07:58:27Z,1441.0,False,7711,59.0,4.0
7819,UCn0nlepACCBD6rxj-GUwn5A,KBS Drama Classic,VwZIpJdDyDA,[#케전드인물모음] (2시간) 고구려의 피를 가진 거란의 칼⚔️ 장수 이해고ㅣ대조영 이해고 서사 2시간 l KBS방송,2026-05-03T01:00:06Z,8351.0,False,14697,113.0,25.0
7819,UCn0nlepACCBD6rxj-GUwn5A,KBS Drama Classic,m-b6VTuScLo,[러블리 호러블리 EP24] 8년 전 일을... 오늘 봤다고요? | KBS 방송,2026-05-03T07:57:54Z,816.0,False,1890,16.0,0.0
7819,UCn0nlepACCBD6rxj-GUwn5A,KBS Drama Classic,vQEOMOVW4Ho,"[러블리 호러블리 EP23] 34살까지만 참자, 그 사람이 널 살려줄 거야 | KBS 방송",2026-05-03T07:59:08Z,738.0,False,3036,20.0,0.0
7819,UCn0nlepACCBD6rxj-GUwn5A,KBS Drama Classic,YcVkg1RdkN0,몸의 상처보다 더 깊은 상처 #정소민 #이미도 #아버지가이상해 #shorts,2026-05-04T11:15:39Z,67.0,False,33004,231.0,5.0
7819,UCn0nlepACCBD6rxj-GUwn5A,KBS Drama Classic,gPYM7PxI4-o,웃는 얼굴에 침? 나는 뱉어 #이유리 #이미도 #아버지가이상해 #shorts,2026-05-04T11:17:21Z,71.0,False,43204,237.0,1.0
7819,UCn0nlepACCBD6rxj-GUwn5A,KBS Drama Classic,o3_j8CgsDmY,스킨십에 굳어버린 안효섭 #안효섭 #류화영 #아버지가이상해 #shorts,2026-05-04T11:19:15Z,80.0,False,5949,34.0,0.0
7819,UCn0nlepACCBD6rxj-GUwn5A,KBS Drama Classic,EgbFgA4UlQA,이준 대사 받아주는 정소민🤖 #이준 #정소민 #아버지가이상해 #shorts,2026-05-04T11:20:54Z,62.0,False,7653,18.0,0.0
7819,UCn0nlepACCBD6rxj-GUwn5A,KBS Drama Classic,kz1p0Vt4mp4,[주드] [아버지가 이상해 EP.18] 미영과 유주의 관계를 알게 된 혜영 l KBS방송,2026-05-04T11:41:35Z,1252.0,False,65704,208.0,7.0
7819,UCn0nlepACCBD6rxj-GUwn5A,KBS Drama Classic,dtaYIxnbzF8,[레전드사극] 네 번째 원자를 빌미로 고종을 움직이는 명성황후?! [명성황후 Ep27] | KBS 방송,2026-05-05T05:00:21Z,1456.0,False,5899,68.0,8.0
7819,UCn0nlepACCBD6rxj-GUwn5A,KBS Drama Classic,is6L-o32otU,[사극픽][태조왕건 모음.Zip] [Ep22] 모조리 집어넣고 태워버리게! | KBS 방송,2026-05-06T05:13:32Z,1894.0,False,18091,179.0,67.0
7819,UCn0nlepACCBD6rxj-GUwn5A,KBS Drama Classic,3NR02FBVCtM,[EP7-01] 희생양을 만들어서라도 문제를 해결해야 한다면서요?😜 직무정지 당하는 교장 [학교2017] | KBS 방송,2026-05-06T07:54:51Z,927.0,False,1471,10.0,0.0
7819,UCn0nlepACCBD6rxj-GUwn5A,KBS Drama Classic,6ujzk3uBvC0,[EP7-02] ＂제가 때린 걸로 할게요...＂ 그냥 가해자 하겠다는 학교 폭력 피해자?!🤕 [학교2017] | KBS 방송,2026-05-06T08:02:51Z,886.0,False,2096,18.0,1.0
7819,UCn0nlepACCBD6rxj-GUwn5A,KBS Drama Classic,8gVdJF2BZdU,[#학교2017] 그냥 가해자 하겠다는 학교 폭력 피해자?!🤕ㅣKBS 방송,2026-05-06T08:30:04Z,52.0,True,3851,7.0,0.0
7819,UCn0nlepACCBD6rxj-GUwn5A,KBS Drama Classic,HWH9PMNgDSA,[#학교2017] 누가 책임을 지는 게 좋을까요? (교장을 바라보며)ㅣKBS 방송,2026-05-06T08:30:11Z,57.0,True,5611,20.0,2.0
7819,UCn0nlepACCBD6rxj-GUwn5A,KBS Drama Classic,ay5qLnH8t-Q,[레전드사극] 장옥정의 계략에 빠져 석고대죄를 청하는 인현왕후🙇 [장희빈 Ep34] | KBS 방송,2026-05-07T05:07:57Z,1771.0,False,11287,135.0,19.0
7819,UCn0nlepACCBD6rxj-GUwn5A,KBS Drama Classic,4LXoC-RPK4I,이 월요일 아침 같은 계집애야! #심영은 #류혜린 #김과장 #shorts,2026-05-08T05:00:04Z,77.0,False,1218596,6573.0,133.0
7819,UCn0nlepACCBD6rxj-GUwn5A,KBS Drama Classic,gi_nm1lzd8w,"[20분요약] [갈등 고조↗] 새로운 목표가 생겼어요, 이사님 망하게 하는 거🔥ㅣ[김과장 EP12]  KBS방송",2026-05-08T05:00:06Z,1300.0,False,4172,55.0,2.0
7819,UCn0nlepACCBD6rxj-GUwn5A,KBS Drama Classic,rfDOzZTAGkQ,멈추는 법을 배우지 못한 남자 #이준호 #남상미 #김과장 #shorts,2026-05-08T05:01:01Z,49.0,True,4842,41.0,2.0
7819,UCn0nlepACCBD6rxj-GUwn5A,KBS Drama Classic,HUgM6b4beSA,[사극픽] 장녹수 22회 15분 모아보기 2편 😭시아버지가 며느리를...?!ㅣ KBS방송,2026-05-08T06:00:22Z,888.0,False,4803,50.0,3.0
7819,UCn0nlepACCBD6rxj-GUwn5A,KBS Drama Classic,5xeJn3Un2jc,[전체회원전용] 창밖에 부는 바람 1회 FULLVOD l KBS방송 19940718,2026-05-08T11:00:06Z,1577.0,False,1642,30.0,2.0
7819,UCn0nlepACCBD6rxj-GUwn5A,KBS Drama Classic,z_fquylh7xI,"[주드] 36회ㅣ아무 사이 아닙니다, 아드님하고 해결하세요 [황금빛 내 인생]| KBS 방송",2026-05-09T07:58:53Z,1436.0,False,5184,45.0,0.0
7819,UCn0nlepACCBD6rxj-GUwn5A,KBS Drama Classic,xbq4d6FkW5k,[#케전드인물모음] (2시간) 전장을 지배하는 카리스마 🐯대륙의 호랑이 설인귀🐯ㅣ대조영 설인귀 서사 2시간 l KBS방송,2026-05-10T01:00:07Z,8235.0,False,14306,170.0,33.0
7819,UCn0nlepACCBD6rxj-GUwn5A,KBS Drama Classic,64T4D50SgUE,[러블리 호러블리 EP25] “너... 내가 보이니?” 황선희와 마주친 이기광| KBS 방송,2026-05-10T07:54:43Z,746.0,False,3001,20.0,0.0
7819,UCn0nlepACCBD6rxj-GUwn5A,KBS Drama Classic,DKEAVKciK4I,[러블리 호러블리 EP26] 얼굴이 좀... 검은 손님이 오실 거예요 | KBS 방송,2026-05-10T07:57:53Z,742.0,False,1081,14.0,2.0
7819,UCn0nlepACCBD6rxj-GUwn5A,KBS Drama Classic,REwBQMpgTQY,[🔴LIVE]  근초고왕 60회 정주행 특별 스밍🔥  #근초고왕 #감우성 #사극맛집 | KBS 방송,2026-05-11T00:44:06Z,,False,102297,411.0,0.0
7819,UCn0nlepACCBD6rxj-GUwn5A,KBS Drama Classic,YFkoSs7LtcM,하늘이 우리를 버리지 않았구나 #김해숙 #김영철 #아버지가이상해 #shorts,2026-05-11T08:00:30Z,63.0,False,4469,13.0,0.0
7819,UCn0nlepACCBD6rxj-GUwn5A,KBS Drama Classic,kI39kNmqWQA,니 남자친구 이상해!!! #안효섭 #류화영 #아버지가이상해 #shorts,2026-05-11T08:00:44Z,68.0,False,5565,24.0,2.0
7819,UCn0nlepACCBD6rxj-GUwn5A,KBS Drama Classic,uBW7D_Mh6NQ,"좋니, 운동과 연애 같이 하니까? #안효섭 #류화영 #아버지가이상해 #shorts",2026-05-11T08:00:53Z,61.0,False,3251,26.0,0.0
7819,UCn0nlepACCBD6rxj-GUwn5A,KBS Drama Classic,zKtHyJ04kYM,어미새 모이 먹는 아기새 같아🐥 #이준 #정소민 #김영철 #아버지가이상해 #shorts,2026-05-11T08:01:00Z,63.0,False,12937,101.0,2.0
7819,UCn0nlepACCBD6rxj-GUwn5A,KBS Drama Classic,LgldQL7EWKU,[주드] [아버지가 이상해 EP.19] 학교 다닐 때 친구들 좀 괴롭혔나 봐요? l KBS방송,2026-05-11T08:33:52Z,1255.0,False,19442,61.0,1.0
7819,UCn0nlepACCBD6rxj-GUwn5A,KBS Drama Classic,sGHQ9CoTbLs,[레전드사극] 최익현의 두 번째 상소! 흥선대원군과 맞서는 중전 [명성황후 Ep28] | KBS 방송,2026-05-12T04:58:35Z,1444.0,False,3939,67.0,29.0
7819,UCn0nlepACCBD6rxj-GUwn5A,KBS Drama Classic,i0cc7t3MxEI,[EP8-01] ＂시험지 제가 훔쳤습니다＂ 전교 1등의 충격적인 자백🫢 [학교2017] | KBS 방송,2026-05-12T06:55:15Z,874.0,False,1003,7.0,0.0
7819,UCn0nlepACCBD6rxj-GUwn5A,KBS Drama Classic,KxT75vP7f9A,"[EP8-02] ＂그렇게 웃지 마, 떨려＂ 김세정에게 심쿵한 김정현?!😳💗 [학교2017] | KBS 방송",2026-05-12T07:00:18Z,979.0,False,1560,12.0,2.0
7819,UCn0nlepACCBD6rxj-GUwn5A,KBS Drama Classic,Q3fJOWePSrE,[#학교2017] 근데 얘가 가해자임ㅣKBS 방송,2026-05-12T08:00:19Z,60.0,True,40790,171.0,14.0
7819,UCn0nlepACCBD6rxj-GUwn5A,KBS Drama Classic,TNgsGAWTWEA,[#학교2017] 그렇게 웃지 마 떨려😳ㅣKBS 방송,2026-05-12T08:00:26Z,70.0,False,4753,18.0,1.0
7819,UCn0nlepACCBD6rxj-GUwn5A,KBS Drama Classic,LrWKW25JiN0,[사극픽][태조왕건 모음.Zip] [Ep23] 왕건 VS 견훤 | KBS 방송,2026-05-13T05:12:33Z,1894.0,False,10497,123.0,34.0
7819,UCn0nlepACCBD6rxj-GUwn5A,KBS Drama Classic,4syjpFWNHRI,[레전드사극] 감히 천출 주제에...🔥 장옥정과 숙안 공주의 숨 막히는 기싸움 [장희빈 Ep35] | KBS 방송,2026-05-14T05:05:37Z,1790.0,False,12994,162.0,26.0
7819,UCn0nlepACCBD6rxj-GUwn5A,KBS Drama Classic,1vD-EDCfoLQ,재벌을 꼬시는 방법🦊 #남궁민 #김과장 #shorts,2026-05-15T05:00:03Z,51.0,True,34953,192.0,2.0
7819,UCn0nlepACCBD6rxj-GUwn5A,KBS Drama Classic,zlqTP_IkIKE,[20분요약][통쾌반격] 내가 이사님 앞길 제대로 막았죵?!ㅣ[김과장 EP13] KBS방송,2026-05-15T05:00:07Z,1346.0,False,1327,33.0,1.0
7819,UCn0nlepACCBD6rxj-GUwn5A,KBS Drama Classic,AKK6VNrenUg,🖐🏼지금 내 엉덩이 만지셨잖아요! #이준호 #김과장 #shorts,2026-05-15T05:00:08Z,42.0,True,218961,1558.0,40.0
7819,UCn0nlepACCBD6rxj-GUwn5A,KBS Drama Classic,TfydUQZ1RW4,[사극픽] 장녹수 23회 15분 모아보기 1편 🔥조의제문에 극대노한 인수대비ㅣ KBS방송,2026-05-15T06:00:15Z,960.0,False,3543,51.0,15.0
7820,UCLsj_Re3SxtkbZfX_ypY1eQ,수리노을SuriNoel,CmD_oiladS8,핥핥꿀밤! 아빠냥의 반전 매력,2025-06-14T11:34:04Z,52.0,True,25918,1010.0,54.0
7820,UCLsj_Re3SxtkbZfX_ypY1eQ,수리노을SuriNoel,oU4CLrFT8Lc,집사 운동 방해하는 분노의 냥펀치!,2025-06-16T12:27:06Z,48.0,True,25764,981.0,36.0
7820,UCLsj_Re3SxtkbZfX_ypY1eQ,수리노을SuriNoel,HMJ_qjUHCjE,냥냥이 낚시! 프로 낚시꾼 인정?!,2025-06-17T10:19:31Z,45.0,True,19294,608.0,20.0
7820,UCLsj_Re3SxtkbZfX_ypY1eQ,수리노을SuriNoel,VyUqGoxe7k0,"무게로 표현하는 사랑? 이건 사랑일까, 압박일까? 😂",2025-06-19T10:45:33Z,64.0,False,14180,1258.0,60.0
7820,UCLsj_Re3SxtkbZfX_ypY1eQ,수리노을SuriNoel,1oEHXPj6trE,고양이의 엉뚱한 집 탐색전!,2025-06-20T13:39:11Z,25.0,True,32713,929.0,37.0
7820,UCLsj_Re3SxtkbZfX_ypY1eQ,수리노을SuriNoel,s-C7u2HxH_E,"안녕~"" 한마디로 심쿵 유발하는 우리 집 막내  고양이!",2025-06-21T13:19:25Z,24.0,True,29446,1100.0,29.0
7820,UCLsj_Re3SxtkbZfX_ypY1eQ,수리노을SuriNoel,SHavRasR530,고양이에게 이불을 줬을 때 벌어지는 일.txt 😼📜,2025-06-23T13:19:37Z,54.0,True,29234,855.0,22.0
7820,UCLsj_Re3SxtkbZfX_ypY1eQ,수리노을SuriNoel,XoPLSU3tKLM,냥이들의 재난 영화 🎬 #고양이쇼츠 #냥이점프력,2025-06-24T10:05:22Z,62.0,False,23942,885.0,27.0
7820,UCLsj_Re3SxtkbZfX_ypY1eQ,수리노을SuriNoel,tG3a0MtrTXc,고양이에게 휴지를 주면 안되는 이유,2025-06-26T09:51:55Z,92.0,False,29719,1539.0,53.0
7820,UCLsj_Re3SxtkbZfX_ypY1eQ,수리노을SuriNoel,JQ0l3LabUtI,냥아치 식사 스틸,2025-06-27T13:47:22Z,27.0,True,32939,674.0,25.0
7820,UCLsj_Re3SxtkbZfX_ypY1eQ,수리노을SuriNoel,wDnkqvzIvVY,"""행복의 가루라며..!!"" 집사를 경악시킨 캣닙의 배신",2025-06-30T13:21:06Z,31.0,True,32620,1099.0,40.0
7820,UCLsj_Re3SxtkbZfX_ypY1eQ,수리노을SuriNoel,WgHuKr5kvhE,고양이판 '오은영 리포트'가 시급합니다,2025-07-04T11:37:37Z,29.0,True,40045,1066.0,43.0
7820,UCLsj_Re3SxtkbZfX_ypY1eQ,수리노을SuriNoel,FY2RfWVRDzQ,방귀 뀐 놈이 성낸다,2025-07-07T12:23:21Z,30.0,True,34968,1186.0,46.0
7820,UCLsj_Re3SxtkbZfX_ypY1eQ,수리노을SuriNoel,bDEeH8vhwhc,동생이 고양이한테 무시당하는 거 직관하는 중 (꿀잼🤣),2025-07-08T12:43:44Z,42.0,True,34840,942.0,30.0
7820,UCLsj_Re3SxtkbZfX_ypY1eQ,수리노을SuriNoel,ynUzx1ToBQw,고양이의 귀여움으로 집사 깨우기,2025-07-12T15:07:04Z,53.0,True,51041,1551.0,42.0
7820,UCLsj_Re3SxtkbZfX_ypY1eQ,수리노을SuriNoel,OQrHz-Az6m4,"신발 오줌 미스터리: 5마리 고양이, 1마리의 범인",2025-07-15T03:07:24Z,563.0,False,10981,447.0,37.0
7820,UCLsj_Re3SxtkbZfX_ypY1eQ,수리노을SuriNoel,sHQL5-fwEH8,치순이가 온 날 수리노을 고양이들의 평화는 깨질 뻔 했습니다,2025-07-16T09:01:41Z,805.0,False,130172,2150.0,190.0
7820,UCLsj_Re3SxtkbZfX_ypY1eQ,수리노을SuriNoel,-SYDbFFOR2I,"6년 만에 재회한 커플냥, 우리 다시 시작할 수 있을까?",2025-07-19T14:19:12Z,164.0,False,23497,1526.0,120.0
7820,UCLsj_Re3SxtkbZfX_ypY1eQ,수리노을SuriNoel,sHygmMGuzRw,고양이랑 같이 잤다가 밤새도록 '이것'만 당했습니다🙀,2025-07-24T09:51:06Z,577.0,False,49198,1528.0,134.0
7820,UCLsj_Re3SxtkbZfX_ypY1eQ,수리노을SuriNoel,h91TArqxmGk,"여러분, 고양이 두 마리한테 츄르... 원래 이렇게 주는 거 맞아요?",2025-07-30T11:02:01Z,485.0,False,35290,892.0,93.0
7820,UCLsj_Re3SxtkbZfX_ypY1eQ,수리노을SuriNoel,8VvcKaNxtbY,드디어 마음을 열었다... 아빠 고양이의 옆자리,2025-08-05T09:46:12Z,97.0,False,46121,1027.0,89.0
7820,UCLsj_Re3SxtkbZfX_ypY1eQ,수리노을SuriNoel,Y3_h81KLGto,"고양이 때문에 2층으로 이사했더니, 새로운 심각한 문제가 생겼어요",2025-08-12T09:42:27Z,661.0,False,42621,1136.0,75.0
7820,UCLsj_Re3SxtkbZfX_ypY1eQ,수리노을SuriNoel,5YJ05N11P_E,저는 이 고양이를 깨물 수 밖에 없었습니다,2025-08-15T09:00:51Z,491.0,False,36390,1006.0,103.0
7820,UCLsj_Re3SxtkbZfX_ypY1eQ,수리노을SuriNoel,V7pBsAoyV_g,탈출 천재 고양이의 탈출을 막아라!,2025-08-19T10:15:01Z,484.0,False,135700,1420.0,140.0
7820,UCLsj_Re3SxtkbZfX_ypY1eQ,수리노을SuriNoel,0hz7n0xuZ60,고양이 렉돌 테스트 (feat. 수리노을 고양이 가족),2025-08-23T04:20:54Z,134.0,False,100801,2734.0,172.0
7820,UCLsj_Re3SxtkbZfX_ypY1eQ,수리노을SuriNoel,jZ6Qv-aPXnk,"아마존 정글이 된 뒷마당, 고양이들을 위해 청소했어요 🌿🐱",2025-08-29T09:00:31Z,617.0,False,109185,2510.0,105.0
7820,UCLsj_Re3SxtkbZfX_ypY1eQ,수리노을SuriNoel,I5ILYYKM86Y,치순이와 콩이의 진짜 집사들이 찾아왔어요!,2025-09-03T09:14:48Z,516.0,False,59509,1241.0,91.0
7820,UCLsj_Re3SxtkbZfX_ypY1eQ,수리노을SuriNoel,h2BjjOyIQEI,고양이 지능 테스트... 그런데 망한 것 같아요.,2025-09-10T09:40:24Z,269.0,False,62293,745.0,88.0
7820,UCLsj_Re3SxtkbZfX_ypY1eQ,수리노을SuriNoel,I4w313uDx3o,노을이가 많이 아파요. 제 탓입니다😿🩹,2025-09-16T11:33:04Z,493.0,False,85485,1901.0,225.0
7820,UCLsj_Re3SxtkbZfX_ypY1eQ,수리노을SuriNoel,x_Li5TZ-EUM,아빠 고양이가 보고 싶어 밤마다 우는 아들 고양이 이즈😿🩹,2025-09-23T10:00:06Z,809.0,False,69616,1511.0,129.0
7820,UCLsj_Re3SxtkbZfX_ypY1eQ,수리노을SuriNoel,-tmxhZUKJmQ,"""나갈래"" 한국어 하던 고양이의 6년만의 목욕",2025-10-01T10:00:41Z,935.0,False,524781,4414.0,301.0
7820,UCLsj_Re3SxtkbZfX_ypY1eQ,수리노을SuriNoel,uiPIKBVm6wM,고양이 세포 분열중😺😺🦠,2025-10-11T11:12:01Z,69.0,False,61597,1239.0,64.0
7820,UCLsj_Re3SxtkbZfX_ypY1eQ,수리노을SuriNoel,hFHoB0jt7-g,서로 싫어하는 고양이들 사진으로 소개팅 시킨 결과,2025-10-18T09:55:51Z,490.0,False,40973,763.0,62.0
7820,UCLsj_Re3SxtkbZfX_ypY1eQ,수리노을SuriNoel,tG2771z5nNo,앙숙 고양이들 사진으로 만나게 했더니 반응이... 😱,2025-10-22T10:16:31Z,66.0,False,51687,602.0,26.0
7820,UCLsj_Re3SxtkbZfX_ypY1eQ,수리노을SuriNoel,XmqiPQ8sZTg,고양이처럼 집사가 핥아주면 좋아할까?,2025-10-25T08:22:13Z,323.0,False,68333,679.0,72.0
7820,UCLsj_Re3SxtkbZfX_ypY1eQ,수리노을SuriNoel,OZsfBlEkRKA,고양이처럼 집사가 핥아주면 좋아할까?,2025-10-28T09:35:22Z,89.0,False,59016,547.0,36.0
7820,UCLsj_Re3SxtkbZfX_ypY1eQ,수리노을SuriNoel,jq8BICG42fI,치순이 산책 시도 → 집 안 탐험 → 결국 합사는...?,2025-11-09T06:16:07Z,582.0,False,69255,767.0,73.0
7820,UCLsj_Re3SxtkbZfX_ypY1eQ,수리노을SuriNoel,iNvWKFQiLfM,고양이에게 탁구를 가르쳐 봤습니다.,2025-11-19T09:30:08Z,483.0,False,55815,548.0,46.0
7820,UCLsj_Re3SxtkbZfX_ypY1eQ,수리노을SuriNoel,BsKdyBOC_PE,냥냥클로스를 찾아라! 🎅🐱 수리노을 고양이 집에 나타난 신비한 손님 (수리노을 X 레고 크리스마스 미션),2025-12-11T09:00:07Z,728.0,False,12555,901.0,138.0
7820,UCLsj_Re3SxtkbZfX_ypY1eQ,수리노을SuriNoel,61yQdFFpFRw,🔴25.12.24 Cat & Music LIVE (feat.치순chisoon&콩kong)【SURI&NOEL】😺,2025-12-25T03:28:57Z,4775.0,False,38719,338.0,34.0
7820,UCLsj_Re3SxtkbZfX_ypY1eQ,수리노을SuriNoel,z-itCryV0EY,🔴25.12.31 Cat & Music LIVE (feat.치순chisoon&콩kong)【SURI&NOEL】😺,2025-12-31T16:29:53Z,9546.0,False,4599,267.0,14.0
7820,UCLsj_Re3SxtkbZfX_ypY1eQ,수리노을SuriNoel,XVjBQsJMpw4,🔴26.1.7 Cat & Music LIVE (feat.치순chisoon&콩kong)【SURI&NOEL】😺,2026-01-07T14:59:04Z,5266.0,False,3798,219.0,13.0
7820,UCLsj_Re3SxtkbZfX_ypY1eQ,수리노을SuriNoel,IBIoZ7ZQnmM,🔴26.1.11 수리노을 고양이 생방송 Cat LIVE (feat. 치순 chisoon & 콩 Kong)【SURI&NOEL】  😺📹,2026-01-14T14:55:15Z,6131.0,False,3671,276.0,10.0
7820,UCLsj_Re3SxtkbZfX_ypY1eQ,수리노을SuriNoel,5jd-8_qsj34,🔴26.1.14 Cat & Music LIVE (feat.치순chisoon&콩kong)【SURI&NOEL】😺,2026-01-14T15:55:38Z,7691.0,False,3697,211.0,10.0
7820,UCLsj_Re3SxtkbZfX_ypY1eQ,수리노을SuriNoel,Yx5VFvVoVfU,🔴26.1.21 Cat & Music LIVE (feat.치순chisoon&콩kong)【SURI&NOEL】😺,2026-01-21T15:31:02Z,6731.0,False,3467,206.0,8.0
7820,UCLsj_Re3SxtkbZfX_ypY1eQ,수리노을SuriNoel,2trt6O6tXYk,🔴26.1.18 수리노을 고양이 생방송 Cat LIVE (feat. 치순 chisoon & 콩 Kong)【SURI&NOEL】  😺📹,2026-01-25T06:28:41Z,8215.0,False,4742,275.0,9.0
7820,UCLsj_Re3SxtkbZfX_ypY1eQ,수리노을SuriNoel,gcPDHQAqG6I,🔴26.1.25 수리노을 고양이 생방송 Cat LIVE (feat. 치순 chisoon & 콩 Kong)【SURI&NOEL】  😺📹,2026-01-25T06:34:42Z,5501.0,False,4568,250.0,14.0
7820,UCLsj_Re3SxtkbZfX_ypY1eQ,수리노을SuriNoel,WNNWXGUaUqw,🔴26.1.28 Cat & Music LIVE (feat.치순chisoon&콩kong)【SURI&NOEL】😺,2026-01-28T15:07:56Z,6596.0,False,4434,217.0,8.0
7820,UCLsj_Re3SxtkbZfX_ypY1eQ,수리노을SuriNoel,saktpcudMcY,🔴26.2.1 수리노을 고양이 생방송 Cat LIVE (feat. 치순 chisoon & 콩 Kong)【SURI&NOEL】  😺📹,2026-02-01T18:25:26Z,5910.0,False,8405,312.0,17.0
7820,UCLsj_Re3SxtkbZfX_ypY1eQ,수리노을SuriNoel,_C6OIMo9EC4,전해드릴 얘기가 있습니다.,2026-02-05T13:10:16Z,1006.0,False,102246,2055.0,636.0
7821,UCR5cyf8hncN_AaQPfmvmlgA,KBS 레전드 케이팝,DxTJtkSX7pc,초대가수 추혁진 씨의 느낌 아니까 [전국 노래자랑/Korea Sings] | KBS 260510 방송,2026-05-10T08:27:54Z,234.0,False,2410,73.0,13.0
7821,UCR5cyf8hncN_AaQPfmvmlgA,KBS 레전드 케이팝,kxvB6ZxRQy8,"본선까지 살아남았다는 건, 강하다는 증거! 박은빈, 이수현 씨의 고등어 [전국 노래자랑/Korea Sings] | KBS 260510 방송",2026-05-10T08:28:55Z,120.0,False,1482,26.0,6.0
7821,UCR5cyf8hncN_AaQPfmvmlgA,KBS 레전드 케이팝,OVpeoJMOQlo,양화 장금천 씨의 사랑이 비를 맞아요 [전국 노래자랑/Korea Sings] | KBS 260510 방송,2026-05-10T08:29:04Z,103.0,False,2464,13.0,2.0
7821,UCR5cyf8hncN_AaQPfmvmlgA,KBS 레전드 케이팝,RBzMxevE4Vw,초대가수 장민호 씨의 풍악을 울려라 [전국 노래자랑/Korea Sings] | KBS 260510 방송,2026-05-10T08:41:48Z,222.0,False,12406,702.0,48.0
7821,UCR5cyf8hncN_AaQPfmvmlgA,KBS 레전드 케이팝,eY6JvyRyukM,초대가수 장민호 씨의 남자는 말합니다 [전국 노래자랑/Korea Sings] | KBS 260510 방송,2026-05-10T08:42:11Z,226.0,False,11021,678.0,65.0
7821,UCR5cyf8hncN_AaQPfmvmlgA,KBS 레전드 케이팝,fIpUEX9iK0Y,노라조 - 니 팔자야 [열린 음악회/Open Concert] | KBS 260510 방송,2026-05-10T09:23:56Z,222.0,False,78613,1653.0,221.0
7821,UCR5cyf8hncN_AaQPfmvmlgA,KBS 레전드 케이팝,Wf_MjUA8aVk,노라조 - 사이다 [열린 음악회/Open Concert] | KBS 260510 방송,2026-05-10T09:24:02Z,225.0,False,6978,175.0,13.0
7821,UCR5cyf8hncN_AaQPfmvmlgA,KBS 레전드 케이팝,bGW1-pT0fhw,진성 - 동전인생 [열린 음악회/Open Concert] | KBS 260510 방송,2026-05-10T09:36:23Z,218.0,False,2092,69.0,6.0
7821,UCR5cyf8hncN_AaQPfmvmlgA,KBS 레전드 케이팝,-v9WM68lyOo,"진성, 뉴위즈덤하모니 - 인간시장 [열린 음악회/Open Concert] | KBS 260510 방송",2026-05-10T09:36:56Z,212.0,False,1032,12.0,0.0
7821,UCR5cyf8hncN_AaQPfmvmlgA,KBS 레전드 케이팝,n12iX-uDo0g,안신애 - 이별여행 [열린 음악회/Open Concert] | KBS 260510 방송,2026-05-10T09:47:40Z,169.0,False,2662,55.0,12.0
7821,UCR5cyf8hncN_AaQPfmvmlgA,KBS 레전드 케이팝,0BImq49WIkE,안신애 - 사람들은 모두 변하나 봐 [열린 음악회/Open Concert] | KBS 260510 방송,2026-05-10T09:47:43Z,170.0,False,2614,83.0,9.0
7821,UCR5cyf8hncN_AaQPfmvmlgA,KBS 레전드 케이팝,6R7R02ZoTMg,황가람 - 사랑했고 사랑했고 사랑했다 [열린 음악회/Open Concert] | KBS 260510 방송,2026-05-10T09:53:20Z,258.0,False,1481,55.0,13.0
7821,UCR5cyf8hncN_AaQPfmvmlgA,KBS 레전드 케이팝,DjGLICLCspA,황가람 - 나는 반딧불 [열린 음악회/Open Concert] | KBS 260510 방송,2026-05-10T09:53:33Z,227.0,False,3431,80.0,10.0
7821,UCR5cyf8hncN_AaQPfmvmlgA,KBS 레전드 케이팝,KH6bAmQ3aMQ,B1A4 - 가위바위보 [열린 음악회/Open Concert] | KBS 260510 방송,2026-05-10T10:00:00Z,192.0,False,6789,512.0,51.0
7821,UCR5cyf8hncN_AaQPfmvmlgA,KBS 레전드 케이팝,dIazgElXrHI,B1A4 - 이게 무슨 일이야 [열린 음악회/Open Concert] | KBS 260510 방송,2026-05-10T10:03:21Z,211.0,False,222213,7541.0,1006.0
7821,UCR5cyf8hncN_AaQPfmvmlgA,KBS 레전드 케이팝,NW5nECuKYdY,혜은이 - 물비늘 [열린 음악회/Open Concert] | KBS 260510 방송,2026-05-10T10:32:59Z,180.0,False,2225,29.0,8.0
7821,UCR5cyf8hncN_AaQPfmvmlgA,KBS 레전드 케이팝,CAPJZEqhK10,혜은이 - 진짜 진짜 좋아해 + 감수광 [열린 음악회/Open Concert] | KBS 260510 방송,2026-05-10T10:33:09Z,194.0,False,5563,60.0,13.0
7821,UCR5cyf8hncN_AaQPfmvmlgA,KBS 레전드 케이팝,FNyAZ5BzHDI,혜은이 - 제3한강교 + 열정 [열린 음악회/Open Concert] | KBS 260510 방송,2026-05-10T10:34:04Z,318.0,False,13663,138.0,22.0
7821,UCR5cyf8hncN_AaQPfmvmlgA,KBS 레전드 케이팝,6YH2q0Hrx94,혜은이 - 새벽비 [열린 음악회/Open Concert] | KBS 260510 방송,2026-05-10T10:38:37Z,178.0,False,21820,141.0,15.0
7821,UCR5cyf8hncN_AaQPfmvmlgA,KBS 레전드 케이팝,AcYmzvpE_0I,삼행시 달인 김은세의 넥스지 감상평🔥 [불후의 명곡2 전설을 노래하다/Immortal Songs 2] | KBS 260509 방송,2026-05-11T01:32:37Z,34.0,True,825,18.0,0.0
7821,UCR5cyf8hncN_AaQPfmvmlgA,KBS 레전드 케이팝,xE6qcohVwKw,김수찬 - 생일(가람과 뫼) [가요무대/Music Stage] | KBS 260511 방송,2026-05-11T13:30:03Z,172.0,False,2891,286.0,65.0
7821,UCR5cyf8hncN_AaQPfmvmlgA,KBS 레전드 케이팝,LNtkGfMXyIA,태진아 - 동반자(태진아) [가요무대/Music Stage] | KBS 260511 방송,2026-05-11T13:30:56Z,195.0,False,2475,50.0,1.0
7821,UCR5cyf8hncN_AaQPfmvmlgA,KBS 레전드 케이팝,SVenh2exb-w,길려원 - 그대 없이는 못 살아(패티김) [가요무대/Music Stage] | KBS 260511 방송,2026-05-11T13:34:36Z,202.0,False,18113,397.0,57.0
7821,UCR5cyf8hncN_AaQPfmvmlgA,KBS 레전드 케이팝,JmoLJ20oXPc,정미애 - 얘야 시집가거라(정애리) [가요무대/Music Stage] | KBS 260511 방송,2026-05-11T13:35:16Z,198.0,False,2965,71.0,10.0
7821,UCR5cyf8hncN_AaQPfmvmlgA,KBS 레전드 케이팝,poyJKbiQ_2g,홍원빈 - 웨딩드레스(한상일) [가요무대/Music Stage] | KBS 260511 방송,2026-05-11T13:37:20Z,176.0,False,813,30.0,3.0
7821,UCR5cyf8hncN_AaQPfmvmlgA,KBS 레전드 케이팝,MpqvhLt_rFg,최재명 - 아빠의 청춘(오기택) [가요무대/Music Stage] | KBS 260511 방송,2026-05-11T13:41:45Z,132.0,False,4555,181.0,56.0
7821,UCR5cyf8hncN_AaQPfmvmlgA,KBS 레전드 케이팝,CsJQ4Bxxzeo,박상철 - 님과 함께(남진) [가요무대/Music Stage] | KBS 260511 방송,2026-05-11T13:42:24Z,152.0,False,2009,34.0,5.0
7821,UCR5cyf8hncN_AaQPfmvmlgA,KBS 레전드 케이팝,IFFi90jPmEA,김소연 - 오빠는 풍각쟁이(박향림) [가요무대/Music Stage] | KBS 260511 방송,2026-05-11T13:47:36Z,144.0,False,2935,91.0,27.0
7821,UCR5cyf8hncN_AaQPfmvmlgA,KBS 레전드 케이팝,X3XukuYdPUI,임수정 - 나 하나의 사랑(송민도) [가요무대/Music Stage] | KBS 260511 방송,2026-05-11T13:47:42Z,167.0,False,1277,32.0,6.0
7821,UCR5cyf8hncN_AaQPfmvmlgA,KBS 레전드 케이팝,8beTWyVcQqU,조항조 - 고맙소 [가요무대/Music Stage] | KBS 260511 방송,2026-05-11T13:50:23Z,232.0,False,2211,47.0,4.0
7821,UCR5cyf8hncN_AaQPfmvmlgA,KBS 레전드 케이팝,4Th2tSZk50E,박성온 - 검정 고무신(한동엽) [가요무대/Music Stage] | KBS 260511 방송,2026-05-11T13:50:37Z,205.0,False,6010,212.0,79.0
7821,UCR5cyf8hncN_AaQPfmvmlgA,KBS 레전드 케이팝,SdD2LEPTsNY,"이수연 - 아버지의 강(이태호,강문경) [가요무대/Music Stage] | KBS 260511 방송",2026-05-11T13:54:45Z,222.0,False,29217,745.0,219.0
7821,UCR5cyf8hncN_AaQPfmvmlgA,KBS 레전드 케이팝,puE-wwXq2uU,양지은 - 아버지와 울 엄마(유지나) [가요무대/Music Stage] | KBS 260511 방송,2026-05-11T13:59:22Z,270.0,False,14067,581.0,217.0
7821,UCR5cyf8hncN_AaQPfmvmlgA,KBS 레전드 케이팝,MPCPYTG8aEs,강문경 - 모정의 세월(한세일) [가요무대/Music Stage] | KBS 260511 방송,2026-05-11T14:08:38Z,210.0,False,35947,1225.0,563.0
7821,UCR5cyf8hncN_AaQPfmvmlgA,KBS 레전드 케이팝,E8emUOaBzTw,1절 조항조 + 2절 전 출연자 - 흙에 살리라(홍세민) [가요무대/Music Stage] | KBS 260511 방송,2026-05-11T14:09:04Z,179.0,False,8038,110.0,17.0
7821,UCR5cyf8hncN_AaQPfmvmlgA,KBS 레전드 케이팝,ZAhmg22Z7nc,이소나 - 엄마는 그래도 되는 줄 알았습니다(이한) [가요무대/Music Stage] | KBS 260511 방송,2026-05-11T14:11:38Z,247.0,False,7652,275.0,58.0
7821,UCR5cyf8hncN_AaQPfmvmlgA,KBS 레전드 케이팝,3UwQX_PlTDE,에일리(Ailee) - 아리송해 (이은하) [불후의명곡 레전드/Immortal Songs Legend] | KBS 150307 방송,2026-05-12T11:06:56Z,339.0,False,2744,58.0,3.0
7821,UCR5cyf8hncN_AaQPfmvmlgA,KBS 레전드 케이팝,8k1HCntX18Y,케이윌(K.WILL) - 이별 (패티김) [불후의명곡 레전드/Immortal Songs Legend] | KBS 150307 방송,2026-05-12T11:07:10Z,341.0,False,1391,30.0,2.0
7821,UCR5cyf8hncN_AaQPfmvmlgA,KBS 레전드 케이팝,NfLM3Ga03qk,산들(SANDEUL) - 코스모스 피어있는 길 (김상희) [불후의명곡 레전드/Immortal Songs Legend] | KBS 150307 방송,2026-05-12T11:07:28Z,306.0,False,1569,24.0,3.0
7821,UCR5cyf8hncN_AaQPfmvmlgA,KBS 레전드 케이팝,zlD-EV2bkI4,손승연(Son Seung Yeon) - 하숙생 (최희준) [불후의명곡 레전드/Immortal Songs Legend] | KBS 150307 방송,2026-05-13T11:08:16Z,283.0,False,1633,48.0,1.0
7821,UCR5cyf8hncN_AaQPfmvmlgA,KBS 레전드 케이팝,myccBYroCxI,김종서(Kim Jong Seo) - 창밖의 여자 (조용필) [불후의명곡 레전드/Immortal Songs Legend] | KBS 150314 방송,2026-05-13T11:08:21Z,359.0,False,3618,82.0,1.0
7821,UCR5cyf8hncN_AaQPfmvmlgA,KBS 레전드 케이팝,Y9j-NN9w4FY,이정(J.Lee) - 감수광 (혜은이) [불후의명곡 레전드/Immortal Songs Legend] | KBS 150314 방송,2026-05-13T11:08:34Z,261.0,False,1648,49.0,3.0
7821,UCR5cyf8hncN_AaQPfmvmlgA,KBS 레전드 케이팝,4bBm8Z7Kg10,[스페셜 최초 선공개] 근접촬영원본 NEXZ (넥스지) - Mmchk ⭐열린 음악회 260607 방송예정⭐ [열린 음악회/Open Concert] | KBS 방송,2026-05-13T23:58:11Z,161.0,False,49173,4869.0,207.0
7821,UCR5cyf8hncN_AaQPfmvmlgA,KBS 레전드 케이팝,IyHaSxRhAzc,S - 잡초 (나훈아) [불후의명곡 레전드/Immortal Songs Legend] | KBS 150314 방송,2026-05-14T11:07:09Z,387.0,False,1724,31.0,6.0
7821,UCR5cyf8hncN_AaQPfmvmlgA,KBS 레전드 케이팝,NeXT0awq5EU,알리(ALi) - 늦기 전에 (김추자) [불후의명곡 레전드/Immortal Songs Legend] | KBS 150314 방송,2026-05-14T11:07:12Z,342.0,False,1874,38.0,2.0
7821,UCR5cyf8hncN_AaQPfmvmlgA,KBS 레전드 케이팝,F_k_uB6uYTc,정동하(Jung Dongha) - 빗물 (채은옥) [불후의명곡 레전드/Immortal Songs Legend] | KBS 150314 방송,2026-05-14T11:07:17Z,365.0,False,1917,79.0,12.0
7821,UCR5cyf8hncN_AaQPfmvmlgA,KBS 레전드 케이팝,nSyk1N325Ek,"[스페셜 최초 선공개] 근접촬영원본 TWS(투어스)_널 따라가 (You, You) ⭐열린 음악회 260607 방송예정⭐ [열린 음악회/Open Concert] | KBS 방송",2026-05-14T23:56:30Z,168.0,False,19495,2154.0,120.0
7821,UCR5cyf8hncN_AaQPfmvmlgA,KBS 레전드 케이팝,G9Psz0Hk9JI,겨울왕국 공주들 같은 박진주&민경아,2026-05-15T00:00:12Z,88.0,False,4929,21.0,0.0
7821,UCR5cyf8hncN_AaQPfmvmlgA,KBS 레전드 케이팝,dVdqhjpYP0I,5초만 들어도 마음이 웅장해지는 곡,2026-05-15T04:00:47Z,90.0,False,10555,240.0,29.0
7821,UCR5cyf8hncN_AaQPfmvmlgA,KBS 레전드 케이팝,-OqbXQBpnic,앞으로 얼마나 대성할지 감도 안 옴,2026-05-15T08:00:01Z,84.0,False,11947,102.0,3.0
7822,UCpJw2H9KKqwCCGQKRh1Bf2w,T1 Faker,Im0crd3KqtA,붓 ‘Chill’ 할게요,2025-03-06T09:00:21Z,557.0,False,366461,7858.0,172.0
7822,UCpJw2H9KKqwCCGQKRh1Bf2w,T1 Faker,svpkdpPa5NI,녹서스 패밀리,2025-03-10T09:00:58Z,542.0,False,188202,4446.0,98.0
7822,UCpJw2H9KKqwCCGQKRh1Bf2w,T1 Faker,CypsZ56EiU0,물아일체 사일러스,2025-03-16T05:00:08Z,555.0,False,765024,12752.0,316.0
7822,UCpJw2H9KKqwCCGQKRh1Bf2w,T1 Faker,7nzaun4WrrU,부쉬가 좋은 하온부,2025-03-18T09:00:08Z,860.0,False,409709,6722.0,176.0
7822,UCpJw2H9KKqwCCGQKRh1Bf2w,T1 Faker,NvHx5-hZ5rE,특급 페로라의 영역전개,2025-03-28T09:00:30Z,573.0,False,332735,7165.0,167.0
7822,UCpJw2H9KKqwCCGQKRh1Bf2w,T1 Faker,kTEDQ8BEb6I,거석신앙 페리오,2025-04-02T09:00:50Z,495.0,False,297771,6297.0,157.0
7822,UCpJw2H9KKqwCCGQKRh1Bf2w,T1 Faker,9ofz5_XexbI,바텀에 훠궈 발라놓은 페이커,2025-04-04T09:00:11Z,497.0,False,195026,4352.0,107.0
7822,UCpJw2H9KKqwCCGQKRh1Bf2w,T1 Faker,nNe0XNTKIjs,"대상혁과 의문의 카타 장인, 이거 절대 못 막습니다",2025-04-11T09:01:11Z,1477.0,False,508262,6815.0,220.0
7822,UCpJw2H9KKqwCCGQKRh1Bf2w,T1 Faker,66PJaMpeHWY,페이커의 도란 깨기 했습니다,2025-04-15T09:00:09Z,997.0,False,1193520,15135.0,516.0
7822,UCpJw2H9KKqwCCGQKRh1Bf2w,T1 Faker,uX_0fdZxv1M,페스오의 '물리'치는 법,2025-04-20T05:00:53Z,840.0,False,553011,9226.0,282.0
7822,UCpJw2H9KKqwCCGQKRh1Bf2w,T1 Faker,NVCadkoCGdM,속보 리워크된 페블랑 첫 등장,2025-04-26T05:00:21Z,484.0,False,681305,12011.0,356.0
7822,UCpJw2H9KKqwCCGQKRh1Bf2w,T1 Faker,Sk75m9y7dqc,아리 스킨 좋다 최고 (실제로 말함),2025-04-30T09:00:42Z,650.0,False,733909,13432.0,296.0
7822,UCpJw2H9KKqwCCGQKRh1Bf2w,T1 Faker,Hx-lD474CPM,내 성격 까먹었나보네,2025-05-04T05:00:30Z,749.0,False,566459,8730.0,217.0
7822,UCpJw2H9KKqwCCGQKRh1Bf2w,T1 Faker,u23H-HWUFow,위고비 분쇄 96회동 | 밥 한 끼 : 페이커 생일 편,2025-05-06T15:00:06Z,863.0,False,1153170,23436.0,1552.0
7822,UCpJw2H9KKqwCCGQKRh1Bf2w,T1 Faker,nohU7O5Pz-c,너가 이번에 세졌다는 애니?,2025-05-10T05:00:48Z,500.0,False,499471,9747.0,280.0
7822,UCpJw2H9KKqwCCGQKRh1Bf2w,T1 Faker,QRdT82YKRLI,먹방계의 샛별 #페이커 #밥한끼 #먹방,2025-05-14T07:00:33Z,26.0,True,150614,4226.0,139.0
7822,UCpJw2H9KKqwCCGQKRh1Bf2w,T1 Faker,HMM6srQCPmE,파오리혁 #페이커 #밥한끼 #파오리,2025-05-15T06:00:22Z,22.0,True,90926,2099.0,52.0
7822,UCpJw2H9KKqwCCGQKRh1Bf2w,T1 Faker,NmUOxKBK77A,소원 빌었어? #페이커 #t1 #밥한끼,2025-05-16T06:00:30Z,22.0,True,69844,1260.0,42.0
7822,UCpJw2H9KKqwCCGQKRh1Bf2w,T1 Faker,KBj7rGSNTt4,15 18 SKT 노는법 #페이커 #t1 #밥한끼,2025-05-17T06:00:31Z,16.0,True,281393,2851.0,47.0
7822,UCpJw2H9KKqwCCGQKRh1Bf2w,T1 Faker,QJguHJAyiCc,위' 고비 #페이커  #t1 #밥한끼,2025-05-18T06:00:15Z,23.0,True,147959,2421.0,65.0
7822,UCpJw2H9KKqwCCGQKRh1Bf2w,T1 Faker,RcAy0WvCZ-8,대상혁은 모든 것을 해결해 주지,2025-05-20T09:00:42Z,557.0,False,647358,12861.0,274.0
7822,UCpJw2H9KKqwCCGQKRh1Bf2w,T1 Faker,a8PWInhi4mo,돌아온 그림자의 주인,2025-05-24T05:00:00Z,500.0,False,1208808,23470.0,521.0
7822,UCpJw2H9KKqwCCGQKRh1Bf2w,T1 Faker,xLzrTuV11wc,이녀석들 또 덤비길래 혼내줬습니다,2025-06-02T09:01:20Z,624.0,False,863924,14414.0,321.0
7822,UCpJw2H9KKqwCCGQKRh1Bf2w,T1 Faker,LNpSwyOjl-Q,원딜 차이가 뭔지 보여줬습니다,2025-06-04T09:00:34Z,732.0,False,1093988,19774.0,418.0
7822,UCpJw2H9KKqwCCGQKRh1Bf2w,T1 Faker,UvCmG7tsF6U,캡틴 알리스타,2025-06-08T05:00:26Z,549.0,False,335767,6470.0,180.0
7822,UCpJw2H9KKqwCCGQKRh1Bf2w,T1 Faker,EMd6qTLrxl4,바람과 함께 다시 돌아오리라,2025-06-17T09:00:30Z,885.0,False,985074,17891.0,490.0
7822,UCpJw2H9KKqwCCGQKRh1Bf2w,T1 Faker,Plm_PCSPXeQ,"MSI여, 황제가 돌아왔다",2025-06-23T09:00:42Z,634.0,False,700563,13615.0,465.0
7822,UCpJw2H9KKqwCCGQKRh1Bf2w,T1 Faker,72omctSeAJQ,T1 더 무비,2025-08-16T04:00:08Z,615.0,False,434193,9210.0,215.0
7822,UCpJw2H9KKqwCCGQKRh1Bf2w,T1 Faker,kJ9kazhXco4,?? : 대상혁,2025-08-28T09:01:14Z,755.0,False,966346,17954.0,439.0
7822,UCpJw2H9KKqwCCGQKRh1Bf2w,T1 Faker,ArSOVX0qQQA,3년만에 다시 돌아온 페이커의 손캠,2025-08-30T05:00:11Z,707.0,False,422888,9192.0,284.0
7822,UCpJw2H9KKqwCCGQKRh1Bf2w,T1 Faker,_cpXgkhs9fA,미드에 이상한게 왔다모,2025-09-06T05:00:44Z,650.0,False,526548,8354.0,182.0
7822,UCpJw2H9KKqwCCGQKRh1Bf2w,T1 Faker,2cPaAptk_Q8,페이커 트페 : 무한골드편,2025-09-09T09:18:26Z,481.0,False,381154,7275.0,162.0
7822,UCpJw2H9KKqwCCGQKRh1Bf2w,T1 Faker,2lwzRpJ0cK4,"모두 쉿, 2024 월즈 파엠의 스킨 리뷰",2025-09-19T09:00:10Z,484.0,False,479293,9994.0,441.0
7822,UCpJw2H9KKqwCCGQKRh1Bf2w,T1 Faker,eiewqbXHkwQ,2번의 도전 끝에 거머쥔 찬란한 유산,2025-11-23T05:00:58Z,1910.0,False,724964,14738.0,901.0
7822,UCpJw2H9KKqwCCGQKRh1Bf2w,T1 Faker,NWMkPBW100Q,친해지길 바라 | 온 세상이 T1 : 페이커 유기동물 봉사활동 1편,2025-12-18T09:00:39Z,911.0,False,714670,21726.0,1026.0
7822,UCpJw2H9KKqwCCGQKRh1Bf2w,T1 Faker,mB6gG4peKuo,생애 첫 '개판' 경험,2025-12-18T09:15:13Z,37.0,True,66285,1980.0,39.0
7822,UCpJw2H9KKqwCCGQKRh1Bf2w,T1 Faker,Y1Jb0i2O0_I,천재견들의 귀소본능,2025-12-18T09:30:17Z,60.0,True,75016,1727.0,30.0
7822,UCpJw2H9KKqwCCGQKRh1Bf2w,T1 Faker,oSwDj0gYaWs,강아지와 산책하는 페이커,2025-12-18T09:45:03Z,91.0,False,97766,3045.0,96.0
7822,UCpJw2H9KKqwCCGQKRh1Bf2w,T1 Faker,6jEnMdCUh-4,페이커의 배치고사 C+ 사건,2026-01-19T09:00:00Z,815.0,False,718599,10839.0,380.0
7822,UCpJw2H9KKqwCCGQKRh1Bf2w,T1 Faker,EBO3CWo-81A,"페즈리얼 많이 세다, 자기 전에 생각 많이 날거야",2026-01-26T09:00:00Z,511.0,False,625385,11194.0,314.0
7822,UCpJw2H9KKqwCCGQKRh1Bf2w,T1 Faker,pkVtkP-TFuw,두바이 쫀득 구체,2026-02-02T09:00:00Z,538.0,False,514322,10012.0,371.0
7822,UCpJw2H9KKqwCCGQKRh1Bf2w,T1 Faker,JnnmPHpAbg0,신을 뵙습니다,2026-02-09T09:00:00Z,456.0,False,546872,10454.0,348.0
7822,UCpJw2H9KKqwCCGQKRh1Bf2w,T1 Faker,Z7l05JEefxw,현준이 교육 들어갑니다,2026-02-21T04:00:00Z,481.0,False,505898,10834.0,402.0
7822,UCpJw2H9KKqwCCGQKRh1Bf2w,T1 Faker,9-i2b4aCxLQ,화제의 페이커 암베사 정글 챌린지,2026-03-06T09:00:00Z,815.0,False,281094,5719.0,157.0
7822,UCpJw2H9KKqwCCGQKRh1Bf2w,T1 Faker,k5UC25k6cK4,5년 만에 페이커 손에 쥐어진 총검,2026-03-13T09:00:00Z,588.0,False,613982,11359.0,259.0
7822,UCpJw2H9KKqwCCGQKRh1Bf2w,T1 Faker,adhfGPYJFtk,증바람,2026-03-28T05:00:00Z,492.0,False,648160,10004.0,380.0
7822,UCpJw2H9KKqwCCGQKRh1Bf2w,T1 Faker,Ia5dP5DTR-8,수상할 정도로 카직스를 잘하는,2026-04-05T04:00:00Z,552.0,False,338024,6379.0,226.0
7822,UCpJw2H9KKqwCCGQKRh1Bf2w,T1 Faker,IT0mlafrYEM,매혹,2026-04-12T04:00:00Z,581.0,False,332683,8954.0,411.0
7822,UCpJw2H9KKqwCCGQKRh1Bf2w,T1 Faker,VXEXCOUOOBM,너 뭐 하는 애니?,2026-04-24T05:00:00Z,496.0,False,177982,4370.0,155.0
7822,UCpJw2H9KKqwCCGQKRh1Bf2w,T1 Faker,i5Rw-bA84Xg,넌 못 지나간다,2026-05-11T09:00:27Z,630.0,False,171682,4474.0,130.0
7823,UC79hJz6y1EEiIkwfHOuWC4w,김시선,3KSY3DTGDRI,"10조 부자 할머니가 갑자기 기억을 잃어버렸다..ㅜ 배우 이미숙 연기 때민에, 편집하면서 울음이 터져버린 할머니의 슬픈 사연과 손녀의 속사정 ≪찬란한 너의 계절에≫ 3화~4화",2026-03-01T01:00:08Z,2167.0,False,204310,1065.0,36.0
7823,UC79hJz6y1EEiIkwfHOuWC4w,김시선,h86z6qWdfg8,"보험금 7억.. 약혼자도 죽고, 불륜녀도 다 죽어버린 미스터리한 보험사기 사건ㄷㄷ IQ190+ 미모 다 가진 박민영을 사랑하면 죽어버리는 기괴한 일, 치명적 스릴러 ≪세이렌≫",2026-03-05T08:00:53Z,1436.0,False,285021,1155.0,63.0
7823,UC79hJz6y1EEiIkwfHOuWC4w,김시선,9NMqAGb4y3o,"건축학개론2 같은, 김민주 박진영의 설레는 비밀 ≪샤이닝≫ 1~2화 몰아보기",2026-03-10T08:00:08Z,1155.0,False,46845,349.0,16.0
7823,UC79hJz6y1EEiIkwfHOuWC4w,김시선,rEfWOCid068,"치사율 99%인 박민영이... 보험금만 7억인 미스터리한 보험사기 사건ㄷㄷ IQ190+ 미모 다 가진 박민영을 사랑하면 죽어버리는 기괴한 일, 치명적 스릴러 ≪세이렌≫3-4",2026-03-12T08:00:50Z,1306.0,False,40400,293.0,17.0
7823,UC79hJz6y1EEiIkwfHOuWC4w,김시선,o-WielvZ3Cs,일본에서 가장 무서운 조직의 두목이...최연소! 역대급 킬러들을 이끌고 전국제패에 나서기 위해 올라간 무대?! 소재가 개미쳤다...,2026-03-13T08:00:52Z,742.0,False,111546,742.0,32.0
7823,UC79hJz6y1EEiIkwfHOuWC4w,김시선,u7HhV2JL-cY,무당 내공 +999을 얻은 신입 변호사가 떴따..! 조폭들과 맞짱떠서 100대 1도 이겨버리는 괴력으로 인간이 못 보는 진실을 파헤치는 역대급 소재의 꿀잼드라마≪신이랑 법률사무소≫,2026-03-15T01:00:52Z,2697.0,False,930625,5359.0,231.0
7823,UC79hJz6y1EEiIkwfHOuWC4w,김시선,EVvBYBfD668,"와.. 존잼.. 영끌 300억 떡상한 건물주 ""하정우""를 찾아온 일본 야쿠자들, 재건축 사업으로 건물을 뺏으려고 사람까지 죽이는데 ≪대한민국에서 건물주 되는 법 1~2화≫",2026-03-16T13:10:00Z,1557.0,False,855249,2638.0,233.0
7823,UC79hJz6y1EEiIkwfHOuWC4w,김시선,KgdJt6g9IQg,"김민주, 박진영 주연의 설레는 드라마《샤이닝 3~4화》몰아보기",2026-03-17T08:00:20Z,1269.0,False,33822,264.0,16.0
7823,UC79hJz6y1EEiIkwfHOuWC4w,김시선,jn5VIm8ptCU,"와.. 진짜 개미쳤다.. 화장실 배드씬, 역대급 자극적 소재로! 1초도 놓치면 안되는 최고 권력을 향한 재벌, 배우, 검사들의 생존 게임 🔥 몰입감 개쩌는 레전드 작품≪클라이맥스≫",2026-03-18T08:00:51Z,2269.0,False,1428012,7726.0,645.0
7823,UC79hJz6y1EEiIkwfHOuWC4w,김시선,PyBBrBODQt0,"남자를 잡아먹는 미스터리한 여자.. 보험금 7억, 미스터리한 보험사기 사건ㄷㄷ IQ190+ 미모 다 가진 박민영을 사랑하면 죽어버리는 기괴한 일, 치명적 스릴러 ≪세이렌≫56화",2026-03-19T08:00:33Z,1273.0,False,72035,345.0,21.0
7823,UC79hJz6y1EEiIkwfHOuWC4w,김시선,VySdnTUTr0E,"≪왕과 사는 남자≫를 이길 '외계인' 왕ㅋㅋ을 연기하는 배우 이동휘의 처절한 연기 생존기, 단식 연기를 리얼로 하는 배우가 삼각 김밥때문에 난리나는 찐 코미디 영화 ≪메소드연기≫",2026-03-21T01:00:35Z,983.0,False,169811,991.0,56.0
7823,UC79hJz6y1EEiIkwfHOuWC4w,김시선,iSKrFyz8P2k,와.. ≪모범택시 3≫ 라이벌 떴따..! 아이돌 연습생이 소속사 대표에게 억울하게 쫓겨나고 죽었다가 찾아간 곳이 무당 공력 +999를 가진 귀신 보는 변호사 ≪신이랑 법률사무소≫,2026-03-22T01:00:45Z,2548.0,False,585707,3732.0,179.0
7823,UC79hJz6y1EEiIkwfHOuWC4w,김시선,fmL9avEz_VA,"와.. 찐 존잼.. 영끌 300억 떡상한 건물주 ""하정우"" VS 일본 야쿠자들 ""심은경""의 부동산 대결 ㅋㅋ 목숨을 건 전쟁보다 더 무서운 ≪대한민국에서 건물주 되는 법≫ 3~4화",2026-03-23T08:00:39Z,1952.0,False,530517,2071.0,191.0
7823,UC79hJz6y1EEiIkwfHOuWC4w,김시선,W7021IBBrKI,하지원이 스폰서…회장 할아버지의 은밀한 요구로 톱배우가 되는 적나라한 연예계 ㄷㄷ 하지원 미친 연기 보여주는 대한민국 권력 1위가 되려는 인간들의 세상 ≪클라이맥스≫ 3~4화,2026-03-25T08:00:34Z,2178.0,False,1140378,5147.0,372.0
7823,UC79hJz6y1EEiIkwfHOuWC4w,김시선,Y52JKFx6GxQ,제일 잘생긴 무당,2026-03-26T08:00:26Z,174.0,False,45014,372.0,10.0
7823,UC79hJz6y1EEiIkwfHOuWC4w,김시선,yyc008WRdDA,신인 여배우를 은밀한 별장에 부른 소속사 대표,2026-03-28T00:30:41Z,60.0,True,62068,257.0,5.0
7823,UC79hJz6y1EEiIkwfHOuWC4w,김시선,LT0SgBGpMKc,차주영 연기는 다르다...,2026-03-29T10:30:48Z,93.0,False,134547,1249.0,52.0
7823,UC79hJz6y1EEiIkwfHOuWC4w,김시선,NAfFmvI1hjY,와.. 싸패 연기 미쳤다.. 직장 상사도 죽여버리는 괴상한 직원 '심은경'이 30억이 300억이 된 재건출 건물을 가진 영끌 건물주 하정우 ≪대한민국에서 건물주 되는 법≫5-6화,2026-03-30T08:00:15Z,2052.0,False,276029,1362.0,79.0
7823,UC79hJz6y1EEiIkwfHOuWC4w,김시선,7CT36r7OlrE,하지원 USB 녹음이 유출되면 안되는 이유,2026-04-01T22:00:06Z,127.0,False,64974,507.0,1.0
7823,UC79hJz6y1EEiIkwfHOuWC4w,김시선,SAtyHXNwBHE,와.. 극한직업ㅋ 농촌 접수하러 온 박성웅 실화냐?! 99% 불가능에 도전하는 대기업 직원이 대한민국 최고의 배추를 만들기 위한 생존 게임에 나서면서 벌어지는 농촌 코미디 액션ㄷㄷ,2026-04-04T01:00:31Z,1581.0,False,1238703,5370.0,402.0
7823,UC79hJz6y1EEiIkwfHOuWC4w,김시선,3Mc-vl5xNF0,《신세계2》박성웅이 농촌 접수 ㄷㄷ,2026-04-08T07:30:03Z,175.0,False,24328,148.0,3.0
7823,UC79hJz6y1EEiIkwfHOuWC4w,김시선,1mD9HpfmBdI,아이돌 가수랑 사귀는 방법,2026-04-09T08:00:02Z,64.0,False,86872,256.0,5.0
7823,UC79hJz6y1EEiIkwfHOuWC4w,김시선,7BbOJwv18_Y,《극한직업2》 쌈짱 박성웅 떴따 ㅋㅋㅋ,2026-04-10T08:18:50Z,132.0,False,52751,463.0,4.0
7823,UC79hJz6y1EEiIkwfHOuWC4w,김시선,MhKVFWddELA,2조를 번 영화 ㄷㄷ,2026-04-11T09:09:25Z,96.0,False,52012,298.0,9.0
7823,UC79hJz6y1EEiIkwfHOuWC4w,김시선,D2R_YRxVaT8,40분 순삭 ≪21세기 대군부인≫ 1-2화 몰아보기.. 왕이 실존하는 대한민국.. 소재 개존잼ㄷㄷ 현대판 수양대군 '변우석'과 재벌 후계자 아이유가 결혼하면서 벌어지는 1위 작품,2026-04-12T01:00:22Z,2410.0,False,768504,6255.0,810.0
7823,UC79hJz6y1EEiIkwfHOuWC4w,김시선,AJHIaXbkmWk,전설의 몬스터가 떴따..!,2026-04-13T08:00:24Z,106.0,False,25242,313.0,4.0
7823,UC79hJz6y1EEiIkwfHOuWC4w,김시선,plIZHESMUVg,진짜 나온다고..? 요시!,2026-04-14T09:53:36Z,123.0,False,31707,401.0,4.0
7823,UC79hJz6y1EEiIkwfHOuWC4w,김시선,WMkPlAszFQk,와.. 《파묘》 《자백의 대가》  김고은의 연기 세포 하나 하나가 살아나서 극I + 극T 남자와 정면 대결을 해버리는 ≪유미의 세포들 3≫ 108가지 연기가 가능하다고?!,2026-04-15T03:00:37Z,1311.0,False,128777,804.0,41.0
7823,UC79hJz6y1EEiIkwfHOuWC4w,김시선,6LuTPNNkOLw,"와.. 연기 개미침 ≪살인의 추억≫에서 다 하지 못한 소름끼치는 이야기, 한국 범죄 역사상 가장 미스터리했던 사건을 그것이 알고싶다 PD님이 파고든 연기까지 미친 드라마≪허수아비≫",2026-04-17T08:00:07Z,2065.0,False,572953,2982.0,231.0
7823,UC79hJz6y1EEiIkwfHOuWC4w,김시선,uB044iKv5SY,"와.. 클럽 룸에서 연예인을 만난다고? 개미쳤다.. 이 전설의 영화가 드디어 개봉한다고? 크리스탈, 정우, 신승호, 현봉식 다 떴따",2026-04-18T01:00:56Z,1066.0,False,446964,1976.0,228.0
7823,UC79hJz6y1EEiIkwfHOuWC4w,김시선,Hnkd-uUSK3E,와.. 극한직업ㅋ 회사에서 생존하기 위해 무엇이든 하는 가장 박성웅이 99% 불가능한 미션을 수행하며 농촌 생존 게임에 나서는 초절정 농촌 코미디 액션 ㄷㄷ,2026-04-18T08:00:28Z,1723.0,False,136389,767.0,20.0
7823,UC79hJz6y1EEiIkwfHOuWC4w,김시선,gYgBJOw0KnE,"와.. 진상 여고생 참교육.. 아이유, 변우석 ≪21세기 대군부인≫ 3~4화 떴따 ! 시청률 9% 찍으면서 글로벌 작품 1위 찍으려고 K-왕실의 역사물 재미와 얼굴 완성 눈호강",2026-04-19T01:00:41Z,2394.0,False,677151,4973.0,265.0
7823,UC79hJz6y1EEiIkwfHOuWC4w,김시선,7t0621MKH-c,바람2 짱구 떴다!,2026-04-20T05:46:19Z,145.0,False,104843,772.0,21.0
7823,UC79hJz6y1EEiIkwfHOuWC4w,김시선,nMRfFcYNO8Y,토킹바 에이스를 상대하는 요트남 VS 짱구,2026-04-21T08:00:49Z,126.0,False,24095,210.0,8.0
7823,UC79hJz6y1EEiIkwfHOuWC4w,김시선,cJAaKOGhoDo,슈퍼 마리오 갤럭시 🚀 아이맥스 관람 후기 ㄷㄷ,2026-04-22T08:00:43Z,148.0,False,16682,92.0,5.0
7823,UC79hJz6y1EEiIkwfHOuWC4w,김시선,y_RAzwudQCc,당장 슈퍼 마리오 갤럭시 보러가야한다구?!,2026-04-23T12:15:06Z,112.0,False,12100,67.0,4.0
7823,UC79hJz6y1EEiIkwfHOuWC4w,김시선,vX0OnAHaTeE,"와.. 포르쉐 끌고 온 몸매+얼굴+성격까지 완벽한 톱쇼호스트 '채원빈'이, 농촌에서 비밀스러운 꽃을 키우는 농부 '안효섭'과 맞짱을 뜨는 농촌 생존기 ≪오늘도 매진했습니다≫",2026-04-24T08:01:04Z,2019.0,False,655201,3162.0,271.0
7823,UC79hJz6y1EEiIkwfHOuWC4w,김시선,Yfo2lSrMqmw,초예쁜 톱쇼호스트 VS 초잘생김 농부의 대결 ㄷㄷ #채원빈 #안효섭,2026-04-25T04:02:07Z,105.0,False,90698,925.0,63.0
7823,UC79hJz6y1EEiIkwfHOuWC4w,김시선,ys3Y5m6eqws,"와.. 회사내 뜨밤, 주차장 뜨밤 ㄷㄷ 별의별 풍기문란 분륜 사건이 다 터지는 회사에 돌아온, 초카리스마 감사 실장 '신혜선'이 잘생긴 남직원 공명을 데리고 ≪은밀한 감사≫1-2화",2026-04-27T08:00:58Z,1430.0,False,777636,3502.0,144.0
7823,UC79hJz6y1EEiIkwfHOuWC4w,김시선,lhUcpdBdFhQ,"와.. ≪살인의 추억≫ 드라마판 떴따.. 한국 범죄 역사상 가장 미스터리했던 사건! 30여년만에 잡힌 연쇄살인마ㄷㄷ ≪허수아비≫ 이희준, 박해수 연기 대결 미쳤다..! 드라마 추천",2026-04-30T08:00:50Z,2340.0,False,801093,3475.0,235.0
7823,UC79hJz6y1EEiIkwfHOuWC4w,김시선,8u1hL1w0cMo,와.. 올해 가장 충격적인 드라마ㅋㅋ 몸매+얼굴+연봉 10억 완벽 그자체인 그녀가 웃기기 시작하면 이길 자가 없다! 비밀 농장에 잠입한 채원빈 vs 안효섭 ≪오늘도 매진했습니다≫,2026-05-01T01:00:07Z,2154.0,False,581235,3005.0,192.0
7823,UC79hJz6y1EEiIkwfHOuWC4w,김시선,3M4hDVo-q5s,"와.. 제작비만 1500억, 전세계 글로벌 1위 게임을 9999% 싱크로율해버린, 보는 내내 눈을 깜빡일 수 없는 슈퍼 액션이 이어지는 역대급 신작 ≪슈퍼 마리오 갤럭시≫",2026-05-02T01:00:03Z,570.0,False,32759,228.0,26.0
7823,UC79hJz6y1EEiIkwfHOuWC4w,김시선,f1VQjeYP52s,와.. 부하 여직원을 모텔에 부른 AI 갑질 대표 ㄷ 못된 직원들 찾아내는 명탐정 '신혜선' 배우의 연기 미침ㅋ 풍기문란한 사건이 터지는 회사에서 벌어진 일≪은밀한 감사≫ 3-4화,2026-05-04T08:00:43Z,1685.0,False,584060,2132.0,79.0
7823,UC79hJz6y1EEiIkwfHOuWC4w,김시선,WuW8V7US-0o,모델이 된 신혜선의 속사정,2026-05-05T09:36:22Z,118.0,False,18764,231.0,2.0
7823,UC79hJz6y1EEiIkwfHOuWC4w,김시선,FKetrTm8KuA,2만원 빌려달라는 아빠의 정체,2026-05-06T08:00:13Z,172.0,False,31091,302.0,10.0
7823,UC79hJz6y1EEiIkwfHOuWC4w,김시선,Uw2TZLCG0PE,"와.. 쌈짱 최강 악녀 VS 재벌 악마..ㅋ맞짱을 뜨는 역대급 소재 떴따! 글로벌 팬들마저 임지연, 300년만 깨어난 조선 악녀가 사극 촬영장을 초토화시키면서 등장 ≪멋진 신세계≫",2026-05-10T01:00:35Z,2278.0,False,710309,5084.0,499.0
7823,UC79hJz6y1EEiIkwfHOuWC4w,김시선,-hwpLeyjjgc,와... 나홍진 ≪호프 ≫ 첫 공식 클립 UFO 의문점 총정리,2026-05-10T16:44:39Z,626.0,False,107416,1213.0,237.0
7823,UC79hJz6y1EEiIkwfHOuWC4w,김시선,Xp5BOv8OC5I,"와... 톱스타랑 뜨밤보내는 재벌 유부녀, 플러팅으로 사기치는 못된 직원 찾아내는 '신혜선' 배우의 연기 미침ㅋ 풍기문란한 사건이 터지는 회사에서 벌어진 일≪은밀한 감사≫ 5-6화",2026-05-11T08:00:34Z,1650.0,False,304806,1513.0,48.0
7823,UC79hJz6y1EEiIkwfHOuWC4w,김시선,-isGULS5WK8,"≪취사병 전설이 되다≫ 1~2화 몰아보기 🔥 박지훈, 윤경호 다 미치게 웃겨버린다 ㅋㅋ 요리왕 비룡 군대 실사판! 천재 이등병이 취등병이 만렙 찍어야 하는 미친 드라마",2026-05-12T13:00:02Z,1868.0,False,565345,4416.0,353.0
7823,UC79hJz6y1EEiIkwfHOuWC4w,김시선,9VDUF3iHZhs,세상에서 가장 미스터리한 공간 1위,2026-05-14T08:00:06Z,116.0,False,40535,169.0,10.0
7824,UCsxbX6QnOLal_qzzMK9AR9g,MBN MUSIC,DYGmoY036dc,이창민 - 빈 지게｜무명전설 12회,2026-05-13T15:33:00Z,282.0,False,150037,4256.0,941.0
7824,UCsxbX6QnOLal_qzzMK9AR9g,MBN MUSIC,_xho5Ind_Fs,정연호 - 한 많은 대동강｜무명전설 12회,2026-05-13T15:34:01Z,276.0,False,124548,4001.0,857.0
7824,UCsxbX6QnOLal_qzzMK9AR9g,MBN MUSIC,Vjk9wL0cWvw,하루 - 백년의 약속｜무명전설 12회,2026-05-13T15:35:00Z,287.0,False,297650,5352.0,1071.0
7824,UCsxbX6QnOLal_qzzMK9AR9g,MBN MUSIC,ZTRRD2KtjDA,장한별 - 그대 내 친구여｜무명전설 12회,2026-05-13T15:36:00Z,256.0,False,256505,8275.0,3622.0
7824,UCsxbX6QnOLal_qzzMK9AR9g,MBN MUSIC,E2zG9FhWzZM,황윤성 - 빈손｜무명전설 12회,2026-05-13T15:37:00Z,215.0,False,107574,3786.0,471.0
7824,UCsxbX6QnOLal_qzzMK9AR9g,MBN MUSIC,Ob8agFCbIdg,이루네 - 칠갑산｜무명전설 12회,2026-05-13T15:38:00Z,244.0,False,106471,2586.0,565.0
7824,UCsxbX6QnOLal_qzzMK9AR9g,MBN MUSIC,gRDsZp1uSiE,성리 - 애가｜무명전설 12회,2026-05-13T15:39:00Z,321.0,False,636911,20101.0,5326.0
7824,UCsxbX6QnOLal_qzzMK9AR9g,MBN MUSIC,MzJ0aJ9RwcE,"[스페셜] ""고생했던 엄마가 떠올라서.."" 1대 전설 성리의 소감 #무명전설",2026-05-13T23:20:56Z,835.0,False,99021,3135.0,648.0
7824,UCsxbX6QnOLal_qzzMK9AR9g,MBN MUSIC,RKK0WCRDcGE,강문경 - 눈 뜨고 있는 한｜무명전설 12회,2026-05-13T23:34:48Z,177.0,False,107274,2619.0,707.0
7824,UCsxbX6QnOLal_qzzMK9AR9g,MBN MUSIC,7aaGHhBGsIA,신유 - 나쁜 남자｜무명전설 12회,2026-05-13T23:34:49Z,175.0,False,44435,702.0,113.0
7824,UCsxbX6QnOLal_qzzMK9AR9g,MBN MUSIC,k2rHM5Ky_GM,신유X손태진X강문경 - 마음이 고와야지｜무명전설 12회,2026-05-13T23:34:51Z,112.0,False,81549,1770.0,207.0
7824,UCsxbX6QnOLal_qzzMK9AR9g,MBN MUSIC,n8utk64I5rE,손태진 - 잃어버린 우산｜무명전설 12회,2026-05-13T23:34:55Z,168.0,False,52840,2275.0,193.0
7824,UCsxbX6QnOLal_qzzMK9AR9g,MBN MUSIC,TCaddqdOmCA,[스페셜] 발음 대박;; 얼마나 더 성공하고 싶은지 감도 안 오는 홍지윤의 JP 무대 모음 #2026한일가왕전,2026-05-14T00:00:33Z,526.0,False,25717,549.0,76.0
7824,UCsxbX6QnOLal_qzzMK9AR9g,MBN MUSIC,fNmWUwVchiA,광주의 아들 이대환이 왔습니다 #무명전설,2026-05-14T04:31:22Z,57.0,True,7542,129.0,9.0
7824,UCsxbX6QnOLal_qzzMK9AR9g,MBN MUSIC,GkGiA6hz9p0,이대환 학폭에 대해 입을 뗀 부모님 #무명전설,2026-05-14T04:33:05Z,83.0,False,6729,80.0,3.0
7824,UCsxbX6QnOLal_qzzMK9AR9g,MBN MUSIC,pEGib2gCzNc,노래 부르다 우는 아들 달래주는 엄마 #무명전설,2026-05-14T04:33:41Z,57.0,True,7102,77.0,1.0
7824,UCsxbX6QnOLal_qzzMK9AR9g,MBN MUSIC,sL7zv3yq9Cw,엄마 식당에서 벌어진 팬미팅 ㄷㄷ #무명전설,2026-05-14T04:33:59Z,75.0,False,6517,37.0,0.0
7824,UCsxbX6QnOLal_qzzMK9AR9g,MBN MUSIC,gpKmTKw74Xw,엄마의 힘듦을 알고 있었던 태웅이 #무명전설,2026-05-14T04:36:18Z,100.0,False,38262,246.0,5.0
7824,UCsxbX6QnOLal_qzzMK9AR9g,MBN MUSIC,bniJtpZ3Gd8,박민수 홍보 도와주는 불트맨 TOP7 #무명전설,2026-05-14T04:36:30Z,53.0,True,10779,201.0,10.0
7824,UCsxbX6QnOLal_qzzMK9AR9g,MBN MUSIC,tiDVP_XO9Gc,박민수의 순탄치 못했던 홀로서기 #무명전설,2026-05-14T04:36:44Z,46.0,True,12535,190.0,6.0
7824,UCsxbX6QnOLal_qzzMK9AR9g,MBN MUSIC,uNbD_y2Xabk,무명도 아니고 유명하지도 않았던 나 #무명전설,2026-05-14T04:39:42Z,77.0,False,25528,625.0,30.0
7824,UCsxbX6QnOLal_qzzMK9AR9g,MBN MUSIC,TZjAG3wy9zc,박민수가 가족보고 오열한 이유 #무명전설,2026-05-14T04:39:44Z,59.0,True,45680,757.0,47.0
7824,UCsxbX6QnOLal_qzzMK9AR9g,MBN MUSIC,S3diFLmCWlM,트로트 1000곡 외워 가란 말에 이창민 #무명전설,2026-05-14T04:39:46Z,63.0,False,21989,119.0,5.0
7824,UCsxbX6QnOLal_qzzMK9AR9g,MBN MUSIC,AovPxHRMNug,외할머니 외할아버지랑 셋이 살았어요 #무명전설,2026-05-14T04:39:48Z,44.0,True,152373,2139.0,27.0
7824,UCsxbX6QnOLal_qzzMK9AR9g,MBN MUSIC,x0N9faFGVA4,아버지와 함께 있는데 어색한 정연호 #무명전설,2026-05-14T04:39:53Z,57.0,True,2396,56.0,1.0
7824,UCsxbX6QnOLal_qzzMK9AR9g,MBN MUSIC,dGvlTAVJQLw,정연호에 용서를 구하는 아버지 #무명전설,2026-05-14T04:39:55Z,84.0,False,5477,145.0,8.0
7824,UCsxbX6QnOLal_qzzMK9AR9g,MBN MUSIC,GCJDH8ybMtE,조용히 응원했던 아빠를 생각하며 오열하는 정연호 #무명전설,2026-05-14T04:44:11Z,78.0,False,4242,133.0,4.0
7824,UCsxbX6QnOLal_qzzMK9AR9g,MBN MUSIC,8v-AMp7NoQk,원래는 흙이었는데 풀이 자랐다 #무명전설,2026-05-14T04:58:48Z,87.0,False,5104,207.0,15.0
7824,UCsxbX6QnOLal_qzzMK9AR9g,MBN MUSIC,z1Nw6dBeFYg,엄마의 임종을 지키며 하루가 마지막으로 한 말 #무명전설,2026-05-14T04:58:51Z,86.0,False,91451,1992.0,89.0
7824,UCsxbX6QnOLal_qzzMK9AR9g,MBN MUSIC,JDbZzs-9AaA,하루가 금방 깨버린 꿈 #무명전설,2026-05-14T04:58:55Z,105.0,False,1747,67.0,4.0
7824,UCsxbX6QnOLal_qzzMK9AR9g,MBN MUSIC,5z_lzMrFbWs,치대를 포기한 장한별을 말렸던 부모님 #무명전설,2026-05-14T04:59:45Z,84.0,False,34520,1300.0,31.0
7824,UCsxbX6QnOLal_qzzMK9AR9g,MBN MUSIC,SvvjtmnOBeU,오열하는 엄마에 덩달아 우는 장한별 #무명전설,2026-05-14T04:59:46Z,120.0,False,71554,2034.0,93.0
7824,UCsxbX6QnOLal_qzzMK9AR9g,MBN MUSIC,WVJnUDqIrAQ,로미오 황윤성의 현실 #무명전설,2026-05-14T04:59:53Z,77.0,False,3082,83.0,2.0
7824,UCsxbX6QnOLal_qzzMK9AR9g,MBN MUSIC,sY5JdcAqfRw,우리의 메인보컬이었어 자신감을 가져 #무명전설,2026-05-14T04:59:56Z,89.0,False,13660,135.0,4.0
7824,UCsxbX6QnOLal_qzzMK9AR9g,MBN MUSIC,9u8fWdhkTVc,이루네와 판박이인 누님 ㅋㅋㅋ #무명전설,2026-05-14T05:00:01Z,59.0,True,259045,4169.0,78.0
7824,UCsxbX6QnOLal_qzzMK9AR9g,MBN MUSIC,l0luRMETXng,엄마에게 하나 밖에 없는 막둥이 아가 이루네 #무명전설,2026-05-14T05:00:05Z,82.0,False,157508,2546.0,89.0
7824,UCsxbX6QnOLal_qzzMK9AR9g,MBN MUSIC,LOgt3OwaYIA,이루네가 엄마에게 직접 불러주는 칠갑산 #무명전설,2026-05-14T05:00:07Z,77.0,False,167618,2980.0,84.0
7824,UCsxbX6QnOLal_qzzMK9AR9g,MBN MUSIC,K0PmPHhIiBQ,어렸을 땐 몰랐는데 이해하게 됐어 #무명전설,2026-05-14T05:00:18Z,93.0,False,22703,721.0,48.0
7824,UCsxbX6QnOLal_qzzMK9AR9g,MBN MUSIC,HSQeQd-az0Y,[스페셜] 고화질로 다시 보는 무명전설 12회 무대 모음,2026-05-14T08:56:15Z,2739.0,False,163407,3452.0,493.0
7824,UCsxbX6QnOLal_qzzMK9AR9g,MBN MUSIC,EtkhxSyMu-Q,[무명전설 전 회차 모음집] 이루네,2026-05-15T06:39:45Z,864.0,False,18357,757.0,90.0
7824,UCsxbX6QnOLal_qzzMK9AR9g,MBN MUSIC,io80N1T1slw,[무명전설 전 회차 모음집] 이창민,2026-05-15T06:39:58Z,1320.0,False,13413,883.0,157.0
7824,UCsxbX6QnOLal_qzzMK9AR9g,MBN MUSIC,4ch00_apJqc,[무명전설 전 회차 모음집] 정연호,2026-05-15T06:40:07Z,1329.0,False,20672,1138.0,229.0
7824,UCsxbX6QnOLal_qzzMK9AR9g,MBN MUSIC,PIileHfM0Lc,[무명전설 전 회차 모음집] 황윤성,2026-05-15T06:40:15Z,838.0,False,8363,500.0,61.0
7824,UCsxbX6QnOLal_qzzMK9AR9g,MBN MUSIC,WskKd0w9pSE,[무명전설 전 회차 모음집] 장한별,2026-05-15T06:40:28Z,1243.0,False,36123,3007.0,799.0
7824,UCsxbX6QnOLal_qzzMK9AR9g,MBN MUSIC,4mLNIoGQYeo,[무명전설 전 회차 모음집] 하루,2026-05-15T06:40:32Z,1394.0,False,14234,964.0,137.0
7824,UCsxbX6QnOLal_qzzMK9AR9g,MBN MUSIC,RYFpb1BhN7U,[무명전설 전 회차 모음집] 성리,2026-05-15T06:40:38Z,1251.0,False,77784,5033.0,786.0
7824,UCsxbX6QnOLal_qzzMK9AR9g,MBN MUSIC,8CWmdAjIu24,[1시간][1時間繰り返し] 이수연(イスヨン) - 별아 별아(星よ星よ),2026-05-15T07:45:56Z,3818.0,False,4892,234.0,25.0
7824,UCsxbX6QnOLal_qzzMK9AR9g,MBN MUSIC,1FwFdmVYWHg,무엇이든 물어보세요 [하루 편🫅] #무명전설,2026-05-15T08:33:57Z,167.0,False,29828,428.0,30.0
7824,UCsxbX6QnOLal_qzzMK9AR9g,MBN MUSIC,EE29TYPoNkU,[1시간][1時間繰り返し] 아라카와카렌(荒川夏蓮) - J에게(Jへ),2026-05-15T09:13:02Z,3728.0,False,2841,111.0,5.0
7824,UCsxbX6QnOLal_qzzMK9AR9g,MBN MUSIC,0G7yu8UUkis,[1회 예고] 무명전설 TOP10의 무한 매력 보고 싶은 사람? 다음 주 수요일 놓치지 마세요💖 #무명전설디너쇼,2026-05-15T11:13:49Z,61.0,False,14211,753.0,453.0
7825,UCaxbXRPhdHPXjM-e-F00LVA,띱 Deep,UMZM7pYtpBg,안경 쓰는 사람들 공감,2025-12-04T09:00:52Z,38.0,True,1804933,27040.0,588.0
7825,UCaxbXRPhdHPXjM-e-F00LVA,띱 Deep,ZfY-NCTRxAM,이거 나 좋아하는 거 맞지?,2025-12-06T03:00:44Z,481.0,False,3277243,35241.0,1849.0
7825,UCaxbXRPhdHPXjM-e-F00LVA,띱 Deep,k_rklV1h5Wo,좀비영화 특,2025-12-11T09:01:20Z,78.0,False,868808,16287.0,304.0
7825,UCaxbXRPhdHPXjM-e-F00LVA,띱 Deep,AHFtJMpinSY,연말 모임 지옥,2025-12-13T03:00:00Z,345.0,False,1619174,21485.0,897.0
7825,UCaxbXRPhdHPXjM-e-F00LVA,띱 Deep,bldAeceBzn0,전 애인 생각날 때,2025-12-18T09:00:00Z,55.0,True,1798868,25397.0,171.0
7825,UCaxbXRPhdHPXjM-e-F00LVA,띱 Deep,9wN0G_Ql0Do,나 할 얘기 진짜 많아,2025-12-20T03:00:13Z,481.0,False,1898279,22572.0,1014.0
7825,UCaxbXRPhdHPXjM-e-F00LVA,띱 Deep,yMi7FkGHJz8,영화 이름 내기,2025-12-25T09:01:35Z,38.0,True,1627639,24954.0,219.0
7825,UCaxbXRPhdHPXjM-e-F00LVA,띱 Deep,4uH78GG2FvE,남녀의 속마음,2025-12-27T03:00:10Z,361.0,False,3104198,47131.0,1773.0
7825,UCaxbXRPhdHPXjM-e-F00LVA,띱 Deep,cho9TqgMu4k,2026 새해인사,2026-01-01T09:01:02Z,97.0,False,454646,11946.0,448.0
7825,UCaxbXRPhdHPXjM-e-F00LVA,띱 Deep,HpfHTlE5JEM,티 안 나게 물어보는 방법,2026-01-03T03:00:33Z,301.0,False,2363802,33802.0,2595.0
7825,UCaxbXRPhdHPXjM-e-F00LVA,띱 Deep,ADGrKVIj70Q,헤어지고 슬픈 노래 들을 때,2026-01-08T09:00:15Z,118.0,False,552214,11262.0,292.0
7825,UCaxbXRPhdHPXjM-e-F00LVA,띱 Deep,1xJ_sRUXG74,살아남는 방법,2026-01-10T03:00:02Z,268.0,False,1387685,24906.0,1450.0
7825,UCaxbXRPhdHPXjM-e-F00LVA,띱 Deep,VQ6e4hrWwJw,ASMR 먹방 꿈나무 여동생,2026-01-15T09:00:52Z,138.0,False,927637,23486.0,387.0
7825,UCaxbXRPhdHPXjM-e-F00LVA,띱 Deep,5GWvw0PCAaY,왜 내 앞에서만 이럴까,2026-01-17T03:00:00Z,301.0,False,2914527,47217.0,1795.0
7825,UCaxbXRPhdHPXjM-e-F00LVA,띱 Deep,rx1XnI3T8jQ,스포일러 하는 친구,2026-01-22T09:00:00Z,73.0,False,1525789,18613.0,238.0
7825,UCaxbXRPhdHPXjM-e-F00LVA,띱 Deep,nSqNLM5orPo,벌써 세 시간 째,2026-01-24T03:00:00Z,501.0,False,1471467,19024.0,976.0
7825,UCaxbXRPhdHPXjM-e-F00LVA,띱 Deep,9WFarJTAOAA,밈 잘 모르는 친구,2026-01-29T09:00:00Z,46.0,True,2279446,33453.0,497.0
7825,UCaxbXRPhdHPXjM-e-F00LVA,띱 Deep,gRO1KGM_TJo,상상과 현실,2026-01-31T03:00:00Z,420.0,False,2207044,39553.0,1936.0
7825,UCaxbXRPhdHPXjM-e-F00LVA,띱 Deep,o0SX2j0tewc,비하인드 & NG모음,2026-02-05T09:00:00Z,84.0,False,354495,9121.0,86.0
7825,UCaxbXRPhdHPXjM-e-F00LVA,띱 Deep,c3nGwPXUkXI,친구 자취방,2026-02-07T03:00:00Z,420.0,False,1671942,20347.0,1918.0
7825,UCaxbXRPhdHPXjM-e-F00LVA,띱 Deep,tokmVJODbt4,폰에 깔린 이상한 어플,2026-02-12T09:00:00Z,68.0,False,1315592,25281.0,1006.0
7825,UCaxbXRPhdHPXjM-e-F00LVA,띱 Deep,_GUayElYb7I,인간 양파실험,2026-02-14T03:00:00Z,540.0,False,1351430,21326.0,952.0
7825,UCaxbXRPhdHPXjM-e-F00LVA,띱 Deep,0g6xJu2bY2U,친구 몰아보기3,2026-02-15T03:00:00Z,3971.0,False,968541,5869.0,304.0
7825,UCaxbXRPhdHPXjM-e-F00LVA,띱 Deep,Yb-WQl4U-jg,D-day,2026-02-21T03:00:00Z,1620.0,False,618239,9951.0,614.0
7825,UCaxbXRPhdHPXjM-e-F00LVA,띱 Deep,NPhydojCO7g,개강 앞둔 신입생들 특,2026-02-26T09:00:00Z,57.0,True,1788343,30998.0,286.0
7825,UCaxbXRPhdHPXjM-e-F00LVA,띱 Deep,Xm-eCO8vd0w,대학가서 연애하는 방법,2026-02-28T03:00:00Z,532.0,False,1547341,19294.0,1568.0
7825,UCaxbXRPhdHPXjM-e-F00LVA,띱 Deep,NvK7obvV0NM,불편한진실,2026-03-05T09:00:00Z,72.0,False,814595,14857.0,363.0
7825,UCaxbXRPhdHPXjM-e-F00LVA,띱 Deep,bwxhjyjERZY,몸이 예전같지 않다,2026-03-07T03:00:00Z,360.0,False,1670311,19253.0,1617.0
7825,UCaxbXRPhdHPXjM-e-F00LVA,띱 Deep,0uBstsyN7-E,PC방 같이 간 비흡연자 친구,2026-03-12T09:00:00Z,39.0,True,354683,4998.0,114.0
7825,UCaxbXRPhdHPXjM-e-F00LVA,띱 Deep,d_Juz2r9t8k,나한테 왜 이럴까,2026-03-14T03:00:00Z,420.0,False,1599186,19510.0,847.0
7825,UCaxbXRPhdHPXjM-e-F00LVA,띱 Deep,IlQJD9Vg7OE,친구집 놀러갔을 때 특,2026-03-19T09:00:00Z,97.0,False,966083,16961.0,220.0
7825,UCaxbXRPhdHPXjM-e-F00LVA,띱 Deep,_N-nVTle8Ew,여자친구가 '만약에' 물어보는 심리,2026-03-20T09:00:00Z,3118.0,False,899286,13417.0,1164.0
7825,UCaxbXRPhdHPXjM-e-F00LVA,띱 Deep,962VDZKzA74,그게 무슨 말이야...?,2026-03-21T03:00:00Z,340.0,False,1814363,39763.0,3298.0
7825,UCaxbXRPhdHPXjM-e-F00LVA,띱 Deep,E7pgenS6v2o,역대급 NG 모음,2026-03-26T09:00:00Z,176.0,False,1548358,51113.0,754.0
7825,UCaxbXRPhdHPXjM-e-F00LVA,띱 Deep,k6PHaloobRs,안경 어디갔지?,2026-03-28T03:00:00Z,480.0,False,1569664,27561.0,1892.0
7825,UCaxbXRPhdHPXjM-e-F00LVA,띱 Deep,umIiZT65Snw,남자들이 낯 간지러워하는 순간,2026-04-02T09:00:00Z,52.0,True,4164245,61078.0,748.0
7825,UCaxbXRPhdHPXjM-e-F00LVA,띱 Deep,19Mc8l5O3Ro,아는 사람 이름 까먹었을 때 대처법,2026-04-03T09:00:00Z,3659.0,False,395391,5081.0,361.0
7825,UCaxbXRPhdHPXjM-e-F00LVA,띱 Deep,p3i7j7fD9KI,온도차,2026-04-04T03:00:00Z,442.0,False,1681024,20587.0,808.0
7825,UCaxbXRPhdHPXjM-e-F00LVA,띱 Deep,8PNMQMSltDs,남자끼리 노잼여행,2026-04-09T09:00:00Z,46.0,True,1240881,22205.0,250.0
7825,UCaxbXRPhdHPXjM-e-F00LVA,띱 Deep,_CPPm9Mq7PA,대학교 MT,2026-04-11T03:00:00Z,480.0,False,1315263,15867.0,696.0
7825,UCaxbXRPhdHPXjM-e-F00LVA,띱 Deep,SUgHcQW9EJQ,남 핸드폰 몰래 보고 싶을 때,2026-04-16T09:00:00Z,95.0,False,879515,14845.0,237.0
7825,UCaxbXRPhdHPXjM-e-F00LVA,띱 Deep,z8lTywIaC1I,커플일까 친구일까,2026-04-18T03:00:00Z,336.0,False,1434936,25582.0,1975.0
7825,UCaxbXRPhdHPXjM-e-F00LVA,띱 Deep,6auEsQRHeBQ,핸드폰만 보는 남자,2026-04-23T09:00:00Z,36.0,True,719749,12537.0,282.0
7825,UCaxbXRPhdHPXjM-e-F00LVA,띱 Deep,1u0icfmhfh8,연애의 온탕과 냉탕,2026-04-24T09:00:00Z,3384.0,False,389375,5163.0,386.0
7825,UCaxbXRPhdHPXjM-e-F00LVA,띱 Deep,85lhwnyxmf4,블루베리 스무디 해봐,2026-04-25T03:00:00Z,417.0,False,1581609,21772.0,1975.0
7825,UCaxbXRPhdHPXjM-e-F00LVA,띱 Deep,AOVpaZBV8bc,해외여행 처음 가는 친구,2026-04-30T09:00:00Z,110.0,False,964096,14339.0,189.0
7825,UCaxbXRPhdHPXjM-e-F00LVA,띱 Deep,GyOocRyPfu0,시골쥐들의 서울 생존기,2026-05-08T08:30:00Z,3868.0,False,241562,3000.0,294.0
7825,UCaxbXRPhdHPXjM-e-F00LVA,띱 Deep,VjH4MKwfPyc,요플레뚜껑 핥을까?,2026-05-09T03:00:07Z,510.0,False,1183233,14529.0,837.0
7825,UCaxbXRPhdHPXjM-e-F00LVA,띱 Deep,hWtfY_POADY,주식 못하는 친구 특,2026-05-14T09:00:07Z,37.0,True,417677,5291.0,123.0
7825,UCaxbXRPhdHPXjM-e-F00LVA,띱 Deep,Cwg2Bs8FVGs,이해가 안 되네,2026-05-16T03:00:33Z,332.0,False,80192,2354.0,303.0
7826,UCyTQoMLiPfsRLHBJBtMXKYg,제이키아웃 JAYKEEOUT,8SkkLZXOkwc,밥 먹고 있는데 세븐틴 도겸x승관이 노래 부르면서 들어온다고?!,2026-02-13T14:44:05Z,19.0,True,82960,1445.0,20.0
7826,UCyTQoMLiPfsRLHBJBtMXKYg,제이키아웃 JAYKEEOUT,BZfVcZ5RiPA,관객직캠_한 여자만 조지는 정용화 | Fan-cam_Yonghwa locked in on one fan,2026-02-21T09:00:10Z,25.0,True,34700,542.0,8.0
7826,UCyTQoMLiPfsRLHBJBtMXKYg,제이키아웃 JAYKEEOUT,bNMi23gOtzQ,대한민국 떼창 교과서 | The gold standard of Korean sing-alongs,2026-02-21T09:01:00Z,33.0,True,52909,385.0,6.0
7826,UCyTQoMLiPfsRLHBJBtMXKYg,제이키아웃 JAYKEEOUT,mh003Gf7vDI,2026년판 게릴라콘서트 연 씨엔블루 | CNBLUE brings back guerrilla gig (2026 ed.),2026-02-21T09:01:08Z,23.0,True,15135,179.0,0.0
7826,UCyTQoMLiPfsRLHBJBtMXKYg,제이키아웃 JAYKEEOUT,7nFx54QYiS4,"술집에서 음원인 척하고 라이브하기 (ft. 박재정, 설윤) [백그라운드 라이브] | JAYKEEOUT",2026-02-22T11:00:15Z,1624.0,False,781286,19825.0,1624.0
7826,UCyTQoMLiPfsRLHBJBtMXKYg,제이키아웃 JAYKEEOUT,Ia4x5wb9VEc,조회수 잘 나오는 방법 | JAYKEEOUT,2026-02-22T11:00:23Z,18.0,True,73157,1610.0,72.0
7826,UCyTQoMLiPfsRLHBJBtMXKYg,제이키아웃 JAYKEEOUT,LFqZCwb7iLU,박재정X설윤 신곡 킬링 파트 | Parc Jae-Jung & Sullyoon’s new duet,2026-02-24T11:00:29Z,50.0,True,55853,1099.0,31.0
7826,UCyTQoMLiPfsRLHBJBtMXKYg,제이키아웃 JAYKEEOUT,lAPz3Q9lQT0,발라더 최초 엔딩 요정 ㅋㅋ | Ballad Ending Fairy?! 😂,2026-02-24T11:01:20Z,31.0,True,19415,241.0,11.0
7826,UCyTQoMLiPfsRLHBJBtMXKYg,제이키아웃 JAYKEEOUT,rjsdesdHC3c,"술집에서 깜짝 등장한 박재정, 설윤?! | Parc Jae-Jung & Sullyoon show up at a bar?!",2026-02-24T11:01:33Z,61.0,False,703358,3253.0,76.0
7826,UCyTQoMLiPfsRLHBJBtMXKYg,제이키아웃 JAYKEEOUT,JQppKYfAUmo,인터뷰 중에 갑자기 롤라&엔젤 등장 | Interview turns into a LOLA surprise,2026-02-25T00:53:13Z,59.0,True,1334686,12567.0,179.0
7826,UCyTQoMLiPfsRLHBJBtMXKYg,제이키아웃 JAYKEEOUT,cqUrgKLzPB8,롤라가 여기서 왜 나와..?(ft.켱롤라) | Why Is LOLA Here?!,2026-02-25T01:01:00Z,60.0,True,65563,594.0,23.0
7826,UCyTQoMLiPfsRLHBJBtMXKYg,제이키아웃 JAYKEEOUT,Y63tUrlRp5g,백화점에서 갑자기 '비틀쥬스' 공연 | 'Beetlejuice' takes over a department store?!,2026-02-25T01:04:31Z,58.0,True,102086,792.0,7.0
7826,UCyTQoMLiPfsRLHBJBtMXKYg,제이키아웃 JAYKEEOUT,B8AV3uT7LIs,“비틀쥬스”라고 세 번만 외쳐봐~ | Say “Beetlejuice” three times…,2026-02-25T01:11:09Z,60.0,True,4272917,36998.0,334.0
7826,UCyTQoMLiPfsRLHBJBtMXKYg,제이키아웃 JAYKEEOUT,W4IXty-3k_k,(D-1) [백그라운드 라이브:도겸X승관] 하이라이트 메들리 | (D-1) [Background Live:DxS] Highlight Medley,2026-03-04T09:00:44Z,37.0,True,84292,4871.0,53.0
7826,UCyTQoMLiPfsRLHBJBtMXKYg,제이키아웃 JAYKEEOUT,rQV9q8QAvUA,술집에서 음원인 척하고 라이브하기 (ft. 도겸X승관(세븐틴)) [백그라운드 라이브] | JAYKEEOUT,2026-03-05T09:00:05Z,1583.0,False,1256597,70502.0,2607.0
7826,UCyTQoMLiPfsRLHBJBtMXKYg,제이키아웃 JAYKEEOUT,aU01secG23E,인피니트 성규가 차에 타라고 한다면? [타고 있어요] | JAYKEEOUT,2026-03-11T09:00:04Z,1344.0,False,60525,2822.0,255.0
7826,UCyTQoMLiPfsRLHBJBtMXKYg,제이키아웃 JAYKEEOUT,tcru8Q5GcbY,음원인 척 라이브 사상 최다 애드립 | Most ad-libs EVER,2026-03-12T09:01:16Z,48.0,True,1867870,45903.0,58.0
7826,UCyTQoMLiPfsRLHBJBtMXKYg,제이키아웃 JAYKEEOUT,ei7lm9OeXYE,길 가다 에릭남 만나서 급 버스킹 열기 [길 가다 갑자기 만남] | JAYKEEOUT,2026-03-13T11:08:15Z,1365.0,False,117547,2540.0,139.0
7826,UCyTQoMLiPfsRLHBJBtMXKYg,제이키아웃 JAYKEEOUT,CqVs5W_8cL8,내향인은 절대 못 보는 영상 | An introvert’s worst nightmare,2026-03-14T09:00:27Z,27.0,True,40767,677.0,4.0
7826,UCyTQoMLiPfsRLHBJBtMXKYg,제이키아웃 JAYKEEOUT,ZZCKTGLCut0,통제 불가한 세븐틴 텐션 | SEVENTEEN’s uncontrollable energy,2026-03-15T09:00:57Z,39.0,True,32293,1010.0,6.0
7826,UCyTQoMLiPfsRLHBJBtMXKYg,제이키아웃 JAYKEEOUT,alGBzbhlJSI,[이어폰 필수] 도겸X승관 좌우 보컬 분리 라이브_[Headphones On] DxS L/R Vocal Split (Live),2026-03-16T09:00:04Z,60.0,True,110901,7701.0,75.0
7826,UCyTQoMLiPfsRLHBJBtMXKYg,제이키아웃 JAYKEEOUT,VjycqFF3wXQ,국힙 평정한 20대 소녀 | A 23 y.o girl takes over K-Hiphop,2026-03-18T09:00:44Z,54.0,True,23525,149.0,3.0
7826,UCyTQoMLiPfsRLHBJBtMXKYg,제이키아웃 JAYKEEOUT,Y0RrtkQwYeM,뮤덕이 평가하는 아이돌 출신 배우 | A musical fan reviews an Idol-turned-actor,2026-03-20T09:00:49Z,46.0,True,7095,50.0,1.0
7826,UCyTQoMLiPfsRLHBJBtMXKYg,제이키아웃 JAYKEEOUT,cWWPXtt2j_w,내향인 멘탈 붕괴 모먼트 TOP5 | TOP5 moments that broke an introvert,2026-03-23T09:01:00Z,49.0,True,37970,198.0,8.0
7826,UCyTQoMLiPfsRLHBJBtMXKYg,제이키아웃 JAYKEEOUT,Mdcc3rG58_E,남자 둘이 드라이브 하면 생기는 일 | When two guys go for a drive,2026-03-25T09:00:35Z,41.0,True,5545,41.0,1.0
7826,UCyTQoMLiPfsRLHBJBtMXKYg,제이키아웃 JAYKEEOUT,U2AlFAz7Dlw,스스로가 바보 같다는 아이돌 | An idol who calls himself dumb,2026-03-27T09:00:39Z,60.0,True,5952,38.0,0.0
7826,UCyTQoMLiPfsRLHBJBtMXKYg,제이키아웃 JAYKEEOUT,sImOU5o2y38,최애랑 인생네컷 찍은 썰 푼다 ㅋㅋ | I took photo booth pics with my bias!!,2026-03-30T09:00:50Z,59.0,True,9909,124.0,1.0
7826,UCyTQoMLiPfsRLHBJBtMXKYg,제이키아웃 JAYKEEOUT,JLmvfyJN-KE,미국판 데블스 플랜 씹어먹은 에릭남 | Eric Nam on The Traitors US?!,2026-04-01T09:00:58Z,20.0,True,21673,72.0,3.0
7826,UCyTQoMLiPfsRLHBJBtMXKYg,제이키아웃 JAYKEEOUT,QAziWdaRxSI,에릭남이 TV에서 안 보였던 이유 | Why Eric Nam wasn’t on TV for a while,2026-04-03T09:00:35Z,42.0,True,18071,121.0,7.0
7826,UCyTQoMLiPfsRLHBJBtMXKYg,제이키아웃 JAYKEEOUT,2TPgklpDsjs,???: 프랑스보다 한국이 빵 잘함 | ???: Korea makes better bread than France,2026-04-06T09:00:07Z,31.0,True,35010,250.0,35.0
7826,UCyTQoMLiPfsRLHBJBtMXKYg,제이키아웃 JAYKEEOUT,flhuDlSgJbk,공지 30분 만에 버스킹 연 에릭남 | Eric Nam throws a busking show in just 30 min,2026-04-08T09:01:02Z,57.0,True,18528,148.0,2.0
7826,UCyTQoMLiPfsRLHBJBtMXKYg,제이키아웃 JAYKEEOUT,h8I_UnFNj0w,에릭남 원래 이렇게 고음 잘함? | Eric Nam sounds so good live,2026-04-10T09:00:58Z,34.0,True,7373,89.0,0.0
7826,UCyTQoMLiPfsRLHBJBtMXKYg,제이키아웃 JAYKEEOUT,LWBbj9Q0tAM,우주소녀 다영이 차에 타라고 한다면? [타고 있어요] | JAYKEEOUT,2026-04-16T12:00:26Z,1328.0,False,70775,2687.0,85.0
7826,UCyTQoMLiPfsRLHBJBtMXKYg,제이키아웃 JAYKEEOUT,Jm2oFewFROc,"김남길: ""차에 타세요 당장"" [타고 있어요] | JAYKEEOUT",2026-04-22T09:00:35Z,1629.0,False,66344,2590.0,293.0
7826,UCyTQoMLiPfsRLHBJBtMXKYg,제이키아웃 JAYKEEOUT,ERvUVoA3ZI0,POV: 김남길한테 말 걸었을 때 | POV: When you talk to Kim Nam-gil,2026-04-22T10:00:32Z,17.0,True,24848,561.0,43.0
7826,UCyTQoMLiPfsRLHBJBtMXKYg,제이키아웃 JAYKEEOUT,TlSbIC7vP0U,우주소녀 다영 차에 탔다가 오열한 이유 | Why sho cried in WJSN DAYOUNG’s car,2026-04-24T09:00:48Z,46.0,True,68251,647.0,3.0
7826,UCyTQoMLiPfsRLHBJBtMXKYg,제이키아웃 JAYKEEOUT,Jhm4j0td03E,제이키아웃으로 대학로에 돌아온 뽀드윅 조정석?!,2026-04-24T15:20:47Z,14.0,True,36076,292.0,9.0
7826,UCyTQoMLiPfsRLHBJBtMXKYg,제이키아웃 JAYKEEOUT,vcuTDdwUOR8,이게 된다고? 다영 클래스 미쳤다… | DAYOUNG really did this? No way…,2026-04-25T09:01:12Z,52.0,True,32532,337.0,1.0
7826,UCyTQoMLiPfsRLHBJBtMXKYg,제이키아웃 JAYKEEOUT,J5W3ssldTI4,차 안 라이브인데 왜 이렇게 잘함 | Singing in a car shouldn’t sound this good,2026-04-26T09:00:32Z,48.0,True,7332,86.0,1.0
7826,UCyTQoMLiPfsRLHBJBtMXKYg,제이키아웃 JAYKEEOUT,SP7EBsQgaeQ,차에서 이 노래 부르니 분위기 미침 | Sang this in the car and the vibe flipped,2026-04-27T09:00:40Z,43.0,True,6730,67.0,0.0
7826,UCyTQoMLiPfsRLHBJBtMXKYg,제이키아웃 JAYKEEOUT,Ck_mfeTQDNw,손님들 몰래 옷 가게 직원을 전부 어린이로 바꾼다면? | JAYKEEOUT,2026-04-29T08:01:58Z,506.0,False,1190593,832.0,206.0
7826,UCyTQoMLiPfsRLHBJBtMXKYg,제이키아웃 JAYKEEOUT,JvLrPOgQ4OA,웬만한 어른보다 장사 잘하는 꼬마 | These kid staff are better at sales than most adults,2026-04-30T09:00:33Z,33.0,True,7658,57.0,6.0
7826,UCyTQoMLiPfsRLHBJBtMXKYg,제이키아웃 JAYKEEOUT,DJ7bByCmRZA,꼬마 직원들의 특별한 손님 맞이법 | You've never been greeted like this before,2026-05-01T09:00:16Z,34.0,True,4567,25.0,0.0
7826,UCyTQoMLiPfsRLHBJBtMXKYg,제이키아웃 JAYKEEOUT,ztfyCCSxEag,옷 사러 갔다가 펑펑 울고옴 | A clothing store with concept I've never seen before,2026-05-02T09:01:22Z,46.0,True,29613,146.0,10.0
7826,UCyTQoMLiPfsRLHBJBtMXKYg,제이키아웃 JAYKEEOUT,fzOASEOaG_8,옷만 갈아입었는데 축하받은 썰 푼다 | Wore this and everyone cheered?,2026-05-03T09:00:51Z,35.0,True,5817,53.0,1.0
7826,UCyTQoMLiPfsRLHBJBtMXKYg,제이키아웃 JAYKEEOUT,knvnXCI3L4M,옷 계산 하다가 우는 손님? | She started crying at the register...,2026-05-04T09:01:06Z,53.0,True,7358,86.0,1.0
7826,UCyTQoMLiPfsRLHBJBtMXKYg,제이키아웃 JAYKEEOUT,Ys1tE8rsnAE,묵언수행 중인 김남길 | “I’m on a vow of silence” 🤥,2026-05-05T09:00:47Z,46.0,True,9023,211.0,6.0
7826,UCyTQoMLiPfsRLHBJBtMXKYg,제이키아웃 JAYKEEOUT,rV_mDerPSwo,김남길 팬미팅의 최대 피해자 | The biggest victim of Kim Nam-gil’s fan meeting,2026-05-06T09:01:15Z,35.0,True,27110,281.0,11.0
7826,UCyTQoMLiPfsRLHBJBtMXKYg,제이키아웃 JAYKEEOUT,2trBkCcLXGY,애니 오프닝 감성 낭낭한 김남길 신곡 | Kim Nam-gil’s new song has major anime vibes,2026-05-07T09:00:04Z,28.0,True,8394,163.0,4.0
7826,UCyTQoMLiPfsRLHBJBtMXKYg,제이키아웃 JAYKEEOUT,49huqAYSYrE,술집에 깜짝 등장한 비(Rain)?!?!,2026-05-08T14:28:06Z,17.0,True,39655,351.0,28.0
7827,UCcNUpInQt1tI3JC_oTPQ20w,요리왕비룡 Korean Food Cooking,JR3q-dF_ZlU,"""역대급 5분 꼬치전"" 이 방법은 아무도 모릅니다",2026-02-13T03:15:03Z,303.0,False,91228,1387.0,127.0
7827,UCcNUpInQt1tI3JC_oTPQ20w,요리왕비룡 Korean Food Cooking,hauGeFm_bQc,"명절 이 영상 하나면 상차림 걱정 싹 사라집니다 ""동태전"" ""LA갈비"" ""떡국""",2026-02-14T03:15:02Z,994.0,False,20087,552.0,40.0
7827,UCcNUpInQt1tI3JC_oTPQ20w,요리왕비룡 Korean Food Cooking,Icvzln1pE58,명절 잡채 그동안 [어렵게] 만드신겁니다,2026-02-14T08:24:00Z,109.0,False,28381,388.0,8.0
7827,UCcNUpInQt1tI3JC_oTPQ20w,요리왕비룡 Korean Food Cooking,iOJNWG3FRN0,떡국 끓일 때 사골 육수 사지 마세요 돈 낭비입니다,2026-02-14T23:30:31Z,73.0,False,186975,1732.0,15.0
7827,UCcNUpInQt1tI3JC_oTPQ20w,요리왕비룡 Korean Food Cooking,n8Hx3LaQjBg,"꼬치전 부침가루도, 꼬치도 없이 9등분만 하세요",2026-02-15T08:00:57Z,65.0,False,21827,228.0,6.0
7827,UCcNUpInQt1tI3JC_oTPQ20w,요리왕비룡 Korean Food Cooking,GxNoxvlO0N0,잡채 따로 삶지 마세요. '팬' 하나로 라면보다 쉽게 만듭니다,2026-02-15T22:00:27Z,77.0,False,114631,661.0,9.0
7827,UCcNUpInQt1tI3JC_oTPQ20w,요리왕비룡 Korean Food Cooking,_cQLr4YE9_s,명절 도라지나물 준비하세요,2026-02-16T08:00:54Z,102.0,False,19768,258.0,8.0
7827,UCcNUpInQt1tI3JC_oTPQ20w,요리왕비룡 Korean Food Cooking,lpb-Bchn7pU,시금치 절대 흐물거리게 삶지 마세요! 식당 이모님이 알려준 '아삭함' 살리는 30초의 기적 #shorts,2026-02-16T21:30:08Z,69.0,False,19939,288.0,2.0
7827,UCcNUpInQt1tI3JC_oTPQ20w,요리왕비룡 Korean Food Cooking,o7pZ92gYoUs,배 깍두기 김치 이것 만큼이나 좋은 소화제는 없습니다,2026-02-18T03:15:04Z,180.0,False,19898,821.0,64.0
7827,UCcNUpInQt1tI3JC_oTPQ20w,요리왕비룡 Korean Food Cooking,UaiDtH2lia8,통조림햄 이렇게 드세요 순식간에 사라집니다,2026-02-19T03:15:03Z,297.0,False,42744,889.0,47.0
7827,UCcNUpInQt1tI3JC_oTPQ20w,요리왕비룡 Korean Food Cooking,XnsqSMKHuVA,"명절 선물받은 배, 천연소화제 만들어보세요",2026-02-20T03:15:06Z,52.0,True,15161,135.0,2.0
7827,UCcNUpInQt1tI3JC_oTPQ20w,요리왕비룡 Korean Food Cooking,bjMqUCDaic8,"선물 받은 햄, 당근에 팔지말고 이렇게 드세요",2026-02-20T11:01:06Z,72.0,False,19285,188.0,10.0
7827,UCcNUpInQt1tI3JC_oTPQ20w,요리왕비룡 Korean Food Cooking,R4rMgzPMeoM,콩나물찜 이렇게 쪄보세요. 기가막히게 아구찜보다 맛있습니다,2026-02-21T03:15:02Z,313.0,False,133146,4070.0,152.0
7827,UCcNUpInQt1tI3JC_oTPQ20w,요리왕비룡 Korean Food Cooking,Fjrk9TRj0jc,기똥차게 맛있는 콩나물찜,2026-02-22T03:15:01Z,72.0,False,16977,275.0,4.0
7827,UCcNUpInQt1tI3JC_oTPQ20w,요리왕비룡 Korean Food Cooking,vrq0vZYKoB4,봄동 푹 지져보세요. 이거 아주 요물입니다,2026-02-23T03:15:03Z,302.0,False,108649,2923.0,117.0
7827,UCcNUpInQt1tI3JC_oTPQ20w,요리왕비룡 Korean Food Cooking,SIgDu7KoWYg,기가막힌 냉이된장국 알려드립니다,2026-02-25T03:15:03Z,268.0,False,27395,863.0,59.0
7827,UCcNUpInQt1tI3JC_oTPQ20w,요리왕비룡 Korean Food Cooking,DXVcrFLmX3g,"여보, 소화제 왜 사와? 이거 마시면 싹 내려가는데!"" 국물이 100배 시원한 식당 봄 동치미 비법",2026-02-27T03:15:00Z,334.0,False,150454,3830.0,179.0
7827,UCcNUpInQt1tI3JC_oTPQ20w,요리왕비룡 Korean Food Cooking,Ii5rJsJNz7s,삼겹살 동 납니다. 파절이 양념비율 알려드립니다,2026-03-01T03:30:11Z,186.0,False,52656,1290.0,55.0
7827,UCcNUpInQt1tI3JC_oTPQ20w,요리왕비룡 Korean Food Cooking,ohO6_eyAM9U,대박집 제육볶음 황금레시피로 밥한공기 뚝딱 합니다,2026-03-03T03:15:06Z,211.0,False,60890,1532.0,107.0
7827,UCcNUpInQt1tI3JC_oTPQ20w,요리왕비룡 Korean Food Cooking,h-yDXsuWa2s,🚨쪽파김치 이렇게 담가보세요. 이 레시피 아주 요물입니다,2026-03-05T03:15:02Z,218.0,False,101834,1086.0,52.0
7827,UCcNUpInQt1tI3JC_oTPQ20w,요리왕비룡 Korean Food Cooking,T-QAE14adZ4,"""달래장"" 기가 막히게 만드는 방법 알려드립니다 소고기 볶음장보다 훨씬 맛있습니다",2026-03-07T03:15:02Z,315.0,False,158016,3154.0,77.0
7827,UCcNUpInQt1tI3JC_oTPQ20w,요리왕비룡 Korean Food Cooking,nugo2AXnjoU,입안에 봄바람 터지는 냉이무침 기막힌 비법이 있습니다 🌿,2026-03-09T03:30:27Z,331.0,False,54059,1200.0,27.0
7827,UCcNUpInQt1tI3JC_oTPQ20w,요리왕비룡 Korean Food Cooking,8ghhvS02B7o,"속편한 음식, 곰피 집 된장에 지졌더니 기가 막힙니다",2026-03-10T03:15:00Z,275.0,False,18082,542.0,32.0
7827,UCcNUpInQt1tI3JC_oTPQ20w,요리왕비룡 Korean Food Cooking,YuB5etQu9W4,미나리무침 식당 주방장의 '수분 꽉' 잡는 1급 비밀이 있습니다 🤫🌿,2026-03-12T03:15:01Z,259.0,False,58502,1253.0,43.0
7827,UCcNUpInQt1tI3JC_oTPQ20w,요리왕비룡 Korean Food Cooking,hXZ9ZdrK7fs,입에 착! 달라붙는 식당식 ‘두부김치’,2026-03-14T03:15:03Z,261.0,False,35726,1039.0,47.0
7827,UCcNUpInQt1tI3JC_oTPQ20w,요리왕비룡 Korean Food Cooking,dIf_wF8h6cw,알뿌리를 '이렇게' 해야 간장이 쏙 뱁니다! 골마지 없이 평생 써먹는 달래장아찌 황금레시피,2026-03-16T04:15:06Z,232.0,False,12321,400.0,22.0
7827,UCcNUpInQt1tI3JC_oTPQ20w,요리왕비룡 Korean Food Cooking,pCR9Pe4STHE,'진짜 쑥전' 부치는 황금 비법을 알려드리겠습니다.,2026-03-18T03:15:07Z,264.0,False,35298,779.0,32.0
7827,UCcNUpInQt1tI3JC_oTPQ20w,요리왕비룡 Korean Food Cooking,wcYfcYwMjOg,🍚밥 두 공기 순삭! 끝까지 아삭하고 풋내 없는 얼갈이김치 황금레시피,2026-03-21T03:15:06Z,315.0,False,41350,1217.0,38.0
7827,UCcNUpInQt1tI3JC_oTPQ20w,요리왕비룡 Korean Food Cooking,RMAcdfNRTdo,풀 안 쑵니다! 절이지도 마세요! 뼛속까지 시원한 돌나물 물김치,2026-03-24T03:15:03Z,193.0,False,53431,1034.0,37.0
7827,UCcNUpInQt1tI3JC_oTPQ20w,요리왕비룡 Korean Food Cooking,NztP31UrxTQ,**갓 버무린 생생한 알배기겉절이 기똥찹니다**,2026-03-25T03:15:01Z,202.0,False,91914,1259.0,22.0
7827,UCcNUpInQt1tI3JC_oTPQ20w,요리왕비룡 Korean Food Cooking,1chR6MljpPg,사장님이 절대 안 가르쳐줬던 물 안 생기는 쭈꾸미볶음,2026-03-28T03:15:00Z,332.0,False,23243,620.0,24.0
7827,UCcNUpInQt1tI3JC_oTPQ20w,요리왕비룡 Korean Food Cooking,bOcbR0GQPgQ,혈관 꽉 막힌 사람 무조건 드세요.,2026-03-30T03:15:00Z,231.0,False,58393,1118.0,27.0
7827,UCcNUpInQt1tI3JC_oTPQ20w,요리왕비룡 Korean Food Cooking,V07xTBiRCu4,배추김치찌개는 명함도 못 내밉니다🔥 남은 파김치로 김치찌개 끓였더니 밥솥이 거덜 났습니다,2026-04-01T03:15:00Z,201.0,False,31399,539.0,24.0
7827,UCcNUpInQt1tI3JC_oTPQ20w,요리왕비룡 Korean Food Cooking,dWOEH9l3M8A,쑥국 '이것'부터 무치면 향이 10배 진해집니다! 🌿 국물 한 방울까지 싹 비우는 봄철 보약 밥상!,2026-04-04T03:15:03Z,300.0,False,14527,569.0,20.0
7827,UCcNUpInQt1tI3JC_oTPQ20w,요리왕비룡 Korean Food Cooking,HsZvgMux_vQ,"""오징어 미나리초무침"" 물 1방울도 넣지 말고 만들어야 더욱 맛있습니다.",2026-04-07T03:15:00Z,379.0,False,89656,2197.0,53.0
7827,UCcNUpInQt1tI3JC_oTPQ20w,요리왕비룡 Korean Food Cooking,KzFFZN3sFtk,🥔 감자를 끓는 물에 식초를 넣고 살짝 데치면 코팅이 되어 절대 부서지지 않습니다. 윤기가 흘러 넘칩니다 감자조림,2026-04-09T03:15:01Z,243.0,False,172534,5137.0,147.0
7827,UCcNUpInQt1tI3JC_oTPQ20w,요리왕비룡 Korean Food Cooking,_m2vu3o_thI,진미채에 딱 '3스푼'만 버무리면 호프집 뺨치는 대박 골뱅이무침 안주가 됩니다 🍺,2026-04-11T03:15:02Z,199.0,False,16133,506.0,18.0
7827,UCcNUpInQt1tI3JC_oTPQ20w,요리왕비룡 Korean Food Cooking,j0fVx3DnrUo,어묵볶음 '이 채소' 떄문에 밥솥이 거덜 납니다 오뎅볶음,2026-04-13T03:15:06Z,142.0,False,63318,1334.0,20.0
7827,UCcNUpInQt1tI3JC_oTPQ20w,요리왕비룡 Korean Food Cooking,L7l5FK9WptU,"🌿참나물 무칠 때 '이것'을 먼저 했더니 질척이지 않고 고소함이 2배 폭발하는 참나물 두부무침 황금레시피 (다이어트 반찬, 봄나물 요리)",2026-04-15T03:15:01Z,213.0,False,10311,506.0,22.0
7827,UCcNUpInQt1tI3JC_oTPQ20w,요리왕비룡 Korean Food Cooking,p7xjJcaz-JI,✔️참나물 도토리묵무침 수없이 무쳐봤지만 💯이 양념이 제일 맛있습니다 (절대 안 부서져요),2026-04-18T05:16:50Z,182.0,False,24105,725.0,28.0
7827,UCcNUpInQt1tI3JC_oTPQ20w,요리왕비룡 Korean Food Cooking,-x8N8k84lIs,두부 요리 무조건 이렇게 드세요! 살은 쏙 빠지고 장이 편안해집니다,2026-04-20T03:15:01Z,179.0,False,9010,339.0,9.0
7827,UCcNUpInQt1tI3JC_oTPQ20w,요리왕비룡 Korean Food Cooking,nD92UPP1Y3Y,뻣뻣한 우엉조림은 그만! 어르신들도 잇몸으로 드시는 야들야들 우엉조림,2026-04-22T03:15:08Z,226.0,False,64875,718.0,11.0
7827,UCcNUpInQt1tI3JC_oTPQ20w,요리왕비룡 Korean Food Cooking,SdzWwefPB7o,"두부조림, 제발 그냥 졸이지 마세요! '이 기름'에 굽고 '이것' 넣으면 감칠맛이 폭발합니다\\",2026-04-24T03:15:02Z,272.0,False,26827,971.0,20.0
7827,UCcNUpInQt1tI3JC_oTPQ20w,요리왕비룡 Korean Food Cooking,rl2FWWtz1mU,시원한 물김치 이만한 게 없습니다,2026-04-28T03:15:07Z,321.0,False,22468,574.0,23.0
7827,UCcNUpInQt1tI3JC_oTPQ20w,요리왕비룡 Korean Food Cooking,6UcPNcKAF88,양념이 겉돌지 않아 참 정갈합니다. 액젓으로 깊은 맛을 낸 최고급 백오이 반찬,2026-04-30T03:15:01Z,193.0,False,134804,1703.0,20.0
7827,UCcNUpInQt1tI3JC_oTPQ20w,요리왕비룡 Korean Food Cooking,X6dkWy3BXGU,양념이 겉돌지 않고 착 감겨 끝까지 깔끔합니다. 달큰한 5월 마늘종으로 만드는 최고급 밑반찬,2026-05-04T03:15:03Z,231.0,False,200785,3147.0,62.0
7827,UCcNUpInQt1tI3JC_oTPQ20w,요리왕비룡 Korean Food Cooking,_kZTUdd-L6U,끓여서 바로 부었더니 참 정갈합니다. 며칠을 두고 먹어도 꼬들꼬들 합니다.다 먹을 때까지 무르지 않는 최고급 오이장아찌 비법,2026-05-07T03:15:03Z,212.0,False,45400,1192.0,16.0
7827,UCcNUpInQt1tI3JC_oTPQ20w,요리왕비룡 Korean Food Cooking,Ie6GtLkz6_g,물 생길 틈 없이 양념이 찰싹 달라붙습니다. 과일즙으로 감칠맛을 낸 최고급 부추무침,2026-05-09T07:00:25Z,205.0,False,9971,354.0,10.0
7827,UCcNUpInQt1tI3JC_oTPQ20w,요리왕비룡 Korean Food Cooking,ablWntGDhho,풋내가 전혀 나지 않아 참 시원합니다. 밀가루 풀로 아삭함을 살린 최고급 얼갈이김치,2026-05-14T02:00:01Z,293.0,False,28000,488.0,14.0
7827,UCcNUpInQt1tI3JC_oTPQ20w,요리왕비룡 Korean Food Cooking,Hp-XmI4XIIU,요즘같이 물가 비쌀 땐 '이게' 최고죠👍 가성비 갑 양배추 물김치,2026-05-15T23:00:30Z,91.0,False,14521,204.0,5.0
7828,UCviI9lzTe2pkxJ9M2ArA7WQ,df 디에프,_mYP_o0eQp8,GongGongGoo009 - 이륙 | [TEXTED] | 공공구 |가사 (Lyrics) | df 디에프,2025-12-08T09:03:37Z,256.0,False,26678,669.0,92.0
7828,UCviI9lzTe2pkxJ9M2ArA7WQ,df 디에프,4bY6ayjCZqU,데뷔 최초 😘,2025-12-09T12:00:11Z,32.0,True,10067,29.0,0.0
7828,UCviI9lzTe2pkxJ9M2ArA7WQ,df 디에프,AMBVOZR-if0,키스신 비하인드,2025-12-09T12:00:32Z,38.0,True,6083,19.0,1.0
7828,UCviI9lzTe2pkxJ9M2ArA7WQ,df 디에프,GYo4BOOdHvo,뱀뱀 신곡 Wondering,2025-12-09T12:00:38Z,38.0,True,6561,15.0,0.0
7828,UCviI9lzTe2pkxJ9M2ArA7WQ,df 디에프,GSSjc_tTXUo,도시의 어둠,2025-12-16T12:00:27Z,32.0,True,4733,12.0,1.0
7828,UCviI9lzTe2pkxJ9M2ArA7WQ,df 디에프,HxnepSf695k,프로 정신,2025-12-16T12:00:37Z,23.0,True,7232,13.0,0.0
7828,UCviI9lzTe2pkxJ9M2ArA7WQ,df 디에프,cceoMzVVYv0,이번 앨범 사실은…,2025-12-16T12:01:26Z,35.0,True,9187,25.0,0.0
7828,UCviI9lzTe2pkxJ9M2ArA7WQ,df 디에프,C5o-1JKPM8E,쿠기 - Two Pills | [TEXTED] Coogie | 가사 (Lyrics) | 디에프 | df,2025-12-19T09:00:31Z,191.0,False,379048,4072.0,193.0
7828,UCviI9lzTe2pkxJ9M2ArA7WQ,df 디에프,oB7-SxOv4rk,쿠기는 유명한 크롬하츠 뽀잉 | 쿠기 (Coogie) - Two Pills,2025-12-19T09:15:11Z,30.0,True,389621,4460.0,150.0
7828,UCviI9lzTe2pkxJ9M2ArA7WQ,df 디에프,_vKnpG1E5AQ,쿠기랑 사귀고 시픔 (덜렁) | 쿠기 (Coogie) - Two Pills,2025-12-19T12:01:19Z,33.0,True,60193,575.0,24.0
7828,UCviI9lzTe2pkxJ9M2ArA7WQ,df 디에프,Z3pZyA1U8kQ,공허한 공간을 채우는 쿠기 보이스 | 쿠기 (Coogie) - Two Pills | 딩프 안 망함 ㅇ,2025-12-19T14:01:04Z,30.0,True,19976,267.0,7.0
7828,UCviI9lzTe2pkxJ9M2ArA7WQ,df 디에프,oBi6ZAd-0f0,"노아주다 - 힙합보단 사랑, 사랑보단 돈 + 돈 말고 너 | [TEXTED] noahjooda | 가사(Lyrics) | df 디에프",2025-12-21T09:01:14Z,228.0,False,441142,6453.0,663.0
7828,UCviI9lzTe2pkxJ9M2ArA7WQ,df 디에프,APqpmVpfgTE,한국은 처음이지 🇰🇷,2025-12-23T12:00:17Z,18.0,True,7666,20.0,2.0
7828,UCviI9lzTe2pkxJ9M2ArA7WQ,df 디에프,sPwksn2JaYc,K-pop vs T-pop,2025-12-23T12:01:49Z,53.0,True,6874,33.0,2.0
7828,UCviI9lzTe2pkxJ9M2ArA7WQ,df 디에프,xWOTqH22GYU,뱀뱀 육아일기 🍼 👶✨,2025-12-23T12:02:04Z,28.0,True,7002,29.0,0.0
7828,UCviI9lzTe2pkxJ9M2ArA7WQ,df 디에프,aVIb8bNRhOU,뱀뱀이 진짜 아티스트인 이유 🎤,2025-12-30T12:00:03Z,31.0,True,7490,35.0,2.0
7828,UCviI9lzTe2pkxJ9M2ArA7WQ,df 디에프,HWDrvk7EFmY,뱀뱀의 고백 💕,2025-12-30T12:00:29Z,61.0,False,6772,54.0,0.0
7828,UCviI9lzTe2pkxJ9M2ArA7WQ,df 디에프,rMoS-63m-rI,선공개없는 리스닝파티 🎧,2025-12-30T12:01:50Z,34.0,True,8869,33.0,2.0
7828,UCviI9lzTe2pkxJ9M2ArA7WQ,df 디에프,PXGSMAY9WEw,BIG Naughty (서동현) - 무리했었던 약속들 (Feat. 개리) | [TEXTED] 빅나티 | 가사 (Lyrics) | 디에프 | df,2025-12-31T15:00:57Z,230.0,False,127733,1999.0,155.0
7828,UCviI9lzTe2pkxJ9M2ArA7WQ,df 디에프,cNZ4ZeDp1y0,새해 빅 나티 받으세요🙇🏻‍♂️,2025-12-31T15:15:57Z,58.0,True,80658,1015.0,88.0
7828,UCviI9lzTe2pkxJ9M2ArA7WQ,df 디에프,pLwx5LxPrYo,심아론 - 자발적 아싸 (Feat. 황세현) | [TEXTED] | 가사 (Lyrics) | 디에프 | df,2026-01-02T05:30:28Z,165.0,False,8923,63.0,12.0
7828,UCviI9lzTe2pkxJ9M2ArA7WQ,df 디에프,qj_fcPLOyxU,빈첸(VINXEN) - 계절이 밉다가 (Feat. Yescoba) | [TEXTED] | 가사 (Lyrics) | 디에프 | df,2026-01-06T09:01:19Z,174.0,False,87806,1997.0,190.0
7828,UCviI9lzTe2pkxJ9M2ArA7WQ,df 디에프,aW_7NRlogUo,"김상민그는감히전설이라고할수있다 - GEEKSTA FLOW + 황제펭귄 (feat. 그냥노창, 양홍원) + HARARI FLOW (feat. GGM Kimbo) [TEXTED]",2026-01-10T09:00:02Z,196.0,False,456325,2696.0,395.0
7828,UCviI9lzTe2pkxJ9M2ArA7WQ,df 디에프,JUuRsRkJACw,"힙노시스테라피 - UMJIGYEO! (MOVE!) + NO! | [DF LIVE] | HYPNOSIS THERAPY, Alex Wilcox",2026-01-14T11:00:39Z,210.0,False,6964,151.0,32.0
7828,UCviI9lzTe2pkxJ9M2ArA7WQ,df 디에프,w0gOAQTY-Bw,Toru(토루) - 서양명 | [TEXTED] | 가사 (Lyrics) | 디에프 | df,2026-01-20T09:01:21Z,187.0,False,11725,305.0,60.0
7828,UCviI9lzTe2pkxJ9M2ArA7WQ,df 디에프,EmvCbie7YVY,"YOUNG POSSE (정선혜, 위연정) - VISA | [TEXTED] | 가사 (Lyrics) | 디에프 | df",2026-02-06T09:13:34Z,215.0,False,43484,1223.0,172.0
7828,UCviI9lzTe2pkxJ9M2ArA7WQ,df 디에프,EScHwq8ijxk,황세현 - jyagi (Feat. Gist) + 얼마나 좋을까 (Feat. Gabriel) | [TEXTED] | h3hyeon | 가사 (Lyrics) | 디에프 | df,2026-02-11T09:00:16Z,153.0,False,26871,272.0,74.0
7828,UCviI9lzTe2pkxJ9M2ArA7WQ,df 디에프,M-uUPVVPUng,CAMO (카모) – JYP | [TEXTED] | 가사 (Lyrics) | 디에프 | df,2026-02-13T09:00:30Z,129.0,False,59139,1362.0,100.0
7828,UCviI9lzTe2pkxJ9M2ArA7WQ,df 디에프,TwYziwpACNc,노윤하 - If I could Fly | [TEXTED] | 가사 (Lyrics) | 디에프 | df,2026-02-14T09:00:56Z,189.0,False,12524,189.0,17.0
7828,UCviI9lzTe2pkxJ9M2ArA7WQ,df 디에프,5q265GU8HFA,"언텔(untell)의 킬링벌스를 라이브로! | I AM, DEAD LINE, 망상정글, Kombat Slide, Having 등",2026-02-19T11:00:07Z,1053.0,False,436084,13026.0,1900.0
7828,UCviI9lzTe2pkxJ9M2ArA7WQ,df 디에프,il-00ew4w18,야차 '그 비트'에 '그 벌스' 들고온 언텔 ㄷㄷㄷ,2026-02-19T13:42:54Z,32.0,True,350373,7146.0,147.0
7828,UCviI9lzTe2pkxJ9M2ArA7WQ,df 디에프,vyKJx_cu4Ek,"""올티한테 배틀하다 욕한 새끼"" 근황",2026-02-19T14:30:52Z,49.0,True,475852,7817.0,203.0
7828,UCviI9lzTe2pkxJ9M2ArA7WQ,df 디에프,8XrlcGxary8,Gist(지스트) - 이런 내 맘을 | [TEXTED] | 가사 (Lyrics) | 디에프 | df,2026-02-23T09:00:16Z,155.0,False,11876,226.0,24.0
7828,UCviI9lzTe2pkxJ9M2ArA7WQ,df 디에프,esQYUDuY3w4,언텔(Untell) - 낙타거울 | [TEXTED] | 가사 (Lyrics) | 디에프 | df,2026-02-25T09:36:40Z,293.0,False,55452,1228.0,209.0
7828,UCviI9lzTe2pkxJ9M2ArA7WQ,df 디에프,mEAm8MS-zP4,YLN Foreign - NOW YOU SEE ME | [TEXTED] | 가사 (Lyrics) | 디에프 | df,2026-02-26T13:56:28Z,148.0,False,123940,2598.0,384.0
7828,UCviI9lzTe2pkxJ9M2ArA7WQ,df 디에프,-47Ty7PtRO8,체리보이 17 - 술잔 (Feat. 쿤타) | [TEXTED] | 가사 (Lyrics) | 디에프 | df,2026-02-27T11:00:00Z,182.0,False,28233,767.0,113.0
7828,UCviI9lzTe2pkxJ9M2ArA7WQ,df 디에프,A-I5G5XEBKQ,크루셜스타 - Radish + 웍 질 (Feat. 조광일) | [TEXTED] | 가사 (Lyrics) | CRUCiAL STAR | 디에프 | df,2026-02-28T11:00:30Z,175.0,False,23479,448.0,70.0
7828,UCviI9lzTe2pkxJ9M2ArA7WQ,df 디에프,tc0TjRJjZ1Y,최엘비 (CHOILB) - her. (feat. UNE) | [TEXTED] | 가사 (Lyrics) | 디에프 | df,2026-03-05T11:01:22Z,206.0,False,13093,368.0,41.0
7828,UCviI9lzTe2pkxJ9M2ArA7WQ,df 디에프,SL0VrHY7xnw,한눈에 보는 2월 텍스티드!,2026-03-06T03:23:54Z,64.0,False,13857,141.0,4.0
7828,UCviI9lzTe2pkxJ9M2ArA7WQ,df 디에프,uO6_2mTg61Y,G2 - Like That (feat. Mike B.) | [TEXTED] | 가사 (Lyrics) | 디에프 | df,2026-03-22T09:01:15Z,145.0,False,120303,2787.0,648.0
7828,UCviI9lzTe2pkxJ9M2ArA7WQ,df 디에프,OvRncJ-m32M,하모(Hamo) - 아크라포빅 | [TEXTED] | 가사 (Lyrics) | 디에프 | df,2026-04-04T09:00:24Z,145.0,False,298812,3805.0,628.0
7828,UCviI9lzTe2pkxJ9M2ArA7WQ,df 디에프,TVFdJ3Z2Zzk,"언텔, YLN Foreign, 캄보 - I AM REMIX, CASH IN | [DF LIVE]",2026-04-05T13:01:00Z,397.0,False,198599,5640.0,442.0
7828,UCviI9lzTe2pkxJ9M2ArA7WQ,df 디에프,HsDoVgG3J0w,던말릭 (DON MALIK) - 303 | [TEXTED] | 가사 (Lyrics) | 디에프 | df,2026-04-06T09:00:23Z,188.0,False,19211,395.0,43.0
7828,UCviI9lzTe2pkxJ9M2ArA7WQ,df 디에프,mKfy6X-xCmI,하모(Hamo) - 아크라포빅 | [DF LIVE],2026-04-07T09:01:04Z,139.0,False,174518,2241.0,290.0
7828,UCviI9lzTe2pkxJ9M2ArA7WQ,df 디에프,gkkAP9LN14A,각성해서 돌아온 ‘야차’들의 래핑🔥,2026-04-09T06:00:35Z,23.0,True,19360,115.0,1.0
7828,UCviI9lzTe2pkxJ9M2ArA7WQ,df 디에프,AXjacph_7n0,"언텔, 이로한 - ELEVATOR | [TEXTED] | untell, Rohann | 가사 (Lyrics) | 디에프 | df",2026-04-15T09:01:37Z,194.0,False,68829,1576.0,217.0
7828,UCviI9lzTe2pkxJ9M2ArA7WQ,df 디에프,KjHZDPNqDoA,"DJ KRUSH - A TRIBUTE TO NUJABES - DJ KRUSH ""Still Beats, Still Soul"" | 디에프엔 | DFN",2026-05-04T10:00:29Z,978.0,False,603131,309.0,12.0
7828,UCviI9lzTe2pkxJ9M2ArA7WQ,df 디에프,rPfzc98_JFo,"REDEF - A TRIBUTE TO NUJABES - DJ KRUSH ""Still Beats, Still Soul"" | 디에프엔 | DFN",2026-05-07T10:01:23Z,3136.0,False,258383,360.0,12.0
7828,UCviI9lzTe2pkxJ9M2ArA7WQ,df 디에프,cF9ROqOLOvw,"OKASHII - ""df night"" | 디에프엔 | DFN",2026-05-11T10:01:02Z,3682.0,False,225542,1452.0,81.0
7828,UCviI9lzTe2pkxJ9M2ArA7WQ,df 디에프,pc2fRRTWQd4,"DOBERMAN - ""df night"" | 디에프엔 | DFN",2026-05-14T10:01:25Z,2421.0,False,7628,104.0,13.0
7829,UC_Dm4o5UrbPr2uvM7VPUR6g,4Minute 포미닛(Official YouTube Channel),omRLij2knRk,4MINUTE - 'Love Tension' (Official Music Video),2012-08-07T05:08:44Z,235.0,False,11078310,72342.0,7238.0
7829,UC_Dm4o5UrbPr2uvM7VPUR6g,4Minute 포미닛(Official YouTube Channel),KihXwWYCQIg,4Minute - Volume Up,2012-08-30T17:02:52Z,259.0,False,1951429,15668.0,741.0
7829,UC_Dm4o5UrbPr2uvM7VPUR6g,4Minute 포미닛(Official YouTube Channel),bZA5WJ4u6ls,HYUNA - 'Ice Cream' (Teaser),2012-10-19T01:00:11Z,21.0,True,5386457,25799.0,5337.0
7829,UC_Dm4o5UrbPr2uvM7VPUR6g,4Minute 포미닛(Official YouTube Channel),QlWZluzBNxM,HYUNA - 'Ice Cream' (Official Music Video),2012-10-22T00:53:01Z,241.0,False,116973220,574752.0,69434.0
7829,UC_Dm4o5UrbPr2uvM7VPUR6g,4Minute 포미닛(Official YouTube Channel),rJ-r6fyC14w,2YOON - '24/7' (Teaser: Gayoon),2013-01-12T03:00:12Z,30.0,True,234704,5647.0,768.0
7829,UC_Dm4o5UrbPr2uvM7VPUR6g,4Minute 포미닛(Official YouTube Channel),MeC4q8hu3BA,2YOON - '24/7' (Teaser: Jiyoon),2013-01-14T03:00:10Z,30.0,True,141016,3800.0,434.0
7829,UC_Dm4o5UrbPr2uvM7VPUR6g,4Minute 포미닛(Official YouTube Channel),xZwUdw04QB0,2YOON - '24/7' (Teaser),2013-01-15T03:00:11Z,30.0,True,187411,3895.0,573.0
7829,UC_Dm4o5UrbPr2uvM7VPUR6g,4Minute 포미닛(Official YouTube Channel),kQwhjXE27XI,2YOON - '24/7' (Official Music Video),2013-01-17T03:00:16Z,241.0,False,2896179,42304.0,8139.0
7829,UC_Dm4o5UrbPr2uvM7VPUR6g,4Minute 포미닛(Official YouTube Channel),G6JppjQSTh8,HYUNA - 'CHANGE' (Official Music  Video),2013-01-28T01:49:56Z,228.0,False,56726839,339036.0,13087.0
7829,UC_Dm4o5UrbPr2uvM7VPUR6g,4Minute 포미닛(Official YouTube Channel),Pct0a_mHtdw,HYUNA - 'CHANGE' (Teaser),2013-01-28T01:50:18Z,37.0,True,361488,3772.0,259.0
7829,UC_Dm4o5UrbPr2uvM7VPUR6g,4Minute 포미닛(Official YouTube Channel),shljco0Oggc,4MINUTE - '이름이 뭐예요? (What's Your Name?)' (Teaser: HyunA),2013-04-20T01:34:10Z,15.0,True,3037361,20100.0,3217.0
7829,UC_Dm4o5UrbPr2uvM7VPUR6g,4Minute 포미닛(Official YouTube Channel),XKM3rtEhglU,4MINUTE - '이름이 뭐예요? (What's Your Name?)' (Teaser: Gayoon),2013-04-21T01:00:11Z,15.0,True,886887,12379.0,1467.0
7829,UC_Dm4o5UrbPr2uvM7VPUR6g,4Minute 포미닛(Official YouTube Channel),L_u4IWk6CPg,4MINUTE - '이름이 뭐예요? (What's Your Name?)' (Teaser: Sohyun),2013-04-22T01:00:11Z,15.0,True,617161,9253.0,889.0
7829,UC_Dm4o5UrbPr2uvM7VPUR6g,4Minute 포미닛(Official YouTube Channel),Gn651O-hhHw,4MINUTE - '이름이 뭐예요? (What's Your Name?)' (Teaser: Jiyoon),2013-04-22T15:41:41Z,15.0,True,407252,7883.0,905.0
7829,UC_Dm4o5UrbPr2uvM7VPUR6g,4Minute 포미닛(Official YouTube Channel),QOfQ_FqkFgA,4MINUTE - '이름이 뭐예요? (What's Your Name?)' (Teaser: Jihyun),2013-04-24T01:00:10Z,15.0,True,519661,7302.0,624.0
7829,UC_Dm4o5UrbPr2uvM7VPUR6g,4Minute 포미닛(Official YouTube Channel),YB8aTxnwoL4,4MINUTE - '이름이 뭐예요? (What's Your Name?)' (Snippet),2013-04-24T12:47:00Z,15.0,True,260449,4563.0,288.0
7829,UC_Dm4o5UrbPr2uvM7VPUR6g,4Minute 포미닛(Official YouTube Channel),2raIzHi1W0Y,4MINUTE - '이름이 뭐예요? (What's Your Name?)' (Teaser),2013-04-25T01:00:11Z,21.0,True,768363,10756.0,1858.0
7829,UC_Dm4o5UrbPr2uvM7VPUR6g,4Minute 포미닛(Official YouTube Channel),H-IJWqIHioA,4MINUTE - '이름이 뭐예요? (What's Your Name?)' (Official Music Video),2013-04-26T03:17:18Z,208.0,False,47724798,295038.0,34816.0
7829,UC_Dm4o5UrbPr2uvM7VPUR6g,4Minute 포미닛(Official YouTube Channel),hfLbz7u1nlA,4MINUTE - '물 좋아? (Is it Poppin'?)' (Teaser),2013-06-25T05:22:26Z,22.0,True,703739,11507.0,2168.0
7829,UC_Dm4o5UrbPr2uvM7VPUR6g,4Minute 포미닛(Official YouTube Channel),DRSRpXPZVdM,4MINUTE - '물 좋아? (Is It Poppin'?)' (Official Music Video),2013-06-28T03:00:04Z,203.0,False,31612770,179997.0,22180.0
7829,UC_Dm4o5UrbPr2uvM7VPUR6g,4Minute 포미닛(Official YouTube Channel),KwiekP7w1lY,4MINUTE - '오늘 뭐해 (Whatcha Doin' Today?)' (Teaser 1),2014-03-15T01:00:07Z,17.0,True,516923,10205.0,659.0
7829,UC_Dm4o5UrbPr2uvM7VPUR6g,4Minute 포미닛(Official YouTube Channel),Vf0JcQByLOM,4MINUTE - '오늘 뭐해 (Whatcha Doin' Today?)' (Teaser 2),2014-03-16T01:00:00Z,26.0,True,530667,8126.0,443.0
7829,UC_Dm4o5UrbPr2uvM7VPUR6g,4Minute 포미닛(Official YouTube Channel),4xLFxfXWDUk,포미닛 (4MINUTE) - '오늘 뭐해 (Whatcha Doin' Today)' (Official Music Video),2014-03-16T15:02:27Z,221.0,False,27466184,212760.0,12029.0
7829,UC_Dm4o5UrbPr2uvM7VPUR6g,4Minute 포미닛(Official YouTube Channel),0WGDBzBzqKM,4MINUTE - '고마워 :) (Thank You :))' (Official Music Video),2014-06-17T15:00:06Z,235.0,False,763777,21054.0,1471.0
7829,UC_Dm4o5UrbPr2uvM7VPUR6g,4Minute 포미닛(Official YouTube Channel),R2rRh_RbPu0,HYUNA - '빨개요 (RED)' (Teaser),2014-07-23T03:00:01Z,20.0,True,2832916,20584.0,1417.0
7829,UC_Dm4o5UrbPr2uvM7VPUR6g,4Minute 포미닛(Official YouTube Channel),f8OvX8U_7r4,HYUNA - '빨개요 (RED)' (Teaser #2),2014-07-24T03:00:02Z,26.0,True,1376619,17072.0,1481.0
7829,UC_Dm4o5UrbPr2uvM7VPUR6g,4Minute 포미닛(Official YouTube Channel),oTXCgR93zC8,HYUNA(현아) - '빨개요 (RED)' (Official Music Video),2014-07-28T03:00:01Z,213.0,False,98042734,691134.0,32210.0
7829,UC_Dm4o5UrbPr2uvM7VPUR6g,4Minute 포미닛(Official YouTube Channel),vYyOo5ByuCo,4MINUTE - REVAMPED,2015-01-20T01:00:03Z,57.0,True,289905,10735.0,759.0
7829,UC_Dm4o5UrbPr2uvM7VPUR6g,4Minute 포미닛(Official YouTube Channel),dNnrzJ5Nqkg,4MINUTE - Coming Soon Ver.1,2015-01-23T01:00:05Z,17.0,True,146987,5281.0,274.0
7829,UC_Dm4o5UrbPr2uvM7VPUR6g,4Minute 포미닛(Official YouTube Channel),j-qWASEMh9I,4MINUTE - 추운 비 (Cold Rain) (Teaser),2015-01-24T01:00:02Z,26.0,True,255489,9333.0,379.0
7829,UC_Dm4o5UrbPr2uvM7VPUR6g,4Minute 포미닛(Official YouTube Channel),ZT9zbZGB2gE,4MINUTE - 추운 비 (Cold Rain),2015-01-26T03:00:02Z,225.0,False,9132782,121745.0,7383.0
7829,UC_Dm4o5UrbPr2uvM7VPUR6g,4Minute 포미닛(Official YouTube Channel),0mSdNf0PwJo,4MINUTE - Coming Soon Ver.2,2015-01-29T01:00:02Z,16.0,True,183064,5668.0,310.0
7829,UC_Dm4o5UrbPr2uvM7VPUR6g,4Minute 포미닛(Official YouTube Channel),6EiqpyGILkE,4MINUTE - Show Me (Teaser),2015-02-03T01:00:01Z,16.0,True,443993,11051.0,375.0
7829,UC_Dm4o5UrbPr2uvM7VPUR6g,4Minute 포미닛(Official YouTube Channel),PP3a_hZTG2s,4MINUTE - 눈에 띄네(Feat. 매니저) (Teaser),2015-02-04T01:00:01Z,17.0,True,578395,10567.0,283.0
7829,UC_Dm4o5UrbPr2uvM7VPUR6g,4Minute 포미닛(Official YouTube Channel),Uo9D2yGMWgU,4MINUTE - 간지럽혀(Tickle Tickle Tickle) (Teaser),2015-02-05T01:00:01Z,19.0,True,661359,12518.0,591.0
7829,UC_Dm4o5UrbPr2uvM7VPUR6g,4Minute 포미닛(Official YouTube Channel),mmwRFuHz_To,4MINUTE - 1절만 하시죠(Cut It Out) (Teaser),2015-02-06T01:00:04Z,17.0,True,687091,16419.0,648.0
7829,UC_Dm4o5UrbPr2uvM7VPUR6g,4Minute 포미닛(Official YouTube Channel),unRI4GDeoqs,4MINUTE - 미쳐(Crazy) (Teaser),2015-02-07T01:00:00Z,16.0,True,1012444,23688.0,1200.0
7829,UC_Dm4o5UrbPr2uvM7VPUR6g,4Minute 포미닛(Official YouTube Channel),1nCLBTmjJBY,4MINUTE - 미쳐(Crazy),2015-02-09T03:00:01Z,193.0,False,218835596,2151437.0,66423.0
7829,UC_Dm4o5UrbPr2uvM7VPUR6g,4Minute 포미닛(Official YouTube Channel),Do_pJSGhWVg,4MINUTE - 미쳐 (Crazy) (Choreography Ver.),2015-02-24T02:59:03Z,193.0,False,43505150,645076.0,6936.0
7829,UC_Dm4o5UrbPr2uvM7VPUR6g,4Minute 포미닛(Official YouTube Channel),W_k2EB33s7A,HYUNA - 4th Mini Album Trailer,2015-08-09T15:00:00Z,106.0,False,6992513,60909.0,4869.0
7829,UC_Dm4o5UrbPr2uvM7VPUR6g,4Minute 포미닛(Official YouTube Channel),W0AqRUaql5A,HYUNA(현아) - 4th Mini Album 'A+' AudioTeaser,2015-08-18T01:00:00Z,75.0,False,469075,16558.0,832.0
7829,UC_Dm4o5UrbPr2uvM7VPUR6g,4Minute 포미닛(Official YouTube Channel),QNi221uQ1t4,HYUNA(현아) - '잘나가서 그래 (Feat. 정일훈 Of BTOB)' (Roll Deep) (Teaser),2015-08-20T01:00:00Z,25.0,True,1225872,22979.0,1448.0
7829,UC_Dm4o5UrbPr2uvM7VPUR6g,4Minute 포미닛(Official YouTube Channel),ib_1ATfr8wM,HYUNA(현아) - '잘나가서 그래 (Feat. 정일훈 Of BTOB)' (Roll Deep) M/V,2015-08-21T03:00:00Z,209.0,False,135645031,1232935.0,40720.0
7829,UC_Dm4o5UrbPr2uvM7VPUR6g,4Minute 포미닛(Official YouTube Channel),QSNh47-cnL8,HYUNA - 잘나가서 그래 (Feat. 정일훈 Of BTOB) (A+ Original Ver. MV),2015-09-06T15:00:01Z,209.0,False,1983859,44024.0,1564.0
7829,UC_Dm4o5UrbPr2uvM7VPUR6g,4Minute 포미닛(Official YouTube Channel),C2-AZ51NoQU,HYUNA(현아) - Run & Run M/V,2015-09-13T15:00:01Z,92.0,False,6313278,109320.0,2751.0
7829,UC_Dm4o5UrbPr2uvM7VPUR6g,4Minute 포미닛(Official YouTube Channel),kb44bpn8fXE,4MINUTE(포미닛) - 7th Mini Album 'Act. 7' (Audio Teaser),2016-01-28T01:00:00Z,64.0,False,441053,17865.0,1351.0
7829,UC_Dm4o5UrbPr2uvM7VPUR6g,4Minute 포미닛(Official YouTube Channel),hjDOcpgJKxQ,포미닛(4MINUTE) - 싫어(Hate) Teaser 1,2016-01-29T15:00:03Z,20.0,True,781331,30366.0,1455.0
7829,UC_Dm4o5UrbPr2uvM7VPUR6g,4Minute 포미닛(Official YouTube Channel),flgTHNIFc5Q,포미닛(4MINUTE) - 싫어(Hate) Teaser 2,2016-01-30T15:00:02Z,24.0,True,1247961,34840.0,1968.0
7829,UC_Dm4o5UrbPr2uvM7VPUR6g,4Minute 포미닛(Official YouTube Channel),D_F9HUTYnl0,4MINUTE(포미닛) - 싫어(Hate) MV,2016-02-01T03:00:00Z,222.0,False,73465067,932530.0,49858.0
7829,UC_Dm4o5UrbPr2uvM7VPUR6g,4Minute 포미닛(Official YouTube Channel),vAIoeGWB8h0,4MinuteVEVO Live Stream,2017-12-02T08:47:01Z,,False,0,5.0,0.0
7830,UCLVwgJVAzHwA-zv88mrAeZw,낄낄상회,nUtZlt370Rw,네 썸남이랑  나랑 여행 같이 못가겠다,2026-04-03T09:01:09Z,82.0,False,40674,246.0,7.0
7830,UCLVwgJVAzHwA-zv88mrAeZw,낄낄상회,N2HZ2TI0AOs,나랑 같이 살래요?,2026-04-04T09:00:24Z,154.0,False,21287,226.0,7.0
7830,UCLVwgJVAzHwA-zv88mrAeZw,낄낄상회,TlNUhvGH-tU,여자 자취방 남자 자취방 차이 ㅋㅋ,2026-04-05T03:00:25Z,542.0,False,82039,1326.0,64.0
7830,UCLVwgJVAzHwA-zv88mrAeZw,낄낄상회,6ceBzL-4t-c,존예 돌싱녀가 회사 대표라면,2026-04-06T09:00:14Z,147.0,False,28543,337.0,8.0
7830,UCLVwgJVAzHwA-zv88mrAeZw,낄낄상회,ScGqFhXT8Bg,결혼하고 싸워도 이혼 안하는 부부 특징,2026-04-07T09:00:40Z,66.0,False,27501,224.0,3.0
7830,UCLVwgJVAzHwA-zv88mrAeZw,낄낄상회,JHkek4Swk-E,혹시 신부 대행업체?,2026-04-08T03:00:18Z,682.0,False,54477,1033.0,49.0
7830,UCLVwgJVAzHwA-zv88mrAeZw,낄낄상회,P3q9OzXSxIo,썸남이랑 1박2일 위험한 이유,2026-04-08T09:00:40Z,70.0,False,161306,673.0,20.0
7830,UCLVwgJVAzHwA-zv88mrAeZw,낄낄상회,ZHWXt4Mc4ec,결혼 망상과 현실,2026-04-09T09:00:54Z,70.0,False,26425,244.0,10.0
7830,UCLVwgJVAzHwA-zv88mrAeZw,낄낄상회,TXU3_vtp8kY,이혼했는데 처남이랑 같이 사는 이유,2026-04-10T09:00:48Z,105.0,False,33586,256.0,3.0
7830,UCLVwgJVAzHwA-zv88mrAeZw,낄낄상회,5UJdLTMdJIs,처남이 아내로 보인다,2026-04-11T09:00:14Z,150.0,False,41013,324.0,8.0
7830,UCLVwgJVAzHwA-zv88mrAeZw,낄낄상회,wSBpvFpaIDY,아내들이 허락하는 유부남 술집,2026-04-12T03:01:05Z,562.0,False,311724,3202.0,213.0
7830,UCLVwgJVAzHwA-zv88mrAeZw,낄낄상회,UCi0v-RGjpQ,결혼하고 살빠지는 이유,2026-04-13T09:00:43Z,150.0,False,40755,388.0,14.0
7830,UCLVwgJVAzHwA-zv88mrAeZw,낄낄상회,nCdJ5YV6po4,매형이랑 동거 가능?!,2026-04-14T09:01:11Z,180.0,False,22844,361.0,5.0
7830,UCLVwgJVAzHwA-zv88mrAeZw,낄낄상회,CKTMq86eDd4,선넘는 처제,2026-04-15T03:00:20Z,488.0,False,294388,3904.0,393.0
7830,UCLVwgJVAzHwA-zv88mrAeZw,낄낄상회,stQkHcIv3GA,여자친구랑 동거x 동업o,2026-04-15T09:01:18Z,157.0,False,35075,348.0,8.0
7830,UCLVwgJVAzHwA-zv88mrAeZw,낄낄상회,0q1cvLt0plE,내가 얼마나  잘 먹히는데,2026-04-16T09:00:02Z,75.0,False,43816,347.0,10.0
7830,UCLVwgJVAzHwA-zv88mrAeZw,낄낄상회,GhlrovMaMNY,와이프 몰래 해외여행,2026-04-16T12:12:18Z,,False,0,0.0,0.0
7830,UCLVwgJVAzHwA-zv88mrAeZw,낄낄상회,cCUNL9vhRnk,매형이랑 무슨관계,2026-04-17T09:00:55Z,138.0,False,41200,371.0,7.0
7830,UCLVwgJVAzHwA-zv88mrAeZw,낄낄상회,1Be4r-UfBVM,오빠 뭘 잘못했는데,2026-04-18T09:00:02Z,125.0,False,43254,412.0,10.0
7830,UCLVwgJVAzHwA-zv88mrAeZw,낄낄상회,NYQkhrdfU0E,여친과 아내의 차이,2026-04-19T04:00:19Z,552.0,False,119736,1860.0,136.0
7830,UCLVwgJVAzHwA-zv88mrAeZw,낄낄상회,0qSzFYRySWQ,상남자 추성훈 알고보니 큐티뾰짝 에겐남?!,2026-04-20T09:00:04Z,119.0,False,32863,268.0,18.0
7830,UCLVwgJVAzHwA-zv88mrAeZw,낄낄상회,FBPoJ3uuhgE,처남..! 거기는 안돼…,2026-04-21T09:00:18Z,162.0,False,9443,169.0,3.0
7830,UCLVwgJVAzHwA-zv88mrAeZw,낄낄상회,KOD_blXa79k,최고의 궁합 찾기,2026-04-22T03:30:28Z,481.0,False,49996,941.0,36.0
7830,UCLVwgJVAzHwA-zv88mrAeZw,낄낄상회,zITbPKUOsyg,존잘 키작남 vs  대머리 키큰남,2026-04-22T09:01:24Z,87.0,False,48495,408.0,32.0
7830,UCLVwgJVAzHwA-zv88mrAeZw,낄낄상회,m2kLqpUe8Q4,스타트업 대표랑 연애하면 안되는 이유,2026-04-23T09:01:10Z,122.0,False,45455,459.0,9.0
7830,UCLVwgJVAzHwA-zv88mrAeZw,낄낄상회,_ZPEsdJJW7U,여보 밖에서 보면 이상하게 생각할 거 같아,2026-04-24T09:01:02Z,107.0,False,41320,368.0,8.0
7830,UCLVwgJVAzHwA-zv88mrAeZw,낄낄상회,QTWnA31LMIQ,피해망상증 걸린 여자,2026-04-25T09:00:36Z,92.0,False,52975,493.0,21.0
7830,UCLVwgJVAzHwA-zv88mrAeZw,낄낄상회,1TYPkFq8cOw,형부 잘잡아요,2026-04-26T04:30:00Z,490.0,False,146648,2118.0,191.0
7830,UCLVwgJVAzHwA-zv88mrAeZw,낄낄상회,zTBEhmU5nrc,손님 차별로 논란터진 중소기업,2026-04-27T09:01:19Z,131.0,False,33542,342.0,5.0
7830,UCLVwgJVAzHwA-zv88mrAeZw,낄낄상회,ze2ZoBbsNFE,결혼하고 제일 현타오는 순간,2026-04-28T09:01:20Z,119.0,False,47968,432.0,17.0
7830,UCLVwgJVAzHwA-zv88mrAeZw,낄낄상회,j5JDpul1piQ,여보 나 장례식장이야 여보는 안 와도 돼,2026-04-29T09:01:04Z,156.0,False,121497,594.0,15.0
7830,UCLVwgJVAzHwA-zv88mrAeZw,낄낄상회,E4tlhaT4B2M,아내를 사랑하는 모임 (?),2026-04-30T03:00:13Z,546.0,False,25938,686.0,22.0
7830,UCLVwgJVAzHwA-zv88mrAeZw,낄낄상회,2uT7aycsb_M,썸남 회사에 면접 온 여자 보고  눈 돌아간 건물주 누나의 만행 ㄷㄷ,2026-04-30T09:00:06Z,112.0,False,24212,293.0,4.0
7830,UCLVwgJVAzHwA-zv88mrAeZw,낄낄상회,1_3PcYVRXdM,웨이팅해서 들어가는 장례식장 ㅋㅋㅋㅋ,2026-05-01T09:00:03Z,154.0,False,36004,327.0,4.0
7830,UCLVwgJVAzHwA-zv88mrAeZw,낄낄상회,PIOwlAXl30I,처남이랑 술 마시고 잤는데  집에 찾아온 '전 아내',2026-05-02T09:00:39Z,90.0,False,35567,246.0,4.0
7830,UCLVwgJVAzHwA-zv88mrAeZw,낄낄상회,WEmhWeVmvSg,잘 버는 사람들끼리 모이면 계산은 누가할까 ?,2026-05-03T03:00:36Z,563.0,False,199320,1852.0,156.0
7830,UCLVwgJVAzHwA-zv88mrAeZw,낄낄상회,eir59qzR5Us,산업 스파이로 밝혀진  20대 유명 여자 웹툰작가,2026-05-04T09:01:00Z,72.0,False,24965,281.0,6.0
7830,UCLVwgJVAzHwA-zv88mrAeZw,낄낄상회,HNYWbSJ4rhk,이혼한 전아내의 재혼 시그널,2026-05-05T09:00:19Z,122.0,False,45822,400.0,11.0
7830,UCLVwgJVAzHwA-zv88mrAeZw,낄낄상회,zw3ogpYDvqE,장례시작을 2차로 ㅋㅋㅋㅋㅋㅋ,2026-05-06T09:01:31Z,148.0,False,17801,212.0,2.0
7830,UCLVwgJVAzHwA-zv88mrAeZw,낄낄상회,YI-aa4zA_II,와이프 심부름 다니는 남편 특,2026-05-07T03:00:38Z,401.0,False,66012,1183.0,60.0
7830,UCLVwgJVAzHwA-zv88mrAeZw,낄낄상회,dI1kyqEUrk8,이혼한 아내가  집안을 뒤진 이유,2026-05-07T09:00:54Z,157.0,False,27844,296.0,5.0
7830,UCLVwgJVAzHwA-zv88mrAeZw,낄낄상회,MhKMw6qOe3k,거세당한 친오빠 ㅋㅋ,2026-05-08T09:00:30Z,88.0,False,33226,341.0,9.0
7830,UCLVwgJVAzHwA-zv88mrAeZw,낄낄상회,oAZ2s8lkkKw,이혼하고 몰래 여자 만나는 줄 알았던 전 남편의 충격적인 근황 ㄷㄷ,2026-05-09T09:01:08Z,88.0,False,46659,394.0,10.0
7830,UCLVwgJVAzHwA-zv88mrAeZw,낄낄상회,orwbngqm724,유부남 합법적 술자리 [ 장례식장 횟집 ],2026-05-10T03:01:02Z,510.0,False,263207,2821.0,237.0
7830,UCLVwgJVAzHwA-zv88mrAeZw,낄낄상회,hpwxyBrxcbA,결혼 기념일 까먹어서 이혼한 남편,2026-05-11T09:00:55Z,118.0,False,26131,221.0,4.0
7830,UCLVwgJVAzHwA-zv88mrAeZw,낄낄상회,OddTV-SY9zs,역대급 오디션 빌런 등장 심사위원이 멘붕 온 이유,2026-05-12T09:00:23Z,173.0,False,26581,243.0,8.0
7830,UCLVwgJVAzHwA-zv88mrAeZw,낄낄상회,hHwdz8gd6d0,"FA컵 결승전, 당신의 선택은 ? 좌 우 ? 맨시티 첼시 ?",2026-05-13T03:00:41Z,484.0,False,92966,1446.0,118.0
7830,UCLVwgJVAzHwA-zv88mrAeZw,낄낄상회,dwK_PMJT40k,현실 남매가 카페에서 싸우면 생기는 일 손님 당황 주의,2026-05-13T09:00:49Z,65.0,False,21641,197.0,3.0
7830,UCLVwgJVAzHwA-zv88mrAeZw,낄낄상회,TXhlf2-enrE,개그콘서트 공채 면접 현장,2026-05-14T09:00:43Z,101.0,False,17536,166.0,2.0
7830,UCLVwgJVAzHwA-zv88mrAeZw,낄낄상회,9Wr6tb-emrU,여동생 남친이랑 사귀는 오빠,2026-05-15T09:00:12Z,65.0,False,30550,294.0,2.0
7831,UC2o_y872S6YvaO1K8EYnoxg,조재원,LFDhDp2Ti20,우지라면이 뭐시다냐,2026-01-07T08:00:23Z,387.0,False,134495,2281.0,158.0
7831,UC2o_y872S6YvaO1K8EYnoxg,조재원,AxQQYDqV2r4,두바이쫀득쿠키가 대체 뭐시다냐,2026-01-10T03:00:15Z,441.0,False,318599,5268.0,329.0
7831,UC2o_y872S6YvaO1K8EYnoxg,조재원,cPqqDRIeeXo,두바이가 돈 다 벌어가부네,2026-01-11T11:30:41Z,45.0,True,119571,1413.0,28.0
7831,UC2o_y872S6YvaO1K8EYnoxg,조재원,TrCKVmN3euA,털이 없어요,2026-01-18T11:30:25Z,46.0,True,90224,757.0,32.0
7831,UC2o_y872S6YvaO1K8EYnoxg,조재원,_Ni3Z_nP8Kg,썩바리 아들🔥 개업한 가게 찾아가서 냉정하게 평가해분다❗️with. 식당 30년 경력이다잉,2026-01-21T08:00:47Z,603.0,False,348196,4419.0,325.0
7831,UC2o_y872S6YvaO1K8EYnoxg,조재원,5u-X6EzQZ-8,엄마의 플러팅,2026-01-26T11:30:04Z,56.0,True,91779,1023.0,14.0
7831,UC2o_y872S6YvaO1K8EYnoxg,조재원,3U1BGhwYm9U,시어머니 vs 100kg 며느리🔥 마라탕 10종 리뷰ㅋㅋㅋㅋㅋㅋ,2026-01-31T04:30:02Z,660.0,False,570503,6426.0,356.0
7831,UC2o_y872S6YvaO1K8EYnoxg,조재원,v7LEgJivzf8,산멧돼지와 마라탕,2026-02-01T11:30:51Z,56.0,True,141945,1372.0,20.0
7831,UC2o_y872S6YvaO1K8EYnoxg,조재원,wrOryjMlorQ,[폭식원] 39kg 이희태 실신.. 김동금 극대노 with.왕멸치,2026-02-04T05:30:35Z,432.0,False,422100,6781.0,731.0
7831,UC2o_y872S6YvaO1K8EYnoxg,조재원,GO8CgjCOkPs,왕멸치 감금,2026-02-06T11:30:16Z,54.0,True,145245,1766.0,36.0
7831,UC2o_y872S6YvaO1K8EYnoxg,조재원,_VA6dLPet2k,[폭식원] 두쫀쿠 100개 다 먹을때까지 감금.. 디저트만 10kg with. 보물섬 이현석,2026-02-14T03:15:02Z,456.0,False,374493,5734.0,615.0
7831,UC2o_y872S6YvaO1K8EYnoxg,조재원,3i_qO5d-tj8,예민한 돼지,2026-02-17T11:30:03Z,49.0,True,152032,1732.0,37.0
7831,UC2o_y872S6YvaO1K8EYnoxg,조재원,1tuG8nsZ5NM,[폭식원] 초대형 봄동 비빔밥.. 냉장고 약탈 당해 김동금 실신 with.유노,2026-02-25T08:00:02Z,534.0,False,1157353,15737.0,1213.0
7831,UC2o_y872S6YvaO1K8EYnoxg,조재원,QplJxh6YNPs,그만 좀 먹어라잉,2026-02-27T11:45:09Z,48.0,True,9803738,103802.0,674.0
7831,UC2o_y872S6YvaO1K8EYnoxg,조재원,rZUJcK7IROo,여동생 데리고 고라니와 비명소리 대결 시키깈ㅋㅋㅋㅋㅋㅋ,2026-02-28T03:01:03Z,848.0,False,59292,1095.0,113.0
7831,UC2o_y872S6YvaO1K8EYnoxg,조재원,Fsd7SxI02XQ,고라니 만날 확률,2026-03-02T12:00:27Z,48.0,True,79294,579.0,10.0
7831,UC2o_y872S6YvaO1K8EYnoxg,조재원,MPnGid_kSVY,민정이 시집간다고? 너의 모든걸 강제로 검사한다잉 with. 박민정,2026-03-04T08:45:01Z,514.0,False,473231,5009.0,433.0
7831,UC2o_y872S6YvaO1K8EYnoxg,조재원,jmEhc4sTN_k,혹독한 신부 교육,2026-03-06T11:30:42Z,44.0,True,1338295,10254.0,188.0
7831,UC2o_y872S6YvaO1K8EYnoxg,조재원,sNR1jEwDcb0,길거리에서 여동생이랑 붕어빵 1000개 팔아보깈ㅋㅋㅋㅋㅋㅋㅋ,2026-03-07T03:01:02Z,645.0,False,104885,1750.0,132.0
7831,UC2o_y872S6YvaO1K8EYnoxg,조재원,8GFq6t1U6dE,붕어빵장사 수익,2026-03-09T11:45:00Z,49.0,True,301940,2688.0,21.0
7831,UC2o_y872S6YvaO1K8EYnoxg,조재원,m548eahns4I,워메 벌써 애가 둘이라고? 오늘 실컷 울어부렀다 with. 홍영기,2026-03-11T08:00:49Z,606.0,False,228567,3152.0,104.0
7831,UC2o_y872S6YvaO1K8EYnoxg,조재원,Agrq4dC9boc,아들 키우는 법,2026-03-12T11:30:05Z,36.0,True,320140,3571.0,28.0
7831,UC2o_y872S6YvaO1K8EYnoxg,조재원,2xQp57_5NkQ,70살 동금이가 인정한 도쿄 찐 맛집 투어🔥 feat. 금슐랭가이드,2026-03-19T08:00:04Z,843.0,False,83963,1596.0,97.0
7831,UC2o_y872S6YvaO1K8EYnoxg,조재원,gkycrzxuJP0,소통의 달인,2026-03-20T11:30:41Z,43.0,True,192664,1886.0,16.0
7831,UC2o_y872S6YvaO1K8EYnoxg,조재원,ElEdGNmYu2w,워메 밥도 못하는 썩바리 환장해부러 with. 유소나,2026-03-21T03:00:12Z,467.0,False,232126,1897.0,276.0
7831,UC2o_y872S6YvaO1K8EYnoxg,조재원,HuQlOmWs7NM,공포의 쌀 씻기,2026-03-23T11:30:29Z,36.0,True,119949,861.0,28.0
7831,UC2o_y872S6YvaO1K8EYnoxg,조재원,AcG2Sotz_54,한 끼에 44만원,2026-03-24T11:30:08Z,52.0,True,316481,3827.0,48.0
7831,UC2o_y872S6YvaO1K8EYnoxg,조재원,L-JbRQMV0Fs,[폭식원] 귀여운 원식쨩 등장💕 실신한 동금쨩.. with. 김원식,2026-03-25T08:00:31Z,311.0,False,165463,2903.0,322.0
7831,UC2o_y872S6YvaO1K8EYnoxg,조재원,88Cs5r6_Xzk,편식 고치는 법,2026-03-26T11:30:04Z,53.0,True,128432,1619.0,43.0
7831,UC2o_y872S6YvaO1K8EYnoxg,조재원,kszTXLlhbe8,너 예콩이 맞다냐? 엄청 컸다잉🔥 with. 예콩이,2026-03-28T03:00:00Z,426.0,False,266953,3012.0,220.0
7831,UC2o_y872S6YvaO1K8EYnoxg,조재원,j_qAFIgbrWI,강력한 초딩,2026-03-30T11:30:00Z,37.0,True,162933,1524.0,24.0
7831,UC2o_y872S6YvaO1K8EYnoxg,조재원,vineENOMzVs,써글 디진다돈까스가 뭐시다냐,2026-04-04T08:00:52Z,335.0,False,230573,3858.0,258.0
7831,UC2o_y872S6YvaO1K8EYnoxg,조재원,Fxnb21pYTOs,롯데리아 디진다,2026-04-06T11:30:12Z,30.0,True,72295,854.0,28.0
7831,UC2o_y872S6YvaO1K8EYnoxg,조재원,lPg7oui-z7o,20만원짜리 사탕,2026-04-07T11:30:43Z,41.0,True,1082207,10948.0,91.0
7831,UC2o_y872S6YvaO1K8EYnoxg,조재원,GJrSukFFc8U,티익스프레스 58년생 김동금 기절,2026-04-11T03:00:16Z,335.0,False,228752,5023.0,533.0
7831,UC2o_y872S6YvaO1K8EYnoxg,조재원,9k5QFmguHUw,티익스프레스 도전,2026-04-15T11:30:06Z,53.0,True,798182,5891.0,621.0
7831,UC2o_y872S6YvaO1K8EYnoxg,조재원,1mrCpINeUiE,여기 사장 나오라그래!!! 디진다 돈까스 최초 신메뉴 최고단계 도전ㅋㅋㅋㅋㅋㅋㅋ,2026-04-18T11:15:00Z,417.0,False,312715,4217.0,282.0
7831,UC2o_y872S6YvaO1K8EYnoxg,조재원,sJgn3bnfgMA,디진다 사장이 너여?,2026-04-20T11:45:15Z,50.0,True,1204934,13137.0,189.0
7831,UC2o_y872S6YvaO1K8EYnoxg,조재원,c5bEe-F5au0,열받아서 아들 몰래카메라 해불란다 with. 테무에 중독된 엄마,2026-04-22T08:00:42Z,384.0,False,60589,1322.0,83.0
7831,UC2o_y872S6YvaO1K8EYnoxg,조재원,w7GkcsfO6kw,사투리 쓰는 외국인,2026-04-23T11:30:49Z,40.0,True,58153,660.0,11.0
7831,UC2o_y872S6YvaO1K8EYnoxg,조재원,Tmt3pMLC-rw,[폭식원] 끝도 없이 먹는 맘모스 등장.. 공포의 김동금 with. 만리,2026-04-29T08:00:36Z,502.0,False,236839,3466.0,296.0
7831,UC2o_y872S6YvaO1K8EYnoxg,조재원,Cw39-Q-xw70,배부른 맘모스,2026-04-30T11:30:08Z,37.0,True,287063,2838.0,28.0
7831,UC2o_y872S6YvaO1K8EYnoxg,조재원,Z2uLUSKHRPo,[폭식원] 다 쓸어먹는 악마 재소환.. 냉장고 통째로 가져와 충격 with. 유노,2026-05-02T03:00:41Z,481.0,False,510004,8017.0,607.0
7831,UC2o_y872S6YvaO1K8EYnoxg,조재원,l06IHO5o4og,도토리묵 멸종 사건,2026-05-04T13:20:00Z,42.0,True,1638200,13998.0,129.0
7831,UC2o_y872S6YvaO1K8EYnoxg,조재원,3jHXaLN_5e0,안씻고 자빠져 자는 아들 방에서 마라탕 찢어부렀다,2026-05-06T08:45:00Z,453.0,False,308749,4987.0,320.0
7831,UC2o_y872S6YvaO1K8EYnoxg,조재원,iM41oYeMSJY,땅콩 소스 킬러,2026-05-07T11:30:42Z,53.0,True,235983,2525.0,49.0
7831,UC2o_y872S6YvaO1K8EYnoxg,조재원,Hvx3k2QJf4g,유노 출입 금지,2026-05-08T11:30:13Z,45.0,True,1281244,13413.0,85.0
7831,UC2o_y872S6YvaO1K8EYnoxg,조재원,S5fCSyaLNE0,새벽에 산멧돼지 며느리랑 닭최몇 ASMR,2026-05-13T08:00:23Z,388.0,False,100428,2066.0,178.0
7831,UC2o_y872S6YvaO1K8EYnoxg,조재원,ORZNZTD3R_E,벌크업 먹방,2026-05-14T10:00:36Z,47.0,True,35046,367.0,16.0
7831,UC2o_y872S6YvaO1K8EYnoxg,조재원,CvxNIL9Ka9s,강제 취침,2026-05-15T10:00:30Z,36.0,True,449085,5050.0,51.0
7832,UCJL4eKjZ3hPCtDvsWLh5Wng,원더로그 WONDER LOG ,s-f9iRDU-DU,세계최고의 해변 괌 리티디안비치! 괌 필수코스 #shorts #쇼츠,2023-02-02T07:00:16Z,60.0,True,37019,355.0,3.0
7832,UCJL4eKjZ3hPCtDvsWLh5Wng,원더로그 WONDER LOG ,sCv8Qx_q_Qg,공짜 눈썰매장 강원도 평창 비밀장소 최초공개! 미친 속도감 대결! 눈썰매 스피드 배틀! Speed battle,2023-02-05T01:00:31Z,288.0,False,18287,33.0,0.0
7832,UCJL4eKjZ3hPCtDvsWLh5Wng,원더로그 WONDER LOG ,JSTu791os4Q,엄청 빠른 눈썰매 스피드 #쇼츠 #shorts,2023-02-14T06:00:12Z,60.0,True,27018,266.0,1.0
7832,UCJL4eKjZ3hPCtDvsWLh5Wng,원더로그 WONDER LOG ,qIIYeHnSwJI,아슬아슬 휴지로 물컵끌기 챌린지! 원더로그 스릴만점 흔한 가족놀이 Roll The Paper Challenge l FUN CHALLENGE,2023-02-18T01:22:19Z,365.0,False,23798,47.0,5.0
7832,UCJL4eKjZ3hPCtDvsWLh5Wng,원더로그 WONDER LOG ,slBxpR2r_jo,이게 된다고? 허리 튕기기 대결 가족놀이 #쇼츠 #shorts,2023-03-01T03:01:32Z,60.0,True,29528,293.0,0.0
7832,UCJL4eKjZ3hPCtDvsWLh5Wng,원더로그 WONDER LOG ,nPecRKqQKPs,움직이지마! 초집중게임 챌린지 도전! 가족 챌린지 funny challenge  do not move challenge,2023-03-25T02:00:12Z,193.0,False,18061,44.0,0.0
7832,UCJL4eKjZ3hPCtDvsWLh5Wng,원더로그 WONDER LOG ,rAdIMQk4xd8,경복궁 한복 입고 가면 공짜? 고궁투어 나혼자산다 한복 데이트코스 🎎 종로 경복궁 광화문 투어 꿀팁 주말가족나들이 고궁 추천,2023-04-22T01:00:31Z,651.0,False,8124,23.0,8.0
7832,UCJL4eKjZ3hPCtDvsWLh5Wng,원더로그 WONDER LOG ,FA9r7LqpQzY,나랑 똑같이 생긴 복제인간이 나타난다면? 나랑 똑같이 생긴 복제인간 유니버스? 클론의 습격  clone wars l Ghost clone,2023-05-13T02:00:05Z,365.0,False,78392,225.0,
7832,UCJL4eKjZ3hPCtDvsWLh5Wng,원더로그 WONDER LOG ,fPcH5XpTo5o,"박진감 넘치는 수영 대결! 전국 유소년 수영대회 출전! 과연, 결과는? 재이와 지수의 수영실력 swim competition [원더로그]",2023-05-27T02:45:45Z,841.0,False,8345,35.0,12.0
7832,UCJL4eKjZ3hPCtDvsWLh5Wng,원더로그 WONDER LOG ,JHWsLqfJ1Yc,진짜? 재이의 시력이 이렇게 나쁘다니 ㅠㅠ  초등학생 시력검사하고 안경 맞추기 l 원더키즈 vlog l 재이의 첫안경,2023-06-17T02:24:06Z,516.0,False,15988,54.0,5.0
7832,UCJL4eKjZ3hPCtDvsWLh5Wng,원더로그 WONDER LOG ,fAfBD0eODWs,웃기는 대결! 얼굴로 랩뚫기~ 빨대게임 m&m 초콜렛게임 Funny battle challenge,2023-06-24T01:00:13Z,911.0,False,18989,48.0,3.0
7832,UCJL4eKjZ3hPCtDvsWLh5Wng,원더로그 WONDER LOG ,tQkUw58kKc4,이게 가능해? 떨어지는 동전을 컵으로 받아라! 벌칙게임 가족게임 순발력챌린지 speed coin cup challenge,2023-07-15T03:46:19Z,856.0,False,7203,34.0,5.0
7832,UCJL4eKjZ3hPCtDvsWLh5Wng,원더로그 WONDER LOG ,gAy6VCHdfAY,만약에 나랑 똑같이 생긴 복제인간이 나타난다면? clone? ghost?,2023-07-25T07:00:25Z,842.0,False,328533,239.0,0.0
7832,UCJL4eKjZ3hPCtDvsWLh5Wng,원더로그 WONDER LOG ,8qzgPNRAXKg,워터파크와 수영장이 최고였던 베트남 푸꾸옥 풀만리조트 l 원더키즈tv가 간다 [원더로그] vietnam,2023-08-05T02:30:07Z,1001.0,False,16142,41.0,3.0
7832,UCJL4eKjZ3hPCtDvsWLh5Wng,원더로그 WONDER LOG ,WEWmVQWMOF4,사이판에서 인생 최고의 바다를 만났습니다. 사이판 여행 맛보기 그루토 ~ Saipan Travel Prolog,2023-08-22T07:00:12Z,27.0,True,7745,31.0,4.0
7832,UCJL4eKjZ3hPCtDvsWLh5Wng,원더로그 WONDER LOG ,vKRfuBaZ5MI,사이판 여행 가기전에 꼭 보세요! 사이판 가족여행 그루토 & 마나가하섬 l 사이판 1부 SAIPAN GROTTO & MANAGAHA ISLAND,2023-09-04T01:27:52Z,743.0,False,4990,17.0,10.0
7832,UCJL4eKjZ3hPCtDvsWLh5Wng,원더로그 WONDER LOG ,KbkfOUhXVbg,남이섬이 액티비티의 천국이라고? 남이섬 짚와이어 vs 트리코스터 vs 트리고 직접 타보고 리뷰합니다! 에버랜드보다 100배 신나는 남이섬,2023-09-22T06:00:27Z,856.0,False,11798,91.0,26.0
7832,UCJL4eKjZ3hPCtDvsWLh5Wng,원더로그 WONDER LOG ,UBwqhgRoqG8,남이섬 수상레져 미쳤다! 스릴을 즐기고 싶다면 남이섬에서 수상스포츠 즐겨보세요! 남이섬이 워터파크 보다 훨씬 재밌어요! 디스코팡팡 스피드보트,2023-09-27T05:41:25Z,551.0,False,11724,39.0,14.0
7832,UCJL4eKjZ3hPCtDvsWLh5Wng,원더로그 WONDER LOG ,Z7WwR8XinQM,아이디어가 필요합니다! 초등학생 여러분 도와주세요! 상상이 현실이 되는 어린이보호구역 아이디어 공모전,2023-10-02T00:36:16Z,189.0,False,20383,431.0,5.0
7832,UCJL4eKjZ3hPCtDvsWLh5Wng,원더로그 WONDER LOG ,jHONFTGYAkU,남이섬까지 스피드보트 타고 가면 얼마나 걸릴까? 남이섬 제대로 즐기기,2023-10-13T01:42:15Z,739.0,False,5977,28.0,3.0
7832,UCJL4eKjZ3hPCtDvsWLh5Wng,원더로그 WONDER LOG ,C_9NYZkyDvE,여러분들이 어린이보호구역 아이디어 공모전의 심사위원이 되어주세요! 국민투표 참여로 직접 아이디어를 뽑아주세요,2023-10-21T00:39:29Z,221.0,False,11642,34.0,6.0
7832,UCJL4eKjZ3hPCtDvsWLh5Wng,원더로그 WONDER LOG ,Z-DibH8FbzE,용평리조트 제대로 즐기는 방법! 발왕산 케이블카 & 스카이워크! 딥다이브 알파카목장 마운틴코스터 ~ 평창여행 추천 용평리조트,2023-11-04T00:21:06Z,1223.0,False,20620,715.0,3.0
7832,UCJL4eKjZ3hPCtDvsWLh5Wng,원더로그 WONDER LOG ,yDKUYs5s9U0,짱 빠른 용평리조트 마운틴코스트 일인칭시점 #쇼츠 #shorts,2024-01-05T07:00:31Z,59.0,True,8982,112.0,0.0
7832,UCJL4eKjZ3hPCtDvsWLh5Wng,원더로그 WONDER LOG ,qL6Wrm8m3To,특별한 크리스마스를 보내는 방법? 비싼 크리스마스선물 필요 없어요! 랜덤 선물뽑기 Christmas is all around (feat. 화이트 크리스마스),2024-01-05T07:23:17Z,842.0,False,5238,27.0,3.0
7832,UCJL4eKjZ3hPCtDvsWLh5Wng,원더로그 WONDER LOG ,cT6wvR9iXdQ,알파카 목장이 있는 리조트가 있다고? 용평리조트 애니포레 알파카목장이 있어요,2024-03-11T04:05:48Z,547.0,False,7445,67.0,5.0
7832,UCJL4eKjZ3hPCtDvsWLh5Wng,원더로그 WONDER LOG ,C8rtoScnggU,죄송합니다. 1년만에 돌아온 속마음 고백하는 사과영상. 평범하지만 특별한 일상의 기록 원더로그 wonder log,2024-08-03T03:11:02Z,349.0,False,4356,31.0,23.0
7832,UCJL4eKjZ3hPCtDvsWLh5Wng,원더로그 WONDER LOG ,Rq4DM5IuOkI,내가 소리 지르는 이유~ 남이섬 짚와이어~ 높이 80M 시속 80KM #쇼츠 #SHORTS #남이섬,2024-08-06T01:07:06Z,60.0,True,2763,16.0,2.0
7832,UCJL4eKjZ3hPCtDvsWLh5Wng,원더로그 WONDER LOG ,rMzN8toH7Rg,올 여름 이거 하나면 끝장! 패들보드 강력추천 #대박재미 #쇼츠 #shorts #여름바다 #원더로그,2024-08-08T04:04:48Z,60.0,True,6256,43.0,0.0
7832,UCJL4eKjZ3hPCtDvsWLh5Wng,원더로그 WONDER LOG ,SqgpiBWWgyc,초인적인 순발력이 뭔지 보여줄까? #순발력 #순발력게임 #쇼츠 #SHORTS #원더로그,2024-08-09T05:09:31Z,59.0,True,2333,20.0,
7832,UCJL4eKjZ3hPCtDvsWLh5Wng,원더로그 WONDER LOG ,EOTMhE2-Z_I,필리핀 보라카이 100만원 싸게 가는 방법! 보라카이 까띠끌란으로 경유하는 5박6일 자유여행 크림슨리조트 #보라카이 경유하면 여행이 즐거워진다 l 원더로그,2024-08-17T10:52:00Z,761.0,False,13346,75.0,43.0
7832,UCJL4eKjZ3hPCtDvsWLh5Wng,원더로그 WONDER LOG ,QxxBneMifNc,필리핀 보라카이 리조트 고민이라면 무조건 크림슨리조트 🏝️ 보라카이 크림슨 리조트 5박6일 boracay crimson resort | 원더로그,2024-08-29T09:17:38Z,923.0,False,13879,84.0,41.0
7832,UCJL4eKjZ3hPCtDvsWLh5Wng,원더로그 WONDER LOG ,SohEgRZ1l9Q,보라카이 리조트 고민 중이라면~ 무조건 크림슨 리조트 #보라카이 #크림슨리조트 #쇼츠 #shorts #boracay #원더로그,2024-08-30T01:20:32Z,60.0,True,2879,28.0,0.0
7832,UCJL4eKjZ3hPCtDvsWLh5Wng,원더로그 WONDER LOG ,pzfaAqyPBSo,보라카이 크림슨리조트 프라이빗비치에서 프리다이빙 연습 #보라카이 #크림슨리조트 #프라이빗비치 #프리다이빙 #스노클링 #쇼츠 #shorts #원더로그,2024-09-01T01:01:47Z,60.0,True,5430,42.0,0.0
7832,UCJL4eKjZ3hPCtDvsWLh5Wng,원더로그 WONDER LOG ,Xp5Y47TbHy8,"사이판 PIC 이보다 좋을수 없다~ 사이판 5박6일 추천코스 l 마나가하섬 스노클링, 그루토, 일본군최후사령부, 만세절벽",2024-09-07T09:44:28Z,1085.0,False,7264,26.0,7.0
7832,UCJL4eKjZ3hPCtDvsWLh5Wng,원더로그 WONDER LOG ,Fu3Rn0_fH4Y,알파카 만져봤어? 용평리조트에 알파카목장 있다? #알파카 #용평리조트 #알파카농장,2024-09-10T01:48:16Z,58.0,True,1937,12.0,0.0
7832,UCJL4eKjZ3hPCtDvsWLh5Wng,원더로그 WONDER LOG ,IndY3ReX-v4,남이섬 트리코스터 타봤어? 스릴만점 액티비티 #남이섬 #트리코스터 #액티비티,2024-09-12T08:24:50Z,60.0,True,2367,21.0,0.0
7832,UCJL4eKjZ3hPCtDvsWLh5Wng,원더로그 WONDER LOG ,vRa8Qt2WXiw,동묘 숨겨진 맛집을 찾아라! 동묘 맛집 배불 🤓 난생 처음 와본 동묘에서 진짜 보물을 찾았다 #동묘 ㅣ원더로그,2024-09-16T03:23:06Z,956.0,False,4632,41.0,14.0
7832,UCJL4eKjZ3hPCtDvsWLh5Wng,원더로그 WONDER LOG ,H2fQlWYCoZg,나만 모르는 동묘 맛집 배불 😙 동묘맛집 추천 #동묘 #배불 #동묘맛집#원더로그,2024-09-19T08:43:57Z,60.0,True,19048,218.0,2.0
7832,UCJL4eKjZ3hPCtDvsWLh5Wng,원더로그 WONDER LOG ,oy1k-peGbi4,나만 안가본 미디어아트 딥다이브 #미디어아트 #딥다이브 #쇼츠 #shorts #원더로그,2024-09-24T07:49:54Z,59.0,True,1691,22.0,1.0
7832,UCJL4eKjZ3hPCtDvsWLh5Wng,원더로그 WONDER LOG ,nzOT9lLXLcA,보라카이를 사랑하는 이유? 보라카이 여행이 좋은 이유? 보라카이 썬셋 호핑투어 다이빙 l 원더로그 보라카이 3편,2024-09-28T01:05:02Z,1040.0,False,10466,61.0,16.0
7832,UCJL4eKjZ3hPCtDvsWLh5Wng,원더로그 WONDER LOG ,kB64Ipmy2eg,얼마 안 남았다! 나만 아는 여의도 불꽃축제 명당 공개! 2024 여의도 불꽃축제 미리 준비하자 #불꽃축제 #여의도불꽃축제 #불꽃축제명당,2024-10-02T08:07:23Z,60.0,True,13970,163.0,21.0
7832,UCJL4eKjZ3hPCtDvsWLh5Wng,원더로그 WONDER LOG ,XV8WcL8F1s8,보라카이 호핑투어 어때? #보라카이 #호핑투어 #보라카이호핑투어,2024-10-08T01:33:31Z,60.0,True,3884,20.0,0.0
7832,UCJL4eKjZ3hPCtDvsWLh5Wng,원더로그 WONDER LOG ,NEFHKm0NFRA,나만 몰랐던 남이섬 ~ 남이섬은 익스트림한 곳이었다 🛳️ 남이섬 제대로 즐기는 방법! 짚와이어 | 스피트보트 | 트리코스터 | 원더로그,2024-10-08T09:03:26Z,2078.0,False,3240,19.0,5.0
7832,UCJL4eKjZ3hPCtDvsWLh5Wng,원더로그 WONDER LOG ,EGvMAetGBww,남이섬 디스코팡팡 어때? #디스코팡팡 #남이섬 #수상레져,2024-10-10T01:36:13Z,60.0,True,3043,19.0,0.0
7832,UCJL4eKjZ3hPCtDvsWLh5Wng,원더로그 WONDER LOG ,ywChWZsGpTA,남이섬 플라잉피쉬 어때? #남이섬 #플라잉피쉬 #가오리 #남이섬수상레져 #수상레져,2024-10-13T01:41:41Z,60.0,True,2335,21.0,0.0
7832,UCJL4eKjZ3hPCtDvsWLh5Wng,원더로그 WONDER LOG ,SXGRu4P7NB8,남이섬 스피드보트 어때? #남이섬 #스피드보트 #수상레져,2024-10-15T01:12:28Z,59.0,True,1875,23.0,0.0
7832,UCJL4eKjZ3hPCtDvsWLh5Wng,원더로그 WONDER LOG ,BR1_8lO09tQ,요즘은 학생증 사진 다 이렇게 찍는다고? 아재는 모르는 요즘 갬성 사진관 (이정도면 사기 아니냐?),2025-05-10T04:00:09Z,580.0,False,1665,24.0,8.0
7832,UCJL4eKjZ3hPCtDvsWLh5Wng,원더로그 WONDER LOG ,fbDX4ps5kBM,동남아 필리핀 보라카이 자유여행 계획중이라면?  비행기부터 리조트까지 100만원 싸게 가는법 #보라카이경유 #보라카이리조트 #보라카이자유여행 #크림슨리조트,2025-05-23T08:00:46Z,2443.0,False,34773,232.0,80.0
7832,UCJL4eKjZ3hPCtDvsWLh5Wng,원더로그 WONDER LOG ,BwRloqbGILQ,믿어도 되나? 4명에 2천페소(5만원) 동굴투어와 스노클링까지! 보라카이 호객꾼 대처법 (feat. 화이트비치에 파도가 치면 일리간비치) #화이트비치 #일리간비치 #보라카이,2025-09-05T08:00:14Z,766.0,False,5060,39.0,21.0
7832,UCJL4eKjZ3hPCtDvsWLh5Wng,원더로그 WONDER LOG ,YBbB_3zMytA,보라카이 4인가족 5박6일에 192만원이면 싸다? 비싸다? 크림슨리조트 스위트룸 (feat. 보라카이 7번째 가족여행),2025-11-11T07:07:00Z,892.0,False,3953,17.0,13.0
7833,UClRNDVO8093rmRTtLe4GEPw,곽튜브,aqpwUgOIh34,지상 3층 반지하 숙소,2025-06-26T10:32:39Z,60.0,True,93415,872.0,19.0
7833,UClRNDVO8093rmRTtLe4GEPw,곽튜브,KoPCdgWYTa4,고도비만 환자가 7일 동안 제로음식만 섭취 후 일어난 기적,2025-07-10T10:00:29Z,1290.0,False,1888627,21744.0,3618.0
7833,UClRNDVO8093rmRTtLe4GEPw,곽튜브,2NNax0aqqqA,850만원짜리 나의 새로운 캠핑카 - 캠핑카(上),2025-07-21T10:00:04Z,1444.0,False,1579200,20284.0,1490.0
7833,UClRNDVO8093rmRTtLe4GEPw,곽튜브,tIe8Ydm2btM,성인남녀 넷이서 레이에서 하룻밤 대작전 - 캠핑카(下),2025-07-28T10:00:29Z,1580.0,False,1271214,18941.0,1352.0
7833,UClRNDVO8093rmRTtLe4GEPw,곽튜브,Jy9V3yKLnXA,가이드가 더 먹는 괴상한 3박 4일 태국먹방투어,2025-08-13T10:30:50Z,3854.0,False,1571776,21458.0,1614.0
7833,UClRNDVO8093rmRTtLe4GEPw,곽튜브,scKgTEIxR8c,세기의 무에타이 대결,2025-08-18T06:43:18Z,95.0,False,72939,944.0,36.0
7833,UClRNDVO8093rmRTtLe4GEPw,곽튜브,94kLpOFfXY0,방콕 마사지 무조건 스트롱,2025-08-18T06:45:13Z,61.0,False,67769,520.0,4.0
7833,UClRNDVO8093rmRTtLe4GEPw,곽튜브,vz4qgjrU1WM,뭔가 이상한 메소드 싸움 연기,2025-08-18T06:45:55Z,23.0,True,154414,883.0,19.0
7833,UClRNDVO8093rmRTtLe4GEPw,곽튜브,bdwKoEG-Whg,예측불허의 위험한 나라 적도기니로 가는 길 - 적도기니(1),2025-08-25T10:00:56Z,2318.0,False,2115866,34917.0,2364.0
7833,UClRNDVO8093rmRTtLe4GEPw,곽튜브,_TBzI3zzR6A,여행하다 처음으로 강도 만난 이야기 - 적도기니(2),2025-09-01T10:01:09Z,2453.0,False,1815097,30006.0,1684.0
7833,UClRNDVO8093rmRTtLe4GEPw,곽튜브,IFfQJl9XAdI,인생의 새로운 시작을 알립니다,2025-09-08T09:00:26Z,351.0,False,2157930,69261.0,11859.0
7833,UClRNDVO8093rmRTtLe4GEPw,곽튜브,i8aZMvq__48,적도기니 시장에서 살아남기 - 적도기니(끝),2025-09-10T09:00:40Z,2320.0,False,1316965,22198.0,1143.0
7833,UClRNDVO8093rmRTtLe4GEPw,곽튜브,wbyLxWtDKC4,오래된 일본 친구의 가족 결혼식 초대하기 - 일본(上),2025-09-15T10:00:57Z,2327.0,False,1522330,27576.0,2434.0
7833,UClRNDVO8093rmRTtLe4GEPw,곽튜브,x8wH6ZuarQ8,다시만난 하숙집 가족과의 따뜻한 재회 - 일본(下),2025-09-22T10:20:08Z,2907.0,False,1144767,18343.0,1244.0
7833,UClRNDVO8093rmRTtLe4GEPw,곽튜브,wH_HRIf2Pfk,경상도 듀오의 숨겨진 부산 맛집을 찾아서,2025-10-01T10:12:19Z,1693.0,False,1439155,23006.0,1337.0
7833,UClRNDVO8093rmRTtLe4GEPw,곽튜브,ZzUa8N30tnI,"1년만에 우즈베키스탄, 험난한 한국 초청 프로젝트",2025-10-07T09:01:06Z,2110.0,False,1805140,43243.0,3168.0
7833,UClRNDVO8093rmRTtLe4GEPw,곽튜브,VDZAJewlh6c,믿기지 않는 나의 결혼식 브이로그,2025-10-20T12:00:55Z,1866.0,False,3264946,93270.0,9547.0
7833,UClRNDVO8093rmRTtLe4GEPw,곽튜브,BPgRNtYiFfM,6년간의 고도비만 다이어트 프로젝트 종료,2025-10-24T10:00:11Z,1578.0,False,993721,14301.0,1425.0
7833,UClRNDVO8093rmRTtLe4GEPw,곽튜브,858W12rdBR4,붕괴직전 스타트업 기사회생 프로젝트,2025-10-30T10:30:57Z,2117.0,False,1152108,16292.0,1414.0
7833,UClRNDVO8093rmRTtLe4GEPw,곽튜브,FjVC7qPPOnY,숨막히는 적도기니 인터넷 충전,2025-10-31T10:00:23Z,65.0,False,81477,889.0,19.0
7833,UClRNDVO8093rmRTtLe4GEPw,곽튜브,_mkQ45N3VqY,3천원에 즐기는 직접 따주는 코코넛,2025-10-31T10:01:12Z,90.0,False,103185,906.0,15.0
7833,UClRNDVO8093rmRTtLe4GEPw,곽튜브,kpoc3Tg-HLA,여행 처음으로 조우한 강도,2025-10-31T10:01:24Z,62.0,False,850981,4051.0,100.0
7833,UClRNDVO8093rmRTtLe4GEPw,곽튜브,YDdH-19bS3s,축의금 대신 이걸로 주세요,2025-11-03T10:01:03Z,8.0,True,1471014,5526.0,76.0
7833,UClRNDVO8093rmRTtLe4GEPw,곽튜브,hGt6UYx4ikk,신부 대신 울어준 새신랑,2025-11-03T10:01:17Z,45.0,True,146930,1545.0,55.0
7833,UClRNDVO8093rmRTtLe4GEPw,곽튜브,jj0zlpLXEcI,비즈니스 파트너 빠니보틀의 축사,2025-11-03T10:01:20Z,75.0,False,227428,2987.0,60.0
7833,UClRNDVO8093rmRTtLe4GEPw,곽튜브,3rKOeK-riCs,오얼사 왼얼사 뜻 아시는 분,2025-11-04T10:00:11Z,53.0,True,134705,704.0,47.0
7833,UClRNDVO8093rmRTtLe4GEPw,곽튜브,ZcCAe1YfcfI,성수동 인지도 테스트 반응 공개,2025-11-04T10:01:05Z,57.0,True,125036,909.0,26.0
7833,UClRNDVO8093rmRTtLe4GEPw,곽튜브,PUXO5o42KPE,믿을 수 없는 나의 신혼여행 브이로그,2025-11-06T09:00:05Z,2198.0,False,2848907,48439.0,9270.0
7833,UClRNDVO8093rmRTtLe4GEPw,곽튜브,Lh4smz_BplA,신혼여행 중 반지분실사건,2025-11-07T10:00:29Z,42.0,True,569346,4900.0,194.0
7833,UClRNDVO8093rmRTtLe4GEPw,곽튜브,OUhC1Q9ZYig,500만원짜리 유명 조각가의 작품,2025-11-07T10:00:44Z,53.0,True,144544,972.0,28.0
7833,UClRNDVO8093rmRTtLe4GEPw,곽튜브,FiEoVg7OcGo,최저가 자전거로 서울에서 강원도까지,2025-11-19T10:00:26Z,2366.0,False,1308517,18632.0,1500.0
7833,UClRNDVO8093rmRTtLe4GEPw,곽튜브,ck_Q-cTXfr8,러시아어 듀오가 고려인마을에 가면 생기는일,2025-12-03T11:32:00Z,2439.0,False,1033361,18462.0,1250.0
7833,UClRNDVO8093rmRTtLe4GEPw,곽튜브,F7HjHN30HQY,세계에서 가장 비싼 나라에 가다 - 핀란드(上),2025-12-11T10:00:26Z,2982.0,False,1819895,23163.0,2278.0
7833,UClRNDVO8093rmRTtLe4GEPw,곽튜브,ibmCanWhlIU,해가 뜨지 않는 북극 오두막 생활 - 핀란드(下),2025-12-17T10:01:16Z,2728.0,False,1460675,19608.0,1115.0
7833,UClRNDVO8093rmRTtLe4GEPw,곽튜브,CJPvnIYd9vs,로또추첨해서 전세계 어디든 보내주는 좋소기업 - 곽컴퍼니(上),2025-12-24T11:20:25Z,2830.0,False,1355609,18066.0,1132.0
7833,UClRNDVO8093rmRTtLe4GEPw,곽튜브,kaMcQ5qhKcU,50만원짜리 발리 대저택 풀파티 - 곽컴퍼니(下),2025-12-31T10:03:59Z,2673.0,False,1168827,16004.0,906.0
7833,UClRNDVO8093rmRTtLe4GEPw,곽튜브,3LZZTwmeR18,통통맨 듀오의 일본 만칼로리 먹방투어 - 도쿄(上),2026-01-08T10:00:06Z,2500.0,False,1524160,21283.0,1952.0
7833,UClRNDVO8093rmRTtLe4GEPw,곽튜브,8IwzVmUl9Sw,모든 음식이 무제한인 온천 리조트 1박2일 - 도쿄(下),2026-01-16T10:00:13Z,2174.0,False,1284362,14969.0,1025.0
7833,UClRNDVO8093rmRTtLe4GEPw,곽튜브,705Bg87WPo4,죽기전에 가봐야될 여행지 1위 (with 안보현) - 튀르키예(上),2026-01-23T09:41:56Z,2136.0,False,1593694,24699.0,1610.0
7833,UClRNDVO8093rmRTtLe4GEPw,곽튜브,cEqWLBMhy0A,맛의 도시 이스탄불 미식 여행 - 튀르키예(下),2026-01-30T10:01:51Z,2596.0,False,1165600,18237.0,1289.0
7833,UClRNDVO8093rmRTtLe4GEPw,곽튜브,tgr1YeTK4VE,40만원으로 통째로 빌릴 수 있는 섬,2026-02-05T11:07:00Z,2960.0,False,1122700,14281.0,2672.0
7833,UClRNDVO8093rmRTtLe4GEPw,곽튜브,dCVDDCtO3L8,서울에서 가장 저렴한 월세체험,2026-02-12T10:00:24Z,2225.0,False,1055651,15381.0,1360.0
7833,UClRNDVO8093rmRTtLe4GEPw,곽튜브,r9d6BdpU5f0,92kg 고도비만 환자의 6년간의 다이어트 몰아보기,2026-02-16T09:20:08Z,10864.0,False,368103,3943.0,758.0
7833,UClRNDVO8093rmRTtLe4GEPw,곽튜브,Np-NAT0T5NI,일본 오지마을까지 간 K리그 방출 선수와 동행 - 나고야(上),2026-02-26T10:00:25Z,2469.0,False,1156059,19056.0,1323.0
7833,UClRNDVO8093rmRTtLe4GEPw,곽튜브,M7JegeMyHes,일본 시골마을에 눌러앉게 된 사연 - 나고야(下),2026-03-05T10:00:34Z,2163.0,False,1010349,20845.0,1409.0
7833,UClRNDVO8093rmRTtLe4GEPw,곽튜브,mpR_HcJ3Szc,미쳐버린 달러 속 미국여행기,2026-03-12T10:01:17Z,1687.0,False,1309421,19755.0,1062.0
7833,UClRNDVO8093rmRTtLe4GEPw,곽튜브,1VLVU37_U6Y,15년전 물가 수준의 충격적인 초가성비 여행지 - 후쿠오카(上),2026-03-20T10:00:03Z,1990.0,False,1287320,14974.0,1018.0
7833,UClRNDVO8093rmRTtLe4GEPw,곽튜브,rIT42al2QiY,14시간 일본 최장거리 야간버스 탑승기 - 후쿠오카(下),2026-03-26T10:00:10Z,1364.0,False,998707,12789.0,763.0
7833,UClRNDVO8093rmRTtLe4GEPw,곽튜브,gPSYuwLip-g,의외로 로맨틱한 만삭여행 브이로그,2026-04-07T10:10:06Z,2444.0,False,965955,15473.0,2203.0
7833,UClRNDVO8093rmRTtLe4GEPw,곽튜브,GAwbaR7zZoU,땅끝마을까지 5일간의 국토종주 - 자전거(上),2026-05-14T10:00:15Z,2816.0,False,521177,14712.0,1980.0
7834,UCJEER74X9kBenMT_x9iK9Mw,FIFTY FIFTY Official,aiIk11rRbFc,난 너의 맘을 한 개도 몰라🙂‍↔️💘 #FIFTYFIFTY #피프티피프티#YEWON #예원,2026-03-12T05:53:53Z,13.0,True,37219,3457.0,96.0
7834,UCJEER74X9kBenMT_x9iK9Mw,FIFTY FIFTY Official,VA_lT3c_Pd8,แล้วเจอกันเร็วๆ นี้ที่รัก~ #FIFTYFIFTY #피프티피프티 #ATHENA #아테나,2026-03-12T09:01:30Z,22.0,True,58668,5075.0,106.0
7834,UCJEER74X9kBenMT_x9iK9Mw,FIFTY FIFTY Official,-ewXKEAevaI,#FIFTYFIFTY #피프티피프티 #ATHENA #아테나,2026-03-13T09:01:11Z,16.0,True,62616,5068.0,123.0
7834,UCJEER74X9kBenMT_x9iK9Mw,FIFTY FIFTY Official,KuNuBFdLK5U,18+1 #FIFTYFIFTY #피프티피프티 #ATHENA #아테나,2026-03-15T11:15:21Z,16.0,True,178897,6500.0,198.0
7834,UCJEER74X9kBenMT_x9iK9Mw,FIFTY FIFTY Official,IqKjDp2Kedg,𝐻𝑎𝑝𝑝𝑦 𝐵𝑖𝑟𝑡ℎ𝑑𝑎𝑦 𝑇𝑜 𝑀𝑒🐥🎂 #FIFTYFIFTY #피프티피프티 #ATHENA #아테나,2026-03-15T13:32:46Z,7.0,True,105400,6607.0,244.0
7834,UCJEER74X9kBenMT_x9iK9Mw,FIFTY FIFTY Official,JYTy51eMswE,i cant move on babydoll~ #FIFTYFIFTY #피프티피프티 #CHANELLEMOON  #문샤넬,2026-03-17T11:00:56Z,16.0,True,63959,4664.0,105.0
7834,UCJEER74X9kBenMT_x9iK9Mw,FIFTY FIFTY Official,X8zNw7IXEhg,😉 #FIFTYFIFTY #피프티피프티 #KEENA #키나,2026-03-18T09:03:52Z,12.0,True,60685,4190.0,107.0
7834,UCJEER74X9kBenMT_x9iK9Mw,FIFTY FIFTY Official,Q4ypA86DIqQ,𝕀𝕥'𝕤 𝕞𝕪 𝕓𝕚𝕣𝕥𝕙𝕕𝕒𝕪🐰🎂 #FIFTYFIFTY #피프티피프티 #YEWON #예원,2026-03-18T13:28:56Z,7.0,True,74736,5526.0,187.0
7834,UCJEER74X9kBenMT_x9iK9Mw,FIFTY FIFTY Official,BPuzO3c-7ys,예원이만 안아줘 ʚ💗ɞ #FIFTYFIFTY #피프티피프티 #YEWON #예원,2026-03-18T13:59:25Z,20.0,True,39186,3857.0,118.0
7834,UCJEER74X9kBenMT_x9iK9Mw,FIFTY FIFTY Official,gyHw9BuMpK4,넌 내꺼🤍 #FIFTYFIFTY #피프티피프티 #YEWON #예원,2026-03-19T01:46:42Z,14.0,True,32222,3011.0,79.0
7834,UCJEER74X9kBenMT_x9iK9Mw,FIFTY FIFTY Official,dVb3CN8M7is,🖤 #FIFTYFIFTY #피프티피프티 #ATHENA #아테나,2026-03-20T09:00:00Z,14.0,True,85080,5398.0,84.0
7834,UCJEER74X9kBenMT_x9iK9Mw,FIFTY FIFTY Official,BnuDTuQdeRk,check my clarity 💎  dc: @ ChillLit #FIFTYFIFTY #피프티피프티 #CHANELLEMOON  #문샤넬,2026-03-21T07:00:23Z,29.0,True,104138,4557.0,90.0
7834,UCJEER74X9kBenMT_x9iK9Mw,FIFTY FIFTY Official,JpoTlE2vfuc,頑張れ！！#FIFTYFIFTY #피프티피프티 #KEENA #키나,2026-03-23T11:28:54Z,16.0,True,82436,5015.0,115.0
7834,UCJEER74X9kBenMT_x9iK9Mw,FIFTY FIFTY Official,xT_AZnMX8Oo,💋 #FIFTYFIFTY #피프티피프티 #KEENA #키나,2026-03-24T05:00:25Z,16.0,True,138329,7130.0,220.0
7834,UCJEER74X9kBenMT_x9iK9Mw,FIFTY FIFTY Official,Sd2Fjanu0J4,[FIF TAKE] ✨2관왕🏆✨ 고마워 트웨니 💖 I 2026 D-Awards BEHIND,2026-03-26T10:00:26Z,1336.0,False,31573,2969.0,181.0
7834,UCJEER74X9kBenMT_x9iK9Mw,FIFTY FIFTY Official,4cEWi-fXLCQ,going hooligan 😵‍💫💫🤪 #FIFTYFIFTY #피프티피프티 #CHANELLEMOON #문샤넬,2026-03-28T03:00:47Z,16.0,True,139869,8068.0,149.0
7834,UCJEER74X9kBenMT_x9iK9Mw,FIFTY FIFTY Official,XvxaaEb2SOc,can't handle it🥀 #FIFTYFIFTY #피프티피프티 #YEWON #ATHENA,2026-03-30T11:23:22Z,19.0,True,76114,5432.0,155.0
7834,UCJEER74X9kBenMT_x9iK9Mw,FIFTY FIFTY Official,KfektGmq1IE,Y'all its not blonde😭💀 #FIFTYFIFTY #피프티피프티#ATHENA #아테나,2026-03-31T09:00:21Z,16.0,True,48386,3626.0,98.0
7834,UCJEER74X9kBenMT_x9iK9Mw,FIFTY FIFTY Official,SfQufkJRf7I,[FIF-log] 샤샤의 힐링 DAY🧸I 도예 체험🍵 I 빈티지 샵 쇼핑👓 I CHANELLE MOON VIOG,2026-03-31T09:00:23Z,880.0,False,15303,1983.0,131.0
7834,UCJEER74X9kBenMT_x9iK9Mw,FIFTY FIFTY Official,qmU7T133-Io,🪴피프티피프티의 화.꾸 [화분 꾸미기]🦊 #FIFTYFIFTY #피프티피프티 #KEENA #키나 #식목일,2026-04-05T04:14:41Z,166.0,False,22171,2043.0,86.0
7834,UCJEER74X9kBenMT_x9iK9Mw,FIFTY FIFTY Official,isq56Y6XIPg,🪴피프티피프티의 화.꾸 [화분 꾸미기]🧸 #FIFTYFIFTY #피프티피프티 #CHANELLEMOON #문샤넬 #식목일,2026-04-05T05:48:04Z,168.0,False,27654,2277.0,64.0
7834,UCJEER74X9kBenMT_x9iK9Mw,FIFTY FIFTY Official,TY6PirUHzFw,🪴피프티피프티의 화.꾸 [화분 꾸미기]🐰 #FIFTYFIFTY #피프티피프티 #YEWON #예원 #식목일,2026-04-05T06:28:05Z,171.0,False,31903,2162.0,70.0
7834,UCJEER74X9kBenMT_x9iK9Mw,FIFTY FIFTY Official,0NWzKwl-kBM,🪴피프티피프티의 화.꾸 [화분 꾸미기]🐥 #FIFTYFIFTY #피프티피프티 #ATHENA #아테나 #식목일,2026-04-05T06:58:18Z,177.0,False,30727,2227.0,71.0
7834,UCJEER74X9kBenMT_x9iK9Mw,FIFTY FIFTY Official,Y_d6k-16Sq0,🎉HAPPY BIRTHDAY 아예즈💖 | 아테나&예원 생일 카페 BEHIND,2026-04-06T10:00:45Z,919.0,False,16895,2196.0,128.0
7834,UCJEER74X9kBenMT_x9iK9Mw,FIFTY FIFTY Official,hF8dtzDSxG4,너무 셰잎이 닭.발.🐓| 아예즈의 닭발 이상형 월드컵🔥,2026-04-09T09:00:08Z,1625.0,False,22158,2406.0,186.0
7834,UCJEER74X9kBenMT_x9iK9Mw,FIFTY FIFTY Official,s8fZTBdDN-U,Surprise at the end ;3 #FIFTYFIFTY #피프티피프티 #KEENA #키나 #YEWON #예원 #ATHENA #아테나,2026-04-10T11:58:35Z,14.0,True,223863,8955.0,268.0
7834,UCJEER74X9kBenMT_x9iK9Mw,FIFTY FIFTY Official,8BUBfnHAGhg,#𝐅𝐈𝐅𝐓𝐘 𝐅𝐈𝐅𝐓𝐘𝐱𝐖𝐞𝐢𝐁𝐢𝐫𝐝 #SayYes Out Now in two versions 💛 #FIFTYFIFTY #Weibird,2026-04-11T04:00:40Z,21.0,True,72918,4495.0,79.0
7834,UCJEER74X9kBenMT_x9iK9Mw,FIFTY FIFTY Official,6mPHiL8SriQ,냠냠^^ #FIFTYFIFTY #피프티피프티 #CHANELLEMOON #문샤넬 #ATHENA #아테나,2026-04-11T10:00:31Z,11.0,True,292846,12683.0,149.0
7834,UCJEER74X9kBenMT_x9iK9Mw,FIFTY FIFTY Official,9th7jGDm8QA,かわいいだけじゃだめですか？#FIFTYFIFTY #피프티피프티 #ATHENA #아테나,2026-04-12T10:00:24Z,16.0,True,58258,4473.0,109.0
7834,UCJEER74X9kBenMT_x9iK9Mw,FIFTY FIFTY Official,E24byyKQtqQ,K2O🤍 #FIFTYFIFTY #피프티피프티 #KEENA #키나,2026-04-15T01:51:08Z,11.0,True,68199,4397.0,146.0
7834,UCJEER74X9kBenMT_x9iK9Mw,FIFTY FIFTY Official,DV31pvG_Jow,cha ha ha ha 💦🔫 #FIFTYFIFTY #피프티피프티 #CHANELLEMOON #문샤넬,2026-04-15T08:47:45Z,16.0,True,510420,10394.0,331.0
7834,UCJEER74X9kBenMT_x9iK9Mw,FIFTY FIFTY Official,g3bO-pGZU7I,K2O songkran music festival was amazing #FIFTYFIFTY #KEENA #YEWON #ATHENA,2026-04-15T15:53:59Z,18.0,True,94811,4943.0,123.0
7834,UCJEER74X9kBenMT_x9iK9Mw,FIFTY FIFTY Official,b410OwQzmrQ,X hottie O cutie #FIFTYFIFTY #YEWON #ATHENA,2026-04-16T09:00:00Z,24.0,True,82974,4922.0,98.0
7834,UCJEER74X9kBenMT_x9iK9Mw,FIFTY FIFTY Official,-HrUi_0BkIg,혹시..태국 가세요? #FIFTYFIFTY #피프티피프티#YEWON #예원,2026-04-17T10:21:10Z,46.0,True,41936,3185.0,90.0
7834,UCJEER74X9kBenMT_x9iK9Mw,FIFTY FIFTY Official,p921Dxdq294,Bad Girl Good Girl #FIFTYFIFTY #피프티피프티 #YEWON #예원 #ATHENA #아테나,2026-04-18T12:24:40Z,21.0,True,78885,5069.0,113.0
7834,UCJEER74X9kBenMT_x9iK9Mw,FIFTY FIFTY Official,VfQ9M4cSpKY,너무 행복해요 힐링 그 잡채 (진짜임) | KEENA Vlog🦊 (키나 브이로그),2026-04-23T10:10:05Z,1207.0,False,19243,2461.0,207.0
7834,UCJEER74X9kBenMT_x9iK9Mw,FIFTY FIFTY Official,QVkx_FZoWJM,first time having a hotel room to myself.... kinda nervous #FIFTYFIFTY #피프티피프티 #CHANELLEMOON #문샤넬,2026-04-25T11:00:33Z,16.0,True,49353,3473.0,74.0
7834,UCJEER74X9kBenMT_x9iK9Mw,FIFTY FIFTY Official,LprBpCtbZoE,Red or green #FIFTYFIFTY #피프티피프티 #YEWON #예원 #ATHENA #아테나,2026-04-26T10:01:12Z,23.0,True,174932,9965.0,80.0
7834,UCJEER74X9kBenMT_x9iK9Mw,FIFTY FIFTY Official,lrqo_IwNKpo,나 오늘이 내 인생 마지막 등산이야..😵 I 관악산 정상 포토존 웨이팅 도전🏔️I 🐰예원이는 웨이팅 중!🚩,2026-04-29T09:30:04Z,1783.0,False,26001,2691.0,261.0
7834,UCJEER74X9kBenMT_x9iK9Mw,FIFTY FIFTY Official,4hOjK_hJfCU,mosi mosi?? ☎️🌟#FIFTYFIFTY #피프티피프티 #CHANELLEMOON #문샤넬#YEWON #예원,2026-04-29T11:00:16Z,20.0,True,77692,4398.0,98.0
7834,UCJEER74X9kBenMT_x9iK9Mw,FIFTY FIFTY Official,Pm1Og__ywTE,#braziliandance #FIFTYFIFTY #피프티피프티 #ATHENA #아테나,2026-04-30T10:00:19Z,15.0,True,67482,4598.0,98.0
7834,UCJEER74X9kBenMT_x9iK9Mw,FIFTY FIFTY Official,a9dsFoG61G8,Love this choreo3 #FIFTYFIFTY #피프티피프티 #ATHENA #아테나,2026-05-01T10:00:32Z,10.0,True,58288,3486.0,88.0
7834,UCJEER74X9kBenMT_x9iK9Mw,FIFTY FIFTY Official,Aaclx2Fe1eU,throwback ! #FIFTYFIFTY #피프티피프티 #CHANELLEMOON #문샤넬 #ATHENA #아테나,2026-05-02T03:00:10Z,18.0,True,77125,4591.0,86.0
7834,UCJEER74X9kBenMT_x9iK9Mw,FIFTY FIFTY Official,uiAmAMzDGtA,🇸🇬 #FIFTYFIFTY #피프티피프티 #KEENA #키나,2026-05-08T13:37:50Z,6.0,True,39039,3090.0,93.0
7834,UCJEER74X9kBenMT_x9iK9Mw,FIFTY FIFTY Official,d4M1b6WwlS4,channeling my inner hee hee #michaelmovie #FIFTYFIFTY #피프티피프티 #CHANELLEMOON #문샤넬,2026-05-10T03:04:05Z,14.0,True,92277,4446.0,108.0
7834,UCJEER74X9kBenMT_x9iK9Mw,FIFTY FIFTY Official,m7ibyQ5BJew,Kinda shy🥺 #FIFTYFIFTY #YEWON #ATHENA,2026-05-10T11:00:59Z,11.0,True,27776,2288.0,59.0
7834,UCJEER74X9kBenMT_x9iK9Mw,FIFTY FIFTY Official,N_I-Gv7U-nQ,guess we all on the same frequency... #FIFTYFIFTY #KEENA #CHANELLEMOON #YEWON #HANA #ATHENA,2026-05-12T03:00:27Z,7.0,True,87394,4796.0,83.0
7834,UCJEER74X9kBenMT_x9iK9Mw,FIFTY FIFTY Official,BIGinEY2mlg,loser has to clap when the plane lands... #FIFTYFIFTY #CHANELLEMOON#ATHENA,2026-05-13T03:00:37Z,59.0,True,15347,1815.0,50.0
7834,UCJEER74X9kBenMT_x9iK9Mw,FIFTY FIFTY Official,2n_v1twqYHM,6월 1일 컴백 핖티 많관부🫧 | 핖티의 힐링(?) 여행 🧳,2026-05-13T15:00:12Z,2090.0,False,24260,3063.0,343.0
7834,UCJEER74X9kBenMT_x9iK9Mw,FIFTY FIFTY Official,wpjqC7UAdn8,FIFTY FIFTY (피프티피프티) 'STARSTRUCK' Special MV | 방과후 퇴마클럽,2026-05-15T09:24:33Z,179.0,False,206663,6534.0,832.0
7835,UCee1MvXr6E8qC_d2WEYTU5g,강형욱의 보듬TV,XqeqKOUuim0,강형욱 첫사랑 공개합니다 | 견종백과 그로넨달편,2026-01-10T03:00:45Z,497.0,False,434479,8579.0,407.0
7835,UCee1MvXr6E8qC_d2WEYTU5g,강형욱의 보듬TV,BldKuKjuT-c,서서 볼일 보는 강아지를 보고 놀라는 강형욱 (쇼츠 only),2026-01-17T03:00:20Z,92.0,False,108106,2089.0,53.0
7835,UCee1MvXr6E8qC_d2WEYTU5g,강형욱의 보듬TV,ldbUYvMPFw4,"교수 타이틀을 달고 나타난 강형욱.. 그리고 도마뱀  [부제: 교수 강형욱, 프로페셔널한 하루]",2026-01-24T03:01:01Z,708.0,False,105963,3006.0,190.0
7835,UCee1MvXr6E8qC_d2WEYTU5g,강형욱의 보듬TV,5lysQ7URP6c,괜찮아요,2026-01-27T06:16:57Z,49.0,True,76287,1233.0,30.0
7835,UCee1MvXr6E8qC_d2WEYTU5g,강형욱의 보듬TV,1FkIfOz2npQ,???: 야 우냐?,2026-01-27T06:18:48Z,44.0,True,515042,8399.0,200.0
7835,UCee1MvXr6E8qC_d2WEYTU5g,강형욱의 보듬TV,JNc4Ray5joc,삼촌 앞에서 박수 재롱부리는 강아지 실존 [강형욱의개스트쇼] EP.29,2026-01-31T03:00:20Z,1205.0,False,374898,7885.0,464.0
7835,UCee1MvXr6E8qC_d2WEYTU5g,강형욱의 보듬TV,CbTiVJ7h-uQ,삼촌 특) 나는 되는데 남은 못하면 좋아함,2026-02-02T08:05:17Z,106.0,False,301544,4736.0,56.0
7835,UCee1MvXr6E8qC_d2WEYTU5g,강형욱의 보듬TV,0NuFEhOOdUc,이 귀여운 개인기는 뭐야ㅠ,2026-02-02T08:05:18Z,97.0,False,415402,7957.0,100.0
7835,UCee1MvXr6E8qC_d2WEYTU5g,강형욱의 보듬TV,Ib8LX0YMJb8,보리야 뽀뽀 해주지 그랬냐. 보리야 뽀뽀가 그리 어렵더냐.,2026-02-02T08:05:21Z,60.0,True,1397251,13412.0,315.0
7835,UCee1MvXr6E8qC_d2WEYTU5g,강형욱의 보듬TV,ZJynsd5PT24,좋🤙다👍,2026-02-02T08:05:24Z,85.0,False,119011,1833.0,39.0
7835,UCee1MvXr6E8qC_d2WEYTU5g,강형욱의 보듬TV,U42HCpWyf6E,진짜 삼촌 같은 질문,2026-02-02T08:05:26Z,123.0,False,172753,2404.0,74.0
7835,UCee1MvXr6E8qC_d2WEYTU5g,강형욱의 보듬TV,qWAsiYogbz8,현실은 이진 | 견종백과 아키타이누편,2026-02-07T03:00:57Z,568.0,False,1203729,10724.0,779.0
7835,UCee1MvXr6E8qC_d2WEYTU5g,강형욱의 보듬TV,t3kYE-WP3Yw,'길에서 사나운 개를 만났다면?' 어떻게 해야할지 강형욱이 알려드립니다,2026-02-14T03:01:06Z,789.0,False,743782,16594.0,1843.0
7835,UCee1MvXr6E8qC_d2WEYTU5g,강형욱의 보듬TV,etVpwEibTvc,늑대도 쫓을 수 있는 방법(?),2026-02-14T04:15:38Z,86.0,False,2365395,19765.0,1220.0
7835,UCee1MvXr6E8qC_d2WEYTU5g,강형욱의 보듬TV,14KMEQp7cRo,개한테 물렸을 땐 이렇게 떼어냅니다.,2026-02-14T04:16:00Z,29.0,True,1929174,9605.0,871.0
7835,UCee1MvXr6E8qC_d2WEYTU5g,강형욱의 보듬TV,iKnnsDC99Yk,산책 중 우리 개가 물렸다면,2026-02-14T04:16:17Z,59.0,True,1807090,18405.0,553.0
7835,UCee1MvXr6E8qC_d2WEYTU5g,강형욱의 보듬TV,smO1eOXQXTY,소녀 큰절 올립니다. 새해 복 많이 받으시옵소서.,2026-02-16T21:42:29Z,34.0,True,119388,3888.0,131.0
7835,UCee1MvXr6E8qC_d2WEYTU5g,강형욱의 보듬TV,Nwt3L7waauk,강형욱도 피하지 못한 반려견 물림 사고(쇼츠only),2026-02-19T08:12:27Z,32.0,True,308935,3175.0,85.0
7835,UCee1MvXr6E8qC_d2WEYTU5g,강형욱의 보듬TV,zI7LWuWRD9k,하치이야기의 견종은 아키타이누였다.,2026-02-19T09:53:36Z,29.0,True,95122,807.0,9.0
7835,UCee1MvXr6E8qC_d2WEYTU5g,강형욱의 보듬TV,PqqWDceJc-g,털갈이 시작하면 옷을 싹 다 벗는 견종,2026-02-19T09:54:37Z,35.0,True,851255,3514.0,54.0
7835,UCee1MvXr6E8qC_d2WEYTU5g,강형욱의 보듬TV,aXcqhwZT7vo,생닭 아니고 강아지임 | 견종백과 차이니즈 크레스티드편,2026-02-28T03:00:05Z,601.0,False,919676,4631.0,370.0
7835,UCee1MvXr6E8qC_d2WEYTU5g,강형욱의 보듬TV,cJyohFAR-aY,털 없어도 소용없다,2026-03-04T08:35:47Z,34.0,True,188504,1623.0,33.0
7835,UCee1MvXr6E8qC_d2WEYTU5g,강형욱의 보듬TV,WOam3mOMBkM,노안 강아지 걱정해주는 노안 훈련사,2026-03-04T08:36:48Z,28.0,True,1416758,12168.0,229.0
7835,UCee1MvXr6E8qC_d2WEYTU5g,강형욱의 보듬TV,Om9UPA9mQ1I,그냥 보호자님이 자랑하러 나온 게 확실. [주니어 교육],2026-03-07T03:00:32Z,379.0,False,214904,3388.0,206.0
7835,UCee1MvXr6E8qC_d2WEYTU5g,강형욱의 보듬TV,W6-dl3rN7fI,잘생긴 남자만 좋아한다는 환승연애 현지네 콩이 (with 메기남 강형욱),2026-03-21T03:00:40Z,654.0,False,133901,2267.0,208.0
7835,UCee1MvXr6E8qC_d2WEYTU5g,강형욱의 보듬TV,K3AW6szT40I,산으로 산(山)책. 개통령이 산책하는 방법,2026-03-28T03:00:06Z,706.0,False,159708,3248.0,166.0
7835,UCee1MvXr6E8qC_d2WEYTU5g,강형욱의 보듬TV,1xzH8YYO-XU,제 1회 보호자 닮은 개 자랑쇼,2026-04-04T03:00:06Z,1412.0,False,230514,4083.0,256.0
7835,UCee1MvXr6E8qC_d2WEYTU5g,강형욱의 보듬TV,m_u9FC0cIYo,강형욱에겐 최고의 극찬,2026-04-07T09:21:47Z,66.0,False,44145,450.0,9.0
7835,UCee1MvXr6E8qC_d2WEYTU5g,강형욱의 보듬TV,yqrx6x2RNpI,머리에서 미역국 냄새나는 강아지,2026-04-07T09:21:50Z,55.0,True,387346,7076.0,223.0
7835,UCee1MvXr6E8qC_d2WEYTU5g,강형욱의 보듬TV,nlqUQ1SEkS4,아앗...,2026-04-07T09:21:53Z,70.0,False,61794,672.0,11.0
7835,UCee1MvXr6E8qC_d2WEYTU5g,강형욱의 보듬TV,BXNwmQsygJw,늦게 퇴근한 아빠들이 꼭 하는 행동,2026-04-07T09:21:56Z,74.0,False,61143,758.0,10.0
7835,UCee1MvXr6E8qC_d2WEYTU5g,강형욱의 보듬TV,7a9X8KL6VH4,강쌤 나이스,2026-04-07T09:21:59Z,79.0,False,497626,4674.0,24.0
7835,UCee1MvXr6E8qC_d2WEYTU5g,강형욱의 보듬TV,BNv5LCL1b3M,성격까지 닮아가는 보호자와 반려견,2026-04-07T09:22:02Z,40.0,True,219251,1824.0,11.0
7835,UCee1MvXr6E8qC_d2WEYTU5g,강형욱의 보듬TV,4Ek9mhHKf7s,정신없는 출연견 등장,2026-04-07T09:22:04Z,97.0,False,199595,3040.0,37.0
7835,UCee1MvXr6E8qC_d2WEYTU5g,강형욱의 보듬TV,9bxDA0owrcc,궤도 형님과 강아지 얘기했습니다 [개나무숲],2026-04-11T03:00:07Z,3191.0,False,396868,9039.0,914.0
7835,UCee1MvXr6E8qC_d2WEYTU5g,강형욱의 보듬TV,NU_10fL0y-o,숨도 안 쉬고 두두 자랑만 하다 간 리정 [강형욱의개스트쇼] EP.30,2026-04-18T03:00:22Z,1310.0,False,261909,5165.0,328.0
7835,UCee1MvXr6E8qC_d2WEYTU5g,강형욱의 보듬TV,oTn32b8GX6g,강형욱도 무장 해제 시킨 '사람 좋아 강아지' [퍼피교육],2026-04-25T03:01:02Z,623.0,False,259665,4501.0,198.0
7835,UCee1MvXr6E8qC_d2WEYTU5g,강형욱의 보듬TV,g1K3mrhJbMU,아니 교장선생님이 먹어도 된다고 했어ㅠ,2026-04-30T12:39:51Z,65.0,False,227887,2147.0,38.0
7835,UCee1MvXr6E8qC_d2WEYTU5g,강형욱의 보듬TV,BWz1BlHe9ts,천재견을 키우면 이렇게 됩니다,2026-04-30T12:39:53Z,62.0,False,146598,1081.0,23.0
7835,UCee1MvXr6E8qC_d2WEYTU5g,강형욱의 보듬TV,od4QfQGcitg,자랑하고 싶어서 그동안 어떻게 참으셨어요,2026-04-30T12:39:56Z,82.0,False,68684,875.0,23.0
7835,UCee1MvXr6E8qC_d2WEYTU5g,강형욱의 보듬TV,3089wjlKasw,건강한 걸로 합시다 강쌤,2026-04-30T12:39:59Z,40.0,True,1003348,7839.0,130.0
7835,UCee1MvXr6E8qC_d2WEYTU5g,강형욱의 보듬TV,Yxp1FXRlfcc,나도 모르게 쓰다듬고 있는 매직ㄷㄷ,2026-04-30T12:40:01Z,72.0,False,615888,6372.0,67.0
7835,UCee1MvXr6E8qC_d2WEYTU5g,강형욱의 보듬TV,7JiQ2XOdSi0,보호자의 기분을 늘 살피는 반려견들,2026-04-30T12:40:03Z,96.0,False,112411,1173.0,18.0
7835,UCee1MvXr6E8qC_d2WEYTU5g,강형욱의 보듬TV,8B1ZWU3EXMQ,그 고민을 하고 있는 바로 당신!,2026-04-30T12:40:06Z,133.0,False,783460,8062.0,391.0
7835,UCee1MvXr6E8qC_d2WEYTU5g,강형욱의 보듬TV,2zlJjy-4gYU,슈퍼맨이 10년 만에 돌아왔다 (아빠 강형욱의 눈물 나는 복귀전),2026-05-02T03:00:03Z,1042.0,False,887167,4648.0,273.0
7835,UCee1MvXr6E8qC_d2WEYTU5g,강형욱의 보듬TV,kWP6Ij1U2Sg,키우는 건 왕 어려움 | 견종백과 코카시안 오브차카편,2026-05-09T03:00:34Z,602.0,False,1601650,16743.0,1140.0
7835,UCee1MvXr6E8qC_d2WEYTU5g,강형욱의 보듬TV,E202DnxwJwk,반려견 보호자라면 필수,2026-05-14T09:00:31Z,81.0,False,29119,589.0,38.0
7835,UCee1MvXr6E8qC_d2WEYTU5g,강형욱의 보듬TV,5gy-RGU-9uk,경차랑 맞먹는 강아지,2026-05-15T08:49:39Z,28.0,True,70399,559.0,8.0
7835,UCee1MvXr6E8qC_d2WEYTU5g,강형욱의 보듬TV,1qQGyyOsDfQ,왕크왕귀의 정석,2026-05-15T08:49:42Z,42.0,True,37554,554.0,18.0
7835,UCee1MvXr6E8qC_d2WEYTU5g,강형욱의 보듬TV,4PMFHT_xbU4,영상에 강아지 세 마리(?) 나옴. 주인이랑 똑닮은 프미나 채영네 강아지 휴지 [강형욱의개스트쇼] EP.31,2026-05-16T03:00:14Z,683.0,False,7389,749.0,118.0
7836,UCgheNMc3gGHLsT-RISdCzDQ,세바시 강연 Sebasi Talk,ynAD-xMttuw,“최선을 다하지 마세요” 100만 조회수 나이키 스트렝스 코치가 추천하는 운동 레시피 | 김은서 코치 [세바시45 ep.105],2026-04-23T09:01:23Z,2618.0,False,202725,2626.0,250.0
7836,UCgheNMc3gGHLsT-RISdCzDQ,세바시 강연 Sebasi Talk,NLhAcIQISF0,'왜 해야하는데요?'에 답을 못하면 멈추세요 - 작가 송길영,2026-04-23T11:15:06Z,90.0,False,18493,317.0,2.0
7836,UCgheNMc3gGHLsT-RISdCzDQ,세바시 강연 Sebasi Talk,KCmixzlf00o,"인생의 목적이 돈이 되면 안되는 이유 | 김치헌 히트런 대표, (전)호박패밀리 대표",2026-04-23T20:00:13Z,87.0,False,20923,368.0,1.0
7836,UCgheNMc3gGHLsT-RISdCzDQ,세바시 강연 Sebasi Talk,GKeJPLVFiOU,"전 세계가 경악한 대한민국 '기형적 도시'의 처참한 민낯 | 김세용 경기주택도시공사 사장, 고려대학교 건축학과 교수 | 건축 도시 삶 | 세바시 1869회",2026-04-24T09:00:21Z,1089.0,False,5603,125.0,6.0
7836,UCgheNMc3gGHLsT-RISdCzDQ,세바시 강연 Sebasi Talk,9cNUSDtx-dA,인생은 클리셰가 아니었다,2026-04-24T09:00:26Z,70.0,False,20081,247.0,5.0
7836,UCgheNMc3gGHLsT-RISdCzDQ,세바시 강연 Sebasi Talk,iaDXjzQ5GGw,AI 쓸 때 '사고 모드' 로 써야합니다 - 이인아 교수,2026-04-24T12:15:05Z,91.0,False,33778,822.0,2.0
7836,UCgheNMc3gGHLsT-RISdCzDQ,세바시 강연 Sebasi Talk,0V3gkoTDpfE,"""희성아 괜찮아"" 내가 나에게 준 위로",2026-04-25T03:00:00Z,34.0,True,18320,160.0,5.0
7836,UCgheNMc3gGHLsT-RISdCzDQ,세바시 강연 Sebasi Talk,qKTUgXngMDQ,거절 못하는 사람들의 공통점,2026-04-26T03:00:54Z,46.0,True,24299,298.0,3.0
7836,UCgheNMc3gGHLsT-RISdCzDQ,세바시 강연 Sebasi Talk,CsNqcmQoCXU,인사이드 아웃은 뇌과학 디테일이 살아있는 영화 - 이인아 교수,2026-04-26T12:15:00Z,36.0,True,8305,52.0,0.0
7836,UCgheNMc3gGHLsT-RISdCzDQ,세바시 강연 Sebasi Talk,WYhhYKAw9tU,"천재 공학 교수의 잠적 그리고 8년 후, 상상도 못할 괴물을 들고 나타났다! | 데니스홍 UCLA 교수, RoMeLa 연구소장 | AI 스포츠 축구 메시 로봇 | 세바시 2091회",2026-04-26T20:00:31Z,46.0,True,22529,273.0,11.0
7836,UCgheNMc3gGHLsT-RISdCzDQ,세바시 강연 Sebasi Talk,E41KHrTizw8,"중년의 허무함, 저는 이렇게 털어냈습니다 | 조혜련 방송인 | 성장 행복 도전 동기부여 조혜련 개그  | 세바시 1893회",2026-04-27T09:30:16Z,731.0,False,115457,2450.0,139.0
7836,UCgheNMc3gGHLsT-RISdCzDQ,세바시 강연 Sebasi Talk,_k9smG4NzOU,시각장애인들이 도시를 보는 방법,2026-04-28T03:00:00Z,58.0,True,18530,442.0,12.0
7836,UCgheNMc3gGHLsT-RISdCzDQ,세바시 강연 Sebasi Talk,qN8aPat-MzQ,무슨 경험을 하든 남다른 결과를 얻는 방법 - 이인아 교수,2026-04-28T12:15:17Z,117.0,False,4350,129.0,0.0
7836,UCgheNMc3gGHLsT-RISdCzDQ,세바시 강연 Sebasi Talk,89tIK11j4yU,"갑자기 찾아온 불행, 20살 제 인생은 멈춘 줄 알았습니다 | 이주빈 프리랜서 리포터 | 가족 간병 도전 | 세바시 1697회",2026-04-29T09:00:17Z,929.0,False,39697,815.0,59.0
7836,UCgheNMc3gGHLsT-RISdCzDQ,세바시 강연 Sebasi Talk,ajFFWO5uuFE,"체내 염증, 뇌 속 노폐물 싹 잡아주는 마법의 '소화기' | 서울아산병원 알레르기내과 교수 | 코골이 비염 뇌 건강 불면증 만성피로 | 세바시 2069회",2026-04-30T02:01:49Z,64.0,False,8745,145.0,0.0
7836,UCgheNMc3gGHLsT-RISdCzDQ,세바시 강연 Sebasi Talk,yW-JfVkS_Fc,'왕과 사는 남자' 투자로 배우는 인생 철학,2026-04-30T02:30:53Z,74.0,False,29131,509.0,6.0
7836,UCgheNMc3gGHLsT-RISdCzDQ,세바시 강연 Sebasi Talk,rNV_SjosIzE,시간이 지나도 풀리지 않는 감정,2026-04-30T03:00:54Z,39.0,True,23662,209.0,1.0
7836,UCgheNMc3gGHLsT-RISdCzDQ,세바시 강연 Sebasi Talk,d5LoPII2Mr0,실패하셨나요? 잘하셨습니다!,2026-04-30T04:26:17Z,55.0,True,17241,233.0,7.0
7836,UCgheNMc3gGHLsT-RISdCzDQ,세바시 강연 Sebasi Talk,DbPExoaEW5Q,"롱런하는 창작자들이 절대 놓치지 않는 새로운 부의 공식 | 윤성원 | '슈퍼 유튜버' 공동저자, '프로젝트 썸원' 대표 | 크리에이터 | 공부로 보는 세바시",2026-04-30T09:00:16Z,1202.0,False,20015,542.0,45.0
7836,UCgheNMc3gGHLsT-RISdCzDQ,세바시 강연 Sebasi Talk,6C8texfiw1w,"6살 이호선이 똥통에 빠졌을 때, 아버지가 달려와 건넨 첫마디 | 이호선 소통 전문가 | 부모 자녀 가족 사랑 | 리바이럴",2026-05-01T09:00:08Z,1097.0,False,16030,334.0,12.0
7836,UCgheNMc3gGHLsT-RISdCzDQ,세바시 강연 Sebasi Talk,RmIqGMF247E,하버드 의대에서 밝힌 러닝 부상의 비밀,2026-05-02T03:00:34Z,57.0,True,24759,243.0,7.0
7836,UCgheNMc3gGHLsT-RISdCzDQ,세바시 강연 Sebasi Talk,t31x4YiM-EQ,인간관계가 어려운 사람들의 공통점,2026-05-03T03:00:51Z,51.0,True,20833,258.0,1.0
7836,UCgheNMc3gGHLsT-RISdCzDQ,세바시 강연 Sebasi Talk,h-Fltc9qVE4,혀를 깨물고 죽으려던 전신마비 환자가 대한민국 최고 명의가 되기까지 | 이규환 분당서울대학교병원 교수 | 노력 성장 동기부여 | 세바시 2092회,2026-05-04T09:00:55Z,1094.0,False,284782,7681.0,641.0
7836,UCgheNMc3gGHLsT-RISdCzDQ,세바시 강연 Sebasi Talk,lKJoVQ3dBOw,입문용 러닝화 3종 추천,2026-05-05T03:01:01Z,45.0,True,53010,472.0,43.0
7836,UCgheNMc3gGHLsT-RISdCzDQ,세바시 강연 Sebasi Talk,dNVNG9ilf30,난쟁이 배우와 케이팝 스타의 우정은 이렇게 시작됐습니다 | 김유남 배우 | 가족 엄마 관계 | 세바시 2093회,2026-05-06T09:00:51Z,1044.0,False,159589,3062.0,218.0
7836,UCgheNMc3gGHLsT-RISdCzDQ,세바시 강연 Sebasi Talk,3Y_vxrBuG78,나쁜 불안을 골라내는 방법,2026-05-07T03:00:04Z,25.0,True,17057,161.0,0.0
7836,UCgheNMc3gGHLsT-RISdCzDQ,세바시 강연 Sebasi Talk,muutnI_rMPw,"""너 지금 안 괜찮아"" 마음이 보내는 몸의 경고 신호 3가지 | 박재연 소장 [세바시45 ep.106]",2026-05-07T09:01:06Z,3967.0,False,62953,1458.0,75.0
7836,UCgheNMc3gGHLsT-RISdCzDQ,세바시 강연 Sebasi Talk,TIlE9vaUO6c,구글 넷플릭스 글로벌 기업 6곳을 넘나든 단 하나의 무기,2026-05-08T08:39:05Z,94.0,False,11400,140.0,0.0
7836,UCgheNMc3gGHLsT-RISdCzDQ,세바시 강연 Sebasi Talk,ooHECMdbFtk,어차피 깨질 금메달 5개를 버리고 그녀가 진짜 하고 싶었던 단 하나의 이야기 | 김윤지 노르딕스키 국가대표 | 금메달 패럴림픽 올림픽 스키 사격 | 세바시 2094회,2026-05-08T09:01:20Z,985.0,False,6814,170.0,21.0
7836,UCgheNMc3gGHLsT-RISdCzDQ,세바시 강연 Sebasi Talk,SMZVEj2SBHY,'내 삶'은 쓰는 만큼 선명해지고 말하는 만큼 단단해집니다 | 세바시 스피치 참여자 모집 중 🎤,2026-05-08T09:41:12Z,35.0,True,8146,113.0,1.0
7836,UCgheNMc3gGHLsT-RISdCzDQ,세바시 강연 Sebasi Talk,8lTW287mv1Y,"""나 대신 엄마가 아팠으면 좋겠어"" | 김유남 배우 | 세바시 2093회",2026-05-08T14:00:16Z,60.0,True,34124,308.0,7.0
7836,UCgheNMc3gGHLsT-RISdCzDQ,세바시 강연 Sebasi Talk,Zzc9mf_54pE,초보자용 러닝 루틴,2026-05-09T03:00:44Z,36.0,True,23493,216.0,4.0
7836,UCgheNMc3gGHLsT-RISdCzDQ,세바시 강연 Sebasi Talk,3G4OSHY12O4,눈치보는 사람들이 힘들어하는 것,2026-05-10T03:00:04Z,52.0,True,27178,381.0,7.0
7836,UCgheNMc3gGHLsT-RISdCzDQ,세바시 강연 Sebasi Talk,0njEnlYXTOk,"생각을 꺼내는 순간, 막연했던 내 삶의 방향이 또렷해집니다 | 세바시 스피치 참여자 모집 중 🎤",2026-05-10T05:00:01Z,33.0,True,5216,57.0,0.0
7836,UCgheNMc3gGHLsT-RISdCzDQ,세바시 강연 Sebasi Talk,aoCiTgCFYzo,예일대 출신 인류학자 백영재가 스타크래프트 회사 대표된 비결,2026-05-11T02:03:22Z,100.0,False,18910,182.0,6.0
7836,UCgheNMc3gGHLsT-RISdCzDQ,세바시 강연 Sebasi Talk,aBSjByNJCqo,"""결혼식에는 걸어 들어와"" 장인어른의 한마디에 하반신 완전마비 연구원이 보여준 기적같은 이야기 | 김승환 엔젤로보틱스 선임연구원 | 극복 성장 로봇 | 세바시 2095회",2026-05-11T09:00:01Z,997.0,False,119692,2289.0,130.0
7836,UCgheNMc3gGHLsT-RISdCzDQ,세바시 강연 Sebasi Talk,or3XExCJRjs,내가 꽤 괜찮은 사람이라는 걸 깨닫는 순간 | 세바시 스피치 참여자 모집 중 🎤,2026-05-11T09:30:23Z,34.0,True,7527,54.0,4.0
7836,UCgheNMc3gGHLsT-RISdCzDQ,세바시 강연 Sebasi Talk,DJra12y_R64,최선을 다하지 마세요,2026-05-12T03:00:10Z,57.0,True,13168,99.0,0.0
7836,UCgheNMc3gGHLsT-RISdCzDQ,세바시 강연 Sebasi Talk,diTsCR8wyJ4,세계 유일 전신마비 치과의사의 처절한 고백 | 이규환 분당서울대학교병원 교수 | #세바시 #이규환 #전신마비 #치과의사,2026-05-12T03:30:22Z,76.0,False,29953,835.0,17.0
7836,UCgheNMc3gGHLsT-RISdCzDQ,세바시 강연 Sebasi Talk,odW6t4JmVpw,"타인과 나눌 때, 내가 더 성장하는 이유 | 세바시 스피치 참여자 모집 중 🎤",2026-05-12T09:30:32Z,48.0,True,7470,73.0,0.0
7836,UCgheNMc3gGHLsT-RISdCzDQ,세바시 강연 Sebasi Talk,FWWt4SLHvCo,80세에 AI로 제2의 전성기 여는 법 | 송항섭 세바시 스피치 13기 수료생 | #AI #시니어 #동기부여,2026-05-12T21:00:30Z,659.0,False,21428,636.0,70.0
7836,UCgheNMc3gGHLsT-RISdCzDQ,세바시 강연 Sebasi Talk,KlE0ocpmZFo,"'나는 안되나봐' 내 삶을 바꾸는 기적의 3가지 주문 | 오지현 SBS몽글몽글 상담소 출연자, 성악가, 모델, 배우, 플루티스트, 강연자 | 동기부여 위로 희망 | 세바시2096회",2026-05-13T09:30:18Z,1178.0,False,34770,1304.0,84.0
7836,UCgheNMc3gGHLsT-RISdCzDQ,세바시 강연 Sebasi Talk,Xk9kHsPFQec,무례한 사람 손절을 못하는 이유,2026-05-14T03:00:34Z,55.0,True,37427,501.0,19.0
7836,UCgheNMc3gGHLsT-RISdCzDQ,세바시 강연 Sebasi Talk,S52YCH2Zl4M,패럴림픽 5관왕 김윤지가 ‘기준 밖’ 세상에 외친 한마디 | 김윤지 노르딕스키 국가대표,2026-05-14T09:00:37Z,107.0,False,5638,45.0,0.0
7836,UCgheNMc3gGHLsT-RISdCzDQ,세바시 강연 Sebasi Talk,ue4hqNSP9kg,"[책이벤트] '시간'을 '자본'으로 바꾸는 유튜브 콘텐츠 비즈니스의 원칙 | 주힘찬 | '슈퍼 유튜버' 공동저자, 채널 피보터 | 크리에이터 | 공부로 보는 세바시",2026-05-14T09:01:06Z,2330.0,False,7076,271.0,26.0
7836,UCgheNMc3gGHLsT-RISdCzDQ,세바시 강연 Sebasi Talk,9cvFCqEiJJI,"20대 녹내장, '다 끝났다' 생각한 순간에 인생 2막 연 비결 | 허은영 세바시 스피치 13기 수료생 #동기부여 #희망 #명상",2026-05-14T21:00:08Z,382.0,False,2779,160.0,30.0
7836,UCgheNMc3gGHLsT-RISdCzDQ,세바시 강연 Sebasi Talk,pHp0MGibiOw,"""나 혼자 다 해내겠다""는 지독한 환상부터 빨리 깨십시오 | 서천석 행복한아이연구소 소장 | 심리 번아웃 인간관계 | 세바시 736회",2026-05-15T09:30:24Z,927.0,False,2442,104.0,3.0
7836,UCgheNMc3gGHLsT-RISdCzDQ,세바시 강연 Sebasi Talk,KrnFVmWG6e0,"""사람 바꿔 쓰는 게 아닙니다"" '자리'를 바꿔야 합니다 - 매출을 늘린 인재의 비밀 | 박인재 세바시 스피치 13기 수료생 #동기부여 #인재 #자기계발",2026-05-15T13:00:38Z,369.0,False,2112,100.0,12.0
7836,UCgheNMc3gGHLsT-RISdCzDQ,세바시 강연 Sebasi Talk,zMNF2um4fHs,내 인생도 내 뜻대로 안될 때 이 3 문장을 기억하세요 | 오지현 | 삶 장애 동기부여 희망 | 세바시 2096회,2026-05-15T15:01:39Z,72.0,False,9042,93.0,6.0
7836,UCgheNMc3gGHLsT-RISdCzDQ,세바시 강연 Sebasi Talk,AnVloYSZSJU,미드풋 포어풋 리어풋?,2026-05-16T03:00:10Z,49.0,True,955,7.0,0.0
7837,UC2NFRq9s2neD_Ml0tPhNC2Q,우주하마,16W77oRUO00,우주하마와 10인의 도굴단,2026-03-31T02:30:00Z,1326.0,False,205355,2911.0,163.0
7837,UC2NFRq9s2neD_Ml0tPhNC2Q,우주하마,ebiNm3FOV9M,인생 역전 1초 전...,2026-04-01T02:30:31Z,1937.0,False,525867,4700.0,214.0
7837,UC2NFRq9s2neD_Ml0tPhNC2Q,우주하마,ROJpuRhrWek,소중한 XX 2개를 써서 탈출하는 퍼즐 게임,2026-04-02T02:30:32Z,1540.0,False,199253,2481.0,162.0
7837,UC2NFRq9s2neD_Ml0tPhNC2Q,우주하마,RTtczyDMEc4,우주암탉#shorts,2026-04-03T02:30:21Z,28.0,True,276312,4333.0,93.0
7837,UC2NFRq9s2neD_Ml0tPhNC2Q,우주하마,erH9tTl3gJc,환장하는 시참게임 #shorts,2026-04-04T02:30:27Z,71.0,False,135957,2201.0,55.0
7837,UC2NFRq9s2neD_Ml0tPhNC2Q,우주하마,RmS82em5qKo,급똥 대작전 지리는 상견례,2026-04-05T02:30:33Z,2834.0,False,185893,2653.0,410.0
7837,UC2NFRq9s2neD_Ml0tPhNC2Q,우주하마,w4Iw4mF5Jvo,똥싸개#shorts,2026-04-05T14:10:01Z,40.0,True,106027,1601.0,50.0
7837,UC2NFRq9s2neD_Ml0tPhNC2Q,우주하마,CsCi6cO_NvQ,여친 만들기 공포게임#shorts,2026-04-06T08:57:01Z,69.0,False,89401,1396.0,34.0
7837,UC2NFRq9s2neD_Ml0tPhNC2Q,우주하마,SpovE9xPgbM,"내 도파민 제조기, 제멋대로(?) 탱크 키우기 게임",2026-04-07T02:30:18Z,1386.0,False,319624,2663.0,127.0
7837,UC2NFRq9s2neD_Ml0tPhNC2Q,우주하마,faRwjb46Vbg,교도소 7일 생존 시뮬레이터,2026-04-08T02:30:40Z,1233.0,False,295188,3579.0,115.0
7837,UC2NFRq9s2neD_Ml0tPhNC2Q,우주하마,W_5Nudrj46k,폰게임 광고에 죽어라 나오던 그 청소게임,2026-04-09T02:30:23Z,1538.0,False,220267,3492.0,146.0
7837,UC2NFRq9s2neD_Ml0tPhNC2Q,우주하마,SknBeH6zjvA,죄수놈들 vs 교도관#shorts,2026-04-10T02:33:38Z,46.0,True,127459,1429.0,35.0
7837,UC2NFRq9s2neD_Ml0tPhNC2Q,우주하마,59fzkCM1MJo,여자들은 어떻게 사는 거야#shorts,2026-04-11T03:15:00Z,60.0,True,394054,8479.0,149.0
7837,UC2NFRq9s2neD_Ml0tPhNC2Q,우주하마,7JR9VMYGl4o,땅 파서 잃어버린 100억 찾기,2026-04-12T02:30:09Z,1839.0,False,324376,4591.0,320.0
7837,UC2NFRq9s2neD_Ml0tPhNC2Q,우주하마,FzBH3_-2Z4A,혹시 말이세요?#shorts,2026-04-13T02:30:11Z,54.0,True,171581,2778.0,41.0
7837,UC2NFRq9s2neD_Ml0tPhNC2Q,우주하마,KbwqV4-QxSE,출시한지 2틀 만에 입소문 탄 정리 게임,2026-04-14T14:31:15Z,1269.0,False,382468,5140.0,550.0
7837,UC2NFRq9s2neD_Ml0tPhNC2Q,우주하마,1fehPcueh08,개그 유튜버가 공포 게임을 하면,2026-04-15T15:30:01Z,60.0,True,269101,5095.0,106.0
7837,UC2NFRq9s2neD_Ml0tPhNC2Q,우주하마,WxgfkejlzIc,또 돌아온 유튜버들을 미치게 하는 게임 1위,2026-04-16T02:30:34Z,1516.0,False,382518,5044.0,198.0
7837,UC2NFRq9s2neD_Ml0tPhNC2Q,우주하마,sL1nLCoMK_o,최악의 룸메썰#shorts,2026-04-17T02:30:56Z,74.0,False,110028,2212.0,41.0
7837,UC2NFRq9s2neD_Ml0tPhNC2Q,우주하마,CNdY2r2PPmw,이게되네#shorts,2026-04-18T01:00:22Z,101.0,False,1142978,19752.0,380.0
7837,UC2NFRq9s2neD_Ml0tPhNC2Q,우주하마,JL7dUNfMNQc,하마 vs 사자 동물 대전쟁 멧돼지ㅁㅊㅋㅋ,2026-04-19T02:30:29Z,1306.0,False,417420,4467.0,256.0
7837,UC2NFRq9s2neD_Ml0tPhNC2Q,우주하마,47BkoR5FhwQ,누구도 들어본 적 없는 비명소리#shorts #공포게임,2026-04-19T08:00:09Z,25.0,True,194876,3824.0,74.0
7837,UC2NFRq9s2neD_Ml0tPhNC2Q,우주하마,9T1O70sPSn4,개같은 광고게임#shorts,2026-04-20T02:30:06Z,46.0,True,244962,3012.0,35.0
7837,UC2NFRq9s2neD_Ml0tPhNC2Q,우주하마,jp0VzHg9x8c,두뇌 가동 300% 그림 그려서 깨는 퍼즐게임 ㄷㄷ,2026-04-21T02:30:42Z,941.0,False,149497,2171.0,137.0
7837,UC2NFRq9s2neD_Ml0tPhNC2Q,우주하마,FkObD1AD54U,사람이면 100% 실패하는 운전면허 시뮬레이터,2026-04-22T02:30:19Z,1148.0,False,149266,2205.0,135.0
7837,UC2NFRq9s2neD_Ml0tPhNC2Q,우주하마,GBsK317F2Xo,1990년 한국 시골에서 생긴 소름돋는 일ㄷㄷ,2026-04-23T02:30:20Z,1449.0,False,159143,2521.0,152.0
7837,UC2NFRq9s2neD_Ml0tPhNC2Q,우주하마,oHvgsbxqe58,시청자 플러팅#shorts,2026-04-24T02:30:46Z,82.0,False,107509,2089.0,33.0
7837,UC2NFRq9s2neD_Ml0tPhNC2Q,우주하마,Zk3-ZVw6qHY,가장 많이 다시 본 장면#shorts,2026-04-25T02:30:35Z,58.0,True,96038,1335.0,59.0
7837,UC2NFRq9s2neD_Ml0tPhNC2Q,우주하마,DvCfyayhxdE,경복궁 폭탄처리반 터지기 직전 ㅁㅊ,2026-04-26T02:30:18Z,1248.0,False,177123,2523.0,153.0
7837,UC2NFRq9s2neD_Ml0tPhNC2Q,우주하마,qmVRXuO8JfE,개발자 나쁜놈#shorts,2026-04-26T08:01:01Z,49.0,True,143205,2356.0,29.0
7837,UC2NFRq9s2neD_Ml0tPhNC2Q,우주하마,qWGBdtbLU3E,새도 보는 방송,2026-04-27T02:30:40Z,35.0,True,207537,4475.0,87.0
7837,UC2NFRq9s2neD_Ml0tPhNC2Q,우주하마,Ay8uia0qeh0,친구가 보낸 소름끼치는 영상의 정체,2026-04-28T02:30:08Z,1814.0,False,212142,3455.0,203.0
7837,UC2NFRq9s2neD_Ml0tPhNC2Q,우주하마,woMmDYYpKcg,"야간 편의점 알바, 와 지릴뻔 했습니다..",2026-04-29T02:30:53Z,1257.0,False,146438,2359.0,150.0
7837,UC2NFRq9s2neD_Ml0tPhNC2Q,우주하마,-LapyJjrYc0,20만톤의 화물선을 무사히 통과시키는 게임,2026-04-30T02:30:01Z,1413.0,False,278395,2952.0,214.0
7837,UC2NFRq9s2neD_Ml0tPhNC2Q,우주하마,3405viiNyA8,너무 역겹지만 또 중독되버린 베이컨 게임,2026-05-03T02:30:03Z,741.0,False,155456,2370.0,145.0
7837,UC2NFRq9s2neD_Ml0tPhNC2Q,우주하마,YpE-KShUOpg,대다수 한국인 영어실력#shorts,2026-05-04T02:30:24Z,50.0,True,183386,3584.0,83.0
7837,UC2NFRq9s2neD_Ml0tPhNC2Q,우주하마,1md9BZmbVGg,X같은 나무들아 내가 뭘 잘못했냐,2026-05-05T02:30:06Z,824.0,False,275762,4836.0,297.0
7837,UC2NFRq9s2neD_Ml0tPhNC2Q,우주하마,BkGowvCUnaQ,거위 알 옮기는 협동게임 하..10알,2026-05-06T02:30:08Z,916.0,False,121229,1889.0,115.0
7837,UC2NFRq9s2neD_Ml0tPhNC2Q,우주하마,riCONCdlBuc,망한 음식을 보고 뭐였는지 맞추기,2026-05-07T02:30:42Z,888.0,False,207764,4385.0,259.0
7837,UC2NFRq9s2neD_Ml0tPhNC2Q,우주하마,Wd2TPepK22Y,망한 음식 맞추기#shorts,2026-05-08T02:30:26Z,71.0,False,2375446,33764.0,675.0
7837,UC2NFRq9s2neD_Ml0tPhNC2Q,우주하마,4rDLvdffH5A,개병맛 겜#shorts,2026-05-09T02:30:03Z,56.0,True,88652,1071.0,41.0
7837,UC2NFRq9s2neD_Ml0tPhNC2Q,우주하마,64Zjrtv2zKQ,박스 뒤에 박스 뒤에 박스 뒤에 박스 뒤에 박스 뒤에 박스 뒤에 박스 뒤에 아 쫌,2026-05-10T02:30:05Z,1020.0,False,112506,1989.0,202.0
7837,UC2NFRq9s2neD_Ml0tPhNC2Q,우주하마,mS0D7dPWDJg,마운자로 맞았어#shorts,2026-05-10T08:00:50Z,37.0,True,318777,5926.0,131.0
7837,UC2NFRq9s2neD_Ml0tPhNC2Q,우주하마,rOa6O7Cb0QA,공포게임 유튜버#shorts,2026-05-11T02:30:48Z,37.0,True,104918,2243.0,55.0
7837,UC2NFRq9s2neD_Ml0tPhNC2Q,우주하마,TQbveecwWGg,3000명을 울려버린 청소게임,2026-05-12T02:30:16Z,3665.0,False,110994,1974.0,292.0
7837,UC2NFRq9s2neD_Ml0tPhNC2Q,우주하마,kKixF1a4AHk,7살 동심으로 돌아가는 게임,2026-05-13T02:30:26Z,1574.0,False,166050,3914.0,375.0
7837,UC2NFRq9s2neD_Ml0tPhNC2Q,우주하마,i4VrSyIhmCc,100명 중 99명은 예측 못할 장난감 만드는 게임,2026-05-14T02:30:36Z,2295.0,False,112607,1927.0,144.0
7837,UC2NFRq9s2neD_Ml0tPhNC2Q,우주하마,L6NXbTdP7gw,사회적 지위#shorts,2026-05-15T02:30:24Z,79.0,False,73063,1983.0,75.0
7837,UC2NFRq9s2neD_Ml0tPhNC2Q,우주하마,zpdcRhGyX4o,눈치 뒤지게 없네#shorts,2026-05-15T03:00:53Z,75.0,False,58405,1276.0,53.0
7837,UC2NFRq9s2neD_Ml0tPhNC2Q,우주하마,QyAg1gErTV4,화난 거 아니에요#shorts,2026-05-16T02:30:29Z,60.0,True,16175,329.0,15.0
7838,UChhKBlh_wvspTh5n4mL0b5g,BOYNEXTDOOR,No9s3wLly4o,WHAT? DOOR! | 산앤한 뷰티大04 | EP.53 - BOYNEXTDOOR (보이넥스트도어),2026-04-21T11:00:12Z,2109.0,False,450066,26850.0,1350.0
7838,UChhKBlh_wvspTh5n4mL0b5g,BOYNEXTDOOR,7cBqOtD-27w,리뷰: 여기 쌤이 이상해요…😳 #BOYNEXTDOOR #보이넥스트도어 #BND #WHATDOOR #왓도어,2026-04-21T12:00:11Z,59.0,True,97510,9010.0,80.0
7838,UChhKBlh_wvspTh5n4mL0b5g,BOYNEXTDOOR,x_zKUlewpBU,두부상 헤어 컨설팅 #BOYNEXTDOOR #보이넥스트도어 #BND #WHATDOOR #왓도어,2026-04-21T12:01:04Z,57.0,True,141152,10792.0,83.0
7838,UChhKBlh_wvspTh5n4mL0b5g,BOYNEXTDOOR,qQZg4Mq4Pf8,mosi mosi⛧彡 #BOYNEXTDOOR #보이넥스트도어 #BND,2026-04-22T12:01:38Z,19.0,True,683264,47111.0,647.0
7838,UChhKBlh_wvspTh5n4mL0b5g,BOYNEXTDOOR,UAX5lkD5HIg,두 번째 교신👽🛸🦦⚡️#BOYNEXTDOOR #보이넥스트도어 #BND,2026-04-24T12:00:57Z,21.0,True,594967,42328.0,637.0
7838,UChhKBlh_wvspTh5n4mL0b5g,BOYNEXTDOOR,CMBkUS6tl4g,#INI とお友達になったよ🩵  #BOYNEXTDOOR #보이넥스트도어 #BND #ボネトモ #리우 #RIWOO #이한 #LEEHAN,2026-04-25T10:00:18Z,14.0,True,198699,18881.0,213.0
7838,UChhKBlh_wvspTh5n4mL0b5g,BOYNEXTDOOR,_x4UzEww3EM,#INI BEHIND🎤😉 #BOYNEXTDOOR #보이넥스트도어 #BND #ボネトモ,2026-04-26T05:00:34Z,43.0,True,149004,16756.0,164.0
7838,UChhKBlh_wvspTh5n4mL0b5g,BOYNEXTDOOR,WiqeHRyjlZk,💙🖤 #BOYNEXTDOOR #보이넥스트도어 #BND #이한 #LEEHAN,2026-04-26T12:01:03Z,18.0,True,371363,33509.0,423.0
7838,UChhKBlh_wvspTh5n4mL0b5g,BOYNEXTDOOR,96ZzvmknBqs,WHAT? DOOR! | 보이넥 라디오2편 : BOYNEXTDOOR 설명회 | EP.54 - BOYNEXTDOOR (보이넥스트도어),2026-04-28T11:00:01Z,2298.0,False,323428,22185.0,1651.0
7838,UChhKBlh_wvspTh5n4mL0b5g,BOYNEXTDOOR,ie8Geqqaz6k,역주행이 시급하다는 [뭣 같아] #BOYNEXTDOOR #보이넥스트도어 #BND #WHATDOOR #왓도어,2026-04-28T12:00:06Z,50.0,True,91983,8982.0,91.0
7838,UChhKBlh_wvspTh5n4mL0b5g,BOYNEXTDOOR,m-WKA2v8Aao,표정 관리 실패🤭 #BOYNEXTDOOR #보이넥스트도어 #BND #WHATDOOR #왓도어,2026-04-28T12:00:08Z,36.0,True,110894,10134.0,68.0
7838,UChhKBlh_wvspTh5n4mL0b5g,BOYNEXTDOOR,lxCQLZJJOLA,😮‍💨 #BOYNEXTDOOR #보이넥스트도어 #BND #명재현 #JAEHYUN,2026-04-30T12:01:33Z,17.0,True,237916,25445.0,474.0
7838,UChhKBlh_wvspTh5n4mL0b5g,BOYNEXTDOOR,atqmWFGBSgA,Six seven? #BOYNEXTDOOR #보이넥스트도어 #BND,2026-04-30T14:00:07Z,21.0,True,529635,43255.0,694.0
7838,UChhKBlh_wvspTh5n4mL0b5g,BOYNEXTDOOR,Ax4eForU1jI,bounce👾 #JAEHYUN #LEEHAN #BOYNEXTDOOR #보이넥스트도어 #BND,2026-05-01T12:00:18Z,17.0,True,294552,28806.0,370.0
7838,UChhKBlh_wvspTh5n4mL0b5g,BOYNEXTDOOR,yfVnvUURVgU,낙원🍃#happychildrensday #BOYNEXTDOOR #보이넥스트도어 #BND,2026-05-05T10:05:17Z,27.0,True,367319,32294.0,568.0
7838,UChhKBlh_wvspTh5n4mL0b5g,BOYNEXTDOOR,AfmqpyWtS4A,지치고 병든 나(그네여) #BOYNEXTDOOR #보이넥스트도어 #BND,2026-05-05T10:30:04Z,5.0,True,741934,40924.0,551.0
7838,UChhKBlh_wvspTh5n4mL0b5g,BOYNEXTDOOR,YQ86hfhhV88,어머나 #JAEHYUN #LEEHAN #BOYNEXTDOOR #보이넥스트도어 #BND,2026-05-09T07:00:35Z,20.0,True,348872,33064.0,452.0
7838,UChhKBlh_wvspTh5n4mL0b5g,BOYNEXTDOOR,_MYeDpcJfso,can't stop looking at my nails🎀 #리우 #RIWOO #BOYNEXTDOOR #보이넥스트도어 #BND,2026-05-09T08:30:31Z,12.0,True,174964,20144.0,421.0
7838,UChhKBlh_wvspTh5n4mL0b5g,BOYNEXTDOOR,-kksCasu9NM,#FANTASTICS とお友達になったよ🩵  #BOYNEXTDOOR #보이넥스트도어 #BND #ボネトモ,2026-05-09T10:00:01Z,27.0,True,150306,16669.0,143.0
7838,UChhKBlh_wvspTh5n4mL0b5g,BOYNEXTDOOR,fE3DxPTHIz0,boom boom #RIWOO #TAESAN #BOYNEXTDOOR #보이넥스트도어 #BND,2026-05-10T06:00:36Z,15.0,True,176111,23457.0,309.0
7838,UChhKBlh_wvspTh5n4mL0b5g,BOYNEXTDOOR,VvmR9Uew9h0,📹 Kstyle PARTY 2026 Behind #BOYNEXTDOOR #보이넥스트도어 #BND,2026-05-10T12:00:52Z,59.0,True,90057,15011.0,208.0
7838,UChhKBlh_wvspTh5n4mL0b5g,BOYNEXTDOOR,zzUe9mRLHd0,모씨모씨 #RIWOO #JAEHYUN #LEEHAN #BOYNEXTDOOR #보이넥스트도어,2026-05-10T13:01:44Z,15.0,True,264486,27944.0,468.0
7838,UChhKBlh_wvspTh5n4mL0b5g,BOYNEXTDOOR,VfxukZQsdWk,BOYNEXTDOOR '똑똑똑' Official MV #BOYNEXTDOOR #보이넥스트도어 #BND #HOME #똑똑똑,2026-05-10T15:00:48Z,25.0,True,262228,29115.0,629.0
7838,UChhKBlh_wvspTh5n4mL0b5g,BOYNEXTDOOR,evwn2Ju270s,We're King Of the Zungle #BOYNEXTDOOR #보이넥스트도어 #BND #똑똑똑 #똑똑똑_Challenge,2026-05-11T10:30:32Z,31.0,True,207897,23935.0,451.0
7838,UChhKBlh_wvspTh5n4mL0b5g,BOYNEXTDOOR,vA2-XEMC22c,BOYNEXTDOOR (보이넥스트도어) '똑똑똑' 응원법,2026-05-11T11:00:11Z,195.0,False,171848,19102.0,871.0
7838,UChhKBlh_wvspTh5n4mL0b5g,BOYNEXTDOOR,NQ6NHJxRkZw,let's gooooooo✊✊✊ #BOYNEXTDOOR #보이넥스트도어 #BND #똑똑똑 #똑똑똑_Challenge,2026-05-11T11:30:15Z,33.0,True,983839,27253.0,293.0
7838,UChhKBlh_wvspTh5n4mL0b5g,BOYNEXTDOOR,4vqjppoPvHc,문 부수러 왔습니다💥 #BOYNEXTDOOR #보이넥스트도어 #BND #똑똑똑 #똑똑똑_Challenge,2026-05-11T12:30:12Z,20.0,True,226721,23456.0,336.0
7838,UChhKBlh_wvspTh5n4mL0b5g,BOYNEXTDOOR,t_3J1Nd-9VU,문 부수러 왔습니다‼️ #BOYNEXTDOOR #보이넥스트도어 #BND #똑똑똑 #똑똑똑_Challenge,2026-05-11T12:40:02Z,17.0,True,227857,26625.0,323.0
7838,UChhKBlh_wvspTh5n4mL0b5g,BOYNEXTDOOR,PkQPHZJB50o,ㄸㅗㄱㄸㅗㄱㄸㅗㄱ #BOYNEXTDOOR #보이넥스트도어 #BND #똑똑똑 #똑똑똑_Challenge,2026-05-12T08:00:21Z,22.0,True,236714,30426.0,579.0
7838,UChhKBlh_wvspTh5n4mL0b5g,BOYNEXTDOOR,Z4qFA-mUB_E,BOYNEXTDOOR '똑똑똑' Performance Video #BOYNEXTDOOR #보이넥스트도어 #BND #HOME #똑똑똑,2026-05-12T09:00:50Z,34.0,True,127183,15760.0,172.0
7838,UChhKBlh_wvspTh5n4mL0b5g,BOYNEXTDOOR,pQUvn_pnJ4Y,#똑똑똑 MV behind✊ #BOYNEXTDOOR #보이넥스트도어 #BND,2026-05-12T11:01:15Z,32.0,True,86116,13870.0,177.0
7838,UChhKBlh_wvspTh5n4mL0b5g,BOYNEXTDOOR,BBG7ycZ43CM,ddok ddok ddok BND #BOYNEXTDOOR #보이넥스트도어 #BND #똑똑똑 #똑똑똑_Challenge,2026-05-12T12:30:26Z,16.0,True,468556,22785.0,231.0
7838,UChhKBlh_wvspTh5n4mL0b5g,BOYNEXTDOOR,EezRqA5oRRQ,똑똑똑🚪🛎️ 누구세요? 월드투어요-BOYNEXTDOOR TOUR 'KNOCK ON Vol.2' IN SEOUL #BOYNEXTDOOR #KNOCK_ON_Vol_2,2026-05-13T06:00:15Z,9.0,True,436636,33657.0,334.0
7838,UChhKBlh_wvspTh5n4mL0b5g,BOYNEXTDOOR,DrKvjvIClF0,똑똑똑 #ChillLit coming at BND's door #BOYNEXTDOOR #보이넥스트도어 #똑똑똑 #똑똑똑_Challenge,2026-05-13T08:00:12Z,31.0,True,163265,18955.0,148.0
7838,UChhKBlh_wvspTh5n4mL0b5g,BOYNEXTDOOR,8BTkuq0uxnQ,뚁뚁뚁 #BOYNEXTDOOR #보이넥스트도어 #똑똑똑 #똑똑똑_Challenge,2026-05-13T10:00:12Z,11.0,True,287992,23474.0,364.0
7838,UChhKBlh_wvspTh5n4mL0b5g,BOYNEXTDOOR,ZZZJke656e0,똑똑똑 #유병재 선배님 coming at BND's door #BOYNEXTDOOR #보이넥스트도어 #똑똑똑 #똑똑똑_Challenge,2026-05-13T13:00:56Z,16.0,True,182801,19710.0,239.0
7838,UChhKBlh_wvspTh5n4mL0b5g,BOYNEXTDOOR,ZYXMG77Bw5U,똑똑똑 #SANTOSBRAVOS coming at BND's door #BOYNEXTDOOR #보이넥스트도어 #똑똑똑 #똑똑똑_Challenge #산토스브라보스,2026-05-13T14:00:50Z,33.0,True,183768,24359.0,224.0
7838,UChhKBlh_wvspTh5n4mL0b5g,BOYNEXTDOOR,kWYEzC3KjeY,"시켜줘, 원도어 명..예소방관 #BOYNEXTDOOR #보이넥스트도어 #BND #명재현 #JAEHYUN",2026-05-14T04:00:43Z,13.0,True,93115,13569.0,310.0
7838,UChhKBlh_wvspTh5n4mL0b5g,BOYNEXTDOOR,8pFnKJ6MxAE,멍재현 차차🐶 다같이 똑똑똑 똑똑 차차🤍 #BOYNEXTDOOR #보이넥스트도어 #BND #명재현 #JAEHYUN,2026-05-14T05:00:07Z,22.0,True,76661,13818.0,282.0
7838,UChhKBlh_wvspTh5n4mL0b5g,BOYNEXTDOOR,ziufnxt21ho,✊✊링띵동 - now find your trio! #BOYNEXTDOOR #보이넥스트도어 #BND #똑똑똑 #똑똑똑_Challenge,2026-05-14T08:01:04Z,13.0,True,377394,17110.0,180.0
7838,UChhKBlh_wvspTh5n4mL0b5g,BOYNEXTDOOR,xIbEucaenS4,✊✊학한호 - now find your trio!three of us had to try.. your turn! #BOYNEXTDOOR #똑똑똑 #똑똑똑_Challenge,2026-05-14T08:10:03Z,13.0,True,228425,16169.0,167.0
7838,UChhKBlh_wvspTh5n4mL0b5g,BOYNEXTDOOR,XYLA4Wot1oI,똑똑똑🚪🛎️ 엠카 문 부수고 갑니다 #BOYNEXTDOOR #보이넥스트도어 #BND #똑똑똑 #똑똑똑_Challenge,2026-05-14T11:00:49Z,15.0,True,151505,19807.0,250.0
7838,UChhKBlh_wvspTh5n4mL0b5g,BOYNEXTDOOR,pthU5cN8V4c,Choreography｜BOYNEXTDOOR (보이넥스트도어) ‘똑똑똑’ Dance Practice,2026-05-14T13:00:13Z,160.0,False,167676,22239.0,916.0
7838,UChhKBlh_wvspTh5n4mL0b5g,BOYNEXTDOOR,2FRrQhkSKlk,똑똑똑 #TWS #DOHOON coming at BND's door #BOYNEXTDOOR #똑똑똑 #똑똑똑_Challenge,2026-05-14T14:00:03Z,30.0,True,361242,23987.0,334.0
7838,UChhKBlh_wvspTh5n4mL0b5g,BOYNEXTDOOR,XDicQT0RRLY,📹 '똑똑똑' Performance Video Behind #BOYNEXTDOOR #보이넥스트도어 #BND #똑똑똑 #똑똑똑_Challenge,2026-05-15T07:00:27Z,59.0,True,59918,11370.0,134.0
7838,UChhKBlh_wvspTh5n4mL0b5g,BOYNEXTDOOR,IX83GZa--so,똑똑똑🚪🛎️ 뮤직뱅크 문 부수고 갑니다 #BOYNEXTDOOR #보이넥스트도어 #BND #똑똑똑 #똑똑똑_Challenge,2026-05-15T10:00:34Z,10.0,True,158506,19886.0,241.0
7838,UChhKBlh_wvspTh5n4mL0b5g,BOYNEXTDOOR,HGrPcsbIPzE,𝐖𝐡𝐨'𝐬 𝐭𝐡𝐞𝐫𝐞? #BOYNEXTDOOR #보이넥스트도어 #BND #똑똑똑 #똑똑똑_Challenge,2026-05-15T11:10:00Z,31.0,True,64496,11814.0,148.0
7838,UChhKBlh_wvspTh5n4mL0b5g,BOYNEXTDOOR,EP3YVuCAX3I,똑똑똑 in 뮤직뱅크⏰#BOYNEXTDOOR #보이넥스트도어 #BND #HOME #똑똑똑,2026-05-15T13:00:24Z,44.0,True,53157,9471.0,153.0
7838,UChhKBlh_wvspTh5n4mL0b5g,BOYNEXTDOOR,6aq4w8ADfo0,똑똑똑 #andTEAM #K coming at BND's door #BOYNEXTDOOR #똑똑똑 #똑똑똑_Challenge,2026-05-15T14:00:14Z,31.0,True,110469,16430.0,175.0
7838,UChhKBlh_wvspTh5n4mL0b5g,BOYNEXTDOOR,Lmtm6yd1Of4,운학이 낰낰낚~시🎣 #SUNGHO #WOONHAK #BOYNEXTDOOR #보이넥스트도어 #BND,2026-05-16T02:02:51Z,25.0,True,25822,5147.0,174.0
7839,UCTHCOPwqNfZ0uiKOvFyhGwg,연합뉴스TV,lNrZZTzLfUE,단종 '박지훈' 취사병 변신…판타지로 돌아온 차은우 / 연합뉴스TV (YonhapnewsTV),2026-05-16T00:31:42Z,145.0,False,333,3.0,2.0
7839,UCTHCOPwqNfZ0uiKOvFyhGwg,연합뉴스TV,LAHXKuwetDY,[날씨] 주말 30도 안팎 '땡볕 더위'…강한 자외선 주의 / 연합뉴스TV (YonhapnewsTV),2026-05-16T00:43:14Z,75.0,False,1613,90.0,8.0
7839,UCTHCOPwqNfZ0uiKOvFyhGwg,연합뉴스TV,i0HY0PmmQLU,"[🔴속보] ""트럼프, 중국에서 빈손 귀국"" 주요 외신 혹평…'갈등 요소만 재확인' 분석 / 연합뉴스TV(YonhapnewsTV)",2026-05-16T00:44:49Z,38566.0,False,4640,33.0,4.0
7839,UCTHCOPwqNfZ0uiKOvFyhGwg,연합뉴스TV,8491aiEQr74,"법원 ""2인 체제 방통위 KBS 감사 임명 적법"" / 연합뉴스TV (YonhapnewsTV)",2026-05-16T00:45:05Z,53.0,True,123,0.0,0.0
7839,UCTHCOPwqNfZ0uiKOvFyhGwg,연합뉴스TV,WMCxipSoqIA,"법원, '김범석 쿠팡 동일인 지정' 효력 직권정지  / 연합뉴스TV (YonhapnewsTV)",2026-05-16T00:45:05Z,40.0,True,233,4.0,3.0
7839,UCTHCOPwqNfZ0uiKOvFyhGwg,연합뉴스TV,lVCwJqTdnRE,"[🔴속보] ""UAE, 걸프국에 이란 설득 요청했지만 거절…이후 이스라엘과 밀착"" / 연합뉴스TV(YonhapnewsTV)",2026-05-16T00:47:02Z,,False,2000,20.0,0.0
7839,UCTHCOPwqNfZ0uiKOvFyhGwg,연합뉴스TV,CH3HVD0w9Zc,대형견에 물린 일가족 3명…70대 중상 / 연합뉴스TV (YonhapnewsTV),2026-05-16T00:48:57Z,49.0,True,1244,19.0,6.0
7839,UCTHCOPwqNfZ0uiKOvFyhGwg,연합뉴스TV,slLQHhUW62w,"[🔴속보] 이란 외무 ""미국 못믿는다…대화 계속 이어가잔 메시지 오는 중"" / 연합뉴스TV(YonhapnewsTV)",2026-05-16T00:51:00Z,40266.0,False,3426,19.0,1.0
7839,UCTHCOPwqNfZ0uiKOvFyhGwg,연합뉴스TV,WhO2qetuBHw,[🔴속보] 'UDT·SEAL 구성' 청해부대 48진 왕건함 출항…'대드론체계 보강' 호르무즈 투입 가능성/ 연합뉴스TV(YonhapnewsTV),2026-05-16T00:52:19Z,38235.0,False,5794,71.0,3.0
7839,UCTHCOPwqNfZ0uiKOvFyhGwg,연합뉴스TV,w-yyfyhguI0,"걸프국에 이란 설득 요청한 UAE…""거부당한 뒤 흑화해 이스라엘과 밀착"" [뉴스와] / 연합뉴스TV(YonhapnewsTV)",2026-05-16T00:55:01Z,351.0,False,1112,25.0,2.0
7839,UCTHCOPwqNfZ0uiKOvFyhGwg,연합뉴스TV,QpdNZH0xjIg,"시진핑, 올가을 美 국빈 방문…""미완의 회담"" 평가도 / 연합뉴스TV (YonhapnewsTV)",2026-05-16T01:17:58Z,279.0,False,164,2.0,0.0
7839,UCTHCOPwqNfZ0uiKOvFyhGwg,연합뉴스TV,tYkEeF2bXYg,"내달 하반기 경제성장전략 발표…""수정 전망 제시"" / 연합뉴스TV (YonhapnewsTV)",2026-05-16T01:19:40Z,48.0,True,80,2.0,0.0
7839,UCTHCOPwqNfZ0uiKOvFyhGwg,연합뉴스TV,cRQrvrnBCFY,강진 시 3~5초 이내 '지진현장경보' 발령 / 연합뉴스TV (YonhapnewsTV),2026-05-16T01:24:01Z,41.0,True,106,3.0,0.0
7839,UCTHCOPwqNfZ0uiKOvFyhGwg,연합뉴스TV,pOBRS1QW8rU,"""CCTV 있어 범행 불가"" vs ""사각지대""…색동원 현장검증 / 연합뉴스TV (YonhapnewsTV)",2026-05-16T01:24:51Z,151.0,False,111,2.0,0.0
7839,UCTHCOPwqNfZ0uiKOvFyhGwg,연합뉴스TV,L-3L-QyO4rM,한화 문현빈·페라자 '투런포' 작렬…kt 잡고 2연승 / 연합뉴스TV (YonhapnewsTV),2026-05-16T01:25:28Z,122.0,False,172,4.0,1.0
7839,UCTHCOPwqNfZ0uiKOvFyhGwg,연합뉴스TV,QmyChg3H4GA,"국세청 ""투자·고용 늘린 외투기업 세무검증 면제"" / 연합뉴스TV (YonhapnewsTV)",2026-05-16T01:26:18Z,52.0,True,76,0.0,0.0
7839,UCTHCOPwqNfZ0uiKOvFyhGwg,연합뉴스TV,VGA55X9foic,"""내새끼면 미국 안보내지…근데 내가 트럼프랑 완전 친하잖아"" 독일 총리의 감성주의 교육철학·자본주의 안보철학 [뉴스와] / 연합뉴스TV(YonhapnewsTV)",2026-05-16T01:26:44Z,1042.0,False,322,11.0,4.0
7839,UCTHCOPwqNfZ0uiKOvFyhGwg,연합뉴스TV,1Mw2ph5H0qs,"美, 대만 무기판매 화두로…""미완의 회담"" / 연합뉴스TV (YonhapnewsTV)",2026-05-16T01:33:39Z,286.0,False,464,10.0,0.0
7839,UCTHCOPwqNfZ0uiKOvFyhGwg,연합뉴스TV,SGPWdCDykjA,"[🔴속보] 이스라엘-레바논, 휴전 45일 추가 연장 합의…교전 지속에 '형식적 약속' 지적도 / 연합뉴스TV(YonhapnewsTV)",2026-05-16T01:34:48Z,6809.0,False,694,4.0,0.0
7839,UCTHCOPwqNfZ0uiKOvFyhGwg,연합뉴스TV,bu_Az-bloao,"시진핑과 ""대만에 무기 몇 개 팔까?"" 구체 논의…트럼프 발언에 발칵 [뉴스와] / 연합뉴스TV(YonhapnewsTV)",2026-05-16T01:41:37Z,327.0,False,1429,31.0,16.0
7839,UCTHCOPwqNfZ0uiKOvFyhGwg,연합뉴스TV,e_8elgRPScg,"中왕이 ""시진핑, 올가을 미국 국빈 방문"" / 연합뉴스TV (YonhapnewsTV)",2026-05-16T01:44:11Z,33.0,True,152,2.0,1.0
7839,UCTHCOPwqNfZ0uiKOvFyhGwg,연합뉴스TV,TPJRvsu4meM,재보선 최대 변수는 단일화…가능성은 미지수 / 연합뉴스TV (YonhapnewsTV),2026-05-16T01:45:17Z,145.0,False,608,17.0,3.0
7839,UCTHCOPwqNfZ0uiKOvFyhGwg,연합뉴스TV,JqaAU2_HsF0,평화 지킨다더니 공포분위기 조성?…레바논·팔레스타인은 ㅇㅇㅇㅇ이 제일 두렵다 [뉴스와] / 연합뉴스TV(YonhapnewsTV),2026-05-16T01:57:29Z,720.0,False,100,2.0,0.0
7839,UCTHCOPwqNfZ0uiKOvFyhGwg,연합뉴스TV,LFgZj2TxnaY,"노동장관, 주말 삼성전자 경영진 면담…파업 중재 역할 / 연합뉴스TV (YonhapnewsTV)",2026-05-16T01:59:18Z,32.0,True,999,10.0,32.0
7839,UCTHCOPwqNfZ0uiKOvFyhGwg,연합뉴스TV,jec3cQ1bMuU,"""GTX 삼성역 구간서 시공오류…긴급 현장 점검"" / 연합뉴스TV (YonhapnewsTV)",2026-05-16T02:00:06Z,46.0,True,197,7.0,0.0
7839,UCTHCOPwqNfZ0uiKOvFyhGwg,연합뉴스TV,NurZ1Uv7Dy0,"북중미월드컵 향할 태극전사, 오늘 오후 광화문서 발표 / 연합뉴스TV (YonhapnewsTV)",2026-05-16T02:01:03Z,46.0,True,332,14.0,3.0
7839,UCTHCOPwqNfZ0uiKOvFyhGwg,연합뉴스TV,v-kVx3Nb_T8,[이시각헤드라인] 5월 16일 토요와이드(11시) / 연합뉴스TV (YonhapnewsTV),2026-05-16T02:02:46Z,75.0,False,84,0.0,0.0
7839,UCTHCOPwqNfZ0uiKOvFyhGwg,연합뉴스TV,40QPvLdTKZ8,[날씨] 주말 때 이른 여름 더위…서울 31도·대구33도 / 연합뉴스TV (YonhapnewsTV),2026-05-16T02:02:49Z,54.0,True,814,58.0,5.0
7839,UCTHCOPwqNfZ0uiKOvFyhGwg,연합뉴스TV,Rgnzc3l_yWU,"[뉴스특보] '대만 야욕' 드러낸 중국, 미국의 선택은? / 연합뉴스TV (YonhapnewsTV)",2026-05-16T02:05:49Z,1573.0,False,1888,53.0,13.0
7839,UCTHCOPwqNfZ0uiKOvFyhGwg,연합뉴스TV,n1uISCdr1JI,공소청 출범 본격 준비…검사 이탈 가속에 공백 우려 / 연합뉴스TV (YonhapnewsTV),2026-05-16T02:12:09Z,132.0,False,104,4.0,0.0
7839,UCTHCOPwqNfZ0uiKOvFyhGwg,연합뉴스TV,X_APBJRkwAQ,"이스라엘, 가자서 하마스 최고 군사지도자 공습…57명 사상 / 연합뉴스TV (YonhapnewsTV)",2026-05-16T02:14:32Z,44.0,True,198,6.0,2.0
7839,UCTHCOPwqNfZ0uiKOvFyhGwg,연합뉴스TV,7nHmvgVCnpQ,"33도 불볕더위에 강한 자외선까지…""화상입을수도"" [뉴스쏙] / 연합뉴스TV(YonhapnewsTV)",2026-05-16T02:21:51Z,7146.0,False,790,5.0,2.0
7839,UCTHCOPwqNfZ0uiKOvFyhGwg,연합뉴스TV,YYkOGtlBjqI,"시진핑, 올가을 美 국빈 방문…""미완의 회담"" 평가도 / 연합뉴스TV (YonhapnewsTV)",2026-05-16T02:26:38Z,279.0,False,366,18.0,2.0
7839,UCTHCOPwqNfZ0uiKOvFyhGwg,연합뉴스TV,PoGDeBVA87k,"노동장관, 삼성전자 경영진과 만난다…파업 중재 / 연합뉴스TV (YonhapnewsTV)",2026-05-16T03:39:33Z,136.0,False,220,3.0,4.0
7839,UCTHCOPwqNfZ0uiKOvFyhGwg,연합뉴스TV,-pCR0qiS_PQ,"트럼프, 시진핑의 '대만 야욕' 용인했나…양안관계 천지개벽 눈앞 [현장쏙]  / 연합뉴스TV(YonhapnewsTV)",2026-05-16T03:40:42Z,,False,118,1.0,0.0
7839,UCTHCOPwqNfZ0uiKOvFyhGwg,연합뉴스TV,aqEpy98AYiU,정청래 '평택을' 지원…장동혁 전북서 지지 호소 / 연합뉴스TV (YonhapnewsTV),2026-05-16T03:42:13Z,174.0,False,27,1.0,1.0
7839,UCTHCOPwqNfZ0uiKOvFyhGwg,연합뉴스TV,Pav0dijk66I,인천서 '현관문 테러'…'보복대행' 20대 검거 / 연합뉴스TV (YonhapnewsTV),2026-05-16T03:42:25Z,45.0,True,56,1.0,0.0
7839,UCTHCOPwqNfZ0uiKOvFyhGwg,연합뉴스TV,WQPT7ezXiJw,"[🔴속보] ""시진핑과 대만 무기판매 구체적으로 논의""…트럼프 발언에 파장 지속 / 연합뉴스TV(YonhapnewsTV)",2026-05-16T03:42:37Z,,False,224,5.0,0.0
7839,UCTHCOPwqNfZ0uiKOvFyhGwg,연합뉴스TV,mo6HPWF9vFc,[날씨] 오늘도 때 이른 더위 이어져…자외선·오존 주의 / 연합뉴스TV (YonhapnewsTV),2026-05-16T03:43:10Z,102.0,False,155,18.0,3.0
7839,UCTHCOPwqNfZ0uiKOvFyhGwg,연합뉴스TV,w2LNFfrra9c,중동발 비료 위기…'순환식 수경재배' 주목 / 연합뉴스TV (YonhapnewsTV),2026-05-16T03:43:10Z,114.0,False,30,1.0,0.0
7839,UCTHCOPwqNfZ0uiKOvFyhGwg,연합뉴스TV,bS4thME9u8I,낚싯대에 숙소까지…하천 불법시설 '강제철거' / 연합뉴스TV (YonhapnewsTV),2026-05-16T03:43:49Z,118.0,False,68,6.0,1.0
7839,UCTHCOPwqNfZ0uiKOvFyhGwg,연합뉴스TV,ClogC7mxHdM,"독일 총리 ""트럼프와 좋은 전화 통화"" 갈등 봉합 시도…다른 장소에선 ""美유학·취업 권하고 싶지 않아"" 발언 뒷말 [뉴스쏙]  / 연합뉴스TV(YonhapnewsTV)",2026-05-16T03:43:50Z,8831.0,False,772,8.0,0.0
7839,UCTHCOPwqNfZ0uiKOvFyhGwg,연합뉴스TV,v9pD1_5Fzpk,'인천 F1' 수익성 논쟁 가열…지방선거 쟁점 부각 / 연합뉴스TV (YonhapnewsTV),2026-05-16T03:44:31Z,137.0,False,24,2.0,1.0
7839,UCTHCOPwqNfZ0uiKOvFyhGwg,연합뉴스TV,vqu7SBThFGQ,"하나금융, 업비트 운영사 두나무 4대 주주된다 / 연합뉴스TV (YonhapnewsTV)",2026-05-16T03:44:45Z,39.0,True,29,0.0,0.0
7839,UCTHCOPwqNfZ0uiKOvFyhGwg,연합뉴스TV,G5jM42GIwz0,이스라엘 군인 이어 주민들도 안하무인 행동 눈총…정착민 모욕·모스크 방화 논란 [뉴스쏙] / 연합뉴스TV(YonhapnewsTV),2026-05-16T03:45:14Z,5360.0,False,458,14.0,1.0
7839,UCTHCOPwqNfZ0uiKOvFyhGwg,연합뉴스TV,10c0MIRnhHc,"[🔴속보] 방중 일정 끝내고 다시 '이란의 시간'…트럼프, 추가 공습 단행하나 / 연합뉴스TV(YonhapnewsTV)",2026-05-16T03:46:31Z,,False,234,5.0,0.0
7839,UCTHCOPwqNfZ0uiKOvFyhGwg,연합뉴스TV,SHmXXh0QaZY,"""피 묻은 포대 봤다""…5·18 암매장 추정지 조사 / 연합뉴스TV (YonhapnewsTV)",2026-05-16T03:49:00Z,122.0,False,91,2.0,4.0
7839,UCTHCOPwqNfZ0uiKOvFyhGwg,연합뉴스TV,8GY4Dx6BiJU,"부산 시민단체 ""동천이 살면 부산이 산다"" 호소 / 연합뉴스TV (YonhapnewsTV)",2026-05-16T03:50:05Z,35.0,True,35,0.0,0.0
7839,UCTHCOPwqNfZ0uiKOvFyhGwg,연합뉴스TV,osyxfmMOr_Q,[토요와이드] 6·3 후보자 등록 마감…다음주 본격 선거전 돌입 / 연합뉴스TV (YonhapnewsTV),2026-05-16T03:50:58Z,2106.0,False,70,2.0,1.0
7839,UCTHCOPwqNfZ0uiKOvFyhGwg,연합뉴스TV,fB7xLz3HPb8,"[듣는뉴스/알아BIO] ""댕냥이 집사 잡아라""…제약사, 펫시장 정조준 / 연합뉴스TV (YonhapnewsTV)",2026-05-16T04:03:28Z,1158.0,False,4,0.0,0.0
7840,UC6_kmAF-67rCiIpa3dCit5A,채널 NCT MUSIC,pwLuKcuknH0,MARK & HAECHAN | Billionaire | NCT DREAM SHOW,2018-11-26T09:00:08Z,151.0,False,10952760,657291.0,13481.0
7840,UC6_kmAF-67rCiIpa3dCit5A,채널 NCT MUSIC,JM2k_veH3sU,NCT RECORDING DIARY #7,2018-11-27T09:00:03Z,862.0,False,1350440,102672.0,4837.0
7840,UC6_kmAF-67rCiIpa3dCit5A,채널 NCT MUSIC,XSdcqSJLVjw,NCT DREAM SHOW #1 Highlight | 드림쇼 하이라이트,2018-11-30T13:00:06Z,395.0,False,652566,70248.0,2181.0
7840,UC6_kmAF-67rCiIpa3dCit5A,채널 NCT MUSIC,SW3uQ_L2rY8,[N'-70] Behind the 'Simon Says',2018-12-12T10:00:04Z,311.0,False,1201056,99091.0,2864.0
7840,UC6_kmAF-67rCiIpa3dCit5A,채널 NCT MUSIC,5TpD7NlOS9c,NCT DOYOUNG | Cover Song | breathin (Ariana Grande),2018-12-22T12:00:01Z,144.0,False,7003950,490825.0,20671.0
7840,UC6_kmAF-67rCiIpa3dCit5A,채널 NCT MUSIC,0uaT0prqHZw,NCT DOYOUNG | White Christmas | Vocals Only,2018-12-23T13:00:01Z,78.0,False,455661,63262.0,2848.0
7840,UC6_kmAF-67rCiIpa3dCit5A,채널 NCT MUSIC,NOpe-4YROXA,NCT 127 엔시티 127 '신기루 (Fly Away With Me)' Self-filmed MV,2018-12-24T14:00:01Z,335.0,False,4973051,282419.0,10620.0
7840,UC6_kmAF-67rCiIpa3dCit5A,채널 NCT MUSIC,XSvgMudXPlc,NCT JAEHYUN | Carol Cover | Have Yourself A Merry Little Christmas🎄,2018-12-25T04:00:00Z,169.0,False,3886556,318497.0,11290.0
7840,UC6_kmAF-67rCiIpa3dCit5A,채널 NCT MUSIC,8WY8YiDe5nA,NCT TAEIL | Carol Cover | The Christmas Song🎄 (Justin Bieber feat. Usher),2018-12-25T06:00:00Z,159.0,False,1281799,118609.0,8734.0
7840,UC6_kmAF-67rCiIpa3dCit5A,채널 NCT MUSIC,Lvp0vcGeTIs,Throwback 2018 #1 | Memories of 'Baby Don't Stop' + 'BOSS',2018-12-30T04:00:02Z,365.0,False,1187486,126145.0,3941.0
7840,UC6_kmAF-67rCiIpa3dCit5A,채널 NCT MUSIC,TqIdGqoGG1s,"ASMR | '헤어지지 말아요, 우리' - ROCOBERRY X DOYOUNG",2019-03-06T08:00:02Z,128.0,False,333054,43717.0,1594.0
7840,UC6_kmAF-67rCiIpa3dCit5A,채널 NCT MUSIC,zWCMQt1X5Ds,NCT DOYOUNG | Cover Song | 이름에게 (Dear Name) IU (아이유),2019-03-29T13:00:10Z,182.0,False,2594351,205576.0,6495.0
7840,UC6_kmAF-67rCiIpa3dCit5A,채널 NCT MUSIC,VrBALfv6poo,DOYOUNG | Billie Eilish - wish you were gay + bad guy,2019-05-04T09:00:04Z,136.0,False,3938043,450520.0,11470.0
7840,UC6_kmAF-67rCiIpa3dCit5A,채널 NCT MUSIC,neNlrLLsCrE,Cover | DOYOUNG - idontwannabeyouanymore (Billie Eilish),2019-06-25T14:00:09Z,281.0,False,4868821,527599.0,14288.0
7840,UC6_kmAF-67rCiIpa3dCit5A,채널 NCT MUSIC,opUhIt-RUUg,Cover | DOYOUNG - Rain (TAEYEON),2019-07-31T07:00:10Z,231.0,False,2766473,171907.0,5319.0
7840,UC6_kmAF-67rCiIpa3dCit5A,채널 NCT MUSIC,xEKlhTV2HYI,Cover | JAEHYUN - I Like Me Better (Lauv),2019-08-22T13:00:15Z,201.0,False,110386218,2891539.0,109966.0
7840,UC6_kmAF-67rCiIpa3dCit5A,채널 NCT MUSIC,CUr5e6t3kSU,NCT DREAM 엔시티 드림 'Fireflies’ (24th World Scout Jamboree Ver.),2019-08-25T13:00:03Z,200.0,False,3718903,250847.0,5137.0
7840,UC6_kmAF-67rCiIpa3dCit5A,채널 NCT MUSIC,ruGhshs4Us8,Cover｜DOYOUNG & HAECHAN - Cinta Luar Biasa (Andmesh Kamaleng),2019-10-27T05:00:03Z,181.0,False,28869343,1977144.0,131365.0
7840,UC6_kmAF-67rCiIpa3dCit5A,채널 NCT MUSIC,sCAIXySOw4w,Cover｜TAEIL - Baby Baby (4MEN)｜Piano & Vocal Cover,2019-11-01T14:00:15Z,158.0,False,3549273,228775.0,23329.0
7840,UC6_kmAF-67rCiIpa3dCit5A,채널 NCT MUSIC,5I-9nuAKNM8,NCT DREAM '너와 나 (Beautiful Time)' With. 시즈니💚 @NCT DREAM TOUR “THE DREAM SHOW”,2019-11-19T13:00:00Z,167.0,False,2659099,235815.0,4928.0
7840,UC6_kmAF-67rCiIpa3dCit5A,채널 NCT MUSIC,iA-xzap7wEE,Cover｜DOYOUNG - This Christmas (TAEYEON),2019-12-24T14:00:07Z,182.0,False,1743596,123049.0,5403.0
7840,UC6_kmAF-67rCiIpa3dCit5A,채널 NCT MUSIC,PBBriDzbV4k,Acoustic Cover | MARK & HAECHAN - 첫 눈 (EXO) / Mistletoe (Justin Bieber),2019-12-24T15:00:03Z,176.0,False,7483165,707135.0,18314.0
7840,UC6_kmAF-67rCiIpa3dCit5A,채널 NCT MUSIC,Ws4kFdB74NU,Cover｜YUTA - White (TVXQ!),2019-12-25T04:00:04Z,131.0,False,4345944,344823.0,39337.0
7840,UC6_kmAF-67rCiIpa3dCit5A,채널 NCT MUSIC,sAAdDqHPHQA,Cover｜DOYOUNG - 마음을 드려요 IU (아이유),2020-04-18T12:00:24Z,226.0,False,3208150,281037.0,12340.0
7840,UC6_kmAF-67rCiIpa3dCit5A,채널 NCT MUSIC,9GrtC5Z4r5w,QTAH,2020-05-01T13:00:10Z,163.0,False,1814788,277075.0,17576.0
7840,UC6_kmAF-67rCiIpa3dCit5A,채널 NCT MUSIC,bfUrqK3iqd0,NCT 127 '너의 하루 (Make Your Day)' Live Practice,2020-05-14T13:00:30Z,96.0,False,995381,132580.0,3884.0
7840,UC6_kmAF-67rCiIpa3dCit5A,채널 NCT MUSIC,XfDc18okU80,Bad Smell & QTAH 🍳SUNNY SIDE UP🍳 #DJ_JOHNNY_SUNNYSIDEUP,2020-07-05T05:00:36Z,268.0,False,1372247,219068.0,10594.0
7840,UC6_kmAF-67rCiIpa3dCit5A,채널 NCT MUSIC,OQ1INjhhqCk,Cover｜RENJUN - FOOLS (Troye Sivan),2020-07-23T14:00:06Z,143.0,False,16865297,959408.0,110490.0
7840,UC6_kmAF-67rCiIpa3dCit5A,채널 NCT MUSIC,kYH9lOt5_CA,NCT U ‘From Home’ Live Practice,2020-10-30T07:00:08Z,181.0,False,1556949,253347.0,6383.0
7841,UCn_9mH91rLWez9SZ6AdjfYg,Partition Sion,Ru78Rp9jJxs,TINY GEOMETRY DASH (All Levels 1~22 / All Coins),2023-11-01T15:32:56Z,1117.0,False,4994149,19837.0,1428.0
7841,UCn_9mH91rLWez9SZ6AdjfYg,Partition Sion,ugWpw7hBgKE,GEOMETRY DASH X (All Levels 1~22 / All Coins),2023-12-04T16:52:06Z,2058.0,False,13728068,53392.0,2493.0
7841,UCn_9mH91rLWez9SZ6AdjfYg,Partition Sion,nGxsVvKCtvM,Dash but 1000 Coins | Geometry Dash 2.2,2023-12-20T18:44:10Z,121.0,False,4730789,31611.0,2249.0
7841,UCn_9mH91rLWez9SZ6AdjfYg,Partition Sion,y2gFActq19A,2024 | Geometry Dash 2.2,2023-12-31T21:34:06Z,106.0,False,528224,2126.0,238.0
7841,UCn_9mH91rLWez9SZ6AdjfYg,Partition Sion,lq5y-I8F0rU,Extreme Dash | Geometry Dash 2.2 (Dash but Extreme Demon),2024-01-02T15:25:15Z,121.0,False,3652933,19068.0,944.0
7841,UCn_9mH91rLWez9SZ6AdjfYg,Partition Sion,qlg_9XVVkj4,LOBOTOMY DASH (All Levels 1~23 / All Coins) | Geometry Dash 2.2,2024-01-09T18:03:28Z,1086.0,False,4848990,37214.0,2697.0
7841,UCn_9mH91rLWez9SZ6AdjfYg,Partition Sion,asM8dmM8Nag,JUMPSCARE DASH (All Levels 1~39) | Geometry Dash Spider Jumpscare 2.2 / Meltdown / World / SubZero,2024-02-01T21:05:10Z,543.0,False,4151713,14034.0,819.0
7841,UCn_9mH91rLWez9SZ6AdjfYg,Partition Sion,wjN0CdnEMVI,Dash but 0 click (Full Version) | Geometry Dash 2.2,2024-02-12T21:02:55Z,99.0,False,1971449,5950.0,451.0
7841,UCn_9mH91rLWez9SZ6AdjfYg,Partition Sion,oD_QpXkvILE,MINECRAFT DASH (All Levels 1~29 / All Coins) | Geometry Dash + Minecraft,2024-03-10T18:37:26Z,2486.0,False,2067762,9651.0,385.0
7841,UCn_9mH91rLWez9SZ6AdjfYg,Partition Sion,Bl3OkwyrviU,GEOMETRY DASH LUNAR (All Levels 1~4 / All Coins),2024-03-24T18:08:20Z,421.0,False,1022433,3187.0,242.0
7841,UCn_9mH91rLWez9SZ6AdjfYg,Partition Sion,XCeIfMhaHT0,Geometry Dash Free (All Levels 1~23 / All Coins / All Main Levels 0 Click Untouch),2024-04-23T15:24:05Z,2116.0,False,4942663,12906.0,752.0
7841,UCn_9mH91rLWez9SZ6AdjfYg,Partition Sion,dQcm7qNuB50,hacked,2024-06-03T19:14:08Z,121.0,False,3219354,3412.0,261.0
7841,UCn_9mH91rLWez9SZ6AdjfYg,Partition Sion,JDAq-SJ7KCw,Line Dash (All Levels 1~11 / All Coins) | Geometry Dash,2024-06-06T16:13:07Z,1200.0,False,3238611,2589.0,243.0
7841,UCn_9mH91rLWez9SZ6AdjfYg,Partition Sion,2UTzIFIXZzI,Lost Dash | Geometry Dash 2.2,2024-06-29T21:28:50Z,122.0,False,2188538,3988.0,406.0
7841,UCn_9mH91rLWez9SZ6AdjfYg,Partition Sion,2P8Eb4RMIT8,LONG,2024-07-14T15:54:39Z,62.0,False,4163935,7068.0,332.0
7841,UCn_9mH91rLWez9SZ6AdjfYg,Partition Sion,4GsQXzKMhXo,MIKU DASH (All Levels 1~11 / All Coins) | Geometry Dash Hatsune Miku,2024-07-18T23:41:27Z,1122.0,False,7304981,35405.0,1823.0
7841,UCn_9mH91rLWez9SZ6AdjfYg,Partition Sion,kosXM0FgYxA,deadlocked,2024-07-26T03:17:53Z,110.0,False,1246677,4148.0,744.0
7841,UCn_9mH91rLWez9SZ6AdjfYg,Partition Sion,FeODwh_l1aA,3DASH & 2DASH (All RobTop Levels Recreations / Comparisons) | Geometry Dash & 3Dash,2024-08-02T21:51:22Z,2603.0,False,2105282,4812.0,407.0
7841,UCn_9mH91rLWez9SZ6AdjfYg,Partition Sion,OSbkzkHQ-tM,most disliked level | geometry dash,2024-08-06T16:28:28Z,98.0,False,986096,1699.0,130.0
7841,UCn_9mH91rLWez9SZ6AdjfYg,Partition Sion,3-3eANQlKoQ,ROBLOX DASH (All Levels 1~32 / All Coins) | Poly Dash Geometry Dash,2024-08-14T19:50:23Z,2901.0,False,10599089,23286.0,1464.0
7841,UCn_9mH91rLWez9SZ6AdjfYg,Partition Sion,2SOjSOpDPXE,The Tower but Classic Mode (All Levels / All Coins) | Geometry Dash 2.2,2024-08-23T16:24:06Z,284.0,False,5141807,13258.0,674.0
7841,UCn_9mH91rLWez9SZ6AdjfYg,Partition Sion,-qnaMPLfGkA,SPONGEBOB DASH (All Levels 1~8 / All Coins) | Geometry Dash Spongebob,2024-09-07T22:33:31Z,864.0,False,17012285,25358.0,895.0
7841,UCn_9mH91rLWez9SZ6AdjfYg,Partition Sion,bicyiSAt-KM,BRAWL STARS DASH (All Levels 1~14 / All Coins) | Brawl Stars Geometry Dash,2024-10-15T04:52:00Z,1737.0,False,2409470,8789.0,229.0
7841,UCn_9mH91rLWez9SZ6AdjfYg,Partition Sion,1iHfZALJbsQ,FAMIDASH (All Levels 1~15 / All Coins) Nintendo Famicom 1985 Geometry Dash 2013,2024-11-01T09:43:48Z,1906.0,False,1918806,3270.0,304.0
7841,UCn_9mH91rLWez9SZ6AdjfYg,Partition Sion,aEs5doXcpIE,THE WRAITH ALL 40 CODES | Geometry Dash 2024 ~ 2026 / 2.208 (All Code / Daily / Weekly / Event),2024-11-09T15:07:34Z,566.0,False,1741253,6912.0,477.0
7841,UCn_9mH91rLWez9SZ6AdjfYg,Partition Sion,l9ZCV79Htkc,60000 People Made Levels | gd/places (All Levels / 1~2) Geometry Dash 2.11~ 2.207 (Spu7Nix),2024-11-18T07:18:34Z,826.0,False,57493,906.0,212.0
7841,UCn_9mH91rLWez9SZ6AdjfYg,Partition Sion,VSUFGPWi5xg,2025 | Geometry Dash,2024-12-31T16:00:39Z,120.0,False,1192521,1197.0,224.0
7841,UCn_9mH91rLWez9SZ6AdjfYg,Partition Sion,7pEpvHxWLU8,Switch 2 & Geometry Dash 2.2,2025-01-20T15:00:59Z,121.0,False,174529,1176.0,85.0
7841,UCn_9mH91rLWez9SZ6AdjfYg,Partition Sion,7vOQqej9d30,just beating 2.2 gauntlets shortly,2025-02-14T16:45:16Z,,False,0,0.0,0.0
7841,UCn_9mH91rLWez9SZ6AdjfYg,Partition Sion,4Tg-3yFa0E4,TOUHOU DASH (1~100 All Levels / All Coins) | Geometry Dash + Touhou Project 東方,2025-02-14T16:51:49Z,8983.0,False,96761,670.0,74.0
7841,UCn_9mH91rLWez9SZ6AdjfYg,Partition Sion,soz9xtcGidA,CAT DASH (All Levels 1~33 / All Coins) | Geometry Dash Fan made Game,2025-02-24T18:01:57Z,3679.0,False,3020038,4554.0,542.0
7841,UCn_9mH91rLWez9SZ6AdjfYg,Partition Sion,bND_fcYc7NI,Geometry Dash With 9 Mobiles,2025-03-08T00:01:31Z,1020.0,False,995596,3013.0,272.0
7841,UCn_9mH91rLWez9SZ6AdjfYg,Partition Sion,dXZkKCzF3V4,Normal | Geometry Dash,2025-03-14T15:17:02Z,69.0,False,830694,1039.0,105.0
7841,UCn_9mH91rLWez9SZ6AdjfYg,Partition Sion,6oGLUOlILUc,"ALL SHOP | Geometry Dash 2.1~2.207 (Full Version / All Rewards,Items 273)",2025-03-19T18:22:16Z,620.0,False,1300822,1957.0,143.0
7841,UCn_9mH91rLWez9SZ6AdjfYg,Partition Sion,iYrNqPC44hs,"ALL CHEST | Geometry Dash 2.1~2.207 (Full Version / All Rewards,Items 727)",2025-03-23T20:49:58Z,4355.0,False,912507,5459.0,336.0
7841,UCn_9mH91rLWez9SZ6AdjfYg,Partition Sion,IlJq-ekRel0,Secret level | Geometry Dash,2025-03-30T15:32:45Z,93.0,False,902061,1277.0,166.0
7841,UCn_9mH91rLWez9SZ6AdjfYg,Partition Sion,CNr9naCyukc,DIFFICULTY DASH (All Face Levels / All Coins) | Geometry Dash Difficulty Face Levels,2025-04-06T18:39:50Z,760.0,False,9837485,12448.0,1106.0
7841,UCn_9mH91rLWez9SZ6AdjfYg,Partition Sion,6CA2_nCWLOI,RobTop.exe,2025-04-12T13:14:32Z,75.0,False,163963,1028.0,103.0
7841,UCn_9mH91rLWez9SZ6AdjfYg,Partition Sion,Cba6MImYGQs,ㅤ| geometry dash 2.2,2025-04-19T14:11:50Z,62.0,False,945648,1340.0,140.0
7841,UCn_9mH91rLWez9SZ6AdjfYg,Partition Sion,P1D52dy3Dig,Checkpoint | Geometry Dash,2025-04-29T13:58:59Z,83.0,False,3254444,4232.0,201.0
7841,UCn_9mH91rLWez9SZ6AdjfYg,Partition Sion,j6P2gbJOOHA,Skeleton VS Skeleton | Geometry Dash 2.2 Skeletal Shenanigans VS Press Start #shorts,2025-05-21T19:36:06Z,11.0,True,52024568,591737.0,7126.0
7841,UCn_9mH91rLWez9SZ6AdjfYg,Partition Sion,uznqbksxTNU,Supercell Intro BUT Geometry Dash Intro? #shorts,2025-05-25T20:27:01Z,4.0,True,509220,2741.0,98.0
7841,UCn_9mH91rLWez9SZ6AdjfYg,Partition Sion,1H7pMU7PHPM,PAINT DASH (All Levels 1~23 / All Coins) | Geometry Dash Paint / Sketch Version,2025-06-26T15:05:50Z,2105.0,False,2785593,7838.0,507.0
7841,UCn_9mH91rLWez9SZ6AdjfYg,Partition Sion,PTi2VnsXbNM,SHOP DASH (All Shopkeeper Levels 1~8 / All Coins) | Geometry Dash Shops,2025-08-25T15:44:34Z,484.0,False,1805395,3358.0,319.0
7841,UCn_9mH91rLWez9SZ6AdjfYg,Partition Sion,Gg1estZy7hE,Deadlocked? | Geometry Dash #shorts,2025-08-27T04:12:37Z,20.0,True,579103,3305.0,135.0
7841,UCn_9mH91rLWez9SZ6AdjfYg,Partition Sion,vtQCf9SRDMw,EXTREME DASH (All Levels / All Coins) | Geometry Dash RobTop But Extreme Demon,2025-09-25T15:05:20Z,1220.0,False,893028,2061.0,309.0
7841,UCn_9mH91rLWez9SZ6AdjfYg,Partition Sion,xRSioIc3Ftk,trail,2025-11-12T16:07:53Z,81.0,False,646708,842.0,134.0
7841,UCn_9mH91rLWez9SZ6AdjfYg,Partition Sion,Ol9yYS_UfLc,2026 | Geometry Dash,2025-12-31T17:15:32Z,106.0,False,434294,1801.0,365.0
7841,UCn_9mH91rLWez9SZ6AdjfYg,Partition Sion,3m1rv2vqyRc,CUT DASH (All Levels 1~39) | Geometry Dash World / Short Version of RobTop All Levels,2026-03-30T16:53:30Z,1513.0,False,92409,930.0,125.0
7841,UCn_9mH91rLWez9SZ6AdjfYg,Partition Sion,4Sub1fbHGA8,TetoStep,2026-04-05T15:55:49Z,74.0,False,34955,574.0,111.0
7842,UCXEKwWflysXu312NmIP_dlw,너덜트,jqMVsJ6qfNI,여미새 입구컷 하는 법,2025-09-25T11:16:45Z,68.0,False,174430,1159.0,16.0
7842,UCXEKwWflysXu312NmIP_dlw,너덜트,XcnFXxVvCi8,‘총균쇠’ 반전 1분 요약,2025-09-26T10:02:45Z,56.0,True,193631,1494.0,44.0
7842,UCXEKwWflysXu312NmIP_dlw,너덜트,xu-UMBuw8RE,모임이 망하는 이유,2025-09-29T09:15:18Z,65.0,False,182797,1264.0,31.0
7842,UCXEKwWflysXu312NmIP_dlw,너덜트,aLtxytXrFTI,NG 알레르기,2025-09-30T09:42:43Z,46.0,True,121737,1207.0,10.0
7842,UCXEKwWflysXu312NmIP_dlw,너덜트,SiToVqUtexE,환자한테 막말하는 의사,2025-10-01T09:00:46Z,56.0,True,120872,1645.0,21.0
7842,UCXEKwWflysXu312NmIP_dlw,너덜트,PBh7-KPYP9Y,뉴비가 잘생겼을 때,2025-10-02T10:26:54Z,27.0,True,439785,2937.0,43.0
7842,UCXEKwWflysXu312NmIP_dlw,너덜트,UlrEzMN3duk,배우 학대 현장,2025-10-17T09:00:47Z,42.0,True,160292,1905.0,30.0
7842,UCXEKwWflysXu312NmIP_dlw,너덜트,6opRxqtABic,수포자의 수능,2025-10-18T09:00:16Z,74.0,False,931513,11097.0,166.0
7842,UCXEKwWflysXu312NmIP_dlw,너덜트,ZP6BqhukDAQ,리액션 맛집 촬영장,2025-10-20T09:00:57Z,56.0,True,343290,5376.0,58.0
7842,UCXEKwWflysXu312NmIP_dlw,너덜트,pG2df4PyZfQ,가장 확실한 훈남생정,2025-10-21T09:01:13Z,47.0,True,290862,2530.0,51.0
7842,UCXEKwWflysXu312NmIP_dlw,너덜트,zEs_dvbYEEc,판사님 저는 먹지 않았습니다,2025-10-23T11:23:09Z,708.0,False,1665922,21016.0,973.0
7842,UCXEKwWflysXu312NmIP_dlw,너덜트,mzzclOahRfc,대본 암기 0% 대참사,2025-10-23T11:25:13Z,57.0,True,250705,4372.0,48.0
7842,UCXEKwWflysXu312NmIP_dlw,너덜트,qequQfSBCNc,법정에서 즉흥 변론하기,2025-10-24T09:01:33Z,66.0,False,226446,2921.0,47.0
7842,UCXEKwWflysXu312NmIP_dlw,너덜트,howx5KRklEY,친구의 배신에 울컥,2025-10-25T09:01:12Z,37.0,True,238788,2563.0,29.0
7842,UCXEKwWflysXu312NmIP_dlw,너덜트,iNdtKtOmhWE,야차 뜰래?,2025-10-27T09:03:43Z,38.0,True,225833,1918.0,24.0
7842,UCXEKwWflysXu312NmIP_dlw,너덜트,XKX0TFRsK8g,뺑뺑이만 3시간째,2025-11-13T09:33:40Z,416.0,False,859726,13951.0,2139.0
7842,UCXEKwWflysXu312NmIP_dlw,너덜트,gS93QGcNuNs,너 사람 잘못 건드렸어,2025-11-27T10:01:10Z,659.0,False,4175768,58603.0,3906.0
7842,UCXEKwWflysXu312NmIP_dlw,너덜트,cGmWCDEVlpE,선배님에게 풀파워 뺨 때리기,2025-11-28T10:23:40Z,49.0,True,232439,2034.0,27.0
7842,UCXEKwWflysXu312NmIP_dlw,너덜트,FIW5u5iIN5I,괜찮아 AI인 줄 안다니까ㅋ,2025-12-18T10:31:00Z,688.0,False,1137147,16789.0,665.0
7842,UCXEKwWflysXu312NmIP_dlw,너덜트,YVXpmGiuARY,괜찮아 울어도 돼 사실 산타는 있거든,2025-12-19T12:13:28Z,64.0,False,103486,1016.0,11.0
7842,UCXEKwWflysXu312NmIP_dlw,너덜트,K9axanpPZ5o,나는 (귀신)솔로,2025-12-24T10:27:39Z,73.0,False,101898,823.0,8.0
7842,UCXEKwWflysXu312NmIP_dlw,너덜트,sAlJbIX_aFs,햄버거 집 왔는데 먹을 ‘사람’이 없다,2025-12-24T10:31:44Z,63.0,False,180905,1320.0,20.0
7842,UCXEKwWflysXu312NmIP_dlw,너덜트,diU7_nGdgo0,다이어트 금연 영어공부 헬스 금주 미라클모닝,2026-01-02T09:33:00Z,1154.0,False,1279716,18316.0,1016.0
7842,UCXEKwWflysXu312NmIP_dlw,너덜트,HIQwf1z0P0E,외워야 하는 대사만 오만가지,2026-01-05T12:47:21Z,61.0,False,132555,1957.0,42.0
7842,UCXEKwWflysXu312NmIP_dlw,너덜트,TOKCZU2iCGA,사람 열 받게 하는 연기,2026-01-06T09:00:45Z,52.0,True,111894,854.0,16.0
7842,UCXEKwWflysXu312NmIP_dlw,너덜트,qNU7o3vxRf8,새해 최고난이도 목표 금연,2026-01-07T09:12:36Z,67.0,False,261892,1717.0,72.0
7842,UCXEKwWflysXu312NmIP_dlw,너덜트,lGgH6bLKV2g,웃음 참기 대결,2026-01-08T11:02:52Z,70.0,False,105783,936.0,8.0
7842,UCXEKwWflysXu312NmIP_dlw,너덜트,7XkfXPi0Rfc,모든 노래 가사가 내 이야기 같다,2026-01-16T09:55:41Z,571.0,False,1461562,30594.0,2288.0
7842,UCXEKwWflysXu312NmIP_dlw,너덜트,mJ0ONlsWf4o,이별 노래가 위험한 이유,2026-01-16T10:01:14Z,69.0,False,169339,1514.0,45.0
7842,UCXEKwWflysXu312NmIP_dlw,너덜트,dIFKFGNpUtE,친구가 차여서 돌아왔다,2026-01-20T09:45:06Z,60.0,True,107848,927.0,29.0
7842,UCXEKwWflysXu312NmIP_dlw,너덜트,DNQURTw9xsE,서로 상처 주는 연애의 특징,2026-01-21T09:00:16Z,60.0,True,248868,1808.0,93.0
7842,UCXEKwWflysXu312NmIP_dlw,너덜트,yNRx62XxF-g,인사 안 해요?,2026-02-06T10:30:46Z,289.0,False,979345,12468.0,1613.0
7842,UCXEKwWflysXu312NmIP_dlw,너덜트,IJlB_wRSu18,너무 제 이상형이셔서,2026-02-13T09:02:58Z,214.0,False,763128,9637.0,501.0
7842,UCXEKwWflysXu312NmIP_dlw,너덜트,7lzsJYNWkHQ,취업이 안 되는데요?,2026-02-17T03:00:06Z,338.0,False,1155273,14980.0,1854.0
7842,UCXEKwWflysXu312NmIP_dlw,너덜트,0Zf6nJfHWC4,우리 딸이랑 결혼을 한다고?,2026-03-04T09:00:34Z,946.0,False,1950974,23188.0,1062.0
7842,UCXEKwWflysXu312NmIP_dlw,너덜트,UdZiIX4K7-8,야쿠자의 은밀한 취미,2026-03-04T09:10:46Z,78.0,False,3724883,5376.0,13.0
7842,UCXEKwWflysXu312NmIP_dlw,너덜트,2Nx6TYS82Lk,함부로 약속하면 안 되는 이유,2026-03-05T09:51:32Z,70.0,False,168130,1044.0,22.0
7842,UCXEKwWflysXu312NmIP_dlw,너덜트,fLVh3ZfRUOo,인사만 하러 온 것뿐인데,2026-03-06T10:03:58Z,71.0,False,438967,2037.0,36.0
7842,UCXEKwWflysXu312NmIP_dlw,너덜트,TfV9zFjUeNs,"아버님, 칼은 놓고 말씀하시죠",2026-03-07T03:00:27Z,57.0,True,86240,571.0,12.0
7842,UCXEKwWflysXu312NmIP_dlw,너덜트,dtJYSMRBgcE,돌을 씹어 보라고요..?,2026-03-07T09:00:50Z,68.0,False,187853,1214.0,16.0
7842,UCXEKwWflysXu312NmIP_dlw,너덜트,KFbuuuGfomo,총은 어디서 구하신 건데요,2026-03-08T09:00:20Z,60.0,True,133217,907.0,21.0
7842,UCXEKwWflysXu312NmIP_dlw,너덜트,UySfWbE2xi4,커피 시켰는데 문제 있나요?,2026-03-11T09:00:54Z,278.0,False,991193,12517.0,734.0
7842,UCXEKwWflysXu312NmIP_dlw,너덜트,gCv1J_ZncPo,"[4K ASMR] 10분 내 무의식 이완 유도, 뇌가 편안해지는 리얼 장작 소리 (백색소음/공부/딥슬립)",2026-03-26T13:01:07Z,909.0,False,376697,5578.0,464.0
7842,UCXEKwWflysXu312NmIP_dlw,너덜트,RnKxP9NS3Jg,시골개와 레전드 기싸움,2026-03-26T13:21:38Z,46.0,True,110142,910.0,18.0
7842,UCXEKwWflysXu312NmIP_dlw,너덜트,NX3uoE0qCGA,촬영 방해하는 현지 주민,2026-03-27T12:30:00Z,34.0,True,104024,740.0,10.0
7842,UCXEKwWflysXu312NmIP_dlw,너덜트,JxSyrsBLVtg,계산하면서 때려야 됨,2026-04-09T09:13:11Z,578.0,False,854910,11667.0,1181.0
7842,UCXEKwWflysXu312NmIP_dlw,너덜트,3GUSGbtVNqo,직장인의 이중생활,2026-04-29T09:00:09Z,1634.0,False,1879721,29041.0,2010.0
7842,UCXEKwWflysXu312NmIP_dlw,너덜트,RfSvmx1eYsc,차차차 with Google Gemini,2026-04-29T09:00:31Z,58.0,True,5448566,6082.0,59.0
7842,UCXEKwWflysXu312NmIP_dlw,너덜트,Envn7uxHulU,그것은 바로 댄스,2026-05-08T09:00:19Z,64.0,False,1338706,863.0,7.0
7842,UCXEKwWflysXu312NmIP_dlw,너덜트,cdfHpnNFFiM,자만추,2026-05-08T09:00:52Z,68.0,False,1266823,878.0,13.0
7843,UCNzcxCN_Hh_lu5RCSFXKgGQ,김블루,fVnvJR25Pq8,실제 배그 대회에서 난리난 ‘곡괭이 참호메타’ 이건 형 개사기잖아요;;,2026-05-02T10:01:04Z,807.0,False,189025,2352.0,122.0
7843,UCNzcxCN_Hh_lu5RCSFXKgGQ,김블루,MZAMORULjUc,위급상황 시 최고의 헬프핑,2026-05-02T22:00:19Z,34.0,True,2402927,44361.0,193.0
7843,UCNzcxCN_Hh_lu5RCSFXKgGQ,김블루,OQIFIKStyfA,요즘 외식하면 체감되는 것,2026-05-03T03:00:23Z,28.0,True,1315310,17980.0,263.0
7843,UCNzcxCN_Hh_lu5RCSFXKgGQ,김블루,BPYsHI_kD74,델타포스가 백악관 뚫은 방법,2026-05-03T08:00:11Z,32.0,True,2069649,26536.0,308.0
7843,UCNzcxCN_Hh_lu5RCSFXKgGQ,김블루,hW3_yPPGakw,구글 최대의 미스터리,2026-05-03T22:00:44Z,25.0,True,726085,9866.0,96.0
7843,UCNzcxCN_Hh_lu5RCSFXKgGQ,김블루,YDeBAvcbMYU,집에 두면 좋은 비상식량,2026-05-04T03:00:37Z,29.0,True,1300285,13839.0,251.0
7843,UCNzcxCN_Hh_lu5RCSFXKgGQ,김블루,c93xh4RXIoU,악마들이 수감되는 미국 교도소,2026-05-04T08:00:40Z,39.0,True,798351,10134.0,369.0
7843,UCNzcxCN_Hh_lu5RCSFXKgGQ,김블루,9o5bNcDRvA0,7년동안 절 좋아했다구요? 전부 가짜였습니다.. 결국 팬에게 속았습니다,2026-05-04T10:00:15Z,1285.0,False,196466,3968.0,138.0
7843,UCNzcxCN_Hh_lu5RCSFXKgGQ,김블루,MrCAfj3_z2Q,남자들은 못참는 일본의 직업,2026-05-04T22:00:34Z,28.0,True,435921,5115.0,118.0
7843,UCNzcxCN_Hh_lu5RCSFXKgGQ,김블루,6tCp-ABSCvw,놀릴 때는 전세계가 한마음,2026-05-05T03:00:12Z,33.0,True,934366,13052.0,242.0
7843,UCNzcxCN_Hh_lu5RCSFXKgGQ,김블루,uER-6xeexFA,의외로 잘못쓰고 있던 말,2026-05-05T08:01:03Z,27.0,True,1173599,20173.0,644.0
7843,UCNzcxCN_Hh_lu5RCSFXKgGQ,김블루,NepQO8bAbzs,외계인이 존재한다는 확실한 증거,2026-05-05T22:00:25Z,28.0,True,426526,9379.0,166.0
7843,UCNzcxCN_Hh_lu5RCSFXKgGQ,김블루,UmIpeU28ZD4,나이아가라 폭포가 바닥이 드러난 날,2026-05-06T03:00:25Z,36.0,True,639698,11307.0,80.0
7843,UCNzcxCN_Hh_lu5RCSFXKgGQ,김블루,Crqi2IMwzlg,드디어 돌아온 극한알바의 계절,2026-05-06T08:00:28Z,30.0,True,169300,3235.0,115.0
7843,UCNzcxCN_Hh_lu5RCSFXKgGQ,김블루,s-H7IGKoH4Y,결국..! 배틀그라운드 디렉터님께서 집으로 찾아오셨습니다,2026-05-06T10:01:22Z,1069.0,False,549190,5423.0,475.0
7843,UCNzcxCN_Hh_lu5RCSFXKgGQ,김블루,SQ1aWaPAqCA,이속 2배로 버프해주는 신발,2026-05-06T22:00:35Z,31.0,True,527231,8497.0,125.0
7843,UCNzcxCN_Hh_lu5RCSFXKgGQ,김블루,ZhregeKOGcs,의외로 모르는 뒤주의 원래 용도,2026-05-07T03:00:29Z,28.0,True,1058566,21144.0,465.0
7843,UCNzcxCN_Hh_lu5RCSFXKgGQ,김블루,jWNR2pEii3Q,변신할 때 공격 안하는 이유,2026-05-07T08:00:49Z,43.0,True,2029891,37414.0,1244.0
7843,UCNzcxCN_Hh_lu5RCSFXKgGQ,김블루,Mh3o2FYBk28,세계적으로 섭취 부족인 영양소,2026-05-07T22:00:21Z,32.0,True,623484,8039.0,210.0
7843,UCNzcxCN_Hh_lu5RCSFXKgGQ,김블루,hIGTJoSQp0s,싱글벙글 맞춤법 파괴,2026-05-08T03:00:45Z,30.0,True,349328,5578.0,164.0
7843,UCNzcxCN_Hh_lu5RCSFXKgGQ,김블루,kk6rr4eJnaM,스팸 전화 안오게하는 법,2026-05-08T08:00:59Z,31.0,True,876913,13960.0,112.0
7843,UCNzcxCN_Hh_lu5RCSFXKgGQ,김블루,i1fSbPB0QFI,결국 배그 디렉터님 앞에서 ‘연료통 버그’ 삭제 해명합니다.. (실제상황),2026-05-08T10:01:19Z,1038.0,False,213138,4183.0,222.0
7843,UCNzcxCN_Hh_lu5RCSFXKgGQ,김블루,ebMDVzbfaZo,롤스로이스가 자율주행 없는 이유,2026-05-08T22:00:51Z,30.0,True,551630,8091.0,101.0
7843,UCNzcxCN_Hh_lu5RCSFXKgGQ,김블루,9gNiwRNvivk,영양사가 말하는 없앨 수 없는 반찬,2026-05-09T03:00:14Z,32.0,True,679531,10788.0,470.0
7843,UCNzcxCN_Hh_lu5RCSFXKgGQ,김블루,yTD5yvvAcK8,우리나라 건물 조감도 현실,2026-05-09T08:00:57Z,28.0,True,1211360,12442.0,220.0
7843,UCNzcxCN_Hh_lu5RCSFXKgGQ,김블루,fJCsjpHLhrE,7살 연상 백곰파의 플러팅에 정신 못차리는 배그 1위출신 유튜버..,2026-05-09T10:01:04Z,939.0,False,261227,4692.0,227.0
7843,UCNzcxCN_Hh_lu5RCSFXKgGQ,김블루,xqdmO4ls_QQ,누가 마음대로 폐업하라 했지?,2026-05-09T22:01:04Z,29.0,True,1515448,25255.0,246.0
7843,UCNzcxCN_Hh_lu5RCSFXKgGQ,김블루,LaInt_6mWq4,육아 난이도 만렙이었던 친구,2026-05-10T03:00:32Z,31.0,True,1264317,19516.0,195.0
7843,UCNzcxCN_Hh_lu5RCSFXKgGQ,김블루,7bKV32jeYRs,만화의 신이 취재하는 방법,2026-05-10T08:00:08Z,28.0,True,760061,12010.0,155.0
7843,UCNzcxCN_Hh_lu5RCSFXKgGQ,김블루,X9QgyMGU-VM,국회 해태상의 숨겨진 비밀,2026-05-10T22:00:27Z,32.0,True,596737,10094.0,170.0
7843,UCNzcxCN_Hh_lu5RCSFXKgGQ,김블루,8nexTMTzq8Y,인생에 불만없이 무던한 남자,2026-05-11T03:00:09Z,27.0,True,642493,8778.0,156.0
7843,UCNzcxCN_Hh_lu5RCSFXKgGQ,김블루,MLT7uvUf8t0,비행기 사고 시 금지된 것,2026-05-11T08:00:20Z,23.0,True,498003,7288.0,132.0
7843,UCNzcxCN_Hh_lu5RCSFXKgGQ,김블루,_6YgskXBBM0,유명 웹툰작가 레바 ♥️ 인기 버추얼 백곰파 ( 두사람 진짜인것 같습니다 ㅁㅇㅁㅇ~~ ),2026-05-11T10:01:01Z,711.0,False,314279,5758.0,544.0
7843,UCNzcxCN_Hh_lu5RCSFXKgGQ,김블루,TE9OdpjaMqA,월드컵 때문에 작살난 게임,2026-05-11T22:00:37Z,35.0,True,321444,5744.0,73.0
7843,UCNzcxCN_Hh_lu5RCSFXKgGQ,김블루,8yFQ136Epvs,대부분 모르는 주의 표시,2026-05-12T03:00:15Z,34.0,True,525478,8202.0,72.0
7843,UCNzcxCN_Hh_lu5RCSFXKgGQ,김블루,iHv070gQ8J0,한국인은 못버틸 드라마 속 지옥,2026-05-12T08:00:43Z,33.0,True,472666,10143.0,155.0
7843,UCNzcxCN_Hh_lu5RCSFXKgGQ,김블루,OlsUTlKDikk,싱글벙글 게임 정지사유,2026-05-12T22:00:09Z,29.0,True,416713,7321.0,126.0
7843,UCNzcxCN_Hh_lu5RCSFXKgGQ,김블루,kpjHm_b3rFs,아시아에 열린 불타는 지옥의 문,2026-05-13T03:00:10Z,33.0,True,250412,3869.0,72.0
7843,UCNzcxCN_Hh_lu5RCSFXKgGQ,김블루,4C_h6hXpKwk,소름돋는 갤럭시S2 쓰는 사람,2026-05-13T08:00:15Z,28.0,True,932103,16572.0,397.0
7843,UCNzcxCN_Hh_lu5RCSFXKgGQ,김블루,V1-bQfQGnm4,"범죄, 연애, 레이싱 모바일에서 이게 다 된다고? ( 역대급 규모.. 오픈월드 RPG 이환 )",2026-05-13T10:00:30Z,643.0,False,252124,1270.0,89.0
7843,UCNzcxCN_Hh_lu5RCSFXKgGQ,김블루,XnVEwMH3MdU,세계 1위 부자 일론머스크의 집,2026-05-13T22:00:30Z,35.0,True,885007,12855.0,262.0
7843,UCNzcxCN_Hh_lu5RCSFXKgGQ,김블루,2yAZ562wbMs,왠지 갖고싶은 바나나맛우유 굿즈,2026-05-14T03:00:36Z,28.0,True,412843,7998.0,104.0
7843,UCNzcxCN_Hh_lu5RCSFXKgGQ,김블루,fwhZTXs3Plo,욕설을 차단한 로블록스 근황,2026-05-14T08:00:00Z,32.0,True,239330,6590.0,201.0
7843,UCNzcxCN_Hh_lu5RCSFXKgGQ,김블루,OGQtBCrxqDo,게임할 때 제일 어려운 것,2026-05-14T22:00:10Z,30.0,True,120865,2613.0,42.0
7843,UCNzcxCN_Hh_lu5RCSFXKgGQ,김블루,l5NSrDUxgU4,배틀그라운드 10년 인생 중 최대 충격입니다.. 범죄도시모드 해봤습니다..ㄷㄷ🔥,2026-05-15T02:52:22Z,1105.0,False,142113,2121.0,116.0
7843,UCNzcxCN_Hh_lu5RCSFXKgGQ,김블루,9u-xcLz80PE,100세 할머니의 장수 비결,2026-05-15T03:00:28Z,31.0,True,236778,4057.0,68.0
7843,UCNzcxCN_Hh_lu5RCSFXKgGQ,김블루,O6Qdk6mbcF4,의외로 갈리는 소파 앉는 곳,2026-05-15T08:00:09Z,28.0,True,677093,12843.0,194.0
7843,UCNzcxCN_Hh_lu5RCSFXKgGQ,김블루,k-aBExlwCqM,지구온라인 30대 업데이트 내역,2026-05-15T22:00:26Z,34.0,True,126992,2746.0,55.0
7843,UCNzcxCN_Hh_lu5RCSFXKgGQ,김블루,ltlBd7BE5kQ,이건 사야해..!! 배그 낭만의 할리스킨 출시 83만원이 공중분해 ㅋㅋ 형 이중가챠 없애줘,2026-05-16T03:00:23Z,784.0,False,16421,599.0,59.0
7843,UCNzcxCN_Hh_lu5RCSFXKgGQ,김블루,hZTFBrT-rfc,여자어 능력평가,2026-05-16T03:00:38Z,29.0,True,44919,1321.0,48.0
7844,UCtm_QoN2SIxwCE-59shX7Qg,SPOTV,qn2SA9xbRgM,피츠버그 vs  샌프란시스코｜5분 하이라이트｜2026 MLB (05.10),2026-05-10T08:00:53Z,363.0,False,80951,848.0,95.0
7844,UCtm_QoN2SIxwCE-59shX7Qg,SPOTV,r5HV5WTCS0E,뉴욕 양키스 vs  밀워키｜5분 하이라이트｜2026 MLB (05.10),2026-05-10T08:01:01Z,362.0,False,26007,253.0,22.0
7844,UCtm_QoN2SIxwCE-59shX7Qg,SPOTV,kg7Efe37Qmw,하이퍼카와 LMGT3가 섞여 스프린트 레이싱 ㄷㄷㄷ｜2026 WEC｜스파-프랑코샹 6시간,2026-05-10T08:30:12Z,180.0,False,115278,717.0,78.0
7844,UCtm_QoN2SIxwCE-59shX7Qg,SPOTV,JiIpjrENlNY,제네시스가 발굴한 천재 드라이버｜2026 WEC｜스파-프랑코샹 6시간,2026-05-10T10:45:02Z,85.0,False,159553,1419.0,59.0
7844,UCtm_QoN2SIxwCE-59shX7Qg,SPOTV,cHBBst-eg20,세인트루이스 vs 샌디에이고｜5분 하이라이트｜2026 MLB (05.11),2026-05-11T02:00:33Z,348.0,False,23583,307.0,20.0
7844,UCtm_QoN2SIxwCE-59shX7Qg,SPOTV,YuMitpJgylM,애틀랜타 vs LA 다저스｜5분 하이라이트｜2026 MLB (05.11),2026-05-11T02:31:10Z,361.0,False,144190,1231.0,174.0
7844,UCtm_QoN2SIxwCE-59shX7Qg,SPOTV,wfSnc5lKohU,피츠버그 vs 샌프란시스코｜5분 하이라이트｜2026 MLB (05.11),2026-05-11T02:38:26Z,359.0,False,162375,1666.0,80.0
7844,UCtm_QoN2SIxwCE-59shX7Qg,SPOTV,-tXQUAnnK28,[MLB] 로켓 타구! 결국 만들어낸 이정후의 2루타 (05.11),2026-05-11T02:54:36Z,42.0,True,159363,1818.0,42.0
7844,UCtm_QoN2SIxwCE-59shX7Qg,SPOTV,winPCMDEG3Y,[MLB] 상대의 허점을 파고드는 이정후의 멀티히트 (05.11),2026-05-11T03:08:11Z,57.0,True,369809,4888.0,126.0
7844,UCtm_QoN2SIxwCE-59shX7Qg,SPOTV,dZQa6fb5dUI,[MLB] 볼넷 + 도루까지 성공하는 송성문 (05.11),2026-05-11T03:17:23Z,49.0,True,157452,1368.0,72.0
7844,UCtm_QoN2SIxwCE-59shX7Qg,SPOTV,tm9F_RcMivk,[MLB] '바뀌는 분위기' 이정후의 안타부터 시작된 득점 (05.12),2026-05-12T04:46:53Z,69.0,False,283862,4126.0,122.0
7844,UCtm_QoN2SIxwCE-59shX7Qg,SPOTV,9G9udT4S9IM,뉴욕 양키스 vs 볼티모어｜5분 하이라이트｜2026 MLB (05.12),2026-05-12T08:00:08Z,358.0,False,18100,212.0,27.0
7844,UCtm_QoN2SIxwCE-59shX7Qg,SPOTV,mp2EXUPaTWg,샌프란시스코 vs LA 다저스｜5분 하이라이트｜2026 MLB (05.12),2026-05-12T08:00:45Z,339.0,False,326697,2869.0,194.0
7844,UCtm_QoN2SIxwCE-59shX7Qg,SPOTV,PwNgIbnnB_k,[MLB] 부상 복귀전에서 명품 수비를 보여주는 김하성 (05.13),2026-05-13T01:51:02Z,38.0,True,374291,3227.0,74.0
7844,UCtm_QoN2SIxwCE-59shX7Qg,SPOTV,4rDIraxhq5I,"[MLB] ""우리가 알던 김하성 여전히, 그대로, 남아있습니다"" (05.13)",2026-05-13T01:55:50Z,22.0,True,435533,4385.0,223.0
7844,UCtm_QoN2SIxwCE-59shX7Qg,SPOTV,4pDMgNajOn4,[MLB] 좋은 출발! 시작부터 안타 나오는 오타니 (05.13),2026-05-13T03:49:39Z,29.0,True,46208,253.0,13.0
7844,UCtm_QoN2SIxwCE-59shX7Qg,SPOTV,rTUoXEOP4oc,[MLB] 점수를 최소한으로 지켜낸 이정후의 호수비 (05.13),2026-05-13T03:52:51Z,34.0,True,225874,2425.0,71.0
7844,UCtm_QoN2SIxwCE-59shX7Qg,SPOTV,HSB192Rf3mk,[MLB] '침묵하던 오타니가 깨어났다' 12G 만에 나온 홈런포 (05.13),2026-05-13T04:02:00Z,44.0,True,68822,694.0,53.0
7844,UCtm_QoN2SIxwCE-59shX7Qg,SPOTV,WLCAksIuiU8,[MLB] '아름다운 턴' 순식간에 나타나 타구를 낚아채는 김혜성 (05.13),2026-05-13T04:46:46Z,21.0,True,717928,5363.0,201.0
7844,UCtm_QoN2SIxwCE-59shX7Qg,SPOTV,TDHKrazmWvU,[MLB] 짜릿한 포효! 이정후의 쐐기를 박는 적시 2루타 (05.13),2026-05-13T04:48:30Z,39.0,True,425098,6574.0,260.0
7844,UCtm_QoN2SIxwCE-59shX7Qg,SPOTV,1j1zvWrKM3w,시카고 컵스 vs 애틀랜타｜5분 하이라이트｜2026 MLB (05.13),2026-05-13T08:00:02Z,362.0,False,77004,769.0,46.0
7844,UCtm_QoN2SIxwCE-59shX7Qg,SPOTV,ap4a97I4e8g,샌프란시스코 vs LA 다저스｜5분 하이라이트｜2026 MLB (05.13),2026-05-13T08:00:04Z,344.0,False,238235,2292.0,143.0
7844,UCtm_QoN2SIxwCE-59shX7Qg,SPOTV,S3OSvTlCRag,샌디에이고 vs 밀워키｜5분 하이라이트｜2026 MLB (05.13),2026-05-13T08:00:34Z,356.0,False,18618,226.0,12.0
7844,UCtm_QoN2SIxwCE-59shX7Qg,SPOTV,B4z_dMMwz4k,[코파 이탈리아] 치명적인 수비 실책! 놓치지 않는 라우타로의 추가골 (05.14),2026-05-13T19:47:39Z,72.0,False,17648,82.0,2.0
7844,UCtm_QoN2SIxwCE-59shX7Qg,SPOTV,xkjtbTQ62cg,[코파 이탈리아] 인터 밀란 우승 세레머니 (05.14),2026-05-13T22:10:18Z,49.0,True,20916,162.0,7.0
7844,UCtm_QoN2SIxwCE-59shX7Qg,SPOTV,QdF0NgeyGEs,[MLB] 강견을 뽐내며 좋은 수비 선보이는 김하성 (05.14),2026-05-14T00:39:48Z,40.0,True,472457,4251.0,180.0
7844,UCtm_QoN2SIxwCE-59shX7Qg,SPOTV,0Qk7NFWCm24,[MLB] 숏바운드를 아름답게 처리하는 스완슨 (05.14),2026-05-14T00:52:39Z,12.0,True,160024,688.0,36.0
7844,UCtm_QoN2SIxwCE-59shX7Qg,SPOTV,k9mSWKiEP7U,[MLB] '드디어 터졌다' 시즌 첫 안타 뽑아내는 김하성 (05.14),2026-05-14T01:48:00Z,47.0,True,229868,3635.0,107.0
7844,UCtm_QoN2SIxwCE-59shX7Qg,SPOTV,A07WUyO_kY0,[MLB] '부상 조심' 홈에서 아웃되는 김하성 (05.14),2026-05-14T01:58:19Z,60.0,True,148197,1130.0,75.0
7844,UCtm_QoN2SIxwCE-59shX7Qg,SPOTV,-li3L_wKJVE,[MLB] 주자가 없다고 착각했는지 세트포지션을 취하지 않은 오타니 (05.14),2026-05-14T03:02:48Z,36.0,True,373405,2547.0,140.0
7844,UCtm_QoN2SIxwCE-59shX7Qg,SPOTV,zp_1MdbLYEo,[MLB] 'KKK' SF 타선을 압도하는 오타니 (Feat. 베츠) (05.14),2026-05-14T03:19:59Z,90.0,False,194009,3043.0,89.0
7844,UCtm_QoN2SIxwCE-59shX7Qg,SPOTV,ylXtdwIJliI,[MLB] '아쉬운 수비' 에르난데스에게 태그업 허용하는 이정후 (05.14),2026-05-14T04:02:03Z,42.0,True,148705,917.0,266.0
7844,UCtm_QoN2SIxwCE-59shX7Qg,SPOTV,BiviGCtnzes,[코파 이탈리아] 라치오 vs 인터 밀란 3분 하이라이트｜SPOTV FOOTBALL,2026-05-14T05:00:19Z,229.0,False,38873,389.0,44.0
7844,UCtm_QoN2SIxwCE-59shX7Qg,SPOTV,ENbl1fStq3Q,샌프란시스코 vs LA 다저스｜5분 하이라이트｜2026 MLB (05.14),2026-05-14T08:00:11Z,329.0,False,235972,2099.0,239.0
7844,UCtm_QoN2SIxwCE-59shX7Qg,SPOTV,HEU2fPsSz_Y,샌디에이고 vs 밀워키｜5분 하이라이트｜2026 MLB (05.14),2026-05-14T08:00:13Z,325.0,False,16838,233.0,16.0
7844,UCtm_QoN2SIxwCE-59shX7Qg,SPOTV,_xLGKwEvqEY,시카고 컵스 vs 애틀랜타｜5분 하이라이트｜2026 MLB (05.14),2026-05-14T08:00:34Z,360.0,False,53301,574.0,42.0
7844,UCtm_QoN2SIxwCE-59shX7Qg,SPOTV,hj_P8d_6FDA,"""훈련의 성과가 특별한 모습으로 이어지네요"" ｜ 5월 1주 김혜성 현지해설 #SPOTV",2026-05-14T11:30:30Z,142.0,False,3108,27.0,2.0
7844,UCtm_QoN2SIxwCE-59shX7Qg,SPOTV,gN4D8z_-CBo,"""이정후가 또 한 번 강한 타구를 만들어냅니다"" ｜ 5월 1주 이정후 현지해설 #SPOTV",2026-05-14T11:30:37Z,268.0,False,3094,39.0,1.0
7844,UCtm_QoN2SIxwCE-59shX7Qg,SPOTV,hm-JNe5ly-o,"""한국에서 홈런 80개를 기록하던 선수입니다"" ｜ 5월 1주 송성문 현지해설 #SPOTV",2026-05-14T11:30:39Z,212.0,False,12417,77.0,9.0
7844,UCtm_QoN2SIxwCE-59shX7Qg,SPOTV,p93bkWj-TNM,샌디에이고 vs 밀워키｜5분 하이라이트｜2026 MLB (05.15),2026-05-15T02:00:41Z,340.0,False,120513,890.0,64.0
7844,UCtm_QoN2SIxwCE-59shX7Qg,SPOTV,73E-Gy9Fk3I,[MLB] '첫번재 실점 허용' 아쉬운 김하성의 수비 (05.15),2026-05-15T02:43:59Z,78.0,False,116493,1005.0,97.0
7844,UCtm_QoN2SIxwCE-59shX7Qg,SPOTV,RI5frCqD32w,[MLB] '오타니도 축하' 윌 스미스의 커리어 첫 리드오프 홈런! (05.15),2026-05-15T03:22:13Z,63.0,False,68060,675.0,52.0
7844,UCtm_QoN2SIxwCE-59shX7Qg,SPOTV,ZiqA3chnRp4,[MLB] 초구부터 터지는 자신감 MAX 김혜성의  적시타 (05.15),2026-05-15T03:27:57Z,47.0,True,255237,3263.0,61.0
7844,UCtm_QoN2SIxwCE-59shX7Qg,SPOTV,6CqASlgmv7s,[MLB] '바람처럼 홈까지' 이정후의 첫 인사이드 더 파크 홈런 (05.15),2026-05-15T03:46:29Z,73.0,False,861869,16553.0,799.0
7844,UCtm_QoN2SIxwCE-59shX7Qg,SPOTV,CmSpOBDJHgw,[MLB] '사탕 수북' 야마모토에게 장난치는 꾸러기 윌 스미스 (05.15),2026-05-15T05:50:19Z,55.0,True,98988,1287.0,57.0
7844,UCtm_QoN2SIxwCE-59shX7Qg,SPOTV,FFje3bKsCr8,시카고 컵스 vs  애틀랜타｜5분 하이라이트｜2026 MLB (05.15),2026-05-15T08:00:19Z,340.0,False,44653,476.0,22.0
7844,UCtm_QoN2SIxwCE-59shX7Qg,SPOTV,feTtyUrWAhU,샌프란시스코 vs LA 다저스｜5분 하이라이트｜2026 MLB (05.15),2026-05-15T08:00:45Z,354.0,False,202126,2055.0,110.0
7844,UCtm_QoN2SIxwCE-59shX7Qg,SPOTV,cBs92WrZ88g,[일본프로농구] 나가사키 vs 치바 제츠 하이라이트｜4강 PO 1차전,2026-05-15T15:15:03Z,618.0,False,65263,1165.0,266.0
7844,UCtm_QoN2SIxwCE-59shX7Qg,SPOTV,fGGcdeu5M2I,[MLB] 김하성을 홈으로 불러들이는 야스트렘스키의 끝내기 안타 (05.16),2026-05-16T02:45:18Z,46.0,True,35994,823.0,34.0
7844,UCtm_QoN2SIxwCE-59shX7Qg,SPOTV,ymskASyQfA4,[MLB] 집념으로 내야 안타를 만들어내는 송성문 (05.16),2026-05-16T03:57:47Z,28.0,True,8706,83.0,8.0
7845,UC3lz95UPhKJW1aS3_za6SuQ,United CUBE (CUBE Entertainment Official YouTube Channel),rynGFe5y4bI,박미선(PARK MISUN) & 이은지(LEE EUNJI) -  마리끌레르 3월 호 촬영 비하인드 | ENG,2024-03-11T08:00:22Z,502.0,False,1702,96.0,6.0
7845,UC3lz95UPhKJW1aS3_za6SuQ,United CUBE (CUBE Entertainment Official YouTube Channel),35u1eFmSrPw,문승유(MOON SEUNGYOU) - 웨딩 압화서블💐 | 드라마 '웨딩 임파서블' 수정이가 쓰는 압화 엽서🌺✏️ | ENG,2024-03-27T10:00:04Z,770.0,False,3292,124.0,8.0
7845,UC3lz95UPhKJW1aS3_za6SuQ,United CUBE (CUBE Entertainment Official YouTube Channel),sssjye2TXuA,이은지(LEE EUNJI) -  아이즈매거진 촬영 비하인드 | ENG,2024-04-08T10:00:43Z,300.0,False,4123,107.0,15.0
7845,UC3lz95UPhKJW1aS3_za6SuQ,United CUBE (CUBE Entertainment Official YouTube Channel),Fy2Q8ljQPyA,박미선 (PARK MISUN) - '아주 사적인 여행' 간담회 비하인드 | ENG,2024-06-24T09:00:12Z,262.0,False,2176,80.0,4.0
7845,UC3lz95UPhKJW1aS3_za6SuQ,United CUBE (CUBE Entertainment Official YouTube Channel),axBigDSuyrI,[📽] [#권은빈] 예지랑 등교 준비💄 #KWON_EUNBIN #하이라키 #Hierarchy,2024-07-02T11:00:07Z,34.0,True,3686,227.0,10.0
7845,UC3lz95UPhKJW1aS3_za6SuQ,United CUBE (CUBE Entertainment Official YouTube Channel),7j_6gwLmwLE,[📽] [#권은빈] 𝑾𝒉𝒂𝒕 𝒏𝒆𝒘 𝒈𝒊𝒓𝒍? 🤔 #KWON_EUNBIN #하이라키 #Hierarchy,2024-07-03T08:00:03Z,60.0,True,10837,375.0,8.0
7845,UC3lz95UPhKJW1aS3_za6SuQ,United CUBE (CUBE Entertainment Official YouTube Channel),36cvEg-ys2E,[📽] [#권은빈] 예지가 친구를 만났을 때 👀 #KWON_EUNBIN #하이라키 #Hierarchy,2024-07-04T08:00:02Z,11.0,True,17792,344.0,5.0
7845,UC3lz95UPhKJW1aS3_za6SuQ,United CUBE (CUBE Entertainment Official YouTube Channel),rUSTIZPuRgE,권은빈(KWON EUNBIN) - 2024 프로필 촬영 비하인드 | ENG,2024-07-30T10:00:48Z,412.0,False,2715,233.0,17.0
7845,UC3lz95UPhKJW1aS3_za6SuQ,United CUBE (CUBE Entertainment Official YouTube Channel),hEMfg22aaqo,문수영(MOON SUYOUNG) - 2024  프로필 촬영 비하인드 | ENG,2024-07-31T10:00:42Z,206.0,False,1184,75.0,3.0
7845,UC3lz95UPhKJW1aS3_za6SuQ,United CUBE (CUBE Entertainment Official YouTube Channel),emZhoidfsIE,문승유(MOON SEUNGYOU) - 2024 프로필 촬영 비하인드 | ENG,2024-08-01T10:00:43Z,407.0,False,4810,161.0,21.0
7845,UC3lz95UPhKJW1aS3_za6SuQ,United CUBE (CUBE Entertainment Official YouTube Channel),dD4fKcy-vig,완전 럭키 비니잖앙🍀,2024-08-07T08:00:31Z,25.0,True,2111,158.0,9.0
7845,UC3lz95UPhKJW1aS3_za6SuQ,United CUBE (CUBE Entertainment Official YouTube Channel),8ReCDTeNGeU,수영이에게...📮,2024-08-08T08:00:05Z,33.0,True,2249,107.0,1.0
7845,UC3lz95UPhKJW1aS3_za6SuQ,United CUBE (CUBE Entertainment Official YouTube Channel),GnKhbslLXQg,연락주세요🫧,2024-08-09T08:00:19Z,31.0,True,4672,162.0,12.0
7845,UC3lz95UPhKJW1aS3_za6SuQ,United CUBE (CUBE Entertainment Official YouTube Channel),CF5O_s4-e5c,권은빈(KWON EUNBIN) - '차곡차곡 사랑하고 있습니다' 촬영 비하인드 #1 | ENG,2024-08-17T08:00:07Z,446.0,False,4719,264.0,11.0
7845,UC3lz95UPhKJW1aS3_za6SuQ,United CUBE (CUBE Entertainment Official YouTube Channel),2WryhCX7BxQ,권은빈(KWON EUNBIN) - '차곡차곡 사랑하고 있습니다' 촬영 비하인드 #2 | ENG,2024-08-23T08:00:02Z,406.0,False,2570,166.0,7.0
7845,UC3lz95UPhKJW1aS3_za6SuQ,United CUBE (CUBE Entertainment Official YouTube Channel),vnrekSUzdgY,2024 큐브 엔터테인먼트 추석 인사 영상,2024-09-16T03:00:41Z,405.0,False,15594,958.0,77.0
7845,UC3lz95UPhKJW1aS3_za6SuQ,United CUBE (CUBE Entertainment Official YouTube Channel),zX8gXWRIFuM,[2024 CUBE GLOBAL AUDITION] Message of support - PENTAGON JINHO (펜타곤 진호),2024-09-24T05:00:43Z,33.0,True,1015,130.0,4.0
7845,UC3lz95UPhKJW1aS3_za6SuQ,United CUBE (CUBE Entertainment Official YouTube Channel),Pligt0w5Xeg,[2024 CUBE GLOBAL AUDITION] Message of support - PENTAGON HUI (펜타곤 후이),2024-09-24T05:01:00Z,46.0,True,1256,146.0,10.0
7845,UC3lz95UPhKJW1aS3_za6SuQ,United CUBE (CUBE Entertainment Official YouTube Channel),iW7lVbow27Q,[2024 CUBE GLOBAL AUDITION] Message of support - (G)I-DLE ((여자)아이들),2024-09-24T05:02:00Z,45.0,True,13414,898.0,71.0
7845,UC3lz95UPhKJW1aS3_za6SuQ,United CUBE (CUBE Entertainment Official YouTube Channel),miXjriT4fNI,[2024 CUBE GLOBAL AUDITION] Message of support - LIGHTSUM (라잇썸),2024-09-24T05:03:00Z,47.0,True,2498,93.0,5.0
7845,UC3lz95UPhKJW1aS3_za6SuQ,United CUBE (CUBE Entertainment Official YouTube Channel),zsIvGl9O1aM,[2024 CUBE GLOBAL AUDITION] Message of support - NOWADAYS (나우어데이즈),2024-09-24T05:04:00Z,58.0,True,1950,94.0,6.0
7845,UC3lz95UPhKJW1aS3_za6SuQ,United CUBE (CUBE Entertainment Official YouTube Channel),-KjhRkxK1m0,이상준 (LEE SANGJUN) - '코미디 리벤지' 제작발표회 비하인드 | ENG,2024-11-04T09:00:00Z,195.0,False,824,29.0,1.0
7845,UC3lz95UPhKJW1aS3_za6SuQ,United CUBE (CUBE Entertainment Official YouTube Channel),US7QoC8zCpA,권은빈(KWON EUNBIN) - 2024 아시아모델어워즈 비하인드 | ENG,2024-11-25T09:00:35Z,343.0,False,2063,144.0,14.0
7845,UC3lz95UPhKJW1aS3_za6SuQ,United CUBE (CUBE Entertainment Official YouTube Channel),N4_0-lYIKLA,2025 큐브 엔터테인먼트 새해 인사 영상,2025-01-08T02:00:10Z,477.0,False,15208,805.0,70.0
7845,UC3lz95UPhKJW1aS3_za6SuQ,United CUBE (CUBE Entertainment Official YouTube Channel),cDAAaaKwH1A,김민정 (KIM MINJUNG) - 2024 프로필 촬영 비하인드 | ENG,2025-01-09T03:02:23Z,264.0,False,1042,77.0,6.0
7845,UC3lz95UPhKJW1aS3_za6SuQ,United CUBE (CUBE Entertainment Official YouTube Channel),6x198-QDWRk,문승유(MOON SEUNGYOU) - '폐교에서 백만 너튜버 되기:백수유혼' 촬영 비하인드 | ENG,2025-01-17T09:00:09Z,224.0,False,2687,123.0,5.0
7845,UC3lz95UPhKJW1aS3_za6SuQ,United CUBE (CUBE Entertainment Official YouTube Channel),cGdPR5ozoOQ,은빈과 도경의 인터뷰 체크인✅,2025-02-07T08:00:30Z,60.0,True,3377,203.0,7.0
7845,UC3lz95UPhKJW1aS3_za6SuQ,United CUBE (CUBE Entertainment Official YouTube Channel),l6BqThEcXFo,권은빈(KWON EUNBIN) - '체크인 한양' 촬영 비하인드 | ENG,2025-02-11T09:00:53Z,506.0,False,2616,146.0,5.0
7845,UC3lz95UPhKJW1aS3_za6SuQ,United CUBE (CUBE Entertainment Official YouTube Channel),55yoBmaM7o0,이은지(LEE EUNJI) -  제6회 런포더문 캠페인 홍보 촬영 비하인드 | ENG,2025-04-16T09:00:14Z,241.0,False,1263,72.0,1.0
7845,UC3lz95UPhKJW1aS3_za6SuQ,United CUBE (CUBE Entertainment Official YouTube Channel),6YRDo98W1sQ,[박도하] 첫사랑은 잊혀지지 않는 각인ㅣ 퍼스트 러브 제작 발표회 비하인드 (Feat. 포스터 촬영) | ENG,2025-05-02T09:00:09Z,650.0,False,1297,82.0,8.0
7845,UC3lz95UPhKJW1aS3_za6SuQ,United CUBE (CUBE Entertainment Official YouTube Channel),QxeNY1MGQg4,[박도하] 넌 어떨 것 같니? 친한 친구와 삼각관계가 된다면 | 퍼스트 러브 EP.04 코멘터리 | ENG,2025-05-26T09:00:37Z,486.0,False,1211,75.0,4.0
7845,UC3lz95UPhKJW1aS3_za6SuQ,United CUBE (CUBE Entertainment Official YouTube Channel),t-vkjM5dmJA,[박도하] 허태웅 하여튼 웃겨 하여튼 희한해 | 퍼스트 러브 촬영 비하인드  | ENG,2025-05-27T09:01:16Z,565.0,False,1468,82.0,7.0
7845,UC3lz95UPhKJW1aS3_za6SuQ,United CUBE (CUBE Entertainment Official YouTube Channel),za71-X-ZToo,[김새롬] 본격! 큐브에 입사해서 아이돌 체험하기ㅣ 2025 프로필 촬영 비하인드 | ENG,2025-08-14T09:01:26Z,290.0,False,1246,58.0,2.0
7845,UC3lz95UPhKJW1aS3_za6SuQ,United CUBE (CUBE Entertainment Official YouTube Channel),MhBbfaTho98,[최희] 새로운 시작의 순간에 여러분을 초대합니다 ㅣ 2025 프로필 촬영 비하인드 | ENG,2025-08-21T09:00:35Z,303.0,False,1183,38.0,2.0
7845,UC3lz95UPhKJW1aS3_za6SuQ,United CUBE (CUBE Entertainment Official YouTube Channel),rrFfiffmAgs,[권소현] 권소현 큐브로 (재)입장! | 2025 프로필 촬영 비하인드 | ENG,2025-09-05T09:01:32Z,397.0,False,1920,116.0,15.0
7845,UC3lz95UPhKJW1aS3_za6SuQ,United CUBE (CUBE Entertainment Official YouTube Channel),om4or7xuu7M,"[문승유] 비커밍 아비수 ː 폭군의 셰프 | 중국어 배우기, 칼돌리기 연습, 무한 대파 썰기, 불꽃 웍질 |  ENG",2025-09-22T09:01:18Z,1039.0,False,165856,4266.0,390.0
7845,UC3lz95UPhKJW1aS3_za6SuQ,United CUBE (CUBE Entertainment Official YouTube Channel),ObI7A9A6sKs,[문승유] 제대로 모시겠습니다! 아비수가 말아주는 화려한 불쇼ㅣ 폭군의 셰프 촬영 비하인드 |  ENG,2025-09-26T09:00:47Z,232.0,False,93259,1640.0,97.0
7845,UC3lz95UPhKJW1aS3_za6SuQ,United CUBE (CUBE Entertainment Official YouTube Channel),5yEE3a6_t9Y,2025 큐브 엔터테인먼트 추석 인사 영상,2025-10-05T05:00:07Z,408.0,False,5244,404.0,44.0
7845,UC3lz95UPhKJW1aS3_za6SuQ,United CUBE (CUBE Entertainment Official YouTube Channel),bErTbpuiLLc,[타니 아사코] 한국 좋아! 히히캣의 등장 | 2025 프로필 촬영 비하인드 | ENG,2025-10-16T09:01:04Z,343.0,False,1020,48.0,5.0
7845,UC3lz95UPhKJW1aS3_za6SuQ,United CUBE (CUBE Entertainment Official YouTube Channel),K7zEyc5UrOU,"[최상엽] 어서와, 프로필은 처음이지? ㅣ 2025 프로필 촬영 비하인드 | ENG",2025-10-23T09:00:25Z,303.0,False,559,40.0,1.0
7845,UC3lz95UPhKJW1aS3_za6SuQ,United CUBE (CUBE Entertainment Official YouTube Channel),fJeEECIHYqg,[문승유] 진화 모녀 케미는 진짜 가좍이야ㅣ우주메리미 촬영 비하인드 | ENG,2025-11-17T09:00:18Z,317.0,False,1483,62.0,4.0
7845,UC3lz95UPhKJW1aS3_za6SuQ,United CUBE (CUBE Entertainment Official YouTube Channel),Ye0WjnpKmC8,[권소현] 나 마지막 멘트 좀 좋았던 것 같아요ㅣ영화 '맨홀' 시사회 현장 비하인드 | ENG,2025-11-21T09:00:08Z,371.0,False,623,43.0,5.0
7845,UC3lz95UPhKJW1aS3_za6SuQ,United CUBE (CUBE Entertainment Official YouTube Channel),U4g8v9N7wBc,[황신혜] 패셔니스타의 프로필 촬영 (feat. 레몬 물🍋 )ㅣ2025 프로필 촬영 비하인드 | ENG,2025-12-04T09:00:04Z,265.0,False,859,43.0,5.0
7845,UC3lz95UPhKJW1aS3_za6SuQ,United CUBE (CUBE Entertainment Official YouTube Channel),Tl_RI-yvEWk,"[문수영] 나쁜놈, 이상한놈, 그치만 사연있는 동현이ㅣ모범택시3 촬영 비하인드 | ENG",2025-12-15T09:00:00Z,335.0,False,46642,920.0,142.0
7845,UC3lz95UPhKJW1aS3_za6SuQ,United CUBE (CUBE Entertainment Official YouTube Channel),jT-7HJ1gfQE,[권은빈] 너도 민지니? 나도 민지야! 어 너네도?ㅣ[러브 : 트랙] - 민지 민지 민지 촬영 비하인드 | ENG,2025-12-29T09:00:02Z,385.0,False,1388,107.0,11.0
7845,UC3lz95UPhKJW1aS3_za6SuQ,United CUBE (CUBE Entertainment Official YouTube Channel),4t0HLGCF330,2026 큐브 엔터테인먼트 새해 인사 영상,2026-01-01T03:00:06Z,542.0,False,7315,535.0,68.0
7845,UC3lz95UPhKJW1aS3_za6SuQ,United CUBE (CUBE Entertainment Official YouTube Channel),mmEs_pAZRiQ,[황신혜] 황신혜 속에는 오빠가 산다?ㅣ황신혜의 같이 삽시다 제작발표회 비하인드 | ENG,2026-01-21T09:00:00Z,347.0,False,527,35.0,2.0
7845,UC3lz95UPhKJW1aS3_za6SuQ,United CUBE (CUBE Entertainment Official YouTube Channel),00E7ImFcTig,[이진이] 내 이름은 이진이 거꾸로 해도 이진이ㅣ2026 프로필 촬영 비하인드 | ENG,2026-03-12T09:00:00Z,436.0,False,972,48.0,2.0
7845,UC3lz95UPhKJW1aS3_za6SuQ,United CUBE (CUBE Entertainment Official YouTube Channel),lwzgfsfuFG8,[이주영] 봄과 함께 이주영 두둥등장ㅣ2026 프로필 촬영 비하인드 | ENG,2026-04-24T09:00:00Z,358.0,False,1480,93.0,7.0
7845,UC3lz95UPhKJW1aS3_za6SuQ,United CUBE (CUBE Entertainment Official YouTube Channel),poE7diIkP-g,[권소현] 나는 힘들 때 Tango를 춰..☆ ㅣ영화 '새벽의 Tango' 씨네21 화보 촬영 비하인드 | ENG,2026-04-29T09:00:00Z,327.0,False,491,40.0,4.0
7846,UCHy8o-_zR_vHqpPN4uNUvkg,푸디랜드 FoodieLand,LxIujgJ2Tvk,김밥계의 서브웨이로 소문난 7평 모퉁이 김밥집? 골라먹는 조합으로 줄서서먹는 재료폭탄 김밥┃Egg Omelette Gimbap / Korean street food,2024-05-13T12:20:00Z,889.0,False,264031,1760.0,84.0
7846,UCHy8o-_zR_vHqpPN4uNUvkg,푸디랜드 FoodieLand,hpRhGia2o6Y,연매출 20억! 아침부터 줄서서 먹는 밥집? 제육 우렁쌈장으로 대박난 30년 식당부터 정치인들도 단골인 옛설렁탕집까지. 한식영상 몰아보기┃Best 3/KoreanStreetFood,2024-05-19T12:15:06Z,3895.0,False,560376,2755.0,111.0
7846,UCHy8o-_zR_vHqpPN4uNUvkg,푸디랜드 FoodieLand,0fL55OgwE7o,"특허받은 사과빵으로 월매출2억 찍는 우영우에 나온 빵집? 한달 1만개씩 팔린다는 과일듬뿍 사과빵, 한라봉빵┃Apple bread / Korean Street Food #shorts",2024-05-26T12:15:01Z,61.0,False,68529,937.0,20.0
7846,UCHy8o-_zR_vHqpPN4uNUvkg,푸디랜드 FoodieLand,fYxcF5AL0tY,뉴질랜드 10년 살다온 두 자매가 만든 파이 하나로 대박난 집┃Australian Meat Pie Made/Korean street food #shorts #meatpie #pie,2024-05-29T12:15:03Z,60.0,True,52541,787.0,13.0
7846,UCHy8o-_zR_vHqpPN4uNUvkg,푸디랜드 FoodieLand,CB8GXqqQzro,특수부대 전역하고 6개월 만에 미국식 고기폭탄 샌드위치로 외국인들 끊이지 않는 매장┃Philly Cheese Steak Sandwich / Korean street food,2024-06-02T12:45:34Z,980.0,False,4056548,38825.0,2167.0
7846,UCHy8o-_zR_vHqpPN4uNUvkg,푸디랜드 FoodieLand,Dj_vOhFyzpw,"2시간씩 기다려야 먹는 철판 부침개? 하루 300장씩 팔리는 계란,치즈 오코노미야끼┃Okonomiyakki/Korean street food #shorts #Japanesefood",2024-06-09T12:15:00Z,60.0,True,34289,566.0,25.0
7846,UCHy8o-_zR_vHqpPN4uNUvkg,푸디랜드 FoodieLand,HDsle75iRNI,최고 연매출 50억! 상위1%고기로 육즙터지는 고깃집┃Korean pork belly/KoreanStreetFood #shorts #삼겹살 #Koreanbbq #Koreanfood,2024-06-12T12:15:00Z,61.0,False,28755,437.0,8.0
7846,UCHy8o-_zR_vHqpPN4uNUvkg,푸디랜드 FoodieLand,I3nMuugl1v4,고기 숙성만 336시간!? 고깃집 없는 골목에 차려 대박난! 모든 반찬 싹 다 만드는 꽃목살집 등. 삼겹살 음식 영상 몰아보기┃Korean bbq/Korean street food,2024-06-16T12:15:02Z,3044.0,False,305392,1601.0,97.0
7846,UCHy8o-_zR_vHqpPN4uNUvkg,푸디랜드 FoodieLand,cxHafZguWQU,"하루 딱! 50개 한정 판매하는 빵! 수제 산딸기 프레첼로 유명한 빵집(산딸기,국산팥)┃Raspberry Pretzel/KoreanStreetFood #shorts #Pretzel",2024-06-20T12:15:02Z,60.0,True,248761,5420.0,82.0
7846,UCHy8o-_zR_vHqpPN4uNUvkg,푸디랜드 FoodieLand,DolQ70IJYnI,오픈과 동시에 30m 줄서는 시골 국수집? 전국유일! 365일 숙성한 무짠지 냉면 하나로 대박난 식당┃Naengmyeon / Korean street food,2024-06-30T12:20:14Z,1453.0,False,1975334,9873.0,812.0
7846,UCHy8o-_zR_vHqpPN4uNUvkg,푸디랜드 FoodieLand,kbvNfjFcQIA,핫도그 찍먹하는 떡볶이? 한지민 떡볶이로 유명한! 46년된 서울5대 떡볶이 맛집┃Tteokbokki/KoreanStreetFood #shorts #Tteokbokki #hotdog,2024-07-12T12:15:03Z,59.0,True,118361,2450.0,27.0
7846,UCHy8o-_zR_vHqpPN4uNUvkg,푸디랜드 FoodieLand,IpFcv4fHJfQ,연매출 40억의 검은면빨 짜장면? 75년 전통의 3대째 대박 불맛 중화요리집부터 40년간 만드는 짜장아저씨의 2000원 짜장면 등. 중식영상 몰아보기┃KoreanStreetFood,2024-07-14T12:15:26Z,2749.0,False,354273,1783.0,73.0
7846,UCHy8o-_zR_vHqpPN4uNUvkg,푸디랜드 FoodieLand,sOjoCE3JJtY,전참시에서 맛있다고 난리난 빵빠레 마카롱? 사장님 혼자 하루 500개씩 만드는 마카롱집┃Amazing tornado macarons / Korean street food,2024-07-22T12:15:04Z,61.0,False,22641,337.0,9.0
7846,UCHy8o-_zR_vHqpPN4uNUvkg,푸디랜드 FoodieLand,zk_00WeispM,하루 300인분씩 팔리는 불곱창? 특허받은 연육법의 혈관폭발 곱창집┃Grilled tripe/KoreanStreetFood #shorts #GrilledTripe#koreafood,2024-07-26T12:15:09Z,60.0,True,34600,547.0,29.0
7846,UCHy8o-_zR_vHqpPN4uNUvkg,푸디랜드 FoodieLand,8TI17vRf1DA,국내유일! 베이컨 돌돌말은 23cm 미국식 핫도그? 반지하 오픈 1년만에 손님 끊이지 않는 매장┃American style hot dog. / Korean street food,2024-07-28T12:11:56Z,863.0,False,107931,1203.0,45.0
7846,UCHy8o-_zR_vHqpPN4uNUvkg,푸디랜드 FoodieLand,y4jO0cYYvGk,50년 전통! 하루 20마리 한정판매 토종닭? 조미료 안쓰고 직접 재배한 반찬만 쓰는 산골 닭집 등. 보양음식 영상 몰아보기┃BEST 3 / Korean Street Food,2024-08-11T12:15:04Z,2468.0,False,186293,1183.0,34.0
7846,UCHy8o-_zR_vHqpPN4uNUvkg,푸디랜드 FoodieLand,29w_AJwO31Q,"돼지꼬리가 서비스!? 싸고 푸짐한 시장족발로 유명한 왕족발, 편육 집 ┃Korean pig feet, Korean street food #shorts #pighocks#jokbal",2024-08-19T12:15:01Z,61.0,False,28340,458.0,10.0
7846,UCHy8o-_zR_vHqpPN4uNUvkg,푸디랜드 FoodieLand,p5INBAmMeyI,1억대 연봉 회계사 때려치고 차린 닭다리 국수? 진짜 현지맛이라 소문난! 줄서서먹는 태국식 쌀국수집┃Rice Noodles with chicken/Korean street food,2024-08-25T12:15:07Z,1084.0,False,85433,1033.0,79.0
7846,UCHy8o-_zR_vHqpPN4uNUvkg,푸디랜드 FoodieLand,GRBLo4y3EC8,시골 읍내 떡집에서 팔리는 양만 하루 8000개? 직접 키운 재료로 만들어 대박터진 아빠와아들 쫀득 찹쌀떡 등. 떡 영상몰아보기┃Tteok BEST3/KoreanStreetFood,2024-09-09T11:15:00Z,2416.0,False,2015899,7704.0,391.0
7846,UCHy8o-_zR_vHqpPN4uNUvkg,푸디랜드 FoodieLand,B8H96CZZ4bU,직원실수로 1억 화재나고도 월매출 1억찍은 산아래 닭갈비? 쌈싸먹는 볏짚 훈연한 육즙 닭갈비로 소문난 집┃Charcoal-grilled chicken/KoreanStreetFood,2024-09-30T12:40:02Z,1641.0,False,605694,3615.0,89.0
7846,UCHy8o-_zR_vHqpPN4uNUvkg,푸디랜드 FoodieLand,jKh4O-_u2DY,1년에 딱 2달 영업하는 식당? 바다앞 갯벌 새우 양식으로 월15톤씩 팔리는 새우집 30년 토박이 사장님 등. 제철해산물 영상 몰아보기┃Seafood/KoreanStreetFood,2024-10-13T12:35:01Z,3467.0,False,482210,1742.0,57.0
7846,UCHy8o-_zR_vHqpPN4uNUvkg,푸디랜드 FoodieLand,JBNYMdcRlTE,200도에 튀겨버린 꼬수운 통마늘 줄줄이 곱창? 대파김치 싸먹는 알곱창으로 구석진 골목에도 손님끊이지 않는집┃Grilled beef intestine/KoreanStreetFood,2024-11-04T13:16:12Z,1511.0,False,1876092,10917.0,405.0
7846,UCHy8o-_zR_vHqpPN4uNUvkg,푸디랜드 FoodieLand,zQpih2kMXIQ,대왕 호박 먹는 미꾸라지로 만든 추어탕 어죽? 30년동안 새벽 5시부터 만드는 시골 어르신들 다 모이는 어죽 국밥집 등. 보양식 영상 몰아보기┃Korean street food,2024-11-18T12:15:07Z,3380.0,False,189016,959.0,53.0
7846,UCHy8o-_zR_vHqpPN4uNUvkg,푸디랜드 FoodieLand,gB_BqnSft6s,똥글똥글 찐빵처럼 나오는 자동호떡 기계? 떡집기계에서 착안한 국내최초 코코넛호떡집 등. 추울때 더맛있는 겨울간식 영상몰아보기┃K- snack TOP7/KoreanStreetFood,2024-12-08T13:08:36Z,2879.0,False,287436,1180.0,83.0
7846,UCHy8o-_zR_vHqpPN4uNUvkg,푸디랜드 FoodieLand,pSK40Kwb56Y,200도로 눌러버린 진짜 미국식 치즈버거? 고기맛 하나로 미군기지 외국인 손님들까지 챌린지 하고간다는 버거집!┃American cheeseburger/KoreanStreetFood,2024-12-18T12:15:06Z,960.0,False,3896923,33343.0,550.0
7846,UCHy8o-_zR_vHqpPN4uNUvkg,푸디랜드 FoodieLand,BttENWT1juo,"500도 화덕으로 구워 하루 150족 팔리는 족발? 족발 시키면 피자, 순두부도 서비스로 주는 대혜자 매장 등. 화덕요리 영상 몰아보기┃BEST3/Korean street food",2024-12-31T13:05:02Z,3536.0,False,126449,963.0,33.0
7846,UCHy8o-_zR_vHqpPN4uNUvkg,푸디랜드 FoodieLand,3fgNj7lX0mQ,하루 팥 120kg! 25년 1등 팥 폭탄 붕어빵? 역대급 한파에도 줄서서 먹느라 난리난 시장골목 붕어빵집┃Bungeoppang / Korean street food,2025-01-22T12:14:57Z,482.0,False,853105,2789.0,471.0
7846,UCHy8o-_zR_vHqpPN4uNUvkg,푸디랜드 FoodieLand,qHKOUQLiy94,뉴욕에서 가장 유명하다는 베이글 샌드위치? 한국 진출 한달만에 월매출 1억 찍었던 크림 듬뿍 베이글 등. 베이커리 영상 몰아보기┃Bakery TOP4/KoreanStreetFood,2025-02-04T12:15:05Z,3765.0,False,810137,5335.0,102.0
7846,UCHy8o-_zR_vHqpPN4uNUvkg,푸디랜드 FoodieLand,bK5CGosfHuE,20대 사장님이 전재산 걸고 3평짜리에서 만드는 파김치 타코야끼? 대파까지 산더미로 쌓아주는! 먹는거에 진심인 먹짱 사장님네 타코야끼┃Takoyaki/KoreanStreetFood,2025-03-03T12:32:00Z,675.0,False,794712,6008.0,710.0
7846,UCHy8o-_zR_vHqpPN4uNUvkg,푸디랜드 FoodieLand,_fydPAQPjmM,직접 농사지은 채소 가득주는 산아래 삼겹살집? 미나리철에 예약없이 먹기힘든 삼겹살 등. 맛있는 구이 영상몰아보기┃Grilled Dishes BEST4/KoreanStreetFood,2025-03-16T12:45:01Z,4401.0,False,416116,2249.0,40.0
7846,UCHy8o-_zR_vHqpPN4uNUvkg,푸디랜드 FoodieLand,vp0Tsq96NOc,1300도로 볶아버린 불맛 짬뽕 통오징어순대? 재료만 13가지 이상 아낌없이 넣은! 전국최초 수제 짬뽕오징어순대┃Squid sundae / Korean street food,2025-03-30T12:20:00Z,1233.0,False,865388,4302.0,120.0
7846,UCHy8o-_zR_vHqpPN4uNUvkg,푸디랜드 FoodieLand,oSgRg4Q-qxY,한달 3000마리씩 팔리는 캡슐 구이? 포장할때 토기까지 주는 기발한 오리집부터 일매출 1500만원의 장작구이 누룽지 통닭 등. 구이요리 몰아보기┃Korean street food,2025-04-13T12:47:51Z,2582.0,False,110084,889.0,63.0
7846,UCHy8o-_zR_vHqpPN4uNUvkg,푸디랜드 FoodieLand,rYVciJVzOi4,취사병 출신 청년사장님이 만든 쑥 폭탄 술떡? 매일새벽 17시간 숙성한 쑥 반죽으로 만드는! 엄마들에게 소문난 청년떡집┃Korean tteok / Korean street food,2025-05-12T12:34:58Z,997.0,False,323621,1733.0,151.0
7846,UCHy8o-_zR_vHqpPN4uNUvkg,푸디랜드 FoodieLand,xUjQLmPFcYg,"치킨, 맥주만 먹어도 본전 뽑는 9천5백원 한식뷔페? 3시간동안 700명씩 오고 문닫는 13가지 갓성비 뷔페등. 무한리필식당 몰아보기┃buffet/Korean street food",2025-05-28T12:15:20Z,3061.0,False,151714,1067.0,51.0
7846,UCHy8o-_zR_vHqpPN4uNUvkg,푸디랜드 FoodieLand,FwN9r2VpN2g,350도 항아리에 초벌한 대구 막창? 싹 다 망해간 골목자리에서 나홀로 6년째! 동네주민들 줄서서 먹는 겉빠속촉 막창집┃Korean Makchang /KoreanStreetFood,2025-06-11T12:15:06Z,771.0,False,57664,525.0,25.0
7846,UCHy8o-_zR_vHqpPN4uNUvkg,푸디랜드 FoodieLand,u4peg0tnCkA,하루 300인분씩 팔리는 마법가루 불곱창? 특허받은 연육법의 혈관폭발 곱창집 등. 맛있는 곱창구이 영상몰아보기┃BEST4 Grilled tripe / KoreanStreetFood,2025-07-06T12:15:09Z,2445.0,False,168881,1044.0,48.0
7846,UCHy8o-_zR_vHqpPN4uNUvkg,푸디랜드 FoodieLand,bAv0JDH7Ca0,120도 직화불맛 입힌 미국식 육즙버거? 통 양파튀김까지 더한 수제버거로 연 19만명이 찾는다는! 토핑무제한 버거집┃ Best cheeseburger/KoreanStreetFood,2025-07-27T12:35:01Z,1430.0,False,5062287,29416.0,427.0
7846,UCHy8o-_zR_vHqpPN4uNUvkg,푸디랜드 FoodieLand,vcMO1Ucpj4k,뉴욕 스타일로 한달에 5000판씩 팔리는 피자? 오픈전부터 줄서는 연예인들도 인정한 피자집 등. 맛있는 피자 영상들 몰아보기┃BEST 3 Pizza /KoreanStreetFood,2025-08-11T12:15:07Z,3833.0,False,101519,971.0,38.0
7846,UCHy8o-_zR_vHqpPN4uNUvkg,푸디랜드 FoodieLand,dyHyxaptPmQ,2미터 바베큐 캡슐에서 400도로 굽는 양다리 통구이? 무려 4대째! 20년 경력의 하얼빈 양고기구이 창시자가 만드는 식당┃Lamb BBQ / Korean Street Food,2025-08-31T12:29:01Z,785.0,False,285679,1882.0,66.0
7846,UCHy8o-_zR_vHqpPN4uNUvkg,푸디랜드 FoodieLand,33rvdCk_YzE,"시골 읍내 9평 매장에서 월매출 1억 5천? 남매가 똘똘뭉쳐 대박낸 닭강정집 등. 맛있는 닭강정, 치킨 영상 몰아보기┃BEST 4 K-chicken /KoreanStreetFood",2025-09-15T12:30:07Z,2774.0,False,253925,1419.0,102.0
7846,UCHy8o-_zR_vHqpPN4uNUvkg,푸디랜드 FoodieLand,EkrNJqXL-YU,1평짜리 주방에서 만드는 230도 돌판 통닭파스타? 버스기사 출신 청년사장님이 다 망해간 자리에서 대박낸 동네 통닭집┃WholeChickenPasta/KoreanStreetFood,2025-10-20T12:29:58Z,876.0,False,129463,1585.0,67.0
7846,UCHy8o-_zR_vHqpPN4uNUvkg,푸디랜드 FoodieLand,jg6fJjwgB6g,시장 골목길에 처음 시작한 갈치조림? 50년 전통 진정한 밥도둑으로 대박난! 3대째 생선구이집 등. 맛있는 한식 영상 몰아보기┃BEST3 K-food/KoreanStreetFood,2025-11-09T12:15:13Z,2474.0,False,384684,2185.0,127.0
7846,UCHy8o-_zR_vHqpPN4uNUvkg,푸디랜드 FoodieLand,xsczuupI6VI,현역 톱스타 매니저 출신 청년사장님이 장사하는 팥폭탄 붕어빵? 늘 줄서서 기다려 먹는다는 소문난 동네 붕어빵집┃Bungeoppang / Korean street food,2025-12-08T12:45:19Z,546.0,False,162597,1099.0,154.0
7846,UCHy8o-_zR_vHqpPN4uNUvkg,푸디랜드 FoodieLand,4Faq1GSUAFc,"6미터 그릴에 굽는 고기만 월 2톤? 바베큐 먹으면 공연이 공짜! 소스,반찬 다만드는 산장속 바베큐집 등.맛있는 BBQ영상 몰아보기┃BEST3 BBQ/KoreanStreetFood",2025-12-28T12:15:01Z,2983.0,False,263128,2019.0,55.0
7846,UCHy8o-_zR_vHqpPN4uNUvkg,푸디랜드 FoodieLand,9PfMkMcKXSo,"국내산 돼지 양념갈비 400g이 13,900원? 상차림비도 공짜! 모든 반찬 싹 다 만드는 조리자격증만 5개인 사장님의 단골많은 골목식당┃Galbi /KoreanStreetFood",2026-01-19T12:45:04Z,1134.0,False,60775,564.0,36.0
7846,UCHy8o-_zR_vHqpPN4uNUvkg,푸디랜드 FoodieLand,e6cjaUDRfIg,3시간 초벌한 치킨맛 부속고기? 무한리필로 하루 돼지 200마리 양을 싹 다 판다는! 어르신들의 성지 등. 오일장음식 몰아보기┃BEST4 K-food/KoreanStreetFood,2026-02-08T12:15:05Z,2478.0,False,45748,449.0,61.0
7846,UCHy8o-_zR_vHqpPN4uNUvkg,푸디랜드 FoodieLand,NhnTC3RRy_Q,"제육,불고기,생선구이중 하나만 고르면 13가지 반찬이 무한리필인 1만원 백반? 매일새벽 홀로 반찬 다만드는 엄마백반집┃$6.99 Korean mom's Home-Style Meal",2026-03-01T12:30:29Z,1104.0,False,158872,1406.0,90.0
7846,UCHy8o-_zR_vHqpPN4uNUvkg,푸디랜드 FoodieLand,6K1w5qFRf_k,2026년 코리아 버거 챔피언십에서 본선 직행한! 수제 베이컨까지 만드는 동네 버거집? 등. 맛있는 수제버거 영상 몰아보기┃BEST3 Burger/Korean street food,2026-03-15T12:15:01Z,3757.0,False,44555,630.0,19.0
7846,UCHy8o-_zR_vHqpPN4uNUvkg,푸디랜드 FoodieLand,AxGBUHEcunI,미나리만 한달 350kg써도 모자란 산아래 삼겹살집? 직접만든 13가지 푸짐한 기본찬으로 단체손님까지 끊이지 않는 야장 고깃집┃Samgyeopsal /KoreanStreetFood,2026-04-05T12:30:10Z,966.0,False,158470,1125.0,61.0
7846,UCHy8o-_zR_vHqpPN4uNUvkg,푸디랜드 FoodieLand,AnB27n20LFM,"국내유일! 맛탕 주는 읍내 닭강정집에서 고구마만 한달 1톤을 쓴다? 염지부터 특제소스, 장어토핑까지 모든게 수제인 역대급 닭강정집┃Dakgangjeong / Korean Food",2026-04-26T12:30:12Z,1218.0,False,223236,1512.0,86.0
7847,UCFg3rtPVsLpWsaO7kTURikw,현대자동차그룹(HYUNDAI),XImrRrEbPNw,"스마트하고 품격 있는 이동 경험, 더 뉴 스타리아 리무진 출시",2026-04-23T07:58:45Z,41.0,True,5686,40.0,1.0
7847,UCFg3rtPVsLpWsaO7kTURikw,현대자동차그룹(HYUNDAI),MbxHfe-KCxc,도시는 왜 항상 막힐까? 문제는 ‘공간 구조',2026-04-24T01:54:03Z,42.0,True,2541,13.0,0.0
7847,UCFg3rtPVsLpWsaO7kTURikw,현대자동차그룹(HYUNDAI),2DZH6dt-CTk,서울에서 부산까지 2분? 하이퍼루프의 원리,2026-04-24T01:54:31Z,37.0,True,17768,82.0,0.0
7847,UCFg3rtPVsLpWsaO7kTURikw,현대자동차그룹(HYUNDAI),F4FAIZbO7Ck,"하늘과 지상을 연결하는 핵심 이동 수단, PBV의 역할",2026-04-24T01:56:58Z,35.0,True,3185,29.0,0.0
7847,UCFg3rtPVsLpWsaO7kTURikw,현대자동차그룹(HYUNDAI),n7QxKhJ8r8Y,세계 최초로 선보이는 현대자동차 IONIQ V | 2026 베이징 국제 모터쇼,2026-04-24T09:19:41Z,44.0,True,69268,114.0,44.0
7847,UCFg3rtPVsLpWsaO7kTURikw,현대자동차그룹(HYUNDAI),ZIRqszNdmbM,세계 최초로 선보이는 현대자동차 IONIQ V | 2026 베이징 국제 모터쇼 #Shorts,2026-04-24T09:19:53Z,30.0,True,45821,130.0,24.0
7847,UCFg3rtPVsLpWsaO7kTURikw,현대자동차그룹(HYUNDAI),Tp0azuxHb_k,현대자동차의 새로운 디자인 언어를 담은 콘셉트카 | 2026 베이징 국제 모터쇼 #Shorts,2026-04-24T10:41:37Z,35.0,True,48827,142.0,16.0
7847,UCFg3rtPVsLpWsaO7kTURikw,현대자동차그룹(HYUNDAI),61Xoee6BtyI,현대자동차의 새로운 디자인 언어를 담은 콘셉트카 | 2026 베이징 국제 모터쇼,2026-04-24T10:41:51Z,50.0,True,25950,27.0,1.0
7847,UCFg3rtPVsLpWsaO7kTURikw,현대자동차그룹(HYUNDAI),0vpvhkYRmvg,"아이오닉 V 최초 공개의 순간, 베이징 국제 모터쇼 현장 스케치 | #Shorts",2026-04-24T12:00:08Z,34.0,True,81328,126.0,6.0
7847,UCFg3rtPVsLpWsaO7kTURikw,현대자동차그룹(HYUNDAI),PyXdOqZ_i0I,"아이오닉 V 최초 공개의 순간, 베이징 국제 모터쇼 현장 스케치 | 현대자동차",2026-04-24T12:00:16Z,64.0,False,21122,67.0,7.0
7847,UCFg3rtPVsLpWsaO7kTURikw,현대자동차그룹(HYUNDAI),uO5Y3U40XaQ,[하츄핑의 아슬아슬 수소자동차 구출 작전] 예고편 30s,2026-04-26T23:50:14Z,30.0,True,4972,90.0,1.0
7847,UCFg3rtPVsLpWsaO7kTURikw,현대자동차그룹(HYUNDAI),acKXFKtbTfs,아이오닉 비너스 콘셉트카 디자인 디테일 | 2026 베이징 국제 모터쇼,2026-04-27T06:13:18Z,37.0,True,25704,16.0,6.0
7847,UCFg3rtPVsLpWsaO7kTURikw,현대자동차그룹(HYUNDAI),HtMwvCMd_CI,아이오닉 SUV 콘셉트카 디자인 디테일 | 2026 베이징 국제 모터쇼,2026-04-27T06:13:21Z,44.0,True,28852,28.0,6.0
7847,UCFg3rtPVsLpWsaO7kTURikw,현대자동차그룹(HYUNDAI),ssMubUzw5Js,연기 속에서도 멈추지 않는 무인소방로봇을 만든 이유,2026-04-28T04:36:16Z,44.0,True,12667,22.0,0.0
7847,UCFg3rtPVsLpWsaO7kTURikw,현대자동차그룹(HYUNDAI),bVES-WVJn2s,"품격은 그대로, 혁신은 과감하게. ‘더 뉴 그랜저’ 디자인 최초 공개",2026-04-28T07:16:54Z,29.0,True,172784,886.0,181.0
7847,UCFg3rtPVsLpWsaO7kTURikw,현대자동차그룹(HYUNDAI),2J6sCURNEZ8,현대 N 페스티벌 2026 시즌 소개,2026-04-28T09:00:45Z,383.0,False,25010,48.0,1.0
7847,UCFg3rtPVsLpWsaO7kTURikw,현대자동차그룹(HYUNDAI),xEDz0IYG9l4,완주는 시작일 뿐. 제네시스 마그마 레이싱 WEC 데뷔 현장,2026-04-29T01:50:48Z,56.0,True,37748,191.0,23.0
7847,UCFg3rtPVsLpWsaO7kTURikw,현대자동차그룹(HYUNDAI),B-3T8TZmLFo,"고객 맞춤형 모빌리티 PV5, 개발 과정 비하인드 스토리",2026-04-29T04:40:31Z,1150.0,False,91694,49.0,8.0
7847,UCFg3rtPVsLpWsaO7kTURikw,현대자동차그룹(HYUNDAI),dhA5aiBbbOA,"모든 상황을 정해진 룰대로 움직이는 자율주행, 룰베이스",2026-04-29T07:13:29Z,40.0,True,12797,17.0,0.0
7847,UCFg3rtPVsLpWsaO7kTURikw,현대자동차그룹(HYUNDAI),iQA1TOy6AKg,"사람처럼 스스로 판단하는 자율주행 기술, E2E",2026-04-29T07:13:37Z,48.0,True,15766,25.0,0.0
7847,UCFg3rtPVsLpWsaO7kTURikw,현대자동차그룹(HYUNDAI),dRHQygtIknI,"자율주행계의 ChatGPT, LDM",2026-04-29T07:13:41Z,40.0,True,13310,23.0,2.0
7847,UCFg3rtPVsLpWsaO7kTURikw,현대자동차그룹(HYUNDAI),zNvcGgYTsqc,42dot Work&Way l 개발자가 일하는 방식 - Gleo AI 편,2026-04-30T01:00:54Z,238.0,False,53627,50.0,5.0
7847,UCFg3rtPVsLpWsaO7kTURikw,현대자동차그룹(HYUNDAI),HZ4yq4aP8gc,"SDV 시대의 시작, 차세대 인포테인먼트 Pleos Connect 미디어데이",2026-04-30T02:01:27Z,2372.0,False,503554,242.0,67.0
7847,UCFg3rtPVsLpWsaO7kTURikw,현대자동차그룹(HYUNDAI),DArYvPjliLA,직관성과 안전성을 모두 고려한 Pleos Connect UX 설계 포인트｜Pleos Connect 미디어데이,2026-04-30T04:20:33Z,522.0,False,302614,37.0,26.0
7847,UCFg3rtPVsLpWsaO7kTURikw,현대자동차그룹(HYUNDAI),0bnvu7WKsAs,"복잡함은 줄이고, 편리함을 높인 Pleos Connect 내비게이션｜Pleos Connect 미디어데이",2026-04-30T04:20:38Z,379.0,False,158852,34.0,4.0
7847,UCFg3rtPVsLpWsaO7kTURikw,현대자동차그룹(HYUNDAI),Y_SmZx1s7BM,"차량과 대화하는 경험, Pleos Connect Gleo AI의 핵심 기능은? | Pleos Connect 미디어데이",2026-04-30T04:20:41Z,513.0,False,188823,24.0,2.0
7847,UCFg3rtPVsLpWsaO7kTURikw,현대자동차그룹(HYUNDAI),TK3sZiq3fp0,스마트폰의 사용 경험을 구현한 Pleos Connect 앱 마켓｜Pleos Connect 미디어데이,2026-04-30T04:20:45Z,333.0,False,183789,17.0,2.0
7847,UCFg3rtPVsLpWsaO7kTURikw,현대자동차그룹(HYUNDAI),Ohr1hCAx8k0,"차 안의 경험을 새롭게 바꾸다, Pleos Connect 최초 공개",2026-04-30T08:07:12Z,50.0,True,245905,145.0,10.0
7847,UCFg3rtPVsLpWsaO7kTURikw,현대자동차그룹(HYUNDAI),-9fJwaZmDNI,이름 없는 숲 Teaser film | 바다숲 보전 CSR 캠페인,2026-05-06T01:00:47Z,68.0,False,24734,13.0,0.0
7847,UCFg3rtPVsLpWsaO7kTURikw,현대자동차그룹(HYUNDAI),ZAbGlZ9GomE,이름 없는 숲 Teaser film | 바다숲 보전 CSR 캠페인 | #Shorts,2026-05-06T01:00:52Z,31.0,True,21349,20.0,0.0
7847,UCFg3rtPVsLpWsaO7kTURikw,현대자동차그룹(HYUNDAI),5Rm2qjJwfWM,이름 없는 숲 Full Story | 바다숲 보전 CSR 캠페인,2026-05-07T01:01:14Z,212.0,False,20530,25.0,0.0
7847,UCFg3rtPVsLpWsaO7kTURikw,현대자동차그룹(HYUNDAI),lo3qeMp0II4,"마이티부터 엑시언트까지, 현대차 상용 대표모델 3종 동시 출시",2026-05-07T08:02:34Z,36.0,True,21427,93.0,3.0
7847,UCFg3rtPVsLpWsaO7kTURikw,현대자동차그룹(HYUNDAI),wtLxXMgOx44,"하이테크한 디자인과 주행 안정성으로 완성한 11년 만의 혁신, 더 뉴 2027 마이티",2026-05-07T08:58:01Z,60.0,True,21219,39.0,18.0
7847,UCFg3rtPVsLpWsaO7kTURikw,현대자동차그룹(HYUNDAI),QEpvXL_G_tw,"하이테크한 디자인과 주행 안정성으로 완성한 11년 만의 혁신, 더 뉴 2027 마이티 | #Shorts",2026-05-07T08:58:06Z,29.0,True,26428,96.0,8.0
7847,UCFg3rtPVsLpWsaO7kTURikw,현대자동차그룹(HYUNDAI),bI_OP6RoPFc,화재 현장의 안전을 위해 무인소방로봇에 담은 진심,2026-05-08T05:37:00Z,43.0,True,24952,24.0,0.0
7847,UCFg3rtPVsLpWsaO7kTURikw,현대자동차그룹(HYUNDAI),SegmhyPROMQ,"5월 10일, 바다숲을 기억하는 날 🌊",2026-05-10T01:00:24Z,86.0,False,16321,21.0,1.0
7847,UCFg3rtPVsLpWsaO7kTURikw,현대자동차그룹(HYUNDAI),-BtooWkB7ds,"강렬한 대비와 기술적 대담함, 더 뉴 2027 파비스 | #Shorts",2026-05-11T02:44:58Z,31.0,True,21735,51.0,2.0
7847,UCFg3rtPVsLpWsaO7kTURikw,현대자동차그룹(HYUNDAI),bTnBX3ISqSg,"강렬한 대비와 기술적 대담함, 더 뉴 2027 파비스",2026-05-11T02:45:03Z,76.0,False,30951,17.0,0.0
7847,UCFg3rtPVsLpWsaO7kTURikw,현대자동차그룹(HYUNDAI),k1LBEOUxgYE,제동 성능과 내구성을 향상한 2027 엑시언트,2026-05-12T07:12:33Z,59.0,True,23846,28.0,1.0
7847,UCFg3rtPVsLpWsaO7kTURikw,현대자동차그룹(HYUNDAI),aCT0dsP1U0M,사람의 용기와 기술이 함께 대응하는 화재 현장의 무인소방로봇,2026-05-12T07:13:16Z,27.0,True,22215,21.0,1.0
7847,UCFg3rtPVsLpWsaO7kTURikw,현대자동차그룹(HYUNDAI),0tf3YD_p1Lg,제동 성능과 내구성을 향상한 2027 엑시언트 | #Shorts,2026-05-12T07:13:54Z,33.0,True,21466,68.0,4.0
7847,UCFg3rtPVsLpWsaO7kTURikw,현대자동차그룹(HYUNDAI),pCAa0XbNLUU,[이벤트] 캐스퍼와 이모지가 만나면?｜컬러 이모지 챌린지,2026-05-13T07:22:09Z,15.0,True,6834,99.0,50.0
7847,UCFg3rtPVsLpWsaO7kTURikw,현대자동차그룹(HYUNDAI),RJ3WEPW-gaE,"기아 PV5, 일본 EV 밴 시장 본격 진출",2026-05-13T09:10:01Z,37.0,True,26472,34.0,0.0
7847,UCFg3rtPVsLpWsaO7kTURikw,현대자동차그룹(HYUNDAI),hUmtUgMtfw8,42dot Work&Way l 개발자가 일하는 방식 – Connectivity Framework편,2026-05-14T01:02:22Z,240.0,False,8334,53.0,10.0
7847,UCFg3rtPVsLpWsaO7kTURikw,현대자동차그룹(HYUNDAI),2wjnU-2C8hM,"사람과 로봇이 공존하는 곳, 로보틱스가 바꾼 양재 사옥의 일상",2026-05-14T04:07:02Z,79.0,False,22672,57.0,10.0
7847,UCFg3rtPVsLpWsaO7kTURikw,현대자동차그룹(HYUNDAI),BV21-E_HJHI,"스스로 가꾸는 사옥 속 정원, 자율주행 조경 관리 로봇 ‘달이 가드너’",2026-05-14T04:07:10Z,135.0,False,5070,49.0,10.0
7847,UCFg3rtPVsLpWsaO7kTURikw,현대자동차그룹(HYUNDAI),liwrAsyHSE4,플레오스 커넥트로 확장되는 현대자동차 '더 뉴 그랜저' 출시,2026-05-14T06:39:55Z,35.0,True,23352,113.0,9.0
7847,UCFg3rtPVsLpWsaO7kTURikw,현대자동차그룹(HYUNDAI),NMl70YRyELQ,[이벤트] 3초만 집중! 실루엣만 보고 기아 차종 맞히기,2026-05-15T04:43:25Z,21.0,True,3379,93.0,57.0
7847,UCFg3rtPVsLpWsaO7kTURikw,현대자동차그룹(HYUNDAI),enhiuAINEk0,"플레오스 커넥트로 진보하는 이동 경험, 현대자동차 더 뉴 그랜저",2026-05-15T05:02:40Z,70.0,False,1565,26.0,2.0
7847,UCFg3rtPVsLpWsaO7kTURikw,현대자동차그룹(HYUNDAI),E3InV1eARTs,"플레오스 커넥트로 진보하는 이동 경험, 현대자동차 더 뉴 그랜저｜#Shorts",2026-05-15T05:02:54Z,32.0,True,1996,24.0,3.0
7848,UCl23-Cci_SMqyGXE1T_LYUg,성시경 SUNG SI KYUNG,llMZFgGXlMo,[성시경 레시피] 꽁치 김치찜 Sung Si Kyung Recipe - Braised Pacific saury and kimchi,2026-03-20T09:00:06Z,331.0,False,90896,2482.0,194.0
7848,UCl23-Cci_SMqyGXE1T_LYUg,성시경 SUNG SI KYUNG,x4bRcUxVPiw,[성시경 레시피] 연어 베이글 Sung Si Kyung Recipe - salmon bagel,2026-03-23T09:00:06Z,500.0,False,137165,3940.0,375.0
7848,UCl23-Cci_SMqyGXE1T_LYUg,성시경 SUNG SI KYUNG,9NycugQL2xw,[sub] 성시경의 먹을텐데 l 송파동 본가진미간장게장 (with.넬 김종완),2026-03-25T09:00:07Z,2305.0,False,416212,7551.0,937.0
7848,UCl23-Cci_SMqyGXE1T_LYUg,성시경 SUNG SI KYUNG,3KSPkkY1npk,성시경x넬 컬래버 소취♥,2026-03-25T09:40:01Z,55.0,True,608201,6048.0,340.0
7848,UCl23-Cci_SMqyGXE1T_LYUg,성시경 SUNG SI KYUNG,DdUamCiDqq4,[sub] 성시경의 부를텐데 l 이석훈 온유,2026-03-27T09:00:06Z,2586.0,False,186788,7415.0,755.0
7848,UCl23-Cci_SMqyGXE1T_LYUg,성시경 SUNG SI KYUNG,1yLVMYiiDTc,부를텐데 ♪ 너의 모든 순간 - 온유,2026-03-27T09:45:00Z,60.0,True,369669,3224.0,334.0
7848,UCl23-Cci_SMqyGXE1T_LYUg,성시경 SUNG SI KYUNG,JiKEyCbsSwA,부를텐데 ♪ TOUGH LOVE - 온유,2026-03-27T09:45:01Z,57.0,True,85960,1595.0,72.0
7848,UCl23-Cci_SMqyGXE1T_LYUg,성시경 SUNG SI KYUNG,sZPprkvyOVM,부를텐데 ♪ 사랑이란 건 - 이석훈,2026-03-27T09:45:03Z,60.0,True,165859,1892.0,74.0
7848,UCl23-Cci_SMqyGXE1T_LYUg,성시경 SUNG SI KYUNG,MoL5J011Lk4,2026 성시경 콘서트 '축가' l CONCERT SPOT VIDEO,2026-03-28T05:00:30Z,98.0,False,48314,2825.0,301.0
7848,UCl23-Cci_SMqyGXE1T_LYUg,성시경 SUNG SI KYUNG,JEp5JYGxWok,[sub] 성시경의 먹을텐데 l 버거리 클래식치즈버거 시리즈,2026-03-30T09:00:06Z,773.0,False,313255,6012.0,927.0
7848,UCl23-Cci_SMqyGXE1T_LYUg,성시경 SUNG SI KYUNG,7Ds1Bar59aw,다이어트 중인데 햄버거 광고 들어옴,2026-03-30T09:15:01Z,59.0,True,226030,3751.0,188.0
7848,UCl23-Cci_SMqyGXE1T_LYUg,성시경 SUNG SI KYUNG,iab77Iy9Sac,[성시경 레시피] 양상추 볶음 Sung Si Kyung Recipe - Stir-Fried Lettuce,2026-04-01T09:00:06Z,249.0,False,64587,2422.0,241.0
7848,UCl23-Cci_SMqyGXE1T_LYUg,성시경 SUNG SI KYUNG,aioT8ItCHxU,"[sub] 성시경의 부를텐데 l 시인과 촌장 (with.박용준, 박학기)",2026-04-03T09:00:06Z,2662.0,False,166335,9011.0,1249.0
7848,UCl23-Cci_SMqyGXE1T_LYUg,성시경 SUNG SI KYUNG,6t67XAnlHT0,부를텐데 ♪ 사랑일기 - 시인과 촌장,2026-04-03T09:50:00Z,60.0,True,143110,1866.0,76.0
7848,UCl23-Cci_SMqyGXE1T_LYUg,성시경 SUNG SI KYUNG,82mQ_oZ6DNU,일반인과 예술인의 차이,2026-04-03T09:50:00Z,59.0,True,94490,1425.0,45.0
7848,UCl23-Cci_SMqyGXE1T_LYUg,성시경 SUNG SI KYUNG,RHFm65qLdSo,[성시경 노래] 66. Endless Love (with Raisa) l Sung Si Kyung Music,2026-04-06T09:00:06Z,393.0,False,1060733,37952.0,2971.0
7848,UCl23-Cci_SMqyGXE1T_LYUg,성시경 SUNG SI KYUNG,eDKInEaP3K8,Endless Love,2026-04-06T10:24:23Z,59.0,True,255404,3906.0,153.0
7848,UCl23-Cci_SMqyGXE1T_LYUg,성시경 SUNG SI KYUNG,c5Y3PN5drRA,[sub] 성시경의 부를텐데 l 소란,2026-04-07T09:00:06Z,1788.0,False,58378,3067.0,230.0
7848,UCl23-Cci_SMqyGXE1T_LYUg,성시경 SUNG SI KYUNG,0y1rB0kOIf4,부를텐데 ♪ 사랑한 마음엔 죄가 없다 - 소란,2026-04-07T09:40:00Z,50.0,True,89528,921.0,20.0
7848,UCl23-Cci_SMqyGXE1T_LYUg,성시경 SUNG SI KYUNG,y2VsVRZWjKM,[성시경 레시피] 김풍 파스타 Sung Si Kyung Recipe - Kim Poong pasta,2026-04-08T09:00:06Z,272.0,False,250911,4163.0,308.0
7848,UCl23-Cci_SMqyGXE1T_LYUg,성시경 SUNG SI KYUNG,47bO-VRW13Q,[sub] 성시경의 먹을텐데 l 잠원동 한신치킨호프,2026-04-09T09:00:06Z,1480.0,False,676547,10830.0,1204.0
7848,UCl23-Cci_SMqyGXE1T_LYUg,성시경 SUNG SI KYUNG,JcxubpGz0VU,치킨이 '평범'해진 이유,2026-04-09T09:30:21Z,60.0,True,331031,4327.0,301.0
7848,UCl23-Cci_SMqyGXE1T_LYUg,성시경 SUNG SI KYUNG,X7REJzwozZQ,"[sub] 성시경의 부를텐데 l 장혜진, 조째즈",2026-04-10T09:00:06Z,1808.0,False,148740,4419.0,345.0
7848,UCl23-Cci_SMqyGXE1T_LYUg,성시경 SUNG SI KYUNG,yKAVG2SzeCs,"부를텐데 ♪ 신의 한 수 - 장혜진, 조째즈",2026-04-10T09:40:00Z,62.0,False,120494,1679.0,64.0
7848,UCl23-Cci_SMqyGXE1T_LYUg,성시경 SUNG SI KYUNG,0dhu9-_jz2w,윤도현 형이 본 내 첫인상,2026-04-13T05:28:43Z,59.0,True,511377,5239.0,171.0
7848,UCl23-Cci_SMqyGXE1T_LYUg,성시경 SUNG SI KYUNG,98h4G8FA4cE,[sub] 성시경의 만날텐데 l 윤도현🩵 오랜만에 음악 이야기 너무 재밌었습니다!,2026-04-13T09:00:06Z,2064.0,False,436036,10644.0,857.0
7848,UCl23-Cci_SMqyGXE1T_LYUg,성시경 SUNG SI KYUNG,hrypS1Cx1Dc,[성시경 레시피] 토르티야 피자 Sung Si Kyung Recipe - tortilla pizza,2026-04-14T09:00:07Z,315.0,False,106807,3213.0,262.0
7848,UCl23-Cci_SMqyGXE1T_LYUg,성시경 SUNG SI KYUNG,i-tpkcmvOR4,[sub] 성시경의 부를텐데 l 한영애,2026-04-16T09:00:06Z,1655.0,False,66716,3741.0,421.0
7848,UCl23-Cci_SMqyGXE1T_LYUg,성시경 SUNG SI KYUNG,jVOyUPRrSJo,부를텐데 ♪ SNOW RAIN - 한영애,2026-04-16T09:35:00Z,58.0,True,141870,1607.0,73.0
7848,UCl23-Cci_SMqyGXE1T_LYUg,성시경 SUNG SI KYUNG,Nyg6h7-xxEA,[sub] 성시경의 먹을텐데 l 남영동 까치네,2026-04-17T09:00:06Z,1277.0,False,729745,9372.0,745.0
7848,UCl23-Cci_SMqyGXE1T_LYUg,성시경 SUNG SI KYUNG,Nr5TdF_EeOA,힘든데 계속 하게 되는 거 있잖아요,2026-04-17T09:30:20Z,60.0,True,403758,4532.0,148.0
7848,UCl23-Cci_SMqyGXE1T_LYUg,성시경 SUNG SI KYUNG,N7mJJWyuyck,콘서트 전날마다 악몽 꾸는 나카시마 미카,2026-04-22T04:22:14Z,60.0,True,158330,2024.0,74.0
7848,UCl23-Cci_SMqyGXE1T_LYUg,성시경 SUNG SI KYUNG,Joa5MSfh_Ho,[sub] 성시경의 만날텐데 l 나카시마 미카🩷 감성적인 J-POP 디바와 함께 맛있는 음식과 이야기 나눴어요~,2026-04-22T09:00:06Z,1553.0,False,654774,14163.0,1628.0
7848,UCl23-Cci_SMqyGXE1T_LYUg,성시경 SUNG SI KYUNG,OYGDslLL7Js,"[sub] 성시경의 부를텐데 l 스윗소로우, 임정희",2026-04-24T09:00:07Z,2044.0,False,71350,2901.0,254.0
7848,UCl23-Cci_SMqyGXE1T_LYUg,성시경 SUNG SI KYUNG,Dk5zRIfAXPY,부를텐데 ♪ 하이파이브(Hi-Five) - 스윗소로우,2026-04-24T09:40:00Z,58.0,True,72210,888.0,22.0
7848,UCl23-Cci_SMqyGXE1T_LYUg,성시경 SUNG SI KYUNG,EFGLIKjJTw4,부를텐데 ♪ Music Is My Life - 임정희,2026-04-24T09:40:00Z,57.0,True,170113,1552.0,65.0
7848,UCl23-Cci_SMqyGXE1T_LYUg,성시경 SUNG SI KYUNG,ibFYN8QtC4U,[성시경 레시피] 소시지 버터밥 Sung Si Kyung Recipe - Easy Sausage Egg Butter Rice,2026-04-27T09:00:07Z,313.0,False,256043,4292.0,349.0
7848,UCl23-Cci_SMqyGXE1T_LYUg,성시경 SUNG SI KYUNG,sBDFD9Idxqk,"[sub] 성시경의 부를텐데 l 휘인, 서영은",2026-04-29T09:00:06Z,1970.0,False,86390,3683.0,375.0
7848,UCl23-Cci_SMqyGXE1T_LYUg,성시경 SUNG SI KYUNG,-wl18ksSkeo,부를텐데 ♪ 너는 나의 봄이다 - 서영은,2026-04-29T09:35:00Z,58.0,True,124720,1096.0,41.0
7848,UCl23-Cci_SMqyGXE1T_LYUg,성시경 SUNG SI KYUNG,i13aTQIlykk,부를텐데 ♪ The Symphony of Fxxkboys - 휘인,2026-04-29T09:35:01Z,60.0,True,77632,846.0,28.0
7848,UCl23-Cci_SMqyGXE1T_LYUg,성시경 SUNG SI KYUNG,G_DZw6f5bhk,[sub] 성시경의 먹을텐데 l 구의 연지민물매운탕칼국수,2026-05-01T09:00:06Z,1043.0,False,236669,5531.0,647.0
7848,UCl23-Cci_SMqyGXE1T_LYUg,성시경 SUNG SI KYUNG,9sisMqBxU_U,먹텐 역사상 손꼽게 맛있는 맛집,2026-05-01T09:30:04Z,54.0,True,275671,3303.0,115.0
7848,UCl23-Cci_SMqyGXE1T_LYUg,성시경 SUNG SI KYUNG,Q1IkJQiZpMY,앤더슨 팩 한국어 패치 완료,2026-05-06T04:00:40Z,45.0,True,392962,3743.0,87.0
7848,UCl23-Cci_SMqyGXE1T_LYUg,성시경 SUNG SI KYUNG,msZlMJ0Xf84,[sub] 성시경의 만날텐데 l 앤더슨 팩🩵 줄거리만 들어도 재밌을 거 같은 영화! 너무 궁금하네요~,2026-05-06T09:00:07Z,1494.0,False,218736,7291.0,542.0
7848,UCl23-Cci_SMqyGXE1T_LYUg,성시경 SUNG SI KYUNG,Ypr7fa2ztVE,2026 성시경 축가 콘서트 비하인드,2026-05-08T09:00:57Z,1040.0,False,66270,3719.0,387.0
7848,UCl23-Cci_SMqyGXE1T_LYUg,성시경 SUNG SI KYUNG,KF_8wNtJ9TM,성시경의 먹을텐데 l 둔촌동역 다람 강동본점,2026-05-11T09:00:06Z,1759.0,False,417725,7433.0,787.0
7848,UCl23-Cci_SMqyGXE1T_LYUg,성시경 SUNG SI KYUNG,Wb33yoUzMvY,고깃집인데 김치가 너무 맛있는 가게,2026-05-11T09:40:00Z,51.0,True,272372,2312.0,53.0
7848,UCl23-Cci_SMqyGXE1T_LYUg,성시경 SUNG SI KYUNG,3vtaXRw7WHE,[성시경 레시피] 시카고 피자 Sung Si Kyung Recipe - Chicago-style Pizza,2026-05-13T09:00:06Z,276.0,False,51180,2146.0,198.0
7848,UCl23-Cci_SMqyGXE1T_LYUg,성시경 SUNG SI KYUNG,bfBmJCPgCmI,성시경의 먹을텐데 l 합정역 제주삼다돈 (with.임지연),2026-05-15T09:00:06Z,1684.0,False,260346,6074.0,577.0
7848,UCl23-Cci_SMqyGXE1T_LYUg,성시경 SUNG SI KYUNG,004p8GQ0RUo,잘 먹는 줄은 알았지만.. 12인분 먹고 간 임지연,2026-05-15T09:35:00Z,52.0,True,261708,3830.0,186.0
7849,UCZS9wEZ4itPbBZk_sqccXfw,미래에셋 스마트머니(Smart Money),FUC8ZV_5xXM,물밑 협상 기대에 미국 증시 상승 마감 | 데일리 라이브 | 2026.4.14(화),2026-04-14T11:16:04Z,756.0,False,1215,30.0,0.0
7849,UCZS9wEZ4itPbBZk_sqccXfw,미래에셋 스마트머니(Smart Money),1HkJGXk9Sbs,휴전 기대로 안도 랠리 한국 ETF 자금 향방은? | ETF& | 2026.4.15(수),2026-04-15T00:00:01Z,898.0,False,6674,5.0,0.0
7849,UCZS9wEZ4itPbBZk_sqccXfw,미래에셋 스마트머니(Smart Money),3G6dv-sUzuY,피스 랠리(Peace rally): 리스크 온 투자 심리 확산 | 데일리 라이브 | 2026.4.15(수),2026-04-15T11:26:29Z,1426.0,False,1215,31.0,1.0
7849,UCZS9wEZ4itPbBZk_sqccXfw,미래에셋 스마트머니(Smart Money),ZbDdZTI4glk,중국·홍콩 증시 IPO 궁금하세요?ㅣ보이는 차이나ㅣ2026.4.16(목),2026-04-16T00:00:39Z,872.0,False,6303,10.0,1.0
7849,UCZS9wEZ4itPbBZk_sqccXfw,미래에셋 스마트머니(Smart Money),80vNDet7bdQ,전쟁 공포 씻은 시장..나스닥·S&P500 ‘사상 최고' | 데일리 라이브 | 2026.4.16(목),2026-04-16T11:26:04Z,1330.0,False,1396,31.0,1.0
7849,UCZS9wEZ4itPbBZk_sqccXfw,미래에셋 스마트머니(Smart Money),dAkP9wHvPy4,"반도체, 결국 전쟁이 문제였네 | RE포트 | 2026.4.17(금)",2026-04-17T00:00:49Z,798.0,False,6501,13.0,0.0
7849,UCZS9wEZ4itPbBZk_sqccXfw,미래에셋 스마트머니(Smart Money),-xAeQPiO2R4,결국 '이것' 싸움! | 2분완성 그림퀴즈 #shorts #ai,2026-04-17T02:30:01Z,10.0,True,3549,23.0,1.0
7849,UCZS9wEZ4itPbBZk_sqccXfw,미래에셋 스마트머니(Smart Money),Lnpejf0PoNQ,유가 급등에도 나스닥·S&P 최고가 랠리 | 데일리 라이브 | 2026.4.17(금),2026-04-17T11:27:35Z,1256.0,False,1530,40.0,1.0
7849,UCZS9wEZ4itPbBZk_sqccXfw,미래에셋 스마트머니(Smart Money),3y9cHTeyjtw,K-중후장대 산업의 New 르네상스 | 월스트리트파인더ㅣ2026.4.20(월),2026-04-20T00:00:06Z,876.0,False,15666,24.0,0.0
7849,UCZS9wEZ4itPbBZk_sqccXfw,미래에셋 스마트머니(Smart Money),352Fz5SckNE,"호르무즈 개방, 미국증시 사상 최고가 랠리 | 데일리 라이브 | 2026.4.20(월)",2026-04-20T11:30:33Z,1330.0,False,1438,34.0,2.0
7849,UCZS9wEZ4itPbBZk_sqccXfw,미래에셋 스마트머니(Smart Money),X79244_xVB4,유가·환율 급등에 항공주 어떻게 볼까? #대한항공｜애널리스트리포트｜2026.04.21(화),2026-04-21T00:00:37Z,399.0,False,8032,13.0,1.0
7849,UCZS9wEZ4itPbBZk_sqccXfw,미래에셋 스마트머니(Smart Money),uH9zxVvnC-Y,"양자컴퓨터, 판 바꾼다｜Google Quantum AI와 Caltech 논문｜양자택일ㅣ2026.4.21(화)",2026-04-21T08:01:01Z,577.0,False,28630,376.0,23.0
7849,UCZS9wEZ4itPbBZk_sqccXfw,미래에셋 스마트머니(Smart Money),bLYrt0VkLbk,미국-이란 협상 재개 여부 관망..미국증시 약세 | 데일리 라이브 | 2026.4.21(화),2026-04-21T11:26:32Z,890.0,False,1198,35.0,1.0
7849,UCZS9wEZ4itPbBZk_sqccXfw,미래에셋 스마트머니(Smart Money),sZmXn_6n_IQ,"[2026 고객세미나] 글로벌 시황 및 투자전략 ""변동성과 기회""",2026-04-21T22:07:29Z,1785.0,False,5545,201.0,
7849,UCZS9wEZ4itPbBZk_sqccXfw,미래에셋 스마트머니(Smart Money),MtHNznvXz40,"앤트로픽이 만들고, 돈은 아마존으로｜유토피아ㅣ2026.4.22(수)",2026-04-22T00:00:32Z,560.0,False,10888,122.0,7.0
7849,UCZS9wEZ4itPbBZk_sqccXfw,미래에셋 스마트머니(Smart Money),3g5RQEvGuQc,휴전 불확실성에 장중 내내 약세 | 데일리 라이브 | 2026.4.22(수),2026-04-22T11:23:28Z,1121.0,False,1148,24.0,1.0
7849,UCZS9wEZ4itPbBZk_sqccXfw,미래에셋 스마트머니(Smart Money),-CnmrOFbXT8,테크 강세에 S&P500·나스닥 사상 최고 | 데일리 라이브 | 2026.4.23(목),2026-04-22T23:15:33Z,455.0,False,951,26.0,1.0
7849,UCZS9wEZ4itPbBZk_sqccXfw,미래에셋 스마트머니(Smart Money),Q4qV4F7NNpM,[미래에셋증권] M-STOCK 3.0 미래적 투자 플랫폼의 시작 편,2026-04-23T07:28:34Z,15.0,True,11724148,12.0,
7849,UCZS9wEZ4itPbBZk_sqccXfw,미래에셋 스마트머니(Smart Money),nyoHhUnEAbg,[미래에셋증권] M-STOCK 3.0 미래적 투자 플랫폼의 시작 편 #shorts,2026-04-23T07:28:40Z,15.0,True,13495425,1828.0,
7849,UCZS9wEZ4itPbBZk_sqccXfw,미래에셋 스마트머니(Smart Money),NuA-J-Sznjw,미국 반도체 지수 사상 첫 1만 포인트 달성 | 데일리 라이브 | 2026.4.24(금),2026-04-24T11:11:44Z,601.0,False,1463,30.0,2.0
7849,UCZS9wEZ4itPbBZk_sqccXfw,미래에셋 스마트머니(Smart Money),TIReWvTr6sM,올해 첫 슈퍼위크(f. 변동성) | 월스트리트파인더ㅣ2026.4.27(월),2026-04-27T00:27:17Z,1218.0,False,7425,17.0,0.0
7849,UCZS9wEZ4itPbBZk_sqccXfw,미래에셋 스마트머니(Smart Money),R089mQI3IrY,"반도체가 쓰는 역사, 엔비디아 시총 5조 달러 | 데일리 라이브 | 2026.4.27(월)",2026-04-27T11:41:23Z,1795.0,False,1399,30.0,1.0
7849,UCZS9wEZ4itPbBZk_sqccXfw,미래에셋 스마트머니(Smart Money),CN_DqNuRXaQ,하드캐리한 엔비디아 | 데일리 라이브 | 2026.4.28(화),2026-04-27T23:09:14Z,455.0,False,896,34.0,1.0
7849,UCZS9wEZ4itPbBZk_sqccXfw,미래에셋 스마트머니(Smart Money),ITEQnVczY5Q,'반도체 지배' 현상과 '물가' 상승. 시장 변수 점검 #shorts,2026-04-28T03:00:13Z,49.0,True,1154,6.0,0.0
7849,UCZS9wEZ4itPbBZk_sqccXfw,미래에셋 스마트머니(Smart Money),wj9e1klaIL0,오픈AI발 악재에 흔들린 증시 | 데일리 라이브 | 2026.4.29(수),2026-04-28T23:10:50Z,436.0,False,1018,24.0,1.0
7849,UCZS9wEZ4itPbBZk_sqccXfw,미래에셋 스마트머니(Smart Money),CFAYeg1H4kw,DeepSeek가 돌아왔다!ㅣ보이는 차이나ㅣ2026.4.30(목),2026-04-30T00:00:11Z,664.0,False,12241,11.0,0.0
7849,UCZS9wEZ4itPbBZk_sqccXfw,미래에셋 스마트머니(Smart Money),bzMo3jQvYCU,디지털자산은 어떻게 굴러가는걸까?  |  2분완성 그림퀴즈 '디지털자산 기술과 구조'편,2026-04-30T02:30:32Z,131.0,False,26299,13.0,1.0
7849,UCZS9wEZ4itPbBZk_sqccXfw,미래에셋 스마트머니(Smart Money),5XxHkYhYtNc,"유가 120달러, 매파 연준…에너지발 인플레 공포에 증시는 멈칫 | 데일리 라이브 | 2026.4.30(목)",2026-04-30T11:24:26Z,1190.0,False,1333,26.0,1.0
7849,UCZS9wEZ4itPbBZk_sqccXfw,미래에셋 스마트머니(Smart Money),tW1hzqm-xlI,체인 위에 ON! | 2분완성 그림퀴즈 #shorts #ai,2026-05-01T02:30:46Z,10.0,True,11546,18.0,1.0
7849,UCZS9wEZ4itPbBZk_sqccXfw,미래에셋 스마트머니(Smart Money),SnKxD81ti7w,"애플이 끌고, 유가 하락이 밀고...나스닥 '사상 최고' | 데일리 라이브 | 2026.5.4(월)",2026-05-03T23:08:51Z,425.0,False,984,26.0,4.0
7849,UCZS9wEZ4itPbBZk_sqccXfw,미래에셋 스마트머니(Smart Money),xlkeQMCNJqY,Mirae Asset China Day 2026,2026-05-04T00:00:58Z,119.0,False,3464,18.0,3.0
7849,UCZS9wEZ4itPbBZk_sqccXfw,미래에셋 스마트머니(Smart Money),Ma1OcPncGHM,전쟁을 넘어선 펀더멘털과 정책 기대  #월간투자전략 ｜애널리스트리포트｜2026.05.05(화),2026-05-05T00:00:20Z,343.0,False,10110,9.0,0.0
7849,UCZS9wEZ4itPbBZk_sqccXfw,미래에셋 스마트머니(Smart Money),QmoEnlB5yOY,반도체 강세에 나스닥·S&P500 '사상 최고' | 데일리 라이브 | 2026.5.6(수),2026-05-05T23:08:24Z,411.0,False,907,20.0,1.0
7849,UCZS9wEZ4itPbBZk_sqccXfw,미래에셋 스마트머니(Smart Money),bWfRMf39snM,종전 기대와 반도체 랠리가 만든 '사상 최고가' | 데일리 라이브 | 2026.5.7(목),2026-05-06T23:09:40Z,486.0,False,838,28.0,1.0
7849,UCZS9wEZ4itPbBZk_sqccXfw,미래에셋 스마트머니(Smart Money),DbFLhLMdlNA,"파죽지세 삼성전자, 목표가 상향! | RE포트 | 2026.5.8(금)",2026-05-08T00:00:25Z,1080.0,False,14558,27.0,6.0
7849,UCZS9wEZ4itPbBZk_sqccXfw,미래에셋 스마트머니(Smart Money),oD4RRdATNWE,비트코인 말고~! | 2분완성 그림퀴즈 #shorts #ai,2026-05-08T02:30:48Z,10.0,True,2785,21.0,2.0
7849,UCZS9wEZ4itPbBZk_sqccXfw,미래에셋 스마트머니(Smart Money),UZOFywOC7V8,[M-STOCK 이용가이드] 해외주식매매신청,2026-05-08T05:12:35Z,410.0,False,650,8.0,
7849,UCZS9wEZ4itPbBZk_sqccXfw,미래에셋 스마트머니(Smart Money),tlwPjGazCaE,불확실한 종전 협상..미국 증시 변동성 확대 | 데일리 라이브 | 2026.5.8(금),2026-05-08T11:31:57Z,1520.0,False,1397,29.0,1.0
7849,UCZS9wEZ4itPbBZk_sqccXfw,미래에셋 스마트머니(Smart Money),y7VQI5h7IuE,슈퍼 乙을 앞세운 K-증시의 진격 | 월스트리트파인더ㅣ2026.5.11(월),2026-05-11T00:37:04Z,1224.0,False,4632,19.0,0.0
7849,UCZS9wEZ4itPbBZk_sqccXfw,미래에셋 스마트머니(Smart Money),fDzNOMuRlv0,"반도체, 또 반도체...S&P500·나스닥 최고가 | 데일리 라이브 | 2026.5.11(월)",2026-05-11T11:34:39Z,1701.0,False,1358,27.0,3.0
7849,UCZS9wEZ4itPbBZk_sqccXfw,미래에셋 스마트머니(Smart Money),qRTeeJuU4nw,"차세대 바이오 플랫폼  '이중항체', 시장 분석｜애널리스트리포트｜2026.05.12(화)",2026-05-12T00:00:50Z,449.0,False,4675,0.0,1.0
7849,UCZS9wEZ4itPbBZk_sqccXfw,미래에셋 스마트머니(Smart Money),Ky1qHPYmC-k,"유가 상승을 이긴 AI 붐...S&P500 7,400 돌파 | 데일리 라이브 | 2026.5.12(화)",2026-05-12T11:17:48Z,941.0,False,1455,29.0,1.0
7849,UCZS9wEZ4itPbBZk_sqccXfw,미래에셋 스마트머니(Smart Money),EC8OubvijfA,"AI, 반도체가 이끈 신고가 랠리 | ETF& | 2026.5.13(수)",2026-05-13T00:00:12Z,1124.0,False,9769,7.0,1.0
7849,UCZS9wEZ4itPbBZk_sqccXfw,미래에셋 스마트머니(Smart Money),jkJTPthSzvc,"유가·금리↑, 반도체주↓...미국증시 숨 고르기 | 데일리 라이브 | 2026.5.13(수)",2026-05-13T11:33:05Z,1551.0,False,1374,37.0,1.0
7849,UCZS9wEZ4itPbBZk_sqccXfw,미래에셋 스마트머니(Smart Money),K5hAz72yBvg,중국 반도체! OOO을 보세요!!ㅣ보이는 차이나ㅣ2026.5.14(목),2026-05-14T00:00:18Z,843.0,False,6457,10.0,2.0
7849,UCZS9wEZ4itPbBZk_sqccXfw,미래에셋 스마트머니(Smart Money),JC8_X8LF8iU,"뜨거운 물가, 더 뜨거운 반도체... S&P500 '최고가' | 데일리 라이브 | 2026.5.14(목)",2026-05-14T11:25:52Z,1341.0,False,1200,26.0,1.0
7849,UCZS9wEZ4itPbBZk_sqccXfw,미래에셋 스마트머니(Smart Money),pOZO40rsUlA,"백점짜리, 만점짜리 실적의 주인공! | RE포트 | 2026.5.15(금)",2026-05-15T00:00:48Z,840.0,False,2107,3.0,0.0
7849,UCZS9wEZ4itPbBZk_sqccXfw,미래에셋 스마트머니(Smart Money),KeZ8C1P6-vA,여기가 몇 층이지? | 2분완성 그림퀴즈 #shorts #ai,2026-05-15T02:30:21Z,10.0,True,1740,12.0,1.0
7849,UCZS9wEZ4itPbBZk_sqccXfw,미래에셋 스마트머니(Smart Money),vvq3bkY1R40,"너는 충분히 잘 하고 있어 | 지금부터, 미래 | 티저 - 서아편",2026-05-15T06:00:42Z,53.0,True,14457,23.0,11.0
7849,UCZS9wEZ4itPbBZk_sqccXfw,미래에셋 스마트머니(Smart Money),oTfs9rbGEN4,"다우 50,000 재탈환, S&P500은 7,500돌파 | 데일리 라이브 | 2026.5.15(금)",2026-05-15T11:39:48Z,1250.0,False,1056,20.0,1.0
