idx,channel_id,channel_title,video_id,video_title,published_at,duration_sec,is_shorts,view_count,like_count,comment_count
5050,UCpnnUKmAQKgVinEV-lV-N2g,프뚜,Ld5AglALs-Y,12년 만의 복귀유저의 마인크래프트 하드코어 모드 생존기,2023-11-21T06:52:33Z,713.0,False,503408,7196.0,310.0
5050,UCpnnUKmAQKgVinEV-lV-N2g,프뚜,YHnaJAlvamI,내가 보려고 만든 인챈트 갑옷 별 크리퍼 데미지 #shorts,2023-11-22T11:37:32Z,43.0,True,191783,2760.0,56.0
5050,UCpnnUKmAQKgVinEV-lV-N2g,프뚜,7qF715fVpC8,하드코어에서 종결 다이아 풀셋 맞추고 12년 만에 첫 건축하기,2023-11-27T05:19:16Z,653.0,False,358089,5276.0,174.0
5050,UCpnnUKmAQKgVinEV-lV-N2g,프뚜,s7J8lTBqn94,하드코어에서 네더라이트 갑옷 맞추고 수선 무한대로 얻기,2023-12-04T12:02:09Z,858.0,False,498954,4089.0,238.0
5050,UCpnnUKmAQKgVinEV-lV-N2g,프뚜,i_3w3buN_Ek,하드코어에서 개사기 토템 공장 만들기,2023-12-15T13:51:54Z,647.0,False,694902,9363.0,673.0
5050,UCpnnUKmAQKgVinEV-lV-N2g,프뚜,jb8ebEA0yok,하드코어에서 화살 단 한 발로 엔더 드래곤을 잡는 방법,2023-12-31T16:16:29Z,862.0,False,704964,13599.0,715.0
5050,UCpnnUKmAQKgVinEV-lV-N2g,프뚜,Lshns-KvHbs,하드코어에서 진짜 '크리퍼' 팜 만들기,2024-01-14T06:42:12Z,766.0,False,1128818,9695.0,577.0
5050,UCpnnUKmAQKgVinEV-lV-N2g,프뚜,dcgEBlqeJ_I,하드코어에서 '차원이 다른' 마을 만들기,2024-02-02T16:16:33Z,1548.0,False,2463303,40504.0,1723.0
5050,UCpnnUKmAQKgVinEV-lV-N2g,프뚜,beItYUn0NdY,하드코어에서 세계에서 가장 큰 상자 만들기,2024-02-25T00:45:01Z,733.0,False,775804,10731.0,623.0
5050,UCpnnUKmAQKgVinEV-lV-N2g,프뚜,fMjKEdFYMj4,하드코어에서 국가권력급 철 공장 만들기,2024-03-12T23:15:00Z,1018.0,False,1333235,17920.0,954.0
5050,UCpnnUKmAQKgVinEV-lV-N2g,프뚜,kf8yXlobhOQ,하드코어에서 미친 효율의 수중 농장 만들기,2024-03-28T06:15:02Z,885.0,False,1180717,12020.0,762.0
5050,UCpnnUKmAQKgVinEV-lV-N2g,프뚜,8HASxST5ATI,하드코어에서 신호기 공장 만들기,2024-04-12T08:34:44Z,1297.0,False,1072851,9288.0,873.0
5050,UCpnnUKmAQKgVinEV-lV-N2g,프뚜,0lL0z1wRsHg,하드코어에서 궁극의 신호기 만들기,2024-05-07T09:51:31Z,1133.0,False,1579154,17378.0,1456.0
5050,UCpnnUKmAQKgVinEV-lV-N2g,프뚜,jZQmLqa2e90,마인크래프트 하드코어에서 2000일을 살아보았다[몰아보기],2024-05-14T13:38:13Z,11007.0,False,3237813,25027.0,1362.0
5050,UCpnnUKmAQKgVinEV-lV-N2g,프뚜,skfQmDb3rms,하드코어에서 모든 블록 모으기,2024-06-03T03:15:01Z,1646.0,False,2713616,20633.0,2201.0
5050,UCpnnUKmAQKgVinEV-lV-N2g,프뚜,ayIGeQRLXKo,"하드코어에서 초대형 수족관 만들기, 근데 네더에",2024-06-26T02:57:02Z,1516.0,False,1746207,17330.0,1158.0
5050,UCpnnUKmAQKgVinEV-lV-N2g,프뚜,c7K6i7W0eyc,하드코어에서 엔드포탈 '차원이 다르게' 업그레이드 하기,2024-07-18T08:53:28Z,1098.0,False,1464229,13958.0,1561.0
5050,UCpnnUKmAQKgVinEV-lV-N2g,프뚜,K-A_aqNHcy0,하드코어에서 고기를 무한으로 얻는 방법,2024-08-10T13:29:55Z,1117.0,False,979112,10109.0,1193.0
5050,UCpnnUKmAQKgVinEV-lV-N2g,프뚜,XUS3zd3CaW0,하드코어에서 역대급 포션 공장 만들기[1.21],2024-09-16T01:15:02Z,1688.0,False,1067427,10405.0,1198.0
5050,UCpnnUKmAQKgVinEV-lV-N2g,프뚜,KBRBfn4GQb8,마인크래프트 랜덤 원 청크 100일 생존기,2024-11-12T11:29:48Z,1676.0,False,2870998,22748.0,1174.0
5050,UCpnnUKmAQKgVinEV-lV-N2g,프뚜,AHEIrSOY8Ao,하드코어에서 모든 몹 모으기,2024-12-24T08:16:36Z,2178.0,False,2645655,22495.0,2285.0
5050,UCpnnUKmAQKgVinEV-lV-N2g,프뚜,zfdwcbpuLd0,"하드코어에서 ""보스 몹"" 4종 모으기",2025-01-12T13:13:01Z,1153.0,False,1647235,16863.0,1913.0
5050,UCpnnUKmAQKgVinEV-lV-N2g,프뚜,PChrW94hRDA,하드코어에서 30가지 방법으로 몹 고문하기,2025-02-21T07:50:06Z,1418.0,False,1217181,10298.0,1213.0
5050,UCpnnUKmAQKgVinEV-lV-N2g,프뚜,Do6fD5tJmZQ,하드코어에서 모든 색깔 공장 만들기,2025-03-17T13:07:29Z,1683.0,False,698331,8416.0,891.0
5050,UCpnnUKmAQKgVinEV-lV-N2g,프뚜,J9CeK680O7Q,마인크래프트 하드코어에서 5000일 동안 살아남기[몰아보기2],2025-04-02T09:15:02Z,13516.0,False,802328,4728.0,318.0
5050,UCpnnUKmAQKgVinEV-lV-N2g,프뚜,OEZxYu658WU,하드코어에서 마인크래프트를 빛낸 추억의 맵 재현하기,2025-04-03T10:16:14Z,1135.0,False,1098732,13059.0,1182.0
5050,UCpnnUKmAQKgVinEV-lV-N2g,프뚜,BbU5Esm1Pf8,마인크래프트 하드코어 원 블럭 100일 생존기,2025-05-05T03:59:32Z,2057.0,False,2120262,14377.0,1170.0
5050,UCpnnUKmAQKgVinEV-lV-N2g,프뚜,ipO31DD7j1A,"하드코어에서 ""실제로 플레이 가능한"" 디펜스 게임 만들기",2025-06-11T10:55:38Z,2245.0,False,1352013,12544.0,1371.0
5050,UCpnnUKmAQKgVinEV-lV-N2g,프뚜,qZtst-6FTu4,매일 다른 몹으로 변신하는 마인크래프트 100일 생존기,2025-07-12T07:43:00Z,2609.0,False,1849578,11576.0,811.0
5050,UCpnnUKmAQKgVinEV-lV-N2g,프뚜,_8OrXZy2Fiw,"하드코어에서 세계에서 가장 큰 ""해피 가스트 공중 기지"" 만들기",2025-09-12T10:26:39Z,1773.0,False,1037426,10625.0,1198.0
5050,UCpnnUKmAQKgVinEV-lV-N2g,프뚜,73DGAOvnK2A,마인크래프트에서 가장 희귀한 몹 모으기,2025-10-02T08:22:19Z,1558.0,False,2326916,25831.0,1590.0
5050,UCpnnUKmAQKgVinEV-lV-N2g,프뚜,w-lgWqOH8RY,마인크래프트의 모든 바이옴 모으기,2025-11-08T09:51:44Z,2166.0,False,966433,14862.0,1401.0
5050,UCpnnUKmAQKgVinEV-lV-N2g,프뚜,wBc8jpi2NXc,100일동안 버려진 무인도를 파라다이스로 바꾸기,2025-11-21T08:30:38Z,1539.0,False,1331170,13458.0,815.0
5050,UCpnnUKmAQKgVinEV-lV-N2g,프뚜,-fqUyxwBDAE,"하드코어에서 ""지옥""에 ""천국"" 만들기",2025-12-12T08:00:00Z,1498.0,False,685689,9422.0,1228.0
5050,UCpnnUKmAQKgVinEV-lV-N2g,프뚜,sG3GbFOGbbI,마인크래프트에 신규 바이옴 직접 추가하기,2025-12-31T08:45:06Z,1531.0,False,672350,9028.0,1222.0
5050,UCpnnUKmAQKgVinEV-lV-N2g,프뚜,EVaxZZxCfH0,원 밖으로 못 나가는 마인크래프트 100일 생존기,2026-01-17T05:22:31Z,1755.0,False,1413547,11513.0,913.0
5050,UCpnnUKmAQKgVinEV-lV-N2g,프뚜,6Ro_QH2F8w4,하드코어에서 세계에서 가장 비싼 기지 만들기,2026-02-21T01:52:02Z,2154.0,False,683931,7607.0,1095.0
5050,UCpnnUKmAQKgVinEV-lV-N2g,프뚜,M222wFNb2S0,변이체가 점령한 세계에서 100일동안 살아남기,2026-02-28T04:00:31Z,2063.0,False,372742,3693.0,552.0
5050,UCpnnUKmAQKgVinEV-lV-N2g,프뚜,8dPbTMV591w,마인크래프트에서 가장 위험한 비밀 모두 모으기,2026-04-03T08:45:03Z,2126.0,False,609754,7197.0,1081.0
5050,UCpnnUKmAQKgVinEV-lV-N2g,프뚜,O3u_ZiZ2UQw,아포칼립스 세계에서 대저택 짓고 힐링하기,2026-04-05T08:45:02Z,1676.0,False,167036,1613.0,250.0
5050,UCpnnUKmAQKgVinEV-lV-N2g,프뚜,W8Ea2p9nAnE,사막밖에 없는 세계에서 100일동안 살아남기,2026-04-18T01:00:28Z,1437.0,False,562641,6543.0,523.0
5050,UCpnnUKmAQKgVinEV-lV-N2g,프뚜,PpPphkbzMoA,하드코어에서 엔드섬 통째로 방사능 오염구역으로 바꾸기,2026-04-30T08:15:02Z,1158.0,False,457767,7060.0,791.0
5050,UCpnnUKmAQKgVinEV-lV-N2g,프뚜,jhB1jzCmcTA,하드코어에서 새로운 아기몹 36종 전부 모으기,2026-05-16T02:15:05Z,2006.0,False,249304,4303.0,675.0
5051,UCBHPMXWzZa4RylJ7JbzGsvw,"까꿍이,애개",yGO7NUIWEiE,달밤의 체조를 지켜보는 허스키...,2023-01-12T05:40:34Z,42.0,True,2136,25.0,2.0
5051,UCBHPMXWzZa4RylJ7JbzGsvw,"까꿍이,애개",1AryzBzbwfw,흐즈믈르흐뜨? #shorts,2023-01-18T03:00:00Z,35.0,True,995,18.0,
5051,UCBHPMXWzZa4RylJ7JbzGsvw,"까꿍이,애개",gJzwpKg3NiA,등산하는 개가 있다? #shorts #,2023-01-19T03:00:29Z,60.0,True,2491,34.0,1.0
5051,UCBHPMXWzZa4RylJ7JbzGsvw,"까꿍이,애개",aSbA0Nr0bJs,대형견과 아기가 함께 사는 방법?,2023-01-20T08:00:00Z,229.0,False,21217,133.0,23.0
5051,UCBHPMXWzZa4RylJ7JbzGsvw,"까꿍이,애개",MHCqbbeLLM4,주인이 물구나무를 서ㄴ다..#shorts,2023-01-25T13:00:24Z,46.0,True,2525,33.0,1.0
5051,UCBHPMXWzZa4RylJ7JbzGsvw,"까꿍이,애개",E0hmDJ23G5w,체념스키 #shorts,2023-01-29T13:00:09Z,15.0,True,6258,,2.0
5051,UCBHPMXWzZa4RylJ7JbzGsvw,"까꿍이,애개",5gobU8fbuog,외면스키..#shorts #허스키,2023-02-01T13:00:06Z,11.0,True,7929,65.0,2.0
5051,UCBHPMXWzZa4RylJ7JbzGsvw,"까꿍이,애개",wTn1Kuiz-fY,인생처음으로 오마카세를 가봤는데#shorts,2023-02-02T14:45:46Z,58.0,True,1726,34.0,7.0
5051,UCBHPMXWzZa4RylJ7JbzGsvw,"까꿍이,애개",qcdFSwy1qbs,디스 이즈 스키갬성 #shorts,2023-02-03T13:00:39Z,33.0,True,4878,76.0,5.0
5051,UCBHPMXWzZa4RylJ7JbzGsvw,"까꿍이,애개",Y0CrA_AFUK4,두리안과의 첫만남은 짜릿했다,2023-02-08T13:00:31Z,41.0,True,5980,46.0,8.0
5051,UCBHPMXWzZa4RylJ7JbzGsvw,"까꿍이,애개",MOmTr9R_wko,싫어요 안돼요 #shorts #허스키,2023-02-13T13:00:12Z,34.0,True,3296,46.0,5.0
5051,UCBHPMXWzZa4RylJ7JbzGsvw,"까꿍이,애개",zYJlWI9vnA8,진짜 갑자기? #shorts #육아일상,2023-02-15T13:00:43Z,19.0,True,2571,44.0,4.0
5051,UCBHPMXWzZa4RylJ7JbzGsvw,"까꿍이,애개",nVlPGFfTydo,체념스키2 #허스키 #대형견 #shorts,2023-02-24T13:00:37Z,13.0,True,3772,57.0,2.0
5051,UCBHPMXWzZa4RylJ7JbzGsvw,"까꿍이,애개",KxEIkpZpjn8,왜 님이 놀라세요 #아기 #육아일상 #shorts,2023-03-04T02:57:33Z,22.0,True,3004,47.0,3.0
5051,UCBHPMXWzZa4RylJ7JbzGsvw,"까꿍이,애개",K9f3MOxPSXw,아니왜이래 주인아 #허스키 #대형견 #shorts,2023-03-13T13:00:11Z,31.0,True,4339,64.0,6.0
5051,UCBHPMXWzZa4RylJ7JbzGsvw,"까꿍이,애개",5Cxad1ePf84,잠깐쉬었다 간다는걸 아직도 쉬고있다..... #허스키 #대형견 #dog #cute #shorts,2023-04-03T08:15:39Z,14.0,True,7549,93.0,4.0
5051,UCBHPMXWzZa4RylJ7JbzGsvw,"까꿍이,애개",RfByck-mhJA,(공모전 참여작)  부산 가보고싶은 아지매의꿈,2023-04-12T05:22:06Z,50.0,True,2549,43.0,5.0
5051,UCBHPMXWzZa4RylJ7JbzGsvw,"까꿍이,애개",TR4ojp4oH88,6개월째 쉬고있는 이유... #허스키 #시바견 #진도믹스 #까꿍,2023-05-12T08:41:01Z,61.0,False,4284,55.0,6.0
5051,UCBHPMXWzZa4RylJ7JbzGsvw,"까꿍이,애개",yHm2Cm4JJGE,드럽게 질척거리네 주인.. #허스키 #대형견 #shorts,2023-05-12T23:28:11Z,19.0,True,4436,94.0,3.0
5051,UCBHPMXWzZa4RylJ7JbzGsvw,"까꿍이,애개",lLD8MNCnuUM,저는 이렇게 살고 있습니다 (ㅇㅏㄱㅣ와 대형견 일상),2023-05-23T08:00:18Z,166.0,False,11950,112.0,28.0
5051,UCBHPMXWzZa4RylJ7JbzGsvw,"까꿍이,애개",ydy3OzVZE84,견생난이도가 올라갔습니다,2023-05-31T08:00:33Z,260.0,False,25305,226.0,15.0
5051,UCBHPMXWzZa4RylJ7JbzGsvw,"까꿍이,애개",4nxz_IeFCnU,시바견생 ㅠㅠㅠㅠㅠㅠ#시바견 #shorts,2023-06-02T13:00:06Z,46.0,True,2692,27.0,2.0
5051,UCBHPMXWzZa4RylJ7JbzGsvw,"까꿍이,애개",EDvs3zOf6lU,주인을 이해할수 없는 댕댕이들 모임..,2023-06-20T15:00:10Z,221.0,False,53842,,20.0
5051,UCBHPMXWzZa4RylJ7JbzGsvw,"까꿍이,애개",RjhZ2TUSaY0,우리집 시바견 눈치속도 무엇..?,2023-06-22T15:00:16Z,13.0,True,13824,98.0,5.0
5051,UCBHPMXWzZa4RylJ7JbzGsvw,"까꿍이,애개",XD1y4vAmN-0,나답지않게 감성한스푼 퍼먹음 #까꿍,2023-07-01T15:00:17Z,22.0,True,2286,42.0,5.0
5051,UCBHPMXWzZa4RylJ7JbzGsvw,"까꿍이,애개",xRIvWabA4xg,주인이 위기에 처했다면 허스키 반응은?!?!?,2023-07-05T15:00:44Z,259.0,False,38342,234.0,49.0
5051,UCBHPMXWzZa4RylJ7JbzGsvw,"까꿍이,애개",lEE9xBEuIBo,충견 허스키의 손절 속도 0.5초,2023-07-11T15:00:38Z,30.0,True,6808,63.0,2.0
5051,UCBHPMXWzZa4RylJ7JbzGsvw,"까꿍이,애개",gFyVfw2Zz5s,애국가부르는 허스키와 시바라니?,2023-07-13T15:00:34Z,60.0,True,3904,78.0,4.0
5051,UCBHPMXWzZa4RylJ7JbzGsvw,"까꿍이,애개",jp0s8ZFmuio,주인보다 개가 철들었을ㄸㅐ생기는일 #shorts,2023-07-15T15:00:27Z,46.0,True,7916,117.0,0.0
5051,UCBHPMXWzZa4RylJ7JbzGsvw,"까꿍이,애개",Evs4J7_eCYA,우리주인 제발 좀..,2023-07-18T15:00:16Z,45.0,True,10262,118.0,6.0
5051,UCBHPMXWzZa4RylJ7JbzGsvw,"까꿍이,애개",dkV6NgbnOII,???:저리가서 해라 멍... #대형견 #까꿍 #허스키 #shorts,2023-07-18T15:00:21Z,16.0,True,8237,96.0,5.0
5051,UCBHPMXWzZa4RylJ7JbzGsvw,"까꿍이,애개",ajkVH2_1_Q8,🐺:안본눈사개... ..,2023-09-20T10:39:55Z,11.0,True,29288,337.0,27.0
5051,UCBHPMXWzZa4RylJ7JbzGsvw,"까꿍이,애개",r6IfjmIAk4E,화장 잘먹어서 신난주인과 그렇지못한 허숙희씨,2024-02-28T08:37:59Z,22.0,True,9867,139.0,8.0
5051,UCBHPMXWzZa4RylJ7JbzGsvw,"까꿍이,애개",Y1VWNDehB2A,🐶: 그개 되개ㅆ냐?,2024-07-03T15:08:37Z,54.0,True,6299,89.0,11.0
5051,UCBHPMXWzZa4RylJ7JbzGsvw,"까꿍이,애개",Rjgq8WbQkpU,*볼륨주의* 주인이 시끄러워서 열받은 허스키,2024-07-26T03:47:58Z,55.0,True,4877,67.0,7.0
5051,UCBHPMXWzZa4RylJ7JbzGsvw,"까꿍이,애개",Vl1UBMReIkg,저 딸 육아 잘하고 있는거 맞나요..? #육아브이로그,2024-07-27T09:29:39Z,59.0,True,5108,66.0,10.0
5051,UCBHPMXWzZa4RylJ7JbzGsvw,"까꿍이,애개",96ctvHpSxek,나는 널 사랑하지 않아,2025-01-06T20:58:28Z,36.0,True,4295,73.0,4.0
5051,UCBHPMXWzZa4RylJ7JbzGsvw,"까꿍이,애개",o8ptVubBvgo,2025년 4월 25일,2025-04-25T01:28:51Z,47.0,True,8372,114.0,15.0
5051,UCBHPMXWzZa4RylJ7JbzGsvw,"까꿍이,애개",ooCyCXeom-M,딸 생일 선물 먼저 열어보는 ㅇㅓㅁㅁㅏ집사.. #미니레시피 #cutedog,2025-06-10T03:47:45Z,57.0,True,3232,44.0,11.0
5051,UCBHPMXWzZa4RylJ7JbzGsvw,"까꿍이,애개",AwRbyIzK9no,님이 유튜버 하고 싶으시다면서요 …ㅂㄷㅂㄷ,2025-06-21T07:26:49Z,157.0,False,10815,95.0,42.0
5051,UCBHPMXWzZa4RylJ7JbzGsvw,"까꿍이,애개",9DTHTd7H0yo,4살육아는 이상하다..#육아브이로그,2025-06-21T09:30:53Z,43.0,True,3372,25.0,2.0
5051,UCBHPMXWzZa4RylJ7JbzGsvw,"까꿍이,애개",cske2yd0r18,엄마의 슬픈 생일선물 개봉기…🥹,2025-08-15T06:24:31Z,60.0,True,6709,114.0,5.0
5051,UCBHPMXWzZa4RylJ7JbzGsvw,"까꿍이,애개",mDIWuijD7aY,눈만 뜨고 있으면 돼 #언박싱,2025-08-30T14:05:02Z,27.0,True,4504,33.0,4.0
5051,UCBHPMXWzZa4RylJ7JbzGsvw,"까꿍이,애개",gwyHwFEotBs,화는 나는데 할줄아는 욕이 없네,2025-09-09T14:13:21Z,57.0,True,3438,25.0,5.0
5051,UCBHPMXWzZa4RylJ7JbzGsvw,"까꿍이,애개",0_q184Gd4M4,대문자 F 엄마랑 살아가는 모습이랄까,2025-09-19T11:26:59Z,57.0,True,2403,25.0,3.0
5051,UCBHPMXWzZa4RylJ7JbzGsvw,"까꿍이,애개",0mvRQhWu3Fw,아이랑 목욕하는거 너무 힘두러요!!!!!!😩,2026-03-03T03:00:01Z,204.0,False,2580,57.0,16.0
5051,UCBHPMXWzZa4RylJ7JbzGsvw,"까꿍이,애개",PAdhHYDcuRo,6살 고민상담..귀여운데 어려워😭,2026-03-12T09:00:36Z,256.0,False,1349,25.0,15.0
5051,UCBHPMXWzZa4RylJ7JbzGsvw,"까꿍이,애개",sJM-OVOv8Po,우리집  시바는 덩을 먹어요.. #shibainu,2026-03-15T22:50:30Z,25.0,True,2062,20.0,2.0
5051,UCBHPMXWzZa4RylJ7JbzGsvw,"까꿍이,애개",Wds16sEyHew,그렇게하는거 아니에요 아줌마,2026-03-26T13:06:13Z,11.0,True,1399,10.0,3.0
5051,UCBHPMXWzZa4RylJ7JbzGsvw,"까꿍이,애개",CPpotE42qFM,달밤에 체조하는 주인 입니다,2026-04-09T10:19:18Z,16.0,True,2208,12.0,0.0
5052,UChv_AhkfYyQ2IXYQbKsUWsw,심문규,3QbfingME4A,"식초과자, 까나리과자, 초장과자, 식용유과자, 간장과자",2025-06-10T04:00:10Z,657.0,False,59556,1434.0,122.0
5052,UChv_AhkfYyQ2IXYQbKsUWsw,심문규,zxNmeSvI81U,현제형 패고 싶은 날,2025-06-16T04:01:08Z,490.0,False,67479,1562.0,280.0
5052,UChv_AhkfYyQ2IXYQbKsUWsw,심문규,lwE4sK5fR5Q,현제형 하고 싶은 대로 다하는 날,2025-06-24T04:00:51Z,756.0,False,94728,1750.0,352.0
5052,UChv_AhkfYyQ2IXYQbKsUWsw,심문규,WlzMKKWtJuY,Ai로 만든 나라별 모델 #ai,2025-06-27T10:48:39Z,15.0,True,23658,130.0,34.0
5052,UChv_AhkfYyQ2IXYQbKsUWsw,심문규,auan3eHZVDY,인생은 타이밍,2025-07-05T04:00:05Z,564.0,False,49889,1263.0,204.0
5052,UChv_AhkfYyQ2IXYQbKsUWsw,심문규,8w4RdDX6tz4,초록이형 뜨거운 음식 먹이고 냉수마찰 시키기,2025-07-16T04:00:10Z,487.0,False,58936,1501.0,127.0
5052,UChv_AhkfYyQ2IXYQbKsUWsw,심문규,u0i0nabb5o8,최고의 발성가는?,2025-07-22T09:01:19Z,604.0,False,45766,1124.0,99.0
5052,UChv_AhkfYyQ2IXYQbKsUWsw,심문규,ZONXKAn2KCo,자고 일어나니 이 몸에 들어와있었습니다,2025-08-07T03:00:40Z,557.0,False,49994,1126.0,171.0
5052,UChv_AhkfYyQ2IXYQbKsUWsw,심문규,5UWd9N7so00,안녕하세요 심문규입니다,2025-11-09T03:00:16Z,423.0,False,48191,1105.0,288.0
5052,UChv_AhkfYyQ2IXYQbKsUWsw,심문규,kMchLuC9m6s,빼빼로 주고 싶은 친구에게 공유 #도자기 #빼빼로,2025-11-11T04:48:30Z,29.0,True,21761,300.0,110.0
5052,UChv_AhkfYyQ2IXYQbKsUWsw,심문규,ICwj_SyiG4I,크리스마스 브이로그으 🎄,2025-12-25T11:09:46Z,571.0,False,11070,305.0,87.0
5052,UChv_AhkfYyQ2IXYQbKsUWsw,심문규,4qSwmfnyMvk,이모지 ASMR / 원하는 이모티콘을 적어주세요,2026-01-09T08:00:05Z,56.0,True,4542,50.0,12.0
5052,UChv_AhkfYyQ2IXYQbKsUWsw,심문규,nexCt-_fwKk,[심문규의 술게임 EP.1],2026-02-13T09:01:13Z,1226.0,False,11476,315.0,95.0
5052,UChv_AhkfYyQ2IXYQbKsUWsw,심문규,rVI0iTBAuRs,술자리 자리선정 게임 #게임,2026-02-14T04:00:46Z,47.0,True,11590,34.0,0.0
5052,UChv_AhkfYyQ2IXYQbKsUWsw,심문규,t4CVFyG0qLg,사물 훈민정음 술게임 #술게임 #게임,2026-02-15T04:00:44Z,59.0,True,11246,59.0,2.0
5052,UChv_AhkfYyQ2IXYQbKsUWsw,심문규,P-ky7GpGGYU,천재 3·6·9 게임 #게임 #술게임,2026-02-16T04:00:26Z,60.0,True,3546,26.0,2.0
5052,UChv_AhkfYyQ2IXYQbKsUWsw,심문규,OSnzOV7tZPs,[심술게임 EP.2] 김유이 고말숙 유영우,2026-02-20T09:00:27Z,1162.0,False,8705,216.0,68.0
5052,UChv_AhkfYyQ2IXYQbKsUWsw,심문규,BouQwZl_xvg,본격 김유이 고말숙 꼬시기,2026-02-21T08:01:51Z,59.0,True,15508,76.0,7.0
5052,UChv_AhkfYyQ2IXYQbKsUWsw,심문규,9kjLa32SILU,무야호vs단소살인마vs유해진vs엄태구vs짱구vs도라에몽,2026-02-22T09:00:12Z,51.0,True,2919,16.0,1.0
5052,UChv_AhkfYyQ2IXYQbKsUWsw,심문규,3V4LZc-LlEw,예술로 승화 시킨 도자기 장인 #도자기,2026-02-24T08:00:04Z,24.0,True,11136,99.0,34.0
5052,UChv_AhkfYyQ2IXYQbKsUWsw,심문규,1faQlX_tpMM,똥쌀때 이런 적 있다? #똥감대,2026-02-25T08:00:06Z,23.0,True,10628,38.0,8.0
5052,UChv_AhkfYyQ2IXYQbKsUWsw,심문규,aYxJkIzxeRM,유영우 여자친구 공개 #최초공개,2026-02-26T08:00:01Z,37.0,True,21507,95.0,9.0
5052,UChv_AhkfYyQ2IXYQbKsUWsw,심문규,9GuNlU3zccA,[심술게임 EP.3] 임우일 김승혜 홍다영,2026-02-27T08:00:11Z,1112.0,False,6814,163.0,45.0
5052,UChv_AhkfYyQ2IXYQbKsUWsw,심문규,nWQTVJ4dt2w,광고 시뮬레이션 하는 우일이형,2026-03-02T04:00:41Z,33.0,True,25262,92.0,1.0
5052,UChv_AhkfYyQ2IXYQbKsUWsw,심문규,XmfyJ81Ni5E,우리집에서 넷플릭스 보고 갈래?,2026-03-03T08:00:37Z,35.0,True,10584,55.0,3.0
5052,UChv_AhkfYyQ2IXYQbKsUWsw,심문규,DdW4MwJX0Qg,우일이형의 결혼설,2026-03-04T08:00:12Z,30.0,True,9995,61.0,2.0
5052,UChv_AhkfYyQ2IXYQbKsUWsw,심문규,mPnutKOF7ao,[심술게임 EP.4] 이재율 히츄 권예슬 김태길,2026-03-06T08:00:59Z,1172.0,False,7584,181.0,63.0
5052,UChv_AhkfYyQ2IXYQbKsUWsw,심문규,4EiDK5Xd_AA,대리는 역시 서영락대리,2026-03-07T06:00:02Z,31.0,True,19138,86.0,8.0
5052,UChv_AhkfYyQ2IXYQbKsUWsw,심문규,DmMSG8mo7aA,이재율식 플러팅,2026-03-08T04:00:11Z,19.0,True,19706,100.0,7.0
5052,UChv_AhkfYyQ2IXYQbKsUWsw,심문규,ORe2IiXNTGY,턱압프레스 게임,2026-03-10T10:30:25Z,58.0,True,22306,102.0,10.0
5052,UChv_AhkfYyQ2IXYQbKsUWsw,심문규,WIqOf78zezs,턱압프레스 포크 누르기,2026-03-11T08:00:36Z,58.0,True,6115,34.0,4.0
5052,UChv_AhkfYyQ2IXYQbKsUWsw,심문규,YXrLvB6B_6Q,이재율 NEW 개인기,2026-03-13T04:00:39Z,40.0,True,27856,112.0,3.0
5052,UChv_AhkfYyQ2IXYQbKsUWsw,심문규,JzrdAdl-DlE,[심술게임 EP.5] 조훈 한세린 안성례 김태길,2026-03-13T08:00:31Z,1244.0,False,7394,153.0,44.0
5052,UChv_AhkfYyQ2IXYQbKsUWsw,심문규,oDZK7bPGHqY,조훈식 건배사,2026-03-14T04:00:49Z,38.0,True,12667,52.0,6.0
5052,UChv_AhkfYyQ2IXYQbKsUWsw,심문규,c63vV8OrL3Q,[심술게임 EP.6] 자칭 마포구 윤두준 둘기,2026-03-20T08:00:42Z,1308.0,False,17544,409.0,188.0
5052,UChv_AhkfYyQ2IXYQbKsUWsw,심문규,w0ZMcB634u8,둘기의 정치색 논란,2026-03-21T05:00:52Z,36.0,True,27800,72.0,11.0
5052,UChv_AhkfYyQ2IXYQbKsUWsw,심문규,R8gc1JCPm2M,헌팅하는 윤두준,2026-03-22T05:00:32Z,19.0,True,33936,85.0,20.0
5052,UChv_AhkfYyQ2IXYQbKsUWsw,심문규,ftPsj1dECSw,둘기가 살아오며 해본 키스 횟수는?,2026-03-24T07:00:30Z,33.0,True,22021,74.0,3.0
5052,UChv_AhkfYyQ2IXYQbKsUWsw,심문규,lJ8geBGJjRA,키스 후 스윗한 멘트,2026-03-25T04:00:42Z,51.0,True,7809,41.0,5.0
5052,UChv_AhkfYyQ2IXYQbKsUWsw,심문규,-b1U2Tb8U0w,[심술게임 EP.7] 구정모 장혜지 양희선 김태길,2026-03-27T09:00:00Z,1221.0,False,5547,117.0,63.0
5052,UChv_AhkfYyQ2IXYQbKsUWsw,심문규,RddJEDm_Gaw,CF 게임,2026-03-28T08:00:00Z,59.0,True,6851,24.0,0.0
5052,UChv_AhkfYyQ2IXYQbKsUWsw,심문규,7-5JCjEn0RA,[심술게임 만우절] 능력돼지 서현제,2026-04-01T05:00:00Z,1296.0,False,43212,1069.0,299.0
5052,UChv_AhkfYyQ2IXYQbKsUWsw,심문규,IsauXGgQ2os,저는 지금부터 15일 안에 이 사람을 연애시키겠습니다,2026-04-12T03:00:20Z,623.0,False,53013,1223.0,442.0
5052,UChv_AhkfYyQ2IXYQbKsUWsw,심문규,o10fsDD50ww,15일 안에 연애시키기 (운동편),2026-04-15T09:01:12Z,591.0,False,53452,1372.0,362.0
5052,UChv_AhkfYyQ2IXYQbKsUWsw,심문규,vYM3ZvV8t78,15일 안에 연애시키기 (패션편),2026-04-19T08:30:34Z,809.0,False,41593,983.0,416.0
5052,UChv_AhkfYyQ2IXYQbKsUWsw,심문규,ks9cTha1GV0,현제형 연애시키기 아바타 소개팅 (화법편),2026-04-23T08:01:00Z,862.0,False,41213,967.0,214.0
5052,UChv_AhkfYyQ2IXYQbKsUWsw,심문규,Sp-lZMSQTcY,현제형 머리를 정리해서 연애시키,2026-04-26T04:00:35Z,437.0,False,37156,890.0,209.0
5052,UChv_AhkfYyQ2IXYQbKsUWsw,심문규,TA6Nn5VqyHQ,현제형 소개팅하는 날,2026-05-02T04:45:02Z,1123.0,False,57302,1346.0,761.0
5052,UChv_AhkfYyQ2IXYQbKsUWsw,심문규,mGY_PL5XHZM,쩝쩝이형 쩝쩝이로 거울 치료해주기,2026-05-08T09:01:18Z,487.0,False,76066,1908.0,502.0
5052,UChv_AhkfYyQ2IXYQbKsUWsw,심문규,pgjIVeLm7VM,레몬 챌린지로 시작해서 10만원 훔친 도둑잡기로 마무리,2026-05-13T11:01:12Z,1530.0,False,41987,1303.0,242.0
5053,UClJ9CeMHx3ypdPckkYTobEA,일본인스타시오리しおり,qsiGVKoGW-Y,한국에 살아본 일본인이 말하는 솔직한 장단점! 4개월 차VS 10년차 의견은...?,2023-09-08T16:17:10Z,801.0,False,26708,1213.0,50.0
5053,UClJ9CeMHx3ypdPckkYTobEA,일본인스타시오리しおり,A52N_4peHys,일본인이 실물 박서준씨 BTS뷔씨 본 반응 #shorts #외국인반응 #박서준,2023-09-15T10:34:13Z,58.0,True,35177,769.0,14.0
5053,UClJ9CeMHx3ypdPckkYTobEA,일본인스타시오리しおり,pSzLORDf-yc,일본인인 제가 한국 카지노에서 VIP대우를 받아봤습니다,2023-09-22T11:00:51Z,816.0,False,22371,594.0,69.0
5053,UClJ9CeMHx3ypdPckkYTobEA,일본인스타시오리しおり,XvtGwMHoGY4,일본인)한국인의 특기를 알아냈습니다(feat.오오기),2023-10-06T14:59:50Z,288.0,False,17793,708.0,31.0
5053,UClJ9CeMHx3ypdPckkYTobEA,일본인스타시오리しおり,tH4mANqPCzU,스토커때문에 한국에 온 일본인인 저의 스토리 #자기애성성격장애 #스토커 #일본인,2023-10-16T22:30:06Z,560.0,False,32112,1779.0,157.0
5053,UClJ9CeMHx3ypdPckkYTobEA,일본인스타시오리しおり,juK_msVogSA,한국인인 줄 알고 헌팅하러 온 몽골 남성이...#외국인반응 #일본인 #생방송,2023-10-30T15:36:18Z,588.0,False,57931,1570.0,213.0
5053,UClJ9CeMHx3ypdPckkYTobEA,일본인스타시오리しおり,RW-ydvXq5Us,한국인이 일본 술집에서 바가지 안 당하기 위한 팁 3가지,2023-11-22T13:57:55Z,559.0,False,13660,749.0,61.0
5053,UClJ9CeMHx3ypdPckkYTobEA,일본인스타시오리しおり,vzaYu9RTJTg,한국인이 일본에서 바가지 안 당하기 위한 팁 3가지,2023-11-27T10:44:08Z,56.0,True,23508,729.0,26.0
5053,UClJ9CeMHx3ypdPckkYTobEA,일본인스타시오리しおり,SPzdyRQiINM,【레전드】리액션이 일본 예능인 일본인 호스트ㄷㄷ #일본예능 #호스트 #일본인,2024-01-19T10:00:20Z,605.0,False,10344,260.0,19.0
5053,UClJ9CeMHx3ypdPckkYTobEA,일본인스타시오리しおり,zEfOMmIM_CA,"한국 ""매운맛""을 만만하게 본 일본인의 결말 #외국인반응 #shorts #일본인",2024-01-19T23:00:41Z,60.0,True,45501,1459.0,111.0
5053,UClJ9CeMHx3ypdPckkYTobEA,일본인스타시오리しおり,X-n5j_4rg0o,이순신 영화보고 눈물 흘렸다는 일본인ㄷㄷ #외국인반응 #shorts #일본인,2024-01-20T20:11:34Z,53.0,True,522364,12724.0,718.0
5053,UClJ9CeMHx3ypdPckkYTobEA,일본인스타시오리しおり,xvnUpHSAFgI,"일본 친구들이 신기해하는 ""한국 커피 문화""와 ""지진"" #일본인 #외국인반응 #일본",2024-01-25T22:00:24Z,522.0,False,52496,1071.0,130.0
5053,UClJ9CeMHx3ypdPckkYTobEA,일본인스타시오리しおり,MekasvuX5TY,"일본인들이 헬조선 따라해서 ""헬재팬""이라 하는 이유 #일본인 #외국인반응 #일본",2024-02-09T15:58:44Z,383.0,False,72843,3321.0,452.0
5053,UClJ9CeMHx3ypdPckkYTobEA,일본인스타시오리しおり,1lFNZUhSPLg,일본여자는 일본 남자의 사자머리 어떻게 생각해요? #외국인반응 #shorts #일본인,2024-02-13T23:00:01Z,60.0,True,23409,694.0,35.0
5053,UClJ9CeMHx3ypdPckkYTobEA,일본인스타시오리しおり,8bo6N3C13Lc,일본인에 오사카 사람을 싫어하는 이유를 물어봤다 #일본인 #시오리 #일본반응,2024-02-14T22:30:01Z,452.0,False,910820,15754.0,2368.0
5053,UClJ9CeMHx3ypdPckkYTobEA,일본인스타시오리しおり,hxiS3J4qBfs,"일본 남성 ""한국 남녀 갈등이 일본 미래 모습이다""하는  이유",2024-02-22T10:26:51Z,478.0,False,60528,2254.0,825.0
5053,UClJ9CeMHx3ypdPckkYTobEA,일본인스타시오리しおり,0F_b7d3WvnQ,한국인이 보면 답답해죽는 행동  #외국인반응 #shorts #일본인,2024-02-28T15:25:05Z,55.0,True,18568,440.0,48.0
5053,UClJ9CeMHx3ypdPckkYTobEA,일본인스타시오리しおり,MPMh8nn5QlM,일본인)오타니 선수의 아내뿐이 아니라 궁금해지는 어머니 정체 #일본인 #야구 #일본반응,2024-02-29T12:39:43Z,54.0,True,35037,854.0,30.0
5053,UClJ9CeMHx3ypdPckkYTobEA,일본인스타시오리しおり,XUUZajIi8as,인터뷰중 갑자기 한국인에게 사죄하고 싶다는 일본 목사 #일본인 #일본 #외국인반응,2024-03-01T04:19:16Z,60.0,True,14995,1016.0,94.0
5053,UClJ9CeMHx3ypdPckkYTobEA,일본인스타시오리しおり,XB0p2fa-cAc,일본인인 제가 한국에 와서 D컵→ A컵이 됐습니다...,2024-03-07T10:57:07Z,502.0,False,838508,9808.0,1706.0
5053,UClJ9CeMHx3ypdPckkYTobEA,일본인스타시오리しおり,rtXKesVPkmg,"저는 가출 소녀 ""토요코 키즈""였습니다. #일본인 #시오리 #일본반응",2024-03-13T14:38:46Z,562.0,False,41267,1368.0,76.0
5053,UClJ9CeMHx3ypdPckkYTobEA,일본인스타시오리しおり,biWobjkLh0o,"일본 맥도날드 ""사무라이 버거"" vs 롯데리아 신버전 ""젯데리아""!? #일본인 #일본여행 #젯데리아",2024-04-15T11:58:21Z,60.0,True,12638,224.0,12.0
5053,UClJ9CeMHx3ypdPckkYTobEA,일본인스타시오리しおり,o42o0bngnnI,일본에서 아저씨취급 받는 문장 특징 #일본인 #시오리 #외국인반응,2024-04-19T15:16:12Z,51.0,True,38786,838.0,36.0
5053,UClJ9CeMHx3ypdPckkYTobEA,일본인스타시오리しおり,dmbdZK-K8Y0,"고양이 ”츄르“의 회장, 땅콩 공주보다 심한 여왕놀이 #일본인 #해외반응 #고양이",2024-04-22T19:31:52Z,57.0,True,53334,950.0,56.0
5053,UClJ9CeMHx3ypdPckkYTobEA,일본인스타시오리しおり,ViyDgkSM9pY,일본 호스트가 악의 근원이라 볼 수 없는 이유 #일본인 #시오리,2024-04-25T14:08:18Z,913.0,False,59838,1312.0,126.0
5053,UClJ9CeMHx3ypdPckkYTobEA,일본인스타시오리しおり,6U-gojmEueo,한국어랑 비슷한 일본어 단어를 구사하며 일본어 천재인 척하는 법  #외국인반응 #일본어 #일본인,2024-05-11T06:34:37Z,43.0,True,249500,6473.0,716.0
5053,UClJ9CeMHx3ypdPckkYTobEA,일본인스타시오리しおり,ucGpktXhR6Q,"일본 인터넷으로 요새 ""규슈남성 혐오""가 이슈인 이유 #일본인 #해외반응 #일본",2024-05-14T14:07:04Z,404.0,False,38549,1495.0,270.0
5053,UClJ9CeMHx3ypdPckkYTobEA,일본인스타시오리しおり,gz0PnMJ8b1Q,한국 남자랑 연애하는 일본 여자들의 유형 #일본인 #시오리 #외국인반응,2024-05-23T13:35:01Z,811.0,False,125658,3468.0,337.0
5053,UClJ9CeMHx3ypdPckkYTobEA,일본인스타시오리しおり,b5gh_TV2jHM,라인 지분 매각 논란에 일본을 격렬하게 비판한 인기 일본 유튜버,2024-06-06T08:44:12Z,474.0,False,14956,834.0,153.0
5053,UClJ9CeMHx3ypdPckkYTobEA,일본인스타시오리しおり,C7JcUkkkP14,한국 10년째 vs 4개월째 일본인이 말하는 한국 생활 #외국인반응 #일본인 #시오리,2024-06-12T10:28:00Z,48.0,True,9330,236.0,8.0
5053,UClJ9CeMHx3ypdPckkYTobEA,일본인스타시오리しおり,vNpcaPO06H4,일본인인 제가 죽어도 한국 국뽕을 못 했던 이유  #일본인 #시오리,2024-06-25T19:46:56Z,1059.0,False,63657,4032.0,1095.0
5053,UClJ9CeMHx3ypdPckkYTobEA,일본인스타시오리しおり,PEkAcg1BEWU,일본 버블 경제에서 살아남은 긴자의 여왕들: 고급 술집에 나이 많은 아가씨  많은 이유  #일본인 #시오리 #긴자,2024-07-24T09:00:19Z,683.0,False,11031,349.0,19.0
5053,UClJ9CeMHx3ypdPckkYTobEA,일본인스타시오리しおり,NSZDpZboc1A,요새 일본 네티즌들이 중국인보다 문제시하는 한 민족  #일본인 #시오리,2024-08-07T09:03:06Z,401.0,False,85675,2230.0,503.0
5053,UClJ9CeMHx3ypdPckkYTobEA,일본인스타시오리しおり,zcT2swsJVp8,"역대 처음 일본에 공식적으로 ""대규모 지진"" 경고...# 일본인 #일본뉴스 #시오리",2024-08-08T15:58:40Z,384.0,False,31874,1634.0,137.0
5053,UClJ9CeMHx3ypdPckkYTobEA,일본인스타시오리しおり,GAKBsoEC04E,일본인도 가슴 아파한 사이판 위령탑 #일본인 #시오리 #일본반응,2024-08-30T03:03:55Z,60.0,True,9922,340.0,18.0
5053,UClJ9CeMHx3ypdPckkYTobEA,일본인스타시오리しおり,lmz2lnusBsE,한국인이 사이판 현지바에서 강남스타일 부른 결과 ...#일본인 #사이판여행 #해외반응,2024-09-03T10:40:52Z,60.0,True,6172,158.0,4.0
5053,UClJ9CeMHx3ypdPckkYTobEA,일본인스타시오리しおり,PgHSvy3KWC0,다음 일본 총리 이시바를 만난 적이 있었어요…,2024-09-28T09:45:01Z,760.0,False,18753,1026.0,148.0
5053,UClJ9CeMHx3ypdPckkYTobEA,일본인스타시오리しおり,rUg0N6O9sxE,한국인 성씨 일본식 발음으로 읽어보면...? #일본인 #일본어 #일본어공부 #1hour,2024-10-07T08:49:08Z,52.0,True,16876,514.0,30.0
5053,UClJ9CeMHx3ypdPckkYTobEA,일본인스타시오리しおり,JFElbnTQcVA,한국 온 일본인들에게 롯데마트 과자 선물해봤더니... #해외반응 #해외선물 #일본인반응,2024-10-08T11:00:18Z,672.0,False,26397,1089.0,70.0
5053,UClJ9CeMHx3ypdPckkYTobEA,일본인스타시오리しおり,belubm1r6i0,일본인이 한국 초밥을 포기한 이유 #일본인 #해외반응 #시오리,2024-10-24T09:30:13Z,41.0,True,31997,990.0,63.0
5053,UClJ9CeMHx3ypdPckkYTobEA,일본인스타시오리しおり,dZBAKIajzIM,한국인에 이어 독일인도 일본에서 실종됐습니다 #일본인 #일본뉴스,2024-10-30T14:17:09Z,544.0,False,114621,2323.0,351.0
5053,UClJ9CeMHx3ypdPckkYTobEA,일본인스타시오리しおり,IGPRSDpm5f4,일본인이 가르치는 1분 왕초보 일본어　#일본어 #일본어공부 #일본어회화,2024-12-19T11:29:52Z,62.0,False,9493,459.0,22.0
5053,UClJ9CeMHx3ypdPckkYTobEA,일본인스타시오리しおり,tWdr6JuuusQ,현재 일본에서 야하다고 논쟁이 된 CF! #일본인#일본뉴스 #쇼츠,2025-02-19T11:04:19Z,108.0,False,48005,1619.0,218.0
5053,UClJ9CeMHx3ypdPckkYTobEA,일본인스타시오리しおり,tgKsY-KHVpg,일본인이 알려준 현지인과 친해지는 일본말 #일본인 #일본어 #시오리,2025-03-15T06:58:22Z,57.0,True,26319,932.0,38.0
5053,UClJ9CeMHx3ypdPckkYTobEA,일본인스타시오리しおり,Joyq9uel-wk,"일본 총리 후보 코이즈미, 영어 & 주작 논란에 휩싸인 이유　#일본반응 #펀쿨섹좌",2025-10-02T14:06:37Z,127.0,False,29667,1134.0,55.0
5053,UClJ9CeMHx3ypdPckkYTobEA,일본인스타시오리しおり,s6CXDrdAY-E,일본에서 퍼지는 “한국 위험하다“는 분위기…,2025-11-08T10:40:57Z,681.0,False,33772,2475.0,651.0
5053,UClJ9CeMHx3ypdPckkYTobEA,일본인스타시오리しおり,f_LOlfhlNOI,일본 연프에 나온 일진들의 일본어 #불량연애 #일본어 #연프,2025-12-17T14:34:36Z,68.0,False,35634,811.0,20.0
5053,UClJ9CeMHx3ypdPckkYTobEA,일본인스타시오리しおり,fuhcIhpjWYQ,일본 여행시 지옥철에 조심해야 할 이유 #일본여행 #일본인 #일본뉴스,2026-02-11T10:08:34Z,71.0,False,986269,12117.0,358.0
5053,UClJ9CeMHx3ypdPckkYTobEA,일본인스타시오리しおり,z_WO01wzWiQ,촌스러운 일본 사투리 VS 세련된 일본 사투리  #일본인 #일본말 #일본어,2026-02-12T09:10:42Z,67.0,False,28749,1014.0,42.0
5053,UClJ9CeMHx3ypdPckkYTobEA,일본인스타시오리しおり,4PZ9ekajDaY,일본 고기덮밥집은 여성이 가면 안된다고!? 진실은...#일본인 #일본뉴스 #팩트체크,2026-02-13T09:16:00Z,88.0,False,19544,791.0,36.0
5054,UCNBfRyC9khKV79vL0srqqWA,장성규니버스 K-universe,DAFAn-316k0,[SUB] 어른들은 돈 생기면 도대체 어디에 씀? | 장대김장박 EP.4,2023-09-14T09:00:11Z,722.0,False,54241,897.0,
5054,UCNBfRyC9khKV79vL0srqqWA,장성규니버스 K-universe,OPtZg4BvYHM,장성규가 어른이 되고 싶었던 이유 #Shorts,2023-09-15T09:00:16Z,60.0,True,17363,434.0,9.0
5054,UCNBfRyC9khKV79vL0srqqWA,장성규니버스 K-universe,MOHd8fIcSOc,[SUB] 아들아... 이게 어떻게 된 건지 설명 좀 해줄래? | 장대김장박 EP.5,2023-09-21T09:00:15Z,780.0,False,110549,1169.0,
5054,UCNBfRyC9khKV79vL0srqqWA,장성규니버스 K-universe,SJLoI-b5oNE,장성규 아들 성적표 최초 공개 #shorts,2023-09-22T09:00:31Z,41.0,True,31540,735.0,10.0
5054,UCNBfRyC9khKV79vL0srqqWA,장성규니버스 K-universe,QQ3ERoM-3bs,요즘 초딩들이 다같이 자퇴(?)하는 방법 #shorts,2023-09-23T09:00:28Z,57.0,True,23573,331.0,6.0
5054,UCNBfRyC9khKV79vL0srqqWA,장성규니버스 K-universe,Atq7Lq8uf3U,결혼 전까지 숨기고 있던 장성규의 비밀 | 맛.있.다 EP.2,2023-09-28T09:00:06Z,663.0,False,39226,549.0,
5054,UCNBfRyC9khKV79vL0srqqWA,장성규니버스 K-universe,XCAHJNT-4Oo,프로방송인 다 된 장성규 아들 #Shorts,2023-09-29T09:00:18Z,56.0,True,41361,798.0,7.0
5054,UCNBfRyC9khKV79vL0srqqWA,장성규니버스 K-universe,xRjqtxBi0kY,하준이도 반한 농사의 매력😍,2023-10-05T09:00:41Z,621.0,False,17638,343.0,
5054,UCNBfRyC9khKV79vL0srqqWA,장성규니버스 K-universe,sk1_bqETTCY,장성규 : 제 아내는 요리를 못 해요 #shorts,2023-10-06T09:00:42Z,43.0,True,7352,137.0,5.0
5054,UCNBfRyC9khKV79vL0srqqWA,장성규니버스 K-universe,OFGi_N1Wjvk,"고추 따다 말고, 갑자기 서열 정리 #shorts",2023-10-07T09:00:17Z,19.0,True,10280,166.0,6.0
5054,UCNBfRyC9khKV79vL0srqqWA,장성규니버스 K-universe,MCz4bvn-SQ4,[SUB] 삼촌 그래서 그거 어떻게 하는 거예요? | 장대김장박 EP.6,2023-10-12T09:00:11Z,990.0,False,55010,850.0,
5054,UCNBfRyC9khKV79vL0srqqWA,장성규니버스 K-universe,HR2KrjNXiKo,마술 가짜 아니에요?  #shorts,2023-10-13T09:00:10Z,59.0,True,6820,139.0,8.0
5054,UCNBfRyC9khKV79vL0srqqWA,장성규니버스 K-universe,kpOfTcspyNg,최현우 삼촌🤤 동안 마술 어떻게 함요? #shorts,2023-10-16T09:00:29Z,59.0,True,573810,16874.0,59.0
5054,UCNBfRyC9khKV79vL0srqqWA,장성규니버스 K-universe,wV4PnJoRDOU,"누구나 한 번쯤은 경험했을 ""급똥 현상💩"" | 장대김장박 EP.7",2023-10-19T09:00:39Z,701.0,False,39831,491.0,
5054,UCNBfRyC9khKV79vL0srqqWA,장성규니버스 K-universe,Qx6ynt1myXc,휴지 없을 때 급똥 해결법 #shorts,2023-10-20T09:00:17Z,45.0,True,9717,122.0,3.0
5054,UCNBfRyC9khKV79vL0srqqWA,장성규니버스 K-universe,M5uLE8ssvbg,장성규 귀에서 피나게 한 잼민이들 #shorts,2023-10-21T09:00:24Z,53.0,True,7161,143.0,3.0
5054,UCNBfRyC9khKV79vL0srqqWA,장성규니버스 K-universe,Eu-NOC3-VLE,[SUB] 초등학생 단둘이 에버랜드🎠 근데 갑자기 탑승 거부...?,2023-10-26T09:00:06Z,783.0,False,373364,2633.0,
5054,UCNBfRyC9khKV79vL0srqqWA,장성규니버스 K-universe,0QCVoXlcwGg,놀이공원 와서 놀이기구 거부 선언 #shorts,2023-10-27T09:08:34Z,38.0,True,11746,186.0,4.0
5054,UCNBfRyC9khKV79vL0srqqWA,장성규니버스 K-universe,_o8olce4KWc,머리 언제 감음? #shorts,2023-10-29T05:00:24Z,42.0,True,113197,2112.0,24.0
5054,UCNBfRyC9khKV79vL0srqqWA,장성규니버스 K-universe,uGRHZ9HiEsI,[SUB] T 익스프레스 타다가 진짜 기절했습니다......🎢,2023-11-02T09:00:39Z,690.0,False,482144,3294.0,
5054,UCNBfRyC9khKV79vL0srqqWA,장성규니버스 K-universe,LVPQgo0zt7A,T 익스 타다가 기절한 장성규 아들 #shorts,2023-11-03T09:00:14Z,59.0,True,1482414,32970.0,
5054,UCNBfRyC9khKV79vL0srqqWA,장성규니버스 K-universe,w7Ndc2o3Dvw,국내 최초 뒤로 떨어지는 놀이기구 #shorts,2023-11-04T03:00:27Z,59.0,True,7613,131.0,5.0
5054,UCNBfRyC9khKV79vL0srqqWA,장성규니버스 K-universe,GCudkj-7-ss,요즘 잼민이 말싸움 특 #shorts,2023-11-07T09:00:10Z,35.0,True,18932,487.0,8.0
5054,UCNBfRyC9khKV79vL0srqqWA,장성규니버스 K-universe,Qp3oKOvWVaM,[SUB] 애들 앞에서 싸우면 안 되는 이유 ★전국 부모님들 필수 시청★ | 장대김장박 EP.8,2023-11-09T09:00:26Z,605.0,False,52201,804.0,
5054,UCNBfRyC9khKV79vL0srqqWA,장성규니버스 K-universe,qAcYqvzyeuI,부모님은 거짓말하면 절대 안됨 #shorts,2023-11-13T09:00:40Z,59.0,True,13947,344.0,5.0
5054,UCNBfRyC9khKV79vL0srqqWA,장성규니버스 K-universe,ZQSZp4zpJoI,아이들은 어른들 보고 배움 #shorts,2023-11-14T09:00:33Z,59.0,True,8793,183.0,6.0
5054,UCNBfRyC9khKV79vL0srqqWA,장성규니버스 K-universe,1CYh0g137Kk,맞히라고 낸 문제를 틀려버리는 클라쓰  | 장대김장박 EP.9,2023-11-16T09:00:01Z,1220.0,False,53142,603.0,
5054,UCNBfRyC9khKV79vL0srqqWA,장성규니버스 K-universe,xchlAd-NH74,뉴진스... 누구시더라? #shorts,2023-11-17T09:00:50Z,30.0,True,10233,176.0,7.0
5054,UCNBfRyC9khKV79vL0srqqWA,장성규니버스 K-universe,30snKNKJ9R0,BTS 멤버 이름을 몰라? #shorts,2023-11-18T09:00:02Z,37.0,True,12858,225.0,
5054,UCNBfRyC9khKV79vL0srqqWA,장성규니버스 K-universe,dDB_v-2ZqAE,"일진에게 잡힌다면? / 학원, 꼭 가야할까? / 해병대 캠프 vs 청학동 | 장대김장박 EP.10",2023-11-23T09:00:24Z,594.0,False,23759,382.0,
5054,UCNBfRyC9khKV79vL0srqqWA,장성규니버스 K-universe,Ny2uYxtWvxA,데이비드... 뭐라고요...? #shorts,2023-11-24T09:00:15Z,46.0,True,6798,128.0,
5054,UCNBfRyC9khKV79vL0srqqWA,장성규니버스 K-universe,tRlfqYOKHgs,해병대 캠프 vs 청학동 예절학교 #shorts,2023-11-25T05:00:28Z,59.0,True,19201,212.0,9.0
5054,UCNBfRyC9khKV79vL0srqqWA,장성규니버스 K-universe,TlOhiXjMeSg,"장성규 아들(장하준 군, 만9세) 컵 쌓기 한국 랭킹 도전...! 펄럭 🇰🇷 | 맛.있.다 EP.3",2023-11-30T09:00:30Z,825.0,False,36702,482.0,
5054,UCNBfRyC9khKV79vL0srqqWA,장성규니버스 K-universe,aSIqosv0FDc,"성규 초중고 생활기록부 최초 공개 ""아빠 어렸을 때 착했다며""",2023-12-07T09:00:01Z,583.0,False,27127,394.0,
5054,UCNBfRyC9khKV79vL0srqqWA,장성규니버스 K-universe,7LybRsDmksA,다들 생활기록부 뭐라고 적혀있음? #shorts,2023-12-09T05:00:05Z,59.0,True,14627,195.0,
5054,UCNBfRyC9khKV79vL0srqqWA,장성규니버스 K-universe,qioviUUp-CQ,🔥하준vs예준🔥 한판 붙어? 사이 좋은 형제는 옛말ㅋ,2023-12-14T09:00:38Z,651.0,False,42373,532.0,
5054,UCNBfRyC9khKV79vL0srqqWA,장성규니버스 K-universe,QhwF8SVTeog,예준아 제발...😱 하준이 살려😭 #shorts,2023-12-15T09:00:17Z,28.0,True,15871,325.0,
5054,UCNBfRyC9khKV79vL0srqqWA,장성규니버스 K-universe,PV9WREwWra4,🎉사랑하는 사람들과 연말 파티🎉 근데 이제 두 아들을 곁들인...,2023-12-20T09:00:16Z,755.0,False,28635,437.0,
5054,UCNBfRyC9khKV79vL0srqqWA,장성규니버스 K-universe,X8gpCBxDJKo,장성규 아들 인성 그 뒷이야기 #shorts,2023-12-21T09:00:31Z,53.0,True,8485,157.0,
5054,UCNBfRyC9khKV79vL0srqqWA,장성규니버스 K-universe,o7mrbZqWg4c,둘째 아들 때문에 결국 폭발한 장성규 #shorts,2023-12-22T09:00:38Z,48.0,True,11369,201.0,
5054,UCNBfRyC9khKV79vL0srqqWA,장성규니버스 K-universe,zBX1rAfgpt0,장성규 카드 들고 쇼핑 간 하준💸💸,2023-12-28T09:00:46Z,637.0,False,115506,1185.0,
5054,UCNBfRyC9khKV79vL0srqqWA,장성규니버스 K-universe,pBX0FUn_cO4,왜 자꾸 가격을 틈틈이 봐? #shorts,2023-12-29T09:00:39Z,24.0,True,11266,216.0,6.0
5054,UCNBfRyC9khKV79vL0srqqWA,장성규니버스 K-universe,xrzfpzGDddM,아빠 다음엔 큰 루돌프 사와~🎅 #shorts,2023-12-30T09:00:43Z,27.0,True,9258,153.0,
5054,UCNBfRyC9khKV79vL0srqqWA,장성규니버스 K-universe,WlV7pen7wmY,🚨유부남들끼리 모이면 하는 얘기🚨,2024-01-04T09:00:17Z,654.0,False,19952,284.0,
5054,UCNBfRyC9khKV79vL0srqqWA,장성규니버스 K-universe,nxXjj0brk6A,고등학교 시절 학폭에 맞섰던 장성규 #shorts,2024-01-05T09:00:40Z,50.0,True,6817,112.0,4.0
5054,UCNBfRyC9khKV79vL0srqqWA,장성규니버스 K-universe,MutGh8gCphc,장성규 고등학교 시절 인성 #shorts,2024-01-06T09:00:15Z,59.0,True,7259,105.0,
5054,UCNBfRyC9khKV79vL0srqqWA,장성규니버스 K-universe,EICgbbQc0XU,장성규 KBS 연기대상 MC 되다!,2024-01-11T09:00:08Z,497.0,False,26977,440.0,
5054,UCNBfRyC9khKV79vL0srqqWA,장성규니버스 K-universe,6fpD5_xQkyE,방송 체질이 아닌 방송인 장성규 #shorts,2024-01-12T09:00:05Z,21.0,True,7547,124.0,
5054,UCNBfRyC9khKV79vL0srqqWA,장성규니버스 K-universe,Vb2jgIPhS04,장성규 아들: 줄넘기 국제 대회 7위 vs 장성규: 테니스 대회 몇 위? 🤔,2024-01-18T09:00:31Z,924.0,False,74864,407.0,
5054,UCNBfRyC9khKV79vL0srqqWA,장성규니버스 K-universe,q2PWWtZBANk,장성규 아들 실제 통화 내용 #shorts,2024-01-19T09:00:41Z,59.0,True,21189,469.0,0.0
5055,UCbKWDZTrZuz1yRCHLqq0wnw,세부필리핀 초이 사장 Owner Choi,FG98N3ys5HE,그 어렵다던 상권에서 초대박난 필리핀 클락 8호점!!,2025-02-27T03:15:00Z,714.0,False,178677,10587.0,284.0
5055,UCbKWDZTrZuz1yRCHLqq0wnw,세부필리핀 초이 사장 Owner Choi,qauepYV-Q_k,7호점 신입 매니저가 사기꾼에게 식당 돈을 빼았겼습니다.,2025-03-05T03:15:03Z,1329.0,False,232558,9029.0,397.0
5055,UCbKWDZTrZuz1yRCHLqq0wnw,세부필리핀 초이 사장 Owner Choi,uCX6FG7fTwA,구독자님에게 본사 건물 매입 했습니다. 본격적인 필리핀 현지 프랜차이즈 사업 준비!!,2025-03-10T03:15:04Z,992.0,False,209461,10106.0,250.0
5055,UCbKWDZTrZuz1yRCHLqq0wnw,세부필리핀 초이 사장 Owner Choi,qtYVMuDDaRg,가족들 주려고 음식을 빼돌리다 걸린 4년 된 직원... 하루에 3건이나 절도 사건이 터지네요...,2025-03-20T03:15:04Z,1043.0,False,294059,10703.0,356.0
5055,UCbKWDZTrZuz1yRCHLqq0wnw,세부필리핀 초이 사장 Owner Choi,NnqSTVZCIv0,필리핀 인테리어 대표님이 외상으로 공사를 해주겠다네요?,2025-03-25T03:15:04Z,1007.0,False,157031,8439.0,188.0
5055,UCbKWDZTrZuz1yRCHLqq0wnw,세부필리핀 초이 사장 Owner Choi,fOY2bKGSHkQ,딸 아프다며 직원에게 돈 빌려 가놓고 배째라고 버티는 필리핀 직원,2025-03-31T03:15:03Z,1158.0,False,269029,10044.0,350.0
5055,UCbKWDZTrZuz1yRCHLqq0wnw,세부필리핀 초이 사장 Owner Choi,NNiRFFbEN-Y,돈을 훔친 필리핀 직원.. 근데 왜 이렇게 당당한건데??!!! 머리 끝까지 화가 난 초이사장,2025-04-06T03:15:02Z,1249.0,False,671560,15549.0,1499.0
5055,UCbKWDZTrZuz1yRCHLqq0wnw,세부필리핀 초이 사장 Owner Choi,8bnP0QyIfG8,사장에게 식당 문제를 숨기려고 하는 필리핀 직원들.... 정말 사업 어렵습니다.,2025-04-11T03:15:01Z,945.0,False,183622,8329.0,277.0
5055,UCbKWDZTrZuz1yRCHLqq0wnw,세부필리핀 초이 사장 Owner Choi,Su5Ub3VNSq4,손님 만석인데.. 손님 옆에서 소리치고 싸운 매니저와 부매니저.... 식당 난리 났네요  테이블 청소도 안되고...,2025-04-15T03:15:08Z,1343.0,False,239820,10243.0,449.0
5055,UCbKWDZTrZuz1yRCHLqq0wnw,세부필리핀 초이 사장 Owner Choi,GhRKyh8cUiM,일 잘하는 세부 직원을 본 팜팜가 직원들.... 일하는 속도에 놀래 자빠지네요,2025-04-19T03:15:02Z,1281.0,False,224846,10136.0,375.0
5055,UCbKWDZTrZuz1yRCHLqq0wnw,세부필리핀 초이 사장 Owner Choi,6E8D6vdLyaQ,10개월 마닐라 파견 종료... 평생 모아 본 적 없는 돈을 포상으로 줬습니다. 세부에서 감동적인 가족 상봉!!,2025-04-22T06:00:04Z,1578.0,False,396533,16045.0,704.0
5055,UCbKWDZTrZuz1yRCHLqq0wnw,세부필리핀 초이 사장 Owner Choi,dihQPQlGg6o,필리핀에서 삼겹살 팔아서 짓고 있는 135평 대저택 근황!! 세부에 도착 하자마자 달려 왔어요,2025-04-27T03:15:03Z,981.0,False,206451,9050.0,318.0
5055,UCbKWDZTrZuz1yRCHLqq0wnw,세부필리핀 초이 사장 Owner Choi,r4yY5JmbUJU,6개월 만에 돌아온 세부... 세부 매장들을 급습 해 봤습니다,2025-05-02T03:15:09Z,1275.0,False,231832,9483.0,306.0
5055,UCbKWDZTrZuz1yRCHLqq0wnw,세부필리핀 초이 사장 Owner Choi,RwrxDNrB1m0,8호점 오픈 3개월 차... 이건 예상치 못한 매출이라 저도 당황 스럽네요...,2025-05-08T03:15:02Z,1672.0,False,322940,11328.0,465.0
5055,UCbKWDZTrZuz1yRCHLqq0wnw,세부필리핀 초이 사장 Owner Choi,67UA0dBQ_hs,사채업자에게 돈을 빌린 매니저... 지속적으로 괴롭히는 사채업자,2025-05-21T03:15:00Z,1229.0,False,211511,9151.0,433.0
5055,UCbKWDZTrZuz1yRCHLqq0wnw,세부필리핀 초이 사장 Owner Choi,G_B7mJAwyAs,오픈 하자마자 태풍에 박살났던 3호점... 벌써 3년전이네요.. 오랜만에 3호점 가 볼게요,2025-05-23T03:15:00Z,1029.0,False,138885,7314.0,233.0
5055,UCbKWDZTrZuz1yRCHLqq0wnw,세부필리핀 초이 사장 Owner Choi,GDcHrREDCvY,창과 방패의 싸움!!.. 고마진 vs 초저마진  사업가의 혈투... 신제품 매트리스 가격을 삼겹살로 만들어 버린 초이사장,2025-05-26T05:13:19Z,2218.0,False,188248,7014.0,463.0
5055,UCbKWDZTrZuz1yRCHLqq0wnw,세부필리핀 초이 사장 Owner Choi,ZOuy_7S7K_4,정말 죄송합니다. 초이사장 매트리스 논란에 대해 입장 표명 하겠습니다...,2025-05-27T09:22:04Z,878.0,False,131297,5317.0,764.0
5055,UCbKWDZTrZuz1yRCHLqq0wnw,세부필리핀 초이 사장 Owner Choi,7fLrNck3Y1Q,필리핀 직원 선물 해주려다가 사기꾼에게 제대로 사기 당했습니다...,2025-06-01T03:15:00Z,1422.0,False,156600,7964.0,332.0
5055,UCbKWDZTrZuz1yRCHLqq0wnw,세부필리핀 초이 사장 Owner Choi,W91jI3JQSSs,경쟁업체 매니저가 저희 식당을 자주와서.. 저도 궁금해서 한번 방문 해 봤습니다.,2025-06-04T03:15:03Z,1232.0,False,173676,7594.0,265.0
5055,UCbKWDZTrZuz1yRCHLqq0wnw,세부필리핀 초이 사장 Owner Choi,q4P2yFN_WC4,사장처럼 일하는 필리핀 직원에게 소원을 들어줬습니다. 자동차 선물하기,2025-06-06T03:15:11Z,1878.0,False,318297,13219.0,398.0
5055,UCbKWDZTrZuz1yRCHLqq0wnw,세부필리핀 초이 사장 Owner Choi,bn9jG_uyzK4,이게 말이 되나요? 초이사장 하나 믿고 한국 생활 접고 필리핀 온 8호점 점주님,2025-06-14T03:15:03Z,1924.0,False,189500,8105.0,255.0
5055,UCbKWDZTrZuz1yRCHLqq0wnw,세부필리핀 초이 사장 Owner Choi,VgS6V-fiLfA,아빠가 일하다가 그만 둔 직장에 일하러 온 18살 신입 직원,2025-06-25T02:08:32Z,1284.0,False,221094,9244.0,378.0
5055,UCbKWDZTrZuz1yRCHLqq0wnw,세부필리핀 초이 사장 Owner Choi,fM0A3YcFvPc,며칠째 계속 결근하는 주방장들... 결국엔 집으로 찾아갔습니다...,2025-07-31T03:15:02Z,1401.0,False,197177,9168.0,349.0
5055,UCbKWDZTrZuz1yRCHLqq0wnw,세부필리핀 초이 사장 Owner Choi,Rr4b9nYjxIk,필리핀 건물주와 매번 이렇게 싸워야 하나요? 필리핀 한식당 9호점 10호점 동시에 준비중!!,2025-08-12T03:15:02Z,1842.0,False,137886,7125.0,279.0
5055,UCbKWDZTrZuz1yRCHLqq0wnw,세부필리핀 초이 사장 Owner Choi,pQOABNocNGE,중고 식당을 사서 시작한 한식당... 8년만에 드디어 프랜차이즈 사업 본격 시작 합니다,2025-08-27T03:15:03Z,794.0,False,128477,6581.0,157.0
5055,UCbKWDZTrZuz1yRCHLqq0wnw,세부필리핀 초이 사장 Owner Choi,arnfWPVILxA,필리핀에서 삼겹살 팔아서 150평 대저택을 짓는 한국인,2025-09-10T03:15:00Z,1521.0,False,233333,10934.0,340.0
5055,UCbKWDZTrZuz1yRCHLqq0wnw,세부필리핀 초이 사장 Owner Choi,1GprAPv-7EA,초이사장이 되는게 꿈이라던 필리핀 직원 아리엘... 드디어 새로운 사업에 도전 합니다,2025-09-14T03:15:00Z,924.0,False,156064,9424.0,323.0
5055,UCbKWDZTrZuz1yRCHLqq0wnw,세부필리핀 초이 사장 Owner Choi,lU59SijaMhM,퇴사한 필리핀 직원의 미래를 위한 시작. 주차장 사업 열심히 공사 중 입니다,2025-09-17T02:28:55Z,14.0,True,138102,2497.0,106.0
5055,UCbKWDZTrZuz1yRCHLqq0wnw,세부필리핀 초이 사장 Owner Choi,zPBtFPfV2vk,뭘 해줘도 아깝지 않은 직원... 존마크의 평생소원.... 결혼식을 준비해 주려 합니다...,2025-09-18T03:15:14Z,2366.0,False,230237,13539.0,718.0
5055,UCbKWDZTrZuz1yRCHLqq0wnw,세부필리핀 초이 사장 Owner Choi,fKEXHBL6BjI,필리핀 지방도시 직원 뽑기... 면접 시작과 동시에 도망가는 수십명의 지원자들!!,2025-09-27T03:15:09Z,1666.0,False,198936,8903.0,379.0
5055,UCbKWDZTrZuz1yRCHLqq0wnw,세부필리핀 초이 사장 Owner Choi,kOyus9bGBCs,한국기업의 도움으로 결혼 하게 되는 필리핀 직원의 프로포즈,2025-09-27T10:01:18Z,133.0,False,41881,1578.0,39.0
5055,UCbKWDZTrZuz1yRCHLqq0wnw,세부필리핀 초이 사장 Owner Choi,ocD1RZxxSv8,필리핀 신입 직원들을 위한 기숙사 드디어 찾았습니다!!!! 근데 생각 보다 좋은데요??,2025-10-17T03:15:10Z,1267.0,False,152280,8037.0,321.0
5055,UCbKWDZTrZuz1yRCHLqq0wnw,세부필리핀 초이 사장 Owner Choi,vS3IYgTwim4,필리핀 직원들을 위해 주문 제작한 접이식 토퍼!! 다들 극찬을 하네요!! ㅎㅎ #매트리스#토퍼#접이식토퍼,2025-10-24T03:15:08Z,1218.0,False,134473,8807.0,292.0
5055,UCbKWDZTrZuz1yRCHLqq0wnw,세부필리핀 초이 사장 Owner Choi,puv2G_isu-8,식자재 지출로 천만원이 삭제되고 손님 식사중에 싸우기까지 하네요..,2025-10-28T03:15:07Z,1100.0,False,162827,7431.0,216.0
5055,UCbKWDZTrZuz1yRCHLqq0wnw,세부필리핀 초이 사장 Owner Choi,xwsD1p4F9zo,현재 세부 태풍 피해 복구 중... 글로 담지 못해 짧게 나마 영상 공유 드립니다.,2025-11-05T04:03:17Z,32.0,True,69291,1129.0,105.0
5055,UCbKWDZTrZuz1yRCHLqq0wnw,세부필리핀 초이 사장 Owner Choi,62PQbR8RjAw,필리핀 마니모고 한식당의 마감 청소 시간 일상,2025-11-10T04:11:47Z,26.0,True,98169,1813.0,56.0
5055,UCbKWDZTrZuz1yRCHLqq0wnw,세부필리핀 초이 사장 Owner Choi,a03n9vDgerE,필리핀에서 드디어 프랜차이즈 본사 사무실 까지 완공 했습니다!!,2025-11-16T03:15:00Z,1240.0,False,147166,7768.0,280.0
5055,UCbKWDZTrZuz1yRCHLqq0wnw,세부필리핀 초이 사장 Owner Choi,BJQtOCTJIRQ,필리핀 대도시에도 식당 직원 지원자는 엄청나네요? 10호점 파사이 직원들 드디어 교육 시작!!,2025-11-27T03:15:02Z,1076.0,False,139674,6775.0,221.0
5055,UCbKWDZTrZuz1yRCHLqq0wnw,세부필리핀 초이 사장 Owner Choi,1W6upEr-uWM,공사 딜레이...오픈 준비 청소하러 오래서 왔더니... 아직도 공사중인데요?,2025-12-12T03:15:00Z,934.0,False,101531,5336.0,121.0
5055,UCbKWDZTrZuz1yRCHLqq0wnw,세부필리핀 초이 사장 Owner Choi,3k05e7zQHwo,필리핀에서 이런 보물 같은 직원은 찾기 힘들어요.. 운이 터진 파사이 점주님,2025-12-23T03:15:00Z,1220.0,False,127911,6870.0,188.0
5055,UCbKWDZTrZuz1yRCHLqq0wnw,세부필리핀 초이 사장 Owner Choi,qL3oq8cLBfc,갑자기 찾아와서 차를 사달라고 하는 필리핀 직원... 그렇게 급해?,2026-01-01T03:15:05Z,806.0,False,114999,6683.0,144.0
5055,UCbKWDZTrZuz1yRCHLqq0wnw,세부필리핀 초이 사장 Owner Choi,nVO7eHURc-0,필리핀 농업 도시에 한식당을 오픈 했어요.. 진짜 필리핀에서 한식은 전국적으로 사랑 받네요,2026-01-10T03:15:05Z,1639.0,False,141017,7132.0,215.0
5055,UCbKWDZTrZuz1yRCHLqq0wnw,세부필리핀 초이 사장 Owner Choi,mb6JWvj40kY,초이사장 마니모고 클락지점 근황 알려드립니다,2026-01-17T10:12:31Z,57.0,True,70414,1782.0,28.0
5055,UCbKWDZTrZuz1yRCHLqq0wnw,세부필리핀 초이 사장 Owner Choi,im0IjJQmNcs,월세만 1300만원!!!   원형 탈모 견뎌가며 어렵게 오픈한 10호점 파사이... 결과는,2026-01-21T03:15:10Z,1271.0,False,145615,6807.0,191.0
5055,UCbKWDZTrZuz1yRCHLqq0wnw,세부필리핀 초이 사장 Owner Choi,mr71IQCTVZM,100만명 중에 1명.. 보석같은 직원의 소원... 결혼식... 드디어 합니다!! 존마크 결혼식 행복하자!!,2026-01-30T03:15:00Z,2038.0,False,188610,9913.0,396.0
5055,UCbKWDZTrZuz1yRCHLqq0wnw,세부필리핀 초이 사장 Owner Choi,pyrrAJEfOSE,필리핀에서 집 짓기.. 욕심내다가 공사 중단 될 위기!! 아저씨들 공사 천천히 좀 해 주세요,2026-02-05T03:15:00Z,1451.0,False,151069,6634.0,225.0
5055,UCbKWDZTrZuz1yRCHLqq0wnw,세부필리핀 초이 사장 Owner Choi,h6MhCInDfOE,필리핀 주차장 사업....퇴사 후 사업하는 직원과 동업을 했더니..... 게을러지기 시작하네요?,2026-02-21T03:15:00Z,1154.0,False,137184,7000.0,184.0
5055,UCbKWDZTrZuz1yRCHLqq0wnw,세부필리핀 초이 사장 Owner Choi,bVa_cSjEcjw,불안감이 너무 컸던 필리핀 11호점 한식당... 오픈 했는데 주변에 아무것도 없는데 손님이 어디서 오는 거죠?,2026-03-01T03:15:00Z,1209.0,False,134029,6880.0,198.0
5055,UCbKWDZTrZuz1yRCHLqq0wnw,세부필리핀 초이 사장 Owner Choi,NzrzyGaktmc,11호점 드디어 한달매출 공개!! 행운을 몰고 다니는 필리핀 와이프 덕분에 대박행진 이어나가는 중입니다,2026-03-30T03:15:00Z,1512.0,False,125989,7181.0,349.0
5056,UCIJswzd07JQofhj7MpRBjKQ,THIRD[롤 백과사전],cqMr6NMEaTQ,케리아 역대급 캐리 ㄷㄷ T1 3연승 질주 !! #t1  #lck,2026-04-26T09:45:29Z,30.0,True,141596,1739.0,155.0
5056,UCIJswzd07JQofhj7MpRBjKQ,THIRD[롤 백과사전],rEEClUPbI20,"【LCK】 케리아 3년 재계약 확정 / 케리아 POM 기록, 캐리 / T1, GEN 승  - 롤 이스포츠",2026-04-26T12:09:21Z,169.0,False,82238,986.0,332.0
5056,UCIJswzd07JQofhj7MpRBjKQ,THIRD[롤 백과사전],02n_S7kXvGU,3년 재계약 소식을 발표한 케리아 ㄷㄷ (페이커랑 가장 오래 뛰는 선수) #t1 #케리아,2026-04-26T12:56:04Z,24.0,True,300846,4006.0,210.0
5056,UCIJswzd07JQofhj7MpRBjKQ,THIRD[롤 백과사전],fbiT-rwjsb4,【LCK】 대한민국 국가 대항전 불참 예정 (+사우디컵) / LCK 5주차 빅매치 (KT VS HLE / HLE VS T1 / DK VS GEN)  - 롤 이스포츠,2026-04-27T10:21:38Z,142.0,False,247948,1260.0,1480.0
5056,UCIJswzd07JQofhj7MpRBjKQ,THIRD[롤 백과사전],uETZWzZzqeo,【LCK】 '한국 출전 시킬 것' VS '출전시 대한민국 명칭 사용 불가' 롤 국가 대항전 추가 소식 - 롤 이스포츠,2026-04-28T08:57:55Z,125.0,False,367817,1437.0,1547.0
5056,UCIJswzd07JQofhj7MpRBjKQ,THIRD[롤 백과사전],ngI8DQbH7Ig,"【LCK】 디아블 2군 강등 공식 입장 (+ 프로 의식, 추가 징계) / 빅라 기용 X에 대한 이유 입장 - 롤 이스포츠",2026-04-28T09:59:00Z,144.0,False,287675,1370.0,1368.0
5056,UCIJswzd07JQofhj7MpRBjKQ,THIRD[롤 백과사전],r-lSXw9CCAI,【LCK】 디아블이 팀을 떠날수도 있다고? 타 팀과 트레이드 논의 - 롤 이스포츠,2026-04-29T05:38:55Z,110.0,False,85543,394.0,642.0
5056,UCIJswzd07JQofhj7MpRBjKQ,THIRD[롤 백과사전],ZxpxAvjYjgg,팀을 떠날 수도 있다는 디아블 ㄷㄷ #lck #디아블,2026-04-29T07:35:05Z,29.0,True,101003,487.0,98.0
5056,UCIJswzd07JQofhj7MpRBjKQ,THIRD[롤 백과사전],1c-ZgiuIdWI,완전히 부활해버린 T1 ㄷㄷ 4연승 성공 #t1 #lck,2026-04-29T09:49:15Z,31.0,True,128209,1373.0,133.0
5056,UCIJswzd07JQofhj7MpRBjKQ,THIRD[롤 백과사전],iOCy_z9I2rI,【LCK】 한화 생명 1위 등극! / T1 되살아난 경기력 4연승 / 디아블 추가 상황? / 페이커 대기록  - 롤 이스포츠,2026-04-29T12:05:42Z,121.0,False,79408,505.0,403.0
5056,UCIJswzd07JQofhj7MpRBjKQ,THIRD[롤 백과사전],ptgB8kfmmEM,한화 생명이 10위에서 1위로 올라섰다고 ? ㄷㄷㄷㄷ #lck #한화생명e스포츠,2026-04-29T12:52:33Z,26.0,True,65913,837.0,51.0
5056,UCIJswzd07JQofhj7MpRBjKQ,THIRD[롤 백과사전],8jGrlkzp0OA,【LCK】'디아블 - 태윤'  트레이드 유력 (+곧바로 출전?)  - 롤 이스포츠,2026-04-30T07:20:45Z,81.0,False,45062,236.0,200.0
5056,UCIJswzd07JQofhj7MpRBjKQ,THIRD[롤 백과사전],rvKev5820R8,"【LCK】   BFX 안타까운 상황..(+ 빅라, 슬레이어 출전!) / DK 4연승, 4위 ㄷㄷ / T1 3위 등극  / GEN 쵸비 제외 경기력은? / - 롤 이스포츠",2026-04-30T13:22:24Z,120.0,False,20184,167.0,69.0
5056,UCIJswzd07JQofhj7MpRBjKQ,THIRD[롤 백과사전],7H38mQ7gAkA,【LCK】 룰러 징계 X - LCK 조사 결과 발표  (+ 롤 이스포츠),2026-05-01T08:09:38Z,105.0,False,131004,875.0,2002.0
5056,UCIJswzd07JQofhj7MpRBjKQ,THIRD[롤 백과사전],INPSRb73GWo,"【LCK】 한화 복수 성공 ㄷㄷ / T1 연승 마감 / 로드 투 EWC 대진 / 디아블, 태윤 입단 - 롤 이스포츠",2026-05-01T13:08:29Z,132.0,False,43290,306.0,442.0
5056,UCIJswzd07JQofhj7MpRBjKQ,THIRD[롤 백과사전],EEfa_cAzl-A,T1에게 복수를 성공한 한화 생명 ㄷㄷ #lck #한화생명e스포츠,2026-05-01T13:46:14Z,23.0,True,135544,1534.0,312.0
5056,UCIJswzd07JQofhj7MpRBjKQ,THIRD[롤 백과사전],q-w_xbQFh4E,곧바로 GEN에게 패배한 DK.. (다시 북벌 시작) #lck #젠지 #DK,2026-05-02T11:28:32Z,26.0,True,60208,355.0,114.0
5056,UCIJswzd07JQofhj7MpRBjKQ,THIRD[롤 백과사전],VsWb_8t4tFw,"【LCK】 젠지 입장문 발표 / DK에게 복수한 젠지! / 디아블 데뷔, 농심 패배 - 롤 이스포츠",2026-05-02T12:44:57Z,149.0,False,32764,206.0,606.0
5056,UCIJswzd07JQofhj7MpRBjKQ,THIRD[롤 백과사전],tFsKubJo-qc,또 역대급 세레머니 갱신한 유칼 ㅋㅋ #lck,2026-05-02T12:58:34Z,15.0,True,286265,2859.0,86.0
5056,UCIJswzd07JQofhj7MpRBjKQ,THIRD[롤 백과사전],STV12kJsHYU,난입이 삭제되면서 미드 AP가 다 죽었다고?? #리그오브레전드 #lck,2026-05-03T08:12:32Z,29.0,True,350530,3772.0,644.0
5056,UCIJswzd07JQofhj7MpRBjKQ,THIRD[롤 백과사전],WNm9lDQBfas,현재 자신이 1등이라는 구마유시 ㄷㄷ #lck #구마유시,2026-05-03T09:19:59Z,19.0,True,114961,1362.0,204.0
5056,UCIJswzd07JQofhj7MpRBjKQ,THIRD[롤 백과사전],erXtCcz745s,【LCK】 EWC 선발전 시작 (+내일) / KT 2연패 / 태윤 데뷔 + POM  - 롤 이스포츠,2026-05-03T12:12:19Z,143.0,False,49884,334.0,106.0
5056,UCIJswzd07JQofhj7MpRBjKQ,THIRD[롤 백과사전],7OOMweYAr88,현재 미드 퀘스트 보상이 진짜 개쓰레기라고?? #리그오브레전드 #lck,2026-05-04T10:31:55Z,24.0,True,204626,1784.0,204.0
5056,UCIJswzd07JQofhj7MpRBjKQ,THIRD[롤 백과사전],ScXjFoAGFRI,"【LCK】 EWC 선발전 1일차 - T1, BFX, DNS 승리 / KRX 탈락  - 롤 이스포츠",2026-05-04T14:03:02Z,107.0,False,100275,480.0,192.0
5056,UCIJswzd07JQofhj7MpRBjKQ,THIRD[롤 백과사전],5JOLyhJ8hJs,T1 유나라가 아티를 던진다고? ㅋㅋㅋㅋ (+스포) #유나라 #t1 #구마유시,2026-05-05T08:24:36Z,21.0,True,144652,1820.0,61.0
5056,UCIJswzd07JQofhj7MpRBjKQ,THIRD[롤 백과사전],vy-sLIv6lGA,"【LCK】 EWC 선발전 2일차 - 한화, DK, DNS, NS / 다음 일정 정리!  - 롤 이스포츠",2026-05-05T11:37:48Z,113.0,False,63720,293.0,90.0
5056,UCIJswzd07JQofhj7MpRBjKQ,THIRD[롤 백과사전],rlMDn3cIqh8,"【LCK】 룰러 연이은 사과, 기부 예정 / 구마유시 첫 POM, 한화 10승 / 쵸비 POM 1위 질주!  - 롤 이스포츠",2026-05-06T12:30:40Z,135.0,False,26690,223.0,300.0
5056,UCIJswzd07JQofhj7MpRBjKQ,THIRD[롤 백과사전],h2wIgNJJuZA,한화 생명에서 첫 번째 POM을 받은 구마유시 ㄷㄷ #lck #구마유시,2026-05-06T13:03:31Z,23.0,True,62190,1040.0,36.0
5056,UCIJswzd07JQofhj7MpRBjKQ,THIRD[롤 백과사전],me48llRJioo,"【LCK】ROAD TO MSI 일정 간단 / KT 연패 탈출, 에이밍 도발(?) / BRO 연승 성공!  - 롤 이스포츠",2026-05-07T12:38:49Z,109.0,False,57702,272.0,145.0
5056,UCIJswzd07JQofhj7MpRBjKQ,THIRD[롤 백과사전],biztBhVWjdE,【LCK】  케리아 POM 3위 (+서폿 유일) / DNS 세트 22연패 / KRX 홈그라운드 / 페이커+카리나  - 롤 이스포츠,2026-05-08T12:55:06Z,110.0,False,20444,181.0,54.0
5056,UCIJswzd07JQofhj7MpRBjKQ,THIRD[롤 백과사전],3X8rDOKcbmY,케리아가 어느덧 POM 순위 3위까지 올랐다고? ㄷㄷ #t1 #lck,2026-05-09T03:18:31Z,23.0,True,36464,465.0,9.0
5056,UCIJswzd07JQofhj7MpRBjKQ,THIRD[롤 백과사전],fhGsOVtFlHQ,【LCK】 '참가합니다' - 대한민국 국가 대항전 참가 확정 / 합의 완료 (+롤 이스포츠),2026-05-09T09:26:02Z,109.0,False,150233,772.0,798.0
5056,UCIJswzd07JQofhj7MpRBjKQ,THIRD[롤 백과사전],o6ySenSShsg,"【LCK】  '팬미팅 많이 할 것, 농심 경기때 봅시다' 태윤 인터뷰 / KT 패배, 3위 / NS 5연패 / 테디 POM  - 롤 이스포츠",2026-05-09T12:15:47Z,123.0,False,39381,288.0,143.0
5056,UCIJswzd07JQofhj7MpRBjKQ,THIRD[롤 백과사전],cRx3xN8tN3w,도란이 폼을 회복하면서 서커스를 시작했다고? ㅋㅋㅋㅋ #t1 #lck,2026-05-10T09:35:49Z,20.0,True,117817,1541.0,74.0
5056,UCIJswzd07JQofhj7MpRBjKQ,THIRD[롤 백과사전],jLQBDFX3J_Q,도란이 첫 POM을 받으며 DK에게 복수를 성공한 T1 ㄷㄷ #t1 #lck,2026-05-10T09:53:05Z,22.0,True,121278,1852.0,84.0
5056,UCIJswzd07JQofhj7MpRBjKQ,THIRD[롤 백과사전],tLlHLgD4XoU,"【LCK】  T1 복수 성공! / '전령쇼' 도란, 암베사로 첫 POM / 구마유시 2000킬 달성  - 롤 이스포츠",2026-05-10T12:47:44Z,126.0,False,25776,224.0,81.0
5056,UCIJswzd07JQofhj7MpRBjKQ,THIRD[롤 백과사전],eKOEI_VD8KI,현재 메타는 정글이 캐리를 할 수 없는 메타라고? #lck #리그오브레전드,2026-05-12T08:00:39Z,28.0,True,59290,480.0,81.0
5056,UCIJswzd07JQofhj7MpRBjKQ,THIRD[롤 백과사전],vAqzJqQCBaM,"【LCK】 국가대표 명단 제출, 발표 날짜 공개 / EWC 프랑스에서? / 이번주 토요일 매치업..  - 롤 이스포츠",2026-05-12T08:37:22Z,129.0,False,68581,374.0,629.0
5056,UCIJswzd07JQofhj7MpRBjKQ,THIRD[롤 백과사전],W-nNdX-c19s,【LCK】 이변 발생 ㄷㄷ  EWC 선발전 2라운드 - T1 VS BFX / 한화 VS DK / 다음 일정 정리!  - 롤 이스포츠,2026-05-12T12:33:08Z,130.0,False,159805,747.0,410.0
5056,UCIJswzd07JQofhj7MpRBjKQ,THIRD[롤 백과사전],-vCtkpcFXOs,T1 소속 '리그'에서 첫 번째 펜타 킬을 기록해버린 페이즈 ㄷㄷ #t1 #lck,2026-05-13T08:50:07Z,25.0,True,83250,1138.0,78.0
5056,UCIJswzd07JQofhj7MpRBjKQ,THIRD[롤 백과사전],TWBIKnudAPQ,【LCK】 T1의 압도적인 경기력 ㄷㄷ / 페이즈 펜타 + 케리아 6000 어시 / DK 완벽 부활 신호탄!  - 롤 이스포츠,2026-05-13T11:45:54Z,195.0,False,33190,298.0,107.0
5056,UCIJswzd07JQofhj7MpRBjKQ,THIRD[롤 백과사전],rbbOD06AKZw,"【LCK】 고소 선언한 GEN / 쵸비 펜타+POM 경사 (RtM 진출) / KT 진땀 승,,  - 롤 이스포츠",2026-05-14T12:45:08Z,138.0,False,93420,466.0,1233.0
5056,UCIJswzd07JQofhj7MpRBjKQ,THIRD[롤 백과사전],WGe5iYkGpxM,"이번 펜타킬은 살짝 아쉽다는 쵸비 ㄷㄷ (2026 시즌 2호, LCK 100호) #lck #쵸비",2026-05-14T13:44:27Z,22.0,True,52896,398.0,168.0
5056,UCIJswzd07JQofhj7MpRBjKQ,THIRD[롤 백과사전],mG5qiGp5DmQ,【LCK】 곧바로 펼쳐진 복수극 ㄷㄷ 경기 결과는? / 한화 MSI 선발전 2라운드 / 연승 기록 타이  - 롤 이스포츠,2026-05-15T10:08:42Z,121.0,False,27949,192.0,99.0
5056,UCIJswzd07JQofhj7MpRBjKQ,THIRD[롤 백과사전],n9EhtfrV4tU,"무려 약 5,000일만에 나온 미드 자이라 ㄷㄷ, 800일만에 나온 탑 이렐 ㄷㄷ #lck #",2026-05-15T10:40:05Z,23.0,True,85169,399.0,87.0
5056,UCIJswzd07JQofhj7MpRBjKQ,THIRD[롤 백과사전],K8RcGc9UEDY,"【LCK】 세트 26연패 갱신 (+DNS) / 덕담, 피터 돌아올 것 / 내일 최고 도파민 매치 예고  - 롤 이스포츠",2026-05-15T12:16:02Z,121.0,False,31076,213.0,130.0
5056,UCIJswzd07JQofhj7MpRBjKQ,THIRD[롤 백과사전],ZWSAh0FO2ME,"미니언 타겟 패치에 대한 선수들의 의견? (+쵸비, 쇼메) #lck #leagueoflegends",2026-05-16T03:12:03Z,31.0,True,41841,326.0,67.0
5056,UCIJswzd07JQofhj7MpRBjKQ,THIRD[롤 백과사전],n3mAPw0NPIM,"【LCK】 T1이 3세트를 압살했다고? 짜릿한 역전 승리 성공! / 페이즈 POM / 오너 1,500킬 / 4연승  - 롤 이스포츠",2026-05-16T11:14:48Z,124.0,False,57174,587.0,278.0
5056,UCIJswzd07JQofhj7MpRBjKQ,THIRD[롤 백과사전],17i18lv5Y5Y,젠지전에서 첫 POM을 받아버린 페이즈 ㄷㄷㄷㄷ #t1 #lck #젠지,2026-05-16T12:09:31Z,23.0,True,86991,1037.0,160.0
5056,UCIJswzd07JQofhj7MpRBjKQ,THIRD[롤 백과사전],6zZe9LHTG0w,"【LCK】 분노의 태윤, 미친 세레머니!! BFX 역전 승리! / 태윤 POM / 인터뷰  - 롤 이스포츠",2026-05-16T13:28:07Z,117.0,False,60915,571.0,220.0
5057,UC43IUfUkRQZa-Dsnbqri6Iw,Soonseol BAKERY 순백설탕,X1DrKFm8ayA,(ENG) 샤프심으로 쵸코하임을 만들 수 있을까?🙄,2021-01-18T11:00:08Z,401.0,False,14658,283.0,51.0
5057,UC43IUfUkRQZa-Dsnbqri6Iw,Soonseol BAKERY 순백설탕,ffDIj-R03Po,(ENG) 녹차도 초코도 먹고 싶을 땐? 반반티라미수💚🤎,2021-01-26T11:00:12Z,448.0,False,8915,250.0,23.0
5057,UC43IUfUkRQZa-Dsnbqri6Iw,Soonseol BAKERY 순백설탕,HGsyARFJ-fE,(ENG) 맥주로 브라우니를 만들면 알콜맛이 날까?🍺,2021-01-30T11:00:04Z,304.0,False,5732,134.0,21.0
5057,UC43IUfUkRQZa-Dsnbqri6Iw,Soonseol BAKERY 순백설탕,oiHGWbWEnpY,(ENG) 군고구마로 만드는 겨울 달다구리 2가지🍠,2021-02-02T11:00:15Z,697.0,False,7148,196.0,30.0
5057,UC43IUfUkRQZa-Dsnbqri6Iw,Soonseol BAKERY 순백설탕,bGgms-34s74,(ENG) 완전 딴딴! 타조알로 만드는 수플레치즈케이크 Souffle cheesecake made with ostrich eggs🐣,2021-02-22T11:00:24Z,355.0,False,8239,154.0,28.0
5057,UC43IUfUkRQZa-Dsnbqri6Iw,Soonseol BAKERY 순백설탕,scU9ABF9h94,(SUB) 노오븐! 에어프라이어로 만드는 완벽한 꿀카스테라🍯,2021-02-25T11:00:16Z,360.0,False,9249,195.0,31.0
5057,UC43IUfUkRQZa-Dsnbqri6Iw,Soonseol BAKERY 순백설탕,m15lKI4pfGg,(ENG) 망치로 깬 타조알로 구름빵&머랭쿠키 만들기 Cloud Bread & Meringue Cookies Made from Ostrich Eggs.,2021-03-03T11:00:30Z,500.0,False,12443,160.0,27.0
5057,UC43IUfUkRQZa-Dsnbqri6Iw,Soonseol BAKERY 순백설탕,tpLFgRc8B6s,(ENG) 프라이팬으로 완벽한 버터링 만들기!🍳 (오븐 버터링과 비교까지!!) Making a perfect butter cookies with a frying pan!🍳,2021-03-16T11:00:16Z,484.0,False,17978,420.0,33.0
5057,UC43IUfUkRQZa-Dsnbqri6Iw,Soonseol BAKERY 순백설탕,dyExq8g1lSo,"(ENG) 절대 실패없는 맛, 오레오 치즈케이크(노오븐 베이킹) Oreo Cheesecake (Baking without oven)",2021-03-19T11:00:12Z,379.0,False,12565,316.0,17.0
5057,UC43IUfUkRQZa-Dsnbqri6Iw,Soonseol BAKERY 순백설탕,NgeKdlkfo38,(ENG) ONLY 오레오만으로 만든 봄봄봄~벚꽃케이크🌸 Cherry Blossom Cake made from only OREO.🌸,2021-04-01T05:00:16Z,517.0,False,5467,196.0,16.0
5057,UC43IUfUkRQZa-Dsnbqri6Iw,Soonseol BAKERY 순백설탕,WalC_RzcQU0,(ENG) 레인보우 먹물치즈식빵🌈 Rainbow squid ink cheese bread,2021-04-02T11:00:21Z,407.0,False,13013,197.0,19.0
5057,UC43IUfUkRQZa-Dsnbqri6Iw,Soonseol BAKERY 순백설탕,11ewrB06la0,임밍아웃 (I confess my pregnancy.),2021-06-11T10:00:13Z,708.0,False,37034,564.0,44.0
5057,UC43IUfUkRQZa-Dsnbqri6Iw,Soonseol BAKERY 순백설탕,TsegHlJO6i0,꿀꿀🐽 꽃돼지 케이크 만들기│돼지띠 순꿀이를 위한 생일케이크🎂 (How to make Flower Pig Character Cake),2021-06-13T11:00:08Z,756.0,False,8392,194.0,36.0
5057,UC43IUfUkRQZa-Dsnbqri6Iw,Soonseol BAKERY 순백설탕,CxaWckZVi4w,너무 예뻐서 먹기 아까운 '플라워쿠키🌹' 만들기 How to make Flower Cookies,2021-06-15T11:00:04Z,672.0,False,5324,179.0,21.0
5057,UC43IUfUkRQZa-Dsnbqri6Iw,Soonseol BAKERY 순백설탕,YDbm1mkbIMU,초코파운드케이크 속에 벚꽃이 쏙~ 플라워 파운드케이크🌸 How to make Flower Poundcake.,2021-06-20T11:00:11Z,499.0,False,3919,110.0,9.0
5057,UC43IUfUkRQZa-Dsnbqri6Iw,Soonseol BAKERY 순백설탕,vNU0h9dYogc,대왕 찰떡아이스 만들기🍡 (왕 더우니까 왕 크게 만들어먹자!!) How to make sticky rice cake ice cream.,2021-06-25T11:00:12Z,454.0,False,9346,189.0,19.0
5057,UC43IUfUkRQZa-Dsnbqri6Iw,Soonseol BAKERY 순백설탕,Kl4iUHnMjkQ,진짜보다 더 진짜같은 '화분 컵케이크' 만들어 먹기🌼 (몽땅 다 먹을 수 있어요!) How to make flowerpot cake.,2021-06-29T11:00:12Z,622.0,False,7106,188.0,15.0
5057,UC43IUfUkRQZa-Dsnbqri6Iw,Soonseol BAKERY 순백설탕,tnvVrU3-l8k,왕초보 베이킹! 꽃.품.곰🌺 꽃을 품은 곰돌이 쿠키 만들기 Teddy bear cookies with flowers.,2021-07-01T11:00:32Z,697.0,False,11877,314.0,12.0
5057,UC43IUfUkRQZa-Dsnbqri6Iw,Soonseol BAKERY 순백설탕,EFeWeb7jOv0,쫀득쫀득 인절미 티라미수 만들기🍨 Injeolmi tiramisu (Sticky rice cake tiramisu),2021-07-06T11:00:11Z,585.0,False,9959,209.0,12.0
5057,UC43IUfUkRQZa-Dsnbqri6Iw,Soonseol BAKERY 순백설탕,gSrgwcPGv5s,초간단! 왕쫀득! 꿀젤리떡 만들기 (재료는 단 3가지!)│Honey jelly rice cake🍯,2021-07-12T09:00:19Z,398.0,False,26605,367.0,16.0
5057,UC43IUfUkRQZa-Dsnbqri6Iw,Soonseol BAKERY 순백설탕,H2mnVqfOD1o,라이스페이퍼로 딸기찹쌀떡 만들기 (재료는 단 4가지!)│Making Strawberry rice cake with rice paper.🍓,2021-07-14T09:00:06Z,316.0,False,13162,216.0,8.0
5057,UC43IUfUkRQZa-Dsnbqri6Iw,Soonseol BAKERY 순백설탕,ytDd2LCo85g,라이스페이퍼로 만드는 무지개 꼬북칩🐢│Rainbow Churros🌈,2021-07-17T09:00:24Z,505.0,False,15283,280.0,14.0
5057,UC43IUfUkRQZa-Dsnbqri6Iw,Soonseol BAKERY 순백설탕,yk4uhXMbLeM,보들보들~ 탱글탱글~ 꿀젤리 우유떡 만들기│Honey jelly milk cake🍼,2021-07-27T09:00:20Z,382.0,False,12028,172.0,12.0
5057,UC43IUfUkRQZa-Dsnbqri6Iw,Soonseol BAKERY 순백설탕,nAr1Mw4_NCk,상큼 디저트 만드는 영상 모음집💛 Dessert.zip (라즈베리마들렌/레몬위크엔드/오렌지스퀘어케이크🍊),2021-08-11T11:00:17Z,1124.0,False,11790,216.0,20.0
5057,UC43IUfUkRQZa-Dsnbqri6Iw,Soonseol BAKERY 순백설탕,nV8Zj2HrFDg,따끈따끈 병아리만주🐥 오리버전으로 더 귀엽게 만들기💛 (Chick manju/Duck manju),2021-11-09T11:00:21Z,441.0,False,9024,176.0,15.0
5057,UC43IUfUkRQZa-Dsnbqri6Iw,Soonseol BAKERY 순백설탕,d6rOsFiW84g,뜨거울 때 찢어먹어야 맛있는 밤식빵 만들기🌰,2021-11-17T11:00:19Z,364.0,False,6011,107.0,7.0
5057,UC43IUfUkRQZa-Dsnbqri6Iw,Soonseol BAKERY 순백설탕,YKXImcRDnB4,고소한 호두를 내 마음대로 듬뿍~ 호두파이 만들기 Walnut pie🥮,2021-11-23T11:00:29Z,434.0,False,7027,109.0,11.0
5057,UC43IUfUkRQZa-Dsnbqri6Iw,Soonseol BAKERY 순백설탕,3bSeBoxX4QI,맛없는 사과도 꿀사과로 변신! 🍎홈메이드 사과파이 만들기 Apple pie recipe,2021-11-30T11:00:02Z,586.0,False,7898,118.0,10.0
5057,UC43IUfUkRQZa-Dsnbqri6Iw,Soonseol BAKERY 순백설탕,dHX927ukWpw,상큼달달 샤인머스캣 샤를로뜨 케이크🍏 Shine Muscat Charlotte Cake Recipe,2021-12-02T11:00:15Z,554.0,False,17264,260.0,17.0
5057,UC43IUfUkRQZa-Dsnbqri6Iw,Soonseol BAKERY 순백설탕,iMDXDm3ghGs,"건강한 비건버터로 만드는 🍋레몬딜버터&🧄갈릭버터파스타│복귀근황 주절주절, 새 가게 오픈해요!",2022-08-12T11:00:15Z,750.0,False,6019,159.0,14.0
5057,UC43IUfUkRQZa-Dsnbqri6Iw,Soonseol BAKERY 순백설탕,iwxQq02CZdI,홈파티 메뉴 개발일지 ㅣ 라즈베리 레어 크림치즈 케이크&무화과 크림치즈 샌드위치,2022-10-07T01:00:19Z,887.0,False,7280,84.0,9.0
5057,UC43IUfUkRQZa-Dsnbqri6Iw,Soonseol BAKERY 순백설탕,bRm6hzWed6s,"15평 우드톤 카페 인테리어 전과정 (Before&After) │디저트 카페 창업, 인테리어 꿀팁",2022-11-09T11:00:10Z,454.0,False,123080,1085.0,46.0
5057,UC43IUfUkRQZa-Dsnbqri6Iw,Soonseol BAKERY 순백설탕,__cU5s2k27E,🍰디저트 카페 오픈 준비 & 레시피 테스트│순백설탕,2023-01-06T10:00:10Z,537.0,False,15761,218.0,18.0
5057,UC43IUfUkRQZa-Dsnbqri6Iw,Soonseol BAKERY 순백설탕,eKKDrZTRk0I,"디저트 카페의 하루 브이로그│레터링 케이크, 과자 굽굽, 마카롱 만들고! 바쁘고 행복해요😵",2023-04-17T05:51:48Z,421.0,False,7441,108.0,10.0
5057,UC43IUfUkRQZa-Dsnbqri6Iw,Soonseol BAKERY 순백설탕,kJkyQnuzVzM,(NO OVEN) 시나모롤 케이크팝 만들기 Cinnamoroll Cake pop シナモロールケーキポップ,2023-07-18T10:00:09Z,316.0,False,4677,81.0,3.0
5057,UC43IUfUkRQZa-Dsnbqri6Iw,Soonseol BAKERY 순백설탕,zJtzykPkND0,시나모롤 쿠키 케이크 만들기 Cinnamoroll Cookie Cake シナモロールクッキーケーキ,2023-07-31T06:00:11Z,443.0,False,2846,52.0,7.0
5057,UC43IUfUkRQZa-Dsnbqri6Iw,Soonseol BAKERY 순백설탕,NPUR6__fniQ,🍫다이소 초코펜으로 만드는 '뉴진스 슈퍼샤이 파워퍼프걸'│ 'Newjeans Super Shy PowerPuff Girls' made with a chocolate🍫,2023-08-09T05:04:57Z,862.0,False,5726,64.0,7.0
5057,UC43IUfUkRQZa-Dsnbqri6Iw,Soonseol BAKERY 순백설탕,xNrvxDELrH4,"디저트카페 추석준비 VLOG│전통월병세트, 마카롱, 도시락케이크, 요즘 근황",2023-09-18T10:00:11Z,352.0,False,2284,60.0,4.0
5057,UC43IUfUkRQZa-Dsnbqri6Iw,Soonseol BAKERY 순백설탕,jwMNUm3nIP8,먹태깡🐟 1kg 만들기│빅사이즈 베이킹,2023-10-11T10:00:09Z,480.0,False,3489,61.0,11.0
5057,UC43IUfUkRQZa-Dsnbqri6Iw,Soonseol BAKERY 순백설탕,fYeyc73cSwk,마라 + 탕후루 만들 수 있을까? │🔥마라탕맛 탕후루 만들기🔥,2023-10-23T10:00:08Z,377.0,False,2107,47.0,3.0
5057,UC43IUfUkRQZa-Dsnbqri6Iw,Soonseol BAKERY 순백설탕,Ws1TL0GJkRc,🍠고구마로 초간단 베이킹 간식 만들기! 미니 크리스마스 트리🎄,2023-12-08T11:00:34Z,328.0,False,2391,65.0,10.0
5057,UC43IUfUkRQZa-Dsnbqri6Iw,Soonseol BAKERY 순백설탕,qimWWqhSnmk,✨금이 올라간 클래식 딸기 생크림 케이크 만들기🎂 기본이 가장 맛있는 법! │ 순백설탕,2023-12-14T11:00:41Z,291.0,False,3221,49.0,4.0
5057,UC43IUfUkRQZa-Dsnbqri6Iw,Soonseol BAKERY 순백설탕,FYbOmh7oPmQ,‼대량생산‼ 딸기 한 팩이 몽땅 들어가는 프레지에 케이크🍓,2024-01-02T11:00:08Z,366.0,False,2766,59.0,3.0
5057,UC43IUfUkRQZa-Dsnbqri6Iw,Soonseol BAKERY 순백설탕,687jJWDeSTE,💗하트 뿅뿅💗 하트 딸기 찹쌀떡 (전자렌지 초간단 레시피!),2024-01-31T12:29:22Z,304.0,False,2607,62.0,4.0
5057,UC43IUfUkRQZa-Dsnbqri6Iw,Soonseol BAKERY 순백설탕,b5WqubRrvVM,🔥전은 바삭하게 구워야 제 맛!│🍪모듬전쿠키&복주머니 만들기│설날베이킹 모음집,2024-02-09T10:00:10Z,784.0,False,11458,143.0,7.0
5057,UC43IUfUkRQZa-Dsnbqri6Iw,Soonseol BAKERY 순백설탕,XyRCHK0Q_E8,🍫오늘은 초콜릿 멍 때리는 날│디저트카페 초콜릿 대량생산 브이로그🤎,2024-02-12T10:00:30Z,635.0,False,6452,73.0,17.0
5057,UC43IUfUkRQZa-Dsnbqri6Iw,Soonseol BAKERY 순백설탕,9vecpiYTykg,자격증 따던 그 날의 이야기,2025-08-22T05:43:33Z,80.0,False,7876,82.0,5.0
5057,UC43IUfUkRQZa-Dsnbqri6Iw,Soonseol BAKERY 순백설탕,iR4qA16Z2qY,마가린으로 휘낭시에 만들면 안되는 이유,2025-09-01T02:31:30Z,74.0,False,135462,1194.0,48.0
5057,UC43IUfUkRQZa-Dsnbqri6Iw,Soonseol BAKERY 순백설탕,Lug4Fjidyws,먹으면 데몬이 될 수도 있는,2025-09-10T06:47:04Z,107.0,False,2834,54.0,4.0
5057,UC43IUfUkRQZa-Dsnbqri6Iw,Soonseol BAKERY 순백설탕,jCW51wB8kGI,무방비 상태인 날 지켜줘 댕집사🐶,2025-09-22T11:01:30Z,120.0,False,69771,950.0,17.0
5058,UCfA0tTDLNooBB0ymdoI5M7w,김성룡 바둑랩,Q7ZW0ZNDCgU,[박정환 뚫어 뻥 패감에 중국은 견딜 수가 없네] 타이젬 타임매치 결승전 박정환 VS 자오천위 #김성룡바둑랩 #바둑,2026-04-30T11:30:21Z,1462.0,False,41380,1304.0,11.0
5058,UCfA0tTDLNooBB0ymdoI5M7w,김성룡 바둑랩,1yTd107CAXE,[신민준 2판 연속 맹폭격으로 중국 이기고 우승] 2026 타이젬 타임매치 준결승전 신민준 vs 양딩신 / 결승전 신민준 vs 양카이원 #김성룡바둑랩 #바둑,2026-05-01T03:00:22Z,5035.0,False,31484,984.0,6.0
5058,UCfA0tTDLNooBB0ymdoI5M7w,김성룡 바둑랩,abZ_lV4cFQc,[5.1 박정환 끝나기 1분 전 100%에서 0%추락 후 다시 재역전승] 제31회 GS 칼텍스배 승자 준결승전 박정환 VS 김승진 #김성룡바둑랩 #바둑,2026-05-01T06:59:31Z,1567.0,False,37098,819.0,6.0
5058,UCfA0tTDLNooBB0ymdoI5M7w,김성룡 바둑랩,2QXmz9LQ8ts,[이거 양패 아니냐~ 중국 설마 모르는거 아니지!] 한중슈퍼매치 신진서 vs 투샤오위 #김성룡바둑랩 #바둑,2026-05-01T23:00:02Z,2177.0,False,59876,1381.0,21.0
5058,UCfA0tTDLNooBB0ymdoI5M7w,김성룡 바둑랩,JqTp3t9U8wI,[5.2 자존심을 건 3연전~ 김은지 중앙에서 뭐지] 제6회 쏘팔코사놀배 16강전 김은지 vs 윤준상 #김성룡바둑랩 #바둑,2026-05-02T08:15:00Z,1286.0,False,23464,585.0,4.0
5058,UCfA0tTDLNooBB0ymdoI5M7w,김성룡 바둑랩,atT8oZKmNOI,[5.2 한국 최정의 중반 결정타로 1국 승리] 2026 한중 여자 대항전 1국 최정 vs 탕자원 #김성룡바둑랩 #바둑,2026-05-02T13:08:58Z,1194.0,False,42126,1108.0,6.0
5058,UCfA0tTDLNooBB0ymdoI5M7w,김성룡 바둑랩,PyoAp3A7xqo,[5.3 LIVE 김은지 한중 1위 맞대결 ] 2026 한중 여자 5:5 대항전 2국 김은지 vs 저우훙위 #김성룡바둑랩 #바둑,2026-05-03T07:06:18Z,11558.0,False,36643,1536.0,14.0
5058,UCfA0tTDLNooBB0ymdoI5M7w,김성룡 바둑랩,gVA3UGfiGqg,[5.3 김은지 원투펀치에 중국 1위 대마 전멸] 2026 한중 여자 5:5 대항전 김은지 vs 저우훙위 #김성룡바둑랩 #바둑,2026-05-03T07:17:52Z,1540.0,False,49413,1126.0,14.0
5058,UCfA0tTDLNooBB0ymdoI5M7w,김성룡 바둑랩,VSwYEzOtObI,[신진서의 시원한 뚫어 뻥에 박살난 당이페이] 한중슈퍼매치 신진서 VS 당이페이 #김성룡바둑랩 #바둑,2026-05-03T12:00:50Z,1226.0,False,39246,960.0,4.0
5058,UCfA0tTDLNooBB0ymdoI5M7w,김성룡 바둑랩,oXhEix-EPIg,[5.4 LIVE 오유진 이기면 한국 우승 확정 ] 2026 한중 여자 5:5 대항전 3국 오유진 vs 위즈잉 #김성룡바둑랩 #바둑,2026-05-04T07:10:32Z,10532.0,False,51350,1420.0,20.0
5058,UCfA0tTDLNooBB0ymdoI5M7w,김성룡 바둑랩,PnCo3fhAds4,[천지대패의 시작~ 신들린 신진서 30분] 제2회 란커배 결승 1국 신진서 vs 구쯔하오 2024년 8월19일 경기 #김성룡바둑랩 #바둑,2026-05-04T10:00:43Z,1743.0,False,45312,1039.0,22.0
5058,UCfA0tTDLNooBB0ymdoI5M7w,김성룡 바둑랩,K6JifIMcHoQ,[와! 김은지 여기서 끼우는 묘수를 발견하네~]한일슈퍼매치 김은지 vs 스즈키신지 #김성룡바둑랩 #바둑,2026-05-04T23:00:31Z,907.0,False,39877,945.0,5.0
5058,UCfA0tTDLNooBB0ymdoI5M7w,김성룡 바둑랩,ZoK6qj-np1c,[5.5 LIVE 스미레가 이기면 한국 우승 확정 ] 2026 한중 여자 5:5 대항전 4국 스미레 vs 루민취안 #김성룡바둑랩 #바둑,2026-05-05T06:54:34Z,9302.0,False,49474,2464.0,33.0
5058,UCfA0tTDLNooBB0ymdoI5M7w,김성룡 바둑랩,s_2Sypx6foc,[한국 우승! 스미레 0%에서 던지기 30초 전 중국 대실수로 한국 대역전 우승] 2026 한중 여자 5:5 대항전 스미레 vs 루민취안 2026년 5월4일 #김성룡바둑랩 #바둑,2026-05-05T06:58:54Z,1396.0,False,62629,1492.0,29.0
5058,UCfA0tTDLNooBB0ymdoI5M7w,김성룡 바둑랩,TUpts_QBJwk,[5.5 김은지 순식간에 한칸 뜀 대역전 4강진출] 우승 4천만원 제6회 MOA배 8강전 김은지 vs 김채영 #김성룡바둑랩 #바둑,2026-05-05T23:09:47Z,949.0,False,20844,554.0,3.0
5058,UCfA0tTDLNooBB0ymdoI5M7w,김성룡 바둑랩,YhhoIC3NRYs,[5.6 LIVE 스미레가 이젠 최정과 정면승부를 합니다] 제6회 MOA배 8강전 스미레 vs 최정 #김성룡바둑랩 #바둑,2026-05-06T07:20:21Z,11666.0,False,34730,1119.0,15.0
5058,UCfA0tTDLNooBB0ymdoI5M7w,김성룡 바둑랩,NiIbEYcsINI,[5.6 스미레가 몰랐던 최정의 끼움묘수] 우승 4천만원 제6회 MOA배 8강전 최정 VS 스미레 #김성룡바둑랩 #바둑,2026-05-06T07:33:50Z,1412.0,False,41656,1005.0,11.0
5058,UCfA0tTDLNooBB0ymdoI5M7w,김성룡 바둑랩,0Lor4SEKLIY,[김은지 신나는 회돌이로 대박 터지는건가] 한일슈퍼매치 김은지 vs 스즈키 신지 #김성룡바둑랩 #바둑,2026-05-06T23:00:01Z,1402.0,False,33225,894.0,6.0
5058,UCfA0tTDLNooBB0ymdoI5M7w,김성룡 바둑랩,nRDEORjnf90,[최정 만방으로 시원하게 우승~ 중국 참 안되네~] 우승 1억원 제5회 센코배 결승전 최정 vs 저우훙위 2023년 3월5일 경기 #김성룡바둑랩 #바둑,2026-05-07T07:11:01Z,2745.0,False,67689,1466.0,18.0
5058,UCfA0tTDLNooBB0ymdoI5M7w,김성룡 바둑랩,PdUp81ZgTpg,[5.7 변상일 송곳 같은 치중 한방으로 결승진출] 2026 타이젬 타임매치 준결승전 변상일 vs 류위항 2026년 5월7일 경기 #김성룡바둑랩 #바둑,2026-05-07T22:41:29Z,1073.0,False,20971,513.0,0.0
5058,UCfA0tTDLNooBB0ymdoI5M7w,김성룡 바둑랩,F29LKftsD38,[우승 4억원~ 김은지 밭전자 묘수로 대마 잡고 중국에서 첫승] 제6회 몽백합배 통합 1회전 김은지 vs 쩡추덴 2026년 5월8일 경기 #김성룡바둑랩 #바둑,2026-05-08T08:29:37Z,1324.0,False,33354,1165.0,8.0
5058,UCfA0tTDLNooBB0ymdoI5M7w,김성룡 바둑랩,Dc1XJ7cgjX0,[우승 4억원~ 최정 단수 한방에 중국 우이밍 멸망] 제6회 몽백합배 통합 1회전 최정 vs 우이밍 2026년 5월 8일 경기 #김성룡바둑랩 #바둑,2026-05-08T09:26:46Z,1061.0,False,44059,1213.0,11.0
5058,UCfA0tTDLNooBB0ymdoI5M7w,김성룡 바둑랩,7hEG-S9x5B0,[한국 여자 승리의 결정적 순간 만든 최서비의 붙임묘수~ 한국 3대2 중국] 우승 4억원 제6회 몽백합배 통합1회전 최서비 vs 인취 #김성룡바둑랩 #바둑,2026-05-08T22:00:18Z,847.0,False,30669,926.0,6.0
5058,UCfA0tTDLNooBB0ymdoI5M7w,김성룡 바둑랩,Hs31ENmK2cU,[5.9 LIVE 오늘도 김은지와 최정 중국정벌] 제6회 몽백합배 통합 2회전 김은지 vs 항샤오퉁 #김성룡바둑랩 #바둑,2026-05-09T08:43:56Z,14120.0,False,57251,1587.0,20.0
5058,UCfA0tTDLNooBB0ymdoI5M7w,김성룡 바둑랩,MbfU_Qz0IQA,[우승 4억원~ 배째라 중국한테 대마 잡은 김은지] 제6회 몽백합배 통합 2회전 김은지 vs 항샤오퉁 #김성룡바둑랩 #바둑,2026-05-09T09:00:17Z,1482.0,False,64653,1397.0,17.0
5058,UCfA0tTDLNooBB0ymdoI5M7w,김성룡 바둑랩,_qC1Kzu5AHU,[윤준상 마지막 묘수로 한국 26승21패로 중국에게 승리] 우승 4억원 제6회 몽백합배 통합2회전 윤준상 vs 왕하오양 #김성룡바둑랩 #바둑,2026-05-09T22:00:38Z,780.0,False,19734,598.0,7.0
5058,UCfA0tTDLNooBB0ymdoI5M7w,김성룡 바둑랩,AA6YklQ1bi4,[5.10 LIVE 김은지와 최정 중국정벌 3일차] 제6회 몽백합배 통합 3회전 김은지 vs 왕샹윈 최정 vs 잔잉 #김성룡바둑랩 #바둑,2026-05-10T07:51:45Z,11685.0,False,48913,1950.0,9.0
5058,UCfA0tTDLNooBB0ymdoI5M7w,김성룡 바둑랩,u7LHGYsJWi4,[우승 4억원~ 최정한테 양곤마 몰리면 잡혔다고 봐야지] 제6회 몽백합배 통합 3회전 최정 vs 잔잉 #김성룡바둑랩 #바둑,2026-05-10T08:06:04Z,1180.0,False,46631,1153.0,8.0
5058,UCfA0tTDLNooBB0ymdoI5M7w,김성룡 바둑랩,Uro6nW93s68,[우승 4억원~ 김은지 단수 안 받고 공격으로 끝] 제6회 몽백합배 통합 3회전 김은지 vs 왕샹윈 #김성룡바둑랩 #바둑,2026-05-10T09:02:31Z,1098.0,False,34577,885.0,9.0
5058,UCfA0tTDLNooBB0ymdoI5M7w,김성룡 바둑랩,_dYvZFAnSLI,[중국 2위 탕자원 탈락 시킨 허서현 기적의 순간] 우승 4억원 제6회 몽백합배 통합 3회전 허서현 vs 탕자원 #김성룡바둑랩 #바둑,2026-05-10T10:33:18Z,936.0,False,52028,1231.0,14.0
5058,UCfA0tTDLNooBB0ymdoI5M7w,김성룡 바둑랩,U9E1U5FdjaA,[한국 여자바둑의 날! 중국한테 5:0 퍼펙트 승리] 우승 4억원 제6회 몽백합배 통합 3회전 하이라이트 #김성룡바둑랩 #바둑,2026-05-10T22:00:34Z,1030.0,False,31326,1061.0,14.0
5058,UCfA0tTDLNooBB0ymdoI5M7w,김성룡 바둑랩,J2zElxVCWyw,[5.11 LIVE 최정과 함께 한국 팀 중국정벌 4일차] 제6회 몽백합배 통합 4회전 최정 vs 리허 #김성룡바둑랩 #바둑,2026-05-11T08:40:29Z,14413.0,False,66470,2161.0,20.0
5058,UCfA0tTDLNooBB0ymdoI5M7w,김성룡 바둑랩,hq821YMQ07M,[우승 4억원~ 최정 축머리 묘수로 이제 결승만 남았다] 제6회 몽백합배 통합 4회전 최정 VS 리허 #김성룡바둑랩 #바둑,2026-05-11T08:43:42Z,866.0,False,45053,1250.0,15.0
5058,UCfA0tTDLNooBB0ymdoI5M7w,김성룡 바둑랩,8-6lOdDr41c,[몽백합배 한국 여자 바둑 중국한테 4승0패~ 최정 김은지 허서현 최민서 모두 이겼다] #김성룡바둑랩 #바둑,2026-05-11T15:11:31Z,749.0,False,36046,817.0,17.0
5058,UCfA0tTDLNooBB0ymdoI5M7w,김성룡 바둑랩,XQcFl3GpYMQ,[우승 4억원~ 빵따냄 주고 쫄딱 망한 최정! 이것이 대역전의 시작] 제6회 몽백합배 통합 결승전 최정 vs 양쯔셴 #김성룡바둑랩 #바둑,2026-05-12T10:07:39Z,1342.0,False,62855,1494.0,29.0
5058,UCfA0tTDLNooBB0ymdoI5M7w,김성룡 바둑랩,yIxdLVIBi4U,[5.12 LIVE 최정 김은지 허서현 최민서 중국과 마지막 결승전 ] 제6회 몽백합배 통합 결승전 최정 vs 양쯔셴 김은지 vs 루민취안 #김성룡바둑랩 #바둑,2026-05-12T10:14:21Z,19390.0,False,81378,2547.0,9.0
5058,UCfA0tTDLNooBB0ymdoI5M7w,김성룡 바둑랩,SzU2IugA2Jg,[우승 4억원~ 최정 김은지 허서현 최민서 몽백합배 통합 결승전 하이라이트] #김성룡바둑랩 #바둑,2026-05-12T22:00:28Z,963.0,False,23156,685.0,5.0
5058,UCfA0tTDLNooBB0ymdoI5M7w,김성룡 바둑랩,mb8uvNsULug,[중국 좋다 말았네~ 신진서 1%에서 기적의 대역전승] 우승 4억원 제5회 몽백합배 64강전 신진서 vs 저우훙위 2023년 8월3일 경기 #김성룡바둑랩 #바둑,2026-05-13T03:00:54Z,1007.0,False,62486,1274.0,15.0
5058,UCfA0tTDLNooBB0ymdoI5M7w,김성룡 바둑랩,bbTVHN6cgNE,[5.13 박정환 결승진출~ 32승 5패 다승 승률 모두 1위] 제31회 GS 칼텍스배 승자 준결승전 박정환 vs 신민준 #김성룡바둑랩 #바둑,2026-05-13T07:59:04Z,870.0,False,25023,723.0,4.0
5058,UCfA0tTDLNooBB0ymdoI5M7w,김성룡 바둑랩,mu7vb6SzGAE,[중국팬들 완전 멘붕~ 최정 100집 대마 잡고 대역전승] 제5회 몽백합배 64강전 최정 vs 구리 2023년 8월3일 경기 #김성룡바둑랩 #바둑,2026-05-13T23:00:44Z,2037.0,False,57092,1156.0,33.0
5058,UCfA0tTDLNooBB0ymdoI5M7w,김성룡 바둑랩,DPZKfEJ9KN4,[역전 그리고 다시 대역전~ 신진서 이 바둑 재미있네요] 우승 4억원 제5회 몽백합배 32강전 신진서 vs 판팅위 2023년 8월4일 경기 #김성룡바둑랩 #바둑,2026-05-14T07:00:08Z,1228.0,False,45565,959.0,17.0
5058,UCfA0tTDLNooBB0ymdoI5M7w,김성룡 바둑랩,VGZablGKXho,"[5,14 스미레 때문에 난리난 5월14일 오후 4시 20분] 우승 4천만원 제6회 MOA배 패자1회전 스미레 VS 최민서 #김성룡바둑랩 #바둑",2026-05-14T11:00:47Z,924.0,False,44624,891.0,8.0
5058,UCfA0tTDLNooBB0ymdoI5M7w,김성룡 바둑랩,XS8LL4ydqPI,[최정한테 100집짜리 양곤마는 죽었다고 봐야지] 한중슈퍼매치 최정 VS 왕슈오 #김성룡바둑랩 #바둑,2026-05-14T22:00:43Z,679.0,False,19530,458.0,4.0
5058,UCfA0tTDLNooBB0ymdoI5M7w,김성룡 바둑랩,bFjEFStIZrc,[신진서의 빈삼각~ 대역전은 시작 되었다] 제3회 란커배 결승 2국 신진서 vs 당이페이 2025년 10월 14일 경기 #김성룡바둑랩 #바둑,2026-05-15T03:30:20Z,1948.0,False,42230,926.0,6.0
5058,UCfA0tTDLNooBB0ymdoI5M7w,김성룡 바둑랩,a5ncMHY1mzU,[박정환의 필살기에 얼마나 놀랐으면 왕싱하오 안되네] 한중슈퍼매치 박정환 VS 왕싱하오 #김성룡바둑랩 #바둑,2026-05-15T11:00:00Z,1928.0,False,23839,720.0,6.0
5058,UCfA0tTDLNooBB0ymdoI5M7w,김성룡 바둑랩,Va7UpeeGCqU,[최정 노림을 전혀 몰랐던 이치리키료의 최후] 한일슈퍼매치 최정 vs 이치리키료 #김성룡바둑랩 #바둑,2026-05-15T23:00:30Z,978.0,False,30944,980.0,4.0
5058,UCfA0tTDLNooBB0ymdoI5M7w,김성룡 바둑랩,hJRgauRr2bE,[박정환 역사에 남을 대역전승~ 중국이 기가 막혀] 제15회 춘란배 16강전 박정환 vs 리웨이칭 2024년 3월21일 경기 #김성룡바둑랩 #바둑,2026-05-16T03:21:45Z,2372.0,False,33746,705.0,8.0
5058,UCfA0tTDLNooBB0ymdoI5M7w,김성룡 바둑랩,VSYAa7EPqKQ,[상상도 못했다~ 신진서 묘한 곳을 뚫어 박살을 내 버리네] 제14회 춘란배 16강전 신진서 vs 리친청 2022년 3월24일 경기 #김성룡바둑랩 #바둑,2026-05-16T10:00:47Z,1305.0,False,31933,742.0,9.0
5058,UCfA0tTDLNooBB0ymdoI5M7w,김성룡 바둑랩,iQq2oHvjDkM,[5.16 김은지 교묘한 자충으로 갑조리거 대마 올킬] 2026 한중슈퍼매치 김은지 vs 롱이 #김성룡바둑랩 #바둑,2026-05-16T23:19:28Z,1159.0,False,13444,571.0,4.0
5058,UCfA0tTDLNooBB0ymdoI5M7w,김성룡 바둑랩,6AIsoO684Q0,[박정환의 일도양단에 중국 대마가 가쓰요~] 제15회 춘란배 8강전 박정환 vs 구쯔하오 2024년 12월17일 경기 #김성룡바둑랩 #바둑,2026-05-17T04:20:31Z,1475.0,False,3683,256.0,0.0
5059,UCtkQiKg8NJXiziQN6bJcNbA,eNEWS24,kZs9teaOoDk,"[LIVE] '컴백' 홍자(HONG JA), '눈물의 술잔' 무대 최초공개! 미스틱표 곰탕 보이스",2021-04-29T10:00:17Z,217.0,False,9031,472.0,63.0
5059,UCtkQiKg8NJXiziQN6bJcNbA,eNEWS24,gjjCPb8w5cU,"'컴백' 오마이걸 (OH MY GIRL), 'Dear you' (나의 봄에게)무대 최초공개!  Showcase Stage FULL.ver",2021-05-10T09:00:14Z,221.0,False,18241,1041.0,67.0
5059,UCtkQiKg8NJXiziQN6bJcNbA,eNEWS24,wXiZMIGWTOU,"'컴백' 오마이걸 (OH MY GIRL), ‘DUN DUN DANCE’ 무대 최초공개!  Showcase Stage FULL.ver",2021-05-10T09:00:14Z,226.0,False,316088,12833.0,1009.0
5059,UCtkQiKg8NJXiziQN6bJcNbA,eNEWS24,0NJUXftTRPg,"'컴백' 원어스(ONEUS),'BLACK MIRROR'(블랙미러) 무대 공개! Showcase   Stage FULL.ver | eNEWS 210511 방송",2021-05-11T10:34:37Z,223.0,False,744,68.0,3.0
5059,UCtkQiKg8NJXiziQN6bJcNbA,eNEWS24,EVoRyLTr0-A,"'진격돌' 블리처스(BLITZERS), 데뷔 앨범 타이틀곡 'Breathe Again' 쇼케이스 무대 | eNEWS 210512 방송",2021-05-12T07:12:13Z,217.0,False,53,4.0,1.0
5059,UCtkQiKg8NJXiziQN6bJcNbA,eNEWS24,os9h9eiaVZE,"'데뷔' 블리처스(BLITZERS), 수록곡 'Blitz(블리츠)' 쇼케이스 무대 | eNEWS 210512 방송",2021-05-12T09:00:15Z,172.0,False,67,6.0,0.0
5059,UCtkQiKg8NJXiziQN6bJcNbA,eNEWS24,pv-nxnA_DQE,"블리처스(BLITZERS), '개인 + 단체' 반짝반짝 꽃미모 포토월 | eNEWS 210512 방송",2021-05-12T09:00:15Z,579.0,False,50,5.0,0.0
5059,UCtkQiKg8NJXiziQN6bJcNbA,eNEWS24,UOCeQ71pW4o,"블리처스(BLITZERS), 따라하기 쉬운 '후드춤' 포인트 안무 | eNEWS 210512 방송",2021-05-12T09:00:20Z,112.0,False,55,1.0,0.0
5059,UCtkQiKg8NJXiziQN6bJcNbA,eNEWS24,TnKpYieGO44,"'컴백' 에스파(aespa), 괴물신인 입증할 'Next Level' PRESS CONFERENCE",2021-05-17T08:28:51Z,64.0,False,1240,56.0,1.0
5059,UCtkQiKg8NJXiziQN6bJcNbA,eNEWS24,_bQBOixX0ps,"'컴백' 에스파(aespa),  'Next Level' 레벨업된 퍼포먼스 포인트는? aespa PRESS CONFERENCE",2021-05-17T08:39:28Z,67.0,False,590,20.0,0.0
5059,UCtkQiKg8NJXiziQN6bJcNbA,eNEWS24,gZZ5M7J2WqY,"'컴백' 에스파(aespa), 'Next Level' SM 이수만 회장의 조언은? aespa PRESS CONFERENCE",2021-05-17T08:50:12Z,63.0,False,10057,229.0,8.0
5059,UCtkQiKg8NJXiziQN6bJcNbA,eNEWS24,MAwt7bXtrp0,"‘뉴트로 요정’ 로켓펀치(Rocket Punch), 컴백 타이틀곡 '링링(Ring Ring)' 쇼케이스 무대 | eNEWS 210517 방송",2021-05-17T09:00:14Z,180.0,False,425,39.0,5.0
5059,UCtkQiKg8NJXiziQN6bJcNbA,eNEWS24,_P5vP7ahB6U,"'컴백' 로켓펀치(Rocket Punch), '복고 감성' 포인트 안무 | eNEWS 210517 방송",2021-05-17T09:00:16Z,106.0,False,236,24.0,0.0
5059,UCtkQiKg8NJXiziQN6bJcNbA,eNEWS24,-uuPOodpUz4,"'컴백' 로켓펀치(Rocket Punch), 수록곡 'Ride(라이드)' 쇼케이스 무대 | eNEWS 210517 방송",2021-05-17T09:00:17Z,204.0,False,1999,153.0,12.0
5059,UCtkQiKg8NJXiziQN6bJcNbA,eNEWS24,hpamCuhUyz8,"'컴백' 에스파(aespa), 세계관 공개! '우린 광야 대스타 될듯' aespa PRESS CONFERENCE",2021-05-17T09:01:34Z,103.0,False,1002,49.0,3.0
5059,UCtkQiKg8NJXiziQN6bJcNbA,eNEWS24,Irs81PbmxJc,"'컴백' 로켓펀치(Rocket Punch), '레트로 여신' 비주얼 포토월 | eNEWS 210517 방송",2021-05-17T10:17:49Z,442.0,False,166,13.0,1.0
5059,UCtkQiKg8NJXiziQN6bJcNbA,eNEWS24,driwXyDBxx4,"방탄소년단(BTS) 슈가, 어깨 많이 좋아져 '멤버별 TMI 근황 토크' Global Press Conference 'Butter'",2021-05-21T09:33:38Z,187.0,False,3097,177.0,7.0
5059,UCtkQiKg8NJXiziQN6bJcNbA,eNEWS24,PMZ-dOjMvjo,"방탄소년단(BTS) RM, '버터' 참여 소감은? '글로벌 서머곡 탄생!' Global Press Conference 'Butter'",2021-05-21T09:51:18Z,129.0,False,227,20.0,3.0
5059,UCtkQiKg8NJXiziQN6bJcNbA,eNEWS24,jRrtnkmpHso,"방탄소년단(BTS) 진X정국, 머리를 맞대고 고민하니 그 모양? '멤버들 빵터져' Global Press Conference 'Butter'",2021-05-21T10:10:52Z,72.0,False,35315,902.0,32.0
5059,UCtkQiKg8NJXiziQN6bJcNbA,eNEWS24,kCR45JTEem4,방탄소년단(BTS) 'BBMA' 노미네이트 소감은? '빌보드 1위도 해내겠다' Global Press Conference 'Butter',2021-05-21T10:36:12Z,178.0,False,3771,172.0,6.0
5059,UCtkQiKg8NJXiziQN6bJcNbA,eNEWS24,3kTSosexuWU,"'컴백' 에버글로우 (EVERGLOW), 'FIRST' 무대 최초공개! EVERGLOW Showcase Stage Full.ver",2021-05-25T09:00:02Z,221.0,False,4403,259.0,13.0
5059,UCtkQiKg8NJXiziQN6bJcNbA,eNEWS24,2WeknfNE-bk,"'컴백' 에버글로우 (EVERGLOW), 'Please Please' 무대 최초공개! EVERGLOW Showcase Stage Full.ver",2021-05-25T09:10:36Z,244.0,False,3283,122.0,5.0
5059,UCtkQiKg8NJXiziQN6bJcNbA,eNEWS24,asGnrD9s0CA,"투모로우바이투게더(TXT), 한국-미국에 이어 일본까지! ‘라인뮤직’ 이틀 연속 1위 ‘0X1=LOVESONG’ | eNEWS 210603 방송",2021-06-03T04:27:52Z,71.0,False,429,6.0,0.0
5059,UCtkQiKg8NJXiziQN6bJcNbA,eNEWS24,9V0_rdptQNg,"'컴백' 고스트나인(GHOST9), 타이틀곡 '밤샜다' 쇼케이스 무대 | eNEWS 210603 방송",2021-06-03T09:00:10Z,203.0,False,64,2.0,0.0
5059,UCtkQiKg8NJXiziQN6bJcNbA,eNEWS24,RQOfsx_fnus,"'컴백' 고스트나인(GHOST9), 수록곡 'Antenna(안테나)' 쇼케이스 무대 | eNEWS 210603 방송",2021-06-03T09:00:12Z,219.0,False,158,9.0,0.0
5059,UCtkQiKg8NJXiziQN6bJcNbA,eNEWS24,navyvIifFlI,"'스쿨룩' 고스트나인(GHOST9), 청량 소년미 비주얼로 눈호강 '쇼케이스 포토월' | eNEWS 210603 방송",2021-06-03T09:01:25Z,421.0,False,156,3.0,0.0
5059,UCtkQiKg8NJXiziQN6bJcNbA,eNEWS24,uc_rbMaLHFI,"고스트나인(GHOST9), 포인트 안무 이름이 '청계산'?! 등산하는 춤 | eNEWS 210603 방송",2021-06-03T09:03:30Z,151.0,False,203,5.0,0.0
5059,UCtkQiKg8NJXiziQN6bJcNbA,eNEWS24,hnuMF6k3BEY,"故유상철, 빈소현장 하늘의 별이 된 전설 ""이별 너무 힘들다.. 편안하길""",2021-06-08T04:08:46Z,73.0,False,26650,191.0,33.0
5059,UCtkQiKg8NJXiziQN6bJcNbA,eNEWS24,a7kanmu5P4I,"[LIVE] '데뷔' 이펙스 (EPEX), ‘Lock Down(락 다운)' 무대 최초공개!  Showcase Stage Full.ver",2021-06-08T09:00:13Z,211.0,False,7338,875.0,47.0
5059,UCtkQiKg8NJXiziQN6bJcNbA,eNEWS24,ZrBTsunc2Hg,"[LIVE] '컴백' 위아이(WEi), 'BYE BYE BYE' 무대 최초공개! Showcase Stage Full.ver",2021-06-09T09:30:11Z,206.0,False,6637,556.0,39.0
5059,UCtkQiKg8NJXiziQN6bJcNbA,eNEWS24,BAo-X_7yYwc,"[LIVE] '컴백' 위아이(WEi), ‘Waitin’(웨이팅’)’무대 최초공개! Showcase Stage Full.ver",2021-06-09T09:36:54Z,190.0,False,4101,368.0,23.0
5059,UCtkQiKg8NJXiziQN6bJcNbA,eNEWS24,OjQtjx3z9Rc,"[LIVE] '데뷔' LIGHTSUM (라잇썸), 'INTRO+바닐라(Vanilla)'무대 최초공개!  Showcase Stage Full.ver",2021-06-10T09:00:13Z,303.0,False,1568,60.0,3.0
5059,UCtkQiKg8NJXiziQN6bJcNbA,eNEWS24,OrrxeV71Wrc,"'컴백' 브레이브걸스 (BraveGirls), '치맛바람'(Chi Mat Ba Ram) 무대 공개! BraveGirls Showcase Stage Full.ver",2021-06-17T10:17:40Z,220.0,False,794,22.0,0.0
5059,UCtkQiKg8NJXiziQN6bJcNbA,eNEWS24,FPq5BnzIsVo,"'컴백' 브레이브걸스 (BraveGirls), '풀 파티(Pool Party)' 무대 공개! BraveGirls Showcase Stage Full.ver",2021-06-17T10:26:16Z,155.0,False,4163,114.0,15.0
5059,UCtkQiKg8NJXiziQN6bJcNbA,eNEWS24,Cduvol-MzIE,"'컴백' 이달의 소녀 (LOONA), 'PTT (Paint The Town)'무대 최초공개! LOONA Showcase Stage Full.ver",2021-06-28T09:57:36Z,204.0,False,181519,13737.0,591.0
5059,UCtkQiKg8NJXiziQN6bJcNbA,eNEWS24,bNNW3m75SFc,"'컴백' 이달의 소녀 (LOONA), 'WOW' 무대 최초공개! LOONA Showcase Stage Full.ver",2021-06-28T10:16:44Z,182.0,False,30070,1953.0,84.0
5059,UCtkQiKg8NJXiziQN6bJcNbA,eNEWS24,t-Mz1DUxSyk,"[LIVE] 저스트비(JUST B), '데미지'(DAMAGE) 무대 최초공개! '방용국 프로듀싱' JUST B Showcase Stage Full.ver",2021-06-30T09:00:12Z,184.0,False,17952,1904.0,97.0
5059,UCtkQiKg8NJXiziQN6bJcNbA,eNEWS24,V9xAhY2serY,"[LIVE] 저스트비(JUST B), '겟 어웨이'(Get Away) 무대 최초공개! '오디션 출신 다 모였다' JUST B Showcase Stage Full.ver",2021-06-30T09:00:13Z,214.0,False,10745,1180.0,80.0
5059,UCtkQiKg8NJXiziQN6bJcNbA,eNEWS24,OAJ_v5y1a8U,"'컴백' 드림캐쳐 (DREAMCATCHER), 'BEcause' 무대 최초공개! 첫 사랑 노래 부르는 청양돌! DREAMCATCHER SHOWCASE STAGE FULL",2021-07-30T09:00:13Z,195.0,False,20155,2580.0,59.0
5059,UCtkQiKg8NJXiziQN6bJcNbA,eNEWS24,jSWWi0p7J5E,"'컴백' 아스트로(ASTRO), 타이틀곡 ‘After Midnight’(애프터 미드나잇) 쇼케이스 무대 | eNEWS 210802 방송",2021-08-02T09:00:09Z,192.0,False,97014,11146.0,373.0
5059,UCtkQiKg8NJXiziQN6bJcNbA,eNEWS24,Jh1epwWXbvM,"'컴백' 골든차일드(Golden Child), 'Ra Pam Pam'무대 최초공개!  Showcase Stage Full.ver",2021-08-02T09:31:56Z,214.0,False,6328,645.0,34.0
5059,UCtkQiKg8NJXiziQN6bJcNbA,eNEWS24,IX84Q_AXllM,"'컴백' 박지훈 (PARK JI HOON), 'Gallery(갤러리)' 무대 최초공개!  Showcase Stage Full.ver",2021-08-12T09:06:36Z,190.0,False,695,104.0,5.0
5059,UCtkQiKg8NJXiziQN6bJcNbA,eNEWS24,Zm-GkLXWPKY,"'컴백' 박지훈 (PARK JI HOON), 'LOST (feat.릴보이)' 무대 최초공개!  Showcase Stage Full.ver",2021-08-12T09:19:05Z,200.0,False,1506,141.0,10.0
5059,UCtkQiKg8NJXiziQN6bJcNbA,eNEWS24,01NdQAFeYtk,"'컴백' CIX (씨아이엑스), '웨이브(WAVE)' 무대 최초공개!  Showcase Stage Full.ver",2021-08-17T10:17:47Z,203.0,False,5191,672.0,25.0
5059,UCtkQiKg8NJXiziQN6bJcNbA,eNEWS24,iPglM9Zep20,"'컴백' 투모로우바이투게더(TXT), 포토타임 노컷버전! '사진 찍게 만드는 꽃미남'",2021-08-17T10:57:59Z,70.0,False,299,23.0,1.0
5059,UCtkQiKg8NJXiziQN6bJcNbA,eNEWS24,blHT2RbEoLM,"'컴백' 크래비티 (CRAVITY), ‘Gas Pedal’ 무대 최초공개!  Showcase Stage Full.ver",2021-08-19T09:10:58Z,200.0,False,1016,106.0,12.0
5059,UCtkQiKg8NJXiziQN6bJcNbA,eNEWS24,7vXVqQZ8chQ,"'컴백' T1419, '은닉' 무대 최초공개! '올라운더 아이돌' Showcase Stage Full.ver",2021-08-23T09:00:08Z,215.0,False,894,119.0,5.0
5059,UCtkQiKg8NJXiziQN6bJcNbA,eNEWS24,gdu2g0xMWNQ,"'컴백' T1419, 'FLEX'(플렉스)무대 최초공개! '1위 노린다'  Showcase Stage Full.ver",2021-08-23T09:00:11Z,221.0,False,2879,435.0,43.0
5059,UCtkQiKg8NJXiziQN6bJcNbA,eNEWS24,raDTfe6dLMA,"'컴백' 스테이씨 (STAYC), '색안경'(STEREOTYPE) 무대 최초공개! Showcase Stage Full.ver",2021-09-06T09:00:12Z,191.0,False,7184,274.0,17.0
5059,UCtkQiKg8NJXiziQN6bJcNbA,eNEWS24,BP5BDoiJT-0,"'4세대 대표 그룹' 스테이씨(STAYC), ‘색안경’으로 데뷔 10개월 만에 음원 차트 첫 1위 '쾌거' | eNEWS 210907 방송",2021-09-07T04:12:48Z,126.0,False,9885,39.0,1.0
5060,UC4nEQI74rZkFKlUSwi0ur4A,상남자의 여행법,l5JqthgBDIk,낚시왕 강대성🎣 오락실에서 전완근 불태우는 아조씨들 | #상남자의여행법 EP.03,2026-05-05T13:55:01Z,586.0,False,49270,540.0,33.0
5060,UC4nEQI74rZkFKlUSwi0ur4A,상남자의 여행법,bjkJy01JIPc,추쪽이 조련사 대성 힘차게 등-장🧙 도합 600만 구독자 유튜바의 촬영 스킬 | #상남자의여행법 EP.03,2026-05-05T14:00:55Z,565.0,False,41447,419.0,22.0
5060,UC4nEQI74rZkFKlUSwi0ur4A,상남자의 여행법,dgOgTBO7cFI,뉴빅뱅이 부릅니다🔥판타스틱 베이비🔥흑돼지 돈가스에 딥슬립 완 | #상남자의여행법 EP.03,2026-05-05T14:05:02Z,712.0,False,44554,538.0,32.0
5060,UC4nEQI74rZkFKlUSwi0ur4A,상남자의 여행법,JmhUEM0mbuQ,모래 삽질 드가자⛱️ 찜질할 때 가운데(?) 조심해 (+마인드컨트롤 필수) | #상남자의여행법 EP.03,2026-05-05T14:10:00Z,853.0,False,50314,562.0,48.0
5060,UC4nEQI74rZkFKlUSwi0ur4A,상남자의 여행법,2E0HSKUPRFk,추성훈의 하이힐 #상남자의여행법 #대성 #김종국 #추성훈,2026-05-06T08:00:01Z,27.0,True,31278,160.0,3.0
5060,UC4nEQI74rZkFKlUSwi0ur4A,상남자의 여행법,4zFCKvPe9pM,천상의 맛 #상남자의여행법 #대성 #김종국 #추성훈,2026-05-06T08:00:05Z,34.0,True,36667,341.0,5.0
5060,UC4nEQI74rZkFKlUSwi0ur4A,상남자의 여행법,LG5NrKrXnoI,뉴빅뱅 #상남자의여행법 #대성 #김종국 #추성훈 #빅뱅,2026-05-06T08:00:19Z,32.0,True,25677,282.0,3.0
5060,UC4nEQI74rZkFKlUSwi0ur4A,상남자의 여행법,LcmmRnZaRHs,[4회 예고] 자존심 걸래 말래? 레전드 승부욕 ※데시벨 주의※ | #상남자의여행법 | 5월 5일 (화) SBS Plus,2026-05-06T08:00:24Z,31.0,True,8055,159.0,11.0
5060,UC4nEQI74rZkFKlUSwi0ur4A,상남자의 여행법,E2RqW_4DjBI,오락은 기세다 #상남자의여행법 #대성 #김종국 #추성훈,2026-05-06T08:00:26Z,76.0,False,7818,211.0,3.0
5060,UC4nEQI74rZkFKlUSwi0ur4A,상남자의 여행법,WZzrXR-eXvM,제작진 기강잡기 #상남자의여행법 #김종국 #추성훈,2026-05-06T08:00:27Z,34.0,True,21661,185.0,4.0
5060,UC4nEQI74rZkFKlUSwi0ur4A,상남자의 여행법,b73IN5iEh5w,스윗 대성 #상남자의여행법 #대성 #김종국 #추성훈,2026-05-06T08:00:37Z,45.0,True,16426,239.0,6.0
5060,UC4nEQI74rZkFKlUSwi0ur4A,상남자의 여행법,cbqhapNjZd8,대성이도 시작된 R&B #상남자의여행법 #대성 #김종국 #추성훈,2026-05-06T08:00:40Z,26.0,True,17271,293.0,5.0
5060,UC4nEQI74rZkFKlUSwi0ur4A,상남자의 여행법,gMo0aAN_Rxo,노팬티 찜질 #상남자의여행법 #대성 #김종국 #추성훈,2026-05-06T08:00:43Z,26.0,True,22343,110.0,4.0
5060,UC4nEQI74rZkFKlUSwi0ur4A,상남자의 여행법,d0gl473gRkc,귀한 내가 이런 걸 들어도 될까 #상남자의여행법 #대성 #김종국 #추성훈,2026-05-06T08:00:44Z,45.0,True,25565,244.0,11.0
5060,UC4nEQI74rZkFKlUSwi0ur4A,상남자의 여행법,fX6SLVG_d_o,눈치보는 존국 #상남자의여행법 #대성 #김종국 #추성훈,2026-05-06T08:00:45Z,31.0,True,33265,269.0,12.0
5060,UC4nEQI74rZkFKlUSwi0ur4A,상남자의 여행법,kB_XR2glvSY,저도 대성이 좋아해요 #상남자의여행법 #대성 #김종국 #추성훈,2026-05-06T08:00:48Z,34.0,True,12725,170.0,5.0
5060,UC4nEQI74rZkFKlUSwi0ur4A,상남자의 여행법,p75iKKiwcjo,추쪽이 조련사 대성 #상남자의여행법 #대성 #김종국 #추성훈,2026-05-06T08:00:51Z,41.0,True,8114,138.0,7.0
5060,UC4nEQI74rZkFKlUSwi0ur4A,상남자의 여행법,rFI05vrYUCY,동생모드 ON #상남자의여행법 #대성 #김종국 #추성훈,2026-05-06T08:00:51Z,43.0,True,4407,94.0,1.0
5060,UC4nEQI74rZkFKlUSwi0ur4A,상남자의 여행법,vpHpBz3VVJ8,낚시왕 대성 #상남자의여행법 #대성 #김종국 #추성훈,2026-05-06T08:00:55Z,45.0,True,5426,125.0,1.0
5060,UC4nEQI74rZkFKlUSwi0ur4A,상남자의 여행법,s1G0MtsCAE8,사오정 추쪽이 #상남자의여행법 #대성 #김종국 #추성훈,2026-05-06T08:01:03Z,62.0,False,8246,132.0,11.0
5060,UC4nEQI74rZkFKlUSwi0ur4A,상남자의 여행법,yWOI_Br0oqs,대성 단독채널이 되..☆ #상남자의여행법 #대성 #김종국 #추성훈,2026-05-06T08:01:04Z,38.0,True,5740,163.0,6.0
5060,UC4nEQI74rZkFKlUSwi0ur4A,상남자의 여행법,ErL3AlOEbOU,미방분 | 추성훈 은퇴전 심경 고백 (+빈 라덴이 마시던 커피☕) #상남자의여행법 in 규슈,2026-05-06T09:00:18Z,954.0,False,107737,1145.0,264.0
5060,UC4nEQI74rZkFKlUSwi0ur4A,상남자의 여행법,hDAqKzPfcAQ,[4회 선공개] 미스터츄💋 아니 MC 꿈나무 추성훈 ㄷㄷㄷㅈ #상남자의여행법 in 규슈 EP.4,2026-05-09T03:00:46Z,205.0,False,20832,366.0,30.0
5060,UC4nEQI74rZkFKlUSwi0ur4A,상남자의 여행법,Ini08nKwV78,[4회 선공개] 사랑꾼 김종국♥ 결혼 티내는 선물 쇼핑🎁 (+커피 생색 아조씨) #상남자의여행법 in 규슈 EP.4,2026-05-10T03:00:30Z,198.0,False,25939,280.0,47.0
5060,UC4nEQI74rZkFKlUSwi0ur4A,상남자의 여행법,5qDLeXraikE,[4회 선공개] 확신의 재능러 강대성ㄷㄷ 시켜줘 다트 선수🎯#상남자의여행법 in 규슈 EP.4,2026-05-11T09:00:09Z,178.0,False,18131,312.0,38.0
5060,UC4nEQI74rZkFKlUSwi0ur4A,상남자의 여행법,Nodc7uwPqoo,카메라 따윈 신경 안 쓰는 아이돌 (아조씨의 식전주 사약 엔딩) | #상남자의여행법 EP.04,2026-05-12T13:30:32Z,528.0,False,29929,423.0,28.0
5060,UC4nEQI74rZkFKlUSwi0ur4A,상남자의 여행법,cL3ljxmrZQk,이거 완전 상남자세끼🍽️ 애주가 추성훈의 고구마소주 블라인드 테스트 결과는? | #상남자의여행법 EP.04,2026-05-12T13:35:01Z,741.0,False,58787,562.0,43.0
5060,UC4nEQI74rZkFKlUSwi0ur4A,상남자의 여행법,GVNhTYZ8SxU,추퀴즈~? 나락 감지 버튼이 눌렸습니다🚨 (신개념 국민MC 등장) | #상남자의여행법 EP.04,2026-05-12T13:40:00Z,490.0,False,16051,209.0,9.0
5060,UC4nEQI74rZkFKlUSwi0ur4A,상남자의 여행법,gc4nW3NJnb8,다트 내기🎯빅뱅 대성이 추성훈 로우킥 맞을 확률은? | #상남자의여행법 EP.04,2026-05-12T13:45:11Z,1068.0,False,60999,549.0,55.0
5060,UC4nEQI74rZkFKlUSwi0ur4A,상남자의 여행법,J86M5O3qf-w,아무리 그래도 짐승이라니 존국아 VS 추쪽이 말리는 조련사 강대성 (료칸 팬미팅) | #상남자의여행법 EP.04,2026-05-12T13:50:00Z,496.0,False,45490,595.0,54.0
5060,UC4nEQI74rZkFKlUSwi0ur4A,상남자의 여행법,pNvNVRE7g3s,당도 한도초과✨ 영피프티 사이에서 막내가 살아남는 법 | #상남자의여행법 EP.04,2026-05-12T13:55:02Z,536.0,False,25683,365.0,37.0
5060,UC4nEQI74rZkFKlUSwi0ur4A,상남자의 여행법,nlzCvVexy6I,"고기 독점하는 추쪽이 VS 달래는 조련사 대성 (대장 내시경 추천 국종, 흑돼지 샤브샤브🐽) | #상남자의여행법 EP.04",2026-05-12T14:01:14Z,667.0,False,56038,559.0,62.0
5060,UC4nEQI74rZkFKlUSwi0ur4A,상남자의 여행법,C069p8SsEsU,PD 로우킥 걸고 만든 최초의 예능👊 시즌2 대성이 어디 가고 싶어? | #상남자의여행법 EP.04,2026-05-12T14:05:01Z,612.0,False,41838,741.0,167.0
5060,UC4nEQI74rZkFKlUSwi0ur4A,상남자의 여행법,acl8G6cDIY8,이 아조씨 왜 이래요 #상남자의여행법 #대성 #김종국 #추성훈,2026-05-13T08:00:00Z,44.0,True,37400,323.0,16.0
5060,UC4nEQI74rZkFKlUSwi0ur4A,상남자의 여행법,1GYgruaKgGU,대성이의 추저씨 길들이기 #상남자의여행법 #대성 #김종국 #추성훈,2026-05-13T08:00:02Z,34.0,True,20196,234.0,11.0
5060,UC4nEQI74rZkFKlUSwi0ur4A,상남자의 여행법,EDXXFam78T0,다중이 추성훈 #상남자의여행법 #대성 #김종국 #추성훈,2026-05-13T08:00:11Z,41.0,True,25890,195.0,2.0
5060,UC4nEQI74rZkFKlUSwi0ur4A,상남자의 여행법,9z9fXeZX5Ig,운동 빠가(?) 짐종국 #상남자의여행법 #대성 #김종국 #추성훈,2026-05-13T08:00:15Z,41.0,True,22203,225.0,5.0
5060,UC4nEQI74rZkFKlUSwi0ur4A,상남자의 여행법,JT7gzyNvEI4,추성훈 술 선물에 대성이 반응 #상남자의여행법 #추성훈 #김종국 #대성,2026-05-13T08:00:16Z,41.0,True,106698,894.0,29.0
5060,UC4nEQI74rZkFKlUSwi0ur4A,상남자의 여행법,_RvExvpCpHE,다트 천재 대성 #상남자의여행법 #대성 #김종국 #추성훈,2026-05-13T08:00:29Z,29.0,True,23701,122.0,8.0
5060,UC4nEQI74rZkFKlUSwi0ur4A,상남자의 여행법,GbEusUZiIsA,추쪽이 사약 엔딩 #상남자의여행법 #대성 #김종국 #추성훈,2026-05-13T08:00:30Z,41.0,True,27120,256.0,23.0
5060,UC4nEQI74rZkFKlUSwi0ur4A,상남자의 여행법,NhjIUn9Hc60,제니 만난 아조씨 #상남자의여행법 #추성훈 #김종국 #제니,2026-05-13T08:00:31Z,39.0,True,16809,154.0,0.0
5060,UC4nEQI74rZkFKlUSwi0ur4A,상남자의 여행법,SuW8Wk56D00,바람 맞는 강쥐 아니 대성 #상남자의여행법 #김종국 #추성훈 #대성,2026-05-13T08:00:33Z,36.0,True,17808,259.0,9.0
5060,UC4nEQI74rZkFKlUSwi0ur4A,상남자의 여행법,g2TcXZ0c4ZM,대성 로우킥 위기.. 기계 OFF #상남자의여행법 #대성 #김종국 #추성훈,2026-05-13T08:00:40Z,56.0,True,25690,198.0,1.0
5060,UC4nEQI74rZkFKlUSwi0ur4A,상남자의 여행법,lY_tjD95HWE,당도초과 스윗 추저씨 #상남자의여행법 #대성 #김종국 #추성훈 #한도초과,2026-05-13T08:00:44Z,38.0,True,18525,265.0,3.0
5060,UC4nEQI74rZkFKlUSwi0ur4A,상남자의 여행법,oOPzxfDQi-4,막내온탑 대성 #상남자의여행법 #대성 #김종국 #추성훈,2026-05-13T08:00:45Z,42.0,True,6048,142.0,4.0
5060,UC4nEQI74rZkFKlUSwi0ur4A,상남자의 여행법,jBf9b8E2nXY,겁나 상쾌 데스네 #상남자의여행법 #대성 #마사야 #현역가왕,2026-05-13T08:00:48Z,37.0,True,7442,236.0,18.0
5060,UC4nEQI74rZkFKlUSwi0ur4A,상남자의 여행법,o5QA91wvTeg,훌렁훌렁 벗는 대성 #상남자의여행법 #대성 #김종국 #추성훈,2026-05-13T08:00:50Z,35.0,True,15899,233.0,13.0
5060,UC4nEQI74rZkFKlUSwi0ur4A,상남자의 여행법,qfXs8UyeMt8,추퀴즈 온 더 블럭 #상남자의여행법 #대성 #김종국 #추성훈 #유퀴즈,2026-05-13T08:00:51Z,42.0,True,11697,154.0,2.0
5060,UC4nEQI74rZkFKlUSwi0ur4A,상남자의 여행법,rcRtRLz3QVY,앙탈 대성 가보자고 #상남자의여행법 #대성 #김종국 #추성훈,2026-05-13T08:01:00Z,38.0,True,15577,259.0,8.0
5060,UC4nEQI74rZkFKlUSwi0ur4A,상남자의 여행법,CwPipkdnN6g,"미방분 | 대성이의 몰래 온 손님 마사야😉 (+일본어 만렙 강대성, 빙수 맛집) #상남자의여행법 in 규슈",2026-05-13T09:00:17Z,583.0,False,117786,2527.0,265.0
5061,UCIRoiYqgakU4Ep5VLdePUcw,상남자1,dwNOqjbqt20,"돈까스 토네이도, 위험한 맛",2025-08-31T02:55:16Z,133.0,False,74329,828.0,152.0
5061,UCIRoiYqgakU4Ep5VLdePUcw,상남자1,dGvvcTYb_Cg,"케이팝 데몬헌터스 김밥 레시피, 먹방 완벽 재현",2025-09-05T07:27:29Z,148.0,False,473853,6356.0,345.0
5061,UCIRoiYqgakU4Ep5VLdePUcw,상남자1,Vfbz6oA6Fkk,"1억 조회수, 흑백요리사 라면 레시피.. 정말 맛있을까? ft.윤남노 셰프",2025-09-08T07:38:45Z,92.0,False,111559,1203.0,163.0
5061,UCIRoiYqgakU4Ep5VLdePUcw,상남자1,HvT7dZ5hVLg,"휴지 탕수육, 실패없는 레시피 (ft. 에겐남 요리)",2025-09-12T08:11:29Z,168.0,False,120930,1348.0,188.0
5061,UCIRoiYqgakU4Ep5VLdePUcw,상남자1,a6wzUIeCF_Q,이 김스낵 싸가지 없네,2025-09-14T08:50:51Z,44.0,True,73443,602.0,28.0
5061,UCIRoiYqgakU4Ep5VLdePUcw,상남자1,U69_3F8M6kY,국밥을 웨 그렇게 먹어?,2025-09-15T11:39:55Z,15.0,True,25242199,116442.0,272.0
5061,UCIRoiYqgakU4Ep5VLdePUcw,상남자1,E3S6IzeIiuw,"세상에 하나뿐인 레시피, 처음 볼 겁니다 [상남자 요리]",2025-09-20T08:02:53Z,155.0,False,63083,775.0,100.0
5061,UCIRoiYqgakU4Ep5VLdePUcw,상남자1,v7FCIowZnLM,여자를 행복하게 만드는 3가지 [플러팅 기술],2025-09-23T12:50:05Z,27.0,True,74009,489.0,46.0
5061,UCIRoiYqgakU4Ep5VLdePUcw,상남자1,3W4eMop10DU,‘진격의 거인’의 요리 실력,2025-09-26T10:23:09Z,179.0,False,54507,916.0,103.0
5061,UCIRoiYqgakU4Ep5VLdePUcw,상남자1,kqk7nbRRkJk,논란의 ‘추석 음식’ 레시피 (ft.강레오 셰프),2025-10-04T07:37:38Z,158.0,False,65614,1132.0,75.0
5061,UCIRoiYqgakU4Ep5VLdePUcw,상남자1,WjkZFQz83xU,"국밥충, 3년 후 (잊을만하면 나타날게)",2025-10-07T06:54:22Z,14.0,True,200697,711.0,49.0
5061,UCIRoiYqgakU4Ep5VLdePUcw,상남자1,Fm3yr6jSDEw,"1년에 단 하루, 역대급 규모 야장! 케미스트릿 강남역 페스티벌",2025-10-14T08:00:18Z,312.0,False,22080,54.0,44.0
5061,UCIRoiYqgakU4Ep5VLdePUcw,상남자1,oylt775102c,떡치기 플러팅 달인,2025-10-19T07:47:09Z,155.0,False,55388,527.0,105.0
5061,UCIRoiYqgakU4Ep5VLdePUcw,상남자1,gm6PV6bcqmE,"[세계 최초] 논란 종결, OOO 탕수육 레시피🔥ㅣ메뉴 개발 콘텐츠",2025-10-24T11:01:27Z,307.0,False,4190,87.0,72.0
5061,UCIRoiYqgakU4Ep5VLdePUcw,상남자1,NSPR6tLQZn4,"‘없는 메뉴‘ 1탄, 이 음식의 이름을 지어주세요",2025-10-24T12:27:57Z,67.0,False,130341,739.0,120.0
5061,UCIRoiYqgakU4Ep5VLdePUcw,상남자1,L0dESa3KHpk,이런 거 해봤어? 첫경험,2025-10-27T10:28:50Z,32.0,True,38003,224.0,55.0
5061,UCIRoiYqgakU4Ep5VLdePUcw,상남자1,HPA8tSK71ak,[세계 최초] 라면으로 만든 만두🔥 | 메뉴 개발 콘텐츠,2025-11-01T10:00:22Z,215.0,False,31278,166.0,93.0
5061,UCIRoiYqgakU4Ep5VLdePUcw,상남자1,Bhf5kVLuan0,"‘없는 메뉴’ 2탄, 이 음식에 이름을 지어주세요",2025-11-01T11:42:10Z,51.0,True,3753459,28797.0,1538.0
5061,UCIRoiYqgakU4Ep5VLdePUcw,상남자1,NmOj3OlEf2E,[세계 최초] 맛 없으면 채널 삭제. OOO 떡볶이 레시피🔥 | 메뉴 개발 콘텐츠,2025-11-07T10:30:24Z,277.0,False,15835,116.0,71.0
5061,UCIRoiYqgakU4Ep5VLdePUcw,상남자1,omEo3LtYf1M,"‘없는 메뉴’ 3탄, 이 음식의 이름을 지어주세요. 제발",2025-11-07T11:14:41Z,54.0,True,97034,488.0,131.0
5061,UCIRoiYqgakU4Ep5VLdePUcw,상남자1,_3D4Ap9H6sg,"[세계 최초] 안 보면 후회합니다. OOO 파스타, 단독 공개🔥 | 메뉴 개발 콘텐츠",2025-11-14T10:15:09Z,408.0,False,20969,129.0,121.0
5061,UCIRoiYqgakU4Ep5VLdePUcw,상남자1,WbS91XH8bRM,"전세계 단 하나, OOO 파스타 처음 볼 거예요. '없는 메뉴' 4탄",2025-11-14T11:24:16Z,69.0,False,286586,1175.0,357.0
5061,UCIRoiYqgakU4Ep5VLdePUcw,상남자1,39MjrFZdGgg,"대하, 모르면 사기 당하는 겁니다 [진짜 정보]",2025-11-21T11:18:29Z,60.0,True,53265,229.0,55.0
5061,UCIRoiYqgakU4Ep5VLdePUcw,상남자1,WCA8W-PtED4,"[세계 최초] 돈 버세요! OOO 호떡 발명, 레시피 공개🔥 | 메뉴 개발 콘텐츠",2025-11-29T07:30:26Z,535.0,False,7735,67.0,58.0
5061,UCIRoiYqgakU4Ep5VLdePUcw,상남자1,nAmIzExDwRc,"세상 단 하나뿐인, 아이디어 레시피 공개 [없는 메뉴] 5탄",2025-11-29T08:13:25Z,59.0,True,56656,310.0,64.0
5061,UCIRoiYqgakU4Ep5VLdePUcw,상남자1,THLVxTUK2bk,진짜 원조 OO집 입니다. 아무도 몰랐던 진실,2025-12-03T11:24:47Z,66.0,False,36699,198.0,25.0
5061,UCIRoiYqgakU4Ep5VLdePUcw,상남자1,U8G3fw4QkUI,"내가 여자친구를 공개하는 이유 l 엽기적인 그녀, 예슬이",2025-12-06T12:01:05Z,207.0,False,23080,181.0,110.0
5061,UCIRoiYqgakU4Ep5VLdePUcw,상남자1,rjy7NN6G6vM,그냥 공개하고 편하게 연애할게,2025-12-06T14:01:48Z,60.0,True,68627,450.0,71.0
5061,UCIRoiYqgakU4Ep5VLdePUcw,상남자1,B3zdpKcqt2g,첫경험 여자친구 과메기 반응ㅋㅋㅋㅋ,2025-12-11T11:40:43Z,41.0,True,51115,283.0,49.0
5061,UCIRoiYqgakU4Ep5VLdePUcw,상남자1,OzDUSrlv6Go,진짜 귤 먹방,2025-12-13T06:51:53Z,10.0,True,29252,87.0,21.0
5061,UCIRoiYqgakU4Ep5VLdePUcw,상남자1,zxp0eE9LaI4,신박한 ’한우 등심‘ 먹는 방법ㄷㄷㄷ,2025-12-15T10:20:51Z,57.0,True,25517,109.0,31.0
5061,UCIRoiYqgakU4Ep5VLdePUcw,상남자1,lGqc119nuK0,[세계 최초] 여자친구랑 개발한 ‘OO 돈까스 레시피’ 아이디어 무료나눔❤️ㅣ메뉴 개발 콘텐츠,2025-12-20T07:30:33Z,488.0,False,9175,83.0,59.0
5061,UCIRoiYqgakU4Ep5VLdePUcw,상남자1,ADR0qGEOen8,요리로 여자친구 혼내주는 상남자,2025-12-20T08:33:55Z,60.0,True,79205,493.0,115.0
5061,UCIRoiYqgakU4Ep5VLdePUcw,상남자1,6SxDtLTitoY,"여친한테 호빵 리뷰 시켰는데.. 왜 이러는 걸까?ㅣ엽기적인 그녀, 예슬이",2025-12-28T11:00:11Z,149.0,False,8846,64.0,41.0
5061,UCIRoiYqgakU4Ep5VLdePUcw,상남자1,lWgw634mC9Y,호빵 먹는데 옷을 왜 벗어?,2025-12-28T12:01:45Z,58.0,True,32323,164.0,44.0
5061,UCIRoiYqgakU4Ep5VLdePUcw,상남자1,ZBpvou8Tnx0,미녀 보이스피싱범이 날 좋아해?,2026-01-05T10:53:09Z,45.0,True,23584,150.0,11.0
5061,UCIRoiYqgakU4Ep5VLdePUcw,상남자1,xSSGzfoke8s,미녀 보이스피싱범이 내 사진을 보내달라고 해서..,2026-01-06T12:16:02Z,45.0,True,20627,117.0,18.0
5061,UCIRoiYqgakU4Ep5VLdePUcw,상남자1,SobUeLyYf_A,미녀 보이스피싱 참교육🔥 4편,2026-01-07T03:28:24Z,42.0,True,28556,166.0,26.0
5061,UCIRoiYqgakU4Ep5VLdePUcw,상남자1,9Q6JEyoxL8Q,미녀 보이스피싱 사기꾼 수익,2026-01-08T09:41:33Z,43.0,True,29073,133.0,9.0
5061,UCIRoiYqgakU4Ep5VLdePUcw,상남자1,z6vmo6WP0E4,미녀 보이스피싱 사기꾼이 영상통화를 하자고 한다,2026-01-10T03:28:30Z,43.0,True,39042,142.0,6.0
5061,UCIRoiYqgakU4Ep5VLdePUcw,상남자1,ne-7_wKarY0,미녀 보이스피싱 사기꾼과 사귀기로 했습니다,2026-01-11T08:14:37Z,38.0,True,49737,295.0,24.0
5061,UCIRoiYqgakU4Ep5VLdePUcw,상남자1,poJ6-1N5K5I,"실제, 보이스피싱 사기꾼과 영상통화를 해봤습니다",2026-01-13T09:59:10Z,42.0,True,37482,237.0,30.0
5061,UCIRoiYqgakU4Ep5VLdePUcw,상남자1,LHLN40Kos8s,"미녀 보이스피싱 사기꾼과 영상통화 풀버전, 역관광",2026-01-15T10:50:56Z,130.0,False,35408,272.0,24.0
5061,UCIRoiYqgakU4Ep5VLdePUcw,상남자1,zJ1XgMbYQVY,"미녀 로맨스스캠 사기꾼이 보내준, 사이트 링크",2026-01-19T03:44:47Z,106.0,False,44640,571.0,26.0
5061,UCIRoiYqgakU4Ep5VLdePUcw,상남자1,gsqtHCbofsM,[대한민국 1%] 진짜 놀라실 겁니다. 전국 어디에서도 볼 수 없습니다.,2026-01-25T12:01:22Z,379.0,False,17390,444.0,90.0
5061,UCIRoiYqgakU4Ep5VLdePUcw,상남자1,G0OxuWawTak,"전국 어디서도 볼 수 없는, 40년 전통 OO다방의 비밀",2026-01-26T10:36:11Z,50.0,True,2114355,15899.0,1139.0
5061,UCIRoiYqgakU4Ep5VLdePUcw,상남자1,zPYPq7rSubI,"[대한민국 1%] 전국에 단 하나뿐인 빵, 빵순이 빵돌이는 꼭 보셔야 합니다.",2026-02-01T08:01:11Z,385.0,False,1153,19.0,14.0
5061,UCIRoiYqgakU4Ep5VLdePUcw,상남자1,TtUbUWPyHk8,빵에 OO을 넣는 '생활의 달인'의 기술,2026-02-01T08:59:22Z,53.0,True,15897,76.0,9.0
5061,UCIRoiYqgakU4Ep5VLdePUcw,상남자1,ZvivygceA3o,[대한민국 1%] 전국에 단 한 곳 'OOO살 짬뽕' 공개합니다.,2026-02-08T08:30:31Z,300.0,False,2648,33.0,21.0
5061,UCIRoiYqgakU4Ep5VLdePUcw,상남자1,Xc67nFDhwRc,닭발 짬뽕... [대한민국 1% 리뷰],2026-02-08T11:25:24Z,48.0,True,30079,201.0,24.0
5062,UC3KgOXQiGAVl1FHvvG_gNAw,[YEYE Tube] 예예튜브,TlUD9Ze11ZU,예예튜브키즈 통합 영상입니다.,2018-11-26T02:55:28Z,,False,0,0.0,0.0
5062,UC3KgOXQiGAVl1FHvvG_gNAw,[YEYE Tube] 예예튜브,BRaCZ_wlkZY,예나와 아빠의 바닷가 상어튜브 장난감 놀이 Boram and Dad take a rest at sea,2019-08-24T15:10:20Z,356.0,False,798552,,0.0
5062,UC3KgOXQiGAVl1FHvvG_gNAw,[YEYE Tube] 예예튜브,RirgRnUnGX4,시크릿쥬쥬 키즈카페에서 마트장보기 (feat 쿠킹클래스에서 케이크만들기),2019-08-25T14:20:51Z,314.0,False,48737,,0.0
5062,UC3KgOXQiGAVl1FHvvG_gNAw,[YEYE Tube] 예예튜브,EsKEMyzJKSA,아빠랑 타요미끄럼틀 헬로키티그네 홈방방이 타기,2019-08-26T15:52:09Z,325.0,False,30717,,0.0
5062,UC3KgOXQiGAVl1FHvvG_gNAw,[YEYE Tube] 예예튜브,w7bTm7EhMiM,아빠랑 마트장보기 토이저러스(Toysrus) 콩순이,2019-08-26T16:56:03Z,388.0,False,41736,,0.0
5062,UC3KgOXQiGAVl1FHvvG_gNAw,[YEYE Tube] 예예튜브,yp8yMtlNIwI,[웅진플레이도시] 에서 보는 뽀로로 공연 슬라이드 파도풀 유수풀까지 100배 즐기기!!,2019-08-29T18:23:34Z,320.0,False,470268,,0.0
5062,UC3KgOXQiGAVl1FHvvG_gNAw,[YEYE Tube] 예예튜브,sDkSFQBtcK8,뽀로로 짜장면을 놓고 벌이는 가위바위보 게임~(feat 가위바위보 배우기),2019-09-02T16:58:20Z,386.0,False,180986,,
5062,UC3KgOXQiGAVl1FHvvG_gNAw,[YEYE Tube] 예예튜브,81HpFGppEpg,[웅진플레이도시]에 상어가 나타났다!! 뽀로로 공연 바나나차차(banana chacha) 슬라이드 파도풀 유수풀,2019-09-03T04:58:49Z,312.0,False,366788,,0.0
5062,UC3KgOXQiGAVl1FHvvG_gNAw,[YEYE Tube] 예예튜브,-IZWP02iVZ8,"[주간에버랜드] 할로윈, 놀이기구, 동물원 아빠와 즐기기!!",2019-09-09T16:03:43Z,387.0,False,72804,,0.0
5062,UC3KgOXQiGAVl1FHvvG_gNAw,[YEYE Tube] 예예튜브,55ohJS2kFGw,[뽀로로 바나나차차(Banana Chacha) 직캠 Full Version]  뽀롱뽀롱 뽀로로 웅진플레이도시 Woongjin play city Fancam by YEYE tube,2019-09-10T14:35:24Z,273.0,False,46722,,0.0
5062,UC3KgOXQiGAVl1FHvvG_gNAw,[YEYE Tube] 예예튜브,99ILbiA0U7Y,"[무서움주의] 에버랜드 할로윈 Everland Halloween, 놀이기구 즐기기",2019-09-18T06:53:26Z,326.0,False,7732,,0.0
5062,UC3KgOXQiGAVl1FHvvG_gNAw,[YEYE Tube] 예예튜브,PaOfn48haYs,노엘님 나천재송 패러디 키즈버전 [나예나송♬],2019-09-22T15:26:37Z,62.0,False,27203,,
5062,UC3KgOXQiGAVl1FHvvG_gNAw,[YEYE Tube] 예예튜브,2IFNTBsJamY,"예나집에 티라노사우루스가 나타났다! 아빠랑 얼초 초콜릿 만들다 집에서 만난 코끼리, 악어, 티라노…",2019-09-29T15:22:50Z,289.0,False,635397,,0.0
5062,UC3KgOXQiGAVl1FHvvG_gNAw,[YEYE Tube] 예예튜브,40KijaUUznY,"안킬로사우루스와 한판승부! 동요를 부르니 임진각, 평화누리공원에 나타난 코뿔소, 사자, 고릴라, 공룡",2019-10-08T16:42:39Z,273.0,False,1395491,,0.0
5062,UC3KgOXQiGAVl1FHvvG_gNAw,[YEYE Tube] 예예튜브,kyPECkdunwI,교원X다이아TV [DIA TV] 키즈크리에이터 선발대회 1차결과는? Kids Creator Contest,2019-10-14T17:31:21Z,173.0,False,14948,,
5062,UC3KgOXQiGAVl1FHvvG_gNAw,[YEYE Tube] 예예튜브,uCEldsAUmgo,삼척쏠비치 게임존에서만 하루를 다보내다…,2019-10-25T06:47:37Z,359.0,False,18630,,0.0
5062,UC3KgOXQiGAVl1FHvvG_gNAw,[YEYE Tube] 예예튜브,iGviJtsVNxc,삼척쏠비치 아쿠아월드 워터파크에서 덩크슛 대결,2019-11-11T16:17:13Z,302.0,False,30654,,0.0
5062,UC3KgOXQiGAVl1FHvvG_gNAw,[YEYE Tube] 예예튜브,u5J6-jULwfA,"마이린, 유라님과의 인터뷰 결과는? 교원X다이아TV[DIA TV] 키즈크리에이터 선발대회 2차 결과발표!",2019-11-16T15:51:33Z,357.0,False,28523,,0.0
5062,UC3KgOXQiGAVl1FHvvG_gNAw,[YEYE Tube] 예예튜브,xMNtye3OCOo,"아빠가 올라프가 되었어요! Dad Turns into Olaf! 스노우버디, 엘사, 겨울왕국, 산타, santa, Frozen, Vlad, boram",2019-11-21T07:14:59Z,263.0,False,134602,,
5062,UC3KgOXQiGAVl1FHvvG_gNAw,[YEYE Tube] 예예튜브,J3sANxBxarA,해골이 나타났다! 해골 외계인도 무섭지 않아! 할로윈 파티 슈퍼히어로 헐크 어벤져스 출동! 신비아파트 Halloween Night of the Skeleton!,2019-12-03T00:00:00Z,231.0,False,8203539,,
5062,UC3KgOXQiGAVl1FHvvG_gNAw,[YEYE Tube] 예예튜브,H0NXnwjhALY,슈퍼히어로 아이언맨 변신해서 도와주기 Vlad became a superheroes and helps his friends,2019-12-23T01:00:01Z,197.0,False,1902553,,
5062,UC3KgOXQiGAVl1FHvvG_gNAw,[YEYE Tube] 예예튜브,pnkoWO_9xQU,우리집에 외계인이 놀러왔어요!  Alien is coming UFO Rescue Alien from Slime Super Hero Hulk Avengers,2020-02-01T16:40:55Z,217.0,False,10966664,,
5062,UC3KgOXQiGAVl1FHvvG_gNAw,[YEYE Tube] 예예튜브,OsQrhTJk97U,티비에서 헐크가 나왔어요!! Hero Avengers Transformation Super Hero Hulk Avengers,2020-02-23T17:10:30Z,228.0,False,137011,,
5062,UC3KgOXQiGAVl1FHvvG_gNAw,[YEYE Tube] 예예튜브,g93mixaCNfU,슈퍼히어로랑 춤춰요! 스파이더맨 아이언맨 헐크 타노스 캡틴아메리카 슈퍼히어로 신나는 댄스놀이 Dancing Superhero Surprise! [YEYE Tube],2020-03-03T16:36:55Z,188.0,False,3366855,,
5062,UC3KgOXQiGAVl1FHvvG_gNAw,[YEYE Tube] 예예튜브,CPWIU9FkMtQ,슈퍼히어로 인기영상 모아보기! 우리집에 외계인이 놀러왔어요! Alien is coming UFO Super Hero Hulk Avengers,2020-03-11T08:31:58Z,630.0,False,18113302,,
5062,UC3KgOXQiGAVl1FHvvG_gNAw,[YEYE Tube] 예예튜브,k5a8q7SnGKI,슈퍼히어로 그림자 맞추기 춤 댄스! 헐크 아이언맨 스파이더맨 캡틴아메리카 변신! Wrong Superheroes Puzzle #1 [YEYE TUBE],2020-03-18T17:53:39Z,118.0,False,927233,,0.0
5062,UC3KgOXQiGAVl1FHvvG_gNAw,[YEYE Tube] 예예튜브,NZchPO7x2Ds,헐크 아이언맨 스파이더맨 캡틴아메리카 변신! Wrong Superheroes Puzzle #2 [YEYE Tube],2020-03-20T17:29:17Z,118.0,False,235123,,0.0
5062,UC3KgOXQiGAVl1FHvvG_gNAw,[YEYE Tube] 예예튜브,GSvZumRjPJw,슈퍼히어로 그림자 맞추기 춤 댄스!  Lego Wrong Superheroes Puzzle #3 [YEYE Tube],2020-03-22T13:33:13Z,119.0,False,42814415,,0.0
5062,UC3KgOXQiGAVl1FHvvG_gNAw,[YEYE Tube] 예예튜브,2m8URxGWEyk,레고 슈퍼히어로 조커의 그림자는?!! Lego Wrong Superheroes Puzzle balloon#4 [YEYE Tube],2020-03-24T14:16:21Z,120.0,False,172421,,0.0
5062,UC3KgOXQiGAVl1FHvvG_gNAw,[YEYE Tube] 예예튜브,Zxrl2hFdXYo,슈퍼히어로 슈퍼맨 그림자를 찾아라!! Wrong Superheroes Puzzle [YEYE Tube],2020-03-28T15:28:10Z,120.0,False,13554142,,0.0
5062,UC3KgOXQiGAVl1FHvvG_gNAw,[YEYE Tube] 예예튜브,zCOwr7SFo6I,"아이언맨, 슈퍼맨, 배트맨, 헐크 그림자 맞추기 총모음 Wrong Superheroes Puzzle [YEYE Tube]",2020-03-31T15:07:18Z,574.0,False,3582206,,0.0
5062,UC3KgOXQiGAVl1FHvvG_gNAw,[YEYE Tube] 예예튜브,d8YvChye2Lg,슈퍼히어로 색깔 맞추기 춤 댄스! 슈퍼맨 배트맨 플래시 그린랜턴 변신! Wrong Superheroes Puzzle [YEYE Tube],2020-04-04T11:13:56Z,132.0,False,8713778,,0.0
5062,UC3KgOXQiGAVl1FHvvG_gNAw,[YEYE Tube] 예예튜브,lTYvxl4sNb0,슈퍼히어로 신나 슈퍼맨 배트맨 엘사 색깔 맞추기 놀이 Wrong Superheroes Puzzle #1 [YEYE Tube],2020-04-07T15:15:01Z,132.0,False,235009,,0.0
5062,UC3KgOXQiGAVl1FHvvG_gNAw,[YEYE Tube] 예예튜브,plpnqa1nNE4,슈퍼히어로 스파이더맨 캡틴아메리카 얼굴 맞추기 Wrong Superheroes Puzzle [YEYE Tube],2020-04-12T18:38:47Z,183.0,False,24922,,0.0
5062,UC3KgOXQiGAVl1FHvvG_gNAw,[YEYE Tube] 예예튜브,YWSSsn3eXx4,"슈퍼히어로 그림자 맞추기 인기모음집!! 슈퍼히어로랑 춤춰요! Wrong Superheroes Puzzle, Dancing Superhero [YEYE Tube]",2020-04-15T03:39:19Z,581.0,False,1647201,,0.0
5062,UC3KgOXQiGAVl1FHvvG_gNAw,[YEYE Tube] 예예튜브,znQ5tT5Ofug,"슈퍼히어로 그림자 맞추기 인기모음집!! 슈퍼히어로랑 춤춰요! Wrong Superheroes Puzzle, Dancing Superhero#2 [YEYE Tube]",2020-04-19T14:54:20Z,105.0,False,194345,,0.0
5062,UC3KgOXQiGAVl1FHvvG_gNAw,[YEYE Tube] 예예튜브,NVjBWKW6JNg,예예튜브 예나의 가면 맞추기! Yena wrong puzzle  [YEYE Tube],2020-04-25T14:08:43Z,104.0,False,119857,,0.0
5062,UC3KgOXQiGAVl1FHvvG_gNAw,[YEYE Tube] 예예튜브,GPM2vCcNqA8,[20 Min] Wrong Superheroes Puzzle 슈퍼히어로 퍼즐 그림자 맞추기 춤 댄스! 스파이더맨 캡틴아메리카 헐크 타노스 변신! [YEYE Tube],2020-05-04T15:21:38Z,1151.0,False,39359,,0.0
5062,UC3KgOXQiGAVl1FHvvG_gNAw,[YEYE Tube] 예예튜브,pdKHc5DZLzk,슈퍼맨 그림자 맞추기 Superman Color [YEYE Tube],2020-05-16T06:12:02Z,105.0,False,77371,,0.0
5062,UC3KgOXQiGAVl1FHvvG_gNAw,[YEYE Tube] 예예튜브,2KxOUPMPufo,"헐크한테 알맞는 색깔을 찾아주세요!! Hulk Color, Dancing Superhero [YEYE Tube]",2020-05-24T14:05:55Z,135.0,False,52577,,
5062,UC3KgOXQiGAVl1FHvvG_gNAw,[YEYE Tube] 예예튜브,l8qFYKsCvJQ,"춤추는 배트맨 얼굴 찾기!! Wrong Superheroes Puzzle, Dancing Superhero [YEYE Tube]",2020-06-05T13:00:26Z,105.0,False,256994,,0.0
5062,UC3KgOXQiGAVl1FHvvG_gNAw,[YEYE Tube] 예예튜브,p75YCrXXAek,예나의 슈퍼히어로 변신! 배트맨 변신 가면 맞추기! Wrong Superheroes Puzzle [YEYE Tube],2020-06-08T13:00:27Z,102.0,False,127527,,
5062,UC3KgOXQiGAVl1FHvvG_gNAw,[YEYE Tube] 예예튜브,GiBQ4VXSEUs,"슈퍼히어로 슈퍼맨, 배트맨, 헐크 총모음! Wrong Superheroes Puzzle [YEYE Tube]",2020-06-24T10:36:34Z,421.0,False,57624,,0.0
5062,UC3KgOXQiGAVl1FHvvG_gNAw,[YEYE Tube] 예예튜브,IOI6-cTrV30,Find Superheroes and Dance with them.,2021-07-14T10:23:07Z,132.0,False,8725,,0.0
5062,UC3KgOXQiGAVl1FHvvG_gNAw,[YEYE Tube] 예예튜브,FJWKZDl2weg,슈퍼히어로 얼굴을 색칠하면 히어로가 신나게 춤댄스 춘다고? DancingSuperhero!,2021-07-25T10:48:13Z,380.0,False,22424,,
5062,UC3KgOXQiGAVl1FHvvG_gNAw,[YEYE Tube] 예예튜브,SLrNWH176Og,Dance with Yena.,2022-10-06T14:38:26Z,1562.0,False,7868,,
5062,UC3KgOXQiGAVl1FHvvG_gNAw,[YEYE Tube] 예예튜브,ioSVZwGq73g,Let's play with hulk.,2022-10-26T16:05:11Z,98.0,False,116674,,0.0
5062,UC3KgOXQiGAVl1FHvvG_gNAw,[YEYE Tube] 예예튜브,BsV_JA4nAXc,예예튜브 바다 물놀이가다!,2023-02-12T12:37:36Z,644.0,False,5601,,0.0
5063,UCCOOQW9ldHBOSSBOYHOaILg,정서주 JUNG SEO JOO,p8-xSqfTV1Y,[정서주] #노란샤쓰의사나이 #shorts #live #라이브실황,2023-01-18T08:45:02Z,26.0,True,51010,2374.0,51.0
5063,UCCOOQW9ldHBOSSBOYHOaILg,정서주 JUNG SEO JOO,tCuFzTiifhQ,[정서주] ‘노란샤쓰의 사나이 + 너무 아픈 사랑은 사랑이 아니었음을’ Live Clip 『2022 정서주 1st Concert ‘꽃들에게'』,2023-01-18T09:00:24Z,605.0,False,88222,2227.0,262.0
5063,UCCOOQW9ldHBOSSBOYHOaILg,정서주 JUNG SEO JOO,WaWXPvgLYiQ,[정서주] #찬바람이불면 #shorts #모닥불 #커버,2023-01-20T07:30:05Z,56.0,True,24828,1565.0,48.0
5063,UCCOOQW9ldHBOSSBOYHOaILg,정서주 JUNG SEO JOO,QNwFLauRfZU,찬바람이 불면 - 김지연 / covered by.정서주,2023-01-20T08:00:11Z,161.0,False,86095,1808.0,202.0
5063,UCCOOQW9ldHBOSSBOYHOaILg,정서주 JUNG SEO JOO,D3rnfRE0Jo4,[정서주] 해질녘 콘서트 LIVE  '사랑밖에 난 몰라',2023-02-27T09:41:33Z,204.0,False,230890,4180.0,408.0
5063,UCCOOQW9ldHBOSSBOYHOaILg,정서주 JUNG SEO JOO,nkX4XbUrolY,[정서주] #수은등 #shorts #노래방ver,2023-03-05T11:15:13Z,27.0,True,95886,5055.0,122.0
5063,UCCOOQW9ldHBOSSBOYHOaILg,정서주 JUNG SEO JOO,E9ko1aGA1mQ,[정서주] 15세 소녀가 부르는 '수은등' #shorts,2023-03-05T11:20:14Z,25.0,True,332106,10501.0,312.0
5063,UCCOOQW9ldHBOSSBOYHOaILg,정서주 JUNG SEO JOO,z2dVy50C244,수은등 - 김연자 / covered by.정서주,2023-03-05T12:19:11Z,183.0,False,1138467,9443.0,1325.0
5063,UCCOOQW9ldHBOSSBOYHOaILg,정서주 JUNG SEO JOO,k0nUJUjcjNE,[정서주] 정서주 '주저하는 연인들을 위해' LIVE #shorts,2023-03-10T08:03:35Z,44.0,True,39044,1521.0,54.0
5063,UCCOOQW9ldHBOSSBOYHOaILg,정서주 JUNG SEO JOO,Wl80FD28Y8g,[정서주] 해질녘 콘서트 LIVE '주저하는 연인들을 위해',2023-03-10T08:45:01Z,396.0,False,54335,1553.0,185.0
5063,UCCOOQW9ldHBOSSBOYHOaILg,정서주 JUNG SEO JOO,VIIgcx1SmVI,[정서주] #그대내품에 #LIVE #shorts,2023-03-22T12:23:46Z,29.0,True,26045,1384.0,41.0
5063,UCCOOQW9ldHBOSSBOYHOaILg,정서주 JUNG SEO JOO,k1BTvJLaEg0,[정서주] 15세 소녀가 부르는 #그대내품에 #shorts,2023-03-22T12:30:50Z,28.0,True,26683,1231.0,39.0
5063,UCCOOQW9ldHBOSSBOYHOaILg,정서주 JUNG SEO JOO,RUt2JmDql3o,그대 내 품에 - 유재하 / covered by.정서주,2023-03-22T13:00:17Z,178.0,False,50149,1405.0,144.0
5063,UCCOOQW9ldHBOSSBOYHOaILg,정서주 JUNG SEO JOO,hBVSmNARFJ8,[정서주] 꽃바람 Live #shorts,2023-04-03T04:00:16Z,43.0,True,260754,9197.0,255.0
5063,UCCOOQW9ldHBOSSBOYHOaILg,정서주 JUNG SEO JOO,4ioLt52d7PE,[정서주] 미운사랑 Live #shorts,2023-04-03T04:30:02Z,55.0,True,425556,12247.0,328.0
5063,UCCOOQW9ldHBOSSBOYHOaILg,정서주 JUNG SEO JOO,5xHLBetCFnM,[정서주] ‘미운사랑 + 꽃바람' Live Clip 『2022 정서주 1st Concert ‘꽃들에게'』,2023-04-03T14:04:59Z,469.0,False,1211666,9210.0,584.0
5063,UCCOOQW9ldHBOSSBOYHOaILg,정서주 JUNG SEO JOO,BhTeGEP2TRY,[정서주] 모든날 모든 순간 LIVE #shorts,2023-04-10T05:03:21Z,30.0,True,39685,1938.0,60.0
5063,UCCOOQW9ldHBOSSBOYHOaILg,정서주 JUNG SEO JOO,8ns6wAAvuYg,[정서주] 모든 날 모든 순간  #Live #커버 #shorts,2023-04-10T05:06:59Z,34.0,True,63361,2396.0,68.0
5063,UCCOOQW9ldHBOSSBOYHOaILg,정서주 JUNG SEO JOO,mosel84tz_s,"모든 날, 모든 순간 - 폴킴(Paul Kim)/ covered by.정서주",2023-04-10T08:45:02Z,226.0,False,497207,5594.0,524.0
5063,UCCOOQW9ldHBOSSBOYHOaILg,정서주 JUNG SEO JOO,TFMEJApy2Rg,[정서주] 추풍령 #shorts #남상규 #이미자,2023-04-12T10:00:31Z,39.0,True,148903,5971.0,173.0
5063,UCCOOQW9ldHBOSSBOYHOaILg,정서주 JUNG SEO JOO,uThkixyCGkQ,추풍령 - 남상규 / covered by.정서주,2023-04-12T10:30:19Z,200.0,False,1319411,9477.0,1160.0
5063,UCCOOQW9ldHBOSSBOYHOaILg,정서주 JUNG SEO JOO,K0S_tuGaZZk,내 마음에 비친 내 모습 - 유재하 / covered by.정서주,2023-04-17T09:30:03Z,182.0,False,72720,1631.0,216.0
5063,UCCOOQW9ldHBOSSBOYHOaILg,정서주 JUNG SEO JOO,XBjq7O81H3s,[정서주] 미운사내 Live 『노래인사 ‘안부’ 공연 - 강원도 양양군 서면』,2023-04-19T12:46:53Z,255.0,False,169817,3739.0,465.0
5063,UCCOOQW9ldHBOSSBOYHOaILg,정서주 JUNG SEO JOO,BIy5iuK3trw,[정서주] 말해줄게요 LIVE #shorts,2023-05-08T05:01:47Z,29.0,True,83964,3342.0,117.0
5063,UCCOOQW9ldHBOSSBOYHOaILg,정서주 JUNG SEO JOO,VZ7RWJYviPQ,[정서주] ‘말해줄게요' Live Clip 『2022 정서주 1st Concert ‘꽃들에게'』,2023-05-08T08:30:06Z,245.0,False,143199,1955.0,252.0
5063,UCCOOQW9ldHBOSSBOYHOaILg,정서주 JUNG SEO JOO,eCAWrW66O9g,[정서주] 찔레꽃 Cover #shorts,2023-05-11T12:09:51Z,31.0,True,1384507,36204.0,865.0
5063,UCCOOQW9ldHBOSSBOYHOaILg,정서주 JUNG SEO JOO,fPte50YNQAM,찔레꽃 - 백난아 / covered by.정서주,2023-05-12T04:00:30Z,185.0,False,1719858,12139.0,1474.0
5063,UCCOOQW9ldHBOSSBOYHOaILg,정서주 JUNG SEO JOO,ix6GFEOtslc,관객 모두 울컥😭 해버린 15세 소녀 정서주 의 '어느 60대 노부부 이야기' Live 『정서주 노래인사 ‘안부’ 공연 - 강원도 인제군 용대리』,2023-05-16T09:00:32Z,338.0,False,2408474,31478.0,2733.0
5063,UCCOOQW9ldHBOSSBOYHOaILg,정서주 JUNG SEO JOO,qgpWWyLGFaY,[정서주] ‘부초같은 인생’ Live 『노래인사 ‘안부’ 공연 - 강원도 양양군 서면』,2023-05-19T09:00:38Z,211.0,False,1030717,7607.0,767.0
5063,UCCOOQW9ldHBOSSBOYHOaILg,정서주 JUNG SEO JOO,tI-8dJA1jD0,[정서주] ‘안동역에서’ Live 『노래인사 ‘안부’ 공연 - 강원도 인제군 용대리』,2023-05-26T09:00:40Z,228.0,False,229396,5357.0,421.0
5063,UCCOOQW9ldHBOSSBOYHOaILg,정서주 JUNG SEO JOO,GTV6lfeCto0,[정서주] 봄날은 간다 #shorts #백설희 #cover,2023-05-31T11:21:23Z,47.0,True,417648,12154.0,312.0
5063,UCCOOQW9ldHBOSSBOYHOaILg,정서주 JUNG SEO JOO,161dI3u29TY,봄날은 간다-백설희 / covered by.정서주,2023-05-31T11:30:00Z,204.0,False,556158,6469.0,734.0
5063,UCCOOQW9ldHBOSSBOYHOaILg,정서주 JUNG SEO JOO,qlL0n4-Q3R4,[정서주] #유자따는남해처녀 #shorts  #트로트샛별정서주 #하춘화 #cover,2023-06-14T07:00:24Z,32.0,True,673323,16847.0,514.0
5063,UCCOOQW9ldHBOSSBOYHOaILg,정서주 JUNG SEO JOO,5nh9gqGeE_0,유자따는 남해처녀-하춘화 / covered by.정서주,2023-06-14T09:00:04Z,158.0,False,960659,6331.0,1178.0
5063,UCCOOQW9ldHBOSSBOYHOaILg,정서주 JUNG SEO JOO,kx2uBx9OPW4,[정서주] ‘수은등’ Live 『노래인사 ‘안부’ 공연 - 충남 보령시 봉성리』,2023-06-28T09:00:33Z,178.0,False,197025,3682.0,413.0
5063,UCCOOQW9ldHBOSSBOYHOaILg,정서주 JUNG SEO JOO,O6K3ZnIO7_w,[정서주] 그리움만 쌓이네 LIVE #shorts,2023-07-05T09:56:15Z,46.0,True,92243,4155.0,131.0
5063,UCCOOQW9ldHBOSSBOYHOaILg,정서주 JUNG SEO JOO,yQC2EP3S3fE,그리움만 쌓이네-여진 / covered by.정서주,2023-07-05T10:30:17Z,254.0,False,824395,9540.0,876.0
5063,UCCOOQW9ldHBOSSBOYHOaILg,정서주 JUNG SEO JOO,lwvQfCCK1X4,15살 소녀가 부르는 '미소를 띄우며 나를 보낸 그 모습처럼' /coverd by 정서주,2023-07-24T08:00:16Z,221.0,False,303782,4261.0,511.0
5063,UCCOOQW9ldHBOSSBOYHOaILg,정서주 JUNG SEO JOO,crMgrFBEHTE,[정서주] ‘오늘이 젊은날’ Live 『노래인사 ‘안부’ 공연 - 인천 서송병원』,2023-08-05T04:00:30Z,215.0,False,521501,5487.0,644.0
5063,UCCOOQW9ldHBOSSBOYHOaILg,정서주 JUNG SEO JOO,dzRKpYBs4Yo,트로트샛별 정서주가 부르는 If (원곡:Bread) #shorts,2023-08-15T07:11:17Z,48.0,True,73601,3257.0,166.0
5063,UCCOOQW9ldHBOSSBOYHOaILg,정서주 JUNG SEO JOO,WrABdyiwXGI,15세 소녀가 부르는 고전 러브송 If - Bread / covered by.정서주,2023-08-15T09:00:31Z,160.0,False,75363,2501.0,312.0
5063,UCCOOQW9ldHBOSSBOYHOaILg,정서주 JUNG SEO JOO,wHzlD1uM-3k,[정서주] 서울손님 cover #shorts,2023-08-30T06:50:58Z,33.0,True,187239,7337.0,211.0
5063,UCCOOQW9ldHBOSSBOYHOaILg,정서주 JUNG SEO JOO,f9V7-Ohf45A,서울손님-하춘화 / covered by.정서주,2023-08-30T09:00:25Z,200.0,False,540846,6380.0,1137.0
5063,UCCOOQW9ldHBOSSBOYHOaILg,정서주 JUNG SEO JOO,YHnn7Ae-Y3Q,[정서주] 울어라열풍아 + 아씨 Live 『노래인사 ‘안부’ 해남 송지면』,2023-09-15T09:00:33Z,316.0,False,202243,5775.0,674.0
5063,UCCOOQW9ldHBOSSBOYHOaILg,정서주 JUNG SEO JOO,fl02cvXQ80k,[정서주] 물새한마리 #Shorts #하춘화 #트로트샛별 #Cover,2023-09-30T07:36:43Z,41.0,True,291117,10928.0,306.0
5063,UCCOOQW9ldHBOSSBOYHOaILg,정서주 JUNG SEO JOO,14kCUSO5DJo,물새 한마리-하춘화 / covered by.정서주,2023-09-30T09:00:02Z,177.0,False,1489004,14214.0,2076.0
5063,UCCOOQW9ldHBOSSBOYHOaILg,정서주 JUNG SEO JOO,wVyZZRndBa0,[COVER] 정서주 - 비 오는 거리(원곡: 이승훈),2025-08-20T09:01:27Z,253.0,False,332613,,1565.0
5063,UCCOOQW9ldHBOSSBOYHOaILg,정서주 JUNG SEO JOO,bdm8fvph39A,[COVER] 정서주 - 끝이 없는 길(원곡: 박인희),2025-09-17T09:00:55Z,238.0,False,623179,,2051.0
5063,UCCOOQW9ldHBOSSBOYHOaILg,정서주 JUNG SEO JOO,0n1uuK3iz3Y,[LIVE] 정서주 - 나를 기억해 줘요 (Prod. 장공장장),2026-01-03T09:00:06Z,212.0,False,228741,,1169.0
5063,UCCOOQW9ldHBOSSBOYHOaILg,정서주 JUNG SEO JOO,RVr5cjakTDo,정서주 - 나를 기억해 줘요 첫눈 보이스에 푹..빠져 보세요 🤍,2026-01-05T08:44:52Z,61.0,False,40823,,147.0
5064,UCIcukVnT1DNaru6N8BnTnoQ,효니월드,pZMAHghtplM,[효니월드] 에어팟 2세대 무선충전 모델 개봉 & 케이스 하울! ✨ | Airpods 2 Unboxing & CASE HAUL🎀,2019-05-23T12:50:41Z,685.0,False,628713,,936.0
5064,UCIcukVnT1DNaru6N8BnTnoQ,효니월드,QsDAimGHU9M,"[효니월드] 만.나.만.자 #18 리틀포레스트 김치수제비와 배추전! 🥬 🍲 |  Little Forest, 2018 Kimchi sujebi & Cabbage pancake",2019-06-05T14:19:48Z,699.0,False,151108,,228.0
5064,UCIcukVnT1DNaru6N8BnTnoQ,효니월드,VzdltQBL-lw,[효니월드] 봄과 여름사이 어느 토요일 일상 🌿 | Saturday Vlog 2019,2019-06-23T17:57:37Z,572.0,False,235481,,
5064,UCIcukVnT1DNaru6N8BnTnoQ,효니월드,SetFoDEyr4U,[효니월드] 토이스토리4 포키와 나이피 만들기!🍴💕 | DIY Make FORKY & KNIFEY from Toy Story 4,2019-07-11T16:18:48Z,256.0,False,110066,,101.0
5064,UCIcukVnT1DNaru6N8BnTnoQ,효니월드,qgZgwBw0EQk,[효니월드] 편의점 추천템! #2 🍜  | Korean Convenience store 🍰,2019-07-14T16:10:11Z,265.0,False,152909,,296.0
5064,UCIcukVnT1DNaru6N8BnTnoQ,효니월드,tP_CA8iFqi8,[효니월드] 반려식물 마리모 언박싱 & 어항 꾸미기 🌳 | Marimo mossballs 💚,2019-07-17T15:15:00Z,481.0,False,136249,,312.0
5064,UCIcukVnT1DNaru6N8BnTnoQ,효니월드,q9GHav4u2s4,[효니월드] 집에서도 카페처럼 초간단 음료 만들기 #4🥤 | DIY drinks for SUMMER,2019-07-20T18:00:16Z,362.0,False,388537,,449.0
5064,UCIcukVnT1DNaru6N8BnTnoQ,효니월드,Qf-mVorq7as,[효니월드] 🌏 지구젤리 눈알젤리 팝핑보바 우주캔디 철판아이스크림 만들기 🍧 |  ICE CREAM ROLLS,2019-07-23T16:13:02Z,441.0,False,304955,,559.0
5064,UCIcukVnT1DNaru6N8BnTnoQ,효니월드,7kiX94R7A5A,[효니월드] 알라딘 책+굿즈 하울 📚 | BOOK Haul 2019,2019-07-27T13:37:04Z,493.0,False,97273,,241.0
5064,UCIcukVnT1DNaru6N8BnTnoQ,효니월드,IRwCRueufBk,[효니월드] 만나만자 #19 아따맘마 도시락 🍱 |  Atashinchi LUNCH BOX 🍚🍢🥢,2019-07-31T13:41:55Z,580.0,False,133085,,297.0
5064,UCIcukVnT1DNaru6N8BnTnoQ,효니월드,bm6XAhixgdc,[효니월드] 편의점 신상템! #4 🍗  | Korean Convenience store 🍙,2019-08-07T13:21:49Z,302.0,False,147645,,332.0
5064,UCIcukVnT1DNaru6N8BnTnoQ,효니월드,-ztShsfQATU,[효니월드] 어느 여름날 일상 Vlog 🍉 | Summer VLOG 2019,2019-08-13T15:09:14Z,562.0,False,218474,,473.0
5064,UCIcukVnT1DNaru6N8BnTnoQ,효니월드,VjLSQYoGvDE,[효니월드] 인싸장난감! 헤어드레서 클레이를 사보았다 💇🏻‍♀️ | Hairdresser Colour Clay Toys✂️,2019-08-17T20:05:56Z,390.0,False,320051,,440.0
5064,UCIcukVnT1DNaru6N8BnTnoQ,효니월드,39bMFTlobyg,[효니월드] 박막례 할머니 레시피! 간장국수&비빔국수 만들어먹는 영상🍜,2019-08-20T14:57:42Z,565.0,False,74022,,215.0
5064,UCIcukVnT1DNaru6N8BnTnoQ,효니월드,wqjP9K6xkFw,[효니월드] 점토 부수기 아이폰 이모티콘! 🤔 |  Clay Cracking asmr emojis💖,2019-08-26T12:57:19Z,266.0,False,90293,,309.0
5064,UCIcukVnT1DNaru6N8BnTnoQ,효니월드,Qm5v2xOyHXM,[효니월드] 카카오프렌즈 복숭아워터 궁금해서 한박스 사봄! (곤약젤리+홈카페) 🍑 | Kakao Friend PEACH WATER 💦,2019-08-28T14:36:08Z,360.0,False,85048,,181.0
5064,UCIcukVnT1DNaru6N8BnTnoQ,효니월드,YmZo0lkA6KM,[효니월드] 철판아이스크림 꿀조합을 찾아서! 과연 제일 맛있는건??!🍨 | ICE CREAM ROLLS 🍦,2019-08-31T19:05:18Z,355.0,False,118992,,144.0
5064,UCIcukVnT1DNaru6N8BnTnoQ,효니월드,0lFhEks7Ods,[효니월드] 아이폰 게임 추천 영상 #1 🎮  | What's on my iphone (Games👾),2019-09-08T20:32:43Z,505.0,False,319026,,
5064,UCIcukVnT1DNaru6N8BnTnoQ,효니월드,9HqZx2co8Yc,[효니월드] 추석은 끝났지만 송편모양 점토 부수기 🍡 | Clay cracking ASMR Songpyeon,2019-09-17T13:35:35Z,194.0,False,70839,,114.0
5064,UCIcukVnT1DNaru6N8BnTnoQ,효니월드,6SycLmT82l0,[효니월드] 편의점 신상템! #5 🍩  | Korean Convenience store 🍙,2019-10-05T20:00:16Z,328.0,False,305884,,1006.0
5064,UCIcukVnT1DNaru6N8BnTnoQ,효니월드,M7owjnD4Xls,"[효니월드] #만나만자 20번째, 귀멸의 칼날 야마카케 우동 만들기",2024-04-18T03:29:17Z,275.0,False,78375,1369.0,556.0
5064,UCIcukVnT1DNaru6N8BnTnoQ,효니월드,Mc6hXzF9oJw,"[효니월드] #편의점 신상템, GS25 디저트 모음zip",2024-04-21T09:23:43Z,316.0,False,42269,179.0,40.0
5064,UCIcukVnT1DNaru6N8BnTnoQ,효니월드,GsdhaiQPypg,탄지로가 먹던 야마카케 우동 만들기 #shorts #귀멸의칼날,2024-04-24T09:00:17Z,27.0,True,6977,96.0,1.0
5064,UCIcukVnT1DNaru6N8BnTnoQ,효니월드,5YtGOzXgDkw,gs25 이 빵은 꼭 드셔보세요! #shorts #gs25,2024-04-24T15:00:09Z,53.0,True,2383,31.0,0.0
5064,UCIcukVnT1DNaru6N8BnTnoQ,효니월드,ilxK-RhFaJ8,구하기 힘들다는 #푸냥이 젤리 #shorts #편의점,2024-04-26T09:00:39Z,53.0,True,2334,36.0,0.0
5064,UCIcukVnT1DNaru6N8BnTnoQ,효니월드,geW1zyL8EmY,일본 안 가도 집 근처에서 먹을 수 있는 일본 푸딩 훗카이도 #shorts #편의점,2024-04-27T05:00:30Z,27.0,True,3282,24.0,1.0
5064,UCIcukVnT1DNaru6N8BnTnoQ,효니월드,6zxxPhnvDAo,[효니월드] 간단한 재료로 사과청 만들기!🍎,2024-04-27T08:00:06Z,157.0,False,15067,63.0,40.0
5064,UCIcukVnT1DNaru6N8BnTnoQ,효니월드,ivKlZOmy43Q,이거 저만 몰랐나요???  #shorts #요리,2024-04-28T04:00:33Z,28.0,True,3928,31.0,0.0
5064,UCIcukVnT1DNaru6N8BnTnoQ,효니월드,yYaZyvgHLvQ,[효니월드] 두가지 재료만 있으면 간단하게 만들수있는 음료!🍋,2024-05-01T09:00:53Z,126.0,False,6734,40.0,
5064,UCIcukVnT1DNaru6N8BnTnoQ,효니월드,BcbiF9PqVmo,다이어트에 좋다는 레몬수 만들어봤는데...쉬운데요...? #shorts #다이어트,2024-05-02T03:00:05Z,38.0,True,1168,17.0,0.0
5064,UCIcukVnT1DNaru6N8BnTnoQ,효니월드,VZ4e4XPjF10,레몬과즙 100% 들어간 음료수 만들기 #shorts #다이어트,2024-05-03T03:00:17Z,26.0,True,810,17.0,0.0
5064,UCIcukVnT1DNaru6N8BnTnoQ,효니월드,yGiQJW8oEz4,[효니월드] 다이소제품으로 시들지않는 꽃 만들기🌹,2024-05-04T03:00:37Z,226.0,False,7220,47.0,
5064,UCIcukVnT1DNaru6N8BnTnoQ,효니월드,fdbAF6SvkbY,다이소제품으로 간단하게 만드는 선물 #shorts #어버이날,2024-05-04T09:00:28Z,36.0,True,2556,19.0,0.0
5064,UCIcukVnT1DNaru6N8BnTnoQ,효니월드,Ny8JvDv5VFo,간단한데 고급스러운 선물 만들기  #shorts #어버이날,2024-05-05T04:00:14Z,20.0,True,1466,19.0,0.0
5064,UCIcukVnT1DNaru6N8BnTnoQ,효니월드,NFolH6Pze10,[효니월드] 혼자서 봄맞이 피크닉가기!🌸,2024-05-08T09:00:15Z,153.0,False,7754,60.0,
5064,UCIcukVnT1DNaru6N8BnTnoQ,효니월드,m-Dt2tlCS9g,혼자서 간단하게 할 수 있는 피크닉 #shorts #홈크닉,2024-05-09T09:00:29Z,52.0,True,3489,46.0,0.0
5064,UCIcukVnT1DNaru6N8BnTnoQ,효니월드,SLLXbmQUsCM,옥상에서 혼자 피크닉하기,2024-05-10T09:00:32Z,36.0,True,3739,45.0,0.0
5064,UCIcukVnT1DNaru6N8BnTnoQ,효니월드,l4ymu7MgG0E,[효니월드] 집에서 타코야끼 만들어먹기🐙,2024-05-11T06:00:15Z,189.0,False,10019,65.0,13.0
5064,UCIcukVnT1DNaru6N8BnTnoQ,효니월드,sHCaKk4t7Vk,[효니월드] 우유푸딩 만들기🥄,2024-05-27T09:00:42Z,240.0,False,4552,43.0,5.0
5064,UCIcukVnT1DNaru6N8BnTnoQ,효니월드,hwDRPl7l20A,[효니월드]#만나만자 21번째 짱구는 못말려 버터옥수수된장라멘 만들기,2024-05-29T09:00:28Z,242.0,False,17736,180.0,22.0
5064,UCIcukVnT1DNaru6N8BnTnoQ,효니월드,ZO-TNXKzVIM,[효니월드] 유행막차탑니다!!! 집에서 만드는 두바이초콜렛🍫,2024-08-05T09:00:23Z,220.0,False,12154,77.0,8.0
5064,UCIcukVnT1DNaru6N8BnTnoQ,효니월드,tfL5KtZBHZE,[효니월드] 할로윈 케이크 만들기🎃,2024-10-16T09:30:20Z,181.0,False,7014,61.0,11.0
5064,UCIcukVnT1DNaru6N8BnTnoQ,효니월드,fM7Lm4JgT6c,[효니월드]#만나만자 22번째 짱구는 못말려 연어구이정식,2025-01-14T09:30:16Z,247.0,False,13273,178.0,23.0
5064,UCIcukVnT1DNaru6N8BnTnoQ,효니월드,udQxhU6I5qE,[효니월드] 한입 케이크 직접 만들기🎂,2025-03-17T03:00:53Z,146.0,False,3216,26.0,6.0
5064,UCIcukVnT1DNaru6N8BnTnoQ,효니월드,IvOUws0AfpI,[효니월드] 🌸일본 젤리 리뷰🌸,2025-03-25T03:00:18Z,304.0,False,2936,33.0,3.0
5064,UCIcukVnT1DNaru6N8BnTnoQ,효니월드,cYyCBxvaPSc,[효니월드] 무더운 여름대비💦 아이스크림&음료 꿀조합을 찾아서,2025-04-03T09:00:49Z,284.0,False,13056,107.0,32.0
5064,UCIcukVnT1DNaru6N8BnTnoQ,효니월드,sKx1Dl54TDE,일본젤리 리뷰중 일어난 일 #shorts #리뷰,2025-04-07T08:00:46Z,39.0,True,1421,7.0,0.0
5064,UCIcukVnT1DNaru6N8BnTnoQ,효니월드,75etvOho6V0,🌸반짝반짝 일본  벚꽃색 찹쌀떡 리뷰🌸,2025-04-07T09:30:04Z,55.0,True,2705,19.0,0.0
5064,UCIcukVnT1DNaru6N8BnTnoQ,효니월드,xh1wk1BzEtU,편의점ver.아망추 만드는법 #shorts #편의점,2025-04-08T09:30:33Z,42.0,True,12534,79.0,3.0
5064,UCIcukVnT1DNaru6N8BnTnoQ,효니월드,Zcsr1By3G_M,다이어트때 아이스크림이 땡긴다면? 이것 #shorts #꿀팁,2025-04-09T09:30:15Z,29.0,True,7024,70.0,2.0
5065,UCUWU2sdN5y8hxvpWn2ZWiuA,김가을,dQPnOkVO4_U,[vlog]혼자 여수 여행🌊(인생치킨 만남/대패삼겹 삼합/느좋 카페 투어🫧/게장 해장하기/눈물의 케이블카../술냄새주의/잎새주 중독ㅠ/바다 김밥 맛있다/서대회무침/바다 조아💙),2025-06-23T12:51:55Z,2406.0,False,271191,3786.0,501.0
5065,UCUWU2sdN5y8hxvpWn2ZWiuA,김가을,a3419ySlGP8,[vlog]더워도 잘먹지..?(엽떡+허니콤보🤍/냉모밀/쫄면 김치만두 치킨너겟/영어 공부 ft.스픽✨/소고기 유부초밥 만들기/매일이 야식이야../똥집튀김/육퇴 신나/시바견 택이),2025-06-26T12:00:18Z,2096.0,False,144822,1937.0,315.0
5065,UCUWU2sdN5y8hxvpWn2ZWiuA,김가을,afuxMkMyHdQ,[vlog]야식의 축복이 끝이없네😇(백일잔치/갈또치킨..ㅋ/소주 갈아재/집밥이 맛있긴해/똥집튀김/미역국 치킨너겟 미니돈까스/역전할맥/코스트코 실패…😇/페리카나/시바견 택이),2025-06-30T13:22:10Z,1724.0,False,160654,2135.0,342.0
5065,UCUWU2sdN5y8hxvpWn2ZWiuA,김가을,4Cbp41DRTWk,[vlog]혼자서도 잘먹어요🫕(무생채 비빔밥/가방 삼✨언박싱/인생 된찌…/브런치를 이렇게 많이../갈토스트 갈샐러드🥗/족발 막국수 주먹밥/갓잇 타코 맛있어!/시바견 택이),2025-07-07T13:13:20Z,1948.0,False,190645,2288.0,320.0
5065,UCUWU2sdN5y8hxvpWn2ZWiuA,김가을,_CrryZmyYy4,[vlog]혼밥하고 그릇 사고 하이디라오 가고✨(야식 치킨/용인 막국수/갈쿡..짜장밥/그릇 쇼핑 언박싱/제육볶음 계란탕/주말엔 갈토스트 브런치/하이디라오 맛나네;/시바견 택이),2025-07-13T15:00:02Z,1885.0,False,154451,1782.0,270.0
5065,UCUWU2sdN5y8hxvpWn2ZWiuA,김가을,gGdknGFw3KI,[vlog]하루종일 엽떡먹는 브이로그(매워 울어…🔥/비빔면과 열무김치/…갈또취/해장은 엽기 닭볶음탕이쥐.../항정살 맛집🐖/페리카나 치킨/엽떡 양배추 추가💗/시바견 택이),2025-07-21T12:56:46Z,1686.0,False,203491,2442.0,338.0
5065,UCUWU2sdN5y8hxvpWn2ZWiuA,김가을,uCFWlNyxqj4,[vlog]잘먹고 잘노는 일상🥬(불닭비빔밥/또 엽떡 2트../디제이 회사 놀러가기/허니콤보/최애 샤브샤브🫶/선 닭발 후 아이스크림🍦/얘 또 페리카나../도산공원/시바견 택이),2025-07-28T12:31:09Z,1686.0,False,153264,1777.0,219.0
5065,UCUWU2sdN5y8hxvpWn2ZWiuA,김가을,ar9DPnh_e-I,[vlog]밥해먹는 집순이다🍚(드디어 차 나옴🚙/치킨 중독이 틀림없어/무생채 비빔밥 재도전/매운 국물무뼈닭발/피부 관리!/콰삭킹 맛있오/용가리 떡갈비/교촌 허니콤보/시바견 택이),2025-08-04T11:00:14Z,2077.0,False,193900,2050.0,491.0
5065,UCUWU2sdN5y8hxvpWn2ZWiuA,김가을,3uZ86Edb0jI,[vlog]냉털과 새로운 소식🕊(열무비빔밥/삼첩분식 바질크림떡볶이/닭껍질튀김🤎/짜파구리/불닭소스 중독자/한 대접 샐러드 파스타/송파구 맛집/숙성회 파스타/시바견 택이),2025-08-11T13:18:15Z,1672.0,False,174532,2195.0,321.0
5065,UCUWU2sdN5y8hxvpWn2ZWiuA,김가을,pkSTkSudqzM,[vlog]시드니 여행~🦘(험난하다 야반도주/와인..소주../스테이크 맛있다!/낮술과 화덕빵과 파스타/브런치 맛있어🥑/하이디라오 훠궈/팬케이크 맛있자나/너무 좋았던 아트갤러리💗),2025-08-25T13:08:25Z,1932.0,False,151706,1947.0,196.0
5065,UCUWU2sdN5y8hxvpWn2ZWiuA,김가을,4jjwDrvfr6c,[vlog]🚛이사하고 치킨먹는 브이로그(호식이두마리 매운간장/비빔밥 중독/노랑통닭 마늘치킨💛/인테리어 미팅/최애 샌드위치/불닭비빔밥 떡갈비/들기름 메밀면 맛있다/시바견 택이),2025-09-01T12:00:22Z,1723.0,False,161922,1956.0,263.0
5065,UCUWU2sdN5y8hxvpWn2ZWiuA,김가을,JvwXIFWTAgU,[vlog]속초 여행하기🍂(누룽지오징어순대 중독/인생탕수육 만남+짜장면💗/대게 최고/느좋 카페/썸웨어버터🧈/수육 막국수 맛있다!/오징어회/대포항/아기랑 여행),2025-09-08T11:00:07Z,2414.0,False,209413,2419.0,288.0
5065,UCUWU2sdN5y8hxvpWn2ZWiuA,김가을,00D12pdly2M,[vlog]먹고 또 먹는 브이로그ㅎ(엽떡이 최고야.../교촌 맛있엉/깨알취객..ㅋ🍺/사랑의 집밥🍚/수육전골/고등어 조림/잡채 브런치ㅠㅋㅋ/아웃백 조아/피자와 닭발/시바견 택이),2025-09-15T12:21:33Z,1807.0,False,159573,1825.0,210.0
5065,UCUWU2sdN5y8hxvpWn2ZWiuA,김가을,QkPdcsRoUCk,[vlog]맨날 엽떡..🔥치킨..🍗(지코바 닭발추가/저당 엽떡💗/육퇴푸드🍺곱창과 맥주/tmi파티/유부초밥/만두전골/들기름 메밀면/우사단 고기/인테리어 준비🛋/시바견 택이),2025-09-22T12:40:00Z,1942.0,False,147756,1789.0,282.0
5065,UCUWU2sdN5y8hxvpWn2ZWiuA,김가을,LlY9bH6XkBU,6개월 아기의 하루(=엄마의 하루),2025-09-25T10:52:46Z,967.0,False,153345,2555.0,500.0
5065,UCUWU2sdN5y8hxvpWn2ZWiuA,김가을,hHpwuJjBTmQ,[vlog]최애음식 특집인가요(무생채 비빔밥/페리카나 양반후반🍗/생일전야제✨/치즈 돈까스 판모밀/느좋 카페☕️/샌드위치 라떼/맛집 탐험대/인테리어 중간점검/정식당/택이),2025-09-29T11:00:26Z,2358.0,False,143898,1619.0,253.0
5065,UCUWU2sdN5y8hxvpWn2ZWiuA,김가을,TlRQ8BGkGVY,[vlog]잘 먹잔아..잘 놀잔아..🍺(까르띠에 언박싱/맛있는 김밥전/갈쿡 파스타🥗/치즈 닭발/막걸리 파티/엽떡 맨날 맛있어❤️‍🔥/숙성회에 소주🍣/10분컷 메이크업/시바견 택이),2025-10-13T12:38:03Z,2068.0,False,155422,1864.0,395.0
5065,UCUWU2sdN5y8hxvpWn2ZWiuA,김가을,M0v_x_iIDrI,[vlog]입맛이 돌고돌아..🪩(마라샹궈 도전/무뼈닭발 참치마요🍙/new동네 맛집 탐험/엄마와 무서운 이야기ㅠ/60계 간지 치킨/케찹탕수육 맛집🍅/옛날 치킨🍗/시바견 택이),2025-10-20T13:17:22Z,1880.0,False,134351,1620.0,366.0
5065,UCUWU2sdN5y8hxvpWn2ZWiuA,김가을,9IBjVzZpAQQ,[vlog]맨날 떡볶이 먹는 브이로그(엽떡..신전..치즈라볶이../입터짐ㅠ/교촌 레드 반반/후식은 새우탕면으로🍤/오랜만에 죽음의조❤️‍🔥/두찜 실비한우곱찜/사과떡볶이/시바견 택이),2025-10-27T12:51:05Z,1827.0,False,142055,1751.0,350.0
5065,UCUWU2sdN5y8hxvpWn2ZWiuA,김가을,uXY4_fpMlbw,택이의 하루🐂,2025-10-30T09:21:50Z,791.0,False,50973,1492.0,186.0
5065,UCUWU2sdN5y8hxvpWn2ZWiuA,김가을,eKV4bbqr4s4,[vlog]식비 대폭발 주간^^🍾(야식이 나라다/굽찐만두/진수성찬 집밥/이가네떡볶이/행궁동 나들이/이삭 토스트/마트 장보기/스테이크/마트 초밥🍣/피자도 맛있넴/시바견 택이),2025-11-03T11:00:48Z,2104.0,False,149934,1507.0,294.0
5065,UCUWU2sdN5y8hxvpWn2ZWiuA,김가을,HfAIudZBNyQ,[vlog]경주 여행🛤(맛도리 대잔치!/인생 쌀떡볶이 만남/한우 숯불갈비/템플스테이에서 하룻밤/느좋 카페/매운 갈비찜/우엉 김밥/절에서 하는 도파민 풀충전),2025-11-10T12:38:15Z,1800.0,False,138501,1797.0,242.0
5065,UCUWU2sdN5y8hxvpWn2ZWiuA,김가을,0qQD2zrB9E8,[vlog]드디어 이사하는 브이로그🏡❤️‍🔥(정리지옥과 족발😇/구축아파트 인테리어/간단 집소개🛋/냉장고 채우기/힘들 땐 뿌링클이야/된장술밥/치즈돈까스/깨알 갈쿡/시바견 택이),2025-11-17T13:02:21Z,1650.0,False,192534,2344.0,521.0
5065,UCUWU2sdN5y8hxvpWn2ZWiuA,김가을,ma9PJWs3xOo,[vlog]새 집 적응은 고칼로리로..🍀(간장계란밥 꿀조합..💗/국물무뼈닭발+오돌뼈🍙/닭고기떡국/바지락술찜파스타/치즈돈까스/갈쿡파티/오토김밥 닭강정/뷔페 맛있오/시바견 택이),2025-11-24T12:57:59Z,1758.0,False,148913,1521.0,278.0
5065,UCUWU2sdN5y8hxvpWn2ZWiuA,김가을,-e8ePJvJeNI,[vlog]혼자 이천 여행(?)🤗(혼밥도 잘해요/닭발떡볶이+치킨/그릇 추천 언박싱🥣/치킨 중독ㅠ💗/김치볶음밥/무생채비빔밥/분당 맛집🤤/김치만두/페리카나 간장치킨/시바견 택이),2025-12-01T09:00:00Z,2228.0,False,140679,1672.0,510.0
5065,UCUWU2sdN5y8hxvpWn2ZWiuA,김가을,nEvum7CEJ-k,8개월 아기의 하루(=엄마의 하루),2025-12-04T09:00:05Z,1071.0,False,152464,2181.0,440.0
5065,UCUWU2sdN5y8hxvpWn2ZWiuA,김가을,fy-HHQWzH4s,[vlog]입터짐.단단히 터짐.(엽떡먹고 치킨먹고 소금빵먹고 두쫀쿠먹고/갈쿡🍳/김치찌개+목살구이/비빔국수 불고기/bhc핫후라이드 치즈볼/굽네 고추바사삭/쫄볶이+김밥/시바견 택이),2025-12-08T11:31:30Z,1787.0,False,157600,1617.0,286.0
5065,UCUWU2sdN5y8hxvpWn2ZWiuA,김가을,Iqcf4hwRZGw,[vlog]입맛도는 ㄱㅖ절이야..❄️(엽떡먹다가 하루 다감/최애 짜파구리🍜/요즘 고민/냉털 갈쿡/순두부찌개 삼겹살/카레와 무김치/깐부치킨 골뱅이쫄면💗/겨울 평냉의 맛/시바견 택이),2025-12-16T10:30:16Z,1826.0,False,147607,1622.0,305.0
5065,UCUWU2sdN5y8hxvpWn2ZWiuA,김가을,ndHO5IzoTcM,[vlog]놀고 먹고 바쁜 연말이닷~🪽(짜장면/드디어 옷정리/양념통닭과 닭껍질튀김/냉털 갈쿡/브런치 곱배기🥗/교촌 최애❤️반반콤보/김밥과 떡볶이/분당 카페/시바견 택이),2025-12-22T16:03:43Z,1716.0,False,136085,1545.0,264.0
5065,UCUWU2sdN5y8hxvpWn2ZWiuA,김가을,IpeYgJTvYG0,[vlog]야식먹는 집순이다~🥢🏠(신전치즈떡볶이/새해맞이 시술/갈또 비빔밥/빵순이의 부활..🥖/파스타와 샐러드/바베큐 치킨 맛있다ㅠ/가족 연말잔치/시바견 택이),2025-12-29T10:56:50Z,1603.0,False,139918,1737.0,320.0
5065,UCUWU2sdN5y8hxvpWn2ZWiuA,김가을,dp89E5Vq7ks,[vlog]폭주하는 날들..🏃‍♀️🍷(입터짐💥/불닭볶음탕면/교촌 반반콤보/셀프 새해 선물💍/딩크 이야기(?)/스테이크에 와인/냉소바🍤튀김/갈토스트/나물비빔밥/시바견 택이),2026-01-05T11:31:47Z,1809.0,False,143923,1736.0,230.0
5065,UCUWU2sdN5y8hxvpWn2ZWiuA,김가을,CfUYSioCaFE,[vlog]냉털..멘붕..혼술…😇(갈쿡파스타/존맛 계란찜/숙취 오랜만이네^^/게살볶음밥 최고/필라테스/교촌 반반콤보ㅠ🩷/딸기찹쌀떡/집밥파티/엽떡과 함께하는 주말/시바견 택이),2026-01-12T11:37:31Z,1806.0,False,137720,1706.0,308.0
5065,UCUWU2sdN5y8hxvpWn2ZWiuA,김가을,46IlLRalG9A,[vlog]단발하고 머리 붙인 사연..💦(이와중 열심 갈쿡/샐러드파스타/구독자님 결혼식 사회💍/회전초밥/맥도날드🍔/불닭볶음탕면/두쫀쿠/삼겹살 맛집💘/소고기야채찜/시바견 택이),2026-01-19T12:28:52Z,1737.0,False,144138,1560.0,398.0
5065,UCUWU2sdN5y8hxvpWn2ZWiuA,김가을,JZpKRDEWBQs,[vlog]혼자 제주 여행⛰️🍊(눈물의 한라산 등산과 혼술../멜조림 고기/딱새우와 소라회🐚/인생 에그타르트/모닝 소고기 국밥/초밥 맡김차림/왕김밥/제주 시장 치킨/깨알 두쫀쿠),2026-01-26T12:14:59Z,2713.0,False,229505,3329.0,576.0
5065,UCUWU2sdN5y8hxvpWn2ZWiuA,김가을,My9bJbQI1Gk,[vlog]해장엽떡과 new소식..📮(야식의 늪/빠삭 옛날치킨/만났다 인생엽떡/미역국과 계란찜/겨울엔 냉면/교촌치킨 반반콤보🩵/불닭볶음탕면/돌잔치 준비..(?)/시바견 택이),2026-02-02T11:45:27Z,1692.0,False,168777,1605.0,323.0
5065,UCUWU2sdN5y8hxvpWn2ZWiuA,김가을,PbNl2YG3ogg,[vlog]겨울엔 잘먹어야해..🧑🏻‍🍳(딱새우회 소주🍸/마운자로요..?/맘스터치 핫치즈빅싸이순살/혼술 갈또취/뷔페털기/불닭비빔밥/버터전복구이/처갓집 치킨/완탕면🥟/시바견 택이),2026-02-08T15:00:00Z,2311.0,False,156013,1856.0,308.0
5065,UCUWU2sdN5y8hxvpWn2ZWiuA,김가을,qltD-RVIStk,[vlog]홍콩 여행하기(먹고 또 먹고..🌹/홍콩 또간집/완탕면 LOVE🥟/깐쇼새우와 딤섬/화덕피자/모수/느좋 카페/해운대갈비^_^/꼬치구이/깨알 쇼핑/생맥주 야호),2026-02-23T12:29:25Z,2029.0,False,171419,2133.0,261.0
5065,UCUWU2sdN5y8hxvpWn2ZWiuA,김가을,P0paNG_lg8w,11개월 아기의 하루(=엄마의 하루),2026-02-26T10:48:20Z,1082.0,False,115939,1808.0,369.0
5065,UCUWU2sdN5y8hxvpWn2ZWiuA,김가을,OYKvZIlvOG4,[vlog]열렸다…야식파티…🍒(쌍수요..?/두부김치+묵참말이/혼술..🍷/마운자로 포기/엽떡..♥️/치맥은 사랑이야/간장계란밥/투쁠한우/돌잔치 준비/돼지국밥/반반족발/시바견 택이),2026-03-02T12:19:51Z,1805.0,False,138041,1605.0,259.0
5065,UCUWU2sdN5y8hxvpWn2ZWiuA,김가을,n1PP6hGWElw,[vlog]미안하다 입터졌다💔(고기파티 후 엽떡😇/자유의 몸🪽/김치덮밥/봄동 비빔밥 막차탑승 ft.된찌/동키치킨 골뱅이소면/이케아 나들이/아웃백 스테이크/보쌈 맛집/시바견 택이),2026-03-09T12:20:22Z,1927.0,False,129794,1619.0,328.0
5065,UCUWU2sdN5y8hxvpWn2ZWiuA,김가을,64iWVj79cBo,[vlog]48시간 밀착 브이로그(눈물의 하이디라오💧🍅/젤리얼먹/갈쿡 대잔치/무뼈닭발/알배추햄구이/에그누들볶음면/갈 토스트🥖/깨알 육아/교촌 반반콤보 라면..ㅋ/시바견 택이),2026-03-12T10:10:43Z,2140.0,False,126180,1857.0,477.0
5065,UCUWU2sdN5y8hxvpWn2ZWiuA,김가을,S1KtL-sjYRU,[vlog]제주도 여행🌼(딱새우회+뿔소라회💗/노포 중국집/케찹탕수육/신라호텔/썸웨어버터/호캉스야..?/1일 2뷔페/후라이드 치킨과 사발면/흑돼지 뿌셔/최애 카페/돌아기랑 여행),2026-03-16T11:02:14Z,2214.0,False,162661,1975.0,346.0
5065,UCUWU2sdN5y8hxvpWn2ZWiuA,김가을,_8wrhomb5Nc,[vlog]신나잔아 돼지파티🎂(엽떡국물무뼈닭발 나우럭../돌잔치🌼/야식 라면/콘치즈/노랑통닭 닭껍질튀김/진수성찬 갈쿡/차돌깍두기볶음밥/소고기무국 상추비빔밥/쉑쉑버거/시바견 택이),2026-03-23T13:07:07Z,1753.0,False,126325,1656.0,262.0
5065,UCUWU2sdN5y8hxvpWn2ZWiuA,김가을,YU2FyvLEXyw,봄이의 일년(=우리 가족의 일년),2026-03-26T13:45:31Z,345.0,False,92494,3302.0,296.0
5065,UCUWU2sdN5y8hxvpWn2ZWiuA,김가을,SDZ7UpipUiY,[vlog]혼자 잘먹고 잘노는 브이로그(혼술🍶/요즘 고민/파김치와 육전 갈쿡/신전떡볶이/햄니언니 비밀은요..🔐/쌀국수 해장/쫄면과 김밥/야채곱창볶음/초밥 코스🍣/시바견 택이),2026-03-30T12:24:11Z,2076.0,False,134831,1687.0,341.0
5065,UCUWU2sdN5y8hxvpWn2ZWiuA,김가을,4fd27Pfw7eM,[vlog]식비가 폭발한다⚡️(맛집뿌셔/엽떡+허니콤보/봄옷쇼핑/블러셔추천/서현실비 고기/해물찜/열심 갈쿡/콩나물무밥/계란찜 레시피/무생채 비빔밥과 한우/호우섬🥟/시바견 택이),2026-04-06T11:30:03Z,1700.0,False,129023,1565.0,199.0
5065,UCUWU2sdN5y8hxvpWn2ZWiuA,김가을,qIlMCXqk0s0,[vlog]환자의 치킨두마리김치찌개엽떡와플대학초밥토스트샤브샤브불닭먹방…(깨알 성수 나들이/아픈 거 맞아..맞다구../bbq황금올리브/교촌 반반콤보/만병통치약 엽떡/시바견 택이),2026-04-20T11:50:23Z,1816.0,False,127652,1436.0,222.0
5065,UCUWU2sdN5y8hxvpWn2ZWiuA,김가을,QQgwQ2UH9wI,[vlog]입맛도는 집콕 브이로그🍚🏠(두찜 실비한우곱찜닭/해장냉면과 떡갈비/랜선집들이 준비🛋️/대게 몸보신/최애 샌드위치/분식과 콰삭킹 파티/바지락 술찜 파스타/시바견 택이),2026-04-27T12:50:03Z,1962.0,False,111362,1342.0,195.0
5065,UCUWU2sdN5y8hxvpWn2ZWiuA,김가을,P9FWwI8m9MM,[vlog]입은 왜자꾸 터질까*^^*(곱창+대창/인생 김치찜 만남ㅠ/국물닭발 2트💗/예돈돈까스/야식은 두부김치쥐/굽네 고추바사삭/김채소쌈/망향비빔국수/분당 맛집/시바견 택이),2026-05-04T12:15:29Z,1924.0,False,115450,1421.0,197.0
5065,UCUWU2sdN5y8hxvpWn2ZWiuA,김가을,84C8rTQ7nJA,[vlog]집순이 탈출 기원..🪽(까르띠에 뭘또샀어😇/햄버거🍔🍔/나 돈까스 좋아하네/엽떡+허니콤보/케이크 중독/정리업체 최고✨/비빔밥과 제육볶음/깨알집밥/시바견 택이),2026-05-11T12:00:17Z,1892.0,False,114750,1422.0,283.0
5066,UCrLUuZAPA7K6kAip78bKxYg,그까이꺼,oWLZ-jP38So,"강나루 누님과 단풍 구경하고 맛있는""흑돼지 지황족발""에 소주 한 잔 했슈~",2025-11-05T01:45:10Z,602.0,False,76355,4185.0,189.0
5066,UCrLUuZAPA7K6kAip78bKxYg,그까이꺼,TMKBCKtBW4M,"참숯에 구워 더 맛있는 ""숯불간장불고기"" 광양불고기 안 부럽네유~",2025-11-09T01:30:21Z,723.0,False,115165,5289.0,226.0
5066,UCrLUuZAPA7K6kAip78bKxYg,그까이꺼,DVBHKHT1Rx0,"완도에서도 아름다운 섬 ""소안도"" 누님과 놀러 왔슈~",2025-11-13T02:49:00Z,645.0,False,42439,2742.0,82.0
5066,UCrLUuZAPA7K6kAip78bKxYg,그까이꺼,I57RAKmUKlo,'문어통발'에 엄청나게 큰 대물 장어가 걸렸슈~,2025-11-16T01:30:14Z,632.0,False,54720,2884.0,82.0
5066,UCrLUuZAPA7K6kAip78bKxYg,그까이꺼,EIu3uLdt8bg,"소안도 비 오는 날 ""파전""에 막걸리 한 잔 해유~",2025-11-19T01:30:11Z,605.0,False,49673,2657.0,72.0
5066,UCrLUuZAPA7K6kAip78bKxYg,그까이꺼,a808fhh1O80,"바닷가에서 자연산 ""홍합구이"" 맛이 기가막힙니다~",2025-11-22T01:30:00Z,606.0,False,82757,3353.0,140.0
5066,UCrLUuZAPA7K6kAip78bKxYg,그까이꺼,SuzQim9Zy7c,"강나루 누님네 김장 준비하는 날 얼큰한 ""동태탕"" 먹어유~",2025-11-26T03:27:58Z,655.0,False,169665,5874.0,155.0
5066,UCrLUuZAPA7K6kAip78bKxYg,그까이꺼,-RqEuG482Sk,"젓갈 듬뿍 강나루 누님 레시피 ""김치"" ""수육""에 먹으면 끝내 줍니다~",2025-11-29T01:34:02Z,666.0,False,205508,5650.0,221.0
5066,UCrLUuZAPA7K6kAip78bKxYg,그까이꺼,_hpK0-YzqEM,"요즘 정말 맛있는 고소한 ""과메기"" 먹으러 포항 구룡포 놀러 왔슈~",2025-12-03T01:43:39Z,785.0,False,120210,4865.0,238.0
5066,UCrLUuZAPA7K6kAip78bKxYg,그까이꺼,ZgtzPXCCzN0,"포항 죽도시장 ""방어회"" 기름기 좔좔 고소함이 기가막힙니다.",2025-12-07T02:30:36Z,738.0,False,109866,4622.0,186.0
5066,UCrLUuZAPA7K6kAip78bKxYg,그까이꺼,kHgAEylnofA,"누님과 경주 여행 후 맛있는 ""순두부 짬뽕"" 한  그릇 먹었슈~",2025-12-11T01:30:46Z,693.0,False,57117,3053.0,98.0
5066,UCrLUuZAPA7K6kAip78bKxYg,그까이꺼,gWMhUgUn02M,"화목난로에 구워 먹는 ""흑돼지삼겹살""과 소주 한 잔 캬~",2025-12-16T02:32:33Z,686.0,False,79210,3753.0,94.0
5066,UCrLUuZAPA7K6kAip78bKxYg,그까이꺼,OTgu5_-SelI,"시골 장날 얼큰하고 시원한 ""육개장"" 한 그릇 했슈~",2025-12-21T02:03:31Z,739.0,False,96588,4412.0,154.0
5066,UCrLUuZAPA7K6kAip78bKxYg,그까이꺼,9Zc-Bglee00,"쌀쌀한 날씨에 얼큰하고 시원한 ""바지락칼국수"" 끓여 먹어유~",2025-12-25T01:30:15Z,627.0,False,67447,3785.0,129.0
5066,UCrLUuZAPA7K6kAip78bKxYg,그까이꺼,Lo_ny72X6OU,"86세 할머니의 진한 ""다슬기수제비""에 돼지특수부위 구이 바로 이거쥬~",2025-12-29T01:55:18Z,683.0,False,57290,3066.0,92.0
5066,UCrLUuZAPA7K6kAip78bKxYg,그까이꺼,Im78CVdQwSY,"추울수록 생각나는 구수한 ""청국장"" 맛이 끝내주네유~",2026-01-02T04:19:34Z,743.0,False,66422,3382.0,157.0
5066,UCrLUuZAPA7K6kAip78bKxYg,그까이꺼,ivGfuU19nEo,"솥뚜껑에 끓여 먹는 ""돼지고기 김치찌개"" 말 안해도 알쥬?",2026-01-06T01:30:49Z,646.0,False,102528,4117.0,90.0
5066,UCrLUuZAPA7K6kAip78bKxYg,그까이꺼,VG1tmCySRIg,"꼭 한번 가봐야 할 ""시골 5일장"" 가격도 싸고 없는게 없네유~",2026-01-10T04:09:06Z,567.0,False,77633,3459.0,80.0
5066,UCrLUuZAPA7K6kAip78bKxYg,그까이꺼,zP5pXXsHRhY,"""한우구이""와 ""소꼬리찜"" 너무 고소해서 배 터지게 먹고 왔슈~",2026-01-14T06:00:51Z,690.0,False,89425,4037.0,165.0
5066,UCrLUuZAPA7K6kAip78bKxYg,그까이꺼,xm6UteLe5Eo,"시원한 ""대구탕""에 밥 말아서 한 그릇 뚝딱 했슈~",2026-01-18T04:18:07Z,692.0,False,66191,3752.0,114.0
5066,UCrLUuZAPA7K6kAip78bKxYg,그까이꺼,ei07VukDTcM,"""족발과 보쌈""이 맛있는 전주 의길이 동생네 가게 왔슈~",2026-01-22T01:30:44Z,648.0,False,78139,4297.0,209.0
5066,UCrLUuZAPA7K6kAip78bKxYg,그까이꺼,MNtgI_yWhss,"눈 내리는 날 따끈하게 ""냉이국"" 끓여 먹어유~",2026-01-26T03:00:21Z,605.0,False,66122,3771.0,170.0
5066,UCrLUuZAPA7K6kAip78bKxYg,그까이꺼,YlBZed_xk7A,"한우 소고기 보다 맛있는 ""이 것 000 "" 먹고 왔슈~",2026-01-30T04:10:52Z,756.0,False,75170,3687.0,158.0
5066,UCrLUuZAPA7K6kAip78bKxYg,그까이꺼,6cX21RAEjKs,설 명절 선물 맛있는 곶감 판매합니다.,2026-02-01T06:55:25Z,3508.0,False,18144,933.0,47.0
5066,UCrLUuZAPA7K6kAip78bKxYg,그까이꺼,l699wEQYyyo,"눈 내리고 쌀쌀한 날씨에 ""흑염소전골""로 몸보신 해유~",2026-02-03T02:00:47Z,655.0,False,51481,2757.0,88.0
5066,UCrLUuZAPA7K6kAip78bKxYg,그까이꺼,EQmqQeMU0Yk,"우리밀 100프로 ""호두과자"" 여기는 진짜 맛집 이네유~",2026-02-07T05:00:15Z,661.0,False,36169,2183.0,97.0
5066,UCrLUuZAPA7K6kAip78bKxYg,그까이꺼,AmZHPLbeGJA,"맛있는 ""김밥, 쫄면🍝, 비빔국수"" 먹으러 분식집 왔슈~",2026-02-11T04:00:09Z,749.0,False,59006,3192.0,106.0
5066,UCrLUuZAPA7K6kAip78bKxYg,그까이꺼,1G_2c6VcZ1Y,오랜만에 이프로와 삼겹살에 한 잔 합니다.,2026-02-16T03:38:29Z,3649.0,False,83578,4683.0,352.0
5066,UCrLUuZAPA7K6kAip78bKxYg,그까이꺼,AvVWR4ohH1g,"""막걸리"" 안주 먹다가 배불러서 못 먹어유~",2026-02-20T02:30:18Z,605.0,False,83818,3664.0,109.0
5066,UCrLUuZAPA7K6kAip78bKxYg,그까이꺼,5FYSHabwOXQ,"날씨도 좋고 강가에서 아삭한 ""콩나물밥"" 너무 맛있어유~",2026-02-24T01:30:06Z,702.0,False,79149,4084.0,140.0
5066,UCrLUuZAPA7K6kAip78bKxYg,그까이꺼,wtyReVwY0qU,"누님과 ""김치"" 담아서 ""수육""에 막걸리 한 잔 했슈~",2026-02-28T03:01:08Z,614.0,False,98564,4699.0,150.0
5066,UCrLUuZAPA7K6kAip78bKxYg,그까이꺼,yZYa_OMiWsw,"요즘 제일 맛있는 000 잡아 ""어탕수제비"" 끓여 먹었슈~",2026-03-04T01:31:01Z,849.0,False,159739,4739.0,175.0
5066,UCrLUuZAPA7K6kAip78bKxYg,그까이꺼,S4JMZZI6AIg,"강가에서 ""오징어볶음"" 만들어 막걸리 먹어유~",2026-03-08T03:00:26Z,775.0,False,71092,3980.0,137.0
5066,UCrLUuZAPA7K6kAip78bKxYg,그까이꺼,gkHEgVz-CfE,"누님과 운동하고 맛있는 ""왕갈비탕"" 먹어유~",2026-03-11T01:30:40Z,719.0,False,59513,3195.0,137.0
5066,UCrLUuZAPA7K6kAip78bKxYg,그까이꺼,8XTed199erc,"'여수'에서 맛보는 요즘 제철 ""도다리 회"" 술맛 나네유~",2026-03-15T02:36:13Z,702.0,False,68751,3419.0,118.0
5066,UCrLUuZAPA7K6kAip78bKxYg,그까이꺼,xzwFBlgOrbc,"아름다운 섬 여수 ""향일암"" 구경하고 막걸리 한 잔 했슈~",2026-03-19T01:31:04Z,640.0,False,44344,2637.0,95.0
5066,UCrLUuZAPA7K6kAip78bKxYg,그까이꺼,FjRHIoGLcvw,"장승촌 에서 ""토종닭볶음탕"" 만들어 맛있게 먹었슈~",2026-03-22T04:03:28Z,649.0,False,43176,2245.0,55.0
5066,UCrLUuZAPA7K6kAip78bKxYg,그까이꺼,XbVmrMvHOqs,"""봄나물 무침과 된장찌개"" 끓여 밥 한공기 뚝딱 했슈~",2026-03-26T01:30:34Z,638.0,False,74800,3831.0,169.0
5066,UCrLUuZAPA7K6kAip78bKxYg,그까이꺼,1BZHWm9yKxc,"물 좋은 시골동네 '미나리밭' 에서 ""삼겹살"" 구워 먹어유~",2026-03-30T03:48:53Z,709.0,False,94643,4160.0,137.0
5066,UCrLUuZAPA7K6kAip78bKxYg,그까이꺼,iuw7CkqbIuA,"이프로 친구네 전주 ""순대국밥"" 먹고 왔슈~",2026-04-04T01:30:42Z,657.0,False,72017,3582.0,112.0
5066,UCrLUuZAPA7K6kAip78bKxYg,그까이꺼,7t7HHDWGL94,"가장 맛있다는 돼지 목뼈로 만든 ""따귀탕"" 기가막혀유~",2026-04-08T01:30:06Z,753.0,False,65962,3290.0,102.0
5066,UCrLUuZAPA7K6kAip78bKxYg,그까이꺼,UWLvx5OEW4U,"삼길포항 ""선상횟집"" 참~ 나 이런 곳이 있었네유!",2026-04-12T03:40:40Z,644.0,False,105640,4047.0,156.0
5066,UCrLUuZAPA7K6kAip78bKxYg,그까이꺼,M1jlHWnFK1k,"산도라지 캐고 자연산(민물)""대물장어"" 구워 먹었슈~",2026-04-19T06:14:15Z,846.0,False,22778,1330.0,27.0
5066,UCrLUuZAPA7K6kAip78bKxYg,그까이꺼,KDu0yN96g4U,"'명이나물' 밭에서 ""삼겹살"" 구워 맛나게 먹었슈~",2026-04-21T01:30:30Z,765.0,False,68433,3715.0,98.0
5066,UCrLUuZAPA7K6kAip78bKxYg,그까이꺼,z8noyTvZUm8,"이프로와 민물투망 치고 ""돈나물비빔밥"" 만들어 먹었슈~",2026-04-25T01:31:00Z,729.0,False,87809,4221.0,164.0
5066,UCrLUuZAPA7K6kAip78bKxYg,그까이꺼,Di-4TfNQFBQ,"별장에서 장작불🔥에 ""돼지목살"" 구워 먹었슈~",2026-04-29T01:45:04Z,736.0,False,73105,3796.0,120.0
5066,UCrLUuZAPA7K6kAip78bKxYg,그까이꺼,abg6I7RJoH0,"'낙지' 잡아서 ""해물칼국수""와 ""낙지탕탕이"" 먹엇슈~",2026-05-03T04:19:27Z,872.0,False,61848,3074.0,94.0
5066,UCrLUuZAPA7K6kAip78bKxYg,그까이꺼,lVf9YjUKNeA,"산골 자연인 집에서 먹는 ""토종닭 백숙"" 말해 뭐합니까~",2026-05-08T03:15:02Z,751.0,False,57112,2920.0,57.0
5066,UCrLUuZAPA7K6kAip78bKxYg,그까이꺼,8BWXLiL-yJU,"오늘은 누님과 중국집 에서 ""콩나물 짬뽕"" 먹고 왔슈~",2026-05-12T01:45:00Z,698.0,False,62699,3358.0,96.0
5066,UCrLUuZAPA7K6kAip78bKxYg,그까이꺼,ju6pOQx1g6c,"오늘 점심은 ""부추전""에 ""비빔국수"" 막걸리 한 잔 했슈~",2026-05-16T01:30:29Z,644.0,False,48704,3096.0,85.0
5067,UC1JuasrqdCZ63YhKhxZ0J3w,스튜디오헤이 StudioHey,IU3oYA2lss0,이게 다 13억?,2026-01-18T09:00:33Z,25.0,True,248901,487.0,1.0
5067,UC1JuasrqdCZ63YhKhxZ0J3w,스튜디오헤이 StudioHey,F0esL_o-vx8,학주쌤 컨셉 져니,2026-01-19T08:00:14Z,31.0,True,289147,843.0,0.0
5067,UC1JuasrqdCZ63YhKhxZ0J3w,스튜디오헤이 StudioHey,uFnPVeGdLEQ,???이 궁금했던 과고생,2026-01-20T08:01:14Z,24.0,True,357220,936.0,0.0
5067,UC1JuasrqdCZ63YhKhxZ0J3w,스튜디오헤이 StudioHey,WWDBYzCUH6E,🍭🍫🍩🥨🥮🍪,2026-01-22T07:05:22Z,24.0,True,227601,404.0,0.0
5067,UC1JuasrqdCZ63YhKhxZ0J3w,스튜디오헤이 StudioHey,uQVyjrP7t5o,탄수화물 안 먹으면 예민해지는 이유,2026-01-22T07:40:18Z,27.0,True,364650,561.0,0.0
5067,UC1JuasrqdCZ63YhKhxZ0J3w,스튜디오헤이 StudioHey,VsI4DITZsmk,보법이 다른 슈카쌤,2026-01-23T06:24:39Z,27.0,True,194256,233.0,0.0
5067,UC1JuasrqdCZ63YhKhxZ0J3w,스튜디오헤이 StudioHey,kj_lLeJVPZg,지원과 슈카 또래설,2026-01-24T09:01:08Z,17.0,True,254554,666.0,0.0
5067,UC1JuasrqdCZ63YhKhxZ0J3w,스튜디오헤이 StudioHey,iFD5Ced3E7o,박지원에게 상황극 시키면 생기는 일,2026-01-26T07:15:24Z,24.0,True,219372,529.0,1.0
5067,UC1JuasrqdCZ63YhKhxZ0J3w,스튜디오헤이 StudioHey,hUBc0uqGy_s,한국인 특: ???은 못 참지,2026-01-27T07:00:40Z,18.0,True,174954,464.0,0.0
5067,UC1JuasrqdCZ63YhKhxZ0J3w,스튜디오헤이 StudioHey,T3KdJ-pzWlM,프로미스나인 박지원의 무대 메이크업 꿀팁,2026-01-28T07:00:18Z,17.0,True,262983,979.0,3.0
5067,UC1JuasrqdCZ63YhKhxZ0J3w,스튜디오헤이 StudioHey,ds9xY45WODQ,단 한 문장으로 판촉왕 등극한 박지원,2026-01-29T07:00:35Z,21.0,True,240049,527.0,2.0
5067,UC1JuasrqdCZ63YhKhxZ0J3w,스튜디오헤이 StudioHey,pILADLbrR4c,슈스의 조건은 바로..?,2026-01-30T07:00:44Z,21.0,True,201480,288.0,1.0
5067,UC1JuasrqdCZ63YhKhxZ0J3w,스튜디오헤이 StudioHey,KapjjtqodSU,박지원의 미래 사업템,2026-01-31T07:00:15Z,24.0,True,207639,584.0,0.0
5067,UC1JuasrqdCZ63YhKhxZ0J3w,스튜디오헤이 StudioHey,ypPJFL4_d9A,드디어 만난 노랑즈,2026-02-02T06:31:46Z,23.0,True,279097,473.0,1.0
5067,UC1JuasrqdCZ63YhKhxZ0J3w,스튜디오헤이 StudioHey,yAPFhhsTl28,화제의 미미미누..(?),2026-02-03T07:00:50Z,14.0,True,205706,297.0,2.0
5067,UC1JuasrqdCZ63YhKhxZ0J3w,스튜디오헤이 StudioHey,0FC69W3MAdo,박지원 기자의 헤드라인 짓는 법,2026-02-03T19:00:00Z,25.0,True,262085,547.0,0.0
5067,UC1JuasrqdCZ63YhKhxZ0J3w,스튜디오헤이 StudioHey,x52OOrOnXx8,서울대 17학번 박지원📚,2026-02-05T07:00:49Z,19.0,True,266813,716.0,2.0
5067,UC1JuasrqdCZ63YhKhxZ0J3w,스튜디오헤이 StudioHey,Y7HEnpFMcsk,전국의 수험생들 기 받고 가세요🔥,2026-02-06T06:43:48Z,19.0,True,206361,471.0,0.0
5067,UC1JuasrqdCZ63YhKhxZ0J3w,스튜디오헤이 StudioHey,VO4U0SSbkFg,프로미스나인 박지원의 혼밥 레벨🍚,2026-02-07T09:00:41Z,15.0,True,237993,908.0,9.0
5067,UC1JuasrqdCZ63YhKhxZ0J3w,스튜디오헤이 StudioHey,by3vnwkwdOM,서울대를 이긴 박지원,2026-02-08T09:00:50Z,20.0,True,218668,513.0,4.0
5067,UC1JuasrqdCZ63YhKhxZ0J3w,스튜디오헤이 StudioHey,pOGt5ukeTqI,MZ 이력서 쓰는 법,2026-02-09T06:44:43Z,19.0,True,242540,688.0,0.0
5067,UC1JuasrqdCZ63YhKhxZ0J3w,스튜디오헤이 StudioHey,o-qCmHD5hQY,확실한 맞춤법의 원천,2026-02-10T07:00:49Z,24.0,True,200197,490.0,0.0
5067,UC1JuasrqdCZ63YhKhxZ0J3w,스튜디오헤이 StudioHey,CoaCGhNzKqc,결국 나와버린 그 단어,2026-02-11T07:00:09Z,14.0,True,254313,454.0,2.0
5067,UC1JuasrqdCZ63YhKhxZ0J3w,스튜디오헤이 StudioHey,4PBNqwf3PYY,플로버임에도 탈락한 이유,2026-02-12T07:00:07Z,24.0,True,1869105,5747.0,0.0
5067,UC1JuasrqdCZ63YhKhxZ0J3w,스튜디오헤이 StudioHey,g_K5mBYKKZw,박지원의 멘탈 관리법,2026-02-13T07:00:40Z,22.0,True,210833,772.0,1.0
5067,UC1JuasrqdCZ63YhKhxZ0J3w,스튜디오헤이 StudioHey,5MNVnFK4s0o,취준생들에게 전하는 말,2026-02-14T09:00:08Z,10.0,True,332499,605.0,0.0
5067,UC1JuasrqdCZ63YhKhxZ0J3w,스튜디오헤이 StudioHey,KbgT7iQA4e0,프로미스나인 박지원의 찐친✨,2026-02-24T05:50:54Z,22.0,True,277563,1167.0,0.0
5067,UC1JuasrqdCZ63YhKhxZ0J3w,스튜디오헤이 StudioHey,eT6F854kMGM,마약 신고는 125,2026-02-24T05:53:41Z,17.0,True,189320,233.0,1.0
5067,UC1JuasrqdCZ63YhKhxZ0J3w,스튜디오헤이 StudioHey,meU-AUI0TVg,공기청정기는 진짜 방귀 냄새를 맡을 수 있을까?,2026-03-13T09:23:54Z,640.0,False,383096,159.0,11.0
5067,UC1JuasrqdCZ63YhKhxZ0J3w,스튜디오헤이 StudioHey,9ovtt6lmG7o,방귀로 우주가는 법,2026-03-19T04:35:29Z,15.0,True,2549,11.0,0.0
5067,UC1JuasrqdCZ63YhKhxZ0J3w,스튜디오헤이 StudioHey,GUeNQcENJ7Q,취두부 vs 방귀,2026-03-19T04:37:11Z,15.0,True,14081,33.0,1.0
5067,UC1JuasrqdCZ63YhKhxZ0J3w,스튜디오헤이 StudioHey,jI3nV82wfZQ,공청기 방귀 감지 가능?,2026-03-19T04:38:42Z,17.0,True,7173,22.0,0.0
5067,UC1JuasrqdCZ63YhKhxZ0J3w,스튜디오헤이 StudioHey,L_4GylB25xg,전석 매진인데 현장표가 있다? 새벽 5시부터 야구장에서 노숙하면 생기는 일,2026-04-09T08:52:24Z,476.0,False,122049,132.0,9.0
5067,UC1JuasrqdCZ63YhKhxZ0J3w,스튜디오헤이 StudioHey,S5T0IrseMkc,개막전 새벽 5시 야구장 상황,2026-04-15T04:18:02Z,45.0,True,33913,88.0,0.0
5067,UC1JuasrqdCZ63YhKhxZ0J3w,스튜디오헤이 StudioHey,gYJmnSsqfgI,현장 예매 몇 시에 왔어요?,2026-04-15T04:22:01Z,37.0,True,23780,48.0,0.0
5067,UC1JuasrqdCZ63YhKhxZ0J3w,스튜디오헤이 StudioHey,-83PJwrBq5A,현장 예매 첫 대기자,2026-04-15T04:26:07Z,36.0,True,2237,7.0,1.0
5067,UC1JuasrqdCZ63YhKhxZ0J3w,스튜디오헤이 StudioHey,iRtCcuBBS-0,야구장 현장 예매 꿀팁,2026-04-15T04:30:09Z,18.0,True,2467,8.0,1.0
5067,UC1JuasrqdCZ63YhKhxZ0J3w,스튜디오헤이 StudioHey,zvx06N_YU74,서울 버터떡 맛집 Top5 비교해봤습니다,2026-04-16T09:44:53Z,520.0,False,133964,144.0,8.0
5067,UC1JuasrqdCZ63YhKhxZ0J3w,스튜디오헤이 StudioHey,P9Zk4hZJAXc,진화하는 요즘 버터떡,2026-04-17T06:57:59Z,37.0,True,2035,6.0,0.0
5067,UC1JuasrqdCZ63YhKhxZ0J3w,스튜디오헤이 StudioHey,iAT-_d2_yKo,보법이 다른 E수빈,2026-04-17T07:01:36Z,49.0,True,21721,89.0,0.0
5067,UC1JuasrqdCZ63YhKhxZ0J3w,스튜디오헤이 StudioHey,0cZW722_RjY,버터떡 맛집 1등은?,2026-04-17T07:04:26Z,38.0,True,2633,6.0,1.0
5067,UC1JuasrqdCZ63YhKhxZ0J3w,스튜디오헤이 StudioHey,luAYqhL4T20,강남에서 제일 싼 식당을 찾아봤습니다,2026-04-23T09:01:05Z,455.0,False,218103,200.0,14.0
5067,UC1JuasrqdCZ63YhKhxZ0J3w,스튜디오헤이 StudioHey,Rx739eSMPlA,강남 물가 체험,2026-04-29T02:31:28Z,18.0,True,30293,112.0,16.0
5067,UC1JuasrqdCZ63YhKhxZ0J3w,스튜디오헤이 StudioHey,RiIPv3sGj9g,초저가 식당 모음.zip,2026-04-29T06:00:16Z,25.0,True,9965,54.0,3.0
5067,UC1JuasrqdCZ63YhKhxZ0J3w,스튜디오헤이 StudioHey,jFvVsRQ7GBM,강남 5900원 김치찌개,2026-04-29T09:00:59Z,30.0,True,22170,66.0,16.0
5067,UC1JuasrqdCZ63YhKhxZ0J3w,스튜디오헤이 StudioHey,con48VGMcS4,서울에서 짜장면을 가장 싸게 파는 곳은 어딜까?,2026-04-30T09:01:01Z,380.0,False,86783,518.0,44.0
5067,UC1JuasrqdCZ63YhKhxZ0J3w,스튜디오헤이 StudioHey,FKACnqeZ6pU,갓성비 2000원 짜장면,2026-05-04T11:00:33Z,37.0,True,1906,6.0,0.0
5067,UC1JuasrqdCZ63YhKhxZ0J3w,스튜디오헤이 StudioHey,S8T6xSWRNkc,2000원 짜장면의 비밀,2026-05-05T01:00:26Z,30.0,True,13534,110.0,4.0
5067,UC1JuasrqdCZ63YhKhxZ0J3w,스튜디오헤이 StudioHey,4arxu0g_9OA,2000원 짜장면 솔직 후기,2026-05-05T04:00:10Z,38.0,True,2907,22.0,3.0
5067,UC1JuasrqdCZ63YhKhxZ0J3w,스튜디오헤이 StudioHey,XQ0IGN9PeTs,월세 24에 보증금 24(?) 서울 최저가 원룸의 현실은,2026-05-07T09:00:51Z,581.0,False,59149,180.0,40.0
5068,UCqhop789NWsj-a_uQ7fwg2w,JinKoon,4hiD931gNhg,Akaza got me in my heart😭 #demonslayer,2025-10-08T02:43:26Z,15.0,True,2739,45.0,2.0
5068,UCqhop789NWsj-a_uQ7fwg2w,JinKoon,A3NG3PPQoec,Me after watching 3 anime seasons in one day😆,2025-10-08T14:10:40Z,12.0,True,17015,575.0,8.0
5068,UCqhop789NWsj-a_uQ7fwg2w,JinKoon,7ajzZdHU6VM,Let`s confuse the non anime fans😎,2025-10-09T10:39:21Z,9.0,True,2156,23.0,1.0
5068,UCqhop789NWsj-a_uQ7fwg2w,JinKoon,0FPY4WA8GCw,The best wish for anime fans,2025-10-10T10:08:24Z,15.0,True,31878,1110.0,30.0
5068,UCqhop789NWsj-a_uQ7fwg2w,JinKoon,mEazJBNyJ58,I saved Reze in real life #chainsawman,2025-10-11T15:37:09Z,23.0,True,4505,38.0,2.0
5068,UCqhop789NWsj-a_uQ7fwg2w,JinKoon,xHeAyDngPpQ,Can you beat this meme line?😎,2025-10-12T14:03:14Z,13.0,True,9759,58.0,41.0
5068,UCqhop789NWsj-a_uQ7fwg2w,JinKoon,GJR3HBDLPhE,Makima`s fan watching Reze: Arc,2025-10-13T01:20:53Z,15.0,True,7106,86.0,0.0
5068,UCqhop789NWsj-a_uQ7fwg2w,JinKoon,BSjotDDRlz0,How many anime episodes can you watch in a day?😎,2025-10-13T12:47:50Z,18.0,True,21856,1138.0,19.0
5068,UCqhop789NWsj-a_uQ7fwg2w,JinKoon,xYW-0U77hMc,A true disaster for anime fans,2025-10-14T16:21:01Z,9.0,True,1553,28.0,2.0
5068,UCqhop789NWsj-a_uQ7fwg2w,JinKoon,iH961i0dqUM,Fake anime fans be like😏,2025-10-14T22:25:38Z,10.0,True,16467,150.0,196.0
5068,UCqhop789NWsj-a_uQ7fwg2w,JinKoon,8bvcFhQL8LE,North Korean Man in anime🤣,2025-10-16T05:16:37Z,16.0,True,46507,860.0,5.0
5068,UCqhop789NWsj-a_uQ7fwg2w,JinKoon,-Hv_LlBcLU8,Can you beat this meme line? 😎,2025-10-17T06:35:17Z,14.0,True,8348,102.0,42.0
5068,UCqhop789NWsj-a_uQ7fwg2w,JinKoon,w1LgBDhhAhM,Huge difference between Boy and Girl #awezchaitrend,2025-10-18T10:52:58Z,13.0,True,26403,201.0,5.0
5068,UCqhop789NWsj-a_uQ7fwg2w,JinKoon,8QbiEnICGXE,Explaining Demon Slayer to non-weebs🤣 #awezchaitrend,2025-10-19T07:36:36Z,10.0,True,28626,228.0,3.0
5068,UCqhop789NWsj-a_uQ7fwg2w,JinKoon,AWUeyyrD5aI,How to memorize anime characters name easily😎 #awezchaitrend,2025-10-20T05:30:43Z,15.0,True,64338,845.0,14.0
5068,UCqhop789NWsj-a_uQ7fwg2w,JinKoon,Cd1wkYF5pD0,Anime fans after watching Reze Arc #awezchaitrend,2025-10-21T10:05:34Z,15.0,True,13811,120.0,3.0
5068,UCqhop789NWsj-a_uQ7fwg2w,JinKoon,Sj2BU-IlM9g,#awezchaitrend,2025-10-21T16:35:33Z,11.0,True,2095,35.0,0.0
5068,UCqhop789NWsj-a_uQ7fwg2w,JinKoon,7KV7UtZuvB0,#nivetadhingramusic,2025-10-22T03:20:17Z,7.0,True,6470,44.0,1.0
5068,UCqhop789NWsj-a_uQ7fwg2w,JinKoon,y8OVxvaVW8s,Can you beat this meme line? 😎#nivetadhingramusic,2025-10-23T10:56:07Z,15.0,True,1389,23.0,9.0
5068,UCqhop789NWsj-a_uQ7fwg2w,JinKoon,lFyBjKSuSSg,Huge difference when girls and boys cry😭,2025-10-23T12:54:17Z,11.0,True,10201,116.0,2.0
5068,UCqhop789NWsj-a_uQ7fwg2w,JinKoon,bTBTG6Ijc6o,How to memorize jjk names easily😎,2025-10-24T09:28:09Z,17.0,True,3816,56.0,3.0
5068,UCqhop789NWsj-a_uQ7fwg2w,JinKoon,51Vt8Z1JEN8,The biggest One Piece hurdle😂,2025-10-25T03:40:55Z,15.0,True,3179,53.0,1.0
5068,UCqhop789NWsj-a_uQ7fwg2w,JinKoon,GOIjpVtluzg,Are you watching anime subbed or dubbed?,2025-10-26T11:08:31Z,22.0,True,1965,31.0,3.0
5068,UCqhop789NWsj-a_uQ7fwg2w,JinKoon,5ebrvYo7ee4,Full score Exam Hack😎,2025-10-27T10:49:30Z,12.0,True,15024,127.0,2.0
5068,UCqhop789NWsj-a_uQ7fwg2w,JinKoon,6tsvprb-Y1Y,Huge difference when girls and boys cook🤣,2025-10-27T22:40:04Z,10.0,True,1301,21.0,2.0
5068,UCqhop789NWsj-a_uQ7fwg2w,JinKoon,LLnGvUpWYOs,The last wish for gennie,2025-10-28T13:52:44Z,14.0,True,29482,801.0,10.0
5068,UCqhop789NWsj-a_uQ7fwg2w,JinKoon,gdWbCuVgbg0,"When you listen to music, it will be like🤣",2025-10-30T10:02:34Z,9.0,True,3474,76.0,3.0
5068,UCqhop789NWsj-a_uQ7fwg2w,JinKoon,04m3IXsWcbc,My Demon Slayer family is cooked🤣,2025-10-30T10:32:54Z,9.0,True,39172,141.0,5.0
5068,UCqhop789NWsj-a_uQ7fwg2w,JinKoon,91UmBRDr_8Q,Eggs in anime are epic😎,2025-10-31T09:43:40Z,16.0,True,2369,33.0,2.0
5068,UCqhop789NWsj-a_uQ7fwg2w,JinKoon,FOFEcl_ABhk,My jjk family is cooked😂,2025-11-02T09:01:39Z,19.0,True,14008,75.0,4.0
5068,UCqhop789NWsj-a_uQ7fwg2w,JinKoon,1jJJR_sWRRU,What if Gojo was born in Korea😂,2025-11-03T09:17:45Z,20.0,True,15440,236.0,6.0
5068,UCqhop789NWsj-a_uQ7fwg2w,JinKoon,8_T6SmioL6k,My demon slayer family is cooked🤪,2025-11-04T09:23:41Z,19.0,True,6240,60.0,1.0
5068,UCqhop789NWsj-a_uQ7fwg2w,JinKoon,-iqs7dXITkw,When the whole world tries to spoil you🤣,2025-11-05T10:56:33Z,16.0,True,22908,256.0,10.0
5068,UCqhop789NWsj-a_uQ7fwg2w,JinKoon,FU2mEYMBvdA,My jjk family is cooked🤪,2025-11-06T09:19:22Z,15.0,True,7010,22.0,8.0
5068,UCqhop789NWsj-a_uQ7fwg2w,JinKoon,Rw3-20LNioY,Weebs who pretend not to watch anime 🤣,2025-11-07T10:27:11Z,18.0,True,30642,457.0,8.0
5068,UCqhop789NWsj-a_uQ7fwg2w,JinKoon,Wi2TxB499-M,Having a chat with Shinobu from Demon slayer!?  #tipsychat#tipsy#nofilter,2025-11-08T11:07:12Z,37.0,True,1307,21.0,3.0
5068,UCqhop789NWsj-a_uQ7fwg2w,JinKoon,k7F8XsFMtss,Making a 3D animation challenge! (Never touched 3D tools before),2025-11-09T14:24:20Z,270.0,False,3308,64.0,7.0
5068,UCqhop789NWsj-a_uQ7fwg2w,JinKoon,5C44GPhwspw,D-180 Making 3D animation: Challenge Start,2025-11-09T21:45:00Z,40.0,True,1638,39.0,4.0
5068,UCqhop789NWsj-a_uQ7fwg2w,JinKoon,biM5MrS1u5c,D-179 Making 3D animation: My First Blender,2025-11-10T01:45:04Z,26.0,True,3847,86.0,6.0
5068,UCqhop789NWsj-a_uQ7fwg2w,JinKoon,EfjH0cW5arg,D-178 Making 3D animation: Character Modeling Disaster,2025-11-10T05:45:00Z,26.0,True,5477,75.0,4.0
5068,UCqhop789NWsj-a_uQ7fwg2w,JinKoon,g8N_BdgEbBQ,D-177 Making 3D animation: Donut Tutorial,2025-11-11T07:47:18Z,23.0,True,3182,36.0,4.0
5068,UCqhop789NWsj-a_uQ7fwg2w,JinKoon,CLyUx8zyNTY,Having a chat with demon slayer characters!  #tipsychat#tipsy#nofilter,2025-11-12T10:54:40Z,34.0,True,1000,13.0,1.0
5068,UCqhop789NWsj-a_uQ7fwg2w,JinKoon,u_06IW26sy0,My demon slayer family is cooked 😂,2025-11-13T12:08:58Z,18.0,True,7271,66.0,3.0
5068,UCqhop789NWsj-a_uQ7fwg2w,JinKoon,7uJr8rbxIUU,D-176 Making 3D animation: New Days,2025-11-14T09:33:16Z,37.0,True,4603,100.0,7.0
5068,UCqhop789NWsj-a_uQ7fwg2w,JinKoon,y-mGv_UngY4,Weebs who pretend not to watch anime 😅,2025-11-15T14:15:49Z,18.0,True,16263,210.0,3.0
5068,UCqhop789NWsj-a_uQ7fwg2w,JinKoon,l2LM2dYfnO4,D-175 Making 3D animation: I can`t figure out!,2025-11-16T12:30:49Z,32.0,True,1896,16.0,5.0
5068,UCqhop789NWsj-a_uQ7fwg2w,JinKoon,xZYz2m6Aff4,D-174 Making 3D animation: Unexpected twist,2025-11-18T10:43:32Z,31.0,True,8680,72.0,6.0
5068,UCqhop789NWsj-a_uQ7fwg2w,JinKoon,yzDwzu1Ujaw,D-173 Making 3D animation: UV map disaster,2025-11-20T11:51:36Z,24.0,True,7503,75.0,5.0
5068,UCqhop789NWsj-a_uQ7fwg2w,JinKoon,pdTTipvGBls,D-172 Making 3D animation: A magical tool,2025-11-22T03:17:01Z,27.0,True,3402,40.0,1.0
5068,UCqhop789NWsj-a_uQ7fwg2w,JinKoon,eWiLTh3LwO4,D-171 Making 3D animation: My First Character Modeling,2025-11-25T13:16:20Z,26.0,True,18208,231.0,43.0
5069,UCPp6kLLWggTuACsQwFibg8A,수피,itWe2DMjcc8,난 수피 인정 못 해,2025-11-17T14:11:37Z,820.0,False,128228,767.0,32.0
5069,UCPp6kLLWggTuACsQwFibg8A,수피,wwJVU8uMEuU,꾸미고 온 영감님을 보는 배그 동생들 반응ㅋㅋㅋㅋ,2025-11-20T14:49:49Z,863.0,False,87956,697.0,39.0
5069,UCPp6kLLWggTuACsQwFibg8A,수피,UtjyJHoxs0M,수피를 알고있는 우왁굳님..?!!,2025-11-24T13:39:43Z,484.0,False,57832,937.0,64.0
5069,UCPp6kLLWggTuACsQwFibg8A,수피,chp9EX8f4wU,상대팀 보느라 정신못차리는 우리팀ㅋㅋㅋㅋ,2025-11-27T03:01:00Z,1196.0,False,127042,938.0,54.0
5069,UCPp6kLLWggTuACsQwFibg8A,수피,-uRwC-CnpDc,미친 플러팅에 정신 못차리는 수수자매ㅋㅋㅋ,2025-12-01T09:00:01Z,878.0,False,209474,1226.0,68.0
5069,UCPp6kLLWggTuACsQwFibg8A,수피,1MxRfMFSLAY,어떤 공격도 막아버리는 현실 도핑ㅋㅋㅋㅋ,2025-12-06T09:00:06Z,736.0,False,64469,460.0,27.0
5069,UCPp6kLLWggTuACsQwFibg8A,수피,B0QRsgCDYq4,"""성공하면 수피 킬내기 훈수 가능""",2025-12-11T09:00:23Z,867.0,False,94772,661.0,40.0
5069,UCPp6kLLWggTuACsQwFibg8A,수피,naMaHMMyuXE,태국 가서 꽃보다 할배 찍는 이수푸...,2025-12-14T03:01:05Z,791.0,False,98905,859.0,64.0
5069,UCPp6kLLWggTuACsQwFibg8A,수피,O4RoTUdfLmc,"""그건 좀 논란이 있겠는걸?"" 누나들 휘어잡는 당돌한 막내 등장ㅋㅋㅋㅋ",2025-12-16T09:00:39Z,1005.0,False,144565,999.0,43.0
5069,UCPp6kLLWggTuACsQwFibg8A,수피,B4R9E3TSUAA,이상호의 비밀을 알아버린 수피ㅋㅋㅋㅋ,2025-12-22T12:41:56Z,909.0,False,262778,1542.0,65.0
5069,UCPp6kLLWggTuACsQwFibg8A,수피,58CVT2G9SKI,이 분 달라진 거 맞나요?,2025-12-23T13:17:04Z,815.0,False,102210,668.0,26.0
5069,UCPp6kLLWggTuACsQwFibg8A,수피,qpK9b6HNgiE,이젠 배그로 개념싸움 걸어버리는 상호오빠 ㅋㅋㅋㅋ,2025-12-28T03:01:12Z,1458.0,False,190575,1023.0,50.0
5069,UCPp6kLLWggTuACsQwFibg8A,수피,9vr0nO7BPCw,만나면 플러팅하는 준수와 수피ㅋㅋㅋㅋ,2025-12-29T12:28:06Z,956.0,False,142518,855.0,63.0
5069,UCPp6kLLWggTuACsQwFibg8A,수피,G7i6Gcj4G_M,아 정수힛 진짜;;;,2025-12-31T14:15:03Z,817.0,False,104828,661.0,35.0
5069,UCPp6kLLWggTuACsQwFibg8A,수피,t4Ro-oLpJt0,어디서도 볼 수 없는 이수피의 앙탈 챌린지ㅋㅋㅋㅋ,2026-01-04T11:34:45Z,1296.0,False,150575,1927.0,113.0
5069,UCPp6kLLWggTuACsQwFibg8A,수피,bkWxVI8lH6o,현질하다 거래 거절 당한 초흑우 펭귄ㅋㅋㅋㅋ,2026-01-06T12:18:56Z,833.0,False,289721,2229.0,144.0
5069,UCPp6kLLWggTuACsQwFibg8A,수피,MVB2Svz-ZVo,성태오빠 울지마ㅠㅠ,2026-01-08T09:00:37Z,1125.0,False,111659,797.0,66.0
5069,UCPp6kLLWggTuACsQwFibg8A,수피,beBQ4pk8Lts,추억의 드림카 다 뽑아버리는 밀레니엄 베이비ㅋㅋㅋ,2026-01-09T09:01:06Z,939.0,False,49250,383.0,29.0
5069,UCPp6kLLWggTuACsQwFibg8A,수피,MjioOSzalDc,안녕하세요 에란겔 뉴스 수피 기자입니다~,2026-01-14T09:00:27Z,972.0,False,172129,1455.0,93.0
5069,UCPp6kLLWggTuACsQwFibg8A,수피,WoTlfyspJJk,누구한테 좋은거 배운 숲청자ㅋㅋㅋㅋ,2026-01-16T09:01:01Z,750.0,False,95877,930.0,49.0
5069,UCPp6kLLWggTuACsQwFibg8A,수피,KqMDdsoKlVQ,경력직 이수피ㅎ,2026-01-18T09:00:21Z,765.0,False,151582,1798.0,124.0
5069,UCPp6kLLWggTuACsQwFibg8A,수피,Mpr5Qm-vXuo,앙탈 챌린지 경력직 이수피,2026-01-19T09:04:19Z,42.0,True,904853,12256.0,240.0
5069,UCPp6kLLWggTuACsQwFibg8A,수피,sJJcPh8j-dQ,게임하며 먹방찍는 펭귄ㅋㅋㅋㅋ,2026-01-22T09:01:17Z,86.0,False,463346,11447.0,207.0
5069,UCPp6kLLWggTuACsQwFibg8A,수피,k3qGOlOqvfM,준수 지금 뭐 먹지?,2026-01-23T03:00:26Z,772.0,False,90993,644.0,37.0
5069,UCPp6kLLWggTuACsQwFibg8A,수피,Avwuz5E1kII,이번엔 혼자가 아닌 생일【 첫 팬미팅 VLOG 】,2026-01-28T09:00:23Z,544.0,False,108980,1062.0,57.0
5069,UCPp6kLLWggTuACsQwFibg8A,수피,yqiuFLphhsM,제발 내 방송에서 나가!!!,2026-01-29T13:04:27Z,747.0,False,99230,671.0,27.0
5069,UCPp6kLLWggTuACsQwFibg8A,수피,Sj5OM9rZffY,프짱 협박해서 소환하는 수피ㅋㅋㅋㅋ,2026-02-02T09:52:36Z,1157.0,False,112897,632.0,38.0
5069,UCPp6kLLWggTuACsQwFibg8A,수피,O3xQ-CDJaNg,수피를 의심하는 롤드컵 우승자ㄷㄷ,2026-02-06T03:00:23Z,1859.0,False,61645,398.0,25.0
5069,UCPp6kLLWggTuACsQwFibg8A,수피,5FtY3vmyh4I,이길 생각 전혀 없는 오빠들ㅋㅋㅋㅋㅋ,2026-02-08T13:05:56Z,1150.0,False,170423,976.0,41.0
5069,UCPp6kLLWggTuACsQwFibg8A,수피,j_ml65cCn4s,불화가 승리의 원동력인 수피팀ㅋㅋㅋㅋ,2026-02-10T09:01:06Z,1540.0,False,50210,340.0,20.0
5069,UCPp6kLLWggTuACsQwFibg8A,수피,b9h2X6vKnnw,오빠들 쓰레기로 만드는 이수핔ㅋㅋㅋ,2026-02-16T03:00:42Z,811.0,False,109682,694.0,33.0
5069,UCPp6kLLWggTuACsQwFibg8A,수피,az7beX6eYtI,오늘은 진지하다는 수피의 개그맨들,2026-02-19T03:00:06Z,978.0,False,142334,934.0,47.0
5069,UCPp6kLLWggTuACsQwFibg8A,수피,UAUg8RPTjXg,수피를 보내버리는 오빠들ㅋㅋㅋㅋ,2026-02-22T03:00:25Z,919.0,False,68754,611.0,42.0
5069,UCPp6kLLWggTuACsQwFibg8A,수피,4ObApuxXQAc,결국 오빠들에게 손절당한 수피ㅋㅋㅋㅋ,2026-02-27T11:03:09Z,1170.0,False,144927,886.0,41.0
5069,UCPp6kLLWggTuACsQwFibg8A,수피,TXCRKWoUFio,집중견제 받는 이수피의 '그 안경',2026-03-07T09:48:19Z,1345.0,False,169902,1067.0,31.0
5069,UCPp6kLLWggTuACsQwFibg8A,수피,CG1lRdCRAkU,웃겨서 정신 못차리는 레전드 네얼간이들ㅋㅋㅋㅋ,2026-03-13T03:00:20Z,907.0,False,112282,772.0,49.0
5069,UCPp6kLLWggTuACsQwFibg8A,수피,WZxqDpzBwqo,수피를 웃기는 장군님들,2026-03-16T03:00:36Z,891.0,False,164932,1044.0,61.0
5069,UCPp6kLLWggTuACsQwFibg8A,수피,LDdmWP0GKUQ,바뀐 론도에서 몰래 룰렛 돌리는 이수피ㅋㅋㅋㅋ,2026-03-17T11:15:47Z,717.0,False,53995,406.0,21.0
5069,UCPp6kLLWggTuACsQwFibg8A,수피,jz8sB0kY-uw,하루 종일 싸우는 패륜아 큰아들과 사춘기 작은아들ㅋㅋㅋㅋㅋ,2026-03-23T03:00:52Z,1110.0,False,138727,972.0,52.0
5069,UCPp6kLLWggTuACsQwFibg8A,수피,1RzVzM531KE,배그 누나들의 특별 황제배그 체험ㅋㅋㅋㅋ,2026-03-29T03:00:03Z,899.0,False,73511,513.0,45.0
5069,UCPp6kLLWggTuACsQwFibg8A,수피,3iQUirCQ02w,달라졌다는 상호 오빠와 대환장 킬내기,2026-04-02T03:00:07Z,1526.0,False,131770,1039.0,92.0
5069,UCPp6kLLWggTuACsQwFibg8A,수피,TQhgqOdljtk,수피가 1등을 못하는 이유,2026-04-06T09:00:41Z,993.0,False,81259,552.0,86.0
5069,UCPp6kLLWggTuACsQwFibg8A,수피,Br9jEjzLsFs,자기도 모르게 수피에게 끌리는 남자들ㅋㅋㅋㅋ,2026-04-09T03:00:11Z,1114.0,False,81417,566.0,44.0
5069,UCPp6kLLWggTuACsQwFibg8A,수피,3_3IPEMkLhI,수피가 어색한 남자의 집에 가게 된 사연은..?,2026-04-15T09:00:05Z,934.0,False,164118,1211.0,72.0
5069,UCPp6kLLWggTuACsQwFibg8A,수피,8xYNjt2R6wY,뭉치면 아무도 못말리는 레전드 듀오ㅋㅋㅋㅋ,2026-04-17T12:57:23Z,905.0,False,98987,772.0,34.0
5069,UCPp6kLLWggTuACsQwFibg8A,수피,PFQD6v5xFSk,이젠 강남 한복판에서 앙탈부리는 수피ㅋㅋㅋ,2026-04-21T12:30:43Z,832.0,False,137679,1201.0,85.0
5069,UCPp6kLLWggTuACsQwFibg8A,수피,vBrfx4FTVHE,소리 지를 수밖에 없는 수피의 레전드 플레이ㄷㄷ,2026-04-24T09:01:30Z,799.0,False,78474,497.0,23.0
5069,UCPp6kLLWggTuACsQwFibg8A,수피,7Hz9yt-pfmU,수피에게 할 말이 많은 오빠들,2026-04-30T13:26:03Z,1175.0,False,107318,881.0,49.0
5069,UCPp6kLLWggTuACsQwFibg8A,수피,TD1IsFEdWAg,수피와 준수의 양심고백ㅋㅋㅋㅋ,2026-05-07T08:10:15Z,545.0,False,87909,633.0,21.0
5069,UCPp6kLLWggTuACsQwFibg8A,수피,p0pAcpdaiVA,수피는 퇴사가 마렵다...,2026-05-16T13:05:05Z,1207.0,False,54124,546.0,37.0
5070,UCRRdwcQaU4x98otHO_XsncQ,엘이맥 / LEmag,2mO-n6th6no,IP 사건 이후 서리 크루는 진행할 수 없어요 | [NEWSLETTER] 쿤디판다,2024-10-11T09:00:02Z,898.0,False,115389,1415.0,452.0
5070,UCRRdwcQaU4x98otHO_XsncQ,엘이맥 / LEmag,iUZJw_pCTEI,그 형은 래퍼의 룰을 어겼어요,2024-10-12T04:00:35Z,53.0,True,19682,243.0,44.0
5070,UCRRdwcQaU4x98otHO_XsncQ,엘이맥 / LEmag,sqgKtzax018,랩으로 억 못 벌어요,2024-10-12T09:00:57Z,53.0,True,15528,232.0,36.0
5070,UCRRdwcQaU4x98otHO_XsncQ,엘이맥 / LEmag,M1zamXyyFmE,저를 리스펙 안 하던데요?,2024-10-13T09:00:27Z,59.0,True,14082,211.0,22.0
5070,UCRRdwcQaU4x98otHO_XsncQ,엘이맥 / LEmag,TbVr4DObXkg,한국 밴드 최고의 작사가는,2024-10-14T09:00:31Z,21.0,True,73395,1397.0,58.0
5070,UCRRdwcQaU4x98otHO_XsncQ,엘이맥 / LEmag,6plE5hQjwv0,외톨이들은 이제 레전드가 되었다 | [슬라피 JAM] 씨엔블루,2024-10-16T10:00:09Z,632.0,False,417505,10516.0,597.0
5070,UCRRdwcQaU4x98otHO_XsncQ,엘이맥 / LEmag,Z-HIYDXZWnY,장기하와 얼굴들 VS 실리카겔,2024-10-18T10:00:39Z,51.0,True,601173,8502.0,102.0
5070,UCRRdwcQaU4x98otHO_XsncQ,엘이맥 / LEmag,wgErWUM36g0,QM의 제자들은 '힙합'을 한다 | [슬라피 Freestyle] 82MAJOR,2024-10-19T09:00:55Z,525.0,False,262380,10429.0,1164.0
5070,UCRRdwcQaU4x98otHO_XsncQ,엘이맥 / LEmag,8RKp24xR0_c,말달리자 VS 외톨이야,2024-10-20T10:00:15Z,52.0,True,37274,745.0,11.0
5070,UCRRdwcQaU4x98otHO_XsncQ,엘이맥 / LEmag,CM2YJLXPa-w,멧챠 카와이는 찐따 | [이백이는 슈퍼 괴짜] 1화,2024-10-21T09:00:18Z,535.0,False,211218,5104.0,298.0
5070,UCRRdwcQaU4x98otHO_XsncQ,엘이맥 / LEmag,A_UqTxXDiIE,와타시와 멧챠 카와이,2024-10-21T09:15:00Z,50.0,True,398028,9398.0,173.0
5070,UCRRdwcQaU4x98otHO_XsncQ,엘이맥 / LEmag,muqC3K4HGaY,시집만 잘 가면 돼(?),2024-10-22T09:00:53Z,56.0,True,112499,3724.0,87.0
5070,UCRRdwcQaU4x98otHO_XsncQ,엘이맥 / LEmag,0yng-TI6S1w,학교 무단으로 쨈,2024-10-23T09:00:01Z,59.0,True,12922,322.0,5.0
5070,UCRRdwcQaU4x98otHO_XsncQ,엘이맥 / LEmag,mOLQ4PUvwbA,나 카피캣 아니야ㅠㅠ | [이백이는 슈퍼 괴짜] 2화,2024-10-24T09:00:45Z,401.0,False,68548,1347.0,81.0
5070,UCRRdwcQaU4x98otHO_XsncQ,엘이맥 / LEmag,gNNFYHI95_E,600만 조회수의 찐따들,2024-10-24T09:15:02Z,60.0,True,20586,425.0,11.0
5070,UCRRdwcQaU4x98otHO_XsncQ,엘이맥 / LEmag,aQ-mCLbLThI,"지뢰계 2차 전직, 카피캣...",2024-10-25T09:00:02Z,58.0,True,11213,203.0,11.0
5070,UCRRdwcQaU4x98otHO_XsncQ,엘이맥 / LEmag,IoZEKBlbLm8,뜬겁새로 힙합 공연,2024-10-26T09:00:20Z,53.0,True,40969,755.0,28.0
5070,UCRRdwcQaU4x98otHO_XsncQ,엘이맥 / LEmag,X1hItFcHuVc,이적 VS 아이유,2024-10-27T09:00:28Z,39.0,True,101331,1241.0,51.0
5070,UCRRdwcQaU4x98otHO_XsncQ,엘이맥 / LEmag,K-NfmlEjzIU,나도 프로가 되고 싶어... | [이백이는 슈퍼 괴짜] 3화,2024-10-28T09:00:30Z,485.0,False,53280,1251.0,60.0
5070,UCRRdwcQaU4x98otHO_XsncQ,엘이맥 / LEmag,K2Qtfa391bI,가사 쓰기 너무 어려워...,2024-10-28T09:15:01Z,51.0,True,11787,239.0,14.0
5070,UCRRdwcQaU4x98otHO_XsncQ,엘이맥 / LEmag,EZtH2TkwRFY,프로와의 첫 작업,2024-10-29T09:00:11Z,39.0,True,14000,181.0,3.0
5070,UCRRdwcQaU4x98otHO_XsncQ,엘이맥 / LEmag,f4UlMSMC2I4,미술 입시생 출신임니다,2024-10-30T09:00:47Z,44.0,True,17481,354.0,7.0
5070,UCRRdwcQaU4x98otHO_XsncQ,엘이맥 / LEmag,iQrrnrirYZg,재미로 한 번 spit한 게 600만 | [슬라피 Freestyle] 식구(SIK KOO),2024-11-01T09:00:53Z,432.0,False,570419,8998.0,586.0
5070,UCRRdwcQaU4x98otHO_XsncQ,엘이맥 / LEmag,nsqm6-hbkpw,토모다치 욕받이,2024-11-02T03:00:42Z,43.0,True,25624,511.0,29.0
5070,UCRRdwcQaU4x98otHO_XsncQ,엘이맥 / LEmag,7kT-4LC74sw,용 되기 전의 이무기,2024-11-02T06:00:05Z,43.0,True,42300,1207.0,63.0
5070,UCRRdwcQaU4x98otHO_XsncQ,엘이맥 / LEmag,P_7lyeyypEI,노란티 플로우 미쳤다,2024-11-02T09:00:20Z,58.0,True,188158,5131.0,223.0
5070,UCRRdwcQaU4x98otHO_XsncQ,엘이맥 / LEmag,_vXMLVOIHMc,틱톡 바이럴로 남지 않아,2024-11-02T12:00:43Z,42.0,True,1157607,22832.0,814.0
5070,UCRRdwcQaU4x98otHO_XsncQ,엘이맥 / LEmag,bPLoejf8FUI,[TEASER] 이백(200) - Super 괴짜,2024-11-03T03:00:27Z,14.0,True,54758,1065.0,25.0
5070,UCRRdwcQaU4x98otHO_XsncQ,엘이맥 / LEmag,W92_g_YtXcQ,[MV] 이백(200) - Super 괴짜 | [이백이는 슈퍼 괴짜],2024-11-04T09:00:33Z,125.0,False,518005,9229.0,656.0
5070,UCRRdwcQaU4x98otHO_XsncQ,엘이맥 / LEmag,GA2KWq1jBgs,싱송라 중 최고의 음색은,2024-11-05T08:00:12Z,21.0,True,35386,468.0,22.0
5070,UCRRdwcQaU4x98otHO_XsncQ,엘이맥 / LEmag,6HyyuY-37p8,댄스 신동과 댄싱퀸(?),2024-11-06T03:00:04Z,25.0,True,14660,136.0,4.0
5070,UCRRdwcQaU4x98otHO_XsncQ,엘이맥 / LEmag,ub5NEt3nbwA,"국힙은 썩었어? 사자성어로 터뜨리는 프리스타일 | [슬라피 Freestyle] 릴체리, 골드부다",2024-11-06T09:00:54Z,573.0,False,71738,1286.0,264.0
5070,UCRRdwcQaU4x98otHO_XsncQ,엘이맥 / LEmag,c6X2GnVC1yA,"국힙은 썩었어, 챙피해 죽겄어",2024-11-07T09:00:39Z,78.0,False,46696,625.0,85.0
5070,UCRRdwcQaU4x98otHO_XsncQ,엘이맥 / LEmag,fLKYq9UQxv8,이백 X 릴체리,2024-11-09T03:00:28Z,26.0,True,39001,815.0,42.0
5070,UCRRdwcQaU4x98otHO_XsncQ,엘이맥 / LEmag,ncR-wnI35C4,샤이니가 '평론가의 아이돌' 이라고요? | [NEWSLETTER] 민호,2024-11-09T09:00:49Z,591.0,False,19349,2298.0,169.0
5070,UCRRdwcQaU4x98otHO_XsncQ,엘이맥 / LEmag,mACdM51LLdQ,음악 평론가의 아이돌,2024-11-10T03:00:36Z,41.0,True,12310,96.0,8.0
5070,UCRRdwcQaU4x98otHO_XsncQ,엘이맥 / LEmag,rqt6yKMC5SQ,크라잉넛이 뽑은 최고의 한국 밴드,2024-11-10T09:00:55Z,48.0,True,867006,6084.0,297.0
5070,UCRRdwcQaU4x98otHO_XsncQ,엘이맥 / LEmag,ECtYKiUjNQE,이센스 VS 빈지노,2024-11-11T09:00:20Z,51.0,True,46400,483.0,38.0
5070,UCRRdwcQaU4x98otHO_XsncQ,엘이맥 / LEmag,nVZ0QaW1FZo,민호가 뽑은 최고의 샤이니 노래,2024-11-12T09:00:49Z,45.0,True,129850,3982.0,131.0
5070,UCRRdwcQaU4x98otHO_XsncQ,엘이맥 / LEmag,QW4NUPGgfc4,LANY의 최애 뮤지션은,2024-11-14T09:00:23Z,56.0,True,32036,667.0,9.0
5070,UCRRdwcQaU4x98otHO_XsncQ,엘이맥 / LEmag,YWRc3ZGA4QE,개코 VS 이센스,2024-11-15T09:00:42Z,50.0,True,117585,708.0,108.0
5070,UCRRdwcQaU4x98otHO_XsncQ,엘이맥 / LEmag,EQshMXZ9V7Q,다프트 펑크 VS 레이니,2024-11-17T09:00:12Z,64.0,False,21633,214.0,10.0
5070,UCRRdwcQaU4x98otHO_XsncQ,엘이맥 / LEmag,zg5PEMC3qJo,30살이 되고 정신을 차려야 했어요 | [NEWSLETTER] 제네 더 질라,2024-11-26T09:01:04Z,516.0,False,89621,1569.0,212.0
5070,UCRRdwcQaU4x98otHO_XsncQ,엘이맥 / LEmag,hnlFHft1AgA,앰비션 동료들에게 느낀 자격지심,2024-11-27T03:00:34Z,63.0,False,48012,611.0,43.0
5070,UCRRdwcQaU4x98otHO_XsncQ,엘이맥 / LEmag,ga11i-C4sN0,이제 초록머리에 지쳤어요,2024-11-27T09:00:41Z,39.0,True,60029,614.0,71.0
5070,UCRRdwcQaU4x98otHO_XsncQ,엘이맥 / LEmag,d6DCxJwL04E,빌스택스 VS 오케이션,2024-11-28T09:00:39Z,61.0,False,870972,10542.0,198.0
5070,UCRRdwcQaU4x98otHO_XsncQ,엘이맥 / LEmag,TMrP3rmRK0E,에미넴 VS 켄드릭,2024-12-03T09:00:25Z,53.0,True,1214599,14269.0,647.0
5070,UCRRdwcQaU4x98otHO_XsncQ,엘이맥 / LEmag,6KgMxWnr27M,공연 제일 잘 하는 국힙 래퍼,2024-12-05T09:00:05Z,38.0,True,538979,8051.0,303.0
5070,UCRRdwcQaU4x98otHO_XsncQ,엘이맥 / LEmag,oqzANCIOnfU,꽃길만 걷게 해주는 베테랑 밴드 | [슬라피 JAM] 데이브레이크,2024-12-11T09:00:58Z,804.0,False,12335,226.0,50.0
5070,UCRRdwcQaU4x98otHO_XsncQ,엘이맥 / LEmag,6vLenBUHcyk,최고의 국내 밴드 명곡은,2024-12-13T09:00:05Z,80.0,False,56318,492.0,27.0
5071,UCNlspuBYplH1pqkgpV28TKQ,바다 리 Bada Lee,IMxM5UVC0XQ,띵동❗️ 바다 님에게서 연하장이 도착하였습니다💌,2026-01-01T10:00:33Z,36.0,True,33923,1214.0,70.0
5071,UCNlspuBYplH1pqkgpV28TKQ,바다 리 Bada Lee,OfkWbGmgH24,[SUB] 그러니까 놀러 온 거야? 춤추러 온 거야? 홍보하러 온 거야? | 바다쓰기 (V-Log),2026-01-08T10:00:40Z,1038.0,False,158337,3876.0,246.0
5071,UCNlspuBYplH1pqkgpV28TKQ,바다 리 Bada Lee,67rLh7bLG6o,털이 너무 날리는데요? 🐶🐶 #NOT_CUTE_ANYMORE | #BadaLee #남지현,2026-01-08T10:34:19Z,34.0,True,235161,10656.0,170.0
5071,UCNlspuBYplH1pqkgpV28TKQ,바다 리 Bada Lee,fTFM8kgvZIg,[SUB] 우리 사이에 비밀은 없어🤫 소곤소곤 말해주는 바다의 50문 50답 ASMR💌 | 바다쓰기,2026-01-15T10:01:08Z,1482.0,False,49063,1611.0,110.0
5071,UCNlspuBYplH1pqkgpV28TKQ,바다 리 Bada Lee,CU5vgg9FM-I,[SUB] 힐 신고 운동 많이 된다 👠 드디어 배우고 왔습니다 | 춤킷리스트 [힐 댄스],2026-01-29T10:00:15Z,1525.0,False,482347,9034.0,360.0
5071,UCNlspuBYplH1pqkgpV28TKQ,바다 리 Bada Lee,jaQFzPJJssk,오늘의 #춤킷리스트 ✅ 힐댄스 수강 완료! | #badalee #펑키와이,2026-01-29T10:01:11Z,36.0,True,1624154,30754.0,317.0
5071,UCNlspuBYplH1pqkgpV28TKQ,바다 리 Bada Lee,0fUQo1hrVwQ,의상 빈부 격차 그리고 천의 면적 차이🫣 | #춤킷리스트 #badalee #펑키와이,2026-01-30T10:00:03Z,60.0,True,259866,1773.0,10.0
5071,UCNlspuBYplH1pqkgpV28TKQ,바다 리 Bada Lee,CSG4o46t82g,여섯 버어어언!!!!!!!🫵🏻 | #춤킷리스트 #badalee #펑키와이,2026-01-30T10:00:17Z,47.0,True,421086,5532.0,36.0
5071,UCNlspuBYplH1pqkgpV28TKQ,바다 리 Bada Lee,p9PzQrZQniM,고문 아니고🙅🏻‍♀️ 스트레칭 맞습니다🙆🏻‍♀️ | #춤킷리스트 #badalee #펑키와이,2026-01-30T10:01:18Z,50.0,True,135772,1330.0,13.0
5071,UCNlspuBYplH1pqkgpV28TKQ,바다 리 Bada Lee,i6e8m4KDX_8,자유로운 우리를 봐 자유로워 〰️ #motivation | #연습실바다쌤 #BadaLee #KiiiKiii,2026-02-12T10:01:06Z,22.0,True,49923,2134.0,28.0
5071,UCNlspuBYplH1pqkgpV28TKQ,바다 리 Bada Lee,ljtg3xUecxM,[SUB] 젠지 호소인 주목‼️ 이 영상을 보는 ㄷб신도 ○l제 젠ズl.. | Ep.42 KiiiKiii | 연습실 바다쌤,2026-02-12T10:01:13Z,1191.0,False,26126,1581.0,94.0
5071,UCNlspuBYplH1pqkgpV28TKQ,바다 리 Bada Lee,j9MIUOlY4aQ,원래 오타쿠는 5초도 안 되는 시간에 사랑에 빠져💓 | #연습실바다쌤 #BadaLee #KiiiKiii,2026-02-13T10:01:05Z,59.0,True,16097,327.0,5.0
5071,UCNlspuBYplH1pqkgpV28TKQ,바다 리 Bada Lee,pa2Ey8uhIYo,KiiiKiii 무대 영업 비밀🤫 | #연습실바다쌤 #BadaLee #KiiiKiii,2026-02-13T10:01:15Z,50.0,True,20730,648.0,4.0
5071,UCNlspuBYplH1pqkgpV28TKQ,바다 리 Bada Lee,v5dtMKfk-rs,빨리하고 퇴근하자 일어나🔥 | #연습실바다쌤 #BadaLee #KiiiKiii,2026-02-13T10:01:29Z,41.0,True,29651,686.0,7.0
5071,UCNlspuBYplH1pqkgpV28TKQ,바다 리 Bada Lee,eczdQ_v1Eq4,엔딩까지 눈부신 ✨ #motivation | #연습실바다쌤 #BadaLee #Hearts2Hearts,2026-02-26T10:01:05Z,21.0,True,430772,21143.0,215.0
5071,UCNlspuBYplH1pqkgpV28TKQ,바다 리 Bada Lee,P8FDMruoUdg,[SUB] 칼군무 그룹? ‘하루’면 충분한데요 🤭 | Ep.43 Hearts2Hearts | 연습실 바다쌤,2026-02-26T10:09:02Z,1140.0,False,231865,14147.0,469.0
5071,UCNlspuBYplH1pqkgpV28TKQ,바다 리 Bada Lee,fWbYhDjMj1c,이 집 용하네..🔮 | #연습실바다쌤 #BadaLee #Hearts2Hearts,2026-02-27T10:01:07Z,60.0,True,26363,1184.0,10.0
5071,UCNlspuBYplH1pqkgpV28TKQ,바다 리 Bada Lee,rjrxey497w4,쌤 저희만 믿으세요❤️‍🔥 | #연습실바다쌤 #BadaLee #Hearts2Hearts,2026-02-27T10:01:21Z,20.0,True,22581,674.0,5.0
5071,UCNlspuBYplH1pqkgpV28TKQ,바다 리 Bada Lee,pzzIiTF93jg,장르가 주은 아니야?😚 | #연습실바다쌤 #BadaLee #Hearts2Hearts,2026-02-27T10:01:24Z,55.0,True,21725,1293.0,12.0
5071,UCNlspuBYplH1pqkgpV28TKQ,바다 리 Bada Lee,COxZIoDn1cI,월말평가 2026년 버전 😘 #heyday | #연습실바다쌤 #badalee #TUNEXX,2026-03-12T10:00:20Z,26.0,True,33010,2262.0,28.0
5071,UCNlspuBYplH1pqkgpV28TKQ,바다 리 Bada Lee,gB-R28DK1iE,[SUB] ✧⁺᾽✴ 들으면 댄싱머신 되는 주파수 ✴⁺'⁎✧ | Ep.44 TUNEXX | 연습실 바다쌤,2026-03-12T10:01:07Z,1402.0,False,18298,1205.0,54.0
5071,UCNlspuBYplH1pqkgpV28TKQ,바다 리 Bada Lee,OXLAJgHHjgo,계속 듣고 싶은 수업은 처음이야🫶🏻  | #연습실바다쌤 #BadaLee #TUNEXX,2026-03-13T10:00:41Z,58.0,True,9802,281.0,3.0
5071,UCNlspuBYplH1pqkgpV28TKQ,바다 리 Bada Lee,dA25kOAOX6k,자식 자랑 바이브🤭 | #연습실바다쌤 #BadaLee #TUNEXX,2026-03-13T10:00:57Z,17.0,True,15199,268.0,2.0
5071,UCNlspuBYplH1pqkgpV28TKQ,바다 리 Bada Lee,ZYCTgRW_V_Q,사용 후기 들려줄 TUNEXX 멤버들 구함😎📐  | #연습실바다쌤 #BadaLee #TUNEXX,2026-03-13T10:01:01Z,60.0,True,20201,708.0,5.0
5071,UCNlspuBYplH1pqkgpV28TKQ,바다 리 Bada Lee,83b9JaU_8Yg,#BRUKDOWN 수업 기원 1일 차🔥 | #연습실바다쌤 #BadaLee #유메키 #해리준,2026-03-26T10:00:00Z,40.0,True,52047,4116.0,87.0
5071,UCNlspuBYplH1pqkgpV28TKQ,바다 리 Bada Lee,TdsZi7YufDE,[SUB] 눈물 없이 볼 수 없는 삼남매의 𝓓𝓪𝓷𝓬𝓮 𝓼𝓽𝓸𝓻𝔂.. | Ep.45 유메키 & 해리준 | 연습실 바다쌤,2026-03-26T10:00:00Z,1288.0,False,87074,4102.0,163.0
5071,UCNlspuBYplH1pqkgpV28TKQ,바다 리 Bada Lee,8t9lyZtBpAM,유메키 성공 비법: 리허설을 실전처럼 하라 | #연습실바다쌤 #BadaLee #유메키 #해리준,2026-03-27T10:00:00Z,31.0,True,12737,484.0,5.0
5071,UCNlspuBYplH1pqkgpV28TKQ,바다 리 Bada Lee,AnnFkYlkFWc,바다쌤 명예 BB된 썰😚 | #연습실바다쌤 #BadaLee #유메키 #해리준,2026-03-27T10:00:00Z,42.0,True,9350,253.0,5.0
5071,UCNlspuBYplH1pqkgpV28TKQ,바다 리 Bada Lee,kcoXjOi58FY,자연스럽게 가방에서 나오는 템👓 | #연습실바다쌤 #BadaLee #유메키 #해리준,2026-03-27T10:00:00Z,32.0,True,15097,507.0,7.0
5071,UCNlspuBYplH1pqkgpV28TKQ,바다 리 Bada Lee,iHfz2VAmcwQ,[SUB] 우리 애 퍼스널 글자가 '따'인데 괜찮으시겠어요?🙏🏻 | Ep.46 최예나 | 연습실 바다쌤,2026-04-09T10:01:09Z,1255.0,False,25241,1553.0,97.0
5071,UCNlspuBYplH1pqkgpV28TKQ,바다 리 Bada Lee,r_BF37FRQZ0,선생님 저 사실 𝑯𝒊𝒑 𝑯𝒐𝒑 전공이에요..🔥 #FaceTime | #연습실바다쌤 #BadaLee #YENA,2026-04-09T10:01:31Z,28.0,True,42422,2414.0,38.0
5071,UCNlspuBYplH1pqkgpV28TKQ,바다 리 Bada Lee,Gw62KJXidVY,소통 오류 발생🚨 | #연습실바다쌤 #BadaLee #YENA,2026-04-10T10:00:23Z,20.0,True,28355,607.0,9.0
5071,UCNlspuBYplH1pqkgpV28TKQ,바다 리 Bada Lee,_8xPPVYdRmU,연습실 바다쌤 선정 ‘따’가 제일 잘 어울리는 아이돌 1위🥇 | #연습실바다쌤 #BadaLee #YENA,2026-04-10T10:00:58Z,48.0,True,14558,601.0,8.0
5071,UCNlspuBYplH1pqkgpV28TKQ,바다 리 Bada Lee,eqn6biUkt3c,다리 꼬인 오리🐤💦  | #연습실바다쌤 #BadaLee #YENA,2026-04-10T10:01:09Z,55.0,True,13908,554.0,8.0
5071,UCNlspuBYplH1pqkgpV28TKQ,바다 리 Bada Lee,PPwNi8NI6eI,오늘의 #춤킷리스트 ✅ 왁킹 수강 완료! | #badalee #왁씨,2026-04-23T10:00:43Z,29.0,True,76494,3911.0,69.0
5071,UCNlspuBYplH1pqkgpV28TKQ,바다 리 Bada Lee,e-ww7MjZdXk,[SUB] 일단 노래를 틀어 그리고 몸을 맡겨. 그게 왁킹이야. | 춤킷리스트 [왁킹],2026-04-23T10:01:08Z,1456.0,False,52991,2097.0,158.0
5071,UCNlspuBYplH1pqkgpV28TKQ,바다 리 Bada Lee,KWhqA2r9l3I,이 노래가 제 노래인거죠..?💦 | #춤킷리스트 #badalee #왁씨,2026-04-24T10:00:38Z,48.0,True,78197,757.0,4.0
5071,UCNlspuBYplH1pqkgpV28TKQ,바다 리 Bada Lee,W0sWUF6F7B0,난 네 춤이 더 어려워!!!! | #춤킷리스트 #badalee #왁씨,2026-04-24T10:01:00Z,38.0,True,348677,3310.0,14.0
5071,UCNlspuBYplH1pqkgpV28TKQ,바다 리 Bada Lee,eLtyZmh3R24,"PLAVE - ‘Born Savage’ 안무가 버전 | Bada Lee, KYMA Choreography",2026-04-24T10:01:11Z,175.0,False,70871,9247.0,375.0
5071,UCNlspuBYplH1pqkgpV28TKQ,바다 리 Bada Lee,ywYDDoI_bo8,배틀 신청하고 보실게요~ 아니면 안 되실게요🙏🏻 | #춤킷리스트 #badalee #왁씨,2026-04-24T10:01:41Z,53.0,True,29197,421.0,6.0
5071,UCNlspuBYplH1pqkgpV28TKQ,바다 리 Bada Lee,InXk3FwlVLQ,승한 인생 최대 데시벨 돌파한 썰 푼다🔊 | Ep.47 XngHan&Xoul | 연습실 바다쌤,2026-05-07T10:00:26Z,1154.0,False,14885,2025.0,230.0
5071,UCNlspuBYplH1pqkgpV28TKQ,바다 리 Bada Lee,caKET0SuEXg,이 영상 볼 때면 우린 아마도 계속 #moonwalkin | #연습실바다쌤 #BadaLee #XngHan&Xoul,2026-05-07T10:00:59Z,40.0,True,26431,2412.0,84.0
5071,UCNlspuBYplH1pqkgpV28TKQ,바다 리 Bada Lee,LwRiOnPuhfU,배속 아니고 정속 맞습니다👌🏻 | #연습실바다쌤 #BadaLee #XngHan&Xoul,2026-05-08T10:00:39Z,32.0,True,20241,671.0,5.0
5071,UCNlspuBYplH1pqkgpV28TKQ,바다 리 Bada Lee,_KkvgHyz1LM,바다쌤이랑 힙합하려다 센터 뺏길 뻔 | #연습실바다쌤 #BadaLee #XngHan&Xoul,2026-05-08T10:01:03Z,36.0,True,10027,330.0,7.0
5071,UCNlspuBYplH1pqkgpV28TKQ,바다 리 Bada Lee,rPCYfwrJylU,범인이 옆에 있었네💦 | #연습실바다쌤 #BadaLee #XngHan&Xoul,2026-05-08T10:01:21Z,42.0,True,13701,617.0,7.0
5071,UCNlspuBYplH1pqkgpV28TKQ,바다 리 Bada Lee,IYkCa011lXM,"느좋 댄스 챌린지의 대명사, 정석, 최강 조합의 #Moonwalkin' | #연습실바다쌤 #BadaLee #ZEROBASEONE",2026-05-14T10:00:20Z,40.0,True,59030,6674.0,164.0
5071,UCNlspuBYplH1pqkgpV28TKQ,바다 리 Bada Lee,5MXdANJ-fRE,[SUB] 댄스 TOP 셋이 모이면 생기는 일 | Ep.48 ZEROBASEONE | 연습실 바다쌤,2026-05-14T10:00:34Z,1400.0,False,49511,5398.0,317.0
5071,UCNlspuBYplH1pqkgpV28TKQ,바다 리 Bada Lee,EPmpI1ERp_U,바다빈 2년을 기다렸다구요🌊💙 | #연습실바다쌤 #BadaLee #ZEROBASEONE,2026-05-15T10:00:06Z,44.0,True,6524,614.0,15.0
5071,UCNlspuBYplH1pqkgpV28TKQ,바다 리 Bada Lee,TK3w9I30Q0E,화났을 땐 이 춤을 따라 해 보세요 | #연습실바다쌤 #BadaLee #ZEROBASEONE,2026-05-15T10:00:24Z,67.0,False,4047,550.0,17.0
5071,UCNlspuBYplH1pqkgpV28TKQ,바다 리 Bada Lee,16lD26e1e5w,대문자 I가 댄스 크루에서 생긴 일 | #연습실바다쌤 #BadaLee #ZEROBASEONE,2026-05-15T10:00:38Z,43.0,True,6022,400.0,16.0
5072,UCWunBeVPbztFbMlpE6k8RSA,Sound떵순,6KVWkEs3QmI,#390 떵순이의 과일양갱 먹방~!! 리얼사운드 social eating Mukbang(Eating Show),2018-09-10T14:30:01Z,882.0,False,79994,,
5072,UCWunBeVPbztFbMlpE6k8RSA,Sound떵순,mPK59lWrWT0,#391 떵순이의 테이프 먹방~!! 리얼사운드 social eating Mukbang(Eating Show),2018-09-11T13:19:47Z,1426.0,False,90978,,
5072,UCWunBeVPbztFbMlpE6k8RSA,Sound떵순,NrHmS_Lg4EY,#392 떵순이의 롱 마카롱 먹방~!! 리얼사운드 social eating Mukbang(Eating Show),2018-09-13T13:00:19Z,1385.0,False,162235,,
5072,UCWunBeVPbztFbMlpE6k8RSA,Sound떵순,ywx7wYTAmaQ,#393 떵순이의 꽃 먹방~!! 리얼사운드 social eating Mukbang(Eating Show),2018-09-15T12:00:07Z,776.0,False,92035,,
5072,UCWunBeVPbztFbMlpE6k8RSA,Sound떵순,HbZk5F07cSQ,#394 떵순이의 찹쌀탕수육 먹방~!! 리얼사운드 social eating Mukbang(Eating Show),2018-09-16T13:45:23Z,1560.0,False,147569,,
5072,UCWunBeVPbztFbMlpE6k8RSA,Sound떵순,Idrda3nuOoU,#395 떵순이의 쌀국수 먹방~!! 리얼사운드 social eating Mukbang(Eating Show),2018-09-22T13:01:17Z,1057.0,False,92330,,
5072,UCWunBeVPbztFbMlpE6k8RSA,Sound떵순,W80VglcdIGw,#396 떵순이의 양념숯불 닭꼬치 먹방~!! 리얼사운드 social eating Mukbang(Eating Show),2018-09-26T14:00:03Z,1653.0,False,83300,,
5072,UCWunBeVPbztFbMlpE6k8RSA,Sound떵순,JiZ0GRgNoDQ,#397 떵순이의 마쉬멜로우 각설탕 먹방~!! 리얼사운드 social eating Mukbang(Eating Show),2018-09-27T13:30:00Z,992.0,False,141474,,
5072,UCWunBeVPbztFbMlpE6k8RSA,Sound떵순,rvmr6L0uv5E,#398 떵순이의 롤소세지빵 먹방~!! 리얼사운드 social eating Mukbang(Eating Show),2018-09-28T13:15:00Z,1306.0,False,72488,,
5072,UCWunBeVPbztFbMlpE6k8RSA,Sound떵순,ULwcvkoiy5c,#399 떵순이의 새우꼬치 먹방~!! 리얼사운드 social eating Mukbang(Eating Show),2018-10-01T12:32:07Z,1085.0,False,86603,,
5072,UCWunBeVPbztFbMlpE6k8RSA,Sound떵순,vKukbili7uE,#400 떵순이의 라면땅 먹방~!! 리얼사운드 social eating Mukbang(Eating Show),2018-10-02T13:00:09Z,1322.0,False,90155,,
5072,UCWunBeVPbztFbMlpE6k8RSA,Sound떵순,1wjmyPnqgnc,#401 떵순이의 과일모찌먹방~!! 리얼사운드 social eating Mukbang(Eating Show),2018-10-03T13:30:00Z,1005.0,False,135520,,
5072,UCWunBeVPbztFbMlpE6k8RSA,Sound떵순,av9KUGiuJbo,#402 떵순이의 치즈껍데기 먹방~!! 리얼사운드 social eating Mukbang(Eating Show),2018-10-06T14:45:00Z,662.0,False,117856,,
5072,UCWunBeVPbztFbMlpE6k8RSA,Sound떵순,miI5MwSc7No,#403 떵순이의 바닐라 죠리퐁 먹방~!! 리얼사운드 social eating Mukbang(Eating Show),2018-10-09T12:00:03Z,1380.0,False,61054,,
5072,UCWunBeVPbztFbMlpE6k8RSA,Sound떵순,dh6ZHFU5hH8,#404 떵순이의 황치즈볼 먹방~!! 리얼사운드 social eating Mukbang(Eating Show),2018-10-12T13:34:09Z,1419.0,False,115813,,
5072,UCWunBeVPbztFbMlpE6k8RSA,Sound떵순,jIIJGs9XVr0,#405 떵순이의 팝콘 마쉬멜로우 먹방~!! 리얼사운드 social eating Mukbang(Eating Show),2018-10-14T13:06:32Z,1429.0,False,136763,,
5072,UCWunBeVPbztFbMlpE6k8RSA,Sound떵순,Qi5z6UTjqGY,#406 떵순이의 치즈 양념쪽갈비 먹방~!! 리얼사운드 social eating Mukbang(Eating Show),2018-10-17T14:07:30Z,1672.0,False,135368,,
5072,UCWunBeVPbztFbMlpE6k8RSA,Sound떵순,RABjth01Kh4,#407 떵순이의 달콤크림빵 먹방~!! 리얼사운드 social eating Mukbang(Eating Show),2018-10-19T12:00:03Z,1021.0,False,102582,,
5072,UCWunBeVPbztFbMlpE6k8RSA,Sound떵순,x3fhblKtzTQ,#408 떵순이의 딸기젤리 먹방~!! 리얼사운드 social eating Mukbang(Eating Show),2018-10-20T12:00:18Z,1149.0,False,179545,,
5072,UCWunBeVPbztFbMlpE6k8RSA,Sound떵순,BrmEk6QOEUI,떵순이의 리얼사운드 모음 5편 먹방~!! social eating Mukbang(Eating Show),2018-10-24T12:00:03Z,1803.0,False,58336,,
5072,UCWunBeVPbztFbMlpE6k8RSA,Sound떵순,iDOARl-2zSc,#410 떵순이의 숟가락 먹방~!! 리얼사운드 social eating Mukbang(Eating Show),2018-10-27T12:00:08Z,1705.0,False,326973,,
5072,UCWunBeVPbztFbMlpE6k8RSA,Sound떵순,E8dBOP7BjnA,#411 떵순이의 허니갈릭브레드 먹방~!! 리얼사운드 social eating Mukbang(Eating Show),2018-10-29T13:15:00Z,1985.0,False,80614,,
5072,UCWunBeVPbztFbMlpE6k8RSA,Sound떵순,p-xWOEBYNe8,#412 새우 카나페롤 먹방~!! 리얼사운드 social eating Mukbang(Eating Show),2018-10-31T12:00:18Z,1689.0,False,63531,,
5072,UCWunBeVPbztFbMlpE6k8RSA,Sound떵순,x2pBHvCUB50,#413 떵순이의 코코넛 초콜렛 먹방~!! 리얼사운드 social eating Mukbang(Eating Show),2018-11-02T12:00:05Z,1139.0,False,77207,,
5072,UCWunBeVPbztFbMlpE6k8RSA,Sound떵순,zQEC29iR1KA,#414 떵순이의 무지개 케이크 먹방~!! 리얼사운드 social eating Mukbang(Eating Show),2018-11-07T12:01:43Z,1428.0,False,135315,,
5072,UCWunBeVPbztFbMlpE6k8RSA,Sound떵순,rGYrXDlqysU,#415 떵순이의 공구초콜릿 먹방~!! 리얼사운드 social eating Mukbang(Eating Show),2018-11-08T12:00:08Z,1267.0,False,104161,,
5072,UCWunBeVPbztFbMlpE6k8RSA,Sound떵순,Zcd82ZzpoZo,#416 떵순이의 짜장 떡볶이 먹방~!! 리얼사운드  social eating Mukbang(Eating Show),2018-11-09T12:46:41Z,1823.0,False,105240,,
5072,UCWunBeVPbztFbMlpE6k8RSA,Sound떵순,nhvme_NpA6E,#417 떵순이의 토마토 스파게티 먹방~!! 리얼사운드 social eating Mukbang(Eating Show),2018-11-13T12:00:06Z,1269.0,False,104231,,
5072,UCWunBeVPbztFbMlpE6k8RSA,Sound떵순,QIwWKtrI8kI,#418 떵순이의 만까스 먹방~!! 리얼사운드 social eating Mukbang(Eating Show),2018-11-14T12:06:18Z,1288.0,False,97727,,
5072,UCWunBeVPbztFbMlpE6k8RSA,Sound떵순,uq9LL0jWmRY,#419 떵순이의 통가래떡 떡볶이 먹방~!! 리얼사운드 social eating Mukbang(Eating Show),2018-12-07T12:00:09Z,1627.0,False,362596,,
5072,UCWunBeVPbztFbMlpE6k8RSA,Sound떵순,6dPZJ5UpDTA,#420 떵순이의 말랑카우솜사탕 먹방~!! social eating Mukbang(Eating Show),2018-12-08T12:00:00Z,1371.0,False,141652,,
5072,UCWunBeVPbztFbMlpE6k8RSA,Sound떵순,CoQZ6FouEfQ,#421 떵순이의 멘보샤 먹방~!! 리얼사운드 social eating Mukbang(Eating Show),2018-12-10T13:30:00Z,1424.0,False,188503,,
5072,UCWunBeVPbztFbMlpE6k8RSA,Sound떵순,qsU4cxsE1TE,#422 떵순이의 스팸 김치찜 먹방~!! 리얼사운드 social eating Mukbang(Eating Show),2018-12-11T12:00:06Z,1502.0,False,147998,,
5072,UCWunBeVPbztFbMlpE6k8RSA,Sound떵순,4DDdwIVBamM,#423 떵순이의 양념찹쌀 탕수육 먹방~!! 리얼사운드 social eating Mukbang(Eating Show),2018-12-12T13:00:00Z,1747.0,False,153872,,
5072,UCWunBeVPbztFbMlpE6k8RSA,Sound떵순,Vq-3_4uPhxs,#424 떵순이의 세 가지맛 디디치킨 트리플 콤보 먹방~!! 리얼사운드 social eating Mukbang(Eating Show),2018-12-19T12:00:03Z,2469.0,False,188727,,
5072,UCWunBeVPbztFbMlpE6k8RSA,Sound떵순,kAEHimvOS50,#425 떵순이의 오돌뼈 주먹밥 먹방~!! 리얼사운드 social eating Mukbang(Eating Show),2018-12-20T12:00:06Z,1718.0,False,348714,,
5072,UCWunBeVPbztFbMlpE6k8RSA,Sound떵순,j3mWekEjJTU,"#426 떵순이의 소소한밤 곤약 카레우동, 칼칼우동 먹방~!! 리얼사운드 social eating Mukbang(Eating Show)",2019-01-02T12:00:05Z,1430.0,False,235985,,
5072,UCWunBeVPbztFbMlpE6k8RSA,Sound떵순,rSRf0BMM3VA,#426 떵순이의 고구마 떡 먹방~!! 리얼사운드social eating Mukbang(Eating Show),2019-01-04T12:00:07Z,1562.0,False,383525,,
5072,UCWunBeVPbztFbMlpE6k8RSA,Sound떵순,tgsQLA6AMGw,#427 떵순이의 녹지않는 아이스크림 먹방~!! 리얼사운드 social eating Mukbang(Eating Show),2019-01-07T12:00:13Z,1036.0,False,630032,,
5072,UCWunBeVPbztFbMlpE6k8RSA,Sound떵순,RKfDES54F2s,#428 떵순이의 지구젤리 먹방~!!  리얼사운드 social eating Mukbang(Eating Show),2019-02-20T12:15:00Z,1170.0,False,2024685,,
5072,UCWunBeVPbztFbMlpE6k8RSA,Sound떵순,4_RjKwvLW3g,오랜만이에요🥰 어떻게 사는지 근황과 요즘 먹었던 음식들+방소개 (짜장면&탕수육 뿌링클콤보 몽쉘 아구찜 마시멜로우 진라면 라이스페이퍼튀김),2022-07-18T13:00:02Z,1444.0,False,273716,4791.0,777.0
5072,UCWunBeVPbztFbMlpE6k8RSA,Sound떵순,qXOl76Ijle8,친구 만나서 쿠우쿠우가고 피시방가고~로제떡볶이 / 약과 / 비빔밥&된장찌개 / 크로플 먹고 양심상 런닝1시간까지!,2022-07-25T13:00:24Z,962.0,False,97769,1784.0,211.0
5072,UCWunBeVPbztFbMlpE6k8RSA,Sound떵순,QEPM874BgWc,더워도 식욕은 왕성..ㅎ왜 살찌면 얼굴로 가는거야!!  엽기떡볶이 / 닭가슴살샐러드 / 노랑옥수수 / 김치찌개  먹방~!! 브이로그,2022-08-01T13:00:12Z,777.0,False,86018,1279.0,183.0
5072,UCWunBeVPbztFbMlpE6k8RSA,Sound떵순,0XgQ6kRXDNQ,오랜만에 삼남매가 뭉쳤어요 역시 오빠들 사이에서는 못 먹는 편에 속하는! 소고기 / 낙곱새 & 볶읍밥 / 후라이드치킨 / 생크림왕창와플,2022-08-09T14:00:01Z,1071.0,False,81322,1246.0,116.0
5072,UCWunBeVPbztFbMlpE6k8RSA,Sound떵순,Nn1bliX04dk,앞집에서 빵을 주셨어요! 먹을 복 있는 날!! 바질떡볶이 / 빵 / 집밥 / 메론화채 먹방~!!!,2022-08-16T13:00:11Z,812.0,False,54937,837.0,82.0
5072,UCWunBeVPbztFbMlpE6k8RSA,Sound떵순,AwDePbivtvU,당당치킨 먹으면서 짧은 리뷰~마트 치킨 대란🙄,2022-08-19T11:00:14Z,332.0,False,100511,1062.0,102.0
5072,UCWunBeVPbztFbMlpE6k8RSA,Sound떵순,tzkiTrQzb-w,다사다난 가족 제주도여행1탄첫날은 비가 계속 와서 눈물 젖은 치킨🤣물놀이하고 흑돼지 먹고 테마파크 구경하기!!,2022-08-25T11:00:29Z,756.0,False,73356,1085.0,74.0
5072,UCWunBeVPbztFbMlpE6k8RSA,Sound떵순,PLmIvv6gvd8,떵순이의 잠들기 전 스킨케어 루틴! [나이트루틴],2022-08-27T11:00:12Z,335.0,False,56801,427.0,48.0
5072,UCWunBeVPbztFbMlpE6k8RSA,Sound떵순,o8v9Z0IMOXE,남은 2박 3일 알찬 제주도 여행🍊 /힐링여행/ 남매라 좋다!,2022-09-07T11:00:34Z,1385.0,False,95439,813.0,54.0
5072,UCWunBeVPbztFbMlpE6k8RSA,Sound떵순,ekEQUt5LUU8,자존감이 낮아져 무기력.. 관리도 포기했던 나 다시 극복하고 무너지지 말아야지 같이 화이팅 해요 우리,2022-09-21T11:00:20Z,497.0,False,162872,947.0,258.0
5073,UCLmknpJ34g2D20jwp2Uv8FQ,Zattwo ZVS,WR1mXdzK5C4,10분 중화요리 완전정복 (요리부) / 중식 코스요리 마스터 / Korean Chinese cuisine menu,2018-03-22T08:25:23Z,667.0,False,84112,1167.0,70.0
5073,UCLmknpJ34g2D20jwp2Uv8FQ,Zattwo ZVS,qFQLJjgSUtE,CNN 소개 곤지암 정신병원 / 206호의 진실 / 미스테리,2018-03-29T11:20:05Z,460.0,False,115614,1284.0,217.0
5073,UCLmknpJ34g2D20jwp2Uv8FQ,Zattwo ZVS,SD3Iyc0hI4I,해외여행 필수! 초간단 세계지도 보기 / 세계여행 둘러보기 영상,2018-04-08T09:46:17Z,664.0,False,121880,2739.0,158.0
5073,UCLmknpJ34g2D20jwp2Uv8FQ,Zattwo ZVS,d1plCRhjEdE,피라냐 보다 무서운 한국 물고기가 있다? /  Snakehead fish korea,2018-04-12T10:54:51Z,300.0,False,2448766,13268.0,2530.0
5073,UCLmknpJ34g2D20jwp2Uv8FQ,Zattwo ZVS,mUAwQP2qyaY,외국인들이 한국 스팸 선물세트에 놀라는 이유 / 스팸의 역사,2018-04-19T11:56:33Z,404.0,False,136937,2479.0,558.0
5073,UCLmknpJ34g2D20jwp2Uv8FQ,Zattwo ZVS,uf0yebbDR8Q,왜 한국에는 까마귀가 없을까요? / 한국여행 와본 일본 사람들의 질문,2018-04-25T10:03:39Z,261.0,False,749882,8556.0,4474.0
5073,UCLmknpJ34g2D20jwp2Uv8FQ,Zattwo ZVS,MyhXtQH66IA,"간첩, 스파이 그리고 국정원 비밀요원 / Korea secret agent",2018-05-03T10:50:13Z,294.0,False,157015,1992.0,442.0
5073,UCLmknpJ34g2D20jwp2Uv8FQ,Zattwo ZVS,KcWSOilizPo,"황금의 역사, 미국과 금 이야기 /  History of gold",2018-05-25T10:16:43Z,617.0,False,87620,1293.0,104.0
5073,UCLmknpJ34g2D20jwp2Uv8FQ,Zattwo ZVS,zf9tV0GE2Ak,"모르면 건강 위험, 가글 올바른 사용법 // 최고의 가글 추천",2018-06-21T10:30:36Z,565.0,False,139244,2692.0,241.0
5073,UCLmknpJ34g2D20jwp2Uv8FQ,Zattwo ZVS,iNQYJqzkZuI,동물을 압도하는 인간 신체능력 / 인류는 어떻게 살아남았는가,2018-12-18T10:09:43Z,666.0,False,2406384,26566.0,4656.0
5073,UCLmknpJ34g2D20jwp2Uv8FQ,Zattwo ZVS,btjCiokjWcU,Zattwo ZVS님의 실시간 스트리밍,2018-12-18T12:35:08Z,,False,0,0.0,0.0
5073,UCLmknpJ34g2D20jwp2Uv8FQ,Zattwo ZVS,RzlHdwiBqP8,한국에 존재하는 멸종위기 뱀파이어 사슴 / 일본반응,2018-12-23T07:06:08Z,377.0,False,964344,8973.0,3950.0
5073,UCLmknpJ34g2D20jwp2Uv8FQ,Zattwo ZVS,2ztfVLAnypA,소주의 원료는 쌀이 아니다?  / 소주 원료의 정체,2018-12-29T01:31:32Z,374.0,False,2096288,29834.0,2271.0
5073,UCLmknpJ34g2D20jwp2Uv8FQ,Zattwo ZVS,07B23o-7B1g,제주돼지가 맛있는 진짜 이유 / 한국 돼지 이야기 (기해년 특집),2019-01-05T09:19:18Z,347.0,False,242320,3224.0,345.0
5073,UCLmknpJ34g2D20jwp2Uv8FQ,Zattwo ZVS,VmWqzjFGk3g,오리너구리는 새일까 너구리일까? / 조류 vs 포유류 논란,2019-01-10T10:00:24Z,296.0,False,413033,4780.0,723.0
5073,UCLmknpJ34g2D20jwp2Uv8FQ,Zattwo ZVS,xKE6OClhLQM,"여행금지국가, 소말리아 이야기 / History of somalia",2019-01-20T01:34:31Z,528.0,False,1731837,19182.0,3591.0
5073,UCLmknpJ34g2D20jwp2Uv8FQ,Zattwo ZVS,4PVwslmnCpw,한국에 존재하는 세계에서 가장 빠른 새 / Peregrine Falcon,2019-01-24T10:24:33Z,294.0,False,1233230,21151.0,2635.0
5073,UCLmknpJ34g2D20jwp2Uv8FQ,Zattwo ZVS,tcvxM_kBADQ,둘 중에 뭐가 진짜 산적일까? / 산적의 유래,2019-02-03T03:43:44Z,254.0,False,78088,1262.0,167.0
5073,UCLmknpJ34g2D20jwp2Uv8FQ,Zattwo ZVS,8wQYATU1VJo,"일본 최대식당, 한국와서 망한 이유 / 한국 요시노야 망한 이유",2019-02-16T04:06:39Z,284.0,False,697574,5348.0,2679.0
5073,UCLmknpJ34g2D20jwp2Uv8FQ,Zattwo ZVS,puUGzdiTI3Y,"수평비행, 세계에서 가장 빠른 새 / 한국에서 잘못 알려진 새 군함조",2019-02-21T10:44:00Z,298.0,False,346101,5438.0,887.0
5073,UCLmknpJ34g2D20jwp2Uv8FQ,Zattwo ZVS,q_lBamfQkas,일본에 팔려나간 한국 다람쥐 이야기 / 세계에서 가장 유명한 한국 다람쥐,2019-02-27T09:05:29Z,347.0,False,2197162,24680.0,2725.0
5073,UCLmknpJ34g2D20jwp2Uv8FQ,Zattwo ZVS,eaMJlVo0k8E,"외국 생태계 초토화, 한국개구리 / 전 세계를 초토화 시킨 한국 개구리",2019-03-06T08:00:03Z,336.0,False,2073196,12187.0,2721.0
5073,UCLmknpJ34g2D20jwp2Uv8FQ,Zattwo ZVS,E0AW26daRp0,"인간은 왜 무리를 지어 살았을까? / 인간 집단생활, 그 최초의 이야기",2019-03-14T10:08:10Z,619.0,False,780340,11992.0,1069.0
5073,UCLmknpJ34g2D20jwp2Uv8FQ,Zattwo ZVS,UCbjte2QCSc,지구에서 가장 큰 새 (비행가능) / 이 새는 정말 실존했을까?,2019-03-29T08:00:03Z,318.0,False,1290702,13479.0,1735.0
5073,UCLmknpJ34g2D20jwp2Uv8FQ,Zattwo ZVS,YVbcR_0RF5g,미국 여기 왜 서부? / 미국 서부개척의 역사,2019-04-06T04:50:40Z,438.0,False,352867,4399.0,159.0
5073,UCLmknpJ34g2D20jwp2Uv8FQ,Zattwo ZVS,hts1PpXq3sc,미국 서부개척의 역사 : 텍사스의 합류 / American Frontier : Texas Annexation,2019-04-14T13:24:09Z,312.0,False,245345,3255.0,156.0
5073,UCLmknpJ34g2D20jwp2Uv8FQ,Zattwo ZVS,WEyvZ7pmhPQ,"신비의 물고기, 장어의 비밀 / 장어의 모든것",2019-04-26T10:07:21Z,608.0,False,1382731,14276.0,1162.0
5073,UCLmknpJ34g2D20jwp2Uv8FQ,Zattwo ZVS,V0ot22nb0c8,"하늘을 날았던 가장 큰 동물, 익룡 / (feat. 한국의 익룡)",2019-05-06T08:06:00Z,389.0,False,659438,7421.0,1478.0
5073,UCLmknpJ34g2D20jwp2Uv8FQ,Zattwo ZVS,kxYu4E-Hskc,"같은 동물일까? 개와 늑대 / (Feat.진돗개, 늑대개)",2019-05-18T03:42:08Z,311.0,False,826962,10388.0,1530.0
5073,UCLmknpJ34g2D20jwp2Uv8FQ,Zattwo ZVS,KnEQO2mN48A,최강의 치사량 꽃뱀의 독 / 한국의 독사 유혈목이,2019-05-26T01:10:52Z,314.0,False,2360423,14884.0,1952.0
5073,UCLmknpJ34g2D20jwp2Uv8FQ,Zattwo ZVS,8dgSt6YGWa0,"판다, 손가락 7개의 비밀 / 초식동물이 된 육식동물, 팬더",2019-06-23T00:50:35Z,371.0,False,575504,6577.0,760.0
5073,UCLmknpJ34g2D20jwp2Uv8FQ,Zattwo ZVS,dfHDN_RMrxA,"한국의 살인 해파리, 해파리 독의 비밀 (feat. 해파리의 삶)",2019-07-06T00:00:02Z,462.0,False,1088915,12696.0,1782.0
5073,UCLmknpJ34g2D20jwp2Uv8FQ,Zattwo ZVS,Ky3OCLobHBY,"독수리란 무엇인가? / 한국에서 가장 큰 새, 독수리",2019-07-27T01:00:04Z,443.0,False,531989,7892.0,1237.0
5073,UCLmknpJ34g2D20jwp2Uv8FQ,Zattwo ZVS,CAa8xlkhBww,양주(위스키) 원료의 정체 / 위스키 왜이렇게 비싼걸까? (feat.맥주),2019-08-11T00:00:00Z,653.0,False,1157871,19044.0,1172.0
5073,UCLmknpJ34g2D20jwp2Uv8FQ,Zattwo ZVS,UFa74U0SPKI,바퀴벌레는 정말 핵폭발에서 살아남을까? / 살충제에 잘 안죽는 이유,2019-08-18T01:00:06Z,425.0,False,585072,6673.0,1507.0
5073,UCLmknpJ34g2D20jwp2Uv8FQ,Zattwo ZVS,FrDZ5NBYsag,부엉이 머리가 큰 이유(feat.올빼미) / 부엉이의 사냥,2019-08-25T00:00:01Z,439.0,False,568832,9173.0,1280.0
5073,UCLmknpJ34g2D20jwp2Uv8FQ,Zattwo ZVS,4qnZclgj7WA,"얼룩말, 줄무늬의 놀라운 비밀 (feat. 검은털의 능력)",2019-09-12T02:42:26Z,663.0,False,440453,6861.0,659.0
5073,UCLmknpJ34g2D20jwp2Uv8FQ,Zattwo ZVS,9K-xz84-tNs,낙타는 북극에서 왔습니다 (feat. 낙타의 혹) / 낙타와 물,2019-09-29T00:30:01Z,560.0,False,604062,9459.0,851.0
5073,UCLmknpJ34g2D20jwp2Uv8FQ,Zattwo ZVS,oD13qfdx6rY,초 거대 잠자리가 멸종한 이유 (Feat.곤충의 탄생) / 메가네우라,2019-11-10T01:20:50Z,419.0,False,921188,9656.0,1377.0
5073,UCLmknpJ34g2D20jwp2Uv8FQ,Zattwo ZVS,vZJ1JpOnUUQ,대왕고래가 커진 이유 (Feat.메갈로돈) / 흰수염고래,2019-11-24T01:00:06Z,410.0,False,777701,8560.0,674.0
5073,UCLmknpJ34g2D20jwp2Uv8FQ,Zattwo ZVS,1bhTuYsF0eg,"뱀, 다리가 없어진 이유 (Feat.도마뱀) / 뱀은 다리가 있었습니다.",2019-12-08T00:54:26Z,383.0,False,514787,7447.0,863.0
5073,UCLmknpJ34g2D20jwp2Uv8FQ,Zattwo ZVS,6sFq43C2gAc,박쥐의 진화 그리고 바이러스 (Feat.인터페론),2020-02-09T01:00:02Z,481.0,False,402238,7067.0,949.0
5073,UCLmknpJ34g2D20jwp2Uv8FQ,Zattwo ZVS,1DsqrgdSmjQ,최고의 등심을 고르는 법 (feat.해부학),2020-03-07T00:45:00Z,629.0,False,5622649,72132.0,2292.0
5073,UCLmknpJ34g2D20jwp2Uv8FQ,Zattwo ZVS,6GSv305Ys84,나무늘보가 멸종하지 않은 이유 (Feat.이끼 그리고 나방),2020-06-13T01:00:01Z,456.0,False,582713,9473.0,1116.0
5073,UCLmknpJ34g2D20jwp2Uv8FQ,Zattwo ZVS,nqDK2MD5EKM,"검치호, 스밀로돈은 왜 멸종했을까? (Feat.고양이과의 진화)",2020-07-05T01:53:19Z,621.0,False,1096297,12910.0,1408.0
5073,UCLmknpJ34g2D20jwp2Uv8FQ,Zattwo ZVS,KBv5wp6JPsw,대나무꽃이 100년에 한번 피는 이유 (feat.대나무류 개화병),2020-07-19T01:30:01Z,621.0,False,1121506,18210.0,1147.0
5073,UCLmknpJ34g2D20jwp2Uv8FQ,Zattwo ZVS,jNf-n1rtPNU,포유류의 진화 그리고 젖의 기원 (feat.신비한 물고기),2020-08-16T02:32:25Z,903.0,False,553354,9277.0,1304.0
5073,UCLmknpJ34g2D20jwp2Uv8FQ,Zattwo ZVS,XilXGh9bqEE,"악어와 가장 가까운 동물, 새 (feat.크로커다일 앨리게이터 차이)",2021-01-31T00:31:36Z,727.0,False,309387,5772.0,1238.0
5073,UCLmknpJ34g2D20jwp2Uv8FQ,Zattwo ZVS,1gkQteTLmoQ,해마는 왜 이렇게 생겼을까?,2021-03-07T01:53:33Z,444.0,False,306513,5445.0,1799.0
5073,UCLmknpJ34g2D20jwp2Uv8FQ,Zattwo ZVS,Qx-RrTC0GNc,"지상 최대크기 포유류, 곧은상아코끼리 / 그런데 학계가 뒤집어진 이유는? ㄷㄷ",2023-04-09T01:26:48Z,919.0,False,639755,9779.0,2985.0
5074,UCOHYlves6oxhyIQBRIIpPTQ,와디의 신발장,MvQbi6PC_HY,매니아 마지노선,2025-12-08T21:42:31Z,55.0,True,12249,89.0,13.0
5074,UCOHYlves6oxhyIQBRIIpPTQ,와디의 신발장,PYhQrywzPAw,너는 못팔아,2025-12-10T22:18:43Z,60.0,True,15435,48.0,5.0
5074,UCOHYlves6oxhyIQBRIIpPTQ,와디의 신발장,Jf6KD19DUdc,꽤 괜찮은 러닝화,2025-12-13T04:22:57Z,45.0,True,7610,54.0,3.0
5074,UCOHYlves6oxhyIQBRIIpPTQ,와디의 신발장,f5z0-wdSfFg,충격적 결과,2025-12-15T01:03:04Z,59.0,True,6283,57.0,4.0
5074,UCOHYlves6oxhyIQBRIIpPTQ,와디의 신발장,24nsHqPXi9M,한국에서 확인 가능한 코비의 흔적들!! (심지어 판교),2025-12-21T10:05:36Z,1245.0,False,6138,151.0,86.0
5074,UCOHYlves6oxhyIQBRIIpPTQ,와디의 신발장,bmtG-6bx1cU,겨울신발 찾니???,2025-12-25T14:42:53Z,53.0,True,13357,82.0,12.0
5074,UCOHYlves6oxhyIQBRIIpPTQ,와디의 신발장,17ZVyS-fqhU,[온라인플리마켓]신발 정리합니다... 선착순!! 천원부터 시작!!!!!!,2025-12-27T08:44:42Z,635.0,False,6431,129.0,18.0
5074,UCOHYlves6oxhyIQBRIIpPTQ,와디의 신발장,NSiD-F7WQh0,입터진 선생님,2026-01-04T07:49:10Z,175.0,False,11982,34.0,4.0
5074,UCOHYlves6oxhyIQBRIIpPTQ,와디의 신발장,VcKbhxEAh2k,조던11 감마블루가 품절되고 리셀되는 세상이 왔구나....,2026-01-04T10:00:57Z,4582.0,False,30057,399.0,134.0
5074,UCOHYlves6oxhyIQBRIIpPTQ,와디의 신발장,NUvY9-xaWic,창고 대 개방,2026-01-04T22:22:13Z,121.0,False,18258,73.0,10.0
5074,UCOHYlves6oxhyIQBRIIpPTQ,와디의 신발장,UsjGUM4QcjY,멈추지 않는 그의 드립,2026-01-05T22:27:20Z,38.0,True,10872,42.0,4.0
5074,UCOHYlves6oxhyIQBRIIpPTQ,와디의 신발장,CI25FB8stNM,스캇형은 신발덕후,2026-01-06T23:59:23Z,72.0,False,24473,104.0,9.0
5074,UCOHYlves6oxhyIQBRIIpPTQ,와디의 신발장,9lsddchhCLM,진짜인가요??,2026-01-27T13:13:55Z,54.0,True,22061,86.0,14.0
5074,UCOHYlves6oxhyIQBRIIpPTQ,와디의 신발장,mu1-S-vuU6A,를 아디다스 입고 설명,2026-01-27T22:30:55Z,56.0,True,9731,60.0,3.0
5074,UCOHYlves6oxhyIQBRIIpPTQ,와디의 신발장,odAn3GY4Gkc,하객이 운동화???,2026-02-01T01:56:53Z,49.0,True,21674,99.0,15.0
5074,UCOHYlves6oxhyIQBRIIpPTQ,와디의 신발장,5oyEfAMdyRs,피펜이 아님????,2026-02-01T23:20:44Z,26.0,True,13510,35.0,1.0
5074,UCOHYlves6oxhyIQBRIIpPTQ,와디의 신발장,YPMNIh08IHM,한국은 누가할까?,2026-02-02T22:26:53Z,60.0,True,66798,422.0,68.0
5074,UCOHYlves6oxhyIQBRIIpPTQ,와디의 신발장,BPvyIRBazN8,찐광기의 발현,2026-02-05T22:29:30Z,60.0,True,43551,328.0,43.0
5074,UCOHYlves6oxhyIQBRIIpPTQ,와디의 신발장,xt_9Kc1CWf8,신발에 미친 사람이 만든 베어브릭,2026-02-08T10:07:04Z,412.0,False,4223,145.0,49.0
5074,UCOHYlves6oxhyIQBRIIpPTQ,와디의 신발장,ccIjaWLjc6s,메타글라스 테스트,2026-02-14T01:36:33Z,61.0,False,23565,127.0,23.0
5074,UCOHYlves6oxhyIQBRIIpPTQ,와디의 신발장,evHqyZpv4-4,이 신발 통역이 될까요?,2026-02-15T02:39:55Z,53.0,True,63676,262.0,23.0
5074,UCOHYlves6oxhyIQBRIIpPTQ,와디의 신발장,Ywh6KnPoDSc,작다고 짭이 아닙니다,2026-02-16T10:00:00Z,795.0,False,4127,79.0,10.0
5074,UCOHYlves6oxhyIQBRIIpPTQ,와디의 신발장,xid26xklfIg,쾌감이 있네,2026-02-17T00:20:56Z,60.0,True,37395,211.0,6.0
5074,UCOHYlves6oxhyIQBRIIpPTQ,와디의 신발장,iHVgX8AAce4,님자가 설거지????,2026-02-18T00:50:58Z,39.0,True,8754,57.0,3.0
5074,UCOHYlves6oxhyIQBRIIpPTQ,와디의 신발장,hhJEgADF4pA,샘플발매,2026-02-18T23:07:03Z,46.0,True,15278,123.0,9.0
5074,UCOHYlves6oxhyIQBRIIpPTQ,와디의 신발장,Nj4B5Sg6Yik,"15년만에 해냈다! 1분 품절 신화, 지금 절정의 신발",2026-02-22T10:12:30Z,365.0,False,23853,241.0,57.0
5074,UCOHYlves6oxhyIQBRIIpPTQ,와디의 신발장,3hnt5yz2OmM,지금 시점 농구화 1위,2026-02-22T23:40:25Z,60.0,True,17235,131.0,12.0
5074,UCOHYlves6oxhyIQBRIIpPTQ,와디의 신발장,dNrrP0hIM_w,"뭐든지 모으는 부부, 위스키, 아트토이, 작품........",2026-02-26T22:51:43Z,1215.0,False,5971,126.0,30.0
5074,UCOHYlves6oxhyIQBRIIpPTQ,와디의 신발장,RArG2qWHuKA,오늘은 3.1절,2026-03-01T02:56:09Z,13.0,True,6985,114.0,8.0
5074,UCOHYlves6oxhyIQBRIIpPTQ,와디의 신발장,qElthtLYd5I,나이키가 성수동 컨셉의 맥스를 발매한거 알고 계십니까???,2026-03-01T10:00:00Z,459.0,False,12956,191.0,40.0
5074,UCOHYlves6oxhyIQBRIIpPTQ,와디의 신발장,mXv5vOcLaIE,Air Max95 Korea Edition,2026-03-02T01:03:21Z,96.0,False,19969,236.0,29.0
5074,UCOHYlves6oxhyIQBRIIpPTQ,와디의 신발장,EKUukOmf7v0,"나이키, 올해는 OOO와 함께 진행!!!",2026-03-04T10:30:39Z,128.0,False,4666,97.0,15.0
5074,UCOHYlves6oxhyIQBRIIpPTQ,와디의 신발장,hfHmpcwAIjE,나이키가 이번엔 OOO와 합니다!!,2026-03-05T12:42:51Z,59.0,True,30260,190.0,45.0
5074,UCOHYlves6oxhyIQBRIIpPTQ,와디의 신발장,zZ7FM_rAiIk,크록스에서 만든 신기한 디자인,2026-03-05T15:33:08Z,335.0,False,8209,137.0,66.0
5074,UCOHYlves6oxhyIQBRIIpPTQ,와디의 신발장,5Si8AOu3b70,이게 크록스라고??,2026-03-06T01:05:29Z,61.0,False,39348,176.0,48.0
5074,UCOHYlves6oxhyIQBRIIpPTQ,와디의 신발장,akFyRjTfIHk,BOOK 2 X Fragment,2026-03-07T06:03:52Z,15.0,True,5917,39.0,4.0
5074,UCOHYlves6oxhyIQBRIIpPTQ,와디의 신발장,2ZpytnxCofI,"한때 BMW와 바꾸던 에어맥스95 형광, 30년만에 다시 전 세계가 난리입니다.",2026-03-08T10:05:30Z,752.0,False,23363,291.0,183.0
5074,UCOHYlves6oxhyIQBRIIpPTQ,와디의 신발장,APbGnbQVduM,맥스95 네온!!,2026-03-08T22:23:43Z,35.0,True,31067,140.0,32.0
5074,UCOHYlves6oxhyIQBRIIpPTQ,와디의 신발장,ZgU7pe6Nf9U,이제 내가 최면을 걸어볼게 !,2026-03-15T10:00:00Z,484.0,False,7082,178.0,54.0
5074,UCOHYlves6oxhyIQBRIIpPTQ,와디의 신발장,9rL5nIocbyY,샤크 기억나요?,2026-03-20T03:47:01Z,29.0,True,10987,69.0,10.0
5074,UCOHYlves6oxhyIQBRIIpPTQ,와디의 신발장,CmKFwH8NWUA,긴급!! V.A.A.조던1을 구했습니다!! (응모정보 포함),2026-03-22T02:56:26Z,388.0,False,26270,410.0,108.0
5074,UCOHYlves6oxhyIQBRIIpPTQ,와디의 신발장,dIPjFMJ-awY,유명 연예인과 일본 편집샵 가면 생기는 일,2026-03-29T10:00:00Z,537.0,False,5976,104.0,19.0
5074,UCOHYlves6oxhyIQBRIIpPTQ,와디의 신발장,X4yPUAJ6ZiM,이게 다르네….,2026-03-31T05:36:06Z,78.0,False,21208,199.0,23.0
5074,UCOHYlves6oxhyIQBRIIpPTQ,와디의 신발장,twy7iFiWDHY,"K-문화 때문에 홍콩은 끝났다. 홍콩의 패션, 이제는 어디를 주목하고 있는가?? (Feat. 거의 홍콩사람)",2026-04-05T11:00:00Z,1011.0,False,6812,72.0,41.0
5074,UCOHYlves6oxhyIQBRIIpPTQ,와디의 신발장,c4F9nQ27F94,초대박 조던이 발매했지만 리셀가는.....,2026-05-03T10:48:45Z,497.0,False,25939,566.0,121.0
5074,UCOHYlves6oxhyIQBRIIpPTQ,와디의 신발장,_WIhLok3qQY,"톰브라운 아식스, 100만원",2026-05-04T09:33:14Z,508.0,False,6960,146.0,39.0
5074,UCOHYlves6oxhyIQBRIIpPTQ,와디의 신발장,nhLRDAOl74A,일본 가기전에 꼭 봐야하는 쇼핑 리스트!!,2026-05-05T10:04:11Z,594.0,False,4260,102.0,15.0
5074,UCOHYlves6oxhyIQBRIIpPTQ,와디의 신발장,BVM1uuL4erQ,이게 프로스펙스라고? 내가 알던거랑 다르네...,2026-05-06T11:11:12Z,266.0,False,3274,92.0,17.0
5074,UCOHYlves6oxhyIQBRIIpPTQ,와디의 신발장,LG6RILQQKpc,지금 한국 절정의 브랜드는 누구인가? HOKA X XLIM,2026-05-07T11:30:40Z,315.0,False,6099,100.0,22.0
5074,UCOHYlves6oxhyIQBRIIpPTQ,와디의 신발장,S2TtLINoVwE,🇯🇵스투시랑 휴먼메이드는 과연 뭐가 있을까요?,2026-05-10T10:33:42Z,355.0,False,3489,94.0,20.0
5075,UCEXeyLyyev4jxN4pwmr9Eiw,범프리카,-XaykpkPEMI,부천 가면 꼭 먹어야 되는 범프세트,2026-03-21T08:00:48Z,104.0,False,165990,1180.0,48.0
5075,UCEXeyLyyev4jxN4pwmr9Eiw,범프리카,g9ZJUsauLY4,양산 최고의 돈까스 맛집,2026-03-22T08:00:21Z,111.0,False,238499,1385.0,102.0
5075,UCEXeyLyyev4jxN4pwmr9Eiw,범프리카,WMZLk86B1qw,뽑기가 어려운 아이들 갖고 싶은 거 다 뽑아줬습니다,2026-03-23T08:00:21Z,116.0,False,187084,1589.0,97.0
5075,UCEXeyLyyev4jxN4pwmr9Eiw,범프리카,X4vWAzTICIw,어떻게 차만 타면 이런 일들이.. 범문철TV,2026-03-24T08:00:35Z,80.0,False,108973,791.0,46.0
5075,UCEXeyLyyev4jxN4pwmr9Eiw,범프리카,2H9y-7Wu3r8,외국인 관광객들 책임지는 대한민국 보안관,2026-03-25T08:00:02Z,58.0,True,94037,612.0,25.0
5075,UCEXeyLyyev4jxN4pwmr9Eiw,범프리카,pu7Fb9EGyUk,600년 전통 한국 대표 시장 -서울 남대문시장-,2026-03-26T08:03:53Z,1295.0,False,99050,1118.0,205.0
5075,UCEXeyLyyev4jxN4pwmr9Eiw,범프리카,o2pacfdlWCU,실시간 방송 중 다구리 맞을 뻔했습니다 범문철TV,2026-03-27T08:00:43Z,75.0,False,162914,1071.0,57.0
5075,UCEXeyLyyev4jxN4pwmr9Eiw,범프리카,XolnEvlnk4Q,감탄하며 먹은 시장 할머니 옥수수,2026-03-28T08:00:31Z,109.0,False,41826,456.0,33.0
5075,UCEXeyLyyev4jxN4pwmr9Eiw,범프리카,i1ePGNmLYTQ,다양한 먹거리와 시장 규모에 놀랐습니다 -오산 5일장 오색시장 -,2026-03-29T08:02:04Z,1280.0,False,103818,1306.0,299.0
5075,UCEXeyLyyev4jxN4pwmr9Eiw,범프리카,NiSbexxKkQw,명동 길거리 음식 맛있어 보이는 건 전부 먹었습니다,2026-03-30T08:00:12Z,1184.0,False,64985,822.0,279.0
5075,UCEXeyLyyev4jxN4pwmr9Eiw,범프리카,9vJx1nYQj7U,천지도 모르는 미국인한테 한국의 매운맛을 보여줬습니다,2026-03-31T08:00:05Z,65.0,False,58777,406.0,19.0
5075,UCEXeyLyyev4jxN4pwmr9Eiw,범프리카,YpmXiH2_vTA,역주행은 기본.. 격이 다른 부산 운전 범문철TV,2026-04-01T08:00:32Z,95.0,False,63929,483.0,51.0
5075,UCEXeyLyyev4jxN4pwmr9Eiw,범프리카,4jLLrKOzPIM,요즘 나약한 MZ여캠 참교육했습니다,2026-04-02T08:00:06Z,618.0,False,59674,693.0,138.0
5075,UCEXeyLyyev4jxN4pwmr9Eiw,범프리카,fOCPvc0QxD0,"빵순이들의 성지가 될 시장, 성심당X 신포당으로 오라오라",2026-04-03T08:00:41Z,1554.0,False,82120,1032.0,266.0
5075,UCEXeyLyyev4jxN4pwmr9Eiw,범프리카,pwN9CqCrYBc,짜증 나는 배달 지연 상황,2026-04-04T08:00:48Z,84.0,False,428901,3779.0,261.0
5075,UCEXeyLyyev4jxN4pwmr9Eiw,범프리카,qDV-Yuaa6M0,"생방 중 급조로 만나 근황 이야기, 너 요즘 뭐하니? -양팡편-",2026-04-05T08:09:24Z,1688.0,False,130426,1083.0,1331.0
5075,UCEXeyLyyev4jxN4pwmr9Eiw,범프리카,aK6B8x88r14,논란을 일으켜 죄송합니다,2026-04-07T11:00:54Z,964.0,False,118511,1189.0,1106.0
5075,UCEXeyLyyev4jxN4pwmr9Eiw,범프리카,wFdZ-ErihYQ,현지인이 추천하는 영종도 맛집 BEST4,2026-04-08T09:38:58Z,1196.0,False,33710,550.0,252.0
5075,UCEXeyLyyev4jxN4pwmr9Eiw,범프리카,CELzT8ah_YQ,운전 중 유난히 눈에 띈 가게 궁금해서 바로 들어가봤습니다,2026-04-09T08:00:10Z,786.0,False,42963,636.0,314.0
5075,UCEXeyLyyev4jxN4pwmr9Eiw,범프리카,AjIBX2jvLl4,앞으로 달라지겠습니다,2026-04-10T08:00:13Z,65.0,False,81167,641.0,152.0
5075,UCEXeyLyyev4jxN4pwmr9Eiw,범프리카,Uz8geLRKtBo,야식은 포장마차지,2026-04-12T08:05:40Z,573.0,False,36313,499.0,110.0
5075,UCEXeyLyyev4jxN4pwmr9Eiw,범프리카,Ex_GBQUPG-8,논란이 많이 된 명동 길거리 음식,2026-04-13T08:00:13Z,98.0,False,63510,497.0,97.0
5075,UCEXeyLyyev4jxN4pwmr9Eiw,범프리카,sEvIW01Cdgo,뉴스 동기와 명동 먹자골목 돌아봤습니다,2026-04-15T08:01:02Z,718.0,False,28659,447.0,125.0
5075,UCEXeyLyyev4jxN4pwmr9Eiw,범프리카,ZCCmp0Ts7M0,인생에서 제일 힘들었던 시절 많이 도와주셨던 분을 만났습니다,2026-04-16T08:00:35Z,114.0,False,130686,1071.0,54.0
5075,UCEXeyLyyev4jxN4pwmr9Eiw,범프리카,iX0bvK6hKo4,개노답 3남매 용인 5일장 돌았습니다,2026-04-17T09:24:02Z,523.0,False,30093,474.0,78.0
5075,UCEXeyLyyev4jxN4pwmr9Eiw,범프리카,GhuWkyRnTNg,죄송합니다 마지막으로 말씀드립니다,2026-04-18T08:00:15Z,100.0,False,164159,1929.0,522.0
5075,UCEXeyLyyev4jxN4pwmr9Eiw,범프리카,aXEK1OuqIjk,"대전역 바로 옆 중앙시장, 진짜 시장 분위기에 취했습니다",2026-04-19T08:00:01Z,967.0,False,38963,576.0,126.0
5075,UCEXeyLyyev4jxN4pwmr9Eiw,범프리카,vs5YvWusfew,전국 최고의 바다뷰,2026-04-20T08:08:03Z,112.0,False,37289,437.0,31.0
5075,UCEXeyLyyev4jxN4pwmr9Eiw,범프리카,eae_fkAa2JU,부산 최대 규모 종합 전통시장 가만이끄라,2026-04-21T08:00:42Z,933.0,False,41175,648.0,108.0
5075,UCEXeyLyyev4jxN4pwmr9Eiw,범프리카,SIPYfOzUEZM,"해운대 살던 시절 정말 많이 먹었던 가게, 요즘 힘들다 하셔서 최고 매출 찍기 도전",2026-04-22T08:00:49Z,1455.0,False,37893,569.0,108.0
5075,UCEXeyLyyev4jxN4pwmr9Eiw,범프리카,jZu60S5bKbs,먹방 14년차가 인정하는 부산 최고 국밥집,2026-04-23T08:09:17Z,698.0,False,33724,458.0,133.0
5075,UCEXeyLyyev4jxN4pwmr9Eiw,범프리카,YrF1iULfE1g,고래고기 맛이 어떨까?,2026-04-24T08:00:40Z,111.0,False,97558,586.0,57.0
5075,UCEXeyLyyev4jxN4pwmr9Eiw,범프리카,0m2PGeUCwSc,매출 반타작 난 구독자 가게.. 문제점 찾아봤습니다,2026-04-25T08:00:01Z,882.0,False,33825,406.0,142.0
5075,UCEXeyLyyev4jxN4pwmr9Eiw,범프리카,7urndlhmJzI,소상공인 살리기 -부산 해운대 점례네 편-,2026-04-26T08:12:13Z,1598.0,False,26807,450.0,65.0
5075,UCEXeyLyyev4jxN4pwmr9Eiw,범프리카,dQDKz5QSDT8,외국인 관광객 마음 사로잡기,2026-04-27T08:00:39Z,58.0,True,25007,212.0,8.0
5075,UCEXeyLyyev4jxN4pwmr9Eiw,범프리카,YW2R9xectNo,자체 치즈로 바꾼 부산 이재모피자 솔직리뷰,2026-04-28T08:02:37Z,599.0,False,33305,400.0,187.0
5075,UCEXeyLyyev4jxN4pwmr9Eiw,범프리카,9P450M8T7Ms,부산의 대표 전통시장 부평 깡통시장,2026-04-29T08:00:17Z,1197.0,False,41576,546.0,94.0
5075,UCEXeyLyyev4jxN4pwmr9Eiw,범프리카,9DSpUUJVbqI,깡통시장 유쾌한 터키 친구,2026-04-30T08:00:10Z,114.0,False,14992,122.0,7.0
5075,UCEXeyLyyev4jxN4pwmr9Eiw,범프리카,GWVf2i3fbOE,가봤던 시장 중에 물건과 먹거리가 제일 다양했던 시장,2026-05-01T08:00:26Z,1044.0,False,45358,529.0,110.0
5075,UCEXeyLyyev4jxN4pwmr9Eiw,범프리카,HhryH7Y4kBg,구포시장 가오리회국수,2026-05-02T08:00:17Z,111.0,False,22422,192.0,12.0
5075,UCEXeyLyyev4jxN4pwmr9Eiw,범프리카,c4tnlkiF_ck,인생에서 제일 신기했던 김밥,2026-05-03T08:00:44Z,115.0,False,21255,225.0,14.0
5075,UCEXeyLyyev4jxN4pwmr9Eiw,범프리카,oHWprGjEPp8,시장에서 옛 추억에 빠져 막 담았다가..,2026-05-04T08:00:58Z,65.0,False,24795,200.0,9.0
5075,UCEXeyLyyev4jxN4pwmr9Eiw,범프리카,Wi48YlkCZlA,투잡 중인 주먹의 운다의 전설... 너 요즘 머하니? -거제 폭격기 편-,2026-05-09T08:00:46Z,653.0,False,35534,346.0,76.0
5075,UCEXeyLyyev4jxN4pwmr9Eiw,범프리카,l6VnLC9GH7g,거폭 충격적인 근황...,2026-05-09T08:01:00Z,57.0,True,182713,1052.0,48.0
5075,UCEXeyLyyev4jxN4pwmr9Eiw,범프리카,Vxn6W0vbzeM,50만 원도 못 팔던 시청자 가게 레전드 이벤트를 시작했더니...,2026-05-11T09:00:26Z,946.0,False,35559,458.0,56.0
5075,UCEXeyLyyev4jxN4pwmr9Eiw,범프리카,-zIEEtD_uCs,인천 모래내시장 명물 참외 소년을 만났습니다,2026-05-12T07:05:44Z,56.0,True,63997,481.0,27.0
5075,UCEXeyLyyev4jxN4pwmr9Eiw,범프리카,4Y0mrQU1GyY,하루 배달 10개에서 지금은 직원 20명이 된 부산 최고의 아구찜 먹어 보러 왔습니다.,2026-05-13T08:00:09Z,625.0,False,24296,329.0,54.0
5075,UCEXeyLyyev4jxN4pwmr9Eiw,범프리카,e-b9-vIp4cI,오랜만에 고향에 갔더니...,2026-05-14T08:00:03Z,93.0,False,186247,2478.0,148.0
5075,UCEXeyLyyev4jxN4pwmr9Eiw,범프리카,G5MO7wJS0IQ,우연히 만난 구독자 님 이런 분들이 잘 되어야 합니다.,2026-05-15T09:35:24Z,109.0,False,126690,1535.0,104.0
5075,UCEXeyLyyev4jxN4pwmr9Eiw,범프리카,X3d0sejjfHI,애교 만점 조카들이랑 대구 서문시장 싹 털었습니다...,2026-05-16T10:34:23Z,1052.0,False,30296,483.0,83.0
5076,UC3r_mX3BN_EGE32aUwv9Qog,죠셉Joseph,CuNHddNaPP0,vlog. 인생 첫 머리 묶고 외출 | 아무리 바빠도 ‘이렇게’만 하면 이쁘게 묶고 다닐 수 있어요,2025-10-23T12:00:33Z,856.0,False,5228,92.0,30.0
5076,UC3r_mX3BN_EGE32aUwv9Qog,죠셉Joseph,lx3PjYYbk_A,머릿결 좋은 사람은 99% 하고 있는 비밀 노하우,2025-10-30T12:15:14Z,272.0,False,4075,130.0,11.0
5076,UC3r_mX3BN_EGE32aUwv9Qog,죠셉Joseph,MubcPUptiX8,10년차 유튜버가 알려주는 머릿결 좋아보이게 예쁘게 잘 말리는 방법 (드라이기 추천),2025-11-11T11:00:15Z,484.0,False,4965,136.0,38.0
5076,UC3r_mX3BN_EGE32aUwv9Qog,죠셉Joseph,L6CQyM_f694,머리 기르는 과정에서 하면 안 되는 3가지 | 머리 빨리 기르는 법,2025-11-18T11:00:41Z,503.0,False,30395,583.0,86.0
5076,UC3r_mX3BN_EGE32aUwv9Qog,죠셉Joseph,UQfjr8PfqVs,단발 레이어드컷 셀프로 새벽에 만들어버림 | 윈터 머리 쉽게 자르기 | 집에서 얼굴 작아보이는 머리 커트부터 염색까지 Layered Bob Hair Style Tutorial,2025-11-24T12:01:04Z,560.0,False,12179,247.0,38.0
5076,UC3r_mX3BN_EGE32aUwv9Qog,죠셉Joseph,tCOP5MCgKEQ,왕초보 단계에서 성형 없이 잘생겨지는 방법,2025-11-30T03:01:13Z,639.0,False,5222,144.0,25.0
5076,UC3r_mX3BN_EGE32aUwv9Qog,죠셉Joseph,-4rpq56wy5g,vlog. 민폐하객 하필 친형이 유튜버라 꼴이 미안했던 결혼식 하객 메이크업 (자세교정밴드 추천) Wedding Guest Makeup GRWM,2025-12-06T14:11:48Z,1438.0,False,5146,91.0,34.0
5076,UC3r_mX3BN_EGE32aUwv9Qog,죠셉Joseph,6FauZmzzf3w,2만원으로 머릿결까지 복구되는 셀프 매직! 집에서 전문가처럼 하는 방법 (준비물 : 시세이도 매직약),2025-12-12T13:00:00Z,886.0,False,14000,279.0,44.0
5076,UC3r_mX3BN_EGE32aUwv9Qog,죠셉Joseph,XAV0V0DTtHg,롬앤 섀도우팔레트 추천 리뷰 | 쿨톤 세미 스모키 메이크업 무펄 팔레트,2025-12-20T13:45:51Z,382.0,False,3023,43.0,2.0
5076,UC3r_mX3BN_EGE32aUwv9Qog,죠셉Joseph,uIv37zd9Z-A,(눈화장 초보) 아이섀도우 쉽게 바르는법 튜토리얼 Korean Eyeshadow Makeup Tutorial,2025-12-27T06:30:25Z,578.0,False,1752,73.0,18.0
5076,UC3r_mX3BN_EGE32aUwv9Qog,죠셉Joseph,iVo2TWHoaT0,부자들이 사람을 볼 때 가장 먼저 본다는 '1가지' | 헤어 관리 몰아보기,2026-01-01T13:17:20Z,2319.0,False,4855,115.0,12.0
5076,UC3r_mX3BN_EGE32aUwv9Qog,죠셉Joseph,oEREZbT-LrI,밝은 새치커버 이렇게 하면 끝납니다! 외국애기머리색 집에서 혼자 셀프염색 하는 방법,2026-01-10T10:30:10Z,951.0,False,41888,535.0,45.0
5076,UC3r_mX3BN_EGE32aUwv9Qog,죠셉Joseph,sZx17LiHOew,재능없이 혼자 뷰티하면서 2025년 동안 레전드로 잘 쓴 제품 모음.zip (화장대 최적화 하고 싶은 분들 추천),2026-01-18T14:50:05Z,3511.0,False,1783,51.0,21.0
5076,UC3r_mX3BN_EGE32aUwv9Qog,죠셉Joseph,uj29YZns4n8,진한 눈썹 아무리 숱 많고 세보여도 내 얼굴형에 딱 맞게 탈색 없이 연하게 부드럽게 만들 수 있습니다,2026-01-25T14:03:51Z,603.0,False,2840,59.0,11.0
5076,UC3r_mX3BN_EGE32aUwv9Qog,죠셉Joseph,u9ynm1cme48,다이어트는 최고의 성형일까?,2026-02-01T04:00:00Z,51.0,True,13844,208.0,13.0
5076,UC3r_mX3BN_EGE32aUwv9Qog,죠셉Joseph,bXgTj8b2NxY,높은 지능의 예민한 여자들이 인스타만 보고도 거른다는 3가지 빌런 머리,2026-02-09T13:49:07Z,1483.0,False,3009,58.0,12.0
5076,UC3r_mX3BN_EGE32aUwv9Qog,죠셉Joseph,m-KfT6aGG84,예쁜데 남친 없는 여자 99%의 공통점 : 거울 볼 때 '여기'는 절대 안 봄,2026-02-16T09:00:00Z,500.0,False,2017,32.0,9.0
5076,UC3r_mX3BN_EGE32aUwv9Qog,죠셉Joseph,tHhmD7aVh6I,명절마다 내가 들었던 말,2026-02-18T07:46:25Z,39.0,True,9205,78.0,5.0
5076,UC3r_mX3BN_EGE32aUwv9Qog,죠셉Joseph,8o-8q0mJafo,가정용 레이저 제모기가 필요했던 이유,2026-02-23T23:00:00Z,46.0,True,5569,35.0,0.0
5076,UC3r_mX3BN_EGE32aUwv9Qog,죠셉Joseph,qfhaR0syiHg,얼굴의 솜털을 제거하면 생기는 일,2026-02-25T09:00:00Z,38.0,True,5210,35.0,0.0
5076,UC3r_mX3BN_EGE32aUwv9Qog,죠셉Joseph,xhPHRUX9MCg,날백수 죠셉님 하루 일과,2026-02-26T13:28:34Z,37.0,True,2322,14.0,0.0
5076,UC3r_mX3BN_EGE32aUwv9Qog,죠셉Joseph,hT5B0293rRU,지갑이 홀쭉해지는 부작용…,2026-03-01T09:28:33Z,53.0,True,5467,28.0,1.0
5076,UC3r_mX3BN_EGE32aUwv9Qog,죠셉Joseph,4YBkDw0kaLM,옆광대 가리려고 기른 앞머리 얼굴만 더 길어보이는데 이거 맞아요?!,2026-03-06T08:45:00Z,43.0,True,323856,1708.0,55.0
5076,UC3r_mX3BN_EGE32aUwv9Qog,죠셉Joseph,BnhldXinRO4,당신의 헛소리를 경청한다면 200%입니다. 피도 눈물도 없는 INTJ가 사랑에 빠지는 사람 특징,2026-03-08T12:00:00Z,486.0,False,4091,78.0,18.0
5076,UC3r_mX3BN_EGE32aUwv9Qog,죠셉Joseph,BZqCqDZeqG4,전남친 후회하게 하는 법?!,2026-03-11T09:00:00Z,57.0,True,3058,30.0,3.0
5076,UC3r_mX3BN_EGE32aUwv9Qog,죠셉Joseph,uFhj4yqgj9o,물결 고데기 40mm가 예쁜 이유 (성형급 히피펌 스타일링),2026-03-13T10:45:00Z,57.0,True,15842,163.0,10.0
5076,UC3r_mX3BN_EGE32aUwv9Qog,죠셉Joseph,HIj8D2HyiUM,촌스러운 주황기는 이렇게 빼는 겁니다. 샴푸에 섞어 단 5분 만에 Y2K 무드가 100배 살아납니다 (셀프염색),2026-03-15T12:00:00Z,502.0,False,831,29.0,5.0
5076,UC3r_mX3BN_EGE32aUwv9Qog,죠셉Joseph,sInkV6NrgZg,3초만에 남자가 먼저 고백하게 만드는 법,2026-03-18T07:45:00Z,52.0,True,4079,45.0,4.0
5076,UC3r_mX3BN_EGE32aUwv9Qog,죠셉Joseph,WXC__GqBESo,허쉬컷 드라이 쉽게 하는 방법,2026-03-20T09:45:00Z,47.0,True,15255,182.0,5.0
5076,UC3r_mX3BN_EGE32aUwv9Qog,죠셉Joseph,OdFHgWKfZ4I,안 예뻐도 남자가 꼬이는 여자 특징,2026-03-22T12:00:00Z,517.0,False,955,20.0,2.0
5076,UC3r_mX3BN_EGE32aUwv9Qog,죠셉Joseph,PKaeLFqwLiw,마음이 떠난 남자는 헤어지기 전 이렇게 행동합니다,2026-03-25T12:45:00Z,56.0,True,3788,23.0,3.0
5076,UC3r_mX3BN_EGE32aUwv9Qog,죠셉Joseph,d1JlvijBgDI,누가 나를 좋아하면 이마에 뾰루지 난다는데 사실 확인 중,2026-03-27T10:00:00Z,53.0,True,4155,37.0,0.0
5076,UC3r_mX3BN_EGE32aUwv9Qog,죠셉Joseph,Vitqt6Vjs2U,한국 남자들 은근 이런 머리 좋아함 | 여자 헤어스타일 TOP5 (여자도 결국 머리빨 있음),2026-03-29T12:30:00Z,495.0,False,1586,24.0,6.0
5076,UC3r_mX3BN_EGE32aUwv9Qog,죠셉Joseph,Sa5vpZbGPUo,운동 없이 2년 째 유지 중인 모태마름 다이어트 방법,2026-04-01T09:15:00Z,53.0,True,2943,30.0,3.0
5076,UC3r_mX3BN_EGE32aUwv9Qog,죠셉Joseph,JhRsrXFPGJk,말이 되나… 털을 뽑았는데 어떻게 레이저 제모가 돼,2026-04-03T09:00:00Z,27.0,True,27646,75.0,5.0
5076,UC3r_mX3BN_EGE32aUwv9Qog,죠셉Joseph,21fEHJ5wEpA,연예인미용실에서 윈터 단발 머리 맡겼더니 (미용실Vlog) | 죠셉Joseph Hair,2026-04-06T11:03:57Z,596.0,False,3892,77.0,17.0
5076,UC3r_mX3BN_EGE32aUwv9Qog,죠셉Joseph,m-PVoSuG4Es,소개팅할 때 여자들은 모르는 남자 진짜 속마음,2026-04-08T12:30:43Z,57.0,True,2569,29.0,2.0
5076,UC3r_mX3BN_EGE32aUwv9Qog,죠셉Joseph,xZlSSYG56WE,윈터 머리 하자고? 등50 같은 생각이네ㅋㅋㅋ 당장 하자.,2026-04-12T12:02:45Z,39.0,True,13791,99.0,6.0
5076,UC3r_mX3BN_EGE32aUwv9Qog,죠셉Joseph,Lc8WZb45hy8,"아이폰 공기계 사기 전, 이건 보고 사야 실패 안 합니다",2026-04-16T12:16:26Z,530.0,False,928,23.0,13.0
5076,UC3r_mX3BN_EGE32aUwv9Qog,죠셉Joseph,uDNtxLPIFc4,요즘 아이돌들 느좋 셀카 제조기?,2026-04-17T13:41:18Z,57.0,True,2825,15.0,0.0
5076,UC3r_mX3BN_EGE32aUwv9Qog,죠셉Joseph,Aw4hyBhrlF0,7일 동안 느좋 사진 찍으러 돌아다니면 생기는 일,2026-04-19T15:49:00Z,802.0,False,1480,40.0,15.0
5076,UC3r_mX3BN_EGE32aUwv9Qog,죠셉Joseph,6qOlH2J0sYA,교회 다니면서 일복을 위해 명당을 찾은 나,2026-04-21T08:04:08Z,42.0,True,2923,15.0,0.0
5076,UC3r_mX3BN_EGE32aUwv9Qog,죠셉Joseph,qiOD52ME3hA,런닝맨 밸런스게임에서도 밸런스 개오졌던 연애질문 (당신의 남자친구는 뭘 골라야 할까요?),2026-04-24T09:00:00Z,24.0,True,8840,29.0,3.0
5076,UC3r_mX3BN_EGE32aUwv9Qog,죠셉Joseph,zKSduyYmTcs,10년 여사친이랑 한 연애 밸런스게임... 생각보다 너무 갈렸습니다｜이태원 한남동 브이로그 코스,2026-04-26T09:30:00Z,890.0,False,684,14.0,12.0
5076,UC3r_mX3BN_EGE32aUwv9Qog,죠셉Joseph,j5novtzFjvI,똥손도 S컬 웨이브 쌉가능한 자동 회전 봉고데기,2026-04-29T09:00:00Z,45.0,True,7963,55.0,2.0
5076,UC3r_mX3BN_EGE32aUwv9Qog,죠셉Joseph,1XbGISF1mtQ,INTJ 특) 손절 전에 나름 기회는 많이 줌..,2026-05-01T09:30:00Z,49.0,True,4323,40.0,4.0
5076,UC3r_mX3BN_EGE32aUwv9Qog,죠셉Joseph,pu6fGTuUvCo,"외국아기머리색 400만뷰 찍고 알게 된, 집에서는 미용실 브라운이 절대 안 나오던 이유",2026-05-03T12:00:00Z,592.0,False,1050,24.0,4.0
5076,UC3r_mX3BN_EGE32aUwv9Qog,죠셉Joseph,8mu4H9JxTIc,여드름 흉터 커버 장인의 외출 준비,2026-05-06T10:00:00Z,35.0,True,7572,58.0,3.0
5076,UC3r_mX3BN_EGE32aUwv9Qog,죠셉Joseph,C66Bfzyi3q8,500장 찍어서 3장은 건졌던 노하우 이렇게만 따라해도 됩니다(진짜로;;;),2026-05-08T09:30:10Z,45.0,True,2841,41.0,0.0
5076,UC3r_mX3BN_EGE32aUwv9Qog,죠셉Joseph,NAydPXVz7Cw,성형없이 7일 동안 진짜 눈 커지는 지 직접 맞아 봤습니다 (성형 없이 간단하게 예뻐지는 방법),2026-05-10T12:00:12Z,563.0,False,1069,21.0,16.0
5077,UCZzQSZv0KDes96yVvdW5f-w,[헝가리부부]김패밀리VLOG,zAhXInUeX7g,[헝가리부부] 오랜만에 라면사리 듬뿍넣은 감자탕 뜨끈하게 끓여 드렸습니다!🥘 #가족먹방,2025-11-22T00:01:17Z,1599.0,False,57283,4905.0,98.0
5077,UCZzQSZv0KDes96yVvdW5f-w,[헝가리부부]김패밀리VLOG,n5B7FeHw7QY,여러분은 김치 없이 살 수 있나요?😳,2025-11-24T23:01:10Z,49.0,True,29273,1161.0,28.0
5077,UCZzQSZv0KDes96yVvdW5f-w,[헝가리부부]김패밀리VLOG,mhWYk3t7ITE,[헝가리부부] 상상초월😱 크리스마스 마켓에 초콜렛 8개 6만원...💦 #헝가리물가 #크리스마스마켓 #국제가족,2025-11-27T02:00:50Z,1431.0,False,60583,5488.0,154.0
5077,UCZzQSZv0KDes96yVvdW5f-w,[헝가리부부]김패밀리VLOG,TzQHrUz0HHA,[헝가리부부] 3년만에 다시 선물 받은 K-뷰티이너템! / 한국에서 온 선물🎁 / #유산균 #아이힐,2025-11-29T00:00:39Z,1183.0,False,45377,4613.0,83.0
5077,UCZzQSZv0KDes96yVvdW5f-w,[헝가리부부]김패밀리VLOG,D_czPqhKT34,[헝가리부부 라이브🔴] 한국에 잠시 혼자 왔습니다~,2025-12-03T13:01:36Z,10235.0,False,16487,1046.0,18.0
5077,UCZzQSZv0KDes96yVvdW5f-w,[헝가리부부]김패밀리VLOG,6rY1Ek3jneM,[헝가리부부] 방금 태어난거 같은데 벌써 4살?!? 한나공주의 네번재 생일파티~🎁🎂🥳,2025-12-13T00:00:07Z,1516.0,False,70674,6963.0,206.0
5077,UCZzQSZv0KDes96yVvdW5f-w,[헝가리부부]김패밀리VLOG,ihqh8kQXkTs,[헝가리부부] 한국와서 처음 먹는 간짜장과 사천 탕수육!! 6개월 만에 먹는거라 감동이네요...😄 /#혼밥 #짜장면먹방,2025-12-18T02:00:59Z,1037.0,False,34985,3300.0,120.0
5077,UCZzQSZv0KDes96yVvdW5f-w,[헝가리부부]김패밀리VLOG,S6ntzhVeLUA,[헝가리부부] 장인어른이 역대급으로 좋아하신 한국의 탄소매트 선물!! K-탄소매트 #국제가족 #국제커플 #전기장판,2025-12-20T00:00:36Z,1336.0,False,210472,11537.0,263.0
5077,UCZzQSZv0KDes96yVvdW5f-w,[헝가리부부]김패밀리VLOG,J1XRkDSMuOg,[헝가리부부] 도저히 적응 안되는 미쳐버린 헝가리 물가...🥲 놀이기구 한번 타는데 5만원?! 비싸다 비싸... #헝가리 #국제가족,2025-12-25T00:00:32Z,1272.0,False,53597,4312.0,122.0
5077,UCZzQSZv0KDes96yVvdW5f-w,[헝가리부부]김패밀리VLOG,7Hvv1IxDGpY,[헝가리부부] 크리스마스 이브🎄 대가족 먹방!! 더니와 릴리의 키재기 승자는? 릴리는 어느새 앞니가 빠졌네요~😄 #행복 #국제가족 #가족먹방,2025-12-31T00:00:09Z,1405.0,False,80792,6766.0,180.0
5077,UCZzQSZv0KDes96yVvdW5f-w,[헝가리부부]김패밀리VLOG,W3fw3FmudpQ,[헝가리부부] 웃음이 끊이질 않는 헝가리 3대 가족의 찐 크리스마스 선물 개봉기!!🎄🎁 #찐행복 #대가족 #국제가족,2026-01-03T00:00:41Z,1322.0,False,89965,7480.0,153.0
5077,UCZzQSZv0KDes96yVvdW5f-w,[헝가리부부]김패밀리VLOG,2esS36PoDmI,눈이 많이 왔어요~ 오빠와 함께 동네 놀이터에서 썰매타기~❄️🛷😄❤️,2026-01-07T06:12:55Z,31.0,True,24970,1332.0,32.0
5077,UCZzQSZv0KDes96yVvdW5f-w,[헝가리부부]김패밀리VLOG,y0JyuWIB4mY,[헝가리부부]여기가 헝가리? 한국? 새해에 다같이 만두 빚어서 아롱사태 떡만둣국 먹는 헝가리가족🇭🇺 / 김치매니아 처남👍,2026-01-11T00:01:11Z,1780.0,False,119838,9734.0,267.0
5077,UCZzQSZv0KDes96yVvdW5f-w,[헝가리부부]김패밀리VLOG,y_OS70IZmLo,[헝가리부부]여기가 오스트리아야 한국이야? 삼겹살 파티로 힐링하는 유럽 여행 일상 🇦🇹🇰🇷 #국제가족 #가족먹방 #유럽여행,2026-01-15T02:01:08Z,1458.0,False,52831,4524.0,46.0
5077,UCZzQSZv0KDes96yVvdW5f-w,[헝가리부부]김패밀리VLOG,8SNd3ooe_QE,[헝가리부부] 가족 다 떠나서 외로운(?) 김치매니아 처남과 함께 먹는 공룡 대왕 소갈비찜🍖ㅣ#궁중갈비찜 #가족먹방 #공룡갈비찜,2026-01-17T00:00:10Z,1338.0,False,100699,7660.0,144.0
5077,UCZzQSZv0KDes96yVvdW5f-w,[헝가리부부]김패밀리VLOG,-X6gjcZfcC8,아이돌 시킬까요?? JYP로 보내겠습니다😂 #케데헌 #golden,2026-01-20T08:19:01Z,60.0,True,53548,2720.0,95.0
5077,UCZzQSZv0KDes96yVvdW5f-w,[헝가리부부]김패밀리VLOG,XjS2lkrGn5Y,[헝가리부부] 강릉길감자 야매 레시피와 탕수육 만들기!! 대실패 했지만 아이들이 잘 먹어줘서 너무 행복했어요😊❤️ / #강릉길감자 #길감자레시피 #가족먹방,2026-01-24T23:50:11Z,1152.0,False,35266,3668.0,74.0
5077,UCZzQSZv0KDes96yVvdW5f-w,[헝가리부부]김패밀리VLOG,WcNp1Lvvf1w,[헝가리부부] 오빠 생일에 미역국 들고 마시는 한나🤣 / 더니의 8번째 생일🎂 #돼지갈비찜 #가족먹방 #국제가족,2026-01-31T00:00:41Z,1431.0,False,51448,5341.0,172.0
5077,UCZzQSZv0KDes96yVvdW5f-w,[헝가리부부]김패밀리VLOG,ZyVInPRrxcY,[김패밀리] 흑백요리사 안성재 셰프님의 '계란김밥' 드디어 먹어봤습니다! (feat. 새우탕 컵라면 꿀조합) #가족먹방 #국제가족,2026-02-04T02:00:39Z,1124.0,False,43938,4704.0,75.0
5077,UCZzQSZv0KDes96yVvdW5f-w,[헝가리부부]김패밀리VLOG,Mh1vtHvCS3U,[헝가리부부] 보리굴비를 생일 선물로 받았을때 처남의 솔직한 반응은?!/ 통오리 오븐구이 가족 먹방~!! #보리굴비 #오리구이 #헝가리생일상,2026-02-07T00:00:32Z,1529.0,False,49675,4543.0,132.0
5077,UCZzQSZv0KDes96yVvdW5f-w,[헝가리부부]김패밀리VLOG,BC3dwraDecE,굴비를 생일 선물로 받은 처남의 솔직한 반응은? #보리굴비 #설선물,2026-02-09T02:00:10Z,25.0,True,29270,535.0,4.0
5077,UCZzQSZv0KDes96yVvdW5f-w,[헝가리부부]김패밀리VLOG,TM2XV8vaPBc,[헝가리부부] 두쫀쿠를 처음 맛 본 헝가리 식구들의 아주 솔직한 반응은?! / 500원? 1000원?? #두쫀쿠먹방 #가족먹방 #보리굴비,2026-02-10T02:00:36Z,1449.0,False,40833,3997.0,101.0
5077,UCZzQSZv0KDes96yVvdW5f-w,[헝가리부부]김패밀리VLOG,N26lT3_0gnc,두쫀쿠 한국도 이제 유행 끝나가나요~?😄#솔직리뷰 #찐반응,2026-02-11T08:12:34Z,23.0,True,41287,614.0,14.0
5077,UCZzQSZv0KDes96yVvdW5f-w,[헝가리부부]김패밀리VLOG,EvCEbGkV4tU,돈이 없어서 두쫀쿠를 못 먹는다고?!😅,2026-02-12T08:26:55Z,56.0,True,30044,1283.0,23.0
5077,UCZzQSZv0KDes96yVvdW5f-w,[헝가리부부]김패밀리VLOG,PY_lXmorlQ8,[헝가리부부] 13kg 금괴가 지금 30억이나 하네요😳 금 기운 받아가세요~ 화폐 박물관에 있어서 만지고 들어 봤습니다~😄 #헝가리여행 #화폐박물관,2026-02-14T23:43:43Z,1221.0,False,28996,2823.0,53.0
5077,UCZzQSZv0KDes96yVvdW5f-w,[헝가리부부]김패밀리VLOG,qnskLc7_11k,처음에는 인상쓰더니 나중에는 모자른듯😅#두쫀쿠 #리얼리뷰,2026-02-16T23:10:07Z,60.0,True,26870,883.0,13.0
5077,UCZzQSZv0KDes96yVvdW5f-w,[헝가리부부]김패밀리VLOG,DSId-2gu_WA,[헝가리부부] #풍향고2 부다페스트 식당🇭🇺 / 여기서도 이미 유튜브 다 보셨네요😄 / 그런데 패티릭은 어디에?? / 양파스프 맛집 🍲 / #패트릭 #양파스프,2026-02-17T23:30:09Z,1486.0,False,326956,11102.0,384.0
5077,UCZzQSZv0KDes96yVvdW5f-w,[헝가리부부]김패밀리VLOG,HyNXkmI90GM,[헝가리부부] 그동안 감사했습니다... 마켓 문 닫습니다..😭 앞으로는 유튜브만 열심히 하겠습니다😭 / #가족먹방 #아롱사태 #떡만두국,2026-02-22T00:00:31Z,1143.0,False,110039,7858.0,217.0
5077,UCZzQSZv0KDes96yVvdW5f-w,[헝가리부부]김패밀리VLOG,eETXd-aQnwA,#풍향고2 부다페스트 식당과 패트릭의 최신 근황은?! /#양파스프 #풍향고,2026-02-22T23:00:46Z,33.0,True,6872,222.0,2.0
5077,UCZzQSZv0KDes96yVvdW5f-w,[헝가리부부]김패밀리VLOG,nDGpcTzd_28,[헝가리부부] 만원이 넘었던 연필! 왜 비싼지 자세히 보여드릴게요~😄🇭🇺 / #풍향고2 #풍향고부다페스트 #기념품가게,2026-02-24T23:30:18Z,1423.0,False,87190,4112.0,103.0
5077,UCZzQSZv0KDes96yVvdW5f-w,[헝가리부부]김패밀리VLOG,eFGdllrf1io,삐이익~! 반칙~!! 퇴장~!!😂❤️,2026-02-27T07:54:29Z,38.0,True,16515,604.0,9.0
5077,UCZzQSZv0KDes96yVvdW5f-w,[헝가리부부]김패밀리VLOG,OJQTjlACOog,[헝가리부부] 방금 버무린 겉절이와 삼겹수육 듬뿍 올린 고기국수를 처음 드셔본 장인 장모님의 솔직한 맛평가는? / #고기국수 #냉수육,2026-02-28T00:00:25Z,1032.0,False,59789,5605.0,94.0
5077,UCZzQSZv0KDes96yVvdW5f-w,[헝가리부부]김패밀리VLOG,FAT8e748M4A,한국가서 살고 싶어요…🥲 비싸요… 모든게… 한국보다… 많이 😭😭😭,2026-03-02T08:03:13Z,58.0,True,21214,722.0,42.0
5077,UCZzQSZv0KDes96yVvdW5f-w,[헝가리부부]김패밀리VLOG,sGO_NtZgNaw,[헝가리부부] #풍향고2 덕분에 풀예약 이라는 부산횟집 매운탕 먹고 왔습니다!🥘 / #부산횟집 #풍향고 #풍향고부다페스트,2026-03-07T00:01:03Z,1528.0,False,90616,5438.0,141.0
5077,UCZzQSZv0KDes96yVvdW5f-w,[헝가리부부]김패밀리VLOG,wx9vmG7S9o8,[헝가리부부] 한나의 댄스타임 이후 쌀국수 먹고 고흐 미디어아트 전시회 다녀왔습니다~😄,2026-03-14T00:01:11Z,1299.0,False,30240,3179.0,73.0
5077,UCZzQSZv0KDes96yVvdW5f-w,[헝가리부부]김패밀리VLOG,51v2ePda02Y,[광고없음] 🙅🏻수익창출❌ 절대 웃으면 안되는 한나의 무편집 댄스 풀영상🎬❤️ #케데헌 #예비아이돌,2026-03-18T02:00:04Z,605.0,False,15377,2184.0,73.0
5077,UCZzQSZv0KDes96yVvdW5f-w,[헝가리부부]김패밀리VLOG,yUptkjXOMTE,[헝가리부부] 김만 먹는 한나에게 김밥을 만들어 줘 봤습니다😄 / 저녁 맛있게 먹고 개인 전시회 갔더니 돌하르방 그림이?!🖼️/개인전시회 그림 가격은?,2026-03-25T02:00:50Z,1172.0,False,47961,3613.0,65.0
5077,UCZzQSZv0KDes96yVvdW5f-w,[헝가리부부]김패밀리VLOG,w_1S_JIYFoI,[헝가리부부] 4일간 100시간 단식 후 먹는 순두부 넣은 미역국의 맛은?! /#다이어트 #4일단식,2026-03-28T00:01:00Z,2538.0,False,39282,3387.0,141.0
5077,UCZzQSZv0KDes96yVvdW5f-w,[헝가리부부]김패밀리VLOG,ID5O5piAsSU,[헝가리부부] #비엔나맛집 / 챈스 마라 우육면🥘 립스 오브 비엔나🍖 먹고 국가대표 축구 원정경기 응원~!🏟️ / #비엔나여행,2026-04-05T00:00:31Z,1431.0,False,21498,2041.0,65.0
5077,UCZzQSZv0KDes96yVvdW5f-w,[헝가리부부]김패밀리VLOG,jYYae-CUtvI,[헝가리부부] 불닭소스와 함께🔥 용달차에서 파는 전기구이 통닭 가족먹방🍗 / #통닭,2026-04-09T02:00:41Z,1385.0,False,42213,4150.0,73.0
5077,UCZzQSZv0KDes96yVvdW5f-w,[헝가리부부]김패밀리VLOG,18kwDsDHC7A,[헝가리부부] 가족 모두 역대급 인기 폭발 먹방!!🍗 누룽지 닭백숙을 이렇게 잘 드실줄이야...😅👍 / #알텐바흐 #누룽지닭백숙 #저압냄비,2026-04-11T00:00:03Z,1978.0,False,146384,9432.0,298.0
5077,UCZzQSZv0KDes96yVvdW5f-w,[헝가리부부]김패밀리VLOG,tu3RmeCVgIU,누룽지 닭백숙 이렇게 잘 먹습니다👍😄#닭백숙 #한식먹방,2026-04-16T23:00:56Z,38.0,True,23068,740.0,9.0
5077,UCZzQSZv0KDes96yVvdW5f-w,[헝가리부부]김패밀리VLOG,x4YZhVsQNJg,[헝가리부부] 너무 맛있는 소갈비찜과 당면 듬뿍 불고기 볶음~ 🍖대가족 먹방!! 아이들이 잘 먹어요~😄 /#알텐바흐 #저압냄비,2026-04-18T00:01:12Z,1761.0,False,94526,6914.0,153.0
5077,UCZzQSZv0KDes96yVvdW5f-w,[헝가리부부]김패밀리VLOG,bD_XS-oTDBk,[헝가리부부] 헝가리 굴라쉬 끓이는 법!🥘 양고기로 끓였는데 저는 못 먹어요🥲 / #헝가리 #굴라쉬 #가족먹방,2026-04-22T00:00:42Z,1512.0,False,37089,3461.0,121.0
5077,UCZzQSZv0KDes96yVvdW5f-w,[헝가리부부]김패밀리VLOG,zfikw5LVpRg,[헝가리부부] 이 평화로운 풍경이 벌써 그리워집니다...🥲 아직 한국 가려면 두달이나 남았는데도... / #야외먹방 #헝가리가정식 #가족먹방,2026-04-25T00:01:08Z,1246.0,False,57248,5808.0,148.0
5077,UCZzQSZv0KDes96yVvdW5f-w,[헝가리부부]김패밀리VLOG,ec2ePf7T1x4,제주도로 왜 이주하는지..? 무엇이든 물어 보세요😄 라이브❤️,2026-04-29T14:32:36Z,5921.0,False,37796,2115.0,193.0
5077,UCZzQSZv0KDes96yVvdW5f-w,[헝가리부부]김패밀리VLOG,G60qUK3DzCI,[헝가리부부] 직접 만든 김밥과 컵라면 야외먹방! 800년 된 헝가리 유적지 여행!! /#유럽여행 #가족먹방 #농심,2026-05-02T00:00:25Z,1731.0,False,55121,5365.0,170.0
5077,UCZzQSZv0KDes96yVvdW5f-w,[헝가리부부]김패밀리VLOG,HemOjITxqr4,[헝가리부부 ] 하원하고 아빠를 향해 전력질주 하는 한나❤️ / 800만원짜리 돼지갈비 레시피의 비밀을 그대로 따라해봤습니다🍖😄 /#가족먹방 #돼지갈비 #양념구이,2026-05-07T02:00:15Z,1748.0,False,49091,4479.0,107.0
5077,UCZzQSZv0KDes96yVvdW5f-w,[헝가리부부]김패밀리VLOG,ey2BVbMI0CI,[헝가리부부] 명이나물 따서 바로 쌈싸먹고 볶음밥에 라면으로 마무리~!! / 명이나물 천국?! #야외먹방 #삼겹살 #롤팬,2026-05-09T01:08:02Z,1970.0,False,62127,4219.0,284.0
5077,UCZzQSZv0KDes96yVvdW5f-w,[헝가리부부]김패밀리VLOG,JHH5JuTkF2M,[헝가리부부] 한국 가기전까지 엄마밥만 먹고 싶다는 아내... / #가족먹방 #야외먹방 #헝가리음식,2026-05-16T00:00:13Z,1490.0,False,40200,3933.0,77.0
5078,UCOf1YTicu1WUtffjThah6dQ,MYSTIC TV,RbRt23e6erU,"“구독자 280만 명 너튜버 진용진, 일중독에 빠져 쉬는 방법을 잊어버렸어요” [무엇이든 물어보살 260209 351화] KBS Joy 260209 방송",2026-02-09T15:00:48Z,835.0,False,10705,116.0,39.0
5078,UCOf1YTicu1WUtffjThah6dQ,MYSTIC TV,FQtZVa1kF-Q,"“비둘기를 키우며 생기는 오해와 갈등, 어떻게 해결해야 할까요?” [무엇이든 물어보살 260209 351화] KBS Joy 260209 방송",2026-02-11T22:00:23Z,855.0,False,7657,91.0,21.0
5078,UCOf1YTicu1WUtffjThah6dQ,MYSTIC TV,1jUljLS-kWE,"“매 순간 주변의 눈치가 보이는 중1, 사람들이 제 곁을 떠날까 봐 두려워요” [무엇이든 물어보살 260209 351화] KBS Joy 260209 방송",2026-02-12T22:00:01Z,628.0,False,5460,66.0,7.0
5078,UCOf1YTicu1WUtffjThah6dQ,MYSTIC TV,XAahJLC1exM,"“31년 인생, 연애 경험 단 한 번! 왜 연애를 못 하는지 모르겠어요” [무엇이든 물어보살 260209 351화] KBS Joy 260209 방송",2026-02-15T13:00:52Z,849.0,False,27583,201.0,199.0
5078,UCOf1YTicu1WUtffjThah6dQ,MYSTIC TV,XuWKRKAUXLA,"“챌린지 조회수 2억의 끼쟁이인데, 수영선수의 꿈을 이룰 수 있을까요?” [무엇이든 물어보살 260216 352화] KBS Joy 260216 방송",2026-02-16T15:01:00Z,553.0,False,3743,67.0,11.0
5078,UCOf1YTicu1WUtffjThah6dQ,MYSTIC TV,mqDifecVoQA,"“예비 초등학교 3학년 트로트 어린 왕자, 새 학년에 잘 적응할 수 있을까요?” [무엇이든 물어보살 260216 352화] KBS Joy 260216 방송",2026-02-17T22:00:57Z,647.0,False,2812,73.0,5.0
5078,UCOf1YTicu1WUtffjThah6dQ,MYSTIC TV,Y_meNrxWCpk,"“100명 모창으로 뜬 무명 가수, 모창을 포기하고 제 노래를 해야 할까요?” [무엇이든 물어보살 260216 352화] KBS Joy 260216 방송",2026-02-18T22:00:36Z,660.0,False,26434,228.0,30.0
5078,UCOf1YTicu1WUtffjThah6dQ,MYSTIC TV,I2tRI3X4mRg,"“만능 엔터테이너 하지영, 소중한 인연 지키느라 연애를 못 해 고민이에요” [무엇이든 물어보살 260216 352화] KBS Joy 260216 방송",2026-02-19T22:00:14Z,797.0,False,6399,57.0,14.0
5078,UCOf1YTicu1WUtffjThah6dQ,MYSTIC TV,Vi8OewzMv-I,"“4옥타브를 넘나드는 고음왕, 목 관리를 잘 할 수 있을까요?” [무엇이든 물어보살 260216 352화] KBS Joy 260216 방송",2026-02-22T13:00:51Z,643.0,False,36149,363.0,120.0
5078,UCOf1YTicu1WUtffjThah6dQ,MYSTIC TV,jq_Z1z5Od_w,"“억울하게 뺏긴 양육권과 친권, 제가 앞으로 어떻게 해야 할까요?” [무엇이든 물어보살 260223 353화] KBS Joy 260223 방송",2026-02-23T15:01:14Z,919.0,False,36003,303.0,29.0
5078,UCOf1YTicu1WUtffjThah6dQ,MYSTIC TV,mEXGHpDekKw,"“20년의 운동선수 생활 은퇴 후, 제2의 인생을 어떻게 살면 좋을까요?” [무엇이든 물어보살 260223 353화] KBS Joy 260223 방송",2026-02-25T22:00:50Z,843.0,False,21591,243.0,70.0
5078,UCOf1YTicu1WUtffjThah6dQ,MYSTIC TV,AKPXSu7Rd5o,"“결혼 준비로 어머니와 의견 충돌하는 동생, 가운데서 중재하기 힘들어요” [무엇이든 물어보살 260223 353화] KBS Joy 260223 방송",2026-02-26T22:00:18Z,917.0,False,11240,122.0,66.0
5078,UCOf1YTicu1WUtffjThah6dQ,MYSTIC TV,wjYL_r0mJA4,#kbsjoy #무엇이든_물어보살,2026-02-27T07:30:26Z,15.0,True,1501,7.0,1.0
5078,UCOf1YTicu1WUtffjThah6dQ,MYSTIC TV,Ic_gXLXAjUY,"“결혼 후 죽을 고비를 넘긴 아내, 임신과 출산이 걱정돼요” [무엇이든 물어보살 260223 353화] KBS Joy 260223 방송",2026-03-01T13:00:34Z,848.0,False,96609,735.0,124.0
5078,UCOf1YTicu1WUtffjThah6dQ,MYSTIC TV,0eswSftCfoE,"“아내와의 지옥 같은(?) 결혼 생활, 아이들을 위해서라도 이어가야 할까요?” [무엇이든 물어보살 260302 354화] KBS Joy 260302 방송",2026-03-16T15:00:04Z,1029.0,False,93311,1051.0,
5078,UCOf1YTicu1WUtffjThah6dQ,MYSTIC TV,beSR1zygNpw,“라이즈 덕후 생활 때문에 현실 연애를 못 하고 있어요” [무엇이든 물어보살 260302 354화] KBS Joy 260302 방송,2026-03-18T08:00:40Z,594.0,False,4572,62.0,41.0
5078,UCOf1YTicu1WUtffjThah6dQ,MYSTIC TV,3y6reWOV__8,"췌장암 수술 후 건강관리 필요한 딸, 자꾸 엇나가서 고민이에요” [무엇이든 물어보살 260302 354화] KBS Joy 260302 방송",2026-03-19T08:00:04Z,891.0,False,21157,232.0,39.0
5078,UCOf1YTicu1WUtffjThah6dQ,MYSTIC TV,0N01aMVCPlw,"“하는 일이 너무 많은 치과의사, 아무리 노력해도 연애가 안 돼요” [무엇이든 물어보살 260302 354화] KBS Joy 260302 방송",2026-03-20T08:00:03Z,827.0,False,8611,78.0,44.0
5078,UCOf1YTicu1WUtffjThah6dQ,MYSTIC TV,KxRP6SA6mso,“유흥업소에서 일을 시작하고 싶은데 인기가 없을까 봐 고민이에요” [무엇이든 물어보살 260309 355화] KBS Joy 260309 방송,2026-03-24T08:00:17Z,787.0,False,121742,1154.0,999.0
5078,UCOf1YTicu1WUtffjThah6dQ,MYSTIC TV,YFRG8VHwgUk,"“마약 사건에 휘말려 교도소에서 3년 살고 출소 후, 앞으로의 삶이 막막해요” [무엇이든 물어보살 260309 355화] KBS Joy 260309 방송",2026-03-25T08:00:28Z,851.0,False,113490,767.0,410.0
5078,UCOf1YTicu1WUtffjThah6dQ,MYSTIC TV,nqFuZkxPyT0,“다 잘하는데 왜 안됐을까?’라는 말을 들을 때마다 스트레스가 쌓여요” [무엇이든 물어보살 260309 355화] KBS Joy 260309 방송,2026-03-26T08:00:51Z,746.0,False,4988,60.0,18.0
5078,UCOf1YTicu1WUtffjThah6dQ,MYSTIC TV,2fO8Xbg1THE,"“유명해지고 싶지만 악플은 무서운 약사, 악플 대처법을 알고 싶어요” [무엇이든 물어보살 260309 355화] KBS Joy 260309 방송",2026-03-27T08:00:02Z,661.0,False,8319,94.0,
5078,UCOf1YTicu1WUtffjThah6dQ,MYSTIC TV,nxscqAuJuQU,“못난이에서 훈남으로 환골탈태! 내면도 훈훈해질 수 있을까요?” [무엇이든 물어보살 260316 356화] KBS Joy 260316 방송,2026-03-31T08:00:39Z,797.0,False,28419,231.0,73.0
5078,UCOf1YTicu1WUtffjThah6dQ,MYSTIC TV,ILUBV4MRFeA,"“야구 선수 은퇴 후의 변화가 두려워 생긴 강박, 이대로 괜찮을까요?” [무엇이든 물어보살 260316 356화] KBS Joy 260316 방송",2026-04-01T08:00:12Z,751.0,False,5461,58.0,17.0
5078,UCOf1YTicu1WUtffjThah6dQ,MYSTIC TV,jvWphpTS5BI,"“40년 차 무속인, 무교의 문화를 사람들에게 알리고 싶어요” [무엇이든 물어보살 260316 356화] KBS Joy 260316 방송",2026-04-02T08:00:43Z,782.0,False,162597,1784.0,328.0
5078,UCOf1YTicu1WUtffjThah6dQ,MYSTIC TV,UtefNf0G3yU,"“SNS 오픈 채팅으로 엇나가는 고3 딸, 어떻게 바로잡아야 할까요?” [무엇이든 물어보살 260316 356화] KBS Joy 260316 방송",2026-04-03T08:00:25Z,883.0,False,59086,562.0,
5078,UCOf1YTicu1WUtffjThah6dQ,MYSTIC TV,01qneCbh72E,"“16살에 소년원 3번, 이제는 정신 차리고 싶어요” [무엇이든 물어보살 260323 357화] KBS Joy 260323 방송",2026-04-07T08:00:00Z,765.0,False,174477,1594.0,
5078,UCOf1YTicu1WUtffjThah6dQ,MYSTIC TV,JvoXs9K5DmI,"“42kg→127kg 된 신세경급 미모, 살 빼고 전성기의 미모를 되찾고 싶어요” [무엇이든 물어보살 260323 357화] KBS Joy 260323 방송",2026-04-08T08:00:18Z,744.0,False,51897,551.0,235.0
5078,UCOf1YTicu1WUtffjThah6dQ,MYSTIC TV,y-DPUFv_MJs,"“흑백 셰프 프렌치 파파, 방송 출연 후 눈물이 많아져 고민이에요” [무엇이든 물어보살 260323 357화] KBS Joy 260323 방송",2026-04-09T08:01:04Z,953.0,False,6689,105.0,24.0
5078,UCOf1YTicu1WUtffjThah6dQ,MYSTIC TV,peont092vIw,“심한 막말로 친구들을 잃었는데 제 성격을 어떻게 바꿔야 할까요?” [무엇이든 물어보살 260323 357화] KBS Joy 260323 방송,2026-04-10T08:00:55Z,885.0,False,207686,1546.0,1826.0
5078,UCOf1YTicu1WUtffjThah6dQ,MYSTIC TV,7Rm8NqsHBqw,"“가정폭력으로 이혼한 아이 셋 고딩엄빠, 유방암 투병 중이라 경제적으로 힘들어요” [무엇이든 물어보살 260330 358화] KBS Joy 260330 방송",2026-04-14T08:00:05Z,871.0,False,29893,298.0,161.0
5078,UCOf1YTicu1WUtffjThah6dQ,MYSTIC TV,Bu-GwxEMbR0,"“8살 아들이 있는 걸 숨긴 17살 돌싱 남친, 헤어지기 싫은데 어떡하죠?” [무엇이든 물어보살 260330 358화] KBS Joy 260330 방송",2026-04-15T08:00:11Z,762.0,False,28786,260.0,231.0
5078,UCOf1YTicu1WUtffjThah6dQ,MYSTIC TV,TvaJnJtmUkk,"“사주와 신점에 심하게 의존하는데, 이제는 벗어나고 싶어요” [무엇이든 물어보살 260330 358화] KBS Joy 260330 방송",2026-04-16T08:00:35Z,663.0,False,14480,149.0,32.0
5078,UCOf1YTicu1WUtffjThah6dQ,MYSTIC TV,CUjfDcMJjyk,"“용산의 왕자 흑백2 ‘유행왕’ 김훈 셰프, 유행만 좇는 사람처럼 치부돼서 속상해요” [무엇이든 물어보살 260330 358화] KBS Joy 260330 방송",2026-04-17T08:00:12Z,785.0,False,3671,36.0,5.0
5078,UCOf1YTicu1WUtffjThah6dQ,MYSTIC TV,bginf1wtAJY,"“첫사랑 전남친과 몰래 만난 절친, 배신감에 무너진 자존감을 회복하고 싶어요” [무엇이든 물어보살 260406 359화] KBS Joy 260406 방송",2026-04-21T08:00:38Z,794.0,False,45028,397.0,81.0
5078,UCOf1YTicu1WUtffjThah6dQ,MYSTIC TV,PdHFD_7t5X0,"“전세사기와 보이스 피싱으로 1억 8천 넘게 잃고, 또 사기당할까 봐 두려워요” [무엇이든 물어보살 260406 359화] KBS Joy 260406 방송",2026-04-22T08:00:34Z,969.0,False,41760,402.0,
5078,UCOf1YTicu1WUtffjThah6dQ,MYSTIC TV,ubFuOYRj8dw,"“주식 매수에만 목매는 삶, 이렇게 지내도 괜찮을까요?” [무엇이든 물어보살 260406 359화] KBS Joy 260406 방송",2026-04-23T08:01:05Z,766.0,False,6746,87.0,39.0
5078,UCOf1YTicu1WUtffjThah6dQ,MYSTIC TV,i_bkHFJxnnU,"“극단적 선택을 한 아버지와 암 4기 어머니, 책임질 가정도 있는데 힘들어요” [무엇이든 물어보살 260406 359화] KBS Joy 260406 방송",2026-04-24T08:00:47Z,786.0,False,48381,601.0,36.0
5078,UCOf1YTicu1WUtffjThah6dQ,MYSTIC TV,oxtm-emittk,"“연락 두절 후 사라진 전 여자친구, 만난 적은 없지만 너무 그리워요” [무엇이든 물어보살 260413 360화] KBS Joy 260413 방송",2026-04-28T08:01:00Z,875.0,False,31367,301.0,
5078,UCOf1YTicu1WUtffjThah6dQ,MYSTIC TV,1U8nuCX_fXg,"“선박 기관사 남친과의 장거리 연애, 이렇게 만나는 게 맞는 걸까요?” [무엇이든 물어보살 260413 360화] KBS Joy 260413 방송",2026-04-29T08:00:01Z,695.0,False,11263,112.0,19.0
5078,UCOf1YTicu1WUtffjThah6dQ,MYSTIC TV,pe_QkuUA_B0,"“운동 중독 77세 엄마 vs 말리는 아들, 누구 의견이 맞는 걸까요?” [무엇이든 물어보살 260413 360화] KBS Joy 260413 방송",2026-04-30T08:00:54Z,600.0,False,12092,160.0,54.0
5078,UCOf1YTicu1WUtffjThah6dQ,MYSTIC TV,67TYF4cqwMw,"“집주인 사망 후 상속자가 없는 상황, 전세금 1억 5천을 받을 수 있을까요?” [무엇이든 물어보살 260413 360화] KBS Joy 260413 방송",2026-05-02T08:00:04Z,840.0,False,7691,65.0,0.0
5078,UCOf1YTicu1WUtffjThah6dQ,MYSTIC TV,ytT2e_d-8hs,"“119kg→68kg→119kg→59kg, 반복되는 요요에서 벗어나고 싶어요” [무엇이든 물어보살 260420 361화] KBS Joy 260420 방송",2026-05-05T08:01:00Z,656.0,False,35830,363.0,134.0
5078,UCOf1YTicu1WUtffjThah6dQ,MYSTIC TV,Sy5-Jpw8ub4,"“약물 중독으로 정신병원 입원한 남편과 개인회생까지, 삶이 너무 버거워요” [무엇이든 물어보살 260420 361화] KBS Joy 260420 방송",2026-05-06T08:00:27Z,689.0,False,21645,255.0,22.0
5078,UCOf1YTicu1WUtffjThah6dQ,MYSTIC TV,HqoCZ-VtsbU,"“재결합까지 했는데 50살에 이혼한다는 아내, 막을 방법 없을까요?” [무엇이든 물어보살 260420 361화] KBS Joy 260420 방송",2026-05-07T08:00:19Z,750.0,False,32894,270.0,
5078,UCOf1YTicu1WUtffjThah6dQ,MYSTIC TV,7iFSpXrOEwo,"“제작 무산으로 일없이 허비한 시간 3년, ‘전 이제 어떻게 해야 하나요?’” [무엇이든 물어보살 260420 361화] KBS Joy 260420 방송",2026-05-08T08:00:12Z,868.0,False,146005,1222.0,557.0
5078,UCOf1YTicu1WUtffjThah6dQ,MYSTIC TV,IwTVBi7ttGk,"“잘생긴 외모 탓에 유부남인데도 끊이지 않는 대시, 어떻게 철벽쳐야 할까요?” [무엇이든 물어보살 260427 362화] KBS Joy 260427 방송",2026-05-12T08:00:30Z,977.0,False,56117,508.0,
5078,UCOf1YTicu1WUtffjThah6dQ,MYSTIC TV,qIOiIs3KMVc,"“알코올 중독으로 트라우마를 안겨준 아버지, 모든 실패가 아버지 탓 같아요” [무엇이든 물어보살 260427 362화] KBS Joy 260427 방송",2026-05-13T08:00:50Z,1003.0,False,22735,303.0,171.0
5078,UCOf1YTicu1WUtffjThah6dQ,MYSTIC TV,4q8dac9qPJE,"“너무 좋지만 집착이 심한 남자친구, 어떻게 해야 잘 사귈 수 있을까요?” [무엇이든 물어보살 260427 362화] KBS Joy 260427 방송",2026-05-14T08:00:05Z,649.0,False,17767,142.0,
5078,UCOf1YTicu1WUtffjThah6dQ,MYSTIC TV,UPM_eVPlpAY,“저출산 문제가 심각해 재단을 차려 후원 중인데 더 많은 산모를 돕지 못해 속상해요” [무엇이든 물어보살 260427 362화] KBS Joy 260427 방송,2026-05-15T08:00:34Z,729.0,False,4911,81.0,18.0
5079,UCXo9Zty0iDDOuUGRXQ0o7og,고탱의 비디오 (Goteng),sGjzIRdIK3M,대유잼 사진 방출ㅋㅋ 짤탱의 웃소 여름휴가 사진 돌아보기!! | 고탱 (Goteng),2017-08-04T09:30:42Z,715.0,False,360387,6940.0,658.0
5079,UCXo9Zty0iDDOuUGRXQ0o7og,고탱의 비디오 (Goteng),vc8Q0EdxGIA,두손 다 들었다... 최악의 광고 리액션! | 고탱 (Goteng),2017-08-16T12:30:02Z,656.0,False,194858,3382.0,411.0
5079,UCXo9Zty0iDDOuUGRXQ0o7og,고탱의 비디오 (Goteng),EQyTdoeK_x0,미스터리 18금 박스?! 일본에서 가져온 신기한 물건 7가지 | 고탱 (Goteng),2017-08-20T11:30:00Z,617.0,False,122703,1783.0,215.0
5079,UCXo9Zty0iDDOuUGRXQ0o7og,고탱의 비디오 (Goteng),wr4QM-KLjaE,요즘 완전 핫한 백팩키드 길거리에서 백팩키드 댄스 | 고탱 (Goteng),2017-09-15T12:35:04Z,37.0,True,427255,6179.0,804.0
5079,UCXo9Zty0iDDOuUGRXQ0o7og,고탱의 비디오 (Goteng),XXWiNqUslAI,고탱의 트위치강좌 그리고 후원주작 사건!! 눈물로 사죄하다 | 고탱 (Goteng),2017-09-23T08:00:05Z,390.0,False,21147,514.0,36.0
5079,UCXo9Zty0iDDOuUGRXQ0o7og,고탱의 비디오 (Goteng),Hrc1zpkBru4,알바의 신 고카모토 (사카모토입니다만 패러디) w/캐시플레이스 | 고탱 (Goteng),2017-10-05T11:00:02Z,110.0,False,191762,4219.0,372.0
5079,UCXo9Zty0iDDOuUGRXQ0o7og,고탱의 비디오 (Goteng),NWjpFIxaK14,웃소에게 버스가 생겼다고? 고탱 버스사다? 웃소버스타고 흥 터져버리기! | 고탱 (Goteng),2017-11-14T11:14:09Z,626.0,False,28025,568.0,83.0
5079,UCXo9Zty0iDDOuUGRXQ0o7og,고탱의 비디오 (Goteng),jFjDxvzWvMY,어깨 탈골 됐습니다 | 고탱 (Goteng),2017-11-30T12:00:02Z,321.0,False,124567,2223.0,149.0
5079,UCXo9Zty0iDDOuUGRXQ0o7og,고탱의 비디오 (Goteng),6cc6XJpEiIs,하루동안 택시기사가 되어보았다!! 미터기 안찍고 남양주까지 가버림.... [웃소택시] (w/티스테이션),2017-12-06T10:12:22Z,471.0,False,1090644,8774.0,867.0
5079,UCXo9Zty0iDDOuUGRXQ0o7og,고탱의 비디오 (Goteng),KypQgQBfaXM,결국 해리 때문에 우디 빡쳤습니다...,2018-01-04T11:17:04Z,541.0,False,393856,7115.0,680.0
5079,UCXo9Zty0iDDOuUGRXQ0o7og,고탱의 비디오 (Goteng),7aTIiJR8D5o,상어 낚으러 가즈아,2018-01-07T11:30:01Z,326.0,False,18793,533.0,44.0
5079,UCXo9Zty0iDDOuUGRXQ0o7og,고탱의 비디오 (Goteng),vItfRfGN8Jk,튀소가 뭐에요? 저는 웃손데... 대전에서 백팩키드 추기 | 고탱 (Goteng),2018-01-17T11:00:07Z,359.0,False,27297,857.0,148.0
5079,UCXo9Zty0iDDOuUGRXQ0o7og,고탱의 비디오 (Goteng),v1VmaMFPOyk,인생 최악의 실수 모음 | 고탱 (Goteng),2018-01-24T12:30:02Z,439.0,False,2016524,30423.0,8667.0
5079,UCXo9Zty0iDDOuUGRXQ0o7og,고탱의 비디오 (Goteng),tdbgDWpwhCY,최악의 아재개그 모음... 당신은 이것을 참을 수 있습니까?,2018-02-04T13:32:09Z,346.0,False,1028634,16615.0,5257.0
5079,UCXo9Zty0iDDOuUGRXQ0o7og,고탱의 비디오 (Goteng),VHt936RrUnk,역광인데 괜찮아요? 최악의 사진부탁 모음 | 고탱 (Goteng),2018-02-27T12:38:01Z,353.0,False,1181693,22898.0,1110.0
5079,UCXo9Zty0iDDOuUGRXQ0o7og,고탱의 비디오 (Goteng),7rCjiN66N5g,전세계 유행중인 외계댄스 패러디ㅋㅋㅋ Dame tu cosita ท่าเต้นเอเลี่ยน,2018-03-11T08:30:00Z,68.0,False,455173,4916.0,772.0
5079,UCXo9Zty0iDDOuUGRXQ0o7og,고탱의 비디오 (Goteng),oXqiXIlRUd0,대한민국 0.001% 특이한 이름 모음,2018-03-24T12:00:07Z,386.0,False,3428094,38732.0,14551.0
5079,UCXo9Zty0iDDOuUGRXQ0o7og,고탱의 비디오 (Goteng),8QKDLip1X9s,어깨 힘 다 뺐는데 자꾸 어깨 힘 빼라고 할 때,2018-03-31T11:51:29Z,73.0,False,349671,5242.0,360.0
5079,UCXo9Zty0iDDOuUGRXQ0o7og,고탱의 비디오 (Goteng),GuhZDj2zgj4,요즘 유행하는 망치춤 추면서 벚꽃놀이 가기 ㅋㅋㅋㅋㅋㅋ (feat.디투),2018-04-07T05:11:47Z,67.0,False,1244177,19825.0,1999.0
5079,UCXo9Zty0iDDOuUGRXQ0o7og,고탱의 비디오 (Goteng),sl12H2xu3FE,귀뚜라미 커피몰카ㅋㅋㅋㅋㅋ 지각한 친구 혼쭐내주기 (feat.디투),2018-04-21T08:00:03Z,295.0,False,480193,7451.0,688.0
5079,UCXo9Zty0iDDOuUGRXQ0o7og,고탱의 비디오 (Goteng),sBfaQ6nn6_o,김하온(HAON)-붕붕 플룻 커버 Flute cover,2018-04-23T09:15:01Z,161.0,False,1693201,28639.0,4255.0
5079,UCXo9Zty0iDDOuUGRXQ0o7og,고탱의 비디오 (Goteng),4UKEQ-kzfZc,찌질이 댄스ㅋㅋㅋㅋㅋ 좋아하는 애한테 보내면 애인 생기는춤ㅋㅋㅋ (feat.디투),2018-04-25T12:15:01Z,64.0,False,1623299,22183.0,2149.0
5079,UCXo9Zty0iDDOuUGRXQ0o7og,고탱의 비디오 (Goteng),G4Mbm6AToqU,중독성 쩌는 개다리춤ㅋㅋㅋㅋㅋ (feat.해썹송),2018-05-04T11:04:44Z,79.0,False,324533,5504.0,506.0
5079,UCXo9Zty0iDDOuUGRXQ0o7og,고탱의 비디오 (Goteng),DvmiooHw0lA,일본 인형뽑기 첫트에 뽑아버림ㅋㅋㅋㅋㅋㅋ직원분 오셨습니다,2018-05-11T11:33:42Z,108.0,False,85141,1904.0,169.0
5079,UCXo9Zty0iDDOuUGRXQ0o7og,고탱의 비디오 (Goteng),6iZIXKBkhG0,둘이서 양꼬치 100개 시키고 다 못먹는 사람이 계산하기 ㅋㅋㅋㅋㅋ(디투랑 양꼬치 먹방),2018-05-19T08:07:48Z,469.0,False,148604,2973.0,360.0
5079,UCXo9Zty0iDDOuUGRXQ0o7og,고탱의 비디오 (Goteng),Ktyzp4_pnyA,아파트 소리 공감,2018-05-28T10:03:48Z,55.0,True,313280,5844.0,648.0
5079,UCXo9Zty0iDDOuUGRXQ0o7og,고탱의 비디오 (Goteng),gCGPwABuu5U,날씨 좋은 날 내 기분ㅋㅋㅋㅋ (Walmart Yodeling Boy Remix Dance),2018-06-03T06:10:49Z,49.0,True,114028,3495.0,378.0
5079,UCXo9Zty0iDDOuUGRXQ0o7og,고탱의 비디오 (Goteng),uJB_RlOyquM,"한국 대 스웨덴, 조현우 슈퍼세이브 리액션!!",2018-06-19T08:00:02Z,459.0,False,74091,1239.0,338.0
5079,UCXo9Zty0iDDOuUGRXQ0o7og,고탱의 비디오 (Goteng),xO76Oc18OFE,사고로 기억을 잃은 고탱의 이야기.....,2018-06-24T11:47:44Z,224.0,False,360381,6672.0,772.0
5079,UCXo9Zty0iDDOuUGRXQ0o7og,고탱의 비디오 (Goteng),mt1EixR65pM,웃소에서 미처 공개 못한 고탱의 화끈한 일기장 털기ㅋㅋㅋㅋ(대선연설문 아님),2019-01-18T13:20:05Z,368.0,False,102593,3144.0,397.0
5079,UCXo9Zty0iDDOuUGRXQ0o7og,고탱의 비디오 (Goteng),oAx7TXPy3NI,하루종일 사딸라 드립치는 친구ㅋㅋㅋㅋ학교에 간 사딸라 협상맨,2019-03-07T07:39:02Z,167.0,False,385130,9882.0,768.0
5079,UCXo9Zty0iDDOuUGRXQ0o7og,고탱의 비디오 (Goteng),l6WKYFsGVc8,해리와 단 둘이 떠난 중국!! 백범의 계단에서 인생샷 찍어오기 도전!!,2019-04-05T11:15:00Z,612.0,False,71473,2253.0,189.0
5079,UCXo9Zty0iDDOuUGRXQ0o7og,고탱의 비디오 (Goteng),hM9qwqs3hac,임정100주년 기념!중국에 가면 꼭 해봐야할 것들 10가지 모음,2019-04-11T10:30:00Z,258.0,False,54417,1429.0,183.0
5079,UCXo9Zty0iDDOuUGRXQ0o7og,고탱의 비디오 (Goteng),9E-w_-r1o8E,웃소 빠지고 다녀온 중국ㅋㅋㅋ 웃소멤버들과 함께 중국탐방 영상 돌아보기!!,2019-04-13T11:50:54Z,1154.0,False,218023,3383.0,520.0
5079,UCXo9Zty0iDDOuUGRXQ0o7og,고탱의 비디오 (Goteng),0ebajuc1Dv4,아이폰 배경화면 휘어지게 하는 법...ㄷㄷ  #shorts,2021-06-06T13:39:36Z,50.0,True,2989750,41922.0,1491.0
5079,UCXo9Zty0iDDOuUGRXQ0o7og,고탱의 비디오 (Goteng),4dd6-9jWTTU,넥스트레벨을 너무 많이 들은 웨이터 #aespa #nextlevel,2021-06-26T11:29:21Z,24.0,True,713990,17796.0,546.0
5079,UCXo9Zty0iDDOuUGRXQ0o7og,고탱의 비디오 (Goteng),C8jU7S6cfBA,형제가 해본 5단얼굴조합ㅋㅋㅋ우리가 이렇게 닮았었나? #고고형제 #웃소,2021-07-11T04:49:31Z,31.0,True,3047820,52929.0,820.0
5079,UCXo9Zty0iDDOuUGRXQ0o7og,고탱의 비디오 (Goteng),0ecgu_aVpFg,하트 마술ㅋㅋㅋㅋㅋㅋ 니키님한테 배웠다!!,2021-08-08T09:06:26Z,34.0,True,1426368,38439.0,1018.0
5079,UCXo9Zty0iDDOuUGRXQ0o7og,고탱의 비디오 (Goteng),lYD4TqxqdLk,닮은꼴 찾기 필터?!? 미안하다 벤틀리야...,2021-08-31T06:52:23Z,11.0,True,2325281,43492.0,679.0
5079,UCXo9Zty0iDDOuUGRXQ0o7og,고탱의 비디오 (Goteng),Xwv3UMpV4sQ,포항 스페이스워크에 가본 탱글부부🤪 #고소공포증 #호달달 #스페이스워크,2022-03-13T09:11:58Z,60.0,True,2435591,64403.0,1090.0
5079,UCXo9Zty0iDDOuUGRXQ0o7og,고탱의 비디오 (Goteng),Ka9XNfhGgYQ,실외 마스크 해제 첫날,2022-05-02T12:58:51Z,21.0,True,924950,24489.0,637.0
5079,UCXo9Zty0iDDOuUGRXQ0o7og,고탱의 비디오 (Goteng),fUTrGhjF17k,해리가 일어나며 집어든 갈릭스노윙 (웃소 토크),2022-07-21T10:17:36Z,60.0,True,83722,3241.0,52.0
5079,UCXo9Zty0iDDOuUGRXQ0o7og,고탱의 비디오 (Goteng),CBLDxdZqoM4,마트에서 도난경보기 울릴 때 유형,2022-09-15T14:47:30Z,61.0,False,43683,877.0,83.0
5079,UCXo9Zty0iDDOuUGRXQ0o7og,고탱의 비디오 (Goteng),vJgos_DeMqk,마트에서 도난경보기 울릴 때 유형 #shorts,2022-09-16T09:32:40Z,60.0,True,149842,5755.0,50.0
5079,UCXo9Zty0iDDOuUGRXQ0o7og,고탱의 비디오 (Goteng),ySxXY0RkrA8,옷 쇼핑할 때 뻘쭘한 상황들,2022-09-16T14:19:01Z,44.0,True,76131,2263.0,20.0
5079,UCXo9Zty0iDDOuUGRXQ0o7og,고탱의 비디오 (Goteng),038pUa5QaUM,비행기에서 누가 더 짜증날까? Who is worse on a plane?,2022-11-27T15:02:43Z,27.0,True,2280689,39652.0,555.0
5079,UCXo9Zty0iDDOuUGRXQ0o7og,고탱의 비디오 (Goteng),ivS7TGzx-MA,자꾸 맴도는 노래💕 @pigle_log,2022-12-25T15:52:15Z,15.0,True,84990,2829.0,50.0
5079,UCXo9Zty0iDDOuUGRXQ0o7og,고탱의 비디오 (Goteng),XcXRxF-i8RM,재벌집 막내아들 마지막화 1분 요약ㅋㅋㅋㅋㅠㅠ (스포주의?),2022-12-26T15:38:09Z,60.0,True,183158,4403.0,59.0
5079,UCXo9Zty0iDDOuUGRXQ0o7og,고탱의 비디오 (Goteng),uy21YsCkDFY,야 왜 이렇게 묻히고 먹어,2023-02-15T09:19:17Z,13.0,True,1553416,30240.0,512.0
5079,UCXo9Zty0iDDOuUGRXQ0o7og,고탱의 비디오 (Goteng),RDooKwiP6_Y,뉴진스 OMG 이상한 전개,2023-02-16T13:48:54Z,30.0,True,131947,4971.0,92.0
5080,UCXxT09XuuafAUg4VGkdjV7g,VANN 바나뚜레,E_-uKoh7WFc,포핀쿠킨 코나푼 만들기,2013-09-09T12:28:44Z,132.0,False,126378,352.0,68.0
5080,UCXxT09XuuafAUg4VGkdjV7g,VANN 바나뚜레,_U2pFx34iFs,Making Oreo Choc,2013-09-27T19:42:00Z,93.0,False,326749,1339.0,168.0
5080,UCXxT09XuuafAUg4VGkdjV7g,VANN 바나뚜레,gfdwBvj5Sf0,헬로키티 양갱 만들기,2013-10-16T18:42:12Z,162.0,False,474136,1168.0,155.0
5080,UCXxT09XuuafAUg4VGkdjV7g,VANN 바나뚜레,59BCZBOnA6Q,가라아게 만들기,2013-12-06T12:14:11Z,147.0,False,640325,3556.0,336.0
5080,UCXxT09XuuafAUg4VGkdjV7g,VANN 바나뚜레,LtdHR4sRgys,포핀쿠킨 파치파치 워터젤리,2013-12-19T15:39:45Z,169.0,False,596492,1339.0,205.0
5080,UCXxT09XuuafAUg4VGkdjV7g,VANN 바나뚜레,cboStVeI9p4,짱구 엉덩이 푸딩,2014-01-03T15:06:06Z,158.0,False,598677,1399.0,254.0
5080,UCXxT09XuuafAUg4VGkdjV7g,VANN 바나뚜레,FK9oAaGo7Tk,딸기 팬케이크 만들기,2014-01-09T08:20:28Z,204.0,False,527075,2384.0,194.0
5080,UCXxT09XuuafAUg4VGkdjV7g,VANN 바나뚜레,BPCmkI3FxWU,민트 초코 브라우니 만들기,2014-01-20T04:07:45Z,192.0,False,483045,2103.0,248.0
5080,UCXxT09XuuafAUg4VGkdjV7g,VANN 바나뚜레,XTFXDNjr5jM,포핀쿠킨 붕어빵 젤리 만들기,2014-01-24T15:39:59Z,451.0,False,849811,2355.0,518.0
5080,UCXxT09XuuafAUg4VGkdjV7g,VANN 바나뚜레,6TC-Zjo9jF4,포핀쿠킨 거품 아이스크림 만들기,2014-01-30T07:38:03Z,116.0,False,223864,576.0,121.0
5080,UCXxT09XuuafAUg4VGkdjV7g,VANN 바나뚜레,3itKkbq9zBk,비스켓 만들기,2014-02-06T04:06:16Z,172.0,False,473193,2276.0,293.0
5080,UCXxT09XuuafAUg4VGkdjV7g,VANN 바나뚜레,yUNU79A9BvM,포핀쿠킨 구루구루 모찌,2014-02-07T12:16:24Z,192.0,False,554254,2109.0,276.0
5080,UCXxT09XuuafAUg4VGkdjV7g,VANN 바나뚜레,s9z3bjYeo0s,페퍼로니 피자 만들기,2014-02-12T08:58:51Z,209.0,False,1037146,5698.0,716.0
5080,UCXxT09XuuafAUg4VGkdjV7g,VANN 바나뚜레,2zKGutVDk28,노 오븐 디저트 만들기!(컵케이크 믹스),2014-02-25T07:19:03Z,188.0,False,920335,4187.0,552.0
5080,UCXxT09XuuafAUg4VGkdjV7g,VANN 바나뚜레,zy2OJ1XMbjM,가루쿡 - 포핀쿠킨 초코네리,2014-02-28T08:08:21Z,200.0,False,432839,2584.0,329.0
5080,UCXxT09XuuafAUg4VGkdjV7g,VANN 바나뚜레,Fo5ilSM22No,쿠키런 쿠키 만들기,2014-03-07T12:10:17Z,287.0,False,678724,2628.0,505.0
5080,UCXxT09XuuafAUg4VGkdjV7g,VANN 바나뚜레,_u5FiC9X8kk,포핀쿠킨 나조나조네루네루,2014-03-13T13:44:57Z,168.0,False,292400,885.0,118.0
5080,UCXxT09XuuafAUg4VGkdjV7g,VANN 바나뚜레,CR2bEgKt78A,머랭쿠키 만들기,2014-03-27T16:07:31Z,123.0,False,869379,3913.0,882.0
5080,UCXxT09XuuafAUg4VGkdjV7g,VANN 바나뚜레,vaah58Qcsk0,초코 버터쿠키 만들기,2014-04-04T16:23:43Z,283.0,False,670088,3009.0,591.0
5080,UCXxT09XuuafAUg4VGkdjV7g,VANN 바나뚜레,HZ3_xm-rH5s,포핀쿠킨 구미쯔레타,2014-04-11T09:35:02Z,162.0,False,1666247,5871.0,911.0
5080,UCXxT09XuuafAUg4VGkdjV7g,VANN 바나뚜레,v6J9FJvV-YE,네리아메 사탕,2014-04-16T15:36:04Z,283.0,False,3555764,15712.0,3397.0
5080,UCXxT09XuuafAUg4VGkdjV7g,VANN 바나뚜레,pMDLBGs7Kj0,가루쿡 포핀쿠킨 - 아와아와 젤리,2014-04-25T15:23:44Z,139.0,False,195345,843.0,143.0
5080,UCXxT09XuuafAUg4VGkdjV7g,VANN 바나뚜레,EV1GbP5-X0A,커피믹스 아이스커피 만들기,2014-05-02T07:15:26Z,116.0,False,128870,719.0,111.0
5080,UCXxT09XuuafAUg4VGkdjV7g,VANN 바나뚜레,Hplgb5zqkqI,가루쿡 포핀쿠킨 - 짱구맥주,2014-05-02T16:14:34Z,114.0,False,317054,916.0,135.0
5080,UCXxT09XuuafAUg4VGkdjV7g,VANN 바나뚜레,E5wFv1z5mbU,스모어(S'more) 만들기,2014-05-09T12:51:24Z,136.0,False,493715,2525.0,358.0
5080,UCXxT09XuuafAUg4VGkdjV7g,VANN 바나뚜레,39HzSB4dIbk,베이글 수제버거 만들기 - Bagel burger,2014-05-21T11:22:39Z,197.0,False,516352,3030.0,380.0
5080,UCXxT09XuuafAUg4VGkdjV7g,VANN 바나뚜레,m4n3HBigAUs,몬테크리스토 샌드위치 만들기,2014-06-05T13:32:50Z,161.0,False,584291,3510.0,327.0
5080,UCXxT09XuuafAUg4VGkdjV7g,VANN 바나뚜레,apK0neJdrxc,빤켁 만들기,2014-06-26T20:07:05Z,175.0,False,407023,2135.0,270.0
5080,UCXxT09XuuafAUg4VGkdjV7g,VANN 바나뚜레,hjMF5ahk984,SOJU cocktail recipe : 소주 칵테일,2014-06-29T10:06:11Z,159.0,False,305036,2403.0,259.0
5080,UCXxT09XuuafAUg4VGkdjV7g,VANN 바나뚜레,cASRQ8xQOjs,가루쿡 포핀쿠킨 - 타코야끼,2014-07-12T14:30:38Z,228.0,False,860159,2520.0,374.0
5080,UCXxT09XuuafAUg4VGkdjV7g,VANN 바나뚜레,yQ1mvD5gnkU,떡볶이 만들기,2014-07-25T11:33:12Z,180.0,False,2307745,14990.0,1493.0
5080,UCXxT09XuuafAUg4VGkdjV7g,VANN 바나뚜레,Z-0_iDgqKmc,치즈 오븐 파스타 -  펜네,2014-08-23T11:42:26Z,172.0,False,584339,3444.0,356.0
5080,UCXxT09XuuafAUg4VGkdjV7g,VANN 바나뚜레,7fB3FZlPbxo,블루베리 머핀 만들기 -  Blueberry muffin,2014-10-16T11:03:55Z,273.0,False,370244,2364.0,276.0
5080,UCXxT09XuuafAUg4VGkdjV7g,VANN 바나뚜레,oat2N5Q3Z7k,핫초코 만들기 - Hot Chocolate,2014-10-24T14:20:46Z,244.0,False,790801,5366.0,752.0
5080,UCXxT09XuuafAUg4VGkdjV7g,VANN 바나뚜레,i6kZ6tAWYq4,가루쿡 포핀쿠킨 - 곤충구미 만들기,2014-11-01T09:18:18Z,494.0,False,128550,729.0,203.0
5080,UCXxT09XuuafAUg4VGkdjV7g,VANN 바나뚜레,lEs4VND4N30,군만두 - Fried Dumpling,2014-12-05T12:42:25Z,207.0,False,253624,1575.0,384.0
5080,UCXxT09XuuafAUg4VGkdjV7g,VANN 바나뚜레,WSt61Q0kW4c,딸기 마카롱 만들기 & 레시피 - Strawberry Macaron,2014-12-13T18:36:18Z,364.0,False,2426618,13517.0,2188.0
5080,UCXxT09XuuafAUg4VGkdjV7g,VANN 바나뚜레,AsIeQbrepT4,에그타르트 만들기 - Egg Tart,2014-12-30T06:47:11Z,350.0,False,1489114,9877.0,1047.0
5080,UCXxT09XuuafAUg4VGkdjV7g,VANN 바나뚜레,7cf8tytA_8E,쇼가야키 만들기,2015-01-18T03:29:12Z,265.0,False,352071,2595.0,295.0
5080,UCXxT09XuuafAUg4VGkdjV7g,VANN 바나뚜레,LaWTozXQOn8,베이컨에그 머핀 만들기 - baking bacon egg muffin,2015-02-06T11:23:57Z,254.0,False,350698,2905.0,354.0
5080,UCXxT09XuuafAUg4VGkdjV7g,VANN 바나뚜레,XhGsHQWDQh8,누텔라 쉐이크 - Nutella Milkshake recipe,2015-02-13T13:18:55Z,102.0,False,711386,4496.0,618.0
5080,UCXxT09XuuafAUg4VGkdjV7g,VANN 바나뚜레,piz3gv06BXE,갈릭 오일 파스타 - garlic oil pasta,2015-03-31T13:36:32Z,204.0,False,631206,3590.0,1262.0
5080,UCXxT09XuuafAUg4VGkdjV7g,VANN 바나뚜레,z7Ykpb8Njk8,안녕하세요 바나뚜레입니다,2016-11-29T17:54:46Z,31.0,True,412927,2605.0,1391.0
5080,UCXxT09XuuafAUg4VGkdjV7g,VANN 바나뚜레,8KMm-Lk3zw4,얼음 물 - Iced water,2025-10-04T18:38:28Z,29.0,True,40192,1482.0,560.0
5080,UCXxT09XuuafAUg4VGkdjV7g,VANN 바나뚜레,7U2tVEXFVwY,에스프레소와 우유 - Espresso and milk,2025-10-31T03:24:58Z,19.0,True,2396,46.0,6.0
5080,UCXxT09XuuafAUg4VGkdjV7g,VANN 바나뚜레,z_Jg082ovkA,얼음물 바이브💧- Icy Water Vibe💧,2025-11-08T14:40:29Z,18.0,True,3757,94.0,6.0
5080,UCXxT09XuuafAUg4VGkdjV7g,VANN 바나뚜레,D4JNOSf-y28,간단히 챙겨 먹은 일상 ㅣ 볶음밥 · 샌드위치 · 컵라면,2025-11-14T12:00:34Z,127.0,False,4903,203.0,62.0
5080,UCXxT09XuuafAUg4VGkdjV7g,VANN 바나뚜레,ek35sCqga1c,계란 볶음밥,2025-11-18T07:55:08Z,15.0,True,3649,56.0,3.0
5080,UCXxT09XuuafAUg4VGkdjV7g,VANN 바나뚜레,N3AhU9sX2bs,페퍼로니 피자의 소리,2025-11-21T15:41:33Z,15.0,True,6117,123.0,13.0
5080,UCXxT09XuuafAUg4VGkdjV7g,VANN 바나뚜레,fd-FtL4y9CY,손으로 내린 샷으로 라떼 만들기,2025-11-26T15:45:14Z,53.0,True,3195,98.0,37.0
5081,UC6cS-kci69AsI9_sTSqUgkQ,깨어있는대구시민들,3FC5aVeHn2o,윤석열 2차계엄 시도 증거 나왔다! 해제의결 뒤에도 2사단 출동지시!,2026-04-29T04:08:04Z,69.0,False,16913,1095.0,13.0
5081,UC6cS-kci69AsI9_sTSqUgkQ,깨어있는대구시민들,EsZn-oVlrl0,뒤늦은 후회. 박성재 20년 구형 급오열 순간,2026-04-29T04:42:59Z,38.0,True,7867,339.0,61.0
5081,UC6cS-kci69AsI9_sTSqUgkQ,깨어있는대구시민들,i_Fyn7j3tsk,대구지하철 방화시도! 출근중이던 공무원이 막아,2026-04-29T06:06:57Z,58.0,True,1608,172.0,33.0
5081,UC6cS-kci69AsI9_sTSqUgkQ,깨어있는대구시민들,2YbkJg56qcI,또 집권하실 거 아닙니까! 현직 국정원 직원 국민의힘에 직격!,2026-04-29T07:53:58Z,58.0,True,9708,463.0,20.0
5081,UC6cS-kci69AsI9_sTSqUgkQ,깨어있는대구시민들,-gwCyCH6QzE,윤석열 징역 7년 선고순간! 체포방해 혐의,2026-04-29T08:23:40Z,45.0,True,35035,1674.0,58.0
5081,UC6cS-kci69AsI9_sTSqUgkQ,깨어있는대구시민들,BzLb18FhQoo,방첩사 지난달에도 민간인 사찰했다?! 몰래 엿듣고 카톡으로 비화폰으로 보고 논란!,2026-04-30T01:57:32Z,60.0,True,4082,390.0,6.0
5081,UC6cS-kci69AsI9_sTSqUgkQ,깨어있는대구시민들,WtwOaUYQaCc,유인태가 말하는 김부겸! 염치를 알고 공동체의 문제를 아는 사람!,2026-04-30T03:43:37Z,46.0,True,10219,266.0,4.0
5081,UC6cS-kci69AsI9_sTSqUgkQ,깨어있는대구시민들,p3X4b2UCAq8,한정애 정책위 의장. 김부겸 대구시장 후보 전국이 주목하고 있다!,2026-04-30T12:03:15Z,60.0,True,7090,266.0,3.0
5081,UC6cS-kci69AsI9_sTSqUgkQ,깨어있는대구시민들,VFXCa5DKKt8,김병주 국회의원 대구시민 여러분. 이제 바꿔야 합니다! Feat. 김부겸,2026-04-30T13:17:34Z,19.0,True,13467,335.0,4.0
5081,UC6cS-kci69AsI9_sTSqUgkQ,깨어있는대구시민들,OWOGftVpeEo,김준혁 국회의원. 대구시민들을 많이 만났는데 놀라운 반응! feat. 김부겸,2026-04-30T15:04:03Z,43.0,True,11694,338.0,13.0
5081,UC6cS-kci69AsI9_sTSqUgkQ,깨어있는대구시민들,ToHJVyf11R8,국민의힘 주호영. 김부겸 지지?!,2026-04-30T15:47:18Z,55.0,True,23176,530.0,11.0
5081,UC6cS-kci69AsI9_sTSqUgkQ,깨어있는대구시민들,hD2AWM1jKX0,김부겸 대구시장 예비후보 대구시 대전환 시민선대위 발대식 현장 [ 26.4.30 14:30 ],2026-04-30T18:36:56Z,3487.0,False,2353,184.0,4.0
5081,UC6cS-kci69AsI9_sTSqUgkQ,깨어있는대구시민들,r2J2gHA1Oew,김부겸. 그동안 내 일 아니라고 대구가 무관심 했던 결과!,2026-05-01T08:47:46Z,80.0,False,18365,1315.0,13.0
5081,UC6cS-kci69AsI9_sTSqUgkQ,깨어있는대구시민들,rAhupr3wLQs,국민의힘만 찍었던 아지매 김부겸에게 설득당하다?,2026-05-01T12:02:27Z,110.0,False,46226,1495.0,81.0
5081,UC6cS-kci69AsI9_sTSqUgkQ,깨어있는대구시민들,5dpc3xSO2zY,"파란바람 5회 김상훈, 박정희 편",2026-05-02T11:16:37Z,7776.0,False,1420,145.0,1.0
5081,UC6cS-kci69AsI9_sTSqUgkQ,깨어있는대구시민들,eudfLa5gKUM,오중기 경북도지사 후보 선거사무소 개소식 현장 [ 26.5.2 15:30 ],2026-05-02T20:05:07Z,4733.0,False,5908,390.0,3.0
5081,UC6cS-kci69AsI9_sTSqUgkQ,깨어있는대구시민들,RspJ2354BaI,오중기가 간다! 포항 죽도시장 방문 현장! [ 26.5.2 17:00 ],2026-05-02T21:24:01Z,2978.0,False,6692,339.0,8.0
5081,UC6cS-kci69AsI9_sTSqUgkQ,깨어있는대구시민들,R02SRMc7cAw,더불어민주당 대구 지방선거 필승 전진대회 [ 26.5.3 14:00 ],2026-05-03T06:29:13Z,7239.0,False,11251,364.0,1.0
5081,UC6cS-kci69AsI9_sTSqUgkQ,깨어있는대구시민들,TNO5EQs9_2g,대구 경북 정치 시사 토크쇼! 와그라노 13회 [ 임성무 대구시 교육감 후보 ],2026-05-03T12:36:19Z,8884.0,False,2944,292.0,0.0
5081,UC6cS-kci69AsI9_sTSqUgkQ,깨어있는대구시민들,yZICZ2JYYE0,김부겸 북한 돈 받았다? 가짜뉴스인 증거 대공개!,2026-05-04T03:11:27Z,728.0,False,2261,128.0,13.0
5081,UC6cS-kci69AsI9_sTSqUgkQ,깨어있는대구시민들,SbZyczx_1Nk,대구 살릴라 카믄 요번에 바까야 됩니데이! 김부겸 대구시장후보,2026-05-04T04:19:32Z,22.0,True,10282,476.0,6.0
5081,UC6cS-kci69AsI9_sTSqUgkQ,깨어있는대구시민들,ei2JYayCKZE,노무현 대통령한테 꿀밤 많이 맞았다. 김부겸 대구시장 후보,2026-05-04T07:02:42Z,60.0,True,9238,459.0,3.0
5081,UC6cS-kci69AsI9_sTSqUgkQ,깨어있는대구시민들,OzoJv9vdPxs,우리가 남이가로 이 모양됐다! 대구도 좀 살자! 김부겸 대구시장 후보,2026-05-04T08:43:32Z,47.0,True,14239,990.0,19.0
5081,UC6cS-kci69AsI9_sTSqUgkQ,깨어있는대구시민들,6t5fKOzZ6Bw,대구의 미래를 위해서 우리를 써주십시오! 김부겸 대구시장후보,2026-05-04T13:26:42Z,65.0,False,7639,757.0,17.0
5081,UC6cS-kci69AsI9_sTSqUgkQ,깨어있는대구시민들,f8cxzZ6dlAM,파란잠바 입었는데 빨갱이? 이상한 사람들이라! 김부겸 대구시장 후보,2026-05-04T23:35:34Z,48.0,True,22156,1901.0,33.0
5081,UC6cS-kci69AsI9_sTSqUgkQ,깨어있는대구시민들,tTbZ2i0A6tY,대구에서 지금까지 경험못한 효능감을 느끼게 하겠다! 김부겸 대구시장 후보,2026-05-05T00:24:34Z,51.0,True,2829,90.0,0.0
5081,UC6cS-kci69AsI9_sTSqUgkQ,깨어있는대구시민들,LqFkAXlT3-0,내가 경북에 끝까지 도전하는 이유! 오중기 경북도지사 후보,2026-05-05T02:56:45Z,57.0,True,20630,2840.0,82.0
5081,UC6cS-kci69AsI9_sTSqUgkQ,깨어있는대구시민들,6vG4z2AXgQE,오중기가 오랫동안 지켜본 경북 사람들은,2026-05-05T10:11:58Z,49.0,True,11770,1576.0,40.0
5081,UC6cS-kci69AsI9_sTSqUgkQ,깨어있는대구시민들,4HVZib2tlGk,우리경북이 어쩌다 이래 됐습니까! 오중기 경북도지사 후보,2026-05-05T11:55:36Z,65.0,False,8260,1082.0,21.0
5081,UC6cS-kci69AsI9_sTSqUgkQ,깨어있는대구시민들,8Px6p6rrvxY,경북의 봄을 돌려 드리겠습니다! 오중기 경북도지사 후보,2026-05-06T02:31:17Z,49.0,True,11743,1319.0,44.0
5081,UC6cS-kci69AsI9_sTSqUgkQ,깨어있는대구시민들,hMcb6WEfP4U,국민의힘 책임당원 347명 탈당! 김부겸 지지선언!,2026-05-07T02:57:48Z,60.0,True,35734,3632.0,106.0
5081,UC6cS-kci69AsI9_sTSqUgkQ,깨어있는대구시민들,lTFd33aa-ik,극우단체 대표가 저를 고소했습니다,2026-05-08T04:28:36Z,637.0,False,1537,416.0,44.0
5081,UC6cS-kci69AsI9_sTSqUgkQ,깨어있는대구시민들,44ah6BWAxD0,김부겸 대구시장 후보 서문시장에서 동성로 까지 방문 현장 [ 26.5.9 14:00 ],2026-05-09T09:47:37Z,16113.0,False,13608,643.0,4.0
5081,UC6cS-kci69AsI9_sTSqUgkQ,깨어있는대구시민들,WHsH14P8E_8,"파란바람 6회 [ 대구 중구 시의원 후보 석혜영, 경북 포항시 비례대표 후보 이솔, 경북 상주시 비례대표 후보 이은주 ]",2026-05-09T11:07:59Z,7223.0,False,1125,168.0,0.0
5081,UC6cS-kci69AsI9_sTSqUgkQ,깨어있는대구시민들,j12W7_f35ik,국민의힘 1325명 또 탈당! 김부겸 지지선언!,2026-05-10T09:12:55Z,59.0,True,36331,1594.0,63.0
5081,UC6cS-kci69AsI9_sTSqUgkQ,깨어있는대구시민들,QLnC6FrK0BE,대구 경북 정치 시사 토크쇼! 와그라노 14회 [ 박형룡 대구 달성군 국회의원 후보 ],2026-05-10T12:42:36Z,9085.0,False,4493,327.0,1.0
5081,UC6cS-kci69AsI9_sTSqUgkQ,깨어있는대구시민들,kJqXY93bCXk,대구 임성무 교육감 후보 선거사무소 개소식 현장 [ 26.5.10 오후3시 반월당역 ],2026-05-10T19:57:48Z,7002.0,False,2482,174.0,1.0
5081,UC6cS-kci69AsI9_sTSqUgkQ,깨어있는대구시민들,R2YCIasb3s8,국민의힘 또 1325탈당 김부겸 지지선언! 후보가 이들에게 다짐하는 말!,2026-05-11T01:41:38Z,59.0,True,36160,2001.0,37.0
5081,UC6cS-kci69AsI9_sTSqUgkQ,깨어있는대구시민들,zugihjhelBE,김용남 후보 지지 단톡방에서 무슨일이?!,2026-05-11T07:19:16Z,1700.0,False,11555,1569.0,177.0
5081,UC6cS-kci69AsI9_sTSqUgkQ,깨어있는대구시민들,4TrZldykMSs,김부겸과 함께 대구문화예술시대 출범식 현장 [ 26.5.11. 17:30 아트팩토리 청춘 ],2026-05-11T21:59:54Z,4482.0,False,898,136.0,0.0
5081,UC6cS-kci69AsI9_sTSqUgkQ,깨어있는대구시민들,S5myROhCqCU,[ 긴급라이브 ] 김용남 후보 지지단톡방의 충격적인 만행!,2026-05-12T17:47:26Z,5512.0,False,4282,627.0,45.0
5081,UC6cS-kci69AsI9_sTSqUgkQ,깨어있는대구시민들,u6MX6b4AOlQ,극우단체 피고소 경찰서 2차 조사 마치고 나온 후,2026-05-13T19:24:02Z,1524.0,False,1077,359.0,17.0
5081,UC6cS-kci69AsI9_sTSqUgkQ,깨어있는대구시민들,obOFO5ndUfk,대구를 살리기 위해서 영혼을 갈아넣겠다! 김부겸 대구시장 후보,2026-05-14T10:11:00Z,60.0,True,12757,595.0,15.0
5081,UC6cS-kci69AsI9_sTSqUgkQ,깨어있는대구시민들,p-jsxOsT7vE,김부겸이 만난 대구시민 대다수가 대구 살려주이소!,2026-05-15T03:37:56Z,56.0,True,4690,399.0,3.0
5081,UC6cS-kci69AsI9_sTSqUgkQ,깨어있는대구시민들,uaN6sJBxJqM,김부겸 우린 정치 효능감 보여줄 배짱이 있다! 대구를 디비자!,2026-05-15T05:06:03Z,59.0,True,7366,972.0,11.0
5081,UC6cS-kci69AsI9_sTSqUgkQ,깨어있는대구시민들,F20WGBXXmWo,"파란바람 7회 [ 경북 안동시 광역 후보 손진걸, 경북 고령군수 후보 정석원 ]",2026-05-16T11:10:30Z,7345.0,False,1131,139.0,1.0
5081,UC6cS-kci69AsI9_sTSqUgkQ,깨어있는대구시민들,P7V9sSSYato,"대구 경북 정치 시사 토크쇼! 와그라노 15회 [ 나영민 경북 김천시장 후보, 황태성 김천시 지역위원장 ]",2026-05-16T13:11:51Z,,False,0,4.0,0.0
5081,UC6cS-kci69AsI9_sTSqUgkQ,깨어있는대구시민들,i0mj6U8xGGk,김부겸이 간다! 대구 관문시장 방문 현장! [ 26.5.16 15.30 ],2026-05-16T19:39:16Z,3464.0,False,3018,191.0,3.0
5081,UC6cS-kci69AsI9_sTSqUgkQ,깨어있는대구시민들,PEk_QYJxEWc,석혜영이 간다! 대구 교동 밤거리 현장! [ 26.5.16 20:00 ],2026-05-16T23:44:11Z,3627.0,False,5928,244.0,6.0
5081,UC6cS-kci69AsI9_sTSqUgkQ,깨어있는대구시민들,4Oukdzh9iYA,김부겸이 간다! 대구 서남시장 방문 현장! [ 26.5.16 15.30 ],2026-05-17T06:01:40Z,,False,206,90.0,0.0
5082,UCneLfntq1mtjabtTgrBOZrQ,몬카트TV,b7LQCsabhFQ,[몬카트] 미리보기 50주차,2018-08-03T09:40:39Z,141.0,False,192081,689.0,0.0
5082,UCneLfntq1mtjabtTgrBOZrQ,몬카트TV,7tipoudkHt0,[몬카트] EP 40 : 개막! 포스카 그랑프리,2018-08-09T06:00:01Z,714.0,False,586425,2470.0,0.0
5082,UCneLfntq1mtjabtTgrBOZrQ,몬카트TV,QDQZywE30fI,"[몬카트] 최종화 예고 ""기사의 이름으로!"" │아포리온 vs 드라카",2018-08-10T09:00:03Z,141.0,False,85324,375.0,0.0
5082,UCneLfntq1mtjabtTgrBOZrQ,몬카트TV,p3IWHQZiZLM,[몬카트] EP 41 : 공명하는 마음,2018-08-16T06:00:03Z,693.0,False,414174,1863.0,0.0
5082,UCneLfntq1mtjabtTgrBOZrQ,몬카트TV,ye1SAHybDHQ,[몬카트] EP 42 : 격돌! 불꽃 대 불꽃,2018-08-23T06:00:04Z,714.0,False,781560,3274.0,0.0
5082,UCneLfntq1mtjabtTgrBOZrQ,몬카트TV,hXgqWRaOBLg,[몬카트] EP 43 : 루이의 위기,2018-08-30T06:00:04Z,715.0,False,646100,2866.0,0.0
5082,UCneLfntq1mtjabtTgrBOZrQ,몬카트TV,OuWho_htbnY,[몬카트] EP 44 : 기사의 긍지,2018-09-05T08:00:00Z,715.0,False,777042,3982.0,0.0
5082,UCneLfntq1mtjabtTgrBOZrQ,몬카트TV,oqjcW1fQd7s,[몬카트] 27~28화 연속보기｜바람의 마을 / 바람의 날개를 가진 자,2018-09-06T08:00:07Z,1385.0,False,21465,113.0,0.0
5082,UCneLfntq1mtjabtTgrBOZrQ,몬카트TV,O6F_x4AAgWk,"[몬카트] EP 45 : 잠입, 포스카 성",2018-09-12T08:00:04Z,709.0,False,317955,1676.0,0.0
5082,UCneLfntq1mtjabtTgrBOZrQ,몬카트TV,Q5ivKcclS4k,[몬카트] 29~30화 연속보기｜특훈! 바람 읽기 / 형제의 대결,2018-09-13T08:00:04Z,1406.0,False,25930,136.0,0.0
5082,UCneLfntq1mtjabtTgrBOZrQ,몬카트TV,cFLIGH8G19Y,[몬카트] 하이라이트 영상 1편,2018-09-18T06:00:04Z,537.0,False,254972,1371.0,0.0
5082,UCneLfntq1mtjabtTgrBOZrQ,몬카트TV,Wp7vUIHbGks,"[몬카트] EP 46 : 페텔과 미하엘, 승부를 가려라!",2018-09-19T08:00:02Z,718.0,False,425295,2087.0,0.0
5082,UCneLfntq1mtjabtTgrBOZrQ,몬카트TV,kzx40rAW4t4,[몬카트] 31~32화 연속보기｜암흑의 소녀 / 버렛의 마음,2018-09-20T08:00:03Z,1398.0,False,16486,95.0,0.0
5082,UCneLfntq1mtjabtTgrBOZrQ,몬카트TV,yDNE8cxeKMk,[몬카트] 하이라이트 영상 2편,2018-09-25T00:00:01Z,553.0,False,18077,74.0,0.0
5082,UCneLfntq1mtjabtTgrBOZrQ,몬카트TV,zndmDLfDDvY,[몬카트] EP 47 : 포스카 그랑프리를 향하여,2018-09-26T02:00:04Z,719.0,False,288583,1561.0,0.0
5082,UCneLfntq1mtjabtTgrBOZrQ,몬카트TV,aZn1T8ULTvA,[몬카트] 33~34화 연속보기｜등장! 에볼루션 제트 / 진실의 씨앗,2018-09-27T08:00:01Z,1399.0,False,6806371,22092.0,0.0
5082,UCneLfntq1mtjabtTgrBOZrQ,몬카트TV,UU7Uv1B8b_Q,[몬카트] 하이라이트 영상 3편,2018-10-02T06:00:00Z,553.0,False,19512,92.0,0.0
5082,UCneLfntq1mtjabtTgrBOZrQ,몬카트TV,tXc5fz1MkXU,[몬카트] EP 48 : 결승! 진과 페텔의 대결,2018-10-03T00:00:03Z,720.0,False,1326717,5853.0,0.0
5082,UCneLfntq1mtjabtTgrBOZrQ,몬카트TV,quDBknrtPfw,[몬카트] 35~36화 연속보기｜폭주의 끝 / 대나무 숲의 소년,2018-10-04T08:00:03Z,1394.0,False,310385,528.0,0.0
5082,UCneLfntq1mtjabtTgrBOZrQ,몬카트TV,97VdbZ6b_p0,[몬카트] 하이라이트 영상 4편,2018-10-09T00:00:00Z,556.0,False,17781,75.0,0.0
5082,UCneLfntq1mtjabtTgrBOZrQ,몬카트TV,fJs2G0bruGI,[몬카트] EP 49 : 위기일발! 기사결정전,2018-10-10T08:00:07Z,714.0,False,393983,2032.0,0.0
5082,UCneLfntq1mtjabtTgrBOZrQ,몬카트TV,lboL_Rar7kw,"[몬카트] 37~38화 연속보기｜특훈, 또 특훈 / 에볼루션 제트, 드라버스트!",2018-10-11T08:00:05Z,1402.0,False,39927,215.0,0.0
5082,UCneLfntq1mtjabtTgrBOZrQ,몬카트TV,epLERd0s1Ns,[몬카트] 하이라이트 영상 5편,2018-10-16T06:00:02Z,541.0,False,14928,66.0,0.0
5082,UCneLfntq1mtjabtTgrBOZrQ,몬카트TV,s8QzODZPWW0,[몬카트] EP 50 : 복수의 힘으로,2018-10-17T08:00:06Z,721.0,False,682064,3493.0,0.0
5082,UCneLfntq1mtjabtTgrBOZrQ,몬카트TV,gXZm8TyVuzo,[몬카트] 39~40화 연속보기｜포스카 성으로 / 개막! 포스카 그랑프리,2018-10-18T08:00:03Z,1393.0,False,209161,660.0,0.0
5082,UCneLfntq1mtjabtTgrBOZrQ,몬카트TV,VuASqlb9z5k,[몬카트] 하이라이트 영상 6편,2018-10-23T06:00:01Z,546.0,False,37156,152.0,0.0
5082,UCneLfntq1mtjabtTgrBOZrQ,몬카트TV,3SrwPbZlG8w,[몬카트] EP 51 : 파멸의 아포리온,2018-10-24T08:00:00Z,720.0,False,3500068,12982.0,0.0
5082,UCneLfntq1mtjabtTgrBOZrQ,몬카트TV,HtZrSdhT5Hk,[몬카트] 41~42화 연속보기｜공명하는 마음 / 격돌! 불꽃 대 불꽃,2018-10-25T08:00:01Z,1386.0,False,50914,265.0,0.0
5082,UCneLfntq1mtjabtTgrBOZrQ,몬카트TV,TofTS8mDqmw,[몬카트] 하이라이트 영상 7편,2018-10-30T06:00:03Z,550.0,False,16870,107.0,0.0
5082,UCneLfntq1mtjabtTgrBOZrQ,몬카트TV,BPn-6jiA_Rg,[몬카트] EP 52 : 기사의 이름으로,2018-10-31T08:00:00Z,719.0,False,2233292,11619.0,0.0
5082,UCneLfntq1mtjabtTgrBOZrQ,몬카트TV,QeIl0REBsAQ,[몬카트] 43~44화 연속보기｜루이의 위기 / 기사의 긍지,2018-11-01T08:00:03Z,1408.0,False,38159,186.0,0.0
5082,UCneLfntq1mtjabtTgrBOZrQ,몬카트TV,TGuSDpEu-Ts,[몬카트] 하이라이트 영상 8편,2018-11-07T06:00:02Z,555.0,False,23037,104.0,0.0
5082,UCneLfntq1mtjabtTgrBOZrQ,몬카트TV,RsnbDb2nO44,"[몬카트] 45~46화 연속보기｜잠입, 포스카 성 / 페텔과 미하엘, 승부를 가려라!",2018-11-07T08:00:03Z,1407.0,False,102853,535.0,0.0
5082,UCneLfntq1mtjabtTgrBOZrQ,몬카트TV,9rxf-ijIvn8,[몬카트] 하이라이트 영상 9편,2018-11-14T06:00:00Z,544.0,False,25459,136.0,0.0
5082,UCneLfntq1mtjabtTgrBOZrQ,몬카트TV,ifTyZVAQHfg,[몬카트] 47~48화 연속보기｜포스카 그랑프리를 향하여 / 결승! 진과 페텔의 대결,2018-11-14T08:00:04Z,1418.0,False,41158,260.0,0.0
5082,UCneLfntq1mtjabtTgrBOZrQ,몬카트TV,HhgG8-7-Y8c,[몬카트] 하이라이트 영상 10편,2018-11-21T04:00:02Z,751.0,False,47942,310.0,0.0
5082,UCneLfntq1mtjabtTgrBOZrQ,몬카트TV,kFVXP38_WNY,[몬카트] 49~50화 연속보기｜위기일발! 기사결정전 / 복수의 힘으로,2018-11-21T06:00:05Z,1413.0,False,377487,1677.0,0.0
5082,UCneLfntq1mtjabtTgrBOZrQ,몬카트TV,RaV0eOryfG0,[몬카트] 본편 1~4화 연속보기,2018-12-12T06:00:02Z,2703.0,False,224793,1346.0,0.0
5082,UCneLfntq1mtjabtTgrBOZrQ,몬카트TV,zOP2Le32TNQ,[몬카트] 본편 5~8화 연속보기,2018-12-19T06:00:06Z,2704.0,False,122282,600.0,0.0
5082,UCneLfntq1mtjabtTgrBOZrQ,몬카트TV,k1Eiifx2xqY,[몬카트] 본편 9~12화 연속보기,2018-12-26T02:00:02Z,2716.0,False,64744,356.0,0.0
5082,UCneLfntq1mtjabtTgrBOZrQ,몬카트TV,wPdgk1ay0z8,[몬카트] 본편 13~16화 연속보기,2019-01-02T02:00:02Z,2736.0,False,199017,854.0,0.0
5082,UCneLfntq1mtjabtTgrBOZrQ,몬카트TV,2QF3zuf97hc,[몬카트] 본편 17~20화 연속보기,2019-01-09T02:00:01Z,2747.0,False,143295,841.0,0.0
5082,UCneLfntq1mtjabtTgrBOZrQ,몬카트TV,SKWnXSV608A,[몬카트] 본편 21~24화 연속보기,2019-01-16T02:00:00Z,2761.0,False,84026,557.0,0.0
5082,UCneLfntq1mtjabtTgrBOZrQ,몬카트TV,a-huO_cN9lA,[몬카트] 본편 25~28화 연속보기,2019-01-23T00:00:01Z,2756.0,False,758137,3712.0,0.0
5082,UCneLfntq1mtjabtTgrBOZrQ,몬카트TV,pIUr0UGzsxg,[몬카트] 본편 29~32화 연속보기,2019-01-30T03:15:01Z,2783.0,False,143485,798.0,0.0
5082,UCneLfntq1mtjabtTgrBOZrQ,몬카트TV,elg-JeGpZPE,[몬카트] 본편 33~36화 연속보기,2019-02-06T02:00:04Z,2772.0,False,348613,1933.0,0.0
5082,UCneLfntq1mtjabtTgrBOZrQ,몬카트TV,HHJbZgKIFRY,[몬카트] 본편 37~40화 연속보기,2019-02-13T02:00:01Z,2774.0,False,1074668,5310.0,0.0
5082,UCneLfntq1mtjabtTgrBOZrQ,몬카트TV,RyzL0AGVSXY,[몬카트] 본편 41~44 연속보기,2019-02-20T02:00:02Z,2773.0,False,357792,2192.0,0.0
5082,UCneLfntq1mtjabtTgrBOZrQ,몬카트TV,3AUQaAD871c,[몬카트] 본편 45~48 연속보기,2019-02-27T02:00:00Z,2804.0,False,2336765,11094.0,0.0
5082,UCneLfntq1mtjabtTgrBOZrQ,몬카트TV,e3FQuLJBorM,[몬카트] 본편 49~52 연속보기,2019-03-13T08:00:02Z,2810.0,False,8540885,50263.0,0.0
5083,UCC7bElwd29qpkgLo0j3l3Qw,본심,i9tHOL9sxz8,"삼국지의 적벽대전, 어디까지 사실일까?",2025-08-13T03:00:45Z,61.0,False,6139,26.0,3.0
5083,UCC7bElwd29qpkgLo0j3l3Qw,본심,NPpSkObiLr8,석촌동은 왜 석촌동일까?,2025-08-15T03:00:33Z,47.0,True,2155,3.0,0.0
5083,UCC7bElwd29qpkgLo0j3l3Qw,본심,IUowT34d83U,"이봉창과 윤봉길에게 숨은 조력자가 있었다는 사실, 아시나요?",2025-08-18T03:00:18Z,60.0,True,4248,40.0,0.0
5083,UCC7bElwd29qpkgLo0j3l3Qw,본심,2Q9XjH0-EgI,일본을 공포에 떨게 했던 김원봉에게 아내가 있었다?,2025-08-20T03:00:04Z,55.0,True,10198,103.0,12.0
5083,UCC7bElwd29qpkgLo0j3l3Qw,본심,-DQWtkmKUS8,서울에서 가장 큰 백제 왕의 무덤,2025-08-22T03:00:00Z,61.0,False,2345,18.0,0.0
5083,UCC7bElwd29qpkgLo0j3l3Qw,본심,c0Nb9O84lnw,신화 속 전설의 무기 '궁니르'를 아시나요?,2025-08-25T03:00:41Z,47.0,True,3427,18.0,0.0
5083,UCC7bElwd29qpkgLo0j3l3Qw,본심,8PXe1Ye-5Vw,전세계 신화 속 최고신들이 같은 무기를 썼다고?,2025-08-27T03:00:08Z,46.0,True,6030,38.0,9.0
5083,UCC7bElwd29qpkgLo0j3l3Qw,본심,kv97XqjVv3A,신화 속 전설의 무기 ‘롱기누스의 창’ 아시나요?,2025-08-29T03:00:50Z,59.0,True,6276,34.0,1.0
5083,UCC7bElwd29qpkgLo0j3l3Qw,본심,8SxHtT6CJDg,토르가 사용했던 묠니르는 손잡이가 왜 짧을까?,2025-09-01T03:00:06Z,56.0,True,2581,8.0,1.0
5083,UCC7bElwd29qpkgLo0j3l3Qw,본심,Gk8rOZreSn8,아서왕의 엑스칼리버는 호수의 여인이 줬다?,2025-09-03T03:00:17Z,59.0,True,2183,12.0,0.0
5083,UCC7bElwd29qpkgLo0j3l3Qw,본심,9O4_uuvWIvA,소서노가 온조와 함께 처음 정착한 곳,2025-09-05T03:00:16Z,61.0,False,502,5.0,0.0
5083,UCC7bElwd29qpkgLo0j3l3Qw,본심,2U5Ia-xOiv0,소크라테스는 이런 말을 하지 않았다? ‘악법도 법이다’,2025-09-08T03:00:04Z,61.0,False,2480,18.0,0.0
5083,UCC7bElwd29qpkgLo0j3l3Qw,본심,rhyfzV4_6oU,역사 속 거물들이 말한 잘못 알려진 대사들,2025-09-10T03:01:05Z,59.0,True,352,4.0,0.0
5083,UCC7bElwd29qpkgLo0j3l3Qw,본심,gy0-QPXGcS8,백제의 첫 수도 한성의 정확한 위치는 어디일까?,2025-09-12T03:00:51Z,38.0,True,4422,14.0,0.0
5083,UCC7bElwd29qpkgLo0j3l3Qw,본심,lTae_EwXqMk,일제가 만든 식민사관 중 ‘타율성론’ 들어보셨나요?,2025-09-15T03:00:56Z,49.0,True,2057,15.0,1.0
5083,UCC7bElwd29qpkgLo0j3l3Qw,본심,hzrQz2DCKeE,일제가 만든 식민사관 중 ‘당파성론’ 들어보셨나요?,2025-09-17T03:01:00Z,60.0,True,2061,27.0,5.0
5083,UCC7bElwd29qpkgLo0j3l3Qw,본심,cXKx7mWx9gY,백제인들이 쌓은 축성 기술 수준,2025-09-19T03:00:46Z,53.0,True,1692,13.0,0.0
5083,UCC7bElwd29qpkgLo0j3l3Qw,본심,BOX7xxkISvQ,"서울의 충무로, 을지로의 유래를 아시나요?",2025-09-22T03:00:13Z,50.0,True,2639,17.0,0.0
5083,UCC7bElwd29qpkgLo0j3l3Qw,본심,7YwSVhQRUjA,일제가 만든 식민사관 중 ‘정체성론’ 들어보셨나요?,2025-09-24T03:00:10Z,60.0,True,2477,29.0,0.0
5083,UCC7bElwd29qpkgLo0j3l3Qw,본심,2TzbDAU9pWs,백제인들이 살았던 한성 백제의 모습,2025-09-26T03:00:08Z,61.0,False,1768,14.0,1.0
5083,UCC7bElwd29qpkgLo0j3l3Qw,본심,tBY8lzt3fgQ,유리와 소서노의 관계는?,2025-09-29T03:01:06Z,45.0,True,921,13.0,1.0
5083,UCC7bElwd29qpkgLo0j3l3Qw,본심,kdO7bxx6YFQ,중국과 몽골에 고구려의 후예들이 있다?,2025-10-01T03:00:51Z,61.0,False,20256,211.0,22.0
5083,UCC7bElwd29qpkgLo0j3l3Qw,본심,44uXNLAp3h8,한성백제의 백제인들은 어떻게 살았을까?,2025-10-03T03:00:05Z,59.0,True,1714,4.0,0.0
5083,UCC7bElwd29qpkgLo0j3l3Qw,본심,KdGei0cjYv0,"삼국지에 나오는 기병대, 호표기? 함진영?",2025-10-06T03:00:21Z,59.0,True,3984,8.0,0.0
5083,UCC7bElwd29qpkgLo0j3l3Qw,본심,keQuMFlIRyM,서양사 속 유명 기병대 Part 1,2025-10-08T03:00:50Z,60.0,True,2500,16.0,0.0
5083,UCC7bElwd29qpkgLo0j3l3Qw,본심,iP24nBEQFaY,3.15 부정선거는 어떻게 치러졌을까?,2025-10-10T03:00:50Z,53.0,True,4856,32.0,11.0
5083,UCC7bElwd29qpkgLo0j3l3Qw,본심,v8ZIs5m25os,서양사 속 유명 기병대 ‘윙드 후사르’를 아시나요?,2025-10-13T03:01:06Z,45.0,True,3721,24.0,0.0
5083,UCC7bElwd29qpkgLo0j3l3Qw,본심,scJ7gelUsL8,서양사 속 유명 기병대 ‘블랙라이더’를 아시나요?,2025-10-15T03:01:16Z,37.0,True,4558,17.0,0.0
5083,UCC7bElwd29qpkgLo0j3l3Qw,본심,TQoIO5XYKYI,서양사 속 유명 기병대 ‘실라흐타르’를 아시나요?,2025-10-17T03:00:36Z,49.0,True,1505,8.0,0.0
5083,UCC7bElwd29qpkgLo0j3l3Qw,본심,-Cq0e1Y2df4,서양사 속 유명 기병대 ‘누미디아’를 아시나요?,2025-10-20T03:00:01Z,45.0,True,2368,22.0,0.0
5083,UCC7bElwd29qpkgLo0j3l3Qw,본심,BmdMU8dNo94,3.15 부정선거는 이승만을 위한 게 아니었다?!,2025-10-24T03:00:27Z,37.0,True,2802,27.0,5.0
5083,UCC7bElwd29qpkgLo0j3l3Qw,본심,_SuQCiRmjgA,우리나라 삼국시대를 대표하는 무기들은?,2025-10-27T03:00:46Z,61.0,False,14843,76.0,6.0
5083,UCC7bElwd29qpkgLo0j3l3Qw,본심,6yWL26RyF5w,조선시대 무과 시험에서 1등한 사람의 보직은?,2025-10-29T03:00:17Z,57.0,True,15161,142.0,9.0
5083,UCC7bElwd29qpkgLo0j3l3Qw,본심,KNUlxLQNHTA,4.19 혁명의 직접적인 계기가 되었던 김주열 학생 사건,2025-10-31T03:00:23Z,51.0,True,2831,35.0,0.0
5083,UCC7bElwd29qpkgLo0j3l3Qw,본심,PyMeBsCJRpI,한국사 최초로 조총을 다룬 부대는?,2025-11-03T03:00:35Z,61.0,False,10782,78.0,6.0
5083,UCC7bElwd29qpkgLo0j3l3Qw,본심,KLTrJ0Gazvw,‘어영부영’의 유래를 알고 계시나요?,2025-11-05T03:00:31Z,59.0,True,6706,66.0,6.0
5083,UCC7bElwd29qpkgLo0j3l3Qw,본심,k-74D0jMVEw,4.19혁명 전날 일어난 4.18 고려대 학생 시위,2025-11-07T03:00:54Z,57.0,True,5596,82.0,9.0
5083,UCC7bElwd29qpkgLo0j3l3Qw,본심,VDIK4bCe44w,조선 후기 직업군인으로 구성된 또 하나의 부대는?,2025-11-10T03:00:29Z,57.0,True,5095,20.0,1.0
5083,UCC7bElwd29qpkgLo0j3l3Qw,본심,qRAjr8ybciE,조선 후기 오군영 중 가장 빨리 없어진 부대는?,2025-11-12T03:00:58Z,56.0,True,4440,29.0,0.0
5083,UCC7bElwd29qpkgLo0j3l3Qw,본심,g2wYaTQvGn0,4.19혁명 순국선열을 기리는 4.19 국립민주묘지,2025-11-14T03:00:56Z,60.0,True,1590,29.0,3.0
5083,UCC7bElwd29qpkgLo0j3l3Qw,본심,H-RCmcaW46A,한국의 역사 속 민망한 이름을 가진 인물들,2025-11-17T03:00:31Z,59.0,True,10640,87.0,5.0
5083,UCC7bElwd29qpkgLo0j3l3Qw,본심,50lb1P8NXgI,고조선의 건국집단은 어떤 세력이었을까?,2025-11-19T03:00:07Z,60.0,True,7970,107.0,7.0
5083,UCC7bElwd29qpkgLo0j3l3Qw,본심,Ktfn2ZOouFQ,4.19혁명 순국선열들이 묻힌 4.19 국립민주묘지,2025-11-21T03:00:32Z,60.0,True,2367,17.0,0.0
5083,UCC7bElwd29qpkgLo0j3l3Qw,본심,egcGng9ecmI,고종의 비밀 첩보 조직 ‘제국익문사’를 아시나요?,2025-11-24T03:01:01Z,60.0,True,2935,32.0,1.0
5083,UCC7bElwd29qpkgLo0j3l3Qw,본심,3AetJBtfIMw,고조선은 정말 BC2333년에 건국되었을까?,2025-11-26T03:00:07Z,55.0,True,3210,9.0,0.0
5083,UCC7bElwd29qpkgLo0j3l3Qw,본심,I9nyoGVh0x8,웅녀는 어떻게 환웅과 결혼할 수 있었나?,2025-11-28T03:00:21Z,47.0,True,727,5.0,0.0
5083,UCC7bElwd29qpkgLo0j3l3Qw,본심,5pcsbjX7GK0,"고조선의 단군신화, 역사로 해석하기",2025-12-01T03:00:12Z,59.0,True,495,3.0,2.0
5083,UCC7bElwd29qpkgLo0j3l3Qw,본심,AZ9gj8sdQSE,고조선의 나라이름은 원래 '밝새'다?!,2025-12-03T03:00:11Z,60.0,True,9307,48.0,10.0
5083,UCC7bElwd29qpkgLo0j3l3Qw,본심,0D1R80r0JA0,역대 대통령들 사이에 일종의 법칙이 있다?,2025-12-05T03:00:00Z,38.0,True,8177,27.0,33.0
5083,UCC7bElwd29qpkgLo0j3l3Qw,본심,W0Ks5ZWx7ek,횡단보도에서 빨간불로 바뀌었는데도 천천히 건너는 사람,2026-05-12T11:00:54Z,109.0,False,255,9.0,1.0
5084,UCCt6iN6nJemSe_OHRihYBAQ,매부리TV,vanXgrBs-ho,전세 앞으로 더 오릅니다,2026-04-03T09:30:27Z,1210.0,False,28599,690.0,149.0
5084,UCCt6iN6nJemSe_OHRihYBAQ,매부리TV,q97grb4Vpm4,라클라체 자이 드파인 분양 정보,2026-04-05T09:01:00Z,12.0,True,2601,5.0,0.0
5084,UCCt6iN6nJemSe_OHRihYBAQ,매부리TV,IsOrXSaK5W0,대출규제의 최대 수혜지 | n억집,2026-04-06T09:30:08Z,1144.0,False,20555,289.0,41.0
5084,UCCt6iN6nJemSe_OHRihYBAQ,매부리TV,A-OU-x70LIk,"아파트 경매, 이렇게만 따라하세요 | 떠먹여주는 경매 1편",2026-04-07T09:30:05Z,1118.0,False,2816,89.0,11.0
5084,UCCt6iN6nJemSe_OHRihYBAQ,매부리TV,FwuMGd-hyMw,동작구인데 서반포라고? 30억 태울 가치 있는지 직접 가봤습니다 | 분양나우(牛),2026-04-08T09:30:14Z,618.0,False,5822,84.0,46.0
5084,UCCt6iN6nJemSe_OHRihYBAQ,매부리TV,95HV2089Ozo,성동구도 다시 상승세? 5월 9일 앞두고 시장이 심상치 않다🤔 | 부리핑,2026-04-09T22:00:09Z,886.0,False,15988,248.0,71.0
5084,UCCt6iN6nJemSe_OHRihYBAQ,매부리TV,33tvtEpKLuQ,25억 시세차익. 오늘(4.10)부터 특별공급!,2026-04-10T01:21:45Z,18.0,True,3946,15.0,0.0
5084,UCCt6iN6nJemSe_OHRihYBAQ,매부리TV,XP4On9TyZiU,정부는 왜 이렇게 우리를 못살게 구나요?,2026-04-10T09:30:18Z,1199.0,False,11824,286.0,83.0
5084,UCCt6iN6nJemSe_OHRihYBAQ,매부리TV,KjjLnSZXdaI,"'갭투자'한 1주택분들, 미리 알고 대비하세요.",2026-04-11T09:00:27Z,60.0,True,7332,41.0,8.0
5084,UCCt6iN6nJemSe_OHRihYBAQ,매부리TV,j10xH6A-oIk,"강북구 0.29% 급등, 서울 외곽 전세 대란의 실체😰",2026-04-11T09:00:55Z,40.0,True,9931,74.0,4.0
5084,UCCt6iN6nJemSe_OHRihYBAQ,매부리TV,MiJ_rn7pUBM,"흑석동 분양가 30억, 반포보다 비싸다고?🤔",2026-04-12T09:00:34Z,47.0,True,2496,17.0,1.0
5084,UCCt6iN6nJemSe_OHRihYBAQ,매부리TV,bBRMSVeJQKY,🌸4월 흑석동 랜선 벚꽃 임장🌸,2026-04-12T09:00:46Z,25.0,True,2735,9.0,0.0
5084,UCCt6iN6nJemSe_OHRihYBAQ,매부리TV,TEz-eBpC2wk,두개의 연결고리가 완성할 서북 대표 뉴타운 | n억집,2026-04-13T09:30:31Z,1008.0,False,9304,141.0,35.0
5084,UCCt6iN6nJemSe_OHRihYBAQ,매부리TV,9dNphBsMsf4,"경매 권리분석, 이것만 기억하세요 | 떠먹여주는 경매 2편",2026-04-14T09:30:04Z,629.0,False,963,38.0,4.0
5084,UCCt6iN6nJemSe_OHRihYBAQ,매부리TV,2HVPeaYvy0U,"고양창릉S1, 사전청약자분들도 이 영상은 꼭 보세요 | 분양나우(牛)",2026-04-15T09:30:00Z,569.0,False,18082,160.0,50.0
5084,UCCt6iN6nJemSe_OHRihYBAQ,매부리TV,pUIVLqMzE10,당신이라면 '집'과 '직' 중 무엇을 지키시겠습니까?🤷‍ | 부리핑,2026-04-16T22:01:08Z,933.0,False,4207,81.0,28.0
5084,UCCt6iN6nJemSe_OHRihYBAQ,매부리TV,WRs-TL6_77Y,옥정중앙역 대방 디에트르 분양 정보,2026-04-17T05:42:41Z,12.0,True,2350,4.0,0.0
5084,UCCt6iN6nJemSe_OHRihYBAQ,매부리TV,2B1T1RkE5mY,과거에도 반복됐던 다주택자 잔혹사🥵,2026-04-18T09:00:03Z,59.0,True,8463,73.0,4.0
5084,UCCt6iN6nJemSe_OHRihYBAQ,매부리TV,CtQbgUrym6o,🚨7만 가구 비상!🚨 전세대출 연장 막히나요?,2026-04-18T09:00:16Z,43.0,True,18550,135.0,20.0
5084,UCCt6iN6nJemSe_OHRihYBAQ,매부리TV,dNPxwzQbeFs,"창릉신도시, 입주했는데 지하철이 없다?!🥵",2026-04-19T09:00:53Z,45.0,True,4622,15.0,0.0
5084,UCCt6iN6nJemSe_OHRihYBAQ,매부리TV,mAtW8Rh-GvQ,"창릉신도시 입지분석, 1분만 투자하세요🧐",2026-04-19T09:01:06Z,68.0,False,9370,49.0,0.0
5084,UCCt6iN6nJemSe_OHRihYBAQ,매부리TV,-45VrkTk-9A,"강동 (구)대장, 영광을 되찾으러 왔다 | n억집",2026-04-20T09:30:00Z,1091.0,False,16069,271.0,46.0
5084,UCCt6iN6nJemSe_OHRihYBAQ,매부리TV,VUHR8c44oo0,낙찰받으면 대출은 어떻게 받을까? | 떠먹여주는 경매 3편,2026-04-21T09:30:16Z,1026.0,False,1092,41.0,5.0
5084,UCCt6iN6nJemSe_OHRihYBAQ,매부리TV,wbAJn-H6NJs,'교회 알박기' 딛고 드디어 분양! 그런데 분양가가 18억원이라고요? | 분양나우(牛),2026-04-22T09:30:30Z,550.0,False,6017,80.0,66.0
5084,UCCt6iN6nJemSe_OHRihYBAQ,매부리TV,EAOqwtu0FVo,서울 아파트 절반이 대상! 장특공제 폐지되면 무주택자는 어찌될까?🤔 | 부리핑,2026-04-23T21:30:02Z,943.0,False,8993,180.0,92.0
5084,UCCt6iN6nJemSe_OHRihYBAQ,매부리TV,A1FZ2R330uA,공덕역 자이르네 분양 정보,2026-04-24T04:30:12Z,18.0,True,4660,15.0,0.0
5084,UCCt6iN6nJemSe_OHRihYBAQ,매부리TV,efqnji-Y6OI,광명자이더샵포레나 분양 정보,2026-04-24T05:09:39Z,18.0,True,1782,1.0,1.0
5084,UCCt6iN6nJemSe_OHRihYBAQ,매부리TV,hF2wK_uB2y4,"아파트 커뮤니티, 어디까지 진화할까?",2026-04-24T09:30:23Z,1115.0,False,7207,155.0,19.0
5084,UCCt6iN6nJemSe_OHRihYBAQ,매부리TV,2NyCn9COG0E,🚌송파 집값 다시 들썩🚌 9주 만에 상승 전환,2026-04-25T09:30:01Z,45.0,True,3077,20.0,1.0
5084,UCCt6iN6nJemSe_OHRihYBAQ,매부리TV,SF4jQz5DtfA,"장기보유특별공제 폐지, 후폭풍 어디까지 갈까?🤔",2026-04-25T09:30:25Z,56.0,True,12328,134.0,23.0
5084,UCCt6iN6nJemSe_OHRihYBAQ,매부리TV,UjQU2E8U-b4,장위 84㎡가 18억? 미분양 vs 완판 💸,2026-04-26T09:30:25Z,60.0,True,4875,13.0,4.0
5084,UCCt6iN6nJemSe_OHRihYBAQ,매부리TV,rIriNPa0Hfs,살기 좋은 도시 부동의 1위  | n억집,2026-04-27T09:30:33Z,1267.0,False,19514,326.0,81.0
5084,UCCt6iN6nJemSe_OHRihYBAQ,매부리TV,kHLNOPDSIjY,상가는 주택난의 해결책이 될 수 있을까 | 매부리 현장탐방,2026-04-28T09:30:33Z,1034.0,False,3886,63.0,36.0
5084,UCCt6iN6nJemSe_OHRihYBAQ,매부리TV,UASMUaQjlDk,서울 전셋값 역대 최고 경신! 벼랑 끝 몰린 무주택자 선택은..😮‍💨 | 부리핑,2026-04-29T09:30:14Z,765.0,False,11134,216.0,57.0
5084,UCCt6iN6nJemSe_OHRihYBAQ,매부리TV,UObQu1TYZM0,반토막 난 전세 매물. 차라리 사는 무주택자😮‍💨,2026-04-29T22:30:06Z,58.0,True,5380,42.0,1.0
5084,UCCt6iN6nJemSe_OHRihYBAQ,매부리TV,wTUlnSV3vN8,"역대급 전세대란, 정부는 뭐하나요?🤷‍",2026-04-29T22:30:31Z,82.0,False,16782,178.0,46.0
5084,UCCt6iN6nJemSe_OHRihYBAQ,매부리TV,Yp2e-5wl2Mw,상승장보다 조정장이 더 무섭다,2026-04-30T09:30:19Z,1099.0,False,12421,295.0,72.0
5084,UCCt6iN6nJemSe_OHRihYBAQ,매부리TV,j851QsRZLGo,6구역 놓쳤다면 여깁니다. 노량진 뉴타운의 2번째 단지 | 분양나우(牛),2026-05-04T09:30:22Z,403.0,False,3943,70.0,9.0
5084,UCCt6iN6nJemSe_OHRihYBAQ,매부리TV,kcFveXBNjUk,분양가 4~5억원대? 강남 출퇴근러 필수 시청! | 분양나우(牛),2026-05-06T09:30:23Z,511.0,False,4152,63.0,10.0
5084,UCCt6iN6nJemSe_OHRihYBAQ,매부리TV,5-IhKyafHww,"""5월 10일부터 확 바뀐다?"" 앞으로 부동산 시장 벌어질 일! | 부리핑",2026-05-07T09:30:03Z,839.0,False,14610,197.0,59.0
5084,UCCt6iN6nJemSe_OHRihYBAQ,매부리TV,DOit76PYPWw,래미안 라그란데 분양 정보,2026-05-08T06:23:55Z,18.0,True,3157,8.0,0.0
5084,UCCt6iN6nJemSe_OHRihYBAQ,매부리TV,WiVrQ7osZNo,용산 호반써밋 에이디션 분양 정보,2026-05-08T06:24:35Z,18.0,True,2666,6.0,0.0
5084,UCCt6iN6nJemSe_OHRihYBAQ,매부리TV,rhiPl2NCPck,장특공제 없애면 벌어지는 일,2026-05-08T09:30:25Z,1078.0,False,12491,309.0,112.0
5084,UCCt6iN6nJemSe_OHRihYBAQ,매부리TV,XJzdJMYDJfQ,"[독점 라이브]부동산 절세, 증여의 실전 전략 - 이장원 세무사 | 2026 서울 머니쇼 매부리TV 세션",2026-05-08T19:41:01Z,3761.0,False,1119,30.0,0.0
5084,UCCt6iN6nJemSe_OHRihYBAQ,매부리TV,PP5Id0UHJ_I,걱정할 일 아닌 서울 외곽 아파트 시장? 🫠,2026-05-09T09:30:19Z,70.0,False,4852,35.0,6.0
5084,UCCt6iN6nJemSe_OHRihYBAQ,매부리TV,q-WBDPAG2yE,향후 집값 전망?🏠 전문가 VS 공인중개사 갈렸다!,2026-05-09T09:30:35Z,49.0,True,11307,46.0,2.0
5084,UCCt6iN6nJemSe_OHRihYBAQ,매부리TV,DySlCGE3hzc,왕숙2지구 입지분석 1분만 투자하세요🧐,2026-05-10T09:30:11Z,66.0,False,2815,16.0,0.0
5084,UCCt6iN6nJemSe_OHRihYBAQ,매부리TV,cFc4973Xuvw,서반포는 이제 그만 | n억집,2026-05-11T09:30:19Z,1305.0,False,8433,138.0,32.0
5084,UCCt6iN6nJemSe_OHRihYBAQ,매부리TV,iJwNLOA7f94,"""세 낀 내 집, 올해 안에 무조건 파세요"" 정부의 권유? | 부리핑",2026-05-14T09:33:25Z,576.0,False,4150,86.0,20.0
5084,UCCt6iN6nJemSe_OHRihYBAQ,매부리TV,68gaDF6CSC8,압구정 현대가 기강잡는다,2026-05-15T09:30:05Z,1152.0,False,5309,96.0,56.0
5085,UC1Ei9xWth3jnYypj161vBJA,건들건들,oHwUGOefSOU,[건들건들] 러시아군의 시한폭탄 - 군사적 파산,2022-03-04T11:00:09Z,481.0,False,377894,8330.0,1209.0
5085,UC1Ei9xWth3jnYypj161vBJA,건들건들,KwckHbjQYtc,경사났네!! 『화력조선 특별전』  '전시도록' 발간,2022-03-10T08:26:50Z,165.0,False,25779,832.0,84.0
5085,UC1Ei9xWth3jnYypj161vBJA,건들건들,IsysPwa1G6M,"[건들건들]86. 30년 숙성으로 빚어낸 불펍소총 VHS-2, 그 성공의 비결은?",2022-03-11T09:13:05Z,695.0,False,311366,4967.0,277.0
5085,UC1Ei9xWth3jnYypj161vBJA,건들건들,5gzBeeE5NsU,[궁극의 인터뷰] 우리가 알지 못했던 남한산성의 속사정! feat.임용한박사,2022-03-14T09:03:02Z,589.0,False,68274,1867.0,191.0
5085,UC1Ei9xWth3jnYypj161vBJA,건들건들,er4fMw5GZp8,"유도가 안되는데 어떻게 다 맞추지? - ""NLAW"" 모든 전차에게 평등한 대전차 로켓",2022-03-16T09:00:31Z,333.0,False,279627,5145.0,534.0
5085,UC1Ei9xWth3jnYypj161vBJA,건들건들,_SB8Zj2Pw6o,[건들건들]87. VHS-K2 vs AUG-A3 SF vs AR-15 로얄럼블 🔥🔥,2022-03-18T11:45:29Z,905.0,False,341290,4780.0,389.0
5085,UC1Ei9xWth3jnYypj161vBJA,건들건들,X_TXfP2pMP4,[건들건들 X 전쟁기념관] 한국전쟁 당시 미신을 믿을만큼 간절했던 미군 전차부대. 호랑이 도색 M46 패튼전차,2022-03-25T09:00:14Z,436.0,False,133604,3362.0,472.0
5085,UC1Ei9xWth3jnYypj161vBJA,건들건들,4Rued9oi_ec,[건들건들] 크리스 벡터 슈퍼 V 시스템 탑재형 HK 6.8mm SPC 소총 전격 출격!,2022-04-01T09:04:26Z,391.0,False,205607,4593.0,630.0
5085,UC1Ei9xWth3jnYypj161vBJA,건들건들,bNcseGsznvE,"우크라이나에 지원된 자폭드론, 스위치블레이드",2022-04-05T10:26:42Z,394.0,False,123258,3215.0,398.0
5085,UC1Ei9xWth3jnYypj161vBJA,건들건들,AhZMBZbZnNg,몰래 죽이기 위해서 무엇이든 할 수 있는 암살의 세계,2022-04-08T10:00:06Z,536.0,False,127265,2857.0,195.0
5085,UC1Ei9xWth3jnYypj161vBJA,건들건들,78dX7TIrV20,"[건들건들]88. 총만으로는 이길 수 없는 전쟁, 하지만 그들이 총을 집어든 이유",2022-04-13T10:31:18Z,498.0,False,145312,3655.0,272.0
5085,UC1Ei9xWth3jnYypj161vBJA,건들건들,ahOA1QqttNA,"러시아가 속수무책으로 당하는 무인기, 바이락타르",2022-04-15T10:00:02Z,295.0,False,117406,2873.0,307.0
5085,UC1Ei9xWth3jnYypj161vBJA,건들건들,f-G7JJj7bKk,[건들건들]89. 글록은 가라! 미국이 만든 최강의 폴리머 자동권총 S&W 퍼포먼스센터 M&P 2.0 코어 프로 시리즈,2022-04-22T12:14:39Z,1000.0,False,191696,3152.0,137.0
5085,UC1Ei9xWth3jnYypj161vBJA,건들건들,s0eal7Z3720,[건들건들]90. 시그 사우어(SIG SAUER)가 미육군 차세대 분대 화기(NGSW) 선정사업의 최종 우승자로 등극하기까지.,2022-04-26T10:00:48Z,558.0,False,332382,5115.0,376.0
5085,UC1Ei9xWth3jnYypj161vBJA,건들건들,NGR0I4GxrE0,감시거리 400km. 대전에서 평양을 감시할 수 있는 감시통제기가 한국에?,2022-04-29T09:00:19Z,558.0,False,148102,3155.0,236.0
5085,UC1Ei9xWth3jnYypj161vBJA,건들건들,vj9qdaZ69_w,이색 대전차무기 '노스오버 프로젝터' - 탄환이 화염병이면 포신 안에서 깨지지 않을까?,2022-05-04T08:45:03Z,401.0,False,117285,2564.0,161.0
5085,UC1Ei9xWth3jnYypj161vBJA,건들건들,QNdysaUEEuA,[건들건들]91. 실총 반동이 에어소프트건 수준? - 킴버 스테인리스 II 9mm 버전 (feat. 존윅 프리퀄 피스톨),2022-05-06T11:58:42Z,895.0,False,154813,2904.0,173.0
5085,UC1Ei9xWth3jnYypj161vBJA,건들건들,m2DEsICXIbE,[건들건들]92. NGSW는 그저 거들뿐  - 모든 보병의 아이언맨화를 위하여! feat. 6.8mm NGSW + XM157 + FWS-I + (ENVG-B & IVAS),2022-05-13T11:45:35Z,783.0,False,153090,3374.0,232.0
5085,UC1Ei9xWth3jnYypj161vBJA,건들건들,MxcYqgCrA2s,[건들건들] 일단 좋다는 기술은 다 넣어봤습니다. 한화 AS21 레드백(redback) 보병전투차 대해부,2022-05-18T09:00:19Z,712.0,False,562406,7516.0,618.0
5085,UC1Ei9xWth3jnYypj161vBJA,건들건들,zl7dF1a1iV4,[건들건들]93. 미래보병 체계의 키워드는 인명존중?! feat. 6.8mm NGSW + XM157 + FWS-I + (ENVG-B & IVAS),2022-05-20T12:31:50Z,912.0,False,219895,4336.0,661.0
5085,UC1Ei9xWth3jnYypj161vBJA,건들건들,3epYCbVPirY,[건들건들 X 전쟁기념관]94. 20세기 콜트 걸작선 - 파이슨 & 거버먼트 시리즈 70,2022-05-27T12:12:16Z,969.0,False,211459,3525.0,185.0
5085,UC1Ei9xWth3jnYypj161vBJA,건들건들,ZuRVwSbd2iE,[건들건들]95. 100년을 뛰어넘은 살아있는 전설 M1911,2022-06-09T10:00:14Z,927.0,False,329583,5272.0,358.0
5085,UC1Ei9xWth3jnYypj161vBJA,건들건들,JPz-nkVdfxc,[건들건들 X 국외소재문화재재단] 외전. 신미양요 150주년 특별영상 '귀향' 제작 1년 만에 밝히는 비하인드 스토리,2022-06-16T09:00:08Z,454.0,False,21339,807.0,50.0
5085,UC1Ei9xWth3jnYypj161vBJA,건들건들,2Yo47TqAXzs,[건들씨네] 항공액션 영화로 알아보는 항공 촬영의 발전사 (feat.탑건: 매버릭),2022-06-21T09:24:44Z,557.0,False,71034,2038.0,119.0
5085,UC1Ei9xWth3jnYypj161vBJA,건들건들,iWLVGra60tU,[건들건들]96. 22세기 미군 식민지 해병대와 기동보병의 주력화기를 분석한다! : 에이리언2의 M41A 펄스 라이플 vs 스타쉽 트루퍼스의 Mark I 모리타 라이플,2022-07-01T10:00:34Z,961.0,False,218234,3906.0,383.0
5085,UC1Ei9xWth3jnYypj161vBJA,건들건들,1-4tG9-SbNM,[건들건들]97. 미국을 대표했던 1911피스톨이 탄걸림 현상으로 외면받는 이유,2022-07-08T10:00:01Z,828.0,False,309173,4733.0,359.0
5085,UC1Ei9xWth3jnYypj161vBJA,건들건들,3ODULc4xUY0,[건들건들]98. 식인맹수의 심장을 노린다! 홀랜드&홀랜드 더블배럴 라이플 vs 윈체스터 M1895 라이플,2022-07-15T10:31:22Z,929.0,False,140066,3135.0,181.0
5085,UC1Ei9xWth3jnYypj161vBJA,건들건들,Sqe3jvqTN8I,[건들건들 X 전쟁기념관]99. (한때) 최강의 군용 자동권총 - 브라우닝 하이파워 창세기 (Hi-Power/HP/BHP/HP35/GP35),2022-07-22T10:00:17Z,752.0,False,107717,2303.0,96.0
5085,UC1Ei9xWth3jnYypj161vBJA,건들건들,Me9YNpa3iZg,"[건들건들 X 전쟁기념관]100. 시그 자동권총이 정상에 오르기까지 (Feat. Mle 1935A & 시그 P210, P220, P226, P320)",2022-07-29T10:38:33Z,913.0,False,173135,2851.0,159.0
5085,UC1Ei9xWth3jnYypj161vBJA,건들건들,xEnPoQuxlzM,[건들건들]101. 이종 리볼버계의 끝판왕 대결 - 오토매틱 리볼버 vs 산탄 리볼버,2022-08-05T10:00:49Z,891.0,False,224248,3763.0,193.0
5085,UC1Ei9xWth3jnYypj161vBJA,건들건들,IBaFQgLFkAo,[건들건들]102. 베레타 92FS 커스텀 (레옹) vs STI TTI 2011 컴뱃 마스터 (존 윅),2022-08-12T10:00:12Z,891.0,False,126818,2625.0,297.0
5085,UC1Ei9xWth3jnYypj161vBJA,건들건들,yJ_t9V3bdO4,[건들건들]103. 대물 저격총계의 스타 바렛 M107 vs 저격수 잡는 저격총 샤이텍 M200 인터벤션,2022-08-19T10:00:43Z,893.0,False,282003,4685.0,856.0
5085,UC1Ei9xWth3jnYypj161vBJA,건들건들,5Bq948yif_c,[건들건들] 킬체인이란 무엇인가?,2022-11-18T07:45:30Z,637.0,False,199918,3913.0,345.0
5085,UC1Ei9xWth3jnYypj161vBJA,건들건들,GS2pAT_mb8Q,[건들건들] 일본이 공개하지 않은 특급 기밀 : 자위대의 진정한 주적,2023-03-31T15:04:15Z,223.0,False,90417,3164.0,483.0
5085,UC1Ei9xWth3jnYypj161vBJA,건들건들,DqmpMwPzgh4,[건들건들]104. VSS 빈토레즈 vs MCX 블랙맘바 pt.1 - 총기계의 MSG : 소음기 집중 분석,2023-04-14T10:00:09Z,690.0,False,167386,4528.0,388.0
5085,UC1Ei9xWth3jnYypj161vBJA,건들건들,KGRPcaoMdPY,[건들건들]105. VSS 빈토레즈 vs MCX 블랙맘바 pt.2 - 탄생설화,2023-04-21T10:00:13Z,827.0,False,129696,2941.0,189.0
5085,UC1Ei9xWth3jnYypj161vBJA,건들건들,My3lovU6B8E,[건들건들]106. VSS 빈토레즈 vs MCX 블랙맘바 pt.3 - 최종대결,2023-04-28T10:42:08Z,932.0,False,123900,2589.0,207.0
5085,UC1Ei9xWth3jnYypj161vBJA,건들건들,znO6pNviRt4,"[건들건들] ""안 되겠소, 튑시다!"" - 어디까지 가능할까?",2023-05-12T10:00:44Z,511.0,False,70985,2364.0,446.0
5085,UC1Ei9xWth3jnYypj161vBJA,건들건들,kCsl5rpErPs,[건들건들]107. 대 좀비 아포칼립스 시대를 대비하라 - SAS II 스파이크 피스톨!,2023-05-19T10:00:38Z,510.0,False,93204,2271.0,153.0
5085,UC1Ei9xWth3jnYypj161vBJA,건들건들,Ii1nVJve8G4,"[건들건들] 미사일을 사냥하는 데 필요한 준비물들 (ft.킬체인, 합동이동표적감시통제기)",2023-07-10T09:29:32Z,687.0,False,49263,1422.0,114.0
5085,UC1Ei9xWth3jnYypj161vBJA,건들건들,_PEczxTK0cA,[건들건들] History of Colt 티저,2023-09-02T01:57:39Z,402.0,False,34598,1363.0,156.0
5085,UC1Ei9xWth3jnYypj161vBJA,건들건들,NOmaYmz2qCE,[건들건들]108. History of Colt 1편 - 리볼버 대량학살 사건의 전말 (feat. 센트레일리아 전투),2023-09-15T07:49:32Z,910.0,False,177910,4092.0,281.0
5085,UC1Ei9xWth3jnYypj161vBJA,건들건들,qEPrrVBUMy8,[건들건들]109. History of Colt 2편 - 약장수 새뮤얼 콜트는 어떻게 리볼버를 개발했는가?,2023-09-27T08:09:17Z,1211.0,False,91104,2201.0,85.0
5085,UC1Ei9xWth3jnYypj161vBJA,건들건들,e8ctf9RofPk,"[건들건들]110. History of Colt 3편 - 콜트 리볼버 따위? 훗... 360도 일격 필살, 코크런 터렛 라이플 등장!",2023-10-13T10:00:27Z,1165.0,False,119375,2324.0,104.0
5085,UC1Ei9xWth3jnYypj161vBJA,건들건들,jkN3icCB7Eo,"[건들건들]111. History of Colt 4편 - 코만치와 아파치, 그 유혈의 역사 - feat. 텍사스 레인저",2023-11-10T09:38:17Z,1259.0,False,400685,4954.0,224.0
5085,UC1Ei9xWth3jnYypj161vBJA,건들건들,x8yjW_lAFv4,[건들건들] 조준경을 달면 총탄이 어디로 날아갈지도 볼 수 있다!  ‘콜 오브 듀티: 모던 워페어 III 2023’,2023-12-01T10:00:49Z,591.0,False,64283,1269.0,252.0
5085,UC1Ei9xWth3jnYypj161vBJA,건들건들,Hwd07CeVHRs,"X 한국전파진흥협회 - '조선, 호환 예보를 실현하다!' AI 조선 탐방",2024-12-24T03:36:37Z,380.0,False,14059,250.0,104.0
5085,UC1Ei9xWth3jnYypj161vBJA,건들건들,Wd-lAZ-Bhhk,"X 한국전파진흥협회, 과거시험 부정행위자를 찾아라! AI 조선 탐방",2024-12-24T03:43:33Z,356.0,False,6981,170.0,66.0
5085,UC1Ei9xWth3jnYypj161vBJA,건들건들,2rxOivGcaGo,"X 한국전파진흥협회, 중종의 시신을 찾아라! AI 조선 탐방",2024-12-24T03:50:55Z,532.0,False,21412,255.0,166.0
5085,UC1Ei9xWth3jnYypj161vBJA,건들건들,b01od3gimhw,[건들건들] 복귀인사 & 콜트 시즌 1 요약,2025-08-11T07:42:04Z,423.0,False,56487,2645.0,1002.0
5086,UCvkmzO8z5LACEW7iNwTiJRA,준콩 Joon-Peanut,ACVFoh2zHEk,[20살 생일파티 Vlog🎉] 생일선물로 구찌를 받았습니다.ㅣ기억을 잃어버렸습니다.ㅣ생일파티에 100만원ㅣ선물로 성인용품을..?　[준콩],2018-12-08T09:00:02Z,1233.0,False,243298,5885.0,489.0
5086,UCvkmzO8z5LACEW7iNwTiJRA,준콩 Joon-Peanut,dSzeIQUoGWk,[팬미팅 Vlog🍀] 삼천 명의 팬들과 함께?! (w/ 코스알엑스)ㅣ팬미팅 GRWM+Vlogㅣ내 마음만은 30만명과 함께였다.ㅣ준콩 첫 팬미팅 '콩깍지와 손깍지'　[준콩],2018-12-15T09:00:05Z,1628.0,False,97536,2891.0,300.0
5086,UCvkmzO8z5LACEW7iNwTiJRA,준콩 Joon-Peanut,uYiK0rQuRvk,[예대생의 시험기간 Vlog🏫 +학교 갈 준비 GRWM] 24시간 밀착 브이로그ㅣ계원예대생의 하루ㅣ대학교 시험기간 야작ㅣ여드름 관리 비포&애프터　[준콩],2018-12-20T09:50:02Z,1256.0,False,172980,3800.0,423.0
5086,UCvkmzO8z5LACEW7iNwTiJRA,준콩 Joon-Peanut,N6cb5e-PasE,[미용실 Vlog] 딥블루 톤다운 염색!?ㅣ이 영상은 정말 정신없습니다.ㅣ톤다운 염색&메이크업ㅣ블루블랙 염색 브이로그　[준콩],2019-01-07T09:30:01Z,662.0,False,246273,7656.0,531.0
5086,UCvkmzO8z5LACEW7iNwTiJRA,준콩 Joon-Peanut,_eXW_WhB0jE,[생애 첫 보령 Vlog] 준콩의 여행 브이로그를 보령(?)ㅣ개화예술공원 허브랜드ㅣ대천해수욕장ㅣ조개구이ㅣasmr로 여행 GRWM　[준콩],2019-01-19T09:00:09Z,924.0,False,133763,2173.0,248.0
5086,UCvkmzO8z5LACEW7iNwTiJRA,준콩 Joon-Peanut,ELMRTdvCwu0,"[군대가기 전의 친구들과 마지막 여행 #1] 제주도 이별 여행✈️ㅣ비행기 놓치다!?ㅣ고기국수, 갈치조림, 딱새우회ㅣ군대 이별 여행　[준콩]",2019-02-16T09:30:01Z,778.0,False,105032,2934.0,331.0
5086,UCvkmzO8z5LACEW7iNwTiJRA,준콩 Joon-Peanut,96V9rZ_jc9o,[부산에서의 새 출발 Vlog] 부산에서 자취하다!?ㅣ용인 to 부산ㅣ이사를 합니다.ㅣ자취생 여드름 피부 관리법ㅣ자취 꿀팁　[준콩],2019-03-09T09:30:00Z,637.0,False,92328,2501.0,213.0
5086,UCvkmzO8z5LACEW7iNwTiJRA,준콩 Joon-Peanut,PvX6bXT8eHc,[흑역사 과거 영상 털기 1편] 준콩과 조수잔의 3년 전 모습은..?ㅣ(w/ 조수잔)ㅣ유튜버끼리 흑역사 파헤치기　[준콩],2019-04-09T09:00:03Z,694.0,False,80076,2218.0,96.0
5086,UCvkmzO8z5LACEW7iNwTiJRA,준콩 Joon-Peanut,V_Q1qqMRT9I,"[생애 첫 일본 여행🇯🇵 _오사카편 1부] 韓国人の日本旅行記ㅣ오사카에서 고베로 나라가자ㅣ일본 오사카 여행 브이로그 Vlogㅣ옷쇼핑, 도톤보리 구로몬시장, 당고,카페거리　[준콩]",2019-06-04T09:00:17Z,1582.0,False,68404,1445.0,116.0
5086,UCvkmzO8z5LACEW7iNwTiJRA,준콩 Joon-Peanut,ED1mHwO7jeY,"[생애 첫 일본 여행🗻 _오사카편 2부] 韓国人の日本旅行記(大阪)ㅣ오사카의 야경ㅣ오사카에서 고베로 나라가자ㅣ일본오사카 여행영상ㅣ헵파이브, 우메다 스카이빌딩, 다코야끼　[준콩]",2019-06-08T09:00:02Z,787.0,False,24759,743.0,68.0
5086,UCvkmzO8z5LACEW7iNwTiJRA,준콩 Joon-Peanut,wocZhqJ98kc,"[생애 첫 일본 여행 🌏_유니버셜 스튜디오 재팬🌏] 韓国人の日本旅行記(USJ)ㅣ해리포터,버터맥주,다이노소어,쥬라기ㅣ오사카에서 고베로 나라가자ㅣ일본오사카 여행영상Vlog　[준콩]",2019-06-15T09:00:07Z,1298.0,False,33202,922.0,73.0
5086,UCvkmzO8z5LACEW7iNwTiJRA,준콩 Joon-Peanut,gqnV8su9vI4,"""진짜 사나이""는 ""진짜""일까? (w/ 독사조교🐍)ㅣ진짜사나이 촬영 비하인드　[콩터뷰]",2019-06-29T09:00:09Z,796.0,False,645677,5052.0,418.0
5086,UCvkmzO8z5LACEW7iNwTiJRA,준콩 Joon-Peanut,85r57y8jp20,"[검정뿌리 괴물 퇴치 작전] ""블루 실버"" 은갈치 염색은 유행 할 것이다.ㅣ미용실 염색 Vlogㅣ은갈치 준콩ㅣ블루 실버(애쉬 블루)　[준콩]",2019-07-14T09:00:00Z,773.0,False,118306,5232.0,365.0
5086,UCvkmzO8z5LACEW7iNwTiJRA,준콩 Joon-Peanut,-hhP-n1umX0,[인스타 라이브 Q&A⁉️] 여자친구 생겼어요?ㅣ유치원 졸업사진? 개인 비행기?ㅣ눽스트 퀘스춴_1편　[준콩],2019-07-21T08:00:01Z,606.0,False,45354,959.0,78.0
5086,UCvkmzO8z5LACEW7iNwTiJRA,준콩 Joon-Peanut,Fw2KytuYWj0,"[남자 둘, 그리고 강아지와의 우당탕탕 동거💥]ㅣ부산 자취 일상 VLOG      [준콩]",2019-08-02T08:00:04Z,868.0,False,64198,1897.0,108.0
5086,UCvkmzO8z5LACEW7iNwTiJRA,준콩 Joon-Peanut,jl5VFXK8aB4,[염색 색깔이 고민된다면 이 영상을 보세요.] 2년 동안의 머리 염색 변천사🍓🍊🍋🍏🍇      [준콩],2019-08-11T08:00:05Z,695.0,False,38614,1278.0,173.0
5086,UCvkmzO8z5LACEW7iNwTiJRA,준콩 Joon-Peanut,M9NCd5AKnx4,"[가을엔 차분한 ""딥애쉬퍼플"" 염색이 최고입니다] 미용실 VLOGㅣ가을 염색 추천ㅣ딥애쉬라벤더 톤다운 염색　[준콩]",2019-08-29T08:00:05Z,634.0,False,55542,1733.0,110.0
5086,UCvkmzO8z5LACEW7iNwTiJRA,준콩 Joon-Peanut,Ivqtdu9kAPc,[🍂분위기 있는 가을 메이크업🍂] 제주도에서 같이 준비해요!! 여행 GRWMㅣ'내가 요즘 하는' 남자 무쌍 브라운 메이크업　[준콩],2019-09-28T07:30:00Z,1195.0,False,82809,3004.0,212.0
5086,UCvkmzO8z5LACEW7iNwTiJRA,준콩 Joon-Peanut,fMtgz2EnZ_Q,"[7일간의 제주도 혼여행, 기억의 조각들✈️] 힐링 만땅 하고 온 감성 제주여행ㅣ제주도 여행코스& 혼밥 맛집 추천ㅣ호캉스ㅣ제주도 브이로그        [준콩]",2019-10-09T08:00:06Z,1332.0,False,19631,800.0,67.0
5086,UCvkmzO8z5LACEW7iNwTiJRA,준콩 Joon-Peanut,nqvvSg0hYm8,"""형, 내가 아이돌로 만들어줄게""✨  [같이 사는 룸메 형한테 메이크업 해주기]ㅣ자연스러운 남자 데일리 메이크업&화장&머리　[준콩]",2019-10-20T08:00:06Z,1160.0,False,89389,2567.0,279.0
5086,UCvkmzO8z5LACEW7iNwTiJRA,준콩 Joon-Peanut,UEMo_kcPn_w,[고등학교 친구들과 🎃할로윈 롯데월드 VLOG🎃] 해리포터 교복 + 좀비 분장!!👻ㅣ롯데월드 브이로그ㅣ할로윈을 제대로 즐기는 방법　[준콩],2019-10-27T08:00:02Z,1076.0,False,91580,2357.0,144.0
5086,UCvkmzO8z5LACEW7iNwTiJRA,준콩 Joon-Peanut,_4Aiidjkdgo,"앗 뜨거워! 200만원짜리 인덕션!! [📱아이폰 11 Pro📱 언박싱&리뷰] 미드나잇그린ㅣ카메라, 전면 슬로우, 야간모드, 마이그레이션　[준콩]",2019-11-10T08:00:02Z,901.0,False,71512,1898.0,196.0
5086,UCvkmzO8z5LACEW7iNwTiJRA,준콩 Joon-Peanut,-y6AGj_OJD4,저... 떠나요... [한 달 유럽 배낭여행 VLOG] 킹크랩이 5만원이라고?!ㅣ🇷🇺블라디보스톡(러시아) 여행 브이로그🇷🇺      [준콩],2019-12-14T08:00:00Z,1219.0,False,67377,2102.0,121.0
5086,UCvkmzO8z5LACEW7iNwTiJRA,준콩 Joon-Peanut,kn7MBFaiYbs,"러시아 아이들이 나를 'BTS'인 줄 안다..?? [🚃시베리아 횡단열차 VLOG🚃]ㅣ식당칸 소개, 3등석, 보르쉬, 스바시바　[준콩]",2019-12-21T08:00:06Z,1050.0,False,539990,16251.0,966.0
5086,UCvkmzO8z5LACEW7iNwTiJRA,준콩 Joon-Peanut,oGeCtN2uBlc,준콩의 첫 노출..?🛁ㅣ러시아 피시방은 어떨까? [🚂시베리아 횡단열차 VLOG🚂] 춥지만 따듯한 러시아ㅣ시베리아 횡단열차 샤워실ㅣ러시아 군인　[준콩],2019-12-29T08:00:13Z,1447.0,False,98863,2507.0,165.0
5086,UCvkmzO8z5LACEW7iNwTiJRA,준콩 Joon-Peanut,PCmqe1AOjKQ,"길 한복판에서 라스푸틴을 추는 남자가 있다?!  [🇷🇺모스크바 VLOG🇷🇺]ㅣ감성 여행 영상 맞을걸요?ㅣ러시아 겨울여행, 붉은광장, 굼백화점　[준콩]",2020-01-05T08:00:05Z,668.0,False,23116,1131.0,99.0
5086,UCvkmzO8z5LACEW7iNwTiJRA,준콩 Joon-Peanut,SrSWHO7hCEg,'북한 식당'을 왔습니다.　[준콩],2020-01-11T08:00:04Z,368.0,False,37827,919.0,40.0
5086,UCvkmzO8z5LACEW7iNwTiJRA,준콩 Joon-Peanut,ugN5AJ7LHKA,"유럽 감성 미쳤다... [🇬🇧런던 VLOG🇬🇧]ㅣ구제샵에서 아디다스 샀다!!ㅣ대영박물관, 클럽, 크리스마스마켓, 길거리 버스킹, 쇼핑　[준콩]",2020-01-18T08:00:07Z,916.0,False,19676,689.0,43.0
5086,UCvkmzO8z5LACEW7iNwTiJRA,준콩 Joon-Peanut,k7tOuedbJLg,손흥민형.. 사랑해요... [영국에서 ⚽️EPL 축구 직관⚽️]ㅣ고든램지 비프 웰링턴ㅣ런던 클럽　[준콩],2020-01-25T08:00:10Z,918.0,False,15363,434.0,29.0
5086,UCvkmzO8z5LACEW7iNwTiJRA,준콩 Joon-Peanut,o_ln6a2yGhw,"영롱하다... '보랏빛 백금발' 염색!!! [미용실 VLOG]ㅣ애쉬바이올렛, 백모염색, 회색 백금은발ㅣ머리가 녹았어요.　[준콩]",2020-02-01T07:30:02Z,639.0,False,52615,1244.0,77.0
5086,UCvkmzO8z5LACEW7iNwTiJRA,준콩 Joon-Peanut,TezeZD6ixNY,"남자 둘이 '런던'에서 먹고 자고 노는 영상. [런던 VLOG]ㅣ인생샷 포토스팟, 영국식 아침식사, 쇼핑, 런던 아이, 타워브릿지, 피쉬앤칩스, 놀이공원　[준콩]",2020-02-16T07:30:00Z,1049.0,False,23463,684.0,51.0
5086,UCvkmzO8z5LACEW7iNwTiJRA,준콩 Joon-Peanut,SUPvtjY8XXo,한 달 유럽 여행이 끝났다... [🏔스위스 겨울여행 VLOG🏔]ㅣ인터라켄 패러글라이딩ㅣ뮤렌 통나무 인생샷ㅣ설산 보면서 코코 　[준콩],2020-02-23T07:30:00Z,1121.0,False,20362,564.0,58.0
5086,UCvkmzO8z5LACEW7iNwTiJRA,준콩 Joon-Peanut,scabNWGZV-E,"[🏫신학기 백팩 추천🏫] 고민된다구요?!?! 이 영상을 보시죠.ㅣ키르시, 올모스트블루, 뉴발란스, 오드스튜디오　[준콩]",2020-03-07T07:30:02Z,631.0,False,39646,762.0,57.0
5086,UCvkmzO8z5LACEW7iNwTiJRA,준콩 Joon-Peanut,O7Y3u1cyMN0,어우 핸드폰 던질 뻔;; [너무 쪽팔린 나의 '틱톡'을 보자!!!😱 (w. 조수잔)]ㅣ리액션캠ㅣtiktok korea　[준콩],2020-03-15T07:30:00Z,907.0,False,86003,2048.0,121.0
5086,UCvkmzO8z5LACEW7iNwTiJRA,준콩 Joon-Peanut,0HTh3gO6K1s,[Get Ready With Me] 회사 놀러 갈 준비 같이해요!!ㅣ자연스러운 남자 메이크업&머리 손질 고데기ㅣ'투쿨포스쿨' 원브랜드ㅣ겟레디윗미ㅣ변신　[준콩],2020-06-06T08:00:00Z,1111.0,False,59214,1713.0,156.0
5086,UCvkmzO8z5LACEW7iNwTiJRA,준콩 Joon-Peanut,6TXW3O90_Co,으르렁!!🐺 [울프컷 투톤 염색 VLOG]ㅣ굉장한 애쉬 바이올렛이다!!!ㅣ검정뿌리괴물 퇴치 대작전ㅣ남자 옴브레 염색　[준콩],2020-07-04T08:00:03Z,762.0,False,44764,828.0,54.0
5086,UCvkmzO8z5LACEW7iNwTiJRA,준콩 Joon-Peanut,7u-yLk5RR88,"출퇴근 2초, 최고의 직장에 다닙니다. [👕22살 쇼핑몰 사장의 VLOG👕]",2020-09-19T08:00:01Z,856.0,False,46148,824.0,44.0
5086,UCvkmzO8z5LACEW7iNwTiJRA,준콩 Joon-Peanut,f5WKGK8BchQ,인간 깻잎의 눈물겨운 🌿틱톡 제작 과정🌿 (feat. 50만 틱톡커의 슬로우모션 편집&촬영 꿀팁)   [준콩],2020-09-27T08:00:07Z,562.0,False,24086,355.0,38.0
5086,UCvkmzO8z5LACEW7iNwTiJRA,준콩 Joon-Peanut,letGg6SqsUA,3년간의 탈색 여행 끝 [🐜흑발 염색 VLOG🐜]ㅣ고딩준콩으로 회춘하다!!　[준콩],2020-12-05T08:00:10Z,414.0,False,29076,701.0,52.0
5086,UCvkmzO8z5LACEW7iNwTiJRA,준콩 Joon-Peanut,tH362RUBlX0,🖕예대 영상과 오지 마세요🖕 제발. 절대.　[복학생 학교 VLOG],2021-05-08T07:30:08Z,484.0,False,22384,274.0,32.0
5086,UCvkmzO8z5LACEW7iNwTiJRA,준콩 Joon-Peanut,StHNuFvBpAk,이번 여름은 이렇게만 입어줘! [🌤대학생 남자 5가지 여름 코디 + VLOG🌤]ㅣ2021 Men's Summer Outfit Of The Week,2021-06-13T07:30:04Z,851.0,False,11810,292.0,17.0
5086,UCvkmzO8z5LACEW7iNwTiJRA,준콩 Joon-Peanut,5JXKxcuwocE,"[내 나이 23살, 🥽매출 1억 쇼핑몰 사장 VLOG🥽] 인터뷰하고 쉑쉑 냠냠　[준콩]",2021-08-29T08:00:01Z,502.0,False,28118,358.0,21.0
5086,UCvkmzO8z5LACEW7iNwTiJRA,준콩 Joon-Peanut,B5Yqy9Ji_Yk,"[10년 동안 쓴 방, 🏡셀프 인테리어 VLOG🏡]ㅣ화이트&우드 톤ㅣ5평 방 현실 방 꾸미기!!!　[준콩]",2021-09-05T08:00:02Z,778.0,False,15079,332.0,11.0
5086,UCvkmzO8z5LACEW7iNwTiJRA,준콩 Joon-Peanut,c56sdtnfKYQ,"씨블..(=시에라블루) 이쁘다!! [💎아이폰13 프로💎 언박싱]ㅣ무게 비교, 시네마틱, 카툭튀, 노치 REIVEW!　[준콩]",2021-10-10T09:15:01Z,762.0,False,18339,315.0,24.0
5086,UCvkmzO8z5LACEW7iNwTiJRA,준콩 Joon-Peanut,FZfaa76zf1k,일본 양아치입니다(?) [⚡백발 탈색 VLOG⚡]ㅣ울프컷 염색 맛도리다...　[준콩],2021-12-12T08:30:02Z,626.0,False,12393,231.0,20.0
5086,UCvkmzO8z5LACEW7iNwTiJRA,준콩 Joon-Peanut,Hxj8XnPqgEI,자본주의의 노예 [🌟두 얼굴 김영준콩🌟],2022-02-05T09:20:43Z,980.0,False,13733,223.0,21.0
5086,UCvkmzO8z5LACEW7iNwTiJRA,준콩 Joon-Peanut,6mYkpNH-cOY,여태까지 코로나 안 걸린 사람 = 나🙋🏻‍♂️ [24시간 집돌이 VLOG],2022-05-07T08:45:00Z,547.0,False,21008,242.0,28.0
5086,UCvkmzO8z5LACEW7iNwTiJRA,준콩 Joon-Peanut,crQSumwl5U0,"삿포로에 쇼핑할 곳이 없다구요?💸 이 영상만 보세요!!｜쇼핑 가이드｜빈티지샵, 스투시, 노스페이스,  PARCO, 공항 기념품",2023-12-18T12:27:41Z,1030.0,False,36185,545.0,53.0
5086,UCvkmzO8z5LACEW7iNwTiJRA,준콩 Joon-Peanut,LiQZT56Cr10,X나 정신없는 🎄크리스마스 파티 VLOG~!🎄,2023-12-25T09:00:12Z,627.0,False,12047,79.0,12.0
5086,UCvkmzO8z5LACEW7iNwTiJRA,준콩 Joon-Peanut,KFrYE5Lc4dg,눈깔을 왜 그렇게 떠,2024-01-05T10:25:29Z,23.0,True,2170,31.0,0.0
5087,UChr-oBCz0mJ-pCbicjaP0zA,박지의 CCTV,iRQ1u7cfAF4,타쿠미 아빠차를 타보았다,2025-08-03T14:23:04Z,31.0,True,67763,749.0,21.0
5087,UChr-oBCz0mJ-pCbicjaP0zA,박지의 CCTV,8RjoQb42agk,맙소사 반드시 봐야겠지,2025-08-08T10:17:31Z,31.0,True,101403,2774.0,40.0
5087,UChr-oBCz0mJ-pCbicjaP0zA,박지의 CCTV,QGiC671n_UQ,이런식이면 저도 간판 못깨드립니다.,2025-08-09T04:00:06Z,683.0,False,90896,2282.0,36.0
5087,UChr-oBCz0mJ-pCbicjaP0zA,박지의 CCTV,Dw3QiLhyA5c,이게 왜 되는거지...?,2025-08-15T06:17:07Z,676.0,False,191604,3796.0,100.0
5087,UChr-oBCz0mJ-pCbicjaP0zA,박지의 CCTV,LRLWNJGan14,제 머리가 커보이는건 비율탓입니다.,2025-08-22T08:40:33Z,50.0,True,161653,4749.0,35.0
5087,UChr-oBCz0mJ-pCbicjaP0zA,박지의 CCTV,Tdgq1PMw_Eo,어디가 가장 어두울까?,2025-08-25T09:27:25Z,493.0,False,90252,2542.0,98.0
5087,UChr-oBCz0mJ-pCbicjaP0zA,박지의 CCTV,TOFbbGCu-p4,이겨야한다...,2025-09-02T08:39:54Z,541.0,False,73730,1129.0,25.0
5087,UChr-oBCz0mJ-pCbicjaP0zA,박지의 CCTV,vlAVcuquMkg,너 그림 잘그리냐?,2025-09-09T08:16:41Z,44.0,True,162968,5804.0,25.0
5087,UChr-oBCz0mJ-pCbicjaP0zA,박지의 CCTV,yq3_RfE5QSQ,장난감을 들키고 말았다... (피드백),2025-09-14T04:15:41Z,626.0,False,88321,1883.0,39.0
5087,UChr-oBCz0mJ-pCbicjaP0zA,박지의 CCTV,ytaNvwzU3u4,와 진짜 못생겼다ㅋㅋㅋㅋ,2025-09-20T04:20:41Z,727.0,False,128068,3015.0,115.0
5087,UChr-oBCz0mJ-pCbicjaP0zA,박지의 CCTV,18BxhVgN90k,사실 너도 똑같더라고,2025-09-27T03:45:45Z,12.0,True,288762,7968.0,82.0
5087,UChr-oBCz0mJ-pCbicjaP0zA,박지의 CCTV,Z-tWC8ji-pE,추석에도 일탁이와 함께,2025-10-04T03:38:10Z,31.0,True,88381,2761.0,60.0
5087,UChr-oBCz0mJ-pCbicjaP0zA,박지의 CCTV,G5HYH0d0U8s,운전하는그림 피드백 해드립니다,2025-10-08T04:36:09Z,627.0,False,145501,2977.0,55.0
5087,UChr-oBCz0mJ-pCbicjaP0zA,박지의 CCTV,9c3krLboqsw,요즘애들은 이걸 모른다고...?,2025-10-17T08:30:05Z,493.0,False,29881,734.0,83.0
5087,UChr-oBCz0mJ-pCbicjaP0zA,박지의 CCTV,lo4MHzTB_EU,아조씨 잡채묵는다 어험,2025-10-20T08:22:09Z,37.0,True,75818,1306.0,31.0
5087,UChr-oBCz0mJ-pCbicjaP0zA,박지의 CCTV,lPjZqTJLPY0,얼굴그릴때 비율이 중요한 이유...,2025-10-23T08:30:24Z,637.0,False,85650,1862.0,69.0
5087,UChr-oBCz0mJ-pCbicjaP0zA,박지의 CCTV,qJZbQzzdEvg,머리가 안멈추는데 어떡해 ㅜ.ㅜ,2025-10-24T08:10:41Z,23.0,True,274114,9531.0,106.0
5087,UChr-oBCz0mJ-pCbicjaP0zA,박지의 CCTV,3vEj2mLRBZs,"내가 전부, 가르쳐 줄게.",2025-11-01T03:30:05Z,598.0,False,85783,1943.0,75.0
5087,UChr-oBCz0mJ-pCbicjaP0zA,박지의 CCTV,jECBbkPhVUk,아키 X 텐시,2025-11-06T08:30:24Z,30.0,True,195318,6036.0,72.0
5087,UChr-oBCz0mJ-pCbicjaP0zA,박지의 CCTV,MkRhl4S-rXo,아키텐시 일러스트 그림 #chainsawman,2025-11-11T08:44:18Z,60.0,True,173978,8199.0,108.0
5087,UChr-oBCz0mJ-pCbicjaP0zA,박지의 CCTV,tFKnpJBDix0,거울보고 그리기만 해봐,2025-11-14T08:30:37Z,710.0,False,75785,1842.0,51.0
5087,UChr-oBCz0mJ-pCbicjaP0zA,박지의 CCTV,Gg4zn93Vmow,매끈매끈하다,2025-11-17T07:16:29Z,14.0,True,158347,4076.0,142.0
5087,UChr-oBCz0mJ-pCbicjaP0zA,박지의 CCTV,jFuptTCbzMo,목이 왜 여기있는건데;;,2025-11-20T08:21:19Z,49.0,True,87921,2424.0,26.0
5087,UChr-oBCz0mJ-pCbicjaP0zA,박지의 CCTV,5r2szlr8ZIk,박지학원 망했습니다...,2025-11-25T08:30:09Z,616.0,False,63368,1672.0,34.0
5087,UChr-oBCz0mJ-pCbicjaP0zA,박지의 CCTV,1Y3VAvwX_24,보추 어딨어!!!!!!!! #스타세이비어,2025-11-29T04:30:04Z,496.0,False,43800,543.0,26.0
5087,UChr-oBCz0mJ-pCbicjaP0zA,박지의 CCTV,FdbrR_MVBaU,메이플 스우를 그려보았다.,2025-12-05T08:30:13Z,31.0,True,92685,2239.0,60.0
5087,UChr-oBCz0mJ-pCbicjaP0zA,박지의 CCTV,adVb4IDigOA,선생님은 변기가 아니에요!,2025-12-08T08:30:01Z,624.0,False,61370,1532.0,45.0
5087,UChr-oBCz0mJ-pCbicjaP0zA,박지의 CCTV,Yba6nyqmi9g,샹젤리제 보추애호가 Aux Champs-Élysées,2025-12-10T08:39:34Z,36.0,True,241250,8320.0,225.0
5087,UChr-oBCz0mJ-pCbicjaP0zA,박지의 CCTV,il3ZeJiHytk,키는 안정했는데 ㅈㅈ길이는 정함,2025-12-16T08:30:33Z,494.0,False,190444,4592.0,150.0
5087,UChr-oBCz0mJ-pCbicjaP0zA,박지의 CCTV,Ech4JdwQOXA,유부남은 차에서 고기를 먹는다,2025-12-21T03:54:48Z,44.0,True,90168,919.0,29.0
5087,UChr-oBCz0mJ-pCbicjaP0zA,박지의 CCTV,kEYcDUbo1EM,스스로 젖소라 생각하는 인간;;,2025-12-25T04:00:45Z,32.0,True,89188,1860.0,9.0
5087,UChr-oBCz0mJ-pCbicjaP0zA,박지의 CCTV,ryUvMCALdec,이런 캐릭터를 피드백하라고...?,2026-01-02T08:30:34Z,598.0,False,127524,3019.0,64.0
5087,UChr-oBCz0mJ-pCbicjaP0zA,박지의 CCTV,Yu9GJ43U9dg,루돌프코 아닌데~ 루돌프코 아닌데~,2026-01-11T09:41:56Z,482.0,False,56410,1516.0,63.0
5087,UChr-oBCz0mJ-pCbicjaP0zA,박지의 CCTV,H7UySUOocKE,뭐가 보인다는건지 전혀 모르겠는걸?,2026-01-20T08:30:17Z,616.0,False,69390,1853.0,95.0
5087,UChr-oBCz0mJ-pCbicjaP0zA,박지의 CCTV,gSXeo0zMfaA,수컷입니다. 가능하신분?,2026-01-29T08:30:19Z,592.0,False,75580,1979.0,126.0
5087,UChr-oBCz0mJ-pCbicjaP0zA,박지의 CCTV,AWfO0JkIuk4,3년만에 존잘이 되다,2026-02-07T04:15:00Z,525.0,False,78971,2040.0,72.0
5087,UChr-oBCz0mJ-pCbicjaP0zA,박지의 CCTV,4tevggacL74,행복한 수림이~,2026-02-15T03:31:36Z,52.0,True,280328,8238.0,55.0
5087,UChr-oBCz0mJ-pCbicjaP0zA,박지의 CCTV,cIAj3aGpP6Q,XX 세워!,2026-02-20T08:30:22Z,54.0,True,205223,5353.0,43.0
5087,UChr-oBCz0mJ-pCbicjaP0zA,박지의 CCTV,ufvFNG4w404,아... 늙기싫다..!,2026-03-06T08:30:37Z,580.0,False,41705,1224.0,38.0
5087,UChr-oBCz0mJ-pCbicjaP0zA,박지의 CCTV,bMISgQuGeM4,뭐가 나온다고요????,2026-03-14T09:00:50Z,531.0,False,38915,1119.0,40.0
5087,UChr-oBCz0mJ-pCbicjaP0zA,박지의 CCTV,U86wxcGy45c,그만 잘그려주세요.,2026-03-21T03:06:35Z,626.0,False,54870,1969.0,55.0
5087,UChr-oBCz0mJ-pCbicjaP0zA,박지의 CCTV,5DE7VjC5YBM,머릿무게로 짓누르기,2026-03-28T03:17:39Z,483.0,False,26651,799.0,41.0
5087,UChr-oBCz0mJ-pCbicjaP0zA,박지의 CCTV,UMTnBYQHJII,투시 ㅈ고수 되기ㅋㅋㅋㅋㅋ,2026-04-04T04:00:33Z,543.0,False,56252,2545.0,58.0
5087,UChr-oBCz0mJ-pCbicjaP0zA,박지의 CCTV,GNlySTxmaBQ,일단 똥을싸라. 그러면 유명해질것이다.,2026-04-11T04:00:06Z,605.0,False,29200,1047.0,56.0
5087,UChr-oBCz0mJ-pCbicjaP0zA,박지의 CCTV,WMpfhtJ-WOo,이 작가는 공짜로 조롱해줍니다.,2026-04-21T08:30:14Z,680.0,False,51418,1787.0,52.0
5087,UChr-oBCz0mJ-pCbicjaP0zA,박지의 CCTV,zk3QwxV0sdk,털선쓰면 가만안둬,2026-04-25T04:53:46Z,31.0,True,115984,2858.0,28.0
5087,UChr-oBCz0mJ-pCbicjaP0zA,박지의 CCTV,5tIQcMTYjEo,박지공.. 어찌하여 머리만 오셨소...,2026-05-02T04:15:54Z,636.0,False,42609,1431.0,45.0
5087,UChr-oBCz0mJ-pCbicjaP0zA,박지의 CCTV,o_gdSgcSZrY,31살아저씨는 술을 좋아한다,2026-05-05T08:14:09Z,89.0,False,18298,1526.0,33.0
5087,UChr-oBCz0mJ-pCbicjaP0zA,박지의 CCTV,Q_RdyZW0bmE,31살 아저씨 해장한다,2026-05-10T11:18:15Z,60.0,True,11347,523.0,26.0
5087,UChr-oBCz0mJ-pCbicjaP0zA,박지의 CCTV,1AWQr9hI3nI,박지가 피드백하면 이렇게됩니다.,2026-05-15T09:00:50Z,622.0,False,20642,1299.0,32.0
5088,UCRY7fC6z4j0allrqlFz2rZw,BOUNCE FACTORY,Czu9ssuZe08,"(EXO) 엑소 ""으르렁"" #안양댄스스튜디오 #안양댄스 #엑소 #exo #으르렁 #bouncefactory #kpopdancecover #바운스팩토리",2026-01-22T10:12:40Z,29.0,True,1373,12.0,0.0
5088,UCRY7fC6z4j0allrqlFz2rZw,BOUNCE FACTORY,_BZ3V0rX4aA,"화요일 키즈 기초반 ""unhinged"" #안양댄스 #안양댄스스튜디오 #bouncefactory #kidsclass #키즈기초반 #masego #unhinged",2026-01-23T10:21:42Z,31.0,True,1990,24.0,3.0
5088,UCRY7fC6z4j0allrqlFz2rZw,BOUNCE FACTORY,A_qAOwciUHA,"화목한화목반 ""LOVE ME MORE"" #apink #lovememore #bouncefactory #kpopclass #바운스팩토리 #안양댄스스튜디오 #에이핑크",2026-01-26T10:23:45Z,17.0,True,1601,10.0,1.0
5088,UCRY7fC6z4j0allrqlFz2rZw,BOUNCE FACTORY,DbOIUopFPXA,"화목 취미 기초반! 기본기부터 차근차근 따라하세요👣 ""because of you"" #neyo #becauseofyou #basicclass #취미기초반 #기초반 #안양댄스스튜디오",2026-01-27T09:27:15Z,56.0,True,1737,16.0,2.0
5088,UCRY7fC6z4j0allrqlFz2rZw,BOUNCE FACTORY,kn_epJCeIfo,"쌤들 에이핑크 댄브 ""LOVE ME MORE"" #lovememore #apink #에이핑크 #바운스팩토리 #안양댄스스튜디오 #안양댄스 #bouncefactory #kpopclass",2026-01-28T11:18:16Z,18.0,True,1522,13.0,2.0
5088,UCRY7fC6z4j0allrqlFz2rZw,BOUNCE FACTORY,kp4MqfhR7W0,"히키쌤 ""where you at""#alldayproject #whereyouat #bouncefactory #안양댄스스튜디오 #바운스팩토리 #안양댄스 #올데프",2026-01-29T09:22:27Z,34.0,True,1812,21.0,2.0
5088,UCRY7fC6z4j0allrqlFz2rZw,BOUNCE FACTORY,9sx_Ko_9vaM,"월/수 CM Choreo Class / Logic ""everybody "" #choreography #cm #bouncefactory #안양댄스 #안양댄스스튜디오 #바운스팩토리",2026-01-30T08:18:27Z,48.0,True,1597,25.0,2.0
5088,UCRY7fC6z4j0allrqlFz2rZw,BOUNCE FACTORY,KUH0a7E1IfU,"월/수 케이팝반 ""LOVE ME MORE"" #apink #lovememore #에이핑크 #안양댄스 #안양댄스스튜디오 #바운스팩토리 #케이팝 #kpop #bouncefactory",2026-01-31T08:29:32Z,52.0,True,1466,18.0,1.0
5088,UCRY7fC6z4j0allrqlFz2rZw,BOUNCE FACTORY,iCdvOh1dRJg,"쌤들이 커버한 EXO ""Crown""🤴👸.💃🕺#exo #crown #엑소 #바운스팩토리 #안양댄스스튜디오 #안양댄스 #bouncefactory #kpopdancecover",2026-02-02T11:05:34Z,34.0,True,1794,28.0,1.0
5088,UCRY7fC6z4j0allrqlFz2rZw,BOUNCE FACTORY,QnxCzPTh5u4,"화목한화목반 Apink (에이핑크) ""LOVE ME MORE"" #apink #lovememore #에이핑크 #bouncefactory #바운스팩토리 #안양댄스 #안양댄스스튜디오",2026-02-03T09:34:09Z,56.0,True,1860,19.0,1.0
5088,UCRY7fC6z4j0allrqlFz2rZw,BOUNCE FACTORY,JpwO9_xJLJU,"화목한화목반 EXO (엑소) ""Crown"" #exo #엑소 #crown  #bouncefactory #바운스팩토리 #안양댄스 #안양댄스스튜디오 #kpop",2026-02-05T10:35:18Z,34.0,True,2266,27.0,1.0
5088,UCRY7fC6z4j0allrqlFz2rZw,BOUNCE FACTORY,oPliod0YbQ4,화/목 취미 기초반! 기초부터 차근차근👣 #bouncefactory #바운스팩토리 #안양댄스 #안양댄스스튜디오 #댄스기초반 #basicclass,2026-02-06T09:10:36Z,29.0,True,1870,20.0,1.0
5088,UCRY7fC6z4j0allrqlFz2rZw,BOUNCE FACTORY,4YiFvd5KleQ,"새벽쌤 i-dle(아이들) ""Mono"" #아이들 #mono #idle #안양댄스스튜디오 #바운스팩토리 #bouncefactory #안양댄스",2026-02-07T09:39:17Z,30.0,True,1496,19.0,1.0
5088,UCRY7fC6z4j0allrqlFz2rZw,BOUNCE FACTORY,YFmENisq5kA,"화목한화목반 ENHYPEN (엔하이픈) ""Knife"" #enhypen #knife #엔하이픈 #안양댄스 #안양댄스스튜디오 #bouncefactory #바운스팩토리",2026-02-11T11:43:02Z,20.0,True,1634,18.0,1.0
5088,UCRY7fC6z4j0allrqlFz2rZw,BOUNCE FACTORY,PlZ79w5PYQw,"월/수 케이팝반 i-dle(아이들) ""Mono"" #아이들 #mono #idle #안양댄스스튜디오 #바운스팩토리 #안양댄스 #bouncefactory #안양댄스학원",2026-02-13T09:31:18Z,27.0,True,2098,27.0,2.0
5088,UCRY7fC6z4j0allrqlFz2rZw,BOUNCE FACTORY,SLfibzEyxbM,매주 금요일 힙합기초반 #bouncefactory #바운스팩토리 #안양댄스 #안양댄스스튜디오 #힙합기초반 #기초반,2026-02-14T09:06:28Z,29.0,True,1524,19.0,0.0
5088,UCRY7fC6z4j0allrqlFz2rZw,BOUNCE FACTORY,yyviQXgAOZ8,"화목한화목반 K-pop Class KiiiKiii (키키) ""404"" #kiiikiii #404 #키키  #bouncefactory #바운스팩토리 #안양댄스 #안양댄스스튜디오",2026-02-20T10:57:57Z,25.0,True,2035,16.0,1.0
5088,UCRY7fC6z4j0allrqlFz2rZw,BOUNCE FACTORY,OnR0mE9XHIo,월/수 CM Choreo Class #chrisbrown #arianagrande #안양댄스 #바운스팩토리 bouncefactory #choreography #neonbleed,2026-02-24T09:38:10Z,38.0,True,1542,27.0,1.0
5088,UCRY7fC6z4j0allrqlFz2rZw,BOUNCE FACTORY,H5XYRHSedwA,"히키쌤 IVE(아이브) ""bang bang"" #ive #bangbang #bouncefactory #아이브 #뱅뱅 #안양댄스스튜디오 #바운스팩토리 #안양댄스 #안양댄스스튜디오",2026-02-28T09:44:43Z,42.0,True,1845,24.0,1.0
5088,UCRY7fC6z4j0allrqlFz2rZw,BOUNCE FACTORY,MskVkvUhNfo,"토요일 오전 케이팝반 키키 ""404"" #kiiikiii #404 #키키 #안양댄스 #바운스팩토리 #오전케이팝 #안양댄스스튜디오",2026-03-04T11:14:15Z,25.0,True,1688,16.0,1.0
5088,UCRY7fC6z4j0allrqlFz2rZw,BOUNCE FACTORY,kkOgTkC1xlw,Connor price & Nic D - Slide / CM Choreography #connerprice #slide #안양댄스 #바운스팩토리 #bouncefactory,2026-03-06T09:56:08Z,33.0,True,965,22.0,2.0
5088,UCRY7fC6z4j0allrqlFz2rZw,BOUNCE FACTORY,EgFoiXNgAfE,"화목한화목반 TWS(투어스) ""다시 만난 오늘"" #tws #투어스 #다시만난오늘 #안양댄스 #bouncefactory #바운스팩토리 #안양댄스스튜디오",2026-03-09T11:27:42Z,38.0,True,2046,26.0,3.0
5088,UCRY7fC6z4j0allrqlFz2rZw,BOUNCE FACTORY,3jfyGTShZGM,매주 금요일 힙합기초반💥#bouncefactory #바운스팩토리 #안양댄스 #안양댄스스튜디오 #힙합기초반 #기초반,2026-03-10T10:21:52Z,55.0,True,1775,15.0,1.0
5088,UCRY7fC6z4j0allrqlFz2rZw,BOUNCE FACTORY,SGLm8UdwqKE,"보미쌤 ITZY (있지) ""THAT'S A NONO"" #itzy #thatsnono #있지 #안양댄스 #바운스팩토리 #댓츠노노 #bouncefactory #kpop",2026-03-11T11:27:55Z,40.0,True,2886,35.0,1.0
5088,UCRY7fC6z4j0allrqlFz2rZw,BOUNCE FACTORY,3U4wIJwHpFA,"화목한화목반 IVE(아이브) ""BANG BANG"" #ive #bangbang #아이브 #bouncefactory #바운스팩토리 #안양댄스 #안양댄스스튜디오",2026-03-13T09:23:42Z,47.0,True,2130,18.0,1.0
5088,UCRY7fC6z4j0allrqlFz2rZw,BOUNCE FACTORY,vvOLwGvLug0,화/목 취미 기초반! 기초부터 차근차근💯 #bouncefactory #바운스팩토리 #안양댄스 #안양댄스스튜디오 #취미기초반 #기초반 #취미반,2026-03-16T10:49:42Z,35.0,True,2045,10.0,1.0
5088,UCRY7fC6z4j0allrqlFz2rZw,BOUNCE FACTORY,2GXv9svvl_A,"새벽쌤 하츠투하츠 ""RUDE"" #heart2heart #rude #하츠투하츠 #안양댄스스튜디오 #바운스팩토리 #안양댄스 #안양댄스스튜디오 #안양케이팝 #kpop #kpopclass",2026-03-18T11:19:24Z,26.0,True,1631,15.0,1.0
5088,UCRY7fC6z4j0allrqlFz2rZw,BOUNCE FACTORY,BUIrXGHtSNg,"토요일 오전 케이팝반 IVE(아이브) ""BANG BANG"" #아이브 #ive #bangbang #안양댄스 #바운스팩토리 #bouncefactory #안양댄스스튜디오 #뱅뱅",2026-03-19T09:47:48Z,37.0,True,1964,17.0,1.0
5088,UCRY7fC6z4j0allrqlFz2rZw,BOUNCE FACTORY,KsKZe9w29n8,CM Choreo Class #choreography #choreoclass #안양댄스 #바운스팩토리 bouncefactory #janetjackson #cm #안양댄스스튜디오,2026-03-20T10:03:26Z,48.0,True,333,13.0,2.0
5088,UCRY7fC6z4j0allrqlFz2rZw,BOUNCE FACTORY,h2Uj_1Rtatc,"화목한화목반 ITZY (있지) ""THAT'S  A  NONO"" #itzy #thatsnono #있지 #bouncefactory #바운스팩토리 #안양댄스 #안양댄스스튜디오",2026-03-21T09:20:58Z,45.0,True,2103,18.0,1.0
5088,UCRY7fC6z4j0allrqlFz2rZw,BOUNCE FACTORY,bff9rIaOsjk,"히키쌤 heart2hearts ""RUDE"" #heart2heart #rude #bouncefactory #안양댄스스튜디오 #바운스팩토리 #kpop #하츠투하츠 #안양댄스",2026-03-23T11:08:02Z,29.0,True,2187,24.0,2.0
5088,UCRY7fC6z4j0allrqlFz2rZw,BOUNCE FACTORY,E62VhPB2E_0,"평균나이 40대✨️  BTS ""SWIM"" #바운스팩토리 #화목한화목반 #bts #swim #방탄소년단 #안양댄스 #안양댄스스튜디오 #bouncefactory",2026-03-27T09:18:07Z,29.0,True,1662,16.0,1.0
5088,UCRY7fC6z4j0allrqlFz2rZw,BOUNCE FACTORY,vm9JOjf5L2c,"새벽쌤 (키키) KiiiKiii ""404"" #키키 #kiiikiii #404 #안양댄스스튜디오 #바운스팩토리 #bouncefactory #안양댄스",2026-03-28T10:01:02Z,27.0,True,1718,18.0,1.0
5088,UCRY7fC6z4j0allrqlFz2rZw,BOUNCE FACTORY,zPKCBEmWH9E,"새벽쌤 (아이브) IVE ""bang bang"" #IVE #아이브 #bangbang #안양댄스스튜디오 #바운스팩토리 #뱅뱅 #안양댄스 #케이팝 #bouncefactory",2026-03-30T10:21:06Z,35.0,True,2631,38.0,2.0
5088,UCRY7fC6z4j0allrqlFz2rZw,BOUNCE FACTORY,YgHvDKCQN-w,"월/수 CM Choreo Class / BTS "" SWIM "" #swim #bts #안양댄스 #바운스팩토리 bouncefactory #choreography #cm",2026-04-03T09:38:40Z,58.0,True,1561,38.0,5.0
5088,UCRY7fC6z4j0allrqlFz2rZw,BOUNCE FACTORY,ZTjRJ7dZghc,"TWS(투어스) ""다시 만난 오늘"" #투어스 #다시만난오늘 #tws #안양댄스 #바운스팩토리 #bouncefactory #오전케이팝",2026-04-07T09:22:23Z,38.0,True,1797,16.0,1.0
5088,UCRY7fC6z4j0allrqlFz2rZw,BOUNCE FACTORY,2Mp8TQGmVms,Crash Adam's / New Heart #newheart #creshadams #choreography #안양댄스스튜디오 #바운스팩토리 #cm #안양댄스,2026-04-08T10:16:30Z,40.0,True,2323,15.0,4.0
5088,UCRY7fC6z4j0allrqlFz2rZw,BOUNCE FACTORY,TrB_wo3_80o,"BTS "" 2.0 "" 평균나이 40대...💜 #bts #⒉0 #방탄소년단 #bouncefactory #바운스팩토리 #안양댄스 #안양댄스스튜디오",2026-04-09T09:23:21Z,49.0,True,2524,14.0,3.0
5088,UCRY7fC6z4j0allrqlFz2rZw,BOUNCE FACTORY,PZzOkKSD8aw,수요일 오전 시니어반✨️#시니어반 #sonick #neyo #bouncefactory #바운스팩토리 #안양댄스 #안양댄스스튜디오 #셔플 #셔플댄스기초 #셔플댄스,2026-04-10T09:39:41Z,54.0,True,1938,15.0,1.0
5088,UCRY7fC6z4j0allrqlFz2rZw,BOUNCE FACTORY,QSfbTDPQNCs,Jay don _ Lullaby / CM Choreo Class  #jaydon #lullaby #choreography #안양댄스스튜디오 #바운스팩토리 #안양댄스 #코레오그래피,2026-04-17T09:42:25Z,48.0,True,1299,21.0,5.0
5088,UCRY7fC6z4j0allrqlFz2rZw,BOUNCE FACTORY,11nkBWAUT3M,"BTS ""MIC DROP"" #bts #mıcdrop  #방탄소년단 #bouncefactory #바운스팩토리 #안양댄스 #안양댄스스튜디오 #kpop",2026-04-18T08:29:40Z,58.0,True,1737,20.0,1.0
5088,UCRY7fC6z4j0allrqlFz2rZw,BOUNCE FACTORY,KVZh5t8rJ-Y,금요일 액티브 시니어반✨️ 김완선 / 삐에로는 우릴보고 웃지 #셔플댄스 #셔플 #시니어반 #액티브시니어반 #셔플댄스 #김완선  #bouncefactory #바운스팩토리,2026-04-20T09:53:19Z,60.0,True,1327,15.0,2.0
5088,UCRY7fC6z4j0allrqlFz2rZw,BOUNCE FACTORY,z_YMno1woaw,"새벽쌤 (있지) ITZY ""that's a no no"" #ıtzy #thatsnono #있지 #안양댄스스튜디오 #바운스팩토리 #bouncefactory #안양댄스",2026-04-21T12:23:40Z,42.0,True,2775,23.0,1.0
5088,UCRY7fC6z4j0allrqlFz2rZw,BOUNCE FACTORY,troK4Iyz4HI,N'John / Pop Out💥#NJohn #popout #choreography #안양댄스스튜디오 #바운스팩토리 #안양댄스 #코레오그래피,2026-04-23T10:19:56Z,41.0,True,109857,73.0,1.0
5088,UCRY7fC6z4j0allrqlFz2rZw,BOUNCE FACTORY,2W0pz54QJYE,"새벽쌤 DAYOUNG (다영) ""What's A Girl To Do "" #다영 #dayoung #whatsagirltodo #안양댄스스튜디오 #바운스팩토리",2026-04-29T11:24:12Z,30.0,True,1713,16.0,1.0
5088,UCRY7fC6z4j0allrqlFz2rZw,BOUNCE FACTORY,pVVYWK7tlyY,"BTS ""I NEED U"" #bts #ineedu #방탄소년단 #bouncefactory #바운스팩토리 #안양댄스 #안양댄스스튜디오 #kpop #kpopclass",2026-05-02T08:40:03Z,49.0,True,1716,14.0,1.0
5088,UCRY7fC6z4j0allrqlFz2rZw,BOUNCE FACTORY,gggHRMYsXqI,Aaliyah / Are you that somebody #aaliyah #areyouthatsombody #choreography #안양댄스스튜디오 #바운스팩토리,2026-05-07T11:15:41Z,56.0,True,1757,55.0,1.0
5088,UCRY7fC6z4j0allrqlFz2rZw,BOUNCE FACTORY,BQrueoa5-0A,"BTS(방탄소년단) ""2.0"" #오전케이팝반 #안양댄스스튜디오 #bouncefactory #방탄소년단 #bts #⒉0 #안양댄스 #바운스팩토리",2026-05-11T09:09:01Z,43.0,True,1917,23.0,1.0
5088,UCRY7fC6z4j0allrqlFz2rZw,BOUNCE FACTORY,xmmM7CvV4OY,"CORTIS(코르티스) ""REDRED"" #코르티스 #cortis #redred #안양댄스 #바운스팩토리 #안양댄스스튜디오 #bouncefactory",2026-05-14T10:20:29Z,55.0,True,1222,8.0,1.0
5088,UCRY7fC6z4j0allrqlFz2rZw,BOUNCE FACTORY,B-T9cRMNO54,Kodoku / ONE MORE TIME. #kodoku #onemorerime #choreography #안양댄스스튜디오 #바운스팩토리 #cm #안양댄스 #코레오그래피,2026-05-16T10:30:45Z,33.0,True,545,5.0,1.0
5089,UCj1RW5MrOLh_VrX3yHF_yow,MadLife TV,SLc8ESdScn8,[LOL] 매드라이프의 분홍빛 협곡 나들이,2024-03-14T08:00:12Z,698.0,False,5803,116.0,11.0
5089,UCj1RW5MrOLh_VrX3yHF_yow,MadLife TV,K3_lpsBim8o,"[LOL FULL] 어우, 정신 사나워",2024-03-15T08:00:08Z,497.0,False,5638,104.0,8.0
5089,UCj1RW5MrOLh_VrX3yHF_yow,MadLife TV,rP8T0suepnc,[LOL] 그래.. 이게 맞는 거지...,2024-03-16T08:00:26Z,640.0,False,5477,132.0,15.0
5089,UCj1RW5MrOLh_VrX3yHF_yow,MadLife TV,r6j4cFJJD3M,[LOL] 잘한다~! 매드라이프!🙏🙏,2024-03-17T08:00:26Z,902.0,False,8748,143.0,23.0
5089,UCj1RW5MrOLh_VrX3yHF_yow,MadLife TV,Dcqh3xEMfRc,[LOL FULL] 매라만 믿으라구!! / 브라움 서포터,2024-03-18T08:00:12Z,580.0,False,8638,146.0,14.0
5089,UCj1RW5MrOLh_VrX3yHF_yow,MadLife TV,Zdq-LevdTOw,[LOL FULL] 모여라 협곡방범대🦸🏼‍♂️,2024-03-19T08:00:14Z,562.0,False,5463,110.0,9.0
5089,UCj1RW5MrOLh_VrX3yHF_yow,MadLife TV,Bkj6pK77yUU,[LOL FULL] 이렇게까지 원한 건 아닌데,2024-03-20T08:00:06Z,527.0,False,5039,99.0,11.0
5089,UCj1RW5MrOLh_VrX3yHF_yow,MadLife TV,BF-k6N-xXf8,[LOL] 서포터에게 필수!! 매드라이프의 협곡 내 훈육 방법,2024-03-21T08:00:04Z,1015.0,False,7048,110.0,9.0
5089,UCj1RW5MrOLh_VrX3yHF_yow,MadLife TV,INLbHwiCe8s,[LOL FULL] 내가 블츠고 블츠가 곧 나다 / 블리츠크랭크 서포터,2024-03-22T08:00:15Z,585.0,False,120325,900.0,87.0
5089,UCj1RW5MrOLh_VrX3yHF_yow,MadLife TV,_kmsjtMDtAE,"[LOL] 타코야끼, 그는 신이야!!",2024-03-23T08:00:20Z,674.0,False,6330,122.0,6.0
5089,UCj1RW5MrOLh_VrX3yHF_yow,MadLife TV,YhLsM4scYic,[LOL FULL] 보는 나도 멀미가 나...🤮,2024-03-24T08:00:27Z,542.0,False,12298,166.0,14.0
5089,UCj1RW5MrOLh_VrX3yHF_yow,MadLife TV,sUyjbMcBDyo,[LOL] 저 라인 잘못 온 거 같아요... / 카밀 서포터,2024-03-26T10:15:03Z,720.0,False,22024,219.0,20.0
5089,UCj1RW5MrOLh_VrX3yHF_yow,MadLife TV,5GhqyxqrFZ4,[LOL FULL] 기냥 땡기면 다 끌려와~,2024-03-27T08:00:05Z,727.0,False,9861,115.0,8.0
5089,UCj1RW5MrOLh_VrX3yHF_yow,MadLife TV,4R7Zo5iGvaI,[LOL FULL] 전적으로 저를 믿으셔야 합니다 👨🏻‍🏫,2024-03-28T08:00:02Z,772.0,False,17193,196.0,18.0
5089,UCj1RW5MrOLh_VrX3yHF_yow,MadLife TV,KLJrPCFZavI,[LOL] 그랩을 쏠 곳을 고르시오. (3점),2024-03-30T08:00:17Z,922.0,False,13519,178.0,21.0
5089,UCj1RW5MrOLh_VrX3yHF_yow,MadLife TV,SDR1nrfD3gg,[LOL FULL] 원딜아~ 앞으로 매라님 말 잘 듣고 잘 살아야 한다~~😂,2024-03-31T08:00:19Z,797.0,False,6843,96.0,5.0
5089,UCj1RW5MrOLh_VrX3yHF_yow,MadLife TV,mk0SfPR-u5w,[LOL FULL] 자네... 휘청거리고 있지 않나?,2024-04-01T08:00:24Z,513.0,False,6629,120.0,11.0
5089,UCj1RW5MrOLh_VrX3yHF_yow,MadLife TV,B5T08kA-Izw,[LOL] 사태가 꽤 심각하네요...,2024-04-03T08:00:10Z,1294.0,False,18505,220.0,34.0
5089,UCj1RW5MrOLh_VrX3yHF_yow,MadLife TV,9VCi1zAl1_o,[LOL FULL] 그렇게 매라의 세상은 무너졌다,2024-04-04T08:00:04Z,676.0,False,8234,154.0,11.0
5089,UCj1RW5MrOLh_VrX3yHF_yow,MadLife TV,RL1UceKywVI,[LOL] 내가 딜템가면 너네가 뭘 할 수 있는데,2024-04-05T08:00:13Z,1131.0,False,14669,170.0,9.0
5089,UCj1RW5MrOLh_VrX3yHF_yow,MadLife TV,iqx7l-KAKC8,[LOL FULL] 이 뽕맛에 취하면 서포터 못 끊습니다,2024-04-06T08:00:31Z,627.0,False,9249,116.0,5.0
5089,UCj1RW5MrOLh_VrX3yHF_yow,MadLife TV,I4Ams60_mDg,[LOL FULL] 마님은 왜 노틸에게 쌀밥을 주었나 🍚 / 노틸러스 서포터,2024-04-08T08:00:09Z,508.0,False,8136,123.0,10.0
5089,UCj1RW5MrOLh_VrX3yHF_yow,MadLife TV,mjbGqM08L8Q,[LOL FULL] 잠시 집중 좀 하겠습니다.,2024-04-09T08:00:33Z,538.0,False,9195,134.0,12.0
5089,UCj1RW5MrOLh_VrX3yHF_yow,MadLife TV,TnSxH5v_OFM,[LOL] 이제 호두도 그랩 할 줄 알아요! 🐱,2024-04-10T08:00:17Z,1096.0,False,19331,244.0,15.0
5089,UCj1RW5MrOLh_VrX3yHF_yow,MadLife TV,2ks6IK49DIA,[LOL FULL] 왜 부캐가 더 잘 되는 건데!!,2024-04-11T08:00:02Z,498.0,False,8787,130.0,13.0
5089,UCj1RW5MrOLh_VrX3yHF_yow,MadLife TV,3yyzv4msJBw,[LOL] 난 핸들이 고장난 협곡의 전령,2024-04-16T08:00:02Z,813.0,False,6521,135.0,10.0
5089,UCj1RW5MrOLh_VrX3yHF_yow,MadLife TV,6CFKxsGHZbQ,[LOL] 하이텐션 광란의 매드라이프,2024-04-17T08:00:02Z,792.0,False,8597,151.0,9.0
5089,UCj1RW5MrOLh_VrX3yHF_yow,MadLife TV,ktzlBcuQxH8,[LOL FULL] 진짜 경기력 미쳤다...,2024-04-19T08:00:23Z,671.0,False,10974,132.0,11.0
5089,UCj1RW5MrOLh_VrX3yHF_yow,MadLife TV,XtNXsFTF3I8,[LOL] 자낳대 준우승과 함께 돌아온 매드라이프,2024-04-26T08:00:19Z,927.0,False,7735,133.0,9.0
5089,UCj1RW5MrOLh_VrX3yHF_yow,MadLife TV,O1ws56YA6iI,[LOL FULL] 우리 원쪽이들 어떡할 거야 이거,2024-04-27T08:00:19Z,659.0,False,6266,98.0,9.0
5089,UCj1RW5MrOLh_VrX3yHF_yow,MadLife TV,aIkI0osIUWg,[LOL] 오늘 5시 전갈킹 레이드 있습니다 🦂,2024-04-29T08:00:00Z,771.0,False,6546,104.0,9.0
5089,UCj1RW5MrOLh_VrX3yHF_yow,MadLife TV,vLATgJoobJI,[LOL FULL] ??? : 즐거우세요?,2024-05-02T08:00:26Z,818.0,False,5864,97.0,8.0
5089,UCj1RW5MrOLh_VrX3yHF_yow,MadLife TV,yLCUYvGBJrw,"[LOL] 졌잘싸의 표본, 매드라이프",2024-05-04T08:00:36Z,864.0,False,6318,102.0,15.0
5089,UCj1RW5MrOLh_VrX3yHF_yow,MadLife TV,P_Ie8NNVLjM,[LOL FULL] 이길 것 같은 게임도 가능한 세밀하게,2024-05-06T08:15:02Z,817.0,False,6789,119.0,7.0
5089,UCj1RW5MrOLh_VrX3yHF_yow,MadLife TV,j_-5a2sGvMw,[카트라이더] 롤 전프로의 레이싱 실력은..? / 카트라이더 합방 1편 (with. 형독),2024-05-09T11:00:37Z,659.0,False,2574,63.0,8.0
5089,UCj1RW5MrOLh_VrX3yHF_yow,MadLife TV,2FgAc9-fRr8,[LOL] 진짜 후회 안 하실 겁니다,2024-05-10T09:30:00Z,876.0,False,10280,160.0,10.0
5089,UCj1RW5MrOLh_VrX3yHF_yow,MadLife TV,Jwlm-bHpJt0,[카트라이더] 아아 뉴비는 1등이 하고싶다...! / 카트라이더 합방 2편 (with. 형독),2024-05-12T08:00:09Z,1113.0,False,2583,56.0,6.0
5089,UCj1RW5MrOLh_VrX3yHF_yow,MadLife TV,0oawSOKlGLU,[카트라이더] 나 좀 제발 가게 내버려둬... / 카트라이더 합방 3편 (with. 형독),2024-05-19T08:00:00Z,1469.0,False,2177,43.0,5.0
5089,UCj1RW5MrOLh_VrX3yHF_yow,MadLife TV,8aUwMrA7uHM,[LOL] 매라와 함께 알아보는 14.10 패치노트,2024-05-23T08:00:08Z,1259.0,False,6809,133.0,19.0
5089,UCj1RW5MrOLh_VrX3yHF_yow,MadLife TV,_V5t1pUWZr0,[LOL FULL] 새 신을 신고 뛰어보자 폴짝,2024-05-24T08:00:19Z,858.0,False,22224,239.0,14.0
5089,UCj1RW5MrOLh_VrX3yHF_yow,MadLife TV,OfJ9l9Q9lbU,[LOL] 원딜에게 가려면 나부터 뚫어라 / 나미 서포터,2024-05-25T08:00:13Z,1129.0,False,15240,199.0,18.0
5089,UCj1RW5MrOLh_VrX3yHF_yow,MadLife TV,kAZr_pL8BV4,"[LOL FULL] 푹, 찍, 억!! / 파이크 서포터",2024-05-27T08:00:31Z,742.0,False,9023,127.0,9.0
5089,UCj1RW5MrOLh_VrX3yHF_yow,MadLife TV,m4NqSyX8EYs,[LOL] 롤은 결국 밸류다,2024-05-28T08:00:23Z,683.0,False,14844,174.0,12.0
5089,UCj1RW5MrOLh_VrX3yHF_yow,MadLife TV,WnmAAfNNIHk,"[LOL FULL] 배울 자세가 되어있는 청년, 매드라이프",2024-05-29T08:15:02Z,581.0,False,8534,140.0,12.0
5089,UCj1RW5MrOLh_VrX3yHF_yow,MadLife TV,pnVvhdgRLhA,"[LOL FULL] 최고의 방어는 걍 ""공격""하는거야",2024-05-31T08:00:29Z,660.0,False,9103,154.0,10.0
5089,UCj1RW5MrOLh_VrX3yHF_yow,MadLife TV,nwx2JrbvQAg,[LOL] 겜 좀 할 줄 아는 녀석들,2024-06-01T08:00:36Z,714.0,False,10967,153.0,19.0
5089,UCj1RW5MrOLh_VrX3yHF_yow,MadLife TV,JU8tEk-3jHc,[LOL FULL] 영웅은 죽지 않아요,2024-06-04T08:00:10Z,483.0,False,7372,126.0,9.0
5089,UCj1RW5MrOLh_VrX3yHF_yow,MadLife TV,c4SEIKWe8PY,[LOL] 둘이 먹다 하나 죽어도 모르는 서폿킬,2024-06-05T08:00:30Z,766.0,False,13817,187.0,13.0
5089,UCj1RW5MrOLh_VrX3yHF_yow,MadLife TV,-1dR_Y2TtAk,"[LOL FULL] ""침착함""이 곧 나의 무기",2024-06-06T08:00:00Z,500.0,False,13647,179.0,12.0
5089,UCj1RW5MrOLh_VrX3yHF_yow,MadLife TV,wkZJvGLO_fo,"[LOL] 한다면 하는 남자, 매드라이프",2024-06-08T08:00:36Z,604.0,False,53876,319.0,83.0
5090,UC7ITxSrzq-nhyyYzozpPmLA,트로트 맛집 - 국민의뽕짝,f4IL9wqUvT8,서지오 나태주 지원이 이국 조영구 은가은 강혜연 권민정 최백호 | LIVE 2025.12.05,2025-12-07T03:00:06Z,3732.0,False,308,9.0,0.0
5090,UC7ITxSrzq-nhyyYzozpPmLA,트로트 맛집 - 국민의뽕짝,9Mncl16-_Po,미스트롯4 다시 도전! 강력 우승후보 허찬미 무대 모음ㅣ허찬미 해운대밤바다 DJ에게 황홀한고백,2025-12-09T21:00:22Z,868.0,False,1417,14.0,3.0
5090,UC7ITxSrzq-nhyyYzozpPmLA,트로트 맛집 - 국민의뽕짝,AA9567sVOHs,미스트롯4를 뒤흔들 베테랑 이채윤 무대 모음ㅣ이채윤 삼삼하게,2025-12-11T22:00:20Z,1141.0,False,1289,9.0,1.0
5090,UC7ITxSrzq-nhyyYzozpPmLA,트로트 맛집 - 국민의뽕짝,msbFmbmFK2w,2025 보성벌교꼬막축제 1부 | 강민 김수련 김정인 채강미 전기호 김추리 최신희 현진우 미스김 | 가요베스트 LIVE 2025.12.14,2025-12-14T03:00:06Z,3631.0,False,892,27.0,26.0
5090,UC7ITxSrzq-nhyyYzozpPmLA,트로트 맛집 - 국민의뽕짝,1wFscTaXKI4,미스트롯4 왕언니 풍금 노래 모음ㅣ어서오이소 어우동 부라보아줌마,2025-12-17T03:00:04Z,568.0,False,1358,19.0,4.0
5090,UC7ITxSrzq-nhyyYzozpPmLA,트로트 맛집 - 국민의뽕짝,qzQvJW5z1kg,미스트롯4 마스터 스페셜 무대 모음ㅣ장윤정 장민호 김연자 송가인 진성,2025-12-19T03:01:08Z,2296.0,False,10519,174.0,15.0
5090,UC7ITxSrzq-nhyyYzozpPmLA,트로트 맛집 - 국민의뽕짝,OOjHT3-KY5U,2025 보성벌교꼬막축제 2부 | 한길로 서정아 장미남 유민 김무진 나태주 마이진 | 가요베스트 LIVE 2025.12.21,2025-12-21T03:00:06Z,3971.0,False,495,18.0,2.0
5090,UC7ITxSrzq-nhyyYzozpPmLA,트로트 맛집 - 국민의뽕짝,R-dBYQxa9_0,미스트롯 복습!ㅣ미스트롯4 1화 무대 원곡 다시 듣기ㅣ유지나 진시몬 금잔디 문희옥,2025-12-24T07:00:24Z,807.0,False,351,8.0,0.0
5090,UC7ITxSrzq-nhyyYzozpPmLA,트로트 맛집 - 국민의뽕짝,zIBvvyx9Ggk,송가인 생일 기념 🎂 송가인 레전드 무대 모음ㅣ무명배우 한많은대동강 가인이어라 오늘같이좋은날 거문고야 엄마아리랑,2025-12-26T01:01:21Z,1859.0,False,2035,155.0,4.0
5090,UC7ITxSrzq-nhyyYzozpPmLA,트로트 맛집 - 국민의뽕짝,IQckSwYrLBw,박상철 소유미 강혜연 소명 정삼 풍금 류지광 이소나 배일호 | LIVE 2025.12.28,2025-12-28T03:00:06Z,3576.0,False,287,11.0,3.0
5090,UC7ITxSrzq-nhyyYzozpPmLA,트로트 맛집 - 국민의뽕짝,r1AhXq-xwdE,한 해의 끝에서 부모를 생각하며ㅣ효녀가수 현숙 무대모음ㅣ친구에서연인으로 정말로 춤추는탬버린 물방울넥타이 내인생에박수 모빠는잘있단다,2025-12-31T05:01:18Z,1422.0,False,358,6.0,2.0
5090,UC7ITxSrzq-nhyyYzozpPmLA,트로트 맛집 - 국민의뽕짝,JnFmKsDVZbk,걸스데이 출신 트로트 가수 장혜리  미스트롯 4 출격ㅣ장혜리 라이브 노래 모음ㅣ사랑그게뭔데 서방님 빗물,2026-01-02T01:00:34Z,575.0,False,3201,22.0,0.0
5090,UC7ITxSrzq-nhyyYzozpPmLA,트로트 맛집 - 국민의뽕짝,hUD8a-knRFg,현숙 진시몬 허찬미 신승태 영기 한혜진 박주희 최정훈 이소나 최진희 | LIVE 2026.01.04,2026-01-04T03:00:06Z,3590.0,False,1210,24.0,5.0
5090,UC7ITxSrzq-nhyyYzozpPmLA,트로트 맛집 - 국민의뽕짝,3Jl-w_Q0pmQ,노래만 잘하는 줄 알았지? 마이진 박력댄스 라이브ㅣ몽당연필 사랑의리콜 심봤다,2026-01-08T07:00:03Z,768.0,False,3501,242.0,52.0
5090,UC7ITxSrzq-nhyyYzozpPmLA,트로트 맛집 - 국민의뽕짝,hhtQ6NT1-wE,나태주·미스김·김추리 트롯 메들리ㅣ인생열차 용됐구나 미스김 멋지다 사랑은연필로 뿐이고,2026-01-09T05:01:01Z,1705.0,False,537,8.0,0.0
5090,UC7ITxSrzq-nhyyYzozpPmLA,트로트 맛집 - 국민의뽕짝,w_3YJstFVgM,우연이 남승민 별사랑 조정민 박군 박진도 이혜진 설하윤 원플러스원 차은성 나영 조향조  | LIVE 2026.01.11,2026-01-11T03:00:06Z,3644.0,False,286,3.0,0.0
5090,UC7ITxSrzq-nhyyYzozpPmLA,트로트 맛집 - 국민의뽕짝,WHD82TZfr_M,"허찬미, 미스트롯4 눈물의 ‘진’등극! 우승후보 급부상ㅣ해운대밤바다 DJ에게 아직도어두운밤인가봐 황홀한고백",2026-01-14T05:00:42Z,868.0,False,2965,32.0,6.0
5090,UC7ITxSrzq-nhyyYzozpPmLA,트로트 맛집 - 국민의뽕짝,ENIorQj28P8,김희진 올하트 달성! 미스트롯4에서 터진 김희진 무대 모음ㅣ미스트롯1 톱8이었던 김희진 이번엔?,2026-01-16T03:00:24Z,736.0,False,1196,12.0,0.0
5090,UC7ITxSrzq-nhyyYzozpPmLA,트로트 맛집 - 국민의뽕짝,dcwKmPRitcc,배일호 김다나 한서경 조영구 최진희 한승기 지원이 김양 김수희 | LIVE 2026.01.18,2026-01-18T03:00:53Z,3555.0,False,266,5.0,0.0
5090,UC7ITxSrzq-nhyyYzozpPmLA,트로트 맛집 - 국민의뽕짝,FVM5Z-NjhNQ,귀를 사로잡는 국악트롯｜추다혜·김주이 현역가왕 레전드 무대 모음,2026-01-21T07:00:19Z,2059.0,False,3587,61.0,7.0
5090,UC7ITxSrzq-nhyyYzozpPmLA,트로트 맛집 - 국민의뽕짝,cNXt546g6c8,판듀 우승자 출신 │ 현역가왕3 트롯 아이돌 구수경 〈친정엄마〉 연속듣기,2026-01-23T03:00:46Z,1875.0,False,2415,64.0,12.0
5090,UC7ITxSrzq-nhyyYzozpPmLA,트로트 맛집 - 국민의뽕짝,eg97-5cRyp8,BONY 미스터팡 윤수현 정다경 박서진 박현빈 장윤정  | LIVE 2026.01.25,2026-01-25T03:00:06Z,3578.0,False,1560,20.0,1.0
5090,UC7ITxSrzq-nhyyYzozpPmLA,트로트 맛집 - 국민의뽕짝,4J7mArWQ7Vk,14년 차 찐 우정 트롯 남매🔥 송가인·안성훈 레전드 트로트 무대 모음ㅣ한많은대동강 거문고야 엄마꽃 오늘같이좋은날 시절인연 좋다,2026-01-28T06:01:13Z,1850.0,False,2178,136.0,14.0
5090,UC7ITxSrzq-nhyyYzozpPmLA,트로트 맛집 - 국민의뽕짝,mbu9aLXphts,현역가왕3 마스터 4인방 노래모음ㅣ주현미·신유·박현빈·신성,2026-01-30T03:01:02Z,1985.0,False,1317,16.0,10.0
5090,UC7ITxSrzq-nhyyYzozpPmLA,트로트 맛집 - 국민의뽕짝,XajFkKezAGs,한혜진 박지현 장민호 김선미 박상철 박혜신 이소나 강혜연 나상도 양지은 | LIVE 2026.02.01,2026-02-01T03:00:06Z,3575.0,False,319,12.0,1.0
5090,UC7ITxSrzq-nhyyYzozpPmLA,트로트 맛집 - 국민의뽕짝,dMAE0IZe-rw,이청아 고용준 금잔디 배진아 태현 윤수현 정정아 영기 박구윤 홍진영 | LIVE 2026.02.08,2026-02-08T03:00:06Z,3574.0,False,389,9.0,0.0
5090,UC7ITxSrzq-nhyyYzozpPmLA,트로트 맛집 - 국민의뽕짝,8ndrmuyH5x0,한혜진 현숙 진시몬 유민지  원 플러스 원 김희진 나상도 상호상민 박혜신 박상철 | LIVE 2026.02.15,2026-02-15T03:00:06Z,3563.0,False,347,11.0,2.0
5090,UC7ITxSrzq-nhyyYzozpPmLA,트로트 맛집 - 국민의뽕짝,F1Zxabm8kr4,서지오 최예진 현진우 배진아 채윤 신세령 강유진 소명 장동일 장보윤 우연이 윤서령 조영구 이소나 최진희 | LIVE 2026.02.22,2026-02-22T03:00:06Z,3597.0,False,358,11.0,2.0
5090,UC7ITxSrzq-nhyyYzozpPmLA,트로트 맛집 - 국민의뽕짝,a9n69ej55ww,마이진의 변천사가 한눈에~ 그녀의 매력에 풍덩 빠지는 시간!🌊 마이진의 가창력 갑 라이브 1시간 듣기 모음.zip🎧,2026-02-27T04:30:01Z,4794.0,False,550,24.0,2.0
5090,UC7ITxSrzq-nhyyYzozpPmLA,트로트 맛집 - 국민의뽕짝,bzTeGboJCww,배일호 우연이 이부영 문연주 강민 연예진 김추리 정혜린 장혜리 안소미 홍원빈 진이랑 지원이 원플러스원 장민호 | LIVE 2026.03.01,2026-03-01T03:00:06Z,3527.0,False,349,12.0,0.0
5090,UC7ITxSrzq-nhyyYzozpPmLA,트로트 맛집 - 국민의뽕짝,wURoSfPjcRM,금잔디 최현상 소유미 서정아 진성 박남정 홍자 진시몬 이소나 최진희 조영구 정다한 임재현 하이량 | LIVE 2026.03.15,2026-03-15T03:01:06Z,3572.0,False,326,15.0,11.0
5090,UC7ITxSrzq-nhyyYzozpPmLA,트로트 맛집 - 국민의뽕짝,WxU5NNhFaGE,퀸👑현역가왕3 트로트 여신들🍃TOP9 노래모음ㅣ홍지윤·구수경·강혜연·김태연·솔지·금잔디·홍자,2026-03-20T07:30:26Z,2609.0,False,16987,141.0,5.0
5090,UC7ITxSrzq-nhyyYzozpPmLA,트로트 맛집 - 국민의뽕짝,rSGOHiioWN0,지원이 설하윤 임채무 김다나 최수혁 차수빈 정해진 김양 조승구 한혜진 목비 장민호 문연주 소명 김정호  | LIVE 2026.03.22,2026-03-22T03:00:06Z,3609.0,False,331,8.0,0.0
5090,UC7ITxSrzq-nhyyYzozpPmLA,트로트 맛집 - 국민의뽕짝,1IurmBbCQxk,트롯 우승자를 3명이나 배출한👑 트롯명가 중앙대 국악과🇰🇷 라이브 노래 모음📁 | 송가인·홍지윤·강문경·김소유·김준수·김주리(김주이),2026-03-27T08:08:47Z,3917.0,False,10000,165.0,15.0
5090,UC7ITxSrzq-nhyyYzozpPmLA,트로트 맛집 - 국민의뽕짝,Y1ntp4LZFVA,박상철 이도진 이소나 이상호 이상민 소유미 민지 강민 김다현 배진아 정다한 송가인 | LIVE 2026.03.29,2026-03-29T03:00:17Z,3563.0,False,369,12.0,3.0
5090,UC7ITxSrzq-nhyyYzozpPmLA,트로트 맛집 - 국민의뽕짝,jmZlQzwInro,오유진 곽종목 김호연 김무진 정혜린 서정아 미스김 전기호 김다나 채윤 장송호 레이디티 홍진영 | LIVE 2026.04.05,2026-04-05T03:00:06Z,3579.0,False,539,17.0,4.0
5090,UC7ITxSrzq-nhyyYzozpPmLA,트로트 맛집 - 국민의뽕짝,YcIO27bYjeE,봄날의 타고난 음색여신🌸 트롯계의 에스프레소☕️ 미스트롯4 재도전으로 TOP5에 오른 윤태화 라이브 무대 모음,2026-04-10T05:07:54Z,1653.0,False,323,9.0,0.0
5090,UC7ITxSrzq-nhyyYzozpPmLA,트로트 맛집 - 국민의뽕짝,mJ5zoyrSNjg,🌲眞한 감동의 무대로 역전한 미스트롯4 우승자 이소나👑 소나무같이 푸릇푸릇 '이 놈의 사랑’ 최신 라이브 무대 모음!,2026-04-11T00:00:50Z,1082.0,False,3885,146.0,13.0
5090,UC7ITxSrzq-nhyyYzozpPmLA,트로트 맛집 - 국민의뽕짝,E3_940kQaE8,강진 설하윤 조정민 나영 채윤 이소나 현진우 정다한 나상도 한혜진 신유 김연자  | LIVE 2026.04.12,2026-04-12T03:00:06Z,3559.0,False,504,15.0,5.0
5090,UC7ITxSrzq-nhyyYzozpPmLA,트로트 맛집 - 국민의뽕짝,QwAvCwf0ivE,👑탄탄한 가창력의 명품무대👑 수많은 오디션 끝에 미스트롯4 준우승으로 우뚝 善 허찬미 라이브 모음❤,2026-04-18T00:00:37Z,867.0,False,5690,232.0,42.0
5090,UC7ITxSrzq-nhyyYzozpPmLA,트로트 맛집 - 국민의뽕짝,SXcXlUq22f0,조승구 정연순 최서희 신세령 양용모 미스터T 이청아 김지우 강민 요요미 나팔박 마이진 두리공주 박구윤 혜은이  | LIVE 2026.04.19,2026-04-19T03:00:06Z,3597.0,False,316,9.0,0.0
5090,UC7ITxSrzq-nhyyYzozpPmLA,트로트 맛집 - 국민의뽕짝,g_kKxGKh2GY,🌸천상 무대 체질🌸 믿고 보는 무대 매너와 라이브 실력🫰아이돌 출신 트로트가수 라이브 노래 모음ㅣ강혜연 허찬미 솔지,2026-04-25T00:00:50Z,2530.0,False,1175,15.0,2.0
5090,UC7ITxSrzq-nhyyYzozpPmLA,트로트 맛집 - 국민의뽕짝,AjaFG2Lo6KA,🎤2026 공정식 전국가요제🎤 | 치열했던 본선 무대와 화려한 초대가수들의 축하공연🔥 | 신승태 미스김 김용임 배진아 윤윤서 | 260427 방송,2026-04-27T09:00:06Z,4612.0,False,2977,40.0,2.0
5090,UC7ITxSrzq-nhyyYzozpPmLA,트로트 맛집 - 국민의뽕짝,v4XgySeIkBw,신승태는 (노래의) 신이에요...✨ | 신승태 증거 1시간 연속 듣기 | 2026 공정식 전국가요제,2026-04-30T08:58:50Z,3998.0,False,1183,39.0,6.0
5090,UC7ITxSrzq-nhyyYzozpPmLA,트로트 맛집 - 국민의뽕짝,6Uy5qwFlei4,🔥웬만해선 흥을 막을 수 없다! 이게 바로 장년들의 워터밤🌊,2026-04-30T08:59:48Z,58.0,True,2109,41.0,1.0
5090,UC7ITxSrzq-nhyyYzozpPmLA,트로트 맛집 - 국민의뽕짝,K0BWP-k8ZgI,🗣️ 올해 잘 될 사람 누구? 너🫵🏻 이 영상을 보고 있는 너🫵🏻 | 미스김이 부르는 될 놈들 소환곡 | 미스김 될 놈 1시간 연속 듣기 | 2026 공정식 전국가요제,2026-05-01T00:00:17Z,3790.0,False,553,12.0,2.0
5090,UC7ITxSrzq-nhyyYzozpPmLA,트로트 맛집 - 국민의뽕짝,qlJwXbU_nTk,박군 문연주 채윤 신대양 강진 허찬미 김다나 김추리 한가빈 박상철   | LIVE 2026.05.03,2026-05-03T03:00:06Z,3539.0,False,320,10.0,0.0
5090,UC7ITxSrzq-nhyyYzozpPmLA,트로트 맛집 - 국민의뽕짝,RHZdwtUUplE,최진희 두리공주 마이진 이병철 현진우 정다한 김유선 이용 현숙 남산 나상도 추혁진 안성훈  | LIVE 2026.05.10,2026-05-10T03:00:06Z,3574.0,False,277,12.0,6.0
5090,UC7ITxSrzq-nhyyYzozpPmLA,트로트 맛집 - 국민의뽕짝,jWUFAESefzc,🏆골든이어라~ 보증된 실력이 왔소~!!🏆 미스트롯 역대 우승자 라이브 모음ㅣ송가인 양지은 이소나 #트로트 #플레이리스트,2026-05-15T07:19:26Z,1638.0,False,160,5.0,2.0
5090,UC7ITxSrzq-nhyyYzozpPmLA,트로트 맛집 - 국민의뽕짝,XwFAmat2sjo,조항조 김소유 정미애 진해성 김수련 차오름 후니용이 요요미 김성태 조은성 문연주 진성 | LIVE 2026.05.17,2026-05-17T03:00:06Z,3565.0,False,69,10.0,2.0
5091,UCgmmc51A3qyAR3MvVX-rzCQ,왓챠,qpsQU9pVCKA,#은혼 요시자와 료는 전설이다...,2026-02-14T08:01:09Z,18.0,True,2738,35.0,3.0
5091,UCgmmc51A3qyAR3MvVX-rzCQ,왓챠,w6UAPVefvEM,홍위 과몰입 방지 영상,2026-02-15T05:01:06Z,13.0,True,264849,7060.0,87.0
5091,UCgmmc51A3qyAR3MvVX-rzCQ,왓챠,-Ijbz4cBx1M,배우 남영서의 별 다섯 개 인생영화 리스트🧚🏻,2026-02-15T08:00:01Z,179.0,False,5982,66.0,0.0
5091,UCgmmc51A3qyAR3MvVX-rzCQ,왓챠,rxBjen_RNPU,"인생은 짧아 사랑을 해라, 아가씨야",2026-02-18T11:00:57Z,40.0,True,1998,26.0,0.0
5091,UCgmmc51A3qyAR3MvVX-rzCQ,왓챠,QsNYcsON37I,[선공개] 박세영 감독이 말하는 배우 #우즈,2026-02-25T09:00:38Z,44.0,True,7538,262.0,8.0
5091,UCgmmc51A3qyAR3MvVX-rzCQ,왓챠,xGLpIVolSDE,〈슬라이드 스트럼 뮤트〉 감상 전 필수 시청🚨 | WOODZ(우즈) | 선의의 스포일러,2026-02-26T08:00:58Z,907.0,False,10708,936.0,87.0
5091,UCgmmc51A3qyAR3MvVX-rzCQ,왓챠,XujJ42ZKdFY,여기 96년생 동갑케미 맛집이네요,2026-02-26T08:30:19Z,54.0,True,14970,430.0,26.0
5091,UCgmmc51A3qyAR3MvVX-rzCQ,왓챠,-YwYouFv59A,배우 우즈의 별 다섯 개 인생영화 리스트🎸,2026-03-02T08:00:00Z,165.0,False,16795,399.0,16.0
5091,UCgmmc51A3qyAR3MvVX-rzCQ,왓챠,D2mIj7yeEgI,"배우 염혜란, 최성은, 아린의 별 다섯 개 영화 최초 공개⭐️",2026-03-04T09:00:27Z,175.0,False,7522,42.0,2.0
5091,UCgmmc51A3qyAR3MvVX-rzCQ,왓챠,OD97S3zsvOc,너 고양이야 사람이야 #고스트캣앙주,2026-03-07T05:00:20Z,57.0,True,2676,34.0,0.0
5091,UCgmmc51A3qyAR3MvVX-rzCQ,왓챠,7tk6Z8QS3L4,도둑들 그 장면에 RUDE를 입혀보았다,2026-03-10T09:51:00Z,20.0,True,13493,66.0,0.0
5091,UCgmmc51A3qyAR3MvVX-rzCQ,왓챠,xvBHNf_w2kM,[극장의 시간들] 팀 침팬지의 극장 밸런스 게임🎬 #제작지원,2026-03-18T09:01:23Z,157.0,False,5775,34.0,2.0
5091,UCgmmc51A3qyAR3MvVX-rzCQ,왓챠,qaNpf_XsBYI,"전소민,김도연,추소정이 18살 때 본 영화는?",2026-03-30T08:45:03Z,178.0,False,266,2.0,0.0
5091,UCgmmc51A3qyAR3MvVX-rzCQ,왓챠,SleZtBOICRE,온라인 벚꽃놀이 명소 추천해줌,2026-04-07T04:39:27Z,12.0,True,2570,3.0,0.0
5091,UCgmmc51A3qyAR3MvVX-rzCQ,왓챠,KCC161uV0FU,배우이자 일본의 천년돌 밋치 왓피 등판🩷,2026-04-10T09:00:25Z,179.0,False,2342,121.0,2.0
5091,UCgmmc51A3qyAR3MvVX-rzCQ,왓챠,gYz6ttZEQt4,양조위 배우와 함께 내한! 일디코 에네디 감독의 인생영화는?,2026-04-14T06:07:05Z,179.0,False,3403,16.0,0.0
5091,UCgmmc51A3qyAR3MvVX-rzCQ,왓챠,yE-kfZKU_8o,히티드 라이벌리 시즌 1 | 메인 예고편 | 왓챠 익스클루시브 | 4월 24일 왓챠 독점 공개!,2026-04-18T12:01:46Z,61.0,False,21755,579.0,74.0
5091,UCgmmc51A3qyAR3MvVX-rzCQ,왓챠,COvL2WQ7aAU,보는 사람까지 숨막히는 텐션,2026-04-24T10:00:32Z,99.0,False,8956,109.0,3.0
5091,UCgmmc51A3qyAR3MvVX-rzCQ,왓챠,uDAVf5Wk9kU,차원이 다른 일리야의 플러팅,2026-04-24T10:01:37Z,103.0,False,5870,99.0,4.0
5091,UCgmmc51A3qyAR3MvVX-rzCQ,왓챠,Ez0C1v0Jqug,응원하는 팀 선수가 라이벌 팀 선수랑 알고 보니 썸 타는 사이면 어떨 것 같아?,2026-04-24T10:05:15Z,57.0,True,13272,158.0,11.0
5091,UCgmmc51A3qyAR3MvVX-rzCQ,왓챠,3kISvyagcHY,원래 귀여운 애는 화를 내도 귀여운 법,2026-04-25T08:00:03Z,32.0,True,7401,95.0,3.0
5091,UCgmmc51A3qyAR3MvVX-rzCQ,왓챠,4VNlC2STh_A,여러분... 허드슨이 이렇게 표정연기를 잘해요...,2026-04-25T08:00:06Z,52.0,True,9583,147.0,3.0
5091,UCgmmc51A3qyAR3MvVX-rzCQ,왓챠,Mm9TKKWNvKM,"Wow, Genetic. 드르륵 탁....Wow, Genetic. 드르륵 탁....Wow, Genetic. 드르륵 탁....Wow, Genetic. 드르륵 탁....",2026-04-25T08:00:32Z,25.0,True,20044,252.0,21.0
5091,UCgmmc51A3qyAR3MvVX-rzCQ,왓챠,bqAPuzWUAXc,이걸 보는 나: 너무 슬프다,2026-04-25T08:00:43Z,61.0,False,11106,170.0,6.0
5091,UCgmmc51A3qyAR3MvVX-rzCQ,왓챠,KX-GgyuSzEs,〈르누아르〉 하야카와 치에 & 스즈키 유이 왓피 인터뷰,2026-04-29T09:05:24Z,170.0,False,5983,49.0,1.0
5091,UCgmmc51A3qyAR3MvVX-rzCQ,왓챠,F9CWTsyF9gg,한국영화 역사상 가장 긴 제목을 선택한 문상훈 ㅋㅋㅋ,2026-04-30T08:00:14Z,59.0,True,1564,9.0,0.0
5091,UCgmmc51A3qyAR3MvVX-rzCQ,왓챠,RusMj1tHjFM,너가 그렇게 영화를 잘 알아?,2026-04-30T08:00:24Z,36.0,True,1509,5.0,0.0
5091,UCgmmc51A3qyAR3MvVX-rzCQ,왓챠,j6J6EZDylfI,문상훈의 첫 수입작 〈너바나 더 밴드...〉 의 모든 것 (제발봐줘)  | 왓챠피디아 X 전주국제영화제,2026-04-30T08:00:44Z,942.0,False,5508,149.0,11.0
5091,UCgmmc51A3qyAR3MvVX-rzCQ,왓챠,0RJX62GzBx4,텐션 많이 묘한;; 스무디 플러팅,2026-05-01T09:45:00Z,107.0,False,8274,156.0,5.0
5091,UCgmmc51A3qyAR3MvVX-rzCQ,왓챠,8ZkbwKp1oKI,일리야 화났으면 말로 하자,2026-05-01T10:00:18Z,106.0,False,6885,143.0,1.0
5091,UCgmmc51A3qyAR3MvVX-rzCQ,왓챠,LbLihylVAfk,서로 이만큼 신경 쓸 거면 그냥 둘이 만나라,2026-05-01T10:00:37Z,109.0,False,4766,141.0,8.0
5091,UCgmmc51A3qyAR3MvVX-rzCQ,왓챠,t9SUa2I7h-s,역시 아는 맛이 좋다,2026-05-02T08:00:51Z,53.0,True,4321,96.0,1.0
5091,UCgmmc51A3qyAR3MvVX-rzCQ,왓챠,u74mC-ayFUQ,빠더너스 문상훈의 인생 코미디영화 top5?,2026-05-03T10:54:55Z,161.0,False,5287,25.0,1.0
5091,UCgmmc51A3qyAR3MvVX-rzCQ,왓챠,lX1H4PdpqgY,전주 영화의거리에서 걸어만 다녀도 영화감독을 자만추할 수 있다.,2026-05-04T10:01:12Z,116.0,False,1479,13.0,0.0
5091,UCgmmc51A3qyAR3MvVX-rzCQ,왓챠,VQuitKFs8vQ,우리가 영화제에 가는 이유,2026-05-05T09:00:45Z,75.0,False,2416,9.0,0.0
5091,UCgmmc51A3qyAR3MvVX-rzCQ,왓챠,vBqF7HqHIjQ,장기하의 무성영화 도전기,2026-05-08T09:01:32Z,180.0,False,3231,21.0,0.0
5091,UCgmmc51A3qyAR3MvVX-rzCQ,왓챠,hjnMYACrx74,초면에 이렇게 다 얘기해도 돼? 극과극 두 사람 원소윤 & 박시영 디자이너 | 처음 만난 사이,2026-05-09T01:45:15Z,3593.0,False,61657,3041.0,222.0
5091,UCgmmc51A3qyAR3MvVX-rzCQ,왓챠,C6Got_WqDis,저는 기본적으로 인간을 혐오해요,2026-05-09T03:00:11Z,114.0,False,6059,255.0,9.0
5091,UCgmmc51A3qyAR3MvVX-rzCQ,왓챠,EbneMoI2bxc,옷을 잘 입는다는 것은 (feat.언더붑 크롭티),2026-05-09T03:00:14Z,81.0,False,2023,8.0,1.0
5091,UCgmmc51A3qyAR3MvVX-rzCQ,왓챠,DASVQra19Yo,박시영 디자이너의 커밍아웃 그 이후,2026-05-09T03:00:27Z,114.0,False,11552,227.0,29.0
5091,UCgmmc51A3qyAR3MvVX-rzCQ,왓챠,E6366naBiIQ,박시영 디자이너 삐끼 닉네임 최초공개(ㅋㅋㅋ),2026-05-09T03:00:29Z,102.0,False,7712,97.0,1.0
5091,UCgmmc51A3qyAR3MvVX-rzCQ,왓챠,GwIoL7Zz_ZY,원소윤의 욕심의 끝은,2026-05-09T03:00:29Z,86.0,False,3590,31.0,0.0
5091,UCgmmc51A3qyAR3MvVX-rzCQ,왓챠,dTz79VluAx8,보상심리를 해결한다는 것은,2026-05-09T03:00:42Z,104.0,False,6778,12.0,0.0
5091,UCgmmc51A3qyAR3MvVX-rzCQ,왓챠,_VmvGFGYBZk,외로움은 컨디션 같은 것,2026-05-09T03:00:45Z,103.0,False,2596,17.0,0.0
5091,UCgmmc51A3qyAR3MvVX-rzCQ,왓챠,fdnzfiatWpE,넷플릭스 영화는 작업 안 해요,2026-05-09T03:00:55Z,91.0,False,12620,280.0,13.0
5091,UCgmmc51A3qyAR3MvVX-rzCQ,왓챠,mS3Gc9zGnaE,원소윤: 거저 주어지는 것은 없다,2026-05-09T03:01:01Z,80.0,False,5733,147.0,2.0
5091,UCgmmc51A3qyAR3MvVX-rzCQ,왓챠,XWa230xKpNw,영화제 N년 차가 알려주는 영화제 꿀팁,2026-05-09T05:00:28Z,77.0,False,1716,17.0,0.0
5091,UCgmmc51A3qyAR3MvVX-rzCQ,왓챠,S9AVcAYJMQo,작정하고 꼬시는 일리야가 이렇게 무섭습니다,2026-05-15T10:00:44Z,99.0,False,3814,106.0,6.0
5091,UCgmmc51A3qyAR3MvVX-rzCQ,왓챠,x4vZtzpl3MQ,제가 이 장면을 보려고 지금까지 살아왔나봅니다..,2026-05-15T10:01:27Z,15.0,True,9213,79.0,2.0
5091,UCgmmc51A3qyAR3MvVX-rzCQ,왓챠,LGVuDnBNBI4,너 쟤 싫어한다며?,2026-05-15T11:00:26Z,71.0,False,6709,107.0,0.0
5092,UC6LBdArM8eIfOu-GFaq3amw,꾀람쥐,IGPuu6tkNwU,큰 기대없이 샀는데 만족도 대박 3가지,2025-06-18T11:29:51Z,76.0,False,167524,1526.0,1118.0
5092,UC6LBdArM8eIfOu-GFaq3amw,꾀람쥐,R6MOf33IOPM,"이거 1개 사고, 다 버렸다",2025-06-24T11:15:28Z,61.0,False,108239,1017.0,424.0
5092,UC6LBdArM8eIfOu-GFaq3amw,꾀람쥐,PQUdIq7YPuI,와 이거 먹고 유산균 끊었어요  내돈내산 추천,2025-07-01T11:29:39Z,51.0,True,109174,1291.0,118.0
5092,UC6LBdArM8eIfOu-GFaq3amw,꾀람쥐,jzShI-VNLnc,코팅팬 3개 다 버린 진짜 이유,2025-07-08T11:29:46Z,85.0,False,76466,866.0,1744.0
5092,UC6LBdArM8eIfOu-GFaq3amw,꾀람쥐,I7nOpQBkprw,"와! 아이디어 대박, 이렇게 써보세요",2025-07-12T11:30:28Z,73.0,False,147232,1672.0,1885.0
5092,UC6LBdArM8eIfOu-GFaq3amw,꾀람쥐,JOyB2cZRT9o,그동안  뭐한거지?,2025-07-15T11:02:24Z,83.0,False,104794,951.0,492.0
5092,UC6LBdArM8eIfOu-GFaq3amw,꾀람쥐,pV7812UnLnY,"다이어트하는데, 밥 생각날 때! 2개월에 6kg 뺐어요",2025-07-23T11:32:14Z,59.0,True,46345,706.0,11.0
5092,UC6LBdArM8eIfOu-GFaq3amw,꾀람쥐,QBkmat74ujk,"내가 만든 1:1 황금비율, 5분컷 밥도둑",2025-07-29T15:00:41Z,33.0,True,39392,615.0,15.0
5092,UC6LBdArM8eIfOu-GFaq3amw,꾀람쥐,d0iMnsRxDi8,마사자샵 가는 대신 쓰는 효과좋은 아이템 2가지,2025-08-12T11:30:39Z,70.0,False,27634,321.0,20.0
5092,UC6LBdArM8eIfOu-GFaq3amw,꾀람쥐,dapC0TBueLc,이거 하나 사서 이렇게저렇게 너무 잘 쓰죠. 진짜 효율은 이런 것❗❗#공구예고,2025-08-19T11:30:36Z,77.0,False,124020,1330.0,2665.0
5092,UC6LBdArM8eIfOu-GFaq3amw,꾀람쥐,97wIb8eykg0,이거 하나면 다 된다 쌀씻어서 이렇게하면 너무 편해요#볼세트 공동구매,2025-08-26T11:15:01Z,90.0,False,50439,478.0,290.0
5092,UC6LBdArM8eIfOu-GFaq3amw,꾀람쥐,x4GUkmY_8h0,"올리브유, 마트에서 산다면 이게 제일 좋아요",2025-09-02T11:30:51Z,46.0,True,46575,589.0,39.0
5092,UC6LBdArM8eIfOu-GFaq3amw,꾀람쥐,FAjS0vkk2iI,쓰는 재미가 참 좋은 살림 4가지,2025-09-09T11:30:19Z,64.0,False,33745,539.0,19.0
5092,UC6LBdArM8eIfOu-GFaq3amw,꾀람쥐,UBGPePkfjq0,"2만원대 설선물  BEST 3가지, 할인 오픈🎁",2025-09-16T11:30:33Z,64.0,False,34772,322.0,62.0
5092,UC6LBdArM8eIfOu-GFaq3amw,꾀람쥐,rfABvDzfgW0,이게 뭐야? 쪼꼬만게 엄청 알차요 알차🫢#공구예고,2025-09-20T11:30:32Z,64.0,False,35000,400.0,940.0
5092,UC6LBdArM8eIfOu-GFaq3amw,꾀람쥐,GT2ZC2XU89o,입맛없을 때는 무조건 이 소스,2025-09-23T11:12:14Z,44.0,True,506548,4677.0,216.0
5092,UC6LBdArM8eIfOu-GFaq3amw,꾀람쥐,jpzAFFRkXYo,일단 한번 해보세요. 가족들 반응 최고예요!,2025-09-25T11:31:13Z,42.0,True,104886,1219.0,156.0
5092,UC6LBdArM8eIfOu-GFaq3amw,꾀람쥐,CHRafAeamwc,"이거 한번 맛보면, 마트 고추장 못 먹어요",2025-10-01T11:22:01Z,58.0,True,125164,1375.0,36.0
5092,UC6LBdArM8eIfOu-GFaq3amw,꾀람쥐,JKuoTjDvR4w,커피 끊거나 줄이고 싶은 분은 이거 드세요❗말 안하면 커피인 줄 알걸요?,2025-10-16T11:28:14Z,63.0,False,74924,822.0,279.0
5092,UC6LBdArM8eIfOu-GFaq3amw,꾀람쥐,qRbLLAoZT7s,14년동안 전기밥솥 안 쓰는 이유,2025-10-21T11:13:33Z,67.0,False,133858,1555.0,281.0
5092,UC6LBdArM8eIfOu-GFaq3amw,꾀람쥐,gQubGEdV_C4,"11월에는 이거 꼭 드세요 딱 2,000원",2025-10-28T11:47:07Z,37.0,True,57435,831.0,26.0
5092,UC6LBdArM8eIfOu-GFaq3amw,꾀람쥐,CRlLwD-FBJo,"더러운 싱크대 배수구 10분 만에 청소하는 방법, 포기하지 마세요",2025-11-04T11:35:54Z,59.0,True,38815,405.0,11.0
5092,UC6LBdArM8eIfOu-GFaq3amw,꾀람쥐,tfJoWzQHT5Y,"6번 돈 날리고, 드디어 정착했어요",2025-11-06T11:27:00Z,65.0,False,37818,395.0,926.0
5092,UC6LBdArM8eIfOu-GFaq3amw,꾀람쥐,0OjeC_GGfC0,이 정도면 진짜 돈 안아깝지,2025-11-11T11:15:55Z,69.0,False,27644,255.0,66.0
5092,UC6LBdArM8eIfOu-GFaq3amw,꾀람쥐,DsWGW6bP0KI,"기대 이상이었다 쉬운설명, 캡쳐해서 쓰세요 : )",2025-11-13T00:38:57Z,62.0,False,21721,198.0,24.0
5092,UC6LBdArM8eIfOu-GFaq3amw,꾀람쥐,6YVpKET1OUo,의외로 이렇게 쓰는 분은 없더라고요,2025-11-19T11:29:41Z,66.0,False,77901,903.0,2897.0
5092,UC6LBdArM8eIfOu-GFaq3amw,꾀람쥐,jz7qYG1mRUo,2년째 쓰고 있는 1만원대 욕실 추천템 2가지,2025-11-25T11:14:08Z,50.0,True,39616,307.0,192.0
5092,UC6LBdArM8eIfOu-GFaq3amw,꾀람쥐,rYUvWU7zQK8,하나 붙여두면 의외로 냉장고 필수템,2025-12-02T11:38:00Z,61.0,False,37603,444.0,36.0
5092,UC6LBdArM8eIfOu-GFaq3amw,꾀람쥐,5mr9rxyei0A,남편이 세탁실을 이렇게까지 바꿨다,2025-12-09T11:30:27Z,64.0,False,367104,2321.0,37.0
5092,UC6LBdArM8eIfOu-GFaq3amw,꾀람쥐,fetLZItMsus,이거 2개가 꿀조합!,2025-12-16T11:30:46Z,50.0,True,88759,990.0,34.0
5092,UC6LBdArM8eIfOu-GFaq3amw,꾀람쥐,eWjBGNjMxpc,"15년 동안 써본 것 중 이게 압도적인 1등 (나눔 이벤트 고정댓글, 9차 오픈)",2025-12-23T11:38:25Z,79.0,False,83007,965.0,2100.0
5092,UC6LBdArM8eIfOu-GFaq3amw,꾀람쥐,jH76IIdiQiw,아 진작 살걸..주방 살림은 이거 하나로 끝나요 (9차공구),2025-12-29T11:15:11Z,75.0,False,48487,542.0,380.0
5092,UC6LBdArM8eIfOu-GFaq3amw,꾀람쥐,xc5az3vcPN0,"3가지를 바꿨더니, 몸이 이렇게 달라졌어요(자세한 이야기는 고정댓글에)",2026-01-07T11:38:22Z,70.0,False,45761,656.0,1288.0
5092,UC6LBdArM8eIfOu-GFaq3amw,꾀람쥐,zBLhT5iRxoA,행주 대신 써보세요,2026-01-13T11:16:50Z,67.0,False,28420,376.0,315.0
5092,UC6LBdArM8eIfOu-GFaq3amw,꾀람쥐,WgJg4TG2WF8,중요한 건 동선과 장비 뿐,2026-01-20T11:29:00Z,78.0,False,49901,382.0,46.0
5092,UC6LBdArM8eIfOu-GFaq3amw,꾀람쥐,KgzHOoYEG88,상태 너무 좋죠?,2026-01-28T11:32:42Z,31.0,True,38122,381.0,10.0
5092,UC6LBdArM8eIfOu-GFaq3amw,꾀람쥐,WdvIQAQY1qc,"2,500원짜리 하나 써도 충분하더라고요",2026-02-19T11:33:21Z,34.0,True,30320,297.0,9.0
5092,UC6LBdArM8eIfOu-GFaq3amw,꾀람쥐,vi6Xgq5C4bQ,이거 물건이네? 가성비 유기농 올리브오일 추천!,2026-02-26T11:49:38Z,38.0,True,33107,338.0,12.0
5092,UC6LBdArM8eIfOu-GFaq3amw,꾀람쥐,UdYOnOi-B2A,"샴푸, 린스 다 필요없어요 이거 하나로 끝!",2026-03-05T11:34:04Z,36.0,True,51608,551.0,68.0
5092,UC6LBdArM8eIfOu-GFaq3amw,꾀람쥐,gPElqMY1peI,비율만 바꿨을 뿐인데 맛도 향도 끝내줘요,2026-03-12T11:36:09Z,21.0,True,131739,804.0,39.0
5092,UC6LBdArM8eIfOu-GFaq3amw,꾀람쥐,4fqU4wbQ_TM,강추! 이 조합이 최고다,2026-03-19T11:30:48Z,44.0,True,63723,638.0,1437.0
5092,UC6LBdArM8eIfOu-GFaq3amw,꾀람쥐,0cCjQT_H8fc,이거 하나면 끝,2026-03-24T11:21:12Z,37.0,True,29105,277.0,123.0
5092,UC6LBdArM8eIfOu-GFaq3amw,꾀람쥐,cFggTwpbwPc,이런게 진짜 살림 아이템! 이렇게 써보세요,2026-03-25T11:31:50Z,42.0,True,29897,336.0,64.0
5092,UC6LBdArM8eIfOu-GFaq3amw,꾀람쥐,O-Tji1YXIXk,"드럼세탁기는 10번 쓸 수 있고, 통돌이는 한병 다 부어요",2026-04-02T11:24:49Z,31.0,True,35698,269.0,9.0
5092,UC6LBdArM8eIfOu-GFaq3amw,꾀람쥐,VvAzKXUpEHM,아는 사람만 쓰는 이 기능! 삶은 것처럼 때가 싹 빠져요,2026-04-09T11:55:04Z,26.0,True,22482,246.0,13.0
5092,UC6LBdArM8eIfOu-GFaq3amw,꾀람쥐,DD8GMQT9ii0,쌀밥 끊었더니 생긴 예상못한 부작용 ㅠㅠ,2026-04-16T11:17:04Z,37.0,True,81118,1103.0,30.0
5092,UC6LBdArM8eIfOu-GFaq3amw,꾀람쥐,kD5gHCV3DHc,이럴 때는 이 찜기를 써보세요 요청사항 모두 업그레이드 완료 ✔,2026-04-23T11:32:23Z,55.0,True,46731,647.0,1409.0
5092,UC6LBdArM8eIfOu-GFaq3amw,꾀람쥐,Ptb8s1Ztmao,워킹맘한테 알려줬더니 대박이라고 👍,2026-04-28T11:13:35Z,41.0,True,696905,6450.0,268.0
5092,UC6LBdArM8eIfOu-GFaq3amw,꾀람쥐,cnMryAp3tMs,오.. 이거 쉬운데 맛있다,2026-05-07T11:40:22Z,39.0,True,17597,374.0,13.0
5092,UC6LBdArM8eIfOu-GFaq3amw,꾀람쥐,474v9qOJnd8,이렇게 먹고 한달만에 -6kg,2026-05-14T11:42:49Z,38.0,True,64608,1024.0,18.0
5093,UCi60foKkkMcxUCJz6SJc-xg,정박수,_Ke262fxyUA,돈 많으면 망하는 미친세상💸💥,2025-03-03T08:08:30Z,65.0,False,9735,217.0,2.0
5093,UCi60foKkkMcxUCJz6SJc-xg,정박수,P87_jqTnu7g,"공부 잘하면 망하는 세상, 살아남을 수 있을까?",2025-03-04T09:50:00Z,58.0,True,126618,3496.0,12.0
5093,UCi60foKkkMcxUCJz6SJc-xg,정박수,tvx0erDPEXY,"1명만 전학 갈 수 있는 세상, 살아남을 수 있을까..?😳🚀",2025-03-05T09:01:08Z,57.0,True,22667,482.0,5.0
5093,UCi60foKkkMcxUCJz6SJc-xg,정박수,gkoUsxEZ5Kc,"솔직하면 망하는 세상, 살아남을 수 있을까..?😵🙏",2025-03-06T10:00:49Z,57.0,True,20244,514.0,4.0
5093,UCi60foKkkMcxUCJz6SJc-xg,정박수,N8wuQqDK1eQ,"감정 일으키면 망하는 세상, 살아남을 수 있을까..? 💸😳",2025-03-07T10:00:33Z,66.0,False,52324,1262.0,5.0
5093,UCi60foKkkMcxUCJz6SJc-xg,정박수,gS36Zo33c8k,"치킨 먹으면 망하는 세상, 살아남을 수 있을까..?🐔😵",2025-03-08T11:00:53Z,68.0,False,964628,16875.0,31.0
5093,UCi60foKkkMcxUCJz6SJc-xg,정박수,VKC3Emi_e5A,"바퀴벌레가 황금 보다 비싼 세상, 살아남을 수 있을까?👑😵",2025-03-10T11:31:00Z,67.0,False,257857,4282.0,18.0
5093,UCi60foKkkMcxUCJz6SJc-xg,정박수,M27GOo2qzw4,"초등학생 무시하면 망하는 세상, 살아남을 수 있을까?😤🙏",2025-03-11T09:00:22Z,63.0,False,512866,6724.0,34.0
5093,UCi60foKkkMcxUCJz6SJc-xg,정박수,So8S_f_cL1A,"행운이 생기면 망하는 세상, 살아남을 수 있을까?🍀🎁",2025-03-12T10:25:00Z,57.0,True,88866,1243.0,5.0
5093,UCi60foKkkMcxUCJz6SJc-xg,정박수,a9gINQK0y3k,‘싫어요’ 받을 때 마다 1억 받는 세상💸😳,2025-03-14T09:31:11Z,67.0,False,93578,1683.0,5.0
5093,UCi60foKkkMcxUCJz6SJc-xg,정박수,AZ7HqcbiPCo,하루에 ‘1명’만 태어나는 세상💥🐣,2025-03-15T06:30:04Z,63.0,False,305301,4348.0,39.0
5093,UCi60foKkkMcxUCJz6SJc-xg,정박수,IbC2h1OsoG4,남자 성형 D-1🙈 #관리,2025-11-10T10:50:28Z,41.0,True,94645,566.0,17.0
5093,UCi60foKkkMcxUCJz6SJc-xg,정박수,gGQk-OCzs34,"남자 성형, 필수템 Top6 #관리",2025-11-13T10:32:24Z,55.0,True,44107,175.0,6.0
5093,UCi60foKkkMcxUCJz6SJc-xg,정박수,B7p2kfV3IE4,"남자 성형, 부목 제거 D-5🙉 #관리",2025-11-15T09:49:17Z,37.0,True,65557,348.0,15.0
5093,UCi60foKkkMcxUCJz6SJc-xg,정박수,B0XEC3Cojfs,"남자 성형, 부목 제거 D-3🙈 #관리",2025-11-17T10:45:33Z,39.0,True,98210,308.0,7.0
5093,UCi60foKkkMcxUCJz6SJc-xg,정박수,VuU4luoaHOw,"남자 성형, 부목 제거 D-1🙊 #관리",2025-11-20T11:19:36Z,39.0,True,109257,347.0,35.0
5093,UCi60foKkkMcxUCJz6SJc-xg,정박수,wshZ2za6H7s,"남자 성형, 겨울철 여드름 케어🙊 #관리",2025-11-24T10:55:04Z,41.0,True,55859,168.0,18.0
5093,UCi60foKkkMcxUCJz6SJc-xg,정박수,pAyYfVYMOf8,"남자 성형, 여드름&흉터 피부과🙉 #관리",2025-11-26T11:45:15Z,33.0,True,35481,122.0,8.0
5093,UCi60foKkkMcxUCJz6SJc-xg,정박수,EQszUg73MLQ,"남자 성형, 틀려도 괜찮아요 #관리",2025-11-29T09:51:48Z,32.0,True,33792,95.0,5.0
5093,UCi60foKkkMcxUCJz6SJc-xg,정박수,JV4YoG_2zwM,"남자 성형, 겨울철 홈케어🙈 #관리",2025-12-02T10:49:00Z,41.0,True,26885,94.0,6.0
5093,UCi60foKkkMcxUCJz6SJc-xg,정박수,sVGxZJ3QIu4,저 장가갈 수 있을까요? #메이크업 #관리,2025-12-05T10:18:25Z,42.0,True,28775,93.0,23.0
5093,UCi60foKkkMcxUCJz6SJc-xg,정박수,fwpUYhtTSuo,"32살 남자, 눈썹&헤어라인 정리 #눈썹왁싱 #관리",2025-12-08T11:03:07Z,42.0,True,26917,68.0,12.0
5093,UCi60foKkkMcxUCJz6SJc-xg,정박수,X1mQSFiUFNU,"32살 남자, 여드름&흉터 정리 #피부 #관리",2025-12-10T09:51:09Z,46.0,True,30826,137.0,23.0
5093,UCi60foKkkMcxUCJz6SJc-xg,정박수,j8bhQI2ad00,"32살 남자, 두바이 스노우맨 케이크 #베이킹 #원데이클래스 #관리",2025-12-12T09:55:30Z,44.0,True,38113,219.0,4.0
5093,UCi60foKkkMcxUCJz6SJc-xg,정박수,kjdg8lFr0I0,"32살 남자, 다크서클&부종 정리 #관리",2025-12-14T10:25:12Z,39.0,True,26765,96.0,13.0
5093,UCi60foKkkMcxUCJz6SJc-xg,정박수,nExvEGqP0KY,"32살 남자, 하루 워밍업 루틴 #다이어트 #관리",2025-12-17T12:27:01Z,41.0,True,35911,161.0,19.0
5093,UCi60foKkkMcxUCJz6SJc-xg,정박수,W80Dqvs4Css,"32살 남자, 스핀스왈로&다운펌 #맨즈헤어 #관리",2025-12-21T10:27:05Z,53.0,True,29141,167.0,20.0
5093,UCi60foKkkMcxUCJz6SJc-xg,정박수,N00ZivyD7S0,"32살 남자, 크리스마스 연애 프로그램 좋아하시나요..? #블록블라스트 #스폰서",2025-12-24T08:58:18Z,41.0,True,15737,36.0,6.0
5093,UCi60foKkkMcxUCJz6SJc-xg,정박수,v_yUHyePf_Y,"32살 남자, 퍼스널 브로우 컨설팅 #눈썹문신 #관리",2025-12-26T09:29:54Z,50.0,True,24164,88.0,9.0
5093,UCi60foKkkMcxUCJz6SJc-xg,정박수,5FQNoXGoGkQ,"32살 남자, 두피 관리 1일차 #탈모 #관리",2025-12-29T11:22:33Z,58.0,True,21102,98.0,24.0
5093,UCi60foKkkMcxUCJz6SJc-xg,정박수,GIsuiJ8uHTg,"33살 남자, 얼굴&체형 교정 1일차 #관리",2026-01-02T11:26:24Z,48.0,True,19239,85.0,7.0
5093,UCi60foKkkMcxUCJz6SJc-xg,정박수,GelYj9HAD9M,"33살 남자, 피부관리 3일차 #관리",2026-01-08T10:59:11Z,54.0,True,21016,106.0,7.0
5093,UCi60foKkkMcxUCJz6SJc-xg,정박수,ZTiUUSG5ddw,"33살 남자, 이중턱 없애기 1일차 #관리",2026-01-11T08:41:22Z,42.0,True,16771,52.0,4.0
5093,UCi60foKkkMcxUCJz6SJc-xg,정박수,WG1R51RDF1c,[ 연습중입니다 ] 프라다 립밤 #관리,2026-01-13T10:36:17Z,33.0,True,20539,105.0,67.0
5093,UCi60foKkkMcxUCJz6SJc-xg,정박수,8MbYYIgnI3I,"33살 남자, 얼굴&체형 교정 2일차 #관리",2026-01-15T10:37:09Z,46.0,True,20040,101.0,22.0
5093,UCi60foKkkMcxUCJz6SJc-xg,정박수,0zdpILndKvI,"33살 남자, 집에서 월 250만원 만들기 1편 #돈 #관리",2026-01-20T10:36:08Z,48.0,True,14959,62.0,7.0
5093,UCi60foKkkMcxUCJz6SJc-xg,정박수,74lF7-WQCc4,"33살 남자, 꿈이 하나 더 생겼습니다. #관리",2026-01-22T09:46:41Z,33.0,True,14976,67.0,4.0
5093,UCi60foKkkMcxUCJz6SJc-xg,정박수,5dzq5quZx_k,[ 연습중입니다 ] 샤넬 미르와르 미니거울 #관리,2026-01-24T07:29:30Z,27.0,True,20337,101.0,86.0
5093,UCi60foKkkMcxUCJz6SJc-xg,정박수,m4-W-nBEeVs,"33살 남자, 2026년 홈커밍 파티 #관리",2026-01-26T10:16:28Z,34.0,True,19199,91.0,16.0
5093,UCi60foKkkMcxUCJz6SJc-xg,정박수,DN2NqOS-h78,[ 연습중입니다 ] 입생로랑 리브르 핸드크림 30ml,2026-01-28T11:36:41Z,28.0,True,15705,65.0,40.0
5093,UCi60foKkkMcxUCJz6SJc-xg,정박수,DKYDRvkpHHI,"33살 남자, 두쫀쿠(?)",2026-01-30T09:03:34Z,42.0,True,14778,73.0,11.0
5093,UCi60foKkkMcxUCJz6SJc-xg,정박수,8z6kdZdvTy8,[ 연습중입니다 ] 지방시 르 루즈 앵떼르디 밤,2026-02-04T10:25:12Z,33.0,True,18585,95.0,38.0
5093,UCi60foKkkMcxUCJz6SJc-xg,정박수,TZvdXGasbuc,"[치킨 10마리 이벤트] 33살 남자, 불금에는 뭐할까요?",2026-02-06T10:00:29Z,43.0,True,27409,186.0,65.0
5093,UCi60foKkkMcxUCJz6SJc-xg,정박수,fgpD6sESeqQ,"33살 남자, 한국에서 살아남기 #관리 #브이로그",2026-03-02T10:40:39Z,43.0,True,17905,127.0,14.0
5093,UCi60foKkkMcxUCJz6SJc-xg,정박수,bTiL8Bk4lR8,"33살 남자, 유행 따라가봅니다.",2026-04-03T10:38:13Z,49.0,True,8402,36.0,7.0
5093,UCi60foKkkMcxUCJz6SJc-xg,정박수,CpN4XjXLvkI,[ 연습중입니다 ] 조말론 잉글리쉬 페어 바디 크림 50ml,2026-04-07T07:48:06Z,29.0,True,7301,54.0,16.0
5093,UCi60foKkkMcxUCJz6SJc-xg,정박수,cedPCv7gp9k,"[ 광고 ] 퓨리바 파라디세 99+, 120정(4개월분)",2026-04-11T11:52:27Z,34.0,True,5290,27.0,5.0
5093,UCi60foKkkMcxUCJz6SJc-xg,정박수,3ymS9NXgnDo,"33살 남자, 여자친구 만드는 방법",2026-04-17T09:02:53Z,47.0,True,7562,34.0,9.0
5093,UCi60foKkkMcxUCJz6SJc-xg,정박수,S6lpXQR3tgg,"33살 남자, 방구석 연애고수",2026-05-08T09:07:25Z,44.0,True,3336,25.0,3.0
5093,UCi60foKkkMcxUCJz6SJc-xg,정박수,bFruXmRjlmA,"33살 남자, 360만 원 놓칠 뻔했습니다.",2026-05-15T09:20:05Z,42.0,True,1777,17.0,1.0
5094,UC5dKB2EqbQQuGU_l2xoUlEw,윤탑 키즈 YoonTop Kid,FW626EjkUCw,희성이의 알록달록 큰 곰돌이 롤리팝 젤리 컬러송 핑거송 색깔배우기 영어배우기 영어동요 Learn Color Song Nursery Rhymes[윤탑 키즈][YoonTop Kid],2020-05-11T08:30:02Z,158.0,False,3554,8.0,0.0
5094,UC5dKB2EqbQQuGU_l2xoUlEw,윤탑 키즈 YoonTop Kid,cYH-ikVtxx4,소은이의 알록달록 계란후라이 롤리팝 젤리 컬러송 핑거송 색깔배우기 영어배우기 영어동요  Learn Color Song Nursery Rhymes[윤탑 키즈][YoonTop Kid],2020-05-13T08:30:04Z,115.0,False,4700,19.0,0.0
5094,UC5dKB2EqbQQuGU_l2xoUlEw,윤탑 키즈 YoonTop Kid,rdpKaxLCdjs,희성이의 호박 고양이 빗자루 롤리팝 젤리 컬러송 핑거송 색깔배우기 영어배우기 영어동요 Learn Color Song Nursery Rhymes[윤탑 키즈][YoonTop Kid],2020-05-15T08:30:05Z,155.0,False,2687,8.0,
5094,UC5dKB2EqbQQuGU_l2xoUlEw,윤탑 키즈 YoonTop Kid,yf_1vNuzv0g,희성이의 귀여운 미니언즈 롤리팝 젤리 컬러송 핑거송 색깔배우기 영어배우기 영어동요 Learn Color Song Nursery Rhymes[윤탑 키즈][YoonTop Kid],2020-05-17T09:30:06Z,160.0,False,3248,14.0,0.0
5094,UC5dKB2EqbQQuGU_l2xoUlEw,윤탑 키즈 YoonTop Kid,rCO1nwhfsuQ,소은이의 알록달록 보석 반지 사탕 컬러송 핑거송 색깔배우기 영어배우기 영어동요 Learn Color Song Nursery Rhymes[윤탑 키즈][YoonTop Kid],2020-05-19T08:00:16Z,145.0,False,3961,23.0,0.0
5094,UC5dKB2EqbQQuGU_l2xoUlEw,윤탑 키즈 YoonTop Kid,NWQPTt0pdWM,희성이의 알록달록 새로운젤리 롤리팝 젤리 컬러송 핑거송 색깔배우기 영어배우기 영어동요 Learn Color Song Nursery Rhymes[윤탑 키즈][YoonTop Kid],2020-05-21T08:30:04Z,151.0,False,1958,6.0,
5094,UC5dKB2EqbQQuGU_l2xoUlEw,윤탑 키즈 YoonTop Kid,XQCnc2xVn1U,소은이의 알록달록 츄파춥스 버블 롤리팝 사탕 컬러송 핑거송 색깔배우기 영어동요 Learn Color Song Nursery Rhymes[윤탑 키즈][YoonTop Kid],2020-05-23T08:00:17Z,91.0,False,10485,34.0,0.0
5094,UC5dKB2EqbQQuGU_l2xoUlEw,윤탑 키즈 YoonTop Kid,ff3g-0inqU4,희성이의 알록달록 동글동글 롤리팝 사탕 컬러송 핑거송 색깔배우기 영어동요 Learn Color Song Nursery Rhymes[윤탑 키즈][YoonTop Kid],2020-05-25T08:00:12Z,129.0,False,4633,12.0,
5094,UC5dKB2EqbQQuGU_l2xoUlEw,윤탑 키즈 YoonTop Kid,gp7SrlBsgrQ,소은이의 알록달록 핑크퐁 아기상어 선풍기 컬러송 핑거송 색깔배우기 영어배우기 영어동요 Learn Color Song Nursery Rhymes[윤탑 키즈][YoonTop Kid],2020-05-27T08:00:11Z,151.0,False,5808,18.0,0.0
5094,UC5dKB2EqbQQuGU_l2xoUlEw,윤탑 키즈 YoonTop Kid,R2O4T-47Id8,희성이의 알록달록 지팡이 사탕 컬러송 핑거송 색깔배우기 영어 배우기 영어동요 Learn Color Song Nursery Rhymes[윤탑 키즈][YoonTop Kid],2020-05-29T09:00:16Z,113.0,False,4847,12.0,
5094,UC5dKB2EqbQQuGU_l2xoUlEw,윤탑 키즈 YoonTop Kid,C9GxVPeuRpc,소은이의 알록달록 상어가족 비누방울 컬러송 핑거송 색깔배우기 영어배우기 영어동요 Learn Color Song Nursery Rhymes[윤탑 키즈][YoonTop Kid],2020-05-31T09:30:00Z,139.0,False,8638,17.0,0.0
5094,UC5dKB2EqbQQuGU_l2xoUlEw,윤탑 키즈 YoonTop Kid,qQ9w-HqcPz4,희성이의 알록달록 핑크퐁 아기상어 새콤달콤 컬러송 핑거송 색깔배우기 영어배우기 영어동요 Learn Color Song Nursery Rhymes[윤탑 키즈][YoonTop Kid],2020-06-02T09:30:03Z,154.0,False,19068,63.0,
5094,UC5dKB2EqbQQuGU_l2xoUlEw,윤탑 키즈 YoonTop Kid,LscR5nzSSrw,소은이의 새콤달콤 과일 롤리팝 젤리 컬러송 핑거송 색깔배우기 영어배우기 영어동요 Learn Color Song Nursery Rhymes[윤탑 키즈][YoonTop Kid],2020-06-04T08:30:01Z,93.0,False,4929,11.0,
5094,UC5dKB2EqbQQuGU_l2xoUlEw,윤탑 키즈 YoonTop Kid,yg8DwCnRhqw,희성이의 알록달록 컵 솜사탕 컬러송 핑거송 색깔배우기 영어동요 Learn Color Song Nursery Rhymes[윤탑 키즈][YoonTop Kid],2020-06-06T08:00:12Z,151.0,False,8349,22.0,
5094,UC5dKB2EqbQQuGU_l2xoUlEw,윤탑 키즈 YoonTop Kid,DqFblJVnD5I,소은이의 알록달록 뽀로로 크롱 패티 비타민 뽑기 장난감 컬러송 핑거송 색깔배우기 Learn Color Song Nursery Rhymes[윤탑 키즈][YoonTop Kid],2020-06-08T08:00:05Z,195.0,False,11376,38.0,0.0
5094,UC5dKB2EqbQQuGU_l2xoUlEw,윤탑 키즈 YoonTop Kid,eRGOJ2xq2ig,희성이의 미니언즈 바람개비 롤리팝 초콜렛  컬러송 핑거송 색깔배우기 영어배우기 영어공부 Learn Color Song Nursery Rhymes[윤탑 키즈][YoonTop kid],2020-06-10T09:00:12Z,141.0,False,8287,17.0,0.0
5094,UC5dKB2EqbQQuGU_l2xoUlEw,윤탑 키즈 YoonTop Kid,941Lc8NXHnY,소은이의 알록달록 도티 호빵모양 마시멜로 먹방 컬러송 핑거송 색깔배우기 영어동요 Learn Color Song Nursery Rhymes[윤탑 키즈][YoonTop Kid],2020-06-12T08:00:02Z,148.0,False,5600,19.0,
5094,UC5dKB2EqbQQuGU_l2xoUlEw,윤탑 키즈 YoonTop Kid,HG2mOe7jTOc,희성이의 알록달록 행성 롤리팝 사탕 컬러송 핑거송 색깔배우기 영어배우기 영어동요 Learn Color Song Nursery Rhymes[윤탑 키즈][YoonTop Kid],2020-06-14T08:00:04Z,169.0,False,5972,29.0,0.0
5094,UC5dKB2EqbQQuGU_l2xoUlEw,윤탑 키즈 YoonTop Kid,xsGSzQNdXHI,소은이의 알록달록 포도 곤약 젤리 컬러송 핑거송 색깔배우기 영어배우기 영어동요 Learn Color Song Nursery Rhymes[윤탑 키즈][YoonTop Kid],2020-06-16T08:00:12Z,178.0,False,7782,24.0,
5094,UC5dKB2EqbQQuGU_l2xoUlEw,윤탑 키즈 YoonTop Kid,Xl3tZYRF8LI,희성이의 알록달록 재주넘는 원숭이 장난감 캔디 컬러송 핑거송 색깔배우기 영어동요 Learn Color Song Nursery Rhymes[윤탑 키즈][YoonTop Kid],2020-06-18T09:00:11Z,112.0,False,13566,36.0,
5094,UC5dKB2EqbQQuGU_l2xoUlEw,윤탑 키즈 YoonTop Kid,TQAFXmvt208,소은이의 알록달록 우산 비눗방울 장난감 컬러송 핑거송 색깔배우기 영어동요  Learn Color Song Nursery Rhymes[윤탑 키즈][YoonTop Kid],2020-06-20T10:30:03Z,141.0,False,22047,55.0,0.0
5094,UC5dKB2EqbQQuGU_l2xoUlEw,윤탑 키즈 YoonTop Kid,PDOFQjvynMM,희성이의 알록달록 지구젤리 축구공젤리 컬러송 핑거송 색깔배우기 영어배우기 영어동요 Learn Color Song Nursery Rhymes[윤탑 키즈][YoonTop Kid],2020-06-22T08:00:06Z,110.0,False,5344,22.0,
5094,UC5dKB2EqbQQuGU_l2xoUlEw,윤탑 키즈 YoonTop Kid,OH9P9JGFydY,소은이의  스펀지밥 마법 헤어 캔디 젤리 컬러송 핑거송 색깔배우기 영어배우기 영어동요 Learn Color Song Nursery Rhymes[윤탑 키즈][YoonTop Kid],2020-06-24T08:00:07Z,150.0,False,9130,26.0,
5094,UC5dKB2EqbQQuGU_l2xoUlEw,윤탑 키즈 YoonTop Kid,i0MzVmzRt4k,희성이의 알록달록 축구공 럭비공 풍선껌 자판기 장난감 컬러송 핑거송 색깔배우기 영어동요 Learn Color Song Nursery Rhymes[윤탑 키즈][YoonTop Kid],2020-06-26T09:00:13Z,116.0,False,4226,12.0,
5094,UC5dKB2EqbQQuGU_l2xoUlEw,윤탑 키즈 YoonTop Kid,lHuT0VS96Ac,소은이의 알록달록 핑크퐁 아기상어 매콤&짜장 떡볶이  컬러송 핑거송 색깔배우기 영어동요 Learn Color Song Nursery Rhymes[윤탑 키즈][YoonTop Kid],2020-06-29T08:00:07Z,153.0,False,10110,32.0,
5094,UC5dKB2EqbQQuGU_l2xoUlEw,윤탑 키즈 YoonTop Kid,uHce1uV-B_M,희성이와 뽀로로와 친구들 롤리팝 젤리 컬러송 핑거송 색깔배우기 영어배우기 영어동요 Learn Color Song Nursery Rhymes[윤탑 키즈][YoonTop kid],2020-07-01T08:00:28Z,133.0,False,6114,23.0,0.0
5094,UC5dKB2EqbQQuGU_l2xoUlEw,윤탑 키즈 YoonTop Kid,jAXoD3Sku_k,소은이의 알록달록 귀여운 오리 비눗방울 장난감 컬러송 핑거송 색깔배우기 영어동요 Learn Color Song Nursery Rhymes[윤탑 키즈][YoonTop Kid],2020-07-03T09:30:02Z,203.0,False,4411,10.0,0.0
5094,UC5dKB2EqbQQuGU_l2xoUlEw,윤탑 키즈 YoonTop Kid,riOpPD3X8xI,알록달록 히츨러 히치스 수수깡젤리 컬러송 핑거송 색깔배우기 영어배우기 영어동요 Learn Color Song Nursery Rhymes[윤탑 키즈][YoonTop Kid],2020-07-05T09:00:14Z,155.0,False,5104,19.0,0.0
5094,UC5dKB2EqbQQuGU_l2xoUlEw,윤탑 키즈 YoonTop Kid,aJ6ib8pWZDo,희성이의 알록달록 샤크 스피너 컬러송 핑거송 색깔배우기 영어배우기 영어동요 Learn Color Song Nursery Rhymes[윤탑 키즈][YoonTop Kid],2020-07-07T08:00:00Z,106.0,False,1970,4.0,
5094,UC5dKB2EqbQQuGU_l2xoUlEw,윤탑 키즈 YoonTop Kid,N4mwasnpYkI,소은이의 알록달록 신비아파트 스탬프 캔디 장난감 컬러송 핑거송 색깔배우기 영어동요 Learn Color Song Nursery Rhymes[윤탑 키즈][YoonTop Kid],2020-07-09T09:00:10Z,125.0,False,4170,13.0,0.0
5094,UC5dKB2EqbQQuGU_l2xoUlEw,윤탑 키즈 YoonTop Kid,ESj5B4OwWQA,소은이의 엉뚱발랄 콩순이 아이스크림 머신 컬러송 핑거송 색깔배우기 영어배우기 영어공부 Learn Color Song Nursery Rhymes[윤탑 키즈][YoonTop Kid],2020-07-11T08:00:02Z,104.0,False,15009,44.0,
5094,UC5dKB2EqbQQuGU_l2xoUlEw,윤탑 키즈 YoonTop Kid,bv8UCVowv9w,소은이의 알록달록 반짝이 하트 롤리팝 젤리 컬러송 핑거송 색깔배우기 영어배우기 영어동요 Learn Color Song Nursery Rhymes[윤탑 키즈][YoonTop Kid],2020-07-13T08:30:01Z,128.0,False,3926,8.0,
5094,UC5dKB2EqbQQuGU_l2xoUlEw,윤탑 키즈 YoonTop Kid,W0asi5YX_Ok,희성이의 알록달록 좋아요 롤리팝 젤리 컬러송 핑거송 색깔배우기 영어배우기 영어동요 Learn Color Song Nursery Rhymes[윤탑 키즈][YoonTop Kid],2020-07-15T10:00:31Z,118.0,False,6801,24.0,
5094,UC5dKB2EqbQQuGU_l2xoUlEw,윤탑 키즈 YoonTop Kid,fk8NbCDtO8c,소은이의 알록달록 과일맛 풍선껌 컬러송 핑거송 색깔배우기 영어동요 영어배우기 Learn Color Song Nursery Rhymes[윤탑 키즈][YoonTop Kid],2020-07-17T08:00:12Z,161.0,False,10829,32.0,
5094,UC5dKB2EqbQQuGU_l2xoUlEw,윤탑 키즈 YoonTop Kid,-oMZ5hcmoBs,희성이의 알록달록 손바닥 비눗방울 컬러송 핑거송 색깔배우기 영어배우기 영어동요 Learn Color Song Nursery Rhymes[윤탑 키즈][YoonTop Kid],2020-07-19T08:00:01Z,118.0,False,4593,18.0,0.0
5094,UC5dKB2EqbQQuGU_l2xoUlEw,윤탑 키즈 YoonTop Kid,WJBCLxVPJXU,소은이의 시클릿쥬쥬 관람차 토이캔디 컬러송 핑거송 색깔배우기 영어배우기 영어동요 Learn Color Song Nursery Rhymes[윤탑 키즈][YoonTop Kid],2020-07-21T08:00:12Z,126.0,False,2886,8.0,
5094,UC5dKB2EqbQQuGU_l2xoUlEw,윤탑 키즈 YoonTop Kid,pxKNWJ0KKac,희성이의 알록달록 꿈틀이 롤리팝 젤리 컬러송 핑거송 색깔배우기 영어배우기 영어동요 Learn Color Song Nursery Rhymes[윤탑 키즈][YoonTop Kid],2020-07-23T09:00:12Z,115.0,False,2770,11.0,
5094,UC5dKB2EqbQQuGU_l2xoUlEw,윤탑 키즈 YoonTop Kid,1llxr3VdkGY,소은이의 디즈니 프린세스서프라이즈 캡슐 컬러송 핑거송 색깔배우기 영어배우기 영어동요 Disney Princess Surprise Capsule[윤탑 키즈][YoonTop Kid],2020-07-25T09:30:00Z,115.0,False,3562,14.0,0.0
5094,UC5dKB2EqbQQuGU_l2xoUlEw,윤탑 키즈 YoonTop Kid,tS2OxSXDjU4,희성이의 알록달록 중장비차 장난감 컬러송 핑거송 색깔배우기 영어배우기 영어동요 Colorful Toy Car[윤탑 키즈][YoonTop Kid],2020-07-27T08:00:09Z,167.0,False,3378,6.0,
5094,UC5dKB2EqbQQuGU_l2xoUlEw,윤탑 키즈 YoonTop Kid,dhPhDwWOc_w,소은이의 알록달록 별의 만화경 별사탕 장난감 컬러송 핑거송 색깔배우기 영어동요 Learn Color Song Nursery Rhymes[윤탑 키즈][YoonTop Kid],2020-07-29T09:00:09Z,135.0,False,3741,17.0,
5094,UC5dKB2EqbQQuGU_l2xoUlEw,윤탑 키즈 YoonTop Kid,aoKImyGhMQc,희성이의 알록달록 무탄산 어린이 음료수 컬러송 핑거송 색깔배우기 영어동요 영어배우기 Learn Color Song Nursery Rhymes[윤탑 키즈][YoonTop Kid],2020-07-31T09:00:00Z,118.0,False,4623,17.0,
5094,UC5dKB2EqbQQuGU_l2xoUlEw,윤탑 키즈 YoonTop Kid,gSWtC7L0hcQ,소은이의 뽀로로 모기향 자동차 손목시계 컬러송 핑거송 색깔배우기 영어배우기 영어동요 Learn Color Song Nursery Rhymes[윤탑 키즈][YoonTop Kid],2020-08-02T09:00:19Z,114.0,False,5670,16.0,
5094,UC5dKB2EqbQQuGU_l2xoUlEw,윤탑 키즈 YoonTop Kid,cQ33YzhBeAo,희성이의 알록달록 서프라이즈 에그 캡슐 동물 장난감 컬러송 핑거송 색깔배우기 영어동요 Learn Color Song Nursery Rhymes[윤탑 키즈][YoonTop Kid],2020-08-04T09:00:18Z,197.0,False,3040,5.0,
5094,UC5dKB2EqbQQuGU_l2xoUlEw,윤탑 키즈 YoonTop Kid,e0THX5IWP3U,소은이의 알록달록 롤리팝 락캔디 컬러송 핑거송 색깔배우기 영어동요 영어배우기 Learn Color Song Nursery Rhymes[윤탑 키즈][YoonTop Kid],2020-08-07T08:00:06Z,85.0,False,15442,43.0,
5094,UC5dKB2EqbQQuGU_l2xoUlEw,윤탑 키즈 YoonTop Kid,GG0eHy-SuNY,희성이의 알록달록 애벌레 풍선 컬러송 핑거송 색깔배우기 영어배우기 영어동요 Learn Color Song Nursery Rhymes[윤탑 키즈][YoonTop Kid],2020-08-09T08:00:03Z,158.0,False,5795,17.0,
5094,UC5dKB2EqbQQuGU_l2xoUlEw,윤탑 키즈 YoonTop Kid,ZwjvRcIkxyE,소은이의 신기하고 재미있는 칠팩터 슬러시 만들어 먹어요 컬러송 핑거송 색깔배우기 Learn Color Song Nursery Rhymes[윤탑 키즈][YoonTop Kid],2020-08-11T09:30:04Z,128.0,False,9183,40.0,
5094,UC5dKB2EqbQQuGU_l2xoUlEw,윤탑 키즈 YoonTop Kid,qHkfviOQxJA,희성이의 알록달록 과일맛 마카롱 젤리 컬러송 핑거송 색깔배우기 영어배우기 영어동요 Learn Color Song Nursery Rhymes[윤탑 키즈][YoonTop Kid],2020-08-13T08:00:10Z,133.0,False,6039,25.0,0.0
5094,UC5dKB2EqbQQuGU_l2xoUlEw,윤탑 키즈 YoonTop Kid,tpb1UlOCGV4,희성이의 알록달록 신비아파트 비눗방울 컬러송 핑거송 색깔배우기 영어배우기 영어동요 Learn Color Song Nursery Rhymes[윤탑 키즈][YoonTop Kid],2020-08-15T08:00:08Z,94.0,False,11726,28.0,
5094,UC5dKB2EqbQQuGU_l2xoUlEw,윤탑 키즈 YoonTop Kid,9WpbsJEFy9o,32개월 4살 건이의 케이크 먹방,2021-05-12T03:32:17Z,40.0,True,4209,28.0,0.0
5094,UC5dKB2EqbQQuGU_l2xoUlEw,윤탑 키즈 YoonTop Kid,UX_D7Q5ztLQ,소은이와 희건이의 색깔놀이 알록달록 색깔놀이 여러가지 색깔배우기,2023-09-26T03:59:27Z,74.0,False,857,9.0,
5095,UCnnJ34afyg9w25I_AVZIHxA,신애라이프 · Shinaelife,yVWnM-hsz5U,신애라 에드워드리의 만남,2025-08-28T08:01:18Z,43.0,True,15371,245.0,6.0
5095,UCnnJ34afyg9w25I_AVZIHxA,신애라이프 · Shinaelife,DeBKK0d4xJ8,"그래서, 감사다 함께하는 북토크 콘서트",2025-09-02T06:21:35Z,72.0,False,3711,154.0,10.0
5095,UCnnJ34afyg9w25I_AVZIHxA,신애라이프 · Shinaelife,pZqmTTarq0s,걷고 뛰고 먹고 쓰고 읽고^^,2025-09-03T08:00:59Z,225.0,False,22438,597.0,26.0
5095,UCnnJ34afyg9w25I_AVZIHxA,신애라이프 · Shinaelife,Xi-vEsHfeHU,50대 주부들 공감100% 찐현실부부대화,2025-09-04T08:10:45Z,37.0,True,29729,191.0,3.0
5095,UCnnJ34afyg9w25I_AVZIHxA,신애라이프 · Shinaelife,SWa-YX3zqPY,우리 아이들이 왜 공부해야 할까요? #신애라 #금쪽같은내새끼,2025-09-05T08:37:04Z,499.0,False,14864,541.0,32.0
5095,UCnnJ34afyg9w25I_AVZIHxA,신애라이프 · Shinaelife,IEUOQwVwLqg,스스로에게 어떤 선물 주고 싶으세요? 저는 이런 선물이요,2025-09-10T08:02:37Z,718.0,False,49317,819.0,33.0
5095,UCnnJ34afyg9w25I_AVZIHxA,신애라이프 · Shinaelife,Q6AUJhNM9rM,공부가 괴로운 아이 어떻게 해야할까요? #신애라 #금쪽같은내새끼,2025-09-11T08:00:24Z,50.0,True,15763,242.0,4.0
5095,UCnnJ34afyg9w25I_AVZIHxA,신애라이프 · Shinaelife,kR6AxEarhow,연속혈당측정기 아시나요~? 14일간 부착하고 지내봤어요~^^,2025-09-17T08:00:52Z,801.0,False,146707,3028.0,177.0
5095,UCnnJ34afyg9w25I_AVZIHxA,신애라이프 · Shinaelife,d0LA3oQY90Q,"거꾸로 식사법, 정말 당이 안오를까요?",2025-09-18T08:00:41Z,48.0,True,21449,178.0,9.0
5095,UCnnJ34afyg9w25I_AVZIHxA,신애라이프 · Shinaelife,nFsnuILKp6A,당신의 제2의 인생 응원합니다~^^,2025-09-19T08:00:58Z,238.0,False,4334,331.0,36.0
5095,UCnnJ34afyg9w25I_AVZIHxA,신애라이프 · Shinaelife,8AhzrrpKf2s,갱년기 이후 뱃살 관리중이에요~ 즐겨먹는 저녁 소개해드릴게요^^,2025-09-24T08:00:09Z,528.0,False,120756,2141.0,72.0
5095,UCnnJ34afyg9w25I_AVZIHxA,신애라이프 · Shinaelife,E7HCL4OBZwA,신애라의 뱃살관리 초간단 저녁 추천 ^^ #신애라,2025-09-25T08:00:25Z,38.0,True,31052,322.0,5.0
5095,UCnnJ34afyg9w25I_AVZIHxA,신애라이프 · Shinaelife,qLG6dQ4ME1Y,100세 장수의 비결 이건 꼭 필요하대요~,2025-10-01T08:00:58Z,330.0,False,9353,336.0,14.0
5095,UCnnJ34afyg9w25I_AVZIHxA,신애라이프 · Shinaelife,FHpAffeLrRA,엄마들이 꽃구경 가는 이유 #신애라,2025-10-02T08:00:17Z,34.0,True,34176,364.0,6.0
5095,UCnnJ34afyg9w25I_AVZIHxA,신애라이프 · Shinaelife,6qk_ElLMMkY,"나만의 ‘그래서 그랬구나’를 찾아가는 과정,  책의 한 구절 읽고 함께 나눠요~^^",2025-10-05T02:00:13Z,241.0,False,3821,187.0,10.0
5095,UCnnJ34afyg9w25I_AVZIHxA,신애라이프 · Shinaelife,mt2d05g4S40,추석명절 잘 쉬고 계신가요~? 우리 같이 걸어요^^,2025-10-08T08:00:53Z,191.0,False,7879,317.0,15.0
5095,UCnnJ34afyg9w25I_AVZIHxA,신애라이프 · Shinaelife,2xJIg9FI9j4,추석 때 먹다 남은 나물있으신가요~? 우리 같이 점심먹어요~^^,2025-10-15T02:00:03Z,395.0,False,15307,411.0,26.0
5095,UCnnJ34afyg9w25I_AVZIHxA,신애라이프 · Shinaelife,KWKwGKTrFHc,꾸준히하는 계단걷기^^ #신애라,2025-10-16T08:00:21Z,48.0,True,103523,2004.0,46.0
5095,UCnnJ34afyg9w25I_AVZIHxA,신애라이프 · Shinaelife,m4SPMs4Q344,존경받는 어른이 되기 위한 의외의 말 ^^,2025-10-22T08:01:02Z,487.0,False,6037,295.0,14.0
5095,UCnnJ34afyg9w25I_AVZIHxA,신애라이프 · Shinaelife,ocAiJPggUNA,신애라의 건강한 점심 한 끼 #신애라,2025-10-23T08:00:52Z,49.0,True,424129,2466.0,38.0
5095,UCnnJ34afyg9w25I_AVZIHxA,신애라이프 · Shinaelife,5VbOw-ndJuY,따끈한 건강주스 같이 만들어 먹어요~^^,2025-10-29T08:00:10Z,671.0,False,36782,642.0,26.0
5095,UCnnJ34afyg9w25I_AVZIHxA,신애라이프 · Shinaelife,XnylldBnnbI,신애라의 하루 건강주스 레시피 #신애라,2025-10-30T08:19:02Z,51.0,True,42520,352.0,2.0
5095,UCnnJ34afyg9w25I_AVZIHxA,신애라이프 · Shinaelife,Ssww1zYsgYo,"사람들과, 특히 자녀와 대화가 잘 안되시나요? #신애라#금쪽같은내새끼",2025-11-05T08:00:39Z,657.0,False,11923,384.0,22.0
5095,UCnnJ34afyg9w25I_AVZIHxA,신애라이프 · Shinaelife,4aApi6SGO28,우린 왜 감정까지 정해주려할까요😭 #신애라 #금쪽같은내새끼,2025-11-06T08:35:36Z,47.0,True,39143,451.0,10.0
5095,UCnnJ34afyg9w25I_AVZIHxA,신애라이프 · Shinaelife,Wg5jobdBm2I,새단장한 사무실 소개해드릴게요~^^ #신애라,2025-11-13T08:00:41Z,1338.0,False,45510,1126.0,36.0
5095,UCnnJ34afyg9w25I_AVZIHxA,신애라이프 · Shinaelife,P6MsIa7zOIk,사랑을 그대 품안에 추억 속 소중한 보물~^^,2025-11-14T08:00:30Z,37.0,True,29515,316.0,14.0
5095,UCnnJ34afyg9w25I_AVZIHxA,신애라이프 · Shinaelife,qP51nIhy00k,건강을 위해 매일 챙겨 먹는 식자재 소개드려요~^^ #신애라,2025-11-19T08:01:06Z,640.0,False,83575,1439.0,56.0
5095,UCnnJ34afyg9w25I_AVZIHxA,신애라이프 · Shinaelife,wqqldYCHStU,신애라의 건강한 아침 한 잔 #신애라,2025-11-20T08:01:17Z,46.0,True,37343,314.0,16.0
5095,UCnnJ34afyg9w25I_AVZIHxA,신애라이프 · Shinaelife,NO7MEcEBEXY,오랜만에 지영이와 신박한정리~ 비하인드 영상 #신애라,2025-11-26T08:00:29Z,351.0,False,6312,132.0,9.0
5095,UCnnJ34afyg9w25I_AVZIHxA,신애라이프 · Shinaelife,z3bO1CinW5s,오랜만에 지영이와 신박한정리 #신애라,2025-11-27T08:01:27Z,40.0,True,26186,107.0,1.0
5095,UCnnJ34afyg9w25I_AVZIHxA,신애라이프 · Shinaelife,aE-UZQnAd-E,건강하게 오래 살고 싶은 분들 우리 같이 따라해보아요~^^#신애라,2025-12-03T08:00:01Z,572.0,False,23786,651.0,29.0
5095,UCnnJ34afyg9w25I_AVZIHxA,신애라이프 · Shinaelife,eY-d6b_Lczs,최고의 건강비결 우리 같이 따라해요 #신애라,2025-12-04T08:01:02Z,44.0,True,18814,266.0,9.0
5095,UCnnJ34afyg9w25I_AVZIHxA,신애라이프 · Shinaelife,cQ9o4Zc3LC4,늦은 건 없어요~ 우리 배우고 실천해봐요~^^,2025-12-12T11:00:58Z,764.0,False,8053,345.0,26.0
5095,UCnnJ34afyg9w25I_AVZIHxA,신애라이프 · Shinaelife,8MhW-MVQS2k,남편이 찍어준 브이로그_주방 찐현실~^^,2025-12-19T09:34:39Z,544.0,False,66322,1023.0,84.0
5095,UCnnJ34afyg9w25I_AVZIHxA,신애라이프 · Shinaelife,bBm9KKxGgIs,남편이 찍어준 주방 찐현실😂#신애라,2025-12-26T08:00:55Z,50.0,True,109819,858.0,14.0
5095,UCnnJ34afyg9w25I_AVZIHxA,신애라이프 · Shinaelife,tKx13U0ncMg,애착님들~ 2026년 어떤 소망이 있으신가요? ^^,2025-12-31T08:01:21Z,650.0,False,6433,293.0,26.0
5095,UCnnJ34afyg9w25I_AVZIHxA,신애라이프 · Shinaelife,AhBiSIGnYbY,5분이면 끝! 평생 먹어도 좋은 샐러드 같이 먹어요~^^ #신애라,2026-01-07T08:00:19Z,699.0,False,148624,2471.0,48.0
5095,UCnnJ34afyg9w25I_AVZIHxA,신애라이프 · Shinaelife,lGmsupvkxog,50kg유지하는 신애라의 아침식단^^ #신애라,2026-01-08T08:01:04Z,55.0,True,51252,463.0,9.0
5095,UCnnJ34afyg9w25I_AVZIHxA,신애라이프 · Shinaelife,lwlBQVTSX1g,"올해 90세, 저희 아빠의 앤딩파티에 초대합니다~^^#신애라",2026-01-14T08:01:02Z,749.0,False,183876,4135.0,162.0
5095,UCnnJ34afyg9w25I_AVZIHxA,신애라이프 · Shinaelife,-XoxxR809Ds,"제 삶의 첫 번째 흔적, 오늘 들려드려요~^^ #신애라",2026-01-22T08:00:01Z,512.0,False,34544,1022.0,47.0
5095,UCnnJ34afyg9w25I_AVZIHxA,신애라이프 · Shinaelife,74pUmyuBdb8,"나누고 싶은 오늘의 한 페이지, 책낭독#1 #신애라",2026-01-28T08:00:08Z,51.0,True,16210,398.0,17.0
5095,UCnnJ34afyg9w25I_AVZIHxA,신애라이프 · Shinaelife,pTgi7sVtzzE,우리나이에 수다의 끝은 결국 건강 얘기^^ #신애라,2026-01-29T09:01:16Z,57.0,True,13777,162.0,6.0
5095,UCnnJ34afyg9w25I_AVZIHxA,신애라이프 · Shinaelife,meXyhlgd61o,아이의 마음은 여기서 자랍니다 #신애라 #금쪽이,2026-02-05T02:00:59Z,56.0,True,10252,251.0,2.0
5095,UCnnJ34afyg9w25I_AVZIHxA,신애라이프 · Shinaelife,6dClZrPU5BM,"나누고 싶은 오늘의 한 페이지, 오늘 들려드립니다~^^ #신애라#하나님그래서그러셨군요#야나#YANA",2026-02-12T10:00:25Z,629.0,False,3525,159.0,11.0
5095,UCnnJ34afyg9w25I_AVZIHxA,신애라이프 · Shinaelife,TzOMXIHuvFw,"짜증나고 화날 때, 감정 컨트롤 이렇게 해보세요~#신애라",2026-02-20T10:24:59Z,221.0,False,38163,1039.0,62.0
5095,UCnnJ34afyg9w25I_AVZIHxA,신애라이프 · Shinaelife,JVgcRXofSfU,"귀티가 난다라는 말의 의미, 여러분 생각은 어떠신가요 #신애라",2026-03-06T06:24:12Z,359.0,False,12112,319.0,13.0
5095,UCnnJ34afyg9w25I_AVZIHxA,신애라이프 · Shinaelife,3y2qoiTpXCU,"촬영 브이로그, 함께 가보실까요~? #신애라",2026-03-20T08:08:22Z,509.0,False,8623,175.0,17.0
5095,UCnnJ34afyg9w25I_AVZIHxA,신애라이프 · Shinaelife,cOyE5-PH4Q4,신애라가 말하는 진짜 웰니스 #신애라,2026-03-20T23:00:45Z,35.0,True,7686,79.0,3.0
5095,UCnnJ34afyg9w25I_AVZIHxA,신애라이프 · Shinaelife,QEpqUbEu_Ps,"나만 그런 게 아니에요, 우리 함께 수다 떨며 풀어요^^ #신애라",2026-04-15T06:09:41Z,611.0,False,13249,300.0,26.0
5095,UCnnJ34afyg9w25I_AVZIHxA,신애라이프 · Shinaelife,T6J5nUcz80Y,드디어! 초간단 건강한 빵 레시피 공유해요~^^ #신애라,2026-05-15T08:00:33Z,1058.0,False,21395,514.0,22.0
5096,UCM5nKsD-ZcmURptptXeicYQ,과장말고 사장하자,ZoZahKk0vFQ,이원일 셰프가 벽느낀 볶음밥,2025-08-29T08:45:08Z,93.0,False,272260,3086.0,132.0
5096,UCM5nKsD-ZcmURptptXeicYQ,과장말고 사장하자,RS8odEEemis,간판 잘못달아서 혼나는 남준영 셰프,2025-08-30T03:00:38Z,103.0,False,111741,1390.0,146.0
5096,UCM5nKsD-ZcmURptptXeicYQ,과장말고 사장하자,2CjtV-aPDjg,요즘은 쉽게 볼 수 없는 변태같은 튀김,2025-08-31T10:00:06Z,58.0,True,254067,1662.0,64.0
5096,UCM5nKsD-ZcmURptptXeicYQ,과장말고 사장하자,befoADEZXt4,요리는 과학,2025-09-01T09:15:07Z,74.0,False,128868,1216.0,38.0
5096,UCM5nKsD-ZcmURptptXeicYQ,과장말고 사장하자,wyP36KabsJg,[기습방문]사장님 몰래 피자집 방문했습니다,2025-09-01T10:54:29Z,602.0,False,119831,1715.0,207.0
5096,UCM5nKsD-ZcmURptptXeicYQ,과장말고 사장하자,IfZ6NQFjM_g,"급변하는 창업 시장, 최근 동향을 알아보러 창업 박람회에 다녀왔습니다",2025-09-03T10:00:29Z,1551.0,False,85704,853.0,191.0
5096,UCM5nKsD-ZcmURptptXeicYQ,과장말고 사장하자,ACz2ThzMyn0,"메뉴도 맛있고, 상권도 좋은데 장사가 안되는 이유는 뭘까..?[야끼토리 컨설팅 ep1]",2025-09-17T10:00:14Z,1701.0,False,181984,1929.0,344.0
5096,UCM5nKsD-ZcmURptptXeicYQ,과장말고 사장하자,byTWCma8VBI,"방향성을 처음부터 다시 잡아야한다는 남준영 셰프와 김병묵 셰프, 이유가 뭘까..?[야끼토리 컨설팅 ep2]",2025-11-12T10:30:22Z,826.0,False,48606,660.0,75.0
5096,UCM5nKsD-ZcmURptptXeicYQ,과장말고 사장하자,Kszltr3EqZE,가게 운영의 철학이 흔들릴 때,2025-11-13T02:32:44Z,72.0,False,15360,110.0,1.0
5096,UCM5nKsD-ZcmURptptXeicYQ,과장말고 사장하자,wVdG08PvaIw,타레소스로 알 수 있는 장사현황,2025-11-13T06:00:58Z,39.0,True,63233,183.0,33.0
5096,UCM5nKsD-ZcmURptptXeicYQ,과장말고 사장하자,1ugrlv8jD_4,"사장님의 선택과 집중을 위한 특별 솔루션, 숯 세팅 과 튀김요리 전수[야키토리 컨설팅 ep3]",2025-11-14T10:19:46Z,1163.0,False,124919,1465.0,117.0
5096,UCM5nKsD-ZcmURptptXeicYQ,과장말고 사장하자,12ZQFFg-6sw,닭날개 뼈 vs 순살,2025-11-14T10:23:16Z,33.0,True,35984,176.0,22.0
5096,UCM5nKsD-ZcmURptptXeicYQ,과장말고 사장하자,dMxNEeEFb8I,야키토리 맛집 구별법,2025-11-14T13:01:21Z,28.0,True,27288,105.0,2.0
5096,UCM5nKsD-ZcmURptptXeicYQ,과장말고 사장하자,krQAjUr9XbY,"사장님께 닭손질 숙제를 드리고 점검하러 온 김병묵 셰프, 과연 사장님의 실력은..?[야키토리 컨설팅 ep4]",2025-11-22T11:01:32Z,1255.0,False,77447,933.0,95.0
5096,UCM5nKsD-ZcmURptptXeicYQ,과장말고 사장하자,MhXs5IGnWoU,"사장님들의 숨겨진 돈을 찾아주러 온 이원일 셰프, 돈 찾아줬는데 밥은 주고가야지..? 🎁이벤트 있음",2025-11-28T09:00:05Z,2396.0,False,35761,437.0,51.0
5096,UCM5nKsD-ZcmURptptXeicYQ,과장말고 사장하자,ghOAtXX1XNk,후배 요리사 먹방 교육,2025-12-01T10:16:18Z,70.0,False,28062,155.0,10.0
5096,UCM5nKsD-ZcmURptptXeicYQ,과장말고 사장하자,wX8uzWj-NNE,복합미는 선택이 아닌 필수,2025-12-02T08:30:37Z,73.0,False,57080,308.0,14.0
5096,UCM5nKsD-ZcmURptptXeicYQ,과장말고 사장하자,IMrEEduAByA,먹방은 타이밍,2025-12-02T11:00:37Z,35.0,True,100185,669.0,29.0
5096,UCM5nKsD-ZcmURptptXeicYQ,과장말고 사장하자,hRaHdd0sGI8,🍚양념장만 있으면 1분 30초만에 만드는 무한 볶음밥 레시피 공개합니다🍲(feat. 해물 국물 요리),2025-12-03T09:30:37Z,1605.0,False,22240,322.0,45.0
5096,UCM5nKsD-ZcmURptptXeicYQ,과장말고 사장하자,LOWrn-nc-es,이원일 셰프가 이해할 수 없는 사람들,2025-12-03T15:03:15Z,28.0,True,30734,111.0,15.0
5096,UCM5nKsD-ZcmURptptXeicYQ,과장말고 사장하자,5XMmLS8S50A,산초 게장,2025-12-04T08:30:02Z,52.0,True,155551,876.0,52.0
5096,UCM5nKsD-ZcmURptptXeicYQ,과장말고 사장하자,YHyFZhcB7Dw,릴버거 사장님 최신 근황,2025-12-06T01:00:51Z,59.0,True,135932,1352.0,86.0
5096,UCM5nKsD-ZcmURptptXeicYQ,과장말고 사장하자,Thkj7PC7BfI,술꾼들은 이거면 소주한병 가능,2025-12-06T11:01:03Z,75.0,False,21246,141.0,9.0
5096,UCM5nKsD-ZcmURptptXeicYQ,과장말고 사장하자,d_4WyWy_WKk,2025 장사 현실,2025-12-09T23:39:01Z,27.0,True,29640,96.0,12.0
5096,UCM5nKsD-ZcmURptptXeicYQ,과장말고 사장하자,6EdMiNLv9F0,야키토리집에 부채가 필요한 진짜 이유,2025-12-10T03:00:08Z,44.0,True,75569,305.0,31.0
5096,UCM5nKsD-ZcmURptptXeicYQ,과장말고 사장하자,XM5BmVRBAd0,야키토리집의 재 사용법,2025-12-10T10:00:54Z,46.0,True,238889,474.0,27.0
5096,UCM5nKsD-ZcmURptptXeicYQ,과장말고 사장하자,WvYjrNOGf1I,남준영 셰프의 만능 시즈닝,2025-12-11T10:00:53Z,86.0,False,95228,1057.0,21.0
5096,UCM5nKsD-ZcmURptptXeicYQ,과장말고 사장하자,SYV3DTrkZ2A,초간단 게튀김 요리(소프트쉘크랩),2025-12-12T10:01:00Z,91.0,False,27005,203.0,13.0
5096,UCM5nKsD-ZcmURptptXeicYQ,과장말고 사장하자,LVBX3S_GMn0,야키토리집 닭 선정하기,2025-12-15T14:29:20Z,76.0,False,16825,56.0,4.0
5096,UCM5nKsD-ZcmURptptXeicYQ,과장말고 사장하자,gsWoBQp-z5o,야키토리 날개 꼬치 만들기,2025-12-15T23:00:53Z,135.0,False,28702,160.0,15.0
5096,UCM5nKsD-ZcmURptptXeicYQ,과장말고 사장하자,kaNzRAlYwXw,야키토리 목살 꼬치 만드는 법,2025-12-16T08:00:54Z,92.0,False,27305,218.0,4.0
5096,UCM5nKsD-ZcmURptptXeicYQ,과장말고 사장하자,_4YpOpcwG-w,야키토리 안심 꼬치 만드는 법,2025-12-16T12:30:49Z,157.0,False,27341,85.0,3.0
5096,UCM5nKsD-ZcmURptptXeicYQ,과장말고 사장하자,hOdwAALcHWs,"야키토리 코스 중간점검, 과연 사장님의 메뉴는 잘 나왔을까..?[야키토리 컨설팅 ep5]",2025-12-28T10:04:00Z,1218.0,False,36090,415.0,47.0
5096,UCM5nKsD-ZcmURptptXeicYQ,과장말고 사장하자,grbQdzEv1tE,흑백요리사 김도윤 셰프의 1라운드 면요리를 먹을 수 있는 곳,2026-01-23T09:01:05Z,1664.0,False,141379,1349.0,299.0
5096,UCM5nKsD-ZcmURptptXeicYQ,과장말고 사장하자,q7f-h5WY8iM,"2026년 첫 창업 박람회, 어떤 아이템들이 있을지 창업박람회에 다녀왔습니다",2026-01-28T11:02:00Z,1612.0,False,52805,435.0,82.0
5096,UCM5nKsD-ZcmURptptXeicYQ,과장말고 사장하자,6wMXGNa2ap4,흑백요리사 김건 셰프의 100가지 메뉴가 있다는 이자카야에 다녀왔습니다.,2026-02-09T09:00:13Z,1699.0,False,30784,313.0,26.0
5096,UCM5nKsD-ZcmURptptXeicYQ,과장말고 사장하자,ppgYuZUlx14,"한국에서 덴푸라 오마카세 장르를 개척한 사장님, 더 유명해지기 전에 다녀왔습니다",2026-03-04T09:01:11Z,1244.0,False,21893,272.0,40.0
5096,UCM5nKsD-ZcmURptptXeicYQ,과장말고 사장하자,jxVJCmJvuGo,"오피스 건물 속, 60인석 대형 매장에서 매일 만석이라는 칼마카세 셰프의 이자카야에 다녀왔습니다(feat. 요리괴물 영상편지)",2026-03-14T09:01:04Z,1435.0,False,24875,230.0,15.0
5096,UCM5nKsD-ZcmURptptXeicYQ,과장말고 사장하자,z132WsVnt6g,"[양식집 컨설팅 ep1]1년동안 이원일 셰프를 기다린 사장님, 매출은 높은데 적자도 높다..대체 왜 이런 걸까..?",2026-03-25T10:01:31Z,2007.0,False,350484,4024.0,784.0
5096,UCM5nKsD-ZcmURptptXeicYQ,과장말고 사장하자,VuilapCwRWc,"[양식집 컨설팅 ep2]사장님의 음식 솜씨 하나 외에는 모든 게 잘못 맞춰진 업장, 해결 방법은..?",2026-04-06T12:00:52Z,1537.0,False,173721,2784.0,425.0
5096,UCM5nKsD-ZcmURptptXeicYQ,과장말고 사장하자,CyjSnGK7GYY,우리나라 1등 버거 브랜드는 과연 어디일까..?[코리아버거챔피언십 예선전],2026-04-07T12:15:56Z,571.0,False,61307,642.0,88.0
5096,UCM5nKsD-ZcmURptptXeicYQ,과장말고 사장하자,GQGbRgfLsjY,🍔한국 1등 치킨버거를 다투는 사장님이 수제버거 대회에 참가한 이유[코리아버거챔피언십],2026-04-08T12:19:17Z,724.0,False,34599,341.0,68.0
5096,UCM5nKsD-ZcmURptptXeicYQ,과장말고 사장하자,9l_hrVBuSBI,오사카 코스요리집🐖🍤🍡일식 셰프들이 제대로 알려드립니다,2026-04-23T09:00:12Z,1731.0,False,18647,224.0,17.0
5096,UCM5nKsD-ZcmURptptXeicYQ,과장말고 사장하자,KMwZ_iRv8mQ,드디어 K버거 대회 결선! 🍔 과연 한국 1위는 어느 곳이 될까..?[K버거챔피언십 결선],2026-04-27T10:00:35Z,1344.0,False,127569,962.0,87.0
5096,UCM5nKsD-ZcmURptptXeicYQ,과장말고 사장하자,n7XkEPBVCoQ,남준영 셰프가 인덕션을 쓰는 진짜 이유[feat. 린나이 식세기]🎁구독자 이벤트,2026-04-29T10:01:30Z,1313.0,False,33910,456.0,269.0
5096,UCM5nKsD-ZcmURptptXeicYQ,과장말고 사장하자,aq1tgj0788U,70초 업소용 식세기,2026-05-10T11:00:05Z,75.0,False,76688,220.0,54.0
5096,UCM5nKsD-ZcmURptptXeicYQ,과장말고 사장하자,TW1zdxJeWKQ,육수다이를 인덕션으로 쓰는 이유,2026-05-11T09:00:37Z,117.0,False,25518,224.0,31.0
5096,UCM5nKsD-ZcmURptptXeicYQ,과장말고 사장하자,sxYmfCT1k5U,작고 빠른 업소용 화구,2026-05-12T09:01:16Z,70.0,False,15331,78.0,2.0
5096,UCM5nKsD-ZcmURptptXeicYQ,과장말고 사장하자,Y2WjoOxaNc8,식세기계의 레간자,2026-05-13T09:00:48Z,41.0,True,13076,39.0,3.0
5096,UCM5nKsD-ZcmURptptXeicYQ,과장말고 사장하자,5LyIAY65hM4,인덕션 볶음밥,2026-05-14T11:00:14Z,143.0,False,13408,60.0,11.0
5097,UC7vnPk9a6_gpvb0d7MU0xUQ,TVREPORT,h4q4Oul6i8A,암 때문에 목소리 잃을 뻔 했다는 박소담 #shorts,2023-12-18T23:00:21Z,37.0,True,2694,31.0,0.0
5097,UC7vnPk9a6_gpvb0d7MU0xUQ,TVREPORT,BL0oeg8a6AM,알고보니 연예인이라는 나는솔로 18기 옥순 #shorts,2023-12-19T21:00:11Z,34.0,True,27950,79.0,23.0
5097,UC7vnPk9a6_gpvb0d7MU0xUQ,TVREPORT,pQT35SHbEKo,팬 내동댕이친 경호원 때문에 논란된 보이그룹 #shorts,2023-12-19T23:00:30Z,38.0,True,5054,40.0,0.0
5097,UC7vnPk9a6_gpvb0d7MU0xUQ,TVREPORT,ETDsju7qc_M,이낙연 지지 포스터에 등장한 유명 아이돌들 #shorts,2023-12-20T21:00:07Z,37.0,True,5425,35.0,8.0
5097,UC7vnPk9a6_gpvb0d7MU0xUQ,TVREPORT,G-k7L54MzJY,가족들에게 비호감이라 욕 먹은 배우 #shorts,2023-12-20T23:00:08Z,31.0,True,6904,49.0,3.0
5097,UC7vnPk9a6_gpvb0d7MU0xUQ,TVREPORT,jJD6UGh-HeI,아이돌 비주얼이라는 탈색머리 이동욱 근황 #shorts,2023-12-21T21:00:17Z,32.0,True,317755,12452.0,164.0
5097,UC7vnPk9a6_gpvb0d7MU0xUQ,TVREPORT,7trApblXXwI,지드래곤이 악플러들에게 남긴 말 #shorts,2023-12-21T23:00:07Z,37.0,True,5101,60.0,1.0
5097,UC7vnPk9a6_gpvb0d7MU0xUQ,TVREPORT,2XPg8Iw92j4,가수 비 때문에 이시언이 받았던 악플 #shorts,2023-12-22T21:00:01Z,38.0,True,4344,38.0,2.0
5097,UC7vnPk9a6_gpvb0d7MU0xUQ,TVREPORT,OvVW7iXl_cA,송지은이 첫눈에 반한 유튜버 남친 정체 #shorts,2023-12-22T23:00:12Z,35.0,True,17513,210.0,3.0
5097,UC7vnPk9a6_gpvb0d7MU0xUQ,TVREPORT,McnPJLQcpHY,버블 시작한 박진영에 JYP 아이돌들 반응 #shorts,2023-12-23T01:00:08Z,36.0,True,51004,1440.0,14.0
5097,UC7vnPk9a6_gpvb0d7MU0xUQ,TVREPORT,nkjv_HWYs3Y,용돈 달라는 딸에 탁재훈이 보인 반응 #shorts,2023-12-23T21:00:28Z,34.0,True,16326,132.0,0.0
5097,UC7vnPk9a6_gpvb0d7MU0xUQ,TVREPORT,CiMatvQprmM,스윙스랑 활동했던 조현아의 반전 과거 #shorts,2023-12-23T23:00:07Z,31.0,True,6156,13.0,1.0
5097,UC7vnPk9a6_gpvb0d7MU0xUQ,TVREPORT,a5SxAG9oJas,범죄 저지르고 당당한 엔시티 사생 수준 #shorts,2023-12-24T01:00:01Z,47.0,True,215160,6530.0,78.0
5097,UC7vnPk9a6_gpvb0d7MU0xUQ,TVREPORT,8ph2rghcPCQ,지인들에게 공개적으로 악플세례 받은 이지혜 #shorts,2023-12-24T21:00:05Z,32.0,True,20943,91.0,0.0
5097,UC7vnPk9a6_gpvb0d7MU0xUQ,TVREPORT,q9H2c3fk-iU,경복궁 낙서 모방범이 적은 가수 이름 #shorts,2023-12-24T23:00:32Z,34.0,True,7259,57.0,3.0
5097,UC7vnPk9a6_gpvb0d7MU0xUQ,TVREPORT,Ym2j8bRmvCM,평범한 사진이 없다는 남자아이돌 과거사진 #shorts,2023-12-25T01:00:14Z,37.0,True,3977,59.0,0.0
5097,UC7vnPk9a6_gpvb0d7MU0xUQ,TVREPORT,JEyzhD7fPxs,전성기 끝났다는 이효리 최근 매출 #shorts,2023-12-25T21:00:13Z,39.0,True,4726,34.0,1.0
5097,UC7vnPk9a6_gpvb0d7MU0xUQ,TVREPORT,4xi4AYy2nPY,희귀병 오래 앓았다는 FT아일랜드 이홍기 #shorts,2023-12-25T23:00:01Z,31.0,True,6037,38.0,2.0
5097,UC7vnPk9a6_gpvb0d7MU0xUQ,TVREPORT,srdUnsck75o,역대급 관크에 공연 중 욕해버린 이규형 #shorts,2023-12-26T01:00:16Z,38.0,True,13794,97.0,1.0
5097,UC7vnPk9a6_gpvb0d7MU0xUQ,TVREPORT,TEpJu2joHJs,역대 최악이라는 2023가요대전 사고모음 #shorts,2023-12-26T21:00:12Z,44.0,True,338508,11992.0,173.0
5097,UC7vnPk9a6_gpvb0d7MU0xUQ,TVREPORT,o9IHT07mb08,일본인들이 한소희 인스타 테러하는 이유 #shorts,2023-12-26T23:00:24Z,32.0,True,4245,56.0,1.0
5097,UC7vnPk9a6_gpvb0d7MU0xUQ,TVREPORT,iUFRhQegVa8,광희가 플라스틱 때문에 고민하는 이유 #shorts,2023-12-27T01:00:18Z,32.0,True,3349,38.0,0.0
5097,UC7vnPk9a6_gpvb0d7MU0xUQ,TVREPORT,01HerB9_peI,뉴진스 혜인이 라이브 도중 나가버린 이유,2023-12-27T21:00:00Z,35.0,True,4141,38.0,0.0
5097,UC7vnPk9a6_gpvb0d7MU0xUQ,TVREPORT,g6Bj7E5jcRg,‘동해‘를 ’일본해‘로 언급해 논란된 남돌 #shorts,2023-12-27T23:00:31Z,34.0,True,13648,85.0,11.0
5097,UC7vnPk9a6_gpvb0d7MU0xUQ,TVREPORT,9T_vaX0QWOo,SM에서 나가지 말라고 유영진이 붙잡았던 그룹 #shorts,2023-12-28T01:00:02Z,35.0,True,18566,106.0,3.0
5097,UC7vnPk9a6_gpvb0d7MU0xUQ,TVREPORT,nrk8Fvt8IXU,이선균 사건에 글 올린 김이나 현상황 #shorts,2023-12-28T21:00:19Z,33.0,True,16361,79.0,1.0
5097,UC7vnPk9a6_gpvb0d7MU0xUQ,TVREPORT,GDeFEh5D-YA,연예인 되려고 이선빈이 저지른 일 ㄷㄷ #shorts,2023-12-28T23:00:08Z,31.0,True,4142,41.0,0.0
5097,UC7vnPk9a6_gpvb0d7MU0xUQ,TVREPORT,MwJ5lztttzE,신동엽이 주현영 때문에 불안했던 이유 #shorts,2023-12-29T01:00:10Z,35.0,True,5595,40.0,0.0
5097,UC7vnPk9a6_gpvb0d7MU0xUQ,TVREPORT,4lLmjNpjTYs,주식으로 떼돈 벌었다는 걸그룹 멤버 #shorts,2023-12-29T21:00:04Z,37.0,True,4858,31.0,1.0
5097,UC7vnPk9a6_gpvb0d7MU0xUQ,TVREPORT,msM9KZcnumc,심진화가 김기욱 병실에서 살게 된 사연 #shorts,2023-12-29T23:00:28Z,38.0,True,112802,597.0,11.0
5097,UC7vnPk9a6_gpvb0d7MU0xUQ,TVREPORT,WDf_hKtMx4c,홍석천이 잠도 못 자고 수집한 보석들 비주얼 #shorts,2023-12-30T01:00:28Z,38.0,True,5010,48.0,1.0
5097,UC7vnPk9a6_gpvb0d7MU0xUQ,TVREPORT,GCCtkSn_GEM,수익배분으로 한 번도 싸운 적 없다는 아이돌 #shorts,2023-12-30T03:00:15Z,31.0,True,16503,74.0,2.0
5097,UC7vnPk9a6_gpvb0d7MU0xUQ,TVREPORT,_npKMsJ33G8,탈퇴 10년차에 또 소녀시대 저격한 제시카 #shorts,2023-12-30T05:00:30Z,37.0,True,43882,168.0,15.0
5097,UC7vnPk9a6_gpvb0d7MU0xUQ,TVREPORT,yyeq4PkR1ao,나혼산 첫방 때랑 많이 달라졌다는 이장우 #shorts,2023-12-30T21:00:22Z,33.0,True,17929,108.0,3.0
5097,UC7vnPk9a6_gpvb0d7MU0xUQ,TVREPORT,os6i1NsvlMQ,홍자 팬클럽 택시 탄 이영지 반응 #shorts,2023-12-30T23:00:34Z,34.0,True,4781,69.0,2.0
5097,UC7vnPk9a6_gpvb0d7MU0xUQ,TVREPORT,QLICu5-sxtY,맞는 말만 골라 하는 최강창민 어록 모음 #shorts,2023-12-31T01:00:09Z,42.0,True,9994,136.0,3.0
5097,UC7vnPk9a6_gpvb0d7MU0xUQ,TVREPORT,MxUOe9YwhZo,현실 남매 거리감의 정석이라는 악뮤 #shorts,2023-12-31T03:00:10Z,31.0,True,18531,224.0,1.0
5097,UC7vnPk9a6_gpvb0d7MU0xUQ,TVREPORT,_EVxJVL3OpY,데뷔 전 교도소 다녀왔다는 배우 #shorts,2023-12-31T21:00:25Z,35.0,True,6566,64.0,0.0
5097,UC7vnPk9a6_gpvb0d7MU0xUQ,TVREPORT,yTP66X_6Q2Y,시작부터 남다른 방탄 멤버 합류 과정 # shorts,2023-12-31T23:00:43Z,44.0,True,133452,5158.0,27.0
5097,UC7vnPk9a6_gpvb0d7MU0xUQ,TVREPORT,ziuVdLvlcsg,장윤정이 매일 술 마셔도 살 안 찌는 이유 #shorts,2024-01-01T01:00:26Z,32.0,True,12578,92.0,3.0
5097,UC7vnPk9a6_gpvb0d7MU0xUQ,TVREPORT,iCYXIwazFdk,플라이투더스카이가 SM과 재계약 안한 이유 #shorts,2024-01-01T03:00:32Z,35.0,True,6772,45.0,0.0
5097,UC7vnPk9a6_gpvb0d7MU0xUQ,TVREPORT,__ac7P7aFx4,샤넬백보다 비싼 1500만 원짜리 머리카락 옷 #shorts,2024-01-02T10:30:20Z,38.0,True,4569,30.0,0.0
5097,UC7vnPk9a6_gpvb0d7MU0xUQ,TVREPORT,Y-5GE-9jmrs,구찌 모델이 사람 머리 들고 런웨이한 이유 ㄷㄷ #shorts,2024-01-03T03:00:26Z,55.0,True,5210,51.0,1.0
5097,UC7vnPk9a6_gpvb0d7MU0xUQ,TVREPORT,YMXtcZ5gcIc,살 안 빠지는 게 이상한 장원영 스케줄 수준 #shorts,2024-01-03T10:00:31Z,50.0,True,12496,220.0,2.0
5097,UC7vnPk9a6_gpvb0d7MU0xUQ,TVREPORT,IFLdRZCyB14,라이브 대참사낸 (여자)아이들 미연 #shorts,2024-01-04T03:00:09Z,46.0,True,8165,91.0,1.0
5097,UC7vnPk9a6_gpvb0d7MU0xUQ,TVREPORT,UnZgecPHmJo,검은색 복장으로 이선균 추모하는 배우들 #shorts,2024-01-04T10:00:31Z,58.0,True,14749,196.0,3.0
5097,UC7vnPk9a6_gpvb0d7MU0xUQ,TVREPORT,fMfPYIsBcdA,잘생긴 4세대 아이돌 공항패션 탐구 #shorts,2024-01-05T03:00:32Z,40.0,True,9303,245.0,10.0
5097,UC7vnPk9a6_gpvb0d7MU0xUQ,TVREPORT,UXjSVwhWfvk,브라이언이 아낀다는 아우터 애장품 모음 #shorts,2024-01-06T09:00:20Z,40.0,True,10225,94.0,1.0
5097,UC7vnPk9a6_gpvb0d7MU0xUQ,TVREPORT,9trxDHjgUdI,멤버들이 모두 명품 앰버서더인 뉴진스 #shorts,2024-01-07T09:00:06Z,40.0,True,10215,155.0,3.0
5097,UC7vnPk9a6_gpvb0d7MU0xUQ,TVREPORT,69E3XumtyfI,남녀 아이돌로 알아보는 청청패션 스타일링 #shorts,2024-07-12T09:00:10Z,41.0,True,2151,24.0,0.0
5098,UCtVg4Qkf2bxbx-rWeB1Xd0Q,ChaChaPiano차차와피아노놀이,5_btxWNMb_Q,반주하면서 노래까지 하면 거~의 풀킴 #악보보는법 #피아노독학 #코드반주법,2025-04-18T12:30:08Z,94.0,False,14595,134.0,0.0
5098,UCtVg4Qkf2bxbx-rWeB1Xd0Q,ChaChaPiano차차와피아노놀이,2OHCqbkM87M,전공자가 추천하는 입문용 피아노 추천! #피아노추천 #피아노독학 #피아노튜토리얼,2025-04-25T12:15:00Z,91.0,False,10091,74.0,4.0
5098,UCtVg4Qkf2bxbx-rWeB1Xd0Q,ChaChaPiano차차와피아노놀이,BZWfcvvG6Y4,피아노 악보 어렵게 보지 마세요! 이렇게 보면 바로 쉬워집니다,2025-05-23T11:15:02Z,594.0,False,4882,121.0,6.0
5098,UCtVg4Qkf2bxbx-rWeB1Xd0Q,ChaChaPiano차차와피아노놀이,s7GwQQfbfcA,요렇게 이해하고 치다 보면 소리가 달라짐,2025-05-23T11:45:06Z,91.0,False,13796,196.0,1.0
5098,UCtVg4Qkf2bxbx-rWeB1Xd0Q,ChaChaPiano차차와피아노놀이,B3XG3fbIGCE,이 영상 보면 악보 더 빨리 볼 수 있음 #피아노독학 #악보보는법 #피아노잘치는법,2025-05-24T01:15:00Z,83.0,False,28160,403.0,6.0
5098,UCtVg4Qkf2bxbx-rWeB1Xd0Q,ChaChaPiano차차와피아노놀이,uZi9uQ0dkl8,"어렵기만 하던 악보, 이 포인트 하나로 갑자기 쉬워져요 | 입시생들은 무조건 하는 연습",2025-05-30T11:15:17Z,366.0,False,5543,149.0,11.0
5098,UCtVg4Qkf2bxbx-rWeB1Xd0Q,ChaChaPiano차차와피아노놀이,ptQtvJn8QfE,누구보다 빠르게 실력 느는 법..?! #pianotutorial #악보보는법,2025-05-30T11:45:05Z,87.0,False,43517,683.0,6.0
5098,UCtVg4Qkf2bxbx-rWeB1Xd0Q,ChaChaPiano차차와피아노놀이,6cbkdyv5y5I,100곡 연습보다 더 효과적인 피아노 연습법｜이 영상 1개로 실력 확 늘어요,2025-06-20T11:15:01Z,402.0,False,23794,581.0,40.0
5098,UCtVg4Qkf2bxbx-rWeB1Xd0Q,ChaChaPiano차차와피아노놀이,EsaCzSOWS-c,악보가 술술 읽히는 피아노 훈련법!,2025-06-20T11:45:02Z,92.0,False,17148,388.0,1.0
5098,UCtVg4Qkf2bxbx-rWeB1Xd0Q,ChaChaPiano차차와피아노놀이,u4jnX-z9D_M,"외우기 어려운 악보, 이렇게 하면 머리에 박힙니다｜3000명이 검증한 암기법",2025-07-11T11:01:40Z,516.0,False,21502,603.0,23.0
5098,UCtVg4Qkf2bxbx-rWeB1Xd0Q,ChaChaPiano차차와피아노놀이,usQvCIcU34Q,긴 곡이 긴장된다면 꼭 봐야 할 영상 #악보보는법 #피아노독학 #긴곡연습,2025-07-11T12:15:10Z,98.0,False,17379,166.0,6.0
5098,UCtVg4Qkf2bxbx-rWeB1Xd0Q,ChaChaPiano차차와피아노놀이,y_9X88_IgC4,국어처럼 음악 문법을 알면 어떤 악보든 쉽게 읽혀요! | 음악이론 기반 악보 해석의 핵심 방법,2025-07-25T10:45:12Z,277.0,False,2243,63.0,9.0
5098,UCtVg4Qkf2bxbx-rWeB1Xd0Q,ChaChaPiano차차와피아노놀이,X795VpGsJ_A,체르니 100이 약간 고비긴 함 #피아노독학 #악보보는법 #체르니,2025-07-25T11:30:34Z,67.0,False,44078,377.0,12.0
5098,UCtVg4Qkf2bxbx-rWeB1Xd0Q,ChaChaPiano차차와피아노놀이,kphkBRPat0w,"음대 교수님과 함께한 클래식의 현실 | 비용, 입시 꿀팁, 좋은 선생님 찾는 법까지",2025-08-14T09:15:04Z,904.0,False,3360,76.0,9.0
5098,UCtVg4Qkf2bxbx-rWeB1Xd0Q,ChaChaPiano차차와피아노놀이,tk6UFLSaCDQ,입시 전에 꼭 보면 좋을 영상 #피아노입시 #입시생,2025-08-14T09:45:08Z,76.0,False,2933,18.0,2.0
5098,UCtVg4Qkf2bxbx-rWeB1Xd0Q,ChaChaPiano차차와피아노놀이,Q0JueVjQEcU,어느 장르나 좋은 선생님 찾는 건 중요해요!,2025-08-15T00:15:03Z,68.0,False,3540,22.0,1.0
5098,UCtVg4Qkf2bxbx-rWeB1Xd0Q,ChaChaPiano차차와피아노놀이,chypzY0ApsQ,손가락이 안 돌아가는 이유&해결법｜거장들의 피아노 테크닉 완전정복,2025-08-29T10:45:03Z,604.0,False,10333,315.0,16.0
5098,UCtVg4Qkf2bxbx-rWeB1Xd0Q,ChaChaPiano차차와피아노놀이,8qHQVRHJ_vU,테크닉은 요렇게 연습해 보세요!,2025-08-29T11:30:10Z,83.0,False,9743,100.0,1.0
5098,UCtVg4Qkf2bxbx-rWeB1Xd0Q,ChaChaPiano차차와피아노놀이,x2quVS3iX2A,소리를 가지고 노는 손모양의 비밀 | 프로 피아니스트들의 공통점,2025-09-12T09:15:10Z,415.0,False,2511,95.0,11.0
5098,UCtVg4Qkf2bxbx-rWeB1Xd0Q,ChaChaPiano차차와피아노놀이,AlIjQRjib_w,2가지 생각하면서 연습해 보기! #피아노독학 #달빛 #pianotutorial,2025-09-12T10:00:25Z,69.0,False,25996,436.0,6.0
5098,UCtVg4Qkf2bxbx-rWeB1Xd0Q,ChaChaPiano차차와피아노놀이,22I3Na4kR7A,"취미생도 무조건 한 번은 치는 베토벤, 연습 효율 200% 올리는 방법 | 찐 교수님이 풀어줍니다",2025-09-26T08:45:00Z,879.0,False,5677,133.0,14.0
5098,UCtVg4Qkf2bxbx-rWeB1Xd0Q,ChaChaPiano차차와피아노놀이,XCirly-EYA4,쉬워 보이는데 잘 치는 사람이 거의 없는 전설의 곡,2025-09-26T10:01:04Z,74.0,False,9831,76.0,2.0
5098,UCtVg4Qkf2bxbx-rWeB1Xd0Q,ChaChaPiano차차와피아노놀이,m5KSUea6EVg,그랜드 긴장시키는 터치감+소리 | 대장급 입문용 디지털 피아노 추천,2025-10-31T08:15:09Z,857.0,False,8952,91.0,14.0
5098,UCtVg4Qkf2bxbx-rWeB1Xd0Q,ChaChaPiano차차와피아노놀이,NR7wK5NDA8E,터치감 대장급 입문용 피아노 루볼 RS-500 #입문용피아노 #피아노추천 #디지털피아노,2025-10-31T10:15:02Z,96.0,False,7368,31.0,3.0
5098,UCtVg4Qkf2bxbx-rWeB1Xd0Q,ChaChaPiano차차와피아노놀이,ucwgsxqpPl4,"쇼팽 곡, 누구보다 똑똑하고 효율적이게 연습하는 법 | 초보부터 입시생까지",2025-11-14T09:45:05Z,780.0,False,10726,221.0,38.0
5098,UCtVg4Qkf2bxbx-rWeB1Xd0Q,ChaChaPiano차차와피아노놀이,FYE_xjba6HU,정답을 아시는 분은 댓글 남겨주세요:)!,2025-11-14T10:45:02Z,71.0,False,5537,43.0,8.0
5098,UCtVg4Qkf2bxbx-rWeB1Xd0Q,ChaChaPiano차차와피아노놀이,sv5XtSjZeks,피아노 잘 치는 사람들의 공통점? 아르페지오 이렇게 연습하면 돼요,2025-11-28T09:45:09Z,812.0,False,11608,294.0,22.0
5098,UCtVg4Qkf2bxbx-rWeB1Xd0Q,ChaChaPiano차차와피아노놀이,zqbe6lLf9OQ,본편까지 보면 아르페지오 더 쉬워짐 #아르페지오 #피아노독학 #piano,2025-11-28T11:02:00Z,92.0,False,24898,214.0,2.0
5098,UCtVg4Qkf2bxbx-rWeB1Xd0Q,ChaChaPiano차차와피아노놀이,QTACU9-NMRg,"비싼 레슨비 투자해도 실력이 안 오르는 이유, 초보도 바로 고치는 연습법",2025-12-12T09:15:02Z,471.0,False,18039,400.0,40.0
5098,UCtVg4Qkf2bxbx-rWeB1Xd0Q,ChaChaPiano차차와피아노놀이,MicoOo5FRZk,분명 알았는데 왜 집 가면 까먹죠,2025-12-12T10:00:42Z,77.0,False,18649,166.0,0.0
5098,UCtVg4Qkf2bxbx-rWeB1Xd0Q,ChaChaPiano차차와피아노놀이,D3zj82b9xCs,1주일 만에 완주! 쉽고 빠른 크리스마스 메들리 연주법,2025-12-16T09:15:03Z,551.0,False,1865,50.0,12.0
5098,UCtVg4Qkf2bxbx-rWeB1Xd0Q,ChaChaPiano차차와피아노놀이,2pU5eKI2pOc,오늘부터 연습하면 크리스마스 날 연주 가능! #크리스마스피아노,2025-12-16T10:00:05Z,109.0,False,20190,155.0,2.0
5098,UCtVg4Qkf2bxbx-rWeB1Xd0Q,ChaChaPiano차차와피아노놀이,E2IYUs2yg-I,크리스마스 곡으로 끝내는 악보 빨리 보는 법 | 아직도 하나씩 세고 있나요? 해결법 알려드려요,2025-12-18T10:00:18Z,705.0,False,1539,31.0,6.0
5098,UCtVg4Qkf2bxbx-rWeB1Xd0Q,ChaChaPiano차차와피아노놀이,y_wS0WpFt38,크리스마스 메들리로 쉽게 악보 속독해 봐요!,2025-12-18T11:15:08Z,105.0,False,8077,45.0,0.0
5098,UCtVg4Qkf2bxbx-rWeB1Xd0Q,ChaChaPiano차차와피아노놀이,KHmeuIUyU7s,당신이 피아노를 가장 어렵고 느리게 배우는 이유 | 이렇게 해결해 보세요,2026-01-22T08:00:32Z,656.0,False,24015,634.0,27.0
5098,UCtVg4Qkf2bxbx-rWeB1Xd0Q,ChaChaPiano차차와피아노놀이,8iCU4Kp-JAA,악보가 한눈에 보이기 시작해요! #피아노독학 #악보보는법,2026-01-22T09:00:10Z,111.0,False,13279,154.0,1.0
5098,UCtVg4Qkf2bxbx-rWeB1Xd0Q,ChaChaPiano차차와피아노놀이,OLa3R_ODlfA,"""제발 계이름 읽지 마세요"" 덧줄 많은 악보도 5초 만에 '스캔'하는 법",2026-02-06T11:00:43Z,521.0,False,13750,324.0,18.0
5098,UCtVg4Qkf2bxbx-rWeB1Xd0Q,ChaChaPiano차차와피아노놀이,ORnREzt89Ks,초견은 재능이 아니고 기술입니다,2026-02-06T11:30:26Z,92.0,False,13966,120.0,3.0
5098,UCtVg4Qkf2bxbx-rWeB1Xd0Q,ChaChaPiano차차와피아노놀이,4vzIlNHQojw,남학생들 사이 GOAT라 불리는 곡 (로블록스 Forsaken - READY OR NOT),2026-03-03T11:00:11Z,123.0,False,3163,29.0,13.0
5098,UCtVg4Qkf2bxbx-rWeB1Xd0Q,ChaChaPiano차차와피아노놀이,RjoYNztAjjo,아니.. 3번이나 돌려봤네...,2026-03-03T12:15:08Z,48.0,True,5327,33.0,0.0
5098,UCtVg4Qkf2bxbx-rWeB1Xd0Q,ChaChaPiano차차와피아노놀이,IqMNrIOaNa4,악보 보는 법? 30년 차 선생님이 알려주는 '5배 빨리 읽는' 비법,2026-03-13T11:45:03Z,758.0,False,2957,114.0,20.0
5098,UCtVg4Qkf2bxbx-rWeB1Xd0Q,ChaChaPiano차차와피아노놀이,1VTBCeMH5ww,3개만 알면 평생 악보 쉽게 봄,2026-03-13T12:30:02Z,119.0,False,36752,411.0,5.0
5098,UCtVg4Qkf2bxbx-rWeB1Xd0Q,ChaChaPiano차차와피아노놀이,Fpw6jjJHEAA,연습해도 속도가 안 오르죠? 메트로놈 10 말고 '00'씩 올려보세요.,2026-03-27T11:01:21Z,733.0,False,1679,39.0,6.0
5098,UCtVg4Qkf2bxbx-rWeB1Xd0Q,ChaChaPiano차차와피아노놀이,R2jLmWBbyPs,메트로놈 들어만 봤다면 봐야 할 영상 #메트로놈 #피아노독학,2026-03-27T11:45:03Z,97.0,False,9023,77.0,0.0
5098,UCtVg4Qkf2bxbx-rWeB1Xd0Q,ChaChaPiano차차와피아노놀이,P7Q69OJTSeQ,체르니가 지루해? NO! 치기 쉬운데 듣기엔 압도적인 콩쿠르 필승곡 공개,2026-04-10T11:00:44Z,480.0,False,5445,90.0,11.0
5098,UCtVg4Qkf2bxbx-rWeB1Xd0Q,ChaChaPiano차차와피아노놀이,_-RxRwqtG0k,블랙핑크가 선택한 초등학생 콩쿠르 필승 곡?,2026-04-10T12:15:04Z,89.0,False,5417,57.0,2.0
5098,UCtVg4Qkf2bxbx-rWeB1Xd0Q,ChaChaPiano차차와피아노놀이,rsKUMMfgQXM,"쇼팽 즉흥환상곡, '감'으로 연습하면 망합니다. 3:4 폴리리듬을 정복하는 가장 정확한 구조",2026-04-24T10:01:33Z,795.0,False,3941,62.0,22.0
5098,UCtVg4Qkf2bxbx-rWeB1Xd0Q,ChaChaPiano차차와피아노놀이,TIQ9OCmQWe0,즉흥환상곡 폴리리듬 완전정복,2026-04-24T10:45:03Z,97.0,False,5653,46.0,0.0
5098,UCtVg4Qkf2bxbx-rWeB1Xd0Q,ChaChaPiano차차와피아노놀이,uNpU5p5Mfog,"""결국 시스템 차이입니다"" 업무 65% 줄이고 수익 극대화한 피아노 학원 운영 노하우",2026-05-15T10:01:23Z,806.0,False,548,13.0,3.0
5098,UCtVg4Qkf2bxbx-rWeB1Xd0Q,ChaChaPiano차차와피아노놀이,8bUVNaryA68,규모 상관없이 빨리 퇴근하는 법,2026-05-15T11:00:23Z,71.0,False,1651,7.0,1.0
5099,UCnCFD3met1Ip7OngdF9TRDg,웁TV 풀영상,F-vwgPWCJjA,그래 오늘은 어디부터 어디까지 가는거냐,2026-04-18T02:20:19Z,8670.0,False,30322,398.0,164.0
5099,UCnCFD3met1Ip7OngdF9TRDg,웁TV 풀영상,DisRCml8WZ4,[1화] 한 남자와 세 여자(?)의 아마존 개판 생존기 - 그린 헬 [Green Hell],2026-04-18T02:33:03Z,7455.0,False,62147,598.0,98.0
5099,UCnCFD3met1Ip7OngdF9TRDg,웁TV 풀영상,EQrWPmeh1zQ,[2화] 한 남자와 세 여자(?)의 아마존 개판 생존기 - 그린 헬 [Green Hell],2026-04-18T02:36:47Z,7451.0,False,26798,246.0,25.0
5099,UCnCFD3met1Ip7OngdF9TRDg,웁TV 풀영상,MWDnAx5TNPk,스트리머라서 스트리머 인생을 살아봤는데 이게 또 꽤 재밌는 것 같으면서도 잘되다가 결국 개처망해서 나락갔는데 나락도 락이다 복구 하려다가 결국 말년에 개고생을 쳐 하더라,2026-04-19T05:39:13Z,9089.0,False,25648,398.0,59.0
5099,UCnCFD3met1Ip7OngdF9TRDg,웁TV 풀영상,AO0eU0RfFCI,이거 아무리봐도 개쉬운 게임임ㅎㅎ;,2026-04-19T05:46:50Z,3545.0,False,12594,201.0,18.0
5099,UCnCFD3met1Ip7OngdF9TRDg,웁TV 풀영상,2YgBNQxcZR0,[1화] 달에서 벌어지는 이상현상! 그리고 딸래미 - 프래그마타 [PRAGMATA],2026-04-20T03:59:22Z,6564.0,False,43013,569.0,68.0
5099,UCnCFD3met1Ip7OngdF9TRDg,웁TV 풀영상,YqaGSGoRhcI,[2화] 달에서 벌어지는 이상현상! 그리고 딸래미 - 프래그마타 [PRAGMATA],2026-04-20T04:00:35Z,6564.0,False,17134,208.0,32.0
5099,UCnCFD3met1Ip7OngdF9TRDg,웁TV 풀영상,uWkBaRu9iIQ,[2화] 드래곤을 잡기위해 모험을 떠나는 두 남자 운명은? - 비락탈 [Viractal],2026-04-21T02:40:50Z,19355.0,False,14347,146.0,22.0
5099,UCnCFD3met1Ip7OngdF9TRDg,웁TV 풀영상,wOAoqRvLBAE,[3화] 달에서 벌어지는 이상현상! 그리고 딸래미 - 프래그마타 [PRAGMATA],2026-04-21T23:42:44Z,4142.0,False,10124,162.0,12.0
5099,UCnCFD3met1Ip7OngdF9TRDg,웁TV 풀영상,DUR4LJ3zGPo,[4화] 달에서 벌어지는 이상현상! 그리고 딸래미 - 프래그마타 [PRAGMATA],2026-04-21T23:42:54Z,4105.0,False,7865,120.0,9.0
5099,UCnCFD3met1Ip7OngdF9TRDg,웁TV 풀영상,sxpEuS8OVmU,[5화] 달에서 벌어지는 이상현상! 그리고 딸래미 - 프래그마타 [PRAGMATA],2026-04-21T23:43:01Z,4130.0,False,7205,112.0,9.0
5099,UCnCFD3met1Ip7OngdF9TRDg,웁TV 풀영상,aJWLG92QmPk,[6화] 달에서 벌어지는 이상현상! 그리고 딸래미 - 프래그마타 [PRAGMATA],2026-04-24T08:17:58Z,3995.0,False,5124,90.0,5.0
5099,UCnCFD3met1Ip7OngdF9TRDg,웁TV 풀영상,gJPdLrRiZWY,[7화] 달에서 벌어지는 이상현상! 그리고 딸래미 - 프래그마타 [PRAGMATA],2026-04-24T08:19:27Z,3991.0,False,5265,90.0,5.0
5099,UCnCFD3met1Ip7OngdF9TRDg,웁TV 풀영상,imvu6YscDKc,[8화][완결] 달에서 벌어지는 이상현상! 그리고 딸래미 - 프래그마타 [PRAGMATA],2026-04-24T08:21:10Z,3922.0,False,7324,126.0,25.0
5099,UCnCFD3met1Ip7OngdF9TRDg,웁TV 풀영상,hPymlpsk2hg,겟앰프드에 뉴비 3명 데리고 들어가기ㅋㅋㅋ,2026-04-25T07:51:34Z,5734.0,False,17253,245.0,45.0
5099,UCnCFD3met1Ip7OngdF9TRDg,웁TV 풀영상,gMLmveijHWw,서로 개쳐망하길 바라는 도란도란 행복한 골프 게임,2026-04-25T08:01:50Z,8477.0,False,21204,255.0,23.0
5099,UCnCFD3met1Ip7OngdF9TRDg,웁TV 풀영상,vmxu9wKSgJQ,성심당 다녀왔습니다,2026-04-25T08:02:06Z,14179.0,False,39395,414.0,81.0
5099,UCnCFD3met1Ip7OngdF9TRDg,웁TV 풀영상,CMplOrZqqSQ,마을에 거대한 슬라임이 나타났다 힘을모아 해치워라! - 슬라임워드 [Slime ward],2026-04-27T04:05:01Z,14724.0,False,21064,195.0,19.0
5099,UCnCFD3met1Ip7OngdF9TRDg,웁TV 풀영상,7wfZBtlAmjA,[1화] 땅파서 재료를 모은다음 비행기를 만들라구요? ㅋㅋㅋ - 디그 아일랜드 [Dig Island],2026-04-28T03:54:43Z,8270.0,False,59638,541.0,69.0
5099,UCnCFD3met1Ip7OngdF9TRDg,웁TV 풀영상,P3O2WiG7pho,[2화] 땅파서 재료를 모은다음 비행기를 만들라구요? ㅋㅋㅋ - 디그 아일랜드 [Dig Island],2026-04-28T04:00:46Z,8123.0,False,14965,167.0,18.0
5099,UCnCFD3met1Ip7OngdF9TRDg,웁TV 풀영상,OLsNsbyLHrY,[1화] 뱀파이어 서바이벌 제작진의 새로운 게임! - 던전 크라울러 [Vampire Crawlers: The Turbo Wildcard from Vampire Survivors],2026-04-29T01:05:02Z,15639.0,False,15342,142.0,20.0
5099,UCnCFD3met1Ip7OngdF9TRDg,웁TV 풀영상,qSgPK9J2O1w,블랙홀에 물고기 넣어서 돈 버는 게임,2026-05-01T04:08:35Z,7900.0,False,21363,213.0,17.0
5099,UCnCFD3met1Ip7OngdF9TRDg,웁TV 풀영상,LUuoDhbjmaA,오랫동안 죽어있던 기억이 되살아났다,2026-05-02T03:21:17Z,10711.0,False,37549,472.0,137.0
5099,UCnCFD3met1Ip7OngdF9TRDg,웁TV 풀영상,25bM3cZ4-sY,[1화] 깊은 땅 속으로 들어가버린 강아지를 구하러가는 게임ㅋㅋㅋ - 프랫 폴 [Prat Fall],2026-05-02T04:09:34Z,8831.0,False,30066,299.0,32.0
5099,UCnCFD3met1Ip7OngdF9TRDg,웁TV 풀영상,_V5-tmPf_8Y,[2화][완결] 깊은 땅 속으로 들어가버린 강아지를 구하러가는 게임ㅋㅋㅋ - 프랫 폴 [Prat Fall],2026-05-02T05:30:51Z,8865.0,False,16847,193.0,23.0
5099,UCnCFD3met1Ip7OngdF9TRDg,웁TV 풀영상,M8zdFenng3A,최악의 던전 속에 홀로 버려진 쓰레기 검사 - 스파크 인 더 다크 [Spark in the Dark],2026-05-04T00:08:46Z,7890.0,False,25998,333.0,76.0
5099,UCnCFD3met1Ip7OngdF9TRDg,웁TV 풀영상,E3pqe07bhCo,스팀에서 압도적으로 긍정적을 받은 카우보이 협동 사격게임! - 파 파 웨스트 [Far Far West],2026-05-06T01:49:23Z,17006.0,False,34980,343.0,29.0
5099,UCnCFD3met1Ip7OngdF9TRDg,웁TV 풀영상,Xp-dGYm56_Q,[1화] 호화 성우 무슨일이야 스팀 압긍 받은 프메류 딸 키우기 게임 - 매지컬 프린세스 [Magical Princess],2026-05-08T03:25:18Z,5525.0,False,19214,322.0,86.0
5099,UCnCFD3met1Ip7OngdF9TRDg,웁TV 풀영상,s4AbwjV3tFM,[2화] 호화 성우 무슨일이야 스팀 압긍 받은 프메류 딸 키우기 게임 - 매지컬 프린세스 [Magical Princess],2026-05-08T03:30:11Z,5512.0,False,6817,94.0,9.0
5099,UCnCFD3met1Ip7OngdF9TRDg,웁TV 풀영상,Kxk5Rgw4IUY,[3화] 호화 성우 무슨일이야 스팀 압긍 받은 프메류 딸 키우기 게임 - 매지컬 프린세스 [Magical Princess],2026-05-08T03:34:03Z,5858.0,False,5811,85.0,14.0
5099,UCnCFD3met1Ip7OngdF9TRDg,웁TV 풀영상,_XDgXgT6NFk,그래 너가 리더해,2026-05-09T05:58:56Z,17351.0,False,32774,365.0,91.0
5099,UCnCFD3met1Ip7OngdF9TRDg,웁TV 풀영상,TyKHho0Co10,세상에는 보트를 절대 타지 말아야 할 인간들이 있다 우리다,2026-05-09T06:10:49Z,6349.0,False,19409,231.0,23.0
5099,UCnCFD3met1Ip7OngdF9TRDg,웁TV 풀영상,b7YhU-8iTeE,[4화] 호화 성우 무슨일이야 스팀 압긍 받은 프메류 딸 키우기 게임 - 매지컬 프린세스 [Magical Princess],2026-05-11T02:04:09Z,6464.0,False,4001,77.0,12.0
5099,UCnCFD3met1Ip7OngdF9TRDg,웁TV 풀영상,4k3j95wQM_M,[5화] 호화 성우 무슨일이야 스팀 압긍 받은 프메류 딸 키우기 게임 - 매지컬 프린세스 [Magical Princess],2026-05-11T02:07:27Z,6454.0,False,3160,50.0,5.0
5099,UCnCFD3met1Ip7OngdF9TRDg,웁TV 풀영상,CgeTtwzd2ac,[6화] 호화 성우 무슨일이야 스팀 압긍 받은 프메류 딸 키우기 게임 - 매지컬 프린세스 [Magical Princess],2026-05-11T02:09:26Z,5871.0,False,3572,56.0,14.0
5099,UCnCFD3met1Ip7OngdF9TRDg,웁TV 풀영상,afXJdAMa8UU,[7화] 호화 성우 무슨일이야 스팀 압긍 받은 프메류 딸 키우기 게임 - 매지컬 프린세스 [Magical Princess],2026-05-12T13:22:49Z,5356.0,False,3017,54.0,14.0
5099,UCnCFD3met1Ip7OngdF9TRDg,웁TV 풀영상,XPMfBXJgFY4,[8화] 호화 성우 무슨일이야 스팀 압긍 받은 프메류 딸 키우기 게임 - 매지컬 프린세스 [Magical Princess],2026-05-12T13:26:52Z,5335.0,False,2671,42.0,5.0
5099,UCnCFD3met1Ip7OngdF9TRDg,웁TV 풀영상,iAwD1ZZ0t0k,[9화] 호화 성우 무슨일이야 스팀 압긍 받은 프메류 딸 키우기 게임 - 매지컬 프린세스 [Magical Princess],2026-05-12T13:29:47Z,5457.0,False,2763,41.0,5.0
5099,UCnCFD3met1Ip7OngdF9TRDg,웁TV 풀영상,AqaZ-F_n1EU,[10화] 호화 성우 무슨일이야 스팀 압긍 받은 프메류 딸 키우기 게임 - 매지컬 프린세스 [Magical Princess],2026-05-13T10:30:50Z,6258.0,False,2143,38.0,9.0
5099,UCnCFD3met1Ip7OngdF9TRDg,웁TV 풀영상,4a8vXUNgfT8,[11화] 호화 성우 무슨일이야 스팀 압긍 받은 프메류 딸 키우기 게임 - 매지컬 프린세스 [Magical Princess],2026-05-13T10:35:58Z,6247.0,False,1569,36.0,3.0
5099,UCnCFD3met1Ip7OngdF9TRDg,웁TV 풀영상,XnDsUV2_CEM,[12화] 호화 성우 무슨일이야 스팀 압긍 받은 프메류 딸 키우기 게임 - 매지컬 프린세스 [Magical Princess],2026-05-13T10:38:37Z,6248.0,False,1483,32.0,6.0
5099,UCnCFD3met1Ip7OngdF9TRDg,웁TV 풀영상,CmutJ6xas58,[13화][완결] 호화 성우 무슨일이야 스팀 압긍 받은 프메류 딸 키우기 게임 - 매지컬 프린세스 [Magical Princess],2026-05-13T10:42:58Z,6238.0,False,2288,41.0,13.0
5099,UCnCFD3met1Ip7OngdF9TRDg,웁TV 풀영상,3wInQbPlSzU,[1화] 광산에서 직접 금 캐고 호텔 운영하는 게임 - 알래스카 골드 피버 [Alaska Gold Fever],2026-05-14T05:28:50Z,5437.0,False,19041,215.0,20.0
5099,UCnCFD3met1Ip7OngdF9TRDg,웁TV 풀영상,99YysOJrthw,[2화] 광산에서 직접 금 캐고 호텔 운영하는 게임 - 알래스카 골드 피버 [Alaska Gold Fever],2026-05-14T05:30:29Z,5143.0,False,4437,65.0,7.0
5099,UCnCFD3met1Ip7OngdF9TRDg,웁TV 풀영상,Xvt_ZyrCvnA,[1화] 두 남자가 깊은 심해공포 속에서 생존하는 방법; - 서브노티카 2 [Subnautica 2],2026-05-15T02:14:02Z,5492.0,False,78243,1016.0,130.0
5099,UCnCFD3met1Ip7OngdF9TRDg,웁TV 풀영상,9TmgmPa-G1U,[2화] 두 남자가 깊은 심해공포 속에서 생존하는 방법; - 서브노티카 2 [Subnautica 2],2026-05-15T02:21:09Z,5459.0,False,22212,275.0,17.0
5099,UCnCFD3met1Ip7OngdF9TRDg,웁TV 풀영상,SOf70IK-9HM,[3화] 두 남자가 깊은 심해공포 속에서 생존하는 방법; - 서브노티카 2 [Subnautica 2],2026-05-15T02:25:51Z,5548.0,False,14969,194.0,12.0
5099,UCnCFD3met1Ip7OngdF9TRDg,웁TV 풀영상,EwKcT8Dsf7Y,[4화] 두 남자가 깊은 심해공포 속에서 생존하는 방법; - 서브노티카 2 [Subnautica 2],2026-05-16T02:25:38Z,5349.0,False,11698,169.0,23.0
5099,UCnCFD3met1Ip7OngdF9TRDg,웁TV 풀영상,Jvw_YxOvy38,[5화] 두 남자가 깊은 심해공포 속에서 생존하는 방법; - 서브노티카 2 [Subnautica 2],2026-05-16T02:30:52Z,5464.0,False,9085,123.0,11.0
5099,UCnCFD3met1Ip7OngdF9TRDg,웁TV 풀영상,VLidsqw3_wI,[6화] 두 남자가 깊은 심해공포 속에서 생존하는 방법; - 서브노티카 2 [Subnautica 2],2026-05-16T02:35:53Z,5440.0,False,6753,113.0,13.0
