idx,channel_id,channel_title,video_id,video_title,published_at,duration_sec,is_shorts,view_count,like_count,comment_count
5850,UCWagwPGESinCm58hOwmRvIg,캐리TV 스토리,R4y9vnyGiKI,덜어도 덜어도 줄어들지 않는 볏단의 비밀은?ㅣ👵이야기 할머니와 엘리의 동화나라📚,2025-02-08T00:00:19Z,571.0,False,6842,14.0,0.0
5850,UCWagwPGESinCm58hOwmRvIg,캐리TV 스토리,viZ1JmbjN9g,종이가 물감으로 변신! 습자지로 요정 엘리와 숲을 물들여요 | 미술학교 Artschool,2025-02-10T00:00:41Z,965.0,False,20945,21.0,0.0
5850,UCWagwPGESinCm58hOwmRvIg,캐리TV 스토리,eP1OEgk-SB0,선비냐 호랑이냐 그것이 문제로다ㅣ👵이야기 할머니와 엘리의 동화나라📚,2025-02-15T00:00:24Z,549.0,False,6073,9.0,0.0
5850,UCWagwPGESinCm58hOwmRvIg,캐리TV 스토리,lRI37zJUWQk,바다에서 꼬마캐리와 물총 놀이 | 미술학교 Artschool,2025-02-17T00:00:34Z,1259.0,False,60373,35.0,0.0
5850,UCWagwPGESinCm58hOwmRvIg,캐리TV 스토리,vszNEVMb6BE,7월 7일에만 마을에 홍수가 나는 이유는?ㅣ👵이야기 할머니와 엘리의 동화나라📚,2025-02-22T00:00:47Z,620.0,False,7040,7.0,0.0
5850,UCWagwPGESinCm58hOwmRvIg,캐리TV 스토리,fTnb_A85nZk,색깔이 바뀌는 마법 사과 만들기 | 미술학교 Artschool,2025-02-24T00:00:27Z,1255.0,False,20833,13.0,0.0
5850,UCWagwPGESinCm58hOwmRvIg,캐리TV 스토리,-9RJSuh_Ztg,베트남에 놀러 간 캐리 | 미술학교 Artschool,2025-03-03T00:00:00Z,943.0,False,13392,23.0,0.0
5850,UCWagwPGESinCm58hOwmRvIg,캐리TV 스토리,NId6LC7Aw38,거품으로 다람쥐 숲 속 낙엽 표현하기 | 미술학교 Artschool,2025-03-10T00:00:12Z,1222.0,False,28923,28.0,0.0
5850,UCWagwPGESinCm58hOwmRvIg,캐리TV 스토리,lngNzL6el1I,콜라의 기타 연주? 동물들과 함께하는 연주회에 초대합니다! | 미술학교 Artschool,2025-03-17T00:00:38Z,1354.0,False,24218,26.0,0.0
5850,UCWagwPGESinCm58hOwmRvIg,캐리TV 스토리,gPi7CQ8PzyE,다 찾으면 집중력 천재! 아이큐 테스트 #2 | 콜라의 퀴즈타임🔍 | QUIZ TIME,2025-05-03T01:00:46Z,1201.0,False,7150,4.0,0.0
5850,UCWagwPGESinCm58hOwmRvIg,캐리TV 스토리,FXTbViCf1vM,다 찾으면 집중력 천재! 아이큐 테스트 #3 | 콜라의 퀴즈타임🔍 | QUIZ TIME,2025-05-04T01:00:27Z,1201.0,False,7307,9.0,3.0
5850,UCWagwPGESinCm58hOwmRvIg,캐리TV 스토리,sS3L_U4-4yw,다 찾으면 집중력 천재! 아이큐 테스트 #4 | 콜라의 퀴즈타임🔍 | QUIZ TIME,2025-05-10T01:01:01Z,1201.0,False,8244,8.0,1.0
5850,UCWagwPGESinCm58hOwmRvIg,캐리TV 스토리,hXbW8xJYZIw,다 찾으면 집중력 천재! 아이큐 테스트 #5 | 콜라의 퀴즈타임🔍 | QUIZ TIME,2025-05-17T01:00:43Z,1200.0,False,9761,8.0,0.0
5850,UCWagwPGESinCm58hOwmRvIg,캐리TV 스토리,EU8kekMZRWE,다 찾으면 집중력 천재! 아이큐 테스트 #6 | 콜라의 퀴즈타임🔍 | QUIZ TIME,2025-05-18T01:00:31Z,1200.0,False,15059,10.0,1.0
5850,UCWagwPGESinCm58hOwmRvIg,캐리TV 스토리,ktLFZb4AfIQ,다 찾으면 집중력 천재! 아이큐 테스트 #7 | 콜라의 퀴즈타임🔍 | QUIZ TIME,2026-02-25T07:58:03Z,1192.0,False,288,0.0,0.0
5850,UCWagwPGESinCm58hOwmRvIg,캐리TV 스토리,lt5mI71qSV0,다 찾으면 집중력 천재! 아이큐 테스트 #8 | 콜라의 퀴즈타임🔍 | QUIZ TIME,2026-02-25T07:58:09Z,1192.0,False,237,1.0,0.0
5850,UCWagwPGESinCm58hOwmRvIg,캐리TV 스토리,g-AgzZ7rirI,다 찾으면 집중력 천재! 아이큐 테스트 #9 | 콜라의 퀴즈타임🔍 | QUIZ TIME,2026-02-25T07:58:12Z,1192.0,False,240,0.0,0.0
5850,UCWagwPGESinCm58hOwmRvIg,캐리TV 스토리,VahWr1ZTKOA,다 찾으면 집중력 천재! 아이큐 테스트 #10 | 콜라의 퀴즈타임🔍 | QUIZ TIME,2026-02-25T09:12:44Z,1192.0,False,216,0.0,0.0
5850,UCWagwPGESinCm58hOwmRvIg,캐리TV 스토리,8xPRoXytjRI,다 찾으면 집중력 천재! 아이큐 테스트 #11 | 콜라의 퀴즈타임🔍 | QUIZ TIME,2026-02-25T09:12:49Z,1192.0,False,297,0.0,0.0
5850,UCWagwPGESinCm58hOwmRvIg,캐리TV 스토리,XU0jnVz_whs,다 찾으면 집중력 천재! 아이큐 테스트 #12 | 콜라의 퀴즈타임🔍 | QUIZ TIME,2026-02-25T09:12:52Z,1192.0,False,451,0.0,0.0
5850,UCWagwPGESinCm58hOwmRvIg,캐리TV 스토리,JlYPh65g68o,다 찾으면 집중력 천재! 아이큐 테스트 #13 | 콜라의 퀴즈타임🔍 | QUIZ TIME,2026-02-25T11:40:04Z,1192.0,False,557,1.0,0.0
5850,UCWagwPGESinCm58hOwmRvIg,캐리TV 스토리,kn0ExlkPSec,다 찾으면 집중력 천재! 아이큐 테스트 #14 | 콜라의 퀴즈타임🔍 | QUIZ TIME,2026-02-25T11:40:05Z,1270.0,False,840,1.0,0.0
5850,UCWagwPGESinCm58hOwmRvIg,캐리TV 스토리,MXoS2cqhjmY,다 찾으면 집중력 천재! 아이큐 테스트 #15 | 콜라의 퀴즈타임🔍 | QUIZ TIME,2026-02-26T05:34:32Z,1192.0,False,521,1.0,0.0
5850,UCWagwPGESinCm58hOwmRvIg,캐리TV 스토리,z_uiLwUufmQ,다 찾으면 집중력 천재! 아이큐 테스트 #16 | 콜라의 퀴즈타임🔍 | QUIZ TIME,2026-02-26T08:01:08Z,1192.0,False,704,0.0,0.0
5850,UCWagwPGESinCm58hOwmRvIg,캐리TV 스토리,NUN9ibKzIxQ,다 찾으면 집중력 천재! 아이큐 테스트 #17 | 콜라의 퀴즈타임🔍 | QUIZ TIME,2026-02-27T08:00:25Z,1192.0,False,637,2.0,0.0
5850,UCWagwPGESinCm58hOwmRvIg,캐리TV 스토리,0_pGSRvIm4g,다 찾으면 집중력 천재! 아이큐 테스트 #18 | 콜라의 퀴즈타임🔍 | QUIZ TIME,2026-03-05T08:00:00Z,1270.0,False,713,0.0,0.0
5850,UCWagwPGESinCm58hOwmRvIg,캐리TV 스토리,trvp1AgF4YY,다 찾으면 집중력 천재! 아이큐 테스트 #19 | 콜라의 퀴즈타임🔍 | QUIZ TIME,2026-03-12T08:00:55Z,1270.0,False,647,3.0,0.0
5850,UCWagwPGESinCm58hOwmRvIg,캐리TV 스토리,zd1LCHTlFhg,다 찾으면 집중력 천재! 아이큐 테스트 #20 | 콜라의 퀴즈타임🔍 | QUIZ TIME,2026-03-14T08:00:57Z,1192.0,False,528,0.0,0.0
5850,UCWagwPGESinCm58hOwmRvIg,캐리TV 스토리,hFW8-i641is,다 찾으면 집중력 천재! 아이큐 테스트 #21| 콜라의 퀴즈타임🔍 | QUIZ TIME,2026-03-19T08:00:45Z,1192.0,False,734,1.0,0.0
5850,UCWagwPGESinCm58hOwmRvIg,캐리TV 스토리,dCaQg1Oc_pU,다 찾으면 집중력 천재! 아이큐 테스트 #22| 콜라의 퀴즈타임🔍 | QUIZ TIME,2026-03-21T08:00:37Z,1192.0,False,364,0.0,0.0
5850,UCWagwPGESinCm58hOwmRvIg,캐리TV 스토리,rvNJgMkq0js,다 찾으면 집중력 천재! 아이큐 테스트 #23| 콜라의 퀴즈타임🔍 | QUIZ TIME,2026-03-26T08:00:46Z,1192.0,False,519,4.0,0.0
5850,UCWagwPGESinCm58hOwmRvIg,캐리TV 스토리,2Nr36mOuyjw,다 찾으면 집중력 천재! 아이큐 테스트 #24| 콜라의 퀴즈타임🔍 | QUIZ TIME,2026-03-28T08:00:02Z,1270.0,False,386,0.0,1.0
5850,UCWagwPGESinCm58hOwmRvIg,캐리TV 스토리,WoRnIIRPods,다 찾으면 집중력 천재! 아이큐 테스트 #25| 콜라의 퀴즈타임🔍 | QUIZ TIME,2026-04-02T08:06:06Z,1192.0,False,484,2.0,0.0
5850,UCWagwPGESinCm58hOwmRvIg,캐리TV 스토리,fpYa7qAEPbg,[틀린 그림 찾기] 1분 안에 다른 부분 세 곳 찾으면 아이큐 상위 2% 😎 정답은 본편에서 확인!,2026-04-02T09:03:24Z,60.0,True,2496,6.0,2.0
5850,UCWagwPGESinCm58hOwmRvIg,캐리TV 스토리,jKts84HiOsQ,다 찾으면 집중력 천재! 아이큐 테스트 #26| 콜라의 퀴즈타임🔍 | QUIZ TIME,2026-04-05T08:00:44Z,1192.0,False,396,1.0,0.0
5850,UCWagwPGESinCm58hOwmRvIg,캐리TV 스토리,2lQA8Hvh2No,[틀린 그림 찾기] 1분 안에 다른 부분 세 곳 찾으면 아이큐 상위 2% 😎 정답은 본편에서 확인!,2026-04-05T14:00:08Z,60.0,True,1201,2.0,1.0
5850,UCWagwPGESinCm58hOwmRvIg,캐리TV 스토리,dyXNTzLR2yg,다 찾으면 집중력 천재! 아이큐 테스트 #27| 콜라의 퀴즈타임🔍 | QUIZ TIME,2026-04-09T08:00:51Z,1192.0,False,344,0.0,0.0
5850,UCWagwPGESinCm58hOwmRvIg,캐리TV 스토리,gHfL_k6F64s,[틀린 그림 찾기] 다 찾으면 상위 1% 눈썰미  😎,2026-04-09T09:36:09Z,72.0,False,2702,5.0,0.0
5850,UCWagwPGESinCm58hOwmRvIg,캐리TV 스토리,7yUUrPM9HGo,다 찾으면 집중력 천재! 아이큐 테스트 #28| 콜라의 퀴즈타임🔍 | QUIZ TIME,2026-04-11T08:00:06Z,1179.0,False,454,1.0,0.0
5850,UCWagwPGESinCm58hOwmRvIg,캐리TV 스토리,9HaQkWsuPGY,[틀린 그림 찾기] 다 찾으면 상위 1% 눈썰미  😎,2026-04-12T20:00:06Z,72.0,False,834,3.0,1.0
5850,UCWagwPGESinCm58hOwmRvIg,캐리TV 스토리,pWSEBxVjsWU,다 찾으면 집중력 천재! 아이큐 테스트 #29| 콜라의 퀴즈타임🔍 | QUIZ TIME,2026-04-16T08:01:02Z,1192.0,False,523,1.0,0.0
5850,UCWagwPGESinCm58hOwmRvIg,캐리TV 스토리,iAM3DZoJ4rI,[틀린 그림 찾기] 다 찾으면 상위 1% 눈썰미  😎,2026-04-17T01:00:42Z,72.0,False,792,4.0,0.0
5850,UCWagwPGESinCm58hOwmRvIg,캐리TV 스토리,G3LmBn8P9YA,다 찾으면 집중력 천재! 아이큐 테스트 #30| 콜라의 퀴즈타임🔍 | QUIZ TIME,2026-04-18T08:00:12Z,1192.0,False,439,0.0,1.0
5850,UCWagwPGESinCm58hOwmRvIg,캐리TV 스토리,fB4586e4e7Y,[틀린 그림 찾기] 다 찾으면 상위 1% 눈썰미  😎,2026-04-21T06:08:09Z,72.0,False,2918,20.0,1.0
5850,UCWagwPGESinCm58hOwmRvIg,캐리TV 스토리,3M_5_rE8e2Q,다 찾으면 집중력 천재! 아이큐 테스트 #31| 콜라의 퀴즈타임🔍 | QUIZ TIME,2026-04-23T08:00:07Z,1192.0,False,358,0.0,0.0
5850,UCWagwPGESinCm58hOwmRvIg,캐리TV 스토리,wowxsxwNfdw,다 찾으면 집중력 천재! 아이큐 테스트 #32| 콜라의 퀴즈타임🔍 | QUIZ TIME,2026-04-27T00:00:54Z,1192.0,False,213,1.0,0.0
5850,UCWagwPGESinCm58hOwmRvIg,캐리TV 스토리,YtTZCVbU1HM,다 찾으면 집중력 천재! 아이큐 테스트 #33| 콜라의 퀴즈타임🔍 | QUIZ TIME,2026-04-30T08:04:52Z,1192.0,False,220,2.0,0.0
5850,UCWagwPGESinCm58hOwmRvIg,캐리TV 스토리,4E68l0u3MT8,다 찾으면 집중력 천재! 아이큐 테스트 #34 | 콜라의 퀴즈타임🔍 | QUIZ TIME,2026-05-07T08:00:04Z,1192.0,False,155,1.0,0.0
5850,UCWagwPGESinCm58hOwmRvIg,캐리TV 스토리,6_VloL1VfdM,다 찾으면 집중력 천재! 아이큐 테스트 #35 | 콜라의 퀴즈타임🔍 | QUIZ TIME,2026-05-14T08:27:00Z,1192.0,False,60,1.0,0.0
5850,UCWagwPGESinCm58hOwmRvIg,캐리TV 스토리,I_6kn_2XXmo,다 찾으면 집중력 천재! 아이큐 테스트 #36 | 콜라의 퀴즈타임🔍 | QUIZ TIME,2026-05-16T08:00:15Z,1192.0,False,37,0.0,0.0
5851,UCqIwPYLfMd3EoWYwvyTjPnA,해물파전TV,wlyEVsjmN8E,[리니지 클래식 20화] 신섭 발라카스! 이름만큼 뜨거운 오픈런!(대기열 48시간ㄷㄷ),2026-04-27T23:00:58Z,2049.0,False,88540,762.0,169.0
5851,UCqIwPYLfMd3EoWYwvyTjPnA,해물파전TV,JmJMm5s0tmw,기러기 스틸 사건 #리니지 #리니지클래식 #shorts,2026-04-29T09:00:35Z,155.0,False,42468,258.0,33.0
5851,UCqIwPYLfMd3EoWYwvyTjPnA,해물파전TV,vIP8ESaziXs,대기열 지옥에서 IQ150 유저의 선택 #리니지 #리니지클래식 #shorts,2026-04-29T11:01:36Z,174.0,False,30533,229.0,17.0
5851,UCqIwPYLfMd3EoWYwvyTjPnA,해물파전TV,vxinPfEBCBA,"[리니지 클래식 21화] 초S급 아이디 기사, 그런데 엄청난 단점이..!",2026-04-29T23:01:06Z,1769.0,False,84758,755.0,116.0
5851,UCqIwPYLfMd3EoWYwvyTjPnA,해물파전TV,KgRldBIzCkw,S급 아이디 공짜로 준다는데 쓸 수가 없다 #리니지 #리니지클래식 #shorts,2026-04-30T03:00:19Z,157.0,False,32540,263.0,49.0
5851,UCqIwPYLfMd3EoWYwvyTjPnA,해물파전TV,YxQrrnyhvns,롤 4월29일 LIVE 영상 다시보기,2026-04-30T03:42:12Z,7063.0,False,12248,122.0,8.0
5851,UCqIwPYLfMd3EoWYwvyTjPnA,해물파전TV,AU8DUca6Hj8,발라섭 초S급 아이디를 공수하다! #리니지 #리니지클래식 #shorts,2026-04-30T11:15:01Z,125.0,False,72758,343.0,96.0
5851,UCqIwPYLfMd3EoWYwvyTjPnA,해물파전TV,6Etjv6BPg-A,사이온 혈압 오르게 하는 잭스의 줄타기ㅋㅋ,2026-04-30T23:00:11Z,987.0,False,12870,123.0,20.0
5851,UCqIwPYLfMd3EoWYwvyTjPnA,해물파전TV,YaLg8hM7-vQ,MP작이 불가능한 닉네임 #리니지 #리니지클래식 #shorts,2026-05-01T03:00:36Z,179.0,False,40458,220.0,39.0
5851,UCqIwPYLfMd3EoWYwvyTjPnA,해물파전TV,JuQvM0se3PM,도박 중독 아닙니다 사나이의 도전! #리니지 #리니지클래식 #shorts,2026-05-01T08:00:31Z,150.0,False,68362,538.0,85.0
5851,UCqIwPYLfMd3EoWYwvyTjPnA,해물파전TV,yOf0Dgp4TYo,리니지 클래식(발라카스 서버) 5월2일 새벽 LIVE 영상 다시보기,2026-05-01T19:58:32Z,8426.0,False,39917,363.0,25.0
5851,UCqIwPYLfMd3EoWYwvyTjPnA,해물파전TV,uQrrr2FN5T0,[리니지 클래식 22화] 절대반지 낀 링푸어 기사,2026-05-01T23:00:56Z,1171.0,False,94677,721.0,105.0
5851,UCqIwPYLfMd3EoWYwvyTjPnA,해물파전TV,msBL7pulOCo,자리요? 참을 만큼 참았다! #리니지 #리니지클래식 #shorts,2026-05-02T10:01:09Z,109.0,False,79399,441.0,70.0
5851,UCqIwPYLfMd3EoWYwvyTjPnA,해물파전TV,MZjGe8_qpys,롤 5월2일 LIVE 영상 다시보기,2026-05-02T16:03:45Z,9213.0,False,13303,127.0,16.0
5851,UCqIwPYLfMd3EoWYwvyTjPnA,해물파전TV,zu1S8OGLmnw,카이사로 쿼드라킬 하는 게 이렇게 쉽다니!,2026-05-02T23:00:59Z,759.0,False,12218,120.0,19.0
5851,UCqIwPYLfMd3EoWYwvyTjPnA,해물파전TV,Fd1FiqyiLGg,기란마을 반딧불이 #리니지 #리니지클래식 #shorts,2026-05-03T03:00:13Z,113.0,False,63464,515.0,77.0
5851,UCqIwPYLfMd3EoWYwvyTjPnA,해물파전TV,d2wrpv6UktQ,[리니지 클래식 23화] 아데나 한 푼에 시작된 전쟁,2026-05-03T23:00:41Z,1222.0,False,80429,723.0,137.0
5851,UCqIwPYLfMd3EoWYwvyTjPnA,해물파전TV,KgcS1ifXzwY,아덴 대륙 썰 풉니다 #리니지 #리니지클래식 #shorts,2026-05-04T23:00:19Z,93.0,False,23403,145.0,16.0
5851,UCqIwPYLfMd3EoWYwvyTjPnA,해물파전TV,IIshpqSuzlA,뉴비 돕기에 진심인 리니지 선배님들 #리니지 #리니지클래식 #shorts,2026-05-05T03:00:15Z,83.0,False,29925,167.0,17.0
5851,UCqIwPYLfMd3EoWYwvyTjPnA,해물파전TV,8uSQFsXY760,리니지 고인물들도 의견 갈린다는 '그 퀘스트템'의 진실 #리니지 #리니지클래식 #shorts,2026-05-05T08:00:08Z,119.0,False,72385,267.0,59.0
5851,UCqIwPYLfMd3EoWYwvyTjPnA,해물파전TV,880tC5li2ho,5월5일 리니지 클래식(발라카스) LIVE 영상 다시보기,2026-05-05T09:00:39Z,9741.0,False,47483,498.0,33.0
5851,UCqIwPYLfMd3EoWYwvyTjPnA,해물파전TV,hC3W5735j0U,"요릭 카운터 이렐리아, 이론상으로 완벽해!",2026-05-05T23:01:00Z,868.0,False,12421,106.0,19.0
5851,UCqIwPYLfMd3EoWYwvyTjPnA,해물파전TV,bWaxEbz8Phs,5월6일 롤+리니지 클래식(발라카스) LIVE 영상 다시보기,2026-05-06T19:05:23Z,16584.0,False,37385,374.0,23.0
5851,UCqIwPYLfMd3EoWYwvyTjPnA,해물파전TV,iMATCS3IAmE,[리니지 클래식 24화] 전재산을 건 영혼의 맞다이!,2026-05-06T23:00:58Z,2324.0,False,84084,814.0,136.0
5851,UCqIwPYLfMd3EoWYwvyTjPnA,해물파전TV,8xyXg0PGPJ4,48시간 대기열 발라카스송 #리니지 #리니지클래식 #shorts,2026-05-07T09:30:04Z,104.0,False,28440,150.0,23.0
5851,UCqIwPYLfMd3EoWYwvyTjPnA,해물파전TV,HG1yjOl_WZc,떴네요 #리니지 #리니지클래식 #shorts,2026-05-08T03:00:17Z,166.0,False,46733,318.0,45.0
5851,UCqIwPYLfMd3EoWYwvyTjPnA,해물파전TV,7EKS9X4flOk,뜨는 장비는 냄새부터 다르다 #리니지 #리니지클래식 #shorts,2026-05-08T08:00:07Z,115.0,False,42486,290.0,36.0
5851,UCqIwPYLfMd3EoWYwvyTjPnA,해물파전TV,rEtxsBi8ICg,진제라스 말고 이긴제라스,2026-05-08T23:00:56Z,847.0,False,12547,99.0,17.0
5851,UCqIwPYLfMd3EoWYwvyTjPnA,해물파전TV,lEmwGCtc6Rg,서큐버스퀸의 강화계시 #리니지 #리니지클래식 #shorts,2026-05-09T03:00:54Z,178.0,False,36591,276.0,45.0
5851,UCqIwPYLfMd3EoWYwvyTjPnA,해물파전TV,a6OLOJ5TocY,7검요정 vs 3검기사 #리니지 #리니지클래식 #shorts,2026-05-09T08:00:01Z,178.0,False,41441,234.0,34.0
5851,UCqIwPYLfMd3EoWYwvyTjPnA,해물파전TV,naCJrif9gQU,[리니지 클래식 25화] 9검 숨겨놓고 약한척 하려다 들켰습니다,2026-05-09T23:00:49Z,1918.0,False,74567,713.0,114.0
5851,UCqIwPYLfMd3EoWYwvyTjPnA,해물파전TV,RncQUhRl1pM,닉네임 강제 개명 #리니지 #리니지클래식 #shorts,2026-05-10T07:00:22Z,20.0,True,56040,177.0,30.0
5851,UCqIwPYLfMd3EoWYwvyTjPnA,해물파전TV,OVQhtXUZy0s,5월5일은 어른이날! 5수부 도전! #리니지 #리니지클래식 #shorts,2026-05-10T10:00:40Z,149.0,False,59557,324.0,26.0
5851,UCqIwPYLfMd3EoWYwvyTjPnA,해물파전TV,jRJaM-dbjOM,내가 용던4층 못 가는 이유 #리니지 #리니지클래식 #shorts,2026-05-10T23:00:44Z,154.0,False,39883,285.0,51.0
5851,UCqIwPYLfMd3EoWYwvyTjPnA,해물파전TV,BW9RGvalS28,어버이날이 싫습니다 #리니지 #리니지클래식 #shorts,2026-05-11T03:00:18Z,88.0,False,24770,171.0,25.0
5851,UCqIwPYLfMd3EoWYwvyTjPnA,해물파전TV,AobwONeL4q0,발라섭 헐님을 괴롭히고 있는 범인이 바로 저입니다 #리니지 #리니지클래식 #shorts,2026-05-11T08:00:11Z,105.0,False,30251,216.0,34.0
5851,UCqIwPYLfMd3EoWYwvyTjPnA,해물파전TV,M2YGXriAjFo,5월11일 롤+리니지 클래식(발라카스) LIVE 영상 다시보기,2026-05-11T20:03:09Z,20854.0,False,45275,457.0,33.0
5851,UCqIwPYLfMd3EoWYwvyTjPnA,해물파전TV,bpdbtqn-1UI,탑이라는 모래주머니를 차고 이기는 법,2026-05-11T23:00:41Z,1010.0,False,10921,123.0,12.0
5851,UCqIwPYLfMd3EoWYwvyTjPnA,해물파전TV,yO32QXoGQM8,[리니지 클래식 26화] 글던7층에 '스턴' 뿌려봤습니다.,2026-05-12T23:01:07Z,1434.0,False,58314,424.0,47.0
5851,UCqIwPYLfMd3EoWYwvyTjPnA,해물파전TV,EXOxWqcq7Sc,해물파전 인성 논란 #리니지 #리니지클래식 #shorts,2026-05-14T08:00:15Z,101.0,False,60427,499.0,57.0
5851,UCqIwPYLfMd3EoWYwvyTjPnA,해물파전TV,EkUnzmCquHc,그녀의 마지막 하사품 #리니지 #리니지클래식 #shorts,2026-05-14T11:00:20Z,147.0,False,36811,247.0,16.0
5851,UCqIwPYLfMd3EoWYwvyTjPnA,해물파전TV,7uwvdAdtIZs,5월14일 롤+리니지 클래식(발라카스) LIVE 영상 다시보기,2026-05-14T19:05:47Z,19605.0,False,35629,321.0,24.0
5851,UCqIwPYLfMd3EoWYwvyTjPnA,해물파전TV,CFDAtvyCYF0,[리니지 클래식 27화] 길 가다가 만난 기사 셋이서 '8메일빵' 생존 게임,2026-05-14T23:00:10Z,2038.0,False,58208,537.0,96.0
5851,UCqIwPYLfMd3EoWYwvyTjPnA,해물파전TV,YIew4USi7EI,쇼크스턴 3만뎅에 팜~! #리니지 #리니지클래식 #shorts,2026-05-15T03:00:28Z,175.0,False,30730,189.0,16.0
5851,UCqIwPYLfMd3EoWYwvyTjPnA,해물파전TV,wRicHqVvucE,던전에서 해외여행하는 기분 느끼는 법 #리니지 #리니지클래식 #shorts,2026-05-15T08:01:03Z,38.0,True,38796,146.0,19.0
5851,UCqIwPYLfMd3EoWYwvyTjPnA,해물파전TV,XimNObzQl70,손절 장인,2026-05-15T23:00:26Z,1014.0,False,7533,80.0,21.0
5851,UCqIwPYLfMd3EoWYwvyTjPnA,해물파전TV,TlG2zDkeA-o,선물 준 사람의 소름 돋는 설계 #리니지 #리니지클래식 #shorts,2026-05-16T09:00:44Z,127.0,False,25891,203.0,21.0
5851,UCqIwPYLfMd3EoWYwvyTjPnA,해물파전TV,bxH_jGNFX5o,현명한 기사의 재무설계 #리니지 #리니지클래식 #shorts,2026-05-16T09:00:49Z,159.0,False,28679,256.0,36.0
5851,UCqIwPYLfMd3EoWYwvyTjPnA,해물파전TV,kB4RWTS4Cm4,5월16일 롤 LIVE 영상 다시보기,2026-05-16T18:05:43Z,14447.0,False,9938,107.0,3.0
5851,UCqIwPYLfMd3EoWYwvyTjPnA,해물파전TV,poX-0lCvVX8,가장 용기 있는 기사가 명검을 갖는다 #리니지 #리니지클래식 #shorts,2026-05-17T03:00:50Z,170.0,False,14209,177.0,24.0
5852,UCy-NrXlV-_3ed0UKnKMbVmQ,흔한가족,UAzPrGfOB5M,눈오는날 갑자기 씁아저씨 집에 갔더니 ㅋㅋㅋㅋㅋ,2024-01-18T10:00:21Z,680.0,False,247231,4076.0,357.0
5852,UCy-NrXlV-_3ed0UKnKMbVmQ,흔한가족,YpSPr3KWiRE,헬로키티 박물관 공짜로 다녀온 일상 ㅋㅋㅋㅋㅋ,2024-01-24T08:00:29Z,769.0,False,219272,3020.0,469.0
5852,UCy-NrXlV-_3ed0UKnKMbVmQ,흔한가족,zpEvQJgvASU,구독자들과 갑자기 댄스공연?? 코믹북 15권 기념 사인회!!!ㅋㅋㅋ,2024-02-07T10:03:41Z,971.0,False,151144,2863.0,417.0
5852,UCy-NrXlV-_3ed0UKnKMbVmQ,흔한가족,oO2SVrEFKa0,일본 아기용품 천국??? 일본에서 흔식이 물건 쇼핑!ㅋㅋㅋㅋ,2024-02-14T09:00:38Z,528.0,False,299435,3491.0,402.0
5852,UCy-NrXlV-_3ed0UKnKMbVmQ,흔한가족,HdVOMvFMqkE,웃긴 소품만 20만원 어치 샀다!ㅋㅋ 돈키호테 쇼핑!ㅋㅋㅋㅋ,2024-02-21T07:00:14Z,556.0,False,206263,3025.0,367.0
5852,UCy-NrXlV-_3ed0UKnKMbVmQ,흔한가족,d0OZDnT7FKc,홍윤화 김민기부부의 다운이 몰래 깜짝 베이비샤워!ㅋㅋㅋ,2024-03-07T10:00:25Z,507.0,False,185619,3345.0,304.0
5852,UCy-NrXlV-_3ed0UKnKMbVmQ,흔한가족,Sr4kj6FRC6E,"미스터 비스트 초콜렛, 쿠키 리뷰!ㅋㅋㅋㅋ",2024-03-18T07:00:12Z,771.0,False,268455,3900.0,440.0
5852,UCy-NrXlV-_3ed0UKnKMbVmQ,흔한가족,iQxSovVlmoE,500명만 구독 눌러주시면 씁아저씨 수염 밉니다ㅋㅋㅋㅋ,2024-03-21T08:00:19Z,685.0,False,97958,2276.0,265.0
5852,UCy-NrXlV-_3ed0UKnKMbVmQ,흔한가족,sqNVmgWZjQw,개그우먼 이모들의 흔식이를 위한 깜짝파티 ㅋㅋㅋ,2024-04-24T08:00:34Z,424.0,False,191574,2591.0,296.0
5852,UCy-NrXlV-_3ed0UKnKMbVmQ,흔한가족,tbIckNMskN4,엄지의 4번째 생일파티ㅋㅋㅋㅋ,2024-05-09T06:00:19Z,303.0,False,110916,2016.0,283.0
5852,UCy-NrXlV-_3ed0UKnKMbVmQ,흔한가족,_k0Dxjwjf84,살찌니까푸근해보여서럭키비키자낭,2024-05-11T12:46:02Z,1830.0,False,81527,1713.0,285.0
5852,UCy-NrXlV-_3ed0UKnKMbVmQ,흔한가족,9_QWCMPs3vM,씁아저씨의 행복 가득한 자취방 공개!ㅋㅋㅋㅋ,2024-05-15T06:00:07Z,482.0,False,210203,2623.0,221.0
5852,UCy-NrXlV-_3ed0UKnKMbVmQ,흔한가족,FtntdPn3TjA,코믹북 사랑해주셔서 정말 감사합니다 ㅜㅜㅜ,2024-05-28T10:30:05Z,522.0,False,133734,2237.0,333.0
5852,UCy-NrXlV-_3ed0UKnKMbVmQ,흔한가족,CqTrv3VXlOY,출산전! 점보 비김면 & 포켓몬빵 리뷰 ㅋㅋㅋㅋ,2024-06-03T08:00:06Z,620.0,False,220435,2698.0,253.0
5852,UCy-NrXlV-_3ed0UKnKMbVmQ,흔한가족,7bFVXX8G02M,흔한쀼의 흔식이 육아템 소개!!,2024-06-20T09:30:04Z,764.0,False,357267,4975.0,501.0
5852,UCy-NrXlV-_3ed0UKnKMbVmQ,흔한가족,Pq0zUaH3C1Y,가온이는 뱃속에서 아빠가 책읽어준 목소리를 기억할까?,2024-07-08T06:00:15Z,529.0,False,287650,3822.0,358.0
5852,UCy-NrXlV-_3ed0UKnKMbVmQ,흔한가족,2Xj36jmnfPs,가온이 손도장 & 발도장 찍기!ㅋㅋㅋㅋ,2024-07-16T10:00:02Z,495.0,False,233638,3191.0,336.0
5852,UCy-NrXlV-_3ed0UKnKMbVmQ,흔한가족,ZZmfGh3HTvs,가온이 무서운 이야기로 잠재우기 ㅋㅋㅋㅋ,2024-07-24T11:00:27Z,315.0,False,506928,5367.0,482.0
5852,UCy-NrXlV-_3ed0UKnKMbVmQ,흔한가족,x0iHYdC2avc,다운이 교정끝!!! 교정 후기!ㅋㅋㅋㅋㅋ,2024-08-08T06:00:33Z,434.0,False,131830,2432.0,316.0
5852,UCy-NrXlV-_3ed0UKnKMbVmQ,흔한가족,Lo9iD_iC6rc,가장 비싼 라면그릇? 도자기 라면그릇으로 라면먹어보기!ㅋㅋㅋ,2024-09-01T01:19:51Z,705.0,False,288842,3248.0,307.0
5852,UCy-NrXlV-_3ed0UKnKMbVmQ,흔한가족,NNmxiEaShYU,영화관에가면 흔남 한정판 포토카드가 있다고???,2024-09-03T06:00:09Z,350.0,False,62874,1339.0,124.0
5852,UCy-NrXlV-_3ed0UKnKMbVmQ,흔한가족,T5x1DeWgdt8,가온이 탯줄로 도장만들기!!ㅋㅋㅋ,2024-09-11T06:00:15Z,668.0,False,290251,3462.0,318.0
5852,UCy-NrXlV-_3ed0UKnKMbVmQ,흔한가족,-W4dsosamQE,북한에서 가장 가까운곳에 파는 비빔국수 먹어보다!!!,2024-09-26T06:00:00Z,500.0,False,169969,2313.0,164.0
5852,UCy-NrXlV-_3ed0UKnKMbVmQ,흔한가족,NU0rj3eAWvs,1년만에 사인회를 했습니다 ㅜㅜㅜ,2024-10-14T09:00:18Z,500.0,False,65423,1611.0,204.0
5852,UCy-NrXlV-_3ed0UKnKMbVmQ,흔한가족,eOaT2hZ56CY,잠 잘자는 아이 vs 잘 먹는 아이! 육아 밸런스 게임!,2024-10-22T06:00:30Z,572.0,False,291182,3438.0,330.0
5852,UCy-NrXlV-_3ed0UKnKMbVmQ,흔한가족,rTZkfvLiyU4,가온이 두상교정 헬멧 꾸미기!ㅋㅋㅋㅋ,2024-11-11T08:00:42Z,342.0,False,214150,2613.0,301.0
5852,UCy-NrXlV-_3ed0UKnKMbVmQ,흔한가족,4G2a1Kwqrsk,흔한일상 씁아저씨 폰숨기기로 다시 돌아왔습니다ㅋㅋㅋㅋ,2025-03-12T09:00:06Z,404.0,False,283649,3566.0,288.0
5852,UCy-NrXlV-_3ed0UKnKMbVmQ,흔한가족,RSlk2Z4gywA,씁 생일 서프라이즈하고 신이 골때녀 경기 보기!ㅋㅋㅋㅋ,2025-03-30T01:00:28Z,487.0,False,534669,4975.0,416.0
5852,UCy-NrXlV-_3ed0UKnKMbVmQ,흔한가족,XWXg7KtoYns,흔남 10주년 이벤트 공지!!! 그리고 돌아온 흔한남매 슬라임!!!,2025-06-02T08:00:37Z,834.0,False,89435,1923.0,256.0
5852,UCy-NrXlV-_3ed0UKnKMbVmQ,흔한가족,poijAa5QuPE,새로운 데이지의 등장!!! ㅋㅋㅋㅋㅋㅋ( 우당탕탕 코믹북 19권 싸인회),2025-06-16T09:01:14Z,407.0,False,82369,1685.0,145.0
5852,UCy-NrXlV-_3ed0UKnKMbVmQ,흔한가족,TWcQnCmP0L4,긴급 상황입니다!!! 흔한남매 10주년 긴급 회의!,2025-06-24T10:30:31Z,1308.0,False,62698,1160.0,278.0
5852,UCy-NrXlV-_3ed0UKnKMbVmQ,흔한가족,weka1JU7nO8,앞으로는 매주?매달? 댓글읽기 하겠습니다! 과연???ㅋㅋㅋㅋ,2025-07-21T09:01:30Z,805.0,False,132601,2317.0,629.0
5852,UCy-NrXlV-_3ed0UKnKMbVmQ,흔한가족,K84FbFldBXg,냐하들과 함께하는 흔남 실사카드 대결!!!,2025-09-01T09:00:25Z,868.0,False,155109,1994.0,238.0
5852,UCy-NrXlV-_3ed0UKnKMbVmQ,흔한가족,4fdQW70JrQc,씁아저씨의 인생 첫 싸인회!!!ㅋㅋㅋㅋㅋ,2025-09-04T11:00:07Z,712.0,False,247390,2881.0,312.0
5852,UCy-NrXlV-_3ed0UKnKMbVmQ,흔한가족,XK_4AOEhGJA,공룡매니아 한가온 공룡 만나러 가다!ㅋㅋㅋㅋ,2025-09-11T10:00:50Z,261.0,False,94416,1531.0,152.0
5852,UCy-NrXlV-_3ed0UKnKMbVmQ,흔한가족,DRksRs_fmnA,팝업스토어 갑자기 방문했더니 냐하들 반응은??ㅋㅋㅋㅋㅋ,2025-10-01T07:00:23Z,382.0,False,51309,936.0,100.0
5852,UCy-NrXlV-_3ed0UKnKMbVmQ,흔한가족,KeE_M9kN0Mk,그림작가로 데뷔하는 으뜸이!? 코믹북21권 특별한정판 리뷰!!!,2025-12-18T12:00:40Z,712.0,False,121384,2071.0,391.0
5852,UCy-NrXlV-_3ed0UKnKMbVmQ,흔한가족,v5eivVwsMNc,오키나와에서 첫눈에 반한 아이 앞에서 가온이반응ㅋㅋㅋㅋ,2026-01-08T06:01:01Z,876.0,False,317579,3005.0,399.0
5852,UCy-NrXlV-_3ed0UKnKMbVmQ,흔한가족,p2lOPSEB7C8,테이프로 길막고 가온이 기질테스트 하기!!!ㅋㅋㅋㅋㅋ,2026-01-15T10:01:23Z,597.0,False,222641,2916.0,350.0
5852,UCy-NrXlV-_3ed0UKnKMbVmQ,흔한가족,F6JlCq9xfY0,두번째 팝업 팬미팅! 300만 기념 흔남실사카드 뽑기!!!ㅋㅋㅋㅋ,2026-01-21T09:00:18Z,782.0,False,86934,1554.0,240.0
5852,UCy-NrXlV-_3ed0UKnKMbVmQ,흔한가족,rP_q8unYDq0,동화책 읽고 눈물 참기 챌린지?!ㅋㅋㅋㅋㅋ,2026-01-26T09:01:15Z,563.0,False,210976,3122.0,430.0
5852,UCy-NrXlV-_3ed0UKnKMbVmQ,흔한가족,6_-oduNJ6oY,앗 깜빡하고 못올렸던 영상! 흔남 사는곳 공개!?,2026-01-31T01:00:07Z,280.0,False,73462,1597.0,187.0
5852,UCy-NrXlV-_3ed0UKnKMbVmQ,흔한가족,KVDbEg3VIN4,둘째는 아들이면 좋을까 딸이면 좋을까???,2026-02-05T12:00:29Z,1059.0,False,317119,5042.0,1464.0
5852,UCy-NrXlV-_3ed0UKnKMbVmQ,흔한가족,V9t0xc6-GgY,틱톡 정지 끝!!! 틱톡 라이브 랭킹 1위 찍어봤습니다!,2026-03-06T09:01:00Z,660.0,False,122516,2308.0,298.0
5852,UCy-NrXlV-_3ed0UKnKMbVmQ,흔한가족,eA73jZRSb6c,1살아기 천원 만원 오만원중에 세뱃돈 고르게했더니ㅋㅋㅋ,2026-03-08T02:00:47Z,703.0,False,201557,3110.0,320.0
5852,UCy-NrXlV-_3ed0UKnKMbVmQ,흔한가족,iF3Mu6lw6Hs,벌써 어린이집 가는 가온이 ㅠㅜㅠㅜ,2026-03-15T01:00:45Z,679.0,False,515034,5626.0,831.0
5852,UCy-NrXlV-_3ed0UKnKMbVmQ,흔한가족,Kwh6_0BFklI,간만에 흔또 인사드려요! 엄청 컸습니다ㅋㅋㅋㅋㅋ,2026-03-22T10:00:24Z,667.0,False,175739,3039.0,382.0
5852,UCy-NrXlV-_3ed0UKnKMbVmQ,흔한가족,mKe6UcOTBXk,가온이 대왕 치즈 스파게티 먹방!ㅋㅋㅋ,2026-03-30T10:00:53Z,839.0,False,295917,3752.0,356.0
5852,UCy-NrXlV-_3ed0UKnKMbVmQ,흔한가족,nD705u5vXBw,2000석 모두 1분만에 매진! 10년만에 첫 팬미팅 감사합니다!ㅜㅜ,2026-04-09T09:01:09Z,763.0,False,93131,2001.0,258.0
5852,UCy-NrXlV-_3ed0UKnKMbVmQ,흔한가족,2j0Ae_5racc,냐하들과 흔또 이름 지어봐요!,2026-04-27T10:00:05Z,928.0,False,186572,3495.0,1380.0
5853,UC9KQaCA_EMobJUxZszQ4wlg,박호두(852hodoo),Smmj0oGKv7k,무조건 이기는 기적의 베팅법…,2025-07-28T12:55:23Z,875.0,False,144139,907.0,170.0
5853,UC9KQaCA_EMobJUxZszQ4wlg,박호두(852hodoo),MhqP22vYMP8,"천만 달러, 또 우리가 먹는다",2025-08-11T08:06:26Z,47.0,True,68903,275.0,28.0
5853,UC9KQaCA_EMobJUxZszQ4wlg,박호두(852hodoo),-SoYmb_xEPM,트럼프家 매수 행렬…이제 시작이다,2025-08-13T03:55:36Z,552.0,False,56157,331.0,39.0
5853,UC9KQaCA_EMobJUxZszQ4wlg,박호두(852hodoo),vEtO8w7lUVg,"시청자 말 믿었다가 -1,200만원 증발ㅋㅋ",2025-08-31T12:55:11Z,680.0,False,106056,585.0,78.0
5853,UC9KQaCA_EMobJUxZszQ4wlg,박호두(852hodoo),W4qjwnZw1BE,coin) 고독한 둠스데이  (400스타트),2025-09-01T13:28:39Z,31306.0,False,33657,91.0,0.0
5853,UC9KQaCA_EMobJUxZszQ4wlg,박호두(852hodoo),cQ78w6payMU,800만원 빌리고 안 갚는 사람… 2억2천 빚 진 채무자의 고시원,2025-10-01T09:25:55Z,1157.0,False,454808,4192.0,1935.0
5853,UC9KQaCA_EMobJUxZszQ4wlg,박호두(852hodoo),6V0C7VeWCbM,사상최대 27조 청산… 비트코인 ‘공포의 하루’,2025-10-17T01:04:13Z,636.0,False,259439,1163.0,107.0
5853,UC9KQaCA_EMobJUxZszQ4wlg,박호두(852hodoo),-pu-DAyAQXk,암탉이 울면 집안이 망한다,2025-10-17T11:54:44Z,46.0,True,126026,615.0,107.0
5853,UC9KQaCA_EMobJUxZszQ4wlg,박호두(852hodoo),QS3MCtFeJ9c,살기 위해 숏쳤습니다,2025-10-20T09:29:32Z,580.0,False,83715,671.0,90.0
5853,UC9KQaCA_EMobJUxZszQ4wlg,박호두(852hodoo),Jkn7_OT3mP8,비트코인은 디지털 바카라다,2025-10-21T08:21:35Z,57.0,True,145618,662.0,67.0
5853,UC9KQaCA_EMobJUxZszQ4wlg,박호두(852hodoo),pWL6aw9wPGs,남자도 신선함을 원한다,2025-10-21T08:51:34Z,52.0,True,118304,609.0,83.0
5853,UC9KQaCA_EMobJUxZszQ4wlg,박호두(852hodoo),ChLTesxzGBw,누가 봐도 완벽한 스캘핑,2025-10-23T12:09:31Z,795.0,False,114647,800.0,123.0
5853,UC9KQaCA_EMobJUxZszQ4wlg,박호두(852hodoo),QM5rsFZvZgc,근본이 없는 세상,2025-10-24T12:49:05Z,108.0,False,125511,948.0,73.0
5853,UC9KQaCA_EMobJUxZszQ4wlg,박호두(852hodoo),xQdBhqL6hKs,Coin 채팅방)  스캘퍼박 그러나 물리면 가치투자 시작  (1억 스타트),2025-10-28T16:03:55Z,35505.0,False,70069,131.0,9.0
5853,UC9KQaCA_EMobJUxZszQ4wlg,박호두(852hodoo),1xKgAiI-Ciw,"내가 롱 잡는 순간, 차트가 수직으로 떡락했습니다",2025-12-04T10:17:35Z,67.0,False,222805,1260.0,129.0
5853,UC9KQaCA_EMobJUxZszQ4wlg,박호두(852hodoo),ZRRDnceByBg,Coin Live)  26년 카운트다운,2025-12-31T18:22:18Z,16256.0,False,66945,546.0,12.0
5853,UC9KQaCA_EMobJUxZszQ4wlg,박호두(852hodoo),Y-lo8ulw4F8,"Coin Live) 청산 직전 살아돌아왔다 ($400,000 start)",2026-01-12T17:02:24Z,13499.0,False,79355,448.0,10.0
5853,UC9KQaCA_EMobJUxZszQ4wlg,박호두(852hodoo),xdE0FSo1mlA,무한츠쿠요미,2026-01-27T09:36:43Z,81.0,False,156370,1022.0,136.0
5853,UC9KQaCA_EMobJUxZszQ4wlg,박호두(852hodoo),jCGhd3xz_SE,"Coin live) 녹불,, 녹불을 보자   ($27,000 start)",2026-01-27T17:19:58Z,13041.0,False,65357,355.0,15.0
5853,UC9KQaCA_EMobJUxZszQ4wlg,박호두(852hodoo),5rgmC1OelIg,박호두 도플갱어,2026-02-03T00:00:12Z,50.0,True,152362,735.0,42.0
5853,UC9KQaCA_EMobJUxZszQ4wlg,박호두(852hodoo),7NT1rgiLVQE,Coin)  롱 풀빠따 대기중  (15만불 시작) (비트겟 신규가입 파격이벤트중),2026-02-03T05:42:21Z,42900.0,False,33233,64.0,7.0
5853,UC9KQaCA_EMobJUxZszQ4wlg,박호두(852hodoo),1Cnqk88pgxw,역대급 폭락 시그널,2026-02-05T16:34:39Z,64.0,False,234135,1167.0,78.0
5853,UC9KQaCA_EMobJUxZszQ4wlg,박호두(852hodoo),Eu3BmmALGrI,코인 대폭락 시그널 무시하면 큰일 납니다,2026-02-08T05:59:21Z,533.0,False,68587,494.0,80.0
5853,UC9KQaCA_EMobJUxZszQ4wlg,박호두(852hodoo),MCoYBjKK13o,박호두 20대 때 결혼한 썰,2026-02-13T03:34:38Z,56.0,True,165762,1145.0,107.0
5853,UC9KQaCA_EMobJUxZszQ4wlg,박호두(852hodoo),0Bp6tmvNKCs,뒷방 늙은이 비트고인.. 적당히 늙어야 되는데..,2026-02-16T07:33:27Z,762.0,False,73514,517.0,68.0
5853,UC9KQaCA_EMobJUxZszQ4wlg,박호두(852hodoo),2UGOWR-GJqM,틀니의 적은 틀니가 맞다,2026-02-18T17:20:47Z,61.0,False,80219,591.0,63.0
5853,UC9KQaCA_EMobJUxZszQ4wlg,박호두(852hodoo),jGAL87MoGZ0,내가 지금 무슨 세상에 사는 거냐?,2026-02-21T22:07:23Z,68.0,False,120059,866.0,46.0
5853,UC9KQaCA_EMobJUxZszQ4wlg,박호두(852hodoo),yczxwH9st-A,coin 채팅방)  전쟁매매의 정석  (60000불 시작) (비트겟 3월 대회 참가 최대30만테더상당 + 로렉스+골드바),2026-02-28T07:40:55Z,42899.0,False,46346,71.0,8.0
5853,UC9KQaCA_EMobJUxZszQ4wlg,박호두(852hodoo),HeVMpVUc0cA,이란 전문가와 전화연결,2026-03-01T10:51:57Z,106.0,False,556128,3305.0,301.0
5853,UC9KQaCA_EMobJUxZszQ4wlg,박호두(852hodoo),_V6j4VS0ibM,내려와봐 더 그려줄게,2026-03-03T23:00:44Z,704.0,False,64054,446.0,78.0
5853,UC9KQaCA_EMobJUxZszQ4wlg,박호두(852hodoo),vgVByzt-vB8,연구원 시청자의 정보력?,2026-03-06T13:34:05Z,117.0,False,300949,1824.0,154.0
5853,UC9KQaCA_EMobJUxZszQ4wlg,박호두(852hodoo),BED-RcKmVwQ,파워 코인 임펠다운 6층에 봉인,2026-03-10T03:00:19Z,88.0,False,262133,1477.0,105.0
5853,UC9KQaCA_EMobJUxZszQ4wlg,박호두(852hodoo),f9Ipw4UDmfw,이란 전쟁 끝나면?,2026-03-12T08:03:24Z,69.0,False,78893,510.0,45.0
5853,UC9KQaCA_EMobJUxZszQ4wlg,박호두(852hodoo),6-sf35JP32A,박호두의 씽크탱크 연구원 시청자,2026-03-15T06:39:35Z,176.0,False,160807,1417.0,127.0
5853,UC9KQaCA_EMobJUxZszQ4wlg,박호두(852hodoo),dMd5EuiSRDo,여긴  못 지나갑니다,2026-03-17T23:00:51Z,633.0,False,60137,410.0,67.0
5853,UC9KQaCA_EMobJUxZszQ4wlg,박호두(852hodoo),ZOK-e7efpSg,크립토 코미디언 크립토 싸이코패스,2026-03-25T09:32:35Z,133.0,False,153107,1448.0,157.0
5853,UC9KQaCA_EMobJUxZszQ4wlg,박호두(852hodoo),lnUKMpR_SeI,힝 속았지,2026-03-26T07:07:16Z,55.0,True,56954,332.0,28.0
5853,UC9KQaCA_EMobJUxZszQ4wlg,박호두(852hodoo),IZPWL-J0KRY,만두는 고향만두가 맞습니다.,2026-03-30T11:50:35Z,86.0,False,46068,420.0,49.0
5853,UC9KQaCA_EMobJUxZszQ4wlg,박호두(852hodoo),qRrwjNAKFxc,진짜 다 쓸어왔습니다,2026-04-01T04:56:38Z,36.0,True,41891,133.0,46.0
5853,UC9KQaCA_EMobJUxZszQ4wlg,박호두(852hodoo),b3YXGUxtm1I,에~해봐 에~~,2026-04-04T09:26:13Z,39.0,True,56457,373.0,46.0
5853,UC9KQaCA_EMobJUxZszQ4wlg,박호두(852hodoo),fUltoucx84o,진짜 닮긴 했네..,2026-04-05T09:25:00Z,45.0,True,154958,1095.0,92.0
5853,UC9KQaCA_EMobJUxZszQ4wlg,박호두(852hodoo),fEc8vOXj-Rg,다정한 남자가 좋다고?,2026-04-09T00:00:42Z,71.0,False,59770,425.0,40.0
5853,UC9KQaCA_EMobJUxZszQ4wlg,박호두(852hodoo),8sMjv1U1YSg,매매를 적당히 해야 되는데..,2026-04-18T13:58:03Z,58.0,True,56786,363.0,61.0
5853,UC9KQaCA_EMobJUxZszQ4wlg,박호두(852hodoo),3J-yHD3eIec,개잡주 고급 기술 제1강,2026-04-20T00:00:02Z,80.0,False,71963,431.0,29.0
5853,UC9KQaCA_EMobJUxZszQ4wlg,박호두(852hodoo),aULloC0Zc_g,트루먼쇼,2026-04-26T11:34:44Z,96.0,False,76439,597.0,42.0
5853,UC9KQaCA_EMobJUxZszQ4wlg,박호두(852hodoo),RPJl7wbNRys,알트코인을 하면 안되는 이유,2026-04-29T13:13:25Z,153.0,False,102454,832.0,45.0
5853,UC9KQaCA_EMobJUxZszQ4wlg,박호두(852hodoo),S-YxgCfOxEA,이 정도는 알아야 됩니다,2026-05-03T09:03:13Z,83.0,False,48421,333.0,25.0
5853,UC9KQaCA_EMobJUxZszQ4wlg,박호두(852hodoo),8w_CQ-2FXeY,귀신들린 박호두 구하기 프로젝트,2026-05-08T06:28:54Z,111.0,False,72021,655.0,74.0
5853,UC9KQaCA_EMobJUxZszQ4wlg,박호두(852hodoo),YWUKi_OaW0Y,누가 내 계좌에 징 찍어 놨습니다,2026-05-13T00:00:36Z,526.0,False,36075,366.0,68.0
5853,UC9KQaCA_EMobJUxZszQ4wlg,박호두(852hodoo),R_VsMGrJvHY,coin 채팅방)  찐반인가? (2만불 시작)  (5월 대회 등록 진행중 가입후 자동참가),2026-05-15T01:53:02Z,,False,70489,97.0,0.0
5854,UCRbjtZUrNAQe7w5c03JCMXw,민음사TV,ZigMpaYFD-k,직업 공개 멋지게 하는 방법 (연프식),2026-03-11T07:30:18Z,47.0,True,873427,10421.0,141.0
5854,UCRbjtZUrNAQe7w5c03JCMXw,민음사TV,evizjrRTuWk,돈 벌기 힘드네...,2026-03-11T08:00:40Z,130.0,False,106163,1957.0,44.0
5854,UCRbjtZUrNAQe7w5c03JCMXw,민음사TV,bzZO6sEunK4,책으로 균형 잡기,2026-03-12T09:00:52Z,33.0,True,98960,2403.0,93.0
5854,UCRbjtZUrNAQe7w5c03JCMXw,민음사TV,iFl3U_TBstc,"""고도로 발달한 덕후는…"" 좋아하는 작가 필모 깨다가 책 라디오 DJ까지 하는 고아성의 인생 책 다 가져옴｜아니 에르노, 소피 칼, 박완서, 죽은 왕녀를 위한 파반느",2026-03-13T08:00:07Z,1907.0,False,160457,4037.0,148.0
5854,UCRbjtZUrNAQe7w5c03JCMXw,민음사TV,RNnO5reNkV8,맡지 마세요 발바닥에 양보하세요…,2026-03-18T08:00:28Z,34.0,True,234309,2085.0,10.0
5854,UCRbjtZUrNAQe7w5c03JCMXw,민음사TV,zEt5NYvyymI,그렇게 갈수록 이론에만 빠삭해지는 독서인들…,2026-03-18T08:30:36Z,24.0,True,62662,436.0,9.0
5854,UCRbjtZUrNAQe7w5c03JCMXw,민음사TV,gD41_Bhlm7E,덕질 인생 궁극의 굿즈 = 책,2026-03-18T09:00:58Z,29.0,True,64951,513.0,2.0
5854,UCRbjtZUrNAQe7w5c03JCMXw,민음사TV,nakCVSkbysA,매일 다짐하고 매일 후회하기,2026-03-19T04:00:52Z,36.0,True,65589,608.0,6.0
5854,UCRbjtZUrNAQe7w5c03JCMXw,민음사TV,ZQQr2Hed3sY,그 부장 작사 그 AI 작곡,2026-03-19T04:30:21Z,36.0,True,108425,902.0,15.0
5854,UCRbjtZUrNAQe7w5c03JCMXw,민음사TV,0McNDK38Zu0,17년 차 마케터도 영업 당한 독서템,2026-03-19T08:30:00Z,35.0,True,132154,870.0,8.0
5854,UCRbjtZUrNAQe7w5c03JCMXw,민음사TV,PGoZlsW_xTw,어쩜 책 취향도 배우보다 더 배우,2026-03-19T09:00:37Z,30.0,True,51481,347.0,6.0
5854,UCRbjtZUrNAQe7w5c03JCMXw,민음사TV,qte7Y6UiuRk,뷰티풀 영앤프리 질투도 이제는 알 것 같아~,2026-03-19T09:30:36Z,54.0,True,86903,873.0,12.0
5854,UCRbjtZUrNAQe7w5c03JCMXw,민음사TV,gH94jnEugUc,"""저 민음사 작가예요"" 1n년 만에 화가 데뷔하고 책 내고 전시회까지 연 박신양의 전시쑈 보고 왔습니다",2026-03-20T08:00:06Z,1254.0,False,64927,1740.0,117.0
5854,UCRbjtZUrNAQe7w5c03JCMXw,민음사TV,M4ecg4yzJmY,지적 허영(?) 뽐내기 좋은 고아성 독서법,2026-03-24T07:00:25Z,42.0,True,97228,1446.0,7.0
5854,UCRbjtZUrNAQe7w5c03JCMXw,민음사TV,jWmy29bn1X0,“우리 사랑하긴 한 걸까” 뜨거웠던 연인이 지독하게 차가운 부부가 되는 이유 분석 | 리처드 예이츠 『레볼루셔너리 로드』 [독서클럽EP12],2026-03-24T08:00:06Z,3388.0,False,685449,13469.0,998.0
5854,UCRbjtZUrNAQe7w5c03JCMXw,민음사TV,6g3qhiRkRDo,애기야르 가자,2026-03-27T01:00:04Z,44.0,True,49358,535.0,12.0
5854,UCRbjtZUrNAQe7w5c03JCMXw,민음사TV,eMK838LKLvE,박신양의 전시가 어딘가 수상한(?) 이유,2026-03-27T02:09:29Z,49.0,True,38089,263.0,5.0
5854,UCRbjtZUrNAQe7w5c03JCMXw,민음사TV,GzRR1uNz3XA,"""자격증 따는 게 제일 쉬웠어요..."" 10년 차 마케터가 타로부터 바리스타, 조주기능사, 그리고 상담 자격증까지 따게 된 사연",2026-03-27T08:00:06Z,1423.0,False,76723,2089.0,105.0
5854,UCRbjtZUrNAQe7w5c03JCMXw,민음사TV,V_14nrLojk8,10년 차 보부상 마케터의 왓츠 인 마이 백,2026-03-27T09:00:35Z,87.0,False,101094,1342.0,35.0
5854,UCRbjtZUrNAQe7w5c03JCMXw,민음사TV,PGiTormYDWU,씨네필 허키 시바세키가 추천하는 원작 소설 영화,2026-04-02T06:00:16Z,35.0,True,56047,603.0,15.0
5854,UCRbjtZUrNAQe7w5c03JCMXw,민음사TV,ZKF2KSo1wlk,오래된 관계일수록 질문이 줄어드는 이유,2026-04-02T06:30:29Z,22.0,True,125499,1292.0,16.0
5854,UCRbjtZUrNAQe7w5c03JCMXw,민음사TV,Dcs9dmjXPpI,쇼미 결승을 앞둔 허키 시바세키가 말하는 의미 있는 삶,2026-04-02T07:00:10Z,35.0,True,255097,4936.0,
5854,UCRbjtZUrNAQe7w5c03JCMXw,민음사TV,_mKL2rrpnPg,'-ing' 상태를 좋아하세요...,2026-04-02T07:30:19Z,70.0,False,53732,1016.0,15.0
5854,UCRbjtZUrNAQe7w5c03JCMXw,민음사TV,Fvcl__kEWDM,"""아니 나 진짜 아니라고…"" 직장 동료와 라이어 게임 3판하고 절교할 뻔 했습니다(?)",2026-04-03T08:00:16Z,1714.0,False,108826,2980.0,298.0
5854,UCRbjtZUrNAQe7w5c03JCMXw,민음사TV,XbEPyPUQ13c,사이버대학을 다니고 나의 성공 시대 시작됐다,2026-04-06T01:00:24Z,45.0,True,42025,299.0,1.0
5854,UCRbjtZUrNAQe7w5c03JCMXw,민음사TV,3ENOc1xaSvQ,민음사 헤르미온느,2026-04-06T02:00:02Z,35.0,True,65514,671.0,3.0
5854,UCRbjtZUrNAQe7w5c03JCMXw,민음사TV,md6Cqz0WTyE,4월 7일 오전 7시 첫 공개되는 '물음표' 많관부!,2026-04-06T08:00:43Z,81.0,False,46624,865.0,30.0
5854,UCRbjtZUrNAQe7w5c03JCMXw,민음사TV,8_86J8OHxuk,"(이벤트有) ""열심히 일한 저 쉴게요..."" 회사 돈으로 N백만 원 짜리 소파 사서 휴게실 꾸몄습니다",2026-04-10T08:00:07Z,1238.0,False,59977,1235.0,139.0
5854,UCRbjtZUrNAQe7w5c03JCMXw,민음사TV,fjVLoUOKH1Q,봄 가기 전에 읽기 좋은 책 알려드림,2026-04-15T08:30:17Z,75.0,False,234815,4802.0,64.0
5854,UCRbjtZUrNAQe7w5c03JCMXw,민음사TV,W4tg4lCjc-k,책 제목으로 라이어 게임할 때 꿀팁,2026-04-16T01:09:45Z,37.0,True,51854,242.0,1.0
5854,UCRbjtZUrNAQe7w5c03JCMXw,민음사TV,_typOthTDE0,꽤나 뻔뻔한 attitude~,2026-04-16T02:00:24Z,44.0,True,65419,601.0,12.0
5854,UCRbjtZUrNAQe7w5c03JCMXw,민음사TV,8JE6hEI1paA,아부는 회사 벽을 뚫어,2026-04-16T03:00:07Z,35.0,True,128422,870.0,15.0
5854,UCRbjtZUrNAQe7w5c03JCMXw,민음사TV,8kjdCKdfX7s,즐겁습니rrr다아rrrrrr,2026-04-16T04:00:14Z,31.0,True,65086,686.0,15.0
5854,UCRbjtZUrNAQe7w5c03JCMXw,민음사TV,p1NuA3QQAUI,"""5만 원에 이걸 다...?"" 역대급 혜택으로 돌아온 2026 민음북클럽 최초 공개합니다",2026-04-17T08:00:07Z,1442.0,False,146060,2961.0,397.0
5854,UCRbjtZUrNAQe7w5c03JCMXw,민음사TV,zHjvuKWP0L4,"""내 장례식에선 웃어 줘~"" 웃음 사냥꾼 4명이 죽음에 대해 얘기하면 생기는 일 | 밀란 쿤데라 『불멸』 [독서클럽 EP13]",2026-04-21T08:00:07Z,3782.0,False,307410,6625.0,527.0
5854,UCRbjtZUrNAQe7w5c03JCMXw,민음사TV,WswC7sTnaK8,활짝 웃는 아부를 캡처해 보세요,2026-04-22T09:43:56Z,9.0,True,152006,3145.0,85.0
5854,UCRbjtZUrNAQe7w5c03JCMXw,민음사TV,_Xx3kWqbHp4,2026 민음북클럽 환영합니다,2026-04-24T06:00:32Z,57.0,True,71619,689.0,43.0
5854,UCRbjtZUrNAQe7w5c03JCMXw,민음사TV,FkzD-mgFpXc,어느 날 무릎에서 외계인이 말을 건다,2026-04-24T07:00:13Z,59.0,True,42839,499.0,20.0
5854,UCRbjtZUrNAQe7w5c03JCMXw,민음사TV,EO91dKBbCsc,"""읽고 싶은 건 다 읽어..."" 출판계 큰손 강지영이 퇴사 결심하게 된 책부터 요즘 공부하고 있는 역사책까지 다 털어왔습니다",2026-04-24T08:00:26Z,1688.0,False,167367,3899.0,153.0
5854,UCRbjtZUrNAQe7w5c03JCMXw,민음사TV,0IEJFiu2A_k,출판사 편집자의 외근 일기,2026-04-26T01:00:03Z,121.0,False,282167,8366.0,142.0
5854,UCRbjtZUrNAQe7w5c03JCMXw,민음사TV,xFSQ9M43MRw,악플과 칭찬에 의연해지는 IOC 피겨 계산법,2026-04-28T01:00:55Z,59.0,True,263012,5259.0,73.0
5854,UCRbjtZUrNAQe7w5c03JCMXw,민음사TV,hY1v8cRjf_M,웹툰 작가 이종범이 수많은 댓글을 보며 깨달은 점,2026-04-28T02:00:37Z,21.0,True,103644,1506.0,32.0
5854,UCRbjtZUrNAQe7w5c03JCMXw,민음사TV,mRbl_feWTes,민음사 해외문학팀 화분 유기 사건,2026-04-28T03:01:00Z,79.0,False,578101,9710.0,111.0
5854,UCRbjtZUrNAQe7w5c03JCMXw,민음사TV,hTrOKQNVWXU,지금까지 독서클럽을 사랑해 주셔서 감사합니다,2026-04-28T04:00:45Z,31.0,True,348068,4158.0,78.0
5854,UCRbjtZUrNAQe7w5c03JCMXw,민음사TV,bXfyBtrrUvw,방송인 강지영의 독서템 모음.zip,2026-04-29T05:00:37Z,47.0,True,106207,554.0,3.0
5854,UCRbjtZUrNAQe7w5c03JCMXw,민음사TV,V4xVLyb6ZLs,강지영이 퇴사 고민할 때 읽은 책,2026-04-29T06:00:31Z,34.0,True,103650,792.0,5.0
5854,UCRbjtZUrNAQe7w5c03JCMXw,민음사TV,NxjUq166L6A,별다줄~,2026-04-29T07:00:31Z,27.0,True,146953,844.0,17.0
5854,UCRbjtZUrNAQe7w5c03JCMXw,민음사TV,p4Wf8PSZnTc,"""영원히 사랑하시죠...?"" 도합 61년 차 직장인들에게 회사 생활 싹 다 털어봤습니다 (feat. 60주년 맞이 특별 도서)",2026-05-01T08:00:07Z,1576.0,False,91889,2043.0,87.0
5854,UCRbjtZUrNAQe7w5c03JCMXw,민음사TV,afO9pl-jlwc,출판사 직원들의 외근 일기 (feat. 유퀴즈),2026-05-07T05:00:02Z,116.0,False,469051,13899.0,270.0
5854,UCRbjtZUrNAQe7w5c03JCMXw,민음사TV,N_7vNBUTGu0,"""올해 노벨 후보상...?"" 역대급 현실적인 디스토피아 소설로 미국에서 역주행했던 '증언들' 세계관 총정리ㅣ증언들 입덕 강의",2026-05-08T08:00:06Z,1386.0,False,79229,2116.0,155.0
5855,UCnXe6v0-5vmMMRU2qx0XwUw,스트리머 사또 live-streamer satto,n7m3Gi18deA,3/3녹) 리니지클래식 사또 데포로쥬 아 열받네 뭐냐 이건?,2026-03-03T13:20:39Z,21673.0,False,209414,2018.0,47.0
5855,UCnXe6v0-5vmMMRU2qx0XwUw,스트리머 사또 live-streamer satto,FJyP6liBo0A,[비트코인] 내 스타일 알지? 낭만 100배 5도류 싹느!,2026-03-03T13:23:33Z,55.0,True,109667,210.0,45.0
5855,UCnXe6v0-5vmMMRU2qx0XwUw,스트리머 사또 live-streamer satto,qlYFrn2cnuw,3/4녹) 리니지클래식 사또 데포로쥬 9일도 두자루를 띄어야해,2026-03-03T20:10:14Z,9571.0,False,55424,581.0,50.0
5855,UCnXe6v0-5vmMMRU2qx0XwUw,스트리머 사또 live-streamer satto,VZg6m6CBcFY,3/4녹) 리니지클래식 사또 데포로쥬 우주최초 9검 5자루 러쉬가자 어쩔수없다,2026-03-04T09:18:15Z,11880.0,False,124930,1163.0,64.0
5855,UCnXe6v0-5vmMMRU2qx0XwUw,스트리머 사또 live-streamer satto,AWfEYSZQEpM,[리니지 클래식] 나 좀 먹어달라고!!!,2026-03-04T15:12:07Z,667.0,False,119741,714.0,208.0
5855,UCnXe6v0-5vmMMRU2qx0XwUw,스트리머 사또 live-streamer satto,v4OyagaeeoQ,3/7녹) 리니지클래식 사또 데포로쥬 적혈은 신데렐라인가요?,2026-03-07T03:26:56Z,21730.0,False,94683,1274.0,87.0
5855,UCnXe6v0-5vmMMRU2qx0XwUw,스트리머 사또 live-streamer satto,e0UJkIs7bIw,[리니지 클래식] 이걸 마지막에 연타로 역전!?,2026-03-07T10:35:15Z,81.0,False,769089,1785.0,139.0
5855,UCnXe6v0-5vmMMRU2qx0XwUw,스트리머 사또 live-streamer satto,O2Obfz6gUQc,[리니지 클래식] 아니 캔슬 이거 버그 아니야?!,2026-03-08T03:09:03Z,63.0,False,529283,1147.0,232.0
5855,UCnXe6v0-5vmMMRU2qx0XwUw,스트리머 사또 live-streamer satto,1HGywsCVj7s,3/8녹) 리니지클래식 사또 데포로쥬 소울+트리 셋트가 또 나왔다고?,2026-03-08T07:11:53Z,18746.0,False,124114,1182.0,42.0
5855,UCnXe6v0-5vmMMRU2qx0XwUw,스트리머 사또 live-streamer satto,tdkhh3bAOXk,[리니지 클래식] 파티도 없이 혼자 소울 토글 쩌러써!,2026-03-09T03:01:03Z,50.0,True,342584,958.0,112.0
5855,UCnXe6v0-5vmMMRU2qx0XwUw,스트리머 사또 live-streamer satto,GjhcXjetuds,[리니지 클래식] 근본 똘사단 합류! 적혈 어떻게 하냐..,2026-03-09T10:00:36Z,605.0,False,178856,1170.0,141.0
5855,UCnXe6v0-5vmMMRU2qx0XwUw,스트리머 사또 live-streamer satto,GJ27pb5uWo0,3/10녹) 리니지클래식 사또 데포로쥬 오도도도 트리플 요정 등장,2026-03-10T10:19:43Z,12990.0,False,118135,1211.0,61.0
5855,UCnXe6v0-5vmMMRU2qx0XwUw,스트리머 사또 live-streamer satto,CgzO_a6NVJE,"[리니지 클래식] 요정은 심리전 디테일이 생명이야! (feat.만만,정개철)",2026-03-11T11:34:07Z,768.0,False,91607,618.0,151.0
5855,UCnXe6v0-5vmMMRU2qx0XwUw,스트리머 사또 live-streamer satto,rTgr9SrVPt0,[리니지 클래식] 이 남자 진심입니다..,2026-03-11T14:56:20Z,177.0,False,322029,1633.0,224.0
5855,UCnXe6v0-5vmMMRU2qx0XwUw,스트리머 사또 live-streamer satto,oOndErEsR-E,[리니지 클래식] 요정의 근본! 오도도도 등장,2026-03-12T08:01:02Z,58.0,True,599887,1156.0,221.0
5855,UCnXe6v0-5vmMMRU2qx0XwUw,스트리머 사또 live-streamer satto,o6gRIRceTgk,"3/13녹) 리니지 클래식 사또 데포로쥬 [세금,지방세관련 말씀드립니다 오세요 티비 한두번나오냐]",2026-03-13T09:55:40Z,7073.0,False,106250,900.0,242.0
5855,UCnXe6v0-5vmMMRU2qx0XwUw,스트리머 사또 live-streamer satto,599K6u0D6ng,3/17녹) 리니지클래식 사또 데포로쥬 뎅삽니다 9레이 9일도 싹느,2026-03-17T10:40:16Z,7339.0,False,66972,796.0,32.0
5855,UCnXe6v0-5vmMMRU2qx0XwUw,스트리머 사또 live-streamer satto,6NjOHJJDlok,[리니지 클래식] 와.. 미쳤다 얼마를 번 거야?!,2026-03-18T10:18:22Z,607.0,False,74822,478.0,51.0
5855,UCnXe6v0-5vmMMRU2qx0XwUw,스트리머 사또 live-streamer satto,3EDoCKjxl2A,[리니지 클래식] 아니 형들 +9 검 띄우는 게 어려워?!,2026-03-18T14:23:49Z,88.0,False,368188,1013.0,205.0
5855,UCnXe6v0-5vmMMRU2qx0XwUw,스트리머 사또 live-streamer satto,wgxDu4RS9EM,3/19녹) 리니지클래식 사또 데포로쥬 사건사고가 많습니다.,2026-03-19T12:12:30Z,14153.0,False,112601,1005.0,105.0
5855,UCnXe6v0-5vmMMRU2qx0XwUw,스트리머 사또 live-streamer satto,lGFBjYhsqxw,[비트코인] 100배의 최후..,2026-03-20T07:52:11Z,64.0,False,110387,197.0,44.0
5855,UCnXe6v0-5vmMMRU2qx0XwUw,스트리머 사또 live-streamer satto,mizAGOMpPTg,[리니지 클래식] 정개철 장군이 연합을 나가다. 무슨 일일까요?,2026-03-21T03:01:00Z,688.0,False,89913,536.0,770.0
5855,UCnXe6v0-5vmMMRU2qx0XwUw,스트리머 사또 live-streamer satto,ziYkJzVf-xo,[리니지 클래식] 성태 형은 어차피 내 손바닥 안이야ㅋㅋㅋ,2026-03-22T03:01:06Z,613.0,False,58837,484.0,84.0
5855,UCnXe6v0-5vmMMRU2qx0XwUw,스트리머 사또 live-streamer satto,vAzO8GhOhzA,[비트코인] 해외거래소 잡코인 잡거래소 쓰면 안 되는 이유,2026-03-22T08:30:10Z,55.0,True,208591,563.0,125.0
5855,UCnXe6v0-5vmMMRU2qx0XwUw,스트리머 사또 live-streamer satto,lnLhvoLmjFc,3/22녹) 리니지클래식 사또 데포로쥬 6번째 트리플탄생 적들 삐뽀삐뽀,2026-03-22T13:08:49Z,14577.0,False,91780,765.0,22.0
5855,UCnXe6v0-5vmMMRU2qx0XwUw,스트리머 사또 live-streamer satto,c0ay2GM8kHo,[리니지 클래식] 차마 말할 수 없던 영정단ㅋㅋ,2026-03-23T03:00:39Z,35.0,True,518272,923.0,73.0
5855,UCnXe6v0-5vmMMRU2qx0XwUw,스트리머 사또 live-streamer satto,7OKOMr-i9O0,[리니지 클래식] 영웅과 빌런은 한 끗 차이,2026-03-23T10:01:33Z,59.0,True,435706,648.0,124.0
5855,UCnXe6v0-5vmMMRU2qx0XwUw,스트리머 사또 live-streamer satto,2hjnSchZz9o,3/23녹) 리니지클래식 사또 데포로쥬 96.5%,2026-03-23T12:58:29Z,14079.0,False,114661,1051.0,205.0
5855,UCnXe6v0-5vmMMRU2qx0XwUw,스트리머 사또 live-streamer satto,QWL_5qtjOzU,[리니지 클래식] 현금 1억 어치 본장비에 손대버렸습니다,2026-03-24T12:58:37Z,549.0,False,141498,818.0,349.0
5855,UCnXe6v0-5vmMMRU2qx0XwUw,스트리머 사또 live-streamer satto,kQsmf1TzngU,[리니지 클래식] 현금 1억 본장비 질러버렸습니다,2026-03-25T03:00:44Z,179.0,False,309740,1227.0,220.0
5855,UCnXe6v0-5vmMMRU2qx0XwUw,스트리머 사또 live-streamer satto,9coyDB9EFsU,[비트코인] 앞으로 고배 안 치겠습니다..,2026-03-26T08:15:29Z,57.0,True,105802,193.0,33.0
5855,UCnXe6v0-5vmMMRU2qx0XwUw,스트리머 사또 live-streamer satto,DSq02GkRITA,3/31녹) 리니지클래식 사또 데포로쥬 오랜만입니다. 이제 39렙이네요,2026-03-31T13:00:15Z,9495.0,False,67708,888.0,45.0
5855,UCnXe6v0-5vmMMRU2qx0XwUw,스트리머 사또 live-streamer satto,35yUgBFJB5E,"[리니지 클래식] 메모장 확성기, 식데 팝니다",2026-04-01T09:01:17Z,47.0,True,291200,682.0,68.0
5855,UCnXe6v0-5vmMMRU2qx0XwUw,스트리머 사또 live-streamer satto,XVnRK4BZ_VM,4/1녹) 리니지클래식 사또 데포로쥬 새로운 투구가 나왔네요? 혼내주겠습니다.,2026-04-01T13:04:45Z,11429.0,False,64379,714.0,30.0
5855,UCnXe6v0-5vmMMRU2qx0XwUw,스트리머 사또 live-streamer satto,JGX-D2rOwNI,[리니지 클래식] 소녀시대 팔뚝 vs 아이브 팔뚝,2026-04-02T12:38:49Z,497.0,False,26812,224.0,57.0
5855,UCnXe6v0-5vmMMRU2qx0XwUw,스트리머 사또 live-streamer satto,gB3pX_AksEE,4/3녹) 리니지클래식 사또 데포로쥬 새벽 커츠 리덕션아머 개꿀,2026-04-02T23:23:45Z,19117.0,False,46817,687.0,31.0
5855,UCnXe6v0-5vmMMRU2qx0XwUw,스트리머 사또 live-streamer satto,N4fAXj3Swfk,[비트코인] 챗지피티 믿고 다 박았는데 결과가..,2026-04-03T03:00:17Z,58.0,True,49351,127.0,38.0
5855,UCnXe6v0-5vmMMRU2qx0XwUw,스트리머 사또 live-streamer satto,74E7LZMdXtA,[비트코인] 사반꿀하는 시청자 만났습니다,2026-04-04T16:12:25Z,35.0,True,316559,925.0,95.0
5855,UCnXe6v0-5vmMMRU2qx0XwUw,스트리머 사또 live-streamer satto,kVwmrUEhHYo,4/4녹) 리니지클래식 사또 데포로쥬 스턴이 나와도 문제야 싸우잖아 ㅋㅋㅋㅋ,2026-04-04T16:17:57Z,18531.0,False,128199,1049.0,36.0
5855,UCnXe6v0-5vmMMRU2qx0XwUw,스트리머 사또 live-streamer satto,-s7jpT3ZFUc,[리니지 클래식] 역시 러쉬의 신!,2026-04-05T10:26:12Z,107.0,False,359132,1085.0,104.0
5855,UCnXe6v0-5vmMMRU2qx0XwUw,스트리머 사또 live-streamer satto,iqzuf0ydYX8,4/6녹) 리니지클래식 사또 데포로쥬 근성전,2026-04-05T16:42:31Z,17875.0,False,153386,866.0,136.0
5855,UCnXe6v0-5vmMMRU2qx0XwUw,스트리머 사또 live-streamer satto,S8zek0JkUFU,비트코인 해외 거래소 OKX에만 단독으로 있는 기능! 이건 대박입니다,2026-04-09T03:00:24Z,43.0,True,26539,61.0,25.0
5855,UCnXe6v0-5vmMMRU2qx0XwUw,스트리머 사또 live-streamer satto,KSbfgW2Ehys,채팅창 속보 때문에 얼마를 잃는 거야..,2026-04-09T11:00:22Z,60.0,True,60842,155.0,44.0
5855,UCnXe6v0-5vmMMRU2qx0XwUw,스트리머 사또 live-streamer satto,Fw8hEabfx-M,생방송 중에 귀신 빙의,2026-04-21T09:04:38Z,30.0,True,30892,109.0,31.0
5855,UCnXe6v0-5vmMMRU2qx0XwUw,스트리머 사또 live-streamer satto,IZqHvUAB_Z8,상남자의 소개팅,2026-04-30T03:00:18Z,36.0,True,25706,106.0,48.0
5855,UCnXe6v0-5vmMMRU2qx0XwUw,스트리머 사또 live-streamer satto,x2lnoEAJTu8,800만 원짜리 소파 짝퉁을 14만 원에 사면 생기는 일ㅋㅋ,2026-05-02T09:00:14Z,50.0,True,105635,316.0,37.0
5855,UCnXe6v0-5vmMMRU2qx0XwUw,스트리머 사또 live-streamer satto,xIebadFHHBQ,새우깡 받아먹기 고인물 갈매기의 무빙,2026-05-05T09:41:20Z,41.0,True,11284,57.0,29.0
5855,UCnXe6v0-5vmMMRU2qx0XwUw,스트리머 사또 live-streamer satto,zum62sas3Ns,"국가총부채 6,500조 돌파! IMF 위기?",2026-05-07T09:01:21Z,55.0,True,53996,259.0,206.0
5855,UCnXe6v0-5vmMMRU2qx0XwUw,스트리머 사또 live-streamer satto,Wks25FuOS_c,그거 어차피 니 돈 아니야,2026-05-13T09:00:49Z,51.0,True,16606,110.0,38.0
5855,UCnXe6v0-5vmMMRU2qx0XwUw,스트리머 사또 live-streamer satto,dhcsmQu8eeU,비트코인 사또 [1억5천이 물려잇습니다 죽기싫어요]OKX 평생 페이백30% 단독진행 5월 개인대회 더보기란 링크트리확인! BitCoin Korea No.1,2026-05-16T01:07:59Z,,False,32604,65.0,0.0
5856,UC2uID-rcbLMi3RxZmZtwSZg,늪지대에서 생긴 일,4CYy-PpXqN0,한 사람의 인생이 무너지기 까지의 과정,2026-01-26T08:00:00Z,192.0,False,17844,387.0,20.0
5856,UC2uID-rcbLMi3RxZmZtwSZg,늪지대에서 생긴 일,BdBgXOebjmQ,(아마도)이 이야기는 픽션입니다.,2026-01-29T08:00:00Z,194.0,False,18173,359.0,30.0
5856,UC2uID-rcbLMi3RxZmZtwSZg,늪지대에서 생긴 일,WzcSeK1iVUs,그 수장에 그 멤버,2026-01-30T08:00:00Z,172.0,False,27066,670.0,42.0
5856,UC2uID-rcbLMi3RxZmZtwSZg,늪지대에서 생긴 일,g1r-zj1bJbo,친해지길 바래!,2026-01-31T08:00:00Z,181.0,False,23286,554.0,42.0
5856,UC2uID-rcbLMi3RxZmZtwSZg,늪지대에서 생긴 일,E0PgCIloPx4,개리는 그 날을 기억할 것입니다.,2026-02-01T08:00:00Z,198.0,False,22069,418.0,28.0
5856,UC2uID-rcbLMi3RxZmZtwSZg,늪지대에서 생긴 일,SgTnYs9Q31U,주식이 이렇게 위험합니다.,2026-02-04T08:00:00Z,211.0,False,12480,259.0,25.0
5856,UC2uID-rcbLMi3RxZmZtwSZg,늪지대에서 생긴 일,2fj4_N7ivKE,T의 공감법,2026-02-05T08:04:21Z,171.0,False,15434,355.0,11.0
5856,UC2uID-rcbLMi3RxZmZtwSZg,늪지대에서 생긴 일,U6q0h9_O0bE,이 영상에 모든 게 담겨있습니다.(아님),2026-02-07T08:00:00Z,193.0,False,23567,437.0,11.0
5856,UC2uID-rcbLMi3RxZmZtwSZg,늪지대에서 생긴 일,dCfAqC6Is98,늪지대에서 아프다고 하면 안되는 이유,2026-02-08T08:00:00Z,191.0,False,23489,425.0,25.0
5856,UC2uID-rcbLMi3RxZmZtwSZg,늪지대에서 생긴 일,eegZREpftw0,누가 합방 중에 잠을 자는거지?,2026-02-10T08:00:00Z,173.0,False,15569,334.0,16.0
5856,UC2uID-rcbLMi3RxZmZtwSZg,늪지대에서 생긴 일,yL9OcDPxNNk,새롭게 눈을 뜬 악어,2026-02-13T08:00:00Z,189.0,False,6286,185.0,14.0
5856,UC2uID-rcbLMi3RxZmZtwSZg,늪지대에서 생긴 일,3Xn-Z7I8Zxg,중력이 악어를 다루는 방법,2026-02-15T08:00:00Z,198.0,False,11901,286.0,11.0
5856,UC2uID-rcbLMi3RxZmZtwSZg,늪지대에서 생긴 일,5QxgJeI74bs,비행기라고 안심하면 안 됩니다.,2026-02-15T20:00:00Z,188.0,False,7393,210.0,8.0
5856,UC2uID-rcbLMi3RxZmZtwSZg,늪지대에서 생긴 일,hwz-lntVg-s,다들 휴대폰 뭐 쓰세요?,2026-02-19T08:00:00Z,194.0,False,13243,255.0,11.0
5856,UC2uID-rcbLMi3RxZmZtwSZg,늪지대에서 생긴 일,wjPox8BjoVM,이거 좀 보세요ㅋㅋ,2026-02-22T08:00:00Z,171.0,False,7839,207.0,6.0
5856,UC2uID-rcbLMi3RxZmZtwSZg,늪지대에서 생긴 일,g0jmRQ2RTk8,너불은 치요가 밉다,2026-02-23T08:00:00Z,186.0,False,19262,336.0,12.0
5856,UC2uID-rcbLMi3RxZmZtwSZg,늪지대에서 생긴 일,SouxWKJrJ9M,대체 누구를 데려오신 겁니까..,2026-02-25T08:00:00Z,172.0,False,17847,350.0,11.0
5856,UC2uID-rcbLMi3RxZmZtwSZg,늪지대에서 생긴 일,pVWyz7Bqh7o,엄마 불러온다!!,2026-02-26T08:00:00Z,173.0,False,21263,466.0,21.0
5856,UC2uID-rcbLMi3RxZmZtwSZg,늪지대에서 생긴 일,UNtpdxuspqM,앜!,2026-02-28T08:00:00Z,171.0,False,83641,1380.0,52.0
5856,UC2uID-rcbLMi3RxZmZtwSZg,늪지대에서 생긴 일,1e21UpZyzwY,절대 늪지대를 건들지 마.,2026-03-01T08:00:00Z,183.0,False,20902,482.0,35.0
5856,UC2uID-rcbLMi3RxZmZtwSZg,늪지대에서 생긴 일,4xOUfUsDyG0,다행이다..,2026-03-03T08:00:00Z,207.0,False,25515,501.0,28.0
5856,UC2uID-rcbLMi3RxZmZtwSZg,늪지대에서 생긴 일,Yot1Ye7PXhc,켰냐?,2026-03-04T08:00:00Z,171.0,False,21012,380.0,16.0
5856,UC2uID-rcbLMi3RxZmZtwSZg,늪지대에서 생긴 일,EpXqwqpJzHs,핑맨 이름의 진짜 뜻,2026-03-05T08:00:00Z,176.0,False,15307,323.0,20.0
5856,UC2uID-rcbLMi3RxZmZtwSZg,늪지대에서 생긴 일,zkspYfRfTBo,(오해주의) 개리는 부왕이어야 하는 이유,2026-03-07T08:00:00Z,174.0,False,20304,376.0,25.0
5856,UC2uID-rcbLMi3RxZmZtwSZg,늪지대에서 생긴 일,xz_QAiKgezU,이 분 은퇴 하셨습니다. (사실 아님),2026-03-09T08:00:00Z,181.0,False,26028,520.0,25.0
5856,UC2uID-rcbLMi3RxZmZtwSZg,늪지대에서 생긴 일,Kq4OHEmK7FY,너무해...,2026-03-10T08:00:00Z,171.0,False,7398,237.0,14.0
5856,UC2uID-rcbLMi3RxZmZtwSZg,늪지대에서 생긴 일,ih3I8uHkOAw,방송 중에 버츄얼이 꺼졌다고!?,2026-03-11T08:00:00Z,190.0,False,31515,476.0,25.0
5856,UC2uID-rcbLMi3RxZmZtwSZg,늪지대에서 생긴 일,N5woSati6EA,사칭범 잡았습니다.,2026-03-13T08:00:00Z,171.0,False,28082,559.0,23.0
5856,UC2uID-rcbLMi3RxZmZtwSZg,늪지대에서 생긴 일,7nL1GPON6LU,배신이 당연한 늪지대,2026-03-15T08:00:00Z,180.0,False,26451,555.0,20.0
5856,UC2uID-rcbLMi3RxZmZtwSZg,늪지대에서 생긴 일,E-pFeOI09OY,'전' 멤버의 충격적인 발언,2026-03-19T08:00:00Z,182.0,False,56975,820.0,29.0
5856,UC2uID-rcbLMi3RxZmZtwSZg,늪지대에서 생긴 일,U7vd5vp1lCM,핑맨도 여성을 멀리할 때가 있었다.,2026-03-22T08:00:00Z,179.0,False,16279,330.0,8.0
5856,UC2uID-rcbLMi3RxZmZtwSZg,늪지대에서 생긴 일,F9G_npznHaA,도태,2026-03-25T08:00:00Z,172.0,False,9585,260.0,8.0
5856,UC2uID-rcbLMi3RxZmZtwSZg,늪지대에서 생긴 일,m40Uu16VIes,돈 많은 누나가 좋은 개리,2026-03-28T08:00:00Z,197.0,False,11327,231.0,6.0
5856,UC2uID-rcbLMi3RxZmZtwSZg,늪지대에서 생긴 일,eesBN702ehg,너 때문에 세상이 어두워졌어,2026-03-31T08:00:00Z,188.0,False,6540,168.0,4.0
5856,UC2uID-rcbLMi3RxZmZtwSZg,늪지대에서 생긴 일,ukkntOw5ZmU,늪평 하락의 원인'들',2026-04-03T08:00:00Z,181.0,False,12474,281.0,13.0
5856,UC2uID-rcbLMi3RxZmZtwSZg,늪지대에서 생긴 일,Yft4utRvKqI,악어의 조언은 아직 끝나지 않았다.,2026-04-05T08:00:00Z,181.0,False,5792,155.0,3.0
5856,UC2uID-rcbLMi3RxZmZtwSZg,늪지대에서 생긴 일,Y-dDUUbnPJU,개리가 가장 죄책감을 느낀 사람,2026-04-08T08:00:00Z,183.0,False,22336,385.0,29.0
5856,UC2uID-rcbLMi3RxZmZtwSZg,늪지대에서 생긴 일,6BRaPOao290,어서 잘라!,2026-04-14T08:00:00Z,181.0,False,9706,200.0,10.0
5856,UC2uID-rcbLMi3RxZmZtwSZg,늪지대에서 생긴 일,yHlsV80POE0,옵치 9시간 하면 피곤하다는 남자들,2026-04-18T08:00:00Z,174.0,False,7444,172.0,5.0
5856,UC2uID-rcbLMi3RxZmZtwSZg,늪지대에서 생긴 일,29Qqlun2LQk,겐지를 하고 싶다고 말한 것뿐인데..,2026-04-21T08:00:00Z,189.0,False,8289,189.0,9.0
5856,UC2uID-rcbLMi3RxZmZtwSZg,늪지대에서 생긴 일,jemhC0SKymY,그들만의 리그는 아직 끝나지 않았다.,2026-04-24T08:00:00Z,184.0,False,7903,172.0,9.0
5856,UC2uID-rcbLMi3RxZmZtwSZg,늪지대에서 생긴 일,hgCpQJ5_PJw,??? : 00은 상대가 안 된다,2026-04-27T08:00:00Z,178.0,False,12481,266.0,17.0
5856,UC2uID-rcbLMi3RxZmZtwSZg,늪지대에서 생긴 일,0IR1W7_pOIk,늪지대 카푸어,2026-04-30T08:00:00Z,174.0,False,7861,184.0,5.0
5856,UC2uID-rcbLMi3RxZmZtwSZg,늪지대에서 생긴 일,Wtz87qAgBPc,이 정도면 줄만 하잖아~,2026-05-02T08:00:00Z,178.0,False,7230,217.0,10.0
5856,UC2uID-rcbLMi3RxZmZtwSZg,늪지대에서 생긴 일,mjHI7srLHMk,둘 사이에 어떤 비밀이..?,2026-05-04T08:00:00Z,173.0,False,14557,286.0,8.0
5856,UC2uID-rcbLMi3RxZmZtwSZg,늪지대에서 생긴 일,nj_jGSee3iM,동물 X음 소리 수집가,2026-05-05T08:00:00Z,172.0,False,4578,161.0,6.0
5856,UC2uID-rcbLMi3RxZmZtwSZg,늪지대에서 생긴 일,b_K8TWhKDHI,여자친구 = ???,2026-05-06T08:00:00Z,178.0,False,7753,181.0,7.0
5856,UC2uID-rcbLMi3RxZmZtwSZg,늪지대에서 생긴 일,g9QEuqVM76M,이건 또 무슨 초식이죠?,2026-05-09T08:00:02Z,183.0,False,6532,172.0,9.0
5856,UC2uID-rcbLMi3RxZmZtwSZg,늪지대에서 생긴 일,wI_54OJNoYM,늪지대 컴퍼니2가 빨리 나올 수 있던 이유,2026-05-10T08:00:29Z,183.0,False,36421,662.0,39.0
5856,UC2uID-rcbLMi3RxZmZtwSZg,늪지대에서 생긴 일,RCM1AKvezFg,전과자가 있었다..?,2026-05-15T08:00:24Z,171.0,False,5005,133.0,11.0
5857,UCksyDD1Gv6wmpyXJezZkVXw,팩맨TV,I_zM3-DflvU,여러분도 보세요. 이게 구속당할 일입니까?,2025-01-22T05:32:11Z,333.0,False,35402,5783.0,581.0
5857,UCksyDD1Gv6wmpyXJezZkVXw,팩맨TV,4ZpOlC2xqis,대통령이 이렇게 잘싸울지 이재명이라고 알았겠습니까?ㅋ,2025-01-22T12:39:50Z,520.0,False,144025,21784.0,1263.0
5857,UCksyDD1Gv6wmpyXJezZkVXw,팩맨TV,3C6dnX6H_5U,헌재 판결 4대4는 아주 심각합니다,2025-01-23T09:44:27Z,485.0,False,101834,12617.0,857.0
5857,UCksyDD1Gv6wmpyXJezZkVXw,팩맨TV,sRM_leWeenE,우파 전사들이 또 발견했습니다. 이런게 헌재 소장이라고 참 나..,2025-01-26T09:41:25Z,579.0,False,258797,27252.0,2833.0
5857,UCksyDD1Gv6wmpyXJezZkVXw,팩맨TV,EALzmz8fldY,헌재의 새이름: 더불어 공산당 인민 재판소,2025-01-28T13:27:12Z,616.0,False,104643,16014.0,1398.0
5857,UCksyDD1Gv6wmpyXJezZkVXw,팩맨TV,f6j5-LZjjDI,"""헌재를 믿느니 이재명을 믿겠다""",2025-01-30T10:19:36Z,500.0,False,120580,18178.0,918.0
5857,UCksyDD1Gv6wmpyXJezZkVXw,팩맨TV,9sqIk2655e8,멘탈 쫙쫙 찢어지는 헌재 3인방 ㅋ,2025-02-01T13:19:16Z,530.0,False,125951,20261.0,1247.0
5857,UCksyDD1Gv6wmpyXJezZkVXw,팩맨TV,E-s-Eobw25A,"마은혁 급브레이크 ""눈치볼 때 더 패라""",2025-02-03T12:15:38Z,485.0,False,160667,24039.0,1756.0
5857,UCksyDD1Gv6wmpyXJezZkVXw,팩맨TV,msvdbDgzyKk,헌재에서 밝혀진 개수작의 진실,2025-02-05T13:38:25Z,607.0,False,123775,17608.0,1014.0
5857,UCksyDD1Gv6wmpyXJezZkVXw,팩맨TV,pW2atkDePCw,"게임체인져 곽종근 ""탄핵판 갈아엎었다""",2025-02-06T14:05:44Z,738.0,False,159455,19588.0,1436.0
5857,UCksyDD1Gv6wmpyXJezZkVXw,팩맨TV,mBZDXGq9XsE,강기정 니가 뭔데 집회를 하라마라야? 민주화의 성지는 개뿔,2025-02-10T08:10:19Z,499.0,False,258247,30013.0,2574.0
5857,UCksyDD1Gv6wmpyXJezZkVXw,팩맨TV,KO9ydc2ffbE,쓰레기같은 증거로 대통령을 처넣겠다고?,2025-02-11T07:56:04Z,584.0,False,102958,13657.0,808.0
5857,UCksyDD1Gv6wmpyXJezZkVXw,팩맨TV,K6DDxyfluMA,"좌파의 심장을 찢었다 ""광주여 깨어나라""",2025-02-15T15:55:26Z,538.0,False,104227,18920.0,1110.0
5857,UCksyDD1Gv6wmpyXJezZkVXw,팩맨TV,gLeK_2rjfUA,한동훈 복귀 예고 ㅂㄷㅂㄷ,2025-02-16T14:13:55Z,553.0,False,94698,17043.0,2632.0
5857,UCksyDD1Gv6wmpyXJezZkVXw,팩맨TV,16Pa9RRLNac,고갱님 당황하셨쎄여?,2025-02-17T14:28:41Z,555.0,False,104497,19102.0,1458.0
5857,UCksyDD1Gv6wmpyXJezZkVXw,팩맨TV,msGhttsBbsU,도저히 두고 볼 수 없는 헌재 꼬라지,2025-02-18T14:07:44Z,451.0,False,63249,12287.0,660.0
5857,UCksyDD1Gv6wmpyXJezZkVXw,팩맨TV,GeENxN9JTpE,내란처장 오동운 즉시 체포!,2025-02-21T14:12:35Z,484.0,False,110731,20544.0,1140.0
5857,UCksyDD1Gv6wmpyXJezZkVXw,팩맨TV,RHxdoaP7A98,"홍장원 메모와 곽종근 증언 ""박선원이 그렸다""",2025-02-22T23:59:56Z,532.0,False,83621,14726.0,663.0
5857,UCksyDD1Gv6wmpyXJezZkVXw,팩맨TV,d-WSND4WCNk,대통령 '직감'이 맞았다. 탄핵은 공작됐다,2025-02-24T14:22:32Z,489.0,False,57616,10244.0,392.0
5857,UCksyDD1Gv6wmpyXJezZkVXw,팩맨TV,WQTTKilsCzw,오늘 헌재 판결을 보니 대통령의 미래가 보인다,2025-02-27T14:21:31Z,506.0,False,194171,18987.0,1132.0
5857,UCksyDD1Gv6wmpyXJezZkVXw,팩맨TV,cppACuN7jvY,"""너도 한번 당해봐 이 XX야""",2025-02-28T14:05:40Z,487.0,False,102192,15214.0,856.0
5857,UCksyDD1Gv6wmpyXJezZkVXw,팩맨TV,NcRhZBNKUlk,"국힘 지도부 대구 방문 뒷얘기 ""한동훈을 곁에 두면 큰일납니다""",2025-03-03T11:51:10Z,519.0,False,181994,21267.0,1853.0
5857,UCksyDD1Gv6wmpyXJezZkVXw,팩맨TV,BhMTiyX5TgU,엔비디아가 니꺼냐?,2025-03-04T13:52:13Z,500.0,False,65567,11394.0,579.0
5857,UCksyDD1Gv6wmpyXJezZkVXw,팩맨TV,01lV5K-nuOA,"""내란죄로 엮이기 싫으면 써주는 대로 읽어라""",2025-03-05T16:52:05Z,501.0,False,79601,13854.0,683.0
5857,UCksyDD1Gv6wmpyXJezZkVXw,팩맨TV,-hskNpIJCH8,"대통령 석방의 1등 공신 ""재명아 고맙다 ㅠㅠ""",2025-03-10T13:35:05Z,464.0,False,89599,12878.0,372.0
5857,UCksyDD1Gv6wmpyXJezZkVXw,팩맨TV,zze5oyhPurk,천대엽 진짜 기가 막힙니다,2025-03-13T13:27:09Z,483.0,False,80787,12667.0,647.0
5857,UCksyDD1Gv6wmpyXJezZkVXw,팩맨TV,Bl83DUrXybI,"대통령 나오니까 제일 당황한 XX ""이재명보다 더 싫다""",2025-03-16T13:33:58Z,584.0,False,98206,15706.0,1145.0
5857,UCksyDD1Gv6wmpyXJezZkVXw,팩맨TV,hfbNM3y5g7c,"민주당 초비상 ""이러다 다 죽어!!"" ㅋㅋ",2025-03-17T13:48:39Z,588.0,False,100839,14749.0,422.0
5857,UCksyDD1Gv6wmpyXJezZkVXw,팩맨TV,-8pVuq1ZWeo,"정신나간 아수라 ""이재명은 합니다"" ㅋ",2025-03-19T13:27:56Z,526.0,False,81805,11650.0,645.0
5857,UCksyDD1Gv6wmpyXJezZkVXw,팩맨TV,O0QsANKMKzo,대통령 복귀 즉시 박근혜 탄핵 '역사 바로 세우기' 추진!!,2025-03-23T13:36:06Z,574.0,False,56750,9763.0,760.0
5857,UCksyDD1Gv6wmpyXJezZkVXw,팩맨TV,QQac8BdSKVU,망할 X이 어디서 정치질이야? 니가 그러고도 판사야?,2025-03-24T16:02:01Z,487.0,False,83470,12108.0,485.0
5857,UCksyDD1Gv6wmpyXJezZkVXw,팩맨TV,-_RIrAyebI0,라고 썸네일에 박았는데 이재명 선거법 2심 무죄.. 개XX,2025-03-25T15:06:57Z,508.0,False,68253,10821.0,431.0
5857,UCksyDD1Gv6wmpyXJezZkVXw,팩맨TV,7RAmXJts2Ew,윤을 살리고 싶으면 당장 윤어게인을 멈춰라,2025-04-20T13:47:26Z,604.0,False,27183,3486.0,770.0
5857,UCksyDD1Gv6wmpyXJezZkVXw,팩맨TV,S9_pKc9IxLQ,"실력, 카리스마, 목소리 등 모든 면을 비교 분석했습니다",2025-04-21T13:28:16Z,737.0,False,45706,5254.0,1070.0
5857,UCksyDD1Gv6wmpyXJezZkVXw,팩맨TV,9BWHVeU8nZw,뭉치면 살고 흩어지면 뒤진다,2025-04-22T13:51:23Z,554.0,False,24973,2946.0,369.0
5857,UCksyDD1Gv6wmpyXJezZkVXw,팩맨TV,b0UJP6sveJY,대환장파티,2025-05-05T14:04:21Z,533.0,False,32794,3688.0,1133.0
5857,UCksyDD1Gv6wmpyXJezZkVXw,팩맨TV,Uj4NNoV0CZ4,갖지도 못 할 절대반지가 그리도 탐나더냐,2025-05-06T13:38:21Z,517.0,False,28454,2010.0,940.0
5857,UCksyDD1Gv6wmpyXJezZkVXw,팩맨TV,wzx-SF9zzPU,윤통 힘들어 합니다. 뇌피셜로 싸지르지 마세요,2025-05-08T13:05:48Z,644.0,False,36521,2914.0,1505.0
5857,UCksyDD1Gv6wmpyXJezZkVXw,팩맨TV,ULnoUnLlUsM,아 미치겠넼ㅋㅋㅋㅋㅋㅋㅋㅋㅋㅋ,2025-05-09T07:09:47Z,14.0,True,51984,1049.0,96.0
5857,UCksyDD1Gv6wmpyXJezZkVXw,팩맨TV,xqGJUEWqlik,국민의힘 최후의 결단 내렸다,2025-05-09T13:38:53Z,418.0,False,28442,2215.0,1622.0
5857,UCksyDD1Gv6wmpyXJezZkVXw,팩맨TV,Dg62zSqulJo,"니들은 아주 싸그리 망해야 돼 ""이 개XX들아""",2025-05-10T13:41:55Z,558.0,False,37230,2891.0,1299.0
5857,UCksyDD1Gv6wmpyXJezZkVXw,팩맨TV,WsyV_pRTQVE,그동안 저에게 상처받았을 여러분들께도 미안합니다,2025-05-14T14:43:34Z,580.0,False,53584,6236.0,1588.0
5857,UCksyDD1Gv6wmpyXJezZkVXw,팩맨TV,mVxkH77geN8,범죄자가 대통령이 되는 멋진 나라!,2025-05-15T14:03:20Z,671.0,False,47750,4270.0,768.0
5857,UCksyDD1Gv6wmpyXJezZkVXw,팩맨TV,DvXajRtiDxQ,진짜 환장합니다,2025-05-17T13:37:32Z,595.0,False,26244,2642.0,424.0
5857,UCksyDD1Gv6wmpyXJezZkVXw,팩맨TV,TpxxRL_isgA,실제로 요즘 민주당 이름대고 노쇼를 그렇게 한답니다. 아 진짴ㅋㅋㅋㅋㅋ,2025-05-19T14:25:16Z,569.0,False,104117,9544.0,871.0
5857,UCksyDD1Gv6wmpyXJezZkVXw,팩맨TV,EEEV-rP0zqo,드디어 시작된 지지율 하락세. 이제 시작이다,2025-05-22T05:13:27Z,551.0,False,43959,5686.0,297.0
5857,UCksyDD1Gv6wmpyXJezZkVXw,팩맨TV,OT39ESZmuj8,시흥 '웨이브 파크'는 100% 민주당 작품 ㅋㅋ,2025-05-25T13:00:56Z,509.0,False,53349,7388.0,580.0
5857,UCksyDD1Gv6wmpyXJezZkVXw,팩맨TV,kgedMBBkwKM,형수한테 패드립치는 유시민 犬 인성 수준,2025-05-30T13:43:13Z,514.0,False,86632,8477.0,1162.0
5857,UCksyDD1Gv6wmpyXJezZkVXw,팩맨TV,U5kFxx17eWw,간첩 딱 걸린 현장,2026-05-14T11:09:33Z,46.0,True,8156,482.0,106.0
5857,UCksyDD1Gv6wmpyXJezZkVXw,팩맨TV,Iiffeu4Q3UA,코스피 걱정되면 드루와,2026-05-15T13:57:05Z,,False,0,0.0,0.0
5858,UCYVZ6zFmvUmeBmmFD7CJRqQ,금아[KeumTube],4hIbxVfozVw,2000만원대 '가성비 끝판대장!' l 계속 타야 진가가 발휘됨 ㅋㅋ,2025-12-25T12:30:05Z,1308.0,False,133262,1537.0,347.0
5858,UCYVZ6zFmvUmeBmmFD7CJRqQ,금아[KeumTube],TXNJp6qnIcY,"폭설, 눈길..피할수 없으면 즐겨라!! #shorts",2025-12-26T02:55:00Z,99.0,False,108742,485.0,50.0
5858,UCYVZ6zFmvUmeBmmFD7CJRqQ,금아[KeumTube],RpcQBejKtsc,맨날 촌구석에서 차리뷰 하다가..'운전실력 뽀록~다났습니다.' l 차 운전이 이래 무섭네예~ㅠ,2026-01-01T13:17:21Z,2609.0,False,106100,1780.0,236.0
5858,UCYVZ6zFmvUmeBmmFD7CJRqQ,금아[KeumTube],0q6PeDQDsPE,"빗길,빙판길 운전 이거모르면 망함#shorts",2026-01-02T03:25:03Z,74.0,False,30583,220.0,26.0
5858,UCYVZ6zFmvUmeBmmFD7CJRqQ,금아[KeumTube],8oSwB9XrDI0,"벤츠 서비스에서는 ""스캐너상 정상이니 빨리 차찾아가라~"" 합니다.",2026-01-04T12:33:41Z,1774.0,False,196471,2144.0,618.0
5858,UCYVZ6zFmvUmeBmmFD7CJRqQ,금아[KeumTube],Zm0A4JxbiCI,실차와 가장비슷한 물리.(아이레이싱),2026-01-05T11:59:47Z,175.0,False,27741,109.0,18.0
5858,UCYVZ6zFmvUmeBmmFD7CJRqQ,금아[KeumTube],efjnZ22Rzt4,"벤츠, 비엠, 현대 말고 ""이차 매물 있으면 꿀쭈~보세요""",2026-01-06T12:46:21Z,1440.0,False,130054,1427.0,252.0
5858,UCYVZ6zFmvUmeBmmFD7CJRqQ,금아[KeumTube],JYUBT51cvFQ,"""1억2천짜리 6천만원 반값에 주워왔습니다""",2026-01-11T12:42:40Z,1624.0,False,189873,1727.0,266.0
5858,UCYVZ6zFmvUmeBmmFD7CJRqQ,금아[KeumTube],o4M_rYy_RsE,말도안되는 ㅁㅊ운전법ㅋㅋ #shorts,2026-01-13T05:46:56Z,56.0,True,34565,233.0,37.0
5858,UCYVZ6zFmvUmeBmmFD7CJRqQ,금아[KeumTube],E0Z0nlmNCZ8,배기음에 꽂혀서 '노빠꾸로 M5 구매한 여성오너' ㅋㅋ l 와~ㄷㄷ 이거지!!,2026-01-15T12:36:39Z,1625.0,False,281950,3075.0,653.0
5858,UCYVZ6zFmvUmeBmmFD7CJRqQ,금아[KeumTube],bpjF-ZJNBUQ,신차출고후 3천km탔는데 이소리 뭔소리입니까?! 진짜!! l 싼타페 첫 엔진오일 교체(브이로그),2026-01-21T12:30:52Z,1362.0,False,104794,1386.0,304.0
5858,UCYVZ6zFmvUmeBmmFD7CJRqQ,금아[KeumTube],K3S2o58oANQ,"""경차만 타다가 BMW 질러뿟습니다""",2026-01-22T12:21:39Z,1025.0,False,88877,1104.0,276.0
5858,UCYVZ6zFmvUmeBmmFD7CJRqQ,금아[KeumTube],jvxU5Yg9VEQ,테슬라만 찾지말고..'고성능 가성비 이차도 한번보이소~',2026-01-27T12:27:31Z,1590.0,False,90376,1174.0,198.0
5858,UCYVZ6zFmvUmeBmmFD7CJRqQ,금아[KeumTube],wSRXvZPwUBE,사람들이 FSD까지 재끼고 왜~ '이차를 구매하는지 알겠습니다.',2026-01-29T12:54:17Z,1560.0,False,111130,1276.0,213.0
5858,UCYVZ6zFmvUmeBmmFD7CJRqQ,금아[KeumTube],90Cb4wKzmZI,현대차가 '이차한테 밀릴 수 밖에 없었던 이유',2026-02-04T12:30:12Z,1715.0,False,80480,1286.0,232.0
5858,UCYVZ6zFmvUmeBmmFD7CJRqQ,금아[KeumTube],AUauiz2mL-k,"중고 벤츠, 비엠 안사고 ""저는 이차 진짜 좋아서 샀습니다""",2026-02-08T12:20:31Z,1547.0,False,103757,1225.0,335.0
5858,UCYVZ6zFmvUmeBmmFD7CJRqQ,금아[KeumTube],wQfndaDQNFk,"희귀모델....""이차 보이면 바로 지르세요!!""",2026-02-15T12:26:13Z,1355.0,False,116167,1358.0,193.0
5858,UCYVZ6zFmvUmeBmmFD7CJRqQ,금아[KeumTube],oJNGFsevetM,"운전석, 조수석 양쪽으로 마~ 기가찬다#shorts",2026-02-18T02:42:47Z,104.0,False,46601,462.0,60.0
5858,UCYVZ6zFmvUmeBmmFD7CJRqQ,금아[KeumTube],9nLS2oNVn7g,"유튜브나 주위에서 하도 까서...""기변병 제대로 왔습니다.""",2026-02-22T12:14:28Z,1607.0,False,176763,1644.0,313.0
5858,UCYVZ6zFmvUmeBmmFD7CJRqQ,금아[KeumTube],b3XGrReAHKk,당장 전국 고속도로 싹~다! 바꿔야됩니다.#shorts,2026-02-23T09:54:03Z,116.0,False,46519,733.0,52.0
5858,UCYVZ6zFmvUmeBmmFD7CJRqQ,금아[KeumTube],Et13gWXgWF4,"금아 소통 라이브 (사칭 및, 자동차 고민 Q&A)",2026-02-27T17:34:38Z,15546.0,False,24671,487.0,6.0
5858,UCYVZ6zFmvUmeBmmFD7CJRqQ,금아[KeumTube],aVM19PFj8cg,"""공식인증 수입딜러사 믿고샀는데..사기급 당했습니다""  돌아버릴 것 같습니다!ㅠㅠ",2026-03-01T12:47:24Z,2218.0,False,245225,2867.0,981.0
5858,UCYVZ6zFmvUmeBmmFD7CJRqQ,금아[KeumTube],qvcOra1XV8U,"""한번타보고 쉐슬람 탈출 해뿟습니다""ㅋㅋㅋ l 가성비 수입차!",2026-03-08T12:40:14Z,1550.0,False,313163,2657.0,412.0
5858,UCYVZ6zFmvUmeBmmFD7CJRqQ,금아[KeumTube],4NP9H3Wvlj4,"사건반장, 포드랩터, 금튜브 소통 라이브",2026-03-09T15:51:48Z,7378.0,False,17337,355.0,7.0
5858,UCYVZ6zFmvUmeBmmFD7CJRqQ,금아[KeumTube],vnufdK8W_oA,'신차가 6~7천만원짜리 차를 중고로 1천만원대에 사옴'ㅋㅋㅋ 대박!!,2026-03-13T12:35:45Z,1668.0,False,155113,1602.0,185.0
5858,UCYVZ6zFmvUmeBmmFD7CJRqQ,금아[KeumTube],w8CuFbtCOTA,한국 운전자분들은 10%도 하지않고 있습니다.,2026-03-15T05:36:36Z,56.0,True,26795,194.0,17.0
5858,UCYVZ6zFmvUmeBmmFD7CJRqQ,금아[KeumTube],BghTeey8eOc,"""포르쉐대신 이차 한번타보고 바로 질렀습니다."" l 주변사람들은 이걸 왜샤냐고함ㅋㅋ",2026-03-17T12:37:08Z,1612.0,False,137871,1275.0,275.0
5858,UCYVZ6zFmvUmeBmmFD7CJRqQ,금아[KeumTube],0Tq2sNZgWjo,차 타기전 가장 기분 더러울때!!,2026-03-20T07:03:33Z,33.0,True,136154,838.0,351.0
5858,UCYVZ6zFmvUmeBmmFD7CJRqQ,금아[KeumTube],tTfz_3qA4ZY,인생 첫차로 '6200CC 8기통' 사온 노빠꾸ㅋㅋ l 고유가시대를 제대로즐김,2026-03-22T12:20:51Z,1485.0,False,162143,1514.0,331.0
5858,UCYVZ6zFmvUmeBmmFD7CJRqQ,금아[KeumTube],x27Y-45HWaw,찐빼이~경상도 사투리 들의 만남,2026-03-23T13:30:53Z,39.0,True,95761,744.0,56.0
5858,UCYVZ6zFmvUmeBmmFD7CJRqQ,금아[KeumTube],EmzCXwZ-ft4,옵션은 깡통인데..'타본 사람들은 환장합니다' 진짜 ㅋㅋ,2026-03-25T12:48:17Z,1916.0,False,132915,1725.0,373.0
5858,UCYVZ6zFmvUmeBmmFD7CJRqQ,금아[KeumTube],qRQEtyZ7yW4,침 테러맞고 결국 세차장 옴ㅋ,2026-03-28T01:44:45Z,74.0,False,57360,464.0,118.0
5858,UCYVZ6zFmvUmeBmmFD7CJRqQ,금아[KeumTube],624AapH1Jvc,한국에서 인지도 없는 르노가 '사고친 차량' ㅋㅋㅋ,2026-03-29T12:24:53Z,1571.0,False,121106,1261.0,135.0
5858,UCYVZ6zFmvUmeBmmFD7CJRqQ,금아[KeumTube],FkSUf_2l0jQ,"우주명차 살라다가..""이차 한번 타보고 바로 질렀습니다."" l 드디어 올것이 옴ㅋ",2026-03-31T12:41:31Z,1487.0,False,209427,2203.0,554.0
5858,UCYVZ6zFmvUmeBmmFD7CJRqQ,금아[KeumTube],k7CR3kjKQPM,과소평가 1위 차량ㅋㅋㅋ '이차 중고매물 있으면 빨리 쭈~담으세요!!',2026-04-05T12:41:08Z,1698.0,False,134677,1420.0,234.0
5858,UCYVZ6zFmvUmeBmmFD7CJRqQ,금아[KeumTube],GkNZywBi4Ac,검정SUV 손세차는 영~빡시네예,2026-04-09T03:07:05Z,131.0,False,83669,400.0,93.0
5858,UCYVZ6zFmvUmeBmmFD7CJRqQ,금아[KeumTube],_w5zem8FZjA,현실가능한 최고의 펀카!! 매물 보이면 질러뿌이소~,2026-04-10T12:33:24Z,1543.0,False,86238,1020.0,122.0
5858,UCYVZ6zFmvUmeBmmFD7CJRqQ,금아[KeumTube],bdrTzzfmHw8,현기보다 이차를 사야 되는 이유.,2026-04-12T12:31:44Z,1282.0,False,51099,831.0,160.0
5858,UCYVZ6zFmvUmeBmmFD7CJRqQ,금아[KeumTube],pwHBbubw418,진짜 ㅈ된거 같습니다.,2026-04-15T02:59:14Z,97.0,False,50382,425.0,184.0
5858,UCYVZ6zFmvUmeBmmFD7CJRqQ,금아[KeumTube],xN-khIMvZBc,"테슬라 한번타보고..""그냥 이차로 질렀습니다.""",2026-04-19T12:29:34Z,1607.0,False,151628,2277.0,723.0
5858,UCYVZ6zFmvUmeBmmFD7CJRqQ,금아[KeumTube],URUTJx-Adz0,감가방어 이게 맞나 싶네예ㄷㄷ '전기차만 사지말고 이차도 사세요!!',2026-04-22T12:45:44Z,1794.0,False,173229,1561.0,246.0
5858,UCYVZ6zFmvUmeBmmFD7CJRqQ,금아[KeumTube],PhGO8K6pbIY,와 C~ 개쪽팔리네예 ㅋㅋ,2026-04-23T08:05:54Z,139.0,False,41796,548.0,93.0
5858,UCYVZ6zFmvUmeBmmFD7CJRqQ,금아[KeumTube],CWP843tGkro,와~이거ㅠ 나도 전혀 모르고 타고댕깃네예!!,2026-04-24T07:56:01Z,93.0,False,75003,634.0,149.0
5858,UCYVZ6zFmvUmeBmmFD7CJRqQ,금아[KeumTube],EB6z6iCGsEY,그동안 본캐 말씀 드리지 못해 죄송합니다.,2026-04-26T12:00:06Z,705.0,False,329016,11336.0,1498.0
5858,UCYVZ6zFmvUmeBmmFD7CJRqQ,금아[KeumTube],oCvpeLtBUsU,"와우~포스ㄷㄷ ""실물보고 반해서 바로 질러뿟습니다"" ㅎㅎㅎ",2026-04-29T13:08:17Z,1950.0,False,173117,1733.0,236.0
5858,UCYVZ6zFmvUmeBmmFD7CJRqQ,금아[KeumTube],JIPAuyUNCpw,현대가 신경써서 만들었는데..'안팔리고 판매량 망한 이유!',2026-05-03T12:46:17Z,1691.0,False,189022,2305.0,882.0
5858,UCYVZ6zFmvUmeBmmFD7CJRqQ,금아[KeumTube],DdoN1CnDhyQ,"벤츠,비엠 보다 인지도 없지만..""노빠꾸로 10년 탔습니다.""",2026-05-07T12:45:02Z,1586.0,False,99480,1371.0,222.0
5858,UCYVZ6zFmvUmeBmmFD7CJRqQ,금아[KeumTube],wfBa2kwCI-0,"이건 개~꿀매물이다 싶어..""바로 대구로 날라가서 질러뿟습니다""",2026-05-10T12:40:05Z,1468.0,False,244939,2091.0,323.0
5858,UCYVZ6zFmvUmeBmmFD7CJRqQ,금아[KeumTube],wyfniErqO8U,"""한국인들이 가장 선호하는 출력대에서 최곤거 같아예"" ㅋㅋ (feat.F1드라이버)",2026-05-13T12:45:29Z,1253.0,False,47079,808.0,117.0
5858,UCYVZ6zFmvUmeBmmFD7CJRqQ,금아[KeumTube],qRCGfO0GxCE,경상도 촌 아재가 외국가서 핸들잡으면 생기는일,2026-05-14T08:00:53Z,95.0,False,41229,590.0,57.0
5859,UCIoKLG1bmpB_NxwJJ4ZjSDg,미연zip MIYEON ,w1NR9qfk9A8,그렇게 300만 뷰 돌파🙊,2025-08-20T07:30:33Z,30.0,True,35171,1183.0,19.0
5859,UCIoKLG1bmpB_NxwJJ4ZjSDg,미연zip MIYEON ,FKu_oDMAvt0,라떼는 도토리 선물이 킹왕짱이었는데…☆★,2025-08-20T08:00:14Z,32.0,True,22969,1081.0,16.0
5859,UCIoKLG1bmpB_NxwJJ4ZjSDg,미연zip MIYEON ,0tzcBa2GhxI,토크하다가 급버럭하는 아이돌 ㅋㅋㅋ,2025-08-20T09:00:02Z,47.0,True,47409,1819.0,30.0
5859,UCIoKLG1bmpB_NxwJJ4ZjSDg,미연zip MIYEON ,AgbSOl8XvF4,진아 : 안돼안돼안돼안돼안돼안돼안돼안돼🙅‍♀️,2025-08-20T10:00:17Z,37.0,True,47951,2777.0,60.0
5859,UCIoKLG1bmpB_NxwJJ4ZjSDg,미연zip MIYEON ,05pZPuQAKHs,"노래방 플러팅, 여러분의 생각은?🎤",2025-08-20T11:30:00Z,25.0,True,37681,1084.0,15.0
5859,UCIoKLG1bmpB_NxwJJ4ZjSDg,미연zip MIYEON ,DHtRevqt9ds,달달통 오는 권진아 신곡🥂 #whitewine,2025-08-21T01:00:11Z,45.0,True,18056,867.0,16.0
5859,UCIoKLG1bmpB_NxwJJ4ZjSDg,미연zip MIYEON ,wVflhRuYlao,면진아 꿀보컬 조합 알고리즘에 나타나기로 마음먹음,2025-08-21T03:00:57Z,46.0,True,41833,2011.0,30.0
5859,UCIoKLG1bmpB_NxwJJ4ZjSDg,미연zip MIYEON ,MIwUfnPWxr4,가슴 절절해지는 미연의 커버🥺,2025-08-21T09:00:34Z,51.0,True,57245,3182.0,69.0
5859,UCIoKLG1bmpB_NxwJJ4ZjSDg,미연zip MIYEON ,7dkl-uKbfvs,[뮤트로.zip] 미연X권진아 - 좋을텐데🎧ㅣIt Would Be Good,2025-08-21T09:30:04Z,244.0,False,278365,4020.0,168.0
5859,UCIoKLG1bmpB_NxwJJ4ZjSDg,미연zip MIYEON ,jFg1qF_nJCM,🔺풀버전은 더 좋음 주의🔺달달함 한도초과,2025-08-21T11:01:10Z,27.0,True,26706,1124.0,17.0
5859,UCIoKLG1bmpB_NxwJJ4ZjSDg,미연zip MIYEON ,Bq9MDmeQQgs,아이브 언니들 없이 이서 혼자서 부르는 XOXZ💕 미연의 고음 폭발 ‘I AM'까지 | 미연이의 뮤트로 EP.5,2025-08-26T09:30:05Z,1477.0,False,253659,15713.0,800.0
5859,UCIoKLG1bmpB_NxwJJ4ZjSDg,미연zip MIYEON ,lTJkCOxgCzg,애교 부리는 바선생 어때?,2025-08-27T07:30:23Z,37.0,True,19017,1108.0,23.0
5859,UCIoKLG1bmpB_NxwJJ4ZjSDg,미연zip MIYEON ,Mj2xOGOae74,저 그말 진짜 좋아해요💕,2025-08-27T09:00:29Z,13.0,True,34426,1310.0,22.0
5859,UCIoKLG1bmpB_NxwJJ4ZjSDg,미연zip MIYEON ,yFWj4m4qPGA,ㅇi서 ㄴj무 귀oㅕㅇ..😍,2025-08-27T10:01:37Z,36.0,True,17704,1271.0,17.0
5859,UCIoKLG1bmpB_NxwJJ4ZjSDg,미연zip MIYEON ,3338Dus-zok,유진언니 긴장하세요😚,2025-08-27T11:00:06Z,29.0,True,24760,1476.0,21.0
5859,UCIoKLG1bmpB_NxwJJ4ZjSDg,미연zip MIYEON ,ozRz559ox1k,안 무서우니깐 불키고 자야겠다,2025-08-27T12:01:24Z,29.0,True,27513,1184.0,23.0
5859,UCIoKLG1bmpB_NxwJJ4ZjSDg,미연zip MIYEON ,if5DMz_ktuQ,앵콜 무대 찢은 비결 공개,2025-08-27T12:30:56Z,34.0,True,22488,1084.0,10.0
5859,UCIoKLG1bmpB_NxwJJ4ZjSDg,미연zip MIYEON ,wcZx2g5N7cE,[뮤트로.zip] 미연 - I AM 🎧,2025-08-28T06:00:48Z,125.0,False,739615,30840.0,810.0
5859,UCIoKLG1bmpB_NxwJJ4ZjSDg,미연zip MIYEON ,wX_pNUb8E7M,따스하게 스며드는 이서의 11:11✨,2025-08-28T07:00:55Z,41.0,True,22947,1991.0,19.0
5859,UCIoKLG1bmpB_NxwJJ4ZjSDg,미연zip MIYEON ,ksMst1FLDB8,이서의 매력에 깨어날 수 없을 걸 #xoxz,2025-08-28T09:30:34Z,28.0,True,66328,3067.0,37.0
5859,UCIoKLG1bmpB_NxwJJ4ZjSDg,미연zip MIYEON ,xynmp39SBAc,이 조합.. 풀버전 안 보면 손해‼️,2025-08-28T11:01:48Z,28.0,True,44114,2324.0,28.0
5859,UCIoKLG1bmpB_NxwJJ4ZjSDg,미연zip MIYEON ,yCSQHBCtj1Q,"마카오에서 5끼 챙겨 먹은 미연의 극P 여행기✈️ ㅣ팝마트깡, 디저트 먹방",2025-09-02T09:30:39Z,1576.0,False,189923,7084.0,353.0
5859,UCIoKLG1bmpB_NxwJJ4ZjSDg,미연zip MIYEON ,Lh15na7xJLk,면집사들도 따라 해보세요📸,2025-09-03T09:30:19Z,29.0,True,37863,2209.0,46.0
5859,UCIoKLG1bmpB_NxwJJ4ZjSDg,미연zip MIYEON ,hh3-dPJgtRU,찐으로 신난 미연의 팝마트깡😎,2025-09-03T11:01:16Z,30.0,True,31208,1554.0,26.0
5859,UCIoKLG1bmpB_NxwJJ4ZjSDg,미연zip MIYEON ,ujoTuD7eox4,뭐라도 해야죠..😢,2025-09-04T09:30:26Z,49.0,True,23674,1446.0,26.0
5859,UCIoKLG1bmpB_NxwJJ4ZjSDg,미연zip MIYEON ,LSS-ooMPjVo,팝마트깡 시크릿 뽑은 미연..?,2025-09-04T11:00:38Z,35.0,True,64458,2251.0,30.0
5859,UCIoKLG1bmpB_NxwJJ4ZjSDg,미연zip MIYEON ,1jY6SxMNTqw,"50m 공중에 매달린 식당에서 먹방 찍은 미연🫢ㅣ캐리어 찐템 소개, 디저트 먹방, 파우치 공개",2025-09-09T09:30:02Z,1421.0,False,110412,5425.0,312.0
5859,UCIoKLG1bmpB_NxwJJ4ZjSDg,미연zip MIYEON ,3nmxPGsAuU0,저기서 밥 먹을 수 있다? 없다?🫣,2025-09-10T03:00:06Z,26.0,True,880696,11253.0,147.0
5859,UCIoKLG1bmpB_NxwJJ4ZjSDg,미연zip MIYEON ,jyZX7nrN5g4,눈 열심히 화장했는데!!😎,2025-09-10T09:30:26Z,26.0,True,102628,2740.0,61.0
5859,UCIoKLG1bmpB_NxwJJ4ZjSDg,미연zip MIYEON ,ROlPctRw2FA,준비물 : 미연 얼굴,2025-09-11T03:30:16Z,32.0,True,72896,2021.0,22.0
5859,UCIoKLG1bmpB_NxwJJ4ZjSDg,미연zip MIYEON ,d7gHry6CsQA,퍼스널 컬러 샴페인이네🥂,2025-09-11T09:30:20Z,11.0,True,31302,1356.0,17.0
5859,UCIoKLG1bmpB_NxwJJ4ZjSDg,미연zip MIYEON ,vrzFYuuzSUM,열정 가득 눌러보는 셔터🔥,2025-09-11T11:01:50Z,25.0,True,86011,2252.0,35.0
5859,UCIoKLG1bmpB_NxwJJ4ZjSDg,미연zip MIYEON ,hqpcjwLbUyo,*선공개* 벌써부터 정신없는 뮤트로(pd캠),2025-09-15T13:16:56Z,15.0,True,93879,4461.0,120.0
5859,UCIoKLG1bmpB_NxwJJ4ZjSDg,미연zip MIYEON ,ds-QYCwGmPU,🔥케미 폭발🔥 우리애기 우기가 힙합도 잘 하네요🎤 | 미연이의 뮤트로 EP.6,2025-09-16T09:30:21Z,1781.0,False,255686,14931.0,796.0
5859,UCIoKLG1bmpB_NxwJJ4ZjSDg,미연zip MIYEON ,w8p0qFgNHx0,분금치 지하철 대첩 리벤지 #MO,2025-09-17T09:30:35Z,19.0,True,67165,4604.0,109.0
5859,UCIoKLG1bmpB_NxwJJ4ZjSDg,미연zip MIYEON ,P1JEBYb3ApU,엄마의 손편지는 못 참지😭,2025-09-18T15:00:50Z,44.0,True,10677,858.0,13.0
5859,UCIoKLG1bmpB_NxwJJ4ZjSDg,미연zip MIYEON ,U11oTi8nuYU,이걸 맨날 하라고..?,2025-09-18T15:06:21Z,41.0,True,26650,1590.0,23.0
5859,UCIoKLG1bmpB_NxwJJ4ZjSDg,미연zip MIYEON ,4dMY8J1Dffk,우기야 재밌었어?,2025-09-18T15:08:41Z,32.0,True,28919,1536.0,19.0
5859,UCIoKLG1bmpB_NxwJJ4ZjSDg,미연zip MIYEON ,5QF7iQ3clds,"수익 분배는 철저하게 하는 미연, 우기",2025-09-18T15:10:14Z,27.0,True,36631,1569.0,21.0
5859,UCIoKLG1bmpB_NxwJJ4ZjSDg,미연zip MIYEON ,R9hGAbF1sDY,분금치 육탄전... 연기가 아니라고?!,2025-09-18T15:12:49Z,23.0,True,22035,1288.0,23.0
5859,UCIoKLG1bmpB_NxwJJ4ZjSDg,미연zip MIYEON ,ehSiU8XsWAc,"안무 시작부터 독기 그 잡채,, Super Lady",2025-09-18T15:16:32Z,17.0,True,107102,3239.0,53.0
5859,UCIoKLG1bmpB_NxwJJ4ZjSDg,미연zip MIYEON ,qkwljaSuvfQ,[뮤트로.zip] 미연X우기 - Treasure🎧,2025-09-19T15:35:45Z,181.0,False,352090,10975.0,249.0
5859,UCIoKLG1bmpB_NxwJJ4ZjSDg,미연zip MIYEON ,mCSXaNPsJm8,미연 30분 메들리🎧 눈과 귀가 호강하는 뮤트로 playlist,2025-09-23T09:30:29Z,1772.0,False,103815,5029.0,207.0
5859,UCIoKLG1bmpB_NxwJJ4ZjSDg,미연zip MIYEON ,CyZL2KvNl2E,엠넷의 딸 이즈나&퀸덤 미연🌟서바이벌 비하인드 공개 | 미연이의 뮤트로 EP.7,2025-09-30T09:30:08Z,1831.0,False,260024,13521.0,723.0
5859,UCIoKLG1bmpB_NxwJJ4ZjSDg,미연zip MIYEON ,TT--75sUly8,[뮤트로.zip] 미연 - SIGN🎧,2025-10-02T09:30:17Z,111.0,False,168634,7507.0,186.0
5859,UCIoKLG1bmpB_NxwJJ4ZjSDg,미연zip MIYEON ,Yz4x0EqnKNs,드릴 말씀이 있어요📢,2025-10-07T09:30:31Z,82.0,False,270504,15681.0,766.0
5859,UCIoKLG1bmpB_NxwJJ4ZjSDg,미연zip MIYEON ,7NmX0VDSOoE,"[면log] 미연의 젓가락이 멈추지 않는 탓일까ㅜ.ㅜ💬ㅣ도쿄 일상, 가챠깡, 벤또 먹방🍱",2025-10-28T09:30:02Z,451.0,False,119390,6653.0,320.0
5859,UCIoKLG1bmpB_NxwJJ4ZjSDg,미연zip MIYEON ,SUw6vffvUIo,면집사들~! 미연 Say My Name 많은 사랑 부탁드려요 ♡⁼³₌₃,2025-11-03T10:06:59Z,34.0,True,76670,6968.0,134.0
5859,UCIoKLG1bmpB_NxwJJ4ZjSDg,미연zip MIYEON ,KxE3ZsVpARI,"오랜만에 돌아온 면log👸🏻ㅣ무대 비하인드, 솔로준비",2025-12-23T09:30:11Z,530.0,False,72721,6038.0,345.0
5859,UCIoKLG1bmpB_NxwJJ4ZjSDg,미연zip MIYEON ,v5ew_B-Lf5E,"[면log] 쇼츠 공장 가동한 미연의 촬영 비하인드 대공개❤️‍🔥ㅣ 먹방, 팬사인회 비하인드",2026-01-27T09:30:29Z,682.0,False,81509,6147.0,344.0
5860,UCjS31y3a6VZ5TlQZsut4gWA,JYJ,ByZl18PXDhk,김재중 – 특별했던 서울 콘서트 Behind,2017-06-13T02:44:44Z,189.0,False,9304,258.0,6.0
5860,UCjS31y3a6VZ5TlQZsut4gWA,JYJ,lTP8RYiDMsU,김재중 - [Teaser] 김재중의 '집밥 김선생',2017-06-13T04:34:04Z,35.0,True,1361,67.0,0.0
5860,UCjS31y3a6VZ5TlQZsut4gWA,JYJ,9zdI5hVXE2A,"김재중의 '집밥 김선생' 제 1화, 냉장고를 부탁해!",2017-06-13T04:34:08Z,711.0,False,59306,1312.0,79.0
5860,UCjS31y3a6VZ5TlQZsut4gWA,JYJ,qpR3JlNnyBQ,김재중 - Hello YOKOHAMA! 요코하마 콘서트 메이킹 Film,2017-06-13T04:34:10Z,145.0,False,16834,434.0,9.0
5860,UCjS31y3a6VZ5TlQZsut4gWA,JYJ,PybiP1X0Bak,"김재중의 '집밥 김선생' 제 2화, 미션 양자택일!",2017-06-13T04:34:14Z,688.0,False,35214,694.0,36.0
5860,UCjS31y3a6VZ5TlQZsut4gWA,JYJ,ieADY6jgMBQ,김재중의 '집밥 김선생' 3화 프로먹방러 탄생!,2017-06-13T04:34:18Z,548.0,False,35118,726.0,58.0
5860,UCjS31y3a6VZ5TlQZsut4gWA,JYJ,Q7eQ-5-FpaA,김재중 - 'JJ in SAITAMA' 앵콜 콘서트 비하인드 Film!,2017-06-13T04:35:30Z,174.0,False,15235,,7.0
5860,UCjS31y3a6VZ5TlQZsut4gWA,JYJ,KZoluWGTyZg,[Teaser] 리스펙트한 김재중의 편의점 먹방!,2017-06-13T04:35:35Z,17.0,True,982,58.0,2.0
5860,UCjS31y3a6VZ5TlQZsut4gWA,JYJ,5NVe6R1OPB8,김재중 - 화이트데이 깜짝 선물 도착!,2017-06-13T04:35:44Z,201.0,False,5665,195.0,5.0
5860,UCjS31y3a6VZ5TlQZsut4gWA,JYJ,mtm3FB-vdZI,"김재중 – [Teaser] ‘재중미식회’ in 대만, 야시장 출격!",2017-06-13T05:00:47Z,199.0,False,15149,238.0,18.0
5860,UCjS31y3a6VZ5TlQZsut4gWA,JYJ,5U-NvEqFuLE,"김재중 - 편의점 음식, 어디까지 먹어봤니?",2017-06-13T05:01:44Z,609.0,False,41868,843.0,59.0
5860,UCjS31y3a6VZ5TlQZsut4gWA,JYJ,JNmZg57pN1c,김재중 – 편의점 먹방은 아직 끝나지 않았다!,2017-06-13T05:01:48Z,657.0,False,50888,958.0,85.0
5860,UCjS31y3a6VZ5TlQZsut4gWA,JYJ,DqY78coTmfY,씨제스X얼루어 그린 캠페인 비하인드 Film,2017-06-13T05:02:08Z,63.0,False,3388,113.0,2.0
5860,UCjS31y3a6VZ5TlQZsut4gWA,JYJ,3WyroxoNfW4,김재중 - 'Good morning night' 공연 실황 공개!,2017-06-13T05:02:22Z,332.0,False,35828,1082.0,39.0
5860,UCjS31y3a6VZ5TlQZsut4gWA,JYJ,Dcd7naVffGY,김재중 - 아시아투어 'The REBIRTH of J' 비하인드 Film,2017-06-13T05:02:31Z,210.0,False,31003,750.0,24.0
5860,UCjS31y3a6VZ5TlQZsut4gWA,JYJ,OznqxfTEt3M,김재중 - 2017 ‘로피시엘 옴므’ Fashion Flim,2017-06-13T05:02:44Z,84.0,False,12273,579.0,32.0
5860,UCjS31y3a6VZ5TlQZsut4gWA,JYJ,GQOAdeW01w0,김재중 - 2017 ‘하퍼스 바자’ 재팬 Fashion Flim,2017-06-13T05:02:51Z,75.0,False,6813,304.0,7.0
5860,UCjS31y3a6VZ5TlQZsut4gWA,JYJ,FqrNvnx9cpg,김재중 - 대만 야시장에서 주어진 특급미션! (JJ’s food travel),2017-06-13T05:38:20Z,639.0,False,31214,621.0,26.0
5860,UCjS31y3a6VZ5TlQZsut4gWA,JYJ,7uBE_fmahdQ,김재중 - 대만 야시장 먹거리 종결! 그 음식의 정체는? (JJ's food travel),2017-06-13T05:38:57Z,819.0,False,83279,1563.0,109.0
5860,UCjS31y3a6VZ5TlQZsut4gWA,JYJ,EOwee3IygxI,"김재중 - 공주 추억여행, 그 날의 behind film",2017-06-13T05:39:12Z,101.0,False,21915,485.0,21.0
5860,UCjS31y3a6VZ5TlQZsut4gWA,JYJ,K6VbWYjjX6s,김재중 - 태국에서 신세계를 맛보다! (JJ's food travel in Thailand),2017-06-13T05:46:22Z,887.0,False,70282,1352.0,68.0
5860,UCjS31y3a6VZ5TlQZsut4gWA,JYJ,pr6-gBYjTWY,거미&김재중 의리로 뭉친 뮤직비디오 비하인드,2017-06-13T05:47:53Z,135.0,False,6359,181.0,4.0
5860,UCjS31y3a6VZ5TlQZsut4gWA,JYJ,xVajwRlD-Sc,[Teaser] 거미(GUMMY) – I I YO,2017-06-13T05:52:31Z,35.0,True,7953,267.0,8.0
5860,UCjS31y3a6VZ5TlQZsut4gWA,JYJ,HUIDUqjyBNo,[M/V] 거미(GUMMY) – I I YO,2017-06-13T05:53:02Z,292.0,False,33238,1854.0,88.0
5860,UCjS31y3a6VZ5TlQZsut4gWA,JYJ,cN9yfpM_8yQ,"김재중 - 이 여행, 시작부터 불안하다! (The spontaneous travel of JJ)",2017-06-22T02:09:31Z,651.0,False,54975,1303.0,88.0
5860,UCjS31y3a6VZ5TlQZsut4gWA,JYJ,t8ldU376ATs,김재중 - 팬바보 재중의 특별한 Behind film,2017-07-03T04:40:42Z,135.0,False,25007,1131.0,53.0
5860,UCjS31y3a6VZ5TlQZsut4gWA,JYJ,4_EBfzEYT4k,"김재중과 놀이공원 데이트, 실화에요? (The spontaneous travel of JJ)",2017-07-03T04:43:55Z,664.0,False,60775,1724.0,110.0
5860,UCjS31y3a6VZ5TlQZsut4gWA,JYJ,Ivurns0a4s4,"The greeting of Park Yuchun ""I’ve been missing you so much”",2017-08-25T11:57:53Z,58.0,True,84232,3497.0,841.0
5860,UCjS31y3a6VZ5TlQZsut4gWA,JYJ,Q5j5xvDXAWs,김재중 - 'COSMOPOLITAN' 화보 비하인드 Film,2017-11-02T00:30:01Z,102.0,False,25326,1311.0,50.0
5860,UCjS31y3a6VZ5TlQZsut4gWA,JYJ,1mT19cEOSds,김재중 - '아시아투어팬미팅' In 서울 Highlight,2017-11-16T04:07:57Z,147.0,False,22929,1430.0,84.0
5860,UCjS31y3a6VZ5TlQZsut4gWA,JYJ,g1iNtRKLBSc,[Teaser] 김준수(XIA) X 임창정(IM CHANG JUNG) - 우리도 그들처럼 (We were..),2017-12-11T09:00:01Z,26.0,True,26060,1907.0,197.0
5860,UCjS31y3a6VZ5TlQZsut4gWA,JYJ,lGK99tYQX0E,[M/V] 김준수(XIA) X 임창정(IM CHANG JUNG) - 우리도 그들처럼 (We were..),2017-12-15T09:00:03Z,237.0,False,239263,8580.0,634.0
5860,UCjS31y3a6VZ5TlQZsut4gWA,JYJ,1IY0nMvpELM,김재중 - '대한민국 한류대상 시상식' Making Film,2018-01-05T02:27:03Z,98.0,False,12044,648.0,40.0
5860,UCjS31y3a6VZ5TlQZsut4gWA,JYJ,yqiPYg5plmg,김재중 - '포토피플' 제작발표회 현장 Making Film,2018-01-05T02:31:36Z,153.0,False,18094,1070.0,61.0
5860,UCjS31y3a6VZ5TlQZsut4gWA,JYJ,mNnSFEssOVI,김재중 - '대구 프리허그' 비하인드 Film,2018-01-05T07:05:17Z,255.0,False,37507,1889.0,141.0
5860,UCjS31y3a6VZ5TlQZsut4gWA,JYJ,xS0v9y9ao1A,[ASMR] 매니저들 몰래 스포하는 김재중,2018-01-24T10:00:10Z,203.0,False,40544,1959.0,142.0
5860,UCjS31y3a6VZ5TlQZsut4gWA,JYJ,W35PICWbuRk,[김재중] J-파티 포스터 촬영 현장 behind,2018-01-26T01:00:00Z,100.0,False,25221,1662.0,161.0
5860,UCjS31y3a6VZ5TlQZsut4gWA,JYJ,4kaEW3L0eEs,[김재중] 이데일리 문화대상에서 광고 촬영까지?!,2018-01-29T09:01:39Z,107.0,False,28558,1469.0,70.0
5860,UCjS31y3a6VZ5TlQZsut4gWA,JYJ,n3aVRUFdgnw,씨제스♥블랙독(Black dog)캠페인 비하인드,2018-04-24T02:00:00Z,289.0,False,10723,692.0,66.0
5860,UCjS31y3a6VZ5TlQZsut4gWA,JYJ,Yo6L3EBCJOk,[김준수] ★D-1★ 제대가 코 앞! #김준수대원 대통령과 악수하다!?,2018-11-04T08:03:22Z,192.0,False,11433,616.0,37.0
5860,UCjS31y3a6VZ5TlQZsut4gWA,JYJ,lZcjgre-DbU,⭐️D-day⭐️ 오늘 전역! 💌 준수(XIA)가 전하는 감사의 전역소감,2018-11-05T01:00:04Z,150.0,False,24891,2405.0,378.0
5860,UCjS31y3a6VZ5TlQZsut4gWA,JYJ,1pUjSNeWbwM,JUNSU(XIA)ㅣ 2018 COME BACK CONCERT [WAY BACK XIA] IN SEOUL - TEASER VIDEO,2018-11-16T03:00:00Z,43.0,True,20647,1789.0,160.0
5860,UCjS31y3a6VZ5TlQZsut4gWA,JYJ,9tUsZykhIsk,[ALLDAY_XIA] ㅣ김준수 (XIA) 지금 밥을 먹으러 왔샤 🍴,2018-11-17T03:00:00Z,105.0,False,60447,2410.0,206.0
5860,UCjS31y3a6VZ5TlQZsut4gWA,JYJ,XEDQs__Rom0,[ALLDAY_XIA] ㅣ김준수 (XIA) 지금 출근을 하고 있샤 🛴,2018-11-23T07:31:30Z,103.0,False,43777,1804.0,121.0
5860,UCjS31y3a6VZ5TlQZsut4gWA,JYJ,Lk4E8hveB0U,WAY BACK XIA's D-Day Diary 📝 D-7 | 김준수(XIA),2018-11-24T03:00:04Z,188.0,False,15020,1085.0,89.0
5860,UCjS31y3a6VZ5TlQZsut4gWA,JYJ,FXimPIchNtA,WAY BACK XIA's D-Day Diary 📝 D-6 | 김준수(XIA),2018-11-24T13:00:02Z,181.0,False,12946,1001.0,97.0
5860,UCjS31y3a6VZ5TlQZsut4gWA,JYJ,xttSvIOWnB8,[ALLDAY_XIA] ㅣ김준수 (XIA) 최애 고정픽은 김밥이샤🍚,2018-11-25T03:00:03Z,147.0,False,51743,1782.0,152.0
5860,UCjS31y3a6VZ5TlQZsut4gWA,JYJ,vqW5sN3HHqI,WAY BACK XIA's D-Day Diary 📝 D-5 | 김준수(XIA),2018-11-25T13:00:07Z,92.0,False,13779,979.0,96.0
5860,UCjS31y3a6VZ5TlQZsut4gWA,JYJ,-ZKwMrHiSQc,WAY BACK XIA's D-Day Diary 📝 D-4 | 김준수(XIA),2018-11-26T13:00:00Z,111.0,False,18070,1255.0,128.0
5860,UCjS31y3a6VZ5TlQZsut4gWA,JYJ,RpfGM7OJU9g,WAY BACK XIA's D-Day Diary 📝 D-3 | 김준수(XIA),2018-11-27T13:00:04Z,92.0,False,29437,1193.0,96.0
5861,UC3LNd5iXQZ8WinaOpfwXveA,온다람,oA-K0lhkzNA,환자가 절대 죽지 않는다는 기괴한 종합 병원 (공포게임),2025-02-08T05:48:06Z,2196.0,False,228498,3127.0,181.0
5861,UC3LNd5iXQZ8WinaOpfwXveA,온다람,0km3wH1VT3E,게임 오버를 할 때마다 게임 속 캐릭터가 실종되는 의문의 게임,2025-02-16T11:55:06Z,1372.0,False,593534,8456.0,266.0
5861,UC3LNd5iXQZ8WinaOpfwXveA,온다람,-bxvBsw8X_E,버려진 오두막에서 발견한 낡은 게임이 뭔가 이상하다...,2025-02-25T07:29:11Z,666.0,False,75243,1167.0,81.0
5861,UC3LNd5iXQZ8WinaOpfwXveA,온다람,MWhCw2BUYFA,강박증으로 인해 이상한 집안일을 하루종일 반복하지 않으면 죽는 남자,2025-03-16T02:33:47Z,630.0,False,76365,1322.0,49.0
5861,UC3LNd5iXQZ8WinaOpfwXveA,온다람,lJJml912QkA,박수 한번으로 범죄자의 정신을 해킹하는 교도소에 추락한 우주인 - 마인드핵 챕터5 스토리,2025-03-22T11:01:42Z,1369.0,False,251925,3923.0,230.0
5861,UC3LNd5iXQZ8WinaOpfwXveA,온다람,9F9hbg6jgUA,사이비 종교를 따르던 동물이 신의 힘을 얻게 된다면...?,2025-04-05T00:32:30Z,2293.0,False,284780,3956.0,293.0
5861,UC3LNd5iXQZ8WinaOpfwXveA,온다람,3EAME-5oMNE,"비상계단 괴담을 소름끼치게 표현한 공포게임 -  ""Anji - Implication""",2025-04-20T10:00:40Z,502.0,False,54794,954.0,65.0
5861,UC3LNd5iXQZ8WinaOpfwXveA,온다람,rtgFMo2jz5o,"심해 4,000m 아래에서 움직이는 인형을 발견한 심해케이블 관리자",2025-05-18T09:11:49Z,630.0,False,99845,1807.0,130.0
5861,UC3LNd5iXQZ8WinaOpfwXveA,온다람,rwVCnSv6n5k,"친구를 개조해서 인간 병기로 만들어야 하는 게임 - ""힘내라 파트너(がんばれ相棒)""",2025-05-28T08:00:14Z,518.0,False,186794,3315.0,183.0
5861,UC3LNd5iXQZ8WinaOpfwXveA,온다람,aFNb700G-8s,귀신들만 살고 있는 폐마을로 현장학습을 가게 된 고등학생들...,2025-06-01T07:36:28Z,2347.0,False,93886,1521.0,155.0
5861,UC3LNd5iXQZ8WinaOpfwXveA,온다람,yHg1GmDKOrs,"처음으로 취직한 회사에서 ""마녀 사냥꾼""이라는 업무를 맡게 된 신입사원 - 여피사이코 DLC 스토리",2025-06-07T03:47:08Z,4316.0,False,122864,1761.0,76.0
5861,UC3LNd5iXQZ8WinaOpfwXveA,온다람,xOkICG754wk,나라가 멸망하기 하루 전으로 계속 돌아가는 루프에 빠진 용사 - 인 스타즈 앤 타임 스토리 파트1,2025-06-15T04:53:31Z,3829.0,False,93331,1947.0,132.0
5861,UC3LNd5iXQZ8WinaOpfwXveA,온다람,kVt517SyfUs,시체만 존재하는 화성 기지에서 발송된 의문의 구조 신호,2025-06-20T09:39:47Z,2504.0,False,219341,2473.0,183.0
5861,UC3LNd5iXQZ8WinaOpfwXveA,온다람,Cl4wXlwlMHI,감염 사태로 침몰해버린 석유 시추선을 탐사하게 된 1986년 잠수부,2025-06-22T03:39:25Z,1844.0,False,235729,3174.0,241.0
5861,UC3LNd5iXQZ8WinaOpfwXveA,온다람,4GCF0TKm7mk,집에서만 생활하는 은둔형 외톨이를 먹이로 먹는 괴물... (공포게임),2025-06-28T11:15:31Z,1173.0,False,173544,2201.0,131.0
5861,UC3LNd5iXQZ8WinaOpfwXveA,온다람,zLnYxlu4G-w,"1996년, 미지의 공간과 연결된 키즈룸에서 녹화된 캠코더 영상 - 더 클래스룸 아이방 스토리",2025-06-30T12:28:13Z,550.0,False,131453,2205.0,106.0
5861,UC3LNd5iXQZ8WinaOpfwXveA,온다람,LMMVrGIlERg,세상에서 가장 높은 레벨을 찍은 용사가 반복되는 루프때문에 미쳐버린다면...? - 인 스타즈 앤 타임 스토리 파트2,2025-07-06T01:57:05Z,6102.0,False,90130,1724.0,186.0
5861,UC3LNd5iXQZ8WinaOpfwXveA,온다람,dW5Mp02u0ZE,탈출이 불가능한 고립된 휴양지 섬의 인구 99%를 감염시킨 좀비 감염 사태 - 데드아일랜드1 스토리,2025-07-12T06:22:18Z,3577.0,False,244888,2621.0,183.0
5861,UC3LNd5iXQZ8WinaOpfwXveA,온다람,jPFITDgNUSI,귀여운 것만 좋아하는 돌연변이로 인해 인류가 멸망해버린 미래의 지구,2025-07-19T08:03:14Z,2919.0,False,246181,3362.0,217.0
5861,UC3LNd5iXQZ8WinaOpfwXveA,온다람,JKlDdYAl8lA,단체 실종 사건이 발생하여 폐가로 남겨진 아파트에서 촬영된 의문의 존재... (공포게임),2025-07-25T11:01:08Z,768.0,False,92580,1460.0,94.0
5861,UC3LNd5iXQZ8WinaOpfwXveA,온다람,ZLVMbJFw9S4,우리가 알고 있는 동화 이야기를 섬뜩하게 바꾼 잔혹동화 공포게임들,2025-08-02T07:24:23Z,1855.0,False,102008,1735.0,79.0
5861,UC3LNd5iXQZ8WinaOpfwXveA,온다람,vb3FZFLk0mU,"""세상을 행복하게 보는 알약""을 먹지 않으면 불법이었던 1964년의 영국 마을 - [ 위 해피 퓨 스토리 파트1 ]",2025-08-09T22:42:02Z,2417.0,False,296607,3989.0,246.0
5861,UC3LNd5iXQZ8WinaOpfwXveA,온다람,krPNkTl_93k,"모든 주민이 ""기억 지우는 알약""을 반드시 먹어야 하는 마을 - [ 위 해피 퓨 스토리 파트2 ]",2025-08-16T23:00:48Z,2440.0,False,118401,1859.0,139.0
5861,UC3LNd5iXQZ8WinaOpfwXveA,온다람,Xo0ID2IyXUY,혼자서 인류를 멸망시킬 수 있는 외계인을 추락시켜버린 FBI - [아빠와나 외계인편 스토리],2025-08-23T09:04:38Z,600.0,False,73621,1121.0,130.0
5861,UC3LNd5iXQZ8WinaOpfwXveA,온다람,_fj4I_3O7uc,거대한 거인 경찰이 있는 마을에서 범죄자로 의심받게 된다면?...  - [밀리셔너 베타 게임스토리],2025-09-04T03:58:02Z,696.0,False,222184,3991.0,184.0
5861,UC3LNd5iXQZ8WinaOpfwXveA,온다람,fCEt-v6zPH4,돌연변이 동물이 섞여있는 기괴한 동물원에 취직하게 된 신입 사육사...,2025-09-17T12:02:14Z,1392.0,False,277022,3465.0,161.0
5861,UC3LNd5iXQZ8WinaOpfwXveA,온다람,c1l40NvlYg0,기이한 악몽 세계에 빠진 두 명의 아이들 - [ 리틀 나이트메어3 체험판 스토리 소개 ],2025-09-21T05:51:07Z,661.0,False,45123,821.0,61.0
5861,UC3LNd5iXQZ8WinaOpfwXveA,온다람,fJvdmrVL488,인류 최고의 상어 사냥꾼 앞에 나타난 돌연변이 식인 상어,2025-09-29T09:16:48Z,1259.0,False,72729,991.0,83.0
5861,UC3LNd5iXQZ8WinaOpfwXveA,온다람,B2OhXmyk-nM,죽음을 믿는 사이비종교가 만들어낸 최악의 좀비 바이러스 - [ 니케 바이오하자드 스토리 ],2025-10-05T09:57:40Z,2536.0,False,46720,529.0,52.0
5861,UC3LNd5iXQZ8WinaOpfwXveA,온다람,bqHMbOGwu_Q,단 하루 만에 수십 명의 선원이 전부 사라져버린 1975년 시추선 실종 사건 - [ 스틸 웨이크 더 딥 스토리 몰아보기 ],2025-10-07T03:54:59Z,4623.0,False,77398,991.0,73.0
5861,UC3LNd5iXQZ8WinaOpfwXveA,온다람,rWmLVFbajP4,살인마가 집에 찾아오는 하루가 100번 넘게 반복되고 있는 소녀...,2025-11-02T03:18:57Z,1051.0,False,125797,2276.0,126.0
5861,UC3LNd5iXQZ8WinaOpfwXveA,온다람,Hju4ltJKiH4,게임을 진행할수록 캐릭터가 서서히 죽어가는 의문의 게임,2025-11-11T12:17:53Z,713.0,False,70846,1440.0,49.0
5861,UC3LNd5iXQZ8WinaOpfwXveA,온다람,fCO9vrOkiiI,특종을 위해 사이비종교 집단에 잠입한 기자가 마주한 충격적인 진실,2025-12-14T11:44:16Z,841.0,False,60255,1091.0,27.0
5861,UC3LNd5iXQZ8WinaOpfwXveA,온다람,xuz1iIP3yBE,독특한 방법으로 게임을 홍보했던 실사 광고 이야기,2025-12-24T13:51:23Z,979.0,False,15541,341.0,13.0
5861,UC3LNd5iXQZ8WinaOpfwXveA,온다람,KMT-6UUxIVU,실화를 바탕으로 한 소름끼치는 공포게임 (Mapfriend 스토리),2026-01-06T22:00:21Z,568.0,False,76929,1671.0,34.0
5861,UC3LNd5iXQZ8WinaOpfwXveA,온다람,m3a0nKdCl9Q,괴생명체가 있는 연구실에서 끝나지 않는 타임루프,2026-01-18T14:03:53Z,5250.0,False,106836,1272.0,116.0
5861,UC3LNd5iXQZ8WinaOpfwXveA,온다람,LWK0y1dYbb0,"7일째, 섬이 변하기 시작했다",2026-01-30T10:30:22Z,1781.0,False,73151,1043.0,64.0
5861,UC3LNd5iXQZ8WinaOpfwXveA,온다람,7Rz5GwiCAqI,우연히 모인 생존자들이 인류 최강이라면 - 바이오하자드 서바이벌 유닛,2026-02-11T09:00:18Z,955.0,False,26069,431.0,47.0
5861,UC3LNd5iXQZ8WinaOpfwXveA,온다람,KB1BIAzLwUU,박수로 사람의 인격을 바꾸는 교도소 - 마인드핵 챕터6 스토리,2026-02-13T12:30:13Z,1422.0,False,165179,3845.0,309.0
5861,UC3LNd5iXQZ8WinaOpfwXveA,온다람,ZnJgtoDPacw,그 이웃 아저씨와 타지 말았어야 했다,2026-02-16T03:00:37Z,1456.0,False,31703,594.0,40.0
5861,UC3LNd5iXQZ8WinaOpfwXveA,온다람,bSIdtbSSPhQ,아픔을 돌려줄 수밖에 없는 장난감 - 파피 플레이타임 챕터4 스토리,2026-02-18T12:00:51Z,2990.0,False,98494,1711.0,160.0
5861,UC3LNd5iXQZ8WinaOpfwXveA,온다람,Q54aPMyghyc,결국엔 마주해버린 가장 위험한 장난감 - 파피 플레이타임5 스토리,2026-02-21T10:17:02Z,2755.0,False,134153,1970.0,260.0
5861,UC3LNd5iXQZ8WinaOpfwXveA,온다람,wws0IEitUlk,"챕터5, 왜 이렇게 끝났을까? - 파피 플레이타임5 해석",2026-02-25T09:30:40Z,957.0,False,166297,2391.0,382.0
5861,UC3LNd5iXQZ8WinaOpfwXveA,온다람,xv-XeXMRqSw,2026년에 발견된 최악의 바이러스 - 바이오하자드 레퀴엠 스토리,2026-03-05T10:00:06Z,9562.0,False,208313,2312.0,327.0
5861,UC3LNd5iXQZ8WinaOpfwXveA,온다람,13hWPmZg7-k,현실이 다르게 보이는 소녀의 기이한 여정 | Milk inside a bag of milk,2026-03-13T10:30:03Z,1082.0,False,41089,746.0,50.0
5861,UC3LNd5iXQZ8WinaOpfwXveA,온다람,3s0BlBrUr68,꿈속에서 만난 ‘검은 존재’의 정체,2026-04-03T10:30:06Z,275.0,False,27072,723.0,29.0
5861,UC3LNd5iXQZ8WinaOpfwXveA,온다람,DVeNRVzFxg8,꿈으로 들어간 백룸에 갇혀버린다면...,2026-04-17T10:30:17Z,1163.0,False,51780,1042.0,75.0
5861,UC3LNd5iXQZ8WinaOpfwXveA,온다람,ffptDjEmEg8,내가 부순 댐의 주인이 전쟁에 참전했던 비버였다...,2026-04-20T09:00:03Z,733.0,False,21528,446.0,53.0
5861,UC3LNd5iXQZ8WinaOpfwXveA,온다람,1bKNKCwI0m0,수배 중인 살인마에게 입양된 소녀...,2026-05-01T10:58:32Z,859.0,False,20127,444.0,26.0
5861,UC3LNd5iXQZ8WinaOpfwXveA,온다람,C_FCYXJuh9I,자신이 게임 속에 있는 걸 알고 있는 소녀와의 기이한 동거,2026-05-04T08:09:58Z,1355.0,False,49044,1639.0,117.0
5862,UCsXigGjbC_l4ttk-oahTfVg,Heize official,BLdpMbn9JwE,헤이즈(Heize) - 'FALLIN'' Jacket Behind The Scenes,2024-11-11T09:00:01Z,200.0,False,7790,475.0,103.0
5862,UCsXigGjbC_l4ttk-oahTfVg,Heize official,KyIFlrDcfX8,헤이즈(Heize) - 'FALLIN'' MV Behind The Scenes,2024-11-12T09:00:01Z,650.0,False,9069,438.0,135.0
5862,UCsXigGjbC_l4ttk-oahTfVg,Heize official,u0ixL7q7Bco,헤이즈(Heize) - '미래일기' Live Clip | 11th Debut Anniversary,2025-01-17T08:00:01Z,197.0,False,273064,5102.0,482.0
5862,UCsXigGjbC_l4ttk-oahTfVg,Heize official,qOLAo9JWres,[Birthday Special Film] 헤이즈(Heize) - '세 가지 너',2025-08-09T11:09:00Z,192.0,False,1793341,4917.0,458.0
5862,UCsXigGjbC_l4ttk-oahTfVg,Heize official,mMwn_3H589s,꒰১ 헤이즈의 제빵 도전기 ໒꒱ | 떡들을 위한 사랑 가득 마들렌 🍰,2025-08-11T11:09:00Z,112.0,False,8603,491.0,115.0
5862,UCsXigGjbC_l4ttk-oahTfVg,Heize official,0GXz-wSDg3I,The 10th Mini Album [LOVE VIRUS Pt.1],2025-11-14T09:00:05Z,29.0,True,25573,1122.0,119.0
5862,UCsXigGjbC_l4ttk-oahTfVg,Heize official,dkX1ldBiwhg,2025 Heize Concert [Heize City : LOVE VIRUS] I 헤이즈시티 개장 준비 완료 💔,2025-11-17T03:00:29Z,60.0,True,24450,728.0,43.0
5862,UCsXigGjbC_l4ttk-oahTfVg,Heize official,5DpZxYojL38,D-3 | The 10th Mini Album [LOVE VIRUS Pt.1],2025-11-24T09:00:08Z,21.0,True,8041,356.0,0.0
5862,UCsXigGjbC_l4ttk-oahTfVg,Heize official,IGWlThMhlUk,헤이즈(Heize) The 10th Mini Album [LOVE VIRUS Pt.1] Highlight Medley,2025-11-25T09:00:05Z,139.0,False,112169,1704.0,180.0
5862,UCsXigGjbC_l4ttk-oahTfVg,Heize official,ejqipN-GfpM,헤이즈(Heize) - ‘Love Virus (Feat. I.M)’ MV Teaser,2025-11-26T09:00:39Z,34.0,True,17327,1378.0,70.0
5862,UCsXigGjbC_l4ttk-oahTfVg,Heize official,zYLN84Z_RoA,The 10th Mini Album [LOVE VIRUS Pt.1] Listening Party Recap 🛥️✨,2025-11-27T08:00:10Z,78.0,False,3070,231.0,14.0
5862,UCsXigGjbC_l4ttk-oahTfVg,Heize official,1KwLvXiT0yw,헤이즈(Heize) - ‘Love Virus (Feat. I.M)’ MV,2025-11-27T09:00:03Z,223.0,False,5182948,31909.0,1073.0
5862,UCsXigGjbC_l4ttk-oahTfVg,Heize official,DuYQgcm63qM,🦠💊 𝗛𝗲𝗶𝘇𝗲 𝗫 𝗢𝗪𝗠 (~11/30),2025-11-27T12:11:50Z,26.0,True,13855,493.0,13.0
5862,UCsXigGjbC_l4ttk-oahTfVg,Heize official,4wWpbclNog4,'Love Virus (Feat. I.M)' Live Clip I Preview,2025-11-28T03:00:17Z,33.0,True,46685,1486.0,47.0
5862,UCsXigGjbC_l4ttk-oahTfVg,Heize official,6jWtsUbSy5g,헤이즈(Heize) The 10th Mini Album [LOVE VIRUS Pt.1] 𝐋𝐢𝐯𝐞 𝐏𝐥𝐚𝐲𝐥𝐢𝐬𝐭,2025-11-28T09:00:03Z,1041.0,False,118796,5132.0,242.0
5862,UCsXigGjbC_l4ttk-oahTfVg,Heize official,EO9hxlKQ4IA,헤이즈&I.M ASMR Interview 🤫💔 I The 10th Mini Album [LOVE VIRUS Pt.1],2025-11-29T03:00:04Z,139.0,False,3505,389.0,22.0
5862,UCsXigGjbC_l4ttk-oahTfVg,Heize official,JewrlAr3IfM,헤이즈&I.M ‘Love Virus (Feat. I.M)’ Story Behind I The 10th Mini Album [LOVE VIRUS Pt.1],2025-11-29T09:00:02Z,211.0,False,8096,720.0,35.0
5862,UCsXigGjbC_l4ttk-oahTfVg,Heize official,8pCFbNpP4mo,'Love Virus (Feat. I.M)' Recording Behind I Preview 💔🦠,2025-11-30T03:00:01Z,30.0,True,48363,1126.0,40.0
5862,UCsXigGjbC_l4ttk-oahTfVg,Heize official,xSC_RupWknQ,‘새벽택시 (Feat. 이창섭)’ Recording Behind I Preview🌙🚕,2025-11-30T09:00:02Z,43.0,True,214792,3243.0,69.0
5862,UCsXigGjbC_l4ttk-oahTfVg,Heize official,V_EdddzZi_4,나의 전부를 다 주고도 결국 💧,2025-12-01T03:00:03Z,29.0,True,41572,1077.0,34.0
5862,UCsXigGjbC_l4ttk-oahTfVg,Heize official,D9PhuDrFZgw,헤이즈(Heize) - 'Love Virus (Feat. I.M)' Studio Live Ver.,2025-12-01T10:00:32Z,239.0,False,59675,3487.0,169.0
5862,UCsXigGjbC_l4ttk-oahTfVg,Heize official,sEvv8Vcsbbw,𝙻𝚘𝚟𝚎 𝚒𝚗𝚜𝚒𝚍𝚎 𝚞𝚜? 🎞️,2025-12-02T03:00:54Z,24.0,True,29020,554.0,15.0
5862,UCsXigGjbC_l4ttk-oahTfVg,Heize official,TtD5v7sRu28,헤이즈(Heize) - ‘새벽택시 (Feat. 이창섭)’ Dawn Live Ver.,2025-12-02T10:01:06Z,219.0,False,149062,4706.0,272.0
5862,UCsXigGjbC_l4ttk-oahTfVg,Heize official,GBCY7NQJg1Y,헤이즈(Heize) The 10th Mini Album [LOVE VIRUS Pt.1] Making Film Ep.1,2025-12-03T10:00:01Z,1469.0,False,16357,1102.0,114.0
5862,UCsXigGjbC_l4ttk-oahTfVg,Heize official,6BIttnkpBOY,헤이즈(Heize) The 10th Mini Album [LOVE VIRUS Pt.1] Making Film Ep.2,2025-12-05T09:00:17Z,950.0,False,4612,259.0,26.0
5862,UCsXigGjbC_l4ttk-oahTfVg,Heize official,eARApSdGf0U,"헤이즈 영역 [LOVE VIRUS Pt.1] 1교시 ""Love Virus (Feat. I.M)"" 가사 해석",2025-12-08T10:00:03Z,687.0,False,5225,301.0,31.0
5862,UCsXigGjbC_l4ttk-oahTfVg,Heize official,IQq3gC0R8Ac,[Heize] 𝗛𝗲𝗶𝘇𝗲 𝗫 𝗢𝗟𝗜𝗩𝗘 𝗬𝗢𝗨𝗡𝗚 POP UP OPEN📝🎵,2025-12-09T04:00:18Z,28.0,True,20954,454.0,13.0
5862,UCsXigGjbC_l4ttk-oahTfVg,Heize official,gN-nRgjQCgQ,"헤이즈 영역 [LOVE VIRUS Pt.1] 2교시 ""새벽택시 (Feat. 이창섭)” / 3교시 “너 때문에 난” 가사 해석",2025-12-09T10:00:13Z,731.0,False,4141,233.0,23.0
5862,UCsXigGjbC_l4ttk-oahTfVg,Heize official,ueTr1B0z5N0,"헤이즈 영역 [LOVE VIRUS Pt.1] 4교시 ""어때 보여” / 5교시 “마지막 인사” 가사 해석",2025-12-10T10:00:05Z,645.0,False,4005,185.0,15.0
5862,UCsXigGjbC_l4ttk-oahTfVg,Heize official,KPNKbQdt1-k,헤이즈(Heize) - 'Love Virus (Feat. I.M)' Solo Ver.,2025-12-11T10:00:38Z,226.0,False,50843,1690.0,84.0
5862,UCsXigGjbC_l4ttk-oahTfVg,Heize official,WJt8w4W4hWI,2025 Heize Concert [Heize City : LOVE VIRUS] | First Band Rehearsals💔,2025-12-23T09:00:13Z,53.0,True,38521,512.0,23.0
5862,UCsXigGjbC_l4ttk-oahTfVg,Heize official,JB1mRCvJ_-Q,D-1 | Single [Even if],2025-12-30T03:00:14Z,8.0,True,18351,538.0,25.0
5862,UCsXigGjbC_l4ttk-oahTfVg,Heize official,WJzBwZdUwnI,헤이즈 (Heize) - 'Even if' MV Teaser,2025-12-30T09:00:05Z,21.0,True,12148,817.0,54.0
5862,UCsXigGjbC_l4ttk-oahTfVg,Heize official,plEc_RfCNSU,헤이즈&지창욱이 추천합니다 ❄️🤍 | ‘Even if’ MV BTS Preview,2025-12-31T04:00:07Z,32.0,True,64836,1390.0,60.0
5862,UCsXigGjbC_l4ttk-oahTfVg,Heize official,9qe8gYCbuWk,헤이즈 (Heize) - 'Even if' MV,2025-12-31T09:00:06Z,372.0,False,4359583,16898.0,1150.0
5862,UCsXigGjbC_l4ttk-oahTfVg,Heize official,fgWR8OkPXj0,‘Even if’ MV Shoot Sketch 🎥,2026-01-01T03:01:01Z,25.0,True,38966,1147.0,40.0
5862,UCsXigGjbC_l4ttk-oahTfVg,Heize official,-17TN_rxUyM,헤이즈(Heize) - 'Even if' Special Clip (w/ 밤송이)🐱❄️,2026-01-02T03:00:00Z,82.0,False,26488,1432.0,46.0
5862,UCsXigGjbC_l4ttk-oahTfVg,Heize official,2TawJQ90ekg,헤이즈(Heize) - 'Even if' Live Clip,2026-01-02T09:00:03Z,184.0,False,59183,1560.0,82.0
5862,UCsXigGjbC_l4ttk-oahTfVg,Heize official,A6-kj4KjGh8,𝙴𝚟𝚎𝚗 𝚒𝚏 𝚢𝚘𝚞 🌨️,2026-01-03T03:00:05Z,25.0,True,17586,445.0,16.0
5862,UCsXigGjbC_l4ttk-oahTfVg,Heize official,hknLXqLvNy0,𝐷𝑜 𝑦𝑜𝑢 𝑟𝑒𝑎𝑙𝑙𝑦 𝑙𝑜𝑣𝑒𝑑 𝑚𝑒?,2026-01-03T09:01:09Z,18.0,True,17923,646.0,21.0
5862,UCsXigGjbC_l4ttk-oahTfVg,Heize official,qp6srydDRxI,헤이즈 (Heize) - 'Even if' MV (with 지창욱) Behind The Scenes,2026-01-05T09:00:58Z,517.0,False,31431,1557.0,139.0
5862,UCsXigGjbC_l4ttk-oahTfVg,Heize official,suZaafWEgvE,헤이즈 (Heize) - 'Love Virus (Feat. I.M)' Live Clip | 2025 Heize Concert [Heize City : LOVE VIRUS],2026-01-14T11:00:05Z,238.0,False,14293,758.0,40.0
5862,UCsXigGjbC_l4ttk-oahTfVg,Heize official,xYg_5I64sZ8,헤이즈 (Heize) - '너의 이름은 (Feat. ASH ISLAND)' Live Clip | 2025 Heize Concert [Heize City : LOVE VIRUS],2026-01-16T11:00:00Z,208.0,False,33897,803.0,62.0
5862,UCsXigGjbC_l4ttk-oahTfVg,Heize official,keaFmlD3Ljs,헤이즈 (Heize) - '널 만나고' Live Clip | 2025 Heize Concert [Heize City : LOVE VIRUS],2026-01-21T11:00:06Z,245.0,False,28775,490.0,41.0
5862,UCsXigGjbC_l4ttk-oahTfVg,Heize official,bG08H9VlU5I,Even_if Challenge by #도겸 ❄️,2026-01-24T03:00:00Z,59.0,True,13438,1052.0,45.0
5862,UCsXigGjbC_l4ttk-oahTfVg,Heize official,tEPdbtuzYhg,#Even_if Challenge by #천준혁 ❄️,2026-01-24T05:00:00Z,54.0,True,7836,233.0,32.0
5862,UCsXigGjbC_l4ttk-oahTfVg,Heize official,YcpWnrXR4-k,#Even_if Challenge by #서은광 ❄️,2026-01-25T06:00:00Z,55.0,True,23742,1547.0,62.0
5862,UCsXigGjbC_l4ttk-oahTfVg,Heize official,VCEx84mWYBM,#Even_if Challenge by #오성준 ❄️,2026-01-26T11:30:00Z,54.0,True,7844,194.0,10.0
5862,UCsXigGjbC_l4ttk-oahTfVg,Heize official,PgZjo7Tesbg,2025 Heize Concert [Heize City : LOVE VIRUS] Behind The Scenes,2026-01-28T11:00:09Z,1194.0,False,6231,284.0,41.0
5862,UCsXigGjbC_l4ttk-oahTfVg,Heize official,FTGR-Z0g6_s,"헤이즈 (Heize), 기리보이 (GIRIBOY) - '안 될 사람 & 뚝' Live Clip Behind The Scenes",2026-02-03T11:00:13Z,253.0,False,9873,457.0,30.0
5863,UCPWLltIuHLCws1-O3B4ADtg,매니지먼트 숲 MANAGEMENT SOOP Official,aITvM3ulPf4,(ENG) A. 아무래도 #서현진 과 타이레놀이 만났기 때문에... 너무 사랑스러웠던😍💓 #서현진 타이레놀 비하인드 현장! | Tylenol Behind Film,2025-04-07T09:00:00Z,257.0,False,12309,,72.0
5863,UCPWLltIuHLCws1-O3B4ADtg,매니지먼트 숲 MANAGEMENT SOOP Official,HfGBkb6WN9Q,가까이서 보면 더 귀여운... 💓강쥐 현진💓 #seohyunjin #shorts,2025-04-07T09:01:16Z,14.0,True,23745,,10.0
5863,UCPWLltIuHLCws1-O3B4ADtg,매니지먼트 숲 MANAGEMENT SOOP Official,WRHTN32_U7U,아이솔레이션 천재 😎서현진😎 #seohyunjin #shorts,2025-04-07T09:01:18Z,12.0,True,20549,,15.0
5863,UCPWLltIuHLCws1-O3B4ADtg,매니지먼트 숲 MANAGEMENT SOOP Official,hTFRjTafpZI,백상의 아이콘 #수지🐰💕가 MC 10주년을 축하하는 법🌸🎉 #suzy #shorts,2025-05-06T13:10:01Z,9.0,True,1615973,,359.0
5863,UCPWLltIuHLCws1-O3B4ADtg,매니지먼트 숲 MANAGEMENT SOOP Official,-FtKnYu8xnI,숨겨진 재능을 발견한 것 같은 #정가람🤓🗡️ #junggaram #shorts,2025-05-09T09:00:00Z,14.0,True,5762,,2.0
5863,UCPWLltIuHLCws1-O3B4ADtg,매니지먼트 숲 MANAGEMENT SOOP Official,E4JvuSkISz8,따라할 수 있다면... 여러분도 유연성 상위 1%😉 #junggaram #shorts,2025-05-09T09:00:30Z,15.0,True,14884,,1.0
5863,UCPWLltIuHLCws1-O3B4ADtg,매니지먼트 숲 MANAGEMENT SOOP Official,drj8QiXv85g,(ENG) 세상에 역시 쉬운 건 없다💦 Lv.0부터 시작하는 액션 초보 가람이의 무술일기🏇| Dear Hongrang Behind,2025-05-09T09:01:03Z,450.0,False,2685,,13.0
5863,UCPWLltIuHLCws1-O3B4ADtg,매니지먼트 숲 MANAGEMENT SOOP Official,eItCh0QMeh8,"(ENG/JPN) '탄금'을 마무리하며, 두 배우의 마지막 소감💐 | Dear Hongrang Behind",2025-05-19T09:00:57Z,73.0,False,12379,,40.0
5863,UCPWLltIuHLCws1-O3B4ADtg,매니지먼트 숲 MANAGEMENT SOOP Official,kgg4Dsj-SR0,[예고] #정가람 은 과연 적자를 피할 수 있을까?🤔 가람과 숲블리의 속고 속이는 조선 경매 전쟁🔎 '무진품명품' 💰5월 23일 공개💰,2025-05-22T09:01:05Z,43.0,True,908,,6.0
5863,UCPWLltIuHLCws1-O3B4ADtg,매니지먼트 숲 MANAGEMENT SOOP Official,SmgPWTqaF7o,(ENG) 조선에서 물건 살 때 손해보지 않는 법💰 민상단 장남 무진이가 직접 알려드립니다🤓 | Mujin's Genuine Article [무진품명품],2025-05-23T09:00:44Z,679.0,False,1994,,14.0
5863,UCPWLltIuHLCws1-O3B4ADtg,매니지먼트 숲 MANAGEMENT SOOP Official,woiP_qq2p8s,정가람: 정가람 친필 사인 삽니다✋ #junggaram #shorts,2025-05-23T09:01:27Z,19.0,True,4131,,1.0
5863,UCPWLltIuHLCws1-O3B4ADtg,매니지먼트 숲 MANAGEMENT SOOP Official,yoECkQoaBHk,천재 장사꾼 무진이와 싱크로율 100%💦 #junggaram #shorts,2025-05-23T09:01:36Z,28.0,True,4039,,3.0
5863,UCPWLltIuHLCws1-O3B4ADtg,매니지먼트 숲 MANAGEMENT SOOP Official,ToAw0-iti_w,"☀️어느 오후의 햇살처럼, 다정하고 포근했던 민주의 봄 이야기🌻 | LUV·M Making Film",2025-06-04T09:00:50Z,188.0,False,23447,,121.0
5863,UCPWLltIuHLCws1-O3B4ADtg,매니지먼트 숲 MANAGEMENT SOOP Official,9sGFBnoiEZU,[예고] 어서 와 #신은수 는 처음이지?😍 은수의 모든 것을 알아보는 '역발상 인터뷰'🍀6월 25일 공개🍀,2025-06-24T09:00:11Z,28.0,True,3807,,17.0
5863,UCPWLltIuHLCws1-O3B4ADtg,매니지먼트 숲 MANAGEMENT SOOP Official,aWQ1McCqaMg,은수가 F라고 생각하신다면 좋아요를 눌러주세요👍 #shineunsoo #shorts,2025-06-25T09:00:02Z,17.0,True,35992,,5.0
5863,UCPWLltIuHLCws1-O3B4ADtg,매니지먼트 숲 MANAGEMENT SOOP Official,IagldkqqVYQ,(ENG) 첫만남부터 TMI 탈탈💥털린 #신은수🤭은수의 토크 엔진을 과열시킨 인터뷰의 정체는🔥| Reverse Interview [역발상 인터뷰],2025-06-25T09:00:33Z,505.0,False,31029,,61.0
5863,UCPWLltIuHLCws1-O3B4ADtg,매니지먼트 숲 MANAGEMENT SOOP Official,gCYXYB5_CE4,찐자매 특징: 언니랑 친하냐고 하면 웃음부터 나옴😂 #shineunsoo #shorts,2025-06-25T09:01:01Z,17.0,True,11411,,1.0
5863,UCPWLltIuHLCws1-O3B4ADtg,매니지먼트 숲 MANAGEMENT SOOP Official,GfgpbYWZHHs,사실... 오늘의 목표가 있어요🤸 #shineunsoo #shorts,2025-09-05T07:00:14Z,35.0,True,5152,,1.0
5863,UCPWLltIuHLCws1-O3B4ADtg,매니지먼트 숲 MANAGEMENT SOOP Official,Q7tXKCTViJY,은수를 명예 숲 홍보대사로 임명합니다🤵‍♀️ #shineunsoo #shorts,2025-09-05T07:00:25Z,8.0,True,27126,,0.0
5863,UCPWLltIuHLCws1-O3B4ADtg,매니지먼트 숲 MANAGEMENT SOOP Official,z5CN3uqlV1I,(ENG) 오늘의 목표는🤸차분하고 💃중심있게🤹 '고백의 역사' 제작보고회와 함께한 은수의 하루🐰 | Love Untangled Behind,2025-09-05T07:01:04Z,453.0,False,18350,,28.0
5863,UCPWLltIuHLCws1-O3B4ADtg,매니지먼트 숲 MANAGEMENT SOOP Official,S0a70orDbZE,민주만 바라밤🍑🍏 #kimminju #shorts,2025-10-10T09:00:44Z,8.0,True,25047,,49.0
5863,UCPWLltIuHLCws1-O3B4ADtg,매니지먼트 숲 MANAGEMENT SOOP Official,wmkf6wb0M_M,"(ENG) 🦊: 이프로랑 잘 어울리죠?🤍이프로 제로, 민주 공주님의 새로운 최애로 등극해버렸습니다만🍑 | 2% Making Film",2025-10-10T09:01:38Z,270.0,False,55734,,170.0
5863,UCPWLltIuHLCws1-O3B4ADtg,매니지먼트 숲 MANAGEMENT SOOP Official,2qQp49g4eiY,내 이름은 시아! 숲블리의 인스타 계정을 획득했죠😎 #shinsia #shorts,2025-11-21T09:00:04Z,59.0,True,6134,,2.0
5863,UCPWLltIuHLCws1-O3B4ADtg,매니지먼트 숲 MANAGEMENT SOOP Official,TQn-Kg08Ymw,민주는 지금 숲블리 몰래 인스타 올리는 중...💭 #kimminju #shorts,2025-11-21T09:00:49Z,35.0,True,18623,,36.0
5863,UCPWLltIuHLCws1-O3B4ADtg,매니지먼트 숲 MANAGEMENT SOOP Official,xqGMoV1xhA4,숲블리는 효진과 직거래하러 갈테야📦 프로 번장모델💃🏻효진 덕분에 행복이 넘쳤던 번개장터와의 만남😊💕 | BGZT Making Film,2025-11-26T09:00:26Z,193.0,False,1497,,6.0
5863,UCPWLltIuHLCws1-O3B4ADtg,매니지먼트 숲 MANAGEMENT SOOP Official,Pt8EIaVF4xg,안녕하세요 저 현진인데요🤭 할 말이 있어요 #seohyunjin #shorts,2025-12-12T02:59:23Z,45.0,True,14827,,20.0
5863,UCPWLltIuHLCws1-O3B4ADtg,매니지먼트 숲 MANAGEMENT SOOP Official,Agd8w4CiNl8,다른 언니가 같이 러브 미 보자고 하면 가...😞 #seohyunjin #shorts,2025-12-19T09:00:00Z,9.0,True,74715,,34.0
5863,UCPWLltIuHLCws1-O3B4ADtg,매니지먼트 숲 MANAGEMENT SOOP Official,lkE-jkIlmhs,"[예고] 산타와 시아, 모두 두 글자입니다... 이게 과연 우연일까요?🎅🏻#신시아 와 함께하는 크리스마스 대작전 '메리 크리스마숲' !🎄12월 23일 공개🎄",2025-12-22T07:00:44Z,30.0,True,1635,,5.0
5863,UCPWLltIuHLCws1-O3B4ADtg,매니지먼트 숲 MANAGEMENT SOOP Official,NO9ku444ImM,(ENG) 숲의 깜짝 크리스마스🎄선물이 도착했습니다🎁 바로 바로... 같이 쿠키 만들기 신청하러 온 시아🐶| Merry Christmasoop [메리 크리스마숲],2025-12-23T09:00:39Z,497.0,False,27610,,48.0
5863,UCPWLltIuHLCws1-O3B4ADtg,매니지먼트 숲 MANAGEMENT SOOP Official,1niEGJqnnFo,???: 고 고 고🏃‍➡️무비 무비 무비🤸 #shinsia #shorts,2025-12-23T09:01:41Z,21.0,True,13940,,1.0
5863,UCPWLltIuHLCws1-O3B4ADtg,매니지먼트 숲 MANAGEMENT SOOP Official,1cEDKIXG9bE,확실히 특별한 추억이 될 거 같긴 한데😂 #shinsia #shorts,2025-12-23T09:01:47Z,27.0,True,4438,,0.0
5863,UCPWLltIuHLCws1-O3B4ADtg,매니지먼트 숲 MANAGEMENT SOOP Official,4ItICTUtAMo,현진과 함께 바나나 삼행시🍌 #seohyunjin #shorts,2025-12-26T09:00:00Z,49.0,True,30068,,26.0
5863,UCPWLltIuHLCws1-O3B4ADtg,매니지먼트 숲 MANAGEMENT SOOP Official,vJiNTpVW5zk,판타지✨사극💥로코💗 여러분의 취향은? #namjihyun #shorts,2025-12-31T10:30:43Z,10.0,True,115657,,64.0
5863,UCPWLltIuHLCws1-O3B4ADtg,매니지먼트 숲 MANAGEMENT SOOP Official,bQAzWmzYQJw,(꿀팁) #서현진 과 가까워지는 방법 #seohyunjin #shorts,2026-01-02T09:00:55Z,8.0,True,25646,,28.0
5863,UCPWLltIuHLCws1-O3B4ADtg,매니지먼트 숲 MANAGEMENT SOOP Official,OAzGDCL6Fpk,늦은 밤🌠 현진이 진실게임을 제안한다💬 #seohyunjin #shorts,2026-01-09T09:00:00Z,9.0,True,19643,,19.0
5863,UCPWLltIuHLCws1-O3B4ADtg,매니지먼트 숲 MANAGEMENT SOOP Official,8p0sSwqDfhY,(ENG) 저 진짜 많이 늘었죠?🩵 오직 밍들레를 위해 준비한🤓 민주의 시즌 그리팅 네 번째 이야기🫶 | 2026 Season's Greeting Making Film,2026-01-14T09:00:11Z,802.0,False,23508,,153.0
5863,UCPWLltIuHLCws1-O3B4ADtg,매니지먼트 숲 MANAGEMENT SOOP Official,uZteRMydr8Q,밍들레 여러분의 신년 운세를 봐드립니다...🔮 #kimminju #shorts,2026-01-14T09:01:34Z,19.0,True,10449,,40.0
5863,UCPWLltIuHLCws1-O3B4ADtg,매니지먼트 숲 MANAGEMENT SOOP Official,znlVExYeL8Y,민주의 시즌 그리팅 포토북 랜덤 챌린지📸 #kimminju #shorts,2026-01-14T09:01:37Z,17.0,True,10967,,46.0
5863,UCPWLltIuHLCws1-O3B4ADtg,매니지먼트 숲 MANAGEMENT SOOP Official,sVYkxkKdQ60,(귀여움 주의) 현진이 바보가 된 이유😉 #seohyunjin #shorts,2026-01-16T09:00:00Z,14.0,True,30437,,14.0
5863,UCPWLltIuHLCws1-O3B4ADtg,매니지먼트 숲 MANAGEMENT SOOP Official,swOW_SbLPJE,마지막 화를 기다리며💭감동의 눈물바다였던🌊 막촬 기념사진 비하인드✌️📸 #seohyunjin #shorts,2026-01-23T09:00:00Z,41.0,True,25225,,26.0
5863,UCPWLltIuHLCws1-O3B4ADtg,매니지먼트 숲 MANAGEMENT SOOP Official,BTEke-f_C0s,"마지막 화와 함께, '러브 미' 를 떠나 보내는 현진의 인사💐 #seohyunjin #shorts",2026-01-23T14:15:07Z,29.0,True,10877,,24.0
5863,UCPWLltIuHLCws1-O3B4ADtg,매니지먼트 숲 MANAGEMENT SOOP Official,_T712GCBC6M,[예고] 경🎉#이청아 숲 유튜브 데뷔🎊축! 청아 배우랑 같이 대본 읽어요📖 ✏️2월 25일 공개✏️,2026-02-24T05:00:03Z,31.0,True,1715,,12.0
5863,UCPWLltIuHLCws1-O3B4ADtg,매니지먼트 숲 MANAGEMENT SOOP Official,sxE05Hic5QQ,(ENG) 이런 독서실이라면 영원히 살래... #이청아 와 함께하는 '아너' 읽기 시간📚 | Honour Script Commentary [이청아의 대본독서실],2026-02-25T09:00:05Z,791.0,False,5272,,29.0
5863,UCPWLltIuHLCws1-O3B4ADtg,매니지먼트 숲 MANAGEMENT SOOP Official,AWkYicwQ948,🌼민들레클럽🌼 신규 회원을 모집합니다 #민들레클럽 #베리즈 #Berriz,2026-03-31T23:10:00Z,34.0,True,9257,,26.0
5863,UCPWLltIuHLCws1-O3B4ADtg,매니지먼트 숲 MANAGEMENT SOOP Official,JpAT6zg7yGI,True or Lie? 김민주의 취향 밸런스 게임 (Feat. 만우절) #KimMinJu #Berriz #shorts,2026-04-01T03:00:00Z,46.0,True,9014,,31.0
5863,UCPWLltIuHLCws1-O3B4ADtg,매니지먼트 숲 MANAGEMENT SOOP Official,6bdfR6DNwoY,🎥[Sia-log] 시아의 첫 백상 나들이🐰 #ShinSiA #Shorts,2026-05-12T09:00:35Z,36.0,True,2916,,4.0
5863,UCPWLltIuHLCws1-O3B4ADtg,매니지먼트 숲 MANAGEMENT SOOP Official,59XubieG7Rk,🎥[Eunsoo-log] 은수의 첫 백상 기록🐥 #ShinEunSoo #Shorts,2026-05-12T09:01:07Z,32.0,True,1727,,5.0
5863,UCPWLltIuHLCws1-O3B4ADtg,매니지먼트 숲 MANAGEMENT SOOP Official,RDRL0xU4G3U,[Mood Film] '백상의 아이콘' 수지의 아름다운 순간 | Suzy : The Icon of Baeksang,2026-05-15T03:00:41Z,214.0,False,9213,,124.0
5863,UCPWLltIuHLCws1-O3B4ADtg,매니지먼트 숲 MANAGEMENT SOOP Official,rRNhb89wsmQ,[Mood Film] '백상의 아이콘' 수지의 아름다운 순간 | Suzy : The Icon of Baeksang,2026-05-15T08:08:26Z,31.0,True,8666,,18.0
5863,UCPWLltIuHLCws1-O3B4ADtg,매니지먼트 숲 MANAGEMENT SOOP Official,jVKeEWUs5Ns,[Mood Film] '백상의 아이콘' 수지의 아름다운 순간 | Suzy : The Icon of Baeksang,2026-05-15T08:29:45Z,53.0,True,4011,,14.0
5864,UCW5FEe1eiOAKzcnhmeI0Mzw,Ssot쏫,88itp5WPBos,버거킹 신메뉴,2024-02-13T13:45:42Z,404.0,False,1779,57.0,21.0
5864,UCW5FEe1eiOAKzcnhmeI0Mzw,Ssot쏫,_DJeuZmF2E4,버거킹 신메뉴 오리지널 솔티드 에그,2024-02-13T13:45:52Z,59.0,True,1019,21.0,1.0
5864,UCW5FEe1eiOAKzcnhmeI0Mzw,Ssot쏫,9YE4ZP_01lw,일반 직장인 6개월 헬스 변화,2024-02-26T14:12:15Z,495.0,False,7074,82.0,29.0
5864,UCW5FEe1eiOAKzcnhmeI0Mzw,Ssot쏫,A1OOI1DuDmM,현실적인 6개월 헬스 몸변화,2024-02-26T14:12:29Z,34.0,True,4978,73.0,8.0
5864,UCW5FEe1eiOAKzcnhmeI0Mzw,Ssot쏫,zNwd-eWfLiA,이 맛을 놓치면 한참을 기다려야 해요,2024-03-11T14:25:43Z,554.0,False,2122,47.0,17.0
5864,UCW5FEe1eiOAKzcnhmeI0Mzw,Ssot쏫,Oyk33x6SUd8,겨울냉면 호로록,2024-03-11T14:25:56Z,58.0,True,1550,30.0,2.0
5864,UCW5FEe1eiOAKzcnhmeI0Mzw,Ssot쏫,VAnoJwnlCSg,"6개월 동안 하고 있는 운동 방법(빈도, 분할, 식단)",2024-03-17T14:34:52Z,339.0,False,3973,52.0,19.0
5864,UCW5FEe1eiOAKzcnhmeI0Mzw,Ssot쏫,09LVmkCFZ0U,"6개월 동안 하고 있는 운동법(빈도, 분할, 식단)",2024-03-17T14:35:03Z,30.0,True,1955,33.0,3.0
5864,UCW5FEe1eiOAKzcnhmeI0Mzw,Ssot쏫,6SZRqAynfCM,굿바이 와퍼~,2024-04-21T15:27:20Z,407.0,False,2309,45.0,14.0
5864,UCW5FEe1eiOAKzcnhmeI0Mzw,Ssot쏫,hGfTAyAevVo,굿바이 와퍼~~,2024-04-21T15:27:32Z,46.0,True,1831,35.0,2.0
5864,UCW5FEe1eiOAKzcnhmeI0Mzw,Ssot쏫,L_npnVqEmnU,매일 아침 이걸 먹고 운동해요!!,2024-04-28T14:15:17Z,448.0,False,3557,42.0,9.0
5864,UCW5FEe1eiOAKzcnhmeI0Mzw,Ssot쏫,_J3SuFjb_mo,나의 아침식사 레시피,2024-04-28T14:15:31Z,58.0,True,4633,36.0,4.0
5864,UCW5FEe1eiOAKzcnhmeI0Mzw,Ssot쏫,ltVqXYCEBpg,크리미대빠아ㅏㅏㅏ앙!!!,2024-05-20T14:14:43Z,767.0,False,4464,69.0,18.0
5864,UCW5FEe1eiOAKzcnhmeI0Mzw,Ssot쏫,J8s3gCvJyLk,크리미대빵에 딸기와 크림을 추가해보자,2024-05-20T14:14:58Z,49.0,True,2103,45.0,6.0
5864,UCW5FEe1eiOAKzcnhmeI0Mzw,Ssot쏫,4YROWdGxaFE,비김면,2024-05-26T12:32:16Z,374.0,False,8277,64.0,33.0
5864,UCW5FEe1eiOAKzcnhmeI0Mzw,Ssot쏫,R_4nk8UZjiU,비김면 호로록~,2024-05-26T12:32:29Z,52.0,True,2241,40.0,6.0
5864,UCW5FEe1eiOAKzcnhmeI0Mzw,Ssot쏫,hlh5AvVu_g0,박쥐가 또.. 또... 찾아 왔네요ㅠ,2024-06-30T11:53:08Z,182.0,False,4488,38.0,12.0
5864,UCW5FEe1eiOAKzcnhmeI0Mzw,Ssot쏫,RgqNJwVd66A,집에 들어 온 박쥐 구출 작전!!!,2024-06-30T11:53:22Z,50.0,True,1934,19.0,2.0
5864,UCW5FEe1eiOAKzcnhmeI0Mzw,Ssot쏫,GQn4ds5odi8,거대해진 추억의 포켓몬빵을 먹어 보자!!,2024-06-30T13:57:45Z,429.0,False,23670,269.0,137.0
5864,UCW5FEe1eiOAKzcnhmeI0Mzw,Ssot쏫,euhjIhY7YGw,거대해진 포켓몬 초코롤빵?!?!,2024-06-30T13:57:58Z,52.0,True,4295,90.0,5.0
5864,UCW5FEe1eiOAKzcnhmeI0Mzw,Ssot쏫,78MAv3SzLeY,요즘 핫하다는 젤리!?,2024-07-22T14:56:16Z,761.0,False,2280,47.0,11.0
5864,UCW5FEe1eiOAKzcnhmeI0Mzw,Ssot쏫,4XbhDIZG2mw,요즘 핫하다는 젤리!!!,2024-07-22T14:56:35Z,56.0,True,1473,22.0,3.0
5864,UCW5FEe1eiOAKzcnhmeI0Mzw,Ssot쏫,4KLayaSxuQg,지극히 일상적인 나의 식사,2024-07-23T10:19:33Z,400.0,False,7577,88.0,19.0
5864,UCW5FEe1eiOAKzcnhmeI0Mzw,Ssot쏫,awPh8i6QMHc,집에서 매일 먹는 나의 저녁밥,2024-07-23T10:19:48Z,53.0,True,1805,25.0,3.0
5864,UCW5FEe1eiOAKzcnhmeI0Mzw,Ssot쏫,8xTj0iZrHTk,두바이초콜릿은 무슨 맛일까?,2024-08-24T12:31:32Z,388.0,False,3183,54.0,18.0
5864,UCW5FEe1eiOAKzcnhmeI0Mzw,Ssot쏫,BirZj1mfYF0,두바이 초콜릿 맛있당,2024-08-24T12:31:47Z,59.0,True,1630,24.0,4.0
5864,UCW5FEe1eiOAKzcnhmeI0Mzw,Ssot쏫,ufrfBWLPO-g,헬스 1년차 근육둘레는?,2024-08-25T08:07:11Z,291.0,False,8688,93.0,35.0
5864,UCW5FEe1eiOAKzcnhmeI0Mzw,Ssot쏫,RguvLGp_RvM,헬스 1년차 근육둘레 재보기!!,2024-08-25T08:07:26Z,50.0,True,2541,26.0,4.0
5864,UCW5FEe1eiOAKzcnhmeI0Mzw,Ssot쏫,slsocZqr_no,껍질째 먹는 젤리? 그리고 가죽젤리??,2024-09-30T11:45:15Z,496.0,False,2478,40.0,9.0
5864,UCW5FEe1eiOAKzcnhmeI0Mzw,Ssot쏫,hXaCyURoPUQ,젤리 껍질까지 먹었어요,2024-09-30T11:45:29Z,51.0,True,1563,32.0,3.0
5864,UCW5FEe1eiOAKzcnhmeI0Mzw,Ssot쏫,On_IJOoFvjU,더블 스팸 싱글 클래식 투머치 에그 앤 그린어니언 콰트로 누들 미니점보 라면,2024-09-30T14:17:04Z,586.0,False,5079,75.0,26.0
5864,UCW5FEe1eiOAKzcnhmeI0Mzw,Ssot쏫,Eb0CGniP2Qg,스팸이 두 장 들어있는 라면,2024-09-30T14:17:17Z,53.0,True,1206,32.0,2.0
5864,UCW5FEe1eiOAKzcnhmeI0Mzw,Ssot쏫,QB97fJ-ttfY,"(젤)캇예스, 동결건조, 까먹는점보망고, 킨조(리)",2024-10-21T08:35:07Z,824.0,False,2466,50.0,12.0
5864,UCW5FEe1eiOAKzcnhmeI0Mzw,Ssot쏫,Ql5csiCQOe0,과자 같은 젤리??,2024-10-21T08:35:57Z,60.0,True,1206,15.0,1.0
5864,UCW5FEe1eiOAKzcnhmeI0Mzw,Ssot쏫,2prNY2wZBeM,진짜 까 먹는 망고젤리 뭔가 리얼하다,2024-10-21T08:36:09Z,55.0,True,1547,22.0,2.0
5864,UCW5FEe1eiOAKzcnhmeI0Mzw,Ssot쏫,XOu_bEDFENs,크레파스가 아니라 초콜릿이라구...??,2024-10-22T10:31:31Z,551.0,False,6611,92.0,32.0
5864,UCW5FEe1eiOAKzcnhmeI0Mzw,Ssot쏫,mV9ADRADn6g,핫한 캇예스 독일젤리??,2024-10-22T10:31:49Z,58.0,True,1774,27.0,2.0
5864,UCW5FEe1eiOAKzcnhmeI0Mzw,Ssot쏫,O8AHz3Jmrhc,진짜 크레파스 같은 초콜릿!!,2024-10-22T10:32:03Z,52.0,True,4479,84.0,4.0
5864,UCW5FEe1eiOAKzcnhmeI0Mzw,Ssot쏫,diNBhZs7WbY,미치도록 매운 맛..?? 하... 눈물 난다ㅠㅠㅠ,2024-11-26T13:19:10Z,758.0,False,4704,91.0,25.0
5864,UCW5FEe1eiOAKzcnhmeI0Mzw,Ssot쏫,y5GfZP3IPXY,매운 뿌셔뿌셔?? 열 뿌셔뿌셔??? 하....;;;;;;,2024-11-26T13:19:29Z,49.0,True,4717,59.0,6.0
5864,UCW5FEe1eiOAKzcnhmeI0Mzw,Ssot쏫,yHcZsqZl12U,생라면 깔끔하게 부셔 먹는 법!!,2024-11-29T10:49:21Z,33.0,True,7815,82.0,2.0
5864,UCW5FEe1eiOAKzcnhmeI0Mzw,Ssot쏫,8V0GVOE4e00,미치도록 맵다는 열광라볶이!!! 불닭보다 맵다는데....ㅠ,2024-11-29T10:49:32Z,58.0,True,2096,35.0,6.0
5864,UCW5FEe1eiOAKzcnhmeI0Mzw,Ssot쏫,dmPRGj0pmF0,불짜계치를 먹고 그릇을 얻었습니다.,2024-12-23T12:10:03Z,443.0,False,3189,56.0,15.0
5864,UCW5FEe1eiOAKzcnhmeI0Mzw,Ssot쏫,qQzICweNPM4,세븐일레븐 불짜계치 대왕 짜파게티,2024-12-23T12:13:08Z,50.0,True,2140,26.0,1.0
5864,UCW5FEe1eiOAKzcnhmeI0Mzw,Ssot쏫,LCquJ__UxEQ,'한정판 오예스 케이크' by 디저트39 Oh~ Yes!!,2024-12-30T15:14:58Z,369.0,False,5865,103.0,15.0
5864,UCW5FEe1eiOAKzcnhmeI0Mzw,Ssot쏫,5tuLY5h-wv8,한정판 디저트39 오예스 케이크!!!,2024-12-30T15:15:07Z,59.0,True,4704,89.0,2.0
5864,UCW5FEe1eiOAKzcnhmeI0Mzw,Ssot쏫,un_ZlzymYX4,액션가면의 키리모찌 돈코츠라멘과 쫀득멜로,2025-01-22T15:45:28Z,445.0,False,6093,62.0,18.0
5864,UCW5FEe1eiOAKzcnhmeI0Mzw,Ssot쏫,5Ow7RtFf0pM,액션가면의 키리모찌 돈코츠라멘!!!,2025-01-22T15:45:45Z,53.0,True,4022,48.0,6.0
5864,UCW5FEe1eiOAKzcnhmeI0Mzw,Ssot쏫,t_dDM0HEjmQ,헬로키티 컵라면 완전 귀엽다앙,2025-01-30T15:44:30Z,398.0,False,14905,179.0,89.0
5864,UCW5FEe1eiOAKzcnhmeI0Mzw,Ssot쏫,fMsC8dVwxrM,헬로키티 컵라면 귀엽자낭,2025-01-30T15:44:42Z,47.0,True,6426,75.0,1.0
5865,UCPFW4r1nmTdtQUsAJSno1iA,속촌아씨,jKrhSQ8JYtw,소는 털갈이 시즌에 털이 얼마나 빠질까..? 🤔,2025-04-23T09:15:09Z,47.0,True,5252,39.0,3.0
5865,UCPFW4r1nmTdtQUsAJSno1iA,속촌아씨,kQ-NIZrAWmo,야간개장 단독대관 이벤트 프로포즈 영상 l Korean Folk Village Night Opening,2025-05-09T08:22:02Z,254.0,False,2088,33.0,0.0
5865,UCPFW4r1nmTdtQUsAJSno1iA,속촌아씨,le6K7L1RBjU,송아지에게 이름이 생겼다🐮,2025-05-09T08:30:34Z,44.0,True,4728,46.0,0.0
5865,UCPFW4r1nmTdtQUsAJSno1iA,속촌아씨,ZgEPWug7YSo,3초 안에 주인공이 바뀌는 방법🤴🏻,2025-05-15T09:15:02Z,5.0,True,11368,72.0,0.0
5865,UCPFW4r1nmTdtQUsAJSno1iA,속촌아씨,_UrzVIqxMdU,"민속촌 캐릭터, 밖에서도 과연 먹힐까? I 신상품 ep.0",2025-06-04T09:15:03Z,55.0,True,1877,32.0,2.0
5865,UCPFW4r1nmTdtQUsAJSno1iA,속촌아씨,1Kt2YyeptS0,일단 노비로 몰고 시작하는 인터뷰🗣 I 신상품 ep.01,2025-06-06T09:15:00Z,379.0,False,2464,24.0,3.0
5865,UCPFW4r1nmTdtQUsAJSno1iA,속촌아씨,gCd6WpHdEfs,소에게 초상화를 선물했다🎁,2025-06-07T09:01:02Z,54.0,True,5206,76.0,3.0
5865,UCPFW4r1nmTdtQUsAJSno1iA,속촌아씨,9-OTf35Ax3s,"배우는 안 맞고, PD가 물 맞는 여름💦",2025-06-15T09:15:03Z,94.0,False,3260,37.0,3.0
5865,UCPFW4r1nmTdtQUsAJSno1iA,속촌아씨,wtBgRyHccEg,텐션 미쳤닼ㅋㅋㅋㅋㅋㅋㅋ 민속촌 캐릭터들의 지면 물싸다구 맞기 물(?)게임,2025-06-20T09:15:14Z,96.0,False,3746,41.0,4.0
5865,UCPFW4r1nmTdtQUsAJSno1iA,속촌아씨,oTJIBnixRCI,물놀이 특,2025-06-21T08:01:03Z,81.0,False,3312,19.0,10.0
5865,UCPFW4r1nmTdtQUsAJSno1iA,속촌아씨,p4noFgDAX3A,[한국민속촌 괴담]  탈 공방의 탈들은 만지지 마세요... l 괴담촌 첫 번째 이야기,2025-07-09T09:01:13Z,240.0,False,4173,55.0,5.0
5865,UCPFW4r1nmTdtQUsAJSno1iA,속촌아씨,6-fcQkctjrk,요즘 더치페이💰,2025-07-12T09:00:07Z,170.0,False,2011,22.0,6.0
5865,UCPFW4r1nmTdtQUsAJSno1iA,속촌아씨,UWeJdPvx4Us,막걸리 맛 구분 가능? 막걸리 애주가에게 물어봤습니다.,2025-07-18T09:15:03Z,225.0,False,1048,20.0,3.0
5865,UCPFW4r1nmTdtQUsAJSno1iA,속촌아씨,B0w0TsRdzok,[한국민속촌 괴담] 나무가 대롱대롱 흔들리던 이유 l 괴담촌 두 번째 이야기,2025-07-23T09:13:44Z,258.0,False,2985,45.0,3.0
5865,UCPFW4r1nmTdtQUsAJSno1iA,속촌아씨,qAWe8s8OBTM,"끝나지 않을 여름밤, 당신을 기다립니다...👻 2025 심야공포촌 오픈",2025-07-24T09:26:28Z,34.0,True,7925,44.0,6.0
5865,UCPFW4r1nmTdtQUsAJSno1iA,속촌아씨,HOk8SqV6M8I,공포의 끝판왕.. 더 강력하게 돌아왔다.. ☠ I 2025 심야공포촌 Highlight,2025-08-01T10:00:26Z,74.0,False,5108,33.0,1.0
5865,UCPFW4r1nmTdtQUsAJSno1iA,속촌아씨,fuQYMv4kwz8,[한국민속촌 괴담] 모르는 할머니가 말을 걸면 조심하세요 l 괴담촌 세 번째 이야기,2025-08-05T11:01:13Z,270.0,False,2649,38.0,3.0
5865,UCPFW4r1nmTdtQUsAJSno1iA,속촌아씨,32QfaLITL2g,오빠는 에겐남도 아깝다;;,2025-08-09T09:15:01Z,205.0,False,2667,33.0,3.0
5865,UCPFW4r1nmTdtQUsAJSno1iA,속촌아씨,Q6MRDG2jdRk,한국민속촌 심야공포촌 : 심야클럽 극락파티 👻,2025-08-17T09:20:39Z,32.0,True,3900,34.0,2.0
5865,UCPFW4r1nmTdtQUsAJSno1iA,속촌아씨,6w8RYWsJ7Hc,[VLOG] 심야대학교 담력 체험 동아리의 '심야공포촌' 체험기🧛‍♀️,2025-08-20T11:00:21Z,503.0,False,1531,24.0,1.0
5865,UCPFW4r1nmTdtQUsAJSno1iA,속촌아씨,v5rUuJfvjho,[한국민속촌 괴담] 민속촌 지도 괴담 l 괴담촌 네 번째 이야기,2025-08-26T11:01:36Z,380.0,False,2151,41.0,1.0
5865,UCPFW4r1nmTdtQUsAJSno1iA,속촌아씨,HAlYr0C3DVQ,잠수이별의 기준,2025-08-31T09:15:03Z,193.0,False,2749,34.0,7.0
5865,UCPFW4r1nmTdtQUsAJSno1iA,속촌아씨,_QQMuF9WCCk,"세계인이 찾는 K-컬처의 중심, 한국민속촌",2025-09-04T05:11:55Z,165.0,False,1824,33.0,3.0
5865,UCPFW4r1nmTdtQUsAJSno1iA,속촌아씨,ktwGxMmjLiM,인형에게 숨바꼭질을 부탁해봤다 l 한국민속촌 가을 시즌 오픈 티저 (2025),2025-09-11T09:30:27Z,137.0,False,887,23.0,4.0
5865,UCPFW4r1nmTdtQUsAJSno1iA,속촌아씨,OHAemu0rSHg,나랑 같이 놀자..👻 I 2025 귀신사바 귀신놀이,2025-09-13T09:15:02Z,78.0,False,4102,30.0,2.0
5865,UCPFW4r1nmTdtQUsAJSno1iA,속촌아씨,c2dEeUI0Qa4,Q: 그 사람 어떻게 생겼어..? A: 그냥...,2025-09-30T09:15:03Z,93.0,False,3775,34.0,12.0
5865,UCPFW4r1nmTdtQUsAJSno1iA,속촌아씨,9BYrs0SzbfU,뭐든 따라 해도 된다면서요?,2025-10-03T09:15:01Z,215.0,False,3967,42.0,7.0
5865,UCPFW4r1nmTdtQUsAJSno1iA,속촌아씨,dcQsFReRb5U,★추석특집★ 소망이랑 친해지기 1~8화 몰아보기!,2025-10-10T09:15:04Z,373.0,False,783,19.0,2.0
5865,UCPFW4r1nmTdtQUsAJSno1iA,속촌아씨,mn9mG18OuC8,매니저가 자꾸 나를 손민수 한다..,2025-10-31T09:01:33Z,189.0,False,1623,24.0,2.0
5865,UCPFW4r1nmTdtQUsAJSno1iA,속촌아씨,GdJseToP67Y,임금님이 백성들을 너무 사랑하면 발생하는 일 I 2025 겨울시즌 오픈,2025-11-11T09:00:34Z,82.0,False,1563,17.0,1.0
5865,UCPFW4r1nmTdtQUsAJSno1iA,속촌아씨,Obf6DU_sEQI,"조선판 크리스마스 굿즈를 모아놓은 민속촌 비밀 크리스마스마켓이 열렸다!!🎄🎅 별빛처럼 쏟아지는 불빛 속, 산타왕이 선사하는 조선의 크리스마스가 시작된다!",2025-11-25T04:51:41Z,21.0,True,4480,29.0,1.0
5865,UCPFW4r1nmTdtQUsAJSno1iA,속촌아씨,GBpat2WX2ns,상금 500만원을 위해 우주에서 떨어진 산타 l 2025 운좋은산타 AI 홍보영상,2025-12-09T09:00:25Z,32.0,True,521,18.0,0.0
5865,UCPFW4r1nmTdtQUsAJSno1iA,속촌아씨,BBcNEWY7I2U,코드레드: 의무실 환자의 탈출 l 2025 운좋은산타,2025-12-13T09:00:12Z,110.0,False,1111,20.0,3.0
5865,UCPFW4r1nmTdtQUsAJSno1iA,속촌아씨,VBhU3kRr-uo,크리스마스에 솔로여도 괜찮은 정석 l 2025 운좋은산타,2025-12-14T09:00:48Z,132.0,False,629,18.0,2.0
5865,UCPFW4r1nmTdtQUsAJSno1iA,속촌아씨,T9e-0c4BfJ4,이번 달 카드값은 500만원입니다😱 l 2025 운좋은산타,2025-12-20T08:54:09Z,118.0,False,593,14.0,0.0
5865,UCPFW4r1nmTdtQUsAJSno1iA,속촌아씨,iFxoJsbNn6s,산타가 500만 원을 뽑은 이유 l 2025 운좋은산타,2025-12-22T09:01:13Z,57.0,True,959,20.0,2.0
5865,UCPFW4r1nmTdtQUsAJSno1iA,속촌아씨,VzUYgPtOl5E,자신이 없어요.. 질 자신이 ^^ I 흑백댄서 1:1 에이스 데스매치 I 2026 한국민속촌 신년 축제 '한겨울나례',2026-01-10T09:15:03Z,133.0,False,1500,35.0,4.0
5865,UCPFW4r1nmTdtQUsAJSno1iA,속촌아씨,h9wh7RaVFjs,2026 KFV Dance CYPHER l 한국민속촌 신년 축제 '한겨울나례',2026-01-11T09:01:08Z,60.0,True,821,16.0,0.0
5865,UCPFW4r1nmTdtQUsAJSno1iA,속촌아씨,cZqAO0L4S8I,이게 AI 국힙이라고? ㅣ2026 한겨울나례 MV,2026-01-14T08:40:17Z,63.0,False,3493,77.0,11.0
5865,UCPFW4r1nmTdtQUsAJSno1iA,속촌아씨,J-KEtASRLIY,웍 질 MV 커버 하지고랭?,2026-01-29T09:00:21Z,95.0,False,1079,13.0,1.0
5865,UCPFW4r1nmTdtQUsAJSno1iA,속촌아씨,f8YQePY9aFw,한국판 겨울왕국이라는 한국민속촌 설경모습,2026-02-09T09:35:09Z,70.0,False,814,24.0,3.0
5865,UCPFW4r1nmTdtQUsAJSno1iA,속촌아씨,2tgzJN6nU5M,조선판 두쫀쿠의 원조! 개성주악 제조과정 대방출❗❗,2026-02-12T09:00:06Z,63.0,False,1024,11.0,1.0
5865,UCPFW4r1nmTdtQUsAJSno1iA,속촌아씨,bPZT8Oc3Ivw,조선을 라스베이거스로 만들어버린 애기씨의 일탈,2026-03-14T09:00:49Z,82.0,False,1887,26.0,4.0
5865,UCPFW4r1nmTdtQUsAJSno1iA,속촌아씨,0HuW736qVY0,잡히면 옥사간다.. 조선판 경찰과 도둑👨🏻‍✈️,2026-03-21T09:00:00Z,223.0,False,1615,37.0,5.0
5865,UCPFW4r1nmTdtQUsAJSno1iA,속촌아씨,GHzHZuXYsHM,나랑 천국도 갈래? 조선판 소개팅!🌸 솔로조선💖 I 2026 웰컴투조선,2026-03-27T09:01:09Z,248.0,False,2851,32.0,1.0
5865,UCPFW4r1nmTdtQUsAJSno1iA,속촌아씨,P6ZOEzLA5VI,민속촌이 숨겨온 귀신의 문이 다시 열렸다,2026-03-29T08:53:31Z,22.0,True,1290,23.0,2.0
5865,UCPFW4r1nmTdtQUsAJSno1iA,속촌아씨,XBkLZnAdNS8,민속촌이 작정하고 만든 조선시대 최악의 악귀,2026-04-15T09:00:51Z,27.0,True,1569,25.0,3.0
5865,UCPFW4r1nmTdtQUsAJSno1iA,속촌아씨,QViTQoA5r90,엄하고 보수적인 가문에서 자란 내가 스파이를 제안 받아 민속촌에 위장 취업 l 제2대 속촌아씨 TEASER,2026-04-22T09:30:29Z,90.0,False,1112,31.0,17.0
5865,UCPFW4r1nmTdtQUsAJSno1iA,속촌아씨,anTSlu-Ge14,왜 여기만 오면 눈물이 나지..💧 나.. 전생의 공주였나봐..👸🏻 l 2026 한국민속촌 야간개장🌙,2026-04-23T09:00:04Z,98.0,False,999,27.0,4.0
5865,UCPFW4r1nmTdtQUsAJSno1iA,속촌아씨,me8ZxxJuDko,올해 공포체험 끝판왕ㅣ한국민속촌 '살귀옥',2026-05-09T09:14:28Z,25.0,True,1148,26.0,4.0
5866,UCoJQwxLJ_tRte5F3DK27FZw,윤코치의 맛만 볼까? Coach Yoon,ZHjGDxiLnzE,천하장사가 직접 구워준 소고기 맛은?! #shorts #먹방 #소고기 #korea,2024-11-04T10:00:34Z,60.0,True,46704,506.0,30.0
5866,UCoJQwxLJ_tRte5F3DK27FZw,윤코치의 맛만 볼까? Coach Yoon,zv4EeZcpIuU,나랑 닮아서 싫어? #shorts #닮아도 #페이스캠 #도플갱어,2024-11-06T08:00:51Z,35.0,True,118453,840.0,29.0
5866,UCoJQwxLJ_tRte5F3DK27FZw,윤코치의 맛만 볼까? Coach Yoon,LIspQcGNYUE,도망친 먹방 유튜버 잡았습니다,2024-11-10T08:00:15Z,897.0,False,305977,5924.0,659.0
5866,UCoJQwxLJ_tRte5F3DK27FZw,윤코치의 맛만 볼까? Coach Yoon,WDN7_x9iVB0,못 먹게 해서 싸움... #shorts #먹방 #여행,2024-11-11T11:30:26Z,60.0,True,235867,1901.0,25.0
5866,UCoJQwxLJ_tRte5F3DK27FZw,윤코치의 맛만 볼까? Coach Yoon,Fmu_rQhLFU8,냉면에 밥 말아먹기 #shorts #먹방 #냉면,2024-11-13T08:00:11Z,38.0,True,1953405,10875.0,487.0
5866,UCoJQwxLJ_tRte5F3DK27FZw,윤코치의 맛만 볼까? Coach Yoon,2OZ4mS_wkvo,술 안 먹으려고 했는데...,2024-11-17T08:00:02Z,1094.0,False,229802,4318.0,195.0
5866,UCoJQwxLJ_tRte5F3DK27FZw,윤코치의 맛만 볼까? Coach Yoon,HEdMX1gd3zs,해장은 이거지! 바로 술 시키지 #shorts #먹방,2024-11-18T05:00:12Z,37.0,True,68293,669.0,43.0
5866,UCoJQwxLJ_tRte5F3DK27FZw,윤코치의 맛만 볼까? Coach Yoon,DdwezYuomJw,답답한 PD... #shorts #먹방 #memes,2024-11-20T09:00:23Z,39.0,True,78272,542.0,7.0
5866,UCoJQwxLJ_tRte5F3DK27FZw,윤코치의 맛만 볼까? Coach Yoon,qeuFoBHtH68,김치찌개랑 계란프라이 9개,2024-11-24T08:00:43Z,592.0,False,145134,3275.0,144.0
5866,UCoJQwxLJ_tRte5F3DK27FZw,윤코치의 맛만 볼까? Coach Yoon,xs_IO5ja0-A,이거 먹으러 땅 끝까지 찾아 갔습니다,2024-12-01T08:00:55Z,592.0,False,79394,2185.0,107.0
5866,UCoJQwxLJ_tRte5F3DK27FZw,윤코치의 맛만 볼까? Coach Yoon,NC6N9wpXb9c,집밥 돼지갈비+파김치 ☆ 맛만볼까?,2024-12-08T08:00:29Z,997.0,False,105377,2268.0,93.0
5866,UCoJQwxLJ_tRte5F3DK27FZw,윤코치의 맛만 볼까? Coach Yoon,5KpH5xRSIi4,만두 먹으러 정읍까지 갔는데... [마지막 반전 영상],2024-12-15T08:00:04Z,686.0,False,373916,5219.0,215.0
5866,UCoJQwxLJ_tRte5F3DK27FZw,윤코치의 맛만 볼까? Coach Yoon,KGmNYIV-ac0,장어 혼쭐내기 / 장어 먹고 디저트 빵까지 뿌시자,2024-12-22T08:00:21Z,1079.0,False,90776,2099.0,84.0
5866,UCoJQwxLJ_tRte5F3DK27FZw,윤코치의 맛만 볼까? Coach Yoon,BpPqiR9phGA,씨름부는 먹는 것도 훈련이다. (씨름부 VS 소고기),2024-12-29T08:00:12Z,1027.0,False,167029,3263.0,215.0
5866,UCoJQwxLJ_tRte5F3DK27FZw,윤코치의 맛만 볼까? Coach Yoon,yvFJlj3fPnQ,[EN] 위기의 윤코치?! 먹방을 못 찍은 이유,2025-01-12T08:00:48Z,935.0,False,285834,3605.0,114.0
5866,UCoJQwxLJ_tRte5F3DK27FZw,윤코치의 맛만 볼까? Coach Yoon,2AaBNd41Qf8,천하장사가 먹는 영양제는? 오타쿠의 정체 ㅋㅋ,2025-01-19T05:30:02Z,56.0,True,49952,453.0,10.0
5866,UCoJQwxLJ_tRte5F3DK27FZw,윤코치의 맛만 볼까? Coach Yoon,EN9iUMV0uMY,영암 천하장사 대회 회식비만 2200만원?!,2025-01-19T08:00:16Z,729.0,False,909527,7286.0,350.0
5866,UCoJQwxLJ_tRte5F3DK27FZw,윤코치의 맛만 볼까? Coach Yoon,AHCu3tAg3_c,씨름 1세대 팬을 만나다 전성기의 윤코치를 만나다 #팬미팅 #팬사랑 #씨름 #shorts #맛만볼까,2025-01-20T07:00:09Z,59.0,True,28149,317.0,11.0
5866,UCoJQwxLJ_tRte5F3DK27FZw,윤코치의 맛만 볼까? Coach Yoon,mj3twnhJ7iY,씨름선수들은 사실 소식좌들이다...? [Pasta Pizza Party],2025-01-26T08:00:39Z,632.0,False,79446,2011.0,111.0
5866,UCoJQwxLJ_tRte5F3DK27FZw,윤코치의 맛만 볼까? Coach Yoon,3q8sRMswL0M,서산 영성각 짜장면 짬뽕 옛날 탕수육 맛집,2025-02-02T08:00:04Z,434.0,False,236871,4267.0,248.0
5866,UCoJQwxLJ_tRte5F3DK27FZw,윤코치의 맛만 볼까? Coach Yoon,gkCMOKny9fg,대학교 씨름부 모임은 이러고 놉니다,2025-02-09T12:15:04Z,1005.0,False,181298,3236.0,150.0
5866,UCoJQwxLJ_tRte5F3DK27FZw,윤코치의 맛만 볼까? Coach Yoon,bnLE9fU_2Y0,[태안] 새벽 6시부터 해장 하는 김칫국 맛집 (눈 뜨자마자 과식),2025-02-16T08:00:34Z,648.0,False,125221,2697.0,144.0
5866,UCoJQwxLJ_tRte5F3DK27FZw,윤코치의 맛만 볼까? Coach Yoon,y3SY3XpwPM4,짤리더라도 한잔 한 김에 소신 발언하겠습니다,2025-02-23T08:00:48Z,1327.0,False,384909,6274.0,455.0
5866,UCoJQwxLJ_tRte5F3DK27FZw,윤코치의 맛만 볼까? Coach Yoon,b9QsidSmJgc,이천 46년 물갈비 노포집 제일갈비 / 제2의 명성갈비!? 그리고 알짬뽕 들어보셨나요?!,2025-03-02T08:00:28Z,758.0,False,126091,2564.0,120.0
5866,UCoJQwxLJ_tRte5F3DK27FZw,윤코치의 맛만 볼까? Coach Yoon,XI41ay_ccr8,이걸 먹는다고?!🤣 콩나물국밥🇰🇷  VS  🇯🇵라멘,2025-03-09T08:00:28Z,818.0,False,59722,1616.0,53.0
5866,UCoJQwxLJ_tRte5F3DK27FZw,윤코치의 맛만 볼까? Coach Yoon,bxp36hEr7nQ,"""이게 활우럭조림이라고요? 찾았다 인생 조림'😲""",2025-03-16T08:00:36Z,595.0,False,37301,1317.0,44.0
5866,UCoJQwxLJ_tRte5F3DK27FZw,윤코치의 맛만 볼까? Coach Yoon,QF-kM978sD0,"""사장님, 여기 돼지불백에 한치가 있는데요?""",2025-03-23T08:00:20Z,459.0,False,44507,1317.0,54.0
5866,UCoJQwxLJ_tRte5F3DK27FZw,윤코치의 맛만 볼까? Coach Yoon,3ceN1E6q_G0,떡볶이 먹방하다가… 딸의 썸남 고백 들은 아빠의 반응😳ㅋㅋ,2025-03-30T08:00:07Z,829.0,False,73858,1975.0,100.0
5866,UCoJQwxLJ_tRte5F3DK27FZw,윤코치의 맛만 볼까? Coach Yoon,vN7xJH7fmiY,190cm 130kg 중학생 천하장사?! 괴물 피지컬 / 고기 순삭...,2025-04-06T08:00:51Z,737.0,False,756156,6965.0,283.0
5866,UCoJQwxLJ_tRte5F3DK27FZw,윤코치의 맛만 볼까? Coach Yoon,v58JW4LTjKA,씨름 7:1 전설의 한판!🔥그리고 이자카야 초토화됨,2025-04-13T08:01:02Z,1279.0,False,134591,2352.0,94.0
5866,UCoJQwxLJ_tRte5F3DK27FZw,윤코치의 맛만 볼까? Coach Yoon,Be0XurnNm_E,강릉 바다 앞 먹방 도중 구독자 충격 고백?! 문어라면에 취한 무속인 PD의 정체는? [술판 난리난 찐텐션 먹방],2025-04-20T09:00:29Z,1020.0,False,201634,3871.0,177.0
5866,UCoJQwxLJ_tRte5F3DK27FZw,윤코치의 맛만 볼까? Coach Yoon,_yKIYM05hbg,도합 508KG 거인들의 30인분 뽈살 먹방[윤코치VS광재언니vS이규호],2025-04-27T08:45:02Z,1174.0,False,726010,9021.0,374.0
5866,UCoJQwxLJ_tRte5F3DK27FZw,윤코치의 맛만 볼까? Coach Yoon,2Zh-JcsJr50,"48가지 반찬에 감성돔+도다리 지리탕?! 용왕님도 부러워할 해산물 파티!""(오랜만에 그가 돌아왔다)",2025-05-04T08:45:00Z,916.0,False,278313,4953.0,174.0
5866,UCoJQwxLJ_tRte5F3DK27FZw,윤코치의 맛만 볼까? Coach Yoon,ATvgfn44bEM,빵 구웠는데 밥먹으러 가자고?!ㅋ [낙지초무침 제육볶음.된장찌개],2025-05-11T08:45:01Z,725.0,False,15164,662.0,38.0
5866,UCoJQwxLJ_tRte5F3DK27FZw,윤코치의 맛만 볼까? Coach Yoon,f-_cTVKtz04,현지보다 더 맛있다고?! 태국인도 놀란 목포 태국집,2025-05-18T08:45:04Z,776.0,False,25715,928.0,30.0
5866,UCoJQwxLJ_tRte5F3DK27FZw,윤코치의 맛만 볼까? Coach Yoon,SOcPcS2EYKg,대전 50년 냉삼 노포! 윤코치가 인정한 인생 삼겹살 맛집 TOP3,2025-05-25T08:00:34Z,569.0,False,178349,2763.0,129.0
5866,UCoJQwxLJ_tRte5F3DK27FZw,윤코치의 맛만 볼까? Coach Yoon,SjoQ2yk3IH8,문경 30년째 다니는 윤코치의 소고기 단골 찐노포! 제작진도 반한 소주 맛집,2025-06-08T08:00:25Z,771.0,False,152659,2671.0,123.0
5866,UCoJQwxLJ_tRte5F3DK27FZw,윤코치의 맛만 볼까? Coach Yoon,r8jlZiQU4Sw,탕수육이 미쳤다! 경상도 45년 노포 한식 중식 둘 다 되는 찐맛집,2025-06-15T08:00:54Z,761.0,False,130587,2538.0,132.0
5866,UCoJQwxLJ_tRte5F3DK27FZw,윤코치의 맛만 볼까? Coach Yoon,LEOeQfCOq10,서울 기사식당 불꽃백반 (불고기+양념게장)의 미친 조화 / 위고비도 포기하게 만든 맛ㅋㅋ,2025-06-22T08:00:21Z,681.0,False,104636,2075.0,94.0
5866,UCoJQwxLJ_tRte5F3DK27FZw,윤코치의 맛만 볼까? Coach Yoon,se4RnEupIe4,고기 먹다보니 배가 상에 닿았(?)습니다 ㅋㅋㅋ 차돌집 맛만볼까?,2025-06-29T08:00:56Z,703.0,False,144457,2667.0,100.0
5866,UCoJQwxLJ_tRte5F3DK27FZw,윤코치의 맛만 볼까? Coach Yoon,77BxTTzR-oc,여름은 칡냉면! 그리고 부평 전설의 떡볶이까지!,2025-07-06T08:00:13Z,892.0,False,84788,1910.0,89.0
5866,UCoJQwxLJ_tRte5F3DK27FZw,윤코치의 맛만 볼까? Coach Yoon,Jxr4ilAeoJA,인천 3대 해장국 PD도 반한 맛집 [맛만볼까?],2025-07-13T08:00:30Z,654.0,False,108744,1937.0,107.0
5866,UCoJQwxLJ_tRte5F3DK27FZw,윤코치의 맛만 볼까? Coach Yoon,SR4oCarkcBY,천안 오징어볶음쟁반짜장면 먹고 씨름단 회식 단체 예약 박음ㅋㅋ(구독자 추천 맛집) 짬뽕시장,2025-07-20T08:00:28Z,693.0,False,215139,3218.0,152.0
5866,UCoJQwxLJ_tRte5F3DK27FZw,윤코치의 맛만 볼까? Coach Yoon,YehHBdUSXMI,"천안 구독자가 추천한 맛집 ""이렇게 맛있다고?!"" 윤코치도 놀랐다",2025-07-27T08:00:37Z,881.0,False,146545,2788.0,156.0
5866,UCoJQwxLJ_tRte5F3DK27FZw,윤코치의 맛만 볼까? Coach Yoon,S8DKH065i_A,제육+주꾸미 조합은 진리! 윤코치가 또 소주를..?,2025-08-03T08:00:35Z,759.0,False,76933,2071.0,79.0
5866,UCoJQwxLJ_tRte5F3DK27FZw,윤코치의 맛만 볼까? Coach Yoon,Bk47MpuYO7A,시장인데… 일본 온 줄?! 참치 = 비싸다? 근데 이 가격에?! 미친 갓성비 ㄷㄷ,2025-08-17T08:00:12Z,802.0,False,109583,2386.0,97.0
5866,UCoJQwxLJ_tRte5F3DK27FZw,윤코치의 맛만 볼까? Coach Yoon,Z4gtwLzeAW0,"중1 맞아? 윤코치 딸 주하, 씨름 천재 등판 + 화성여자씨름단도 놀란 육칼 먹방!",2025-08-24T08:00:37Z,864.0,False,332832,5563.0,353.0
5866,UCoJQwxLJ_tRte5F3DK27FZw,윤코치의 맛만 볼까? Coach Yoon,EkzhP4-5Kts,윤코치 막내딸 시하 등장! 인천 삼겹살 폭풍 먹방 🍖🔥,2025-08-31T08:00:28Z,615.0,False,649629,9125.0,709.0
5866,UCoJQwxLJ_tRte5F3DK27FZw,윤코치의 맛만 볼까? Coach Yoon,A1YG93l6BaA,칼삼겹 장인 등장! 윤코치도 놀란 장PD 단골 맛집,2025-09-14T08:00:17Z,734.0,False,124143,2399.0,96.0
5866,UCoJQwxLJ_tRte5F3DK27FZw,윤코치의 맛만 볼까? Coach Yoon,kBmtCGfIjCs,(재업)대전 야장의 전설 포장마차! [술부심 파괴자],2025-09-20T03:00:52Z,768.0,False,323260,3376.0,283.0
5867,UCP5M5xLt4TRzPqj8zlAskzQ,박씨집안,IzMyw4GPTCs,내 딸 인생 망치는 최악의 사위 월드컵 ㅋㅋㅋㅋㅋ,2026-01-09T09:09:50Z,55.0,True,44829,479.0,7.0
5867,UCP5M5xLt4TRzPqj8zlAskzQ,박씨집안,6YVYNliaWpg,엄마 몰래 1시간 동안 햄버거 다 털고 오기!! 성공? 실패?!,2026-01-12T08:59:42Z,954.0,False,209257,2299.0,177.0
5867,UCP5M5xLt4TRzPqj8zlAskzQ,박씨집안,FhSHw5FvI-0,촛불 끄기 게임 ㅋㅋㅋㅋ,2026-01-14T09:00:32Z,44.0,True,243977,2562.0,15.0
5867,UCP5M5xLt4TRzPqj8zlAskzQ,박씨집안,cgZohD8TGyw,아빠vs아들 가족들이 뽑은 1등 요리왕은?!,2026-01-15T09:32:40Z,868.0,False,134590,1760.0,145.0
5867,UCP5M5xLt4TRzPqj8zlAskzQ,박씨집안,uyyWq3qWATA,여동생 생일에 자취방 습격했는데 반응이 예상과 달랐습니다ㄷㄷㄷ,2026-01-19T09:01:25Z,821.0,False,122491,1744.0,168.0
5867,UCP5M5xLt4TRzPqj8zlAskzQ,박씨집안,pjYhuCIPJYM,엄마vs아들 누가 더 무식할까?! 의외의 모습을 발견했습니다ㄷㄷ,2026-01-22T09:01:09Z,910.0,False,78947,1139.0,133.0
5867,UCP5M5xLt4TRzPqj8zlAskzQ,박씨집안,pHzmqnk3krQ,"하루 동안 카레만 10,000칼로리 먹기! 몇 그릇이나 먹어야 할까?!",2026-01-26T09:01:14Z,1372.0,False,244303,2392.0,288.0
5867,UCP5M5xLt4TRzPqj8zlAskzQ,박씨집안,A_4KCUuSqmg,파스타 텔레파시 게임!! 토마토 파스타 만들기로 한 거 아니야?!,2026-01-29T09:00:29Z,642.0,False,114047,1538.0,170.0
5867,UCP5M5xLt4TRzPqj8zlAskzQ,박씨집안,_NeBhwRm9j0,공 계란 게임 ㅋㅋㅋㅋㅋㅋ,2026-01-30T08:57:34Z,44.0,True,288377,3000.0,19.0
5867,UCP5M5xLt4TRzPqj8zlAskzQ,박씨집안,lbPNvCiuatM,젤리 피하기 게임 ㅋㅋㅋ,2026-02-01T10:46:48Z,55.0,True,1152928,18550.0,67.0
5867,UCP5M5xLt4TRzPqj8zlAskzQ,박씨집안,o87Ur7wQFL8,5년 같이 일한 친구가 퇴사를 했습니다,2026-02-02T09:01:18Z,1257.0,False,133181,2522.0,166.0
5867,UCP5M5xLt4TRzPqj8zlAskzQ,박씨집안,H4PIAq--8rY,엄마 vs 딸!! 아들친구가 뽑은 1등 요리왕은?!,2026-02-05T10:03:59Z,916.0,False,94514,1437.0,107.0
5867,UCP5M5xLt4TRzPqj8zlAskzQ,박씨집안,fvCNG-bqpDg,영하 14도 추위에 서로 성격 나왔습니다...,2026-02-09T09:00:54Z,780.0,False,79832,1288.0,104.0
5867,UCP5M5xLt4TRzPqj8zlAskzQ,박씨집안,Cl0hyVua-94,신박한 초성게임 9 ㅋㅋㅋㅋㅋㅋ,2026-02-10T09:24:42Z,54.0,True,213381,3543.0,37.0
5867,UCP5M5xLt4TRzPqj8zlAskzQ,박씨집안,uJSgdp90XkY,엄마 몰래 1시간 동안 삼겹살 구워 먹고 오기!! 성공? 실패?!,2026-02-12T09:01:31Z,862.0,False,186319,1931.0,169.0
5867,UCP5M5xLt4TRzPqj8zlAskzQ,박씨집안,YkCOc8c3iJQ,역대급 가족들 장난치기 리액션 모음집 ㅋㅋㅋ,2026-02-16T09:00:53Z,3161.0,False,74147,864.0,49.0
5867,UCP5M5xLt4TRzPqj8zlAskzQ,박씨집안,7Kp2Sn56PJ0,60대 재혼부부가 20년째 같이 사는 이유,2026-02-19T09:00:17Z,696.0,False,41091,755.0,69.0
5867,UCP5M5xLt4TRzPqj8zlAskzQ,박씨집안,E_SSinpTHF0,돈가스 텔레파시 게임!! 왜 이걸 사오는 거야?!!,2026-02-23T09:06:18Z,768.0,False,133493,1771.0,161.0
5867,UCP5M5xLt4TRzPqj8zlAskzQ,박씨집안,2Z6XYcOvL6o,엄마 vs 딸!! 이희태가 뽑은 1등 요리왕은?!,2026-02-26T09:00:04Z,1017.0,False,127053,1709.0,166.0
5867,UCP5M5xLt4TRzPqj8zlAskzQ,박씨집안,SWj3nxB-g9c,컵쌓기 게임 ㅋㅋㅋㅋ,2026-02-26T09:30:16Z,38.0,True,1212189,16490.0,127.0
5867,UCP5M5xLt4TRzPqj8zlAskzQ,박씨집안,gW4r7DsPDUc,삼겹살데이에 삼겹살 먹는 여동생 따라가기ㅋㅋㅋ 혼자 몇 인분을 먹는 거야 ㅋㅋㅋ,2026-03-02T09:00:58Z,769.0,False,124007,1675.0,108.0
5867,UCP5M5xLt4TRzPqj8zlAskzQ,박씨집안,mlR5tTgCsuo,비닐 배구 게임 ㅋㅋㅋ,2026-03-03T11:46:58Z,39.0,True,232389,2684.0,18.0
5867,UCP5M5xLt4TRzPqj8zlAskzQ,박씨집안,pzL6hnCD22E,"눈,귀,입 다 막고 엄마 생일상 차리기 ㅋㅋㅋㅋㅋㅋ",2026-03-05T09:01:14Z,1020.0,False,112792,1779.0,120.0
5867,UCP5M5xLt4TRzPqj8zlAskzQ,박씨집안,-NHLE7S9aGA,와사비 피하기 게임 ㅋㅋㅋㅋㅋ,2026-03-06T08:57:47Z,56.0,True,123439,2524.0,48.0
5867,UCP5M5xLt4TRzPqj8zlAskzQ,박씨집안,D3eMEoPz3sw,이거 성공 한 사람 있음?,2026-03-08T10:28:03Z,57.0,True,87403,1750.0,27.0
5867,UCP5M5xLt4TRzPqj8zlAskzQ,박씨집안,SPu-gMMaJxo,여동생 몰래 1시간 안에 피자 먹고 오기!! 성공? 실패?!,2026-03-09T09:00:37Z,1047.0,False,143784,2058.0,152.0
5867,UCP5M5xLt4TRzPqj8zlAskzQ,박씨집안,wBSRgmteV_E,풍선 축구 게임 ㅋㅋㅋ,2026-03-11T09:02:12Z,49.0,True,66559,1097.0,14.0
5867,UCP5M5xLt4TRzPqj8zlAskzQ,박씨집안,2pihR68h1a0,엄마 생일인데 아빠가 진짜 이상합니다...,2026-03-12T09:15:45Z,886.0,False,69837,1260.0,92.0
5867,UCP5M5xLt4TRzPqj8zlAskzQ,박씨집안,rcU2bbS5-uE,풍선 잡으면 5만원!!!,2026-03-13T10:49:12Z,40.0,True,44301,848.0,12.0
5867,UCP5M5xLt4TRzPqj8zlAskzQ,박씨집안,1TeBD6-vk7I,아.. 엄마 두쫀쿠 그거 아니라고요!!!!,2026-03-16T09:24:47Z,903.0,False,74124,1307.0,103.0
5867,UCP5M5xLt4TRzPqj8zlAskzQ,박씨집안,X2oL9U9yC8Q,"하루 동안 비빔밥만 10,000칼로리 먹기! 몇 그릇이나 먹어야 할까?!",2026-03-19T10:16:16Z,1108.0,False,145162,1842.0,169.0
5867,UCP5M5xLt4TRzPqj8zlAskzQ,박씨집안,ZT1sYq738Fg,피자 텔레파시 게임!! 피자를 이렇게 만든다고?!!,2026-03-23T09:18:41Z,852.0,False,104029,1625.0,158.0
5867,UCP5M5xLt4TRzPqj8zlAskzQ,박씨집안,tN2KxLN2MYs,여동생 결혼 못 할 것 같습니다...,2026-03-26T09:01:13Z,715.0,False,58553,1007.0,75.0
5867,UCP5M5xLt4TRzPqj8zlAskzQ,박씨집안,exDDK98YbD0,가족끼리 사진 찍기 힘든 이유 ㅋㅋㅋㅋ,2026-03-28T01:11:12Z,56.0,True,71684,1374.0,26.0
5867,UCP5M5xLt4TRzPqj8zlAskzQ,박씨집안,vltCrEX3y3Y,"눈,귀,입 다 막고 떡볶이 만들어 먹기ㅋㅋㅋㅋㅋㅋ",2026-03-30T09:01:00Z,905.0,False,93109,1355.0,185.0
5867,UCP5M5xLt4TRzPqj8zlAskzQ,박씨집안,PBpPX7a-SdI,가족끼리 닌텐도 스위치 2 하다가 탈진함 ㅋㅋㅋㅋㅋ,2026-03-31T09:00:55Z,54.0,True,24982,391.0,12.0
5867,UCP5M5xLt4TRzPqj8zlAskzQ,박씨집안,YGbSw0n85WQ,엄마 요리 vs 딸 요리!! 아들 친구가 먹고 깜짝 놀라네요ㅋㅋㅋㅋㅋ,2026-04-02T09:00:41Z,885.0,False,86415,1341.0,105.0
5867,UCP5M5xLt4TRzPqj8zlAskzQ,박씨집안,-DNww_-ulks,아빠 몰래 1시간 안에 시장 털고 오기!! 성공? 실패?!,2026-04-06T09:28:39Z,902.0,False,123045,1783.0,96.0
5867,UCP5M5xLt4TRzPqj8zlAskzQ,박씨집안,4um9nXk8yrY,엄마가 갱년기로 힘들다고?! 당장 모시고 나와!!!!!!,2026-04-09T09:38:33Z,683.0,False,78305,1198.0,98.0
5867,UCP5M5xLt4TRzPqj8zlAskzQ,박씨집안,THI3qq3HbOE,엄마가 봄동비빔밥에 빠졌습니다 엄마 나물은 그만 넣으시라고요!!,2026-04-13T09:03:26Z,701.0,False,62660,1127.0,72.0
5867,UCP5M5xLt4TRzPqj8zlAskzQ,박씨집안,zj_ClROZLgw,가족끼리 하루 종일 굶고 게임 대결 하다가 싸움났습니다!!!,2026-04-16T09:01:32Z,799.0,False,71019,995.0,59.0
5867,UCP5M5xLt4TRzPqj8zlAskzQ,박씨집안,d-kQlyuQZwg,무게 맞히기 게임ㅋㅋㅋㅋㅋㅋ,2026-04-18T11:54:21Z,30.0,True,159809,2249.0,16.0
5867,UCP5M5xLt4TRzPqj8zlAskzQ,박씨집안,a94FRIRUdY8,치킨 텔레파시 게임!! 오늘만큼은 제발!!,2026-04-20T09:00:01Z,788.0,False,106736,1535.0,113.0
5867,UCP5M5xLt4TRzPqj8zlAskzQ,박씨집안,9BWPQIZNe3Q,막둥이 깜짝 생일 파티ㅋㅋ 원하는 거 다 사주고 반응 보기ㅋㅋㅋㅋ,2026-04-23T10:44:31Z,833.0,False,64095,1230.0,119.0
5867,UCP5M5xLt4TRzPqj8zlAskzQ,박씨집안,sBVlJdbiaiY,"눈,귀,입 다 막고 김밥 만들어 먹기ㅋㅋㅋㅋㅋㅋ",2026-04-27T09:36:42Z,693.0,False,69003,1128.0,54.0
5867,UCP5M5xLt4TRzPqj8zlAskzQ,박씨집안,tBT4aLx9rsI,하루종일 아빠 못 살게 굴기ㅋㅋㅋㅋㅋㅋ,2026-04-30T09:01:20Z,709.0,False,102481,1514.0,57.0
5867,UCP5M5xLt4TRzPqj8zlAskzQ,박씨집안,nbwcteFO-7I,깔끔떠는 아빠 앞에서 우유  다 쏟아버리기 ㅋㅋ,2026-04-30T10:01:21Z,56.0,True,21962,326.0,9.0
5867,UCP5M5xLt4TRzPqj8zlAskzQ,박씨집안,vRAHoXOMUdY,엄마… 회사까지 오면 어떡해요 진짜..!,2026-05-04T09:53:56Z,892.0,False,65476,1107.0,66.0
5867,UCP5M5xLt4TRzPqj8zlAskzQ,박씨집안,t1dqcKCFDEg,5년 만에 유진이가 박씨집안을 그만둡니다..,2026-05-11T10:06:22Z,737.0,False,213631,4666.0,615.0
5867,UCP5M5xLt4TRzPqj8zlAskzQ,박씨집안,8DUNW7hwW8c,5년만에 떠나는 여동생... 잘 가고 행복해라!!,2026-05-14T09:07:53Z,1227.0,False,128317,2653.0,241.0
5868,UCUyOOQKJxRhzxrPOSLArYTA,리틀팍스 - 영어동화 세상,GVmMLug4qpU,"노래와 챈트로 배우는 파닉스 ue, ewㅣ리틀팍스 파닉스웍스",2025-11-28T07:02:59Z,51.0,True,3424,13.0,0.0
5868,UCUyOOQKJxRhzxrPOSLArYTA,리틀팍스 - 영어동화 세상,2Qh-Z6GFxEM,"노래로 배우는 파닉스 ch, shㅣ 리틀팍스 파닉스웍스",2025-12-01T06:45:06Z,24.0,True,4107,22.0,0.0
5868,UCUyOOQKJxRhzxrPOSLArYTA,리틀팍스 - 영어동화 세상,5_r8uWdF_nU,"챈트로 배우는 파닉스 ch, shㅣ 리틀팍스 파닉스웍스",2025-12-01T06:47:38Z,28.0,True,3332,10.0,0.0
5868,UCUyOOQKJxRhzxrPOSLArYTA,리틀팍스 - 영어동화 세상,ED-Sd9n5BKA,"노래로 배우는 파닉스 ph, whㅣ 리틀팍스 파닉스웍스",2025-12-02T06:45:17Z,26.0,True,3844,21.0,0.0
5868,UCUyOOQKJxRhzxrPOSLArYTA,리틀팍스 - 영어동화 세상,BPcWRFCDcpI,"챈트로 배우는 파닉스 ph, whㅣ 리틀팍스 파닉스웍스",2025-12-02T06:48:17Z,33.0,True,3422,13.0,0.0
5868,UCUyOOQKJxRhzxrPOSLArYTA,리틀팍스 - 영어동화 세상,NNYlK9baQZ8,"노래로 배우는 파닉스 qu, ckㅣ리틀팍스 파닉스웍스",2025-12-03T08:06:46Z,22.0,True,3722,12.0,0.0
5868,UCUyOOQKJxRhzxrPOSLArYTA,리틀팍스 - 영어동화 세상,HiS2KvcwlZY,"챈트로 배우는 파닉스 qu, ckㅣ리틀팍스 파닉스웍스",2025-12-03T08:09:31Z,28.0,True,3078,12.0,0.0
5868,UCUyOOQKJxRhzxrPOSLArYTA,리틀팍스 - 영어동화 세상,JRsfDEciX6A,노래로 배우는 파닉스 thㅣ 리틀팍스 파닉스웍스,2025-12-04T06:02:57Z,41.0,True,3443,10.0,0.0
5868,UCUyOOQKJxRhzxrPOSLArYTA,리틀팍스 - 영어동화 세상,AYv6EeuuwsY,파닉스 웍스 앱에서 장모음 배우기 ㅣ 게임 - 학습 - 플래시카드,2025-12-04T06:09:08Z,59.0,True,2850,9.0,0.0
5868,UCUyOOQKJxRhzxrPOSLArYTA,리틀팍스 - 영어동화 세상,Ix1OUjImRog,챈트로 배우는 파닉스 thㅣ 리틀팍스 파닉스웍스,2025-12-04T07:39:30Z,29.0,True,3337,17.0,0.0
5868,UCUyOOQKJxRhzxrPOSLArYTA,리틀팍스 - 영어동화 세상,_QsabQsb3Jo,"노래로 배우는 파닉스 ng, nkㅣ 리틀팍스 파닉스웍스",2025-12-05T06:19:33Z,41.0,True,3688,18.0,0.0
5868,UCUyOOQKJxRhzxrPOSLArYTA,리틀팍스 - 영어동화 세상,x2LODa4Igs4,"챈트로 배우는 파닉스 ng, nkㅣ 리틀팍스 파닉스웍스",2025-12-05T06:22:30Z,30.0,True,3750,13.0,0.0
5868,UCUyOOQKJxRhzxrPOSLArYTA,리틀팍스 - 영어동화 세상,wOzMLt6xalA,노래로 배우는 파닉스ㅣ리틀팍스 파닉스웍스,2025-12-08T08:26:29Z,38.0,True,5072,18.0,0.0
5868,UCUyOOQKJxRhzxrPOSLArYTA,리틀팍스 - 영어동화 세상,ldqZp_j2paQ,챈트로 배우는 파닉스ㅣ리틀팍스 파닉스웍스,2025-12-08T08:29:38Z,28.0,True,3736,19.0,0.0
5868,UCUyOOQKJxRhzxrPOSLArYTA,리틀팍스 - 영어동화 세상,2_TKt3Wog28,노래로 배우는 파닉스ㅣ리틀팍스 파닉스웍스,2025-12-09T06:06:36Z,30.0,True,3898,9.0,0.0
5868,UCUyOOQKJxRhzxrPOSLArYTA,리틀팍스 - 영어동화 세상,Q3LmQcBvyw0,챈트로 배우는 파닉스ㅣ리틀팍스 파닉스웍스,2025-12-09T06:12:15Z,29.0,True,3883,12.0,0.0
5868,UCUyOOQKJxRhzxrPOSLArYTA,리틀팍스 - 영어동화 세상,2JqjdGZRUHA,노래와 챈트로 배우는 파닉스 ooㅣ 리틀팍스 파닉스웍스,2025-12-10T07:33:18Z,38.0,True,4080,18.0,0.0
5868,UCUyOOQKJxRhzxrPOSLArYTA,리틀팍스 - 영어동화 세상,eUKNDdkWo0I,"챈트로 배우는 파닉스 a, au, aw 리틀팍스 파닉스웍스",2025-12-11T06:00:40Z,39.0,True,4298,12.0,0.0
5868,UCUyOOQKJxRhzxrPOSLArYTA,리틀팍스 - 영어동화 세상,XOfD_yhAlJs,파닉스 웍스 앱에서 장모음 배우기 ㅣ 게임 - 학습 - 플래시카드,2025-12-12T06:09:33Z,21.0,True,4902,18.0,0.0
5868,UCUyOOQKJxRhzxrPOSLArYTA,리틀팍스 - 영어동화 세상,OV7MTTXPBtc,파닉스 웍스 앱에서 겹자음 배우기 ㅣ 게임 - 학습 - 플래시카드,2025-12-16T00:43:58Z,60.0,True,3569,8.0,0.0
5868,UCUyOOQKJxRhzxrPOSLArYTA,리틀팍스 - 영어동화 세상,QXhcFoq-nuE,"노래와 챈트로 배우는 파닉스 wr, knㅣ리틀팍스 파닉스웍스",2025-12-16T05:30:37Z,31.0,True,4454,19.0,0.0
5868,UCUyOOQKJxRhzxrPOSLArYTA,리틀팍스 - 영어동화 세상,-Ho3Wh0xn0A,사이트 워드 송! 힙합 비트로 재미있게ㅣ 리틀팍스 파닉스웍스,2025-12-18T23:59:10Z,34.0,True,5257,18.0,0.0
5868,UCUyOOQKJxRhzxrPOSLArYTA,리틀팍스 - 영어동화 세상,CzZxFzROAZw,사이트 워드 송! 힙합 비트로 재미있게ㅣ 리틀팍스 파닉스웍스,2025-12-19T00:29:08Z,37.0,True,4432,16.0,0.0
5868,UCUyOOQKJxRhzxrPOSLArYTA,리틀팍스 - 영어동화 세상,lq8E22Ka6iI,사이트 워드 송! 힙합 비트로 재미있게ㅣ 리틀팍스 파닉스웍스,2025-12-19T08:46:01Z,63.0,False,3922,16.0,0.0
5868,UCUyOOQKJxRhzxrPOSLArYTA,리틀팍스 - 영어동화 세상,zKXqTUyF9Wg,파닉스 웍스 앱에서 사이트워드 배우기 ㅣ 게임 - 학습 - 플래시카드,2025-12-22T08:13:51Z,57.0,True,2977,9.0,0.0
5868,UCUyOOQKJxRhzxrPOSLArYTA,리틀팍스 - 영어동화 세상,r03NUp7D7Jc,사이트 워드 송! 힙합 비트로 재미있게ㅣ Who Can Help Me?ㅣ 리틀팍스 파닉스웍스,2025-12-23T05:59:10Z,33.0,True,4632,17.0,0.0
5868,UCUyOOQKJxRhzxrPOSLArYTA,리틀팍스 - 영어동화 세상,PCaVIwgZKnk,사이트 워드 송! 힙합 비트로 재미있게ㅣ Look! Look!ㅣ 리틀팍스 파닉스웍스,2025-12-24T06:00:31Z,42.0,True,4489,20.0,0.0
5868,UCUyOOQKJxRhzxrPOSLArYTA,리틀팍스 - 영어동화 세상,65YsuHt5lOE,사이트 워드 송! 힙합 비트로 재미있게ㅣ Can I Play?ㅣ 리틀팍스 파닉스웍스,2025-12-26T06:00:05Z,30.0,True,4235,18.0,0.0
5868,UCUyOOQKJxRhzxrPOSLArYTA,리틀팍스 - 영어동화 세상,8tneoO1ivp0,사이트 워드 송! 힙합 비트로 재미있게ㅣLet's Eat!ㅣ리틀팍스 파닉스웍스,2025-12-29T07:22:05Z,26.0,True,4569,20.0,0.0
5868,UCUyOOQKJxRhzxrPOSLArYTA,리틀팍스 - 영어동화 세상,2iysQqSfsFc,사이트 워드 송! 힙합 비트로 재미있게ㅣLet's go!ㅣ리틀팍스 파닉스웍스,2025-12-30T07:45:20Z,34.0,True,7623,25.0,0.0
5868,UCUyOOQKJxRhzxrPOSLArYTA,리틀팍스 - 영어동화 세상,dtEwacB8duA,사이트 워드 송! 힙합 비트로 재미있게ㅣ Who Can Help Me?ㅣ 리틀팍스 파닉스웍스,2025-12-31T06:00:41Z,38.0,True,5916,24.0,0.0
5868,UCUyOOQKJxRhzxrPOSLArYTA,리틀팍스 - 영어동화 세상,TO2edYH9DT8,사이트 워드 송! 힙합 비트로 재미있게ㅣ Look! Look!ㅣ 리틀팍스 파닉스웍스,2026-01-02T06:00:26Z,39.0,True,5278,20.0,0.0
5868,UCUyOOQKJxRhzxrPOSLArYTA,리틀팍스 - 영어동화 세상,065savIOnOw,사이트 워드 송! 힙합 비트로 재미있게ㅣ Can I Play?ㅣ 리틀팍스 파닉스웍스,2026-01-05T06:00:01Z,32.0,True,5474,8.0,0.0
5868,UCUyOOQKJxRhzxrPOSLArYTA,리틀팍스 - 영어동화 세상,bVPpSL_Vx4A,사이트 워드 송! 힙합 비트로 재미있게ㅣI Wantㅣ리틀팍스 파닉스웍스,2026-01-06T08:30:30Z,24.0,True,4907,19.0,0.0
5868,UCUyOOQKJxRhzxrPOSLArYTA,리틀팍스 - 영어동화 세상,OH0iw-OAXJE,[리틀팍스 파닉스 웍스] 혼자서도 잘하는 영어공부 비법,2026-01-06T08:45:04Z,56.0,True,5373,16.0,
5868,UCUyOOQKJxRhzxrPOSLArYTA,리틀팍스 - 영어동화 세상,bKfUhTy_pfg,"사이트 워드 송! 힙합 비트로 재미있게ㅣIn, On!ㅣ 리틀팍스 파닉스웍스",2026-01-07T08:45:07Z,41.0,True,5752,19.0,0.0
5868,UCUyOOQKJxRhzxrPOSLArYTA,리틀팍스 - 영어동화 세상,rtYy_4nVepk,사이트 워드 송! 힙합 비트로 재미있게ㅣHow Old Are You?ㅣ 리틀팍스 파닉스웍스,2026-01-08T06:00:55Z,32.0,True,5878,23.0,0.0
5868,UCUyOOQKJxRhzxrPOSLArYTA,리틀팍스 - 영어동화 세상,se_o0kRXW7I,사이트 워드 송! 힙합 비트로 재미있게ㅣI Said Stop!ㅣ 리틀팍스 파닉스웍스,2026-01-09T06:01:00Z,35.0,True,7477,22.0,0.0
5868,UCUyOOQKJxRhzxrPOSLArYTA,리틀팍스 - 영어동화 세상,O3wh-yWtMm4,사이트 워드 송! 힙합 비트로 재미있게ㅣLet's Make a Cake!ㅣ리틀팍스 파닉스웍스,2026-01-12T06:00:19Z,44.0,True,5033,21.0,0.0
5868,UCUyOOQKJxRhzxrPOSLArYTA,리틀팍스 - 영어동화 세상,A-ZLQHupivM,사이트 워드 송! 힙합 비트로 재미있게ㅣWhere Are You From?ㅣ리틀팍스 파닉스웍스,2026-01-13T06:00:18Z,36.0,True,5993,21.0,0.0
5868,UCUyOOQKJxRhzxrPOSLArYTA,리틀팍스 - 영어동화 세상,36UX7-eoEVM,사이트 워드 송! 힙합 비트로 재미있게ㅣWhat Do You Think?ㅣ 리틀팍스 파닉스웍스,2026-01-14T06:00:04Z,43.0,True,6992,31.0,0.0
5868,UCUyOOQKJxRhzxrPOSLArYTA,리틀팍스 - 영어동화 세상,-5oC68E7dZo,사이트 워드 송! 힙합 비트로 재미있게ㅣI Live with My Dad and Momㅣ 리틀팍스 파닉스웍스,2026-01-15T06:00:01Z,38.0,True,9558,30.0,0.0
5868,UCUyOOQKJxRhzxrPOSLArYTA,리틀팍스 - 영어동화 세상,PsT-6iOG5hs,사이트 워드 송! 힙합 비트로 재미있게ㅣWhere Did I Put My Ring?ㅣ 리틀팍스 파닉스웍스,2026-01-16T06:00:27Z,39.0,True,7398,33.0,0.0
5868,UCUyOOQKJxRhzxrPOSLArYTA,리틀팍스 - 영어동화 세상,igvxoNDJoVY,[리틀팍스 파닉스 웍스] 혼자서도 잘하는 영어공부 비법,2026-01-21T06:36:26Z,44.0,True,5101,15.0,0.0
5868,UCUyOOQKJxRhzxrPOSLArYTA,리틀팍스 - 영어동화 세상,8CdgjED0J2A,유령과 함께하는 구두쇠 스크루지의 시간여행 | 세계명작 | 리틀팍스 6단계 20부작 영어동화 | 동화소개 | A Christmas Carol,2026-01-29T01:28:01Z,169.0,False,7440,13.0,0.0
5868,UCUyOOQKJxRhzxrPOSLArYTA,리틀팍스 - 영어동화 세상,OUp4CoJgtrA,유령과 함께하는 구두쇠 스크루지의 시간여행 | 세계명작 | 리틀팍스 6단계 20부작 영어동화 | 크리스마스캐롤 1-3편 | A Christmas Carol,2026-01-29T01:32:41Z,1210.0,False,5825,43.0,0.0
5868,UCUyOOQKJxRhzxrPOSLArYTA,리틀팍스 - 영어동화 세상,2ru-QW-5j28,저주에 걸린 야수와 미녀의 사랑 이야기 | 세계명작 | 리틀팍스 3단계 20부작 영어동화 | 동화소개 | Beauty and the Beast,2026-03-04T02:47:21Z,165.0,False,7971,14.0,0.0
5868,UCUyOOQKJxRhzxrPOSLArYTA,리틀팍스 - 영어동화 세상,9hHGGEqt74U,저주에 걸린 야수와 미녀의 사랑 이야기 | 세계명작 | 리틀팍스 3단계 20부작 영어동화 | 미녀와 야수 1-3편 | Beauty and the Beast,2026-03-04T02:49:27Z,763.0,False,32250,63.0,0.0
5868,UCUyOOQKJxRhzxrPOSLArYTA,리틀팍스 - 영어동화 세상,yKyYRD9rO4c,동물의 말을 이해할 수 있게 된 데이지의 모험 | 모험 | 리틀팍스 5단계 24부작 영어동화 | 동화소개 | Daisy Dolittle,2026-03-04T02:50:38Z,175.0,False,5642,9.0,0.0
5868,UCUyOOQKJxRhzxrPOSLArYTA,리틀팍스 - 영어동화 세상,30jPaCqEVz8,동물의 말을 이해할 수 있게 된 데이지의 모험 | 모험 | 리틀팍스 5단계 24부작 영어동화 | 데이지두리틀 1-4편 | Daisy Dolittle,2026-03-04T02:53:11Z,1152.0,False,14559,41.0,0.0
5869,UCI0Ai1RoRD-b8i-qvRR0Yeg,설레임 에디션 ♬,kmWuMqI9n7o,【지라라】 눈물없인 들을수 없는 노래🌢마늘송🌢(SeeWoo - Garlic Song),2018-02-03T05:00:00Z,106.0,False,123709,2700.0,642.0
5869,UCI0Ai1RoRD-b8i-qvRR0Yeg,설레임 에디션 ♬,3scU49DXPV4,【엔단】 ✬호시아이✬  Piano arrange ver (korean.ver),2018-02-10T05:00:01Z,290.0,False,454535,6748.0,1083.0
5869,UCI0Ai1RoRD-b8i-qvRR0Yeg,설레임 에디션 ♬,bJyxt-ruPNY,【강지】 ✿망상세! 妄想税✿ 「Korean Cover」,2018-02-17T05:00:05Z,216.0,False,658800,8192.0,876.0
5869,UCI0Ai1RoRD-b8i-qvRR0Yeg,설레임 에디션 ♬,NSU81AXNJXc,"설레임과 도티,김안경이 당신의 졸업을 축하합니다! 여행길의 노래(korean.ver)(旅立ちの歌)",2018-02-24T05:00:00Z,293.0,False,2566505,25990.0,5218.0
5869,UCI0Ai1RoRD-b8i-qvRR0Yeg,설레임 에디션 ♬,FIRp1zfTcJI,【설레임 웹툰】  🌸벚꽃의 비🌸 예고편,2018-02-28T03:00:00Z,30.0,True,194902,4290.0,1088.0
5869,UCI0Ai1RoRD-b8i-qvRR0Yeg,설레임 에디션 ♬,KEvH0ajue04,설레임 웹툰 1화 ✿ 엔단이가 러브레터를 받았다구?! ✿,2018-03-01T07:00:00Z,321.0,False,933571,17245.0,4203.0
5869,UCI0Ai1RoRD-b8i-qvRR0Yeg,설레임 에디션 ♬,TiOYRwhV9Ys,【하나나】 내일의 밤하늘 초계반 (アスノヨゾラ哨戒班) Cover,2018-03-03T04:18:47Z,177.0,False,611232,6648.0,1105.0
5869,UCI0Ai1RoRD-b8i-qvRR0Yeg,설레임 에디션 ♬,BveVmd9dtoA,설레임 웹툰 2화 ✿ 엔단이가 쓰러졌다구?! ✿,2018-03-08T07:00:00Z,356.0,False,729918,11092.0,3276.0
5869,UCI0Ai1RoRD-b8i-qvRR0Yeg,설레임 에디션 ♬,bvOUF5l2Uto,【지라라】 됐어~ 됐어~ 됐어~「Korean Cover」(い〜やい〜やい〜や)(Whatever whatever whatever),2018-03-10T05:00:01Z,204.0,False,595135,6959.0,810.0
5869,UCI0Ai1RoRD-b8i-qvRR0Yeg,설레임 에디션 ♬,dECPzAVXFAY,설레임 웹툰 3화 ✿ 엔단이를 위한 특별한 졸업식! ✿,2018-03-15T07:00:03Z,405.0,False,679898,11152.0,3811.0
5869,UCI0Ai1RoRD-b8i-qvRR0Yeg,설레임 에디션 ♬,7yOXoB0A8KY,【엔단】 ✯한사람만을 위한 귓속말✯,2018-03-17T05:00:00Z,139.0,False,116482,2837.0,465.0
5869,UCI0Ai1RoRD-b8i-qvRR0Yeg,설레임 에디션 ♬,Z7IGL5CKQmc,설레임 웹툰 마지막이야기 ✿ 벚꽃의 비가 내리면.. ✿,2018-03-22T07:00:04Z,396.0,False,733912,12913.0,3954.0
5869,UCI0Ai1RoRD-b8i-qvRR0Yeg,설레임 에디션 ♬,ffGzmBEz2_E,✿설레임 에디션 - 벚꽃빛 설레임✿ 【2nd Original】,2018-03-24T05:00:01Z,235.0,False,1258457,12475.0,1712.0
5869,UCI0Ai1RoRD-b8i-qvRR0Yeg,설레임 에디션 ♬,QirMoEVQRMo,✿설레임 웹툰 썰풀어요~! 비하인드 스토리✿,2018-03-29T10:03:37Z,788.0,False,358723,8380.0,1319.0
5869,UCI0Ai1RoRD-b8i-qvRR0Yeg,설레임 에디션 ♬,ED1HMIYvi1w,"설레임과 쵸쵸우,쥐님이 함께 부른 ✦ Dreaming Up! ✦",2018-03-31T07:00:02Z,232.0,False,903029,11006.0,1615.0
5869,UCI0Ai1RoRD-b8i-qvRR0Yeg,설레임 에디션 ♬,jAzCcpub9SE,【강지】 호랑 수월가,2018-04-07T05:00:02Z,317.0,False,595716,9959.0,938.0
5869,UCI0Ai1RoRD-b8i-qvRR0Yeg,설레임 에디션 ♬,jzGq9wTsR1o,"【하나나】 나, 아이돌 선언! (私、アイドル宣言) Korean Cover",2018-04-14T05:00:02Z,268.0,False,2291287,22556.0,1908.0
5869,UCI0Ai1RoRD-b8i-qvRR0Yeg,설레임 에디션 ♬,vcJZmUVfBbo,설레임에디션&나래 - 🎗천개의 바람이 되어🎗,2018-04-23T13:14:52Z,279.0,False,641887,,553.0
5869,UCI0Ai1RoRD-b8i-qvRR0Yeg,설레임 에디션 ♬,gNjAXE-2UL4,【공지】 설레임 쉬어갑니다,2018-04-28T05:00:02Z,39.0,True,305810,5056.0,1379.0
5869,UCI0Ai1RoRD-b8i-qvRR0Yeg,설레임 에디션 ♬,NUFajPpQvYQ,★Coming Soon 5월 19일★,2018-05-18T07:00:01Z,23.0,True,134975,2564.0,538.0
5869,UCI0Ai1RoRD-b8i-qvRR0Yeg,설레임 에디션 ♬,fMB8_7DFC-8,【지라라X하나나】 ✿트와이스(twice) - What is Love? ✿ (Cover),2018-05-19T05:00:00Z,209.0,False,1035066,14403.0,3269.0
5869,UCI0Ai1RoRD-b8i-qvRR0Yeg,설레임 에디션 ♬,SB7J82O3FNA,【하나나X지라라】 IKON - 사랑을했다 ★풀템포★,2018-05-24T07:00:01Z,339.0,False,591739,8804.0,3762.0
5869,UCI0Ai1RoRD-b8i-qvRR0Yeg,설레임 에디션 ♬,qF77DVzUXWM,[광고] 설레임과 성하가 함께부른 *･Shining You!･*【3rd Original】,2018-05-26T05:00:04Z,181.0,False,491931,7011.0,1282.0
5869,UCI0Ai1RoRD-b8i-qvRR0Yeg,설레임 에디션 ♬,cfIThUFkxGk,【하나나X지라라】 ★풀템포★ TWICE(트와이스) - What is Love?,2018-05-31T07:00:02Z,253.0,False,234667,4151.0,1646.0
5869,UCI0Ai1RoRD-b8i-qvRR0Yeg,설레임 에디션 ♬,zfZEcdKpErA,【지라라】 +4key UP! ★금요일의 아침인사★ 불러보았습니다! (金曜日のおはよう),2018-06-02T05:00:02Z,243.0,False,658963,8623.0,1039.0
5869,UCI0Ai1RoRD-b8i-qvRR0Yeg,설레임 에디션 ♬,c6fbwGvIgnU,★풀템포★ 여자친구 - 밤 (Time for the moon night),2018-06-07T07:00:06Z,264.0,False,452945,7238.0,4448.0
5869,UCI0Ai1RoRD-b8i-qvRR0Yeg,설레임 에디션 ♬,b7_QV7bNtzs,【하나나】 히라리 히라리 (ひらり、ひらり) Korean Cover,2018-06-09T05:00:01Z,211.0,False,1556289,11874.0,1032.0
5869,UCI0Ai1RoRD-b8i-qvRR0Yeg,설레임 에디션 ♬,Yxq8wsVZeyw,★컴백기념★ 10년전 흑역사 녹음본을 공개합니다!,2018-08-11T05:00:02Z,603.0,False,195373,4755.0,979.0
5869,UCI0Ai1RoRD-b8i-qvRR0Yeg,설레임 에디션 ♬,cOCS9mu7k3M,【지라라】도티(DDotty) - 그림자까지 좋아(I even like your shadow),2018-08-18T05:00:04Z,237.0,False,510131,7767.0,1314.0
5869,UCI0Ai1RoRD-b8i-qvRR0Yeg,설레임 에디션 ♬,lVDIgH6GasI,"【하나나】 봄의 마법 (春の魔法, Magic of Spring) Korean Cover",2018-08-25T05:00:02Z,100.0,False,143818,3494.0,567.0
5869,UCI0Ai1RoRD-b8i-qvRR0Yeg,설레임 에디션 ♬,a80hBZOmuNk,【지라라X하나나】[광고] 사커스피리츠 OST ✬일곱번째 별✬,2018-09-01T05:00:00Z,225.0,False,593203,7636.0,926.0
5869,UCI0Ai1RoRD-b8i-qvRR0Yeg,설레임 에디션 ♬,8LWKHSYY500,【지라라】사랑을 하자❣️ Honey works-恋をしよう(허니웍스)Korean Cover,2018-09-08T05:00:00Z,250.0,False,481687,6289.0,698.0
5869,UCI0Ai1RoRD-b8i-qvRR0Yeg,설레임 에디션 ♬,X-Uo1iy59cw,【하나나】 안예은 ✿홍연(Red Ties)✿ (Piano Ver) Cover,2018-09-22T05:00:03Z,299.0,False,1314008,13082.0,1211.0
5869,UCI0Ai1RoRD-b8i-qvRR0Yeg,설레임 에디션 ♬,lCVI9XRdZ34,【하나나X지라라】 ✦TWICE(트와이스) - Dance the night away✦ Cover,2018-09-29T05:00:01Z,184.0,False,692135,10893.0,1683.0
5869,UCI0Ai1RoRD-b8i-qvRR0Yeg,설레임 에디션 ♬,isbkcJtEyPA,【지라라】*･모트 (Motte) - 도망가지마 (에이틴 OST)･* Cover,2018-10-06T05:00:03Z,256.0,False,536470,9412.0,1262.0
5869,UCI0Ai1RoRD-b8i-qvRR0Yeg,설레임 에디션 ♬,jWgEKbd4FLI,【하나나】 天月 - 회심의일격!!!!! (かいしんのいちげき!) Korean Cover,2018-10-13T05:00:02Z,240.0,False,1002705,8997.0,998.0
5869,UCI0Ai1RoRD-b8i-qvRR0Yeg,설레임 에디션 ♬,6bDDDafawIY,【하나나X도티】 고양이 소리를 따라해보자 (小潘潘 x 小峰峰 - 學貓叫) Korean Cover,2018-10-27T04:58:17Z,250.0,False,3134493,39071.0,5395.0
5869,UCI0Ai1RoRD-b8i-qvRR0Yeg,설레임 에디션 ♬,G4z2t5gSP8o,【only 하나나】 함께 불러요! 고양이 소리를 따라해보자♥,2018-11-03T05:00:00Z,212.0,False,451376,6440.0,567.0
5869,UCI0Ai1RoRD-b8i-qvRR0Yeg,설레임 에디션 ♬,0B2TYYc_LBA,【only 도티】 함께 불러요! 고양이 소리를 따라해보자♥,2018-11-04T05:00:00Z,212.0,False,489410,8974.0,794.0
5869,UCI0Ai1RoRD-b8i-qvRR0Yeg,설레임 에디션 ♬,IqCADJLQXns,【지라라】잠뜰(Sleepground) - Entrain Boy,2018-12-08T05:00:00Z,216.0,False,943757,12357.0,1522.0
5869,UCI0Ai1RoRD-b8i-qvRR0Yeg,설레임 에디션 ♬,X82dlKjnf0E,✦ 설레임 에디션 - Color of Drops ✦,2023-10-13T11:00:10Z,284.0,False,556833,11323.0,3358.0
5869,UCI0Ai1RoRD-b8i-qvRR0Yeg,설레임 에디션 ♬,IVGxhPVIfk0,♥9주년♥ 설레임에디션을 사랑해주셔서 감사합니다!,2023-10-22T13:18:26Z,7584.0,False,122904,3836.0,413.0
5869,UCI0Ai1RoRD-b8i-qvRR0Yeg,설레임 에디션 ♬,HNfXvbeAR2Y,✦ 설레임에디션 하나나 - 여름의존재(夏の在りか) ✦,2023-11-05T09:00:17Z,290.0,False,98272,2307.0,286.0
5869,UCI0Ai1RoRD-b8i-qvRR0Yeg,설레임 에디션 ♬,s90S3ihH_FA,✦ 설레임에디션 - Merry Christmas To You ✦,2023-12-24T03:00:28Z,278.0,False,36981,1254.0,159.0
5869,UCI0Ai1RoRD-b8i-qvRR0Yeg,설레임 에디션 ♬,80InbuZuDLk,✦ 설레임에디션 하이요 - 메리-크리 (Merry-Chri) ✦,2023-12-25T03:00:03Z,208.0,False,39406,845.0,103.0
5869,UCI0Ai1RoRD-b8i-qvRR0Yeg,설레임 에디션 ♬,Q7cu8Y_ILDY,✦ 설레임에디션 새라새라 - SnowMix♪ ✦,2023-12-25T03:30:11Z,247.0,False,55142,982.0,101.0
5869,UCI0Ai1RoRD-b8i-qvRR0Yeg,설레임 에디션 ♬,aRIv6cTDlog,✦ 설레임에디션 하나나 - Freesia (フリージア) ✦,2023-12-25T04:00:01Z,336.0,False,55242,975.0,147.0
5869,UCI0Ai1RoRD-b8i-qvRR0Yeg,설레임 에디션 ♬,5QcmTpbplPs,✦ 설레임에디션X히요코X꽃감이 - 팀 메이트 (チームメイト) ✦,2024-05-18T11:00:07Z,265.0,False,216096,2698.0,383.0
5869,UCI0Ai1RoRD-b8i-qvRR0Yeg,설레임 에디션 ♬,RphCmKG1QCs,✦ 설레임에디션 - 고민중독 ✦,2024-06-08T03:00:07Z,177.0,False,259431,4011.0,559.0
5869,UCI0Ai1RoRD-b8i-qvRR0Yeg,설레임 에디션 ♬,WmhpVayPLmc,[4K] 설레임에디션 Re:SSumMer 콘서트,2024-07-27T03:00:30Z,1487.0,False,96191,1790.0,277.0
5870,UCY8i60Jd_DPyqOB_AJut2vw,미디어워치TV,gKGv6l5SFWs,[변희재칼럼] 김어준과 조중동에서 벗어나는 뉴이재명과 태극기 보수,2026-03-26T09:01:00Z,306.0,False,1864,204.0,8.0
5870,UCY8i60Jd_DPyqOB_AJut2vw,미디어워치TV,NHUrFlZ_fow,[변희재의 긴급논평] 그때! 변희재 대표가 청문회에 나갔더라면...,2026-03-27T12:30:22Z,542.0,False,859,121.0,7.0
5870,UCY8i60Jd_DPyqOB_AJut2vw,미디어워치TV,eVzdcJ9Dcbk,"[변희재의 긴급논평] 최서원, 박근혜에 ""신의 지킨 날 아직도 원망하나""",2026-03-28T10:30:24Z,1186.0,False,4343,438.0,31.0
5870,UCY8i60Jd_DPyqOB_AJut2vw,미디어워치TV,CnkCogoSW3g,"美 이민청, 변희재 망명 실무절차 위한 통지문 발송(고정댓글 확인!)",2026-03-29T10:42:35Z,1020.0,False,2540,259.0,10.0
5870,UCY8i60Jd_DPyqOB_AJut2vw,미디어워치TV,FHPuL-oswrI,"[변희재칼럼] 연합, KBS, 조선 등은 한동훈의 태블릿조작 범죄 공범들인가",2026-03-30T12:29:40Z,192.0,False,1200,176.0,4.0
5870,UCY8i60Jd_DPyqOB_AJut2vw,미디어워치TV,claK2EBoJyk,[변희재의 긴급논평] 일단 한동훈을 쳤으니...,2026-03-31T15:00:48Z,663.0,False,1774,193.0,6.0
5870,UCY8i60Jd_DPyqOB_AJut2vw,미디어워치TV,jdCxPiV6azA,"[변희재칼럼] 보수 신당, 한동훈 태블릿 조작부터 터뜨려야",2026-04-01T09:00:47Z,80.0,False,1002,113.0,4.0
5870,UCY8i60Jd_DPyqOB_AJut2vw,미디어워치TV,9CdsBapdyAc,[변희재칼럼] 이재명 공소 취소 국정조사에 나서겠다는 한동훈,2026-04-02T10:15:01Z,236.0,False,1719,164.0,7.0
5870,UCY8i60Jd_DPyqOB_AJut2vw,미디어워치TV,HI0w9L051ho,[변희재의 긴급논평] 민주당에 협상제안문까지 보냈었는데...,2026-04-03T09:00:21Z,1287.0,False,1178,129.0,2.0
5870,UCY8i60Jd_DPyqOB_AJut2vw,미디어워치TV,-RGPZD3g9sY,"[변희재칼럼] 한동훈 태블릿 조작, 이영돈PD 손에 달렸다",2026-04-04T10:00:01Z,216.0,False,1866,205.0,7.0
5870,UCY8i60Jd_DPyqOB_AJut2vw,미디어워치TV,Vi2DTx8Km-A,[변희재의 긴급논평] 보수 유투버들이 발칵! 뒤집힌 사건!!!,2026-04-06T00:30:25Z,615.0,False,2408,205.0,4.0
5870,UCY8i60Jd_DPyqOB_AJut2vw,미디어워치TV,OtOkP1HFsWI,[변희재의 긴급논평] 그때는 몰랐었다! 진짜 할 줄은...,2026-04-06T09:00:34Z,533.0,False,2729,192.0,2.0
5870,UCY8i60Jd_DPyqOB_AJut2vw,미디어워치TV,ClP-VEcFhcc,"[제2태블릿, 일명 장시호 태블릿 조작 쟁점]",2026-04-07T12:02:10Z,112.0,False,671,111.0,5.0
5870,UCY8i60Jd_DPyqOB_AJut2vw,미디어워치TV,aG-5eyYPymY,[변희재의 긴급논평] 법원이 말하는 장시호 태블릿!,2026-04-08T09:00:03Z,553.0,False,1650,137.0,5.0
5870,UCY8i60Jd_DPyqOB_AJut2vw,미디어워치TV,t6rBDUbxW24,[변희재칼럼] 현실에 존재할 수 없는 SKT 3쪽 불법 계약서,2026-04-11T03:01:02Z,311.0,False,875,115.0,4.0
5870,UCY8i60Jd_DPyqOB_AJut2vw,미디어워치TV,xGE0k5h9Cnc,"[변희재칼럼] 최서원 소장에 혼비백산 도망치는 한동훈, 장시호 일당",2026-04-11T09:01:14Z,129.0,False,1443,149.0,4.0
5870,UCY8i60Jd_DPyqOB_AJut2vw,미디어워치TV,-yacFbvA9uo,[변희재의 긴급논평] 최서원 것이 되어버린 태블릿 PC,2026-04-12T05:48:24Z,1190.0,False,1281,145.0,4.0
5870,UCY8i60Jd_DPyqOB_AJut2vw,미디어워치TV,Cj4QXDjjJdY,"[변희재의 긴급논평] 변희재, ""SKT가 김한수 필적으로..., 직접 확인하겠다.""",2026-04-12T11:00:30Z,1161.0,False,770,96.0,4.0
5870,UCY8i60Jd_DPyqOB_AJut2vw,미디어워치TV,njpvI1s95_E,[변희재칼럼] 헌법재판소원제에 딱 들어맞는 대법원의 태블릿 조작 은폐,2026-04-14T02:15:03Z,235.0,False,639,129.0,3.0
5870,UCY8i60Jd_DPyqOB_AJut2vw,미디어워치TV,ViEU66ykdkI,[변희재의 긴급논평] '태블릿 최서원 것 아니다'는 결정적 진술이...,2026-04-14T11:00:51Z,637.0,False,1375,167.0,9.0
5870,UCY8i60Jd_DPyqOB_AJut2vw,미디어워치TV,SM42EHzqT_I,[변희재칼럼] 4월 10일 헌법 재판 소원을 청구했습니다,2026-04-15T09:00:40Z,211.0,False,867,128.0,8.0
5870,UCY8i60Jd_DPyqOB_AJut2vw,미디어워치TV,v3OJE_BeC2w,[변희재칼럼] 결국 덜미 잡힌 검찰과 SKT의 김한수 쌍둥이론,2026-04-16T09:01:16Z,163.0,False,744,113.0,7.0
5870,UCY8i60Jd_DPyqOB_AJut2vw,미디어워치TV,TvBPwMQIB1A,[변희재칼럼] SKT 대리점의 김한수 쌍둥이의 계약서 작성법,2026-04-17T09:00:45Z,138.0,False,588,89.0,2.0
5870,UCY8i60Jd_DPyqOB_AJut2vw,미디어워치TV,NgkWDXpx-yU,"[변희재의 긴급논평] 한동훈 김영철의 장시호 회유 의혹, 법무부의 답변!",2026-04-18T09:30:22Z,754.0,False,1184,131.0,5.0
5870,UCY8i60Jd_DPyqOB_AJut2vw,미디어워치TV,yXTqJMKM0hU,"[변희재의 긴급논평] 최서원, 윤석열 전 대통령에 ""태블릿 조작 진실 밝혀달라""",2026-04-19T09:01:23Z,642.0,False,1884,170.0,4.0
5870,UCY8i60Jd_DPyqOB_AJut2vw,미디어워치TV,9su3Ln6T7Eo,"[변희재의 긴급논평] 갑자기 말 바꾼 김한수, 들어보니...",2026-04-20T13:30:11Z,779.0,False,1170,115.0,8.0
5870,UCY8i60Jd_DPyqOB_AJut2vw,미디어워치TV,6kRb5cdMYto,[변희재칼럼] 부산에서 자기 무덤 파는 한동훈,2026-04-21T09:30:08Z,175.0,False,11543,782.0,28.0
5870,UCY8i60Jd_DPyqOB_AJut2vw,미디어워치TV,B5EskZBhMzo,"[변희재의 긴급논평] 변희재, ""법무부는 ...한동훈을 감찰하라""",2026-04-22T09:00:16Z,765.0,False,2592,262.0,10.0
5870,UCY8i60Jd_DPyqOB_AJut2vw,미디어워치TV,r0DVCG4Ot3s,"[변희재칼럼] 장시호 태블릿 거짓말, 대법원 확정 판결!",2026-04-23T14:30:41Z,136.0,False,5054,479.0,20.0
5870,UCY8i60Jd_DPyqOB_AJut2vw,미디어워치TV,NtxWACQ0j1o,"[변희재의 긴급논평] 공수처가 조국 개인의 억울함 풀어주는 기관인가, 한동훈의 태블릿 조작부터 수사하라",2026-04-24T11:00:45Z,861.0,False,926,113.0,5.0
5870,UCY8i60Jd_DPyqOB_AJut2vw,미디어워치TV,qmQoJJuPaz8,"[변희재의 긴급논평] 김성태 증인심문, 김한수는 태블릿 개통현장에 없었다!?",2026-04-26T09:30:32Z,714.0,False,777,110.0,9.0
5870,UCY8i60Jd_DPyqOB_AJut2vw,미디어워치TV,ygFPbNwz3Rk,"[변희재성명] 송영길 손아귀에 잡힌 윤석열, 한동훈, 박근혜의 목줄",2026-04-27T10:15:11Z,157.0,False,3485,184.0,13.0
5870,UCY8i60Jd_DPyqOB_AJut2vw,미디어워치TV,3TfKnzXgKkE,"[변희재의 긴급논평] 자유우파 명망가 50인 ""국정농단의 책임을 혼자 덮어쓴 최서원을 석방하라""",2026-04-28T10:00:08Z,1208.0,False,1026,123.0,6.0
5870,UCY8i60Jd_DPyqOB_AJut2vw,미디어워치TV,Ueu6ksHjS8Y,[변희재의 긴급논평] 석연찮은 SKT해명과 과기정통부의 조사,2026-04-29T09:30:15Z,876.0,False,646,77.0,4.0
5870,UCY8i60Jd_DPyqOB_AJut2vw,미디어워치TV,azXrQdTW9xA,[변희재칼럼] 김한수가 사후에 계약서를 다시 썼어도 조작이 아니라는 검찰,2026-05-01T04:00:03Z,183.0,False,484,93.0,3.0
5870,UCY8i60Jd_DPyqOB_AJut2vw,미디어워치TV,0I8xQbgFkeQ,[변희재의 긴급논평] 한동훈 태블릿 조작의혹 관련 TV조선의 반론보도 수용,2026-05-01T11:15:01Z,718.0,False,1313,130.0,7.0
5870,UCY8i60Jd_DPyqOB_AJut2vw,미디어워치TV,ywmtqaz7faU,"[변희재의 긴급논평] 태블릿 조사 관련, 공수처 문자가 왔는데...",2026-05-02T14:01:44Z,731.0,False,2147,162.0,5.0
5870,UCY8i60Jd_DPyqOB_AJut2vw,미디어워치TV,eedF8bGenyU,"[변희재의 긴급논평] 보수 지식인 25인 ""공수처는 한동훈을 체포 구속하라""성명 발표",2026-05-04T09:30:32Z,574.0,False,2261,230.0,11.0
5870,UCY8i60Jd_DPyqOB_AJut2vw,미디어워치TV,lw24dnpYJjI,[변희재의 긴급논평] 공수처는 한동훈 수사에 눈치를 보나!?,2026-05-05T03:00:52Z,546.0,False,2277,178.0,7.0
5870,UCY8i60Jd_DPyqOB_AJut2vw,미디어워치TV,Lz16gFJV4OM,"[변희재의 긴급논평] 최서원 ""경제공동체? 묵시적 청탁?...검찰 역사의 오류될 것""",2026-05-07T12:00:42Z,622.0,False,1379,94.0,1.0
5870,UCY8i60Jd_DPyqOB_AJut2vw,미디어워치TV,qKdj2ir23n0,"[변희재성명] 송영길, 박종진 후보가 한동훈 특검의 ‘장시호 태블릿 조작’을 확정해주십시오",2026-05-08T02:30:42Z,344.0,False,2571,194.0,6.0
5870,UCY8i60Jd_DPyqOB_AJut2vw,미디어워치TV,_u3gIlpSsxw,[변희재칼럼] ‘주해’는 하나님의 일꾼,2026-05-09T09:45:03Z,136.0,False,2738,220.0,13.0
5870,UCY8i60Jd_DPyqOB_AJut2vw,미디어워치TV,63y2n74G6tA,[최서원 서신] 태블릿의 진실을 밝힐 수 있도록 도와주시길 바랍니다,2026-05-10T09:30:02Z,102.0,False,3951,264.0,11.0
5870,UCY8i60Jd_DPyqOB_AJut2vw,미디어워치TV,iwGG-_TFTWE,"[변희재의 긴급논평] 한동훈의 인터뷰, 변절보수에게 뒷통수!?",2026-05-11T04:00:45Z,709.0,False,2345,164.0,4.0
5870,UCY8i60Jd_DPyqOB_AJut2vw,미디어워치TV,tpoUypwKFfs,"[변희재칼럼] 최서원의 태블릿 조작 소송, 장시호만 답변?",2026-05-11T09:01:26Z,129.0,False,1731,168.0,4.0
5870,UCY8i60Jd_DPyqOB_AJut2vw,미디어워치TV,5ws8wp0o6wY,[변희재의 긴급논평] 한동훈이 떨고있는 이유는?,2026-05-12T04:30:05Z,757.0,False,3387,357.0,9.0
5870,UCY8i60Jd_DPyqOB_AJut2vw,미디어워치TV,VbsmIUpOR6Q,[변희재칼럼] 법원은 왜 장시호의 태블릿 관련 거짓말을 지목했나,2026-05-13T12:01:01Z,174.0,False,901,104.0,4.0
5870,UCY8i60Jd_DPyqOB_AJut2vw,미디어워치TV,11oFFsq8qcc,"[변희재칼럼] 송영길의 태블릿 조작 총공세, 겁먹은 한동훈",2026-05-14T10:15:00Z,276.0,False,1656,148.0,4.0
5870,UCY8i60Jd_DPyqOB_AJut2vw,미디어워치TV,tbhoKFZz3Zc,[변희재칼럼] 박종진이 TV토론에서 장시호 태블릿 조작 특검 요구하겠답니다,2026-05-15T11:30:46Z,78.0,False,898,97.0,1.0
5870,UCY8i60Jd_DPyqOB_AJut2vw,미디어워치TV,_qX-AKHaSKA,"[변희재칼럼] 박민식, 송영길의 힘을 활용, 한동훈을 정리하라!",2026-05-16T09:00:45Z,176.0,False,795,111.0,3.0
5871,UChnfOZtjny0KBSVkfS9nwsg,후랭이TV,JbrSIizlGMg,이문휘경뉴타운 전망과 매수한 이유(이문휘경집값전망)ㅣ망고쌤 핵심요약 [후랭이TV],2026-05-07T20:30:06Z,2545.0,False,2221,66.0,9.0
5871,UChnfOZtjny0KBSVkfS9nwsg,후랭이TV,qPSeH4UKL2c,대한민국 부동산 초토화가 되는 이유(서울집값전망)ㅣ최진곤 3부 [후랭이TV],2026-05-07T21:15:02Z,585.0,False,6404,220.0,11.0
5871,UChnfOZtjny0KBSVkfS9nwsg,후랭이TV,tUlQfnZeUmQ,반포 주민들이 반포를 좋아하는 이유(강남집값전망)ㅣ타이거 9부 [후랭이TV],2026-05-07T21:15:03Z,719.0,False,3136,86.0,11.0
5871,UChnfOZtjny0KBSVkfS9nwsg,후랭이TV,2RBOVNvvBDU,서울 재개발 완전히 뒤집어지는 이유(정원오 서울 재개발)ㅣ전영진 1부 [후랭이TV],2026-05-07T21:45:00Z,1307.0,False,9463,206.0,7.0
5871,UChnfOZtjny0KBSVkfS9nwsg,후랭이TV,CS3MhZ1dSRo,송파 재건축과 거여·마천 재개발의 미래ㅣ망고쌤 핵심요약 [후랭이TV],2026-05-08T07:30:09Z,2475.0,False,4726,109.0,10.0
5871,UChnfOZtjny0KBSVkfS9nwsg,후랭이TV,Wzj15PiS_rw,"차원이 다른 압도적인 입지, 여기는 무조건 사세요(강남집값전망)ㅣ타이거 10부 [후랭이TV]",2026-05-08T08:15:02Z,1198.0,False,6537,165.0,43.0
5871,UChnfOZtjny0KBSVkfS9nwsg,후랭이TV,1lwc7p4GNuM,부동산 포트폴리오 5월 9일 이후 반드시 알아야 할 것ㅣ최진곤 4부,2026-05-08T08:30:00Z,1012.0,False,4053,106.0,1.0
5871,UChnfOZtjny0KBSVkfS9nwsg,후랭이TV,rx-uzMvN3Hg,서울 재개발 박원순 시즌2가 되는 이유(서울재개발전망)ㅣ전영진 2부 [후랭이TV],2026-05-08T08:45:08Z,1675.0,False,7418,152.0,7.0
5871,UChnfOZtjny0KBSVkfS9nwsg,후랭이TV,OcolpYwjosU,문재인 때와 차원이 다른 대재앙이 다가오는 이유(서울집값전망)ㅣ타이거 11부 [후랭이TV],2026-05-08T21:15:01Z,769.0,False,11254,411.0,27.0
5871,UChnfOZtjny0KBSVkfS9nwsg,후랭이TV,5qq9QwFQyXA,서울집값 초토화 되는 이유(서울재개발전망)ㅣ전영진 3부 [후랭이TV],2026-05-08T21:45:00Z,1126.0,False,6340,199.0,7.0
5871,UChnfOZtjny0KBSVkfS9nwsg,후랭이TV,l-kyv9lv20A,서울 부동산 파멸로 가는 이유(서울집값전망)ㅣ타이거 12부 [후랭이TV],2026-05-09T08:15:03Z,902.0,False,15865,580.0,31.0
5871,UChnfOZtjny0KBSVkfS9nwsg,후랭이TV,jqQkad5hbuE,지금 집을 사지 않으면 인생이 가루가 되는 이유(서울집값전망)ㅣ타이거 13부 [후랭이TV],2026-05-09T21:15:01Z,808.0,False,12127,436.0,32.0
5871,UChnfOZtjny0KBSVkfS9nwsg,후랭이TV,vhaXSxZsRVM,올해 서울 부동산 대재앙이 되는 이유(서울집값전망)ㅣ타이거 14부 [후랭이TV],2026-05-10T08:15:04Z,1044.0,False,11576,401.0,23.0
5871,UChnfOZtjny0KBSVkfS9nwsg,후랭이TV,-rq0r4yFiKk,커버드콜ETF 절대 사면 안 되는 이유ㅣ손주부 풀버전 [후랭이TV],2026-05-10T21:00:00Z,5063.0,False,4242,133.0,7.0
5871,UChnfOZtjny0KBSVkfS9nwsg,후랭이TV,9frUoiIaxFs,신대방 역세권 재개발에 관심을 가져야 하는 이유ㅣ전영진 1부 [후랭이TV],2026-05-10T21:15:00Z,1272.0,False,4300,104.0,9.0
5871,UChnfOZtjny0KBSVkfS9nwsg,후랭이TV,PviNP4C8mXw,역대 최악의 서울 집값이 되는 이유(서울집값전망)ㅣ메디테라 1부 [후랭이TV],2026-05-10T21:45:01Z,1138.0,False,16603,334.0,13.0
5871,UChnfOZtjny0KBSVkfS9nwsg,후랭이TV,9Bqb_1f4zZE,서울 재개발 박살내도 여기는 무조건 됩니다(서울재개발전망)ㅣ전영진 2부 [후랭이TV],2026-05-11T08:15:00Z,725.0,False,6132,104.0,6.0
5871,UChnfOZtjny0KBSVkfS9nwsg,후랭이TV,LmU5uMyfYzI,서울 여기는 당장 탈출하세요(서울집값전망)ㅣ메디테라 2부 [후랭이TV],2026-05-11T08:45:02Z,1099.0,False,9931,203.0,11.0
5871,UChnfOZtjny0KBSVkfS9nwsg,후랭이TV,ShY036uqznc,부동산 경매와 공매 이런 건 무조건 줍줍하세요(부동산경매기초강의)ㅣ신홍철 1부 [후랭이TV],2026-05-11T09:00:40Z,1088.0,False,989,31.0,0.0
5871,UChnfOZtjny0KBSVkfS9nwsg,후랭이TV,QfSZmIQ5VRA,천지개벽할 곳이라 제가 싹 다 사려고 합니다ㅣ신홍철 [후랭이TV],2026-05-11T21:10:00Z,824.0,False,2921,48.0,1.0
5871,UChnfOZtjny0KBSVkfS9nwsg,후랭이TV,aM2HiE2af1k,서울 시장별 재개발 투자 생존 전략(서울재개발전망)ㅣ전영진 3부 [후랭이TV],2026-05-11T21:15:01Z,1377.0,False,5281,133.0,5.0
5871,UChnfOZtjny0KBSVkfS9nwsg,후랭이TV,jQVpIshjklk,서울집값 대재앙이 다가오는 이유(서울집값전망)ㅣ메디테라 3부 [후랭이TV],2026-05-11T21:45:02Z,782.0,False,21324,361.0,45.0
5871,UChnfOZtjny0KBSVkfS9nwsg,후랭이TV,11xGTnxkgV4,경매로 절대 사면 안 되는 부동산(부동산경매실패사례)ㅣ신홍철 2부 [후랭이TV],2026-05-11T22:00:03Z,531.0,False,1117,23.0,1.0
5871,UChnfOZtjny0KBSVkfS9nwsg,후랭이TV,Dwp0OTtJoag,"불지옥이 되는 대한민국, 집값 무섭게 바뀌는 이유ㅣ최진곤 풀버전 [후랭이TV]",2026-05-12T07:30:05Z,2943.0,False,18024,704.0,79.0
5871,UChnfOZtjny0KBSVkfS9nwsg,후랭이TV,HmWdEhtpluQ,이재명도 예상치 못한 최악의 집값이 되는 이유(서울집값전망)ㅣ메디테라 4부 [후랭이TV],2026-05-12T08:45:03Z,1210.0,False,12430,293.0,11.0
5871,UChnfOZtjny0KBSVkfS9nwsg,후랭이TV,xdjCQwA60vw,부동산 경매 이런 물건은 무조건 매수합니다ㅣ신홍철 3부 [후랭이TV],2026-05-12T09:01:14Z,639.0,False,727,16.0,1.0
5871,UChnfOZtjny0KBSVkfS9nwsg,후랭이TV,LSrFNVKSbr8,압구정 현대아파트가 입지 끝판왕인 이유(강남집값전망)ㅣ타이거 핵심요약 [후랭이TV],2026-05-12T20:30:03Z,1876.0,False,2532,81.0,8.0
5871,UChnfOZtjny0KBSVkfS9nwsg,후랭이TV,fzrEh1Jh61E,서울집값전망과 강남무새 타이거ㅣ타이거 1부 [후랭이TV],2026-05-12T21:15:03Z,1205.0,False,7165,273.0,26.0
5871,UChnfOZtjny0KBSVkfS9nwsg,후랭이TV,6opCndYE1oE,부동산 경매로 아파트 사는 방법(부동산경매강의)ㅣ신홍철 4부 [후랭이TV],2026-05-12T22:00:06Z,710.0,False,967,41.0,2.0
5871,UChnfOZtjny0KBSVkfS9nwsg,후랭이TV,kKkSh_K3g8Q,서울 부동산과 재개발 초토화 되는 이유(서울집값전망)ㅣ전영진 풀버전 [후랭이TV],2026-05-13T08:00:43Z,4096.0,False,7242,130.0,3.0
5871,UChnfOZtjny0KBSVkfS9nwsg,후랭이TV,URNdhwaNH3g,이재명 믿고 배급 받다 벼락거지 되는 이유ㅣ타이거 2부 [후랭이TV],2026-05-13T08:15:02Z,1277.0,False,9307,385.0,31.0
5871,UChnfOZtjny0KBSVkfS9nwsg,후랭이TV,jY-L5qVCFG8,부동산 경매 오피스텔 단타 전략(부동산경매기초)ㅣ신홍철 5부 [후랭이TV],2026-05-13T09:00:53Z,1004.0,False,460,18.0,1.0
5871,UChnfOZtjny0KBSVkfS9nwsg,후랭이TV,fDGM5GFaE-4,0원으로 내 사업하고 부동산으로 돈 버는 방법(부동산경매기초)ㅣ신홍철 6부 [후랭이TV],2026-05-13T09:30:30Z,613.0,False,521,15.0,1.0
5871,UChnfOZtjny0KBSVkfS9nwsg,후랭이TV,GJo-OPl_RKk,이재명도 무주택자도 탈탈 털리는 이유(서울집값전망)ㅣ타이거 핵심요약 [후랭이TV],2026-05-13T21:00:11Z,3737.0,False,7983,349.0,10.0
5871,UChnfOZtjny0KBSVkfS9nwsg,후랭이TV,sxwXj7DB0vg,이재명은 집값 앞으로 이렇게 만든다(서울집값전망)ㅣ타이거 핵심요약 [후랭이TV],2026-05-13T21:00:51Z,2418.0,False,6076,265.0,13.0
5871,UChnfOZtjny0KBSVkfS9nwsg,후랭이TV,bf3SsF5YLjM,반포는 재미없고 을씨년스러운 이유ㅣ타이거 3부 [후랭이TV],2026-05-13T21:15:03Z,930.0,False,5528,128.0,32.0
5871,UChnfOZtjny0KBSVkfS9nwsg,후랭이TV,9jxgjKtdkFo,이재명이 집값을 올리는 진짜 이유(서울집값전망)ㅣ신홍철 7부 [후랭이TV],2026-05-13T22:00:09Z,795.0,False,15557,484.0,45.0
5871,UChnfOZtjny0KBSVkfS9nwsg,후랭이TV,GLYtnMmY1Gg,공공반도체와 공공임대 받으면 인생이 작살난다ㅣ타이거 4부 [후랭이TV],2026-05-13T22:15:02Z,378.0,False,2796,152.0,16.0
5871,UChnfOZtjny0KBSVkfS9nwsg,후랭이TV,vdZ8mpswWOo,하우스오브신세계 청담에서 느낀 점(하우스오브신세계 트웰브)ㅣ타이거 5부 [후랭이TV],2026-05-14T08:15:04Z,1895.0,False,3661,127.0,28.0
5871,UChnfOZtjny0KBSVkfS9nwsg,후랭이TV,C_WYvCmkoyQ,⛔(맴매)2030·영포티가 정신을 똑바로 차려야 하는 이유ㅣ타이거 6부 [후랭이TV],2026-05-14T11:00:30Z,276.0,False,5960,204.0,30.0
5871,UChnfOZtjny0KBSVkfS9nwsg,후랭이TV,iLMeruLdx7U,청담동·삼성동에서 이건 무조건 사세요ㅣ타이거 7부 [후랭이TV],2026-05-14T21:15:06Z,1178.0,False,4838,132.0,14.0
5871,UChnfOZtjny0KBSVkfS9nwsg,후랭이TV,1cAsSsInzEc,역삼·도곡에서 무조건 사야하는 아파트ㅣ타이거 8부 [후랭이TV],2026-05-15T08:15:00Z,1705.0,False,8704,266.0,36.0
5871,UChnfOZtjny0KBSVkfS9nwsg,후랭이TV,rfSYe52fkK8,개포동은 빨리 탈출해야 하는 이유ㅣ타이거 9부 [후랭이TV],2026-05-15T21:15:02Z,1065.0,False,7431,208.0,63.0
5871,UChnfOZtjny0KBSVkfS9nwsg,후랭이TV,gPhS5hc0siQ,전국 부동산 초토화 되는 이유(집값전망)ㅣ휘파람 1부 [후랭이TV],2026-05-15T21:30:08Z,1567.0,False,3077,93.0,8.0
5871,UChnfOZtjny0KBSVkfS9nwsg,후랭이TV,7l8ktXVWkRo,3억으로 강남에 등기치는 방법ㅣ타이거 10부 [후랭이TV],2026-05-16T08:15:00Z,531.0,False,6966,207.0,25.0
5871,UChnfOZtjny0KBSVkfS9nwsg,후랭이TV,1p4BjDQapB0,대전·천안집값 무조건 이렇게 바뀝니다(대전·천안부동산전망)ㅣ휘파람 2부 [후랭이TV],2026-05-16T08:30:00Z,1399.0,False,1519,39.0,6.0
5871,UChnfOZtjny0KBSVkfS9nwsg,후랭이TV,HdpTWNGtUs0,6월 이후 서울집값전망과 앞으로 할 일(부동산전망)ㅣ타이거 11부 [후랭이TV],2026-05-16T21:15:01Z,1385.0,False,5620,303.0,22.0
5871,UChnfOZtjny0KBSVkfS9nwsg,후랭이TV,EMbdvY1P0Fc,청주집값 무섭게 바뀌는 이유(청주부동산전망)ㅣ휘파람 3부 [후랭이TV],2026-05-16T21:30:01Z,1347.0,False,1226,45.0,10.0
5871,UChnfOZtjny0KBSVkfS9nwsg,후랭이TV,5wK6SkGoRiE,부동산 경매로 땡처리&플러스피 내집마련 이렇게 하세요ㅣ신홍철 풀버전 [후랭이TV],2026-05-16T22:00:04Z,3461.0,False,449,24.0,1.0
5871,UChnfOZtjny0KBSVkfS9nwsg,후랭이TV,CX4DaHFOQqc,서울집값전망과 앞으로 주목해야 하는 이유(바람의색상),2026-05-17T06:09:33Z,,False,1103,59.0,0.0
5872,UCF2AFWB3tROplgmkt3nOXIw,훼사원,3zz15IlJ9QE,뜯어서 고쳐야 할 차가 생겼습니다,2025-08-09T08:39:19Z,1082.0,False,234434,4419.0,373.0
5872,UCF2AFWB3tROplgmkt3nOXIw,훼사원,Zean3ax7n9w,반클러치를 쓰면 안 되는 이유,2025-08-15T05:44:13Z,37.0,True,545147,2968.0,375.0
5872,UCF2AFWB3tROplgmkt3nOXIw,훼사원,kdh-Oe0GzrE,애플에서 파는 무선 CCTV를 달아봤습니다만..,2025-08-16T08:47:40Z,849.0,False,282385,3981.0,746.0
5872,UCF2AFWB3tROplgmkt3nOXIw,훼사원,PqRh9pBhmB8,택시였던 그랜저에서 또 물이 새는 것 같아요...,2025-08-23T08:29:29Z,1215.0,False,287561,5076.0,511.0
5872,UCF2AFWB3tROplgmkt3nOXIw,훼사원,SeWO4I7eR_w,와이프 몰래 남자의 방을 만들어 봤습니다,2025-08-30T08:56:37Z,1033.0,False,204824,3601.0,454.0
5872,UCF2AFWB3tROplgmkt3nOXIw,훼사원,5QRPwNCO1Zc,와이프에게 외제차를 사주기로 했습니다,2025-09-06T09:09:01Z,1278.0,False,280269,7437.0,4711.0
5872,UCF2AFWB3tROplgmkt3nOXIw,훼사원,PRMXExY7x34,와이프에게 벤츠를 사주기로 했습니다,2025-09-09T08:55:48Z,43.0,True,85139,801.0,89.0
5872,UCF2AFWB3tROplgmkt3nOXIw,훼사원,y8_Z1tq6kGs,남자들의 로망,2025-09-10T06:42:25Z,34.0,True,168045,932.0,59.0
5872,UCF2AFWB3tROplgmkt3nOXIw,훼사원,419EdsL-64Y,아니 아반떼 산다며?,2025-09-11T09:01:36Z,41.0,True,63742,506.0,37.0
5872,UCF2AFWB3tROplgmkt3nOXIw,훼사원,SMo8DqqkJQw,차 이렇게 쓸래?,2025-09-12T09:50:18Z,32.0,True,96690,633.0,16.0
5872,UCF2AFWB3tROplgmkt3nOXIw,훼사원,Nc2aaiT6y-Q,차 사러 가는데 왜..?,2025-09-13T05:32:09Z,41.0,True,164837,1212.0,57.0
5872,UCF2AFWB3tROplgmkt3nOXIw,훼사원,7-QuLzNQ5hs,레이의 머플러가 깨졌다 (1탄),2025-09-13T09:16:06Z,635.0,False,147021,2965.0,388.0
5872,UCF2AFWB3tROplgmkt3nOXIw,훼사원,WXMVh0AoPbc,차가.. 안 되겠다 자르자 (2탄),2025-09-20T08:30:27Z,950.0,False,183894,3771.0,344.0
5872,UCF2AFWB3tROplgmkt3nOXIw,훼사원,8kMgbIJBm10,와이프가 인터넷에서 전동 사이드미러를 사왔습니다 (1탄),2025-09-27T08:30:09Z,1074.0,False,210990,3759.0,342.0
5872,UCF2AFWB3tROplgmkt3nOXIw,훼사원,mtykv1SUeLE,아.. 이거 괜히 시작해가지고.. (사이드미러 2탄),2025-10-04T09:01:11Z,1238.0,False,199312,3575.0,398.0
5872,UCF2AFWB3tROplgmkt3nOXIw,훼사원,zxKURdiX6vI,이제 깡통 레이는 사이드미러가 접힙니다 (3탄),2025-10-11T09:15:45Z,923.0,False,170448,3850.0,282.0
5872,UCF2AFWB3tROplgmkt3nOXIw,훼사원,DYBlOTatkHU,13년 된 레이의 창문을 오토로 바꿔보자,2025-10-18T09:21:57Z,1374.0,False,170313,3460.0,266.0
5872,UCF2AFWB3tROplgmkt3nOXIw,훼사원,v5y-Fl5cobM,문이 안 열려요,2025-10-25T10:05:53Z,676.0,False,158030,3538.0,338.0
5872,UCF2AFWB3tROplgmkt3nOXIw,훼사원,NQbtupQdxzg,경차들은 다 이런 소리가 나나요,2025-11-01T09:08:27Z,1136.0,False,172029,3695.0,313.0
5872,UCF2AFWB3tROplgmkt3nOXIw,훼사원,poag0RnHq_s,와이프의 드림카를 몰래 사왔습니다,2025-11-08T08:30:34Z,1163.0,False,345686,7681.0,2993.0
5872,UCF2AFWB3tROplgmkt3nOXIw,훼사원,MgydenJ_Dw8,깡통차에 후방감지기를 달아보려고 해보자 (1탄),2025-11-15T09:00:07Z,986.0,False,168603,3314.0,315.0
5872,UCF2AFWB3tROplgmkt3nOXIw,훼사원,0-YGlGFzyGU,8만원짜리 새 범퍼 (주차센서 2탄),2025-11-22T09:35:46Z,1151.0,False,157862,3055.0,268.0
5872,UCF2AFWB3tROplgmkt3nOXIw,훼사원,qVwYsdbKCXE,아니 이걸 모를 수가 있나요,2025-11-25T12:12:23Z,17.0,True,383655,1774.0,367.0
5872,UCF2AFWB3tROplgmkt3nOXIw,훼사원,S28DI8lgd0I,그동안 불법이었던 전조등 LED 튜닝.. 이제 합법입니다,2025-11-29T09:00:50Z,850.0,False,516405,6989.0,5747.0
5872,UCF2AFWB3tROplgmkt3nOXIw,훼사원,Vb8liIEEkC0,진짜 구경만 하려고 했거든요..?,2025-12-06T08:32:38Z,1497.0,False,437598,7874.0,1893.0
5872,UCF2AFWB3tROplgmkt3nOXIw,훼사원,kQynVJbAKnc,렉스턴 스포츠 제발 사주세요,2025-12-10T08:48:21Z,498.0,False,236063,3857.0,510.0
5872,UCF2AFWB3tROplgmkt3nOXIw,훼사원,37mxk7hWZkc,"이왕 지른거... 에라 모르겠다, 와이프 태우고 1,600km 달렸습니다",2025-12-13T09:04:39Z,1293.0,False,491472,8146.0,1542.0
5872,UCF2AFWB3tROplgmkt3nOXIw,훼사원,t2W1WLO-bpA,진짜 가지가지 한다..?,2025-12-20T08:55:48Z,1085.0,False,243822,4205.0,727.0
5872,UCF2AFWB3tROplgmkt3nOXIw,훼사원,he4pG9MojBk,깡통 휠을 하얀색으로 도색해보자,2025-12-27T08:53:49Z,1158.0,False,201574,3578.0,1407.0
5872,UCF2AFWB3tROplgmkt3nOXIw,훼사원,lK5Nh9dNZrM,휠은 절대 혼자 도색하면 안 됩니다,2026-01-03T09:12:45Z,840.0,False,148050,3003.0,768.0
5872,UCF2AFWB3tROplgmkt3nOXIw,훼사원,XaRr4Ubsmus,흰색 차에는 빨간색 캘리퍼지,2026-01-10T08:53:09Z,1119.0,False,170372,3260.0,1341.0
5872,UCF2AFWB3tROplgmkt3nOXIw,훼사원,KezzjK2h9NI,어 이상하다 이거 새 차인데..?,2026-01-17T09:12:13Z,1322.0,False,257259,4039.0,660.0
5872,UCF2AFWB3tROplgmkt3nOXIw,훼사원,u8vsV3pcFks,내 차야 이제 그만 받아들여,2026-01-24T09:04:11Z,1263.0,False,253241,5500.0,3810.0
5872,UCF2AFWB3tROplgmkt3nOXIw,훼사원,ZPnwD_5D4qE,바퀴 바꾸자마자 문제가 생겼습니다,2026-01-31T08:16:17Z,1105.0,False,254387,4246.0,609.0
5872,UCF2AFWB3tROplgmkt3nOXIw,훼사원,7VhtvWzfUBg,약간 고장은 났는데요 고객님..?,2026-02-07T08:59:55Z,1223.0,False,194749,3795.0,323.0
5872,UCF2AFWB3tROplgmkt3nOXIw,훼사원,oYIkTAY1nYY,부러진 사이드 브레이크를 고쳐보자,2026-02-14T08:56:12Z,1197.0,False,200929,4084.0,343.0
5872,UCF2AFWB3tROplgmkt3nOXIw,훼사원,CfRUrb9kmWo,이거 왜 자꾸 시동이 꺼져? (1탄),2026-02-21T09:25:17Z,972.0,False,206646,3326.0,372.0
5872,UCF2AFWB3tROplgmkt3nOXIw,훼사원,xd-CWMPe6Wg,깡통 아반떼의 엔진을 청소하려다가..,2026-02-28T09:03:50Z,1520.0,False,232199,7303.0,4863.0
5872,UCF2AFWB3tROplgmkt3nOXIw,훼사원,OB8PJ7AvhV8,부탁드립니다 찾아오지 말아주세요,2026-03-04T07:50:36Z,642.0,False,219486,3862.0,1023.0
5872,UCF2AFWB3tROplgmkt3nOXIw,훼사원,VXUuf6gFr0o,아.. 이건 큰일났다 (2탄),2026-03-07T09:09:41Z,1039.0,False,155828,3328.0,452.0
5872,UCF2AFWB3tROplgmkt3nOXIw,훼사원,i69Q4MFwjVg,외제차 엔진오일은 도대체 왜 비쌀까?,2026-03-14T09:08:15Z,1275.0,False,185959,3116.0,525.0
5872,UCF2AFWB3tROplgmkt3nOXIw,훼사원,-_hlfEseQWU,다시는 안 하고 싶다,2026-03-21T08:59:31Z,1190.0,False,205949,3717.0,518.0
5872,UCF2AFWB3tROplgmkt3nOXIw,훼사원,FjUrbPpXtts,카센터에서 외제차 필터 교체를 거부하는 이유 (Feat. 독3사 + 테슬라),2026-03-28T08:53:33Z,1458.0,False,155974,4033.0,2441.0
5872,UCF2AFWB3tROplgmkt3nOXIw,훼사원,xHklE4K2hAA,이거 허위 매물 아니야..?,2026-04-04T09:08:14Z,1227.0,False,182360,3665.0,338.0
5872,UCF2AFWB3tROplgmkt3nOXIw,훼사원,PhQoYwK4l5s,와이프가 출장 간 사이.. 86을 뜯어보았습니다,2026-04-11T09:27:19Z,886.0,False,145052,2652.0,327.0
5872,UCF2AFWB3tROplgmkt3nOXIw,훼사원,2DOp4mG6Db8,13년 된 깡통 모닝.. 범퍼카인가..? (드림카 프로젝트 2호),2026-04-18T09:18:27Z,1044.0,False,116535,2588.0,261.0
5872,UCF2AFWB3tROplgmkt3nOXIw,훼사원,augHLQsSPr0,깡통 모닝에 안드로이드 올인원을 달아보려고 해보자 (1탄),2026-04-25T10:01:22Z,1479.0,False,219139,3385.0,399.0
5872,UCF2AFWB3tROplgmkt3nOXIw,훼사원,_sV61PkxOkI,이제 제 모닝은 후방카메라가 2개입니다 (올인원 2탄),2026-05-02T09:04:27Z,1190.0,False,148604,2881.0,254.0
5872,UCF2AFWB3tROplgmkt3nOXIw,훼사원,-ZTB_pf6yfY,직접 DIY한 자동차를 구입하면 안 되는 이유,2026-05-09T09:25:44Z,938.0,False,146524,3290.0,227.0
5872,UCF2AFWB3tROplgmkt3nOXIw,훼사원,eFCYQjRcMs0,브레이크 자가정비의 최후,2026-05-16T09:20:03Z,629.0,False,80214,2032.0,169.0
5873,UCz0f0QwCOqdm35MPnmm89hA,주파수 라이브 ZUFASU LIVE,KntwqDwIVZY,누가 컴백 트레일러를 영화처럼 찍어요? 🎬 그거 완전  르세라핌 전문 분야,2026-04-20T11:30:44Z,33.0,True,1672,12.0,0.0
5873,UCz0f0QwCOqdm35MPnmm89hA,주파수 라이브 ZUFASU LIVE,O9OBB6uX0SM,아하는 아이돌 앞에서의 내 모습💦💖 사랑이 뭐라고 사람을 이렇게 붐하�,2026-04-21T03:19:03Z,13.0,True,1809,3.0,1.0
5873,UCz0f0QwCOqdm35MPnmm89hA,주파수 라이브 ZUFASU LIVE,VMNs97h6SnM,개저씨 말투 진짜 잘 따라하는 아이돌; 😆 이거 누가 우리 우주소녀한테 알,2026-04-21T04:30:21Z,33.0,True,7898,9.0,0.0
5873,UCz0f0QwCOqdm35MPnmm89hA,주파수 라이브 ZUFASU LIVE,CtQbwsAy4oM,학교에서 만났으면 지독하게 짝사랑 했을 것 같다...💦💘 기억나? 매점 앞�,2026-04-21T06:00:46Z,29.0,True,512,8.0,0.0
5873,UCz0f0QwCOqdm35MPnmm89hA,주파수 라이브 ZUFASU LIVE,R_RPFuqNr6I,르세라핌 권력 3개 국어 트레일러 모아보기🎬👀 이러면 저 르세라핌 컴백�,2026-04-22T02:43:29Z,38.0,True,13577,142.0,1.0
5873,UCz0f0QwCOqdm35MPnmm89hA,주파수 라이브 ZUFASU LIVE,KSZQEq8DHlw,공주옷 입고 춤 빡세게 추는 거 개호감,2026-04-23T07:44:35Z,18.0,True,1329,17.0,0.0
5873,UCz0f0QwCOqdm35MPnmm89hA,주파수 라이브 ZUFASU LIVE,Us3nr-Iz76w,중독성 미친 르세라핌 신곡 ㄷㄷ,2026-04-24T09:12:05Z,15.0,True,33783,269.0,26.0
5873,UCz0f0QwCOqdm35MPnmm89hA,주파수 라이브 ZUFASU LIVE,9XmRXiAgROI,왔다... 내 도파민...,2026-04-24T10:30:16Z,13.0,True,23961,271.0,11.0
5873,UCz0f0QwCOqdm35MPnmm89hA,주파수 라이브 ZUFASU LIVE,03O0tTcv0_8,알고리즘이 선물해준 맛도리 노래,2026-04-24T11:30:34Z,15.0,True,78479,189.0,3.0
5873,UCz0f0QwCOqdm35MPnmm89hA,주파수 라이브 ZUFASU LIVE,ITUWzm5ww9Y,어떻게 안무가 이렇게 꿍싯꿍싯...,2026-04-24T12:31:05Z,13.0,True,7851,16.0,0.0
5873,UCz0f0QwCOqdm35MPnmm89hA,주파수 라이브 ZUFASU LIVE,iJoHggLey3s,르세라핌이 상모를 너무 잘 돌려요...,2026-04-24T13:14:11Z,20.0,True,29733,425.0,38.0
5873,UCz0f0QwCOqdm35MPnmm89hA,주파수 라이브 ZUFASU LIVE,Ezd4FHRzRnw,또 개신나는 노래 가져온 르세라핌,2026-04-24T14:30:39Z,15.0,True,24967,241.0,15.0
5873,UCz0f0QwCOqdm35MPnmm89hA,주파수 라이브 ZUFASU LIVE,92KWtBeMEZU,PT쌤보다 르세라핌이 나를 더 뛰게 함,2026-04-27T04:52:53Z,20.0,True,16080,214.0,0.0
5873,UCz0f0QwCOqdm35MPnmm89hA,주파수 라이브 ZUFASU LIVE,Av7QDWV71G0,스피닝 강사 최애 신곡 1위,2026-04-27T06:00:31Z,20.0,True,17192,181.0,3.0
5873,UCz0f0QwCOqdm35MPnmm89hA,주파수 라이브 ZUFASU LIVE,m7CCkNGt5oE,스물다섯 스물하나 이 장면이 떠오르는 노래,2026-04-28T10:30:42Z,20.0,True,1006,2.0,1.0
5873,UCz0f0QwCOqdm35MPnmm89hA,주파수 라이브 ZUFASU LIVE,q4UeLqVXnLk,신박하게 숏폼 찍는 여돌ㅋㅋ,2026-04-29T08:48:34Z,14.0,True,21148,127.0,0.0
5873,UCz0f0QwCOqdm35MPnmm89hA,주파수 라이브 ZUFASU LIVE,BTZM4PYu0mE,사람들은 잘 모르는 숏폼 장인 여돌,2026-04-29T10:00:48Z,18.0,True,3971,16.0,0.0
5873,UCz0f0QwCOqdm35MPnmm89hA,주파수 라이브 ZUFASU LIVE,x3rc1usaZe4,아.. 미소녀 애교 공격 개낀다...,2026-04-29T11:01:00Z,21.0,True,725,12.0,0.0
5873,UCz0f0QwCOqdm35MPnmm89hA,주파수 라이브 ZUFASU LIVE,Xd1BcUrv1Mk,솔직히 르세라핌보다 잘 춤,2026-04-29T11:01:20Z,14.0,True,6117,131.0,4.0
5873,UCz0f0QwCOqdm35MPnmm89hA,주파수 라이브 ZUFASU LIVE,AIgx3Kjirh0,한 활동 내 두 가지 스타일!💖 긴머리 vs 단발 어느 머리가 더 잘 어울리는 �,2026-04-30T07:01:28Z,12.0,True,1020,4.0,0.0
5873,UCz0f0QwCOqdm35MPnmm89hA,주파수 라이브 ZUFASU LIVE,AHZdFZNgAcg,냅다 포니테일 잡고 흔드는 르세라핌💦 목 건강을 위해서는 이게 더 좋아�,2026-04-30T08:59:58Z,21.0,True,8941,122.0,2.0
5873,UCz0f0QwCOqdm35MPnmm89hA,주파수 라이브 ZUFASU LIVE,oqu7VSw_bEk,놀라운 르세라핌 신곡 해외 반응...,2026-04-30T11:01:07Z,13.0,True,11704,173.0,1.0
5873,UCz0f0QwCOqdm35MPnmm89hA,주파수 라이브 ZUFASU LIVE,DaGybVd3Ll0,김채원 예쁜 거 영원히 축하해,2026-04-30T12:02:25Z,23.0,True,1084,24.0,1.0
5873,UCz0f0QwCOqdm35MPnmm89hA,주파수 라이브 ZUFASU LIVE,pP98cQnbz-g,조회수 400만 직캠 영상 주인공 알고 보니...,2026-05-01T05:28:42Z,15.0,True,15570,55.0,1.0
5873,UCz0f0QwCOqdm35MPnmm89hA,주파수 라이브 ZUFASU LIVE,Hq8ds3lF0cg,이거 보고 웃음 안 나오면 사람 아님,2026-05-01T06:30:19Z,11.0,True,470,3.0,0.0
5873,UCz0f0QwCOqdm35MPnmm89hA,주파수 라이브 ZUFASU LIVE,sIwbFis7rr0,느좋 여돌들의 키오프 챌린지 모음,2026-05-01T07:30:29Z,20.0,True,727,10.0,0.0
5873,UCz0f0QwCOqdm35MPnmm89hA,주파수 라이브 ZUFASU LIVE,b6U7mOUD_jY,팬캠 기가 막히게 잘 찾는 신인 여돌,2026-05-01T08:30:26Z,36.0,True,553,6.0,0.0
5873,UCz0f0QwCOqdm35MPnmm89hA,주파수 라이브 ZUFASU LIVE,vAY6iwcyNP4,이슬이 누나 몸에 갇힌 짱구 이프아이 카시아,2026-05-01T09:00:35Z,11.0,True,4314,32.0,0.0
5873,UCz0f0QwCOqdm35MPnmm89hA,주파수 라이브 ZUFASU LIVE,qqcSffuBNfY,은근 쾌감 느껴진다는 르세라핌 신곡 구간,2026-05-01T11:01:29Z,17.0,True,16739,105.0,2.0
5873,UCz0f0QwCOqdm35MPnmm89hA,주파수 라이브 ZUFASU LIVE,uHV5EwFNVdw,헤드뱅잉으로 하나가 된 아이돌들,2026-05-01T12:01:42Z,15.0,True,20941,228.0,4.0
5873,UCz0f0QwCOqdm35MPnmm89hA,주파수 라이브 ZUFASU LIVE,A81Spva02DQ,르세라핌 CELEBRATION 나만 이렇게 들려?  여러분들은 어떻게 들리시나요?🎧,2026-05-02T03:00:22Z,13.0,True,31031,264.0,16.0
5873,UCz0f0QwCOqdm35MPnmm89hA,주파수 라이브 ZUFASU LIVE,ycGFWNh6az4,르세라핌이 뱀파이어? 나같으면 목덜미 바로 들이밀죠?,2026-05-02T04:00:16Z,20.0,True,16605,202.0,3.0
5873,UCz0f0QwCOqdm35MPnmm89hA,주파수 라이브 ZUFASU LIVE,ia6p7XdaZ6Y,모델인 줄 알았는데 알고보니...,2026-05-02T05:00:29Z,18.0,True,191,3.0,0.0
5873,UCz0f0QwCOqdm35MPnmm89hA,주파수 라이브 ZUFASU LIVE,nxY6qj4Ft5Q,스피닝 깔이라고 하니까 진짜 스피닝 강사들이랑 무대한 르세라핌 ㅋㅋㅋ,2026-05-06T04:14:07Z,13.0,True,26468,214.0,46.0
5873,UCz0f0QwCOqdm35MPnmm89hA,주파수 라이브 ZUFASU LIVE,0lZF0LOW4bo,오랜만에 맘에 드는 여돌 노래 발견...!,2026-05-07T07:27:29Z,15.0,True,968,4.0,0.0
5873,UCz0f0QwCOqdm35MPnmm89hA,주파수 라이브 ZUFASU LIVE,R88XJVjI_c0,보는 재미가 있는 김채원 무대 헤메코,2026-05-07T09:00:42Z,28.0,True,8109,102.0,2.0
5873,UCz0f0QwCOqdm35MPnmm89hA,주파수 라이브 ZUFASU LIVE,-ROU-W-d-Xw,캐릭터 확실하게 보이는 멘트 실수 반응 ㅋㅋㅋ,2026-05-08T08:07:50Z,16.0,True,5899,5.0,0.0
5873,UCz0f0QwCOqdm35MPnmm89hA,주파수 라이브 ZUFASU LIVE,bZcMlRYnSRo,요즘 버추얼 3D 잘 나오네...💥,2026-05-11T07:38:01Z,15.0,True,99378,118.0,9.0
5873,UCz0f0QwCOqdm35MPnmm89hA,주파수 라이브 ZUFASU LIVE,7Iinw1T5myo,이게 대학교 축제야 르세라핌 콘서트야,2026-05-12T07:46:44Z,17.0,True,12949,131.0,15.0
5873,UCz0f0QwCOqdm35MPnmm89hA,주파수 라이브 ZUFASU LIVE,QYdf65Pzaio,이번엔 납량컨셉 말아온 르세라핌,2026-05-12T09:00:50Z,39.0,True,1515,42.0,3.0
5873,UCz0f0QwCOqdm35MPnmm89hA,주파수 라이브 ZUFASU LIVE,WBEdsO928pk,요즘 틱톡 유행각 보인다는 이 챌린지,2026-05-12T10:00:59Z,16.0,True,2127,21.0,0.0
5873,UCz0f0QwCOqdm35MPnmm89hA,주파수 라이브 ZUFASU LIVE,SvMhEg5qih8,요즘 자꾸 눈에 들어오는 여돌,2026-05-13T05:55:41Z,15.0,True,1320,17.0,0.0
5873,UCz0f0QwCOqdm35MPnmm89hA,주파수 라이브 ZUFASU LIVE,Mta3mZhVc4M,이번 거는 또 뭘까... 싶은 르세라핌 티저,2026-05-13T08:00:50Z,61.0,False,2727,65.0,0.0
5873,UCz0f0QwCOqdm35MPnmm89hA,주파수 라이브 ZUFASU LIVE,CGi72yjTjog,올해 공포 영화 씨게 본 듯한 여돌 티저,2026-05-13T09:00:39Z,23.0,True,25,1.0,0.0
5873,UCz0f0QwCOqdm35MPnmm89hA,주파수 라이브 ZUFASU LIVE,Cz5gagSiKUs,상상만해도 행복한데?,2026-05-14T05:50:25Z,30.0,True,1078,5.0,1.0
5873,UCz0f0QwCOqdm35MPnmm89hA,주파수 라이브 ZUFASU LIVE,WNRiVD2iHbA,많이 보고싶다...,2026-05-14T07:09:11Z,47.0,True,1097,11.0,0.0
5873,UCz0f0QwCOqdm35MPnmm89hA,주파수 라이브 ZUFASU LIVE,K3wQhWpY3eI,범진 '인사' 좋아하는 사람 들어오세요,2026-05-14T10:10:56Z,25.0,True,276,4.0,1.0
5873,UCz0f0QwCOqdm35MPnmm89hA,주파수 라이브 ZUFASU LIVE,N6wcP2s3y_I,아낌 없이 주는 나무 시점에서 만든 노래,2026-05-15T01:56:43Z,34.0,True,247,3.0,1.0
5873,UCz0f0QwCOqdm35MPnmm89hA,주파수 라이브 ZUFASU LIVE,HWwvr3tyYsQ,눈웃음 개치인다...,2026-05-15T07:16:54Z,30.0,True,1235,12.0,0.0
5873,UCz0f0QwCOqdm35MPnmm89hA,주파수 라이브 ZUFASU LIVE,MywC2WLTGkQ,여러분의 마음 속엔 어떤 이야기가 떠오르나요?,2026-05-15T10:03:39Z,31.0,True,333,1.0,0.0
5874,UCQlH1ppmoTCx9F1vV0XqPtg,체스CHES,ThOna-Msqjw,[공홈vs실제] Ep.21 에뛰드 마커틴트! #에뛰드 #디어달링마커틴트 물놀이 필수템 공홈 실제 비교 발색 리뷰 • 내돈내산 • 광택틴트 • 신상리뷰 | CHES 체스,2024-06-13T10:15:02Z,295.0,False,19892,274.0,36.0
5874,UCQlH1ppmoTCx9F1vV0XqPtg,체스CHES,LJU3qZ7U3ko,[공홈vs실제] 에뛰드 마커틴트 공홈vs실제 발색 비교  #에뛰드 #마커틴트,2024-06-18T11:30:18Z,60.0,True,30818,401.0,11.0
5874,UCQlH1ppmoTCx9F1vV0XqPtg,체스CHES,7LmggM_tpmE,중안부 짧아보이고 싶다면 이렇게 따라해보세요!! 한끗 차이로 중안부 축소 메이크업 | CHES 체스,2024-07-17T11:00:06Z,649.0,False,3885,138.0,16.0
5874,UCQlH1ppmoTCx9F1vV0XqPtg,체스CHES,aFw0nMtsMQA,내돈내산💸 쾌적한 여름 보내기! 올리브영🫒 여름 추천템 • 쿨생리대 • 누드브라 • 모델링팩 • 여름스킨케어 | CHES 체스,2024-07-27T11:14:12Z,778.0,False,2706,53.0,9.0
5874,UCQlH1ppmoTCx9F1vV0XqPtg,체스CHES,LSeljFTZ7r0,GRWM 요청 많았던 그 메이크업! 같이 준비해요 ft.실리프팅 부작용🥲,2024-08-22T11:30:16Z,677.0,False,4587,115.0,15.0
5874,UCQlH1ppmoTCx9F1vV0XqPtg,체스CHES,AneD1kfo-tE,👛초미니 풀메 파우치👛 미니화장품으로 메이크업하기! | CHES 체스,2024-10-29T10:17:34Z,679.0,False,9489,244.0,21.0
5874,UCQlH1ppmoTCx9F1vV0XqPtg,체스CHES,9C0LuKo8ppE,롬앤 NEW 쥬시래스팅 틴트👄 전 23컬러 발색! 난리난 신상 컬러 모음 (#피치피치미 특히 예쁨 주의😙) | CHES 체스,2024-10-31T09:57:01Z,457.0,False,136405,1729.0,112.0
5874,UCQlH1ppmoTCx9F1vV0XqPtg,체스CHES,PHiMEfQfbnw,[공홈vs실제] 다이소💋 3000원이요🫢?! #다이소 #밀크터치 디어씽 블러리 이펙트 스무드 터치팟 • 립앤치크 • 공홈 비교 발색 리뷰 • 다이소화장품 | CHES 체스,2024-11-07T11:59:12Z,332.0,False,9165,146.0,25.0
5874,UCQlH1ppmoTCx9F1vV0XqPtg,체스CHES,rFrTl67OxOs,#롬앤 NEW #쥬시래스팅틴트👄 전색상 23컬러 발색! #두겹광택 #kbeauty,2024-11-07T14:10:51Z,49.0,True,14137,430.0,8.0
5874,UCQlH1ppmoTCx9F1vV0XqPtg,체스CHES,KALWffarj3U,[공홈vs실제] #다이소 3000원 립앤치크? 디어씽 블러리 이펙트 스무드 터치팟 #밀크터치 #립앤치크,2024-11-12T11:27:29Z,60.0,True,11620,207.0,3.0
5874,UCQlH1ppmoTCx9F1vV0XqPtg,체스CHES,BIdK6kE-t3k,🥨멜팅 캬라멜 누드 메이크업🥐,2024-11-16T10:18:39Z,554.0,False,2335,75.0,17.0
5874,UCQlH1ppmoTCx9F1vV0XqPtg,체스CHES,jRWl1D1bZVM,머리말기 쉽지않더라🥲 냅따 묶어버리기 #hairstyle,2024-11-20T09:52:25Z,56.0,True,1904,38.0,6.0
5874,UCQlH1ppmoTCx9F1vV0XqPtg,체스CHES,kIm1hMYhOP8,‘No eye makeup’ makeup #메이크업 #makeup #grwm,2024-11-22T09:20:44Z,41.0,True,4980,227.0,3.0
5874,UCQlH1ppmoTCx9F1vV0XqPtg,체스CHES,ZtDQnblT0bs,앞머리 자른 기념 #레드립 💋❤️,2024-11-24T13:38:05Z,21.0,True,4345,86.0,4.0
5874,UCQlH1ppmoTCx9F1vV0XqPtg,체스CHES,ARGVsD7aVHE,[공홈vs실제] 안보면 큰일나요...! 네이밍 죄송합니다😱 #네이밍 블러리 하트 립 틴트 공홈 비교 발색 리뷰 #하트벌룬틴트 #블러틴트 | CHES 체스,2024-11-27T15:17:11Z,479.0,False,22685,226.0,23.0
5874,UCQlH1ppmoTCx9F1vV0XqPtg,체스CHES,pNgsCeiMjDU,[공홈vs실제] 네이밍 블러리 하트 립틴트🩶 공홈 비교 발색 리뷰 #네이밍 #전색상리뷰,2024-12-10T10:55:00Z,60.0,True,5526,62.0,4.0
5874,UCQlH1ppmoTCx9F1vV0XqPtg,체스CHES,9kSj1_mUi1s,블러셔는 늘 짜릿해😘,2024-12-15T13:21:59Z,16.0,True,2869,72.0,6.0
5874,UCQlH1ppmoTCx9F1vV0XqPtg,체스CHES,cmaDcrP_kbQ,도라에몽 가방😆,2024-12-17T11:02:15Z,23.0,True,2760,40.0,6.0
5874,UCQlH1ppmoTCx9F1vV0XqPtg,체스CHES,1fEVZIaQqCQ,겨울 프레피룩❄️🧣 #ootd,2024-12-18T12:10:49Z,39.0,True,4162,53.0,2.0
5874,UCQlH1ppmoTCx9F1vV0XqPtg,체스CHES,9C6M0iRilVw,마스크팩 잘라서 사용해보세요✂️ #마스크팩 #뷰티팁,2024-12-22T12:56:19Z,23.0,True,2631,52.0,0.0
5874,UCQlH1ppmoTCx9F1vV0XqPtg,체스CHES,xBwDEHAWA2M,민감&악건성도 살리는 겨울 스킨케어❄️클렌징부터 스킨케어까지 촉촉 보습 정착템💦 | CHES 체스,2024-12-28T11:01:11Z,634.0,False,12810,91.0,17.0
5874,UCQlH1ppmoTCx9F1vV0XqPtg,체스CHES,HgcTc2nhwys,❄️화려한데 청순해! 여쿨라 찰떡 쿨핑크 메이크업🍬🫧 | 체스 CHES,2025-01-25T11:00:27Z,739.0,False,2944,93.0,8.0
5874,UCQlH1ppmoTCx9F1vV0XqPtg,체스CHES,dyE7h8jYLIc,장원영 담당쌤이 알려주는 💘장원영 메이크업💘 (ft.안보면 후회하는 꿀팁가득 디테일장인) | CHES 체스,2025-02-26T09:54:31Z,920.0,False,9462,231.0,20.0
5874,UCQlH1ppmoTCx9F1vV0XqPtg,체스CHES,th7Nxz0HEAw,[공홈vs실제] 🍓롬앤 쥬시래스팅 신상🍈🥥 #레어쥬시 공홈 비교 발색 리뷰 | CHES 체스,2025-03-03T11:31:10Z,291.0,False,23800,228.0,20.0
5874,UCQlH1ppmoTCx9F1vV0XqPtg,체스CHES,gSCnyH6OKpw,탱글한 물먹립💦 #라카 프루티 글램 틴트 미니?! 신상컬러 발색 • 리뷰 #프루티글램틴트 #물광틴트,2025-03-15T09:53:19Z,59.0,True,6866,105.0,5.0
5874,UCQlH1ppmoTCx9F1vV0XqPtg,체스CHES,J-5GPvGFFn0,"장바구니에 넣어둔 제품, 지금 사야하는 이유!! #그랜드십일절 #11번가 #빅세일",2025-05-09T10:36:54Z,43.0,True,1729,15.0,2.0
5874,UCQlH1ppmoTCx9F1vV0XqPtg,체스CHES,6dwl2nWqWAQ,"광고아님❌ 삶의 질 수직 상승템 모음✨ 거북목 • 질염 • 등드름 까지 해결! ft.백지영 목. 견인기, 연예인 손민수템",2025-05-21T12:00:11Z,671.0,False,3120,99.0,14.0
5874,UCQlH1ppmoTCx9F1vV0XqPtg,체스CHES,V_qFTdc8pyc,‼️물놀이 가기전 필수‼️ 안지워지는 워터프루프 선크림 & 착색 미친 틴트 추천!! | CHES 체스,2025-07-05T09:51:22Z,431.0,False,10466,89.0,9.0
5874,UCQlH1ppmoTCx9F1vV0XqPtg,체스CHES,ySIoGD4AA3A,옷이 1000원?!? 미친 가성비 쉬인깡🎀 6500원이하 옷들 퀄리티는? | CHES 체스,2025-07-19T11:24:26Z,468.0,False,3001,47.0,6.0
5874,UCQlH1ppmoTCx9F1vV0XqPtg,체스CHES,29YlMom1RTI,핀터레스트st 인스타 핫걸🔥메이크업 Pinterest-Inspired Insta Hot Girl Makeup | CHES 체스,2025-07-27T12:19:01Z,266.0,False,3573,152.0,24.0
5874,UCQlH1ppmoTCx9F1vV0XqPtg,체스CHES,pG6a-XhAeBM,"핫걸호소인의 인스타,틱톡st 핫걸 메이크업 #makeup",2025-08-04T13:45:59Z,29.0,True,7350,99.0,3.0
5874,UCQlH1ppmoTCx9F1vV0XqPtg,체스CHES,yGNielU7ROk,𓇼 모리걸𓂂𓏸  아오이유우st 청순 살구 메이크업𓆝𓆟𓆞𓆜 | CHES 체스,2025-08-13T10:32:29Z,476.0,False,3053,105.0,22.0
5874,UCQlH1ppmoTCx9F1vV0XqPtg,체스CHES,Tu5aMB37nQA,워터파크에서 화장하기🌞🏝️,2025-08-23T09:15:55Z,39.0,True,2944,64.0,7.0
5874,UCQlH1ppmoTCx9F1vV0XqPtg,체스CHES,Zthyw7aq0Pk,라카 #프루티글램틴트 미니 new color!!,2025-09-11T03:06:22Z,37.0,True,2495,27.0,2.0
5874,UCQlH1ppmoTCx9F1vV0XqPtg,체스CHES,cCXpZitWK5U,서핑 비키니 추천합니당 #루프루프 #비키니,2025-10-30T10:45:38Z,38.0,True,2261,22.0,0.0
5874,UCQlH1ppmoTCx9F1vV0XqPtg,체스CHES,ABcqZS9Bu14,"겨울에 누가 서핑해요? 안녕하세요 누입니다😊 서핑 브이로그 • 왓츠인마이스윔백 • 체형교정,안면비대칭교정",2025-11-30T09:07:35Z,291.0,False,788,27.0,7.0
5874,UCQlH1ppmoTCx9F1vV0XqPtg,체스CHES,dn-O50OWdzg,"🧳캐리어 짐싸기! 같이 챙겨봐요🏝️ 여행 필수템, 기내 보습템 추천, 마스크팩, 스킨케어 | CHES 체스",2025-12-17T11:01:23Z,1129.0,False,7288,91.0,32.0
5874,UCQlH1ppmoTCx9F1vV0XqPtg,체스CHES,sUUSVOb-0v8,맥북 산 기념 ASMR(?) 언박싱,2025-12-31T10:32:37Z,32.0,True,2291,11.0,0.0
5874,UCQlH1ppmoTCx9F1vV0XqPtg,체스CHES,MuijjfFCApE,"건조한 비행기, 기내 스킨케어 해봐요!✈️",2026-01-05T14:19:01Z,43.0,True,3748,26.0,1.0
5874,UCQlH1ppmoTCx9F1vV0XqPtg,체스CHES,0dZBlKD5_Z8,뮤트 한방울 섞은⋆｡°✩ 그레이시 누드 핑크 메이크업🎀,2026-02-03T09:09:38Z,917.0,False,1539,52.0,12.0
5874,UCQlH1ppmoTCx9F1vV0XqPtg,체스CHES,uHCMCrA7SEU,붙임머리 브이로그🫶 다시 긴머리 됐어용…🫢 #붙임머리 #탐나도다,2026-02-14T08:32:05Z,54.0,True,3678,17.0,2.0
5874,UCQlH1ppmoTCx9F1vV0XqPtg,체스CHES,p3EB6t1p5To,#Myblythedoll 블라이스돌 메이크업,2026-02-22T08:54:21Z,60.0,True,3039,35.0,0.0
5874,UCQlH1ppmoTCx9F1vV0XqPtg,체스CHES,tL9PpPFHxDU,오랜만에 펄섀도우 해봤어용💖🪽,2026-02-25T08:43:26Z,14.0,True,3125,38.0,4.0
5874,UCQlH1ppmoTCx9F1vV0XqPtg,체스CHES,p2QjiYhuw3U,으른미 느껴지는 구운 로즈 메이크업🌷 미지근 웜｡ﾟ✶ฺ | CHES 체스,2026-02-28T12:00:43Z,291.0,False,1132,36.0,7.0
5874,UCQlH1ppmoTCx9F1vV0XqPtg,체스CHES,oAGoswKnM0I,#메이크업 #makeup,2026-03-03T08:49:46Z,13.0,True,3963,52.0,7.0
5874,UCQlH1ppmoTCx9F1vV0XqPtg,체스CHES,WzvL1HrSAAI,친환경 메이크업❤️‍🔥 #용과메이크업,2026-04-16T10:23:06Z,35.0,True,5249,56.0,1.0
5874,UCQlH1ppmoTCx9F1vV0XqPtg,체스CHES,cLo16NvvvR4,발리감성 가득한 발리 추천 브랜드🌺,2026-04-20T10:33:46Z,62.0,False,3383,72.0,2.0
5874,UCQlH1ppmoTCx9F1vV0XqPtg,체스CHES,q4QOaB4WxAY,발리에서 연보라 메이크업💜 #makeup,2026-04-29T09:20:43Z,8.0,True,3101,35.0,0.0
5874,UCQlH1ppmoTCx9F1vV0XqPtg,체스CHES,B86xoVUwddM,터뜨리는 마스크팩?!🫧 #쥬베룩스킨케어 #쥬베룩마스크팩,2026-04-30T11:14:20Z,53.0,True,1595,21.0,4.0
5874,UCQlH1ppmoTCx9F1vV0XqPtg,체스CHES,DfnitaSk4I4,단발머리 했어요!!! #단발머리 #브이로그,2026-05-01T11:19:44Z,53.0,True,9514,65.0,1.0
5875,UCnxOGZwppMFnMYS-eUJtwXw,눈꽃,ogO0DiuJBXA,군대가욤,2020-10-12T05:00:08Z,218.0,False,91466,3350.0,619.0
5875,UCnxOGZwppMFnMYS-eUJtwXw,눈꽃,SNu4CGqR2CU,눈꽃 후추 다주의 굶지마 생존기 풀버전,2020-10-26T05:00:09Z,32354.0,False,12441,275.0,31.0
5875,UCnxOGZwppMFnMYS-eUJtwXw,눈꽃,S3GTgGFH8P0,양띵없는 양띵크루 굶지마 생존기,2020-10-28T11:30:03Z,20818.0,False,25580,429.0,40.0
5875,UCnxOGZwppMFnMYS-eUJtwXw,눈꽃,1ZbRqg-H0EQ,아 군대감,2020-11-11T23:00:00Z,1617.0,False,380876,5170.0,889.0
5875,UCnxOGZwppMFnMYS-eUJtwXw,눈꽃,bChi_Hc3cpM,자낳대 b조 예선전 5경기 족가핵 vs 낭만고 풀버전,2021-06-07T07:58:14Z,1768.0,False,17550,212.0,26.0
5875,UCnxOGZwppMFnMYS-eUJtwXw,눈꽃,JAPQ1F8P6og,자낳대 b조 예선전 6경기 세나각 vs 낭만고 풀버전,2021-06-07T09:00:07Z,1904.0,False,3884,100.0,11.0
5875,UCnxOGZwppMFnMYS-eUJtwXw,눈꽃,qI8CwfIteSo,자낳대 b조 2일차 예선전 4경기 족가핵 vs 낭만고 풀버전,2021-06-07T10:00:16Z,2042.0,False,3967,107.0,12.0
5875,UCnxOGZwppMFnMYS-eUJtwXw,눈꽃,f0ur1M561GE,자낳대 b조 2일차 예선전 6경기 세나각 vs 낭만고 풀버전,2021-06-07T10:30:09Z,2141.0,False,4130,106.0,10.0
5875,UCnxOGZwppMFnMYS-eUJtwXw,눈꽃,en3KwBhKpXA,자낳대 4강 갱식당 vs 낭만고 1경기,2021-06-08T09:00:13Z,2053.0,False,2077,75.0,5.0
5875,UCnxOGZwppMFnMYS-eUJtwXw,눈꽃,kjmHNw5TOBk,자낳대 4강 갱식당 vs 낭만고 2경기,2021-06-08T10:00:19Z,2269.0,False,3908,78.0,3.0
5875,UCnxOGZwppMFnMYS-eUJtwXw,눈꽃,SotRE8H62dM,자낳대 4강 갱식당 vs 낭만고 3경기,2021-06-08T11:00:29Z,2062.0,False,10110,129.0,11.0
5875,UCnxOGZwppMFnMYS-eUJtwXw,눈꽃,CNCeOPMOyzE,자낳대 결승 낭만고vs중력쫀나빞삼 1경기,2021-07-19T09:00:10Z,2099.0,False,3164,55.0,13.0
5875,UCnxOGZwppMFnMYS-eUJtwXw,눈꽃,FpoLnwCgnJQ,자낳대 결승 낭만고vs중력쫀나빞삼 2경기,2021-07-19T10:00:04Z,1993.0,False,3005,56.0,3.0
5875,UCnxOGZwppMFnMYS-eUJtwXw,눈꽃,OBQx67Ue5_A,자낳대 결승 낭만고vs중력쫀나빞삼 3경기,2021-07-19T11:00:16Z,1936.0,False,3933,61.0,4.0
5875,UCnxOGZwppMFnMYS-eUJtwXw,눈꽃,-biP79wzUg0,자낳대 결승 낭만고vs중력쫀나빞삼 4경기,2021-07-19T12:00:00Z,1675.0,False,9589,89.0,6.0
5875,UCnxOGZwppMFnMYS-eUJtwXw,눈꽃,5myv9NyOY58,낭만고 뒤풀이 13일의 금요일,2021-07-21T09:00:03Z,6813.0,False,12443,187.0,22.0
5875,UCnxOGZwppMFnMYS-eUJtwXw,눈꽃,itDrRPSZtrI,롤에 대한 고찰,2021-07-23T09:00:15Z,1332.0,False,30031,468.0,48.0
5875,UCnxOGZwppMFnMYS-eUJtwXw,눈꽃,jBRIbYW4FXk,300명 시참 광복절 기념 인천크래프트 1945!,2021-08-15T11:00:19Z,1025.0,False,35014,634.0,71.0
5875,UCnxOGZwppMFnMYS-eUJtwXw,눈꽃,gR40lKTxXG8,새학기 시작 꿀팁,2022-02-27T07:00:10Z,1752.0,False,55022,1561.0,198.0
5875,UCnxOGZwppMFnMYS-eUJtwXw,눈꽃,NoAWHEUGoCk,틱톡,2022-03-18T06:00:05Z,813.0,False,47451,1047.0,105.0
5875,UCnxOGZwppMFnMYS-eUJtwXw,눈꽃,C2C_O-biubg,힐링캠프 했습니다,2022-05-08T07:00:04Z,18737.0,False,15440,276.0,27.0
5875,UCnxOGZwppMFnMYS-eUJtwXw,눈꽃,yHiwRszBHGA,현피,2022-05-12T06:00:21Z,1199.0,False,81761,1844.0,163.0
5875,UCnxOGZwppMFnMYS-eUJtwXw,눈꽃,3DMS8L1dAkI,양생 오프닝 때 크루원은 뭘 할까,2022-06-26T06:00:00Z,488.0,False,74967,2198.0,109.0
5875,UCnxOGZwppMFnMYS-eUJtwXw,눈꽃,b2SgjD-KKiU,음식 정반대 성향 토론,2022-06-27T06:00:08Z,481.0,False,13037,515.0,81.0
5875,UCnxOGZwppMFnMYS-eUJtwXw,눈꽃,lCPYzsrOjg4,8주년 기념 방송,2022-06-29T10:00:26Z,498.0,False,28206,826.0,63.0
5875,UCnxOGZwppMFnMYS-eUJtwXw,눈꽃,JZ729PoVCf4,8주년 기념방송 2부,2022-07-01T10:00:15Z,488.0,False,16311,532.0,24.0
5875,UCnxOGZwppMFnMYS-eUJtwXw,눈꽃,ZgTM1S4j4hk,MBTI 유형별 특징,2022-07-08T09:00:19Z,492.0,False,33317,833.0,67.0
5875,UCnxOGZwppMFnMYS-eUJtwXw,눈꽃,AmpSgkrti5Y,이세계의 눈꽃,2022-07-22T09:00:06Z,3618.0,False,31762,583.0,39.0
5875,UCnxOGZwppMFnMYS-eUJtwXw,눈꽃,x0QysX5I1iA,욕설주의게임,2022-08-05T09:00:39Z,11868.0,False,11629,246.0,19.0
5875,UCnxOGZwppMFnMYS-eUJtwXw,눈꽃,6KoIRZxgwBY,도박은 미친짓이다,2022-08-30T09:00:03Z,938.0,False,15481,312.0,28.0
5875,UCnxOGZwppMFnMYS-eUJtwXw,눈꽃,emTLzjYUXOc,PCR받았었,2022-11-03T03:30:09Z,422.0,False,20470,371.0,68.0
5875,UCnxOGZwppMFnMYS-eUJtwXw,눈꽃,Oaj-ZPedyxM,전세계 99%는 못 깬 게임 도전 합니다,2022-11-25T06:00:08Z,613.0,False,22132,568.0,59.0
5875,UCnxOGZwppMFnMYS-eUJtwXw,눈꽃,BB-h4Z2_jrQ,아싸 커뮤장애,2022-12-11T06:00:02Z,753.0,False,22284,411.0,41.0
5875,UCnxOGZwppMFnMYS-eUJtwXw,눈꽃,omznsd89pPM,억까 테스트,2023-01-29T05:00:16Z,1916.0,False,48414,653.0,50.0
5875,UCnxOGZwppMFnMYS-eUJtwXw,눈꽃,3Sd6qQz7TFw,아이돌 꼬시기,2023-02-02T08:00:01Z,3329.0,False,11580,237.0,20.0
5875,UCnxOGZwppMFnMYS-eUJtwXw,눈꽃,oX81dnmTqbg,석유 부자되는중,2023-02-04T09:06:16Z,5355.0,False,7168,201.0,18.0
5875,UCnxOGZwppMFnMYS-eUJtwXw,눈꽃,4qwsk9K_i4k,3각 관계,2023-02-05T06:00:02Z,3780.0,False,8986,156.0,22.0
5875,UCnxOGZwppMFnMYS-eUJtwXw,눈꽃,TYXaC48WzKA,눈치 좋아야 하는 게임,2023-02-11T06:00:10Z,2034.0,False,12125,337.0,30.0
5875,UCnxOGZwppMFnMYS-eUJtwXw,눈꽃,T0WUh1YzRVE,새X가리 새X,2023-03-14T06:00:16Z,3010.0,False,4836,133.0,13.0
5875,UCnxOGZwppMFnMYS-eUJtwXw,눈꽃,wShKwv1dupg,이 레벨을 클리어 하기 위해 800번의 도전을...,2023-03-15T06:00:14Z,551.0,False,4792,157.0,10.0
5875,UCnxOGZwppMFnMYS-eUJtwXw,눈꽃,lvgP_haQEGA,공포게임임 아마도,2023-03-21T09:00:22Z,1726.0,False,5811,175.0,19.0
5875,UCnxOGZwppMFnMYS-eUJtwXw,눈꽃,293azynCubc,호불호 음식 월드컵,2023-03-28T09:00:01Z,1562.0,False,5177,150.0,11.0
5875,UCnxOGZwppMFnMYS-eUJtwXw,눈꽃,zLW6Mj5xyco,운전면허 시험중 일어난 일에 대하여,2023-03-31T09:00:44Z,1943.0,False,63775,923.0,84.0
5875,UCnxOGZwppMFnMYS-eUJtwXw,눈꽃,Ab1he8tU8Lo,자동차 사고,2023-04-01T09:00:06Z,758.0,False,17742,307.0,21.0
5875,UCnxOGZwppMFnMYS-eUJtwXw,눈꽃,XfNNUTUxIJY,미세먼지가 날 죽여,2023-04-05T09:00:18Z,857.0,False,12317,227.0,21.0
5875,UCnxOGZwppMFnMYS-eUJtwXw,눈꽃,fuAV0ZxIZVg,초등학교 생활,2023-04-06T09:00:20Z,1232.0,False,21306,364.0,22.0
5875,UCnxOGZwppMFnMYS-eUJtwXw,눈꽃,gFK6z1b2fPI,훈련소 얘기,2023-04-08T09:00:22Z,850.0,False,39088,488.0,25.0
5875,UCnxOGZwppMFnMYS-eUJtwXw,눈꽃,27P-NbW7ldU,빨간색 닿으면  어머돼요,2023-04-10T09:00:03Z,4209.0,False,18866,241.0,21.0
5875,UCnxOGZwppMFnMYS-eUJtwXw,눈꽃,H3U7hzk-MWs,해리포터가 존경하고 볼드모트가 질투하는 마법사,2023-07-22T09:00:17Z,699.0,False,28945,461.0,38.0
5875,UCnxOGZwppMFnMYS-eUJtwXw,눈꽃,pDdUdu1D4k8,도?신 눈꽃 등장,2023-10-02T07:45:01Z,772.0,False,65882,640.0,98.0
5876,UCD0WWP9-oZZbu_IJTeDlPbg,Kyung6Film,tpVmiJ7vw4Y,새롭게 인테리어한 우리 집 | feat.지인스퀘어 x Kyung6film,2023-08-25T09:00:45Z,109.0,False,155398,434.0,61.0
5876,UCD0WWP9-oZZbu_IJTeDlPbg,Kyung6Film,_Xx0jDWjSLA,미모의 여친님과 함께 떠난 대만 여행 | TAIWAN,2023-09-01T11:00:34Z,123.0,False,260892,8095.0,481.0
5876,UCD0WWP9-oZZbu_IJTeDlPbg,Kyung6Film,Er9y0FTD5k8,그녀와 영화 한 편 찍고 왔습니다 | 대만 여행,2023-09-22T11:00:14Z,478.0,False,116265,3902.0,188.0
5876,UCD0WWP9-oZZbu_IJTeDlPbg,Kyung6Film,LVpO8_-4wUI,iphone 15po max 로그 색감 이 정도구나... #여행 #홍콩 #hongkong #shotoniphone,2023-11-04T11:14:12Z,30.0,True,63417,1673.0,45.0
5876,UCD0WWP9-oZZbu_IJTeDlPbg,Kyung6Film,upT_ZYMqddo,인천!!?? 이 영상 하나로 정리하겠습니다.,2023-11-09T09:19:17Z,235.0,False,121552,3260.0,332.0
5876,UCD0WWP9-oZZbu_IJTeDlPbg,Kyung6Film,RvWhG07I5MQ,홍콩?! 액션캠 한 대로 담아 보았습니다.,2023-12-06T11:00:31Z,152.0,False,276791,7007.0,458.0
5876,UCD0WWP9-oZZbu_IJTeDlPbg,Kyung6Film,Ie2dlmTAr8w,여름 좋아하는 여친과 겨울 나라 여행 | 홋카이도 VLOG,2024-01-10T11:00:15Z,531.0,False,76369,1999.0,217.0
5876,UCD0WWP9-oZZbu_IJTeDlPbg,Kyung6Film,CEaOIZ_WyyM,꿈같았던 치앙마이에서의 일주일  | CHIANG MAI VLOG,2024-02-20T11:00:15Z,560.0,False,76985,1748.0,123.0
5876,UCD0WWP9-oZZbu_IJTeDlPbg,Kyung6Film,0YZOQSkgg04,바다 한 가운데 숨어있는 파라다이스에 가보자 | Phuket Vlog,2024-04-08T11:07:28Z,610.0,False,1004767,10646.0,482.0
5876,UCD0WWP9-oZZbu_IJTeDlPbg,Kyung6Film,sFV3voHsh3U,야생 돌고래가 찾아오는 환상의 나라에 가보자 | Discovery,2024-07-04T10:00:56Z,675.0,False,65075,1584.0,141.0
5876,UCD0WWP9-oZZbu_IJTeDlPbg,Kyung6Film,ucLgitLcOn0,몰디브! 수영복 입었다가 추방당할 수도 있다고? | VLog,2024-07-24T09:00:46Z,491.0,False,419649,4664.0,200.0
5876,UCD0WWP9-oZZbu_IJTeDlPbg,Kyung6Film,CoQtexGI4nY,식사 후 난간에서 밀어주는 레스토랑에 가보자,2024-08-03T11:50:21Z,61.0,False,7957,131.0,4.0
5876,UCD0WWP9-oZZbu_IJTeDlPbg,Kyung6Film,n8x0JZnu1XQ,짐벌과 함께하는 성수동 데이트! #Shorts #korean #travel #여행,2024-08-08T09:00:45Z,57.0,True,18606,438.0,17.0
5876,UCD0WWP9-oZZbu_IJTeDlPbg,Kyung6Film,efay7uwtqYk,생애 첫 번째 #rollsroyce 홍콩 페닌슐라에서 타봤습니다...#뚜벅이,2024-08-26T11:27:24Z,41.0,True,17785,175.0,11.0
5876,UCD0WWP9-oZZbu_IJTeDlPbg,Kyung6Film,YXv8gclqkLw,싱가포르!? 액션캠 하나로 담아보았습니다. [insta360 Ace pro 2],2024-10-22T13:00:44Z,140.0,False,87848,2150.0,266.0
5876,UCD0WWP9-oZZbu_IJTeDlPbg,Kyung6Film,WVf8sTHvr58,촬영하면서도 감탄만 나오던 인천의 숨겨진 스팟들,2024-11-28T09:00:11Z,172.0,False,94030,1363.0,126.0
5876,UCD0WWP9-oZZbu_IJTeDlPbg,Kyung6Film,1H9GuibCYl8,스마트폰 짐벌 한 대로 도쿄 감성 담아보기 | Hohem iSteady M7,2024-12-10T13:00:04Z,138.0,False,69680,2588.0,268.0
5876,UCD0WWP9-oZZbu_IJTeDlPbg,Kyung6Film,klQCTkaQol0,완벽한 여행 영상을 위한 비밀 | Insta360 Flow 2 Pro,2025-01-16T13:00:58Z,151.0,False,26667,911.0,124.0
5876,UCD0WWP9-oZZbu_IJTeDlPbg,Kyung6Film,0YVI9TNwqT8,"January 20, 2025",2025-01-20T09:55:18Z,46.0,True,6392,109.0,2.0
5876,UCD0WWP9-oZZbu_IJTeDlPbg,Kyung6Film,jsYTcviiNbU,일본의 몰디브? 미야코지마의 충격적인 바다색...,2025-01-27T09:00:49Z,444.0,False,45832,1093.0,128.0
5876,UCD0WWP9-oZZbu_IJTeDlPbg,Kyung6Film,9jSam9Fvt7g,100만 팔로워 셀카 성공 공식  #smartphone #selfie,2025-01-31T11:10:48Z,9.0,True,11489,183.0,15.0
5876,UCD0WWP9-oZZbu_IJTeDlPbg,Kyung6Film,mlRBpP6yj6U,스마트폰 짐벌 촬영 두 번째 Tip🫰🏻,2025-02-05T09:20:23Z,44.0,True,9576,161.0,7.0
5876,UCD0WWP9-oZZbu_IJTeDlPbg,Kyung6Film,wuD-9HrPQgs,짐벌 없이 찍었다면 후회했을 장면들 🤳🏻 #smartphone #dji #osmomobile7,2025-02-18T14:05:45Z,69.0,False,6909,104.0,10.0
5876,UCD0WWP9-oZZbu_IJTeDlPbg,Kyung6Film,ThAQ6ccaiTY,드래곤이 살고 있는 환상의 섬에 가보자 | INDONESIA,2025-03-12T09:00:40Z,901.0,False,28923,713.0,101.0
5876,UCD0WWP9-oZZbu_IJTeDlPbg,Kyung6Film,UVoZgpgZ1mE,영상에 나오는 곳 ➡️ 굴업도,2025-03-15T09:25:48Z,11.0,True,9557,144.0,9.0
5876,UCD0WWP9-oZZbu_IJTeDlPbg,Kyung6Film,fqfuCRTNk8k,AI vs Girl friend,2025-03-31T09:32:21Z,12.0,True,37475,413.0,55.0
5876,UCD0WWP9-oZZbu_IJTeDlPbg,Kyung6Film,RtixcWacsbI,Apple log vs default camera,2025-04-02T10:09:55Z,21.0,True,19031,243.0,25.0
5876,UCD0WWP9-oZZbu_IJTeDlPbg,Kyung6Film,knNrYg5s1Tc,AI vs 여친 2탄,2025-04-06T13:35:29Z,11.0,True,17629,152.0,17.0
5876,UCD0WWP9-oZZbu_IJTeDlPbg,Kyung6Film,_4I7mnmqXTk,경식보라가 추천하는 죽기 전에 꼭 가봐야할 여행지! #indonesia #bali #여행지추천,2025-04-15T09:03:32Z,48.0,True,13685,188.0,7.0
5876,UCD0WWP9-oZZbu_IJTeDlPbg,Kyung6Film,_Ed3qYoRKfQ,인천 여행은 이 영상 하나로 충분! 새로운 버전으로 돌아왔습니다.,2025-05-14T10:00:55Z,231.0,False,14640,478.0,94.0
5876,UCD0WWP9-oZZbu_IJTeDlPbg,Kyung6Film,3-U_KENfx-E,#광고 특이점이 온 요즘 짐벌....,2025-05-15T14:25:34Z,59.0,True,7595,72.0,10.0
5876,UCD0WWP9-oZZbu_IJTeDlPbg,Kyung6Film,E_8uKqKCk1E,이래서 다들 호이안 가나 봅니다 | Cinematic Vlog,2025-05-29T11:00:21Z,704.0,False,33995,1076.0,197.0
5876,UCD0WWP9-oZZbu_IJTeDlPbg,Kyung6Film,rCOto7GG_2M,"우리의 첫 모로코, 썸네일로 말씀드리겠습니다...",2025-07-07T11:01:34Z,881.0,False,32817,1155.0,231.0
5876,UCD0WWP9-oZZbu_IJTeDlPbg,Kyung6Film,Ls6l_OanQEs,와 비치 클럽 정말 재밌다🫠 #발리 #발리여행,2025-09-02T09:00:34Z,21.0,True,23425,232.0,21.0
5876,UCD0WWP9-oZZbu_IJTeDlPbg,Kyung6Film,xViNrJkxtOw,스마트폰 짐벌 한 대로 담아낸 오사카 | OSAKA,2025-09-03T13:01:50Z,145.0,False,187127,4451.0,487.0
5876,UCD0WWP9-oZZbu_IJTeDlPbg,Kyung6Film,A4ECce1hzic,디올 소바쥬 광고를 찍어보았습니다 | Dior SAUVAGE,2025-09-26T08:59:39Z,35.0,True,7622,114.0,20.0
5876,UCD0WWP9-oZZbu_IJTeDlPbg,Kyung6Film,gPpQY-8ztFY,"발리, 매년 또 오게 되는 진짜 이유들",2025-10-02T11:01:14Z,456.0,False,28026,629.0,91.0
5876,UCD0WWP9-oZZbu_IJTeDlPbg,Kyung6Film,UGblRRJrZHs,제발 AI라고 해줘... #bali #travelbali,2025-10-02T11:38:38Z,19.0,True,37141,156.0,36.0
5876,UCD0WWP9-oZZbu_IJTeDlPbg,Kyung6Film,iOMhDtGbY88,그녀는 달리고 난 맥주 마시고😇 #japan #miyakojima,2025-10-09T13:09:07Z,31.0,True,21191,316.0,18.0
5876,UCD0WWP9-oZZbu_IJTeDlPbg,Kyung6Film,pZh3I0-LiuI,후반주 줌아웃보다 더 다이나믹한 결과물을 얻을 수 있어요 :),2025-12-01T10:01:32Z,54.0,True,10217,242.0,16.0
5876,UCD0WWP9-oZZbu_IJTeDlPbg,Kyung6Film,iiyhf2ygb6c,사실 별거 없음 🫠 #abudahbi #travel,2025-12-07T14:08:28Z,52.0,True,8221,119.0,13.0
5876,UCD0WWP9-oZZbu_IJTeDlPbg,Kyung6Film,LXjFCm5omNs,미야코지마에서 만난 역대급 노을!,2025-12-19T09:00:39Z,43.0,True,7125,82.0,5.0
5876,UCD0WWP9-oZZbu_IJTeDlPbg,Kyung6Film,_WBQG0Y5DEw,"그녀에게 인형 선물을 받고, 히든 비치에 데려갔더니 생긴 일",2025-12-19T09:00:58Z,768.0,False,16524,384.0,58.0
5876,UCD0WWP9-oZZbu_IJTeDlPbg,Kyung6Film,ZWwT3gWtXAA,우리들의 현장 대화들 ✨ #여행 #travel,2025-12-27T10:23:57Z,25.0,True,30147,184.0,14.0
5876,UCD0WWP9-oZZbu_IJTeDlPbg,Kyung6Film,A9QlH-Zrbso,유명한 장소에서는 기다림이 필수🫠 #abudahbi #travel #여행,2025-12-29T03:39:29Z,33.0,True,99445,579.0,49.0
5876,UCD0WWP9-oZZbu_IJTeDlPbg,Kyung6Film,EibJ8g070YA,Stop! 하면 부드럽게 멈춰주는 모델의 센스 ✨ #abudahbi #여행,2026-01-01T10:12:07Z,49.0,True,24985,287.0,20.0
5876,UCD0WWP9-oZZbu_IJTeDlPbg,Kyung6Film,TlN2raBpIHI,DJI RS5를 사용해서 한국무용을 담아봤어요 ✨ #rs5 #dji #짐벌,2026-01-29T12:00:50Z,70.0,False,7133,105.0,15.0
5876,UCD0WWP9-oZZbu_IJTeDlPbg,Kyung6Film,PTglEZwitTI,Split city : Seongsu #seongsu,2026-02-03T03:42:04Z,18.0,True,7189,85.0,9.0
5876,UCD0WWP9-oZZbu_IJTeDlPbg,Kyung6Film,hBCNz9V33X8,드디어 출시된 DJI Pocket 4! 실사용 후기 풀어봅니다 🤳🏻,2026-04-16T12:55:34Z,58.0,True,5747,101.0,10.0
5876,UCD0WWP9-oZZbu_IJTeDlPbg,Kyung6Film,xTIyxeITcFk,실망? 대만족? ➡ 아이폰 유저의 갤럭시 체험기!,2026-04-17T11:46:12Z,538.0,False,17852,499.0,89.0
5877,UCs2TmEANiFrjKhzCsKsY7XA,몇대몇?블랙박스,2xVpBViYxQQ,바혐이 생기는 이유,2024-10-14T10:16:42Z,16.0,True,187851,1065.0,494.0
5877,UCs2TmEANiFrjKhzCsKsY7XA,몇대몇?블랙박스,oU5bcqF_GZI,요즘 자전거 크루에서 퍼지고 있는 병,2024-10-15T09:00:49Z,34.0,True,64740,354.0,234.0
5877,UCs2TmEANiFrjKhzCsKsY7XA,몇대몇?블랙박스,9PCgAijAFz4,어떻게 더 앞으로 가요?! (1부),2024-10-16T09:55:19Z,57.0,True,348541,1752.0,972.0
5877,UCs2TmEANiFrjKhzCsKsY7XA,몇대몇?블랙박스,g6jlXhbaA1Q,어떻게 더 앞으로 가요?! (2부),2024-10-16T09:55:24Z,53.0,True,154980,830.0,1146.0
5877,UCs2TmEANiFrjKhzCsKsY7XA,몇대몇?블랙박스,zHfloNZCZBU,그대가 내안에 박혔다,2024-10-16T12:15:46Z,8.0,True,37622,245.0,38.0
5877,UCs2TmEANiFrjKhzCsKsY7XA,몇대몇?블랙박스,tB1NDhXpxh4,엄마 말 똑같이 따라하는 딸내미ㅋㅋㅋㅋ,2024-10-17T08:01:05Z,17.0,True,489653,10042.0,315.0
5877,UCs2TmEANiFrjKhzCsKsY7XA,몇대몇?블랙박스,TK5Qzw5xmPY,보험사에서 쌍방 주장합니다.,2024-10-24T09:05:01Z,33.0,True,37844,218.0,357.0
5877,UCs2TmEANiFrjKhzCsKsY7XA,몇대몇?블랙박스,EN1wn6TMYh0,우산 뺏는 날강도 ㅋㅋㅋㅋㅋㅋ,2024-10-25T06:00:06Z,20.0,True,201017,3444.0,199.0
5877,UCs2TmEANiFrjKhzCsKsY7XA,몇대몇?블랙박스,vqS7VOaRTWs,음식 식는다고 도망간 배달대행,2024-10-26T05:45:02Z,60.0,True,138007,1040.0,392.0
5877,UCs2TmEANiFrjKhzCsKsY7XA,몇대몇?블랙박스,XsizubAIoVg,와! X될뻔,2024-10-29T06:30:13Z,32.0,True,104432,794.0,163.0
5877,UCs2TmEANiFrjKhzCsKsY7XA,몇대몇?블랙박스,-hbGnN_Rm1I,주차빌런을 만났습니다(1부),2024-10-31T09:45:55Z,47.0,True,45803,244.0,440.0
5877,UCs2TmEANiFrjKhzCsKsY7XA,몇대몇?블랙박스,aKJB1ub48Bg,주차빌런을 만났습니다(2부),2024-10-31T09:50:17Z,53.0,True,44676,313.0,420.0
5877,UCs2TmEANiFrjKhzCsKsY7XA,몇대몇?블랙박스,nrUS9aD5j9U,여학생이 차량을 멈춰 세운 이유,2024-11-01T07:45:18Z,48.0,True,47928,461.0,83.0
5877,UCs2TmEANiFrjKhzCsKsY7XA,몇대몇?블랙박스,sICMomyGLEk,가정교육을 잘 받은 아이의 모습,2024-11-04T03:15:01Z,56.0,True,34561,644.0,31.0
5877,UCs2TmEANiFrjKhzCsKsY7XA,몇대몇?블랙박스,9chLlP2mT9E,반말하다가 상품권 2장 받은 여사님 (1부),2024-11-05T08:17:32Z,60.0,True,121136,1384.0,441.0
5877,UCs2TmEANiFrjKhzCsKsY7XA,몇대몇?블랙박스,DmekKCOkEvc,반말하다가 상품권 2장 받은 여사님 (2부),2024-11-06T01:17:00Z,40.0,True,52004,574.0,92.0
5877,UCs2TmEANiFrjKhzCsKsY7XA,몇대몇?블랙박스,oofQW6ngxrs,아빠 참교육 (1부),2024-11-07T02:52:44Z,57.0,True,66058,585.0,123.0
5877,UCs2TmEANiFrjKhzCsKsY7XA,몇대몇?블랙박스,IJtPNsAMHkQ,아빠 참교육 (2부),2024-11-07T23:30:07Z,58.0,True,56950,618.0,104.0
5877,UCs2TmEANiFrjKhzCsKsY7XA,몇대몇?블랙박스,rSrI7-NffNs,감히 경찰을 도발해?!,2024-11-09T00:55:19Z,53.0,True,1748124,18673.0,1262.0
5877,UCs2TmEANiFrjKhzCsKsY7XA,몇대몇?블랙박스,drOmlgz0o3k,은혜를 원수로 갚어?!,2024-11-11T08:00:26Z,57.0,True,214659,2614.0,548.0
5877,UCs2TmEANiFrjKhzCsKsY7XA,몇대몇?블랙박스,BL6uhKwRV7E,청년의 예리한 눈썰미로 노인 극적 구조!! 11월 블랙박스 모음.zip [몇대몇?블랙박스],2024-11-17T05:15:02Z,559.0,False,43952,812.0,104.0
5877,UCs2TmEANiFrjKhzCsKsY7XA,몇대몇?블랙박스,7aQ1AcDJf1U,2024 곧 없어질 것들,2024-11-18T07:15:00Z,49.0,True,89850,730.0,84.0
5877,UCs2TmEANiFrjKhzCsKsY7XA,몇대몇?블랙박스,la1eO7MGMEM,중국인이야? (1부),2024-12-29T05:48:01Z,60.0,True,372115,2883.0,1805.0
5877,UCs2TmEANiFrjKhzCsKsY7XA,몇대몇?블랙박스,17yDI2p1YHU,중국인이야? (2부),2024-12-30T04:19:59Z,60.0,True,205681,1703.0,898.0
5877,UCs2TmEANiFrjKhzCsKsY7XA,몇대몇?블랙박스,M1jCkFIvcTI,제발 멈춰!!!,2025-01-07T08:30:10Z,60.0,True,141669,1908.0,454.0
5877,UCs2TmEANiFrjKhzCsKsY7XA,몇대몇?블랙박스,eAi6nPT8S-E,될놈될 살놈살,2025-02-25T08:00:34Z,71.0,False,27811,194.0,73.0
5877,UCs2TmEANiFrjKhzCsKsY7XA,몇대몇?블랙박스,Jf1gM9BqNYA,마지막 주유소는 못 참지,2025-02-27T06:15:00Z,22.0,True,229648,1642.0,660.0
5877,UCs2TmEANiFrjKhzCsKsY7XA,몇대몇?블랙박스,inKanQeCFDE,???: 하지만 제가 빨랐죠,2025-02-28T08:26:00Z,39.0,True,543101,2829.0,3163.0
5877,UCs2TmEANiFrjKhzCsKsY7XA,몇대몇?블랙박스,RWX1JYV199U,영하 날씨에 문신 자랑ㅋㅋㅋㅋ,2025-03-03T08:15:02Z,108.0,False,85878,1091.0,550.0
5877,UCs2TmEANiFrjKhzCsKsY7XA,몇대몇?블랙박스,Ko2TT53bjOE,포크레인 형님의 놀라운 맷집,2025-03-06T07:00:22Z,109.0,False,39606,535.0,79.0
5877,UCs2TmEANiFrjKhzCsKsY7XA,몇대몇?블랙박스,tIQKii4muY0,눈물겨운 조기교육 현장,2025-03-13T08:20:00Z,56.0,True,1553139,24977.0,8943.0
5877,UCs2TmEANiFrjKhzCsKsY7XA,몇대몇?블랙박스,3PWDJxigE2I,낭만 한도초과ㅎㅎㅎ,2025-03-19T07:38:31Z,52.0,True,39604,603.0,29.0
5877,UCs2TmEANiFrjKhzCsKsY7XA,몇대몇?블랙박스,gW4PwEdq9Jg,응징 대신해드립니다,2025-03-23T08:46:49Z,37.0,True,48097,358.0,48.0
5877,UCs2TmEANiFrjKhzCsKsY7XA,몇대몇?블랙박스,jDpTaUoDeMI,차 두 대가 만나면 생기는 일,2025-03-27T05:33:47Z,119.0,False,210340,1089.0,1375.0
5877,UCs2TmEANiFrjKhzCsKsY7XA,몇대몇?블랙박스,dmEMWQZVh4I,옛날 통닭은 못 참지,2025-04-03T08:11:14Z,31.0,True,67412,267.0,127.0
5877,UCs2TmEANiFrjKhzCsKsY7XA,몇대몇?블랙박스,khQq4ud0gFY,효과 좋은 한문철 백신ㅎㅎ,2025-04-08T08:08:16Z,30.0,True,91221,499.0,85.0
5877,UCs2TmEANiFrjKhzCsKsY7XA,몇대몇?블랙박스,ouSLCNUsTqA,급발진,2025-04-11T08:38:22Z,72.0,False,420024,2563.0,1028.0
5877,UCs2TmEANiFrjKhzCsKsY7XA,몇대몇?블랙박스,XdZfgwuLMvM,"센스는 덤, 모두를 만족시킨 매너남",2025-04-14T08:00:53Z,41.0,True,880411,9213.0,453.0
5877,UCs2TmEANiFrjKhzCsKsY7XA,몇대몇?블랙박스,efsgXlMdWb0,무지성 좌회전 사고 (인생 하드모드 ON),2025-04-19T04:48:34Z,31.0,True,77154,398.0,163.0
5877,UCs2TmEANiFrjKhzCsKsY7XA,몇대몇?블랙박스,a1fHwkEk1dA,속을 줄 알았어?,2025-04-24T08:23:31Z,60.0,True,6156768,46293.0,3154.0
5877,UCs2TmEANiFrjKhzCsKsY7XA,몇대몇?블랙박스,B2fTDfGVsoU,현존 튜닝 끝판왕,2025-05-01T08:19:07Z,28.0,True,116978,490.0,232.0
5877,UCs2TmEANiFrjKhzCsKsY7XA,몇대몇?블랙박스,uWSPnMW2O98,진짜를 만났습니다,2025-05-25T07:15:52Z,38.0,True,5123232,45515.0,13312.0
5877,UCs2TmEANiFrjKhzCsKsY7XA,몇대몇?블랙박스,lw1C_9SYQcc,이런 모욕은 처음입니다.,2025-05-27T06:50:03Z,78.0,False,317489,2076.0,1064.0
5877,UCs2TmEANiFrjKhzCsKsY7XA,몇대몇?블랙박스,sAZFy2CiYCU,＊주의＊ 갑자기 운전이 어려워짐,2025-05-30T07:55:49Z,33.0,True,62637,283.0,12.0
5877,UCs2TmEANiFrjKhzCsKsY7XA,몇대몇?블랙박스,JV-i4crv640,대낮 음주에 풀악셀 밟은 여사님,2025-06-08T05:10:06Z,43.0,True,2980285,16391.0,3169.0
5877,UCs2TmEANiFrjKhzCsKsY7XA,몇대몇?블랙박스,KsN7n94MKbs,80대 운전자 대관령 휴게소 돌진,2025-07-02T21:22:14Z,12.0,True,51613,219.0,145.0
5877,UCs2TmEANiFrjKhzCsKsY7XA,몇대몇?블랙박스,xCzbBkbss6U,역주행부터 가르치는 운전전문학원,2025-07-05T01:14:15Z,46.0,True,25852,160.0,40.0
5877,UCs2TmEANiFrjKhzCsKsY7XA,몇대몇?블랙박스,WSWygHITX0U,여자 앞이라고 용감해진 빌런ㅋㅋㅋㅋ,2025-07-11T05:51:52Z,117.0,False,35608,283.0,87.0
5877,UCs2TmEANiFrjKhzCsKsY7XA,몇대몇?블랙박스,7glGDRGGbpg,"오산 옹벽 붕괴 사고 ""막을 수 있었다""",2025-07-17T06:11:22Z,21.0,True,28137,148.0,33.0
5877,UCs2TmEANiFrjKhzCsKsY7XA,몇대몇?블랙박스,M-swFczo1x0,이거 사기입니다,2025-07-24T05:31:56Z,29.0,True,54947,209.0,45.0
5878,UCbMjg2EvXs_RUGW-KrdM3pw,SBS Biz 뉴스,4PPS8K9Z18Q,2026년 5월 15일 (금) 모닝벨 다시보기,2026-05-14T23:44:45Z,6677.0,False,724,17.0,0.0
5878,UCbMjg2EvXs_RUGW-KrdM3pw,SBS Biz 뉴스,7KzTspTttro,[굿모닝 마켓] 다우 5만선 돌파…S&P500·나스닥 사상 최고치 경신,2026-05-14T23:57:37Z,360.0,False,180,4.0,1.0
5878,UCbMjg2EvXs_RUGW-KrdM3pw,SBS Biz 뉴스,mwC3Lai1vQc,"[기업이슈] 대한항공·아시아나, 합병 절차 시작 소식에…주가 강세",2026-05-14T23:57:54Z,201.0,False,168,2.0,0.0
5878,UCbMjg2EvXs_RUGW-KrdM3pw,SBS Biz 뉴스,Dk3L8rF6w-s,"[어제장 오늘장] 삼성·SK 치솟는 주가에도 증권가, 목표주가 상향 조정",2026-05-14T23:58:10Z,353.0,False,354,5.0,1.0
5878,UCbMjg2EvXs_RUGW-KrdM3pw,SBS Biz 뉴스,acxOL1IlsWE,"[이 시각 시황] 코스피, 장중 8,000 돌파…증권주 강세",2026-05-15T00:39:29Z,238.0,False,186,5.0,0.0
5878,UCbMjg2EvXs_RUGW-KrdM3pw,SBS Biz 뉴스,e-_id2i03ME,"트럼프·시진핑, 7개월 만의 회동…세기의 담판은 없었다? [증시타임]",2026-05-15T01:25:13Z,3400.0,False,357,7.0,1.0
5878,UCbMjg2EvXs_RUGW-KrdM3pw,SBS Biz 뉴스,eHaD8hdSZgg,2026년 5월 15일 (금) 머니쇼 다시보기,2026-05-15T01:50:51Z,6516.0,False,2306,35.0,2.0
5878,UCbMjg2EvXs_RUGW-KrdM3pw,SBS Biz 뉴스,G_l-jeHh-Wc,"[머니숏] ""나를 가볍게 대하지 말라"" 시진핑의 경고?",2026-05-15T02:02:54Z,105.0,False,1915,19.0,2.0
5878,UCbMjg2EvXs_RUGW-KrdM3pw,SBS Biz 뉴스,OYzKAt6Weng,[머니숏] 대만 놓고 큰소리... 미국가서도 가능할까,2026-05-15T02:03:52Z,118.0,False,1879,10.0,0.0
5878,UCbMjg2EvXs_RUGW-KrdM3pw,SBS Biz 뉴스,uz_rcKwgWc8,[머니숏] 삼전닉스 공략 못했다? 놓치지 말아야 할 '이곳',2026-05-15T02:04:48Z,103.0,False,10828,87.0,0.0
5878,UCbMjg2EvXs_RUGW-KrdM3pw,SBS Biz 뉴스,FyFM1Zo-VH8,할말 한 시진핑 vs. 말 아낀 트럼프…무엇을 주고 받았나?,2026-05-15T02:13:36Z,440.0,False,270,2.0,1.0
5878,UCbMjg2EvXs_RUGW-KrdM3pw,SBS Biz 뉴스,S6AKURhLfc0,[직설] 9년 만에 마주앉은 미-중 정상…정상회담 이슈와 금융시장에 미칠 영향은?,2026-05-15T02:16:00Z,2585.0,False,4666,48.0,4.0
5878,UCbMjg2EvXs_RUGW-KrdM3pw,SBS Biz 뉴스,E4AMd6XnvJ8,"'워시의 연준' 뭐가 바뀔까?…월가는 ""연내 금리인하 없다""",2026-05-15T02:19:35Z,419.0,False,1011,9.0,6.0
5878,UCbMjg2EvXs_RUGW-KrdM3pw,SBS Biz 뉴스,svu3rxYMrwQ,[다음주 경제일정] 'AI 대장' 엔비디아 실적 주목…4월 FOMC 의사록에도 시선,2026-05-15T02:25:09Z,215.0,False,169,2.0,0.0
5878,UCbMjg2EvXs_RUGW-KrdM3pw,SBS Biz 뉴스,_EqFfhYZ5MY,[세계는 경제는 다시보기] 할말 한 시진핑 vs. 말 아낀 트럼프…무엇을 주고 받았나?,2026-05-15T02:44:37Z,1506.0,False,4276,78.0,7.0
5878,UCbMjg2EvXs_RUGW-KrdM3pw,SBS Biz 뉴스,LmSWEV2tQEU,맥 못추는 코스피...LG오르면 시장 끝물이라는 괴담까지? [하우머니],2026-05-15T03:00:15Z,1279.0,False,1052,9.0,3.0
5878,UCbMjg2EvXs_RUGW-KrdM3pw,SBS Biz 뉴스,78SOIU40d1I,2026년 5월 15일 (금) 모닝벨·머니쇼·직설·세계는 경제는·NEWS 11 다시보기,2026-05-15T03:11:56Z,21703.0,False,35190,442.0,1.0
5878,UCbMjg2EvXs_RUGW-KrdM3pw,SBS Biz 뉴스,wozNL1-GL_o,코스피 8천 찍고 주르륵..외인은 셀코리아 개인은 빚투? #코스피8000 #주식투자 #빚투 #레버리지 #ETF #경제뉴스,2026-05-15T04:19:39Z,723.0,False,29709,229.0,103.0
5878,UCbMjg2EvXs_RUGW-KrdM3pw,SBS Biz 뉴스,d-CvhBMMe4M,[NEWS 11 다시보기] 삼성·애플 벽 못 넘었다…샤오미 알뜰폰 결국 철수,2026-05-15T04:47:10Z,1490.0,False,635,9.0,1.0
5878,UCbMjg2EvXs_RUGW-KrdM3pw,SBS Biz 뉴스,Ei1YBMoH2ME,"외국인 순매도, 셀 코리아? 차익 실현? [NEWS 11]",2026-05-15T05:15:21Z,120.0,False,3513,15.0,6.0
5878,UCbMjg2EvXs_RUGW-KrdM3pw,SBS Biz 뉴스,KyHe3jsSRfw,삼성전자 노사 '강대강' 대치…성과급 갈등 격화 [오후장 체크포인트],2026-05-15T05:32:46Z,1265.0,False,7921,64.0,4.0
5878,UCbMjg2EvXs_RUGW-KrdM3pw,SBS Biz 뉴스,af-6A7Z-NMM,"뉴욕증시, 3대 지수 모두 상승…화기애애한 미중? [글로벌 증시 따라잡기]",2026-05-15T05:33:20Z,1211.0,False,1110,10.0,1.0
5878,UCbMjg2EvXs_RUGW-KrdM3pw,SBS Biz 뉴스,OWkVYIz8yfc,[직설] 조급했던 트럼프 여유만만 시진핑? #백서인,2026-05-15T05:55:52Z,81.0,False,2227,29.0,1.0
5878,UCbMjg2EvXs_RUGW-KrdM3pw,SBS Biz 뉴스,Mkmr1OgxQBg,[직설] 중국에 판매 승인 삼전 하닉 걱정? NO! #길건우,2026-05-15T05:59:44Z,79.0,False,4366,61.0,0.0
5878,UCbMjg2EvXs_RUGW-KrdM3pw,SBS Biz 뉴스,yooNkUuY73k,"트럼프-시진핑, 달라진 힘의 균형? [긴급진단]",2026-05-15T06:17:24Z,1371.0,False,884,13.0,3.0
5878,UCbMjg2EvXs_RUGW-KrdM3pw,SBS Biz 뉴스,Z7PFByB4aWw,[마켓머니] 좁혀지지 않은 미중회담 군사카드 다시 꺼내나?,2026-05-15T06:26:49Z,89.0,False,1978,18.0,0.0
5878,UCbMjg2EvXs_RUGW-KrdM3pw,SBS Biz 뉴스,nW21rypb6sA,"[마켓머니] 방중 효과 없었던 젠슨황? ""중국 구매 승인 없었다""",2026-05-15T06:27:21Z,112.0,False,3009,43.0,0.0
5878,UCbMjg2EvXs_RUGW-KrdM3pw,SBS Biz 뉴스,3vbw3YE1gdM,"[마켓머니] 고물가 뉴노멀 시대 ""이젠 정책 읽으세요""",2026-05-15T06:33:44Z,96.0,False,2577,7.0,0.0
5878,UCbMjg2EvXs_RUGW-KrdM3pw,SBS Biz 뉴스,nX0-wCC1KSo,"이제 ""AI·로봇도 LG?"" 삼전닉스 주춤하자 불기둥 뿜은 LG그룹주, 이유 있는 상승? #LG그룹주 #LG전자 #AI #로봇 #주식투자 #이재규 #김민수 #김병수",2026-05-15T06:36:08Z,664.0,False,11699,87.0,7.0
5878,UCbMjg2EvXs_RUGW-KrdM3pw,SBS Biz 뉴스,OQBihf-5yHE,전세난 오는데...임대사업자 혜택 축소? [NEWS 15],2026-05-15T07:00:36Z,128.0,False,27216,321.0,450.0
5878,UCbMjg2EvXs_RUGW-KrdM3pw,SBS Biz 뉴스,AIZtl7g7pw0,[NEWS 15 다시보기] 코스피 8040 찍고 '털썩'…매도 사이드카 발동,2026-05-15T07:00:37Z,703.0,False,902,8.0,0.0
5878,UCbMjg2EvXs_RUGW-KrdM3pw,SBS Biz 뉴스,Wdft59mX7rY,[집중진단] 코스피 사상 첫 8천 돌파 후 급락…외국인 매도 공포 언제까지?,2026-05-15T07:49:56Z,1751.0,False,100089,1132.0,154.0
5878,UCbMjg2EvXs_RUGW-KrdM3pw,SBS Biz 뉴스,1fiNq5PzwUc,2026년 5월 15일 (금) 마켓 & 머니·경제현장 오늘·NEWS 15·오늘 경제 안녕하십니까? 다시보기,2026-05-15T08:05:05Z,13975.0,False,5048,30.0,0.0
5878,UCbMjg2EvXs_RUGW-KrdM3pw,SBS Biz 뉴스,4MT8adM9Rt0,2026년 5월 15 (금) 마켓 & 머니 다시보기,2026-05-15T08:26:22Z,4760.0,False,697,12.0,0.0
5878,UCbMjg2EvXs_RUGW-KrdM3pw,SBS Biz 뉴스,QSQHFJowG6o,"삼전닉스 지금 담아야 할 이유, 코스닥 '이것' 비중 늘려야 #이재규 #삼성전자 #SK하이닉스 #반도체 #삼전닉스 #코스피8000 #투자전략 #제약바이오 #엔터주 #2차전지",2026-05-15T08:30:11Z,1247.0,False,3511,47.0,1.0
5878,UCbMjg2EvXs_RUGW-KrdM3pw,SBS Biz 뉴스,9spIPu09Gjg,[이슈체크] 美 30년물 금리 5% 돌파…'워시 체제' 출발부터 시험대,2026-05-15T08:44:47Z,1056.0,False,17272,138.0,11.0
5878,UCbMjg2EvXs_RUGW-KrdM3pw,SBS Biz 뉴스,C_hJRelc8o4,"[애프터마켓 브리핑] 삼성전자·SK하이닉스, 시간외 낙폭 회복 시도",2026-05-15T09:00:25Z,228.0,False,423,4.0,1.0
5878,UCbMjg2EvXs_RUGW-KrdM3pw,SBS Biz 뉴스,CscRFVbKzPE,[뉴욕증시 전략] 투자심리 회복에 美 증시 최고치…다우 5만 재돌파,2026-05-15T09:00:26Z,227.0,False,343,6.0,1.0
5878,UCbMjg2EvXs_RUGW-KrdM3pw,SBS Biz 뉴스,QNWGV4bDcFg,"[증시 인사이트] 코스피, 외국인의 대규모 순매도에 큰 폭 하락",2026-05-15T09:00:39Z,1573.0,False,24925,234.0,45.0
5878,UCbMjg2EvXs_RUGW-KrdM3pw,SBS Biz 뉴스,kZcpfEDl5LI,"[투자 노하우] SCMP ""2017년 미중정상회담, 실제 이행 안돼""",2026-05-15T09:01:03Z,1037.0,False,588,7.0,0.0
5878,UCbMjg2EvXs_RUGW-KrdM3pw,SBS Biz 뉴스,xOkjUpAtDww,[투자의 날 (刃)] 8000 '찍먹?' 차익실현 빌미 찾는 국내증시,2026-05-15T09:01:26Z,308.0,False,293,3.0,0.0
5878,UCbMjg2EvXs_RUGW-KrdM3pw,SBS Biz 뉴스,N1p5HMSJEJ8,[오경안] 엔비디아칩 수출 승인 중국은 관심 없다? #박승찬 #Shorts,2026-05-15T09:09:05Z,84.0,False,5932,64.0,0.0
5878,UCbMjg2EvXs_RUGW-KrdM3pw,SBS Biz 뉴스,HtcL1eu4ttY,[오경안] 외국인 팔 때 LG만 살아남은 이유 #이경수 #Shorts,2026-05-15T09:09:07Z,65.0,False,21412,126.0,9.0
5878,UCbMjg2EvXs_RUGW-KrdM3pw,SBS Biz 뉴스,Jfft5MVc63k,"[오경안] ""삼성전자 노조 파업 안 합니다"" #임순재 #Shorts",2026-05-15T09:09:10Z,66.0,False,194395,1943.0,445.0
5878,UCbMjg2EvXs_RUGW-KrdM3pw,SBS Biz 뉴스,NLbl1pVaGDQ,외국인·기관 매도 폭탄에 꿈처럼 사라진 '8천피' [경제현장 오늘],2026-05-15T09:15:31Z,3025.0,False,17989,261.0,67.0
5878,UCbMjg2EvXs_RUGW-KrdM3pw,SBS Biz 뉴스,jhaMtJKQWWg,"삼성 사장단 노조 사무실 방문, 노조 입장은? [NEWS 18]",2026-05-15T09:36:03Z,119.0,False,1532,12.0,22.0
5878,UCbMjg2EvXs_RUGW-KrdM3pw,SBS Biz 뉴스,fDotqmmiI7Y,"환율, 한 달여 만에 또 1500원 넘었다 [NEWS 18]",2026-05-15T09:37:02Z,115.0,False,1666,13.0,6.0
5878,UCbMjg2EvXs_RUGW-KrdM3pw,SBS Biz 뉴스,TKS-4gR5y1E,코스피 8천 찍고 급락 [SBS Biz News 18],2026-05-15T09:38:02Z,1384.0,False,2152,19.0,1.0
5878,UCbMjg2EvXs_RUGW-KrdM3pw,SBS Biz 뉴스,ZUD_7RiiyQs,[ISSUE pick] 세상의 모든 경제 SBS Biz (5월 15일 금요일),2026-05-15T12:46:55Z,42900.0,False,7550,63.0,0.0
5878,UCbMjg2EvXs_RUGW-KrdM3pw,SBS Biz 뉴스,Pc2AextTWHk,검은 금요일…8천피 시대 열고 주르륵 [SBS Biz News 18],2026-05-15T21:32:21Z,2088.0,False,1333,17.0,1.0
5879,UCmgt7ewcg_HscfA4ks7rGhg,오락실 팡 Arcade Pang,8TkaHi1ROMU,환상 혹은 환장,2023-11-05T09:00:04Z,60.0,True,3582,497.0,21.0
5879,UCmgt7ewcg_HscfA4ks7rGhg,오락실 팡 Arcade Pang,liPFfQu5hnw,프링글스 앰버서더(시켜주세요),2023-11-07T09:00:37Z,36.0,True,4607,437.0,14.0
5879,UCmgt7ewcg_HscfA4ks7rGhg,오락실 팡 Arcade Pang,QaxyTapRZ98,물 옮기기 다 터져서 왔다구요;; [제대로 가보자고] EP.06 (ENG SUB),2023-11-09T11:00:20Z,1097.0,False,666034,23465.0,262.0
5879,UCmgt7ewcg_HscfA4ks7rGhg,오락실 팡 Arcade Pang,urkb7CMHEUA,얼굴 관리하는 것을,2023-11-10T09:00:55Z,26.0,True,4006,428.0,23.0
5879,UCmgt7ewcg_HscfA4ks7rGhg,오락실 팡 Arcade Pang,ySlV3rZAi8g,려욱 선배님 연락주세요,2023-11-12T09:00:43Z,19.0,True,9687,558.0,21.0
5879,UCmgt7ewcg_HscfA4ks7rGhg,오락실 팡 Arcade Pang,0ftPBY4HCKc,따라해보세요,2023-11-14T09:00:01Z,60.0,True,5817,515.0,17.0
5879,UCmgt7ewcg_HscfA4ks7rGhg,오락실 팡 Arcade Pang,B8rmc43qd6E,이지만 술게임 실력은...더보기 [제대로 가보자고] EP.07 (ENG SUB),2023-11-16T11:00:14Z,1389.0,False,289140,23630.0,402.0
5879,UCmgt7ewcg_HscfA4ks7rGhg,오락실 팡 Arcade Pang,3o-etrznMxk,생생하게 꿈꾸면 이루어진다,2023-11-17T09:00:03Z,31.0,True,10225,736.0,26.0
5879,UCmgt7ewcg_HscfA4ks7rGhg,오락실 팡 Arcade Pang,a7rJEAjVXSk,아니고 산타마리와 춤을,2023-11-19T09:00:00Z,29.0,True,8564,646.0,27.0
5879,UCmgt7ewcg_HscfA4ks7rGhg,오락실 팡 Arcade Pang,am-h18P97t8,많은 관심 바라탁드립니다,2023-11-21T09:00:01Z,51.0,True,6194,585.0,20.0
5879,UCmgt7ewcg_HscfA4ks7rGhg,오락실 팡 Arcade Pang,jSrokjexB2w,진짜 뭐라는 지 하나도 모르겠어… [제대로 가보자고] EP.08 (ENG SUB),2023-11-23T11:00:38Z,1243.0,False,441271,26381.0,343.0
5879,UCmgt7ewcg_HscfA4ks7rGhg,오락실 팡 Arcade Pang,4V-BiO5E7K4,손오공 챌린지 제대로 가보자고 #onf #온앤오프 #zdro #제대로가보자고 #Super #손오공챌린지 #shorts,2023-11-24T09:00:03Z,31.0,True,14721,953.0,10.0
5879,UCmgt7ewcg_HscfA4ks7rGhg,오락실 팡 Arcade Pang,DuEiBHW9CU4,할멈 틱톡 노래,2023-11-26T09:00:09Z,28.0,True,9629,574.0,9.0
5879,UCmgt7ewcg_HscfA4ks7rGhg,오락실 팡 Arcade Pang,4-3Mi5hFtYo,오 나의 영어로,2023-11-28T09:00:04Z,32.0,True,13696,531.0,15.0
5879,UCmgt7ewcg_HscfA4ks7rGhg,오락실 팡 Arcade Pang,-KSJmxZMQWI,드디어 다녀왔습니다 [네모의 꿈2] 제주편 EP.01 (ENG SUB),2023-12-26T11:00:00Z,987.0,False,608834,31937.0,1991.0
5879,UCmgt7ewcg_HscfA4ks7rGhg,오락실 팡 Arcade Pang,PWXN-p3OFi4,2023년 연말 여행 필수품,2023-12-29T09:00:28Z,56.0,True,7133,573.0,11.0
5879,UCmgt7ewcg_HscfA4ks7rGhg,오락실 팡 Arcade Pang,ykxjR_MhnSY,제주도 가족여행 필수 코스☝️🤓  [네모의 꿈2] 제주편 EP.02 (ENG SUB),2024-01-02T11:00:08Z,1089.0,False,354737,30084.0,777.0
5879,UCmgt7ewcg_HscfA4ks7rGhg,오락실 팡 Arcade Pang,barEZ0-TI8U,거의 20년 만에 먹어보는 맥주의 맛,2024-01-04T09:00:26Z,59.0,True,11594,759.0,9.0
5879,UCmgt7ewcg_HscfA4ks7rGhg,오락실 팡 Arcade Pang,z8znCiVrix0,은 낭만적이었다🔥 [네모의 꿈2] 제주편 EP.03 (ENG SUB),2024-01-09T11:00:48Z,979.0,False,226488,15321.0,434.0
5879,UCmgt7ewcg_HscfA4ks7rGhg,오락실 팡 Arcade Pang,3kq7vD_Az9Q,dori - 밤 (손동표 ver.),2024-01-11T10:01:09Z,60.0,True,18709,1440.0,30.0
5879,UCmgt7ewcg_HscfA4ks7rGhg,오락실 팡 Arcade Pang,VuZEjiYr7jg,제1회 우동상도 제주 여행 끝🍊 [네모의 꿈2] 제주편 EP.04,2024-01-16T11:00:33Z,716.0,False,90585,4334.0,315.0
5879,UCmgt7ewcg_HscfA4ks7rGhg,오락실 팡 Arcade Pang,YbWb_DMP1gs,H.E.R. - Best Part (은상&도현 ver.),2024-01-17T09:00:16Z,53.0,True,5702,675.0,18.0
5879,UCmgt7ewcg_HscfA4ks7rGhg,오락실 팡 Arcade Pang,-uV_YcujJEs,퇴사한다고 했을 때 가장 알맞은 반응,2025-08-22T03:00:01Z,16.0,True,4364325,81547.0,672.0
5879,UCmgt7ewcg_HscfA4ks7rGhg,오락실 팡 Arcade Pang,3ckJZFrpW0Y,웃으니까 더 무서운 런쥔이,2025-08-22T03:00:07Z,6.0,True,2585763,39473.0,118.0
5879,UCmgt7ewcg_HscfA4ks7rGhg,오락실 팡 Arcade Pang,VgoC7TBefg0,장남미 미쳤다는 성한빈,2025-08-22T03:00:29Z,15.0,True,4015,80.0,0.0
5879,UCmgt7ewcg_HscfA4ks7rGhg,오락실 팡 Arcade Pang,Yde86-Xk6Bo,인프피가 씹프피(?)인 이유ㅋㅋㅋㅋ,2025-08-22T03:00:29Z,10.0,True,19094862,173552.0,1513.0
5879,UCmgt7ewcg_HscfA4ks7rGhg,오락실 팡 Arcade Pang,M14GUZwSXl4,도훈이가 테토남이 아니면 뭔데...,2025-08-22T03:00:34Z,17.0,True,3658,51.0,0.0
5879,UCmgt7ewcg_HscfA4ks7rGhg,오락실 팡 Arcade Pang,G574PPkDAIo,크아 데저트맵미 있다는 신인 남돌 코르티스 #CORTIS #코르티스 #빅히트,2025-08-22T11:00:24Z,39.0,True,3629,16.0,0.0
5879,UCmgt7ewcg_HscfA4ks7rGhg,오락실 팡 Arcade Pang,CDmYqu2Vb3w,전소미의 걸즈토크력이 감도 안 옴,2025-08-22T11:00:31Z,78.0,False,30568,1157.0,7.0
5879,UCmgt7ewcg_HscfA4ks7rGhg,오락실 팡 Arcade Pang,MOJk-_yDgkM,올데프 긴장시킬(?) 혼성그룹 #랄랄 #닛몰캐쉬 #토네이도,2025-08-22T11:00:43Z,25.0,True,18177,129.0,1.0
5879,UCmgt7ewcg_HscfA4ks7rGhg,오락실 팡 Arcade Pang,jq6a1hx53nQ,고양이 인사하는 투어스 지훈 신유 #투어스 #TWS,2025-08-22T11:01:15Z,9.0,True,21452,394.0,0.0
5879,UCmgt7ewcg_HscfA4ks7rGhg,오락실 팡 Arcade Pang,wy0jsJmXs9I,뭔가 카레 가루향이 나는 넷플 신작 #넷플릭스 #김우빈 #수지,2025-08-22T11:01:42Z,27.0,True,5839,19.0,1.0
5879,UCmgt7ewcg_HscfA4ks7rGhg,오락실 팡 Arcade Pang,6EFSf1xHtDw,샤이니 민호 챌린지 붐은 온다,2025-08-23T11:00:10Z,9.0,True,45947,630.0,5.0
5879,UCmgt7ewcg_HscfA4ks7rGhg,오락실 팡 Arcade Pang,5-nDR7dKlxg,난 늑대고 넌 미뇽,2025-08-23T11:00:12Z,16.0,True,33782,695.0,6.0
5879,UCmgt7ewcg_HscfA4ks7rGhg,오락실 팡 Arcade Pang,Kjdkqj67exA,한번 빠지면 답도 없다는 감다살 남돌 예능,2025-08-23T11:00:35Z,46.0,True,34464,517.0,3.0
5879,UCmgt7ewcg_HscfA4ks7rGhg,오락실 팡 Arcade Pang,OezAzuJ2eNU,여우상 안에서도 이 둘로 취향 갈림,2025-08-23T11:00:42Z,18.0,True,7041,115.0,4.0
5879,UCmgt7ewcg_HscfA4ks7rGhg,오락실 팡 Arcade Pang,QSd8dvrlex8,여자가 진짜 잘생긴 남자 봤을 때,2025-08-23T11:00:46Z,25.0,True,12038,283.0,1.0
5879,UCmgt7ewcg_HscfA4ks7rGhg,오락실 팡 Arcade Pang,dieOOAySg1g,"타고난 웃수저, 박종성 웃수저를 넘어 웃국자임",2025-08-23T11:01:07Z,6.0,True,42671,847.0,6.0
5879,UCmgt7ewcg_HscfA4ks7rGhg,오락실 팡 Arcade Pang,oWX_g1CvqAc,1호선에서 대기 탄다,2025-08-23T11:01:18Z,29.0,True,9629,187.0,4.0
5879,UCmgt7ewcg_HscfA4ks7rGhg,오락실 팡 Arcade Pang,pUJ_6Ch_vIA,내가 윙깅이를 어떻게 잊었는데...,2025-08-23T11:01:24Z,9.0,True,177427,2884.0,30.0
5879,UCmgt7ewcg_HscfA4ks7rGhg,오락실 팡 Arcade Pang,sYlyniLq7HA,미인력이 너무 꽉 끼는 LG 하투하 이안,2025-08-23T11:01:35Z,15.0,True,30706,711.0,15.0
5879,UCmgt7ewcg_HscfA4ks7rGhg,오락실 팡 Arcade Pang,NhqErDUzFLU,회사 유일한 밥친구가 퇴사해서 혼밥하는 나,2025-10-28T10:00:51Z,9.0,True,31538,47.0,2.0
5879,UCmgt7ewcg_HscfA4ks7rGhg,오락실 팡 Arcade Pang,2UigvysAmEw,아...예,2025-10-29T06:40:00Z,11.0,True,2102,10.0,0.0
5879,UCmgt7ewcg_HscfA4ks7rGhg,오락실 팡 Arcade Pang,KXx8uokHHcU,아는 사람만 아는 가짜 빡침과 진짜 빡침 ㄷㄷ,2025-10-29T10:00:36Z,10.0,True,29853,51.0,1.0
5879,UCmgt7ewcg_HscfA4ks7rGhg,오락실 팡 Arcade Pang,pwIBX8EzZfo,ㄹㅇ 전기장판 틀어야됨....,2025-10-30T03:01:06Z,9.0,True,2253,7.0,0.0
5879,UCmgt7ewcg_HscfA4ks7rGhg,오락실 팡 Arcade Pang,hWQFY5ql1zg,(반전주의) 즉석 퇴마 가능 ㅋㅋㅋㅋ,2025-10-30T09:01:16Z,18.0,True,4092,27.0,1.0
5879,UCmgt7ewcg_HscfA4ks7rGhg,오락실 팡 Arcade Pang,uNed08yc5Pk,안 들은 귀 삽니다...,2025-10-30T09:01:36Z,9.0,True,2568,7.0,0.0
5879,UCmgt7ewcg_HscfA4ks7rGhg,오락실 팡 Arcade Pang,JHhG7sybmc0,짧뚱한 다리가 킬포 ㅠㅠ,2025-10-31T04:02:03Z,18.0,True,19293,346.0,3.0
5879,UCmgt7ewcg_HscfA4ks7rGhg,오락실 팡 Arcade Pang,NWFiXBP6pzc,아니말이안되는데...?,2025-10-31T13:00:50Z,11.0,True,2535,26.0,0.0
5879,UCmgt7ewcg_HscfA4ks7rGhg,오락실 팡 Arcade Pang,_I8ZDdBIKQo,열 내리고 사랑 올려~,2025-11-05T12:01:12Z,37.0,True,1676,8.0,1.0
5880,UCVgmjMddxHEF5VE3MUY_P0g,우유커플 Milk_couple,oQtQVVQ_zFo,[VLOG] 같이산지 7개월차.. 정말 동거불가 일까요?,2026-03-22T10:01:08Z,1048.0,False,85135,960.0,65.0
5880,UCVgmjMddxHEF5VE3MUY_P0g,우유커플 Milk_couple,eLdNxTdPra8,싫고 좋은게 티나는 7개월차👶🏻,2026-03-23T10:00:54Z,35.0,True,242816,1921.0,15.0
5880,UCVgmjMddxHEF5VE3MUY_P0g,우유커플 Milk_couple,o27TnMuJN0w,쪽쪽이를 먹은거니..?👶🏻,2026-03-24T10:01:22Z,37.0,True,1449037,10415.0,137.0
5880,UCVgmjMddxHEF5VE3MUY_P0g,우유커플 Milk_couple,IXRjAKMF6ko,이름을 알아듣는 7개월차아기?👶🏻,2026-03-25T10:00:32Z,33.0,True,785736,12788.0,132.0
5880,UCVgmjMddxHEF5VE3MUY_P0g,우유커플 Milk_couple,7DdgJp3f1zs,[VLOG] 드디어 엄마 껌딱지 시작?! + 지구의 발달과정 체크!,2026-03-26T10:00:18Z,1271.0,False,85094,971.0,89.0
5880,UCVgmjMddxHEF5VE3MUY_P0g,우유커플 Milk_couple,gGIlTsWMMBQ,저도 엄마빠랑 저녁 같이먹을래요!👶🏻,2026-03-27T10:00:00Z,43.0,True,509748,7859.0,81.0
5880,UCVgmjMddxHEF5VE3MUY_P0g,우유커플 Milk_couple,jHCm4psUWjM,[VLOG] 엄마 드디어 골병남..😭 그렇게 시작된 아빠의 독박육아!,2026-03-29T10:00:00Z,1030.0,False,72772,1055.0,52.0
5880,UCVgmjMddxHEF5VE3MUY_P0g,우유커플 Milk_couple,GGmTvvGxWkM,"소아비만 이슈 그후,,,🤦🏻‍♀️",2026-03-30T10:00:00Z,38.0,True,639676,5730.0,179.0
5880,UCVgmjMddxHEF5VE3MUY_P0g,우유커플 Milk_couple,ei61n7ftoe0,내얼굴 최고 좋아!!!!👶🏻,2026-03-31T10:36:16Z,40.0,True,147100,2812.0,41.0
5880,UCVgmjMddxHEF5VE3MUY_P0g,우유커플 Milk_couple,yyzOVEmA_R4,엄마 아파요..?ㅠㅠ👶🏻,2026-04-01T10:00:00Z,42.0,True,98938,1372.0,16.0
5880,UCVgmjMddxHEF5VE3MUY_P0g,우유커플 Milk_couple,2y7ZnEarfTU,[VLOG] 부부싸움후 엄마 드디어 가출?! 2박3일 친정으로..,2026-04-02T10:00:06Z,1208.0,False,86418,1043.0,66.0
5880,UCVgmjMddxHEF5VE3MUY_P0g,우유커플 Milk_couple,t5DqFM6l3hs,우리손자 장군 아니라예!!!👵🏼,2026-04-04T10:33:10Z,32.0,True,469099,5924.0,48.0
5880,UCVgmjMddxHEF5VE3MUY_P0g,우유커플 Milk_couple,xR5ZGjKaJn8,[VLOG] 애가 엄마 눈 닮아서 사시네.. 속상함에 안과검진😭,2026-04-05T09:59:01Z,1260.0,False,292674,2707.0,482.0
5880,UCVgmjMddxHEF5VE3MUY_P0g,우유커플 Milk_couple,tUKw1OWvQy4,엄마가 좋아 아빠가 좋아?!👶🏻,2026-04-06T11:01:22Z,56.0,True,613302,7662.0,137.0
5880,UCVgmjMddxHEF5VE3MUY_P0g,우유커플 Milk_couple,0i6-IbZRA0g,사시이슈종결👋,2026-04-07T09:59:36Z,37.0,True,167697,1013.0,46.0
5880,UCVgmjMddxHEF5VE3MUY_P0g,우유커플 Milk_couple,JEtCHzXAqgc,엄껌시작 8개월아기👶🏻,2026-04-08T10:00:37Z,40.0,True,197542,4110.0,45.0
5880,UCVgmjMddxHEF5VE3MUY_P0g,우유커플 Milk_couple,65WqM-YtUMM,[VLOG] 눈물의 생일 서프라이즈!!!! 지구와의 첫 생일파티!,2026-04-09T09:57:50Z,1071.0,False,54985,776.0,44.0
5880,UCVgmjMddxHEF5VE3MUY_P0g,우유커플 Milk_couple,DZE6gdJ1ZBE,엄마아빠 표정을 읽는 8개월👶🏻,2026-04-11T10:33:50Z,29.0,True,617998,9333.0,95.0
5880,UCVgmjMddxHEF5VE3MUY_P0g,우유커플 Milk_couple,HOzkzqQ6S5I,[VLOG] 5년전 둘에서 이제는 넷! 8개월 아기랑 벚꽃놀이 갔다가 가족사진 찍는 브이로그!,2026-04-12T10:00:31Z,1168.0,False,72423,997.0,102.0
5880,UCVgmjMddxHEF5VE3MUY_P0g,우유커플 Milk_couple,urlXioZfZ3I,시작은 둘 이제는 넷!👶🏻🐈‍⬛♥️,2026-04-13T10:01:34Z,38.0,True,265876,4784.0,50.0
5880,UCVgmjMddxHEF5VE3MUY_P0g,우유커플 Milk_couple,X3TobAg1gr4,육아난이도 급상승📈,2026-04-14T10:01:01Z,31.0,True,589463,5373.0,73.0
5880,UCVgmjMddxHEF5VE3MUY_P0g,우유커플 Milk_couple,8yxkYN81sxQ,수유량조절 그 이후..🤦🏻‍♀️,2026-04-15T10:00:13Z,46.0,True,547481,5361.0,76.0
5880,UCVgmjMddxHEF5VE3MUY_P0g,우유커플 Milk_couple,eRWYGA3-0Zg,인생 첫 벚꽃놀이 소감은?!,2026-04-16T10:01:08Z,40.0,True,164931,2574.0,25.0
5880,UCVgmjMddxHEF5VE3MUY_P0g,우유커플 Milk_couple,3Rmhq_smK7k,낯가리는 아기 할머니보고 반응..🤦🏻‍♀️,2026-04-18T10:00:10Z,27.0,True,499903,6202.0,58.0
5880,UCVgmjMddxHEF5VE3MUY_P0g,우유커플 Milk_couple,-OQBzB1IkGE,[VLOG] 생애 첫 비행! 제주 한달살이 준비부터 시작까지!,2026-04-19T10:00:01Z,1410.0,False,141699,1852.0,146.0
5880,UCVgmjMddxHEF5VE3MUY_P0g,우유커플 Milk_couple,vFOpoaRQIj8,8개월아기가 미치는간식 만드는법👶🏻♥️,2026-04-20T10:01:32Z,51.0,True,420060,6233.0,48.0
5880,UCVgmjMddxHEF5VE3MUY_P0g,우유커플 Milk_couple,pnqwiQwJAuA,우리집 남편만 이런건가요..?,2026-04-21T10:01:19Z,40.0,True,388757,3232.0,312.0
5880,UCVgmjMddxHEF5VE3MUY_P0g,우유커플 Milk_couple,9VG-XWKclBU,8개월아기 첫 비행..🤦🏻‍♀️,2026-04-22T10:00:16Z,28.0,True,1566055,17791.0,91.0
5880,UCVgmjMddxHEF5VE3MUY_P0g,우유커플 Milk_couple,AFfr66ZBc8A,브리저튼에 미친 가족이 제주한달살이 오면 생기는일👶🏻🐈‍⬛🤦🏻‍♀️🤦🏻‍♂️,2026-04-23T10:00:15Z,22.0,True,461050,4364.0,51.0
5880,UCVgmjMddxHEF5VE3MUY_P0g,우유커플 Milk_couple,FUZ-irxJwSY,제주도에서 소문의 낙원🍊,2026-04-24T08:18:07Z,25.0,True,902554,8216.0,93.0
5880,UCVgmjMddxHEF5VE3MUY_P0g,우유커플 Milk_couple,nZ-_Ou8f7iM,8개월아기 비행기 민폐..?🤦🏻‍♀️,2026-04-25T10:01:19Z,41.0,True,407948,4874.0,58.0
5880,UCVgmjMddxHEF5VE3MUY_P0g,우유커플 Milk_couple,zyvQ1ImB4Tg,[제주VLOG] 엄마 여기어디야..? 제주도 한달살이 오자마자 갇힘..😭‼️,2026-04-25T10:01:26Z,1163.0,False,75537,1117.0,62.0
5880,UCVgmjMddxHEF5VE3MUY_P0g,우유커플 Milk_couple,2D7BUBjDoVg,[제주VLOG] 나는 광어를 낳은건가..? 육아난이도 최상 8개월 아기랑 제주도 한달살이!🍊👶🏻,2026-04-26T09:00:06Z,1283.0,False,103488,1252.0,123.0
5880,UCVgmjMddxHEF5VE3MUY_P0g,우유커플 Milk_couple,sxcfFTN8TCo,8개월차 아기가 푹빠진 음식..👶🏻🍊,2026-04-28T10:01:32Z,39.0,True,282972,4255.0,42.0
5880,UCVgmjMddxHEF5VE3MUY_P0g,우유커플 Milk_couple,lFEYB_O95BY,인생 8개월차 낯가림시작..?🥲,2026-04-29T10:01:27Z,35.0,True,429207,4396.0,35.0
5880,UCVgmjMddxHEF5VE3MUY_P0g,우유커플 Milk_couple,bZjU2Nj5iRU,이게 그렇게 쫄 일이야?👻,2026-04-30T10:06:09Z,44.0,True,139539,1534.0,17.0
5880,UCVgmjMddxHEF5VE3MUY_P0g,우유커플 Milk_couple,KsX37aCCpqg,엄마랑 시작하는 아침이 젤 좋아!👶🏻,2026-05-01T10:00:40Z,40.0,True,241248,3740.0,36.0
5880,UCVgmjMddxHEF5VE3MUY_P0g,우유커플 Milk_couple,oPto1v0-vaA,저희 라멘집으로 놀러오세요🍜,2026-05-02T10:01:21Z,13.0,True,133859,1415.0,16.0
5880,UCVgmjMddxHEF5VE3MUY_P0g,우유커플 Milk_couple,WZvOIEikMpY,[제주VLOG]3박4일 아기두고 떠난 53만 인플루언서 엄마의 첫 해외출장기!🇨🇳👶🏻,2026-05-03T10:00:47Z,1472.0,False,79671,1078.0,105.0
5880,UCVgmjMddxHEF5VE3MUY_P0g,우유커플 Milk_couple,IMXxnZl5gOs,2022년부터 2026년까지🙆🏻‍♀️🙋🏻‍♂️👶🏻,2026-05-04T08:52:32Z,20.0,True,486040,5329.0,53.0
5880,UCVgmjMddxHEF5VE3MUY_P0g,우유커플 Milk_couple,2-2CTLa1Xr8,9개월차 30kg 아기가 있다?!🗿,2026-05-06T10:00:05Z,49.0,True,293340,7983.0,93.0
5880,UCVgmjMddxHEF5VE3MUY_P0g,우유커플 Milk_couple,EcW0F3p6aNU,여러분 저 요새 번아웃 온 것 같아요ㅠ,2026-05-08T10:00:32Z,50.0,True,38087,451.0,25.0
5880,UCVgmjMddxHEF5VE3MUY_P0g,우유커플 Milk_couple,pXxWFgio89A,"[제주VLOG] 미안해 아들.. 처음 일어난 낙상사고.. (우주 생일파티, 제주에서 만난 동기모임)",2026-05-09T10:01:16Z,1231.0,False,105527,1182.0,57.0
5880,UCVgmjMddxHEF5VE3MUY_P0g,우유커플 Milk_couple,iOMgbK90z0Y,[제주VLOG] 첫 야외 스냅촬영..! 과연 성공적일까…?👶🏻,2026-05-10T10:01:10Z,1171.0,False,48392,804.0,51.0
5880,UCVgmjMddxHEF5VE3MUY_P0g,우유커플 Milk_couple,blwXBAruJqQ,하무니 떡뻥 하나만 더 베풀어주세요..,2026-05-11T10:00:55Z,34.0,True,114168,1677.0,19.0
5880,UCVgmjMddxHEF5VE3MUY_P0g,우유커플 Milk_couple,Ro78cX95hU8,석지구 길거리 캐스팅 당하다?,2026-05-12T10:00:50Z,40.0,True,206887,2850.0,32.0
5880,UCVgmjMddxHEF5VE3MUY_P0g,우유커플 Milk_couple,zPolnvytXBM,아기스냅촬영 하지마세요..,2026-05-13T10:01:32Z,41.0,True,130547,2022.0,26.0
5880,UCVgmjMddxHEF5VE3MUY_P0g,우유커플 Milk_couple,GVdwsom_aLw,[제주VLOG] 호캉스 갔다가 밤샜습니다.. 아기랑 호캉스 현실판💦,2026-05-14T10:00:24Z,1418.0,False,47418,733.0,55.0
5880,UCVgmjMddxHEF5VE3MUY_P0g,우유커플 Milk_couple,hz-qc1h6cBQ,육아가 힘들어도 할 수 있는 이유..👶🏻♥️,2026-05-15T10:01:10Z,28.0,True,104650,1587.0,20.0
5880,UCVgmjMddxHEF5VE3MUY_P0g,우유커플 Milk_couple,wRAFSs45SAo,아기포뇨 인사드려요!🐠,2026-05-16T10:54:47Z,20.0,True,136657,1937.0,16.0
5881,UCa-IaOPw5r1oQ4vuf3QjEPA,롤큐 LOLQ,yCU99FoPEyA,출처 : 눈부신 채널 👉@눈부신 ​,2025-12-10T09:15:07Z,51.0,True,3196,7.0,0.0
5881,UCa-IaOPw5r1oQ4vuf3QjEPA,롤큐 LOLQ,FgtKeWc1yks,출처 : 삐라 채널 👉@BBIRA_OW  ​,2025-12-11T09:15:04Z,19.0,True,2161,2.0,0.0
5881,UCa-IaOPw5r1oQ4vuf3QjEPA,롤큐 LOLQ,MbY5mtJi8vg,출처 : 세코코_게임 채널 👉@세코코_게임,2025-12-13T09:15:04Z,18.0,True,2743,3.0,0.0
5881,UCa-IaOPw5r1oQ4vuf3QjEPA,롤큐 LOLQ,2gdm7UpxLwo,출처 : 콕끼리 채널 👉@cokggiri ​,2025-12-14T09:15:01Z,13.0,True,3127,12.0,0.0
5881,UCa-IaOPw5r1oQ4vuf3QjEPA,롤큐 LOLQ,8IMtgHt3a0w,출처 : 아론 페이지 채널 👉@aron,2025-12-15T09:15:03Z,26.0,True,2662,13.0,0.0
5881,UCa-IaOPw5r1oQ4vuf3QjEPA,롤큐 LOLQ,Rzn2GFuuNqA,출처 :  율드댕 / Yuldeu 채널 👉@yuldeu9688,2025-12-16T09:15:04Z,14.0,True,7827,17.0,0.0
5881,UCa-IaOPw5r1oQ4vuf3QjEPA,롤큐 LOLQ,iagJ-IdlSFM,출처 : 『 테라냥 』채널 👉@테라냥,2025-12-17T09:15:03Z,11.0,True,1966,8.0,0.0
5881,UCa-IaOPw5r1oQ4vuf3QjEPA,롤큐 LOLQ,ubON2QKzl1Y,출처 :  강오목 채널 👉@강오목,2025-12-18T09:15:08Z,27.0,True,2696,8.0,1.0
5881,UCa-IaOPw5r1oQ4vuf3QjEPA,롤큐 LOLQ,GSHB6HCZJc4,출처 : 노루 채널 👉@noroowang,2025-12-19T09:15:01Z,40.0,True,2881,6.0,0.0
5881,UCa-IaOPw5r1oQ4vuf3QjEPA,롤큐 LOLQ,Y5cmmxxvB-s,출처 : 콕끼리 채널 👉@cokggiri,2025-12-20T09:15:03Z,33.0,True,2351,11.0,0.0
5881,UCa-IaOPw5r1oQ4vuf3QjEPA,롤큐 LOLQ,t0erW0ihuhg,출처 : 태민98 채널 👉@taemin98,2025-12-21T09:15:05Z,36.0,True,6437,30.0,0.0
5881,UCa-IaOPw5r1oQ4vuf3QjEPA,롤큐 LOLQ,C8UgI_dsKpA,출처 : 아론 페이지 채널 👉@aron,2025-12-22T09:15:01Z,45.0,True,2511,5.0,0.0
5881,UCa-IaOPw5r1oQ4vuf3QjEPA,롤큐 LOLQ,DZBjPS-vt4A,출처 : 나브 채널 👉@나브,2025-12-23T09:15:03Z,36.0,True,2435,13.0,0.0
5881,UCa-IaOPw5r1oQ4vuf3QjEPA,롤큐 LOLQ,0UPQRL87L6o,출처 : BanaMongk 채널 👉@BanaMongki,2025-12-24T09:15:01Z,32.0,True,2993,17.0,0.0
5881,UCa-IaOPw5r1oQ4vuf3QjEPA,롤큐 LOLQ,M1p1oYssKJE,출처 : 우주최강올라프 채널 👉@spacebest1,2025-12-25T09:15:03Z,26.0,True,2284,5.0,0.0
5881,UCa-IaOPw5r1oQ4vuf3QjEPA,롤큐 LOLQ,KUkSU1xpT9c,출처 : 콕끼리 채널 👉@cokggiri,2025-12-26T09:15:03Z,38.0,True,3314,18.0,4.0
5881,UCa-IaOPw5r1oQ4vuf3QjEPA,롤큐 LOLQ,LMFsTi8SO8w,출처 : 눈부신 채널 👉@눈부신,2025-12-27T09:15:04Z,35.0,True,40257,102.0,3.0
5881,UCa-IaOPw5r1oQ4vuf3QjEPA,롤큐 LOLQ,sd-tF3IdBlo,출처 : 뽀린걸 채널 👉@bboringirl,2025-12-28T09:15:12Z,30.0,True,2947,6.0,0.0
5881,UCa-IaOPw5r1oQ4vuf3QjEPA,롤큐 LOLQ,f5z6I0agYr4,출처 : 일루전 ILLUSION 채널 👉@일루전,2025-12-29T09:15:07Z,22.0,True,3490,18.0,3.0
5881,UCa-IaOPw5r1oQ4vuf3QjEPA,롤큐 LOLQ,qSKrw1JSaYg,출처 : 하얀귤 채널 👉@hayangyul  ​,2025-12-30T09:15:05Z,27.0,True,315487,3371.0,45.0
5881,UCa-IaOPw5r1oQ4vuf3QjEPA,롤큐 LOLQ,id5F9Bkhw70,출처 : 『 테라냥 』채널 👉@테라냥,2025-12-31T09:15:03Z,22.0,True,2823,20.0,1.0
5881,UCa-IaOPw5r1oQ4vuf3QjEPA,롤큐 LOLQ,rBMfEyVaJro,출처 : 리연 & LOALAB 채널 👉@리퍼,2026-01-01T09:15:06Z,24.0,True,13689,29.0,0.0
5881,UCa-IaOPw5r1oQ4vuf3QjEPA,롤큐 LOLQ,doJcVAWzHe8,출처 : 우주최강올라프 채널 👉@spacebest1,2026-01-02T09:15:05Z,18.0,True,2232,5.0,0.0
5881,UCa-IaOPw5r1oQ4vuf3QjEPA,롤큐 LOLQ,Ey3HWFcVfcU,출처 : 햇밤식 채널 👉@햇밤식,2026-01-03T09:15:03Z,35.0,True,8021,52.0,4.0
5881,UCa-IaOPw5r1oQ4vuf3QjEPA,롤큐 LOLQ,ZtfyX3cnKPA,출처 : 안내메시지 채널 👉@안내메시지,2026-01-04T09:15:04Z,37.0,True,5386,23.0,0.0
5881,UCa-IaOPw5r1oQ4vuf3QjEPA,롤큐 LOLQ,VnfF5qTE6JY,출처 : 삐라 채널 👉@BBIRA_OW,2026-01-06T09:15:02Z,31.0,True,3773,26.0,2.0
5881,UCa-IaOPw5r1oQ4vuf3QjEPA,롤큐 LOLQ,VNgM_B7JXMw,출처 : 『 테라냥 』채널 👉@테라냥,2026-01-07T09:15:06Z,12.0,True,7600,25.0,1.0
5881,UCa-IaOPw5r1oQ4vuf3QjEPA,롤큐 LOLQ,lJ9cwL44abo,출처 : 세코코_게임 채널 👉@세코코_게임,2026-01-08T09:15:05Z,10.0,True,2616,5.0,1.0
5881,UCa-IaOPw5r1oQ4vuf3QjEPA,롤큐 LOLQ,nGDTR1Lwkug,출처 : 율드댕 / Yuldeu 채널 👉@yuldeu9688,2026-01-10T09:15:08Z,57.0,True,2450,4.0,1.0
5881,UCa-IaOPw5r1oQ4vuf3QjEPA,롤큐 LOLQ,6TiYkJUFjRc,출처 : 나무늘보 채널 👉@FAST_SLOTH,2026-01-13T09:15:00Z,36.0,True,3666,6.0,0.0
5881,UCa-IaOPw5r1oQ4vuf3QjEPA,롤큐 LOLQ,GHtptDBJoNY,출처 : 코코쨩 채널 👉@코코쨩,2026-01-15T09:15:01Z,46.0,True,3184,10.0,0.0
5881,UCa-IaOPw5r1oQ4vuf3QjEPA,롤큐 LOLQ,KRKMXFoD07Y,출처 : 빵또환 채널 👉@빵또환,2026-01-17T09:15:01Z,39.0,True,2237,9.0,0.0
5881,UCa-IaOPw5r1oQ4vuf3QjEPA,롤큐 LOLQ,IIKPv7fzqws,"2026 롤큐 멤버스데이 스케치 영상 | Sponsored by PIXELL, SteelSeries",2026-03-18T08:00:27Z,160.0,False,481,7.0,1.0
5881,UCa-IaOPw5r1oQ4vuf3QjEPA,롤큐 LOLQ,5UkcmkOSRo8,출처 : 우주최강올라프 채널 👉‪ @spacebest1,2026-04-03T13:00:10Z,36.0,True,3523,6.0,0.0
5881,UCa-IaOPw5r1oQ4vuf3QjEPA,롤큐 LOLQ,K69EwYQBxxw,출처 : 개리형 채널 👉‪  @개리형  ​,2026-04-04T08:00:29Z,45.0,True,2683,4.0,4.0
5881,UCa-IaOPw5r1oQ4vuf3QjEPA,롤큐 LOLQ,ODa9zaGvx5s,출처 : 뽀린걸 채널 👉‪   @bboringirl    ​,2026-04-05T13:18:34Z,61.0,False,2330,10.0,1.0
5881,UCa-IaOPw5r1oQ4vuf3QjEPA,롤큐 LOLQ,Ic6ZHdnsyFg,출처 : 쓰리컨드 채널 👉‪   @쓰리컨드,2026-04-06T13:00:34Z,35.0,True,1981,8.0,0.0
5881,UCa-IaOPw5r1oQ4vuf3QjEPA,롤큐 LOLQ,hfHJE9h-e6o,출처 : 땅우양 채널 👉‪    @zz5152zz,2026-04-14T13:01:24Z,48.0,True,3245,10.0,0.0
5881,UCa-IaOPw5r1oQ4vuf3QjEPA,롤큐 LOLQ,-eAQaBh-qB8,출처 : 개리형 채널 👉‪     @개리형,2026-04-16T13:30:08Z,53.0,True,2759,12.0,0.0
5881,UCa-IaOPw5r1oQ4vuf3QjEPA,롤큐 LOLQ,brZld_3JGlo,출처 : 개리형 채널 👉‪      @개리형,2026-04-20T13:27:16Z,52.0,True,2063,2.0,1.0
5881,UCa-IaOPw5r1oQ4vuf3QjEPA,롤큐 LOLQ,DrP06_f6ZOs,출처 : 땅우양 채널 👉‪      @zz5152zz,2026-05-01T13:19:33Z,57.0,True,2444,7.0,1.0
5881,UCa-IaOPw5r1oQ4vuf3QjEPA,롤큐 LOLQ,71VsDfRITFQ,출처 : 삐라 채널 👉‪       @BBIRA_OW,2026-05-02T13:00:11Z,57.0,True,2192,14.0,0.0
5881,UCa-IaOPw5r1oQ4vuf3QjEPA,롤큐 LOLQ,B1wh9kfPuEQ,출처 : 오버워치 연구소 채널 👉‪        @오버워치연구소,2026-05-03T13:00:31Z,50.0,True,2532,12.0,0.0
5881,UCa-IaOPw5r1oQ4vuf3QjEPA,롤큐 LOLQ,4MyENAXrPJA,출처 : 개리형 채널 👉‪         @개리형  ​,2026-05-07T13:37:27Z,55.0,True,1701,4.0,4.0
5881,UCa-IaOPw5r1oQ4vuf3QjEPA,롤큐 LOLQ,Pmkpp56eYcc,출처 : 햇밤식 채널 👉‪          @햇밤식,2026-05-10T13:00:44Z,50.0,True,1900,2.0,0.0
5881,UCa-IaOPw5r1oQ4vuf3QjEPA,롤큐 LOLQ,6IJImB1Mpqc,출처 : 우주최강올라프 채널 👉‪          @spacebest1,2026-05-11T13:00:10Z,45.0,True,2886,8.0,0.0
5881,UCa-IaOPw5r1oQ4vuf3QjEPA,롤큐 LOLQ,9KsQlsCV7Ok,출처 : 안내메시지 채널 👉‪           @안내메시지,2026-05-12T13:00:28Z,57.0,True,1735,11.0,0.0
5881,UCa-IaOPw5r1oQ4vuf3QjEPA,롤큐 LOLQ,jF-Aqaa6fy8,출처 : 케어 채널 👉‪           @care22,2026-05-13T13:01:26Z,44.0,True,1494,15.0,1.0
5881,UCa-IaOPw5r1oQ4vuf3QjEPA,롤큐 LOLQ,8ud0T4DFPHg,출처 : 삐라 채널 👉‪           @BBIRA_OW,2026-05-15T13:00:16Z,60.0,True,2006,15.0,1.0
5881,UCa-IaOPw5r1oQ4vuf3QjEPA,롤큐 LOLQ,cyV3z58CoL4,출처 : 우주최강올라프 채널 👉‪           @spacebest1,2026-05-16T13:00:55Z,54.0,True,1743,6.0,0.0
5882,UCr1YT5IRw3iI1oQgbBOpWrQ,보고싶진아,rUsJSWZ1FEM,"다가온 연말에 솔직해져볼게요,,🫶🏻미니 큐앤에이/요즘 하는 생각",2025-11-27T10:30:42Z,944.0,False,12555,299.0,53.0
5882,UCr1YT5IRw3iI1oQgbBOpWrQ,보고싶진아,2EscCArAa_Q,11월 네일로그✨차분한데 화려한 연말네일 낋여왔습니당,2025-11-30T09:28:45Z,43.0,True,53524,725.0,12.0
5882,UCr1YT5IRw3iI1oQgbBOpWrQ,보고싶진아,Ac1fLQAo2oI,뿌리볼륨 야무지게 살리는 드라이루틴!🍯,2025-12-03T11:00:47Z,23.0,True,46515,382.0,14.0
5882,UCr1YT5IRw3iI1oQgbBOpWrQ,보고싶진아,emiZsA_k1hQ,(광고X)망한피부 컨디션 끌올하는 겨울 스킨케어 루틴✨겨울 피지관리법•건성 민감성 추천템 등,2025-12-07T12:31:02Z,1238.0,False,12978,328.0,38.0
5882,UCr1YT5IRw3iI1oQgbBOpWrQ,보고싶진아,VZfCgmra25o,크리스마스에 뻔한 머리말고 이 헤어스타일 어때요?🎄,2025-12-12T09:30:19Z,43.0,True,29437,459.0,21.0
5882,UCr1YT5IRw3iI1oQgbBOpWrQ,보고싶진아,KgpUhWDE6qc,시골출신 뷰티 유튜버의 현실(ft.김장 100포기)🥬,2025-12-16T09:00:35Z,58.0,True,144331,1165.0,35.0
5882,UCr1YT5IRw3iI1oQgbBOpWrQ,보고싶진아,n7KD7JTs6Hc,시골출신 뷰튜버의 김장 브이로그 2편! 김장 100포기 하고 수육 부수기 🔨,2025-12-18T09:00:00Z,44.0,True,23401,280.0,3.0
5882,UCr1YT5IRw3iI1oQgbBOpWrQ,보고싶진아,8qlDrwUDlrs,증사 메이크업 제발 이렇게 하지마세요🔥,2025-12-22T12:15:51Z,60.0,True,88029,894.0,16.0
5882,UCr1YT5IRw3iI1oQgbBOpWrQ,보고싶진아,bG01w6LuAKk,메이크업 전후 온도 차이🥵,2025-12-23T09:57:23Z,6.0,True,26235,212.0,12.0
5882,UCr1YT5IRw3iI1oQgbBOpWrQ,보고싶진아,YAIhb9tKhhM,"얼굴에 뭐 했냐는말 100번들은 데일리 메컵 꿀팁🍯한끗차이로 진짜 예뻐짐,,🥵",2025-12-24T10:30:33Z,966.0,False,9376,266.0,29.0
5882,UCr1YT5IRw3iI1oQgbBOpWrQ,보고싶진아,139wyrGMrD8,똥손가능⭕️3분만에 샵 퀄리티 속눈썹 추천!,2025-12-31T08:01:50Z,45.0,True,14073,289.0,8.0
5882,UCr1YT5IRw3iI1oQgbBOpWrQ,보고싶진아,mc__95QD7Qw,광고❌ 클렌징오일 best4 추천!🫧,2026-01-05T13:28:56Z,60.0,True,7270,88.0,0.0
5882,UCr1YT5IRw3iI1oQgbBOpWrQ,보고싶진아,YPMLVmCihWY,이 립컬러 소화 가능한분..?💄일단 난 못함,2026-01-07T10:17:46Z,28.0,True,29252,356.0,24.0
5882,UCr1YT5IRw3iI1oQgbBOpWrQ,보고싶진아,D6mrOrUbNxI,비싼파데 살 돈 아끼세요!🔥자석베이스+스킨케어 루틴(feat.8시간 유지력테스트),2026-01-11T09:30:12Z,763.0,False,5434,182.0,18.0
5882,UCr1YT5IRw3iI1oQgbBOpWrQ,보고싶진아,5kGo52gX0wY,깔끔한 제 이번달 네일 오때요✨💅🏻,2026-01-17T09:28:36Z,35.0,True,27971,284.0,11.0
5882,UCr1YT5IRw3iI1oQgbBOpWrQ,보고싶진아,MmjDV_OPnag,26년 다이소 화장품 솔직리뷰!🔍살말 딱 정해드림(정샘물 파데•손앤박 하이라이터•딘토 립라이너•태그 브러쉬 등),2026-01-18T09:30:00Z,805.0,False,17233,245.0,17.0
5882,UCr1YT5IRw3iI1oQgbBOpWrQ,보고싶진아,UHGiEFz46Eg,경주여행 숏 브이로그🎥,2026-01-26T09:52:29Z,54.0,True,24301,328.0,10.0
5882,UCr1YT5IRw3iI1oQgbBOpWrQ,보고싶진아,l_0fNSQgGys,중안부 줄여주는 3분컷 옆볼륨 꿀팁!🍯,2026-01-31T09:34:13Z,49.0,True,30727,609.0,12.0
5882,UCr1YT5IRw3iI1oQgbBOpWrQ,보고싶진아,gSCfQPZJODY,"진짜 바쁠때 하는 10분컷 퀵메이크업 grwm⏰꾸안꾸 청순 여리걸이 되,,",2026-02-02T09:30:00Z,612.0,False,3929,,20.0
5882,UCr1YT5IRw3iI1oQgbBOpWrQ,보고싶진아,xNoMFFN_R5Y,10년 차 유튜버의 안 생산적인 하루 밀착 브이로그🏠(집밥 해먹기•요즘고민•15년지기 친구의 가정방문),2026-02-10T11:30:47Z,961.0,False,9574,196.0,36.0
5882,UCr1YT5IRw3iI1oQgbBOpWrQ,보고싶진아,_w8_mSV_Ob4,80만원 태운 올타이트 리프팅 후기💸,2026-02-15T10:38:51Z,42.0,True,18331,108.0,8.0
5882,UCr1YT5IRw3iI1oQgbBOpWrQ,보고싶진아,IhcJsQDKSlY,시딩택배 같이 뜯어요📦 #제품제공,2026-02-18T10:10:20Z,82.0,False,105837,1149.0,25.0
5882,UCr1YT5IRw3iI1oQgbBOpWrQ,보고싶진아,sAweNYZD5_o,기철이 교복처럼 속옷이 너덜해졌나요?👙,2026-02-19T12:18:39Z,46.0,True,32859,625.0,15.0
5882,UCr1YT5IRw3iI1oQgbBOpWrQ,보고싶진아,t7eYZgv-ndw,딱 3개만 사세요. 핏보장 갓성비 속옷👙,2026-02-20T11:11:58Z,35.0,True,45587,196.0,2.0
5882,UCr1YT5IRw3iI1oQgbBOpWrQ,보고싶진아,XT5szbryNtA,이번달 제 네일은요..💅🏻,2026-02-26T09:49:34Z,36.0,True,22306,299.0,10.0
5882,UCr1YT5IRw3iI1oQgbBOpWrQ,보고싶진아,a3WErkRlWjA,코덕으로 소문난 원희 추천템들 직접 다 써봤는데요..?!🫢,2026-02-27T09:30:00Z,593.0,False,4491,134.0,9.0
5882,UCr1YT5IRw3iI1oQgbBOpWrQ,보고싶진아,4sBNcoA8G7M,비싼 기기 필요없음❌3만원 이하 갓성비 홈케어 꿀템+꿀팁 다 풉니다✨,2026-03-01T09:30:00Z,959.0,False,24343,561.0,34.0
5882,UCr1YT5IRw3iI1oQgbBOpWrQ,보고싶진아,1rUBsDaz-h8,효과좋은 콜라겐팩 이겁니다✨,2026-03-03T09:40:09Z,52.0,True,8798,113.0,1.0
5882,UCr1YT5IRw3iI1oQgbBOpWrQ,보고싶진아,24ivvDltZSc,꿀템가득 샤워루틴🫧,2026-03-04T11:16:59Z,58.0,True,41984,525.0,16.0
5882,UCr1YT5IRw3iI1oQgbBOpWrQ,보고싶진아,SYk85TIcZew,웨딩촬영 드레스 6벌 입어봤는데 어때요?💍,2026-03-08T12:36:42Z,74.0,False,56702,919.0,115.0
5882,UCr1YT5IRw3iI1oQgbBOpWrQ,보고싶진아,-n-4BAk-xJk,자라 봄옷 하울🌸,2026-03-15T11:38:12Z,55.0,True,30616,385.0,10.0
5882,UCr1YT5IRw3iI1oQgbBOpWrQ,보고싶진아,9o-yBJnF6zY,신박템 잔뜩!3월 시딩택배 같이뜯어요📦#제품제공,2026-03-18T09:30:00Z,92.0,False,25956,360.0,16.0
5882,UCr1YT5IRw3iI1oQgbBOpWrQ,보고싶진아,cJ8LbgTYoGc,돌아온 쉬인깡! 근데 웨딩준비를 곁들인..👰🏻‍♀️(웨딩슈즈•베일•봄 티셔츠•데일리 팬츠 등),2026-03-21T10:00:00Z,973.0,False,17123,275.0,25.0
5882,UCr1YT5IRw3iI1oQgbBOpWrQ,보고싶진아,F2Ltv6RMINA,플래너 없이 준비하는 대환장 결혼준비썰🔥💍ɢʀᴡᴍ,2026-03-22T09:30:00Z,1454.0,False,22278,327.0,63.0
5882,UCr1YT5IRw3iI1oQgbBOpWrQ,보고싶진아,pFaq2NSsKZg,플래너 있/없 차이가 뭐냐면요..👰🏻‍♀️,2026-03-25T11:04:29Z,54.0,True,6303,88.0,0.0
5882,UCr1YT5IRw3iI1oQgbBOpWrQ,보고싶진아,o9z_N_CmsRo,결혼식에서 하객들 기억에 남는건 '이거' 밖에 없다고⁉️,2026-03-25T15:52:07Z,11.0,True,37591,196.0,1.0
5882,UCr1YT5IRw3iI1oQgbBOpWrQ,보고싶진아,X0VscfiGpSk,결혼준비하면 이 어플 꼭 까세요(진지),2026-03-26T14:47:57Z,55.0,True,13693,171.0,1.0
5882,UCr1YT5IRw3iI1oQgbBOpWrQ,보고싶진아,-PQjdWQGbOM,웨딩드레스 투어 2탄!👗여러분의 원픽은?!,2026-03-27T09:30:00Z,44.0,True,36636,390.0,66.0
5882,UCr1YT5IRw3iI1oQgbBOpWrQ,보고싶진아,c_wt_Bdarus,제 웨딩네일 어뗘요?💅🏻,2026-04-03T09:30:00Z,38.0,True,19895,266.0,6.0
5882,UCr1YT5IRw3iI1oQgbBOpWrQ,보고싶진아,gptRZxDmA2I,시딩템 같이까요!📦(이벤트있음) #제품협찬,2026-04-13T11:55:11Z,120.0,False,26876,462.0,196.0
5882,UCr1YT5IRw3iI1oQgbBOpWrQ,보고싶진아,XVqXPC89xcU,구독자 추천템 손민수해봄! 아니 이 좋은템을 나만 몰랐다고..?👀,2026-04-16T09:30:00Z,1064.0,False,9773,201.0,38.0
5882,UCr1YT5IRw3iI1oQgbBOpWrQ,보고싶진아,gXHV0eJKqes,누가 공주님 놀이래..🥹현실 웨촬 후기+아무도 안알려주는 꿀팁 말아옴🔥,2026-04-23T10:00:00Z,1372.0,False,27688,458.0,43.0
5882,UCr1YT5IRw3iI1oQgbBOpWrQ,보고싶진아,W3nGJhibplg,매일입는 갓성비 인생 캡나시 추천👍🏻,2026-04-26T12:04:34Z,60.0,True,26317,412.0,6.0
5882,UCr1YT5IRw3iI1oQgbBOpWrQ,보고싶진아,RU6pPqHLW6g,30대 거울볼때 특🪞,2026-04-29T09:41:48Z,13.0,True,16915,178.0,8.0
5882,UCr1YT5IRw3iI1oQgbBOpWrQ,보고싶진아,uVQMRVtlUwo,놓치기 쉬운 웨딩촬영 준비물‼️꼭 챙기세요,2026-04-30T09:30:00Z,27.0,True,13849,67.0,3.0
5882,UCr1YT5IRw3iI1oQgbBOpWrQ,보고싶진아,v_HkZu9BZEo,이 여자의 화장빨,2026-05-02T11:44:48Z,14.0,True,14139,145.0,10.0
5882,UCr1YT5IRw3iI1oQgbBOpWrQ,보고싶진아,noptt_7xWW8,5시간 걸려서 셀프네일 해봤는데요..?🥹,2026-05-03T10:48:52Z,62.0,False,58578,471.0,19.0
5882,UCr1YT5IRw3iI1oQgbBOpWrQ,보고싶진아,Zx5LsHlhDiw,웨딩촬영 타투커버업 찐후기!🔥,2026-05-05T09:54:53Z,49.0,True,18481,183.0,9.0
5882,UCr1YT5IRw3iI1oQgbBOpWrQ,보고싶진아,webQZ3wjGmo,웨딩촬영 '이것'만 안해도 성공함🔥,2026-05-06T09:32:53Z,33.0,True,11616,138.0,1.0
5882,UCr1YT5IRw3iI1oQgbBOpWrQ,보고싶진아,1Ck455OBi8Q,(광고X)립만 500개..🔥립친자가 엄선한 최애립 다풉니다,2026-05-14T09:30:19Z,1119.0,False,5199,215.0,42.0
5883,UC3htcPlye6noa3pAgegT2AQ,바이준 BYJUN,fiSp43x1IIw,박스로 문 뒤에 숨어있는 허기워기 디오라마 만들기 | 파피 플레이타임,2022-03-03T06:39:19Z,314.0,False,322021,2353.0,41.0
5883,UC3htcPlye6noa3pAgegT2AQ,바이준 BYJUN,mZKzr-8DtJ4,내부 기판까지 박스로 만들어버린.. 아이폰 13 프로 맥스 만들기 (Making iphone 13 pro max out of cardboard),2022-03-17T08:07:25Z,355.0,False,87249,984.0,116.0
5883,UC3htcPlye6noa3pAgegT2AQ,바이준 BYJUN,odg9f5pSwhw,박스로 얼굴이 돌아가는 썬드롭 만들기 | 프레디의 피자가게 : 시큐리티 브리치,2022-03-23T12:14:14Z,182.0,False,449743,3652.0,56.0
5883,UC3htcPlye6noa3pAgegT2AQ,바이준 BYJUN,maGz7eGSmD8,박스로 허기워기 비디오 테이프와 플레이어 만들기 | 파피플레이타임,2022-04-01T11:00:28Z,229.0,False,190559,2042.0,54.0
5883,UC3htcPlye6noa3pAgegT2AQ,바이준 BYJUN,1KJAdr-HbfU,박스로 프레디 파즈워치 만들기 | 프레디의 피자가게 : 시큐리티 브리치,2022-04-14T12:00:37Z,210.0,False,314651,3233.0,60.0
5883,UC3htcPlye6noa3pAgegT2AQ,바이준 BYJUN,wdXig9ROXBg,박스로 프레디 충전소 만들기 | 문이 열리고 닫힌다! | 프레디의 피자가게 : 시큐리티 브리치,2022-04-24T08:11:42Z,317.0,False,740078,4547.0,43.0
5883,UC3htcPlye6noa3pAgegT2AQ,바이준 BYJUN,iA89YXIs5qY,박스로 만든 소닉 vs 에그맨 게임기 | Sonic the Hedgehog,2022-04-29T10:18:40Z,292.0,False,23990,326.0,25.0
5883,UC3htcPlye6noa3pAgegT2AQ,바이준 BYJUN,FfF6dACiOR4,갑툭튀 치카 팝업카드 만들기 | 프레디의 피자가게 : 시큐리티 브리치,2022-05-07T09:43:03Z,223.0,False,26771,280.0,14.0
5883,UC3htcPlye6noa3pAgegT2AQ,바이준 BYJUN,tMtWYVceOvo,박스로 바니와 그레고리 만들기 | 프레디의 피자가게 : 시큐리티 브리치,2022-05-09T16:54:35Z,264.0,False,103622,1010.0,26.0
5883,UC3htcPlye6noa3pAgegT2AQ,바이준 BYJUN,fIWtWxUaobk,박스로 튀어나오는 썬드롭 오토마타 만들기 | 프레디의 피자가게 : 시큐리티 브리치,2022-05-15T10:28:20Z,267.0,False,974238,9547.0,66.0
5883,UC3htcPlye6noa3pAgegT2AQ,바이준 BYJUN,XPLXgP-vgOg,박스로 Wack-A-Wuggy 만들기 | 구멍에서 나오는 허기워기 | 파피 플레이타임 챕터2,2022-05-29T06:17:22Z,303.0,False,246103,2608.0,45.0
5883,UC3htcPlye6noa3pAgegT2AQ,바이준 BYJUN,dJ044iMWYog,박스로 진짜 발사되는 그랩팩 만들기 - 파피 플레이타임 2 | Making REAL Working GrabPack | Poppy Playtime 2,2022-06-03T11:31:17Z,246.0,False,615076,5245.0,88.0
5883,UC3htcPlye6noa3pAgegT2AQ,바이준 BYJUN,p8rcyiXj1to,박스로 초록색 그랩팩 공장 오토마타 만들기 | 파피 플레이타임 챕터2,2022-06-07T11:35:31Z,214.0,False,130818,1201.0,32.0
5883,UC3htcPlye6noa3pAgegT2AQ,바이준 BYJUN,_CvD36KI4yg,박스로 마미롱레그 분쇄기 오토마타 만들기 | 파피 플레이타임 챕터2,2022-06-19T07:25:59Z,257.0,False,2080086,12860.0,150.0
5883,UC3htcPlye6noa3pAgegT2AQ,바이준 BYJUN,DIS1ruGT760,박스로 튀어나오는 문드롭 오토마타 만들기 | 프레디의 피자가게 : 시큐리티 브리치,2022-07-02T07:33:45Z,177.0,False,30373,362.0,25.0
5883,UC3htcPlye6noa3pAgegT2AQ,바이준 BYJUN,_uaqY2cO5Hk,Making a PJ Pug A Pillar Jumpscare out of cardboard | Poppy Playtime Chapter 2,2022-08-11T05:08:23Z,187.0,False,41139,436.0,17.0
5883,UC3htcPlye6noa3pAgegT2AQ,바이준 BYJUN,lsm4tqS3TSM,박스로 엔터프라이즈 호 디오라마 만들기 | 스타트렉: 스트레인지 뉴 월드,2022-08-13T06:00:18Z,575.0,False,42000,114.0,31.0
5883,UC3htcPlye6noa3pAgegT2AQ,바이준 BYJUN,jQBdzLKjCMQ,[로블록스] 박스로 레인보우 프렌즈 블루를 피해 숨는 오토마타 만들기,2022-08-21T12:18:39Z,263.0,False,53804,548.0,39.0
5883,UC3htcPlye6noa3pAgegT2AQ,바이준 BYJUN,6QPdGKNOAf4,[로블록스] 박스로 레인보우 프렌즈 퍼플 벤트 디오라마 만들기,2022-09-09T03:00:03Z,114.0,False,86702,645.0,32.0
5883,UC3htcPlye6noa3pAgegT2AQ,바이준 BYJUN,T-Wn_45awkY,박스로 갤럭시 Z 플립4 만들기 (박스 에디션) | 실제로 접히고 펴진다! 시즌2,2022-10-02T03:11:58Z,252.0,False,42217,420.0,71.0
5883,UC3htcPlye6noa3pAgegT2AQ,바이준 BYJUN,-Lh0h5PjuI8,[로블록스] 박스로 레인보우 프렌즈 블루 죽는 장면 디오라마 만들기,2022-10-05T07:48:00Z,148.0,False,24573,265.0,19.0
5883,UC3htcPlye6noa3pAgegT2AQ,바이준 BYJUN,q80esTg1Km4,버튼을 누르면 움직이는 번조버니 오토마타 만들기 | 파피 플레이타임 챕터2,2022-11-30T08:00:20Z,422.0,False,101096,988.0,44.0
5883,UC3htcPlye6noa3pAgegT2AQ,바이준 BYJUN,6hHJ_UoefaQ,박시부 서프라이즈 박스 만들기 | 파피 플레이타임 : 프로젝트 플레이타임,2022-12-30T06:38:45Z,252.0,False,1851614,14942.0,172.0
5883,UC3htcPlye6noa3pAgegT2AQ,바이준 BYJUN,pS-7qIBXOCc,[Garden of Banban] Funny Jumbo Josh JUMPSCARES Easy Paper Toy | Craft Idea,2023-01-21T06:57:56Z,230.0,False,31518,373.0,24.0
5883,UC3htcPlye6noa3pAgegT2AQ,바이준 BYJUN,mR9CGow6OJ8,Let me do it for you | Making lengthening Borzoi,2023-01-28T13:09:36Z,131.0,False,31315,606.0,64.0
5883,UC3htcPlye6noa3pAgegT2AQ,바이준 BYJUN,EMB73lKcOLY,Let me do it for you | Making lengthening Borzoi #shorts #memes,2023-01-28T14:52:40Z,42.0,True,84044,2363.0,15.0
5883,UC3htcPlye6noa3pAgegT2AQ,바이준 BYJUN,nuRKxppNUjo,박스로 체인이 회전하는 포치타 만들기 | Making a Pochita with a Rotating Chain out of Cardboard | 체인소맨 | Chainsaw Man,2023-03-25T11:18:27Z,620.0,False,1369780,7285.0,114.0
5883,UC3htcPlye6noa3pAgegT2AQ,바이준 BYJUN,r6F2f1DhFXM,도어즈 시크 추격전 오토마타 만들기,2023-04-06T08:00:21Z,359.0,False,20158,267.0,40.0
5883,UC3htcPlye6noa3pAgegT2AQ,바이준 BYJUN,RsfroHY0nMg,없어서 직접 만든 움직이는 스즈메 굿즈 만들기 | 스즈메의 문단속,2023-04-23T01:00:09Z,384.0,False,10776,225.0,57.0
5883,UC3htcPlye6noa3pAgegT2AQ,바이준 BYJUN,J9Yd5vu0mU0,박스로 아만다 더 어드벤처 디오라마 만들기,2023-06-06T07:45:08Z,229.0,False,11234,182.0,34.0
5883,UC3htcPlye6noa3pAgegT2AQ,바이준 BYJUN,pqXYUxz2r_E,삐에로 박시부 서프라이즈 박스 만들기 | 파피 플레이타임 : 프로젝트 플레이타임,2023-06-20T08:00:20Z,255.0,False,10173,120.0,14.0
5883,UC3htcPlye6noa3pAgegT2AQ,바이준 BYJUN,VXtWJ1p8_Lg,박스로 해피 해피 해피캣 오토마타 만들기 | Make a HAPPY cat out of cardboard,2023-07-11T06:07:02Z,235.0,False,16067,246.0,56.0
5883,UC3htcPlye6noa3pAgegT2AQ,바이준 BYJUN,Ui1XM58gIL4,움직이는 해피캣 만들기 | Make a moving Happy cat out of cardboard,2023-07-15T07:44:38Z,51.0,True,44756,1196.0,22.0
5883,UC3htcPlye6noa3pAgegT2AQ,바이준 BYJUN,Zc6-NohwpSM,박스로 스키비디 토일렛 오토마타 만들기 | Make a skibidi toilet out of cardboard,2023-08-18T13:05:39Z,188.0,False,74281,590.0,22.0
5883,UC3htcPlye6noa3pAgegT2AQ,바이준 BYJUN,ixpCz-sccO8,박스로 갤럭시 Z 플립5 만들기 | 힌지가 있어 실제로 접히고 펴진다 !,2023-10-11T07:00:20Z,339.0,False,50572,613.0,86.0
5883,UC3htcPlye6noa3pAgegT2AQ,바이준 BYJUN,dflU6IXW3T8,박스로 고죠 사토루를 봉인하는 옥문강 만들기 | Making Prison Realm to seal Gojo Satoru with cardboard | 주술회전,2023-11-09T10:37:53Z,300.0,False,11664,231.0,30.0
5883,UC3htcPlye6noa3pAgegT2AQ,바이준 BYJUN,Tvmqo73c-e8,박스로 아이폰 15 만들기 / Making an iPhone 15 out of cardboard,2023-11-19T10:46:17Z,191.0,False,29836,339.0,82.0
5883,UC3htcPlye6noa3pAgegT2AQ,바이준 BYJUN,0_thqa07dYI,박스로 나이트메어 허기워기 디오라마 만들기 | 누르면 앞으로 튀어나온다 ! | 파피 플레이타임 3 | Making a Nightmare Huggy Wuggy Diorama,2024-01-30T12:23:20Z,295.0,False,109026,998.0,43.0
5883,UC3htcPlye6noa3pAgegT2AQ,바이준 BYJUN,l5xjNZKs6f4,박스로 발사되는 플레어건 그랩팩 만들기 | 파피 플레이타임 챕터 4 | Making a flare gun Grabpack with cardboard,2024-02-15T09:02:33Z,371.0,False,1090136,10197.0,298.0
5883,UC3htcPlye6noa3pAgegT2AQ,바이준 BYJUN,E_MhE91xu5g,박스로 무한성에 떨어지는 탄지로 오토마타 만들기 | 귀멸의 칼날 무한성 | Making a Automata that falls into a infinity castle,2025-09-18T07:24:30Z,255.0,False,4233,123.0,75.0
5883,UC3htcPlye6noa3pAgegT2AQ,바이준 BYJUN,SvPIl-1AkcU,박스로 발사되는 퍼플 그랩팩 만들기 | 파피 플레이타임 챕터 4 | Making a Purple Grab Pack that Launches with a cardboard,2025-10-30T07:00:28Z,287.0,False,80679,762.0,50.0
5883,UC3htcPlye6noa3pAgegT2AQ,바이준 BYJUN,ppx9LcfqtTg,세상에서 가장 위험한 독사가 움직이는 오토마타 만들기,2026-01-04T04:32:31Z,387.0,False,4509,72.0,32.0
5883,UC3htcPlye6noa3pAgegT2AQ,바이준 BYJUN,Eb_RLw7bWQE,세상에서 가장 위험한 독사가 움직이는 오토마타 만들기,2026-01-04T04:43:05Z,59.0,True,11961,80.0,6.0
5883,UC3htcPlye6noa3pAgegT2AQ,바이준 BYJUN,pi4kQDUgB9E,골판지로「명일방주: 엔드필드」공업단지 만들기,2026-01-21T08:01:03Z,394.0,False,5920,44.0,13.0
5883,UC3htcPlye6noa3pAgegT2AQ,바이준 BYJUN,Omp-8C6gZKE,회전하는 톱으로 도이를 갈아버리는 오토마타 만들기 | 파피 플레이타임 5,2026-02-11T04:19:44Z,367.0,False,13069,211.0,24.0
5883,UC3htcPlye6noa3pAgegT2AQ,바이준 BYJUN,rnuQ3EspvxQ,캣냅을 세뇌시키는 회전하는 최면 기계 만들기 | 파피 플레이타임 5,2026-02-17T01:33:51Z,279.0,False,12909,235.0,21.0
5883,UC3htcPlye6noa3pAgegT2AQ,바이준 BYJUN,_cl7uJlVlE4,프로토타입이 허기워기를 죽이는 오토마타 만들기 | 파피 플레이타임 챕터 5,2026-03-01T06:34:24Z,269.0,False,171246,1371.0,50.0
5883,UC3htcPlye6noa3pAgegT2AQ,바이준 BYJUN,CRjo7-3P1lk,마미롱레그를 죽이는 기계 만들기 | POPPY PLAYTIME 5 #poppyplaytime #diy #huggywuggy,2026-03-02T13:55:25Z,53.0,True,7655768,34429.0,20.0
5883,UC3htcPlye6noa3pAgegT2AQ,바이준 BYJUN,LKQZQVDbLJE,엘리베이터를 공격하는 허기워기 오토마타 만들기 | 파피플레이타임 챕터 5,2026-03-07T12:16:11Z,194.0,False,17683,215.0,38.0
5883,UC3htcPlye6noa3pAgegT2AQ,바이준 BYJUN,CejS1qsNbWI,플레이어를 숨겨주는 첨 촘프킨스 만들기 | 파피 플레이타임 5,2026-03-28T02:00:17Z,281.0,False,13868,134.0,27.0
5884,UC_zXObQdOXbUGe8IyVRcpSw,융덕 Yungduck,OkUS-8V69Zs,하루만에 조회수200만 찍은 엄마아들 졸업식 코디,2026-01-12T11:24:42Z,61.0,False,234314,5281.0,36.0
5884,UC_zXObQdOXbUGe8IyVRcpSw,융덕 Yungduck,njQZrdYE-fs,제가 메이크업엔 소질이 없어서요,2026-01-13T08:37:32Z,14.0,True,135119,2084.0,26.0
5884,UC_zXObQdOXbUGe8IyVRcpSw,융덕 Yungduck,iJpuLBOp5Pw,퍼스널컬러가 어떻게 서울역,2026-01-14T10:42:46Z,23.0,True,251834,4489.0,81.0
5884,UC_zXObQdOXbUGe8IyVRcpSw,융덕 Yungduck,QSCKVS6_TZU,2시간동안 찍은 도우인챌린지,2026-01-16T08:37:54Z,15.0,True,3217654,38440.0,293.0
5884,UC_zXObQdOXbUGe8IyVRcpSw,융덕 Yungduck,DQD5STo_gJ0,1트만에 찍은 도우인챌린지,2026-01-17T07:38:04Z,15.0,True,448909,7013.0,110.0
5884,UC_zXObQdOXbUGe8IyVRcpSw,융덕 Yungduck,ZmxdA9_jEqI,샤넬 불렀으니까 샤넬 주세요,2026-01-18T07:49:46Z,14.0,True,583006,7554.0,257.0
5884,UC_zXObQdOXbUGe8IyVRcpSw,융덕 Yungduck,QhGRHa6xlkw,눈 처음 보는 부산 사람 반응ㅋㅋㅋㅋㅋ,2026-01-20T12:39:54Z,18.0,True,68771,1252.0,31.0
5884,UC_zXObQdOXbUGe8IyVRcpSw,융덕 Yungduck,ZKsE7AT34WA,두쫀쿠때문에 결국 퇴소한 윤지 #환승연애,2026-01-21T11:14:18Z,68.0,False,69757,964.0,16.0
5884,UC_zXObQdOXbUGe8IyVRcpSw,융덕 Yungduck,AUVImK9Wg8c,충격적인 환승연애 엔딩,2026-01-23T12:27:32Z,61.0,False,44183,615.0,11.0
5884,UC_zXObQdOXbUGe8IyVRcpSw,융덕 Yungduck,dsoggc6jNfc,두쫀쿠먹은 밤티갸루메이크업🧆,2026-01-24T05:06:57Z,69.0,False,50382,690.0,17.0
5884,UC_zXObQdOXbUGe8IyVRcpSw,융덕 Yungduck,4CmndvK_lW8,하얀색+하얀색=?,2026-01-27T10:42:44Z,15.0,True,483012,6742.0,130.0
5884,UC_zXObQdOXbUGe8IyVRcpSw,융덕 Yungduck,9Rp-6le6EGc,키스 후에 하기 좋은 멘트 추천ㅋㅋㅋㅋㅋ,2026-01-29T10:21:47Z,20.0,True,57869,777.0,39.0
5884,UC_zXObQdOXbUGe8IyVRcpSw,융덕 Yungduck,d4qZ3P2lNqk,스키장에서 꼭 찍어야 하는 챌린지❄️,2026-01-31T07:54:15Z,22.0,True,55366,742.0,21.0
5884,UC_zXObQdOXbUGe8IyVRcpSw,융덕 Yungduck,qNrpmfOnRIc,안녕하세요 융덕입니다,2026-02-01T12:46:31Z,568.0,False,353884,2380.0,152.0
5884,UC_zXObQdOXbUGe8IyVRcpSw,융덕 Yungduck,KuoMmZEO7Vc,“사랑해”에서 “너 진짜 싫어” 표정변화 없이 연기하기,2026-02-04T09:15:38Z,14.0,True,247585,1660.0,71.0
5884,UC_zXObQdOXbUGe8IyVRcpSw,융덕 Yungduck,SsQulNDPytE,노래 안 듣고 감으로 찍은 big guy,2026-02-05T08:23:52Z,20.0,True,531213,7980.0,87.0
5884,UC_zXObQdOXbUGe8IyVRcpSw,융덕 Yungduck,2fPPueB3Vco,앞머리 내린 거vs없는 거 뭐가 더 나은지 말해줄 수 있어?,2026-02-06T09:17:29Z,16.0,True,334622,4852.0,76.0
5884,UC_zXObQdOXbUGe8IyVRcpSw,융덕 Yungduck,MAiG2Zdq_a0,화난 여자친구 100% 풀어주는 법,2026-02-07T05:02:42Z,27.0,True,44350,637.0,19.0
5884,UC_zXObQdOXbUGe8IyVRcpSw,융덕 Yungduck,CtBcu2rbLfE,1초마다 팔린다는 환연4 현지님 블라우스 입어보기,2026-02-08T10:49:23Z,31.0,True,80373,1098.0,27.0
5884,UC_zXObQdOXbUGe8IyVRcpSw,융덕 Yungduck,OcwPCFjWsMI,이게 유행 안 하고 왜 라부부가 유행한 건지 이해가 안 가네,2026-02-13T11:29:54Z,41.0,True,69933,1154.0,31.0
5884,UC_zXObQdOXbUGe8IyVRcpSw,융덕 Yungduck,ZAzq40pjeVU,앞머리 가발 메이크업 💇🏻‍♀️,2026-02-14T03:47:42Z,36.0,True,58306,842.0,28.0
5884,UC_zXObQdOXbUGe8IyVRcpSw,융덕 Yungduck,B9mJ7x-gYiA,6살 차이 누나가 남고 졸업식가면 생기는 일,2026-02-15T11:42:32Z,257.0,False,223253,2477.0,99.0
5884,UC_zXObQdOXbUGe8IyVRcpSw,융덕 Yungduck,2vaEtwK8RRY,친척들 잘 때 몰래 추다 걸림🥵💦,2026-02-17T09:42:33Z,28.0,True,89399,1573.0,25.0
5884,UC_zXObQdOXbUGe8IyVRcpSw,융덕 Yungduck,Iqqif0_Tyms,유튜버특 설날 친척들 주무실때 몰래 춤춤,2026-02-18T05:08:27Z,20.0,True,56441,796.0,15.0
5884,UC_zXObQdOXbUGe8IyVRcpSw,융덕 Yungduck,hG4NlzkoiaE,"머릿결 질문만 1,000번 받은 사람의 관리루틴",2026-02-19T08:41:14Z,29.0,True,62139,829.0,18.0
5884,UC_zXObQdOXbUGe8IyVRcpSw,융덕 Yungduck,Hn3QS1F5M8M,청바지 입고 다니면 안 되는 이유,2026-02-26T09:59:21Z,16.0,True,295977,5065.0,72.0
5884,UC_zXObQdOXbUGe8IyVRcpSw,융덕 Yungduck,yUFDM4mqBWY,현관문 앞까지만 데려다줄게,2026-02-28T05:57:54Z,17.0,True,54054,1070.0,21.0
5884,UC_zXObQdOXbUGe8IyVRcpSw,융덕 Yungduck,N-gg8PiCPKs,오랜만에 집에 온 6살차 남동생 앞에서 춤추기,2026-03-01T04:48:39Z,21.0,True,1626818,9034.0,236.0
5884,UC_zXObQdOXbUGe8IyVRcpSw,융덕 Yungduck,Y05s1xPFnJY,사실 저는 화장빨입니다,2026-03-03T10:42:14Z,10.0,True,144296,1805.0,61.0
5884,UC_zXObQdOXbUGe8IyVRcpSw,융덕 Yungduck,9Coz0CiazgI,서울역에서 이 여자를 마주친다면 뒤를 보지마세요,2026-03-06T10:56:25Z,18.0,True,44486,935.0,30.0
5884,UC_zXObQdOXbUGe8IyVRcpSw,융덕 Yungduck,Pv6cWLjvYAs,여행갈 때 꼭 찍어야 할 트랜지션✈️,2026-03-07T10:45:33Z,16.0,True,90217,1822.0,22.0
5884,UC_zXObQdOXbUGe8IyVRcpSw,융덕 Yungduck,Uh28LMxl8tc,"술, 담배 안 하는 사람들이 헤어졌을 때",2026-03-08T10:21:02Z,30.0,True,31814,699.0,29.0
5884,UC_zXObQdOXbUGe8IyVRcpSw,융덕 Yungduck,U9LME_95xEc,어짜피 조회수 안 나올 거 같으니 제목 막짓기,2026-03-09T11:35:28Z,11.0,True,36127,728.0,33.0
5884,UC_zXObQdOXbUGe8IyVRcpSw,융덕 Yungduck,s-Sbc81Kn84,40만 유튜버의 숨겨둔 피겨 실력ㄷㄷ,2026-03-14T07:50:12Z,15.0,True,37225,592.0,15.0
5884,UC_zXObQdOXbUGe8IyVRcpSw,융덕 Yungduck,MJ2h0h7A_zo,요즘 ai 진짜 무섭네요 ✂️,2026-03-14T10:56:23Z,9.0,True,59296,1104.0,47.0
5884,UC_zXObQdOXbUGe8IyVRcpSw,융덕 Yungduck,E7EAdHvSEso,이중에 너 취향 하나쯤은 있겠지,2026-03-15T03:32:07Z,22.0,True,154809,3209.0,102.0
5884,UC_zXObQdOXbUGe8IyVRcpSw,융덕 Yungduck,gFpDDfmDNds,일본오면 꼭 찍어야하는 챌린지,2026-03-16T08:39:54Z,13.0,True,41369,867.0,23.0
5884,UC_zXObQdOXbUGe8IyVRcpSw,융덕 Yungduck,P1aX3o-oG7w,남자친구가 다른 여자이름 실수로 불렀을 때,2026-03-18T09:15:50Z,36.0,True,37513,942.0,22.0
5884,UC_zXObQdOXbUGe8IyVRcpSw,융덕 Yungduck,FeENeUd-s_c,여자 친구 앞에서 절대 하면 안 되는 행동,2026-03-20T10:11:04Z,18.0,True,30953,429.0,17.0
5884,UC_zXObQdOXbUGe8IyVRcpSw,융덕 Yungduck,FvWMalBl0pk,이거 찍으러 일본갔어요,2026-03-21T09:33:44Z,13.0,True,46888,690.0,30.0
5884,UC_zXObQdOXbUGe8IyVRcpSw,융덕 Yungduck,-B7mFcoERE0,아 이번엔 진짜 롯데가 우승한다고ㅋㅋ,2026-03-22T03:01:31Z,14.0,True,55085,1002.0,57.0
5884,UC_zXObQdOXbUGe8IyVRcpSw,융덕 Yungduck,5uOUZx3NffM,과연 몇트만에 성공했을까요?,2026-03-23T09:26:32Z,8.0,True,73255,1027.0,31.0
5884,UC_zXObQdOXbUGe8IyVRcpSw,융덕 Yungduck,iwut23FGXeU,베프랑 키 차이 많이 날 때 특ㅋㅋㅋㅋㅋ,2026-03-24T09:13:27Z,12.0,True,43870,520.0,12.0
5884,UC_zXObQdOXbUGe8IyVRcpSw,융덕 Yungduck,OC7mitVT53M,신점보러 갔는데 1년간 연애금지령 내리신 이유,2026-03-27T09:34:50Z,372.0,False,391851,412.0,41.0
5884,UC_zXObQdOXbUGe8IyVRcpSw,융덕 Yungduck,k4bBZvowkjY,엽떡 국물무뼈닭발 맵찔이 솔직후기,2026-03-28T04:19:41Z,61.0,False,46605,420.0,13.0
5884,UC_zXObQdOXbUGe8IyVRcpSw,융덕 Yungduck,Zg9xlpvxhBI,롯데팬들 가을 야구 갈 준비 하세요.,2026-03-29T02:20:33Z,14.0,True,258188,2088.0,81.0
5884,UC_zXObQdOXbUGe8IyVRcpSw,융덕 Yungduck,oq8hNRuM7mk,가을야구 갈 생각에 신난 흔한 롯데팬,2026-03-29T08:31:06Z,19.0,True,47034,416.0,33.0
5884,UC_zXObQdOXbUGe8IyVRcpSw,융덕 Yungduck,fESA8BP6f18,롯데치어리더 되기 전 사직야유 참을 수 있는지 확인하기ㅋㅋㅋㅋㅋ,2026-03-30T09:07:43Z,31.0,True,71821,724.0,25.0
5884,UC_zXObQdOXbUGe8IyVRcpSw,융덕 Yungduck,9hVJsSoPB1c,30초 투자가 안 아까울 인생템들 추천,2026-03-31T09:16:31Z,40.0,True,88120,552.0,25.0
5884,UC_zXObQdOXbUGe8IyVRcpSw,융덕 Yungduck,oD_eG6Cojp4,만우절에 친구한테 하면 100%속는 장난ㅋㅋㅋㅋㅋ,2026-04-01T06:30:28Z,7.0,True,259556,984.0,36.0
5885,UCyj5XVwazOh592neidDN9Eg,준성호네,kCTbyodUfmo,그렇게 대답한다고?,2026-01-22T10:00:00Z,53.0,True,27440,1362.0,34.0
5885,UCyj5XVwazOh592neidDN9Eg,준성호네,wKEtR1h7dxg,[SUB][리뷰] 남의연애4 ep1-2 | 남자들만 나오는 연애 프로그램 리뷰하기 🐱🐤🏡💕,2026-01-28T11:00:00Z,1536.0,False,185043,8352.0,466.0
5885,UCyj5XVwazOh592neidDN9Eg,준성호네,cs0vuvTVnLk,[SUB][리뷰] 남의연애4 ep3-4 | 아는 남자 나오는 연애 프로그램 리뷰하기 🐱🐤🏡💕,2026-02-05T10:00:00Z,1726.0,False,114154,4549.0,316.0
5885,UCyj5XVwazOh592neidDN9Eg,준성호네,lX4dnt-PbQo,3년이 됐다고...?,2026-02-10T10:00:00Z,29.0,True,69305,3098.0,100.0
5885,UCyj5XVwazOh592neidDN9Eg,준성호네,cQMoATV2EBU,[SUB][Vlog] 우리가 만난지 1095일째 🐱🐤3️⃣,2026-02-11T10:00:00Z,1443.0,False,105930,6849.0,515.0
5885,UCyj5XVwazOh592neidDN9Eg,준성호네,wb7Q9zF9Y2g,서프라이즈~~~!,2026-02-12T10:00:00Z,56.0,True,52693,2657.0,60.0
5885,UCyj5XVwazOh592neidDN9Eg,준성호네,6uc39fujNmQ,직장에 찾아오지 마세요,2026-02-14T10:00:00Z,22.0,True,40095,1449.0,32.0
5885,UCyj5XVwazOh592neidDN9Eg,준성호네,MaPeZ7v-QOc,빠루 다시 태어나는 날!,2026-02-24T10:32:39Z,28.0,True,55116,2471.0,68.0
5885,UCyj5XVwazOh592neidDN9Eg,준성호네,tDaQixD6VVY,[SUB][코망빠로그] 우리집 아기고양이가 또 수술을 한 이유 🐱🐱🐱,2026-02-25T10:00:00Z,1211.0,False,42264,3534.0,210.0
5885,UCyj5XVwazOh592neidDN9Eg,준성호네,UEvii2JJDkQ,고양이 병원 데려가기 힘들다...,2026-02-26T10:00:00Z,91.0,False,25985,1935.0,37.0
5885,UCyj5XVwazOh592neidDN9Eg,준성호네,hv5Y9iuz4i4,고양이 기분 = 집사 기분,2026-02-27T22:00:00Z,51.0,True,28603,1281.0,29.0
5885,UCyj5XVwazOh592neidDN9Eg,준성호네,FAlQwrHXWzc,떡볶퀸의 떡볶이 영접!,2026-03-03T10:00:00Z,34.0,True,44040,2668.0,57.0
5885,UCyj5XVwazOh592neidDN9Eg,준성호네,GCrZLqznXm0,[SUB][Vlog] 떡볶이 탑티어 찾았습니다 🐱🐤🍲,2026-03-04T11:00:00Z,1251.0,False,53051,3479.0,211.0
5885,UCyj5XVwazOh592neidDN9Eg,준성호네,NxiXFI0c8Yk,셰프들이 이래서 떠는구나...,2026-03-05T10:00:00Z,37.0,True,40446,1412.0,31.0
5885,UCyj5XVwazOh592neidDN9Eg,준성호네,zseGr3xxIJ0,뒷광고 논란 피하는 유튜버들의 자세,2026-03-07T10:00:00Z,32.0,True,32831,1086.0,25.0
5885,UCyj5XVwazOh592neidDN9Eg,준성호네,y9FIYnXVFR0,왕사남 보고 다녀온 즉흥 여행!,2026-03-10T12:00:23Z,43.0,True,70375,2546.0,85.0
5885,UCyj5XVwazOh592neidDN9Eg,준성호네,WTvIcDuCw3o,[SUB][Vlog] 진짜 PTSD 🐱🐤👑 | 왕과 사는 남자 영월 여행,2026-03-11T10:00:00Z,2030.0,False,65437,4192.0,260.0
5885,UCyj5XVwazOh592neidDN9Eg,준성호네,HkjQlkxkh0o,왕과 사는 남자 보신 분들 공감하시죠...?,2026-03-12T10:00:00Z,66.0,False,24967,1380.0,36.0
5885,UCyj5XVwazOh592neidDN9Eg,준성호네,08j1_xi4Xcg,이 자세로 먹어야 더 맛있어,2026-03-14T10:00:00Z,23.0,True,36772,1565.0,39.0
5885,UCyj5XVwazOh592neidDN9Eg,준성호네,s4qVhmk1Nbs,성호의 생일을 축하하며! | 영상 오류는 이따 수정할게요🙃,2026-03-17T10:00:00Z,43.0,True,22269,1457.0,54.0
5885,UCyj5XVwazOh592neidDN9Eg,준성호네,YzZ7u2fX6FU,성호의 생일을 축하하며!,2026-03-17T14:02:49Z,43.0,True,17458,1434.0,71.0
5885,UCyj5XVwazOh592neidDN9Eg,준성호네,pL6Yaxx0PPY,[SUB][Vlog] 저희 입욕중이랍니다 🐱🐤🎂 | 성호 생일파티,2026-03-18T10:00:00Z,2156.0,False,118435,6762.0,372.0
5885,UCyj5XVwazOh592neidDN9Eg,준성호네,ctxG1DPfY98,이게 선물이야...?,2026-03-19T10:00:00Z,54.0,True,25494,1536.0,43.0
5885,UCyj5XVwazOh592neidDN9Eg,준성호네,1hRW66_z6AQ,시그니엘은 시그니엘이다...,2026-03-21T10:00:00Z,48.0,True,20060,1222.0,28.0
5885,UCyj5XVwazOh592neidDN9Eg,준성호네,ErjrMh4oP4I,등산까지 와서 이런다고?,2026-03-24T10:00:00Z,43.0,True,46955,2707.0,70.0
5885,UCyj5XVwazOh592neidDN9Eg,준성호네,4HeK1Ws7GKY,[SUB][Vlog] 준성선 🐱🐤🐩 | 애증의 준성성호선우,2026-03-25T10:00:00Z,1194.0,False,81002,4688.0,263.0
5885,UCyj5XVwazOh592neidDN9Eg,준성호네,ImyvblJ9j5s,등산 중에 대판했습니다,2026-03-26T10:00:00Z,63.0,False,34692,1548.0,42.0
5885,UCyj5XVwazOh592neidDN9Eg,준성호네,YB4rDaehjvw,이렇게 돌탑 쌓는 사람 있나요?,2026-03-28T10:00:00Z,38.0,True,14253,936.0,32.0
5885,UCyj5XVwazOh592neidDN9Eg,준성호네,xkbtxNg7Ydo,영상 조각들 모아왔습니다!,2026-04-07T10:00:00Z,40.0,True,38480,2105.0,74.0
5885,UCyj5XVwazOh592neidDN9Eg,준성호네,TSYjVX3zmq8,[SUB][Vlog] 성호 식구들이 저희집에 놀러왔습니다 | 자투리 모음 🐱🐤🧩,2026-04-08T10:00:00Z,1487.0,False,75623,4306.0,228.0
5885,UCyj5XVwazOh592neidDN9Eg,준성호네,gmgKASxdoxM,이 고양이가 노리는 것...,2026-04-09T10:00:00Z,55.0,True,15150,1052.0,41.0
5885,UCyj5XVwazOh592neidDN9Eg,준성호네,22Rc94eHYZo,이게 다야..?,2026-04-11T10:00:00Z,36.0,True,18580,1301.0,36.0
5885,UCyj5XVwazOh592neidDN9Eg,준성호네,BAmWkS_tNR0,너 교양 있어~~?,2026-04-14T10:00:00Z,36.0,True,13913,981.0,44.0
5885,UCyj5XVwazOh592neidDN9Eg,준성호네,Wi44FdMi5LE,[SUB][Vlog] 이런 데는 남의 연애 촬영할 때 걸었었지 🐱🐤🖼️,2026-04-15T10:00:00Z,1338.0,False,49951,3368.0,220.0
5885,UCyj5XVwazOh592neidDN9Eg,준성호네,oRVvOL29Nfw,이쁘지만 볼 수 없는 것,2026-04-16T10:00:00Z,44.0,True,17389,1142.0,32.0
5885,UCyj5XVwazOh592neidDN9Eg,준성호네,xIF1170_Fhk,SNS 중독이 이렇게 위험합니다,2026-04-18T10:00:00Z,51.0,True,27352,901.0,25.0
5885,UCyj5XVwazOh592neidDN9Eg,준성호네,I9eOadIL0Bc,성호 데려다주기!,2026-04-22T11:14:19Z,39.0,True,25232,1875.0,68.0
5885,UCyj5XVwazOh592neidDN9Eg,준성호네,GH5f-Yhxby0,[SUB][Vlog]일주일 간 함께한 출근길 모음!,2026-04-23T10:00:00Z,1065.0,False,51493,3783.0,209.0
5885,UCyj5XVwazOh592neidDN9Eg,준성호네,eicFyxf5zWU,만우절에 파업 가능?,2026-04-23T22:00:00Z,55.0,True,9838,760.0,30.0
5885,UCyj5XVwazOh592neidDN9Eg,준성호네,d3YUWBK2CZ4,파마 피면 좀...,2026-04-24T22:00:00Z,68.0,False,17326,1120.0,24.0
5885,UCyj5XVwazOh592neidDN9Eg,준성호네,Bb8B7cG58Rs,[SUB][Full Ver.] 둘이 함께 한 첫 해외여행 | 일본 도쿄 🐱🐤❄️,2026-04-29T10:00:00Z,2354.0,False,32787,2427.0,110.0
5885,UCyj5XVwazOh592neidDN9Eg,준성호네,GRG9jecsUCA,인생 첫 대만!,2026-05-05T10:46:21Z,37.0,True,25441,1302.0,58.0
5885,UCyj5XVwazOh592neidDN9Eg,준성호네,AJpxD-twfCM,"[SUB][Vlog] 난간에 앉아서 촬영하다가 죽은사람 있다고 하던데,,, | 대만 여행 🐱🐤✈️",2026-05-07T10:00:00Z,2897.0,False,40287,3106.0,225.0
5885,UCyj5XVwazOh592neidDN9Eg,준성호네,vQ0qXy7Ugl8,이게 진짜 힐링이지,2026-05-08T10:00:00Z,66.0,False,12141,1445.0,37.0
5885,UCyj5XVwazOh592neidDN9Eg,준성호네,YzmN-WbU2Ks,인생샷 건지기 힘드네...,2026-05-10T10:00:00Z,73.0,False,14449,1400.0,33.0
5885,UCyj5XVwazOh592neidDN9Eg,준성호네,5TBru4AV-L0,✈️,2026-05-10T23:15:01Z,18.0,True,14136,1528.0,64.0
5885,UCyj5XVwazOh592neidDN9Eg,준성호네,o9Tsj6YVuo8,대만여행 마지막~,2026-05-12T10:21:07Z,38.0,True,16450,1446.0,48.0
5885,UCyj5XVwazOh592neidDN9Eg,준성호네,Q_yp_nUXwME,[SUB][Vlog] 연상 만나지 마세요 개늙었네 | 대만 여행 🐱🐤✈️,2026-05-13T10:00:20Z,2989.0,False,33638,2528.0,190.0
5885,UCyj5XVwazOh592neidDN9Eg,준성호네,DBkubUHDhFQ,"연상 만나지 마세요, 연하 만나지 마세요",2026-05-14T10:00:19Z,18.0,True,28996,1290.0,43.0
5885,UCyj5XVwazOh592neidDN9Eg,준성호네,fuXSNztMXNw,이렇게 개방적이어도 되나요..?,2026-05-16T10:00:01Z,73.0,False,2905,454.0,20.0
5886,UC9kUsuu1Giqa9V855EWa7-A,채널주인 여깄음,IS48WN4VgHA,콘돔사건 범인 찾았습니다...,2023-07-19T09:45:45Z,352.0,False,326913,3196.0,89.0
5886,UC9kUsuu1Giqa9V855EWa7-A,채널주인 여깄음,oCexy2FlTG0,드디어 여직원의 정체를 밝혀냈습니다..,2023-07-22T12:11:40Z,550.0,False,198396,2664.0,189.0
5886,UC9kUsuu1Giqa9V855EWa7-A,채널주인 여깄음,iGrgXFEoKO0,결혼을 앞둔 예비부부가 용하다고 소문난 무당에게 들은 말..,2023-07-28T11:53:07Z,881.0,False,569463,4823.0,180.0
5886,UC9kUsuu1Giqa9V855EWa7-A,채널주인 여깄음,8imtMHtNNGM,맨날 나를 놀렸던 사장님에게 복수할 기회가 왔다.,2023-07-29T12:00:21Z,531.0,False,311469,3009.0,136.0
5886,UC9kUsuu1Giqa9V855EWa7-A,채널주인 여깄음,UaMgJNWmMTg,4년 만난 여자친구 먹여 살리기 위해 투잡 뛰는 100만 유튜버..,2023-08-02T09:39:03Z,367.0,False,163408,1951.0,52.0
5886,UC9kUsuu1Giqa9V855EWa7-A,채널주인 여깄음,i2bs-EG1Nws,날 싫어하는 여직원이 혼자 자기 무섭다며 집으로 불렀다..,2023-08-03T10:55:34Z,835.0,False,527535,4533.0,381.0
5886,UC9kUsuu1Giqa9V855EWa7-A,채널주인 여깄음,EQo12RdYkKQ,날 싫어하던 여직원이 오늘따라 달라보이네요..,2023-08-04T14:42:18Z,736.0,False,244252,2710.0,149.0
5886,UC9kUsuu1Giqa9V855EWa7-A,채널주인 여깄음,6c97_dk246U,업무시간에 싸워 말도 안 하는 두 직원.. 어떻게 해야 될까요,2023-08-06T12:10:20Z,644.0,False,443827,3343.0,124.0
5886,UC9kUsuu1Giqa9V855EWa7-A,채널주인 여깄음,NxtS3fNjRgA,내 남친이 이상형이라고?ㅋ,2023-08-19T09:18:35Z,738.0,False,1099045,7493.0,241.0
5886,UC9kUsuu1Giqa9V855EWa7-A,채널주인 여깄음,NV2LovUNHRo,저희 사장님은 은밀한 취향이 있습니다..,2023-08-25T09:30:10Z,424.0,False,250725,2816.0,102.0
5886,UC9kUsuu1Giqa9V855EWa7-A,채널주인 여깄음,P3MYHHO3UEs,이걸 기획이라고 가져온 여직원,2023-09-01T10:43:15Z,404.0,False,210380,2247.0,127.0
5886,UC9kUsuu1Giqa9V855EWa7-A,채널주인 여깄음,KrX13NTdzTk,여자 꼬시고 싶어서 문신할 거라는 169cm 찐따남,2023-09-08T11:17:21Z,401.0,False,272978,2502.0,217.0
5886,UC9kUsuu1Giqa9V855EWa7-A,채널주인 여깄음,JkGF0xYLdKg,다시 뭉쳤다,2023-09-22T09:58:56Z,480.0,False,457516,4881.0,175.0
5886,UC9kUsuu1Giqa9V855EWa7-A,채널주인 여깄음,O6DDufz9-64,친구 몰래 아이스크림 조금만 따듯하게 만들어주기,2023-09-30T11:17:30Z,377.0,False,177307,2161.0,48.0
5886,UC9kUsuu1Giqa9V855EWa7-A,채널주인 여깄음,dlTUOBoA5Kg,질투가 안난다고?,2023-10-02T12:10:50Z,248.0,False,438234,3941.0,92.0
5886,UC9kUsuu1Giqa9V855EWa7-A,채널주인 여깄음,udH774r2qhk,맨날 몰카하는 사장님 참교육ㅋ,2023-10-06T10:48:03Z,434.0,False,339899,3368.0,135.0
5886,UC9kUsuu1Giqa9V855EWa7-A,채널주인 여깄음,BYtawmacP5U,현서야 잠깐 실례 좀 할게,2023-10-11T11:07:18Z,371.0,False,208410,2600.0,143.0
5886,UC9kUsuu1Giqa9V855EWa7-A,채널주인 여깄음,x1qRnzlYNVQ,"'남녀 사이 친구' 있다 없다, 적나라하게 얘기해 봤습니다",2023-10-26T09:25:21Z,553.0,False,487362,4364.0,289.0
5886,UC9kUsuu1Giqa9V855EWa7-A,채널주인 여깄음,TMushSUqv50,"재미를 위한 주작 유튜버, 과연 시청자 기만인가?",2023-11-03T09:34:16Z,771.0,False,183100,2229.0,388.0
5886,UC9kUsuu1Giqa9V855EWa7-A,채널주인 여깄음,6SXYeILK3Fs,우리 회사의 흔한 일상..,2023-11-10T12:47:55Z,463.0,False,425523,3577.0,118.0
5886,UC9kUsuu1Giqa9V855EWa7-A,채널주인 여깄음,IbFO945izCw,"커플 싸움 주제 1순위, 드디어 나왔다..",2023-11-17T11:05:56Z,482.0,False,461013,3856.0,331.0
5886,UC9kUsuu1Giqa9V855EWa7-A,채널주인 여깄음,h-l-fD0gP7Y,연락은 애정의 척도..? 실제 커플들의 치열한 토론!,2023-11-25T10:16:17Z,538.0,False,399386,3450.0,257.0
5886,UC9kUsuu1Giqa9V855EWa7-A,채널주인 여깄음,TAAVWkafBqc,이젠 너무 변해버린 내 애인..,2023-12-15T12:43:21Z,825.0,False,557562,4542.0,281.0
5886,UC9kUsuu1Giqa9V855EWa7-A,채널주인 여깄음,9Rj_aQbOddw,당신은 외계빔을 맞았습니다. 10초 안에 이 영상을 누르지 않으면 지구에서 사라집니다.,2023-12-22T09:26:33Z,613.0,False,329552,3590.0,272.0
5886,UC9kUsuu1Giqa9V855EWa7-A,채널주인 여깄음,itUtVTyAcu0,화장품 공구하는 인플루언서 잡아서 조지기,2026-01-31T11:53:46Z,1234.0,False,98587,862.0,131.0
5886,UC9kUsuu1Giqa9V855EWa7-A,채널주인 여깄음,79QTCfvUkus,"7년차 유튜버가 공구하는 립타투, 실체를 까봤습니다",2026-02-11T14:09:26Z,1421.0,False,111438,905.0,155.0
5886,UC9kUsuu1Giqa9V855EWa7-A,채널주인 여깄음,6Qz6_2OY44E,"요즘 제일 잘 나간다던 보조배터리, 다 까봤습니다",2026-02-24T12:27:31Z,929.0,False,96676,916.0,129.0
5886,UC9kUsuu1Giqa9V855EWa7-A,채널주인 여깄음,k0b2lCs3MhI,"입으면 없는 골반이 생긴다고? 화제의 골반 팬츠, 진짜인지 까봤습니다",2026-02-28T10:25:26Z,880.0,False,90375,777.0,81.0
5886,UC9kUsuu1Giqa9V855EWa7-A,채널주인 여깄음,X0ZaxdHG3oI,"없던 가슴도 생기게 해준다고? 품절 대란 볼륨 브라, 진짜인지 확인해 봤습니다",2026-03-14T09:00:31Z,546.0,False,82179,706.0,47.0
5886,UC9kUsuu1Giqa9V855EWa7-A,채널주인 여깄음,FT2J-hpS_Vg,"저렴한데 퀄리티까지 좋다는 향수, 직접 써보고 검증해 봤습니다",2026-03-20T12:17:11Z,855.0,False,69361,551.0,45.0
5886,UC9kUsuu1Giqa9V855EWa7-A,채널주인 여깄음,LY61FCQof_I,"여자라면 다 쓴다는 뷰티 브랜드, 허위 과장 없는지 검증해봤습니다",2026-03-21T12:10:34Z,973.0,False,74859,548.0,108.0
5886,UC9kUsuu1Giqa9V855EWa7-A,채널주인 여깄음,9Mb3PKSAMc4,수강료만 4백만 원이라고? 사장놈의 강의팔이 파헤치기,2026-03-24T13:53:26Z,1659.0,False,78801,692.0,87.0
5886,UC9kUsuu1Giqa9V855EWa7-A,채널주인 여깄음,dw1nutRx2XI,"싸면 성능 안 좋은 거 아니야? 싸다고 자부하는 스타일러, 제품에 문제 없는지 검증해 봤습니다",2026-03-26T12:47:16Z,883.0,False,59137,463.0,76.0
5886,UC9kUsuu1Giqa9V855EWa7-A,채널주인 여깄음,j-PKWgVl24g,"이걸 돈 주고 사먹는다고? 맛있다고 우기는 마녀스프, 진짜인지 먹어봤습니다",2026-03-30T09:00:43Z,674.0,False,75737,605.0,140.0
5886,UC9kUsuu1Giqa9V855EWa7-A,채널주인 여깄음,SgvIv6PmRds,"140만 운동 유튜버도 쓴다는 자세 교정 깔창, 진짜 효과 있는지 실체를 까봤습니다",2026-04-01T11:01:27Z,791.0,False,40329,327.0,35.0
5886,UC9kUsuu1Giqa9V855EWa7-A,채널주인 여깄음,zWw2I9cta4U,"이거 진짜 써도 되나요? 100만 패션 유튜버가 만든 뷰티 브랜드 비젠트, 실체를 까보겠습니다",2026-04-02T12:28:56Z,947.0,False,41679,375.0,48.0
5886,UC9kUsuu1Giqa9V855EWa7-A,채널주인 여깄음,Gbqt8WSwDfY,사기꾼 검거,2026-04-03T14:01:55Z,32.0,True,19306,66.0,0.0
5886,UC9kUsuu1Giqa9V855EWa7-A,채널주인 여깄음,1NkRVKtl_sE,파산 직전,2026-04-04T09:00:02Z,46.0,True,8200,22.0,0.0
5886,UC9kUsuu1Giqa9V855EWa7-A,채널주인 여깄음,6Ph3yfX5ILU,좁혀오는 포위망,2026-04-05T09:00:07Z,36.0,True,23732,76.0,5.0
5886,UC9kUsuu1Giqa9V855EWa7-A,채널주인 여깄음,Vs5cj2eR3uw,안녕하세요 여러분들의 검사 권기동입니다.,2026-04-07T10:01:17Z,294.0,False,41114,458.0,58.0
5886,UC9kUsuu1Giqa9V855EWa7-A,채널주인 여깄음,iX4Dw9M2UQs,나락 감지,2026-04-07T12:22:27Z,48.0,True,15446,64.0,1.0
5886,UC9kUsuu1Giqa9V855EWa7-A,채널주인 여깄음,yjtIDRZH51I,핏블리 vs 깡스,2026-04-07T13:05:58Z,25.0,True,27927,78.0,2.0
5886,UC9kUsuu1Giqa9V855EWa7-A,채널주인 여깄음,dl_FaBJR_jU,찾았다 도둑놈,2026-04-11T10:52:52Z,41.0,True,18866,144.0,2.0
5886,UC9kUsuu1Giqa9V855EWa7-A,채널주인 여깄음,T7IMq0NMLnI,여자 바지를 입어 보았다,2026-04-12T09:00:30Z,20.0,True,14306,59.0,1.0
5886,UC9kUsuu1Giqa9V855EWa7-A,채널주인 여깄음,1acHtq-cIrs,무지성 인신공격,2026-04-13T11:33:19Z,42.0,True,21732,183.0,3.0
5886,UC9kUsuu1Giqa9V855EWa7-A,채널주인 여깄음,dajQeVjCQ20,급발진,2026-04-14T11:43:08Z,56.0,True,11228,62.0,1.0
5886,UC9kUsuu1Giqa9V855EWa7-A,채널주인 여깄음,BOTIRk1_jWA,직접 안 신는 신발을 왜 만들어요? 100만 유튜버가 만든 신발 실체를 까봤더니,2026-04-23T12:49:26Z,783.0,False,27319,247.0,25.0
5886,UC9kUsuu1Giqa9V855EWa7-A,채널주인 여깄음,JTcIBFzS3Yc,"얼굴에 미친 광 만들어준다는 생크림 팩, 진짜인지 까봤습니다",2026-04-30T12:33:56Z,714.0,False,43432,467.0,58.0
5886,UC9kUsuu1Giqa9V855EWa7-A,채널주인 여깄음,C2c244vtUMo,"3,270,000대가 팔렸다는 SNS 속 품절 대란 마사지기를 직접 써봤더니",2026-05-02T09:00:15Z,673.0,False,33676,332.0,31.0
5886,UC9kUsuu1Giqa9V855EWa7-A,채널주인 여깄음,0X4bzmcPyBI,"맛으로 승부 본다는 프로 다이어트 유튜버가 공구하는 단백질 쉐이크, 직접 먹어봤습니다",2026-05-15T12:02:26Z,754.0,False,40503,387.0,45.0
5887,UCZXdbOCTEzMDn0bJdpcgKtA,황태순TV,m9e_SS1FNfs,[황태순TV - 라이브]  이재명 '푸틴'식 '종신 집권' 꿈꾸고 있다...!!!,2025-05-18T02:20:57Z,903.0,False,10272,1775.0,158.0
5887,UCZXdbOCTEzMDn0bJdpcgKtA,황태순TV,W9vNBDtLt48,"[황태순-TV] TV 토론회, 이재명 정말  '이름 값' 한다.",2025-05-18T21:21:25Z,980.0,False,24289,3557.0,597.0
5887,UCZXdbOCTEzMDn0bJdpcgKtA,황태순TV,ZbPIrC2kZb0,"[황태순TV - 속보]  지귀연 판사 ""룸접대(?) 삼겹살에 소맥 사주는 사람도 없다""",2025-05-19T02:23:44Z,846.0,False,11576,2076.0,97.0
5887,UCZXdbOCTEzMDn0bJdpcgKtA,황태순TV,EY1R0p2WV08,"[황태순TV - 라이브]  박지원 ""홍준표 총리(?) 국민이 용납 안 해""",2025-05-19T05:13:38Z,772.0,False,8086,1374.0,114.0
5887,UCZXdbOCTEzMDn0bJdpcgKtA,황태순TV,bm3soo7_vp8,"[황태순TV - 라이브]  한동훈, 내일부터 '해피워크' ... 홍준표, '파란색'으로 교체 ...!!!",2025-05-19T08:23:59Z,1256.0,False,24132,4357.0,627.0
5887,UCZXdbOCTEzMDn0bJdpcgKtA,황태순TV,sTAT2NzpQMg,[황태순TV - 라이브]  공약 보지 말고... 후보자 '전과 기록' 보면 된다 ...!!!,2025-05-20T02:22:03Z,1112.0,False,5035,1111.0,48.0
5887,UCZXdbOCTEzMDn0bJdpcgKtA,황태순TV,MpKHJgNaf5k,[황태순TV - 라이브]  김용태 '토스' - 한동훈 '스파이크' ... 후보 배우자 TV토론회 ...!!!,2025-05-20T05:17:40Z,878.0,False,15675,3131.0,342.0
5887,UCZXdbOCTEzMDn0bJdpcgKtA,황태순TV,mA5pqgoNorQ,[황태순TV - 라이브]  이게 민주당이 말하는 '스나이퍼'의 정체???,2025-05-20T08:19:45Z,912.0,False,6380,1243.0,66.0
5887,UCZXdbOCTEzMDn0bJdpcgKtA,황태순TV,CmaxVTJKgpE,"[황태순-TV] 한동훈 ""나는 기꺼이 호구가 되겠다""",2025-05-20T12:59:11Z,1000.0,False,31932,6458.0,680.0
5887,UCZXdbOCTEzMDn0bJdpcgKtA,황태순TV,ICHM6q3XZ3g,[황태순TV - 라이브]  '한동훈 옷' 갖고 '시비' 말라 ... 민주당 '쫄았다' ...!!!,2025-05-21T02:28:54Z,1255.0,False,31232,6295.0,911.0
5887,UCZXdbOCTEzMDn0bJdpcgKtA,황태순TV,GXqM6egJbYA,[황태순-TV] 한동훈이 옳았다...尹의  허튼 짓...!,2025-05-21T21:11:14Z,815.0,False,32612,7409.0,894.0
5887,UCZXdbOCTEzMDn0bJdpcgKtA,황태순TV,nlNeqxhyHik,"[황태순-TV] 한동훈 ""윤석열 민주당으로 가시라""",2025-05-22T08:03:48Z,881.0,False,23076,5432.0,723.0
5887,UCZXdbOCTEzMDn0bJdpcgKtA,황태순TV,rKd3gvkdTOU,"[황태순-TV]  이준석 단일화, 사실  효과도 미지수",2025-05-22T22:31:37Z,820.0,False,6805,1674.0,142.0
5887,UCZXdbOCTEzMDn0bJdpcgKtA,황태순TV,16_qJgdzIZ8,[황태순-TV] 충청 민심 뒤집혔다. 김문수 선두..!,2025-05-23T08:21:39Z,1091.0,False,10461,2099.0,189.0
5887,UCZXdbOCTEzMDn0bJdpcgKtA,황태순TV,b82nxUzKj5E,"[황태순-TV]  김문수 ""이재명 가짜총각, 검사사칭"" 뼈 때렸다 !",2025-05-23T21:23:14Z,1055.0,False,11706,2462.0,235.0
5887,UCZXdbOCTEzMDn0bJdpcgKtA,황태순TV,-X9aaXjNjJE,[황태순-TV]  한동훈 '한방'에 이재명 '깨갱',2025-05-24T08:17:21Z,830.0,False,21367,5104.0,437.0
5887,UCZXdbOCTEzMDn0bJdpcgKtA,황태순TV,R36aFFWkvyI,[황태순-TV]  조경태(親韓좌장) 선대위원장 합류...!,2025-05-24T21:19:09Z,955.0,False,26072,5488.0,557.0
5887,UCZXdbOCTEzMDn0bJdpcgKtA,황태순TV,hiYRnmVAcdI,[황태순-TV] 한동훈 '김문수 티셔츠' 입었다...!,2025-05-25T21:20:08Z,886.0,False,13760,3296.0,307.0
5887,UCZXdbOCTEzMDn0bJdpcgKtA,황태순TV,VDBDWVwjSSg,[황태순TV - 라이브]  이준석 찍으면. 이재명 된다 ... '김문수-한동훈' 포옹이 '승부수' ...!!!,2025-05-26T02:20:58Z,994.0,False,13590,2584.0,372.0
5887,UCZXdbOCTEzMDn0bJdpcgKtA,황태순TV,AnDES3jgdxk,[황태순TV - 라이브]  어눌하고 고지식한 '김문수' ... 변함없는 '진국'...!!!,2025-05-26T05:28:16Z,906.0,False,6308,1291.0,117.0
5887,UCZXdbOCTEzMDn0bJdpcgKtA,황태순TV,bkk2PZqQGR0,"[황태순TV - 라이브]  한동훈, 광주에서 '사전투표' 한다 ...!!!",2025-05-26T08:25:19Z,1214.0,False,14653,3256.0,215.0
5887,UCZXdbOCTEzMDn0bJdpcgKtA,황태순TV,XAS4COGiWg0,[황태순-TV]  김문수-한동훈 '원팀' 손 잡았다!,2025-05-26T13:29:46Z,1350.0,False,9615,2181.0,175.0
5887,UCZXdbOCTEzMDn0bJdpcgKtA,황태순TV,TG9qWLvub8M,"[황태순TV - 라이브]  ""이재명은 '병적' 거짓말쟁이"" ... 안철수 ""의대에서 배웠다""",2025-05-27T02:21:01Z,989.0,False,5806,1203.0,71.0
5887,UCZXdbOCTEzMDn0bJdpcgKtA,황태순TV,6iqJWQ-I9Rs,[황태순-TV] D-7  판세 분석 및 예측,2025-05-27T07:25:32Z,1330.0,False,18574,2512.0,290.0
5887,UCZXdbOCTEzMDn0bJdpcgKtA,황태순TV,YdQMeDQFKsQ,[황태순TV - 라이브]  '한동훈 효과' 확인 ... 0.9%p 差 따라붙었다 ...!!!,2025-05-28T02:25:41Z,1187.0,False,23639,4248.0,618.0
5887,UCZXdbOCTEzMDn0bJdpcgKtA,황태순TV,ykhnMY-jIDY,[황태순TV - 라이브]  이준석 망했다...'젓가락' 발언...당원 '탈당' 속출 ...!!!,2025-05-28T05:22:32Z,889.0,False,11037,1935.0,134.0
5887,UCZXdbOCTEzMDn0bJdpcgKtA,황태순TV,TMwbXLDdLyY,[황태순TV - 라이브]  이준석 '젓가락 꽂기' 이재명에게 직접 물었다면...!!!,2025-05-28T08:19:08Z,879.0,False,8934,1699.0,69.0
5887,UCZXdbOCTEzMDn0bJdpcgKtA,황태순TV,WVtisd41No8,"[황태순TV - 라이브]  이재명, 이준석 '젓가락' 낚시 바늘에 단단히 걸렸다 ...!!!",2025-05-29T02:17:43Z,884.0,False,8789,1613.0,111.0
5887,UCZXdbOCTEzMDn0bJdpcgKtA,황태순TV,Tiqg1zSkS2U,"[황태순TV - 라이브]  한동훈, 광주 충장로 유세 ...광주서 사전투표 후 ...!!!",2025-05-29T05:17:14Z,853.0,False,16695,3703.0,291.0
5887,UCZXdbOCTEzMDn0bJdpcgKtA,황태순TV,aTNLqs_QBUQ,[황태순TV - 라이브]  자식이 웬수 ... 정몽준-고승덕 '자식 리스크'로 낙선 ... !!!,2025-05-29T08:20:22Z,995.0,False,9648,1621.0,88.0
5887,UCZXdbOCTEzMDn0bJdpcgKtA,황태순TV,6lzuYwh8tfE,[황태순TV - 라이브]  설난영 '공순이 출신' 주제에 ... 김어준-유시민 '본색',2025-05-29T22:49:17Z,951.0,False,14616,2382.0,297.0
5887,UCZXdbOCTEzMDn0bJdpcgKtA,황태순TV,f2ghUWJWwjU,[황태순TV - 라이브]  한동훈 '광주 충장로 연설' 전문(全文) ...!!!,2025-05-30T02:20:33Z,1037.0,False,11818,2977.0,279.0
5887,UCZXdbOCTEzMDn0bJdpcgKtA,황태순TV,RmKeT67ofMY,[황태순TV - 라이브]  너무나 '위험한' 이재명의 '정신세계' ...!!!,2025-05-30T05:22:28Z,989.0,False,7316,1543.0,86.0
5887,UCZXdbOCTEzMDn0bJdpcgKtA,황태순TV,CsegvV44IfM,[황태순TV - 라이브]  만약 한동훈이 없었더라면 ... 이 한 장의 사진 ...!!!,2025-05-30T08:27:49Z,1185.0,False,24761,5434.0,667.0
5887,UCZXdbOCTEzMDn0bJdpcgKtA,황태순TV,z1W59w6mA14,"[황태순TV - 라이브]  한동훈 대표에게 ... ""염치없지만 한번만 더"" 부탁 ...!!!",2025-05-31T02:20:57Z,1033.0,False,22490,4401.0,855.0
5887,UCZXdbOCTEzMDn0bJdpcgKtA,황태순TV,JjHjhRbk82U,[황태순TV - 라이브]  이준석 '제명' 위기 ... 하늘이 무너저도 솟아날 구멍은 있다 ...!!!,2025-05-31T05:17:45Z,906.0,False,14345,2075.0,160.0
5887,UCZXdbOCTEzMDn0bJdpcgKtA,황태순TV,g64ndreHfjk,[황태순-TV]  국민의힘 '통진당 해산' 결코 '남의 일' 아니다 ...!!!,2025-05-31T08:00:49Z,830.0,False,12177,1989.0,280.0
5887,UCZXdbOCTEzMDn0bJdpcgKtA,황태순TV,SpZxV3gGK2A,[황태순TV - 라이브]  팩트체크 : 20대 대선 '깜깜이 기간' 여론조사 왕창 틀렸었다 ...!!!,2025-06-01T02:22:40Z,1078.0,False,14104,1898.0,276.0
5887,UCZXdbOCTEzMDn0bJdpcgKtA,황태순TV,_n0hEZfxfqo,[황태순TV - 라이브]  팩트체크 : 사전투표 - 호남 결집-영남 낙담(?) ... 땡! 본투표가 결정 ...!!!,2025-06-01T08:27:54Z,1333.0,False,14920,1890.0,173.0
5887,UCZXdbOCTEzMDn0bJdpcgKtA,황태순TV,MdSIlJgBdsM,"[황태순-TV]  박근혜 대통령, 6월2일    ""부울경"" 전격 방문...!!!",2025-06-01T13:00:21Z,1031.0,False,8434,1227.0,156.0
5887,UCZXdbOCTEzMDn0bJdpcgKtA,황태순TV,X8XBnjiv7ok,"[황태순TV - 라이브]  김문수 '골든 크로스' 선언 ... MB는 청계천, 박근혜는 PK로 ...!!!",2025-06-02T02:18:56Z,971.0,False,11411,1746.0,221.0
5887,UCZXdbOCTEzMDn0bJdpcgKtA,황태순TV,v3jXMJezNqQ,"[황태순TV - 라이브]  민주당, 6월5일 '이재명 면소법' - '재판 중지법' 처리 ...!!!",2025-06-02T05:21:45Z,941.0,False,7203,958.0,71.0
5887,UCZXdbOCTEzMDn0bJdpcgKtA,황태순TV,ALRLyLBiub4,[황태순TV - 라이브]  김문수가 되어야 한동훈의 길이 열리는...간단한 이치 ...!!!,2025-06-02T06:19:09Z,1157.0,False,13135,2143.0,727.0
5887,UCZXdbOCTEzMDn0bJdpcgKtA,황태순TV,9mSq1DnxN-E,"[황태순TV - 라이브]  황태순의 마지막 '호소' ... ""김문수, 결코 최선은 아니지만 ...""",2025-06-02T08:24:58Z,1551.0,False,10376,1808.0,409.0
5887,UCZXdbOCTEzMDn0bJdpcgKtA,황태순TV,srZIz1rJw1s,"[황태순TV - 라이브]  11시 현재, 대구-경북 '투표율' 20% 돌파 ...!!!",2025-06-03T02:20:53Z,936.0,False,17926,2279.0,249.0
5887,UCZXdbOCTEzMDn0bJdpcgKtA,황태순TV,asFJr5v0hRc,"[황태순TV - 라이브]  투표율, 상당히 높다 ... 8시까지 투표 가능 ...!!!",2025-06-03T08:36:03Z,754.0,False,13390,1690.0,182.0
5887,UCZXdbOCTEzMDn0bJdpcgKtA,황태순TV,3pJm8bqP50w,"[황태순TV - 라이브]  홍준표, 또 '스멀스멀' ... 얼씬도 하지 마라 ...!!!",2025-06-04T01:20:21Z,1075.0,False,20970,2996.0,472.0
5887,UCZXdbOCTEzMDn0bJdpcgKtA,황태순TV,7ruO4JM9qW4,"[황태순TV - 라이브]  한동훈 ""포기하지 마세요"" ... ""국힘 패배, 구태정치 '퇴장 명령'...""",2025-06-04T05:19:37Z,988.0,False,20331,4030.0,611.0
5887,UCZXdbOCTEzMDn0bJdpcgKtA,황태순TV,CZ7cMlEKLtM,"[황태순TV - 라이브]  이준석, 한푼도 보전 못받지만 '흑자'라는데 ...!!!",2025-06-04T08:19:41Z,,False,0,0.0,0.0
5887,UCZXdbOCTEzMDn0bJdpcgKtA,황태순TV,O_1djraTnGQ,"[황태순TV - 라이브]  이준석, 한푼도 보전 못받지만 '흑자'라는데 ...!!!",2025-06-04T08:23:06Z,1162.0,False,27480,2445.0,341.0
5888,UC8lCKs70LKNlMUve1P_XSRQ,자동차의모든것[Car&Man],wUY9zr1QSwY,7만원 아낀 자동차의 최후! 엔진의 상태는?,2026-02-09T09:01:26Z,135.0,False,93391,832.0,73.0
5888,UC8lCKs70LKNlMUve1P_XSRQ,자동차의모든것[Car&Man],PKxl22JfSSQ,"""순정파 정비사 선우형"" 튜닝 부품 교체 후 시승해봤습니다. 결과는? [자동차의모든것Car&Man] Automobile maintenance",2026-02-10T09:00:41Z,845.0,False,35435,880.0,39.0
5888,UC8lCKs70LKNlMUve1P_XSRQ,자동차의모든것[Car&Man],nvOaWMndnnQ,"""야밤에 입고된 쏘렌토 사고차"" 누가 선우형 집에 좀 보내줘요! [자동차의모든것Car&Man] Automobile maintenance",2026-02-13T09:01:15Z,773.0,False,50035,1306.0,56.0
5888,UC8lCKs70LKNlMUve1P_XSRQ,자동차의모든것[Car&Man],ZXI7eQfwcEU,자동차의모든것Car&Man 신차 만들기 몰아보기! 베스트 에피소드 #수면영상,2026-02-17T09:00:47Z,7174.0,False,24708,712.0,46.0
5888,UC8lCKs70LKNlMUve1P_XSRQ,자동차의모든것[Car&Man],hN0srwdwVqc,전기차 무서워서 타겠냐? 부품값만 백만 원! #shorts,2026-02-19T09:01:04Z,180.0,False,36557,335.0,5.0
5888,UC8lCKs70LKNlMUve1P_XSRQ,자동차의모든것[Car&Man],m9Ul-YUllsA,야밤에 이게 무슨일이야! 사고차 엔진을 살려보자,2026-02-23T09:01:09Z,171.0,False,19165,221.0,2.0
5888,UC8lCKs70LKNlMUve1P_XSRQ,자동차의모든것[Car&Man],jN5etjcYvC4,"""제발 부탁드립니다"" BMW의 고질병을 해결하라. 선우형의 명절은 사라졌습니다 [자동차의모든것Car&Man] Automobile maintenance",2026-02-24T09:01:04Z,612.0,False,44847,1233.0,72.0
5888,UC8lCKs70LKNlMUve1P_XSRQ,자동차의모든것[Car&Man],xr1rzfX-bbc,BMW 정말 심각하다! 명절 삭제당한 선우형,2026-02-25T09:01:32Z,158.0,False,38381,267.0,11.0
5888,UC8lCKs70LKNlMUve1P_XSRQ,자동차의모든것[Car&Man],oKsK58U33lM,정말 심각합니다! 이러면 엔진 수리해야 해요!,2026-02-26T09:01:15Z,130.0,False,16595,253.0,1.0
5888,UC8lCKs70LKNlMUve1P_XSRQ,자동차의모든것[Car&Man],-3rThdMZfu8,"""거금들여 작업한 G90 재입고"" 집에 못들어가게 생긴 선우형ㅋㅋㅋ [자동차의모든것Car&Man] Automobile maintenance",2026-02-27T09:00:00Z,528.0,False,69558,1441.0,65.0
5888,UC8lCKs70LKNlMUve1P_XSRQ,자동차의모든것[Car&Man],G5A0776EWQE,"""제네시스G80 이걸 3천에 사라고요?"" 중고차 검수 최초! 선우형도 구매 반대한 차. [자동차의모든것Car&Man] Automobile maintenance",2026-03-03T09:00:14Z,844.0,False,94135,1324.0,107.0
5888,UC8lCKs70LKNlMUve1P_XSRQ,자동차의모든것[Car&Man],dvoOp-r4zdw,이 제네시스를 3천만원 주고 사라고요?,2026-03-04T09:27:36Z,141.0,False,10374,139.0,3.0
5888,UC8lCKs70LKNlMUve1P_XSRQ,자동차의모든것[Car&Man],v2GLkb3z4yw,큰 마음먹고 고친 제네시스에 문제 발생!,2026-03-05T09:01:28Z,178.0,False,38560,223.0,5.0
5888,UC8lCKs70LKNlMUve1P_XSRQ,자동차의모든것[Car&Man],Uz_Mf4FRVy4,"""누구의 잘못인가?"" 문제의 카니발이 긴급 견인 되었습니다! [자동차의모든것Car&Man] Automobile maintenance",2026-03-06T09:00:49Z,563.0,False,55045,1200.0,68.0
5888,UC8lCKs70LKNlMUve1P_XSRQ,자동차의모든것[Car&Man],ymNWMA7GVTc,고쳐도 사라지지 않는 오일 누유의 원인을 밝혀라!,2026-03-09T09:54:25Z,176.0,False,20788,200.0,3.0
5888,UC8lCKs70LKNlMUve1P_XSRQ,자동차의모든것[Car&Man],KQ2tsmRfSC0,"""13년 된 K5, 자식에게 물려줘도 될까요?"" 선우형의 반응은? [자동차의모든것Car&Man] Automobile maintenance",2026-03-10T09:00:28Z,527.0,False,48883,973.0,126.0
5888,UC8lCKs70LKNlMUve1P_XSRQ,자동차의모든것[Car&Man],MhqtIIv9Qsc,이 K5 자식에게 물려줘도 될까요..?,2026-03-12T09:15:03Z,147.0,False,22080,197.0,11.0
5888,UC8lCKs70LKNlMUve1P_XSRQ,자동차의모든것[Car&Man],iT3sUUM2b-A,"""차주의 무서운 선택"" 이걸 다 하신다고요? 직원들이 집을 안 가요! [자동차의모든것Car&Man] Automobile maintenance",2026-03-13T09:01:10Z,757.0,False,58506,1256.0,96.0
5888,UC8lCKs70LKNlMUve1P_XSRQ,자동차의모든것[Car&Man],L1V1UbKQ-Bc,"찌그덕! 삐격! 자동차 하체 소음 ""대체 어디서 나는거야?""",2026-03-16T09:15:04Z,180.0,False,27675,296.0,6.0
5888,UC8lCKs70LKNlMUve1P_XSRQ,자동차의모든것[Car&Man],jBIv1QiGxF4,"""이러면 카센터 망해요"" 제네시스 G80의 변속 충격을 해결하라! [자동차의모든것Car&Man] Automobile maintenance",2026-03-17T09:01:05Z,537.0,False,47435,1123.0,53.0
5888,UC8lCKs70LKNlMUve1P_XSRQ,자동차의모든것[Car&Man],oi4Xr7PHGKE,"""지프 체로키 아깝다!"" 예상 밖의 복병 발생, 큰 돈 깨지겠는데..? [자동차의모든것Car&Man] Automobile maintenance",2026-03-20T09:01:17Z,536.0,False,22833,705.0,34.0
5888,UC8lCKs70LKNlMUve1P_XSRQ,자동차의모든것[Car&Man],8eKD9ECjcFk,"""전국 어디든 선우형이 간다!"" 내 차를 무료로 점검할 수 있는 기회! 지금 바로 신청하세요. [자동차의모든것Car&Man] Automobile maintenance",2026-03-24T09:00:22Z,337.0,False,18657,774.0,126.0
5888,UC8lCKs70LKNlMUve1P_XSRQ,자동차의모든것[Car&Man],1NLnAhwHSAE,타이어 100번 교환해도 소용없습니다 내 차도 확인해 보세요!  #하체부식 #타이어편마모 #하체소음,2026-03-26T05:39:27Z,138.0,False,258522,1523.0,261.0
5888,UC8lCKs70LKNlMUve1P_XSRQ,자동차의모든것[Car&Man],rswlos7FskQ,"""위험천만"" 조금만 늦었어도 큰 일났어요! 고객님의 선택은? [자동차의모든것Car&Man] Automobile maintenance",2026-03-27T09:01:03Z,502.0,False,87238,1567.0,191.0
5888,UC8lCKs70LKNlMUve1P_XSRQ,자동차의모든것[Car&Man],z1tKrPoG-GI,"여름 오기 전, 꼭 확인하세요! 에어컨 고장의 문제는 바로 여기입니다!",2026-03-30T10:09:10Z,175.0,False,26461,358.0,5.0
5888,UC8lCKs70LKNlMUve1P_XSRQ,자동차의모든것[Car&Man],wBLdsirWavo,"""경매차 컨디션 신차 만들기"" 고칠 수 없는 상황이 발생했습니다. 제네시스에 무슨 일이? [자동차의모든것Car&Man] Automobile maintenance",2026-03-31T09:00:54Z,608.0,False,81208,1154.0,65.0
5888,UC8lCKs70LKNlMUve1P_XSRQ,자동차의모든것[Car&Man],N6Q6f94KFb4,중고 제네시스를 구매 후 방치할 수 밖에 없었던 이유는?,2026-04-01T09:00:32Z,142.0,False,34073,297.0,6.0
5888,UC8lCKs70LKNlMUve1P_XSRQ,자동차의모든것[Car&Man],qn3bVfAuChw,"""제네시스 다시 달려보자!"" 이 차가 방치될 수 밖에 없었던 이유 공개! eq900신차 만들기 [자동차의모든것Car&Man] Automobile maintenance",2026-04-03T09:01:11Z,635.0,False,46714,1318.0,115.0
5888,UC8lCKs70LKNlMUve1P_XSRQ,자동차의모든것[Car&Man],gM3LjDjJT0o,"""고객님의 큰 결심!"" 제네시스 G70을 신차 때 느낌으로 살려보자! [자동차의모든것Car&Man] Automobile maintenance",2026-04-07T09:07:01Z,715.0,False,74704,1134.0,143.0
5888,UC8lCKs70LKNlMUve1P_XSRQ,자동차의모든것[Car&Man],YxwPEfPe2CY,"""이거 실화냐?"" 1년 동안 제네시스를 못 고쳐서 못 탔다고?!",2026-04-09T10:05:16Z,177.0,False,34610,341.0,19.0
5888,UC8lCKs70LKNlMUve1P_XSRQ,자동차의모든것[Car&Man],QUvkO3TysOo,"""제네시스 심각한 문제 발생!"" 절대 운행 불가, 엔진을 꺼내보니 모두가 놀라버렸다. [자동차의모든것Car&Man] Automobile maintenance",2026-04-10T09:00:40Z,495.0,False,229768,1922.0,146.0
5888,UC8lCKs70LKNlMUve1P_XSRQ,자동차의모든것[Car&Man],o-SPiZTQajs,"기아가 실수로 만든 차 ""모하비""가 입고되었습니다. 대작업 시작! [자동차의모든것Car&Man] Automobile maintenance",2026-04-14T09:01:11Z,511.0,False,53430,1119.0,75.0
5888,UC8lCKs70LKNlMUve1P_XSRQ,자동차의모든것[Car&Man],rFCrG_k130Q,조선지바겐 모하비 엔진오버홀,2026-04-15T09:15:06Z,178.0,False,28824,292.0,9.0
5888,UC8lCKs70LKNlMUve1P_XSRQ,자동차의모든것[Car&Man],lV1XadbCYEA,"유튜브 컨텐츠에 ""3천만 원""이상 태운 카센터 사장ㅋㅋ 아낌없이 주는 선우형 [자동차의모든것Car&Man] Automobile maintenance",2026-04-17T09:01:09Z,515.0,False,33351,1219.0,95.0
5888,UC8lCKs70LKNlMUve1P_XSRQ,자동차의모든것[Car&Man],md5Ekfl-FYk,"""정년 퇴직후 귀어한 구독자의 차를 점검해보자! 바닷가 차량 부식 상태는? [자동차의모든것Car&Man] Automobile maintenance",2026-04-21T09:01:07Z,700.0,False,28915,979.0,67.0
5888,UC8lCKs70LKNlMUve1P_XSRQ,자동차의모든것[Car&Man],0S1kyuHM7G4,도대체 누가 만들었냐?! 원가 절감인듯하면서도 아닌듯 하면서도 센스가 있는듯 하면서도!#자동차인테리어,2026-04-23T09:41:53Z,66.0,False,16651,229.0,3.0
5888,UC8lCKs70LKNlMUve1P_XSRQ,자동차의모든것[Car&Man],c6Ni2tWOe84,"""부품값만 천 만원들겠는데?!"" 전기차에 도대체 어떤 문제가 생겼길래..? [자동차의모든것Car&Man] Automobile maintenance",2026-04-24T09:00:56Z,639.0,False,174025,2112.0,226.0
5888,UC8lCKs70LKNlMUve1P_XSRQ,자동차의모든것[Car&Man],M4DCh8wlbho,"""누구나 신청 가능합니다"" 2026년 100% 무료 전기차 교육, 충남 자동차 정비사 모여라! [충남테크노파크X선문대학교X자동차의모든것]",2026-04-26T11:56:00Z,181.0,False,36822,157.0,5.0
5888,UC8lCKs70LKNlMUve1P_XSRQ,자동차의모든것[Car&Man],ulzh2t-QXfo,"친환경 자동차 시대!""100%무료"" 지금 바로 신청하세요!",2026-04-27T03:01:49Z,83.0,False,225112,253.0,7.0
5888,UC8lCKs70LKNlMUve1P_XSRQ,자동차의모든것[Car&Man],7rH3uQggZAw,“절대 여기에 주차하지 마세요!“ 내 차에서 냄새가 나는 이유 중 하나일수 있습니다. #자동차의모든것 #에어컨냄새 #에어컨수리,2026-04-28T03:28:16Z,78.0,False,46005,462.0,17.0
5888,UC8lCKs70LKNlMUve1P_XSRQ,자동차의모든것[Car&Man],5nQWNU89NNk,"""경매로 구매한 EQ900"" 방치되었던 제네시스를 살려보자! [자동차의모든것Car&Man] Automobile maintenance",2026-04-28T09:00:07Z,1243.0,False,51862,1083.0,70.0
5888,UC8lCKs70LKNlMUve1P_XSRQ,자동차의모든것[Car&Man],_ZM7gY4Zb_E,카센터 사장은 무슨 차를 샀을까? 새차 언박싱!,2026-04-29T09:15:04Z,173.0,False,9611,163.0,6.0
5888,UC8lCKs70LKNlMUve1P_XSRQ,자동차의모든것[Car&Man],iRTFIX7hs6U,하이브리드 중고차 걱정이네요! 고장나면 중고차 한 대가격?! 재제조부품 시급합니다.#하이브리드자동차 #하이브리드중고차,2026-04-30T11:15:59Z,137.0,False,64649,599.0,40.0
5888,UC8lCKs70LKNlMUve1P_XSRQ,자동차의모든것[Car&Man],57d-NyYbk7k,"""분명 무사고라던데.."" 외관과 엔진 소리가 완벽했던 중고차, 구매 후 애물단지로 전락한 차를 살펴보자! [자동차의모든것Car&Man] Automobile maintenance",2026-05-01T09:00:06Z,910.0,False,129751,1670.0,184.0
5888,UC8lCKs70LKNlMUve1P_XSRQ,자동차의모든것[Car&Man],jrAAum09j9M,"""대부분 운전자들이 모르는 부분!"" 자동차 에어컨 냄새? 외기, 내기 모드? 이 영상으로 종결합니다 [자동차의모든것Car&Man] Automobile maintenance",2026-05-05T09:01:07Z,354.0,False,109954,2286.0,92.0
5888,UC8lCKs70LKNlMUve1P_XSRQ,자동차의모든것[Car&Man],798ZqsZZ9ss,부산 바닷가 중고차는 녹이 많을까? 심각하면 폐차해야 합니다 [자동차의모든것Car&Man] Automobile maintenance,2026-05-08T09:00:11Z,1059.0,False,24272,669.0,47.0
5888,UC8lCKs70LKNlMUve1P_XSRQ,자동차의모든것[Car&Man],iS-zY4xOo6o,170만 원에 구입한 바닷가 차량 부식 상태는? [자동차의모든것Car&Man] Automobile maintenance,2026-05-11T10:01:10Z,140.0,False,23044,177.0,3.0
5888,UC8lCKs70LKNlMUve1P_XSRQ,자동차의모든것[Car&Man],2WnRNLgLf2M,"""전기차랑 다르다니까요!"" 짜증 폭발, 하이브리드 자동차에서 나는 소음과 사투! [자동차의모든것Car&Man] Automobile maintenance",2026-05-12T09:05:52Z,646.0,False,18041,625.0,23.0
5888,UC8lCKs70LKNlMUve1P_XSRQ,자동차의모든것[Car&Man],1nNx-mJ02TI,"전기차 무서워서 타겠냐!, 전기차 모터 심각하네요...",2026-05-14T09:00:01Z,142.0,False,24296,241.0,12.0
5888,UC8lCKs70LKNlMUve1P_XSRQ,자동차의모든것[Car&Man],1niK2swa8YM,"""차를 잘라야 합니다"" 리프트에 올려보니 모두 놀라버렸다 [자동차의모든것Car&Man] Automobile maintenance",2026-05-15T09:05:51Z,702.0,False,24339,804.0,28.0
5889,UC1Do3xw9OuUk7FQuPTmSVOw,지식보관소,YmfAxxWn3zY,국내 연구진이 개발한 화성 유인탐사를 현실로 만들 수 있는 기술,2025-06-19T14:33:09Z,409.0,False,31113,1108.0,102.0
5889,UC1Do3xw9OuUk7FQuPTmSVOw,지식보관소,afp6Ku1RvsI,시간이라는 물리현상이 우리의 직관과는 전혀 다르다는 새로운 연구,2025-06-30T13:57:42Z,481.0,False,156138,3905.0,511.0
5889,UC1Do3xw9OuUk7FQuPTmSVOw,지식보관소,TlVjBZih__k,최근 암흑물질 근원지인 암흑왜성이 존재한다는 단서가 발견되었다,2025-07-08T14:09:27Z,510.0,False,73621,1700.0,163.0
5889,UC1Do3xw9OuUk7FQuPTmSVOw,지식보관소,p5kMfVAxjp0,에어컨 틀 수 있는날이 얼마 안남은 이유 #Shorts,2025-07-15T04:09:46Z,56.0,True,325989,3696.0,460.0
5889,UC1Do3xw9OuUk7FQuPTmSVOw,지식보관소,jRUm5TWsiO4,엄청난 속도로 지구방향으로 날아오는 미지의 물체가 발견되었다,2025-07-17T14:09:36Z,481.0,False,236325,3955.0,571.0
5889,UC1Do3xw9OuUk7FQuPTmSVOw,지식보관소,h5RRtr19H-Q,최근 외계생명체로 인한 원인으로 생각되는 이상현상이 유로파에서 목격되었다,2025-07-22T14:06:12Z,500.0,False,55090,1432.0,159.0
5889,UC1Do3xw9OuUk7FQuPTmSVOw,지식보관소,mGg0VkJXlSw,지구로 접근 중인 외계 미확인 물체가 외계우주선일 수 있는 그럴 듯한 근거들이 제시되었다,2025-07-28T13:20:44Z,526.0,False,132643,2862.0,838.0
5889,UC1Do3xw9OuUk7FQuPTmSVOw,지식보관소,tmfMgts3fwY,우주가 곧 소멸한다는 기존의 우주론을 뒤엎는 파격적인 주장,2025-08-05T14:47:58Z,490.0,False,84118,1964.0,325.0
5889,UC1Do3xw9OuUk7FQuPTmSVOw,지식보관소,HISViIveEsk,금성을 불지옥으로 만들어버린 과거의 미지의 사건을 밝혀냈다,2025-08-14T14:13:35Z,481.0,False,59019,1528.0,196.0
5889,UC1Do3xw9OuUk7FQuPTmSVOw,지식보관소,daRSa6YZKyg,핵융합 상용화를 앞당길 뿐 아니라 인류가 처한 문제들을 해결해낼 혁신 기술,2025-08-23T14:14:34Z,496.0,False,73911,2067.0,323.0
5889,UC1Do3xw9OuUk7FQuPTmSVOw,지식보관소,1RICBdnx4xQ,이 세상을 만든 것으로 생각하는 미지의 현상 인플라톤에 대한 내용,2025-09-01T14:31:40Z,450.0,False,61671,1648.0,279.0
5889,UC1Do3xw9OuUk7FQuPTmSVOw,지식보관소,yegzCJoy9LY,화성에 생명체가 존재하거나 존재했다는 확실한 증거가 발표되었다,2025-09-11T13:08:19Z,481.0,False,71021,1677.0,311.0
5889,UC1Do3xw9OuUk7FQuPTmSVOw,지식보관소,9wVXM7Aj1LY,시속 23만 km로 지구로 접근중인 외계물체 3I/ATLAS가 녹색 빛을 내기 시작했다,2025-09-20T14:17:48Z,492.0,False,123129,2357.0,531.0
5889,UC1Do3xw9OuUk7FQuPTmSVOw,지식보관소,JOUjwIRX0qE,최근 기하급수적인 발전속도를 보이는 양자컴퓨터가 무서운 이유,2025-09-24T08:55:56Z,372.0,False,26717,843.0,170.0
5889,UC1Do3xw9OuUk7FQuPTmSVOw,지식보관소,Bcn4nSgaW5U,우주는 시공간에 정보를 기록하는 메모리 장치일 뿐이다,2025-10-03T14:36:25Z,549.0,False,141103,3176.0,673.0
5889,UC1Do3xw9OuUk7FQuPTmSVOw,지식보관소,GYT5rcE7Fuc,궤도가 변한 외계천체 3I/ATLAS의 목적지가 이상하다,2025-10-13T14:39:08Z,481.0,False,112599,2516.0,576.0
5889,UC1Do3xw9OuUk7FQuPTmSVOw,지식보관소,ZTJs9DWcYeE,가장 강력한 생명체 징후가 불과 55광년 거리에서 발견이 되었다,2025-10-21T15:02:35Z,426.0,False,68249,1470.0,213.0
5889,UC1Do3xw9OuUk7FQuPTmSVOw,지식보관소,_se3ryVltnY,시공간 자체가 움직이는건 더이상 공상과학속 이야기가 아니었다,2025-10-31T14:30:24Z,481.0,False,130004,2749.0,306.0
5889,UC1Do3xw9OuUk7FQuPTmSVOw,지식보관소,GOnEGABX0pc,우리의 의식과 나라는 존재는 정말 실존할까,2025-11-07T09:07:21Z,386.0,False,26229,1056.0,148.0
5889,UC1Do3xw9OuUk7FQuPTmSVOw,지식보관소,LSEnKTht_r0,왜 존재한다고 하던 암흑에너지가 이제는 또 없을 수 있다고 하는 걸까,2025-11-14T14:48:24Z,731.0,False,77359,2152.0,440.0
5889,UC1Do3xw9OuUk7FQuPTmSVOw,지식보관소,WgmcU5aeu28,광속불변의 법칙과 광속보다 빠른 속도는 불가능 한 이유,2025-11-22T15:07:14Z,388.0,False,280111,3838.0,754.0
5889,UC1Do3xw9OuUk7FQuPTmSVOw,지식보관소,B2ytIh8LQwI,노화의 근본원인을 거의 다 밝혀낸 연구 등장. 21세기 불노초 등장하나,2025-11-28T10:25:39Z,344.0,False,37793,1548.0,229.0
5889,UC1Do3xw9OuUk7FQuPTmSVOw,지식보관소,PYLrU-yr-CM,우주가속팽창과 암흑에너지에 대해 계속 나오는 새로운 내용들,2025-12-06T14:51:06Z,481.0,False,37622,1032.0,102.0
5889,UC1Do3xw9OuUk7FQuPTmSVOw,지식보관소,VYKq9hWhGQQ,단순히 암흑물질을 추론한게 아니라 직접 관측에 성공한 첫 사례라는 주장,2025-12-14T13:48:47Z,481.0,False,55037,1382.0,103.0
5889,UC1Do3xw9OuUk7FQuPTmSVOw,지식보관소,fxka6Ushl_g,핵융합 발전 상용화의 가장 큰 걸림돌이 중성자 뿐 아니라 예상외의 문제가 더 있을 수 있다,2025-12-23T15:10:51Z,506.0,False,44128,1279.0,110.0
5889,UC1Do3xw9OuUk7FQuPTmSVOw,지식보관소,jhbN8JAk4uc,지구 생명체가 화성에서 시작했다는 최신 증거들이 나오기 시작했다,2026-01-01T17:54:17Z,483.0,False,132097,2714.0,432.0
5889,UC1Do3xw9OuUk7FQuPTmSVOw,지식보관소,TvLnkyP7YFk,다른 문명이 없을 가능성이 급격히 낮아진 이유 #Shorts,2026-01-04T11:04:28Z,58.0,True,351317,2003.0,283.0
5889,UC1Do3xw9OuUk7FQuPTmSVOw,지식보관소,txbgr3N-pHY,특정한 에너지가 생명체를 만들어 낸다는 걸 발견했다 #Shorts,2026-01-06T11:12:30Z,55.0,True,39565,487.0,48.0
5889,UC1Do3xw9OuUk7FQuPTmSVOw,지식보관소,jNJEaaFxgEU,기억하는 큐비트. 양자컴퓨터 발전에 엄청난 진전을 가져올 수 있는 새로운 발견,2026-01-12T15:05:24Z,503.0,False,35233,1056.0,116.0
5889,UC1Do3xw9OuUk7FQuPTmSVOw,지식보관소,DjhatlKC5yU,팽창속도의 오차가 발생하는 이유가 연산속도가 다르기 때문일 수 있다,2026-01-21T16:26:26Z,491.0,False,38516,1062.0,173.0
5889,UC1Do3xw9OuUk7FQuPTmSVOw,지식보관소,qTGW2EPNq3I,다이슨 스피어와 항성 엔진이 가능하다는 걸 계산해낸 연구 등장,2026-01-30T13:38:42Z,525.0,False,41864,1320.0,229.0
5889,UC1Do3xw9OuUk7FQuPTmSVOw,지식보관소,rx8mtpxHfoo,드디어 미스터리였던 고온 초전도체가 만들어지는 원리를 규명하는데 성공한 연구,2026-02-07T13:59:37Z,537.0,False,46122,1656.0,395.0
5889,UC1Do3xw9OuUk7FQuPTmSVOw,지식보관소,4HY4JLJIBzc,화성에서 발견된 석유의 의미 #shorts,2026-02-09T09:01:50Z,60.0,True,161793,1370.0,190.0
5889,UC1Do3xw9OuUk7FQuPTmSVOw,지식보관소,eXDgcexkftA,거대한 물질을 우주가 연산하지 않는 형태로 바꾸는데 성공한 연구,2026-02-14T13:26:23Z,487.0,False,56516,1696.0,224.0
5889,UC1Do3xw9OuUk7FQuPTmSVOw,지식보관소,dX9lrThetzc,제임스 웹 망원경이 드디어 찾아낸 외계생명체 존재 징후 #shorts,2026-02-20T09:28:44Z,59.0,True,50652,544.0,38.0
5889,UC1Do3xw9OuUk7FQuPTmSVOw,지식보관소,fDiWxOURFHs,새롭게 발견된 아틀라스의 특징이 외계생명체가 존재할 가능성이 높다는 강력한 증거인 이유,2026-02-21T13:46:18Z,446.0,False,37888,1324.0,220.0
5889,UC1Do3xw9OuUk7FQuPTmSVOw,지식보관소,8t0yoOLvhvk,ㅈㄹ 자체가 이 우주가 시뮬레이션 프로그램인 증거일 수 있는 이유 #shorts,2026-02-25T10:57:21Z,59.0,True,115224,1092.0,184.0
5889,UC1Do3xw9OuUk7FQuPTmSVOw,지식보관소,e1MfbIyzE0Y,전파로 외계인을 못찾는 건 전파문명은 곧 핵문명이고 핵문명은 자멸하기 때문이다 #shorts,2026-02-28T11:23:06Z,56.0,True,43232,591.0,52.0
5889,UC1Do3xw9OuUk7FQuPTmSVOw,지식보관소,t62rG9iQnXg,지구와 동일한 질량에 1년이 355일. 모든 조건이 지구 같은 외계행성 발견,2026-03-01T14:09:29Z,498.0,False,45866,1533.0,168.0
5889,UC1Do3xw9OuUk7FQuPTmSVOw,지식보관소,nrYMKlQ7Hsw,AI 딸깍으로 게임개발 어디까지 가능할까 #shorts,2026-03-06T09:35:09Z,46.0,True,21039,239.0,39.0
5889,UC1Do3xw9OuUk7FQuPTmSVOw,지식보관소,wuFP2SfIENY,외계인의 전파신호를 아직도 못 찾았던 핵심 이유를 찾았다,2026-03-11T15:16:12Z,493.0,False,48604,1524.0,198.0
5889,UC1Do3xw9OuUk7FQuPTmSVOw,지식보관소,QLRj7qUHelE,이론상 핵폭탄보다 훨씬 강력한 폭탄 #shorts,2026-03-16T10:46:19Z,59.0,True,90765,1047.0,153.0
5889,UC1Do3xw9OuUk7FQuPTmSVOw,지식보관소,7alw-O0eGCw,고압 환경 없이 상압환경에서 바로 사용 가능한 초전도체가 나왔다,2026-03-18T14:07:38Z,356.0,False,60345,1483.0,192.0
5889,UC1Do3xw9OuUk7FQuPTmSVOw,지식보관소,2k2UAZl6v3Q,시공간이 아날로그가 아니라 마인크래프트처럼 양자화 되어 있다는 증거들이 나오고 있다,2026-03-23T11:31:27Z,340.0,False,88053,2203.0,313.0
5889,UC1Do3xw9OuUk7FQuPTmSVOw,지식보관소,yltFuqPqDyg,빅뱅 직후 우주가 급속팽창했던 강력한 원인을 찾았다,2026-03-31T14:21:41Z,402.0,False,35203,1035.0,169.0
5889,UC1Do3xw9OuUk7FQuPTmSVOw,지식보관소,vimw0vHkd9c,암흑물질이 단 하나의 어떤 원인에 의해 생긴게 아니라는 증거가 나왔다,2026-04-09T14:25:22Z,438.0,False,28637,853.0,154.0
5889,UC1Do3xw9OuUk7FQuPTmSVOw,지식보관소,HnJqDbRYnkU,AI가 대화하거나 코딩하는걸 넘어 양자역학을 이해하고 새로운 실험까지 만드는 세상,2026-04-20T11:11:18Z,369.0,False,19384,627.0,65.0
5889,UC1Do3xw9OuUk7FQuPTmSVOw,지식보관소,cOratP4RhlI,NASA에서 화성에 생명체가 존재가 거의 확실하다는 발표 이후 DNA전구체까지 발견되었다,2026-05-02T14:28:28Z,440.0,False,46894,1261.0,230.0
5889,UC1Do3xw9OuUk7FQuPTmSVOw,지식보관소,aQmUrDZRCf0,외계문명이 있다면 왜 아무 신호도 없는지에 대해 찾아낸 새로운 해답,2026-05-08T11:11:22Z,481.0,False,21336,749.0,115.0
5889,UC1Do3xw9OuUk7FQuPTmSVOw,지식보관소,7u5yEqWgvz4,외계에서 날아온 물체인 3I에서 고농도의 핵융합 연료가 발견되었다,2026-05-16T14:42:19Z,481.0,False,32946,1223.0,175.0
5891,UCRcj0GSaOmDdFukahVS4u1A,뇨리 티브이,yNyeTPu_FAE,와... 깻잎이랑 어묵이 이렇게 잘 어울린다고? ㄷㄷ,2026-02-14T07:00:50Z,87.0,False,15498,134.0,1.0
5891,UCRcj0GSaOmDdFukahVS4u1A,뇨리 티브이,fER-s_9lc0g,아직도 묵은지 그냥 드세요? 씻은 묵은지의 격을 높이는 역대급 소스,2026-02-16T07:00:36Z,285.0,False,10207,73.0,1.0
5891,UCRcj0GSaOmDdFukahVS4u1A,뇨리 티브이,3Wh5nF7gqgo,절대 실패 없는 씻은 묵은지 소스 비법 (저장 필수!),2026-02-19T10:15:54Z,91.0,False,19143,120.0,3.0
5891,UCRcj0GSaOmDdFukahVS4u1A,뇨리 티브이,rs8tOp8h6tU,고기 보다 맛있어요! 이제 양배추는 무조건 이렇게만 만듭니다.,2026-02-21T07:00:42Z,273.0,False,2532,37.0,1.0
5891,UCRcj0GSaOmDdFukahVS4u1A,뇨리 티브이,F2dTNB9b9nQ,자취생 필수 시청! 고기 없이 고기 맛 나는 양배추 요리,2026-02-23T01:41:40Z,60.0,True,9231,47.0,1.0
5891,UCRcj0GSaOmDdFukahVS4u1A,뇨리 티브이,0-tWltCLgHA,양배추를 이렇게 해 보세요. 너무 맛있어서 이것만 찾게 됩니다.,2026-02-26T13:20:32Z,449.0,False,2183,34.0,2.0
5891,UCRcj0GSaOmDdFukahVS4u1A,뇨리 티브이,t0lG4s2d-K8,아직도 양배추 그냥 볶으세요? 이렇게 했더니 ㄷㄷㄷ,2026-02-27T09:40:06Z,60.0,True,6265,22.0,0.0
5891,UCRcj0GSaOmDdFukahVS4u1A,뇨리 티브이,jPpZPdqihgU,입안 가득 봄이 터져요! 아삭달큰 '봄동비빔밥' 절대 실패 없는 양념장 비법,2026-03-06T08:29:27Z,202.0,False,4314,39.0,0.0
5891,UCRcj0GSaOmDdFukahVS4u1A,뇨리 티브이,lIlfKDOxOFk,"요즘 난리 난 봄동비빔밥, 고기보다 맛있는 ‘진짜 비결’ 공개 🥬",2026-03-09T01:10:56Z,60.0,True,8700,61.0,0.0
5891,UCRcj0GSaOmDdFukahVS4u1A,뇨리 티브이,eJGDBd8YxW4,만두피로 만두 만들지 마세요! '이렇게' 말았더니 바삭함에 온 가족이 젓가락 들고 달려듭니다 ✨,2026-03-11T10:47:50Z,181.0,False,1615,27.0,0.0
5891,UCRcj0GSaOmDdFukahVS4u1A,뇨리 티브이,xXmxYI3gRvY,만두피로 만두 만들지 마세요!,2026-03-13T08:02:02Z,60.0,True,4663,20.0,0.0
5891,UCRcj0GSaOmDdFukahVS4u1A,뇨리 티브이,Y4tk_lIJxrM,봄을 통째로 볶았습니다. 봄동을 이렇게 해 보세요.,2026-03-16T14:35:14Z,198.0,False,1179,32.0,1.0
5891,UCRcj0GSaOmDdFukahVS4u1A,뇨리 티브이,rh1spf6p5J4,봄동을 이렇게 했더니 집 나간 입맛이 돌아왔습니다.,2026-03-17T05:44:52Z,60.0,True,4614,31.0,0.0
5891,UCRcj0GSaOmDdFukahVS4u1A,뇨리 티브이,WOeB0Cp6yJw,"봄동으로 이렇게 해 보세요. 나른한 봄철,  입맛 깨우는 데는 이게 최고예요.",2026-03-18T15:37:27Z,186.0,False,1457,32.0,1.0
5891,UCRcj0GSaOmDdFukahVS4u1A,뇨리 티브이,BxusM-Xl7XU,실패 없는 봄동 요리 1순위! (꿀팁 포함),2026-03-19T06:16:17Z,60.0,True,4638,19.0,0.0
5891,UCRcj0GSaOmDdFukahVS4u1A,뇨리 티브이,FYeF0JwJ5ec,"얼갈이비빔밥, 이것 한 방울로 감칠맛을 깨우세요.",2026-03-20T12:43:46Z,114.0,False,4311,68.0,3.0
5891,UCRcj0GSaOmDdFukahVS4u1A,뇨리 티브이,q9PKhnCsew4,아삭함의 끝판왕! 제철 얼갈이 비빔밥 만들기,2026-03-23T10:05:21Z,60.0,True,4088,20.0,0.0
5891,UCRcj0GSaOmDdFukahVS4u1A,뇨리 티브이,acc8zJxlHdA,얼갈이를 이렇게 해 보세요. 밥 반찬으로 최고입니다.,2026-03-24T16:42:48Z,185.0,False,2414,41.0,1.0
5891,UCRcj0GSaOmDdFukahVS4u1A,뇨리 티브이,FmAOBeeXXME,얼갈이를 이렇게 했더니 밥 반찬으로 이것만 있어도 충분합니다.,2026-03-25T10:03:01Z,60.0,True,5305,16.0,0.0
5891,UCRcj0GSaOmDdFukahVS4u1A,뇨리 티브이,vTx10t7bySM,오늘 뭐 먹지? 먹거리 고민 해결해 주는 레시피 모음! 주방에서🎧 틀어두세요.,2026-03-26T13:34:10Z,,False,0,0.0,0.0
5891,UCRcj0GSaOmDdFukahVS4u1A,뇨리 티브이,dnazk5BcaOk,양배추를 이렇게 해 보세요. 고기보다 맛있는 양배추스테이크!,2026-03-30T10:32:30Z,292.0,False,2920,36.0,1.0
5891,UCRcj0GSaOmDdFukahVS4u1A,뇨리 티브이,yLGVcg2V3CI,양배추스테이크 이렇게 해 보세요. 고기보다 맛있습니다.,2026-03-31T12:53:51Z,60.0,True,9248,49.0,2.0
5891,UCRcj0GSaOmDdFukahVS4u1A,뇨리 티브이,SSSo34BjUB4,얼갈이와 어묵으로 이렇게 해 보세요. 너무 맛있어서 온 가족이 젓가락 들고 달려듭니다.,2026-04-02T11:26:18Z,199.0,False,2498,32.0,0.0
5891,UCRcj0GSaOmDdFukahVS4u1A,뇨리 티브이,3ES5AjpxxQk,"어묵전, 이제 평범하게 드시지 마세요. 얼갈이 하나만 더했을 뿐인데!",2026-04-03T07:14:28Z,60.0,True,4935,50.0,0.0
5891,UCRcj0GSaOmDdFukahVS4u1A,뇨리 티브이,n1I3LJYIEIE,감자와 어묵을 이렇게 했더니 고기보다 맛있어서 온 가족이 젓가락 들고 달려듭니다.,2026-04-06T03:41:20Z,180.0,False,3890,48.0,2.0
5891,UCRcj0GSaOmDdFukahVS4u1A,뇨리 티브이,IjjAAhar3wk,포슬포슬한 감자와 쫄깃한 어묵으로 이렇게 해 보세요. 반찬 걱정이 사라집니다.,2026-04-07T03:24:10Z,60.0,True,25510,180.0,1.0
5891,UCRcj0GSaOmDdFukahVS4u1A,뇨리 티브이,_1krt-3sGeA,미나리 전 그냥 부치지 마세요. 끝까지 바삭하고 예쁘게 만드는 비결!,2026-04-08T07:54:35Z,186.0,False,4280,44.0,1.0
5891,UCRcj0GSaOmDdFukahVS4u1A,뇨리 티브이,ddGVnmQcNqI,전은 찢어먹는게 국롤입니다. 미나리전 이렇게 해 보세요.,2026-04-09T03:21:16Z,60.0,True,4935,25.0,0.0
5891,UCRcj0GSaOmDdFukahVS4u1A,뇨리 티브이,0aZ4laLHHJU,양배추와 토마토를 이렇게 해 보세요. 버터향을 입혔더니 온 가족이 젓가락 들고 달려듭니다.,2026-04-10T09:02:27Z,176.0,False,2649,51.0,0.0
5891,UCRcj0GSaOmDdFukahVS4u1A,뇨리 티브이,ablIjq3H2hA,"양배추와 토마토를 이렇게 했더니 버터향이,,,",2026-04-11T01:00:05Z,60.0,True,26290,210.0,8.0
5891,UCRcj0GSaOmDdFukahVS4u1A,뇨리 티브이,KejqX8Kmg6I,양배추를 이렇게 해 보세요. 들기름을 넣었더니 온 가족이 젓가락 들고 달려듭니다.,2026-04-14T06:04:47Z,155.0,False,4810,31.0,2.0
5891,UCRcj0GSaOmDdFukahVS4u1A,뇨리 티브이,zOc8jUFxN8A,양배추만 있으면 반찬 걱정이 사라집니다.,2026-04-15T08:39:26Z,60.0,True,5724,33.0,0.0
5891,UCRcj0GSaOmDdFukahVS4u1A,뇨리 티브이,IRhcVeyVNAw,오이와 토마토를 이렇게 해 보세요. 입맛을 확 깨워줍니다.,2026-04-16T11:02:27Z,167.0,False,4950,64.0,1.0
5891,UCRcj0GSaOmDdFukahVS4u1A,뇨리 티브이,rtPZfk1HtZk,"오이와 토마토를 이렇게 했더니 너무 산뜻해서,,,",2026-04-17T10:23:43Z,58.0,True,47103,443.0,9.0
5891,UCRcj0GSaOmDdFukahVS4u1A,뇨리 티브이,iJ4kDJw76VM,양배추와 오이로 김치를 해 보세요. 정말 맛있어서 다른 반찬 필요 없습니다.,2026-04-21T08:50:51Z,144.0,False,1613,35.0,0.0
5891,UCRcj0GSaOmDdFukahVS4u1A,뇨리 티브이,Bizneef3K5Q,"양배추로 김치를 이렇게 했더니 너무 아삭해서,,,",2026-04-22T23:37:07Z,60.0,True,11579,118.0,0.0
5891,UCRcj0GSaOmDdFukahVS4u1A,뇨리 티브이,o8TKjizDNwQ,유부초밥에 오이를 넣었더니 너무 상큼해서 한 접시를 순식간에 비웠습니다.,2026-04-24T07:00:45Z,159.0,False,2787,32.0,2.0
5891,UCRcj0GSaOmDdFukahVS4u1A,뇨리 티브이,UAqI92xntvE,"유부에 오이를 넣었더니 아삭아삭한 식감에,,,",2026-04-25T07:00:35Z,57.0,True,9990,96.0,0.0
5891,UCRcj0GSaOmDdFukahVS4u1A,뇨리 티브이,8rDrojYtWL8,상추에 '이것' 하나 넣었을 뿐인데 고소한 향이 입안 가득 퍼집니다.,2026-04-27T14:36:26Z,179.0,False,2485,41.0,2.0
5891,UCRcj0GSaOmDdFukahVS4u1A,뇨리 티브이,e0_vRbJ6SQw,"상추에 '이것' 넣었더니 바다향이 가득해서,,,",2026-04-28T10:44:52Z,58.0,True,7953,67.0,0.0
5891,UCRcj0GSaOmDdFukahVS4u1A,뇨리 티브이,ZJml9yitDyc,위 건강에 최고인 양배추 이렇게 해 보세요. 속 편한 하루를 보낼 수 있습니다.,2026-04-29T14:25:59Z,194.0,False,3266,51.0,1.0
5891,UCRcj0GSaOmDdFukahVS4u1A,뇨리 티브이,9l7ByIGOR_Y,"양배추를 이렇게 했더니 너무 속이 편해서,,,",2026-04-30T07:53:44Z,60.0,True,21305,210.0,0.0
5891,UCRcj0GSaOmDdFukahVS4u1A,뇨리 티브이,50on8Y0yWKg,대파를 이렇게 해 보세요. 대패삼겹살과 만났더니 집 나간 입맛이 돌아왔습니다.,2026-05-04T09:15:54Z,261.0,False,1626,48.0,3.0
5891,UCRcj0GSaOmDdFukahVS4u1A,뇨리 티브이,qBcWEOughrg,대파와 삼겹살을 이렇게 했더니 대박!!,2026-05-06T21:47:09Z,60.0,True,41523,320.0,9.0
5891,UCRcj0GSaOmDdFukahVS4u1A,뇨리 티브이,y2p_PHyAEe4,애호박을 이렇게 반으로 접었더니 집 나간 입맛이 돌아왔습니다.,2026-05-08T07:56:26Z,165.0,False,6185,78.0,2.0
5891,UCRcj0GSaOmDdFukahVS4u1A,뇨리 티브이,qsDy0PBsDMg,"애호박을 반으로 접었더니 집 나간 입맛이 돌아와서,,",2026-05-09T07:00:49Z,60.0,True,24843,228.0,3.0
5891,UCRcj0GSaOmDdFukahVS4u1A,뇨리 티브이,aeHDB-nQH1k,식빵 사이사이에 계란물을 부어 보세요. 집 나간 입맛이 돌아왔습니다.,2026-05-12T11:33:53Z,136.0,False,10640,127.0,6.0
5891,UCRcj0GSaOmDdFukahVS4u1A,뇨리 티브이,ITWkW_BvVrQ,"식빵 사이사이에 계란물을 부었더니,,",2026-05-13T08:02:57Z,51.0,True,21731,182.0,11.0
5891,UCRcj0GSaOmDdFukahVS4u1A,뇨리 티브이,TY0Pq-Cfa9g,"마늘쫑을 이렇게 볶았더니,,, 집 나간 입맛이 돌아옵니다.",2026-05-15T07:24:03Z,151.0,False,2243,44.0,1.0
5891,UCRcj0GSaOmDdFukahVS4u1A,뇨리 티브이,M5iq0mM9MDQ,"집 나간 입맛도 돌아오는 마늘쫑으로 만든,,,",2026-05-16T07:00:16Z,60.0,True,3503,22.0,0.0
5892,UCXmYEJeTYVRXtLLUaoY01IA,유머스낵 쇼츠,PMWH96XQuZE,본인의 모든 것을 내어주는 해달,2025-02-09T10:34:43Z,45.0,True,108942,4068.0,104.0
5892,UCXmYEJeTYVRXtLLUaoY01IA,유머스낵 쇼츠,jRtsn0dhUnM,엣지 있는 도움,2025-02-10T13:20:18Z,8.0,True,406573,7920.0,204.0
5892,UCXmYEJeTYVRXtLLUaoY01IA,유머스낵 쇼츠,x4B5o8TNymw,쓸데없이 갖고싶은 울버린 발톱,2025-02-11T14:00:49Z,12.0,True,1020590,20180.0,314.0
5892,UCXmYEJeTYVRXtLLUaoY01IA,유머스낵 쇼츠,q6XZv9zbeQg,위스키 뚜껑 만드는 법,2025-02-12T01:09:04Z,28.0,True,1050031,13045.0,323.0
5892,UCXmYEJeTYVRXtLLUaoY01IA,유머스낵 쇼츠,Gsw58ji3hE8,간장 뿌리기 고인물,2025-02-13T04:11:30Z,53.0,True,3687054,62301.0,1635.0
5892,UCXmYEJeTYVRXtLLUaoY01IA,유머스낵 쇼츠,HHB0L8ClTp4,굴뚝 내부 타일 철거 방법,2025-02-14T12:33:43Z,22.0,True,2192611,8030.0,499.0
5892,UCXmYEJeTYVRXtLLUaoY01IA,유머스낵 쇼츠,AMjVWkL-NdU,마음이 편안해지는 스프링 제본,2025-02-15T05:00:55Z,13.0,True,515093,6683.0,120.0
5892,UCXmYEJeTYVRXtLLUaoY01IA,유머스낵 쇼츠,jVfdAJkh7WI,주사위 세우기 고인물,2025-02-16T09:18:44Z,34.0,True,394975,7788.0,233.0
5892,UCXmYEJeTYVRXtLLUaoY01IA,유머스낵 쇼츠,G_-0JJZMHXo,면도기를 반드시 청소해야 하는 이유,2025-02-17T00:46:29Z,16.0,True,2156277,21861.0,736.0
5892,UCXmYEJeTYVRXtLLUaoY01IA,유머스낵 쇼츠,x3TFLUiYGWc,테무에서 산 러그,2025-02-18T09:39:43Z,12.0,True,8241222,108879.0,8849.0
5892,UCXmYEJeTYVRXtLLUaoY01IA,유머스낵 쇼츠,INW2V1A295w,박사 학위를 얻기 위한 마지막 테스트,2025-02-19T00:47:53Z,12.0,True,1091448,17200.0,214.0
5892,UCXmYEJeTYVRXtLLUaoY01IA,유머스낵 쇼츠,VQMMk2C7cjE,층간소음 피해자 얼굴,2025-02-20T04:07:22Z,11.0,True,2270908,65806.0,1573.0
5892,UCXmYEJeTYVRXtLLUaoY01IA,유머스낵 쇼츠,CPT7xrvK1hE,2077년 나그네,2025-02-21T00:52:55Z,22.0,True,633124,16260.0,265.0
5892,UCXmYEJeTYVRXtLLUaoY01IA,유머스낵 쇼츠,FPWlczLHINc,금 꺼내기 이벤트 고인물,2025-02-22T09:01:29Z,38.0,True,3625355,66406.0,1216.0
5892,UCXmYEJeTYVRXtLLUaoY01IA,유머스낵 쇼츠,M7iDZJ-nsJ0,보고도 믿겨지지 않는 강아지 개인기,2025-03-02T05:52:27Z,20.0,True,2863435,60302.0,2408.0
5892,UCXmYEJeTYVRXtLLUaoY01IA,유머스낵 쇼츠,05naJxI7bak,물리학을 지배하는 자,2025-03-03T08:37:38Z,12.0,True,883266,10544.0,670.0
5892,UCXmYEJeTYVRXtLLUaoY01IA,유머스낵 쇼츠,0BKqpfbHdI0,열정이 넘쳐서 탈인 직원,2025-03-04T04:06:52Z,7.0,True,3897850,29051.0,718.0
5892,UCXmYEJeTYVRXtLLUaoY01IA,유머스낵 쇼츠,dcrKh-sctUs,남자들이 꿈꾸는 와이프,2025-03-05T00:47:23Z,10.0,True,126024,1887.0,55.0
5892,UCXmYEJeTYVRXtLLUaoY01IA,유머스낵 쇼츠,SUsscsVRft4,탑블레이드 고인물 스킬,2025-03-06T01:00:44Z,15.0,True,625833,15951.0,0.0
5892,UCXmYEJeTYVRXtLLUaoY01IA,유머스낵 쇼츠,WCOC1nJeMxs,호그와트에서 해임 당한 교수님,2025-03-08T12:34:21Z,14.0,True,530210,11400.0,252.0
5892,UCXmYEJeTYVRXtLLUaoY01IA,유머스낵 쇼츠,MJACidIv3iA,될 사람은 어떻게든 된다,2025-03-09T07:36:35Z,15.0,True,785132,15830.0,302.0
5892,UCXmYEJeTYVRXtLLUaoY01IA,유머스낵 쇼츠,BNfBxomTCig,세차 시간 단축하는 법,2025-03-10T00:59:16Z,12.0,True,2936938,35111.0,420.0
5892,UCXmYEJeTYVRXtLLUaoY01IA,유머스낵 쇼츠,Hqb09-IjIKE,블록 한 번에 넣기,2025-03-11T03:59:13Z,15.0,True,12013693,249519.0,1760.0
5892,UCXmYEJeTYVRXtLLUaoY01IA,유머스낵 쇼츠,Q7AORgN65vE,아무것도 안 들렸던 이유,2025-03-12T01:04:00Z,60.0,True,1482261,11868.0,1855.0
5892,UCXmYEJeTYVRXtLLUaoY01IA,유머스낵 쇼츠,E0Z3-xrLdxQ,세상에서 가장 완벽한 펀치,2025-03-13T13:42:24Z,6.0,True,5731236,95671.0,1305.0
5892,UCXmYEJeTYVRXtLLUaoY01IA,유머스낵 쇼츠,om1jXuDX-vs,이상하다 주전자에 구멍이 났나,2025-03-16T09:01:34Z,21.0,True,112003,1361.0,96.0
5892,UCXmYEJeTYVRXtLLUaoY01IA,유머스낵 쇼츠,9Y8SypfunME,폐소공포증 간접체험,2025-03-17T01:43:19Z,27.0,True,4650452,76633.0,1383.0
5892,UCXmYEJeTYVRXtLLUaoY01IA,유머스낵 쇼츠,MpO7OLKT5eM,충격적인 당근 세탁 현장,2025-03-19T06:21:54Z,14.0,True,1475295,11735.0,1096.0
5892,UCXmYEJeTYVRXtLLUaoY01IA,유머스낵 쇼츠,auDQviZOyYU,비둘기가 급하게 달려간 곳,2025-03-20T02:40:47Z,28.0,True,81329,1638.0,38.0
5892,UCXmYEJeTYVRXtLLUaoY01IA,유머스낵 쇼츠,oLq94iX35ks,뛰는 제자 위에 나는 선생 있다,2025-03-23T05:57:11Z,23.0,True,7997514,111091.0,2318.0
5892,UCXmYEJeTYVRXtLLUaoY01IA,유머스낵 쇼츠,SZPxlAq8tQw,마침내 썩어버린 젤다 고인물,2025-03-25T08:28:01Z,25.0,True,2623962,44371.0,896.0
5892,UCXmYEJeTYVRXtLLUaoY01IA,유머스낵 쇼츠,P4BKlooUU4w,땅이랑 색이 같은 볼라드,2025-03-29T05:32:20Z,11.0,True,2736175,23382.0,602.0
5892,UCXmYEJeTYVRXtLLUaoY01IA,유머스낵 쇼츠,k-8EuPL-BfY,옷 가게 알바 10년 차,2025-04-01T03:04:18Z,9.0,True,15066578,92408.0,2874.0
5892,UCXmYEJeTYVRXtLLUaoY01IA,유머스낵 쇼츠,u0TmXJ2EmZI,못 방향 골라내기 고인물,2025-04-08T01:00:46Z,15.0,True,6080005,44551.0,386.0
5892,UCXmYEJeTYVRXtLLUaoY01IA,유머스낵 쇼츠,9MOCJ6duSAU,레전드 마임 고인물,2025-04-10T09:04:10Z,32.0,True,511352,4556.0,156.0
5892,UCXmYEJeTYVRXtLLUaoY01IA,유머스낵 쇼츠,xYUiSLXJHZE,초저가 CCTV,2025-04-12T07:59:34Z,9.0,True,186937,1863.0,37.0
5892,UCXmYEJeTYVRXtLLUaoY01IA,유머스낵 쇼츠,LagEV-fP74Q,천재가 만든 벤치,2025-04-17T00:00:15Z,14.0,True,19475424,157121.0,3216.0
5892,UCXmYEJeTYVRXtLLUaoY01IA,유머스낵 쇼츠,cA8xu68WaPg,야무진 깜빡이,2025-04-23T00:00:28Z,23.0,True,2944361,28848.0,878.0
5892,UCXmYEJeTYVRXtLLUaoY01IA,유머스낵 쇼츠,7jPZCJFspFM,은퇴한 호그와트 교수 근황,2025-04-26T09:08:34Z,13.0,True,203396,2161.0,95.0
5892,UCXmYEJeTYVRXtLLUaoY01IA,유머스낵 쇼츠,_OyHZHEetPE,장인은 도구를 탓하지 않는다,2025-04-30T00:00:41Z,20.0,True,5377480,42638.0,1491.0
5892,UCXmYEJeTYVRXtLLUaoY01IA,유머스낵 쇼츠,zRJv0QM-TJc,특이점이 온 배드민턴 고인물,2025-05-04T09:05:06Z,19.0,True,4888364,62612.0,1512.0
5892,UCXmYEJeTYVRXtLLUaoY01IA,유머스낵 쇼츠,Tc_3zSyov7U,라면 물 빼는 방법,2025-05-05T11:24:45Z,15.0,True,7156891,54196.0,1499.0
5892,UCXmYEJeTYVRXtLLUaoY01IA,유머스낵 쇼츠,LTLDbMH0o6k,너무 강력했던 오징어 숏다리,2025-05-10T08:00:37Z,8.0,True,3347953,23447.0,610.0
5892,UCXmYEJeTYVRXtLLUaoY01IA,유머스낵 쇼츠,bLri4nxMD3E,인형 놀이 고인물 클라스,2025-05-12T00:00:29Z,30.0,True,2581444,24927.0,369.0
5892,UCXmYEJeTYVRXtLLUaoY01IA,유머스낵 쇼츠,1TYn1BXe8uE,일타쌍란,2025-05-18T10:26:12Z,10.0,True,749920,8354.0,330.0
5892,UCXmYEJeTYVRXtLLUaoY01IA,유머스낵 쇼츠,q8myW-APb9w,남자들이 환장하는 마트 직원,2025-05-24T06:08:36Z,14.0,True,123593,1639.0,57.0
5892,UCXmYEJeTYVRXtLLUaoY01IA,유머스낵 쇼츠,yfl6gNVcwqw,나무의 일부가 되어버린 사람,2025-05-27T04:17:19Z,60.0,True,86589,1190.0,169.0
5892,UCXmYEJeTYVRXtLLUaoY01IA,유머스낵 쇼츠,6E_rdFbaAyE,내 음식 나온거 발견했을 때 특징,2025-05-28T08:07:06Z,11.0,True,933560,11480.0,162.0
5892,UCXmYEJeTYVRXtLLUaoY01IA,유머스낵 쇼츠,vqcRB0K5oC0,여자친구 놀리기,2025-06-01T11:08:37Z,20.0,True,1082983,11362.0,228.0
5892,UCXmYEJeTYVRXtLLUaoY01IA,유머스낵 쇼츠,B7aF2jP7HE0,전세계 의사들 사이에 낀 한국 의사 수준,2025-07-14T09:00:15Z,98.0,False,37946,556.0,46.0
5893,UCrlp00QA7rEnBgKH9CW6BTQ,진짜사랑,fB1YeRJHNSg,[#진짜사랑] 아빠랑 같이 산에서 사는 일곱 살 아이 #Shorts,2025-10-08T10:01:08Z,87.0,False,4548,42.0,0.0
5893,UCrlp00QA7rEnBgKH9CW6BTQ,진짜사랑,HZc8M8EcpV4,[#진짜사랑] 안정적인 생활을 위해 선택한 결혼 #Shorts,2025-10-15T10:00:36Z,175.0,False,1225,4.0,1.0
5893,UCrlp00QA7rEnBgKH9CW6BTQ,진짜사랑,Pb07BcL93i4,[#진짜사랑] 딸의 아이가 미운 이유 #Shorts,2025-10-15T10:00:50Z,114.0,False,2080,11.0,2.0
5893,UCrlp00QA7rEnBgKH9CW6BTQ,진짜사랑,csfsdZJRLWo,[#진짜사랑] 15살 연상에 아이도 있는 이혼남과 결혼하겠다는 딸 #Shorts,2025-10-15T10:01:13Z,136.0,False,1506,10.0,0.0
5893,UCrlp00QA7rEnBgKH9CW6BTQ,진짜사랑,yDT6bgm03gU,[#진짜사랑] 우리 딸 정도면 의사나 판사 사위? #Shorts,2025-10-15T10:01:46Z,151.0,False,1611,14.0,0.0
5893,UCrlp00QA7rEnBgKH9CW6BTQ,진짜사랑,tcZW6373HkM,[#진짜사랑] 나이 많은 이혼남 사위에게 마음을 열게 된 장모님 #Shorts,2025-10-15T10:01:50Z,93.0,False,1656,8.0,0.0
5893,UCrlp00QA7rEnBgKH9CW6BTQ,진짜사랑,9fAx-G_oyFg,[#진짜사랑] 접선하듯이 지하철 플랫폼에서 만나는 연인 #Shorts,2025-10-22T10:00:25Z,51.0,True,3475,10.0,0.0
5893,UCrlp00QA7rEnBgKH9CW6BTQ,진짜사랑,BK97iBNsQOo,[#진짜사랑] 엄마의 집착에 결국 폭발해버린 아들 #Shorts,2025-10-22T10:00:30Z,127.0,False,2530,21.0,0.0
5893,UCrlp00QA7rEnBgKH9CW6BTQ,진짜사랑,PSXhepnjQng,[#진짜사랑] 결혼 반대 하려다가 결국 아들 인생 망친 엄마 #Shorts,2025-10-22T10:00:43Z,169.0,False,2136,10.0,0.0
5893,UCrlp00QA7rEnBgKH9CW6BTQ,진짜사랑,enRr982tuFI,[#진짜사랑] 결혼 문제로 벌어지는 엄마와 아들의 전쟁 #Shorts,2025-10-22T10:01:09Z,180.0,False,5564,39.0,1.0
5893,UCrlp00QA7rEnBgKH9CW6BTQ,진짜사랑,dQnJGIla_EM,"[#진짜사랑] 중학생 아들 목욕 시켜주고, 대학에 도시락 싸다주는 엄마 #Shorts",2025-10-22T10:01:11Z,157.0,False,2034,10.0,1.0
5893,UCrlp00QA7rEnBgKH9CW6BTQ,진짜사랑,zWpyu9uFXq4,[#진짜사랑] 아들 웨딩 촬영하는데 깽판(?)치는 엄마 #Shorts,2025-10-22T10:01:42Z,75.0,False,3341,19.0,1.0
5893,UCrlp00QA7rEnBgKH9CW6BTQ,진짜사랑,24dnnpGB-mM,[#진짜사랑] 18살 며느리 때문에 속터지는 시어머니 #Shorts,2025-10-29T10:00:05Z,118.0,False,11707,86.0,14.0
5893,UCrlp00QA7rEnBgKH9CW6BTQ,진짜사랑,6M5s51MZsyA,[#진짜사랑] 아이를 임신한 고등학생 커플 #Shorts,2025-10-29T10:00:13Z,128.0,False,7176,69.0,0.0
5893,UCrlp00QA7rEnBgKH9CW6BTQ,진짜사랑,UZyJqBlDGwE,[#진짜사랑] 과속으로 출산한 고등학생 커플! 그 부모들이 벌이는 사돈 싸움! #Shorts,2025-10-29T10:01:02Z,107.0,False,12175,88.0,1.0
5893,UCrlp00QA7rEnBgKH9CW6BTQ,진짜사랑,iwD6NEJp6J4,[#진짜사랑] 육아 중에 벌어진 고딩엄빠의 부부싸움 #Shorts,2025-10-29T10:01:20Z,101.0,False,5054,32.0,0.0
5893,UCrlp00QA7rEnBgKH9CW6BTQ,진짜사랑,hpAeFW-XVQg,"[#진짜사랑] 고등학생 딸이 과속해서 출산하자, 완전히 마음 닫은 아버지 #Shorts",2025-10-29T10:01:30Z,75.0,False,24791,151.0,11.0
5893,UCrlp00QA7rEnBgKH9CW6BTQ,진짜사랑,2B3ltECmLyY,[#진짜사랑] 옆집에 따지러 갔다가 평생 배필을 만난 남자 #Shorts,2025-11-05T10:00:02Z,77.0,False,2804,7.0,0.0
5893,UCrlp00QA7rEnBgKH9CW6BTQ,진짜사랑,BQXQ9PYTJnI,[#진짜사랑] 막내아들처럼 살가운 사위 #Shorts,2025-11-05T10:00:20Z,118.0,False,14230,112.0,2.0
5893,UCrlp00QA7rEnBgKH9CW6BTQ,진짜사랑,Lwp3GtmIv2U,[#진짜사랑] 장모님과 옷 쇼핑도 함께 가는 애교만점 사위 #Shorts,2025-11-05T10:00:38Z,54.0,True,1666,5.0,1.0
5893,UCrlp00QA7rEnBgKH9CW6BTQ,진짜사랑,fKql5jW-d5o,[#진짜사랑] 처가살이 하는 사위가 옷을 훌훌 벗고 다님 #Shorts,2025-11-05T10:01:09Z,80.0,False,4395,30.0,3.0
5893,UCrlp00QA7rEnBgKH9CW6BTQ,진짜사랑,ko5yGusDmWU,[#진짜사랑] 사위가 장모님과 리모콘 쟁탈전을 벌인다고?!🤣 #Shorts,2025-11-05T10:01:15Z,75.0,False,4206,18.0,0.0
5893,UCrlp00QA7rEnBgKH9CW6BTQ,진짜사랑,kmsNcRvVXgc,[#진짜사랑] 딸은 혼자 유학가고 남겨진 사위는 장모님 댁으로🤣 #Shorts,2025-11-05T10:01:18Z,177.0,False,7927,53.0,2.0
5893,UCrlp00QA7rEnBgKH9CW6BTQ,진짜사랑,6dX7nsJ22bg,[#진짜사랑] 알콜중독에 노숙자인 남편이 발작까지 #Shorts,2025-11-12T10:00:09Z,167.0,False,4171,33.0,5.0
5893,UCrlp00QA7rEnBgKH9CW6BTQ,진짜사랑,R-XYGsEaNYU,[#진짜사랑] '원 달라 플리즈' 라고 구걸하는 한국의 꽃미남 노숙자 #Shorts,2025-11-12T10:00:45Z,54.0,True,5746,20.0,2.0
5893,UCrlp00QA7rEnBgKH9CW6BTQ,진짜사랑,Soi4hWdFn2A,[#진짜사랑] 남편이 노숙자에 알콜중독인데도 극진히 챙기는 아내 #Shorts,2025-11-12T10:00:53Z,174.0,False,8784,14.0,0.0
5893,UCrlp00QA7rEnBgKH9CW6BTQ,진짜사랑,Z-YjOxk_86U,[#진짜사랑] 알콜 중독이 될 수밖에 없었던 가족의 죽음 #Shorts,2025-11-12T10:00:56Z,178.0,False,5827,48.0,2.0
5893,UCrlp00QA7rEnBgKH9CW6BTQ,진짜사랑,padikdfNqF4,[#진짜사랑] 노숙남과 여자의 충격적인 관계 #Shorts,2025-11-12T10:01:25Z,178.0,False,25495,187.0,3.0
5893,UCrlp00QA7rEnBgKH9CW6BTQ,진짜사랑,uVGbO9C0qjc,[#진짜사랑] 서울역 앞에는 비밀을 간직한 꽃미남 노숙자가 있다?! #Shorts,2025-11-12T10:01:40Z,126.0,False,2576,11.0,0.0
5893,UCrlp00QA7rEnBgKH9CW6BTQ,진짜사랑,CUfcIRWK9hc,[#진짜사랑] 손자만을 바라는 할머니 때문에 불안해하는 손녀 #Shorts,2025-11-19T10:00:16Z,92.0,False,16673,166.0,4.0
5893,UCrlp00QA7rEnBgKH9CW6BTQ,진짜사랑,GF_LqyArHpk,[#진짜사랑] 8년 째 불임 시술 중인데 오늘도 실패한 4대 독자의 아내 #Shorts,2025-11-19T10:00:24Z,106.0,False,3902,25.0,2.0
5893,UCrlp00QA7rEnBgKH9CW6BTQ,진짜사랑,EwwkI1WHiWk,[#진짜사랑] 외동딸의 기가막힌 비밀 #Shorts,2025-11-19T10:00:26Z,165.0,False,4134,37.0,3.0
5893,UCrlp00QA7rEnBgKH9CW6BTQ,진짜사랑,932xRiC0EiE,[#진짜사랑] 며느리 앞에서는 천사인 척했던 시어머니의 두 얼굴 #Shorts,2025-11-19T10:00:29Z,180.0,False,7181,60.0,2.0
5893,UCrlp00QA7rEnBgKH9CW6BTQ,진짜사랑,Mk1oHDc6hdk,[#진짜사랑] 불임 8년의 고통 시험관 시술만 15회 #Shorts,2025-11-19T10:00:42Z,78.0,False,4473,19.0,1.0
5893,UCrlp00QA7rEnBgKH9CW6BTQ,진짜사랑,ruIYOjxCMs4,[#진짜사랑] 아이가 생기지 않는 걸로 시어머니가 친정 엄마를 압박한다는 사실을 알게 된 며느리 #Shorts,2025-11-19T10:01:34Z,106.0,False,17902,141.0,7.0
5893,UCrlp00QA7rEnBgKH9CW6BTQ,진짜사랑,xZRxVP9DvG4,[#진짜사랑] 며느리를 공주처럼 모시는(?) 시어머니 #Shorts,2025-11-19T10:01:47Z,108.0,False,9490,51.0,1.0
5893,UCrlp00QA7rEnBgKH9CW6BTQ,진짜사랑,YYYtnxyMrr0,[#진짜사랑] 재혼 후 6개월 여전히 새엄마에게 마음을 열지 못하는 딸 #Shorts,2025-11-26T10:01:02Z,128.0,False,4190,24.0,0.0
5893,UCrlp00QA7rEnBgKH9CW6BTQ,진짜사랑,f3-5gIOTtsA,[#진짜사랑] 새엄마와 의붓딸의 기싸움 #Shorts,2025-11-26T10:01:12Z,122.0,False,9442,57.0,2.0
5893,UCrlp00QA7rEnBgKH9CW6BTQ,진짜사랑,rnSCNX3Wu1k,[#진짜사랑] 고등학생 딸의 유별난 아빠 사랑 #Shorts,2025-11-26T10:01:30Z,121.0,False,4461,28.0,0.0
5893,UCrlp00QA7rEnBgKH9CW6BTQ,진짜사랑,y9GERAgAbQM,[#진짜사랑] 걔가 왜 내 동생이예요? 엄마가 다르잖아요! #Shorts,2025-11-26T10:01:44Z,142.0,False,17355,208.0,13.0
5893,UCrlp00QA7rEnBgKH9CW6BTQ,진짜사랑,awky7UHZyAs,[#진짜사랑] 남편의 의처증? 아내 행동이 문제? #Shorts,2025-12-03T10:00:05Z,172.0,False,17850,21.0,0.0
5893,UCrlp00QA7rEnBgKH9CW6BTQ,진짜사랑,4P7imPyIEjQ,[#진짜사랑] 아내가 꼬리를 살살 친다? 의처증인 듯 #Shorts,2025-12-03T10:00:10Z,178.0,False,37519,322.0,29.0
5893,UCrlp00QA7rEnBgKH9CW6BTQ,진짜사랑,GHmJTE-dhpw,[#진짜사랑] 전처가 데려온 아이와 친자 검사 #Shorts,2025-12-03T10:00:28Z,133.0,False,60494,476.0,13.0
5893,UCrlp00QA7rEnBgKH9CW6BTQ,진짜사랑,Sh_Ic1uJL_I,[#진짜사랑] 바람 피워서 나간 전처가 데려온 아이가 내 애라고? #Shorts,2025-12-03T10:00:50Z,107.0,False,24899,215.0,15.0
5893,UCrlp00QA7rEnBgKH9CW6BTQ,진짜사랑,dxRMQ9dpeYc,[#진짜사랑] 외도로 이혼 후 8년만에 받아달라는 뻔뻔한 전처 #Shorts,2025-12-03T10:01:10Z,179.0,False,233355,1877.0,489.0
5893,UCrlp00QA7rEnBgKH9CW6BTQ,진짜사랑,0xeGV2bkzjg,[#진짜사랑] 이 여자 저 여자 만나는 남편 #Shorts,2025-12-10T10:00:07Z,141.0,False,6920,37.0,0.0
5893,UCrlp00QA7rEnBgKH9CW6BTQ,진짜사랑,KVgviPOuHpE,[#진짜사랑] 길거리에서 대판 부부 싸움 #Shorts,2025-12-10T10:00:38Z,120.0,False,25150,224.0,11.0
5893,UCrlp00QA7rEnBgKH9CW6BTQ,진짜사랑,P7Fxtzr_3yM,[#진짜사랑] 유학 가기 직전에 터진 대형 교통사고 #Shorts,2025-12-10T10:00:50Z,92.0,False,11952,27.0,0.0
5893,UCrlp00QA7rEnBgKH9CW6BTQ,진짜사랑,XJPUafNOW_M,[#진짜사랑] 결혼 후 6개월이 됐는데 맨얼굴 안 보여주는 아내 #Shorts,2025-12-10T10:00:56Z,119.0,False,11353,63.0,1.0
5893,UCrlp00QA7rEnBgKH9CW6BTQ,진짜사랑,cEpxavTwuWc,[#진짜사랑] 남편의 아르바이트... 픽업 아티스트? #Shorts,2025-12-10T10:01:11Z,70.0,False,9685,48.0,0.0
5894,UCUXDKiEsZH9Kcad-hksAK7g,홍인규 골프TV,VTQ0Jkm-Bf8,최민욱 프로 정말 잘 합니다!😧👍 #shorts #golf #최민욱,2026-03-17T02:45:00Z,40.0,True,25639,70.0,2.0
5894,UCUXDKiEsZH9Kcad-hksAK7g,홍인규 골프TV,BSrj0Wi82eA,"[필드 라이브] 300m 비거리 폭발🔥정찬민 프로와 함께 합니다!!│정찬민, 홍인규│MC : 고수진",2026-03-18T04:15:19Z,16302.0,False,32382,952.0,18.0
5894,UCUXDKiEsZH9Kcad-hksAK7g,홍인규 골프TV,wPuNHIZCiHE,스반필반 관전포인트👀 #shorts #golf #골프,2026-03-19T02:45:00Z,69.0,False,10394,54.0,1.0
5894,UCUXDKiEsZH9Kcad-hksAK7g,홍인규 골프TV,zeRUji1yFQo,투온 도전🔥🏌️최민욱 프로 #shorts #golf #골프,2026-03-20T02:45:00Z,67.0,False,35250,94.0,1.0
5894,UCUXDKiEsZH9Kcad-hksAK7g,홍인규 골프TV,airOzkjSZpw,"[버디챌린지]🔥버디 폭격 시작🔥 KLPGA 프로 4인 버디 챌린지! 과연 몇 개까지?!│정연주, 박결, 허다빈, 이민서│MC : 홍인규, 정명훈 EP.1",2026-03-22T09:00:00Z,3213.0,False,149549,1970.0,609.0
5894,UCUXDKiEsZH9Kcad-hksAK7g,홍인규 골프TV,v7q7TG_O5_g,"KLPGA 선수들의 ""올 버디 챌린지"" 시작합니다 😉 #shorts #golf #골프",2026-03-23T02:45:00Z,122.0,False,10970,67.0,1.0
5894,UCUXDKiEsZH9Kcad-hksAK7g,홍인규 골프TV,9ZCkg28__pk,연속 버디 쇼는 이제 시작! 👍 #shorts #golf #골프,2026-03-24T02:45:00Z,87.0,False,31824,89.0,3.0
5894,UCUXDKiEsZH9Kcad-hksAK7g,홍인규 골프TV,LkVspKzwKfo,"[필드 라이브] 심짱 vs 홍인규 필드에서 제대로 붙었습니다🔥 (+모두의 프로암 현장 공개)│심짱, 홍인규│MC : 김황중 아나운서",2026-03-25T09:50:56Z,21448.0,False,118913,1976.0,101.0
5894,UCUXDKiEsZH9Kcad-hksAK7g,홍인규 골프TV,PKuDp_KqnyU,페어웨이 말고 러프 볼을 선택??😧결과는 과연? #shorts #golf #골프,2026-03-26T02:45:00Z,90.0,False,26344,71.0,2.0
5894,UCUXDKiEsZH9Kcad-hksAK7g,홍인규 골프TV,6jgvvKMlfBQ,칩 인 이글 찬스 과연? 성공 할까요?😧 #shorts #golf #골프,2026-03-27T02:45:00Z,86.0,False,32581,128.0,3.0
5894,UCUXDKiEsZH9Kcad-hksAK7g,홍인규 골프TV,gGP3jR6oqKI,"[버디챌린지]🔥버디 무한 생성 중… 이대로면 지난 남자팀의 10연속 기록을 넘을까요?│정연주, 박결, 허다빈, 이민서│MC : 홍인규, 정명훈 EP.2",2026-03-29T09:00:00Z,3051.0,False,80105,1074.0,156.0
5894,UCUXDKiEsZH9Kcad-hksAK7g,홍인규 골프TV,hL5eRfmlAh0,"날카로운 샷!! 선보이는 이민서, 허다빈 ! 프로는 프로 입니다!!👍 #shorts #golf #골프",2026-03-30T02:45:00Z,87.0,False,4317,40.0,1.0
5894,UCUXDKiEsZH9Kcad-hksAK7g,홍인규 골프TV,0jl8bKis05Q,버디 6개 연속 성공🔥과연 기록은 어디까지? #sports #golf #골프,2026-03-31T02:45:00Z,103.0,False,19816,79.0,0.0
5894,UCUXDKiEsZH9Kcad-hksAK7g,홍인규 골프TV,TQaCyp-RPOU,배우 주진모 홍인규골프TV에서 또 홀인원했습니다! 이게 말이 돼?! #shorts #golf #홀인원,2026-03-31T05:49:11Z,60.0,True,683423,4288.0,285.0
5894,UCUXDKiEsZH9Kcad-hksAK7g,홍인규 골프TV,vxunBefSV4o,"[필드 라이브] 독박투어 형님들🔥김대희 vs 김준호 필드에서 진심 대결 펼칩니다!│김대희, 김준호, 홍인규, (특별출연) 김지민",2026-04-01T07:02:31Z,15429.0,False,210701,4037.0,224.0
5894,UCUXDKiEsZH9Kcad-hksAK7g,홍인규 골프TV,AXW65PgvjzM,홍인규가 라이브 도중 '샷 이글'을!? #shorts #golf #골프,2026-04-02T02:45:00Z,65.0,False,87717,666.0,40.0
5894,UCUXDKiEsZH9Kcad-hksAK7g,홍인규 골프TV,uhHNhWA9Z3E,성공 하면 남자팀과 타이 기록?🔥🔥 #shorts #golf #골프,2026-04-03T02:45:00Z,113.0,False,8284,52.0,1.0
5894,UCUXDKiEsZH9Kcad-hksAK7g,홍인규 골프TV,Q-34x7mhHoI,"[팔초왕] 80타초반 대회에 다크호스 등장?! 과연 우승자는 누구일까? ☑️2조│성대현, 주진모, 김성수│MC: 홍재경, 홍인규 EP.1",2026-04-05T09:00:00Z,3252.0,False,289659,3153.0,893.0
5894,UCUXDKiEsZH9Kcad-hksAK7g,홍인규 골프TV,0ycFmNftSMc,홀인원이 나왔다는 그 경기가 시작되었습니다!👍 #shorts #golf #골프,2026-04-06T02:45:00Z,110.0,False,29428,154.0,3.0
5894,UCUXDKiEsZH9Kcad-hksAK7g,홍인규 골프TV,EGgLiXVsFR0,실수를 바로 만회 하는 성대현🔥👍 #shorts #golf #칩인버디,2026-04-07T02:45:00Z,50.0,True,41309,181.0,7.0
5894,UCUXDKiEsZH9Kcad-hksAK7g,홍인규 골프TV,Zx-1_9JRYD0,PAR5 에서 투온 하는 주진모 배우🔥🔥 #shorts #golf #주진모,2026-04-08T02:45:00Z,45.0,True,239462,346.0,17.0
5894,UCUXDKiEsZH9Kcad-hksAK7g,홍인규 골프TV,mEx0qHM2b3M,"성대현, 주진모, 김성수 모두 버디 찬스 !? (결과는 본편 영상 확인하세요😘) #shorts #golf #골프",2026-04-09T02:45:00Z,62.0,False,29776,92.0,2.0
5894,UCUXDKiEsZH9Kcad-hksAK7g,홍인규 골프TV,V4k5hGsVNSQ,주진모 배우의 벙커 샷!? 과연? #shorts #golf #벙커샷,2026-04-10T02:45:00Z,60.0,True,29073,89.0,1.0
5894,UCUXDKiEsZH9Kcad-hksAK7g,홍인규 골프TV,SFQu5NnD5sc,"[팔초왕] 🔥홍인규 골프TV 역사상 최초 홀인원 탄생!🔥선두 그룹의 치열한 싸움│성대현, 주진모, 김성수│MC: 홍재경, 홍인규 EP.2",2026-04-12T09:00:00Z,2862.0,False,287133,4165.0,506.0
5894,UCUXDKiEsZH9Kcad-hksAK7g,홍인규 골프TV,oTTUctMyKaQ,좋은 기운 많이 받아가세요 😘👍 #shorts #golf #홀인원,2026-04-13T02:45:00Z,59.0,True,82059,631.0,36.0
5894,UCUXDKiEsZH9Kcad-hksAK7g,홍인규 골프TV,PNuFpp3GXRc,오늘은 다 되는 날!! 실력도 최상!!👍😧 #shorts #golf #퍼트,2026-04-14T02:45:00Z,47.0,True,33060,93.0,3.0
5894,UCUXDKiEsZH9Kcad-hksAK7g,홍인규 골프TV,GhiNcy93j4M,"주진모, 성대현, 김성수 드라이버 스윙은 어떨까요?😧 #shorts #golf #골프",2026-04-15T02:45:00Z,89.0,False,53360,124.0,3.0
5894,UCUXDKiEsZH9Kcad-hksAK7g,홍인규 골프TV,tAZJpv7OLzk,주진모 배우의 짧은 세컨 샷 결과는?!🔥#shorts #golf #주진모,2026-04-16T02:45:00Z,42.0,True,41527,115.0,4.0
5894,UCUXDKiEsZH9Kcad-hksAK7g,홍인규 골프TV,9dJdd7ZntLc,초감각 롱 ~~ 퍼트 성대현 멋집니다! #shorts #golf #성대현,2026-04-17T02:45:00Z,42.0,True,17893,59.0,2.0
5894,UCUXDKiEsZH9Kcad-hksAK7g,홍인규 골프TV,4OpLbOg657k,"[팔초왕] 선두 싸움 대혼전!!😧 모두의 예상대로 우승할까요? ☑️2조🏆우승자는?│성대현, 주진모, 김성수│MC: 홍재경, 홍인규 EP.3",2026-04-19T09:00:00Z,2915.0,False,145157,1688.0,130.0
5894,UCUXDKiEsZH9Kcad-hksAK7g,홍인규 골프TV,jnkoPq-O-5M,정확도를 위해 거리를 줄인 주진모 배우👍 #shorts #golf #골프,2026-04-20T02:45:00Z,31.0,True,202307,244.0,9.0
5894,UCUXDKiEsZH9Kcad-hksAK7g,홍인규 골프TV,WRO9Q3pQGXc,두명의 이글 찬스는 과연 어떨까요? #shorts #golf #골프,2026-04-21T02:45:00Z,132.0,False,39106,116.0,1.0
5894,UCUXDKiEsZH9Kcad-hksAK7g,홍인규 골프TV,A_FcxMpYG2U,위기의 주진모!? 단 1타 까지 좁히는 성대현!! #shorts #golf #골프,2026-04-22T02:45:00Z,95.0,False,20689,73.0,3.0
5894,UCUXDKiEsZH9Kcad-hksAK7g,홍인규 골프TV,DU3erVYoAr8,한 타 차를 유지 중인 경기🔥#shorts #golf #골프,2026-04-23T02:45:00Z,82.0,False,17028,61.0,2.0
5894,UCUXDKiEsZH9Kcad-hksAK7g,홍인규 골프TV,qbNHMvJLoWA,쫄깃한 승부처에서 그만....😭 #shorts #golf #골프,2026-04-24T02:45:00Z,74.0,False,14922,58.0,1.0
5894,UCUXDKiEsZH9Kcad-hksAK7g,홍인규 골프TV,BCrXQsi5E54,"[🔶몰아보기] 팔초왕☑️2조! 홀인원 나온 그 경기! 골프 장면만 꽉 담았습니다⛳│성대현, 주진모, 김성수│MC: 홍재경, 홍인규",2026-04-26T09:00:00Z,7470.0,False,27735,288.0,13.0
5894,UCUXDKiEsZH9Kcad-hksAK7g,홍인규 골프TV,scb0A0AZpD4,"[필드라이브]🔥오랜만에 붙었습니다! 변기수 vs 홍인규 자존심 대결 승자는?!│변기수, 홍인규│MC : 김수민 아나운서",2026-04-29T08:15:15Z,18651.0,False,139557,2127.0,94.0
5894,UCUXDKiEsZH9Kcad-hksAK7g,홍인규 골프TV,qmO_DIrDwfQ,[골프레슨] 수직낙하 / 엘투엘 / 1시?!  아직도 이렇게 하세요?!❗공대생 프로가 공식으로 알려드리겠습니다🔥,2026-05-03T09:00:00Z,1863.0,False,311781,4050.0,314.0
5894,UCUXDKiEsZH9Kcad-hksAK7g,홍인규 골프TV,M_63c4khV4c,리얼 공대생 출신 프로가 알려주는 레슨😮※본편 시청 필수 입니다! #shorts #golf #골프,2026-05-04T02:45:00Z,74.0,False,65640,196.0,9.0
5894,UCUXDKiEsZH9Kcad-hksAK7g,홍인규 골프TV,APxq-At4wtM,박상규 프로가 알려주는 스윙의 원리!? 😮 #shorts #golf #골프,2026-05-05T02:45:00Z,107.0,False,99790,376.0,16.0
5894,UCUXDKiEsZH9Kcad-hksAK7g,홍인규 골프TV,Bn4i8yBHaGU,코킹을 안 하는 게 좋은 거네요?? #shorts #golf #골프,2026-05-06T02:45:00Z,60.0,True,533969,1518.0,114.0
5894,UCUXDKiEsZH9Kcad-hksAK7g,홍인규 골프TV,B2NFlnmI2S4,훨씬 좋아진 방향성 👍 #shorts #golf #골프,2026-05-07T02:45:00Z,87.0,False,66278,236.0,11.0
5894,UCUXDKiEsZH9Kcad-hksAK7g,홍인규 골프TV,veHxoQ2uhZI,팔로우 스루 에서 L to L 금지?? 😧 #shorts #golf #골프,2026-05-08T02:45:16Z,114.0,False,217706,871.0,49.0
5894,UCUXDKiEsZH9Kcad-hksAK7g,홍인규 골프TV,-PwL3VZVmR4,[모두의 프로암] 심짱X김세영 프로 vs 홍인규X고수진 프로 2차전🔥※심짱 채널에서 확인해 주세요😘,2026-05-08T04:13:59Z,73.0,False,44070,243.0,15.0
5894,UCUXDKiEsZH9Kcad-hksAK7g,홍인규 골프TV,lRwh5IruIT8,"[팔초왕]☑️3조🔥김국진 선배님 제자들 나왔습니다!!! 제자들의 대결!⛳│신수지, 홍재경, 김세연│MC : 홍인규 EP.1",2026-05-10T09:00:02Z,3083.0,False,118532,1746.0,648.0
5894,UCUXDKiEsZH9Kcad-hksAK7g,홍인규 골프TV,DnMih_GAqDs,"김국진 선배님 제자들 출동😊 신수지, 홍재경, 김세연 첫 티샷 결과는!? #shorts #golf #골프",2026-05-11T02:45:36Z,86.0,False,28580,127.0,1.0
5894,UCUXDKiEsZH9Kcad-hksAK7g,홍인규 골프TV,8NHcPu8R9RM,"[필드라이브] 😊구독자 요청 폭주!! 🌸윤이진,🌼윤규미 여성 프로 듀오 등장🔥│MC : 홍인규",2026-05-12T06:40:49Z,15400.0,False,55773,882.0,30.0
5894,UCUXDKiEsZH9Kcad-hksAK7g,홍인규 골프TV,qNR3VLlQFGw,첫 홀 부터 나이스 버디⛳ #shorts #golf #골프,2026-05-13T02:45:29Z,53.0,True,20394,83.0,3.0
5894,UCUXDKiEsZH9Kcad-hksAK7g,홍인규 골프TV,Q-5yuJfhyHY,홍재경 아나운서🔥 칩 인 파..!? #shorts #golf #골프,2026-05-14T02:45:04Z,35.0,True,17257,43.0,4.0
5894,UCUXDKiEsZH9Kcad-hksAK7g,홍인규 골프TV,0Zqlh2h4yvs,미스코리아 김세연의 깔끔한 공략👍 #shorts #golf #골프,2026-05-15T02:45:14Z,39.0,True,8285,32.0,2.0
5895,UC1aS5CRRDrN6CmR2VcpmetA,한국일보(hankookilbo.com),BcsHVp9Cwi8,조국 평택 2개월 초단기 계약 의혹에 국토교통부 실거래가 공개 시스템 확인해 보니 ㅣ이슈전파사 여의도브라더스(김정현 김도형) 5월 11일 방송,2026-05-11T12:30:12Z,841.0,False,47349,2528.0,447.0
5895,UC1aS5CRRDrN6CmR2VcpmetA,한국일보(hankookilbo.com),2uwNQA6tDT0,"의미도 없고 재미도 없는데 ""잘하는 줄 알고 있다"" ㅣ 이슈전파사 여의도브라더스(김정현 김도형) 5월 11일 방송",2026-05-11T13:00:05Z,907.0,False,1797,76.0,8.0
5895,UC1aS5CRRDrN6CmR2VcpmetA,한국일보(hankookilbo.com),oGEUnMYqd-M,[방구석 정치 임장 : 서울시장] 역대 서울시장 선거 자치구별 득표율 정밀 분석 후 포착한 심상찮은 흐름 ㅣ이슈전파사 여의도브라더스(김정현 김도형) 5월 11일 방송,2026-05-11T13:31:01Z,1600.0,False,3477,166.0,31.0
5895,UC1aS5CRRDrN6CmR2VcpmetA,한국일보(hankookilbo.com),fI1UW6LiN40,'선진국들 제꼈다(?)' 들은 대통령 반응에 웃음 터진 회의장,2026-05-12T06:52:33Z,55.0,True,14370,578.0,10.0
5895,UC1aS5CRRDrN6CmR2VcpmetA,한국일보(hankookilbo.com),RepT-1iAscQ,"""4명 중에 1명 꼴…"" 천만 인구 무너진 서울의 현주소",2026-05-12T07:00:21Z,45.0,True,17973,434.0,11.0
5895,UC1aS5CRRDrN6CmR2VcpmetA,한국일보(hankookilbo.com),u-m857VNpcM,"""잘하고 계십니다""",2026-05-12T07:30:33Z,67.0,False,4907,270.0,8.0
5895,UC1aS5CRRDrN6CmR2VcpmetA,한국일보(hankookilbo.com),APtQ8CcsVqE,"""원심 너무 가볍다"" 이상민 항소심서 2년 가중된 9년 선고",2026-05-12T08:25:49Z,56.0,True,24022,895.0,71.0
5895,UC1aS5CRRDrN6CmR2VcpmetA,한국일보(hankookilbo.com),ZmYUBEnvUI4,신호등에 매달려 있는 오토바이? 믿기 힘든 캐나다 교차로 사고 현장,2026-05-12T09:15:05Z,33.0,True,1253,29.0,2.0
5895,UC1aS5CRRDrN6CmR2VcpmetA,한국일보(hankookilbo.com),233MF3L3BDY,[이슈전파사 LIVE] 최대 변수 ‘쇼츠 선거전’…후보들 이것 조심해라/쇼츠 하나에 울고 웃고…하정우-한동훈/연일 김용남 맹공하는 조국 ‘국힘 제로에 진심’! I260512(화),2026-05-12T10:09:03Z,4411.0,False,33750,3919.0,113.0
5895,UC1aS5CRRDrN6CmR2VcpmetA,한국일보(hankookilbo.com),Bns6iBHbyTQ,"""애쓰셨습니다""",2026-05-12T10:10:00Z,65.0,False,12885,325.0,15.0
5895,UC1aS5CRRDrN6CmR2VcpmetA,한국일보(hankookilbo.com),3xXheD9Kc-w,앞으로 84일간 해가 지지 않는 마을...미 최북단 도시 '백야' 시작,2026-05-12T10:30:04Z,37.0,True,1988,30.0,2.0
5895,UC1aS5CRRDrN6CmR2VcpmetA,한국일보(hankookilbo.com),V_WBXYwwLAw,'재수행님'만 찾는 하정우가 해야하는 것,2026-05-12T11:45:09Z,58.0,True,9716,419.0,18.0
5895,UC1aS5CRRDrN6CmR2VcpmetA,한국일보(hankookilbo.com),KSqrE0Nr6GU,"""조국혁신당에선 왜 아무도 항의하지 않나요?"" ㅣ이슈전파사 정치감다살(신인규 박원석) 5월 12일 방송",2026-05-12T12:00:36Z,1698.0,False,90234,4742.0,947.0
5895,UC1aS5CRRDrN6CmR2VcpmetA,한국일보(hankookilbo.com),TAXKvZ5rDG4,박원석 전 의원이 정원오 후보에게,2026-05-12T12:15:09Z,70.0,False,10359,473.0,38.0
5895,UC1aS5CRRDrN6CmR2VcpmetA,한국일보(hankookilbo.com),oHI7DV7PSJM,부산 북갑에 누가 바람을 일으킬 수 있나 ㅣ 이슈전파사 정치감다살(신인규 박원석) 5월 12일 방송,2026-05-12T12:30:57Z,1240.0,False,11866,374.0,82.0
5895,UC1aS5CRRDrN6CmR2VcpmetA,한국일보(hankookilbo.com),TtpVRULZ0eY,문재인 전 대통령의 '양두구육' 정치?,2026-05-12T12:45:04Z,50.0,True,10327,692.0,67.0
5895,UC1aS5CRRDrN6CmR2VcpmetA,한국일보(hankookilbo.com),t5JHF2J6XrU,"다 이긴 선거? ""챔피언처럼 선거 치르면 안 돼"" 정원오 향한 쓴소리ㅣ이슈전파사 정치감다살 5월 12일 방송",2026-05-12T13:01:35Z,726.0,False,4373,147.0,29.0
5895,UC1aS5CRRDrN6CmR2VcpmetA,한국일보(hankookilbo.com),N9bJr9z42js,김용남이 국민의힘 후보입니까?,2026-05-12T13:15:03Z,56.0,True,5482,563.0,41.0
5895,UC1aS5CRRDrN6CmR2VcpmetA,한국일보(hankookilbo.com),UJVSdPaCTow,"""너무 많이 와달라고 그러는데""",2026-05-13T05:32:08Z,57.0,True,7640,235.0,193.0
5895,UC1aS5CRRDrN6CmR2VcpmetA,한국일보(hankookilbo.com),w9cribMTecc,기자에게 '멍청이' '바보'... 트럼프 또 막말,2026-05-13T09:15:10Z,56.0,True,6755,128.0,14.0
5895,UC1aS5CRRDrN6CmR2VcpmetA,한국일보(hankookilbo.com),90VT_hOizUk,[이슈전파사 LIVE] ‘한 자릿수’ 차 서울/31년 전 폭행 전과 사유 들춘 오세훈 측…정원오 “사실 아냐”/김용남 ‘실핏줄 터진 눈’ vs 조국 ‘멍든 눈’I260513(수),2026-05-13T10:08:20Z,4641.0,False,22392,2006.0,106.0
5895,UC1aS5CRRDrN6CmR2VcpmetA,한국일보(hankookilbo.com),Bf2hL0tEPro,최고령이지만 반말도 괜찮아,2026-05-13T10:56:31Z,26.0,True,20968,157.0,24.0
5895,UC1aS5CRRDrN6CmR2VcpmetA,한국일보(hankookilbo.com),FKsr6LOaAxM,K-조선 간담회 참석한 기업 요청에 대통령이 전한 말,2026-05-13T11:15:02Z,61.0,False,19797,900.0,19.0
5895,UC1aS5CRRDrN6CmR2VcpmetA,한국일보(hankookilbo.com),Nh5JGddi9aY,정원오의 대응 방안은 '회피'?,2026-05-13T11:45:02Z,41.0,True,9852,259.0,57.0
5895,UC1aS5CRRDrN6CmR2VcpmetA,한국일보(hankookilbo.com),_mWzlYGBvEc,줄어든 격차... 31년 전 폭행 의혹 질문에 답 없이 가버린 정원오ㅣ이슈전파사 여의도노필터(강성필 정구승 정광재 이석현) 5월 13일 방송,2026-05-13T12:01:04Z,1380.0,False,9406,355.0,68.0
5895,UC1aS5CRRDrN6CmR2VcpmetA,한국일보(hankookilbo.com),TCwQV_ZjFrQ,얻은 게 없는 정청래 기자회견,2026-05-13T12:15:03Z,36.0,True,12141,526.0,94.0
5895,UC1aS5CRRDrN6CmR2VcpmetA,한국일보(hankookilbo.com),7T4PUYZffN4,높아진 민주당 지지층의 눈높이를 충족시킬 수 있나 ㅣ 이슈전파사 여의도노필터(강성필 정구승 정광재 이석현) 5월 13일 방송 2130,2026-05-13T12:30:09Z,755.0,False,10703,522.0,65.0
5895,UC1aS5CRRDrN6CmR2VcpmetA,한국일보(hankookilbo.com),hjXncH7hLYM,"네가 아프면, 나도 아파",2026-05-13T12:45:08Z,45.0,True,9434,738.0,102.0
5895,UC1aS5CRRDrN6CmR2VcpmetA,한국일보(hankookilbo.com),EuZvyqTxT_I,꼭 광화문이어야 속이 후련했냐,2026-05-13T13:15:01Z,57.0,True,13399,541.0,36.0
5895,UC1aS5CRRDrN6CmR2VcpmetA,한국일보(hankookilbo.com),F2tdIxDyf7o,환영 인파마저 복붙한 듯 비슷...9년 전 데자뷔 같았던 미중 정상회담 환영식,2026-05-14T07:38:12Z,64.0,False,777,13.0,3.0
5895,UC1aS5CRRDrN6CmR2VcpmetA,한국일보(hankookilbo.com),kKzsgds9gdg,"""회담 어땠나"" 질문에 동문서답·못 들은척...'심기 불편' 트럼프?",2026-05-14T09:39:37Z,37.0,True,9224,117.0,9.0
5895,UC1aS5CRRDrN6CmR2VcpmetA,한국일보(hankookilbo.com),2Zql0n19lq8,"""농업 대전환, 병폐 바로잡는 데서 출발""",2026-05-14T10:00:04Z,57.0,True,5760,689.0,17.0
5895,UC1aS5CRRDrN6CmR2VcpmetA,한국일보(hankookilbo.com),4DmVS5B8zRg,"[이슈전파사 LIVE] 출렁이는 전북… 정청래 연임 이미 ‘빨간 불’/국힘, 정원오 피해자 녹취 공개-정 후보, 동석자 진술 공개/문재인의 ‘좋아요’ 광폭 행보I260514(목)",2026-05-14T10:47:08Z,6751.0,False,40192,4557.0,138.0
5895,UC1aS5CRRDrN6CmR2VcpmetA,한국일보(hankookilbo.com),ODm801o8frQ,정청래 당대표 연임 빨간불? 호남도 들끓는다 ㅣ 이슈전파사 여의도브라더스(김정현 김도형) 5월 14일 방송,2026-05-14T11:58:56Z,655.0,False,12319,793.0,107.0
5895,UC1aS5CRRDrN6CmR2VcpmetA,한국일보(hankookilbo.com),hln-f5K4E74,하정우는 되고 김용남은 안 되는 문재인,2026-05-14T12:15:06Z,51.0,True,71076,3260.0,256.0
5895,UC1aS5CRRDrN6CmR2VcpmetA,한국일보(hankookilbo.com),_FLxGu2L15E,최초의 무소속 전북지사가 탄생한다면? ㅣ 이슈전파사 여의도브라더스(김정현 김도형) 5월 14일 방송,2026-05-14T12:30:44Z,1381.0,False,28826,1554.0,289.0
5895,UC1aS5CRRDrN6CmR2VcpmetA,한국일보(hankookilbo.com),1m3v0pD5BQk,당대표면 달걀 맞더라도 뚫고 가야지,2026-05-14T12:45:00Z,51.0,True,21943,1680.0,96.0
5895,UC1aS5CRRDrN6CmR2VcpmetA,한국일보(hankookilbo.com),LILwsfkvJDk,이슈전파사 방송 이후 '좋아요' 광폭 행보 중인 문재인 전 대통령 ㅣ이슈전파사 여의도브라더스(김정현 김도형) 5월 14일 방송,2026-05-14T13:00:29Z,485.0,False,7100,565.0,58.0
5895,UC1aS5CRRDrN6CmR2VcpmetA,한국일보(hankookilbo.com),Y3-oqEKCdU0,정원오에게 필요한 건 '세련된 대응',2026-05-14T13:15:04Z,59.0,True,6453,241.0,29.0
5895,UC1aS5CRRDrN6CmR2VcpmetA,한국일보(hankookilbo.com),0GcibMuoOPg,[방구석 정치 임장 : 평택을 A/S] 유의동이 김용남을 비판하지 않는 이유 ㅣ 이슈전파사 여의도브라더스(김정현 김도형) 5월 14일 방송,2026-05-14T13:30:01Z,1235.0,False,34487,2077.0,184.0
5895,UC1aS5CRRDrN6CmR2VcpmetA,한국일보(hankookilbo.com),TLB1EmQZX5Y,얼마나 술을 좋아하면 썰이 계속 나와?,2026-05-14T13:45:08Z,46.0,True,15213,716.0,30.0
5895,UC1aS5CRRDrN6CmR2VcpmetA,한국일보(hankookilbo.com),lWGcnsNolCo,30시간 넘게 '택배 분류' 중... 로봇 노동 최초 라방?,2026-05-15T07:40:33Z,104.0,False,2111,38.0,3.0
5895,UC1aS5CRRDrN6CmR2VcpmetA,한국일보(hankookilbo.com),dkawlhJFVgQ,"""외박 강요"" 국힘의 '폭행사건' 공세에 웃으며 ""허위 조작""... 정원오의 반격",2026-05-15T08:03:28Z,88.0,False,787,37.0,23.0
5895,UC1aS5CRRDrN6CmR2VcpmetA,한국일보(hankookilbo.com),Yq-OUM2vYUs,"""다음 오세요"" 몰려드는 셀카 요청에 피곤한 머스크",2026-05-15T09:30:29Z,45.0,True,14016,206.0,13.0
5895,UC1aS5CRRDrN6CmR2VcpmetA,한국일보(hankookilbo.com),6gB8AjNJ3GQ,"[이슈전파사 LIVE] '당선 빼고 다 해 본’ 고수들의 선거 꿀팁/서용주 “장동혁, 응원해”/김철근 “하정우, 반기문 되면 안 돼”/지선 ‘이것’만 알면 이긴다I260515(금)",2026-05-15T10:11:48Z,4665.0,False,13839,1289.0,26.0
5895,UC1aS5CRRDrN6CmR2VcpmetA,한국일보(hankookilbo.com),b9fYDclWOTk,세게 할 때는 세게 해야 됩니다,2026-05-15T10:30:32Z,59.0,True,11665,734.0,22.0
5895,UC1aS5CRRDrN6CmR2VcpmetA,한국일보(hankookilbo.com),K2D5-byyg9A,부자 몸조심? 정원오가 지금 당장 해야 하는 것,2026-05-15T10:32:34Z,1238.0,False,6994,205.0,59.0
5895,UC1aS5CRRDrN6CmR2VcpmetA,한국일보(hankookilbo.com),YZ9MdGsQjcY,'평택을 출마' 조국이 실패할 수 밖에 없는 이유,2026-05-15T11:00:59Z,496.0,False,25054,805.0,211.0
5895,UC1aS5CRRDrN6CmR2VcpmetA,한국일보(hankookilbo.com),In5S8HANRTQ,쉽게 갈 수 있는 선거도 어렵게 가는 정청래 대표,2026-05-15T11:30:13Z,802.0,False,27999,1353.0,154.0
5895,UC1aS5CRRDrN6CmR2VcpmetA,한국일보(hankookilbo.com),gq7JN0co2sg,“긴급조정 고려” 삼성전자 18일 교섭 폭풍전야… 정부 던진 경고장,2026-05-17T04:24:11Z,69.0,False,6017,597.0,38.0
5896,UCUcy82tGagXlj4t1p2todeQ,모칠레로 Mochilero,7MLK831W4nc,북유럽에서 온 그녀는 항해를 포기했습니다 #48,2025-09-06T00:00:10Z,1895.0,False,142081,4607.0,213.0
5896,UCUcy82tGagXlj4t1p2todeQ,모칠레로 Mochilero,cK1cAlMYK0Y,지중해 강풍속에 벌어진 충격적인 요트 사고 #49,2025-09-13T00:00:51Z,1872.0,False,191434,6004.0,201.0
5896,UCUcy82tGagXlj4t1p2todeQ,모칠레로 Mochilero,NKON8dDeBFM,한국을 가는 게 꿈이라는 유럽 시골마을 사람들 #50,2025-09-21T00:00:24Z,2181.0,False,338860,10160.0,221.0
5896,UCUcy82tGagXlj4t1p2todeQ,모칠레로 Mochilero,P7gyVMbklHo,한국인 요트에 동양인 선원을 초대했습니다  #51,2025-09-27T00:00:37Z,2064.0,False,219307,6563.0,243.0
5896,UCUcy82tGagXlj4t1p2todeQ,모칠레로 Mochilero,qUm3c9clstE,한국인 의사가 요트에 합류했습니다  #52,2025-10-02T09:01:16Z,1780.0,False,436363,12788.0,566.0
5896,UCUcy82tGagXlj4t1p2todeQ,모칠레로 Mochilero,yQDjs2Y7BiU,누드비치가 처음인 한국인 선원과 신비로운 섬 #53,2025-10-05T01:01:06Z,1509.0,False,708551,11183.0,268.0
5896,UCUcy82tGagXlj4t1p2todeQ,모칠레로 Mochilero,V_yjBouMNk8,한국 여자는 요트를 떠나고 불가리아 여자가 왔습니다 #54,2025-10-08T01:00:29Z,2025.0,False,307653,8424.0,215.0
5896,UCUcy82tGagXlj4t1p2todeQ,모칠레로 Mochilero,in8vkd30gpI,요트에 동유럽 여자가 오면 발생하는 문화 차이 #55,2025-10-12T01:00:47Z,1779.0,False,203850,6934.0,204.0
5896,UCUcy82tGagXlj4t1p2todeQ,모칠레로 Mochilero,r7-ObiNispg,요트 고장에 입국한 터키에서 만난 한국 유튜버 #56,2025-10-18T00:00:58Z,2080.0,False,183864,6703.0,194.0
5896,UCUcy82tGagXlj4t1p2todeQ,모칠레로 Mochilero,DwzUKPgRyDE,중동에서 만난 한국인이 요트에 합류했습니다 #57,2025-10-22T08:00:15Z,1915.0,False,581211,10029.0,1157.0
5896,UCUcy82tGagXlj4t1p2todeQ,모칠레로 Mochilero,mENSdlU2JZQ,한국에서 온 그녀와 아무도 없는 해변으로 항해하기 #58,2025-10-30T08:01:03Z,1637.0,False,193128,5396.0,374.0
5896,UCUcy82tGagXlj4t1p2todeQ,모칠레로 Mochilero,ygixNxNYZrA,한국인 유튜버와 한 배에서 생활하면 발생하는 사건들.. #59,2025-11-08T02:01:08Z,1902.0,False,263354,6121.0,191.0
5896,UCUcy82tGagXlj4t1p2todeQ,모칠레로 Mochilero,UMDWvpWkNxg,협곡 한가운데 요트 스톱! 신혼부부의 아찔한 생존기 #60,2025-11-15T00:00:40Z,1699.0,False,157316,4730.0,158.0
5896,UCUcy82tGagXlj4t1p2todeQ,모칠레로 Mochilero,RajvIE3s0og,한국인 요트로 지중해를 항해한다면.. #61,2025-11-23T03:00:30Z,1444.0,False,128219,3681.0,73.0
5896,UCUcy82tGagXlj4t1p2todeQ,모칠레로 Mochilero,b-ZiZV8AcZY,터키 바다에 어딜 가나 보이는 러시아 사람들 #62,2025-11-29T02:00:42Z,1730.0,False,383146,7363.0,239.0
5896,UCUcy82tGagXlj4t1p2todeQ,모칠레로 Mochilero,jAbmy5bva90,요트에 새롭게 합류한 한국인 선원과 떠나는 선원 #63,2025-12-06T00:00:53Z,1678.0,False,138387,4115.0,158.0
5896,UCUcy82tGagXlj4t1p2todeQ,모칠레로 Mochilero,wSVe8Gcq9Tw,갑자기 한국으로 귀국한 이유,2025-12-08T09:01:35Z,1592.0,False,396998,9880.0,348.0
5896,UCUcy82tGagXlj4t1p2todeQ,모칠레로 Mochilero,ztlf0m3eIZ8,계획 없으면 여행 못하는 나라 #64,2025-12-13T01:01:26Z,1144.0,False,140649,4493.0,113.0
5896,UCUcy82tGagXlj4t1p2todeQ,모칠레로 Mochilero,YeJAEhONv6s,"갈등과 문제의 연속, 20시간 야간 항해 #65",2025-12-20T02:00:00Z,1106.0,False,149947,4207.0,93.0
5896,UCUcy82tGagXlj4t1p2todeQ,모칠레로 Mochilero,9Jxo01JbfNg,"한국인 혼자 여행하면, 뭐든 도와주는 국가 #66",2025-12-27T04:00:09Z,1179.0,False,156308,5153.0,105.0
5896,UCUcy82tGagXlj4t1p2todeQ,모칠레로 Mochilero,Hbe2GbgVsZ8,전쟁으로 타국에 정착한 우크라이나 여대생 #67,2026-01-04T02:00:20Z,1610.0,False,297942,6919.0,162.0
5896,UCUcy82tGagXlj4t1p2todeQ,모칠레로 Mochilero,1sTW-O28SBc,중국에서 20시간 비행기 타고 온 그녀 #68,2026-01-18T02:00:00Z,1651.0,False,174871,5676.0,143.0
5896,UCUcy82tGagXlj4t1p2todeQ,모칠레로 Mochilero,3hx9EqKKjws,러시아 여자와 한국 남자의 문화 차이 #69,2026-01-24T02:00:00Z,1321.0,False,344588,6093.0,181.0
5896,UCUcy82tGagXlj4t1p2todeQ,모칠레로 Mochilero,THUhl1yveVE,200 시간 동안 낯선 사람과 항해 #70,2026-01-31T02:00:00Z,1653.0,False,143171,4087.0,143.0
5896,UCUcy82tGagXlj4t1p2todeQ,모칠레로 Mochilero,bsEhUmBxQRc,한국 요트 고장과 떠나버린 여자 선원 #71,2026-02-08T00:00:00Z,1566.0,False,129478,4090.0,118.0
5896,UCUcy82tGagXlj4t1p2todeQ,모칠레로 Mochilero,tpxXkKoJvvk,요트로 찾아온 여자가 30분만 재워달라는데.. #72,2026-02-14T04:00:00Z,1256.0,False,247442,6167.0,249.0
5896,UCUcy82tGagXlj4t1p2todeQ,모칠레로 Mochilero,pZXL2rTLR4s,요트에서 300일째 혼자 사는 남자 #73,2026-02-21T02:00:00Z,1714.0,False,243601,4992.0,163.0
5896,UCUcy82tGagXlj4t1p2todeQ,모칠레로 Mochilero,RcOfphgahEY,생계형으로 절약하고 살아도 1년 1억 쓰는 요트살이 #74,2026-02-25T08:00:00Z,1312.0,False,334226,6306.0,315.0
5896,UCUcy82tGagXlj4t1p2todeQ,모칠레로 Mochilero,Zgdq_Zon6nw,이탈리아로 80시간 단독 항해 중 벌어진 충격적인 사고 #75,2026-03-01T02:00:00Z,1790.0,False,151791,4593.0,221.0
5896,UCUcy82tGagXlj4t1p2todeQ,모칠레로 Mochilero,Mh42wfosAR8,한국 유학생이 많이 오는 개방적인 섬나라 #76,2026-03-08T02:00:00Z,1759.0,False,167089,5079.0,147.0
5896,UCUcy82tGagXlj4t1p2todeQ,모칠레로 Mochilero,gKZzFMEHRM4,유럽 바다에서 한국인 선장을 만나 요트를 무료로 탔습니다 #77,2026-03-14T02:00:00Z,1387.0,False,224660,5868.0,136.0
5896,UCUcy82tGagXlj4t1p2todeQ,모칠레로 Mochilero,YWaT30Fd4iY,아프리카 항구로 입항한 한국 요트를 본 현지인들의 반응 #78,2026-03-19T07:00:00Z,1649.0,False,164503,5183.0,107.0
5896,UCUcy82tGagXlj4t1p2todeQ,모칠레로 Mochilero,MwHvDTWPsgE,아프리카에서 만난 유튜버가 요트에 승선했습니다 #79,2026-03-22T00:15:00Z,1222.0,False,121589,4253.0,102.0
5896,UCUcy82tGagXlj4t1p2todeQ,모칠레로 Mochilero,Eef9LqYUcPI,"요트에 승선한 한국인 유튜버의 심각한 상태, 결국 피항  #80",2026-03-28T01:51:45Z,1556.0,False,99809,2972.0,89.0
5896,UCUcy82tGagXlj4t1p2todeQ,모칠레로 Mochilero,1dxAl0bIqtw,한국인에게 가장 인기 있는 지중해 섬  #81,2026-04-04T02:00:00Z,1754.0,False,96511,3321.0,94.0
5896,UCUcy82tGagXlj4t1p2todeQ,모칠레로 Mochilero,c8-uAIMTNqU,한국 커플과 동행하고 결혼을 다시 고민하게 됩니다 #82,2026-04-11T01:00:00Z,2017.0,False,69795,2699.0,61.0
5896,UCUcy82tGagXlj4t1p2todeQ,모칠레로 Mochilero,iG4_Ogkf8EM,1 단독 대서양 횡단 생존신고,2026-04-15T12:15:09Z,3159.0,False,47363,3087.0,141.0
5896,UCUcy82tGagXlj4t1p2todeQ,모칠레로 Mochilero,1HlQYmQi68c,2 단독 대서양 횡단 - 내가 결혼을 못하는 이유,2026-04-17T13:45:49Z,4760.0,False,44677,2689.0,77.0
5896,UCUcy82tGagXlj4t1p2todeQ,모칠레로 Mochilero,_GzBOAaEQzQ,한국에서 다시 찾아온 산부인과 의사 #83,2026-04-18T02:00:00Z,1371.0,False,145251,4707.0,212.0
5896,UCUcy82tGagXlj4t1p2todeQ,모칠레로 Mochilero,JgaX9RAZLyE,3 단독 대서양 횡단 - 여행에 10억 쓰고 실패한 유튜버 이야기,2026-04-19T14:40:57Z,6250.0,False,86474,4492.0,100.0
5896,UCUcy82tGagXlj4t1p2todeQ,모칠레로 Mochilero,yp1PAMeCEZM,4 대서양 단독 횡단 - 한국인 최초 CDT 완주자의 이야기,2026-04-21T14:17:13Z,5680.0,False,49331,3213.0,98.0
5896,UCUcy82tGagXlj4t1p2todeQ,모칠레로 Mochilero,piPFK55lwtE,5 대서양 단독 횡단 - 직접 만든 캠핑카로 50개국 여행기,2026-04-23T13:21:10Z,5558.0,False,28323,2342.0,62.0
5896,UCUcy82tGagXlj4t1p2todeQ,모칠레로 Mochilero,3Yqs2mR0lWU,유럽까지 찾아온 그녀와 요트 타고 도착한 신혼여행지 #84,2026-04-25T00:00:00Z,1960.0,False,118440,4072.0,149.0
5896,UCUcy82tGagXlj4t1p2todeQ,모칠레로 Mochilero,mgQ0qzxRTGs,6 단독 대서양 횡단 - 150개국 여행자가 뽑은 최악의 여행지,2026-04-25T15:13:47Z,6039.0,False,31612,2499.0,63.0
5896,UCUcy82tGagXlj4t1p2todeQ,모칠레로 Mochilero,-n0509xt3L8,7 단독 대서양 횡단 - 30대에 집대신 요트를 구매한 이유,2026-04-27T13:09:06Z,4678.0,False,30712,2216.0,39.0
5896,UCUcy82tGagXlj4t1p2todeQ,모칠레로 Mochilero,HkNVXIPijq0,8 단독 대서양 횡단 마지막 라이브 - 400시간 항해 기록,2026-04-29T13:53:15Z,4711.0,False,29646,2695.0,77.0
5896,UCUcy82tGagXlj4t1p2todeQ,모칠레로 Mochilero,u7wT8tqJcLg,단독 대서양 횡단 완주 - 카리브해 바베이도스,2026-05-01T13:47:29Z,3160.0,False,33624,2587.0,125.0
5896,UCUcy82tGagXlj4t1p2todeQ,모칠레로 Mochilero,u3LcsJN4SoE,한국인이 여행하기 최고의 섬 #85,2026-05-07T09:00:00Z,1572.0,False,84131,3158.0,190.0
5896,UCUcy82tGagXlj4t1p2todeQ,모칠레로 Mochilero,1Ge6reLlNws,겨울 바다가 위험한 이유 #86,2026-05-10T01:00:15Z,1229.0,False,68025,2858.0,63.0
5896,UCUcy82tGagXlj4t1p2todeQ,모칠레로 Mochilero,fPa69ILcGUs,아프리카에서 요트 타고 유럽에 도착했더니 현지인들의 놀라운 반응 #87,2026-05-16T03:00:07Z,1228.0,False,47018,2311.0,43.0
5897,UCiUQWRA_xsGzvNVGFlBKBiQ,직방TV,QRs8KPZP2EY,2026년 부동산 시장 전망 '지금 꼭 알아야 할 3가지' #zigbang #부동산 #아파트 #전세 #내집마련 #부동산시장,2026-01-12T10:37:50Z,44.0,True,2493,13.0,2.0
5897,UCiUQWRA_xsGzvNVGFlBKBiQ,직방TV,Bsi91-30i50,"서울 집값 1위, 20년 동안 이렇게 바뀜 ㅎㄷㄷ#부동산 #직방 #zigbang #아파트 #아파트랭킹  #서울집값",2026-01-14T09:36:41Z,41.0,True,6416,27.0,8.0
5897,UCiUQWRA_xsGzvNVGFlBKBiQ,직방TV,jtE3qcC3gDw,2026 GTX-A 전구간 개통 '집값은 이미 반영됐나?' #zigbang #부동산 #교통 #gtx #역세권 #아파트 #부동산시장,2026-01-16T09:27:03Z,57.0,True,3761,18.0,4.0
5897,UCiUQWRA_xsGzvNVGFlBKBiQ,직방TV,bG8HzadtX54,2026년 교통 대변혁! 판교·분당 위협할 서남권 '이 노선'은? #직방 #zigbang #부동산 #교통 #ktx #역세권 #아파트 #부동산시장,2026-01-17T05:27:02Z,59.0,True,2470,14.0,1.0
5897,UCiUQWRA_xsGzvNVGFlBKBiQ,직방TV,_qdrtfR4rgY,2026년 수도권 교통 호재 총정리!! 여기 다 있다,2026-01-18T03:06:15Z,463.0,False,1968,33.0,7.0
5897,UCiUQWRA_xsGzvNVGFlBKBiQ,직방TV,vD_Lgd5U84I,"위례선 트램 개통, 집값에 영향은 얼마나 줄까? #직방 #zigbang #부동산 #교통 #위례 #트램  #아파트",2026-01-19T10:13:58Z,57.0,True,13915,80.0,5.0
5897,UCiUQWRA_xsGzvNVGFlBKBiQ,직방TV,ss0VnZTW72Y,다시 달린다! 경원선 '연천~백마고지' 재개통 #직방 #zigbang #부동산 #교통 #경원선 #부동산시장,2026-01-20T09:57:51Z,51.0,True,2119,13.0,4.0
5897,UCiUQWRA_xsGzvNVGFlBKBiQ,직방TV,dTRKHwiA0-Q,강남에도 서열이 있다! 가장 비싼 역세권은 어디?  #부동산 #직방 #zigbang #아파트 #아파트랭킹 #강남 #강남집값,2026-01-21T09:31:35Z,37.0,True,5844,26.0,2.0
5897,UCiUQWRA_xsGzvNVGFlBKBiQ,직방TV,oP7sOEgb2H4,"사도 되는 집, 안되는 집 이것부터 보세요!  #zigbang #부동산 #나홀로아파트 #내집마련 #부동산시장",2026-01-23T10:37:48Z,55.0,True,2689,11.0,2.0
5897,UCiUQWRA_xsGzvNVGFlBKBiQ,직방TV,kqzLDyZ08LA,"빌라·나홀로 아파트, 사도 될까요? 첫 매매라면 꼭 봐야 할 데이터 총정리",2026-01-24T01:00:24Z,675.0,False,1159,27.0,5.0
5897,UCiUQWRA_xsGzvNVGFlBKBiQ,직방TV,ctTjriZ_WMc,세입자가 줄 서는 집 고르기 꿀팁 #부동산 #직방 #zigbang #아파트 #부동산시장 #빌라 #아홀로 아파트,2026-01-24T12:33:05Z,59.0,True,2358,11.0,1.0
5897,UCiUQWRA_xsGzvNVGFlBKBiQ,직방TV,ysDlyOcUm4M,집값 뻥튀기 안 당하는 법: '가격 기준점' 찾는 30초 꿀팁,2026-01-25T04:51:01Z,54.0,True,1783,7.0,1.0
5897,UCiUQWRA_xsGzvNVGFlBKBiQ,직방TV,hvWQYFiOJa8,30초 만에 '잘 팔리는 집' 골라내는 법 #zigbang #직방 #아파트 #매매 #부동산 #부동산꿀팁,2026-01-26T11:10:07Z,57.0,True,453147,120.0,3.0
5897,UCiUQWRA_xsGzvNVGFlBKBiQ,직방TV,pT29eSmlAKk,'직방 AI'가 3초 만에 찾아주는 알짜 매물은!? #직방 #AI중개사 #나홀로아파트 #부동산꿀팁 #내집마련 #직방AI,2026-01-27T10:00:32Z,62.0,False,3041,14.0,1.0
5897,UCiUQWRA_xsGzvNVGFlBKBiQ,직방TV,mUDsQI3_TAE,"영끌은 옛말, 요즘 30대가 '조용히' 돈 싸 들고 모이는 동네",2026-01-29T02:51:48Z,511.0,False,1379,27.0,13.0
5897,UCiUQWRA_xsGzvNVGFlBKBiQ,직방TV,LyhsZ3loRUs,10년 전 '이 동네'에 아파트 샀다면? 서울 집값 상승률 TOP 10#부동산 #직방 #zigbang #아파트 #아파트랭킹 #서울집값 #집값상승률,2026-01-30T03:04:20Z,35.0,True,2998,13.0,6.0
5897,UCiUQWRA_xsGzvNVGFlBKBiQ,직방TV,keRKgjgP0Fo,첫 매매 시 '입지'보다 중요한 건 바로!? #직방#zigbang#내집마련 #생애최초 #부동산꿀팁,2026-01-30T09:35:51Z,84.0,False,2842,16.0,1.0
5897,UCiUQWRA_xsGzvNVGFlBKBiQ,직방TV,lQeFFUAcxAw,생애 최초 매수자라면 '이 지표'부터 꼭 확인하세요! #직방 #내집마련 #아파트 #부동산꿀팁 #부동산 #매매,2026-01-31T10:29:17Z,65.0,False,4861,19.0,2.0
5897,UCiUQWRA_xsGzvNVGFlBKBiQ,직방TV,4k0IvhTfwh8,현금화가 빠른 알짜 아파트 찾는법! #zigbang #부동산꿀팁 #생애최초 #매매 #아파트,2026-02-01T01:36:31Z,76.0,False,2992,27.0,1.0
5897,UCiUQWRA_xsGzvNVGFlBKBiQ,직방TV,kyjHpb8p1Bc,대출 걱정에도 30대가 줄지어 사는 동네의 비밀! #직방 #zigbang #내집마련 #부동산꿀팁 #생애최초,2026-02-02T03:30:48Z,88.0,False,3967,28.0,1.0
5897,UCiUQWRA_xsGzvNVGFlBKBiQ,직방TV,xVSd4pAXqUo,[아파트실검 1위] 실거주 컨디션은 이정도면 완벽? 꽉찬 오각형 단지! #아파트 #서울 #이문동 #부동산,2026-02-13T07:47:26Z,55.0,True,16613,29.0,6.0
5897,UCiUQWRA_xsGzvNVGFlBKBiQ,직방TV,0ULxDY2dE8g,[오늘의 부동산 핵심 뉴스 TOP 3] 전세는 사라지고 분양은 완판?!😲 #서울 #전세 #분양 #부동산 #직방 #zigbang #아파트,2026-02-24T10:28:02Z,123.0,False,2563,16.0,3.0
5897,UCiUQWRA_xsGzvNVGFlBKBiQ,직방TV,XIs3YSfsLBI,[아파트실검 1위] 경기도 탑티어를 노린다! 광명 최고 인기 아파트 #아파트 #부동산 #경기도 #광명시 #자이,2026-02-25T09:38:23Z,51.0,True,10826,21.0,9.0
5897,UCiUQWRA_xsGzvNVGFlBKBiQ,직방TV,aur8ukgdc8Q,[부동산 팩트체크] 노원vs강북vs도봉 어디가 더 나을까?#노원 #강북 #도봉,2026-02-26T04:09:52Z,58.0,True,6941,13.0,4.0
5897,UCiUQWRA_xsGzvNVGFlBKBiQ,직방TV,6PZNxuRj6Kc,[오늘의 부동산 핵심 뉴스 TOP 3] 금리 동결·빌라 몸테크·핀셋 규제 #금리 #다주택자 #부동산 #아파트,2026-02-27T10:06:24Z,100.0,False,3045,14.0,4.0
5897,UCiUQWRA_xsGzvNVGFlBKBiQ,직방TV,soAVteq8Cjs,[아파트실검 1위] 부동산 시장의 나스닥이라 불리는 아파트 #아파트 #부동산 #서울 #송파 #나스닥 #헬리오시티,2026-03-02T00:00:53Z,50.0,True,3571,14.0,3.0
5897,UCiUQWRA_xsGzvNVGFlBKBiQ,직방TV,l3WsVnbJbaA,[아파트실검 1위] 강남 서초 다 이기는 수도권 아파트! #아파트 #부동산 #서울 #경기 #수도권 #위례 #위례센트럴자이,2026-03-04T10:09:04Z,57.0,True,25478,37.0,3.0
5897,UCiUQWRA_xsGzvNVGFlBKBiQ,직방TV,SMVYsI8YZdY,[오늘의 부동산 핵심 뉴스 TOP 3] 강남 하락 전환·전세대출 규제 검토·LH 전세임대 조기공급  #강남 #전세대출 #LH #전세임대 #부동산 #직방 #zigbang #아파트,2026-03-05T03:58:46Z,75.0,False,2849,19.0,0.0
5897,UCiUQWRA_xsGzvNVGFlBKBiQ,직방TV,73RSTJZHEVI,1기·2기 신도시 집값 계급도🔥 1위는 어디?! #신도시 #아파트 #부동산 #집값 #랭킹,2026-03-05T22:00:07Z,37.0,True,14005,35.0,7.0
5897,UCiUQWRA_xsGzvNVGFlBKBiQ,직방TV,X0pqp4F5P5Q,분당 아파트 계급도🏆 현재 1위는 어디!? #분당 #아파트 #랭킹 #분당집값 #경기도,2026-03-09T10:31:37Z,37.0,True,5031,13.0,1.0
5897,UCiUQWRA_xsGzvNVGFlBKBiQ,직방TV,rmsg3g5ZhOo,서울 아파트 매매량 최다 지역은 여기! #서울 #아파트 #랭킹 #매매 #부동산,2026-03-10T10:57:34Z,37.0,True,3300,8.0,1.0
5897,UCiUQWRA_xsGzvNVGFlBKBiQ,직방TV,duDj7W6Mq_M,[아파트실검 1위] 신축 갈래? 은마 갈래? 대치동 끝판왕 은마아파트 #서울 #강남 #대치동 #아파트 #부동산 #서울 #은마 #직방,2026-03-11T09:55:50Z,72.0,False,3845,22.0,2.0
5897,UCiUQWRA_xsGzvNVGFlBKBiQ,직방TV,Dv60Z377X88,요즘 아파트 1평 수준ㄷㄷ #아파트 #부동산 #압구정 #현대,2026-03-12T09:05:38Z,16.0,True,1737,11.0,3.0
5897,UCiUQWRA_xsGzvNVGFlBKBiQ,직방TV,gF6WQKXhq2w,"1주택자도 예외 없다?! 국토부 장관, 보유세 재검토 시사 #부동산 #보유세 #김윤덕장관 #1주택자 #정책 #집값 #아파트 #직방",2026-03-13T09:37:29Z,28.0,True,8202,67.0,14.0
5897,UCiUQWRA_xsGzvNVGFlBKBiQ,직방TV,otWR9wg35T8,"주식 20년 장투 vs 강남 아파트 20년 전 매매, 과연 결과는!? #주식 #코스피 #부동산 #아파트 #상승장 #수익률 #투자 #직방",2026-03-13T11:30:48Z,20.0,True,3010,8.0,1.0
5897,UCiUQWRA_xsGzvNVGFlBKBiQ,직방TV,UnX47tbRqTY,서울이 1위가 아니라고?!😮 전국에서 치킨집이 가장 빽빽한 지역 TOP 10 #치킨 #치세권 #랭킹 #통계,2026-03-18T08:15:06Z,32.0,True,2139,10.0,2.0
5897,UCiUQWRA_xsGzvNVGFlBKBiQ,직방TV,P_e5eaogkoY,마포구 아파트 계급도 근황ㅎㄷㄷ 대장 아파트 또 바꼈네ㅋㅋ #마포구 #아파트 #직방 #마포대장 #서울 #집값 #부동산,2026-03-19T04:04:23Z,37.0,True,4346,13.0,2.0
5897,UCiUQWRA_xsGzvNVGFlBKBiQ,직방TV,hAD1cSbMlCg,2026년 대한민국에서 가장 비싼 아파트 TOP 10 #강남빌딩3채값 #아파트 #강남 #부동산 #공시가격 #2026년 #직방,2026-03-20T03:51:32Z,8.0,True,3787,15.0,3.0
5897,UCiUQWRA_xsGzvNVGFlBKBiQ,직방TV,SQdamcbS_SI,서울 아파트 매물 8만 건 폭발! 지금 '급급매' 잡으려는 사람들 줄 섰다? #부동산 #아파트 #서울 #급매 #토허제,2026-03-20T10:10:02Z,38.0,True,8109,23.0,4.0
5897,UCiUQWRA_xsGzvNVGFlBKBiQ,직방TV,j5JsfagePEY,다주택 공직자 OUT! 이재명 대통령의 파격적인 지시  #부동산 #정책 #뉴스 #대통령 #다주택자,2026-03-23T10:06:56Z,29.0,True,3607,58.0,11.0
5897,UCiUQWRA_xsGzvNVGFlBKBiQ,직방TV,_N4m22wOhq8,아파트 한 채 값 실종?!😱 수억 떨어진 서울 아파트 TOP 5  #아파트 #부동산 #서울 #실거래가 #매매,2026-03-25T09:50:47Z,29.0,True,86247,216.0,9.0
5897,UCiUQWRA_xsGzvNVGFlBKBiQ,직방TV,Pyca9vePxPE,요즘 제일 살기 좋은 아파트 브랜드 1위는 어디? #아파트 #부동산 #브랜드 #아파트정보#랭킹,2026-03-27T04:16:47Z,11.0,True,50369,38.0,2.0
5897,UCiUQWRA_xsGzvNVGFlBKBiQ,직방TV,ynqdzdMWjJQ,이번에 보유세 폭탄맞은 서울 아파트 세금 근황 ㅎㄷㄷ #부동산 #아파트 #보유세 #세금 #서울,2026-03-27T11:14:46Z,33.0,True,516534,1054.0,5.0
5897,UCiUQWRA_xsGzvNVGFlBKBiQ,직방TV,evvSIWtyTGc,보유세만 삼천만원?! 요즘 서울 아파트 세금 미쳤다; #부동산 #보유세 #세금 #아파트 #서울 #뉴스,2026-03-28T03:18:20Z,27.0,True,14735,39.0,15.0
5897,UCiUQWRA_xsGzvNVGFlBKBiQ,직방TV,I3SZ3B-Pjcg,1주택자도 안 살면 투기꾼? 초강수 규제 나올까? #아파트 #부동산 #뉴스 #정책 #규제 #1주택자,2026-03-30T09:44:11Z,43.0,True,4501,28.0,5.0
5897,UCiUQWRA_xsGzvNVGFlBKBiQ,직방TV,DCokndtQ9-w,국세청이 인증한 고소득 동네 TOP 10 #부자 #소득 #국세청 #랭킹,2026-04-01T12:41:25Z,26.0,True,4738,15.0,3.0
5897,UCiUQWRA_xsGzvNVGFlBKBiQ,직방TV,ig3fgnuuBd0,다주택자 잡으려다 세입자 잡나?! 전세 공급 30% 급감😱 #주담대 #아파트 #매매 #전세 #월세,2026-04-03T12:56:05Z,32.0,True,10657,50.0,4.0
5897,UCiUQWRA_xsGzvNVGFlBKBiQ,직방TV,SQWPZQCTX8M,같은 서울 맞음?! 충격적인 집값 차이😨 #서울 #집값 #부동산 #아파트 #강남,2026-04-09T10:07:27Z,33.0,True,3388,8.0,2.0
5897,UCiUQWRA_xsGzvNVGFlBKBiQ,직방TV,cIDHsSIUeZM,내 집 마련은 여기로?! 전국에서 가장 살기 좋은 도시 TOP 5 #주거환경 #랭킹 #지역 #서울 #경기 #동네추천,2026-04-10T07:15:37Z,62.0,False,18233,90.0,12.0
5897,UCiUQWRA_xsGzvNVGFlBKBiQ,직방TV,nUiO6lZX_Qs,요즘 대세는 여기! 1분기 아파트 인기 순위 TOP 5 #아파트 #인기순위 #1분기 #서울 #랭킹,2026-04-15T09:15:24Z,71.0,False,6338,35.0,0.0
5898,UC0sfSZeoSUeWxys7OKkTelQ,TBS FM 95.1MHz,UTqeHAVZemY,"트롯계 혜성 등장! 윤윤서×김보민, 나이 잊은 무대에 스튜디오 술렁💥[최일구의 허리케인 라디오 / 점심먹고 디저트쇼] | 250623 (화)",2025-06-24T03:00:29Z,2633.0,False,30736,601.0,100.0
5898,UC0sfSZeoSUeWxys7OKkTelQ,TBS FM 95.1MHz,VObbGIhoCr8,"가요계 두 황제 만났다! 남일해×남진, 디저트쇼 전설편🔥[최일구의 허리케인 라디오 / 점심먹고 디저트쇼] | 250624 (화)",2025-06-25T03:00:29Z,2522.0,False,86362,1524.0,155.0
5898,UC0sfSZeoSUeWxys7OKkTelQ,TBS FM 95.1MHz,7GUaT7_JGGg,"“이거 방송 중독인가요?” 김영권 원장, 방송 맛 제대로 들렸다ㅋㅋ  [최일구의 허리케인 라디오] | 250625 (수)",2025-06-26T03:00:08Z,2523.0,False,226,15.0,1.0
5898,UC0sfSZeoSUeWxys7OKkTelQ,TBS FM 95.1MHz,vRomGVVng3w,임찬 vs 성유빈 트롯 미남 맞대결🔥[최일구의 허리케인 라디오 / 서바이벌 힘든싱어] | 250627 (금),2025-06-30T03:01:00Z,2410.0,False,246,16.0,6.0
5898,UC0sfSZeoSUeWxys7OKkTelQ,TBS FM 95.1MHz,xnG_Pk3dnus,"진시몬×홍주, 감성 폭발 신곡 무대! 디저트쇼 감동 특집✨[최일구의 허리케인 라디오 / 점심먹고 디저트쇼] | 250623 (월)",2025-07-01T03:01:13Z,2482.0,False,281,11.0,1.0
5898,UC0sfSZeoSUeWxys7OKkTelQ,TBS FM 95.1MHz,C3FqQvT6WiM,최국 사무실에 러브버그 떼창?! 에프킬라 학살극 벌어졌다🤣 [최일구의 허리케인 라디오 / 대신 화내주는 남자] | 250701 (화),2025-07-02T03:00:11Z,2395.0,False,476,48.0,4.0
5898,UC0sfSZeoSUeWxys7OKkTelQ,TBS FM 95.1MHz,LiFvBpuy59U,"“아침마다 붓고 아픈 손가락, 병원 가세요” 김영권 원장 경고⚠️ [최일구의 허리케인 라디오] | 250703 (수)",2025-07-03T03:00:22Z,2387.0,False,230,13.0,0.0
5898,UC0sfSZeoSUeWxys7OKkTelQ,TBS FM 95.1MHz,8pUzPVrX5Oo,임찬 4승 도전! 다재다능 트롯 택시기사 송준의 반격?!🔥[최일구의 허리케인 라디오 / 서바이벌 힘든싱어] | 250704 (금),2025-07-07T03:00:08Z,2359.0,False,224,14.0,8.0
5898,UC0sfSZeoSUeWxys7OKkTelQ,TBS FM 95.1MHz,kUuHRHpUelw,트롯 레전드 강진×독일 디바 로미나! 무대가 끓는다🎤 [최일구의 허리케인 라디오 / 점심먹고 디저트쇼] | 250705 (화),2025-07-08T03:01:00Z,2686.0,False,370,15.0,5.0
5898,UC0sfSZeoSUeWxys7OKkTelQ,TBS FM 95.1MHz,_KK3eyLd6g8,서울 37도 찍은 날… 최국도 폭발했다! 대화남 분노 풀가동 [최일구의 허리케인 라디오 / 대신 화내주는 남자] | 250708 (화),2025-07-09T03:00:41Z,2519.0,False,564,43.0,5.0
5898,UC0sfSZeoSUeWxys7OKkTelQ,TBS FM 95.1MHz,D3JTP97cxhE,여름엔 맥주지~ 했다가 통풍 옵니다?! 김영권 원장의 경고⚠️ [최일구의 허리케인 라디오] | 250709 (수),2025-07-10T03:00:14Z,2484.0,False,181,12.0,0.0
5898,UC0sfSZeoSUeWxys7OKkTelQ,TBS FM 95.1MHz,iI_emhfSg3Q,"이대로 끝낼 수 없다! 성환 vs 나래, 패자부활전 리매치! [최일구의 허리케인 라디오 / 서바이벌 힘든싱어] | 250711(금)",2025-07-15T03:00:47Z,2421.0,False,310,10.0,0.0
5898,UC0sfSZeoSUeWxys7OKkTelQ,TBS FM 95.1MHz,igTZRl1KUVg,이문세·아이유도 반한 기타 전설! 함춘호× 김현우PD의 무대 토크✨ [최일구의 허리케인 라디오 / 점심먹고 디저트쇼] | 250721 (월),2025-07-23T02:00:41Z,2537.0,False,240,13.0,2.0
5898,UC0sfSZeoSUeWxys7OKkTelQ,TBS FM 95.1MHz,c5DcoD-fKsw,MBC 라디오가 ‘대신 화내주는 남자’를?! 최국 반응은 이랬다ㅋㅋ [최일구의 허리케인 라디오 / 대신 화내주는 남자] | 250722 (화),2025-07-23T03:00:43Z,2567.0,False,589,34.0,2.0
5898,UC0sfSZeoSUeWxys7OKkTelQ,TBS FM 95.1MHz,5hZVdO8ghDk,"찌릿찌릿 극심한 통증! 대상포진, 여름에 왜 많을까? [최일구의 허리케인 라디오] | 250723 (수)",2025-07-24T03:00:04Z,2543.0,False,230,9.0,3.0
5898,UC0sfSZeoSUeWxys7OKkTelQ,TBS FM 95.1MHz,K4tqJZ3BK-0,왕좌를 지켜라👑 4승 임찬 vs 부활 성환의 빅매치! [최일구의 허리케인 라디오 / 서바이벌 힘든싱어] | 250725(금),2025-07-28T03:00:17Z,2531.0,False,517,22.0,8.0
5898,UC0sfSZeoSUeWxys7OKkTelQ,TBS FM 95.1MHz,-kWZ2WbXOj8,이게 바로 명품 보이스🎙️ 주현미는 영원하다!  [최일구의 허리케인 라디오 / 점심먹고 디저트쇼] | 250728 (월),2025-07-29T03:00:00Z,2448.0,False,1190,46.0,8.0
5898,UC0sfSZeoSUeWxys7OKkTelQ,TBS FM 95.1MHz,NTvkmSLXUR4,"애는 내가 키워봤다 이거야!!” 최국, 육아 전쟁에 분노💢[최일구의 허리케인 라디오 / 대신 화내주는 남자] | 250729 (화)",2025-07-30T03:00:21Z,2546.0,False,563,27.0,0.0
5898,UC0sfSZeoSUeWxys7OKkTelQ,TBS FM 95.1MHz,M3mus5OVeik,근육 빠지면 큰일나요!” 김영권의 갱년기 근육 지키기 특강💪 [최일구의 허리케인 라디오] | 250730 (수),2025-07-31T03:00:19Z,2640.0,False,216,8.0,1.0
5898,UC0sfSZeoSUeWxys7OKkTelQ,TBS FM 95.1MHz,_hCOjvF5OD8,우주급 신예 전우주 vs 빛의 남자 진광! 가왕 도전전 시작🔥 [최일구의 허리케인 라디오 / 서바이벌 힘든싱어] | 250801(금),2025-08-05T01:00:30Z,2525.0,False,198,9.0,0.0
5898,UC0sfSZeoSUeWxys7OKkTelQ,TBS FM 95.1MHz,aE571DoONn0,신청곡 받아 라이브로?! 강민주·서지오의 즉석 무대🔥[최일구의 허리케인 라디오 / 대결! 서강대교] | 250804 (화),2025-08-05T03:00:00Z,2652.0,False,1209,26.0,5.0
5898,UC0sfSZeoSUeWxys7OKkTelQ,TBS FM 95.1MHz,_sJiBvV_ciE,"허리케인라디오, 이달의 PD상 받았다! 최국의 반응은?😂 [최일구의 허리케인 라디오 / 대신 화내주는 남자] | 250805 (화)",2025-08-06T03:01:05Z,2437.0,False,583,36.0,5.0
5898,UC0sfSZeoSUeWxys7OKkTelQ,TBS FM 95.1MHz,6GmaE9zZyOY,"PD상 축하하다가… 김영권 원장, 회식비 물주 당첨?!🤣 [최일구의 허리케인 라디오] | 250806 (수)",2025-08-07T03:00:10Z,2297.0,False,311,14.0,1.0
5898,UC0sfSZeoSUeWxys7OKkTelQ,TBS FM 95.1MHz,3ww2DU43sHM,전우주 vs 송우주! 트롯판 우주 전쟁 개막🔥[최일구의 허리케인 라디오 / 서바이벌 힘든싱어] | 250808(금),2025-08-11T03:00:04Z,2574.0,False,244,13.0,3.0
5898,UC0sfSZeoSUeWxys7OKkTelQ,TBS FM 95.1MHz,cdyNRFgaJZs,성환의 월간 아름다워라🎤 성환의 즉석 라이브 신청곡 무대 [최일구의 허리케인 라디오] | 250811 (월),2025-08-12T03:00:43Z,2507.0,False,602,21.0,10.0
5898,UC0sfSZeoSUeWxys7OKkTelQ,TBS FM 95.1MHz,vh2xLl5H4XQ,기대→분노→채념… 최국의 야구 인생론⚾ [최일구의 허리케인 라디오 / 대신 화내주는 남자] | 250812 (화),2025-08-13T03:01:03Z,2336.0,False,351,25.0,0.0
5898,UC0sfSZeoSUeWxys7OKkTelQ,TBS FM 95.1MHz,efM383kuNqg,“진통제 의존하면 큰일?” 내성 걱정 풀어드립니다💊[최일구의 허리케인 라디오] | 250813 (수),2025-08-18T03:30:26Z,2570.0,False,306,15.0,0.0
5898,UC0sfSZeoSUeWxys7OKkTelQ,TBS FM 95.1MHz,k40kKkRVFNk,"2승 챔피언 전우주, 강력한 도전자 김남수와 충돌⚔️[최일구의 허리케인 라디오 / 서바이벌 힘든싱어] | 250815(금)",2025-08-19T02:00:40Z,2443.0,False,235,9.0,0.0
5898,UC0sfSZeoSUeWxys7OKkTelQ,TBS FM 95.1MHz,8puFQkFFkFc,제주 바다의 감성🎵 진시몬 & 복덩이 가수 이재룡의 디저트쇼 [최일구의 허리케인 라디오 / 점심먹고 디저트쇼] | 250818 (월),2025-08-19T03:00:09Z,2580.0,False,1547,40.0,12.0
5898,UC0sfSZeoSUeWxys7OKkTelQ,TBS FM 95.1MHz,DWQLD1Nmz_A,"“아니, 네비 탓은 아니지 않습니까” 최국의 웃픈 리액션 [최일구의 허리케인 라디오 / 대신 화내주는 남자] | 250819 (화)",2025-08-20T03:00:12Z,2240.0,False,1270,39.0,5.0
5898,UC0sfSZeoSUeWxys7OKkTelQ,TBS FM 95.1MHz,NEoDrasy988,TBS fm 95.1MHz 실시간 LIVE,2026-02-10T07:57:31Z,,False,0,0.0,0.0
5898,UC0sfSZeoSUeWxys7OKkTelQ,TBS FM 95.1MHz,Ywb7RoJqC8M,TBS FM 95.1Mhz,2026-03-03T16:17:52Z,,False,4139,78.0,0.0
5898,UC0sfSZeoSUeWxys7OKkTelQ,TBS FM 95.1MHz,GKwhn5SQ7Gg,[함춘호의 수다] 이광조 라이브｜대한민국 목소리가 들려준 진짜 노래 이야기,2026-03-10T10:49:00Z,2448.0,False,410,24.0,4.0
5898,UC0sfSZeoSUeWxys7OKkTelQ,TBS FM 95.1MHz,ahjHAFI-7iw,"[포크너] 건반 위에 수놓은 3월의 별빛, 싱어송라이터 '이민재'",2026-03-11T10:07:06Z,2610.0,False,541,13.0,2.0
5898,UC0sfSZeoSUeWxys7OKkTelQ,TBS FM 95.1MHz,WTXvm9SySaE,[함춘호의 수다] 두 기타 장인의 만남! 조정치와 함께한 나른하고 다정한 음악 수다,2026-03-17T11:40:16Z,2792.0,False,290,13.0,1.0
5898,UC0sfSZeoSUeWxys7OKkTelQ,TBS FM 95.1MHz,w5tRztMoee4,"[포크너] 3월의 비를 닮은 투명한 진심, 싱어송라이터 '황성월'",2026-03-18T06:08:22Z,2668.0,False,186,9.0,0.0
5898,UC0sfSZeoSUeWxys7OKkTelQ,TBS FM 95.1MHz,XXUox2z68VI,"[함춘호의 수다] ""기차와 소나무""의 주인공! 방부제 외모 이규석과 함께하는 추억 여행",2026-03-23T11:14:25Z,2694.0,False,267,16.0,0.0
5898,UC0sfSZeoSUeWxys7OKkTelQ,TBS FM 95.1MHz,Uy-4nCx6VAs,"[포크너] 건반 위에 피어난 달콤한 위로, 싱어송라이터 '단비'",2026-03-25T15:37:27Z,2637.0,False,2193,42.0,4.0
5898,UC0sfSZeoSUeWxys7OKkTelQ,TBS FM 95.1MHz,AJgl9MzyPkA,"[포크너] 목소리에 담긴 삶의 서사, 싱어송라이터 심재욱",2026-04-02T09:46:08Z,2716.0,False,392,19.0,2.0
5898,UC0sfSZeoSUeWxys7OKkTelQ,TBS FM 95.1MHz,BB6uV5kHE5E,[함춘호의 수다] 드디어 성사된 '시인과 촌장' 완전체 라이브! 하덕규와 함춘호의 눈부신 재회 (가시나무/사랑일기),2026-04-02T15:22:15Z,2443.0,False,1202,49.0,7.0
5898,UC0sfSZeoSUeWxys7OKkTelQ,TBS FM 95.1MHz,Xem4coRMgbQ,"[함춘호의 초대] 비 오는 날, 마음을 적시는 목소리 '토마스쿡(Thomas Cook)'",2026-04-09T13:22:10Z,2656.0,False,803,25.0,2.0
5898,UC0sfSZeoSUeWxys7OKkTelQ,TBS FM 95.1MHz,V9t8Hq4AQB4,[함춘호의 수다] 아파트 원조 주인이 왔다! 윤수일이 직접 밝히는 로제 'APT.' 열풍 소감,2026-04-15T13:57:42Z,2492.0,False,12525,358.0,36.0
5898,UC0sfSZeoSUeWxys7OKkTelQ,TBS FM 95.1MHz,Vaw5omPCZqs,"[포크너] 건반 위의 시인, 싱어송라이터 유하(Yuha)",2026-04-16T11:54:45Z,2559.0,False,388,12.0,3.0
5898,UC0sfSZeoSUeWxys7OKkTelQ,TBS FM 95.1MHz,iIMThgDH5q8,"[함춘호의 수다] ""여기까지가 끝인가보오..."" 불후의 명곡 '편지'의 주인공, 김광진 등판!",2026-04-21T13:40:36Z,2787.0,False,549,16.0,4.0
5898,UC0sfSZeoSUeWxys7OKkTelQ,TBS FM 95.1MHz,TSeB4fOvhTs,"[포크너] 2대의 기타, 그리고 가슴을 울리는 단 하나의 목소리 싱어송라이터 구영",2026-04-22T13:51:12Z,2557.0,False,462,12.0,1.0
5898,UC0sfSZeoSUeWxys7OKkTelQ,TBS FM 95.1MHz,DYf0k6N76LU,"[함춘호의 수다] ""목소리에 방부제 뿌리셨나요?"" 인간 레몬트리 박혜경의 귀환!",2026-04-27T12:29:43Z,2382.0,False,498,20.0,3.0
5898,UC0sfSZeoSUeWxys7OKkTelQ,TBS FM 95.1MHz,vHUEa2Kib8g,"[포크너] 목소리가 곧 서사다, 블루스 포크의 정수.싱어송라이터 슬라이드로사",2026-04-28T13:36:49Z,2705.0,False,513,12.0,1.0
5898,UC0sfSZeoSUeWxys7OKkTelQ,TBS FM 95.1MHz,USiGV_TxcJw,[포크너] 처음 듣는데 오래 기억되는 목소리 싱어송라이터 이윤주,2026-05-06T12:06:27Z,2633.0,False,297,18.0,2.0
5898,UC0sfSZeoSUeWxys7OKkTelQ,TBS FM 95.1MHz,Qk4juCtElP0,"[함춘호의 수다] ""이 조합 찬성입니다!"" 정홍일의 야수 보컬과 함춘호 기타가 만난 '회상' 역대급 라이브",2026-05-12T12:30:45Z,2891.0,False,266,21.0,3.0
5898,UC0sfSZeoSUeWxys7OKkTelQ,TBS FM 95.1MHz,VSgzdSVOfFY,"[포크너] 일상을 노래하는 투명한 진심, 싱어송라이터 김나엄",2026-05-13T14:08:42Z,2620.0,False,159,6.0,0.0
5899,UC29-IlHm6kbDB1ox8GthODw,매탈남,wGpggf47ZRU,"살찐거 아니야 그냥 통통한거야 ""나만 믿어""",2025-11-13T12:01:55Z,878.0,False,37190,4088.0,452.0
5899,UC29-IlHm6kbDB1ox8GthODw,매탈남,__OOKTDrwfM,"깨동이가 화났다 ""동생을 지키기 위해 형이 나섰다""",2025-11-18T13:10:01Z,928.0,False,31603,3834.0,334.0
5899,UC29-IlHm6kbDB1ox8GthODw,매탈남,P0_S9uOC3Y4,"고양이를 이해하기가 너무 어렵습니다 ""뒤통수 맞은 집사""",2025-11-20T13:00:47Z,1009.0,False,35581,3927.0,372.0
5899,UC29-IlHm6kbDB1ox8GthODw,매탈남,rvH9NTj3vsQ,대충 살면 안 되겠니??,2025-11-25T11:40:02Z,992.0,False,36783,4114.0,480.0
5899,UC29-IlHm6kbDB1ox8GthODw,매탈남,ap9nWDPZgNg,"고양이에게 거위털을 선물했다 ""올겨울 따뜻하게 지내""",2025-11-27T12:35:00Z,800.0,False,37346,4318.0,506.0
5899,UC29-IlHm6kbDB1ox8GthODw,매탈남,Wnr5NmpDS8Y,고양이를 키우지 않았다면 나는 무조건 갔다,2025-12-02T11:55:00Z,722.0,False,42652,4901.0,430.0
5899,UC29-IlHm6kbDB1ox8GthODw,매탈남,mAxEu_AN8Z4,고양이를 위한 마지막 작업이다,2025-12-04T12:01:40Z,811.0,False,37919,4625.0,471.0
5899,UC29-IlHm6kbDB1ox8GthODw,매탈남,6t9mFH1fwUE,처음 만난 길냥이 #매탈남,2025-12-09T13:20:00Z,67.0,False,134598,8688.0,375.0
5899,UC29-IlHm6kbDB1ox8GthODw,매탈남,fT3cBa4KZ0o,"고양이와 집사가 함께 자면 생기는 사건들 ""누리여사가 변했다""",2025-12-10T10:01:19Z,1355.0,False,57481,5391.0,520.0
5899,UC29-IlHm6kbDB1ox8GthODw,매탈남,FO2BV0ruRJE,쫓겨난 고양이 가족,2025-12-11T11:00:24Z,63.0,False,278938,18826.0,669.0
5899,UC29-IlHm6kbDB1ox8GthODw,매탈남,_P4__QWXXx0,이제 네가 무섭지 않아,2025-12-12T12:01:14Z,974.0,False,40993,4473.0,437.0
5899,UC29-IlHm6kbDB1ox8GthODw,매탈남,Pl840iEV2IA,집사가 자는 동안 고양이가 보여준 감동적인 모습,2025-12-16T13:45:05Z,853.0,False,474480,12521.0,833.0
5899,UC29-IlHm6kbDB1ox8GthODw,매탈남,PtPrUWiIhJo,이제 너의 인생에 더 이상 관여하지 않겠다,2025-12-18T11:31:06Z,522.0,False,51805,5215.0,423.0
5899,UC29-IlHm6kbDB1ox8GthODw,매탈남,WbbItmqLo0o,진짜 무서운 고양이는 말로 하지 않는다,2025-12-23T12:47:00Z,862.0,False,38038,4016.0,461.0
5899,UC29-IlHm6kbDB1ox8GthODw,매탈남,5ojDD5blAu8,매탈남 2025년 포차 라방,2025-12-24T13:26:56Z,8286.0,False,36343,3592.0,375.0
5899,UC29-IlHm6kbDB1ox8GthODw,매탈남,zmN1CyAR2Ss,2025년 누리네 마지막 영상!!,2025-12-30T13:32:00Z,1856.0,False,42604,5395.0,881.0
5899,UC29-IlHm6kbDB1ox8GthODw,매탈남,n3PT3bSbG50,고양이에게 칭찬하면 안되는 이유,2026-01-06T11:30:53Z,960.0,False,37303,4140.0,542.0
5899,UC29-IlHm6kbDB1ox8GthODw,매탈남,in2YoYvgyFs,집주인이 화났다,2026-01-08T12:31:13Z,865.0,False,38839,4416.0,366.0
5899,UC29-IlHm6kbDB1ox8GthODw,매탈남,dTlllLZj8h0,집주인이 화난 이유!?,2026-01-13T13:01:21Z,918.0,False,29427,3751.0,372.0
5899,UC29-IlHm6kbDB1ox8GthODw,매탈남,SUK5vD1XtmM,까다로운 고양이들 기분 맞추기 참 힘들다ㅋ,2026-01-15T13:00:56Z,1309.0,False,29847,3607.0,401.0
5899,UC29-IlHm6kbDB1ox8GthODw,매탈남,2OsyaeR1rio,"직접 잡은 생선으로 고양이 단체 회식 ""니가 바다 생선을 무봤나??""",2026-01-21T10:30:01Z,1508.0,False,44700,4555.0,606.0
5899,UC29-IlHm6kbDB1ox8GthODw,매탈남,pjWWP4gZvS0,회식 다음 날 피곤한 고양이들,2026-01-23T12:10:00Z,1012.0,False,30520,3426.0,370.0
5899,UC29-IlHm6kbDB1ox8GthODw,매탈남,iIavMjvcGuI,마당에 고양이가 침입했다. 너는 여기 있으면 안돼!!,2026-01-27T11:35:02Z,749.0,False,30573,3876.0,493.0
5899,UC29-IlHm6kbDB1ox8GthODw,매탈남,8FXwUu8vkY8,아픔 없는 세상에서 행복하길,2026-01-29T10:55:00Z,87.0,False,66744,6743.0,699.0
5899,UC29-IlHm6kbDB1ox8GthODw,매탈남,smvxFLnzFEM,눈이 오면 달라지는 고양이들,2026-02-05T10:05:03Z,1204.0,False,39438,4722.0,443.0
5899,UC29-IlHm6kbDB1ox8GthODw,매탈남,m5JNaUFJnJE,"""고양이를 차별하는 집사"" 신고합니다(꼬리 생각)",2026-02-10T13:03:01Z,942.0,False,35864,4027.0,416.0
5899,UC29-IlHm6kbDB1ox8GthODw,매탈남,-vT9Q-sYnmw,고양이가 8개월 만에 나타났다. 주인을 만나야 할 이유가 생겼다,2026-02-12T12:32:49Z,1126.0,False,42652,4749.0,526.0
5899,UC29-IlHm6kbDB1ox8GthODw,매탈남,uRpgLnuTTE4,강제로 고양이의 순위를 바꿨더니 부작용이 생겼다,2026-02-20T11:30:53Z,946.0,False,33920,3973.0,409.0
5899,UC29-IlHm6kbDB1ox8GthODw,매탈남,d_WBQeK5vhE,고양이를 키우면 명절이 무서운 이유,2026-02-24T13:01:09Z,875.0,False,37294,4420.0,427.0
5899,UC29-IlHm6kbDB1ox8GthODw,매탈남,f7VnfqggDG4,(매탈남)개인적인 사정으로,2026-02-26T12:31:03Z,354.0,False,39728,4471.0,380.0
5899,UC29-IlHm6kbDB1ox8GthODw,매탈남,TfZ5JtOyyNM,집에 들어온 고양이를 쫓아내려고 결국 주인을 불렀다,2026-03-10T10:10:00Z,1116.0,False,61604,5692.0,570.0
5899,UC29-IlHm6kbDB1ox8GthODw,매탈남,CGsJi0eRvGM,길고양이 포획 초보라서 미안합니다,2026-03-12T11:30:45Z,794.0,False,36070,4634.0,678.0
5899,UC29-IlHm6kbDB1ox8GthODw,매탈남,nfeY2i9dirI,길고양이 퇴원과 다리 병원 가는 날이 겹쳤다,2026-03-17T12:31:11Z,739.0,False,30219,3949.0,356.0
5899,UC29-IlHm6kbDB1ox8GthODw,매탈남,xtw8kpVmlnM,집사한테 혼나고 가족에게 화풀이하는 고양이,2026-03-19T12:20:02Z,732.0,False,33284,3977.0,467.0
5899,UC29-IlHm6kbDB1ox8GthODw,매탈남,tD9Sp33MBHw,(충격적인 진실)집에 들어온 고양이를 쫓아내려고 결국 주인을 불렀다,2026-03-24T11:53:01Z,664.0,False,34571,3789.0,372.0
5899,UC29-IlHm6kbDB1ox8GthODw,매탈남,q55ZynnDUEU,어떤 고양이가 더 마음에 드시나요??,2026-03-26T14:30:43Z,900.0,False,30573,3935.0,534.0
5899,UC29-IlHm6kbDB1ox8GthODw,매탈남,qKgf81qRgzc,개집을 만들어서 선물해줬더니 개가 탈출했다ㅜㅜ,2026-04-01T10:20:00Z,1049.0,False,38247,4866.0,565.0
5899,UC29-IlHm6kbDB1ox8GthODw,매탈남,I_5MC3snOxk,멋진 동물 친구들,2026-04-03T12:00:28Z,853.0,False,44192,5090.0,579.0
5899,UC29-IlHm6kbDB1ox8GthODw,매탈남,K_Bj2BZLPDY,급한 마음에 고양이들한테 부탁을 했습니다,2026-04-07T11:20:00Z,66.0,False,103177,7167.0,412.0
5899,UC29-IlHm6kbDB1ox8GthODw,매탈남,FO8dilwj75s,"고양이가 갑자기 이상한 행동을 한다 ""다리는 부재중""",2026-04-08T13:11:34Z,1608.0,False,41306,4511.0,460.0
5899,UC29-IlHm6kbDB1ox8GthODw,매탈남,Fu9uTHHql_c,3일만에 집에 돌아온 고양이가 집사에게 그리움을 표현하는 방법,2026-04-10T11:40:17Z,998.0,False,42500,4861.0,464.0
5899,UC29-IlHm6kbDB1ox8GthODw,매탈남,iPumMnPOYmQ,고양이의 진짜 주인을 찾았지만 고양이는 사라졌다,2026-04-14T13:25:46Z,936.0,False,28002,3611.0,300.0
5899,UC29-IlHm6kbDB1ox8GthODw,매탈남,V2uYOjKht1o,고양이들을 속이기 위한 가장 효과적인 방법,2026-04-16T12:10:20Z,836.0,False,24402,3249.0,312.0
5899,UC29-IlHm6kbDB1ox8GthODw,매탈남,Is1nXFFxhEM,"봄이 와서 신난 고양이들 ""고양이와 마당풍경""",2026-04-21T12:30:33Z,1055.0,False,27149,3884.0,451.0
5899,UC29-IlHm6kbDB1ox8GthODw,매탈남,adUb-6FFYgU,고양이가 사라졌다 마지막 희망은 CCTV에 찍힌 모습!!,2026-04-23T12:41:02Z,966.0,False,35026,4200.0,438.0
5899,UC29-IlHm6kbDB1ox8GthODw,매탈남,lpEYP-VEOSQ,고양이는 골골송 집사는 골골병,2026-04-28T11:01:20Z,50.0,True,39893,3226.0,180.0
5899,UC29-IlHm6kbDB1ox8GthODw,매탈남,gD2NT8316rU,매일 맞고 사는 길냥이 병원 데려가기,2026-04-30T12:01:13Z,923.0,False,34563,4321.0,490.0
5899,UC29-IlHm6kbDB1ox8GthODw,매탈남,Z9gVVaM0bAM,막내에게 빠지다,2026-05-07T10:30:31Z,56.0,True,49643,5691.0,290.0
5899,UC29-IlHm6kbDB1ox8GthODw,매탈남,9L1O_lyJpwI,그동안 고생했어,2026-05-13T11:45:01Z,1002.0,False,54645,5760.0,669.0
5899,UC29-IlHm6kbDB1ox8GthODw,매탈남,ISTWX_lIQqg,궁금해서 줄줄이 찾아오는 고양이들,2026-05-15T11:30:26Z,517.0,False,23410,3450.0,328.0
