idx,channel_id,channel_title,video_id,video_title,published_at,duration_sec,is_shorts,view_count,like_count,comment_count
4250,UCoJBLhCHBDDQojO6mDXpvYA,삶이란,3bpv05ANah8,호군_HOGUN님의 실시간 스트리밍,2020-01-07T01:48:11Z,,False,0,0.0,0.0
4250,UCoJBLhCHBDDQojO6mDXpvYA,삶이란,saZ8VB4kbHU,유튜브 시작하고 매출 5배 오른 중고차 사장님 이야기,2024-10-23T08:16:35Z,1272.0,False,3700,50.0,5.0
4250,UCoJBLhCHBDDQojO6mDXpvYA,삶이란,qaeyFmAMhEU,농구 해설 중 코피 흘려서 인생이 바뀐 NBA 해설가 조코피TV,2024-10-30T08:00:39Z,888.0,False,4653,99.0,19.0
4250,UCoJBLhCHBDDQojO6mDXpvYA,삶이란,-xhDfsf_w2c,tvN 놀라운 토요일에 나와 연매출 30억 달성한 칼국수집 사장님 이야기,2024-11-06T08:00:00Z,1117.0,False,974,12.0,5.0
4250,UCoJBLhCHBDDQojO6mDXpvYA,삶이란,Pmvg8gWx3aE,사업 망하고 헌옷 주워 연봉 2억 버는 사장님 이야기,2024-11-13T08:15:01Z,1109.0,False,2186,16.0,2.0
4250,UCoJBLhCHBDDQojO6mDXpvYA,삶이란,ZDcbok6Gdo0,200억 자수성가 할수 있었던 23살 청년의 17년 사업 이야기,2024-11-20T07:45:02Z,1212.0,False,2232,9.0,3.0
4250,UCoJBLhCHBDDQojO6mDXpvYA,삶이란,BU7SR4-OkTk,하루에 3시간 일하고 하루에 500씩 벌어가는 곱창집 사장님 이야기,2024-11-27T08:00:17Z,1351.0,False,5918,93.0,26.0
4250,UCoJBLhCHBDDQojO6mDXpvYA,삶이란,d1zwlsQ1a7c,중고차 딜러의 실질적인 수익 #중고차의모든것,2024-11-29T09:40:00Z,60.0,True,4458,9.0,0.0
4250,UCoJBLhCHBDDQojO6mDXpvYA,삶이란,UrX_D4Co3-k,중고차 딜러 월 500만원 보장?? #중고차의모든것,2024-12-02T08:00:23Z,49.0,True,1510,8.0,1.0
4250,UCoJBLhCHBDDQojO6mDXpvYA,삶이란,GNCmqsmLe2o,일어나면 컴퓨터부터 켜는 이유 #조코피,2024-12-03T08:00:20Z,30.0,True,2662,15.0,0.0
4250,UCoJBLhCHBDDQojO6mDXpvYA,삶이란,D644BzYh9io,한국 1타 NBA 해설위원이 말해주는 해설위원 되는 법 #조코피 #멋진직업,2024-12-04T08:00:08Z,60.0,True,1558,8.0,1.0
4250,UCoJBLhCHBDDQojO6mDXpvYA,삶이란,rotNKrygd-0,NBA 해설위원의 방송국 스케줄 #조코피 #멋진직업,2024-12-05T08:00:39Z,40.0,True,546,4.0,0.0
4250,UCoJBLhCHBDDQojO6mDXpvYA,삶이란,mMmA1Ol6AnQ,다선칼국수 사장님의 컨셉 #직진남 #멋진직업,2024-12-06T08:00:42Z,43.0,True,1780,2.0,0.0
4250,UCoJBLhCHBDDQojO6mDXpvYA,삶이란,sNdYyJnWVvc,월매출 2억 식당 운영하며 직접 광고하시는 사장님 #멋진직업 #직진남,2024-12-09T08:00:42Z,60.0,True,586,2.0,0.0
4250,UCoJBLhCHBDDQojO6mDXpvYA,삶이란,36jeqfNkfnA,"월 1,500만원 벌던 수학강사 때려치고 뷰티샵으로 월 매출 1억 5천 만든 대표님 이야기",2024-12-11T08:00:02Z,1063.0,False,1423,10.0,1.0
4250,UCoJBLhCHBDDQojO6mDXpvYA,삶이란,txpCTtx_Cpw,보물찾기 해서 월 2000만원 버는 사장님 #멋진직업,2024-12-13T04:54:19Z,48.0,True,906,0.0,0.0
4250,UCoJBLhCHBDDQojO6mDXpvYA,삶이란,DtTrbAxGUrk,다 찢어진 모피코트를 수선하는 이유 #구제의류,2024-12-16T08:04:25Z,53.0,True,6027,43.0,9.0
4250,UCoJBLhCHBDDQojO6mDXpvYA,삶이란,W2_8xLY2Y8Y,중고버스를 수출해 연매출 100억씩 하는 사장님,2024-12-18T07:30:13Z,1391.0,False,1257,23.0,2.0
4250,UCoJBLhCHBDDQojO6mDXpvYA,삶이란,2YVqmF7xeoE,삼성전자 돈 쓸어담는 사장님의 창업스토리 #소곱친구,2024-12-20T08:00:01Z,43.0,True,14156,53.0,19.0
4250,UCoJBLhCHBDDQojO6mDXpvYA,삶이란,VxZRJTOxXkw,회사 퇴사하고 월 1000만월 벌게 해주는 외식업 프렌차이즈 대표님 이야기,2024-12-26T09:00:35Z,1238.0,False,994,7.0,4.0
4250,UCoJBLhCHBDDQojO6mDXpvYA,삶이란,Fi_ALZXeuTI,현실적인 프랜차이즈 음식점 매출과 순수익은?,2025-01-02T09:00:15Z,57.0,True,1071,3.0,0.0
4250,UCoJBLhCHBDDQojO6mDXpvYA,삶이란,DrWUBe81Ays,직장생활 vs 자영업 당신의 선택은? #ppk #광교맛집,2025-01-08T07:00:15Z,54.0,True,605,5.0,0.0
4250,UCoJBLhCHBDDQojO6mDXpvYA,삶이란,dHlWVV8AtG8,"""축산농가에 젊은사람이 없는데, 왜 안하는지 모르겠어요""",2025-02-11T08:30:17Z,1627.0,False,7220,64.0,41.0
4251,UCJ8B-zT_okLpHRlFaTPLeYg,주먹커플 Jumuk Couple,6TfQVC4toZM,[여행브이로그]먹방보다 일상이 더 꿀잼🤣 여행이 힘든 ISFP,2023-04-08T03:00:05Z,1957.0,False,147309,1859.0,171.0
4251,UCJ8B-zT_okLpHRlFaTPLeYg,주먹커플 Jumuk Couple,n5yiHueC7yg,"[먹방브이로그]배달 줄이기 눈물 펑펑 쏟은 한 주⛰️ (뿌링클, 골드킹, 치즈옹볶이, 다쿠아즈, 유부초밥, 김밥, 등산)",2023-04-15T03:00:21Z,1634.0,False,244870,2398.0,191.0
4251,UCJ8B-zT_okLpHRlFaTPLeYg,주먹커플 Jumuk Couple,yp_6VDYqnuU,"[먹방브이로그]배달 없이도 야무지게 잘 먹는 현실 부부먹방 (안동찜닭, 케이크, 아우어베이커리, 쟁반짜장, 탕수육, 부케캔들만들기)",2023-04-22T04:56:52Z,1780.0,False,190458,1824.0,123.0
4251,UCJ8B-zT_okLpHRlFaTPLeYg,주먹커플 Jumuk Couple,kBwHJzQ5BZ0,"[먹방브이로그]참다 참다 집에서 마라탕 만들기 도전 (마라탕, 크로플, 복호두, 돈까스, 고메큐브, 맘모스, 빽라면 )",2023-04-29T03:00:16Z,1871.0,False,213841,2100.0,133.0
4251,UCJ8B-zT_okLpHRlFaTPLeYg,주먹커플 Jumuk Couple,Fgdu8aHhuuM,"[먹방브이로그]그동안 참아왔던 배달 제대로 터진 주 (마라로제찜닭, 시카고피자, 마라버거, 옥수수케이크, KFC핫봉스틱, 마카롱)",2023-05-06T03:00:07Z,1501.0,False,282405,2403.0,130.0
4251,UCJ8B-zT_okLpHRlFaTPLeYg,주먹커플 Jumuk Couple,upw1K6PPGAs,"[먹방브이로그]2년 만에 돌아온 10,000칼로리 챌린지 (체다콘치즈피자, 로제떡볶이,핫도그, 마라탕, 콘치즈불닭타코야끼, 생과일찹쌀떡, 케이크, 에그드랍)",2023-05-20T03:00:32Z,2007.0,False,541191,4584.0,227.0
4251,UCJ8B-zT_okLpHRlFaTPLeYg,주먹커플 Jumuk Couple,tAlzWA1UEPg,sub) Diet vlog｜만칼로리 챌린지 이후 10kg빼기 프로젝트 1주차,2023-05-27T03:04:03Z,1254.0,False,144169,1576.0,344.0
4251,UCJ8B-zT_okLpHRlFaTPLeYg,주먹커플 Jumuk Couple,Yd7l_Oyda6g,10kg 빼기 프로젝트🤦🏻‍♀️ 노래랑 찰떡이구만,2023-06-02T09:59:52Z,25.0,True,118366,893.0,39.0
4251,UCJ8B-zT_okLpHRlFaTPLeYg,주먹커플 Jumuk Couple,phZF8KmQsSg,sub) Diet vlog｜2주 만에 정체기🤦🏻‍♀️ 그래도 치팅은 못 참지.. 여러분께 드리고 싶은 말!,2023-06-03T03:00:21Z,1334.0,False,112250,1299.0,184.0
4251,UCJ8B-zT_okLpHRlFaTPLeYg,주먹커플 Jumuk Couple,TnmIg1Ltwdc,남편은 남의편이라는 말이 괜히 있는게 아냐 #shorts,2023-06-07T11:03:00Z,60.0,True,533332,6450.0,67.0
4251,UCJ8B-zT_okLpHRlFaTPLeYg,주먹커플 Jumuk Couple,bToT1uIFqDc,Diet vlog｜체중계 뿌셔.. 예상과 다르게 흘러가는 다이어트 3주차,2023-06-10T03:00:32Z,1119.0,False,119688,1252.0,134.0
4251,UCJ8B-zT_okLpHRlFaTPLeYg,주먹커플 Jumuk Couple,8U79ZY6FlU4,Diet vlog｜4-5주차 모음.zip 제네시스 선물받은 아버지 반응ㅋㅋㅋㅋㅋㅋ,2023-06-24T03:00:03Z,2066.0,False,135732,1894.0,161.0
4251,UCJ8B-zT_okLpHRlFaTPLeYg,주먹커플 Jumuk Couple,LSFrdxPNiME,제네시스G80 선물했을때 아버지 반응ㅠㅋㅋㅋㅋㅋㅋ#shorts,2023-06-24T04:36:01Z,61.0,False,9350056,150059.0,3644.0
4251,UCJ8B-zT_okLpHRlFaTPLeYg,주먹커플 Jumuk Couple,Fi7ftIK-FN4,"모르면 손해! 꼭 보세요 맛집, 핫플카페, 병원, 옷가게 등등 돈 아끼는 꿀팁",2023-06-29T09:00:10Z,352.0,False,39892,441.0,33.0
4251,UCJ8B-zT_okLpHRlFaTPLeYg,주먹커플 Jumuk Couple,QCi8ufrVWoQ,"Diet vlog｜정체기 끝나고 드디어 황금기구나 6주차ㅣ키토떡볶이, 찹쌀루니, 냉면 갈비",2023-07-01T03:36:43Z,1474.0,False,116620,1264.0,102.0
4251,UCJ8B-zT_okLpHRlFaTPLeYg,주먹커플 Jumuk Couple,bcZ5hcbhzXc,"[먹방브이로그] 7주 다이어트한 거 이틀만에 되돌리기 (로제찜닭, 초당옥수수푸딩, 크룽지, 깐풍새우닭, 한우짜장, 고기짬뽕, 크레이프케이크, 납작복숭아찰떡파이)",2023-07-08T03:02:33Z,1469.0,False,332431,2890.0,181.0
4251,UCJ8B-zT_okLpHRlFaTPLeYg,주먹커플 Jumuk Couple,7bi9AusF_Mk,🤰🏻마지막 내 배 어쩔꺼..? 행복했음됐다.. #shorts,2023-07-08T05:11:35Z,60.0,True,296395,4282.0,40.0
4251,UCJ8B-zT_okLpHRlFaTPLeYg,주먹커플 Jumuk Couple,MQGaej721rY,"[먹방브이로그] 2주 연속 치팅 큰일났네 나 입 터졌나봐.. (마라탕,반올림피자,크리스피도넛, 와플대학,치즈닭꼬치)",2023-07-15T03:00:09Z,1400.0,False,309391,2758.0,215.0
4251,UCJ8B-zT_okLpHRlFaTPLeYg,주먹커플 Jumuk Couple,iW3hbsfxYD4,"[먹방브이로그] 치팅하다 체해서 🚨응급실 떡볶이,, 누가 좀 말려 (응떡, 처갓집양념, 맵슐랭마일드, 휘낭시에, 짜바게티)",2023-07-22T03:00:11Z,1566.0,False,433945,3428.0,251.0
4251,UCJ8B-zT_okLpHRlFaTPLeYg,주먹커플 Jumuk Couple,c0dE8v50WDQ,"[먹방브이로그]갈수록 더 폭주하는 다이어트 부작용 치팅_찐최종 (엽떡마라떡볶이, 2단 케이크, 점보도시락라면, 쿠키슈, 양념돼지갈비, 아이스크림 )",2023-07-29T03:00:15Z,1685.0,False,342218,3271.0,225.0
4251,UCJ8B-zT_okLpHRlFaTPLeYg,주먹커플 Jumuk Couple,yeN5IlShQQc,"[먹방브이로그]디톡스는 개뿔..한 주 쉬면 뭐해 2주치 몰아 먹는데🤦(청년피자 옥수수, 마라탕, 버터바, 탕후루, 크로플, 콩물국수,구슬아이스크림 )",2023-08-12T08:30:36Z,1956.0,False,206268,1881.0,122.0
4251,UCJ8B-zT_okLpHRlFaTPLeYg,주먹커플 Jumuk Couple,ZZn1er5tHbQ,"[먹방브이로그]다이어트 실패각 나왔쥬.. 체중 재는게 무서워 (곱도리탕, 불닭+타코야끼,야끼소바,불닭탕면, 수플레, 까눌레,고구마왕치즈돈까스,샤인머스캣케이크 )",2023-08-19T03:00:16Z,1704.0,False,305092,2631.0,206.0
4251,UCJ8B-zT_okLpHRlFaTPLeYg,주먹커플 Jumuk Couple,mgAPUvXFFIQ,테이크아웃 할래 vs 원샷이지,2023-08-19T03:14:38Z,55.0,True,137801,1747.0,48.0
4251,UCJ8B-zT_okLpHRlFaTPLeYg,주먹커플 Jumuk Couple,8PgbrP4B-eM,평일에 못참고 bhc치킨 신메뉴 마법클 먹었습니다 (feat.절대음감게임),2023-08-24T09:00:05Z,515.0,False,74819,1150.0,110.0
4251,UCJ8B-zT_okLpHRlFaTPLeYg,주먹커플 Jumuk Couple,xXaEB3r6wPI,"[먹방브이로그] 아 나 다이어트 중이었지 근데 썸네일이 왜 이래? (마왕족발,춘리마라탕,마라샹궈,꿔바로우,과일찹쌀떡,떡볶이,튀김,김밥,탕후루)",2023-08-26T03:00:36Z,1717.0,False,278922,2625.0,243.0
4251,UCJ8B-zT_okLpHRlFaTPLeYg,주먹커플 Jumuk Couple,iGOzUtMreoM,"[먹방브이로그]다이어트 언급 금지🤫 자연스럽게 잊어버려(뻔뻔) (로제무뼈닭발, 어니언치킨, 카페인중독, 쟁반짜장, bbq양념치킨, 옥수수, 플스5)",2023-09-02T03:00:19Z,1829.0,False,269052,2404.0,244.0
4251,UCJ8B-zT_okLpHRlFaTPLeYg,주먹커플 Jumuk Couple,xpWFoDyKL-Y,"[먹방브이로그]역대급 분량 터졌다 평일식단+주말치팅 볼 사람 (엽떡분모자떡볶이, 베이글, 약과모찌, 롤케이크, 구름크림떡, 짜파구리, 작심닭, 국밥, 아인슈페너)",2023-09-09T03:00:34Z,2693.0,False,326702,2974.0,1496.0
4251,UCJ8B-zT_okLpHRlFaTPLeYg,주먹커플 Jumuk Couple,KBnWlD0QEoY,"[여행브이로그]광주 살면서 이제야 여수 온 거 반성하자 (노랑고래, 바다김밥, 서대회, 회냉면, 또오넛, 닭강정, 세아네과일쥬스, 달구나와플, 짚라인)",2023-09-16T03:03:01Z,2057.0,False,215363,2448.0,227.0
4251,UCJ8B-zT_okLpHRlFaTPLeYg,주먹커플 Jumuk Couple,aJBSlVHp8Q4,"[먹방브이로그]내 퍼스널 푸드는 알았지만 퍼스널 컬러는 처음 (청년다방버터치킹,차돌떡볶이, 김피탕, 소코아카레, 초당옥수수생크림폭탄, 빵, 생과일젤리, 퍼스널 컬러)",2023-09-23T03:28:38Z,1837.0,False,191583,1979.0,181.0
4251,UCJ8B-zT_okLpHRlFaTPLeYg,주먹커플 Jumuk Couple,s9jBt3d2vvs,매출 끌어올려↑ 맞춤형 컨설팅 받고 싶은 사람? 필수 시청,2023-09-26T09:00:37Z,389.0,False,31788,439.0,29.0
4251,UCJ8B-zT_okLpHRlFaTPLeYg,주먹커플 Jumuk Couple,rnpv0FfRAqM,"[먹방브이로그]오늘이 마지막인 것처럼 라인업 레전드 +센터 이사! (응떡마라떡볶이, 탕후루빙수, KFC갓양념블랙라벨, 징거버거, 반반피자, 크레페, 냉면)",2023-09-30T03:00:24Z,1684.0,False,257822,2441.0,208.0
4251,UCJ8B-zT_okLpHRlFaTPLeYg,주먹커플 Jumuk Couple,nl3Bm3rkVcU,"[먹방브이로그]PT샵 이사완료!!! 좀 쉬었더니 위가 줄었나? 응 아니야^^ (마라짬뽕, 한우짜장, 하마아구찜, 베이글, 마카롱, 닭볶음탕, 후르츠산도)",2023-10-21T03:00:24Z,1651.0,False,164118,1904.0,221.0
4251,UCJ8B-zT_okLpHRlFaTPLeYg,주먹커플 Jumuk Couple,K2tW8eoW3R0,"[먹방브이로그]똑같은 음식에 질려가던 차 new맛도리들 등장편 (유부가,뿌링호떡,순대튀김,콘치즈연유빵,120겹파이,깐풍치킨,후르츠산도)",2023-10-28T03:00:09Z,1793.0,False,301846,2375.0,626.0
4251,UCJ8B-zT_okLpHRlFaTPLeYg,주먹커플 Jumuk Couple,5x8OfvPkeI4,"[제주VLOG] 결혼기념일 맞아 첫 제주여행,, 감동이벤트 1편 (오는정김밥, 아베베베이커리, 통귤탕후루, 제주고집흑돼지, 동문시장, 돼지강정)",2023-11-04T03:02:07Z,1533.0,False,158279,2450.0,215.0
4251,UCJ8B-zT_okLpHRlFaTPLeYg,주먹커플 Jumuk Couple,ZqwQzQdocwU,끝날 때까지 끝난게 아닌 결혼기념일 이벤트🥹,2023-11-10T09:29:29Z,57.0,True,109654,2793.0,20.0
4251,UCJ8B-zT_okLpHRlFaTPLeYg,주먹커플 Jumuk Couple,ieYWJBD5RD8,"[제주VLOG] 나 집에 안 갈래~ 먹고 싶은 거 다 먹었던 제주여행 끝🍊(자매국수, 감귤크로플, 갈치조림, 고등어회, 딱새우회)",2023-11-11T03:00:29Z,1168.0,False,110398,1556.0,127.0
4251,UCJ8B-zT_okLpHRlFaTPLeYg,주먹커플 Jumuk Couple,CI6t643z3uY,"[먹방브이로그] 맛있는 거만 먹겠다는 광란의 치팅편 (로제마라샹궈, 콘치즈불닭볶음탕면, 탕후루, 라멘, 오랑카롱, 십원빵, 프렌치토스트, 빵부장소금빵 떡꼬치, 빼빼로)",2023-11-18T03:00:11Z,1795.0,False,283902,2630.0,214.0
4251,UCJ8B-zT_okLpHRlFaTPLeYg,주먹커플 Jumuk Couple,Fl8LB-o9xek,"[먹방브이로그]겨울이니 관리는 잠시 접어두고 평일 치팅 가보자고 (굽네고추바사삭, 무뼈닭발, 랜디스도넛, 곱창볶음, 투썸딸기요거트케이크, 오믈렛, 칼국수, 붕어빵, 탕후루)",2023-12-02T03:00:06Z,1559.0,False,211100,2030.0,154.0
4251,UCJ8B-zT_okLpHRlFaTPLeYg,주먹커플 Jumuk Couple,kWOlSmXgO_w,"[먹방브이로그]결국 시험관 확정,, 심란하니까 음식 앞으로 (크림순대국밥, 쌀떡볶이, 명랑핫도그, 다쿠아즈, 짜장버거, 코르네파이, 탕후루)",2023-12-09T03:00:21Z,1285.0,False,276629,2477.0,183.0
4251,UCJ8B-zT_okLpHRlFaTPLeYg,주먹커플 Jumuk Couple,5heto6i3Sp4,"[먹방브이로그]나주-화순-광주맛집 돌고 마라로제곱도리탕까지 이게 행복인가..♥ (마라로제곱도리탕, 과일찹쌀떡, 미국식핫도그,짜장,짬뽕,탕수육, 빵4종, 탕후루)",2023-12-16T03:00:05Z,1298.0,False,212428,2039.0,162.0
4251,UCJ8B-zT_okLpHRlFaTPLeYg,주먹커플 Jumuk Couple,q9Silgi0ktw,"[먹방브이로그]디저트 특집인듯 아닌듯 딸기랑 고구마가 맛있는 계절이 왔다(불닭+타코야끼, 마라탕, 크로플, 쿠키슈, 이삭토스트, 피자, 탕후루)",2023-12-23T03:00:08Z,1317.0,False,211252,2066.0,119.0
4251,UCJ8B-zT_okLpHRlFaTPLeYg,주먹커플 Jumuk Couple,_5rd9w0kV0I,🔥불맛 최고👍인생 직화바베큐치킨 찾았다(닭다리살100%!!!!!!!!!!),2023-12-27T09:00:23Z,424.0,False,72877,942.0,77.0
4251,UCJ8B-zT_okLpHRlFaTPLeYg,주먹커플 Jumuk Couple,0yQOzkY94pY,"[먹방브이로그]하루에 5끼,, 강남 맛집 털기(고베규카츠, 파이브가이즈버거, 뽕나무쟁이족발,구름떡볶이, 플디케이크, 프렌치토스트, 베어브릭 클래스)",2024-01-20T03:00:00Z,1325.0,False,157754,2003.0,194.0
4251,UCJ8B-zT_okLpHRlFaTPLeYg,주먹커플 Jumuk Couple,uNLSdAO0-0U,ASMR 첫도전!! 후참잘 신메뉴 맵달킹에 불닭마요킹 소스 듬뿍🔥🍭 +댓글이벤트 | Korean Fire spicy chicken Eatingshow MUKBANG ASMR,2024-01-25T09:00:43Z,512.0,False,79776,1164.0,837.0
4251,UCJ8B-zT_okLpHRlFaTPLeYg,주먹커플 Jumuk Couple,-dksiSLnYDg,"[먹방브이로그]새해라고 살빼기 금지,, 맛있는게 이렇게 많은데 (마라로제엽떡, 전주비빔라이스버거, 120겹파이, 후르츠산도, 탕후루만들기, 열칼제비, 만두)",2024-01-27T03:00:00Z,1214.0,False,241979,2172.0,151.0
4251,UCJ8B-zT_okLpHRlFaTPLeYg,주먹커플 Jumuk Couple,aX_OY6DdFEM,"[먹방브이로그] 2024년 먹은 음식 중 단연 1위,, (신전콘치즈로제, 쌀떡볶이, 뿌링호떡, 후르츠롤크레이프, 홍콩쌀국수, 차오면, 꿔바로우, 빵5종, 찹쌀골드프림양념치킨)",2024-02-03T03:00:01Z,1473.0,False,257366,2235.0,158.0
4251,UCJ8B-zT_okLpHRlFaTPLeYg,주먹커플 Jumuk Couple,zVSYe1fS-IY,"[먹방브이로그] 연휴 = 꿀맛도리 음식으로 살 찌우는 날(?) (스텔라로제떡볶이, 직화오징어볶음, 과일찹쌀떡, 소금빵카이막, 회전초밥, 후레쉬베리)",2024-02-17T03:00:40Z,1392.0,False,198531,1761.0,153.0
4251,UCJ8B-zT_okLpHRlFaTPLeYg,주먹커플 Jumuk Couple,Y3XZ85ctgwE,"[먹방브이로그] 존맛 마라탕 발견! MZ 입맛이 대한민국 미래 +인물퀴즈ㅋㅋㅋ(마라탕, 와플대학, 크리스피도넛, 먹태깡사발면, 베이글)",2024-02-24T03:00:27Z,1364.0,False,357016,2590.0,387.0
4251,UCJ8B-zT_okLpHRlFaTPLeYg,주먹커플 Jumuk Couple,DyX9T1j49GA,머리가 하얘져,2024-02-24T03:19:51Z,55.0,True,66996,500.0,10.0
4251,UCJ8B-zT_okLpHRlFaTPLeYg,주먹커플 Jumuk Couple,nL9vzdzIgfE,"시험관 1차 만에 임신 성공?! 그것도 쌍둥이??!!! 임밍아웃, 성별공개 (울컥주의🥹)",2024-09-28T03:00:39Z,1003.0,False,587257,13425.0,2088.0
4252,UCBIPuIG_7iA9NBIKxIR80wA,우즈벡 라이프 UZBEK LIFE 우라티비,BL1IpyFSNbc,아이들이 떡볶이 먹겠다고 하니 이해 못하는 우즈벡 (우즈베키스탄 국제커플),2025-09-30T00:00:12Z,606.0,False,57488,4798.0,46.0
4252,UCBIPuIG_7iA9NBIKxIR80wA,우즈벡 라이프 UZBEK LIFE 우라티비,o061qJlgCBc,감자까지 떨어진 처남댁네를 위해 장봐주는 우즈벡 아내 (우즈베키스탄 국제커플),2025-10-03T00:01:08Z,700.0,False,103928,6992.0,206.0
4252,UCBIPuIG_7iA9NBIKxIR80wA,우즈벡 라이프 UZBEK LIFE 우라티비,gmKH32rZ7sw,우즈벡 아내의 한국생활 베스트 모음집 (우즈베키스탄 국제커플),2025-10-06T00:01:00Z,4290.0,False,14747,1237.0,29.0
4252,UCBIPuIG_7iA9NBIKxIR80wA,우즈벡 라이프 UZBEK LIFE 우라티비,vw0HJMCNHEY,우즈벡 불닭 먹방 모음 (우즈베키스탄 국제커플),2025-10-09T00:01:11Z,3282.0,False,34326,2662.0,59.0
4252,UCBIPuIG_7iA9NBIKxIR80wA,우즈벡 라이프 UZBEK LIFE 우라티비,zu4lY6vIL6Y,우즈벡에서는 부부끼리도 사기를 칠수 없는 이유 (우즈베키스탄 국제커플),2025-10-13T00:01:07Z,625.0,False,39859,4070.0,57.0
4252,UCBIPuIG_7iA9NBIKxIR80wA,우즈벡 라이프 UZBEK LIFE 우라티비,JnxLYRMujoA,한국 아이들은 우즈벡 학교에서 인기 있을까 (우즈베키스탄 국제커플),2025-10-16T00:00:20Z,707.0,False,44487,3876.0,77.0
4252,UCBIPuIG_7iA9NBIKxIR80wA,우즈벡 라이프 UZBEK LIFE 우라티비,V3KGIwzPNCk,우즈벡 아내의 꿈은 중고차 딜러?!?! (우즈베키스탄 국제커플),2025-10-19T00:00:40Z,735.0,False,43456,4310.0,70.0
4252,UCBIPuIG_7iA9NBIKxIR80wA,우즈벡 라이프 UZBEK LIFE 우라티비,QzOcwGtIl-M,바다 없는 우즈벡에서 미역국 전도중인 아내 (우즈베키스탄 국제커플),2025-10-23T00:00:35Z,538.0,False,36597,3745.0,38.0
4252,UCBIPuIG_7iA9NBIKxIR80wA,우즈벡 라이프 UZBEK LIFE 우라티비,eFOhqn8IBDg,그전엔 몰랐는데 부모가 되어야 알게 되는것 (우즈벡 우즈베키스탄 국제커플),2025-10-26T00:00:46Z,623.0,False,32094,3512.0,41.0
4252,UCBIPuIG_7iA9NBIKxIR80wA,우즈벡 라이프 UZBEK LIFE 우라티비,9aPuCmYjRZk,할머니에게까지 빅선물을 전하는 우즈벡 아내 (우즈베키스탄 국제커플),2025-10-29T00:00:15Z,725.0,False,73133,6269.0,134.0
4252,UCBIPuIG_7iA9NBIKxIR80wA,우즈벡 라이프 UZBEK LIFE 우라티비,-iL9CJalPMQ,떡볶이도 막을수 없는 한국 중고장터의 유혹 (우즈벡 우즈베키스탄 국제커플),2025-11-04T00:00:01Z,605.0,False,46284,4569.0,40.0
4252,UCBIPuIG_7iA9NBIKxIR80wA,우즈벡 라이프 UZBEK LIFE 우라티비,ggCSq0fL_2M,가족 모두를 행복하게 만드는 우즈벡 아내 (우즈베키스탄 국제커플),2025-11-07T00:00:45Z,715.0,False,56298,5227.0,59.0
4252,UCBIPuIG_7iA9NBIKxIR80wA,우즈벡 라이프 UZBEK LIFE 우라티비,pWK8d9KAR7g,우즈벡에서는 잘키운 손녀가 열아들 부럽지 않더라 (우즈베키스탄 국제커플),2025-11-10T07:57:43Z,768.0,False,43507,3879.0,46.0
4252,UCBIPuIG_7iA9NBIKxIR80wA,우즈벡 라이프 UZBEK LIFE 우라티비,0OUPOa2x338,우즈벡 아내가 진정한 한국 아줌마 되는 과정 (우즈베키스탄 국제커플),2025-11-13T00:00:00Z,498.0,False,32853,3966.0,199.0
4252,UCBIPuIG_7iA9NBIKxIR80wA,우즈벡 라이프 UZBEK LIFE 우라티비,8OPKy6yrn_w,우즈벡 아내가 한국 남편을 이기려 하는 이유 (우즈베키스탄 국제커플),2025-11-17T00:00:08Z,637.0,False,26121,2932.0,48.0
4252,UCBIPuIG_7iA9NBIKxIR80wA,우즈벡 라이프 UZBEK LIFE 우라티비,QUBBN0XrHZQ,무슬림에게 성지순례란 얼마나 대단한 것일까? (우즈벡 우즈베키스탄 국제커플),2025-11-20T00:00:27Z,677.0,False,37478,3853.0,55.0
4252,UCBIPuIG_7iA9NBIKxIR80wA,우즈벡 라이프 UZBEK LIFE 우라티비,NZxkbulz8Ew,사촌동생 결혼식에 전해준 우즈벡 아내의 선물은? (우즈베키스탄 국제커플),2025-11-23T00:00:23Z,653.0,False,44293,4005.0,56.0
4252,UCBIPuIG_7iA9NBIKxIR80wA,우즈벡 라이프 UZBEK LIFE 우라티비,cAoa6Kd6OPA,우즈벡 중고차 시장에서 한국어 능력자를 만나면 생기는일 (우즈베키스탄 국제커플),2025-11-26T00:00:54Z,662.0,False,74760,5880.0,93.0
4252,UCBIPuIG_7iA9NBIKxIR80wA,우즈벡 라이프 UZBEK LIFE 우라티비,yYKgNMrBw00,남편의 지인들을 위해 곰탕 끓이는 우즈벡 아내 (우즈베키스탄 국제커플),2025-11-30T00:01:10Z,640.0,False,37547,3790.0,42.0
4252,UCBIPuIG_7iA9NBIKxIR80wA,우즈벡 라이프 UZBEK LIFE 우라티비,Kbd3SaMWRa8,한국 남자랑 결혼했기 때문에 가능한 우즈벡 여자의 일상 (우즈베키스탄 국제커플),2025-12-02T00:00:19Z,584.0,False,53364,4569.0,70.0
4252,UCBIPuIG_7iA9NBIKxIR80wA,우즈벡 라이프 UZBEK LIFE 우라티비,uMzgSskhtA0,우즈벡 처갓집의 슬픈소식 (우즈베키스탄 국제커플),2025-12-05T00:01:15Z,229.0,False,82705,6500.0,640.0
4252,UCBIPuIG_7iA9NBIKxIR80wA,우즈벡 라이프 UZBEK LIFE 우라티비,K5PsXxHdq8s,우즈벡 사람중에 잡채 싫어하는 사람 못봤음 (우즈베키스탄 국제커플),2025-12-08T00:00:32Z,637.0,False,134471,8471.0,232.0
4252,UCBIPuIG_7iA9NBIKxIR80wA,우즈벡 라이프 UZBEK LIFE 우라티비,nQBEs6pSb1Y,우즈벡 여자들이 선택한 한국과자 원픽은? (우즈베키스탄 국제커플),2025-12-12T00:01:06Z,652.0,False,50805,4726.0,72.0
4252,UCBIPuIG_7iA9NBIKxIR80wA,우즈벡 라이프 UZBEK LIFE 우라티비,ou6aA7ZzLOI,슬픔은 사치인것을 보여주는 우즈벡 여자들 (우즈베키스탄 국제커플),2025-12-15T00:00:50Z,649.0,False,79121,6068.0,106.0
4252,UCBIPuIG_7iA9NBIKxIR80wA,우즈벡 라이프 UZBEK LIFE 우라티비,F2NyZIX2fXg,다이아 반지보다 소중한 세아이 엄마의 34번째 생일선물 (우즈벡 우즈베키스탄 국제커플),2025-12-19T00:00:17Z,638.0,False,37340,3717.0,49.0
4252,UCBIPuIG_7iA9NBIKxIR80wA,우즈벡 라이프 UZBEK LIFE 우라티비,GO6lKg7trYc,이까짓 신발이 뭐라고 우즈벡 여자를 울리는 걸까 (우즈베키스탄 국제커플),2025-12-23T00:00:17Z,816.0,False,122618,9547.0,238.0
4252,UCBIPuIG_7iA9NBIKxIR80wA,우즈벡 라이프 UZBEK LIFE 우라티비,8XeTP_Io4l8,눈 내리는 이날씨에 산으로 놀러간 우즈벡 처가식구들 (우즈베키스탄 국제커플),2025-12-27T00:00:08Z,565.0,False,36001,3776.0,51.0
4252,UCBIPuIG_7iA9NBIKxIR80wA,우즈벡 라이프 UZBEK LIFE 우라티비,hh6cM4xWnZI,우즈벡의 겨울엔 뜨끈한 순두부 찌개와 잡채 (우즈베키스탄 국제커플),2025-12-30T00:00:58Z,728.0,False,101114,7843.0,253.0
4252,UCBIPuIG_7iA9NBIKxIR80wA,우즈벡 라이프 UZBEK LIFE 우라티비,usbHOceR4Ug,눈물 많은 우즈벡 사람들에게 선물로 혼쭐내는 아내 (우즈베키스탄 국제커플),2026-01-06T00:01:14Z,886.0,False,92317,7752.0,164.0
4252,UCBIPuIG_7iA9NBIKxIR80wA,우즈벡 라이프 UZBEK LIFE 우라티비,k4NaiAgiXok,2025 우라TV 되돌아보기 베스트 (우즈벡 우즈베키스탄 국제커플),2026-01-09T00:01:03Z,6842.0,False,16531,1276.0,37.0
4252,UCBIPuIG_7iA9NBIKxIR80wA,우즈벡 라이프 UZBEK LIFE 우라티비,hCIi1Jz2Yag,우즈벡 아내가 돈을 벌어야 하는 이유 (우즈베키스탄 국제커플),2026-01-15T00:00:53Z,640.0,False,54517,5541.0,32.0
4252,UCBIPuIG_7iA9NBIKxIR80wA,우즈벡 라이프 UZBEK LIFE 우라티비,fvHv7cnIzFw,우즈벡에 뷔페 식당이 존재하지 않는 이유 (우즈베키스탄 국제커플),2026-01-18T00:00:00Z,584.0,False,43833,4620.0,37.0
4252,UCBIPuIG_7iA9NBIKxIR80wA,우즈벡 라이프 UZBEK LIFE 우라티비,LgH6wG_onzw,한방병원에서 부황뜨고 한식당에서 육개장 즐기는 장모님 (우즈벡 우즈베키스탄 국제커플),2026-01-22T00:00:00Z,672.0,False,44300,4809.0,90.0
4252,UCBIPuIG_7iA9NBIKxIR80wA,우즈벡 라이프 UZBEK LIFE 우라티비,VWvi5dIoiKU,김치 중독된 처가 식구를 위해 열일하는 우즈벡 아내 (우즈베키스탄 국제커플),2026-01-25T00:00:00Z,562.0,False,48794,5236.0,86.0
4252,UCBIPuIG_7iA9NBIKxIR80wA,우즈벡 라이프 UZBEK LIFE 우라티비,KioFwAdyp3s,중고차 딜러 이후엔 복부인이 되고픈 우즈벡 아내 (우즈베키스탄 국제커플),2026-01-29T00:00:00Z,682.0,False,38518,3986.0,55.0
4252,UCBIPuIG_7iA9NBIKxIR80wA,우즈벡 라이프 UZBEK LIFE 우라티비,FaJgDbgMuvQ,눈내린 겨울 우즈벡에 뜨끈한 해물 칼국수는 어떨까 (우즈베키스탄 국제커플),2026-02-01T00:00:00Z,696.0,False,96122,8011.0,190.0
4252,UCBIPuIG_7iA9NBIKxIR80wA,우즈벡 라이프 UZBEK LIFE 우라티비,rk876gH8DT0,우즈벡에서 돌하르방 보고 넷째 욕심 생긴 아내 (우즈베키스탄 국제커플),2026-02-05T00:00:00Z,582.0,False,29873,3191.0,33.0
4252,UCBIPuIG_7iA9NBIKxIR80wA,우즈벡 라이프 UZBEK LIFE 우라티비,lKJJwdt1Xls,떡볶이 국물에 김밥 찍어먹는 맛을 아는 우즈벡 처가식구들 (우즈베키스탄 국제커플),2026-02-08T00:00:00Z,749.0,False,67983,6447.0,138.0
4252,UCBIPuIG_7iA9NBIKxIR80wA,우즈벡 라이프 UZBEK LIFE 우라티비,dwLfcUw5cIE,우즈벡에서 뷔페 처음 가봤으니 토할때까지 먹어야지 (우즈베키스탄 국제커플),2026-02-20T00:00:00Z,721.0,False,90185,7492.0,185.0
4252,UCBIPuIG_7iA9NBIKxIR80wA,우즈벡 라이프 UZBEK LIFE 우라티비,8ORFbJvvm6g,우즈벡 아내가 돈을 벌기 시작하더니만... (우즈베키스탄 국제커플),2026-04-02T00:00:00Z,1246.0,False,77915,7307.0,141.0
4252,UCBIPuIG_7iA9NBIKxIR80wA,우즈벡 라이프 UZBEK LIFE 우라티비,QNp-qulmOnI,맥심을 사랑하는 해결사 우즈벡 아내 (우즈베키스탄 국제커플),2026-04-06T00:00:00Z,894.0,False,49266,4898.0,71.0
4252,UCBIPuIG_7iA9NBIKxIR80wA,우즈벡 라이프 UZBEK LIFE 우라티비,8UU9V_aJXMU,우즈벡 아내는 운동선수가 되고싶답니다 (우즈베키스탄 국제커플),2026-04-10T00:00:00Z,707.0,False,26469,3294.0,21.0
4252,UCBIPuIG_7iA9NBIKxIR80wA,우즈벡 라이프 UZBEK LIFE 우라티비,j05luOTMewA,우즈벡 아내의 쪼다남편이 되지 않기를 바라며,2026-04-14T00:00:00Z,1600.0,False,25567,2924.0,50.0
4252,UCBIPuIG_7iA9NBIKxIR80wA,우즈벡 라이프 UZBEK LIFE 우라티비,3JkGiakBic8,우즈벡 아내가 새로운 일에 도전합니다 (우즈베키스탄 국제커플),2026-04-19T00:00:00Z,804.0,False,36217,3907.0,81.0
4252,UCBIPuIG_7iA9NBIKxIR80wA,우즈벡 라이프 UZBEK LIFE 우라티비,zi7zQwhKD3k,일하는 우즈벡 아내가 못마땅한 이유 (우즈베키스탄 국제커플),2026-04-23T00:00:00Z,545.0,False,25956,2798.0,49.0
4252,UCBIPuIG_7iA9NBIKxIR80wA,우즈벡 라이프 UZBEK LIFE 우라티비,lZEQxgoRp_M,우즈벡 아내가 한국 맘이 되어가는 과정 (우즈베키스탄 국제커플),2026-04-27T00:00:00Z,814.0,False,26658,3044.0,41.0
4252,UCBIPuIG_7iA9NBIKxIR80wA,우즈벡 라이프 UZBEK LIFE 우라티비,OFFI1xSaoEQ,입사하고 바로 대장 노릇하는 우즈벡 아내 (우즈베키스탄 국제커플),2026-05-01T00:00:00Z,721.0,False,42321,3944.0,60.0
4252,UCBIPuIG_7iA9NBIKxIR80wA,우즈벡 라이프 UZBEK LIFE 우라티비,5YLxEls-wHA,오랜만에 얼굴 비춘 우즈벡 큰처남댁 (우즈베키스탄 국제커플),2026-05-06T00:00:00Z,631.0,False,58515,5313.0,121.0
4252,UCBIPuIG_7iA9NBIKxIR80wA,우즈벡 라이프 UZBEK LIFE 우라티비,Cs9FZVY-lt4,우즈벡 큰처남댁의 그동안 근황 (우즈베키스탄 국제커플),2026-05-10T00:00:33Z,625.0,False,63145,5423.0,118.0
4252,UCBIPuIG_7iA9NBIKxIR80wA,우즈벡 라이프 UZBEK LIFE 우라티비,4zfzUkiFBog,우즈벡 처남 부부에 대한 아내의 조언 (우즈베키스탄 국제커플),2026-05-14T00:00:02Z,655.0,False,45539,4224.0,140.0
4253,UCAI75j6HUEqV_0wB6SI0qvA,Mr. Moon 라오스 정착기,9GNEha9U7Jo,ep557 시내 지인집 잔치에 다녀왔어요,2025-11-05T13:02:43Z,460.0,False,54982,5183.0,71.0
4253,UCAI75j6HUEqV_0wB6SI0qvA,Mr. Moon 라오스 정착기,GHFvDdflx9M,ep558 두리안 농장 한 바퀴~!,2025-11-08T00:00:30Z,2346.0,False,211078,14104.0,753.0
4253,UCAI75j6HUEqV_0wB6SI0qvA,Mr. Moon 라오스 정착기,cunOKg24bTY,ep559 단차 맞배지붕 아래 창문 설치 (1/3),2025-11-12T10:38:52Z,2595.0,False,108885,8988.0,163.0
4253,UCAI75j6HUEqV_0wB6SI0qvA,Mr. Moon 라오스 정착기,fHqKQBWmLs4,ep560 두리안 농장에 달걀 8개 + 되었습니다,2025-11-16T00:17:04Z,931.0,False,100055,8341.0,206.0
4253,UCAI75j6HUEqV_0wB6SI0qvA,Mr. Moon 라오스 정착기,i6XTLd2NL14,ep561 단차 맞배지붕 아래 창문 설치 (2/3),2025-11-19T00:00:47Z,1924.0,False,85540,7189.0,256.0
4253,UCAI75j6HUEqV_0wB6SI0qvA,Mr. Moon 라오스 정착기,HMjgTjfDdyI,ep562 오랜만에 팍세집 좀 보여드릴게요,2025-11-23T00:00:21Z,1632.0,False,143830,8776.0,272.0
4253,UCAI75j6HUEqV_0wB6SI0qvA,Mr. Moon 라오스 정착기,BA5WhNhmdv0,피피 앞니 빠졌어요 #라오스일상,2025-11-29T15:36:04Z,35.0,True,35495,1425.0,30.0
4253,UCAI75j6HUEqV_0wB6SI0qvA,Mr. Moon 라오스 정착기,oGkZl_wvXX0,ep563 농장이 놀이터가 됐어요,2025-12-03T08:55:04Z,1172.0,False,93141,7695.0,133.0
4253,UCAI75j6HUEqV_0wB6SI0qvA,Mr. Moon 라오스 정착기,gaTE2bMVUjU,ep564 라오스는 따듯한 봄? 날씨에요,2025-12-07T10:05:13Z,2332.0,False,149825,9537.0,244.0
4253,UCAI75j6HUEqV_0wB6SI0qvA,Mr. Moon 라오스 정착기,zDpS9h79cxo,ep565 울타리 나뭇가지 정리좀 했어요,2025-12-10T14:15:44Z,1382.0,False,82377,6546.0,111.0
4253,UCAI75j6HUEqV_0wB6SI0qvA,Mr. Moon 라오스 정착기,XiTxfYf_mj0,ep566 단차 맞배지붕 아래 창문 설치 (3/3),2025-12-13T09:26:20Z,1387.0,False,89766,7984.0,156.0
4253,UCAI75j6HUEqV_0wB6SI0qvA,Mr. Moon 라오스 정착기,PFwLkNPInoU,"ep567 농장 길에 흙 7대, 복토 작업 했어요",2025-12-17T09:11:23Z,2736.0,False,219817,10309.0,312.0
4253,UCAI75j6HUEqV_0wB6SI0qvA,Mr. Moon 라오스 정착기,4ePC0wgEWe0,ep568 두리안 농장에 버섯 재배장이 +되었습니다,2025-12-21T10:22:50Z,1157.0,False,109677,9126.0,146.0
4253,UCAI75j6HUEqV_0wB6SI0qvA,Mr. Moon 라오스 정착기,2M2UD8u5RnY,우리 부자 되겠어요,2025-12-23T00:58:32Z,55.0,True,90733,3334.0,112.0
4253,UCAI75j6HUEqV_0wB6SI0qvA,Mr. Moon 라오스 정착기,5JPeFAZKu2M,"ep569 농장 울타리 나무, 대나무 잘랐어요",2025-12-24T11:41:19Z,1207.0,False,98510,7530.0,171.0
4253,UCAI75j6HUEqV_0wB6SI0qvA,Mr. Moon 라오스 정착기,0toBVKTlK8s,ep570 우리 부자 되겠어요 !,2025-12-28T01:29:32Z,1339.0,False,128966,9639.0,337.0
4253,UCAI75j6HUEqV_0wB6SI0qvA,Mr. Moon 라오스 정착기,YX27W_Ci2Q8,ep571 버섯 재배사좀 키웠어요,2026-01-02T02:38:27Z,838.0,False,119159,9768.0,259.0
4253,UCAI75j6HUEqV_0wB6SI0qvA,Mr. Moon 라오스 정착기,uxQSXQtAluY,ep572 농장 대문 작업 시작했어요,2026-01-04T03:19:40Z,940.0,False,117069,9415.0,169.0
4253,UCAI75j6HUEqV_0wB6SI0qvA,Mr. Moon 라오스 정착기,XOjC-uul6xc,ep573 농장 대문작업 2,2026-01-08T00:51:23Z,1291.0,False,125837,9315.0,167.0
4253,UCAI75j6HUEqV_0wB6SI0qvA,Mr. Moon 라오스 정착기,GxFjOgZ8qcE,"ep574 농장 대문 작업 3 (롤러, 가이드 준비)",2026-01-11T03:06:18Z,939.0,False,107210,8542.0,180.0
4253,UCAI75j6HUEqV_0wB6SI0qvA,Mr. Moon 라오스 정착기,w60L82kunAA,"ep575 농장 대문 작업 4 (대문 설치, 바닥 타설)",2026-01-14T09:41:41Z,1032.0,False,116216,9402.0,166.0
4253,UCAI75j6HUEqV_0wB6SI0qvA,Mr. Moon 라오스 정착기,vQixvP0khaQ,ep576 농장 대문 작업 5 (모터 전선관 묻기),2026-01-17T08:01:09Z,1053.0,False,103432,9171.0,170.0
4253,UCAI75j6HUEqV_0wB6SI0qvA,Mr. Moon 라오스 정착기,MemCOMxICl4,ep577 농장 대문 작업 6 (완성 했어요),2026-01-21T09:38:39Z,1071.0,False,147537,10494.0,222.0
4253,UCAI75j6HUEqV_0wB6SI0qvA,Mr. Moon 라오스 정착기,GceO7cqYLSk,"ep578 포터, 팔아버릴까 고민입니다",2026-01-25T01:50:40Z,1416.0,False,125742,8961.0,503.0
4253,UCAI75j6HUEqV_0wB6SI0qvA,Mr. Moon 라오스 정착기,bwhPzTHKPtc,ep579 소풍은 아니지만... (버섯 재배 근황),2026-01-29T09:25:51Z,1238.0,False,121296,9105.0,179.0
4253,UCAI75j6HUEqV_0wB6SI0qvA,Mr. Moon 라오스 정착기,qOXYmUp00uA,ep580 버섯재배사에 초가지붕 올렸어요,2026-02-01T09:02:42Z,930.0,False,99952,9158.0,226.0
4253,UCAI75j6HUEqV_0wB6SI0qvA,Mr. Moon 라오스 정착기,HAvcJ3eM0Gs,ep581 노랑이에 집게가 생겼습니다,2026-02-04T08:00:17Z,1448.0,False,123401,9123.0,179.0
4253,UCAI75j6HUEqV_0wB6SI0qvA,Mr. Moon 라오스 정착기,mXwQAQdlbXA,ep582 자닮유황 만들었어요,2026-02-08T09:39:53Z,1473.0,False,98267,8291.0,211.0
4253,UCAI75j6HUEqV_0wB6SI0qvA,Mr. Moon 라오스 정착기,ZHlGJktioG4,ep583 간단히 통나무벤치 하나 만들었어요,2026-02-11T00:00:44Z,1225.0,False,109499,8459.0,134.0
4253,UCAI75j6HUEqV_0wB6SI0qvA,Mr. Moon 라오스 정착기,ridf2atoDW8,2월의 라오스는 망고가 주렁주렁~!,2026-02-16T14:18:29Z,52.0,True,102261,3391.0,61.0
4253,UCAI75j6HUEqV_0wB6SI0qvA,Mr. Moon 라오스 정착기,nnghePbuMgM,ep584 느타리버섯 폐상 했습니다,2026-02-19T00:53:38Z,897.0,False,116241,7335.0,242.0
4253,UCAI75j6HUEqV_0wB6SI0qvA,Mr. Moon 라오스 정착기,nZlzN4IdDGs,ep585 풋망고 수확했어요,2026-02-22T07:04:10Z,1278.0,False,140666,9828.0,236.0
4253,UCAI75j6HUEqV_0wB6SI0qvA,Mr. Moon 라오스 정착기,1L9NonSpoMI,ep586 두리안농장 스프링클러 업그레이드 1/2,2026-02-27T14:09:29Z,848.0,False,85902,6929.0,101.0
4253,UCAI75j6HUEqV_0wB6SI0qvA,Mr. Moon 라오스 정착기,qVz_g3H1lGI,ep587 두리안농장 스프링클러 업그레이드 2/2,2026-03-08T00:00:54Z,1428.0,False,108183,8204.0,157.0
4253,UCAI75j6HUEqV_0wB6SI0qvA,Mr. Moon 라오스 정착기,mxkeUwaiRaQ,"ep588 피피, 수학 경시대회 나갔어요",2026-03-11T10:56:55Z,937.0,False,89212,7665.0,149.0
4253,UCAI75j6HUEqV_0wB6SI0qvA,Mr. Moon 라오스 정착기,JhH5U5-liFs,ep589 결국 포터 팔았어요,2026-03-15T12:47:11Z,865.0,False,168164,11220.0,508.0
4253,UCAI75j6HUEqV_0wB6SI0qvA,Mr. Moon 라오스 정착기,Lc5-b3m_U3Q,"에고~ 26년 3월, 라오스 주유소 모습",2026-03-17T12:09:20Z,29.0,True,122247,2111.0,84.0
4253,UCAI75j6HUEqV_0wB6SI0qvA,Mr. Moon 라오스 정착기,MBOex-En6Ik,ep590 라오스 오일쇼크!,2026-03-19T08:38:33Z,748.0,False,148909,8962.0,397.0
4253,UCAI75j6HUEqV_0wB6SI0qvA,Mr. Moon 라오스 정착기,XvSqSqTsbkc,"ep591 시내, 새 땅도 팔았습니다!",2026-03-22T06:06:24Z,604.0,False,179392,11224.0,217.0
4253,UCAI75j6HUEqV_0wB6SI0qvA,Mr. Moon 라오스 정착기,GKgovYMgUjc,ep592 이웃농장 대문 작업했어요,2026-03-25T05:36:12Z,1542.0,False,148671,9785.0,202.0
4253,UCAI75j6HUEqV_0wB6SI0qvA,Mr. Moon 라오스 정착기,4iW12Mla-aw,ep593 농장에 태양광등 설치했어요,2026-03-28T02:26:57Z,831.0,False,101143,8085.0,162.0
4253,UCAI75j6HUEqV_0wB6SI0qvA,Mr. Moon 라오스 정착기,ckl-76_f5dQ,ep594 집 주변 코코넛나무 잘랐어요,2026-04-04T11:40:15Z,1107.0,False,146255,10220.0,165.0
4253,UCAI75j6HUEqV_0wB6SI0qvA,Mr. Moon 라오스 정착기,ksVcAy5vIoY,ep595 캐슈넛 팔아서 피피 과자값 벌었어요,2026-04-09T09:44:11Z,1081.0,False,103498,8199.0,218.0
4253,UCAI75j6HUEqV_0wB6SI0qvA,Mr. Moon 라오스 정착기,PPR9iPOwIGg,ep596 기력 보충!,2026-04-13T06:38:13Z,1395.0,False,101449,7852.0,252.0
4253,UCAI75j6HUEqV_0wB6SI0qvA,Mr. Moon 라오스 정착기,niap_356z6Y,ep597 전기가 모자라!!,2026-04-19T12:58:18Z,1156.0,False,117809,9432.0,138.0
4253,UCAI75j6HUEqV_0wB6SI0qvA,Mr. Moon 라오스 정착기,Al-lG-oidWQ,ep598 파파야 나무 손좀 봤습니다,2026-04-22T08:38:24Z,854.0,False,93437,7489.0,138.0
4253,UCAI75j6HUEqV_0wB6SI0qvA,Mr. Moon 라오스 정착기,Rp2Fd8RZ6Uo,ep599 라오스 고무나무농장 힐링 드라이브~!,2026-04-26T03:24:13Z,803.0,False,65023,5633.0,136.0
4253,UCAI75j6HUEqV_0wB6SI0qvA,Mr. Moon 라오스 정착기,AkrliXlPyPQ,ep600 창고 기둥에 베이스판 용접 했어요,2026-05-03T09:53:40Z,744.0,False,91735,7752.0,94.0
4253,UCAI75j6HUEqV_0wB6SI0qvA,Mr. Moon 라오스 정착기,zLW_uBCjcRk,ep601 창고 대들보 올렸어요!,2026-05-06T09:05:44Z,1423.0,False,106241,9751.0,245.0
4253,UCAI75j6HUEqV_0wB6SI0qvA,Mr. Moon 라오스 정착기,ZjOwMe3f-lM,ep602 창고 서까래 올리고 모처럼 버섯도...,2026-05-13T08:00:28Z,852.0,False,77944,7041.0,130.0
4254,UCTSfYd4nnazx_kAl3oIBpyw,골 때리는 그녀들 Shooting Stars,-2R-xiLZmbg,장은실 압박 무섭네😱ㄷㄷ #골때리는그녀들,2026-04-09T09:00:01Z,52.0,True,32684,254.0,32.0
4254,UCTSfYd4nnazx_kAl3oIBpyw,골 때리는 그녀들 Shooting Stars,1kUgl_eyQVE,돌아온 김보경의 이적 신고골⚽️ #골때리는그녀들,2026-04-09T09:00:02Z,40.0,True,47724,542.0,43.0
4254,UCTSfYd4nnazx_kAl3oIBpyw,골 때리는 그녀들 Shooting Stars,Jfx2eaYT_v0,부상 투혼까지 벌어진 치열한 4강 결정전⚡ Ι FC발라드림 vs FC스트리밍파이터,2026-04-09T09:00:34Z,892.0,False,33465,545.0,133.0
4254,UCTSfYd4nnazx_kAl3oIBpyw,골 때리는 그녀들 Shooting Stars,xjmd6gAbAh4,뽀뽀할 뻔한 깡미와 정예원🤣ㅋㅋ #골때리는그녀들,2026-04-09T09:01:17Z,23.0,True,147569,733.0,17.0
4254,UCTSfYd4nnazx_kAl3oIBpyw,골 때리는 그녀들 Shooting Stars,VZ1NspZ-BrI,각양각색 세리머니도 열심히 하는 골때녀들😆 | 세리머니 모음.zip,2026-04-10T09:00:58Z,802.0,False,15401,247.0,9.0
4254,UCTSfYd4nnazx_kAl3oIBpyw,골 때리는 그녀들 Shooting Stars,BWWoroidrTw,"[선공개] FC탑걸무브먼트 VS FC월드클라쓰, 제왕을 뚫을 수 있을지?",2026-04-12T10:01:10Z,406.0,False,172612,2024.0,530.0
4254,UCTSfYd4nnazx_kAl3oIBpyw,골 때리는 그녀들 Shooting Stars,VvpoPRUZB0U,[제2회 G리그 인터리그Ⅰ] FC발라드림 vs FC스트리밍파이터 FULL,2026-04-13T08:00:38Z,2554.0,False,98716,994.0,102.0
4254,UCTSfYd4nnazx_kAl3oIBpyw,골 때리는 그녀들 Shooting Stars,_BbQAE7uQaM,[선공개2] FC탑걸무브먼트 든든한 응원단 ITZY 채령!,2026-04-14T10:48:06Z,203.0,False,76159,1782.0,236.0
4254,UCTSfYd4nnazx_kAl3oIBpyw,골 때리는 그녀들 Shooting Stars,VNkB5n0_jf4,끝까지 방심하지 않고 최선을 다해서!🔥  | 월드클라쓰 경기 후 라커룸,2026-04-15T14:15:04Z,479.0,False,72861,1314.0,715.0
4254,UCTSfYd4nnazx_kAl3oIBpyw,골 때리는 그녀들 Shooting Stars,6SdHZwzmg7c,탑걸을 녹인 제이 플레이😰ㄷㄷ #골때리는그녀들,2026-04-16T09:00:07Z,46.0,True,82320,594.0,106.0
4254,UCTSfYd4nnazx_kAl3oIBpyw,골 때리는 그녀들 Shooting Stars,PzeR-xycMBg,이영표의 디테일한 지시💬 #골때리는그녀들,2026-04-16T09:00:36Z,43.0,True,46399,490.0,50.0
4254,UCTSfYd4nnazx_kAl3oIBpyw,골 때리는 그녀들 Shooting Stars,dwHDB6W3ji4,이유정이 펼친 2연속 태클💨 #골때리는그녀들,2026-04-16T09:00:53Z,44.0,True,130575,563.0,27.0
4254,UCTSfYd4nnazx_kAl3oIBpyw,골 때리는 그녀들 Shooting Stars,l9tqZQeAjmU,진정한 명장 감독을 가린 단 한번의 명승부🔥 Ι FC탑걸무브먼트 vs FC월드클라쓰,2026-04-16T09:01:06Z,894.0,False,37217,599.0,303.0
4254,UCTSfYd4nnazx_kAl3oIBpyw,골 때리는 그녀들 Shooting Stars,KyRGCh3djkA,"[선공개] FC국대패밀리 VS FC구척장신, 리그 최강팀에 맞선 악바리 주장 이현이",2026-04-19T08:05:32Z,328.0,False,162141,1739.0,597.0
4254,UCTSfYd4nnazx_kAl3oIBpyw,골 때리는 그녀들 Shooting Stars,moRZkstQuLA,[제2회 G리그 인터리그 Ⅱ] FC탑걸무브먼트 vs FC월드클라쓰 FULL,2026-04-20T08:00:48Z,3222.0,False,47591,622.0,160.0
4254,UCTSfYd4nnazx_kAl3oIBpyw,골 때리는 그녀들 Shooting Stars,RMfdd6EZz9E,"[선공개2] FC국대패밀리 VS FC구척장신, 국대팸의 유일한 벽은 구척?",2026-04-21T09:13:37Z,247.0,False,56779,972.0,319.0
4254,UCTSfYd4nnazx_kAl3oIBpyw,골 때리는 그녀들 Shooting Stars,xFSzTaCq3Gg,[선공개3] 골때녀 라커룸 비하인드,2026-04-22T09:16:41Z,154.0,False,26762,534.0,140.0
4254,UCTSfYd4nnazx_kAl3oIBpyw,골 때리는 그녀들 Shooting Stars,C3DHpbm4gc8,우리가 전설을 만들었으면 좋겠어✨ | 국대패밀리 경기 후 라커룸,2026-04-22T15:45:03Z,446.0,False,74669,1247.0,681.0
4254,UCTSfYd4nnazx_kAl3oIBpyw,골 때리는 그녀들 Shooting Stars,84SOsmx6x3k,경기 전 더:단백 보충 시간🔥,2026-04-23T02:00:14Z,35.0,True,11975,97.0,6.0
4254,UCTSfYd4nnazx_kAl3oIBpyw,골 때리는 그녀들 Shooting Stars,07kYr4atJLk,이현이VS박하얀 치열한 몸싸움🔥 #골때리는그녀들,2026-04-23T09:00:00Z,43.0,True,70947,280.0,42.0
4254,UCTSfYd4nnazx_kAl3oIBpyw,골 때리는 그녀들 Shooting Stars,HNwVbjr1YIY,김민지&박하얀 역대급 합작골⚽ #골때리는그녀들,2026-04-23T09:00:19Z,37.0,True,124996,1024.0,87.0
4254,UCTSfYd4nnazx_kAl3oIBpyw,골 때리는 그녀들 Shooting Stars,OFqvt0cWSiI,박하얀의 첫 해트트릭 골🎉 #골때리는그녀들,2026-04-23T09:00:27Z,39.0,True,44747,375.0,33.0
4254,UCTSfYd4nnazx_kAl3oIBpyw,골 때리는 그녀들 Shooting Stars,gLmJYB2o5AU,7연승에서 끊어내자⚡ 양보할 수 없는 G리그 4강 결정전! Ι FC국대패밀리 vs FC구척장신,2026-04-23T09:00:54Z,890.0,False,45165,538.0,306.0
4254,UCTSfYd4nnazx_kAl3oIBpyw,골 때리는 그녀들 Shooting Stars,88sz-Ozm_IE,선수 한 명에 정신없이 흔들리는 골망💫 | 해트트릭 모음.zip,2026-04-24T09:00:17Z,808.0,False,28738,274.0,26.0
4254,UCTSfYd4nnazx_kAl3oIBpyw,골 때리는 그녀들 Shooting Stars,Xnmpw2nT1uo,[선공개] FC원더우먼2026 VS FC액셔니스타 원더우먼을 가로막는 혜컴의 선제골?!,2026-04-26T09:06:44Z,414.0,False,165626,1846.0,745.0
4254,UCTSfYd4nnazx_kAl3oIBpyw,골 때리는 그녀들 Shooting Stars,2oHNoy2weSc,[제2회 G리그 인터리그 Ⅲ] FC국대패밀리 vs FC구척장신 FULL,2026-04-27T08:00:04Z,2481.0,False,51837,632.0,185.0
4254,UCTSfYd4nnazx_kAl3oIBpyw,골 때리는 그녀들 Shooting Stars,cSDDV8g1M-g,[선공개2] 키썸과 함께하는 골때녀 스피릿 충전 시간⚡️ with 세라젬,2026-04-28T09:00:50Z,189.0,False,13153,385.0,113.0
4254,UCTSfYd4nnazx_kAl3oIBpyw,골 때리는 그녀들 Shooting Stars,GQVeSsSeDS0,위험한 김병지 감독의 전술💫 #골때리는그녀들,2026-04-30T09:00:22Z,52.0,True,101367,776.0,232.0
4254,UCTSfYd4nnazx_kAl3oIBpyw,골 때리는 그녀들 Shooting Stars,Hq_pdW0p-9U,액셔니스타의 절박한 '냅둬' 🥺 #골때리는그녀들,2026-04-30T09:00:25Z,48.0,True,128450,728.0,209.0
4254,UCTSfYd4nnazx_kAl3oIBpyw,골 때리는 그녀들 Shooting Stars,u4me6XWVM58,마지막 4강 진출이 결정되는 역대급 빅매치⚡ Ι FC원더우먼2026 vs FC액셔니스타,2026-04-30T09:01:18Z,890.0,False,43091,534.0,356.0
4254,UCTSfYd4nnazx_kAl3oIBpyw,골 때리는 그녀들 Shooting Stars,vh1P9OTxF9w,얼굴로 다 수비하는 주명😱ㄷㄷ #골때리는그녀들,2026-04-30T09:01:29Z,43.0,True,87433,458.0,49.0
4254,UCTSfYd4nnazx_kAl3oIBpyw,골 때리는 그녀들 Shooting Stars,hpeb9CwXynY,[선공개] 드디어 시작된 4강전! 국대팸을 꽁꽁 묶은 액셔니의 수비 전술?!,2026-05-04T11:29:17Z,353.0,False,134607,1453.0,678.0
4254,UCTSfYd4nnazx_kAl3oIBpyw,골 때리는 그녀들 Shooting Stars,NcEaP1tXAgA,"[선공개2] FC국대패밀리 VS FC액셔니스타, 에이스 박하얀의 부상?!",2026-05-05T09:47:47Z,103.0,False,43072,602.0,342.0
4254,UCTSfYd4nnazx_kAl3oIBpyw,골 때리는 그녀들 Shooting Stars,J2zZJONQnRE,마무리까지 완벽하게 이뤄낸 4강 진출🌟 | 액셔니스타 경기 후 라커룸,2026-05-06T15:45:03Z,638.0,False,13755,265.0,101.0
4254,UCTSfYd4nnazx_kAl3oIBpyw,골 때리는 그녀들 Shooting Stars,VGEYptdSWTc,우승까지 단 한 고비! 결승전 첫 번째 주인공⚡ | 국대패밀리 경기 후 라커룸,2026-05-06T16:01:02Z,474.0,False,50220,858.0,510.0
4254,UCTSfYd4nnazx_kAl3oIBpyw,골 때리는 그녀들 Shooting Stars,UplxCLgIMlM,빛보다 빠른 태세 전환🤣ㅋㅋ #골때리는그녀들,2026-05-07T09:00:44Z,38.0,True,67817,309.0,23.0
4254,UCTSfYd4nnazx_kAl3oIBpyw,골 때리는 그녀들 Shooting Stars,roT0S1f6jzo,감탄만 나오는 정혜인의 대활약👍️ #골때리는그녀들,2026-05-07T09:01:09Z,48.0,True,39131,203.0,13.0
4254,UCTSfYd4nnazx_kAl3oIBpyw,골 때리는 그녀들 Shooting Stars,rMu_g6SZTZ0,시작된 4강전 서막🔥 최강 국대 파훼하려는 수비 전술 등장?! Ι FC국대패밀리 vs FC액셔니스타,2026-05-07T09:01:11Z,899.0,False,22903,308.0,247.0
4254,UCTSfYd4nnazx_kAl3oIBpyw,골 때리는 그녀들 Shooting Stars,vapAaOlE_f0,전방 압박에 허무하게 먹힌 골🥲 #골때리는그녀들,2026-05-07T09:01:23Z,38.0,True,35336,244.0,60.0
4254,UCTSfYd4nnazx_kAl3oIBpyw,골 때리는 그녀들 Shooting Stars,xJTTf77_xKg,[제2회 G리그 인터리그 Ⅳ] FC원더우먼2026 vs FC액셔니스타 FULL,2026-05-08T08:01:05Z,3382.0,False,21115,339.0,58.0
4254,UCTSfYd4nnazx_kAl3oIBpyw,골 때리는 그녀들 Shooting Stars,2JuKQMH_FPI,[선공개] FC월드클라쓰 VS FC발라드림 | 4강전 두 번째 경기 | 월클을 막을 팀은 발라 뿐?!,2026-05-10T08:52:07Z,521.0,False,238141,2752.0,1218.0
4254,UCTSfYd4nnazx_kAl3oIBpyw,골 때리는 그녀들 Shooting Stars,RcosCJIMcRw,[제2회 G리그 4강전Ⅰ] FC국대패밀리 vs FC액셔니스타 FULL,2026-05-11T08:00:33Z,2123.0,False,26271,355.0,75.0
4254,UCTSfYd4nnazx_kAl3oIBpyw,골 때리는 그녀들 Shooting Stars,wJuM7S6LaWU,[선공개2] 앞머리 다듬고 귤 먹고✨ 경기에 임하는 아야카만의 방법 | 골때녀 전부터 이어진 이영표 X 사오리 인연?!,2026-05-12T09:01:14Z,248.0,False,41974,753.0,200.0
4254,UCTSfYd4nnazx_kAl3oIBpyw,골 때리는 그녀들 Shooting Stars,cIKm5mmEk_w,여기까지 왔으면 멋지게 끝내보자😎 | 월드클라쓰 경기 후 라커룸,2026-05-13T15:45:02Z,608.0,False,47372,1047.0,405.0
4254,UCTSfYd4nnazx_kAl3oIBpyw,골 때리는 그녀들 Shooting Stars,5J8h02UeboY,경기 중 더:단백 보충 시간🔥,2026-05-14T02:00:07Z,48.0,True,9003,118.0,13.0
4254,UCTSfYd4nnazx_kAl3oIBpyw,골 때리는 그녀들 Shooting Stars,E9Iu-zkJwqc,살벌한 슈팅VS세이브 대결🔥 #골때리는그녀들,2026-05-14T09:00:28Z,40.0,True,19827,127.0,6.0
4254,UCTSfYd4nnazx_kAl3oIBpyw,골 때리는 그녀들 Shooting Stars,Os-QXO110C4,많이 성장한 아야카🥹 #골때리는그녀들,2026-05-14T09:00:35Z,50.0,True,85144,956.0,164.0
4254,UCTSfYd4nnazx_kAl3oIBpyw,골 때리는 그녀들 Shooting Stars,Q2hP2D3HW6w,제왕 뚫고 결승전 가즈아😈 치열한 공방을 겨눈 마지막 4강전👊 Ι FC월드클라쓰 vs FC발라드림,2026-05-14T09:00:35Z,889.0,False,17509,336.0,175.0
4254,UCTSfYd4nnazx_kAl3oIBpyw,골 때리는 그녀들 Shooting Stars,py2c01CzeQ4,절대 죽지 않는 좀비 정예원💀 #골때리는그녀들,2026-05-14T09:01:06Z,38.0,True,48622,303.0,21.0
4254,UCTSfYd4nnazx_kAl3oIBpyw,골 때리는 그녀들 Shooting Stars,7ar_Qve2C3c,필드에서 보여주는 화려한 무브먼트🎵 | 이유정 플레이 모음.zip,2026-05-15T09:00:17Z,801.0,False,7186,139.0,29.0
4255,UCWPfKGv8mXLa0BiZM3dLTug,Jam Jam Toy 잼잼토이,XvOzgvDzK5o,뽀로로와 함께 색깔을 배워봐요! 비즈에서는 어떤 장난감이 나올까요?l 잼잼토이,2019-01-21T13:49:07Z,217.0,False,38259,143.0,0.0
4255,UCWPfKGv8mXLa0BiZM3dLTug,Jam Jam Toy 잼잼토이,8X-CN_9EWh8,씨앗에서 어떤 과일이 나올까요? 같이 지켜보아요! 아~ 궁금하다! 궁금해!! What fruit will come from the seeds?ㅣ잼잼토이,2019-01-30T17:53:13Z,170.0,False,162561,361.0,0.0
4255,UCWPfKGv8mXLa0BiZM3dLTug,Jam Jam Toy 잼잼토이,cn77H5CL848,하트 플레이도우에서 우리 장난감 친구들을 찾아봐요! 과연 무슨 장난감이 친구들을 기다리고 있을까요? Learn colors with colorful playdoh!ㅣ잼잼토이,2019-02-19T15:59:50Z,176.0,False,6075,34.0,0.0
4255,UCWPfKGv8mXLa0BiZM3dLTug,Jam Jam Toy 잼잼토이,TDKH2TGYuYE,콩순이와 뽀로로와 서프라이즈에그 주방놀이 Baby doll and Pororo kitchen play and learn fruit and food name! ㅣ잼잼토이,2019-03-01T16:59:09Z,322.0,False,17984,78.0,0.0
4255,UCWPfKGv8mXLa0BiZM3dLTug,Jam Jam Toy 잼잼토이,LYKwqNii5qs,키티미용실에 콩순이와 친구들이 놀러왔어요~! 어떤 친구들이 놀러왔을까요? Hello kitty hair shop and Baby doll play hair and make-up,2019-03-04T18:39:23Z,533.0,False,14389,58.0,0.0
4255,UCWPfKGv8mXLa0BiZM3dLTug,Jam Jam Toy 잼잼토이,IJxXa-oPnjQ,콩순이 부푸러 빵가게 놀이와 시크릿프렌즈 주방놀이  Kongsuni Boofuer Bread Shop and Secret Friends Chef Play ㅣ 잼잼토이,2019-03-12T14:52:34Z,491.0,False,24458,107.0,0.0
4255,UCWPfKGv8mXLa0BiZM3dLTug,Jam Jam Toy 잼잼토이,Qb6dHvktaO0,똘똘이 콩순이와 물놀이하며 놀아요! 쓱쓱싹싹 이도 닦아요!! Baby doll  beauty play with baby doll  l잼잼토이,2019-03-15T14:38:52Z,631.0,False,33887,160.0,0.0
4255,UCWPfKGv8mXLa0BiZM3dLTug,Jam Jam Toy 잼잼토이,5AfU26Y9Blg,"공룡과 동물들로 색깔, 이름을 배워봐요! 뽀로로가 어떤 친구를 데리고 올까요? Learn colors and names with  aniamls  in Blue Water Tub",2019-03-31T11:24:57Z,236.0,False,222507,729.0,0.0
4255,UCWPfKGv8mXLa0BiZM3dLTug,Jam Jam Toy 잼잼토이,v19qqbU44IA,"뽀로로 친구 맥퀸과 함께 색깔을 배워봐요! 어떤 색, 모양으로 바뀔까요? -맥퀸 색깔 배우기 Learn colors with Mcqueen Toys",2019-08-11T15:06:59Z,137.0,False,13301,40.0,0.0
4255,UCWPfKGv8mXLa0BiZM3dLTug,Jam Jam Toy 잼잼토이,7SqYRswCWOY,콩순이와 뽀로로와 서프라이즈에그 주방놀이 Baby doll and Pororo kitchen play and learn fruit and food name! ㅣ잼잼토이,2019-08-12T02:43:36Z,,False,0,0.0,0.0
4255,UCWPfKGv8mXLa0BiZM3dLTug,Jam Jam Toy 잼잼토이,24KXsTGSg54,뽀로로와 낚시놀이 대결! 누가 이겼을까요?Let's play fishing with Pororo!-Learn colors with blockㅣ잼잼토이,2019-08-31T01:48:55Z,168.0,False,24306,77.0,0.0
4255,UCWPfKGv8mXLa0BiZM3dLTug,Jam Jam Toy 잼잼토이,Z-5u_F-K7eM,"과일, 야채들로 영어를 배워봐요! 어떤 채소 과일들이 나올까요? | 잼잼토이",2020-03-09T16:20:41Z,124.0,False,2835790,7310.0,0.0
4255,UCWPfKGv8mXLa0BiZM3dLTug,Jam Jam Toy 잼잼토이,AZUA8RfePeo,"아이들을 위한 재미있는 야생동물들과 함께 영어로 색깔, 이름을 배워봐요!!ㅣ잼잼토이",2020-03-17T17:53:14Z,169.0,False,43639,158.0,0.0
4255,UCWPfKGv8mXLa0BiZM3dLTug,Jam Jam Toy 잼잼토이,_q7sBGh86xg,"과일 채소들을 물에 넣으며 재미있게  배워요! 바나나, 수박, 레몬 Let's learn by putting fruits and vegetables in water!ㅣ잼잼토이",2020-03-25T16:38:52Z,264.0,False,60329061,154486.0,0.0
4255,UCWPfKGv8mXLa0BiZM3dLTug,Jam Jam Toy 잼잼토이,qDc2OPqeKls,"공룡과 야생동물들이 한 자리에 모였어요! 어떤 공룡, 동물 친구들이 왔을까요?| 잼잼토이",2020-03-30T17:20:02Z,196.0,False,106291,286.0,0.0
4255,UCWPfKGv8mXLa0BiZM3dLTug,Jam Jam Toy 잼잼토이,JqQcMXmegS0,"와우! 야생동물, 뽀로로와 함께 과일나라로 떠나요~   Wow! Let's go to the fruit kingdom with the wild animal Pororo.ㅣ잼잼토이",2020-04-13T17:25:45Z,230.0,False,772153,2233.0,0.0
4255,UCWPfKGv8mXLa0BiZM3dLTug,Jam Jam Toy 잼잼토이,x9IZM2EVvR8,"물속에는 어떤 바다동물들이 살까요? 하마, 물개, 고래상어, 악어, 상어ㅣ잼잼토이",2020-04-25T09:05:28Z,162.0,False,882660,2297.0,0.0
4255,UCWPfKGv8mXLa0BiZM3dLTug,Jam Jam Toy 잼잼토이,VlQylnHC82I,악어가 꿀꺽~! 뽀로로 친구들이 어떤 중장비로 바뀌었을까요?  l잼잼토이,2020-05-04T14:41:48Z,92.0,False,63838,326.0,0.0
4255,UCWPfKGv8mXLa0BiZM3dLTug,Jam Jam Toy 잼잼토이,hxsVOrHr70s,"물속으로 퐁당! 딸기, 가지 등 여러 과일채소들이 실물로 변신해요!!ㅣ잼잼토이",2020-07-18T22:50:48Z,206.0,False,4711677,12902.0,0.0
4255,UCWPfKGv8mXLa0BiZM3dLTug,Jam Jam Toy 잼잼토이,7OMGHfDn99o,아이언맨이 나타났어요!! 무슨 일이 일어날까요?  |잼잼토이,2020-07-22T23:27:26Z,293.0,False,433023,1783.0,0.0
4255,UCWPfKGv8mXLa0BiZM3dLTug,Jam Jam Toy 잼잼토이,wdRGSqKGC8g,어질어질~ 뽀로로와 함께 숫자 배우며 신나게 돌아봐요!  Let's learn numbers with Pororo and turn around!ㅣ잼잼토이,2020-08-08T08:25:34Z,76.0,False,34725,141.0,0.0
4255,UCWPfKGv8mXLa0BiZM3dLTug,Jam Jam Toy 잼잼토이,6I_4BHDeKiQ,과일 퍼즐이 진짜 장난감  과일로 변했어요! ㅣ잼잼토이,2020-08-28T17:26:28Z,170.0,False,38278,94.0,0.0
4255,UCWPfKGv8mXLa0BiZM3dLTug,Jam Jam Toy 잼잼토이,vYnz0ymrQcU,공룡친구들이 블럭을 가져갔어요!! 뽀로로 친구들 도와주세요~ㅣ잼잼토이,2020-09-07T16:22:43Z,252.0,False,9647,43.0,0.0
4255,UCWPfKGv8mXLa0BiZM3dLTug,Jam Jam Toy 잼잼토이,6QCHWce-BH4,과일채소 친구들이 어디로 갔을까요? 친구들이 알맞은 곳에 넣어주세요! ㅣ잼잼토이,2020-09-09T03:00:12Z,230.0,False,47623,140.0,0.0
4255,UCWPfKGv8mXLa0BiZM3dLTug,Jam Jam Toy 잼잼토이,kk_3MoaLzsA,"플레이도우 국수 면발로 과일을 배워봐요!! 수박, 옥수수, 당근, 감, 포도,토마토,배추 ㅣ잼잼토이",2020-09-16T12:30:06Z,483.0,False,74640,222.0,0.0
4255,UCWPfKGv8mXLa0BiZM3dLTug,Jam Jam Toy 잼잼토이,yt7hJ55NdwQ,색깔 손가락 노래로 색깔을 배워요!! 팡팡 터지는 물풍선도 보아요~ㅣ잼잼토이ㅣ잼잼토이,2020-09-23T15:55:44Z,550.0,False,42495,93.0,0.0
4255,UCWPfKGv8mXLa0BiZM3dLTug,Jam Jam Toy 잼잼토이,-soV42ngE_c,글리터도우에서 어떤 자동차들이 나올까요? 6가지의 맥퀸 친구들을 하나씩 열어보아요! ㅣ잼잼토이,2020-09-30T13:45:00Z,173.0,False,27272,82.0,0.0
4255,UCWPfKGv8mXLa0BiZM3dLTug,Jam Jam Toy 잼잼토이,WNJNtoV49y0,"악어가 쓰레기를 정리해요! 어떤 물건들이 나올까요?🎁 맛있는 과일, 채소, 디저트 장난감 자르기ㅣ잼잼토이",2020-10-31T14:45:48Z,305.0,False,20340,55.0,0.0
4255,UCWPfKGv8mXLa0BiZM3dLTug,Jam Jam Toy 잼잼토이,ovw61UkbJGM,(ENG) 바다동물들이 집을 잃었어요ㅠㅠ 친구들과 함께 바다섬을 만들어주세요🌊🏝-DIY 푸른바다섬ㅣ잼잼토이,2020-11-04T05:43:30Z,286.0,False,96372,161.0,0.0
4255,UCWPfKGv8mXLa0BiZM3dLTug,Jam Jam Toy 잼잼토이,E2GYTWBrJDE,"핫핑크 볼풀에 과일을 던져요! 수박, 옥수수, 사과, 토마토, 포도ㅣ잼잼토이",2020-11-08T15:08:16Z,96.0,False,45214,124.0,0.0
4255,UCWPfKGv8mXLa0BiZM3dLTug,Jam Jam Toy 잼잼토이,dTFRU5vRs0k,Let's find the animals hidden in the cooking frame and play numbers!ㅣ잼잼토이,2020-11-15T21:22:55Z,516.0,False,15258,50.0,0.0
4255,UCWPfKGv8mXLa0BiZM3dLTug,Jam Jam Toy 잼잼토이,n5X_nGY6le4,Fruits and vegetables are showing up little by little! Let's guess what kind of fruit it is! |잼잼토이,2020-11-18T15:10:49Z,282.0,False,20609,56.0,0.0
4255,UCWPfKGv8mXLa0BiZM3dLTug,Jam Jam Toy 잼잼토이,B6Yf5PP9oaQ,"해양동물들의 짝을 맞춰보며 이름을 배워요! 문어, 돌고래, 가재, 해마, 게, 조개 , 열대어ㅣ잼잼토이",2020-11-23T15:33:48Z,278.0,False,10035,26.0,0.0
4255,UCWPfKGv8mXLa0BiZM3dLTug,Jam Jam Toy 잼잼토이,obUr_R7Giyo,"Enjoy color play with Pororo friends! red, yellow, green, purple rainbow colors!! ㅣJamJamToy",2020-11-25T13:40:05Z,126.0,False,23575,67.0,0.0
4255,UCWPfKGv8mXLa0BiZM3dLTug,Jam Jam Toy 잼잼토이,Mb2Bcx7khhs,"빨강, 초록, 파랑, 회색 다양한 색깔의 분리수거함! 뽀로로와 다 같이 정리해볼까요?ㅣ잼잼토이",2020-12-02T13:44:35Z,214.0,False,9571,22.0,0.0
4255,UCWPfKGv8mXLa0BiZM3dLTug,Jam Jam Toy 잼잼토이,ZX9UPjS1mGg,Find your spot according to the color of the play doughs of the colorful fruits and vegetables!ㅣ잼잼토이,2020-12-30T15:27:38Z,228.0,False,29453,95.0,0.0
4255,UCWPfKGv8mXLa0BiZM3dLTug,Jam Jam Toy 잼잼토이,W3GznI5kaIc,Pinkfong friends made fruit out of blocks! What kind of fruit vegetables did he make?ㅣ잼잼토이,2021-01-20T15:10:46Z,345.0,False,12156,30.0,
4255,UCWPfKGv8mXLa0BiZM3dLTug,Jam Jam Toy 잼잼토이,QFqn7sdejXA,"Find out the names and appearance of 7 fruits, watermelon, peach, apple, banana, orange, grapeㅣ잼잼토이",2021-03-26T15:13:58Z,281.0,False,5171,11.0,0.0
4255,UCWPfKGv8mXLa0BiZM3dLTug,Jam Jam Toy 잼잼토이,Vp9qoDAwpN8,"버스, 구급차, 소방차, 자전거 친구들이 트랙에서 달리기를 해요! Buses, fire trucks, and bicycle friends run on the track.ㅣ잼잼토이",2021-04-21T06:48:39Z,168.0,False,5210,22.0,0.0
4255,UCWPfKGv8mXLa0BiZM3dLTug,Jam Jam Toy 잼잼토이,K5-4CZw4B_w,알에서 뭐가 나올까요?ㅣ잼잼토이,2021-09-02T00:45:14Z,427.0,False,11364,21.0,0.0
4255,UCWPfKGv8mXLa0BiZM3dLTug,Jam Jam Toy 잼잼토이,L5AP_AOiJFo,"포도, 버섯, 호박 애니메이션을 통해 과일, 야채 한국어 이름을 알아보아요!ㅣ잼잼토이",2021-09-07T14:22:35Z,273.0,False,1770,5.0,0.0
4255,UCWPfKGv8mXLa0BiZM3dLTug,Jam Jam Toy 잼잼토이,wI5VBzc6-RE,"사과, 오렌지  한국어 이름 배우기! ㅣ잼잼토이",2021-09-14T15:55:12Z,178.0,False,1788,3.0,0.0
4255,UCWPfKGv8mXLa0BiZM3dLTug,Jam Jam Toy 잼잼토이,4yfq2zOuYGw,"(eng) [안전한 생활수칙] 코로나 바이러스 예방수칙과 노래, 잼잼토이와 함께해요!",2021-09-29T07:30:13Z,474.0,False,2425,10.0,0.0
4255,UCWPfKGv8mXLa0BiZM3dLTug,Jam Jam Toy 잼잼토이,yHtGZJv2JVE,"바나나, 팝콘 애니메이션을 통해 과일, 야채 한국어 이름을 알아보아요!ㅣ잼잼토이",2021-10-05T11:37:51Z,74.0,False,2633,7.0,0.0
4255,UCWPfKGv8mXLa0BiZM3dLTug,Jam Jam Toy 잼잼토이,1DOpp0ZXPnA,Pour Skittles in 3 Glossy Bathtubs with Squid Game ASMR (Satisfying video)ㅣ잼잼토이,2021-11-25T13:30:10Z,248.0,False,2651,8.0,0.0
4255,UCWPfKGv8mXLa0BiZM3dLTug,Jam Jam Toy 잼잼토이,O30kKqE2V1M,"크레용 신짱 플리퍼즈,  누가 많이 넣을까요?ㅣ잼잼토이",2021-12-02T13:49:15Z,190.0,False,4090,11.0,0.0
4255,UCWPfKGv8mXLa0BiZM3dLTug,Jam Jam Toy 잼잼토이,Zxl2xjfAlAk,"완두콩, 딸기, 브로콜리 한국어를 배워요!ㅣ잼잼토이",2022-05-31T12:50:47Z,239.0,False,2952,5.0,0.0
4255,UCWPfKGv8mXLa0BiZM3dLTug,Jam Jam Toy 잼잼토이,9CmmASpuzTc,클레이 안에 많은 과일들이 숨겨져 있어요!! 어떤 과일들이 있을까요?ㅣ잼잼토이,2022-12-01T12:58:53Z,187.0,False,6347,13.0,0.0
4255,UCWPfKGv8mXLa0BiZM3dLTug,Jam Jam Toy 잼잼토이,FlNerjoR0Q4,메리 크리스마스 ~🎄🎅🏻 과일채소 장난감의 소리도 들어보고 국수도 뽑아요! 산타할아버지가 선물도 주고 가셨대요~ 어떤 선물인지 한 번 열어볼까요? ASMRㅣ잼잼토이,2022-12-25T02:33:20Z,285.0,False,6514,11.0,0.0
4255,UCWPfKGv8mXLa0BiZM3dLTug,Jam Jam Toy 잼잼토이,ceiGVjep9UM,애니방영 30주년 특별판 짱구는 못말려 랩배틀 피규어를 같이 열어보아요!ㅣ잼잼토이,2023-12-18T22:49:25Z,266.0,False,3369,15.0,0.0
4256,UCDQLgP4w-yZiEKIscZJ5edA,타오르지마 버스터,qPy1p-Grb68,크레인 버스터의 위력!? | 타오르지마 버스터 시즌2 10화 하이라이트,2019-01-29T09:00:05Z,89.0,False,105483,329.0,0.0
4256,UCDQLgP4w-yZiEKIscZJ5edA,타오르지마 버스터,s2_whYwT-7U,그들이 결판내는 방법 | 타오르지마 버스터 시즌2 10화 하이라이트,2019-01-30T09:00:11Z,128.0,False,83679,307.0,0.0
4256,UCDQLgP4w-yZiEKIscZJ5edA,타오르지마 버스터,zbQ056qqR80,타오르지마 버스터 시즌1 전체 보기! 무려 5시간!! 심심할때 몰아봐요~,2019-02-03T03:00:03Z,17966.0,False,1071677,4434.0,0.0
4256,UCDQLgP4w-yZiEKIscZJ5edA,타오르지마 버스터,m9r4Kbe7EZU,"메딕, 미쳐버린거야? | 타오르지마 버스터 시즌2 11화 하이라이트",2019-02-04T09:00:05Z,99.0,False,38521,134.0,0.0
4256,UCDQLgP4w-yZiEKIscZJ5edA,타오르지마 버스터,PsBBg2hIyyI,힐러 너무 멋져 | 타오르지마 버스터 시즌2 11화 하이라이트,2019-02-05T09:00:02Z,97.0,False,130126,333.0,0.0
4256,UCDQLgP4w-yZiEKIscZJ5edA,타오르지마 버스터,e2iYh6mwWr4,승천각 | 타오르지마 버스터 시즌2 11화 하이라이트,2019-02-06T09:00:07Z,106.0,False,71629,175.0,0.0
4256,UCDQLgP4w-yZiEKIscZJ5edA,타오르지마 버스터,y40XSScQ8_U,콤보 버스터(Combo Buster) 결합 장면 - 타오르지마 버스터 시즌 2,2019-02-15T09:00:12Z,50.0,True,150473,589.0,0.0
4256,UCDQLgP4w-yZiEKIscZJ5edA,타오르지마 버스터,pBNJn-jIgGU,갑분공(갑자기 분위기 공포) | 타오르지마 버스터 시즌 2 12화 하이라이트,2019-02-18T09:00:04Z,113.0,False,23732,96.0,0.0
4256,UCDQLgP4w-yZiEKIscZJ5edA,타오르지마 버스터,mLWgVNg02t4,월미도 바이킹 비켜! 공대왕 바이킹이 최고시다! | 타오르지마 버스터 시즌2 12화 하이라이트,2019-02-19T09:00:06Z,72.0,False,26156,87.0,0.0
4256,UCDQLgP4w-yZiEKIscZJ5edA,타오르지마 버스터,vAiEMGY56Fc,그냥 쟤로 지구정복해 | 타오르지마 버스터 시즌2 12화 하이라이트,2019-02-20T09:00:11Z,113.0,False,83690,228.0,0.0
4256,UCDQLgP4w-yZiEKIscZJ5edA,타오르지마 버스터,lw5wwhg84Ck,기껏 지구까지 와서 하는 일이...ㅋㅋ | 타오르지마 버스터 시즌2 13화 하이라이트,2019-02-25T09:00:08Z,92.0,False,68421,205.0,0.0
4256,UCDQLgP4w-yZiEKIscZJ5edA,타오르지마 버스터,ymS16-Hx6g0,대체 물탱크 같은걸 왜 훔쳐가? | 타오르지마 버스터 시즌2 13화 하이라이트,2019-02-26T09:00:06Z,87.0,False,16795,76.0,0.0
4256,UCDQLgP4w-yZiEKIscZJ5edA,타오르지마 버스터,b1ZVJAZCI7c,경)헤비 시즌2 썸네일 첫등장(축  | 타오르지마 버스터 시즌2 13화 하이라이트,2019-02-27T09:00:04Z,106.0,False,24558,95.0,0.0
4256,UCDQLgP4w-yZiEKIscZJ5edA,타오르지마 버스터,o3PZ2XqjyG4,[본편] 타오르지마 버스터 시즌2 - 9~10화 - 크로스 코인 | 애니메이션 풀버전,2019-02-28T23:35:32Z,1399.0,False,1869188,6837.0,0.0
4256,UCDQLgP4w-yZiEKIscZJ5edA,타오르지마 버스터,6nR8sDbMWQk,볼때마다 적응 안되는 얼굴| 타오르지마 버스터 시즌2 14화 하이라이트,2019-03-04T09:00:00Z,73.0,False,18883,71.0,0.0
4256,UCDQLgP4w-yZiEKIscZJ5edA,타오르지마 버스터,xFXCA8B1qcc,어썰트님: ㅈㅅ... | 타오르지마 버스터 시즌2 14화 하이라이트,2019-03-05T09:00:12Z,105.0,False,36652,97.0,0.0
4256,UCDQLgP4w-yZiEKIscZJ5edA,타오르지마 버스터,V3i2ivyrddg,지금부터 게임을 시작하지 | 타오르지마 버스터 시즌2 14화 하이라이트,2019-03-06T09:00:03Z,109.0,False,39897,118.0,0.0
4256,UCDQLgP4w-yZiEKIscZJ5edA,타오르지마 버스터,-Nc5bQbJd0M,[본편] 타오르지마 버스터 시즌2 - 11화 - 워킹메딕 | 애니메이션 풀버전,2019-03-07T07:30:01Z,710.0,False,3501178,9051.0,0.0
4256,UCDQLgP4w-yZiEKIscZJ5edA,타오르지마 버스터,QDazyQ3m9SE,야 너두 영어 할 수지 있어! | 타오르지마 버스터 시즌2 15화 하이라이트,2019-03-11T09:00:03Z,83.0,False,22737,77.0,0.0
4256,UCDQLgP4w-yZiEKIscZJ5edA,타오르지마 버스터,9lI22NGn_8Y,공대왕 시험 합격은 에듀X | 타오르지마 버스터 시즌2 15화 하이라이트,2019-03-12T09:00:00Z,85.0,False,44749,106.0,0.0
4256,UCDQLgP4w-yZiEKIscZJ5edA,타오르지마 버스터,5NVrvaldheI,최후의 수단 | 타오르지마 버스터 시즌2 15화 하이라이트,2019-03-13T09:00:01Z,112.0,False,77096,221.0,0.0
4256,UCDQLgP4w-yZiEKIscZJ5edA,타오르지마 버스터,mXx1Q7VF8m4,[본편] 타오르지마 버스터 시즌2 - 12화 - 놀이공원 | 애니메이션 풀버전,2019-03-14T07:30:05Z,710.0,False,1075206,3433.0,0.0
4256,UCDQLgP4w-yZiEKIscZJ5edA,타오르지마 버스터,hSrwjP4FiHM,너 내가 누군지 알아? | 타오르지마 버스터 시즌2 16화 하이라이트,2019-03-18T09:00:10Z,80.0,False,48260,136.0,0.0
4256,UCDQLgP4w-yZiEKIscZJ5edA,타오르지마 버스터,SO-SHh-Xdww,로봇헌터 | 타오르지마 버스터 시즌2 16화 하이라이트,2019-03-19T09:00:08Z,79.0,False,48478,136.0,0.0
4256,UCDQLgP4w-yZiEKIscZJ5edA,타오르지마 버스터,L_K63MfN9-c,함정에 빠진 엑스버스터  | 타오르지마 버스터 시즌2 16화 하이라이트,2019-03-20T09:00:03Z,56.0,True,32219,109.0,0.0
4256,UCDQLgP4w-yZiEKIscZJ5edA,타오르지마 버스터,TJ4MTj-skj0,[본편] 타오르지마 버스터 시즌2 - 13화 - 워터파크 | 애니메이션 풀버전,2019-03-21T07:30:02Z,710.0,False,1902165,5579.0,0.0
4256,UCDQLgP4w-yZiEKIscZJ5edA,타오르지마 버스터,3nnygxjhBwQ,[본편] 타오르지마 버스터 시즌2 - 17화 - 로봇 격투대회 | 애니메이션 풀버전,2019-03-21T08:58:19Z,709.0,False,1515828,4876.0,0.0
4256,UCDQLgP4w-yZiEKIscZJ5edA,타오르지마 버스터,BGaAK6_u8_M,소시지 내놔! | 타오르지마 버스터 시즌2 17화 하이라이트,2019-03-25T09:00:01Z,117.0,False,114095,335.0,0.0
4256,UCDQLgP4w-yZiEKIscZJ5edA,타오르지마 버스터,Kw-0Ty4GrNM,강냉이 털린 어썰트 | 타오르지마 버스터 시즌2 17화 하이라이트,2019-03-26T09:00:03Z,65.0,False,30887,71.0,0.0
4256,UCDQLgP4w-yZiEKIscZJ5edA,타오르지마 버스터,oLsXOcZGXN0,공대왕의 똥파티 | 타오르지마 버스터 시즌2 17화 하이라이트,2019-03-27T09:00:06Z,55.0,True,162147,413.0,0.0
4256,UCDQLgP4w-yZiEKIscZJ5edA,타오르지마 버스터,irSxJYZ8dr0,[본편] 타오르지마 버스터 시즌2 - 14화 - 용병자격시험 | 애니메이션 풀버전,2019-03-28T07:30:01Z,709.0,False,577472,2240.0,0.0
4256,UCDQLgP4w-yZiEKIscZJ5edA,타오르지마 버스터,aABU6VEW74Q,[본편] 타오르지마 버스터 시즌2 - 18화 - 라이벌 | 애니메이션 풀버전,2019-03-28T08:58:19Z,709.0,False,1675392,5686.0,0.0
4256,UCDQLgP4w-yZiEKIscZJ5edA,타오르지마 버스터,MCU4BPc9zv4,뭐↗!? 코딱지이이↗? 지렁이이이~↗? | 타오르지마 버스터 시즌2 18화 하이라이트,2019-04-01T09:00:05Z,212.0,False,159522,453.0,0.0
4256,UCDQLgP4w-yZiEKIscZJ5edA,타오르지마 버스터,JBuZJharB60,난 짬짜면... | 타오르지마 버스터 시즌2 18화 하이라이트,2019-04-02T09:00:02Z,119.0,False,115779,368.0,0.0
4256,UCDQLgP4w-yZiEKIscZJ5edA,타오르지마 버스터,gt07t86__xU,[속보] 열애설 터짐 ㄷ ㄷ ㄷ| 타오르지마 버스터 시즌2 18화 하이라이트,2019-04-03T09:00:04Z,112.0,False,74866,198.0,0.0
4256,UCDQLgP4w-yZiEKIscZJ5edA,타오르지마 버스터,qoAIDZl3uPc,[본편] 타오르지마 버스터 시즌2 - 15화 - 캡틴 할러윈 | 애니메이션 풀버전,2019-04-04T07:30:02Z,709.0,False,898314,3067.0,0.0
4256,UCDQLgP4w-yZiEKIscZJ5edA,타오르지마 버스터,tTRr5RaGCU4,[본편] 타오르지마 버스터 시즌2 - 19화 - 챔피언 (상)  | 애니메이션 풀버전,2019-04-04T08:57:47Z,709.0,False,784676,2929.0,0.0
4256,UCDQLgP4w-yZiEKIscZJ5edA,타오르지마 버스터,wLkVqxfdmoY,공대왕 이놈아 정신차려~ 제발 ㅠㅠ  | 타오르지마 버스터 시즌2 19화 하이라이트,2019-04-08T08:58:45Z,65.0,False,76678,230.0,0.0
4256,UCDQLgP4w-yZiEKIscZJ5edA,타오르지마 버스터,H05lDN8dSLw,메딕 : 테스트짜릿해! 늘~ 새로워!  | 타오르지마 버스터 시즌2 19화 하이라이트,2019-04-09T09:00:01Z,110.0,False,104432,312.0,0.0
4256,UCDQLgP4w-yZiEKIscZJ5edA,타오르지마 버스터,F1C79T75j70,그게 왜 너꺼야; 미키꺼지... | 타오르지마 버스터 시즌2 19화 하이라이트,2019-04-10T09:00:03Z,78.0,False,88930,213.0,0.0
4256,UCDQLgP4w-yZiEKIscZJ5edA,타오르지마 버스터,cdvtmggppP4,[본편] 타오르지마 버스터 시즌2 - 16화 - 한정판 로봇 | 애니메이션 풀버전,2019-04-11T07:30:00Z,709.0,False,723553,2349.0,0.0
4256,UCDQLgP4w-yZiEKIscZJ5edA,타오르지마 버스터,atqmnukQQ5w,[본편] 타오르지마 버스터 시즌2 - 마지막화 - 챔피언 (하) | 애니메이션 풀버전,2019-04-11T08:57:45Z,709.0,False,2110513,7858.0,0.0
4256,UCDQLgP4w-yZiEKIscZJ5edA,타오르지마 버스터,M6sT5bgNjSo,네? 뒀다 파세요;  | 타오르지마 버스터 시즌2 마지막화 하이라이트,2019-04-15T09:00:02Z,105.0,False,135791,455.0,0.0
4256,UCDQLgP4w-yZiEKIscZJ5edA,타오르지마 버스터,bbJVq0hGZ-0,힐러: 미키왕자님 하고 싶은거 다 해 🥰❤️ | 타오르지마 버스터 시즌2 마지막화 하이라이트,2019-04-16T09:00:08Z,100.0,False,232701,494.0,0.0
4256,UCDQLgP4w-yZiEKIscZJ5edA,타오르지마 버스터,9fZxF-9wf8Q,헐!!의뢰인이 바뀌었다!!!! | 타오르지마 버스터 시즌2 마지막화 하이라이트,2019-04-17T09:00:02Z,113.0,False,526876,1304.0,0.0
4256,UCDQLgP4w-yZiEKIscZJ5edA,타오르지마 버스터,WPMiDcILyC4,"★7만구독자 기념★🔴LIVE! 타오르지마 버스터 시즌1,2 연속보기 정주행",2019-07-19T02:28:21Z,,False,0,3.0,0.0
4256,UCDQLgP4w-yZiEKIscZJ5edA,타오르지마 버스터,NsDbN-EONfU,'극장판 타오르지마 버스터' 메인 예고편,2019-11-14T03:21:18Z,74.0,False,640321,1678.0,0.0
4256,UCDQLgP4w-yZiEKIscZJ5edA,타오르지마 버스터,quxVq80Mtkk,'극장판 타오르지마 버스터 - 블랙어썰트의 귀환' 티저 예고편,2019-11-14T03:21:47Z,31.0,True,170633,506.0,0.0
4256,UCDQLgP4w-yZiEKIscZJ5edA,타오르지마 버스터,gAvigwMzdZQ,'극장판 타오르지마 버스터' X 히든싱어 전철민 명품 뮤직비디오 대공개!,2019-11-19T02:03:44Z,93.0,False,693294,2347.0,0.0
4256,UCDQLgP4w-yZiEKIscZJ5edA,타오르지마 버스터,Hi4fLeZorpk,'극장판 타오르지마 버스터' 시사회 반응 폭발!,2019-12-03T03:07:43Z,42.0,True,283006,848.0,0.0
4257,UCxuZNOyjmFDN2ZtSk81LErg,다혜가다했다DAHYE,S2jOxGKY_yM,왜 그렇게 잘  아시는지..#브이로그 #환승연애 #환연,2025-12-24T13:00:54Z,17.0,True,32315,135.0,1.0
4257,UCxuZNOyjmFDN2ZtSk81LErg,다혜가다했다DAHYE,dOdlie8lvSw,[환연4 17화 리뷰] 잘 싸우는 법,2025-12-25T01:34:38Z,1145.0,False,299539,3214.0,268.0
4257,UCxuZNOyjmFDN2ZtSk81LErg,다혜가다했다DAHYE,9iLdfm2HT6c,더 탐나는 VIP...#환승연애 #환연리뷰#환승연애4,2025-12-27T08:21:15Z,15.0,True,893302,6041.0,15.0
4257,UCxuZNOyjmFDN2ZtSk81LErg,다혜가다했다DAHYE,rLA7Mp137jg,서점룩..#환승연애 #환연리뷰#환승연애4,2025-12-27T12:01:49Z,14.0,True,331974,1842.0,7.0
4257,UCxuZNOyjmFDN2ZtSk81LErg,다혜가다했다DAHYE,y4PkqZjLlJY,연기교실#환승연애 #환연리뷰#환승연애4,2025-12-28T03:01:12Z,30.0,True,38671,225.0,2.0
4257,UCxuZNOyjmFDN2ZtSk81LErg,다혜가다했다DAHYE,EF2OpGClUeI,[환연4 18화 리뷰] 환연보다 죽일놈 된 이유,2026-01-02T02:30:16Z,1176.0,False,203843,2423.0,288.0
4257,UCxuZNOyjmFDN2ZtSk81LErg,다혜가다했다DAHYE,ZUasWYyJ97Q,한순간에 사랑하게 된 두바이#환승연애 #환연리뷰#환승연애4,2026-01-03T03:00:47Z,41.0,True,392555,5275.0,42.0
4257,UCxuZNOyjmFDN2ZtSk81LErg,다혜가다했다DAHYE,0IBWYCqGrYo,네가 사자라서 그런지(?) 한번 물면 안 놔..#환승연애 #환연리뷰#환승연애4,2026-01-03T09:00:03Z,34.0,True,313257,1741.0,16.0
4257,UCxuZNOyjmFDN2ZtSk81LErg,다혜가다했다DAHYE,ne6un1-cOK0,죽일 놈이 되..#환승연애 #환연리뷰#환승연애4,2026-01-03T12:01:29Z,51.0,True,124495,986.0,15.0
4257,UCxuZNOyjmFDN2ZtSk81LErg,다혜가다했다DAHYE,PoCSP13r2zk,15주년 여행 Vlog❣️ㅣ함께하는 15번째의 1215,2026-01-04T07:29:06Z,1488.0,False,46980,851.0,77.0
4257,UCxuZNOyjmFDN2ZtSk81LErg,다혜가다했다DAHYE,ZuL_gKtmh28,관찰력 발동한 순간ㅋㅋ,2026-01-06T06:48:07Z,31.0,True,18340,134.0,2.0
4257,UCxuZNOyjmFDN2ZtSk81LErg,다혜가다했다DAHYE,H5esew1vbJ0,말보단 행동,2026-01-06T13:00:37Z,21.0,True,21238,206.0,1.0
4257,UCxuZNOyjmFDN2ZtSk81LErg,다혜가다했다DAHYE,w_Z80vzpJO8,[환연4 19화 리뷰] 이제 시간이 없다구..,2026-01-08T03:09:00Z,1054.0,False,189137,1912.0,363.0
4257,UCxuZNOyjmFDN2ZtSk81LErg,다혜가다했다DAHYE,8f93_K_QcNg,우리 잠시 헤어져있자ㅎㅣ너 차단 ^^,2026-01-10T11:13:48Z,885.0,False,115111,1597.0,130.0
4257,UCxuZNOyjmFDN2ZtSk81LErg,다혜가다했다DAHYE,4-IK8OxOfh4,남자친구에게 자유를 줬더니..,2026-01-11T02:00:04Z,36.0,True,117529,796.0,9.0
4257,UCxuZNOyjmFDN2ZtSk81LErg,다혜가다했다DAHYE,KZjzN8tgQDA,우리 잠시 헤어져있자,2026-01-11T07:00:20Z,33.0,True,53782,434.0,8.0
4257,UCxuZNOyjmFDN2ZtSk81LErg,다혜가다했다DAHYE,PDT0-_mdPZw,[환연4 20화 리뷰] 눈물의 엑스데이트 리뷰,2026-01-15T02:35:41Z,1058.0,False,242407,2884.0,221.0
4257,UCxuZNOyjmFDN2ZtSk81LErg,다혜가다했다DAHYE,Qn-TrJ-B_l8,"그때의 우리가 지금의 우리에게ㅣ제주 환연숙소 다시 가기ㅣ이멤버 리멤버,,,🤍",2026-01-17T07:32:16Z,1342.0,False,73798,1013.0,58.0
4257,UCxuZNOyjmFDN2ZtSk81LErg,다혜가다했다DAHYE,r-UDpVqQ4LQ,뽀서 종은이와 제주여행 ✈️🤍,2026-01-18T08:24:52Z,11.0,True,28494,106.0,1.0
4257,UCxuZNOyjmFDN2ZtSk81LErg,다혜가다했다DAHYE,bMa9Dx82clY,"뽀서, 종은이와 제주여행✈️🤍",2026-01-18T12:00:00Z,9.0,True,146106,579.0,1.0
4257,UCxuZNOyjmFDN2ZtSk81LErg,다혜가다했다DAHYE,C5vp3gHfPU0,뽀서 종은이와 제주여행 ✈️🤍,2026-01-18T14:00:00Z,33.0,True,45335,192.0,7.0
4257,UCxuZNOyjmFDN2ZtSk81LErg,다혜가다했다DAHYE,U0FAG6OieCc,"[환연4 21화, 최종화 리뷰] 안녕...",2026-01-22T02:37:33Z,922.0,False,169459,2330.0,273.0
4257,UCxuZNOyjmFDN2ZtSk81LErg,다혜가다했다DAHYE,I9f9kvTMpsk,1월 Vlog l 저질러버렸다 ..,2026-01-28T10:37:15Z,1299.0,False,30486,483.0,56.0
4257,UCxuZNOyjmFDN2ZtSk81LErg,다혜가다했다DAHYE,fqpNQCFzFfw,플레이팅의 온도차,2026-01-29T11:25:26Z,18.0,True,697320,5093.0,36.0
4257,UCxuZNOyjmFDN2ZtSk81LErg,다혜가다했다DAHYE,fAsRh4kJ0m0,"아바타 1,2,3 같이보기",2026-01-31T05:00:00Z,20.0,True,37990,243.0,2.0
4257,UCxuZNOyjmFDN2ZtSk81LErg,다혜가다했다DAHYE,-yL1funHDWA,만칼로리 먹방 후 몸무게는 어떻게 될까?,2026-02-03T08:51:21Z,1034.0,False,121758,1114.0,78.0
4257,UCxuZNOyjmFDN2ZtSk81LErg,다혜가다했다DAHYE,dtExpDnBGAo,만칼로리챌린지,2026-02-04T07:26:23Z,12.0,True,183103,1071.0,6.0
4257,UCxuZNOyjmFDN2ZtSk81LErg,다혜가다했다DAHYE,9JKHmVL1dTo,만칼로리챌린지,2026-02-05T03:06:00Z,17.0,True,35670,254.0,3.0
4257,UCxuZNOyjmFDN2ZtSk81LErg,다혜가다했다DAHYE,XFK2KbdcYVY,같은시간 다른우리ㅣ더 과감해진 연애 OFF day?!,2026-02-14T05:39:57Z,880.0,False,41807,746.0,54.0
4257,UCxuZNOyjmFDN2ZtSk81LErg,다혜가다했다DAHYE,RXVZygt0oDs,갑분호러물,2026-02-15T02:22:48Z,54.0,True,20399,125.0,1.0
4257,UCxuZNOyjmFDN2ZtSk81LErg,다혜가다했다DAHYE,pz-ssYoCoYg,필승봄동비빔밥레시피ㅣ제발 해드셔주세요,2026-02-15T09:15:07Z,26.0,True,45778,158.0,1.0
4257,UCxuZNOyjmFDN2ZtSk81LErg,다혜가다했다DAHYE,9iqe3F0QODs,마음이 답답할땐 번지점프,2026-02-15T18:00:00Z,50.0,True,4951,61.0,0.0
4257,UCxuZNOyjmFDN2ZtSk81LErg,다혜가다했다DAHYE,VaIQjsrjihk,몸이 세개쯤이면 딱 좋을 2월 일상.zip |유이레 첫 품평회🤍 · 커플 피부과 & 줄기세포 관리 · 첫 뮤지컬🎶,2026-02-22T04:52:59Z,1354.0,False,20609,400.0,49.0
4257,UCxuZNOyjmFDN2ZtSk81LErg,다혜가다했다DAHYE,7soL__KSxOw,집밥 서선생,2026-02-24T03:30:00Z,77.0,False,22097,348.0,3.0
4257,UCxuZNOyjmFDN2ZtSk81LErg,다혜가다했다DAHYE,d3dnvd2-7yc,YUIRE 🤍,2026-02-24T13:14:47Z,72.0,False,63570,412.0,4.0
4257,UCxuZNOyjmFDN2ZtSk81LErg,다혜가다했다DAHYE,1C6ApQLJgxI,다혜의 고민상담소 ep4. 민와와 등장,2026-02-28T05:14:52Z,964.0,False,275325,5947.0,254.0
4257,UCxuZNOyjmFDN2ZtSk81LErg,다혜가다했다DAHYE,znfc2_pfn7w,2026년 3월 2일,2026-03-02T07:58:34Z,32.0,True,12034,134.0,8.0
4257,UCxuZNOyjmFDN2ZtSk81LErg,다혜가다했다DAHYE,qPCn6XJc4Zo,2026년 3월 2일,2026-03-03T03:00:00Z,47.0,True,81983,977.0,6.0
4257,UCxuZNOyjmFDN2ZtSk81LErg,다혜가다했다DAHYE,KTg2mnilLYk,"골골대는 내 눈앞 풍경은 왜 이렇게 예쁜지🤒 🫧🦘ㅣ코알라 궁둥이 만지기 체험 🐨, 사막썰매😵, 어딜가도 해변과 공원이 있는 자연과 낭만의 시드니 🇦🇺",2026-03-08T08:29:29Z,1120.0,False,21416,477.0,48.0
4257,UCxuZNOyjmFDN2ZtSk81LErg,다혜가다했다DAHYE,EuoZ_De9E1A,에어비앤비 불안해서 못 가는 사람,2026-03-08T14:00:00Z,81.0,False,12683,180.0,3.0
4257,UCxuZNOyjmFDN2ZtSk81LErg,다혜가다했다DAHYE,Mb8D0L5HJOM,코알라 캥거루 🐨🦘,2026-03-09T09:00:00Z,51.0,True,11848,171.0,3.0
4257,UCxuZNOyjmFDN2ZtSk81LErg,다혜가다했다DAHYE,2U0A5CPY0n4,이 채널을 뺏겠습니다.,2026-03-15T07:10:06Z,754.0,False,31716,799.0,68.0
4257,UCxuZNOyjmFDN2ZtSk81LErg,다혜가다했다DAHYE,qlvGOJLb-6E,이 채널은 이제,2026-03-16T00:22:33Z,30.0,True,29002,327.0,3.0
4257,UCxuZNOyjmFDN2ZtSk81LErg,다혜가다했다DAHYE,IPkSr5HIgmI,어떤 일을 하든,2026-03-17T00:12:50Z,43.0,True,17359,209.0,4.0
4257,UCxuZNOyjmFDN2ZtSk81LErg,다혜가다했다DAHYE,yoeV8i54Fy4,"고민상담소 ep5ㅣ 일에 진심인 여자 CEO들의 이야기, CEO들의 추천 관리템",2026-04-01T08:00:57Z,1061.0,False,46210,492.0,85.0
4257,UCxuZNOyjmFDN2ZtSk81LErg,다혜가다했다DAHYE,Gb83ts8RsKY,일과 사랑 함께 하는 요즘ㅣ사람 심장이 터질 수도 있나요?,2026-04-17T12:45:08Z,1957.0,False,18747,469.0,59.0
4257,UCxuZNOyjmFDN2ZtSk81LErg,다혜가다했다DAHYE,wfADfTGeQGg,여름철 여성청결제 유목민들 모여라!!!🎉 저만 찐템 추천!!! 메디온 락토리메디 쿨링 포밍워시💙,2026-04-27T10:07:04Z,39.0,True,373054,218.0,2.0
4257,UCxuZNOyjmFDN2ZtSk81LErg,다혜가다했다DAHYE,PWaqHABZ09k,F력 만렙 귀칼덕후,2026-05-04T10:48:54Z,21.0,True,11697,136.0,5.0
4257,UCxuZNOyjmFDN2ZtSk81LErg,다혜가다했다DAHYE,ZpVEVfxPs-E,통닭구이되기,2026-05-04T10:49:52Z,29.0,True,7819,66.0,1.0
4257,UCxuZNOyjmFDN2ZtSk81LErg,다혜가다했다DAHYE,NlzXb7AUpa8,단돈 만원으로 하루 데이트 가능할까?ㅣ 2026판 만원의 행복💸,2026-05-07T13:53:16Z,1060.0,False,18713,563.0,68.0
4258,UCBquPwf_YEAzCmPpd_tfzAA,매드무비 : MadMovie,SI_m3QQHRK0,주토피아 2 지브라 형제의 반전 정체,2025-12-17T02:43:25Z,32.0,True,183296,2832.0,35.0
4258,UCBquPwf_YEAzCmPpd_tfzAA,매드무비 : MadMovie,Mp6fgIoH2Og,가비가 더빙했다는 주토피아 2,2025-12-17T11:45:58Z,22.0,True,2383684,33621.0,260.0
4258,UCBquPwf_YEAzCmPpd_tfzAA,매드무비 : MadMovie,_n8jvSd1ylM,"와.. 《이 사랑 통역 되나요?》 첫 예고편 떴다..🔥 [고윤정, 김선호] 얼굴합 돌아버린 2026 넷플릭스 첫 스타트 드라마ㄷㄷ (+ 한국작품 라인업까지)",2025-12-18T10:00:53Z,653.0,False,380712,2140.0,142.0
4258,UCBquPwf_YEAzCmPpd_tfzAA,매드무비 : MadMovie,rsbiRgUy5qY,디즈니가 숨겨놓은 주디 드레스 떡밥,2025-12-20T08:46:27Z,49.0,True,12707,150.0,5.0
4258,UCBquPwf_YEAzCmPpd_tfzAA,매드무비 : MadMovie,zX380L_EV4w,"《메이드 인 코리아》 몰아보기..🔥 미친 수완으로 ""야쿠자들""까지 접수해 버린 한국 최강요원 현빈..ㄷㄷ 진짜 꼭 보세요!",2025-12-24T10:00:44Z,1018.0,False,707239,3495.0,560.0
4258,UCBquPwf_YEAzCmPpd_tfzAA,매드무비 : MadMovie,Mf13hLdvaUc,성우들이 캐리했다는 《주토피아 2》 한미일 더빙 삼파전..🔥 한국은 진짜 개설레네ㄷㄷ,2025-12-25T04:15:11Z,560.0,False,183057,2477.0,230.0
4258,UCBquPwf_YEAzCmPpd_tfzAA,매드무비 : MadMovie,W0ADU0xPN_o,주토피아 2 닉 와일드 한영일 더빙 비교,2025-12-25T08:37:03Z,47.0,True,7936,158.0,6.0
4258,UCBquPwf_YEAzCmPpd_tfzAA,매드무비 : MadMovie,ZLirSFusyQM,"와.. 《휴민트》 박정민 존재감 미쳤다..🔥 돌아온 ""블랙요원"" 조인성에다 + 조선 최고권력자 ""유지태""까지ㄷㄷ (2026 한국영화 기대작 총정리)",2025-12-31T07:05:49Z,962.0,False,515001,3481.0,337.0
4258,UCBquPwf_YEAzCmPpd_tfzAA,매드무비 : MadMovie,SZLKiBYQInw,여대 축제에서 아무 부스나 가면 안 되는 이유,2026-01-05T00:00:35Z,33.0,True,495380,932.0,50.0
4258,UCBquPwf_YEAzCmPpd_tfzAA,매드무비 : MadMovie,owSaPYIf278,22살 된 범죄도시 장이수ㅋㅋㅋ,2026-01-05T08:07:32Z,44.0,True,1041113,2752.0,107.0
4258,UCBquPwf_YEAzCmPpd_tfzAA,매드무비 : MadMovie,Zv3r8AEHJRY,"와.. 《21세기 대군부인》 미쳤다..🔥 이안대군 ""변우석"", 재벌인데 신분은 평민 ""아이유""의 미친 로맨스 드라마ㄷㄷ (+ 2026 로맨스 드라마)",2026-01-05T11:30:59Z,589.0,False,155471,1639.0,163.0
4258,UCBquPwf_YEAzCmPpd_tfzAA,매드무비 : MadMovie,oPmy99lZr6c,"와.. 연상호 《군체》 첫 예고편 떴다..🔥 ""부산행""을 잇는 한국 좀비영화 & 존재감 미친 빌런 ""구교환""까지ㄷㄷ (+2026 한국좀비 작품 총정리)",2026-01-06T08:15:18Z,533.0,False,333680,2101.0,395.0
4258,UCBquPwf_YEAzCmPpd_tfzAA,매드무비 : MadMovie,71dpLtayIEY,"와.. 《라푼젤》 실사화 캐스팅 확정..🔥 싱크로율 제대로 미쳐버린 ""레전드"" 실사영화 탄생..ㄷㄷ",2026-01-08T10:15:07Z,566.0,False,156218,1298.0,285.0
4258,UCBquPwf_YEAzCmPpd_tfzAA,매드무비 : MadMovie,DSN9gH__m-A,드디어 백인 캐스팅한 디즈니,2026-01-08T23:00:09Z,28.0,True,6399,74.0,2.0
4258,UCBquPwf_YEAzCmPpd_tfzAA,매드무비 : MadMovie,St5loaL0Vho,《메이드인코리아 최종화》 선공개 떴다..🔥 드디어 밝혀진 백기태 vs 장건영 싸움의 최종 승자ㄷㄷ 진짜 꼭 보세요!,2026-01-09T08:20:50Z,547.0,False,399077,1921.0,461.0
4258,UCBquPwf_YEAzCmPpd_tfzAA,매드무비 : MadMovie,FwPsW6ImKRM,"와.. 《레이디 두아》 첫 예고편 떴다..🔥 [비밀의 숲] 반칙 조합으로 돌아와 버린 역대급 ""미스터리 범죄"" 드라마ㄷㄷ",2026-01-13T09:55:40Z,484.0,False,206100,1411.0,73.0
4258,UCBquPwf_YEAzCmPpd_tfzAA,매드무비 : MadMovie,_tdT4GwP52U,와.. 또 봐도 웃기네ㅋㅋㅋ 《메이드인코리아》 재밌는 애드립 장면 및 NG 비하인드 총모음💥,2026-01-14T09:00:15Z,514.0,False,614782,3620.0,620.0
4258,UCBquPwf_YEAzCmPpd_tfzAA,매드무비 : MadMovie,L7v_wQp5EDw,《메이드인코리아》 주인공들의 숨겨진 뒷이야기,2026-01-16T08:00:09Z,498.0,False,215226,1142.0,193.0
4258,UCBquPwf_YEAzCmPpd_tfzAA,매드무비 : MadMovie,9kTiITt7VBQ,"와.. 《메이드인코리아 시즌 2》 첫 영상 떴다..🔥 '시즌1' 이후 9년 뒤를 배경으로 펼쳐지는, ""백기태"" vs 보안사 ""백기현""의 대립ㄷㄷ 그냥 미쳐버렸네..",2026-01-22T10:37:08Z,485.0,False,1287169,5592.0,2166.0
4258,UCBquPwf_YEAzCmPpd_tfzAA,매드무비 : MadMovie,U8jB99Zb5CA,"[킬러들의 쇼핑몰 2], 웹툰 원작 [현혹]ㄷㄷ🔥 벌써부터 개재밌어보이는 《2026 디즈니+ 오리지널 한국 라인업 총정리》 와.. 이거 어떻게 기다림..?",2026-01-23T23:00:37Z,509.0,False,631244,3166.0,231.0
4258,UCBquPwf_YEAzCmPpd_tfzAA,매드무비 : MadMovie,pssaZt0VjFo,"아니, NG를 내도 재밌네..💥 얼굴 조합 미쳐버린 《이사랑통역되나요?》 속 웃긴 애드립 및 NG 장면 총정리ㅋㅋㅋ",2026-01-26T08:01:43Z,482.0,False,531722,4459.0,200.0
4258,UCBquPwf_YEAzCmPpd_tfzAA,매드무비 : MadMovie,L90xQXyyA-U,"한국판 귀칼 《동궁》 첫 영상 떴다..🔥 '조선'을 배경으로 펼쳐지는 귀신 사냥꾼 ""남주혁"" vs 비밀에 쌓인 왕 ""조승우""의 대결ㄷㄷ (+ 넷플 상반기 라인업)",2026-01-31T07:00:05Z,549.0,False,495373,2851.0,257.0
4258,UCBquPwf_YEAzCmPpd_tfzAA,매드무비 : MadMovie,WCVGPvEHVfA,여러분이 몰랐던 《왕과 사는 남자》 결말 해석 포함 총정리 리뷰💥(스포주의),2026-02-06T08:10:37Z,639.0,False,1038883,7090.0,1199.0
4258,UCBquPwf_YEAzCmPpd_tfzAA,매드무비 : MadMovie,G8Bp7PGyvhA,"[나혼자만 레벨업], 류승범 [딜러]ㄷㄷ🔥 벌써부터 개재밌어보이는 《한국 넷플릭스 오리지널 라인업 총정리》 이거 어떻게 기다리냐..?",2026-02-07T07:00:21Z,609.0,False,326883,1651.0,334.0
4258,UCBquPwf_YEAzCmPpd_tfzAA,매드무비 : MadMovie,fm6Ko8doGBc,영화 이후 그들은 어떻게 됐을까..? 《왕과 사는 남자》 이후 인물들의 숨겨진 뒷이야기,2026-02-10T09:26:23Z,556.0,False,1101180,7539.0,781.0
4258,UCBquPwf_YEAzCmPpd_tfzAA,매드무비 : MadMovie,yE8nCy4hNiI,와.. 《김부장》 실사화 미쳤다..🔥 남북파 특수공작원 '소지섭'이 자기 딸 납치한 놈들 다 쓸어버리는 미친 액션 드라마ㄷㄷ (+2026 실사화 한국 라인업 총정리),2026-02-13T09:54:03Z,615.0,False,1224266,4474.0,844.0
4258,UCBquPwf_YEAzCmPpd_tfzAA,매드무비 : MadMovie,tRIr31Ym5Gw,와.. 또 봐도 웃기네ㅋㅋㅋ 《왕과 사는 남자》 재밌는 애드립 장면 및 비하인드 1탄💥,2026-02-15T09:13:33Z,595.0,False,3280138,32384.0,1683.0
4258,UCBquPwf_YEAzCmPpd_tfzAA,매드무비 : MadMovie,LSyX48RUcoE,와.. 진짜 천만 찍냐..? 《왕과 사는 남자》 애드립 및 삭제씬 비하인드 2탄💥,2026-02-19T09:53:39Z,512.0,False,1424425,12467.0,799.0
4258,UCBquPwf_YEAzCmPpd_tfzAA,매드무비 : MadMovie,tn9R69lldyw,"와.. 간지 느와르 《풍림화산》 최초공개..🔥 전국구 ""마약왕""이 죽어버리자, 후계자 자리를 차지하기 위해 벌어지는 정치 스릴러ㄷㄷ",2026-02-23T09:09:47Z,925.0,False,53339,396.0,30.0
4258,UCBquPwf_YEAzCmPpd_tfzAA,매드무비 : MadMovie,dtMygEo0TCQ,와.. 진짜 미쳤습니다ㅋㅋ 《왕과 사는 남자》 재밌는 애드립 및 역대급 비하인드들 최종 3편 마무리💥,2026-02-28T09:48:12Z,658.0,False,479246,5020.0,335.0
4258,UCBquPwf_YEAzCmPpd_tfzAA,매드무비 : MadMovie,olUkEYzqsS0,"와.. 《사냥개들 시즌 2》 첫 예고 미쳤다..🔥 '시즌1' 불법 사채 이후 펼쳐지는, 사냥개들 ""건우&우진"" vs 글로벌 빌런 ""정지훈""의 대결ㄷㄷ (+ OTT 상반기 라인업)",2026-03-04T11:31:03Z,601.0,False,613032,2402.0,715.0
4258,UCBquPwf_YEAzCmPpd_tfzAA,매드무비 : MadMovie,QlgM2rL9CUQ,와.. 《취사병 전설이 되다》 실사화 미쳤다..🔥 단종 '이홍위'에서 레전드 취사병이 된 '박지훈'의 미친 차기작 드라마ㄷㄷ (+ tvn 라인업 총정리),2026-03-07T11:00:01Z,557.0,False,317327,2784.0,177.0
4258,UCBquPwf_YEAzCmPpd_tfzAA,매드무비 : MadMovie,LbNtyrP9mA4,와.. 《나의 유죄인간》 임시완 미쳤다..🔥 안하무인 재벌 3세 '임시완'과 인간병기라 불리는 특수경찰 '설인아'의 미친 공조 수사물ㄷㄷ (+웹툰&웹소설 실사화 2탄),2026-03-12T09:49:47Z,483.0,False,190370,1124.0,57.0
4258,UCBquPwf_YEAzCmPpd_tfzAA,매드무비 : MadMovie,KsjvyOtyKSo,"와.. 《프리랜서》 22분 순삭..🔥 [테이큰] 감독이 작정하고 만든 ""존 시나"" 주연의 액션 블록버스터ㄷㄷ",2026-03-19T08:36:35Z,1328.0,False,119283,1137.0,23.0
4258,UCBquPwf_YEAzCmPpd_tfzAA,매드무비 : MadMovie,maC2wlwhtr4,와.. 《범죄도시 5》 빌런 떴다..🔥 '4편' 이후 현대 시점을 배경으로 펼쳐지는 최신 디지털 글로벌 범죄 vs 마석도 형사의 대결ㄷㄷ (+ 도쿄버스트 범죄도시),2026-03-25T09:40:14Z,510.0,False,1306243,6915.0,1375.0
4258,UCBquPwf_YEAzCmPpd_tfzAA,매드무비 : MadMovie,ZPU03U7UCeU,"와.. 《해리포터 드라마》 첫 예고편 떴다..🔥 영화 이후 ""15년"" 만에 다시 돌아온 레전드 판타지 시리즈ㄷㄷ 근데 스네이프 상태가..?",2026-03-27T10:13:10Z,558.0,False,137207,905.0,333.0
4258,UCBquPwf_YEAzCmPpd_tfzAA,매드무비 : MadMovie,ef-Q-g0Xa6U,와.. 《칼: 고두막한의 검》 미쳤다..🔥 기억을 잃은 무사 '박보검'이 전설로 내려오는 고구려의 검을 찾아 떠나는 미친 액션 영화ㄷㄷ (+ 한국 사극 라인업 총정리),2026-04-02T09:00:00Z,633.0,False,259661,1934.0,172.0
4258,UCBquPwf_YEAzCmPpd_tfzAA,매드무비 : MadMovie,yE6rHi-AHQw,"와.. 《골드랜드》 박보영 존재감 미쳤다..🔥 돌아온 ""엘리트 조폭"" 이광수 vs 금괴 때문에 흑화해 버린 ""박보영""의 대결..ㄷㄷ (+ 골드랜드 디즈니+ 후속작)",2026-04-05T08:49:54Z,604.0,False,288847,1523.0,131.0
4258,UCBquPwf_YEAzCmPpd_tfzAA,매드무비 : MadMovie,ZGdjeXJZoCU,와.. 《타짜 4》 이번엔 글로벌 도박이다..🔥 야쿠자 타짜 '변요한'이 자기 인생 망친 놈들 도박으로 복수해 버리는 미친 영화 떴다..ㄷㄷ (Feat. 스윙스),2026-04-08T09:53:28Z,534.0,False,278811,1793.0,321.0
4258,UCBquPwf_YEAzCmPpd_tfzAA,매드무비 : MadMovie,sAWPtuPGwV0,와.. 또 봐도 웃기네ㅋㅋㅋ 《사냥개들 시즌 2》 재밌는 애드립 장면 및 비하인드 총정리💥,2026-04-11T08:55:57Z,515.0,False,208936,1317.0,104.0
4258,UCBquPwf_YEAzCmPpd_tfzAA,매드무비 : MadMovie,nKU3i8VWnNQ,와.. 《미이라 4》 드디어 나온다..🔥 '릭 오코넬'부터 레이첼 와이즈 '에블린'까지 가족 전원이 그대로 복귀하는 레전드 '모험 영화' 등판..ㄷㄷ (+ 헐리웃 레전드 라인업),2026-04-18T10:03:54Z,565.0,False,262684,1907.0,426.0
4258,UCBquPwf_YEAzCmPpd_tfzAA,매드무비 : MadMovie,chu7T4rVwgI,"와.. 빌딩 전체가 ""좀비""로 변한다고..? [전지현, 지창욱] 미친 라인업으로 돌아오는 역대급 좀비 영화 《군체》 예고편 완전 분석! (+ 한국 좀비 라인업)",2026-04-21T09:36:36Z,687.0,False,367716,1979.0,272.0
4258,UCBquPwf_YEAzCmPpd_tfzAA,매드무비 : MadMovie,JrC79Ep9YMI,"넷플릭스판 초능력물 《원더풀스》 떴다..🔥 순간이동 능력자 ""박은빈"" & 염력 전문 ""차은우""가 역대급 초능력 빌런에 맞서는 액션 드라마ㄷㄷ..",2026-04-24T11:40:27Z,525.0,False,378167,2561.0,725.0
4258,UCBquPwf_YEAzCmPpd_tfzAA,매드무비 : MadMovie,dm7QZ7sWxcQ,《월드워 Z 2》 스토리 미쳤다..🔥 무려 '13년' 만에 돌아오는 레전드 좀비영화 & 톰 크루즈 형님 복귀하는 탑건 3까지ㄷㄷ (2026 시네마콘 라인업),2026-04-28T09:13:01Z,511.0,False,123625,1420.0,116.0
4258,UCBquPwf_YEAzCmPpd_tfzAA,매드무비 : MadMovie,VxYM1Y_hFfc,"넷플릭스판 서울의봄 《보통사람들》 미쳤다..🔥 전두환 역 ""하정우"" & 노태우 역 ""손석구""가 말아주는 미친 시대극 영화 등판..ㄷㄷ (+ 한국 넷플릭스 오리지널 영화 라인업)",2026-05-01T07:40:27Z,527.0,False,281942,1787.0,1014.0
4258,UCBquPwf_YEAzCmPpd_tfzAA,매드무비 : MadMovie,CjhNk5aVzaA,"지리는 실사영화들 온다..🔥 명작 ""젤다의 전설""부터 넷플릭스가 준비하는 [나혼자만 레벨업, 드래곤볼] 등 실사화 라인업 완벽 총정리!! (+ 디즈니 라푼젤)",2026-05-03T09:35:28Z,941.0,False,245983,1897.0,560.0
4258,UCBquPwf_YEAzCmPpd_tfzAA,매드무비 : MadMovie,gHDUBYfDj1s,《살목지》 관련 숨겨진 뒷이야기 (Feat. NG),2026-05-06T09:00:07Z,512.0,False,78715,760.0,92.0
4258,UCBquPwf_YEAzCmPpd_tfzAA,매드무비 : MadMovie,B6BsX3JfCJ8,와.. 진짜 미쳤습니다..🔥 여러분이 몰랐던 《기리고 시즌 2》 관련 소식 및 떡밥 총정리ㄷㄷ (스포주의),2026-05-08T10:31:05Z,493.0,False,97569,860.0,152.0
4258,UCBquPwf_YEAzCmPpd_tfzAA,매드무비 : MadMovie,OOKm6Ko1w_0,"와.. 《호프》 스토리 미쳤다..🔥 ""조인성&황정민 VS 외계인""이라는 역대급 소재 + 나홍진 감독의 '곡성' 이후 10년 만에 돌아온 신작ㄷㄷ..",2026-05-11T10:01:00Z,491.0,False,121964,1307.0,239.0
4258,UCBquPwf_YEAzCmPpd_tfzAA,매드무비 : MadMovie,AiaSfg8x-Ik,레전드 웹툰 원작 《참교육》 떴다..🔥 특수임무단 대위 출신 '김무열'이 전국 양야치들 참교육하는 넷플릭스 액션 드라마ㄷㄷ (+ 2026 한국 액션),2026-05-14T08:59:56Z,498.0,False,66530,590.0,121.0
4259,UCxyH4YNL9pnFZwnDXiZ3DrA,로트키,L_HHPYbfYjQ,뉴비인 척하고 공섭에서 인피니티 브레인롯 기부해 보기ㅋㅋㅋ [쓰나미 브레인롯],2026-02-16T07:42:22Z,716.0,False,739122,7963.0,444.0
4259,UCxyH4YNL9pnFZwnDXiZ3DrA,로트키,6CZdUmCfJEo,쓰나미 브레인롯 어드민 서버 발견?! (맵 끝 공간의 비밀?) 1화,2026-02-17T05:56:50Z,58.0,True,1307854,43355.0,147.0
4259,UCxyH4YNL9pnFZwnDXiZ3DrA,로트키,F7Vz8as5G_M,쓰나미 브레인롯 기지가 100층입니다!,2026-02-17T23:00:27Z,50.0,True,575304,17267.0,84.0
4259,UCxyH4YNL9pnFZwnDXiZ3DrA,로트키,xnOg7tEnILQ,쓰나미 브레인롯 아무도 모르는 비밀 공간..!,2026-02-19T23:01:30Z,559.0,False,427979,8257.0,309.0
4259,UCxyH4YNL9pnFZwnDXiZ3DrA,로트키,svEzsl4gHLM,쓰나미 브레인롯 빨간색에 닿으면 안 된다고?!,2026-02-20T03:03:26Z,47.0,True,932042,10636.0,83.0
4259,UCxyH4YNL9pnFZwnDXiZ3DrA,로트키,MGJSfKOkcfU,99밤인데 유튜버를 구해야 합니다..! [99일밤],2026-02-20T23:00:34Z,743.0,False,546163,7698.0,421.0
4259,UCxyH4YNL9pnFZwnDXiZ3DrA,로트키,fDQTJsPZhQ0,쓰나미 좋아요 = 속도,2026-02-20T23:01:00Z,19.0,True,1408299,44688.0,185.0
4259,UCxyH4YNL9pnFZwnDXiZ3DrA,로트키,_2YtoG_DHNY,쓰나미 브레인롯 진짜로 랭커 찍어보겠습니다..!,2026-02-21T23:00:39Z,34.0,True,347959,4876.0,48.0
4259,UCxyH4YNL9pnFZwnDXiZ3DrA,로트키,oMezork51No,쓰나미 브레인롯이 전부 바다에 잠겼습니다...,2026-02-22T03:00:47Z,37.0,True,806461,13946.0,91.0
4259,UCxyH4YNL9pnFZwnDXiZ3DrA,로트키,F--_gZMuiO0,쓰나미 브레인롯 찐랭커 찍었습니다!!!,2026-02-23T22:59:01Z,31.0,True,130530,2237.0,38.0
4259,UCxyH4YNL9pnFZwnDXiZ3DrA,로트키,zA3kKMI6iNs,"세계최초 ""인피니티 기지"" 만들었습니다..! [쓰나미 브레인롯]",2026-02-23T23:01:20Z,752.0,False,342573,6040.0,391.0
4259,UCxyH4YNL9pnFZwnDXiZ3DrA,로트키,3Jh4RbDvDu0,쓰나미 브레인롯 맵 뒤에 뭐가 있을까..? (맵 끝 공간의 비밀?) 2화,2026-02-25T22:45:00Z,42.0,True,733471,18243.0,139.0
4259,UCxyH4YNL9pnFZwnDXiZ3DrA,로트키,nDbSs1_Ivao,뉴비인 척하고 운영자 능력으로 악질 유저 참교육해 보기ㅋㅋ [쓰나미 브레인롯],2026-02-25T23:01:06Z,711.0,False,796950,8518.0,648.0
4259,UCxyH4YNL9pnFZwnDXiZ3DrA,로트키,dAHERJ2V3YM,쓰나미 브레인롯인데 카피바라 궁둥이..?,2026-02-26T23:00:52Z,38.0,True,1041118,14631.0,256.0
4259,UCxyH4YNL9pnFZwnDXiZ3DrA,로트키,jCgZnB3KcjI,그어가2 세계1위 식물로 여동생 참교육 해줬습니다ㅋㅋ,2026-02-27T09:06:32Z,39.0,True,466348,9186.0,108.0
4259,UCxyH4YNL9pnFZwnDXiZ3DrA,로트키,x1TOLQOiF5c,쓰나미 브레인롯 메타 인피니티 기지가 있다고?!,2026-02-27T23:01:21Z,39.0,True,164470,3083.0,50.0
4259,UCxyH4YNL9pnFZwnDXiZ3DrA,로트키,TbZUty4kdzo,개발자 속도 상점으로 비매너 유저 참교육해 봤습니다! ㅋㅋㅋ [쓰나미 브레인롯],2026-03-04T07:00:19Z,756.0,False,561758,7112.0,273.0
4259,UCxyH4YNL9pnFZwnDXiZ3DrA,로트키,kF2v_nUJqRo,쓰나미 브레인롯 지하 세계의 숨겨진 비밀...!,2026-03-06T07:00:29Z,705.0,False,286713,2661.0,173.0
4259,UCxyH4YNL9pnFZwnDXiZ3DrA,로트키,jKglSlRCV_I,쓰나미 브레인롯 속도가 몇이어야 살 수 있을까?,2026-03-10T07:00:27Z,26.0,True,1147060,15127.0,109.0
4259,UCxyH4YNL9pnFZwnDXiZ3DrA,로트키,_-88yzlm9zA,"녹아웃인데, 세계 랭킹 1등 찍었습니다..!",2026-03-11T07:00:37Z,700.0,False,113076,1051.0,82.0
4259,UCxyH4YNL9pnFZwnDXiZ3DrA,로트키,6kUV31Nm-d8,개발자 상점으로 처음부터 다시 시작하기! [쓰나미 브레인롯],2026-03-13T23:00:09Z,696.0,False,347020,3523.0,209.0
4259,UCxyH4YNL9pnFZwnDXiZ3DrA,로트키,gOfi_3njS_o,99밤에서 최초로 새로운 괴물을 찾았습니다..! [99야간 숲],2026-03-18T07:00:43Z,751.0,False,251978,5813.0,206.0
4259,UCxyH4YNL9pnFZwnDXiZ3DrA,로트키,O33sODj2roU,50시간 안에 브레인롯 랭킹 1등 찍어보기..! [콩나무 브레인롯],2026-03-20T23:00:30Z,1111.0,False,256586,1891.0,147.0
4259,UCxyH4YNL9pnFZwnDXiZ3DrA,로트키,AAPN-tbtLp4,100일 동안 브레인롯으로 살아야 합니다..! [쓰나미 브레인롯],2026-03-26T07:00:08Z,777.0,False,262983,3616.0,108.0
4259,UCxyH4YNL9pnFZwnDXiZ3DrA,로트키,IQDAQ-gP_zw,"99밤인데, 사슴이 저를 먹습니다..! [99 야간 숲]",2026-03-27T23:00:15Z,734.0,False,159480,1787.0,159.0
4259,UCxyH4YNL9pnFZwnDXiZ3DrA,로트키,8sA_eH61G4A,운영자 사칭범이 진짜 운영자 만나서 참교육 당했습니다..! [쓰나미 브레인롯],2026-04-02T07:00:15Z,758.0,False,269986,3828.0,172.0
4259,UCxyH4YNL9pnFZwnDXiZ3DrA,로트키,lxRqDpI4z1k,50시간 동안 직접 럭키블럭이되어 살아봤습니다..! [행운의 블록이 되세요],2026-04-08T07:00:45Z,765.0,False,122352,1372.0,80.0
4259,UCxyH4YNL9pnFZwnDXiZ3DrA,로트키,7ekPW4OS2V0,뉴비인 척 슈퍼 속도 상점으로 참교육하기..! ㅋㅋㅋ [쓰나미 브레인롯],2026-04-10T07:00:07Z,761.0,False,265922,2968.0,137.0
4259,UCxyH4YNL9pnFZwnDXiZ3DrA,로트키,PNar48wVEB0,브레인롯에서 럭키 블럭 6등 됐습니다!,2026-04-17T06:45:01Z,26.0,True,235588,4201.0,469.0
4259,UCxyH4YNL9pnFZwnDXiZ3DrA,로트키,y1mNV0DR4rA,쓰나미로 변신해서 악질 유저 참교육 했습니다..!ㅋㅋㅋ [쓰나미 브레인롯],2026-04-17T07:00:50Z,610.0,False,278305,2743.0,126.0
4259,UCxyH4YNL9pnFZwnDXiZ3DrA,로트키,hng7HmL7JQQ,50시간 동안 브레인롯 게임 마스터해서 진짜 운영자 되기 [용암 브레인],2026-04-17T23:01:00Z,745.0,False,89733,1139.0,61.0
4259,UCxyH4YNL9pnFZwnDXiZ3DrA,로트키,0jOWat1j61k,99밤에서 루비 상자 집을 발견했습니다..! [99 야간 숲],2026-04-20T07:00:00Z,667.0,False,90673,705.0,114.0
4259,UCxyH4YNL9pnFZwnDXiZ3DrA,로트키,vJHEAUhkuDg,유튜버 점프 상점으로 몰카하기..! [쓰나미 브레인롯],2026-04-22T07:00:50Z,641.0,False,180294,3046.0,122.0
4259,UCxyH4YNL9pnFZwnDXiZ3DrA,로트키,H26m5qR9DVY,여동생과 카피디가 사귄다고?! 개로 변장해 몰래 미행해봤습니다..,2026-04-29T07:00:23Z,641.0,False,157061,2475.0,161.0
4259,UCxyH4YNL9pnFZwnDXiZ3DrA,로트키,hMBMHCnPZH0,뉴비인 척 공섭에 가서 잼민이한테 패러독스 선물했습니다..! [쓰나미 브레인롯],2026-05-01T23:00:48Z,646.0,False,212174,2605.0,293.0
4259,UCxyH4YNL9pnFZwnDXiZ3DrA,로트키,YF_maRZ-m3s,브레인롯에 비밀을 숨겼습니다..!,2026-05-03T01:36:10Z,25.0,True,206688,2562.0,163.0
4259,UCxyH4YNL9pnFZwnDXiZ3DrA,로트키,zHapdsyuTBg,로트키 긴급 라이브 *꼭 봐주세요,2026-05-03T10:48:10Z,16113.0,False,18828,539.0,63.0
4259,UCxyH4YNL9pnFZwnDXiZ3DrA,로트키,OfqGYeAX7dg,큰일났습니다..한국인이 만든 브레인롯 게임ㄷㄷ,2026-05-04T12:01:54Z,9709.0,False,13665,268.0,55.0
4259,UCxyH4YNL9pnFZwnDXiZ3DrA,로트키,AV2X4q0bgko,자연재해 브레인롯 숨겨진 비밀을 찾았습니다..! ㄷㄷ,2026-05-06T07:00:12Z,39.0,True,126587,1852.0,95.0
4259,UCxyH4YNL9pnFZwnDXiZ3DrA,로트키,1QVJMBhviKU,"967,535,593원 현질해서 랭커 도전해봤습니다..! [행운의 블럭을 던지세요]",2026-05-07T07:00:03Z,726.0,False,104814,849.0,117.0
4259,UCxyH4YNL9pnFZwnDXiZ3DrA,로트키,AnqTqGVjVLQ,역대급 업데이트! 재해 등급 얻는법ㄷㄷㄷ,2026-05-08T12:11:44Z,7587.0,False,9548,207.0,31.0
4259,UCxyH4YNL9pnFZwnDXiZ3DrA,로트키,n9Mb0RKp9M0,브레인롯 괴담... 로트키가 두 명이야..?,2026-05-08T23:00:56Z,20.0,True,274644,2090.0,41.0
4259,UCxyH4YNL9pnFZwnDXiZ3DrA,로트키,ZaS0gjaCbzo,브레인롯에서 핵을 썼습니다..,2026-05-09T23:00:38Z,29.0,True,418761,10590.0,216.0
4259,UCxyH4YNL9pnFZwnDXiZ3DrA,로트키,-ZlonlCaPfg,3만 로벅스 공짜로 받는 방법 [자연재해 브레인롯],2026-05-10T09:38:59Z,21.0,True,82434,1033.0,117.0
4259,UCxyH4YNL9pnFZwnDXiZ3DrA,로트키,79rI-DitG3M,"[카피디] 동접 1,300명 돌파!! 3만 로벅스 뿌립니다 자연재해 브레인롯",2026-05-10T12:42:07Z,4524.0,False,9624,182.0,38.0
4259,UCxyH4YNL9pnFZwnDXiZ3DrA,로트키,LgZAXxrHpOk,더블 점프가 몇이면 끝에 갈 수 있을까? [자연재해 브레인롯],2026-05-12T07:00:28Z,18.0,True,192904,1086.0,76.0
4259,UCxyH4YNL9pnFZwnDXiZ3DrA,로트키,WVBbQpKa51g,운영자 앞에서 까불면 안 되는 이유 ㄷㄷ [자연재해 브레인롯],2026-05-14T07:00:27Z,29.0,True,107743,881.0,56.0
4259,UCxyH4YNL9pnFZwnDXiZ3DrA,로트키,1Z9za543ZKY,브레인롯에서 운영자 사칭하는 유저 만나서 참교육 했습니다 ㅋㅋ [자연재해 브레인롯],2026-05-15T07:00:04Z,47.0,True,168368,3845.0,218.0
4259,UCxyH4YNL9pnFZwnDXiZ3DrA,로트키,gwVR8nPK4ME,여자 뉴비인 척하다 잼민이 해커를 만났습니다..! [쓰나미 브레인롯],2026-05-15T23:00:42Z,717.0,False,54327,451.0,95.0
4259,UCxyH4YNL9pnFZwnDXiZ3DrA,로트키,DGUh04Siw6k,제가 만든 게임에서 드디어 어드민 어뷰즈  시작합니다!,2026-05-16T23:00:13Z,33.0,True,36845,724.0,90.0
4260,UC1KHPyA5XiRMxiXcV9kruNA,"카더가든 (Car, the garden)",CNmBIYfyomk,"[Moving Poster] Car, the garden Live in North America",2023-03-24T00:23:18Z,19.0,True,8836,333.0,20.0
4260,UC1KHPyA5XiRMxiXcV9kruNA,"카더가든 (Car, the garden)",l_HwXxoEYx8,라이스보이 슬립스X카더가든 Home Sweet Home M/V,2023-04-10T05:00:19Z,206.0,False,1406487,8055.0,143.0
4260,UC1KHPyA5XiRMxiXcV9kruNA,"카더가든 (Car, the garden)",ki1AWui2ZQg,"카더가든(Car, the garden) [Harmony] 전곡 미리듣기",2023-09-05T03:00:16Z,179.0,False,11460,457.0,113.0
4260,UC1KHPyA5XiRMxiXcV9kruNA,"카더가든 (Car, the garden)",6yPvpq3Nu1I,"카더가든(Car, the garden) [Harmony] Voice message",2023-09-08T09:00:10Z,49.0,True,2797,153.0,18.0
4260,UC1KHPyA5XiRMxiXcV9kruNA,"카더가든 (Car, the garden)",EtLFx-07tmw,"카더가든 (Car, the garden) _'내일의 우리(Tomorrow)' Music Video Teaser",2023-09-11T09:00:08Z,19.0,True,8599,228.0,29.0
4260,UC1KHPyA5XiRMxiXcV9kruNA,"카더가든 (Car, the garden)",-C1q7s1CoLk,"[Official Audio] 카더가든 (Car, the garden) - 네 번의 여름",2023-09-12T09:00:01Z,182.0,False,279693,1433.0,36.0
4260,UC1KHPyA5XiRMxiXcV9kruNA,"카더가든 (Car, the garden)",17kIJKpcsbE,"[Official Audio] 카더가든 (Car, the garden) - Foolish World",2023-09-12T09:00:01Z,238.0,False,44347,329.0,18.0
4260,UC1KHPyA5XiRMxiXcV9kruNA,"카더가든 (Car, the garden)",4fvxTOdkFw0,"[Official Audio] 카더가든 (Car, the garden) - 내겐 그 아무도 없을 거야",2023-09-12T09:00:03Z,206.0,False,57165,420.0,29.0
4260,UC1KHPyA5XiRMxiXcV9kruNA,"카더가든 (Car, the garden)",5aea9VKDFVg,"[Official Audio] 카더가든 (Car, the garden) - 오래된 일",2023-09-12T09:00:03Z,229.0,False,67770,373.0,29.0
4260,UC1KHPyA5XiRMxiXcV9kruNA,"카더가든 (Car, the garden)",MMSfDzFQFoA,"[Official Audio] 카더가든 (Car, the garden) - Harmony",2023-09-12T09:00:19Z,234.0,False,46798,314.0,25.0
4260,UC1KHPyA5XiRMxiXcV9kruNA,"카더가든 (Car, the garden)",dOx_RKFPG28,"[Official Audio] 카더가든 (Car, the garden) - My Old Friend",2023-09-12T09:00:20Z,162.0,False,20883,202.0,19.0
4260,UC1KHPyA5XiRMxiXcV9kruNA,"카더가든 (Car, the garden)",hcipWAOx0EU,"[Official Audio] 카더가든 (Car, the garden) - 내일의 우리",2023-09-12T09:00:27Z,241.0,False,454599,1635.0,51.0
4260,UC1KHPyA5XiRMxiXcV9kruNA,"카더가든 (Car, the garden)",VNdMUWNLdC0,"[Full Album] 카더가든 (Car, the garden) - Harmony (Official Audio)",2023-09-12T09:00:29Z,1487.0,False,76001,1324.0,248.0
4260,UC1KHPyA5XiRMxiXcV9kruNA,"카더가든 (Car, the garden)",IxaTjGPP2aM,"카더가든(Car, the garden) '내일의 우리(Tomorrow)' Music Video",2023-09-12T09:00:57Z,274.0,False,1172277,10648.0,633.0
4260,UC1KHPyA5XiRMxiXcV9kruNA,"카더가든 (Car, the garden)",3IuyLTq-KW0,[LIVE] 카더가든 - 네 번의 여름,2023-10-04T08:18:15Z,60.0,True,15437,617.0,24.0
4260,UC1KHPyA5XiRMxiXcV9kruNA,"카더가든 (Car, the garden)",p-6A9R3FT88,[LIVE] 카더가든 - My Old Friend,2023-10-04T08:19:48Z,54.0,True,8207,359.0,23.0
4260,UC1KHPyA5XiRMxiXcV9kruNA,"카더가든 (Car, the garden)",zrD4L3MHrLE,[LIVE] 카더가든 - 내일의 우리,2023-10-04T08:21:56Z,59.0,True,54150,1403.0,49.0
4260,UC1KHPyA5XiRMxiXcV9kruNA,"카더가든 (Car, the garden)",r_I8PcCMZeU,"[Car, the garden 2024 North America Tour : Harmony]",2023-12-20T09:22:07Z,45.0,True,5094,168.0,14.0
4260,UC1KHPyA5XiRMxiXcV9kruNA,"카더가든 (Car, the garden)",i38OGIy5f_Q,"Car, the garden @ PRACTICE ROOM 🎤",2024-01-05T01:00:18Z,36.0,True,22835,628.0,32.0
4260,UC1KHPyA5XiRMxiXcV9kruNA,"카더가든 (Car, the garden)",QQL9EgRxlAQ,"Car, the garden 2024 North America Tour : Harmony",2024-01-11T11:00:18Z,30.0,True,3770,148.0,30.0
4260,UC1KHPyA5XiRMxiXcV9kruNA,"카더가든 (Car, the garden)",ayNjSO1VRk4,[D-7] 드디어 북미투어를 떠나는 카더가든..,2024-01-15T23:00:02Z,18.0,True,9628,251.0,20.0
4260,UC1KHPyA5XiRMxiXcV9kruNA,"카더가든 (Car, the garden)",lNIz34yOcRU,카더가든과 친구가 되어줘! : 2023 북미투어 영상 함께 보기,2024-01-23T03:32:58Z,735.0,False,16011,480.0,96.0
4260,UC1KHPyA5XiRMxiXcV9kruNA,"카더가든 (Car, the garden)",PoxlrekAbj0,"[Full Album] 카더가든 (Car, the garden) - 그 자리 그대로 (Official Audio)",2024-06-18T09:00:16Z,519.0,False,27618,316.0,43.0
4260,UC1KHPyA5XiRMxiXcV9kruNA,"카더가든 (Car, the garden)",-okuVnXFzbo,"[Official Audio] 카더가든 (Car, the garden) - TEAM 401",2024-06-18T09:00:20Z,271.0,False,102989,941.0,48.0
4260,UC1KHPyA5XiRMxiXcV9kruNA,"카더가든 (Car, the garden)",j_3y0pnN0s8,"[Official Audio] 카더가든 (Car, the garden) - 그 자리 그대로",2024-06-18T09:00:24Z,249.0,False,289932,1702.0,172.0
4260,UC1KHPyA5XiRMxiXcV9kruNA,"카더가든 (Car, the garden)",amS54tjHI5Y,카더가든 단독 공연 [From Apartment] 티켓 오픈 D-1,2024-12-04T09:35:29Z,10.0,True,16537,218.0,13.0
4260,UC1KHPyA5XiRMxiXcV9kruNA,"카더가든 (Car, the garden)",XXmRwJhzUEs,카더가든 단독 공연 [From Apartment] D-21,2024-12-20T07:53:47Z,31.0,True,21829,291.0,14.0
4260,UC1KHPyA5XiRMxiXcV9kruNA,"카더가든 (Car, the garden)",k3yQLJJArmw,카더가든 단독 공연 [From Apartment] Recap,2025-01-20T04:29:01Z,116.0,False,8688,293.0,53.0
4260,UC1KHPyA5XiRMxiXcV9kruNA,"카더가든 (Car, the garden)",tcDL7LwYDkY,[LIVE] 카더가든 - Sarah @단독 공연 [From Apartment],2025-01-27T08:59:23Z,203.0,False,24713,507.0,70.0
4260,UC1KHPyA5XiRMxiXcV9kruNA,"카더가든 (Car, the garden)",SIFdWuWAKfY,[LIVE] 카더가든 - 31 @단독 공연 [From Apartment],2025-01-31T09:00:08Z,209.0,False,407313,3448.0,221.0
4260,UC1KHPyA5XiRMxiXcV9kruNA,"카더가든 (Car, the garden)",h9lxSXpiMt8,"[Visualizer] 카더가든 (Car, the garden) - '꿈에 들어와(Come to My Dream)'",2025-04-22T09:00:54Z,272.0,False,55427,1294.0,146.0
4260,UC1KHPyA5XiRMxiXcV9kruNA,"카더가든 (Car, the garden)",hYGRbNkLhF4,"[LIVE CLIP] 카더가든 (Car, the garden) - '꿈에 들어와(Come to My Dream)'",2025-04-29T11:00:13Z,307.0,False,38814,1219.0,150.0
4260,UC1KHPyA5XiRMxiXcV9kruNA,"카더가든 (Car, the garden)",JkynkuBYdEA,"[Trailer] O3ohn X Car, the garden EP [TWO]",2025-06-10T11:00:35Z,231.0,False,23598,1136.0,119.0
4260,UC1KHPyA5XiRMxiXcV9kruNA,"카더가든 (Car, the garden)",P_1vvkHB7q4,"[Teaser] O3ohn X Car, the garden - BIG BIRD",2025-06-14T09:00:38Z,19.0,True,17668,576.0,95.0
4260,UC1KHPyA5XiRMxiXcV9kruNA,"카더가든 (Car, the garden)",u8mH-WHQdb0,"[M/V] O3ohn X Car, the garden - BIG BIRD",2025-06-15T09:01:15Z,183.0,False,1391050,11852.0,823.0
4260,UC1KHPyA5XiRMxiXcV9kruNA,"카더가든 (Car, the garden)",GmZLS0rXY74,"[Live Clip] O3ohn X Car, the garden - BIG BIRD",2025-06-24T11:00:26Z,185.0,False,207934,3551.0,139.0
4260,UC1KHPyA5XiRMxiXcV9kruNA,"카더가든 (Car, the garden)",bWBegj70_AU,"[M/V] O3ohn X Car, the garden - BETTER",2025-07-01T11:01:07Z,172.0,False,20561,569.0,81.0
4260,UC1KHPyA5XiRMxiXcV9kruNA,"카더가든 (Car, the garden)",tz_kAXb6PfU,"[LIVE] O3ohn X Car, the garden - BIG BIRD & 유영 (with 유라(youra)) | 2025 단독 공연 'STEREO TWO'",2025-07-31T10:01:33Z,461.0,False,203234,3716.0,191.0
4260,UC1KHPyA5XiRMxiXcV9kruNA,"카더가든 (Car, the garden)",0EUkeHQf1S8,"[Teaser] Car, the garden - LOVERS",2025-12-12T12:00:02Z,42.0,True,5960,194.0,33.0
4260,UC1KHPyA5XiRMxiXcV9kruNA,"카더가든 (Car, the garden)",iuTZzxE7sR8,"[Trailer] Car, the garden EP [Blue Heart]",2025-12-14T09:01:09Z,264.0,False,17868,657.0,139.0
4260,UC1KHPyA5XiRMxiXcV9kruNA,"카더가든 (Car, the garden)",S1gREleaQ0Y,"[M/V]  Car, the garden - LOVERS",2025-12-16T09:00:44Z,208.0,False,259170,4180.0,845.0
4260,UC1KHPyA5XiRMxiXcV9kruNA,"카더가든 (Car, the garden)",5yRm3HNJ6mM,"[LIVE] Car, the garden - LOVERS",2026-01-07T11:00:13Z,194.0,False,109122,1706.0,225.0
4260,UC1KHPyA5XiRMxiXcV9kruNA,"카더가든 (Car, the garden)",ERlE9AqiYfQ,"[LIVE] Car, the garden - 그대 작은 나의 세상이 되어 | 2026 단독공연 'BLUE HEART'",2026-01-21T13:36:13Z,239.0,False,576501,4538.0,270.0
4260,UC1KHPyA5XiRMxiXcV9kruNA,"카더가든 (Car, the garden)",5hluaZsogjs,[LIVE] 카더가든 - 그대 작은 나의 세상이 되어,2026-01-21T16:10:48Z,27.0,True,550330,4821.0,115.0
4260,UC1KHPyA5XiRMxiXcV9kruNA,"카더가든 (Car, the garden)",6J32WdbyWcs,"[LIVE] Car, the garden - 그대 나를 일으켜주면 | 2026 단독공연 'BLUE HEART'",2026-03-06T12:00:20Z,248.0,False,391490,3332.0,252.0
4260,UC1KHPyA5XiRMxiXcV9kruNA,"카더가든 (Car, the garden)",vhdHiVjE_wo,[LIVE] 카더가든 - 그대 나를 일으켜주면,2026-03-06T12:41:54Z,30.0,True,540124,3220.0,313.0
4260,UC1KHPyA5XiRMxiXcV9kruNA,"카더가든 (Car, the garden)",S8omyd3gGLA,"[LIVE] Car, the garden - 오! 형제여 | 2026 단독공연 'BLUE HEART'",2026-04-15T10:00:45Z,217.0,False,7711,231.0,46.0
4260,UC1KHPyA5XiRMxiXcV9kruNA,"카더가든 (Car, the garden)",ikOgFLwFx9A,[LIVE] 카더가든 - 오! 형제여,2026-04-15T10:01:30Z,55.0,True,9718,119.0,12.0
4260,UC1KHPyA5XiRMxiXcV9kruNA,"카더가든 (Car, the garden)",ytkJr7SjtyM,[LIVE] 카더가든 - 나무,2026-04-22T10:01:19Z,59.0,True,21858,347.0,34.0
4260,UC1KHPyA5XiRMxiXcV9kruNA,"카더가든 (Car, the garden)",nceAEKckHYY,[LIVE] 카더가든 - 나무,2026-04-24T10:01:31Z,58.0,True,69279,495.0,47.0
4261,UCeaLTkpKbf7cbAck4mqBwlQ,스마트리더 SmartLeader,AJxGBBG-Bow,심박한 스마트폰 관련 제품 및 소형가전 (코엑스 2020 KITAS 스마트 디바이스쇼),2020-07-30T09:01:50Z,602.0,False,12681,160.0,10.0
4261,UCeaLTkpKbf7cbAck4mqBwlQ,스마트리더 SmartLeader,0qU-mbO8wzA,갤럭시 노트20 세세한 분석 ! 노트20 vs 울트라 뭘 사야하나~ 디자인 / 스펙 / 카메라 etc.,2020-08-08T07:09:01Z,724.0,False,8783,273.0,14.0
4261,UCeaLTkpKbf7cbAck4mqBwlQ,스마트리더 SmartLeader,7IiWLDyHBok,스마트폰 저렴하게 사고 싶다면 꼭 봐야할 영상 ! 성지 찾기 ! (누구나 쉽게 휴대폰 싸게 사는법),2020-08-09T06:23:29Z,610.0,False,60108,1084.0,63.0
4261,UCeaLTkpKbf7cbAck4mqBwlQ,스마트리더 SmartLeader,mbVxXwZSi-A,"영상 전체 자막, 1분 자동완성~ 99% 정확성 | PRISM Live Studio 자동자막 최신 업데이트~​​ (Vrew만 써봤나요?)",2020-08-14T12:21:32Z,716.0,False,16511,494.0,31.0
4261,UCeaLTkpKbf7cbAck4mqBwlQ,스마트리더 SmartLeader,e734e1e3ogc,갤럭시 노트20 초기 설정 및 이전폰 데이터 옮기기~ 새휴대폰 연락처/통화기록/문자/카톡대화/공인인증서 및 초기설정​,2020-08-23T13:38:12Z,704.0,False,111818,1461.0,49.0
4261,UCeaLTkpKbf7cbAck4mqBwlQ,스마트리더 SmartLeader,qapEgdoIE2I,스마트리더님의 실시간 스트림,2020-08-26T17:38:49Z,,False,0,1.0,0.0
4261,UCeaLTkpKbf7cbAck4mqBwlQ,스마트리더 SmartLeader,b2uHAPFFcNk,유튜브 라이브 더 쉬워졌다 ! 2020 PC용 PRISM Live Studio를 만나보자~ (코로나 시대에 필수 지식),2020-08-28T07:12:42Z,709.0,False,27212,675.0,73.0
4261,UCeaLTkpKbf7cbAck4mqBwlQ,스마트리더 SmartLeader,Ql2BPMiJmrE,갤럭시 노트20~ S펜 실전 활용은 이렇게 한다 | 이것만 알면 S펜 능력자~,2020-09-22T23:00:07Z,771.0,False,282918,3821.0,61.0
4261,UCeaLTkpKbf7cbAck4mqBwlQ,스마트리더 SmartLeader,-n27FrQb5LU,삼성 노트 앱  유익한 기능 모음~ 다양한 활용법 대공개 ! 갤럭시 사용자 필수 메모 어플,2020-09-25T00:09:51Z,420.0,False,76177,1453.0,31.0
4261,UCeaLTkpKbf7cbAck4mqBwlQ,스마트리더 SmartLeader,yV65vpG6mjw,카톡 대화내용 백업 / 카카오톡 백업 복원 (휴대폰 교체 시 카카오톡 채팅내용 이전),2020-10-04T05:11:12Z,201.0,False,54227,486.0,38.0
4261,UCeaLTkpKbf7cbAck4mqBwlQ,스마트리더 SmartLeader,hIxqjBufoX0,스마트폰 계산기 앱 어디까지 써봤나요? 계산기 100% 사용법~ 쌀집 계산기 메모리 기능,2020-10-07T10:45:01Z,492.0,False,14649,316.0,6.0
4261,UCeaLTkpKbf7cbAck4mqBwlQ,스마트리더 SmartLeader,AL2ED2GY1Dg,"빠른 파일 전송 퀵쉐어 사용법, 특징 / 1G 전송 몇초 테스트? 에어드롭 안부러운 삼성 스마트폰 Quick Share 꼭 사용하세요!",2020-10-13T00:30:01Z,369.0,False,67898,784.0,30.0
4261,UCeaLTkpKbf7cbAck4mqBwlQ,스마트리더 SmartLeader,U_mBKLP8yng,정기 결재 구독 앱 해지 한방에 하기 / 선탑재 앱 내맘대로 관리 !,2020-11-04T14:34:41Z,992.0,False,5340,139.0,12.0
4261,UCeaLTkpKbf7cbAck4mqBwlQ,스마트리더 SmartLeader,iedZLIvnsPk,꼭 알아야 할 삼성 스마트폰 최신기능 10가지~ (화면녹화/다크모드/QR코드/블루라이트 필터/무선배터리공유/AOD/측면버튼설정/빠른설정 버튼순서),2020-11-12T11:00:10Z,811.0,False,121005,1880.0,38.0
4261,UCeaLTkpKbf7cbAck4mqBwlQ,스마트리더 SmartLeader,xyiMe6M4MMk,스마트폰 유용한 앱 ! 걸으면 현금이 쌓이는 캐시워크 상세 사용법~,2020-11-27T11:15:04Z,287.0,False,47797,429.0,103.0
4261,UCeaLTkpKbf7cbAck4mqBwlQ,스마트리더 SmartLeader,DZPbFVevugo,스마트폰 문자 알림 / 벨 소리를 원하는 대로 설정하기 | 전화번호 별로 다르게 | 원하지 않는 문자는 무음처리,2020-12-08T12:34:31Z,492.0,False,73181,881.0,35.0
4261,UCeaLTkpKbf7cbAck4mqBwlQ,스마트리더 SmartLeader,3an8zxWpGME,"스마트폰 앱 숨기는법, 3가지 방법 모두 소개합니다~",2020-12-25T12:23:46Z,420.0,False,120757,1151.0,89.0
4261,UCeaLTkpKbf7cbAck4mqBwlQ,스마트리더 SmartLeader,SUwFNwvtlew,스마트폰에서 시놀로지 NAS 활용법 | 클라우드 대신 나스를 사용하는 이유,2020-12-29T11:00:09Z,827.0,False,67779,967.0,63.0
4261,UCeaLTkpKbf7cbAck4mqBwlQ,스마트리더 SmartLeader,BdknIfzG0ko,갤럭시 S21/S21+/S21울트라 특징을 알기쉽게 정리. (스마트리더),2021-01-18T00:00:01Z,583.0,False,11831,192.0,22.0
4261,UCeaLTkpKbf7cbAck4mqBwlQ,스마트리더 SmartLeader,-arneJ37CUU,유튜브 채널 최적화 ! 내 채널 검색이 안된다면.. 이 영상 꼭 보세요~,2021-01-24T10:00:00Z,346.0,False,25457,322.0,16.0
4261,UCeaLTkpKbf7cbAck4mqBwlQ,스마트리더 SmartLeader,e-eyPJvckds,갤럭시 S21 vs 노트20 울트라 모델 확실하게 비교해 드립니다 ! S21 언박싱 / 무엇이 달라졌을까요?,2021-02-02T12:22:57Z,680.0,False,76589,651.0,45.0
4261,UCeaLTkpKbf7cbAck4mqBwlQ,스마트리더 SmartLeader,YwTc_4sG4rM,갤럭시 워치3 기본 사용법 / 특징 / 활용성 (헬스기능 심전도/산소포화도 테스트),2021-02-12T12:20:48Z,778.0,False,58459,492.0,20.0
4261,UCeaLTkpKbf7cbAck4mqBwlQ,스마트리더 SmartLeader,4AaIRgMMh7U,자주 사용하는 긴 문장 단축어로 빠르게 입력하세요~ 스마트폰 2번 터치로 긴문구 바로 입력 ! 카톡/문자 기타 모든 앱에서 활용 !,2021-03-09T01:00:00Z,292.0,False,16747,324.0,10.0
4261,UCeaLTkpKbf7cbAck4mqBwlQ,스마트리더 SmartLeader,w8FGLPWYVeA,초고속 VPN 200% 활용하기~ 스마트폰과 PC 보안  VPN 추천 | 직구 / 넥플릭스 / IP 우회,2021-03-31T11:45:00Z,672.0,False,13976,305.0,79.0
4261,UCeaLTkpKbf7cbAck4mqBwlQ,스마트리더 SmartLeader,gUuPt2gJJ7k,카카오톡 프로필 비공개는 이렇게.. 멀티프로필 설정도 제대로 알고쓰자~,2021-10-27T11:45:00Z,412.0,False,70616,658.0,33.0
4261,UCeaLTkpKbf7cbAck4mqBwlQ,스마트리더 SmartLeader,gLBilJtXyg4,"통신사의 휴대폰/인터넷 서비스가 불만족이라면? 방통위의 통신분쟁조정제도를 꼭 활용하세요~ (SKT, LG U+, KT)",2021-11-03T11:00:15Z,548.0,False,4430,125.0,10.0
4261,UCeaLTkpKbf7cbAck4mqBwlQ,스마트리더 SmartLeader,XszNDcJPLcI,"아이폰13 프로 vs 일반, 이모델 꼭 선택하세요 | 무제한 반값 요금제도 함께 선택하세요~",2021-11-06T12:26:16Z,583.0,False,4990,70.0,40.0
4261,UCeaLTkpKbf7cbAck4mqBwlQ,스마트리더 SmartLeader,_CnjpnqWT0s,스마트폰 USB 메모리 복사 이렇게 쉽게?  2022 버전 / 저장공간 부족할때 (다운로드 파일 바로 USB로),2022-01-21T12:57:48Z,528.0,False,67124,1725.0,39.0
4261,UCeaLTkpKbf7cbAck4mqBwlQ,스마트리더 SmartLeader,MQ_DXs01qt4,주변 소음 데시벨이 궁금한가요? 알면 자주 사용하는 스마트폰 소음측정기 앱,2022-01-27T12:15:21Z,230.0,False,19050,325.0,14.0
4261,UCeaLTkpKbf7cbAck4mqBwlQ,스마트리더 SmartLeader,73TwAbu6ZJs,이건 꼭 들어야 해~ 스마트폰 전문가 스마트워크 교육 드디어 합니다,2022-02-05T11:45:01Z,203.0,False,3913,125.0,2.0
4261,UCeaLTkpKbf7cbAck4mqBwlQ,스마트리더 SmartLeader,vbtFGCihu2c,유튜브 크리에이터 교육 안내 (유튜브 잘하는법 / 성공하기),2022-02-05T13:22:47Z,195.0,False,6117,141.0,6.0
4261,UCeaLTkpKbf7cbAck4mqBwlQ,스마트리더 SmartLeader,l7yilU973eU,"삼성 갤럭시 S22 특징, 색상 모두 알려드립니다! 구입할거면 꼭 이모델을.. ​",2022-02-10T15:33:04Z,834.0,False,16774,353.0,9.0
4261,UCeaLTkpKbf7cbAck4mqBwlQ,스마트리더 SmartLeader,Kh0zFyvqqt0,삼성폰과 삼성 노트북이 만나면? 오~ 이런게... 갤럭시 북2 Pro 360,2022-04-01T12:00:16Z,640.0,False,12778,182.0,6.0
4261,UCeaLTkpKbf7cbAck4mqBwlQ,스마트리더 SmartLeader,wQpOEQgsj0g,스마트폰 카메라 무음 설정 이렇게 쉽게~ 찰칵 촬영 소리 없애는 setedit 앱,2022-04-20T12:05:17Z,234.0,False,62134,805.0,119.0
4261,UCeaLTkpKbf7cbAck4mqBwlQ,스마트리더 SmartLeader,_G8i0JgqMTU,"삼성페이, 카카오페이 이런 큰 차이 모르셨죠? 네이버페이~ 상황에 맞는 Pay 활용법",2022-05-03T06:00:14Z,738.0,False,64304,1240.0,30.0
4261,UCeaLTkpKbf7cbAck4mqBwlQ,스마트리더 SmartLeader,MEgVROBRt-8,"유튜브 크리에이터 강의 안내 ! (영상편집, 브랜드채널, 업로드, 유튜브 알고리즘, 채널성장, 썸네일)",2022-05-04T23:41:44Z,40.0,True,8594,54.0,13.0
4261,UCeaLTkpKbf7cbAck4mqBwlQ,스마트리더 SmartLeader,B5AIw3Czf7M,스마트폰 활용을 위한 특급 꿀팁! 안드로이드 설정을 매우 쉽게~ 꼭 활용해보세요,2022-07-08T13:29:52Z,655.0,False,80891,1751.0,15.0
4261,UCeaLTkpKbf7cbAck4mqBwlQ,스마트리더 SmartLeader,Gh4oC-tDIcw,"스마트폰에서 프린터 연결하고 바로 인쇄 | 문자, 사진, 문서 프린트하기",2022-07-27T12:00:21Z,726.0,False,305892,3452.0,38.0
4261,UCeaLTkpKbf7cbAck4mqBwlQ,스마트리더 SmartLeader,hydEoUyk-pU,스마트폰 가장 빨리 전화거는 방법 3가지 | 전화앱과 위젯에 숨겨진 기능,2022-08-01T12:13:48Z,401.0,False,8799,218.0,16.0
4261,UCeaLTkpKbf7cbAck4mqBwlQ,스마트리더 SmartLeader,5VsRFhx1DVo,"갤럭시 Z 폴드4, 플립4 특징 사용기 | 이전 3세대와 스펙 비교",2022-08-10T17:21:00Z,522.0,False,4315,112.0,9.0
4261,UCeaLTkpKbf7cbAck4mqBwlQ,스마트리더 SmartLeader,ZBDfAQ_Ef_E,갤럭시 폴드4 의 대화면 실전 활용 영상 | 태스크바와 멀티태스킹 | 이 영상 보고 결정하세요~,2022-08-12T13:24:30Z,187.0,False,6105,86.0,3.0
4261,UCeaLTkpKbf7cbAck4mqBwlQ,스마트리더 SmartLeader,v_bS8JX_6eM,"쉽고 친절한 유튜브 크리에이터 정규 교육 과정 소개 (프리미어프로 영상편집, 채널, 장비, 유튜브 알고리즘, 섬네일, OBS, 유튜브 라이브)",2022-08-13T06:00:12Z,62.0,False,5122,43.0,13.0
4261,UCeaLTkpKbf7cbAck4mqBwlQ,스마트리더 SmartLeader,_Njd2uFi9oo,이렇게 쉽게 사진에 글씨 넣기 | 멋진 디자인과 움직이는 GIF,2022-08-16T11:50:20Z,1127.0,False,53394,876.0,27.0
4261,UCeaLTkpKbf7cbAck4mqBwlQ,스마트리더 SmartLeader,C5WcXq-gFaE,영상편집 몰라도 가장 쉽게 동영상에 글씨/자막 넣는법 | 멋진 글꼴 디자인,2022-08-24T12:00:07Z,711.0,False,37018,645.0,30.0
4261,UCeaLTkpKbf7cbAck4mqBwlQ,스마트리더 SmartLeader,EhlTMGo0t14,그룹 문자 기능으로 단체문자 쉽고 빠르게 한방에 보내기,2022-08-31T10:45:00Z,274.0,False,70817,827.0,20.0
4261,UCeaLTkpKbf7cbAck4mqBwlQ,스마트리더 SmartLeader,zY4fchgyJEk,스마트폰 빠른 글씨입력 꿀팁 5가지~ 타이핑 속도를 2배 빠르게,2022-09-17T13:02:41Z,544.0,False,23096,640.0,27.0
4261,UCeaLTkpKbf7cbAck4mqBwlQ,스마트리더 SmartLeader,P0IQOHtJvHQ,내가 Z 폴드4에 관심을 크게 갖는 이유~ 대화면의 멀티 화면 | 멀티 태스킹,2022-10-05T12:30:17Z,728.0,False,3838,99.0,10.0
4261,UCeaLTkpKbf7cbAck4mqBwlQ,스마트리더 SmartLeader,Ju5k9K3cYw8,드디어 카카오톡 예약 메시지 전송 기능 | 문자 앱 vs 카톡 앱 비교,2022-10-19T12:15:01Z,231.0,False,10339,214.0,16.0
4261,UCeaLTkpKbf7cbAck4mqBwlQ,스마트리더 SmartLeader,eiXQdowuFxY,가장 best VPN 추천 | 노드VPN만의 바이러스/해킹 방지 기능 및 추천 이유,2022-11-15T12:00:33Z,429.0,False,11175,139.0,6.0
4261,UCeaLTkpKbf7cbAck4mqBwlQ,스마트리더 SmartLeader,7qWW41_C3zA,VPN 이럴 때 사용한다! 개념부터 돈버는 실제 활용까지 | 타이달 서비스 가입,2023-07-01T00:00:02Z,480.0,False,6115,110.0,15.0
4262,UCJvsx6Vr0n2VCwr07LBwF9A,일하다디자인,EJ8_col-7Gk,인테리어 철거부터 완공까지,2026-01-05T08:00:17Z,102.0,False,6082,51.0,2.0
4262,UCJvsx6Vr0n2VCwr07LBwF9A,일하다디자인,AFUgK0VxsEc,"끝에서 끝까지, 하나로 이어지는 집｜대우트럼프월드 2차 67평 인테리어",2026-01-08T08:00:09Z,505.0,False,7740,136.0,20.0
4262,UCJvsx6Vr0n2VCwr07LBwF9A,일하다디자인,7guH4Mb5ITw,멋진 파노라마 뷰의 여운이 남는 집,2026-01-08T09:00:20Z,42.0,True,3133,23.0,0.0
4262,UCJvsx6Vr0n2VCwr07LBwF9A,일하다디자인,gPdUUd2Ldro,현관 중문 대신 이거 하세요!,2026-01-09T08:00:55Z,10.0,True,11678,19.0,4.0
4262,UCJvsx6Vr0n2VCwr07LBwF9A,일하다디자인,yMPp0rLCxjA,수납장 사지 말고 이렇게 하세요!,2026-01-11T08:01:14Z,13.0,True,6871,24.0,2.0
4262,UCJvsx6Vr0n2VCwr07LBwF9A,일하다디자인,CqljPjJgiLI,웜톤 욕실과 쿨톤 욕실. 각기 다른 매력,2026-01-12T08:00:26Z,36.0,True,4546,33.0,2.0
4262,UCJvsx6Vr0n2VCwr07LBwF9A,일하다디자인,PCdvumawEb8,파노라마로 인테리어 된 집,2026-01-14T08:00:37Z,22.0,True,4857,27.0,0.0
4262,UCJvsx6Vr0n2VCwr07LBwF9A,일하다디자인,UYtW9JDX4aA,"나를 위한 공간, 가장 나다운 집을 만드는 방법",2026-01-15T08:00:45Z,44.0,True,8168,113.0,2.0
4262,UCJvsx6Vr0n2VCwr07LBwF9A,일하다디자인,sxOosYF2rww,"가족이 집의 중심이 되다, 용인 금호베스트빌 66평 인테리어｜일하다디자인",2026-01-15T08:01:09Z,427.0,False,7431,178.0,27.0
4262,UCJvsx6Vr0n2VCwr07LBwF9A,일하다디자인,Gph318--RME,자동 현관 중문 꼭 쓰세요!,2026-01-16T08:00:20Z,14.0,True,7501,33.0,7.0
4262,UCJvsx6Vr0n2VCwr07LBwF9A,일하다디자인,_n7eASil-cY,2026 아일랜드 식탁 트랜드,2026-01-18T08:00:49Z,11.0,True,4193,20.0,3.0
4262,UCJvsx6Vr0n2VCwr07LBwF9A,일하다디자인,QCoZt9ovREM,차분하고 고급스러운 66평 아파트 인테리어,2026-01-20T08:00:36Z,25.0,True,8230,131.0,0.0
4262,UCJvsx6Vr0n2VCwr07LBwF9A,일하다디자인,BmovrV0IiRk,"시간이 지날수록 가치가 남는 집, 종로 효자동 57평 인테리어",2026-01-23T07:00:11Z,484.0,False,108528,184.0,27.0
4262,UCJvsx6Vr0n2VCwr07LBwF9A,일하다디자인,3Ba_mAN17us,"오래 보아도 질리지 않는 집, 계속 머무르고 싶은 공간",2026-01-26T08:00:03Z,40.0,True,5605,51.0,0.0
4262,UCJvsx6Vr0n2VCwr07LBwF9A,일하다디자인,juSN0NTwkSQ,"하이엔드를 재정의하다, 공덕 래미안 45평 인테리어｜일하다디자인",2026-01-29T08:00:50Z,373.0,False,8678,172.0,32.0
4262,UCJvsx6Vr0n2VCwr07LBwF9A,일하다디자인,SsV-pB31njI,"복층 구조 속 유기적인 흐름, 판교 TH212 44평 신축 인테리어",2026-02-05T08:00:30Z,401.0,False,4142,61.0,3.0
4262,UCJvsx6Vr0n2VCwr07LBwF9A,일하다디자인,QYbpbICqI3w,유기적인 흐름 속 깊은 밀도를 잡은 집,2026-02-06T08:00:36Z,44.0,True,2170,15.0,0.0
4262,UCJvsx6Vr0n2VCwr07LBwF9A,일하다디자인,Z1t9b_vlEgY,#인테리어 #interiordesign,2026-02-10T08:00:41Z,19.0,True,2657,17.0,0.0
4262,UCJvsx6Vr0n2VCwr07LBwF9A,일하다디자인,nIFnOfZvAz8,마음이 차분해지는 집 인테리어,2026-02-11T08:01:01Z,24.0,True,4225,31.0,2.0
4262,UCJvsx6Vr0n2VCwr07LBwF9A,일하다디자인,Kmavx5W33xw,'척'의 의미 (feat. 흑백요리사2 최강록),2026-02-11T08:04:53Z,639.0,False,1706,25.0,5.0
4262,UCJvsx6Vr0n2VCwr07LBwF9A,일하다디자인,GV-rbEgdO8I,"구축 아파트를 재해석 해 가족의 시간과 흐름을 담아낸 집, 압구정 인테리어 50평대｜일하다디자인",2026-02-26T09:31:50Z,339.0,False,3335,60.0,5.0
4262,UCJvsx6Vr0n2VCwr07LBwF9A,일하다디자인,evxFJIVIVMc,[모아보기] 2026 인테리어 트렌드 TOP 5🥇 요즘 가장 핫한 하이엔드 인테리어💎,2026-03-06T08:00:57Z,3783.0,False,3062,56.0,1.0
4262,UCJvsx6Vr0n2VCwr07LBwF9A,일하다디자인,37rpU84d18k,30평대를 50평처럼 쓰는 법 | 반포 원베일리 34평 인테리어 | 일하다디자인,2026-03-12T08:00:05Z,366.0,False,5235,70.0,8.0
4262,UCJvsx6Vr0n2VCwr07LBwF9A,일하다디자인,kVaztZoxZaM,요즘 조명의 압도적인 기능,2026-03-12T09:11:27Z,15.0,True,5828,31.0,0.0
4262,UCJvsx6Vr0n2VCwr07LBwF9A,일하다디자인,wHVaIp__56A,신축 아파트 멀쩡한 펜트리를 없앤 이유,2026-03-13T08:01:04Z,43.0,True,3061,19.0,0.0
4262,UCJvsx6Vr0n2VCwr07LBwF9A,일하다디자인,DKM9xCHPrRY,MZ들이 쓰는 휴지걸이,2026-03-15T08:00:13Z,14.0,True,12871,34.0,4.0
4262,UCJvsx6Vr0n2VCwr07LBwF9A,일하다디자인,-WQetZ43_iI,멀쩡한 방을 없애고 거실을 넓히는 이유,2026-03-16T08:00:00Z,26.0,True,2668,10.0,0.0
4262,UCJvsx6Vr0n2VCwr07LBwF9A,일하다디자인,-2hUDI8y6vY,프라이빗한 화장실을 원하는 분들 주목!,2026-03-17T08:00:00Z,25.0,True,2387,8.0,0.0
4262,UCJvsx6Vr0n2VCwr07LBwF9A,일하다디자인,kEPtrV7KSbk,주방이 더 넓어지는 조명의 디테일,2026-03-17T15:01:17Z,34.0,True,1489,14.0,0.0
4262,UCJvsx6Vr0n2VCwr07LBwF9A,일하다디자인,lWcEq6phOPU,"압도적인 뷰를 품은 집, 여의도 리버타워 78평 하이엔드 인테리어 | 일하다 디자인",2026-03-19T08:00:58Z,598.0,False,5392,93.0,10.0
4262,UCJvsx6Vr0n2VCwr07LBwF9A,일하다디자인,e3U9rsDZczk,하이엔드일수록 아카라 조명을 쓰는 이유,2026-03-20T08:00:50Z,34.0,True,2295,12.0,0.0
4262,UCJvsx6Vr0n2VCwr07LBwF9A,일하다디자인,mfD_33qCDpY,불을 꺼도 빛나는 집,2026-03-23T08:00:59Z,36.0,True,2221,19.0,2.0
4262,UCJvsx6Vr0n2VCwr07LBwF9A,일하다디자인,iTDTay91M_A,하이엔드 쇼룸을 집 안에 설치하면 생기는 일,2026-03-24T08:00:46Z,41.0,True,2402,23.0,0.0
4262,UCJvsx6Vr0n2VCwr07LBwF9A,일하다디자인,6-lgBATsIMw,가장 현대적인 생활 양식을 담아낸 집 | 용인 현대모닝사이드 60평대 하이엔드 인테리어 | 일하다 디자인,2026-03-26T08:00:10Z,355.0,False,4885,84.0,6.0
4262,UCJvsx6Vr0n2VCwr07LBwF9A,일하다디자인,TlS2uIePc3U,쓸모없는 방을 없애면 생기는 일,2026-03-27T08:00:33Z,21.0,True,3269,13.0,0.0
4262,UCJvsx6Vr0n2VCwr07LBwF9A,일하다디자인,gDc26idVOeo,"따뜻한 우드 앤 화이트 하우스, 용인 60평대 아파트 인테리어",2026-03-29T08:00:35Z,24.0,True,1719,16.0,0.0
4262,UCJvsx6Vr0n2VCwr07LBwF9A,일하다디자인,Jk-O1FYAbSE,주방 효율을 극대화하는 법,2026-03-30T08:00:10Z,23.0,True,2666,7.0,0.0
4262,UCJvsx6Vr0n2VCwr07LBwF9A,일하다디자인,uc_yUpCdmRQ,현관에 힘을 주면 생기는 일,2026-03-31T08:00:40Z,45.0,True,2125,17.0,0.0
4262,UCJvsx6Vr0n2VCwr07LBwF9A,일하다디자인,o_RNT21psww,"풍경과 생활의 리듬이 이어지는 집, 용인 대주피오레 54평 하이엔드 인테리어 | 일하다 디자인",2026-04-02T08:00:51Z,539.0,False,3149,54.0,12.0
4262,UCJvsx6Vr0n2VCwr07LBwF9A,일하다디자인,OFU8cipNDNQ,비움이 만들어낸 여백의 가치 | 김포 한강 한라비발디 45평 하이엔드 인테리어 | 일하다 디자인,2026-04-09T08:00:19Z,265.0,False,2339,45.0,9.0
4262,UCJvsx6Vr0n2VCwr07LBwF9A,일하다디자인,Qc3BS_Jl2SA,매일 고급 호텔에서 눈 뜨는 것 같아요ㅣ반포 리체 34평 하이엔드 인테리어 | 일하다 디자인,2026-04-16T08:00:34Z,317.0,False,4838,65.0,15.0
4262,UCJvsx6Vr0n2VCwr07LBwF9A,일하다디자인,gQwO2u4CVZg,답답했던 우리 집 호텔 느낌으로 바꿔버림,2026-04-20T08:00:43Z,19.0,True,23722,286.0,12.0
4262,UCJvsx6Vr0n2VCwr07LBwF9A,일하다디자인,9FYZ3rqqiKA,주방 인테리어 하나 바꿨을 뿐인데!,2026-04-21T08:00:15Z,7.0,True,6051,17.0,8.0
4262,UCJvsx6Vr0n2VCwr07LBwF9A,일하다디자인,zfvoKMdfy7Y,"""다함께 살고 싶었어요"" 공간을 2배로 활용한, 50평 대치동 아파트 하이엔드 인테리어ㅣ일하다디자인",2026-04-23T08:00:58Z,364.0,False,4023,69.0,2.0
4262,UCJvsx6Vr0n2VCwr07LBwF9A,일하다디자인,Y8tAH4mREuw,후회없는 인테리어 꿀팁 BEST 3 ‼️,2026-04-24T08:00:39Z,35.0,True,21136,194.0,1.0
4262,UCJvsx6Vr0n2VCwr07LBwF9A,일하다디자인,fy0kyv50oI8,가족끼리도 적절한 거리감이 필요해요,2026-04-27T08:00:44Z,18.0,True,16064,101.0,4.0
4262,UCJvsx6Vr0n2VCwr07LBwF9A,일하다디자인,27jOwU2ug4Y,이렇게 바뀔 줄 몰랐죠? 벽을 허물고 얻은 30평대 역대급 주방 레이아웃ㅣ일하다디자인,2026-04-30T08:00:02Z,208.0,False,2154,48.0,6.0
4262,UCJvsx6Vr0n2VCwr07LBwF9A,일하다디자인,h1tBRR_1JG8,펫 도어가 필요한 이유🐶,2026-05-06T08:00:53Z,20.0,True,2735,12.0,1.0
4262,UCJvsx6Vr0n2VCwr07LBwF9A,일하다디자인,IHl_ynyqLWA,주방은 더 이상 요리하는 곳이 아닙니다🙅‍♂️ 세계적인 브랜드가 선보인 미래 주방의 모습 | 2026 밀라노 디자인 위크,2026-05-08T08:00:18Z,1153.0,False,14266,236.0,10.0
4262,UCJvsx6Vr0n2VCwr07LBwF9A,일하다디자인,LDF4BQXXKyM,이제 아파트에선 못 살 것 같아요 | 층간소음에 지친 가족의 선택 | 일만집 EP.01 | 일하다 디자인,2026-05-14T08:00:29Z,2036.0,False,2114,37.0,7.0
4263,UChdVrewKcV9b_PMmvscTdGg,천대표 Julius Chun,dSrsOjWvpnQ,진짜 퀀트가 돈 버는 방법!,2021-05-06T11:11:19Z,2096.0,False,57054,1423.0,120.0
4263,UChdVrewKcV9b_PMmvscTdGg,천대표 Julius Chun,tyHFGCkry8U,자본주의 커리어 테크 이야기 + 온갖 QnA,2021-05-07T14:28:18Z,7027.0,False,11070,290.0,4.0
4263,UChdVrewKcV9b_PMmvscTdGg,천대표 Julius Chun,i9s9k4-uHXc,진짜 퀀트 : 개인이 돈 벌기 유리한 이유,2021-05-12T09:00:27Z,1161.0,False,28615,868.0,86.0
4263,UChdVrewKcV9b_PMmvscTdGg,천대표 Julius Chun,LXyIfzsKa2c,자본주의 테크트리 네 가지 - 천영록 대표,2021-05-14T08:58:21Z,673.0,False,21202,659.0,37.0
4263,UChdVrewKcV9b_PMmvscTdGg,천대표 Julius Chun,6eqrm5mJqjo,"주식, 데이터로 투자하면 거의 치트키!",2021-06-15T09:45:49Z,1126.0,False,15725,471.0,49.0
4263,UChdVrewKcV9b_PMmvscTdGg,천대표 Julius Chun,IE7nhyuc9uY,"스페이스X, 모건 스탠리, 인텔,.. 커리어 끝판왕이 내린 결론은 결국 창업!",2021-06-24T06:56:07Z,834.0,False,18778,653.0,50.0
4263,UChdVrewKcV9b_PMmvscTdGg,천대표 Julius Chun,3OZTc2B8xBI,"주식, 데이터로 투자하면 거의 치트키! - [풀버전]",2021-06-25T04:24:09Z,3024.0,False,11879,355.0,35.0
4263,UChdVrewKcV9b_PMmvscTdGg,천대표 Julius Chun,knpoWwr3jjg,스페이스X 와 모건 스탠리에서 모두 일해본 결론은..! (초강추),2021-06-25T11:16:59Z,830.0,False,17105,804.0,99.0
4263,UChdVrewKcV9b_PMmvscTdGg,천대표 Julius Chun,CL9til-2Zn8,자동차 섹터 베스트 애널리스트가 보는 미국 산업은 어떨까?,2021-07-07T09:25:21Z,1230.0,False,9288,217.0,17.0
4263,UChdVrewKcV9b_PMmvscTdGg,천대표 Julius Chun,Gl887dHBdnY,"금융소비자법 이후 카카오와 네이버의 이슈 - 권순우 기자 1편  [투자, 재테크, 주식]",2021-09-29T09:00:06Z,1108.0,False,2508,99.0,13.0
4263,UChdVrewKcV9b_PMmvscTdGg,천대표 Julius Chun,WsUw0Zi7xhc,"카카오와 네이버의 금융혁신과 정부의 규제 - 권순우 기자 2편  [투자, 재테크, 주식]",2021-09-30T09:42:40Z,1054.0,False,3544,86.0,17.0
4263,UChdVrewKcV9b_PMmvscTdGg,천대표 Julius Chun,uhugDe8bNFs,"두물머리의 CDO 한태경 퀀트의 3분 투자 핵심!! ""데이터로 우량주를 찾아낼 수 있는 이유"" [투자, 재테크, 주식]",2021-10-15T08:28:38Z,181.0,False,6586,137.0,14.0
4263,UChdVrewKcV9b_PMmvscTdGg,천대표 Julius Chun,DkSAo_Z1UPE,두물머리 김명훈 P.O.의 2분 비즈니스 핵심! “실행 중심 스타트업을 위한 의사결정 비결” [한글자막 CC],2021-11-15T09:07:22Z,130.0,False,1391,48.0,5.0
4263,UChdVrewKcV9b_PMmvscTdGg,천대표 Julius Chun,MTSLHiqWB3g,"Meet “Tailor”, the Direct Indexing by Doomoolmori",2022-02-03T09:50:57Z,625.0,False,2288,41.0,8.0
4263,UChdVrewKcV9b_PMmvscTdGg,천대표 Julius Chun,PeJicffJKJY,"'투자에 관심 있는 개발자'가 두물머리를 주목하는 이유 [투자, 개발자, 채용]",2022-02-07T09:23:34Z,234.0,False,4033,80.0,4.0
4263,UChdVrewKcV9b_PMmvscTdGg,천대표 Julius Chun,pTR8Vrn9RuI,과학고 출신 영재가 대학원을 포기하고 핀테크 스타트업 '두물머리'에 온 이유,2022-03-02T05:37:18Z,884.0,False,6769,158.0,19.0
4263,UChdVrewKcV9b_PMmvscTdGg,천대표 Julius Chun,itmuMcAZkHk,"""데이터 없이 투자하는 건, 나침반 없이 망망대해를 나가는 것과 같다"" (모든 강의 공개!)",2022-03-21T05:43:36Z,90.0,False,3270,70.0,13.0
4263,UChdVrewKcV9b_PMmvscTdGg,천대표 Julius Chun,g2w8cn5uE8E,"천대표의 투자레터 - ""단기적인 시장의 변동성은 어쩌죠?""",2022-03-23T08:46:18Z,694.0,False,6612,229.0,26.0
4263,UChdVrewKcV9b_PMmvscTdGg,천대표 Julius Chun,juHk1I7-p9w,"천영록 대표가 읽어주는 [감으로 하는 투자, 데이터로 하는 투자]",2022-04-07T10:06:52Z,1511.0,False,8443,233.0,12.0
4263,UChdVrewKcV9b_PMmvscTdGg,천대표 Julius Chun,uGdOY5F6Fyk,올라떼 | 모두를 위한 데이터 기반 주식 투자 솔루션,2022-04-25T06:27:20Z,164.0,False,3360,70.0,7.0
4263,UChdVrewKcV9b_PMmvscTdGg,천대표 Julius Chun,3LFCjIryap8,"모두를 위한 데이터 기반 주식 투자 솔루션 올라떼 | 사용 방법 (스크리닝, 백테스팅)",2022-04-26T04:30:18Z,985.0,False,5370,108.0,16.0
4263,UChdVrewKcV9b_PMmvscTdGg,천대표 Julius Chun,bLde29BrPA0,"자본주의 200년, 그리고 미래 총정리 #다이렉트인덱싱",2022-07-08T09:04:11Z,653.0,False,16659,178.0,7.0
4263,UChdVrewKcV9b_PMmvscTdGg,천대표 Julius Chun,38NLvTDPwD4,나를 위한 맞춤형 ETF의 탄생 #다이렉트인덱싱,2022-07-08T09:30:22Z,269.0,False,3736,87.0,6.0
4263,UChdVrewKcV9b_PMmvscTdGg,천대표 Julius Chun,KefOy88qTBs,나만의 은행 산업 포트폴리오 만들기 #다이렉트인덱싱,2022-07-14T09:33:14Z,72.0,False,1159,26.0,1.0
4263,UChdVrewKcV9b_PMmvscTdGg,천대표 Julius Chun,tW7mPeQLIco,코스피보다 4배 높은 나만의 포트폴리오 만들기 #다이렉트인덱싱,2022-07-14T09:33:24Z,110.0,False,3061,39.0,2.0
4263,UChdVrewKcV9b_PMmvscTdGg,천대표 Julius Chun,msN7Ee9aUP8,"'안정성과 성장성', 두 마리 토끼 다 잡는 기술산업 투자전략 대공개! #다이렉트인덱싱",2022-08-02T08:18:52Z,106.0,False,1492,35.0,3.0
4263,UChdVrewKcV9b_PMmvscTdGg,천대표 Julius Chun,RL-2VYx_hHs,경기를 극복하는 나만의 '반도체 주식 포트폴리오' 만들기  #다이렉트인덱싱,2022-08-24T08:00:43Z,87.0,False,1918,35.0,3.0
4263,UChdVrewKcV9b_PMmvscTdGg,천대표 Julius Chun,3U-sK5FI-Ig,"수익률은 누리고, 위험은 낮춘 헬스케어 투자 포트폴리오 쉽게 만들기  #다이렉트인덱싱",2022-08-31T06:08:43Z,100.0,False,1604,31.0,5.0
4263,UChdVrewKcV9b_PMmvscTdGg,천대표 Julius Chun,VHNP9Gsn9eU,어쩐지 조용한 저녁... 9월 22일 목요일,2022-09-22T14:11:58Z,6488.0,False,6371,267.0,5.0
4263,UChdVrewKcV9b_PMmvscTdGg,천대표 Julius Chun,OCUOUdeEuJI,어쩐지 조용한 저녁... 9월 26일 월요일,2022-09-26T13:38:19Z,8682.0,False,7012,229.0,3.0
4263,UChdVrewKcV9b_PMmvscTdGg,천대표 Julius Chun,qcp_HO02TzE,어쩐지 조용한 저녁... 9월 29일,2022-09-29T15:16:19Z,10729.0,False,5755,209.0,3.0
4263,UChdVrewKcV9b_PMmvscTdGg,천대표 Julius Chun,SsymdqBSxgU,리스크를 짊어진다는 것에 대한 고찰,2022-10-06T14:09:36Z,6207.0,False,6512,242.0,15.0
4263,UChdVrewKcV9b_PMmvscTdGg,천대표 Julius Chun,J81-u_8uSzw,dollar index 와 장기투자...,2022-10-13T13:47:59Z,5110.0,False,3772,156.0,3.0
4263,UChdVrewKcV9b_PMmvscTdGg,천대표 Julius Chun,NZe4ZC5MN4k,20분 만에 투자 고수를 만들어드림,2022-10-19T11:13:53Z,1149.0,False,25584,822.0,77.0
4263,UChdVrewKcV9b_PMmvscTdGg,천대표 Julius Chun,wY2hxWnfRd0,개인 투자자에게 해주는 재무 조언들,2022-10-27T13:43:42Z,5318.0,False,4999,205.0,13.0
4263,UChdVrewKcV9b_PMmvscTdGg,천대표 Julius Chun,h0aWoOP9D0A,시장을 바라보기 피곤할 때...,2022-11-10T13:14:06Z,6638.0,False,3812,137.0,6.0
4263,UChdVrewKcV9b_PMmvscTdGg,천대표 Julius Chun,RTUqWKVStQw,데이터와 숫자를 따라 감정의 휘둘림 없이 투자하는 방법 #shorts,2023-02-01T08:37:30Z,21.0,True,1836,33.0,6.0
4263,UChdVrewKcV9b_PMmvscTdGg,천대표 Julius Chun,Jqd8Z3wKFp0,좋은 기업을 데이터가 한 번에 찾아준다면 #shorts,2023-02-02T08:27:48Z,19.0,True,1650,22.0,2.0
4263,UChdVrewKcV9b_PMmvscTdGg,천대표 Julius Chun,YOcyfiE6bLI,투자와 골프의 공통점 #shorts,2023-02-03T08:40:07Z,20.0,True,1872,31.0,1.0
4263,UChdVrewKcV9b_PMmvscTdGg,천대표 Julius Chun,0jTN4v5-VR8,밤에는 숙면을 취하세요 #shorts,2023-02-06T09:54:03Z,24.0,True,1589,28.0,1.0
4263,UChdVrewKcV9b_PMmvscTdGg,천대표 Julius Chun,FdNvNMbdcqM,ChatGPT에게 주식투자를 묻다. #shorts,2023-02-10T07:25:13Z,59.0,True,2195,37.0,3.0
4263,UChdVrewKcV9b_PMmvscTdGg,천대표 Julius Chun,gZJTqlwvHbI,"과학적인 투자, 최고 전문가를 모셨습니다",2023-02-10T08:00:39Z,2252.0,False,5100,135.0,36.0
4263,UChdVrewKcV9b_PMmvscTdGg,천대표 Julius Chun,bP5YO3frto0,"""지금이 부자가 될 기회인가?"" 주식투자자가 천영록 대표에게 물었습니다.",2023-02-22T08:15:38Z,1520.0,False,7886,187.0,18.0
4263,UChdVrewKcV9b_PMmvscTdGg,천대표 Julius Chun,gam-Tjj5MhY,알파의 방식 #shorts,2023-02-24T03:41:09Z,30.0,True,1730,16.0,1.0
4263,UChdVrewKcV9b_PMmvscTdGg,천대표 Julius Chun,o1ktGDOw4t0,그물을 펼치세요 #shorts,2023-02-28T09:03:26Z,25.0,True,6489,31.0,9.0
4263,UChdVrewKcV9b_PMmvscTdGg,천대표 Julius Chun,IHmZA3Wprsw,게임의 법칙 #shorts,2023-03-02T04:38:49Z,30.0,True,4362,31.0,2.0
4263,UChdVrewKcV9b_PMmvscTdGg,천대표 Julius Chun,lKadESDLHJg,"""2024, GPT로 돈 버는 법"" 초보자를 위한 온라인 강연 소개",2024-02-10T04:37:49Z,493.0,False,7947,255.0,22.0
4263,UChdVrewKcV9b_PMmvscTdGg,천대표 Julius Chun,5w3aHNQPDoU,사실 남 얘기가 뭐가 중요해... 내 계좌만 봐주는 AI 프로젝트,2024-03-24T13:37:03Z,652.0,False,4605,134.0,23.0
4263,UChdVrewKcV9b_PMmvscTdGg,천대표 Julius Chun,0Q0OhQ3oOoU,"무작정 따라하는 GPT의 기적,'사내 뉴스레터' 속성 특강!",2024-03-28T09:45:07Z,1132.0,False,4337,139.0,12.0
4263,UChdVrewKcV9b_PMmvscTdGg,천대표 Julius Chun,QiHbumhFdWE,뉴스레터 자동화로 돈 벌기,2024-07-12T09:12:49Z,1219.0,False,10898,213.0,25.0
4264,UCtZx90MuFHSQMDYyZ9rArOg,크리스쿠 CHRIS KOO,vvIeC1KPFq8,@펀치버니🐰바디 챌린지 10/10✔️ @DAYOUNG_official #DAYOUNG #BODYCHALLENGE #다영,2025-09-29T12:23:08Z,35.0,True,12575,264.0,7.0
4264,UCtZx90MuFHSQMDYyZ9rArOg,크리스쿠 CHRIS KOO,QDnk4LAxZHY,너무 이뻐 보여 내가 뭐를 입던지✨ #AOA #짧은치마 #MINISKIRT,2025-10-01T12:46:08Z,33.0,True,11597,276.0,15.0
4264,UCtZx90MuFHSQMDYyZ9rArOg,크리스쿠 CHRIS KOO,DKx9ZiE1V5Q,If you “come”🫦💦,2025-10-03T06:44:57Z,17.0,True,14728,224.0,11.0
4264,UCtZx90MuFHSQMDYyZ9rArOg,크리스쿠 CHRIS KOO,7NnZGvsOITM,Dance break👄 #sabrinacarpenter #tears,2025-10-06T11:47:07Z,20.0,True,11065,276.0,6.0
4264,UCtZx90MuFHSQMDYyZ9rArOg,크리스쿠 CHRIS KOO,ysPEsRv7uG8,걔 필요 없으니까 너 가져👌🏻 @TateMcRae,2025-10-10T12:10:36Z,24.0,True,6366,131.0,7.0
4264,UCtZx90MuFHSQMDYyZ9rArOg,크리스쿠 CHRIS KOO,ekjraITJNis,전 애인 옷을 접어서 돌려줘요? #Folded #Kehlani @kehlani,2025-10-29T12:38:15Z,15.0,True,6201,117.0,1.0
4264,UCtZx90MuFHSQMDYyZ9rArOg,크리스쿠 CHRIS KOO,Z7EcZfarLWk,우디 파스타 하나요🍝 #LE_SSERAFIM #EAT_IT_UP_SPAGHETTI @LESSERAFIM_official,2025-10-31T05:57:29Z,32.0,True,19801,422.0,5.0
4264,UCtZx90MuFHSQMDYyZ9rArOg,크리스쿠 CHRIS KOO,yAs7CFScp2k,슈퍼마켓 애티튜드🛒🛍️ #Saynow #Supermarket,2025-11-01T12:54:05Z,16.0,True,6930,134.0,5.0
4264,UCtZx90MuFHSQMDYyZ9rArOg,크리스쿠 CHRIS KOO,5A_e6m7U_F0,샤넬급 존재감 @Tylaofficial #Tyla #Chanel,2025-11-05T10:39:26Z,17.0,True,60338,1100.0,31.0
4264,UCtZx90MuFHSQMDYyZ9rArOg,크리스쿠 CHRIS KOO,h-yHeD1T-vY,잠깐이라서 더 설레는 거야❤️‍🩹 #Bloodline #ArianaGrande,2025-11-06T12:19:19Z,19.0,True,45109,1970.0,17.0
4264,UCtZx90MuFHSQMDYyZ9rArOg,크리스쿠 CHRIS KOO,Hghjn-TBq-k,스파게티 난리나🍝🦠 @LESSERAFIM_official @katseyeworld #LESSERAFIM #SPAGHETTI #KATSEYE #GNARLY,2025-11-08T13:23:48Z,39.0,True,17213,793.0,9.0
4264,UCtZx90MuFHSQMDYyZ9rArOg,크리스쿠 CHRIS KOO,IQAmRJQuFcM,EAT ZUCCHINI 🥒💕 @katseyeworld #KATSEYE #INTERNETGIRL,2025-11-26T10:01:03Z,32.0,True,39249,788.0,22.0
4264,UCtZx90MuFHSQMDYyZ9rArOg,크리스쿠 CHRIS KOO,wOOH59MwMJ8,@BABYMONSTER Just a little Psycho #babymonster #psycho #psycho_challenge,2025-11-28T08:53:10Z,35.0,True,5792,126.0,4.0
4264,UCtZx90MuFHSQMDYyZ9rArOg,크리스쿠 CHRIS KOO,yNemj1qO-Z0,@ILLIT_official 아직 귀여움..? #ILLIT #NOTCUTEANYMORE #NOT_CUTE_ANYMORE,2025-11-29T07:48:09Z,26.0,True,20478,321.0,16.0
4264,UCtZx90MuFHSQMDYyZ9rArOg,크리스쿠 CHRIS KOO,wjdv-suk4ak,Always thinking naughty🍒 #Blow #Shorts #Dancechallenge #Beyonce,2025-12-02T10:01:16Z,34.0,True,118593,871.0,23.0
4264,UCtZx90MuFHSQMDYyZ9rArOg,크리스쿠 CHRIS KOO,_rUY80ROgWM,Your loving is better than gold⭐️ @gwenstefani #Richgirl #Dancechallenge #Shorts #Gwenstefani,2025-12-03T13:43:46Z,14.0,True,5782,162.0,8.0
4264,UCtZx90MuFHSQMDYyZ9rArOg,크리스쿠 CHRIS KOO,r5quI31PRVI,영화 스파이는 매달 봐줘야함 #스파이 #Spy #SusanCooper #MelissaMccarthy #Comedy #Comedyshorts #comedymovies,2025-12-05T13:18:51Z,56.0,True,5289,72.0,4.0
4264,UCtZx90MuFHSQMDYyZ9rArOg,크리스쿠 CHRIS KOO,B9dTUh0HoJ0,"We will, we will rock you👊🏻 #shorts #dancechallenge #fyp",2025-12-08T14:17:43Z,20.0,True,6517,135.0,8.0
4264,UCtZx90MuFHSQMDYyZ9rArOg,크리스쿠 CHRIS KOO,dl7JSQMZ4BQ,속초 다녀왔당께 #shorts #쇼츠 #속초 #강원도,2025-12-16T04:26:40Z,139.0,False,7292,96.0,3.0
4264,UCtZx90MuFHSQMDYyZ9rArOg,크리스쿠 CHRIS KOO,9lBx9FS1dFw,자꾸 얼굴에다 들이대잖아..👀🍆 #shorts #fyp #comedyshorts #comedy #Bridesmaids,2025-12-16T05:33:08Z,39.0,True,4665,89.0,5.0
4264,UCtZx90MuFHSQMDYyZ9rArOg,크리스쿠 CHRIS KOO,YL-dSEZcSXs,7 days till Christmas🖤🎄,2025-12-18T12:48:00Z,32.0,True,8178,314.0,8.0
4264,UCtZx90MuFHSQMDYyZ9rArOg,크리스쿠 CHRIS KOO,RUigtR66G9A,크리스마스 소원을 말해봐🎄❣️🎅🏻 #shorts #jinglebellrock #merrychristmas #christmas,2025-12-22T14:15:45Z,20.0,True,8247,233.0,9.0
4264,UCtZx90MuFHSQMDYyZ9rArOg,크리스쿠 CHRIS KOO,CGj9lUrQgP8,연말이니까 가족한테 잘하자❣️,2025-12-23T14:29:02Z,59.0,True,5903,150.0,4.0
4264,UCtZx90MuFHSQMDYyZ9rArOg,크리스쿠 CHRIS KOO,YyH2nislOfI,우찬님 같이 추고 싶어요 @ALLDAY_PROJECT #ADP #ALLDAYPROJECT #WHEREYOUAT,2026-01-05T14:27:39Z,24.0,True,13626,196.0,5.0
4264,UCtZx90MuFHSQMDYyZ9rArOg,크리스쿠 CHRIS KOO,DOnTaEq05s8,인터넷 걸 @katseyeworld #INTERNETGIRL #KATSEYE,2026-01-07T09:51:12Z,24.0,True,12216,205.0,5.0
4264,UCtZx90MuFHSQMDYyZ9rArOg,크리스쿠 CHRIS KOO,UoIebzbKcy4,우리 소리 때문에 다 이사감,2026-01-30T09:32:57Z,24.0,True,7586,171.0,10.0
4264,UCtZx90MuFHSQMDYyZ9rArOg,크리스쿠 CHRIS KOO,akluCSbDve0,시스템 오류 났는데 끼는 정상 작동📡 #KiiiKiii #키키 #404_NewEra #404_뉴에라#KiiiKiii_404_NewEra,2026-02-04T11:02:07Z,26.0,True,8511,197.0,7.0
4264,UCtZx90MuFHSQMDYyZ9rArOg,크리스쿠 CHRIS KOO,tcmRgDTtSNM,How did I do? my PAPACITOS & MAMACITAS!🔥 @BadBunnyPR #Superbowl #SuperbowlHalftimeShow #BadBunny,2026-02-10T14:05:08Z,19.0,True,6387,156.0,9.0
4264,UCtZx90MuFHSQMDYyZ9rArOg,크리스쿠 CHRIS KOO,8eQ2dyNcS-w,조금만 더 뱅쳐줄게💥‼️ #BANGBANG #IVE #뱅뱅 #아이브 #IVE_BANGBANG,2026-02-18T11:47:55Z,29.0,True,10282,173.0,3.0
4264,UCtZx90MuFHSQMDYyZ9rArOg,크리스쿠 CHRIS KOO,rBQd6V0RNQs,우리 구독자분들 되게 뷰티풀하세요🩵💙🪻🦋🫐,2026-02-20T10:35:26Z,21.0,True,4621,102.0,3.0
4264,UCtZx90MuFHSQMDYyZ9rArOg,크리스쿠 CHRIS KOO,Za8tc5dmPBc,그래 남자는 커야지💪🏻,2026-02-24T08:06:58Z,16.0,True,7582,159.0,6.0
4264,UCtZx90MuFHSQMDYyZ9rArOg,크리스쿠 CHRIS KOO,-st6KQb1yU0,나 이뽀?🤏🏻,2026-02-25T10:08:59Z,13.0,True,8020,168.0,7.0
4264,UCtZx90MuFHSQMDYyZ9rArOg,크리스쿠 CHRIS KOO,hx3Nog7uPZo,이 노래 미쳤음🖤🩷 @BLACKPINK #BLACKPINK #MeAndMy,2026-03-04T12:51:56Z,34.0,True,7853,209.0,7.0
4264,UCtZx90MuFHSQMDYyZ9rArOg,크리스쿠 CHRIS KOO,oq2nRRIC3UE,달리 최고야 진짜🌹 #DALLY #HYOLYN,2026-03-16T15:29:53Z,34.0,True,3944,87.0,6.0
4264,UCtZx90MuFHSQMDYyZ9rArOg,크리스쿠 CHRIS KOO,y1Hs8IUblP0,LA English 101 #English #LA #LosAngeles,2026-03-26T21:02:08Z,48.0,True,3606,50.0,1.0
4264,UCtZx90MuFHSQMDYyZ9rArOg,크리스쿠 CHRIS KOO,-CHd-ZK7G8A,she gave up under too much pressure,2026-03-27T08:41:56Z,57.0,True,3533,75.0,2.0
4264,UCtZx90MuFHSQMDYyZ9rArOg,크리스쿠 CHRIS KOO,HbuERYBnDco,@katseyeworld PINKY UP🤙🏻🎀🧸#KATSEYE_PINKY_UP #KATSEYE #PINKYUP,2026-04-09T17:00:31Z,29.0,True,10142,267.0,12.0
4264,UCtZx90MuFHSQMDYyZ9rArOg,크리스쿠 CHRIS KOO,W-4GZRCNBdQ,Just a reminder: ✨we flawless✨,2026-04-13T16:04:02Z,51.0,True,2068,60.0,5.0
4264,UCtZx90MuFHSQMDYyZ9rArOg,크리스쿠 CHRIS KOO,3BvVbuUTYfM,이런 명곡을💖 #Rania #DrFeelGood,2026-04-15T11:33:11Z,48.0,True,4246,170.0,8.0
4264,UCtZx90MuFHSQMDYyZ9rArOg,크리스쿠 CHRIS KOO,9ZF7dB3n0YY,아 맞다 괜찮아요?,2026-04-17T06:15:34Z,16.0,True,8809,67.0,4.0
4264,UCtZx90MuFHSQMDYyZ9rArOg,크리스쿠 CHRIS KOO,FaCWNCjYKTk,PINKY 🆙💕✨🤙🏻 @katseyeworld #KATSEYE #PINKY_UP,2026-04-19T11:04:33Z,36.0,True,25042,764.0,14.0
4264,UCtZx90MuFHSQMDYyZ9rArOg,크리스쿠 CHRIS KOO,Y9-PnXT8Qls,새끼손가락🆙💖 @katseyeworld #KATSEYE #PINKY_UP,2026-04-20T06:05:14Z,15.0,True,32020,607.0,15.0
4264,UCtZx90MuFHSQMDYyZ9rArOg,크리스쿠 CHRIS KOO,5z5WFcUZffU,okay i love my legs🤏🏻,2026-04-21T03:28:31Z,22.0,True,1626,49.0,2.0
4264,UCtZx90MuFHSQMDYyZ9rArOg,크리스쿠 CHRIS KOO,nWY8KzLxyQE,네 표정으로 춤 춰요🔫 #빅뱅 #BigBang #BangBangBang #뱅뱅뱅,2026-04-21T10:06:11Z,39.0,True,2888,62.0,5.0
4264,UCtZx90MuFHSQMDYyZ9rArOg,크리스쿠 CHRIS KOO,a7Om9E0xfac,Best dance break ever🐱💖 @ThePussycatDolls,2026-04-23T13:15:58Z,32.0,True,1790,94.0,4.0
4264,UCtZx90MuFHSQMDYyZ9rArOg,크리스쿠 CHRIS KOO,O3ePwsSVXY4,아이코닉한 태엽인형 춤🔩🩶,2026-04-26T12:08:36Z,43.0,True,5068,58.0,3.0
4264,UCtZx90MuFHSQMDYyZ9rArOg,크리스쿠 CHRIS KOO,_gIBDsdvVRs,now watch me,2026-04-27T11:39:03Z,22.0,True,1371,50.0,5.0
4264,UCtZx90MuFHSQMDYyZ9rArOg,크리스쿠 CHRIS KOO,Ckg9H6pMSaU,뒤에 반전…🖤? @cortis_bighit,2026-05-01T12:45:35Z,24.0,True,15508,118.0,6.0
4264,UCtZx90MuFHSQMDYyZ9rArOg,크리스쿠 CHRIS KOO,TmgWDC7Qsuw,bad bunny meow,2026-05-02T08:44:08Z,22.0,True,1187,34.0,6.0
4264,UCtZx90MuFHSQMDYyZ9rArOg,크리스쿠 CHRIS KOO,GYZzb2g-pu0,내게 노크를 해줘✊🏻,2026-05-09T03:47:44Z,25.0,True,4346,50.0,5.0
4265,UC4ZOrJ0xNrUsVdX64M8atHQ,펀테나 라이프 FUNTENNA LIFE,dBr7wVUag4M,다 먹었나? 그럼 이제 전쟁을 시작하지 [#다다리빙],2021-07-17T04:04:08Z,31.0,True,52389,101.0,29.0
4265,UC4ZOrJ0xNrUsVdX64M8atHQ,펀테나 라이프 FUNTENNA LIFE,EUbXghiwYu4,절대로 붙일 수 없는 '회사'와 '힐링' 두 단어를 붙여보았다 [#다다리빙],2021-07-20T09:00:03Z,84.0,False,8587,102.0,9.0
4265,UC4ZOrJ0xNrUsVdX64M8atHQ,펀테나 라이프 FUNTENNA LIFE,HFgMxsgwaaQ,오직 다다픽 뉴비들을 위한 7월 특가! [#다다리빙],2021-07-21T03:00:14Z,14.0,True,4347,70.0,3.0
4265,UC4ZOrJ0xNrUsVdX64M8atHQ,펀테나 라이프 FUNTENNA LIFE,C-qYIgKDPEw,다다픽 회원분들! 정성을 다해 모시겠읍니다 [#다다리빙],2021-07-22T03:00:04Z,30.0,True,9950,112.0,4.0
4265,UC4ZOrJ0xNrUsVdX64M8atHQ,펀테나 라이프 FUNTENNA LIFE,kH3-wd1TINY,"지친 하루를 위로하는 음악, 발뮤다 더 스피커 [#다다리빙]",2021-07-23T09:00:18Z,51.0,True,8396,96.0,12.0
4265,UC4ZOrJ0xNrUsVdX64M8atHQ,펀테나 라이프 FUNTENNA LIFE,NOBnNRbb7w8,스마트한 조명 하나가 열 가전 안 부럽다! [#다다리빙],2021-07-24T09:00:09Z,192.0,False,172477,168.0,13.0
4265,UC4ZOrJ0xNrUsVdX64M8atHQ,펀테나 라이프 FUNTENNA LIFE,b0MUeVt91as,머리 자르러 왔다가 털털 다 털림😑 [#다다리빙],2021-07-27T09:00:30Z,59.0,True,12685,125.0,8.0
4265,UC4ZOrJ0xNrUsVdX64M8atHQ,펀테나 라이프 FUNTENNA LIFE,yulu7GKwllw,어떡하지 너? 딱 3강으로 홈캉스 즐기는 방법 다 알려준다 [#다다리빙],2021-07-30T08:00:32Z,190.0,False,2555,68.0,8.0
4265,UC4ZOrJ0xNrUsVdX64M8atHQ,펀테나 라이프 FUNTENNA LIFE,lymGxFRmO6I,어떡하지 너? 딱 3강으로 홈캉스 즐기는 방법 다 알려준다 [#다다리빙],2021-07-31T08:41:54Z,190.0,False,138799,241.0,15.0
4265,UC4ZOrJ0xNrUsVdX64M8atHQ,펀테나 라이프 FUNTENNA LIFE,b-l2UIyYA10,앗! 이 영상 언제 끝나는거지?? 다시 처음이잖아?! [#다다리빙],2021-08-06T09:00:30Z,67.0,False,12236,83.0,15.0
4265,UC4ZOrJ0xNrUsVdX64M8atHQ,펀테나 라이프 FUNTENNA LIFE,QezpyGXiphU,틈새에 낀 먼지 하나 참을 수 없어! [#다다리빙],2021-08-10T09:00:07Z,53.0,True,18618,208.0,23.0
4265,UC4ZOrJ0xNrUsVdX64M8atHQ,펀테나 라이프 FUNTENNA LIFE,8RDEfI9pkuQ,오늘부터 너 차단이야 ! 😷 [#다다리빙],2021-08-24T09:00:03Z,79.0,False,21577,0.0,0.0
4265,UC4ZOrJ0xNrUsVdX64M8atHQ,펀테나 라이프 FUNTENNA LIFE,KILvaCBKQlk,2021년 광고계를 흔들 무명감독 박성용 포트폴리오 [#다다리빙],2021-08-27T09:00:08Z,80.0,False,4594,98.0,8.0
4265,UC4ZOrJ0xNrUsVdX64M8atHQ,펀테나 라이프 FUNTENNA LIFE,cBjvKYqYpuc,네컷에 영혼을 담아...☆ 톡하니 그립톡까지! [#다다리빙],2021-09-28T09:00:12Z,57.0,True,9778,159.0,8.0
4265,UC4ZOrJ0xNrUsVdX64M8atHQ,펀테나 라이프 FUNTENNA LIFE,-O7LLYQDnUc,"이제 그만 버릴래! 완벽한 진공, 확실한 밀봉! [#다다리빙]",2021-10-06T09:00:00Z,36.0,True,13211,152.0,7.0
4265,UC4ZOrJ0xNrUsVdX64M8atHQ,펀테나 라이프 FUNTENNA LIFE,Sp4wP_SUTz8,"병원 갈 시간이 어디 있어? 비대면 진료는 역시, 솔닥!! [#다다리빙]",2021-10-07T09:00:08Z,100.0,False,119027,602.0,79.0
4265,UC4ZOrJ0xNrUsVdX64M8atHQ,펀테나 라이프 FUNTENNA LIFE,KWLuTapwjSg,실시간으로 이게 다 돼? 패키지 제작은 케이즈지! [#다다리빙],2021-10-14T09:00:08Z,86.0,False,461950,672.0,42.0
4265,UC4ZOrJ0xNrUsVdX64M8atHQ,펀테나 라이프 FUNTENNA LIFE,adH3c5ZBldA,불멍 시즌이 찾아왔다! 감성 충전 타임 [#다다리빙],2021-10-18T09:00:00Z,44.0,True,9108,225.0,15.0
4265,UC4ZOrJ0xNrUsVdX64M8atHQ,펀테나 라이프 FUNTENNA LIFE,vSaCMExHLLs,영혼 빼고 다 갈아버림! 필립스 파워 블렌더로 김장 준비 끝! [#다다리빙],2021-11-05T09:00:25Z,144.0,False,76822,57.0,9.0
4265,UC4ZOrJ0xNrUsVdX64M8atHQ,펀테나 라이프 FUNTENNA LIFE,2vplSRkQWwQ,평범한 캠핑이 특별해지는 순간! [#다다리빙],2021-11-09T09:00:01Z,44.0,True,8443,71.0,5.0
4265,UC4ZOrJ0xNrUsVdX64M8atHQ,펀테나 라이프 FUNTENNA LIFE,GqkXSViDS6Y,본격_취향저격_혜택_모음.zip [다다리빙 X 삼성카드],2021-11-12T09:00:08Z,141.0,False,168690,1019.0,120.0
4265,UC4ZOrJ0xNrUsVdX64M8atHQ,펀테나 라이프 FUNTENNA LIFE,g75UDXmXqBc,까다로운 가습기 고르기! 아직도 가습기 못 골랐다면? [#다다리빙],2021-11-18T09:00:16Z,60.0,True,70769,1024.0,67.0
4265,UC4ZOrJ0xNrUsVdX64M8atHQ,펀테나 라이프 FUNTENNA LIFE,1YevqEvQSMU,손주에게도 안 알려준 할머니만의 시크릿 인생템? [#다다리빙],2021-11-19T07:00:01Z,218.0,False,114169,128.0,12.0
4265,UC4ZOrJ0xNrUsVdX64M8atHQ,펀테나 라이프 FUNTENNA LIFE,XIB6frbR7Dw,힐링은 뭐다? 슬리밍케어로 머리부터 발끝까지! [#다다리빙],2021-11-22T09:00:12Z,51.0,True,52881,758.0,60.0
4265,UC4ZOrJ0xNrUsVdX64M8atHQ,펀테나 라이프 FUNTENNA LIFE,-O3ycs_Bf_c,흩어졌던 기기들을 한 곳에! 6in1 충전기로 당장 집합! [#다다리빙],2021-12-14T09:00:01Z,36.0,True,9557,180.0,10.0
4265,UC4ZOrJ0xNrUsVdX64M8atHQ,펀테나 라이프 FUNTENNA LIFE,K3jUK2XpBOI,캔들디퓨저의 향기와 감성으로 가득 채운 나만의 공간 [#다다리빙],2021-12-15T09:00:18Z,61.0,False,7851,106.0,7.0
4265,UC4ZOrJ0xNrUsVdX64M8atHQ,펀테나 라이프 FUNTENNA LIFE,0LyymizjKFQ,"온라인 처방이 필요할 땐, 비대면 진료는 솔닥이지! [#다다리빙]",2021-12-15T09:01:08Z,98.0,False,123287,377.0,95.0
4265,UC4ZOrJ0xNrUsVdX64M8atHQ,펀테나 라이프 FUNTENNA LIFE,EzxFul4leTU,셀프 인테리어 끝판왕은 역시 벨카지! [#다다리빙],2021-12-31T09:00:07Z,260.0,False,141949,330.0,23.0
4265,UC4ZOrJ0xNrUsVdX64M8atHQ,펀테나 라이프 FUNTENNA LIFE,Ju2n_SefRpE,[다다리빙 X 삼성카드] 모르면 킹받는 사업자 카드,2022-03-15T09:00:07Z,158.0,False,202010,186.0,17.0
4265,UC4ZOrJ0xNrUsVdX64M8atHQ,펀테나 라이프 FUNTENNA LIFE,n2HDjoqx0qI,쓰던 요금제 그대로 통신비 반값 [#다다리빙],2022-03-16T06:00:12Z,82.0,False,228552,260.0,20.0
4265,UC4ZOrJ0xNrUsVdX64M8atHQ,펀테나 라이프 FUNTENNA LIFE,Sz1Bc7geOmo,다이어리만 써도? 포인트가!!돈버는 육아경험 공유플랫폼 치코코 [#다다리빙],2022-04-18T09:00:12Z,139.0,False,201731,226.0,22.0
4265,UC4ZOrJ0xNrUsVdX64M8atHQ,펀테나 라이프 FUNTENNA LIFE,iMsneukB2T0,좋은 안마의자 고르는 방법? 그냥 오씸 사면 됨 [#다다리빙],2022-05-11T09:59:14Z,127.0,False,197884,324.0,35.0
4265,UC4ZOrJ0xNrUsVdX64M8atHQ,펀테나 라이프 FUNTENNA LIFE,h1fGd9TbdHo,택배 보냈는데 갈기갈기 찢어져 도착했다면? 택배박스는 박스포유! [#다다리빙],2022-05-17T09:00:30Z,152.0,False,217305,74.0,16.0
4265,UC4ZOrJ0xNrUsVdX64M8atHQ,펀테나 라이프 FUNTENNA LIFE,2PjDAZ6F3WA,동탄호수공원 꿀잼스팟 라크몽! [#다다리빙],2022-05-19T09:00:47Z,140.0,False,212125,36.0,3.0
4265,UC4ZOrJ0xNrUsVdX64M8atHQ,펀테나 라이프 FUNTENNA LIFE,5WTxt1vzjUE,혼자 탈모 관리 어떻게 해? 위드비컨해라! [#다다리빙],2022-05-20T09:00:02Z,107.0,False,232913,193.0,25.0
4265,UC4ZOrJ0xNrUsVdX64M8atHQ,펀테나 라이프 FUNTENNA LIFE,0aaWN7w5EV0,유튜버 필수템! 로지텍 스트림캠 [#다다리빙],2022-05-31T09:00:00Z,225.0,False,235967,61.0,4.0
4265,UC4ZOrJ0xNrUsVdX64M8atHQ,펀테나 라이프 FUNTENNA LIFE,ACdCc081Q1U,믿을 수 있는 명품공급이 필요하다면? 하이서플라이! [#다다리빙],2022-06-08T09:00:02Z,93.0,False,299102,96.0,8.0
4265,UC4ZOrJ0xNrUsVdX64M8atHQ,펀테나 라이프 FUNTENNA LIFE,BbQH7fCR43o,섬유속 세균은 물론 세탁조 곰팡이까지 제거! 다우니 살균파워 [#다다리빙],2022-06-17T09:00:36Z,146.0,False,297640,92.0,3.0
4265,UC4ZOrJ0xNrUsVdX64M8atHQ,펀테나 라이프 FUNTENNA LIFE,PK8VvB3HqB8,회사 때려치고 요식업 창업할 사람 주목! 황학동온라인 [#다다리빙],2022-07-05T09:00:17Z,103.0,False,264412,88.0,9.0
4265,UC4ZOrJ0xNrUsVdX64M8atHQ,펀테나 라이프 FUNTENNA LIFE,Odq12nS42oQ,보험다모아 정기보험 랭킹 1위! 하나생명 가족사랑정기보험 [#다다리빙],2022-07-13T09:00:11Z,154.0,False,284057,60.0,6.0
4265,UC4ZOrJ0xNrUsVdX64M8atHQ,펀테나 라이프 FUNTENNA LIFE,L2VbS5QKTBs,모기 때문에 킹받을 땐 홈키파 홈매트 제로를 쓰윽~ [#다다리빙],2022-07-21T08:00:07Z,178.0,False,264041,54.0,9.0
4265,UC4ZOrJ0xNrUsVdX64M8atHQ,펀테나 라이프 FUNTENNA LIFE,T-U1P8mQHtc,완전 설레는 블라인드 친구 찾기 블러리 [#다다리빙],2022-07-27T09:00:19Z,137.0,False,212805,122.0,9.0
4265,UC4ZOrJ0xNrUsVdX64M8atHQ,펀테나 라이프 FUNTENNA LIFE,JHrYkSIXci8,중개수수료 없는 진짜 부동산 직거래 집판다 [#다다리빙],2022-07-28T09:00:13Z,108.0,False,420974,110.0,14.0
4265,UC4ZOrJ0xNrUsVdX64M8atHQ,펀테나 라이프 FUNTENNA LIFE,0MbNYVfDCL0,"배송비, 수수료, 사기걱정 없이 쿨하게, 중고나라 [#다다리빙]",2022-07-29T09:00:00Z,93.0,False,234524,184.0,20.0
4265,UC4ZOrJ0xNrUsVdX64M8atHQ,펀테나 라이프 FUNTENNA LIFE,oj5X1o_RHXU,집 팔때도 역시 부동산 직거래 집판다 2편 [#다다리빙],2022-09-19T21:00:32Z,140.0,False,171790,96.0,10.0
4265,UC4ZOrJ0xNrUsVdX64M8atHQ,펀테나 라이프 FUNTENNA LIFE,W2vKHcXhbuE,믿음과 신뢰 현대홈쇼핑의 보험토탈케어 플랜H [#다다리빙],2022-11-23T09:27:30Z,150.0,False,155947,55.0,6.0
4265,UC4ZOrJ0xNrUsVdX64M8atHQ,펀테나 라이프 FUNTENNA LIFE,rcS_DtrRx14,건물?아파트?원룸? 부동산 거래 다 직거래로! 집판다 [#다다리빙],2022-11-23T21:00:33Z,268.0,False,138887,30.0,6.0
4265,UC4ZOrJ0xNrUsVdX64M8atHQ,펀테나 라이프 FUNTENNA LIFE,qYddvECp1Mk,"추억온다, 다다문안다다씀 #꿀템 #추천",2024-04-01T08:00:33Z,42.0,True,1795,36.0,3.0
4265,UC4ZOrJ0xNrUsVdX64M8atHQ,펀테나 라이프 FUNTENNA LIFE,X-6kn3hVFWI,"찰스가 선업튀 막방 현장에 떴다?!  | 쏟아지는 LIVE 경품 🎁 선재 지샥 손목시계,  OST앨범 | 미공개 음원이 포함된 선업튀 OST 앨범 LIVE",2024-05-28T09:55:02Z,2676.0,False,31212,691.0,56.0
4265,UC4ZOrJ0xNrUsVdX64M8atHQ,펀테나 라이프 FUNTENNA LIFE,BTHnmRpsr2M,선업튀 막방날 찰스엔터가 그들을 만나고 왔다!  | 선재 업고 튀어 | 찰스엔터 | 선업튀 OST 앨범,2024-05-29T07:46:48Z,1546.0,False,18589,304.0,34.0
4266,UCWLdJ-g9j-ZUwlnR7fU1yCQ,강스라이팅,WH-bvprcKuA,"🚨 ""K푸드 위기, ‘MADE IN P.R.C’의 진실"" [사령부🚩]",2025-03-25T02:51:07Z,99.0,False,559,9.0,2.0
4266,UCWLdJ-g9j-ZUwlnR7fU1yCQ,강스라이팅,RFS4Q8IEMcg,"[강스라이팅] 밴스 그린란드 방문 / 기밀 유출, 미-유럽 관계에 불똥 / 러-우 흑해 휴전 합의 러시아 제재 해제 신호탄 / 이재명 운명의 날 3월 26일 (수)",2025-03-25T22:58:34Z,3860.0,False,1007,151.0,0.0
4266,UCWLdJ-g9j-ZUwlnR7fU1yCQ,강스라이팅,fhJ9wRr1irg,"단독해설, “미국이 그린란드를 노린다? 유럽이 들끓는 이유” [사령부🚩]",2025-03-26T01:38:35Z,140.0,False,540,15.0,3.0
4266,UCWLdJ-g9j-ZUwlnR7fU1yCQ,강스라이팅,KLNPa1dJcSM,[강스브리핑] 이재명 운명의 날 탄탄대로냐 가시밭길이냐 3월 26일 (수),2025-03-26T18:56:22Z,6381.0,False,839,73.0,1.0
4266,UCWLdJ-g9j-ZUwlnR7fU1yCQ,강스라이팅,i36VdYL6c-M,"[강스라이팅] 美 자동차 관세 발표 / ""주한미군 대만 투입"" 언급 / 팔레스타인도 지쳐···反하마스 거짓말이 의견표명이라니! 3월 27일 (목)",2025-03-26T23:10:18Z,4751.0,False,1075,152.0,1.0
4266,UCWLdJ-g9j-ZUwlnR7fU1yCQ,강스라이팅,w2lO-kbC1_k,"뉴스해설, “한국은 동의해야 합니까?” 美 대만 전쟁 시 주한미군 투입 검토",2025-03-27T02:54:11Z,236.0,False,777,18.0,13.0
4266,UCWLdJ-g9j-ZUwlnR7fU1yCQ,강스라이팅,pyp-WTPaFeA,"[강스브리핑] 산불 확산 여전한데...비는 '찔끔' / ""이재명 2심, 조각내서 사실과 괴리"" / 30조원 투자해도 관세 때려맞나 3월 27일 (목)",2025-03-27T17:53:53Z,4240.0,False,413,53.0,3.0
4266,UCWLdJ-g9j-ZUwlnR7fU1yCQ,강스라이팅,qEDE4CJiZ_c,[강스라이팅] 트럼프 UN대사 지명 철회 / 푸틴도 그린란드에 눈독 / 산불에도 딴소리하는 여야 / 명품몰도 미정산 사태 3월 28일 (금),2025-03-27T23:12:16Z,4130.0,False,1005,141.0,0.0
4266,UCWLdJ-g9j-ZUwlnR7fU1yCQ,강스라이팅,WMfe11BN3OQ,"[강스브리핑] 산불 드디어 꺼질 조짐 / 민주당, 벌써부터 집권 준비 / 높아진 탄핵 기각 기대감 3월 28일 (금)",2025-03-28T19:38:29Z,8080.0,False,489,58.0,4.0
4266,UCWLdJ-g9j-ZUwlnR7fU1yCQ,강스라이팅,U_f3t9n-IeE,"[강스라이팅]美 중국만 상대 북한·러시아는 동맹이 알아서 / 美, 러 석유 25% 관세 관세면 전쟁도 끝낼 수 있다? / 야당 ""장관 전부 탄핵"" vs 여당 ""그 말이야말로 내란""",2025-03-30T22:59:40Z,3800.0,False,1193,150.0,7.0
4266,UCWLdJ-g9j-ZUwlnR7fU1yCQ,강스라이팅,I7TkhXL3AMc,"[강스브리핑] 한덕수, 탄핵 당하기 전에 후임 헌법재판관부터 임명? / 공매도 재개했더니...아니나 다를까 '하락' 3월 31일 (월)",2025-03-31T18:39:31Z,5385.0,False,469,44.0,0.0
4266,UCWLdJ-g9j-ZUwlnR7fU1yCQ,강스라이팅,IrSiAOZ5czE,"[강스라이팅] 상호관세 D-1 / 고무줄 헌법재판관 임기 / 프랑스 정치지형 급변 / 김수현 기자회견 ""나는 겁쟁이"" 4월 1일 (화)",2025-03-31T22:51:11Z,3446.0,False,1005,146.0,6.0
4266,UCWLdJ-g9j-ZUwlnR7fU1yCQ,강스라이팅,mGRqJATSIL8,"[강스라이팅] 윤대통령 선고날짜 잡혔다 이견조정했나, 그대로 발표하나 / 관세의 날이 밝았다 / 미국이 물었다 ""미중 충돌 때 한국 기여는?"" 4월 2일 (수)",2025-04-01T23:00:13Z,3950.0,False,1194,152.0,1.0
4266,UCWLdJ-g9j-ZUwlnR7fU1yCQ,강스라이팅,2JCTrgLLx00,"[강스브리핑] 헌법재판소 앞 긴장 / 고조트럼프 관세 폭탄 D-1 / 머스크 패배, 트럼프 타격 4월 2일 (수)",2025-04-02T18:05:41Z,3583.0,False,515,58.0,1.0
4266,UCWLdJ-g9j-ZUwlnR7fU1yCQ,강스라이팅,aLfYb-0UtUA,[강스라이팅] 트럼프 관세전쟁 쏘아올렸다 / 사면초가 머스크 조기퇴진설 / 푸틴 16만 징집···멀어지는 휴전 / 여야 모두 텃밭 상실···이게 민심 4월 3일 (목),2025-04-02T23:12:38Z,4141.0,False,1146,142.0,2.0
4266,UCWLdJ-g9j-ZUwlnR7fU1yCQ,강스라이팅,djkWLstnkIA,"[강스브리핑] 트럼프, 세계화의 문을 닫나 / 한국경제 백척간두 / 탄핵 결과 ""수용 안해"" 44% 4월 3일 (목)",2025-04-03T18:22:37Z,3840.0,False,420,43.0,1.0
4266,UCWLdJ-g9j-ZUwlnR7fU1yCQ,강스라이팅,UOcsUIv8q-g,"[강스라이팅] 트럼프 관세에 뉴욕증시 폭락 / 관세로 300만원 넘는 핸드폰 / 분열 마침표냐, 갈등 폭발이냐 4월 4일 (금)",2025-04-03T22:52:52Z,3926.0,False,1079,140.0,0.0
4266,UCWLdJ-g9j-ZUwlnR7fU1yCQ,강스라이팅,Slt1LqAQRSU,[강스라이팅] 탄핵 인용...윤대통령 파면/ 조기 대선...이재명 대항마는? 4월 4일 (금),2025-04-04T18:26:03Z,3911.0,False,1034,82.0,1.0
4266,UCWLdJ-g9j-ZUwlnR7fU1yCQ,강스라이팅,NuWTTdeEEPQ,[강스라이팅] 트럼프가 부른 反트럼프 시위 9.11보다 관세 충격이 셌다 / '이재명이냐 아니냐' 보수의 선택이 미래 결정한다 4월 7일 (월),2025-04-06T23:03:07Z,3995.0,False,1206,154.0,7.0
4266,UCWLdJ-g9j-ZUwlnR7fU1yCQ,강스라이팅,BSht0pb_ptQ,[강스라이팅] 6월 3일 조기대선 / 이재명 개헌 거부 / 트럼프발 금융 충격,2025-04-07T05:24:05Z,551.0,False,126,14.0,0.0
4266,UCWLdJ-g9j-ZUwlnR7fU1yCQ,강스라이팅,JKbOqZ_4n3M,[강스라이팅] 6월 3일 조기대선 / 이재명 개헌 거부 / 트럼프발 금융 충격,2025-04-07T18:44:08Z,3935.0,False,364,36.0,0.0
4266,UCWLdJ-g9j-ZUwlnR7fU1yCQ,강스라이팅,Qh-9LXV_kWk,"[강스라이팅] 중국에 100% 관세 때리나 유럽은 꼬리 내렸다 / 관세 꼬인 트럼프 이란으로 돌파 / 이재명 개헌 변수 지웠다 / 검찰, 김건희 소환 예고 4월 8일 (화)",2025-04-07T23:31:28Z,2670.0,False,1129,125.0,3.0
4266,UCWLdJ-g9j-ZUwlnR7fU1yCQ,강스라이팅,ZZbyEkDilTQ,"[강스브리핑] 한덕수, 헌법재판관 지명 / 안철수 오늘, 김문수 내일, 한동훈 모레 출마 선언 이재명을 꺾을 후보는? 4월 8일 (화)",2025-04-08T18:05:09Z,3615.0,False,590,55.0,2.0
4266,UCWLdJ-g9j-ZUwlnR7fU1yCQ,강스라이팅,_-fs9XjdPdg,"[강스라이팅] 관세 폭주에 美 주가 또 폭락 머스크 ""벽돌보다 멍청해"" / 한덕수-트럼프 통화 대통령이 할 일 했다 4월 9일 (수) @tusikyung",2025-04-08T23:01:24Z,4340.0,False,1041,140.0,5.0
4266,UCWLdJ-g9j-ZUwlnR7fU1yCQ,강스라이팅,s_-Ba0qrNcw,"[강스라이팅] 트럼프, 관세 90일 유예 중국엔 더 올려 125% 관세 / 중국 6세대 전투기 개발? 무역전쟁이 또 전쟁으로? / 한덕수 또 태풍의 눈 됐다 @tusikyung​",2025-04-09T23:00:47Z,3941.0,False,1149,133.0,1.0
4266,UCWLdJ-g9j-ZUwlnR7fU1yCQ,강스라이팅,Zt16_pnAj90,"[강스브리핑] 트럼프 말 한마디에 증시 폭등 / 이재명 오전, 한동훈 오후 '출마' 4월 10일 (목)",2025-04-10T18:32:23Z,4666.0,False,381,38.0,0.0
4266,UCWLdJ-g9j-ZUwlnR7fU1yCQ,강스라이팅,SsuDX_m8SQs,"[강스라이팅] 미국 주가 또 곤두박질 / '트럼프 마음대로' 의 좋은점 / 중국 1,700 vs 미국 5 / 커지는 한덕수 변수 4월 11일 (금)",2025-04-10T22:52:23Z,3846.0,False,1021,119.0,1.0
4266,UCWLdJ-g9j-ZUwlnR7fU1yCQ,강스라이팅,BYC8U2pqGys,[강스브리핑] 첫 포함 한덕수 지지율 2%의 의미 / 이재명 지지층 재결집 신호 4월 11일 (금),2025-04-11T18:10:18Z,3365.0,False,587,50.0,3.0
4266,UCWLdJ-g9j-ZUwlnR7fU1yCQ,강스라이팅,Giz452f0Sr8,"[강스라이팅] 아이폰에 발목잡힌 트럼프 / 한덕수에 밀린 오세훈 · 유승민 / 러시아, 쿠르스크 되찾고 종전? 4월 14일 (월)",2025-04-14T11:58:57Z,7520.0,False,1462,76.0,0.0
4266,UCWLdJ-g9j-ZUwlnR7fU1yCQ,강스라이팅,d72St8TxMYM,"[✨투시경] 중국의 반격 본격화하는데 ""미국서 만드려면 시간 필요"" / 머스크 보란 듯이 베조스는 여성들만의 우주여행 / 反이재명 빅텐트 뜨나 4월 15일 (화)",2025-04-15T11:15:59Z,6476.0,False,775,67.0,1.0
4266,UCWLdJ-g9j-ZUwlnR7fU1yCQ,강스라이팅,8g94HoTqBc0,"속타는 트럼프 기다리는데 전화 안 하는 시진핑 / 어대명 vs 反明빅텐트 / 삼성, 중국 전략 변경 B2C → B2C 4월 16일 (수)",2025-04-16T12:06:58Z,7760.0,False,537,34.0,1.0
4266,UCWLdJ-g9j-ZUwlnR7fU1yCQ,강스라이팅,_Tz5Gh8w198,[강스라이팅] 파월 스태그플레이션 경고 / 트랜스젠더는 여성 아니다? / 출마 포기 오세훈의 삼시세끼 4월 17일 (목),2025-04-17T12:28:54Z,10026.0,False,361,22.0,0.0
4266,UCWLdJ-g9j-ZUwlnR7fU1yCQ,강스라이팅,sjMLB4HyMfU,"[✨투시경 ] 트럼프, 파월 축출 나섰다 / 중국, 후티의 미국 공격 지원? / 일자리 빼앗는 AI /  이재명, 대선 이슈 선점 4월 18일 (금)",2025-04-18T11:14:32Z,4436.0,False,624,28.0,1.0
4266,UCWLdJ-g9j-ZUwlnR7fU1yCQ,강스라이팅,QBvglm62Ses,"[강스라이팅] 트럼프 ""협상말고 시진핑 데려와"" / 일론 머스크 권력에서 멀어지나 / 말뿐인 휴전···푸틴의 착한척 / 어대명 경선 vs 네거티브 공방 4월 21일 (월)",2025-04-21T10:57:35Z,5135.0,False,1187,29.0,1.0
4266,UCWLdJ-g9j-ZUwlnR7fU1yCQ,강스라이팅,cD3rwMlRjrE,"[강스라이팅] ""모두가 나경원이라 했지만… 안철수가 웃었다""",2025-04-23T00:39:38Z,642.0,False,200,13.0,1.0
4266,UCWLdJ-g9j-ZUwlnR7fU1yCQ,강스라이팅,7xdQeTRAA2o,"“이재명, 대선 전에 끝장난다? 대법원 ‘속전속결’에 민주당 패닉”",2025-04-24T04:40:13Z,685.0,False,2931,61.0,15.0
4266,UCWLdJ-g9j-ZUwlnR7fU1yCQ,강스라이팅,t1fTR0OK0xE,"""‘개헌은 권력 줄서기의 결과’…윤희숙 작심비판 터졌다""",2025-04-25T01:14:24Z,1201.0,False,291,24.0,3.0
4266,UCWLdJ-g9j-ZUwlnR7fU1yCQ,강스라이팅,Icqg1q3BbTg,이재명 DJ보다 몰표받고 후보,2025-04-28T04:10:56Z,571.0,False,309,4.0,4.0
4266,UCWLdJ-g9j-ZUwlnR7fU1yCQ,강스라이팅,fkcZay4q4wM,"""이재명, 기재부·검찰까지 겨눈다? 중도 확장 전략 분석""",2025-04-29T05:08:26Z,556.0,False,396,17.0,1.0
4266,UCWLdJ-g9j-ZUwlnR7fU1yCQ,강스라이팅,8jr1VsOIjjU,"""김문수 vs 한동훈, 최종 결선 진출! 누가 국민의 선택을 받을까?""",2025-04-30T06:07:11Z,961.0,False,1504,46.0,36.0
4266,UCWLdJ-g9j-ZUwlnR7fU1yCQ,강스라이팅,I_asz3JWHro,“변화 시도하는 국민의힘…핵심은 김문수·김용태”,2025-05-12T01:30:51Z,508.0,False,1476,18.0,14.0
4266,UCWLdJ-g9j-ZUwlnR7fU1yCQ,강스라이팅,sLPwptfnRkM,"뉴스해설, 이대로면 다 같이 침몰…지지율도 대화도 멈췄다 [강스라이팅]",2025-05-16T01:46:50Z,412.0,False,1463,21.0,10.0
4266,UCWLdJ-g9j-ZUwlnR7fU1yCQ,강스라이팅,f5zVa0WabFU,"“토론 보고 한숨만…국민만 답답"" [강스라이팅]",2025-05-19T02:26:52Z,563.0,False,2156,14.0,18.0
4266,UCWLdJ-g9j-ZUwlnR7fU1yCQ,강스라이팅,JKEC0MLPLCY,"“단일화 무산 후폭풍… 야권, ‘이재명 대세론’ 붕괴 못 막나” [강스라이팅]",2025-05-20T02:13:42Z,255.0,False,1003,6.0,3.0
4266,UCWLdJ-g9j-ZUwlnR7fU1yCQ,강스라이팅,pPwWkljo8-o,빅텐트는 없다…보수는 어디로? [강스라이팅],2025-05-21T04:41:39Z,258.0,False,316,10.0,1.0
4266,UCWLdJ-g9j-ZUwlnR7fU1yCQ,강스라이팅,xrDyyjfvJeY,“탈당 후 첫 행보가 부정선거? 윤석열 전 대통령 논란 재점화” [강스라이팅],2025-05-22T05:44:56Z,684.0,False,785,9.0,11.0
4266,UCWLdJ-g9j-ZUwlnR7fU1yCQ,강스라이팅,dIFKWPd2Bbo,"""분장 벗고 본색으로…이재명 선거전략 해부"" [강스라이팅]",2025-05-23T02:10:23Z,364.0,False,2321,22.0,16.0
4266,UCWLdJ-g9j-ZUwlnR7fU1yCQ,강스라이팅,EkAlNW3xmaE,"""이재명의 진짜 속내? 정치보복과 내란세력 사이"" [강스라이팅]",2025-05-26T03:31:05Z,562.0,False,659,17.0,8.0
4266,UCWLdJ-g9j-ZUwlnR7fU1yCQ,강스라이팅,pUy01TWJvj4,"“야권 단일화, 더하면 더 안 되는 수학의 저주” [강스라이팅]",2025-05-27T02:41:27Z,223.0,False,719,6.0,0.0
4266,UCWLdJ-g9j-ZUwlnR7fU1yCQ,강스라이팅,_EC3nKrip74,"최악의 토론, 국민은 실망했다 [강스라이팅]",2025-05-28T04:57:04Z,393.0,False,553,8.0,2.0
4267,UCaDnUTvS2R_sYHkgx4idzaQ,Brad TV,rYHO3rtg7II,'아하레이 모트' 속죄제 규례에 숨겨진 예슈아의 십자가 - 이스라엘 포흐타르 목사의 토라포션,2026-04-22T04:49:39Z,2646.0,False,1529,94.0,2.0
4267,UCaDnUTvS2R_sYHkgx4idzaQ,Brad TV,572fmGYQ960,샤밧 메시지 - 이번 전쟁에 소망을 품어야 하는 이유 / 강대위 목사,2026-04-22T09:41:05Z,3325.0,False,2751,210.0,16.0
4267,UCaDnUTvS2R_sYHkgx4idzaQ,Brad TV,6pkqkx9bWC8,주님의 구원을 고백하는 브래드 워십 찬양 모음,2026-04-22T10:19:16Z,1561.0,False,221,6.0,0.0
4267,UCaDnUTvS2R_sYHkgx4idzaQ,Brad TV,YfB1Wt5YkgU,260423 이스라엘 투데이 예고,2026-04-23T04:15:00Z,17.0,True,736,35.0,0.0
4267,UCaDnUTvS2R_sYHkgx4idzaQ,Brad TV,re1O-y4NYFE,거룩한 것을 개에게 주지 않는 방법,2026-04-23T07:27:13Z,22.0,True,4845,121.0,10.0
4267,UCaDnUTvS2R_sYHkgx4idzaQ,Brad TV,gMIZBDch_nc,청년들이 국적을 숨기는 이유,2026-04-23T09:05:25Z,26.0,True,5528,202.0,16.0
4267,UCaDnUTvS2R_sYHkgx4idzaQ,Brad TV,6RyS7rCH2qg,❗️이스라엘 투데이❗️,2026-04-23T10:02:21Z,4406.0,False,6852,658.0,38.0
4267,UCaDnUTvS2R_sYHkgx4idzaQ,Brad TV,WU3hgtx508o,26년 4월 24일 브래드TV 금요 샤밧 예배 Live,2026-04-24T08:59:59Z,7355.0,False,1533,89.0,1.0
4267,UCaDnUTvS2R_sYHkgx4idzaQ,Brad TV,AD5Nz8M95MQ,이란이 협상에 응하지 않는 진짜 이유,2026-04-27T09:38:11Z,1682.0,False,6215,563.0,14.0
4267,UCaDnUTvS2R_sYHkgx4idzaQ,Brad TV,8JVZNOOAqgM,이란은 지금 네명의 군벌이 권력 다툼 중,2026-04-27T09:43:48Z,954.0,False,16095,703.0,27.0
4267,UCaDnUTvS2R_sYHkgx4idzaQ,Brad TV,aCNJWTD9kGU,인종 학살 중인데도 트럼프는 시리아를 냅두는 이유,2026-04-27T09:43:57Z,1436.0,False,2787,241.0,4.0
4267,UCaDnUTvS2R_sYHkgx4idzaQ,Brad TV,SzuVDmpRIUM,"지금은 마지막 때 - AI 시대, 성경은 이미 알고 있었다 (2)",2026-04-29T02:13:53Z,1817.0,False,2272,154.0,12.0
4267,UCaDnUTvS2R_sYHkgx4idzaQ,Brad TV,b_wLKbEFHzM,샤밧 메시지 - 아담은 왜 그날 죽지 않았는가? / 임은묵 목사,2026-04-29T05:42:46Z,3905.0,False,275,9.0,0.0
4267,UCaDnUTvS2R_sYHkgx4idzaQ,Brad TV,wksHhh2QgIs,주 예수 나의 산 소망,2026-04-29T05:42:57Z,805.0,False,297,14.0,0.0
4267,UCaDnUTvS2R_sYHkgx4idzaQ,Brad TV,0HkADRxXul4,"아랍 여성이 변하고 있다, 지금 나사렛에서 일어나는 일 - 브래드쇼 505회/살림 살라시, 나스린 살라시",2026-04-29T06:30:00Z,1742.0,False,2183,140.0,3.0
4267,UCaDnUTvS2R_sYHkgx4idzaQ,Brad TV,XLqugw1LB0U,메시아닉 유대인을 위한 기도 제목 - 부상당한 이스라엘 군인들의 극단적인 현재 상황과 기도 요청,2026-04-29T07:37:20Z,505.0,False,989,68.0,5.0
4267,UCaDnUTvS2R_sYHkgx4idzaQ,Brad TV,RxtC6NED7t8,'케도쉼' 이웃에게 실망했을 때 이 말씀을 기억하세요 - 이스라엘 포흐타르 목사의 토라포션,2026-04-29T08:10:28Z,2473.0,False,785,37.0,2.0
4267,UCaDnUTvS2R_sYHkgx4idzaQ,Brad TV,QxVKNqvOsL8,예수님의 공생애에 숨겨진 비밀,2026-04-30T01:19:01Z,67.0,False,348,17.0,2.0
4267,UCaDnUTvS2R_sYHkgx4idzaQ,Brad TV,o5srUEF9dns,260430 이스라엘 투데이 예고,2026-04-30T02:41:21Z,17.0,True,863,53.0,4.0
4267,UCaDnUTvS2R_sYHkgx4idzaQ,Brad TV,bvPSw2u_FQ0,아랍 남편의 반대가 무너지는 순간,2026-04-30T09:25:33Z,29.0,True,4541,118.0,2.0
4267,UCaDnUTvS2R_sYHkgx4idzaQ,Brad TV,SHiYoFeNkQE,❗️이스라엘 투데이❗️,2026-04-30T09:59:06Z,4114.0,False,14353,1278.0,30.0
4267,UCaDnUTvS2R_sYHkgx4idzaQ,Brad TV,Pp_A4CePGxo,"'에모르' 희생 제사와 절기, 율법에 숨겨진 보물을 찾아서 - 이스라엘 포흐타르 목사의 토라포션",2026-05-01T00:39:42Z,2221.0,False,1267,72.0,10.0
4267,UCaDnUTvS2R_sYHkgx4idzaQ,Brad TV,9K9jF2-lz_g,"이스라엘 국민 82%, 이란과의 전쟁 지지",2026-05-04T10:20:42Z,1970.0,False,3204,307.0,13.0
4267,UCaDnUTvS2R_sYHkgx4idzaQ,Brad TV,oCpZqD5RmZY,"파키스탄 이럴 줄 알았어, 결국 배신의 길로",2026-05-04T10:22:30Z,923.0,False,24844,931.0,30.0
4267,UCaDnUTvS2R_sYHkgx4idzaQ,Brad TV,RqjaL8LLR5A,"전쟁 이후, 중동 국가의 국경이 사라질 수도 있다",2026-05-04T10:27:01Z,1049.0,False,4286,335.0,7.0
4267,UCaDnUTvS2R_sYHkgx4idzaQ,Brad TV,kLgA6CsfLdI,지금은 마지막 때 - 지금 이스라엘에서 벌어지는 일… “떠날 준비 하라” (1),2026-05-06T00:15:00Z,1924.0,False,15781,752.0,20.0
4267,UCaDnUTvS2R_sYHkgx4idzaQ,Brad TV,6sHDo_DgyY8,🇰🇷대한민국과 🇮🇱이스라엘 관계 이대로 괜찮을까?,2026-05-06T05:51:46Z,58.0,True,3157,249.0,16.0
4267,UCaDnUTvS2R_sYHkgx4idzaQ,Brad TV,Z775SPjKEmY,'베하르' 안식년을 누릴 때 발견하는 재미난 일들 - 이스라엘 포흐타르 목사의 토라포션,2026-05-06T06:54:39Z,2427.0,False,664,54.0,3.0
4267,UCaDnUTvS2R_sYHkgx4idzaQ,Brad TV,ehMCTdB-CvI,‘베후코타이’ 하나님은 왜 성공보다 이것을 축복이라 하셨을까? - 이스라엘 포흐타르 목사의 토라포션,2026-05-06T07:18:47Z,2373.0,False,1259,69.0,5.0
4267,UCaDnUTvS2R_sYHkgx4idzaQ,Brad TV,BLvWE__Wkfo,무화과의 때가 아닌데… 왜 예수님은 저주하셨을까? 당시 유대 문화를 알고 보니 - 브래드쇼 506회/이원재 목사,2026-05-06T09:15:13Z,1810.0,False,26942,955.0,54.0
4267,UCaDnUTvS2R_sYHkgx4idzaQ,Brad TV,KiPaxge1LCo,260507 이스라엘 투데이 예고,2026-05-07T04:04:08Z,17.0,True,631,47.0,2.0
4267,UCaDnUTvS2R_sYHkgx4idzaQ,Brad TV,nNShZgR-bWM,"[5781 하누카 8일 연속 예배 day7-2] 세상의 빛과 구원자, 예수 그리스도! -이정 목사",2026-05-07T06:39:55Z,,False,0,0.0,0.0
4267,UCaDnUTvS2R_sYHkgx4idzaQ,Brad TV,2_T0swWPYNQ,SWI 포럼 및 One New Man 연합기도회,2026-05-07T07:57:31Z,18307.0,False,3127,175.0,5.0
4267,UCaDnUTvS2R_sYHkgx4idzaQ,Brad TV,achRNWXIYSM,❗️이스라엘 투데이❗️,2026-05-07T09:58:06Z,4159.0,False,7097,738.0,19.0
4267,UCaDnUTvS2R_sYHkgx4idzaQ,Brad TV,ApsKrFH87GQ,26년 5월 8일 브래드TV 금요 샤밧 예배 Live,2026-05-08T09:02:42Z,7287.0,False,1793,139.0,1.0
4267,UCaDnUTvS2R_sYHkgx4idzaQ,Brad TV,mUExczXKY08,베드로가 던진 그물의 재질?,2026-05-08T09:03:16Z,49.0,True,5738,136.0,3.0
4267,UCaDnUTvS2R_sYHkgx4idzaQ,Brad TV,-sKoISECrAU,"하마스 테러범의 얼굴완벽히 복원, 이제 너희는 죽었어",2026-05-11T10:08:41Z,1899.0,False,4790,537.0,5.0
4267,UCaDnUTvS2R_sYHkgx4idzaQ,Brad TV,xlYmCHxYW7E,"이란 전쟁 후,국제 질서는 재정렬 중",2026-05-11T10:10:48Z,1006.0,False,3909,320.0,6.0
4267,UCaDnUTvS2R_sYHkgx4idzaQ,Brad TV,_53jm545X94,"이스라엘에게 매우 중요한 나라, 스리랑카",2026-05-11T10:26:40Z,991.0,False,2592,210.0,2.0
4267,UCaDnUTvS2R_sYHkgx4idzaQ,Brad TV,5UbUlSmeBWw,지금은 마지막 때 - 지금 이스라엘에서 벌어지는 일… “떠날 준비 하라” (2),2026-05-13T00:15:21Z,2018.0,False,3575,293.0,9.0
4267,UCaDnUTvS2R_sYHkgx4idzaQ,Brad TV,nDPtShzqLtc,‘베미드바르’ 하나님은 왜 백성의 수를 세셨을까?  - 이스라엘 포흐타르 목사의 토라포션,2026-05-13T06:36:10Z,1827.0,False,1441,83.0,4.0
4267,UCaDnUTvS2R_sYHkgx4idzaQ,Brad TV,pcnT3q19_e0,새 예루살렘,2026-05-13T07:48:13Z,1361.0,False,251,19.0,0.0
4267,UCaDnUTvS2R_sYHkgx4idzaQ,Brad TV,wXqUI4YrW3w,"미사일 폭발 순간, 잠자던 아이가 건물 밖으로 튕겨 나갔다",2026-05-13T08:00:34Z,601.0,False,1490,84.0,1.0
4267,UCaDnUTvS2R_sYHkgx4idzaQ,Brad TV,Ty8ingi2mxY,한국은 이스라엘을 비난할 자격이 절대 없다 - 김종철 감독,2026-05-13T08:12:58Z,3844.0,False,5300,588.0,45.0
4267,UCaDnUTvS2R_sYHkgx4idzaQ,Brad TV,rpxFmuiNdWA,샤밧 메시지 - 예슈아의 마음으로 이스라엘과 함께 서다 / 가이 코헨 목사,2026-05-13T08:23:48Z,3371.0,False,420,40.0,4.0
4267,UCaDnUTvS2R_sYHkgx4idzaQ,Brad TV,hXzbFb3U6yY,미국 텍사스에 세워지는 ‘7만 평 하나님 나라 공동체’ - 브래드쇼 507회/신시아 히튼,2026-05-13T08:30:37Z,1739.0,False,4110,160.0,7.0
4267,UCaDnUTvS2R_sYHkgx4idzaQ,Brad TV,ibWmQWLlAhA,260514 이스라엘 투데이 예고,2026-05-14T05:49:51Z,19.0,True,347,18.0,0.0
4267,UCaDnUTvS2R_sYHkgx4idzaQ,Brad TV,OWYs21jydPY,❗️이스라엘 투데이❗️,2026-05-14T09:58:06Z,4981.0,False,3012,352.0,9.0
4267,UCaDnUTvS2R_sYHkgx4idzaQ,Brad TV,V8AogbPNu74,대한민국! 망하고 싶다면 이스라엘을 욕하라,2026-05-15T04:39:10Z,29.0,True,5884,381.0,24.0
4267,UCaDnUTvS2R_sYHkgx4idzaQ,Brad TV,xwyXU0N0RU8,26년 5월 15일 브래드TV 금요 샤밧 예배 Live,2026-05-15T09:17:32Z,8704.0,False,4244,323.0,15.0
4268,UCKq95HTgzClC2UD5i9Y-O4w,스광,lT4_f5gTaEo,"메이저 사관학교 키움, 다음은 누구일까?",2025-01-06T06:00:32Z,32.0,True,304226,4097.0,449.0
4268,UCKq95HTgzClC2UD5i9Y-O4w,스광,yaKmZYqC1mw,"구창모, 배제성이 군 복무로 욕먹는 이유",2025-01-06T11:01:14Z,41.0,True,186440,3382.0,281.0
4268,UCKq95HTgzClC2UD5i9Y-O4w,스광,KVfI4zO7rKY,하위순번 뽑히고 대박난 KBO 선수 TOP2,2025-01-07T05:30:06Z,49.0,True,471169,5561.0,137.0
4268,UCKq95HTgzClC2UD5i9Y-O4w,스광,VCBUzYGKpg8,"KBO 누적 홈런, 삼진 1위인 현역 선수",2025-01-07T10:00:27Z,49.0,True,114755,2653.0,102.0
4268,UCKq95HTgzClC2UD5i9Y-O4w,스광,9gEc3IcJZjg,KBO에 유일하게 남은 82년생 야구선수,2025-01-08T07:30:06Z,46.0,True,87370,2052.0,103.0
4268,UCKq95HTgzClC2UD5i9Y-O4w,스광,iGNb93eiHbo,FA 1년만 계약했던 KBO 선수 2명,2025-01-09T09:00:45Z,47.0,True,985505,8690.0,371.0
4268,UCKq95HTgzClC2UD5i9Y-O4w,스광,UTgJOTwl5LU,야구장 명칭으로 갑질하는 대전시 상황,2025-01-10T07:00:14Z,52.0,True,61519,1447.0,165.0
4268,UCKq95HTgzClC2UD5i9Y-O4w,스광,xmjD1Adg_XU,"류현진, 김광현이 말하는 NEXT 류윤김 리스트",2025-01-13T07:30:29Z,48.0,True,98187,1591.0,261.0
4268,UCKq95HTgzClC2UD5i9Y-O4w,스광,6SzNiuTrxc0,올해 SSG 랜더스가 기록한 최악의 기록,2025-01-13T11:30:06Z,41.0,True,38513,844.0,37.0
4268,UCKq95HTgzClC2UD5i9Y-O4w,스광,-zcwlm8gqr0,올해 가장 강력한 직구 던졌던 투수 TOP5,2025-01-14T04:30:00Z,36.0,True,100790,1521.0,85.0
4268,UCKq95HTgzClC2UD5i9Y-O4w,스광,Nzp3xdXnpXw,이대호가 말한 역대 최악의 돔구장,2025-01-14T10:00:18Z,43.0,True,75388,1902.0,63.0
4268,UCKq95HTgzClC2UD5i9Y-O4w,스광,OIZnBkHiJcA,올해 계약 마지막해라는 이승엽 감독 상황,2025-01-15T05:30:12Z,51.0,True,122244,1227.0,222.0
4268,UCKq95HTgzClC2UD5i9Y-O4w,스광,YDwXqfd5J20,몸무게 때문에 난리인 KBO 선수 2명,2025-01-16T03:00:24Z,53.0,True,1324091,13535.0,842.0
4268,UCKq95HTgzClC2UD5i9Y-O4w,스광,hgYCFayYCuc,아직까지 FA계약 못한 선수 2명,2025-01-17T03:00:34Z,53.0,True,105064,1702.0,71.0
4268,UCKq95HTgzClC2UD5i9Y-O4w,스광,h7alUGzIZV0,유력한 10위 후보 키움 히어로즈 선발진,2025-01-18T03:00:38Z,51.0,True,86204,1929.0,177.0
4268,UCKq95HTgzClC2UD5i9Y-O4w,스광,pnEBn-hhCME,올시즌 이후 못볼 수도 있는 KBO 감독 5명,2025-01-19T03:00:41Z,57.0,True,267740,2872.0,334.0
4268,UCKq95HTgzClC2UD5i9Y-O4w,스광,2BXXPnGaIp8,2025년부터 바뀐다는 ABS 스트라이크 존,2025-01-20T06:00:01Z,48.0,True,42701,596.0,30.0
4268,UCKq95HTgzClC2UD5i9Y-O4w,스광,r6VQkvyCxvI,스프링캠프 제외된 50억 FA선수,2025-01-21T07:00:33Z,47.0,True,267666,2687.0,168.0
4268,UCKq95HTgzClC2UD5i9Y-O4w,스광,S5OsvHTl_WM,4년 만에 연봉 1267% 상승한 KBO 선수,2025-01-22T06:30:11Z,45.0,True,224103,2842.0,145.0
4268,UCKq95HTgzClC2UD5i9Y-O4w,스광,pjmsGEQQbXk,KBO 팬들이 승부치기 주장하는 이유,2025-01-23T03:00:43Z,46.0,True,69341,1504.0,157.0
4268,UCKq95HTgzClC2UD5i9Y-O4w,스광,PxdQc_KgZ4U,독특한 타격폼 갖고 있던 선수 TOP2,2025-01-24T08:00:16Z,41.0,True,645369,4889.0,111.0
4268,UCKq95HTgzClC2UD5i9Y-O4w,스광,qlCBV9V2Clk,빠던으로 유명한 KBO 선수 TOP3,2025-01-25T03:00:51Z,41.0,True,840433,8879.0,241.0
4268,UCKq95HTgzClC2UD5i9Y-O4w,스광,G0Uie4N-KuU,연봉 인상률 400% 찍은 KBO 선수,2025-01-26T03:00:18Z,38.0,True,33592,863.0,32.0
4268,UCKq95HTgzClC2UD5i9Y-O4w,스광,7uf-OqzaQxk,외국인 투수 잘 뽑는걸로 유명한 KBO 구단,2025-01-27T03:00:11Z,45.0,True,243445,2968.0,214.0
4268,UCKq95HTgzClC2UD5i9Y-O4w,스광,SQbiiuzMm4A,데뷔한지 8년 됐는데 포지션 없는 KBO 선수,2025-01-28T03:00:26Z,41.0,True,1144775,12055.0,919.0
4268,UCKq95HTgzClC2UD5i9Y-O4w,스광,oqNX6G62xPA,ABS 하향 조정 걱정스럽다는 김현수,2025-01-31T05:45:02Z,43.0,True,50642,1146.0,92.0
4268,UCKq95HTgzClC2UD5i9Y-O4w,스광,P_nsKqb-NLg,KBO 선수들 월급 10개월만 받는 이유,2025-02-01T03:00:28Z,33.0,True,258699,4071.0,122.0
4268,UCKq95HTgzClC2UD5i9Y-O4w,스광,SPssnTXR92w,스프링캠프 불참한 KBO 선수 3명,2025-02-03T09:00:35Z,44.0,True,146633,2586.0,77.0
4268,UCKq95HTgzClC2UD5i9Y-O4w,스광,GdsgpKY4veY,입단 1년만에 육성선수 전환된 롯데 전미르,2025-02-04T07:00:09Z,44.0,True,924569,6045.0,279.0
4268,UCKq95HTgzClC2UD5i9Y-O4w,스광,762trXHlNGU,김경문이 말하는 한화 1번 타자,2025-02-05T06:00:04Z,34.0,True,103905,1596.0,213.0
4268,UCKq95HTgzClC2UD5i9Y-O4w,스광,3-VBgZUDxtI,올해 상무 지원한 KBO 유망주 TOP3,2025-02-06T07:00:02Z,50.0,True,58760,900.0,24.0
4268,UCKq95HTgzClC2UD5i9Y-O4w,스광,WeujgFBq_2U,제2의 오승환이라 불리는 KT의 마무리 투수,2025-02-10T07:00:17Z,46.0,True,61790,1326.0,88.0
4268,UCKq95HTgzClC2UD5i9Y-O4w,스광,4m_3LAM-xR0,해외 도박 사이트 올해 KBO 우승 배당,2025-02-11T04:00:04Z,37.0,True,182502,2540.0,303.0
4268,UCKq95HTgzClC2UD5i9Y-O4w,스광,yDMUHTVG0F4,이범호 감독이 말하는 기아 1번 타자,2025-02-12T03:00:51Z,41.0,True,93357,1769.0,112.0
4268,UCKq95HTgzClC2UD5i9Y-O4w,스광,ku5qLlDY0hk,KBO 중계 관심있다는 넷플릭스,2025-02-13T07:00:34Z,45.0,True,50670,1098.0,113.0
4268,UCKq95HTgzClC2UD5i9Y-O4w,스광,1W_suboLMTU,KBO 팬들이 올해 키움을 기대하는 이유,2025-02-14T06:30:00Z,37.0,True,287971,5113.0,429.0
4268,UCKq95HTgzClC2UD5i9Y-O4w,스광,RRT1NsNG8SQ,박해민 1번으로 쓰겠다는 염경엽 감독,2025-02-17T09:00:26Z,37.0,True,51590,1104.0,117.0
4268,UCKq95HTgzClC2UD5i9Y-O4w,스광,DthKffQ4fy4,시즌 개막 전 벌써 부상자만 4명인 삼성,2025-02-28T11:05:20Z,43.0,True,54516,1014.0,73.0
4268,UCKq95HTgzClC2UD5i9Y-O4w,스광,1UjKjLLrLuo,개막 전부터 주목받고 있는 한화 이글스 신인,2025-03-02T03:00:01Z,45.0,True,23051,404.0,19.0
4268,UCKq95HTgzClC2UD5i9Y-O4w,스광,0nbCIavAPpg,올해는 부상 없이 꼭 보여드리겠다는 선수,2025-03-04T09:00:01Z,58.0,True,35091,617.0,10.0
4268,UCKq95HTgzClC2UD5i9Y-O4w,스광,tzeL6PDN8bc,불펜 가능성이 제기돼 논란인 한화 문동주,2025-03-05T09:01:08Z,57.0,True,18301,336.0,27.0
4268,UCKq95HTgzClC2UD5i9Y-O4w,스광,GBRfdxfmms0,2025 KBO리그 연봉킹 김광현,2025-03-06T09:00:17Z,46.0,True,22567,413.0,27.0
4268,UCKq95HTgzClC2UD5i9Y-O4w,스광,K9Xa5631RJo,2028년부터 프로야구 관람 가능한 성남시,2025-03-07T09:00:22Z,44.0,True,46592,550.0,111.0
4268,UCKq95HTgzClC2UD5i9Y-O4w,스광,0CXJReDT5X8,NC 이호준 감독 올 시즌 실수하면 벌금 100만 원,2025-03-08T09:00:00Z,50.0,True,27301,545.0,18.0
4268,UCKq95HTgzClC2UD5i9Y-O4w,스광,SSo1NpHmGtk,테스형의 멕시코행 KBO 복귀를 위한 발판일까?,2025-03-09T09:00:34Z,44.0,True,30613,483.0,9.0
4268,UCKq95HTgzClC2UD5i9Y-O4w,스광,YtF52TlBnDI,전문가가 예측한 2025 KBO리그 5강,2025-03-10T09:00:41Z,51.0,True,95827,1352.0,222.0
4268,UCKq95HTgzClC2UD5i9Y-O4w,스광,3hKRQQlGInA,역대급 강속구 투수 등장 예고 중인 KBO리그,2025-03-11T09:00:04Z,53.0,True,70013,1091.0,35.0
4268,UCKq95HTgzClC2UD5i9Y-O4w,스광,-a-lFLUjEGI,2025 시즌부터 해결되는 원태인의 고민,2025-03-12T09:00:00Z,53.0,True,162478,2251.0,85.0
4268,UCKq95HTgzClC2UD5i9Y-O4w,스광,ziFMYnsAwQY,정식으로 승부에 영향을 줄 25초의 압박,2025-03-13T09:01:21Z,48.0,True,79683,1077.0,12.0
4268,UCKq95HTgzClC2UD5i9Y-O4w,스광,5jRqhn6mHiU,3년 만에 개막전 출전 준비 완료한 나성범,2025-03-14T09:00:11Z,43.0,True,92236,1461.0,78.0
4269,UCVILvX9vIp-vMFGmCYJtG3A,잡식맨 JOBXICMAN,NKAjRUlAuzo,여기보다 맛있는 라멘 있으면 알려주세요 (맑은 육수 타입),2025-11-13T09:00:40Z,689.0,False,186539,2135.0,237.0
4269,UCVILvX9vIp-vMFGmCYJtG3A,잡식맨 JOBXICMAN,-McGioG28Y0,인생에 한번은 꼭 타봐야 합니다. 한국에는 없는 '침대 야간열차' (체코 프라하 → 헝가리 부다페스트),2025-11-20T09:00:01Z,898.0,False,194438,2260.0,137.0
4269,UCVILvX9vIp-vMFGmCYJtG3A,잡식맨 JOBXICMAN,qDLAgX--hMY,"교토 미식회 : 일본에서 가장 오래된 소바 식당과 한 잔에 25,000원씩이나 하는 말차",2025-11-26T09:01:23Z,836.0,False,303207,2978.0,194.0
4269,UCVILvX9vIp-vMFGmCYJtG3A,잡식맨 JOBXICMAN,2aR4mbXvkvY,진짜 맛집은 산 아래 있다 (아차산 원조 할아버지 손두부),2025-12-03T09:00:06Z,814.0,False,142222,1704.0,184.0
4269,UCVILvX9vIp-vMFGmCYJtG3A,잡식맨 JOBXICMAN,R10_WLJ3Tms,육식맨 선정 서울 최고의 떡볶이 맛집 공개합니다,2025-12-10T09:00:55Z,517.0,False,354539,3797.0,504.0
4269,UCVILvX9vIp-vMFGmCYJtG3A,잡식맨 JOBXICMAN,VaRY20Jg6hI,"흑백요리사2, 맛으로만 평가하는 프로그램 맞나요? (1~3화 리뷰)",2025-12-17T02:51:50Z,809.0,False,144387,1901.0,865.0
4269,UCVILvX9vIp-vMFGmCYJtG3A,잡식맨 JOBXICMAN,EwuLH0ZH2S0,효율과 경량화에 미친 자가 결국 정착한 여행 꿀템 10가지,2025-12-17T09:00:19Z,884.0,False,322867,5294.0,296.0
4269,UCVILvX9vIp-vMFGmCYJtG3A,잡식맨 JOBXICMAN,BMJSJ5tBXNM,품절 대란났다는 응떡 '크림카레떡볶이' 리뷰 (feat. 두바이쫀득쿠키),2025-12-19T09:00:30Z,727.0,False,154122,1647.0,115.0
4269,UCVILvX9vIp-vMFGmCYJtG3A,잡식맨 JOBXICMAN,UWhJ3OCSrOc,영화 촬영장 다녀왔습니다,2025-12-22T04:29:59Z,47.0,True,50422,473.0,148.0
4269,UCVILvX9vIp-vMFGmCYJtG3A,잡식맨 JOBXICMAN,eudRr45PhQ0,"흑백요리사2, 아쉬웠던 1:1전과 훨씬 재밌어진 팀미션 (4~7화 리뷰)",2025-12-24T05:07:19Z,906.0,False,209603,2224.0,625.0
4269,UCVILvX9vIp-vMFGmCYJtG3A,잡식맨 JOBXICMAN,m03GmaMBS-M,미국에서 무인 택시 직접 타봤습니다. 이건 미래네요,2025-12-26T09:01:16Z,647.0,False,57012,768.0,116.0
4269,UCVILvX9vIp-vMFGmCYJtG3A,잡식맨 JOBXICMAN,HbPa3Q1_8FY,"흑백요리사2, 이젠 시즌1 재미를 제쳤다고 봅니다 (8~10화 리뷰)",2025-12-31T03:40:49Z,1157.0,False,220256,2713.0,601.0
4269,UCVILvX9vIp-vMFGmCYJtG3A,잡식맨 JOBXICMAN,XtzhI3ytRCo,라멘을 1년에 555그릇 먹는 자에게 배우는 라멘의 길 (추천 맛집 리스트 포함),2026-01-02T09:00:50Z,1570.0,False,120039,1632.0,130.0
4269,UCVILvX9vIp-vMFGmCYJtG3A,잡식맨 JOBXICMAN,57SbQ8ellSg,"논란의 두바이쫀득쿠키, 직접 만들어보니 역시 사 먹어야 되겠네...",2026-01-04T02:11:46Z,895.0,False,313426,2813.0,354.0
4269,UCVILvX9vIp-vMFGmCYJtG3A,잡식맨 JOBXICMAN,zs5Hpp4e8YI,침착맨×롯데리아 신상버거 ‘통다리 크리스피치킨버거’ 솔직리뷰,2026-01-06T06:33:27Z,89.0,False,339041,3464.0,339.0
4269,UCVILvX9vIp-vMFGmCYJtG3A,잡식맨 JOBXICMAN,qIZSRKM1N4E,"흑백요리사2님, '최고점 갱신에 성공했습니다' (11~12화 리뷰)",2026-01-07T03:21:48Z,1027.0,False,200996,2371.0,534.0
4269,UCVILvX9vIp-vMFGmCYJtG3A,잡식맨 JOBXICMAN,KDxOtCtl-_k,갓 튀겨도 어차피 배송 오면 며칠 지난 거 아닌가 (신상품 갓튀긴라면 리뷰) [광고 아님],2026-01-09T09:00:36Z,768.0,False,185434,2029.0,241.0
4269,UCVILvX9vIp-vMFGmCYJtG3A,잡식맨 JOBXICMAN,gC6ugzBb8sw,"흑백요리사2, 엔딩마저 걸작인 건국 이래 최고의 푸드 쇼 (시즌 완결 리뷰)",2026-01-14T02:19:41Z,1025.0,False,243358,3827.0,645.0
4269,UCVILvX9vIp-vMFGmCYJtG3A,잡식맨 JOBXICMAN,4UL1Dd2g8R0,세계에서 가장 큰 편의점에 가봤습니다 (feat. 브리스킷 버거),2026-01-16T09:00:06Z,1182.0,False,530288,4463.0,313.0
4269,UCVILvX9vIp-vMFGmCYJtG3A,잡식맨 JOBXICMAN,qJslf2nj8vM,비행기도 아니고 미국 코스트코엔 '비즈니스'가 있습니다 (고기 코너 전체 리뷰),2026-01-21T09:01:18Z,810.0,False,336659,3017.0,218.0
4269,UCVILvX9vIp-vMFGmCYJtG3A,잡식맨 JOBXICMAN,BlZy9bVTCp0,흑백요리사2 윤주모 밀키트 9종 한 끼에 다 먹어봤습니다,2026-01-23T08:19:44Z,1001.0,False,383348,2467.0,500.0
4269,UCVILvX9vIp-vMFGmCYJtG3A,잡식맨 JOBXICMAN,MSJ1MoMgmwg,"현시점 미국에서 가장 핫한 치킨, 두 입 먹고 버렸습니다... (데이브스 핫 치킨 Dave's Hot Chicken)",2026-01-28T09:00:30Z,689.0,False,469459,3765.0,300.0
4269,UCVILvX9vIp-vMFGmCYJtG3A,잡식맨 JOBXICMAN,Dwi24ed93c0,이젠 하다하다 비욘세 맛집에 가봤습니다 (휴스턴 소울 푸드 식당 The Breakfast Klub),2026-02-04T09:00:20Z,635.0,False,154179,1851.0,128.0
4269,UCVILvX9vIp-vMFGmCYJtG3A,잡식맨 JOBXICMAN,oo8qGuLsCas,"안성재 셰프님의 치킨, 맥주 생각이 안 나는 치킨은 처음입니다... (푸라닭 신메뉴 '마요피뇨' 리뷰)",2026-02-06T03:13:48Z,681.0,False,354136,2559.0,393.0
4269,UCVILvX9vIp-vMFGmCYJtG3A,잡식맨 JOBXICMAN,ihEoaW69WYE,최강록 레시피 조회수 1등 유튜버의 최강록 공식 조림 소스 리뷰,2026-02-08T03:49:55Z,1018.0,False,303826,2502.0,447.0
4269,UCVILvX9vIp-vMFGmCYJtG3A,잡식맨 JOBXICMAN,ozU-tn1e4Nc,검은색만 입는 육식맨 옷장 공개,2026-02-11T05:16:57Z,31.0,True,148108,751.0,92.0
4269,UCVILvX9vIp-vMFGmCYJtG3A,잡식맨 JOBXICMAN,7AJIg4Rrirc,"요즘 호평이 자자한 트레이더스 조리식품 TOP5 먹어봤습니다 (훈제삼겹살, 순살족발, 양장피, 어향동고, 꼬막비빔밥&육전)",2026-02-11T09:00:10Z,1560.0,False,812292,6626.0,606.0
4269,UCVILvX9vIp-vMFGmCYJtG3A,잡식맨 JOBXICMAN,lAoVciB6jtQ,"한국vs일본 비슷한 초코과자 대결 (빼빼로, 초코송이, 칸쵸, 초코파이, 빈츠, 오레오 등)",2026-02-13T09:01:16Z,1428.0,False,180331,2082.0,589.0
4269,UCVILvX9vIp-vMFGmCYJtG3A,잡식맨 JOBXICMAN,DoqwXLcBdbg,전세계 10곳 뿐인 '10만명' 경기장에 가봤습니다. 근데 그게 아마추어 대학교 경기라니...?,2026-02-19T09:00:25Z,1043.0,False,123869,1338.0,217.0
4269,UCVILvX9vIp-vMFGmCYJtG3A,잡식맨 JOBXICMAN,qu7GTk6hhNA,현시점 우리나라 1등이라는 라멘 식당에 어렵게 다녀왔습니다 (주방 촬영까지),2026-02-28T03:01:05Z,832.0,False,426781,4059.0,544.0
4269,UCVILvX9vIp-vMFGmCYJtG3A,잡식맨 JOBXICMAN,KOjR0UmPxK0,"나폴리 피자 세계대회 챔피언, 오픈 1초만에 200팀 대기가 차는 '포폴로 피자' 드디어 다녀왔습니다",2026-03-07T03:00:30Z,584.0,False,431490,4099.0,515.0
4269,UCVILvX9vIp-vMFGmCYJtG3A,잡식맨 JOBXICMAN,CJsEYky69sY,"미쉐린 시상식에서 국가대표 셰프님들을 다 만났습니다 (밍글스, 모수, 이타닉가든 등등)",2026-03-11T11:11:21Z,953.0,False,191224,2188.0,211.0
4269,UCVILvX9vIp-vMFGmCYJtG3A,잡식맨 JOBXICMAN,o8YeDFpDvdI,일본 전국 1등 수프카레 식당에 다녀왔습니다. 카레가 예술이 되네요,2026-03-13T09:01:20Z,897.0,False,224830,2436.0,204.0
4269,UCVILvX9vIp-vMFGmCYJtG3A,잡식맨 JOBXICMAN,xdyvRZsDZ5Y,"후덕죽 셰프님의 맘스터치 싸이버거, 맛과 별개로 치명적인 문제가 있네요...",2026-03-14T05:34:03Z,603.0,False,293188,2443.0,401.0
4269,UCVILvX9vIp-vMFGmCYJtG3A,잡식맨 JOBXICMAN,ovctONPmx_A,논란의 빵집 '부산당'... 다녀왔습니다 (엄근진 리뷰),2026-03-19T09:01:14Z,752.0,False,221379,2592.0,737.0
4269,UCVILvX9vIp-vMFGmCYJtG3A,잡식맨 JOBXICMAN,ccaBdiCSkQE,현시점 가장 웨이팅 긴 중식당 가봤습니다 (feat. 짜장 짬뽕 밀키트 리뷰),2026-03-25T09:01:00Z,1135.0,False,415195,4049.0,341.0
4269,UCVILvX9vIp-vMFGmCYJtG3A,잡식맨 JOBXICMAN,bm17qCUjn3o,빠니보틀이 1시간짜리 긴 영상을 올리는 이유,2026-03-31T09:00:39Z,1162.0,False,422735,6062.0,613.0
4269,UCVILvX9vIp-vMFGmCYJtG3A,잡식맨 JOBXICMAN,TAE5spd9gBs,"4년 전 제 인생을 바꾼 터키 ""카이막"" 식당에 다시 찾았습니다",2026-04-04T07:58:24Z,943.0,False,325056,4232.0,321.0
4269,UCVILvX9vIp-vMFGmCYJtG3A,잡식맨 JOBXICMAN,4si7ZkAfjCU,후덕죽 레시피로 짜파게티 신분상승,2026-04-06T09:00:06Z,109.0,False,531182,8592.0,144.0
4269,UCVILvX9vIp-vMFGmCYJtG3A,잡식맨 JOBXICMAN,IsJMPbbAGhE,"전국에서 가장 농후하고 찐한 곰탕, 부산을 평정했다는 ""거대곰탕"" 먹어봤습니다",2026-04-10T09:00:25Z,576.0,False,265273,2527.0,357.0
4269,UCVILvX9vIp-vMFGmCYJtG3A,잡식맨 JOBXICMAN,6ECCEFWaVxM,"버거킹 신메뉴, 바베큐연구소장의 스모크 버거 3종 다 먹어봤습니다 (엄근진 리뷰)",2026-04-12T07:34:30Z,748.0,False,373606,2789.0,424.0
4269,UCVILvX9vIp-vMFGmCYJtG3A,잡식맨 JOBXICMAN,HllH1-iIMVo,"이제는 맛볼 수 없는 '임실 치즈' 이재모 피자, 마지막으로 먹고 왔습니다",2026-04-16T03:06:01Z,688.0,False,354070,3560.0,892.0
4269,UCVILvX9vIp-vMFGmCYJtG3A,잡식맨 JOBXICMAN,3jp04ZVwURY,"KFC 신메뉴 ""살라미 빵치짜"" 기대 1도 안 했는데 가성비 감동함",2026-04-21T09:00:04Z,580.0,False,342606,3030.0,313.0
4269,UCVILvX9vIp-vMFGmCYJtG3A,잡식맨 JOBXICMAN,WmDGXXZ-JX0,사 먹는 것보다 집에서 해먹는 게 맛있는 음식 1위,2026-04-24T09:00:46Z,1030.0,False,215553,2541.0,245.0
4269,UCVILvX9vIp-vMFGmCYJtG3A,잡식맨 JOBXICMAN,DwwnSXvrF8M,성심당만 갈 게 아니었네요... 대전 최고의 빵집 7곳 순회했습니다,2026-04-28T09:00:31Z,2169.0,False,639810,10026.0,1144.0
4269,UCVILvX9vIp-vMFGmCYJtG3A,잡식맨 JOBXICMAN,kdwjzj0pvUY,폐업 아닌 지점은 괜찮을 줄 알았습니다... 아마도 홈플러스 마지막 방문기,2026-04-29T09:01:04Z,637.0,False,311057,3122.0,1247.0
4269,UCVILvX9vIp-vMFGmCYJtG3A,잡식맨 JOBXICMAN,qcB-NyAa9Dw,맥도날드와 최강록 세프. 월클 조합에 너무 기대가 컸나 봅니다...,2026-05-01T02:00:56Z,587.0,False,244129,1910.0,320.0
4269,UCVILvX9vIp-vMFGmCYJtG3A,잡식맨 JOBXICMAN,GtYpXoeGUKM,빠니보틀이 겪은 위고비와 마운자로의 결정적인 차이점,2026-05-06T09:00:32Z,795.0,False,384227,3866.0,691.0
4269,UCVILvX9vIp-vMFGmCYJtG3A,잡식맨 JOBXICMAN,z8XA3AF2_6M,이걸 부산 사람들만 먹고 있었다니,2026-05-12T09:01:16Z,488.0,False,279935,3020.0,527.0
4269,UCVILvX9vIp-vMFGmCYJtG3A,잡식맨 JOBXICMAN,u5x8YxGDSWo,역대 흑백요리사 콜라보 중 이게 1등입니다 (샐러디 신메뉴 선재스님 국수와 비빔밥),2026-05-15T09:01:20Z,751.0,False,162746,1917.0,214.0
4270,UCpvkqYCqk2huuMcJsEuiY5g,드파밍,5kTj9I3vKn4,에필로그 안 보면 진짜 후회함 #21세기대군부인 #shorts,2026-04-19T00:10:00Z,67.0,False,319512,6070.0,78.0
4270,UCpvkqYCqk2huuMcJsEuiY5g,드파밍,qVc_BPVhesY,야구빠따로 변우석 맞이하는 아이유 #21세기대군부인 #shorts,2026-04-19T09:01:15Z,30.0,True,257171,2747.0,28.0
4270,UCpvkqYCqk2huuMcJsEuiY5g,드파밍,jFuODcxnyVc,팀 대군쀼가 왜 이리 웃수저야ㅋㅋㅋ #21세기대군부인 #shorts,2026-04-19T09:05:00Z,100.0,False,190990,3768.0,53.0
4270,UCpvkqYCqk2huuMcJsEuiY5g,드파밍,7Oe-J-A5wDE,아이유와 이연의 걸스 토크(feat.모쏠 이슈) #21세기대군부인 #shorts,2026-04-20T09:00:15Z,88.0,False,472176,7201.0,87.0
4270,UCpvkqYCqk2huuMcJsEuiY5g,드파밍,6htIkn9zz10,변우석 긁는 노상현ㅋㅋㅋ #21세기대군부인 #shorts,2026-04-20T09:00:17Z,125.0,False,292691,4493.0,52.0
4270,UCpvkqYCqk2huuMcJsEuiY5g,드파밍,tXeeg_uiT08,변우석의 은밀한 이중생활 #21세기대군부인 #shorts,2026-04-20T11:01:34Z,80.0,False,104610,2091.0,32.0
4270,UCpvkqYCqk2huuMcJsEuiY5g,드파밍,y3oZB_CgAMk,박준면 참교육 선언에 벌벌 떠는 두 남자 #21세기대군부인 #shorts,2026-04-20T11:01:38Z,71.0,False,1399252,17788.0,308.0
4270,UCpvkqYCqk2huuMcJsEuiY5g,드파밍,Z3PHDcvIXjw,"[21세기 대군부인] 5회 하이라이트 | ＂그러니 물러나야지＂ 트라우마로 힘들어하는 변우석, 아이유와 파혼을 선택한 이유💦 MBC260424방송",2026-04-24T14:06:58Z,216.0,False,180905,1632.0,92.0
4270,UCpvkqYCqk2huuMcJsEuiY5g,드파밍,ZXm0CoDHa8A,[21세기 대군부인] 5회 하이라이트 | 파혼하자더니 쿨하지 못한 변우석&열 받은 아이유... 부부싸움에 꽁꽁 얼어붙은 궁🧊 MBC260424방송,2026-04-24T14:10:00Z,211.0,False,258431,1930.0,101.0
4270,UCpvkqYCqk2huuMcJsEuiY5g,드파밍,QKzgti_W5fw,"[21세기 대군부인] 5회 하이라이트 | 앞서 가는 희주 VS 뒤에서만 걸어야 하는 완, 서로의 구원이 된 완성커플 서사 감동 많이 된다(feat.에필로그) MBC260424방송",2026-04-24T14:19:35Z,211.0,False,203296,1852.0,116.0
4270,UCpvkqYCqk2huuMcJsEuiY5g,드파밍,x1ORk2Mw8_g,"[21세기 대군부인] 6회 하이라이트 | 자가 앞에 장애물이 왜 이리 많아💥 변우석에게 무례한 공승연, 아이유의 행동은? MBC260425방송",2026-04-25T14:10:01Z,211.0,False,228223,1589.0,112.0
4270,UCpvkqYCqk2huuMcJsEuiY5g,드파밍,yU4c5d9B2eE,[21세기 대군부인] 6회 하이라이트 | 후배님에게 공개 청혼한 대군 자가💍 계약 결혼이라더니... 아이유만 보면 활짝 웃는 변우석😁 MBC260425방송,2026-04-25T14:10:02Z,216.0,False,194265,1964.0,127.0
4270,UCpvkqYCqk2huuMcJsEuiY5g,드파밍,LBEMZm8XTrQ,[21세기 대군부인] 6회 하이라이트 | 재벌 여친이 위로하는 방법🔥 하고 싶은 거 다 하랬더니 키스하는 폭주 대군🫣 MBC260425방송,2026-04-25T14:15:02Z,211.0,False,226293,2580.0,301.0
4270,UCpvkqYCqk2huuMcJsEuiY5g,드파밍,2CmYzCxL5tE,집사가 고양이 대하는 방법 #21세기대군부인 #shorts,2026-04-27T09:10:00Z,119.0,False,313225,6971.0,101.0
4270,UCpvkqYCqk2huuMcJsEuiY5g,드파밍,eDTemD72DJY,거절 VS 싫어 #21세기대군부인 #shorts,2026-04-27T09:15:06Z,75.0,False,266623,5202.0,34.0
4270,UCpvkqYCqk2huuMcJsEuiY5g,드파밍,eTg0sKZi4wI,변우석 잘 놀리는 아이유ㅋㅋㅋ #21세기대군부인 #shorts,2026-04-27T11:00:58Z,48.0,True,440605,7675.0,129.0
4270,UCpvkqYCqk2huuMcJsEuiY5g,드파밍,URKUB591xec,"아이유♥변우석 한밤중 데이트, 사실이라면 축하할 일 #21세기대군부인 #shorts",2026-04-27T11:00:59Z,138.0,False,285301,4979.0,73.0
4270,UCpvkqYCqk2huuMcJsEuiY5g,드파밍,VGHnPqXnKcU,"[21세기 대군부인] 7회 하이라이트 |🧑🏻‍⚕️: 치료가 필요할 정도로 심각한 '이안대군 중독' 입니다 (희주: 흥, 웃기는 소리) MBC260501방송",2026-05-01T14:10:00Z,210.0,False,142889,1142.0,90.0
4270,UCpvkqYCqk2huuMcJsEuiY5g,드파밍,6NpqhF-s3pg,"[21세기 대군부인] 7회 하이라이트 | 기분이 저기압일 땐 고기 앞으로, 자가 앞으로♥︎ 아이유X변우석 상견례 후기💬 MBC260501방송",2026-05-01T14:11:01Z,322.0,False,271264,2189.0,144.0
4270,UCpvkqYCqk2huuMcJsEuiY5g,드파밍,Axv5jkA1HNk,[21세기 대군부인] 7회 하이라이트 | 화난 형수님도 웃게 만드는 도련님? 심상치 않은 변우석X공승연 과거 서사💔 MBC260501방송,2026-05-01T14:15:00Z,208.0,False,243876,1453.0,109.0
4270,UCpvkqYCqk2huuMcJsEuiY5g,드파밍,MWqHR2sxgtU,[21세기 대군부인] 7회 하이라이트 | [단독] 성희주❤이안대군 혼례식 다시보기.mp4  MBC260501방송,2026-05-01T14:15:02Z,211.0,False,206602,1673.0,140.0
4270,UCpvkqYCqk2huuMcJsEuiY5g,드파밍,N2ouRhy-AlE,[21세기 대군부인] 8회 하이라이트 | 깨어난 아이유 보고 이성 잃고 우는 변우석💦 독살 대상은 대군 자가라고? MBC260502방송,2026-05-02T14:10:00Z,211.0,False,426449,4590.0,455.0
4270,UCpvkqYCqk2huuMcJsEuiY5g,드파밍,YVnLDhuJfwk,"[21세기 대군부인] 8회 하이라이트 | ＂제가 또 욕심을 낸 겁니까＂... 결혼하자마자 쓰러진 아이유, 무너지는 변우석 MBC260502방송",2026-05-02T14:10:00Z,210.0,False,239299,2115.0,261.0
4270,UCpvkqYCqk2huuMcJsEuiY5g,드파밍,CZ-HjX26MuA,[21세기 대군부인] 8회 하이라이트 | 완성커플 제법 신혼부부 티나요🤵🏻👰🏻 호칭도 보좌진도 달라진 두 사람 MBC260502방송,2026-05-02T14:15:04Z,210.0,False,311641,2995.0,140.0
4270,UCpvkqYCqk2huuMcJsEuiY5g,드파밍,W1Id5jabwt4,[21세기 대군부인] 8회 하이라이트 | ♨️에필포함♨️ 대군부부 첫날밤인데 볼 준비 됐어? #아이유 #변우석 MBC260502방송,2026-05-02T14:15:04Z,210.0,False,333699,3853.0,296.0
4270,UCpvkqYCqk2huuMcJsEuiY5g,드파밍,h9QyfknDsRo,♨️사약길 멤버 상시 모집♨️ #21세기대군부인 #shorts,2026-05-04T09:30:22Z,53.0,True,36215,413.0,12.0
4270,UCpvkqYCqk2huuMcJsEuiY5g,드파밍,lb4lkQkBN9I,이게 바로 대군부부 코어 #21세기대군부인 #shorts,2026-05-04T09:30:23Z,48.0,True,230943,3926.0,37.0
4270,UCpvkqYCqk2huuMcJsEuiY5g,드파밍,w164fWeLfvE,그게 우리 대군 자가야... #21세기대군부인 #shorts,2026-05-04T11:01:27Z,34.0,True,349488,4910.0,44.0
4270,UCpvkqYCqk2huuMcJsEuiY5g,드파밍,t6oinNrKb7Q,"잘 봐, 남자들의 싸움 #21세기대군부인 #shorts",2026-05-04T11:01:32Z,99.0,False,221644,4134.0,57.0
4270,UCpvkqYCqk2huuMcJsEuiY5g,드파밍,wQlr03e-2TQ,[21세기 대군부인] 9회 하이라이트 | 노상현X공승연💥역사상 가장 위험한 팀플이라 기록될 두 사람의 공조 MBC260508방송,2026-05-08T14:05:04Z,210.0,False,125792,739.0,90.0
4270,UCpvkqYCqk2huuMcJsEuiY5g,드파밍,TRD9YEwZtws,[21세기 대군부인] 9회 하이라이트 | 위험해진 변우석 지키려다 마음 깨달은 아이유… 이게 사랑이 아니면 뭔데💗 MBC260508방송,2026-05-08T14:09:00Z,210.0,False,137128,1080.0,93.0
4270,UCpvkqYCqk2huuMcJsEuiY5g,드파밍,VqyEV8R6egs,[21세기 대군부인] 9회 하이라이트 | 아기 전하 지켜ㅠㅠ 조카님 건드려 극대노한 변우석🔥MBC260508방송,2026-05-08T14:10:00Z,216.0,False,287085,3075.0,334.0
4270,UCpvkqYCqk2huuMcJsEuiY5g,드파밍,QTTHGoiMR4Y,"[21세기 대군부인] 9회 하이라이트 | 사랑에 빠진 성희주의 미친 짓 : 아버지에게 무릎 꿇기, 이혼 요구하기💦 #아이유 #변우석 MBC260508방송",2026-05-08T14:12:01Z,216.0,False,202929,1829.0,198.0
4270,UCpvkqYCqk2huuMcJsEuiY5g,드파밍,GJlJmgdyOHk,"[21세기 대군부인] 10회 하이라이트 | ＂내가 나도, 너도 못 지킬까 봐?＂ 모두를 놀라게 한 이안대군의 반격⚡ #아이유 #변우석 MBC260509방송",2026-05-09T14:00:58Z,210.0,False,304395,2037.0,110.0
4270,UCpvkqYCqk2huuMcJsEuiY5g,드파밍,jPt3xE-j-3g,[21세기 대군부인] 10회 하이라이트 | ＂이런 기분이셨습니까＂ 무력감에 멘탈 나간 변우석...😭 MBC260509방송,2026-05-09T14:05:02Z,210.0,False,198294,1802.0,183.0
4270,UCpvkqYCqk2huuMcJsEuiY5g,드파밍,mlZH_-DaK9U,[21세기 대군부인] 10회 하이라이트 | 싸운 뒤 쌍방 키스한 아이유X변우석💋 이렇게 귀한 걸 봐도 될까요🥵 MBC260509방송,2026-05-09T14:10:00Z,211.0,False,551345,5833.0,949.0
4270,UCpvkqYCqk2huuMcJsEuiY5g,드파밍,Hop1YVaYZXg,[21세기 대군부인] 10회 하이라이트 | ＂다 내 욕심 같아서…” 처음으로 속마음 털어놓는 이안대군의 든든한 편이 되어주는 희주 MBC260509방송,2026-05-09T14:15:02Z,217.0,False,193446,1762.0,108.0
4270,UCpvkqYCqk2huuMcJsEuiY5g,드파밍,ojo8q2c2uXU,[21세기 대군부인] 10회 하이라이트 | 더 이상 참지 않는 변우석에게 눈물로 고백하는 공승연💦 욕심이 불러온 슬픈 결과... MBC260509방송,2026-05-09T14:15:06Z,211.0,False,618496,3893.0,824.0
4270,UCpvkqYCqk2huuMcJsEuiY5g,드파밍,ULGLWDPSwRU,휘는 법 대신 공격을 택한 변우석 #21세기대군부인 #shorts,2026-05-11T09:30:14Z,99.0,False,108909,1807.0,33.0
4270,UCpvkqYCqk2huuMcJsEuiY5g,드파밍,j55otSvKkJI,공격만 하던  아이유가 절박하면 생기는 일 (국미니들 : 오열ㅠㅠ) #21세기대군부인 #shorts,2026-05-11T09:30:33Z,64.0,False,48068,821.0,48.0
4270,UCpvkqYCqk2huuMcJsEuiY5g,드파밍,iAZIH34V-6s,3억뷰 키스신 감독님의 고자극 연출♨ #21세기대군부인 #shorts,2026-05-11T11:01:10Z,151.0,False,149007,4312.0,118.0
4270,UCpvkqYCqk2huuMcJsEuiY5g,드파밍,yVjHipv2I78,아기 전하X대비마마 연기 합에 울어버림🥺 #21세기대군부인 #shorts,2026-05-11T11:01:38Z,116.0,False,507542,8982.0,107.0
4270,UCpvkqYCqk2huuMcJsEuiY5g,드파밍,GJl2VZg6LOQ,"[21세기 대군부인] 11회 하이라이트 | 변우석 깨어났다는 소식에 전력질주하는 아이유ㅠ 폭발 사고는 레드레드, 대군부부 사랑은 그린그린💚MBC260515방송",2026-05-15T14:10:00Z,211.0,False,174256,2027.0,148.0
4270,UCpvkqYCqk2huuMcJsEuiY5g,드파밍,O-rH_j8P1e0,[21세기 대군부인] 11회 하이라이트 | 섹시 총리 맞아? 완전히 돌변한 민 총리;; 아이유X노상현 숨막히는 기싸움🔥MBC260515방송,2026-05-15T14:10:00Z,210.0,False,163030,1057.0,174.0
4270,UCpvkqYCqk2huuMcJsEuiY5g,드파밍,mdm5oBjZftU,"[21세기 대군부인] 11회 하이라이트 | 부인~~🥴 만취한 변우석 보고 속상해진 아이유, 참지 않고 노상현에게 날린 돌직구💥 MBC260515방송",2026-05-15T14:15:04Z,146.0,False,145351,1318.0,105.0
4270,UCpvkqYCqk2huuMcJsEuiY5g,드파밍,5twd62SiweU,[21세기 대군부인] 최종회 하이라이트 | POV: 34대 국왕 이완이 되어 이룬 것들👑 ＂역모인 줄 알았는데 혁명이었구나 자가 꿈＂ MBC260516방송,2026-05-16T14:10:00Z,211.0,False,94170,1197.0,112.0
4270,UCpvkqYCqk2huuMcJsEuiY5g,드파밍,vdXwjnkBL64,[21세기 대군부인] 최종회 하이라이트 | 집착으로 무너진 노상현의 최후⚡ 이제야 평범한 일상을 누리는 형수님과 도련님❤️‍🩹 MBC260516방송,2026-05-16T14:10:01Z,210.0,False,228437,2060.0,166.0
4270,UCpvkqYCqk2huuMcJsEuiY5g,드파밍,EZ3gXeEja9g,[21세기 대군부인] 최종회 하이라이트 | NO체통이슈💋 아이유X변우석 갓벽한 해피엔딩ㅠㅠ MBC260516방송,2026-05-16T14:15:03Z,188.0,False,147552,2326.0,256.0
4270,UCpvkqYCqk2huuMcJsEuiY5g,드파밍,PkJbnlcPYwc,"[21세기 대군부인] 최종회 하이라이트 | 3년 후 엄마는 재벌 사업가, 아빠는 팔불출 백수가 된 건에 대하여 MBC260516방송",2026-05-16T14:15:05Z,210.0,False,450067,3948.0,305.0
4270,UCpvkqYCqk2huuMcJsEuiY5g,드파밍,h08coxHOrNc,[21세기 대군부인] 최종회 하이라이트 | 누가 먼저 좋아했나요?🙋🏻 완이 언제부터 희주를 짝사랑했는지 밝혀짐 ＂한밤에도 새빨간 게 달려가고 싶던데?” MBC260516방송,2026-05-16T14:15:09Z,200.0,False,120361,1866.0,140.0
4271,UCMOJFzyD8UyHnGMG_6eqv5w,크포,rX7QRvd4nnY,역사적으로 챔스는 출시할 때 평가 따위 중요하지 않다,2025-11-26T12:01:48Z,786.0,False,125205,2083.0,170.0
4271,UCMOJFzyD8UyHnGMG_6eqv5w,크포,r5oV-k0s-Dw,이분 아직 정정하시답니다,2025-11-29T12:02:39Z,815.0,False,114549,1774.0,199.0
4271,UCMOJFzyD8UyHnGMG_6eqv5w,크포,d_ZRBi2Lkhk,치지직에서 현재 가장 승률이 좋은 피지컬 몰빵 듀오,2025-12-01T12:01:16Z,870.0,False,88383,1642.0,87.0
4271,UCMOJFzyD8UyHnGMG_6eqv5w,크포,NKKCdu1NZpM,발로란트 인생 이렇게 핵의심 많이 받은 날은 처음인듯ㅋㅋㅋㅋ,2025-12-04T12:00:55Z,818.0,False,117534,1948.0,170.0
4271,UCMOJFzyD8UyHnGMG_6eqv5w,크포,prrj3wAyoOM,님들 이 세팅 무조건 하세요 말 안됩니다...,2025-12-06T12:01:53Z,863.0,False,114397,3141.0,205.0
4271,UCMOJFzyD8UyHnGMG_6eqv5w,크포,ajIB5Wnh9lg,신스킨 나보다 맛있게 쏜 사람 아직 없을듯ㅋㅋㅋㅋ,2025-12-07T13:15:41Z,900.0,False,81460,1470.0,111.0
4271,UCMOJFzyD8UyHnGMG_6eqv5w,크포,11MdpRUO3Ao,미친 싱크로율로 여심 폭격해버린 레전드 합방ㅋㅋㅋㅋㅋ,2025-12-09T12:00:02Z,726.0,False,97680,2507.0,270.0
4271,UCMOJFzyD8UyHnGMG_6eqv5w,크포,E4FN37GhIs8,5연속 MVP에 트래커 1000점까지 나왔던 레전드 영상,2025-12-12T12:00:23Z,746.0,False,130102,1998.0,126.0
4271,UCMOJFzyD8UyHnGMG_6eqv5w,크포,qvB6K_8IRe0,나를 막을 수 있다 생각하는가?,2025-12-15T12:01:46Z,882.0,False,84999,1593.0,78.0
4271,UCMOJFzyD8UyHnGMG_6eqv5w,크포,ce9d7cMxIV0,이 녀석 우승한 이유가 있구나...,2025-12-16T12:01:10Z,773.0,False,89740,1597.0,45.0
4271,UCMOJFzyD8UyHnGMG_6eqv5w,크포,jVsw_G-kA7k,내가 출시 때부터 개지린다 했잖아ㅋㅋㅋㅋㅋㅋ,2025-12-18T12:01:31Z,796.0,False,94268,1709.0,92.0
4271,UCMOJFzyD8UyHnGMG_6eqv5w,크포,SiTCH3gRSqQ,잊었나 본데 나 셰리프 3대장 중 한 명이었다,2025-12-20T12:03:37Z,722.0,False,113424,1962.0,185.0
4271,UCMOJFzyD8UyHnGMG_6eqv5w,크포,GA2CsvaSO98,이건 그냥 핵쟁이 지표잖아?,2025-12-23T12:00:35Z,904.0,False,66151,1264.0,94.0
4271,UCMOJFzyD8UyHnGMG_6eqv5w,크포,FdTtwE8zgYQ,리플레이만 3번 이상 돌려본 레전드 장면,2025-12-24T12:00:29Z,735.0,False,98093,1695.0,89.0
4271,UCMOJFzyD8UyHnGMG_6eqv5w,크포,RC36y7w7-b4,대회 나가기전 폼을 극한으로 끌어올리고 있는 주인장,2025-12-26T12:01:00Z,883.0,False,66947,1296.0,69.0
4271,UCMOJFzyD8UyHnGMG_6eqv5w,크포,7o03ZAfidUs,레디언트라는 존나 큰 무게,2025-12-27T12:00:23Z,987.0,False,77991,1349.0,112.0
4271,UCMOJFzyD8UyHnGMG_6eqv5w,크포,jWY55PSA0Qc,노력은 나를 배신하지 않았다,2025-12-29T12:30:27Z,975.0,False,79442,1597.0,188.0
4271,UCMOJFzyD8UyHnGMG_6eqv5w,크포,iB2IQC9F49w,[지림주의]크포가 방송 내려놓으면 생기는 일,2026-01-01T12:00:45Z,1125.0,False,174535,2645.0,132.0
4271,UCMOJFzyD8UyHnGMG_6eqv5w,크포,QkNeD4_5MvQ,[레전드 클러치]예림아 이번에도 신고 넣으면 나 잡혀간다...,2026-01-03T12:00:58Z,770.0,False,85157,1674.0,92.0
4271,UCMOJFzyD8UyHnGMG_6eqv5w,크포,DcIH3r16-cw,2025년중에 가장 셰리프 잘 쏜 역대급 판,2026-01-05T12:34:58Z,912.0,False,85986,1471.0,172.0
4271,UCMOJFzyD8UyHnGMG_6eqv5w,크포,C-poGdHV8hE,진짜 지려버렸다,2026-01-06T12:30:19Z,765.0,False,75774,1387.0,76.0
4271,UCMOJFzyD8UyHnGMG_6eqv5w,크포,cAGuj-pzV8E,2024년 5월 11일의 전설을 이은 자가 나타났다,2026-01-07T13:01:18Z,853.0,False,85210,1507.0,119.0
4271,UCMOJFzyD8UyHnGMG_6eqv5w,크포,4FoJCcnQPXY,승률 70%로 레디언트 달성 했더니 라이엇에서 최고의 선물을 주었다,2026-01-09T12:00:15Z,936.0,False,104947,1845.0,140.0
4271,UCMOJFzyD8UyHnGMG_6eqv5w,크포,lvoHmzt1F9Y,수많은 신스킨 리뷰를 하며 이런 말 한 적은 처음이었다...,2026-01-10T12:35:42Z,869.0,False,129493,1938.0,129.0
4271,UCMOJFzyD8UyHnGMG_6eqv5w,크포,PK18xrSL-ME,존나 맛있는 영상으로 준비했다,2026-01-13T12:20:26Z,835.0,False,94792,1615.0,143.0
4271,UCMOJFzyD8UyHnGMG_6eqv5w,크포,R2_RRetZa9k,총 스킨이 인게임에 미치는 영향을 제대로 보여주는 영상ㅋㅋㅋ,2026-01-15T12:00:50Z,829.0,False,69112,1304.0,89.0
4271,UCMOJFzyD8UyHnGMG_6eqv5w,크포,93RE4OQQq6M,오랜 기다림 끝에 드디어 상점에 떠버린 농심팬텀,2026-01-17T12:00:27Z,841.0,False,90715,1576.0,116.0
4271,UCMOJFzyD8UyHnGMG_6eqv5w,크포,3ZwKMTv_DTE,역대급이 될 영상,2026-01-19T12:00:05Z,1028.0,False,77539,1418.0,89.0
4271,UCMOJFzyD8UyHnGMG_6eqv5w,크포,MqwqD1Xk8Hw,얘들아 나 먼저 간다,2026-01-21T13:17:27Z,1386.0,False,120445,2498.0,259.0
4271,UCMOJFzyD8UyHnGMG_6eqv5w,크포,HHmtEfBS0K0,폼 극한으로 끌어 올리는 중,2026-01-23T12:12:14Z,725.0,False,73932,1452.0,109.0
4271,UCMOJFzyD8UyHnGMG_6eqv5w,크포,sYBCIbBh0zg,에임으로 도로시 행복사 시키기,2026-01-25T12:01:26Z,773.0,False,79941,1533.0,117.0
4271,UCMOJFzyD8UyHnGMG_6eqv5w,크포,fZQryfFiqlI,잘해야한다 그녀가 보고있다,2026-01-27T12:01:13Z,747.0,False,100808,1922.0,117.0
4271,UCMOJFzyD8UyHnGMG_6eqv5w,크포,s7PviB921Xo,팀차이를 극복하고 티어를 올릴 수 있는 가장 좋은 방법... (아이소 궁 영업비밀까지),2026-01-29T12:01:38Z,888.0,False,71449,1519.0,91.0
4271,UCMOJFzyD8UyHnGMG_6eqv5w,크포,gt-zBpbD4Fs,[레전드]수천명이 보는 앞에서 크포가 아시아 7등이었음을 증명했던 날,2026-01-30T09:59:44Z,1588.0,False,128180,1956.0,126.0
4271,UCMOJFzyD8UyHnGMG_6eqv5w,크포,d6bMQeQ_hZI,도로시 폭발 3초전,2026-01-31T12:23:18Z,1146.0,False,92006,1704.0,72.0
4271,UCMOJFzyD8UyHnGMG_6eqv5w,크포,ldym92ygKPo,당신이 팬텀 유저라면 꼭 컬렉션에 추가해야 할 SS급 스킨,2026-02-02T12:56:20Z,808.0,False,80901,1457.0,114.0
4271,UCMOJFzyD8UyHnGMG_6eqv5w,크포,D6ieyE8k78A,밴달이랑 점 조준선 안 쓰니까 레디언트 가는 게 너무 쉬운데ㅋㅋㅋ?,2026-02-04T12:33:29Z,781.0,False,82035,1452.0,100.0
4271,UCMOJFzyD8UyHnGMG_6eqv5w,크포,s8wPZ-tyR-c,아시아에서 한 가닥 하는 에이머가 신작 FPS 게임을 하면 생기는 일,2026-02-06T12:01:37Z,778.0,False,16811,294.0,40.0
4271,UCMOJFzyD8UyHnGMG_6eqv5w,크포,VE5Yv9GEpYc,니 선생 광대 아니다,2026-02-07T12:06:26Z,821.0,False,109304,1986.0,103.0
4271,UCMOJFzyD8UyHnGMG_6eqv5w,크포,fFgEPo2STJo,X됐다...,2026-02-10T12:01:16Z,854.0,False,102731,2274.0,176.0
4271,UCMOJFzyD8UyHnGMG_6eqv5w,크포,_Dd4pnG0z34,도로시 심폐소생사,2026-02-12T12:01:14Z,989.0,False,86055,1830.0,102.0
4271,UCMOJFzyD8UyHnGMG_6eqv5w,크포,NUhMBH_BtDo,역대급 꿀잼 영상,2026-02-13T12:08:42Z,722.0,False,64322,1347.0,68.0
4271,UCMOJFzyD8UyHnGMG_6eqv5w,크포,C30MrA2qqEs,수천 명이 보는 앞에서 또 한번 사고 쳐버린 그 놈,2026-02-14T12:00:19Z,1325.0,False,109041,1680.0,78.0
4271,UCMOJFzyD8UyHnGMG_6eqv5w,크포,UgM1mbuqTbk,도로시 울리기,2026-02-16T13:00:13Z,892.0,False,84106,1478.0,67.0
4271,UCMOJFzyD8UyHnGMG_6eqv5w,크포,3Eh2VUc-dIs,상점에 뜨자마자 바로 현질 해버린 이유,2026-02-18T12:11:30Z,844.0,False,78304,1502.0,132.0
4271,UCMOJFzyD8UyHnGMG_6eqv5w,크포,xpijvuWNcy8,오늘 에임은 역대급이라 무조건 봤으면 좋겠다...,2026-02-21T12:01:34Z,875.0,False,104004,1858.0,166.0
4271,UCMOJFzyD8UyHnGMG_6eqv5w,크포,vQmG-i4IVC8,도로시한테 칭찬 받고 싶다...,2026-02-23T12:01:25Z,793.0,False,85464,1502.0,195.0
4271,UCMOJFzyD8UyHnGMG_6eqv5w,크포,15ttRlINaz8,크포를 그리워하는 사람들을 위한 영상,2026-03-25T10:01:09Z,991.0,False,112009,3810.0,587.0
4271,UCMOJFzyD8UyHnGMG_6eqv5w,크포,eiVjGsEZaxE,예전으로 돌아갈 수 있을까,2026-05-07T12:01:15Z,908.0,False,79338,3880.0,593.0
4271,UCMOJFzyD8UyHnGMG_6eqv5w,크포,-urBqP0rdsk,기다려주셔서 감사합니다,2026-05-16T12:00:01Z,553.0,False,41285,2618.0,311.0
4272,UCQ4580El_76qW17Sw987BmA,백나른,4zTA6KWXN9Q,백나른이 얀데레 되면 생기는 일?!,2026-03-24T06:30:03Z,60.0,True,19881,503.0,19.0
4272,UCQ4580El_76qW17Sw987BmA,백나른,nTtowFZMWC8,얀데레 엄마 라비가 5명 이라면??,2026-03-25T06:00:38Z,20.0,True,13837,371.0,20.0
4272,UCQ4580El_76qW17Sw987BmA,백나른,YzgxrwI3NS0,얀데레 라비가 2명이 됐다고?! 얀데레가 여러명 있으면 생기는 일?! 【로블록스】,2026-03-25T07:00:34Z,943.0,False,60296,988.0,105.0
4272,UCQ4580El_76qW17Sw987BmA,백나른,LHlgBY-XiLo,이배일이 절대 하면 안되는 직업...,2026-03-27T06:30:16Z,39.0,True,19611,631.0,17.0
4272,UCQ4580El_76qW17Sw987BmA,백나른,KUywjUKLKl0,집사님은 멘탈이 완전히 나가버렸습니다,2026-03-29T04:30:08Z,25.0,True,29700,317.0,6.0
4272,UCQ4580El_76qW17Sw987BmA,백나른,EYxwbd0qEHk,백나른❤️라비 커플과 독새❤️배일 커플 염장질에 극대노한 솔로들 ㅋㅋㅋ with 연비 & 집사 【로블록스 녹아웃】,2026-03-29T05:00:08Z,1075.0,False,40085,582.0,84.0
4272,UCQ4580El_76qW17Sw987BmA,백나른,LTr_sweJqkM,백나른이 갑자기 막내가 되버린다면??,2026-03-30T06:30:08Z,32.0,True,11570,311.0,12.0
4272,UCQ4580El_76qW17Sw987BmA,백나른,k-TMdiXBiYE,녹아웃 최강의 하남자를 찾았습니다!!,2026-03-31T06:00:26Z,46.0,True,31506,601.0,19.0
4272,UCQ4580El_76qW17Sw987BmA,백나른,bCHG4QLzGRk,새로운 나른한 패밀리 등장?! 백나른을 사칭하는 짝퉁 나팸이 나타났다고?! 【로블록스 머더 미스터리】,2026-04-01T06:45:35Z,1042.0,False,79250,1257.0,225.0
4272,UCQ4580El_76qW17Sw987BmA,백나른,t7XRKN_mcs8,백나른 노래 실력 공개 합니다 ㅋㅋㅋ 음치 실화냐?,2026-04-01T07:02:34Z,80.0,False,13442,543.0,33.0
4272,UCQ4580El_76qW17Sw987BmA,백나른,6t7nq72bZik,머더 도중 망묘에게 진심으로 화난 백나른?!,2026-04-03T06:30:02Z,40.0,True,12855,446.0,19.0
4272,UCQ4580El_76qW17Sw987BmA,백나른,B3V5jaus8Hs,익명 보장 100% 앞담 게임! 과연 이 폭로글을 쓴 범인은 누구? with 집사 【로블록스 앞담 게임】,2026-04-05T04:01:03Z,934.0,False,48673,777.0,87.0
4272,UCQ4580El_76qW17Sw987BmA,백나른,tSyqhkV8oyA,백나른 비밀 폭로하는 나른한 패밀리?!,2026-04-05T04:27:16Z,39.0,True,5719,188.0,10.0
4272,UCQ4580El_76qW17Sw987BmA,백나른,l4LO-zTsgVA,이배일의 숨겨진 학창시절 공개!!,2026-04-07T06:30:32Z,49.0,True,18819,620.0,19.0
4272,UCQ4580El_76qW17Sw987BmA,백나른,4TVkiAKMr4c,전세계 0.1% 스나이퍼인 줄 알았는데... 잼민이 무빙 한 번에 오열하는 백나른 ㅋㅋㅋ 【로블록스 라이벌】,2026-04-08T06:00:03Z,882.0,False,28688,501.0,69.0
4272,UCQ4580El_76qW17Sw987BmA,백나른,mQXvexWoTfA,눈꽃별에게 스나이퍼를 쥐여주면 안 되는 이유 ㅋㅋㅋ,2026-04-08T06:30:20Z,29.0,True,21561,275.0,10.0
4272,UCQ4580El_76qW17Sw987BmA,백나른,Nt3g0x5kRHY,라이벌에서 뉴비를 만나면 무서운 이유 ㄷㄷ,2026-04-10T07:00:19Z,60.0,True,25284,515.0,10.0
4272,UCQ4580El_76qW17Sw987BmA,백나른,k-kUII93DmU,살인마 시야 0.1? 눈앞에서 탭댄스 춰도 못 찾음ㅋㅋㅋ 능지 처참 레전드【로블록스 밤의 물결】,2026-04-11T08:23:21Z,1520.0,False,27066,468.0,66.0
4272,UCQ4580El_76qW17Sw987BmA,백나른,sUDZupkHTMQ,얀데레랑 결혼하면 큰일 납니다...,2026-04-11T08:58:55Z,81.0,False,10344,350.0,12.0
4272,UCQ4580El_76qW17Sw987BmA,백나른,AT3_or8vxiw,로블록스 유튜버가 게임 도중 탈주한 이유...,2026-04-13T09:00:15Z,30.0,True,14947,276.0,16.0
4272,UCQ4580El_76qW17Sw987BmA,백나른,8oR5qK7G8uA,세상에서 제일 비싼 제육을 먹은 이배일...,2026-04-14T09:00:13Z,36.0,True,65421,1136.0,25.0
4272,UCQ4580El_76qW17Sw987BmA,백나른,erS1kLH5Y9U,전 서버 1위 살인마의 소름 돋는 실체.. 알고 보니 싹 다 '주작 연기'였습니다 ㅋㅋㅋㅋ 【로블록스 밤의 물결】,2026-04-15T09:00:59Z,740.0,False,15641,314.0,61.0
4272,UCQ4580El_76qW17Sw987BmA,백나른,tAd9RwbE-eE,야 얘 문 막고 있어!!! 생존게임에서 트롤 만나면 벌어지는 일 ㅋㅋㅋㅋ,2026-04-15T09:01:18Z,23.0,True,15575,188.0,7.0
4272,UCQ4580El_76qW17Sw987BmA,백나른,UupVaEShOcc,레서판다 어떻게 울어요...?,2026-04-16T09:00:43Z,23.0,True,18878,497.0,20.0
4272,UCQ4580El_76qW17Sw987BmA,백나른,ffZpdJJEd6I,다 빤스런하고 혼자 남은 눈꽃별의 비참한 최후 ㅋㅋㅋ,2026-04-17T09:00:59Z,26.0,True,19971,292.0,6.0
4272,UCQ4580El_76qW17Sw987BmA,백나른,MLhk0Jp_768,전남친 썰을 현남친 앞에서 푸는 이배일 ㅋㅋㅋ 이배일의 숨겨진 과거 폭로 (도파민 주의)【로블록스 학창시절 썰】,2026-04-18T08:45:11Z,667.0,False,42889,1043.0,132.0
4272,UCQ4580El_76qW17Sw987BmA,백나른,fESa6tfhqT8,여자친구가 군대 갔다고..? 백나른의 역대급 실화 (라비님 눈 감아..),2026-04-18T09:00:50Z,55.0,True,13543,387.0,16.0
4272,UCQ4580El_76qW17Sw987BmA,백나른,KqhTL36ySuU,라면 때문에 첫사랑이랑 끝난 썰 (feat. 독새의 눈물),2026-04-20T09:00:34Z,33.0,True,20609,457.0,12.0
4272,UCQ4580El_76qW17Sw987BmA,백나른,-k5tGKpEssM,나른한 패밀리가 해체되는 진짜 이유 ㅋㅋㅋ,2026-04-22T09:00:01Z,31.0,True,10482,203.0,10.0
4272,UCQ4580El_76qW17Sw987BmA,백나른,izIK68VyTb4,남친 독새의 충격적인 비밀을 들은 여친 이배일?!🔥 숨겨둔 애인이 있다고??? 【로블록스 앞담게임】,2026-04-22T09:01:06Z,800.0,False,36218,748.0,93.0
4272,UCQ4580El_76qW17Sw987BmA,백나른,yPvAwxdLOnk,로블록스 유튜버가 '로블록스는 잼민이 게임'이라고 한다면 💀,2026-04-24T09:01:29Z,27.0,True,26820,417.0,14.0
4272,UCQ4580El_76qW17Sw987BmA,백나른,DXpzhS-HQVA,녹화 중단 후 들통난 소름 돋는 본성?! 역대급 반전의 연속 【로블록스】,2026-04-25T09:00:28Z,745.0,False,40841,625.0,73.0
4272,UCQ4580El_76qW17Sw987BmA,백나른,g4yExVqX_Fs,우결 힘들어서 종료하는 커플 독새와 이배일?!,2026-04-25T09:01:03Z,31.0,True,19301,513.0,15.0
4272,UCQ4580El_76qW17Sw987BmA,백나른,UN8QTLtPyZc,막내딸 눈꽃별 괴롭힐때 진심으로 놀리는 아빠 백나른 ㅋㅋㅋㅋ,2026-04-27T09:00:43Z,37.0,True,15346,318.0,11.0
4272,UCQ4580El_76qW17Sw987BmA,백나른,Gi1p1VU5yYo,가족끼리 '우결' 상대를 바꿨더니 생긴 일... 얀데레 연라비로 인해 큰일났습니다 ㄷㄷ【로블록스】,2026-04-29T09:00:32Z,791.0,False,41609,798.0,122.0
4272,UCQ4580El_76qW17Sw987BmA,백나른,SFBLhaM19oc,백나른과 이배일이 우결하면 생기는 일 ㅋㅋㅋ,2026-04-29T09:00:39Z,36.0,True,16407,416.0,14.0
4272,UCQ4580El_76qW17Sw987BmA,백나른,EGPvadq8XlA,독새가 연라비를 절대 만날 수 없는 이유...,2026-04-30T09:00:20Z,52.0,True,23534,600.0,17.0
4272,UCQ4580El_76qW17Sw987BmA,백나른,V0LoFcfVhFg,사실 '시하'는 한 명이 아니었습니다... 나른한 패밀리 역대급 소름 돋는 비밀 공개!! 【로블록스】,2026-05-02T05:15:02Z,616.0,False,40094,1051.0,139.0
4272,UCQ4580El_76qW17Sw987BmA,백나른,A8O9A6XIokU,그림 초고수들이 그린 나른한 패밀리,2026-05-06T09:00:25Z,40.0,True,12511,355.0,16.0
4272,UCQ4580El_76qW17Sw987BmA,백나른,tU5gHMondrg,시청자라고 불렀는데 찐 고수가 왔습니다.. 웹툰 작가 vs 그림 초고수 시청자의 대결! 【로블록스】,2026-05-06T09:01:16Z,714.0,False,59153,1304.0,161.0
4272,UCQ4580El_76qW17Sw987BmA,백나른,LEdDDWD1AjE,가장 사악한 악마를 그리면 로벅스를 드립니다!,2026-05-07T09:00:25Z,31.0,True,24503,671.0,12.0
4272,UCQ4580El_76qW17Sw987BmA,백나른,-nr-Rezx3Ec,백나른의 새로운 여자친구를 본 얀데레 라비의 반응...,2026-05-09T03:15:00Z,17.0,True,27794,304.0,12.0
4272,UCQ4580El_76qW17Sw987BmA,백나른,J8V-WHB6ecg,백나른이 가족 몰래 '새로운 여자친구' 데려왔는데... 집안 분위기 순식간에 갑분싸 ㄷㄷ 【로블록스】,2026-05-09T03:19:48Z,528.0,False,28919,570.0,130.0
4272,UCQ4580El_76qW17Sw987BmA,백나른,6Y_kRk7mzyM,지금까지 백나른을 사랑해주셔서 감사합니다..,2026-05-11T09:00:07Z,30.0,True,25544,382.0,12.0
4272,UCQ4580El_76qW17Sw987BmA,백나른,3lKL963G0SY,독새의 발언은 나른한 패밀리와 아무런 관련이 없으며...,2026-05-14T09:00:09Z,39.0,True,18011,344.0,9.0
4272,UCQ4580El_76qW17Sw987BmA,백나른,qZ4mjhCCoYQ,"로블록스 역사상 가장 중독성 강한 ASMR 타워 게임?! 현질만 10,000로벅스 한 백나른 멘탈이 완전히 나가버렸습니다... 【로블록스】",2026-05-14T09:00:59Z,594.0,False,16312,357.0,66.0
4272,UCQ4580El_76qW17Sw987BmA,백나른,DmhRmMRVsMk,치킨 vs 피자,2026-05-15T10:22:58Z,41.0,True,9228,338.0,70.0
4272,UCQ4580El_76qW17Sw987BmA,백나른,rXommpII8xY,아빠 백나른은 죽어라 뛰는데 자식들은 노는 중 ㅋㅋㅋ,2026-05-17T03:01:00Z,53.0,True,3739,128.0,8.0
4272,UCQ4580El_76qW17Sw987BmA,백나른,JCfqYXJwXbE,얀데레 커플들이 라이벌을 하면 생기는 일... 【로블록스】,2026-05-17T04:00:16Z,627.0,False,3868,262.0,56.0
4272,UCQ4580El_76qW17Sw987BmA,백나른,hbSAeUMCvHc,얀데레랑 절대 라이벌 하지 마세요...,2026-05-17T04:00:40Z,24.0,True,3196,136.0,4.0
4273,UCwMXUGZsBfy7fqbPrAV21pQ,관찰남,zhVdevbj7pU,개똥이 자는모습을 몰래 찍어봤습니다^^,2019-04-04T11:50:22Z,102.0,False,79753,3415.0,394.0
4273,UCwMXUGZsBfy7fqbPrAV21pQ,관찰남,BHaj-bFoPWg,개똥이 근황,2019-05-11T06:53:47Z,57.0,True,67292,4270.0,448.0
4273,UCwMXUGZsBfy7fqbPrAV21pQ,관찰남,XRFcCYg8tIQ,청초한 긴개똥,2019-05-14T10:57:04Z,106.0,False,60658,4046.0,463.0
4273,UCwMXUGZsBfy7fqbPrAV21pQ,관찰남,y3IAdQVCTLE,개똥이한테 들키기 전에 얼른 보세요ㅋㅋㅋㅋ,2019-05-15T06:34:18Z,46.0,True,65066,4000.0,343.0
4273,UCwMXUGZsBfy7fqbPrAV21pQ,관찰남,zUZRhsDa3vE,긴개똥 궁디팡팡~,2019-05-18T14:13:44Z,61.0,False,103379,5239.0,343.0
4273,UCwMXUGZsBfy7fqbPrAV21pQ,관찰남,EbOh26nN994,집사가 한 여름에도 털 양말을 신는 이유ㅠㅠ,2019-05-26T11:12:13Z,47.0,True,57869,3095.0,267.0
4273,UCwMXUGZsBfy7fqbPrAV21pQ,관찰남,FrrsiLReqKM,고양이 얼굴에 숨어있는 하트를 찾아보세요,2019-05-29T14:01:06Z,176.0,False,36163,2554.0,349.0
4273,UCwMXUGZsBfy7fqbPrAV21pQ,관찰남,k0OMfZtY08w,집사가 한번 안아봤다고 잔소리 엄청해대는 고양이,2019-06-01T13:57:00Z,160.0,False,209228,7070.0,442.0
4273,UCwMXUGZsBfy7fqbPrAV21pQ,관찰남,3yyKZlLHenw,츄르괴물,2019-06-10T12:35:52Z,217.0,False,44682,2724.0,265.0
4273,UCwMXUGZsBfy7fqbPrAV21pQ,관찰남,75mwMUh2SEU,양치하는 척 페이크 주고 얼른 발톱깍기,2019-06-10T15:01:43Z,191.0,False,313970,5802.0,509.0
4273,UCwMXUGZsBfy7fqbPrAV21pQ,관찰남,vnfo068hsGs,몽키캣 긴개똥,2019-06-11T15:32:38Z,212.0,False,56454,2601.0,224.0
4273,UCwMXUGZsBfy7fqbPrAV21pQ,관찰남,4t0gaRHLPz8,집사가 개똥이를 부르면?,2019-06-12T17:25:19Z,149.0,False,168080,5437.0,300.0
4273,UCwMXUGZsBfy7fqbPrAV21pQ,관찰남,Vl8Ch9UzNYY,개똥이 안 잘 거예요! 더 놀고 싶어요ㅠㅠ,2019-06-22T07:56:30Z,216.0,False,49749,2739.0,198.0
4273,UCwMXUGZsBfy7fqbPrAV21pQ,관찰남,XE8YBK3E7p4,자기가 닭인 줄 아는 고양이,2019-06-22T12:40:31Z,152.0,False,99008,3999.0,279.0
4273,UCwMXUGZsBfy7fqbPrAV21pQ,관찰남,63mX4OxhjkY,긴개똥 신상굿즈 똥쿠션,2019-06-25T08:51:57Z,60.0,True,129861,2134.0,1182.0
4273,UCwMXUGZsBfy7fqbPrAV21pQ,관찰남,3j_oC2iBQcA,벙커침대 사자마자 빼앗김,2020-05-08T02:35:06Z,106.0,False,123113,6856.0,1833.0
4273,UCwMXUGZsBfy7fqbPrAV21pQ,관찰남,xZN8VIAmdHM,긴개똥 vs 클라이밍 보드,2020-05-18T13:52:48Z,70.0,False,66581,4343.0,529.0
4273,UCwMXUGZsBfy7fqbPrAV21pQ,관찰남,BzuMBJHRe94,형아 누나들 나 안뚱뚱하죠?,2020-06-04T03:41:04Z,134.0,False,101590,5563.0,787.0
4273,UCwMXUGZsBfy7fqbPrAV21pQ,관찰남,CdcNLrHQepQ,자기가 늑대인줄 아는 고양이,2020-08-18T17:48:47Z,424.0,False,486974,14974.0,1564.0
4273,UCwMXUGZsBfy7fqbPrAV21pQ,관찰남,br4pAVOCjrk,매일 고양이한테 처맞는 이유,2020-09-06T02:34:18Z,291.0,False,402427,9400.0,886.0
4273,UCwMXUGZsBfy7fqbPrAV21pQ,관찰남,pDowWUMcjrQ,엄마 개똥이 살쪘다는데?,2020-09-07T13:30:41Z,250.0,False,108082,5043.0,618.0
4273,UCwMXUGZsBfy7fqbPrAV21pQ,관찰남,WoROSEM1ISU,고양이 흉내냈다가 처맞을뻔,2020-10-08T12:48:02Z,234.0,False,180279,6472.0,600.0
4273,UCwMXUGZsBfy7fqbPrAV21pQ,관찰남,GLKrERCfhC8,이름 부르면 달려오는 고양이,2020-10-15T05:29:02Z,183.0,False,75995,4467.0,392.0
4273,UCwMXUGZsBfy7fqbPrAV21pQ,관찰남,4ZW8dm50pTI,집사 휴대폰속 사진공개,2020-10-31T07:00:01Z,103.0,False,27020,2325.0,150.0
4273,UCwMXUGZsBfy7fqbPrAV21pQ,관찰남,sL3fJ1cXk9I,개똥이 학교 안갈래요,2020-11-03T17:09:06Z,368.0,False,103136,5168.0,439.0
4273,UCwMXUGZsBfy7fqbPrAV21pQ,관찰남,Mx0nyoDY1UE,왜이리 귀여운것이냐 왜이리 귀여운것일까,2020-12-10T03:10:05Z,365.0,False,64398,4350.0,416.0
4273,UCwMXUGZsBfy7fqbPrAV21pQ,관찰남,5b6iQEL4aPc,확찐냥 긴개뚱 제한급식 부작용,2020-12-13T10:40:46Z,226.0,False,56548,3537.0,317.0
4273,UCwMXUGZsBfy7fqbPrAV21pQ,관찰남,8DxMWOe5R-o,밤개뚱 신남,2020-12-27T04:47:46Z,90.0,False,96059,4602.0,350.0
4273,UCwMXUGZsBfy7fqbPrAV21pQ,관찰남,GTMmSQtDCEM,개똥아 자냐?,2021-01-05T05:54:26Z,76.0,False,29265,2386.0,175.0
4273,UCwMXUGZsBfy7fqbPrAV21pQ,관찰남,MfJqeZG-yLI,집사가 개똥이 재워줬어요,2021-01-08T06:19:53Z,145.0,False,25528,2309.0,160.0
4273,UCwMXUGZsBfy7fqbPrAV21pQ,관찰남,yFIrdWqH3w4,개똥아 발톱깍자,2021-01-10T03:05:55Z,175.0,False,50955,3071.0,331.0
4273,UCwMXUGZsBfy7fqbPrAV21pQ,관찰남,6y3yYG7gB28,작고 소중한 긴개똥이빨,2021-01-29T13:14:17Z,203.0,False,66587,3973.0,352.0
4273,UCwMXUGZsBfy7fqbPrAV21pQ,관찰남,3fyEIhp4LxI,티비랑 맞다이 뜨는 고양이,2021-02-03T12:59:42Z,183.0,False,39555,2645.0,255.0
4273,UCwMXUGZsBfy7fqbPrAV21pQ,관찰남,JpHGQQCAw5A,집사방 빼앗고 신났네,2021-02-18T03:34:29Z,285.0,False,32639,2254.0,200.0
4273,UCwMXUGZsBfy7fqbPrAV21pQ,관찰남,zj0FiNouLPI,자기가 치타인줄 아는 고양이,2021-02-21T09:43:53Z,139.0,False,39210,1926.0,182.0
4273,UCwMXUGZsBfy7fqbPrAV21pQ,관찰남,ARcs6DsGq88,개똥이가 복싱 알려 준대요,2021-02-21T11:24:01Z,26.0,True,62521,2745.0,185.0
4273,UCwMXUGZsBfy7fqbPrAV21pQ,관찰남,y6Un8KyDZjw,간식줄때까지 삐진척하는 고양이,2021-03-12T16:48:51Z,603.0,False,58352,3220.0,272.0
4273,UCwMXUGZsBfy7fqbPrAV21pQ,관찰남,fpdQZB8RJ2Y,긴개똥 신나서 날라다닙니다,2021-04-27T09:08:04Z,257.0,False,25390,2015.0,223.0
4273,UCwMXUGZsBfy7fqbPrAV21pQ,관찰남,-UBmkUSBRoA,개똥이 미친털날림 해결사 아이닉무선청소기,2021-05-13T11:08:49Z,297.0,False,19423,1462.0,97.0
4273,UCwMXUGZsBfy7fqbPrAV21pQ,관찰남,SyXAVJ3Yd5g,아침코인사 / 개똥이 이상행동 / 냥궁디씰룩쌜룩,2021-05-18T04:41:29Z,144.0,False,19019,1480.0,103.0
4273,UCwMXUGZsBfy7fqbPrAV21pQ,관찰남,Ft-OCRnvRc0,개똥이 기지개켤 때 나는 소리,2021-05-19T05:14:15Z,28.0,True,25521,1871.0,89.0
4273,UCwMXUGZsBfy7fqbPrAV21pQ,관찰남,TCUpOSaQRjE,개똥이 극대노,2021-05-20T10:50:51Z,138.0,False,35971,1941.0,209.0
4273,UCwMXUGZsBfy7fqbPrAV21pQ,관찰남,NanbQaA6_ss,긴개똥 vs 비둘기,2021-05-23T09:39:43Z,200.0,False,61829,2448.0,509.0
4273,UCwMXUGZsBfy7fqbPrAV21pQ,관찰남,86HjXUmxRD0,고양이를 기른뒤에 장점은?,2024-01-12T13:13:41Z,10.0,True,17006,1039.0,97.0
4273,UCwMXUGZsBfy7fqbPrAV21pQ,관찰남,d6WMiM3GJR0,이랬는데 요래됐슴당,2024-01-15T14:32:09Z,4.0,True,58811,2112.0,259.0
4273,UCwMXUGZsBfy7fqbPrAV21pQ,관찰남,WBLO3A0fE5g,긴개똥 집사에게 뽀삐뽀 당함,2024-01-22T08:24:28Z,18.0,True,16374,1368.0,89.0
4273,UCwMXUGZsBfy7fqbPrAV21pQ,관찰남,VZDU50XLcMQ,긴개똥 얼굴근황,2024-01-29T01:20:54Z,307.0,False,19974,2398.0,297.0
4273,UCwMXUGZsBfy7fqbPrAV21pQ,관찰남,Sk9GujYtWVQ,파묘(스포주의) 고양이 화장실에서 겁나 험한 것이 나왔습니다,2024-03-13T12:41:54Z,183.0,False,7324,777.0,83.0
4273,UCwMXUGZsBfy7fqbPrAV21pQ,관찰남,oYQ86EVDUXs,집사 괴롭힘 당하는 영상입니다 신고해주세요,2024-03-14T08:07:36Z,80.0,False,13996,1145.0,158.0
4273,UCwMXUGZsBfy7fqbPrAV21pQ,관찰남,u74obT4J5WI,파묘 패러디 고양이버전,2024-03-14T12:34:40Z,44.0,True,12493,371.0,24.0
4274,UClHUx_fmIGEIuLhyIPgue9Q,홀남매holnammae,xOkXMI3CMJk,*누나에게 자이언트 허쉬를 선물해보았….다….. (feat.초코덕후 주의),2020-01-31T15:00:16Z,1251.0,False,282931,5060.0,679.0
4274,UClHUx_fmIGEIuLhyIPgue9Q,홀남매holnammae,u7net7Z-bkk,*[홀남매] 누나가 잠든 후에 feat. BHC,2020-02-04T10:20:16Z,618.0,False,198270,3100.0,269.0
4274,UClHUx_fmIGEIuLhyIPgue9Q,홀남매holnammae,lbcytgr8RIA,*[홀남매] 누나가 잠든 후에...(성공할것인가..),2020-02-09T06:12:20Z,536.0,False,136540,2390.0,139.0
4274,UClHUx_fmIGEIuLhyIPgue9Q,홀남매holnammae,bE9HkoiQnqY,*[홀남매] 오랜만에 아버지 밥상,2020-02-20T11:25:56Z,718.0,False,120207,1697.0,105.0
4274,UClHUx_fmIGEIuLhyIPgue9Q,홀남매holnammae,42M_YiXMb-A,*[홀남매] 티격태격 흑당 버블피자 먹방,2020-02-28T13:00:00Z,602.0,False,175616,2606.0,178.0
4274,UClHUx_fmIGEIuLhyIPgue9Q,홀남매holnammae,terf-Fkml8g,"*[홀남매] 대창 붉볶면 띵조합 +곱창,스팸",2020-03-18T06:49:47Z,439.0,False,108999,1492.0,139.0
4274,UClHUx_fmIGEIuLhyIPgue9Q,홀남매holnammae,UqGtnL_4XWI,*[홀남매] 수저 vs 전동 휘핑기 달고나커피 승자는!?,2020-03-22T03:49:13Z,551.0,False,160187,2577.0,94.0
4274,UClHUx_fmIGEIuLhyIPgue9Q,홀남매holnammae,FuKhNcmy57E,*[홀남매] 누나가 잠든 후에...1인 혼닭 셋트?!?!,2020-03-29T05:34:43Z,532.0,False,131308,2115.0,160.0
4274,UClHUx_fmIGEIuLhyIPgue9Q,홀남매holnammae,kQgi6XFsIBI,*[홀남매] 누나가 김밥 싸줬어요....,2020-04-03T12:44:50Z,613.0,False,288608,3607.0,209.0
4274,UClHUx_fmIGEIuLhyIPgue9Q,홀남매holnammae,_mypSHZgUk8,*[홀남매] 동생이 잠든 후에...,2020-04-09T13:03:13Z,501.0,False,196019,3295.0,210.0
4274,UClHUx_fmIGEIuLhyIPgue9Q,홀남매holnammae,B_HCjcuOnm4,*[홀남매] 엽기 짜장 떡볶이를 먹어봤습니다 그런데?,2020-04-15T03:04:20Z,599.0,False,329927,4254.0,280.0
4274,UClHUx_fmIGEIuLhyIPgue9Q,홀남매holnammae,AlcsrjbzOpI,*[홀남매] 아싸들의 신조어 게임 (feat.명랑핫도그),2020-04-19T06:20:34Z,553.0,False,238730,3477.0,228.0
4274,UClHUx_fmIGEIuLhyIPgue9Q,홀남매holnammae,HX-04XEmdqY,*[홀남매] 핑ㅋi 아침 해주기,2020-04-23T09:16:53Z,656.0,False,250573,3713.0,188.0
4274,UClHUx_fmIGEIuLhyIPgue9Q,홀남매holnammae,iELxIp2CacY,*[홀남매] 홍세림이 다이어트를 한다기에......,2020-04-29T11:37:21Z,688.0,False,321966,4442.0,217.0
4274,UClHUx_fmIGEIuLhyIPgue9Q,홀남매holnammae,Noplej-i83o,*[홀남매] 버거킹..놀라운 크기 메가몬스터x,2020-05-07T11:37:28Z,503.0,False,157490,2369.0,150.0
4274,UClHUx_fmIGEIuLhyIPgue9Q,홀남매holnammae,JxpUr5ukxXI,*[홀남매] 홀남매 변천ㅅㅏ,2020-05-14T13:52:13Z,184.0,False,35105,778.0,87.0
4274,UClHUx_fmIGEIuLhyIPgue9Q,홀남매holnammae,wWs9n0FGGE8,*[홀남매] 역대급 어흥~! 사자성어 빅매치(이벤트),2020-05-20T11:31:47Z,559.0,False,63781,1306.0,425.0
4274,UClHUx_fmIGEIuLhyIPgue9Q,홀남매holnammae,mca0utr0vxk,*[홀남매] 누나가 잠든 후에 마라탕&마라샹궈,2020-05-27T13:07:11Z,586.0,False,159020,2341.0,215.0
4274,UClHUx_fmIGEIuLhyIPgue9Q,홀남매holnammae,IYI1u-fkQCw,*[홀남매] 이것은..궁극의..라면..!,2020-06-02T09:57:17Z,489.0,False,98337,1199.0,85.0
4274,UClHUx_fmIGEIuLhyIPgue9Q,홀남매holnammae,nAfJZApl14E,*[홀남매] 누나랑 도토리 묵사발 만들어 먹기!,2020-06-10T13:33:32Z,563.0,False,95300,1384.0,93.0
4274,UClHUx_fmIGEIuLhyIPgue9Q,홀남매holnammae,LbDHJo_IsuA,*[홀남매] 맥도날드 신메뉴 트리플 치즈버거,2020-06-18T09:42:19Z,667.0,False,128847,1850.0,111.0
4274,UClHUx_fmIGEIuLhyIPgue9Q,홀남매holnammae,k6E3rGjRVtA,"*[홀남매] 인생 차돌,스팸,꽁치 묵은지 김치찜",2020-06-23T13:02:56Z,518.0,False,154374,2017.0,120.0
4274,UClHUx_fmIGEIuLhyIPgue9Q,홀남매holnammae,5EJy1MkVJ2M,*[홀남매] 이삭토스트 왕중왕전!,2020-07-03T11:03:58Z,566.0,False,130376,1592.0,95.0
4274,UClHUx_fmIGEIuLhyIPgue9Q,홀남매holnammae,P-nUYMvHb_8,*[홀동]시원한 냉짬뽕과 매콤한 해물쟁반 짜장면ASMR *Black bean noodle MUKBANG ASMR,2020-07-09T13:47:14Z,481.0,False,91440,1491.0,126.0
4274,UClHUx_fmIGEIuLhyIPgue9Q,홀남매holnammae,Eva4WE5smTo,*[홀남매]  엄마.....?,2020-07-21T09:00:59Z,618.0,False,102061,1822.0,136.0
4274,UClHUx_fmIGEIuLhyIPgue9Q,홀남매holnammae,60tS143qRd0,*[홀동] 먹방중 건물이 흔들려?,2020-07-27T08:40:11Z,412.0,False,69525,767.0,44.0
4274,UClHUx_fmIGEIuLhyIPgue9Q,홀남매holnammae,3r9mpy2y2VY,*[홀동] 굶다 먹은 부대찌개...,2020-08-01T12:29:55Z,378.0,False,64239,825.0,64.0
4274,UClHUx_fmIGEIuLhyIPgue9Q,홀남매holnammae,OoFPHym2S9A,*[#홀동라이브] 동스터 트롯 막걸리 한잔,2020-08-27T11:37:53Z,204.0,False,30240,828.0,104.0
4274,UClHUx_fmIGEIuLhyIPgue9Q,홀남매holnammae,6nIn-ZfaL1o,*[홀남매] (이벤트) 누나가 이번엔 진짜인가 봐요 다이어트 도시락 만들기,2020-08-28T11:40:29Z,1102.0,False,88587,1536.0,491.0
4274,UClHUx_fmIGEIuLhyIPgue9Q,홀남매holnammae,riXrf6KIFsc,*[#홀동라이브]  진성 보릿고개,2020-09-04T11:41:18Z,206.0,False,20767,438.0,76.0
4274,UClHUx_fmIGEIuLhyIPgue9Q,홀남매holnammae,XLEASpBAu0M,*[홀남매랑 떠날카 teaser #1. 2020년 제일 기대되?는 캠핑 대작],2020-09-11T10:00:08Z,64.0,False,29300,653.0,37.0
4274,UClHUx_fmIGEIuLhyIPgue9Q,홀남매holnammae,BJ8HNxis5YY,*[홀남매랑 떠날카 teaser #2.] 문신토시 바이브 찢었다. 울면서 지옥 서핑하며 양양 찢고 온 만찢 홀남매,2020-09-12T10:19:12Z,41.0,True,25597,472.0,23.0
4274,UClHUx_fmIGEIuLhyIPgue9Q,홀남매holnammae,sDDYTs03X2E,*[홀남매랑 떠날카 #1.] 남매의 첫 캠핑은 “양양”?? 체감 40도 날씨에 캠핑카 바퀴가 모래사장에 빠졌어요…,2020-09-17T10:00:10Z,834.0,False,90490,1547.0,55.0
4274,UClHUx_fmIGEIuLhyIPgue9Q,홀남매holnammae,YcZDQ8XA3zY,*[홀남매랑 떠날카 #2.] 모래사장 빠진 차 구출 대작전!! xx컬리 말고 재래시장!? 삼시세끼 직.접. 만들어 먹어야 한다!!! 🔥🥶🥶,2020-09-18T10:03:35Z,715.0,False,66537,912.0,56.0
4274,UClHUx_fmIGEIuLhyIPgue9Q,홀남매holnammae,n3EzbvqeNxM,*[홀남매랑 떠날카 #3.] 주어진 재료로 요리승부! 홀동의 솥밥+삼겹살 이냐! 홀리의 빨간어묵이냐 방송국놈들의 선택은⁉️,2020-09-23T10:00:21Z,685.0,False,72430,1017.0,37.0
4274,UClHUx_fmIGEIuLhyIPgue9Q,홀남매holnammae,kt_4B0BZ88k,"*[홀남매랑 떠날카 #4.] 일출보고 믹스커피 12봉, 황태죽 15인분(?) 뿌수기! 오늘은 msg대신 후추 때려부었어요...",2020-09-25T10:00:27Z,793.0,False,69749,854.0,46.0
4274,UClHUx_fmIGEIuLhyIPgue9Q,홀남매holnammae,jbzJi1pGt1Q,*[홀남매랑 떠날카 #5.] 캠핑카 앞에서 펼쳐진 감자요리 대결 ! 감자전 vs 감자짜글이! 과연 승자는?,2020-09-30T10:00:17Z,840.0,False,40432,555.0,17.0
4274,UClHUx_fmIGEIuLhyIPgue9Q,홀남매holnammae,uC7uoEgtDb8,*[#홀동라이브] 진성 태클을 걸지마,2020-10-01T05:00:12Z,181.0,False,23541,422.0,57.0
4274,UClHUx_fmIGEIuLhyIPgue9Q,홀남매holnammae,OPoU7WXXEC0,*[홀남매랑 떠날카 #6.] 서핑 중 양양 앞바다에 황소 괴물이 나타났다?! 백옥같은 통닭의 정체까지 낱낱이 밝혀지는 양양캠핑 마지막 회!,2020-10-02T10:00:06Z,845.0,False,46332,540.0,29.0
4274,UClHUx_fmIGEIuLhyIPgue9Q,홀남매holnammae,avCrBYx666w,홀남매holnammae님의 실시간 스트림,2020-10-04T05:54:23Z,,False,0,0.0,0.0
4274,UClHUx_fmIGEIuLhyIPgue9Q,홀남매holnammae,r_r6oMiP4oE,*[홀남매] 국민학교 다닐때는 이게 최고였는데...매점빵 편,2020-10-15T09:43:15Z,436.0,False,101389,1102.0,233.0
4274,UClHUx_fmIGEIuLhyIPgue9Q,홀남매holnammae,1NhOeDJTd8I,*[홀남매] *광희 나는 메이플 치킨 먹어봄,2020-10-20T12:06:58Z,564.0,False,317421,3885.0,237.0
4274,UClHUx_fmIGEIuLhyIPgue9Q,홀남매holnammae,fYDCHIQLU1o,*[홀남매] 맥주로 만든 버거가???,2020-10-28T11:09:17Z,485.0,False,94840,1277.0,129.0
4274,UClHUx_fmIGEIuLhyIPgue9Q,홀남매holnammae,bZCNNpZDqW8,*[홀남매]  와 오랜만에 정줄 놓고 먹은 통삽겹살,2020-11-05T10:34:01Z,604.0,False,198858,1864.0,157.0
4274,UClHUx_fmIGEIuLhyIPgue9Q,홀남매holnammae,rRTQDXO75ZE,*[홀남매] 추억의..급식 먹방,2020-11-22T09:29:52Z,504.0,False,195750,1290.0,126.0
4274,UClHUx_fmIGEIuLhyIPgue9Q,홀남매holnammae,oxmKYa8zr8s,*[#홀동라이브] 지나오다_닐로,2021-07-06T11:00:15Z,283.0,False,29602,489.0,68.0
4274,UClHUx_fmIGEIuLhyIPgue9Q,홀남매holnammae,KERvuZSjE3k,*[#홀동라이브] 잘됐으면 좋겠다.,2021-07-15T12:00:17Z,237.0,False,37968,481.0,88.0
4274,UClHUx_fmIGEIuLhyIPgue9Q,홀남매holnammae,4QKRx-vfDAY,*[홀남매] 요즘 가장 핫한 그 밀키트,2021-07-28T10:15:41Z,547.0,False,43434,595.0,98.0
4274,UClHUx_fmIGEIuLhyIPgue9Q,홀남매holnammae,EteXayNJ6cE,[*홀남매] 뷰티유튜버 소윤님이 보내준 김치찜 밀키트 먹어보겠습니다.,2021-08-08T13:01:49Z,461.0,False,47882,490.0,43.0
4274,UClHUx_fmIGEIuLhyIPgue9Q,홀남매holnammae,YOxw8tHk-fI,[#홀동라이브] 그때 헤어지면 돼 _로이킴,2021-08-20T10:54:02Z,276.0,False,32698,323.0,58.0
4275,UChflhu32f5EUHlY7_SetNWw,동빈나,5ZiP4HRFBqU,Pandas의 활용 [ Python 데이터 분석과 이미지 처리 ],2019-10-03T13:30:01Z,633.0,False,5355,71.0,1.0
4275,UChflhu32f5EUHlY7_SetNWw,동빈나,kdf2RLwec8s,Matplotlib의 기초 [ Python 데이터 분석과 이미지 처리 ],2019-10-03T14:00:06Z,443.0,False,23988,231.0,9.0
4275,UChflhu32f5EUHlY7_SetNWw,동빈나,Ghq4oSxk0Fg,Matplotlib 다루기 [ Python 데이터 분석과 이미지 처리 ],2019-10-03T14:45:00Z,330.0,False,6529,54.0,11.0
4275,UChflhu32f5EUHlY7_SetNWw,동빈나,gKCkz0lXWR4,웹 크롤링 [ Python 데이터 분석과 이미지 처리 ] (Web Crawling),2019-10-04T10:00:10Z,480.0,False,7475,83.0,2.0
4275,UChflhu32f5EUHlY7_SetNWw,동빈나,8rgCwpA4Fms,네이버 영화 리뷰 데이터 분석 ① 영화 정보 크롤링 [ Python 데이터 분석과 이미지 처리 ],2019-10-04T10:30:01Z,331.0,False,8745,66.0,9.0
4275,UChflhu32f5EUHlY7_SetNWw,동빈나,L4WMGMtmXFA,네이버 영화 리뷰 데이터 분석 ② 데이터 시각화 [ Python 데이터 분석과 이미지 처리 ],2019-10-04T11:00:08Z,430.0,False,6748,59.0,5.0
4275,UChflhu32f5EUHlY7_SetNWw,동빈나,ASWUxqQqA2c,코딩 테스트에선 무엇을 물어보나요? 어떤 언어가 가장 유리한가요? [ 개발자의 전화 상담소 ],2020-01-18T05:53:11Z,181.0,False,27709,281.0,19.0
4275,UChflhu32f5EUHlY7_SetNWw,동빈나,OsTYA0pWAk0,(비전공자) 인공지능 분야 최신 트렌드를 따라가는 방법 및 논문 읽기 조언 [ 개발자의 전화 상담소 ],2020-02-02T00:58:17Z,482.0,False,33825,874.0,33.0
4275,UChflhu32f5EUHlY7_SetNWw,동빈나,99uxhAjNwps,[꼼꼼한 논문 리뷰] Explaining and Harnessing Adversarial Examples [ICLR 2015] (인공지능 보안/AI Security),2020-02-19T12:00:01Z,3748.0,False,15060,189.0,29.0
4275,UChflhu32f5EUHlY7_SetNWw,동빈나,O9UmjWZL3KQ,딥 페이크(Deepfakes) 최신 연구 동향 - 가짜 영상 제작과 탐지 기술 정리(Deep Learning for Deepfakes Creation and Detection),2020-02-22T09:01:19Z,2014.0,False,9937,201.0,19.0
4275,UChflhu32f5EUHlY7_SetNWw,동빈나,bfoxcZYoGfQ,뉴턴 방법(Newton Method) | 인공지능 및 컴퓨터 비전을 위한 수학 핵심 개념 노트(Mathematics for AI),2020-02-24T12:00:07Z,769.0,False,22262,298.0,13.0
4275,UChflhu32f5EUHlY7_SetNWw,동빈나,nlT-FuOaeJc,볼록 함수(Convex Function) | 인공지능 및 컴퓨터 비전을 위한 수학 핵심 개념 노트(Mathematics for AI),2020-02-25T23:30:01Z,761.0,False,10407,213.0,12.0
4275,UChflhu32f5EUHlY7_SetNWw,동빈나,9kRWHKPyfwQ,[꼼꼼한 논문 리뷰] Towards Evaluating the Robustness of Neural Networks [S&P 2017] (인공지능 보안/AI Security),2020-02-28T11:04:04Z,4194.0,False,6060,93.0,22.0
4275,UChflhu32f5EUHlY7_SetNWw,동빈나,tQHw2EovIOM,미분과 편미분(Ordinary Derivative & Partial Derivative) | 인공지능 및 컴퓨터 비전을 위한 수학 핵심 개념노트(Mathematics for AI),2020-02-29T15:04:58Z,883.0,False,22782,466.0,24.0
4275,UChflhu32f5EUHlY7_SetNWw,동빈나,Y7O47Kq8pmU,"[꼼꼼한 논문 리뷰] Adversarial Examples Are Not Bugs, They Are Features [NIPS 2019] (인공지능 보안)",2020-03-06T13:31:49Z,3175.0,False,4621,97.0,10.0
4275,UChflhu32f5EUHlY7_SetNWw,동빈나,rQmxoLzXYzY,자연대수 e(Euler's number) | 인공지능 및 컴퓨터 비전을 위한 수학 핵심 개념 노트(Mathematics for AI),2020-03-08T07:48:51Z,383.0,False,8489,148.0,7.0
4275,UChflhu32f5EUHlY7_SetNWw,동빈나,6RBpdAC9nwY,[꼼꼼한 논문 리뷰] Towards Deep Learning Models Resistant to Adversarial Attacks [ICLR 2018] (인공지능 보안),2020-03-08T12:00:00Z,3785.0,False,7308,99.0,14.0
4275,UChflhu32f5EUHlY7_SetNWw,동빈나,ySJUlEVlXfk,[꼼꼼한 논문 리뷰] Certified Robustness to Adversarial Examples with Differential Privacy [S&P 2019] (AI보안),2020-03-19T13:00:18Z,6374.0,False,4348,57.0,5.0
4275,UChflhu32f5EUHlY7_SetNWw,동빈나,0O_Bxln9bTw,[꼼꼼한 논문 리뷰] Obfuscated Gradients Give a False Sense of Security [ICML 2018] (인공지능 보안),2020-03-27T12:30:01Z,8579.0,False,3984,57.0,9.0
4275,UChflhu32f5EUHlY7_SetNWw,동빈나,IDtaVjJoV4g,[꼼꼼한 논문 리뷰] Constructing Unrestricted Adversarial Examples with Generative Models [NIPS 2018] (AI보안),2020-03-30T11:15:01Z,4461.0,False,5362,52.0,17.0
4275,UChflhu32f5EUHlY7_SetNWw,동빈나,pOlPlTCfCQE,[꼼꼼한 논문 리뷰] Adversarial Patch: 스티커를 붙이기만 하면 인공지능이 망가진다! [NIPS 2017] (인공지능 보안/AI Security),2020-07-07T14:49:13Z,1478.0,False,5924,97.0,30.0
4275,UChflhu32f5EUHlY7_SetNWw,동빈나,hCWUTvVrG7E,DETR: End-to-End Object Detection with Transformers (꼼꼼한 딥러닝 논문 리뷰와 코드 실습),2020-09-18T21:19:31Z,4553.0,False,66718,733.0,28.0
4275,UChflhu32f5EUHlY7_SetNWw,동빈나,D1j3QiXPRag,Shadow Attack - Semantic Adversarial Examples (꼼꼼한 딥러닝 논문 리뷰와 코드 실습),2020-09-20T06:31:42Z,3128.0,False,9115,93.0,9.0
4275,UChflhu32f5EUHlY7_SetNWw,동빈나,m-9pAwq1o3w,(이코테 2021 강의 몰아보기) 1. 코딩 테스트 출제 경향 분석 및 파이썬 문법 부수기,2020-09-26T15:52:48Z,8503.0,False,358851,3369.0,142.0
4275,UChflhu32f5EUHlY7_SetNWw,동빈나,2zjoKjt97vQ,(이코테 2021 강의 몰아보기) 2. 그리디 & 구현,2020-09-27T12:19:58Z,3280.0,False,177620,1401.0,152.0
4275,UChflhu32f5EUHlY7_SetNWw,동빈나,7C9RgOcvkvo,(이코테 2021 강의 몰아보기) 3. DFS & BFS,2020-09-28T14:40:10Z,3494.0,False,182725,1661.0,107.0
4275,UChflhu32f5EUHlY7_SetNWw,동빈나,PUtFz4vqXHQ,Meta-Transfer Learning for Zero-Shot Super-Resolution (꼼꼼한 딥러닝 논문 리뷰와 코드 실습),2020-09-30T08:23:23Z,3056.0,False,9197,129.0,6.0
4275,UChflhu32f5EUHlY7_SetNWw,동빈나,KGyK-pNvWos,(이코테 2021 강의 몰아보기) 4. 정렬 알고리즘,2020-10-02T00:00:06Z,2614.0,False,71494,499.0,26.0
4275,UChflhu32f5EUHlY7_SetNWw,동빈나,94RC-DsGMLo,(이코테 2021 강의 몰아보기) 5. 이진 탐색,2020-10-03T00:25:06Z,1571.0,False,58763,410.0,23.0
4275,UChflhu32f5EUHlY7_SetNWw,동빈나,5Lu34WIx2Us,(이코테 2021 강의 몰아보기) 6. 다이나믹 프로그래밍,2020-10-04T01:00:00Z,4098.0,False,93425,935.0,85.0
4275,UChflhu32f5EUHlY7_SetNWw,동빈나,acqm9mM1P6o,(이코테 2021 강의 몰아보기) 7. 최단 경로 알고리즘,2020-10-05T09:30:01Z,3948.0,False,72558,638.0,52.0
4275,UChflhu32f5EUHlY7_SetNWw,동빈나,aOhhNFTIeFI,(이코테 2021 강의 몰아보기) 8. 기타 그래프 이론,2020-10-07T03:15:00Z,2672.0,False,30680,203.0,24.0
4275,UChflhu32f5EUHlY7_SetNWw,동빈나,cswJ1h-How0,(이코테 2021 강의 몰아보기) 9. 코딩 테스트에서 자주 출제되는 기타 알고리즘,2020-10-10T00:30:01Z,1809.0,False,24051,146.0,15.0
4275,UChflhu32f5EUHlY7_SetNWw,동빈나,d8KPN79UAKA,(이코테 2021 강의 몰아보기) 10. 개발형 코딩 테스트,2020-10-10T14:07:01Z,1183.0,False,15271,113.0,5.0
4275,UChflhu32f5EUHlY7_SetNWw,동빈나,-r9M4Cj9o_8,StarGAN (꼼꼼한 딥러닝 논문 리뷰와 코드 실습),2020-10-13T00:12:42Z,4840.0,False,18329,281.0,19.0
4275,UChflhu32f5EUHlY7_SetNWw,동빈나,FPcdxHCxH_o,컴퓨터 공학과를 위한 최신 논문 찾아 읽는 방법 정리 (입문자를 위한),2020-10-15T11:40:24Z,751.0,False,91662,1707.0,34.0
4275,UChflhu32f5EUHlY7_SetNWw,동빈나,671BsKl8d0E,ResNet: Deep Residual Learning for Image Recognition (꼼꼼한 딥러닝 논문 리뷰와 코드 실습),2020-10-29T01:44:23Z,3501.0,False,50611,903.0,45.0
4275,UChflhu32f5EUHlY7_SetNWw,동빈나,AjFlp951nz0,자료구조: 우선순위 큐(Priority Queue)와 힙(Heap) 10분 핵심 요약,2020-11-04T11:00:02Z,656.0,False,64408,614.0,19.0
4275,UChflhu32f5EUHlY7_SetNWw,동빈나,O895NbxirM8,"최소 공통 조상(Lowest Common Ancestor, LCA) 알고리즘 10분 정복",2020-11-05T11:02:38Z,569.0,False,16780,139.0,17.0
4275,UChflhu32f5EUHlY7_SetNWw,동빈나,fg2iGP4e2mc,"자료구조: 바이너리 인덱스 트리(Binary Indexed Tree, BIT, 펜윅 트리) 10분 정복",2020-11-06T11:30:03Z,566.0,False,18859,169.0,18.0
4275,UChflhu32f5EUHlY7_SetNWw,동빈나,Ppimbaxm8d8,코딩 테스트를 위한 벨만 포드 알고리즘 7분 핵심 요약,2020-11-07T05:51:49Z,470.0,False,34989,247.0,15.0
4275,UChflhu32f5EUHlY7_SetNWw,동빈나,i5yHkP1jQmo,코딩 테스트를 위한 트리(Tree) 자료구조 10분 핵심 요약,2020-11-08T08:00:06Z,674.0,False,61578,670.0,21.0
4275,UChflhu32f5EUHlY7_SetNWw,동빈나,4DzKM0vgG1Y,[딥러닝 기계 번역] Seq2Seq: Sequence to Sequence Learning with Neural Networks (꼼꼼한 딥러닝 논문 리뷰와 코드 실습),2020-11-12T22:30:00Z,3771.0,False,29639,593.0,30.0
4275,UChflhu32f5EUHlY7_SetNWw,동빈나,EF-IYFTKZiE,[텍스트 분류 모델 공격 기법] TextFooler: Is BERT Really Robust?,2020-11-22T22:07:32Z,3336.0,False,7264,104.0,9.0
4275,UChflhu32f5EUHlY7_SetNWw,동빈나,AA621UofTUA,[딥러닝 기계 번역] Transformer: Attention Is All You Need (꼼꼼한 딥러닝 논문 리뷰와 코드 실습),2020-12-13T06:49:24Z,5297.0,False,211346,3819.0,123.0
4275,UChflhu32f5EUHlY7_SetNWw,동빈나,AVvlDmhHgC4,GAN: Generative Adversarial Networks (꼼꼼한 딥러닝 논문 리뷰와 코드 실습),2020-12-22T22:30:01Z,2984.0,False,69918,1342.0,50.0
4275,UChflhu32f5EUHlY7_SetNWw,동빈나,58fuWVu5DVU,배치 정규화(Batch Normalization) [꼼꼼한 딥러닝 논문 리뷰와 코드 실습],2021-01-14T04:45:02Z,4669.0,False,28367,576.0,39.0
4275,UChflhu32f5EUHlY7_SetNWw,동빈나,oFV00xfrQ9Y,IT 개발 회사 실전 면접 Tip 대방출: 비전공자 가상 면접 (Feat. SW마에스트로),2023-01-14T12:15:02Z,1253.0,False,411104,6050.0,207.0
4275,UChflhu32f5EUHlY7_SetNWw,동빈나,P5qemCucZ14,딥러닝 전이 학습(Transfer Learning) 완벽 이해: BiT 논문 설명 (ECCV 2020),2023-03-25T14:50:00Z,3900.0,False,19744,264.0,26.0
4275,UChflhu32f5EUHlY7_SetNWw,동빈나,k1jwQvWjGNo,비전공자를 위한 이해할 수 있는 파이썬: 1시간 30분으로 파이썬 끝내기,2024-08-31T13:07:29Z,5436.0,False,15249,370.0,28.0
4276,UCdwlxm9i4g4rnTwr4_o4UmQ,송영선시사360,DZPMx_lP-S8,"이스라엘-이란 확전 초 읽기. 이란 핵 초토화,미국 개입?  트럼프 숙고 중",2025-06-18T11:59:21Z,746.0,False,3472,470.0,20.0
4276,UCdwlxm9i4g4rnTwr4_o4UmQ,송영선시사360,3M70OikVeRM,이재명  대책 있나? 트럼프  이란 전쟁 개입시 한국 경제 안보에 치명적 영향,2025-06-19T08:26:39Z,1478.0,False,6934,1100.0,68.0
4276,UCdwlxm9i4g4rnTwr4_o4UmQ,송영선시사360,JRP0pN0zrr8,"국힘, 주진우 혼자 싸우네.법사위원장 못 얻어 내면  유령당에 불과.  댱  존재 명분은?",2025-06-21T12:03:52Z,918.0,False,4868,919.0,83.0
4276,UCdwlxm9i4g4rnTwr4_o4UmQ,송영선시사360,dhR4qdq-bNI,트럼프-이란 전쟁 시작. 이재명 25만원 돈 배금.이렇게 한가한  인기 놀음 하고 있을 때가 아니다,2025-06-22T04:21:12Z,869.0,False,7617,1163.0,55.0
4276,UCdwlxm9i4g4rnTwr4_o4UmQ,송영선시사360,6uGnvQtnjzk,'김민석은 좋은 총리 후보가 아니다.' 정규재가 앞장서는 이유와 배경은?,2025-06-22T09:34:20Z,652.0,False,4310,605.0,26.0
4276,UCdwlxm9i4g4rnTwr4_o4UmQ,송영선시사360,wDV3H1JCzdI,이재명 NATO회의 불참. 미국 눈 밖으로 점점 더 밀려나고 친중   행보로 비춰,2025-06-23T00:57:30Z,894.0,False,4461,810.0,66.0
4276,UCdwlxm9i4g4rnTwr4_o4UmQ,송영선시사360,uejruTU5TNY,"지역 화페로 인기 끌 때가 아니다.  트럼프에게 매달려라.  호르무즈 해협 봉쇄, 한국 경제 폭망 전",2025-06-23T02:26:16Z,1232.0,False,2636,461.0,10.0
4276,UCdwlxm9i4g4rnTwr4_o4UmQ,송영선시사360,n4wMv63dt5s,"타임스퀘어, 내셔날 프레스 클럽, 와싱턴 타임즈가 전 세계에  한국 부정 선고 고발. 국힘만 무관심",2025-06-24T03:18:29Z,1156.0,False,3953,943.0,68.0
4276,UCdwlxm9i4g4rnTwr4_o4UmQ,송영선시사360,pH-x92qfEAQ,"조갑제, 정규재의 이재명 칭송. 어떤 보상을 기대하고 있을까?",2025-06-29T08:36:45Z,1006.0,False,12404,1811.0,206.0
4276,UCdwlxm9i4g4rnTwr4_o4UmQ,송영선시사360,Ir_GEswJoSw,"김문수, 내가 이재명에 맞서 싸우겠다. 국힘, 제발 하나로 뭉쳐만 다오.",2025-07-05T09:38:27Z,1432.0,False,7529,1323.0,205.0
4276,UCdwlxm9i4g4rnTwr4_o4UmQ,송영선시사360,TWjYYjD_Bjc,"이재명, 극찬하는 국힘 비대위원에게 한 자리 줄까? 회생 가능성 안 보인다.",2025-07-07T10:41:11Z,1047.0,False,3812,669.0,69.0
4276,UCdwlxm9i4g4rnTwr4_o4UmQ,송영선시사360,TDK2hnK5jBs,"윤통, 손절하고 다시 감방 보내고 탄핵 찬성이' 혁신' 인가? 충격, 새 혁신위원장",2025-07-12T11:12:15Z,1264.0,False,12682,2379.0,270.0
4276,UCdwlxm9i4g4rnTwr4_o4UmQ,송영선시사360,KH2OpcwgeOs,"美, ''7031조'로  독재자 쿠바 대통령 美 입국 금지.  이재명에게도 적용 할까?",2025-07-13T04:25:59Z,905.0,False,1807,438.0,15.0
4276,UCdwlxm9i4g4rnTwr4_o4UmQ,송영선시사360,h0p63nShL8g,"이재명 정권의 외교 수준. 비 전문가  특사단, 유람단 인가? 협상 목적인가?",2025-07-14T00:29:42Z,1092.0,False,1973,358.0,14.0
4276,UCdwlxm9i4g4rnTwr4_o4UmQ,송영선시사360,U3tY5-O6EDU,"강인덕 전 장관, 전작권 환수는  시기 상조. 공산권 국가와는 힘의 외교가 正道' 다.",2025-07-14T03:21:33Z,1234.0,False,1167,209.0,11.0
4276,UCdwlxm9i4g4rnTwr4_o4UmQ,송영선시사360,GGDaTJ06N2M,모스탄대사는 왜 다시 한국에 온 것인가? 귀국후  서울에 불어 올 후폭풍은?,2025-07-15T09:16:03Z,1412.0,False,4481,1070.0,42.0
4276,UCdwlxm9i4g4rnTwr4_o4UmQ,송영선시사360,-kxcY3Ia-p0,"트럼프,  브라질  전 대통령  '정치적 재판'에 대한 보복 관세 50%. 한국에게도?",2025-07-17T04:18:36Z,1158.0,False,2163,482.0,19.0
4276,UCdwlxm9i4g4rnTwr4_o4UmQ,송영선시사360,cJoVTGNU3BA,"소비 쿠폰 20조. '경제 마중물'? / 트럼프 14조 방위비 못 들은 체 /경제도, 안보도 다 망해",2025-07-19T02:44:54Z,1328.0,False,2463,464.0,25.0
4276,UCdwlxm9i4g4rnTwr4_o4UmQ,송영선시사360,wOCVQgJGe14,"조현,  美 핵잠수함 공동 보유 검토 하겠다고? 김준형, 美 모스탄 대사 지명 거부 제안.  소가 웃는다.",2025-07-19T04:49:08Z,1185.0,False,1778,372.0,11.0
4276,UCdwlxm9i4g4rnTwr4_o4UmQ,송영선시사360,GOG_nxLQXGo,"채상병 특검팀,  이영훈, 김장환 목사 압수 수색, 진짜 이유는?  종교세 만들까?",2025-07-20T06:26:40Z,961.0,False,9685,1077.0,90.0
4276,UCdwlxm9i4g4rnTwr4_o4UmQ,송영선시사360,0Yh-8WR-zqA,"조현, 모스탄 막아 미국과 맞짱 뜨겠다는데....위성락 방미 관세 협상, 가능할까?",2025-07-23T10:32:29Z,875.0,False,5331,922.0,62.0
4276,UCdwlxm9i4g4rnTwr4_o4UmQ,송영선시사360,AY407-86n80,"2+2 관세 협상, 방미 출발전 불발 통보. 트럼프의 이재명 패싱?  왜?",2025-07-24T04:23:09Z,862.0,False,4096,747.0,30.0
4276,UCdwlxm9i4g4rnTwr4_o4UmQ,송영선시사360,ovYGxuIUMGA,"美 소고기 협상 결렬, 尹통 인권탄압에 대해 트럼프 ""정치 보복관세'  50%까지 때릴수도.",2025-07-26T05:19:04Z,1088.0,False,7307,1202.0,69.0
4276,UCdwlxm9i4g4rnTwr4_o4UmQ,송영선시사360,FvU83lGS4sY,"오산기지는 한미연합작전의 거점. 미군이 설립, 사용하는 공군기지를  미국 협조 없이 압수수색?",2025-07-27T04:06:52Z,1150.0,False,5229,1132.0,51.0
4276,UCdwlxm9i4g4rnTwr4_o4UmQ,송영선시사360,NxcmXkTo-iw,"이준석 사면초가다. 검찰,경찰, 이재명까지 목 죈다. 사필귀정인가?",2025-07-29T07:03:43Z,923.0,False,6136,983.0,31.0
4276,UCdwlxm9i4g4rnTwr4_o4UmQ,송영선시사360,BFYIuy_eA4w,관세 협상 될리가 없지. 단순한 돈의 문제 아니야. 아직도 미국 생각 모르는듯. '조선투자로 미국 설득? 택도 없다.  尹 석방하고 협상해라,2025-07-30T12:25:37Z,1142.0,False,3830,817.0,44.0
4276,UCdwlxm9i4g4rnTwr4_o4UmQ,송영선시사360,CkKO3ZxgbP4,빛좋은 개살구 관세협상. 15%로 국민 속이지마라.완전 밑진 장사.  이재명 트럼프에 꼬 꿰었다. 친중은 포기해라.,2025-07-31T03:32:07Z,1045.0,False,5151,930.0,58.0
4276,UCdwlxm9i4g4rnTwr4_o4UmQ,송영선시사360,VGPzk64np2w,"트럼프, '2주후 와싱턴에서 보자'  왜? 관세 협상때문?  이재명에게  어떤 숙제를던질까?",2025-07-31T11:39:27Z,957.0,False,4413,923.0,49.0
4276,UCdwlxm9i4g4rnTwr4_o4UmQ,송영선시사360,Qp3vstfcJK0,"트럼프가 만나자는데 엉덩이 빼는 이재명. 성공적인 관세협상 이라면서, 왜?  뭐가 캥키나? 한국 경제 폭망",2025-08-02T04:58:30Z,1367.0,False,10379,1620.0,84.0
4276,UCdwlxm9i4g4rnTwr4_o4UmQ,송영선시사360,HShlGzub3A0,"국힘, 이재명 2중대 자처  전당 대회 집어 치워라. 대통령 버리고 혁신? 내란프레임에 자승자박",2025-08-03T06:34:31Z,912.0,False,3445,724.0,70.0
4276,UCdwlxm9i4g4rnTwr4_o4UmQ,송영선시사360,psfwVzlKm7Q,"트럼프, 尹통 vs.  보오소나루 상황  달리 보나? 왜? 언제, 어떻게 한국에 개입 할까?",2025-08-06T03:42:11Z,1271.0,False,4594,944.0,37.0
4276,UCdwlxm9i4g4rnTwr4_o4UmQ,송영선시사360,uw1GEmMYJr8,"국힘 지지율 16%. 다친 대통령  외면한 국힘, 국민으로부터 먼저 버림  받는다.",2025-08-07T11:29:18Z,946.0,False,5462,1238.0,166.0
4276,UCdwlxm9i4g4rnTwr4_o4UmQ,송영선시사360,7k2XV0RU-tY,尹탄핵 반대  전한길 징계하면  국힘은  더 이상 정당으로 존립 어려울 듯.,2025-08-09T10:21:00Z,1041.0,False,13238,2755.0,342.0
4276,UCdwlxm9i4g4rnTwr4_o4UmQ,송영선시사360,PdIuW5kKZUw,"김민수, 화이팅!  국힘 재건에 반드시 필요한  鬪士. 불임 정당 국힘이여, 행동으로 돌진하라.",2025-08-10T04:52:38Z,1018.0,False,4604,1112.0,119.0
4276,UCdwlxm9i4g4rnTwr4_o4UmQ,송영선시사360,8zSu6B7wGjU,이재명 추락 가속화 추세. 국민들이 보는 것을 국힘은 아직도 못 보나? 분열 멈추고 싸워라. 제발.,2025-08-11T09:58:39Z,1075.0,False,3503,732.0,32.0
4276,UCdwlxm9i4g4rnTwr4_o4UmQ,송영선시사360,TdrcTgLclBw,"정청래, 조국 특사에  속 앓이. 이재명, 정청래 보다는  文과 손잡는 것이 낫다 판단?",2025-08-12T10:30:07Z,1308.0,False,4143,661.0,16.0
4276,UCdwlxm9i4g4rnTwr4_o4UmQ,송영선시사360,q5yo_oWL3Qw,반쪽 짜리 '국민 임명식' 왜 하나? '국민이 주인인 국가' 임을 보여주기 위해서라고? 아직 대통령 아닌가?,2025-08-13T04:15:35Z,970.0,False,3604,696.0,51.0
4276,UCdwlxm9i4g4rnTwr4_o4UmQ,송영선시사360,b-BKm1GL9g4,"국힘 지지율 36.7% 급등. 이제 투쟁의 시작이다.  국힘 , 이재명 정권 퇴치에 결집하라. 이 전쟁에서 지면 끝이다.",2025-08-18T08:36:14Z,1309.0,False,4222,787.0,58.0
4276,UCdwlxm9i4g4rnTwr4_o4UmQ,송영선시사360,Bl4SXFNIJts,국힘은 끝났다.,2025-08-27T02:41:59Z,1175.0,False,25291,2638.0,1045.0
4276,UCdwlxm9i4g4rnTwr4_o4UmQ,송영선시사360,Gucd6jTpppY,"빛 좋은 개살구  한미정상회담, 진짜  얻어낸게 뭐꼬?",2025-09-01T07:19:45Z,1314.0,False,2251,464.0,32.0
4276,UCdwlxm9i4g4rnTwr4_o4UmQ,송영선시사360,mTvD313vnzc,트럼프는 관세 합의서보다 한국 상황에 더 큰 관심을 가지고 있다. 2025 09 03 12 28 07,2025-09-03T04:07:58Z,1374.0,False,2374,448.0,21.0
4276,UCdwlxm9i4g4rnTwr4_o4UmQ,송영선시사360,KxRZ6gj7cnQ,북한 핵 폐기 가능할까?,2025-09-03T10:56:06Z,2439.0,False,1286,189.0,12.0
4276,UCdwlxm9i4g4rnTwr4_o4UmQ,송영선시사360,pKF3wjgRyL4,"미,  한국인 332명 체포  구속. 李에 대한 트럼프의 경고. 불법 이민  문제가 전부가  아니야.",2025-09-07T05:19:15Z,1306.0,False,7619,1361.0,74.0
4276,UCdwlxm9i4g4rnTwr4_o4UmQ,송영선시사360,ACKWE3FJbQk,"332명은 시작에 불과.  트럼프, '李의 모호성'  절대 용납 않는다.",2025-09-10T09:27:07Z,1522.0,False,4236,725.0,35.0
4276,UCdwlxm9i4g4rnTwr4_o4UmQ,송영선시사360,C7fDO2KOG1M,"민주당, 이진숙 체급 키워준 후  어떻게 다시 공격할까? 2025 10 05 18 48 41",2025-10-05T10:25:02Z,1041.0,False,5466,817.0,31.0
4276,UCdwlxm9i4g4rnTwr4_o4UmQ,송영선시사360,XEgfea9PyeM,"문형배, 관종? 기회주의자? 이재명에게 복수?  간청? 원하는게  무엇?",2025-10-24T11:49:34Z,661.0,False,4123,866.0,64.0
4276,UCdwlxm9i4g4rnTwr4_o4UmQ,송영선시사360,-0GuKeZqHX8,"美,국방수권법, 철벽같은 미국 입장. 28,500명에서 1명도 못 빼. 전작권 환수는 美  필요에 따라 결정",2025-10-24T13:35:48Z,970.0,False,2916,397.0,19.0
4276,UCdwlxm9i4g4rnTwr4_o4UmQ,송영선시사360,X38uIjl3o8M,"APEC 관세 협상,  기대하지 마라. 트럼프-이재명 자기 주장만 하다가....",2025-10-27T11:39:01Z,1050.0,False,1793,290.0,13.0
4276,UCdwlxm9i4g4rnTwr4_o4UmQ,송영선시사360,20DiNVSr5yA,관세 협상 완승이라고?  또 속나? 트럼프 완승. 왜  핵추진  잠수함 승인했나? 트럼프에 코 꿴 이재명,2025-10-31T10:03:08Z,1120.0,False,3826,514.0,18.0
4276,UCdwlxm9i4g4rnTwr4_o4UmQ,송영선시사360,Vnm8K52Dgls,트럼프가  베네수엘라를 공격한 진짜 목적은 무엇인가?,2026-01-04T16:52:41Z,1327.0,False,17449,2268.0,112.0
4277,UCU-DCarcWAqaPpdD5Rm0NgA,윤석열 정부를 만드는 청년들,9vIKzKSKjgA,국토부 청년보좌역의 삶 : 정연우 1부,2023-04-08T11:30:07Z,945.0,False,1667,219.0,23.0
4277,UCU-DCarcWAqaPpdD5Rm0NgA,윤석열 정부를 만드는 청년들,JAwISJk9PIs,국토부 청년보좌역의 삶 : 정연우 2부,2023-04-16T11:45:07Z,998.0,False,1400,212.0,33.0
4277,UCU-DCarcWAqaPpdD5Rm0NgA,윤석열 정부를 만드는 청년들,QLr8gwsxmVE,윤석열의 청년들 1탄 ! : 중소벤처기업부 청년보좌역편: 이석호 (1부),2023-05-06T08:00:12Z,994.0,False,1366,150.0,20.0
4277,UCU-DCarcWAqaPpdD5Rm0NgA,윤석열 정부를 만드는 청년들,vALF1665tGM,윤석열의 청년들 1탄 ! : 중소벤처기업부 청년보좌역편 : 이석호 (2부),2023-05-20T11:45:10Z,2297.0,False,1596,167.0,19.0
4277,UCU-DCarcWAqaPpdD5Rm0NgA,윤석열 정부를 만드는 청년들,j1QvqIJwH8M,윤석열의 청년들 2탄 ! : 행정안전부 청년보좌역편 : 박진감 (1부),2023-05-28T11:45:07Z,1019.0,False,2135,231.0,31.0
4277,UCU-DCarcWAqaPpdD5Rm0NgA,윤석열 정부를 만드는 청년들,Ny7fM_KxbwQ,윤석열의 청년들 2탄! : 행정안전부 청년보좌역편 : 박진감 (2부),2023-06-10T11:45:09Z,2032.0,False,1910,268.0,26.0
4277,UCU-DCarcWAqaPpdD5Rm0NgA,윤석열 정부를 만드는 청년들,mA6tPc1bm0E,좌충우돌 '손윤희 여성 청년보좌역' 브이로그 ! (in 보건복지부),2023-08-13T12:00:08Z,852.0,False,4600,278.0,52.0
4277,UCU-DCarcWAqaPpdD5Rm0NgA,윤석열 정부를 만드는 청년들,sUxpDvProCQ,영화 : 바보 윤석열,2025-03-09T09:00:06Z,265.0,False,249195,33019.0,4369.0
4277,UCU-DCarcWAqaPpdD5Rm0NgA,윤석열 정부를 만드는 청년들,H-Utdh22JPs,영화 : 바보 윤석열 2,2025-03-28T09:30:06Z,378.0,False,27290,5308.0,620.0
4278,UC5QSSi2TRYChYxGxUd2Toww,천우희의 HEESTORY,F1JSYU_bwqs,[천우희의 희희낙낙] EP.01 “가...갑자기...?” 집순이 천우희가 놀란 이유는?,2018-11-09T09:30:00Z,292.0,False,138584,2586.0,159.0
4278,UC5QSSi2TRYChYxGxUd2Toww,천우희의 HEESTORY,6eyYr9R-4oU,[천우희의 희희낙낙] EP.02 한강 어디까지 해봤니? (ft.출구없는 매력),2018-11-09T09:34:30Z,482.0,False,155826,3080.0,233.0
4278,UC5QSSi2TRYChYxGxUd2Toww,천우희의 HEESTORY,BFKotKxLUuQ,[천우희의 희희낙낙] 단독! 천우희 채널 개국방송 ※구독필수※,2018-11-09T10:30:00Z,53.0,True,70346,2115.0,196.0
4278,UC5QSSi2TRYChYxGxUd2Toww,천우희의 HEESTORY,j7zpsquyAp8,[천우희의 희희낙낙] EP.03 우희와 함께 캘리 길만 걷자 (구.서예반에이스),2018-11-10T05:00:03Z,462.0,False,94618,2213.0,187.0
4278,UC5QSSi2TRYChYxGxUd2Toww,천우희의 HEESTORY,AU0MBqhmOpc,"[천우희의 희희낙낙] EP.04 VR하다가 울지 않은 자, 인생을 논하지말라",2018-12-01T05:00:00Z,470.0,False,416034,5413.0,357.0
4278,UC5QSSi2TRYChYxGxUd2Toww,천우희의 HEESTORY,HbtDw1a1IIU,[천우희의 희희낙낙] EP.05 슈퍼히어로를 꿈꾸는 천우희!? (마블스튜디오 보고있나?),2018-12-15T05:00:02Z,370.0,False,58288,1464.0,109.0
4278,UC5QSSi2TRYChYxGxUd2Toww,천우희의 HEESTORY,i3osgyupW7Q,[천우희의 희희낙낙] EP.11 동묘에서 수액 찾는 꿀팁대방출! 15만원으로 옷 8벌 샀는데 한 번 봐주실래요?,2019-04-13T05:00:04Z,557.0,False,434343,6650.0,657.0
4278,UC5QSSi2TRYChYxGxUd2Toww,천우희의 HEESTORY,GhJkFWH5Tt0,[천우희의 희희낙낙] EP.13 🌸봄이 오고 꽃우희가 왔다🌸 (희희낙낙 마지막 방송...?),2019-05-11T05:00:01Z,552.0,False,78341,2069.0,229.0
4278,UC5QSSi2TRYChYxGxUd2Toww,천우희의 HEESTORY,f6BzBE6Fpas,[천우희의 희희낙낙] EP.15 당구장에 간 이유? “멋있잖아요” (사실은 짜장면에 탕수육 심어먹으려고..),2019-06-22T05:00:02Z,535.0,False,1294356,9186.0,895.0
4278,UC5QSSi2TRYChYxGxUd2Toww,천우희의 HEESTORY,v_1bVhkpuZo,[천우희의 희희낙낙] EP.17 🔥실내사격장 접수🔥 호크아이 저리가라 양궁실력은?,2019-08-03T05:00:02Z,507.0,False,621708,6012.0,492.0
4278,UC5QSSi2TRYChYxGxUd2Toww,천우희의 HEESTORY,Mk-RXdBXX64,[천우희의 희희낙낙] EP.18 “술먹고 밥먹고 다 보여드립니다” 숨김없는 여배우의 영화제 속 모습은? #부산국제영화제,2019-10-26T05:00:02Z,568.0,False,402667,5960.0,415.0
4278,UC5QSSi2TRYChYxGxUd2Toww,천우희의 HEESTORY,-JusaWz7vug,[천우희의 희희낙낙] EP.19 천만대군을 이끄는 천우희의 급 팬미팅현장 (이천에서 태어난 부산의 딸),2019-11-09T05:10:38Z,425.0,False,91664,2705.0,214.0
4278,UC5QSSi2TRYChYxGxUd2Toww,천우희의 HEESTORY,mhjjSYpG_8A,"[천우희의 희희낙낙] EP.20 자를까? 말까? 고민될 때, 올겨울에 어울리는 단발머리와 실버버튼 언박싱",2019-11-23T05:00:05Z,420.0,False,1024427,11786.0,785.0
4278,UC5QSSi2TRYChYxGxUd2Toww,천우희의 HEESTORY,5HnVlhx633A,#천우희 #희스토리 #heestory,2022-04-15T11:00:02Z,34.0,True,21009,837.0,97.0
4278,UC5QSSi2TRYChYxGxUd2Toww,천우희의 HEESTORY,ebnWOsXblG4,[천우희의 heestory] 희스토리로 돌아왔습니다 첫 콘텐츠는 앵커 시사회 현장을 담아보았어요 #앵커시사회,2022-04-23T03:16:53Z,542.0,False,20756,680.0,103.0
4278,UC5QSSi2TRYChYxGxUd2Toww,천우희의 HEESTORY,wSMELv0K8yw,#천우희의HEESTORY #커밍쑨 #많관부,2022-06-11T03:00:20Z,14.0,True,11299,374.0,35.0
4278,UC5QSSi2TRYChYxGxUd2Toww,천우희의 HEESTORY,5N51T-e2WBw,[천우희의 heestory] 글루텐프리 베이킹👩‍🍳,2022-06-11T06:00:01Z,532.0,False,46891,989.0,98.0
4278,UC5QSSi2TRYChYxGxUd2Toww,천우희의 HEESTORY,vJHG157oc_0,[천우희의 heestory] 엄마의 텃(세)밭 가꾸기,2022-07-23T05:00:17Z,355.0,False,45420,1042.0,168.0
4279,UCF_R5sUdfi4msuMlhyfXaOw,피아노요정 숑아,F6wfkri6Dn8,노아 방주 탄 거 인증합니다(?),2025-12-21T06:30:14Z,52.0,True,3310,47.0,4.0
4279,UCF_R5sUdfi4msuMlhyfXaOw,피아노요정 숑아,pquV41Czw2o,10억짜리 게임,2025-12-24T08:30:28Z,30.0,True,4138,28.0,1.0
4279,UCF_R5sUdfi4msuMlhyfXaOw,피아노요정 숑아,lz0eUjbJXPw,전세계에서 1%만 읽을 수 있는 암호,2025-12-28T06:30:33Z,35.0,True,38848,174.0,11.0
4279,UCF_R5sUdfi4msuMlhyfXaOw,피아노요정 숑아,PprX9l-oJ1w,일단 나는 다 틀림 ㅎㅎ;;,2025-12-31T08:30:12Z,65.0,False,9121,49.0,3.0
4279,UCF_R5sUdfi4msuMlhyfXaOw,피아노요정 숑아,AS39uu9dS9A,3년씩이나 사진 공개를 거부한 이유ㄷㄷ,2026-01-04T06:30:10Z,482.0,False,6444,172.0,39.0
4279,UCF_R5sUdfi4msuMlhyfXaOw,피아노요정 숑아,sDoPw8VoTQ8,관광지에 제발 “이것” 좀 없애주세요ㅠ,2026-01-07T08:30:26Z,44.0,True,19172,145.0,8.0
4279,UCF_R5sUdfi4msuMlhyfXaOw,피아노요정 숑아,TzvZkMfkOhY,그 이상은 안 돼 임마!!!,2026-01-11T06:30:18Z,29.0,True,26060,119.0,6.0
4279,UCF_R5sUdfi4msuMlhyfXaOw,피아노요정 숑아,vM_Igwg631E,선곡 폼 미쳤다,2026-01-14T08:30:27Z,47.0,True,2928,24.0,3.0
4279,UCF_R5sUdfi4msuMlhyfXaOw,피아노요정 숑아,tECog_7oJck,구간반복 앵무새,2026-01-18T06:30:25Z,56.0,True,3521,45.0,3.0
4279,UCF_R5sUdfi4msuMlhyfXaOw,피아노요정 숑아,5ljDTZ1gRZE,피아노 학원 PTSD,2026-01-21T08:30:03Z,44.0,True,2414,38.0,2.0
4279,UCF_R5sUdfi4msuMlhyfXaOw,피아노요정 숑아,VFoD0TfBtPU,코리안 개딱딱 케이크,2026-01-25T06:30:17Z,32.0,True,11095,120.0,14.0
4279,UCF_R5sUdfi4msuMlhyfXaOw,피아노요정 숑아,lDxmHjjaRRk,AI로 만든 땡벌 아이돌 커버,2026-01-28T08:30:22Z,78.0,False,2619,29.0,2.0
4279,UCF_R5sUdfi4msuMlhyfXaOw,피아노요정 숑아,vKiw_SvR0mk,스킵 안 되는 광고로 1년동안 고통받는 영상,2026-02-01T06:30:29Z,429.0,False,3610,111.0,14.0
4279,UCF_R5sUdfi4msuMlhyfXaOw,피아노요정 숑아,Geo3NpEgEgk,골전도 헤드폰,2026-02-01T07:00:13Z,17.0,True,7588,52.0,4.0
4279,UCF_R5sUdfi4msuMlhyfXaOw,피아노요정 숑아,cLJZPim-nAQ,키링을 샀더니 케이크를 줬어요!,2026-02-04T09:14:49Z,60.0,True,5068,68.0,5.0
4279,UCF_R5sUdfi4msuMlhyfXaOw,피아노요정 숑아,hX6xvew7fjA,750만원짜리 그래픽 카드가 필요한 이유,2026-02-08T06:30:23Z,51.0,True,6199,66.0,7.0
4279,UCF_R5sUdfi4msuMlhyfXaOw,피아노요정 숑아,A7tY6B55VKA,한국 오디션에서 준우승한 필리핀 가수 ㄷㄷ,2026-02-11T08:30:08Z,60.0,True,6935,58.0,4.0
4279,UCF_R5sUdfi4msuMlhyfXaOw,피아노요정 숑아,lDV8qO8GN-8,장인도 도구탓 하긴 함 ㄹㅇㅋㅋ,2026-02-15T06:30:23Z,57.0,True,19623,141.0,16.0
4279,UCF_R5sUdfi4msuMlhyfXaOw,피아노요정 숑아,9v1T0uWCP7E,라면 면 빼고 먹기,2026-02-16T03:00:15Z,65.0,False,22280,324.0,9.0
4279,UCF_R5sUdfi4msuMlhyfXaOw,피아노요정 숑아,bWJiAFPn2bM,🌞 새해 소원 빌고 가세요 🌞,2026-02-17T01:00:47Z,119.0,False,5891,76.0,8.0
4279,UCF_R5sUdfi4msuMlhyfXaOw,피아노요정 숑아,ehzqbFXQjJA,요즘 학생들도 이러나요?,2026-02-18T08:30:32Z,67.0,False,16610,233.0,21.0
4279,UCF_R5sUdfi4msuMlhyfXaOw,피아노요정 숑아,uZf4R5Gb_JU,안 죄송해요 쌤,2026-02-22T06:30:35Z,11.0,True,28814,246.0,13.0
4279,UCF_R5sUdfi4msuMlhyfXaOw,피아노요정 숑아,FM226cW_41w,이상한 거 적지 마라 ㅡㅡ,2026-02-25T08:00:30Z,40.0,True,14842,172.0,30.0
4279,UCF_R5sUdfi4msuMlhyfXaOw,피아노요정 숑아,xLidVvT7iZc,너네는 생일에 하이디라오 가지마라…,2026-03-01T03:00:55Z,429.0,False,2314,95.0,13.0
4279,UCF_R5sUdfi4msuMlhyfXaOw,피아노요정 숑아,9Q9eyTg4jg4,카페인 국밥 ㄷㄷ,2026-03-04T08:00:15Z,59.0,True,2293,57.0,9.0
4279,UCF_R5sUdfi4msuMlhyfXaOw,피아노요정 숑아,SKmspETD3xc,🚫진짜로 경고했습니다🚫,2026-03-08T06:30:14Z,50.0,True,4017,77.0,9.0
4279,UCF_R5sUdfi4msuMlhyfXaOw,피아노요정 숑아,oTddCABRv3s,진짜 단 한편도 안 봤다고?,2026-03-11T08:30:26Z,37.0,True,4813,54.0,8.0
4279,UCF_R5sUdfi4msuMlhyfXaOw,피아노요정 숑아,ySGjx_HzErQ,3초만에 실험 가능한 인체의 신비,2026-03-15T06:00:43Z,26.0,True,21014,123.0,9.0
4279,UCF_R5sUdfi4msuMlhyfXaOw,피아노요정 숑아,bR99pPTzf-E,개 찰진 웃음 비트🤣🤣,2026-03-18T08:30:21Z,51.0,True,4345,74.0,5.0
4279,UCF_R5sUdfi4msuMlhyfXaOw,피아노요정 숑아,anXVNILjimE,너만 없으면 모두가 행복해 져,2026-03-22T06:00:02Z,38.0,True,5841,81.0,5.0
4279,UCF_R5sUdfi4msuMlhyfXaOw,피아노요정 숑아,cNBqt36oMdo,↑개조심 숑아조심↑,2026-03-25T08:30:30Z,39.0,True,3975,54.0,1.0
4279,UCF_R5sUdfi4msuMlhyfXaOw,피아노요정 숑아,mLCns_EbB4A,특이점이 와버린 헌팅 장소,2026-03-29T06:30:00Z,43.0,True,5371,74.0,7.0
4279,UCF_R5sUdfi4msuMlhyfXaOw,피아노요정 숑아,w56B_DgA2f0,3만원이지만 또 먹고 싶은 망고 탕수육입니다,2026-04-01T08:30:00Z,72.0,False,2647,53.0,7.0
4279,UCF_R5sUdfi4msuMlhyfXaOw,피아노요정 숑아,M7_htiPAT2s,너무 많은 걸 생략한 시청자,2026-04-04T18:15:03Z,19.0,True,8482,74.0,1.0
4279,UCF_R5sUdfi4msuMlhyfXaOw,피아노요정 숑아,QS1Xi2JzWPg,두쫀쿠 최후의 날,2026-04-05T06:00:16Z,381.0,False,1410,62.0,9.0
4279,UCF_R5sUdfi4msuMlhyfXaOw,피아노요정 숑아,_ndcjbnvbNw,그날 인류는 떠올렸다ㄷㄷ,2026-04-08T08:30:17Z,49.0,True,4559,81.0,3.0
4279,UCF_R5sUdfi4msuMlhyfXaOw,피아노요정 숑아,H3l6X4YlsiY,타이레놀 뚜껑 여는 방법 대공개 (정말 쉬워요👍👍👍),2026-04-12T06:00:19Z,48.0,True,15477,192.0,34.0
4279,UCF_R5sUdfi4msuMlhyfXaOw,피아노요정 숑아,V562EKInUpQ,매운척 하느라 힘들다 ㅋ,2026-04-14T11:03:56Z,74.0,False,9931,183.0,12.0
4279,UCF_R5sUdfi4msuMlhyfXaOw,피아노요정 숑아,rljYILie15Q,이게 왜 맛있는건데ㅋㅋㅋㅋ,2026-04-15T08:30:28Z,96.0,False,24782,474.0,12.0
4279,UCF_R5sUdfi4msuMlhyfXaOw,피아노요정 숑아,SXID1EPrB9I,요즘 미국 젊은이들 입맛이 왜이래,2026-04-16T08:30:14Z,101.0,False,6136,160.0,12.0
4279,UCF_R5sUdfi4msuMlhyfXaOw,피아노요정 숑아,UyFNabvfxjo,악보대로 연주하고 있는 건뒈요~🤷‍♂️,2026-04-19T06:30:14Z,44.0,True,3798,57.0,4.0
4279,UCF_R5sUdfi4msuMlhyfXaOw,피아노요정 숑아,54Ci3VdrEMw,롯데리아 삐딱한 천재 버거 2개 먹는 방법..ㅜ,2026-04-22T08:30:01Z,101.0,False,25687,444.0,38.0
4279,UCF_R5sUdfi4msuMlhyfXaOw,피아노요정 숑아,m9w6VJ6dcZs,"그런 학과는 없는 거야, 친구야…",2026-04-26T06:30:33Z,28.0,True,14656,184.0,8.0
4279,UCF_R5sUdfi4msuMlhyfXaOw,피아노요정 숑아,OO119ItZmtk,배기성님에게 닿기를,2026-04-29T08:30:21Z,48.0,True,9517,144.0,5.0
4279,UCF_R5sUdfi4msuMlhyfXaOw,피아노요정 숑아,tCXAkAEjEsY,당신은 이 노래를 찾을 수 있습니까?,2026-05-03T06:00:43Z,395.0,False,6967,180.0,22.0
4279,UCF_R5sUdfi4msuMlhyfXaOw,피아노요정 숑아,ELr64PEezYk,식혜 밥알 걸러먹는 꿀팁,2026-05-03T06:15:00Z,25.0,True,7311,62.0,5.0
4279,UCF_R5sUdfi4msuMlhyfXaOw,피아노요정 숑아,jJxCY2sPbCA,1억 받는 대신 싫어하는 사람 100억 주기 vs 그냥 살기,2026-05-06T08:30:24Z,46.0,True,7890,93.0,24.0
4279,UCF_R5sUdfi4msuMlhyfXaOw,피아노요정 숑아,sXnznL86rD0,월급날 내 통장같네  ㅠ,2026-05-10T06:00:43Z,32.0,True,3265,38.0,1.0
4279,UCF_R5sUdfi4msuMlhyfXaOw,피아노요정 숑아,b8GgCTvEXts,충치가 생기면 일본으로 가야하는 이유,2026-05-13T08:30:30Z,30.0,True,7457,75.0,2.0
4279,UCF_R5sUdfi4msuMlhyfXaOw,피아노요정 숑아,dSn-94zCS_c,유행에 속아 잊혀진 고급 디저트,2026-05-17T04:00:37Z,49.0,True,1170,33.0,5.0
4280,UC3Gtk0sWC1NaN5PYW_hbcjg,대한민국 트로트,txsgZodfUJE,오늘밤엔 다 같이 신나게 디스코 - 강혜연 디스코 🎧,2024-06-18T01:36:26Z,41.0,True,1672,62.0,10.0
4280,UC3Gtk0sWC1NaN5PYW_hbcjg,대한민국 트로트,Zckz78OZzSk,단단한 목소리로 담담히 부르는 물레야 - 강혜연 물레야 🎧,2024-06-18T01:43:39Z,44.0,True,48398,1219.0,17.0
4280,UC3Gtk0sWC1NaN5PYW_hbcjg,대한민국 트로트,HD4IeHfdNcY,다람쥐중에 노래 제일 잘함  - 강혜연 그냥가면 어쩌나 🎧,2024-06-19T02:18:05Z,56.0,True,610580,11355.0,125.0
4280,UC3Gtk0sWC1NaN5PYW_hbcjg,대한민국 트로트,1L3KtJzRrXk,보는 사람도 신나는 엉덩이 댄스 - 장민호 풍악을 울려라 🎧,2024-06-19T02:22:40Z,46.0,True,5470,528.0,7.0
4280,UC3Gtk0sWC1NaN5PYW_hbcjg,대한민국 트로트,iOteC153NlI,힐링 여행을 갑시다  - 장민호 남자는 말합니다 🎧,2024-06-21T05:36:20Z,55.0,True,49991,1561.0,16.0
4280,UC3Gtk0sWC1NaN5PYW_hbcjg,대한민국 트로트,zjFOkD2snO8,31일 중 하루만 보고 살아... 월급날...  - 장민호 대박날테다 🎧,2024-06-21T05:38:58Z,60.0,True,9436,1572.0,9.0
4280,UC3Gtk0sWC1NaN5PYW_hbcjg,대한민국 트로트,cPIhUB3BTMU,영원하자 약속해놓고 어딜 가냐 - 요요미 바보같은 사람 🎧,2024-06-24T01:46:12Z,51.0,True,896,30.0,1.0
4280,UC3Gtk0sWC1NaN5PYW_hbcjg,대한민국 트로트,q6s-HVK2UBw,보면 웃음이 절로 나오는 해피바이러스 - 요요미 이 오빠 뭐야 🎧,2024-06-24T01:49:41Z,49.0,True,1635,42.0,2.0
4280,UC3Gtk0sWC1NaN5PYW_hbcjg,대한민국 트로트,EpvMJpiAWnU,인형이면서 요정까지 하는 요요미 - 요요미 새벽비 (원곡 : 혜은이)  🎧,2024-06-25T07:12:08Z,37.0,True,7191,123.0,2.0
4280,UC3Gtk0sWC1NaN5PYW_hbcjg,대한민국 트로트,CvH-TBIvL2s,슬픔은 마시고 털어내자  - 요요미 위하여 🎧,2024-06-25T07:15:09Z,42.0,True,850,12.0,0.0
4280,UC3Gtk0sWC1NaN5PYW_hbcjg,대한민국 트로트,hoCWGp-5pGI,태평양 어깨 대기중  - 요요미 오라버니 (원곡 :  금잔디) 🎧,2024-06-26T02:07:28Z,54.0,True,3796,66.0,1.0
4280,UC3Gtk0sWC1NaN5PYW_hbcjg,대한민국 트로트,bvjPYElMvWs,눈을 감으면 아른거리는 그 사람  - 요요미 그때 그 사람 ( 원곡 : 심수봉 ) 🎧,2024-06-26T02:11:02Z,60.0,True,1284,40.0,1.0
4280,UC3Gtk0sWC1NaN5PYW_hbcjg,대한민국 트로트,NUtfs-sA2ec,사랑하는 사람에겐 주연배우 - 송가인 무명배우 🎧,2024-06-27T02:29:36Z,53.0,True,7970,417.0,6.0
4280,UC3Gtk0sWC1NaN5PYW_hbcjg,대한민국 트로트,Esg1_EiYnh4,100번 들어도 100번 좋은 곡  - 송가인 정말 좋았네 🎧,2024-06-27T02:32:54Z,49.0,True,8802,301.0,3.0
4280,UC3Gtk0sWC1NaN5PYW_hbcjg,대한민국 트로트,JeW9OAToU3A,신명나는 춤사위가 돋보이는 무대 - 송가인 거문고야 🎧,2024-07-02T01:52:36Z,51.0,True,22196,877.0,13.0
4280,UC3Gtk0sWC1NaN5PYW_hbcjg,대한민국 트로트,ZH7Y2YONVHE,이름도 나이도 모르는데 다시 만날 수 있나  - 송가인 밤차에서 🎧,2024-07-02T01:55:14Z,56.0,True,22213,1007.0,10.0
4280,UC3Gtk0sWC1NaN5PYW_hbcjg,대한민국 트로트,oIgcYCOBS2k,국보19861226호 송가인 - 송가인 한 많은 대동강  🎧,2024-07-03T02:24:51Z,60.0,True,10326,585.0,11.0
4280,UC3Gtk0sWC1NaN5PYW_hbcjg,대한민국 트로트,s0M_wpNH_6A,들으면 들을수록 빠져드는 곡  - 송가인 오늘같이 좋은 날 🎧,2024-07-03T02:28:20Z,57.0,True,65412,2219.0,20.0
4280,UC3Gtk0sWC1NaN5PYW_hbcjg,대한민국 트로트,4ONsZBzhgGU,트로트와 국악을 섞으면  - 송가인 처녀뱃사공 🎧,2024-07-04T02:41:47Z,54.0,True,17218,586.0,4.0
4280,UC3Gtk0sWC1NaN5PYW_hbcjg,대한민국 트로트,owCZccw97qc,심장을 쫀득쫀득 하게 만드는 - 송가인 용두산 엘레지 🎧,2024-07-04T02:46:11Z,54.0,True,119575,4328.0,78.0
4280,UC3Gtk0sWC1NaN5PYW_hbcjg,대한민국 트로트,vtlxuLrAQk4,송가인 환상의 트롯메들리 - 송가인 홍도야 우지마라 🎧,2024-07-05T05:19:27Z,58.0,True,41262,1449.0,21.0
4280,UC3Gtk0sWC1NaN5PYW_hbcjg,대한민국 트로트,ecYFGVKNA0A,무한한 하늘에 수많은 별빛같이 나는  - 임영웅 별빛 같은 나의 사랑아🎧,2024-07-05T05:23:16Z,51.0,True,13277,1108.0,1.0
4280,UC3Gtk0sWC1NaN5PYW_hbcjg,대한민국 트로트,h1DguzVQiao,"[🔴생방송] 2024 문화의 달 - 대한민국 문화, 남원에 피어나다 _ 1일차",2024-10-18T23:32:14Z,8248.0,False,2166,128.0,8.0
4280,UC3Gtk0sWC1NaN5PYW_hbcjg,대한민국 트로트,ljteMeaQPpg,"[🔴생방송] 2024 문화의 달 - 대한민국 문화, 남원에 피어나다 _ 2일차",2024-10-20T00:52:13Z,11296.0,False,2541,156.0,13.0
4280,UC3Gtk0sWC1NaN5PYW_hbcjg,대한민국 트로트,X0BjN3JxnVc,"[🔴생방송] 2024 문화의 달 - 대한민국 문화, 남원에 피어나다 _ 3일차",2024-10-21T01:06:12Z,10991.0,False,729,21.0,0.0
4280,UC3Gtk0sWC1NaN5PYW_hbcjg,대한민국 트로트,c4dYxUDmrjQ,[2024진안 트롯트페스티벌] 미스김 거문고야,2024-12-11T08:42:34Z,232.0,False,4772,76.0,8.0
4280,UC3Gtk0sWC1NaN5PYW_hbcjg,대한민국 트로트,kf6IsiAXzwM,[2024진안 트롯트페스티벌] 미스김/고향역/ 처녀뱃사공/ 대지의항구,2024-12-11T08:49:13Z,213.0,False,2184,45.0,1.0
4280,UC3Gtk0sWC1NaN5PYW_hbcjg,대한민국 트로트,5R4FjhVIETU,[2024진안 트롯트페스티벌] 미스김 열정/ 밤차/ 나성에가면,2024-12-17T02:36:03Z,302.0,False,5328,78.0,9.0
4280,UC3Gtk0sWC1NaN5PYW_hbcjg,대한민국 트로트,NPCmdsuzjX8,[2024진안 트롯트페스티벌] 미스김 될놈,2024-12-17T06:43:55Z,229.0,False,1353,22.0,3.0
4280,UC3Gtk0sWC1NaN5PYW_hbcjg,대한민국 트로트,nwD1qLNeboc,[2024진안 트롯트페스티벌] 별사랑 퐁당퐁당,2024-12-17T08:10:08Z,182.0,False,894,14.0,2.0
4280,UC3Gtk0sWC1NaN5PYW_hbcjg,대한민국 트로트,TCs-CL2MysY,[2024진안 트롯트페스티벌] 별사랑 트로트메들리 황홀한고백/ 너는내남자/ 최진사댁 셋째딸,2024-12-17T08:41:26Z,338.0,False,1608,14.0,1.0
4280,UC3Gtk0sWC1NaN5PYW_hbcjg,대한민국 트로트,n0hz7A_OcZY,[2024진안 트롯트페스티벌] 별사랑 십리벚꽃길,2024-12-17T23:30:10Z,213.0,False,952,10.0,5.0
4280,UC3Gtk0sWC1NaN5PYW_hbcjg,대한민국 트로트,GSlOsOhFRiw,[2024진안 트롯트페스티벌] 별사랑 놀아나보세,2024-12-18T01:30:10Z,214.0,False,1417,9.0,1.0
4280,UC3Gtk0sWC1NaN5PYW_hbcjg,대한민국 트로트,r2SjnDgFIpg,[2024진안 트롯트페스티벌] 김수찬 메들리 나팔바지/ 아모르파티,2024-12-19T00:15:02Z,201.0,False,899,23.0,2.0
4280,UC3Gtk0sWC1NaN5PYW_hbcjg,대한민국 트로트,Z_xnV_Eqp-E,[2024진안 트롯트페스티벌] 김수찬 그집앞,2024-12-30T07:15:42Z,237.0,False,2290,26.0,2.0
4280,UC3Gtk0sWC1NaN5PYW_hbcjg,대한민국 트로트,QF_RYfxZfpU,[2024진안 트롯트페스티벌] 남진 판박이 김수찬의 모창! 남진의 님과함께,2024-12-30T07:21:19Z,169.0,False,1546,32.0,3.0
4280,UC3Gtk0sWC1NaN5PYW_hbcjg,대한민국 트로트,Tuby1UKKqUE,"김수찬 열정의 무대! 사랑쟁이, 2024진안 트롯트페스티벌",2024-12-31T00:54:31Z,168.0,False,1195,17.0,0.0
4280,UC3Gtk0sWC1NaN5PYW_hbcjg,대한민국 트로트,rMR7RaITtUA,"프린수찬의 신곡! 애절한 정통 트로트 김수찬의 마중물 사랑, 2024진안 트롯트페스티벌",2024-12-31T01:05:57Z,176.0,False,1627,31.0,2.0
4280,UC3Gtk0sWC1NaN5PYW_hbcjg,대한민국 트로트,fs76ykykYzA,"✅홍삼처럼 진한무대! 트로트 천재 김태연, 진안홍삼축제에서 부른 '홍키통키' 열창! 🎤🔥",2025-01-02T02:43:36Z,187.0,False,2092,73.0,5.0
4280,UC3Gtk0sWC1NaN5PYW_hbcjg,대한민국 트로트,ZzGpd820I6s,"✅ 트로트 요정 김태연, 진안홍삼축제서 '꽃순이' 열창! 🌸 (2024)",2025-01-02T02:52:19Z,197.0,False,3733,112.0,10.0
4280,UC3Gtk0sWC1NaN5PYW_hbcjg,대한민국 트로트,MpI1S1zx698,"✅ 김태연, 진안홍삼축제서 '내가 꽃이다' 라이브 열창! 🌼 트로트 감성 폭발! (2024)",2025-01-02T23:30:07Z,197.0,False,3274,78.0,4.0
4280,UC3Gtk0sWC1NaN5PYW_hbcjg,대한민국 트로트,odShoLQSQzU,"✅ 김태연, 진안홍삼축제에서 부른 '수고했어요 오늘도' 라이브! 💐 감동 무대 (2024)",2025-01-03T00:15:04Z,193.0,False,4202,96.0,9.0
4280,UC3Gtk0sWC1NaN5PYW_hbcjg,대한민국 트로트,8LN1jeJtIOE,"✅#박군, 진안홍삼축제 '18세 순이' 열창! 🎤 감동의 트로트 무대 (2024)",2025-01-10T01:22:28Z,150.0,False,1005,8.0,0.0
4280,UC3Gtk0sWC1NaN5PYW_hbcjg,대한민국 트로트,c3d0vrzLPoA,"✅ #박군, 진안홍삼축제에서 부른 '#보릿고개' 라이브! 🎤 감동의 전통 트로트 무대 (2024)  #kpoptrot",2025-01-10T01:29:35Z,206.0,False,855,15.0,2.0
4280,UC3Gtk0sWC1NaN5PYW_hbcjg,대한민국 트로트,YNWASPAlT4g,"✅ #박군, 진안홍삼축제에서 '#한잔해' 라이브 열창! 🍻 트로트 열기 폭발 (2024)""",2025-01-11T00:00:24Z,206.0,False,625,9.0,2.0
4280,UC3Gtk0sWC1NaN5PYW_hbcjg,대한민국 트로트,JId8bQv6R18,"✅ #박군 LIVE 무대! 강진의 '연하의 남자' 열창🎤 (2024)""",2025-01-11T02:15:01Z,208.0,False,617,23.0,3.0
4280,UC3Gtk0sWC1NaN5PYW_hbcjg,대한민국 트로트,cvXQTkpNrH0,"✅ ""2024 #진안홍삼축제 | #박군의 '#유턴하지마' 감동의 무대 🎶""",2025-01-12T00:45:02Z,210.0,False,225,6.0,0.0
4280,UC3Gtk0sWC1NaN5PYW_hbcjg,대한민국 트로트,0P87G5HtqBM,"✅ ""서지오, 2024 진안홍삼축제에서 '남이가' 열창! 🎤 트로트 감성 폭발 LIVE""",2025-01-13T05:37:08Z,223.0,False,301,5.0,0.0
4280,UC3Gtk0sWC1NaN5PYW_hbcjg,대한민국 트로트,-ArtC7bUGrM,"✅ 서지오, 2024 진안홍삼축제에서 '와봐' 열창! 🎤 흥 넘치는 LIVE 무대",2025-01-13T05:49:24Z,230.0,False,302,4.0,0.0
4280,UC3Gtk0sWC1NaN5PYW_hbcjg,대한민국 트로트,Kc0uC2Ofv8c,"✅ ""[대한민국 트로트] 서지오의 명품 라이브! '여기서' @진안홍삼축제 2024""",2025-01-13T08:08:29Z,192.0,False,1227,9.0,2.0
4281,UCeOMXtIby2Q7zEshYudsnRw,시연은애교용,t8vZtZWmgfw,떴다 클리드 버돌 담당일진ㅋㅋㅋㅋㅋ 챌린저가 애교용을 어떻게 막아!,2025-12-06T09:01:32Z,585.0,False,50194,378.0,32.0
4281,UCeOMXtIby2Q7zEshYudsnRw,시연은애교용,n6yZEebJBaQ,우리집에 도둑 고양이가 산다!!!,2025-12-18T09:01:12Z,829.0,False,56068,424.0,48.0
4281,UCeOMXtIby2Q7zEshYudsnRw,시연은애교용,CmlUiAamdGA,초면에 피넛 기 쫙쫙 빨아가는 애교용ㅋㅋㅋㅋㅋ,2025-12-24T09:00:31Z,735.0,False,132019,942.0,44.0
4281,UCeOMXtIby2Q7zEshYudsnRw,시연은애교용,WcpbCLWF7Es,부부여행에 썸타는 코소희 앜!!! (애교용톤으로),2025-12-29T09:00:54Z,651.0,False,76564,755.0,46.0
4281,UCeOMXtIby2Q7zEshYudsnRw,시연은애교용,9NLp4w0Xts8,아내한테 비행기 태워주는 자상한(?) 남편ㅋㅋㅋㅋㅋㅋ,2026-01-02T09:00:12Z,820.0,False,80186,786.0,50.0
4281,UCeOMXtIby2Q7zEshYudsnRw,시연은애교용,5vCROD5mXu0,애교용한테 혼나고 사과하는 피넛 ㄷㄷ,2026-01-11T10:00:08Z,627.0,False,107788,767.0,73.0
4281,UCeOMXtIby2Q7zEshYudsnRw,시연은애교용,5HyCrN5eaB0,이젠 친구까지 데려와서 밥 뺏어 먹는 남편ㅋㅋㅋㅋ w.클상도,2026-01-20T09:00:07Z,546.0,False,310984,2269.0,137.0
4281,UCeOMXtIby2Q7zEshYudsnRw,시연은애교용,m4nzkNs7lFY,깐부 듀오 사이에서 정신 못 차리는 피넛 ㅋㅋㅋㅋ 결국은 중독됨...⭐,2026-02-09T09:09:59Z,763.0,False,51861,286.0,36.0
4281,UCeOMXtIby2Q7zEshYudsnRw,시연은애교용,SfcQ7I3SkR4,슬픔 전가 부부,2026-02-21T05:00:35Z,37.0,True,108421,807.0,25.0
4281,UCeOMXtIby2Q7zEshYudsnRw,시연은애교용,m6PiT3VClMc,그냥 아저씨...?,2026-02-22T05:01:00Z,57.0,True,259211,2860.0,111.0
4281,UCeOMXtIby2Q7zEshYudsnRw,시연은애교용,5jNoa-sO27I,앜!!,2026-02-23T09:00:07Z,21.0,True,154998,2168.0,37.0
4281,UCeOMXtIby2Q7zEshYudsnRw,시연은애교용,Ls2Qh446nw4,불짜장 극성팬 애교용,2026-02-24T09:00:26Z,31.0,True,183014,1574.0,23.0
4281,UCeOMXtIby2Q7zEshYudsnRw,시연은애교용,jEekv3Kkwus,여러분도 보이나요..? 상저씨 가슴에..,2026-02-25T09:01:07Z,44.0,True,73576,614.0,21.0
4281,UCeOMXtIby2Q7zEshYudsnRw,시연은애교용,WRQWGA4bc00,피넛을 사과하게 만든 애자후,2026-02-26T09:00:46Z,71.0,False,1021103,10512.0,82.0
4281,UCeOMXtIby2Q7zEshYudsnRw,시연은애교용,FZKIqEZGV4o,애교용 피해다니는 클리드,2026-02-27T09:00:17Z,49.0,True,430422,4438.0,32.0
4281,UCeOMXtIby2Q7zEshYudsnRw,시연은애교용,B9dyBTQyFqY,부부가 같은 팀?,2026-03-05T08:45:00Z,41.0,True,212165,2449.0,41.0
4281,UCeOMXtIby2Q7zEshYudsnRw,시연은애교용,AVR-8RhrrXQ,집이 100평이면 인정,2026-03-06T08:30:06Z,20.0,True,680280,4877.0,45.0
4281,UCeOMXtIby2Q7zEshYudsnRw,시연은애교용,UXY8styJ6II,불리해 보이던 한타를 뒤집어버린 애레센도 ㄷㄷ,2026-03-07T08:45:06Z,52.0,True,92649,1206.0,44.0
4281,UCeOMXtIby2Q7zEshYudsnRw,시연은애교용,LSWgRtRCVIM,와이프 몰래 여캠 보던 남편의 최후,2026-03-08T08:45:01Z,30.0,True,370593,4135.0,103.0
4281,UCeOMXtIby2Q7zEshYudsnRw,시연은애교용,aOLeURleqiE,당신의 소년에 투표하세요 #다이너마이트 #방탄소년단,2026-03-12T08:45:00Z,48.0,True,140476,1518.0,48.0
4281,UCeOMXtIby2Q7zEshYudsnRw,시연은애교용,97BO9Z2fpso,블루 누가 먹는 게 맞을까 #김민교 #이상호,2026-03-13T08:45:00Z,25.0,True,89886,437.0,7.0
4281,UCeOMXtIby2Q7zEshYudsnRw,시연은애교용,1awh6cdNT2U,당장 이 방법을 사용해보세요 #이상호 #부부,2026-03-15T04:30:01Z,34.0,True,997577,6960.0,143.0
4281,UCeOMXtIby2Q7zEshYudsnRw,시연은애교용,ZRD3KPS1C_w,강아지도 부끄러워요! #반려견 #프렌치불독,2026-03-16T08:45:02Z,65.0,False,540693,2864.0,70.0
4281,UCeOMXtIby2Q7zEshYudsnRw,시연은애교용,GM0BvLATClU,지금부터 제 생각만 합니다. #태양의후예 #이상호,2026-03-17T08:45:01Z,47.0,True,336060,3126.0,72.0
4281,UCeOMXtIby2Q7zEshYudsnRw,시연은애교용,gsj39dIvKhg,어떻게든 이기고 싶어서ㅋㅋㅋㅋ#이상호 #보드게임,2026-03-18T08:45:04Z,31.0,True,356888,2076.0,27.0
4281,UCeOMXtIby2Q7zEshYudsnRw,시연은애교용,ruHhHSxZEtU,방송 주인이 애교용에서.. 00으로.. #먹방,2026-03-19T08:45:07Z,103.0,False,41242,419.0,13.0
4281,UCeOMXtIby2Q7zEshYudsnRw,시연은애교용,bU8gHHhAc8k,그럼 난 뭐 먹어! #이상호 #부부,2026-03-20T08:45:06Z,96.0,False,1339821,13174.0,1192.0
4281,UCeOMXtIby2Q7zEshYudsnRw,시연은애교용,c4iZQNckPQw,이걸 버려?ㅠㅠ #gta,2026-03-21T04:30:31Z,58.0,True,59126,309.0,12.0
4281,UCeOMXtIby2Q7zEshYudsnRw,시연은애교용,vUsN9s241as,굴러굴러가는 이상호~ #gta,2026-03-22T04:30:43Z,24.0,True,92277,490.0,10.0
4281,UCeOMXtIby2Q7zEshYudsnRw,시연은애교용,NRbOOhTiQXI,친구한테도 뺏기는 애교용 #먹방 #토끼예나,2026-03-23T08:45:01Z,46.0,True,908249,5911.0,158.0
4281,UCeOMXtIby2Q7zEshYudsnRw,시연은애교용,s9BNMJe2Yys,기적의 교용적사고,2026-03-30T08:45:02Z,21.0,True,93935,797.0,22.0
4281,UCeOMXtIby2Q7zEshYudsnRw,시연은애교용,x2hDMYjOOl8,안 받는다고 했잖아요 #배틀그라운드,2026-03-31T08:45:04Z,29.0,True,71489,293.0,4.0
4281,UCeOMXtIby2Q7zEshYudsnRw,시연은애교용,1ufNtRLv5L4,저 미드도 잘해요,2026-04-01T08:45:00Z,22.0,True,106506,516.0,18.0
4281,UCeOMXtIby2Q7zEshYudsnRw,시연은애교용,CBXVW2OmCS8,애바람에서만큼은 나도 챌린저,2026-04-02T08:45:00Z,35.0,True,98079,457.0,12.0
4281,UCeOMXtIby2Q7zEshYudsnRw,시연은애교용,giKb9x40By8,ㅇㄴㅇ은 못 참지,2026-04-03T08:45:06Z,53.0,True,579582,6128.0,50.0
4281,UCeOMXtIby2Q7zEshYudsnRw,시연은애교용,k20fZXo0LvQ,아아앜!!!! - 카시오페아 톤으로,2026-04-04T08:45:03Z,62.0,False,301752,3260.0,49.0
4281,UCeOMXtIby2Q7zEshYudsnRw,시연은애교용,dSblZplOuyA,네 밥을 또 훔치고 멀리 달아나버려 #부부  #이상호,2026-04-11T09:48:33Z,74.0,False,408638,3596.0,126.0
4281,UCeOMXtIby2Q7zEshYudsnRw,시연은애교용,upq3wCtHSw0,정크랫 부부 #옵치 #오버워치2,2026-04-12T04:30:37Z,17.0,True,69473,726.0,13.0
4281,UCeOMXtIby2Q7zEshYudsnRw,시연은애교용,JrycRL27-Ck,여러분은 바로 풀리나요? #레이튼교수와이상한마을,2026-04-14T08:30:11Z,64.0,False,38640,133.0,26.0
4281,UCeOMXtIby2Q7zEshYudsnRw,시연은애교용,22QZKmf45NA,망키! #박사장,2026-04-15T08:45:00Z,22.0,True,464614,4130.0,58.0
4281,UCeOMXtIby2Q7zEshYudsnRw,시연은애교용,BA12H8WjIW8,남편 말고는 관심 없어.,2026-04-16T08:45:00Z,36.0,True,2168235,18642.0,537.0
4281,UCeOMXtIby2Q7zEshYudsnRw,시연은애교용,oP7sIy2cajs,바로 침착해져버려 #이상호 #주식,2026-04-26T04:30:26Z,20.0,True,68513,477.0,15.0
4281,UCeOMXtIby2Q7zEshYudsnRw,시연은애교용,jx59oM99HOM,대박 5인궁!! #오버워치2 #이상호,2026-04-27T08:45:03Z,53.0,True,185163,1456.0,36.0
4281,UCeOMXtIby2Q7zEshYudsnRw,시연은애교용,3P688kr_ObQ,같은 8티어인데 서로 견제하는 피넛 애교용ㅋㅋㅋ,2026-04-29T09:00:08Z,555.0,False,15847,144.0,22.0
4281,UCeOMXtIby2Q7zEshYudsnRw,시연은애교용,tP4uIuGb6ig,같은 8티어끼리 기싸움봐라.. #피넛 #배그 #배틀그라운드,2026-04-30T08:45:04Z,90.0,False,37817,324.0,8.0
4281,UCeOMXtIby2Q7zEshYudsnRw,시연은애교용,Tygsf8SWDGw,이게 뭐가 어렵다고! 직접해본다는 애교용 ㅋㅋㅋㅋ,2026-05-06T09:00:39Z,570.0,False,10611,87.0,29.0
4281,UCeOMXtIby2Q7zEshYudsnRw,시연은애교용,CJRhLelsVC0,뭉치면 대환장파티 일어나는 애들 ㅋㅋㅋㅋㅠ,2026-05-14T09:15:13Z,688.0,False,6399,86.0,7.0
4281,UCeOMXtIby2Q7zEshYudsnRw,시연은애교용,pCTmZi2jFmc,친구들끼리 하기 좋은 게임 ㅋㅋㅋㅋ #프랫폴 #스팀게임,2026-05-15T09:01:10Z,52.0,True,10249,72.0,1.0
4281,UCeOMXtIby2Q7zEshYudsnRw,시연은애교용,_zj-XG6EDaA,이게 바로 경상도 부부의 대화인가?,2026-05-16T04:00:29Z,36.0,True,14226,212.0,15.0
4281,UCeOMXtIby2Q7zEshYudsnRw,시연은애교용,sa7Vb8DUKLk,창과 방패의 싸움 #이상호 #부부,2026-05-17T04:00:52Z,63.0,False,8995,325.0,7.0
4282,UCFfK4rHnI034zostNwzXHIw,해피퍼니 Happy Funny,Pv4B_nNX57I,펀대장은 리트리버들 육아를 피해 도망친다,2021-10-14T02:00:04Z,217.0,False,64158,3011.0,287.0
4282,UCFfK4rHnI034zostNwzXHIw,해피퍼니 Happy Funny,fyMUH81bJNY,항상 쓰던 수영장에 물이 없을 때 강아지 반응,2021-10-16T09:04:54Z,360.0,False,105537,2990.0,178.0
4282,UCFfK4rHnI034zostNwzXHIw,해피퍼니 Happy Funny,F9Kt8-eS1OU,현재 할머니 병원에 입원 중이세요,2021-10-20T01:28:17Z,146.0,False,84713,3888.0,499.0
4282,UCFfK4rHnI034zostNwzXHIw,해피퍼니 Happy Funny,rmF1I5f-moA,할머니 요양병원 들어가기 전 강아지들과 함께,2021-10-26T01:28:00Z,159.0,False,117864,4481.0,457.0
4282,UCFfK4rHnI034zostNwzXHIw,해피퍼니 Happy Funny,9W2u-vad5zA,대형 어질리티 기구를 만들어줬을때 강아지 반응,2021-11-04T08:23:10Z,250.0,False,64228,2925.0,176.0
4282,UCFfK4rHnI034zostNwzXHIw,해피퍼니 Happy Funny,Kz-075lrGm8,이름 부르면 왜! 하고 대답하는 강아지,2021-11-09T01:24:31Z,207.0,False,95841,4106.0,242.0
4282,UCFfK4rHnI034zostNwzXHIw,해피퍼니 Happy Funny,sHoqh-2lG-Q,강아지에게 줬던 내 체취가 묻은 평생 쓰던 침대 근황,2021-11-10T09:45:08Z,236.0,False,56939,2913.0,266.0
4282,UCFfK4rHnI034zostNwzXHIw,해피퍼니 Happy Funny,tle4gX1k2Hs,트임 성형수술을 위해 동물병원 첫 방문한 리트리버,2021-11-15T02:09:16Z,361.0,False,94419,3094.0,157.0
4282,UCFfK4rHnI034zostNwzXHIw,해피퍼니 Happy Funny,o3dtCqgexOg,밥먹을때 ‘손' 달라고하면 강아지 반응 ㅋㅋㅋ,2021-11-21T02:02:20Z,287.0,False,150316,4133.0,320.0
4282,UCFfK4rHnI034zostNwzXHIw,해피퍼니 Happy Funny,hZPFpt9H88M,개 무서워하는 친구 힘들게 모셨습니다ㅋㅋㅋ,2021-11-25T09:30:06Z,514.0,False,123797,4376.0,286.0
4282,UCFfK4rHnI034zostNwzXHIw,해피퍼니 Happy Funny,ivYn19PfqU4,채식주의 강아지에게 무랑 사료를 같이 줬을때 반응,2021-11-30T01:51:49Z,313.0,False,127073,3860.0,407.0
4282,UCFfK4rHnI034zostNwzXHIw,해피퍼니 Happy Funny,r-a0G5gWbt8,수다쟁이 시베리안 허스키에게 첼로 연주를 들려줬다 ㅋㅋㅋ,2021-12-04T01:30:16Z,325.0,False,80080,3588.0,228.0
4282,UCFfK4rHnI034zostNwzXHIw,해피퍼니 Happy Funny,SGtlfl055vc,만수무강이 찾았습니다. 감사합니다,2021-12-07T09:57:20Z,96.0,False,131412,6849.0,1034.0
4282,UCFfK4rHnI034zostNwzXHIw,해피퍼니 Happy Funny,qyLTKuHetvI,성형수술을 위해 동물병원 방문한 리트리버,2021-12-10T11:44:50Z,267.0,False,97093,3595.0,235.0
4282,UCFfK4rHnI034zostNwzXHIw,해피퍼니 Happy Funny,vn2A984jAlk,리트리버 무강이 귀 혈관터지고 수술은 못했습니다...,2021-12-16T06:37:11Z,197.0,False,87555,3311.0,360.0
4282,UCFfK4rHnI034zostNwzXHIw,해피퍼니 Happy Funny,vH4o2gjGeq4,강아지 무서워했던 친구 이제는 훈련사를 꿈꾸다,2021-12-20T09:18:54Z,536.0,False,60424,2810.0,185.0
4282,UCFfK4rHnI034zostNwzXHIw,해피퍼니 Happy Funny,E4LuDBYLlz0,혼자 격리되어 너무나 서글픈 리트리버,2021-12-22T04:05:04Z,267.0,False,65166,3193.0,284.0
4282,UCFfK4rHnI034zostNwzXHIw,해피퍼니 Happy Funny,FMGCYV2nk4M,사랑하는 할머니를 보내며... 보고 싶습니다,2021-12-29T06:06:05Z,305.0,False,538187,22711.0,4834.0
4282,UCFfK4rHnI034zostNwzXHIw,해피퍼니 Happy Funny,KVNZ3ZpJk4A,밑도 끝도 없이 말대꾸하는 강아지...그리고 사랑하는 할머니,2022-01-02T04:23:42Z,268.0,False,117243,5610.0,281.0
4282,UCFfK4rHnI034zostNwzXHIw,해피퍼니 Happy Funny,0Dt1CTbwJfc,할머니와 강아지들 서로 조금씩 알아갈때,2022-01-04T07:50:13Z,212.0,False,77109,3607.0,234.0
4282,UCFfK4rHnI034zostNwzXHIw,해피퍼니 Happy Funny,yCK-Ko_5msE,여러 장소에 착시 매트 설치했을 때 각기 다른 강아지 반응,2022-01-07T06:59:28Z,216.0,False,72465,3069.0,243.0
4282,UCFfK4rHnI034zostNwzXHIw,해피퍼니 Happy Funny,lDQCW2CzU48,철창에 가뒀더니 강아지가 보인 놀라운 행동,2022-01-13T05:26:22Z,215.0,False,65621,2894.0,198.0
4282,UCFfK4rHnI034zostNwzXHIw,해피퍼니 Happy Funny,S0IF_WowRnM,병원에서 수술하고 4일 만에 집에 돌아온 리트리버,2022-01-16T03:15:00Z,371.0,False,276598,5976.0,305.0
4282,UCFfK4rHnI034zostNwzXHIw,해피퍼니 Happy Funny,DsSgaVtJxS4,6개월 만에 놀러온 사모예드를 격하게 반기는 강아지,2022-01-22T00:30:02Z,338.0,False,58086,2979.0,234.0
4282,UCFfK4rHnI034zostNwzXHIw,해피퍼니 Happy Funny,13rXnwNbzYc,내방에 처음 들어왔을 때 강아지 반응,2022-01-25T02:12:43Z,297.0,False,482262,8167.0,546.0
4282,UCFfK4rHnI034zostNwzXHIw,해피퍼니 Happy Funny,wfAWBRQvruQ,오이킬러 강아지에게 오이랑 닭고기같이 줬을때 선택은?,2022-01-29T11:00:14Z,454.0,False,71914,3097.0,197.0
4282,UCFfK4rHnI034zostNwzXHIw,해피퍼니 Happy Funny,Jv3AL-npJaE,평생 입던 내 체취가 묻은 옷들을 줬을때 강아지 반응,2022-02-03T02:00:02Z,330.0,False,60311,2641.0,143.0
4282,UCFfK4rHnI034zostNwzXHIw,해피퍼니 Happy Funny,yeMtlF7L3Fk,마사지만 받으면 웃는 리트리버,2022-02-08T08:00:13Z,428.0,False,44850,2315.0,168.0
4282,UCFfK4rHnI034zostNwzXHIw,해피퍼니 Happy Funny,oL9_BgQWM8k,리모델링한 내방 주인이 시베리안 허스키로 바뀌었다,2022-02-12T06:31:55Z,401.0,False,65899,2928.0,239.0
4282,UCFfK4rHnI034zostNwzXHIw,해피퍼니 Happy Funny,5iAtkgRm2HU,시청에 놀러 온 강아지 퍼니를 본 공무원 반응,2022-02-24T02:15:00Z,465.0,False,101283,3203.0,401.0
4282,UCFfK4rHnI034zostNwzXHIw,해피퍼니 Happy Funny,4JqGyrsd4e4,안녕하세요? 2년 만에 인사드립니다,2023-10-21T06:02:10Z,308.0,False,96153,5954.0,792.0
4282,UCFfK4rHnI034zostNwzXHIw,해피퍼니 Happy Funny,q-shTjxSr-Y,밖에서만 지내다 아파트 처음 이사 온 리트리버 반응,2023-10-25T10:09:19Z,412.0,False,41324,2159.0,187.0
4282,UCFfK4rHnI034zostNwzXHIw,해피퍼니 Happy Funny,yaXYF9AxXpM,무만 보면 환장해 훔치는 리트리버,2023-11-01T04:45:01Z,234.0,False,19269,1496.0,193.0
4282,UCFfK4rHnI034zostNwzXHIw,해피퍼니 Happy Funny,fLitaEaOook,여러 방법으로 주인 놀리며 잠 깨우는 리트리버,2023-11-05T04:14:42Z,355.0,False,19593,1158.0,65.0
4282,UCFfK4rHnI034zostNwzXHIw,해피퍼니 Happy Funny,8p4n5jJR5eY,대형견 처음보고 우는 아기를 본 리트리버 놀라운 반응,2023-11-08T04:45:00Z,351.0,False,585224,3407.0,129.0
4282,UCFfK4rHnI034zostNwzXHIw,해피퍼니 Happy Funny,2Bl7F0My940,서로의 음식을 탐내는 리트리버와 아기,2023-11-27T07:23:17Z,256.0,False,8104,475.0,41.0
4282,UCFfK4rHnI034zostNwzXHIw,해피퍼니 Happy Funny,JJD36MEJhKQ,탕후루 안줘서 주인에게 삐진 리트리버 강아지식 탕후루로 달래주기,2024-02-01T10:22:41Z,544.0,False,6979,531.0,56.0
4282,UCFfK4rHnI034zostNwzXHIw,해피퍼니 Happy Funny,gOnS6kyWdKA,한달만에 리트리버 동생 만나서 핥고 울고불고 난리 난 반응,2024-02-08T03:58:58Z,200.0,False,463770,7106.0,269.0
4282,UCFfK4rHnI034zostNwzXHIw,해피퍼니 Happy Funny,hf61qxeys58,유모차 처음타는 리트리버가 주인에게 빼앗겼을때 생기는 일 ㅋㅋㅋ,2024-02-18T07:50:08Z,300.0,False,45411,805.0,44.0
4282,UCFfK4rHnI034zostNwzXHIw,해피퍼니 Happy Funny,cj0LhROfXSg,집에 혼자 남겨진 강아지 cctv로 봤는데 울고불고..그래서 큰 결심을했어요,2024-03-01T11:41:36Z,275.0,False,131961,2144.0,119.0
4282,UCFfK4rHnI034zostNwzXHIw,해피퍼니 Happy Funny,mjjLLJL-oOg,퇴근 후 주인 자빠질 정도로 격하게 반기는 리트리버 강아지,2024-03-07T10:20:08Z,208.0,False,10805,683.0,34.0
4282,UCFfK4rHnI034zostNwzXHIw,해피퍼니 Happy Funny,Pybiac67AD0,혼나는 리트리버 강아지 끝까지 말대꾸하면 방으로 침범한다,2024-03-21T02:40:30Z,237.0,False,8724,673.0,69.0
4282,UCFfK4rHnI034zostNwzXHIw,해피퍼니 Happy Funny,WVDD4k9dUHo,산책중 주인이 모르고 지나갔을때 리트리버 반응,2024-04-04T02:00:22Z,227.0,False,10461,469.0,37.0
4282,UCFfK4rHnI034zostNwzXHIw,해피퍼니 Happy Funny,FsaDKN8tzrk,엄마한테 못가게해서 슬픈 리트리버,2024-07-26T13:00:23Z,55.0,True,108809,4304.0,64.0
4282,UCFfK4rHnI034zostNwzXHIw,해피퍼니 Happy Funny,tQTpJUwlGsU,오랜만에 동생 만나서 난리는 해피 반응,2024-07-31T13:01:05Z,58.0,True,143523,3598.0,49.0
4282,UCFfK4rHnI034zostNwzXHIw,해피퍼니 Happy Funny,TgCuH7Bt1N8,가족 외출하고 혼자 남겨진 리트리버 반응,2024-08-09T13:00:28Z,44.0,True,1935776,23076.0,506.0
4282,UCFfK4rHnI034zostNwzXHIw,해피퍼니 Happy Funny,e8jwvLLCWmw,언니한테 개모차 뺏겨버린 리트리버 반응ㅋㅋ,2024-08-16T13:00:43Z,61.0,False,28800,694.0,20.0
4282,UCFfK4rHnI034zostNwzXHIw,해피퍼니 Happy Funny,6OpICM9JPKI,늦잠 자는 언니를 본 리트리버 반응ㅋㅋ,2024-08-27T13:00:04Z,44.0,True,51931,1101.0,12.0
4282,UCFfK4rHnI034zostNwzXHIw,해피퍼니 Happy Funny,v9x189Fr4Do,골든리트리버 주인이 물에 빠져있는걸 본 강아지 반응은?,2024-09-05T04:11:29Z,201.0,False,6619,330.0,36.0
4282,UCFfK4rHnI034zostNwzXHIw,해피퍼니 Happy Funny,E8SnMVLBZtQ,물에 빠진 주인을 본 리트리버 반응,2024-09-10T13:00:15Z,41.0,True,10637,446.0,15.0
4283,UCU3a9Sfk2C8nlROnr8wZApA,Tiny Desk Korea,4BywdVumZec,"노래, 연기, 얼굴 3박자 쌈뽕하게 말아준 크리스토퍼 - A Beautiful Life  | #TinyDeskKorea #크리스토퍼 #Christopher",2024-10-21T08:00:03Z,55.0,True,1844,71.0,4.0
4283,UCU3a9Sfk2C8nlROnr8wZApA,Tiny Desk Korea,H8zhWv2Uz_A,영화 주연이 크리스토퍼라면 생기는 일🎬 - A Beautiful Life  | #TinyDeskKorea #크리스토퍼 #Christopher,2024-10-21T08:00:10Z,60.0,True,2280,78.0,4.0
4283,UCU3a9Sfk2C8nlROnr8wZApA,Tiny Desk Korea,EaJTuD1KsLY,귀와 눈이 호강하는 노래🎵💕 - It Could Have Been Us  | #TinyDeskKorea #크리스토퍼 #Christopher,2024-10-21T08:00:16Z,50.0,True,1951,76.0,1.0
4283,UCU3a9Sfk2C8nlROnr8wZApA,Tiny Desk Korea,_NWTrGJeD1Y,🍠고구마 999개 먹은 속 뚫어주는 크리스토퍼 - Bad | #TinyDeskKorea #크리스토퍼 #Christopher,2024-10-21T08:00:23Z,56.0,True,2280,66.0,1.0
4283,UCU3a9Sfk2C8nlROnr8wZApA,Tiny Desk Korea,g4MRdGAHup0,한국지박령 필요한 가수 1위 - Trouble  | #TinyDeskKorea #크리스토퍼 #이영지,2024-10-21T08:00:24Z,51.0,True,109366,2334.0,21.0
4283,UCU3a9Sfk2C8nlROnr8wZApA,Tiny Desk Korea,pNUuTWQSLrw,크리스토퍼 (Christopher) : Tiny Desk Korea,2024-10-21T08:00:29Z,1031.0,False,1908973,29985.0,597.0
4283,UCU3a9Sfk2C8nlROnr8wZApA,Tiny Desk Korea,lRYi4NHdehE,26번째 아티스트 l Christopher w.이영지 🇩🇰😈🥸,2024-10-21T08:00:35Z,31.0,True,3375,97.0,3.0
4283,UCU3a9Sfk2C8nlROnr8wZApA,Tiny Desk Korea,uRdFApyfudA,"크리스토퍼 고음, 영지소녀 저음이 킥이네 - Trouble  | #TinyDeskKorea #크리스토퍼 #이영지",2024-10-21T08:00:42Z,54.0,True,825483,19393.0,200.0
4283,UCU3a9Sfk2C8nlROnr8wZApA,Tiny Desk Korea,HnHewVXmx1g,노래하는 조각상 본 적 있는 사람?🙋‍♀️ - Bad | #TinyDeskKorea #크리스토퍼 #Christopher,2024-10-22T08:00:12Z,41.0,True,110020,2986.0,5.0
4283,UCU3a9Sfk2C8nlROnr8wZApA,Tiny Desk Korea,OXVOVqkwVpQ,[Focus Cam]  크리스토퍼 (Christopher) - Bad  : Tiny Desk Korea,2024-10-22T08:00:27Z,223.0,False,21897,268.0,23.0
4283,UCU3a9Sfk2C8nlROnr8wZApA,Tiny Desk Korea,RO78ryQza90,Tiny Desk Korea #거미 편이 공개됩니다! 🕸🕷🩷,2024-10-24T08:00:15Z,7.0,True,3226,83.0,1.0
4283,UCU3a9Sfk2C8nlROnr8wZApA,Tiny Desk Korea,aRVtYKxywP4,27번째 아티스트 l 거미 🕸🕷🩷,2024-11-04T08:00:00Z,38.0,True,1194,41.0,1.0
4283,UCU3a9Sfk2C8nlROnr8wZApA,Tiny Desk Korea,7atNRkuDaHQ,은근히 중독성있어서 조심해ㅇ..ㅑ.. IIYO~ | #TinyDeskKorea #거미 #GUMMY,2024-11-04T08:00:06Z,60.0,True,1085,22.0,0.0
4283,UCU3a9Sfk2C8nlROnr8wZApA,Tiny Desk Korea,CTjGzv_15FQ,R&B 명장이 보여주는 소울🎵 - 지금 행복하세요 | #TinyDeskKorea #거미 #GUMMY,2024-11-04T08:00:06Z,57.0,True,3290,45.0,0.0
4283,UCU3a9Sfk2C8nlROnr8wZApA,Tiny Desk Korea,IqqYPROus7Q,낙엽이 떨어지는 순간🍂 - Autumn Breeze | #TinyDeskKorea #거미 #GUMMY,2024-11-04T08:00:11Z,53.0,True,1915,41.0,0.0
4283,UCU3a9Sfk2C8nlROnr8wZApA,Tiny Desk Korea,QTFt1HuMAh8,다시 일어나기 무서울 때 힘이 되줄 노래 - I I Yo | #TinyDeskKorea #거미 #GUMMY,2024-11-04T08:00:19Z,60.0,True,1458,37.0,0.0
4283,UCU3a9Sfk2C8nlROnr8wZApA,Tiny Desk Korea,UMb2uYe4u9M,거미 (GUMMY) : Tiny Desk Korea,2024-11-04T08:00:20Z,2014.0,False,347966,2445.0,124.0
4283,UCU3a9Sfk2C8nlROnr8wZApA,Tiny Desk Korea,UEnZy5CcCxk,모든 전애인 소환된다는 전설의 소환술🪄 - 기억해줘요 내 모든 날과 그때를 | #TinyDeskKorea #거미 #GUMMY,2024-11-04T08:00:22Z,60.0,True,1321,32.0,0.0
4283,UCU3a9Sfk2C8nlROnr8wZApA,Tiny Desk Korea,btvyfp01QXw,CD 씹다못해 삼켜버린 거미💿 - 지금 행복하세요 | #TinyDeskKorea #거미 #GUMMY,2024-11-04T08:00:26Z,51.0,True,1378,34.0,0.0
4283,UCU3a9Sfk2C8nlROnr8wZApA,Tiny Desk Korea,Wnt9zHDooVQ,9810408번째 듣는중♥️ - You Are My Everything | #TinyDeskKorea #거미 #GUMMY,2024-11-04T08:00:29Z,50.0,True,11883,260.0,4.0
4283,UCU3a9Sfk2C8nlROnr8wZApA,Tiny Desk Korea,heyQx1Kz7yA,OST요리 맛집🍽️ 베스트메뉴 즐기고 가세요 - 기억해줘요 내 모든 날과 그때를 | #TinyDeskKorea #거미 #GUMMY,2024-11-04T08:00:34Z,60.0,True,1497,30.0,1.0
4283,UCU3a9Sfk2C8nlROnr8wZApA,Tiny Desk Korea,lsvJG4erGlk,8년째 못헤어나오는 OST 레전드 - You Are My Everything | #TinyDeskKorea #거미 #GUMMY,2024-11-04T08:00:39Z,57.0,True,11960,174.0,8.0
4283,UCU3a9Sfk2C8nlROnr8wZApA,Tiny Desk Korea,us_J5inYFdE,✨이번 생은 가을 공주로 태어났습니다✨ - Autumn Breeze | #TinyDeskKorea #거미 #GUMMY,2024-11-04T08:00:48Z,60.0,True,2364,48.0,0.0
4283,UCU3a9Sfk2C8nlROnr8wZApA,Tiny Desk Korea,v68uEWmSGxM,"노래, 기타, 랩까지 못하는게 뭔데 이 언니 - 그만 말해 | #TinyDeskKorea #거미 #GUMMY",2024-11-04T08:00:49Z,61.0,False,1570,41.0,0.0
4283,UCU3a9Sfk2C8nlROnr8wZApA,Tiny Desk Korea,UTzMRnb6S80,명반부자 거미 무반주 메들리 #거미,2024-11-04T09:00:24Z,61.0,False,1337,39.0,0.0
4283,UCU3a9Sfk2C8nlROnr8wZApA,Tiny Desk Korea,oeBT_TVPK_M,명예 퇴근 지킴이 #거미,2024-11-04T09:00:46Z,40.0,True,1753,48.0,1.0
4283,UCU3a9Sfk2C8nlROnr8wZApA,Tiny Desk Korea,-uRMYfwDi2Y,Tiny Desk Korea #죠지 편이 공개됩니다! ⛵🏊‍♂📻,2024-11-07T08:00:00Z,6.0,True,2491,88.0,3.0
4283,UCU3a9Sfk2C8nlROnr8wZApA,Tiny Desk Korea,2YjnjDv77uo,죠지 감성 아직 모르세요? - 오래오래 | #TinyDeskKorea #죠지 #george,2024-11-18T08:00:01Z,60.0,True,3432,98.0,4.0
4283,UCU3a9Sfk2C8nlROnr8wZApA,Tiny Desk Korea,asffF7pnjbo,어느순간 깊생하는중... - 별거 아니라고 | #TinyDeskKorea #죠지 #george,2024-11-18T08:00:04Z,41.0,True,1482,37.0,2.0
4283,UCU3a9Sfk2C8nlROnr8wZApA,Tiny Desk Korea,IXXCHX7zPJ0,🚗 드라이브 하는데 옆에서 죠지랑 따마가 불러줌🚗 - i’m so tired.. | #TinyDeskKorea #죠지 #george,2024-11-18T08:00:11Z,58.0,True,4683,127.0,2.0
4283,UCU3a9Sfk2C8nlROnr8wZApA,Tiny Desk Korea,R7njW-9bhRA,Tiny Desk Korea 28번째 아티스트 l 죠지 ⛵🏊‍♂📻,2024-11-18T08:00:16Z,42.0,True,1937,54.0,2.0
4283,UCU3a9Sfk2C8nlROnr8wZApA,Tiny Desk Korea,F7jupSfI0_Y,가을 한 입 먹은 it’s my fault🍂 - 내 탓이지 뭐 | #TinyDeskKorea #죠지 #george,2024-11-18T08:00:19Z,50.0,True,2495,58.0,5.0
4283,UCU3a9Sfk2C8nlROnr8wZApA,Tiny Desk Korea,WBKvl72L_m0,죠지 (george) : Tiny Desk Korea,2024-11-18T08:00:21Z,1145.0,False,562727,12790.0,523.0
4283,UCU3a9Sfk2C8nlROnr8wZApA,Tiny Desk Korea,VWNycC02pIg,리메이크 장인이 또 편곡한다면?🎵 - 내 탓이지 뭐 | #TinyDeskKorea #죠지 #george,2024-11-18T08:00:32Z,50.0,True,2445,52.0,1.0
4283,UCU3a9Sfk2C8nlROnr8wZApA,Tiny Desk Korea,jcid_iIlXoQ,괜찮아지는 날이 올 거예요 - 별거 아니라고 | #TinyDeskKorea #죠지 #george,2024-11-18T08:00:37Z,54.0,True,3092,79.0,2.0
4283,UCU3a9Sfk2C8nlROnr8wZApA,Tiny Desk Korea,8D7rSii-c9A,스크롤 내리던 손 멈칫하게 만드는 음색 - 오래오래 | #TinyDeskKorea #죠지 #george,2024-11-19T08:00:09Z,50.0,True,83435,2391.0,1.0
4283,UCU3a9Sfk2C8nlROnr8wZApA,Tiny Desk Korea,qbXAliACXUg,[Focus Cam]  죠지 (george) - 오래오래  : Tiny Desk Korea,2024-11-19T08:00:41Z,265.0,False,48341,228.0,24.0
4283,UCU3a9Sfk2C8nlROnr8wZApA,Tiny Desk Korea,E0MjkxvbYnE,Tiny Desk Korea #이희문오방神과 편이 공개됩니다! 😎🕺😎,2024-11-21T08:00:11Z,13.0,True,151491,2379.0,49.0
4283,UCU3a9Sfk2C8nlROnr8wZApA,Tiny Desk Korea,3_u8pu-azuA,세련된 국악이란🕶️ - 나리소사 | #TinyDeskKorea #이희문오방신과 #OBSG,2024-12-02T08:00:05Z,57.0,True,272443,11152.0,221.0
4283,UCU3a9Sfk2C8nlROnr8wZApA,Tiny Desk Korea,9Kb12imIsTM,민요엔 부채🪭대신 와인잔🍷 - 어랑브루지 | #TinyDeskKorea #이희문오방신과 #OBSG,2024-12-02T08:00:06Z,58.0,True,3565,134.0,8.0
4283,UCU3a9Sfk2C8nlROnr8wZApA,Tiny Desk Korea,Bdmm1O9iVXc,이희문 오방神과 (OBSG) : Tiny Desk Korea,2024-12-02T08:00:07Z,1451.0,False,814921,23179.0,1855.0
4283,UCU3a9Sfk2C8nlROnr8wZApA,Tiny Desk Korea,SWEOjGsXJzM,마라탕 5단계 포포몬쓰🔥 - 허송세월말어라 | #TinyDeskKorea #이희문오방신과 #OBSG,2024-12-02T08:00:19Z,54.0,True,24703,1033.0,26.0
4283,UCU3a9Sfk2C8nlROnr8wZApA,Tiny Desk Korea,gxPAUyz3FvM,이런 민요 어때? - 싫은 민요 | #TinyDeskKorea #이희문오방신과 #OBSG,2024-12-02T08:00:25Z,63.0,False,8058,179.0,5.0
4283,UCU3a9Sfk2C8nlROnr8wZApA,Tiny Desk Korea,L3GKPpmvwUk,진정한 방구석 콘서트 원탑 - 싫은 민요 | #TinyDeskKorea #이희문오방신과 #OBSG,2024-12-02T08:00:27Z,59.0,True,3635,113.0,8.0
4283,UCU3a9Sfk2C8nlROnr8wZApA,Tiny Desk Korea,cxS8gf1tpv0,2025년 잘 되는 부적🙏 (@태그 필수) - 어허구자 | #TinyDeskKorea #이희문오방신과 #OBSG,2024-12-02T08:00:28Z,52.0,True,3432,90.0,2.0
4283,UCU3a9Sfk2C8nlROnr8wZApA,Tiny Desk Korea,W2doM_AhbHI,29번째 아티스트 l 이희문 오방神과 😎🕺😎,2024-12-02T08:00:31Z,54.0,True,20547,950.0,21.0
4283,UCU3a9Sfk2C8nlROnr8wZApA,Tiny Desk Korea,uD1OmvLBC74,도파민 가득실은 ✨국악✨ 한 번 잡숴봐 - 어허구자 | #TinyDeskKorea #이희문오방신과 #OBSG,2024-12-02T08:00:42Z,55.0,True,4239,167.0,2.0
4283,UCU3a9Sfk2C8nlROnr8wZApA,Tiny Desk Korea,orTRZufCiU8,예술로 재탄생하는 민요 - 나리소사 | #TinyDeskKorea #이희문오방신과 #OBSG,2024-12-02T08:00:43Z,54.0,True,6105,235.0,10.0
4283,UCU3a9Sfk2C8nlROnr8wZApA,Tiny Desk Korea,rHgHAuVO1-Y,함경도 재즈바로 유학갔다온 소리꾼 - 어랑브루지 | #TinyDeskKorea #이희문오방신과 #OBSG,2024-12-02T08:00:44Z,60.0,True,6983,273.0,14.0
4283,UCU3a9Sfk2C8nlROnr8wZApA,Tiny Desk Korea,wTQO4GRGmAw,🪩무도가요제가 지금까지 있었다면?!🪩 - 허송세월말어라 | #TinyDeskKorea #이희문오방신과 #OBSG,2024-12-02T08:00:48Z,47.0,True,84235,3471.0,84.0
4284,UCi3BnqSK4DPzRj8szUeLIQA,하나나 Hanana,_twKeKdV5a0,【Original】 하나나(Hanana) - Take Me to Horizon  -with♥제인팝(JANE POP),2021-09-08T03:00:12Z,203.0,False,24880,460.0,93.0
4284,UCi3BnqSK4DPzRj8szUeLIQA,하나나 Hanana,ZzZVPxGS-iw,아노하나 ED - Secret Base ～君がくれたもの～ㅣCover by 하나나(Hanana),2021-09-18T03:00:12Z,297.0,False,63872,1092.0,96.0
4284,UCi3BnqSK4DPzRj8szUeLIQA,하나나 Hanana,YytvlQR77z0,AKMU(악뮤) - 작별인사 ㅣCover by 하나나(Hanana),2021-09-26T03:00:10Z,217.0,False,27951,447.0,56.0
4284,UCi3BnqSK4DPzRj8szUeLIQA,하나나 Hanana,b2bsA4LonK0,Honeyworks - 17歳 / monaㅣKorean Cover by 하나나(Hanana),2021-10-02T03:00:10Z,248.0,False,87449,1026.0,94.0
4284,UCi3BnqSK4DPzRj8szUeLIQA,하나나 Hanana,oB--6BRVLJY,ヴァンパイア (뱀파이어) ㅣCover by 하나나(Hanana),2021-10-09T03:00:14Z,195.0,False,39899,798.0,65.0
4284,UCi3BnqSK4DPzRj8szUeLIQA,하나나 Hanana,BfbABmVeQdM,FAITH WORSHIP - 맺어주신 ㅣCover by 하나나(Hanana),2021-10-16T03:00:03Z,255.0,False,18495,338.0,41.0
4284,UCi3BnqSK4DPzRj8szUeLIQA,하나나 Hanana,cNqM38qvjHU,안예은 - 창귀(CHANGGWI)ㅣCover by 하나나(Hanana),2021-10-23T03:00:09Z,207.0,False,27423,544.0,55.0
4284,UCi3BnqSK4DPzRj8szUeLIQA,하나나 Hanana,9yVzHGVkSkg,【Hanana X AnKe 】 MAGNET / 마그넷 cover,2021-12-18T04:00:02Z,239.0,False,25101,513.0,59.0
4284,UCi3BnqSK4DPzRj8szUeLIQA,하나나 Hanana,zBu_r0QDeAQ,25명이 함께 부른 【 ❄️겨울왕국 OST -   Into the Unknown ❄️ 】,2021-12-24T12:48:37Z,206.0,False,12188,320.0,66.0
4284,UCi3BnqSK4DPzRj8szUeLIQA,하나나 Hanana,4ZqhkEyHNwY,2021 바람의나라 【하자@전설】 크리스마스 합창 ♥,2021-12-25T06:00:02Z,243.0,False,13235,222.0,39.0
4284,UCi3BnqSK4DPzRj8szUeLIQA,하나나 Hanana,nIzt5aB1Yos,【하나나 X 갸미dudu 】 봄에 가장 가까운 거리 (春に一番近い街) Korean cover,2022-03-06T05:00:15Z,269.0,False,33971,544.0,97.0
4284,UCi3BnqSK4DPzRj8szUeLIQA,하나나 Hanana,HplMPxsacnY,Yuuri -ドライフラワー (Dry Flower) ㅣKorean Cover by 하나나(Hanana),2022-03-19T03:00:05Z,287.0,False,70416,751.0,76.0
4284,UCi3BnqSK4DPzRj8szUeLIQA,하나나 Hanana,1wK9xkfUgWU,이세계아이돌 - 리와인드 (RE:WIND) ㅣ Cover by 하나나X지라라X라에일X렛시X뮬 (w.숩령X김레나X김가니XALONEX422),2022-04-23T03:00:10Z,276.0,False,128030,2747.0,379.0
4284,UCi3BnqSK4DPzRj8szUeLIQA,하나나 Hanana,LXF6BYiDFfU,back number - 수평선 水平線 (Suiheisen) ㅣCover by 하나나(Hanana),2022-05-14T03:00:06Z,286.0,False,29778,507.0,65.0
4284,UCi3BnqSK4DPzRj8szUeLIQA,하나나 Hanana,lUWYlGPpTK8,【Original】 하나나(Hanana) - 오늘도 너를 좋아해♥,2022-09-17T03:00:21Z,193.0,False,306082,2279.0,195.0
4284,UCi3BnqSK4DPzRj8szUeLIQA,하나나 Hanana,2QhnGUUZyhg,"로스트아크 OST - Sweet Dreams, My Dear ㅣCover by 하나나(Hanana)",2022-09-27T09:00:01Z,187.0,False,44424,496.0,76.0
4284,UCi3BnqSK4DPzRj8szUeLIQA,하나나 Hanana,fYBGxdYTQ9E,귀멸의칼날 무한열차 OST - 불꽃(炎) ㅣ Cover by 하나나(Hanana),2022-11-15T03:00:20Z,275.0,False,45480,,95.0
4284,UCi3BnqSK4DPzRj8szUeLIQA,하나나 Hanana,sNBc_BFjz_A,귀여워서 미안해 (可愛くてごめん)ㅣ Cover by 하나나(Hanana),2023-01-29T03:00:20Z,221.0,False,103202,1152.0,148.0
4284,UCi3BnqSK4DPzRj8szUeLIQA,하나나 Hanana,ZFlYEcTLeuc,안예은 - 출항(Sailing) ㅣ Cover by 하나나(Hanana),2023-02-07T05:20:40Z,190.0,False,71218,747.0,172.0
4284,UCi3BnqSK4DPzRj8szUeLIQA,하나나 Hanana,IYSaLtP8OZU,안예은 - 만개화 ㅣ Cover by 하나나(Hanana) #화산귀환,2023-02-15T03:00:07Z,254.0,False,138030,1079.0,119.0
4284,UCi3BnqSK4DPzRj8szUeLIQA,하나나 Hanana,OB7D7nxp-lQ,에픽세븐 OST - Promise ㅣ Cover by 하나나(Hanana),2023-03-22T03:00:11Z,248.0,False,108074,837.0,131.0
4284,UCi3BnqSK4DPzRj8szUeLIQA,하나나 Hanana,lmzHgLA6s3c,안예은 - 낮에 뜨는 달 ㅣ Cover by 하나나(Hanana),2023-03-26T03:00:30Z,240.0,False,73679,841.0,77.0
4284,UCi3BnqSK4DPzRj8szUeLIQA,하나나 Hanana,ol0vnSBQTTg,Happy Birthday To 하나나♥,2023-04-09T10:00:35Z,952.0,False,7511,304.0,71.0
4284,UCi3BnqSK4DPzRj8szUeLIQA,하나나 Hanana,Nb36OOUHsuc,하나나X하이요 버츄얼 콘서트 풀버전!!!,2023-04-22T06:30:09Z,3014.0,False,21672,507.0,55.0
4284,UCi3BnqSK4DPzRj8szUeLIQA,하나나 Hanana,_iRhWeDT6UI,BJ들 울린 하나나 단독버스킹 ('22.12.16),2023-05-15T03:00:14Z,2637.0,False,19918,382.0,33.0
4284,UCi3BnqSK4DPzRj8szUeLIQA,하나나 Hanana,C_Hgsg-0ks0,'너에게 마지막 입맞춤을'  BJ 반응모음 (하나나 라이브),2023-05-15T03:30:05Z,388.0,False,21941,409.0,42.0
4284,UCi3BnqSK4DPzRj8szUeLIQA,하나나 Hanana,jGAdpj4QtmE,유우리 - 베텔기우스(ベテルギウス) ㅣ Cover by 하나나(Hanana),2023-07-25T03:00:31Z,249.0,False,212095,1742.0,105.0
4284,UCi3BnqSK4DPzRj8szUeLIQA,하나나 Hanana,sN_vhc-m_1c,[여름의 끝자락] 하나나 미니 콘서트 Full.ver,2023-08-31T03:00:23Z,6794.0,False,18395,404.0,66.0
4284,UCi3BnqSK4DPzRj8szUeLIQA,하나나 Hanana,ogn1yNu3Emg,✦ 하나나 에디션 7人 - Shout Baby ✦,2023-11-02T12:00:08Z,266.0,False,69508,894.0,130.0
4284,UCi3BnqSK4DPzRj8szUeLIQA,하나나 Hanana,w1apTrcplVU,심규선 - 야래향(夜來香)  Live ver.ㅣ Cover by 하나나(Hanana),2023-12-09T08:00:35Z,323.0,False,26800,338.0,54.0
4284,UCi3BnqSK4DPzRj8szUeLIQA,하나나 Hanana,CWX4UeeC-lg,데이식스(DAY6) - 한 페이지가 될 수 있게 Concert ver.ㅣ Cover by 하나나(Hanana),2023-12-20T03:00:06Z,211.0,False,34370,487.0,58.0
4284,UCi3BnqSK4DPzRj8szUeLIQA,하나나 Hanana,zrIE9j67GVI,신문희(MOONY) - 아름다운나라 Concert ver.ㅣ Cover by 하나나(Hanana),2023-12-21T03:00:34Z,289.0,False,64656,881.0,91.0
4284,UCi3BnqSK4DPzRj8szUeLIQA,하나나 Hanana,Ms6HvSwyexc,"tuki - 만찬가(晩餐歌, Bansanka) l cover by 하나나 #shorts",2024-04-17T13:36:39Z,24.0,True,17699,890.0,38.0
4284,UCi3BnqSK4DPzRj8szUeLIQA,하나나 Hanana,Mgb3O7ub0Z4,하나나 (Hanana) - 내꺼 하는 법 (아야츠노 유니(Ayatsuno Yuni),2024-05-04T03:00:12Z,139.0,False,23564,605.0,118.0
4284,UCi3BnqSK4DPzRj8szUeLIQA,하나나 Hanana,JvNXqNy_AgU,ㄴㅑ꺼하는법! #내꺼하는법 #shorts,2024-05-05T03:00:10Z,30.0,True,3902,243.0,20.0
4284,UCi3BnqSK4DPzRj8szUeLIQA,하나나 Hanana,ANkY4xwEV7k,하나나(Hanana) - 晩餐歌 (만찬가) #歌ってみた,2024-05-11T03:00:04Z,220.0,False,79981,1078.0,102.0
4284,UCi3BnqSK4DPzRj8szUeLIQA,하나나 Hanana,72gOG81MdHo,하나나 - 베텔기우스(ベテルギウス) #cover #shorts #yuuri,2024-06-02T03:06:40Z,46.0,True,2569,254.0,17.0
4284,UCi3BnqSK4DPzRj8szUeLIQA,하나나 Hanana,UDHKAz51O2E,하나나 - 夏の在りか (여름의 존재) #cover #shorts # H△G,2024-06-03T03:00:17Z,32.0,True,2451,205.0,15.0
4284,UCi3BnqSK4DPzRj8szUeLIQA,하나나 Hanana,rnlZ26RTdtE,"하나나가 부른 여름의 끝, 사랑의시작 live ver.",2024-06-08T03:00:36Z,53.0,True,2675,174.0,9.0
4284,UCi3BnqSK4DPzRj8szUeLIQA,하나나 Hanana,ZJ2gVxrQ4x8,긍지 높은 아이돌 (誇り高きアイドル) ㅣ Cover by Hanana,2024-07-24T03:00:23Z,255.0,False,69981,879.0,133.0
4284,UCi3BnqSK4DPzRj8szUeLIQA,하나나 Hanana,xHH9lfgb81s,하나나가 부른 긍지 높은 아이돌  #cover #shorts #honeyworks,2024-07-24T03:01:48Z,35.0,True,6780,366.0,18.0
4284,UCi3BnqSK4DPzRj8szUeLIQA,하나나 Hanana,-wLCWamL6UY,[뮤지컬 레드북] 사랑은 마치 ㅣ Cover by 하나나(Hanana),2025-02-08T03:00:00Z,124.0,False,8506,225.0,38.0
4284,UCi3BnqSK4DPzRj8szUeLIQA,하나나 Hanana,quuF8990zzQ,레터송(Letter Song)ㅣ Cover by 하나나(Hanana),2025-02-09T03:00:46Z,417.0,False,18624,453.0,67.0
4284,UCi3BnqSK4DPzRj8szUeLIQA,하나나 Hanana,DhFqVrldII4,WOODZ - Drowningㅣ Cover by 하나나(Hanana),2025-02-14T03:00:11Z,247.0,False,73923,868.0,102.0
4284,UCi3BnqSK4DPzRj8szUeLIQA,하나나 Hanana,oQh-sivh7KY,WOODZ - Drowningㅣ Cover by 하나나(Hanana) #cover  #vtuber #drowning ing,2025-02-15T03:41:13Z,60.0,True,18484,809.0,19.0
4284,UCi3BnqSK4DPzRj8szUeLIQA,하나나 Hanana,VjZflNGSx_o,오지은 - 고작ㅣ Cover by 하나나(Hanana),2025-03-22T03:00:22Z,271.0,False,14103,320.0,51.0
4284,UCi3BnqSK4DPzRj8szUeLIQA,하나나 Hanana,s35iPUMnw1U,"여름의 끝, 사랑의 시작 (夏の終わり、恋の始まり)ㅣ Cover by 하나나(Hanana)",2025-09-20T03:01:07Z,250.0,False,37994,491.0,79.0
4284,UCi3BnqSK4DPzRj8szUeLIQA,하나나 Hanana,siLOwmvSZVM,"여름의 끝, 사랑의 시작 by Hanana🩷",2025-09-20T06:29:14Z,50.0,True,3618,156.0,5.0
4284,UCi3BnqSK4DPzRj8szUeLIQA,하나나 Hanana,wii5Xr8dk0o,녹황색사회(緑黄色社会) - Mela!ㅣ Cover by 하나나(Hanana),2025-12-12T11:37:56Z,242.0,False,20012,427.0,58.0
4284,UCi3BnqSK4DPzRj8szUeLIQA,하나나 Hanana,pEbj52bnZvc,하나나 - Freesia (フリージア) #cover #shorts #uru,2025-12-18T00:52:29Z,52.0,True,2596,99.0,12.0
4285,UCRhdSOsdo7upnTIP7tObYnw,kimbbomami 김뽀마미,N-BUjZZz8Cc,❤️같이 운동하면 안싸우죠 (아마도?) #합법스파링,2026-02-26T09:00:34Z,13.0,True,7335,24.0,3.0
4285,UCRhdSOsdo7upnTIP7tObYnw,kimbbomami 김뽀마미,BBzzkDasBlk,수백명 가르쳐본 결과❤️‍🔥 엉덩이는 이게 제일 좋네요,2026-02-27T09:00:15Z,9.0,True,5692,57.0,1.0
4285,UCRhdSOsdo7upnTIP7tObYnw,kimbbomami 김뽀마미,I2i5iMtDR6o,터치 없이 바른자세 전수😎😎 #삼두운동,2026-02-28T09:00:33Z,12.0,True,7019,25.0,0.0
4285,UCRhdSOsdo7upnTIP7tObYnw,kimbbomami 김뽀마미,cmdmEB7zslI,오늘은 내가 베스트 드라이버 😅😅😅,2026-03-01T09:00:49Z,16.0,True,8808,34.0,4.0
4285,UCRhdSOsdo7upnTIP7tObYnw,kimbbomami 김뽀마미,NJTZncNkn-s,옆궁뎅 펌핑? 이렇게 업그레이드 해보세요🥵,2026-03-02T09:00:34Z,13.0,True,3120,16.0,1.0
4285,UCRhdSOsdo7upnTIP7tObYnw,kimbbomami 김뽀마미,k9D4gw74_h4,"강아지도 사람도 모질관리 필요할 때? 초록창에 ""저분자 콜라겐"" 검색해보세요❤️",2026-03-03T03:01:42Z,19.0,True,3123,22.0,3.0
4285,UCRhdSOsdo7upnTIP7tObYnw,kimbbomami 김뽀마미,twLwnO1dUc4,불가리안 스플릿 스쿼트🥵 어렵다면 이건 어때요?,2026-03-04T08:01:01Z,17.0,True,8742,38.0,3.0
4285,UCRhdSOsdo7upnTIP7tObYnw,kimbbomami 김뽀마미,BuC2SwhfcDI,잠좀자잙,2026-03-09T09:00:30Z,6.0,True,9793,50.0,5.0
4285,UCRhdSOsdo7upnTIP7tObYnw,kimbbomami 김뽀마미,_Bjj45g7wr8,남편이 살아남는 방법! (알려주세요😅😅),2026-03-10T09:00:55Z,14.0,True,4802,32.0,2.0
4285,UCRhdSOsdo7upnTIP7tObYnw,kimbbomami 김뽀마미,_Fdo5CZUlX0,갈비뼈 닫는 방법? 얇은 허리까지 찾아주는 호흡법 따라해보세요💓,2026-03-12T09:00:58Z,16.0,True,6540,41.0,0.0
4285,UCRhdSOsdo7upnTIP7tObYnw,kimbbomami 김뽀마미,qlbqCoWDnSs,사이가 더 좋아지는(?) 챌린지👩‍❤️‍💋‍👨 #부부싸움 #커플챌린지,2026-03-13T09:01:27Z,20.0,True,10823,28.0,1.0
4285,UCRhdSOsdo7upnTIP7tObYnw,kimbbomami 김뽀마미,gjzM4CLlwYc,이 고통 아는 분?,2026-03-14T09:00:56Z,22.0,True,4215,15.0,2.0
4285,UCRhdSOsdo7upnTIP7tObYnw,kimbbomami 김뽀마미,EAOb_n9XbHc,"클리오 본사 털어드려요 올레샷 올리브유, 레몬즙 특가 | 김뽀마미 X 트루알엑스(클리오)",2026-03-16T18:26:13Z,3529.0,False,2701,54.0,1.0
4285,UCRhdSOsdo7upnTIP7tObYnw,kimbbomami 김뽀마미,HAznnSIPRmI,나무 뒤에 앉은 이유,2026-03-18T03:00:26Z,12.0,True,4218,23.0,1.0
4285,UCRhdSOsdo7upnTIP7tObYnw,kimbbomami 김뽀마미,BU-Nd0H1bzo,필리핀🇵🇭 근육남 헌팅(real) 성공👍 진짜 지나가다가 부탁했는데 감사합니다 ㅎㅎ🤣,2026-03-19T03:00:19Z,11.0,True,8786,29.0,1.0
4285,UCRhdSOsdo7upnTIP7tObYnw,kimbbomami 김뽀마미,cvMn0NfgC8o,점점 시간이 흐를수록 오래 걸리는😭😭😭,2026-03-20T03:00:42Z,14.0,True,10708,46.0,2.0
4285,UCRhdSOsdo7upnTIP7tObYnw,kimbbomami 김뽀마미,Nirssk2uUlc,생로랑맛 자라? 이중 알리에서 산 2만원 짜리는 뭐게요~?,2026-03-21T03:00:20Z,21.0,True,2485,11.0,0.0
4285,UCRhdSOsdo7upnTIP7tObYnw,kimbbomami 김뽀마미,Q_wESMI_Mjo,자연스럽게 가능한 분...? 일단 전 탈락🫶🫶,2026-03-22T03:00:23Z,12.0,True,4666,15.0,0.0
4285,UCRhdSOsdo7upnTIP7tObYnw,kimbbomami 김뽀마미,bJJJKlCUf_c,자기야 이거 가능해? ㅎㅎ 👩‍❤️‍👨,2026-03-23T09:00:47Z,15.0,True,29972,75.0,6.0
4285,UCRhdSOsdo7upnTIP7tObYnw,kimbbomami 김뽀마미,K1NfRFiWWHA,내 탈모가 계속됐다면?😅😅😅,2026-03-26T08:30:00Z,16.0,True,4633,26.0,4.0
4285,UCRhdSOsdo7upnTIP7tObYnw,kimbbomami 김뽀마미,lK3SjOf7RLQ,동갑내기 춘리랑 간바레 막차탑승👀💙💙,2026-03-30T08:57:42Z,14.0,True,5563,37.0,1.0
4285,UCRhdSOsdo7upnTIP7tObYnw,kimbbomami 김뽀마미,yYOmdkIR5Wo,근 샤카라카 어때요💪💪,2026-03-31T10:00:00Z,8.0,True,9551,40.0,6.0
4285,UCRhdSOsdo7upnTIP7tObYnw,kimbbomami 김뽀마미,cCKaVShbfQQ,회원님 헬스장 입장 도와드릴게요^^ #드래곤짐 #천안두정점 #춘리,2026-04-01T09:00:00Z,6.0,True,26587,67.0,6.0
4285,UCRhdSOsdo7upnTIP7tObYnw,kimbbomami 김뽀마미,JMaerOWe24E,호텔 체크아웃 할 때 국룰😅😅 #등잔밑이어둡다,2026-04-02T09:58:37Z,13.0,True,20462,98.0,10.0
4285,UCRhdSOsdo7upnTIP7tObYnw,kimbbomami 김뽀마미,B6Ab4FMhkvs,내가 공짜로 등살 뺀 방법 #홈트,2026-04-03T09:19:02Z,19.0,True,18885,225.0,10.0
4285,UCRhdSOsdo7upnTIP7tObYnw,kimbbomami 김뽀마미,PzsEkhuQI-8,하늘을 올려다 보는 법,2026-04-04T03:00:33Z,11.0,True,22236,51.0,10.0
4285,UCRhdSOsdo7upnTIP7tObYnw,kimbbomami 김뽀마미,pOKbgajuf4M,"AI가 골라준 운동 2가지, 3kg 빼기 가능? 불가능?",2026-04-05T03:01:01Z,8.0,True,8570,64.0,2.0
4285,UCRhdSOsdo7upnTIP7tObYnw,kimbbomami 김뽀마미,G15yDdpwAW8,예쁜 언니가 까꿍하면? #방긋방긋 #미안해요,2026-04-06T09:30:07Z,10.0,True,6025,36.0,0.0
4285,UCRhdSOsdo7upnTIP7tObYnw,kimbbomami 김뽀마미,1V29AiGHBSY,버블티 한잔 600칼로리🔥🔥 지난주 나 얼마나 먹은걸까요^^; #칼로리 #칼로리폭탄 #다이어트 #다이어트꿀팁 #버블티 #햄버거 #햄부기,2026-04-07T09:00:02Z,15.0,True,12758,80.0,2.0
4285,UCRhdSOsdo7upnTIP7tObYnw,kimbbomami 김뽀마미,gTH8C8i3v9Q,자 따라해봐😝 이기면 내돈💰,2026-04-09T09:00:58Z,26.0,True,48730,83.0,5.0
4285,UCRhdSOsdo7upnTIP7tObYnw,kimbbomami 김뽀마미,qxiyhNQwUC8,배트맨vs캣우먼 잘 어울리나요? #춘리,2026-04-10T09:01:19Z,14.0,True,3525,13.0,3.0
4285,UCRhdSOsdo7upnTIP7tObYnw,kimbbomami 김뽀마미,RLXHucAnwNA,안녕할때 같이 흔드는 팔뚝살💔 천천히 정리해줄래요...💔 #팔운동 #팔뚝살 #다이어트,2026-04-11T07:00:20Z,22.0,True,4203,35.0,3.0
4285,UCRhdSOsdo7upnTIP7tObYnw,kimbbomami 김뽀마미,CCRw0hDAVb4,운동 하셔야 합니다. 안 하시면 큰일 나거든요? #춘리 #헬스장 #드래곤짐,2026-04-13T09:00:25Z,14.0,True,76741,251.0,35.0
4285,UCRhdSOsdo7upnTIP7tObYnw,kimbbomami 김뽀마미,JMb652_oW2E,헬스장 1개월의 변화 너무 뿌듯하네요😁😁😁 #funny,2026-04-16T09:10:41Z,19.0,True,33342,120.0,16.0
4285,UCRhdSOsdo7upnTIP7tObYnw,kimbbomami 김뽀마미,u-g1Tz_zUe0,간단해 보이는데 잘 안되더라구요? 🫢가능하면 코어 안정성 10%라는데?!  #코어테스트 #챌린지 #안전주의,2026-04-17T09:01:21Z,16.0,True,16263,60.0,4.0
4285,UCRhdSOsdo7upnTIP7tObYnw,kimbbomami 김뽀마미,kt5PbxF2nPs,요즘 유행한다는 식당 사장님이 마음에 들었을 때 계산하는 방법,2026-04-18T09:01:06Z,14.0,True,11072,62.0,4.0
4285,UCRhdSOsdo7upnTIP7tObYnw,kimbbomami 김뽀마미,yiau0l6lHIg,여태것 한 챌린지 중 최강난이도 자랑 #가능하신분을찾습니다 #푸쉬업 #푸쉬업챌린지,2026-04-19T09:01:21Z,18.0,True,32465,95.0,8.0
4285,UCRhdSOsdo7upnTIP7tObYnw,kimbbomami 김뽀마미,6XOdXeJhf9A,매일 3분에 끝내보세요🔥치킨 피자 떡볶이 0kcal로 먹는 법,2026-04-21T09:03:25Z,168.0,False,9094,55.0,1.0
4285,UCRhdSOsdo7upnTIP7tObYnw,kimbbomami 김뽀마미,n9SDdyH_N1A,저 좀 치나요? ⛳️ (feat. 놀라운 스킬),2026-04-23T03:30:28Z,13.0,True,7712,22.0,4.0
4285,UCRhdSOsdo7upnTIP7tObYnw,kimbbomami 김뽀마미,p_c9HC6YQPI,쌤 저 똑바로 하고 있어요 진짜예요 한번만 믿어주세요,2026-04-24T09:17:17Z,13.0,True,2456373,19630.0,126.0
4285,UCRhdSOsdo7upnTIP7tObYnw,kimbbomami 김뽀마미,UbyrD224g80,혁신적인 과자 보관 방법 #불장난은위험해,2026-04-25T09:00:42Z,21.0,True,32027,147.0,2.0
4285,UCRhdSOsdo7upnTIP7tObYnw,kimbbomami 김뽀마미,WrA16klCekw,지금 누워있다면? 잠깐 움직여 허리 풀어주는 방법 #디스크 #스트레칭,2026-04-28T08:30:16Z,9.0,True,16092,107.0,6.0
4285,UCRhdSOsdo7upnTIP7tObYnw,kimbbomami 김뽀마미,EOzQITMSXZ8,한방에 갈아입히는 방법👕대신 분노 주의⚠️,2026-04-29T08:35:40Z,18.0,True,12380,75.0,1.0
4285,UCRhdSOsdo7upnTIP7tObYnw,kimbbomami 김뽀마미,yK1JTl1lByY,오늘도 그가 설거지를 하는 이유🫧🫧,2026-04-30T08:30:29Z,15.0,True,9528,71.0,1.0
4285,UCRhdSOsdo7upnTIP7tObYnw,kimbbomami 김뽀마미,khoi3J20fhE,복근 필요해? 이중에 필요한 것만 골라봐!,2026-05-04T09:15:06Z,19.0,True,1754,23.0,2.0
4285,UCRhdSOsdo7upnTIP7tObYnw,kimbbomami 김뽀마미,PXMLKid4AUk,다들 이렇게 하시잖아요? 그쵸? 💪자극을 더 주고싶다면? 저장하고 따라하기❤️#삼두 #케이블푸쉬다운 #케이블푸시다운,2026-05-06T09:00:37Z,10.0,True,19840,86.0,6.0
4285,UCRhdSOsdo7upnTIP7tObYnw,kimbbomami 김뽀마미,pYF7Rasrtpg,여자는 하체 운동을 왜 그렇게 많이 해?🙄🙄,2026-05-11T09:05:26Z,10.0,True,7162,40.0,2.0
4285,UCRhdSOsdo7upnTIP7tObYnw,kimbbomami 김뽀마미,Vtt-mDBfMu4,제가 살 뺀 가장 확실한 방법!! #운동 #홈트,2026-05-15T09:00:00Z,11.0,True,2368,22.0,1.0
4285,UCRhdSOsdo7upnTIP7tObYnw,kimbbomami 김뽀마미,EWkd3wq2SOk,오전반 빡신 일요일 50min,2026-05-17T00:35:10Z,,False,22198,135.0,0.0
4285,UCRhdSOsdo7upnTIP7tObYnw,kimbbomami 김뽀마미,JGJ3L_-zeJo,최애노래 틀어놓고 움직이면 그곳이 바로 헬스장! #홈트 #스트레칭,2026-05-17T03:00:29Z,148.0,False,1494,11.0,0.0
4286,UCwL6QaI3kpmDfCFEaNVMbJQ,송단프로 골프채널 [Song Dan Golf],R_bCaWxWszA,인-아웃 스윙 해도 000이 안되면 '정타' 어렵습니다  【친척형 레슨 4-2회】,2025-04-19T09:04:20Z,1101.0,False,4319,37.0,4.0
4286,UCwL6QaI3kpmDfCFEaNVMbJQ,송단프로 골프채널 [Song Dan Golf],E0brm1fY_lY,그린피만 14만원!! 태국 명문 골프장에 다녀왔습니다.,2025-05-24T08:00:11Z,689.0,False,3667,22.0,10.0
4286,UCwL6QaI3kpmDfCFEaNVMbJQ,송단프로 골프채널 [Song Dan Golf],PaCCHLkhW6A,"스퀘어 페이스, 샬로잉만 잘 돼도 놀랍도록 비거리가 늘어납니다!! ㅣ 스피드는 충분한데 비거리가 안난다면 꼭 시청하세요!",2025-06-03T06:26:46Z,399.0,False,3983,44.0,6.0
4286,UCwL6QaI3kpmDfCFEaNVMbJQ,송단프로 골프채널 [Song Dan Golf],uhSW0Cwi4Bc,바닥 솔에 따라 다르게 벙커샷 해야 하는거 알고 계셨나요?,2025-06-08T05:03:58Z,192.0,False,2017,18.0,3.0
4286,UCwL6QaI3kpmDfCFEaNVMbJQ,송단프로 골프채널 [Song Dan Golf],yc9bQHzBv-I,인당 25만원 베트남 1위 골프장! ㅣ 비싸지만 추천하는 이유,2025-06-20T07:45:31Z,535.0,False,2643,18.0,5.0
4286,UCwL6QaI3kpmDfCFEaNVMbJQ,송단프로 골프채널 [Song Dan Golf],q1nuggV_VWw,따라해보시고 다들 놀라셨어요 ㅣ 머리고정 방법 한방에 정리,2025-07-27T09:07:41Z,527.0,False,3999,65.0,3.0
4286,UCwL6QaI3kpmDfCFEaNVMbJQ,송단프로 골프채널 [Song Dan Golf],NnVYelXmzjc,유독 골프가 '어려운' 이유,2025-07-29T15:00:45Z,60.0,True,14026,48.0,5.0
4286,UCwL6QaI3kpmDfCFEaNVMbJQ,송단프로 골프채널 [Song Dan Golf],ydf0x_tqzYY,골프 머리고정이 잘 됐을때 드는 느낌,2025-07-29T15:01:44Z,99.0,False,23243,116.0,2.0
4286,UCwL6QaI3kpmDfCFEaNVMbJQ,송단프로 골프채널 [Song Dan Golf],zBUYauZg4ag,골프 머리고정을 하면 안되는 유형,2025-07-29T15:01:51Z,92.0,False,9371,40.0,0.0
4286,UCwL6QaI3kpmDfCFEaNVMbJQ,송단프로 골프채널 [Song Dan Golf],ntuzRrzqmjg,골프 '머리고정'이 안되는 이유,2025-07-30T16:01:23Z,75.0,False,17124,104.0,3.0
4286,UCwL6QaI3kpmDfCFEaNVMbJQ,송단프로 골프채널 [Song Dan Golf],odLa1HW6zNQ,SW ~ Driver 스윙영상⛳️,2025-08-18T01:00:51Z,10.0,True,14482,35.0,6.0
4286,UCwL6QaI3kpmDfCFEaNVMbJQ,송단프로 골프채널 [Song Dan Golf],6kVN_VvBlo4,레슨 10년 해보니 이 방법으로 스윙할 때 제일 효과적이었어요!!,2025-08-20T23:30:01Z,233.0,False,2718,48.0,2.0
4286,UCwL6QaI3kpmDfCFEaNVMbJQ,송단프로 골프채널 [Song Dan Golf],LvoVuuMcr5w,공 똑바로 멀리치는 스윙법,2025-08-23T02:00:27Z,82.0,False,90067,388.0,6.0
4286,UCwL6QaI3kpmDfCFEaNVMbJQ,송단프로 골프채널 [Song Dan Golf],EVl4V0TiLiE,송단프로 골프채널 [Song Dan Golf] 라이브 방송,2025-08-25T00:16:05Z,2414.0,False,499,13.0,1.0
4286,UCwL6QaI3kpmDfCFEaNVMbJQ,송단프로 골프채널 [Song Dan Golf],1sWBDA_LMZ4,프로가 힘빼고 치면 몇 미터 갈까요?,2025-08-29T10:30:03Z,32.0,True,147183,248.0,108.0
4286,UCwL6QaI3kpmDfCFEaNVMbJQ,송단프로 골프채널 [Song Dan Golf],0xGQzLAYFZs,툭! 쳐서 볼스피드 75m/s,2025-09-02T10:31:01Z,36.0,True,23488,67.0,32.0
4286,UCwL6QaI3kpmDfCFEaNVMbJQ,송단프로 골프채널 [Song Dan Golf],1KFetGD_SrU,똑바로 멀리 보내려면 '손목'을 이 방향으로 꺾어보세요!,2025-09-03T00:00:01Z,353.0,False,7843,91.0,13.0
4286,UCwL6QaI3kpmDfCFEaNVMbJQ,송단프로 골프채널 [Song Dan Golf],s1hJYX2cuII,5번 아이언 정말 힘빼고 쳐봤어요,2025-09-08T12:28:06Z,34.0,True,20755,56.0,15.0
4286,UCwL6QaI3kpmDfCFEaNVMbJQ,송단프로 골프채널 [Song Dan Golf],6tB3957SNws,우드 힘빼고 쳐봤습니다,2025-09-09T10:00:13Z,35.0,True,37854,77.0,15.0
4286,UCwL6QaI3kpmDfCFEaNVMbJQ,송단프로 골프채널 [Song Dan Golf],swCvNiAzmos,"150,200,250,300m",2025-09-10T01:01:02Z,58.0,True,26624,141.0,39.0
4286,UCwL6QaI3kpmDfCFEaNVMbJQ,송단프로 골프채널 [Song Dan Golf],HzFjw6MCSqc,부상없는 부드러운 스윙,2025-09-14T10:00:33Z,30.0,True,28319,117.0,27.0
4286,UCwL6QaI3kpmDfCFEaNVMbJQ,송단프로 골프채널 [Song Dan Golf],TRw2s6gyDos,이정도힘이면 250m,2025-09-15T02:00:24Z,18.0,True,11725,45.0,16.0
4286,UCwL6QaI3kpmDfCFEaNVMbJQ,송단프로 골프채널 [Song Dan Golf],AUpr9ci8bDY,프로가 팔로치면 몇m 갈까?,2025-09-16T01:00:18Z,17.0,True,48705,62.0,71.0
4286,UCwL6QaI3kpmDfCFEaNVMbJQ,송단프로 골프채널 [Song Dan Golf],FutuLMV6JIw,30%와 100% 거리차이,2025-09-16T10:00:21Z,72.0,False,119249,253.0,103.0
4286,UCwL6QaI3kpmDfCFEaNVMbJQ,송단프로 골프채널 [Song Dan Golf],qAvnWc4RmGA,250m 이정도 힘이면 됩니다,2025-09-17T01:00:55Z,29.0,True,57487,124.0,72.0
4286,UCwL6QaI3kpmDfCFEaNVMbJQ,송단프로 골프채널 [Song Dan Golf],10BLw9kAe04,허리가 아프시다면 이렇게 스윙해보세요,2025-09-18T01:00:01Z,34.0,True,9259,38.0,20.0
4286,UCwL6QaI3kpmDfCFEaNVMbJQ,송단프로 골프채널 [Song Dan Golf],g6oH5WWSHEc,프로가 팔로만 치면 얼마나 갈까??,2025-09-22T09:29:00Z,34.0,True,8528,33.0,41.0
4286,UCwL6QaI3kpmDfCFEaNVMbJQ,송단프로 골프채널 [Song Dan Golf],4qYmJVdtdx8,프로가 발모으고 치면 몇m 갈까?,2025-09-26T09:00:12Z,37.0,True,6729,29.0,26.0
4286,UCwL6QaI3kpmDfCFEaNVMbJQ,송단프로 골프채널 [Song Dan Golf],dgMIWc7mbFk,프로가 하프스윙하면 몇m 갈까?,2025-09-28T13:29:01Z,37.0,True,7565,35.0,15.0
4286,UCwL6QaI3kpmDfCFEaNVMbJQ,송단프로 골프채널 [Song Dan Golf],yQyCDBEppK4,[최다요청 스윙] 무릎꿇고 치기,2025-09-30T04:15:11Z,49.0,True,16939,76.0,79.0
4286,UCwL6QaI3kpmDfCFEaNVMbJQ,송단프로 골프채널 [Song Dan Golf],D0rSmloXD54,툭! 쳐도 250 비법공개,2025-10-01T02:00:20Z,27.0,True,12809,37.0,23.0
4286,UCwL6QaI3kpmDfCFEaNVMbJQ,송단프로 골프채널 [Song Dan Golf],0P0sexjlDiw,7번 아이언 30%와 100% 거리차이,2025-10-02T06:00:01Z,62.0,False,33224,87.0,58.0
4286,UCwL6QaI3kpmDfCFEaNVMbJQ,송단프로 골프채널 [Song Dan Golf],4lsvUL5mjQ8,이 ‘힘‘을 쓰면 거리늘리기 쉬워져요,2025-10-02T09:00:07Z,69.0,False,11653,85.0,13.0
4286,UCwL6QaI3kpmDfCFEaNVMbJQ,송단프로 골프채널 [Song Dan Golf],kkvMWI5-MsQ,힘빼고 250 필드버전,2025-10-13T02:00:45Z,32.0,True,98021,328.0,65.0
4286,UCwL6QaI3kpmDfCFEaNVMbJQ,송단프로 골프채널 [Song Dan Golf],nuuMKNHNtlA,??? : 한손으로 쳐도 200은 가겠다,2025-10-14T01:01:01Z,28.0,True,19251,41.0,22.0
4286,UCwL6QaI3kpmDfCFEaNVMbJQ,송단프로 골프채널 [Song Dan Golf],5j94ckrKkck,프로가 눈가리고 치면 얼마나 갈까?,2025-10-14T10:00:20Z,165.0,False,17024,63.0,35.0
4286,UCwL6QaI3kpmDfCFEaNVMbJQ,송단프로 골프채널 [Song Dan Golf],KjMyfO0uFOM,[송단프로] 필드에선 어떻게 칠까?,2025-10-24T14:00:43Z,9.0,True,63468,81.0,5.0
4286,UCwL6QaI3kpmDfCFEaNVMbJQ,송단프로 골프채널 [Song Dan Golf],rfTF1k7uBLA,로우 페이드샷,2025-10-26T01:00:58Z,11.0,True,21640,49.0,4.0
4286,UCwL6QaI3kpmDfCFEaNVMbJQ,송단프로 골프채널 [Song Dan Golf],hqaYlXi6tbM,다시 없는 가격!! 찐 가성비 골프캠프,2025-10-29T08:01:03Z,59.0,True,5739,36.0,3.0
4286,UCwL6QaI3kpmDfCFEaNVMbJQ,송단프로 골프채널 [Song Dan Golf],fQuWEEMW1bY,[송단프로] 정면스윙,2025-11-01T10:15:52Z,17.0,True,12419,45.0,3.0
4286,UCwL6QaI3kpmDfCFEaNVMbJQ,송단프로 골프채널 [Song Dan Golf],s0M5bL-2rFU,[송단프로]한손놓고 치기,2025-11-02T02:00:52Z,17.0,True,8673,29.0,3.0
4286,UCwL6QaI3kpmDfCFEaNVMbJQ,송단프로 골프채널 [Song Dan Golf],399Ah6ueEBs,아이언 잘맞을 때 나는 소리,2025-11-03T08:00:03Z,26.0,True,6464,24.0,2.0
4286,UCwL6QaI3kpmDfCFEaNVMbJQ,송단프로 골프채널 [Song Dan Golf],BkSwFCGjmxM,클럽헤드의 흐름을 느껴보세요,2025-11-04T09:52:17Z,22.0,True,20768,61.0,2.0
4286,UCwL6QaI3kpmDfCFEaNVMbJQ,송단프로 골프채널 [Song Dan Golf],UAGVExfE-do,몸 오른쪽을 접으면 임팩이 달라집니다,2025-11-07T08:10:05Z,23.0,True,46814,168.0,1.0
4286,UCwL6QaI3kpmDfCFEaNVMbJQ,송단프로 골프채널 [Song Dan Golf],EGHeaOKDUog,[송단프로] 슬로우모션 스윙,2025-11-10T09:49:12Z,49.0,True,2691,22.0,0.0
4286,UCwL6QaI3kpmDfCFEaNVMbJQ,송단프로 골프채널 [Song Dan Golf],giabX59UytM,강한스윙과 약한스윙,2025-11-11T07:43:25Z,30.0,True,16654,62.0,2.0
4286,UCwL6QaI3kpmDfCFEaNVMbJQ,송단프로 골프채널 [Song Dan Golf],ELkm3x6UdMo,골프스윙 = 야구스윙,2025-11-12T01:00:25Z,26.0,True,15039,46.0,0.0
4286,UCwL6QaI3kpmDfCFEaNVMbJQ,송단프로 골프채널 [Song Dan Golf],YFFVmLyoYMY,생존신고,2026-05-11T04:23:17Z,63.0,False,1835,14.0,2.0
4286,UCwL6QaI3kpmDfCFEaNVMbJQ,송단프로 골프채널 [Song Dan Golf],WtVrbauqOww,장타 치는 사람들의 '공통점',2026-05-11T23:30:22Z,27.0,True,1913,12.0,2.0
4286,UCwL6QaI3kpmDfCFEaNVMbJQ,송단프로 골프채널 [Song Dan Golf],6eOOc0zKbeA,노캐디에 2인 걸어서 라운드?!??,2026-05-15T10:25:34Z,26.0,True,4745,17.0,1.0
4287,UCBZqXn7fw4pMwk9vFYkoDJQ,파이.D,G0xXpRwGQkM,파이의 겨울 화보 메이킹 필름,2021-01-11T11:03:31Z,159.0,False,75946,490.0,74.0
4287,UCBZqXn7fw4pMwk9vFYkoDJQ,파이.D,DVmBX7IqzEM,역대급 대회 우승을 위해 OO들고 갑니다,2021-01-12T09:55:04Z,534.0,False,135150,621.0,86.0
4287,UCBZqXn7fw4pMwk9vFYkoDJQ,파이.D,PFnAMqweFC0,무릎베개 좀 할게,2021-01-14T11:15:00Z,578.0,False,180893,851.0,54.0
4287,UCBZqXn7fw4pMwk9vFYkoDJQ,파이.D,SptpWyTPA6k,음주가 이렇게 위험합니다,2021-01-18T09:00:20Z,533.0,False,160684,878.0,87.0
4287,UCBZqXn7fw4pMwk9vFYkoDJQ,파이.D,1xlO2MOWpcI,진용진 : ???,2021-02-02T09:42:27Z,482.0,False,837296,1865.0,277.0
4287,UCBZqXn7fw4pMwk9vFYkoDJQ,파이.D,I84tSLHbLw8,나에게 작업거는 이 남자,2021-02-19T13:23:53Z,535.0,False,334307,1719.0,190.0
4287,UCBZqXn7fw4pMwk9vFYkoDJQ,파이.D,I4mBKUuLb8g,헬스장에서. avi (소리주의),2021-02-21T15:01:30Z,610.0,False,1148402,4686.0,457.0
4287,UCBZqXn7fw4pMwk9vFYkoDJQ,파이.D,exVRSE6QVM0,너 좀 크다.. (feat.킹기훈),2021-02-24T14:38:05Z,533.0,False,634626,2455.0,222.0
4287,UCBZqXn7fw4pMwk9vFYkoDJQ,파이.D,JZ80UmjVRJY,파덕이의 아빠가 되고싶다는 남자,2021-02-25T14:15:56Z,393.0,False,352755,1518.0,122.0
4287,UCBZqXn7fw4pMwk9vFYkoDJQ,파이.D,939gHW-k0DY,부러우면 지는거야..,2021-02-28T13:46:55Z,516.0,False,375881,1124.0,196.0
4287,UCBZqXn7fw4pMwk9vFYkoDJQ,파이.D,La52lJJvY9k,존예 여캠과 사귀면 벌어지는 일,2021-03-05T14:22:27Z,496.0,False,569358,1830.0,330.0
4287,UCBZqXn7fw4pMwk9vFYkoDJQ,파이.D,JnCtNCiKqqg,캠핑장에서의 하루,2021-03-16T11:56:42Z,566.0,False,142544,618.0,109.0
4287,UCBZqXn7fw4pMwk9vFYkoDJQ,파이.D,PzV4I-rBP_k,2021 파이디스 시즌1 오프닝,2021-03-17T09:11:10Z,94.0,False,110438,372.0,71.0
4287,UCBZqXn7fw4pMwk9vFYkoDJQ,파이.D,g-n0PaMJx2U,안녕하세요 파이입니다,2022-10-24T13:00:05Z,577.0,False,138739,,115.0
4287,UCBZqXn7fw4pMwk9vFYkoDJQ,파이.D,JfkZm2AYoe4,파이의 버튜버 도전기?!,2022-10-28T11:00:12Z,428.0,False,46072,,45.0
4287,UCBZqXn7fw4pMwk9vFYkoDJQ,파이.D,Zs5NdDdzWhY,큰거옵니다ㄷㄷ,2022-11-21T11:30:18Z,247.0,False,85822,,21.0
4287,UCBZqXn7fw4pMwk9vFYkoDJQ,파이.D,mRwxW-dvKIY,(할로윈 데이 특집) 배틀구라운드,2022-11-28T14:15:02Z,1836.0,False,11451,,11.0
4287,UCBZqXn7fw4pMwk9vFYkoDJQ,파이.D,kn7MfZwyPNQ,할로윈 데이 특집2 배틀구라운드,2022-12-01T13:07:07Z,3465.0,False,14664,,16.0
4287,UCBZqXn7fw4pMwk9vFYkoDJQ,파이.D,wCw5vmfN8BE,중 꺾 마,2022-12-18T11:07:29Z,518.0,False,28778,,19.0
4287,UCBZqXn7fw4pMwk9vFYkoDJQ,파이.D,hGqlSqsSsBs,파이의 동해 힐링캠프 part.1,2022-12-25T10:00:31Z,703.0,False,13133,,16.0
4287,UCBZqXn7fw4pMwk9vFYkoDJQ,파이.D,k4w9yUvoUl0,파이의 동해 힐링캠프 part.2,2022-12-26T09:00:30Z,494.0,False,23481,,16.0
4287,UCBZqXn7fw4pMwk9vFYkoDJQ,파이.D,SIIIjLvcilY,안녕? 제주!,2022-12-30T09:00:18Z,646.0,False,39923,,29.0
4287,UCBZqXn7fw4pMwk9vFYkoDJQ,파이.D,wqQ9kQmE3ag,파이의 제주 V-LOG,2023-01-02T11:00:36Z,544.0,False,131825,,78.0
4287,UCBZqXn7fw4pMwk9vFYkoDJQ,파이.D,3OKa-R8TmD8,홀덤과 사랑에 빠졌습니다,2023-03-11T03:00:02Z,543.0,False,64534,,93.0
4287,UCBZqXn7fw4pMwk9vFYkoDJQ,파이.D,mPn_oEdEZqU,내가 너를 좋아하는 이유,2023-04-22T03:00:16Z,557.0,False,49990,,40.0
4287,UCBZqXn7fw4pMwk9vFYkoDJQ,파이.D,2mzJxTdUvv4,피의게임 2 리뷰,2023-05-03T03:00:02Z,1773.0,False,139873,,166.0
4287,UCBZqXn7fw4pMwk9vFYkoDJQ,파이.D,Y1BZCp5XrLI,Q하이에 '올인' 을 때려?,2023-06-06T09:00:16Z,1330.0,False,19049,,12.0
4287,UCBZqXn7fw4pMwk9vFYkoDJQ,파이.D,J2yRkxUz4Ys,파이 vs 현성주 vs 임요환,2023-06-17T11:30:05Z,1288.0,False,36029,,19.0
4287,UCBZqXn7fw4pMwk9vFYkoDJQ,파이.D,0qr3wcK2rcw,파이'S Poker Vlog 1편 l 일본 골드드래곤 편 l ⚡밥먹다가 삐진 파이 l 멘탈😨 l 메인이벤트 제발...,2024-01-23T22:30:00Z,575.0,False,25215,,33.0
4287,UCBZqXn7fw4pMwk9vFYkoDJQ,파이.D,iBzO0MXLRwc,파이'S Poker Vlog 2편 l 메인이벤트 파테 진출💜 l 어쩌다보니 한일전 단 한명의 우승자 과연 누가 될 것인가?,2024-01-26T22:00:31Z,1487.0,False,8096,,13.0
4287,UCBZqXn7fw4pMwk9vFYkoDJQ,파이.D,4b5AluFz0l4,"파이'S Poker Vlog 3편 l WFP X KAIROS II 이벤트 다녀왔습니다 I 저녁 먹으러 가던 중 만난 선수분들!!(Feat.세븐하이,홍진호)",2024-02-04T22:00:01Z,436.0,False,11051,,16.0
4287,UCBZqXn7fw4pMwk9vFYkoDJQ,파이.D,3IWfxNjnDUE,"파이'S Poker Vlog 4편 l 뉴스톤 아레나 대전지점 이벤트 다녀왔습니다 I 파이는 몇등을 했을까요?🌟 (feat.김태환,케리건 메이)",2024-02-11T11:41:52Z,884.0,False,22145,,27.0
4287,UCBZqXn7fw4pMwk9vFYkoDJQ,파이.D,YUtWA4dRDfU,파이'S Poker Vlog 5편 l USOP하러 다낭으로 출발✈ I 파이의 MINI MAIN 성적공개 l 그리고 반전업프로님 인터뷰까지 꿀잼보장 ㅋㅋㅋ,2024-03-30T08:58:55Z,538.0,False,18075,,16.0
4287,UCBZqXn7fw4pMwk9vFYkoDJQ,파이.D,vHTxyAzFGZI,파이'S Poker Vlog 6편 l 드디어 🥇우승... 파이가 드디어 사고쳤다. I 트로피 획득 하였습니다 l USOP 성적 최종공개 및 이번 시리즈 소감!!,2024-04-08T10:50:22Z,571.0,False,52638,,17.0
4287,UCBZqXn7fw4pMwk9vFYkoDJQ,파이.D,Ph7mIilE3Gg,과연 첫번째 주인공은 누구? 팔로우 누르시고 원하시는 다음 지역 댓글로 적어주세요! 찾으신 스티커 DM으로 인증ㄱㄱ!!  #캐치캐시 #인천 #구월동 #부평동 #청라국제도시,2024-07-20T11:30:17Z,32.0,True,7190,,9.0
4287,UCBZqXn7fw4pMwk9vFYkoDJQ,파이.D,v9FC1W_gXSY,산타 파이 캐시캐치 2탄! #캐치캐시 #부평동 #인천 #청라국제도시 #청라국제도시 #구월동 #유튜버,2024-07-21T05:47:54Z,28.0,True,5345,,3.0
4287,UCBZqXn7fw4pMwk9vFYkoDJQ,파이.D,0rO7W1N5S18,2024년 7월 22일,2024-07-22T07:00:00Z,33.0,True,8059,,4.0
4287,UCBZqXn7fw4pMwk9vFYkoDJQ,파이.D,IYQVnMYz8zQ,산타파이 다음 영상부터는 지역이 바뀝니당! ㄷㄱㄷㄱ 오늘 저녁에 업로드 예정!인증 사진이 첫번째 이후로는 없어서 좀 슬픈 파이....😂 #여행,2024-07-23T02:17:23Z,32.0,True,5951,,4.0
4287,UCBZqXn7fw4pMwk9vFYkoDJQ,파이.D,ZKkSCtB9uZA,지역이 바꼈습니다!! 여긴 어디일까용 ~? 먼저 찾는 사람이 임자 😘❤️#파이 #캐치캐시 #서울 #강서구 #가양동 #화곡동 #방화동 #등촌동 #좋아요 #좋댓 #selfie,2024-07-23T13:29:27Z,34.0,True,7414,,7.0
4287,UCBZqXn7fw4pMwk9vFYkoDJQ,파이.D,eTMiul3EA8s,너무 쉬우니까 영상 보자마자 달려가세요!! 💛발견하신 분은 스티커 바닥에 버리지 마시고 인증 센스 아시죠 ~? * 스티커 접착제 잔여물 안남는거 확인 후 촬영했습니다 ☺️,2024-07-24T06:09:17Z,34.0,True,16826,,8.0
4287,UCBZqXn7fw4pMwk9vFYkoDJQ,파이.D,Za5IZ5dJF3Q,2024년 8월 6일,2024-08-06T11:11:54Z,31.0,True,7861,,4.0
4287,UCBZqXn7fw4pMwk9vFYkoDJQ,파이.D,7iM-9MnAfi4,이번에는 서울 마포구로! 행운의 주인공은?? #캐치캐시 #브이로그 #마포구 #공덕역,2024-08-07T04:02:07Z,39.0,True,13059,,5.0
4287,UCBZqXn7fw4pMwk9vFYkoDJQ,파이.D,Ajiqma2SFWs,강북구 두 번째 캐치캐시! 지금 바로 찾으러 출발!! #캐치캐시 #일상속보물찾기 #파이 #강북구 #미아사거리,2024-08-08T05:00:05Z,35.0,True,11126,,2.0
4287,UCBZqXn7fw4pMwk9vFYkoDJQ,파이.D,fnWwVV9Uwfw,서울시 마포구 두 번째 캐시캐치!이번에는 역대 최고 난이도로 숨겨봤어요! #캐시캐치 #일상속보물찾기 #서울 #마포구 #공덕역 #신공덕동,2024-08-09T09:03:55Z,35.0,True,11009,,2.0
4287,UCBZqXn7fw4pMwk9vFYkoDJQ,파이.D,13Ljsk-0a9o,인천 남동구의 캐시캐치! #파이 #캐시캐치 #일상속보물찾기 #인천 #남동구,2024-08-17T05:09:03Z,36.0,True,18581,,2.0
4287,UCBZqXn7fw4pMwk9vFYkoDJQ,파이.D,rg7BAWwGIXI,인천 남동구의 2번째 캐시캐치! #파이 #캐시캐치 #일상속보물찾기 #인천 #남동구 #인천시청역 #간석오거리역,2024-08-17T10:35:27Z,32.0,True,24100,,6.0
4287,UCBZqXn7fw4pMwk9vFYkoDJQ,파이.D,l3_mFGq86GE,파이'S 대만 Poker Vlog 1편,2024-08-18T09:00:38Z,566.0,False,17603,,24.0
4287,UCBZqXn7fw4pMwk9vFYkoDJQ,파이.D,L2Fm363St6s,인천 남동구의 3번째 캐시캐치!!#파이 #캐시캐치 #일상속보물찾기 #인천 #남동구 #인천시청역 #간석오거리역  #다음지역은?,2024-09-02T08:55:00Z,37.0,True,44594,,8.0
4287,UCBZqXn7fw4pMwk9vFYkoDJQ,파이.D,zyNidlbh8L0,파이'S 대만 Poker Vlog 2편,2024-09-13T11:00:52Z,678.0,False,27093,,24.0
4287,UCBZqXn7fw4pMwk9vFYkoDJQ,파이.D,ebJGtrwhsDE,저 정말 행복하게 살고싶습니다. 꼭 시청해주세요,2024-10-30T00:00:22Z,781.0,False,292298,,195.0
4288,UC5eW3okTTLwiNSQli25vDag,KHAN,zNUzK-QAkms,KANYtv E01 Music Bank Behind,2018-06-06T08:00:02Z,204.0,False,28591,,232.0
4288,UC5eW3okTTLwiNSQli25vDag,KHAN,ctZkoLaIljY,[Mute Live] KHAN I'm Your Girl ?,2018-06-10T09:56:58Z,100.0,False,54626,,452.0
4288,UC5eW3okTTLwiNSQli25vDag,KHAN,d_jyQrFo5FI,KHAN #10. Fake Love Cover,2018-06-10T15:00:04Z,157.0,False,606524,,2253.0
4288,UC5eW3okTTLwiNSQli25vDag,KHAN,gn4bc1y_6P4,[#역Reaction] KHAN과 함께하는 팬아트(Fan Art),2018-06-11T05:45:08Z,119.0,False,13627,,131.0
4288,UC5eW3okTTLwiNSQli25vDag,KHAN,NwE02Z6MqSQ,KANYtv E02 Coffee Truck,2018-06-12T10:25:02Z,180.0,False,30124,,275.0
4288,UC5eW3okTTLwiNSQli25vDag,KHAN,Em3Ko7g22ao,KHAN I'm Your Girl ? dance practice,2018-06-20T12:45:23Z,190.0,False,1007573,,1716.0
4288,UC5eW3okTTLwiNSQli25vDag,KHAN,McSawM5Pz4A,KANYtv E03 Fanmeeting Behind,2018-06-21T10:08:07Z,286.0,False,14537,,237.0
4288,UC5eW3okTTLwiNSQli25vDag,KHAN,c2E1Zfff9sc,[#역Reaction] KHAN과 함께하는 댄스커버 리액션,2018-06-22T07:23:17Z,139.0,False,15846,,
4288,UC5eW3okTTLwiNSQli25vDag,KHAN,9MzaCYEIq0Q,KANYtv E04 Gift For Fans Behind,2018-06-24T08:00:00Z,148.0,False,12908,,145.0
4288,UC5eW3okTTLwiNSQli25vDag,KHAN,KnjYOVLquy4,KANYtv E05 Special Phone Case,2018-06-29T10:51:23Z,119.0,False,8052,,128.0
4288,UC5eW3okTTLwiNSQli25vDag,KHAN,nxk6emty-zU,네모칸 1칸. KHAN의 꽁냥꽁냥 계란깨기,2018-07-03T11:46:15Z,40.0,True,10953,,73.0
4288,UC5eW3okTTLwiNSQli25vDag,KHAN,O100neZIBP4,네모칸 2칸. 민주 자신도 모른 성공?!,2018-07-03T11:51:41Z,24.0,True,8400,,52.0
4288,UC5eW3okTTLwiNSQli25vDag,KHAN,qoGk4fv0plU,네모칸 3칸. 유나의 브레이크댄스?,2018-07-03T11:57:01Z,32.0,True,14884,,121.0
4288,UC5eW3okTTLwiNSQli25vDag,KHAN,UN8X8rkABHU,[#역Reaction] KHAN과 함께하는 노래커버 리액션,2018-07-03T13:55:00Z,239.0,False,13750,,
4288,UC5eW3okTTLwiNSQli25vDag,KHAN,k0FCT2vcT3M,KANYtv E06 Board Game,2018-07-04T12:14:18Z,145.0,False,7873,,114.0
4288,UC5eW3okTTLwiNSQli25vDag,KHAN,FAvrncj8Moc,KHAN #11. I'm Your Girl? + Shape of you,2018-07-05T11:15:59Z,253.0,False,711239,,1933.0
4288,UC5eW3okTTLwiNSQli25vDag,KHAN,kZp3fTrwA-s,"EUNAKIM ""복면가왕""  Behind (몰래 온 손님은 누구?)",2018-07-08T10:58:50Z,268.0,False,16672,,158.0
4288,UC5eW3okTTLwiNSQli25vDag,KHAN,nReYs32iYss,네모칸 4칸. 물병 세우기 대결 승자는!,2018-07-09T06:55:44Z,35.0,True,17201,,
4288,UC5eW3okTTLwiNSQli25vDag,KHAN,Rh96I15Gkzg,네모칸 5칸. 유나아~~~ 한입,2018-07-09T07:02:00Z,25.0,True,11417,,48.0
4288,UC5eW3okTTLwiNSQli25vDag,KHAN,loh4VDd0vZk,네모칸 6칸. 민주는 외계인 (Dame tu Cosita),2018-07-09T07:10:59Z,32.0,True,21228,,86.0
4288,UC5eW3okTTLwiNSQli25vDag,KHAN,09hmqx1aLzU,KHAN #12. 비가 오는 날엔 Cover,2018-07-09T10:00:42Z,199.0,False,235623,,847.0
4288,UC5eW3okTTLwiNSQli25vDag,KHAN,q-YF059d63w,KANYtv E07 I'm Your Girl ? 마지막 방송,2018-07-10T16:19:58Z,244.0,False,14217,,122.0
4288,UC5eW3okTTLwiNSQli25vDag,KHAN,0Zmt6PNaU2Y,KANYtv E08 비누 장인 카니들,2018-07-11T12:01:39Z,296.0,False,11913,,119.0
4288,UC5eW3okTTLwiNSQli25vDag,KHAN,sVt7sS-U4Hw,KANYtv E09 막방 팬미팅 비하인드,2018-07-14T08:45:59Z,299.0,False,22693,,129.0
4288,UC5eW3okTTLwiNSQli25vDag,KHAN,FOg_LAaC_k8,네모칸 7칸. 카니들의 미모 감상 TIME,2018-07-17T03:48:40Z,12.0,True,7331,,27.0
4288,UC5eW3okTTLwiNSQli25vDag,KHAN,wTZbXmLs2FE,네모칸 8칸. 흥부자들이 만나면?!,2018-07-17T03:49:09Z,37.0,True,11739,,
4288,UC5eW3okTTLwiNSQli25vDag,KHAN,84V7tdU4wG0,네모칸 9칸. 사랑스러운 카니들,2018-07-17T03:49:27Z,14.0,True,10676,,90.0
4288,UC5eW3okTTLwiNSQli25vDag,KHAN,BjYjgO9fkno,네모칸 10칸. 민주 몸보신하러 가다!,2018-07-31T11:02:30Z,42.0,True,3928,,
4288,UC5eW3okTTLwiNSQli25vDag,KHAN,jYIET77RSd0,네모칸 11칸. 유나의 엽떡 사랑♥,2018-07-31T11:11:08Z,42.0,True,5178,,38.0
4288,UC5eW3okTTLwiNSQli25vDag,KHAN,PTBWNAbc0ZA,네모칸 12칸. 민주의 선택은?!,2018-07-31T11:19:17Z,60.0,True,6470,,63.0
4288,UC5eW3okTTLwiNSQli25vDag,KHAN,uHay0VZn7Yc,네모칸 13칸. 유나의 영화 추천(feat. 스포),2018-07-31T11:26:24Z,34.0,True,13905,,32.0
4288,UC5eW3okTTLwiNSQli25vDag,KHAN,j4H3ZwsvSQo,네모칸 14칸. 원두와 함께 수영을 해요,2018-07-31T11:58:48Z,30.0,True,9913,,14.0
4288,UC5eW3okTTLwiNSQli25vDag,KHAN,LiwjJy1vNy8,네모칸 15칸. 유나가 든 책의 제목은???,2018-07-31T12:17:01Z,43.0,True,5225,,16.0
4288,UC5eW3okTTLwiNSQli25vDag,KHAN,UJqTBRe7L7Y,네모칸 16칸. 민주의 영화 몰아보기,2018-07-31T12:34:17Z,45.0,True,4728,,
4288,UC5eW3okTTLwiNSQli25vDag,KHAN,cdJnPdXZYZs,네모칸 17칸. 민주랑 영상통화 중...?,2018-07-31T12:41:18Z,38.0,True,20800,,24.0
4288,UC5eW3okTTLwiNSQli25vDag,KHAN,btM91PgSu9c,네모칸 18칸. 카니들의 볼링 실력을 공개합니다~,2018-07-31T12:44:48Z,99.0,False,8790,,49.0
4288,UC5eW3okTTLwiNSQli25vDag,KHAN,Jwkd1Ieojb8,KHAN #13. 여행 Cover,2018-08-07T11:27:21Z,226.0,False,295920,,993.0
4288,UC5eW3okTTLwiNSQli25vDag,KHAN,EgN55b7Hmck,네모칸 19칸. 코코몽 버블건 갖고 놀기.mp4,2018-08-23T03:17:56Z,46.0,True,9203,,
4288,UC5eW3okTTLwiNSQli25vDag,KHAN,NLA2nRxhKRs,네모칸 20칸. 민주 상어~ 뚜루루뚜루,2018-08-23T03:22:31Z,18.0,True,9050,,32.0
4288,UC5eW3okTTLwiNSQli25vDag,KHAN,BwbfXjUfxDY,네모칸 21칸. 유나의 문닫기,2018-08-23T03:25:41Z,25.0,True,8195,,40.0
4288,UC5eW3okTTLwiNSQli25vDag,KHAN,pgAywzpNwfY,네모칸 22칸. 민주 상어와 유나 비글,2018-08-23T03:28:38Z,45.0,True,10862,,47.0
4288,UC5eW3okTTLwiNSQli25vDag,KHAN,Bu7IaBU-aoY,KHAN #14. 해바라기의 약속 Cover,2018-09-12T12:45:44Z,228.0,False,105099,,566.0
4288,UC5eW3okTTLwiNSQli25vDag,KHAN,-NXIrYfrGqo,KANYtv 10 아육대 비하인드,2018-09-27T01:41:36Z,365.0,False,16044,,135.0
4288,UC5eW3okTTLwiNSQli25vDag,KHAN,7yNeJxJ_lwI,네모칸 23칸. 뮤콘 칸의 인사 연습,2018-09-29T08:23:18Z,59.0,True,7369,,
4288,UC5eW3okTTLwiNSQli25vDag,KHAN,ebXV36VzdJU,네모칸 24칸. 햄버거 데이트#1 (feat. 유나의 조그마한 손),2018-09-29T08:27:17Z,62.0,False,9679,,25.0
4288,UC5eW3okTTLwiNSQli25vDag,KHAN,GeJOlsNIJBA,네모칸 25칸. 햄버거 데이트#2,2018-09-29T08:30:06Z,66.0,False,13679,,58.0
4288,UC5eW3okTTLwiNSQli25vDag,KHAN,TU3VyzDETJ8,KHAN #15. HAPPY NOW Cover,2018-10-08T10:22:50Z,132.0,False,132873,,648.0
4288,UC5eW3okTTLwiNSQli25vDag,KHAN,7oAGAXPhRJw,네모칸 26칸. 짠~~~~! 보컬플레이!,2018-11-27T06:57:16Z,32.0,True,24038,,130.0
4288,UC5eW3okTTLwiNSQli25vDag,KHAN,XzkYi18LHrM,KHAN #16. The Middle Cover,2018-12-20T08:42:52Z,266.0,False,182636,,869.0
4288,UC5eW3okTTLwiNSQli25vDag,KHAN,VOePe1K3o08,KHAN #16.5. THANK YOU FAN,2018-12-24T14:49:34Z,381.0,False,102787,,1100.0
4289,UCGNCf6ibX1HWndVRgiChpqw,트박스 Twitch clips box,72IGVutN0fA,"블개 - ""저라고 늘 잘하는 건 아니에요ㅎ"" 2달동안 못한 클립 모은게 저게 전부임 ㅡㅡ - [ 트박스 ] 샌드박스 트위치 핫클립",2021-02-04T01:00:00Z,200.0,False,23666,326.0,21.0
4289,UCGNCf6ibX1HWndVRgiChpqw,트박스 Twitch clips box,SuxInmTIHL4,"순당무 - ""와!! 내취향이야!!"" 극과 극의 텐션을 보여주는 이상형 월드컵 - [ 트박스 ] 샌드박스 트위치 핫클립",2021-02-05T01:00:11Z,189.0,False,46211,457.0,71.0
4289,UCGNCf6ibX1HWndVRgiChpqw,트박스 Twitch clips box,hK-8IMo5kxs,"이춘향 - ""에이 내가 진짜 AI인줄 알아?"" 이래도 AI발뺌 하실 건가요? - [ 트박스 ] 샌드박스 트위치 핫클립",2021-02-06T01:00:16Z,213.0,False,273186,3412.0,193.0
4289,UCGNCf6ibX1HWndVRgiChpqw,트박스 Twitch clips box,NCuv42-JQec,"연두부 - ""살 쪘어도 아직 이쁘거든?"" 외모는 둘째치고 점점 뻔뻔해지는 둡줌마 - [ 트박스 ] 샌드박스 트위치 핫클립",2021-02-08T01:00:05Z,272.0,False,231569,1930.0,201.0
4289,UCGNCf6ibX1HWndVRgiChpqw,트박스 Twitch clips box,YXQRB9awjFc,"""정상님 실제론겁나 찌질+소심해요""vs ""응 니얼굴~"" 베프니까 가능한 거침없는 디스전 - [ 트박스 ] 샌드박스 트위치 핫클립",2021-02-09T01:00:04Z,225.0,False,43766,626.0,85.0
4289,UCGNCf6ibX1HWndVRgiChpqw,트박스 Twitch clips box,6wcOQ-0C8mo,로아 - 오랜만에 돌아온 로아 캠방 모음집! - [ 트박스 ] 샌드박스 트위치 핫클립,2021-02-10T01:00:04Z,233.0,False,104330,924.0,84.0
4289,UCGNCf6ibX1HWndVRgiChpqw,트박스 Twitch clips box,WprqGOzc_7U,"헤징 - ""나 하나도 안치해써~!"" 헤징쿤이 술마시는 귀한 클립 - [ 트박스 ] 샌드박스 트위치 핫클립",2021-02-11T01:52:50Z,217.0,False,141956,1789.0,111.0
4289,UCGNCf6ibX1HWndVRgiChpqw,트박스 Twitch clips box,Os_WMSEFo6g,"룬레이 - ""ㄴ..나 잡혀사는 거 아니거든!"" 맨날 매니저한테 혼나고 지는게 일상 - [ 트박스 ] 샌드박스 트위치 핫클립",2021-02-12T01:00:03Z,198.0,False,99864,1359.0,91.0
4289,UCGNCf6ibX1HWndVRgiChpqw,트박스 Twitch clips box,5vQ0mghA5bE,풍월량 - 옛날에 비해 정말 잘생겨진 우리형 - [ 트박스 ] 샌드박스 트위치 핫클립,2021-02-13T01:00:00Z,224.0,False,45030,327.0,33.0
4289,UCGNCf6ibX1HWndVRgiChpqw,트박스 Twitch clips box,EAXrSwPZD4s,쉐리 - 예나 지금이나 별로 달라진 게 없는 쉐옹 - [ 트박스 ] 샌드박스 트위치 핫클립,2021-02-14T01:09:02Z,119.0,False,38076,385.0,61.0
4289,UCGNCf6ibX1HWndVRgiChpqw,트박스 Twitch clips box,rQw25nJWZeQ,"마재 - ""니들이 그러고도 사람이냐!!!"" 하는 사람도 보는 사람도 행복해지는 행복롤^^ - [ 트박스 ] 샌드박스 트위치 핫클립",2021-02-16T01:00:06Z,372.0,False,100951,1263.0,212.0
4289,UCGNCf6ibX1HWndVRgiChpqw,트박스 Twitch clips box,RnX58L1Vw2U,"진자림&룬레이 - ""전 야한 거 안좋아해요!"" 취향마저 똑닮은 동갑내기 - [ 트박스 ] 샌드박스 트위치 핫클립",2021-02-17T01:00:08Z,255.0,False,127438,1666.0,180.0
4289,UCGNCf6ibX1HWndVRgiChpqw,트박스 Twitch clips box,KeFMqMwEbc0,"""아들.. 너 이런 거 보니..?"" 엄마.. 이런 방송 봐서 죄송해요 - [ 트박스 ] 샌드박스 트위치 핫클립",2021-02-18T01:00:03Z,203.0,False,51709,680.0,87.0
4289,UCGNCf6ibX1HWndVRgiChpqw,트박스 Twitch clips box,Pwr9nlaWfgo,"모잉이 - ""주접떨거면 여기! 이거! 도네로 해 도네로!"" 지금 바로 도네충전하러 갑니다 - [ 트박스 ] 샌드박스 트위치 핫클립",2021-02-19T01:00:07Z,278.0,False,48385,751.0,94.0
4289,UCGNCf6ibX1HWndVRgiChpqw,트박스 Twitch clips box,5vmWu_lDjQo,"루코 - ""나도 아프리카로 이적하고 싶긴한데.."" 울지말고 말해봐욬ㅋㅋㅋ - [ 트박스 ] 샌드박스 트위치 핫클립",2021-02-20T01:00:01Z,261.0,False,39230,396.0,110.0
4289,UCGNCf6ibX1HWndVRgiChpqw,트박스 Twitch clips box,kiktopRcMe8,"""이게 뭔 기생복장이야!"" 절세가인 기생 vs 국밥집 주모? 21년 한복 특집 - [ 트박스 ] 샌드박스 트위치 핫클립",2021-02-22T01:00:07Z,358.0,False,103784,755.0,81.0
4289,UCGNCf6ibX1HWndVRgiChpqw,트박스 Twitch clips box,QIUqJjrJIPk,"이춘향 - ""헤징이 나랑 게임해야 되는데..?"" 헤징쿤을 노리는 춘토끼 - [ 트박스 ] 샌드박스 트위치 핫클립",2021-02-23T01:00:02Z,145.0,False,82730,873.0,52.0
4289,UCGNCf6ibX1HWndVRgiChpqw,트박스 Twitch clips box,fXKAWGcluOg,"레바 - ""나 현실에선 굉장히 평범한 사람이라고"" 킹반인이라면서 방송만 키면 왜.. - [ 트박스 ] 샌드박스 트위치 핫클립",2021-02-24T01:00:05Z,256.0,False,99938,985.0,157.0
4289,UCGNCf6ibX1HWndVRgiChpqw,트박스 Twitch clips box,wZcDSd9b_mg,"막이마기 - ""시끄러! 방해하지 말라고!"" 그냥 게임일 뿐인데 왜 화를 내실까~?^^ - [ 트박스 ] 샌드박스 트위치 핫클립",2021-02-25T01:00:07Z,120.0,False,33371,395.0,50.0
4289,UCGNCf6ibX1HWndVRgiChpqw,트박스 Twitch clips box,C055KFnGoSw,"연두부 - ""대체 닉네임을 왜 그렇게 짓는 거야?"" 닉 가성비 확실하넼ㅋㅋ - [ 트박스 ] 샌드박스 트위치 핫클립",2021-02-26T01:00:03Z,173.0,False,117353,840.0,80.0
4289,UCGNCf6ibX1HWndVRgiChpqw,트박스 Twitch clips box,t6CT_pQbga0,"쁘허&레바 - ""지금 지르면 뜬다!!"" 이 게임들 안해서 다행이다 - [ 트박스 ] 샌드박스 트위치 핫클립",2021-02-28T03:54:35Z,253.0,False,109291,567.0,212.0
4289,UCGNCf6ibX1HWndVRgiChpqw,트박스 Twitch clips box,bNMvaPv6F34,"이춘향 - ""내 진짜 실력 함 보여줘?"" 춘향이가 이 악물고 빡겜할 때 실력은? - [ 트박스 ] 샌드박스 트위치 핫클립",2021-03-02T01:00:05Z,246.0,False,80532,479.0,89.0
4289,UCGNCf6ibX1HWndVRgiChpqw,트박스 Twitch clips box,C5onXNHNN20,"룬레이 - ""아~ 씻기 시러~ 귀찮아~"" 실제론 샤워 한다네요 휴.. - [ 트박스 ] 샌드박스 트위치 핫클립",2021-03-03T01:00:01Z,193.0,False,59300,491.0,138.0
4289,UCGNCf6ibX1HWndVRgiChpqw,트박스 Twitch clips box,eDS_Cm_8sjQ,"""헤징아 방송 5주년 축하해~"" 벌써 5주년 축하합니다 :) - [ 트박스 ] 샌드박스 트위치 핫클립",2021-03-04T01:00:12Z,138.0,False,43607,490.0,67.0
4289,UCGNCf6ibX1HWndVRgiChpqw,트박스 Twitch clips box,GTf7AxYs6K0,"이녕 - ""다이어트 중이라 조금만 먹을게요~"" 먹는 양을 보니 다이어트 맞네요 - [ 트박스 ] 샌드박스 트위치 핫클립",2021-03-05T01:00:06Z,332.0,False,25029,224.0,60.0
4289,UCGNCf6ibX1HWndVRgiChpqw,트박스 Twitch clips box,dfurLKQxfdY,"빅헤드 - ""에이 이정도는 기본이죠"" 0.25배속으로 자세히 보세요 - [ 트박스 ] 샌드박스 트위치 핫클립",2021-03-06T01:00:16Z,182.0,False,29894,434.0,39.0
4289,UCGNCf6ibX1HWndVRgiChpqw,트박스 Twitch clips box,7IG_imDfTyg,"모잉이 - ""제 방송 모습은 다 컨셉이에요!"" 실제도 다를 게 없을 거 같은데.. - [ 트박스 ] 샌드박스 트위치 핫클립",2021-03-07T01:00:00Z,203.0,False,43264,625.0,71.0
4289,UCGNCf6ibX1HWndVRgiChpqw,트박스 Twitch clips box,RuDpSMe3GcE,"루코 - ""시리야! 시리야!!!!!"" 대체 왜 AI랑 싸우는 걸까?ㅋㅋㅋ - [ 트박스 ] 샌드박스 트위치 핫클립",2021-03-08T01:00:03Z,209.0,False,17740,230.0,45.0
4289,UCGNCf6ibX1HWndVRgiChpqw,트박스 Twitch clips box,bLmvbM2HEgQ,연두부 - 재밌지만 뭔가 아쉬웠던 둡클립 B컷 모음집 - [ 트박스 ] 샌드박스 트위치 핫클립,2021-03-09T01:00:09Z,333.0,False,104943,1008.0,94.0
4289,UCGNCf6ibX1HWndVRgiChpqw,트박스 Twitch clips box,4L8xlq-77kw,각종 기괴하고 공포 가득한 Little Nightmares II 하이라이트 - [ 트박스 ] 샌드박스 트위치 핫클립,2021-03-10T01:00:01Z,607.0,False,83021,760.0,59.0
4289,UCGNCf6ibX1HWndVRgiChpqw,트박스 Twitch clips box,GbCL6wJ-QwU,"""어..? 이게 아닌데.."" 이러지도 저러지도 못하는 웃픈 상황들 - [ 트박스 ] 샌드박스 트위치 핫클립",2021-03-11T01:00:01Z,454.0,False,13476,187.0,22.0
4289,UCGNCf6ibX1HWndVRgiChpqw,트박스 Twitch clips box,rqi9WvVjnwI,"순당무 - ""이거봐! 나 잘한다니까?"" 이런 장면들이 나올리가 없는데.. - [ 트박스 ] 샌드박스 트위치 핫클립",2021-03-13T01:00:15Z,203.0,False,45810,371.0,48.0
4289,UCGNCf6ibX1HWndVRgiChpqw,트박스 Twitch clips box,iWWe4FWeZF8,"이녕 - ""이거봐! 나 잘한다니.. 어?"" 한결같은 누나야! 확실한 개그 담당이구나! - [ 트박스 ] 샌드박스 트위치 핫클립",2021-03-14T01:00:38Z,223.0,False,14438,162.0,25.0
4289,UCGNCf6ibX1HWndVRgiChpqw,트박스 Twitch clips box,WieVfSfxpmA,"막이마기 - ""솔직히 호요리보다 막이마기가 더 부끄러웤ㅋㅋ"" 그치.. 막이가 훨씬 부끄럽지.. - [ 트박스 ] 샌드박스 트위치 핫클립",2021-03-15T01:25:01Z,215.0,False,33722,517.0,44.0
4289,UCGNCf6ibX1HWndVRgiChpqw,트박스 Twitch clips box,eDzTYBsFaKo,"마재 - ""지갑으로 혼내주는게 뭔지 보여주마"" 누가 마재좀 말려줘요 - [ 트박스 ] 샌드박스 트위치 핫클립",2021-03-16T01:00:11Z,469.0,False,83701,850.0,111.0
4289,UCGNCf6ibX1HWndVRgiChpqw,트박스 Twitch clips box,YPxRUx8hkOQ,"모잉이 - ""내 목소리로 이런 거 말라고 이 변태들아!"" 변태들을 위한 모잉 TTS 사용법 - [ 트박스 ] 샌드박스 트위치 핫클립",2021-03-17T01:00:04Z,302.0,False,290801,3403.0,149.0
4289,UCGNCf6ibX1HWndVRgiChpqw,트박스 Twitch clips box,SsPNTqwLLNo,"로아 - ""이 누나가 캐.리.해줄게!"" 자칭 겜잘스입니다 놀리지마세요 - [ 트박스 ] 샌드박스 트위치 핫클립",2021-03-18T01:00:02Z,169.0,False,28771,303.0,47.0
4289,UCGNCf6ibX1HWndVRgiChpqw,트박스 Twitch clips box,Y84S-M7_rqE,"루코 - ""내 유튜브, 방송까지 다 걸렸어 어뜩해~!!!"" 킹기대 건축학과의 자랑 - [ 트박스 ] 샌드박스 트위치 핫클립",2021-03-19T01:00:06Z,338.0,False,96545,1022.0,132.0
4289,UCGNCf6ibX1HWndVRgiChpqw,트박스 Twitch clips box,0OLq1m9JqqI,"연두부 - ?? : ""두부야 나랑 사귀자!"" 오늘도 고백으로 씨게 혼나는 연두부 - [ 트박스 ] 샌드박스 트위치 핫클립",2021-03-20T01:00:30Z,193.0,False,106468,913.0,77.0
4289,UCGNCf6ibX1HWndVRgiChpqw,트박스 Twitch clips box,KHLgCjuJMmY,"풍월량 - ""내가 이놈 잡고만다 어?!"" 집념과 근성의 몬헌 라이즈 35시간 트라이 - [ 트박스 ] 샌드박스 트위치 핫클립",2021-03-21T01:00:05Z,379.0,False,16323,167.0,43.0
4289,UCGNCf6ibX1HWndVRgiChpqw,트박스 Twitch clips box,YFR6I2ATKcw,"""이거 실력겜인 척 하는 운빨겜이라니까?!"" ALT+F4 마려워지는 갓겜 AltF4 하이라이트 - [ 트박스 ] 샌드박스 트위치 핫클립",2021-03-22T01:00:08Z,398.0,False,55286,432.0,55.0
4289,UCGNCf6ibX1HWndVRgiChpqw,트박스 Twitch clips box,x8Aj5-D2E4U,"헤징 - ""나 조금 달라졌나? 인싸가 된 건가?"" 많은 합방으로 인싸가 되버린 헤징쿤 - [ 트박스 ] 샌드박스 트위치 핫클립",2021-03-23T01:00:06Z,351.0,False,89142,851.0,94.0
4289,UCGNCf6ibX1HWndVRgiChpqw,트박스 Twitch clips box,Vsz25Bu2Pkw,"모잉이 - ""내가 이런 소리를 냈다고?ㅋㅋ"" 각종 상황에 써먹을 수 있는 시그니처 사운드 받아가세요 - [ 트박스 ] 샌드박스 트위치 핫클립",2021-03-24T01:00:02Z,245.0,False,115623,1749.0,148.0
4289,UCGNCf6ibX1HWndVRgiChpqw,트박스 Twitch clips box,8TiYiW47Iks,"루루 - ""오늘은 내가 주인공이다냥!"" 오늘의 라라는 엑스트라랍니다 - [ 트박스 ] 샌드박스 트위치 핫클립",2021-03-25T01:00:01Z,540.0,False,42151,419.0,55.0
4289,UCGNCf6ibX1HWndVRgiChpqw,트박스 Twitch clips box,rXElYOoSqMk,"연두부 - ""저도 섹시한 춤 출 수 있어요! 흥!"" 아직 100년은 이른 두부의 섹시 기준 - [ 트박스 ] 샌드박스 트위치 핫클립",2021-03-26T01:00:06Z,322.0,False,61209,586.0,196.0
4289,UCGNCf6ibX1HWndVRgiChpqw,트박스 Twitch clips box,TdpDJ23hTco,"이녕 - ""머야! 우리 못난이 때지눈나 어딨어요!"" 캠 하나로 완전 예뻐진 녕눈나 - [ 트박스 ] 샌드박스 트위치 핫클립",2021-03-27T01:00:02Z,246.0,False,67464,535.0,121.0
4289,UCGNCf6ibX1HWndVRgiChpqw,트박스 Twitch clips box,4Ga81Pxta0U,"이춘향 - ""소연~ 넌 정말 최고의 친구야~"" 그저 소연바라기 춘향띠 - [ 트박스 ] 샌드박스 트위치 핫클립",2021-03-28T01:00:00Z,323.0,False,87647,1038.0,70.0
4289,UCGNCf6ibX1HWndVRgiChpqw,트박스 Twitch clips box,u8HQ7QWeIy0,"루코 - ""아니 저 클립이 왜 1등이야?"" 억울해하니 다시보는 여러버전 루코란보 - [ 트박스 ] 샌드박스 트위치 핫클립",2021-03-29T04:28:19Z,445.0,False,65675,567.0,97.0
4289,UCGNCf6ibX1HWndVRgiChpqw,트박스 Twitch clips box,ulvYZudbKdw,"풍월량 - ""이게 대체 왜 안맞는 거지??"" 풍형이 자꾸 죽는 이유를 알아보자 - [ 트박스 ] 샌드박스 트위치 핫클립",2021-03-30T01:00:10Z,334.0,False,45833,378.0,55.0
4289,UCGNCf6ibX1HWndVRgiChpqw,트박스 Twitch clips box,aeVzO86Eugg,트박스는 2021년 3월 31일을 마지막으로 채널 운영을 중단합니다.,2021-03-31T06:39:46Z,107.0,False,674497,8245.0,1190.0
4290,UCozuuEEitjQXtCzubNO0BGA,나는상윤,FaxudRyouwE,다시 신발이 생긴 카시오페아?,2026-01-24T08:00:15Z,1212.0,False,6424,61.0,7.0
4290,UCozuuEEitjQXtCzubNO0BGA,나는상윤,aoQkHQLspA0,우리가 모인 목적,2026-01-25T13:30:04Z,609.0,False,26642,133.0,10.0
4290,UCozuuEEitjQXtCzubNO0BGA,나는상윤,vt_msKxgqPY,봤네 봤어~,2026-01-27T10:50:02Z,1223.0,False,41804,242.0,25.0
4290,UCozuuEEitjQXtCzubNO0BGA,나는상윤,nklyU5apQ_0,오른이 왼쪽에 있으면 오른쪽은 어디?,2026-01-27T14:20:01Z,49.0,True,28793,114.0,10.0
4290,UCozuuEEitjQXtCzubNO0BGA,나는상윤,5_mm1bszSGU,"단 세 글자 ""베 이 퍼"" (쿠키영상 있음)",2026-01-29T09:40:00Z,1453.0,False,24402,164.0,7.0
4290,UCozuuEEitjQXtCzubNO0BGA,나는상윤,IrzoOZFmEPQ,"장로 한타만 두번, 역대급 경기 【쇠구컵8강】",2026-01-30T09:00:29Z,2201.0,False,16110,120.0,10.0
4290,UCozuuEEitjQXtCzubNO0BGA,나는상윤,I4VYI9SHD_c,한판만 이기면 올라간다.. 【한화 vs 젠지】2026 LCK CUP,2026-02-02T00:45:03Z,2053.0,False,16568,96.0,36.0
4290,UCozuuEEitjQXtCzubNO0BGA,나는상윤,lZQWjcXqLKI,솔랭내기에서 다시 모인 밧상교,2026-02-03T09:01:06Z,1076.0,False,5658,53.0,5.0
4290,UCozuuEEitjQXtCzubNO0BGA,나는상윤,ZKwHO5mAmWk,언젠가는 돌아올 방송인 김동하의 술먹방 캐리쇼 【칸x푸샤x별비x상윤】,2026-02-06T10:45:03Z,1324.0,False,19634,97.0,20.0
4290,UCozuuEEitjQXtCzubNO0BGA,나는상윤,X8Xmxj29OBU,포기하지 않으면 생기는 일?,2026-02-09T08:10:01Z,47.0,True,7354,43.0,3.0
4290,UCozuuEEitjQXtCzubNO0BGA,나는상윤,pScY_ZTlCBs,ㅗㅜㅑ,2026-02-19T16:01:17Z,1287.0,False,8843,72.0,7.0
4290,UCozuuEEitjQXtCzubNO0BGA,나는상윤,9sCV_FugEO0,표정으로 추는 춤,2026-02-20T05:15:00Z,18.0,True,12839,56.0,1.0
4290,UCozuuEEitjQXtCzubNO0BGA,나는상윤,4E_4Zh5wdCg,여캠보다 큰 상덩이,2026-02-20T05:15:01Z,29.0,True,6292,35.0,3.0
4290,UCozuuEEitjQXtCzubNO0BGA,나는상윤,nS1ni3Ma4-w,요즘 춤이 유행이라매?,2026-02-20T05:15:03Z,45.0,True,6914,43.0,4.0
4290,UCozuuEEitjQXtCzubNO0BGA,나는상윤,jxzOkzmbQMw,왜 미드는 그럴 수 있는건데?,2026-02-22T11:30:40Z,2064.0,False,4478,51.0,6.0
4290,UCozuuEEitjQXtCzubNO0BGA,나는상윤,393v_A2MzUU,증바람 최고의 증강? [상대시점도 있음],2026-02-23T16:38:00Z,60.0,True,113466,295.0,4.0
4290,UCozuuEEitjQXtCzubNO0BGA,나는상윤,oOAN_dxwWiA,라인업 살벌한 CK,2026-02-24T15:40:01Z,1214.0,False,4167,36.0,6.0
4290,UCozuuEEitjQXtCzubNO0BGA,나는상윤,6Ik0ncpNgMk,'저티어 게임 1황' 나는 상윤의 멸망전 맛보기 ｜멸망전 전야제,2026-02-25T14:15:01Z,738.0,False,2909,40.0,3.0
4290,UCozuuEEitjQXtCzubNO0BGA,나는상윤,OHI_k-2tO8U,이번 멸망전을 다르다!  [멸망전 EP.01],2026-02-26T09:15:04Z,586.0,False,7105,68.0,5.0
4290,UCozuuEEitjQXtCzubNO0BGA,나는상윤,-2c4liE46Uk,저라뎃 : 상윤이랑하면 코인이 5개나 있어 ㅋㅋ [멸망전 EP.02],2026-02-27T05:00:00Z,715.0,False,3732,50.0,5.0
4290,UCozuuEEitjQXtCzubNO0BGA,나는상윤,jDLEKxvK-xM,어게인 상상깐  [멸망전 EP.03],2026-02-28T11:10:00Z,930.0,False,4903,50.0,5.0
4290,UCozuuEEitjQXtCzubNO0BGA,나는상윤,Au7aHFfoOSU,"우승을 위해 모인 TEAM ""알아할게"" [멸망전 EP.04]",2026-03-02T13:35:00Z,736.0,False,11453,81.0,7.0
4290,UCozuuEEitjQXtCzubNO0BGA,나는상윤,KVtcBcGMM2U,"""회식비 걸고 스크림""  역대급 스크림? [멸망전 EP.05]",2026-03-03T16:30:06Z,1413.0,False,7272,66.0,3.0
4290,UCozuuEEitjQXtCzubNO0BGA,나는상윤,2eu5yWEV-pg,"""이제 할 챔피언이 없어"" 마지막 5세트  [멸망전 EP.06]",2026-03-05T10:15:00Z,2211.0,False,6692,40.0,6.0
4290,UCozuuEEitjQXtCzubNO0BGA,나는상윤,N0Hc-_ikQ-8,"""메가동하 만들면 이겨"" [멸망전 EP.07]",2026-03-09T14:45:05Z,1873.0,False,4359,33.0,5.0
4290,UCozuuEEitjQXtCzubNO0BGA,나는상윤,eP8TKsKetGo,최종전에서 다시 만난 메가동하박스 [멸망전 EP.08],2026-03-12T12:50:01Z,1352.0,False,4384,40.0,5.0
4290,UCozuuEEitjQXtCzubNO0BGA,나는상윤,oGw8Qt4mOuA,상대를 좌절시킨 한전드의 화살 [멸망전 4강],2026-03-15T07:15:02Z,1836.0,False,3592,47.0,5.0
4290,UCozuuEEitjQXtCzubNO0BGA,나는상윤,rgJo5sqSRtQ,"""영웅 아니면 역적, 둘 중 하나의 타이틀을 가져가겠습니다"" [멸망전 결승]",2026-03-16T14:01:20Z,2737.0,False,8174,73.0,18.0
4290,UCozuuEEitjQXtCzubNO0BGA,나는상윤,ZlDEs18avHE,롤잘알(?) 상머니와 롤알못(?) 상버지?,2026-03-16T15:00:58Z,86.0,False,7866,68.0,2.0
4290,UCozuuEEitjQXtCzubNO0BGA,나는상윤,AZzvdF2P-w8,"""자동사냥 킬내기요?""",2026-03-20T15:00:30Z,977.0,False,2300,34.0,4.0
4290,UCozuuEEitjQXtCzubNO0BGA,나는상윤,3wV_UWnXPY4,한전드 이전에 원포 권스나라 불렸던 사나이 #서든어택 #shorts,2026-03-21T09:15:01Z,77.0,False,25682,93.0,15.0
4290,UCozuuEEitjQXtCzubNO0BGA,나는상윤,09DAlFOViFc,""" ? + 애라카 = 무한 동력""",2026-03-23T09:15:00Z,641.0,False,2947,29.0,2.0
4290,UCozuuEEitjQXtCzubNO0BGA,나는상윤,7C3F_38Z3tM,440원 주고 산 xxx?.. [결망전 경매],2026-03-28T02:30:03Z,555.0,False,2840,39.0,4.0
4290,UCozuuEEitjQXtCzubNO0BGA,나는상윤,HIMRBa07zBY,이거 닉네임만 가리면 젠지인데? [결망전 스크림],2026-03-29T10:45:01Z,769.0,False,7271,64.0,4.0
4290,UCozuuEEitjQXtCzubNO0BGA,나는상윤,vysZYhH87sQ,분명 경매로 만든 팀인데?.. [결망전 대회],2026-04-01T11:45:06Z,1657.0,False,3993,43.0,5.0
4290,UCozuuEEitjQXtCzubNO0BGA,나는상윤,iMy1ZWCuNcE,어서와~수니그룹은 처음이지?,2026-04-05T01:00:43Z,685.0,False,31734,179.0,8.0
4290,UCozuuEEitjQXtCzubNO0BGA,나는상윤,mac7jo1prmc,S급 배그 프로게이머와 롤 프로게이머의 연봉?  #태민98 #수니그룹,2026-04-06T08:00:57Z,54.0,True,551032,2554.0,178.0
4290,UCozuuEEitjQXtCzubNO0BGA,나는상윤,roUyMY_sebw,참다참다 물어보는 칸 #킴성태 #칸 #한둬얼 #킬내기,2026-04-06T13:20:02Z,45.0,True,22640,94.0,2.0
4290,UCozuuEEitjQXtCzubNO0BGA,나는상윤,MRj-QfvtM2o,상버지 회사에 일 하러 온 소희와 복실,2026-04-09T14:45:01Z,929.0,False,24995,168.0,11.0
4290,UCozuuEEitjQXtCzubNO0BGA,나는상윤,M3SWCzInz3o,여러분들은 무엇이라고 생각하시나요?,2026-04-10T09:10:01Z,37.0,True,6588,36.0,2.0
4290,UCozuuEEitjQXtCzubNO0BGA,나는상윤,zs9rwX9VUAU,여캠 집에서 튀어나온 xx?.. #수니그룹 #여캠,2026-04-13T09:50:02Z,57.0,True,9937,68.0,6.0
4290,UCozuuEEitjQXtCzubNO0BGA,나는상윤,4aj69VmtZ64,수니그룹 이상형 월드컵에서 예상치 못한 선택?..,2026-04-22T11:05:00Z,777.0,False,36446,174.0,11.0
4290,UCozuuEEitjQXtCzubNO0BGA,나는상윤,HPynlCdGnMw,이런 질문까지 한다고?..,2026-04-24T09:00:33Z,532.0,False,5316,42.0,3.0
4290,UCozuuEEitjQXtCzubNO0BGA,나는상윤,ZnugzXK7b-U,CK에서 다시 뭉친 밧상교?,2026-04-27T14:01:02Z,1149.0,False,6411,35.0,4.0
4290,UCozuuEEitjQXtCzubNO0BGA,나는상윤,H_bAhXqbX3U,"저라뎃 : ""모두가 롤을 쉬면 가장 무서운 게 나는 상윤이다"" [넛저밧vs클상도.ep01]",2026-04-30T07:30:08Z,1065.0,False,2830,23.0,2.0
4290,UCozuuEEitjQXtCzubNO0BGA,나는상윤,1qgWK8V-Y3A,상대하는 입장에서 벽 느껴지는 플레이 [넛저밧vs클상도.ep02],2026-05-03T16:45:01Z,1047.0,False,3204,26.0,5.0
4290,UCozuuEEitjQXtCzubNO0BGA,나는상윤,5IffX3K1meE,합방하기로 해놓고 갑자기 방종하라는 여캠,2026-05-05T07:40:00Z,491.0,False,12868,96.0,6.0
4290,UCozuuEEitjQXtCzubNO0BGA,나는상윤,1NuCnb-OGIs,순수 비난만 하는 킬내기,2026-05-14T09:00:03Z,999.0,False,5628,38.0,4.0
4290,UCozuuEEitjQXtCzubNO0BGA,나는상윤,X-xU04Zir9Y,오랜만에 솔랭 하는데 많이 바뀐 롤?..,2026-05-15T08:00:28Z,494.0,False,1779,19.0,2.0
4290,UCozuuEEitjQXtCzubNO0BGA,나는상윤,XCocFaDQ7Nc,이렇게 해도 괜찮겠지?...,2026-05-16T11:40:00Z,3092.0,False,1585,18.0,2.0
4291,UCnPJ_Jcl-dwFuGgqhavB8oA,오하빵 Ohhabbang,UXx_WoyCYoo,실축(PL)에서 일어나선 안 될 일,2026-04-06T08:00:25Z,21.0,True,41393,383.0,22.0
4291,UCnPJ_Jcl-dwFuGgqhavB8oA,오하빵 Ohhabbang,ufgeEQKZdZA,??? : 우리 동경하지 맙시다,2026-04-06T08:01:02Z,13.0,True,30202,373.0,10.0
4291,UCnPJ_Jcl-dwFuGgqhavB8oA,오하빵 Ohhabbang,Gr0gWx_ftfg,지금부터 여기는 맨체스터 유나이티드 펍이다,2026-04-07T08:00:15Z,56.0,True,55012,557.0,21.0
4291,UCnPJ_Jcl-dwFuGgqhavB8oA,오하빵 Ohhabbang,wjy-6UV-pKk,아 브페 코너킥 어케 참냐고ㅋㅋㅋ,2026-04-08T08:01:05Z,16.0,True,1950410,10815.0,208.0
4291,UCnPJ_Jcl-dwFuGgqhavB8oA,오하빵 Ohhabbang,jEIlEJm3BMM,[땜BBANG] 제목은 모교 방문으로 하겠습니다. 근데 이제 매점 알바를 곁들인..😂 | 고등학교 매점 알바 | 오하빵 (EN),2026-04-10T09:01:11Z,1141.0,False,73357,2929.0,247.0
4291,UCnPJ_Jcl-dwFuGgqhavB8oA,오하빵 Ohhabbang,OL3E2GADzlo,90년대생이라면 무조건 공감,2026-04-11T04:00:21Z,57.0,True,30551,505.0,32.0
4291,UCnPJ_Jcl-dwFuGgqhavB8oA,오하빵 Ohhabbang,z50sGenUv_Y,고등학교 후배한테 최애 묻는 오하영,2026-04-11T04:01:03Z,58.0,True,2987147,29902.0,426.0
4291,UCnPJ_Jcl-dwFuGgqhavB8oA,오하빵 Ohhabbang,I6zEnelLhXk,굳세어라 오하빵,2026-04-12T04:00:17Z,49.0,True,178176,1426.0,49.0
4291,UCnPJ_Jcl-dwFuGgqhavB8oA,오하빵 Ohhabbang,r0xwpETFoY4,미래 슈퍼스타들 박제했습니다,2026-04-12T04:00:50Z,28.0,True,38671,359.0,10.0
4291,UCnPJ_Jcl-dwFuGgqhavB8oA,오하빵 Ohhabbang,rf_y9ok8fFk,오하영이 서공예 모교를 방문하면..?,2026-04-13T08:01:01Z,32.0,True,62876,537.0,5.0
4291,UCnPJ_Jcl-dwFuGgqhavB8oA,오하빵 Ohhabbang,z1Pdt9eAmCE,오하영이 서공예 선생님이 된다면..?,2026-04-13T08:01:05Z,59.0,True,44966,716.0,7.0
4291,UCnPJ_Jcl-dwFuGgqhavB8oA,오하빵 Ohhabbang,Ij-UTYHLnco,담임 선생님이 말하는 오하영 고딩 시절,2026-04-14T08:00:30Z,26.0,True,36402,611.0,13.0
4291,UCnPJ_Jcl-dwFuGgqhavB8oA,오하빵 Ohhabbang,v8ZJAehvUeg,사장님의 텐션은 매출에 비례한다,2026-04-14T08:00:56Z,42.0,True,31073,512.0,11.0
4291,UCnPJ_Jcl-dwFuGgqhavB8oA,오하빵 Ohhabbang,XRCbZqjpxJw,??? : 너 우리 중에 외모 꼴등이잖아,2026-04-15T08:00:28Z,40.0,True,863550,12183.0,172.0
4291,UCnPJ_Jcl-dwFuGgqhavB8oA,오하빵 Ohhabbang,YF4NNWJ63yk,[땜BBANG] 롯데월드 가서 👜매장 알바만 한 건에 대하여... | 가방 매장 알바 | 오하빵 (EN),2026-04-17T09:00:52Z,941.0,False,19151,1339.0,384.0
4291,UCnPJ_Jcl-dwFuGgqhavB8oA,오하빵 Ohhabbang,-r02JAAzsXI,작고 예쁜 가방 = 썸,2026-04-18T04:00:00Z,26.0,True,20275,317.0,6.0
4291,UCnPJ_Jcl-dwFuGgqhavB8oA,오하빵 Ohhabbang,O7cUpaJj4xM,남자들에게 가방은 사치..?,2026-04-18T04:00:33Z,49.0,True,31345,315.0,19.0
4291,UCnPJ_Jcl-dwFuGgqhavB8oA,오하빵 Ohhabbang,WXdJ7_aQS3g,↑↑천하제일 3행시 대회 참여하러 가기↑↑,2026-04-18T04:00:36Z,29.0,True,9137,377.0,23.0
4291,UCnPJ_Jcl-dwFuGgqhavB8oA,오하빵 Ohhabbang,Pm8hCQgDdW4,사랑에 편견 없는 오하영,2026-04-19T04:00:34Z,21.0,True,51891,487.0,25.0
4291,UCnPJ_Jcl-dwFuGgqhavB8oA,오하빵 Ohhabbang,ioeELWqRXKg,날먹 장인 오하영,2026-04-19T04:00:57Z,19.0,True,24994,382.0,7.0
4291,UCnPJ_Jcl-dwFuGgqhavB8oA,오하빵 Ohhabbang,X-TmUE5C78Q,가방을 사면 종이 가방을 무료로 드립니다,2026-04-20T08:00:36Z,25.0,True,17687,298.0,5.0
4291,UCnPJ_Jcl-dwFuGgqhavB8oA,오하빵 Ohhabbang,bkxI4FCY9Po,이 춤 알면 최소 90년대생,2026-04-20T08:00:38Z,18.0,True,14429,267.0,9.0
4291,UCnPJ_Jcl-dwFuGgqhavB8oA,오하빵 Ohhabbang,B88zZROsFb4,MZ 신입사원 마음의 편지,2026-04-21T08:00:10Z,60.0,True,23451,533.0,3.0
4291,UCnPJ_Jcl-dwFuGgqhavB8oA,오하빵 Ohhabbang,1gnVIqMtyho,??? : 라뗀 다 이렇게 등장했어,2026-04-22T08:00:02Z,28.0,True,30356,385.0,9.0
4291,UCnPJ_Jcl-dwFuGgqhavB8oA,오하빵 Ohhabbang,OWa78U72sTc,[취향몰BBANG] 오하영이 한강 벚꽃 소개팅을 한다면..? (feat. 별놈들) 🌸 | 월간 남친 | 오하빵 (EN),2026-04-24T09:00:37Z,928.0,False,15190,856.0,127.0
4291,UCnPJ_Jcl-dwFuGgqhavB8oA,오하빵 Ohhabbang,azWl-S6CrC4,이건 사과를 받아야겠는데..?,2026-04-25T04:00:06Z,25.0,True,27451,356.0,21.0
4291,UCnPJ_Jcl-dwFuGgqhavB8oA,오하빵 Ohhabbang,vWVuAkHWjGs,절대 뚫리지 않는 오하영,2026-04-25T04:00:57Z,34.0,True,28111,548.0,35.0
4291,UCnPJ_Jcl-dwFuGgqhavB8oA,오하빵 Ohhabbang,_-zFaOmVyAQ,너의 최애는..?,2026-04-26T04:00:41Z,44.0,True,43510,563.0,18.0
4291,UCnPJ_Jcl-dwFuGgqhavB8oA,오하빵 Ohhabbang,rxak410MDVY,??? : 너넨 이런 거 하지 마라...,2026-04-26T04:00:52Z,36.0,True,38415,424.0,18.0
4291,UCnPJ_Jcl-dwFuGgqhavB8oA,오하빵 Ohhabbang,jiJan4uC7z4,죄송합니다...,2026-04-27T08:00:48Z,49.0,True,12616,302.0,12.0
4291,UCnPJ_Jcl-dwFuGgqhavB8oA,오하빵 Ohhabbang,PjeWrB7GnAg,취향 차이,2026-04-28T08:00:24Z,40.0,True,11705,194.0,9.0
4291,UCnPJ_Jcl-dwFuGgqhavB8oA,오하빵 Ohhabbang,NehOpEHTAxU,어깨 루틴 : 구매,2026-04-29T08:00:23Z,50.0,True,22106,334.0,8.0
4291,UCnPJ_Jcl-dwFuGgqhavB8oA,오하빵 Ohhabbang,TYX3opAfQGM,[빵이로그] 두둥!! 알바 아니고 오하영 본업하는 날 | 오늘의 하영 | 오하빵 V-log (EN),2026-05-01T09:00:57Z,893.0,False,8060,854.0,100.0
4291,UCnPJ_Jcl-dwFuGgqhavB8oA,오하빵 Ohhabbang,RZr6n938ajw,화보 현장 오프로디테 두둥 등장,2026-05-02T04:00:35Z,41.0,True,9081,554.0,12.0
4291,UCnPJ_Jcl-dwFuGgqhavB8oA,오하빵 Ohhabbang,yJLePrZsjls,별안간 마주한 데드립,2026-05-02T04:00:59Z,34.0,True,13055,432.0,7.0
4291,UCnPJ_Jcl-dwFuGgqhavB8oA,오하빵 Ohhabbang,C-Fd-OxhDo8,시청자분들 판단에 맡기겠습니다,2026-05-03T04:00:24Z,26.0,True,14645,319.0,5.0
4291,UCnPJ_Jcl-dwFuGgqhavB8oA,오하빵 Ohhabbang,KMklihKuzmg,대빵아 자중해...,2026-05-03T04:00:31Z,58.0,True,11967,374.0,10.0
4291,UCnPJ_Jcl-dwFuGgqhavB8oA,오하빵 Ohhabbang,o3Kp9jfeac8,행복하면 됐지 한잔해,2026-05-04T08:00:56Z,56.0,True,11271,549.0,21.0
4291,UCnPJ_Jcl-dwFuGgqhavB8oA,오하빵 Ohhabbang,RPDMNlog-Hw,노담합시다 여러분,2026-05-05T05:00:23Z,56.0,True,17965,433.0,20.0
4291,UCnPJ_Jcl-dwFuGgqhavB8oA,오하빵 Ohhabbang,YEk8iDz0cUU,[취향몰BBANG] 어버이날 맞이 부모님 안부 묻는 게임을 해봤습니다 | 롤 | 오하빵(EN),2026-05-08T09:00:46Z,1048.0,False,11134,765.0,139.0
4291,UCnPJ_Jcl-dwFuGgqhavB8oA,오하빵 Ohhabbang,YAnnw9kApfc,??? : 우리 탑 호응 안 함?,2026-05-09T04:00:41Z,28.0,True,17092,239.0,12.0
4291,UCnPJ_Jcl-dwFuGgqhavB8oA,오하빵 Ohhabbang,snj1BCuz0jE,오열하는 오하영,2026-05-09T04:00:55Z,20.0,True,20737,462.0,23.0
4291,UCnPJ_Jcl-dwFuGgqhavB8oA,오하빵 Ohhabbang,3I3XecI_C2E,ㄴ상상도 못한 정체ㄱ,2026-05-10T04:00:06Z,30.0,True,26993,341.0,12.0
4291,UCnPJ_Jcl-dwFuGgqhavB8oA,오하빵 Ohhabbang,r7PTXk7tA5c,탑 미드 싸운다고? 좋은 소식이네... (feat. 오하영),2026-05-10T04:01:01Z,41.0,True,11683,213.0,8.0
4291,UCnPJ_Jcl-dwFuGgqhavB8oA,오하빵 Ohhabbang,Ldu8oDSsTUY,오하영 긁는 법,2026-05-11T08:00:18Z,29.0,True,26679,493.0,13.0
4291,UCnPJ_Jcl-dwFuGgqhavB8oA,오하빵 Ohhabbang,DYWBzKoTYmc,오하영의 독특한(?) 게임 취향,2026-05-12T08:00:12Z,42.0,True,15149,385.0,9.0
4291,UCnPJ_Jcl-dwFuGgqhavB8oA,오하빵 Ohhabbang,MIQyCRwLGbk,아버지 나를 낳으시고 바지 적삼 다 적시셨네...,2026-05-13T08:00:21Z,45.0,True,19523,425.0,17.0
4291,UCnPJ_Jcl-dwFuGgqhavB8oA,오하빵 Ohhabbang,kpgZPOHOKjw,[빵이로그] 기 모으기 끝! 에이핑크 아시아 투어 통으로 낋여왔습니다 | 오하빵 V-log (EN),2026-05-15T09:01:04Z,1407.0,False,11946,996.0,122.0
4291,UCnPJ_Jcl-dwFuGgqhavB8oA,오하빵 Ohhabbang,6nTGCYlxvLA,언니들 여기에요 여기!,2026-05-16T04:00:05Z,30.0,True,25722,516.0,19.0
4291,UCnPJ_Jcl-dwFuGgqhavB8oA,오하빵 Ohhabbang,yz9WtBJoinw,홍콩 길거리에서 자만추한 에이핑크,2026-05-17T04:01:02Z,56.0,True,1948,132.0,1.0
4292,UCKgxSXLFNJ4vM4DaWyruRyQ,목포MBC,aMezdFYu9Ek,50년 전에 비빔밥의 세계화를 꿈꾼 사람 #shorts,2026-03-07T05:00:00Z,37.0,True,1188,5.0,0.0
4292,UCKgxSXLFNJ4vM4DaWyruRyQ,목포MBC,uP2UbdjTUdM,마을호텔 답사 후기는? #shorts,2026-03-08T02:00:00Z,48.0,True,849,5.0,0.0
4292,UCKgxSXLFNJ4vM4DaWyruRyQ,목포MBC,XFGN7ZO6qV8,전주 웨딩거리 근황 #shorts,2026-03-08T05:00:00Z,48.0,True,1002,3.0,1.0
4292,UCKgxSXLFNJ4vM4DaWyruRyQ,목포MBC,n4AdEVpUsTY,적은 면적으로 큰 수익! #shorts,2026-03-10T06:00:00Z,58.0,True,1261,5.0,0.0
4292,UCKgxSXLFNJ4vM4DaWyruRyQ,목포MBC,3eUs09cokF0,소규모 도시 관광 전략 #shorts,2026-03-11T05:00:00Z,59.0,True,1028,7.0,0.0
4292,UCKgxSXLFNJ4vM4DaWyruRyQ,목포MBC,2w6T7Pla9RA,섬 주민들의 특별한 농사 #shorts,2026-03-12T08:00:00Z,58.0,True,1174,3.0,0.0
4292,UCKgxSXLFNJ4vM4DaWyruRyQ,목포MBC,MNh0JymgYo0,“다른 식당이 망하면 우리도 망한다” #shorts,2026-03-13T08:00:00Z,53.0,True,1391,1.0,0.0
4292,UCKgxSXLFNJ4vM4DaWyruRyQ,목포MBC,NneBmzQyy_Y,[LIVE] 2026 W.I.N.포럼ㅣ2030 World Island Net(W.I.N) Project,2026-03-13T20:04:31Z,10651.0,False,396,8.0,0.0
4292,UCKgxSXLFNJ4vM4DaWyruRyQ,목포MBC,F7pJ6KRYbeo,망해가던 골목에서 발견한 시계방… 지금은 사람들이 몰린다?⎜전주에서 제일 특이한 카페⎜EP.9⎜#세젤스 #마을호텔,2026-03-17T09:00:00Z,635.0,False,170,1.0,0.0
4292,UCKgxSXLFNJ4vM4DaWyruRyQ,목포MBC,j175D5lX2FA,3대가 이어가는 가족 정원 이야기⎜가업이 되는 정원⎜EP.10⎜#세젤스 #정원모집중,2026-03-17T09:01:00Z,676.0,False,510,13.0,0.0
4292,UCKgxSXLFNJ4vM4DaWyruRyQ,목포MBC,6bKMUg1jws0,길거리 음식 + 한복 체험 = MZ세대 취향 저격! #shorts,2026-03-18T05:15:00Z,58.0,True,851,4.0,0.0
4292,UCKgxSXLFNJ4vM4DaWyruRyQ,목포MBC,zi5XmijydB0,노동력은 최소화! 정원 팁 #shorts,2026-03-19T08:00:00Z,56.0,True,1183,6.0,0.0
4292,UCKgxSXLFNJ4vM4DaWyruRyQ,목포MBC,xjad0pLws-A,세상에서 제일 큰 괘종시계가 있는 이곳? #shorts,2026-03-20T08:00:00Z,59.0,True,1171,4.0,0.0
4292,UCKgxSXLFNJ4vM4DaWyruRyQ,목포MBC,BFwu771vrpU,전통과 젊음이 공존하는 남부시장의 명소?⎜번아웃 후 돌아온 고향에서 만든 청년몰⎜EP.10⎜#세젤스 #마을호텔,2026-03-20T09:30:00Z,732.0,False,309,9.0,0.0
4292,UCKgxSXLFNJ4vM4DaWyruRyQ,목포MBC,7SO6SdvFll0,마트 대신 정원? 직접 캐서 차린 진짜 제철 밥상⎜맛있는 정원⎜EP.11⎜#세젤스 #정원모집중,2026-03-20T09:31:00Z,737.0,False,532,11.0,0.0
4292,UCKgxSXLFNJ4vM4DaWyruRyQ,목포MBC,dEi765wZcXA,정원은 가업이 될 수 있을까? #shorts,2026-03-21T02:00:00Z,53.0,True,1021,4.0,0.0
4292,UCKgxSXLFNJ4vM4DaWyruRyQ,목포MBC,Nkw83fbu78U,청년을 부르는 밤 #shorts,2026-03-24T06:00:00Z,44.0,True,1189,3.0,0.0
4292,UCKgxSXLFNJ4vM4DaWyruRyQ,목포MBC,IjftSYRlB0Y,나만 먹기 아까운 계절의 맛 #shorts,2026-03-25T06:00:00Z,57.0,True,1270,5.0,0.0
4292,UCKgxSXLFNJ4vM4DaWyruRyQ,목포MBC,7ztdGZJY6R4,헌혈했더니 배값이 반값?! 더 많은 사람이 함께하는 따뜻한 변화｜ESG 현장을 가다! Heart To Heart｜전국시대,2026-03-25T08:00:00Z,462.0,False,71,3.0,1.0
4292,UCKgxSXLFNJ4vM4DaWyruRyQ,목포MBC,yoBA5ZLXnxo,청년의 패기.. 종이컵 2개로 줄 세웠다 #shorts,2026-03-26T08:00:00Z,58.0,True,1661,5.0,0.0
4292,UCKgxSXLFNJ4vM4DaWyruRyQ,목포MBC,YPMc391aCkc,보기만 하는 정원? 여긴 다 먹습니다 #shorts,2026-03-27T08:00:00Z,59.0,True,766,0.0,0.0
4292,UCKgxSXLFNJ4vM4DaWyruRyQ,목포MBC,1WRjcWcDB70,이게 진짜 지역 재생?!⎜주민들의 재능이 만든 목포 원도심의 기적⎜EP.11⎜#세젤스 #마을호텔,2026-03-27T09:30:00Z,719.0,False,459,6.0,0.0
4292,UCKgxSXLFNJ4vM4DaWyruRyQ,목포MBC,BsEMZJMJJt4,할아버지부터 딸까지.. 3대가 가꾼 동백 숲 정원⎜세월을 품은 정원⎜EP.12⎜#세젤스 #정원모집중,2026-03-27T09:31:00Z,629.0,False,382,10.0,0.0
4292,UCKgxSXLFNJ4vM4DaWyruRyQ,목포MBC,mtMmycSUCck,"길 끊기던 '섬' 정원, 지금은? #shorts",2026-03-28T01:00:00Z,96.0,False,1102,5.0,0.0
4292,UCKgxSXLFNJ4vM4DaWyruRyQ,목포MBC,JXQPBz0rv_M,정원의 숨겨진 이야기 #shorts,2026-03-29T01:00:00Z,48.0,True,1130,8.0,1.0
4292,UCKgxSXLFNJ4vM4DaWyruRyQ,목포MBC,715XWukXX_w,[목포MBC 특집다큐멘터리]  ‘잔혹한 번영 물고기 공장–외전(外傳)’,2026-03-30T06:15:02Z,2831.0,False,2236,26.0,1.0
4292,UCKgxSXLFNJ4vM4DaWyruRyQ,목포MBC,6LEadtlfr8U,구식이라 생각했지? 요즘 이게 레트로 #shorts,2026-03-31T08:30:00Z,43.0,True,1211,2.0,0.0
4292,UCKgxSXLFNJ4vM4DaWyruRyQ,목포MBC,-u3dhFJ8b8k,동백숲 보고 싶다면? 여기로 🌺 #shorts,2026-04-01T08:00:00Z,58.0,True,2416,17.0,0.0
4292,UCKgxSXLFNJ4vM4DaWyruRyQ,목포MBC,MR8zHRocqhI,목포 라이브홀의 재발견 #shorts,2026-04-02T08:00:00Z,54.0,True,969,5.0,0.0
4292,UCKgxSXLFNJ4vM4DaWyruRyQ,목포MBC,vAHtbYaX5VA,이제는 K-정원 투어다 #shorts,2026-04-03T08:00:00Z,58.0,True,1152,9.0,0.0
4292,UCKgxSXLFNJ4vM4DaWyruRyQ,목포MBC,H6cg5rKhTAE,뭘 좋아할지 몰라서 다 심었어..🌼 사계절 축제가 열리는 꿈의 정원⎜정원에 심은 인생의 꿈⎜EP.13⎜#세젤스 #정원모집중,2026-04-03T09:30:00Z,1351.0,False,14532,213.0,16.0
4292,UCKgxSXLFNJ4vM4DaWyruRyQ,목포MBC,te9I8VAUHig,아무도 못 걷던 돌산… 지금은 줄 섭니다 #shorts,2026-04-07T09:20:00Z,60.0,True,4909,42.0,4.0
4292,UCKgxSXLFNJ4vM4DaWyruRyQ,목포MBC,MQ97auuHZx8,이게 사랑꾼이 아니면 몬데!! 로맨티스트 남편 클라쓰.. #shorts,2026-04-08T07:00:00Z,57.0,True,2433,29.0,1.0
4292,UCKgxSXLFNJ4vM4DaWyruRyQ,목포MBC,aodJKWJhjhc,외로운 사람 여기 모여라~! #shorts,2026-04-09T07:00:00Z,42.0,True,11616,114.0,2.0
4292,UCKgxSXLFNJ4vM4DaWyruRyQ,목포MBC,EP9fhP_BRy0,봄의 빈틈을 채우는 '이 꽃' #shorts,2026-04-10T07:00:00Z,54.0,True,2722,21.0,1.0
4292,UCKgxSXLFNJ4vM4DaWyruRyQ,목포MBC,bVS3gNt5foQ,내가 돌을 이렇게 좋아하게 될 줄이야.. 외로움이 만든 한 자리의 정원⎜산 아래 돌담의 정원⎜EP.14⎜#세젤스 #정원모집중,2026-04-10T09:30:00Z,1408.0,False,1390,26.0,4.0
4292,UCKgxSXLFNJ4vM4DaWyruRyQ,목포MBC,fPBiWRozwV4,할미꽃이 이렇게 예뻤나ㅠ #shorts,2026-04-14T09:20:00Z,59.0,True,1268,13.0,0.0
4292,UCKgxSXLFNJ4vM4DaWyruRyQ,목포MBC,anGKhPsIP3Y,왜 35년 동안 같은 산만 찍었을까? #shorts,2026-04-15T09:15:00Z,60.0,True,2107,17.0,1.0
4292,UCKgxSXLFNJ4vM4DaWyruRyQ,목포MBC,vGWwAo9bubo,나에게 위로가 된 돌 🪨.. #shorts,2026-04-16T08:00:02Z,60.0,True,1649,10.0,1.0
4292,UCKgxSXLFNJ4vM4DaWyruRyQ,목포MBC,f7gmn59ZHQ0,이게 어떻게 미술 전공이 아니죠?!! #shorts,2026-04-17T08:00:00Z,59.0,True,3015,20.0,0.0
4292,UCKgxSXLFNJ4vM4DaWyruRyQ,목포MBC,sgEPXHr-pFo,300년 동백나무와 함께 피어난 보석 같은 정원⎜땅끝에서 피어난 미래의 정원⎜EP.15⎜#세젤스 #정원모집중,2026-04-17T09:30:00Z,1348.0,False,3698,57.0,3.0
4292,UCKgxSXLFNJ4vM4DaWyruRyQ,목포MBC,eOk95SYxHJ8,나이 들면 꿈 꾸지 말라고요..? 더 중요한 역할!! #shorts,2026-04-21T08:50:00Z,55.0,True,843,4.0,0.0
4292,UCKgxSXLFNJ4vM4DaWyruRyQ,목포MBC,eKCR1DM6moo,사람 피하다가 찾은 천직이 ‘정원사’? #shorts,2026-04-22T08:00:00Z,59.0,True,849,8.0,0.0
4292,UCKgxSXLFNJ4vM4DaWyruRyQ,목포MBC,sd6sLS9zACw,정원의 중심에 ‘이걸’ 심은 이유 #shorts,2026-04-23T08:00:00Z,53.0,True,794,4.0,0.0
4292,UCKgxSXLFNJ4vM4DaWyruRyQ,목포MBC,YRs7Y4u6sR8,정원의 완성은 뭐다?! #shorts,2026-04-24T08:00:00Z,42.0,True,831,11.0,0.0
4292,UCKgxSXLFNJ4vM4DaWyruRyQ,목포MBC,YPjFxYcffpA,한국은 왜 점점 불행해질까?… 해답은 ‘로컬’에 있다⎜정석 교수⎜EP.1⎜#세젤스 #인문학항해,2026-04-24T09:30:00Z,1479.0,False,1504,18.0,1.0
4292,UCKgxSXLFNJ4vM4DaWyruRyQ,목포MBC,lR-F9EDFXss,"[LIVE] 세상에서 제일 큰 캠퍼스, 목포 원도심ㅣ함께 배우고 연결되는 도시 실험 생태계",2026-04-29T18:36:31Z,5346.0,False,330,11.0,0.0
4292,UCKgxSXLFNJ4vM4DaWyruRyQ,목포MBC,MZeUlUzkwuQ,우리는 지금처럼 여행해도 될까? 세상을 바꾸는 여행자의 방식⎜임영신 공정여행가⎜EP.2⎜#세젤스 #인문학항해,2026-05-01T09:30:00Z,1383.0,False,296,3.0,1.0
4292,UCKgxSXLFNJ4vM4DaWyruRyQ,목포MBC,J-E-sgie_7c,AI가 글쓰는 시대.. 우리는 왜 글을 써야 할까?ㅣ강원국 스피치라이터ㅣEP.3ㅣ#세젤스 #인문학항해,2026-05-08T09:30:08Z,1363.0,False,212,5.0,2.0
4292,UCKgxSXLFNJ4vM4DaWyruRyQ,목포MBC,rejllCdmfy8,평생 닭만 팔던 시장 할머니가 모두를 놀라게 한 이유⎜황풍년 편집장⎜EP.4⎜#세젤스 #인문학항해,2026-05-15T09:30:29Z,1414.0,False,68,6.0,0.0
4293,UCCtXR7pa7WWVSEB02aR-9Xg,도마이 DOMAI,pe7hX4FiSyA,"네, 썸네일에 적은 대로 입니다.",2018-07-19T08:28:41Z,97.0,False,425041,12720.0,1444.0
4293,UCCtXR7pa7WWVSEB02aR-9Xg,도마이 DOMAI,UwdUpA30avo,2002년 여름날의 추억 - 도마이 영상툰,2018-08-23T08:30:01Z,392.0,False,687906,26803.0,3003.0
4293,UCCtXR7pa7WWVSEB02aR-9Xg,도마이 DOMAI,WJvEr54kpiA,나는 이걸 왜 기억하고 있는걸까? - 도마이 영상툰,2018-10-30T09:00:02Z,408.0,False,708506,25854.0,2878.0
4293,UCCtXR7pa7WWVSEB02aR-9Xg,도마이 DOMAI,Lwqzpi-Uq7E,축구 못하는 남자 - 도마이 영상툰,2019-03-02T11:00:04Z,676.0,False,680915,25414.0,3624.0
4293,UCCtXR7pa7WWVSEB02aR-9Xg,도마이 DOMAI,v1VLhZeFkhI,막내의 마음을 누가 알아줄까? - 도마이 영상툰,2020-02-01T03:00:14Z,323.0,False,997333,25881.0,2582.0
4293,UCCtXR7pa7WWVSEB02aR-9Xg,도마이 DOMAI,NI9syjbTreU,구슬동자의 저주 - 도마이 영상툰,2020-02-29T03:00:05Z,296.0,False,859501,25122.0,2299.0
4293,UCCtXR7pa7WWVSEB02aR-9Xg,도마이 DOMAI,YqT-ZTAnkYU,전설의 황금딱지 - 도마이 영상툰,2020-04-01T08:00:09Z,400.0,False,602691,18270.0,2060.0
4293,UCCtXR7pa7WWVSEB02aR-9Xg,도마이 DOMAI,kvDsRIAV25s,금수저를 잃었습니다. - 도마이 영상툰,2020-05-01T13:00:22Z,371.0,False,549540,18082.0,1466.0
4293,UCCtXR7pa7WWVSEB02aR-9Xg,도마이 DOMAI,0f_6a9NGXnw,어니부기  - 도마이 영상툰,2020-06-01T09:30:01Z,327.0,False,393441,13352.0,1710.0
4293,UCCtXR7pa7WWVSEB02aR-9Xg,도마이 DOMAI,JoQLZum2m94,나를 열받게 하던 장난들  - 도마이 영상툰,2020-07-02T12:31:33Z,334.0,False,1334331,68657.0,2930.0
4293,UCCtXR7pa7WWVSEB02aR-9Xg,도마이 DOMAI,Ygt_EkwS2ME,초등학생들의 충격적인 담력테스트 - 도마이 공포특집 | 공포툰,2020-08-01T13:30:02Z,521.0,False,516181,21105.0,2066.0
4293,UCCtXR7pa7WWVSEB02aR-9Xg,도마이 DOMAI,kYtfGaeIZmk,사과드립니다.,2020-08-16T07:23:30Z,113.0,False,373675,15291.0,1447.0
4293,UCCtXR7pa7WWVSEB02aR-9Xg,도마이 DOMAI,s0N_oi0pNmU,[사이다썰] 아빠를 협박하는 남자 참교육 시킨 썰 - 도마이 영상툰,2020-09-01T13:30:04Z,404.0,False,407747,18021.0,1681.0
4293,UCCtXR7pa7WWVSEB02aR-9Xg,도마이 DOMAI,8k68N1SwjCE,타블렛이 고장났지만 Q&A는 가능합니다.,2020-10-01T13:24:37Z,458.0,False,239622,16811.0,1904.0
4293,UCCtXR7pa7WWVSEB02aR-9Xg,도마이 DOMAI,hQWboYGh0ZI,[짝과꿍] 카사노바,2020-11-05T12:23:37Z,247.0,False,389242,14536.0,2736.0
4293,UCCtXR7pa7WWVSEB02aR-9Xg,도마이 DOMAI,OaB18bgPxmY,[짝과꿍] 작업멘트,2021-02-02T13:53:58Z,214.0,False,257026,12174.0,1744.0
4293,UCCtXR7pa7WWVSEB02aR-9Xg,도마이 DOMAI,_UNLAG3Foyo,[짝과꿍] 진짜 몰랐다고,2021-02-18T16:39:06Z,222.0,False,406170,12345.0,4358.0
4293,UCCtXR7pa7WWVSEB02aR-9Xg,도마이 DOMAI,7CbgErpkcTI,6-1,2022-08-20T11:30:14Z,315.0,False,499748,50428.0,3687.0
4293,UCCtXR7pa7WWVSEB02aR-9Xg,도마이 DOMAI,t5K8v0bDlCA,6-1,2023-02-01T10:47:05Z,190.0,False,191211,8346.0,2026.0
4294,UCGLXVdGDgXoUgDZnxCNPRog,KANGDANIEL OFFICIAL,xKwx0g1u7tg,강다니엘(KANGDANIEL) - 두다다쿵 X ITTA MAGAZINE Behind,2025-11-12T12:00:03Z,247.0,False,14585,,139.0
4294,UCGLXVdGDgXoUgDZnxCNPRog,KANGDANIEL OFFICIAL,qEh65JkKvu4,강다니엘(KANGDANIEL) - 수채화 Live Clip with Tomioka Ai,2025-11-21T09:00:03Z,244.0,False,66312,,319.0
4294,UCGLXVdGDgXoUgDZnxCNPRog,KANGDANIEL OFFICIAL,VCTgzefz7VI,강다니엘(KANGDANIEL) - 수채화 Live Clip with Tomioka Ai #강다니엘 #KANGDANIEL #TOMIOKAAI #수채화 #水彩,2025-11-21T10:16:33Z,41.0,True,31638,,113.0
4294,UCGLXVdGDgXoUgDZnxCNPRog,KANGDANIEL OFFICIAL,xkbl5yx30Jk,강다니엘(KANGDANIEL) - 수채화 비하인드 인터뷰 with Tomioka Ai,2025-11-26T12:00:01Z,366.0,False,11405,,133.0
4294,UCGLXVdGDgXoUgDZnxCNPRog,KANGDANIEL OFFICIAL,h5sVIZ_q31g,"강다니엘(KANGDANIEL) - 일본 팬미팅, 대만 행사 Behind",2025-12-03T12:00:02Z,385.0,False,15218,,161.0
4294,UCGLXVdGDgXoUgDZnxCNPRog,KANGDANIEL OFFICIAL,oMK4e8-iHso,강다니엘(KANGDANIEL) SPECIAL ALBUM [𝐏𝐔𝐋𝐒𝐄𝐏𝐇𝐀𝐒𝐄] Spoiler Clip,2025-12-09T13:00:02Z,17.0,True,23474,,165.0
4294,UCGLXVdGDgXoUgDZnxCNPRog,KANGDANIEL OFFICIAL,M1rWGZ2ORB0,강다니엘(KANGDANIEL) SPECIAL ALBUM [𝐏𝐔𝐋𝐒𝐄𝐏𝐇𝐀𝐒𝐄] Spoiler Medley,2025-12-10T13:00:01Z,74.0,False,27902,,296.0
4294,UCGLXVdGDgXoUgDZnxCNPRog,KANGDANIEL OFFICIAL,ctIwpdeqbR0,강다니엘(KANGDANIEL) - Backseat Promises Track Video Teaser,2025-12-11T13:00:02Z,22.0,True,20050,,202.0
4294,UCGLXVdGDgXoUgDZnxCNPRog,KANGDANIEL OFFICIAL,42WiKmLox5c,강다니엘(KANGDANIEL) - Backseat Promises Track Video,2025-12-12T09:00:05Z,222.0,False,9090528,,1274.0
4294,UCGLXVdGDgXoUgDZnxCNPRog,KANGDANIEL OFFICIAL,tc8-408BvNk,심장이 쿵🩷 (from.에이라의 다잉메세지..) #강다니엘 #KANGDANIEL #RUNWAY_WALKTODANIEL,2025-12-13T13:16:37Z,11.0,True,32273,,222.0
4294,UCGLXVdGDgXoUgDZnxCNPRog,KANGDANIEL OFFICIAL,Ga4yjWBJ9VA,강다니엘(KANGDANIEL) - The Chase Dance Practice,2025-12-14T13:00:02Z,202.0,False,675161,,594.0
4294,UCGLXVdGDgXoUgDZnxCNPRog,KANGDANIEL OFFICIAL,fYXYDJjnKYs,𝑩𝒂𝒄𝒌𝒔𝒆𝒂𝒕 𝑷𝒓𝒐𝒎𝒊𝒔𝒆𝒔 #강다니엘 #KANGDANIEL #RUNWAY_WALKTODANIEL,2025-12-15T09:00:02Z,40.0,True,35208,,261.0
4294,UCGLXVdGDgXoUgDZnxCNPRog,KANGDANIEL OFFICIAL,zau0Kb7FBQY,"𝘞𝘦 𝘴𝘢𝘪𝘥 𝘧𝘰𝘳𝘦𝘷𝘦𝘳, 𝘣𝘶𝘵 𝘯𝘦𝘷𝘦𝘳 𝘮𝘦𝘢𝘯𝘵 𝘪𝘵 #강다니엘 #KANGDANIEL",2025-12-16T13:00:02Z,54.0,True,24019,,216.0
4294,UCGLXVdGDgXoUgDZnxCNPRog,KANGDANIEL OFFICIAL,TrWsUPXCE_4,𝚃𝚑𝚎𝚢 𝚎𝚌𝚑𝚘 𝚋𝚊𝚌𝚔 𝚝𝚘 𝚖𝚎 𝚕𝚒𝚔𝚎 𝚊 𝚜𝚠𝚎𝚎𝚝 𝚌𝚊𝚜𝚌𝚊𝚍𝚎 #강다니엘 #KANGDANIEL,2025-12-18T13:00:01Z,40.0,True,30485,,176.0
4294,UCGLXVdGDgXoUgDZnxCNPRog,KANGDANIEL OFFICIAL,GKOyQ2zseoU,Bᴀᴄᴋꜱᴇᴀᴛ Pʀᴏᴍɪꜱᴇꜱ (끝까지 안 보면 후회하는 영상🐶) #강다니엘 #KANGDANIEL,2025-12-20T09:03:11Z,30.0,True,38508,,293.0
4294,UCGLXVdGDgXoUgDZnxCNPRog,KANGDANIEL OFFICIAL,Fd-avO3D6n4,"𝓢𝓸𝓶𝓮 𝓽𝓱𝓲𝓷𝓰𝓼 𝓯𝓪𝓭𝓮, 𝓫𝓾𝓽 𝓷𝓮𝓿𝓮𝓻 𝓰𝓸#강다니엘 #KANGDANIEL",2025-12-24T10:34:18Z,49.0,True,21767,,179.0
4294,UCGLXVdGDgXoUgDZnxCNPRog,KANGDANIEL OFFICIAL,qVXuZmWdw4E,강다니엘(KANGDANIEL) - 2026 SEASON'S GREETINGS Behind,2025-12-24T12:00:02Z,297.0,False,16614,,183.0
4294,UCGLXVdGDgXoUgDZnxCNPRog,KANGDANIEL OFFICIAL,oVETAtmvzoU,강다니엘(KANGDANIEL) 2026년 새해 인사 메시지,2026-01-01T03:01:08Z,31.0,True,9385,,220.0
4294,UCGLXVdGDgXoUgDZnxCNPRog,KANGDANIEL OFFICIAL,Qz3DFvcKQOA,𝘾𝙝𝙖𝙨𝙚 𝙬𝙝𝙖𝙩 𝙮𝙤𝙪 𝙛𝙚𝙚𝙡 #강다니엘 #KANGDANIEL,2026-01-05T08:27:12Z,53.0,True,43147,,267.0
4294,UCGLXVdGDgXoUgDZnxCNPRog,KANGDANIEL OFFICIAL,6D-NeCV4mEY,강다니엘(KANGDANIEL) - Backseat Promises Live Clip,2026-01-10T11:00:11Z,222.0,False,88372,,468.0
4294,UCGLXVdGDgXoUgDZnxCNPRog,KANGDANIEL OFFICIAL,1x_4Rcf9Xaw,다니엘의 3분 Log #8 🐈 🕺 #강다니엘 #KANGDANIEL #shorts,2026-01-16T09:00:01Z,150.0,False,19993,,224.0
4294,UCGLXVdGDgXoUgDZnxCNPRog,KANGDANIEL OFFICIAL,uiuIw4Ljir8,강다니엘의 엠카 출근 브이로그,2026-01-21T09:00:02Z,84.0,False,43292,,562.0
4294,UCGLXVdGDgXoUgDZnxCNPRog,KANGDANIEL OFFICIAL,MV45kwaCL_c,강다니엘(KANGDANIEL) - Backseat Promises Track Video Behind,2026-01-28T12:00:01Z,348.0,False,19167,,213.0
4294,UCGLXVdGDgXoUgDZnxCNPRog,KANGDANIEL OFFICIAL,Eigwq576FVw,Backseat Promises Live Cam (Vertical ver.),2026-02-04T08:58:09Z,58.0,True,27941,,206.0
4294,UCGLXVdGDgXoUgDZnxCNPRog,KANGDANIEL OFFICIAL,xcZRdEq1ZY4,강다니엘(KANGDANIEL) - Little Bit Lost Live Clip,2026-02-06T09:02:37Z,150.0,False,74886,,528.0
4294,UCGLXVdGDgXoUgDZnxCNPRog,KANGDANIEL OFFICIAL,17ko9qZCxhA,강다니엘(KANGDANIEL) - Stay Special Video,2026-02-10T03:00:04Z,216.0,False,475971,,773.0
4294,UCGLXVdGDgXoUgDZnxCNPRog,KANGDANIEL OFFICIAL,IvAbxOuuvNg,강다니엘(KANGDANIEL) 2026년 설날 인사 메시지,2026-02-17T03:00:01Z,38.0,True,10765,,251.0
4294,UCGLXVdGDgXoUgDZnxCNPRog,KANGDANIEL OFFICIAL,F759chMkooU,🧾 띵똥 주문 배달 완료 #강다니엘 #KANGDANIEL,2026-02-18T02:59:47Z,6.0,True,31778,,262.0
4294,UCGLXVdGDgXoUgDZnxCNPRog,KANGDANIEL OFFICIAL,P7UGWz3-ai0,다니엘의 3분 Log #9 클렌징 루틴🫧,2026-02-23T07:00:02Z,148.0,False,32692,,268.0
4294,UCGLXVdGDgXoUgDZnxCNPRog,KANGDANIEL OFFICIAL,IM9aijctiwg,강다니엘(KANGDANIEL) - M COUNTDOWN Behind,2026-02-25T12:00:02Z,293.0,False,21960,,271.0
4294,UCGLXVdGDgXoUgDZnxCNPRog,KANGDANIEL OFFICIAL,Hr1c7N8CIRE,강다니엘(KANGDANIEL) - HOLD YOUR BREATH 무대인사 Behind,2026-03-11T12:00:02Z,278.0,False,14640,,215.0
4294,UCGLXVdGDgXoUgDZnxCNPRog,KANGDANIEL OFFICIAL,TmsFoRDQsC4,강다니엘(KANGDANIEL) - 민다니엘🫡 | 입대 비하인드 Enlistment Behind,2026-03-20T09:00:02Z,732.0,False,53853,,557.0
4294,UCGLXVdGDgXoUgDZnxCNPRog,KANGDANIEL OFFICIAL,hlYDFTxbh5U,강다니엘 닮은 유튜버가 추천해 주는 영화가 이렇게 재밌어도 되는 거임? 음악도? | 강다니엘 팟캐스트 | EP1.복수 영화를 보았다,2026-04-01T12:00:04Z,1123.0,False,21278,,300.0
4294,UCGLXVdGDgXoUgDZnxCNPRog,KANGDANIEL OFFICIAL,sqyyDqXPIrs,강다니엘(KANGDANIEL) - Stay Live Clip,2026-04-08T09:00:01Z,219.0,False,43060,,447.0
4294,UCGLXVdGDgXoUgDZnxCNPRog,KANGDANIEL OFFICIAL,6JpxJGfY08E,˖⁺‧₊ 𝙎𝙩𝙖𝙮 𝙤𝙣 𝙢𝙚 ₊‧⁺˖,2026-04-10T08:59:56Z,35.0,True,19690,,280.0
4294,UCGLXVdGDgXoUgDZnxCNPRog,KANGDANIEL OFFICIAL,ghXXfWNUEFU,𝑻𝒆𝒍𝒍 𝒎𝒆 𝒚𝒐𝒖 𝒏𝒆𝒆𝒅 𝒎𝒆,2026-04-13T08:56:36Z,31.0,True,19450,,182.0
4294,UCGLXVdGDgXoUgDZnxCNPRog,KANGDANIEL OFFICIAL,qOswQuXYbBM,강다니엘(KANGDANIEL) - RUNWAY : WALK TO DANIEL Behind,2026-04-29T12:00:01Z,1177.0,False,16790,,376.0
4294,UCGLXVdGDgXoUgDZnxCNPRog,KANGDANIEL OFFICIAL,U4stNB_Pldk,𝐷𝐴𝑁𝐼𝐸𝐿'𝑠 𝑅𝐸𝐴𝐿 𝑅𝑈𝑁𝑊𝐴𝑌,2026-04-30T08:48:08Z,32.0,True,14391,,144.0
4294,UCGLXVdGDgXoUgDZnxCNPRog,KANGDANIEL OFFICIAL,_csXumbQ5bA,나랑 같이 셀카 찍을래? 📸,2026-04-30T08:48:22Z,18.0,True,11417,,147.0
4294,UCGLXVdGDgXoUgDZnxCNPRog,KANGDANIEL OFFICIAL,-GwxhPUIQOA,강다니엘 애교 당도 최고🍑,2026-04-30T08:48:56Z,10.0,True,25100,,174.0
4294,UCGLXVdGDgXoUgDZnxCNPRog,KANGDANIEL OFFICIAL,yYjvqKcFDhs,"플로디, 지금 몇 시야?",2026-04-30T08:49:15Z,7.0,True,19105,,147.0
4294,UCGLXVdGDgXoUgDZnxCNPRog,KANGDANIEL OFFICIAL,4dMAC-O3W90,𝘚𝘜𝘎𝘈𝘙 𝘖𝘕 𝘔𝘠 🐶,2026-04-30T08:49:26Z,12.0,True,23026,,170.0
4294,UCGLXVdGDgXoUgDZnxCNPRog,KANGDANIEL OFFICIAL,ThhOAfjR2eY,금쪽이 다니엘 모음 ZIP 📁,2026-05-05T03:52:53Z,148.0,False,15324,,252.0
4294,UCGLXVdGDgXoUgDZnxCNPRog,KANGDANIEL OFFICIAL,DhAm3_Hbhqo,𝘖𝘕 𝘚𝘈𝘓𝘌 𝘕𝘖𝘞 '𝘋𝘈𝘕𝘐𝘌𝘓 𝘢𝘵 (      )',2026-05-11T04:00:04Z,13.0,True,11186,,119.0
4294,UCGLXVdGDgXoUgDZnxCNPRog,KANGDANIEL OFFICIAL,PJEgVTMhFAc,＊* 𝘋𝘈𝘕𝘐𝘌𝘓 𝘢𝘵 ( 𝘔𝘢𝘳𝘬𝘦𝘵 ) *＊,2026-05-12T04:00:03Z,9.0,True,10073,,106.0
4294,UCGLXVdGDgXoUgDZnxCNPRog,KANGDANIEL OFFICIAL,Qk_dSJd2mnE,₊*ෆ˚ 𝘋𝘈𝘕𝘐𝘌𝘓 𝘰𝘯 ( 𝘋𝘢𝘵𝘦 ) ˚ෆ*₊,2026-05-13T04:00:02Z,11.0,True,9137,,122.0
4294,UCGLXVdGDgXoUgDZnxCNPRog,KANGDANIEL OFFICIAL,4esgfOTSaZA,강다니엘(KANGDANIEL) - The Chase Stage Video,2026-05-13T12:00:03Z,200.0,False,10545,,267.0
4294,UCGLXVdGDgXoUgDZnxCNPRog,KANGDANIEL OFFICIAL,9gY0Cs0w6bI,The Chaseㅣ2025 RUNWAY : WALK TO DANIEL,2026-05-14T08:56:47Z,34.0,True,19831,,120.0
4294,UCGLXVdGDgXoUgDZnxCNPRog,KANGDANIEL OFFICIAL,ddFd8k_QQHE,⋰˚ 𝘋𝘈𝘕𝘐𝘌𝘓 𝘢𝘵 ( 𝘌𝘢𝘴𝘦 ) ⋰˚,2026-05-15T04:00:02Z,12.0,True,6669,,91.0
4294,UCGLXVdGDgXoUgDZnxCNPRog,KANGDANIEL OFFICIAL,7ajcbPpa0uM,"𝖳𝗎𝗋𝗇 𝗂𝗍 𝗎𝗉, 𝗍𝗁𝖾 𝗇𝗂𝗀𝗁𝗍 𝗀𝗈𝖾𝗌 𝗈𝗇",2026-05-15T09:16:53Z,37.0,True,10411,,92.0
4295,UChmb0fgHo1KTkvZfmER4uJw,괴인천국,o7WB-9l3hL8,궁금하면 본편 ㄱㄱ,2025-01-15T10:44:39Z,56.0,True,40678,400.0,14.0
4295,UChmb0fgHo1KTkvZfmER4uJw,괴인천국,aLqrBuKlAE8,미래전략실은 주연님도 지지합니다,2025-01-16T09:00:03Z,57.0,True,46943,610.0,17.0
4295,UChmb0fgHo1KTkvZfmER4uJw,괴인천국,rN9hP97AS_A,우리 우뜨캐,2025-01-17T09:01:05Z,58.0,True,21132,338.0,12.0
4295,UChmb0fgHo1KTkvZfmER4uJw,괴인천국,guWd3r__5_k,세.나.꼰. 세상에 나쁜 꼰대는 없다? [2024 미래전략실 종무식],2025-01-22T09:00:45Z,856.0,False,43902,698.0,98.0
4295,UChmb0fgHo1KTkvZfmER4uJw,괴인천국,RERNYmCMz4I,꼰대들은 들어라,2025-01-22T09:30:26Z,60.0,True,5631,119.0,5.0
4295,UChmb0fgHo1KTkvZfmER4uJw,괴인천국,raktMPDE9dA,'2025년 유튜브 트렌드',2025-01-25T08:00:26Z,59.0,True,10219,166.0,13.0
4295,UChmb0fgHo1KTkvZfmER4uJw,괴인천국,Mhtzov6CQno,어우 답답해... 김풍 아저씨의 챌린지 도전기,2025-03-04T11:44:06Z,60.0,True,10091,289.0,38.0
4295,UChmb0fgHo1KTkvZfmER4uJw,괴인천국,77EYslHilgc,살아있는 찌질의 역사 김풍 리즈시절,2025-03-07T09:00:07Z,16.0,True,433018,5703.0,329.0
4295,UChmb0fgHo1KTkvZfmER4uJw,괴인천국,fBrDFfLgVD8,김풍 근황,2025-03-17T08:56:15Z,32.0,True,8178,311.0,29.0
4295,UChmb0fgHo1KTkvZfmER4uJw,괴인천국,Cc3DZusmPb0,김풍 TOO BAD 챌린지,2025-03-18T08:00:10Z,36.0,True,9849,343.0,33.0
4295,UChmb0fgHo1KTkvZfmER4uJw,괴인천국,nSDLxaYfUNA,옾빵 아닌 just 먹빵,2025-03-19T08:00:47Z,13.0,True,10896,377.0,18.0
4295,UChmb0fgHo1KTkvZfmER4uJw,괴인천국,Vp5xcdUVzJw,세로토닌 축제로구나~ 침윤풍의 수다+보드게임,2025-03-19T09:00:40Z,1533.0,False,214834,3682.0,454.0
4295,UChmb0fgHo1KTkvZfmER4uJw,괴인천국,66xGEaPrdaA,김풍 트레이너의 괴인 도감 ①,2025-03-22T01:00:09Z,58.0,True,23864,610.0,33.0
4295,UChmb0fgHo1KTkvZfmER4uJw,괴인천국,AokgkrHv7FI,※충격 실화※ 꽁꽁 숨겨왔던 김풍의 보석함이 열린다?!,2025-03-26T09:00:14Z,1328.0,False,129355,2956.0,426.0
4295,UChmb0fgHo1KTkvZfmER4uJw,괴인천국,qMTD1HL6evA,트레이너 김풍의 괴인 도감 ②,2025-03-27T09:38:30Z,60.0,True,12903,218.0,10.0
4295,UChmb0fgHo1KTkvZfmER4uJw,괴인천국,L41gGnoRGCQ,백수 장인이 알려주는 엄마한테 안 맞기 꿀팁,2025-03-28T09:00:33Z,60.0,True,7439,127.0,5.0
4295,UChmb0fgHo1KTkvZfmER4uJw,괴인천국,dL_OcnvtuIc,후아아아아아아ㅏㅏ아아앙,2025-03-29T01:00:30Z,54.0,True,25027,381.0,18.0
4295,UChmb0fgHo1KTkvZfmER4uJw,괴인천국,yQPXTdV9DkY,엑스칼리버 사기 당한 썰 푼다,2025-03-30T01:00:49Z,56.0,True,16942,201.0,9.0
4295,UChmb0fgHo1KTkvZfmER4uJw,괴인천국,NxiB_U8JpyY,"김풍의 괴인협회 기념비적인 ""1차 정모""",2025-04-02T09:00:25Z,1269.0,False,48113,1201.0,146.0
4295,UChmb0fgHo1KTkvZfmER4uJw,괴인천국,pEUeyvwslGM,오타쿠 괴인이 알려주는 공황 없애기 꿀팁,2025-04-03T09:01:03Z,59.0,True,13191,137.0,14.0
4295,UChmb0fgHo1KTkvZfmER4uJw,괴인천국,c0T3NqBX4so,캄사함미다,2025-04-04T09:11:02Z,60.0,True,22126,343.0,12.0
4295,UChmb0fgHo1KTkvZfmER4uJw,괴인천국,5F90BwoIKqU,그래 나가라,2025-04-05T09:00:06Z,54.0,True,30033,236.0,4.0
4295,UChmb0fgHo1KTkvZfmER4uJw,괴인천국,Arutn29Pk4A,오타쿠들의 세계로 여러분들을 초대합니다. 🎉,2025-04-10T10:00:14Z,1081.0,False,54019,1695.0,199.0
4295,UChmb0fgHo1KTkvZfmER4uJw,괴인천국,X-mgt7hLsMA,지가 두 눈으로 똑똑히 봤슈,2025-04-10T13:16:26Z,61.0,False,29407,246.0,28.0
4295,UChmb0fgHo1KTkvZfmER4uJw,괴인천국,f5uyB2Er58E,비관계자가 말해주는 파묘썰,2025-04-12T01:00:41Z,81.0,False,20125,326.0,22.0
4295,UChmb0fgHo1KTkvZfmER4uJw,괴인천국,BumZK3vK4wE,이거 아는 사람 건강검진 받아요,2025-04-13T01:00:13Z,42.0,True,31466,265.0,8.0
4295,UChmb0fgHo1KTkvZfmER4uJw,괴인천국,nFEUg_WAR9o,도깨비는 사실 베이비페이스?,2025-04-14T09:01:06Z,58.0,True,30367,416.0,24.0
4295,UChmb0fgHo1KTkvZfmER4uJw,괴인천국,JnFolzvuYxI,점 보러 가기 전에 꼭 봐야 할 영상,2025-04-15T09:00:23Z,70.0,False,52587,483.0,19.0
4295,UChmb0fgHo1KTkvZfmER4uJw,괴인천국,Ug9Goo2t7ac,※쏠로들 필수시청※ 사연많은 형들이 낋여주는 도파민 폭발 연애 방정식💘,2025-04-17T09:00:43Z,1964.0,False,186786,3671.0,274.0
4295,UChmb0fgHo1KTkvZfmER4uJw,괴인천국,eIJu577yZIM,여러분들은 가능 안 가능?,2025-04-17T10:30:20Z,65.0,False,20803,213.0,22.0
4295,UChmb0fgHo1KTkvZfmER4uJw,괴인천국,ttw_caaSDVQ,오늘같은 불금에 다들 이거 조심,2025-04-18T09:01:23Z,60.0,True,24694,293.0,25.0
4295,UChmb0fgHo1KTkvZfmER4uJw,괴인천국,ihU8H7CXVlI,여자어 테스트,2025-04-19T01:00:51Z,64.0,False,30091,286.0,8.0
4295,UChmb0fgHo1KTkvZfmER4uJw,괴인천국,dyXUrsLnTKE,유부남이 신나서 말해버린 짝사랑 이야기,2025-04-20T01:00:40Z,66.0,False,17466,114.0,8.0
4295,UChmb0fgHo1KTkvZfmER4uJw,괴인천국,GKf3dbOL0AU,강남이 한국에서 버틸 수 있었던 이유,2025-04-21T09:00:19Z,66.0,False,7017,87.0,0.0
4295,UChmb0fgHo1KTkvZfmER4uJw,괴인천국,NGS4mE97DnE,사격 개시 적군이다,2025-04-22T09:00:35Z,74.0,False,17274,182.0,5.0
4295,UChmb0fgHo1KTkvZfmER4uJw,괴인천국,ZUIVewdcaEo,상화 씨가 변해쏘,2025-04-23T09:00:58Z,87.0,False,7196214,91473.0,1529.0
4295,UChmb0fgHo1KTkvZfmER4uJw,괴인천국,EH5eFkIqwOM,AI와 관상가의 숨막히는 얼평쇼...근데 왜 괴인들의 눈가에는 자꾸 눈물이...? 또르르,2025-04-24T09:00:16Z,1283.0,False,41299,1106.0,127.0
4295,UChmb0fgHo1KTkvZfmER4uJw,괴인천국,pn3m8p-eyQA,너의 냉장고가 들려,2025-04-24T10:01:29Z,62.0,False,16644,177.0,7.0
4295,UChmb0fgHo1KTkvZfmER4uJw,괴인천국,0l8xk-bfSxQ,다리 떨지 말고 문지방 밟지 말고 머리 심지 마,2025-04-25T09:00:02Z,53.0,True,26047,215.0,11.0
4295,UChmb0fgHo1KTkvZfmER4uJw,괴인천국,SvH7qS6Zoe4,필러 넣기 전 봐야 할 영상 Top3,2025-04-26T01:00:35Z,52.0,True,24805,192.0,2.0
4295,UChmb0fgHo1KTkvZfmER4uJw,괴인천국,EPin3JOzuKE,김윤성 씨를 간절하게 찾고 있습니다.,2025-04-27T01:00:11Z,66.0,False,18202,186.0,13.0
4295,UChmb0fgHo1KTkvZfmER4uJw,괴인천국,v7ClXUUGits,맵방 원탑 맵하니와 함께하는 괴!인을 위한 괴!기한 괴!식 퍼레이드🤮근데 이런 음식이 진짜로 있다고??,2025-05-01T09:01:15Z,1280.0,False,95135,1382.0,91.0
4295,UChmb0fgHo1KTkvZfmER4uJw,괴인천국,Hy_5Qf2brCc,비소 중독(?)인 욘두 피부 먹방,2025-05-01T10:00:25Z,46.0,True,30568,376.0,27.0
4295,UChmb0fgHo1KTkvZfmER4uJw,괴인천국,zl_LL2Gkik0,이런 핫한 음식 봐썰?,2025-05-02T09:01:33Z,77.0,False,16911,167.0,12.0
4295,UChmb0fgHo1KTkvZfmER4uJw,괴인천국,tZYlHMwro9E,김풍 어깨 : 무거움,2025-05-04T01:01:00Z,71.0,False,18478,153.0,8.0
4295,UChmb0fgHo1KTkvZfmER4uJw,괴인천국,Z6BDxBASog0,이렇게 나오면 100% 헤어진다?? 알아두면 쓸데없는 연애 상담소,2025-05-08T09:00:47Z,2031.0,False,256181,4181.0,273.0
4295,UChmb0fgHo1KTkvZfmER4uJw,괴인천국,ngUz-6EKHzk,강남의 국보 훔치는 방법,2025-05-08T10:01:16Z,82.0,False,19001,172.0,11.0
4295,UChmb0fgHo1KTkvZfmER4uJw,괴인천국,MeOkBHxNLB0,강남은 무음 방귀의 달인이다??,2025-05-09T09:00:30Z,48.0,True,33271,162.0,17.0
4295,UChmb0fgHo1KTkvZfmER4uJw,괴인천국,NlSSamssM_g,이마트에서 아이를 잃어버리지 않는 방법,2025-05-10T01:00:32Z,42.0,True,15613,71.0,11.0
4295,UChmb0fgHo1KTkvZfmER4uJw,괴인천국,_6xHf4vI9LQ,변호사와 탐정이 인증(?)한 바람 피는 사람 특징,2025-05-11T01:00:27Z,75.0,False,37566,341.0,7.0
4296,UCystdrNVOsgcICROHFaipiA,이미숙_숙스러운 미숙씨,_MrYfkeSL8o,밀키트 마숙터 #shorts,2026-02-03T01:00:44Z,170.0,False,55146,506.0,14.0
4296,UCystdrNVOsgcICROHFaipiA,이미숙_숙스러운 미숙씨,iohDHIDLYbQ,개동안 비결 #shorts,2026-02-05T01:01:04Z,159.0,False,69788,1392.0,35.0
4296,UCystdrNVOsgcICROHFaipiA,이미숙_숙스러운 미숙씨,YplxwJhnvN0,"미숙한 자매전쟁🔥 언니 김밥 vs 미숙표 김치찌개, 요리 전쟁 (협박 요리사)",2026-02-06T09:00:52Z,1220.0,False,1003130,12336.0,1202.0
4296,UCystdrNVOsgcICROHFaipiA,이미숙_숙스러운 미숙씨,hqfo3cVaYNk,협박 요리사 #shorts,2026-02-08T01:00:49Z,100.0,False,57600,863.0,21.0
4296,UCystdrNVOsgcICROHFaipiA,이미숙_숙스러운 미숙씨,PH8YFU54L3E,질투의 화숙 #shorts,2026-02-10T13:00:51Z,180.0,False,56579,1068.0,36.0
4296,UCystdrNVOsgcICROHFaipiA,이미숙_숙스러운 미숙씨,cTLdNtDOg5I,미숙씨에게 혼난 사람들의 모임 #shorts,2026-02-11T01:00:56Z,171.0,False,71732,1249.0,25.0
4296,UCystdrNVOsgcICROHFaipiA,이미숙_숙스러운 미숙씨,j-HlqyFEVEg,모태 갸루 미수코상💅 갸루 Queen의 탄생?!,2026-02-13T09:01:10Z,1262.0,False,536413,9105.0,853.0
4296,UCystdrNVOsgcICROHFaipiA,이미숙_숙스러운 미숙씨,wdskLCea918,『💖갸루Queen이미숙🎀』✨👑💅 #shorts,2026-02-14T01:01:15Z,17.0,True,128775,2833.0,137.0
4296,UCystdrNVOsgcICROHFaipiA,이미숙_숙스러운 미숙씨,zeDYi9MftZ4,설 특집 제기림픽 #shorts,2026-02-16T01:01:19Z,101.0,False,49459,531.0,14.0
4296,UCystdrNVOsgcICROHFaipiA,이미숙_숙스러운 미숙씨,8FlwH67SASM,기승전 갸루 #shorts,2026-02-17T01:00:10Z,153.0,False,45906,474.0,15.0
4296,UCystdrNVOsgcICROHFaipiA,이미숙_숙스러운 미숙씨,eqn4880wHZ0,엑소시숙트 #shorts,2026-02-18T01:00:51Z,162.0,False,47028,605.0,16.0
4296,UCystdrNVOsgcICROHFaipiA,이미숙_숙스러운 미숙씨,Q1YVWkobj9o,갸루 찐템 공개 #shorts,2026-02-19T01:00:28Z,92.0,False,55027,628.0,19.0
4296,UCystdrNVOsgcICROHFaipiA,이미숙_숙스러운 미숙씨,5VLpfW0_hbM,미숙한 디저트 혁명🧆 MZ 입맛 저격 '쑥쫀쿠' 탄생기 (w. 룰 파괴 윷놀이),2026-02-20T09:00:16Z,1259.0,False,314862,2514.0,167.0
4296,UCystdrNVOsgcICROHFaipiA,이미숙_숙스러운 미숙씨,ojFjJd3SHKs,두쫀퀵 #shorts,2026-02-22T01:00:56Z,98.0,False,79742,836.0,20.0
4296,UCystdrNVOsgcICROHFaipiA,이미숙_숙스러운 미숙씨,-xbQZCb6WbE,영등포 아낙들 #shorts,2026-02-24T01:00:00Z,177.0,False,54303,606.0,12.0
4296,UCystdrNVOsgcICROHFaipiA,이미숙_숙스러운 미숙씨,j16dVZU9_cw,윷놀이 무법지대 #shorts,2026-02-25T01:00:56Z,160.0,False,62689,581.0,11.0
4296,UCystdrNVOsgcICROHFaipiA,이미숙_숙스러운 미숙씨,CyI5MPZI4uA,쑥쫀쿠 레시피 #shorts,2026-02-26T01:00:24Z,60.0,True,62868,622.0,7.0
4296,UCystdrNVOsgcICROHFaipiA,이미숙_숙스러운 미숙씨,uMnXUd9tyCE,나나's 식구들 출격😎 강석우·이성경·한지현·오예주 [찬란한 너의 계절에] 촬영장 방문👀,2026-02-27T09:01:22Z,1542.0,False,324990,3912.0,237.0
4296,UCystdrNVOsgcICROHFaipiA,이미숙_숙스러운 미숙씨,K1icsYUSnHI,대배우 포스 #shorts,2026-03-01T01:00:32Z,127.0,False,252741,3240.0,39.0
4296,UCystdrNVOsgcICROHFaipiA,이미숙_숙스러운 미숙씨,e7dMiWohwBs,찬란한 너의 입담에 #shorts,2026-03-04T01:00:46Z,81.0,False,68921,685.0,12.0
4296,UCystdrNVOsgcICROHFaipiA,이미숙_숙스러운 미숙씨,IaD5dWImZAs,미숙씨가 추천하는 🌸올봄 코디 모음 (ft. 웃음치트키 김성일),2026-03-06T09:00:27Z,1406.0,False,381475,5871.0,471.0
4296,UCystdrNVOsgcICROHFaipiA,이미숙_숙스러운 미숙씨,IKAZkqUzdk8,봄 코디 종결 #shorts,2026-03-08T01:00:31Z,129.0,False,71135,748.0,23.0
4296,UCystdrNVOsgcICROHFaipiA,이미숙_숙스러운 미숙씨,Qjin7xFdBwk,네돈내산 #shorts,2026-03-11T01:00:33Z,81.0,False,616096,5984.0,73.0
4296,UCystdrNVOsgcICROHFaipiA,이미숙_숙스러운 미숙씨,En1660jYLQg,오늘도 바쁘다 바빠🌀 조립→요리→회식… 쉴 틈 없이 돌아가는 숙레바퀴🏃‍💨,2026-03-13T09:00:23Z,1454.0,False,355227,6482.0,686.0
4296,UCystdrNVOsgcICROHFaipiA,이미숙_숙스러운 미숙씨,J3-PgOfFkG8,선조후뿅 #shorts,2026-03-15T01:00:21Z,180.0,False,774360,8123.0,122.0
4296,UCystdrNVOsgcICROHFaipiA,이미숙_숙스러운 미숙씨,QRkKpgqsIbQ,봄동 겉쩌리 #shorts,2026-03-17T01:00:35Z,180.0,False,327068,4017.0,55.0
4296,UCystdrNVOsgcICROHFaipiA,이미숙_숙스러운 미숙씨,tsHlw6lbKYw,리마인드 #shorts,2026-03-18T01:00:56Z,169.0,False,238583,4731.0,120.0
4296,UCystdrNVOsgcICROHFaipiA,이미숙_숙스러운 미숙씨,0Gkfe9glpSM,이케아 처음 간 미숙 씨… 결국 다 샀습니다💸 (광고❌ 100% 내돈내산),2026-03-20T09:00:01Z,1048.0,False,478389,7540.0,459.0
4296,UCystdrNVOsgcICROHFaipiA,이미숙_숙스러운 미숙씨,aYlYaL-QsgE,배우가 체질 #shorts,2026-03-22T01:00:01Z,164.0,False,362377,4274.0,64.0
4296,UCystdrNVOsgcICROHFaipiA,이미숙_숙스러운 미숙씨,fcpPuQE6-HE,독기 쫙 빼고 왔습니다💦 100% 내돈내산 몸 정화 도전 (구독자 댓글 이벤트💌),2026-03-27T09:00:45Z,1197.0,False,222585,4806.0,1379.0
4296,UCystdrNVOsgcICROHFaipiA,이미숙_숙스러운 미숙씨,NNelMkduDPE,기습 공경 #shorts,2026-03-29T01:00:15Z,179.0,False,94399,1766.0,43.0
4296,UCystdrNVOsgcICROHFaipiA,이미숙_숙스러운 미숙씨,rQU97FP9EmQ,재충전 #shorts,2026-04-01T01:00:39Z,112.0,False,361278,3685.0,40.0
4296,UCystdrNVOsgcICROHFaipiA,이미숙_숙스러운 미숙씨,AAbcf9jE_nA,미숙한 첫사랑(?) 재회😂 ‘엘레지’ 그 남자와 다시 만났습니다… (눈물vs철벽),2026-04-03T09:00:19Z,1508.0,False,252061,4891.0,396.0
4296,UCystdrNVOsgcICROHFaipiA,이미숙_숙스러운 미숙씨,be12SUN0r_E,헐리우프닝 #shorts,2026-04-05T01:00:29Z,177.0,False,144778,2377.0,73.0
4296,UCystdrNVOsgcICROHFaipiA,이미숙_숙스러운 미숙씨,iXDJxLISYDg,대충 문화 #shorts,2026-04-08T01:00:29Z,139.0,False,78327,970.0,13.0
4296,UCystdrNVOsgcICROHFaipiA,이미숙_숙스러운 미숙씨,lV7Unssn1kc,아이라인 하나에 성격 바뀜(?) 이미숙 뷰티 살롱 오픈💄 (w. 쑥버무리 떡),2026-04-10T09:01:14Z,1477.0,False,365095,7796.0,962.0
4296,UCystdrNVOsgcICROHFaipiA,이미숙_숙스러운 미숙씨,fIrceyQRXvA,이미숙 메이크업 #shorts,2026-04-12T01:00:45Z,168.0,False,658733,7192.0,142.0
4296,UCystdrNVOsgcICROHFaipiA,이미숙_숙스러운 미숙씨,pn4jRau6gDA,쑥 떡 무리 #shorts,2026-04-15T01:00:50Z,180.0,False,348333,4225.0,77.0
4296,UCystdrNVOsgcICROHFaipiA,이미숙_숙스러운 미숙씨,CH14enXK2GQ,1년 만에 농부 복귀했습니다… 근데 시작부터 파란만장💥 (구독자 댓글 이벤트💌),2026-04-17T09:00:17Z,1216.0,False,409345,8365.0,1034.0
4296,UCystdrNVOsgcICROHFaipiA,이미숙_숙스러운 미숙씨,7XqBAkYYz0U,피디숙 견제전 #shorts,2026-04-19T01:00:12Z,164.0,False,115818,2459.0,74.0
4296,UCystdrNVOsgcICROHFaipiA,이미숙_숙스러운 미숙씨,NsNTWH1BEps,입미숙 #shorts,2026-04-22T01:00:32Z,160.0,False,144323,2382.0,44.0
4296,UCystdrNVOsgcICROHFaipiA,이미숙_숙스러운 미숙씨,HqcjK0K761U,먹고 웃고 싸우고(?) 드디어 양양에서 한 판 뜨고 왔습니다🤣,2026-04-24T09:00:25Z,1647.0,False,446014,8502.0,867.0
4296,UCystdrNVOsgcICROHFaipiA,이미숙_숙스러운 미숙씨,ej-VG4ljEg8,뭐래놀이 #shorts,2026-04-26T01:00:29Z,157.0,False,65188,1248.0,58.0
4296,UCystdrNVOsgcICROHFaipiA,이미숙_숙스러운 미숙씨,vdrUnnLl4TA,쉿구금 #shorts,2026-04-29T01:00:55Z,173.0,False,103803,1822.0,33.0
4296,UCystdrNVOsgcICROHFaipiA,이미숙_숙스러운 미숙씨,sjgPg5M_xlA,고급배우인 줄 알았죠… 고굽배우였습니다🐷🔥 (요리연구가(?) 실력 증명?!),2026-05-01T09:01:18Z,1241.0,False,288122,6241.0,603.0
4296,UCystdrNVOsgcICROHFaipiA,이미숙_숙스러운 미숙씨,8WQ_X4riqMo,글램핑퐁 #shorts,2026-05-05T01:00:06Z,158.0,False,40171,923.0,31.0
4296,UCystdrNVOsgcICROHFaipiA,이미숙_숙스러운 미숙씨,5tL_WmehGfY,미숙한 백돌이 대결2⛳ 작년 그 백돌이들 앙코르전ㅋㅋ,2026-05-08T09:00:13Z,1536.0,False,486184,4223.0,510.0
4296,UCystdrNVOsgcICROHFaipiA,이미숙_숙스러운 미숙씨,eHHpeD9JVXo,저숙사자 #shorts,2026-05-12T01:00:36Z,144.0,False,77001,1133.0,30.0
4296,UCystdrNVOsgcICROHFaipiA,이미숙_숙스러운 미숙씨,IVpUDYnJURc,언니는 거들 뿐.. 미숙한 백반집 OPEN🍚 배도 웃음도 터진 하루😂,2026-05-15T09:00:32Z,1350.0,False,318752,6158.0,511.0
4296,UCystdrNVOsgcICROHFaipiA,이미숙_숙스러운 미숙씨,NaZQz_Pvh3E,방심은 금물 #shorts,2026-05-17T01:00:30Z,180.0,False,11618,420.0,11.0
4297,UCJmsB6NAU0sp2htDL4KmX0A,전략적죽음,a3Ois43PLk4,"바이는 이제부터 탑챔프입니다. 버프로 떡상해버린 미친 딜뽕 ""탑 극딜 바이 전략"" 🥊💥",2026-02-17T09:45:00Z,1357.0,False,222348,1409.0,159.0
4297,UCJmsB6NAU0sp2htDL4KmX0A,전략적죽음,rBkXYSg-tCY,"""공격력 900, 20레벨 문도 발생💀"" 새시즌 탑 퀘스트로 신이 되어버린 ""탑 거드라 극딜 문도"" 😎💼",2026-02-19T11:14:10Z,1972.0,False,280919,1736.0,265.0
4297,UCJmsB6NAU0sp2htDL4KmX0A,전략적죽음,bqcdnpW1nzY,극딜 사이온이 26분에 풀템을 띄우면 생기는 일! 🤡,2026-02-21T11:21:26Z,1514.0,False,193540,1327.0,166.0
4297,UCJmsB6NAU0sp2htDL4KmX0A,전략적죽음,Yl88itC-xCc,"""R딸깍=원콤💀"" 돌아온 뚜벅이들의 재앙 '탑 극딜 자르반 전략' 🔱",2026-02-22T12:52:24Z,1519.0,False,189276,1262.0,146.0
4297,UCJmsB6NAU0sp2htDL4KmX0A,전략적죽음,AAnbYzp7Foc,탑 람머스 앞에서 4AD를 해? 잘먹겠습니다 😋🍴,2026-02-24T10:08:09Z,1927.0,False,265888,1724.0,253.0
4297,UCJmsB6NAU0sp2htDL4KmX0A,전략적죽음,xlLpgfr0zdQ,"신템으로 E패시브 2스택씩 쌓아서 초패스트 기절 넣는 ""탑 황혼과 새벽 AP 세주아니 전략"" 🐷",2026-02-26T10:59:50Z,1840.0,False,178067,1162.0,216.0
4297,UCJmsB6NAU0sp2htDL4KmX0A,전략적죽음,2kdwesE_xXM,"그라가스가 돌아왔습니다!🤩 새 룬트리로 부활한 미친 딜뽕 ""탑 양피지 극딜 그라가스 전략"" 🍺",2026-02-28T10:46:02Z,1744.0,False,182327,1187.0,146.0
4297,UCJmsB6NAU0sp2htDL4KmX0A,전략적죽음,O9BCAVP6k8w,"""1데스=1킬💀"" 패시브로 무한 러브샷해서 캐리하는 ""서폿 극딜 사이온 전략""😋",2026-03-01T10:42:54Z,1480.0,False,139625,1082.0,430.0
4297,UCJmsB6NAU0sp2htDL4KmX0A,전략적죽음,r_jpxm_yr-0,"""방어력 1000"" 오직 람머스만 가능한 레전드 역전극 발생🤯🤯",2026-03-03T09:45:06Z,1437.0,False,211824,1541.0,384.0
4297,UCJmsB6NAU0sp2htDL4KmX0A,전략적죽음,kr-9-kQBADc,"""25분 체력 7600, 4코어 사이온 발생💀"" 돌아온 클래식 강심 살자 사이온 전략 😱",2026-03-05T09:45:04Z,1555.0,False,179508,1242.0,144.0
4297,UCJmsB6NAU0sp2htDL4KmX0A,전략적죽음,l4qsqPrgyjk,"""E 딸깍=삭제😱"" 모든 걸 갈아버리는 미친 딜뽕 ""탑 극딜 오버파밍 가렌 전략"" ⚔️",2026-03-07T09:30:19Z,1428.0,False,214076,1613.0,244.0
4297,UCJmsB6NAU0sp2htDL4KmX0A,전략적죽음,wWYLuDaxDRk,"역대급 버프로 신이 되어버린 ""탑 하이브리드 볼리베어 전략"" 🐻‍❄️⚡이거 지금 못막습니다",2026-03-08T09:30:36Z,1200.0,False,171907,1324.0,158.0
4297,UCJmsB6NAU0sp2htDL4KmX0A,전략적죽음,A4Kl9foniLM,"""공격력 700"" 극딜 사이온이 불용 4개를 먹으면 생기는 일 💀🔥",2026-03-10T09:30:11Z,1539.0,False,187357,1422.0,187.0
4297,UCJmsB6NAU0sp2htDL4KmX0A,전략적죽음,jY2RaI8_8W0,"""포탑 피해량 25000"" 여자 트런들로 다시 태어난 ""탑 황새 다이애나 전략"" 🌜🌚",2026-03-11T09:30:22Z,1539.0,False,177842,1444.0,163.0
4297,UCJmsB6NAU0sp2htDL4KmX0A,전략적죽음,4r77SbYvU74,"녹턴은 더이상 정글챔이 아닙니다. 역대급 버프로 돌아온 ""탑 다재다능 녹턴 전략"" 👻🌌",2026-03-12T11:51:09Z,1545.0,False,191224,1639.0,262.0
4297,UCJmsB6NAU0sp2htDL4KmX0A,전략적죽음,C36kflHNx44,"""주문력 850"" 새로운 템트리로 버그급 데미지가 나오는 ""탑 황새 코그모 전략"" 🐶💦",2026-03-14T09:30:07Z,1269.0,False,206341,1443.0,155.0
4297,UCJmsB6NAU0sp2htDL4KmX0A,전략적죽음,zlzQT6xwnLU,"""강심 1000스택"" 직장 동료에게 초대형 사이온을 보여드렸습니다 💀",2026-03-15T11:54:20Z,1221.0,False,202849,1589.0,217.0
4297,UCJmsB6NAU0sp2htDL4KmX0A,전략적죽음,dhhtFRV_m98,"""궁 19스택"" 이렇게 큰 초가스는 인생에서 처음 봅니다! 😱😱😱",2026-03-17T09:30:33Z,1647.0,False,229964,1685.0,236.0
4297,UCJmsB6NAU0sp2htDL4KmX0A,전략적죽음,BBHa2NhrmGg,저 결국 타락했습니다 😈😈😈😈,2026-03-18T09:30:12Z,1284.0,False,183949,1514.0,337.0
4297,UCJmsB6NAU0sp2htDL4KmX0A,전략적죽음,lEOblvHOCRM,"""체력 11000, 강심 1300스택"" 레전드 사이온 발생!! 😱 😱",2026-03-19T09:29:49Z,1388.0,False,205337,1655.0,358.0
4297,UCJmsB6NAU0sp2htDL4KmX0A,전략적죽음,vh52UFWgdQ0,"""역대급 리메이크 발생🚨"" 장로 드래곤으로 다시 태어난 ""탑 쉬바나"" 🐲🔥",2026-03-22T09:30:27Z,1971.0,False,213910,1493.0,326.0
4297,UCJmsB6NAU0sp2htDL4KmX0A,전략적죽음,OHhhNTosGPQ,"네, 저 티모 했습니다 🍄🍄",2026-03-25T09:30:12Z,1610.0,False,192650,1642.0,399.0
4297,UCJmsB6NAU0sp2htDL4KmX0A,전략적죽음,wlvlyx9KnrY,말파이트 앞에서 올AD를 하면 생기는 일 🗿🚨,2026-03-28T09:30:32Z,1613.0,False,339427,2290.0,198.0
4297,UCJmsB6NAU0sp2htDL4KmX0A,전략적죽음,SwtqzjElh_s,"""22분 4코어, 체력 9700"" 이렇게 큰 사이온은 처음봅니다! 💀💀💀",2026-03-29T09:37:48Z,1873.0,False,220306,1456.0,227.0
4297,UCJmsB6NAU0sp2htDL4KmX0A,전략적죽음,H8yHonU3bQI,"""1펀치👊=원콤💀"" 오만 버프로 떡상한 ""탑 극딜 바이 전략"" 이거 지금 못 막습니다🥊",2026-03-31T09:30:10Z,1806.0,False,181594,1214.0,291.0
4297,UCJmsB6NAU0sp2htDL4KmX0A,전략적죽음,_-4pCfVh65Q,"""평×3 = 삭제😱” 칼날비+극딜 트리로 터트리는 미친 딜뽕! “탑 칼날비 트린다미어 전략”🗡️",2026-04-02T09:47:11Z,1156.0,False,174418,1295.0,206.0
4297,UCJmsB6NAU0sp2htDL4KmX0A,전략적죽음,876T7ScWQv4,"""회복량 31000"" 끝절+갈하 무한피흡으로 좀비가 되어버린 ""탑 힐링 사이온 빌드"" 😋❤️‍🩹",2026-04-04T09:45:49Z,2017.0,False,180503,1291.0,340.0
4297,UCJmsB6NAU0sp2htDL4KmX0A,전략적죽음,vTk1VdxMPu0,당신은 펭구 가렌을 아시나요?🐧🐧,2026-04-05T12:49:19Z,1496.0,False,157742,1228.0,162.0
4297,UCJmsB6NAU0sp2htDL4KmX0A,전략적죽음,48MVj-uItJ8,"탱커 분쇄기가 돌아왔습니다!😈 미친 밸류 ""탑 오버파밍 케인 전략"" 😎",2026-04-07T09:30:01Z,1558.0,False,181391,1231.0,142.0
4297,UCJmsB6NAU0sp2htDL4KmX0A,전략적죽음,tn2XYqZQMX4,"애니비아는 더이상 미드챔이 아닙니다. 뚜벅이들의 재앙 ""탑 착취 애니비아 전략"" 🧊🪽",2026-04-09T10:38:24Z,1724.0,False,198327,1366.0,182.0
4297,UCJmsB6NAU0sp2htDL4KmX0A,전략적죽음,GjdNeglLeHw,"""21킬?!😱"" 극딜 사이온의 최고점을 보여드리겠습니다 😎",2026-04-11T09:30:58Z,1743.0,False,178581,1255.0,191.0
4297,UCJmsB6NAU0sp2htDL4KmX0A,전략적죽음,II8u1PzYVvY,믿고보세요. 이번 시즌 최고의 롤 한판! 🫡💯,2026-04-12T09:23:44Z,1578.0,False,189244,1536.0,230.0
4297,UCJmsB6NAU0sp2htDL4KmX0A,전략적죽음,oTh5dih6dzA,"이렇게 재밌는 조합은 처음입니다😹 미친 이속 ""질머스 조합"" ⚽️💨",2026-04-14T09:30:33Z,1816.0,False,169680,1245.0,261.0
4297,UCJmsB6NAU0sp2htDL4KmX0A,전략적죽음,UW-viYgfpKA,"""사이온의 새로운 패러다임"" 피흡 사이온 빌드 이거 지금 못막습니다! 🤓👆",2026-04-16T09:36:57Z,1834.0,False,171838,1205.0,125.0
4297,UCJmsB6NAU0sp2htDL4KmX0A,전략적죽음,JLBiwjHKHlE,그라가스 상대로 뚜벅이를 해? 넌 손해좀 보자 ☺️,2026-04-18T09:34:09Z,905.0,False,129173,1013.0,165.0
4297,UCJmsB6NAU0sp2htDL4KmX0A,전략적죽음,4TfZVAFBrXI,"""무한 러브샷💀"" 분당 1데스로 바텀 터트리는 ""서폿 살자 사이온 전략""",2026-04-19T12:54:44Z,1557.0,False,144558,1150.0,204.0
4297,UCJmsB6NAU0sp2htDL4KmX0A,전략적죽음,7YSgg-xeWf0,탑 베인을 변기에 넣고서 내려💩,2026-04-21T09:38:55Z,1687.0,False,197014,1469.0,314.0
4297,UCJmsB6NAU0sp2htDL4KmX0A,전략적죽음,JOVCxS2FBmw,메순간 오만사고 티내시오😏,2026-04-23T10:53:47Z,1663.0,False,148780,1061.0,227.0
4297,UCJmsB6NAU0sp2htDL4KmX0A,전략적죽음,WgnwSBOW3eY,저 극딜 트린에 중독됐습니다!💥💥,2026-04-25T10:04:42Z,1104.0,False,162332,1135.0,156.0
4297,UCJmsB6NAU0sp2htDL4KmX0A,전략적죽음,OYAvKbwdFt8,뉴빌드로 1000번 때려도 안죽는 레전드 좀비 사이온 발생 🗿,2026-04-26T09:29:29Z,1497.0,False,177097,1325.0,242.0
4297,UCJmsB6NAU0sp2htDL4KmX0A,전략적죽음,_5bDtdgndGU,방어력 1000 람머스를 깨물면 생기는 일 🦷😱,2026-04-28T11:52:07Z,1891.0,False,194700,1289.0,203.0
4297,UCJmsB6NAU0sp2htDL4KmX0A,전략적죽음,vGmmhuVGxRs,"""공격력 470"" 가렌은 이제부터 암살자입니다. 미친 데미지로 전부 갈아버리는 ""극딜 가렌 전략"" 🔪",2026-04-30T10:26:08Z,1584.0,False,164723,1138.0,138.0
4297,UCJmsB6NAU0sp2htDL4KmX0A,전략적죽음,RtGgtO-PGTI,"신짜오는 더이상 AD브루저가 아닙니다. 역대급 버프로 불사신이 돼 버린 ""탑 AP 신짜오 전략"" 💀",2026-05-02T10:19:39Z,966.0,False,157988,1559.0,269.0
4297,UCJmsB6NAU0sp2htDL4KmX0A,전략적죽음,jO2V60M61dI,"포탑 맞으면서 밀어버리는 ""탑 AP 신짜오 전략"" 이거 지금 못막습니다 😱",2026-05-03T12:50:44Z,812.0,False,135852,1201.0,161.0
4297,UCJmsB6NAU0sp2htDL4KmX0A,전략적죽음,QL70t8eiXAo,"리워크로 풀차징 Q에 벼폭검이 터지는 ""벼락폭풍검 극딜 사이온 전략"" 이거 지금 이상합니다 😱",2026-05-05T09:30:25Z,1895.0,False,185543,1286.0,214.0
4297,UCJmsB6NAU0sp2htDL4KmX0A,전략적죽음,oT-wefyIuw0,"""공격력 600"" 리워크된 벼락폭풍검으로 고점 갱신해버린 ""탑 극딜 사이온 전략"" 🗿🪓",2026-05-07T11:13:46Z,1827.0,False,146548,1004.0,128.0
4297,UCJmsB6NAU0sp2htDL4KmX0A,전략적죽음,BrIyrh9bu24,"역대급 버프된 칼날비 + 벼폭으로 떡상한 ""탑 극딜 바이 전략"" 이거 지금 못막습니다 👊",2026-05-09T10:07:22Z,1418.0,False,160087,1162.0,136.0
4297,UCJmsB6NAU0sp2htDL4KmX0A,전략적죽음,LUgf18_ANlY,"""독뎀이 2배"" 신규 룬 죽음불꽃 손길로 떡상한 ""탑 오버파밍 신지드 전략"" 🧪🔥",2026-05-11T09:30:10Z,1800.0,False,184397,1211.0,158.0
4297,UCJmsB6NAU0sp2htDL4KmX0A,전략적죽음,wus189wa4HE,리워크 벼폭검 사이온 상대로 티모를 하면 생기는 일 😇,2026-05-12T09:29:39Z,1495.0,False,138609,953.0,123.0
4297,UCJmsB6NAU0sp2htDL4KmX0A,전략적죽음,QcTK_Ct7nUc,"""6단 피흡🩸"" 흡혈 신발로 결국 좀비가 되어버린 ""탑 오버파밍 케인 전략""",2026-05-15T11:21:10Z,1819.0,False,145404,1101.0,106.0
4298,UCZx4PZGDS5IHHoxrFTOCQYQ,샘웨,tCLpmNtajQM,주식 망하고 애쉬베일 풀매수한 사람,2026-04-12T12:57:50Z,619.0,False,118055,2131.0,174.0
4298,UCZx4PZGDS5IHHoxrFTOCQYQ,샘웨,TyJQ5LMEziQ,신창섭 (한숨),2026-04-12T22:45:01Z,17.0,True,607331,6666.0,129.0
4298,UCZx4PZGDS5IHHoxrFTOCQYQ,샘웨,_DqYVFIoWJ0,미친 게임 미친 개발자 미친 퍼블리셔,2026-04-13T10:00:31Z,1116.0,False,61377,1225.0,169.0
4298,UCZx4PZGDS5IHHoxrFTOCQYQ,샘웨,K1qAk8FdZbQ,스타레일 X MAPPA,2026-04-13T22:45:01Z,22.0,True,264680,5184.0,112.0
4298,UCZx4PZGDS5IHHoxrFTOCQYQ,샘웨,eyBP_IgPpmY,출시 직전 나락 갈뻔했다 하루만에 극락 간 몬길 프리뷰,2026-04-14T10:00:59Z,891.0,False,206228,3032.0,683.0
4298,UCZx4PZGDS5IHHoxrFTOCQYQ,샘웨,JbVDowIB-kI,엔드필드 3달 하고 느낀 점과 1.2 공식방송 리뷰,2026-04-15T10:00:25Z,662.0,False,135570,1908.0,436.0
4298,UCZx4PZGDS5IHHoxrFTOCQYQ,샘웨,LJ5rlppB-Hs,이달의 우수사원,2026-04-16T02:48:23Z,15.0,True,76971,714.0,73.0
4298,UCZx4PZGDS5IHHoxrFTOCQYQ,샘웨,nC7MR4Q1Ay4,스타레일 애쉬베일 성능 평가 및 리뷰,2026-04-16T09:00:59Z,427.0,False,89997,1708.0,187.0
4298,UCZx4PZGDS5IHHoxrFTOCQYQ,샘웨,eZHOKrSFO_4,뭐가 남나요,2026-04-17T22:45:01Z,19.0,True,302967,2775.0,129.0
4298,UCZx4PZGDS5IHHoxrFTOCQYQ,샘웨,QPys7rimjcg,사실 다 알려줬던 이상낙원과 환월의 정체,2026-04-19T10:20:05Z,788.0,False,89773,1580.0,155.0
4298,UCZx4PZGDS5IHHoxrFTOCQYQ,샘웨,N2qd0XorpJ0,스카프 타조,2026-04-19T22:45:03Z,54.0,True,148504,1256.0,32.0
4298,UCZx4PZGDS5IHHoxrFTOCQYQ,샘웨,Wmfp_-9s_MY,몬길 700뽑 달렸..,2026-04-20T08:19:26Z,1007.0,False,111703,1629.0,287.0
4298,UCZx4PZGDS5IHHoxrFTOCQYQ,샘웨,h4_1uXHMZ5A,간지 폭발 캐릭터,2026-04-20T22:45:06Z,28.0,True,280298,3680.0,117.0
4298,UCZx4PZGDS5IHHoxrFTOCQYQ,샘웨,e5bzL-n1vbk,이번에는 진짜 깨지 말라고 억지 부리는 스타레일 이상중재 절망 0라클 도전기,2026-04-21T11:38:54Z,761.0,False,100678,1641.0,185.0
4298,UCZx4PZGDS5IHHoxrFTOCQYQ,샘웨,gqWRLRrcpC0,공업용 응원,2026-04-21T22:45:02Z,21.0,True,85831,821.0,37.0
4298,UCZx4PZGDS5IHHoxrFTOCQYQ,샘웨,jA22gh2oQO8,"올해 최대 기대작 이환의 뚜렷한 장점과 단점, 프리뷰",2026-04-22T13:06:24Z,673.0,False,209163,2619.0,669.0
4298,UCZx4PZGDS5IHHoxrFTOCQYQ,샘웨,yXFBV0JjS2U,멍하니 있지 말고,2026-04-23T22:45:07Z,35.0,True,218698,2652.0,172.0
4298,UCZx4PZGDS5IHHoxrFTOCQYQ,샘웨,I29M9hTlCD8,아직 아무도 모르는 서브컬쳐 기대작 TOP5,2026-04-24T06:16:48Z,696.0,False,99726,1597.0,238.0
4298,UCZx4PZGDS5IHHoxrFTOCQYQ,샘웨,7sqAwGQMCFQ,과로사님 등장 ㅋㅋ,2026-04-24T22:45:00Z,16.0,True,626901,8156.0,105.0
4298,UCZx4PZGDS5IHHoxrFTOCQYQ,샘웨,yjl6xCCh-QY,온갖 미친 짓 가능한 스타레일 4.2 업데이트,2026-04-25T03:57:39Z,966.0,False,155687,2078.0,177.0
4298,UCZx4PZGDS5IHHoxrFTOCQYQ,샘웨,2Hc9pPFvuQk,노랑이 대장,2026-04-26T03:36:57Z,46.0,True,251026,4727.0,124.0
4298,UCZx4PZGDS5IHHoxrFTOCQYQ,샘웨,CCuggGjMi2s,메이크 제레 그레이트 어게인,2026-04-26T04:36:22Z,914.0,False,165606,2382.0,261.0
4298,UCZx4PZGDS5IHHoxrFTOCQYQ,샘웨,gG7sladjn-Q,둥둥타,2026-04-27T13:53:43Z,22.0,True,445754,5744.0,88.0
4298,UCZx4PZGDS5IHHoxrFTOCQYQ,샘웨,MOtlltkg7kc,호랑이의 가호를 받는 남자,2026-04-28T09:01:58Z,662.0,False,125468,2039.0,404.0
4298,UCZx4PZGDS5IHHoxrFTOCQYQ,샘웨,S117fUgWupY,탈옥,2026-04-28T09:38:23Z,49.0,True,462325,6431.0,118.0
4298,UCZx4PZGDS5IHHoxrFTOCQYQ,샘웨,XVhkNbmXPXw,산군 풀돌,2026-04-30T02:24:18Z,54.0,True,226832,3399.0,228.0
4298,UCZx4PZGDS5IHHoxrFTOCQYQ,샘웨,R8X1rltcoJM,이것도 너프해 보시지,2026-04-30T22:45:01Z,13.0,True,523739,4479.0,289.0
4298,UCZx4PZGDS5IHHoxrFTOCQYQ,샘웨,NqLRMcWpb6Q,인상적인 디렉터 월드컵 (우승자 예측 쉽지 않음),2026-05-01T10:29:42Z,3025.0,False,163335,2627.0,584.0
4298,UCZx4PZGDS5IHHoxrFTOCQYQ,샘웨,vkOgCOiykf8,샘웨 샤라웃 ㅋㅋㅋ,2026-05-01T22:45:03Z,17.0,True,190740,2342.0,107.0
4298,UCZx4PZGDS5IHHoxrFTOCQYQ,샘웨,-RGirxVQSlM,몬길 스타다이브 전부 뜯어먹어보고 쓰는 리뷰,2026-05-02T08:30:40Z,1372.0,False,171906,3264.0,824.0
4298,UCZx4PZGDS5IHHoxrFTOCQYQ,샘웨,2LpLA-TEFJU,타기도 정신 #오버워치,2026-05-02T16:11:20Z,12.0,True,410242,2757.0,553.0
4298,UCZx4PZGDS5IHHoxrFTOCQYQ,샘웨,F4jX0zXkf84,10억년만의 샘굿즈,2026-05-03T07:50:42Z,689.0,False,57706,1371.0,161.0
4298,UCZx4PZGDS5IHHoxrFTOCQYQ,샘웨,lTcXTGIHIAE,랜선 감염,2026-05-03T22:45:01Z,18.0,True,220352,3678.0,146.0
4298,UCZx4PZGDS5IHHoxrFTOCQYQ,샘웨,Gt27Dnivxx8,불법 자료 사이트 공유합니다,2026-05-04T22:45:00Z,8.0,True,664291,6229.0,80.0
4298,UCZx4PZGDS5IHHoxrFTOCQYQ,샘웨,4Ei8Vgy00nw,으악 치녀다,2026-05-05T22:45:00Z,16.0,True,234093,2820.0,42.0
4298,UCZx4PZGDS5IHHoxrFTOCQYQ,샘웨,N_TOKfqSw-0,이환 뜯어먹어보고 쓰는 리뷰,2026-05-06T06:31:15Z,908.0,False,247983,4609.0,1277.0
4298,UCZx4PZGDS5IHHoxrFTOCQYQ,샘웨,VyZUZNqZW3w,이환은 샤브샤브다,2026-05-06T22:45:06Z,21.0,True,110015,1237.0,117.0
4298,UCZx4PZGDS5IHHoxrFTOCQYQ,샘웨,-dx11lL2UIo,드디어 A/S 받은 캐릭터,2026-05-07T03:15:00Z,20.0,True,178153,1781.0,63.0
4298,UCZx4PZGDS5IHHoxrFTOCQYQ,샘웨,nwq-4P3XIDE,림버스 컴퍼니 AI 그림 참사,2026-05-07T22:45:01Z,17.0,True,724812,13537.0,125.0
4298,UCZx4PZGDS5IHHoxrFTOCQYQ,샘웨,WUwi2rzAN0s,괜찮거든 이거 지금?,2026-05-08T22:45:05Z,25.0,True,203770,1974.0,107.0
4298,UCZx4PZGDS5IHHoxrFTOCQYQ,샘웨,PAPUo0b2_OU,풀돌하는 법,2026-05-09T08:45:02Z,22.0,True,166348,2491.0,62.0
4298,UCZx4PZGDS5IHHoxrFTOCQYQ,샘웨,36igG-hOot0,게임 시스템 부숴버리는 3성 은랑,2026-05-09T11:56:20Z,1113.0,False,92119,1582.0,123.0
4298,UCZx4PZGDS5IHHoxrFTOCQYQ,샘웨,ezsvqyZEH10,간지 그 자체 프로미아 #젠레스존제로,2026-05-09T22:15:13Z,17.0,True,177315,2083.0,118.0
4298,UCZx4PZGDS5IHHoxrFTOCQYQ,샘웨,t9LqKJYlKSY,부여목,2026-05-10T22:45:05Z,26.0,True,177722,2997.0,79.0
4298,UCZx4PZGDS5IHHoxrFTOCQYQ,샘웨,EvS2_LJ-tCw,총행자 등장 #원신,2026-05-11T22:45:01Z,15.0,True,374073,4108.0,115.0
4298,UCZx4PZGDS5IHHoxrFTOCQYQ,샘웨,bhM4n1ZM10Y,홍대에 타기도 잡으러가기,2026-05-12T07:58:25Z,589.0,False,58296,1027.0,138.0
4298,UCZx4PZGDS5IHHoxrFTOCQYQ,샘웨,GwsJRdW9MRA,그로기,2026-05-13T06:15:00Z,18.0,True,110475,1370.0,56.0
4298,UCZx4PZGDS5IHHoxrFTOCQYQ,샘웨,pMNAY-bcmgI,"몬길 ""안넷마블""스러운 BM 맞는지 팩트체크",2026-05-13T08:41:57Z,823.0,False,85827,1421.0,420.0
4298,UCZx4PZGDS5IHHoxrFTOCQYQ,샘웨,ZXJ0lkig31o,공룡이 멸종한 이유,2026-05-13T22:45:01Z,10.0,True,702106,7293.0,152.0
4298,UCZx4PZGDS5IHHoxrFTOCQYQ,샘웨,zRI9GAEKCCY,마우가 정신 원조 #오버워치,2026-05-14T22:45:05Z,10.0,True,784532,9414.0,76.0
4299,UC9DfBFj076LQWieB2PrB9OA,Davit Barqaia,FaAJtEJbmp0,Davit Barqaia - Never Stay Behind | Official Music |,2025-12-02T10:00:06Z,193.0,False,6715,146.0,9.0
4299,UC9DfBFj076LQWieB2PrB9OA,Davit Barqaia,b-vc2gxbw6s,Davit Barqaia - Never Stay Behind #music #newsong #deephouse,2025-12-02T16:30:03Z,19.0,True,2866,62.0,4.0
4299,UC9DfBFj076LQWieB2PrB9OA,Davit Barqaia,Sb3pu2fDLfE,Davit Barqaia - Divine | Official Music |,2025-12-07T13:00:06Z,190.0,False,12243,269.0,14.0
4299,UC9DfBFj076LQWieB2PrB9OA,Davit Barqaia,3Upxq1eZ-7I,Davit Barqaia - Divine #music #newsong #2025,2025-12-08T16:45:52Z,19.0,True,3359,99.0,1.0
4299,UC9DfBFj076LQWieB2PrB9OA,Davit Barqaia,eEW2AZOo1zE,Davit Barqaia - Divine #music #newsong #2025 #snow #deephouse,2025-12-11T16:18:01Z,15.0,True,3910,80.0,2.0
4299,UC9DfBFj076LQWieB2PrB9OA,Davit Barqaia,0P-eZGpnKpI,Davit Barqaia - Lunar Flame (Original Mix),2025-12-14T13:00:06Z,231.0,False,7098,173.0,12.0
4299,UC9DfBFj076LQWieB2PrB9OA,Davit Barqaia,UHvHwNkWRYk,winter and happy #music #newsong #snow #deephouse,2025-12-14T19:09:33Z,9.0,True,2907,66.0,2.0
4299,UC9DfBFj076LQWieB2PrB9OA,Davit Barqaia,9rrOkd5EHZY,Davit Barqaia - Rain of Memories | Official Music |,2025-12-17T10:00:06Z,247.0,False,56016,544.0,17.0
4299,UC9DfBFj076LQWieB2PrB9OA,Davit Barqaia,_kWmI-hXquA,Cold and beauty #newsong #snow #2025 #music #winter,2025-12-17T15:24:11Z,17.0,True,4251,91.0,5.0
4299,UC9DfBFj076LQWieB2PrB9OA,Davit Barqaia,D0jEq-Icnus,Davit Barqaia - Carry Me | Official Music |,2025-12-23T10:26:45Z,225.0,False,12535,230.0,15.0
4299,UC9DfBFj076LQWieB2PrB9OA,Davit Barqaia,AAUjVl2rLUo,Coldness beautifies nature Davit Barqaia - Carry Me #newsong #snow #2026 #deephouse #winter,2025-12-23T17:44:27Z,17.0,True,5860,128.0,4.0
4299,UC9DfBFj076LQWieB2PrB9OA,Davit Barqaia,zlre9ExQZSc,Davit Barqaia - Time Will Fix | Official Music |,2025-12-31T11:00:06Z,223.0,False,14080,235.0,15.0
4299,UC9DfBFj076LQWieB2PrB9OA,Davit Barqaia,0BkRr8Ur6-U,Winter Road / Track [ Time Will Fix ] #newsong #snow #2026 #music #deephouse,2026-01-04T11:14:43Z,18.0,True,7310,180.0,7.0
4299,UC9DfBFj076LQWieB2PrB9OA,Davit Barqaia,4fr-KR7UpOg,winter and road Track [ Time Will Fix ] #newsong #deephouse #snow #deephouse #2026 #music #mountains,2026-01-07T16:41:22Z,18.0,True,3547,59.0,4.0
4299,UC9DfBFj076LQWieB2PrB9OA,Davit Barqaia,HX41wvVDFS4,Davit Barqaia - New Deep House Tracks | Beatiful Melodic & House Music [2026],2026-01-09T14:00:34Z,1511.0,False,3291,125.0,16.0
4299,UC9DfBFj076LQWieB2PrB9OA,Davit Barqaia,LN2ZuYXiL8s,Horses in the winter mountains ❄️🏔 Track-Time Will Fix #newsong #snow #deephouse #2026,2026-01-10T14:32:43Z,16.0,True,6825,236.0,3.0
4299,UC9DfBFj076LQWieB2PrB9OA,Davit Barqaia,GD6ej-JjWsU,My Track is out now! 🔥 Check my channel #newsong #snow #music #2026 #deephouse,2026-01-14T14:16:42Z,13.0,True,8194,102.0,5.0
4299,UC9DfBFj076LQWieB2PrB9OA,Davit Barqaia,miE0NT4HOMA,Davit Barqaia - Thinking About You | Official Music |,2026-01-17T10:00:06Z,231.0,False,5709,133.0,8.0
4299,UC9DfBFj076LQWieB2PrB9OA,Davit Barqaia,nvEcMuvVqYU,Silence in the snow #newsong #snow #music #2026,2026-01-19T13:15:54Z,16.0,True,2656,61.0,1.0
4299,UC9DfBFj076LQWieB2PrB9OA,Davit Barqaia,tVQ3ap5QZQg,Davit Barqaia - When Will You Come | Official Music |,2026-01-23T12:19:46Z,224.0,False,59793,450.0,15.0
4299,UC9DfBFj076LQWieB2PrB9OA,Davit Barqaia,Jf-MZF0VGLA,Davit Barqaia - I Never Say Goodbay | Official Music |,2026-01-31T12:30:06Z,277.0,False,6687,197.0,18.0
4299,UC9DfBFj076LQWieB2PrB9OA,Davit Barqaia,-IID7Z_lduY,Davit Barqaia - Dream Beneath the Moon ( Original Mix ),2026-02-09T11:59:46Z,242.0,False,18581,165.0,18.0
4299,UC9DfBFj076LQWieB2PrB9OA,Davit Barqaia,x80V92SP_Nk,Davit Barqaia - Touch My Soul (Original Mix),2026-02-11T12:29:49Z,216.0,False,12913,184.0,22.0
4299,UC9DfBFj076LQWieB2PrB9OA,Davit Barqaia,6p_upSyP8gk,Davit Barqaia - Warm In Me (Original mix),2026-02-13T11:29:39Z,253.0,False,5072,125.0,19.0
4299,UC9DfBFj076LQWieB2PrB9OA,Davit Barqaia,mLGuxTM_fBI,Davit Barqaia - Unsaid (Original mix),2026-02-15T10:43:34Z,212.0,False,4444,135.0,14.0
4299,UC9DfBFj076LQWieB2PrB9OA,Davit Barqaia,VYgVH-tIAQk,Davit Barqaia - Fading (Original mix),2026-02-17T10:40:32Z,192.0,False,9098,129.0,14.0
4299,UC9DfBFj076LQWieB2PrB9OA,Davit Barqaia,qGR9OBHFw-U,Davit Barqaia - Quiet Place | Official Music |,2026-02-18T14:48:30Z,220.0,False,14906,210.0,16.0
4299,UC9DfBFj076LQWieB2PrB9OA,Davit Barqaia,var5qXt-4To,Davit Barqaia - Almost Gone (Original Mix),2026-02-23T14:15:41Z,213.0,False,35589,274.0,19.0
4299,UC9DfBFj076LQWieB2PrB9OA,Davit Barqaia,4W-Y5oDirJA,Davit Barqaia - Silver Rain (Original mix),2026-03-10T15:57:47Z,282.0,False,57762,191.0,9.0
4299,UC9DfBFj076LQWieB2PrB9OA,Davit Barqaia,uXVxVbh7if4,Davit Barqaia - Promise Disappears (Original mix),2026-03-11T13:21:26Z,195.0,False,2945,100.0,8.0
4299,UC9DfBFj076LQWieB2PrB9OA,Davit Barqaia,eIR2OqlQ9js,Davit Barqaia - Close But Far (Original Mix),2026-03-12T11:57:45Z,224.0,False,3641,111.0,8.0
4299,UC9DfBFj076LQWieB2PrB9OA,Davit Barqaia,xyWetpnPbPQ,Davit Barqaia - Never Lose (Original mix),2026-03-13T15:07:04Z,207.0,False,7682,120.0,7.0
4299,UC9DfBFj076LQWieB2PrB9OA,Davit Barqaia,um33nR3MUbg,Davit Barqaia - Before Dawn (Original mix),2026-03-16T11:02:02Z,224.0,False,3480,94.0,11.0
4299,UC9DfBFj076LQWieB2PrB9OA,Davit Barqaia,NbYEt44GU5E,Davit Barqaia - Take Me Stars Storm (Original Mix),2026-03-18T15:36:28Z,224.0,False,6808,145.0,11.0
4299,UC9DfBFj076LQWieB2PrB9OA,Davit Barqaia,68U-jGsVJG0,Davit Barqaia | Best Of { Retro Style Music } 2026,2026-03-28T13:00:06Z,857.0,False,1707,76.0,10.0
4299,UC9DfBFj076LQWieB2PrB9OA,Davit Barqaia,akKTZ24pjtE,Davit Barqaia - Blur (Original Mix),2026-04-10T11:30:06Z,351.0,False,3876,124.0,11.0
4299,UC9DfBFj076LQWieB2PrB9OA,Davit Barqaia,hxncWCv-eTQ,Seagulls and the sea #newsong #music #music #electronicmusic,2026-04-11T15:51:20Z,10.0,True,4444,107.0,6.0
4299,UC9DfBFj076LQWieB2PrB9OA,Davit Barqaia,0IoCSs2mOTc,Sity Lights! Soon! 🔥😎 #newsong #2026 #music #hiphop #carmusic #gangstermusic,2026-04-14T11:12:01Z,24.0,True,1962,43.0,2.0
4299,UC9DfBFj076LQWieB2PrB9OA,Davit Barqaia,RO-4_Nwjuow,Davit Barqaia - Unspoken Love (Original Mix),2026-04-16T22:00:06Z,343.0,False,1924,80.0,10.0
4299,UC9DfBFj076LQWieB2PrB9OA,Davit Barqaia,d815g4vg7rg,Davit Barqaia - Past In My Heart | Music Video |,2026-04-21T11:00:06Z,207.0,False,7408,193.0,12.0
4299,UC9DfBFj076LQWieB2PrB9OA,Davit Barqaia,m7_dIqyyteU,Davit Barqaia - I Can't Hide Love | Music Video |,2026-04-24T12:45:06Z,215.0,False,4848,155.0,13.0
4299,UC9DfBFj076LQWieB2PrB9OA,Davit Barqaia,d5gWTpxnIx0,Davit Barqaia - Past In My Heart #newsong #music,2026-04-25T11:32:11Z,11.0,True,2356,51.0,2.0
4299,UC9DfBFj076LQWieB2PrB9OA,Davit Barqaia,vbX0uD5VwWI,Davit Barqaia - Past In My Heart #newsong #music #davitbarqaia,2026-04-26T11:43:52Z,16.0,True,1973,56.0,4.0
4299,UC9DfBFj076LQWieB2PrB9OA,Davit Barqaia,ygPe8FxFYYI,Davit Barqaia - See You Again | Music Video |,2026-04-27T12:18:21Z,206.0,False,9551,174.0,12.0
4299,UC9DfBFj076LQWieB2PrB9OA,Davit Barqaia,8dh1S-VaL28,Davit Barqaia - See You Again #newsong #music #davitbarqaia #2026 #electronicmusic,2026-04-27T12:36:39Z,16.0,True,1804,54.0,2.0
4299,UC9DfBFj076LQWieB2PrB9OA,Davit Barqaia,oT7u92BS0aU,Davit Barqaia - See You Again #newsong #music #davitbarqaia #2026 #electronicmusic,2026-05-03T17:49:47Z,18.0,True,2920,85.0,5.0
4299,UC9DfBFj076LQWieB2PrB9OA,Davit Barqaia,d5Du3XQ4zKA,Davit Barqaia - Cold Silence | Music Video |,2026-05-04T12:00:25Z,190.0,False,8843,169.0,9.0
4299,UC9DfBFj076LQWieB2PrB9OA,Davit Barqaia,1rmTLoVdXR8,Cold Silence Full Music #newsong #music #davitbarqaia #2026,2026-05-04T15:42:33Z,21.0,True,2469,69.0,5.0
4299,UC9DfBFj076LQWieB2PrB9OA,Davit Barqaia,58RWbn058lA,Davit Barqaia - Cold Silence #newsong #music #davitbarqaia #electronicmusic #deephouse,2026-05-09T21:36:14Z,9.0,True,3380,58.0,2.0
4299,UC9DfBFj076LQWieB2PrB9OA,Davit Barqaia,urXbxWveK6A,Davit Barqaia - Beside You | Music Video |,2026-05-10T11:30:06Z,200.0,False,21668,140.0,16.0
