idx,channel_id,channel_title,video_id,video_title,published_at,duration_sec,is_shorts,view_count,like_count,comment_count
600,UC0JIgC44vJT4Rx6wvbmOoEA,쿠노 くの,yrff5rCvPcs,칸샤 カンシャ님의 실시간 스트림,2022-08-29T03:42:31Z,,False,0,0.0,0.0
600,UC0JIgC44vJT4Rx6wvbmOoEA,쿠노 くの,RyGuTMpYv-Y,거센 고독이 덮쳐와 / 쿠노 【불러보았다】,2025-09-02T06:04:44Z,253.0,False,721,27.0,13.0
600,UC0JIgC44vJT4Rx6wvbmOoEA,쿠노 くの,SHFZVZta8cE,모니터링 / 쿠노 【불러보았다】,2025-09-06T17:03:55Z,182.0,False,331,16.0,8.0
600,UC0JIgC44vJT4Rx6wvbmOoEA,쿠노 くの,ZlJh2qQxf8U,누덕누덕 스타카토 / 쿠노 【불러보았다】,2025-09-19T04:58:42Z,80.0,False,160,9.0,11.0
600,UC0JIgC44vJT4Rx6wvbmOoEA,쿠노 くの,VcYVPW1XqMs,텔레캐스터 비보이 / 쿠노 【불러보았다】,2025-10-14T22:25:23Z,60.0,True,136,11.0,10.0
600,UC0JIgC44vJT4Rx6wvbmOoEA,쿠노 くの,sAS4JF6UQpo,편식 / 쿠노 【불러보았다】,2025-10-21T12:05:40Z,229.0,False,156,10.0,12.0
600,UC0JIgC44vJT4Rx6wvbmOoEA,쿠노 くの,378XPjSQUPU,深淵の夢 - 深淵の夢,2026-02-03T02:40:42Z,239.0,False,527,26.0,4.0
601,UCr9_SLC7wrtltusuRNcTocw,이상진의치과기공ch,q8lvQ3_X2OY,"[이상진ch] 따라하기 쉬운 교합제(왁스림,wax rim) 제작법",2020-09-25T11:00:14Z,2491.0,False,11606,143.0,16.0
601,UCr9_SLC7wrtltusuRNcTocw,이상진의치과기공ch,URyDOlj1hqs,[이상진ch] 따라하기 쉬운 하악구치부 배열법,2020-09-29T12:30:04Z,1610.0,False,4418,55.0,8.0
601,UCr9_SLC7wrtltusuRNcTocw,이상진의치과기공ch,Q9rsuyMf-bk,[이상진ch] 따라하기 쉬운 상악구치부 배열법,2020-10-06T12:30:01Z,1474.0,False,3467,51.0,2.0
601,UCr9_SLC7wrtltusuRNcTocw,이상진의치과기공ch,dPmBCL8j9qk,[이상진ch] 따라하기쉬운 총의치 치은형성법 1부,2020-10-13T11:14:16Z,1574.0,False,4621,53.0,0.0
601,UCr9_SLC7wrtltusuRNcTocw,이상진의치과기공ch,ikuJnm2TSpE,[이상진ch] 따라하기쉬운 총의치 치은형성법 2부,2020-10-16T12:30:09Z,1592.0,False,2028,35.0,0.0
601,UCr9_SLC7wrtltusuRNcTocw,이상진의치과기공ch,gjkdk-p1940,[이상진ch] 따라하기 쉬운 A-P BAR 파샬조각법,2020-10-20T12:30:02Z,2293.0,False,3502,45.0,6.0
601,UCr9_SLC7wrtltusuRNcTocw,이상진의치과기공ch,WVThJKvh3Dw,"[이상진ch] 4차 산업시대, 치과기공의 미래는 종말?",2021-01-04T14:03:22Z,7520.0,False,1680,29.0,8.0
601,UCr9_SLC7wrtltusuRNcTocw,이상진의치과기공ch,F1Pnx-NTthw,[이상진ch] 치위생과 학생들을 위한 임상치과보철학 part.1 임상보철학의 정의와 보철의 종류,2021-03-04T11:00:03Z,1497.0,False,1105,14.0,3.0
601,UCr9_SLC7wrtltusuRNcTocw,이상진의치과기공ch,M-v_dF2Zv2I,[이상진ch] 치위생과 학생들을 위한 임상치과보철학 part.2 보철의 자격요건-프렙과 임프레션,2021-03-18T11:00:32Z,1504.0,False,598,12.0,3.0
601,UCr9_SLC7wrtltusuRNcTocw,이상진의치과기공ch,oFEaM1Hlr5o,[이상진ch]치위생과 학생들을 위한 임상치과보철학 part.3 보철의 자격요건-적합,2021-04-02T11:00:19Z,1531.0,False,508,9.0,2.0
601,UCr9_SLC7wrtltusuRNcTocw,이상진의치과기공ch,teI5DHt2sZw,[이상진ch] 210424 당신의 댓글에 친절히 답해주는 영상,2021-04-25T02:37:08Z,5954.0,False,452,12.0,3.0
601,UCr9_SLC7wrtltusuRNcTocw,이상진의치과기공ch,gWHRJueeE_E,[이상진ch] 어느 서른 후반 남자의 치과기공사의 꿈,2021-04-30T13:00:26Z,3609.0,False,1094,20.0,5.0
601,UCr9_SLC7wrtltusuRNcTocw,이상진의치과기공ch,83CSLUDyrJg,[이상진ch]치위생과 학생들을 위한 임상치과보철학 part.4 보철의 자격요건-컨택,2021-05-12T11:00:03Z,1521.0,False,388,5.0,2.0
601,UCr9_SLC7wrtltusuRNcTocw,이상진의치과기공ch,p8tOQMiNOzc,[이상진ch] 덴쳐 컨투어링 4,2021-05-25T08:44:15Z,1584.0,False,487,8.0,4.0
601,UCr9_SLC7wrtltusuRNcTocw,이상진의치과기공ch,_lBmCScuNKc,[이상진ch] 덴쳐 컨투어링 3,2021-05-25T08:44:19Z,1561.0,False,501,5.0,0.0
601,UCr9_SLC7wrtltusuRNcTocw,이상진의치과기공ch,7cv66xZ2QEY,[이상진ch] 덴쳐 컨투어링 2,2021-05-25T08:44:24Z,1561.0,False,1283,10.0,0.0
601,UCr9_SLC7wrtltusuRNcTocw,이상진의치과기공ch,nxUdKNt2diw,[이상진ch] 덴쳐 컨투어링 1,2021-05-25T08:44:28Z,1938.0,False,1228,19.0,3.0
601,UCr9_SLC7wrtltusuRNcTocw,이상진의치과기공ch,Uu0kzkmIo-0,[이상진ch]치위생과 학생들을 위한 임상치과보철학 part.5 1.보철의 자격요건-바이트 2. 교합,2021-06-02T11:00:09Z,1504.0,False,592,7.0,4.0
601,UCr9_SLC7wrtltusuRNcTocw,이상진의치과기공ch,YXPlfNPPMYw,[이상진ch]치위생과 학생들을 위한 임상치과보철학 part.6 2.교합,2021-06-29T09:00:12Z,1826.0,False,706,8.0,1.0
601,UCr9_SLC7wrtltusuRNcTocw,이상진의치과기공ch,9MRZw_cj0DQ,[이상진ch] 3개월 400만원 실장뺨싸다구 세미나 후기 및 향후 세미나 계획,2021-07-15T12:15:11Z,1635.0,False,1354,9.0,4.0
601,UCr9_SLC7wrtltusuRNcTocw,이상진의치과기공ch,3p1w_0WQUrg,[이상진ch] 210715 당신의 댓글에 친절히 답해주는 영상,2021-07-16T02:35:16Z,6020.0,False,793,11.0,7.0
601,UCr9_SLC7wrtltusuRNcTocw,이상진의치과기공ch,r-QTnZomoAo,[이상진ch]치위생과 학생들을 위한 임상치과보철학 part.7 해부학적 교합기와 평균마운팅 기법,2021-09-02T12:00:22Z,1685.0,False,592,7.0,1.0
601,UCr9_SLC7wrtltusuRNcTocw,이상진의치과기공ch,D2EiDvxA6Kk,[이상진ch]치위생과 학생들을 위한 임상치과보철학 part.8 facebow 와 베넷 앵글,2021-09-06T12:00:04Z,1581.0,False,421,9.0,0.0
601,UCr9_SLC7wrtltusuRNcTocw,이상진의치과기공ch,FQScq6t3URw,[이상진ch]치위생과 학생들을 위한 임상치과보철학 part.9 운동학적 교합기와 경추교합,2021-09-09T12:00:07Z,1702.0,False,181,4.0,0.0
601,UCr9_SLC7wrtltusuRNcTocw,이상진의치과기공ch,ZeHRvqp_lqw,[이상진ch]치위생과 학생들을 위한 임상치과보철학 part.10 운동학적 교합기와 경추교합2,2021-09-13T12:00:16Z,1569.0,False,163,4.0,0.0
601,UCr9_SLC7wrtltusuRNcTocw,이상진의치과기공ch,BQqbzy8GyTk,[이상진ch]치위생과 학생들을 위한 임상치과보철학 part.11 파노라마사진과 임플란트,2021-09-16T12:00:11Z,1563.0,False,234,2.0,0.0
601,UCr9_SLC7wrtltusuRNcTocw,이상진의치과기공ch,g8xpk4knPRA,[이상진ch]치위생과 학생들을 위한 임상치과보철학 part.12 파노라마 사진과 임플란트 2,2021-09-20T12:00:31Z,1947.0,False,165,4.0,4.0
601,UCr9_SLC7wrtltusuRNcTocw,이상진의치과기공ch,BD_VR9YaONM,[이상진ch]치위생과 학생들을 위한 임상치과보철학 part.13 교합고경 1,2021-09-23T12:00:05Z,1737.0,False,487,7.0,1.0
601,UCr9_SLC7wrtltusuRNcTocw,이상진의치과기공ch,85gSGKt3lGY,[이상진ch]치위생과 학생들을 위한 임상치과보철학 part.14 교합고경 2,2021-09-27T12:00:05Z,1806.0,False,425,10.0,0.0
601,UCr9_SLC7wrtltusuRNcTocw,이상진의치과기공ch,JVGJgbT0CyM,[이상진ch]치위생과 학생들을 위한 임상치과보철학 part.15 교합고경 3,2021-09-30T12:00:14Z,1806.0,False,356,7.0,3.0
601,UCr9_SLC7wrtltusuRNcTocw,이상진의치과기공ch,0piQohrk5lg,[이상진ch]치위생과 학생들을 위한 임상치과보철학 part.16 인레이 1,2021-10-04T12:00:01Z,1545.0,False,283,7.0,0.0
601,UCr9_SLC7wrtltusuRNcTocw,이상진의치과기공ch,bJQ4WVs7sy8,[이상진ch]치위생과 학생들을 위한 임상치과보철학 part.17 인레이 2,2021-10-07T12:00:17Z,1603.0,False,240,4.0,2.0
601,UCr9_SLC7wrtltusuRNcTocw,이상진의치과기공ch,dxX_wfB1Erw,[이상진ch]치위생과 학생들을 위한 임상치과보철학 part.18 인레이 3,2021-10-11T12:00:31Z,1603.0,False,181,4.0,0.0
601,UCr9_SLC7wrtltusuRNcTocw,이상진의치과기공ch,U3oh4mNAMNk,[이상진ch]치위생과 학생들을 위한 임상치과보철학 part.19 인레이 4,2021-10-14T12:00:20Z,1656.0,False,161,4.0,1.0
601,UCr9_SLC7wrtltusuRNcTocw,이상진의치과기공ch,dNhq-mlLvBc,[이상진ch]치위생과 학생들을 위한 임상치과보철학 part.20 골드크라운 1,2021-10-21T12:00:16Z,1619.0,False,273,6.0,0.0
601,UCr9_SLC7wrtltusuRNcTocw,이상진의치과기공ch,FJzWvFM79yg,[이상진ch]치위생과 학생들을 위한 임상치과보철학 part.21 골드크라운 2,2021-10-25T12:00:15Z,1788.0,False,213,4.0,0.0
601,UCr9_SLC7wrtltusuRNcTocw,이상진의치과기공ch,UfWReTOaO80,[이상진ch]치위생과 학생들을 위한 임상치과보철학 part.22 골드크라운 3,2021-10-28T12:00:13Z,2036.0,False,170,3.0,0.0
601,UCr9_SLC7wrtltusuRNcTocw,이상진의치과기공ch,tPTJ4-iJek4,[이상진ch]치위생과 학생들을 위한 임상치과보철학 part.23 포세린 지르크라운 1,2021-11-01T12:00:35Z,1592.0,False,384,6.0,0.0
601,UCr9_SLC7wrtltusuRNcTocw,이상진의치과기공ch,6PUSSeWFHds,[이상진ch]치위생과 학생들을 위한 임상치과보철학 part.24 포세린 지르크라운 2,2021-11-04T12:00:04Z,1671.0,False,265,3.0,0.0
601,UCr9_SLC7wrtltusuRNcTocw,이상진의치과기공ch,tJQuXbvqvEs,[이상진ch]치위생과 학생들을 위한 임상치과보철학 part.25 포세린 지르크라운 3,2021-11-08T12:00:24Z,1671.0,False,227,2.0,0.0
601,UCr9_SLC7wrtltusuRNcTocw,이상진의치과기공ch,JQ7VvuCxpKY,[이상진ch]치위생과 학생들을 위한 임상치과보철학 part.26 포세린 지르크라운 4,2021-11-11T12:00:06Z,1754.0,False,455,5.0,1.0
601,UCr9_SLC7wrtltusuRNcTocw,이상진의치과기공ch,qcxBZ2RlqcQ,[이상진ch] 격,2022-04-30T20:31:46Z,1619.0,False,830,13.0,4.0
601,UCr9_SLC7wrtltusuRNcTocw,이상진의치과기공ch,j4Xz1I0DAl4,"[이상진ch] 가의치 제작순서, 템포러리 제작순서",2022-05-19T07:53:00Z,1432.0,False,834,9.0,6.0
601,UCr9_SLC7wrtltusuRNcTocw,이상진의치과기공ch,Sd1qV-7UYfE,[이상진ch] 따라하기 쉬운 총의치 1차 매몰법,2022-07-28T10:00:18Z,433.0,False,1285,26.0,1.0
601,UCr9_SLC7wrtltusuRNcTocw,이상진의치과기공ch,atpdwgFTK10,[이상진ch] 따라하기 쉬운 총의치 2차 매몰법,2022-08-04T10:00:01Z,568.0,False,1266,23.0,5.0
601,UCr9_SLC7wrtltusuRNcTocw,이상진의치과기공ch,CmjfBJARKlo,[이상진ch] 따라하기 쉬운 총의치 왁스워시,2022-08-11T10:00:12Z,459.0,False,1061,20.0,1.0
601,UCr9_SLC7wrtltusuRNcTocw,이상진의치과기공ch,csctbMiIlVI,[이상진ch] 따라하기 쉬운 총의치 레진전입 큐링,2022-08-18T10:00:28Z,446.0,False,1541,24.0,3.0
601,UCr9_SLC7wrtltusuRNcTocw,이상진의치과기공ch,ztwwtxihLXo,[이상진ch] 마우스피스 직접 만들어서 샌드백 치기,2022-08-24T03:39:44Z,285.0,False,728,21.0,12.0
601,UCr9_SLC7wrtltusuRNcTocw,이상진의치과기공ch,R4tBoqTA2_g,[이상진ch] 직접 제작한 마우스 피스 착용하고 가볍게 스파링 하기,2023-04-04T05:10:22Z,350.0,False,370,6.0,10.0
601,UCr9_SLC7wrtltusuRNcTocw,이상진의치과기공ch,5bxJ6TbYNgc,[이상진ch] 모아놓은 골드가루 팔면 얼마 받을까?,2024-08-19T08:01:53Z,1475.0,False,625,13.0,12.0
602,UCBj5_JCVV3B3m2nGGVUNQ7w,신상진TV,3HZc1sNxcKQ,청년창업 도담길로 오세요!!!~~     #신상진 #성남시장 #성남시 #청년창업 #도담길,2026-03-20T07:52:54Z,40.0,True,1015,30.0,3.0
602,UCBj5_JCVV3B3m2nGGVUNQ7w,신상진TV,eKcuY5azkAs,고도제한 완화 인센티브 검토!                    #신상진 #성남시장 #성남시 #고도제한 #인센티브,2026-03-23T08:56:20Z,37.0,True,1323,26.0,0.0
602,UCBj5_JCVV3B3m2nGGVUNQ7w,신상진TV,65JV3AmO7n0,"UN 산하 지속가능교통(EST)  ""성남형 모빌리티 정책 "" 발표         #신상진 #성남시장 #성남시 #지속가능교통 #성남형 모빌리티",2026-03-24T01:30:28Z,50.0,True,1732,37.0,3.0
602,UCBj5_JCVV3B3m2nGGVUNQ7w,신상진TV,TUqAXVu5C7A,도담길 청년들의 도전 담은 길!!         #신상진 #성남시장 #성남시 #도담길 #청년창업,2026-03-24T08:30:30Z,34.0,True,1357,20.0,2.0
602,UCBj5_JCVV3B3m2nGGVUNQ7w,신상진TV,hnTVAt10jNY,1단계 개장식!                    #신상진 #성남시장 #성남시 #수변공원 #개장식,2026-03-25T04:31:00Z,35.0,True,1982,28.0,3.0
602,UCBj5_JCVV3B3m2nGGVUNQ7w,신상진TV,0oBrFMu0SFQ,청년창업 응원합니다!   #신상진 #성남시장 #성남시 #청년창업 #창업지원,2026-03-30T06:30:39Z,31.0,True,686,16.0,2.0
602,UCBj5_JCVV3B3m2nGGVUNQ7w,신상진TV,SI0qYmG88Kg,민생안정 비상경제대책!      #신상진 #성남시장 #성남시 #비상경제대책 #민생안정,2026-03-31T01:42:23Z,72.0,False,1390,37.0,5.0
602,UCBj5_JCVV3B3m2nGGVUNQ7w,신상진TV,kMhOloS9VEU,중동사태 대응 총정리            #신상진 #성남시장 #성남시#중동사태 #대응,2026-03-31T08:47:10Z,55.0,True,1874,52.0,4.0
602,UCBj5_JCVV3B3m2nGGVUNQ7w,신상진TV,L_ZvFn5VDiI,따스한 봄날과 함께 파크콘서트!            #신상진 #성남시장 #성남시 #파크콘서트 #봄날,2026-04-01T04:03:12Z,39.0,True,1544,21.0,1.0
602,UCBj5_JCVV3B3m2nGGVUNQ7w,신상진TV,W2QoOVAJucs,말자할매 와 함께한 성남솔로 300명 커넥터스1     #신상진 #성남시장 #성남시 #솔로몬의선택 #커넥터스 #말자할매,2026-04-01T06:35:19Z,34.0,True,1506,16.0,0.0
602,UCBj5_JCVV3B3m2nGGVUNQ7w,신상진TV,CZYllIeCpm4,매송2교 소음 민원 방음터널 설치추진!      #신상진 #성남시장 #성남시 #매송2교 #방음터널,2026-04-02T07:54:28Z,41.0,True,5936,55.0,14.0
602,UCBj5_JCVV3B3m2nGGVUNQ7w,신상진TV,irmgbLnmBis,서울대 명의 빵빵한 성남시의료원!!      #신상진 #성남시장 #성남시 #성남시의료원 #서울대명의 #서울대학병원,2026-04-03T07:12:59Z,54.0,True,2595,56.0,12.0
602,UCBj5_JCVV3B3m2nGGVUNQ7w,신상진TV,HpQ8BP6wPIw,성남시 41만 세대주 에너지 안심지원금  #신상진 #성남시장 #성남시 #안심지원금 #에너지안심지원금,2026-04-06T08:42:35Z,55.0,True,2358,84.0,10.0
602,UCBj5_JCVV3B3m2nGGVUNQ7w,신상진TV,O--MT--L2xg,도촌 봄맞이길 벚꽃 축제!    #신상진 #성남시장 #성남시 #벚꽃축제 #봄맞이길,2026-04-07T09:13:47Z,21.0,True,3267,39.0,7.0
602,UCBj5_JCVV3B3m2nGGVUNQ7w,신상진TV,eXrJekFhJ3M,분당구보건소 기공식 (5배 크게) #신상진 #성남시장 #성남시  #분당구보건소 #5배,2026-04-08T08:58:13Z,32.0,True,1640,28.0,5.0
602,UCBj5_JCVV3B3m2nGGVUNQ7w,신상진TV,Imvaiilt01A,위례종합사회복지관(사회복지관+경로당)정다움 개관식!  #신상진 #성남시장 #성남시  #사회복지관 #경로당 #정다움,2026-04-08T09:05:50Z,26.0,True,2139,30.0,7.0
602,UCBj5_JCVV3B3m2nGGVUNQ7w,신상진TV,7zohuXingX0,성남시 주무관(적극행정)칭찬합니다.   #신상진 #성남시장 #성남시 #적극행정 #주무관,2026-04-08T10:18:20Z,33.0,True,1767,43.0,4.0
602,UCBj5_JCVV3B3m2nGGVUNQ7w,신상진TV,i1Qd_mznAtw,아예 서울대병원을 옮겨 올까요?    #신상진 #성남시장 #성남시 #서울대학병원 #성남시의료원,2026-04-10T02:12:19Z,35.0,True,2906,34.0,9.0
602,UCBj5_JCVV3B3m2nGGVUNQ7w,신상진TV,VfEfqR3dlRM,야탑2동 플로깅데이 함께해주신 여러분 감사합니다.  #신상진 #성남시장  #성남시 #야탑2동 #플로깅데이 #탄천길,2026-04-10T08:04:12Z,26.0,True,2195,31.0,6.0
602,UCBj5_JCVV3B3m2nGGVUNQ7w,신상진TV,7-6WPEw5BvA,"햇살 좋은 야외 결혼식, 성남 솔로몬 웨딩뜰!   #신상진 #성남시장 #성남시 #솔로몬 #웨딩뜰",2026-04-13T09:34:40Z,26.0,True,2129,12.0,3.0
602,UCBj5_JCVV3B3m2nGGVUNQ7w,신상진TV,isFjJ6fdAdM,26년 2월 북콘서트 김형오 전 국회의장     #신상진 #성남시장 #성남시 #김형오 #북콘서트 #국회의장,2026-04-14T04:26:49Z,56.0,True,2738,26.0,5.0
602,UCBj5_JCVV3B3m2nGGVUNQ7w,신상진TV,JckuTIsvm28,혁신적인 미래 도시를 향한 시민체감 재개발.재건축 2조원 투입!   #신상진 #성남시장 #성남시 #재개발 #미래도시 #재건축,2026-04-14T08:12:53Z,46.0,True,2397,37.0,11.0
602,UCBj5_JCVV3B3m2nGGVUNQ7w,신상진TV,dZ8jIEzufXw,안철수 국회의원 26년 2월 북콘서트 현장!  #신상진 #성남시장 #성남시  #안철수 #북콘서트,2026-04-15T01:04:12Z,28.0,True,1945,26.0,7.0
602,UCBj5_JCVV3B3m2nGGVUNQ7w,신상진TV,wU1ck1xflPY,26년 2월 북콘서트 (의과대학시절) #신상진 #성남시장 #성남시 #북콘서트 #의과대학,2026-04-16T03:14:21Z,60.0,True,29310,375.0,16.0
602,UCBj5_JCVV3B3m2nGGVUNQ7w,신상진TV,hcfmQHZFXuU,"에너지 절약, 함께 시작해볼까요?    #신상진 #성남시장 #성남시  #에너지절약 #에너지절약캠페인",2026-04-16T04:56:08Z,33.0,True,1659,33.0,2.0
602,UCBj5_JCVV3B3m2nGGVUNQ7w,신상진TV,uy3SDfkc-6Y,청년자치기구 오프닝데이!!  #신상진 #성남시장 #성남시 #청년자치기구 #오프닝데이,2026-04-16T06:06:41Z,40.0,True,1353,25.0,0.0
602,UCBj5_JCVV3B3m2nGGVUNQ7w,신상진TV,0Ge4_5bSY7Q,4월20일 장애인의 날 기념식  #신상진 #성남시 #성남시장 #장애인의날 #기념식,2026-04-20T10:00:18Z,35.0,True,1460,34.0,0.0
602,UCBj5_JCVV3B3m2nGGVUNQ7w,신상진TV,t53-_RdOUqM,"저스트 런텐 성남, 건강을 달립니다!    #신상진 #성남시장 #성남시  #저스트런텐 #마라톤",2026-04-21T09:52:20Z,34.0,True,2423,36.0,2.0
602,UCBj5_JCVV3B3m2nGGVUNQ7w,신상진TV,bIdR3W3OrIM,판교지구 수도부지 산책로 새단장!  #신상진 #성남시장 #성남시 #판교지구 #새단장,2026-04-22T09:40:43Z,36.0,True,1638,28.0,3.0
602,UCBj5_JCVV3B3m2nGGVUNQ7w,신상진TV,pf2iqF8z11M,저출생 인식 개선교육 하이-하이 (HI-HIGH)  #신상진 #성남시장 #성남시 #저출생 #개선교육,2026-04-24T01:06:34Z,42.0,True,1501,19.0,2.0
602,UCBj5_JCVV3B3m2nGGVUNQ7w,신상진TV,6eWKjnkjQdA,내 집 생애말기 케어     #신상진 #성남시장 #성남시 #내집 #생애말기케어,2026-04-24T08:23:46Z,66.0,False,2024,57.0,7.0
602,UCBj5_JCVV3B3m2nGGVUNQ7w,신상진TV,Lz69zsBTPL0,상록마을 임광보성 야시장!  #신상진 #성남시장 #성남시 #임광보성 #야시장,2026-04-24T13:10:13Z,40.0,True,1498,21.0,3.0
602,UCBj5_JCVV3B3m2nGGVUNQ7w,신상진TV,SKko0OjP7mg,분당 물량제한해제 비상대책위원회 차담 현장!  #신상진 #성남시장 #물량제한 #분당재건축 #제한해제,2026-04-27T08:37:48Z,61.0,False,1639,26.0,1.0
602,UCBj5_JCVV3B3m2nGGVUNQ7w,신상진TV,jQPLlTgT504,'연분홍 물결' 대왕저수지의 봄 철쭉축제   #신상진 #성남시장 #성남시 #대왕저수지 #철쭉축제,2026-04-28T08:43:32Z,32.0,True,2096,18.0,0.0
602,UCBj5_JCVV3B3m2nGGVUNQ7w,신상진TV,Ib4rpYxzrDQ,"오리제4테크노밸리, 지구단위계획으로 신속 추진!!  #신상진 #성남시장 #성남시 #제4테크노밸리 #지구단위계획 #신속추진",2026-04-29T09:18:14Z,57.0,True,1813,39.0,6.0
602,UCBj5_JCVV3B3m2nGGVUNQ7w,신상진TV,ZgA_39gXAE8,책 읽는 광장도서관!    #신상진 #성남시장 #광장도서관 #어린이,2026-05-04T15:00:59Z,31.0,True,36,5.0,0.0
602,UCBj5_JCVV3B3m2nGGVUNQ7w,신상진TV,ltouxd-JZZY,위급할땐! 성남벨 누르거나 당기세요!!  #신상진 #성남시장 #성남벨 #위급 #어린이,2026-05-04T15:01:16Z,31.0,True,51,9.0,1.0
602,UCBj5_JCVV3B3m2nGGVUNQ7w,신상진TV,55vmkoCrqiw,하수처리장 재탄생! 물빛정원 (YTN) #신상진 #성남시장 #성남시  #하수처리장 #물빛정원,2026-05-06T09:29:35Z,40.0,True,2317,31.0,1.0
602,UCBj5_JCVV3B3m2nGGVUNQ7w,신상진TV,4yWTF1OWNHg,신상진 성남사랑법,2026-05-07T00:41:28Z,593.0,False,154,17.0,3.0
602,UCBj5_JCVV3B3m2nGGVUNQ7w,신상진TV,obNCu_AVJ_U,첨단산업지구 오리 4테크노밸리/포스코홀딩스 (25년YTN)    #신상진 #성남시장 #성남시 #테크노밸리 #포스코홀딩스,2026-05-07T09:14:07Z,51.0,True,1976,30.0,3.0
602,UCBj5_JCVV3B3m2nGGVUNQ7w,신상진TV,dJBJMNDlzaQ,종합운동장  탈바꿈 성남시 프로야구시대 개막!!!!    #신상진 #성남시장 #성남시 #프로야구장 #종합운동장,2026-05-08T05:01:08Z,44.0,True,3161,35.0,0.0
602,UCBj5_JCVV3B3m2nGGVUNQ7w,신상진TV,pdUgvXZGXuk,"신상진의 희망 약속  1호_""신생아부터 청년까지 '인생 종잣돈' 프로젝트""",2026-05-08T05:51:43Z,223.0,False,296,25.0,5.0
602,UCBj5_JCVV3B3m2nGGVUNQ7w,신상진TV,nkUZeecAej0,신상진의 희망 약속 1호  #신상진 #성남시장 #성남시 # 희망약속 #공약,2026-05-10T04:59:06Z,59.0,True,143,10.0,0.0
602,UCBj5_JCVV3B3m2nGGVUNQ7w,신상진TV,GXBx25j5O50,"신상진의 희망 약속 2호_""재건축·재개발 지원을 위한 10조 원 기금 조성""",2026-05-11T00:09:32Z,311.0,False,250,29.0,7.0
602,UCBj5_JCVV3B3m2nGGVUNQ7w,신상진TV,Ha5uWLgiVoI,출마선언 기자회견!,2026-05-11T14:27:23Z,727.0,False,281,19.0,30.0
602,UCBj5_JCVV3B3m2nGGVUNQ7w,신상진TV,Z1Yu5G9jUYQ,"재건축·재개발 ""신상진표 프로젝트""  주민 직접지원 2조/10조 원 기금 조성   #신상진 #성남시장 #성남시 #재건축 #재개발 # 10조원기금",2026-05-12T00:06:05Z,86.0,False,2206,36.0,10.0
602,UCBj5_JCVV3B3m2nGGVUNQ7w,신상진TV,YGcObITYx3I,"신상진의 희망 약속 3호_""성남 다이아몬드형 산업벨트 완성 프로젝트""",2026-05-12T07:20:43Z,339.0,False,185,24.0,10.0
602,UCBj5_JCVV3B3m2nGGVUNQ7w,신상진TV,7uE10AMJtx8,"신상진의  희망약속 4호_""내 집 생애말기 케어완성 프로젝트 정책 발표""",2026-05-13T14:08:36Z,200.0,False,168,15.0,8.0
602,UCBj5_JCVV3B3m2nGGVUNQ7w,신상진TV,iWSBpkGiKkc,"신상진의 희망약속 3호_""성남 다이아몬드형 산업벨트 완성 프로젝트""",2026-05-14T12:28:55Z,74.0,False,1499,22.0,6.0
602,UCBj5_JCVV3B3m2nGGVUNQ7w,신상진TV,xM3v6HAPjA4,"주토피아 in 성남, 세계적인 정책, 솔로몬의 선택!",2026-05-15T02:05:29Z,82.0,False,858,18.0,0.0
603,UCbS7WtPHCRRcsW5LGip10xQ,쥬스77,UubGyEGIPrg,미쳐버린 K-통닭 최신 근황,2022-03-07T09:14:06Z,14.0,True,3924,17.0,1.0
603,UCbS7WtPHCRRcsW5LGip10xQ,쥬스77,IH77BK2ofHA,통닭 해체 가이드  (레전드 공식 영상),2022-03-27T15:15:00Z,25.0,True,709,8.0,0.0
603,UCbS7WtPHCRRcsW5LGip10xQ,쥬스77,wf4jO9h5pJ8,막걸리 + 멘토스 = ☆★☆ #shorts,2022-07-17T07:00:31Z,16.0,True,678,5.0,2.0
603,UCbS7WtPHCRRcsW5LGip10xQ,쥬스77,mHL2rP7AP3o,막걸리에 치즈를 섞으면 생기는 놀라운 결과 #shorts,2022-07-19T00:00:13Z,25.0,True,157901,479.0,17.0
603,UCbS7WtPHCRRcsW5LGip10xQ,쥬스77,gO_385_t1jM,(실화탐사원) 조선시대 폭탄주...  ' 혼돈주 '를 만나다,2022-07-20T07:00:13Z,21.0,True,233997,459.0,23.0
603,UCbS7WtPHCRRcsW5LGip10xQ,쥬스77,93U9KmXXsuw,생크림에 막걸리를 섞었더니 생긴 놀라운 경험 (영국도 놀랐다)  #shorts,2022-07-21T09:30:03Z,22.0,True,10741,94.0,4.0
603,UCbS7WtPHCRRcsW5LGip10xQ,쥬스77,noxMz-5BzCU,막걸리 먹기전에 봐두면 무적권 도움되는 영상 (지글지글 주의),2022-07-22T10:00:38Z,15.0,True,1650,11.0,1.0
603,UCbS7WtPHCRRcsW5LGip10xQ,쥬스77,cINDOkYHgFk,벌꿀집으로 인싸들이 하는짓 (영상 속 아싸주의),2022-07-23T02:00:09Z,28.0,True,243049,448.0,27.0
603,UCbS7WtPHCRRcsW5LGip10xQ,쥬스77,aYH-UhuaJ6k,막걸리 이렇게 먹으면 너무 아깝습니다! #shorts,2022-07-24T13:00:01Z,25.0,True,247076,512.0,32.0
603,UCbS7WtPHCRRcsW5LGip10xQ,쥬스77,KhaULrWjY98,막걸리에 바나나를 섞으면 생기는 놀라운 결과 #shorts,2022-07-25T02:00:04Z,26.0,True,45867,182.0,9.0
603,UCbS7WtPHCRRcsW5LGip10xQ,쥬스77,yQrzV45q3B8,은지원님이 알려준 대박 소주 비법,2022-07-30T06:00:17Z,15.0,True,1284542,6797.0,399.0
603,UCbS7WtPHCRRcsW5LGip10xQ,쥬스77,4iwbyj1xPBk,차린건 쥐뿔도 없지만에 나온 이영지의 ' 그 소주 ',2022-07-31T06:00:01Z,17.0,True,82878,580.0,8.0
603,UCbS7WtPHCRRcsW5LGip10xQ,쥬스77,cEMjjfBKhp4,깻잎 모히또 맛있다고 한 사람 나와!!!,2022-08-01T06:00:18Z,29.0,True,15548,68.0,9.0
603,UCbS7WtPHCRRcsW5LGip10xQ,쥬스77,pMAW2EUF6o0,이제부터 ((이거)) 없이 버거킹 금지;;; #shorts,2022-08-04T12:00:36Z,20.0,True,5316,27.0,1.0
603,UCbS7WtPHCRRcsW5LGip10xQ,쥬스77,FlEId10rVE8,쉑쉑 버거 비켜! #shorts,2022-08-05T06:00:03Z,7.0,True,2733,11.0,3.0
603,UCbS7WtPHCRRcsW5LGip10xQ,쥬스77,GdA-E99Knyg,(실화탐사원) 일제강점기에 순사들이 마셨을 거 같은 폭탄주  #shorts,2022-08-06T13:00:14Z,25.0,True,1856,8.0,0.0
603,UCbS7WtPHCRRcsW5LGip10xQ,쥬스77,fIRWb05L7RY,블루베리... '막걸리' 에서는 어떨까? #shorts,2022-08-07T06:00:09Z,28.0,True,8028,39.0,1.0
603,UCbS7WtPHCRRcsW5LGip10xQ,쥬스77,JjgvqARpETQ,메론🍈+ 막걸리🥛 = 퓨! 전! 합! #shorts,2022-08-09T06:00:05Z,31.0,True,1748,15.0,0.0
603,UCbS7WtPHCRRcsW5LGip10xQ,쥬스77,B77SLPIpX8E,내가 만든 하이볼이 맛있는 이유,2022-08-14T15:00:06Z,23.0,True,11804,67.0,3.0
603,UCbS7WtPHCRRcsW5LGip10xQ,쥬스77,kH53x2E_924,조선시대 아포가토 (실화탐사대),2022-08-16T06:00:21Z,16.0,True,16365,70.0,2.0
603,UCbS7WtPHCRRcsW5LGip10xQ,쥬스77,fTwHOhGoN2I,위스키 vs 벤앤제리스 vs 하겐다즈 ( 그 사이 눈치 없는 나....),2022-08-17T02:00:09Z,19.0,True,23149,87.0,12.0
603,UCbS7WtPHCRRcsW5LGip10xQ,쥬스77,OZVh2AQu_qs,위스키 VS 허쉬스 VS 풰뤠로뤄쉐 (레프리는 쿠갱이 맡았습니다),2022-08-18T06:00:09Z,21.0,True,9058,59.0,4.0
603,UCbS7WtPHCRRcsW5LGip10xQ,쥬스77,tKg2HlQxsRw,전설의 편의점 하이볼 만드는 법 (주락이 주의),2022-08-19T06:00:13Z,26.0,True,768395,3601.0,205.0
603,UCbS7WtPHCRRcsW5LGip10xQ,쥬스77,xJJMb9OPkJY,위스키 온더 '진짜' 록 (가짜 아님),2022-08-20T06:00:14Z,16.0,True,107601,498.0,16.0
603,UCbS7WtPHCRRcsW5LGip10xQ,쥬스77,87yTirGvu6M,위스키 온더 스틸 ( 록 아님 주의 ),2022-08-21T06:00:05Z,13.0,True,88651,170.0,28.0
603,UCbS7WtPHCRRcsW5LGip10xQ,쥬스77,97RM958yB1c,롯데리아 개꿀팁 [ 칠면조 주의 ],2022-08-28T01:00:02Z,12.0,True,200019,489.0,14.0
603,UCbS7WtPHCRRcsW5LGip10xQ,쥬스77,0ZhTmoSlRxk,박재범이 알려준 원소주 꿀팁  #shorts,2022-08-29T06:00:00Z,22.0,True,76459,578.0,12.0
603,UCbS7WtPHCRRcsW5LGip10xQ,쥬스77,TlSvMR8XZRk,넣다뺐다주..... 요???? (소식좌의 암살시도)  #shorts,2022-09-01T01:00:06Z,18.0,True,106052,263.0,5.0
603,UCbS7WtPHCRRcsW5LGip10xQ,쥬스77,9iFNUWe_hAI,소주로 만든 하이볼이 맛있는 이유! #shorts,2022-09-02T01:00:03Z,25.0,True,279486,1724.0,30.0
603,UCbS7WtPHCRRcsW5LGip10xQ,쥬스77,7AABQDxdy68,역전 할머니 살얼음 맥주 만드는 비법 (비편집판),2022-10-06T02:00:01Z,16.0,True,110262,418.0,16.0
603,UCbS7WtPHCRRcsW5LGip10xQ,쥬스77,HSZBO4Fb9dQ,초.간.단. 하이볼🥃,2022-10-13T05:30:02Z,27.0,True,3086,25.0,4.0
603,UCbS7WtPHCRRcsW5LGip10xQ,쥬스77,2wDANUznlAk,엔하이픈 계란 구름 라면 #루틴,2025-05-07T14:21:36Z,30.0,True,455,1.0,0.0
604,UC9BK2KCPSPFUqCKrCX7EYHg,소병훈TV,f6xKlgAAbYQ,"윤석열 의료대란, 장기기증까지 무너뜨렸다! #국정감사",2025-10-22T06:24:04Z,501.0,False,111,3.0,0.0
604,UC9BK2KCPSPFUqCKrCX7EYHg,소병훈TV,Xh0QXNa_bi4,얼굴 작으면 생기는 일?! #shorts #국정감사,2025-10-22T08:30:26Z,15.0,True,63389,354.0,0.0
604,UC9BK2KCPSPFUqCKrCX7EYHg,소병훈TV,kr89PlMhtTU,주말•야간에도 같은 임금? 의료취약지의 응급판독 현실 #shorts #국정감사,2025-10-22T09:15:04Z,362.0,False,23,3.0,0.0
604,UC9BK2KCPSPFUqCKrCX7EYHg,소병훈TV,szbYsw_9UoA,상급병원만 관리? 항생제 오남용의 사각지대! #국정감사,2025-10-22T12:32:59Z,264.0,False,43,2.0,0.0
604,UC9BK2KCPSPFUqCKrCX7EYHg,소병훈TV,I6sppBm-eEg,현장 국정감사 그 현장은⁉️ #shorts #국정감사,2025-10-24T08:30:11Z,8.0,True,2661,17.0,0.0
604,UC9BK2KCPSPFUqCKrCX7EYHg,소병훈TV,Py9W-jC6RbM,전북 남원시의 특별한 시찰 현장 #shorts,2025-10-24T10:00:58Z,12.0,True,2649,17.0,0.0
604,UC9BK2KCPSPFUqCKrCX7EYHg,소병훈TV,dvX1-1Nv1yA,"실버론, 노인들에게는 그림의 떡?! 🍡#국정감사",2025-10-26T04:00:48Z,482.0,False,71,9.0,0.0
604,UC9BK2KCPSPFUqCKrCX7EYHg,소병훈TV,0LkVrZ4n-gQ,피해자 돈으로 가해기업 투자… 국민연금의 모순?! #국정감사,2025-10-26T08:00:01Z,144.0,False,63,8.0,0.0
604,UC9BK2KCPSPFUqCKrCX7EYHg,소병훈TV,UwNHIxf2skA,"아동학대 신고, 한국어가 아니면 신고도 힘들다? #국정감사",2025-10-28T09:07:49Z,391.0,False,45,4.0,0.0
604,UC9BK2KCPSPFUqCKrCX7EYHg,소병훈TV,loVsgI5fsC0,"중증장애인 직업훈련 지원금, 제도는 있는데 현장은 없다?! #국정감사",2025-10-28T11:01:39Z,179.0,False,61,6.0,0.0
604,UC9BK2KCPSPFUqCKrCX7EYHg,소병훈TV,CzITRSBCkvk,"수능만큼 구하기 힘든 노인 일자리, 그런데 사고는 늘고 있다?! #국정감사",2025-10-29T00:18:47Z,449.0,False,39,6.0,0.0
604,UC9BK2KCPSPFUqCKrCX7EYHg,소병훈TV,yxEYtpnX17E,"노인 일자리, 하늘의 별따기?!⭐#shorts #국정감사",2025-10-29T08:30:44Z,58.0,True,1139,18.0,1.0
604,UC9BK2KCPSPFUqCKrCX7EYHg,소병훈TV,hNoq1HX7sRc,"마트조차 없는 마을에서 시작된 질문, 식품사막화 방지, 노인정책실 신설, 복지부에 후속조치 촉구 #국정감사",2025-10-30T05:32:16Z,506.0,False,42,8.0,0.0
604,UC9BK2KCPSPFUqCKrCX7EYHg,소병훈TV,OPnc9vz_l_A,"청소년의 죽음, 더 이상 사각지대에 두지 말아야 합니다 #국정감사",2025-10-30T09:34:15Z,316.0,False,49,4.0,0.0
604,UC9BK2KCPSPFUqCKrCX7EYHg,소병훈TV,WlE4_80m-Vo,국민 건강 정책 총점검! #국가예방접종 전환 필요 #폐쇄형 메신저 대응 고도화 필요#특사경 제도 도입 #DUR 실효성 #중증장애인 직업훈련 지원금 #국정감사,2025-10-30T14:38:00Z,350.0,False,68,7.0,1.0
604,UC9BK2KCPSPFUqCKrCX7EYHg,소병훈TV,Mpl88sUkhL8,같은 장애인사업 그러나 다른 지원?! #shorts #국정감사,2025-11-03T08:30:11Z,58.0,True,1240,25.0,0.0
604,UC9BK2KCPSPFUqCKrCX7EYHg,소병훈TV,wDckutFL4Aw,이재명 대통령과의 짧지만 묵직한 인사 #shorts #이재명 #이재명대통령,2025-11-04T02:15:22Z,8.0,True,1759,16.0,0.0
604,UC9BK2KCPSPFUqCKrCX7EYHg,소병훈TV,_7-WZfWi92s,과연 의원님이 악수를 몇 번 했을까? #shorts #국정감사,2025-11-05T08:30:20Z,24.0,True,4047,21.0,0.0
604,UC9BK2KCPSPFUqCKrCX7EYHg,소병훈TV,aabYUVMzF34,"국민의 영양, 건강을 위해 발의한 법안?! #shorts #국정감사",2025-11-07T08:30:00Z,34.0,True,1070,11.0,0.0
604,UC9BK2KCPSPFUqCKrCX7EYHg,소병훈TV,wtFFzg1inK8,복지 사각지대에는 노인과 장애인이 있다 #shorts #국정감사,2025-11-10T08:30:27Z,51.0,True,2573,35.0,0.0
604,UC9BK2KCPSPFUqCKrCX7EYHg,소병훈TV,3Eon6WbR-yw,부처 간 핑퐁 그만! 청소년 생명이 달린 일입니다 #shorts #국정감사,2025-11-12T08:30:07Z,25.0,True,2226,29.0,0.0
604,UC9BK2KCPSPFUqCKrCX7EYHg,소병훈TV,Bs0sQ3yN5SM,한국장애인개발원장의 간곡한 부탁?! #shorts #국정감사,2025-11-14T08:30:12Z,41.0,True,4051,58.0,3.0
604,UC9BK2KCPSPFUqCKrCX7EYHg,소병훈TV,5FyRZvg76xE,"IQ 기준만으론 부족하다?! 경계성 지능인 지원 체계, 무엇을 고쳐야 하나 #입법공청회",2025-11-17T08:30:04Z,321.0,False,63,6.0,0.0
604,UC9BK2KCPSPFUqCKrCX7EYHg,소병훈TV,yRXi4U90TD4,조용한 후원 요청 #shorts,2025-12-01T08:00:56Z,20.0,True,1593,14.0,1.0
604,UC9BK2KCPSPFUqCKrCX7EYHg,소병훈TV,KiwUZN3079s,"그 날, 12월 3일 #shorts",2025-12-03T08:30:12Z,36.0,True,1396,15.0,0.0
604,UC9BK2KCPSPFUqCKrCX7EYHg,소병훈TV,Ui92cqjttyU,아무나 못 받는 국회의원의 편지?! #shorts,2025-12-04T08:30:21Z,22.0,True,2018,14.0,1.0
604,UC9BK2KCPSPFUqCKrCX7EYHg,소병훈TV,Ldl96buxu9Y,의원님이 꽃다발 받으신 이유는?! #shorts,2025-12-11T08:00:28Z,31.0,True,2515,16.0,2.0
604,UC9BK2KCPSPFUqCKrCX7EYHg,소병훈TV,VfPnnCdh4e0,서미화와 소병훈의 케미 폭발 순간?! #shorts,2025-12-11T09:30:16Z,12.0,True,6055,34.0,1.0
604,UC9BK2KCPSPFUqCKrCX7EYHg,소병훈TV,B3N_Ib48bR8,아직 퇴근 안 했습니다 #shorts,2025-12-22T10:30:23Z,17.0,True,1930,18.0,1.0
604,UC9BK2KCPSPFUqCKrCX7EYHg,소병훈TV,Ud4touiYmg8,국회의원의 OOTD 🕺🏻 #shorts,2026-01-14T08:30:30Z,3.0,True,373,9.0,0.0
604,UC9BK2KCPSPFUqCKrCX7EYHg,소병훈TV,eERce3WhLNQ,서영교 의원 북콘서트에서 생긴 일 😆#shorts,2026-02-03T08:30:19Z,27.0,True,1756,47.0,2.0
604,UC9BK2KCPSPFUqCKrCX7EYHg,소병훈TV,N9cV_1r1OrM,소병훈 ‘국회방송 움직이는 예산과 경제’ 출연 풀영상,2026-02-07T03:55:01Z,1114.0,False,197,11.0,1.0
604,UC9BK2KCPSPFUqCKrCX7EYHg,소병훈TV,vKcQn7e0sUg,국회의원의 초대💌 #shorts,2026-02-09T07:56:29Z,55.0,True,1034,17.0,3.0
604,UC9BK2KCPSPFUqCKrCX7EYHg,소병훈TV,PqyvpvO4F3E,너른고을 vs 빛고을 20초 정리 #shorts,2026-02-10T08:30:12Z,21.0,True,2291,19.0,0.0
604,UC9BK2KCPSPFUqCKrCX7EYHg,소병훈TV,iIg5dkgdKU4,한자로 말하는 소병훈의 정치 철학 #shorts,2026-02-12T08:30:32Z,38.0,True,1210,19.0,0.0
604,UC9BK2KCPSPFUqCKrCX7EYHg,소병훈TV,oCYnm-xUYts,2026 국회의원 소병훈 의정보고회,2026-03-03T08:30:33Z,66.0,False,67,4.0,0.0
604,UC9BK2KCPSPFUqCKrCX7EYHg,소병훈TV,0dRRi62xXbg,"사진 한켠, 강한 존재감?! #shorts",2026-03-04T08:55:19Z,13.0,True,6001,24.0,0.0
604,UC9BK2KCPSPFUqCKrCX7EYHg,소병훈TV,9wmz6jsbM-Q,"모든 국민은 잠재적 환자다?! 환자 권리 보호, 왜 아직도 부족한가",2026-03-10T11:09:38Z,325.0,False,43,2.0,0.0
604,UC9BK2KCPSPFUqCKrCX7EYHg,소병훈TV,OJB1Hcm8YgI,의사 부족? 효율적인 배치부터 해야 합니다,2026-03-10T22:00:33Z,494.0,False,46,3.0,1.0
604,UC9BK2KCPSPFUqCKrCX7EYHg,소병훈TV,NK3L_tMlP5Q,20대 의사와 70대 의사는 같은 2명이 아니다?! #shorts,2026-03-11T08:30:19Z,46.0,True,1743,20.0,0.0
604,UC9BK2KCPSPFUqCKrCX7EYHg,소병훈TV,9U0_LGZlWcs,의사 한 명 키우는데 10년 걸립니다 #shorts,2026-03-24T09:00:11Z,18.0,True,1493,30.0,0.0
604,UC9BK2KCPSPFUqCKrCX7EYHg,소병훈TV,zhv6xCXjR7w,더불어민주당 중앙당 선관위원장 소병훈 #shorts,2026-03-25T09:01:18Z,21.0,True,5614,45.0,0.0
604,UC9BK2KCPSPFUqCKrCX7EYHg,소병훈TV,A76aF0IrSVU,센스 넘치는 선관위원장 소병훈 #shorts,2026-03-28T09:00:59Z,15.0,True,4187,30.0,1.0
604,UC9BK2KCPSPFUqCKrCX7EYHg,소병훈TV,QHl0fDqbKn0,소병훈 보건복지위원장 당선 인사 풀영상,2026-03-31T07:44:15Z,88.0,False,186,11.0,4.0
604,UC9BK2KCPSPFUqCKrCX7EYHg,소병훈TV,0TVAOCWjxx0,"소병훈 보건복지위원장, 위원장 2번째?! #shorts",2026-03-31T09:00:00Z,27.0,True,6862,109.0,0.0
604,UC9BK2KCPSPFUqCKrCX7EYHg,소병훈TV,wY0yJAyByrs,해야 할 일은 꼭 할 복지위원장 소병훈 #shorts,2026-04-02T08:30:36Z,45.0,True,3093,106.0,0.0
604,UC9BK2KCPSPFUqCKrCX7EYHg,소병훈TV,-e3sbueWbSQ,윤중로 벚꽃 산책 #shorts,2026-04-07T08:30:01Z,17.0,True,2782,23.0,1.0
604,UC9BK2KCPSPFUqCKrCX7EYHg,소병훈TV,oxUGTUKaX_k,기획예산처 장관이 설명해주는 소병훈의 OOTD #shorts,2026-04-08T09:01:13Z,21.0,True,15380,279.0,1.0
604,UC9BK2KCPSPFUqCKrCX7EYHg,소병훈TV,Zl_JKtCt_oY,위원장만 하는 소병훈?! #shorts,2026-04-21T08:30:15Z,23.0,True,1746,11.0,0.0
604,UC9BK2KCPSPFUqCKrCX7EYHg,소병훈TV,KAzqCDRCcfs,소병훈 선관위원장이 발표한 원내대표 투표 결과! #shorts,2026-05-06T09:09:26Z,23.0,True,126,8.0,0.0
605,UCx9KbEoARiJAVRM0D64fG4g,M투데이,Eo_iDWV5zrY,역대급 디자인으로 돌아온 포르쉐 카이엔,2023-08-30T02:15:20Z,41.0,True,214,1.0,1.0
605,UCx9KbEoARiJAVRM0D64fG4g,M투데이,HchZhWig9mE,"[1분 포커스] 역대급 변화 예고된 GV70 페이스리프트, 어떻게 달라질까?",2023-08-31T22:00:10Z,58.0,True,348,1.0,0.0
605,UCx9KbEoARiJAVRM0D64fG4g,M투데이,2zkSG91JbKE,"[1분 포커스] 770만원이나 차이날까? 현대차, 싼타페 PHEV 준비한다",2023-09-03T22:00:02Z,56.0,True,146,0.0,1.0
605,UCx9KbEoARiJAVRM0D64fG4g,M투데이,SdMarWq02I0,신형 싼타페  제일 궁금했던 3가지 살펴보았습니다,2023-09-06T12:09:09Z,210.0,False,3212,17.0,6.0
605,UCx9KbEoARiJAVRM0D64fG4g,M투데이,d8hD2VbOKIg,[1분 포커스] 생각보다 착하게 나왔다! 아이오닉 5 N 가격 공개,2023-09-07T22:00:20Z,57.0,True,1333,12.0,2.0
605,UCx9KbEoARiJAVRM0D64fG4g,M투데이,U_6joT2Tt4s,[1분 포커스] 2023년 8월 가장 잘 팔린 수입차 TOP5,2023-09-19T22:00:26Z,60.0,True,244,1.0,0.0
605,UCx9KbEoARiJAVRM0D64fG4g,M투데이,_FZiDsWBqGg,"[1분 포커스] 제네시스, 첫 쿠페형 SUV 'GV80 쿠페' 실물 드디어 떴다!",2023-09-26T22:00:18Z,60.0,True,2212,14.0,2.0
605,UCx9KbEoARiJAVRM0D64fG4g,M투데이,W9MCFDUWG4k,[1분 포커스] 제네시스 'G80 스포츠’ 페이스리프트 포착!,2023-10-03T22:00:15Z,59.0,True,3164,9.0,0.0
605,UCx9KbEoARiJAVRM0D64fG4g,M투데이,ITXnsOChmWs,"BMW 5시리즈 전기차 i5, 주행거리 384km...가격은 무려?",2023-10-10T22:00:13Z,60.0,True,592,1.0,0.0
605,UCx9KbEoARiJAVRM0D64fG4g,M투데이,euGLEcXLJXY,"기아 전기 SUV 'EV5' 국내 첫 공개, 오는 2025년 출시된다",2023-10-18T22:00:21Z,51.0,True,1437,8.0,1.0
605,UCx9KbEoARiJAVRM0D64fG4g,M투데이,uY29hs1ZkuU,"기아 '신형 카니발 페이스리프트', 완전체 모습 공개!",2023-10-24T22:00:34Z,59.0,True,2918,17.0,0.0
605,UCx9KbEoARiJAVRM0D64fG4g,M투데이,pA_Mw8os3oc,"[1분 포커스] 기아, 신형  K5 공개...가격 인상으로 논란",2023-10-31T22:00:26Z,59.0,True,616,4.0,1.0
605,UCx9KbEoARiJAVRM0D64fG4g,M투데이,Hh5_nIb_Q5s,[1분 포커스] 기아 신형 카니발 F/L  가격 얼마나 올랐을까?,2023-11-07T22:00:16Z,60.0,True,514,1.0,0.0
605,UCx9KbEoARiJAVRM0D64fG4g,M투데이,lZVCpSAO_ew,[1분 포커스] 신형 카니발 하이리무진 실물 포착!,2023-11-14T22:00:26Z,59.0,True,771,1.0,0.0
605,UCx9KbEoARiJAVRM0D64fG4g,M투데이,oW4u12zIgr8,"[1분 포커스] 탁송료 논란 터진 기아 카니발, 이런 이유였어?",2023-11-21T22:00:32Z,52.0,True,1111,6.0,1.0
605,UCx9KbEoARiJAVRM0D64fG4g,M투데이,qoK52HfR9ck,"[1분 포커스] 토요타 미니밴 알파드, 중고 가격이 더 비싸다?",2023-11-28T22:00:23Z,59.0,True,814,6.0,1.0
605,UCx9KbEoARiJAVRM0D64fG4g,M투데이,BcPAKZvUMS4,[1분 포커스] 12월 하이브리드 차량출고까지 대기기간은?,2023-12-05T22:30:01Z,58.0,True,1655,2.0,0.0
605,UCx9KbEoARiJAVRM0D64fG4g,M투데이,n8NBpyiVrac,[1분 포커스] 기아의 픽업트럭 타스만 2025년 2월 양산 시작 돌입!!,2023-12-12T22:00:20Z,59.0,True,2592,10.0,2.0
605,UCx9KbEoARiJAVRM0D64fG4g,M투데이,r7FXxZL7qfE,[1분 포커스] 2024년 기아의 신차에는 어떤 차들이?,2023-12-27T22:00:21Z,59.0,True,3493,13.0,3.0
605,UCx9KbEoARiJAVRM0D64fG4g,M투데이,G-GhjC3V_UE,"[1분 포커스] 토요타 연비킹 캠리, 상반기 국내 상륙!",2024-01-06T22:00:05Z,59.0,True,1849,9.0,0.0
605,UCx9KbEoARiJAVRM0D64fG4g,M투데이,Ya9Ml58D6nk,[1분 포커스] 무의미한 경쟁? 독3사 수백억 적자,2024-01-12T22:00:16Z,58.0,True,2547,5.0,0.0
605,UCx9KbEoARiJAVRM0D64fG4g,M투데이,iMROCYz_pEk,"[1분 포커스] 8년만에 돌아왔다! 벤츠의 신형 E클래스, 가격은?",2024-01-19T22:00:31Z,57.0,True,3816,12.0,0.0
605,UCx9KbEoARiJAVRM0D64fG4g,M투데이,LYs6NaL7SCc,연비킹 프리우스? 이제는 퍼포먼스킹이라 불러주세요!,2024-01-29T10:24:58Z,437.0,False,2065,8.0,6.0
605,UCx9KbEoARiJAVRM0D64fG4g,M투데이,jWOytYnOLTw,"[1분 포커스] 아반떼·싼타페 하이브리드, 출고까지 얼마나 걸릴까?",2024-02-03T22:00:16Z,56.0,True,2043,7.0,0.0
605,UCx9KbEoARiJAVRM0D64fG4g,M투데이,oBZBNB5jbOU,B·M·W 말고 '이 차' 타겠습니다 (홍보 영상 아님),2024-03-11T22:00:31Z,207.0,False,102,1.0,0.0
605,UCx9KbEoARiJAVRM0D64fG4g,M투데이,5XCHFKNQQws,포르쉐 파나메라 공개 (Porsche Panamera Official Launch),2024-04-02T05:56:06Z,17.0,True,96,1.0,0.0
605,UCx9KbEoARiJAVRM0D64fG4g,M투데이,adR1_eEpfKg,폭스바겐 투아렉 프레스티지 vs R-line 휠 디자인 차이,2024-08-06T23:17:58Z,43.0,True,1719,10.0,1.0
605,UCx9KbEoARiJAVRM0D64fG4g,M투데이,jm1roz_ZCuY,기아 더 뉴 K8(The New K8) 2열 공간 리뷰 #kia #thenewk8 #kiak8 #k8facelift #k8하이브리드 #k8뒷좌석 #K8리뷰,2024-08-11T12:47:42Z,41.0,True,35730,65.0,1.0
605,UCx9KbEoARiJAVRM0D64fG4g,M투데이,-iU0M5ORJMU,"The new Kia K8 front design (기아 ""더 뉴 K8"" 프런트 디자인 리뷰",2024-08-19T06:15:10Z,149.0,False,45,0.0,0.0
605,UCx9KbEoARiJAVRM0D64fG4g,M투데이,Aq4MQsaLjk8,폴스타 4의 미니멀리즘 디자인 콕핏을 소개합니다,2024-08-20T02:14:47Z,111.0,False,577,1.0,1.0
605,UCx9KbEoARiJAVRM0D64fG4g,M투데이,TLZXarEnj_E,폴스타 4 도어 어떻게 열어요?,2024-08-21T00:39:32Z,18.0,True,21590,53.0,0.0
605,UCx9KbEoARiJAVRM0D64fG4g,M투데이,ICnKtrljgtc,현대N x 토요타 가주 레이싱 페스티벌 하이라이트! #도넛#두리프트#현대N#토요타#가주레이싱,2024-10-31T07:22:57Z,40.0,True,609,2.0,0.0
605,UCx9KbEoARiJAVRM0D64fG4g,M투데이,7UcrtzkhNTY,"삼성전자, 런던에서 ‘갤럭시 2025 언팩 티저’ 홀로그램 쇼 진행",2025-01-16T23:20:27Z,28.0,True,2740,12.0,0.0
605,UCx9KbEoARiJAVRM0D64fG4g,M투데이,7cXbdkDurVg,"르노 그랑 콜레오스 조수석 디스플레이, 운전석에서 진짜 안보일까? #르노 #그랑콜레오스 #조수석 #디스플레이 #renault #grandkoleos #OpenR #시승기",2025-01-20T07:05:01Z,58.0,True,1712,3.0,0.0
605,UCx9KbEoARiJAVRM0D64fG4g,M투데이,hfb3jtbrrHc,팰리세이드 라이팅 패턴 5가지 살펴보기!  #신형 팰리세이드#팰리세이드 #라이팅패턴#웰컴라이트,2025-01-23T00:49:47Z,49.0,True,3993,8.0,0.0
605,UCx9KbEoARiJAVRM0D64fG4g,M투데이,CTZh_-ZkBHs,기아 EV4 외장 디자인 둘러보기,2025-03-05T04:16:46Z,60.0,True,832,4.0,0.0
605,UCx9KbEoARiJAVRM0D64fG4g,M투데이,KFSxwdhqO1c,"[엠투데이 팟캐스트] 푸조 308 스마트 하이브리드, 정말 안심하고 같은 가격에 구매 가능할까?",2025-05-13T06:22:36Z,289.0,False,67,2.0,0.0
605,UCx9KbEoARiJAVRM0D64fG4g,M투데이,rYKkk8Uju_I,스타 배우 ‘이동휘’가 말해주는 ‘G-클래스 스트롱거 댄 더 1980 에디션’ 느낌,2025-09-05T00:00:57Z,55.0,True,1807,6.0,0.0
605,UCx9KbEoARiJAVRM0D64fG4g,M투데이,rvyo7mSeddw,"대한민국 축구가 배출한 세계적인 스타, 차범근 감독님의 메르세데스‘G-클래스 스트롱거 댄 더 1980 에디션’을 본 소감은?",2025-09-05T01:00:54Z,50.0,True,1418,6.0,0.0
605,UCx9KbEoARiJAVRM0D64fG4g,M투데이,oGNlY8iIlhA,한국을 대표하는 메이저리거였던 추추트레인 추신수!! 그가 생각하는 ‘G-클래스 스트롱거 댄 더 1980 에디션’은 어떤 차일까?,2025-09-05T02:00:47Z,52.0,True,2021,0.0,0.0
605,UCx9KbEoARiJAVRM0D64fG4g,M투데이,hdmK3pfxA2E,"한국땅 밟은 고성능 전기 스포츠카, AMG CONCEPT GT XX #automobile",2025-11-20T01:10:54Z,62.0,False,22,1.0,0.0
605,UCx9KbEoARiJAVRM0D64fG4g,M투데이,cTEkxvekESE,"[짧은뉴스] 삼성전자 주식, 내년엔 얼마까지 올라갈까?",2025-12-30T07:04:16Z,37.0,True,1448,2.0,0.0
605,UCx9KbEoARiJAVRM0D64fG4g,M투데이,K7HK00aQIlM,"[짧은뉴스] 가격이 얼만데...갤럭시 Z 트라이폴드, 이렇게 부실하다고??",2025-12-30T13:25:15Z,32.0,True,342,1.0,0.0
605,UCx9KbEoARiJAVRM0D64fG4g,M투데이,XGT1ccZrrMU,"[[KG모빌리티] 모든 픽업트럭의 기준이 될 ""무쏘"" 최초 공개",2025-12-31T00:00:40Z,56.0,True,38,1.0,0.0
605,UCx9KbEoARiJAVRM0D64fG4g,M투데이,DlqnFpTYoxk,르노 필랑트 세계 최초 공개! #르노 #필랑트 #오로라2 #renault #FILANTE,2026-01-14T05:56:55Z,42.0,True,6589,29.0,0.0
605,UCx9KbEoARiJAVRM0D64fG4g,M투데이,fZ-FX7C0npo,한국 최초 공개! 페라리 12 칠린드리 테일러메이드(Ferrari 12Cilindri Tailor Made),2026-01-19T23:24:33Z,30.0,True,1433,10.0,3.0
605,UCx9KbEoARiJAVRM0D64fG4g,M투데이,UEUebfavAu8,테슬라 모델 Y L 3월 출시합니다,2026-01-20T02:33:33Z,31.0,True,2914,6.0,0.0
605,UCx9KbEoARiJAVRM0D64fG4g,M투데이,LuRPN88RGYI,"KGM 무쏘, 어떤 컬러가 가장 예쁠까? #kgm무쏘 #무쏘리뷰 #무쏘2026 #무쏘컬러",2026-02-12T06:46:41Z,45.0,True,4275,15.0,2.0
605,UCx9KbEoARiJAVRM0D64fG4g,M투데이,w0_rfl1_wDY,지커 7X NCM배터리 후방충돌 테스트,2026-04-28T07:37:03Z,35.0,True,1613,4.0,0.0
605,UCx9KbEoARiJAVRM0D64fG4g,M투데이,fDZwrkshGvQ,"세계 최초 공개, LEXUS All-New TZ",2026-05-12T08:30:18Z,33.0,True,40,0.0,0.0
606,UCp5cfZH1SqpyAL-kJcR9DTQ,현이하다,cL3L4tlVhDc,"현이 - 강한 럼블이 되는 법 (메카 파일럿, 반군, 잠입자, 폭파광)",2020-07-01T05:00:10Z,537.0,False,2174,29.0,65.0
606,UCp5cfZH1SqpyAL-kJcR9DTQ,현이하다,Gh7-AUEZoqE,"현이 - 우르곳 사랑해 (시공간, 싸움꾼, 잠입자, 전투 기계, 총잡이)",2020-07-08T05:00:03Z,371.0,False,1570,26.0,55.0
606,UCp5cfZH1SqpyAL-kJcR9DTQ,현이하다,pSNfBnqf8Ww,"현이 - 그녀의 감 (어몽 어스, 크루원, 임포스터)",2020-07-16T04:00:20Z,313.0,False,2073,30.0,38.0
606,UCp5cfZH1SqpyAL-kJcR9DTQ,현이하다,FTJSI3tpmBE,"현이 - 임포스터 잡는 방법 (어몽 어스, 크루원, 임포스터)",2020-07-24T23:00:29Z,326.0,False,6266,60.0,56.0
606,UCp5cfZH1SqpyAL-kJcR9DTQ,현이하다,71gKqqzVmgg,"현이 - 인기 많은 미드의 삶 (리신, 말자하, 쉔, 이즈리얼, 자이라)",2020-07-31T13:00:19Z,396.0,False,1527,23.0,40.0
606,UCp5cfZH1SqpyAL-kJcR9DTQ,현이하다,FhyDvYEVor8,"현이 - 오늘의 밸류 덱 (마법사, 시공간, 신비술사, 암흑의 별, 용병, 우주선, 전투 기계)",2020-08-07T14:00:37Z,317.0,False,1186,16.0,28.0
606,UCp5cfZH1SqpyAL-kJcR9DTQ,현이하다,-TdaBQBYaec,"현이 - 격전하고 친구 손절하는 이유 (라칸, 세나, 아무무, 에코, 헤카림)",2020-08-18T11:00:16Z,533.0,False,1277,23.0,40.0
606,UCp5cfZH1SqpyAL-kJcR9DTQ,현이하다,NZZDXUfHhOg,"현이 - 바보 자매 등장 (폴 가이즈, 파티, 서바이벌)",2020-08-22T03:00:28Z,265.0,False,1179,15.0,32.0
606,UCp5cfZH1SqpyAL-kJcR9DTQ,현이하다,ghKSn5XtSks,"현이 - 돌고 도는 꼬리잡기 (폴 가이즈, 파티, 서바이벌)",2020-09-02T10:00:26Z,247.0,False,831,14.0,29.0
606,UCp5cfZH1SqpyAL-kJcR9DTQ,현이하다,IymnbHf_Jgc,"현이 - 임포스터 꿀팁 (어몽 어스, 크루원, 임포스터)",2020-09-09T12:00:22Z,292.0,False,1103,15.0,40.0
606,UCp5cfZH1SqpyAL-kJcR9DTQ,현이하다,ABvX3EPsYPE,"현이 - 역전 재판 (어몽 어스, 크루원, 임포스터)",2020-09-21T11:00:45Z,379.0,False,1489,27.0,37.0
606,UCp5cfZH1SqpyAL-kJcR9DTQ,현이하다,i2QAH7JUTBw,"현이 - 양아치 신드라 (녹턴, 브라움, 신드라, 케이틀린, 헤카림)",2020-10-09T13:00:17Z,193.0,False,705,11.0,27.0
606,UCp5cfZH1SqpyAL-kJcR9DTQ,현이하다,SPw-u6kyTTg,"현이 - 신비로운 유성 아리 (가렌, 리신, 아리, 칼리스타, 탈리야)",2020-10-15T09:00:05Z,183.0,False,613,16.0,33.0
606,UCp5cfZH1SqpyAL-kJcR9DTQ,현이하다,biEbEgBI1to,"현이 - 행복한 봇 (리신, 베이가, 블리츠크랭크, 이렐리아, 이즈리얼)",2020-10-22T11:00:22Z,208.0,False,425,12.0,28.0
606,UCp5cfZH1SqpyAL-kJcR9DTQ,현이하다,dIOO0NWlErM,"현이 - 바텀에서 기도하기 (레넥톤, 모르가나, 사일러스, 진, 헤카림)",2020-10-31T11:00:19Z,196.0,False,622,13.0,24.0
607,UCUa5i4jewy4uuifQDOnavDw,더블노블티비,HI5wmM8QnTw,RENAULT CAPTUR 르노 캡처 빗길 주행 1인칭 시점 POV,2020-05-21T00:47:51Z,833.0,False,1468,9.0,4.0
607,UCUa5i4jewy4uuifQDOnavDw,더블노블티비,5fZ3YDBoNKU,취향저격 심쿵 SUV 폭스바겐 2020 티구안 올스페이스 7인승 시승기(volkswagen Tiguan Allspace Review),2020-05-26T13:40:52Z,1282.0,False,17129,91.0,30.0
607,UCUa5i4jewy4uuifQDOnavDw,더블노블티비,WUroTLox-cg,여름철 자동차 에어컨 필터 교체와 쾌적한 실내공기를 위해서 불스원 살라딘 훈증캔 방법 후기 영상!,2020-06-01T09:38:07Z,617.0,False,657,7.0,6.0
607,UCUa5i4jewy4uuifQDOnavDw,더블노블티비,4DqW3-gmNtU,제네시스 gv80 3.5 터보 가솔린 POV 주행 영상! 제네시스 커넥티드 서비스 경험했어요 ^^,2020-06-15T13:14:23Z,1857.0,False,4839,34.0,13.0
607,UCUa5i4jewy4uuifQDOnavDw,더블노블티비,pol2qPZbb0Y,BMW 5시리즈 수입차 100% 합성엔진오일 교환! 불스원 G-테크 스마트 5W-30 SP 엔진오일 교체 후기,2020-06-18T13:51:52Z,725.0,False,1218,11.0,8.0
607,UCUa5i4jewy4uuifQDOnavDw,더블노블티비,RTtYXUq4XNI,제네시스 GV80 3.5T 터보 가솔린 시승기(부제 : 우리 가족 패밀리카로 딱인데..),2020-06-27T01:26:55Z,820.0,False,4505,28.0,25.0
607,UCUa5i4jewy4uuifQDOnavDw,더블노블티비,Au7rM1rPNVc,수입차 자동차 와이퍼 쉽게 교환 하는 방법! 불스원 EZFLAT 와이퍼로 BMW 520d 교환해주기,2020-06-30T10:26:22Z,642.0,False,13645,57.0,9.0
607,UCUa5i4jewy4uuifQDOnavDw,더블노블티비,dvMf-1d9L7A,"더 뉴 싼타페 페이스리프트 출시 현장에서 전시차 색상, 가격 알아봤어요!",2020-07-01T08:53:46Z,652.0,False,4646,21.0,5.0
607,UCUa5i4jewy4uuifQDOnavDw,더블노블티비,9Xa53XgLvOU,싼타페 페이스리프트 7인승 실내 공간(5인승 모델 비교 영상이에요),2020-07-02T04:46:49Z,701.0,False,25099,95.0,40.0
607,UCUa5i4jewy4uuifQDOnavDw,더블노블티비,dsTSLrEAu4w,볼보 XC40 r design 1인칭 POV 주행영상 시승기,2020-07-27T06:34:17Z,1327.0,False,3487,15.0,16.0
607,UCUa5i4jewy4uuifQDOnavDw,더블노블티비,wIB52xUjLn4,SM6 TCe 300 페이스리프트 서킷 시승기! 내가 알던 그 SM6 맞아?,2020-08-07T12:39:15Z,872.0,False,1421,13.0,9.0
607,UCUa5i4jewy4uuifQDOnavDw,더블노블티비,CY3Q1gAldX8,불스원샷! 물 없이 간편세차 하는 방법! 10분이면 셀프세차 성공,2020-08-27T12:47:13Z,764.0,False,17249,77.0,20.0
607,UCUa5i4jewy4uuifQDOnavDw,더블노블티비,uW4RXoRdGQ8,카니발 풀체인지 2.2디젤 실시간 시승기(7인승 시그니처 모델 옵션 고속도로 주행중),2020-08-29T14:28:46Z,1442.0,False,3646,29.0,10.0
607,UCUa5i4jewy4uuifQDOnavDw,더블노블티비,No1wXdxD4S4,비 내리는 날은 절대 타지 마세요!! 르노 트위지 재밌는 시승기,2020-09-09T00:57:48Z,1077.0,False,5318,34.0,12.0
607,UCUa5i4jewy4uuifQDOnavDw,더블노블티비,PQno3Chqb1I,2020 신형 포터2 출고하고 실오너 1년 시승기(오토 풀옵션 화물차 시승기),2020-09-10T13:56:57Z,1481.0,False,67194,361.0,105.0
607,UCUa5i4jewy4uuifQDOnavDw,더블노블티비,tbx7wX-YSjE,불스원 크리스탈 코트 플러스 BMW 5시리즈 초간단 셀프 유리막코팅 시공방법,2020-09-14T12:22:57Z,606.0,False,1696,13.0,4.0
607,UCUa5i4jewy4uuifQDOnavDw,더블노블티비,wn_nns8sqFw,투싼 풀체인지 실차 구경기 리뷰! 하이브리드 모델 가격 공개,2020-09-28T11:43:51Z,1168.0,False,6379,59.0,13.0
607,UCUa5i4jewy4uuifQDOnavDw,더블노블티비,CKCyI81No9Q,신형 투싼 하이브리드 시승기 TUCSON HYBRID CAR REVIEW,2020-10-26T16:09:10Z,1128.0,False,9643,79.0,17.0
607,UCUa5i4jewy4uuifQDOnavDw,더블노블티비,LBISqF8Z6jk,셀프세차 후 내 차량관리! 자동차 스크래치 제거와 함께 발수 코팅 광택 내는 방법(불스원 퀵 올인원 폴리시),2020-10-30T05:40:08Z,729.0,False,362,8.0,6.0
607,UCUa5i4jewy4uuifQDOnavDw,더블노블티비,AuCvZIPdqb0,기아 스팅어 마이스터 2.5 가솔린 터보 페이스리프트 야간주행 POV 영상,2020-10-30T23:15:01Z,796.0,False,7777,35.0,18.0
607,UCUa5i4jewy4uuifQDOnavDw,더블노블티비,5Utug6aWw0I,쌍용 올뉴렉스턴 럭셔리 트림 vs 프레스티지 트림 전시장에서 직접 보고 왔어요,2020-11-13T02:54:12Z,993.0,False,69048,347.0,100.0
607,UCUa5i4jewy4uuifQDOnavDw,더블노블티비,XTKGD8G_fAo,컴팩트 소형 SUV 벤츠 GLB 220 1인칭 POV 주행 시점 리뷰(Mercedes Benz GLB220 REVIEW),2020-11-15T10:52:50Z,971.0,False,6408,23.0,15.0
607,UCUa5i4jewy4uuifQDOnavDw,더블노블티비,-qRpBWbZC2M,전륜구동 290마력 강력한 성능 현대 쏘나타 N라인! 실차 직접 구경하고 왔어요,2020-11-19T15:52:31Z,640.0,False,687,7.0,9.0
607,UCUa5i4jewy4uuifQDOnavDw,더블노블티비,pNViJNTCOhs,첫눈 내리기 전 내 차에 꼭 필요한 자동차용품! 불스원 레인OK 3종(차량 전방시야를 확보해주는 불스원 에탄올 코팅워셔액),2020-12-03T10:51:27Z,583.0,False,2945,9.0,5.0
607,UCUa5i4jewy4uuifQDOnavDw,더블노블티비,sydMWHaoS-s,제네시스 GV70 실차 공개 구경합니다 라이브 궁금한거 물어봐주시면 다 봐드려요!,2020-12-08T23:13:15Z,2613.0,False,1188,14.0,7.0
607,UCUa5i4jewy4uuifQDOnavDw,더블노블티비,UYzBfmcFzN4,헤리티지 컨버전 카니발 리무진 캠핑카 POV 주행영상(카니발 하이리무진 개조 캠핑카),2020-12-11T16:39:38Z,925.0,False,776,9.0,0.0
607,UCUa5i4jewy4uuifQDOnavDw,더블노블티비,8z_5zurzioA,반려동물 필수품 불스원 펫케어! 애완동물 탈취살균수 이거 하나면 반려동물 배설물 냄새/세균바이러스 완벽 차단,2021-01-04T14:52:56Z,382.0,False,173,7.0,8.0
607,UCUa5i4jewy4uuifQDOnavDw,더블노블티비,5ToP0uWlSUM,테슬라모델Y 국내 최초 출시 예정이라는 롯데백화점 테슬라 팝업스토어에 다녀왔어요! 실물은 내일 공개!,2021-01-12T16:54:10Z,316.0,False,904,9.0,2.0
607,UCUa5i4jewy4uuifQDOnavDw,더블노블티비,zp0tt3NEFyA,511km 주행가능한 전기차 테슬라 모델 Y 출시! 바로 달려가서 실차 보고 왔어요 생각보다 엄청? 넓었던 SUV 전기차 모델 Y(Tesla model Y),2021-01-13T06:37:43Z,298.0,False,9546,63.0,31.0
607,UCUa5i4jewy4uuifQDOnavDw,더블노블티비,Ozo7VKMl6jY,프랑스 전기차 국내 겨울 르노 조에 POV 1인칭 주행영상,2021-03-13T02:32:45Z,737.0,False,1495,19.0,12.0
607,UCUa5i4jewy4uuifQDOnavDw,더블노블티비,YWAlVVhJlOs,테슬라 모델3 롱레인지 리프레쉬 블랙 컬러 Tesla Model 3 Long range dual motor AWD black color,2021-03-29T16:36:09Z,875.0,False,1398,14.0,16.0
607,UCUa5i4jewy4uuifQDOnavDw,더블노블티비,Vuz1PhIjqCA,JEEP Grand Cherokee 80th Anniversary Edition 지프 그랜드 체로키 1인칭 POV 주행영상,2021-04-16T16:36:11Z,1840.0,False,2487,18.0,10.0
607,UCUa5i4jewy4uuifQDOnavDw,더블노블티비,uOAmA48NJN4,테슬라 모델Y 국내 시승행사를 시작한다고 해서 미리 염탐? 하고 왔어요! TESLA MODEL Y LONGRANGE,2021-04-29T14:00:00Z,286.0,False,1104,10.0,2.0
607,UCUa5i4jewy4uuifQDOnavDw,더블노블티비,bHai9g2dIYQ,승차감 논란? 테슬라모델Y 주문 계약한 예비 오너분(저포함)들이 제일 궁금해 하는 뒷좌석 시승기!,2021-05-01T05:27:04Z,849.0,False,13635,141.0,84.0
607,UCUa5i4jewy4uuifQDOnavDw,더블노블티비,RGfRuAYdlHI,테슬라 모델3 리프레쉬 출고 현장에서 틴팅 썬팅 고민하시는 분들 정리해드립니다!,2021-05-08T04:40:34Z,1151.0,False,5589,24.0,12.0
607,UCUa5i4jewy4uuifQDOnavDw,더블노블티비,QzJrlYIVUJo,테슬라모델3 1인칭 야간주행영상(Tesla model3 longrange night POV),2021-05-18T08:40:43Z,827.0,False,2922,9.0,13.0
607,UCUa5i4jewy4uuifQDOnavDw,더블노블티비,VLTxgdc1aDU,현대 전기차 아이오닉5 POV 1인칭 주행영상(HYUNDAI E-GMP IONIQ5 DRIVE),2021-05-24T14:20:00Z,3228.0,False,2788,28.0,11.0
607,UCUa5i4jewy4uuifQDOnavDw,더블노블티비,kYX1dkbGYiU,친한동생 테슬라모델Y 출고하는 날(친한동생이 구독자 15만 유튜버 비피디 솔님이라는 ㅋㅋ),2021-09-15T07:47:43Z,902.0,False,2661,23.0,3.0
607,UCUa5i4jewy4uuifQDOnavDw,더블노블티비,5_utEEACueE,테슬라모델Y 스탠다드 출고 영상! 저도 이제 전기차 오너입니다(TeslaModelYstandardrange),2021-09-29T23:34:28Z,1239.0,False,4409,30.0,24.0
607,UCUa5i4jewy4uuifQDOnavDw,더블노블티비,Agn-o1-W_Ik,제네시스gv60 실내 실외 직접 찍어왔습니다! 설명 없이 영상으로만 편하게 보세요,2021-10-02T00:05:28Z,389.0,False,402,6.0,4.0
607,UCUa5i4jewy4uuifQDOnavDw,더블노블티비,8kx1JWltMxc,캐딜락 CT5 SPORT POV 1인칭 주행영상 시승기,2022-02-12T13:52:15Z,895.0,False,5054,24.0,15.0
607,UCUa5i4jewy4uuifQDOnavDw,더블노블티비,-I7HdAoRT3g,경차 기아 레이밴 1인승 고속도로 주행 POV 영상,2022-03-08T00:45:40Z,2582.0,False,3886,31.0,6.0
607,UCUa5i4jewy4uuifQDOnavDw,더블노블티비,cnp5BHX0UOY,갓성비 소형 SUV 더 뉴 셀토스 페이스리프트 1인칭 주행영상,2022-07-27T23:30:04Z,1451.0,False,13131,63.0,36.0
607,UCUa5i4jewy4uuifQDOnavDw,더블노블티비,29axumyYnis,더블노블티비님의 실시간 스트림,2022-09-27T15:24:26Z,,False,0,0.0,0.0
607,UCUa5i4jewy4uuifQDOnavDw,더블노블티비,27R30e5w-80,쌍용차 픽업 트럭 렉스턴 스포츠 칸 POV 주행영상,2022-11-09T14:26:31Z,1055.0,False,1219,10.0,3.0
607,UCUa5i4jewy4uuifQDOnavDw,더블노블티비,_v6Y224Zx1s,르노코리아 XM3 하이브리드 부산 시승행사 주행영상 시승차 색상 일렉트릭 오렌지,2022-11-10T11:31:23Z,3138.0,False,1070,6.0,2.0
607,UCUa5i4jewy4uuifQDOnavDw,더블노블티비,kD_TAIFkrhk,대구 엑스코에서 열린 대동모빌리티 자율주행 트랙터와 전기 E-바이크 만나봤어요,2022-11-17T00:52:20Z,854.0,False,460,6.0,2.0
607,UCUa5i4jewy4uuifQDOnavDw,더블노블티비,bQk4TMRVy4s,핫해치 폭스바겐 골프 8세대 페이스리프트 런칭 스케치,2025-03-14T10:07:47Z,271.0,False,91,5.0,2.0
607,UCUa5i4jewy4uuifQDOnavDw,더블노블티비,U4kexkxHwqY,"테슬라모델Y 주니퍼 RWD 출고!5,299만원 + 화이트 컬러 옵션 1,286,000원 추가해서 주문하고 한달 반 대기 출고했어요",2025-06-03T03:27:13Z,44.0,True,32888,103.0,44.0
607,UCUa5i4jewy4uuifQDOnavDw,더블노블티비,Umdpcz_BXmw,더블노블티비's broadcast,2026-03-21T02:52:53Z,,False,0,0.0,0.0
608,UCEORvQvI87egoPRrAv515RA,원더랜드제이,b99E_qSaDwU,[닥터스패러디] 닥터의 후예,2016-07-14T19:11:03Z,152.0,False,909261,6307.0,301.0
608,UCEORvQvI87egoPRrAv515RA,원더랜드제이,oHEvKAIz7-E,[도깨비패러디] 도깨비X저승이X외계인이 만난다면? 별에서 온 도깨비,2016-12-14T07:41:21Z,102.0,False,100696,1234.0,68.0
608,UCEORvQvI87egoPRrAv515RA,원더랜드제이,M99xJdwhUWk,[도깨비패러디] 왕여X김선 도깨비판 '너의 이름은'이 나온다면?,2017-01-15T08:05:52Z,131.0,False,78903,1717.0,94.0
608,UCEORvQvI87egoPRrAv515RA,원더랜드제이,VVM8yDqgWXE,"[뮤지컬 패러디] 쓰릴미가 영화로 나온다면? 김무열, 최재웅편",2017-04-12T08:17:11Z,110.0,False,34760,1423.0,31.0
608,UCEORvQvI87egoPRrAv515RA,원더랜드제이,TLrf97X80uA,[청춘시대 패러디] 쏭성민 청춘시대판 '플립'이 나온다면?,2017-09-18T05:32:14Z,140.0,False,289190,3656.0,95.0
608,UCEORvQvI87egoPRrAv515RA,원더랜드제이,lPjRrO_qZVk,[청춘시대 패러디] 쏭성민이 사귄다면? 연애시대,2017-09-26T06:58:00Z,128.0,False,197649,2357.0,50.0
608,UCEORvQvI87egoPRrAv515RA,원더랜드제이,nx1gmW1byhk,[청춘시대 패러디] 청춘시대 시즌3가 나온다면? 가상 예고편,2017-10-09T03:35:56Z,139.0,False,287739,6302.0,396.0
608,UCEORvQvI87egoPRrAv515RA,원더랜드제이,OhSCrWGLjE8,[청춘시대 패러디] 쏭성민의 8년 후. 지금 만나러 갑니다  (((수정본))),2017-10-16T10:56:34Z,168.0,False,122511,2612.0,130.0
608,UCEORvQvI87egoPRrAv515RA,원더랜드제이,E3OonhCIaQ8,[청춘시대 패러디] 시즌3에서 쏭성민이 기자가 된다면? 뉴스룸,2017-10-29T10:58:46Z,139.0,False,82302,1354.0,63.0
608,UCEORvQvI87egoPRrAv515RA,원더랜드제이,xV8AFqycm3I,[슬기로운감빵생활 패러디] 2상6방이 검찰이라면? 슬기로운검찰생활,2018-01-30T12:17:06Z,105.0,False,367387,8211.0,539.0
608,UCEORvQvI87egoPRrAv515RA,원더랜드제이,gNR6sB1fqsk,[킬미힐미 패러디] 서준에게 배신당한 요나! 요나의 유혹,2018-06-17T07:24:07Z,152.0,False,2429,77.0,8.0
608,UCEORvQvI87egoPRrAv515RA,원더랜드제이,SAlvRKdYk_M,"[옷소매 붉은 끝동 X 사도] 사도세자의 아들, 이산",2022-01-13T20:34:54Z,470.0,False,70556,2733.0,153.0
609,UCQ0JZGdoxgBH1CYL1V3llnw,LearnVibe,C7VvunDXs8A,야구의 대명사 최동원 선수,2017-08-24T01:31:33Z,477.0,False,29469,356.0,90.0
609,UCQ0JZGdoxgBH1CYL1V3llnw,LearnVibe,Jpp0p5WoHJc,타격의 달인 장효조 선수,2017-08-24T06:36:10Z,797.0,False,30206,274.0,68.0
609,UCQ0JZGdoxgBH1CYL1V3llnw,LearnVibe,7jGu7QjQWTo,영원한 4할 타자 백인천 선수,2017-08-28T04:47:55Z,672.0,False,46588,341.0,86.0
609,UCQ0JZGdoxgBH1CYL1V3llnw,LearnVibe,4J1utbCpigk,불사조 박철순 선수,2017-09-13T00:33:26Z,672.0,False,36815,279.0,45.0
609,UCQ0JZGdoxgBH1CYL1V3llnw,LearnVibe,mbI7yKlZbtk,돌풍의 상징 김기태 선수,2017-09-27T01:03:53Z,539.0,False,64514,326.0,74.0
609,UCQ0JZGdoxgBH1CYL1V3llnw,LearnVibe,PLYxmC3dfo4,타이거즈의 위대한 살림꾼 김성한 선수,2017-10-17T18:24:18Z,434.0,False,187731,1017.0,265.0
609,UCQ0JZGdoxgBH1CYL1V3llnw,LearnVibe,eUY0OexRjb0,그라운드의 여우 김재박 선수,2017-10-23T05:02:11Z,534.0,False,25927,192.0,56.0
609,UCQ0JZGdoxgBH1CYL1V3llnw,LearnVibe,-F4h7ReXxLk,꼴찌팀의 서글픈 스타 장명부 선수,2017-10-31T02:57:17Z,822.0,False,77387,491.0,118.0
609,UCQ0JZGdoxgBH1CYL1V3llnw,LearnVibe,WVjm_NC5yfY,연습생 신화의 원조 한용덕 선수,2017-11-06T09:20:45Z,526.0,False,59521,392.0,74.0
609,UCQ0JZGdoxgBH1CYL1V3llnw,LearnVibe,MjwgLvKa0CQ,홈런왕 이만수 선수,2017-11-13T01:55:51Z,732.0,False,7298,82.0,12.0
609,UCQ0JZGdoxgBH1CYL1V3llnw,LearnVibe,dLdi06cIepA,홈런왕 김봉연 선수,2017-11-20T02:19:48Z,792.0,False,21208,159.0,29.0
609,UCQ0JZGdoxgBH1CYL1V3llnw,LearnVibe,qiNguNS69TY,가장 아름다운 스윙 김우열 선수,2017-12-04T01:57:42Z,613.0,False,57237,331.0,79.0
609,UCQ0JZGdoxgBH1CYL1V3llnw,LearnVibe,d2mgFAuyZ0Q,영원한 신인왕 김건우 선수,2017-12-11T05:40:48Z,780.0,False,39753,335.0,84.0
609,UCQ0JZGdoxgBH1CYL1V3llnw,LearnVibe,Nr-Nuw7jOmg,부산 야구의 상징 주형광 선수,2017-12-17T23:30:00Z,614.0,False,31330,205.0,57.0
609,UCQ0JZGdoxgBH1CYL1V3llnw,LearnVibe,i4Phs02gve0,캐논 김재현 선수,2017-12-26T01:24:36Z,635.0,False,38262,242.0,54.0
609,UCQ0JZGdoxgBH1CYL1V3llnw,LearnVibe,dDqeQU1oXbo,역전의 싸움닭 조계현 선수,2018-01-08T00:51:33Z,694.0,False,68033,450.0,87.0
609,UCQ0JZGdoxgBH1CYL1V3llnw,LearnVibe,QkeL8nk2XHE,개막전의 사나이 장호연 선수,2018-03-26T02:05:46Z,616.0,False,39426,261.0,65.0
609,UCQ0JZGdoxgBH1CYL1V3llnw,LearnVibe,68booQ5gc6I,에이스의 품격 김시진 선수_2018SBA1인미디어,2018-04-02T08:13:54Z,831.0,False,43280,288.0,95.0
609,UCQ0JZGdoxgBH1CYL1V3llnw,LearnVibe,U6GmS1AGaEk,연습생 신화 장종훈 선수_2018SBA1인미디어,2018-04-09T02:52:28Z,733.0,False,18103,129.0,55.0
609,UCQ0JZGdoxgBH1CYL1V3llnw,LearnVibe,NSWoFZ3imAo,강철허리 차명석 선수,2018-06-12T02:53:19Z,587.0,False,65439,549.0,94.0
609,UCQ0JZGdoxgBH1CYL1V3llnw,LearnVibe,fQda78Qoz5Q,마운드의 교과서 송진우 선수,2018-06-18T00:19:09Z,544.0,False,20451,147.0,51.0
609,UCQ0JZGdoxgBH1CYL1V3llnw,LearnVibe,hkJqCOpQ9DU,인천 야구의 큰 아들 김경기 선수,2018-07-02T04:00:05Z,577.0,False,25798,261.0,85.0
609,UCQ0JZGdoxgBH1CYL1V3llnw,LearnVibe,Cm8w9VrTkKc,야구장의 독재자 선동열 선수,2018-07-06T02:58:14Z,756.0,False,383256,1619.0,559.0
609,UCQ0JZGdoxgBH1CYL1V3llnw,LearnVibe,aSjhYN8VfdM,작은 탱크 박정태 선수,2018-07-09T03:00:00Z,472.0,False,9053,62.0,13.0
609,UCQ0JZGdoxgBH1CYL1V3llnw,LearnVibe,KStk92IhbDI,잠실의 홈런왕 김상호 선수,2018-09-17T07:33:56Z,444.0,False,12014,129.0,36.0
609,UCQ0JZGdoxgBH1CYL1V3llnw,LearnVibe,cyTovgyqjcQ,야구의 추억 Live Stream,2023-08-04T05:58:35Z,,False,0,0.0,0.0
610,UCIz2huc-BRY7cjnkL2oU9Cw,Dead Radio Club,dEkxlsYWooY,Isabel LaRosa - older (Lyrics),2026-03-25T15:02:22Z,138.0,False,2726,33.0,0.0
610,UCIz2huc-BRY7cjnkL2oU9Cw,Dead Radio Club,7uaNCXLpQKw,Vampire Weekend - Classical (Lyrics),2026-03-26T15:22:13Z,260.0,False,226,6.0,0.0
610,UCIz2huc-BRY7cjnkL2oU9Cw,Dead Radio Club,tl3z2gef09c,"Roy Orbison - Oh, Pretty Woman (Lyrics)",2026-03-27T15:10:11Z,178.0,False,2502,32.0,1.0
610,UCIz2huc-BRY7cjnkL2oU9Cw,Dead Radio Club,EdOjKvn1ZxY,P!nk - Try (Lyrics),2026-03-28T15:05:49Z,244.0,False,32157,100.0,1.0
610,UCIz2huc-BRY7cjnkL2oU9Cw,Dead Radio Club,VEYEuopuAtI,Jack Harris - Voices In My Head (they said) (Lyrics),2026-03-29T13:49:54Z,160.0,False,450,8.0,0.0
610,UCIz2huc-BRY7cjnkL2oU9Cw,Dead Radio Club,YXAEgffFHDw,Dominic Fike - 3 Nights (Lyrics),2026-03-30T14:37:26Z,178.0,False,918,16.0,1.0
610,UCIz2huc-BRY7cjnkL2oU9Cw,Dead Radio Club,r05ss7Igk6g,Nothing But Thieves - If I Get High (Lyrics),2026-03-31T16:14:20Z,207.0,False,309,6.0,0.0
610,UCIz2huc-BRY7cjnkL2oU9Cw,Dead Radio Club,0vTw1W5PK2o,The Script - If You Could See Me Now (Lyrics),2026-04-01T14:36:38Z,220.0,False,13283,42.0,1.0
610,UCIz2huc-BRY7cjnkL2oU9Cw,Dead Radio Club,XSkz7hOhvq8,COTERIE - Paradise (Lyrics),2026-04-02T13:58:40Z,108.0,False,789,9.0,0.0
610,UCIz2huc-BRY7cjnkL2oU9Cw,Dead Radio Club,aDK6RHrbU5g,Billy Joel - Uptown Girl (Lyrics),2026-04-03T14:08:32Z,195.0,False,91659,415.0,5.0
610,UCIz2huc-BRY7cjnkL2oU9Cw,Dead Radio Club,r_NCmoyroF0,Beach Weather - High in Low Places (Lyrics),2026-04-04T14:07:31Z,191.0,False,742,10.0,0.0
610,UCIz2huc-BRY7cjnkL2oU9Cw,Dead Radio Club,e1spQi1cPuQ,Cults - Gilded Lily (Lyrics),2026-04-05T13:50:02Z,213.0,False,5703,54.0,1.0
610,UCIz2huc-BRY7cjnkL2oU9Cw,Dead Radio Club,C53UhfH0HNU,Micah Dailey-White - Desire (Lyrics),2026-04-06T13:54:13Z,132.0,False,172,4.0,0.0
610,UCIz2huc-BRY7cjnkL2oU9Cw,Dead Radio Club,h4_xzHiuwuU,Elvis Presley - Jailhouse Rock (Lyrics),2026-04-07T14:30:49Z,149.0,False,629,10.0,0.0
610,UCIz2huc-BRY7cjnkL2oU9Cw,Dead Radio Club,0l2pps5QEEs,The Neighbourhood - Void (Lyrics),2026-04-08T14:08:18Z,204.0,False,1970,31.0,0.0
610,UCIz2huc-BRY7cjnkL2oU9Cw,Dead Radio Club,EnH3kfauhDg,Silverchair - Tomorrow (Lyrics),2026-04-09T15:02:31Z,267.0,False,230,4.0,0.0
610,UCIz2huc-BRY7cjnkL2oU9Cw,Dead Radio Club,ClsvdkmrzOE,Boston - More Than a Feeling (Lyrics),2026-04-10T12:49:08Z,286.0,False,468,9.0,0.0
610,UCIz2huc-BRY7cjnkL2oU9Cw,Dead Radio Club,pqzt7s94AxY,Foster The People - Pumped Up Kicks (Lyrics),2026-04-11T11:49:35Z,239.0,False,1074,11.0,0.0
610,UCIz2huc-BRY7cjnkL2oU9Cw,Dead Radio Club,xaUlpblREb0,MGMT - Me And Michael (Lyrics),2026-04-12T14:11:56Z,290.0,False,513,13.0,0.0
610,UCIz2huc-BRY7cjnkL2oU9Cw,Dead Radio Club,ir_VtComx34,MISSIO - Twisted (Lyrics),2026-04-13T20:18:37Z,223.0,False,9994,102.0,0.0
610,UCIz2huc-BRY7cjnkL2oU9Cw,Dead Radio Club,M3-tP12sB5k,Callalily - Magbalik (Lyrics),2026-04-14T12:21:12Z,327.0,False,1545,11.0,0.0
610,UCIz2huc-BRY7cjnkL2oU9Cw,Dead Radio Club,Z_uaNrq3byQ,Blood Orange - Mind Loaded (Lyrics),2026-04-15T13:30:10Z,219.0,False,234,5.0,0.0
610,UCIz2huc-BRY7cjnkL2oU9Cw,Dead Radio Club,hmmeI0Dkk8M,AWOLNATION - Sail (Lyrics),2026-04-16T12:26:01Z,264.0,False,907210,3551.0,25.0
610,UCIz2huc-BRY7cjnkL2oU9Cw,Dead Radio Club,E1SgbLaTkO4,Cueshé - Damage (Lyrics),2026-04-17T12:53:44Z,256.0,False,869,10.0,0.0
610,UCIz2huc-BRY7cjnkL2oU9Cw,Dead Radio Club,jwlrv-CQa4I,SIIGHTS - All My Life (Lyrics),2026-04-18T12:05:49Z,136.0,False,533,7.0,1.0
610,UCIz2huc-BRY7cjnkL2oU9Cw,Dead Radio Club,jJlnPEGLEtM,REO Speedwagon - Can't Fight This Feeling (Lyrics),2026-04-19T13:04:26Z,295.0,False,97865,429.0,6.0
610,UCIz2huc-BRY7cjnkL2oU9Cw,Dead Radio Club,UyTWLaTRpbw,Alice In Chains - Nutshell (Lyrics),2026-04-20T12:28:31Z,260.0,False,110330,426.0,8.0
610,UCIz2huc-BRY7cjnkL2oU9Cw,Dead Radio Club,-Ofp0mJTtO0,MISSIO - Sing To Me (Lyrics),2026-04-21T12:01:18Z,191.0,False,9151,48.0,1.0
610,UCIz2huc-BRY7cjnkL2oU9Cw,Dead Radio Club,T8V0R-_TYng,Amber Run - I Found (Lyrics),2026-04-22T12:04:07Z,274.0,False,43161,152.0,0.0
610,UCIz2huc-BRY7cjnkL2oU9Cw,Dead Radio Club,q45uvepB5vA,The Neighbourhood - Middle of Somewhere (Lyrics),2026-04-23T12:01:33Z,172.0,False,843,11.0,0.0
610,UCIz2huc-BRY7cjnkL2oU9Cw,Dead Radio Club,vpC9Lt4yJs4,Isabel LaRosa - older (Lyrics/sped up),2026-04-24T12:30:34Z,126.0,False,4621,63.0,2.0
610,UCIz2huc-BRY7cjnkL2oU9Cw,Dead Radio Club,SMkIWR3_pxs,Keane - Somewhere Only We Know (Lyrics),2026-04-25T12:03:34Z,238.0,False,249678,415.0,4.0
610,UCIz2huc-BRY7cjnkL2oU9Cw,Dead Radio Club,GYbN0RZOgv0,The Goo Goo Dolls - Iris (Lyrics),2026-04-26T13:31:58Z,290.0,False,858,11.0,0.0
610,UCIz2huc-BRY7cjnkL2oU9Cw,Dead Radio Club,8GrPcsOfAuU,DMA'S - Heatin' Park (Lyrics),2026-04-27T18:51:19Z,192.0,False,317,5.0,1.0
610,UCIz2huc-BRY7cjnkL2oU9Cw,Dead Radio Club,jF2IjVH3dP8,Cage The Elephant - Come a Little Closer (Lyrics),2026-04-28T12:02:59Z,231.0,False,8845,49.0,0.0
610,UCIz2huc-BRY7cjnkL2oU9Cw,Dead Radio Club,fCcZRqx6_LE,Ax and the Hatchetmen - Sunscreen (Lyrics),2026-04-29T12:00:38Z,174.0,False,162,2.0,1.0
610,UCIz2huc-BRY7cjnkL2oU9Cw,Dead Radio Club,ldKi6FXdT5s,The Neighbourhood - Stargazing (Lyrics),2026-04-30T12:30:10Z,218.0,False,972,11.0,1.0
610,UCIz2huc-BRY7cjnkL2oU9Cw,Dead Radio Club,QdnEtN1OZXk,Journey - Don't Stop Believin' (Lyrics),2026-05-01T23:02:44Z,250.0,False,120180,315.0,3.0
610,UCIz2huc-BRY7cjnkL2oU9Cw,Dead Radio Club,LWv9r62grq0,Manic Street Preachers - Brushstrokes of Reunion (Lyrics),2026-05-03T23:31:51Z,216.0,False,64,3.0,0.0
610,UCIz2huc-BRY7cjnkL2oU9Cw,Dead Radio Club,_01Tv5oGqeg,Alice In Chains - Man in the Box (Lyrics),2026-05-04T12:39:52Z,287.0,False,6450,55.0,2.0
610,UCIz2huc-BRY7cjnkL2oU9Cw,Dead Radio Club,WkohYU3TbP8,Warrant - Heaven (Lyrics),2026-05-05T12:01:04Z,237.0,False,638,9.0,1.0
610,UCIz2huc-BRY7cjnkL2oU9Cw,Dead Radio Club,lUCD-RwbeXY,Redbone - Come And Get Your Love (Lyrics),2026-05-07T12:01:32Z,207.0,False,313,7.0,0.0
610,UCIz2huc-BRY7cjnkL2oU9Cw,Dead Radio Club,25tbwGymopY,COTERIE - Lay Your Head (Lyrics),2026-05-08T12:37:27Z,178.0,False,555,6.0,0.0
610,UCIz2huc-BRY7cjnkL2oU9Cw,Dead Radio Club,BnGb9lrx55A,Sasha Alex Sloan - Dancing With Your Ghost (Lyrics),2026-05-09T12:00:54Z,198.0,False,1169,16.0,0.0
610,UCIz2huc-BRY7cjnkL2oU9Cw,Dead Radio Club,PFHE5l9aliQ,P!nk - Just Give Me A Reason (Lyrics) ft. Nate Ruess,2026-05-10T12:05:46Z,244.0,False,219,2.0,0.0
610,UCIz2huc-BRY7cjnkL2oU9Cw,Dead Radio Club,2kaRyox1jIE,Bradley Simpson - Cry at the Moon (Lyrics),2026-05-11T13:14:35Z,188.0,False,183,4.0,0.0
610,UCIz2huc-BRY7cjnkL2oU9Cw,Dead Radio Club,xRdyOLDoHKU,Bring Me The Horizon - Kool-Aid (Lyrics),2026-05-12T19:37:25Z,229.0,False,60,2.0,0.0
610,UCIz2huc-BRY7cjnkL2oU9Cw,Dead Radio Club,DnToCI8jxL8,The Neighbourhood - Staying Up (Lyrics),2026-05-13T14:42:29Z,269.0,False,172,4.0,0.0
610,UCIz2huc-BRY7cjnkL2oU9Cw,Dead Radio Club,x6XTAtdTFcA,Kasabian - Darkest Lullaby (Lyrics),2026-05-14T12:04:20Z,191.0,False,187,7.0,0.0
610,UCIz2huc-BRY7cjnkL2oU9Cw,Dead Radio Club,aee9iCefPSY,Dylan Wright - Find My Way (Lyrics),2026-05-15T13:40:41Z,159.0,False,232,6.0,0.0
611,UCImmCDPPRjX39F-QkOX_8QA,길고양이 람쥐TV,s3SA22ntKdo,따라쟁이 길고양이 랑이^^,2015-08-21T02:24:47Z,53.0,True,494,9.0,7.0
611,UCImmCDPPRjX39F-QkOX_8QA,길고양이 람쥐TV,8DQpz9deyl4,그릇에 담은 물을 맛있게 먹는 길고양이 랑이^^,2015-08-21T04:38:03Z,72.0,False,303,8.0,3.0
611,UCImmCDPPRjX39F-QkOX_8QA,길고양이 람쥐TV,2zgmZhdI4dM,레이저포인터로 길고양이 랑이와 놀기^^,2015-08-21T23:15:43Z,202.0,False,1125,12.0,3.0
611,UCImmCDPPRjX39F-QkOX_8QA,길고양이 람쥐TV,Yr1y8ZKnh1U,야식으로 캔사료 먹는 길고양이 람쥐와 랑이,2015-08-25T02:25:00Z,94.0,False,213,7.0,4.0
611,UCImmCDPPRjX39F-QkOX_8QA,길고양이 람쥐TV,PfXk6pGIMJo,길고양이 배를 만져주면 좋아할까? 싫어할까?,2015-08-25T04:52:38Z,51.0,True,3404,33.0,7.0
611,UCImmCDPPRjX39F-QkOX_8QA,길고양이 람쥐TV,GEsYSNT_MUk,야무지개 건사료 먹는 길고양이 람쥐,2015-08-25T10:01:33Z,68.0,False,442,10.0,2.0
611,UCImmCDPPRjX39F-QkOX_8QA,길고양이 람쥐TV,dewJlIWoToQ,길고양이와 악수!?,2015-08-26T06:09:55Z,48.0,True,848,14.0,5.0
611,UCImmCDPPRjX39F-QkOX_8QA,길고양이 람쥐TV,AII_8IZVcGk,손바닥 다친 길고양이 랑이ㅠㅠ,2015-08-27T09:28:54Z,176.0,False,1444,18.0,21.0
611,UCImmCDPPRjX39F-QkOX_8QA,길고양이 람쥐TV,zw4-PFLegSY,식탁에 사료와 물 먹는 길고양이 람쥐,2015-08-28T10:18:16Z,177.0,False,278,12.0,3.0
611,UCImmCDPPRjX39F-QkOX_8QA,길고양이 람쥐TV,TRkCmVh9pJg,어리둥절 길고양이 랑이^^,2015-08-29T19:13:20Z,41.0,True,1750,21.0,5.0
611,UCImmCDPPRjX39F-QkOX_8QA,길고양이 람쥐TV,4sWiuxu1gHQ,계단을 힘차게 뛰어 올라오는 새끼 길고양이 랑이,2015-08-30T12:17:41Z,36.0,True,437,8.0,4.0
611,UCImmCDPPRjX39F-QkOX_8QA,길고양이 람쥐TV,BhYkb7tTVD8,덥석덥석 맛있게 사료먹는 길고양이 랑이^^,2015-08-31T08:51:48Z,147.0,False,316,10.0,10.0
611,UCImmCDPPRjX39F-QkOX_8QA,길고양이 람쥐TV,KTIqjheV-9M,뒷목이 간지러운 길고양이 람쥐,2015-08-31T10:48:12Z,43.0,True,279,7.0,10.0
611,UCImmCDPPRjX39F-QkOX_8QA,길고양이 람쥐TV,Fqvs3HuVVKI,멋있게 하품하는 길고양이 람쥐,2015-08-31T12:33:57Z,38.0,True,241,9.0,2.0
611,UCImmCDPPRjX39F-QkOX_8QA,길고양이 람쥐TV,yAJatqR-TOA,람쥐 옆에서 뒹굴뒹굴 거리는 길고양이 랑이,2015-09-01T07:59:29Z,100.0,False,321,7.0,8.0
611,UCImmCDPPRjX39F-QkOX_8QA,길고양이 람쥐TV,TA3U8M7Mjk8,고양이 사료가 먹고 싶은 충동이ㅠ,2015-09-01T11:03:42Z,98.0,False,524,9.0,3.0
611,UCImmCDPPRjX39F-QkOX_8QA,길고양이 람쥐TV,5WzkyuyMHyg,자세잡고 계단을 박차고 뛰어오는 길고양이 람쥐^^,2015-09-02T14:57:17Z,47.0,True,283,9.0,4.0
611,UCImmCDPPRjX39F-QkOX_8QA,길고양이 람쥐TV,fb0ASKE_UGE,간식으로 계란 노른자 먹는 길고양이 람쥐,2015-09-02T18:39:26Z,75.0,False,629,9.0,5.0
611,UCImmCDPPRjX39F-QkOX_8QA,길고양이 람쥐TV,Y4lCxRTHTtY,석양에 비친 길고양이 람쥐,2015-09-03T21:23:09Z,153.0,False,182,11.0,2.0
611,UCImmCDPPRjX39F-QkOX_8QA,길고양이 람쥐TV,TUkfPa4_3Ns,레이저포인터와 노는 길고양이 랑이,2015-09-04T18:45:47Z,94.0,False,945,11.0,6.0
611,UCImmCDPPRjX39F-QkOX_8QA,길고양이 람쥐TV,eivaTKLHix0,귀엽게 반쪽 얼굴만 빠꼽히 내놓은 길고양이 람쥐^^,2015-09-05T03:06:42Z,63.0,False,318,17.0,6.0
611,UCImmCDPPRjX39F-QkOX_8QA,길고양이 람쥐TV,NC5hf1k0oeg,"길고양이 람쥐는 사료, 랑이는 물먹는 훈훈한 모습^^",2015-09-05T18:24:06Z,88.0,False,243,12.0,2.0
611,UCImmCDPPRjX39F-QkOX_8QA,길고양이 람쥐TV,PKBOxBPu0Xc,5화 - 38일간 람쥐와 함께한 추억 [길고양이 이야기] 시즌3,2015-09-07T21:15:38Z,376.0,False,774,21.0,6.0
611,UCImmCDPPRjX39F-QkOX_8QA,길고양이 람쥐TV,9yr1yZzvGkE,오랜만에 캔사료 먹는 길고양이 람쥐,2015-09-09T03:55:30Z,133.0,False,407,6.0,4.0
611,UCImmCDPPRjX39F-QkOX_8QA,길고양이 람쥐TV,ElCXEn7kFq8,한가로이 햇볕을 쬐고있는 길고양이 람쥐,2015-09-09T04:51:56Z,119.0,False,260,9.0,0.0
611,UCImmCDPPRjX39F-QkOX_8QA,길고양이 람쥐TV,yZFCh6UmPG8,아침 햇살에 밧줄로 노는 길고양이 람쥐,2015-09-09T06:30:11Z,149.0,False,344,10.0,2.0
611,UCImmCDPPRjX39F-QkOX_8QA,길고양이 람쥐TV,9ya8VvW_Vxo,길고양이 랑이의 임신과 출산 그리고...,2015-09-13T14:25:03Z,877.0,False,299477,942.0,476.0
611,UCImmCDPPRjX39F-QkOX_8QA,길고양이 람쥐TV,KMyRVuvGf7w,6화 - 피오줌을 싸는 람쥐 [길고양이 이야기] 시즌3,2015-09-16T14:05:12Z,451.0,False,39949,193.0,150.0
611,UCImmCDPPRjX39F-QkOX_8QA,길고양이 람쥐TV,Fnhe6-bnO30,손으로 캔사료 먹는 길고양이 람쥐,2015-09-17T16:28:43Z,86.0,False,942,18.0,7.0
611,UCImmCDPPRjX39F-QkOX_8QA,길고양이 람쥐TV,M-ScdEOLdbI,길고양이에게 손가락으로 치근덕거려 보았습니다.ㅋㅋ,2015-09-19T12:33:14Z,81.0,False,3663,22.0,12.0
611,UCImmCDPPRjX39F-QkOX_8QA,길고양이 람쥐TV,BQuL3OJsy4Q,길고양이 목을 긁어줘 봤습니다.^^,2015-09-20T13:50:47Z,57.0,True,5493,65.0,22.0
611,UCImmCDPPRjX39F-QkOX_8QA,길고양이 람쥐TV,6qgQCXaMqvE,묘한 눈빛으로 처다보는 길고양이 람쥐,2015-09-21T15:14:18Z,53.0,True,1506,29.0,12.0
611,UCImmCDPPRjX39F-QkOX_8QA,길고양이 람쥐TV,pjpfHbago1U,2층집에서 길고양이 람쥐,2015-10-25T05:01:38Z,136.0,False,3740,81.0,30.0
611,UCImmCDPPRjX39F-QkOX_8QA,길고양이 람쥐TV,oIlmUu1-aOI,길고양이 랑이 출산 후 15일이 지나고...,2015-10-29T10:54:07Z,160.0,False,18988,147.0,36.0
611,UCImmCDPPRjX39F-QkOX_8QA,길고양이 람쥐TV,zrf7o0uf_iw,높은 곳을 좋아하는 길고양이 람쥐와 랑이,2015-11-04T20:26:08Z,217.0,False,1943,45.0,19.0
611,UCImmCDPPRjX39F-QkOX_8QA,길고양이 람쥐TV,fewqJO9CAH4,길고양이 람쥐의 숨은 매력 찾기!,2015-11-11T19:14:39Z,417.0,False,935,34.0,13.0
611,UCImmCDPPRjX39F-QkOX_8QA,길고양이 람쥐TV,Yljt_qUI1Is,물 먹는 길고양이 랑이,2015-11-22T19:29:24Z,200.0,False,1583,33.0,14.0
611,UCImmCDPPRjX39F-QkOX_8QA,길고양이 람쥐TV,AzC_Ql5WLSc,평화로운 봄날 길고양이 람쥐와 랑이,2015-11-23T21:10:41Z,276.0,False,1124,33.0,20.0
611,UCImmCDPPRjX39F-QkOX_8QA,길고양이 람쥐TV,RAeGtCnhyXU,누워서 애교 그루밍 길고양이 람쥐,2015-11-25T21:14:53Z,232.0,False,2553,45.0,16.0
611,UCImmCDPPRjX39F-QkOX_8QA,길고양이 람쥐TV,jRihv7M8tHM,7화 - 뉴스 기사에 나온 람쥐 [길고양이 이야기] 시즌3,2015-11-27T03:55:09Z,191.0,False,4630,87.0,31.0
611,UCImmCDPPRjX39F-QkOX_8QA,길고양이 람쥐TV,-kX0su4atbk,나란히 얌전히 누워있는 길고양이 람쥐와 랑이,2015-12-01T06:17:28Z,140.0,False,3181,52.0,26.0
611,UCImmCDPPRjX39F-QkOX_8QA,길고양이 람쥐TV,02EoaEbL7WE,길고양이 람쥐와 랑이의 인사하는 순간 포착!ㅋㅋ,2016-01-28T16:10:10Z,81.0,False,4799,84.0,40.0
611,UCImmCDPPRjX39F-QkOX_8QA,길고양이 람쥐TV,8ttWWJi4AwE,하품하는 길고양이 람쥐! 너무 귀엽잖아ㅋㅋㅋ,2016-03-27T18:06:49Z,139.0,False,3704,87.0,42.0
611,UCImmCDPPRjX39F-QkOX_8QA,길고양이 람쥐TV,Bo_lKuEZBgM,까치 소리에 눈이 똥그래진 길고양이 랑이^^,2016-08-01T13:22:57Z,49.0,True,2621,68.0,33.0
611,UCImmCDPPRjX39F-QkOX_8QA,길고양이 람쥐TV,LA_u8OLTYTc,출산 후 콧등에 피부병이 재발한 길고양이 랑이ㅠㅠ,2016-11-12T01:25:06Z,77.0,False,3770,95.0,32.0
611,UCImmCDPPRjX39F-QkOX_8QA,길고양이 람쥐TV,sUN2VJiWrY8,생존 신고! 람쥐와 랑이는 잘 지내고 있습니다^^,2018-01-23T02:35:47Z,124.0,False,1742,125.0,34.0
611,UCImmCDPPRjX39F-QkOX_8QA,길고양이 람쥐TV,ifuKkiQZj4E,낮잠 자다 화들짝 깨는 람쥐^^,2020-01-04T11:10:18Z,77.0,False,138,30.0,10.0
611,UCImmCDPPRjX39F-QkOX_8QA,길고양이 람쥐TV,X5VmPpSuVO0,화창한 봄날 오후에 식빵 굽는 람쥐,2020-01-06T09:01:37Z,71.0,False,118,26.0,7.0
611,UCImmCDPPRjX39F-QkOX_8QA,길고양이 람쥐TV,k_pWBVTp2qM,평화롭게 따스한 햇볕을 쬐고 있는 람쥐와 랑이^^,2020-01-08T07:30:29Z,40.0,True,155,29.0,6.0
611,UCImmCDPPRjX39F-QkOX_8QA,길고양이 람쥐TV,1vffzISrDr0,새집 위에서 사료 먹고 그루밍하는 람쥐,2020-01-11T13:14:49Z,102.0,False,327,40.0,23.0
612,UCE3szAwSYBZXK3V0OdI96Rw,괴짜낚시TV,t2-V9vVXRiU,저수지 장어낚시!! 원투낚시 입질부터 챔질까지!(대물조과 확인!!) [괴짜낚시 tv],2017-06-07T16:13:57Z,1422.0,False,281574,371.0,72.0
612,UCE3szAwSYBZXK3V0OdI96Rw,괴짜낚시TV,I130ay_mM-w,저수지 장어 원투낚시! 장어가 뭘 뱉는거지?? 정체확인!![괴짜낚시TV],2017-06-10T06:32:55Z,274.0,False,15631,50.0,21.0
612,UCE3szAwSYBZXK3V0OdI96Rw,괴짜낚시TV,hqdOF0BnwTY,밤낚시중 멧돼지 만났다!! 실제상황!! [괴짜낚시TV],2017-06-13T16:47:30Z,174.0,False,5809,18.0,14.0
612,UCE3szAwSYBZXK3V0OdI96Rw,괴짜낚시TV,C1d8zn_d-FA,저수지에서 왕조개 캐기!! 거의 줍는수준ㅋㅋ 민물조개(말조개) 잡이 대박 [괴짜낚시TV],2017-06-21T17:31:40Z,140.0,False,22398,50.0,54.0
612,UCE3szAwSYBZXK3V0OdI96Rw,괴짜낚시TV,S--Rtg9BQ0o,삼겹살로 낚시하기! 이거 자라인가?? 대박!! 민물 원투낚시 [괴짜 낚시 TV],2017-06-26T14:41:49Z,453.0,False,58479,116.0,45.0
612,UCE3szAwSYBZXK3V0OdI96Rw,괴짜낚시TV,k4ABWPQxxFI,폐 통발 속에 독사가 한가득!! 직접 꺼내서 방생해주기 ※뱀 주의※국내 4대 독사 유혈목이[괴짜낚시TV],2017-06-28T19:16:42Z,653.0,False,1084697,1112.0,793.0
612,UCE3szAwSYBZXK3V0OdI96Rw,괴짜낚시TV,lpDrdMZEdrc,비온 뒤 수로에서 낚시하기!! 뭐가 낚였을까?? 민물수로 원투낚시 [괴짜낚시TV],2017-07-03T17:35:52Z,356.0,False,85855,121.0,57.0
612,UCE3szAwSYBZXK3V0OdI96Rw,괴짜낚시TV,uIn0VKVpea8,민물 원투낚시 중 초대물 빠가사리 낚이다! 크기 확인!! 민물 릴낚시 [괴짜낚시TV],2017-07-08T14:59:24Z,510.0,False,57006,120.0,79.0
612,UCE3szAwSYBZXK3V0OdI96Rw,괴짜낚시TV,9qKv9qrPJmg,캥거루 고기로 낚시하기!! 뭐가 낚였을까?? 민물 원투낚시 캥거루 미끼(Kangaroo bait) [괴짜낚시TV],2017-07-18T23:00:00Z,537.0,False,5159,20.0,16.0
612,UCE3szAwSYBZXK3V0OdI96Rw,괴짜낚시TV,wLJf9-siOz8,🐙남해 문어낚시! 채비부터 낚아서 손질까지!! (조과확인!!!) #워킹 문어낚시 [괴짜낚시TV],2017-07-23T18:29:55Z,669.0,False,165790,244.0,87.0
612,UCE3szAwSYBZXK3V0OdI96Rw,괴짜낚시TV,V_aP07YBuuI,상어고기로 낚시하기! 결과는!! ※번외-고양이한테 상어주기 (바다 원투낚시) [괴짜낚시TV],2017-07-25T11:55:00Z,277.0,False,2664,21.0,8.0
612,UCE3szAwSYBZXK3V0OdI96Rw,괴짜낚시TV,ck5tnsnx9y0,빙어대로 배스잡기!! #극한의 손맛!! 민물 루어낚시 [괴짜낚시TV],2017-07-31T08:30:00Z,618.0,False,34468,95.0,97.0
612,UCE3szAwSYBZXK3V0OdI96Rw,괴짜낚시TV,kaBM2qpu4c0,하천 원투낚시!입질부터 챔질까지!(입질 대박!!)민물 장어낚시[괴짜낚시TV],2017-08-09T02:01:59Z,516.0,False,6431,21.0,11.0
612,UCE3szAwSYBZXK3V0OdI96Rw,괴짜낚시TV,b49XBrSm2Gw,"☂비오는날 낚시하기!(마릿수 대박!!) 대물메기, 장어 원투낚시 Catfishing [괴짜낚시TV]",2017-08-18T00:12:40Z,1224.0,False,130103,174.0,57.0
612,UCE3szAwSYBZXK3V0OdI96Rw,괴짜낚시TV,xi12CEZPFVQ,"장마철에 낚시하기! 이거 자라인가?? (민물 원투낚시) 자라, 장어낚시 soft-shelled turtle fishing [괴짜낚시TV]",2017-08-25T02:03:10Z,344.0,False,9555,36.0,9.0
612,UCE3szAwSYBZXK3V0OdI96Rw,괴짜낚시TV,f3kdgKvswpI,왕지네 맨손으로 잡기 ㄷㄷ 지네 핸들링(centipede handling) ※지네주의※ [괴짜낚시TV],2017-08-29T14:44:30Z,131.0,False,7749,45.0,31.0
612,UCE3szAwSYBZXK3V0OdI96Rw,괴짜낚시TV,4hX6yODs4Tw,저수지 장어낚시! 입질부터 챔질까지 한번에!! 민물 원투낚시 [괴짜낚시TV],2017-09-05T00:00:00Z,126.0,False,14770,23.0,23.0
612,UCE3szAwSYBZXK3V0OdI96Rw,괴짜낚시TV,p2pYn0_Haxs,여수에서 전설의 바다거북 발견 ㄷㄷ 국제 멸종위기종 푸른바다거북  [괴짜낚시TV],2017-09-05T13:29:03Z,117.0,False,6413,34.0,9.0
612,UCE3szAwSYBZXK3V0OdI96Rw,괴짜낚시TV,ykX4Gy7LIs8,"여수 문어 워킹낚시!! 문어낚시 채비, 요령, 액션 한방에!! [괴짜낚시TV]",2017-09-18T00:30:00Z,154.0,False,37409,77.0,35.0
612,UCE3szAwSYBZXK3V0OdI96Rw,괴짜낚시TV,RAXxl_Ts8Q8,"내만권 갈치낚시! 갈치채비, 챔질, 자작 집어등&파워뱅크 제작기! 내항 갈치루어낚시[괴짜낚시TV]",2017-09-26T00:00:02Z,342.0,False,45484,82.0,36.0
612,UCE3szAwSYBZXK3V0OdI96Rw,괴짜낚시TV,248GWgaVNQY,"갑오징어 낚시! 채비부터 챔질까지! 갑오징어루어낚시, 쭈꾸미낚시 [괴짜낚시TV]",2017-10-12T00:30:01Z,290.0,False,57529,67.0,52.0
612,UCE3szAwSYBZXK3V0OdI96Rw,괴짜낚시TV,SVUlTMgWU6o,"하천 원투낚시! 대물 메기 낚였다!! (릴 부서짐)장어 낚시, 가물치 낚시[괴짜낚시TV]",2018-05-26T07:18:38Z,554.0,False,56640,154.0,64.0
612,UCE3szAwSYBZXK3V0OdI96Rw,괴짜낚시TV,5DDkgWYSnfk,저수지 원투낚시!! 극한의 입질! 극한의 손맛! 마릿수 대박! 가물치낚시 [괴짜낚시TV],2018-06-11T08:00:00Z,913.0,False,29097,77.0,88.0
612,UCE3szAwSYBZXK3V0OdI96Rw,괴짜낚시TV,eDZVJ2qD7Ng,저수지 장어낚시! 마릿수로 낚자!! 입질부터 챔질까지~! 민물원투낚시 [괴짜낚시TV],2018-06-21T08:00:03Z,567.0,False,69080,320.0,65.0
612,UCE3szAwSYBZXK3V0OdI96Rw,괴짜낚시TV,HtsefAbFpGk,"RC낚시보트 개봉기!! 떡밥보트, RC보트, 미끼보트, 피싱보트,장어낚시, Fishing Bait RC Boat [괴짜낚시TV]",2018-07-31T13:57:38Z,800.0,False,42749,271.0,68.0
612,UCE3szAwSYBZXK3V0OdI96Rw,괴짜낚시TV,IZ-LeClmuas,🐙고흥 문어낚시! 마릿수 대박!! 방파제 문어워킹 문어채비 액션 octopus fishing [괴짜낚시TV],2018-08-09T13:03:44Z,642.0,False,31373,115.0,46.0
612,UCE3szAwSYBZXK3V0OdI96Rw,괴짜낚시TV,XvxLKgrhwr4,"기수역 장어낚시! 마릿수로 승부!! 장어입질, 챔질, 지렁이꿰기 [괴짜낚시TV]",2018-08-20T12:39:29Z,417.0,False,11102,95.0,18.0
612,UCE3szAwSYBZXK3V0OdI96Rw,괴짜낚시TV,--CpubPXQH4,방파제 문어낚시! 액션부터 챔질까지~! Breakwater octopus fishing [괴짜낚시TV],2018-08-27T03:00:00Z,357.0,False,79394,189.0,72.0
612,UCE3szAwSYBZXK3V0OdI96Rw,괴짜낚시TV,73iCJDtlKdE,교통사고 당한 남생이 구조하기! 반수생 거북이 천연기념물 멸종위기동물 [괴짜낚시TV],2018-09-17T03:15:01Z,324.0,False,4074,49.0,28.0
612,UCE3szAwSYBZXK3V0OdI96Rw,괴짜낚시TV,Xx33AmiC6Zw,"만수위 저수지 장어낚시! 강력한 입질! 원투낚시 채비, 미끼 끼우기, 밤낚시 (Eel Fishing) [괴짜낚시TV]",2018-09-29T06:32:46Z,504.0,False,32444,161.0,37.0
612,UCE3szAwSYBZXK3V0OdI96Rw,괴짜낚시TV,ZAF0HplgdH0,"방파제 돌게낚시! 너무쉽다! 박하지 낚시, 채비, 미끼, 생활낚시 여수 간장게장 [괴짜낚시TV]",2018-10-17T14:12:08Z,610.0,False,17941,51.0,21.0
612,UCE3szAwSYBZXK3V0OdI96Rw,괴짜낚시TV,c4nJXHACDcQ,"소류지에 대물이 있었다! 장어낚시, 잉어낚시, 장어입질, 저수지 원투낚시 끝보기[괴짜낚시TV]",2018-10-24T03:15:01Z,608.0,False,26039,137.0,45.0
612,UCE3szAwSYBZXK3V0OdI96Rw,괴짜낚시TV,IlZJcCDO-ek,"남해 미조 문어낚시!  싹쓸어담자!! 갑오징어낚시, 채비 액션 입문 챔질 워킹[괴짜낚시TV]",2018-11-07T09:27:12Z,310.0,False,8861,45.0,27.0
612,UCE3szAwSYBZXK3V0OdI96Rw,괴짜낚시TV,0ApmRoRXN8M,"해수욕장 문어낚시! 눈앞에 문어가!! 초대박ㅋㅋ 해루질, 채비, 액션, 방법, 요령 fishing for octopus on the beach [괴짜낚시TV]",2018-12-07T03:15:00Z,495.0,False,162326,415.0,121.0
612,UCE3szAwSYBZXK3V0OdI96Rw,괴짜낚시TV,c26bxrb8hlk,자연산민물장어 길고양이 먹방 cat eating sound (Grilled eel)[괴짜낚시TV],2018-12-31T03:30:02Z,927.0,False,1108,30.0,12.0
612,UCE3szAwSYBZXK3V0OdI96Rw,괴짜낚시TV,_q6A-yMFs8Y,"숭어 훌치기!! 손쉽게 낚아서 회 떠먹자! 숭어회, 훌치기낚시 방법, 보리숭어, 봄숭어 [괴짜낚시TV]",2019-04-08T03:15:02Z,289.0,False,8806,48.0,16.0
612,UCE3szAwSYBZXK3V0OdI96Rw,괴짜낚시TV,EBdpYK1KHbg,대물터 장어낚시! 입질부터 챔질까지!!(키로급 나왔다!) [괴짜낚시TV],2019-08-06T03:15:00Z,162.0,False,7820,90.0,27.0
612,UCE3szAwSYBZXK3V0OdI96Rw,괴짜낚시TV,HTpw7A3D_PE,"고흥 도보권 키로오버 문어낚시!! 문어워킹, 액션, 채비, 들어뽕, 요령 [괴짜낚시TV]",2019-10-16T03:15:00Z,326.0,False,2204,27.0,17.0
612,UCE3szAwSYBZXK3V0OdI96Rw,괴짜낚시TV,zT4_ozA2rPs,낚시 12시간만에 첫입질,2022-06-23T06:20:18Z,16.0,True,1079,9.0,0.0
612,UCE3szAwSYBZXK3V0OdI96Rw,괴짜낚시TV,C0LoKcRaTPM,문어낚시 키로급 챔질,2022-12-01T14:29:37Z,36.0,True,2298,10.0,0.0
612,UCE3szAwSYBZXK3V0OdI96Rw,괴짜낚시TV,F1hwb437yGo,12월 겨울 문어낚시 2키로 히트!! #겨울낚시 #문어낚시 #문어선상낚시 #돌문어#크라켄,2022-12-08T15:50:57Z,61.0,False,33282,94.0,6.0
613,UCk7KxayM_Bxtu6IhpGWWLHA,안석 (도인),mDpxFIMTdrg,"블루투스 이어셋,원거리 무선 녹음",2014-09-09T05:22:11Z,321.0,False,1774,6.0,4.0
613,UCk7KxayM_Bxtu6IhpGWWLHA,안석 (도인),y7L2VAryUuw,1/3지역사회와 공존하는 초저가 온라인 마케팅,2015-07-13T23:43:31Z,2799.0,False,2378,34.0,2.0
613,UCk7KxayM_Bxtu6IhpGWWLHA,안석 (도인),2K1IQe9vJmg,3/3지역사회와 공존하는 초저가 온라인 마케팅,2015-07-14T02:17:08Z,1981.0,False,786,14.0,2.0
613,UCk7KxayM_Bxtu6IhpGWWLHA,안석 (도인),DFCiqaoebNw,2/3지역사회와 공존하는 초저가 온라인 마케팅,2015-07-14T03:03:58Z,2284.0,False,1186,19.0,2.0
613,UCk7KxayM_Bxtu6IhpGWWLHA,안석 (도인),T3x1gatuYEY,"온라인마케팅,내가 알기만 하면 무조건 성공합니다",2016-09-15T17:01:34Z,5891.0,False,228550,1382.0,160.0
613,UCk7KxayM_Bxtu6IhpGWWLHA,안석 (도인),AGxJsYMMCPk,1주차 온라인마케팅 실전교육,2017-01-27T08:21:13Z,3477.0,False,2895,38.0,12.0
613,UCk7KxayM_Bxtu6IhpGWWLHA,안석 (도인),efAPEIwbVHE,2주차 온라인마케팅 실전교육,2017-01-30T15:38:28Z,6329.0,False,2228,30.0,24.0
613,UCk7KxayM_Bxtu6IhpGWWLHA,안석 (도인),0bWrpddyngc,3회차 온라인마케팅 실전교육,2017-03-04T08:32:55Z,7260.0,False,1010,11.0,1.0
613,UCk7KxayM_Bxtu6IhpGWWLHA,안석 (도인),_w3IfL53JAs,4회차 온라인마케팅 실전교육,2017-04-20T17:38:20Z,5236.0,False,553,4.0,5.0
613,UCk7KxayM_Bxtu6IhpGWWLHA,안석 (도인),UOWHwL7TAz0,5회차 온라인마케팅 실전교육,2017-04-22T19:01:53Z,3540.0,False,654,7.0,9.0
613,UCk7KxayM_Bxtu6IhpGWWLHA,안석 (도인),YM7fxjGxmFQ,"우리가 이렇게 사는 이유, 몰랐어? 문제는 선거제도야",2017-10-20T15:51:02Z,1046.0,False,626,6.0,1.0
613,UCk7KxayM_Bxtu6IhpGWWLHA,안석 (도인),901lXz1KEqY,홈페이지는 워드프레스로 만드세요. 워드프레스 기초 개념,2018-05-20T23:36:43Z,2988.0,False,12943,197.0,44.0
613,UCk7KxayM_Bxtu6IhpGWWLHA,안석 (도인),84P2TdwnEOo,온라인마케팅은 순서가 정해져 있다. 1/2편,2018-06-22T00:39:56Z,2831.0,False,27687,357.0,44.0
613,UCk7KxayM_Bxtu6IhpGWWLHA,안석 (도인),9n12kv9lKJY,온라인마케팅은 순서가 정해져 있다. 2/2편,2018-08-06T14:05:03Z,2464.0,False,12004,209.0,31.0
613,UCk7KxayM_Bxtu6IhpGWWLHA,안석 (도인),UK88KAWvkaw,"온라인마케팅의 절반, 상세 페이지",2019-02-04T16:50:04Z,2497.0,False,7003,164.0,38.0
613,UCk7KxayM_Bxtu6IhpGWWLHA,안석 (도인),3BzK-EDc3lE,"컴퓨터, 왜 공부해야 하나",2019-02-19T07:00:28Z,2435.0,False,1972,44.0,18.0
613,UCk7KxayM_Bxtu6IhpGWWLHA,안석 (도인),rOMFwe_TKAA,작은 회사를 위한 온라인 광고 전략,2019-03-02T15:23:50Z,6707.0,False,9107,143.0,36.0
613,UCk7KxayM_Bxtu6IhpGWWLHA,안석 (도인),os7BuYIymns,"온라인마케팅의 내비게이션, 구글 애널리틱스 기초 개념 강의",2019-11-04T14:47:28Z,3801.0,False,1788,39.0,4.0
613,UCk7KxayM_Bxtu6IhpGWWLHA,안석 (도인),T-XNJHXa7eE,안석님의 실시간 스트리밍,2019-12-08T06:09:45Z,,False,0,0.0,0.0
613,UCk7KxayM_Bxtu6IhpGWWLHA,안석 (도인),-DdhSTVObV4,컨텐츠마케팅의 핵심. 프리미어 영상편집 기초. 이 정도만 알아도 누구나 유튜버 할 수 있다.,2019-12-12T16:42:35Z,793.0,False,415,11.0,3.0
613,UCk7KxayM_Bxtu6IhpGWWLHA,안석 (도인),XAjVtb8pGN0,테슬라로 익히는 자바스크립트(앱스 스크립트) 코딩 강의,2020-03-28T18:27:47Z,2725.0,False,628,13.0,3.0
613,UCk7KxayM_Bxtu6IhpGWWLHA,안석 (도인),fezwr2AlDSM,"온라인마케팅의 미래. 구글,구글광고,구글쇼핑광고의 이해",2020-11-07T04:35:14Z,3415.0,False,1388,42.0,26.0
613,UCk7KxayM_Bxtu6IhpGWWLHA,안석 (도인),Gy0ItA7YH90,구글 태그매니저의 이해 - 온라인마케팅의 최첨단 무기,2020-12-24T03:35:04Z,2514.0,False,1001,24.0,9.0
613,UCk7KxayM_Bxtu6IhpGWWLHA,안석 (도인),Dgq1Kafo5e0,"데이터 스튜디오, 온라인 마케팅의 목적지",2021-12-22T11:04:01Z,2218.0,False,637,14.0,4.0
613,UCk7KxayM_Bxtu6IhpGWWLHA,안석 (도인),Uhgg1Yrm-eQ,카페24 쇼핑몰에 무료로 GA4 전자상거래 설정하기,2023-05-04T13:44:14Z,896.0,False,2869,24.0,59.0
613,UCk7KxayM_Bxtu6IhpGWWLHA,안석 (도인),6VEv0U9wuHY,"어떻게 만들었나, 카페24 쇼핑몰  GA4 전자상거래 GTM",2023-05-31T11:03:40Z,1673.0,False,1163,25.0,15.0
614,UC3FB9Uhf1StwNeimvtbQifw,유기견숲,coriwLv7Zpc,#유기견숲,2026-01-01T02:13:30Z,33.0,True,1626,116.0,9.0
614,UC3FB9Uhf1StwNeimvtbQifw,유기견숲,zPYxIlIXrVY,알아듣기 힘드시겠지만…,2026-01-02T11:48:09Z,80.0,False,2379,95.0,9.0
614,UC3FB9Uhf1StwNeimvtbQifw,유기견숲,OzGumtDmyCk,유기견숲,2026-01-02T22:11:54Z,8456.0,False,856,67.0,4.0
614,UC3FB9Uhf1StwNeimvtbQifw,유기견숲,AeTcKgbGyhw,#유기견숲 #유기견보호소,2026-01-03T08:35:05Z,35.0,True,1487,127.0,13.0
614,UC3FB9Uhf1StwNeimvtbQifw,유기견숲,i8QpGkGIpBs,카톡채널 : 유기견숲 #유기견숲 #유기견보호소,2026-01-05T01:47:57Z,47.0,True,1103,98.0,5.0
614,UC3FB9Uhf1StwNeimvtbQifw,유기견숲,V6sZN0RyxBw,#유기견숲 #유기견보호소,2026-01-05T07:36:33Z,21.0,True,1586,120.0,8.0
614,UC3FB9Uhf1StwNeimvtbQifw,유기견숲,0OmXtKzOwjM,하림에서 사료 후원 #하림 #하림팻푸드 #유기견숲 #사료 #유기견후원,2026-01-06T08:38:24Z,31.0,True,2322,173.0,21.0
614,UC3FB9Uhf1StwNeimvtbQifw,유기견숲,pHs6HDd2RLo,라이브 하이라이트,2026-01-06T12:20:25Z,30.0,True,1311,66.0,2.0
614,UC3FB9Uhf1StwNeimvtbQifw,유기견숲,ewbLxcqD04g,유기견숲,2026-01-06T23:10:34Z,3410.0,False,225,42.0,3.0
614,UC3FB9Uhf1StwNeimvtbQifw,유기견숲,EoRhRHGPpXM,가수 빈예서 팬클럽 사료 후원 #유기견숲 #빈예서 #감사합니다,2026-01-08T12:09:53Z,20.0,True,2359,152.0,27.0
614,UC3FB9Uhf1StwNeimvtbQifw,유기견숲,5rG6M117cRE,소개하고 싶은 영상 #paly동물원 #유기견숲 편,2026-01-09T14:05:13Z,15.0,True,1908,108.0,5.0
614,UC3FB9Uhf1StwNeimvtbQifw,유기견숲,oVZOMSLDKU4,덕승이에요 #유기견숲 유기견숲,2026-01-10T10:51:38Z,34.0,True,1387,77.0,6.0
614,UC3FB9Uhf1StwNeimvtbQifw,유기견숲,P2DLVQZ20yA,유기견숲,2026-01-10T18:19:14Z,8204.0,False,359,58.0,1.0
614,UC3FB9Uhf1StwNeimvtbQifw,유기견숲,RAvJm8WTiNU,유기견숲 문단속 #유기견숲 #유기견보호소,2026-01-11T03:45:03Z,34.0,True,1831,132.0,10.0
614,UC3FB9Uhf1StwNeimvtbQifw,유기견숲,HQl5UW3irZA,#유기견숲,2026-01-13T05:05:56Z,40.0,True,1836,123.0,11.0
614,UC3FB9Uhf1StwNeimvtbQifw,유기견숲,8H77PA67xDU,뜯어진 벽지 땜빵 #유기견숲 #유기견보호소,2026-01-14T12:51:31Z,23.0,True,2152,121.0,8.0
614,UC3FB9Uhf1StwNeimvtbQifw,유기견숲,tWsXgO1HXMY,장갑 좀 끼세요!! #유기견숲 #유기견보호소,2026-01-15T02:43:18Z,47.0,True,1513,119.0,7.0
614,UC3FB9Uhf1StwNeimvtbQifw,유기견숲,F1ZTFb2NR78,이불은 찢어야.. 정리정돈 #유기견숲 #유기견보호소,2026-01-15T11:07:37Z,35.0,True,2120,92.0,8.0
614,UC3FB9Uhf1StwNeimvtbQifw,유기견숲,_GUhMkC7q2Q,#유기견숲 #유기견보호소,2026-01-16T09:33:10Z,52.0,True,1507,132.0,9.0
614,UC3FB9Uhf1StwNeimvtbQifw,유기견숲,9dXZGoG1KRk,#유기견숲 #유기견보호소,2026-01-17T09:23:34Z,51.0,True,1842,137.0,10.0
614,UC3FB9Uhf1StwNeimvtbQifw,유기견숲,R5Meo5V9H6Q,눈 내린 보호소 #유기견숲 #유기견보호소,2026-01-19T04:16:57Z,45.0,True,2038,140.0,10.0
614,UC3FB9Uhf1StwNeimvtbQifw,유기견숲,SPJODozaVPg,유기견숲,2026-01-19T21:34:02Z,5196.0,False,378,43.0,3.0
614,UC3FB9Uhf1StwNeimvtbQifw,유기견숲,-63O4aQNUjM,라이브 하이라이트,2026-01-20T06:16:21Z,51.0,True,1384,91.0,3.0
614,UC3FB9Uhf1StwNeimvtbQifw,유기견숲,rgPvCzr_sMk,난로가 고장남.. #유기견숲 #유기견보호소,2026-01-20T23:35:21Z,43.0,True,1768,146.0,16.0
614,UC3FB9Uhf1StwNeimvtbQifw,유기견숲,OCSLuBTNZZM,수도가 얼었.. 생수로 급하게 #유기견숲 #유기견보호소,2026-01-22T06:44:23Z,33.0,True,500,89.0,4.0
614,UC3FB9Uhf1StwNeimvtbQifw,유기견숲,hiiHTV0iWXE,유기견숲,2026-01-30T00:21:19Z,5006.0,False,338,49.0,1.0
614,UC3FB9Uhf1StwNeimvtbQifw,유기견숲,V1uoKNHUtOM,유기견숲,2026-01-31T20:51:56Z,2411.0,False,555,58.0,2.0
614,UC3FB9Uhf1StwNeimvtbQifw,유기견숲,o5o5oIpdZrQ,유기견과 보호소에 대한 말 001 (26.02.04),2026-02-08T05:05:21Z,2030.0,False,173,45.0,0.0
614,UC3FB9Uhf1StwNeimvtbQifw,유기견숲,i8ACve4avng,#유기견숲,2026-02-09T04:09:28Z,18.0,True,1873,91.0,7.0
614,UC3FB9Uhf1StwNeimvtbQifw,유기견숲,XM9XKlLe7yg,유기견숲,2026-03-16T01:02:04Z,6531.0,False,415,49.0,1.0
614,UC3FB9Uhf1StwNeimvtbQifw,유기견숲,BRj6Ar_rugY,#유기견숲,2026-03-16T05:39:27Z,60.0,True,1140,84.0,3.0
614,UC3FB9Uhf1StwNeimvtbQifw,유기견숲,KdXtPMWcr64,라이브 하이라이트,2026-03-16T05:42:11Z,166.0,False,644,40.0,3.0
614,UC3FB9Uhf1StwNeimvtbQifw,유기견숲,cvue648b5dk,#유기견숲,2026-03-17T11:35:43Z,58.0,True,1114,97.0,6.0
614,UC3FB9Uhf1StwNeimvtbQifw,유기견숲,3frh0wAL4BI,#유기견숲 일기예보 놓친 날…,2026-03-19T01:45:18Z,61.0,False,1299,87.0,7.0
614,UC3FB9Uhf1StwNeimvtbQifw,유기견숲,Q2rAt4GjA9U,#유기견숲,2026-03-29T09:23:46Z,52.0,True,1164,55.0,3.0
614,UC3FB9Uhf1StwNeimvtbQifw,유기견숲,W7kVlOPJVM0,#유기견숲,2026-03-31T10:34:17Z,57.0,True,1404,64.0,1.0
614,UC3FB9Uhf1StwNeimvtbQifw,유기견숲,tTZ-6n5ODIg,#유기견숲,2026-04-01T12:05:48Z,57.0,True,1218,66.0,3.0
614,UC3FB9Uhf1StwNeimvtbQifw,유기견숲,5EOyc5i6M1Q,#유기견숲,2026-04-01T12:06:13Z,30.0,True,286,47.0,4.0
614,UC3FB9Uhf1StwNeimvtbQifw,유기견숲,JXm05T6jzIY,남괴 똑같이 할 수 있는 유기견 보호활동이 있을까요? #유기견숲,2026-04-04T07:10:59Z,701.0,False,134,43.0,2.0
614,UC3FB9Uhf1StwNeimvtbQifw,유기견숲,27TCOAQK5WE,유기견숲,2026-04-09T01:22:00Z,8140.0,False,260,49.0,0.0
614,UC3FB9Uhf1StwNeimvtbQifw,유기견숲,ZKW_G8AmRS0,유기견숲,2026-04-17T02:10:22Z,6246.0,False,209,39.0,1.0
614,UC3FB9Uhf1StwNeimvtbQifw,유기견숲,JOmhzqY8zLM,유기견숲,2026-04-20T03:12:30Z,6465.0,False,220,46.0,2.0
614,UC3FB9Uhf1StwNeimvtbQifw,유기견숲,TN8PZ0CkSDk,#유기견숲,2026-04-20T08:15:32Z,52.0,True,1080,56.0,5.0
614,UC3FB9Uhf1StwNeimvtbQifw,유기견숲,UnPVqmFuZ-I,유기견숲,2026-04-25T01:04:33Z,4646.0,False,185,38.0,0.0
614,UC3FB9Uhf1StwNeimvtbQifw,유기견숲,NCnfuxE87R4,#유기견숲,2026-04-29T10:22:49Z,40.0,True,1400,64.0,4.0
614,UC3FB9Uhf1StwNeimvtbQifw,유기견숲,vYGe3HYZg-8,유기견숲,2026-05-08T01:31:30Z,7865.0,False,194,45.0,0.0
614,UC3FB9Uhf1StwNeimvtbQifw,유기견숲,eSiVwGqS7oM,#유기견숲,2026-05-08T11:32:18Z,57.0,True,2308,59.0,3.0
614,UC3FB9Uhf1StwNeimvtbQifw,유기견숲,usUZQlLAmJU,#유기견숲,2026-05-09T03:58:28Z,40.0,True,1444,65.0,2.0
614,UC3FB9Uhf1StwNeimvtbQifw,유기견숲,Cp3hBYv4xdo,#유기견숲,2026-05-10T00:48:13Z,44.0,True,1489,75.0,2.0
614,UC3FB9Uhf1StwNeimvtbQifw,유기견숲,Dvaaq4F83GY,유기견숲,2026-05-10T23:02:13Z,3905.0,False,496,67.0,1.0
615,UCuSxNuwhgnsuQl-RxeVyUwA,Señor Moon,USkvXfaIJX8,AIDA - EASY AS LIFE (Male Cover with Original Key),2018-12-02T18:34:58Z,256.0,False,15195,338.0,30.0
615,UCuSxNuwhgnsuQl-RxeVyUwA,Señor Moon,Kr0bmOZL1mU,킹키부츠 랜드오브롤라 라틴 살사 버젼 Land of Lola - Kinky boots Salsa Ver.,2019-01-02T21:38:50Z,182.0,False,17754,387.0,46.0
615,UCuSxNuwhgnsuQl-RxeVyUwA,Señor Moon,c_G13p2Dbus,"소울풀 트롯 - 나훈아 ""잡초""",2019-01-11T21:36:13Z,110.0,False,4047,116.0,14.0
615,UCuSxNuwhgnsuQl-RxeVyUwA,Señor Moon,acx40pMIg14,"제니 솔로 커버 (JENNIE SOLO COVER) - 남자 커버 (송유택, 전재현, 류경환)",2019-01-21T05:57:50Z,203.0,False,39478,1706.0,238.0
615,UCuSxNuwhgnsuQl-RxeVyUwA,Señor Moon,qR24XOelffU,티키틱 - 왜 전화했지 (30대 버젼) - 송유택,2019-02-04T04:57:49Z,119.0,False,55292,2256.0,104.0
615,UCuSxNuwhgnsuQl-RxeVyUwA,Señor Moon,GBY9tkRDx_w,코미꼬 X 세뇰문 - 나는 노래를 좋아하지,2019-02-07T08:57:45Z,194.0,False,27674,980.0,114.0
615,UCuSxNuwhgnsuQl-RxeVyUwA,Señor Moon,eMw4-Y0fxH0,태연 (TAEYEON) - 사계 (Four Seasons) 남자 소울풀 커버 Male Cover,2019-04-02T02:57:49Z,191.0,False,41331,761.0,84.0
615,UCuSxNuwhgnsuQl-RxeVyUwA,Señor Moon,mYVeBUuZVZw,BLACKPINK (블랙핑크) - Kill This Love Male Cover by 전재현,2019-04-05T07:08:03Z,121.0,False,12073,361.0,36.0
615,UCuSxNuwhgnsuQl-RxeVyUwA,Señor Moon,5hgCJQ0hFgY,Thriller - Michael Jackson (Opera Cover) - 김승용 전재현 조매력 코미꼬,2019-04-07T14:58:18Z,233.0,False,160701,2349.0,212.0
615,UCuSxNuwhgnsuQl-RxeVyUwA,Señor Moon,BGAb73cHlVY,Aladdin - Friend Like Me - Retro Duet Cover,2019-06-02T10:58:47Z,160.0,False,28756,827.0,39.0
615,UCuSxNuwhgnsuQl-RxeVyUwA,Señor Moon,IqF4Xxv3A50,Radiohead - Exit Music (for a film) - Orchestra Ver.,2019-07-20T03:57:44Z,243.0,False,4210,143.0,11.0
615,UCuSxNuwhgnsuQl-RxeVyUwA,Señor Moon,33BpaEsRVpw,"뮤지컬 ""시라노"" X 세뇰문 - 마침내 사랑이 - 노래 이신혁(티키틱)",2019-08-15T03:00:09Z,166.0,False,63107,2393.0,148.0
615,UCuSxNuwhgnsuQl-RxeVyUwA,Señor Moon,JVCHahPlL_k,사랑하기 때문에 - 김바다 - 피아노 6중주 Cover,2020-06-07T08:00:10Z,289.0,False,7649,236.0,20.0
615,UCuSxNuwhgnsuQl-RxeVyUwA,Señor Moon,diAHUbKZyBQ,대국민 땀흘리기 챌린지 💦💦,2023-08-12T12:10:09Z,31.0,True,297,9.0,1.0
615,UCuSxNuwhgnsuQl-RxeVyUwA,Señor Moon,aFSaOuHHAGc,뜨거운 여름 땀날 때 들으면 더 땀나는 노래,2023-08-12T12:10:24Z,18.0,True,522,10.0,1.0
615,UCuSxNuwhgnsuQl-RxeVyUwA,Señor Moon,gEZCueVjaa0,땀이 날때 들으면 땀나는 노래,2023-08-14T05:44:43Z,18.0,True,1106,21.0,3.0
616,UCNhfNvK-xtwA19nZTGBYaug,그양Geuyang,cAuCcjQ80kg,아이패드 만능 브러쉬 펀딩 #일러스트 #드로잉 #프로크리에이트 #shorts,2024-10-08T07:12:30Z,22.0,True,538,10.0,0.0
616,UCNhfNvK-xtwA19nZTGBYaug,그양Geuyang,hB7NWdblAXI,[5일 특가 EVENT] 💝그양 만능 브러쉬팩 50Set #일러스트 #프로크리에이트 #아이패드드로잉 #그림 #shorts #일러스트레이터,2024-11-24T03:13:41Z,27.0,True,288,4.0,1.0
616,UCNhfNvK-xtwA19nZTGBYaug,그양Geuyang,Fa6mOxrvvvM,앵콜펀딩🎉아이패드 브러쉬+수익화+클래스 #아이패드 #드로잉 #shorts #프로크리에이트,2024-12-08T04:21:55Z,15.0,True,6070,103.0,1.0
616,UCNhfNvK-xtwA19nZTGBYaug,그양Geuyang,ghHmpAlXGlY,앵콜펀딩🎉아이패드 만능브러쉬팩+수익화비밀노트 OPEN🥳 #아이패드드로잉 #일러스트 #드로잉 #프로크리에이트 #펀딩 #shorts,2024-12-22T09:51:04Z,22.0,True,552,9.0,1.0
616,UCNhfNvK-xtwA19nZTGBYaug,그양Geuyang,Ms_yDD7TfAU,앵콜펀딩 아이패드 만능브러쉬+클래스 #아이패드 #드로잉 #프로크리에이트 #일러스트 #펀딩 #procreate #shorts,2024-12-31T13:07:01Z,18.0,True,316,6.0,1.0
616,UCNhfNvK-xtwA19nZTGBYaug,그양Geuyang,HyQnvYIWcdk,진짜같은 오일파스텔 드로잉 🥨프레첼 #아이패드로잉 #프로크리에이트 #드로잉 #일러스트 #illustrator,2025-01-11T09:10:34Z,28.0,True,944,19.0,1.0
616,UCNhfNvK-xtwA19nZTGBYaug,그양Geuyang,JwOvdteGP3U,풍경화 퀵 브러쉬+수익화 펀딩중🎉  #드로잉 #프로크리에이트  #아이패드드로잉 #shorts,2025-03-02T03:27:06Z,18.0,True,360,1.0,1.0
616,UCNhfNvK-xtwA19nZTGBYaug,그양Geuyang,HpOGwk47PcY,나뭇잎 브러쉬로 나무 쉽게 그리기🌳#일러스트 #아이패드 #프로크리에이트 #procreate #drawing #shorts,2025-03-15T01:26:20Z,35.0,True,2736,78.0,7.0
616,UCNhfNvK-xtwA19nZTGBYaug,그양Geuyang,ZTo3LZEHrkw,그양 전시 소식 🌸 설치 미리보기👀 #일러스트 #서울전시 #성수동 #봄,2025-03-29T03:58:46Z,31.0,True,340,4.0,1.0
616,UCNhfNvK-xtwA19nZTGBYaug,그양Geuyang,K-hM5rGXIOk,그림계정 키우기 챌린지📣 #일러스트 #일러스트레이터 #릴스챌린지 #챌린지,2025-05-02T02:42:46Z,27.0,True,777,3.0,1.0
616,UCNhfNvK-xtwA19nZTGBYaug,그양Geuyang,QiZ14H4Bxjo,프로크리에이트 드로잉 Procreate Drawing #drawing #procreate #asmr #shorts #drawingreels,2025-05-08T15:14:29Z,49.0,True,2404,23.0,1.0
616,UCNhfNvK-xtwA19nZTGBYaug,그양Geuyang,-E7ViILzD7o,아이패드 오일파스텔 드로잉 #프로크리에이트 #drawing #일러스트 #shorts,2025-05-10T01:37:35Z,47.0,True,544,9.0,0.0
616,UCNhfNvK-xtwA19nZTGBYaug,그양Geuyang,0zbDfcTvnHw,드로잉 Asmr 망고빙수🥭🍧 #procreate #asmr #drawing #shorts,2025-05-12T13:19:18Z,35.0,True,802,6.0,1.0
616,UCNhfNvK-xtwA19nZTGBYaug,그양Geuyang,vi_3S-mICPg,Asmr 그림으로 식빵 굽기🍞 #drawing #digitalart #asmr #일러스트 #프로크리에이트 #드로잉 #아이패드 #아이패드드로잉 #shorts,2025-05-15T01:14:13Z,31.0,True,976,4.0,2.0
616,UCNhfNvK-xtwA19nZTGBYaug,그양Geuyang,DT_BNZZXSTo,프로크리에이트 선 얇게 바꾸는 법 #프로크리에이트 #아이패드드로잉 #프로크리에이트드로잉,2025-05-28T14:25:32Z,39.0,True,3478,61.0,16.0
616,UCNhfNvK-xtwA19nZTGBYaug,그양Geuyang,G3qJMNPy2GI,🌳🧺피크닉 가서 영감 받기 #손그림 #드로잉 #펜화 #수채화,2025-05-29T12:11:56Z,32.0,True,894,9.0,6.0
616,UCNhfNvK-xtwA19nZTGBYaug,그양Geuyang,rM_f8Qi1SLI,치앙마이 여행 풍경🌳🌴🇹🇭 #드로잉 #아이패드드로잉 #procreate,2025-05-31T07:00:48Z,9.0,True,2201,12.0,0.0
616,UCNhfNvK-xtwA19nZTGBYaug,그양Geuyang,BvMlhNa6rSM,땡모반 한 잔 하세요🍉 #asmr #아이패드드로잉 #일러스트 #프로크리에이트,2025-06-13T10:44:20Z,59.0,True,2166,17.0,2.0
616,UCNhfNvK-xtwA19nZTGBYaug,그양Geuyang,bD8_vXLJiQA,🌙내 캐릭터로 친구 처럼 대화 하는 법 #tipsychat #tipsy #캐릭터,2025-06-26T02:19:59Z,36.0,True,2050,21.0,5.0
616,UCNhfNvK-xtwA19nZTGBYaug,그양Geuyang,rX_hRR7FNtk,그양 접시 드로잉 키트 #프로크리에이트 #일러스트 #아이패드드로잉,2025-08-12T06:53:24Z,26.0,True,2012,8.0,1.0
616,UCNhfNvK-xtwA19nZTGBYaug,그양Geuyang,ZpAVXcgiHFM,알림신청 중🔔그양 풍경화 퀵브러쉬 펀딩🌿 #일러스트 #프로크리에이트 #프로크리에이트브러쉬 #아이패드드로잉 #shorts #일러스트레이터 #풍경화 #그림잘그리는방법,2025-08-16T02:27:31Z,29.0,True,12971,191.0,3.0
616,UCNhfNvK-xtwA19nZTGBYaug,그양Geuyang,eWVXko585u0,알림신청중🔔그양 풍경화 퀵브러쉬 펀딩🌿 #일러스트 #프로크리에이트 #프로크리에이트브러쉬 #아이패드드로잉 #shorts #일러스트레이터 #풍경화 #그림잘그리는방법 #art,2025-08-18T02:07:30Z,30.0,True,1796,12.0,1.0
616,UCNhfNvK-xtwA19nZTGBYaug,그양Geuyang,eLCKSse1ogI,알림신청중🔔그양 풍경화 퀵브러쉬 펀딩🌿 #일러스트 #프로크리에이트 #프로크리에이트브러쉬 #아이패드드로잉 #shorts #일러스트레이터  #art,2025-08-19T09:10:30Z,43.0,True,1321,24.0,1.0
616,UCNhfNvK-xtwA19nZTGBYaug,그양Geuyang,0NJTgeSUaPM,나무 원터치로 그리는 법🌳그양 풍경화 퀵브러쉬 펀딩🌿 #일러스트 #프로크리에이트 #프로크리에이트브러쉬 #아이패드드로잉 #shorts #일러스트레이터  #art,2025-08-21T08:41:38Z,14.0,True,1944,9.0,4.0
616,UCNhfNvK-xtwA19nZTGBYaug,그양Geuyang,RitT4_OZFZU,☁️설탕 같은 구름 브러쉬로 아이패드 드로잉 #아이패드드로잉 #프로크리에이트 #프로크리에이트브러쉬 #일러스트 #드로잉방법,2025-08-23T06:44:01Z,7.0,True,1197,2.0,1.0
616,UCNhfNvK-xtwA19nZTGBYaug,그양Geuyang,wHQx2W9XJj4,모든 재료가 한 번에! 그양 만능브러쉬 오픈예정🥳 #아이패드드로잉 #프로크리에이트 #와디즈 #일러스트,2025-08-29T10:56:59Z,15.0,True,1410,10.0,1.0
616,UCNhfNvK-xtwA19nZTGBYaug,그양Geuyang,Jz7co6FAKhk,아이패드 브러쉬 모든 재료가 들어있는 그양 만능 브러쉬 세트 🎨 #아이패드드로잉 #painting #art #프로크리에이트 #드로잉 #shorts #drawing,2025-08-30T08:33:31Z,29.0,True,1741,10.0,1.0
616,UCNhfNvK-xtwA19nZTGBYaug,그양Geuyang,AjcshlYa7ZA,"🔔알림신청중🎨아크릴부터 수채화, 오일파스텔! 모든 재료가 하나의 구성에! 만능 브러쉬 펀딩 오픈 #아이패드드로잉 #프로크리에이트 #드로잉 #일러스트 #art",2025-09-01T01:56:11Z,15.0,True,1469,11.0,3.0
616,UCNhfNvK-xtwA19nZTGBYaug,그양Geuyang,inO7XOaYLvw,그양 브러쉬 127종🎨풍경화부터 기본재료까지!🎉펀딩중 #프로크리에이트 #아이패드드로잉 #드로잉 #shorts #그림그리기,2025-09-10T09:58:49Z,22.0,True,2163,34.0,2.0
616,UCNhfNvK-xtwA19nZTGBYaug,그양Geuyang,g8DOfirsg44,그양 브러쉬 127종🎨풍경화부터 모든 그림체 가능!🎉펀딩중 #프로크리에이트 #아이패드드로잉 #드로잉 #shorts #그림그리기,2025-09-11T10:59:26Z,28.0,True,1991,7.0,1.0
616,UCNhfNvK-xtwA19nZTGBYaug,그양Geuyang,d-29qooj9Ks,그양 브러쉬 127종🎨풍경화부터 모든 그림체 가능!🎉펀딩중 #프로크리에이트 #아이패드드로잉 #드로잉 #shorts #그림그리기 #procreate #drawing,2025-09-12T13:07:57Z,23.0,True,1881,9.0,1.0
616,UCNhfNvK-xtwA19nZTGBYaug,그양Geuyang,XhpkQWc5bTE,아이패드 브러쉬 127종+수익화 펀딩 중🎉　#아이패드드로잉 #프로크리에이트 #드로잉 #shorts,2025-09-13T13:11:52Z,36.0,True,604,6.0,3.0
616,UCNhfNvK-xtwA19nZTGBYaug,그양Geuyang,lugdKZfSVqo,아이패드 브러쉬 127종+수익화 펀딩 중🎉　#아이패드드로잉 #프로크리에이트 #드로잉 #shorts,2025-09-14T10:04:21Z,40.0,True,2068,39.0,1.0
616,UCNhfNvK-xtwA19nZTGBYaug,그양Geuyang,LscstzhvNmU,리얼 손그림 브러쉬 127종 펀딩 중🎉　#아이패드드로잉 #프로크리에이트 #드로잉 #shorts #art,2025-09-15T13:44:15Z,28.0,True,477,0.0,1.0
616,UCNhfNvK-xtwA19nZTGBYaug,그양Geuyang,th8YqD9tlzE,아이패드 브러쉬 127종+수익화 펀딩 중🎉　#아이패드드로잉 #프로크리에이트 #드로잉 #shorts,2025-09-16T14:03:21Z,26.0,True,506,2.0,3.0
616,UCNhfNvK-xtwA19nZTGBYaug,그양Geuyang,mcAOUGuh2Cc,"그림이 쉬워지는, 브러쉬 127Set 와디즈 펀딩! #아이패드드로잉 #프로크리에이트 #art #그림 #일러스트",2025-09-17T10:22:40Z,36.0,True,465,2.0,1.0
616,UCNhfNvK-xtwA19nZTGBYaug,그양Geuyang,bOxEm0M-NeQ,손그림 브러쉬 127종💝 #아이패드드로잉 #그림 #프로크리에이트 #일러스트 #드로잉,2025-09-22T10:06:39Z,25.0,True,172,0.0,1.0
616,UCNhfNvK-xtwA19nZTGBYaug,그양Geuyang,agMEauf03rY,나노 바나나 Ai로 제품 목업 만드는 법 #제품목업 #목업 #gemini #일러스트 #디자인 #shorts #ai이미지 #나노바나나,2025-09-27T04:19:38Z,21.0,True,3259,24.0,0.0
616,UCNhfNvK-xtwA19nZTGBYaug,그양Geuyang,sX2siZFfBRo,"일러스트레이터, 가장 중요한 이것! (feat. 드로윈 챌린지 모집)",2025-11-03T22:01:09Z,262.0,False,207,8.0,1.0
616,UCNhfNvK-xtwA19nZTGBYaug,그양Geuyang,sXB5JUq-bHU,[마감임박]아이패드 드로잉 챌린지 모집🎉 #프로크리에이트 #일러스트 #그림그리기 #챌린지,2025-11-06T10:17:37Z,54.0,True,461,6.0,1.0
616,UCNhfNvK-xtwA19nZTGBYaug,그양Geuyang,11NVccLwzus,일러스트레이터 9인 그룹전 설치! (feat. 일러성),2025-11-28T11:19:31Z,199.0,False,89,2.0,3.0
616,UCNhfNvK-xtwA19nZTGBYaug,그양Geuyang,iombiQ3xIoI,아이패드 드로잉 챌린지 모집해요! #프로크리에이트 #일러스트 #드로잉 #그림그리기,2025-12-08T00:24:33Z,4.0,True,603,4.0,1.0
616,UCNhfNvK-xtwA19nZTGBYaug,그양Geuyang,kpmPt9XcGSw,아이패드로 수작업 느낌 내는 법🎨 #프로크리에이트 #아이패드드로잉 #일러스트 #브러쉬,2025-12-20T15:04:04Z,22.0,True,1798,9.0,1.0
616,UCNhfNvK-xtwA19nZTGBYaug,그양Geuyang,YmZ473vLtr0,순식간에 풍경화 완성하기!🎨 #프로크리에이트 #아이패드드로잉 #일러스트 #브러쉬 #풍경화 #그림그리기,2025-12-21T14:45:17Z,19.0,True,629,6.0,3.0
616,UCNhfNvK-xtwA19nZTGBYaug,그양Geuyang,v9UY19JGows,아이패드 드로잉 고수 되는 법🤹 #일러스트 #프로크리에이트 #꿀팁 #그림그리기,2025-12-26T09:16:03Z,24.0,True,2159,26.0,1.0
616,UCNhfNvK-xtwA19nZTGBYaug,그양Geuyang,vYCwvGvL-wo,스노우볼 Drawing🔮 #일러스트 #드로잉 #그림 #크리스마스,2025-12-27T01:53:45Z,8.0,True,472,4.0,0.0
616,UCNhfNvK-xtwA19nZTGBYaug,그양Geuyang,GQ8ib7CReHk,아이패드 꽃 드로잉 ASMR 🎧🌸 #illustration #asmr #ipaddraw #일러스트 #프로크리에이트 #cleaning,2025-12-30T12:40:58Z,29.0,True,1670,6.0,1.0
616,UCNhfNvK-xtwA19nZTGBYaug,그양Geuyang,O6GBzKPTrYQ,예쁜 고속 충전 케이블 추천🌈 #데스크테리어 #만컴즈 #deskdecor #asmr,2026-01-08T00:02:53Z,17.0,True,2205,6.0,2.0
616,UCNhfNvK-xtwA19nZTGBYaug,그양Geuyang,y99d-CGpPYk,🎨드로윈 챌린지 3기 모집 #드로잉 #프로크리에이트 #일러스트 #그림취미,2026-01-12T01:44:17Z,25.0,True,890,4.0,1.0
616,UCNhfNvK-xtwA19nZTGBYaug,그양Geuyang,3RuHupZGFrc,와콤 원 14 🎨가방 속 내 작업실! #광고 #협찬 #와콤 #와콤타블렛 #액정타블렛 #타블렛추천,2026-03-15T23:54:48Z,72.0,False,2008,10.0,0.0
617,UC7SYjMohikPgco6pLnHStTg,ZEROBASEONE,vawXSe5ZqZ4,𝑶𝒇𝒇𝒊𝒄𝒊𝒂𝒍 𝑨𝒖𝒅𝒊𝒐  | ZEROBASEONE (제로베이스원) 'GOOD SO BAD (Japanese ver.)',2024-09-02T09:00:52Z,186.0,False,153057,7865.0,250.0
617,UC7SYjMohikPgco6pLnHStTg,ZEROBASEONE,kHfy5KE8Pro,[2024 ZEROBASEONE FAN-CON IN JAPAN] Blu-ray & DVD Highlights Movie,2024-09-12T09:00:41Z,266.0,False,172189,10690.0,264.0
617,UC7SYjMohikPgco6pLnHStTg,ZEROBASEONE,LZaTHf7xs0w,『2024 ZEROBASEONE FAN-CON IN JAPAN』 Blu-ray & DVD - SUNG HAN BIN,2024-09-19T10:45:04Z,16.0,True,27332,6350.0,108.0
617,UC7SYjMohikPgco6pLnHStTg,ZEROBASEONE,IEP7ICWONE4,『2024 ZEROBASEONE FAN-CON IN JAPAN』 Blu-ray & DVD - KIM JI WOONG -,2024-09-19T10:46:00Z,16.0,True,17733,5064.0,101.0
617,UC7SYjMohikPgco6pLnHStTg,ZEROBASEONE,xM6nsVZ4q6s,『2024 ZEROBASEONE FAN-CON IN JAPAN』 Blu-ray & DVD - ZHANG HAO -,2024-09-19T10:47:00Z,16.0,True,20603,5367.0,45.0
617,UC7SYjMohikPgco6pLnHStTg,ZEROBASEONE,b7e1ZH3efjA,『2024 ZEROBASEONE FAN-CON IN JAPAN』 Blu-ray & DVD - SEOK MATTHEW -,2024-09-19T10:48:00Z,16.0,True,16638,4647.0,47.0
617,UC7SYjMohikPgco6pLnHStTg,ZEROBASEONE,KiPEjruMgXQ,『2024 ZEROBASEONE FAN-CON IN JAPAN』 Blu-ray & DVD - KIM TAE RAE -,2024-09-19T10:49:01Z,16.0,True,15347,4774.0,40.0
617,UC7SYjMohikPgco6pLnHStTg,ZEROBASEONE,XXqk-n8dx7s,『2024 ZEROBASEONE FAN-CON IN JAPAN』 Blu-ray & DVD - RICKY -,2024-09-19T10:50:00Z,16.0,True,25570,6191.0,78.0
617,UC7SYjMohikPgco6pLnHStTg,ZEROBASEONE,rIiv956jqPg,『2024 ZEROBASEONE FAN-CON IN JAPAN』 Blu-ray & DVD - KIM GYU VIN -,2024-09-19T10:51:00Z,16.0,True,16179,5052.0,45.0
617,UC7SYjMohikPgco6pLnHStTg,ZEROBASEONE,3oVnYYvZYKA,『2024 ZEROBASEONE FAN-CON IN JAPAN』 Blu-ray & DVD - PARK GUN WOOK -,2024-09-19T10:52:00Z,16.0,True,19054,5462.0,57.0
617,UC7SYjMohikPgco6pLnHStTg,ZEROBASEONE,0zg1bQ58Mkw,『2024 ZEROBASEONE FAN-CON IN JAPAN』 Blu-ray & DVD - HAN YU JIN -,2024-09-19T10:53:00Z,16.0,True,31728,6439.0,64.0
617,UC7SYjMohikPgco6pLnHStTg,ZEROBASEONE,6sZgBC51_gg,[2024 ZEROBASEONE FAN-CON IN JAPAN] 初回生産限定盤Blu-ray & DVD 収録 Behind Highlights Movie,2024-09-30T09:00:05Z,85.0,False,37070,4907.0,115.0
617,UC7SYjMohikPgco6pLnHStTg,ZEROBASEONE,5iTs7_nbVbo,ZEROBASEONE (제로베이스원) Only One Story TV SPOT (30sec ver.),2024-10-18T10:30:03Z,31.0,True,271643,16340.0,529.0
617,UC7SYjMohikPgco6pLnHStTg,ZEROBASEONE,vBl1j18pfBY,ZEROBASEONE (제로베이스원) 'Only One Story' 応援法,2024-11-25T09:01:00Z,244.0,False,379272,15487.0,544.0
617,UC7SYjMohikPgco6pLnHStTg,ZEROBASEONE,SN2DpUWVWxI,ZEROBASEONE (제로베이스원) 'Only One Story' Performance MV (TV Size ver.) Teaser,2024-12-04T15:00:36Z,23.0,True,132534,18743.0,765.0
617,UC7SYjMohikPgco6pLnHStTg,ZEROBASEONE,9guUZL1Yuv8,ZEROBASEONE (제로베이스원) 'Only One Story' Performance MV (TV Size ver.),2024-12-05T15:00:14Z,127.0,False,1520616,62902.0,2747.0
617,UC7SYjMohikPgco6pLnHStTg,ZEROBASEONE,XmxM73hZJag,Japan 1st EP 『PREZENT』 初回生産限定盤A Highlight Movie Part 1 (Jacket Shooting Behind),2024-12-18T15:00:41Z,75.0,False,42402,5660.0,163.0
617,UC7SYjMohikPgco6pLnHStTg,ZEROBASEONE,cmoz96o3fAw,"Japan 1st EP 『PREZENT』 初回生産限定盤A Highlight Movie Part 2 (""Only One Story"" Recording in Japan Behind)",2024-12-19T15:00:44Z,76.0,False,48601,5938.0,140.0
617,UC7SYjMohikPgco6pLnHStTg,ZEROBASEONE,7CmLWmUC49A,ZEROBASEONE (제로베이스원) 'Only One Story' @2024 ZEROBASEONE THE FIRST TOUR [𝐓𝐈𝐌𝐄𝐋𝐄𝐒𝐒 𝐖𝐎𝐑𝐋𝐃] IN JAPAN,2024-12-25T08:00:05Z,217.0,False,3262159,37297.0,1084.0
617,UC7SYjMohikPgco6pLnHStTg,ZEROBASEONE,DGpVuZ6QK2E,ZEROBASEONE Japan 1st EP 『PREZENT』 ‘NOW OR NEVER’ Lyrics Poster,2025-01-06T15:00:26Z,16.0,True,42445,9287.0,158.0
617,UC7SYjMohikPgco6pLnHStTg,ZEROBASEONE,Yh43lYBSnUo,ZEROBASEONE Japan 1st EP 『PREZENT』 ‘Firework’ Lyrics Poster,2025-01-07T15:00:40Z,19.0,True,33881,7952.0,57.0
617,UC7SYjMohikPgco6pLnHStTg,ZEROBASEONE,dfU7oJ2REF8,ZEROBASEONE Japan 1st EP 『PREZENT』 ‘HANA’ Lyrics Poster,2025-01-08T15:00:50Z,22.0,True,33282,8357.0,82.0
617,UC7SYjMohikPgco6pLnHStTg,ZEROBASEONE,Jj17rZ1SwtM,ZEROBASEONE (제로베이스원) Japan 1st EP 『PREZENT』 Album Sampler,2025-01-10T15:00:32Z,110.0,False,90038,14194.0,772.0
617,UC7SYjMohikPgco6pLnHStTg,ZEROBASEONE,jR71z09Ly6U,ZEROBASEONE (제로베이스원) 'NOW OR NEVER' MV Teaser #1,2025-01-11T15:00:54Z,35.0,True,155558,26831.0,1429.0
617,UC7SYjMohikPgco6pLnHStTg,ZEROBASEONE,4XI_zBIsqZI,ZEROBASEONE (제로베이스원) 'NOW OR NEVER' MV Teaser #2,2025-01-12T15:00:06Z,28.0,True,156666,24504.0,1257.0
617,UC7SYjMohikPgco6pLnHStTg,ZEROBASEONE,whrNetEPe_M,ZEROBASEONE (제로베이스원) 'NOW OR NEVER' MV,2025-01-14T15:01:12Z,255.0,False,5644720,132360.0,17037.0
617,UC7SYjMohikPgco6pLnHStTg,ZEROBASEONE,iUXarh_Y9Os,ZEROBASEONE (제로베이스원) 'NOW OR NEVER' 応援法,2025-01-16T09:00:48Z,235.0,False,238993,13002.0,586.0
617,UC7SYjMohikPgco6pLnHStTg,ZEROBASEONE,K-ksdGRa_pc,ZEROBASEONE (제로베이스원) 'NOW OR NEVER' MV Reaction,2025-01-22T09:00:23Z,808.0,False,175557,13159.0,459.0
617,UC7SYjMohikPgco6pLnHStTg,ZEROBASEONE,DXYcUgwioSA,ZEROBASEONE Japan 1st EP Release Live [ZB1 PREZENT],2025-02-18T09:00:23Z,4993.0,False,63340,5415.0,206.0
617,UC7SYjMohikPgco6pLnHStTg,ZEROBASEONE,K0IlnLKq0As,ZEROBASEONE (제로베이스원) 'NOW OR NEVER' MV BONUS CUT,2025-03-02T12:00:21Z,387.0,False,64275,8468.0,296.0
617,UC7SYjMohikPgco6pLnHStTg,ZEROBASEONE,oCZbSYevzXE,ZEROBASEONE (제로베이스원) 1ST JAPAN DEBUT ANNIVERSARY,2025-03-20T03:00:43Z,189.0,False,27332,4879.0,227.0
617,UC7SYjMohikPgco6pLnHStTg,ZEROBASEONE,BQSl6HqL0u4,𝑶𝒇𝒇𝒊𝒄𝒊𝒂𝒍 𝑨𝒖𝒅𝒊𝒐  | ZEROBASEONE (제로베이스원) 'BLUE (Japanese ver.)',2025-03-24T09:00:11Z,183.0,False,47822,3776.0,102.0
617,UC7SYjMohikPgco6pLnHStTg,ZEROBASEONE,9adPGczn504,ZEROBASEONE (제로베이스원) 'NOW OR NEVER' Dance Practice (Baseball Uniform ver.),2025-10-10T09:00:15Z,205.0,False,64871,7285.0,394.0
617,UC7SYjMohikPgco6pLnHStTg,ZEROBASEONE,CQrhon5Ow_k,ZEROBASEONE (제로베이스원) 'ICONIK (Japanese ver.)' Special Performance MV Teaser,2025-10-22T15:00:22Z,21.0,True,46247,7241.0,302.0
617,UC7SYjMohikPgco6pLnHStTg,ZEROBASEONE,E19cnb56dRI,ZEROBASEONE (제로베이스원) 'ICONIK (Japanese ver.)' Special Performance MV,2025-10-23T15:00:20Z,195.0,False,385814,20983.0,1047.0
617,UC7SYjMohikPgco6pLnHStTg,ZEROBASEONE,jdSe8bx0P30,ZEROBASEONE (제로베이스원) 'ICONIK (Japanese ver.)' 応援法,2025-10-24T03:00:53Z,223.0,False,159596,6645.0,233.0
617,UC7SYjMohikPgco6pLnHStTg,ZEROBASEONE,J--eEF85jRY,𝑶𝒇𝒇𝒊𝒄𝒊𝒂𝒍 𝑨𝒖𝒅𝒊𝒐 | ZEROBASEONE (제로베이스원) 'ICONIK (Japanese ver.)',2025-11-04T09:00:29Z,192.0,False,16976,2313.0,75.0
617,UC7SYjMohikPgco6pLnHStTg,ZEROBASEONE,_0slufmICFg,𝑶𝒇𝒇𝒊𝒄𝒊𝒂𝒍 𝑨𝒖𝒅𝒊𝒐 | ZEROBASEONE (제로베이스원) 'SLAM DUNK (Japanese ver.)',2025-11-04T09:01:37Z,177.0,False,14469,2020.0,66.0
617,UC7SYjMohikPgco6pLnHStTg,ZEROBASEONE,VICsrnGO6b0,ZEROBASEONE (제로베이스원) 'HANA' @2025 ZEROBASEONE WORLD TOUR [𝗛𝗘𝗥𝗘&𝗡𝗢𝗪] IN SAITAMA,2025-12-29T09:00:56Z,200.0,False,365292,12937.0,640.0
617,UC7SYjMohikPgco6pLnHStTg,ZEROBASEONE,PmAvWOb73eI,『2025 ZEROBASEONE WORLD TOUR [𝗛𝗘𝗥𝗘&𝗡𝗢𝗪] IN SAITAMA』 LIVE Blu-ray - SUNG HAN BIN -,2026-01-22T09:00:30Z,15.0,True,98642,5757.0,108.0
617,UC7SYjMohikPgco6pLnHStTg,ZEROBASEONE,cGFIvFYIAeI,『2025 ZEROBASEONE WORLD TOUR [𝗛𝗘𝗥𝗘&𝗡𝗢𝗪] IN SAITAMA』 LIVE Blu-ray - KIM JI WOONG -,2026-01-22T09:01:26Z,16.0,True,77525,4915.0,57.0
617,UC7SYjMohikPgco6pLnHStTg,ZEROBASEONE,ntxQURw6QMc,『2025 ZEROBASEONE WORLD TOUR [𝗛𝗘𝗥𝗘&𝗡𝗢𝗪] IN SAITAMA』 LIVE Blu-ray - ZHANG HAO -,2026-01-22T09:02:00Z,16.0,True,141318,5866.0,74.0
617,UC7SYjMohikPgco6pLnHStTg,ZEROBASEONE,hugU3bJfwhg,『2025 ZEROBASEONE WORLD TOUR [𝗛𝗘𝗥𝗘&𝗡𝗢𝗪] IN SAITAMA』 LIVE Blu-ray - SEOK MATTHEW -,2026-01-22T09:03:00Z,16.0,True,88525,5072.0,51.0
617,UC7SYjMohikPgco6pLnHStTg,ZEROBASEONE,-1H8NRik33E,『2025 ZEROBASEONE WORLD TOUR [𝗛𝗘𝗥𝗘&𝗡𝗢𝗪] IN SAITAMA』 LIVE Blu-ray - KIM TAE RAE -,2026-01-22T09:04:00Z,16.0,True,82133,4597.0,57.0
617,UC7SYjMohikPgco6pLnHStTg,ZEROBASEONE,z9rIBQrEdHg,『2025 ZEROBASEONE WORLD TOUR [𝗛𝗘𝗥𝗘&𝗡𝗢𝗪] IN SAITAMA』 LIVE Blu-ray - RICKY -,2026-01-22T09:05:01Z,16.0,True,101181,5636.0,57.0
617,UC7SYjMohikPgco6pLnHStTg,ZEROBASEONE,rkc_Vton0M8,『2025 ZEROBASEONE WORLD TOUR [𝗛𝗘𝗥𝗘&𝗡𝗢𝗪] IN SAITAMA』 LIVE Blu-ray - KIM GYU VIN -,2026-01-22T09:06:00Z,16.0,True,144861,5894.0,61.0
617,UC7SYjMohikPgco6pLnHStTg,ZEROBASEONE,k0yJlSZXIFE,『2025 ZEROBASEONE WORLD TOUR [𝗛𝗘𝗥𝗘&𝗡𝗢𝗪] IN SAITAMA』 LIVE Blu-ray - PARK GUN WOOK -,2026-01-22T09:07:00Z,16.0,True,98499,5400.0,41.0
617,UC7SYjMohikPgco6pLnHStTg,ZEROBASEONE,hP8yJyX0JE8,『2025 ZEROBASEONE WORLD TOUR [𝗛𝗘𝗥𝗘&𝗡𝗢𝗪] IN SAITAMA』 LIVE Blu-ray - HAN YU JIN -,2026-01-22T09:08:00Z,16.0,True,199283,6839.0,69.0
617,UC7SYjMohikPgco6pLnHStTg,ZEROBASEONE,FCCa_1efGQA,2025 ZEROBASEONE WORLD TOUR [𝗛𝗘𝗥𝗘&𝗡𝗢𝗪] IN SAITAMA LIVE Blu-ray Highlights Movie,2026-02-14T09:00:18Z,56.0,True,33043,4596.0,178.0
617,UC7SYjMohikPgco6pLnHStTg,ZEROBASEONE,WPO2b8U0kgc,2025 ZEROBASEONE WORLD TOUR [𝗛𝗘𝗥𝗘&𝗡𝗢𝗪] IN SAITAMA LIVE Blu-ray Behind Highlights Movie,2026-02-15T09:00:41Z,52.0,True,27659,3582.0,160.0
618,UCPQEdwcyG2ZYwN4ly4c3-Pg,James Design School,sl9m_MPByRo,[JDS : 네트워크 분산 렌더링 강좌] GI렌더링 속도 고민끝 distributed & backburner / vray 3ds max maya 애니메이션과 인테리어과 건축과,2017-09-18T11:19:00Z,2019.0,False,9869,89.0,27.0
618,UCPQEdwcyG2ZYwN4ly4c3-Pg,James Design School,vNJzn5Nty_Y,"[JDS] 렌더링 스타일 강좌 - 스튜디오, 익스테리어, 인테리어, 매트합성 - 모든 환경에 대응하도록 1학년 때 꼭 알아두자 - 3Ds Max Vray Arnold",2017-09-25T01:33:07Z,1686.0,False,5666,119.0,22.0
618,UCPQEdwcyG2ZYwN4ly4c3-Pg,James Design School,ybdhc9kbTqA,[JDS : 3D캐릭터 강좌] 애니메이션 세팅 운용 - 마블러스디자이너 모션빌더 3Ds Max Vray Marvelous designer Motion builder,2017-10-07T09:26:45Z,5363.0,False,5321,73.0,0.0
618,UCPQEdwcyG2ZYwN4ly4c3-Pg,James Design School,zOjl-r94O5U,[JDS : 모션그래픽 강좌] 타임라인 구축만으로 좀더 모던하고 세련된 움직임 효과를 - 모션의 근원은 어디에서 왔는가 - 애프터이펙트 C4D,2017-10-11T01:33:42Z,987.0,False,506,11.0,0.0
618,UCPQEdwcyG2ZYwN4ly4c3-Pg,James Design School,Ti0TgHhdUJs,"[JDS 카메라] 연출 및 그레이딩, Color Grading, Chromatic aberration, DoF, Motion blur, 3Ds max, After effects",2017-10-21T12:47:17Z,1383.0,False,620,9.0,1.0
618,UCPQEdwcyG2ZYwN4ly4c3-Pg,James Design School,vLxXGKc-ESc,"[JDS] 건축,인테리어 판넬디자인 강좌(일러스트레이터) Architecture, Interior Panel Design, illustrator layout tutorial",2017-10-26T11:22:00Z,2086.0,False,158259,3019.0,81.0
618,UCPQEdwcyG2ZYwN4ly4c3-Pg,James Design School,dGf3nYosegk,"[JDS] 서브스탠스 페인터 강좌 아놀드 렌더링 프로세스, Substance Painter Arnold Render 3Ds Max Tutorial workflow",2017-11-06T03:34:53Z,2608.0,False,14649,167.0,24.0
618,UCPQEdwcyG2ZYwN4ly4c3-Pg,James Design School,Lk0nbB-sE-M,"[JDS] 디자인 잘하는 방법중 체크리스트, 디자인 알고리즘 메카니즘, 디자인 결과물이 후질때 고려사항들",2017-12-03T06:34:59Z,2453.0,False,1475,36.0,5.0
618,UCPQEdwcyG2ZYwN4ly4c3-Pg,James Design School,rAUSFhvHUXE,"[JDS] 3Ds Max 아놀드 렌더링 익스테리어 건축 CG, Arnold rendering Exterior Architecture",2017-12-07T12:48:48Z,2086.0,False,15747,130.0,15.0
618,UCPQEdwcyG2ZYwN4ly4c3-Pg,James Design School,OV2vJ2jmR6s,[JDS] 건축 CG 애니메이션 - 아놀드 애프터 이펙트 - Exterior Animation - 3Ds max Arnold vray Forest pack After effects,2017-12-20T04:11:29Z,2881.0,False,3012,35.0,3.0
618,UCPQEdwcyG2ZYwN4ly4c3-Pg,James Design School,y8Te7gS5BSM,"[JDS] Lumion, Exterior Tutorial, 루미온 강좌 - 포토샵으로 나무 심을필요가 없어요!! (커스텀렌더 꼭 필요한 기능만)",2018-04-20T08:57:51Z,1491.0,False,19658,280.0,20.0
618,UCPQEdwcyG2ZYwN4ly4c3-Pg,James Design School,exQFuTG2QxU,[JDS] 강좌 HUD스타일 모션그래픽 쉽게 하자. 애프터이펙트 HUD illustrator to After Effects Tutorial,2018-05-01T13:38:08Z,3273.0,False,2153,42.0,3.0
618,UCPQEdwcyG2ZYwN4ly4c3-Pg,James Design School,Cugok-7CW6U,"Threadripper 1950x 2950x 2990wx 스레드리퍼 실전 렌더링, 가변적 코어 활용 및 멀티태스킹(라이젠마스터)",2018-10-17T17:34:53Z,700.0,False,8344,48.0,20.0
618,UCPQEdwcyG2ZYwN4ly4c3-Pg,James Design School,KBsJj0Kr5ZM,"[JDS] 무뽑기 보다 쉬운 단면도 뽑기, Sectional View",2020-09-05T19:45:06Z,1075.0,False,2334,36.0,2.0
618,UCPQEdwcyG2ZYwN4ly4c3-Pg,James Design School,es3G-f0zYQ0,"[JDS] Photoshop 찌끔, 아주 찌끔 더 빠르게 하기 (Action, Crop, Shortcuts)",2021-10-02T13:11:15Z,1036.0,False,840,34.0,9.0
618,UCPQEdwcyG2ZYwN4ly4c3-Pg,James Design School,LFYe7CMgQLM,"[JDS] UnrealEngine / DataSmith Auto Synchronize, manual update 데이터스미스의 불편한 진실",2025-07-21T17:10:35Z,1337.0,False,87,3.0,0.0
618,UCPQEdwcyG2ZYwN4ly4c3-Pg,James Design School,tcmgssRSVxg,"[JDS] 리얼타임 최강엔진 언리얼 엔진 루멘 인테리어 렌더링 강좌, Unreal Engine 5 Lumen Tutorial, Interior",2025-07-24T21:12:48Z,1643.0,False,217,10.0,2.0
618,UCPQEdwcyG2ZYwN4ly4c3-Pg,James Design School,amVWNDV5IqE,"[JDS] 시간 대비 최고의 퀄러티 언리얼엔진 루멘, Unreal Engine 5 Lumen Exterior Tutorial",2025-07-29T16:32:32Z,1569.0,False,258,9.0,1.0
618,UCPQEdwcyG2ZYwN4ly4c3-Pg,James Design School,GO-Tvr82QdY,[JDS] 디자인용 모니터 구매 가이드 / 추천,2025-08-03T02:56:03Z,1738.0,False,564,17.0,2.0
618,UCPQEdwcyG2ZYwN4ly4c3-Pg,James Design School,euG_eOFE5hQ,"Architecture Diagram 3D, Vray toon shader, Hatching style",2025-08-11T03:50:23Z,1064.0,False,386,17.0,1.0
618,UCPQEdwcyG2ZYwN4ly4c3-Pg,James Design School,ej5xDaYr7is,[JDS] 2D sketch style effect using photoshop,2025-08-23T04:11:21Z,441.0,False,149,12.0,1.0
618,UCPQEdwcyG2ZYwN4ly4c3-Pg,James Design School,XQ9AzNaCazU,"[JDS] Digital Art Book, Using Unity ""AI Assistant"" coding, 졸전용 디지털북, 디지털판넬",2025-08-23T04:25:16Z,1596.0,False,412,7.0,2.0
618,UCPQEdwcyG2ZYwN4ly4c3-Pg,James Design School,hUNGNM8W_5E,"(긴급) 판넬, 편집물 ""큰용량 렉 걸릴떄"" 용량 최적화, 10배 줄여봄, illustrator file size optimization.",2025-08-28T09:40:25Z,398.0,False,259,9.0,1.0
618,UCPQEdwcyG2ZYwN4ly4c3-Pg,James Design School,H0H661OW2h8,(긴급) 적정사이즈 : 이미지 및 렌더링 화질 Resolution (인쇄화질 깨진다고 깨졌을 때),2025-08-30T06:38:26Z,162.0,False,133,6.0,1.0
618,UCPQEdwcyG2ZYwN4ly4c3-Pg,James Design School,jL88_JDmW6c,"[JDS] 익스테리어 라이트 세팅, Vray series 1 / Exterior HDRI light settings",2025-09-05T20:04:34Z,1539.0,False,100,6.0,0.0
618,UCPQEdwcyG2ZYwN4ly4c3-Pg,James Design School,H0FwvV0512w,"[JDS] 인테리어 라이트 세팅, Vray series 2 / Interior HDRI light settings",2025-09-05T20:14:15Z,791.0,False,127,4.0,5.0
618,UCPQEdwcyG2ZYwN4ly4c3-Pg,James Design School,sq73PF6LAZQ,"[JDS] 제품디자인 라이트 세팅, Vray series 3 / Product light settings",2025-09-05T20:17:22Z,1423.0,False,220,9.0,0.0
618,UCPQEdwcyG2ZYwN4ly4c3-Pg,James Design School,mJtUIg-fQ9c,"[JDS] 그림자매트, Vray series 4 / Shadow matte light settings",2025-09-05T20:18:54Z,1105.0,False,129,4.0,0.0
618,UCPQEdwcyG2ZYwN4ly4c3-Pg,James Design School,Jejgx6QwwEY,"[JDS] 입문자 편집 디자인 트레이닝 시스템, Edited design training system using high quality images",2025-09-12T08:25:01Z,2175.0,False,106,7.0,0.0
618,UCPQEdwcyG2ZYwN4ly4c3-Pg,James Design School,pjeEFciBcfE,"[JDS] 편집디자인 레이아웃 가이드, Editorial design layout guide.",2025-09-12T08:29:51Z,615.0,False,263,10.0,1.0
618,UCPQEdwcyG2ZYwN4ly4c3-Pg,James Design School,zCRLEM5CL3M,"[JDS] 굴곡 유선형 모델링 쉽고 ""빠르게"", Curved Modeling(Nurms, Mesh smooth, 3DsMax)",2025-09-12T10:38:41Z,674.0,False,175,6.0,1.0
618,UCPQEdwcyG2ZYwN4ly4c3-Pg,James Design School,sGO6wmDGFUE,자연광 없는 실내조명,2025-09-13T14:07:53Z,1378.0,False,73,3.0,0.0
618,UCPQEdwcyG2ZYwN4ly4c3-Pg,James Design School,AWzuXoVDuzo,AR(augmented reality) 증강현실 성심당 봉투 (어플 다운로드 가능),2025-09-26T04:26:54Z,98.0,False,192,4.0,1.0
618,UCPQEdwcyG2ZYwN4ly4c3-Pg,James Design School,TUSpt5Z6AZs,"[JDS] 증강현실 강좌, Augmented reality development using Vuforia AR in Unity",2025-10-10T23:18:27Z,1170.0,False,186,5.0,1.0
618,UCPQEdwcyG2ZYwN4ly4c3-Pg,James Design School,6I7NKSDwMm8,"[JDS] 영화용 렌더엔진으로 제품렌더링을 하면, Product rendering most realistically (Arnold in C4D) 라이노 렌더링, 키샷 렌더링",2025-10-10T23:29:45Z,1203.0,False,860,21.0,4.0
618,UCPQEdwcyG2ZYwN4ly4c3-Pg,James Design School,3yM6Mg0cmAQ,"[JDS] C4D Team Render settings tutorial, 팀 렌더 세팅 강좌",2025-10-16T09:06:02Z,594.0,False,404,9.0,1.0
618,UCPQEdwcyG2ZYwN4ly4c3-Pg,James Design School,mvLmbFQICJY,"[JDS] C4D Team Render Tiled distributed render, 팀 렌더 (타일분산) 렌더 강좌",2025-10-17T15:38:14Z,486.0,False,114,5.0,0.0
618,UCPQEdwcyG2ZYwN4ly4c3-Pg,James Design School,jCKN7jvShgU,"[JDS] C4D 캐싱 베이크 안될 때, It works 100% Caching, Bake as Alembic, Cinema 4D",2025-10-19T09:16:28Z,474.0,False,189,5.0,0.0
618,UCPQEdwcyG2ZYwN4ly4c3-Pg,James Design School,sCTPu4_NvPg,Braun Motion for WEB LT,2025-10-23T05:43:38Z,60.0,True,49,1.0,0.0
618,UCPQEdwcyG2ZYwN4ly4c3-Pg,James Design School,MDwRluxZxG8,"[JDS] 포폴사이트 PDF를 한번에 편집, WEB 포트폴리오 웹사이트 만들기 (이력서, 자소서)",2025-10-24T06:19:30Z,2420.0,False,528,17.0,5.0
618,UCPQEdwcyG2ZYwN4ly4c3-Pg,James Design School,_NwpbsEmLnU,"[JDS] D5 렌더링 세팅(분석내용), HDRI로 사실적인 이미지, 조명, 재질 강좌",2025-10-30T12:18:06Z,859.0,False,371,12.0,3.0
618,UCPQEdwcyG2ZYwN4ly4c3-Pg,James Design School,X3zlqWIunjk,"[JDS] 단축키 시리즈 2 Ctrl + W / Ctrl + Shift + W 프로그램 및 창 닫기, 윈도우",2025-11-01T11:23:05Z,49.0,True,99,4.0,1.0
618,UCPQEdwcyG2ZYwN4ly4c3-Pg,James Design School,dXqOZA2nHrI,"[JDS] PowerToy Mouse imp 윈도우 단축키, 최대화 최소화 복원 및 스크롤",2025-11-01T11:30:53Z,290.0,False,59,3.0,1.0
618,UCPQEdwcyG2ZYwN4ly4c3-Pg,James Design School,T2tiSwbTBCk,"[JDS] 편집디자인 및 판넬에서 ""홀수 그리드""가 더 유리해요, 5단 grid 추천",2025-11-03T11:26:41Z,174.0,False,384,12.0,1.0
618,UCPQEdwcyG2ZYwN4ly4c3-Pg,James Design School,33XLtMwqn4M,"[JDS] 카메라 화각, 자연스러운 눈높이 D5 판넬 메인 이미지",2025-11-03T11:35:56Z,255.0,False,478,16.0,1.0
618,UCPQEdwcyG2ZYwN4ly4c3-Pg,James Design School,0lg-6hZ1oq8,"[JDS] 디테일 vs 분위기, 3D 판넬 브로셔 편집 디자인 등에서 고려되는 솔루션, D5 렌더링",2025-11-05T16:25:15Z,367.0,False,148,10.0,2.0
618,UCPQEdwcyG2ZYwN4ly4c3-Pg,James Design School,1r_Q9VDtNKk,"[JDS] D5 ""0초 렌더링"" 렌더링 시간을 파격적으로 줄여 봅시다, Eevee, UE 등",2025-11-12T08:43:53Z,273.0,False,147,4.0,1.0
618,UCPQEdwcyG2ZYwN4ly4c3-Pg,James Design School,bR0k4xVVc98,"[JDS] 폰트와 한글, 편집디자인에서 자간만 조절해도 확 살아나요",2025-11-12T08:52:25Z,683.0,False,248,12.0,1.0
618,UCPQEdwcyG2ZYwN4ly4c3-Pg,James Design School,SkNqo21Jr-0,포토샵에서 투명 이미지를 일러스트레이터로 복사하는 방법 (No png psd) Paste a transparent Photoshop image into Illustrator,2026-03-05T10:00:29Z,173.0,False,138,5.0,1.0
618,UCPQEdwcyG2ZYwN4ly4c3-Pg,James Design School,ZS1tBt6x34o,"일러스트레이터 데이터 파일을 adobe XD로 HTML 만들기, (판넬을 포트폴리오 웹사이트로) illustrator to adobe XD WEB Export",2026-03-14T03:41:58Z,1103.0,False,99,2.0,1.0
619,UCn2r3YbH5aCyOyM47oCyfog,예쓰이 YeSseui,J9TN8Uuis1Q,페레로로쉐 미니어처 만들기 (점토x) How to make FerreroRocher miniature,2015-08-28T10:00:00Z,418.0,False,9974,84.0,47.0
619,UCn2r3YbH5aCyOyM47oCyfog,예쓰이 YeSseui,--H6D59Wz0Q,크레파스 액자 DIY -예쓰이,2017-03-15T13:37:23Z,174.0,False,1165,11.0,25.0
619,UCn2r3YbH5aCyOyM47oCyfog,예쓰이 YeSseui,nKuxG6IGRz4,비싼 가습기 저렴하게 선인장 가습기를 만들자,2017-03-16T11:01:06Z,137.0,False,248,5.0,5.0
619,UCn2r3YbH5aCyOyM47oCyfog,예쓰이 YeSseui,KHaogs6GIQo,공룡 과자 그릇을 만든다고??공룡그릇DIY -  예쓰이,2017-03-16T11:05:04Z,139.0,False,184,7.0,3.0
619,UCn2r3YbH5aCyOyM47oCyfog,예쓰이 YeSseui,CAzhB1V-YgQ,키세스트리는 지겹다! 키세스 파인애플!!,2017-03-16T11:08:39Z,181.0,False,988,15.0,11.0
619,UCn2r3YbH5aCyOyM47oCyfog,예쓰이 YeSseui,ohY2lc-fa84,꽃모양 젤리를 만든다고?? 꽃모양 젤리를 만들보자,2017-03-16T19:48:51Z,232.0,False,131,9.0,4.0
619,UCn2r3YbH5aCyOyM47oCyfog,예쓰이 YeSseui,_UoWSZd_VUk,셀프웨딩용 꽃화환을 만들자!!,2017-03-16T19:52:14Z,84.0,False,167,6.0,7.0
619,UCn2r3YbH5aCyOyM47oCyfog,예쓰이 YeSseui,BdCj7hlhAzM,포켓몬go 아라리 실제 계란으로 만들어보자,2017-03-16T19:56:15Z,180.0,False,563,8.0,0.0
619,UCn2r3YbH5aCyOyM47oCyfog,예쓰이 YeSseui,Kd2CwbO44DA,익스펙토 페트로눔 해리포터지팡이!!,2017-03-16T19:59:53Z,218.0,False,4586,31.0,10.0
619,UCn2r3YbH5aCyOyM47oCyfog,예쓰이 YeSseui,FbJGjWfK3eo,다이소 전등을 고오급지게??실전등만들기,2017-03-16T20:02:41Z,196.0,False,45521,228.0,19.0
619,UCn2r3YbH5aCyOyM47oCyfog,예쓰이 YeSseui,PhF-Q5HLv4c,재업]결정장애들을 위한 마법의 볼!!!,2017-03-16T20:04:24Z,127.0,False,235,11.0,23.0
619,UCn2r3YbH5aCyOyM47oCyfog,예쓰이 YeSseui,oBYbLEYvfLc,꽃피자 먹어봐써??안 먹어봤찌??난 먹어봤지롱 헿,2017-03-17T18:38:37Z,227.0,False,193,8.0,6.0
619,UCn2r3YbH5aCyOyM47oCyfog,예쓰이 YeSseui,LOOVwmqUde0,핸드폰 염색으로 나만의 폰 만들기!,2017-03-17T18:48:12Z,131.0,False,119720,623.0,82.0
619,UCn2r3YbH5aCyOyM47oCyfog,예쓰이 YeSseui,ls6gn4HKdx8,5분컷 식물 액자 만들어보기!,2017-03-17T18:56:21Z,133.0,False,2730,20.0,0.0
619,UCn2r3YbH5aCyOyM47oCyfog,예쓰이 YeSseui,pT6MhSyrz8k,나는 풍선으로 강아지 못 만드니 강아지풍선베개를 만들겠쒀!!!,2017-03-17T19:01:49Z,135.0,False,186,8.0,2.0
619,UCn2r3YbH5aCyOyM47oCyfog,예쓰이 YeSseui,hcGZ5C1j-qY,집에서 식물 이쁘게 키우기!! 저렴이버전 테라리움 만들잣!,2017-03-17T19:10:12Z,126.0,False,2343,45.0,
619,UCn2r3YbH5aCyOyM47oCyfog,예쓰이 YeSseui,nFABfHpGLK4,내 방에 대왕 구름이 있으면 좋겠다!!!그래서 만듦,2017-03-19T14:10:51Z,151.0,False,2491,25.0,6.0
619,UCn2r3YbH5aCyOyM47oCyfog,예쓰이 YeSseui,QrKTE-xLt7Q,화이트데이기념 마이쮸 장미꽃 & 구독자 이벤트 발표,2017-03-19T14:22:50Z,241.0,False,268,11.0,27.0
619,UCn2r3YbH5aCyOyM47oCyfog,예쓰이 YeSseui,7cGz-pGe8Xw,집에서 미니언을 키운다? 3D 홀로그램 만들기!!!,2017-03-20T09:41:35Z,217.0,False,1043,24.0,63.0
619,UCn2r3YbH5aCyOyM47oCyfog,예쓰이 YeSseui,5pMXPjITcQg,봄을 맞이 꽃으로 봄 느낌 압화폰케이스 만들기,2017-03-22T09:00:02Z,130.0,False,795,22.0,63.0
619,UCn2r3YbH5aCyOyM47oCyfog,예쓰이 YeSseui,WiwiTLu8zII,맛있고 먹을수 있는 립글로즈(틴트)??,2017-03-24T09:00:04Z,161.0,False,806,18.0,50.0
619,UCn2r3YbH5aCyOyM47oCyfog,예쓰이 YeSseui,l24hw2dnFAU,재업]꽃피자 먹어봐써?? 안 먹어봐찌??? 난 먹어봤지롱 헿,2017-03-25T06:04:56Z,233.0,False,212,8.0,6.0
619,UCn2r3YbH5aCyOyM47oCyfog,예쓰이 YeSseui,yU1ZUqInNw0,재업]립스틱 비누 안에 꽃 있는거 본적 있어??,2017-03-25T06:22:42Z,126.0,False,536,18.0,20.0
619,UCn2r3YbH5aCyOyM47oCyfog,예쓰이 YeSseui,-e1aq8dwK-k,오늘 스밍으로 만들기해여,2017-03-26T10:54:43Z,,False,0,0.0,0.0
619,UCn2r3YbH5aCyOyM47oCyfog,예쓰이 YeSseui,jjDLU5rG0CY,매니큐어 손톱에만 바르지 말고 컵에도 바르자??,2017-04-02T09:00:05Z,155.0,False,599,16.0,35.0
619,UCn2r3YbH5aCyOyM47oCyfog,예쓰이 YeSseui,GhuHbvUh8WM,제주도 여행 후기(?) 녕상💕,2017-04-08T09:00:00Z,154.0,False,2277,35.0,37.0
619,UCn2r3YbH5aCyOyM47oCyfog,예쓰이 YeSseui,mOMRdXhLYG0,미녀와 야수장미꽃 펜(feat.디즈니덕후),2017-04-18T09:00:04Z,225.0,False,645,8.0,31.0
619,UCn2r3YbH5aCyOyM47oCyfog,예쓰이 YeSseui,1hme5YCIhFY,매니큐어+형을 엄청 좋아하는 사람?,2017-04-20T09:00:01Z,162.0,False,653,15.0,42.0
619,UCn2r3YbH5aCyOyM47oCyfog,예쓰이 YeSseui,Dik8KbWkLMI,개나소나 만들수 있는 스노우볼,2017-04-24T09:00:01Z,161.0,False,1297,27.0,44.0
619,UCn2r3YbH5aCyOyM47oCyfog,예쓰이 YeSseui,b9d8ogS6efM,자아아네!스트레스를 받는다면 이 영상을 보아랏,2017-04-26T09:00:04Z,186.0,False,1316,26.0,56.0
619,UCn2r3YbH5aCyOyM47oCyfog,예쓰이 YeSseui,c7T-HoTJLfE,예쓰이 상하이여행 녕상,2017-05-10T09:00:02Z,111.0,False,1032,12.0,46.0
619,UCn2r3YbH5aCyOyM47oCyfog,예쓰이 YeSseui,IbqEDJsDVmU,비글3인의 포핀쿠키 3분컷 챌린지,2017-05-12T10:27:43Z,270.0,False,602,16.0,
619,UCn2r3YbH5aCyOyM47oCyfog,예쓰이 YeSseui,QNeB0otxOTI,여행동영상 어떻게 찍는지 궁금하다면??,2017-05-24T09:00:01Z,84.0,False,11268,42.0,40.0
619,UCn2r3YbH5aCyOyM47oCyfog,예쓰이 YeSseui,OoefFxk3i9k,간단하디 간단하디 간단한 가렌더!,2017-05-26T09:00:01Z,155.0,False,650,14.0,37.0
619,UCn2r3YbH5aCyOyM47oCyfog,예쓰이 YeSseui,muMdSGlgQpw,가죽공예 처음 해봄!,2017-05-28T09:23:07Z,139.0,False,1039,15.0,49.0
619,UCn2r3YbH5aCyOyM47oCyfog,예쓰이 YeSseui,LEpMVO2_140,먹을수 있는 마시멜로우 액괴,2017-10-04T04:19:46Z,99.0,False,2724,41.0,36.0
620,UChCjctHzwmg0KEpl2fuRsuw,해피할머니 패밀리,wYYCuCbu71I,[중국음식] 썩은(?) 오리알 먹기! 과연 그맛은? [송화단] [해피패밀리TV],2017-07-09T00:30:01Z,292.0,False,3469,41.0,29.0
620,UChCjctHzwmg0KEpl2fuRsuw,해피할머니 패밀리,GdjkTMWZjMI,해피할머니를 인터뷰하고싶다는 두명의 여학생이 찾아왔습니다 [해피패밀리TV],2017-07-21T09:00:01Z,221.0,False,1149,41.0,14.0
620,UChCjctHzwmg0KEpl2fuRsuw,해피할머니 패밀리,IIZ3ESCLypQ,[썰머니] 조폭에게 납치당한 한 여자의 인생 #소름주의 #반전주의 [해피패밀리TV],2017-09-02T00:30:00Z,547.0,False,1594,37.0,5.0
620,UChCjctHzwmg0KEpl2fuRsuw,해피할머니 패밀리,tE-AQwvFkKc,해피할머니 월남쌈 만들기~! #도마ASMR #소리너무좋다 #칼소리 도루코 my chef  [해피패밀리TV],2017-11-01T04:19:38Z,409.0,False,1010,40.0,10.0
620,UChCjctHzwmg0KEpl2fuRsuw,해피할머니 패밀리,1t7pp58eOUM,"해피할머니표 ""치킨 에그 피자"" 환상적인 그맛~! [해피패밀리TV]",2017-12-19T09:00:01Z,212.0,False,980,44.0,21.0
620,UChCjctHzwmg0KEpl2fuRsuw,해피할머니 패밀리,CkIvOz9rZSY,해피할머니 vs 좀비 생방송 FULL [해피패밀리TV],2017-12-20T09:00:01Z,3734.0,False,485,13.0,6.0
620,UChCjctHzwmg0KEpl2fuRsuw,해피할머니 패밀리,dvG6EfUrkTc,해피할머니 크런치액괴 ASMR [해피패밀리TV],2018-01-13T00:00:02Z,597.0,False,1818,36.0,11.0
620,UChCjctHzwmg0KEpl2fuRsuw,해피할머니 패밀리,kpkS4byvK5A,해피할머니 S8 샀다! 개봉기~! 언박싱 [해피패밀리TV],2018-02-18T07:00:01Z,242.0,False,2541,64.0,19.0
620,UChCjctHzwmg0KEpl2fuRsuw,해피할머니 패밀리,Xx_LG1wV43Q,해피할머니 모바일로 첫 생방송 #구독자 애칭정하기,2018-02-18T13:34:39Z,2139.0,False,365,34.0,3.0
620,UChCjctHzwmg0KEpl2fuRsuw,해피할머니 패밀리,MFWon-AhUeE,해피할머니의 먹방(떡볶기),2018-02-21T09:14:34Z,1773.0,False,289,20.0,4.0
620,UChCjctHzwmg0KEpl2fuRsuw,해피할머니 패밀리,Mj1O4yPieXQ,해피할머니 패밀리 좀비잡기,2018-02-21T10:41:47Z,1422.0,False,152,10.0,1.0
620,UChCjctHzwmg0KEpl2fuRsuw,해피할머니 패밀리,WP9xfiBhC3k,해피할머니 나이프힛,2018-02-21T13:43:05Z,1479.0,False,198,19.0,1.0
620,UChCjctHzwmg0KEpl2fuRsuw,해피할머니 패밀리,KFeqzv1MUtA,해피할머니 디펜스게임 생방송,2018-02-22T13:37:47Z,3261.0,False,216,20.0,0.0
620,UChCjctHzwmg0KEpl2fuRsuw,해피할머니 패밀리,gtXDVtplekQ,해피할머니 나이프힛 게임 생방송,2018-02-22T13:54:58Z,1431.0,False,254,12.0,2.0
620,UChCjctHzwmg0KEpl2fuRsuw,해피할머니 패밀리,hr9OQFkuAso,해피할머니 대학졸업식 생방송,2018-02-24T01:03:14Z,3412.0,False,674,38.0,6.0
620,UChCjctHzwmg0KEpl2fuRsuw,해피할머니 패밀리,ZVvkAO2yUhQ,해피할머니와 옛날통닭만들어 먹기,2018-02-25T13:13:03Z,3976.0,False,752,49.0,7.0
620,UChCjctHzwmg0KEpl2fuRsuw,해피할머니 패밀리,HRXWxsvyscs,해피할머니와 불닭발 먹방,2018-02-26T12:50:44Z,3027.0,False,623,44.0,6.0
620,UChCjctHzwmg0KEpl2fuRsuw,해피할머니 패밀리,staVHA3L3uM,해피할머니 족발먹기,2018-03-01T11:38:32Z,,False,0,3.0,0.0
620,UChCjctHzwmg0KEpl2fuRsuw,해피할머니 패밀리,AAf9-H3ixoo,먹방 해피할머니와 국수,2018-03-04T12:18:47Z,,False,0,4.0,0.0
620,UChCjctHzwmg0KEpl2fuRsuw,해피할머니 패밀리,0QxwTD2TJfw,해피할머니먹방(김치찌게),2018-03-16T12:37:59Z,1771.0,False,297,17.0,0.0
620,UChCjctHzwmg0KEpl2fuRsuw,해피할머니 패밀리,Zh_YWVU6ypg,날치알과 김치볶음밥.,2018-03-17T13:11:55Z,1868.0,False,485,26.0,0.0
620,UChCjctHzwmg0KEpl2fuRsuw,해피할머니 패밀리,OJUI7Fut4-g,해피할머니먹방 (만두국),2018-03-23T12:08:36Z,1492.0,False,368,27.0,0.0
620,UChCjctHzwmg0KEpl2fuRsuw,해피할머니 패밀리,t8Rz6EGrF0w,해피할머니 야식과수다,2018-03-31T12:49:00Z,1573.0,False,258,22.0,0.0
620,UChCjctHzwmg0KEpl2fuRsuw,해피할머니 패밀리,czQ8vkCC1ig,해피할머니의 야식과수다.,2018-04-01T12:06:24Z,1455.0,False,360,30.0,0.0
620,UChCjctHzwmg0KEpl2fuRsuw,해피할머니 패밀리,fWLgmQ9P_00,해피할머니와 야식과수다.,2018-04-07T13:37:32Z,1669.0,False,417,26.0,2.0
620,UChCjctHzwmg0KEpl2fuRsuw,해피할머니 패밀리,QGlEBOqO3_k,해피할머니 나이프힛 게임 생방송,2018-04-20T10:14:01Z,1106.0,False,86,6.0,0.0
620,UChCjctHzwmg0KEpl2fuRsuw,해피할머니 패밀리,87Sq82ULnNs,구스와 천마산 데이트,2018-04-21T10:01:37Z,142.0,False,383,12.0,0.0
620,UChCjctHzwmg0KEpl2fuRsuw,해피할머니 패밀리,60oIc4brB4Y,해피할머니의게임방송,2018-04-21T13:02:35Z,1829.0,False,143,8.0,0.0
620,UChCjctHzwmg0KEpl2fuRsuw,해피할머니 패밀리,bUFoGwWSzkA,해피할머니의나이프힛,2018-04-23T08:37:54Z,185.0,False,56,4.0,1.0
620,UChCjctHzwmg0KEpl2fuRsuw,해피할머니 패밀리,6AkoxPz9-z0,해피할머니의나이프힛,2018-04-23T08:44:03Z,177.0,False,55,3.0,0.0
620,UChCjctHzwmg0KEpl2fuRsuw,해피할머니 패밀리,20Yp-i3vDM4,해피할머니의나이프힛,2018-04-23T09:25:50Z,676.0,False,173,7.0,1.0
620,UChCjctHzwmg0KEpl2fuRsuw,해피할머니 패밀리,6aOD7vG6ji4,부산 광안리 어방축제,2018-04-29T12:05:10Z,1845.0,False,283,13.0,0.0
620,UChCjctHzwmg0KEpl2fuRsuw,해피할머니 패밀리,YvmWppIbaiE,해피할머니의 나이프힛게임.할머니의나이프힛,2018-05-11T14:47:50Z,1312.0,False,160,9.0,0.0
620,UChCjctHzwmg0KEpl2fuRsuw,해피할머니 패밀리,Ht60uhfm4YE,해피할머니의 나이프힛게임.할머니의나이프힛 해피할머니의게임방송 나,2018-05-13T12:52:20Z,38.0,True,238,8.0,1.0
620,UChCjctHzwmg0KEpl2fuRsuw,해피할머니 패밀리,UtqN2CMZdPA,해피 할머니의 게임 (좀비),2018-06-24T09:51:12Z,1758.0,False,169,9.0,1.0
620,UChCjctHzwmg0KEpl2fuRsuw,해피할머니 패밀리,Nee6cTnWrpo,해피 할머니의 게임 (나이프힛),2018-06-24T14:13:29Z,977.0,False,207,9.0,1.0
620,UChCjctHzwmg0KEpl2fuRsuw,해피할머니 패밀리,uofRYE0v7bw,해피 할머니의 게임 (나이프힛),2018-06-25T14:39:54Z,1478.0,False,283,6.0,0.0
620,UChCjctHzwmg0KEpl2fuRsuw,해피할머니 패밀리,ua0Sgxv8gy0,포켓몬고 컴백! 친추받아요~! [해피할머니],2018-06-27T13:29:28Z,816.0,False,550,18.0,3.0
620,UChCjctHzwmg0KEpl2fuRsuw,해피할머니 패밀리,dA1tv9Ig0Q0,포켓몬고 컴백! 체육관 도전! [해피할머니],2018-07-01T07:02:09Z,1920.0,False,488,15.0,0.0
620,UChCjctHzwmg0KEpl2fuRsuw,해피할머니 패밀리,OY_-hR3-2Ys,해피할머니 포켓몬고 체육관점령하려가다,2018-07-24T15:09:27Z,1962.0,False,496,11.0,0.0
620,UChCjctHzwmg0KEpl2fuRsuw,해피할머니 패밀리,LXMl-tTZ8eQ,해피할머니 포켓몬고 체육관점령하려가다,2018-07-24T16:11:52Z,1860.0,False,416,11.0,0.0
620,UChCjctHzwmg0KEpl2fuRsuw,해피할머니 패밀리,6MtFo7HUnlA,해피할머니 포켓몬고 체육관점령하려가다,2018-07-25T15:00:09Z,6570.0,False,510,15.0,0.0
620,UChCjctHzwmg0KEpl2fuRsuw,해피할머니 패밀리,fGRmt6vXAwM,해피할머니 포켓몬고 체육관점령하려가다,2018-07-29T13:15:32Z,,False,0,0.0,0.0
620,UChCjctHzwmg0KEpl2fuRsuw,해피할머니 패밀리,FLa5N7Td2yk,해피할머니 포켓몬고 체육관점령하려가다,2018-07-29T13:50:23Z,951.0,False,429,3.0,0.0
620,UChCjctHzwmg0KEpl2fuRsuw,해피할머니 패밀리,XXMFFA0GK44,해피할머니 포켓몬고 체육관점령하려가다,2018-07-30T13:25:06Z,228.0,False,1156,14.0,1.0
620,UChCjctHzwmg0KEpl2fuRsuw,해피할머니 패밀리,g_1NTmWN5gA,해피할머니 포켓몬고 커뮤니티데이 축제,2018-08-11T04:42:28Z,1224.0,False,573,12.0,0.0
620,UChCjctHzwmg0KEpl2fuRsuw,해피할머니 패밀리,c_U2UjEVWDM,해피할머니 패밀리 레이드 격파GO,2018-08-12T05:23:53Z,1583.0,False,1226,19.0,3.0
620,UChCjctHzwmg0KEpl2fuRsuw,해피할머니 패밀리,vvLUKlCDzYE,해피할머니  부산광안리에오다  격파GO,2018-08-25T13:52:10Z,25.0,True,2431,30.0,8.0
620,UChCjctHzwmg0KEpl2fuRsuw,해피할머니 패밀리,DClW7J_JjLE,해피할머니의 좀비 고인물 플레이 생방송 FULL [해피패밀리TV],2019-12-15T09:05:11Z,4235.0,False,611,23.0,5.0
620,UChCjctHzwmg0KEpl2fuRsuw,해피할머니 패밀리,oaP6gXMQRlg,해피할머니 치아가 아파요~~ 치과 상담 방문 VLOG [해피패밀리TV 골든시니어 치과 방문기],2020-01-03T07:42:14Z,355.0,False,978,19.0,5.0
621,UCcTS_PFwduz8f72rlaGGMfg,PAF Aerover,pxmFHasvWy4,션의 새로운 필살기 [지구 지키기 캠페인],2019-04-03T22:08:08Z,33.0,True,426,26.0,14.0
621,UCcTS_PFwduz8f72rlaGGMfg,PAF Aerover,3V00dgDJIbY,에어로버 OST 블레이드 테마 (Blade’s Theme Song) [ 댄스뮤직 / 잠깨는 음악 / Anime Dance Music ],2019-04-10T01:57:27Z,125.0,False,3614,57.0,4.0
621,UCcTS_PFwduz8f72rlaGGMfg,PAF Aerover,cgE0nJJIKiw,구독자 안느는데 배까지 고파 개빡쳐서 만든 뮤직비디오 | 지금까지 이런  개빡침은 없었다! 이것은 구걸인가 협박인가! 지금 구독하기 고고고 [Aerover],2019-04-11T08:23:06Z,90.0,False,1809,69.0,44.0
621,UCcTS_PFwduz8f72rlaGGMfg,PAF Aerover,0ncA7Hroxac,에어로버 OST “레이스” (Race) [ Rock Music / 드라이브 할 때 듣기 좋은 음악 / Anime Metal Music ],2019-04-17T01:00:01Z,135.0,False,1411,31.0,4.0
621,UCcTS_PFwduz8f72rlaGGMfg,PAF Aerover,Y3fXO8BX-BA,에어로버 OST “스노우 스톰” (Snow storm) [ 웅장한 음악 / 심쿵하기 좋은 음악 / Anime Classical Music ],2019-04-24T02:49:36Z,91.0,False,1400,31.0,6.0
621,UCcTS_PFwduz8f72rlaGGMfg,PAF Aerover,LYDD3ZuApfw,에어로버 OST 빅토리 (Victory) [ 소프트 락뮤직 / 경쾌한 밴드 음악 / Anime Rock Music ],2019-05-01T08:15:48Z,95.0,False,1218,19.0,3.0
621,UCcTS_PFwduz8f72rlaGGMfg,PAF Aerover,V4LEFN1xzQQ,애니메이션 에어로버 패러디 [첫키스/멋진남자]편 에어로버 팬들위해 공식에서 만든 개그샷,2019-05-05T06:00:50Z,121.0,False,1445,36.0,16.0
621,UCcTS_PFwduz8f72rlaGGMfg,PAF Aerover,hUBz9xQy97o,에어로버 OST “기분 좋은 비행” Soaring [ 밝은 음악 / 기분이 좋아지는 음악 / 산책갈 때 듣기 좋은 음악 / Anime Music ],2019-05-08T23:00:04Z,99.0,False,1226,21.0,6.0
621,UCcTS_PFwduz8f72rlaGGMfg,PAF Aerover,3_LsQAG7ChY,애니메이션 에어로버 패러디 2탄 [스포츠맨/멋진남자2] 에어로버 팬들을 위해 공식에서 만든 개그샷,2019-05-12T07:38:50Z,135.0,False,1020,36.0,17.0
621,UCcTS_PFwduz8f72rlaGGMfg,PAF Aerover,440rbhMUSSg,에어로버 – OST 우울한 기분  (Gloomy Emotions) [ 애니메이션 / 주제가 / 자기전에 듣기 좋은 음악 / Best Epic Anime Soundtracks ],2019-05-15T11:01:08Z,98.0,False,2602,55.0,15.0
621,UCcTS_PFwduz8f72rlaGGMfg,PAF Aerover,_iOZUhI7oqM,애니메이션 에어로버 패러디 3탄 [부끄러워/입부테스트] 공식제작 패러디는 계속된다 쭈욱,2019-05-17T05:08:18Z,106.0,False,1498,31.0,19.0
621,UCcTS_PFwduz8f72rlaGGMfg,PAF Aerover,v2ooDAtDc2U,에어로버 – OST 블레이드 피아노 버전  (Blade's Theme Song Piano Ver.) [ 애니메이션 / 피아노 곡 ],2019-05-21T23:00:05Z,64.0,False,1221,22.0,9.0
621,UCcTS_PFwduz8f72rlaGGMfg,PAF Aerover,XzCycgF8CC8,애니메이션 에어로버 패러디 4탄 [무서워/최종화] 이보다 웃길순 없다. 공식 코믹 영상,2019-05-24T00:00:05Z,138.0,False,1743,35.0,29.0
621,UCcTS_PFwduz8f72rlaGGMfg,PAF Aerover,eG2c4T6W2AI,"에어로버 OST ""각성"" Skyhawk Awakening [웅장한 음악 / 클라이맥스 / 애니메이션 클래식 음악 / Anime Music ]",2019-05-29T03:12:07Z,53.0,True,3298,62.0,9.0
621,UCcTS_PFwduz8f72rlaGGMfg,PAF Aerover,OUYc79nR1Q4,애니메이션 에어로버 패러디 5탄 [위기탈출 파이터] 안젤라가 점점 강해질 수 밖에 없는 이유! 이제 다 나은거 같구나. 열심히 하는 것도 좋지만 너무 무리는 말거라 ㅋㅋㅋ,2019-05-31T03:00:32Z,131.0,False,1781,35.0,10.0
621,UCcTS_PFwduz8f72rlaGGMfg,PAF Aerover,oIVDIbXL1Hg,에어로버 – OST 스피드 킹 (Speed King) [ 애니메이션 / 헤비메탈 ] 질주본능을 불러일으키는 스피드 메탈 드라이브 할때 듣기 좋은 음악,2019-06-05T00:00:05Z,112.0,False,1052,18.0,2.0
621,UCcTS_PFwduz8f72rlaGGMfg,PAF Aerover,ZWKDIRKC1oQ,이안의 흑역사 애니메이션 에어로버 패러디 5탄 [어째서냐?] 난 또 보고싶어할 줄 알았죠,2019-06-07T00:30:04Z,103.0,False,2338,41.0,12.0
621,UCcTS_PFwduz8f72rlaGGMfg,PAF Aerover,GNEVe8-Srr0,에어로버 – OST 컴 온 (Come on) [ 애니메이션 / 음악감상 ] 처음엔 락같은데 가다보면 댄스곡으로?,2019-06-12T07:16:30Z,167.0,False,1038,25.0,4.0
621,UCcTS_PFwduz8f72rlaGGMfg,PAF Aerover,j6Fc9P5lV8c,에어로버 비긴즈? 뒤끝작렬 이안 [칠리치즈 바베큐치킨] 핫핫핫도그다~! 웃자고 만든 영상에 다큐로 받아치기 없기다,2019-06-14T06:21:43Z,197.0,False,2396,39.0,9.0
621,UCcTS_PFwduz8f72rlaGGMfg,PAF Aerover,VyDPm1OTUSk,"에어로버 OST ""위기"" Crisis [긴장감이 흐르는 음악 /분위기 고조 / 애니메이션 클래식 음악 / Anime Music ]",2019-06-26T06:02:00Z,78.0,False,4963,40.0,8.0
621,UCcTS_PFwduz8f72rlaGGMfg,PAF Aerover,1XxhSa0XCTU,에어로버 애니메이션 패러디 모아보기 [새로운 에피소드 추가있음] 공식에서 만든 오리지널보다 더 재밌는 영상,2019-06-28T05:41:55Z,740.0,False,6041,99.0,17.0
621,UCcTS_PFwduz8f72rlaGGMfg,PAF Aerover,vt5YijBxbko,슬프지만 듣기 좋은 감성 피아노곡 이안의 테마 Piano Ver.  (에어로버 OST 중),2019-07-19T10:51:42Z,99.0,False,1262,36.0,8.0
621,UCcTS_PFwduz8f72rlaGGMfg,PAF Aerover,hJMIpWO1pe8,"심각하게 심각한 애니음악 [악당에게도 테마곡이 있다 / 커건 / 애니메이션 클래식 음악 / Epic Anime Music ] 에어로버 OST ""EVIL""",2019-08-08T10:07:26Z,112.0,False,2845,33.0,10.0
621,UCcTS_PFwduz8f72rlaGGMfg,PAF Aerover,OjVN8MGBuxs,[ENG SUB] Have you seen an animation with drones? | 'Aerover' | S1 EP1 'Return of the Space Drones',2019-09-27T06:00:03Z,854.0,False,208398,1630.0,46.0
621,UCcTS_PFwduz8f72rlaGGMfg,PAF Aerover,l_KpggycSkI,[ENG SUB] The Sports Animation You 'Must' Watch | Aerover | S1 EP2 'Return of the Space Drones',2019-10-07T09:00:07Z,633.0,False,31008,402.0,15.0
621,UCcTS_PFwduz8f72rlaGGMfg,PAF Aerover,TthIsiVOBwM,"[SUB] This anime has comedy, sports, drones, everything | Aerover | S1 EP3 'Phoenix Team Challenge!'",2019-10-11T06:00:02Z,647.0,False,24356,215.0,0.0
621,UCcTS_PFwduz8f72rlaGGMfg,PAF Aerover,n60Z9uhvZSA,[ENG SUB] Do you like 2D characters? Then check this out | Aerover | S1 EP4 'Lovely Performer',2019-10-18T12:00:11Z,714.0,False,34863,310.0,11.0
621,UCcTS_PFwduz8f72rlaGGMfg,PAF Aerover,q09AcaXEGc4,[ENG SUB] Sports + Drone + Anime = Awesome | 'Aerover' | S1 EP5 'Break Through the Unbreakable',2019-10-27T03:00:05Z,640.0,False,26438,272.0,0.0
621,UCcTS_PFwduz8f72rlaGGMfg,PAF Aerover,v5W_Ub7fdAo,[SUB] You Still Haven't Seen This Animation Yet?! | Aerover | S1 EP6 'Return of the Aerover Fighter',2019-11-01T12:00:12Z,684.0,False,23807,184.0,7.0
621,UCcTS_PFwduz8f72rlaGGMfg,PAF Aerover,yOKFSEMNK5c,"[ENG SUB] The Anime With Cool Male Characters. | Aerover | S1 EP7 'IAN, THE MOST POWERFUL RIVAL'",2019-11-09T12:00:10Z,763.0,False,19728,191.0,0.0
621,UCcTS_PFwduz8f72rlaGGMfg,PAF Aerover,lE1w_LJqsVQ,[ENG SUB] Is This What Drone Racing Is Like? | 'Aerover' | S1 EP8 'Proclaimed Rival',2019-11-18T12:00:14Z,567.0,False,19336,145.0,12.0
621,UCcTS_PFwduz8f72rlaGGMfg,PAF Aerover,jjVOFcLA5-w,[ENG SUB] The Standard of Sports Anime. Check this out. | 'Aerover' | S1 EP9 Shawn's Debut Battle!,2019-11-24T09:00:09Z,649.0,False,18273,155.0,16.0
621,UCcTS_PFwduz8f72rlaGGMfg,PAF Aerover,vQ_nF8kebBQ,[ENG SUB] This Animation Will Be A Big Hit | 'Aerover' | S1 EP10 'The Impossible Race!',2019-12-02T12:00:16Z,668.0,False,28689,280.0,38.0
621,UCcTS_PFwduz8f72rlaGGMfg,PAF Aerover,aiACWPq5x-w,애니메이션을 뚫고 나온 진짜 레이싱 드론/Epic FPV Drone from an animation,2020-03-29T12:10:19Z,99.0,False,8351,95.0,47.0
621,UCcTS_PFwduz8f72rlaGGMfg,PAF Aerover,XHXCcyS3xX8,[ENG SUB] 에어로버 시즌1 에피소드 11 [새로운 만남],2022-06-04T11:58:55Z,742.0,False,6513,62.0,17.0
621,UCcTS_PFwduz8f72rlaGGMfg,PAF Aerover,QqKLzMsSzek,"에어로버 에피소드 12 /Aerover EP 12 [비공식경기, 언더스트릿]",2024-02-11T17:26:02Z,642.0,False,3616,32.0,7.0
621,UCcTS_PFwduz8f72rlaGGMfg,PAF Aerover,KINkzznivHw,에어로버 에피소드 13 /Aerover EP 13  [파티장의 격돌],2024-02-15T07:52:17Z,683.0,False,8540,79.0,7.0
621,UCcTS_PFwduz8f72rlaGGMfg,PAF Aerover,HjhXIEoBRYw,드론레이싱의 우승자는 누구? #애니메이션 #animation #에어로버 #드론레이싱,2024-02-15T08:21:19Z,30.0,True,1237,34.0,1.0
621,UCcTS_PFwduz8f72rlaGGMfg,PAF Aerover,ZnPk7P15Y3k,#열정 #드론 #이생망 #초딩한테발림 #정신승리,2024-02-16T09:17:40Z,32.0,True,709,27.0,3.0
621,UCcTS_PFwduz8f72rlaGGMfg,PAF Aerover,6tPrVZFRpfw,에어로버 에피소드 14 /Aerover EP 14 [코스모스톤의 비밀],2024-02-22T17:42:01Z,685.0,False,2888,34.0,3.0
621,UCcTS_PFwduz8f72rlaGGMfg,PAF Aerover,WNpAK1oEqaQ,에어로버 에피소드 15 /Aerover EP 15 [수상한 그림자],2024-03-01T08:20:15Z,684.0,False,2790,20.0,4.0
621,UCcTS_PFwduz8f72rlaGGMfg,PAF Aerover,BbjtnNGCLmw,에어로버 에피소드 16 /Aerover EP 16 [안젤라의 과거],2024-03-08T15:59:17Z,664.0,False,2617,26.0,4.0
621,UCcTS_PFwduz8f72rlaGGMfg,PAF Aerover,BfmdZE8_vo0,에어로버 에피소드 17 / Aerover EP 17 [뜻밖의 재회],2024-03-15T06:52:19Z,691.0,False,2484,26.0,1.0
621,UCcTS_PFwduz8f72rlaGGMfg,PAF Aerover,By4mA-JeRtI,에어로버 에피소드 18 / Aerover EP 18 [팀을 위한 비행],2024-03-23T15:22:23Z,627.0,False,4275,30.0,1.0
621,UCcTS_PFwduz8f72rlaGGMfg,PAF Aerover,3Fah2ZJGAe4,에어로버 에피소드 19 / Aerover EP 19 [기량이냐 팀웍이냐],2024-03-30T03:27:09Z,731.0,False,3709,34.0,9.0
621,UCcTS_PFwduz8f72rlaGGMfg,PAF Aerover,rZXs5q1YfPc,에어로버 에피소드 20 / Aerover EP 20 [즐거운 워크샵],2024-05-03T05:20:50Z,641.0,False,3996,33.0,3.0
621,UCcTS_PFwduz8f72rlaGGMfg,PAF Aerover,_1-ed2zmFl4,에어로버 에피소드 21 / Aerover EP 21 [리치 저택의 파티],2024-05-03T05:20:56Z,740.0,False,3018,33.0,7.0
621,UCcTS_PFwduz8f72rlaGGMfg,PAF Aerover,2WRcXi3flqg,에어로버 에피소드 22 / Aerover EP 22 [피닉스의 새로운 주장],2024-05-12T09:13:57Z,641.0,False,3258,31.0,4.0
621,UCcTS_PFwduz8f72rlaGGMfg,PAF Aerover,VfGZvkkTi5M,에어로버 에피소드 23 / Aerover EP 23 [0.0001초의 기적!],2024-05-15T07:36:58Z,630.0,False,3349,37.0,10.0
621,UCcTS_PFwduz8f72rlaGGMfg,PAF Aerover,V4MSnEYt2IU,에어로버 에피소드 24 / Aerover EP 24 [과학실 귀신 대소동],2025-03-30T07:33:40Z,751.0,False,2588,41.0,14.0
622,UClEakkOLre1NUWg9G7cyRWQ,그리는 찰리 Charlie Drawing,mgMiaotiDPg,croquis 260228 #croquis #drawing #크로키 #모작,2026-02-28T13:20:57Z,63.0,False,94,0.0,0.0
622,UClEakkOLre1NUWg9G7cyRWQ,그리는 찰리 Charlie Drawing,2p4TkWpbjJ4,croquis 260301 #croquis #drawing #모작 #크로키,2026-03-01T11:49:23Z,73.0,False,258,0.0,0.0
622,UClEakkOLre1NUWg9G7cyRWQ,그리는 찰리 Charlie Drawing,QXGhjtQeZi4,croquis 260302 #croquis #drawing  #크로키 #painting #모작,2026-03-02T11:50:39Z,65.0,False,409,0.0,0.0
622,UClEakkOLre1NUWg9G7cyRWQ,그리는 찰리 Charlie Drawing,mGFoAXMMXZs,croquis 260303 #croquis #drawing  #크로키 #painting #모작,2026-03-03T12:08:31Z,74.0,False,145,0.0,0.0
622,UClEakkOLre1NUWg9G7cyRWQ,그리는 찰리 Charlie Drawing,pWOROXaw8j0,croquis 260304 #croquis #drawing #크로키 #모작,2026-03-04T11:18:29Z,90.0,False,163,0.0,0.0
622,UClEakkOLre1NUWg9G7cyRWQ,그리는 찰리 Charlie Drawing,dlNzbtEy87k,croquis 260305 #croquis #drawing #크로키 #모작,2026-03-05T12:24:19Z,72.0,False,187,0.0,0.0
622,UClEakkOLre1NUWg9G7cyRWQ,그리는 찰리 Charlie Drawing,-FyqI6OtsQ0,croquis 260306 #croquis #drawing #크로키 #모작,2026-03-06T12:36:56Z,102.0,False,289,1.0,0.0
622,UClEakkOLre1NUWg9G7cyRWQ,그리는 찰리 Charlie Drawing,KfkrX8w9fP4,croquis 260307 #croquis #drawing #크로키 #모작,2026-03-07T09:51:56Z,81.0,False,102,0.0,0.0
622,UClEakkOLre1NUWg9G7cyRWQ,그리는 찰리 Charlie Drawing,0mbVwmkI0tQ,croquis 260308 #croquis #크로키 #모작 #drawing,2026-03-08T09:40:22Z,71.0,False,104,0.0,0.0
622,UClEakkOLre1NUWg9G7cyRWQ,그리는 찰리 Charlie Drawing,HfF2_Z8OOvA,croquis 260309 #croquis #크로키 #모작 #drawing,2026-03-09T11:33:14Z,100.0,False,45,0.0,0.0
622,UClEakkOLre1NUWg9G7cyRWQ,그리는 찰리 Charlie Drawing,-b6faJftqGM,croquis 260310 #croquis #크로키 #모작 #drawing,2026-03-10T13:56:53Z,103.0,False,222,3.0,0.0
622,UClEakkOLre1NUWg9G7cyRWQ,그리는 찰리 Charlie Drawing,SsiIpGpa9dM,croquis 260311 #croquis #크로키 #모작 #drawing,2026-03-11T13:34:41Z,101.0,False,237,0.0,0.0
622,UClEakkOLre1NUWg9G7cyRWQ,그리는 찰리 Charlie Drawing,w5Z-nPiB8h8,croquis 260312 #croquis #크로키 #모작 #drawing,2026-03-12T11:41:26Z,95.0,False,140,2.0,0.0
622,UClEakkOLre1NUWg9G7cyRWQ,그리는 찰리 Charlie Drawing,D9sHZAgjnGs,croquis 260313 #croquis #크로키 #모작 #drawing,2026-03-13T13:24:52Z,97.0,False,107,0.0,0.0
622,UClEakkOLre1NUWg9G7cyRWQ,그리는 찰리 Charlie Drawing,22DN6VRbN5k,croquis 260314 #croquis #크로키 #모작 #drawing,2026-03-14T10:15:08Z,101.0,False,167,1.0,0.0
622,UClEakkOLre1NUWg9G7cyRWQ,그리는 찰리 Charlie Drawing,HqQzmZexFxI,croquis 260315 #croquis #크로키 #모작 #drawing,2026-03-15T10:14:30Z,95.0,False,256,0.0,0.0
622,UClEakkOLre1NUWg9G7cyRWQ,그리는 찰리 Charlie Drawing,IsmySe5tClA,croquis 260316 #croquis #크로키 #모작 #drawing,2026-03-16T13:47:35Z,87.0,False,285,0.0,0.0
622,UClEakkOLre1NUWg9G7cyRWQ,그리는 찰리 Charlie Drawing,yp3f0O1Q4Nc,croquis 260317 #croquis #크로키 #모작 #drawing,2026-03-17T12:16:19Z,93.0,False,174,0.0,0.0
622,UClEakkOLre1NUWg9G7cyRWQ,그리는 찰리 Charlie Drawing,NeqA0yOnXz0,croquis 260318 #croquis #크로키 #모작 #drawing,2026-03-18T12:43:54Z,96.0,False,177,1.0,0.0
622,UClEakkOLre1NUWg9G7cyRWQ,그리는 찰리 Charlie Drawing,o8mfN5tiagU,croquis 260319 #croquis #크로키 #모작 #drawing,2026-03-19T10:06:44Z,91.0,False,146,2.0,0.0
622,UClEakkOLre1NUWg9G7cyRWQ,그리는 찰리 Charlie Drawing,t1mvTREqg_M,croquis 260320 #croquis #크로키 #모작 #drawing,2026-03-20T13:17:15Z,92.0,False,156,0.0,0.0
622,UClEakkOLre1NUWg9G7cyRWQ,그리는 찰리 Charlie Drawing,wsNQ77AiwWM,croquis 260321 #croquis #크로키 #모작 #drawing,2026-03-21T13:23:35Z,93.0,False,320,0.0,0.0
622,UClEakkOLre1NUWg9G7cyRWQ,그리는 찰리 Charlie Drawing,2zvcDJb0Wx4,croquis 260322 #croquis #크로키 #모작 #drawing,2026-03-22T09:06:16Z,94.0,False,125,0.0,0.0
622,UClEakkOLre1NUWg9G7cyRWQ,그리는 찰리 Charlie Drawing,LxOQoPgW-IY,croquis 260323 #croquis #크로키 #모작 #drawing,2026-03-23T13:36:31Z,99.0,False,430,0.0,0.0
622,UClEakkOLre1NUWg9G7cyRWQ,그리는 찰리 Charlie Drawing,6ZBysRX3Cdo,croquis 260324 #croquis #크로키 #모작 #drawing,2026-03-24T11:29:09Z,78.0,False,169,2.0,0.0
622,UClEakkOLre1NUWg9G7cyRWQ,그리는 찰리 Charlie Drawing,s30VUlxLU70,croquis 260325 #croquis #크로키 #모작 #drawing,2026-03-25T12:57:03Z,94.0,False,72,0.0,0.0
622,UClEakkOLre1NUWg9G7cyRWQ,그리는 찰리 Charlie Drawing,L8YkHdNNGo0,croquis 260326 #croquis #크로키 #모작 #drawing,2026-03-26T13:03:15Z,77.0,False,681,0.0,0.0
622,UClEakkOLre1NUWg9G7cyRWQ,그리는 찰리 Charlie Drawing,pl3UVqnQsUA,croquis 260327 #croquis #크로키 #모작 #drawing,2026-03-27T13:06:55Z,91.0,False,949,0.0,0.0
622,UClEakkOLre1NUWg9G7cyRWQ,그리는 찰리 Charlie Drawing,qlEOjH_Uw1A,croquis 260328 #croquis #크로키 #모작 #drawing,2026-03-28T11:53:16Z,93.0,False,270,0.0,0.0
622,UClEakkOLre1NUWg9G7cyRWQ,그리는 찰리 Charlie Drawing,WXKAUFSkIOE,croquis 260329 #croquis #크로키 #모작 #drawing,2026-03-29T13:31:35Z,89.0,False,111,2.0,0.0
622,UClEakkOLre1NUWg9G7cyRWQ,그리는 찰리 Charlie Drawing,MuYLBczQE7s,croquis 260330 #croquis #크로키 #모작 #drawing,2026-03-30T12:17:48Z,92.0,False,124,0.0,0.0
622,UClEakkOLre1NUWg9G7cyRWQ,그리는 찰리 Charlie Drawing,CtCwZOUPVLI,croquis 260331 #croquis #크로키 #모작 #drawing,2026-03-31T13:11:53Z,88.0,False,13,1.0,0.0
622,UClEakkOLre1NUWg9G7cyRWQ,그리는 찰리 Charlie Drawing,i9eBurpiW80,croquis 260401 #croquis #크로키 #모작 #drawing,2026-04-01T09:57:20Z,90.0,False,141,0.0,0.0
622,UClEakkOLre1NUWg9G7cyRWQ,그리는 찰리 Charlie Drawing,jBQjZIjBWi4,croquis 260402 #croquis #크로키 #모작 #drawing,2026-04-02T12:31:01Z,98.0,False,754,0.0,0.0
622,UClEakkOLre1NUWg9G7cyRWQ,그리는 찰리 Charlie Drawing,AQvAqAZqlQc,croquis 260403 #croquis #크로키 #모작 #drawing,2026-04-03T14:42:22Z,86.0,False,365,2.0,0.0
622,UClEakkOLre1NUWg9G7cyRWQ,그리는 찰리 Charlie Drawing,ia5rULSOSHU,croquis 260404 #croquis #크로키 #모작 #drawing,2026-04-04T13:41:04Z,68.0,False,828,2.0,0.0
622,UClEakkOLre1NUWg9G7cyRWQ,그리는 찰리 Charlie Drawing,gO0uhNnJAko,croquis 260405 #croquis #크로키 #모작 #drawing,2026-04-05T12:55:32Z,92.0,False,501,0.0,0.0
622,UClEakkOLre1NUWg9G7cyRWQ,그리는 찰리 Charlie Drawing,-XvNdXUGBMU,croquis 260406 #croquis #크로키 #모작 #drawing,2026-04-06T12:55:17Z,93.0,False,18,0.0,0.0
622,UClEakkOLre1NUWg9G7cyRWQ,그리는 찰리 Charlie Drawing,IQA4qBOXHHE,croquis 260407 #croquis #크로키 #모작 #drawing,2026-04-07T12:39:12Z,103.0,False,15,0.0,0.0
622,UClEakkOLre1NUWg9G7cyRWQ,그리는 찰리 Charlie Drawing,66uH86l5RuU,croquis 260408 #croquis #크로키 #모작 #drawing,2026-04-08T11:55:56Z,95.0,False,282,0.0,0.0
622,UClEakkOLre1NUWg9G7cyRWQ,그리는 찰리 Charlie Drawing,Gvqtfuzsa3Y,croquis 260409 #croquis #크로키 #모작 #drawing,2026-04-09T13:08:13Z,61.0,False,143,0.0,0.0
622,UClEakkOLre1NUWg9G7cyRWQ,그리는 찰리 Charlie Drawing,QhZNtX5gmZw,croquis 260410 #croquis #크로키 #모작 #drawing,2026-04-10T16:03:06Z,92.0,False,389,1.0,0.0
622,UClEakkOLre1NUWg9G7cyRWQ,그리는 찰리 Charlie Drawing,3-9ZNmtz4sg,croquis 260411 #croquis #크로키 #모작 #drawing,2026-04-11T13:00:20Z,87.0,False,188,1.0,0.0
622,UClEakkOLre1NUWg9G7cyRWQ,그리는 찰리 Charlie Drawing,gRM8Eiy2Dd0,croquis 260412 #croquis #크로키 #모작 #drawing,2026-04-12T13:10:16Z,76.0,False,182,0.0,0.0
622,UClEakkOLre1NUWg9G7cyRWQ,그리는 찰리 Charlie Drawing,yzjOJimJfvM,croquis 260413 #croquis #크로키 #모작 #drawing,2026-04-13T10:09:15Z,95.0,False,253,0.0,0.0
622,UClEakkOLre1NUWg9G7cyRWQ,그리는 찰리 Charlie Drawing,Z6RB5vdosSk,croquis 260414 #croquis #크로키 #모작 #drawing,2026-04-14T13:32:54Z,85.0,False,346,0.0,0.0
622,UClEakkOLre1NUWg9G7cyRWQ,그리는 찰리 Charlie Drawing,kPbeaBnzBtw,croquis 260415 #croquis #크로키 #모작 #drawing,2026-04-15T13:44:46Z,75.0,False,151,0.0,0.0
622,UClEakkOLre1NUWg9G7cyRWQ,그리는 찰리 Charlie Drawing,bENLH6pDPWM,croquis 260416 #croquis #크로키 #모작 #drawing,2026-04-16T13:31:31Z,89.0,False,172,0.0,0.0
622,UClEakkOLre1NUWg9G7cyRWQ,그리는 찰리 Charlie Drawing,nvA-f5lbVKQ,croquis 260417 #croquis #크로키 #모작 #drawing,2026-04-17T12:54:40Z,89.0,False,9,0.0,0.0
622,UClEakkOLre1NUWg9G7cyRWQ,그리는 찰리 Charlie Drawing,DxVy0g_OIgU,croquis 260418 #croquis #크로키 #모작 #drawing,2026-04-18T09:59:46Z,92.0,False,93,0.0,0.0
623,UCXzKVkO48lHs-RfTnD2wJJw,Oneday ASMR,VlqJo3H3ajs,"[한국어 ASMR, Korean ASMR] 3D Binaural Sounds. Hair cut roleplay",2014-04-09T13:05:17Z,1878.0,False,24678,218.0,45.0
623,UCXzKVkO48lHs-RfTnD2wJJw,Oneday ASMR,J1LFD7mjWds,"[한국어 ASMR, Korean ASMR] 3D Binaural Sounds. Make up 지우기",2014-04-13T13:12:01Z,2034.0,False,14605,152.0,
623,UCXzKVkO48lHs-RfTnD2wJJw,Oneday ASMR,eQOVlNZD1Kk,"[한국어 ASMR, Korean ASMR] 3D Binaural Soounds. 화장품 소개하기",2014-04-21T14:14:46Z,1148.0,False,6693,83.0,21.0
623,UCXzKVkO48lHs-RfTnD2wJJw,Oneday ASMR,uaV1G3TRXfM,"[한국어 ASMR, Korean ASMR] 3D Binaural Sounds. 4 triggers & Blowing in your ears",2014-04-24T16:05:34Z,1644.0,False,11960,133.0,
623,UCXzKVkO48lHs-RfTnD2wJJw,Oneday ASMR,_YOPvvu_7io,------NOTICE------,2014-04-28T06:48:45Z,404.0,False,1688,36.0,3.0
623,UCXzKVkO48lHs-RfTnD2wJJw,Oneday ASMR,OwWIy43Ff78,"[한국어 ASMR, Korean ASMR]3D Binaural Sounds. Touching&Scratching the Microphone",2014-04-29T10:00:31Z,1271.0,False,6492,94.0,28.0
623,UCXzKVkO48lHs-RfTnD2wJJw,Oneday ASMR,1fCjryz7thY,"[한국어 ASMR, Korean ASMR] 3D Binaural Sounds. Eating Sounds.",2014-05-02T13:56:13Z,1727.0,False,7561,97.0,
623,UCXzKVkO48lHs-RfTnD2wJJw,Oneday ASMR,CmRf7J4aOjM,"[한국어 ASMR, Korean ASMR] 3D Binaural Sounds. Oneday Radio",2014-05-05T10:41:55Z,1758.0,False,5364,93.0,33.0
623,UCXzKVkO48lHs-RfTnD2wJJw,Oneday ASMR,pMeebtLPnz0,"[한국어 ASMR, Korean ASMR] 3D Binaural Sounds. Scalp Massage Roleplay (1)",2014-05-08T07:58:45Z,1713.0,False,14103,160.0,45.0
623,UCXzKVkO48lHs-RfTnD2wJJw,Oneday ASMR,0E1aAJHGIIM,"[한국어 ASMR, Korean ASMR] 3D Binaural Sounds. Oneday Radio 2",2014-05-24T09:16:09Z,1450.0,False,5436,73.0,39.0
623,UCXzKVkO48lHs-RfTnD2wJJw,Oneday ASMR,WcNc4XdGArk,"[한국어 ASMR, Korean ASMR] 3D Binaural Sounds. Box tapping & Whispering",2014-05-26T10:54:07Z,1720.0,False,7016,108.0,23.0
623,UCXzKVkO48lHs-RfTnD2wJJw,Oneday ASMR,wRqF_5kjdZk,"한국어Asmr, Korean Asmr-피부과(skin care) RP/3d binaural sounds",2014-06-19T16:36:15Z,1250.0,False,25577,276.0,61.0
623,UCXzKVkO48lHs-RfTnD2wJJw,Oneday ASMR,wP1xnQasvVc,"한국어Asmr, Korean Asmr-Various sounds/3d binaural sounds.",2014-07-02T12:06:34Z,2612.0,False,9426,126.0,51.0
623,UCXzKVkO48lHs-RfTnD2wJJw,Oneday ASMR,DLHREBGmQzw,"한국어Asmr,Korean Asmr-makeup지우기,skin care/3d sounds.",2014-07-09T12:09:50Z,1564.0,False,12892,160.0,47.0
623,UCXzKVkO48lHs-RfTnD2wJJw,Oneday ASMR,4ZFYII9qj6c,"한국어Asmr, Korean Asmr-Eating Sounds 2/3d binaural",2014-08-01T12:53:43Z,1904.0,False,5333,85.0,26.0
623,UCXzKVkO48lHs-RfTnD2wJJw,Oneday ASMR,C0wh-TGjXJo,"한국어 Asmr, Korean Asmr-Gum chewing/3d binaural",2014-08-13T14:52:01Z,1492.0,False,4795,95.0,26.0
623,UCXzKVkO48lHs-RfTnD2wJJw,Oneday ASMR,Zm-zP4M2VeA,"한국어Asmr,Korean Asmr-인형 소개하기 3d binaural sounds.",2014-08-22T16:57:09Z,876.0,False,3620,61.0,24.0
623,UCXzKVkO48lHs-RfTnD2wJJw,Oneday ASMR,7KNF2fclbLk,"한국어Asmr, Korean Asmr- Ear Cleaning 2  3d binaural sounds.",2014-08-23T13:37:22Z,2013.0,False,28237,290.0,40.0
623,UCXzKVkO48lHs-RfTnD2wJJw,Oneday ASMR,CfB7Sc6yQ78,"한국어Asmr, Korean Asmr-Playing with friend/3d",2014-09-05T14:18:36Z,2061.0,False,6818,108.0,41.0
623,UCXzKVkO48lHs-RfTnD2wJJw,Oneday ASMR,fQXjBazZsA4,"한국어Asmr, Korean Asmr-잡담(Whispering)3d binaural",2014-09-19T14:40:19Z,1554.0,False,8234,104.0,39.0
623,UCXzKVkO48lHs-RfTnD2wJJw,Oneday ASMR,GVw664zFLXc,"한국어Asmr,Korean Asmr-Coloring book 색칠공부(no talking)",2014-10-01T11:14:47Z,2232.0,False,5994,81.0,25.0
623,UCXzKVkO48lHs-RfTnD2wJJw,Oneday ASMR,NRMQLEWJkyM,"한국어Asmr, Korean Asmr-친구 재워주기 RP 3d binaural sound",2014-10-09T15:30:47Z,818.0,False,14491,169.0,86.0
623,UCXzKVkO48lHs-RfTnD2wJJw,Oneday ASMR,gAM9F8bDloQ,"한국어 Asmr, Korean Asmr- My favorite musics (부제:윤종신),Whispering 3d binaural",2014-10-15T15:53:00Z,2986.0,False,6457,90.0,55.0
623,UCXzKVkO48lHs-RfTnD2wJJw,Oneday ASMR,Y1kGWc9wLyE,"한국어 Asmr, Korean Asmr- asmr감 되찾기 (Whispering) 3d binaural sounds",2014-12-26T15:26:34Z,2165.0,False,5599,102.0,66.0
623,UCXzKVkO48lHs-RfTnD2wJJw,Oneday ASMR,Td9ma2ewR_w,"한국어 Asmr, Korean Asmr-Ear to Ear [Tingly words] 3d binaural sounds",2014-12-31T14:00:13Z,2410.0,False,11598,165.0,68.0
623,UCXzKVkO48lHs-RfTnD2wJJw,Oneday ASMR,951kUMD0rG4,"한국어 Asmr, Korean Asmr-Ear to Ear Whispering 3d binaural sounds",2015-04-13T14:05:23Z,1326.0,False,5256,96.0,
623,UCXzKVkO48lHs-RfTnD2wJJw,Oneday ASMR,ifWb2cR4iCw,"한국어 Asmr, Korean Asmr- 메이크업 지우기&스킨케어 (skin care) 3d binaural sounds.",2015-04-24T18:00:32Z,2639.0,False,14408,142.0,34.0
623,UCXzKVkO48lHs-RfTnD2wJJw,Oneday ASMR,h0pJB7nKB_c,"한국어 Asmr, Korean Asmr-나노블럭가지고놀기&mouth sound",2015-06-24T17:41:07Z,1929.0,False,3010,50.0,19.0
623,UCXzKVkO48lHs-RfTnD2wJJw,Oneday ASMR,hhMqpQFapto,"한국어 Asmr, Korean Asmr-친구 재워주기RP 2 (ear blowing, tapping, whispering)3d binaural",2015-06-29T16:37:14Z,1202.0,False,8838,118.0,
623,UCXzKVkO48lHs-RfTnD2wJJw,Oneday ASMR,y5Vs-3iRVt8,"한국어 Asmr, Korean Asmr- [*쩝쩝주의*]Mouth sound&sksksk 입소리 3d binaural",2015-08-17T13:00:01Z,938.0,False,4776,75.0,29.0
623,UCXzKVkO48lHs-RfTnD2wJJw,Oneday ASMR,QtJ2ovgP6mQ,"한국어 Asmr, Korean Asmr-Make up RP 친구에게 화장해주기",2015-08-18T11:00:00Z,2258.0,False,8626,111.0,40.0
623,UCXzKVkO48lHs-RfTnD2wJJw,Oneday ASMR,prVMrlz94BQ,"한국어 Asmr, Korean Asmr- Jelly Eating Sound 젤리 먹는 소리 3d binaural",2015-08-21T14:05:22Z,1373.0,False,2908,44.0,31.0
623,UCXzKVkO48lHs-RfTnD2wJJw,Oneday ASMR,2qgczszDkRA,"한국어 Asmr, Korean Asmr- Hand Rubbing 손 비비기 & Whispering 3d binaural sounds.",2015-10-18T11:40:43Z,2001.0,False,5337,75.0,66.0
623,UCXzKVkO48lHs-RfTnD2wJJw,Oneday ASMR,vrtYZAdNdto,"한국어 Asmr, Korean Asmr- Caring Friend RP 아픈 친구 간호하기 3d binaural sounds.",2015-10-31T16:07:29Z,1147.0,False,4206,59.0,30.0
623,UCXzKVkO48lHs-RfTnD2wJJw,Oneday ASMR,cstG2OM2o9k,"한국어 Asmr, Korean Asmr- Sleep Clinic(Hypnosis) 수면클리닉 RP,최면 ASMR 3d binaural sounds",2015-11-08T16:53:56Z,1467.0,False,9678,109.0,49.0
623,UCXzKVkO48lHs-RfTnD2wJJw,Oneday ASMR,IRXGRwuWrxc,"한국어 Asmr, Korean Asmr- Ear cleaning 이어클리닝 3d binaural sounds",2015-11-17T15:15:43Z,1616.0,False,6504,83.0,31.0
623,UCXzKVkO48lHs-RfTnD2wJJw,Oneday ASMR,4_iZqb5ldw4,"한국어 Asmr, Korean Asmr- Soft Spoken Ramble & Candle",2015-11-19T16:47:28Z,3265.0,False,4590,65.0,37.0
623,UCXzKVkO48lHs-RfTnD2wJJw,Oneday ASMR,IMQZMJIP250,Non ASMR [ It's snowing],2015-12-04T14:37:43Z,100.0,False,1080,25.0,20.0
623,UCXzKVkO48lHs-RfTnD2wJJw,Oneday ASMR,kJBIs5dpoMY,"한국어 Asmr, Korean Asmr- Popping candy eating sound&Gum chewing 팝핑캔디&껌씹기 3d binaural",2015-12-07T15:24:06Z,1754.0,False,2673,42.0,
623,UCXzKVkO48lHs-RfTnD2wJJw,Oneday ASMR,QTDj2DpXfZ0,"한국어 Asmr, Korean Asmr- whispering ramble 속삭이는 소리로 잡담하기",2016-05-23T13:58:52Z,1883.0,False,4863,73.0,54.0
623,UCXzKVkO48lHs-RfTnD2wJJw,Oneday ASMR,BrK6ExzGF40,"한국어 Asmr, Korean Asmr- 종이접기 Origami & 잡담 Whispering",2016-08-02T13:30:00Z,1185.0,False,2134,40.0,36.0
623,UCXzKVkO48lHs-RfTnD2wJJw,Oneday ASMR,hg_mVTzkvxE,"한국어 Asmr, Korean Asmr- Hand Massage RP",2016-08-05T13:00:03Z,2042.0,False,6352,67.0,38.0
623,UCXzKVkO48lHs-RfTnD2wJJw,Oneday ASMR,g4hix80EkAk,2018년 첫 asmr - 안녕하세요..!,2018-01-29T13:30:00Z,1779.0,False,1856,43.0,71.0
623,UCXzKVkO48lHs-RfTnD2wJJw,Oneday ASMR,QllCPLuq6hQ,"한국어 asmr, Korean asmr-  What's in my pouch",2018-01-30T17:27:00Z,1917.0,False,2202,53.0,19.0
623,UCXzKVkO48lHs-RfTnD2wJJw,Oneday ASMR,9LmNwMWyPQs,"한국어 Asmr, Korean Asmr-  Trigger words (Stipple, Tap, Dot ..)",2018-02-01T13:05:32Z,1149.0,False,1974,34.0,16.0
623,UCXzKVkO48lHs-RfTnD2wJJw,Oneday ASMR,VjaeUQLbF9I,친구 간호해주기 RP_한국어 asmr,2020-01-29T13:30:03Z,1775.0,False,1286,40.0,27.0
623,UCXzKVkO48lHs-RfTnD2wJJw,Oneday ASMR,nmd-SGmMwM0,자극적인 마이크 괴롭히기_한국어 asmr,2020-01-31T15:00:24Z,975.0,False,973,21.0,14.0
623,UCXzKVkO48lHs-RfTnD2wJJw,Oneday ASMR,8Qk9LXyHHt4,속삭이는 소리로 메이크업 RP_한국어 asmr,2020-02-03T13:36:12Z,1347.0,False,1544,43.0,21.0
623,UCXzKVkO48lHs-RfTnD2wJJw,Oneday ASMR,vwJcPJFXieg,핸드무브먼트와 단어반복 _한국어 asmr,2020-02-07T16:23:41Z,959.0,False,890,26.0,20.0
623,UCXzKVkO48lHs-RfTnD2wJJw,Oneday ASMR,oecX3ATOSTM,속삭이는 소리로 설명서 읽기 (feat. 강아지)_한국어 asmr,2020-02-15T13:00:10Z,898.0,False,1278,23.0,14.0
624,UCPXqgM-fD5NfCzD-VgXH3tA,LJ,hrYK7kDYmDs,린니지2M  하루만에 1만다야 벌었습니다. ㅎㅎ 서민꿀빨러의 꿀팁 정보 공유! LJTV생,2020-06-18T10:24:25Z,5343.0,False,411,17.0,0.0
624,UCPXqgM-fD5NfCzD-VgXH3tA,LJ,xohOGS39b1E,리니지2M 무과금러가 600장썼습니다.. 머선일이구!? LJTV 생방송,2020-06-24T10:53:33Z,4440.0,False,482,16.0,1.0
624,UCPXqgM-fD5NfCzD-VgXH3tA,LJ,BTS8r_8u6Ms,리니지2M 영웅템 먹음 ㅋ 자랑 + 숙제방송 LJTV live!,2020-06-25T12:29:37Z,5229.0,False,199,6.0,0.0
624,UCPXqgM-fD5NfCzD-VgXH3tA,LJ,jVbqgA260DU,리니지2M 패키지 몇개 사야할까? 소과금 효율 육성러의 꿀팁 방송!,2020-06-30T14:01:16Z,10897.0,False,368,12.0,1.0
624,UCPXqgM-fD5NfCzD-VgXH3tA,LJ,wLVxpkygnD4,리니지2M LIVE! 소과금 효율 육성러의 꿀팁 생방송!,2020-07-06T14:37:35Z,12960.0,False,257,18.0,1.0
624,UCPXqgM-fD5NfCzD-VgXH3tA,LJ,RXUxI4f45ZI,이벤트 영구 컬렉 해야할까? + 8000다야 패키지 오픈 + 전설도전!? LJTV 리니지2M 생방송 07.06.ep1,2020-07-08T16:09:02Z,3823.0,False,67,5.0,0.0
624,UCPXqgM-fD5NfCzD-VgXH3tA,LJ,570OLOXhPWA,내가 궁수만 3개를 하는 이유! +SBS 모닝와이드 후..기 +각성 스탄 + 시세확인 꿀싸이트 등등 + LJTV 리니지2M 생방송 07.06.ep2,2020-07-08T16:37:30Z,3551.0,False,127,4.0,0.0
624,UCPXqgM-fD5NfCzD-VgXH3tA,LJ,_cVgqvi9QBY,1000장 전설 계정거래? 사기 안당하는법!  + 계정 견적내는법! + 숙련도 우선순위 등등. LJTV 리니지2M 생방송 07.06.ep3,2020-07-08T16:53:31Z,4610.0,False,383,5.0,3.0
624,UCPXqgM-fD5NfCzD-VgXH3tA,LJ,zhg5dFZ1kOs,리니지2M. 페이탈 7개 득템 자리 공유! + 전설 도전 1.6만 패키지! + 5억아덴 만들기 계획! LJTV 생방송!,2020-07-09T14:10:59Z,5523.0,False,490,17.0,1.0
624,UCPXqgM-fD5NfCzD-VgXH3tA,LJ,sahpITr1smk,"역대급! 신작 모바일 게임 디라이즈(De:Lithe)~망각의 진왕과 맹약의 천사~ 리세마라, 장비강화, 컨텐츠 등등 소개!",2020-07-12T08:40:44Z,5171.0,False,827,16.0,1.0
624,UCPXqgM-fD5NfCzD-VgXH3tA,LJ,bHttNWT7FiE,리니지2M 월 이용료 300만원.. 이대로 괜찮은가..? 엔씨 AI 시스템의 비밀 + 개돼지 패키지로 영웅 두마리 득! LJTV생방송,2020-07-16T16:53:26Z,5727.0,False,550,21.0,1.0
624,UCPXqgM-fD5NfCzD-VgXH3tA,LJ,m3qRHczkR7I,2차 콜라보! 디라이즈(De:lithe) ~망각의 진왕과 맹약의 천사~ 입문 기초 꿀!팁!!,2020-07-19T08:31:56Z,5293.0,False,450,13.0,0.0
624,UCPXqgM-fD5NfCzD-VgXH3tA,LJ,U_7sd5WsSI8,리니지2M 단돈 ??으로 5인장 만들기! + 각종 보탐 공략 + 컬렉션 어디까지 해야할까? LJTV 생방송,2020-07-22T08:48:20Z,9079.0,False,303,10.0,5.0
624,UCPXqgM-fD5NfCzD-VgXH3tA,LJ,oTHLtybDi48,리니지2M 연금 최적의조합! 효율 미쳤다 ㄷ + 신규 패키지 뽑기!,2020-07-29T16:13:26Z,9160.0,False,897,14.0,1.0
624,UCPXqgM-fD5NfCzD-VgXH3tA,LJ,CQy_PvYm_fE,전설+퀵드로우 궁수 사냥속도 실화? 두구두구 패키지 대박! + 궁수 PK꿀팁! 리니지2M LJTV 생방송,2020-08-03T14:20:23Z,8331.0,False,1283,18.0,4.0
624,UCPXqgM-fD5NfCzD-VgXH3tA,LJ,7zZYVtf8Fx4,농사 꿀팁 ㅋ 올해는 풍년이여~ 초반 강화로 돈벌기! + 축생돌 너프 진실 + 빡과금 참는법! LJTV 리니지2M 생방송,2020-08-05T16:07:45Z,8187.0,False,410,21.0,2.0
624,UCPXqgM-fD5NfCzD-VgXH3tA,LJ,_fG-329bN4U,최저가로 연금룬뽑기! + 계승자 컬렉션 하는법 등등.! LJTV리니지2M 생방송,2020-08-10T15:35:36Z,8355.0,False,395,12.0,2.0
624,UCPXqgM-fD5NfCzD-VgXH3tA,LJ,6myis493eFk,전설변신vs영웅 효율차이는!? 6%.. 하루 빨템 두개 인증 + 축정돌 팔찌에 하는 이유 +공성 문제점 + 연금 득템 비법! + 꿀팁 등등,2020-08-17T10:33:42Z,4897.0,False,476,23.0,2.0
624,UCPXqgM-fD5NfCzD-VgXH3tA,LJ,PQ55S9X_OhQ,국민스팩 추천사냥터 + 이득보는 연금방법! + 영비 제작성공 1만다야 벌기!  LJTV 리니지2M 생방송,2020-08-21T12:01:19Z,9135.0,False,426,12.0,1.0
624,UCPXqgM-fD5NfCzD-VgXH3tA,LJ,-E2oaIjJC5o,패키지오픈 영웅 6회 도전! 컬렉 함정이 있다.. 숙련도 잘돌리는법! 명코 패키지 살만할까?,2020-08-26T11:54:41Z,6131.0,False,276,14.0,5.0
624,UCPXqgM-fD5NfCzD-VgXH3tA,LJ,Fhe-bFeIKRg,300다야 연금으로 돈버는법! 언능 꿀빠세요ㅋ + 레벨 빠르게 올리는 5가지 방법! 리니지2M LJTV생방송,2020-08-29T12:03:27Z,7629.0,False,907,18.0,1.0
624,UCPXqgM-fD5NfCzD-VgXH3tA,LJ,gPXspVggf9w,템세팅 꿀Tip! 제련1000다야로 치명 20%올리기가능!? 소과금러가 용케들과 싸우려면...? LJTV 리니지2M 생방송,2020-08-31T13:43:47Z,6796.0,False,436,14.0,2.0
624,UCPXqgM-fD5NfCzD-VgXH3tA,LJ,yWPQGjgaxUo,패키지 뽑기 오늘도 무과금이면 보세요 ㅋ + (핵꿀팁)연금 300다야로 무조건 이득보는 조합식! LJTV 리니지2M 생방송,2020-09-02T09:47:14Z,5119.0,False,486,10.0,2.0
624,UCPXqgM-fD5NfCzD-VgXH3tA,LJ,goXgCj5I7-w,1.6만 다이아 패키지. 영웅 도전 12회! 결과는..? 65랩 꿀팁 + 흔한 룬뽑기. LJTV 리니지2M 생방송,2020-09-09T13:56:40Z,5922.0,False,387,12.0,1.0
624,UCPXqgM-fD5NfCzD-VgXH3tA,LJ,0RGzAp7IMN0,300일이벤트 연금 300아덴 개꿀!! 2시간만에 2000다야 벌기! + 서버이전!축섭으로 가즈아~ LJTV리니지2M 꿀팁 생방송,2020-09-16T11:04:18Z,7337.0,False,525,10.0,6.0
624,UCPXqgM-fD5NfCzD-VgXH3tA,LJ,bJ4eI5NTy3I,한시간 1000다이아 벌기! 인증-생방송- 연금 + 꿀팁 마스터! LJTV리니지2M 생방송,2020-09-18T09:08:52Z,4372.0,False,553,11.0,1.0
624,UCPXqgM-fD5NfCzD-VgXH3tA,LJ,JIGLozdbOyQ,감옥섭 99% 탈출하는법! + 짐싸기 전에 해야할것! + 부캐 육성 적합한 스팩은?,2020-09-22T05:19:08Z,2271.0,False,329,10.0,1.0
624,UCPXqgM-fD5NfCzD-VgXH3tA,LJ,FP4zr8BI2e8,농사전설 궁수! 몹들 다뒤졌다ㅋ 컬렉 싸게하는법 + 서버이전 보따리 장사후기 +연금으로 또 이득보기 + 지그7섭에서 린생 다시시작!,2020-09-22T07:24:21Z,6169.0,False,398,10.0,1.0
624,UCPXqgM-fD5NfCzD-VgXH3tA,LJ,i8YaOXFTf2o,연금 50번만에 첫 5번! 영웅템 드뎌나왔다 + 각성물약 패키지 잘쓰는법! + 영웅도전 4트..  LJTV리니지2M 생방송,2020-09-24T13:18:41Z,6859.0,False,366,14.0,1.0
624,UCPXqgM-fD5NfCzD-VgXH3tA,LJ,9mcRumia8AM,"엔씨만 행복한 추석 패키지 2.5만다야 탕진 결과? 각성, 숙련도, 연금까지 불태웠다..LJTV리니지2M 생방송",2020-09-29T14:50:45Z,8341.0,False,806,23.0,1.0
624,UCPXqgM-fD5NfCzD-VgXH3tA,LJ,E_Aqo19mMz0,무과금으로 랭커가는 템 세팅방법! 사냥효율 올리기 등  + 연금으로 린생 역전? 등등 LJTV 리니지2M 꿀팁 방송,2020-10-05T11:29:49Z,4431.0,False,520,12.0,4.0
624,UCPXqgM-fD5NfCzD-VgXH3tA,LJ,_2PyhEQ6foU,셀리방 500명 때쟁 실화냐!? 700다이아로 룬뽑기!  패키지도 안사고 스팩업하는 무과금 랭커! LJTV리니지2M 생방송,2020-10-07T15:06:06Z,7213.0,False,941,11.0,1.0
624,UCPXqgM-fD5NfCzD-VgXH3tA,LJ,EWV7dU5KWok,린2M 기본강의! 효율적으로 스팩 올리는  방법! + 전설도전!! + 알고리즘 분석으로 이득보기ㅋ LJTV 리니지2M 생방송,2020-10-15T10:08:18Z,5879.0,False,653,7.0,3.0
624,UCPXqgM-fD5NfCzD-VgXH3tA,LJ,7SG917xuu60,린2M 접습니다.. 70레벨 전설 궁수가 700만원대!? 계정 구매시 주의할점!,2020-10-27T09:22:51Z,1895.0,False,568,9.0,1.0
624,UCPXqgM-fD5NfCzD-VgXH3tA,LJ,JpMX0J2MWNw,린2M 접습니다.. 70레벨 전설 궁수 정리중! 실시간 영템뽑기 지렸다 ㄷ,2020-10-27T10:32:13Z,3625.0,False,673,15.0,3.0
624,UCPXqgM-fD5NfCzD-VgXH3tA,LJ,eeLUOetpc8A,린2M 마지막 뽑기..!? 접는다고 하면 영템 나옴 --; 패키지 도저언~,2020-10-28T13:41:49Z,2959.0,False,436,13.0,1.0
624,UCPXqgM-fD5NfCzD-VgXH3tA,LJ,lSk4lOerTg8,앗! 전설궁수가750장! 단하루만! 찐 강화 꿀팁! ㅇㄱㄹㅇ 내 다야써서 강화 인증갑니다.,2020-11-02T13:31:32Z,6765.0,False,1032,16.0,3.0
624,UCPXqgM-fD5NfCzD-VgXH3tA,LJ,ECel7apdadk,리니지2M 무과금러로 돌아왔습니다.. 공짜 전설도전! 현실복귀 근황 ㅋ,2020-11-24T11:30:31Z,3697.0,False,778,10.0,2.0
624,UCPXqgM-fD5NfCzD-VgXH3tA,LJ,FRqvmM04-Q0,코로나 시국.. LJTV근황! PC방 도둑 CCTV공개.. 리니지2M TJ쿠폰 6개 +전설도전! 강화 ㄹㅇ미쳤다 ㄷ+ 영비 5000다이아! +  바로템 케릭 구하는법! 등등,2020-12-22T17:07:38Z,6521.0,False,1242,25.0,1.0
624,UCPXqgM-fD5NfCzD-VgXH3tA,LJ,zl91XNoEMHo,LJTV생방송. 1년만에 근황!  리니지2M + 오딘.,2021-07-28T07:33:00Z,,False,0,0.0,0.0
624,UCPXqgM-fD5NfCzD-VgXH3tA,LJ,1UPCmUTCIVI,LJTV생방송. 1년만에 근황!  리니지2M + 오딘.,2021-07-28T08:06:08Z,644.0,False,541,19.0,5.0
624,UCPXqgM-fD5NfCzD-VgXH3tA,LJ,7taY2OTKi6k,소과금 랭커가 알려주는 성장 꿀팁들 총공개! 쌀먹부터 랭커까지,2021-12-28T18:01:36Z,4418.0,False,322,13.0,3.0
624,UCPXqgM-fD5NfCzD-VgXH3tA,LJ,ECn1tLvUK20,소과금 랭커가 알려주는 성장 꿀팁들 총공개! 쌀먹부터 랭커까지,2022-01-02T13:00:47Z,,False,0,0.0,0.0
624,UCPXqgM-fD5NfCzD-VgXH3tA,LJ,3SQMu-2dQoA,리니지w 마프르4섭 전설도전!? + 흔한 랭커의 보탐,2022-01-02T14:51:19Z,2896.0,False,542,11.0,0.0
624,UCPXqgM-fD5NfCzD-VgXH3tA,LJ,v0PkIVW5eJs,리니지w 마프르4섭 흔한 린저씨의 불금,2022-01-14T18:33:01Z,3514.0,False,212,7.0,1.0
624,UCPXqgM-fD5NfCzD-VgXH3tA,LJ,2jC6Y9-RB2M,리니지w 마프르4섭 흔한 린저씨의 뽑기 LIve,2022-01-20T16:25:23Z,3814.0,False,246,7.0,0.0
624,UCPXqgM-fD5NfCzD-VgXH3tA,LJ,1E-6RkJFwh8,리니지w 마프르4섭 흔한 린저씨의 불금.,2022-02-11T18:07:26Z,6195.0,False,469,7.0,1.0
624,UCPXqgM-fD5NfCzD-VgXH3tA,LJ,eYTJqwqDIaE,리니지w 마프르4섭 흔한 린저씨의 주말(전설도전?),2022-02-27T09:11:24Z,2944.0,False,255,4.0,0.0
624,UCPXqgM-fD5NfCzD-VgXH3tA,LJ,OcFm5ZO-bxU,리니지w 마프르4섭 또또 전설도전!? 엔또속..,2022-03-02T00:18:04Z,4494.0,False,428,7.0,0.0
624,UCPXqgM-fD5NfCzD-VgXH3tA,LJ,DgzjfvVZb2Q,리니지w 소과금 랭커의 육성 교육방송,2022-03-26T19:13:13Z,5787.0,False,1050,4.0,2.0
625,UC3RpTQx-NITItc4J9iF-6NA,OST Ballad - 가을 발라드,HXs9vr8OSR0,베스트 ost 노래 - 가슴을 울리는 한국 발라드 명곡 50곡❄️겨울에 듣기 좋은 감성 발라드 100곡｜일할 때 듣기 좋은 광고 없는 명곡 모음｜임창정·성시경·김필·양파·백지영 外,2026-03-04T23:00:20Z,11161.0,False,3811,28.0,6.0
625,UC3RpTQx-NITItc4J9iF-6NA,OST Ballad - 가을 발라드,99OmQqeTRus,베스트 ost 노래   가슴을 울리는 한국 발라드 명곡 50곡❄️겨울에 듣기 좋은 감성 발라드 100곡｜일할 때 듣기 좋은 광고 없는 명곡 모음｜임창정·성시경·김필·양파·백지영 外,2026-03-05T23:00:11Z,11555.0,False,21934,82.0,8.0
625,UC3RpTQx-NITItc4J9iF-6NA,OST Ballad - 가을 발라드,B2PFSFcd3RI,베스트 ost 노래   가슴을 울리는 한국 발라드 명곡 50곡❄️겨울에 듣기 좋은 감성 발라드 100곡｜일할 때 듣기 좋은 광고 없는 명곡 모음｜임창정·성시경·김필·양파·백지영 外,2026-03-06T23:00:23Z,11322.0,False,2367,28.0,4.0
625,UC3RpTQx-NITItc4J9iF-6NA,OST Ballad - 가을 발라드,vCpU_-snoTU,베스트 ost 노래 - 가슴을 울리는 한국 발라드 명곡 50곡❄️겨울에 듣기 좋은 감성 발라드 100곡｜일할 때 듣기 좋은 광고 없는 명곡 모음｜임창정·성시경·김필·양파·백지영 外,2026-03-07T23:01:07Z,11823.0,False,2457,22.0,2.0
625,UC3RpTQx-NITItc4J9iF-6NA,OST Ballad - 가을 발라드,Xom-8prf2o4,베스트 ost 노래 - 가슴을 울리는 한국 발라드 명곡 50곡❄️겨울에 듣기 좋은 감성 발라드 100곡｜일할 때 듣기 좋은 광고 없는 명곡 모음｜임창정·성시경·김필·양파·백지영 外,2026-03-09T23:00:45Z,11368.0,False,6721,30.0,5.0
625,UC3RpTQx-NITItc4J9iF-6NA,OST Ballad - 가을 발라드,GGXrmboxCDM,베스트 ost 노래 - 가슴을 울리는 한국 발라드 명곡 50곡❄️겨울에 듣기 좋은 감성 발라드 100곡｜일할 때 듣기 좋은 광고 없는 명곡 모음｜임창정·성시경·김필·양파·백지영 外,2026-03-10T23:00:18Z,11732.0,False,3793,26.0,2.0
625,UC3RpTQx-NITItc4J9iF-6NA,OST Ballad - 가을 발라드,p_L4OOtDe7I,베스트 ost 노래 - 가슴을 울리는 한국 발라드 명곡 50곡❄️겨울에 듣기 좋은 감성 발라드 100곡｜일할 때 듣기 좋은 광고 없는 명곡 모음｜임창정·성시경·김필·양파·백지영 外,2026-03-12T00:15:08Z,11422.0,False,42544,129.0,15.0
625,UC3RpTQx-NITItc4J9iF-6NA,OST Ballad - 가을 발라드,lZV0zbznGpc,베스트 ost 노래 - 가슴을 울리는 한국 발라드 명곡 50곡❄️겨울에 듣기 좋은 감성 발라드 100곡｜일할 때 듣기 좋은 광고 없는 명곡 모음｜임창정·성시경·김필·양파·백지영 外,2026-03-13T23:01:08Z,11422.0,False,3256,23.0,5.0
625,UC3RpTQx-NITItc4J9iF-6NA,OST Ballad - 가을 발라드,8LaP2Ymhh70,베스트 ost 노래 - 가슴을 울리는 한국 발라드 명곡 50곡❄️겨울에 듣기 좋은 감성 발라드 100곡｜일할 때 듣기 좋은 광고 없는 명곡 모음｜임창정·성시경·김필·양파·백지영 外,2026-03-14T23:00:09Z,11629.0,False,2756,28.0,3.0
625,UC3RpTQx-NITItc4J9iF-6NA,OST Ballad - 가을 발라드,k-Gf5yCfqg0,베스트 ost 노래 - 가슴을 울리는 한국 발라드 명곡 50곡❄️겨울에 듣기 좋은 감성 발라드 100곡｜일할 때 듣기 좋은 광고 없는 명곡 모음｜임창정·성시경·김필·양파·백지영 外,2026-03-16T23:00:51Z,11335.0,False,3636,27.0,0.0
625,UC3RpTQx-NITItc4J9iF-6NA,OST Ballad - 가을 발라드,7E951G-nDY8,베스트 ost 노래 - 가슴을 울리는 한국 발라드 명곡 50곡❄️겨울에 듣기 좋은 감성 발라드 100곡｜일할 때 듣기 좋은 광고 없는 명곡 모음｜임창정·성시경·김필·양파·백지영 外,2026-03-17T23:00:16Z,11654.0,False,2535,20.0,2.0
625,UC3RpTQx-NITItc4J9iF-6NA,OST Ballad - 가을 발라드,n54h0iB5fuo,베스트 ost 노래 - 가슴을 울리는 한국 발라드 명곡 50곡❄️겨울에 듣기 좋은 감성 발라드 100곡｜일할 때 듣기 좋은 광고 없는 명곡 모음｜임창정·성시경·김필·양파·백지영 外,2026-03-18T23:01:06Z,11281.0,False,3210,22.0,4.0
625,UC3RpTQx-NITItc4J9iF-6NA,OST Ballad - 가을 발라드,hiik_os1yPI,베스트 ost 노래 - 가슴을 울리는 한국 발라드 명곡 50곡❄️겨울에 듣기 좋은 감성 발라드 100곡｜일할 때 듣기 좋은 광고 없는 명곡 모음｜임창정·성시경·김필·양파·백지영 外,2026-03-19T23:00:54Z,11973.0,False,9248,37.0,4.0
625,UC3RpTQx-NITItc4J9iF-6NA,OST Ballad - 가을 발라드,LIddOs6Rol8,베스트 ost 노래 - 가슴을 울리는 한국 발라드 명곡 50곡❄️겨울에 듣기 좋은 감성 발라드 100곡｜일할 때 듣기 좋은 광고 없는 명곡 모음｜임창정·성시경·김필·양파·백지영 外,2026-03-21T23:00:31Z,12272.0,False,1921,11.0,1.0
625,UC3RpTQx-NITItc4J9iF-6NA,OST Ballad - 가을 발라드,443cYcQlH2Y,베스트 ost 노래 - 가슴을 울리는 한국 발라드 명곡 50곡❄️겨울에 듣기 좋은 감성 발라드 100곡｜일할 때 듣기 좋은 광고 없는 명곡 모음｜임창정·성시경·김필·양파·백지영 外,2026-03-23T23:00:04Z,11646.0,False,2236,12.0,3.0
625,UC3RpTQx-NITItc4J9iF-6NA,OST Ballad - 가을 발라드,-eAZMG4tyS4,베스트 ost 노래 - 가슴을 울리는 한국 발라드 명곡 50곡❄️겨울에 듣기 좋은 감성 발라드 100곡｜일할 때 듣기 좋은 광고 없는 명곡 모음｜임창정·성시경·김필·양파·백지영 外,2026-03-24T23:00:01Z,11284.0,False,5342,33.0,8.0
625,UC3RpTQx-NITItc4J9iF-6NA,OST Ballad - 가을 발라드,06qMUUK6P0g,베스트 ost 노래   가슴을 울리는 한국 발라드 명곡 50곡❄️겨울에 듣기 좋은 감성 발라드 100곡｜일할 때 듣기 좋은 광고 없는 명곡 모음｜임창정·성시경·김필·양파·백지영 外,2026-03-26T23:00:01Z,11760.0,False,1919,16.0,2.0
625,UC3RpTQx-NITItc4J9iF-6NA,OST Ballad - 가을 발라드,OWfDuqYkLS4,베스트 ost 노래 - 가슴을 울리는 한국 발라드 명곡 50곡❄️겨울에 듣기 좋은 감성 발라드 100곡｜일할 때 듣기 좋은 광고 없는 명곡 모음｜임창정·성시경·김필·양파·백지영 外,2026-03-27T23:00:00Z,12580.0,False,1400,11.0,1.0
625,UC3RpTQx-NITItc4J9iF-6NA,OST Ballad - 가을 발라드,hH2Wen8WbA4,베스트 ost 노래 - 가슴을 울리는 한국 발라드 명곡 50곡❄️겨울에 듣기 좋은 감성 발라드 100곡｜일할 때 듣기 좋은 광고 없는 명곡 모음｜임창정·성시경·김필·양파·백지영 外,2026-03-29T23:00:00Z,10942.0,False,1747,12.0,2.0
625,UC3RpTQx-NITItc4J9iF-6NA,OST Ballad - 가을 발라드,nvfTg9Tz_C8,베스트 ost 노래 - 가슴을 울리는 한국 발라드 명곡 50곡❄️겨울에 듣기 좋은 감성 발라드 100곡｜일할 때 듣기 좋은 광고 없는 명곡 모음｜임창정·성시경·김필·양파·백지영 外,2026-03-30T23:00:00Z,11694.0,False,2056,18.0,2.0
625,UC3RpTQx-NITItc4J9iF-6NA,OST Ballad - 가을 발라드,j4LukSZDzbI,베스트 ost 노래 - 가슴을 울리는 한국 발라드 명곡 50곡❄️겨울에 듣기 좋은 감성 발라드 100곡｜일할 때 듣기 좋은 광고 없는 명곡 모음｜임창정·성시경·김필·양파·백지영 外,2026-03-31T23:00:00Z,12583.0,False,1598,14.0,3.0
625,UC3RpTQx-NITItc4J9iF-6NA,OST Ballad - 가을 발라드,m0KuARj0exw,베스트 ost 노래 - 가슴을 울리는 한국 발라드 명곡 50곡❄️겨울에 듣기 좋은 감성 발라드 100곡｜일할 때 듣기 좋은 광고 없는 명곡 모음｜임창정·성시경·김필·양파·백지영 外,2026-04-01T23:00:52Z,11683.0,False,1511,11.0,2.0
625,UC3RpTQx-NITItc4J9iF-6NA,OST Ballad - 가을 발라드,lz0wBtnPoRY,베스트 ost 노래 - 가슴을 울리는 한국 발라드 명곡 50곡❄️겨울에 듣기 좋은 감성 발라드 100곡｜일할 때 듣기 좋은 광고 없는 명곡 모음｜임창정·성시경·김필·양파·백지영 外,2026-04-02T23:00:46Z,11075.0,False,771,7.0,2.0
625,UC3RpTQx-NITItc4J9iF-6NA,OST Ballad - 가을 발라드,F85nUheImTQ,베스트 ost 노래 - 가슴을 울리는 한국 발라드 명곡 50곡❄️겨울에 듣기 좋은 감성 발라드 100곡｜일할 때 듣기 좋은 광고 없는 명곡 모음｜임창정·성시경·김필·양파·백지영 外,2026-04-03T23:00:25Z,11412.0,False,1567,13.0,2.0
625,UC3RpTQx-NITItc4J9iF-6NA,OST Ballad - 가을 발라드,6aY5vIVXJPU,베스트 ost 노래 - 가슴을 울리는 한국 발라드 명곡 30곡❄️겨울에 듣기 좋은 감성 발라드 100곡｜일할 때 듣기 좋은 광고 없는 명곡 모음｜임창정·성시경·김필·양파·백지영 外,2026-04-04T23:00:11Z,12290.0,False,1258,15.0,3.0
625,UC3RpTQx-NITItc4J9iF-6NA,OST Ballad - 가을 발라드,4GzYD8fGWP8,베스트 ost 노래 - 가슴을 울리는 한국 발라드 명곡 30곡❄️겨울에 듣기 좋은 감성 발라드 100곡｜일할 때 듣기 좋은 광고 없는 명곡 모음｜임창정·성시경·김필·양파·백지영 外,2026-04-06T23:00:09Z,10854.0,False,2192,24.0,2.0
625,UC3RpTQx-NITItc4J9iF-6NA,OST Ballad - 가을 발라드,GrVAwdPeNY0,베스트 ost 노래 - 가슴을 울리는 한국 발라드 명곡 30곡❄️겨울에 듣기 좋은 감성 발라드 100곡｜일할 때 듣기 좋은 광고 없는 명곡 모음｜임창정·성시경·김필·양파·백지영 外,2026-04-07T23:00:28Z,11692.0,False,1431,15.0,3.0
625,UC3RpTQx-NITItc4J9iF-6NA,OST Ballad - 가을 발라드,SMJlH0m9OQo,베스트 ost 노래 - 가슴을 울리는 한국 발라드 명곡 30곡❄️겨울에 듣기 좋은 감성 발라드 100곡｜일할 때 듣기 좋은 광고 없는 명곡 모음｜임창정·성시경·김필·양파·백지영 外,2026-04-08T23:00:30Z,10469.0,False,1443,11.0,0.0
625,UC3RpTQx-NITItc4J9iF-6NA,OST Ballad - 가을 발라드,sE_LZ5JRPhk,베스트 ost 노래 - 가슴을 울리는 한국 발라드 명곡 30곡❄️겨울에 듣기 좋은 감성 발라드 100곡｜일할 때 듣기 좋은 광고 없는 명곡 모음｜임창정·성시경·김필·양파·백지영 外,2026-04-09T23:00:57Z,12245.0,False,600,6.0,2.0
625,UC3RpTQx-NITItc4J9iF-6NA,OST Ballad - 가을 발라드,qlrZU04Ow9Y,베스트 ost 노래 - 가슴을 울리는 한국 발라드 명곡 30곡❄️겨울에 듣기 좋은 감성 발라드 100곡｜일할 때 듣기 좋은 광고 없는 명곡 모음｜임창정·성시경·김필·양파·백지영 外,2026-04-10T23:00:52Z,12509.0,False,268,11.0,1.0
625,UC3RpTQx-NITItc4J9iF-6NA,OST Ballad - 가을 발라드,5MXsli94kzk,베스트 ost 노래 - 가슴을 울리는 한국 발라드 명곡 30곡❄️겨울에 듣기 좋은 감성 발라드 100곡｜일할 때 듣기 좋은 광고 없는 명곡 모음｜임창정·성시경·김필·양파·백지영 外,2026-04-12T23:00:06Z,11190.0,False,313,8.0,2.0
625,UC3RpTQx-NITItc4J9iF-6NA,OST Ballad - 가을 발라드,RvH2tKMPoSg,베스트 ost 노래 - 가슴을 울리는 한국 발라드 명곡 30곡❄️겨울에 듣기 좋은 감성 발라드 100곡｜일할 때 듣기 좋은 광고 없는 명곡 모음｜임창정·성시경·김필·양파·백지영 外,2026-04-14T23:00:35Z,9932.0,False,407,6.0,1.0
625,UC3RpTQx-NITItc4J9iF-6NA,OST Ballad - 가을 발라드,g2hYk-T1oV8,베스트 ost 노래 - 가슴을 울리는 한국 발라드 명곡 30곡❄️겨울에 듣기 좋은 감성 발라드 100곡｜일할 때 듣기 좋은 광고 없는 명곡 모음｜임창정·성시경·김필·양파·백지영 外,2026-04-16T23:00:48Z,11190.0,False,344,8.0,2.0
625,UC3RpTQx-NITItc4J9iF-6NA,OST Ballad - 가을 발라드,Del6V3w4tZg,베스트 ost 노래 - 가슴을 울리는 한국 발라드 명곡 30곡❄️겨울에 듣기 좋은 감성 발라드 100곡｜일할 때 듣기 좋은 광고 없는 명곡 모음｜임창정·성시경·김필·양파·백지영 外,2026-04-17T23:00:13Z,10724.0,False,570,9.0,2.0
625,UC3RpTQx-NITItc4J9iF-6NA,OST Ballad - 가을 발라드,aChlQllD_tQ,베스트 ost 노래 - 가슴을 울리는 한국 발라드 명곡 30곡❄️겨울에 듣기 좋은 감성 발라드 100곡｜일할 때 듣기 좋은 광고 없는 명곡 모음｜임창정·성시경·김필·양파·백지영 外,2026-04-20T23:00:00Z,11481.0,False,246,6.0,1.0
625,UC3RpTQx-NITItc4J9iF-6NA,OST Ballad - 가을 발라드,gyJES0o3FbQ,베스트 ost 노래 - 가슴을 울리는 한국 발라드 명곡 30곡❄️겨울에 듣기 좋은 감성 발라드 100곡｜일할 때 듣기 좋은 광고 없는 명곡 모음｜임창정·성시경·김필·양파·백지영 外,2026-04-21T23:00:45Z,11480.0,False,129,1.0,0.0
625,UC3RpTQx-NITItc4J9iF-6NA,OST Ballad - 가을 발라드,icYAcEeTaag,베스트 ost 노래 - 가슴을 울리는 한국 발라드 명곡 30곡❄️겨울에 듣기 좋은 감성 발라드 100곡｜일할 때 듣기 좋은 광고 없는 명곡 모음｜임창정·성시경·김필·양파·백지영 外,2026-04-22T23:00:44Z,11020.0,False,259,9.0,1.0
625,UC3RpTQx-NITItc4J9iF-6NA,OST Ballad - 가을 발라드,hyBLbhrDTfQ,베스트 ost 노래 - 가슴을 울리는 한국 발라드 명곡 30곡❄️겨울에 듣기 좋은 감성 발라드 100곡｜일할 때 듣기 좋은 광고 없는 명곡 모음｜임창정·성시경·김필·양파·백지영 外,2026-04-24T23:00:57Z,11450.0,False,567,11.0,1.0
625,UC3RpTQx-NITItc4J9iF-6NA,OST Ballad - 가을 발라드,7GW1zn34QQo,베스트 ost 노래 - 가슴을 울리는 한국 발라드 명곡 30곡❄️겨울에 듣기 좋은 감성 발라드 100곡｜일할 때 듣기 좋은 광고 없는 명곡 모음｜임창정·성시경·김필·양파·백지영 外,2026-04-25T23:00:14Z,10844.0,False,405,15.0,1.0
625,UC3RpTQx-NITItc4J9iF-6NA,OST Ballad - 가을 발라드,-rlAmkBQ_Q8,베스트 ost 노래 - 가슴을 울리는 한국 발라드 명곡 30곡❄️겨울에 듣기 좋은 감성 발라드 100곡｜일할 때 듣기 좋은 광고 없는 명곡 모음｜임창정·성시경·김필·양파·백지영 外,2026-04-28T23:00:01Z,11244.0,False,542,13.0,1.0
625,UC3RpTQx-NITItc4J9iF-6NA,OST Ballad - 가을 발라드,xGZGVHqflqE,베스트 ost 노래 - 가슴을 울리는 한국 발라드 명곡 30곡❄️겨울에 듣기 좋은 감성 발라드 100곡｜일할 때 듣기 좋은 광고 없는 명곡 모음｜임창정·성시경·김필·양파·백지영 外,2026-05-03T23:01:04Z,12576.0,False,2059,13.0,2.0
625,UC3RpTQx-NITItc4J9iF-6NA,OST Ballad - 가을 발라드,4ll_hkW9IhA,베스트 ost 노래 - 가슴을 울리는 한국 발라드 명곡 30곡❄️겨울에 듣기 좋은 감성 발라드 100곡｜일할 때 듣기 좋은 광고 없는 명곡 모음｜임창정·성시경·김필·양파·백지영 外,2026-05-04T23:00:12Z,10836.0,False,331,5.0,1.0
625,UC3RpTQx-NITItc4J9iF-6NA,OST Ballad - 가을 발라드,UqnpfyxAEtM,베스트 ost 노래 - 가슴을 울리는 한국 발라드 명곡 30곡❄️겨울에 듣기 좋은 감성 발라드 100곡｜일할 때 듣기 좋은 광고 없는 명곡 모음｜임창정·성시경·김필·양파·백지영 外,2026-05-06T23:00:36Z,10435.0,False,2334,25.0,3.0
625,UC3RpTQx-NITItc4J9iF-6NA,OST Ballad - 가을 발라드,kynBLTag8Dk,베스트 ost 노래 - 가슴을 울리는 한국 발라드 명곡 30곡❄️겨울에 듣기 좋은 감성 발라드 100곡｜일할 때 듣기 좋은 광고 없는 명곡 모음｜임창정·성시경·김필·양파·백지영 外,2026-05-07T23:01:04Z,12711.0,False,309,7.0,0.0
625,UC3RpTQx-NITItc4J9iF-6NA,OST Ballad - 가을 발라드,KWqvGnqGWyc,베스트 ost 노래 - 가슴을 울리는 한국 발라드 명곡 60곡❄️겨울에 듣기 좋은 감성 발라드 100곡｜일할 때 듣기 좋은 광고 없는 명곡 모음｜임창정·성시경·김필·양파·백지영 外,2026-05-08T23:00:19Z,12358.0,False,278,4.0,2.0
625,UC3RpTQx-NITItc4J9iF-6NA,OST Ballad - 가을 발라드,njRYtjJVa3E,베스트 ost 노래 - 가슴을 울리는 한국 발라드 명곡 60곡❄️겨울에 듣기 좋은 감성 발라드 100곡｜일할 때 듣기 좋은 광고 없는 명곡 모음｜임창정·성시경·김필·양파·백지영 外,2026-05-10T23:01:01Z,12209.0,False,504,8.0,0.0
625,UC3RpTQx-NITItc4J9iF-6NA,OST Ballad - 가을 발라드,yyFnP5__B5M,베스트 ost 노래 - 가슴을 울리는 한국 발라드 명곡 60곡❄️겨울에 듣기 좋은 감성 발라드 100곡｜일할 때 듣기 좋은 광고 없는 명곡 모음｜임창정·성시경·김필·양파·백지영 外,2026-05-11T23:01:03Z,7954.0,False,172,6.0,1.0
625,UC3RpTQx-NITItc4J9iF-6NA,OST Ballad - 가을 발라드,gBYFrIlrVWk,베스트 ost 노래 - 가슴을 울리는 한국 발라드 명곡 30곡❄️겨울에 듣기 좋은 감성 발라드 100곡｜일할 때 듣기 좋은 광고 없는 명곡 모음｜임창정·성시경·김필·양파·백지영 外,2026-05-13T23:00:41Z,11558.0,False,133,5.0,0.0
625,UC3RpTQx-NITItc4J9iF-6NA,OST Ballad - 가을 발라드,cl-JT-ut8sc,베스트 ost 노래 - 가슴을 울리는 한국 발라드 명곡 30곡❄️겨울에 듣기 좋은 감성 발라드 100곡｜일할 때 듣기 좋은 광고 없는 명곡 모음｜임창정·성시경·김필·양파·백지영 外,2026-05-14T23:00:42Z,10742.0,False,110,4.0,1.0
625,UC3RpTQx-NITItc4J9iF-6NA,OST Ballad - 가을 발라드,ccefM_mxlR8,베스트 ost 노래 - 가슴을 울리는 한국 발라드 명곡 30곡❄️겨울에 듣기 좋은 감성 발라드 100곡｜일할 때 듣기 좋은 광고 없는 명곡 모음｜임창정·성시경·김필·양파·백지영 外,2026-05-15T23:00:38Z,10771.0,False,40,4.0,1.0
626,UChEo6nFk8N_gNMU5mT-o72w,리스펙블랙 ,_28iTyhj088,"직무인터뷰 | 금융공학_""면접에서 필요한 자세는?""",2020-02-27T01:20:21Z,165.0,False,1707,11.0,2.0
626,UChEo6nFk8N_gNMU5mT-o72w,리스펙블랙 ,RZK1LDZDRDc,자기소개영상 | 마케터 서연주,2020-02-27T05:57:03Z,64.0,False,1345,9.0,1.0
626,UChEo6nFk8N_gNMU5mT-o72w,리스펙블랙 ,OnegCW1AvIA,기업홍보영상ㅣ리스펙,2020-02-28T02:51:42Z,161.0,False,600,6.0,0.0
626,UChEo6nFk8N_gNMU5mT-o72w,리스펙블랙 ,qdQKyB9XMoM,"직무인터뷰 | 마케터_""취업은 정보 싸움인 것 같아요""",2020-02-28T06:26:14Z,171.0,False,228,4.0,0.0
626,UChEo6nFk8N_gNMU5mT-o72w,리스펙블랙 ,CtzigBY-jKQ,"직무인터뷰 | 시각디자인_""디자인에 대한 피드백을 두려워하지 마세요""",2020-03-02T01:40:55Z,197.0,False,663,12.0,2.0
626,UChEo6nFk8N_gNMU5mT-o72w,리스펙블랙 ,qKys-TzlLPo,"직무인터뷰 | 데이터마케터_""경험을 스토리텔링하세요""",2020-03-03T07:24:16Z,243.0,False,1634,23.0,0.0
626,UChEo6nFk8N_gNMU5mT-o72w,리스펙블랙 ,ovh1Ad7e6uI,"직무인터뷰 | 고객지원_""고객지원팀 취업에 필요한 자격증은?""",2020-03-04T00:11:17Z,202.0,False,1622,15.0,1.0
626,UChEo6nFk8N_gNMU5mT-o72w,리스펙블랙 ,xqnYflUHvOY,"직무인터뷰 | 외화채권_""면접에서 많이 물어보는 내용은?""",2020-03-09T00:16:09Z,149.0,False,1617,26.0,0.0
626,UChEo6nFk8N_gNMU5mT-o72w,리스펙블랙 ,00gFwCel4C0,자기소개영상 | 뷰티마케터 김하연,2020-03-17T05:09:17Z,81.0,False,1984,27.0,0.0
626,UChEo6nFk8N_gNMU5mT-o72w,리스펙블랙 ,w9ErV0h4CbI,"직무인터뷰 | 기획_""경험을 많이 하세요""",2020-03-19T02:20:54Z,239.0,False,737,14.0,2.0
626,UChEo6nFk8N_gNMU5mT-o72w,리스펙블랙 ,WQ-47_qzzNw,자기소개영상 | 웹디자이너 민지혜,2020-03-22T23:45:00Z,69.0,False,8370,63.0,0.0
626,UChEo6nFk8N_gNMU5mT-o72w,리스펙블랙 ,JvSdy0yGxnc,"직무인터뷰 | 물류_""서류를 채울 수 있는 것 위주로 준비했어요""",2020-03-24T00:00:25Z,244.0,False,2229,22.0,5.0
626,UChEo6nFk8N_gNMU5mT-o72w,리스펙블랙 ,UT-8wXRyNRo,아토 진동마스크 홍보영상,2020-03-31T07:17:49Z,87.0,False,137,5.0,0.0
626,UChEo6nFk8N_gNMU5mT-o72w,리스펙블랙 ,PcgThye4Yp4,"직무인터뷰 | 해외영업_""새롭게 뜨고 있는 제 2외국어는?""",2020-04-02T06:54:45Z,188.0,False,1086,15.0,0.0
626,UChEo6nFk8N_gNMU5mT-o72w,리스펙블랙 ,W3KX0YB0JxQ,기업홍보영상 | 라포애드,2020-04-22T05:57:11Z,295.0,False,1089,14.0,0.0
626,UChEo6nFk8N_gNMU5mT-o72w,리스펙블랙 ,F8KWtMbC3wQ,기업홍보영상 | 한일프로텍,2020-04-27T04:38:30Z,926.0,False,2408,21.0,1.0
626,UChEo6nFk8N_gNMU5mT-o72w,리스펙블랙 ,KDoFnDyoRpE,채용홍보영상 | 이바이오젠 #연구원 #마케터 #기술영업 채용중!,2020-05-11T05:09:32Z,201.0,False,1526,11.0,2.0
626,UChEo6nFk8N_gNMU5mT-o72w,리스펙블랙 ,eX1sbrjYrKU,자기소개영상 | 해외영업 임수연,2020-05-13T04:20:12Z,74.0,False,3537,31.0,1.0
626,UChEo6nFk8N_gNMU5mT-o72w,리스펙블랙 ,Yd31cY8boWQ,채용홍보영상 | 싸이버원 #모의해킹 #보안관제 채용 중!,2020-06-25T05:38:34Z,299.0,False,1882,15.0,2.0
626,UChEo6nFk8N_gNMU5mT-o72w,리스펙블랙 ,0H449K6L6_E,채용홍보영상 | 오파스넷 #네트워크엔지니어 #영업 채용 중!,2020-07-13T04:46:56Z,145.0,False,3462,19.0,3.0
626,UChEo6nFk8N_gNMU5mT-o72w,리스펙블랙 ,OcK-PfD8tGI,자기소개영상 | 개발 김선정,2020-07-17T04:28:35Z,115.0,False,5508,47.0,7.0
626,UChEo6nFk8N_gNMU5mT-o72w,리스펙블랙 ,2QWeTwZMACI,채용홍보영상 | 미로_각 분야 상시채용 중!,2020-07-29T07:47:52Z,189.0,False,2273,10.0,1.0
626,UChEo6nFk8N_gNMU5mT-o72w,리스펙블랙 ,6K17fyJzgtc,자기소개영상 | 마케터 한준석,2020-08-07T06:12:10Z,102.0,False,805,11.0,0.0
626,UChEo6nFk8N_gNMU5mT-o72w,리스펙블랙 ,iolBKNyV9Qk,자기소개영상ㅣ마케터 황하림,2020-10-15T08:26:06Z,60.0,True,7437,49.0,3.0
626,UChEo6nFk8N_gNMU5mT-o72w,리스펙블랙 ,DLpJopRWOcI,자기소개영상 ㅣ 마케터 배지윤,2020-10-16T10:15:11Z,61.0,False,1502,11.0,0.0
626,UChEo6nFk8N_gNMU5mT-o72w,리스펙블랙 ,99CkuFddySk,자기소개영상 ㅣ IT기획 변우진,2020-10-22T07:49:46Z,84.0,False,838,5.0,0.0
626,UChEo6nFk8N_gNMU5mT-o72w,리스펙블랙 ,0gALJZodtxM,기업홍보영상 | 프라임,2020-10-26T08:16:51Z,113.0,False,451,6.0,0.0
626,UChEo6nFk8N_gNMU5mT-o72w,리스펙블랙 ,NipgSQCUkzo,기업홍보영상 | 자연과 창의성,2020-11-03T04:04:34Z,238.0,False,83,4.0,1.0
626,UChEo6nFk8N_gNMU5mT-o72w,리스펙블랙 ,eAeyp9lqxjA,자기소개영상 ㅣ IT서비스기획 손정습,2020-11-03T06:16:53Z,84.0,False,464,5.0,0.0
626,UChEo6nFk8N_gNMU5mT-o72w,리스펙블랙 ,2tPt8s394cM,자기소개영상 ㅣ 영상PD 김영지,2020-11-06T09:46:16Z,58.0,True,2199,20.0,0.0
626,UChEo6nFk8N_gNMU5mT-o72w,리스펙블랙 ,ZSF47nc-hTI,기업홍보영상 | 지오테크놀로지,2020-11-11T05:17:52Z,137.0,False,316,1.0,0.0
626,UChEo6nFk8N_gNMU5mT-o72w,리스펙블랙 ,MrrAH8Xpcz8,기업홍보영상 | 에스지오,2020-11-17T03:56:12Z,188.0,False,377,7.0,0.0
626,UChEo6nFk8N_gNMU5mT-o72w,리스펙블랙 ,g3rf4RG4QJM,기업홍보영상 | 보나쥬르,2020-11-18T06:29:30Z,281.0,False,546,12.0,0.0
626,UChEo6nFk8N_gNMU5mT-o72w,리스펙블랙 ,zGaMjv9ESIM,기업홍보영상 | 이스트소프트,2020-11-19T04:53:31Z,252.0,False,1780,16.0,0.0
626,UChEo6nFk8N_gNMU5mT-o72w,리스펙블랙 ,tTVwqaXJzC8,기업홍보영상 | 프리즘코리아,2020-11-20T03:59:02Z,107.0,False,193,8.0,0.0
626,UChEo6nFk8N_gNMU5mT-o72w,리스펙블랙 ,K4iLEiE-NMU,기업홍보영상 | 무른모,2020-11-23T03:29:44Z,103.0,False,573,5.0,0.0
626,UChEo6nFk8N_gNMU5mT-o72w,리스펙블랙 ,9VwEY-vwgs8,기업홍보영상 | 줌인터넷,2020-11-30T04:31:26Z,173.0,False,1251,17.0,0.0
626,UChEo6nFk8N_gNMU5mT-o72w,리스펙블랙 ,JYkVsudOVUI,기업홍보영상 | 유영제약,2020-12-04T04:34:47Z,164.0,False,1290,9.0,1.0
626,UChEo6nFk8N_gNMU5mT-o72w,리스펙블랙 ,j2c8xtntxjw,자기소개영상 ㅣ 디자이너 최세은,2021-01-03T14:00:45Z,103.0,False,1403,8.0,1.0
626,UChEo6nFk8N_gNMU5mT-o72w,리스펙블랙 ,CV-Ayvwi9us,자기소개영상 ㅣ 마케팅  임은혜,2021-01-28T05:55:50Z,68.0,False,1157,15.0,5.0
626,UChEo6nFk8N_gNMU5mT-o72w,리스펙블랙 ,LMn68Vg6wYg,자기소개영상 ㅣ 엔지니어  양우성,2021-02-03T04:44:50Z,66.0,False,376,2.0,0.0
626,UChEo6nFk8N_gNMU5mT-o72w,리스펙블랙 ,eRkwjawTaTc,자기소개영상 ㅣ 분자생명공학과 오선우,2021-02-05T02:40:57Z,110.0,False,464,4.0,0.0
626,UChEo6nFk8N_gNMU5mT-o72w,리스펙블랙 ,msEbENGV7_o,자기소개영상 ㅣ 금융권 한승주,2021-02-10T03:21:21Z,77.0,False,598,2.0,0.0
626,UChEo6nFk8N_gNMU5mT-o72w,리스펙블랙 ,eq-s7ksfccU,자기소개영상 ㅣ 교육&인사 심의주 ms,2021-02-15T05:25:52Z,74.0,False,921,11.0,0.0
626,UChEo6nFk8N_gNMU5mT-o72w,리스펙블랙 ,2GVt3pVjUOo,자기소개영상 ㅣ 불어불문학과 박수현,2021-02-17T08:17:46Z,94.0,False,897,2.0,0.0
626,UChEo6nFk8N_gNMU5mT-o72w,리스펙블랙 ,T35fWaKJ3-E,자기소개영상 ㅣ 설계 or R&D 전혜림,2021-03-03T07:42:58Z,95.0,False,1213,14.0,2.0
626,UChEo6nFk8N_gNMU5mT-o72w,리스펙블랙 ,g-lf8K47qss,진로설계세미나 1주차 OT,2021-03-15T03:03:35Z,87.0,False,110,2.0,0.0
626,UChEo6nFk8N_gNMU5mT-o72w,리스펙블랙 ,agnwtHXEKg8,INU 인프라 홍보영상,2021-03-15T03:07:54Z,140.0,False,319,8.0,0.0
626,UChEo6nFk8N_gNMU5mT-o72w,리스펙블랙 ,H9Rnm7Re5V8,취업경력개발원 바이럴 영상,2021-03-15T04:50:19Z,198.0,False,220,0.0,0.0
626,UChEo6nFk8N_gNMU5mT-o72w,리스펙블랙 ,S0ZsVHMo_34,기업성공스토리_로프솔트,2021-03-15T04:52:35Z,182.0,False,1402,17.0,2.0
627,UCww_01s1PufZt2T5-0ngQpw,루미트리 필름,BZYUm0eABVQ,2023 새해 모두 대박나세요~! 홍천 금학산 정상에서 #일출산행 #일출여행 #일출명소 #일출영상,2023-01-02T04:26:35Z,5.0,True,148,1.0,0.0
627,UCww_01s1PufZt2T5-0ngQpw,루미트리 필름,lKhwGPN-TiM,춘천 스카이컨벤션 웨딩 영상 DVD 다큐 4k / Cinematic wedding film / wedding movie,2023-02-17T05:48:22Z,2289.0,False,1099,2.0,1.0
627,UCww_01s1PufZt2T5-0ngQpw,루미트리 필름,BIJhMFgpJaw,춘천 스카이컨벤션 웨딩영상 하이라이트 cinematic wedding highlights / weddingvideo,2023-02-18T09:28:25Z,212.0,False,138,4.0,3.0
627,UCww_01s1PufZt2T5-0ngQpw,루미트리 필름,HCx_gmZq7OE,춘천 여행 소양2교 저녁노을 구름 타임랩스 sunset cloud timelapse,2023-04-13T09:28:50Z,6.0,True,226,7.0,0.0
627,UCww_01s1PufZt2T5-0ngQpw,루미트리 필름,MkJdja-pG-M,백종원식 콩국수 맛평가 아따,2023-05-10T04:10:53Z,16.0,True,2549,7.0,0.0
627,UCww_01s1PufZt2T5-0ngQpw,루미트리 필름,0GQDpQ9nAzg,ktx에서 바라본 바깥풍경의 평화로움,2023-05-13T04:19:00Z,30.0,True,115,1.0,0.0
627,UCww_01s1PufZt2T5-0ngQpw,루미트리 필름,R-AEVW_JrkA,원주 인터불고 호텔 웨딩 영상 다큐 신부대기실,2024-02-27T01:17:22Z,1056.0,False,153,0.0,0.0
627,UCww_01s1PufZt2T5-0ngQpw,루미트리 필름,D7wSKXAlqHY,원주 인터불고 호텔 웨딩영상 본식 다큐,2024-02-27T02:31:37Z,1657.0,False,125,0.0,0.0
627,UCww_01s1PufZt2T5-0ngQpw,루미트리 필름,jgzwudhY4r0,원주 인터불고 호텔 웨딩 영상 다큐 원판,2024-02-27T02:52:31Z,206.0,False,59,0.0,0.0
627,UCww_01s1PufZt2T5-0ngQpw,루미트리 필름,20cBi0rU6Wg,원주 인터불고 호텔 시네마틱 웨딩영상,2024-02-27T03:47:54Z,1131.0,False,239,0.0,0.0
627,UCww_01s1PufZt2T5-0ngQpw,루미트리 필름,4NT5Pq_d65w,원주 인터불고 호텔 웨딩영상 하이라이트,2024-02-27T04:04:25Z,149.0,False,62,0.0,0.0
627,UCww_01s1PufZt2T5-0ngQpw,루미트리 필름,3-eB0E5cCzg,속초 델피노 웨딩 영상 시네마틱영상 wedding film,2024-02-28T08:12:56Z,1315.0,False,78,0.0,0.0
627,UCww_01s1PufZt2T5-0ngQpw,루미트리 필름,D3CZrgsmWTQ,속초 델피노 웨딩 영상 하이라이트 wedding film highlight,2024-02-28T09:25:05Z,209.0,False,67,0.0,0.0
627,UCww_01s1PufZt2T5-0ngQpw,루미트리 필름,vqPYpHzNpu8,속초 델피노 웨딩 영상 신부대기실,2024-03-03T07:00:05Z,997.0,False,106,0.0,0.0
627,UCww_01s1PufZt2T5-0ngQpw,루미트리 필름,SZFlU1CT0zM,속초 델피노 웨딩영상 본식,2024-03-03T11:32:42Z,1314.0,False,306,1.0,0.0
627,UCww_01s1PufZt2T5-0ngQpw,루미트리 필름,0hRJvFwc6C0,속초 델피노 웨딩영상 원판,2024-03-12T16:11:23Z,483.0,False,151,0.0,0.0
627,UCww_01s1PufZt2T5-0ngQpw,루미트리 필름,67KnfwkDmHE,강원도 철원 태봉웨딩홀 웨딩 영상 하이라이트,2024-03-27T08:48:05Z,210.0,False,131,2.0,0.0
627,UCww_01s1PufZt2T5-0ngQpw,루미트리 필름,XvXFLP8ulYs,춘천 스카이컨벤션 웨딩 영상 하이라이트 / 본식 영상,2024-04-03T02:17:00Z,212.0,False,97,1.0,0.0
627,UCww_01s1PufZt2T5-0ngQpw,루미트리 필름,CPNKGpLbVWQ,춘천 스카이컨벤션  시네마틱 웨딩 영상 / 본식 영상,2024-04-06T03:44:44Z,1135.0,False,80,0.0,0.0
627,UCww_01s1PufZt2T5-0ngQpw,루미트리 필름,AajH70wNQoM,원주 인터불고 호텔 웨딩 영상 하이라이트,2024-04-10T09:58:08Z,59.0,True,140,1.0,0.0
627,UCww_01s1PufZt2T5-0ngQpw,루미트리 필름,noMWAZ8pENA,춘천 미래웨딩홀 웨딩 영상 하이라이트 / 본식 영상 / 웨딩 dvd / 본식 dvd,2024-04-16T23:37:23Z,261.0,False,350,0.0,0.0
627,UCww_01s1PufZt2T5-0ngQpw,루미트리 필름,htpPMU9-glg,춘천 미래웨딩홀 웨딩 시네마틱 영상 / 웨딩 영상 / 본식 영상 / 웨딩 dvd / 본식 dvd,2024-04-17T05:16:16Z,999.0,False,93,0.0,0.0
627,UCww_01s1PufZt2T5-0ngQpw,루미트리 필름,vFky0vAy-fg,원주  아모르 컨벤션 웨딩홀 웨딩 영상 다큐 / 웨딩 dvd / 본식영상 /  본식dvd,2024-08-21T00:53:35Z,2240.0,False,426,3.0,0.0
627,UCww_01s1PufZt2T5-0ngQpw,루미트리 필름,yyh0Ec_g_30,원주 아모르웨딩홀 웨딩 영상 하이라이트 / 웨딩 dvd / 본식영상 / 본식dvd,2024-08-22T07:31:56Z,237.0,False,254,0.0,0.0
627,UCww_01s1PufZt2T5-0ngQpw,루미트리 필름,shuD-sfYkgo,원주 아모르 컨벤션 웨딩홀 시네마틱 웨딩 영상 하이라이트,2024-08-23T08:34:43Z,60.0,True,324,4.0,0.0
627,UCww_01s1PufZt2T5-0ngQpw,루미트리 필름,AnD-dd6xOk0,사랑이 피어나는 순간 속초 델피노 리조트 웨딩 영상 시네마틱 하이라이트,2024-08-26T06:29:27Z,61.0,False,152,0.0,0.0
627,UCww_01s1PufZt2T5-0ngQpw,루미트리 필름,JiZtV8wP_GU,"가을, 사랑의 계절에 피어나는 특별한 순간 엘리시안강촌 야외 웨딩영상 하이라이트 wedding highlights",2024-10-29T10:00:23Z,254.0,False,130,0.0,0.0
627,UCww_01s1PufZt2T5-0ngQpw,루미트리 필름,ZEQc8PRt_vY,강촌 야외에서 펼쳐진 영화같은 웨딩 #웨딩영상 #weddinghighlights,2024-12-11T08:12:44Z,31.0,True,507,2.0,0.0
627,UCww_01s1PufZt2T5-0ngQpw,루미트리 필름,1pcmJhAzYSw,고즈넉한 자연과 함께한 클래식 웨딩 춘천 세종호텔 웨딩영상 하이라이트,2025-07-29T08:38:44Z,231.0,False,79,0.0,0.0
627,UCww_01s1PufZt2T5-0ngQpw,루미트리 필름,gTL8d5Bqi7U,"자연의 빛으로 물든 순간, 춘천 미래컨벤션 웨딩 영상 하이라이트",2025-07-31T04:38:48Z,224.0,False,104,3.0,0.0
627,UCww_01s1PufZt2T5-0ngQpw,루미트리 필름,Nht_CaBCQD8,"""네가 있어 나도 있다"" 자살방지 애니메이션 영상",2025-09-26T07:06:16Z,263.0,False,60,0.0,0.0
627,UCww_01s1PufZt2T5-0ngQpw,루미트리 필름,xITeV_EidZY,2025년 춘천시정신건강복지센터 자살예방 행사 성과보고회 영상,2025-09-26T10:49:51Z,250.0,False,60,0.0,0.0
627,UCww_01s1PufZt2T5-0ngQpw,루미트리 필름,78RumLRTnU0,춘천 세움교회 웨딩영상 wedding film,2026-02-23T08:03:51Z,4648.0,False,101,0.0,1.0
628,UCdaMJw14zYQxl06y52QDtUw,월바라기 민물찌,2tbyZlbXzpY,전자찌 제작용 몸통 작업.,2026-02-04T01:37:14Z,6145.0,False,358,4.0,0.0
628,UCdaMJw14zYQxl06y52QDtUw,월바라기 민물찌,yVERZiSu8Xw,전자 대물찌 작업,2026-02-10T01:34:05Z,6741.0,False,860,12.0,0.0
628,UCdaMJw14zYQxl06y52QDtUw,월바라기 민물찌,cCatYHT4xzM,부들 2단 대물찌 / 문의 공일공 3860 3292 #수제찌,2026-02-10T06:41:34Z,38.0,True,1360,10.0,0.0
628,UCdaMJw14zYQxl06y52QDtUw,월바라기 민물찌,dlBYjXVaUe4,전자찌  작업,2026-02-11T01:39:20Z,3731.0,False,273,6.0,2.0
628,UCdaMJw14zYQxl06y52QDtUw,월바라기 민물찌,16QeZrweT0c,찌촉작업,2026-02-12T00:56:58Z,4536.0,False,297,4.0,0.0
628,UCdaMJw14zYQxl06y52QDtUw,월바라기 민물찌,pvoMJD26_IQ,바다  비자립찌 1.5호,2026-02-14T01:35:55Z,4445.0,False,296,7.0,2.0
628,UCdaMJw14zYQxl06y52QDtUw,월바라기 민물찌,RGf6UQP1Hv0,바다 비자립찌 2,2026-02-20T00:49:25Z,2181.0,False,123,5.0,0.0
628,UCdaMJw14zYQxl06y52QDtUw,월바라기 민물찌,Ty5p4zItnXI,바다 비자립찌 2호,2026-02-21T01:50:38Z,6025.0,False,171,5.0,0.0
628,UCdaMJw14zYQxl06y52QDtUw,월바라기 민물찌,XpLxxObLTio,바다 오동 비자립 1.5호 /문의 공일공 3860삼이구이 #수제찌 #바다 막대찌,2026-02-21T10:38:22Z,48.0,True,1071,4.0,2.0
628,UCdaMJw14zYQxl06y52QDtUw,월바라기 민물찌,jVblh6UaDXU,혹부리 떡밥찌,2026-02-23T04:33:56Z,5581.0,False,498,11.0,2.0
628,UCdaMJw14zYQxl06y52QDtUw,월바라기 민물찌,l6aCT7Qvz24,대물 전자찌 4그람대,2026-03-03T01:15:47Z,6085.0,False,392,6.0,0.0
628,UCdaMJw14zYQxl06y52QDtUw,월바라기 민물찌,zS6LvDOFyHI,대물 전자찌 4그람대,2026-03-04T00:48:30Z,4115.0,False,276,5.0,0.0
628,UCdaMJw14zYQxl06y52QDtUw,월바라기 민물찌,xCFhFQ3NjxU,수수내림찌 2점,2026-03-05T00:24:21Z,2715.0,False,264,6.0,0.0
628,UCdaMJw14zYQxl06y52QDtUw,월바라기 민물찌,7hDe3ze3L1o,수수대물찌,2026-03-06T01:10:28Z,4471.0,False,174,6.0,0.0
628,UCdaMJw14zYQxl06y52QDtUw,월바라기 민물찌,K2Wpn16RKdw,스마트 전자찌 3그람대,2026-03-07T01:59:58Z,3415.0,False,177,5.0,0.0
628,UCdaMJw14zYQxl06y52QDtUw,월바라기 민물찌,VIN2uMLeeT8,스마트 전자찌 3그람대,2026-03-08T00:52:41Z,2661.0,False,172,6.0,0.0
628,UCdaMJw14zYQxl06y52QDtUw,월바라기 민물찌,EhKbpyHB_0w,저부력 스마트 대물전자찌/문의 공일공 3860 3292 #수제찌,2026-03-08T14:36:18Z,37.0,True,1020,2.0,0.0
628,UCdaMJw14zYQxl06y52QDtUw,월바라기 민물찌,1SXK7h_RiSQ,스마트 전자찌 3그람대,2026-03-10T01:28:11Z,4180.0,False,275,5.0,0.0
628,UCdaMJw14zYQxl06y52QDtUw,월바라기 민물찌,gha_T-0zeKM,혹부리떡밥 1mm톱,2026-03-13T01:51:49Z,4835.0,False,273,9.0,0.0
628,UCdaMJw14zYQxl06y52QDtUw,월바라기 민물찌,tpSUhQ6UYWk,월바라기 민물찌 라이브 스트리밍 중,2026-03-13T11:25:45Z,,False,0,0.0,0.0
628,UCdaMJw14zYQxl06y52QDtUw,월바라기 민물찌,EGifQUg9IlQ,"혹부리 떡밥찌, 내림찌 60",2026-03-14T01:02:28Z,5221.0,False,155,6.0,0.0
628,UCdaMJw14zYQxl06y52QDtUw,월바라기 민물찌,HYeVcuQ5eUQ,월바라기 민물찌 라이브 스트리밍 중,2026-03-14T12:04:10Z,,False,0,0.0,0.0
628,UCdaMJw14zYQxl06y52QDtUw,월바라기 민물찌,koypJ8nYzhs,브레이크 직공찌,2026-03-15T01:50:21Z,5444.0,False,265,9.0,0.0
628,UCdaMJw14zYQxl06y52QDtUw,월바라기 민물찌,efE9K3OXaYE,수수속대혹부리 떡밥찌 /문의 공일공 3860 3292,2026-03-15T13:33:16Z,43.0,True,1606,2.0,4.0
628,UCdaMJw14zYQxl06y52QDtUw,월바라기 민물찌,EkBvadBMaFc,찌톱 도색,2026-03-17T01:48:52Z,4015.0,False,212,5.0,0.0
628,UCdaMJw14zYQxl06y52QDtUw,월바라기 민물찌,NS3idPP0U9k,찌톱 도색 2,2026-03-19T00:41:45Z,3638.0,False,189,4.0,0.0
628,UCdaMJw14zYQxl06y52QDtUw,월바라기 민물찌,WwUbkc8cqU8,찌톱도색,2026-03-20T02:11:50Z,4071.0,False,368,10.0,0.0
628,UCdaMJw14zYQxl06y52QDtUw,월바라기 민물찌,0qkmF2X4n4g,협찬용 수수대물찌,2026-03-24T00:46:12Z,5290.0,False,161,7.0,3.0
628,UCdaMJw14zYQxl06y52QDtUw,월바라기 민물찌,qmdEO1GtzyI,협찬용 대물찌,2026-03-25T00:35:53Z,4086.0,False,396,3.0,1.0
628,UCdaMJw14zYQxl06y52QDtUw,월바라기 민물찌,_sJituTPHJo,협찬용 대물찌  마무리,2026-03-27T00:13:20Z,1800.0,False,113,5.0,0.0
628,UCdaMJw14zYQxl06y52QDtUw,월바라기 민물찌,qxF5gu4FbTk,묵은갈대 직공찌 45cm,2026-03-28T00:38:52Z,4381.0,False,347,6.0,0.0
628,UCdaMJw14zYQxl06y52QDtUw,월바라기 민물찌,yRFvVfOAfH0,묵은갈대 직공찌 45,2026-03-31T01:30:06Z,6720.0,False,245,11.0,5.0
628,UCdaMJw14zYQxl06y52QDtUw,월바라기 민물찌,acuAi60dZx0,바다톱으로  민물찌 만들기,2026-04-01T01:16:05Z,4830.0,False,227,2.0,0.0
628,UCdaMJw14zYQxl06y52QDtUw,월바라기 민물찌,AJDpvYcFqHc,솔피 1미터찌,2026-04-05T01:20:19Z,6470.0,False,199,6.0,0.0
628,UCdaMJw14zYQxl06y52QDtUw,월바라기 민물찌,wfQFv9DBV9k,솔피찌 계속,2026-04-07T01:26:06Z,5932.0,False,198,6.0,0.0
628,UCdaMJw14zYQxl06y52QDtUw,월바라기 민물찌,ap8pAOOX8PM,솔피찌 수정..ㅠㅠ,2026-04-08T01:48:56Z,5511.0,False,178,5.0,0.0
628,UCdaMJw14zYQxl06y52QDtUw,월바라기 민물찌,Hv5nBlM11yE,여뀌 고부력 접합찌,2026-04-09T01:28:17Z,3355.0,False,315,8.0,0.0
628,UCdaMJw14zYQxl06y52QDtUw,월바라기 민물찌,aJzqN1t-3Z0,저부력 콜크 떡밥찌,2026-04-10T01:08:48Z,1885.0,False,92,1.0,0.0
628,UCdaMJw14zYQxl06y52QDtUw,월바라기 민물찌,AGjj9Vv18WM,여뀌 1미터 장찌,2026-04-19T17:13:04Z,4101.0,False,614,10.0,0.0
628,UCdaMJw14zYQxl06y52QDtUw,월바라기 민물찌,yNDHvzadClM,1미터 여뀌찌...,2026-04-21T02:07:43Z,4216.0,False,343,4.0,2.0
628,UCdaMJw14zYQxl06y52QDtUw,월바라기 민물찌,xadUT_ej9jw,솔피 전자장찌 150,2026-04-22T02:04:14Z,7228.0,False,276,8.0,0.0
628,UCdaMJw14zYQxl06y52QDtUw,월바라기 민물찌,LhQY2hR_rqw,솔피 떡밥찌,2026-04-23T01:13:18Z,4936.0,False,266,5.0,0.0
628,UCdaMJw14zYQxl06y52QDtUw,월바라기 민물찌,8yQwpAbLDyM,솔피 떡밥찌,2026-04-28T01:32:18Z,4190.0,False,151,4.0,2.0
628,UCdaMJw14zYQxl06y52QDtUw,월바라기 민물찌,TfKs-iYbxqc,콜크 떡밥찌 60_찜하기...,2026-04-29T00:17:32Z,1996.0,False,138,2.0,0.0
628,UCdaMJw14zYQxl06y52QDtUw,월바라기 민물찌,oAqoYtRxI3k,솔피 전자찌 60,2026-05-01T00:00:17Z,3195.0,False,321,2.0,0.0
628,UCdaMJw14zYQxl06y52QDtUw,월바라기 민물찌,6XT98Yu9bQY,수수 스마트 전자찌,2026-05-05T01:03:43Z,2405.0,False,212,4.0,0.0
628,UCdaMJw14zYQxl06y52QDtUw,월바라기 민물찌,1j4LEM2SfbM,수수 진원 작업,2026-05-06T01:26:54Z,4235.0,False,142,6.0,0.0
628,UCdaMJw14zYQxl06y52QDtUw,월바라기 민물찌,Jw7lD7HiHic,여러가지 마무리..,2026-05-07T01:17:00Z,4405.0,False,337,4.0,2.0
628,UCdaMJw14zYQxl06y52QDtUw,월바라기 민물찌,daY1GM87Eds,월바라기 민물찌 라이브 스트리밍 중,2026-05-11T11:40:08Z,11.0,True,41,3.0,0.0
628,UCdaMJw14zYQxl06y52QDtUw,월바라기 민물찌,ycwPSmWM_3w,수수대물 전자찌,2026-05-12T00:57:52Z,3501.0,False,166,8.0,0.0
629,UCs9QZ-EibH2zwNqhqMmoCMQ,두반이,KexecpexFWQ,영어로 한자를 배우는 친구들! https://m.blog.naver.com/seouler7/223809716236 🌎,2025-03-29T12:16:32Z,32.0,True,116,3.0,0.0
629,UCs9QZ-EibH2zwNqhqMmoCMQ,두반이,_919Q3sJoGs,영어로 한자를 배우는 친구들! https://m.blog.naver.com/seouler7/223809716236 🌎,2025-03-29T12:34:47Z,32.0,True,126,4.0,0.0
630,UCcMvwWMSjHoFtf9nxYet9nw,갓파,S0nJL8o63BU,4렙 아레나8! 실화냐... [Clash Royale],2017-08-06T14:23:01Z,7286.0,False,3106,40.0,0.0
630,UCcMvwWMSjHoFtf9nxYet9nw,갓파,s10fpsux5M0,잠깐만 하고 자자 오늘은 [Clash Royale],2017-08-06T14:23:01Z,4422.0,False,976,21.0,0.0
630,UCcMvwWMSjHoFtf9nxYet9nw,갓파,4I64rEJfefA,무과금 5400 [Clash Royale],2017-08-06T14:23:02Z,5805.0,False,2130,26.0,1.0
630,UCcMvwWMSjHoFtf9nxYet9nw,갓파,DG5dKgy0Ez8,국내 최초! 노전설 덱 메이킹 방송! [Clash Royale],2017-08-06T14:23:02Z,3056.0,False,1623,38.0,2.0
630,UCcMvwWMSjHoFtf9nxYet9nw,갓파,OrZb4hRmQmQ,코주부배 2000장 토너먼트 [Clash Royale],2017-08-06T14:23:02Z,9322.0,False,1613,21.0,0.0
630,UCcMvwWMSjHoFtf9nxYet9nw,갓파,df89eYqn8pY,5렙 아레나9! 그리고 드디어 본계정 덱변경!! [Clash Royale],2017-08-06T14:23:02Z,5022.0,False,1854,31.0,0.0
630,UCcMvwWMSjHoFtf9nxYet9nw,갓파,sDn7zEnwPr0,갓파! 드디어 과금한다! 그러나 노전설은 계속된다! [Clash Royale],2017-08-06T14:23:02Z,7836.0,False,5344,102.0,4.0
630,UCcMvwWMSjHoFtf9nxYet9nw,갓파,QADq-Eq_Pi0,노전설 그랜드 12승 덱!! ...을 찾아보자 [Clash Royale],2017-08-06T14:23:03Z,5636.0,False,1836,45.0,4.0
630,UCcMvwWMSjHoFtf9nxYet9nw,갓파,pNJ-AB_KKus,호그박격덱 5600 갈 수 있을까 [Clash Royale],2017-08-06T16:18:37Z,5792.0,False,3127,29.0,18.0
630,UCcMvwWMSjHoFtf9nxYet9nw,갓파,ZqE4k_OkRgo,그랜드도전 3승만 하자 [Clash Royale],2017-08-07T12:09:14Z,2857.0,False,1240,33.0,3.0
630,UCcMvwWMSjHoFtf9nxYet9nw,갓파,TROOeDeWR6k,오늘은 끝날때까지 호그박격덱 [Clash Royale],2017-08-10T14:01:42Z,1959.0,False,999,20.0,2.0
630,UCcMvwWMSjHoFtf9nxYet9nw,갓파,v5IWhJntbXY,호그박격덱은 그랜드도전에서는 똥덱이라지 [Clash Royale],2017-08-10T15:38:01Z,1748.0,False,816,13.0,1.0
630,UCcMvwWMSjHoFtf9nxYet9nw,갓파,EjDnZWmiw1k,노전설덱도 전설도전 12승이 된다! [Clash Royale],2017-08-11T13:10:56Z,5721.0,False,1462,19.0,3.0
630,UCcMvwWMSjHoFtf9nxYet9nw,갓파,en8lD9VVKv0,노전설 호그박격덱 그랜드도전! [Clash Royale],2017-08-13T12:12:04Z,5866.0,False,2686,43.0,6.0
630,UCcMvwWMSjHoFtf9nxYet9nw,갓파,XjohuUZ1eoU,갓파 지역 20등 안에 들 수 있을까? 5000점 도전! [Clash Royale],2017-08-15T11:03:22Z,1880.0,False,1777,37.0,7.0
630,UCcMvwWMSjHoFtf9nxYet9nw,갓파,1fC9h-hDyM8,크라운 챔피언십 한방에 20승 노전설 덱! [Clash Royale],2017-08-16T12:44:08Z,8416.0,False,10692,100.0,15.0
630,UCcMvwWMSjHoFtf9nxYet9nw,갓파,ULaVyeaRet8,크라운 챔피언십 한방에 20승을 전설없이?! - [갓파]클래시로얄(clash royale),2017-08-16T13:47:24Z,1257.0,False,19732,202.0,78.0
630,UCcMvwWMSjHoFtf9nxYet9nw,갓파,tQ6WlIZsgPI,20승 한 자의 여유! 훈련캠프덱으로 그랜드챔피언십 도전 해보리기 [Clash Royale],2017-08-18T12:28:19Z,2835.0,False,1954,32.0,6.0
630,UCcMvwWMSjHoFtf9nxYet9nw,갓파,QVMiLX_ahRI,5100 가자! 지역순위 50위에 도전~! [Clash Royale],2017-08-20T14:58:16Z,4555.0,False,3032,40.0,12.0
630,UCcMvwWMSjHoFtf9nxYet9nw,갓파,IU1WemvQ4CU,호그박격덱 그랜드도전~~~! [Clash Royale],2017-08-21T14:23:47Z,8442.0,False,3173,26.0,3.0
630,UCcMvwWMSjHoFtf9nxYet9nw,갓파,PJ7qFgRR0dw,어제 만든 계정이 909점인데 다음 상자가 마법상자다! [Clash Royale],2017-08-22T14:59:51Z,5116.0,False,1741,41.0,1.0
630,UCcMvwWMSjHoFtf9nxYet9nw,갓파,XnWD80d-9og,아이스스피릿 도전! 성공하면 만렙!! [Clash Royale],2017-08-23T16:32:39Z,5279.0,False,2742,31.0,6.0
630,UCcMvwWMSjHoFtf9nxYet9nw,갓파,REWeOJ7VUNQ,아재들 모여라! 라그나로크 모바일!! [Clash Royale],2017-08-24T16:29:01Z,9319.0,False,2497,30.0,1.0
630,UCcMvwWMSjHoFtf9nxYet9nw,갓파,O9wAej7X1q8,뭐 할건지 알지? 전설카드 없이 한번만 하자! [Clash Royale],2017-08-25T14:45:56Z,4417.0,False,1974,32.0,3.0
630,UCcMvwWMSjHoFtf9nxYet9nw,갓파,ZRM_0qbV-co,아직도 전설카드가 없어? 메가나이트 도전으로 얻어봐! - [갓파]클래시로얄(clash royale),2017-08-25T16:20:44Z,1398.0,False,2852,39.0,21.0
630,UCcMvwWMSjHoFtf9nxYet9nw,갓파,9mH2V009v6Y,할게 없으니 그랜드 도전이나 하자 [Clash Royale],2017-08-26T06:54:54Z,3667.0,False,1846,33.0,5.0
630,UCcMvwWMSjHoFtf9nxYet9nw,갓파,jOGJo5SdLgM,오랜만에 뵙습니다 그랜드 도전이나 해볼까요 [Clash Royale],2017-08-31T03:22:11Z,3500.0,False,1044,19.0,6.0
630,UCcMvwWMSjHoFtf9nxYet9nw,갓파,rW3Z0xK44Kc,램프업 도전 [Clash Royale],2017-09-01T11:46:56Z,3556.0,False,1509,18.0,2.0
630,UCcMvwWMSjHoFtf9nxYet9nw,갓파,ldMMy9S287o,호박덱 그랜드도전 [Clash Royale],2017-09-02T02:57:51Z,4431.0,False,3382,35.0,4.0
630,UCcMvwWMSjHoFtf9nxYet9nw,갓파,yAqZ3JXV4qs,5600을 찍어보자! [Clash Royale],2017-09-03T08:36:22Z,9101.0,False,4118,59.0,1.0
630,UCcMvwWMSjHoFtf9nxYet9nw,갓파,CwKDbkz702s,5600은 개뿔 5500이나 찍으면 좋겠다 [Clash Royale],2017-09-03T15:41:30Z,6350.0,False,2695,48.0,3.0
630,UCcMvwWMSjHoFtf9nxYet9nw,갓파,tS2xMos7nPc,갓파 인생 최고의 상자깡! 앞으로 다시 없을... [Clash Royale],2017-09-04T14:09:56Z,2469.0,False,2066,40.0,9.0
630,UCcMvwWMSjHoFtf9nxYet9nw,갓파,Xz31bcxxNUE,갓파의 빈집털이! 지역 랭킹 한 자리 수에 도전하라! [Clash Royale],2017-09-06T13:58:33Z,5342.0,False,2446,35.0,9.0
630,UCcMvwWMSjHoFtf9nxYet9nw,갓파,LpPNhuHMftE,크라운 챔피언십 대비 연습!!! [Clash Royale],2017-09-08T16:15:55Z,6544.0,False,2511,40.0,3.0
630,UCcMvwWMSjHoFtf9nxYet9nw,갓파,P-uCUKO6tlw,크라운 챔피언십 32강 진출! 4조 예선 리뷰! [Clash Royale],2017-09-09T15:45:37Z,6831.0,False,4254,58.0,8.0
630,UCcMvwWMSjHoFtf9nxYet9nw,갓파,Xo1gOSevZQw,오랜만입니다. 오늘은 호그라이더 만렙 찍는 날! [Clash Royale],2017-09-15T15:19:23Z,3618.0,False,1852,31.0,8.0
630,UCcMvwWMSjHoFtf9nxYet9nw,갓파,ZkY5cJR98WQ,오늘은 할게 없으니 시청자 대전 [Clash Royale],2017-09-18T13:32:14Z,6526.0,False,1766,22.0,5.0
630,UCcMvwWMSjHoFtf9nxYet9nw,갓파,uNEBtdSY-5U,내 모든 보석을 털어서!! 클래식 도전 [Clash Royale],2017-09-19T15:36:43Z,4288.0,False,1349,22.0,1.0
630,UCcMvwWMSjHoFtf9nxYet9nw,갓파,eeqc963s6Iw,오늘 뭐할지는 누구나 알고있다 [Clash Royale],2017-09-22T12:17:33Z,3681.0,False,1291,21.0,8.0
630,UCcMvwWMSjHoFtf9nxYet9nw,갓파,H_RC8ovjVec,새로 만든 덱으로 간만의 1000명 토너먼트! [Clash Royale],2017-09-23T16:13:25Z,3873.0,False,1685,28.0,1.0
630,UCcMvwWMSjHoFtf9nxYet9nw,갓파,muHXaoWI5Uo,일반카드만 쓴 결과는 무엇? [Clash Royale],2017-09-26T13:15:05Z,3467.0,False,1469,24.0,1.0
630,UCcMvwWMSjHoFtf9nxYet9nw,갓파,z_h50mOQ-6g,과연 이번에도 5500을 넘길 수 있을까! [Clash Royale],2017-10-01T14:21:33Z,4775.0,False,2204,28.0,2.0
630,UCcMvwWMSjHoFtf9nxYet9nw,갓파,kWCBB1LDvn0,새 시즌 가비야운 시작 [Clash Royale],2017-10-02T15:40:37Z,6295.0,False,2370,42.0,6.0
630,UCcMvwWMSjHoFtf9nxYet9nw,갓파,lYRFNXDBCoE,레벨따위 씹어먹는 덱! 노전설 6렙 3000점 도전! [Clash Royale],2017-10-07T13:51:49Z,5049.0,False,4451,62.0,8.0
630,UCcMvwWMSjHoFtf9nxYet9nw,갓파,YMRaFaB74fM,드디어 찍는 고블린 만렙! 오늘 밤엔 무슨 덱을 짤까 누구에게 점수를 줄까 [Clash Royale],2017-10-15T05:53:11Z,7079.0,False,3346,52.0,8.0
630,UCcMvwWMSjHoFtf9nxYet9nw,갓파,FiTo4WfDb9c,킹스컵 도전 하러 왔습니다. [Clash Royale],2017-10-29T04:31:51Z,3752.0,False,1799,23.0,4.0
630,UCcMvwWMSjHoFtf9nxYet9nw,갓파,NMZ8N4yiMpA,전설상자 3개 열기 [Clash Royale],2017-11-01T13:07:15Z,4981.0,False,3413,31.0,13.0
630,UCcMvwWMSjHoFtf9nxYet9nw,갓파,G4y2sZztnE4,신작 게임 캐슬번! 클래시로얄의 아성을 무너뜨릴 수 있을까 [Castle Burn],2017-11-26T11:58:52Z,,False,0,1.0,0.0
630,UCcMvwWMSjHoFtf9nxYet9nw,갓파,f27uOqYmvrQ,신작 게임 캐슬번! 클래시로얄의 아성을 무너뜨릴 수 있을까 [Castle Burn],2017-11-26T12:49:38Z,6614.0,False,3810,38.0,25.0
630,UCcMvwWMSjHoFtf9nxYet9nw,갓파,15X3rq0KPUg,- [로스트아크] 파일럿 방송,2023-12-01T08:53:16Z,,False,0,0.0,0.0
631,UCf8SgKdMZ0LYe19vrusOS3w,머니,bll1Q6UBQ44,커맨드 EP.40 방벽(투명블럭)을 소환하는 명령어🚫🚫,2023-11-23T07:02:00Z,26.0,True,48214,779.0,37.0
631,UCf8SgKdMZ0LYe19vrusOS3w,머니,qw4AwXBqLPo,커맨드 EP.41 마크 건축에서 감성을! 빛 블록 소환 명령어✨💡✨,2023-11-30T07:31:49Z,18.0,True,13596,209.0,6.0
631,UCf8SgKdMZ0LYe19vrusOS3w,머니,4_SobkMzLxM,커맨드 EP.42 반복되는 커맨드 화면에 안뜨게 하는 명령어🔕,2023-12-01T06:59:07Z,18.0,True,41522,558.0,24.0
631,UCf8SgKdMZ0LYe19vrusOS3w,머니,8FuEHEmbGzI,[2023 유크타] 게임패스타 로블록스 시참 진행,2023-12-02T12:45:26Z,14095.0,False,196,5.0,0.0
631,UCf8SgKdMZ0LYe19vrusOS3w,머니,BANYSo37tDs,커맨드 EP.43 마크에서 워든을 조종하는 명령어😈😈,2023-12-07T07:30:02Z,40.0,True,5222,138.0,4.0
631,UCf8SgKdMZ0LYe19vrusOS3w,머니,ucEidZqmy08,커맨드 EP.44 친구의 인벤토리를 비우는 명령어🥰,2023-12-14T07:30:21Z,15.0,True,6250,105.0,4.0
631,UCf8SgKdMZ0LYe19vrusOS3w,머니,jdz83etAjqg,커맨드 EP.45 마크에서 유용한 인벤세이브 명령어 😆😊,2023-12-15T07:30:10Z,15.0,True,65632,534.0,21.0
631,UCf8SgKdMZ0LYe19vrusOS3w,머니,JdYPEYzyd24,커맨드 EP.46 발밑에 잔디블록이 생깁니다,2023-12-21T07:30:04Z,21.0,True,10062,244.0,9.0
631,UCf8SgKdMZ0LYe19vrusOS3w,머니,ZxhBqtEoazQ,[크리스마스 기념] 마인크래프트 애니메이션,2023-12-25T07:30:11Z,48.0,True,1205,32.0,10.0
631,UCf8SgKdMZ0LYe19vrusOS3w,머니,TXeihMyC2ik,커맨드 EP.47 플레이어가 작아집니다,2023-12-28T07:30:06Z,19.0,True,43393,802.0,34.0
631,UCf8SgKdMZ0LYe19vrusOS3w,머니,9PkQzn3eKYw,커맨드 EP.48 진격의 거인,2024-01-04T09:45:00Z,17.0,True,24885,361.0,13.0
631,UCf8SgKdMZ0LYe19vrusOS3w,머니,YyI3e3ap9bQ,커맨드 EP.49 블록이 길어집니다,2024-01-11T08:27:44Z,15.0,True,6464,82.0,2.0
631,UCf8SgKdMZ0LYe19vrusOS3w,머니,y_WggzyGYek,커맨드 EP.50 마크 하드 난이도,2024-01-25T07:30:12Z,14.0,True,12191,234.0,2.0
631,UCf8SgKdMZ0LYe19vrusOS3w,머니,ji0-Qjo3lfI,커맨드 EP.51 움직이는 벽,2024-02-01T07:30:18Z,18.0,True,16351,241.0,3.0
631,UCf8SgKdMZ0LYe19vrusOS3w,머니,JL_qRTWrKMs,커맨드 EP.52 산에 따뜻한바다,2024-02-08T07:30:04Z,14.0,True,14249,305.0,2.0
631,UCf8SgKdMZ0LYe19vrusOS3w,머니,k-vwJmLLU2o,커맨드 EP.53 산에 터널 만들기,2024-02-23T09:06:35Z,18.0,True,3234,51.0,0.0
631,UCf8SgKdMZ0LYe19vrusOS3w,머니,7DNw6u3ykYs,커맨드 EP.54 이세계에서 모두가 폭발궁수로 전직,2024-03-01T07:31:51Z,18.0,True,48018,554.0,24.0
631,UCf8SgKdMZ0LYe19vrusOS3w,머니,slp1YerprDA,커맨드 EP.55 배그처럼 보급템 상자에 넣기,2024-03-09T09:05:15Z,18.0,True,9186,138.0,4.0
631,UCf8SgKdMZ0LYe19vrusOS3w,머니,16L88v8CYNk,커맨드 EP.56 엔더드래곤 폭파 엔딩 보는법,2024-03-24T07:00:00Z,17.0,True,3627,55.0,2.0
631,UCf8SgKdMZ0LYe19vrusOS3w,머니,138KhWfoURs,커맨드 EP.57 블록 숨바꼭질😀,2024-04-12T07:30:00Z,26.0,True,6388,137.0,3.0
631,UCf8SgKdMZ0LYe19vrusOS3w,머니,I7QDAlcdaL8,마인크래프트인데 챌린지! #네모인데 #마인크래프트인데 #챌린지,2024-06-18T12:08:35Z,14.0,True,2704,55.0,5.0
631,UCf8SgKdMZ0LYe19vrusOS3w,머니,-X6ISsVRewg,커맨드 EP.58 테무 마인크래프트 영상의 진실🤔,2024-08-20T06:19:34Z,16.0,True,10524,180.0,2.0
631,UCf8SgKdMZ0LYe19vrusOS3w,머니,RAMN5cXALUg,커맨드 EP.59 마인크래프트 커스텀 NPC 상점,2024-09-05T07:30:08Z,16.0,True,86336,1901.0,55.0
631,UCf8SgKdMZ0LYe19vrusOS3w,머니,B-hGpsUz73I,커맨드 EP.60 엔더드래곤을 탄 주민,2024-09-07T08:00:06Z,16.0,True,11340,247.0,6.0
631,UCf8SgKdMZ0LYe19vrusOS3w,머니,rR6JwUikXng,커맨드 EP.61 본인제외 킬 명령어,2024-09-10T07:30:17Z,16.0,True,13902,418.0,7.0
631,UCf8SgKdMZ0LYe19vrusOS3w,머니,-R3SpqDH_ro,커맨드 EP.62 고대잔해 눈덩이 커맨드,2025-02-21T07:00:00Z,16.0,True,4860,79.0,2.0
631,UCf8SgKdMZ0LYe19vrusOS3w,머니,IyIarej5QTg,커맨드 EP.63 눈덩이를 던졌더니 섬이 생겼다??😱,2025-05-05T03:04:40Z,17.0,True,34150,496.0,10.0
631,UCf8SgKdMZ0LYe19vrusOS3w,머니,Heck52MNidA,무슨 미션을 다음 사람에게 전해줄까요?  @surva_ @신언심 @금돌-d5v,2025-05-05T03:23:58Z,60.0,True,8549,65.0,3.0
631,UCf8SgKdMZ0LYe19vrusOS3w,머니,Xt-mfMnIyQI,커맨드 EP.64 머니가 엔드포탈에 먼저 도착한 비법!!😧,2025-05-17T02:00:28Z,20.0,True,14065,192.0,1.0
631,UCf8SgKdMZ0LYe19vrusOS3w,머니,WmjkruhyGPI,"무슨 미션을 다음 사람에게 전해줄까요? @Becky0507, @219-이일구, 판다준",2025-05-17T02:33:57Z,60.0,True,7038,40.0,6.0
631,UCf8SgKdMZ0LYe19vrusOS3w,머니,HKjxO2zC4Kc,커맨드 EP.65 마크에서 쇠뇌가 머신건이 된다고?,2025-05-24T02:11:12Z,35.0,True,9922,84.0,2.0
631,UCf8SgKdMZ0LYe19vrusOS3w,머니,gKJp5AJCYuw,무슨 미션을 다음 사람에게 전해줄까요? @히게 @카시오라고 @blueorps,2025-05-24T02:30:35Z,60.0,True,5684,23.0,4.0
631,UCf8SgKdMZ0LYe19vrusOS3w,머니,M-4IllBMI3E,커맨드 EP.66 귀여운 파란색 아홀로틀 소환!!😊,2025-05-31T02:00:18Z,13.0,True,5914,61.0,1.0
631,UCf8SgKdMZ0LYe19vrusOS3w,머니,hkwslUcz-t4,무슨 미션을 다음 사람에게 전해줄까요? @고자민씨 @수호Youtube @snowberry0115,2025-05-31T02:30:29Z,59.0,True,2223,25.0,4.0
631,UCf8SgKdMZ0LYe19vrusOS3w,머니,1NqF7hy5h_8,커맨드 EP.67 행운 인첸트를 LV255까지?,2025-06-03T02:00:02Z,20.0,True,27321,251.0,7.0
631,UCf8SgKdMZ0LYe19vrusOS3w,머니,x6m3hbAPxV8,"무슨 미션을 다음 사람에게 전해줄까요? @뮄튜브 , 하류1234, @머니입니다",2025-06-07T02:01:02Z,59.0,True,6386,48.0,2.0
631,UCf8SgKdMZ0LYe19vrusOS3w,머니,R8WghpIh-WQ,구구구구독~ 조조조아요~🐔💚마인크래프트로 리믹스 도전!!😱,2025-06-10T10:20:25Z,19.0,True,3417,64.0,5.0
631,UCf8SgKdMZ0LYe19vrusOS3w,머니,YMHcj4m8eV0,형 이거 당연하지게임 맞지?ㅋㅋㅋ,2025-06-14T02:28:16Z,96.0,False,4771,53.0,3.0
631,UCf8SgKdMZ0LYe19vrusOS3w,머니,32D3Sv_47pI,커맨드 EP.68 특정블록을 밟으면 죽습니다!!!,2025-06-18T07:30:05Z,22.0,True,27551,122.0,8.0
631,UCf8SgKdMZ0LYe19vrusOS3w,머니,FIrFakyO80w,커맨드 EP.69 해피가스트가 미친듯이 빨라진다??,2025-06-19T07:30:13Z,26.0,True,46843,406.0,12.0
631,UCf8SgKdMZ0LYe19vrusOS3w,머니,ccrxiU1iyYo,커맨드 EP.70 마크에서 땅따먹기!!!,2025-06-29T07:15:04Z,18.0,True,12133,131.0,3.0
631,UCf8SgKdMZ0LYe19vrusOS3w,머니,Xd_VtSQT39M,구독자 = TNT 1 세상에서 엔더드래곤 켠왕,2025-06-30T08:05:00Z,10.0,True,5716,35.0,2.0
631,UCf8SgKdMZ0LYe19vrusOS3w,머니,WMM769LS_bY,구독자 = TNT 1개 엔더드래곤 켠왕 LIVE,2025-06-30T16:31:33Z,28518.0,False,972,43.0,2.0
631,UCf8SgKdMZ0LYe19vrusOS3w,머니,Ejge1jYvrHE,커맨드 EP.71 이름표로 사탄들린 동물들이 죽습니까??,2025-07-13T11:59:14Z,18.0,True,21780,233.0,2.0
631,UCf8SgKdMZ0LYe19vrusOS3w,머니,brj3L-BcE8w,커맨드 EP.72 물속에 들어가니 피가 회복된다??,2025-07-20T04:51:15Z,17.0,True,17868,209.0,7.0
631,UCf8SgKdMZ0LYe19vrusOS3w,머니,vjEMPf7cAG8,틀리면 큰일나는 리듬 챌린지,2026-03-01T12:31:08Z,18.0,True,8441,80.0,4.0
631,UCf8SgKdMZ0LYe19vrusOS3w,머니,phbKKTGqc3k,야생하는데 내 인벤토리가 이상하다!![커맨드 상황극],2026-03-06T08:09:48Z,22.0,True,280419,2155.0,8.0
631,UCf8SgKdMZ0LYe19vrusOS3w,머니,VLuz319JCt8,마인크래프트 버전 녹아웃 [커맨드 상황극],2026-03-13T04:00:35Z,26.0,True,24289,365.0,3.0
631,UCf8SgKdMZ0LYe19vrusOS3w,머니,mzwBaEisZKA,마크 녹아웃인데 핵쟁이 만났습니다!![커맨드 상황극],2026-03-20T04:00:58Z,16.0,True,25825,571.0,12.0
631,UCf8SgKdMZ0LYe19vrusOS3w,머니,v3WfPgIwg2o,역대급 마크 만우절 업데이트,2026-04-03T08:45:44Z,14.0,True,33468,305.0,6.0
632,UCAjLltbNaw4DO4fHUniw8Lw,동화속다락방,X9rCk2LJU8U,(나의체) 나의 외로움이 널 부를 때 - (윤도현 커버 장필순 원곡) 써보기,2025-11-27T08:21:26Z,53.0,True,913,9.0,0.0
632,UCAjLltbNaw4DO4fHUniw8Lw,동화속다락방,7SXiEoKHUJM,(나의체) 녹색지대 - 그래 늦지 않았어 써보기,2025-11-29T06:51:00Z,60.0,True,669,8.0,0.0
632,UCAjLltbNaw4DO4fHUniw8Lw,동화속다락방,SxEIoW0sqII,(나의체) 생각이 나 - (남우현 커버 부활 원곡) 써보기,2025-12-01T08:14:28Z,60.0,True,2050,16.0,4.0
632,UCAjLltbNaw4DO4fHUniw8Lw,동화속다락방,4Y35BXOqBls,카퍼플레이트(필기)체로  With Or Without You (윤도현 커버 U2 원곡) 써보기,2025-12-03T09:06:35Z,60.0,True,428,5.0,1.0
632,UCAjLltbNaw4DO4fHUniw8Lw,동화속다락방,sW5EqFrnYxI,(나의체) 한숨 - (이홍기 커버 이하이 원곡) 써보기,2025-12-05T08:52:16Z,60.0,True,603,4.0,0.0
632,UCAjLltbNaw4DO4fHUniw8Lw,동화속다락방,AmXZbWfxpG4,(나의체) 변진섭 - 너에게로 또 다시 써보기,2025-12-07T08:25:36Z,60.0,True,889,10.0,2.0
632,UCAjLltbNaw4DO4fHUniw8Lw,동화속다락방,2f9u1P0rB4I,"(나의체) 그래서 그대는 - (정해인,정용화 커버 얀 원곡) 써보기",2025-12-10T09:48:31Z,60.0,True,1895,13.0,2.0
632,UCAjLltbNaw4DO4fHUniw8Lw,동화속다락방,Ee77Q1GM7yY,카퍼플레이트(필기)체로 When I Dream (이소라 커버 크리스탈 게일 원곡) 써보기,2025-12-13T10:07:24Z,56.0,True,420,4.0,2.0
632,UCAjLltbNaw4DO4fHUniw8Lw,동화속다락방,wFzbn7oFplc,(나의체) 잃어버린 우산 - (린 커버 우순실 원곡) 써보기,2025-12-15T08:15:21Z,58.0,True,493,5.0,0.0
632,UCAjLltbNaw4DO4fHUniw8Lw,동화속다락방,JKMpqfNF2jg,(나의체) 흰눈 - (탑현 커버 이루 원곡) 써보기,2025-12-17T08:33:23Z,60.0,True,71,6.0,0.0
632,UCAjLltbNaw4DO4fHUniw8Lw,동화속다락방,nAaqHPOTYpM,"(나의체) 하얀겨울 - (박정현,김범수 커버 미스터 투 원곡) 써보기",2025-12-19T09:09:19Z,60.0,True,2511,35.0,4.0
632,UCAjLltbNaw4DO4fHUniw8Lw,동화속다락방,FhwpkEY4NGk,(나의체) 변진섭 - 우리의 사랑이 필요한거죠 써보기,2025-12-23T10:40:39Z,60.0,True,2264,12.0,0.0
632,UCAjLltbNaw4DO4fHUniw8Lw,동화속다락방,Fe6wxcp290E,(나의체) 김건모 - 사랑해 써보기,2025-12-26T08:43:02Z,60.0,True,1570,11.0,2.0
632,UCAjLltbNaw4DO4fHUniw8Lw,동화속다락방,RH1vge_DRnY,"(나의체) 첫눈 (이승기,이무진 커버 엑소 원곡)",2025-12-29T08:04:27Z,61.0,False,572,2.0,0.0
632,UCAjLltbNaw4DO4fHUniw8Lw,동화속다락방,mMOS0D4PV8I,"(나의체) 슬픈 사랑의 노래 (이문세,이소라 커버 이문세 원곡) 써보기",2026-01-02T09:22:17Z,60.0,True,631,7.0,2.0
632,UCAjLltbNaw4DO4fHUniw8Lw,동화속다락방,z3GP1Ik50eQ,(나의체) 그것만이 내 세상 (윤도현 커버 들국화 원곡),2026-01-04T08:56:48Z,60.0,True,907,5.0,0.0
632,UCAjLltbNaw4DO4fHUniw8Lw,동화속다락방,5cXM9wTZ3JU,(나의체) 내 눈물 모아 (바다 커버 서지원 원곡),2026-01-06T09:09:57Z,56.0,True,1957,21.0,2.0
632,UCAjLltbNaw4DO4fHUniw8Lw,동화속다락방,_cggEOpJs-M,(나의체) 태양계 - 규현 커버 (성시경 원곡) 써보기,2026-02-04T08:18:34Z,60.0,True,918,8.0,0.0
632,UCAjLltbNaw4DO4fHUniw8Lw,동화속다락방,FaQ1MgIV8lY,(나의체) 오래된 노래 - 이승기 커버 (스탠딩 에그 원곡) 써보기,2026-02-06T08:12:28Z,55.0,True,2345,21.0,0.0
632,UCAjLltbNaw4DO4fHUniw8Lw,동화속다락방,oTem0PE2Exs,카퍼플레이트(필기)체로 Easy On Me  (소향 커버 아델 원곡) 써보기,2026-02-10T06:05:11Z,56.0,True,416,5.0,0.0
632,UCAjLltbNaw4DO4fHUniw8Lw,동화속다락방,z3_zZJSy7sc,(나의체) 끝사랑 - 권진아 커버 (김범수 원곡) 써보기,2026-02-12T10:24:59Z,60.0,True,965,7.0,4.0
632,UCAjLltbNaw4DO4fHUniw8Lw,동화속다락방,9d7PCP2kZS8,"(나의체) 두 사람 - 이무진,린 커버 (성시경 원곡) 써보기",2026-02-14T08:10:48Z,60.0,True,1996,14.0,2.0
632,UCAjLltbNaw4DO4fHUniw8Lw,동화속다락방,f2CQT-I7i6U,(나의체) 우리들의 블루스 - 최유리 커버 (임영웅 원곡) 써보기,2026-02-21T06:15:45Z,54.0,True,937,6.0,0.0
632,UCAjLltbNaw4DO4fHUniw8Lw,동화속다락방,FhsIcQIVZqc,카퍼플레이트(필기)체로 Let It Be (이승훈 커버 비틀즈 원곡) 써보기,2026-02-22T08:21:53Z,60.0,True,381,5.0,2.0
632,UCAjLltbNaw4DO4fHUniw8Lw,동화속다락방,5crRSc_Z2mQ,(나의체) 그때 그 아인 - 김범수 커버 (김필 원곡) 써보기,2026-02-24T08:56:12Z,50.0,True,1607,12.0,0.0
632,UCAjLltbNaw4DO4fHUniw8Lw,동화속다락방,aiZ-1JDQX4c,(나의체) 사랑이 늦어서 미안해 - 성시경 커버 (김조한 원곡) 써보기,2026-02-27T08:05:37Z,54.0,True,710,5.0,4.0
632,UCAjLltbNaw4DO4fHUniw8Lw,동화속다락방,CNRUMBYrG4g,(나의체) 그날을 위하여 (이해리 커버 영웅O.S.T) 써보기,2026-03-01T08:18:46Z,60.0,True,1112,4.0,0.0
632,UCAjLltbNaw4DO4fHUniw8Lw,동화속다락방,xJDWHLEcx_c,카퍼플레이트(필기)체로 Bad guy  (태연 커버 빌리 아일리쉬 원곡) 써보기,2026-03-03T08:31:16Z,60.0,True,293,3.0,0.0
632,UCAjLltbNaw4DO4fHUniw8Lw,동화속다락방,kmCpKHMYjKQ,(나의체) 이별 - 배우 신세경 커버 (패티킴 원곡) 써보기,2026-03-05T07:39:21Z,59.0,True,270,2.0,0.0
632,UCAjLltbNaw4DO4fHUniw8Lw,동화속다락방,nSTd4Gy8ljQ,(나의체) 넌 감동이었어 - 이창섭 커버 (성시경 원곡) 써보기,2026-03-07T09:20:46Z,60.0,True,2114,22.0,0.0
632,UCAjLltbNaw4DO4fHUniw8Lw,동화속다락방,Sr97axG68ec,(나의체) KCM - 미친 버릇처럼 셋을 센다 써보기,2026-03-09T09:36:56Z,60.0,True,1716,11.0,2.0
632,UCAjLltbNaw4DO4fHUniw8Lw,동화속다락방,n6KGZhWn2fg,카퍼플레이트(필기)체로 Wish You Were Here (임헌일 커버 빌리 핑크 플로이드 원곡) 써보기,2026-03-11T09:10:03Z,54.0,True,257,5.0,0.0
632,UCAjLltbNaw4DO4fHUniw8Lw,동화속다락방,DshEp-oh9xQ,(나의체) 사랑의 시 - 린 커버 (엠 씨 더 맥스 원곡) 써보기,2026-03-13T08:32:38Z,58.0,True,555,6.0,0.0
632,UCAjLltbNaw4DO4fHUniw8Lw,동화속다락방,5dqaAwiXNYg,(나의체) 디셈버 - 심(心) 써보기,2026-03-16T10:08:31Z,60.0,True,2090,22.0,0.0
632,UCAjLltbNaw4DO4fHUniw8Lw,동화속다락방,d7At7YlXIFU,(나의체) 숲 - 김범수 커버 (최유리 원곡) 써보기,2026-03-18T08:31:40Z,55.0,True,522,5.0,0.0
632,UCAjLltbNaw4DO4fHUniw8Lw,동화속다락방,a4Sdz7x7fbQ,카퍼플레이트(필기)체로 Off My Face (로이 킴 커버 저스틴 비버 원곡) 써보기,2026-03-20T08:09:57Z,60.0,True,214,5.0,0.0
632,UCAjLltbNaw4DO4fHUniw8Lw,동화속다락방,rcgZ3mQwR4Y,(나의체) Forever - 이보람 커버 (안재욱 원곡) 써보기,2026-03-23T07:45:03Z,49.0,True,2314,14.0,0.0
632,UCAjLltbNaw4DO4fHUniw8Lw,동화속다락방,3a_TiMMaYmo,위로 글 써보기,2026-03-24T08:35:11Z,90.0,False,261,4.0,0.0
632,UCAjLltbNaw4DO4fHUniw8Lw,동화속다락방,euxtSX7UJQw,(나의체) 착한사랑 - 알리 커버 (김민종 원곡) 써보기,2026-03-25T08:16:44Z,47.0,True,826,2.0,0.0
632,UCAjLltbNaw4DO4fHUniw8Lw,동화속다락방,ZA6Ct3dHsjA,(나의체) 돌덩이 - 박해원 커버 (하현우 원곡) 써보기,2026-03-27T09:03:56Z,61.0,False,1336,11.0,6.0
632,UCAjLltbNaw4DO4fHUniw8Lw,동화속다락방,Sx1PiHtDCVw,카퍼플레이트(필기)체로 Time in a Bottle (이승훈 커버 짐 크로스 원곡) 써보기,2026-03-29T09:01:08Z,60.0,True,188,3.0,0.0
632,UCAjLltbNaw4DO4fHUniw8Lw,동화속다락방,FshLRHDXH_U,(나의체) 송소희 -  경기 아리랑 써보기,2026-03-30T08:46:47Z,58.0,True,1865,34.0,0.0
632,UCAjLltbNaw4DO4fHUniw8Lw,동화속다락방,_v-2yKNjOgA,(나의체) 꽃이 피고 지듯이 (로이킴 커버 조승우 원곡) 써보기,2026-04-01T08:43:32Z,55.0,True,1639,16.0,2.0
632,UCAjLltbNaw4DO4fHUniw8Lw,동화속다락방,9OJO1pFmqrA,짧은글. 딥펜 캘리그라피.,2026-04-02T15:11:36Z,69.0,False,480,4.0,0.0
632,UCAjLltbNaw4DO4fHUniw8Lw,동화속다락방,JDnu_twamww,딥펜 캘리그라피. 카퍼플레이트.,2026-04-04T09:24:39Z,96.0,False,389,7.0,0.0
632,UCAjLltbNaw4DO4fHUniw8Lw,동화속다락방,B87HyFeQpiM,"(나의체) 슬픈 혼잣말 (임창정,조현민,허각 커버 임창정 원곡) 써보기",2026-04-06T09:17:19Z,60.0,True,2001,14.0,4.0
632,UCAjLltbNaw4DO4fHUniw8Lw,동화속다락방,0DM8HLR6WKw,카퍼플레이트(필기)체로 Reality (성시경 커버 리처드 샌더슨 원곡) 써보기,2026-04-08T09:27:57Z,60.0,True,2049,10.0,0.0
632,UCAjLltbNaw4DO4fHUniw8Lw,동화속다락방,NzV4UrbUBMA,(나의체) 부활 - 돛에 부는 바람 써보기,2026-04-10T09:16:12Z,60.0,True,1754,13.0,2.0
632,UCAjLltbNaw4DO4fHUniw8Lw,동화속다락방,SybGGOslKfQ,(나의체) 로커스트 - 하늘색 꿈 써보기,2026-04-13T09:58:43Z,58.0,True,214,2.0,0.0
632,UCAjLltbNaw4DO4fHUniw8Lw,동화속다락방,s-PeWenvzmo,(나의체) 친구 - 배우 염혜란 커버 (김민기 원곡) 써보기,2026-04-21T08:16:12Z,57.0,True,683,5.0,0.0
633,UCpsVKbvnRCfymWY12pg8N-A,박성균TV [균튜브],tI4-e7xpSR4,"【ASL 시즌7】 맥짚는 한의사 박성균과 이경민,김민철의 3인체제 해설 결승 3경기 변현제 vs 김성현 견제와 견제의 싸움 심리전을 사용하며 3경기 승리를 따낸 선수는?",2019-03-17T10:18:55Z,1238.0,False,835,9.0,0.0
633,UCpsVKbvnRCfymWY12pg8N-A,박성균TV [균튜브],9njVMdXDewU,"【ASL 시즌7】 맥짚는 한의사 박성균과 이경민,김민철의 3인체제 해설 결승 4경기 변현제 vs 김성현 누구도 예측 못한 기가막힌 판짜기로 4경기 승리한 선수는?",2019-03-17T10:45:34Z,1075.0,False,1373,14.0,2.0
633,UCpsVKbvnRCfymWY12pg8N-A,박성균TV [균튜브],689j7IJ2cBU,【박성균】 내 마음을 꿰뚫어 보는 심리테스트가 있다고? 제가 한번 테스트 해보겠습니다!,2019-04-03T15:20:32Z,278.0,False,3253,84.0,11.0
633,UCpsVKbvnRCfymWY12pg8N-A,박성균TV [균튜브],F0vV8KnucjI,【박성균】신병 왔습니다! 훈련 연습 중 명사수 기질이?!,2019-04-09T08:05:07Z,417.0,False,2113,48.0,13.0
633,UCpsVKbvnRCfymWY12pg8N-A,박성균TV [균튜브],aiHCvyoBA7w,【박성균】 그동안 너무 감사했습니다. 좀 긴 휴방이 될 거 같네요...,2019-04-21T10:00:05Z,310.0,False,34423,289.0,33.0
633,UCpsVKbvnRCfymWY12pg8N-A,박성균TV [균튜브],jsM9iL5Pz4A,【박성균】 엄청난 물량! 빠른 속도! 미친듯한 러시! 프로토스 종족으로 32배속 컴퓨터 깨부수기!,2019-04-28T13:14:38Z,452.0,False,3336,60.0,12.0
633,UCpsVKbvnRCfymWY12pg8N-A,박성균TV [균튜브],mKhAb0oR9d8,【박성균】 프로의 손캠 대공개!! 경기중 키보드 위에선 무슨 일이...?,2019-04-30T14:27:48Z,2364.0,False,10703,73.0,17.0
633,UCpsVKbvnRCfymWY12pg8N-A,박성균TV [균튜브],pKazwTYLHGo,"【박성균】 『프로의 손캠 ver.2』 ""난폭하고 공격적인 폭군과 날카롭고 매서운 독사의 치열한 승부!!""",2019-05-03T05:00:09Z,1126.0,False,1832,51.0,10.0
633,UCpsVKbvnRCfymWY12pg8N-A,박성균TV [균튜브],XlVDWKU_qEE,【박성균】 『스팀 명작 게임』 1차 세계 대전을 배경으로 한 발리언트 하츠 하이라이트 에밀편,2019-05-11T10:15:17Z,781.0,False,1439,27.0,3.0
633,UCpsVKbvnRCfymWY12pg8N-A,박성균TV [균튜브],VaVkcCpIHYI,【박성균】 『발리언트 하츠』 복수심에 불타오른 한 흑인 용병의 이야기 발리언트 하츠 하이라이트 프레디편,2019-05-13T06:12:58Z,677.0,False,800,17.0,2.0
633,UCpsVKbvnRCfymWY12pg8N-A,박성균TV [균튜브],B3KfGZkum0M,【박성균】 스타 유즈맵 컴퓨터 흉내내는 사람을 찾아라! 네 남자의 속고 속이는 샤킹이 난무하는 유즈맵 대잔치!,2019-05-16T13:00:33Z,1088.0,False,9975,109.0,12.0
633,UCpsVKbvnRCfymWY12pg8N-A,박성균TV [균튜브],JykIpsXHfZw,"【박성균】 『리스폰 경기』 ""돌아온 총사령관 송병구의 아비터 캐리어를 대처하는 독사의 극한 컨트롤!""",2019-05-19T06:14:02Z,1783.0,False,1992,34.0,6.0
633,UCpsVKbvnRCfymWY12pg8N-A,박성균TV [균튜브],j3vz8lTh0Nw,"【박성균】『박성균 vs 김명운 스폰 경기』 ""순간의 판단 미스, 불리했던 경기를 뒤집어엎은 신의 한 수!""",2019-05-21T11:04:27Z,2214.0,False,1932,35.0,7.0
633,UCpsVKbvnRCfymWY12pg8N-A,박성균TV [균튜브],3FfkclXbkNI,【박성균】 고수들끼리 주고 받는 아케이드 신경전!,2019-05-23T07:37:20Z,271.0,False,4288,55.0,12.0
633,UCpsVKbvnRCfymWY12pg8N-A,박성균TV [균튜브],IHGQRl7tWt8,【박성균】 무결점의 총사령관 송병구를 질색하게 만들어버린 독한 독사식 플레이!,2019-05-23T07:39:00Z,4622.0,False,3957,45.0,6.0
633,UCpsVKbvnRCfymWY12pg8N-A,박성균TV [균튜브],c9gb0Iu1Rr0,김윤환 약올리기 1티어,2023-03-21T06:36:33Z,1484.0,False,9009,126.0,25.0
633,UCpsVKbvnRCfymWY12pg8N-A,박성균TV [균튜브],2_iJb4OXCCY,아니 3년만에 ASL인데 패자전 상대가 우승후보 짭제라고?,2023-03-26T18:54:05Z,538.0,False,5640,59.0,5.0
633,UCpsVKbvnRCfymWY12pg8N-A,박성균TV [균튜브],3Z6C6clmVh4,지옥의 조 최종전. 벼랑 끝에서 올라온 박성균은 과연..?,2023-03-27T17:32:26Z,532.0,False,1237,20.0,2.0
633,UCpsVKbvnRCfymWY12pg8N-A,박성균TV [균튜브],h8sfDDZmb0k,16강 첫 판부터 쉽지 않다..ELO랭킹 1위 김택용을 만난 성균.,2023-03-30T14:55:49Z,539.0,False,5237,49.0,12.0
633,UCpsVKbvnRCfymWY12pg8N-A,박성균TV [균튜브],iiyCF1hpLNw,1분 40초만에 지고 빡돌아버린 박성균ㄷㄷ 이거 못 막습니다,2023-03-31T13:46:07Z,536.0,False,1624,22.0,2.0
633,UCpsVKbvnRCfymWY12pg8N-A,박성균TV [균튜브],HnuOi20UxPA,"8강 공무원 박성균, 4년만에 복귀했습니다 🙂 16강 D조 1위 진출!",2023-03-31T17:17:00Z,538.0,False,7442,77.0,15.0
633,UCpsVKbvnRCfymWY12pg8N-A,박성균TV [균튜브],yFtHcu6sExo,박성균 ASL 8강 진출⭐️ 비제이들 반응 모음,2023-04-01T20:33:38Z,615.0,False,47550,414.0,57.0
633,UCpsVKbvnRCfymWY12pg8N-A,박성균TV [균튜브],zQE4ztqeCqQ,"프로리그 같은팀에 이번 8강 상대가 있다. 빈틈을 보이면 끝이야!  [프로리그 디코 하이라이트ㅣ박성균, 김명운, 장윤철, 변현제, 김지성]",2023-04-05T11:04:16Z,270.0,False,2877,47.0,16.0
633,UCpsVKbvnRCfymWY12pg8N-A,박성균TV [균튜브],tcx4xP4RXNA,전혀 예상 못한 강력한 쇼부 빌드를 준비한 상대 [ASL15 8강 박성균vs김명운 2경기],2023-04-05T17:54:50Z,512.0,False,5605,37.0,8.0
633,UCpsVKbvnRCfymWY12pg8N-A,박성균TV [균튜브],BwPePakJ1fE,대회 경기 중 임요환으로 빙의한 박성균? [ASL15 8강 박성균VS김명운 3경기],2023-04-06T16:45:06Z,508.0,False,1116,29.0,5.0
633,UCpsVKbvnRCfymWY12pg8N-A,박성균TV [균튜브],ijaVZMO7mR0,도재욱 만나러 갑니다. 박성균 ASL 첫 4강 진출! [ASL15 8강 박성균VS김명운 5세트],2023-04-07T07:32:19Z,533.0,False,4537,67.0,16.0
633,UCpsVKbvnRCfymWY12pg8N-A,박성균TV [균튜브],FQBwqCn-RzA,박성균 ASL 4강 진출🌙 비제이들 반응 모음,2023-04-08T21:44:25Z,867.0,False,45203,491.0,92.0
633,UCpsVKbvnRCfymWY12pg8N-A,박성균TV [균튜브],Ir_l6WgAgqE,미친입담을 가진 세명이 해설을 위해 뭉쳤다.ㅣ매암균ㅣ [ASL15 8강 정영재VS김민철 1경기],2023-04-11T17:47:01Z,527.0,False,8141,83.0,7.0
633,UCpsVKbvnRCfymWY12pg8N-A,박성균TV [균튜브],QXTKiTrE_Sc,세 사람을 놀라게 한 미친 경기력ㅣ매암균ㅣ[ASL15 8강 정영재VS김민철 2경기],2023-04-12T07:27:21Z,523.0,False,3530,25.0,9.0
633,UCpsVKbvnRCfymWY12pg8N-A,박성균TV [균튜브],F2WzzxTFbiM,벙커러쉬 하나로 20분을 싸우는 세 남자ㅣ매암균ㅣ[ASL15 8강 정영재VS김민철 3경기],2023-04-12T15:45:41Z,532.0,False,7904,57.0,8.0
633,UCpsVKbvnRCfymWY12pg8N-A,박성균TV [균튜브],GdcwsV3vexI,김윤환 담당일진 박성균과 김정우ㅣ매암균ㅣ[ASL15 8강 정영재VS김민철 4경기],2023-04-13T16:15:35Z,537.0,False,4703,43.0,24.0
633,UCpsVKbvnRCfymWY12pg8N-A,박성균TV [균튜브],AZIeblFHnCw,마지막 경기에서 나온 미친 레이스컨트롤ㅣ매암균ㅣ[ASL15 8강 정영재VS김민철 5경기],2023-04-14T13:50:40Z,536.0,False,6859,50.0,19.0
633,UCpsVKbvnRCfymWY12pg8N-A,박성균TV [균튜브],FaGIlhU95X8,박성균 ASL 결승 진출🔥 비제이들 반응 모음,2023-04-20T18:38:05Z,825.0,False,66406,547.0,140.0
633,UCpsVKbvnRCfymWY12pg8N-A,박성균TV [균튜브],UqeSTKdT-GE,괴수 도재욱을 이겨내야하는 박성균 [ASL15 4강 박성균VS도재욱 1경기],2023-04-22T09:24:37Z,535.0,False,3089,33.0,16.0
633,UCpsVKbvnRCfymWY12pg8N-A,박성균TV [균튜브],LfQskbuQMbU,되는 날이다! 뭘 해도 되는 그런 날 [ASL15 4강 박성균VS도재욱 2경기],2023-04-22T11:38:52Z,538.0,False,1387,26.0,6.0
633,UCpsVKbvnRCfymWY12pg8N-A,박성균TV [균튜브],DRuqcyDuAxI,등골이 오싹해지는 박성균의 벌처플레이 [ASL15 4강 박성균VS도재욱 4경기],2023-04-22T16:08:59Z,540.0,False,1453,24.0,3.0
633,UCpsVKbvnRCfymWY12pg8N-A,박성균TV [균튜브],xRBL6kYzWMY,도재욱을 잡고 8년만에 결승 진출! [ASL15 4강 박성균VS도재욱 6경기 & 승자인터뷰],2023-04-22T17:54:31Z,535.0,False,3707,45.0,6.0
633,UCpsVKbvnRCfymWY12pg8N-A,박성균TV [균튜브],HX7VTQnjp2A,"게임과 디코 둘 다 잡은 올타임 레전드 조합 [프로리그 디코 하이라이트ㅣ박성균, 이제동, 김명운, 김민철]",2023-04-24T21:02:47Z,2474.0,False,16965,187.0,40.0
633,UCpsVKbvnRCfymWY12pg8N-A,박성균TV [균튜브],puQMtyEPAME,한마디도 안지는 성균과 결국 삐져버린 제동ㅋㅋ,2023-05-01T19:52:21Z,60.0,True,55582,434.0,50.0
633,UCpsVKbvnRCfymWY12pg8N-A,박성균TV [균튜브],mnCmzXyVD2o,월간 균피셜 5월호,2023-05-04T16:26:39Z,919.0,False,4140,85.0,13.0
633,UCpsVKbvnRCfymWY12pg8N-A,박성균TV [균튜브],qzVyv9xuai8,저그유저들이 보면 안되는 영상,2023-05-24T15:49:49Z,59.0,True,8210,45.0,10.0
633,UCpsVKbvnRCfymWY12pg8N-A,박성균TV [균튜브],moJPeNV6u78,"리얼 역대급 꿀잼보장 [프로리그 디코 하이라이트ㅣ박성균, 김윤환, 김윤중, 정윤종, 신상문ㅣJ리그]",2023-05-28T08:42:00Z,6371.0,False,6290,84.0,29.0
633,UCpsVKbvnRCfymWY12pg8N-A,박성균TV [균튜브],ZTm2mOXHiGs,박성균 ESC,2023-05-29T16:53:16Z,17.0,True,5576,35.0,9.0
633,UCpsVKbvnRCfymWY12pg8N-A,박성균TV [균튜브],rkoZr0C6Amk,박성균 배럭 취소 비제이 반응 모음.mp4,2023-06-01T17:57:04Z,106.0,False,7262,70.0,7.0
633,UCpsVKbvnRCfymWY12pg8N-A,박성균TV [균튜브],rDMIIhjhU0Q,"하루종일 범인만 찾는 팀 [프로리그 디코 하이라이트ㅣ박성균, 김윤환, 김정우, 황병영]",2023-06-02T01:00:16Z,4182.0,False,3774,44.0,5.0
633,UCpsVKbvnRCfymWY12pg8N-A,박성균TV [균튜브],_8hrKl4C4ao,분내에 취해있는 김민철을 찾아간 박성균,2023-06-06T03:00:22Z,782.0,False,3246,38.0,3.0
633,UCpsVKbvnRCfymWY12pg8N-A,박성균TV [균튜브],eIQyK0WNHDY,완벽한 경기력에 노잼테란이 되어버린 박성균 (부제:노잼이 노잼에게),2023-06-07T08:00:14Z,808.0,False,1825,29.0,1.0
633,UCpsVKbvnRCfymWY12pg8N-A,박성균TV [균튜브],WpJsvQyA2iE,박성균한테 맞고있는 김윤환을 구하러 온 김정우,2023-06-08T02:00:12Z,1337.0,False,4362,67.0,7.0
633,UCpsVKbvnRCfymWY12pg8N-A,박성균TV [균튜브],c_HOUnoH-7c,월간 균피셜 6월호,2023-06-10T02:00:20Z,673.0,False,4584,72.0,14.0
633,UCpsVKbvnRCfymWY12pg8N-A,박성균TV [균튜브],npbeZgEa-wA,맞다가 열받아서 눈 돌아버린 쌈닭 박성균ㅋㅋㅋ,2023-06-11T02:00:30Z,2247.0,False,3845,45.0,2.0
634,UChrlJN8iPna8uu3wqEnQ86w,reeyoung33,3Zg6yMPf_YY,(광고) 동원 롤링 크랩스 드레싱 소스 듬뿍 올린 샐러드 즐기기,2023-06-22T05:42:27Z,61.0,False,604,72.0,0.0
634,UChrlJN8iPna8uu3wqEnQ86w,reeyoung33,8eqT2CMybVw,감자요리 포테이머랭 포테이토머랭 말랑말랑부드러운 감자머랭,2023-07-09T02:20:14Z,29.0,True,331,3.0,0.0
634,UChrlJN8iPna8uu3wqEnQ86w,reeyoung33,uLR-gJCc_zw,부드러운 감자팬케잌 치즈한가득 감자팬케이크,2023-07-09T02:32:04Z,30.0,True,981,7.0,0.0
634,UChrlJN8iPna8uu3wqEnQ86w,reeyoung33,NVKsRWU29ls,구미행사전문식당 오리백숙 맛있는 토속정_서각가 황장원님 운강 갤러리 개전날,2023-12-21T10:50:55Z,118.0,False,866,451.0,0.0
634,UChrlJN8iPna8uu3wqEnQ86w,reeyoung33,dpROs5kyfqI,[광고] 묵은지에 참치 싸봤더니 반응 실화냐? #동원맛참 #동원참치 #묵은지참치말이,2025-07-15T05:40:25Z,40.0,True,2335,5.0,0.0
634,UChrlJN8iPna8uu3wqEnQ86w,reeyoung33,tAOfaXl4kos,전주 한옥마을 맛집 양식당 데이트맛집으로 딱,2025-07-16T07:21:34Z,43.0,True,2417,3.0,0.0
634,UChrlJN8iPna8uu3wqEnQ86w,reeyoung33,T5N2BRCYYng,Z폴드7 사전예약 후 드디어 만남! Z폴드7 언박싱,2025-07-22T02:51:39Z,14.0,True,6845,18.0,3.0
634,UChrlJN8iPna8uu3wqEnQ86w,reeyoung33,51ADR7k3tKs,군산세차장 세차의고수PRO 동군산점 노터치 초고수압세차,2025-07-22T09:36:26Z,69.0,False,2869,6.0,0.0
634,UChrlJN8iPna8uu3wqEnQ86w,reeyoung33,PqmlrCmy6pw,[광고 ] 냄새 걱정 없이 생선구이 완성? 동원몰 순살 생선 SET,2025-07-23T04:17:14Z,52.0,True,438,1.0,0.0
634,UChrlJN8iPna8uu3wqEnQ86w,reeyoung33,wSTA8ZsAafU,[광고] 동원몰 양반 즉석탕 [갈비탕·육개장·지리탕] 중탕으로 5분! 진짜 집밥 같은 냉동국!,2025-07-24T03:17:41Z,57.0,True,528,1.0,0.0
634,UChrlJN8iPna8uu3wqEnQ86w,reeyoung33,AW2VDHr9aHo,전주 신시가지 속눈썹 & 네일 쏠즈 효자동 뷰티샵 정말꼼꼼해요!,2025-07-25T06:38:21Z,33.0,True,386,0.0,0.0
634,UChrlJN8iPna8uu3wqEnQ86w,reeyoung33,6shGZrBqC6Q,여름철보양식 닭볶음탕 날더울땐 베란다요리 다둥이네 저녁반찬 대량생산하는법,2025-08-07T01:43:38Z,12.0,True,1895,1.0,0.0
634,UChrlJN8iPna8uu3wqEnQ86w,reeyoung33,e_a7KqPn9O4,슬러시소주 만들기 맛있게 술먹는법 퇴근후 힐링중,2025-08-07T11:25:06Z,16.0,True,3040,4.0,1.0
634,UChrlJN8iPna8uu3wqEnQ86w,reeyoung33,wLCs9FiXWWo,[광고] 🔥동원몰 18주년 메가세일! 특가+쿠폰+적립금까지?!🎁,2025-08-18T07:00:02Z,40.0,True,346,0.0,0.0
634,UChrlJN8iPna8uu3wqEnQ86w,reeyoung33,kyuDd8Pt-vQ,[광고] 전자레인지로 5분 완성! 동원 양반 냉동 볶음밥 3종 솔직 리뷰🍽️,2025-08-27T05:45:34Z,55.0,True,2375,2.0,0.0
634,UChrlJN8iPna8uu3wqEnQ86w,reeyoung33,-c7wOW3V3nI,[광고] 간식 걱정 끝! 동원 부산어묵 진 물떡꼬치 솔직 후기 #간편간식,2025-09-02T07:07:56Z,35.0,True,4201,2.0,0.0
634,UChrlJN8iPna8uu3wqEnQ86w,reeyoung33,US_06tbV98k,스트레스 풀리는 매운맛! 국물닭발 만들기🔥,2025-09-04T09:44:30Z,42.0,True,1374,2.0,0.0
634,UChrlJN8iPna8uu3wqEnQ86w,reeyoung33,Ypo7gTtkN3k,워킹맘의 현실 반찬 출근 전에 불맛 제육볶음 완성!,2025-09-08T09:09:18Z,29.0,True,2112,4.0,1.0
634,UChrlJN8iPna8uu3wqEnQ86w,reeyoung33,pCYNWQXl7BQ,[광고] 동원 추석선물세트 사전예약 혜택 총정리! 실속 듬뿍 세트 추천🎁,2025-09-10T06:20:39Z,50.0,True,380,4.0,0.0
634,UChrlJN8iPna8uu3wqEnQ86w,reeyoung33,wrfJD2wx1Js,[광고]기름기 쏙! 담백한 단백질 간식 등장🔥 #동원어단백,2025-09-26T07:06:57Z,52.0,True,292,0.0,0.0
634,UChrlJN8iPna8uu3wqEnQ86w,reeyoung33,SaFcOWUo2H4,[광고] 리챔 하나로 주먹밥 끝! 저염 레시피로 건강까지 🍱✨,2025-09-29T05:30:05Z,53.0,True,1717,2.0,0.0
634,UChrlJN8iPna8uu3wqEnQ86w,reeyoung33,EnoUPJQvAP8,[광고] 요즘 반찬 고민 끝! 새우 듬뿍💛 동원 양반 새우부추완자 솔직 후기🦐🍳,2025-10-21T03:27:59Z,49.0,True,60,0.0,0.0
634,UChrlJN8iPna8uu3wqEnQ86w,reeyoung33,vToGtRLWkBg,[광고] 🥢 동원몰 김장투어 신청법부터 혜택까지 완벽 정리!,2025-10-24T04:45:22Z,46.0,True,103,0.0,0.0
634,UChrlJN8iPna8uu3wqEnQ86w,reeyoung33,j1CWJlJtKt0,[광고] 이건 진짜 바삭함 끝판왕! 더블크런치 치킨 3종 솔직 리뷰👩‍🍳,2025-10-30T09:03:06Z,60.0,True,756,0.0,0.0
634,UChrlJN8iPna8uu3wqEnQ86w,reeyoung33,quh4PqOGrTs,실비김치 실비파김치 여행가서 먹으면 더 꿀맛,2025-11-05T09:42:00Z,59.0,True,2203,5.0,0.0
634,UChrlJN8iPna8uu3wqEnQ86w,reeyoung33,kZcSiaRz-9k,[광고] 동원 덴마크 하이그릭 프로즌요거트 먹어본 40대 주부의 진짜 후기💙,2025-11-13T04:28:47Z,52.0,True,232,1.0,0.0
634,UChrlJN8iPna8uu3wqEnQ86w,reeyoung33,kNC_ZyeizNY,전주 속눈썹연장 쏠즈 효자동뷰티샵네일에서 led 속눈썹연장 했죠!,2025-11-14T10:10:09Z,28.0,True,274,1.0,0.0
634,UChrlJN8iPna8uu3wqEnQ86w,reeyoung33,j0MIaqnMNdw,[광고] 40대 피부 리셋 루틴✨ GNC 콜라겐·글루타치온 + 천지인 침향환 리얼후기,2025-11-27T03:02:38Z,60.0,True,445,2.0,0.0
634,UChrlJN8iPna8uu3wqEnQ86w,reeyoung33,4DlXvdX6e0I,[광고]집이 딤섬 맛집 되는 순간🥟 동원몰 1등 딤섬 4종 솔직 리뷰,2025-11-28T04:28:28Z,60.0,True,403,1.0,0.0
634,UChrlJN8iPna8uu3wqEnQ86w,reeyoung33,Lmy80WuWT3U,[광고] 이 맛 실화? 당도 폭발 🍅 장수 토마토몬스터 먹어봤습니다!,2025-12-02T02:44:09Z,34.0,True,1435,1.0,0.0
634,UChrlJN8iPna8uu3wqEnQ86w,reeyoung33,b1jjdog8ot4,태안 아멜리아 풀빌라 현실 리뷰 청포대해수욕장 도보 5분 힐링 여행,2025-12-10T05:05:49Z,52.0,True,538,2.0,0.0
634,UChrlJN8iPna8uu3wqEnQ86w,reeyoung33,Lmbu3XEzbUc,"통영생굴·수육에 복분자막걸리, 연말 모임 딱 좋은 술집 주도락 전주혁신🍶",2025-12-12T21:47:50Z,45.0,True,1047,3.0,0.0
634,UChrlJN8iPna8uu3wqEnQ86w,reeyoung33,zggJdv2CNxA,[광고] 탱글하고 쫄깃한 우리쌀100%떡볶이 동원몰에서 만나요,2025-12-14T10:09:25Z,55.0,True,371,0.0,0.0
634,UChrlJN8iPna8uu3wqEnQ86w,reeyoung33,qyAyf9ZhNFM,탱글하고 매꼼한 쭈꾸미와 삼겹살이 맛있는 국대쭈꾸미,2025-12-15T03:35:24Z,45.0,True,245,1.0,0.0
634,UChrlJN8iPna8uu3wqEnQ86w,reeyoung33,bmmIVA7DXQo,다산 해장 맛집 황뚝 황태뚝배기칼국수 수제만두까지 꿀맛!!,2025-12-24T02:35:30Z,50.0,True,1669,3.0,0.0
634,UChrlJN8iPna8uu3wqEnQ86w,reeyoung33,BEg_Wr6RW7I,[광고] 동원몰 연말결산 고객감사제｜앱테크로 장바구니 할인받기,2025-12-26T09:44:57Z,51.0,True,484,0.0,0.0
634,UChrlJN8iPna8uu3wqEnQ86w,reeyoung33,G7tqubFW8Bk,[광고] 아이들 방학간식 끝판왕｜동원 더블크런치 순살치킨 신제품 2종,2026-01-01T04:05:07Z,43.0,True,409,4.0,0.0
634,UChrlJN8iPna8uu3wqEnQ86w,reeyoung33,rVYSdAo0VoI,[광고] 동원 선물세트 사전예약 오픈! 혜택 좋을 때 미리 준비한 명절 선물,2026-01-16T06:24:15Z,38.0,True,1198,0.0,0.0
634,UChrlJN8iPna8uu3wqEnQ86w,reeyoung33,6J65MRTdNDM,[광고] 집밥·간편요리 필수템｜양반 떡국떡·떡볶이떡 활용 후기,2026-01-17T03:08:41Z,44.0,True,537,0.0,0.0
634,UChrlJN8iPna8uu3wqEnQ86w,reeyoung33,7IPrlM7bsA0,동원참치X진 콜라보 시즌2｜캔꾸하고 김치볶음밥까지 🍚,2026-02-05T08:34:28Z,43.0,True,389,0.0,0.0
634,UChrlJN8iPna8uu3wqEnQ86w,reeyoung33,94AS9gNfyi4,"[광고] 명절 준비, 동원 양반 완자로 이렇게 편해질 수 있어요",2026-02-11T06:41:32Z,41.0,True,1315,1.0,0.0
634,UChrlJN8iPna8uu3wqEnQ86w,reeyoung33,UnEEIHzbVj4,자쿠지·복층·야경까지 최고! 서산 리숨 풀빌라,2026-02-25T10:39:02Z,38.0,True,321,4.0,1.0
634,UChrlJN8iPna8uu3wqEnQ86w,reeyoung33,38LYISzNp0s,[광고] 동원몰 메가적립페스타🔥 적립금 10% 이건 못 참지,2026-02-28T04:26:22Z,25.0,True,316,0.0,0.0
634,UChrlJN8iPna8uu3wqEnQ86w,reeyoung33,5AP8t8yQSR0,[광고] 동원 보성홍차 아이스티로 하이볼 만들기,2026-03-07T08:10:33Z,30.0,True,412,1.0,0.0
634,UChrlJN8iPna8uu3wqEnQ86w,reeyoung33,xxhVHm3CQ1o,[광고] 동원몰 참치데이 기념! 불참치 라자냐 만들기,2026-03-12T05:51:48Z,48.0,True,318,0.0,0.0
634,UChrlJN8iPna8uu3wqEnQ86w,reeyoung33,DCanoJNc-_g,[광고] 관자 식감 미쳤다… 동원몰 리얼 관자 크랩스,2026-03-12T06:43:48Z,35.0,True,1706,4.0,0.0
634,UChrlJN8iPna8uu3wqEnQ86w,reeyoung33,pJeT59FoTaI,[광고] 쌀과 물만 담은 진짜 집밥🍚동원 양반 100밥으로 완성한 건강한 한 끼,2026-03-31T09:26:51Z,51.0,True,221,0.0,0.0
634,UChrlJN8iPna8uu3wqEnQ86w,reeyoung33,5TG1nt-wK-8,[광고] 동원몰 4월 행사 미쳤다🎉 매일 지원금+특가 득템,2026-04-13T10:18:01Z,35.0,True,2183,1.0,0.0
634,UChrlJN8iPna8uu3wqEnQ86w,reeyoung33,VFXO58jUQuM,"[광고] 전자레인지 3분, 솥밥집 퀄리티🍚 양반 솥밥 3종 후기",2026-04-16T08:23:14Z,46.0,True,542,1.0,0.0
634,UChrlJN8iPna8uu3wqEnQ86w,reeyoung33,CuP9ZZaWIiQ,[광고] 아이 반찬 고민 끝✨ 동원 제주마늘 살코기햄으로 간단 집밥 만들기,2026-05-12T15:14:02Z,46.0,True,511,1.0,0.0
635,UCrUfVaJxF-akxieEL5kQuIQ,TV,_pCU35SxbGI,5분만에 명언 컨텐츠 만드는법,2014-12-12T14:04:15Z,408.0,False,2640,19.0,2.0
635,UCrUfVaJxF-akxieEL5kQuIQ,TV,b7kCoeIJnZ8,대기업 vs 디지털노마드,2017-01-05T16:04:35Z,40.0,True,3773,8.0,0.0
635,UCrUfVaJxF-akxieEL5kQuIQ,TV,idLwbNozCfc,디지털노마드를 위한 유튜브 특강,2017-01-31T04:22:30Z,3375.0,False,3427,30.0,0.0
635,UCrUfVaJxF-akxieEL5kQuIQ,TV,5g4aEZx3HRo,디지털노마드를 위한 메일침프 마케팅 특강,2017-01-31T04:29:04Z,4262.0,False,2758,9.0,0.0
635,UCrUfVaJxF-akxieEL5kQuIQ,TV,tj8lnaV-iDQ,디지털노마드를 위한 페이스북 광고 만들기 특강,2017-01-31T19:39:34Z,1582.0,False,26888,148.0,16.0
635,UCrUfVaJxF-akxieEL5kQuIQ,TV,b84EzTjvdZI,돈의언어 수익다각화 세미나 무료강의,2017-02-24T02:50:10Z,12802.0,False,5298,27.0,0.0
635,UCrUfVaJxF-akxieEL5kQuIQ,TV,LEQdXWy2stw,디지털노마드를 위한 수익다각화 로드맵,2017-03-08T06:17:26Z,3408.0,False,8178,39.0,0.0
635,UCrUfVaJxF-akxieEL5kQuIQ,TV,bWRpMFEdccs,월4000달러 수익의 태국 디지털노마드 인터뷰,2017-09-19T15:45:18Z,188.0,False,1339,5.0,1.0
635,UCrUfVaJxF-akxieEL5kQuIQ,TV,9SXa7wMwRaY,디지털노마드TV가 새롭게시작합니다,2017-11-06T14:13:14Z,14.0,True,542,4.0,1.0
635,UCrUfVaJxF-akxieEL5kQuIQ,TV,OuagQ2Y6Bxk,좋아하는일을 하며 살 수 있는 방법!,2018-04-08T02:02:57Z,100.0,False,2771,20.0,0.0
635,UCrUfVaJxF-akxieEL5kQuIQ,TV,SP4xmAM6cZM,25만명의 인생을 바꾼 돈다루는 3가지방법,2018-05-08T10:11:00Z,404.0,False,25303,602.0,7.0
635,UCrUfVaJxF-akxieEL5kQuIQ,TV,pwjZrgdJ-JQ,디지털노마드 가 되는방법 (직업 알아보기),2018-06-09T03:53:02Z,218.0,False,5172,75.0,1.0
635,UCrUfVaJxF-akxieEL5kQuIQ,TV,xLhJIzw87T4,디지털노마드 가이드라인 | 디지털노마드TV,2018-09-23T05:26:53Z,3279.0,False,4097,47.0,1.0
635,UCrUfVaJxF-akxieEL5kQuIQ,TV,sjTIl9VSA7Q,난독증의 알바생에서 월 1500만원을  벌게 된 비결 | 디지털노마드TV,2018-12-09T13:11:29Z,489.0,False,9127,128.0,36.0
635,UCrUfVaJxF-akxieEL5kQuIQ,TV,Q1hxFl4fz1o,300만원 이상의 디노이벤트! 제2회 그로스해킹대회 - 디지털노마드TV,2018-12-12T16:02:30Z,44.0,True,878,34.0,87.0
635,UCrUfVaJxF-akxieEL5kQuIQ,TV,XTCIxUsT9fA,4차산업혁명 시대 마케팅 제대로 알기 - 디지털노마드tv,2018-12-15T02:26:52Z,247.0,False,2319,166.0,158.0
635,UCrUfVaJxF-akxieEL5kQuIQ,TV,xeKrm_EiX_E,나는 어떤 일을 할까 고민 중이라면 | 최성준 대표 (제휴마케팅 위사),2019-02-03T17:38:55Z,383.0,False,6982,65.0,11.0
635,UCrUfVaJxF-akxieEL5kQuIQ,TV,tJLbPtgz6lY,여행하며 월1000만원 벌게된 방법 ㅣ 디지털노마드,2019-07-09T04:42:46Z,612.0,False,2596,38.0,6.0
635,UCrUfVaJxF-akxieEL5kQuIQ,TV,dYJGDAwFByY,"월순수익 250이상, 주부부업 인터뷰 l 디노tv",2019-08-16T03:39:05Z,523.0,False,1813,30.0,4.0
636,UCI9nkMcjpoKieDJb-aCU2Qw,LOTTEChemical Official,aDSlDEV1yCw,"[롯데케미칼] 글로벌 케미스토리 동남아편 (15"")",2018-08-01T03:34:29Z,16.0,True,5906,54.0,2.0
636,UCI9nkMcjpoKieDJb-aCU2Qw,LOTTEChemical Official,z0PZGCjt4Ok,[롯데케미칼] 글로벌 케미스토리 미국편 (15”),2018-10-01T06:35:31Z,16.0,True,3378,12.0,0.0
636,UCI9nkMcjpoKieDJb-aCU2Qw,LOTTEChemical Official,eXoSkIpZB48,[롯데케미칼] 글로벌 케미스토리 미국편 (30”),2018-10-01T06:38:27Z,31.0,True,14888,72.0,3.0
636,UCI9nkMcjpoKieDJb-aCU2Qw,LOTTEChemical Official,oMb4ubZWlz4,[롯데케미칼] NO MATTER ♬ - EP.8,2018-10-01T06:53:38Z,6.0,True,7562,16.0,0.0
636,UCI9nkMcjpoKieDJb-aCU2Qw,LOTTEChemical Official,kOBjfNUUHhY,[롯데케미칼] NO MATTER ♬ - EP.7,2018-10-01T06:54:00Z,6.0,True,6245,11.0,0.0
636,UCI9nkMcjpoKieDJb-aCU2Qw,LOTTEChemical Official,s-_LRXrmBME,[롯데케미칼] NO MATTER ♬ - EP.6,2018-10-01T06:54:16Z,6.0,True,6924,15.0,1.0
636,UCI9nkMcjpoKieDJb-aCU2Qw,LOTTEChemical Official,SBU2V-D9OlA,[롯데케미칼] NO MATTER ♬ - EP.5,2018-10-01T06:54:34Z,6.0,True,6740,16.0,0.0
636,UCI9nkMcjpoKieDJb-aCU2Qw,LOTTEChemical Official,5ndsIn3tE4M,[롯데케미칼] NO MATTER ♬ - EP.4,2018-10-01T06:54:51Z,6.0,True,7220,11.0,0.0
636,UCI9nkMcjpoKieDJb-aCU2Qw,LOTTEChemical Official,IwHhObeAnYU,[롯데케미칼] NO MATTER ♬ - EP.3,2018-10-01T06:55:17Z,6.0,True,8421,20.0,0.0
636,UCI9nkMcjpoKieDJb-aCU2Qw,LOTTEChemical Official,xtNgp6Iss5U,[롯데케미칼] NO MATTER ♬ - EP.1,2018-10-01T06:55:36Z,6.0,True,6613,14.0,1.0
636,UCI9nkMcjpoKieDJb-aCU2Qw,LOTTEChemical Official,-2DYP7RrutE,[롯데케미칼] NO MATTER – 에코편 (30초),2018-10-01T06:56:07Z,31.0,True,3209578,99.0,6.0
636,UCI9nkMcjpoKieDJb-aCU2Qw,LOTTEChemical Official,NwXixTuOvO8,[롯데케미칼] NO MATTER ♬ - EP.2,2018-10-01T06:56:41Z,6.0,True,8673,24.0,0.0
636,UCI9nkMcjpoKieDJb-aCU2Qw,LOTTEChemical Official,W_s-WHLFreE,[롯데케미칼] Global Frontier B2B홍보영상 (남자성우ver.),2018-11-28T05:05:46Z,241.0,False,8480,48.0,1.0
636,UCI9nkMcjpoKieDJb-aCU2Qw,LOTTEChemical Official,LPTjAyxcuIo,[롯데케미칼] Global Frontier B2B홍보영상 (여자성우ver.),2018-11-28T05:08:47Z,241.0,False,5576,38.0,1.0
636,UCI9nkMcjpoKieDJb-aCU2Qw,LOTTEChemical Official,VkhZnoFCs94,[LOTTEChemical] Global Frontier B2B Brand Film (Eng ver.),2018-12-28T03:54:41Z,242.0,False,4695,30.0,1.0
636,UCI9nkMcjpoKieDJb-aCU2Qw,LOTTEChemical Official,fR9gzJiuRdc,[롯데케미칼] 글로벌 케미스토리 대한민국편 (15”),2018-12-28T04:45:38Z,16.0,True,3445,11.0,0.0
636,UCI9nkMcjpoKieDJb-aCU2Qw,LOTTEChemical Official,W0dxslTaJ4U,[롯데케미칼] 글로벌 케미스토리 대한민국편 (30”),2018-12-28T04:51:07Z,31.0,True,8236,37.0,3.0
636,UCI9nkMcjpoKieDJb-aCU2Qw,LOTTEChemical Official,ZFuY5461qC0,[LOTTEChemical] Global Frontier B2B Brand Film (Chinese ver.),2019-01-03T09:26:40Z,242.0,False,2091,9.0,1.0
636,UCI9nkMcjpoKieDJb-aCU2Qw,LOTTEChemical Official,FDAjpPd0meE,[롯데케미칼] 글로벌 케미스토리 대한민국편 (45”),2019-01-03T10:00:32Z,46.0,True,15226,64.0,6.0
636,UCI9nkMcjpoKieDJb-aCU2Qw,LOTTEChemical Official,qlDc6EmL3qo,롯데월드타워 앞에 등장한 거대한 상자의 비밀?!,2019-03-18T06:32:59Z,207.0,False,1944,13.0,2.0
636,UCI9nkMcjpoKieDJb-aCU2Qw,LOTTEChemical Official,OKzHiUcw1J0,"[롯데 대국민 공모전] LOTTE WITH U 챌린지, 당신의 추억이 롯데그룹의 광고가 된다!",2019-06-28T06:45:28Z,31.0,True,2172,5.0,1.0
636,UCI9nkMcjpoKieDJb-aCU2Qw,LOTTEChemical Official,jXPy5lpQZd0,[롯데케미칼] 생각을 화학하다 미래로 나아간다 런칭 편 (15”),2019-08-09T05:37:23Z,16.0,True,5474,46.0,9.0
636,UCI9nkMcjpoKieDJb-aCU2Qw,LOTTEChemical Official,dHGZ4Ceqp58,"[롯데케미칼] 생각을 화학하다 미래로 나아간다 런칭 편 (30"")",2019-08-09T05:40:32Z,31.0,True,11877,114.0,53.0
636,UCI9nkMcjpoKieDJb-aCU2Qw,LOTTEChemical Official,1rVSdT3wOXg,"롯데 위드유 챌린지 - 9,778명의 추억 이야기",2019-09-27T01:38:32Z,51.0,True,1508,5.0,2.0
636,UCI9nkMcjpoKieDJb-aCU2Qw,LOTTEChemical Official,rig1qZASovI,YOUR CHEMISTORY - 롯데케미칼(LOTTE Chemical) B2C 홍보영상_한국어,2019-09-27T05:08:24Z,104.0,False,2623,17.0,1.0
636,UCI9nkMcjpoKieDJb-aCU2Qw,LOTTEChemical Official,WnWUkryYjAM,YOUR CHEMISTORY - 롯데케미칼(LOTTE Chemical) B2C 홍보영상_Eng,2019-09-27T05:18:56Z,104.0,False,1210,3.0,0.0
636,UCI9nkMcjpoKieDJb-aCU2Qw,LOTTEChemical Official,icZ6GYoqx40,YOUR CHEMISTORY - 롯데케미칼(LOTTE Chemical) B2C 홍보영상_Chi,2019-09-27T05:29:17Z,104.0,False,1200,4.0,0.0
636,UCI9nkMcjpoKieDJb-aCU2Qw,LOTTEChemical Official,04YCJUAqn5k,"[롯데케미칼] 생각을 화학하다 미래로 나아간다 새로운 자원 편 (30"")",2019-10-25T05:39:00Z,33.0,True,9475,54.0,3.0
636,UCI9nkMcjpoKieDJb-aCU2Qw,LOTTEChemical Official,DlBU_2YUoKQ,"[롯데케미칼] 생각을 화학하다 미래로 나아간다 새로운 자원 편 (15"")",2019-10-25T05:41:55Z,18.0,True,4587,27.0,1.0
636,UCI9nkMcjpoKieDJb-aCU2Qw,LOTTEChemical Official,Ku0iqFIk4jU,[롯데케미칼] 생각을 화학하다 미래로 나아간다 생각을 화하하하학 편,2019-12-13T05:49:36Z,57.0,True,9924566,467.0,272.0
636,UCI9nkMcjpoKieDJb-aCU2Qw,LOTTEChemical Official,ussOZtrFu9E,"화학으로 이로워지는 세상! - 롯데케미칼 ""HERE WE GO"" 캠페인",2020-11-29T15:54:40Z,63.0,False,16289958,239.0,221.0
636,UCI9nkMcjpoKieDJb-aCU2Qw,LOTTEChemical Official,xp76wAX9Npw,롯데케미칼 對고객 서비스 플랫폼 'MaaS(Material as a Service)',2021-03-02T10:26:04Z,199.0,False,769,8.0,1.0
636,UCI9nkMcjpoKieDJb-aCU2Qw,LOTTEChemical Official,5Vb014CnRbo,"[롯데케미칼] 지구까지 케어하는, 판타스틱플라스틱!",2021-08-31T14:50:28Z,7.0,True,1402,8.0,
636,UCI9nkMcjpoKieDJb-aCU2Qw,LOTTEChemical Official,qQR7PYqi0kY,"[롯데케미칼] 알아서 세균과 싸우는, 판타스틱플라스틱!",2021-08-31T14:50:31Z,7.0,True,1966,13.0,
636,UCI9nkMcjpoKieDJb-aCU2Qw,LOTTEChemical Official,6IXt4_mEk9A,"[롯데케미칼] 사탕수수로 만든, 판타스틱플라스틱!",2021-08-31T14:50:34Z,7.0,True,2212,10.0,
636,UCI9nkMcjpoKieDJb-aCU2Qw,LOTTEChemical Official,r0ny9HCJsa8,"[롯데케미칼] 자동차 속도를 올려주는, 판타스틱플라스틱!",2021-08-31T14:50:36Z,7.0,True,2276,17.0,
636,UCI9nkMcjpoKieDJb-aCU2Qw,LOTTEChemical Official,KmB1iPMlUmo,"[롯데케미칼] 진짜 대리석 같은, 판타스틱플라스틱!",2021-08-31T14:50:39Z,7.0,True,2114,14.0,
636,UCI9nkMcjpoKieDJb-aCU2Qw,LOTTEChemical Official,UoJ6SzCHaR4,"[롯데케미칼] 바다에 이롭고 착한, 판타스틱플라스틱!",2021-08-31T14:50:42Z,7.0,True,3828,18.0,
636,UCI9nkMcjpoKieDJb-aCU2Qw,LOTTEChemical Official,vi7MQ5KeYPQ,2021 롯데그룹 홍보영상,2021-09-30T07:28:07Z,491.0,False,1860,14.0,2.0
636,UCI9nkMcjpoKieDJb-aCU2Qw,LOTTEChemical Official,Ey_k6ym7frc,롯데케미칼 프로젝트 루프 x 김정기,2022-01-03T05:34:19Z,113.0,False,549,2.0,1.0
636,UCI9nkMcjpoKieDJb-aCU2Qw,LOTTEChemical Official,T-41uORfSwI,A better world through chemistry - Here we go! campaign,2022-01-04T05:36:45Z,63.0,False,2350,18.0,0.0
636,UCI9nkMcjpoKieDJb-aCU2Qw,LOTTEChemical Official,zcsXCPzIfIo,"[롯데케미칼] 롯-케 발사  ""미래산업편""  (30SEC) (국문)",2022-05-25T00:05:57Z,31.0,True,2429,10.0,0.0
636,UCI9nkMcjpoKieDJb-aCU2Qw,LOTTEChemical Official,_Ufs6Tmu5WU,[롯데케미칼]  롯-케발사: 친환경편 (30초) (KOR),2022-05-25T00:13:30Z,31.0,True,2091,12.0,0.0
636,UCI9nkMcjpoKieDJb-aCU2Qw,LOTTEChemical Official,SVA4t0Km2Tc,"[LOTTE CHEMICAL]  TVC SERIES#2. TOWARDS SUSTAINABLE FUTURE, THROUGH CHEMISTRY (30SEC_ENG)",2022-05-25T00:25:53Z,31.0,True,1107,3.0,1.0
636,UCI9nkMcjpoKieDJb-aCU2Qw,LOTTEChemical Official,ETI6HVaBgII,"[LOTTE CHEMICAL] TVC SERIES#1 - TOWARDS A SUSTAINABLE FUTURE, THROUGH CHEMISTRY(30SEC_ENG)",2022-05-25T00:28:44Z,31.0,True,1840,5.0,1.0
636,UCI9nkMcjpoKieDJb-aCU2Qw,LOTTEChemical Official,w_WWnqRW6bA,2022 롯데케미칼 홍보영상(Kor),2022-05-25T00:29:06Z,297.0,False,10630,45.0,0.0
636,UCI9nkMcjpoKieDJb-aCU2Qw,LOTTEChemical Official,HFsepIgl3bs,2022 LOTTE Chemical Brand film(Eng),2022-05-25T00:48:27Z,297.0,False,12535,95.0,4.0
636,UCI9nkMcjpoKieDJb-aCU2Qw,LOTTEChemical Official,kJW5So5HqyY,우리를 위한 우리 다운 선택! [선택 2022],2022-11-10T00:08:41Z,46.0,True,1210,8.0,0.0
636,UCI9nkMcjpoKieDJb-aCU2Qw,LOTTEChemical Official,NQi26czdlfE,"‘23년 기업PR캠페인, [이롯케-멋진!] 영상 광고(KOR)",2023-11-01T00:18:28Z,45.0,True,8180,69.0,9.0
636,UCI9nkMcjpoKieDJb-aCU2Qw,LOTTEChemical Official,8leIgY-LTmM,새로운 도약 준비! 팩트로 보는 롯데 (김경필 머니트레이너) | 팩트나우,2026-05-06T03:02:27Z,683.0,False,580,2.0,6.0
637,UCs5Za0w0XjUzL_NFRh0tgSQ,맛카롱,Bn1qT3JZA-U,[맛카롱] 카타교수 매드무비 5 ( 리메이크전 마지막매드무비 ),2016-10-22T13:53:56Z,201.0,False,15468,83.0,58.0
637,UCs5Za0w0XjUzL_NFRh0tgSQ,맛카롱,bNh1I6LY51o,[맛카롱] 미친이속 카타리나 하이라이트,2016-12-08T17:00:39Z,104.0,False,6959,40.0,29.0
637,UCs5Za0w0XjUzL_NFRh0tgSQ,맛카롱,FfFtwuPfXFQ,[맛카롱] 해피나루 다리우스패러디 (목소리 : 마스터딸기),2017-01-12T05:17:38Z,21.0,True,14957,168.0,45.0
637,UCs5Za0w0XjUzL_NFRh0tgSQ,맛카롱,nmLJS2IjaV4,[맛카롱] 이제 파이크만 팝니다,2018-08-01T11:10:54Z,189.0,False,1954,20.0,38.0
637,UCs5Za0w0XjUzL_NFRh0tgSQ,맛카롱,uf8QulGDFIc,[맛카롱] 그들이 레식하는법 _ 우리팀만 개인전,2020-03-10T15:30:27Z,243.0,False,636,9.0,10.0
637,UCs5Za0w0XjUzL_NFRh0tgSQ,맛카롱,IVLVsjcVuF4,[맛카롱] 세상에서 가장 어려운FPS게임 GTFO 클리어도전  - R3A1,2020-09-07T03:00:13Z,766.0,False,351,9.0,9.0
637,UCs5Za0w0XjUzL_NFRh0tgSQ,맛카롱,LuDiKTImFnI,[맛카롱] 롤영상인데 제목짓기 힘든영상,2021-04-13T13:35:30Z,188.0,False,258,3.0,12.0
637,UCs5Za0w0XjUzL_NFRh0tgSQ,맛카롱,eCVhGWC0E5U,[맛카롱] 펜타킬 뺏긴 뉴비,2021-05-30T11:39:39Z,204.0,False,466,3.0,13.0
637,UCs5Za0w0XjUzL_NFRh0tgSQ,맛카롱,hxuNZtxrxU8,천번찔린 베이가,2021-07-17T13:15:19Z,368.0,False,366,6.0,4.0
637,UCs5Za0w0XjUzL_NFRh0tgSQ,맛카롱,T5pG6yy5Uhs,근황 롤,2021-10-30T16:03:22Z,386.0,False,194,1.0,2.0
637,UCs5Za0w0XjUzL_NFRh0tgSQ,맛카롱,EQGDWl4IpfU,[맛카롱] 이것보다 더 시끄러운 게임영상이 있을까요,2022-02-15T12:08:24Z,248.0,False,215,4.0,6.0
637,UCs5Za0w0XjUzL_NFRh0tgSQ,맛카롱,NY8tFEVZbp0,[맛카롱] 입이 효과음이라 편집하기 쉬웠어요 (자막있음),2022-07-06T13:02:46Z,688.0,False,302,5.0,3.0
637,UCs5Za0w0XjUzL_NFRh0tgSQ,맛카롱,Q1-KIfoL1R4,[맛카롱] 세계관 최강자들의 싸움 #shorts,2023-01-10T15:46:03Z,31.0,True,931,4.0,4.0
637,UCs5Za0w0XjUzL_NFRh0tgSQ,맛카롱,rv9wFEztEII,[맛카롱] 이렐상대로 람머스 꺼내면 멍청해집니다 #shorts,2023-01-11T01:00:18Z,32.0,True,4986,35.0,2.0
637,UCs5Za0w0XjUzL_NFRh0tgSQ,맛카롱,ex6wD97sVwY,[맛카롱] 카타교수 하이라이트 #shorts,2023-01-11T03:00:22Z,48.0,True,2503,11.0,0.0
637,UCs5Za0w0XjUzL_NFRh0tgSQ,맛카롱,UUqFYQ5IOKo,[맛카롱] 카타교수 하이라이트 2 #shorts,2023-01-12T17:15:50Z,58.0,True,1201,7.0,1.0
637,UCs5Za0w0XjUzL_NFRh0tgSQ,맛카롱,U-NF7FAg0k4,[맛카롱] 개빡치는 티모 #shorts,2023-01-13T03:00:14Z,49.0,True,2412,7.0,0.0
637,UCs5Za0w0XjUzL_NFRh0tgSQ,맛카롱,FQRQia_tjFQ,[맛카롱] 카타교수 하이라이트 3 #shorts,2023-01-13T17:31:17Z,60.0,True,2865,18.0,0.0
637,UCs5Za0w0XjUzL_NFRh0tgSQ,맛카롱,opo6IohvL_4,[맛카롱] 람머스로 이렐리아 억까하기,2023-01-13T18:25:27Z,60.0,True,619,4.0,1.0
637,UCs5Za0w0XjUzL_NFRh0tgSQ,맛카롱,4eaRkMQOljA,[맛카롱] 우르프 메테오 람머스 하이라이트,2023-01-28T11:09:49Z,60.0,True,3481,21.0,4.0
637,UCs5Za0w0XjUzL_NFRh0tgSQ,맛카롱,L-l1IR58bQQ,[맛카롱] 보석속 사내 타릭,2023-01-28T14:54:16Z,48.0,True,2086,6.0,1.0
637,UCs5Za0w0XjUzL_NFRh0tgSQ,맛카롱,43Pm5iTdisI,[맛카롱] 진짜 역겨운 아트록스 #shorts,2023-01-28T15:39:51Z,59.0,True,16210,133.0,8.0
637,UCs5Za0w0XjUzL_NFRh0tgSQ,맛카롱,81hFkZqC3pU,[맛카롱] 크산테 역관광 모음,2023-05-07T04:08:46Z,59.0,True,1035,8.0,0.0
637,UCs5Za0w0XjUzL_NFRh0tgSQ,맛카롱,9iNvVpfu7eM,[맛카롱] 개역겨운 크산테 하이라이트 1,2023-05-07T04:26:17Z,54.0,True,1109,3.0,0.0
637,UCs5Za0w0XjUzL_NFRh0tgSQ,맛카롱,Xa8ygSKujhE,[맛카롱] 크산테 역관광 모음2,2023-05-07T11:00:18Z,60.0,True,1161,5.0,1.0
637,UCs5Za0w0XjUzL_NFRh0tgSQ,맛카롱,s-sRq21BFaU,[맛카롱] 크산테 역관광 모음 3,2023-05-07T11:30:16Z,60.0,True,1278,7.0,0.0
637,UCs5Za0w0XjUzL_NFRh0tgSQ,맛카롱,fFdNjztf8lA,아스트로니어 우주고려장,2023-05-24T10:32:46Z,58.0,True,1000,7.0,3.0
637,UCs5Za0w0XjUzL_NFRh0tgSQ,맛카롱,jbH1Db9NpQk,크산테 너프전 납치쇼,2023-10-18T19:34:45Z,60.0,True,394,5.0,3.0
638,UCbh2Dep9ZbIOoFydDdWJkcg,SangShow 생쇼,3GDg1WLEAkE,First Date Tips/ how to pick menu/ handcraft leather wallet,2020-09-02T03:43:05Z,451.0,False,16506,75.0,20.0
638,UCbh2Dep9ZbIOoFydDdWJkcg,SangShow 생쇼,tdYMPW1ULs8,"[Eng] 죽기 전에 꼭 해야하는 미서부 로드트립 브이로그 1탄 | 마운트 러시모어, 데블스 타워, 옐로 스톤, 캠핑, 차박, 버킷리스트, 미국 여행",2020-09-24T09:21:11Z,516.0,False,9860,74.0,36.0
638,UCbh2Dep9ZbIOoFydDdWJkcg,SangShow 생쇼,2hDM1h57KT4,"[Eng] 여기 지구 맞아? 세계에서 가장 크고 아름다운 무지개 온천 | 미서부 로드트립 브이로그 2탄 | 옐로 스톤, 캠핑, 차박, 미국 여행 | 세계 자연 유산",2020-10-01T09:51:55Z,544.0,False,19072,98.0,32.0
638,UCbh2Dep9ZbIOoFydDdWJkcg,SangShow 생쇼,1JHVhee6z-Y,"[Eng] 세계 최초 미국 최대 국립 공원 옐로스톤 로드트립 브이로그 #3 | 맘모스 스프링, 버팔로, 엘크, 캠핑, 차박, 미국 여행, 세계 자연 유산",2020-10-06T12:47:32Z,337.0,False,9677,67.0,13.0
638,UCbh2Dep9ZbIOoFydDdWJkcg,SangShow 생쇼,3aQabsj4cWI,"[Eng] 미국 플로리다 횡단 여행 브이로그 | 웨스트팜 비치, 네이플스 시티 피어, 탬파, 와이보 시티  Trip to Florida Vlog",2020-10-10T04:38:29Z,252.0,False,11498,63.0,27.0
638,UCbh2Dep9ZbIOoFydDdWJkcg,SangShow 생쇼,W217LyWnL4k,"[Eng] 후지산 당일치기 여행 꼭 가야할 곳, 도쿄 신주쿠 출발, 후지산 보며 노천탕 즐기기 Trip to Mt. Fuji, hot spring, Japan",2020-10-13T12:04:10Z,321.0,False,6061,92.0,29.0
638,UCbh2Dep9ZbIOoFydDdWJkcg,SangShow 생쇼,IMVtyq16AVs,[Eng] 이것만 안먹어도 살 빠짐 | 4가지 실천 사항 #다이어트팁 | 생쇼 SangShow,2020-10-22T12:00:10Z,392.0,False,1812,37.0,26.0
638,UCbh2Dep9ZbIOoFydDdWJkcg,SangShow 생쇼,_ynn_COY4mA,[Eng] 아침 절대 굶지 마세요! | 다이어트는 오늘부터,2020-10-30T03:06:28Z,289.0,False,307,22.0,14.0
638,UCbh2Dep9ZbIOoFydDdWJkcg,SangShow 생쇼,07T5xPliQ0Q,"[Eng] 흡수율 40배 높여주는 미친 화장품 | 마이크로 니들 롤러, 메조시스 PDRN 재생 세럼",2020-11-17T11:34:10Z,260.0,False,19866,99.0,22.0
638,UCbh2Dep9ZbIOoFydDdWJkcg,SangShow 생쇼,X9dR6_lw5_Y,"[Eng] 섹시한 남자들의 특징 | 드라마 스타트업 도산 지평 비교 (feat. 남주혁, 김선호) | 생쇼 Sangshow",2020-12-13T12:09:14Z,308.0,False,9663,52.0,12.0
638,UCbh2Dep9ZbIOoFydDdWJkcg,SangShow 생쇼,mMf9Q4a2IVE,[Eng] 비에게 이런 면이? 찐매력 총정리 | SangShow,2021-01-28T13:15:50Z,338.0,False,6687,52.0,17.0
638,UCbh2Dep9ZbIOoFydDdWJkcg,SangShow 생쇼,ololxsuw5_k,"[Eng] 살 안찌는 샐러드 김밥, 핫도그 김밥 만들기",2021-02-04T12:41:18Z,403.0,False,7738,78.0,17.0
638,UCbh2Dep9ZbIOoFydDdWJkcg,SangShow 생쇼,1KIrzhzq6zs,드라마 스타트업의 남도산이 부러웠다면? 당신의 인생은 이 영상을 보기 전과 후로 나눠집니다 | SangShow,2021-04-22T12:15:21Z,453.0,False,13154,32.0,10.0
638,UCbh2Dep9ZbIOoFydDdWJkcg,SangShow 생쇼,xeAzdeHDE7U,How to make Korean Salad Gimbap 살 안찌는 샐러드 김밥 만들기 #koreangimbap #koreanfoodrecipe #veggiegimbab,2023-12-05T02:36:30Z,54.0,True,228,5.0,2.0
638,UCbh2Dep9ZbIOoFydDdWJkcg,SangShow 생쇼,R4zpuHVmJVg,피식대학 이용주님의 뭐가 미안한데 대처법 How to coumminicate with girls,2023-12-13T22:18:20Z,43.0,True,793,7.0,5.0
638,UCbh2Dep9ZbIOoFydDdWJkcg,SangShow 생쇼,tmrikzeQAu0,어서와 밀워키는 첨이지? #위스컨신여행 #위스컨신밀워키 #밀워키퍼블릭마켓 #생쇼 #미국생활브이로그,2023-12-14T23:44:48Z,26.0,True,756,7.0,1.0
638,UCbh2Dep9ZbIOoFydDdWJkcg,SangShow 생쇼,lQ4kPxoqqaQ,Milwaukee art museum wings opening 지붕이 열리는 밀워키 아트 뮤지엄 #밀워키아트뮤지엄 #위스컨신여행 #밀워키여행 #triptomilwaukee,2023-12-16T22:45:10Z,31.0,True,86,6.0,2.0
638,UCbh2Dep9ZbIOoFydDdWJkcg,SangShow 생쇼,5FbKKSeXuWU,#조승우한약사추천 살 빠지는 #해독쥬스 #까쥬스 만드는 법 #살빠지는쥬스 #채소과일식 How to make CCA Juice #carrotcabbageapplejuice,2023-12-18T23:30:30Z,34.0,True,2517,17.0,0.0
638,UCbh2Dep9ZbIOoFydDdWJkcg,SangShow 생쇼,S7htFJReHKY,도쿄 롯뽄기 미드타운 일루미네이션 Tokyo Illuminaion #roppongi #tokyovlog #triptojapan #도쿄롯뽄기 #일루미네이션,2023-12-20T06:40:52Z,20.0,True,135,2.0,0.0
638,UCbh2Dep9ZbIOoFydDdWJkcg,SangShow 생쇼,nGnMkL7HmL0,#미키인덕수궁 #월트디즈니100주년 #덕수궁나들이 #mickeyindeoksugung #MickeynfriendsSeoultour #waltdisney100th,2024-09-28T13:13:04Z,18.0,True,103,2.0,0.0
638,UCbh2Dep9ZbIOoFydDdWJkcg,SangShow 생쇼,AF1rlhuTIb0,#바샤커피청담플래그십스토어 #바샤커피 #bashacoffeechungdam #flagshipstore #visitingseoulkorea2024,2024-09-30T12:34:58Z,15.0,True,183,2.0,0.0
638,UCbh2Dep9ZbIOoFydDdWJkcg,SangShow 생쇼,yc0szK5bC7I,#서울광장 #야외도서관 #책읽는서울광장 #시청앞 #더플라자호텔뷰 #seouloutdoorlibrary #seoulplaza #cityhall #theplazahotel,2024-10-01T12:28:46Z,14.0,True,354,5.0,0.0
638,UCbh2Dep9ZbIOoFydDdWJkcg,SangShow 생쇼,Bqn_QhTlrPc,신비한 후지산 #후지산당일투어 #후지산5합목 #후지산정상 #일본여행 #daytriptomtfuji #fujimountain #triptojapan,2024-10-08T12:59:11Z,13.0,True,881,6.0,0.0
638,UCbh2Dep9ZbIOoFydDdWJkcg,SangShow 생쇼,a5awHrry2Jw,도쿄 가볼만한 곳 #도쿄핫플  #에비스가든플레이스 #에비스맥주기념관 #에비스브루어리도쿄 #yebisugardenplace #yebisubrewerytokyo #yebisubeer,2024-10-15T11:35:38Z,19.0,True,1112,5.0,0.0
638,UCbh2Dep9ZbIOoFydDdWJkcg,SangShow 생쇼,GGVp1T2Fggs,[Eng] 윤석열 대통령 옥중에서 모스탄에게 전한 편지,2025-07-16T23:18:43Z,175.0,False,2326,117.0,39.0
638,UCbh2Dep9ZbIOoFydDdWJkcg,SangShow 생쇼,dGW4nvkLbRA,윤석열 대통령 옥중에서 모스탄 대사에게 전한 편지 #윤석열대통령 #옥중편지 #모스탄대사,2025-07-17T00:04:09Z,64.0,False,280,10.0,2.0
638,UCbh2Dep9ZbIOoFydDdWJkcg,SangShow 생쇼,sd-Oyw7VU58,시카고 가면 꼭 해야하는 보트 투어 #시카고보트투어 #미시간레이크 #시카고강 #시카고건축물투어 #chicagoboattour #architecturetour,2025-07-29T06:27:54Z,60.0,True,1170,2.0,0.0
638,UCbh2Dep9ZbIOoFydDdWJkcg,SangShow 생쇼,ldVPzAcmAoA,#옐로스톤국립공원 #미서부로드트립 #미국여행 #YellowstoneRoadTrip #YellowstoneNationalPark  #USAroadtrip  #NatureLovers,2025-08-01T10:01:17Z,27.0,True,1297,7.0,0.0
638,UCbh2Dep9ZbIOoFydDdWJkcg,SangShow 생쇼,5z5RBt_7lBk,미국 역대 대통령들을 한자리에서 볼 수 있는 #마운트러시모어 #미서부로드트립 #미국여행 #USAroadtrip #naturelovers #mountrushmore #북미투어,2025-08-04T23:20:38Z,16.0,True,1497,3.0,0.0
638,UCbh2Dep9ZbIOoFydDdWJkcg,SangShow 생쇼,N3jTHGkgFMo,#천조국캠핑장 #미국캠핑장 #미서부로드트립 #미서부여행 #캠핑여행 #차박캠핑 #RV여행 #로드트립브이로그 #campingtips #campingcar #rvtravel,2025-08-05T14:54:49Z,33.0,True,1320,6.0,0.0
638,UCbh2Dep9ZbIOoFydDdWJkcg,SangShow 생쇼,wN6Y098nk2k,미 국가정보국장이 말아주는 딥스의 실체와 그들의 전략. 과연 한국은?,2025-08-09T00:01:13Z,262.0,False,189,11.0,3.0
638,UCbh2Dep9ZbIOoFydDdWJkcg,SangShow 생쇼,LWqgONVHdzE,미 국가정보국장 털시 개버드가 폭로한 바이든 정부와 딥스의 만행 #코로나백신반대 #딥스 #딥스테이트,2025-08-09T05:37:15Z,44.0,True,225,10.0,0.0
638,UCbh2Dep9ZbIOoFydDdWJkcg,SangShow 생쇼,vmFkB_owWdA,#딥스테이트 #DeepState #털시개버드 #TulsiGabbard #국제정치 #국가정보국 #DNI #표현의자유 #언론검열 #정치탄압 #미국정치 #선거개입 #한국정치,2025-08-09T13:49:45Z,73.0,False,833,13.0,0.0
638,UCbh2Dep9ZbIOoFydDdWJkcg,SangShow 생쇼,iNfZ8c0yv7U,사망 원인 74%가 백신. 국민들 죽이려 작정했나? #코로나백신부작용 #미의회청문회 #백신접종의무화법안발의 #한국정부 #악법반대,2025-08-10T01:15:33Z,16.0,True,462,13.0,0.0
638,UCbh2Dep9ZbIOoFydDdWJkcg,SangShow 생쇼,BsWe6ENTMAo,#베니스비치 #VeniceBeach #머슬비치 #LA여행 #LATrip #CaliforniaTravel #캘리포니아여행 #미서부여행  #musclebeach #BeachVibes,2025-08-12T07:00:10Z,19.0,True,1780,4.0,2.0
638,UCbh2Dep9ZbIOoFydDdWJkcg,SangShow 생쇼,eXBiiZKZOic,백신 중단한 미국 vs 백신 의무화 하려는 한국,2025-08-13T12:01:22Z,260.0,False,1164,57.0,23.0
638,UCbh2Dep9ZbIOoFydDdWJkcg,SangShow 생쇼,CSKa5CNNCUE,플로리다에서 발견한 천조국 테토녀 #테토녀 #오토바이라이딩 #여성라이더 #여성바이커 #여성스쿠터 #천조국풍경 #미국일상,2025-08-16T00:25:26Z,12.0,True,1866,3.0,0.0
638,UCbh2Dep9ZbIOoFydDdWJkcg,SangShow 생쇼,mwdQ962sVFY,코로나 백신 맞으면 병에 더 잘 걸리는 이유 #급성심근염 #코로나백신부작용 #백신부작용증언 #백신정책 #백신의무화 #코로나백신위험성,2025-08-17T06:16:21Z,45.0,True,1268,71.0,1.0
638,UCbh2Dep9ZbIOoFydDdWJkcg,SangShow 생쇼,ZVHNGFIbLA8,코로나 백신은 살인 단백질 #코로나백신부작용 #백신부작용증언 #백신정책 #백신의무화 #코로나백신위험성,2025-08-17T11:00:51Z,48.0,True,30185,518.0,116.0
638,UCbh2Dep9ZbIOoFydDdWJkcg,SangShow 생쇼,_1ffjzNeulo,코로나 사망자 부검 보고서를 작성한 미국 심장 전문의의 간절한 경고 #코로나백신부작용 #백신정책 #백신의무화 #코로나백신위험성,2025-08-18T09:00:50Z,21.0,True,287,11.0,0.0
638,UCbh2Dep9ZbIOoFydDdWJkcg,SangShow 생쇼,22iUQPDDI4M,[Eng] 빌게이츠 한국 방문의 진짜 목적은? 루머 vs 팩트,2025-08-19T12:39:34Z,232.0,False,528,27.0,4.0
638,UCbh2Dep9ZbIOoFydDdWJkcg,SangShow 생쇼,erz78C0fFVc,왜 하필 이 시기에? 빌게이츠 한국 방문의 진짜 목적은? #인구감축설 #백신부작용 #백신의무화 #백신정책,2025-08-19T23:29:04Z,35.0,True,2967,29.0,9.0
638,UCbh2Dep9ZbIOoFydDdWJkcg,SangShow 생쇼,ZgeK1mKU1KY,코로나 백신 접종 후 폐고혈압 진단을 받아 폐 용적의 절반을 잃은 미국 의사의 절규 #코로나백신부작용 #코로나백신의무화반대,2025-08-23T13:37:46Z,58.0,True,289,8.0,2.0
638,UCbh2Dep9ZbIOoFydDdWJkcg,SangShow 생쇼,WfDPPLQQ0Ck,한국 특검 얘기에 자신을 정치탄압하는 미국 특검 언급하며 돌려까기 하는 트럼프 #한미회담 #트럼프 #특검 #정치탄압 #오산미군기지압수수색,2025-08-25T22:36:43Z,28.0,True,21216,290.0,28.0
638,UCbh2Dep9ZbIOoFydDdWJkcg,SangShow 생쇼,cQygDWV5DaI,[Eng] 국민 속이는 언론 언제까지 참아야 하나. 트럼프의 잭스미스 발언 팩트 체크,2025-08-27T15:40:41Z,243.0,False,2263,103.0,40.0
638,UCbh2Dep9ZbIOoFydDdWJkcg,SangShow 생쇼,7kJsLgZUuBk,[Eng] 트럼프 계엄령?  강력 조치 내린 이유 (Feat. 샌프란의 몰락),2025-09-05T22:23:35Z,318.0,False,1193,29.0,9.0
638,UCbh2Dep9ZbIOoFydDdWJkcg,SangShow 생쇼,6mfUvIHeVOM,"샌프란 시내에 주차했다 싹 다 털렸던 썰, 트럼프 강력 조치 반가운 이유 #샌프란시스코여행 #차량절도 #미국마약문제 #미국노숙자 #950달러법 #트럼프정책 #한미이슈",2025-09-06T00:43:33Z,34.0,True,4046,21.0,10.0
638,UCbh2Dep9ZbIOoFydDdWJkcg,SangShow 생쇼,KSH_RKtKqJo,맛도 신기하고 화장실은 더 신기했던 영국 어느 식당  #스케치 #영국런던미슐랭식당 #영국런던여행 #sketch #london #UK,2025-09-20T23:27:51Z,18.0,True,2092,5.0,1.0
638,UCbh2Dep9ZbIOoFydDdWJkcg,SangShow 생쇼,LsUYeaPjHLo,"무삭제 원본 번역- 타이레놀, 백신과 자폐 연관성과 권고에 관한 트럼프 발표",2025-09-23T23:30:46Z,610.0,False,68,7.0,3.0
638,UCbh2Dep9ZbIOoFydDdWJkcg,SangShow 생쇼,bLSYoqT03bA,고열에는 조금만 복용하고 의사와 상의하라고 했는데요? #타이레놀 #자폐위험증가 #트럼프발표논란,2025-09-25T05:08:05Z,36.0,True,200,7.0,0.0
639,UCezSOq208VHZM4MYp4ZpqPQ,푸디안젤라,aTP99vDtMEs,(📌저장) 10만원대 코리안 파인다이닝 레스토랑,2025-12-15T10:34:48Z,47.0,True,1616,,0.0
639,UCezSOq208VHZM4MYp4ZpqPQ,푸디안젤라,-eC4iAjxXFM,흑백요리사2 레스토랑 리스트 공개,2025-12-15T10:44:44Z,16.0,True,2200,,0.0
639,UCezSOq208VHZM4MYp4ZpqPQ,푸디안젤라,hV1CX4tv1b8,APEC summit wine of Korea 그랑꼬또 청수 화이트,2025-12-17T08:32:20Z,41.0,True,2482,,0.0
639,UCezSOq208VHZM4MYp4ZpqPQ,푸디안젤라,ivJs-ikXkMk,맛있는 피자의 조건 🍕 올리페페,2025-12-21T04:27:26Z,62.0,False,2170,,0.0
639,UCezSOq208VHZM4MYp4ZpqPQ,푸디안젤라,hAb7CVfKmfY,잘되는 식당엔 분명한 이유가 있죠,2025-12-25T15:14:04Z,36.0,True,1760,,0.0
639,UCezSOq208VHZM4MYp4ZpqPQ,푸디안젤라,GZI9jB7-v0I,여의도 공원을 품은 최고 인기 중식당 락희안,2025-12-26T01:04:25Z,15.0,True,907,,0.0
639,UCezSOq208VHZM4MYp4ZpqPQ,푸디안젤라,y_Swuz9E3_o,여의도 한식 막걸리 데이트는 여기서,2025-12-26T01:05:47Z,15.0,True,2155,,0.0
639,UCezSOq208VHZM4MYp4ZpqPQ,푸디안젤라,zDtg5FAnajs,아찔하게 맛있는 신사동 해물이자카야 네기실비,2025-12-26T01:07:45Z,16.0,True,923,,0.0
639,UCezSOq208VHZM4MYp4ZpqPQ,푸디안젤라,cV2qVjfkLBc,흑백요리사 김도윤 셰프 누들바 서연,2025-12-26T15:37:03Z,22.0,True,3659,,0.0
639,UCezSOq208VHZM4MYp4ZpqPQ,푸디안젤라,OzKbuQw4O6c,🇰🇷 흑백요리사 메이필드 호텔 봉래헌,2025-12-29T06:06:45Z,37.0,True,3547,,0.0
639,UCezSOq208VHZM4MYp4ZpqPQ,푸디안젤라,TeEi4CMvf_U,Korean Butchers Hanwoo Restaurant 꽃돌이네,2026-01-04T05:56:26Z,30.0,True,1143,,0.0
639,UCezSOq208VHZM4MYp4ZpqPQ,푸디안젤라,o_GWwPytvww,가짜없는 중국술은 뚜껑부터 달라,2026-01-05T16:05:47Z,24.0,True,8128,,2.0
639,UCezSOq208VHZM4MYp4ZpqPQ,푸디안젤라,kz9Eh6WePdg,메주같은 스페인 전통햄 발견,2026-01-13T07:44:01Z,46.0,True,1531,,0.0
639,UCezSOq208VHZM4MYp4ZpqPQ,푸디안젤라,P1Z5p8kxvGw,"수제버거 러버 어디있니?! 상금 5,000만원 GET 🏆✨",2026-01-20T05:29:50Z,45.0,True,1958,,0.0
639,UCezSOq208VHZM4MYp4ZpqPQ,푸디안젤라,YRIm6m3hmn4,로마식 네모난 피자 먹어봤어요?,2026-01-25T12:13:06Z,27.0,True,1897,,0.0
639,UCezSOq208VHZM4MYp4ZpqPQ,푸디안젤라,_CFR3z8idpM,북경오리 먹으러 수원까지 가는 이유,2026-01-25T14:02:08Z,42.0,True,758,,0.0
639,UCezSOq208VHZM4MYp4ZpqPQ,푸디안젤라,Hm9kqlfVA7s,나복 (蘿蔔) = 무 인거 알고 계셨던 분?,2026-01-28T07:04:10Z,41.0,True,1218,,0.0
639,UCezSOq208VHZM4MYp4ZpqPQ,푸디안젤라,hQukSwMK390,뿌까 닮은 딤섬 vs 정지선 셰프 닮은 딤섬,2026-01-29T12:50:46Z,19.0,True,4665,,0.0
639,UCezSOq208VHZM4MYp4ZpqPQ,푸디안젤라,s1CSUznm6Wc,뽀독뽀독한 우설,2026-01-30T02:46:56Z,30.0,True,2062,,0.0
639,UCezSOq208VHZM4MYp4ZpqPQ,푸디안젤라,6hK4ZSbhYbc,복순도가의 숨소리를 들어 보겠습니다 👂,2026-01-30T09:00:19Z,45.0,True,1453,,0.0
639,UCezSOq208VHZM4MYp4ZpqPQ,푸디안젤라,Qjo1l-Y_B_Q,월클 코리안 진도 보석김 💎,2026-01-31T14:57:28Z,88.0,False,1638,,0.0
639,UCezSOq208VHZM4MYp4ZpqPQ,푸디안젤라,VLbgzevE4t0,와인 한잔도 주는 스테이크 코스가 4만원대,2026-02-09T03:48:09Z,44.0,True,1804,,0.0
639,UCezSOq208VHZM4MYp4ZpqPQ,푸디안젤라,ffiEqB21Aos,백골뱅이 잘 까는 방법.avi,2026-02-10T05:02:27Z,15.0,True,2658,,0.0
639,UCezSOq208VHZM4MYp4ZpqPQ,푸디안젤라,4ngBTmGsJlU,명동에도 오픈한 오크베리 Oakberry 🫐,2026-02-15T00:55:31Z,51.0,True,1870,,0.0
639,UCezSOq208VHZM4MYp4ZpqPQ,푸디안젤라,-AAJ-DYubZI,돼지고기로 6년 연속 블루리본 받은 집,2026-02-19T08:45:41Z,57.0,True,1438,,0.0
639,UCezSOq208VHZM4MYp4ZpqPQ,푸디안젤라,vmSbSFGZRIk,계산할 때 기분이 더 좋아지는 곳,2026-02-21T09:38:07Z,33.0,True,1302,,0.0
639,UCezSOq208VHZM4MYp4ZpqPQ,푸디안젤라,8I9wr-TUmk0,Who is 2026 Michelin Seoul Busan Star chef,2026-03-05T11:27:44Z,50.0,True,2334,,0.0
639,UCezSOq208VHZM4MYp4ZpqPQ,푸디안젤라,f0K7VXw3y-E,급식 최초로 블루리본! 흑백요리사 솔직 후기,2026-03-05T11:29:23Z,48.0,True,1578,,0.0
639,UCezSOq208VHZM4MYp4ZpqPQ,푸디안젤라,L7FiIWPQQns,배홍동의 네번째 에디션 막국수,2026-03-19T01:05:48Z,56.0,True,2017,,2.0
639,UCezSOq208VHZM4MYp4ZpqPQ,푸디안젤라,8Aibp0kiztQ,생식빵에 발라먹는 물감의 정체는,2026-03-23T12:06:48Z,38.0,True,1475,,0.0
639,UCezSOq208VHZM4MYp4ZpqPQ,푸디안젤라,hV-kKUqbXms,골라먹는 식빵 팝업 빠르게 다녀옴,2026-03-24T05:51:57Z,38.0,True,1313,,0.0
639,UCezSOq208VHZM4MYp4ZpqPQ,푸디안젤라,PjWTsH67Fsk,뉴욕 1등 츠케멘이 여의도에 등장했습니다,2026-03-24T15:24:05Z,56.0,True,2258,,1.0
639,UCezSOq208VHZM4MYp4ZpqPQ,푸디안젤라,pUf7sRaemhc,미식가를 위한 샴페인 EPC 와인메이커 인터뷰,2026-03-26T02:15:06Z,56.0,True,1515,,0.0
639,UCezSOq208VHZM4MYp4ZpqPQ,푸디안젤라,UVqPwFqee58,"나야, 500시간 숙성 채끝 🥩✨",2026-03-26T04:51:29Z,64.0,False,1610,,0.0
639,UCezSOq208VHZM4MYp4ZpqPQ,푸디안젤라,RNaZTHqZ93g,광장시장 김밥대장 팝업 서해 쭈꾸미 김밥,2026-03-27T15:37:04Z,27.0,True,4883,,1.0
639,UCezSOq208VHZM4MYp4ZpqPQ,푸디안젤라,M3ymveuJFgc,석촌호수 벚꽃놀이하고 가야하는 곳,2026-03-30T05:38:55Z,43.0,True,1354,,0.0
639,UCezSOq208VHZM4MYp4ZpqPQ,푸디안젤라,zejxRgqzRRg,석촌호수 벚꽃 실황.avi,2026-03-30T05:40:42Z,17.0,True,2369,,2.0
639,UCezSOq208VHZM4MYp4ZpqPQ,푸디안젤라,wj9XCRF2Irk,해장하러 갔다가 이게 무슨일이죠…🚨,2026-03-31T11:55:35Z,30.0,True,1001,,0.0
639,UCezSOq208VHZM4MYp4ZpqPQ,푸디안젤라,-8hiwYGzMiA,BTS 진이 선택한 논알콜 하이볼 출시!,2026-04-01T10:57:04Z,23.0,True,1995,,0.0
639,UCezSOq208VHZM4MYp4ZpqPQ,푸디안젤라,0tfpoL2OmPY,K버거 챔피언십 1등,2026-04-09T20:33:31Z,59.0,True,2067,,0.0
639,UCezSOq208VHZM4MYp4ZpqPQ,푸디안젤라,B76JzT4oOSU,방배동 서리재에서 터득한 인생 가르침 🤟,2026-04-22T05:36:37Z,35.0,True,1579,,0.0
639,UCezSOq208VHZM4MYp4ZpqPQ,푸디안젤라,_pVh0xrL88Y,올리브오일에 오브제를 입힌 브랜드 🫒🎨🇮🇹,2026-04-26T00:45:56Z,63.0,False,1562,,0.0
639,UCezSOq208VHZM4MYp4ZpqPQ,푸디안젤라,OxWvMhn0YQQ,피크닉 필수 준비물: 라이미 💚💚,2026-04-26T02:27:51Z,76.0,False,1618,,0.0
639,UCezSOq208VHZM4MYp4ZpqPQ,푸디안젤라,M1IXyKkI5Po,수족관이 있는 살벌한 중식당,2026-04-28T14:28:57Z,37.0,True,412,,0.0
639,UCezSOq208VHZM4MYp4ZpqPQ,푸디안젤라,2CJBx1iBJPw,북경오리 페어링 주인공은,2026-05-02T15:18:44Z,36.0,True,1999,,0.0
639,UCezSOq208VHZM4MYp4ZpqPQ,푸디안젤라,8_B4ODrr84g,평양냉면 아니고 피양냉면,2026-05-03T15:23:27Z,53.0,True,1482,,0.0
639,UCezSOq208VHZM4MYp4ZpqPQ,푸디안젤라,6LU2Ofmf2Xw,어린이날 외식은 역시 양념갈비죠 😋🤟,2026-05-05T09:43:25Z,43.0,True,1894,,0.0
639,UCezSOq208VHZM4MYp4ZpqPQ,푸디안젤라,RibYYkP9U-k,청담동 주민들은 다 아는 홈메이드 베이커리,2026-05-06T07:53:18Z,60.0,True,1321,,0.0
639,UCezSOq208VHZM4MYp4ZpqPQ,푸디안젤라,1JZXAUZvs4c,심상치않은 흑백요리사 포차 콜라보,2026-05-13T17:56:37Z,43.0,True,2025,,0.0
639,UCezSOq208VHZM4MYp4ZpqPQ,푸디안젤라,PvknUR5kitQ,이것은 북경오리가 아닙니다,2026-05-15T02:55:34Z,50.0,True,1066,,3.0
640,UCR80sLhCUOmUSL0LX2ofwag,김명열 영어(MK ENGLISH),betgHD0t9aA,왜 외국에 나가면 늘 먹던 것도 맛있게 느껴질까??,2024-08-14T10:05:39Z,74.0,False,33,2.0,0.0
640,UCR80sLhCUOmUSL0LX2ofwag,김명열 영어(MK ENGLISH),LfMESWDSWRU,우리 아이..올해도 초복 중복 말복 무사히..,2024-08-15T05:35:23Z,46.0,True,40,4.0,0.0
640,UCR80sLhCUOmUSL0LX2ofwag,김명열 영어(MK ENGLISH),QQ3YolH0hWM,희생하는거 하나 없이 좋은 걸 바라지마..,2024-08-17T09:31:47Z,55.0,True,39,2.0,0.0
640,UCR80sLhCUOmUSL0LX2ofwag,김명열 영어(MK ENGLISH),LJf7h8sTRbw,야구하다가 인생 쫑날 뻔한 썰,2024-08-31T03:14:30Z,54.0,True,27,2.0,0.0
640,UCR80sLhCUOmUSL0LX2ofwag,김명열 영어(MK ENGLISH),fK_J6_V6eq0,중요한건 점수가 아니라 등급이다,2024-09-01T08:56:47Z,37.0,True,21,2.0,0.0
640,UCR80sLhCUOmUSL0LX2ofwag,김명열 영어(MK ENGLISH),0AP3qGX1mPk,원래 책은 앞장만 보는거잖아??,2024-09-02T05:51:16Z,23.0,True,22,1.0,0.0
640,UCR80sLhCUOmUSL0LX2ofwag,김명열 영어(MK ENGLISH),w2w8lpeV6Nk,학생에게 학교 진도 어디까지 나갔냐고 물어보면..,2024-09-03T14:50:47Z,37.0,True,57,1.0,0.0
640,UCR80sLhCUOmUSL0LX2ofwag,김명열 영어(MK ENGLISH),Wajc2sEQThQ,왜 요즘 여자 아이돌은 보이쉬한 컨셉만 보일까??,2024-09-03T23:27:00Z,97.0,False,88,3.0,1.0
640,UCR80sLhCUOmUSL0LX2ofwag,김명열 영어(MK ENGLISH),6mKouP7YVyM,서술형..어디까지 해봤니...,2024-09-05T13:00:02Z,68.0,False,44,0.0,0.0
640,UCR80sLhCUOmUSL0LX2ofwag,김명열 영어(MK ENGLISH),l-qSj7mK1J4,"4,5,6등급...이 집답은 매우 위험해...",2024-09-06T07:06:12Z,35.0,True,51,0.0,0.0
640,UCR80sLhCUOmUSL0LX2ofwag,김명열 영어(MK ENGLISH),TsHTpyFP2w0,저도 부모님께 훌륭한 재능을 물려받았더라구요..,2024-09-18T03:27:33Z,65.0,False,68,2.0,0.0
640,UCR80sLhCUOmUSL0LX2ofwag,김명열 영어(MK ENGLISH),P6ONYzOdcHE,간접경험과 직접경험은 완전 다른거야~,2024-09-21T07:49:16Z,83.0,False,90,3.0,0.0
640,UCR80sLhCUOmUSL0LX2ofwag,김명열 영어(MK ENGLISH),ZG26bgTAGoY,흑인이어서 무식한게 아니야..,2024-09-22T05:23:14Z,97.0,False,43,0.0,0.0
640,UCR80sLhCUOmUSL0LX2ofwag,김명열 영어(MK ENGLISH),e2QMhkbgl74,유기견을 입양하고 하루 지나 깜짝 놀란 이유ㅠ,2024-09-23T07:20:47Z,56.0,True,117,2.0,0.0
640,UCR80sLhCUOmUSL0LX2ofwag,김명열 영어(MK ENGLISH),okcHqm5JeV8,사이비 종교 교주가 되기 위한 필수적 마음가짐!!,2024-09-25T10:33:16Z,52.0,True,52,2.0,0.0
640,UCR80sLhCUOmUSL0LX2ofwag,김명열 영어(MK ENGLISH),33ncJzT_2Es,남여공학은 남여 누구에게 더 유리할까요??...,2024-09-26T13:48:37Z,61.0,False,64,3.0,0.0
640,UCR80sLhCUOmUSL0LX2ofwag,김명열 영어(MK ENGLISH),3XTSb36yc1w,서울 사투리..분명 그 땐 자연스러웠는데..;;;,2024-09-30T07:20:50Z,46.0,True,63,0.0,0.0
640,UCR80sLhCUOmUSL0LX2ofwag,김명열 영어(MK ENGLISH),k6jGysVguU0,이번 시험에 최선을 다했다 말하는 너에게..,2024-10-12T09:12:55Z,784.0,False,61,1.0,0.0
640,UCR80sLhCUOmUSL0LX2ofwag,김명열 영어(MK ENGLISH),l6fpYWFDzbU,우리나라에서 노벨 문학상이라니!!,2024-10-18T05:02:56Z,120.0,False,126,6.0,0.0
640,UCR80sLhCUOmUSL0LX2ofwag,김명열 영어(MK ENGLISH),0QAVLIhfb_A,불시험 후에 내 점수 하락폭이 마치 코인과 같다면??,2024-10-20T07:04:43Z,111.0,False,37,0.0,0.0
640,UCR80sLhCUOmUSL0LX2ofwag,김명열 영어(MK ENGLISH),hrmFWEBQQbw,내가 오늘 놀기로 마음 먹었다면??,2024-10-21T12:08:01Z,142.0,False,54,3.0,0.0
640,UCR80sLhCUOmUSL0LX2ofwag,김명열 영어(MK ENGLISH),mwjCowaZQSE,꿈이 없을 땐 우선 공부를 하고 있자..,2024-10-23T01:40:28Z,116.0,False,50,2.0,0.0
640,UCR80sLhCUOmUSL0LX2ofwag,김명열 영어(MK ENGLISH),oPuhiGNaFaw,학생과 강사..둘 중 누가 더 힘들까??,2024-10-24T11:04:14Z,126.0,False,65,0.0,0.0
640,UCR80sLhCUOmUSL0LX2ofwag,김명열 영어(MK ENGLISH),5V7sAjSdxqg,핸드폰을 없앴더니!!,2024-10-26T05:57:51Z,84.0,False,67,4.0,0.0
640,UCR80sLhCUOmUSL0LX2ofwag,김명열 영어(MK ENGLISH),IMgAK-97LnI,breakfast 뜻이 왜 아침식사인 줄은 아니??,2024-11-05T11:40:58Z,73.0,False,120,2.0,1.0
640,UCR80sLhCUOmUSL0LX2ofwag,김명열 영어(MK ENGLISH),wVS5UXpOXik,수능 1주 앞두고 최소 3등급 확보 전략~~,2024-11-08T05:52:40Z,278.0,False,579,13.0,0.0
640,UCR80sLhCUOmUSL0LX2ofwag,김명열 영어(MK ENGLISH),Je3H3jnUS8E,수업에서 비둘기를 몸으로 표현해봤어요,2024-11-09T08:48:48Z,46.0,True,64,1.0,0.0
640,UCR80sLhCUOmUSL0LX2ofwag,김명열 영어(MK ENGLISH),Cl1crdRQ9RY,곱창의 출처를 알고도 목으로 넘어가??,2024-11-20T10:28:49Z,92.0,False,53,1.0,0.0
640,UCR80sLhCUOmUSL0LX2ofwag,김명열 영어(MK ENGLISH),tyFjSZH5aHE,공부는 학생의 최소한의 양심이야,2024-11-25T10:32:30Z,72.0,False,35,1.0,0.0
640,UCR80sLhCUOmUSL0LX2ofwag,김명열 영어(MK ENGLISH),zazWaHybze4,언뜻 보기에는 이상하지만 매우 효과적인 공부 방법,2024-11-26T09:47:08Z,55.0,True,292,6.0,0.0
640,UCR80sLhCUOmUSL0LX2ofwag,김명열 영어(MK ENGLISH),W5a_3lJV74o,가상화폐 초기 투자자의 현 상황,2024-11-27T06:52:09Z,190.0,False,1330,11.0,9.0
640,UCR80sLhCUOmUSL0LX2ofwag,김명열 영어(MK ENGLISH),BWIUGNCdvOY,듣기 만점이 안나올 때 듣기 능력 진단법,2024-11-28T06:58:13Z,53.0,True,15,0.0,0.0
640,UCR80sLhCUOmUSL0LX2ofwag,김명열 영어(MK ENGLISH),LrS0e7rSmdI,내가 산 주식과 내가 판 주식은 왜 늘.....,2024-11-29T10:25:31Z,78.0,False,27,1.0,0.0
640,UCR80sLhCUOmUSL0LX2ofwag,김명열 영어(MK ENGLISH),KkokJN3zKQk,담배만 안폈으면 벤츠를 샀을거라고??..,2024-11-30T03:06:19Z,60.0,True,58,2.0,0.0
640,UCR80sLhCUOmUSL0LX2ofwag,김명열 영어(MK ENGLISH),G8QuiK2Cyzg,너희 부모님은 성인군자야...진짜..,2024-12-01T07:16:18Z,52.0,True,27,1.0,0.0
640,UCR80sLhCUOmUSL0LX2ofwag,김명열 영어(MK ENGLISH),HZi59xoBUWw,이젠 노량진 수산시장도 키오스크 쓰더라..,2024-12-03T07:07:56Z,35.0,True,44,2.0,0.0
640,UCR80sLhCUOmUSL0LX2ofwag,김명열 영어(MK ENGLISH),H2KEdVBpnX4,내년 5등급제로 개편하면서 벌어질 일들,2024-12-06T12:10:51Z,85.0,False,219,0.0,0.0
640,UCR80sLhCUOmUSL0LX2ofwag,김명열 영어(MK ENGLISH),Rn_Ot6S_gO4,부자가 될 기회를 놓쳐버린 그 날..,2024-12-11T05:24:24Z,95.0,False,52,0.0,0.0
640,UCR80sLhCUOmUSL0LX2ofwag,김명열 영어(MK ENGLISH),qiaOVvdCQ6I,트럼프가 다시 대통령이 되었다는건......,2024-12-21T03:42:44Z,43.0,True,64,2.0,0.0
640,UCR80sLhCUOmUSL0LX2ofwag,김명열 영어(MK ENGLISH),RxiyruBrLI8,평균이 개무시 당하는 몇 안되는 집단....,2024-12-23T09:18:45Z,66.0,False,1985,10.0,13.0
640,UCR80sLhCUOmUSL0LX2ofwag,김명열 영어(MK ENGLISH),W-XzfQ6go8o,우리 인식에 영향을 미치는 다양한 요소들,2024-12-26T13:22:57Z,76.0,False,37,3.0,0.0
640,UCR80sLhCUOmUSL0LX2ofwag,김명열 영어(MK ENGLISH),Xs71QwcYnpE,주식 시장에서 남들과 다른 선택을 했다는건 말이야..,2024-12-29T02:07:46Z,96.0,False,198,2.0,0.0
640,UCR80sLhCUOmUSL0LX2ofwag,김명열 영어(MK ENGLISH),oOB5uWXV3Xk,가난한 가족의 이동 갈비에 대한 안좋은 추억,2025-01-08T06:28:11Z,80.0,False,35,2.0,0.0
640,UCR80sLhCUOmUSL0LX2ofwag,김명열 영어(MK ENGLISH),SgDffEuoFmE,특강만 들으면 다 해결될 거라는 생각은 버리자..,2025-01-10T10:44:44Z,99.0,False,82,2.0,0.0
640,UCR80sLhCUOmUSL0LX2ofwag,김명열 영어(MK ENGLISH),lqB_tF1Z1Vc,20대에 바지에 X 쌀뻔한 썰...,2025-01-12T03:28:36Z,199.0,False,68,1.0,0.0
640,UCR80sLhCUOmUSL0LX2ofwag,김명열 영어(MK ENGLISH),fqo3KbebOuo,그렇게 올랐는데 왜 아직도 마이너스지..,2025-01-23T05:11:55Z,57.0,True,67,1.0,2.0
640,UCR80sLhCUOmUSL0LX2ofwag,김명열 영어(MK ENGLISH),CwCkfRy9RCc,개근을 위한 초등 1학년 김명열의 발악,2025-02-17T05:18:23Z,110.0,False,60,2.0,0.0
640,UCR80sLhCUOmUSL0LX2ofwag,김명열 영어(MK ENGLISH),YO7QUFo1vWU,3대 엔터 기획사에 투자하여 존버한 결과,2025-02-19T12:42:53Z,25.0,True,85,3.0,0.0
640,UCR80sLhCUOmUSL0LX2ofwag,김명열 영어(MK ENGLISH),9VCVDbEfdcs,최저시급..많이 오른거야..라떼는...,2025-02-22T07:57:43Z,33.0,True,96,0.0,0.0
640,UCR80sLhCUOmUSL0LX2ofwag,김명열 영어(MK ENGLISH),mDMTPLdTxF8,재미난 25년 6월 고1 모평 내신대비 강의 21~32번,2025-06-07T03:05:26Z,5254.0,False,122,2.0,2.0
641,UCH5Z9pknjsWOdlVLJ5s_kXw,마이비티비,A_cLcuUFXj8,[당구레슨] #5  등분법 두께 설정 방법 !,2020-02-11T02:30:01Z,695.0,False,22807,233.0,7.0
641,UCH5Z9pknjsWOdlVLJ5s_kXw,마이비티비,qOTXp20gMLI,[당구] 당구장에서 유격훈련하는 BJ,2020-02-12T13:57:33Z,819.0,False,1282,23.0,6.0
641,UCH5Z9pknjsWOdlVLJ5s_kXw,마이비티비,CbQiKLDamak,수원당구왕 차명종이 35점 동호인 최강자와 붙었다!,2020-02-18T09:39:34Z,1701.0,False,13859,116.0,8.0
641,UCH5Z9pknjsWOdlVLJ5s_kXw,마이비티비,c-2GlxFe9ok,[당구레슨] #6  두께 맞추는 레슨은 이제 마무으리,2020-02-19T12:26:43Z,410.0,False,26666,247.0,11.0
641,UCH5Z9pknjsWOdlVLJ5s_kXw,마이비티비,A6sFFhORI-o,"산체스, 부활의 서막 | 안탈리아 3쿠션 월드컵 32강 풀영상 | 산체스 vs 정승일",2020-02-24T09:08:49Z,3337.0,False,2489,19.0,3.0
641,UCH5Z9pknjsWOdlVLJ5s_kXw,마이비티비,oo5DtM-Q1vQ,뷰리에게 30초란? | 안탈리아 3쿠션 월드컵 32강 풀영상 | 김준태 vs 뷰리,2020-02-24T10:30:02Z,5383.0,False,4706,23.0,13.0
641,UCH5Z9pknjsWOdlVLJ5s_kXw,마이비티비,BwZ_GlbYWM8,대망의 결승전 ( 산체스 vs 야스퍼스 ) 안탈리아 3쿠션 월드컵 결승 풀영상,2020-02-24T17:12:15Z,5837.0,False,21537,110.0,10.0
641,UCH5Z9pknjsWOdlVLJ5s_kXw,마이비티비,fzEV9Nt_x0M,입만 벌리면 40점이 되는 녀자 | 행신 아름터당구장 야방 하이라이트!,2020-02-26T11:39:31Z,763.0,False,3259,44.0,6.0
641,UCH5Z9pknjsWOdlVLJ5s_kXw,마이비티비,m6GEL2OzqgA,[당구레슨]  #7  내 스트록이 좋은지 판단하는 6가지 기본 배치!,2020-02-28T13:11:56Z,433.0,False,75968,592.0,42.0
641,UCH5Z9pknjsWOdlVLJ5s_kXw,마이비티비,-Tc_8bo6w2I,[당구][풀영상] 탑클래스 선수들이 클럽에서 즐기는 방법 [허정한vs오성규],2020-03-17T15:27:14Z,4985.0,False,18509,140.0,26.0
641,UCH5Z9pknjsWOdlVLJ5s_kXw,마이비티비,wf8OcR6ACLM,[당구][당구레슨] #8 이것만 알면 당구끝!? 스트록의 3가지 유형,2020-03-18T17:26:24Z,420.0,False,112487,830.0,30.0
641,UCH5Z9pknjsWOdlVLJ5s_kXw,마이비티비,Lyjt6WMqIYM,[당구]저의 새로운 큐를 소개합니다 ♥,2020-03-19T20:46:48Z,405.0,False,11410,98.0,19.0
641,UCH5Z9pknjsWOdlVLJ5s_kXw,마이비티비,Cwl8MtOnIrg,[당구레슨] #9 복잡한 숫자계산 없는 평행 측정법 정복 !,2020-03-27T18:27:53Z,632.0,False,37086,458.0,18.0
641,UCH5Z9pknjsWOdlVLJ5s_kXw,마이비티비,xcVltO2R5lg,[당구레슨] #10 기본기 복습 !,2020-04-22T17:09:44Z,699.0,False,12153,168.0,9.0
641,UCH5Z9pknjsWOdlVLJ5s_kXw,마이비티비,WnDe6J1L4LQ,[당구레슨] #11 나만 알고싶은 [파이브앤하프 시스템] 1탄,2020-05-07T17:09:21Z,802.0,False,12984,157.0,8.0
641,UCH5Z9pknjsWOdlVLJ5s_kXw,마이비티비,DyVngMoL0Fk,[야방] 당구 세자매 놀러 갔다 왔습니다아^___^,2020-05-23T13:50:52Z,1014.0,False,1195,27.0,9.0
641,UCH5Z9pknjsWOdlVLJ5s_kXw,마이비티비,CDAbYZ-YCio,[당구레슨] #12 용사부님의 게임 레슨 잘못된 초이스 고치기!,2020-05-27T10:01:07Z,809.0,False,10969,137.0,37.0
641,UCH5Z9pknjsWOdlVLJ5s_kXw,마이비티비,USP4XhoI1MY,[당구레슨] #13 스트록의 완성 1편,2020-06-03T11:07:31Z,585.0,False,23999,318.0,16.0
641,UCH5Z9pknjsWOdlVLJ5s_kXw,마이비티비,JVBhV0zJgaY,[당구레슨] #14 스트록의 완성 2편,2020-06-04T12:05:31Z,673.0,False,21547,290.0,19.0
641,UCH5Z9pknjsWOdlVLJ5s_kXw,마이비티비,qlz7WnQsBd0,[당구레슨] #15 승급전 가즈아!,2020-06-15T16:15:34Z,377.0,False,2667,68.0,17.0
641,UCH5Z9pknjsWOdlVLJ5s_kXw,마이비티비,2m9pFo2uM5w,[당구레슨] #16 파이브 앤드 하프 시스템을 배우기 위한 유나의 준비사항!!,2020-06-16T15:00:00Z,768.0,False,6625,100.0,16.0
641,UCH5Z9pknjsWOdlVLJ5s_kXw,마이비티비,trCzfsai3zE,[당구레슨]#17 파이브앤드 하프 시스템 2탄!! 유나가 이해를 한다??,2020-06-20T14:30:10Z,572.0,False,5457,97.0,11.0
641,UCH5Z9pknjsWOdlVLJ5s_kXw,마이비티비,I9eZQ7_G-tA,"[당구] 울지마, 유나야 ! 유나짱X아프리카 연승전 ""극한의 하이텐션♥"" #유나짱 고려기프트배 당구 대회 활약상",2020-06-22T04:00:03Z,542.0,False,8591,109.0,14.0
641,UCH5Z9pknjsWOdlVLJ5s_kXw,마이비티비,VFwg5Jse9OI,[당구레슨]#18 용사부의 레슨 파이브 앤드 하프 시스템 마지막편! 유나짱이 드디어~?!,2020-06-29T05:00:10Z,603.0,False,8063,144.0,8.0
641,UCH5Z9pknjsWOdlVLJ5s_kXw,마이비티비,-M42CmxddRg,[당구레슨]#19 파이브 앤드 하프시스템을 활용한 옆돌려치기,2020-07-06T05:00:01Z,599.0,False,8256,163.0,9.0
641,UCH5Z9pknjsWOdlVLJ5s_kXw,마이비티비,gGnrJCly2sU,[당구레슨]#20 파이브 앤드 하프시스템을 활용한 옆돌려치기 2편~!,2020-07-08T04:00:07Z,629.0,False,6287,126.0,9.0
641,UCH5Z9pknjsWOdlVLJ5s_kXw,마이비티비,VpYszIJFyu8,[여캠유나짱] 별풍선 대박 터짐 [멘탈나감주의.JPG ],2020-07-13T05:00:10Z,117.0,False,1603,27.0,4.0
641,UCH5Z9pknjsWOdlVLJ5s_kXw,마이비티비,4O9aKIS-FpQ,"[여캠유나짱] 내 꿈은 당구 선수인데... ""너 방송이 그게 뭐야?"" 😢 한마디에 유나짱 마음이 무너진다...( ˃̣̣̥᷄⌓˂̣̣̥᷅ ) #유나짱 여캠 소통 라이브 2화",2020-07-15T05:00:00Z,299.0,False,2580,51.0,14.0
641,UCH5Z9pknjsWOdlVLJ5s_kXw,마이비티비,mxznezF4sOo,[당구레슨]#21 파이브 앤드 하프시스템을 활용한 뒤돌려치기 1편~!,2020-07-20T03:00:19Z,485.0,False,5809,101.0,5.0
641,UCH5Z9pknjsWOdlVLJ5s_kXw,마이비티비,FUj5HEsDgsA,[당구레슨]#22 파이브 앤드 하프시스템을 활용한 뒤돌려치기2편~!,2020-07-22T03:00:05Z,534.0,False,6114,118.0,7.0
641,UCH5Z9pknjsWOdlVLJ5s_kXw,마이비티비,gPFBGnwnTQw,[당구] 이렇게 하면 무조건 1등 ! 서바이벌에서 살아남는법,2020-07-29T03:00:06Z,999.0,False,2781,26.0,6.0
641,UCH5Z9pknjsWOdlVLJ5s_kXw,마이비티비,u9KCMq8ZuMk,"[당구] 안지훈 선수,윌리엄 선수가 유나네에 놀러왔어요 우리 같이 꽃길만 걸어요...🔔",2020-08-01T04:00:16Z,1606.0,False,835,22.0,3.0
641,UCH5Z9pknjsWOdlVLJ5s_kXw,마이비티비,VuBpjn1tCbg,"[유나짱] 직진게임이라고....? ""1편"" 😊",2020-08-04T04:00:05Z,527.0,False,417,15.0,6.0
641,UCH5Z9pknjsWOdlVLJ5s_kXw,마이비티비,zgi6PQPhz7s,[유나짱] 직진게임 2편~! 가즈아~!,2020-08-07T05:37:15Z,603.0,False,253,14.0,0.0
641,UCH5Z9pknjsWOdlVLJ5s_kXw,마이비티비,sCbsHahPxEE,"[유나짱] 직진게임 3편 게임하다 화나서 흑화할각ㅋㅋㅋㅋ 운영자,개발자 다나와 #여자당구 당구",2020-08-10T04:00:11Z,626.0,False,251,9.0,0.0
641,UCH5Z9pknjsWOdlVLJ5s_kXw,마이비티비,dg87Mdo0N9Y,[유나짱] 직진 게임을 깨고 인생의 교훈을 얻었습니다 + 슬픈 이야기 ㅠㅠ,2020-08-12T04:00:06Z,742.0,False,388,11.0,0.0
641,UCH5Z9pknjsWOdlVLJ5s_kXw,마이비티비,6UASkWaPzf0,[당구레슨]#23 3년 동안 몰랐던 엇각 옆돌리기~ #용사부의 레슨,2020-08-17T04:00:02Z,962.0,False,32736,521.0,20.0
641,UCH5Z9pknjsWOdlVLJ5s_kXw,마이비티비,kllcjzEBVKw,[당구레슨]#24 3년은 단축시키는 필살기~ 엇각 옆돌리기~ #용사부의 레슨,2020-08-20T04:00:08Z,737.0,False,10375,211.0,14.0
641,UCH5Z9pknjsWOdlVLJ5s_kXw,마이비티비,I939Ux6PrZk,[당구] 고등부 고인물 김한누리 vs 정재인 선수~! 😙,2020-08-25T05:07:39Z,809.0,False,1486,19.0,5.0
641,UCH5Z9pknjsWOdlVLJ5s_kXw,마이비티비,YDSXHQ8EC84,"[당구] 유나의 유익한 인터뷰~ 정재인,김한누리 선수",2020-08-27T06:49:38Z,669.0,False,1112,18.0,3.0
641,UCH5Z9pknjsWOdlVLJ5s_kXw,마이비티비,guvgzt3Cyn0,[생] [당구] 토요일 당구방송 -  막게임 ! 손준혁 vs 손제우 !,2020-08-29T13:31:07Z,,False,0,0.0,0.0
641,UCH5Z9pknjsWOdlVLJ5s_kXw,마이비티비,KnabrX-hF6s,[당구] 파이널 개막전 런아웃을 해버리는 허정한! (코리아 당구 그랑프리),2021-02-03T11:00:07Z,132.0,False,357,10.0,0.0
641,UCH5Z9pknjsWOdlVLJ5s_kXw,마이비티비,nZo9KPagOdA,[당구] 김민석(35) VS 호식이(32) 마이비 클럽 경기 / 역대급 하이런? [마이빌리어즈카페],2021-02-15T10:52:08Z,1131.0,False,801,10.0,3.0
641,UCH5Z9pknjsWOdlVLJ5s_kXw,마이비티비,KK1WhHHIssE,[당구] PBA 3부 이창호(32) 호식이 마이비 클럽 경기 / 에버리지 1.52 [마이빌리어즈카페],2021-03-11T09:02:32Z,394.0,False,478,7.0,0.0
641,UCH5Z9pknjsWOdlVLJ5s_kXw,마이비티비,4dzijWtGAx4,[당구] PBA 3부 손제우(32) 맴 마이빌리어즈카페 클럽 경기 / 에버리지 2.00 [마이빌리어즈카페],2021-03-19T06:03:20Z,412.0,False,595,6.0,0.0
641,UCH5Z9pknjsWOdlVLJ5s_kXw,마이비티비,I1cDa1r69o4,[당구] 이창호(32) VS 당구마스크 (32) 마이비 클럽 경기 /에버 1++ 치열한 승부 [마이빌리어즈카페],2021-04-26T05:01:45Z,316.0,False,689,6.0,0.0
641,UCH5Z9pknjsWOdlVLJ5s_kXw,마이비티비,Pobuj6p_ReA,[당구] PBA 3부 이창호(32) 호식이 마이비 클럽 경기 / 에버리지 1.45[마이빌리어즈카페],2021-05-03T03:48:47Z,357.0,False,315,9.0,2.0
641,UCH5Z9pknjsWOdlVLJ5s_kXw,마이비티비,uxcdbtmsb_E,[당구] 에버 1을 치는 당구장 직원.. 실력이 ㄷㄷ[마이빌리어즈카페] #명우빈,2021-05-10T02:58:48Z,250.0,False,786,9.0,1.0
641,UCH5Z9pknjsWOdlVLJ5s_kXw,마이비티비,ez80gBPtKn8,[당구] 이창호(32) 에버리지 1.33 ! 득점 모음 / 마이비 클럽 경기 [마이빌리어즈카페] #PBA,2021-05-17T06:04:17Z,306.0,False,260,2.0,0.0
641,UCH5Z9pknjsWOdlVLJ5s_kXw,마이비티비,qOhDhfcDlrE,[당구] 이창호(32) 에버리지 1.45 득점 모음 / 마이비 클럽 경기 [마이빌리어즈카페] #PBA,2021-05-24T05:56:06Z,316.0,False,860,7.0,1.0
642,UCkctu7NjErLImRTmzDkhSJg,YuRamBuBu / 유람부부,T8fDFwhGtRY,백패킹 대신 등산 / 여기도 봄이 왔구나 금정산 범어사 | VLOG 4,2018-04-17T23:44:22Z,1168.0,False,2807,65.0,18.0
642,UCkctu7NjErLImRTmzDkhSJg,YuRamBuBu / 유람부부,gJCdvam09Y0,"부부백패킹, 미세먼지도 우릴 막을 순 없다 백패킹 | VLOG 5",2018-04-24T23:10:52Z,724.0,False,21595,210.0,77.0
642,UCkctu7NjErLImRTmzDkhSJg,YuRamBuBu / 유람부부,K7J54oK95Zw,"부부백패킹, 언제나 산은 옳다!! 백패킹 | VLOG 6",2018-05-23T15:36:33Z,1260.0,False,5537,123.0,37.0
642,UCkctu7NjErLImRTmzDkhSJg,YuRamBuBu / 유람부부,0YxBJY2Lb5Y,"부부백패킹, 부산 근교 백패킹 & 트레킹 / 산과 숲과 바다 ^^ | VLOG 7",2018-06-16T17:55:10Z,1116.0,False,10836,170.0,49.0
642,UCkctu7NjErLImRTmzDkhSJg,YuRamBuBu / 유람부부,qdUI1CZK2rg,"부부백패킹, 자연에 묻혀서 즐기다 온 비싼 영상 (feat. 렌즈 박살) | VLOG 8",2018-06-23T02:39:50Z,867.0,False,20180,275.0,55.0
642,UCkctu7NjErLImRTmzDkhSJg,YuRamBuBu / 유람부부,aZFwOokz9j8,"부부캠핑, 오랜만에 오토캠핑 덕유대 야영장 part 1 (feat. 월드컵 응원 멕시코전) | VLOG 9",2018-07-08T05:03:39Z,1516.0,False,27012,286.0,88.0
642,UCkctu7NjErLImRTmzDkhSJg,YuRamBuBu / 유람부부,oIuZH_QrhPA,"부부캠핑, 오랜만에 오토캠핑 덕유대 야영장 part 2 (feat. 주변여행(수승대), 시골밥상) | VLOG 10",2018-07-12T00:14:17Z,1107.0,False,9551,131.0,33.0
642,UCkctu7NjErLImRTmzDkhSJg,YuRamBuBu / 유람부부,5kjCfgNJX14,"부부캠핑, 더위를 피해 지리산 계곡으로 오토캠핑 part 1 (대성교 야영장) | VLOG 11",2018-07-30T11:11:57Z,1005.0,False,23941,224.0,50.0
642,UCkctu7NjErLImRTmzDkhSJg,YuRamBuBu / 유람부부,9Wl00YHqRPw,"부부캠핑, 더위를 피해 지리산 계곡으로 오토캠핑 part 2 (의신 마을, 지리산 반달곰, 커피한잔) | VLOG 12",2018-08-04T03:52:18Z,1251.0,False,9661,119.0,59.0
642,UCkctu7NjErLImRTmzDkhSJg,YuRamBuBu / 유람부부,K9r3FS5Wv9E,폭염피해 높은 곳으로 1박 2일 등산~! 그곳은 천국 이였다~!! | Vlog 13 #등산 #백패킹 #캠핑,2018-08-15T15:00:28Z,2042.0,False,18284,239.0,61.0
642,UCkctu7NjErLImRTmzDkhSJg,YuRamBuBu / 유람부부,dsbJhcvaGn4,"부부백패킹, 드디어 섬 백패킹 개시!! 섬도 많이 선선해 졌어요 :-) | Vlog 14 #등산 #백패킹 #캠핑",2018-08-21T14:56:09Z,1711.0,False,23990,354.0,129.0
642,UCkctu7NjErLImRTmzDkhSJg,YuRamBuBu / 유람부부,j5EMmIlhh84,원랜 백패킹이였는데 어쩌다 보니 캠핑에 먹방까지!! | Vlog 15 #등산 #백패킹 #캠핑 #먹방,2018-09-15T00:07:07Z,1745.0,False,15106,245.0,113.0
642,UCkctu7NjErLImRTmzDkhSJg,YuRamBuBu / 유람부부,SonGEovAHt8,배낭에 뭐 들었어요? (배낭 패킹 #1) | Review 1 / #백패킹 #백패킹배낭 #백패킹장비,2018-09-21T08:30:11Z,858.0,False,51690,514.0,90.0
642,UCkctu7NjErLImRTmzDkhSJg,YuRamBuBu / 유람부부,f6kQ3u4qbbM,[추석인사] 추석 잘 보내세요~!! / 백패킹 하산길 | #백패킹 #등산 #역귀성 #맏며느리,2018-09-23T06:37:29Z,201.0,False,2430,107.0,29.0
642,UCkctu7NjErLImRTmzDkhSJg,YuRamBuBu / 유람부부,S8xy2KlWC2c,난생 처음해보는 차박 도전!!! 차박 매력있네요 ㅎㅎ | Vlog 16 #차박 #캠핑,2018-09-28T12:41:06Z,1203.0,False,13272,256.0,76.0
642,UCkctu7NjErLImRTmzDkhSJg,YuRamBuBu / 유람부부,MXjDLSDo8Ok,"부부백패킹, 오랜만에 산으로 백패킹!! 가즈아~ | Vlog 17 #등산 #백패킹 #캠핑",2018-10-01T22:00:03Z,1489.0,False,7728,200.0,73.0
642,UCkctu7NjErLImRTmzDkhSJg,YuRamBuBu / 유람부부,HJJjDkKfTPE,"아직, 단풍구경 못 가신분들! 저희와 함께 가시죠!!!  | Vlog 18 #등산 #백패킹 #캠핑",2018-10-25T01:31:33Z,2003.0,False,4755,177.0,79.0
642,UCkctu7NjErLImRTmzDkhSJg,YuRamBuBu / 유람부부,bEOTkFQ9TzA,첫 라이브 방송!! 정말 너무 좋았습니다 ㅎㅎ!! 대운산 자연휴양림 캠핑 | Vlog 19 #등산 #백패킹 #캠핑 #먹방,2018-11-07T23:58:32Z,1875.0,False,6929,202.0,116.0
642,UCkctu7NjErLImRTmzDkhSJg,YuRamBuBu / 유람부부,CVvDWDybpPg,군산 관리도 낚시 백패킹~! 낚시? 살짝 시작해볼라구요 ㅎㅎ (관리도 캠핑장) | Vlog 20 #백패킹 #캠핑 #낚시,2018-11-15T15:29:20Z,1341.0,False,7848,230.0,121.0
642,UCkctu7NjErLImRTmzDkhSJg,YuRamBuBu / 유람부부,GowZNMtYOLo,유람부부의 대리유람 ep.0 | 어딘가 가보고 싶은데 못하시는 분들! 저희가 대신 가보겠습니다!! ^^,2018-11-21T02:51:21Z,249.0,False,4153,159.0,137.0
642,UCkctu7NjErLImRTmzDkhSJg,YuRamBuBu / 유람부부,POX-UYOcJMY,남해 도보여행 ep1. 남해 바래길 1코스 살포시 걷고 캠핑!!  (@남해편백자연휴양림) | Vlog 21#백패킹 #캠핑 #도보여행,2018-11-29T00:25:24Z,1239.0,False,6322,219.0,151.0
642,UCkctu7NjErLImRTmzDkhSJg,YuRamBuBu / 유람부부,YwLYrjRlnqY,"남해 도보여행 ep2. 남해편백자연휴양림 캠핑, 드론을 보내다 ㅠㅠ , 두번째 비싼 영상 | Vlog 22 #백패킹 #캠핑 #도보여행",2018-12-01T02:46:18Z,954.0,False,9316,287.0,117.0
642,UCkctu7NjErLImRTmzDkhSJg,YuRamBuBu / 유람부부,Z7QTJZgH5Fc,"도심속 힐링 캠핑, 역시 겨울엔 불멍, 분위기 좋은 캠핑장 | VLOG 23 #부부캠핑 #캠핑 #오토캠핑 #미니멀캠핑 #부산캠핑",2018-12-05T21:30:00Z,1253.0,False,6739,216.0,92.0
642,UCkctu7NjErLImRTmzDkhSJg,YuRamBuBu / 유람부부,4MyTLH9mPjM,[유람부부] 소백산에서 보낸 2박3일!! 메리크리스 마스!!  (산골민박 소백산 연화봉 대피소) | Vlog 24 # 등산 # 백패킹 # 캠핑,2018-12-25T02:01:16Z,2841.0,False,10313,308.0,162.0
642,UCkctu7NjErLImRTmzDkhSJg,YuRamBuBu / 유람부부,46ZNpsCelhE,"Solo Stove Ranger 화력좋고, 둘이서 쓰기 좋은 캠핑 화로대!!! | Review 2 / #캠핑장비 #장비리뷰 #화로대리뷰 #솔로스토브 #본파이어 #캠프파이어 #레인저",2019-01-05T00:00:02Z,471.0,False,18257,227.0,100.0
642,UCkctu7NjErLImRTmzDkhSJg,YuRamBuBu / 유람부부,6PSF78sAKs0,화목난로 개시!  나름 간편한 세팅으로 불멍과 먹방만 하다가 온 듯해요 ㅎㅎ | Vlog 01 #캠핑 #화목난로 #먹방 #불멍 #캠핑장비 #캠핑난로,2019-01-11T13:49:54Z,2230.0,False,36005,468.0,169.0
642,UCkctu7NjErLImRTmzDkhSJg,YuRamBuBu / 유람부부,U0S0snJJn6I,화목난로와 화로대 덕분에 백패킹을 못가는 사태가... 다음주엔 갈 수 있으려나? | Vlog 02 #캠핑 #화목난로 #노지캠핑 #동계캠핑 #캠핑장비 #오토캠핑 #미나리삼겹살,2019-01-18T08:00:03Z,1723.0,False,20875,355.0,158.0
642,UCkctu7NjErLImRTmzDkhSJg,YuRamBuBu / 유람부부,-0Dpgc_chyA,[재업로드] 야경보며 치맥먹으러 퇴근박~!! 오랜만에 백패킹오니 좋네 ^^ | Vlog 03 #백패킹 #BPL 배낭 #퇴근박 #캠핑 #등산 #부부백패킹,2019-01-27T12:58:16Z,1206.0,False,2599,128.0,59.0
642,UCkctu7NjErLImRTmzDkhSJg,YuRamBuBu / 유람부부,lziAg7RoenM,유람부부의 대리유람 ep.1-1  | 별이 쏟아지던 강원도 정선 오지마을 백패킹 #연포마을 #트레킹 #캠핑 #도보여행,2019-02-10T08:04:46Z,1130.0,False,12700,265.0,87.0
642,UCkctu7NjErLImRTmzDkhSJg,YuRamBuBu / 유람부부,N2iZhMf-8yg,유람부부의 대리유람 ep.1-2  | 구독자님 덕분에 여행 너무 잘 하고 왔습니다 ^^ #히치하이킹 #정선오일장 #오지마을 백패킹 캠핑  #콧등치기국수,2019-02-11T23:21:27Z,1754.0,False,10595,297.0,126.0
642,UCkctu7NjErLImRTmzDkhSJg,YuRamBuBu / 유람부부,M-UipqI-pTU,"낭만이 있는 섬 낭도 백패킹, 여러분 섬여행에서 식당은 꼭 예약하세요 !! 하마터면 저녁 굶을 뻔 ㅎㅎ | Vlog 04 #백패킹 #캠핑 #섬여행 #섬백패킹 #여수 #낭도",2019-03-30T06:57:05Z,1258.0,False,8616,207.0,98.0
642,UCkctu7NjErLImRTmzDkhSJg,YuRamBuBu / 유람부부,pm_vrDsUvsw,"우리가 애정하는 섬 여행 , 섬트레킹 / 뷰 좋은 곳에서 행동식 먹기 | Vlog05",2019-04-02T10:53:11Z,1539.0,False,6967,204.0,72.0
642,UCkctu7NjErLImRTmzDkhSJg,YuRamBuBu / 유람부부,dFGt7IHcvWU,"부부백패킹, 스마트폰 하나로 담은 영상 | 울산 간절곶 소망길 (feat. LG G8 ThinQ) | VLOG 06",2019-04-06T13:41:44Z,644.0,False,4511,165.0,78.0
642,UCkctu7NjErLImRTmzDkhSJg,YuRamBuBu / 유람부부,AiDpXp7x8DI,오랜만에 불멍과 함께하는 오토캠핑 | VLOG 07 #부부캠핑 #캠핑 #오토캠핑 #미니멀캠핑 #부산캠핑,2019-04-22T22:00:02Z,1046.0,False,7576,158.0,69.0
642,UCkctu7NjErLImRTmzDkhSJg,YuRamBuBu / 유람부부,VYW72jJ7HPQ,[유람부부] 은하수 여행. 은하수와 함께한 두번째 차박. 캠핑은 하지못했지만 너무 좋았습니다 :-) | Vlog 08 #차박 #은하수 #캠핑,2019-05-09T15:21:25Z,1084.0,False,3382,173.0,57.0
642,UCkctu7NjErLImRTmzDkhSJg,YuRamBuBu / 유람부부,4_Wstnbm2f0,요즘도 화목난로는 쓰기 좋네요 | 분위기 좋은 매실농장에서 힐링 캠핑 !! 계곡물 소리는 덤!! | Vlog 09 #캠핑 #미니멀캠핑 #화목난로,2019-05-14T08:45:00Z,1637.0,False,3617,194.0,63.0
642,UCkctu7NjErLImRTmzDkhSJg,YuRamBuBu / 유람부부,sdjhROa_4uQ,"삼천포 신수도 백패킹 1편, 곧 캠핑장이 오픈한데요~~ (아직은 무료) | Vlog 10 #한려해상국립공원 #신수도 #백패킹",2019-05-21T22:15:24Z,1652.0,False,9088,227.0,60.0
642,UCkctu7NjErLImRTmzDkhSJg,YuRamBuBu / 유람부부,FKDt9RznPKE,"경남 사천 신수도 백패킹 2편, 역시 섬트레킹은 무조건 고고고!!  | Vlog 11 #백패킹 #캠핑 #트레킹 #등산",2019-05-23T22:15:01Z,1111.0,False,4087,178.0,71.0
642,UCkctu7NjErLImRTmzDkhSJg,YuRamBuBu / 유람부부,iezpRHjnMbU,[언박싱] 최근 구매한 제품 | 백패킹 장비 | 캠핑 장비 간단 리뷰 / 헬레나이프 유트베어 / 크레모아 헤디2 / 쿨네스 넥플랩 / 레키 마이크로 바리오 Ti,2019-05-30T08:45:02Z,661.0,False,3417,116.0,34.0
642,UCkctu7NjErLImRTmzDkhSJg,YuRamBuBu / 유람부부,NMAwhvde18Q,"뒷산에서 비화식으로 1박2일 백패킹, 드론 신고식 / 부산 백패킹 / 비화식 식사 / couple backpacking | Vlog12",2019-06-03T12:14:11Z,969.0,False,4396,257.0,125.0
642,UCkctu7NjErLImRTmzDkhSJg,YuRamBuBu / 유람부부,IMCzhmiJfDA,완도 소안도 백패킹 | 다시 가고픈 완도 섬 여행 | 너무 시원한 둘레길 | 가학산 등산 | Vlog 13,2019-06-27T11:12:31Z,1829.0,False,7227,263.0,139.0
642,UCkctu7NjErLImRTmzDkhSJg,YuRamBuBu / 유람부부,hwASLBsKkro,한 여름밤의 캠핑 | 덕유대 캠핑장 | 니모 벅아웃 | 모기장 타프 | 숲속 캠핑 | 힐링 캠핑 | Vlog 14,2019-07-12T14:12:38Z,1096.0,False,23345,289.0,78.0
642,UCkctu7NjErLImRTmzDkhSJg,YuRamBuBu / 유람부부,tQaIBop0WeE,모기장 야침 캠핑 | 여름 초복 캠핑 | 여유 힐링 캠핑 | 청도 운문댐 하류보 | 니모 벅아웃 12 | 리액터 삼계탕 | 그리즐리 하드 쿨러 | Vlog 15,2019-07-20T06:25:28Z,1325.0,False,16678,309.0,132.0
642,UCkctu7NjErLImRTmzDkhSJg,YuRamBuBu / 유람부부,IXrwqMsUwYE,우중캠핑 | 부부캠핑 | 빗소리 들으며 먹으러 나갔습니다 | 비올땐 파전 | 콜맨 야전침대 | 화로대에 소고기 | 캠핑먹방 | Vlog 16,2019-08-01T10:00:04Z,1147.0,False,11193,254.0,104.0
642,UCkctu7NjErLImRTmzDkhSJg,YuRamBuBu / 유람부부,aVSLe3xKhAU,불멍 캠핑 | 소소한 우중캠핑 | 여름엔 덕유대 야영장 | 숲속 캠핑 | 노르디스크 오플랜드3LW | Nordisk Oppland3 LW | 캠핑클럽 | 먹방 | Vlog 17,2019-08-13T13:29:53Z,1124.0,False,20835,481.0,156.0
642,UCkctu7NjErLImRTmzDkhSJg,YuRamBuBu / 유람부부,KyP0Kmm35X8,"한 여름 제주 캠핑 | 낮엔 덥지만, 저녁엔 선선 | 교래 자연 휴양림 | 노르디스크 오플랜드3LW | Nordisk Oppland3 LW | 캠핑클럽 | 먹방 | Vlog 18",2019-08-18T13:31:05Z,1485.0,False,10872,320.0,139.0
642,UCkctu7NjErLImRTmzDkhSJg,YuRamBuBu / 유람부부,czKayc8wzyY,섬 속의 섬 비양도 캠핑 | 제주 우도 | 제주 백패킹 | 노르디스크 | 터널형 텐트 | 백패킹 텐트 | Nordisk | 캠핑클럽 | 감성캠핑 | 노지캠핑 | Vlog 19,2019-08-24T23:59:16Z,965.0,False,6870,180.0,62.0
642,UCkctu7NjErLImRTmzDkhSJg,YuRamBuBu / 유람부부,t__cTsIwZIc,마감) 구독자 이벤트 저희와 함께 즐겨요 ^^,2019-08-29T15:01:02Z,127.0,False,1918,147.0,157.0
642,UCkctu7NjErLImRTmzDkhSJg,YuRamBuBu / 유람부부,sa88Is8akBU,우리에게 힐링이 되주었던 주작산 자연 휴양림 | 전남 강진 | 캠핑먹방 | 노르디스크 오플랜드 3LW | Vlog 20,2019-09-07T11:30:12Z,1294.0,False,12461,253.0,112.0
642,UCkctu7NjErLImRTmzDkhSJg,YuRamBuBu / 유람부부,zYeJmJi_WOg,티피텐트와 화목난로 오랜만에 캠핑 차박 | 오랜만 입니다 !! 반가워요~~~~,2020-01-19T12:00:13Z,1720.0,False,6881,247.0,112.0
643,UC2pO9r2WJ5grE0Y4LMC5oWQ,페퍼솔트,9f8Rmd1fIlw,[페퍼솔트] 레몬향이 가득한 마들렌 만들기 - Lemon Madeleine,2015-01-01T11:48:21Z,143.0,False,1444,16.0,6.0
643,UC2pO9r2WJ5grE0Y4LMC5oWQ,페퍼솔트,2d67raxcW7Y,[페퍼솔트] 촉촉바삭 초코마카롱(Choco Macaron),2015-01-05T06:12:36Z,195.0,False,81457,243.0,220.0
643,UC2pO9r2WJ5grE0Y4LMC5oWQ,페퍼솔트,GLK8ds8KowY,[페퍼솔트] 바삭바삭한 식감! 삼색 머랭쿠키(Meringue Cookie),2015-01-07T15:17:57Z,155.0,False,4074,20.0,5.0
643,UC2pO9r2WJ5grE0Y4LMC5oWQ,페퍼솔트,MpA_BSSkPv0,[페퍼솔트] 코코넛향이 기가막힌 코코넛로쉐(Coconut Rocher),2015-01-08T13:11:06Z,112.0,False,2353,18.0,1.0
643,UC2pO9r2WJ5grE0Y4LMC5oWQ,페퍼솔트,4lQ_pJ8uyS8,[페퍼솔트] 연예인보다 더 만나기 어려운 허니버터칩 만들기(HONEY BUTTER CHIP),2015-01-09T11:24:04Z,149.0,False,2439,21.0,0.0
643,UC2pO9r2WJ5grE0Y4LMC5oWQ,페퍼솔트,Rl6RoWOKAdQ,[페퍼솔트] 너무 쉽잖아? 상투과자 / 구리볼(Cannellini Bean Cookies),2015-01-13T14:09:49Z,102.0,False,2941,18.0,6.0
643,UC2pO9r2WJ5grE0Y4LMC5oWQ,페퍼솔트,9vbLK3hZ5Lk,[페퍼솔트] 레몬의 상큼함 & 크림치즈의 풍미! 뉴욕치즈케이크(New York cheese cake),2015-01-14T15:24:06Z,261.0,False,2143,25.0,11.0
643,UC2pO9r2WJ5grE0Y4LMC5oWQ,페퍼솔트,wXPf4wtioZ4,[페퍼솔트] 새콤달콤쫀득바삭 레몬마카롱(Lemon Macaron),2015-01-17T07:21:13Z,272.0,False,80171,348.0,184.0
643,UC2pO9r2WJ5grE0Y4LMC5oWQ,페퍼솔트,KSXDDcn_zsc,[페퍼솔트] 시나몬향 가득! 우유와 함께하면 더 맛있는 스니커두들(Snickerdoodles),2015-01-19T14:43:41Z,159.0,False,3202,37.0,5.0
643,UC2pO9r2WJ5grE0Y4LMC5oWQ,페퍼솔트,PvPIt9FL8fU,"[페퍼솔트] 티라미수의 맛을 더 풍부하게, 티라미수 베이스 마스카포네치즈(Mascarpone cheese)",2015-01-22T02:51:30Z,89.0,False,3054,20.0,6.0
643,UC2pO9r2WJ5grE0Y4LMC5oWQ,페퍼솔트,J9SBjeERkVc,"[페퍼솔트] 노오븐디저트, 간편하고 맛있어~ 딸기 티라미수(Strawberry Tiramisu)",2015-01-22T03:30:05Z,208.0,False,8410,40.0,11.0
643,UC2pO9r2WJ5grE0Y4LMC5oWQ,페퍼솔트,KehbNFYQULs,"[페퍼솔트] 컵까지 먹자, 달콤하고 모양도 예쁜 초콜릿컵(Chococups)",2015-01-24T18:46:25Z,122.0,False,2930,24.0,4.0
643,UC2pO9r2WJ5grE0Y4LMC5oWQ,페퍼솔트,9llygMLTRdI,[페퍼솔트] 실패한 마카롱 이렇게 활용하기(Macaron Chocobar),2015-01-26T13:21:04Z,163.0,False,2150,19.0,14.0
643,UC2pO9r2WJ5grE0Y4LMC5oWQ,페퍼솔트,G1A2MBGb2t8,[페퍼솔트] 한번 맛보면 빠져나올 수 없는 도지마롤(堂島ロール) 자막ver,2015-01-29T13:00:19Z,221.0,False,15551,83.0,45.0
643,UC2pO9r2WJ5grE0Y4LMC5oWQ,페퍼솔트,BMcc908bH4U,[페퍼솔트] Drink week 카나에에게 선물받은 호주T2 코코아로코 맛보기(Cocoa Loco) _KOR & JAP SUB,2015-02-02T15:14:48Z,164.0,False,612,7.0,5.0
643,UC2pO9r2WJ5grE0Y4LMC5oWQ,페퍼솔트,B0hIcn7ckz8,"[페퍼솔트] 딸기가 더 달콤해지는 시간 과일사탕 이치고아메(いちごあめ, ICHIGO AME)",2015-02-10T12:14:50Z,79.0,False,5798,25.0,11.0
643,UC2pO9r2WJ5grE0Y4LMC5oWQ,페퍼솔트,cOETYcTeQEk,[페퍼솔트] 발렌타인데이 특집 간단히 만드는 파베초콜릿(Pave Chocolate),2015-02-13T15:58:07Z,83.0,False,4471,25.0,15.0
643,UC2pO9r2WJ5grE0Y4LMC5oWQ,페퍼솔트,lS5Tk06WTG0,[페퍼솔트] 아몬드대신 피스타치오 피스타치오 마카롱(Pistachio Macaron),2015-02-14T11:03:03Z,134.0,False,5819,31.0,20.0
643,UC2pO9r2WJ5grE0Y4LMC5oWQ,페퍼솔트,ZExeM638eX0,[페퍼솔트] 초코를 사랑한다면 가토쇼콜라(Gateau Chocola),2015-02-17T15:35:34Z,186.0,False,14453,103.0,49.0
643,UC2pO9r2WJ5grE0Y4LMC5oWQ,페퍼솔트,zDK1CYUwdp0,"[페퍼솔트] 다시추워진 날씨, 집에서 간단하게 따뜻한 고구마라떼만들기(Sweet Potato Latte)",2015-03-05T12:21:25Z,108.0,False,2265,20.0,13.0
643,UC2pO9r2WJ5grE0Y4LMC5oWQ,페퍼솔트,iqwmyANu9og,[페퍼솔트] 베리믹스 아이스크림 집에서 쉽게 만들기!(Berrymix Icecream),2015-05-19T10:55:32Z,194.0,False,3292,27.0,15.0
643,UC2pO9r2WJ5grE0Y4LMC5oWQ,페퍼솔트,B8xTMBhZk4U,[페퍼솔트] 김밥만들기(kimbap),2015-05-19T11:16:24Z,131.0,False,1535,10.0,5.0
643,UC2pO9r2WJ5grE0Y4LMC5oWQ,페퍼솔트,93puWQHjc2k,"[페퍼솔트] 깊은 초콜릿의 풍미, 퐁당 오 쇼콜라 만들기(FONDANT AU CHOCOLAT)",2015-05-19T11:23:42Z,186.0,False,29948,172.0,120.0
643,UC2pO9r2WJ5grE0Y4LMC5oWQ,페퍼솔트,PjZUTOSBEbE,"[페퍼솔트] 고생끝에 맛이오리니, 크레이프케익(Crepe Cake)",2015-05-20T12:21:46Z,296.0,False,6285,71.0,22.0
643,UC2pO9r2WJ5grE0Y4LMC5oWQ,페퍼솔트,ZZ5uOz2tYN4,페퍼솔트님의 실시간 스트리밍,2015-09-07T12:49:15Z,,False,0,0.0,0.0
643,UC2pO9r2WJ5grE0Y4LMC5oWQ,페퍼솔트,c-y8bCWazZ0,포핀쿠킨 네루네루네루네(ねるねるねるね ブドウ味) Nerunerunerune grape,2015-09-29T06:09:05Z,164.0,False,550,9.0,4.0
643,UC2pO9r2WJ5grE0Y4LMC5oWQ,페퍼솔트,do_t8YQI5xc,"오스시야상, 스시만들기(たのしいおすしやさん)made tanosii osushiyasan",2015-09-29T06:14:26Z,257.0,False,756,10.0,3.0
643,UC2pO9r2WJ5grE0Y4LMC5oWQ,페퍼솔트,rdZp_tlkLgU,[페퍼솔트] 사과향가득 애플쿠키만들기(Apple Cookie),2015-10-07T14:00:44Z,191.0,False,2323,42.0,7.0
643,UC2pO9r2WJ5grE0Y4LMC5oWQ,페퍼솔트,I56pTvPm0mc,[페퍼솔트]말랑말랑 만들어먹는게 더 맛있는 마쉬멜로우(Marshmallow),2015-10-16T19:34:38Z,246.0,False,3344,34.0,27.0
643,UC2pO9r2WJ5grE0Y4LMC5oWQ,페퍼솔트,qXWqY9bz094,[페퍼솔트] 쫀득하게 초코가 꽉찬 찐득찐득 퍼지브라우니(Fudge Brownies),2015-10-22T15:38:47Z,316.0,False,14903,167.0,35.0
643,UC2pO9r2WJ5grE0Y4LMC5oWQ,페퍼솔트,nzH0DuKtIug,[페퍼솔트]달콤탱글 맛있고 간단한 커스터드푸딩(Custard Pudding),2015-11-05T20:02:17Z,204.0,False,2217,33.0,16.0
643,UC2pO9r2WJ5grE0Y4LMC5oWQ,페퍼솔트,PHD7q10dDIU,"[페퍼솔트]태국 방콕 디저트카페, 애프터유(After You)",2016-02-06T13:01:56Z,228.0,False,2388,23.0,16.0
643,UC2pO9r2WJ5grE0Y4LMC5oWQ,페퍼솔트,IJzDqCtmvrM,"[페퍼솔트]발렌타인데이, 10분투자 씨리얼초콜릿(Cereal Chocolate)만들기!",2016-02-12T21:21:31Z,145.0,False,5090,59.0,14.0
643,UC2pO9r2WJ5grE0Y4LMC5oWQ,페퍼솔트,6DWFwgkQ_H4,"[페퍼솔트]발렌타인데이, 초콜렛이 식상하다면 초콜릿타르트(Chocolate Tart)",2016-02-13T16:03:40Z,227.0,False,1957,25.0,21.0
643,UC2pO9r2WJ5grE0Y4LMC5oWQ,페퍼솔트,JsyJmBrZZ4w,"[페퍼솔트]간식타임! 레인보우롤케익, 바닐라슈, 에스프레소슈, 카라멜크리스프!",2016-02-19T07:58:56Z,210.0,False,942,9.0,11.0
643,UC2pO9r2WJ5grE0Y4LMC5oWQ,페퍼솔트,VDaUh_DQBQg,"[페퍼솔트]치즈케익 색예쁘게 굽는방법, 하얗게 굽기(Cheese Cake)",2016-02-25T09:07:38Z,203.0,False,1555,34.0,13.0
643,UC2pO9r2WJ5grE0Y4LMC5oWQ,페퍼솔트,3fyoIh1aKZE,[페퍼솔트] 집에서 쉽게만드는 태국 볶음쌀국수 팟타이(Pat Thai),2016-03-01T02:43:13Z,242.0,False,1472,16.0,7.0
643,UC2pO9r2WJ5grE0Y4LMC5oWQ,페퍼솔트,SxWwl4cWK5g,"[다이어트]이걸로 -15kg 감량? 다이어트에 좋다는 파인애플식초(Pineapple Vinegar)만들기, How to make a Pineapple Vinegar",2016-03-08T08:16:21Z,304.0,False,37318,71.0,26.0
643,UC2pO9r2WJ5grE0Y4LMC5oWQ,페퍼솔트,0g7CY4Jmt68,"[15kg減量]ダイエットに抜群！ダイエットレシピ, パイナップル酢(Pineapple Vinegar)作り, (日本語字幕) How to make a Pineapple Vinegar",2016-03-08T09:59:52Z,304.0,False,13214,32.0,3.0
643,UC2pO9r2WJ5grE0Y4LMC5oWQ,페퍼솔트,GNY5aWEqFqk,[노오븐]오븐없으면 밥통으로! 밥통치즈케익(Cheese Cake made with Rice Cooker),2016-03-12T06:30:26Z,285.0,False,5035,53.0,12.0
643,UC2pO9r2WJ5grE0Y4LMC5oWQ,페퍼솔트,uDnVqcM8z9o,"극장팝콘이 부럽지않다, 카라멜팝콘, 스위트갈릭, 체다치즈 팝콘 만들기(How to make Popcorn)",2016-05-07T16:52:27Z,289.0,False,9992,72.0,23.0
643,UC2pO9r2WJ5grE0Y4LMC5oWQ,페퍼솔트,vDUTIvvQpOo,[페퍼솔트] 화이트데이 초콜릿 위스키봉봉 & 와인봉봉(Whiskey bonbon & Wine bobon),2017-03-11T10:45:30Z,185.0,False,4313,44.0,12.0
644,UCzYZla0hFhsDAxJkWMZ04Fw,쭈쭌TV,8Ho3FbQexLI,●쭈쭌TV● 첫 회 예고편~♡ 주아는 비글 준우랑 잘할수있을까요?,2018-08-08T11:21:53Z,61.0,False,15681,288.0,
644,UCzYZla0hFhsDAxJkWMZ04Fw,쭈쭌TV,g2rVA5PwS4c,●쭈쭌TV● 첫영상! 같이 오도독 슬라임 해봐요~^^ (feat. 자유로운 영혼 야생곰🐻과 함께),2018-08-09T12:59:15Z,289.0,False,13140,275.0,
644,UCzYZla0hFhsDAxJkWMZ04Fw,쭈쭌TV,n0-EK0cjiNQ,●쭈쭌TV● 우리 같이 간식 먹어요~ 마지막 과자는 무슨 과자일까요?,2018-08-12T01:25:33Z,316.0,False,20263,319.0,
644,UCzYZla0hFhsDAxJkWMZ04Fw,쭈쭌TV,x1npSP2C-oU,●쭈쭌TV● 우리 같이 인형놀이 해요~^^ (feat. 🐻먹방),2018-08-14T01:14:33Z,336.0,False,7562,185.0,
644,UCzYZla0hFhsDAxJkWMZ04Fw,쭈쭌TV,X3lZYa3Nhho,●쭈쭌TV● 엄마랑 같이 화장해봐요~♡ (쭈쭌맘 쌩얼 최초등장!!),2018-08-16T10:48:30Z,430.0,False,15379,349.0,55.0
644,UCzYZla0hFhsDAxJkWMZ04Fw,쭈쭌TV,Hlm-aRM4WNE,●쭈쭌TV● 우리 같이 네일 💅놀이 해요~ 👧🧒,2018-08-18T15:18:15Z,378.0,False,8057,193.0,
644,UCzYZla0hFhsDAxJkWMZ04Fw,쭈쭌TV,zLKRIrI6Mx0,●쭈쭌TV● 우리같이 폼티커로 놀아보아요~^^(feat. 🐻준우의 작품명은 과연?),2018-08-20T01:38:20Z,472.0,False,9757,206.0,
644,UCzYZla0hFhsDAxJkWMZ04Fw,쭈쭌TV,ggRfx0z0EfY,●쭈쭌TV● 오늘은 할머니랑 떡만들기 하고 놀거에요♡  (feat. 실패는 성공의 어머니😅),2018-08-23T12:27:22Z,511.0,False,20930,331.0,0.0
644,UCzYZla0hFhsDAxJkWMZ04Fw,쭈쭌TV,wvawqSaYNJ8,●쭈쭌TV● 우리 같이 그림 그릴까요?^^ (feat. 오프닝 이백번장인 울할머니♡),2018-08-28T01:35:13Z,454.0,False,40894,519.0,0.0
644,UCzYZla0hFhsDAxJkWMZ04Fw,쭈쭌TV,G55qg7L2waQ,●쭈쭌TV● 쭈쭌이랑 생일축하해요~~^^(feat. 케잌vs햄!승자는?😮),2018-08-29T12:03:11Z,206.0,False,19031,265.0,32.0
644,UCzYZla0hFhsDAxJkWMZ04Fw,쭈쭌TV,xjdT2BoATOo,●쭈쭌TV● 크레용으로 신기한 놀이해보아요😊 (feat. 불 담당 울엄마),2018-09-02T01:37:04Z,447.0,False,5471,136.0,
644,UCzYZla0hFhsDAxJkWMZ04Fw,쭈쭌TV,JoamD21di4k,●쭈쭌TV● 쭈쭌이네 같이 사는 인형친구들 소개해요😘 💕,2018-09-04T05:50:46Z,718.0,False,6664,152.0,
644,UCzYZla0hFhsDAxJkWMZ04Fw,쭈쭌TV,gPlXNvy5jzo,●쭈쭌TV● 외출전 👧쭈아표 간단 메이크업💕,2018-09-05T11:02:51Z,224.0,False,3548,106.0,
644,UCzYZla0hFhsDAxJkWMZ04Fw,쭈쭌TV,TxHZHyxjdhg,●쭈쭌TV● 오늘은 쭈누 속이기!ㅋㅋㅋ과연 성공할것인가!😂,2018-09-07T01:49:54Z,462.0,False,27072,382.0,
644,UCzYZla0hFhsDAxJkWMZ04Fw,쭈쭌TV,5MBcwsCd8EM,●쭈쭌TV● 쭈쭌이랑 레인보우 슬라임 같이해요~^^,2018-09-11T22:29:43Z,446.0,False,5706,153.0,
644,UCzYZla0hFhsDAxJkWMZ04Fw,쭈쭌TV,SzjxAk2UCj8,●쭈쭌TV● 🧚‍♀️요정 벨라와 릴리의 집과 정원을 만들꺼에요~ 같이 힐링해봐요😍,2018-09-15T15:43:31Z,515.0,False,3980,140.0,
644,UCzYZla0hFhsDAxJkWMZ04Fw,쭈쭌TV,lJWt924TztA,●쭈쭌TV● 쭈쭌이랑 물감찍기놀이 같이 해요!(feat. 🐻중박),2018-09-19T12:20:52Z,346.0,False,3910,140.0,
644,UCzYZla0hFhsDAxJkWMZ04Fw,쭈쭌TV,ER8HzLFSXNs,●쭈쭌TV● 트위스티펫으로 팔찌랑 목걸이 만들어보아용😀 (feat. 다양한 직업🐻),2018-09-22T01:06:39Z,443.0,False,3319,100.0,
644,UCzYZla0hFhsDAxJkWMZ04Fw,쭈쭌TV,uLTOGRS9jwM,●쭈쭌TV● 👧쭈아의 과자 ASMR ♡( 을 가장한 먹방ㅋㅋ),2018-09-27T15:08:51Z,400.0,False,4315,159.0,
644,UCzYZla0hFhsDAxJkWMZ04Fw,쭈쭌TV,pHlyRa7Zlg8,●쭈쭌TV● 자기전에 👧🧒쭈쭌이랑 같이 책읽고 자요♡,2018-09-30T13:36:43Z,548.0,False,4499,122.0,
644,UCzYZla0hFhsDAxJkWMZ04Fw,쭈쭌TV,Wy2qQJdPUAw,●쭈쭌TV● 🍎사과케잌 🧀치즈케잌 을~매나 맛있게요?,2018-10-02T12:06:28Z,292.0,False,6266,152.0,
644,UCzYZla0hFhsDAxJkWMZ04Fw,쭈쭌TV,VP92e0NJB8E,●쭈쭌TV● 남동생 화장시키기 ~~(feat.아프리카 토인 화장 장인👧),2018-10-08T01:07:48Z,366.0,False,15263,395.0,
644,UCzYZla0hFhsDAxJkWMZ04Fw,쭈쭌TV,rfhrrGaAG3s,●쭈쭌TV● 모찌들이 가지고 노는 모찌모찌 하우스♡,2018-10-15T09:42:00Z,384.0,False,3734,112.0,
644,UCzYZla0hFhsDAxJkWMZ04Fw,쭈쭌TV,qiaBP0j9jnM,●쭈쭌TV● 잠안오는 친구들~ 우리같이 달밤의 체조 어때요?🤣,2018-10-27T14:26:40Z,223.0,False,4206,108.0,
644,UCzYZla0hFhsDAxJkWMZ04Fw,쭈쭌TV,8pQy1r8kgts,●쭈쭌TV● 신나는 금요일~ 쭈선생님의 종이접기 강연♡(feat.🐻 곰 먹방),2018-11-02T09:38:07Z,604.0,False,5376,173.0,0.0
644,UCzYZla0hFhsDAxJkWMZ04Fw,쭈쭌TV,_WSpH8K9oUI,●쭈쭌TV●💜🧡💛💚💙여러가지색 죄다 섞어 볼까?ㅋㅋㅋ은근 힐링♡,2018-11-09T06:53:16Z,416.0,False,4647,122.0,
644,UCzYZla0hFhsDAxJkWMZ04Fw,쭈쭌TV,LbtZucDi7KE,●쭈쭌TV● 입원 했을때 재밌는 놀이~,2018-11-24T06:44:52Z,442.0,False,68250,888.0,
644,UCzYZla0hFhsDAxJkWMZ04Fw,쭈쭌TV,SZ_P07pvoTk,●쭈쭌TV● 조물조물 오징어 만들기 해봐요💕(feat.🐻야생곰의 습격),2018-12-06T00:46:02Z,431.0,False,5500,151.0,
644,UCzYZla0hFhsDAxJkWMZ04Fw,쭈쭌TV,tGxo1DJOUIU,●쭈쭌TV● 이번엔 떡만들기 성공할수 있을까요?,2018-12-19T08:20:34Z,436.0,False,5650,148.0,0.0
644,UCzYZla0hFhsDAxJkWMZ04Fw,쭈쭌TV,RREoIjoGxy8,●쭈쭌TV● 남동생 화장시키기 2탄!ㅋㅋㅋㅋ(feat.카라멜의 노예🐻),2018-12-22T09:12:28Z,497.0,False,13620,301.0,
644,UCzYZla0hFhsDAxJkWMZ04Fw,쭈쭌TV,ssialN4_38E,●쭈쭌TV●👶38개월 쭈누의 먹방 크리에이터 도전~🤣,2019-01-14T23:46:20Z,78.0,False,6179,271.0,
644,UCzYZla0hFhsDAxJkWMZ04Fw,쭈쭌TV,amHDUdmIDIM,●쭈쭌TV● 👧미세먼지 많은날~슬라임카페로 도망왔어요~😣(안전한 슬라임 만들기 같이해봐요!😊),2019-01-24T00:03:07Z,510.0,False,5420,116.0,
644,UCzYZla0hFhsDAxJkWMZ04Fw,쭈쭌TV,5xLxgLIOLSY,●쭈쭌TV● 플레이도우 언박싱! (feat. 대판싸움)ㅋㅋㅋ,2019-02-12T00:22:58Z,339.0,False,9204,293.0,
644,UCzYZla0hFhsDAxJkWMZ04Fw,쭈쭌TV,7yOqVFqV0B4,●쭈쭌TV● 쭈쓰앵님께 로보트 코딩 배워봐요🙂💕(feat.알버트♡),2019-02-18T11:30:38Z,517.0,False,8116,170.0,
644,UCzYZla0hFhsDAxJkWMZ04Fw,쭈쭌TV,jO2DFxJOG9Q,●쭈쭌TV● 쭈쭌이의 선택을 도와주세용~~ 우쭈쭈vs쭈쭈바 ??💕,2019-02-26T09:37:47Z,184.0,False,6378,117.0,
644,UCzYZla0hFhsDAxJkWMZ04Fw,쭈쭌TV,4n9LBc2YYlw,●쭈쭌TV● 쭈아가 재밌는 책 읽어줄께요 🍦쭈쭈바님들😍💕,2019-03-11T11:49:32Z,522.0,False,4508,137.0,
644,UCzYZla0hFhsDAxJkWMZ04Fw,쭈쭌TV,WXfrVZ2UlvE,●쭈쭌TV● 쭈쭈바님들은 어떤계절을 가장 좋아하세요?^^,2019-03-27T11:44:09Z,436.0,False,3771,82.0,
644,UCzYZla0hFhsDAxJkWMZ04Fw,쭈쭌TV,bVKEq5GN3Oc,●쭈쭌TV● 빵덕후들 모여라~~~(feat.쪼꼬소라빵🍞🥐🥖),2019-05-17T14:34:46Z,159.0,False,7789,212.0,
644,UCzYZla0hFhsDAxJkWMZ04Fw,쭈쭌TV,xPhZTfY3M4w,"●쭈쭌TV● 쭈아가 시장에서 산것은? 초딩 인싸템, 초딩 악세사리, 학용품 ♡",2019-07-06T13:28:37Z,288.0,False,6648,156.0,
644,UCzYZla0hFhsDAxJkWMZ04Fw,쭈쭌TV,zep5me1NT3w,●쭈쭌TV● 세부에서 물미끄럼틀 30번 타기 도전! 너무 시원해요😀,2019-07-28T05:56:56Z,520.0,False,4262,87.0,
644,UCzYZla0hFhsDAxJkWMZ04Fw,쭈쭌TV,zHMaR-zah-E,●쭈쭌TV● 친구들~~방학때 여기어때요?♡,2019-08-02T11:02:52Z,517.0,False,2819,78.0,0.0
644,UCzYZla0hFhsDAxJkWMZ04Fw,쭈쭌TV,eMlCYc4CRKg,●쭈쭌TV● 쭈쭈바 여러분들 심심할땐 뭐하세요??🤷‍♀️,2019-08-28T08:37:50Z,253.0,False,11730,157.0,
644,UCzYZla0hFhsDAxJkWMZ04Fw,쭈쭌TV,--YkXjyNfw8,●쭈쭌TV● 찡구들 다치지말아요~~ 약똑♡,2019-11-13T07:23:04Z,205.0,False,5849,116.0,
644,UCzYZla0hFhsDAxJkWMZ04Fw,쭈쭌TV,B_tPdmDpkuc,●쭈쭌TV● 쭈쭌이는 세배돈을 얼마나 받았을까?😯,2020-01-27T23:58:41Z,347.0,False,9035,167.0,10.0
644,UCzYZla0hFhsDAxJkWMZ04Fw,쭈쭌TV,uCw-b61ntDc,●쭈쭌TV● 오늘은 뭐해요? 우리는...,2020-03-31T01:30:44Z,111.0,False,13878,114.0,6.0
644,UCzYZla0hFhsDAxJkWMZ04Fw,쭈쭌TV,ZQOxbeP0WZM,●쭈쭌TV●더워요 더워~~ 시원하고 신나는 집콕 보드게임 같이 하실래용?😛,2020-06-20T05:33:20Z,141.0,False,16752,199.0,18.0
644,UCzYZla0hFhsDAxJkWMZ04Fw,쭈쭌TV,fqnlDUJIHv4,●쭈쭌TV● 우리 크리에이터놀이 같이 해볼까요?😍💕,2020-07-09T01:38:11Z,408.0,False,9797,135.0,25.0
644,UCzYZla0hFhsDAxJkWMZ04Fw,쭈쭌TV,Uf_c4wz4ifk,●쭈쭌TV● 힐링되는 꽃꽂이 같이 해볼래요?👧🧒⚘(Do you like flowers?),2020-10-21T01:47:52Z,487.0,False,8199,112.0,15.0
644,UCzYZla0hFhsDAxJkWMZ04Fw,쭈쭌TV,D-wglvc7rxk,●쭈쭌TV● 치킨 먹방~♡,2021-12-15T07:05:27Z,382.0,False,1183,36.0,
645,UC8jiRcIC2z5I-c5ZrzvvRjw,마스터TV,6TE322EIstg,"[마스터TV] 알아봅시다 아이돌! [11] 레이지-레이지 / 프레데리카,시키",2017-06-02T15:13:21Z,567.0,False,64741,814.0,139.0
645,UC8jiRcIC2z5I-c5ZrzvvRjw,마스터TV,drURRoVILKE,[마스터TV] 알아봅시다 아이돌! [12] 오오츠키 유이 / 상큼하고 붙임성 좋은 아이돌!,2017-06-15T13:46:37Z,510.0,False,28306,344.0,92.0
645,UC8jiRcIC2z5I-c5ZrzvvRjw,마스터TV,Wq8Kd_zI27s,[마스터TV]스위밍힐 신데페스 110연가챠 [풀버전],2017-07-01T08:41:30Z,4898.0,False,3363,46.0,10.0
645,UC8jiRcIC2z5I-c5ZrzvvRjw,마스터TV,SpXWI71a5X8,[마스터TV]스위밍힐 신데페스 110연가챠 [편집버전],2017-07-01T11:39:18Z,1210.0,False,10020,77.0,27.0
645,UC8jiRcIC2z5I-c5ZrzvvRjw,마스터TV,RHcQH33KYHU,[마스터TV] 알아봅시다 아이돌! [13] 오가타 치에리 / ..치에리엘!,2017-07-14T09:07:46Z,475.0,False,25643,348.0,81.0
645,UC8jiRcIC2z5I-c5ZrzvvRjw,마스터TV,w45D3hbFzj4,"[마스터TV] 알아봅시다 아이돌! [14] 섹시 길티 / 유코, 시즈쿠, 사나에",2017-07-29T13:54:57Z,543.0,False,34800,394.0,71.0
645,UC8jiRcIC2z5I-c5ZrzvvRjw,마스터TV,K0VFZqqowJM,[마스터TV] 알아봅시다 아이돌! [15] 마에카와 미쿠 / 고양이 컨셉 아이돌!,2017-08-27T14:38:11Z,613.0,False,23727,370.0,87.0
645,UC8jiRcIC2z5I-c5ZrzvvRjw,마스터TV,kAof8tXzPK0,[마스터TV]후지와라 하지메 성우 배정!!,2017-09-01T17:01:49Z,128.0,False,11659,159.0,43.0
645,UC8jiRcIC2z5I-c5ZrzvvRjw,마스터TV,_Ucgzuj7UDM,[마스터TV] 알아봅시다 아이돌! [16] 니노미야 아스카 / 또 다른 중2병 아이돌!,2017-09-17T13:59:18Z,643.0,False,27968,403.0,113.0
645,UC8jiRcIC2z5I-c5ZrzvvRjw,마스터TV,DEGO4eRuR3k,[마스터TV]키타미 유즈 성우 배정!!,2017-09-26T15:11:27Z,157.0,False,11296,152.0,52.0
645,UC8jiRcIC2z5I-c5ZrzvvRjw,마스터TV,6uw1b6lyzzo,[마스터TV]스위밍힐 후미후미 저격가챠,2017-09-28T05:43:32Z,3182.0,False,6001,52.0,28.0
645,UC8jiRcIC2z5I-c5ZrzvvRjw,마스터TV,_hZMslJILaE,[마스터TV]세키 히로미 성우 배정!!,2017-09-30T19:07:42Z,177.0,False,9624,160.0,37.0
645,UC8jiRcIC2z5I-c5ZrzvvRjw,마스터TV,cilvsEOtkQU,[마스터TV] 알아봅시다 아이돌! [17] 아베 나나 / 영원한 17세 아이돌!!,2017-10-17T11:42:40Z,485.0,False,40173,607.0,158.0
645,UC8jiRcIC2z5I-c5ZrzvvRjw,마스터TV,BbVy1lgWtzI,[마스터TV]아라키 히나 성우 배정!!,2017-10-20T13:26:21Z,149.0,False,8871,162.0,44.0
645,UC8jiRcIC2z5I-c5ZrzvvRjw,마스터TV,jfTdJNJhm9s,[마스터TV]무라카미 토모에 성우 배정!!,2017-11-02T11:58:31Z,225.0,False,9711,165.0,32.0
645,UC8jiRcIC2z5I-c5ZrzvvRjw,마스터TV,eBzcAirLsHw,[마스터TV] 알아봅시다 아이돌! [18] 호시 쇼코 / 반전 있는 메탈 아이돌!!,2017-11-12T12:44:10Z,436.0,False,48070,742.0,133.0
645,UC8jiRcIC2z5I-c5ZrzvvRjw,마스터TV,pUiMawn5PMc,[마스터TV] 알아봅시다 아이돌! [19] 모리쿠보 노노 / 네거티브 아이돌!!,2017-11-18T07:59:01Z,374.0,False,48661,642.0,181.0
645,UC8jiRcIC2z5I-c5ZrzvvRjw,마스터TV,c31Bxq1WTtY,[마스터TV]유우키 하루 성우배정 확정+ 6주년 기념 소식,2017-11-21T09:42:12Z,224.0,False,11213,191.0,74.0
645,UC8jiRcIC2z5I-c5ZrzvvRjw,마스터TV,ERfqraCEux0,[마스터TV]무나카타 아츠미 성우 배정!!,2017-12-07T12:47:22Z,160.0,False,9796,156.0,46.0
645,UC8jiRcIC2z5I-c5ZrzvvRjw,마스터TV,JF_q0fDyaxQ,[마스터TV] 알아봅시다 아이돌! [20] 하야사카 미레이 / 외로운 늑대!!,2017-12-10T16:03:30Z,482.0,False,22309,380.0,84.0
645,UC8jiRcIC2z5I-c5ZrzvvRjw,마스터TV,kP2iyhK143E,[마스터TV] 알아봅시다 아이돌! [21] 시오미 슈코 / 푸른 일번성!!,2017-12-23T15:30:25Z,433.0,False,23759,410.0,81.0
645,UC8jiRcIC2z5I-c5ZrzvvRjw,마스터TV,Q5fbnaW311Q,[마스터TV] 알아봅시다 아이돌! [특별편] 메리 크리스마스!!,2017-12-24T10:14:12Z,375.0,False,15579,328.0,86.0
645,UC8jiRcIC2z5I-c5ZrzvvRjw,마스터TV,4jlEFMqrXvE,[마스터TV] 알아봅시다 아이돌! [22] 코바야카와 사에 / 교토아가씨 아이돌,2018-01-21T14:29:38Z,506.0,False,20658,383.0,98.0
645,UC8jiRcIC2z5I-c5ZrzvvRjw,마스터TV,MhF_4KG1xpI,[마스터TV] 알아봅시다 아이돌! [23] 사토 신 / 스~위티한 아이돌,2018-02-08T11:51:22Z,463.0,False,30491,441.0,86.0
645,UC8jiRcIC2z5I-c5ZrzvvRjw,마스터TV,VH_0lllxaDk,[마스터TV] 알아봅시다 아이돌! [24] 마츠나가 료 / 록밴드 출신 아이돌,2018-02-22T13:40:13Z,450.0,False,12249,240.0,43.0
645,UC8jiRcIC2z5I-c5ZrzvvRjw,마스터TV,xBCg6SZ_cf4,[마스터TV] 알아봅시다 아이돌! [25] 미무라 카나코 / 포용력있는 아이돌,2018-03-09T13:12:43Z,487.0,False,14994,247.0,97.0
645,UC8jiRcIC2z5I-c5ZrzvvRjw,마스터TV,UkLoMjQGvYI,[마스터TV] 알아봅시다 아이돌! [26] 타카모리 아이코 / 상냥한 아이돌!!,2018-03-19T14:49:02Z,416.0,False,11955,233.0,60.0
645,UC8jiRcIC2z5I-c5ZrzvvRjw,마스터TV,dS2gOhJR6EU,[마스터TV] 다시 알아봅시다 아이돌! [01] 사쿠마 마유 / 얀데레 아이돌!,2018-03-22T11:33:28Z,430.0,False,26207,450.0,78.0
645,UC8jiRcIC2z5I-c5ZrzvvRjw,마스터TV,ntbxLXajPno,[마스터TV] 알아봅시다 아이돌! [27] 타카후지 카코 / 초강운 아이돌!!,2018-03-27T11:22:52Z,408.0,False,14447,270.0,75.0
645,UC8jiRcIC2z5I-c5ZrzvvRjw,마스터TV,gtHH7RMIlOU,[마스터TV] 알아봅시다 아이돌! [28] 시라기쿠 호타루 / 불행의 아이돌,2018-04-03T11:38:10Z,375.0,False,11947,267.0,81.0
645,UC8jiRcIC2z5I-c5ZrzvvRjw,마스터TV,GY6wYRPfn04,[마스터TV] 알아봅시다 아이돌! [29] 히메카와 유키 / 야구돌!,2018-04-17T09:32:49Z,394.0,False,11481,235.0,42.0
645,UC8jiRcIC2z5I-c5ZrzvvRjw,마스터TV,JJTj1faXp74,[데레스테MV]하이파이☆데이즈 - L.M.B.G(another ver.),2018-04-22T01:42:57Z,137.0,False,5843,113.0,38.0
645,UC8jiRcIC2z5I-c5ZrzvvRjw,마스터TV,XwYfk4SphOE,[마스터TV] 알아봅시다 아이돌! [30] 뉴 웨이브 / 새로운 물결!,2018-05-17T12:58:38Z,687.0,False,13873,274.0,59.0
645,UC8jiRcIC2z5I-c5ZrzvvRjw,마스터TV,9mDCjG0xzcY,[마스터TV] 알아봅시다 아이돌! [31] 사쿠라이 모모카 / 쨔마!,2018-06-25T13:54:15Z,457.0,False,20463,306.0,72.0
645,UC8jiRcIC2z5I-c5ZrzvvRjw,마스터TV,lqCqnKIf_n0,"[마스터TV] 알아봅시다 아이돌! [32] 하야미 카나데 / 원, 투, 키스키스",2018-07-22T15:02:18Z,624.0,False,17464,390.0,55.0
645,UC8jiRcIC2z5I-c5ZrzvvRjw,마스터TV,a9aFImDTTPo,[마스터TV] 알아봅시다 아이돌! [33] 나탈리아 / 지구 반대편에서 온 아이돌!,2018-11-01T12:04:43Z,384.0,False,6796,201.0,55.0
645,UC8jiRcIC2z5I-c5ZrzvvRjw,마스터TV,R4kJ5ht9Gzo,[마스터TV] 알아봅시다 아이돌! [34] 오토쿠라 유우키 /  운동소녀 아이돌!,2018-12-04T12:27:10Z,419.0,False,10394,297.0,69.0
645,UC8jiRcIC2z5I-c5ZrzvvRjw,마스터TV,-kNVTplnhP4,[마스터TV] 알아봅시다 아이돌! [35] 호죠 카렌 / 병약속성 아이돌!,2019-02-10T13:06:06Z,790.0,False,10038,291.0,66.0
645,UC8jiRcIC2z5I-c5ZrzvvRjw,마스터TV,UVOteWD9RLg,[데레스테MV]골짜기 밑에서 피는 꽃은 - 시라기쿠 호타루,2019-02-12T15:52:12Z,141.0,False,4662,98.0,18.0
645,UC8jiRcIC2z5I-c5ZrzvvRjw,마스터TV,_4he1u-j0vE,[마스터TV] 알아봅시다 아이돌! [36] 요리타 요시노 / 신성한 기운의 아이돌!,2019-04-13T14:34:14Z,426.0,False,6727,197.0,43.0
645,UC8jiRcIC2z5I-c5ZrzvvRjw,마스터TV,CsZXTgaeFaU,[마스터TV] 알아봅시다 아이돌! [37] 아리우라 칸나 / 사랑의 전도사,2019-04-20T03:58:41Z,336.0,False,3445,136.0,29.0
645,UC8jiRcIC2z5I-c5ZrzvvRjw,마스터TV,9_5KhvE5-Bw,[마스터TV] 알아봅시다 아이돌! [38] 야가미 마키노 / 논리정연 아이돌,2019-05-10T07:56:18Z,288.0,False,4033,134.0,35.0
645,UC8jiRcIC2z5I-c5ZrzvvRjw,마스터TV,Ie9NAUkCmpk,[마스터TV] 다시 알아봅시다 아이돌! [08] 후지모토 리나 / 아이돌!,2019-05-16T14:09:19Z,343.0,False,4607,132.0,20.0
645,UC8jiRcIC2z5I-c5ZrzvvRjw,마스터TV,MtPEaWV4fug,[마스터TV]스위밍힐 데레스테 한정 미나미를 저격할수있을까?,2019-05-27T12:31:35Z,,False,0,0.0,0.0
645,UC8jiRcIC2z5I-c5ZrzvvRjw,마스터TV,M-vvE7yo5mQ,[마스터TV] 알아봅시다 아이돌! [39] 아나스타샤 / 러시아 혼혈의 아이돌,2019-06-17T13:39:20Z,615.0,False,9403,213.0,60.0
645,UC8jiRcIC2z5I-c5ZrzvvRjw,마스터TV,BIYzmRhXlmM,가사를 알면 더 좋은 아이마스 악곡 #01,2019-06-24T12:31:46Z,543.0,False,8720,261.0,30.0
645,UC8jiRcIC2z5I-c5ZrzvvRjw,마스터TV,V3j8CB0NpBI,가사를 알면 더 좋은 아이마스 악곡 #02,2019-07-21T05:07:55Z,528.0,False,5590,164.0,26.0
645,UC8jiRcIC2z5I-c5ZrzvvRjw,마스터TV,EQk_ZaRmoPE,[마스터TV] 알아봅시다 아이돌! [40] 닛타 미나미,2019-09-01T12:36:59Z,674.0,False,6950,159.0,39.0
645,UC8jiRcIC2z5I-c5ZrzvvRjw,마스터TV,sO5NgG430A0,[마스터TV] 알아봅시다 아이돌! [41] 쿠도 시노부,2019-11-08T09:28:46Z,352.0,False,3247,85.0,28.0
645,UC8jiRcIC2z5I-c5ZrzvvRjw,마스터TV,3C6V9Cm4-Sg,[마스터TV] 아이마스 신작이 나옵니다.,2020-01-21T15:34:22Z,135.0,False,11979,177.0,95.0
647,UC3uJdwzlan5SSQJ-pC5qBqw,김태년TV ,ka4P2jsHTa8,이해찬 총리의 진짜 정책통은 김태년?,2026-04-28T01:16:35Z,48.0,True,1289,28.0,0.0
647,UC3uJdwzlan5SSQJ-pC5qBqw,김태년TV ,ShVl4BQjnNA,대한민국의 변곡점 지금 가장 필요한 것은?,2026-04-28T08:01:05Z,73.0,False,785,20.0,0.0
647,UC3uJdwzlan5SSQJ-pC5qBqw,김태년TV ,p3rrYNrqyqM,본회의 아닌데 여야 국회의원이 다 모인 이유?,2026-04-28T10:16:27Z,47.0,True,1244,28.0,0.0
647,UC3uJdwzlan5SSQJ-pC5qBqw,김태년TV ,O6xl6M6pB0s,최태원 회장이 말하는 미・중 AI 기술 패권경쟁 속 대한민국 성장 전략은?,2026-04-28T13:23:09Z,5976.0,False,807,24.0,1.0
647,UC3uJdwzlan5SSQJ-pC5qBqw,김태년TV ,Qx1rEW1l00A,현장에서 직접 받은 착!붙 공약,2026-04-29T01:17:50Z,1642.0,False,63,4.0,0.0
647,UC3uJdwzlan5SSQJ-pC5qBqw,김태년TV ,qVcIOzShmC4,"하이닉스 신고가 찍은 날, 김태년, 최태원 세기의 투샷",2026-04-29T01:34:25Z,11.0,True,171,8.0,0.0
647,UC3uJdwzlan5SSQJ-pC5qBqw,김태년TV ,Xlmxj0F_8fQ,우리 승리합시다!#현충원참배,2026-04-29T05:02:41Z,51.0,True,882,26.0,0.0
647,UC3uJdwzlan5SSQJ-pC5qBqw,김태년TV ,tP-X_c_u04I,당대표가 직접 공약을 전화로 물어본다?,2026-04-29T09:28:10Z,135.0,False,571,22.0,0.0
647,UC3uJdwzlan5SSQJ-pC5qBqw,김태년TV ,f-lX-txcRNY,가장 춥고 시릴 때 맺어진 동지,2026-04-30T00:19:23Z,31.0,True,860,14.0,0.0
647,UC3uJdwzlan5SSQJ-pC5qBqw,김태년TV ,9MSrvchJO7o,외교 천재 '이재명 대통령'과 함께 할 국회 외교통은?,2026-04-30T09:17:49Z,33.0,True,2151,31.0,0.0
647,UC3uJdwzlan5SSQJ-pC5qBqw,김태년TV ,tVFo8Xeahco,말보다 결과로 증명한 책임정치!,2026-05-01T01:46:51Z,58.0,True,799,13.0,0.0
647,UC3uJdwzlan5SSQJ-pC5qBqw,김태년TV ,wmgVC6roJpo,효능감 있는 국회란?,2026-05-01T05:01:46Z,44.0,True,902,19.0,1.0
647,UC3uJdwzlan5SSQJ-pC5qBqw,김태년TV ,R2FoLgFMowg,일 잘하는 국회의장 후보는 누구?,2026-05-02T01:25:00Z,66.0,False,3949,11.0,1.0
647,UC3uJdwzlan5SSQJ-pC5qBqw,김태년TV ,FKmFXseVjP0,"민주당의 착!붙 공약, 이번엔 청년이다!",2026-05-02T13:00:03Z,1706.0,False,202,6.0,0.0
647,UC3uJdwzlan5SSQJ-pC5qBqw,김태년TV ,LCm39hdx_n0,반드시 해내는 일 잘하는 국회의장 후보는 누구?,2026-05-03T00:11:16Z,43.0,True,1963,18.0,0.0
647,UC3uJdwzlan5SSQJ-pC5qBqw,김태년TV ,Koq9fz0sskE,결과를 만들어내는 리더십을 갖춘 국회의장 후보는 누구?,2026-05-03T04:22:24Z,49.0,True,1867,18.0,1.0
647,UC3uJdwzlan5SSQJ-pC5qBqw,김태년TV ,V3KK67HDhqI,생사고락을 함께 한 동지,2026-05-03T10:15:08Z,73.0,False,3516,107.0,0.0
647,UC3uJdwzlan5SSQJ-pC5qBqw,김태년TV ,k1JvNPXoAy4,"[국회의장 출마] 언제나 일을 보면 가슴이 뛰었던 사람, 저 김태년이 하겠습니다!",2026-05-03T22:59:48Z,102.0,False,203,14.0,2.0
647,UC3uJdwzlan5SSQJ-pC5qBqw,김태년TV ,jQWT7hwUk9A,"일 잘하는 국회의장 후보, 김태년!",2026-05-04T03:02:46Z,652.0,False,168,24.0,4.0
647,UC3uJdwzlan5SSQJ-pC5qBqw,김태년TV ,Xu-jA_pAAv8,"일 잘하는 국회의장 후보, 김태년의 6가지 공약!",2026-05-04T07:51:51Z,95.0,False,2183,26.0,4.0
647,UC3uJdwzlan5SSQJ-pC5qBqw,김태년TV ,82NqAb28NdM,찐민주당 김태년이 당원 동지들께 보내는 편지,2026-05-04T08:53:51Z,185.0,False,280,16.0,3.0
647,UC3uJdwzlan5SSQJ-pC5qBqw,김태년TV ,X4FT6E62Fqg,평생 민주당원 국회의장 후보 김태년 !,2026-05-04T13:00:58Z,114.0,False,1655,19.0,0.0
647,UC3uJdwzlan5SSQJ-pC5qBqw,김태년TV ,VOzvux6S4lY,어린이날을 맞는 어른들에게 #국회의장후보 #김태년,2026-05-05T04:01:21Z,78.0,False,409,31.0,4.0
647,UC3uJdwzlan5SSQJ-pC5qBqw,김태년TV ,NX63gfKDV4U,"37년의 진짜 동지, 찐민주당 사람!",2026-05-05T22:00:35Z,118.0,False,3433,246.0,16.0
647,UC3uJdwzlan5SSQJ-pC5qBqw,김태년TV ,2FentHtioyc,국회의장 후보 김태년,2026-05-06T09:16:17Z,89.0,False,162,15.0,7.0
647,UC3uJdwzlan5SSQJ-pC5qBqw,김태년TV ,aHyDmWDY_R8,김태년 국회의장 출마에 재계가 관심 갖는 이유?,2026-05-06T10:01:12Z,40.0,True,1114,19.0,2.0
647,UC3uJdwzlan5SSQJ-pC5qBqw,김태년TV ,LfknnQnoCFE,찐민주당 김태년이 당원 동지들께 보내는 편지,2026-05-06T22:00:33Z,130.0,False,3955,383.0,66.0
647,UC3uJdwzlan5SSQJ-pC5qBqw,김태년TV ,SO-4eiUsh5Q,말 보다 결과로 증명하는 국회의장 후보 김태년!,2026-05-07T00:15:06Z,111.0,False,1007,33.0,1.0
647,UC3uJdwzlan5SSQJ-pC5qBqw,김태년TV ,RumlLEj6mBo,겸손은 어렵지 않아~ 국회의장 후보 김태년!,2026-05-07T04:59:03Z,38.0,True,2201,51.0,2.0
647,UC3uJdwzlan5SSQJ-pC5qBqw,김태년TV ,cYiZpOyDLM4,공약 발표 현장에서 당대표의 깜짝 발표?,2026-05-07T11:01:06Z,76.0,False,1245,31.0,1.0
647,UC3uJdwzlan5SSQJ-pC5qBqw,김태년TV ,X1Gwc1V0vvc,우리가 모두 함께 만든 국민주권시대,2026-05-07T22:00:44Z,102.0,False,1593,21.0,4.0
647,UC3uJdwzlan5SSQJ-pC5qBqw,김태년TV ,Mw-VlSDjbeE,김태년을 국회의장으로! 3번 화이팅!,2026-05-08T04:20:11Z,33.0,True,1025,18.0,2.0
647,UC3uJdwzlan5SSQJ-pC5qBqw,김태년TV ,bsBf70n7Cw0,당대표실에서 김태년 화이팅이 나온 이유?,2026-05-08T09:22:23Z,69.0,False,1445,32.0,4.0
647,UC3uJdwzlan5SSQJ-pC5qBqw,김태년TV ,J8eL0ZtZQyE,본회의장 앞 치열한(?) 국회의장 후보 인사,2026-05-08T22:00:30Z,69.0,False,4871,103.0,5.0
647,UC3uJdwzlan5SSQJ-pC5qBqw,김태년TV ,-iyJ2ljdUjU,국가균형발전을 완성할 국회의장 후보 김태년!,2026-05-09T00:57:56Z,87.0,False,990,17.0,0.0
647,UC3uJdwzlan5SSQJ-pC5qBqw,김태년TV ,FowYyX4KCmo,"김어준이 감탄한 김태년의 일 잘하는 국회! ""바람이 분다""",2026-05-09T03:11:58Z,118.0,False,1365,34.0,6.0
647,UC3uJdwzlan5SSQJ-pC5qBqw,김태년TV ,ZbyXH0-xw7Q,"김어준 ""왜 국회의장에 출마 하셨습니까?""",2026-05-09T07:00:35Z,98.0,False,1360,53.0,0.0
647,UC3uJdwzlan5SSQJ-pC5qBqw,김태년TV ,K_0SOCRFcWE,화이팅 모음.zip,2026-05-10T00:18:06Z,30.0,True,968,21.0,3.0
647,UC3uJdwzlan5SSQJ-pC5qBqw,김태년TV ,GWP9RpSwB9I,다른 사람이 말하는 국회의장 후보 김태년의 역량은?,2026-05-10T01:46:44Z,176.0,False,12046,60.0,11.0
647,UC3uJdwzlan5SSQJ-pC5qBqw,김태년TV ,Cz7oNGlZU0k,"김어준 ""개헌, 김태년은 계획이 다 있어""",2026-05-10T04:52:31Z,106.0,False,2206,43.0,4.0
647,UC3uJdwzlan5SSQJ-pC5qBqw,김태년TV ,9YExrzAg_rM,모두가 놀란 김태년의 디테일?,2026-05-10T08:00:09Z,104.0,False,4919,92.0,3.0
647,UC3uJdwzlan5SSQJ-pC5qBqw,김태년TV ,u7VswSul9lk,삼프로TV가 인정한 국회의장 후보 김태년,2026-05-10T11:59:29Z,78.0,False,1011,33.0,1.0
647,UC3uJdwzlan5SSQJ-pC5qBqw,김태년TV ,Vlwgfcp3Dh4,당원들을 향한 김태년의 진심,2026-05-10T22:00:26Z,74.0,False,1405,40.0,0.0
647,UC3uJdwzlan5SSQJ-pC5qBqw,김태년TV ,CxPLUKuJ0go,"홍사훈 기자는 왜 ""김태년 바람이 분다""고 말했을까?",2026-05-11T01:28:17Z,36.0,True,2012,27.0,3.0
647,UC3uJdwzlan5SSQJ-pC5qBqw,김태년TV ,eOUpw4xRbP8,"김태년 ""멈추지 않는 국회 만든다!?""",2026-05-11T06:35:29Z,111.0,False,1834,22.0,0.0
647,UC3uJdwzlan5SSQJ-pC5qBqw,김태년TV ,Mgmd6W7_Nv0,국회의장 직속 민생경제전략 회의체는 무엇?,2026-05-11T10:00:36Z,112.0,False,103,8.0,0.0
647,UC3uJdwzlan5SSQJ-pC5qBqw,김태년TV ,2VsakjPTcjg,생산적 국회를 만들 국회의장 후보 김태년,2026-05-11T22:00:02Z,43.0,True,1135,29.0,0.0
647,UC3uJdwzlan5SSQJ-pC5qBqw,김태년TV ,sigGk6D1koY,당원투표 오늘 저녁 6시까지~ 김태년 화이팅!,2026-05-12T02:30:47Z,35.0,True,88,12.0,0.0
647,UC3uJdwzlan5SSQJ-pC5qBqw,김태년TV ,De3okZru6kU,김태년의 법안을 보면 코스피가 보인다?!,2026-05-12T04:46:42Z,118.0,False,992,20.0,1.0
647,UC3uJdwzlan5SSQJ-pC5qBqw,김태년TV ,KeDFkPIzRy4,"김태년 ""국회는 멈추지 않습니다!""",2026-05-12T07:54:10Z,98.0,False,1416,22.0,1.0
648,UC6gDux_xT9A4L2xoF7sq1Dw,안용진,juwM2HXRVdo,쁠렉신데이 flex in day $$$,2019-11-02T07:10:54Z,77.0,False,412,15.0,7.0
648,UC6gDux_xT9A4L2xoF7sq1Dw,안용진,jHpsVNCedzc,탈락작! 야놀자 29초 영화제 [한국경제신문 주최],2019-11-07T02:22:51Z,30.0,True,1059,17.0,8.0
648,UC6gDux_xT9A4L2xoF7sq1Dw,안용진,yzRuHpE1GfA,포켓몬스터 푸린의 잠깨는 음악 - 푸린 Remix (1시간 반복 재생),2019-11-10T11:34:05Z,3642.0,False,30240,442.0,58.0
648,UC6gDux_xT9A4L2xoF7sq1Dw,안용진,85niy661aHI,장려상작! G마켓 여행 광고 공모전 [G마켓 주최],2019-11-16T13:12:45Z,88.0,False,3139,40.0,22.0
648,UC6gDux_xT9A4L2xoF7sq1Dw,안용진,IRm4cxT75lQ,2등 수상작! 1위 해커스 광고 공모전 [해커스어학원 주최],2019-11-24T05:18:41Z,39.0,True,5987,49.0,31.0
648,UC6gDux_xT9A4L2xoF7sq1Dw,안용진,yDtdM3kZlfc,탈락작! 2019 이마트 디지털 아트 어워즈 [이마트 주최],2019-11-28T11:29:04Z,30.0,True,923,14.0,13.0
648,UC6gDux_xT9A4L2xoF7sq1Dw,안용진,5ePQvNs1ebM,2등 수상작! 제 1회 행복한 삶을 위한 마음치유 공모전 [강남구청 주최],2019-12-05T08:35:10Z,31.0,True,955,13.0,5.0
648,UC6gDux_xT9A4L2xoF7sq1Dw,안용진,zH0z4YWeW6s,"1등 수상작! 건전한 복권 문화 캠페인 영상 공모전 [MBC, 동행복권 주최]",2019-12-12T04:04:27Z,101.0,False,1913,23.0,3.0
648,UC6gDux_xT9A4L2xoF7sq1Dw,안용진,0ZVRza-ujXA,"공모전 상금 1,000만 원...? | 신한은행 공모전 도전기 (홍익대학교 3학년 작품)",2019-12-17T12:48:29Z,737.0,False,5039,99.0,33.0
648,UC6gDux_xT9A4L2xoF7sq1Dw,안용진,J4VUU_7k6ms,특별상작! 소소 공모전 [중소기업유통센터 주최],2019-12-20T13:00:04Z,76.0,False,824,14.0,4.0
648,UC6gDux_xT9A4L2xoF7sq1Dw,안용진,W6tfLNdoep4,탈락작! 드롭탑 925 열정 공모전 [다도글로벌 주최],2020-01-05T09:04:12Z,55.0,True,628,11.0,13.0
648,UC6gDux_xT9A4L2xoF7sq1Dw,안용진,Wn2o1lyNEss,2등 수상작! KBS 울산의 유산 UCC 공모전 [KBS 울산방송국 주최],2020-01-06T02:50:41Z,99.0,False,2029,32.0,16.0
648,UC6gDux_xT9A4L2xoF7sq1Dw,안용진,jqq4ILTWNv0,장려상작! 팜터지고 펀한 농업농촌 영상 공모전 [농정원 주최],2020-01-15T13:00:07Z,73.0,False,1761,29.0,14.0
648,UC6gDux_xT9A4L2xoF7sq1Dw,안용진,t86vcEvuat4,탈락작! 후라이드바삭킹 CM송 공모전 [도움 주최],2020-02-15T04:07:52Z,31.0,True,781,10.0,5.0
648,UC6gDux_xT9A4L2xoF7sq1Dw,안용진,hQ5bvvFHXyo,"1등 수상작, 제21대 국회의원선거 시청자가 만드는 깨알영상 공모전 [중앙선거관리위원회 주최]",2020-03-02T08:57:36Z,79.0,False,1913,31.0,4.0
648,UC6gDux_xT9A4L2xoF7sq1Dw,안용진,B9V5SzWUAoE,"출품작! 후이즈 도메인 광고 콘테스트 [후이즈, 하이스트 주최]",2020-03-12T03:13:29Z,43.0,True,806,10.0,0.0
648,UC6gDux_xT9A4L2xoF7sq1Dw,안용진,4SozUpw_aaQ,탈락작! 레모나 유튜브 공모전 [경남제약 주최],2020-03-15T09:08:22Z,56.0,True,2970,40.0,25.0
648,UC6gDux_xT9A4L2xoF7sq1Dw,안용진,IT4M2nGtkLM,탈락작! 스킨케어 세탁세제 라벨루 아이디어 영상 공모전 [통인에이치엔씨 주최],2020-03-19T14:36:23Z,31.0,True,613,12.0,7.0
648,UC6gDux_xT9A4L2xoF7sq1Dw,안용진,RLapiaXWDjU,탈락작! 동대문 엽기떡볶이 맶있어 챌린지 [핫시즈너 주최],2020-04-26T11:29:35Z,36.0,True,1913,20.0,11.0
648,UC6gDux_xT9A4L2xoF7sq1Dw,안용진,FV_svwAmkjo,3등 수상작! BNK금융 이체수수료 면제 UCC 공모전 [BNK금융 주최],2020-05-10T15:00:46Z,73.0,False,1393,48.0,20.0
648,UC6gDux_xT9A4L2xoF7sq1Dw,안용진,cPsb4lChX1g,4등 수상작! I·SEOUL·U와 함께하는 코로나19 극복·응원 콘텐츠 글로벌 공모전 [서울특별시 주최],2020-05-19T03:04:58Z,66.0,False,1749,21.0,8.0
648,UC6gDux_xT9A4L2xoF7sq1Dw,안용진,MH8o-PcVvw4,끝말잇기 고백,2020-05-21T10:07:33Z,63.0,False,557,13.0,3.0
648,UC6gDux_xT9A4L2xoF7sq1Dw,안용진,j49DRcESEzA,1등 수상작! 이노핏 홍보영상 공모전 [이노핏 주최],2020-06-09T10:16:19Z,34.0,True,4034,25.0,13.0
648,UC6gDux_xT9A4L2xoF7sq1Dw,안용진,v5hxK5duug4,입선작! 랜덤 여행 공모전 [캐스트잼 주최],2020-06-12T09:49:53Z,62.0,False,964,14.0,8.0
648,UC6gDux_xT9A4L2xoF7sq1Dw,안용진,KBHmgMXXVxk,퉁퉁이 클래식 - 짜증날 수 있는 음악 #도라에몽 #만퉁퉁,2020-06-14T04:04:31Z,65.0,False,3137,36.0,10.0
648,UC6gDux_xT9A4L2xoF7sq1Dw,안용진,85RYSio5Ub8,장려상 수상작! NH농협손해보험 아무영상 챌린지 [NH농협손해보험 주최],2020-07-07T12:45:36Z,69.0,False,1134,24.0,11.0
648,UC6gDux_xT9A4L2xoF7sq1Dw,안용진,_joJta98WZQ,탈락작! 2020 아리수 콘텐츠 공모전 [서울특별시 주최],2020-07-10T16:13:24Z,58.0,True,1139,22.0,5.0
648,UC6gDux_xT9A4L2xoF7sq1Dw,안용진,jVNR5k7-YSo,개인작! 쓰레기 분리배출 잘 하고 계신가요? [인포그래픽],2020-07-18T15:24:26Z,84.0,False,2377,36.0,7.0
648,UC6gDux_xT9A4L2xoF7sq1Dw,안용진,yHbZekr8J9s,2등 수상작! 신협 체크카드 홍보영상 공모전 [신협 주최],2020-08-30T05:45:54Z,55.0,True,3502,79.0,15.0
648,UC6gDux_xT9A4L2xoF7sq1Dw,안용진,pCkyLYQH32o,공모전 영상들 비추 좀 고만 눌러줘,2020-09-29T16:32:15Z,71.0,False,1047,38.0,18.0
648,UC6gDux_xT9A4L2xoF7sq1Dw,안용진,Sa_mw6vj40c,1등 수상작! 이마트24 한입만피자 인증샷 이벤트 [이마트24 주최],2020-10-29T10:01:45Z,25.0,True,1385,21.0,7.0
648,UC6gDux_xT9A4L2xoF7sq1Dw,안용진,-XvDOW99Z8g,장려상 수상작! 역전할머니맥주 제 1회 UCC 공모전 [역전할머니맥주 주최],2020-10-30T18:05:01Z,80.0,False,1693,26.0,16.0
648,UC6gDux_xT9A4L2xoF7sq1Dw,안용진,--JYmTdhWOM,폰트 좀 바꿔주세요~ (모션그래픽 MV),2020-12-13T15:16:59Z,61.0,False,982,35.0,28.0
648,UC6gDux_xT9A4L2xoF7sq1Dw,안용진,BAzxdWzwl5c,공모전 난 왜 탈락만 해..? | 신협체크카드 홍보영상 공모전 도전기 (홍익대학교 졸업작품),2020-12-24T12:00:08Z,1373.0,False,8475,236.0,57.0
648,UC6gDux_xT9A4L2xoF7sq1Dw,안용진,fZTdFFye5XY,철벽남 (5만 원 MV),2021-02-26T13:00:27Z,126.0,False,784,17.0,8.0
648,UC6gDux_xT9A4L2xoF7sq1Dw,안용진,EoawMGX3lgY,장려상 수상작! 티몬 유튜브각 챌린지 [타임커머스 티몬 주최],2021-03-19T09:09:42Z,101.0,False,1861,44.0,25.0
648,UC6gDux_xT9A4L2xoF7sq1Dw,안용진,8Pnz4OaDkns,탈락작! 2050 탄소중립 영상공모전 [환경부 주최],2021-05-06T12:32:00Z,31.0,True,1452,16.0,5.0
648,UC6gDux_xT9A4L2xoF7sq1Dw,안용진,oX-_xGVLIK0,탈락작! 투썸플레이스 이모티콘 공모전 [투썸플레이스 주최],2021-05-10T04:31:47Z,43.0,True,997,16.0,4.0
648,UC6gDux_xT9A4L2xoF7sq1Dw,안용진,porZhPxpvEY,울산의유산 UCC 공모전이 열립니다🥰 (홍보영상),2021-05-14T08:04:22Z,41.0,True,942,16.0,8.0
648,UC6gDux_xT9A4L2xoF7sq1Dw,안용진,6LSBK3XT68E,탈락작! 음이온 가공제품 안전소비 공모전 [원자력안전위원회 주최],2021-05-23T04:08:03Z,69.0,False,610,16.0,6.0
648,UC6gDux_xT9A4L2xoF7sq1Dw,안용진,u210josj_dM,영상제작PD 용진 쇼릴 2016-2021 | YONGJIN SHOWREEL,2021-05-27T07:05:11Z,177.0,False,3670,45.0,25.0
648,UC6gDux_xT9A4L2xoF7sq1Dw,안용진,rZaINL8B06o,테스트 영상 // 용진 에프터이펙트 강좌(?) '신협 어부바체크카드 수상작' 장면 만들기,2021-06-29T06:47:32Z,825.0,False,639,33.0,13.0
648,UC6gDux_xT9A4L2xoF7sq1Dw,안용진,5nEvqw0KGi8,2등 수상작! 함께 만드는 푸른하늘 콘텐츠 공모전 [환경부 주최],2021-08-13T13:29:34Z,121.0,False,1890,41.0,16.0
648,UC6gDux_xT9A4L2xoF7sq1Dw,안용진,F-UhqXl3sjM,탈락작! 몇 회더라 한국지역난방공사 공모전 [한난 주최],2021-09-18T13:46:54Z,60.0,True,994,18.0,13.0
648,UC6gDux_xT9A4L2xoF7sq1Dw,안용진,OvpDtykDcwM,백수 때 만든 노래 '나는 갓수',2021-12-14T10:37:05Z,175.0,False,665,22.0,15.0
648,UC6gDux_xT9A4L2xoF7sq1Dw,안용진,bbFObbNlCVE,구독경제 #Shorts #구독경제 #은행잔고,2021-12-25T07:43:36Z,43.0,True,1406,32.0,9.0
648,UC6gDux_xT9A4L2xoF7sq1Dw,안용진,WCaJM3IvonE,"아니, 클래스101XADOBE 브랜디드 콘텐츠를 찍는다고요?! | 공모전킹 브이로그",2022-03-01T14:01:44Z,334.0,False,987,25.0,24.0
648,UC6gDux_xT9A4L2xoF7sq1Dw,안용진,cZnHT3j5jyA,KBS울산의유산 공모전에서 매년 이렇게 창작의 기회를 주시니 행복🥹,2022-05-17T11:58:44Z,46.0,True,1181,24.0,13.0
648,UC6gDux_xT9A4L2xoF7sq1Dw,안용진,1kC4OCPRWLo,"꽝, 탈락 없는 공모전 플랫폼이 있다..?😬 (하이스트 공모전 플랫폼 홍보영상)",2022-12-26T09:30:00Z,83.0,False,987,23.0,7.0
648,UC6gDux_xT9A4L2xoF7sq1Dw,안용진,w2rSRd7NJG8,용진PD 쇼릴 (영상디자이너 포트폴리오) | SHOWREEL,2024-04-01T13:27:12Z,110.0,False,1059,25.0,4.0
649,UCJWIE5SiWBkU0flPSHwBkQw,한끼식사M,AAihO2e1-Pg,랑그릿사] 이게 탱커지!! 단일덱대회 제국맨!,2021-01-21T09:53:48Z,320.0,False,1682,15.0,7.0
649,UCJWIE5SiWBkU0flPSHwBkQw,한끼식사M,rU6c_yLF2R8,랑그릿사] 나오자마자 6성!? 로자리아!! 뉴 탱커버스터 장인초대석!,2021-02-02T07:23:57Z,240.0,False,1727,22.0,0.0
649,UCJWIE5SiWBkU0flPSHwBkQw,한끼식사M,gkJDxN4mo-Q,"랑그릿사] ""진짜""적폐를 가리자! 5픽고정 아레스 팀 vs 5픽고정 린 팀!!",2021-02-15T07:59:27Z,4631.0,False,436,12.0,2.0
649,UCJWIE5SiWBkU0flPSHwBkQw,한끼식사M,HcKQAnW2K04,랑그릿사] -틀-에게 처음 당해봤습니다!! 뭔 과속방지턱을 깔고 앉았어!?,2021-02-19T03:18:59Z,279.0,False,1833,16.0,3.0
649,UCJWIE5SiWBkU0flPSHwBkQw,한끼식사M,cOY46hobQ_Y,랑그릿사] 적장의 목을 한방에! 역대 관우라인 캐릭터 계보!!,2021-08-10T10:57:55Z,379.0,False,2221,54.0,33.0
649,UCJWIE5SiWBkU0flPSHwBkQw,한끼식사M,8fBLkvr2Hck,드디어 잡힌 복귀각...? 제국떡상에 발맞춘 그 외침의 귀환!?,2021-08-10T11:06:30Z,327.0,False,1147,49.0,37.0
649,UCJWIE5SiWBkU0flPSHwBkQw,한끼식사M,8omx_UexToQ,랑그릿사] 전략덱.....  그런거 하면 안되는 이유..,2021-08-20T13:51:34Z,250.0,False,3979,104.0,38.0
649,UCJWIE5SiWBkU0flPSHwBkQw,한끼식사M,pLViJjlG7qE,랑그릿사] 우리딸이 애매한 이유..8ㅅ 8;;,2021-08-27T08:26:28Z,297.0,False,2139,64.0,32.0
649,UCJWIE5SiWBkU0flPSHwBkQw,한끼식사M,9rzji0H306Y,던파M] 지금 핫한 에픽방어구세트 TOP 5!,2022-04-05T14:29:04Z,273.0,False,35940,102.0,62.0
649,UCJWIE5SiWBkU0flPSHwBkQw,한끼식사M,udlX3_MkQCc,던파M] 스트라이커 결투장 콤보 가이드! 문자단까진 Sharp가능!,2022-04-05T14:34:07Z,253.0,False,7634,45.0,37.0
649,UCJWIE5SiWBkU0flPSHwBkQw,한끼식사M,fmXy3_fWtBA,던파M] 스트라이커 시작전 필수공략 마스터가이드!!,2022-04-05T14:35:26Z,231.0,False,35119,274.0,113.0
649,UCJWIE5SiWBkU0flPSHwBkQw,한끼식사M,vUzvCp--wXY,던파M] 자주 질문주시는 내용 정리 TOP 5!,2022-04-05T14:40:38Z,269.0,False,6263,35.0,25.0
649,UCJWIE5SiWBkU0flPSHwBkQw,한끼식사M,H4DKMUqTBtk,던파M] 역대급 재미! 고대던전 환영극단 모든던전 공략!!,2022-04-05T14:48:52Z,325.0,False,43796,328.0,67.0
649,UCJWIE5SiWBkU0flPSHwBkQw,한끼식사M,4irjlckxQPw,던파M] 환영극단 상자 33개를 모아서 까보았다! 과연 확률은...?,2022-04-06T12:43:47Z,135.0,False,3972,13.0,9.0
649,UCJWIE5SiWBkU0flPSHwBkQw,한끼식사M,8yxqKPsuQIM,던파M] 진:왕유 등장!! 패턴부터 보상까지 모든공략 A to Z.,2022-04-07T02:46:06Z,274.0,False,4235,46.0,29.0
649,UCJWIE5SiWBkU0flPSHwBkQw,한끼식사M,LoddpA7WJhk,던파M] 이 꿀팁은 미쳤습니다!! 개부자 되는 광부법!! 필히 시청하실 것!,2022-04-07T08:50:24Z,56.0,True,4165,23.0,10.0
649,UCJWIE5SiWBkU0flPSHwBkQw,한끼식사M,SK72gOtY1jY,던파M] 아수라 너프후 레인저 떡상!? 4월 둘쨋주 결투장 랭킹 순위!!,2022-04-12T09:41:23Z,392.0,False,2770,21.0,23.0
649,UCJWIE5SiWBkU0flPSHwBkQw,한끼식사M,9NOh9DKJGwo,"던파M] 이 게임을 ""그 회사""가 만들었다면 바뀌었을 5가지 것들.",2022-04-14T07:18:55Z,238.0,False,4271,30.0,34.0
649,UCJWIE5SiWBkU0flPSHwBkQw,한끼식사M,K_xZYJrCimw,던파M] 로터스 레이드 대비! 헬 한바퀴 안돌고도 레이드 가는 시너지캐릭터들! 마스터가이드.,2022-04-16T11:44:33Z,483.0,False,25327,192.0,104.0
649,UCJWIE5SiWBkU0flPSHwBkQw,한끼식사M,c-5Pa0Ns8eE,던파 M] 42당 딜증가 1%!? 우리가 몰랐던 적중률에 대한 꿀팁!!,2022-04-17T10:29:41Z,168.0,False,21632,80.0,64.0
649,UCJWIE5SiWBkU0flPSHwBkQw,한끼식사M,SNoIvqBbINw,던파M] 전직업 클릭시 나오는 대사 모음집!!,2022-04-20T03:38:57Z,168.0,False,731,12.0,3.0
649,UCJWIE5SiWBkU0flPSHwBkQw,한끼식사M,Bu2MqBDEF1g,던파 M] 중국이 또!? 던파 로그인창 BGM에 불법으로 저작권이 걸렸다!!,2022-04-20T05:46:10Z,100.0,False,853,17.0,8.0
649,UCJWIE5SiWBkU0flPSHwBkQw,한끼식사M,PeWS9hOC63w,던파M] 최종컨텐츠! 산등성이 캐릭 현명하게 늘리는 방법!,2022-04-23T06:30:06Z,248.0,False,25711,145.0,80.0
649,UCJWIE5SiWBkU0flPSHwBkQw,한끼식사M,oG_yZI4hJtw,던파M] 마스터리 패치라고!? 갑자기 날아오른 십자가!,2022-04-23T08:15:17Z,63.0,False,8287,30.0,40.0
649,UCJWIE5SiWBkU0flPSHwBkQw,한끼식사M,PMv1B6YKihA,던파M] 대규모 업데이트!! 4월 28일이 되면 패치되는 내용 총정리!,2022-04-26T08:00:07Z,222.0,False,40701,175.0,149.0
649,UCJWIE5SiWBkU0flPSHwBkQw,한끼식사M,Xvo17lyVYHU,던파M] 에픽 확정드랍 시스템을 예측해보자!,2022-04-27T14:35:40Z,69.0,False,7788,51.0,25.0
649,UCJWIE5SiWBkU0flPSHwBkQw,한끼식사M,XUpegpj2Vm8,던파M] 4월 28일 패치내역 3분요약! 가장 빠르게 라츠고!,2022-04-28T05:17:09Z,231.0,False,2299,31.0,14.0
649,UCJWIE5SiWBkU0flPSHwBkQw,한끼식사M,hhZLKrNXVUo,던파M] 5분만에 보는 로터스 타코야끼 제조법! 레이드 공략!!,2022-04-29T05:28:05Z,311.0,False,14359,175.0,78.0
649,UCJWIE5SiWBkU0flPSHwBkQw,한끼식사M,HLXQBOuBXO4,던파M] 에픽 초돌을 무기에 쓰면 좋지않은점 3가지,2022-04-30T07:24:56Z,114.0,False,11306,50.0,45.0
649,UCJWIE5SiWBkU0flPSHwBkQw,한끼식사M,bfvvdq_OblU,던파M] 5월 첫주 결투장 랭킹! 대규모 패치 후 떡상한 캐릭은!?,2022-05-04T10:19:07Z,282.0,False,3078,21.0,23.0
649,UCJWIE5SiWBkU0flPSHwBkQw,한끼식사M,zZiHJmVF2pA,던파M] 무기에픽초돌 이벤트!? 초월 추천무기 TOP 5!!,2022-05-05T04:21:18Z,329.0,False,37509,171.0,167.0
649,UCJWIE5SiWBkU0flPSHwBkQw,한끼식사M,LBHg8FSjM9I,던파M] 잔바리 에픽셋옵 떡상 하나!? 5월 6일 개발자 노트!,2022-05-07T04:39:49Z,148.0,False,5989,49.0,33.0
649,UCJWIE5SiWBkU0flPSHwBkQw,한끼식사M,CjCHgrd6yVU,던파모바일] 개선이 필요한 에픽세트 TOP 5!,2022-05-15T02:39:52Z,237.0,False,5636,28.0,46.0
649,UCJWIE5SiWBkU0flPSHwBkQw,한끼식사M,XuZIc9p4HtM,던파M] 또 대규모 업데이트!? 19일 패치예정내용 총정리!,2022-05-17T08:30:09Z,171.0,False,20902,137.0,80.0
649,UCJWIE5SiWBkU0flPSHwBkQw,한끼식사M,LIyc_y4m_ng,던파M] 에픽옵션 개편!! 과연 떡상한 에픽 TOP 5는!?,2022-05-19T06:16:27Z,188.0,False,10916,51.0,56.0
649,UCJWIE5SiWBkU0flPSHwBkQw,한끼식사M,MOoZEnHJW2k,실화냐..!? 파랜드택틱스 똑닮은 모바일SRPG 소드오브 콘발라리아!,2023-05-24T06:24:04Z,204.0,False,27233,120.0,45.0
649,UCJWIE5SiWBkU0flPSHwBkQw,한끼식사M,2LzyJFQU56g,도트감성 끝판왕 SRPG게임이 나온다고!? 미리 보자! 소드 오브 콘발라리아 사전정보!,2023-09-16T09:00:01Z,448.0,False,2277,33.0,24.0
649,UCJWIE5SiWBkU0flPSHwBkQw,한끼식사M,PSbtxXzjauI,2년만입니다! 소드오브콘발라리아 재밌네요 ㅎㅎ,2024-08-05T03:29:01Z,7147.0,False,232,1.0,3.0
649,UCJWIE5SiWBkU0flPSHwBkQw,한끼식사M,rbbZRuz4knI,2년만입니다! 소드오브콘발라리아 재밌네요 ㅎㅎ,2024-08-06T03:42:29Z,5753.0,False,462,9.0,2.0
649,UCJWIE5SiWBkU0flPSHwBkQw,한끼식사M,s6rZMqcNBio,소드오브 콘발라리아 3일차 방송맨,2024-08-06T14:27:32Z,8149.0,False,611,12.0,2.0
649,UCJWIE5SiWBkU0flPSHwBkQw,한끼식사M,y5uYjDgWT2Y,삼천만년만에 랑그릿사 방송! 그래서 나 뭐해야됨?ㅋ,2024-09-04T15:11:00Z,11590.0,False,637,21.0,6.0
649,UCJWIE5SiWBkU0flPSHwBkQw,한끼식사M,yXuip-yU-0I,서어어어어어어밋 재활운동중.,2024-09-07T15:35:20Z,11111.0,False,283,10.0,2.0
649,UCJWIE5SiWBkU0flPSHwBkQw,한끼식사M,bumqRlZcFAw,월요일 서밋 안열리잖아!? 재활훈련 도와주실 분..ㅠㅠ,2024-09-09T17:21:17Z,11955.0,False,230,6.0,0.0
649,UCJWIE5SiWBkU0flPSHwBkQw,한끼식사M,NyfocWVf0r4,킁킁..어디서 뉴비냄새 안나요? 랑모 복린이의 골드도전!,2024-09-13T14:25:00Z,9164.0,False,544,9.0,2.0
649,UCJWIE5SiWBkU0flPSHwBkQw,한끼식사M,_0wll69jWzU,랑그릿사] 서밋 재활훈련! 골드 가즈아!,2024-09-15T02:23:22Z,6631.0,False,302,8.0,0.0
649,UCJWIE5SiWBkU0flPSHwBkQw,한끼식사M,0LotiTz9Jbg,랑그릿사] 15인 제국덱 연습중...,2024-09-15T15:09:50Z,7446.0,False,451,7.0,0.0
649,UCJWIE5SiWBkU0flPSHwBkQw,한끼식사M,F_yjk0MFh8w,랑그릿사] 빙멜다 대리뽑 예약받읍니다~!,2024-09-20T14:41:48Z,7735.0,False,355,6.0,0.0
649,UCJWIE5SiWBkU0flPSHwBkQw,한끼식사M,s5GqwcQwMgs,랑그릿사] 빙멜다 대리뽑 갑니다~! 많은 신청 부탁드립니다!,2024-09-25T04:36:08Z,10088.0,False,508,5.0,0.0
649,UCJWIE5SiWBkU0flPSHwBkQw,한끼식사M,tP1_s8675hY,랑그릿사] 내가누구? 빙멜다 5성 오우너,2024-09-26T00:40:15Z,4062.0,False,309,9.0,1.0
649,UCJWIE5SiWBkU0flPSHwBkQw,한끼식사M,DqmU6hClrq0,랑그릿사] 빙멜다도 뽑았고! 각성자도 뽑았고! 나! 강해진다!!,2024-10-03T02:33:50Z,5852.0,False,544,9.0,2.0
